2026-08-10 19:36:42   In order to get an optimal performance, hyperthreading is ignored for parallel
                      computations.

                      ------------------------------------------------------------------------------
2026-08-10 19:36:44   
                      ------------------------------------------------------------------------------
2026-08-10 19:36:44   Units settings: 

                        Dimensions: um
                        Frequency:  THz
                        Time:       ps

                      ------------------------------------------------------------------------------
2026-08-10 19:36:44   Boundary conditions: 

                        YZsymmetry: none
                        XZsymmetry: none
                        XYsymmetry: none

                        Xmin: unit cell
                        Xmax: unit cell

                        Ymin: unit cell
                        Ymax: unit cell

                        Zmin: expanded open
                        Zmax: expanded open

                      ------------------------------------------------------------------------------
2026-08-10 19:36:44   Order settings: 

                        Solver order   : 2nd (constant)
                        Curved elements: up to order 3 (automatic)

                      ------------------------------------------------------------------------------
2026-08-10 19:36:44     Mesh time                :	1 s


                      ------------------------------------------------------------------------------
2026-08-10 19:36:45   
                      ================================================================================
                      Frequency Domain Solver calculation cycle started

                      ------------------------------------------------------------------------------
2026-08-10 19:36:45   Solver started at: 2026-08-10 19:36:45 -0400

                        Module:  Frequency Domain: S-Parameter (Win 64)
                        Version: 2026.0 Release from 2025-08-29 (change 1465899)

                        Free disk space at solver start is 283 GB.


                      ------------------------------------------------------------------------------
2026-08-10 19:36:45   An iterative solver will be used first.

                      ------------------------------------------------------------------------------
2026-08-10 19:36:45   The wavelength based mesh refinement has been applied to 8.8% of all mesh edges.

                      ------------------------------------------------------------------------------
2026-08-10 19:36:45   The low frequency stabilization is not applied to periodic problems.

                      ------------------------------------------------------------------------------
2026-08-10 19:36:45     Calculation 1 (Frequency: 34 THz, Theta: 0, Phi: 0)


                      ------------------------------------------------------------------------------
2026-08-10 19:36:45   Running the PortModeSolver.

                      ------------------------------------------------------------------------------
2026-08-10 19:36:46   Adaptive mesh refinement pass 1

                      ------------------------------------------------------------------------------
2026-08-10 19:36:47     Matrix setup time        :	0 s
                        Degrees of freedom       :	74520
                        Number of mesh cells     :	11052

                        Stimulation port         :	Zmin
                        Mode number              :	1
                        Accuracy                 :	8.51365e-05
                        Iterations               :	27
                        Solver time              :	0 s


                      ------------------------------------------------------------------------------
2026-08-10 19:36:47   8% of all mesh edges seem to be longer than expected. The adaptive mesh refinement's growth limitation will therefore 
                      use 16712 instead of 6844 mesh cells as a reference.

                      ------------------------------------------------------------------------------
2026-08-10 19:36:47   The wavelength based mesh refinement has been applied to 0.5% of all mesh edges.

                      ------------------------------------------------------------------------------
2026-08-10 19:36:48   Adaptive mesh refinement pass 2

                      ------------------------------------------------------------------------------
2026-08-10 19:36:50     Matrix setup time        :	0 s
                        Degrees of freedom       :	111794
                        Number of mesh cells     :	16759

                        Stimulation port         :	Zmin
                        Mode number              :	1
                        Accuracy                 :	9.73111e-05
                        Iterations               :	27
                        Solver time              :	1 s


                      ------------------------------------------------------------------------------
2026-08-10 19:36:50     Delta calculation        
2026-08-10 19:36:50     All S-Parameters         :	0.0394287
2026-08-10 19:36:50   

                      ------------------------------------------------------------------------------
2026-08-10 19:36:50   Adaptive mesh refinement pass 3

                      ------------------------------------------------------------------------------
2026-08-10 19:36:52     Matrix setup time        :	0 s
                        Degrees of freedom       :	147442
                        Number of mesh cells     :	22059

                        Stimulation port         :	Zmin
                        Mode number              :	1
                        Accuracy                 :	9.81128e-05
                        Iterations               :	24
                        Solver time              :	1 s


                      ------------------------------------------------------------------------------
2026-08-10 19:36:53     Delta calculation        
2026-08-10 19:36:53     All S-Parameters         :	0.00823059
2026-08-10 19:36:53   

                      ------------------------------------------------------------------------------
2026-08-10 19:36:53   Mesh adaptation terminated because the desired accuracy limit is reached.

                      ------------------------------------------------------------------------------
2026-08-10 19:36:53     Total time               :	7 s

                      ------------------------------------------------------------------------------
2026-08-10 19:36:53   

                      ------------------------------------------------------------------------------
2026-08-10 19:36:53     Calculation 2 (Frequency: 10 THz, Theta: 0, Phi: 0)


                      ------------------------------------------------------------------------------
2026-08-10 19:36:53   Running the PortModeSolver.

                      ------------------------------------------------------------------------------
2026-08-10 19:36:54   Adaptive mesh refinement pass 1

                      ------------------------------------------------------------------------------
2026-08-10 19:36:55     Matrix setup time        :	0 s
                        Degrees of freedom       :	147442
                        Number of mesh cells     :	22059

                        Stimulation port         :	Zmin
                        Mode number              :	1
                        Accuracy                 :	8.9432e-05
                        Iterations               :	13
                        Solver time              :	0 s


                      ------------------------------------------------------------------------------
2026-08-10 19:36:55   Adaptive mesh refinement pass 2

                      ------------------------------------------------------------------------------
2026-08-10 19:36:57     Matrix setup time        :	0 s
                        Degrees of freedom       :	158786
                        Number of mesh cells     :	23792

                        Stimulation port         :	Zmin
                        Mode number              :	1
                        Accuracy                 :	9.74501e-05
                        Iterations               :	13
                        Solver time              :	0 s


                      ------------------------------------------------------------------------------
2026-08-10 19:36:57     Delta calculation        
2026-08-10 19:36:57     All S-Parameters         :	0.0088794
2026-08-10 19:36:57   

                      ------------------------------------------------------------------------------
2026-08-10 19:36:58   Adaptive mesh refinement pass 3

                      ------------------------------------------------------------------------------
2026-08-10 19:37:00     Matrix setup time        :	0 s
                        Degrees of freedom       :	187766
                        Number of mesh cells     :	28237

                        Stimulation port         :	Zmin
                        Mode number              :	1
                        Accuracy                 :	8.31629e-05
                        Iterations               :	13
                        Solver time              :	1 s


                      ------------------------------------------------------------------------------
2026-08-10 19:37:00     Delta calculation        
2026-08-10 19:37:00     All S-Parameters         :	0.00521054
2026-08-10 19:37:00   

                      ------------------------------------------------------------------------------
2026-08-10 19:37:00   Mesh adaptation terminated because the desired accuracy limit is reached.

                      ------------------------------------------------------------------------------
2026-08-10 19:37:00     Total time               :	7 s

                      ------------------------------------------------------------------------------
2026-08-10 19:37:00   

                      ------------------------------------------------------------------------------
2026-08-10 19:37:00     Calculation 3 (Frequency: 22 THz, Theta: 0, Phi: 0)


                      ------------------------------------------------------------------------------
2026-08-10 19:37:00   Running the PortModeSolver.

                      ------------------------------------------------------------------------------
2026-08-10 19:37:01   Adaptive mesh refinement pass 1

                      ------------------------------------------------------------------------------
2026-08-10 19:37:03     Matrix setup time        :	0 s
                        Degrees of freedom       :	187766
                        Number of mesh cells     :	28237

                        Stimulation port         :	Zmin
                        Mode number              :	1
                        Accuracy                 :	9.12632e-05
                        Iterations               :	19
                        Solver time              :	1 s


                      ------------------------------------------------------------------------------
2026-08-10 19:37:04   Adaptive mesh refinement pass 2

                      ------------------------------------------------------------------------------
2026-08-10 19:37:07     Matrix setup time        :	0 s
                        Degrees of freedom       :	222340
                        Number of mesh cells     :	33488

                        Stimulation port         :	Zmin
                        Mode number              :	1
                        Accuracy                 :	7.9633e-05
                        Iterations               :	17
                        Solver time              :	1 s


                      ------------------------------------------------------------------------------
2026-08-10 19:37:07     Delta calculation        
2026-08-10 19:37:07     All S-Parameters         :	0.0194371
2026-08-10 19:37:07   

                      ------------------------------------------------------------------------------
2026-08-10 19:37:08   Adaptive mesh refinement pass 3

                      ------------------------------------------------------------------------------
2026-08-10 19:37:11     Matrix setup time        :	0 s
                        Degrees of freedom       :	258188
                        Number of mesh cells     :	38903

                        Stimulation port         :	Zmin
                        Mode number              :	1
                        Accuracy                 :	7.97522e-05
                        Iterations               :	17
                        Solver time              :	1 s


                      ------------------------------------------------------------------------------
2026-08-10 19:37:11     Delta calculation        
2026-08-10 19:37:11     All S-Parameters         :	0.00518567
2026-08-10 19:37:11   

                      ------------------------------------------------------------------------------
2026-08-10 19:37:11   Mesh adaptation terminated because the desired accuracy limit is reached.

                      ------------------------------------------------------------------------------
2026-08-10 19:37:11     Total time               :	11 s

                      ------------------------------------------------------------------------------
2026-08-10 19:37:11   

                      ------------------------------------------------------------------------------
2026-08-10 19:37:11     Calculation 4 (Frequency: 18.5497 THz, Theta: 0, Phi: 0)


                      ------------------------------------------------------------------------------
2026-08-10 19:37:11   Running the PortModeSolver.

                      ------------------------------------------------------------------------------
2026-08-10 19:37:12   Adaptive mesh refinement pass 1

                      ------------------------------------------------------------------------------
2026-08-10 19:37:15     Matrix setup time        :	0 s
                        Degrees of freedom       :	258188
                        Number of mesh cells     :	38903

                        Stimulation port         :	Zmin
                        Mode number              :	1
                        Accuracy                 :	9.16944e-05
                        Iterations               :	19
                        Solver time              :	2 s


                      ------------------------------------------------------------------------------
2026-08-10 19:37:15   The input reflection seems to be large at 18.5497 THz, Theta: 0, Phi: 0.  More...

                      ------------------------------------------------------------------------------
2026-08-10 19:37:16   Adaptive mesh refinement pass 2

                      ------------------------------------------------------------------------------
2026-08-10 19:37:20     Matrix setup time        :	0 s
                        Degrees of freedom       :	304608
                        Number of mesh cells     :	45958

                        Stimulation port         :	Zmin
                        Mode number              :	1
                        Accuracy                 :	7.55965e-05
                        Iterations               :	19
                        Solver time              :	2 s


                      ------------------------------------------------------------------------------
2026-08-10 19:37:20     Delta calculation        
2026-08-10 19:37:20     All S-Parameters         :	0.0179852
2026-08-10 19:37:20   

                      ------------------------------------------------------------------------------
2026-08-10 19:37:21   Adaptive mesh refinement pass 3

                      ------------------------------------------------------------------------------
2026-08-10 19:37:25     Matrix setup time        :	0 s
                        Degrees of freedom       :	340048
                        Number of mesh cells     :	51311

                        Stimulation port         :	Zmin
                        Mode number              :	1
                        Accuracy                 :	6.4392e-05
                        Iterations               :	17
                        Solver time              :	2 s


                      ------------------------------------------------------------------------------
2026-08-10 19:37:25     Delta calculation        
2026-08-10 19:37:25     All S-Parameters         :	0.0011712
2026-08-10 19:37:25   

                      ------------------------------------------------------------------------------
2026-08-10 19:37:25   Mesh adaptation terminated because the desired accuracy limit is reached.

                      ------------------------------------------------------------------------------
2026-08-10 19:37:26     Total time               :	14 s

                      ------------------------------------------------------------------------------
2026-08-10 19:37:26   

                      ------------------------------------------------------------------------------
2026-08-10 19:37:26     Calculation 5 (Frequency: 18.9244 THz, Theta: 0, Phi: 0)


                      ------------------------------------------------------------------------------
2026-08-10 19:37:26   Running the PortModeSolver.

                      ------------------------------------------------------------------------------
2026-08-10 19:37:27   Adaptive mesh refinement pass 1

                      ------------------------------------------------------------------------------
2026-08-10 19:37:30     Matrix setup time        :	0 s
                        Degrees of freedom       :	340048
                        Number of mesh cells     :	51311

                        Stimulation port         :	Zmin
                        Mode number              :	1
                        Accuracy                 :	7.58883e-05
                        Iterations               :	19
                        Solver time              :	2 s


                      ------------------------------------------------------------------------------
2026-08-10 19:37:30   The input reflection seems to be large at 18.9244 THz, Theta: 0, Phi: 0.  More...

                      ------------------------------------------------------------------------------
2026-08-10 19:37:32   Adaptive mesh refinement pass 2

                      ------------------------------------------------------------------------------
2026-08-10 19:37:36     Matrix setup time        :	0 s
                        Degrees of freedom       :	375276
                        Number of mesh cells     :	56616

                        Stimulation port         :	Zmin
                        Mode number              :	1
                        Accuracy                 :	8.17536e-05
                        Iterations               :	18
                        Solver time              :	2 s


                      ------------------------------------------------------------------------------
2026-08-10 19:37:36     Delta calculation        
2026-08-10 19:37:36     All S-Parameters         :	0.000671741
2026-08-10 19:37:36   

                      ------------------------------------------------------------------------------
2026-08-10 19:37:38   Adaptive mesh refinement pass 3

                      ------------------------------------------------------------------------------
2026-08-10 19:37:43     Matrix setup time        :	0 s
                        Degrees of freedom       :	410196
                        Number of mesh cells     :	61923

                        Stimulation port         :	Zmin
                        Mode number              :	1
                        Accuracy                 :	7.95085e-05
                        Iterations               :	17
                        Solver time              :	3 s


                      ------------------------------------------------------------------------------
2026-08-10 19:37:43     Delta calculation        
2026-08-10 19:37:43     All S-Parameters         :	0.000893128
2026-08-10 19:37:43   

                      ------------------------------------------------------------------------------
2026-08-10 19:37:43   Mesh adaptation terminated because the desired accuracy limit is reached.

                      ------------------------------------------------------------------------------
2026-08-10 19:37:43     Total time               :	17 s

                      ------------------------------------------------------------------------------
2026-08-10 19:37:43   

                      ------------------------------------------------------------------------------
2026-08-10 19:37:43     Calculation 6 (Frequency: 26.3108 THz, Theta: 0, Phi: 0)


                      ------------------------------------------------------------------------------
2026-08-10 19:37:43   Running the PortModeSolver.

                      ------------------------------------------------------------------------------
2026-08-10 19:37:44   Adaptive mesh refinement pass 1

                      ------------------------------------------------------------------------------
2026-08-10 19:37:48     Matrix setup time        :	0 s
                        Degrees of freedom       :	410196
                        Number of mesh cells     :	61923

                        Stimulation port         :	Zmin
                        Mode number              :	1
                        Accuracy                 :	9.27581e-05
                        Iterations               :	19
                        Solver time              :	3 s


                      ------------------------------------------------------------------------------
2026-08-10 19:37:49   The input reflection seems to be large at 26.3108 THz, Theta: 0, Phi: 0.  More...

                      ------------------------------------------------------------------------------
2026-08-10 19:37:50   Adaptive mesh refinement pass 2

                      ------------------------------------------------------------------------------
2026-08-10 19:37:56     Matrix setup time        :	1 s
                        Degrees of freedom       :	444718
                        Number of mesh cells     :	67200

                        Stimulation port         :	Zmin
                        Mode number              :	1
                        Accuracy                 :	8.36752e-05
                        Iterations               :	18
                        Solver time              :	3 s


                      ------------------------------------------------------------------------------
2026-08-10 19:37:56     Delta calculation        
2026-08-10 19:37:56     All S-Parameters         :	0.00081755
2026-08-10 19:37:56   

                      ------------------------------------------------------------------------------
2026-08-10 19:37:58   Adaptive mesh refinement pass 3

                      ------------------------------------------------------------------------------
2026-08-10 19:38:04     Matrix setup time        :	1 s
                        Solver setup             :	1 s
                        Degrees of freedom       :	479426
                        Number of mesh cells     :	72479

                        Stimulation port         :	Zmin
                        Mode number              :	1
                        Accuracy                 :	8.62581e-05
                        Iterations               :	18
                        Solver time              :	3 s


                      ------------------------------------------------------------------------------
2026-08-10 19:38:04     Delta calculation        
2026-08-10 19:38:04     All S-Parameters         :	0.00120569
2026-08-10 19:38:04   

                      ------------------------------------------------------------------------------
2026-08-10 19:38:04   Mesh adaptation terminated because the desired accuracy limit is reached.

                      ------------------------------------------------------------------------------
2026-08-10 19:38:04     Total time               :	20 s

                      ------------------------------------------------------------------------------
2026-08-10 19:38:04   

                      ------------------------------------------------------------------------------
2026-08-10 19:38:04     Calculation 7 (Frequency: 26.4982 THz, Theta: 0, Phi: 0)


                      ------------------------------------------------------------------------------
2026-08-10 19:38:04   Running the PortModeSolver.

                      ------------------------------------------------------------------------------
2026-08-10 19:38:05   Adaptive mesh refinement pass 1

                      ------------------------------------------------------------------------------
2026-08-10 19:38:22     Matrix setup time        :	0 s
                        Degrees of freedom       :	479426
                        Number of mesh cells     :	72479

                        Stimulation port         :	Zmin
                        Mode number              :	1
                        Accuracy                 :	9.61827e-05
                        Iterations               :	74
                        Solver time              :	15 s


                      ------------------------------------------------------------------------------
2026-08-10 19:38:23   The direct solver will be used.

                      ------------------------------------------------------------------------------
2026-08-10 19:38:24   Adaptive mesh refinement pass 2

                      ------------------------------------------------------------------------------
2026-08-10 19:38:47     Matrix setup time        :	1 s
                        Solver setup             :	21 s
                        Degrees of freedom       :	514632
                        Number of mesh cells     :	77794

                        Stimulation port         :	Zmin
                        Mode number              :	1
                        Accuracy                 :	4.14811e-10
                        Iterations               :	1
                        Solver time              :	0 s


                      ------------------------------------------------------------------------------
2026-08-10 19:38:47     Delta calculation        
2026-08-10 19:38:47     All S-Parameters         :	0.00179846
2026-08-10 19:38:47   

                      ------------------------------------------------------------------------------
2026-08-10 19:38:49   Adaptive mesh refinement pass 3

                      ------------------------------------------------------------------------------
2026-08-10 19:38:49   The iterative solver will be used.

                      ------------------------------------------------------------------------------
2026-08-10 19:39:04     Matrix setup time        :	1 s
                        Solver setup             :	1 s
                        Degrees of freedom       :	549100
                        Number of mesh cells     :	83071

                        Stimulation port         :	Zmin
                        Mode number              :	1
                        Accuracy                 :	9.41383e-05
                        Iterations               :	51
                        Solver time              :	12 s


                      ------------------------------------------------------------------------------
2026-08-10 19:39:04     Delta calculation        
2026-08-10 19:39:04     All S-Parameters         :	0.000598049
2026-08-10 19:39:04   

                      ------------------------------------------------------------------------------
2026-08-10 19:39:04   Mesh adaptation terminated because the desired accuracy limit is reached.

                      ------------------------------------------------------------------------------
2026-08-10 19:39:04     Total time               :	60 s	 (= 0 h, 01 m, 00 s)

                      ------------------------------------------------------------------------------
2026-08-10 19:39:04   

                      ------------------------------------------------------------------------------
2026-08-10 19:39:04     Calculation 8 (Frequency: 23.872 THz, Theta: 0, Phi: 0)


                      ------------------------------------------------------------------------------
2026-08-10 19:39:04   Running the PortModeSolver.

                      ------------------------------------------------------------------------------
2026-08-10 19:39:05   Adaptive mesh refinement pass 1

                      ------------------------------------------------------------------------------
2026-08-10 19:39:10     Matrix setup time        :	0 s
                        Degrees of freedom       :	549100
                        Number of mesh cells     :	83071

                        Stimulation port         :	Zmin
                        Mode number              :	1
                        Accuracy                 :	8.16134e-05
                        Iterations               :	13
                        Solver time              :	3 s


                      ------------------------------------------------------------------------------
2026-08-10 19:39:10   The input reflection seems to be large at 23.872 THz, Theta: 0, Phi: 0.  More...

                      ------------------------------------------------------------------------------
2026-08-10 19:39:12   Adaptive mesh refinement pass 2

                      ------------------------------------------------------------------------------
2026-08-10 19:39:18     Matrix setup time        :	1 s
                        Solver setup             :	1 s
                        Degrees of freedom       :	584020
                        Number of mesh cells     :	88400

                        Stimulation port         :	Zmin
                        Mode number              :	1
                        Accuracy                 :	5.45562e-05
                        Iterations               :	13
                        Solver time              :	3 s


                      ------------------------------------------------------------------------------
2026-08-10 19:39:18     Delta calculation        
2026-08-10 19:39:18     All S-Parameters         :	0.00108599
2026-08-10 19:39:18   

                      ------------------------------------------------------------------------------
2026-08-10 19:39:21   Adaptive mesh refinement pass 3

                      ------------------------------------------------------------------------------
2026-08-10 19:39:27     Matrix setup time        :	1 s
                        Solver setup             :	1 s
                        Degrees of freedom       :	618698
                        Number of mesh cells     :	93685

                        Stimulation port         :	Zmin
                        Mode number              :	1
                        Accuracy                 :	9.5507e-05
                        Iterations               :	11
                        Solver time              :	3 s


                      ------------------------------------------------------------------------------
2026-08-10 19:39:27     Delta calculation        
2026-08-10 19:39:27     All S-Parameters         :	0.000625372
2026-08-10 19:39:27   

                      ------------------------------------------------------------------------------
2026-08-10 19:39:27   Mesh adaptation terminated because the desired accuracy limit is reached.

                      ------------------------------------------------------------------------------
2026-08-10 19:39:27     Total time               :	22 s

                      ------------------------------------------------------------------------------
2026-08-10 19:39:27   

                      ------------------------------------------------------------------------------
2026-08-10 19:39:27     Calculation 9 (Frequency: 12.664 THz, Theta: 0, Phi: 0)


                      ------------------------------------------------------------------------------
2026-08-10 19:39:27   Running the PortModeSolver.

                      ------------------------------------------------------------------------------
2026-08-10 19:39:28   Adaptive mesh refinement pass 1

                      ------------------------------------------------------------------------------
2026-08-10 19:39:32     Matrix setup time        :	0 s
                        Degrees of freedom       :	618698
                        Number of mesh cells     :	93685

                        Stimulation port         :	Zmin
                        Mode number              :	1
                        Accuracy                 :	9.24386e-05
                        Iterations               :	8
                        Solver time              :	2 s


                      ------------------------------------------------------------------------------
2026-08-10 19:39:34   Adaptive mesh refinement pass 2

                      ------------------------------------------------------------------------------
2026-08-10 19:39:40     Matrix setup time        :	1 s
                        Solver setup             :	1 s
                        Degrees of freedom       :	653518
                        Number of mesh cells     :	99031

                        Stimulation port         :	Zmin
                        Mode number              :	1
                        Accuracy                 :	9.1822e-05
                        Iterations               :	8
                        Solver time              :	2 s


                      ------------------------------------------------------------------------------
2026-08-10 19:39:40     Delta calculation        
2026-08-10 19:39:40     All S-Parameters         :	0.00117516
2026-08-10 19:39:40   

                      ------------------------------------------------------------------------------
2026-08-10 19:39:42   Adaptive mesh refinement pass 3

                      ------------------------------------------------------------------------------
2026-08-10 19:39:48     Matrix setup time        :	1 s
                        Solver setup             :	1 s
                        Degrees of freedom       :	688734
                        Number of mesh cells     :	104397

                        Stimulation port         :	Zmin
                        Mode number              :	1
                        Accuracy                 :	8.10442e-05
                        Iterations               :	8
                        Solver time              :	2 s


                      ------------------------------------------------------------------------------
2026-08-10 19:39:49     Delta calculation        
2026-08-10 19:39:49     All S-Parameters         :	0.0004359
2026-08-10 19:39:49   

                      ------------------------------------------------------------------------------
2026-08-10 19:39:49   Mesh adaptation terminated because the desired accuracy limit is reached.

                      ------------------------------------------------------------------------------
2026-08-10 19:39:49     Total time               :	21 s

                      ------------------------------------------------------------------------------
2026-08-10 19:39:49   

                      ------------------------------------------------------------------------------
2026-08-10 19:39:49     Calculation 10 (Frequency: 22.984 THz, Theta: 0, Phi: 0)


                      ------------------------------------------------------------------------------
2026-08-10 19:39:49   Running the PortModeSolver.

                      ------------------------------------------------------------------------------
2026-08-10 19:39:50   Adaptive mesh refinement pass 1

                      ------------------------------------------------------------------------------
2026-08-10 19:39:55     Matrix setup time        :	0 s
                        Degrees of freedom       :	688734
                        Number of mesh cells     :	104397

                        Stimulation port         :	Zmin
                        Mode number              :	1
                        Accuracy                 :	5.17947e-05
                        Iterations               :	12
                        Solver time              :	3 s


                      ------------------------------------------------------------------------------
2026-08-10 19:39:56   The input reflection seems to be large at 22.984 THz, Theta: 0, Phi: 0.  More...

                      ------------------------------------------------------------------------------
2026-08-10 19:39:58   Adaptive mesh refinement pass 2

                      ------------------------------------------------------------------------------
2026-08-10 19:40:06     Matrix setup time        :	1 s
                        Solver setup             :	2 s
                        Degrees of freedom       :	723756
                        Number of mesh cells     :	109736

                        Stimulation port         :	Zmin
                        Mode number              :	1
                        Accuracy                 :	9.61596e-05
                        Iterations               :	11
                        Solver time              :	3 s


                      ------------------------------------------------------------------------------
2026-08-10 19:40:06     Delta calculation        
2026-08-10 19:40:06     All S-Parameters         :	0.000710833
2026-08-10 19:40:06   

                      ------------------------------------------------------------------------------
2026-08-10 19:40:09   Adaptive mesh refinement pass 3

                      ------------------------------------------------------------------------------
2026-08-10 19:40:17     Matrix setup time        :	1 s
                        Solver setup             :	1 s
                        Degrees of freedom       :	758520
                        Number of mesh cells     :	115026

                        Stimulation port         :	Zmin
                        Mode number              :	1
                        Accuracy                 :	9.84907e-05
                        Iterations               :	11
                        Solver time              :	4 s


                      ------------------------------------------------------------------------------
2026-08-10 19:40:17     Delta calculation        
2026-08-10 19:40:17     All S-Parameters         :	0.000182898
2026-08-10 19:40:17   

                      ------------------------------------------------------------------------------
2026-08-10 19:40:17   Mesh adaptation terminated because the desired accuracy limit is reached.

                      ------------------------------------------------------------------------------
2026-08-10 19:40:17     Total time               :	28 s

                      ------------------------------------------------------------------------------
2026-08-10 19:40:17   

                      ------------------------------------------------------------------------------
2026-08-10 19:40:17     Calculation 11 (Frequency: 10.456 THz, Theta: 0, Phi: 0)


                      ------------------------------------------------------------------------------
2026-08-10 19:40:17   Running the PortModeSolver.

                      ------------------------------------------------------------------------------
2026-08-10 19:40:18   Adaptive mesh refinement pass 1

                      ------------------------------------------------------------------------------
2026-08-10 19:40:23     Matrix setup time        :	0 s
                        Solver setup             :	1 s
                        Degrees of freedom       :	758520
                        Number of mesh cells     :	115026

                        Stimulation port         :	Zmin
                        Mode number              :	1
                        Accuracy                 :	9.75609e-05
                        Iterations               :	7
                        Solver time              :	2 s


                      ------------------------------------------------------------------------------
2026-08-10 19:40:26   Adaptive mesh refinement pass 2

                      ------------------------------------------------------------------------------
2026-08-10 19:40:33     Matrix setup time        :	1 s
                        Solver setup             :	2 s
                        Degrees of freedom       :	793346
                        Number of mesh cells     :	120345

                        Stimulation port         :	Zmin
                        Mode number              :	1
                        Accuracy                 :	9.83979e-05
                        Iterations               :	7
                        Solver time              :	2 s


                      ------------------------------------------------------------------------------
2026-08-10 19:40:33     Delta calculation        
2026-08-10 19:40:33     All S-Parameters         :	0.000267592
2026-08-10 19:40:33   

                      ------------------------------------------------------------------------------
2026-08-10 19:40:36   Adaptive mesh refinement pass 3

                      ------------------------------------------------------------------------------
2026-08-10 19:40:44     Matrix setup time        :	1 s
                        Solver setup             :	2 s
                        Degrees of freedom       :	828184
                        Number of mesh cells     :	125642

                        Stimulation port         :	Zmin
                        Mode number              :	1
                        Accuracy                 :	9.40742e-05
                        Iterations               :	7
                        Solver time              :	3 s


                      ------------------------------------------------------------------------------
2026-08-10 19:40:44     Delta calculation        
2026-08-10 19:40:44     All S-Parameters         :	0.000165187
2026-08-10 19:40:44   

                      ------------------------------------------------------------------------------
2026-08-10 19:40:44   Mesh adaptation terminated because the desired accuracy limit is reached.

                      ------------------------------------------------------------------------------
2026-08-10 19:40:44     Total time               :	27 s

                      ------------------------------------------------------------------------------
2026-08-10 19:40:44   

                      ------------------------------------------------------------------------------
2026-08-10 19:40:44     Calculation 12 (Frequency: 24.616 THz, Theta: 0, Phi: 0)


                      ------------------------------------------------------------------------------
2026-08-10 19:40:44   Running the PortModeSolver.

                      ------------------------------------------------------------------------------
2026-08-10 19:40:45   Adaptive mesh refinement pass 1

                      ------------------------------------------------------------------------------
2026-08-10 19:40:53     Matrix setup time        :	0 s
                        Solver setup             :	1 s
                        Degrees of freedom       :	828184
                        Number of mesh cells     :	125642

                        Stimulation port         :	Zmin
                        Mode number              :	1
                        Accuracy                 :	4.95125e-05
                        Iterations               :	12
                        Solver time              :	5 s


                      ------------------------------------------------------------------------------
2026-08-10 19:40:53   The input reflection seems to be large at 24.616 THz, Theta: 0, Phi: 0.  More...

                      ------------------------------------------------------------------------------
2026-08-10 19:40:56   Adaptive mesh refinement pass 2

                      ------------------------------------------------------------------------------
2026-08-10 19:41:06     Matrix setup time        :	1 s
                        Solver setup             :	2 s
                        Degrees of freedom       :	862326
                        Number of mesh cells     :	130872

                        Stimulation port         :	Zmin
                        Mode number              :	1
                        Accuracy                 :	5.09718e-05
                        Iterations               :	12
                        Solver time              :	5 s


                      ------------------------------------------------------------------------------
2026-08-10 19:41:07     Delta calculation        
2026-08-10 19:41:07     All S-Parameters         :	0.000183272
2026-08-10 19:41:07   

                      ------------------------------------------------------------------------------
2026-08-10 19:41:10   Adaptive mesh refinement pass 3

                      ------------------------------------------------------------------------------
2026-08-10 19:41:20     Matrix setup time        :	2 s
                        Solver setup             :	2 s
                        Degrees of freedom       :	896212
                        Number of mesh cells     :	136090

                        Stimulation port         :	Zmin
                        Mode number              :	1
                        Accuracy                 :	4.77779e-05
                        Iterations               :	12
                        Solver time              :	5 s


                      ------------------------------------------------------------------------------
2026-08-10 19:41:20     Delta calculation        
2026-08-10 19:41:20     All S-Parameters         :	0.000322124
2026-08-10 19:41:20   

                      ------------------------------------------------------------------------------
2026-08-10 19:41:20   Mesh adaptation terminated because the desired accuracy limit is reached.

                      ------------------------------------------------------------------------------
2026-08-10 19:41:20     Total time               :	35 s

                      ------------------------------------------------------------------------------
2026-08-10 19:41:20   

                      ------------------------------------------------------------------------------
2026-08-10 19:41:20     Calculation 13 (Frequency: 33.64 THz, Theta: 0, Phi: 0)


                      ------------------------------------------------------------------------------
2026-08-10 19:41:20   Running the PortModeSolver.

                      ------------------------------------------------------------------------------
2026-08-10 19:41:21   Adaptive mesh refinement pass 1

                      ------------------------------------------------------------------------------
2026-08-10 19:41:29     Matrix setup time        :	0 s
                        Solver setup             :	1 s
                        Degrees of freedom       :	896212
                        Number of mesh cells     :	136090

                        Stimulation port         :	Zmin
                        Mode number              :	1
                        Accuracy                 :	7.41605e-05
                        Iterations               :	11
                        Solver time              :	4 s


                      ------------------------------------------------------------------------------
2026-08-10 19:41:33   Adaptive mesh refinement pass 2

                      ------------------------------------------------------------------------------
2026-08-10 19:41:43     Matrix setup time        :	2 s
                        Solver setup             :	2 s
                        Degrees of freedom       :	929918
                        Number of mesh cells     :	141291

                        Stimulation port         :	Zmin
                        Mode number              :	1
                        Accuracy                 :	8.86938e-05
                        Iterations               :	12
                        Solver time              :	5 s


                      ------------------------------------------------------------------------------
2026-08-10 19:41:44     Delta calculation        
2026-08-10 19:41:44     All S-Parameters         :	0.000407707
2026-08-10 19:41:44   

                      ------------------------------------------------------------------------------
2026-08-10 19:41:47   Adaptive mesh refinement pass 3

                      ------------------------------------------------------------------------------
2026-08-10 19:41:58     Matrix setup time        :	2 s
                        Solver setup             :	3 s
                        Degrees of freedom       :	963794
                        Number of mesh cells     :	146511

                        Stimulation port         :	Zmin
                        Mode number              :	1
                        Accuracy                 :	9.41981e-05
                        Iterations               :	11
                        Solver time              :	5 s


                      ------------------------------------------------------------------------------
2026-08-10 19:41:58     Delta calculation        
2026-08-10 19:41:58     All S-Parameters         :	0.00019324
2026-08-10 19:41:58   

                      ------------------------------------------------------------------------------
2026-08-10 19:41:58   Mesh adaptation terminated because the desired accuracy limit is reached.

                      ------------------------------------------------------------------------------
2026-08-10 19:41:58     Total time               :	38 s

                      ------------------------------------------------------------------------------
2026-08-10 19:41:58   

                      ------------------------------------------------------------------------------
2026-08-10 19:41:58     Calculation 14 (Frequency: 26.344 THz, Theta: 0, Phi: 0)


                      ------------------------------------------------------------------------------
2026-08-10 19:41:58   Running the PortModeSolver.

                      ------------------------------------------------------------------------------
2026-08-10 19:42:00   Adaptive mesh refinement pass 1

                      ------------------------------------------------------------------------------
2026-08-10 19:42:10     Matrix setup time        :	1 s
                        Solver setup             :	2 s
                        Degrees of freedom       :	963794
                        Number of mesh cells     :	146511

                        Stimulation port         :	Zmin
                        Mode number              :	1
                        Accuracy                 :	5.59721e-05
                        Iterations               :	14
                        Solver time              :	6 s


                      ------------------------------------------------------------------------------
2026-08-10 19:42:10   The input reflection seems to be large at 26.344 THz, Theta: 0, Phi: 0.  More...

                      ------------------------------------------------------------------------------
2026-08-10 19:42:14   Adaptive mesh refinement pass 2

                      ------------------------------------------------------------------------------
2026-08-10 19:42:26     Matrix setup time        :	2 s
                        Solver setup             :	3 s
                        Degrees of freedom       :	998754
                        Number of mesh cells     :	151832

                        Stimulation port         :	Zmin
                        Mode number              :	1
                        Accuracy                 :	9.20947e-05
                        Iterations               :	13
                        Solver time              :	6 s


                      ------------------------------------------------------------------------------
2026-08-10 19:42:26     Delta calculation        
2026-08-10 19:42:26     All S-Parameters         :	0.000663323
2026-08-10 19:42:26   

                      ------------------------------------------------------------------------------
2026-08-10 19:42:30   Adaptive mesh refinement pass 3

                      ------------------------------------------------------------------------------
2026-08-10 19:42:42     Matrix setup time        :	2 s
                        Solver setup             :	3 s
                        Degrees of freedom       :	1033498
                        Number of mesh cells     :	157096

                        Stimulation port         :	Zmin
                        Mode number              :	1
                        Accuracy                 :	9.68821e-05
                        Iterations               :	12
                        Solver time              :	6 s


                      ------------------------------------------------------------------------------
2026-08-10 19:42:43     Delta calculation        
2026-08-10 19:42:43     All S-Parameters         :	0.000284832
2026-08-10 19:42:43   

                      ------------------------------------------------------------------------------
2026-08-10 19:42:43   Mesh adaptation terminated because the desired accuracy limit is reached.

                      ------------------------------------------------------------------------------
2026-08-10 19:42:43     Total time               :	44 s

                      ------------------------------------------------------------------------------
2026-08-10 19:42:43   

                      ------------------------------------------------------------------------------
2026-08-10 19:42:43     Calculation 15 (Frequency: 26.824 THz, Theta: 0, Phi: 0)


                      ------------------------------------------------------------------------------
2026-08-10 19:42:43   Running the PortModeSolver.

                      ------------------------------------------------------------------------------
2026-08-10 19:42:44   Adaptive mesh refinement pass 1

                      ------------------------------------------------------------------------------
2026-08-10 19:42:54     Matrix setup time        :	1 s
                        Solver setup             :	2 s
                        Degrees of freedom       :	1033498
                        Number of mesh cells     :	157096

                        Stimulation port         :	Zmin
                        Mode number              :	1
                        Accuracy                 :	6.28733e-05
                        Iterations               :	13
                        Solver time              :	6 s


                      ------------------------------------------------------------------------------
2026-08-10 19:42:58   Adaptive mesh refinement pass 2

                      ------------------------------------------------------------------------------
2026-08-10 19:43:12     Matrix setup time        :	2 s
                        Solver setup             :	3 s
                        Degrees of freedom       :	1067752
                        Number of mesh cells     :	162324

                        Stimulation port         :	Zmin
                        Mode number              :	1
                        Accuracy                 :	9.4695e-05
                        Iterations               :	14
                        Solver time              :	7 s


                      ------------------------------------------------------------------------------
2026-08-10 19:43:13     Delta calculation        
2026-08-10 19:43:13     All S-Parameters         :	0.000190139
2026-08-10 19:43:13   

                      ------------------------------------------------------------------------------
2026-08-10 19:43:17   Adaptive mesh refinement pass 3

                      ------------------------------------------------------------------------------
2026-08-10 19:43:31     Matrix setup time        :	2 s
                        Solver setup             :	3 s
                        Degrees of freedom       :	1101620
                        Number of mesh cells     :	167526

                        Stimulation port         :	Zmin
                        Mode number              :	1
                        Accuracy                 :	9.12831e-05
                        Iterations               :	13
                        Solver time              :	7 s


                      ------------------------------------------------------------------------------
2026-08-10 19:43:31     Delta calculation        
2026-08-10 19:43:31     All S-Parameters         :	0.000206182
2026-08-10 19:43:31   

                      ------------------------------------------------------------------------------
2026-08-10 19:43:31   Mesh adaptation terminated because the desired accuracy limit is reached.

                      ------------------------------------------------------------------------------
2026-08-10 19:43:31     Total time               :	48 s

                      ------------------------------------------------------------------------------
2026-08-10 19:43:31   

                      ------------------------------------------------------------------------------
2026-08-10 19:43:31     Calculation 16 (Frequency: 16.768 THz, Theta: 0, Phi: 0)


                      ------------------------------------------------------------------------------
2026-08-10 19:43:31   Running the PortModeSolver.

                      ------------------------------------------------------------------------------
2026-08-10 19:43:32   Adaptive mesh refinement pass 1

                      ------------------------------------------------------------------------------
2026-08-10 19:43:41     Matrix setup time        :	1 s
                        Solver setup             :	2 s
                        Degrees of freedom       :	1101620
                        Number of mesh cells     :	167526

                        Stimulation port         :	Zmin
                        Mode number              :	1
                        Accuracy                 :	7.2696e-05
                        Iterations               :	9
                        Solver time              :	5 s


                      ------------------------------------------------------------------------------
2026-08-10 19:43:46   Adaptive mesh refinement pass 2

                      ------------------------------------------------------------------------------
2026-08-10 19:43:58     Matrix setup time        :	2 s
                        Solver setup             :	3 s
                        Degrees of freedom       :	1136382
                        Number of mesh cells     :	172853

                        Stimulation port         :	Zmin
                        Mode number              :	1
                        Accuracy                 :	6.98334e-05
                        Iterations               :	9
                        Solver time              :	5 s


                      ------------------------------------------------------------------------------
2026-08-10 19:43:58     Delta calculation        
2026-08-10 19:43:58     All S-Parameters         :	7.44276e-05
2026-08-10 19:43:58   

                      ------------------------------------------------------------------------------
2026-08-10 19:44:02   Adaptive mesh refinement pass 3

                      ------------------------------------------------------------------------------
2026-08-10 19:44:15     Matrix setup time        :	2 s
                        Solver setup             :	4 s
                        Degrees of freedom       :	1170788
                        Number of mesh cells     :	178110

                        Stimulation port         :	Zmin
                        Mode number              :	1
                        Accuracy                 :	7.37161e-05
                        Iterations               :	9
                        Solver time              :	5 s


                      ------------------------------------------------------------------------------
2026-08-10 19:44:16     Delta calculation        
2026-08-10 19:44:16     All S-Parameters         :	0.00024643
2026-08-10 19:44:16   

                      ------------------------------------------------------------------------------
2026-08-10 19:44:16   Mesh adaptation terminated because the desired accuracy limit is reached.

                      ------------------------------------------------------------------------------
2026-08-10 19:44:16     Total time               :	44 s

                      ------------------------------------------------------------------------------
2026-08-10 19:44:16   

                      ------------------------------------------------------------------------------
2026-08-10 19:44:16     Calculation 17 (Frequency: 29.2 THz, Theta: 0, Phi: 0)


                      ------------------------------------------------------------------------------
2026-08-10 19:44:16   Running the PortModeSolver.

                      ------------------------------------------------------------------------------
2026-08-10 19:44:17   Adaptive mesh refinement pass 1

                      ------------------------------------------------------------------------------
2026-08-10 19:44:29     Matrix setup time        :	1 s
                        Solver setup             :	3 s
                        Degrees of freedom       :	1170788
                        Number of mesh cells     :	178110

                        Stimulation port         :	Zmin
                        Mode number              :	1
                        Accuracy                 :	5.55736e-05
                        Iterations               :	12
                        Solver time              :	7 s


                      ------------------------------------------------------------------------------
2026-08-10 19:44:34   Adaptive mesh refinement pass 2

                      ------------------------------------------------------------------------------
2026-08-10 19:44:49     Matrix setup time        :	2 s
                        Solver setup             :	4 s
                        Degrees of freedom       :	1204518
                        Number of mesh cells     :	183308

                        Stimulation port         :	Zmin
                        Mode number              :	1
                        Accuracy                 :	5.29583e-05
                        Iterations               :	12
                        Solver time              :	7 s


                      ------------------------------------------------------------------------------
2026-08-10 19:44:50     Delta calculation        
2026-08-10 19:44:50     All S-Parameters         :	0.000119817
2026-08-10 19:44:50   

                      ------------------------------------------------------------------------------
2026-08-10 19:44:54   Adaptive mesh refinement pass 3

                      ------------------------------------------------------------------------------
2026-08-10 19:45:09     Matrix setup time        :	2 s
                        Solver setup             :	4 s
                        Degrees of freedom       :	1238670
                        Number of mesh cells     :	188540

                        Stimulation port         :	Zmin
                        Mode number              :	1
                        Accuracy                 :	9.10398e-05
                        Iterations               :	11
                        Solver time              :	7 s


                      ------------------------------------------------------------------------------
2026-08-10 19:45:10     Delta calculation        
2026-08-10 19:45:10     All S-Parameters         :	8.88306e-05
2026-08-10 19:45:10   

                      ------------------------------------------------------------------------------
2026-08-10 19:45:10   Mesh adaptation terminated because the desired accuracy limit is reached.

                      ------------------------------------------------------------------------------
2026-08-10 19:45:10     Total time               :	53 s

                      ------------------------------------------------------------------------------
2026-08-10 19:45:10   

                      ------------------------------------------------------------------------------
2026-08-10 19:45:10     Calculation 18 (Frequency: 19.672 THz, Theta: 0, Phi: 0)


                      ------------------------------------------------------------------------------
2026-08-10 19:45:10   Running the PortModeSolver.

                      ------------------------------------------------------------------------------
2026-08-10 19:45:11   Adaptive mesh refinement pass 1

                      ------------------------------------------------------------------------------
2026-08-10 19:45:23     Matrix setup time        :	1 s
                        Solver setup             :	3 s
                        Degrees of freedom       :	1238670
                        Number of mesh cells     :	188540

                        Stimulation port         :	Zmin
                        Mode number              :	1
                        Accuracy                 :	8.66469e-05
                        Iterations               :	10
                        Solver time              :	6 s


                      ------------------------------------------------------------------------------
2026-08-10 19:45:23   The input reflection seems to be large at 19.672 THz, Theta: 0, Phi: 0.  More...

                      ------------------------------------------------------------------------------
2026-08-10 19:45:28   Adaptive mesh refinement pass 2

                      ------------------------------------------------------------------------------
2026-08-10 19:45:43     Matrix setup time        :	2 s
                        Solver setup             :	5 s
                        Degrees of freedom       :	1274054
                        Number of mesh cells     :	193911

                        Stimulation port         :	Zmin
                        Mode number              :	1
                        Accuracy                 :	8.4467e-05
                        Iterations               :	10
                        Solver time              :	7 s


                      ------------------------------------------------------------------------------
2026-08-10 19:45:43     Delta calculation        
2026-08-10 19:45:43     All S-Parameters         :	0.00201098
2026-08-10 19:45:43   

                      ------------------------------------------------------------------------------
2026-08-10 19:45:48   Adaptive mesh refinement pass 3

                      ------------------------------------------------------------------------------
2026-08-10 19:46:04     Matrix setup time        :	3 s
                        Solver setup             :	5 s
                        Degrees of freedom       :	1309638
                        Number of mesh cells     :	199301

                        Stimulation port         :	Zmin
                        Mode number              :	1
                        Accuracy                 :	7.16398e-05
                        Iterations               :	10
                        Solver time              :	7 s


                      ------------------------------------------------------------------------------
2026-08-10 19:46:05     Delta calculation        
2026-08-10 19:46:05     All S-Parameters         :	0.000558482
2026-08-10 19:46:05   

                      ------------------------------------------------------------------------------
2026-08-10 19:46:05   Mesh adaptation terminated because the desired accuracy limit is reached.

                      ------------------------------------------------------------------------------
2026-08-10 19:46:05     Total time               :	55 s

                      ------------------------------------------------------------------------------
2026-08-10 19:46:05   

                      ------------------------------------------------------------------------------
2026-08-10 19:46:05     Calculation 19 (Frequency: 28.624 THz, Theta: 0, Phi: 0)


                      ------------------------------------------------------------------------------
2026-08-10 19:46:05   Running the PortModeSolver.

                      ------------------------------------------------------------------------------
2026-08-10 19:46:06   Adaptive mesh refinement pass 1

                      ------------------------------------------------------------------------------
2026-08-10 19:46:21     Matrix setup time        :	1 s
                        Solver setup             :	4 s
                        Degrees of freedom       :	1309638
                        Number of mesh cells     :	199301

                        Stimulation port         :	Zmin
                        Mode number              :	1
                        Accuracy                 :	3.70475e-05
                        Iterations               :	12
                        Solver time              :	8 s


                      ------------------------------------------------------------------------------
2026-08-10 19:46:27   Adaptive mesh refinement pass 2

                      ------------------------------------------------------------------------------
2026-08-10 19:46:44     Matrix setup time        :	3 s
                        Solver setup             :	5 s
                        Degrees of freedom       :	1343550
                        Number of mesh cells     :	204512

                        Stimulation port         :	Zmin
                        Mode number              :	1
                        Accuracy                 :	3.77676e-05
                        Iterations               :	12
                        Solver time              :	8 s


                      ------------------------------------------------------------------------------
2026-08-10 19:46:45     Delta calculation        
2026-08-10 19:46:45     All S-Parameters         :	0.000130117
2026-08-10 19:46:45   

                      ------------------------------------------------------------------------------
2026-08-10 19:46:50   Adaptive mesh refinement pass 3

                      ------------------------------------------------------------------------------
2026-08-10 19:47:09     Matrix setup time        :	3 s
                        Solver setup             :	6 s
                        Degrees of freedom       :	1377620
                        Number of mesh cells     :	209740

                        Stimulation port         :	Zmin
                        Mode number              :	1
                        Accuracy                 :	3.86078e-05
                        Iterations               :	12
                        Solver time              :	9 s


                      ------------------------------------------------------------------------------
2026-08-10 19:47:09     Delta calculation        
2026-08-10 19:47:09     All S-Parameters         :	0.000130366
2026-08-10 19:47:09   

                      ------------------------------------------------------------------------------
2026-08-10 19:47:09   Mesh adaptation terminated because the desired accuracy limit is reached.

                      ------------------------------------------------------------------------------
2026-08-10 19:47:10     Total time               :	64 s	 (= 0 h, 01 m, 04 s)

                      ------------------------------------------------------------------------------
2026-08-10 19:47:10   

                      ------------------------------------------------------------------------------
2026-08-10 19:47:10     Calculation 20 (Frequency: 31.432 THz, Theta: 0, Phi: 0)


                      ------------------------------------------------------------------------------
2026-08-10 19:47:10   Running the PortModeSolver.

                      ------------------------------------------------------------------------------
2026-08-10 19:47:11   Adaptive mesh refinement pass 1

                      ------------------------------------------------------------------------------
2026-08-10 19:47:26     Matrix setup time        :	1 s
                        Solver setup             :	4 s
                        Degrees of freedom       :	1377620
                        Number of mesh cells     :	209740

                        Stimulation port         :	Zmin
                        Mode number              :	1
                        Accuracy                 :	8.44265e-05
                        Iterations               :	12
                        Solver time              :	9 s


                      ------------------------------------------------------------------------------
2026-08-10 19:47:32   Adaptive mesh refinement pass 2

                      ------------------------------------------------------------------------------
2026-08-10 19:47:50     Matrix setup time        :	3 s
                        Solver setup             :	6 s
                        Degrees of freedom       :	1411386
                        Number of mesh cells     :	214947

                        Stimulation port         :	Zmin
                        Mode number              :	1
                        Accuracy                 :	6.46346e-05
                        Iterations               :	11
                        Solver time              :	8 s


                      ------------------------------------------------------------------------------
2026-08-10 19:47:51     Delta calculation        
2026-08-10 19:47:51     All S-Parameters         :	9.84697e-05
2026-08-10 19:47:51   

                      ------------------------------------------------------------------------------
2026-08-10 19:47:56   Adaptive mesh refinement pass 3

                      ------------------------------------------------------------------------------
2026-08-10 19:48:13     Matrix setup time        :	3 s
                        Solver setup             :	5 s
                        Degrees of freedom       :	1445106
                        Number of mesh cells     :	220147

                        Stimulation port         :	Zmin
                        Mode number              :	1
                        Accuracy                 :	7.21051e-05
                        Iterations               :	11
                        Solver time              :	7 s


                      ------------------------------------------------------------------------------
2026-08-10 19:48:13     Delta calculation        
2026-08-10 19:48:13     All S-Parameters         :	9.49264e-05
2026-08-10 19:48:13   

                      ------------------------------------------------------------------------------
2026-08-10 19:48:13   Mesh adaptation terminated because the desired accuracy limit is reached.

                      ------------------------------------------------------------------------------
2026-08-10 19:48:13     Total time               :	63 s	 (= 0 h, 01 m, 03 s)

                      ------------------------------------------------------------------------------
2026-08-10 19:48:13   

                      ------------------------------------------------------------------------------
2026-08-10 19:48:13     Calculation 21 (Frequency: 20.104 THz, Theta: 0, Phi: 0)


                      ------------------------------------------------------------------------------
2026-08-10 19:48:13   Running the PortModeSolver.

                      ------------------------------------------------------------------------------
2026-08-10 19:48:14   Adaptive mesh refinement pass 1

                      ------------------------------------------------------------------------------
2026-08-10 19:48:27     Matrix setup time        :	1 s
                        Solver setup             :	4 s
                        Degrees of freedom       :	1445106
                        Number of mesh cells     :	220147

                        Stimulation port         :	Zmin
                        Mode number              :	1
                        Accuracy                 :	8.23307e-05
                        Iterations               :	11
                        Solver time              :	7 s


                      ------------------------------------------------------------------------------
2026-08-10 19:48:28   The input reflection seems to be large at 20.104 THz, Theta: 0, Phi: 0.  More...

                      ------------------------------------------------------------------------------
2026-08-10 19:48:33   Adaptive mesh refinement pass 2

                      ------------------------------------------------------------------------------
2026-08-10 19:48:49     Matrix setup time        :	3 s
                        Solver setup             :	5 s
                        Degrees of freedom       :	1480026
                        Number of mesh cells     :	225444

                        Stimulation port         :	Zmin
                        Mode number              :	1
                        Accuracy                 :	9.94842e-05
                        Iterations               :	10
                        Solver time              :	7 s


                      ------------------------------------------------------------------------------
2026-08-10 19:48:49     Delta calculation        
2026-08-10 19:48:49     All S-Parameters         :	0.000518168
2026-08-10 19:48:49   

                      ------------------------------------------------------------------------------
2026-08-10 19:48:54   Adaptive mesh refinement pass 3

                      ------------------------------------------------------------------------------
2026-08-10 19:49:12     Matrix setup time        :	3 s
                        Solver setup             :	6 s
                        Degrees of freedom       :	1515156
                        Number of mesh cells     :	230770

                        Stimulation port         :	Zmin
                        Mode number              :	1
                        Accuracy                 :	9.50883e-05
                        Iterations               :	11
                        Solver time              :	8 s


                      ------------------------------------------------------------------------------
2026-08-10 19:49:12     Delta calculation        
2026-08-10 19:49:12     All S-Parameters         :	0.000216396
2026-08-10 19:49:12   

                      ------------------------------------------------------------------------------
2026-08-10 19:49:12   Mesh adaptation terminated because the desired accuracy limit is reached.

                      ------------------------------------------------------------------------------
2026-08-10 19:49:12     Total time               :	59 s

                      ------------------------------------------------------------------------------
2026-08-10 19:49:12   

                      ------------------------------------------------------------------------------
2026-08-10 19:49:12     Calculation 22 (Frequency: 32.104 THz, Theta: 0, Phi: 0)


                      ------------------------------------------------------------------------------
2026-08-10 19:49:12   Running the PortModeSolver.

                      ------------------------------------------------------------------------------
2026-08-10 19:49:13   Adaptive mesh refinement pass 1

                      ------------------------------------------------------------------------------
2026-08-10 19:49:27     Matrix setup time        :	1 s
                        Solver setup             :	4 s
                        Degrees of freedom       :	1515156
                        Number of mesh cells     :	230770

                        Stimulation port         :	Zmin
                        Mode number              :	1
                        Accuracy                 :	8.46263e-05
                        Iterations               :	10
                        Solver time              :	7 s


                      ------------------------------------------------------------------------------
2026-08-10 19:49:33   Adaptive mesh refinement pass 2

                      ------------------------------------------------------------------------------
2026-08-10 19:49:49     Matrix setup time        :	3 s
                        Solver setup             :	5 s
                        Degrees of freedom       :	1549242
                        Number of mesh cells     :	236019

                        Stimulation port         :	Zmin
                        Mode number              :	1
                        Accuracy                 :	9.63068e-05
                        Iterations               :	10
                        Solver time              :	7 s


                      ------------------------------------------------------------------------------
2026-08-10 19:49:50     Delta calculation        
2026-08-10 19:49:50     All S-Parameters         :	8.35144e-05
2026-08-10 19:49:50   

                      ------------------------------------------------------------------------------
2026-08-10 19:49:55   Adaptive mesh refinement pass 3

                      ------------------------------------------------------------------------------
2026-08-10 19:50:17     Matrix setup time        :	3 s
                        Solver setup             :	8 s
                        Degrees of freedom       :	1583278
                        Number of mesh cells     :	241252

                        Stimulation port         :	Zmin
                        Mode number              :	1
                        Accuracy                 :	8.66442e-05
                        Iterations               :	10
                        Solver time              :	9 s


                      ------------------------------------------------------------------------------
2026-08-10 19:50:17     Delta calculation        
2026-08-10 19:50:17     All S-Parameters         :	9.48229e-05
2026-08-10 19:50:17   

                      ------------------------------------------------------------------------------
2026-08-10 19:50:17   Mesh adaptation terminated because the desired accuracy limit is reached.

                      ------------------------------------------------------------------------------
2026-08-10 19:50:17     Total time               :	64 s	 (= 0 h, 01 m, 04 s)

                      ------------------------------------------------------------------------------
2026-08-10 19:50:17   

                      ------------------------------------------------------------------------------
2026-08-10 19:50:17     Calculation 23 (Frequency: 27.808 THz, Theta: 0, Phi: 0)


                      ------------------------------------------------------------------------------
2026-08-10 19:50:17   Running the PortModeSolver.

                      ------------------------------------------------------------------------------
2026-08-10 19:50:19   Adaptive mesh refinement pass 1

                      ------------------------------------------------------------------------------
2026-08-10 19:50:37     Matrix setup time        :	1 s
                        Solver setup             :	6 s
                        Degrees of freedom       :	1583278
                        Number of mesh cells     :	241252

                        Stimulation port         :	Zmin
                        Mode number              :	1
                        Accuracy                 :	8.35114e-05
                        Iterations               :	11
                        Solver time              :	10 s


                      ------------------------------------------------------------------------------
2026-08-10 19:50:44   Adaptive mesh refinement pass 2

                      ------------------------------------------------------------------------------
2026-08-10 19:51:06     Matrix setup time        :	3 s
                        Solver setup             :	8 s
                        Degrees of freedom       :	1616878
                        Number of mesh cells     :	246463

                        Stimulation port         :	Zmin
                        Mode number              :	1
                        Accuracy                 :	7.53038e-05
                        Iterations               :	11
                        Solver time              :	10 s


                      ------------------------------------------------------------------------------
2026-08-10 19:51:07     Delta calculation        
2026-08-10 19:51:07     All S-Parameters         :	0.000200763
2026-08-10 19:51:07   

                      ------------------------------------------------------------------------------
2026-08-10 19:51:13   Adaptive mesh refinement pass 3

                      ------------------------------------------------------------------------------
2026-08-10 19:51:36     Matrix setup time        :	3 s
                        Solver setup             :	9 s
                        Degrees of freedom       :	1650724
                        Number of mesh cells     :	251688

                        Stimulation port         :	Zmin
                        Mode number              :	1
                        Accuracy                 :	9.95398e-05
                        Iterations               :	10
                        Solver time              :	9 s


                      ------------------------------------------------------------------------------
2026-08-10 19:51:36     Delta calculation        
2026-08-10 19:51:36     All S-Parameters         :	0.000210111
2026-08-10 19:51:36   

                      ------------------------------------------------------------------------------
2026-08-10 19:51:36   Mesh adaptation terminated because the desired accuracy limit is reached.

                      ------------------------------------------------------------------------------
2026-08-10 19:51:37     Total time               :	79 s	 (= 0 h, 01 m, 19 s)

                      ------------------------------------------------------------------------------
2026-08-10 19:51:37   

                      ------------------------------------------------------------------------------
2026-08-10 19:51:37     Calculation 24 (Frequency: 15.784 THz, Theta: 0, Phi: 0)


                      ------------------------------------------------------------------------------
2026-08-10 19:51:37   Running the PortModeSolver.

                      ------------------------------------------------------------------------------
2026-08-10 19:51:38   Adaptive mesh refinement pass 1

                      ------------------------------------------------------------------------------
2026-08-10 19:51:59     Matrix setup time        :	1 s
                        Solver setup             :	7 s
                        Degrees of freedom       :	1650724
                        Number of mesh cells     :	251688

                        Stimulation port         :	Zmin
                        Mode number              :	1
                        Accuracy                 :	5.33605e-05
                        Iterations               :	12
                        Solver time              :	11 s


                      ------------------------------------------------------------------------------
2026-08-10 19:52:06   Adaptive mesh refinement pass 2

                      ------------------------------------------------------------------------------
2026-08-10 19:52:33     Matrix setup time        :	3 s
                        Solver setup             :	9 s
                        Degrees of freedom       :	1685144
                        Number of mesh cells     :	256933

                        Stimulation port         :	Zmin
                        Mode number              :	1
                        Accuracy                 :	5.51873e-05
                        Iterations               :	12
                        Solver time              :	14 s


                      ------------------------------------------------------------------------------
2026-08-10 19:52:34     Delta calculation        
2026-08-10 19:52:34     All S-Parameters         :	0.00358565
2026-08-10 19:52:34   

                      ------------------------------------------------------------------------------
2026-08-10 19:52:40   Adaptive mesh refinement pass 3

                      ------------------------------------------------------------------------------
2026-08-10 19:53:04     Matrix setup time        :	4 s
                        Solver setup             :	8 s
                        Degrees of freedom       :	1719636
                        Number of mesh cells     :	262214

                        Stimulation port         :	Zmin
                        Mode number              :	1
                        Accuracy                 :	5.85156e-05
                        Iterations               :	12
                        Solver time              :	11 s


                      ------------------------------------------------------------------------------
2026-08-10 19:53:05     Delta calculation        
2026-08-10 19:53:05     All S-Parameters         :	0.00251464
2026-08-10 19:53:05   

                      ------------------------------------------------------------------------------
2026-08-10 19:53:05   Mesh adaptation terminated because the desired accuracy limit is reached.

                      ------------------------------------------------------------------------------
2026-08-10 19:53:05     Total time               :	88 s	 (= 0 h, 01 m, 28 s)

                      ------------------------------------------------------------------------------
2026-08-10 19:53:05   

                      ------------------------------------------------------------------------------
2026-08-10 19:53:05     Calculation 25 (Frequency: 32.584 THz, Theta: 0, Phi: 0)


                      ------------------------------------------------------------------------------
2026-08-10 19:53:05   Running the PortModeSolver.

                      ------------------------------------------------------------------------------
2026-08-10 19:53:07   Adaptive mesh refinement pass 1

                      ------------------------------------------------------------------------------
2026-08-10 19:53:25     Matrix setup time        :	1 s
                        Solver setup             :	6 s
                        Degrees of freedom       :	1719636
                        Number of mesh cells     :	262214

                        Stimulation port         :	Zmin
                        Mode number              :	1
                        Accuracy                 :	7.84909e-05
                        Iterations               :	10
                        Solver time              :	10 s


                      ------------------------------------------------------------------------------
2026-08-10 19:53:32   Adaptive mesh refinement pass 2

                      ------------------------------------------------------------------------------
2026-08-10 19:53:56     Matrix setup time        :	4 s
                        Solver setup             :	8 s
                        Degrees of freedom       :	1753366
                        Number of mesh cells     :	267414

                        Stimulation port         :	Zmin
                        Mode number              :	1
                        Accuracy                 :	8.38767e-05
                        Iterations               :	10
                        Solver time              :	10 s


                      ------------------------------------------------------------------------------
2026-08-10 19:53:56     Delta calculation        
2026-08-10 19:53:56     All S-Parameters         :	6.16047e-05
2026-08-10 19:53:56   

                      ------------------------------------------------------------------------------
2026-08-10 19:54:03   Adaptive mesh refinement pass 3

                      ------------------------------------------------------------------------------
2026-08-10 19:54:27     Matrix setup time        :	4 s
                        Solver setup             :	9 s
                        Degrees of freedom       :	1787340
                        Number of mesh cells     :	272644

                        Stimulation port         :	Zmin
                        Mode number              :	1
                        Accuracy                 :	7.59109e-05
                        Iterations               :	10
                        Solver time              :	10 s


                      ------------------------------------------------------------------------------
2026-08-10 19:54:28     Delta calculation        
2026-08-10 19:54:28     All S-Parameters         :	4.01716e-05
2026-08-10 19:54:28   

                      ------------------------------------------------------------------------------
2026-08-10 19:54:28   Mesh adaptation terminated because the desired accuracy limit is reached.

                      ------------------------------------------------------------------------------
2026-08-10 19:54:28     Total time               :	82 s	 (= 0 h, 01 m, 22 s)

                      ------------------------------------------------------------------------------
2026-08-10 19:54:28   

                      ------------------------------------------------------------------------------
2026-08-10 19:54:28     Calculation 26 (Frequency: 27.448 THz, Theta: 0, Phi: 0)


                      ------------------------------------------------------------------------------
2026-08-10 19:54:28   Running the PortModeSolver.

                      ------------------------------------------------------------------------------
2026-08-10 19:54:29   Adaptive mesh refinement pass 1

                      ------------------------------------------------------------------------------
2026-08-10 19:54:49     Matrix setup time        :	1 s
                        Solver setup             :	7 s
                        Degrees of freedom       :	1787340
                        Number of mesh cells     :	272644

                        Stimulation port         :	Zmin
                        Mode number              :	1
                        Accuracy                 :	9.09299e-05
                        Iterations               :	10
                        Solver time              :	10 s


                      ------------------------------------------------------------------------------
2026-08-10 19:54:57   Adaptive mesh refinement pass 2

                      ------------------------------------------------------------------------------
2026-08-10 19:55:22     Matrix setup time        :	4 s
                        Solver setup             :	9 s
                        Degrees of freedom       :	1821328
                        Number of mesh cells     :	277863

                        Stimulation port         :	Zmin
                        Mode number              :	1
                        Accuracy                 :	9.19152e-05
                        Iterations               :	10
                        Solver time              :	11 s


                      ------------------------------------------------------------------------------
2026-08-10 19:55:22     Delta calculation        
2026-08-10 19:55:22     All S-Parameters         :	5.31825e-05
2026-08-10 19:55:22   

                      ------------------------------------------------------------------------------
2026-08-10 19:55:29   Adaptive mesh refinement pass 3

                      ------------------------------------------------------------------------------
2026-08-10 19:55:55     Matrix setup time        :	4 s
                        Solver setup             :	9 s
                        Degrees of freedom       :	1855084
                        Number of mesh cells     :	283068

                        Stimulation port         :	Zmin
                        Mode number              :	1
                        Accuracy                 :	8.71542e-05
                        Iterations               :	10
                        Solver time              :	11 s


                      ------------------------------------------------------------------------------
2026-08-10 19:55:56     Delta calculation        
2026-08-10 19:55:56     All S-Parameters         :	0.000138239
2026-08-10 19:55:56   

                      ------------------------------------------------------------------------------
2026-08-10 19:55:56   Mesh adaptation terminated because the desired accuracy limit is reached.

                      ------------------------------------------------------------------------------
2026-08-10 19:55:56     Total time               :	87 s	 (= 0 h, 01 m, 27 s)

                      ------------------------------------------------------------------------------
2026-08-10 19:55:56   

                      ------------------------------------------------------------------------------
2026-08-10 19:55:56     Calculation 27 (Frequency: 21.016 THz, Theta: 0, Phi: 0)


                      ------------------------------------------------------------------------------
2026-08-10 19:55:56   Running the PortModeSolver.

                      ------------------------------------------------------------------------------
2026-08-10 19:55:57   Adaptive mesh refinement pass 1

                      ------------------------------------------------------------------------------
2026-08-10 19:56:21     Matrix setup time        :	1 s
                        Solver setup             :	7 s
                        Degrees of freedom       :	1855084
                        Number of mesh cells     :	283068

                        Stimulation port         :	Zmin
                        Mode number              :	1
                        Accuracy                 :	5.78053e-05
                        Iterations               :	12
                        Solver time              :	13 s


                      ------------------------------------------------------------------------------
2026-08-10 19:56:28   Adaptive mesh refinement pass 2

                      ------------------------------------------------------------------------------
2026-08-10 19:56:56     Matrix setup time        :	4 s
                        Solver setup             :	10 s
                        Degrees of freedom       :	1889436
                        Number of mesh cells     :	288366

                        Stimulation port         :	Zmin
                        Mode number              :	1
                        Accuracy                 :	9.02281e-05
                        Iterations               :	11
                        Solver time              :	12 s


                      ------------------------------------------------------------------------------
2026-08-10 19:56:57     Delta calculation        
2026-08-10 19:56:57     All S-Parameters         :	0.00138505
2026-08-10 19:56:57   

                      ------------------------------------------------------------------------------
2026-08-10 19:57:04   Adaptive mesh refinement pass 3

                      ------------------------------------------------------------------------------
2026-08-10 19:57:34     Matrix setup time        :	4 s
                        Solver setup             :	11 s
                        Degrees of freedom       :	1924076
                        Number of mesh cells     :	293656

                        Stimulation port         :	Zmin
                        Mode number              :	1
                        Accuracy                 :	8.58399e-05
                        Iterations               :	11
                        Solver time              :	13 s


                      ------------------------------------------------------------------------------
2026-08-10 19:57:34     Delta calculation        
2026-08-10 19:57:34     All S-Parameters         :	0.000391564
2026-08-10 19:57:34   

                      ------------------------------------------------------------------------------
2026-08-10 19:57:34   Mesh adaptation terminated because the desired accuracy limit is reached.

                      ------------------------------------------------------------------------------
2026-08-10 19:57:35     Total time               :	98 s	 (= 0 h, 01 m, 38 s)

                      ------------------------------------------------------------------------------
2026-08-10 19:57:35   

                      ------------------------------------------------------------------------------
2026-08-10 19:57:35     Calculation 28 (Frequency: 13.648 THz, Theta: 0, Phi: 0)


                      ------------------------------------------------------------------------------
2026-08-10 19:57:35   Running the PortModeSolver.

                      ------------------------------------------------------------------------------
2026-08-10 19:57:36   Adaptive mesh refinement pass 1

                      ------------------------------------------------------------------------------
2026-08-10 19:57:56     Matrix setup time        :	2 s
                        Solver setup             :	9 s
                        Degrees of freedom       :	1924076
                        Number of mesh cells     :	293656

                        Stimulation port         :	Zmin
                        Mode number              :	1
                        Accuracy                 :	8.52458e-05
                        Iterations               :	7
                        Solver time              :	8 s


                      ------------------------------------------------------------------------------
2026-08-10 19:58:04   Adaptive mesh refinement pass 2

                      ------------------------------------------------------------------------------
2026-08-10 19:58:27     Matrix setup time        :	4 s
                        Solver setup             :	10 s
                        Degrees of freedom       :	1958360
                        Number of mesh cells     :	298919

                        Stimulation port         :	Zmin
                        Mode number              :	1
                        Accuracy                 :	8.32269e-05
                        Iterations               :	7
                        Solver time              :	8 s


                      ------------------------------------------------------------------------------
2026-08-10 19:58:28     Delta calculation        
2026-08-10 19:58:28     All S-Parameters         :	0.000122511
2026-08-10 19:58:28   

                      ------------------------------------------------------------------------------
2026-08-10 19:58:35   Adaptive mesh refinement pass 3

                      ------------------------------------------------------------------------------
2026-08-10 19:59:01     Matrix setup time        :	4 s
                        Solver setup             :	12 s
                        Degrees of freedom       :	1992550
                        Number of mesh cells     :	304187

                        Stimulation port         :	Zmin
                        Mode number              :	1
                        Accuracy                 :	8.02424e-05
                        Iterations               :	7
                        Solver time              :	9 s


                      ------------------------------------------------------------------------------
2026-08-10 19:59:02     Delta calculation        
2026-08-10 19:59:02     All S-Parameters         :	9.25687e-05
2026-08-10 19:59:02   

                      ------------------------------------------------------------------------------
2026-08-10 19:59:02   Mesh adaptation terminated because the desired accuracy limit is reached.

                      ------------------------------------------------------------------------------
2026-08-10 19:59:02     Total time               :	87 s	 (= 0 h, 01 m, 27 s)

                      ------------------------------------------------------------------------------
2026-08-10 19:59:02   

                      ------------------------------------------------------------------------------
2026-08-10 19:59:02     Calculation 29 (Frequency: 11.416 THz, Theta: 0, Phi: 0)


                      ------------------------------------------------------------------------------
2026-08-10 19:59:02   Running the PortModeSolver.

                      ------------------------------------------------------------------------------
2026-08-10 19:59:03   Adaptive mesh refinement pass 1

                      ------------------------------------------------------------------------------
2026-08-10 19:59:25     Matrix setup time        :	2 s
                        Solver setup             :	9 s
                        Degrees of freedom       :	1992550
                        Number of mesh cells     :	304187

                        Stimulation port         :	Zmin
                        Mode number              :	1
                        Accuracy                 :	5.18566e-05
                        Iterations               :	8
                        Solver time              :	10 s


                      ------------------------------------------------------------------------------
2026-08-10 19:59:33   Adaptive mesh refinement pass 2

                      ------------------------------------------------------------------------------
2026-08-10 19:59:58     Matrix setup time        :	4 s
                        Solver setup             :	11 s
                        Degrees of freedom       :	2026920
                        Number of mesh cells     :	309449

                        Stimulation port         :	Zmin
                        Mode number              :	1
                        Accuracy                 :	5.89747e-05
                        Iterations               :	7
                        Solver time              :	8 s


                      ------------------------------------------------------------------------------
2026-08-10 19:59:59     Delta calculation        
2026-08-10 19:59:59     All S-Parameters         :	8.46954e-05
2026-08-10 19:59:59   

                      ------------------------------------------------------------------------------
2026-08-10 20:00:05   Adaptive mesh refinement pass 3

                      ------------------------------------------------------------------------------
2026-08-10 20:00:26     Matrix setup time        :	4 s
                        Solver setup             :	8 s
                        Degrees of freedom       :	2061500
                        Number of mesh cells     :	314732

                        Stimulation port         :	Zmin
                        Mode number              :	1
                        Accuracy                 :	5.78467e-05
                        Iterations               :	7
                        Solver time              :	7 s


                      ------------------------------------------------------------------------------
2026-08-10 20:00:27     Delta calculation        
2026-08-10 20:00:27     All S-Parameters         :	5.54658e-05
2026-08-10 20:00:27   

                      ------------------------------------------------------------------------------
2026-08-10 20:00:27   Mesh adaptation terminated because the desired accuracy limit is reached.

                      ------------------------------------------------------------------------------
2026-08-10 20:00:27     Total time               :	85 s	 (= 0 h, 01 m, 25 s)

                      ------------------------------------------------------------------------------
2026-08-10 20:00:27   

                      ------------------------------------------------------------------------------
2026-08-10 20:00:27     Calculation 30 (Frequency: 15.496 THz, Theta: 0, Phi: 0)


                      ------------------------------------------------------------------------------
2026-08-10 20:00:27   Running the PortModeSolver.

                      ------------------------------------------------------------------------------
2026-08-10 20:00:28   Adaptive mesh refinement pass 1

                      ------------------------------------------------------------------------------
2026-08-10 20:00:48     Matrix setup time        :	2 s
                        Solver setup             :	6 s
                        Degrees of freedom       :	2061500
                        Number of mesh cells     :	314732

                        Stimulation port         :	Zmin
                        Mode number              :	1
                        Accuracy                 :	5.99859e-05
                        Iterations               :	10
                        Solver time              :	11 s


                      ------------------------------------------------------------------------------
2026-08-10 20:00:56   Adaptive mesh refinement pass 2

                      ------------------------------------------------------------------------------
2026-08-10 20:01:28     Matrix setup time        :	4 s
                        Solver setup             :	14 s
                        Degrees of freedom       :	2096426
                        Number of mesh cells     :	320038

                        Stimulation port         :	Zmin
                        Mode number              :	1
                        Accuracy                 :	8.87436e-05
                        Iterations               :	9
                        Solver time              :	12 s


                      ------------------------------------------------------------------------------
2026-08-10 20:01:28     Delta calculation        
2026-08-10 20:01:28     All S-Parameters         :	0.000303317
2026-08-10 20:01:28   

                      ------------------------------------------------------------------------------
2026-08-10 20:01:36   Adaptive mesh refinement pass 3

                      ------------------------------------------------------------------------------
2026-08-10 20:02:07     Matrix setup time        :	4 s
                        Solver setup             :	13 s
                        Degrees of freedom       :	2130914
                        Number of mesh cells     :	325315

                        Stimulation port         :	Zmin
                        Mode number              :	1
                        Accuracy                 :	7.92644e-05
                        Iterations               :	9
                        Solver time              :	11 s


                      ------------------------------------------------------------------------------
2026-08-10 20:02:07     Delta calculation        
2026-08-10 20:02:07     All S-Parameters         :	0.000120844
2026-08-10 20:02:07   

                      ------------------------------------------------------------------------------
2026-08-10 20:02:07   Mesh adaptation terminated because the desired accuracy limit is reached.

                      ------------------------------------------------------------------------------
2026-08-10 20:02:08     Total time               :	100 s	 (= 0 h, 01 m, 40 s)

                      ------------------------------------------------------------------------------
2026-08-10 20:02:08   

                      ------------------------------------------------------------------------------
2026-08-10 20:02:08     Calculation 31 (Frequency: 15.904 THz, Theta: 0, Phi: 0)


                      ------------------------------------------------------------------------------
2026-08-10 20:02:08   Running the PortModeSolver.

                      ------------------------------------------------------------------------------
2026-08-10 20:02:09   Adaptive mesh refinement pass 1

                      ------------------------------------------------------------------------------
2026-08-10 20:02:36     Matrix setup time        :	2 s
                        Solver setup             :	12 s
                        Degrees of freedom       :	2130914
                        Number of mesh cells     :	325315

                        Stimulation port         :	Zmin
                        Mode number              :	1
                        Accuracy                 :	9.9135e-05
                        Iterations               :	9
                        Solver time              :	12 s


                      ------------------------------------------------------------------------------
2026-08-10 20:02:44   Adaptive mesh refinement pass 2

                      ------------------------------------------------------------------------------
2026-08-10 20:03:16     Matrix setup time        :	5 s
                        Solver setup             :	13 s
                        Degrees of freedom       :	2165004
                        Number of mesh cells     :	330565

                        Stimulation port         :	Zmin
                        Mode number              :	1
                        Accuracy                 :	4.67195e-05
                        Iterations               :	10
                        Solver time              :	13 s


                      ------------------------------------------------------------------------------
2026-08-10 20:03:17     Delta calculation        
2026-08-10 20:03:17     All S-Parameters         :	0.000748071
2026-08-10 20:03:17   

                      ------------------------------------------------------------------------------
2026-08-10 20:03:25   Adaptive mesh refinement pass 3

                      ------------------------------------------------------------------------------
2026-08-10 20:03:57     Matrix setup time        :	5 s
                        Solver setup             :	13 s
                        Degrees of freedom       :	2199304
                        Number of mesh cells     :	335824

                        Stimulation port         :	Zmin
                        Mode number              :	1
                        Accuracy                 :	5.05086e-05
                        Iterations               :	10
                        Solver time              :	13 s


                      ------------------------------------------------------------------------------
2026-08-10 20:03:58     Delta calculation        
2026-08-10 20:03:58     All S-Parameters         :	0.000571499
2026-08-10 20:03:58   

                      ------------------------------------------------------------------------------
2026-08-10 20:03:58   Mesh adaptation terminated because the desired accuracy limit is reached.

                      ------------------------------------------------------------------------------
2026-08-10 20:03:58     Total time               :	110 s	 (= 0 h, 01 m, 50 s)

                      ------------------------------------------------------------------------------
2026-08-10 20:03:58   

                      ------------------------------------------------------------------------------
2026-08-10 20:03:58     Calculation 32 (Frequency: 26.512 THz, Theta: 0, Phi: 0)


                      ------------------------------------------------------------------------------
2026-08-10 20:03:58   Running the PortModeSolver.

                      ------------------------------------------------------------------------------
2026-08-10 20:04:00   Adaptive mesh refinement pass 1

                      ------------------------------------------------------------------------------
2026-08-10 20:04:39     Matrix setup time        :	2 s
                        Solver setup             :	10 s
                        Degrees of freedom       :	2199304
                        Number of mesh cells     :	335824

                        Stimulation port         :	Zmin
                        Mode number              :	1
                        Accuracy                 :	8.24976e-05
                        Iterations               :	20
                        Solver time              :	26 s


                      ------------------------------------------------------------------------------
2026-08-10 20:04:48   Adaptive mesh refinement pass 2

                      ------------------------------------------------------------------------------
2026-08-10 20:05:32     Matrix setup time        :	5 s
                        Solver setup             :	13 s
                        Degrees of freedom       :	2233342
                        Number of mesh cells     :	341032

                        Stimulation port         :	Zmin
                        Mode number              :	1
                        Accuracy                 :	7.22746e-05
                        Iterations               :	19
                        Solver time              :	25 s


                      ------------------------------------------------------------------------------
2026-08-10 20:05:33     Delta calculation        
2026-08-10 20:05:33     All S-Parameters         :	0.000211939
2026-08-10 20:05:33   

                      ------------------------------------------------------------------------------
2026-08-10 20:05:41   Adaptive mesh refinement pass 3

                      ------------------------------------------------------------------------------
2026-08-10 20:06:28     Matrix setup time        :	5 s
                        Solver setup             :	15 s
                        Degrees of freedom       :	2267530
                        Number of mesh cells     :	346272

                        Stimulation port         :	Zmin
                        Mode number              :	1
                        Accuracy                 :	9.63175e-05
                        Iterations               :	18
                        Solver time              :	26 s


                      ------------------------------------------------------------------------------
2026-08-10 20:06:29     Delta calculation        
2026-08-10 20:06:29     All S-Parameters         :	0.000102399
2026-08-10 20:06:29   

                      ------------------------------------------------------------------------------
2026-08-10 20:06:29   Mesh adaptation terminated because the desired accuracy limit is reached.

                      ------------------------------------------------------------------------------
2026-08-10 20:06:29     Total time               :	150 s	 (= 0 h, 02 m, 30 s)

                      ------------------------------------------------------------------------------
2026-08-10 20:06:29   

                      ------------------------------------------------------------------------------
2026-08-10 20:06:29     Calculation 33 (Frequency: 20.728 THz, Theta: 0, Phi: 0)


                      ------------------------------------------------------------------------------
2026-08-10 20:06:29   Running the PortModeSolver.

                      ------------------------------------------------------------------------------
2026-08-10 20:06:31   Adaptive mesh refinement pass 1

                      ------------------------------------------------------------------------------
2026-08-10 20:07:03     Matrix setup time        :	2 s
                        Solver setup             :	13 s
                        Degrees of freedom       :	2267530
                        Number of mesh cells     :	346272

                        Stimulation port         :	Zmin
                        Mode number              :	1
                        Accuracy                 :	7.54268e-05
                        Iterations               :	11
                        Solver time              :	16 s


                      ------------------------------------------------------------------------------
2026-08-10 20:07:12   Adaptive mesh refinement pass 2

                      ------------------------------------------------------------------------------
2026-08-10 20:07:48     Matrix setup time        :	5 s
                        Solver setup             :	14 s
                        Degrees of freedom       :	2302316
                        Number of mesh cells     :	351565

                        Stimulation port         :	Zmin
                        Mode number              :	1
                        Accuracy                 :	6.2892e-05
                        Iterations               :	11
                        Solver time              :	15 s


                      ------------------------------------------------------------------------------
2026-08-10 20:07:49     Delta calculation        
2026-08-10 20:07:49     All S-Parameters         :	0.000526553
2026-08-10 20:07:49   

                      ------------------------------------------------------------------------------
2026-08-10 20:07:57   Adaptive mesh refinement pass 3

                      ------------------------------------------------------------------------------
2026-08-10 20:08:37     Matrix setup time        :	5 s
                        Solver setup             :	16 s
                        Degrees of freedom       :	2337326
                        Number of mesh cells     :	356893

                        Stimulation port         :	Zmin
                        Mode number              :	1
                        Accuracy                 :	7.28437e-05
                        Iterations               :	11
                        Solver time              :	17 s


                      ------------------------------------------------------------------------------
2026-08-10 20:08:38     Delta calculation        
2026-08-10 20:08:38     All S-Parameters         :	0.000171142
2026-08-10 20:08:38   

                      ------------------------------------------------------------------------------
2026-08-10 20:08:38   Mesh adaptation terminated because the desired accuracy limit is reached.

                      ------------------------------------------------------------------------------
2026-08-10 20:08:38     Total time               :	128 s	 (= 0 h, 02 m, 08 s)

                      ------------------------------------------------------------------------------
2026-08-10 20:08:38   

                      ------------------------------------------------------------------------------
2026-08-10 20:08:38     Calculation 34 (Frequency: 21.496 THz, Theta: 0, Phi: 0)


                      ------------------------------------------------------------------------------
2026-08-10 20:08:38   Running the PortModeSolver.

                      ------------------------------------------------------------------------------
2026-08-10 20:08:40   Adaptive mesh refinement pass 1

                      ------------------------------------------------------------------------------
2026-08-10 20:09:13     Matrix setup time        :	2 s
                        Solver setup             :	14 s
                        Degrees of freedom       :	2337326
                        Number of mesh cells     :	356893

                        Stimulation port         :	Zmin
                        Mode number              :	1
                        Accuracy                 :	7.91789e-05
                        Iterations               :	10
                        Solver time              :	16 s


                      ------------------------------------------------------------------------------
2026-08-10 20:09:22   Adaptive mesh refinement pass 2

                      ------------------------------------------------------------------------------
2026-08-10 20:10:00     Matrix setup time        :	5 s
                        Solver setup             :	15 s
                        Degrees of freedom       :	2371866
                        Number of mesh cells     :	362165

                        Stimulation port         :	Zmin
                        Mode number              :	1
                        Accuracy                 :	5.76405e-05
                        Iterations               :	11
                        Solver time              :	16 s


                      ------------------------------------------------------------------------------
2026-08-10 20:10:00     Delta calculation        
2026-08-10 20:10:00     All S-Parameters         :	0.000808613
2026-08-10 20:10:00   

                      ------------------------------------------------------------------------------
2026-08-10 20:10:09   Adaptive mesh refinement pass 3

                      ------------------------------------------------------------------------------
2026-08-10 20:10:45     Matrix setup time        :	5 s
                        Solver setup             :	14 s
                        Degrees of freedom       :	2406784
                        Number of mesh cells     :	367467

                        Stimulation port         :	Zmin
                        Mode number              :	1
                        Accuracy                 :	5.15825e-05
                        Iterations               :	11
                        Solver time              :	16 s


                      ------------------------------------------------------------------------------
2026-08-10 20:10:46     Delta calculation        
2026-08-10 20:10:46     All S-Parameters         :	0.000143219
2026-08-10 20:10:46   

                      ------------------------------------------------------------------------------
2026-08-10 20:10:46   Mesh adaptation terminated because the desired accuracy limit is reached.

                      ------------------------------------------------------------------------------
2026-08-10 20:10:46     Total time               :	127 s	 (= 0 h, 02 m, 07 s)

                      ------------------------------------------------------------------------------
2026-08-10 20:10:46   

                      ------------------------------------------------------------------------------
2026-08-10 20:10:46     Calculation 35 (Frequency: 18.76 THz, Theta: 0, Phi: 0)


                      ------------------------------------------------------------------------------
2026-08-10 20:10:46   Running the PortModeSolver.

                      ------------------------------------------------------------------------------
2026-08-10 20:10:48   Adaptive mesh refinement pass 1

                      ------------------------------------------------------------------------------
2026-08-10 20:11:18     Matrix setup time        :	2 s
                        Solver setup             :	11 s
                        Degrees of freedom       :	2406784
                        Number of mesh cells     :	367467

                        Stimulation port         :	Zmin
                        Mode number              :	1
                        Accuracy                 :	8.53996e-05
                        Iterations               :	11
                        Solver time              :	15 s


                      ------------------------------------------------------------------------------
2026-08-10 20:11:19   The input reflection seems to be large at 18.76 THz, Theta: 0, Phi: 0.  More...

                      ------------------------------------------------------------------------------
2026-08-10 20:11:28   Adaptive mesh refinement pass 2

                      ------------------------------------------------------------------------------
2026-08-10 20:12:05     Matrix setup time        :	5 s
                        Solver setup             :	14 s
                        Degrees of freedom       :	2441396
                        Number of mesh cells     :	372756

                        Stimulation port         :	Zmin
                        Mode number              :	1
                        Accuracy                 :	8.8567e-05
                        Iterations               :	11
                        Solver time              :	16 s


                      ------------------------------------------------------------------------------
2026-08-10 20:12:06     Delta calculation        
2026-08-10 20:12:06     All S-Parameters         :	0.000253912
2026-08-10 20:12:06   

                      ------------------------------------------------------------------------------
2026-08-10 20:12:15   Adaptive mesh refinement pass 3

                      ------------------------------------------------------------------------------
2026-08-10 20:12:56     Matrix setup time        :	5 s
                        Solver setup             :	17 s
                        Degrees of freedom       :	2476360
                        Number of mesh cells     :	378094

                        Stimulation port         :	Zmin
                        Mode number              :	1
                        Accuracy                 :	9.54117e-05
                        Iterations               :	10
                        Solver time              :	16 s


                      ------------------------------------------------------------------------------
2026-08-10 20:12:57     Delta calculation        
2026-08-10 20:12:57     All S-Parameters         :	7.78077e-05
2026-08-10 20:12:57   

                      ------------------------------------------------------------------------------
2026-08-10 20:12:57   Mesh adaptation terminated because the desired accuracy limit is reached.

                      ------------------------------------------------------------------------------
2026-08-10 20:12:57     Total time               :	130 s	 (= 0 h, 02 m, 10 s)

                      ------------------------------------------------------------------------------
2026-08-10 20:12:57   

                      ------------------------------------------------------------------------------
2026-08-10 20:12:57     Calculation 36 (Frequency: 19.048 THz, Theta: 0, Phi: 0)


                      ------------------------------------------------------------------------------
2026-08-10 20:12:57   Running the PortModeSolver.

                      ------------------------------------------------------------------------------
2026-08-10 20:12:59   Adaptive mesh refinement pass 1

                      ------------------------------------------------------------------------------
2026-08-10 20:13:32     Matrix setup time        :	2 s
                        Solver setup             :	15 s
                        Degrees of freedom       :	2476360
                        Number of mesh cells     :	378094

                        Stimulation port         :	Zmin
                        Mode number              :	1
                        Accuracy                 :	7.13289e-05
                        Iterations               :	9
                        Solver time              :	15 s


                      ------------------------------------------------------------------------------
2026-08-10 20:13:33   The input reflection seems to be large at 19.048 THz, Theta: 0, Phi: 0.  More...

                      ------------------------------------------------------------------------------
2026-08-10 20:13:42   Adaptive mesh refinement pass 2

                      ------------------------------------------------------------------------------
2026-08-10 20:14:18     Matrix setup time        :	5 s
                        Solver setup             :	15 s
                        Degrees of freedom       :	2510828
                        Number of mesh cells     :	383398

                        Stimulation port         :	Zmin
                        Mode number              :	1
                        Accuracy                 :	6.69547e-05
                        Iterations               :	9
                        Solver time              :	14 s


                      ------------------------------------------------------------------------------
2026-08-10 20:14:19     Delta calculation        
2026-08-10 20:14:19     All S-Parameters         :	2.5032e-05
2026-08-10 20:14:19   

                      ------------------------------------------------------------------------------
2026-08-10 20:14:29   Adaptive mesh refinement pass 3

                      ------------------------------------------------------------------------------
2026-08-10 20:15:03     Matrix setup time        :	6 s
                        Solver setup             :	14 s
                        Degrees of freedom       :	2545224
                        Number of mesh cells     :	388657

                        Stimulation port         :	Zmin
                        Mode number              :	1
                        Accuracy                 :	6.61038e-05
                        Iterations               :	9
                        Solver time              :	13 s


                      ------------------------------------------------------------------------------
2026-08-10 20:15:04     Delta calculation        
2026-08-10 20:15:04     All S-Parameters         :	5.61759e-05
2026-08-10 20:15:04   

                      ------------------------------------------------------------------------------
2026-08-10 20:15:04   Mesh adaptation terminated because the desired accuracy limit is reached.

                      ------------------------------------------------------------------------------
2026-08-10 20:15:04     Total time               :	126 s	 (= 0 h, 02 m, 06 s)

                      ------------------------------------------------------------------------------
2026-08-10 20:15:04   

                      ------------------------------------------------------------------------------
2026-08-10 20:15:04     Calculation 37 (Frequency: 26.728 THz, Theta: 0, Phi: 0)


                      ------------------------------------------------------------------------------
2026-08-10 20:15:04   Running the PortModeSolver.

                      ------------------------------------------------------------------------------
2026-08-10 20:15:06   Adaptive mesh refinement pass 1

                      ------------------------------------------------------------------------------
2026-08-10 20:15:33     Matrix setup time        :	2 s
                        Solver setup             :	9 s
                        Degrees of freedom       :	2545224
                        Number of mesh cells     :	388657

                        Stimulation port         :	Zmin
                        Mode number              :	1
                        Accuracy                 :	9.20883e-05
                        Iterations               :	11
                        Solver time              :	15 s


                      ------------------------------------------------------------------------------
2026-08-10 20:15:42   Adaptive mesh refinement pass 2

                      ------------------------------------------------------------------------------
2026-08-10 20:16:16     Matrix setup time        :	5 s
                        Solver setup             :	13 s
                        Degrees of freedom       :	2578822
                        Number of mesh cells     :	393836

                        Stimulation port         :	Zmin
                        Mode number              :	1
                        Accuracy                 :	9.00405e-05
                        Iterations               :	11
                        Solver time              :	14 s


                      ------------------------------------------------------------------------------
2026-08-10 20:16:17     Delta calculation        
2026-08-10 20:16:17     All S-Parameters         :	2.24241e-05
2026-08-10 20:16:17   

                      ------------------------------------------------------------------------------
2026-08-10 20:16:26   Adaptive mesh refinement pass 3

                      ------------------------------------------------------------------------------
2026-08-10 20:17:02     Matrix setup time        :	5 s
                        Solver setup             :	13 s
                        Degrees of freedom       :	2612776
                        Number of mesh cells     :	399055

                        Stimulation port         :	Zmin
                        Mode number              :	1
                        Accuracy                 :	8.83958e-05
                        Iterations               :	11
                        Solver time              :	15 s


                      ------------------------------------------------------------------------------
2026-08-10 20:17:03     Delta calculation        
2026-08-10 20:17:03     All S-Parameters         :	8.66892e-05
2026-08-10 20:17:03   

                      ------------------------------------------------------------------------------
2026-08-10 20:17:03   Mesh adaptation terminated because the desired accuracy limit is reached.

                      ------------------------------------------------------------------------------
2026-08-10 20:17:03     Total time               :	118 s	 (= 0 h, 01 m, 58 s)

                      ------------------------------------------------------------------------------
2026-08-10 20:17:03   

                      ------------------------------------------------------------------------------
2026-08-10 20:17:03     Calculation 38 (Frequency: 25.6 THz, Theta: 0, Phi: 0)


                      ------------------------------------------------------------------------------
2026-08-10 20:17:03   Running the PortModeSolver.

                      ------------------------------------------------------------------------------
2026-08-10 20:17:04   Adaptive mesh refinement pass 1

                      ------------------------------------------------------------------------------
2026-08-10 20:17:33     Matrix setup time        :	2 s
                        Solver setup             :	11 s
                        Degrees of freedom       :	2612776
                        Number of mesh cells     :	399055

                        Stimulation port         :	Zmin
                        Mode number              :	1
                        Accuracy                 :	9.7358e-05
                        Iterations               :	10
                        Solver time              :	14 s


                      ------------------------------------------------------------------------------
2026-08-10 20:17:33   The input reflection seems to be large at 25.6 THz, Theta: 0, Phi: 0.  More...

                      ------------------------------------------------------------------------------
2026-08-10 20:17:42   Adaptive mesh refinement pass 2

                      ------------------------------------------------------------------------------
2026-08-10 20:18:19     Matrix setup time        :	5 s
                        Solver setup             :	14 s
                        Degrees of freedom       :	2646160
                        Number of mesh cells     :	404236

                        Stimulation port         :	Zmin
                        Mode number              :	1
                        Accuracy                 :	9.77633e-05
                        Iterations               :	10
                        Solver time              :	15 s


                      ------------------------------------------------------------------------------
2026-08-10 20:18:20     Delta calculation        
2026-08-10 20:18:20     All S-Parameters         :	2.62015e-05
2026-08-10 20:18:20   

                      ------------------------------------------------------------------------------
2026-08-10 20:18:29   Adaptive mesh refinement pass 3

                      ------------------------------------------------------------------------------
2026-08-10 20:19:08     Matrix setup time        :	6 s
                        Solver setup             :	16 s
                        Degrees of freedom       :	2679812
                        Number of mesh cells     :	409438

                        Stimulation port         :	Zmin
                        Mode number              :	1
                        Accuracy                 :	9.78486e-05
                        Iterations               :	10
                        Solver time              :	16 s


                      ------------------------------------------------------------------------------
2026-08-10 20:19:09     Delta calculation        
2026-08-10 20:19:09     All S-Parameters         :	3.98255e-05
2026-08-10 20:19:09   

                      ------------------------------------------------------------------------------
2026-08-10 20:19:09   Mesh adaptation terminated because the desired accuracy limit is reached.

                      ------------------------------------------------------------------------------
2026-08-10 20:19:09     Total time               :	126 s	 (= 0 h, 02 m, 06 s)

                      ------------------------------------------------------------------------------
2026-08-10 20:19:09   

                      ------------------------------------------------------------------------------
2026-08-10 20:19:09     Calculation 39 (Frequency: 19.168 THz, Theta: 0, Phi: 0)


                      ------------------------------------------------------------------------------
2026-08-10 20:19:09   Running the PortModeSolver.

                      ------------------------------------------------------------------------------
2026-08-10 20:19:11   Adaptive mesh refinement pass 1

                      ------------------------------------------------------------------------------
2026-08-10 20:19:43     Matrix setup time        :	2 s
                        Solver setup             :	14 s
                        Degrees of freedom       :	2679812
                        Number of mesh cells     :	409438

                        Stimulation port         :	Zmin
                        Mode number              :	1
                        Accuracy                 :	6.18496e-05
                        Iterations               :	9
                        Solver time              :	14 s


                      ------------------------------------------------------------------------------
2026-08-10 20:19:44   The input reflection seems to be large at 19.168 THz, Theta: 0, Phi: 0.  More...

                      ------------------------------------------------------------------------------
2026-08-10 20:19:54   Adaptive mesh refinement pass 2

                      ------------------------------------------------------------------------------
2026-08-10 20:20:33     Matrix setup time        :	6 s
                        Solver setup             :	17 s
                        Degrees of freedom       :	2714512
                        Number of mesh cells     :	414723

                        Stimulation port         :	Zmin
                        Mode number              :	1
                        Accuracy                 :	6.21697e-05
                        Iterations               :	9
                        Solver time              :	15 s


                      ------------------------------------------------------------------------------
2026-08-10 20:20:34     Delta calculation        
2026-08-10 20:20:34     All S-Parameters         :	3.24115e-05
2026-08-10 20:20:34   

                      ------------------------------------------------------------------------------
2026-08-10 20:20:44   Adaptive mesh refinement pass 3

                      ------------------------------------------------------------------------------
2026-08-10 20:21:34     Matrix setup time        :	6 s
                        Solver setup             :	25 s
                        Degrees of freedom       :	2749228
                        Number of mesh cells     :	420013

                        Stimulation port         :	Zmin
                        Mode number              :	1
                        Accuracy                 :	6.19677e-05
                        Iterations               :	9
                        Solver time              :	17 s


                      ------------------------------------------------------------------------------
2026-08-10 20:21:35     Delta calculation        
2026-08-10 20:21:35     All S-Parameters         :	4.02486e-05
2026-08-10 20:21:35   

                      ------------------------------------------------------------------------------
2026-08-10 20:21:35   Mesh adaptation terminated because the desired accuracy limit is reached.

                      ------------------------------------------------------------------------------
2026-08-10 20:21:35     Total time               :	145 s	 (= 0 h, 02 m, 25 s)

                      ------------------------------------------------------------------------------
2026-08-10 20:21:35   

                      ------------------------------------------------------------------------------
2026-08-10 20:21:35     Calculation 40 (Frequency: 25.24 THz, Theta: 0, Phi: 0)


                      ------------------------------------------------------------------------------
2026-08-10 20:21:35   Running the PortModeSolver.

                      ------------------------------------------------------------------------------
2026-08-10 20:21:37   Adaptive mesh refinement pass 1

                      ------------------------------------------------------------------------------
2026-08-10 20:22:21     Matrix setup time        :	3 s
                        Solver setup             :	22 s
                        Degrees of freedom       :	2749228
                        Number of mesh cells     :	420013

                        Stimulation port         :	Zmin
                        Mode number              :	1
                        Accuracy                 :	5.95059e-05
                        Iterations               :	10
                        Solver time              :	19 s


                      ------------------------------------------------------------------------------
2026-08-10 20:22:22   The input reflection seems to be large at 25.24 THz, Theta: 0, Phi: 0.  More...

                      ------------------------------------------------------------------------------
2026-08-10 20:22:33   Adaptive mesh refinement pass 2

                      ------------------------------------------------------------------------------
2026-08-10 20:23:19     Matrix setup time        :	6 s
                        Solver setup             :	20 s
                        Degrees of freedom       :	2783464
                        Number of mesh cells     :	425278

                        Stimulation port         :	Zmin
                        Mode number              :	1
                        Accuracy                 :	5.84698e-05
                        Iterations               :	10
                        Solver time              :	18 s


                      ------------------------------------------------------------------------------
2026-08-10 20:23:20     Delta calculation        
2026-08-10 20:23:20     All S-Parameters         :	7.89963e-05
2026-08-10 20:23:20   

                      ------------------------------------------------------------------------------
2026-08-10 20:23:30   Adaptive mesh refinement pass 3

                      ------------------------------------------------------------------------------
2026-08-10 20:24:15     Matrix setup time        :	6 s
                        Solver setup             :	19 s
                        Degrees of freedom       :	2817668
                        Number of mesh cells     :	430534

                        Stimulation port         :	Zmin
                        Mode number              :	1
                        Accuracy                 :	5.69861e-05
                        Iterations               :	10
                        Solver time              :	18 s


                      ------------------------------------------------------------------------------
2026-08-10 20:24:16     Delta calculation        
2026-08-10 20:24:16     All S-Parameters         :	5.85507e-05
2026-08-10 20:24:16   

                      ------------------------------------------------------------------------------
2026-08-10 20:24:16   Mesh adaptation terminated because the desired accuracy limit is reached.

                      ------------------------------------------------------------------------------
2026-08-10 20:24:16     Total time               :	160 s	 (= 0 h, 02 m, 40 s)

                      ------------------------------------------------------------------------------
2026-08-10 20:24:16   

                      ------------------------------------------------------------------------------
2026-08-10 20:24:16     Calculation 41 (Frequency: 21.64 THz, Theta: 0, Phi: 0)


                      ------------------------------------------------------------------------------
2026-08-10 20:24:16   Running the PortModeSolver.

                      ------------------------------------------------------------------------------
2026-08-10 20:24:18   Adaptive mesh refinement pass 1

                      ------------------------------------------------------------------------------
2026-08-10 20:24:58     Matrix setup time        :	3 s
                        Solver setup             :	16 s
                        Degrees of freedom       :	2817668
                        Number of mesh cells     :	430534

                        Stimulation port         :	Zmin
                        Mode number              :	1
                        Accuracy                 :	6.21309e-05
                        Iterations               :	11
                        Solver time              :	19 s


                      ------------------------------------------------------------------------------
2026-08-10 20:25:09   Adaptive mesh refinement pass 2

                      ------------------------------------------------------------------------------
2026-08-10 20:25:55     Matrix setup time        :	7 s
                        Solver setup             :	19 s
                        Degrees of freedom       :	2852310
                        Number of mesh cells     :	435823

                        Stimulation port         :	Zmin
                        Mode number              :	1
                        Accuracy                 :	9.22222e-05
                        Iterations               :	10
                        Solver time              :	18 s


                      ------------------------------------------------------------------------------
2026-08-10 20:25:56     Delta calculation        
2026-08-10 20:25:56     All S-Parameters         :	0.000482677
2026-08-10 20:25:56   

                      ------------------------------------------------------------------------------
2026-08-10 20:26:06   Adaptive mesh refinement pass 3

                      ------------------------------------------------------------------------------
2026-08-10 20:26:52     Matrix setup time        :	7 s
                        Solver setup             :	19 s
                        Degrees of freedom       :	2887002
                        Number of mesh cells     :	441127

                        Stimulation port         :	Zmin
                        Mode number              :	1
                        Accuracy                 :	8.7716e-05
                        Iterations               :	10
                        Solver time              :	18 s


                      ------------------------------------------------------------------------------
2026-08-10 20:26:53     Delta calculation        
2026-08-10 20:26:53     All S-Parameters         :	0.00024124
2026-08-10 20:26:53   

                      ------------------------------------------------------------------------------
2026-08-10 20:26:53   Mesh adaptation terminated because the desired accuracy limit is reached.

                      ------------------------------------------------------------------------------
2026-08-10 20:26:53     Total time               :	156 s	 (= 0 h, 02 m, 36 s)

                      ------------------------------------------------------------------------------
2026-08-10 20:26:53   

                      ------------------------------------------------------------------------------
2026-08-10 20:26:53     Calculation 42 (Frequency: 26.656 THz, Theta: 0, Phi: 0)


                      ------------------------------------------------------------------------------
2026-08-10 20:26:53   Running the PortModeSolver.

                      ------------------------------------------------------------------------------
2026-08-10 20:26:54   Adaptive mesh refinement pass 1

                      ------------------------------------------------------------------------------
2026-08-10 20:27:35     Matrix setup time        :	3 s
                        Solver setup             :	15 s
                        Degrees of freedom       :	2887002
                        Number of mesh cells     :	441127

                        Stimulation port         :	Zmin
                        Mode number              :	1
                        Accuracy                 :	9.28822e-05
                        Iterations               :	12
                        Solver time              :	22 s


                      ------------------------------------------------------------------------------
2026-08-10 20:27:47   Adaptive mesh refinement pass 2

                      ------------------------------------------------------------------------------
2026-08-10 20:28:34     Matrix setup time        :	7 s
                        Solver setup             :	19 s
                        Degrees of freedom       :	2920810
                        Number of mesh cells     :	446320

                        Stimulation port         :	Zmin
                        Mode number              :	1
                        Accuracy                 :	9.4197e-05
                        Iterations               :	11
                        Solver time              :	20 s


                      ------------------------------------------------------------------------------
2026-08-10 20:28:35     Delta calculation        
2026-08-10 20:28:35     All S-Parameters         :	8.53351e-05
2026-08-10 20:28:35   

                      ------------------------------------------------------------------------------
2026-08-10 20:28:46   Adaptive mesh refinement pass 3

                      ------------------------------------------------------------------------------
2026-08-10 20:29:35     Matrix setup time        :	7 s
                        Solver setup             :	19 s
                        Degrees of freedom       :	2954392
                        Number of mesh cells     :	451515

                        Stimulation port         :	Zmin
                        Mode number              :	1
                        Accuracy                 :	5.42167e-05
                        Iterations               :	12
                        Solver time              :	22 s


                      ------------------------------------------------------------------------------
2026-08-10 20:29:36     Delta calculation        
2026-08-10 20:29:36     All S-Parameters         :	0.000132691
2026-08-10 20:29:36   

                      ------------------------------------------------------------------------------
2026-08-10 20:29:36   Mesh adaptation terminated because the desired accuracy limit is reached.

                      ------------------------------------------------------------------------------
2026-08-10 20:29:36     Total time               :	163 s	 (= 0 h, 02 m, 43 s)

                      ------------------------------------------------------------------------------
2026-08-10 20:29:36   

                      ------------------------------------------------------------------------------
2026-08-10 20:29:36     Calculation 43 (Frequency: 18.328 THz, Theta: 0, Phi: 0)


                      ------------------------------------------------------------------------------
2026-08-10 20:29:36   Running the PortModeSolver.

                      ------------------------------------------------------------------------------
2026-08-10 20:29:38   Adaptive mesh refinement pass 1

                      ------------------------------------------------------------------------------
2026-08-10 20:30:13     Matrix setup time        :	3 s
                        Solver setup             :	16 s
                        Degrees of freedom       :	2954392
                        Number of mesh cells     :	451515

                        Stimulation port         :	Zmin
                        Mode number              :	1
                        Accuracy                 :	7.52274e-05
                        Iterations               :	8
                        Solver time              :	15 s


                      ------------------------------------------------------------------------------
2026-08-10 20:30:14   The input reflection seems to be large at 18.328 THz, Theta: 0, Phi: 0.  More...

                      ------------------------------------------------------------------------------
2026-08-10 20:30:25   Adaptive mesh refinement pass 2

                      ------------------------------------------------------------------------------
2026-08-10 20:31:16     Matrix setup time        :	7 s
                        Solver setup             :	26 s
                        Degrees of freedom       :	2988180
                        Number of mesh cells     :	456733

                        Stimulation port         :	Zmin
                        Mode number              :	1
                        Accuracy                 :	7.24386e-05
                        Iterations               :	8
                        Solver time              :	17 s


                      ------------------------------------------------------------------------------
2026-08-10 20:31:17     Delta calculation        
2026-08-10 20:31:17     All S-Parameters         :	1.80901e-05
2026-08-10 20:31:17   

                      ------------------------------------------------------------------------------
2026-08-10 20:31:29   Adaptive mesh refinement pass 3

                      ------------------------------------------------------------------------------
2026-08-10 20:32:14     Matrix setup time        :	7 s
                        Solver setup             :	21 s
                        Degrees of freedom       :	3022334
                        Number of mesh cells     :	461977

                        Stimulation port         :	Zmin
                        Mode number              :	1
                        Accuracy                 :	7.19518e-05
                        Iterations               :	8
                        Solver time              :	15 s


                      ------------------------------------------------------------------------------
2026-08-10 20:32:15     Delta calculation        
2026-08-10 20:32:15     All S-Parameters         :	3.52936e-05
2026-08-10 20:32:15   

                      ------------------------------------------------------------------------------
2026-08-10 20:32:15   Mesh adaptation terminated because the desired accuracy limit is reached.

                      ------------------------------------------------------------------------------
2026-08-10 20:32:15     Total time               :	158 s	 (= 0 h, 02 m, 38 s)

                      ------------------------------------------------------------------------------
2026-08-10 20:32:15   

                      ------------------------------------------------------------------------------
2026-08-10 20:32:15     Calculation 44 (Frequency: 30.232 THz, Theta: 0, Phi: 0)


                      ------------------------------------------------------------------------------
2026-08-10 20:32:15   Running the PortModeSolver.

                      ------------------------------------------------------------------------------
2026-08-10 20:32:17   Adaptive mesh refinement pass 1

                      ------------------------------------------------------------------------------
2026-08-10 20:32:56     Matrix setup time        :	3 s
                        Solver setup             :	18 s
                        Degrees of freedom       :	3022334
                        Number of mesh cells     :	461977

                        Stimulation port         :	Zmin
                        Mode number              :	1
                        Accuracy                 :	9.44679e-05
                        Iterations               :	9
                        Solver time              :	17 s


                      ------------------------------------------------------------------------------
2026-08-10 20:33:08   Adaptive mesh refinement pass 2

                      ------------------------------------------------------------------------------
2026-08-10 20:33:51     Matrix setup time        :	6 s
                        Solver setup             :	19 s
                        Degrees of freedom       :	3055302
                        Number of mesh cells     :	467120

                        Stimulation port         :	Zmin
                        Mode number              :	1
                        Accuracy                 :	6.65186e-05
                        Iterations               :	9
                        Solver time              :	15 s


                      ------------------------------------------------------------------------------
2026-08-10 20:33:52     Delta calculation        
2026-08-10 20:33:52     All S-Parameters         :	2.88982e-05
2026-08-10 20:33:52   

                      ------------------------------------------------------------------------------
2026-08-10 20:34:02   Adaptive mesh refinement pass 3

                      ------------------------------------------------------------------------------
2026-08-10 20:34:50     Matrix setup time        :	6 s
                        Solver setup             :	23 s
                        Degrees of freedom       :	3088504
                        Number of mesh cells     :	472281

                        Stimulation port         :	Zmin
                        Mode number              :	1
                        Accuracy                 :	6.64565e-05
                        Iterations               :	9
                        Solver time              :	18 s


                      ------------------------------------------------------------------------------
2026-08-10 20:34:51     Delta calculation        
2026-08-10 20:34:51     All S-Parameters         :	7.89082e-06
2026-08-10 20:34:51   

                      ------------------------------------------------------------------------------
2026-08-10 20:34:51   Mesh adaptation terminated because the desired accuracy limit is reached.

                      ------------------------------------------------------------------------------
2026-08-10 20:34:52     Total time               :	156 s	 (= 0 h, 02 m, 36 s)

                      ------------------------------------------------------------------------------
2026-08-10 20:34:52   

                      ------------------------------------------------------------------------------
2026-08-10 20:34:52     Calculation 45 (Frequency: 26.608 THz, Theta: 0, Phi: 0)


                      ------------------------------------------------------------------------------
2026-08-10 20:34:52   Running the PortModeSolver.

                      ------------------------------------------------------------------------------
2026-08-10 20:34:53   Adaptive mesh refinement pass 1

                      ------------------------------------------------------------------------------
2026-08-10 20:35:39     Matrix setup time        :	3 s
                        Solver setup             :	18 s
                        Degrees of freedom       :	3088504
                        Number of mesh cells     :	472281

                        Stimulation port         :	Zmin
                        Mode number              :	1
                        Accuracy                 :	9.36116e-05
                        Iterations               :	12
                        Solver time              :	23 s


                      ------------------------------------------------------------------------------
2026-08-10 20:35:52   Adaptive mesh refinement pass 2

                      ------------------------------------------------------------------------------
2026-08-10 20:36:47     Matrix setup time        :	7 s
                        Solver setup             :	24 s
                        Degrees of freedom       :	3122380
                        Number of mesh cells     :	477472

                        Stimulation port         :	Zmin
                        Mode number              :	1
                        Accuracy                 :	8.82081e-05
                        Iterations               :	12
                        Solver time              :	23 s


                      ------------------------------------------------------------------------------
2026-08-10 20:36:49     Delta calculation        
2026-08-10 20:36:49     All S-Parameters         :	7.36255e-05
2026-08-10 20:36:49   

                      ------------------------------------------------------------------------------
2026-08-10 20:37:00   Adaptive mesh refinement pass 3

                      ------------------------------------------------------------------------------
2026-08-10 20:38:00     Matrix setup time        :	7 s
                        Solver setup             :	26 s
                        Degrees of freedom       :	3156174
                        Number of mesh cells     :	482697

                        Stimulation port         :	Zmin
                        Mode number              :	1
                        Accuracy                 :	8.90213e-05
                        Iterations               :	12
                        Solver time              :	25 s


                      ------------------------------------------------------------------------------
2026-08-10 20:38:01     Delta calculation        
2026-08-10 20:38:01     All S-Parameters         :	5.54696e-05
2026-08-10 20:38:01   

                      ------------------------------------------------------------------------------
2026-08-10 20:38:01   Mesh adaptation terminated because the desired accuracy limit is reached.

                      ------------------------------------------------------------------------------
2026-08-10 20:38:01     Total time               :	189 s	 (= 0 h, 03 m, 09 s)

                      ------------------------------------------------------------------------------
2026-08-10 20:38:01   

                      ------------------------------------------------------------------------------
2026-08-10 20:38:01     Calculation 46 (Frequency: 26.032 THz, Theta: 0, Phi: 0)


                      ------------------------------------------------------------------------------
2026-08-10 20:38:01   Running the PortModeSolver.

                      ------------------------------------------------------------------------------
2026-08-10 20:38:03   Adaptive mesh refinement pass 1

                      ------------------------------------------------------------------------------
2026-08-10 20:38:48     Matrix setup time        :	3 s
                        Solver setup             :	22 s
                        Degrees of freedom       :	3156174
                        Number of mesh cells     :	482697

                        Stimulation port         :	Zmin
                        Mode number              :	1
                        Accuracy                 :	7.78805e-05
                        Iterations               :	9
                        Solver time              :	19 s


                      ------------------------------------------------------------------------------
2026-08-10 20:38:49   The input reflection seems to be large at 26.032 THz, Theta: 0, Phi: 0.  More...

                      ------------------------------------------------------------------------------
2026-08-10 20:39:01   Adaptive mesh refinement pass 2

                      ------------------------------------------------------------------------------
2026-08-10 20:39:52     Matrix setup time        :	7 s
                        Solver setup             :	24 s
                        Degrees of freedom       :	3190040
                        Number of mesh cells     :	487882

                        Stimulation port         :	Zmin
                        Mode number              :	1
                        Accuracy                 :	7.63514e-05
                        Iterations               :	9
                        Solver time              :	18 s


                      ------------------------------------------------------------------------------
2026-08-10 20:39:54     Delta calculation        
2026-08-10 20:39:54     All S-Parameters         :	1.30364e-05
2026-08-10 20:39:54   

                      ------------------------------------------------------------------------------
2026-08-10 20:40:06   Adaptive mesh refinement pass 3

                      ------------------------------------------------------------------------------
2026-08-10 20:40:59     Matrix setup time        :	7 s
                        Solver setup             :	26 s
                        Degrees of freedom       :	3223712
                        Number of mesh cells     :	493081

                        Stimulation port         :	Zmin
                        Mode number              :	1
                        Accuracy                 :	7.51846e-05
                        Iterations               :	9
                        Solver time              :	19 s


                      ------------------------------------------------------------------------------
2026-08-10 20:41:00     Delta calculation        
2026-08-10 20:41:00     All S-Parameters         :	1.86018e-05
2026-08-10 20:41:00   

                      ------------------------------------------------------------------------------
2026-08-10 20:41:00   Mesh adaptation terminated because the desired accuracy limit is reached.

                      ------------------------------------------------------------------------------
2026-08-10 20:41:01     Total time               :	179 s	 (= 0 h, 02 m, 59 s)

                      ------------------------------------------------------------------------------
2026-08-10 20:41:01   

                      ------------------------------------------------------------------------------
2026-08-10 20:41:01     Calculation 47 (Frequency: 26.392 THz, Theta: 0, Phi: 0)


                      ------------------------------------------------------------------------------
2026-08-10 20:41:01   Running the PortModeSolver.

                      ------------------------------------------------------------------------------
2026-08-10 20:41:02   Adaptive mesh refinement pass 1

                      ------------------------------------------------------------------------------
2026-08-10 20:41:48     Matrix setup time        :	3 s
                        Solver setup             :	22 s
                        Degrees of freedom       :	3223712
                        Number of mesh cells     :	493081

                        Stimulation port         :	Zmin
                        Mode number              :	1
                        Accuracy                 :	5.57274e-05
                        Iterations               :	9
                        Solver time              :	19 s


                      ------------------------------------------------------------------------------
2026-08-10 20:41:49   The input reflection seems to be large at 26.392 THz, Theta: 0, Phi: 0.  More...

                      ------------------------------------------------------------------------------
2026-08-10 20:42:01   Adaptive mesh refinement pass 2

                      ------------------------------------------------------------------------------
2026-08-10 20:43:03     Matrix setup time        :	7 s
                        Solver setup             :	28 s
                        Degrees of freedom       :	3257756
                        Number of mesh cells     :	498297

                        Stimulation port         :	Zmin
                        Mode number              :	1
                        Accuracy                 :	4.022e-05
                        Iterations               :	11
                        Solver time              :	24 s


                      ------------------------------------------------------------------------------
2026-08-10 20:43:04     Delta calculation        
2026-08-10 20:43:04     All S-Parameters         :	4.44407e-05
2026-08-10 20:43:04   

                      ------------------------------------------------------------------------------
2026-08-10 20:43:17   Adaptive mesh refinement pass 3

                      ------------------------------------------------------------------------------
2026-08-10 20:44:16     Matrix setup time        :	7 s
                        Solver setup             :	28 s
                        Degrees of freedom       :	3291884
                        Number of mesh cells     :	503544

                        Stimulation port         :	Zmin
                        Mode number              :	1
                        Accuracy                 :	3.92953e-05
                        Iterations               :	11
                        Solver time              :	22 s


                      ------------------------------------------------------------------------------
2026-08-10 20:44:17     Delta calculation        
2026-08-10 20:44:17     All S-Parameters         :	2.89349e-05
2026-08-10 20:44:17   

                      ------------------------------------------------------------------------------
2026-08-10 20:44:17   Mesh adaptation terminated because the desired accuracy limit is reached.

                      ------------------------------------------------------------------------------
2026-08-10 20:44:17     Total time               :	196 s	 (= 0 h, 03 m, 16 s)

                      ------------------------------------------------------------------------------
2026-08-10 20:44:17   

                      ------------------------------------------------------------------------------
2026-08-10 20:44:17     Calculation 48 (Frequency: 26.872 THz, Theta: 0, Phi: 0)


                      ------------------------------------------------------------------------------
2026-08-10 20:44:17   Running the PortModeSolver.

                      ------------------------------------------------------------------------------
2026-08-10 20:44:18   Adaptive mesh refinement pass 1

                      ------------------------------------------------------------------------------
2026-08-10 20:45:01     Matrix setup time        :	3 s
                        Solver setup             :	21 s
                        Degrees of freedom       :	3291884
                        Number of mesh cells     :	503544

                        Stimulation port         :	Zmin
                        Mode number              :	1
                        Accuracy                 :	9.90754e-05
                        Iterations               :	8
                        Solver time              :	17 s


                      ------------------------------------------------------------------------------
2026-08-10 20:45:15   Adaptive mesh refinement pass 2

                      ------------------------------------------------------------------------------
2026-08-10 20:46:10     Matrix setup time        :	7 s
                        Solver setup             :	26 s
                        Degrees of freedom       :	3325054
                        Number of mesh cells     :	508704

                        Stimulation port         :	Zmin
                        Mode number              :	1
                        Accuracy                 :	7.05419e-05
                        Iterations               :	10
                        Solver time              :	21 s


                      ------------------------------------------------------------------------------
2026-08-10 20:46:12     Delta calculation        
2026-08-10 20:46:12     All S-Parameters         :	0.000100551
2026-08-10 20:46:12   

                      ------------------------------------------------------------------------------
2026-08-10 20:46:24   Adaptive mesh refinement pass 3

                      ------------------------------------------------------------------------------
2026-08-10 20:47:18     Matrix setup time        :	8 s
                        Solver setup             :	24 s
                        Degrees of freedom       :	3358362
                        Number of mesh cells     :	513864

                        Stimulation port         :	Zmin
                        Mode number              :	1
                        Accuracy                 :	7.23607e-05
                        Iterations               :	10
                        Solver time              :	21 s


                      ------------------------------------------------------------------------------
2026-08-10 20:47:19     Delta calculation        
2026-08-10 20:47:19     All S-Parameters         :	1.2672e-05
2026-08-10 20:47:19   

                      ------------------------------------------------------------------------------
2026-08-10 20:47:19   Mesh adaptation terminated because the desired accuracy limit is reached.

                      ------------------------------------------------------------------------------
2026-08-10 20:47:20     Total time               :	182 s	 (= 0 h, 03 m, 02 s)

                      ------------------------------------------------------------------------------
2026-08-10 20:47:20   

                      ------------------------------------------------------------------------------
2026-08-10 20:47:20     Calculation 49 (Frequency: 22.336 THz, Theta: 0, Phi: 0)


                      ------------------------------------------------------------------------------
2026-08-10 20:47:20   Running the PortModeSolver.

                      ------------------------------------------------------------------------------
2026-08-10 20:47:21   Adaptive mesh refinement pass 1

                      ------------------------------------------------------------------------------
2026-08-10 20:48:05     Matrix setup time        :	3 s
                        Solver setup             :	20 s
                        Degrees of freedom       :	3358362
                        Number of mesh cells     :	513864

                        Stimulation port         :	Zmin
                        Mode number              :	1
                        Accuracy                 :	6.92575e-05
                        Iterations               :	9
                        Solver time              :	19 s


                      ------------------------------------------------------------------------------
2026-08-10 20:48:18   Adaptive mesh refinement pass 2

                      ------------------------------------------------------------------------------
2026-08-10 20:49:14     Matrix setup time        :	8 s
                        Solver setup             :	26 s
                        Degrees of freedom       :	3392916
                        Number of mesh cells     :	519141

                        Stimulation port         :	Zmin
                        Mode number              :	1
                        Accuracy                 :	6.42495e-05
                        Iterations               :	9
                        Solver time              :	20 s


                      ------------------------------------------------------------------------------
2026-08-10 20:49:15     Delta calculation        
2026-08-10 20:49:15     All S-Parameters         :	8.9046e-05
2026-08-10 20:49:15   

                      ------------------------------------------------------------------------------
2026-08-10 20:49:27   Adaptive mesh refinement pass 3

                      ------------------------------------------------------------------------------
2026-08-10 20:50:27     Matrix setup time        :	8 s
                        Solver setup             :	29 s
                        Degrees of freedom       :	3427536
                        Number of mesh cells     :	524421

                        Stimulation port         :	Zmin
                        Mode number              :	1
                        Accuracy                 :	6.09399e-05
                        Iterations               :	9
                        Solver time              :	21 s


                      ------------------------------------------------------------------------------
2026-08-10 20:50:28     Delta calculation        
2026-08-10 20:50:28     All S-Parameters         :	8.00273e-05
2026-08-10 20:50:28   

                      ------------------------------------------------------------------------------
2026-08-10 20:50:28   Mesh adaptation terminated because the desired accuracy limit is reached.

                      ------------------------------------------------------------------------------
2026-08-10 20:50:28     Total time               :	188 s	 (= 0 h, 03 m, 08 s)

                      ------------------------------------------------------------------------------
2026-08-10 20:50:28   

                      ------------------------------------------------------------------------------
2026-08-10 20:50:28     Calculation 50 (Frequency: 26.488 THz, Theta: 0, Phi: 0)


                      ------------------------------------------------------------------------------
2026-08-10 20:50:28   Running the PortModeSolver.

                      ------------------------------------------------------------------------------
2026-08-10 20:50:30   Adaptive mesh refinement pass 1

                      ------------------------------------------------------------------------------
2026-08-10 20:51:30     Matrix setup time        :	3 s
                        Solver setup             :	26 s
                        Degrees of freedom       :	3427536
                        Number of mesh cells     :	524421

                        Stimulation port         :	Zmin
                        Mode number              :	1
                        Accuracy                 :	8.78914e-05
                        Iterations               :	13
                        Solver time              :	29 s


                      ------------------------------------------------------------------------------
2026-08-10 20:51:44   Adaptive mesh refinement pass 2

                      ------------------------------------------------------------------------------
2026-08-10 20:53:03     Matrix setup time        :	8 s
                        Solver setup             :	38 s
                        Degrees of freedom       :	3461094
                        Number of mesh cells     :	529585

                        Stimulation port         :	Zmin
                        Mode number              :	1
                        Accuracy                 :	9.31958e-05
                        Iterations               :	13
                        Solver time              :	31 s


                      ------------------------------------------------------------------------------
2026-08-10 20:53:04     Delta calculation        
2026-08-10 20:53:04     All S-Parameters         :	5.75502e-05
2026-08-10 20:53:04   

                      ------------------------------------------------------------------------------
2026-08-10 20:53:17   Adaptive mesh refinement pass 3

                      ------------------------------------------------------------------------------
2026-08-10 20:54:25     Matrix setup time        :	8 s
                        Solver setup             :	28 s
                        Degrees of freedom       :	3495058
                        Number of mesh cells     :	534823

                        Stimulation port         :	Zmin
                        Mode number              :	1
                        Accuracy                 :	8.56343e-05
                        Iterations               :	13
                        Solver time              :	30 s


                      ------------------------------------------------------------------------------
2026-08-10 20:54:27     Delta calculation        
2026-08-10 20:54:27     All S-Parameters         :	3.84473e-05
2026-08-10 20:54:27   

                      ------------------------------------------------------------------------------
2026-08-10 20:54:27   Mesh adaptation terminated because the desired accuracy limit is reached.

                      ------------------------------------------------------------------------------
2026-08-10 20:54:27     Total time               :	238 s	 (= 0 h, 03 m, 58 s)

                      ------------------------------------------------------------------------------
2026-08-10 20:54:27   

                      ------------------------------------------------------------------------------
2026-08-10 20:54:27     Calculation 51 (Frequency: 17.632 THz, Theta: 0, Phi: 0)


                      ------------------------------------------------------------------------------
2026-08-10 20:54:27   Running the PortModeSolver.

                      ------------------------------------------------------------------------------
2026-08-10 20:54:28   Adaptive mesh refinement pass 1

                      ------------------------------------------------------------------------------
2026-08-10 20:55:17     Matrix setup time        :	4 s
                        Solver setup             :	24 s
                        Degrees of freedom       :	3495058
                        Number of mesh cells     :	534823

                        Stimulation port         :	Zmin
                        Mode number              :	1
                        Accuracy                 :	5.63186e-05
                        Iterations               :	8
                        Solver time              :	19 s


                      ------------------------------------------------------------------------------
2026-08-10 20:55:30   Adaptive mesh refinement pass 2

                      ------------------------------------------------------------------------------
2026-08-10 20:56:36     Matrix setup time        :	8 s
                        Solver setup             :	36 s
                        Degrees of freedom       :	3528860
                        Number of mesh cells     :	540030

                        Stimulation port         :	Zmin
                        Mode number              :	1
                        Accuracy                 :	5.68232e-05
                        Iterations               :	8
                        Solver time              :	21 s


                      ------------------------------------------------------------------------------
2026-08-10 20:56:38     Delta calculation        
2026-08-10 20:56:38     All S-Parameters         :	0.000102457
2026-08-10 20:56:38   

                      ------------------------------------------------------------------------------
2026-08-10 20:56:51   Adaptive mesh refinement pass 3

                      ------------------------------------------------------------------------------
2026-08-10 20:57:51     Matrix setup time        :	8 s
                        Solver setup             :	31 s
                        Degrees of freedom       :	3562930
                        Number of mesh cells     :	545273

                        Stimulation port         :	Zmin
                        Mode number              :	1
                        Accuracy                 :	5.78121e-05
                        Iterations               :	8
                        Solver time              :	20 s


                      ------------------------------------------------------------------------------
2026-08-10 20:57:53     Delta calculation        
2026-08-10 20:57:53     All S-Parameters         :	4.43333e-05
2026-08-10 20:57:53   

                      ------------------------------------------------------------------------------
2026-08-10 20:57:53   Mesh adaptation terminated because the desired accuracy limit is reached.

                      ------------------------------------------------------------------------------
2026-08-10 20:57:53     Total time               :	205 s	 (= 0 h, 03 m, 25 s)

                      ------------------------------------------------------------------------------
2026-08-10 20:57:53   

                      ------------------------------------------------------------------------------
2026-08-10 20:57:53     Calculation 52 (Frequency: 26.464 THz, Theta: 0, Phi: 0)


                      ------------------------------------------------------------------------------
2026-08-10 20:57:53   Running the PortModeSolver.

                      ------------------------------------------------------------------------------
2026-08-10 20:57:55   Adaptive mesh refinement pass 1

                      ------------------------------------------------------------------------------
2026-08-10 20:58:51     Matrix setup time        :	3 s
                        Solver setup             :	27 s
                        Degrees of freedom       :	3562930
                        Number of mesh cells     :	545273

                        Stimulation port         :	Zmin
                        Mode number              :	1
                        Accuracy                 :	8.95819e-05
                        Iterations               :	10
                        Solver time              :	24 s


                      ------------------------------------------------------------------------------
2026-08-10 20:58:53   The input reflection seems to be large at 26.464 THz, Theta: 0, Phi: 0.  More...

                      ------------------------------------------------------------------------------
2026-08-10 20:59:06   Adaptive mesh refinement pass 2

                      ------------------------------------------------------------------------------
2026-08-10 21:00:20     Matrix setup time        :	8 s
                        Solver setup             :	32 s
                        Degrees of freedom       :	3597038
                        Number of mesh cells     :	550522

                        Stimulation port         :	Zmin
                        Mode number              :	1
                        Accuracy                 :	2.93059e-05
                        Iterations               :	13
                        Solver time              :	31 s


                      ------------------------------------------------------------------------------
2026-08-10 21:00:21     Delta calculation        
2026-08-10 21:00:21     All S-Parameters         :	0.000128354
2026-08-10 21:00:21   

                      ------------------------------------------------------------------------------
2026-08-10 21:00:35   Adaptive mesh refinement pass 3

                      ------------------------------------------------------------------------------
2026-08-10 21:01:45     Matrix setup time        :	9 s
                        Solver setup             :	28 s
                        Degrees of freedom       :	3631510
                        Number of mesh cells     :	555801

                        Stimulation port         :	Zmin
                        Mode number              :	1
                        Accuracy                 :	2.89647e-05
                        Iterations               :	13
                        Solver time              :	31 s


                      ------------------------------------------------------------------------------
2026-08-10 21:01:46     Delta calculation        
2026-08-10 21:01:46     All S-Parameters         :	2.71483e-05
2026-08-10 21:01:46   

                      ------------------------------------------------------------------------------
2026-08-10 21:01:46   Mesh adaptation terminated because the desired accuracy limit is reached.

                      ------------------------------------------------------------------------------
2026-08-10 21:01:46     Total time               :	233 s	 (= 0 h, 03 m, 53 s)

                      ------------------------------------------------------------------------------
2026-08-10 21:01:46   

                      ------------------------------------------------------------------------------
2026-08-10 21:01:46     Calculation 53 (Frequency: 21.976 THz, Theta: 0, Phi: 0)


                      ------------------------------------------------------------------------------
2026-08-10 21:01:46   Running the PortModeSolver.

                      ------------------------------------------------------------------------------
2026-08-10 21:01:48   Adaptive mesh refinement pass 1

                      ------------------------------------------------------------------------------
2026-08-10 21:02:39     Matrix setup time        :	4 s
                        Solver setup             :	24 s
                        Degrees of freedom       :	3631510
                        Number of mesh cells     :	555801

                        Stimulation port         :	Zmin
                        Mode number              :	1
                        Accuracy                 :	6.49565e-05
                        Iterations               :	9
                        Solver time              :	22 s


                      ------------------------------------------------------------------------------
2026-08-10 21:02:54   Adaptive mesh refinement pass 2

                      ------------------------------------------------------------------------------
2026-08-10 21:03:53     Matrix setup time        :	9 s
                        Solver setup             :	29 s
                        Degrees of freedom       :	3665948
                        Number of mesh cells     :	561070

                        Stimulation port         :	Zmin
                        Mode number              :	1
                        Accuracy                 :	6.5475e-05
                        Iterations               :	9
                        Solver time              :	20 s


                      ------------------------------------------------------------------------------
2026-08-10 21:03:55     Delta calculation        
2026-08-10 21:03:55     All S-Parameters         :	0.000234777
2026-08-10 21:03:55   

                      ------------------------------------------------------------------------------
2026-08-10 21:04:07   Adaptive mesh refinement pass 3

                      ------------------------------------------------------------------------------
2026-08-10 21:05:10     Matrix setup time        :	8 s
                        Solver setup             :	33 s
                        Degrees of freedom       :	3700572
                        Number of mesh cells     :	566356

                        Stimulation port         :	Zmin
                        Mode number              :	1
                        Accuracy                 :	6.20826e-05
                        Iterations               :	9
                        Solver time              :	21 s


                      ------------------------------------------------------------------------------
2026-08-10 21:05:12     Delta calculation        
2026-08-10 21:05:12     All S-Parameters         :	9.68121e-05
2026-08-10 21:05:12   

                      ------------------------------------------------------------------------------
2026-08-10 21:05:12   Mesh adaptation terminated because the desired accuracy limit is reached.

                      ------------------------------------------------------------------------------
2026-08-10 21:05:12     Total time               :	205 s	 (= 0 h, 03 m, 25 s)

                      ------------------------------------------------------------------------------
2026-08-10 21:05:12   

                      ------------------------------------------------------------------------------
2026-08-10 21:05:12     Calculation 54 (Frequency: 26.272 THz, Theta: 0, Phi: 0)


                      ------------------------------------------------------------------------------
2026-08-10 21:05:12   Running the PortModeSolver.

                      ------------------------------------------------------------------------------
2026-08-10 21:05:13   Adaptive mesh refinement pass 1

                      ------------------------------------------------------------------------------
2026-08-10 21:06:17     Matrix setup time        :	3 s
                        Solver setup             :	30 s
                        Degrees of freedom       :	3700572
                        Number of mesh cells     :	566356

                        Stimulation port         :	Zmin
                        Mode number              :	1
                        Accuracy                 :	2.67548e-05
                        Iterations               :	12
                        Solver time              :	28 s


                      ------------------------------------------------------------------------------
2026-08-10 21:06:18   The input reflection seems to be large at 26.272 THz, Theta: 0, Phi: 0.  More...

                      ------------------------------------------------------------------------------
2026-08-10 21:06:31   Adaptive mesh refinement pass 2

                      ------------------------------------------------------------------------------
2026-08-10 21:07:30     Matrix setup time        :	8 s
                        Solver setup             :	27 s
                        Degrees of freedom       :	3734090
                        Number of mesh cells     :	571517

                        Stimulation port         :	Zmin
                        Mode number              :	1
                        Accuracy                 :	4.04444e-05
                        Iterations               :	10
                        Solver time              :	22 s


                      ------------------------------------------------------------------------------
2026-08-10 21:07:31     Delta calculation        
2026-08-10 21:07:31     All S-Parameters         :	6.72749e-06
2026-08-10 21:07:31   

                      ------------------------------------------------------------------------------
2026-08-10 21:07:44   Adaptive mesh refinement pass 3

                      ------------------------------------------------------------------------------
2026-08-10 21:08:48     Matrix setup time        :	8 s
                        Solver setup             :	31 s
                        Degrees of freedom       :	3767558
                        Number of mesh cells     :	576703

                        Stimulation port         :	Zmin
                        Mode number              :	1
                        Accuracy                 :	4.01278e-05
                        Iterations               :	10
                        Solver time              :	23 s


                      ------------------------------------------------------------------------------
2026-08-10 21:08:50     Delta calculation        
2026-08-10 21:08:50     All S-Parameters         :	5.58717e-06
2026-08-10 21:08:50   

                      ------------------------------------------------------------------------------
2026-08-10 21:08:50   Mesh adaptation terminated because the desired accuracy limit is reached.

                      ------------------------------------------------------------------------------
2026-08-10 21:08:50     Total time               :	217 s	 (= 0 h, 03 m, 37 s)

                      ------------------------------------------------------------------------------
2026-08-10 21:08:50   

                      ------------------------------------------------------------------------------
2026-08-10 21:08:50     Calculation 55 (Frequency: 26.536 THz, Theta: 0, Phi: 0)


                      ------------------------------------------------------------------------------
2026-08-10 21:08:50   Running the PortModeSolver.

                      ------------------------------------------------------------------------------
2026-08-10 21:08:51   Adaptive mesh refinement pass 1

                      ------------------------------------------------------------------------------
2026-08-10 21:09:50     Matrix setup time        :	3 s
                        Solver setup             :	28 s
                        Degrees of freedom       :	3767558
                        Number of mesh cells     :	576703

                        Stimulation port         :	Zmin
                        Mode number              :	1
                        Accuracy                 :	6.8327e-05
                        Iterations               :	11
                        Solver time              :	25 s


                      ------------------------------------------------------------------------------
2026-08-10 21:10:03   Adaptive mesh refinement pass 2

                      ------------------------------------------------------------------------------
2026-08-10 21:11:08     Matrix setup time        :	8 s
                        Solver setup             :	26 s
                        Degrees of freedom       :	3801340
                        Number of mesh cells     :	581905

                        Stimulation port         :	Zmin
                        Mode number              :	1
                        Accuracy                 :	7.60214e-05
                        Iterations               :	13
                        Solver time              :	29 s


                      ------------------------------------------------------------------------------
2026-08-10 21:11:09     Delta calculation        
2026-08-10 21:11:09     All S-Parameters         :	0.000290163
2026-08-10 21:11:09   

                      ------------------------------------------------------------------------------
2026-08-10 21:11:22   Adaptive mesh refinement pass 3

                      ------------------------------------------------------------------------------
2026-08-10 21:12:34     Matrix setup time        :	8 s
                        Solver setup             :	31 s
                        Degrees of freedom       :	3835120
                        Number of mesh cells     :	587096

                        Stimulation port         :	Zmin
                        Mode number              :	1
                        Accuracy                 :	5.57984e-05
                        Iterations               :	13
                        Solver time              :	31 s


                      ------------------------------------------------------------------------------
2026-08-10 21:12:35     Delta calculation        
2026-08-10 21:12:35     All S-Parameters         :	0.00017188
2026-08-10 21:12:35   

                      ------------------------------------------------------------------------------
2026-08-10 21:12:35   Mesh adaptation terminated because the desired accuracy limit is reached.

                      ------------------------------------------------------------------------------
2026-08-10 21:12:35     Total time               :	225 s	 (= 0 h, 03 m, 45 s)

                      ------------------------------------------------------------------------------
2026-08-10 21:12:35   

                      ------------------------------------------------------------------------------
2026-08-10 21:12:35     Calculation 56 (Frequency: 24.976 THz, Theta: 0, Phi: 0)


                      ------------------------------------------------------------------------------
2026-08-10 21:12:35   Running the PortModeSolver.

                      ------------------------------------------------------------------------------
2026-08-10 21:12:37   Adaptive mesh refinement pass 1

                      ------------------------------------------------------------------------------
2026-08-10 21:13:28     Matrix setup time        :	4 s
                        Solver setup             :	26 s
                        Degrees of freedom       :	3835120
                        Number of mesh cells     :	587096

                        Stimulation port         :	Zmin
                        Mode number              :	1
                        Accuracy                 :	5.27715e-05
                        Iterations               :	9
                        Solver time              :	21 s


                      ------------------------------------------------------------------------------
2026-08-10 21:13:30   The input reflection seems to be large at 24.976 THz, Theta: 0, Phi: 0.  More...

                      ------------------------------------------------------------------------------
2026-08-10 21:13:43   Adaptive mesh refinement pass 2

                      ------------------------------------------------------------------------------
2026-08-10 21:14:42     Matrix setup time        :	8 s
                        Solver setup             :	28 s
                        Degrees of freedom       :	3868908
                        Number of mesh cells     :	592333

                        Stimulation port         :	Zmin
                        Mode number              :	1
                        Accuracy                 :	5.17415e-05
                        Iterations               :	9
                        Solver time              :	21 s


                      ------------------------------------------------------------------------------
2026-08-10 21:14:43     Delta calculation        
2026-08-10 21:14:43     All S-Parameters         :	3.42522e-05
2026-08-10 21:14:43   

                      ------------------------------------------------------------------------------
2026-08-10 21:14:57   Adaptive mesh refinement pass 3

                      ------------------------------------------------------------------------------
2026-08-10 21:15:58     Matrix setup time        :	8 s
                        Solver setup             :	31 s
                        Degrees of freedom       :	3902866
                        Number of mesh cells     :	597565

                        Stimulation port         :	Zmin
                        Mode number              :	1
                        Accuracy                 :	4.95587e-05
                        Iterations               :	9
                        Solver time              :	20 s


                      ------------------------------------------------------------------------------
2026-08-10 21:15:59     Delta calculation        
2026-08-10 21:15:59     All S-Parameters         :	2.79593e-05
2026-08-10 21:15:59   

                      ------------------------------------------------------------------------------
2026-08-10 21:15:59   Mesh adaptation terminated because the desired accuracy limit is reached.

                      ------------------------------------------------------------------------------
2026-08-10 21:16:00     Total time               :	204 s	 (= 0 h, 03 m, 24 s)

                      ------------------------------------------------------------------------------
2026-08-10 21:16:00   

                      ------------------------------------------------------------------------------
2026-08-10 21:16:00     Calculation 57 (Frequency: 33.304 THz, Theta: 0, Phi: 0)


                      ------------------------------------------------------------------------------
2026-08-10 21:16:00   Running the PortModeSolver.

                      ------------------------------------------------------------------------------
2026-08-10 21:16:01   Adaptive mesh refinement pass 1

                      ------------------------------------------------------------------------------
2026-08-10 21:16:51     Matrix setup time        :	3 s
                        Solver setup             :	26 s
                        Degrees of freedom       :	3902866
                        Number of mesh cells     :	597565

                        Stimulation port         :	Zmin
                        Mode number              :	1
                        Accuracy                 :	6.06079e-05
                        Iterations               :	8
                        Solver time              :	19 s


                      ------------------------------------------------------------------------------
2026-08-10 21:17:05   Adaptive mesh refinement pass 2

                      ------------------------------------------------------------------------------
2026-08-10 21:18:01     Matrix setup time        :	9 s
                        Solver setup             :	27 s
                        Degrees of freedom       :	3935854
                        Number of mesh cells     :	602713

                        Stimulation port         :	Zmin
                        Mode number              :	1
                        Accuracy                 :	9.63469e-05
                        Iterations               :	8
                        Solver time              :	18 s


                      ------------------------------------------------------------------------------
2026-08-10 21:18:02     Delta calculation        
2026-08-10 21:18:02     All S-Parameters         :	0.000104916
2026-08-10 21:18:02   

                      ------------------------------------------------------------------------------
2026-08-10 21:18:16   Adaptive mesh refinement pass 3

                      ------------------------------------------------------------------------------
2026-08-10 21:19:12     Matrix setup time        :	8 s
                        Solver setup             :	28 s
                        Degrees of freedom       :	3969188
                        Number of mesh cells     :	607901

                        Stimulation port         :	Zmin
                        Mode number              :	1
                        Accuracy                 :	9.6425e-05
                        Iterations               :	8
                        Solver time              :	18 s


                      ------------------------------------------------------------------------------
2026-08-10 21:19:13     Delta calculation        
2026-08-10 21:19:13     All S-Parameters         :	3.29216e-05
2026-08-10 21:19:13   

                      ------------------------------------------------------------------------------
2026-08-10 21:19:13   Mesh adaptation terminated because the desired accuracy limit is reached.

                      ------------------------------------------------------------------------------
2026-08-10 21:19:13     Total time               :	193 s	 (= 0 h, 03 m, 13 s)

                      ------------------------------------------------------------------------------
2026-08-10 21:19:13   

                      ------------------------------------------------------------------------------
2026-08-10 21:19:13     Calculation 58 (Frequency: 33.808 THz, Theta: 0, Phi: 0)


                      ------------------------------------------------------------------------------
2026-08-10 21:19:13   Running the PortModeSolver.

                      ------------------------------------------------------------------------------
2026-08-10 21:19:15   Adaptive mesh refinement pass 1

                      ------------------------------------------------------------------------------
2026-08-10 21:19:56     Matrix setup time        :	4 s
                        Solver setup             :	23 s
                        Degrees of freedom       :	3969188
                        Number of mesh cells     :	607901

                        Stimulation port         :	Zmin
                        Mode number              :	1
                        Accuracy                 :	8.01794e-05
                        Iterations               :	6
                        Solver time              :	14 s


                      ------------------------------------------------------------------------------
2026-08-10 21:20:11   Adaptive mesh refinement pass 2

                      ------------------------------------------------------------------------------
2026-08-10 21:21:12     Matrix setup time        :	8 s
                        Solver setup             :	32 s
                        Degrees of freedom       :	4002588
                        Number of mesh cells     :	613078

                        Stimulation port         :	Zmin
                        Mode number              :	1
                        Accuracy                 :	8.24731e-05
                        Iterations               :	8
                        Solver time              :	19 s


                      ------------------------------------------------------------------------------
2026-08-10 21:21:13     Delta calculation        
2026-08-10 21:21:13     All S-Parameters         :	0.00010467
2026-08-10 21:21:13   

                      ------------------------------------------------------------------------------
2026-08-10 21:21:27   Adaptive mesh refinement pass 3

                      ------------------------------------------------------------------------------
2026-08-10 21:22:29     Matrix setup time        :	9 s
                        Solver setup             :	31 s
                        Degrees of freedom       :	4036062
                        Number of mesh cells     :	618259

                        Stimulation port         :	Zmin
                        Mode number              :	1
                        Accuracy                 :	7.93388e-05
                        Iterations               :	8
                        Solver time              :	20 s


                      ------------------------------------------------------------------------------
2026-08-10 21:22:31     Delta calculation        
2026-08-10 21:22:31     All S-Parameters         :	3.19496e-05
2026-08-10 21:22:31   

                      ------------------------------------------------------------------------------
2026-08-10 21:22:31   Mesh adaptation terminated because the desired accuracy limit is reached.

                      ------------------------------------------------------------------------------
2026-08-10 21:22:31     Total time               :	197 s	 (= 0 h, 03 m, 17 s)

                      ------------------------------------------------------------------------------
2026-08-10 21:22:31   

                      ------------------------------------------------------------------------------
2026-08-10 21:22:31     Calculation 59 (Frequency: 24.52 THz, Theta: 0, Phi: 0)


                      ------------------------------------------------------------------------------
2026-08-10 21:22:31   Running the PortModeSolver.

                      ------------------------------------------------------------------------------
2026-08-10 21:22:33   Adaptive mesh refinement pass 1

                      ------------------------------------------------------------------------------
2026-08-10 21:23:24     Matrix setup time        :	4 s
                        Solver setup             :	27 s
                        Degrees of freedom       :	4036062
                        Number of mesh cells     :	618259

                        Stimulation port         :	Zmin
                        Mode number              :	1
                        Accuracy                 :	9.84359e-05
                        Iterations               :	8
                        Solver time              :	19 s


                      ------------------------------------------------------------------------------
2026-08-10 21:23:25   The input reflection seems to be large at 24.52 THz, Theta: 0, Phi: 0.  More...

                      ------------------------------------------------------------------------------
2026-08-10 21:23:39   Adaptive mesh refinement pass 2

                      ------------------------------------------------------------------------------
2026-08-10 21:24:46     Matrix setup time        :	9 s
                        Solver setup             :	36 s
                        Degrees of freedom       :	4070252
                        Number of mesh cells     :	623519

                        Stimulation port         :	Zmin
                        Mode number              :	1
                        Accuracy                 :	9.80604e-05
                        Iterations               :	8
                        Solver time              :	20 s


                      ------------------------------------------------------------------------------
2026-08-10 21:24:48     Delta calculation        
2026-08-10 21:24:48     All S-Parameters         :	8.07965e-05
2026-08-10 21:24:48   

                      ------------------------------------------------------------------------------
2026-08-10 21:25:02   Adaptive mesh refinement pass 3

                      ------------------------------------------------------------------------------
2026-08-10 21:26:02     Matrix setup time        :	9 s
                        Solver setup             :	31 s
                        Degrees of freedom       :	4104798
                        Number of mesh cells     :	628813

                        Stimulation port         :	Zmin
                        Mode number              :	1
                        Accuracy                 :	9.58089e-05
                        Iterations               :	8
                        Solver time              :	19 s


                      ------------------------------------------------------------------------------
2026-08-10 21:26:03     Delta calculation        
2026-08-10 21:26:03     All S-Parameters         :	3.6321e-05
2026-08-10 21:26:03   

                      ------------------------------------------------------------------------------
2026-08-10 21:26:03   Mesh adaptation terminated because the desired accuracy limit is reached.

                      ------------------------------------------------------------------------------
2026-08-10 21:26:04   An additional check has indicated that the frequency sweep needs to be continued. More...

                      ------------------------------------------------------------------------------
2026-08-10 21:26:04     Total time               :	212 s	 (= 0 h, 03 m, 32 s)

                      ------------------------------------------------------------------------------
2026-08-10 21:26:04   

                      ------------------------------------------------------------------------------
2026-08-10 21:26:04     Calculation 60 (Frequency: 33.88 THz, Theta: 0, Phi: 0)


                      ------------------------------------------------------------------------------
2026-08-10 21:26:04   Running the PortModeSolver.

                      ------------------------------------------------------------------------------
2026-08-10 21:26:05   Adaptive mesh refinement pass 1

                      ------------------------------------------------------------------------------
2026-08-10 21:26:52     Matrix setup time        :	3 s
                        Solver setup             :	25 s
                        Degrees of freedom       :	4104798
                        Number of mesh cells     :	628813

                        Stimulation port         :	Zmin
                        Mode number              :	1
                        Accuracy                 :	9.93808e-05
                        Iterations               :	7
                        Solver time              :	17 s


                      ------------------------------------------------------------------------------
2026-08-10 21:27:07   Adaptive mesh refinement pass 2

                      ------------------------------------------------------------------------------
2026-08-10 21:28:13     Matrix setup time        :	9 s
                        Solver setup             :	35 s
                        Degrees of freedom       :	4138404
                        Number of mesh cells     :	634019

                        Stimulation port         :	Zmin
                        Mode number              :	1
                        Accuracy                 :	7.58822e-05
                        Iterations               :	8
                        Solver time              :	20 s


                      ------------------------------------------------------------------------------
2026-08-10 21:28:15     Delta calculation        
2026-08-10 21:28:15     All S-Parameters         :	0.00018848
2026-08-10 21:28:15   

                      ------------------------------------------------------------------------------
2026-08-10 21:28:29   Adaptive mesh refinement pass 3

                      ------------------------------------------------------------------------------
2026-08-10 21:29:43     Matrix setup time        :	9 s
                        Solver setup             :	42 s
                        Degrees of freedom       :	4171926
                        Number of mesh cells     :	639215

                        Stimulation port         :	Zmin
                        Mode number              :	1
                        Accuracy                 :	7.62452e-05
                        Iterations               :	8
                        Solver time              :	22 s


                      ------------------------------------------------------------------------------
2026-08-10 21:29:45     Delta calculation        
2026-08-10 21:29:45     All S-Parameters         :	1.24529e-05
2026-08-10 21:29:45   

                      ------------------------------------------------------------------------------
2026-08-10 21:29:45   Mesh adaptation terminated because the desired accuracy limit is reached.

                      ------------------------------------------------------------------------------
2026-08-10 21:29:45     Total time               :	220 s	 (= 0 h, 03 m, 40 s)

                      ------------------------------------------------------------------------------
2026-08-10 21:29:45   

                      ------------------------------------------------------------------------------
2026-08-10 21:29:45     Calculation 61 (Frequency: 33.448 THz, Theta: 0, Phi: 0)


                      ------------------------------------------------------------------------------
2026-08-10 21:29:45   Running the PortModeSolver.

                      ------------------------------------------------------------------------------
2026-08-10 21:29:46   Adaptive mesh refinement pass 1

                      ------------------------------------------------------------------------------
2026-08-10 21:30:44     Matrix setup time        :	4 s
                        Solver setup             :	36 s
                        Degrees of freedom       :	4171926
                        Number of mesh cells     :	639215

                        Stimulation port         :	Zmin
                        Mode number              :	1
                        Accuracy                 :	7.18624e-05
                        Iterations               :	6
                        Solver time              :	17 s


                      ------------------------------------------------------------------------------
2026-08-10 21:30:59   Adaptive mesh refinement pass 2

                      ------------------------------------------------------------------------------
2026-08-10 21:32:04     Matrix setup time        :	9 s
                        Solver setup             :	32 s
                        Degrees of freedom       :	4205050
                        Number of mesh cells     :	644369

                        Stimulation port         :	Zmin
                        Mode number              :	1
                        Accuracy                 :	8.58116e-05
                        Iterations               :	9
                        Solver time              :	22 s


                      ------------------------------------------------------------------------------
2026-08-10 21:32:05     Delta calculation        
2026-08-10 21:32:05     All S-Parameters         :	0.000204111
2026-08-10 21:32:05   

                      ------------------------------------------------------------------------------
2026-08-10 21:32:20   Adaptive mesh refinement pass 3

                      ------------------------------------------------------------------------------
2026-08-10 21:33:26     Matrix setup time        :	9 s
                        Solver setup             :	33 s
                        Degrees of freedom       :	4238386
                        Number of mesh cells     :	649541

                        Stimulation port         :	Zmin
                        Mode number              :	1
                        Accuracy                 :	7.13414e-05
                        Iterations               :	9
                        Solver time              :	23 s


                      ------------------------------------------------------------------------------
2026-08-10 21:33:27     Delta calculation        
2026-08-10 21:33:27     All S-Parameters         :	3.00037e-05
2026-08-10 21:33:27   

                      ------------------------------------------------------------------------------
2026-08-10 21:33:27   Mesh adaptation terminated because the desired accuracy limit is reached.

                      ------------------------------------------------------------------------------
2026-08-10 21:33:28     Total time               :	222 s	 (= 0 h, 03 m, 42 s)

                      ------------------------------------------------------------------------------
2026-08-10 21:33:28   

                      ------------------------------------------------------------------------------
2026-08-10 21:33:28     Calculation 62 (Frequency: 33.976 THz, Theta: 0, Phi: 0)


                      ------------------------------------------------------------------------------
2026-08-10 21:33:28   Running the PortModeSolver.

                      ------------------------------------------------------------------------------
2026-08-10 21:33:29   Adaptive mesh refinement pass 1

                      ------------------------------------------------------------------------------
2026-08-10 21:34:18     Matrix setup time        :	4 s
                        Solver setup             :	28 s
                        Degrees of freedom       :	4238386
                        Number of mesh cells     :	649541

                        Stimulation port         :	Zmin
                        Mode number              :	1
                        Accuracy                 :	7.85003e-05
                        Iterations               :	6
                        Solver time              :	15 s


                      ------------------------------------------------------------------------------
2026-08-10 21:34:34   Adaptive mesh refinement pass 2

                      ------------------------------------------------------------------------------
2026-08-10 21:35:43     Matrix setup time        :	10 s
                        Solver setup             :	38 s
                        Degrees of freedom       :	4271702
                        Number of mesh cells     :	654707

                        Stimulation port         :	Zmin
                        Mode number              :	1
                        Accuracy                 :	7.33739e-05
                        Iterations               :	8
                        Solver time              :	20 s


                      ------------------------------------------------------------------------------
2026-08-10 21:35:45     Delta calculation        
2026-08-10 21:35:45     All S-Parameters         :	8.94082e-05
2026-08-10 21:35:45   

                      ------------------------------------------------------------------------------
2026-08-10 21:35:59   Adaptive mesh refinement pass 3

                      ------------------------------------------------------------------------------
2026-08-10 21:37:13     Matrix setup time        :	9 s
                        Solver setup             :	42 s
                        Degrees of freedom       :	4305170
                        Number of mesh cells     :	659881

                        Stimulation port         :	Zmin
                        Mode number              :	1
                        Accuracy                 :	7.70353e-05
                        Iterations               :	8
                        Solver time              :	22 s


                      ------------------------------------------------------------------------------
2026-08-10 21:37:15     Delta calculation        
2026-08-10 21:37:15     All S-Parameters         :	2.23209e-05
2026-08-10 21:37:15   

                      ------------------------------------------------------------------------------
2026-08-10 21:37:15   Mesh adaptation terminated because the desired accuracy limit is reached.

                      ------------------------------------------------------------------------------
2026-08-10 21:37:15     Total time               :	227 s	 (= 0 h, 03 m, 47 s)

                      ------------------------------------------------------------------------------
2026-08-10 21:37:15   

                      ------------------------------------------------------------------------------
2026-08-10 21:37:15     Calculation 63 (Frequency: 30.736 THz, Theta: 0, Phi: 0)


                      ------------------------------------------------------------------------------
2026-08-10 21:37:15   Running the PortModeSolver.

                      ------------------------------------------------------------------------------
2026-08-10 21:37:17   Adaptive mesh refinement pass 1

                      ------------------------------------------------------------------------------
2026-08-10 21:38:22     Matrix setup time        :	4 s
                        Solver setup             :	36 s
                        Degrees of freedom       :	4305170
                        Number of mesh cells     :	659881

                        Stimulation port         :	Zmin
                        Mode number              :	1
                        Accuracy                 :	6.73561e-05
                        Iterations               :	9
                        Solver time              :	24 s


                      ------------------------------------------------------------------------------
2026-08-10 21:38:38   Adaptive mesh refinement pass 2

                      ------------------------------------------------------------------------------
2026-08-10 21:39:55     Matrix setup time        :	9 s
                        Solver setup             :	42 s
                        Degrees of freedom       :	4338198
                        Number of mesh cells     :	665027

                        Stimulation port         :	Zmin
                        Mode number              :	1
                        Accuracy                 :	4.24851e-05
                        Iterations               :	9
                        Solver time              :	24 s


                      ------------------------------------------------------------------------------
2026-08-10 21:39:56     Delta calculation        
2026-08-10 21:39:56     All S-Parameters         :	1.94968e-05
2026-08-10 21:39:56   

                      ------------------------------------------------------------------------------
2026-08-10 21:40:11   Adaptive mesh refinement pass 3

                      ------------------------------------------------------------------------------
2026-08-10 21:41:31     Matrix setup time        :	10 s
                        Solver setup             :	44 s
                        Degrees of freedom       :	4371648
                        Number of mesh cells     :	670195

                        Stimulation port         :	Zmin
                        Mode number              :	1
                        Accuracy                 :	4.21661e-05
                        Iterations               :	9
                        Solver time              :	26 s


                      ------------------------------------------------------------------------------
2026-08-10 21:41:33     Delta calculation        
2026-08-10 21:41:33     All S-Parameters         :	1.87336e-06
2026-08-10 21:41:33   

                      ------------------------------------------------------------------------------
2026-08-10 21:41:33   Mesh adaptation terminated because the desired accuracy limit is reached.

                      ------------------------------------------------------------------------------
2026-08-10 21:41:34     Total time               :	257 s	 (= 0 h, 04 m, 17 s)

                      ------------------------------------------------------------------------------
2026-08-10 21:41:34   

                      ------------------------------------------------------------------------------
2026-08-10 21:41:34     Calculation 64 (Frequency: 18.688 THz, Theta: 0, Phi: 0)


                      ------------------------------------------------------------------------------
2026-08-10 21:41:34   Running the PortModeSolver.

                      ------------------------------------------------------------------------------
2026-08-10 21:41:35   Adaptive mesh refinement pass 1

                      ------------------------------------------------------------------------------
2026-08-10 21:42:45     Matrix setup time        :	4 s
                        Solver setup             :	39 s
                        Degrees of freedom       :	4371648
                        Number of mesh cells     :	670195

                        Stimulation port         :	Zmin
                        Mode number              :	1
                        Accuracy                 :	5.76793e-05
                        Iterations               :	9
                        Solver time              :	25 s


                      ------------------------------------------------------------------------------
2026-08-10 21:42:47   The input reflection seems to be large at 18.688 THz, Theta: 0, Phi: 0.  More...

                      ------------------------------------------------------------------------------
2026-08-10 21:43:01   Adaptive mesh refinement pass 2

                      ------------------------------------------------------------------------------
2026-08-10 21:44:15     Matrix setup time        :	9 s
                        Solver setup             :	39 s
                        Degrees of freedom       :	4405788
                        Number of mesh cells     :	675423

                        Stimulation port         :	Zmin
                        Mode number              :	1
                        Accuracy                 :	5.72425e-05
                        Iterations               :	9
                        Solver time              :	25 s


                      ------------------------------------------------------------------------------
2026-08-10 21:44:17     Delta calculation        
2026-08-10 21:44:17     All S-Parameters         :	8.70916e-05
2026-08-10 21:44:17   

                      ------------------------------------------------------------------------------
2026-08-10 21:44:31   Adaptive mesh refinement pass 3

                      ------------------------------------------------------------------------------
2026-08-10 21:45:43     Matrix setup time        :	10 s
                        Solver setup             :	36 s
                        Degrees of freedom       :	4440322
                        Number of mesh cells     :	680708

                        Stimulation port         :	Zmin
                        Mode number              :	1
                        Accuracy                 :	5.6736e-05
                        Iterations               :	9
                        Solver time              :	23 s


                      ------------------------------------------------------------------------------
2026-08-10 21:45:44     Delta calculation        
2026-08-10 21:45:44     All S-Parameters         :	4.40856e-05
2026-08-10 21:45:44   

                      ------------------------------------------------------------------------------
2026-08-10 21:45:44   Mesh adaptation terminated because the desired accuracy limit is reached.

                      ------------------------------------------------------------------------------
2026-08-10 21:45:45     Total time               :	250 s	 (= 0 h, 04 m, 10 s)

                      ------------------------------------------------------------------------------
2026-08-10 21:45:45   

                      ------------------------------------------------------------------------------
2026-08-10 21:45:45     Calculation 65 (Frequency: 18.784 THz, Theta: 0, Phi: 0)


                      ------------------------------------------------------------------------------
2026-08-10 21:45:45   Running the PortModeSolver.

                      ------------------------------------------------------------------------------
2026-08-10 21:45:46   Adaptive mesh refinement pass 1

                      ------------------------------------------------------------------------------
2026-08-10 21:46:41     Matrix setup time        :	4 s
                        Solver setup             :	31 s
                        Degrees of freedom       :	4440322
                        Number of mesh cells     :	680708

                        Stimulation port         :	Zmin
                        Mode number              :	1
                        Accuracy                 :	6.67826e-05
                        Iterations               :	7
                        Solver time              :	18 s


                      ------------------------------------------------------------------------------
2026-08-10 21:46:43   The input reflection seems to be large at 18.784 THz, Theta: 0, Phi: 0.  More...

                      ------------------------------------------------------------------------------
2026-08-10 21:46:57   Adaptive mesh refinement pass 2

                      ------------------------------------------------------------------------------
2026-08-10 21:48:14     Matrix setup time        :	11 s
                        Solver setup             :	41 s
                        Degrees of freedom       :	4474570
                        Number of mesh cells     :	685954

                        Stimulation port         :	Zmin
                        Mode number              :	1
                        Accuracy                 :	5.91598e-05
                        Iterations               :	9
                        Solver time              :	23 s


                      ------------------------------------------------------------------------------
2026-08-10 21:48:15     Delta calculation        
2026-08-10 21:48:15     All S-Parameters         :	4.20332e-05
2026-08-10 21:48:15   

                      ------------------------------------------------------------------------------
2026-08-10 21:48:30   Adaptive mesh refinement pass 3

                      ------------------------------------------------------------------------------
2026-08-10 21:49:56     Matrix setup time        :	10 s
                        Solver setup             :	48 s
                        Degrees of freedom       :	4509276
                        Number of mesh cells     :	691263

                        Stimulation port         :	Zmin
                        Mode number              :	1
                        Accuracy                 :	5.96899e-05
                        Iterations               :	9
                        Solver time              :	27 s


                      ------------------------------------------------------------------------------
2026-08-10 21:49:58     Delta calculation        
2026-08-10 21:49:58     All S-Parameters         :	3.61974e-05
2026-08-10 21:49:58   

                      ------------------------------------------------------------------------------
2026-08-10 21:49:58   Mesh adaptation terminated because the desired accuracy limit is reached.

                      ------------------------------------------------------------------------------
2026-08-10 21:49:58     Total time               :	253 s	 (= 0 h, 04 m, 13 s)

                      ------------------------------------------------------------------------------
2026-08-10 21:49:58   

                      ------------------------------------------------------------------------------
2026-08-10 21:49:58     Calculation 66 (Frequency: 18.736 THz, Theta: 0, Phi: 0)


                      ------------------------------------------------------------------------------
2026-08-10 21:49:58   Running the PortModeSolver.

                      ------------------------------------------------------------------------------
2026-08-10 21:50:00   Adaptive mesh refinement pass 1

                      ------------------------------------------------------------------------------
2026-08-10 21:51:26     Matrix setup time        :	4 s
                        Solver setup             :	44 s
                        Degrees of freedom       :	4509276
                        Number of mesh cells     :	691263

                        Stimulation port         :	Zmin
                        Mode number              :	1
                        Accuracy                 :	6.55621e-05
                        Iterations               :	12
                        Solver time              :	36 s


                      ------------------------------------------------------------------------------
2026-08-10 21:51:28   The input reflection seems to be large at 18.736 THz, Theta: 0, Phi: 0.  More...

                      ------------------------------------------------------------------------------
2026-08-10 21:51:43   Adaptive mesh refinement pass 2

                      ------------------------------------------------------------------------------
2026-08-10 21:53:13     Matrix setup time        :	10 s
                        Solver setup             :	43 s
                        Degrees of freedom       :	4543978
                        Number of mesh cells     :	696552

                        Stimulation port         :	Zmin
                        Mode number              :	1
                        Accuracy                 :	7.2981e-05
                        Iterations               :	12
                        Solver time              :	35 s


                      ------------------------------------------------------------------------------
2026-08-10 21:53:14     Delta calculation        
2026-08-10 21:53:14     All S-Parameters         :	0.000297296
2026-08-10 21:53:14   

                      ------------------------------------------------------------------------------
2026-08-10 21:53:30   Adaptive mesh refinement pass 3

                      ------------------------------------------------------------------------------
2026-08-10 21:55:10     Matrix setup time        :	10 s
                        Solver setup             :	50 s
                        Degrees of freedom       :	4578532
                        Number of mesh cells     :	701828

                        Stimulation port         :	Zmin
                        Mode number              :	1
                        Accuracy                 :	6.98901e-05
                        Iterations               :	12
                        Solver time              :	38 s


                      ------------------------------------------------------------------------------
2026-08-10 21:55:12     Delta calculation        
2026-08-10 21:55:12     All S-Parameters         :	0.000367262
2026-08-10 21:55:12   

                      ------------------------------------------------------------------------------
2026-08-10 21:55:12   Mesh adaptation terminated because the desired accuracy limit is reached.

                      ------------------------------------------------------------------------------
2026-08-10 21:55:12     Total time               :	313 s	 (= 0 h, 05 m, 13 s)

                      ------------------------------------------------------------------------------
2026-08-10 21:55:12   

                      ------------------------------------------------------------------------------
2026-08-10 21:55:12     Calculation 67 (Frequency: 20.008 THz, Theta: 0, Phi: 0)


                      ------------------------------------------------------------------------------
2026-08-10 21:55:12   Running the PortModeSolver.

                      ------------------------------------------------------------------------------
2026-08-10 21:55:14   Adaptive mesh refinement pass 1

                      ------------------------------------------------------------------------------
2026-08-10 21:56:24     Matrix setup time        :	5 s
                        Solver setup             :	41 s
                        Degrees of freedom       :	4578532
                        Number of mesh cells     :	701828

                        Stimulation port         :	Zmin
                        Mode number              :	1
                        Accuracy                 :	9.97154e-05
                        Iterations               :	8
                        Solver time              :	23 s


                      ------------------------------------------------------------------------------
2026-08-10 21:56:26   The input reflection seems to be large at 20.008 THz, Theta: 0, Phi: 0.  More...

                      ------------------------------------------------------------------------------
2026-08-10 21:56:41   Adaptive mesh refinement pass 2

                      ------------------------------------------------------------------------------
2026-08-10 21:58:07     Matrix setup time        :	10 s
                        Solver setup             :	50 s
                        Degrees of freedom       :	4612400
                        Number of mesh cells     :	707047

                        Stimulation port         :	Zmin
                        Mode number              :	1
                        Accuracy                 :	9.86366e-05
                        Iterations               :	8
                        Solver time              :	24 s


                      ------------------------------------------------------------------------------
2026-08-10 21:58:08     Delta calculation        
2026-08-10 21:58:08     All S-Parameters         :	0.000142098
2026-08-10 21:58:08   

                      ------------------------------------------------------------------------------
2026-08-10 21:58:24   Adaptive mesh refinement pass 3

                      ------------------------------------------------------------------------------
2026-08-10 21:59:44     Matrix setup time        :	10 s
                        Solver setup             :	43 s
                        Degrees of freedom       :	4646858
                        Number of mesh cells     :	712301

                        Stimulation port         :	Zmin
                        Mode number              :	1
                        Accuracy                 :	9.70578e-05
                        Iterations               :	8
                        Solver time              :	25 s


                      ------------------------------------------------------------------------------
2026-08-10 21:59:45     Delta calculation        
2026-08-10 21:59:45     All S-Parameters         :	5.94259e-05
2026-08-10 21:59:45   

                      ------------------------------------------------------------------------------
2026-08-10 21:59:45   Mesh adaptation terminated because the desired accuracy limit is reached.

                      ------------------------------------------------------------------------------
2026-08-10 21:59:46     Total time               :	273 s	 (= 0 h, 04 m, 33 s)

                      ------------------------------------------------------------------------------
2026-08-10 21:59:46   

                      ------------------------------------------------------------------------------
2026-08-10 21:59:46     Calculation 68 (Frequency: 31.768 THz, Theta: 0, Phi: 0)


                      ------------------------------------------------------------------------------
2026-08-10 21:59:46   Running the PortModeSolver.

                      ------------------------------------------------------------------------------
2026-08-10 21:59:48   Adaptive mesh refinement pass 1

                      ------------------------------------------------------------------------------
2026-08-10 22:00:54     Matrix setup time        :	4 s
                        Solver setup             :	36 s
                        Degrees of freedom       :	4646858
                        Number of mesh cells     :	712301

                        Stimulation port         :	Zmin
                        Mode number              :	1
                        Accuracy                 :	7.97296e-05
                        Iterations               :	8
                        Solver time              :	24 s


                      ------------------------------------------------------------------------------
2026-08-10 22:01:11   Adaptive mesh refinement pass 2

                      ------------------------------------------------------------------------------
2026-08-10 22:02:36     Matrix setup time        :	10 s
                        Solver setup             :	47 s
                        Degrees of freedom       :	4679804
                        Number of mesh cells     :	717447

                        Stimulation port         :	Zmin
                        Mode number              :	1
                        Accuracy                 :	7.99639e-05
                        Iterations               :	8
                        Solver time              :	26 s


                      ------------------------------------------------------------------------------
2026-08-10 22:02:38     Delta calculation        
2026-08-10 22:02:38     All S-Parameters         :	1.67341e-06
2026-08-10 22:02:38   

                      ------------------------------------------------------------------------------
2026-08-10 22:02:54   Adaptive mesh refinement pass 3

                      ------------------------------------------------------------------------------
2026-08-10 22:04:25     Matrix setup time        :	10 s
                        Solver setup             :	53 s
                        Degrees of freedom       :	4713266
                        Number of mesh cells     :	722649

                        Stimulation port         :	Zmin
                        Mode number              :	1
                        Accuracy                 :	7.98963e-05
                        Iterations               :	8
                        Solver time              :	26 s


                      ------------------------------------------------------------------------------
2026-08-10 22:04:27     Delta calculation        
2026-08-10 22:04:27     All S-Parameters         :	1.01943e-05
2026-08-10 22:04:27   

                      ------------------------------------------------------------------------------
2026-08-10 22:04:27   Mesh adaptation terminated because the desired accuracy limit is reached.

                      ------------------------------------------------------------------------------
2026-08-10 22:04:27     Total time               :	280 s	 (= 0 h, 04 m, 40 s)

                      ------------------------------------------------------------------------------
2026-08-10 22:04:27   

                      ------------------------------------------------------------------------------
2026-08-10 22:04:27     Calculation 69 (Frequency: 26.296 THz, Theta: 0, Phi: 0)


                      ------------------------------------------------------------------------------
2026-08-10 22:04:27   Running the PortModeSolver.

                      ------------------------------------------------------------------------------
2026-08-10 22:04:29   Adaptive mesh refinement pass 1

                      ------------------------------------------------------------------------------
2026-08-10 22:05:55     Matrix setup time        :	4 s
                        Solver setup             :	48 s
                        Degrees of freedom       :	4713266
                        Number of mesh cells     :	722649

                        Stimulation port         :	Zmin
                        Mode number              :	1
                        Accuracy                 :	3.66519e-05
                        Iterations               :	10
                        Solver time              :	33 s


                      ------------------------------------------------------------------------------
2026-08-10 22:05:57   The input reflection seems to be large at 26.296 THz, Theta: 0, Phi: 0.  More...

                      ------------------------------------------------------------------------------
2026-08-10 22:06:13   Adaptive mesh refinement pass 2

                      ------------------------------------------------------------------------------
2026-08-10 22:07:40     Matrix setup time        :	11 s
                        Solver setup             :	45 s
                        Degrees of freedom       :	4747368
                        Number of mesh cells     :	727892

                        Stimulation port         :	Zmin
                        Mode number              :	1
                        Accuracy                 :	3.60691e-05
                        Iterations               :	10
                        Solver time              :	30 s


                      ------------------------------------------------------------------------------
2026-08-10 22:07:42     Delta calculation        
2026-08-10 22:07:42     All S-Parameters         :	3.51564e-05
2026-08-10 22:07:42   

                      ------------------------------------------------------------------------------
2026-08-10 22:07:58   Adaptive mesh refinement pass 3

                      ------------------------------------------------------------------------------
2026-08-10 22:09:22     Matrix setup time        :	11 s
                        Solver setup             :	43 s
                        Degrees of freedom       :	4781578
                        Number of mesh cells     :	733148

                        Stimulation port         :	Zmin
                        Mode number              :	1
                        Accuracy                 :	3.66362e-05
                        Iterations               :	10
                        Solver time              :	29 s


                      ------------------------------------------------------------------------------
2026-08-10 22:09:24     Delta calculation        
2026-08-10 22:09:24     All S-Parameters         :	1.30397e-05
2026-08-10 22:09:24   

                      ------------------------------------------------------------------------------
2026-08-10 22:09:24   Mesh adaptation terminated because the desired accuracy limit is reached.

                      ------------------------------------------------------------------------------
2026-08-10 22:09:24     Total time               :	296 s	 (= 0 h, 04 m, 56 s)

                      ------------------------------------------------------------------------------
2026-08-10 22:09:24   

                      ------------------------------------------------------------------------------
2026-08-10 22:09:24     Calculation 70 (Frequency: 31.672 THz, Theta: 0, Phi: 0)


                      ------------------------------------------------------------------------------
2026-08-10 22:09:24   Running the PortModeSolver.

                      ------------------------------------------------------------------------------
2026-08-10 22:09:26   Adaptive mesh refinement pass 1

                      ------------------------------------------------------------------------------
2026-08-10 22:10:36     Matrix setup time        :	5 s
                        Solver setup             :	38 s
                        Degrees of freedom       :	4781578
                        Number of mesh cells     :	733148

                        Stimulation port         :	Zmin
                        Mode number              :	1
                        Accuracy                 :	6.91332e-05
                        Iterations               :	9
                        Solver time              :	27 s


                      ------------------------------------------------------------------------------
2026-08-10 22:10:55   Adaptive mesh refinement pass 2

                      ------------------------------------------------------------------------------
2026-08-10 22:12:21     Matrix setup time        :	11 s
                        Solver setup             :	49 s
                        Degrees of freedom       :	4814846
                        Number of mesh cells     :	738314

                        Stimulation port         :	Zmin
                        Mode number              :	1
                        Accuracy                 :	8.16644e-05
                        Iterations               :	8
                        Solver time              :	25 s


                      ------------------------------------------------------------------------------
2026-08-10 22:12:23     Delta calculation        
2026-08-10 22:12:23     All S-Parameters         :	4.74873e-05
2026-08-10 22:12:23   

                      ------------------------------------------------------------------------------
2026-08-10 22:12:40   Adaptive mesh refinement pass 3

                      ------------------------------------------------------------------------------
2026-08-10 22:13:56     Matrix setup time        :	11 s
                        Solver setup             :	41 s
                        Degrees of freedom       :	4848282
                        Number of mesh cells     :	743490

                        Stimulation port         :	Zmin
                        Mode number              :	1
                        Accuracy                 :	8.21507e-05
                        Iterations               :	8
                        Solver time              :	23 s


                      ------------------------------------------------------------------------------
2026-08-10 22:13:58     Delta calculation        
2026-08-10 22:13:58     All S-Parameters         :	1.58852e-05
2026-08-10 22:13:58   

                      ------------------------------------------------------------------------------
2026-08-10 22:13:58   Mesh adaptation terminated because the desired accuracy limit is reached.

                      ------------------------------------------------------------------------------
2026-08-10 22:13:58     Total time               :	273 s	 (= 0 h, 04 m, 33 s)

                      ------------------------------------------------------------------------------
2026-08-10 22:13:58   

                      ------------------------------------------------------------------------------
2026-08-10 22:13:58     Calculation 71 (Frequency: 24.592 THz, Theta: 0, Phi: 0)


                      ------------------------------------------------------------------------------
2026-08-10 22:13:58   Running the PortModeSolver.

                      ------------------------------------------------------------------------------
2026-08-10 22:14:00   Adaptive mesh refinement pass 1

                      ------------------------------------------------------------------------------
2026-08-10 22:15:10     Matrix setup time        :	5 s
                        Solver setup             :	34 s
                        Degrees of freedom       :	4848282
                        Number of mesh cells     :	743490

                        Stimulation port         :	Zmin
                        Mode number              :	1
                        Accuracy                 :	3.99592e-05
                        Iterations               :	10
                        Solver time              :	29 s


                      ------------------------------------------------------------------------------
2026-08-10 22:15:11   The input reflection seems to be large at 24.592 THz, Theta: 0, Phi: 0.  More...

                      ------------------------------------------------------------------------------
2026-08-10 22:15:27   Adaptive mesh refinement pass 2

                      ------------------------------------------------------------------------------
2026-08-10 22:16:52     Matrix setup time        :	11 s
                        Solver setup             :	47 s
                        Degrees of freedom       :	4882410
                        Number of mesh cells     :	748729

                        Stimulation port         :	Zmin
                        Mode number              :	1
                        Accuracy                 :	9.69303e-05
                        Iterations               :	8
                        Solver time              :	25 s


                      ------------------------------------------------------------------------------
2026-08-10 22:16:53     Delta calculation        
2026-08-10 22:16:53     All S-Parameters         :	3.78907e-05
2026-08-10 22:16:53   

                      ------------------------------------------------------------------------------
2026-08-10 22:17:11   Adaptive mesh refinement pass 3

                      ------------------------------------------------------------------------------
2026-08-10 22:18:43     Matrix setup time        :	11 s
                        Solver setup             :	54 s
                        Degrees of freedom       :	4916988
                        Number of mesh cells     :	754010

                        Stimulation port         :	Zmin
                        Mode number              :	1
                        Accuracy                 :	9.53869e-05
                        Iterations               :	8
                        Solver time              :	26 s


                      ------------------------------------------------------------------------------
2026-08-10 22:18:45     Delta calculation        
2026-08-10 22:18:45     All S-Parameters         :	2.80799e-05
2026-08-10 22:18:45   

                      ------------------------------------------------------------------------------
2026-08-10 22:18:45   Mesh adaptation terminated because the desired accuracy limit is reached.

                      ------------------------------------------------------------------------------
2026-08-10 22:18:45     Total time               :	286 s	 (= 0 h, 04 m, 46 s)

                      ------------------------------------------------------------------------------
2026-08-10 22:18:45   

                      ------------------------------------------------------------------------------
2026-08-10 22:18:45     Calculation 72 (Frequency: 18.712 THz, Theta: 0, Phi: 0)


                      ------------------------------------------------------------------------------
2026-08-10 22:18:45   Running the PortModeSolver.

                      ------------------------------------------------------------------------------
2026-08-10 22:18:47   Adaptive mesh refinement pass 1

                      ------------------------------------------------------------------------------
2026-08-10 22:20:07     Matrix setup time        :	5 s
                        Solver setup             :	45 s
                        Degrees of freedom       :	4916988
                        Number of mesh cells     :	754010

                        Stimulation port         :	Zmin
                        Mode number              :	1
                        Accuracy                 :	6.8053e-05
                        Iterations               :	9
                        Solver time              :	29 s


                      ------------------------------------------------------------------------------
2026-08-10 22:20:09   The input reflection seems to be large at 18.712 THz, Theta: 0, Phi: 0.  More...

                      ------------------------------------------------------------------------------
2026-08-10 22:20:26   Adaptive mesh refinement pass 2

                      ------------------------------------------------------------------------------
2026-08-10 22:21:49     Matrix setup time        :	11 s
                        Solver setup             :	43 s
                        Degrees of freedom       :	4951460
                        Number of mesh cells     :	759292

                        Stimulation port         :	Zmin
                        Mode number              :	1
                        Accuracy                 :	6.62529e-05
                        Iterations               :	9
                        Solver time              :	27 s


                      ------------------------------------------------------------------------------
2026-08-10 22:21:50     Delta calculation        
2026-08-10 22:21:50     All S-Parameters         :	4.09443e-05
2026-08-10 22:21:50   

                      ------------------------------------------------------------------------------
2026-08-10 22:22:07   Adaptive mesh refinement pass 3

                      ------------------------------------------------------------------------------
2026-08-10 22:23:45     Matrix setup time        :	11 s
                        Solver setup             :	55 s
                        Degrees of freedom       :	4986138
                        Number of mesh cells     :	764590

                        Stimulation port         :	Zmin
                        Mode number              :	1
                        Accuracy                 :	6.58441e-05
                        Iterations               :	9
                        Solver time              :	30 s


                      ------------------------------------------------------------------------------
2026-08-10 22:23:46     Delta calculation        
2026-08-10 22:23:46     All S-Parameters         :	3.70099e-05
2026-08-10 22:23:46   

                      ------------------------------------------------------------------------------
2026-08-10 22:23:46   Mesh adaptation terminated because the desired accuracy limit is reached.

                      ------------------------------------------------------------------------------
2026-08-10 22:23:47     Total time               :	301 s	 (= 0 h, 05 m, 01 s)

                      ------------------------------------------------------------------------------
2026-08-10 22:23:47   

                      ------------------------------------------------------------------------------
2026-08-10 22:23:47     Calculation 73 (Frequency: 19.408 THz, Theta: 0, Phi: 0)


                      ------------------------------------------------------------------------------
2026-08-10 22:23:47   Running the PortModeSolver.

                      ------------------------------------------------------------------------------
2026-08-10 22:23:49   Adaptive mesh refinement pass 1

                      ------------------------------------------------------------------------------
2026-08-10 22:25:07     Matrix setup time        :	5 s
                        Solver setup             :	46 s
                        Degrees of freedom       :	4986138
                        Number of mesh cells     :	764590

                        Stimulation port         :	Zmin
                        Mode number              :	1
                        Accuracy                 :	7.76951e-05
                        Iterations               :	8
                        Solver time              :	26 s


                      ------------------------------------------------------------------------------
2026-08-10 22:25:09   The input reflection seems to be large at 19.408 THz, Theta: 0, Phi: 0.  More...

                      ------------------------------------------------------------------------------
2026-08-10 22:25:27   Adaptive mesh refinement pass 2

                      ------------------------------------------------------------------------------
2026-08-10 22:27:03     Matrix setup time        :	11 s
                        Solver setup             :	56 s
                        Degrees of freedom       :	5020558
                        Number of mesh cells     :	769847

                        Stimulation port         :	Zmin
                        Mode number              :	1
                        Accuracy                 :	7.60831e-05
                        Iterations               :	8
                        Solver time              :	28 s


                      ------------------------------------------------------------------------------
2026-08-10 22:27:05     Delta calculation        
2026-08-10 22:27:05     All S-Parameters         :	6.99727e-05
2026-08-10 22:27:05   

                      ------------------------------------------------------------------------------
2026-08-10 22:27:22   Adaptive mesh refinement pass 3

                      ------------------------------------------------------------------------------
2026-08-10 22:29:05     Matrix setup time        :	12 s
                        Solver setup             :	60 s
                        Degrees of freedom       :	5055344
                        Number of mesh cells     :	775160

                        Stimulation port         :	Zmin
                        Mode number              :	1
                        Accuracy                 :	7.6906e-05
                        Iterations               :	8
                        Solver time              :	29 s


                      ------------------------------------------------------------------------------
2026-08-10 22:29:07     Delta calculation        
2026-08-10 22:29:07     All S-Parameters         :	2.9806e-05
2026-08-10 22:29:07   

                      ------------------------------------------------------------------------------
2026-08-10 22:29:07   Mesh adaptation terminated because the desired accuracy limit is reached.

                      ------------------------------------------------------------------------------
2026-08-10 22:29:07     Total time               :	319 s	 (= 0 h, 05 m, 19 s)

                      ------------------------------------------------------------------------------
2026-08-10 22:29:07   

                      ------------------------------------------------------------------------------
2026-08-10 22:29:07     Calculation 74 (Frequency: 23.2 THz, Theta: 0, Phi: 0)


                      ------------------------------------------------------------------------------
2026-08-10 22:29:07   Running the PortModeSolver.

                      ------------------------------------------------------------------------------
2026-08-10 22:29:09   Adaptive mesh refinement pass 1

                      ------------------------------------------------------------------------------
2026-08-10 22:30:36     Matrix setup time        :	5 s
                        Solver setup             :	52 s
                        Degrees of freedom       :	5055344
                        Number of mesh cells     :	775160

                        Stimulation port         :	Zmin
                        Mode number              :	1
                        Accuracy                 :	7.97478e-05
                        Iterations               :	8
                        Solver time              :	28 s


                      ------------------------------------------------------------------------------
2026-08-10 22:30:38   The input reflection seems to be large at 23.2 THz, Theta: 0, Phi: 0.  More...

                      ------------------------------------------------------------------------------
2026-08-10 22:30:56   Adaptive mesh refinement pass 2

                      ------------------------------------------------------------------------------
2026-08-10 22:32:24     Matrix setup time        :	11 s
                        Solver setup             :	49 s
                        Degrees of freedom       :	5089802
                        Number of mesh cells     :	780416

                        Stimulation port         :	Zmin
                        Mode number              :	1
                        Accuracy                 :	8.04397e-05
                        Iterations               :	8
                        Solver time              :	26 s


                      ------------------------------------------------------------------------------
2026-08-10 22:32:26     Delta calculation        
2026-08-10 22:32:26     All S-Parameters         :	0.000152838
2026-08-10 22:32:26   

                      ------------------------------------------------------------------------------
2026-08-10 22:32:44   Adaptive mesh refinement pass 3

                      ------------------------------------------------------------------------------
2026-08-10 22:34:13     Matrix setup time        :	11 s
                        Solver setup             :	50 s
                        Degrees of freedom       :	5124180
                        Number of mesh cells     :	785681

                        Stimulation port         :	Zmin
                        Mode number              :	1
                        Accuracy                 :	8.00375e-05
                        Iterations               :	8
                        Solver time              :	26 s


                      ------------------------------------------------------------------------------
2026-08-10 22:34:15     Delta calculation        
2026-08-10 22:34:15     All S-Parameters         :	6.27427e-05
2026-08-10 22:34:15   

                      ------------------------------------------------------------------------------
2026-08-10 22:34:15   Mesh adaptation terminated because the desired accuracy limit is reached.

                      ------------------------------------------------------------------------------
2026-08-10 22:34:15     Total time               :	307 s	 (= 0 h, 05 m, 07 s)

                      ------------------------------------------------------------------------------
2026-08-10 22:34:15   

                      ------------------------------------------------------------------------------
2026-08-10 22:34:15     Calculation 75 (Frequency: 31.72 THz, Theta: 0, Phi: 0)


                      ------------------------------------------------------------------------------
2026-08-10 22:34:15   Running the PortModeSolver.

                      ------------------------------------------------------------------------------
2026-08-10 22:34:17   Adaptive mesh refinement pass 1

                      ------------------------------------------------------------------------------
2026-08-10 22:35:29     Matrix setup time        :	5 s
                        Solver setup             :	44 s
                        Degrees of freedom       :	5124180
                        Number of mesh cells     :	785681

                        Stimulation port         :	Zmin
                        Mode number              :	1
                        Accuracy                 :	9.94348e-05
                        Iterations               :	7
                        Solver time              :	23 s


                      ------------------------------------------------------------------------------
2026-08-10 22:35:49   Adaptive mesh refinement pass 2

                      ------------------------------------------------------------------------------
2026-08-10 22:37:33     Matrix setup time        :	12 s
                        Solver setup             :	62 s
                        Degrees of freedom       :	5157598
                        Number of mesh cells     :	790860

                        Stimulation port         :	Zmin
                        Mode number              :	1
                        Accuracy                 :	7.79561e-05
                        Iterations               :	8
                        Solver time              :	29 s


                      ------------------------------------------------------------------------------
2026-08-10 22:37:35     Delta calculation        
2026-08-10 22:37:35     All S-Parameters         :	8.04525e-05
2026-08-10 22:37:35   

                      ------------------------------------------------------------------------------
2026-08-10 22:37:54   Adaptive mesh refinement pass 3

                      ------------------------------------------------------------------------------
2026-08-10 22:39:36     Matrix setup time        :	12 s
                        Solver setup             :	59 s
                        Degrees of freedom       :	5191002
                        Number of mesh cells     :	796040

                        Stimulation port         :	Zmin
                        Mode number              :	1
                        Accuracy                 :	7.75086e-05
                        Iterations               :	8
                        Solver time              :	29 s


                      ------------------------------------------------------------------------------
2026-08-10 22:39:38     Delta calculation        
2026-08-10 22:39:38     All S-Parameters         :	4.72958e-06
2026-08-10 22:39:38   

                      ------------------------------------------------------------------------------
2026-08-10 22:39:38   Mesh adaptation terminated because the desired accuracy limit is reached.

                      ------------------------------------------------------------------------------
2026-08-10 22:39:38     Total time               :	322 s	 (= 0 h, 05 m, 22 s)

                      ------------------------------------------------------------------------------
2026-08-10 22:39:38   

                      ------------------------------------------------------------------------------
2026-08-10 22:39:38     Calculation 76 (Frequency: 28.168 THz, Theta: 0, Phi: 0)


                      ------------------------------------------------------------------------------
2026-08-10 22:39:38   Running the PortModeSolver.

                      ------------------------------------------------------------------------------
2026-08-10 22:39:40   Adaptive mesh refinement pass 1

                      ------------------------------------------------------------------------------
2026-08-10 22:41:23     Matrix setup time        :	5 s
                        Solver setup             :	63 s
                        Degrees of freedom       :	5191002
                        Number of mesh cells     :	796040

                        Stimulation port         :	Zmin
                        Mode number              :	1
                        Accuracy                 :	8.07976e-05
                        Iterations               :	9
                        Solver time              :	33 s


                      ------------------------------------------------------------------------------
2026-08-10 22:41:43   Adaptive mesh refinement pass 2

                      ------------------------------------------------------------------------------
2026-08-10 22:43:19     Matrix setup time        :	12 s
                        Solver setup             :	56 s
                        Degrees of freedom       :	5223810
                        Number of mesh cells     :	801158

                        Stimulation port         :	Zmin
                        Mode number              :	1
                        Accuracy                 :	7.47057e-05
                        Iterations               :	8
                        Solver time              :	27 s


                      ------------------------------------------------------------------------------
2026-08-10 22:43:21     Delta calculation        
2026-08-10 22:43:21     All S-Parameters         :	3.54522e-05
2026-08-10 22:43:21   

                      ------------------------------------------------------------------------------
2026-08-10 22:43:39   Adaptive mesh refinement pass 3

                      ------------------------------------------------------------------------------
2026-08-10 22:45:21     Matrix setup time        :	12 s
                        Solver setup             :	61 s
                        Degrees of freedom       :	5256994
                        Number of mesh cells     :	806313

                        Stimulation port         :	Zmin
                        Mode number              :	1
                        Accuracy                 :	7.25034e-05
                        Iterations               :	8
                        Solver time              :	28 s


                      ------------------------------------------------------------------------------
2026-08-10 22:45:23     Delta calculation        
2026-08-10 22:45:23     All S-Parameters         :	8.8069e-06
2026-08-10 22:45:23   

                      ------------------------------------------------------------------------------
2026-08-10 22:45:23   Mesh adaptation terminated because the desired accuracy limit is reached.

                      ------------------------------------------------------------------------------
2026-08-10 22:45:24     Total time               :	344 s	 (= 0 h, 05 m, 44 s)

                      ------------------------------------------------------------------------------
2026-08-10 22:45:24   

                      ------------------------------------------------------------------------------
2026-08-10 22:45:24     Calculation 77 (Frequency: 27.112 THz, Theta: 0, Phi: 0)


                      ------------------------------------------------------------------------------
2026-08-10 22:45:24   Running the PortModeSolver.

                      ------------------------------------------------------------------------------
2026-08-10 22:45:26   Adaptive mesh refinement pass 1

                      ------------------------------------------------------------------------------
2026-08-10 22:46:53     Matrix setup time        :	5 s
                        Solver setup             :	53 s
                        Degrees of freedom       :	5256994
                        Number of mesh cells     :	806313

                        Stimulation port         :	Zmin
                        Mode number              :	1
                        Accuracy                 :	9.23946e-05
                        Iterations               :	8
                        Solver time              :	27 s


                      ------------------------------------------------------------------------------
2026-08-10 22:47:13   Adaptive mesh refinement pass 2

                      ------------------------------------------------------------------------------
2026-08-10 22:48:43     Matrix setup time        :	12 s
                        Solver setup             :	47 s
                        Degrees of freedom       :	5290190
                        Number of mesh cells     :	811482

                        Stimulation port         :	Zmin
                        Mode number              :	1
                        Accuracy                 :	9.13667e-05
                        Iterations               :	9
                        Solver time              :	29 s


                      ------------------------------------------------------------------------------
2026-08-10 22:48:45     Delta calculation        
2026-08-10 22:48:45     All S-Parameters         :	7.19596e-05
2026-08-10 22:48:45   

                      ------------------------------------------------------------------------------
2026-08-10 22:49:03   Adaptive mesh refinement pass 3

                      ------------------------------------------------------------------------------
2026-08-10 22:50:45     Matrix setup time        :	12 s
                        Solver setup             :	58 s
                        Degrees of freedom       :	5323480
                        Number of mesh cells     :	816649

                        Stimulation port         :	Zmin
                        Mode number              :	1
                        Accuracy                 :	7.159e-05
                        Iterations               :	9
                        Solver time              :	31 s


                      ------------------------------------------------------------------------------
2026-08-10 22:50:47     Delta calculation        
2026-08-10 22:50:47     All S-Parameters         :	2.4125e-05
2026-08-10 22:50:47   

                      ------------------------------------------------------------------------------
2026-08-10 22:50:47   Mesh adaptation terminated because the desired accuracy limit is reached.

                      ------------------------------------------------------------------------------
2026-08-10 22:50:48     Total time               :	323 s	 (= 0 h, 05 m, 23 s)

                      ------------------------------------------------------------------------------
2026-08-10 22:50:48   

                      ------------------------------------------------------------------------------
2026-08-10 22:50:48     Calculation 78 (Frequency: 23.392 THz, Theta: 0, Phi: 0)


                      ------------------------------------------------------------------------------
2026-08-10 22:50:48   Running the PortModeSolver.

                      ------------------------------------------------------------------------------
2026-08-10 22:50:49   Adaptive mesh refinement pass 1

                      ------------------------------------------------------------------------------
2026-08-10 22:52:15     Matrix setup time        :	5 s
                        Solver setup             :	51 s
                        Degrees of freedom       :	5323480
                        Number of mesh cells     :	816649

                        Stimulation port         :	Zmin
                        Mode number              :	1
                        Accuracy                 :	7.9886e-05
                        Iterations               :	8
                        Solver time              :	28 s


                      ------------------------------------------------------------------------------
2026-08-10 22:52:17   The input reflection seems to be large at 23.392 THz, Theta: 0, Phi: 0.  More...

                      ------------------------------------------------------------------------------
2026-08-10 22:52:36   Adaptive mesh refinement pass 2

                      ------------------------------------------------------------------------------
2026-08-10 22:54:12     Matrix setup time        :	12 s
                        Solver setup             :	56 s
                        Degrees of freedom       :	5357926
                        Number of mesh cells     :	821914

                        Stimulation port         :	Zmin
                        Mode number              :	1
                        Accuracy                 :	7.91054e-05
                        Iterations               :	8
                        Solver time              :	27 s


                      ------------------------------------------------------------------------------
2026-08-10 22:54:14     Delta calculation        
2026-08-10 22:54:14     All S-Parameters         :	3.19329e-05
2026-08-10 22:54:14   

                      ------------------------------------------------------------------------------
2026-08-10 22:54:32   Adaptive mesh refinement pass 3

                      ------------------------------------------------------------------------------
2026-08-10 22:56:10     Matrix setup time        :	12 s
                        Solver setup             :	56 s
                        Degrees of freedom       :	5392246
                        Number of mesh cells     :	827172

                        Stimulation port         :	Zmin
                        Mode number              :	1
                        Accuracy                 :	7.97897e-05
                        Iterations               :	8
                        Solver time              :	28 s


                      ------------------------------------------------------------------------------
2026-08-10 22:56:12     Delta calculation        
2026-08-10 22:56:12     All S-Parameters         :	2.88692e-05
2026-08-10 22:56:12   

                      ------------------------------------------------------------------------------
2026-08-10 22:56:12   Mesh adaptation terminated because the desired accuracy limit is reached.

                      ------------------------------------------------------------------------------
2026-08-10 22:56:12     Total time               :	324 s	 (= 0 h, 05 m, 24 s)

                      ------------------------------------------------------------------------------
2026-08-10 22:56:12   

                      ------------------------------------------------------------------------------
2026-08-10 22:56:13   Some adaptive mesh refinement samples will be recalculated because the mesh has changed significantly.

                      ------------------------------------------------------------------------------
2026-08-10 22:56:13     Calculation 1 (Frequency: 34 THz, Theta: 0, Phi: 0)


                      ------------------------------------------------------------------------------
2026-08-10 22:56:13   Running the PortModeSolver.

                      ------------------------------------------------------------------------------
2026-08-10 22:57:39     Matrix setup time        :	5 s
                        Solver setup             :	50 s
                        Degrees of freedom       :	5392246
                        Number of mesh cells     :	827172

                        Stimulation port         :	Zmin
                        Mode number              :	1
                        Accuracy                 :	9.40474e-05
                        Iterations               :	8
                        Solver time              :	28 s


                      ------------------------------------------------------------------------------
2026-08-10 22:57:40     Total time               :	86 s	 (= 0 h, 01 m, 26 s)

                      ------------------------------------------------------------------------------
2026-08-10 22:57:40   

                      ------------------------------------------------------------------------------
2026-08-10 22:57:40     Calculation 2 (Frequency: 10 THz, Theta: 0, Phi: 0)


                      ------------------------------------------------------------------------------
2026-08-10 22:57:40   Running the PortModeSolver.

                      ------------------------------------------------------------------------------
2026-08-10 22:59:00     Matrix setup time        :	5 s
                        Solver setup             :	51 s
                        Degrees of freedom       :	5392246
                        Number of mesh cells     :	827172

                        Stimulation port         :	Zmin
                        Mode number              :	1
                        Accuracy                 :	5.87993e-05
                        Iterations               :	6
                        Solver time              :	21 s


                      ------------------------------------------------------------------------------
2026-08-10 22:59:00     Total time               :	80 s	 (= 0 h, 01 m, 20 s)

                      ------------------------------------------------------------------------------
2026-08-10 22:59:00   

                      ------------------------------------------------------------------------------
2026-08-10 22:59:00   Finished the general purpose interpolative broadband frequency sweep:
                      All broadband sweep convergence criteria have been satisfied after
                      calculating 78 frequency samples:

                        Broadband sweep error threshold value :  0.01 (All S-Parameters) 
                        Number of error criterion checks      :  2 (All S-Parameters) 
                        Minimum number of samples             :  3
                        Number of data samples, linear        :  1001

                      ------------------------------------------------------------------------------
2026-08-10 22:59:00     Number of mesh cells     :	827172
                        Degrees of freedom       :	5348254
                        Total Solver Time        :	12134 s	 (= 3 h, 22 m, 14 s)
                        Free disk space          :	272 GB
                        Disk space delta         :	11 GB
                      ================================================================================



                      ------------------------------------------------------------------------------
2026-08-10 22:59:02     ----------------------------------------------------------------------------
                                            Peak memory used (GB)         Free physical memory (GB) 
                                                                          At begin     Minimum      
                        ----------------------------------------------------------------------------
                        Solver start        0.029                         37.335       37.332       
                        Eq. system setup    11.680                        37.272       23.205       
                        Eq. system solve    26.813                        37.198       9.076        
                        Mesh refinement     11.305                        37.135       23.098       
                        Field monitor calc. 11.681                        24.188       24.097       
                        Solver run total    26.813                        37.335       9.076        

                        Computer name       Hikari
                        ----------------------------------------------------------------------------


                      ------------------------------------------------------------------------------
2026-08-10 22:59:05   Running post-processing.

                      ------------------------------------------------------------------------------
2026-08-10 22:59:07   Post-processing finished.

                      ------------------------------------------------------------------------------
