2026-08-10 17:55:23   In order to get an optimal performance, hyperthreading is ignored for parallel
                      computations.

                      ------------------------------------------------------------------------------
2026-08-10 17:55:24   
                      ------------------------------------------------------------------------------
2026-08-10 17:55:24   Units settings: 

                        Dimensions: um
                        Frequency:  THz
                        Time:       ps

                      ------------------------------------------------------------------------------
2026-08-10 17:55:24   Boundary conditions: 

                        YZsymmetry: none
                        XZsymmetry: none
                        XYsymmetry: none

                        Xmin: unit cell
                        Xmax: unit cell

                        Ymin: unit cell
                        Ymax: unit cell

                        Zmin: expanded open
                        Zmax: expanded open

                      ------------------------------------------------------------------------------
2026-08-10 17:55:24   Order settings: 

                        Solver order   : 2nd (constant)
                        Curved elements: up to order 3 (automatic)

                      ------------------------------------------------------------------------------
2026-08-10 17:55:24     Mesh time                :	0 s


                      ------------------------------------------------------------------------------
2026-08-10 17:55:25   
                      ================================================================================
                      Frequency Domain Solver calculation cycle started

                      ------------------------------------------------------------------------------
2026-08-10 17:55:25   Solver started at: 2026-08-10 17:55:25 -0400

                        Module:  Frequency Domain: S-Parameter (Win 64)
                        Version: 2026.0 Release from 2025-08-29 (change 1465899)

                        Free disk space at solver start is 285 GB.


                      ------------------------------------------------------------------------------
2026-08-10 17:55:25   An iterative solver will be used first.

                      ------------------------------------------------------------------------------
2026-08-10 17:55:25   The wavelength based mesh refinement has been applied to 8.8% of all mesh edges.

                      ------------------------------------------------------------------------------
2026-08-10 17:55:25   The low frequency stabilization is not applied to periodic problems.

                      ------------------------------------------------------------------------------
2026-08-10 17:55:25     Calculation 1 (Frequency: 34 THz, Theta: 0, Phi: 0)


                      ------------------------------------------------------------------------------
2026-08-10 17:55:25   Running the PortModeSolver.

                      ------------------------------------------------------------------------------
2026-08-10 17:55:26   Adaptive mesh refinement pass 1

                      ------------------------------------------------------------------------------
2026-08-10 17:55:27     Matrix setup time        :	0 s
                        Degrees of freedom       :	75382
                        Number of mesh cells     :	11179

                        Stimulation port         :	Zmin
                        Mode number              :	1
                        Accuracy                 :	8.32532e-05
                        Iterations               :	26
                        Solver time              :	0 s


                      ------------------------------------------------------------------------------
2026-08-10 17:55:27   8% of all mesh edges seem to be longer than expected. The adaptive mesh refinement's growth limitation will therefore 
                      use 16894 instead of 6943 mesh cells as a reference.

                      ------------------------------------------------------------------------------
2026-08-10 17:55:27   The wavelength based mesh refinement has been applied to 0.4% of all mesh edges.

                      ------------------------------------------------------------------------------
2026-08-10 17:55:28   Adaptive mesh refinement pass 2

                      ------------------------------------------------------------------------------
2026-08-10 17:55:29     Matrix setup time        :	0 s
                        Degrees of freedom       :	113420
                        Number of mesh cells     :	16995

                        Stimulation port         :	Zmin
                        Mode number              :	1
                        Accuracy                 :	9.7179e-05
                        Iterations               :	24
                        Solver time              :	1 s


                      ------------------------------------------------------------------------------
2026-08-10 17:55:29     Delta calculation        
2026-08-10 17:55:29     All S-Parameters         :	0.0271727
2026-08-10 17:55:29   

                      ------------------------------------------------------------------------------
2026-08-10 17:55:30   Adaptive mesh refinement pass 3

                      ------------------------------------------------------------------------------
2026-08-10 17:55:32     Matrix setup time        :	0 s
                        Degrees of freedom       :	149520
                        Number of mesh cells     :	22389

                        Stimulation port         :	Zmin
                        Mode number              :	1
                        Accuracy                 :	7.07303e-05
                        Iterations               :	22
                        Solver time              :	1 s


                      ------------------------------------------------------------------------------
2026-08-10 17:55:32     Delta calculation        
2026-08-10 17:55:32     All S-Parameters         :	0.00611167
2026-08-10 17:55:32   

                      ------------------------------------------------------------------------------
2026-08-10 17:55:32   Mesh adaptation terminated because the desired accuracy limit is reached.

                      ------------------------------------------------------------------------------
2026-08-10 17:55:32     Total time               :	7 s

                      ------------------------------------------------------------------------------
2026-08-10 17:55:32   

                      ------------------------------------------------------------------------------
2026-08-10 17:55:32     Calculation 2 (Frequency: 10 THz, Theta: 0, Phi: 0)


                      ------------------------------------------------------------------------------
2026-08-10 17:55:32   Running the PortModeSolver.

                      ------------------------------------------------------------------------------
2026-08-10 17:55:33   Adaptive mesh refinement pass 1

                      ------------------------------------------------------------------------------
2026-08-10 17:55:34     Matrix setup time        :	0 s
                        Degrees of freedom       :	149520
                        Number of mesh cells     :	22389

                        Stimulation port         :	Zmin
                        Mode number              :	1
                        Accuracy                 :	9.0546e-05
                        Iterations               :	12
                        Solver time              :	0 s


                      ------------------------------------------------------------------------------
2026-08-10 17:55:35   Adaptive mesh refinement pass 2

                      ------------------------------------------------------------------------------
2026-08-10 17:55:36     Matrix setup time        :	0 s
                        Degrees of freedom       :	161838
                        Number of mesh cells     :	24291

                        Stimulation port         :	Zmin
                        Mode number              :	1
                        Accuracy                 :	6.75242e-05
                        Iterations               :	12
                        Solver time              :	0 s


                      ------------------------------------------------------------------------------
2026-08-10 17:55:36     Delta calculation        
2026-08-10 17:55:36     All S-Parameters         :	0.00620729
2026-08-10 17:55:36   

                      ------------------------------------------------------------------------------
2026-08-10 17:55:37   Adaptive mesh refinement pass 3

                      ------------------------------------------------------------------------------
2026-08-10 17:55:39     Matrix setup time        :	0 s
                        Degrees of freedom       :	196362
                        Number of mesh cells     :	29581

                        Stimulation port         :	Zmin
                        Mode number              :	1
                        Accuracy                 :	5.23626e-05
                        Iterations               :	12
                        Solver time              :	0 s


                      ------------------------------------------------------------------------------
2026-08-10 17:55:39     Delta calculation        
2026-08-10 17:55:39     All S-Parameters         :	0.00374206
2026-08-10 17:55:39   

                      ------------------------------------------------------------------------------
2026-08-10 17:55:39   Mesh adaptation terminated because the desired accuracy limit is reached.

                      ------------------------------------------------------------------------------
2026-08-10 17:55:39     Total time               :	6 s

                      ------------------------------------------------------------------------------
2026-08-10 17:55:39   

                      ------------------------------------------------------------------------------
2026-08-10 17:55:39     Calculation 3 (Frequency: 22 THz, Theta: 0, Phi: 0)


                      ------------------------------------------------------------------------------
2026-08-10 17:55:39   Running the PortModeSolver.

                      ------------------------------------------------------------------------------
2026-08-10 17:55:40   Adaptive mesh refinement pass 1

                      ------------------------------------------------------------------------------
2026-08-10 17:55:42     Matrix setup time        :	0 s
                        Degrees of freedom       :	196362
                        Number of mesh cells     :	29581

                        Stimulation port         :	Zmin
                        Mode number              :	1
                        Accuracy                 :	9.39671e-05
                        Iterations               :	19
                        Solver time              :	1 s


                      ------------------------------------------------------------------------------
2026-08-10 17:55:43   Adaptive mesh refinement pass 2

                      ------------------------------------------------------------------------------
2026-08-10 17:55:45     Matrix setup time        :	0 s
                        Degrees of freedom       :	233020
                        Number of mesh cells     :	35122

                        Stimulation port         :	Zmin
                        Mode number              :	1
                        Accuracy                 :	9.41523e-05
                        Iterations               :	20
                        Solver time              :	1 s


                      ------------------------------------------------------------------------------
2026-08-10 17:55:45     Delta calculation        
2026-08-10 17:55:45     All S-Parameters         :	0.015036
2026-08-10 17:55:45   

                      ------------------------------------------------------------------------------
2026-08-10 17:55:47   Adaptive mesh refinement pass 3

                      ------------------------------------------------------------------------------
2026-08-10 17:55:50     Matrix setup time        :	0 s
                        Degrees of freedom       :	268898
                        Number of mesh cells     :	40535

                        Stimulation port         :	Zmin
                        Mode number              :	1
                        Accuracy                 :	8.93177e-05
                        Iterations               :	18
                        Solver time              :	2 s


                      ------------------------------------------------------------------------------
2026-08-10 17:55:50     Delta calculation        
2026-08-10 17:55:50     All S-Parameters         :	0.00472263
2026-08-10 17:55:50   

                      ------------------------------------------------------------------------------
2026-08-10 17:55:50   Mesh adaptation terminated because the desired accuracy limit is reached.

                      ------------------------------------------------------------------------------
2026-08-10 17:55:50     Total time               :	10 s

                      ------------------------------------------------------------------------------
2026-08-10 17:55:50   

                      ------------------------------------------------------------------------------
2026-08-10 17:55:50     Calculation 4 (Frequency: 18.5497 THz, Theta: 0, Phi: 0)


                      ------------------------------------------------------------------------------
2026-08-10 17:55:50   Running the PortModeSolver.

                      ------------------------------------------------------------------------------
2026-08-10 17:55:51   Adaptive mesh refinement pass 1

                      ------------------------------------------------------------------------------
2026-08-10 17:55:53     Matrix setup time        :	0 s
                        Degrees of freedom       :	268898
                        Number of mesh cells     :	40535

                        Stimulation port         :	Zmin
                        Mode number              :	1
                        Accuracy                 :	8.95231e-05
                        Iterations               :	17
                        Solver time              :	1 s


                      ------------------------------------------------------------------------------
2026-08-10 17:55:55   Adaptive mesh refinement pass 2

                      ------------------------------------------------------------------------------
2026-08-10 17:55:58     Matrix setup time        :	0 s
                        Degrees of freedom       :	304764
                        Number of mesh cells     :	45996

                        Stimulation port         :	Zmin
                        Mode number              :	1
                        Accuracy                 :	9.54178e-05
                        Iterations               :	15
                        Solver time              :	1 s


                      ------------------------------------------------------------------------------
2026-08-10 17:55:58     Delta calculation        
2026-08-10 17:55:58     All S-Parameters         :	0.0012046
2026-08-10 17:55:58   

                      ------------------------------------------------------------------------------
2026-08-10 17:55:59   Adaptive mesh refinement pass 3

                      ------------------------------------------------------------------------------
2026-08-10 17:56:03     Matrix setup time        :	0 s
                        Degrees of freedom       :	340272
                        Number of mesh cells     :	51345

                        Stimulation port         :	Zmin
                        Mode number              :	1
                        Accuracy                 :	8.86464e-05
                        Iterations               :	14
                        Solver time              :	2 s


                      ------------------------------------------------------------------------------
2026-08-10 17:56:03     Delta calculation        
2026-08-10 17:56:03     All S-Parameters         :	0.000973251
2026-08-10 17:56:03   

                      ------------------------------------------------------------------------------
2026-08-10 17:56:03   Mesh adaptation terminated because the desired accuracy limit is reached.

                      ------------------------------------------------------------------------------
2026-08-10 17:56:03     Total time               :	13 s

                      ------------------------------------------------------------------------------
2026-08-10 17:56:03   

                      ------------------------------------------------------------------------------
2026-08-10 17:56:03     Calculation 5 (Frequency: 18.9244 THz, Theta: 0, Phi: 0)


                      ------------------------------------------------------------------------------
2026-08-10 17:56:03   Running the PortModeSolver.

                      ------------------------------------------------------------------------------
2026-08-10 17:56:04   Adaptive mesh refinement pass 1

                      ------------------------------------------------------------------------------
2026-08-10 17:56:07     Matrix setup time        :	0 s
                        Degrees of freedom       :	340272
                        Number of mesh cells     :	51345

                        Stimulation port         :	Zmin
                        Mode number              :	1
                        Accuracy                 :	8.06398e-05
                        Iterations               :	16
                        Solver time              :	2 s


                      ------------------------------------------------------------------------------
2026-08-10 17:56:09   Adaptive mesh refinement pass 2

                      ------------------------------------------------------------------------------
2026-08-10 17:56:13     Matrix setup time        :	0 s
                        Degrees of freedom       :	375604
                        Number of mesh cells     :	56696

                        Stimulation port         :	Zmin
                        Mode number              :	1
                        Accuracy                 :	9.86667e-05
                        Iterations               :	16
                        Solver time              :	2 s


                      ------------------------------------------------------------------------------
2026-08-10 17:56:13     Delta calculation        
2026-08-10 17:56:13     All S-Parameters         :	0.00036652
2026-08-10 17:56:13   

                      ------------------------------------------------------------------------------
2026-08-10 17:56:15   Adaptive mesh refinement pass 3

                      ------------------------------------------------------------------------------
2026-08-10 17:56:20     Matrix setup time        :	0 s
                        Degrees of freedom       :	410632
                        Number of mesh cells     :	62026

                        Stimulation port         :	Zmin
                        Mode number              :	1
                        Accuracy                 :	8.71102e-05
                        Iterations               :	16
                        Solver time              :	2 s


                      ------------------------------------------------------------------------------
2026-08-10 17:56:20     Delta calculation        
2026-08-10 17:56:20     All S-Parameters         :	0.000394253
2026-08-10 17:56:20   

                      ------------------------------------------------------------------------------
2026-08-10 17:56:20   Mesh adaptation terminated because the desired accuracy limit is reached.

                      ------------------------------------------------------------------------------
2026-08-10 17:56:20     Total time               :	16 s

                      ------------------------------------------------------------------------------
2026-08-10 17:56:20   

                      ------------------------------------------------------------------------------
2026-08-10 17:56:20     Calculation 6 (Frequency: 26.3108 THz, Theta: 0, Phi: 0)


                      ------------------------------------------------------------------------------
2026-08-10 17:56:20   Running the PortModeSolver.

                      ------------------------------------------------------------------------------
2026-08-10 17:56:21   Adaptive mesh refinement pass 1

                      ------------------------------------------------------------------------------
2026-08-10 17:56:25     Matrix setup time        :	0 s
                        Degrees of freedom       :	410632
                        Number of mesh cells     :	62026

                        Stimulation port         :	Zmin
                        Mode number              :	1
                        Accuracy                 :	6.49635e-05
                        Iterations               :	19
                        Solver time              :	3 s


                      ------------------------------------------------------------------------------
2026-08-10 17:56:25   The input reflection seems to be large at 26.3108 THz, Theta: 0, Phi: 0.  More...

                      ------------------------------------------------------------------------------
2026-08-10 17:56:27   Adaptive mesh refinement pass 2

                      ------------------------------------------------------------------------------
2026-08-10 17:56:33     Matrix setup time        :	0 s
                        Degrees of freedom       :	451572
                        Number of mesh cells     :	68307

                        Stimulation port         :	Zmin
                        Mode number              :	1
                        Accuracy                 :	8.06377e-05
                        Iterations               :	20
                        Solver time              :	3 s


                      ------------------------------------------------------------------------------
2026-08-10 17:56:33     Delta calculation        
2026-08-10 17:56:33     All S-Parameters         :	0.00299911
2026-08-10 17:56:33   

                      ------------------------------------------------------------------------------
2026-08-10 17:56:34   Adaptive mesh refinement pass 3

                      ------------------------------------------------------------------------------
2026-08-10 17:56:40     Matrix setup time        :	1 s
                        Solver setup             :	1 s
                        Degrees of freedom       :	486616
                        Number of mesh cells     :	73645

                        Stimulation port         :	Zmin
                        Mode number              :	1
                        Accuracy                 :	6.61577e-05
                        Iterations               :	19
                        Solver time              :	3 s


                      ------------------------------------------------------------------------------
2026-08-10 17:56:41     Delta calculation        
2026-08-10 17:56:41     All S-Parameters         :	0.00064175
2026-08-10 17:56:41   

                      ------------------------------------------------------------------------------
2026-08-10 17:56:41   Mesh adaptation terminated because the desired accuracy limit is reached.

                      ------------------------------------------------------------------------------
2026-08-10 17:56:41     Total time               :	20 s

                      ------------------------------------------------------------------------------
2026-08-10 17:56:41   

                      ------------------------------------------------------------------------------
2026-08-10 17:56:41     Calculation 7 (Frequency: 26.4982 THz, Theta: 0, Phi: 0)


                      ------------------------------------------------------------------------------
2026-08-10 17:56:41   Running the PortModeSolver.

                      ------------------------------------------------------------------------------
2026-08-10 17:56:42   Adaptive mesh refinement pass 1

                      ------------------------------------------------------------------------------
2026-08-10 17:56:51     Matrix setup time        :	0 s
                        Degrees of freedom       :	486616
                        Number of mesh cells     :	73645

                        Stimulation port         :	Zmin
                        Mode number              :	1
                        Accuracy                 :	9.81021e-05
                        Iterations               :	42
                        Solver time              :	8 s


                      ------------------------------------------------------------------------------
2026-08-10 17:56:52   The input reflection seems to be large at 26.4982 THz, Theta: 0, Phi: 0.  More...

                      ------------------------------------------------------------------------------
2026-08-10 17:56:54   Adaptive mesh refinement pass 2

                      ------------------------------------------------------------------------------
2026-08-10 17:57:07     Matrix setup time        :	1 s
                        Solver setup             :	1 s
                        Degrees of freedom       :	521518
                        Number of mesh cells     :	78981

                        Stimulation port         :	Zmin
                        Mode number              :	1
                        Accuracy                 :	9.74303e-05
                        Iterations               :	47
                        Solver time              :	10 s


                      ------------------------------------------------------------------------------
2026-08-10 17:57:07     Delta calculation        
2026-08-10 17:57:07     All S-Parameters         :	0.000453046
2026-08-10 17:57:07   

                      ------------------------------------------------------------------------------
2026-08-10 17:57:09   Adaptive mesh refinement pass 3

                      ------------------------------------------------------------------------------
2026-08-10 17:57:30     Matrix setup time        :	1 s
                        Solver setup             :	1 s
                        Degrees of freedom       :	556184
                        Number of mesh cells     :	84307

                        Stimulation port         :	Zmin
                        Mode number              :	1
                        Accuracy                 :	7.21746e-05
                        Iterations               :	79
                        Solver time              :	18 s


                      ------------------------------------------------------------------------------
2026-08-10 17:57:30     Delta calculation        
2026-08-10 17:57:30     All S-Parameters         :	0.000271106
2026-08-10 17:57:30   

                      ------------------------------------------------------------------------------
2026-08-10 17:57:30   Mesh adaptation terminated because the desired accuracy limit is reached.

                      ------------------------------------------------------------------------------
2026-08-10 17:57:31     Total time               :	49 s

                      ------------------------------------------------------------------------------
2026-08-10 17:57:31   

                      ------------------------------------------------------------------------------
2026-08-10 17:57:31     Calculation 8 (Frequency: 23.224 THz, Theta: 0, Phi: 0)


                      ------------------------------------------------------------------------------
2026-08-10 17:57:31   Running the PortModeSolver.

                      ------------------------------------------------------------------------------
2026-08-10 17:57:32   Adaptive mesh refinement pass 1

                      ------------------------------------------------------------------------------
2026-08-10 17:57:36     Matrix setup time        :	0 s
                        Degrees of freedom       :	556184
                        Number of mesh cells     :	84307

                        Stimulation port         :	Zmin
                        Mode number              :	1
                        Accuracy                 :	9.73936e-05
                        Iterations               :	13
                        Solver time              :	3 s


                      ------------------------------------------------------------------------------
2026-08-10 17:57:38   Adaptive mesh refinement pass 2

                      ------------------------------------------------------------------------------
2026-08-10 17:57:44     Matrix setup time        :	1 s
                        Solver setup             :	1 s
                        Degrees of freedom       :	591244
                        Number of mesh cells     :	89690

                        Stimulation port         :	Zmin
                        Mode number              :	1
                        Accuracy                 :	7.8687e-05
                        Iterations               :	12
                        Solver time              :	3 s


                      ------------------------------------------------------------------------------
2026-08-10 17:57:45     Delta calculation        
2026-08-10 17:57:45     All S-Parameters         :	0.0010258
2026-08-10 17:57:45   

                      ------------------------------------------------------------------------------
2026-08-10 17:57:47   Adaptive mesh refinement pass 3

                      ------------------------------------------------------------------------------
2026-08-10 17:57:53     Matrix setup time        :	1 s
                        Solver setup             :	1 s
                        Degrees of freedom       :	626330
                        Number of mesh cells     :	95026

                        Stimulation port         :	Zmin
                        Mode number              :	1
                        Accuracy                 :	9.68665e-05
                        Iterations               :	11
                        Solver time              :	3 s


                      ------------------------------------------------------------------------------
2026-08-10 17:57:53     Delta calculation        
2026-08-10 17:57:53     All S-Parameters         :	0.000254155
2026-08-10 17:57:53   

                      ------------------------------------------------------------------------------
2026-08-10 17:57:53   Mesh adaptation terminated because the desired accuracy limit is reached.

                      ------------------------------------------------------------------------------
2026-08-10 17:57:53     Total time               :	22 s

                      ------------------------------------------------------------------------------
2026-08-10 17:57:53   

                      ------------------------------------------------------------------------------
2026-08-10 17:57:53     Calculation 9 (Frequency: 19.96 THz, Theta: 0, Phi: 0)


                      ------------------------------------------------------------------------------
2026-08-10 17:57:53   Running the PortModeSolver.

                      ------------------------------------------------------------------------------
2026-08-10 17:57:54   Adaptive mesh refinement pass 1

                      ------------------------------------------------------------------------------
2026-08-10 17:57:59     Matrix setup time        :	0 s
                        Solver setup             :	1 s
                        Degrees of freedom       :	626330
                        Number of mesh cells     :	95026

                        Stimulation port         :	Zmin
                        Mode number              :	1
                        Accuracy                 :	7.96132e-05
                        Iterations               :	11
                        Solver time              :	3 s


                      ------------------------------------------------------------------------------
2026-08-10 17:58:01   Adaptive mesh refinement pass 2

                      ------------------------------------------------------------------------------
2026-08-10 17:58:08     Matrix setup time        :	1 s
                        Solver setup             :	1 s
                        Degrees of freedom       :	661148
                        Number of mesh cells     :	100360

                        Stimulation port         :	Zmin
                        Mode number              :	1
                        Accuracy                 :	6.91333e-05
                        Iterations               :	11
                        Solver time              :	3 s


                      ------------------------------------------------------------------------------
2026-08-10 17:58:08     Delta calculation        
2026-08-10 17:58:08     All S-Parameters         :	0.000192368
2026-08-10 17:58:08   

                      ------------------------------------------------------------------------------
2026-08-10 17:58:11   Adaptive mesh refinement pass 3

                      ------------------------------------------------------------------------------
2026-08-10 17:58:17     Matrix setup time        :	1 s
                        Solver setup             :	1 s
                        Degrees of freedom       :	696342
                        Number of mesh cells     :	105732

                        Stimulation port         :	Zmin
                        Mode number              :	1
                        Accuracy                 :	6.10782e-05
                        Iterations               :	11
                        Solver time              :	3 s


                      ------------------------------------------------------------------------------
2026-08-10 17:58:18     Delta calculation        
2026-08-10 17:58:18     All S-Parameters         :	0.000171512
2026-08-10 17:58:18   

                      ------------------------------------------------------------------------------
2026-08-10 17:58:18   Mesh adaptation terminated because the desired accuracy limit is reached.

                      ------------------------------------------------------------------------------
2026-08-10 17:58:18     Total time               :	24 s

                      ------------------------------------------------------------------------------
2026-08-10 17:58:18   

                      ------------------------------------------------------------------------------
2026-08-10 17:58:18     Calculation 10 (Frequency: 16.864 THz, Theta: 0, Phi: 0)


                      ------------------------------------------------------------------------------
2026-08-10 17:58:18   Running the PortModeSolver.

                      ------------------------------------------------------------------------------
2026-08-10 17:58:19   Adaptive mesh refinement pass 1

                      ------------------------------------------------------------------------------
2026-08-10 17:58:25     Matrix setup time        :	0 s
                        Solver setup             :	1 s
                        Degrees of freedom       :	696342
                        Number of mesh cells     :	105732

                        Stimulation port         :	Zmin
                        Mode number              :	1
                        Accuracy                 :	6.44519e-05
                        Iterations               :	12
                        Solver time              :	3 s


                      ------------------------------------------------------------------------------
2026-08-10 17:58:27   Adaptive mesh refinement pass 2

                      ------------------------------------------------------------------------------
2026-08-10 17:58:34     Matrix setup time        :	1 s
                        Solver setup             :	1 s
                        Degrees of freedom       :	731616
                        Number of mesh cells     :	111128

                        Stimulation port         :	Zmin
                        Mode number              :	1
                        Accuracy                 :	7.23821e-05
                        Iterations               :	11
                        Solver time              :	3 s


                      ------------------------------------------------------------------------------
2026-08-10 17:58:35     Delta calculation        
2026-08-10 17:58:35     All S-Parameters         :	0.00584447
2026-08-10 17:58:35   

                      ------------------------------------------------------------------------------
2026-08-10 17:58:37   Adaptive mesh refinement pass 3

                      ------------------------------------------------------------------------------
2026-08-10 17:58:45     Matrix setup time        :	1 s
                        Solver setup             :	2 s
                        Degrees of freedom       :	766542
                        Number of mesh cells     :	116492

                        Stimulation port         :	Zmin
                        Mode number              :	1
                        Accuracy                 :	8.01411e-05
                        Iterations               :	11
                        Solver time              :	3 s


                      ------------------------------------------------------------------------------
2026-08-10 17:58:45     Delta calculation        
2026-08-10 17:58:45     All S-Parameters         :	0.00239776
2026-08-10 17:58:45   

                      ------------------------------------------------------------------------------
2026-08-10 17:58:45   Mesh adaptation terminated because the desired accuracy limit is reached.

                      ------------------------------------------------------------------------------
2026-08-10 17:58:46     Total time               :	27 s

                      ------------------------------------------------------------------------------
2026-08-10 17:58:46   

                      ------------------------------------------------------------------------------
2026-08-10 17:58:46     Calculation 11 (Frequency: 22.84 THz, Theta: 0, Phi: 0)


                      ------------------------------------------------------------------------------
2026-08-10 17:58:46   Running the PortModeSolver.

                      ------------------------------------------------------------------------------
2026-08-10 17:58:47   Adaptive mesh refinement pass 1

                      ------------------------------------------------------------------------------
2026-08-10 17:58:53     Matrix setup time        :	0 s
                        Solver setup             :	1 s
                        Degrees of freedom       :	766542
                        Number of mesh cells     :	116492

                        Stimulation port         :	Zmin
                        Mode number              :	1
                        Accuracy                 :	9.3191e-05
                        Iterations               :	13
                        Solver time              :	4 s


                      ------------------------------------------------------------------------------
2026-08-10 17:58:57   Adaptive mesh refinement pass 2

                      ------------------------------------------------------------------------------
2026-08-10 17:59:06     Matrix setup time        :	1 s
                        Solver setup             :	2 s
                        Degrees of freedom       :	801972
                        Number of mesh cells     :	121867

                        Stimulation port         :	Zmin
                        Mode number              :	1
                        Accuracy                 :	6.11307e-05
                        Iterations               :	12
                        Solver time              :	4 s


                      ------------------------------------------------------------------------------
2026-08-10 17:59:06     Delta calculation        
2026-08-10 17:59:06     All S-Parameters         :	0.000424555
2026-08-10 17:59:06   

                      ------------------------------------------------------------------------------
2026-08-10 17:59:09   Adaptive mesh refinement pass 3

                      ------------------------------------------------------------------------------
2026-08-10 17:59:17     Matrix setup time        :	1 s
                        Solver setup             :	2 s
                        Degrees of freedom       :	837104
                        Number of mesh cells     :	127226

                        Stimulation port         :	Zmin
                        Mode number              :	1
                        Accuracy                 :	9.20774e-05
                        Iterations               :	11
                        Solver time              :	4 s


                      ------------------------------------------------------------------------------
2026-08-10 17:59:17     Delta calculation        
2026-08-10 17:59:17     All S-Parameters         :	0.000273978
2026-08-10 17:59:17   

                      ------------------------------------------------------------------------------
2026-08-10 17:59:17   Mesh adaptation terminated because the desired accuracy limit is reached.

                      ------------------------------------------------------------------------------
2026-08-10 17:59:17     Total time               :	31 s

                      ------------------------------------------------------------------------------
2026-08-10 17:59:17   

                      ------------------------------------------------------------------------------
2026-08-10 17:59:17     Calculation 12 (Frequency: 28.024 THz, Theta: 0, Phi: 0)


                      ------------------------------------------------------------------------------
2026-08-10 17:59:17   Running the PortModeSolver.

                      ------------------------------------------------------------------------------
2026-08-10 17:59:18   Adaptive mesh refinement pass 1

                      ------------------------------------------------------------------------------
2026-08-10 17:59:25     Matrix setup time        :	0 s
                        Solver setup             :	1 s
                        Degrees of freedom       :	837104
                        Number of mesh cells     :	127226

                        Stimulation port         :	Zmin
                        Mode number              :	1
                        Accuracy                 :	7.32867e-05
                        Iterations               :	14
                        Solver time              :	4 s


                      ------------------------------------------------------------------------------
2026-08-10 17:59:25   The input reflection seems to be large at 28.024 THz, Theta: 0, Phi: 0.  More...

                      ------------------------------------------------------------------------------
2026-08-10 17:59:28   Adaptive mesh refinement pass 2

                      ------------------------------------------------------------------------------
2026-08-10 17:59:37     Matrix setup time        :	1 s
                        Solver setup             :	2 s
                        Degrees of freedom       :	871176
                        Number of mesh cells     :	132500

                        Stimulation port         :	Zmin
                        Mode number              :	1
                        Accuracy                 :	7.57922e-05
                        Iterations               :	13
                        Solver time              :	5 s


                      ------------------------------------------------------------------------------
2026-08-10 17:59:37     Delta calculation        
2026-08-10 17:59:37     All S-Parameters         :	0.000131236
2026-08-10 17:59:37   

                      ------------------------------------------------------------------------------
2026-08-10 17:59:40   Adaptive mesh refinement pass 3

                      ------------------------------------------------------------------------------
2026-08-10 17:59:51     Matrix setup time        :	1 s
                        Solver setup             :	2 s
                        Degrees of freedom       :	905788
                        Number of mesh cells     :	137798

                        Stimulation port         :	Zmin
                        Mode number              :	1
                        Accuracy                 :	7.33544e-05
                        Iterations               :	13
                        Solver time              :	5 s


                      ------------------------------------------------------------------------------
2026-08-10 17:59:51     Delta calculation        
2026-08-10 17:59:51     All S-Parameters         :	0.000558608
2026-08-10 17:59:51   

                      ------------------------------------------------------------------------------
2026-08-10 17:59:51   Mesh adaptation terminated because the desired accuracy limit is reached.

                      ------------------------------------------------------------------------------
2026-08-10 17:59:51     Total time               :	34 s

                      ------------------------------------------------------------------------------
2026-08-10 17:59:51   

                      ------------------------------------------------------------------------------
2026-08-10 17:59:51     Calculation 13 (Frequency: 20.248 THz, Theta: 0, Phi: 0)


                      ------------------------------------------------------------------------------
2026-08-10 17:59:51   Running the PortModeSolver.

                      ------------------------------------------------------------------------------
2026-08-10 17:59:52   Adaptive mesh refinement pass 1

                      ------------------------------------------------------------------------------
2026-08-10 18:00:00     Matrix setup time        :	0 s
                        Solver setup             :	1 s
                        Degrees of freedom       :	905788
                        Number of mesh cells     :	137798

                        Stimulation port         :	Zmin
                        Mode number              :	1
                        Accuracy                 :	7.94411e-05
                        Iterations               :	10
                        Solver time              :	4 s


                      ------------------------------------------------------------------------------
2026-08-10 18:00:03   Adaptive mesh refinement pass 2

                      ------------------------------------------------------------------------------
2026-08-10 18:00:13     Matrix setup time        :	2 s
                        Solver setup             :	3 s
                        Degrees of freedom       :	940746
                        Number of mesh cells     :	143131

                        Stimulation port         :	Zmin
                        Mode number              :	1
                        Accuracy                 :	7.41727e-05
                        Iterations               :	10
                        Solver time              :	4 s


                      ------------------------------------------------------------------------------
2026-08-10 18:00:13     Delta calculation        
2026-08-10 18:00:13     All S-Parameters         :	0.000117717
2026-08-10 18:00:13   

                      ------------------------------------------------------------------------------
2026-08-10 18:00:17   Adaptive mesh refinement pass 3

                      ------------------------------------------------------------------------------
2026-08-10 18:00:27     Matrix setup time        :	2 s
                        Solver setup             :	3 s
                        Degrees of freedom       :	975616
                        Number of mesh cells     :	148448

                        Stimulation port         :	Zmin
                        Mode number              :	1
                        Accuracy                 :	6.90276e-05
                        Iterations               :	10
                        Solver time              :	4 s


                      ------------------------------------------------------------------------------
2026-08-10 18:00:27     Delta calculation        
2026-08-10 18:00:27     All S-Parameters         :	9.71674e-05
2026-08-10 18:00:27   

                      ------------------------------------------------------------------------------
2026-08-10 18:00:27   Mesh adaptation terminated because the desired accuracy limit is reached.

                      ------------------------------------------------------------------------------
2026-08-10 18:00:27     Total time               :	35 s

                      ------------------------------------------------------------------------------
2026-08-10 18:00:27   

                      ------------------------------------------------------------------------------
2026-08-10 18:00:27     Calculation 14 (Frequency: 32.008 THz, Theta: 0, Phi: 0)


                      ------------------------------------------------------------------------------
2026-08-10 18:00:27   Running the PortModeSolver.

                      ------------------------------------------------------------------------------
2026-08-10 18:00:28   Adaptive mesh refinement pass 1

                      ------------------------------------------------------------------------------
2026-08-10 18:00:36     Matrix setup time        :	0 s
                        Solver setup             :	1 s
                        Degrees of freedom       :	975616
                        Number of mesh cells     :	148448

                        Stimulation port         :	Zmin
                        Mode number              :	1
                        Accuracy                 :	8.73625e-05
                        Iterations               :	11
                        Solver time              :	4 s


                      ------------------------------------------------------------------------------
2026-08-10 18:00:40   Adaptive mesh refinement pass 2

                      ------------------------------------------------------------------------------
2026-08-10 18:00:51     Matrix setup time        :	2 s
                        Solver setup             :	3 s
                        Degrees of freedom       :	1010360
                        Number of mesh cells     :	153740

                        Stimulation port         :	Zmin
                        Mode number              :	1
                        Accuracy                 :	9.39203e-05
                        Iterations               :	11
                        Solver time              :	5 s


                      ------------------------------------------------------------------------------
2026-08-10 18:00:51     Delta calculation        
2026-08-10 18:00:51     All S-Parameters         :	9.03769e-05
2026-08-10 18:00:51   

                      ------------------------------------------------------------------------------
2026-08-10 18:00:55   Adaptive mesh refinement pass 3

                      ------------------------------------------------------------------------------
2026-08-10 18:01:06     Matrix setup time        :	2 s
                        Solver setup             :	3 s
                        Degrees of freedom       :	1044892
                        Number of mesh cells     :	159030

                        Stimulation port         :	Zmin
                        Mode number              :	1
                        Accuracy                 :	8.72249e-05
                        Iterations               :	11
                        Solver time              :	5 s


                      ------------------------------------------------------------------------------
2026-08-10 18:01:07     Delta calculation        
2026-08-10 18:01:07     All S-Parameters         :	8.77494e-05
2026-08-10 18:01:07   

                      ------------------------------------------------------------------------------
2026-08-10 18:01:07   Mesh adaptation terminated because the desired accuracy limit is reached.

                      ------------------------------------------------------------------------------
2026-08-10 18:01:07     Total time               :	39 s

                      ------------------------------------------------------------------------------
2026-08-10 18:01:07   

                      ------------------------------------------------------------------------------
2026-08-10 18:01:07     Calculation 15 (Frequency: 19.264 THz, Theta: 0, Phi: 0)


                      ------------------------------------------------------------------------------
2026-08-10 18:01:07   Running the PortModeSolver.

                      ------------------------------------------------------------------------------
2026-08-10 18:01:08   Adaptive mesh refinement pass 1

                      ------------------------------------------------------------------------------
2026-08-10 18:01:17     Matrix setup time        :	1 s
                        Solver setup             :	2 s
                        Degrees of freedom       :	1044892
                        Number of mesh cells     :	159030

                        Stimulation port         :	Zmin
                        Mode number              :	1
                        Accuracy                 :	4.2462e-05
                        Iterations               :	11
                        Solver time              :	5 s


                      ------------------------------------------------------------------------------
2026-08-10 18:01:21   Adaptive mesh refinement pass 2

                      ------------------------------------------------------------------------------
2026-08-10 18:01:32     Matrix setup time        :	2 s
                        Solver setup             :	3 s
                        Degrees of freedom       :	1079494
                        Number of mesh cells     :	164331

                        Stimulation port         :	Zmin
                        Mode number              :	1
                        Accuracy                 :	9.49874e-05
                        Iterations               :	9
                        Solver time              :	4 s


                      ------------------------------------------------------------------------------
2026-08-10 18:01:32     Delta calculation        
2026-08-10 18:01:32     All S-Parameters         :	0.000125091
2026-08-10 18:01:32   

                      ------------------------------------------------------------------------------
2026-08-10 18:01:36   Adaptive mesh refinement pass 3

                      ------------------------------------------------------------------------------
2026-08-10 18:01:47     Matrix setup time        :	2 s
                        Solver setup             :	3 s
                        Degrees of freedom       :	1114166
                        Number of mesh cells     :	169652

                        Stimulation port         :	Zmin
                        Mode number              :	1
                        Accuracy                 :	9.17174e-05
                        Iterations               :	9
                        Solver time              :	4 s


                      ------------------------------------------------------------------------------
2026-08-10 18:01:48     Delta calculation        
2026-08-10 18:01:48     All S-Parameters         :	0.000137694
2026-08-10 18:01:48   

                      ------------------------------------------------------------------------------
2026-08-10 18:01:48   Mesh adaptation terminated because the desired accuracy limit is reached.

                      ------------------------------------------------------------------------------
2026-08-10 18:01:48     Total time               :	41 s

                      ------------------------------------------------------------------------------
2026-08-10 18:01:48   

                      ------------------------------------------------------------------------------
2026-08-10 18:01:48     Calculation 16 (Frequency: 32.824 THz, Theta: 0, Phi: 0)


                      ------------------------------------------------------------------------------
2026-08-10 18:01:48   Running the PortModeSolver.

                      ------------------------------------------------------------------------------
2026-08-10 18:01:49   Adaptive mesh refinement pass 1

                      ------------------------------------------------------------------------------
2026-08-10 18:01:59     Matrix setup time        :	1 s
                        Solver setup             :	2 s
                        Degrees of freedom       :	1114166
                        Number of mesh cells     :	169652

                        Stimulation port         :	Zmin
                        Mode number              :	1
                        Accuracy                 :	9.92853e-05
                        Iterations               :	11
                        Solver time              :	6 s


                      ------------------------------------------------------------------------------
2026-08-10 18:02:03   Adaptive mesh refinement pass 2

                      ------------------------------------------------------------------------------
2026-08-10 18:02:15     Matrix setup time        :	2 s
                        Solver setup             :	3 s
                        Degrees of freedom       :	1148306
                        Number of mesh cells     :	174900

                        Stimulation port         :	Zmin
                        Mode number              :	1
                        Accuracy                 :	9.78653e-05
                        Iterations               :	11
                        Solver time              :	6 s


                      ------------------------------------------------------------------------------
2026-08-10 18:02:16     Delta calculation        
2026-08-10 18:02:16     All S-Parameters         :	8.13311e-05
2026-08-10 18:02:16   

                      ------------------------------------------------------------------------------
2026-08-10 18:02:20   Adaptive mesh refinement pass 3

                      ------------------------------------------------------------------------------
2026-08-10 18:02:34     Matrix setup time        :	2 s
                        Solver setup             :	4 s
                        Degrees of freedom       :	1182400
                        Number of mesh cells     :	180145

                        Stimulation port         :	Zmin
                        Mode number              :	1
                        Accuracy                 :	4.17163e-05
                        Iterations               :	12
                        Solver time              :	7 s


                      ------------------------------------------------------------------------------
2026-08-10 18:02:35     Delta calculation        
2026-08-10 18:02:35     All S-Parameters         :	0.000133782
2026-08-10 18:02:35   

                      ------------------------------------------------------------------------------
2026-08-10 18:02:35   Mesh adaptation terminated because the desired accuracy limit is reached.

                      ------------------------------------------------------------------------------
2026-08-10 18:02:35     Total time               :	46 s

                      ------------------------------------------------------------------------------
2026-08-10 18:02:35   

                      ------------------------------------------------------------------------------
2026-08-10 18:02:35     Calculation 17 (Frequency: 31.864 THz, Theta: 0, Phi: 0)


                      ------------------------------------------------------------------------------
2026-08-10 18:02:35   Running the PortModeSolver.

                      ------------------------------------------------------------------------------
2026-08-10 18:02:36   Adaptive mesh refinement pass 1

                      ------------------------------------------------------------------------------
2026-08-10 18:02:46     Matrix setup time        :	1 s
                        Solver setup             :	2 s
                        Degrees of freedom       :	1182400
                        Number of mesh cells     :	180145

                        Stimulation port         :	Zmin
                        Mode number              :	1
                        Accuracy                 :	6.8832e-05
                        Iterations               :	10
                        Solver time              :	5 s


                      ------------------------------------------------------------------------------
2026-08-10 18:02:51   Adaptive mesh refinement pass 2

                      ------------------------------------------------------------------------------
2026-08-10 18:03:05     Matrix setup time        :	2 s
                        Solver setup             :	4 s
                        Degrees of freedom       :	1217188
                        Number of mesh cells     :	185453

                        Stimulation port         :	Zmin
                        Mode number              :	1
                        Accuracy                 :	6.81157e-05
                        Iterations               :	11
                        Solver time              :	6 s


                      ------------------------------------------------------------------------------
2026-08-10 18:03:06     Delta calculation        
2026-08-10 18:03:06     All S-Parameters         :	0.000249596
2026-08-10 18:03:06   

                      ------------------------------------------------------------------------------
2026-08-10 18:03:10   Adaptive mesh refinement pass 3

                      ------------------------------------------------------------------------------
2026-08-10 18:03:25     Matrix setup time        :	2 s
                        Solver setup             :	5 s
                        Degrees of freedom       :	1251968
                        Number of mesh cells     :	190777

                        Stimulation port         :	Zmin
                        Mode number              :	1
                        Accuracy                 :	9.9233e-05
                        Iterations               :	10
                        Solver time              :	6 s


                      ------------------------------------------------------------------------------
2026-08-10 18:03:26     Delta calculation        
2026-08-10 18:03:26     All S-Parameters         :	0.000127708
2026-08-10 18:03:26   

                      ------------------------------------------------------------------------------
2026-08-10 18:03:26   Mesh adaptation terminated because the desired accuracy limit is reached.

                      ------------------------------------------------------------------------------
2026-08-10 18:03:26     Total time               :	51 s

                      ------------------------------------------------------------------------------
2026-08-10 18:03:26   

                      ------------------------------------------------------------------------------
2026-08-10 18:03:26     Calculation 18 (Frequency: 20.752 THz, Theta: 0, Phi: 0)


                      ------------------------------------------------------------------------------
2026-08-10 18:03:26   Running the PortModeSolver.

                      ------------------------------------------------------------------------------
2026-08-10 18:03:27   Adaptive mesh refinement pass 1

                      ------------------------------------------------------------------------------
2026-08-10 18:03:40     Matrix setup time        :	1 s
                        Solver setup             :	4 s
                        Degrees of freedom       :	1251968
                        Number of mesh cells     :	190777

                        Stimulation port         :	Zmin
                        Mode number              :	1
                        Accuracy                 :	7.10081e-05
                        Iterations               :	10
                        Solver time              :	6 s


                      ------------------------------------------------------------------------------
2026-08-10 18:03:45   Adaptive mesh refinement pass 2

                      ------------------------------------------------------------------------------
2026-08-10 18:04:00     Matrix setup time        :	2 s
                        Solver setup             :	5 s
                        Degrees of freedom       :	1286678
                        Number of mesh cells     :	196122

                        Stimulation port         :	Zmin
                        Mode number              :	1
                        Accuracy                 :	6.63258e-05
                        Iterations               :	10
                        Solver time              :	6 s


                      ------------------------------------------------------------------------------
2026-08-10 18:04:01     Delta calculation        
2026-08-10 18:04:01     All S-Parameters         :	0.000238766
2026-08-10 18:04:01   

                      ------------------------------------------------------------------------------
2026-08-10 18:04:06   Adaptive mesh refinement pass 3

                      ------------------------------------------------------------------------------
2026-08-10 18:04:22     Matrix setup time        :	2 s
                        Solver setup             :	5 s
                        Degrees of freedom       :	1321660
                        Number of mesh cells     :	201471

                        Stimulation port         :	Zmin
                        Mode number              :	1
                        Accuracy                 :	6.29548e-05
                        Iterations               :	10
                        Solver time              :	7 s


                      ------------------------------------------------------------------------------
2026-08-10 18:04:22     Delta calculation        
2026-08-10 18:04:22     All S-Parameters         :	0.000144776
2026-08-10 18:04:22   

                      ------------------------------------------------------------------------------
2026-08-10 18:04:22   Mesh adaptation terminated because the desired accuracy limit is reached.

                      ------------------------------------------------------------------------------
2026-08-10 18:04:23     Total time               :	56 s

                      ------------------------------------------------------------------------------
2026-08-10 18:04:23   

                      ------------------------------------------------------------------------------
2026-08-10 18:04:23     Calculation 19 (Frequency: 24.856 THz, Theta: 0, Phi: 0)


                      ------------------------------------------------------------------------------
2026-08-10 18:04:23   Running the PortModeSolver.

                      ------------------------------------------------------------------------------
2026-08-10 18:04:24   Adaptive mesh refinement pass 1

                      ------------------------------------------------------------------------------
2026-08-10 18:04:37     Matrix setup time        :	1 s
                        Solver setup             :	4 s
                        Degrees of freedom       :	1321660
                        Number of mesh cells     :	201471

                        Stimulation port         :	Zmin
                        Mode number              :	1
                        Accuracy                 :	8.14788e-05
                        Iterations               :	10
                        Solver time              :	7 s


                      ------------------------------------------------------------------------------
2026-08-10 18:04:42   Adaptive mesh refinement pass 2

                      ------------------------------------------------------------------------------
2026-08-10 18:04:57     Matrix setup time        :	3 s
                        Solver setup             :	4 s
                        Degrees of freedom       :	1356084
                        Number of mesh cells     :	206770

                        Stimulation port         :	Zmin
                        Mode number              :	1
                        Accuracy                 :	7.95429e-05
                        Iterations               :	10
                        Solver time              :	7 s


                      ------------------------------------------------------------------------------
2026-08-10 18:04:58     Delta calculation        
2026-08-10 18:04:58     All S-Parameters         :	0.000236018
2026-08-10 18:04:58   

                      ------------------------------------------------------------------------------
2026-08-10 18:05:03   Adaptive mesh refinement pass 3

                      ------------------------------------------------------------------------------
2026-08-10 18:05:19     Matrix setup time        :	3 s
                        Solver setup             :	5 s
                        Degrees of freedom       :	1390846
                        Number of mesh cells     :	212087

                        Stimulation port         :	Zmin
                        Mode number              :	1
                        Accuracy                 :	7.83821e-05
                        Iterations               :	10
                        Solver time              :	7 s


                      ------------------------------------------------------------------------------
2026-08-10 18:05:19     Delta calculation        
2026-08-10 18:05:19     All S-Parameters         :	0.000107956
2026-08-10 18:05:19   

                      ------------------------------------------------------------------------------
2026-08-10 18:05:19   Mesh adaptation terminated because the desired accuracy limit is reached.

                      ------------------------------------------------------------------------------
2026-08-10 18:05:19     Total time               :	56 s

                      ------------------------------------------------------------------------------
2026-08-10 18:05:19   

                      ------------------------------------------------------------------------------
2026-08-10 18:05:19     Calculation 20 (Frequency: 29.344 THz, Theta: 0, Phi: 0)


                      ------------------------------------------------------------------------------
2026-08-10 18:05:19   Running the PortModeSolver.

                      ------------------------------------------------------------------------------
2026-08-10 18:05:21   Adaptive mesh refinement pass 1

                      ------------------------------------------------------------------------------
2026-08-10 18:05:34     Matrix setup time        :	1 s
                        Solver setup             :	3 s
                        Degrees of freedom       :	1390846
                        Number of mesh cells     :	212087

                        Stimulation port         :	Zmin
                        Mode number              :	1
                        Accuracy                 :	9.58845e-05
                        Iterations               :	11
                        Solver time              :	8 s


                      ------------------------------------------------------------------------------
2026-08-10 18:05:35   The input reflection seems to be large at 29.344 THz, Theta: 0, Phi: 0.  More...

                      ------------------------------------------------------------------------------
2026-08-10 18:05:40   Adaptive mesh refinement pass 2

                      ------------------------------------------------------------------------------
2026-08-10 18:05:57     Matrix setup time        :	3 s
                        Solver setup             :	6 s
                        Degrees of freedom       :	1425038
                        Number of mesh cells     :	217373

                        Stimulation port         :	Zmin
                        Mode number              :	1
                        Accuracy                 :	9.43667e-05
                        Iterations               :	10
                        Solver time              :	7 s


                      ------------------------------------------------------------------------------
2026-08-10 18:05:58     Delta calculation        
2026-08-10 18:05:58     All S-Parameters         :	0.000122192
2026-08-10 18:05:58   

                      ------------------------------------------------------------------------------
2026-08-10 18:06:03   Adaptive mesh refinement pass 3

                      ------------------------------------------------------------------------------
2026-08-10 18:06:20     Matrix setup time        :	3 s
                        Solver setup             :	6 s
                        Degrees of freedom       :	1459478
                        Number of mesh cells     :	222646

                        Stimulation port         :	Zmin
                        Mode number              :	1
                        Accuracy                 :	9.39973e-05
                        Iterations               :	10
                        Solver time              :	7 s


                      ------------------------------------------------------------------------------
2026-08-10 18:06:21     Delta calculation        
2026-08-10 18:06:21     All S-Parameters         :	0.000136268
2026-08-10 18:06:21   

                      ------------------------------------------------------------------------------
2026-08-10 18:06:21   Mesh adaptation terminated because the desired accuracy limit is reached.

                      ------------------------------------------------------------------------------
2026-08-10 18:06:21     Total time               :	61 s	 (= 0 h, 01 m, 01 s)

                      ------------------------------------------------------------------------------
2026-08-10 18:06:21   

                      ------------------------------------------------------------------------------
2026-08-10 18:06:21     Calculation 21 (Frequency: 22.288 THz, Theta: 0, Phi: 0)


                      ------------------------------------------------------------------------------
2026-08-10 18:06:21   Running the PortModeSolver.

                      ------------------------------------------------------------------------------
2026-08-10 18:06:22   Adaptive mesh refinement pass 1

                      ------------------------------------------------------------------------------
2026-08-10 18:06:37     Matrix setup time        :	1 s
                        Solver setup             :	4 s
                        Degrees of freedom       :	1459478
                        Number of mesh cells     :	222646

                        Stimulation port         :	Zmin
                        Mode number              :	1
                        Accuracy                 :	6.4557e-05
                        Iterations               :	11
                        Solver time              :	8 s


                      ------------------------------------------------------------------------------
2026-08-10 18:06:42   Adaptive mesh refinement pass 2

                      ------------------------------------------------------------------------------
2026-08-10 18:07:00     Matrix setup time        :	3 s
                        Solver setup             :	6 s
                        Degrees of freedom       :	1494216
                        Number of mesh cells     :	227966

                        Stimulation port         :	Zmin
                        Mode number              :	1
                        Accuracy                 :	9.65209e-05
                        Iterations               :	10
                        Solver time              :	7 s


                      ------------------------------------------------------------------------------
2026-08-10 18:07:00     Delta calculation        
2026-08-10 18:07:00     All S-Parameters         :	0.000488196
2026-08-10 18:07:00   

                      ------------------------------------------------------------------------------
2026-08-10 18:07:06   Adaptive mesh refinement pass 3

                      ------------------------------------------------------------------------------
2026-08-10 18:07:25     Matrix setup time        :	3 s
                        Solver setup             :	7 s
                        Degrees of freedom       :	1529094
                        Number of mesh cells     :	233298

                        Stimulation port         :	Zmin
                        Mode number              :	1
                        Accuracy                 :	8.81103e-05
                        Iterations               :	10
                        Solver time              :	8 s


                      ------------------------------------------------------------------------------
2026-08-10 18:07:25     Delta calculation        
2026-08-10 18:07:25     All S-Parameters         :	0.000269064
2026-08-10 18:07:25   

                      ------------------------------------------------------------------------------
2026-08-10 18:07:25   Mesh adaptation terminated because the desired accuracy limit is reached.

                      ------------------------------------------------------------------------------
2026-08-10 18:07:25     Total time               :	64 s	 (= 0 h, 01 m, 04 s)

                      ------------------------------------------------------------------------------
2026-08-10 18:07:25   

                      ------------------------------------------------------------------------------
2026-08-10 18:07:26     Calculation 22 (Frequency: 25.096 THz, Theta: 0, Phi: 0)


                      ------------------------------------------------------------------------------
2026-08-10 18:07:26   Running the PortModeSolver.

                      ------------------------------------------------------------------------------
2026-08-10 18:07:27   Adaptive mesh refinement pass 1

                      ------------------------------------------------------------------------------
2026-08-10 18:07:42     Matrix setup time        :	1 s
                        Solver setup             :	5 s
                        Degrees of freedom       :	1529094
                        Number of mesh cells     :	233298

                        Stimulation port         :	Zmin
                        Mode number              :	1
                        Accuracy                 :	9.97069e-05
                        Iterations               :	10
                        Solver time              :	8 s


                      ------------------------------------------------------------------------------
2026-08-10 18:07:49   Adaptive mesh refinement pass 2

                      ------------------------------------------------------------------------------
2026-08-10 18:08:07     Matrix setup time        :	3 s
                        Solver setup             :	6 s
                        Degrees of freedom       :	1563704
                        Number of mesh cells     :	238617

                        Stimulation port         :	Zmin
                        Mode number              :	1
                        Accuracy                 :	6.62792e-05
                        Iterations               :	10
                        Solver time              :	8 s


                      ------------------------------------------------------------------------------
2026-08-10 18:08:08     Delta calculation        
2026-08-10 18:08:08     All S-Parameters         :	6.20502e-05
2026-08-10 18:08:08   

                      ------------------------------------------------------------------------------
2026-08-10 18:08:14   Adaptive mesh refinement pass 3

                      ------------------------------------------------------------------------------
2026-08-10 18:08:33     Matrix setup time        :	3 s
                        Solver setup             :	6 s
                        Degrees of freedom       :	1598388
                        Number of mesh cells     :	243936

                        Stimulation port         :	Zmin
                        Mode number              :	1
                        Accuracy                 :	6.48641e-05
                        Iterations               :	10
                        Solver time              :	8 s


                      ------------------------------------------------------------------------------
2026-08-10 18:08:33     Delta calculation        
2026-08-10 18:08:33     All S-Parameters         :	7.86194e-05
2026-08-10 18:08:33   

                      ------------------------------------------------------------------------------
2026-08-10 18:08:33   Mesh adaptation terminated because the desired accuracy limit is reached.

                      ------------------------------------------------------------------------------
2026-08-10 18:08:33     Total time               :	67 s	 (= 0 h, 01 m, 07 s)

                      ------------------------------------------------------------------------------
2026-08-10 18:08:33   

                      ------------------------------------------------------------------------------
2026-08-10 18:08:33     Calculation 23 (Frequency: 26.656 THz, Theta: 0, Phi: 0)


                      ------------------------------------------------------------------------------
2026-08-10 18:08:33   Running the PortModeSolver.

                      ------------------------------------------------------------------------------
2026-08-10 18:08:35   Adaptive mesh refinement pass 1

                      ------------------------------------------------------------------------------
2026-08-10 18:08:53     Matrix setup time        :	1 s
                        Solver setup             :	5 s
                        Degrees of freedom       :	1598388
                        Number of mesh cells     :	243936

                        Stimulation port         :	Zmin
                        Mode number              :	1
                        Accuracy                 :	7.66718e-05
                        Iterations               :	14
                        Solver time              :	11 s


                      ------------------------------------------------------------------------------
2026-08-10 18:08:54   The input reflection seems to be large at 26.656 THz, Theta: 0, Phi: 0.  More...

                      ------------------------------------------------------------------------------
2026-08-10 18:09:00   Adaptive mesh refinement pass 2

                      ------------------------------------------------------------------------------
2026-08-10 18:09:24     Matrix setup time        :	3 s
                        Solver setup             :	8 s
                        Degrees of freedom       :	1632748
                        Number of mesh cells     :	249215

                        Stimulation port         :	Zmin
                        Mode number              :	1
                        Accuracy                 :	9.24481e-05
                        Iterations               :	14
                        Solver time              :	12 s


                      ------------------------------------------------------------------------------
2026-08-10 18:09:25     Delta calculation        
2026-08-10 18:09:25     All S-Parameters         :	0.000152545
2026-08-10 18:09:25   

                      ------------------------------------------------------------------------------
2026-08-10 18:09:31   Adaptive mesh refinement pass 3

                      ------------------------------------------------------------------------------
2026-08-10 18:09:54     Matrix setup time        :	3 s
                        Solver setup             :	7 s
                        Degrees of freedom       :	1667544
                        Number of mesh cells     :	254542

                        Stimulation port         :	Zmin
                        Mode number              :	1
                        Accuracy                 :	8.41992e-05
                        Iterations               :	14
                        Solver time              :	12 s


                      ------------------------------------------------------------------------------
2026-08-10 18:09:54     Delta calculation        
2026-08-10 18:09:54     All S-Parameters         :	0.000108041
2026-08-10 18:09:54   

                      ------------------------------------------------------------------------------
2026-08-10 18:09:54   Mesh adaptation terminated because the desired accuracy limit is reached.

                      ------------------------------------------------------------------------------
2026-08-10 18:09:55     Total time               :	81 s	 (= 0 h, 01 m, 21 s)

                      ------------------------------------------------------------------------------
2026-08-10 18:09:55   

                      ------------------------------------------------------------------------------
2026-08-10 18:09:55     Calculation 24 (Frequency: 29.512 THz, Theta: 0, Phi: 0)


                      ------------------------------------------------------------------------------
2026-08-10 18:09:55   Running the PortModeSolver.

                      ------------------------------------------------------------------------------
2026-08-10 18:09:56   Adaptive mesh refinement pass 1

                      ------------------------------------------------------------------------------
2026-08-10 18:10:12     Matrix setup time        :	1 s
                        Solver setup             :	5 s
                        Degrees of freedom       :	1667544
                        Number of mesh cells     :	254542

                        Stimulation port         :	Zmin
                        Mode number              :	1
                        Accuracy                 :	8.15666e-05
                        Iterations               :	11
                        Solver time              :	9 s


                      ------------------------------------------------------------------------------
2026-08-10 18:10:19   Adaptive mesh refinement pass 2

                      ------------------------------------------------------------------------------
2026-08-10 18:10:40     Matrix setup time        :	3 s
                        Solver setup             :	8 s
                        Degrees of freedom       :	1701506
                        Number of mesh cells     :	259802

                        Stimulation port         :	Zmin
                        Mode number              :	1
                        Accuracy                 :	8.89368e-05
                        Iterations               :	10
                        Solver time              :	9 s


                      ------------------------------------------------------------------------------
2026-08-10 18:10:41     Delta calculation        
2026-08-10 18:10:41     All S-Parameters         :	3.9804e-05
2026-08-10 18:10:41   

                      ------------------------------------------------------------------------------
2026-08-10 18:10:47   Adaptive mesh refinement pass 3

                      ------------------------------------------------------------------------------
2026-08-10 18:11:10     Matrix setup time        :	3 s
                        Solver setup             :	8 s
                        Degrees of freedom       :	1735846
                        Number of mesh cells     :	265090

                        Stimulation port         :	Zmin
                        Mode number              :	1
                        Accuracy                 :	8.54609e-05
                        Iterations               :	10
                        Solver time              :	9 s


                      ------------------------------------------------------------------------------
2026-08-10 18:11:11     Delta calculation        
2026-08-10 18:11:11     All S-Parameters         :	2.76126e-05
2026-08-10 18:11:11   

                      ------------------------------------------------------------------------------
2026-08-10 18:11:11   Mesh adaptation terminated because the desired accuracy limit is reached.

                      ------------------------------------------------------------------------------
2026-08-10 18:11:11     Total time               :	76 s	 (= 0 h, 01 m, 16 s)

                      ------------------------------------------------------------------------------
2026-08-10 18:11:11   

                      ------------------------------------------------------------------------------
2026-08-10 18:11:11     Calculation 25 (Frequency: 27.712 THz, Theta: 0, Phi: 0)


                      ------------------------------------------------------------------------------
2026-08-10 18:11:11   Running the PortModeSolver.

                      ------------------------------------------------------------------------------
2026-08-10 18:11:12   Adaptive mesh refinement pass 1

                      ------------------------------------------------------------------------------
2026-08-10 18:11:31     Matrix setup time        :	1 s
                        Solver setup             :	7 s
                        Degrees of freedom       :	1735846
                        Number of mesh cells     :	265090

                        Stimulation port         :	Zmin
                        Mode number              :	1
                        Accuracy                 :	6.09826e-05
                        Iterations               :	11
                        Solver time              :	10 s


                      ------------------------------------------------------------------------------
2026-08-10 18:11:32   The input reflection seems to be large at 27.712 THz, Theta: 0, Phi: 0.  More...

                      ------------------------------------------------------------------------------
2026-08-10 18:11:38   Adaptive mesh refinement pass 2

                      ------------------------------------------------------------------------------
2026-08-10 18:12:02     Matrix setup time        :	4 s
                        Solver setup             :	9 s
                        Degrees of freedom       :	1770014
                        Number of mesh cells     :	270355

                        Stimulation port         :	Zmin
                        Mode number              :	1
                        Accuracy                 :	4.23437e-05
                        Iterations               :	12
                        Solver time              :	10 s


                      ------------------------------------------------------------------------------
2026-08-10 18:12:03     Delta calculation        
2026-08-10 18:12:03     All S-Parameters         :	0.000123116
2026-08-10 18:12:03   

                      ------------------------------------------------------------------------------
2026-08-10 18:12:09   Adaptive mesh refinement pass 3

                      ------------------------------------------------------------------------------
2026-08-10 18:12:31     Matrix setup time        :	4 s
                        Solver setup             :	8 s
                        Degrees of freedom       :	1804602
                        Number of mesh cells     :	275657

                        Stimulation port         :	Zmin
                        Mode number              :	1
                        Accuracy                 :	9.67232e-05
                        Iterations               :	11
                        Solver time              :	9 s


                      ------------------------------------------------------------------------------
2026-08-10 18:12:31     Delta calculation        
2026-08-10 18:12:31     All S-Parameters         :	0.000166324
2026-08-10 18:12:31   

                      ------------------------------------------------------------------------------
2026-08-10 18:12:31   Mesh adaptation terminated because the desired accuracy limit is reached.

                      ------------------------------------------------------------------------------
2026-08-10 18:12:31     Total time               :	80 s	 (= 0 h, 01 m, 20 s)

                      ------------------------------------------------------------------------------
2026-08-10 18:12:31   

                      ------------------------------------------------------------------------------
2026-08-10 18:12:31     Calculation 26 (Frequency: 15.112 THz, Theta: 0, Phi: 0)


                      ------------------------------------------------------------------------------
2026-08-10 18:12:31   Running the PortModeSolver.

                      ------------------------------------------------------------------------------
2026-08-10 18:12:32   Adaptive mesh refinement pass 1

                      ------------------------------------------------------------------------------
2026-08-10 18:12:47     Matrix setup time        :	1 s
                        Solver setup             :	5 s
                        Degrees of freedom       :	1804602
                        Number of mesh cells     :	275657

                        Stimulation port         :	Zmin
                        Mode number              :	1
                        Accuracy                 :	5.83161e-05
                        Iterations               :	8
                        Solver time              :	6 s


                      ------------------------------------------------------------------------------
2026-08-10 18:12:53   Adaptive mesh refinement pass 2

                      ------------------------------------------------------------------------------
2026-08-10 18:13:15     Matrix setup time        :	4 s
                        Solver setup             :	10 s
                        Degrees of freedom       :	1839298
                        Number of mesh cells     :	281003

                        Stimulation port         :	Zmin
                        Mode number              :	1
                        Accuracy                 :	5.76054e-05
                        Iterations               :	8
                        Solver time              :	7 s


                      ------------------------------------------------------------------------------
2026-08-10 18:13:16     Delta calculation        
2026-08-10 18:13:16     All S-Parameters         :	0.000318037
2026-08-10 18:13:16   

                      ------------------------------------------------------------------------------
2026-08-10 18:13:21   Adaptive mesh refinement pass 3

                      ------------------------------------------------------------------------------
2026-08-10 18:13:41     Matrix setup time        :	3 s
                        Solver setup             :	8 s
                        Degrees of freedom       :	1873840
                        Number of mesh cells     :	286315

                        Stimulation port         :	Zmin
                        Mode number              :	1
                        Accuracy                 :	5.77271e-05
                        Iterations               :	8
                        Solver time              :	7 s


                      ------------------------------------------------------------------------------
2026-08-10 18:13:42     Delta calculation        
2026-08-10 18:13:42     All S-Parameters         :	0.000138565
2026-08-10 18:13:42   

                      ------------------------------------------------------------------------------
2026-08-10 18:13:42   Mesh adaptation terminated because the desired accuracy limit is reached.

                      ------------------------------------------------------------------------------
2026-08-10 18:13:42     Total time               :	70 s	 (= 0 h, 01 m, 10 s)

                      ------------------------------------------------------------------------------
2026-08-10 18:13:42   

                      ------------------------------------------------------------------------------
2026-08-10 18:13:42     Calculation 27 (Frequency: 17.368 THz, Theta: 0, Phi: 0)


                      ------------------------------------------------------------------------------
2026-08-10 18:13:42   Running the PortModeSolver.

                      ------------------------------------------------------------------------------
2026-08-10 18:13:43   Adaptive mesh refinement pass 1

                      ------------------------------------------------------------------------------
2026-08-10 18:13:59     Matrix setup time        :	1 s
                        Solver setup             :	6 s
                        Degrees of freedom       :	1873840
                        Number of mesh cells     :	286315

                        Stimulation port         :	Zmin
                        Mode number              :	1
                        Accuracy                 :	5.73927e-05
                        Iterations               :	9
                        Solver time              :	8 s


                      ------------------------------------------------------------------------------
2026-08-10 18:14:06   Adaptive mesh refinement pass 2

                      ------------------------------------------------------------------------------
2026-08-10 18:14:27     Matrix setup time        :	4 s
                        Solver setup             :	8 s
                        Degrees of freedom       :	1908382
                        Number of mesh cells     :	291635

                        Stimulation port         :	Zmin
                        Mode number              :	1
                        Accuracy                 :	4.44492e-05
                        Iterations               :	9
                        Solver time              :	8 s


                      ------------------------------------------------------------------------------
2026-08-10 18:14:27     Delta calculation        
2026-08-10 18:14:27     All S-Parameters         :	0.000451266
2026-08-10 18:14:27   

                      ------------------------------------------------------------------------------
2026-08-10 18:14:33   Adaptive mesh refinement pass 3

                      ------------------------------------------------------------------------------
2026-08-10 18:14:58     Matrix setup time        :	4 s
                        Solver setup             :	10 s
                        Degrees of freedom       :	1943484
                        Number of mesh cells     :	297018

                        Stimulation port         :	Zmin
                        Mode number              :	1
                        Accuracy                 :	4.41585e-05
                        Iterations               :	9
                        Solver time              :	9 s


                      ------------------------------------------------------------------------------
2026-08-10 18:14:59     Delta calculation        
2026-08-10 18:14:59     All S-Parameters         :	0.000243269
2026-08-10 18:14:59   

                      ------------------------------------------------------------------------------
2026-08-10 18:14:59   Mesh adaptation terminated because the desired accuracy limit is reached.

                      ------------------------------------------------------------------------------
2026-08-10 18:14:59     Total time               :	76 s	 (= 0 h, 01 m, 16 s)

                      ------------------------------------------------------------------------------
2026-08-10 18:14:59   

                      ------------------------------------------------------------------------------
2026-08-10 18:14:59     Calculation 28 (Frequency: 14.536 THz, Theta: 0, Phi: 0)


                      ------------------------------------------------------------------------------
2026-08-10 18:14:59   Running the PortModeSolver.

                      ------------------------------------------------------------------------------
2026-08-10 18:15:00   Adaptive mesh refinement pass 1

                      ------------------------------------------------------------------------------
2026-08-10 18:15:19     Matrix setup time        :	1 s
                        Solver setup             :	8 s
                        Degrees of freedom       :	1943484
                        Number of mesh cells     :	297018

                        Stimulation port         :	Zmin
                        Mode number              :	1
                        Accuracy                 :	9.97914e-05
                        Iterations               :	8
                        Solver time              :	8 s


                      ------------------------------------------------------------------------------
2026-08-10 18:15:26   Adaptive mesh refinement pass 2

                      ------------------------------------------------------------------------------
2026-08-10 18:15:48     Matrix setup time        :	4 s
                        Solver setup             :	10 s
                        Degrees of freedom       :	1978602
                        Number of mesh cells     :	302365

                        Stimulation port         :	Zmin
                        Mode number              :	1
                        Accuracy                 :	8.69378e-05
                        Iterations               :	7
                        Solver time              :	7 s


                      ------------------------------------------------------------------------------
2026-08-10 18:15:49     Delta calculation        
2026-08-10 18:15:49     All S-Parameters         :	0.000114625
2026-08-10 18:15:49   

                      ------------------------------------------------------------------------------
2026-08-10 18:15:55   Adaptive mesh refinement pass 3

                      ------------------------------------------------------------------------------
2026-08-10 18:16:19     Matrix setup time        :	4 s
                        Solver setup             :	11 s
                        Degrees of freedom       :	2013692
                        Number of mesh cells     :	307726

                        Stimulation port         :	Zmin
                        Mode number              :	1
                        Accuracy                 :	8.36033e-05
                        Iterations               :	7
                        Solver time              :	7 s


                      ------------------------------------------------------------------------------
2026-08-10 18:16:20     Delta calculation        
2026-08-10 18:16:20     All S-Parameters         :	7.03092e-05
2026-08-10 18:16:20   

                      ------------------------------------------------------------------------------
2026-08-10 18:16:20   Mesh adaptation terminated because the desired accuracy limit is reached.

                      ------------------------------------------------------------------------------
2026-08-10 18:16:20     Total time               :	81 s	 (= 0 h, 01 m, 21 s)

                      ------------------------------------------------------------------------------
2026-08-10 18:16:20   

                      ------------------------------------------------------------------------------
2026-08-10 18:16:20     Calculation 29 (Frequency: 16.744 THz, Theta: 0, Phi: 0)


                      ------------------------------------------------------------------------------
2026-08-10 18:16:20   Running the PortModeSolver.

                      ------------------------------------------------------------------------------
2026-08-10 18:16:21   Adaptive mesh refinement pass 1

                      ------------------------------------------------------------------------------
2026-08-10 18:16:46     Matrix setup time        :	1 s
                        Solver setup             :	9 s
                        Degrees of freedom       :	2013692
                        Number of mesh cells     :	307726

                        Stimulation port         :	Zmin
                        Mode number              :	1
                        Accuracy                 :	7.76901e-05
                        Iterations               :	12
                        Solver time              :	13 s


                      ------------------------------------------------------------------------------
2026-08-10 18:16:53   Adaptive mesh refinement pass 2

                      ------------------------------------------------------------------------------
2026-08-10 18:17:19     Matrix setup time        :	4 s
                        Solver setup             :	9 s
                        Degrees of freedom       :	2049266
                        Number of mesh cells     :	313120

                        Stimulation port         :	Zmin
                        Mode number              :	1
                        Accuracy                 :	8.8219e-05
                        Iterations               :	11
                        Solver time              :	11 s


                      ------------------------------------------------------------------------------
2026-08-10 18:17:20     Delta calculation        
2026-08-10 18:17:20     All S-Parameters         :	0.000991437
2026-08-10 18:17:20   

                      ------------------------------------------------------------------------------
2026-08-10 18:17:27   Adaptive mesh refinement pass 3

                      ------------------------------------------------------------------------------
2026-08-10 18:17:56     Matrix setup time        :	4 s
                        Solver setup             :	12 s
                        Degrees of freedom       :	2084280
                        Number of mesh cells     :	318471

                        Stimulation port         :	Zmin
                        Mode number              :	1
                        Accuracy                 :	8.50058e-05
                        Iterations               :	11
                        Solver time              :	12 s


                      ------------------------------------------------------------------------------
2026-08-10 18:17:57     Delta calculation        
2026-08-10 18:17:57     All S-Parameters         :	0.000962887
2026-08-10 18:17:57   

                      ------------------------------------------------------------------------------
2026-08-10 18:17:57   Mesh adaptation terminated because the desired accuracy limit is reached.

                      ------------------------------------------------------------------------------
2026-08-10 18:17:57     Total time               :	97 s	 (= 0 h, 01 m, 37 s)

                      ------------------------------------------------------------------------------
2026-08-10 18:17:57   

                      ------------------------------------------------------------------------------
2026-08-10 18:17:57     Calculation 30 (Frequency: 12.856 THz, Theta: 0, Phi: 0)


                      ------------------------------------------------------------------------------
2026-08-10 18:17:57   Running the PortModeSolver.

                      ------------------------------------------------------------------------------
2026-08-10 18:17:59   Adaptive mesh refinement pass 1

                      ------------------------------------------------------------------------------
2026-08-10 18:18:24     Matrix setup time        :	2 s
                        Solver setup             :	10 s
                        Degrees of freedom       :	2084280
                        Number of mesh cells     :	318471

                        Stimulation port         :	Zmin
                        Mode number              :	1
                        Accuracy                 :	4.55132e-05
                        Iterations               :	11
                        Solver time              :	12 s


                      ------------------------------------------------------------------------------
2026-08-10 18:18:31   Adaptive mesh refinement pass 2

                      ------------------------------------------------------------------------------
2026-08-10 18:18:53     Matrix setup time        :	4 s
                        Solver setup             :	9 s
                        Degrees of freedom       :	2119190
                        Number of mesh cells     :	323794

                        Stimulation port         :	Zmin
                        Mode number              :	1
                        Accuracy                 :	5.76624e-05
                        Iterations               :	7
                        Solver time              :	7 s


                      ------------------------------------------------------------------------------
2026-08-10 18:18:54     Delta calculation        
2026-08-10 18:18:54     All S-Parameters         :	3.00863e-05
2026-08-10 18:18:54   

                      ------------------------------------------------------------------------------
2026-08-10 18:19:01   Adaptive mesh refinement pass 3

                      ------------------------------------------------------------------------------
2026-08-10 18:19:24     Matrix setup time        :	4 s
                        Solver setup             :	10 s
                        Degrees of freedom       :	2153642
                        Number of mesh cells     :	329087

                        Stimulation port         :	Zmin
                        Mode number              :	1
                        Accuracy                 :	5.60593e-05
                        Iterations               :	7
                        Solver time              :	8 s


                      ------------------------------------------------------------------------------
2026-08-10 18:19:25     Delta calculation        
2026-08-10 18:19:25     All S-Parameters         :	3.39361e-05
2026-08-10 18:19:25   

                      ------------------------------------------------------------------------------
2026-08-10 18:19:25   Mesh adaptation terminated because the desired accuracy limit is reached.

                      ------------------------------------------------------------------------------
2026-08-10 18:19:25     Total time               :	87 s	 (= 0 h, 01 m, 27 s)

                      ------------------------------------------------------------------------------
2026-08-10 18:19:25   

                      ------------------------------------------------------------------------------
2026-08-10 18:19:25     Calculation 31 (Frequency: 26.92 THz, Theta: 0, Phi: 0)


                      ------------------------------------------------------------------------------
2026-08-10 18:19:25   Running the PortModeSolver.

                      ------------------------------------------------------------------------------
2026-08-10 18:19:26   Adaptive mesh refinement pass 1

                      ------------------------------------------------------------------------------
2026-08-10 18:19:49     Matrix setup time        :	1 s
                        Solver setup             :	8 s
                        Degrees of freedom       :	2153642
                        Number of mesh cells     :	329087

                        Stimulation port         :	Zmin
                        Mode number              :	1
                        Accuracy                 :	5.38969e-05
                        Iterations               :	11
                        Solver time              :	12 s


                      ------------------------------------------------------------------------------
2026-08-10 18:19:50   The input reflection seems to be large at 26.92 THz, Theta: 0, Phi: 0.  More...

                      ------------------------------------------------------------------------------
2026-08-10 18:19:57   Adaptive mesh refinement pass 2

                      ------------------------------------------------------------------------------
2026-08-10 18:20:29     Matrix setup time        :	4 s
                        Solver setup             :	13 s
                        Degrees of freedom       :	2187968
                        Number of mesh cells     :	334377

                        Stimulation port         :	Zmin
                        Mode number              :	1
                        Accuracy                 :	5.09493e-05
                        Iterations               :	11
                        Solver time              :	13 s


                      ------------------------------------------------------------------------------
2026-08-10 18:20:30     Delta calculation        
2026-08-10 18:20:30     All S-Parameters         :	0.000119283
2026-08-10 18:20:30   

                      ------------------------------------------------------------------------------
2026-08-10 18:20:37   Adaptive mesh refinement pass 3

                      ------------------------------------------------------------------------------
2026-08-10 18:21:09     Matrix setup time        :	4 s
                        Solver setup             :	12 s
                        Degrees of freedom       :	2222674
                        Number of mesh cells     :	339700

                        Stimulation port         :	Zmin
                        Mode number              :	1
                        Accuracy                 :	5.12349e-05
                        Iterations               :	11
                        Solver time              :	13 s


                      ------------------------------------------------------------------------------
2026-08-10 18:21:09     Delta calculation        
2026-08-10 18:21:09     All S-Parameters         :	0.000104721
2026-08-10 18:21:09   

                      ------------------------------------------------------------------------------
2026-08-10 18:21:09   Mesh adaptation terminated because the desired accuracy limit is reached.

                      ------------------------------------------------------------------------------
2026-08-10 18:21:09     Total time               :	104 s	 (= 0 h, 01 m, 44 s)

                      ------------------------------------------------------------------------------
2026-08-10 18:21:09   

                      ------------------------------------------------------------------------------
2026-08-10 18:21:09     Calculation 32 (Frequency: 11.08 THz, Theta: 0, Phi: 0)


                      ------------------------------------------------------------------------------
2026-08-10 18:21:09   Running the PortModeSolver.

                      ------------------------------------------------------------------------------
2026-08-10 18:21:11   Adaptive mesh refinement pass 1

                      ------------------------------------------------------------------------------
2026-08-10 18:21:31     Matrix setup time        :	2 s
                        Solver setup             :	10 s
                        Degrees of freedom       :	2222674
                        Number of mesh cells     :	339700

                        Stimulation port         :	Zmin
                        Mode number              :	1
                        Accuracy                 :	8.25614e-05
                        Iterations               :	6
                        Solver time              :	7 s


                      ------------------------------------------------------------------------------
2026-08-10 18:21:39   Adaptive mesh refinement pass 2

                      ------------------------------------------------------------------------------
2026-08-10 18:22:03     Matrix setup time        :	4 s
                        Solver setup             :	11 s
                        Degrees of freedom       :	2257706
                        Number of mesh cells     :	345059

                        Stimulation port         :	Zmin
                        Mode number              :	1
                        Accuracy                 :	8.34526e-05
                        Iterations               :	6
                        Solver time              :	7 s


                      ------------------------------------------------------------------------------
2026-08-10 18:22:04     Delta calculation        
2026-08-10 18:22:04     All S-Parameters         :	3.60261e-05
2026-08-10 18:22:04   

                      ------------------------------------------------------------------------------
2026-08-10 18:22:12   Adaptive mesh refinement pass 3

                      ------------------------------------------------------------------------------
2026-08-10 18:22:37     Matrix setup time        :	5 s
                        Solver setup             :	12 s
                        Degrees of freedom       :	2292488
                        Number of mesh cells     :	350364

                        Stimulation port         :	Zmin
                        Mode number              :	1
                        Accuracy                 :	8.20874e-05
                        Iterations               :	6
                        Solver time              :	7 s


                      ------------------------------------------------------------------------------
2026-08-10 18:22:38     Delta calculation        
2026-08-10 18:22:38     All S-Parameters         :	2.31901e-05
2026-08-10 18:22:38   

                      ------------------------------------------------------------------------------
2026-08-10 18:22:38   Mesh adaptation terminated because the desired accuracy limit is reached.

                      ------------------------------------------------------------------------------
2026-08-10 18:22:38     Total time               :	88 s	 (= 0 h, 01 m, 28 s)

                      ------------------------------------------------------------------------------
2026-08-10 18:22:38   

                      ------------------------------------------------------------------------------
2026-08-10 18:22:38     Calculation 33 (Frequency: 33.976 THz, Theta: 0, Phi: 0)


                      ------------------------------------------------------------------------------
2026-08-10 18:22:38   Running the PortModeSolver.

                      ------------------------------------------------------------------------------
2026-08-10 18:22:40   Adaptive mesh refinement pass 1

                      ------------------------------------------------------------------------------
2026-08-10 18:23:03     Matrix setup time        :	2 s
                        Solver setup             :	10 s
                        Degrees of freedom       :	2292488
                        Number of mesh cells     :	350364

                        Stimulation port         :	Zmin
                        Mode number              :	1
                        Accuracy                 :	9.27596e-05
                        Iterations               :	9
                        Solver time              :	11 s


                      ------------------------------------------------------------------------------
2026-08-10 18:23:12   Adaptive mesh refinement pass 2

                      ------------------------------------------------------------------------------
2026-08-10 18:23:45     Matrix setup time        :	5 s
                        Solver setup             :	15 s
                        Degrees of freedom       :	2326184
                        Number of mesh cells     :	355586

                        Stimulation port         :	Zmin
                        Mode number              :	1
                        Accuracy                 :	9.14444e-05
                        Iterations               :	9
                        Solver time              :	12 s


                      ------------------------------------------------------------------------------
2026-08-10 18:23:45     Delta calculation        
2026-08-10 18:23:45     All S-Parameters         :	5.70485e-05
2026-08-10 18:23:45   

                      ------------------------------------------------------------------------------
2026-08-10 18:23:53   Adaptive mesh refinement pass 3

                      ------------------------------------------------------------------------------
2026-08-10 18:24:24     Matrix setup time        :	5 s
                        Solver setup             :	14 s
                        Degrees of freedom       :	2360224
                        Number of mesh cells     :	360833

                        Stimulation port         :	Zmin
                        Mode number              :	1
                        Accuracy                 :	8.94201e-05
                        Iterations               :	9
                        Solver time              :	11 s


                      ------------------------------------------------------------------------------
2026-08-10 18:24:25     Delta calculation        
2026-08-10 18:24:25     All S-Parameters         :	6.58435e-05
2026-08-10 18:24:25   

                      ------------------------------------------------------------------------------
2026-08-10 18:24:25   Mesh adaptation terminated because the desired accuracy limit is reached.

                      ------------------------------------------------------------------------------
2026-08-10 18:24:25     Total time               :	106 s	 (= 0 h, 01 m, 46 s)

                      ------------------------------------------------------------------------------
2026-08-10 18:24:25   

                      ------------------------------------------------------------------------------
2026-08-10 18:24:25     Calculation 34 (Frequency: 21.448 THz, Theta: 0, Phi: 0)


                      ------------------------------------------------------------------------------
2026-08-10 18:24:25   Running the PortModeSolver.

                      ------------------------------------------------------------------------------
2026-08-10 18:24:27   Adaptive mesh refinement pass 1

                      ------------------------------------------------------------------------------
2026-08-10 18:24:54     Matrix setup time        :	2 s
                        Solver setup             :	11 s
                        Degrees of freedom       :	2360224
                        Number of mesh cells     :	360833

                        Stimulation port         :	Zmin
                        Mode number              :	1
                        Accuracy                 :	5.29556e-05
                        Iterations               :	10
                        Solver time              :	13 s


                      ------------------------------------------------------------------------------
2026-08-10 18:25:03   Adaptive mesh refinement pass 2

                      ------------------------------------------------------------------------------
2026-08-10 18:25:35     Matrix setup time        :	5 s
                        Solver setup             :	13 s
                        Degrees of freedom       :	2394922
                        Number of mesh cells     :	366143

                        Stimulation port         :	Zmin
                        Mode number              :	1
                        Accuracy                 :	5.36131e-05
                        Iterations               :	10
                        Solver time              :	13 s


                      ------------------------------------------------------------------------------
2026-08-10 18:25:35     Delta calculation        
2026-08-10 18:25:35     All S-Parameters         :	0.000156999
2026-08-10 18:25:35   

                      ------------------------------------------------------------------------------
2026-08-10 18:25:44   Adaptive mesh refinement pass 3

                      ------------------------------------------------------------------------------
2026-08-10 18:26:15     Matrix setup time        :	5 s
                        Solver setup             :	13 s
                        Degrees of freedom       :	2429836
                        Number of mesh cells     :	371485

                        Stimulation port         :	Zmin
                        Mode number              :	1
                        Accuracy                 :	5.3431e-05
                        Iterations               :	10
                        Solver time              :	13 s


                      ------------------------------------------------------------------------------
2026-08-10 18:26:16     Delta calculation        
2026-08-10 18:26:16     All S-Parameters         :	5.37032e-05
2026-08-10 18:26:16   

                      ------------------------------------------------------------------------------
2026-08-10 18:26:16   Mesh adaptation terminated because the desired accuracy limit is reached.

                      ------------------------------------------------------------------------------
2026-08-10 18:26:16     Total time               :	110 s	 (= 0 h, 01 m, 50 s)

                      ------------------------------------------------------------------------------
2026-08-10 18:26:16   

                      ------------------------------------------------------------------------------
2026-08-10 18:26:16     Calculation 35 (Frequency: 33.88 THz, Theta: 0, Phi: 0)


                      ------------------------------------------------------------------------------
2026-08-10 18:26:16   Running the PortModeSolver.

                      ------------------------------------------------------------------------------
2026-08-10 18:26:18   Adaptive mesh refinement pass 1

                      ------------------------------------------------------------------------------
2026-08-10 18:26:42     Matrix setup time        :	2 s
                        Solver setup             :	10 s
                        Degrees of freedom       :	2429836
                        Number of mesh cells     :	371485

                        Stimulation port         :	Zmin
                        Mode number              :	1
                        Accuracy                 :	9.58978e-05
                        Iterations               :	9
                        Solver time              :	12 s


                      ------------------------------------------------------------------------------
2026-08-10 18:26:51   Adaptive mesh refinement pass 2

                      ------------------------------------------------------------------------------
2026-08-10 18:27:28     Matrix setup time        :	5 s
                        Solver setup             :	16 s
                        Degrees of freedom       :	2463864
                        Number of mesh cells     :	376723

                        Stimulation port         :	Zmin
                        Mode number              :	1
                        Accuracy                 :	5.2946e-05
                        Iterations               :	10
                        Solver time              :	14 s


                      ------------------------------------------------------------------------------
2026-08-10 18:27:28     Delta calculation        
2026-08-10 18:27:28     All S-Parameters         :	9.3496e-05
2026-08-10 18:27:28   

                      ------------------------------------------------------------------------------
2026-08-10 18:27:37   Adaptive mesh refinement pass 3

                      ------------------------------------------------------------------------------
2026-08-10 18:28:11     Matrix setup time        :	5 s
                        Solver setup             :	15 s
                        Degrees of freedom       :	2497732
                        Number of mesh cells     :	381953

                        Stimulation port         :	Zmin
                        Mode number              :	1
                        Accuracy                 :	9.91172e-05
                        Iterations               :	9
                        Solver time              :	13 s


                      ------------------------------------------------------------------------------
2026-08-10 18:28:12     Delta calculation        
2026-08-10 18:28:12     All S-Parameters         :	0.000120702
2026-08-10 18:28:12   

                      ------------------------------------------------------------------------------
2026-08-10 18:28:12   Mesh adaptation terminated because the desired accuracy limit is reached.

                      ------------------------------------------------------------------------------
2026-08-10 18:28:12     Total time               :	115 s	 (= 0 h, 01 m, 55 s)

                      ------------------------------------------------------------------------------
2026-08-10 18:28:12   

                      ------------------------------------------------------------------------------
2026-08-10 18:28:12     Calculation 36 (Frequency: 26.584 THz, Theta: 0, Phi: 0)


                      ------------------------------------------------------------------------------
2026-08-10 18:28:12   Running the PortModeSolver.

                      ------------------------------------------------------------------------------
2026-08-10 18:28:13   Adaptive mesh refinement pass 1

                      ------------------------------------------------------------------------------
2026-08-10 18:28:48     Matrix setup time        :	2 s
                        Solver setup             :	12 s
                        Degrees of freedom       :	2497732
                        Number of mesh cells     :	381953

                        Stimulation port         :	Zmin
                        Mode number              :	1
                        Accuracy                 :	9.48657e-05
                        Iterations               :	13
                        Solver time              :	18 s


                      ------------------------------------------------------------------------------
2026-08-10 18:28:49   The input reflection seems to be large at 26.584 THz, Theta: 0, Phi: 0.  More...

                      ------------------------------------------------------------------------------
2026-08-10 18:28:57   Adaptive mesh refinement pass 2

                      ------------------------------------------------------------------------------
2026-08-10 18:29:39     Matrix setup time        :	5 s
                        Solver setup             :	16 s
                        Degrees of freedom       :	2532328
                        Number of mesh cells     :	387266

                        Stimulation port         :	Zmin
                        Mode number              :	1
                        Accuracy                 :	7.01739e-05
                        Iterations               :	13
                        Solver time              :	19 s


                      ------------------------------------------------------------------------------
2026-08-10 18:29:40     Delta calculation        
2026-08-10 18:29:40     All S-Parameters         :	0.00011412
2026-08-10 18:29:40   

                      ------------------------------------------------------------------------------
2026-08-10 18:29:49   Adaptive mesh refinement pass 3

                      ------------------------------------------------------------------------------
2026-08-10 18:30:27     Matrix setup time        :	5 s
                        Solver setup             :	14 s
                        Degrees of freedom       :	2566908
                        Number of mesh cells     :	392594

                        Stimulation port         :	Zmin
                        Mode number              :	1
                        Accuracy                 :	6.65825e-05
                        Iterations               :	13
                        Solver time              :	18 s


                      ------------------------------------------------------------------------------
2026-08-10 18:30:28     Delta calculation        
2026-08-10 18:30:28     All S-Parameters         :	4.27559e-05
2026-08-10 18:30:28   

                      ------------------------------------------------------------------------------
2026-08-10 18:30:28   Mesh adaptation terminated because the desired accuracy limit is reached.

                      ------------------------------------------------------------------------------
2026-08-10 18:30:28     Total time               :	135 s	 (= 0 h, 02 m, 15 s)

                      ------------------------------------------------------------------------------
2026-08-10 18:30:28   

                      ------------------------------------------------------------------------------
2026-08-10 18:30:28     Calculation 37 (Frequency: 27.208 THz, Theta: 0, Phi: 0)


                      ------------------------------------------------------------------------------
2026-08-10 18:30:28   Running the PortModeSolver.

                      ------------------------------------------------------------------------------
2026-08-10 18:30:30   Adaptive mesh refinement pass 1

                      ------------------------------------------------------------------------------
2026-08-10 18:30:55     Matrix setup time        :	2 s
                        Solver setup             :	11 s
                        Degrees of freedom       :	2566908
                        Number of mesh cells     :	392594

                        Stimulation port         :	Zmin
                        Mode number              :	1
                        Accuracy                 :	8.5254e-05
                        Iterations               :	8
                        Solver time              :	11 s


                      ------------------------------------------------------------------------------
2026-08-10 18:30:56   The input reflection seems to be large at 27.208 THz, Theta: 0, Phi: 0.  More...

                      ------------------------------------------------------------------------------
2026-08-10 18:31:05   Adaptive mesh refinement pass 2

                      ------------------------------------------------------------------------------
2026-08-10 18:31:39     Matrix setup time        :	5 s
                        Solver setup             :	15 s
                        Degrees of freedom       :	2601266
                        Number of mesh cells     :	397892

                        Stimulation port         :	Zmin
                        Mode number              :	1
                        Accuracy                 :	9.90734e-05
                        Iterations               :	9
                        Solver time              :	13 s


                      ------------------------------------------------------------------------------
2026-08-10 18:31:40     Delta calculation        
2026-08-10 18:31:40     All S-Parameters         :	5.71283e-05
2026-08-10 18:31:40   

                      ------------------------------------------------------------------------------
2026-08-10 18:31:49   Adaptive mesh refinement pass 3

                      ------------------------------------------------------------------------------
2026-08-10 18:32:24     Matrix setup time        :	5 s
                        Solver setup             :	15 s
                        Degrees of freedom       :	2635974
                        Number of mesh cells     :	403220

                        Stimulation port         :	Zmin
                        Mode number              :	1
                        Accuracy                 :	9.94646e-05
                        Iterations               :	9
                        Solver time              :	13 s


                      ------------------------------------------------------------------------------
2026-08-10 18:32:25     Delta calculation        
2026-08-10 18:32:25     All S-Parameters         :	5.74871e-05
2026-08-10 18:32:25   

                      ------------------------------------------------------------------------------
2026-08-10 18:32:25   Mesh adaptation terminated because the desired accuracy limit is reached.

                      ------------------------------------------------------------------------------
2026-08-10 18:32:25     Total time               :	116 s	 (= 0 h, 01 m, 56 s)

                      ------------------------------------------------------------------------------
2026-08-10 18:32:25   

                      ------------------------------------------------------------------------------
2026-08-10 18:32:25     Calculation 38 (Frequency: 19.312 THz, Theta: 0, Phi: 0)


                      ------------------------------------------------------------------------------
2026-08-10 18:32:25   Running the PortModeSolver.

                      ------------------------------------------------------------------------------
2026-08-10 18:32:26   Adaptive mesh refinement pass 1

                      ------------------------------------------------------------------------------
2026-08-10 18:32:53     Matrix setup time        :	2 s
                        Solver setup             :	12 s
                        Degrees of freedom       :	2635974
                        Number of mesh cells     :	403220

                        Stimulation port         :	Zmin
                        Mode number              :	1
                        Accuracy                 :	7.75491e-05
                        Iterations               :	8
                        Solver time              :	11 s


                      ------------------------------------------------------------------------------
2026-08-10 18:33:02   Adaptive mesh refinement pass 2

                      ------------------------------------------------------------------------------
2026-08-10 18:33:34     Matrix setup time        :	5 s
                        Solver setup             :	14 s
                        Degrees of freedom       :	2670516
                        Number of mesh cells     :	408515

                        Stimulation port         :	Zmin
                        Mode number              :	1
                        Accuracy                 :	7.87888e-05
                        Iterations               :	8
                        Solver time              :	11 s


                      ------------------------------------------------------------------------------
2026-08-10 18:33:35     Delta calculation        
2026-08-10 18:33:35     All S-Parameters         :	3.77177e-05
2026-08-10 18:33:35   

                      ------------------------------------------------------------------------------
2026-08-10 18:33:44   Adaptive mesh refinement pass 3

                      ------------------------------------------------------------------------------
2026-08-10 18:34:28     Matrix setup time        :	6 s
                        Solver setup             :	22 s
                        Degrees of freedom       :	2705266
                        Number of mesh cells     :	413829

                        Stimulation port         :	Zmin
                        Mode number              :	1
                        Accuracy                 :	7.45649e-05
                        Iterations               :	8
                        Solver time              :	15 s


                      ------------------------------------------------------------------------------
2026-08-10 18:34:29     Delta calculation        
2026-08-10 18:34:29     All S-Parameters         :	5.01553e-05
2026-08-10 18:34:29   

                      ------------------------------------------------------------------------------
2026-08-10 18:34:29   Mesh adaptation terminated because the desired accuracy limit is reached.

                      ------------------------------------------------------------------------------
2026-08-10 18:34:30     Total time               :	124 s	 (= 0 h, 02 m, 04 s)

                      ------------------------------------------------------------------------------
2026-08-10 18:34:30   

                      ------------------------------------------------------------------------------
2026-08-10 18:34:30     Calculation 39 (Frequency: 18.76 THz, Theta: 0, Phi: 0)


                      ------------------------------------------------------------------------------
2026-08-10 18:34:30   Running the PortModeSolver.

                      ------------------------------------------------------------------------------
2026-08-10 18:34:31   Adaptive mesh refinement pass 1

                      ------------------------------------------------------------------------------
2026-08-10 18:35:11     Matrix setup time        :	2 s
                        Solver setup             :	18 s
                        Degrees of freedom       :	2705266
                        Number of mesh cells     :	413829

                        Stimulation port         :	Zmin
                        Mode number              :	1
                        Accuracy                 :	7.48152e-05
                        Iterations               :	10
                        Solver time              :	18 s


                      ------------------------------------------------------------------------------
2026-08-10 18:35:22   Adaptive mesh refinement pass 2

                      ------------------------------------------------------------------------------
2026-08-10 18:36:06     Matrix setup time        :	6 s
                        Solver setup             :	21 s
                        Degrees of freedom       :	2739268
                        Number of mesh cells     :	419101

                        Stimulation port         :	Zmin
                        Mode number              :	1
                        Accuracy                 :	7.12219e-05
                        Iterations               :	9
                        Solver time              :	16 s


                      ------------------------------------------------------------------------------
2026-08-10 18:36:07     Delta calculation        
2026-08-10 18:36:07     All S-Parameters         :	5.52658e-05
2026-08-10 18:36:07   

                      ------------------------------------------------------------------------------
2026-08-10 18:36:18   Adaptive mesh refinement pass 3

                      ------------------------------------------------------------------------------
2026-08-10 18:37:09     Matrix setup time        :	6 s
                        Solver setup             :	26 s
                        Degrees of freedom       :	2774112
                        Number of mesh cells     :	424423

                        Stimulation port         :	Zmin
                        Mode number              :	1
                        Accuracy                 :	7.30841e-05
                        Iterations               :	9
                        Solver time              :	17 s


                      ------------------------------------------------------------------------------
2026-08-10 18:37:10     Delta calculation        
2026-08-10 18:37:10     All S-Parameters         :	1.75565e-05
2026-08-10 18:37:10   

                      ------------------------------------------------------------------------------
2026-08-10 18:37:10   Mesh adaptation terminated because the desired accuracy limit is reached.

                      ------------------------------------------------------------------------------
2026-08-10 18:37:10     Total time               :	160 s	 (= 0 h, 02 m, 40 s)

                      ------------------------------------------------------------------------------
2026-08-10 18:37:10   

                      ------------------------------------------------------------------------------
2026-08-10 18:37:10     Calculation 40 (Frequency: 17.8 THz, Theta: 0, Phi: 0)


                      ------------------------------------------------------------------------------
2026-08-10 18:37:10   Running the PortModeSolver.

                      ------------------------------------------------------------------------------
2026-08-10 18:37:12   Adaptive mesh refinement pass 1

                      ------------------------------------------------------------------------------
2026-08-10 18:37:52     Matrix setup time        :	3 s
                        Solver setup             :	22 s
                        Degrees of freedom       :	2774112
                        Number of mesh cells     :	424423

                        Stimulation port         :	Zmin
                        Mode number              :	1
                        Accuracy                 :	9.43425e-05
                        Iterations               :	7
                        Solver time              :	14 s


                      ------------------------------------------------------------------------------
2026-08-10 18:38:03   Adaptive mesh refinement pass 2

                      ------------------------------------------------------------------------------
2026-08-10 18:38:43     Matrix setup time        :	6 s
                        Solver setup             :	20 s
                        Degrees of freedom       :	2808512
                        Number of mesh cells     :	429722

                        Stimulation port         :	Zmin
                        Mode number              :	1
                        Accuracy                 :	9.3119e-05
                        Iterations               :	7
                        Solver time              :	12 s


                      ------------------------------------------------------------------------------
2026-08-10 18:38:44     Delta calculation        
2026-08-10 18:38:44     All S-Parameters         :	0.000107955
2026-08-10 18:38:44   

                      ------------------------------------------------------------------------------
2026-08-10 18:38:54   Adaptive mesh refinement pass 3

                      ------------------------------------------------------------------------------
2026-08-10 18:39:36     Matrix setup time        :	6 s
                        Solver setup             :	21 s
                        Degrees of freedom       :	2843294
                        Number of mesh cells     :	435049

                        Stimulation port         :	Zmin
                        Mode number              :	1
                        Accuracy                 :	9.71296e-05
                        Iterations               :	7
                        Solver time              :	13 s


                      ------------------------------------------------------------------------------
2026-08-10 18:39:37     Delta calculation        
2026-08-10 18:39:37     All S-Parameters         :	6.77826e-05
2026-08-10 18:39:37   

                      ------------------------------------------------------------------------------
2026-08-10 18:39:37   Mesh adaptation terminated because the desired accuracy limit is reached.

                      ------------------------------------------------------------------------------
2026-08-10 18:39:38     Total time               :	147 s	 (= 0 h, 02 m, 27 s)

                      ------------------------------------------------------------------------------
2026-08-10 18:39:38   

                      ------------------------------------------------------------------------------
2026-08-10 18:39:38     Calculation 41 (Frequency: 10.336 THz, Theta: 0, Phi: 0)


                      ------------------------------------------------------------------------------
2026-08-10 18:39:38   Running the PortModeSolver.

                      ------------------------------------------------------------------------------
2026-08-10 18:39:39   Adaptive mesh refinement pass 1

                      ------------------------------------------------------------------------------
2026-08-10 18:40:12     Matrix setup time        :	3 s
                        Solver setup             :	18 s
                        Degrees of freedom       :	2843294
                        Number of mesh cells     :	435049

                        Stimulation port         :	Zmin
                        Mode number              :	1
                        Accuracy                 :	6.77203e-05
                        Iterations               :	6
                        Solver time              :	11 s


                      ------------------------------------------------------------------------------
2026-08-10 18:40:24   Adaptive mesh refinement pass 2

                      ------------------------------------------------------------------------------
2026-08-10 18:41:08     Matrix setup time        :	6 s
                        Solver setup             :	24 s
                        Degrees of freedom       :	2878018
                        Number of mesh cells     :	440340

                        Stimulation port         :	Zmin
                        Mode number              :	1
                        Accuracy                 :	6.89503e-05
                        Iterations               :	6
                        Solver time              :	12 s


                      ------------------------------------------------------------------------------
2026-08-10 18:41:09     Delta calculation        
2026-08-10 18:41:09     All S-Parameters         :	2.61776e-05
2026-08-10 18:41:09   

                      ------------------------------------------------------------------------------
2026-08-10 18:41:19   Adaptive mesh refinement pass 3

                      ------------------------------------------------------------------------------
2026-08-10 18:42:03     Matrix setup time        :	7 s
                        Solver setup             :	23 s
                        Degrees of freedom       :	2912940
                        Number of mesh cells     :	445695

                        Stimulation port         :	Zmin
                        Mode number              :	1
                        Accuracy                 :	6.82841e-05
                        Iterations               :	6
                        Solver time              :	12 s


                      ------------------------------------------------------------------------------
2026-08-10 18:42:04     Delta calculation        
2026-08-10 18:42:04     All S-Parameters         :	1.92656e-05
2026-08-10 18:42:04   

                      ------------------------------------------------------------------------------
2026-08-10 18:42:04   Mesh adaptation terminated because the desired accuracy limit is reached.

                      ------------------------------------------------------------------------------
2026-08-10 18:42:04     Total time               :	146 s	 (= 0 h, 02 m, 26 s)

                      ------------------------------------------------------------------------------
2026-08-10 18:42:04   

                      ------------------------------------------------------------------------------
2026-08-10 18:42:04     Calculation 42 (Frequency: 26.512 THz, Theta: 0, Phi: 0)


                      ------------------------------------------------------------------------------
2026-08-10 18:42:04   Running the PortModeSolver.

                      ------------------------------------------------------------------------------
2026-08-10 18:42:05   Adaptive mesh refinement pass 1

                      ------------------------------------------------------------------------------
2026-08-10 18:43:00     Matrix setup time        :	3 s
                        Solver setup             :	20 s
                        Degrees of freedom       :	2912940
                        Number of mesh cells     :	445695

                        Stimulation port         :	Zmin
                        Mode number              :	1
                        Accuracy                 :	8.07635e-05
                        Iterations               :	16
                        Solver time              :	31 s


                      ------------------------------------------------------------------------------
2026-08-10 18:43:01   The input reflection seems to be large at 26.512 THz, Theta: 0, Phi: 0.  More...

                      ------------------------------------------------------------------------------
2026-08-10 18:43:12   Adaptive mesh refinement pass 2

                      ------------------------------------------------------------------------------
2026-08-10 18:44:16     Matrix setup time        :	6 s
                        Solver setup             :	25 s
                        Degrees of freedom       :	2947258
                        Number of mesh cells     :	450989

                        Stimulation port         :	Zmin
                        Mode number              :	1
                        Accuracy                 :	7.65514e-05
                        Iterations               :	16
                        Solver time              :	30 s


                      ------------------------------------------------------------------------------
2026-08-10 18:44:17     Delta calculation        
2026-08-10 18:44:17     All S-Parameters         :	9.59338e-05
2026-08-10 18:44:17   

                      ------------------------------------------------------------------------------
2026-08-10 18:44:27   Adaptive mesh refinement pass 3

                      ------------------------------------------------------------------------------
2026-08-10 18:45:22     Matrix setup time        :	6 s
                        Solver setup             :	21 s
                        Degrees of freedom       :	2981418
                        Number of mesh cells     :	456263

                        Stimulation port         :	Zmin
                        Mode number              :	1
                        Accuracy                 :	7.26116e-05
                        Iterations               :	16
                        Solver time              :	27 s


                      ------------------------------------------------------------------------------
2026-08-10 18:45:23     Delta calculation        
2026-08-10 18:45:23     All S-Parameters         :	3.39508e-05
2026-08-10 18:45:23   

                      ------------------------------------------------------------------------------
2026-08-10 18:45:23   Mesh adaptation terminated because the desired accuracy limit is reached.

                      ------------------------------------------------------------------------------
2026-08-10 18:45:23     Total time               :	199 s	 (= 0 h, 03 m, 19 s)

                      ------------------------------------------------------------------------------
2026-08-10 18:45:23   

                      ------------------------------------------------------------------------------
2026-08-10 18:45:23     Calculation 43 (Frequency: 21.952 THz, Theta: 0, Phi: 0)


                      ------------------------------------------------------------------------------
2026-08-10 18:45:23   Running the PortModeSolver.

                      ------------------------------------------------------------------------------
2026-08-10 18:45:25   Adaptive mesh refinement pass 1

                      ------------------------------------------------------------------------------
2026-08-10 18:46:04     Matrix setup time        :	2 s
                        Solver setup             :	18 s
                        Degrees of freedom       :	2981418
                        Number of mesh cells     :	456263

                        Stimulation port         :	Zmin
                        Mode number              :	1
                        Accuracy                 :	6.65741e-05
                        Iterations               :	9
                        Solver time              :	17 s


                      ------------------------------------------------------------------------------
2026-08-10 18:46:16   Adaptive mesh refinement pass 2

                      ------------------------------------------------------------------------------
2026-08-10 18:47:12     Matrix setup time        :	7 s
                        Solver setup             :	29 s
                        Degrees of freedom       :	3016022
                        Number of mesh cells     :	461586

                        Stimulation port         :	Zmin
                        Mode number              :	1
                        Accuracy                 :	6.3303e-05
                        Iterations               :	9
                        Solver time              :	19 s


                      ------------------------------------------------------------------------------
2026-08-10 18:47:13     Delta calculation        
2026-08-10 18:47:13     All S-Parameters         :	0.000103913
2026-08-10 18:47:13   

                      ------------------------------------------------------------------------------
2026-08-10 18:47:23   Adaptive mesh refinement pass 3

                      ------------------------------------------------------------------------------
2026-08-10 18:48:14     Matrix setup time        :	7 s
                        Solver setup             :	25 s
                        Degrees of freedom       :	3051184
                        Number of mesh cells     :	466947

                        Stimulation port         :	Zmin
                        Mode number              :	1
                        Accuracy                 :	6.1775e-05
                        Iterations               :	9
                        Solver time              :	18 s


                      ------------------------------------------------------------------------------
2026-08-10 18:48:15     Delta calculation        
2026-08-10 18:48:15     All S-Parameters         :	8.05231e-05
2026-08-10 18:48:15   

                      ------------------------------------------------------------------------------
2026-08-10 18:48:15   Mesh adaptation terminated because the desired accuracy limit is reached.

                      ------------------------------------------------------------------------------
2026-08-10 18:48:15     Total time               :	171 s	 (= 0 h, 02 m, 51 s)

                      ------------------------------------------------------------------------------
2026-08-10 18:48:15   

                      ------------------------------------------------------------------------------
2026-08-10 18:48:15     Calculation 44 (Frequency: 29.056 THz, Theta: 0, Phi: 0)


                      ------------------------------------------------------------------------------
2026-08-10 18:48:15   Running the PortModeSolver.

                      ------------------------------------------------------------------------------
2026-08-10 18:48:17   Adaptive mesh refinement pass 1

                      ------------------------------------------------------------------------------
2026-08-10 18:49:01     Matrix setup time        :	3 s
                        Solver setup             :	21 s
                        Degrees of freedom       :	3051184
                        Number of mesh cells     :	466947

                        Stimulation port         :	Zmin
                        Mode number              :	1
                        Accuracy                 :	6.82009e-05
                        Iterations               :	9
                        Solver time              :	18 s


                      ------------------------------------------------------------------------------
2026-08-10 18:49:02   The input reflection seems to be large at 29.056 THz, Theta: 0, Phi: 0.  More...

                      ------------------------------------------------------------------------------
2026-08-10 18:49:13   Adaptive mesh refinement pass 2

                      ------------------------------------------------------------------------------
2026-08-10 18:50:04     Matrix setup time        :	7 s
                        Solver setup             :	25 s
                        Degrees of freedom       :	3084828
                        Number of mesh cells     :	472168

                        Stimulation port         :	Zmin
                        Mode number              :	1
                        Accuracy                 :	8.27134e-05
                        Iterations               :	9
                        Solver time              :	18 s


                      ------------------------------------------------------------------------------
2026-08-10 18:50:05     Delta calculation        
2026-08-10 18:50:05     All S-Parameters         :	1.48737e-05
2026-08-10 18:50:05   

                      ------------------------------------------------------------------------------
2026-08-10 18:50:16   Adaptive mesh refinement pass 3

                      ------------------------------------------------------------------------------
2026-08-10 18:51:07     Matrix setup time        :	7 s
                        Solver setup             :	24 s
                        Degrees of freedom       :	3118718
                        Number of mesh cells     :	477414

                        Stimulation port         :	Zmin
                        Mode number              :	1
                        Accuracy                 :	8.17498e-05
                        Iterations               :	9
                        Solver time              :	18 s


                      ------------------------------------------------------------------------------
2026-08-10 18:51:08     Delta calculation        
2026-08-10 18:51:08     All S-Parameters         :	1.5702e-05
2026-08-10 18:51:08   

                      ------------------------------------------------------------------------------
2026-08-10 18:51:08   Mesh adaptation terminated because the desired accuracy limit is reached.

                      ------------------------------------------------------------------------------
2026-08-10 18:51:08     Total time               :	172 s	 (= 0 h, 02 m, 52 s)

                      ------------------------------------------------------------------------------
2026-08-10 18:51:08   

                      ------------------------------------------------------------------------------
2026-08-10 18:51:09   Some adaptive mesh refinement samples will be recalculated because the mesh has changed significantly.

                      ------------------------------------------------------------------------------
2026-08-10 18:51:09     Calculation 1 (Frequency: 34 THz, Theta: 0, Phi: 0)


                      ------------------------------------------------------------------------------
2026-08-10 18:51:09   Running the PortModeSolver.

                      ------------------------------------------------------------------------------
2026-08-10 18:51:55     Matrix setup time        :	3 s
                        Solver setup             :	21 s
                        Degrees of freedom       :	3118718
                        Number of mesh cells     :	477414

                        Stimulation port         :	Zmin
                        Mode number              :	1
                        Accuracy                 :	7.3039e-05
                        Iterations               :	10
                        Solver time              :	20 s


                      ------------------------------------------------------------------------------
2026-08-10 18:51:56     Total time               :	46 s

                      ------------------------------------------------------------------------------
2026-08-10 18:51:56   

                      ------------------------------------------------------------------------------
2026-08-10 18:51:56     Calculation 2 (Frequency: 10 THz, Theta: 0, Phi: 0)


                      ------------------------------------------------------------------------------
2026-08-10 18:51:56   Running the PortModeSolver.

                      ------------------------------------------------------------------------------
2026-08-10 18:52:37     Matrix setup time        :	3 s
                        Solver setup             :	22 s
                        Degrees of freedom       :	3118718
                        Number of mesh cells     :	477414

                        Stimulation port         :	Zmin
                        Mode number              :	1
                        Accuracy                 :	6.13995e-05
                        Iterations               :	6
                        Solver time              :	13 s


                      ------------------------------------------------------------------------------
2026-08-10 18:52:37     Total time               :	41 s

                      ------------------------------------------------------------------------------
2026-08-10 18:52:37   

                      ------------------------------------------------------------------------------
2026-08-10 18:52:37   Finished the general purpose interpolative broadband frequency sweep:
                      All broadband sweep convergence criteria have been satisfied after
                      calculating 44 frequency samples:

                        Broadband sweep error threshold value :  0.01 (All S-Parameters) 
                        Number of error criterion checks      :  2 (All S-Parameters) 
                        Minimum number of samples             :  3
                        Number of data samples, linear        :  1001

                      ------------------------------------------------------------------------------
2026-08-10 18:52:37     Number of mesh cells     :	477414
                        Degrees of freedom       :	3089418
                        Total Solver Time        :	3431 s	 (= 0 h, 57 m, 11 s)
                        Free disk space          :	281 GB
                        Disk space delta         :	4 GB
                      ================================================================================



                      ------------------------------------------------------------------------------
2026-08-10 18:52:38     ----------------------------------------------------------------------------
                                            Peak memory used (GB)         Free physical memory (GB) 
                                                                          At begin     Minimum      
                        ----------------------------------------------------------------------------
                        Solver start        0.029                         36.375       36.374       
                        Eq. system setup    7.013                         36.356       30.659       
                        Eq. system solve    14.389                        36.292       22.884       
                        Mesh refinement     6.934                         36.231       30.935       
                        Field monitor calc. 7.061                         31.000       30.664       
                        Solver run total    14.389                        36.375       22.884       

                        Computer name       Hikari
                        ----------------------------------------------------------------------------


                      ------------------------------------------------------------------------------
2026-08-10 18:52:39   Running post-processing.

                      ------------------------------------------------------------------------------
2026-08-10 18:52:40   Post-processing finished.

                      ------------------------------------------------------------------------------
