f_THz,lam_um,Re_S11,Im_S11,Re_S21,Im_S21,absS11,absS21,absS11_cross,absS21_cross,R_total,T_total,A,R_higher,T_higher
10,29.9792458,-0.05445087263,0.2279244588,0.944289857,0.2208100699,0.2343383375,0.9697630747,3.41859471e-06,3.307424573e-06,0.05491445644,0.9404404211,0.004645122489,0,0
10.024,29.90746788,-0.05455560866,0.2285117969,0.9445098792,0.2209705044,0.2349339391,0.9700138534,3.360450947e-06,3.295190395e-06,0.05519395577,0.9409268757,0.003879168485,0,0
10.048,29.83603284,-0.05467777069,0.229104133,0.9446903258,0.2211705223,0.235538452,0.9702351322,3.302151053e-06,3.283941514e-06,0.05547836236,0.9413562117,0.00316542595,0,0
10.072,29.76493824,-0.05481696879,0.2297014413,0.9448321323,0.2214086405,0.2361517568,0.970427506,3.243923776e-06,3.273804669e-06,0.05576765223,0.9417295444,0.00250280338,0,0
10.096,29.69418166,-0.05497281032,0.2303036878,0.9449362467,0.2216833852,0.2367737284,0.9705915895,3.18605811e-06,3.2649226e-06,0.05606179848,0.9420480337,0.001890167854,0,0
10.12,29.62376067,-0.05514490027,0.2309108297,0.9450036287,0.2219932943,0.2374042361,0.970728016,3.12891673e-06,3.257456312e-06,0.05636077132,0.942312881,0.001326347718,0,0
10.144,29.55367291,-0.0553328416,0.2315228169,0.9450352485,0.2223369192,0.2380431434,0.9708374357,3.072951973e-06,3.251587699e-06,0.05666453812,0.9425253266,0.0008101353227,0,0
10.168,29.48391601,-0.05553623555,0.2321395916,0.945032086,0.2227128265,0.2386903086,0.9709205151,3.018724527e-06,3.24752259e-06,0.05697306344,0.9426866467,0.0003402898139,0,0
10.192,29.41448764,-0.05575468201,0.232761089,0.9449951296,0.2231196,0.2393455851,0.9709779353,2.966924839e-06,3.245494299e-06,0.05728630912,0.9427981509,-8.446003662e-05,0,0
10.216,29.34538547,-0.05598777984,0.2333872378,0.9449253749,0.2235558423,0.2400088212,0.9710103906,2.918396876e-06,3.245767754e-06,0.05760423428,0.9428611787,-0.0004654129757,0,0
10.24,29.27660723,-0.05623512722,0.2340179606,0.9448238235,0.2240201765,0.2406798609,0.9710185873,2.874163296e-06,3.248644345e-06,0.05792679543,0.942877097,-0.0008038923926,0,0
10.264,29.20815062,-0.05649632197,0.2346531741,0.9446914823,0.2245112472,0.2413585435,0.9710032425,2.835450244e-06,3.254467605e-06,0.05825394652,0.9428472969,-0.001101243436,0,0
10.288,29.14001341,-0.05677096194,0.2352927897,0.9445293617,0.2250277228,0.2420447046,0.9709650823,2.803708795e-06,3.263629905e-06,0.05858563901,0.9427731911,-0.001358830134,0,0
10.312,29.07219337,-0.05705864532,0.2359367139,0.9443384744,0.2255682961,0.2427381758,0.9709048411,2.780628655e-06,3.276580379e-06,0.058921822,0.9426562105,-0.00157803252,0,0
10.336,29.00468827,-0.05735897098,0.2365848488,0.9441198347,0.2261316856,0.2434387854,0.9708232597,2.768138314e-06,3.293834336e-06,0.05926244224,0.9424978016,-0.00176024379,0,0
10.36,28.93749595,-0.05767153884,0.2372370921,0.9438744565,0.2267166371,0.2441463583,0.9707210841,2.768384873e-06,3.315984523e-06,0.05960744429,0.9422994232,-0.001906867481,0,0
10.384,28.87061421,-0.05799595022,0.2378933382,0.9436033525,0.2273219243,0.2448607167,0.9705990645,2.783687059e-06,3.343714648e-06,0.05995677059,0.9420625441,-0.002019314689,0,0
10.408,28.80404093,-0.05833180812,0.2385534778,0.9433075327,0.22794635,0.2455816801,0.9704579536,2.816457146e-06,3.377815778e-06,0.0603103616,0.9417886397,-0.00209900134,0,0
10.432,28.73777396,-0.05867871765,0.2392173989,0.9429880034,0.2285887466,0.2463090657,0.9702985054,2.869092011e-06,3.419206336e-06,0.06066815584,0.9414791897,-0.002147345506,0,0
10.456,28.67181121,-0.05903628631,0.239884987,0.9426457657,0.2292479773,0.2470426888,0.9701214742,2.943839517e-06,3.468956747e-06,0.06103009008,0.9411356747,-0.002165764791,0,0
10.48,28.60615057,-0.05940412437,0.2405561253,0.9422818143,0.2299229367,0.247782363,0.9699276129,3.042651828e-06,3.528320088e-06,0.06139609943,0.9407595743,-0.002155673778,0,0
10.504,28.54078998,-0.05978184516,0.2412306954,0.9418971363,0.230612551,0.2485279007,0.9697176724,3.167039386e-06,3.598770637e-06,0.06176611744,0.9403523641,-0.002118481558,0,0
10.528,28.47572739,-0.06016906544,0.2419085774,0.9414927102,0.231315779,0.2492791132,0.9694923997,3.317936435e-06,3.682052952e-06,0.06214007627,0.9399155131,-0.002055589329,0,0
10.552,28.41096077,-0.06056540572,0.2425896502,0.9410695044,0.2320316122,0.250035811,0.9692525374,3.495582113e-06,3.780245115e-06,0.06251790679,0.9394504813,-0.001968388089,0,0
10.576,28.34648809,-0.06097049058,0.2432737923,0.9406284764,0.2327590753,0.2507978045,0.9689988223,3.699413722e-06,3.895841388e-06,0.06289953874,0.9389587177,-0.001858256415,0,0
10.6,28.28230736,-0.06138394899,0.2439608814,0.9401705712,0.233497226,0.2515649038,0.9687319843,3.92796531e-06,4.031861738e-06,0.06328490084,0.9384416575,-0.00172655833,0,0
10.624,28.2184166,-0.06180541463,0.2446507953,0.9396967208,0.2342451561,0.2523369195,0.9684527455,4.178768135e-06,4.191999147e-06,0.06367392095,0.9379007203,-0.001574641277,0,0
10.648,28.15481386,-0.06223452621,0.2453434122,0.939207843,0.2350019906,0.2531136626,0.9681618191,4.448260065e-06,4.380820832e-06,0.0640665262,0.937337308,-0.001403834186,0,0
10.672,28.09149719,-0.06267092775,0.2460386107,0.9387048401,0.2357668884,0.253894945,0.9678599085,4.731726101e-06,4.604047586e-06,0.06446264314,0.9367528025,-0.001215445639,0,0
10.696,28.02846466,-0.06311426888,0.24673627,0.9381885983,0.2365390417,0.25468058,0.9675477064,5.023307056e-06,4.868948268e-06,0.06486219787,0.9361485643,-0.00101076215,0,0
10.72,27.96571437,-0.06356420515,0.2474362706,0.9376599867,0.2373176765,0.2554703822,0.9672258941,5.31612165e-06,5.184907107e-06,0.06526511621,0.9355259303,-0.0007910465416,0,0
10.744,27.90324442,-0.06402039829,0.2481384944,0.9371198565,0.238102052,0.256264168,0.9668951404,5.602541548e-06,5.564255393e-06,0.06567132382,0.9348862126,-0.0005575364271,0,0
10.768,27.84105293,-0.06448251647,0.2488428247,0.9365690399,0.2388914604,0.2570617559,0.966556101,5.874633896e-06,6.023515843e-06,0.06608074636,0.9342306964,-0.0003114428041,0,0
10.792,27.77913807,-0.0649502346,0.2495491467,0.9360083499,0.2396852269,0.2578629667,0.9662094178,6.124742731e-06,6.585303818e-06,0.06649330962,0.9335606391,-5.394875065e-05,0,0
10.816,27.71749797,-0.06542323456,0.2502573476,0.9354385791,0.2404827089,0.2586676239,0.9658557182,6.34613041e-06,7.281291507e-06,0.06690893971,0.9328772685,0.000213791772,0,0
10.84,27.65613081,-0.06590120544,0.250967317,0.9348604991,0.241283296,0.2594755539,0.9654956146,6.533563335e-06,8.156905248e-06,0.06732756312,0.9321817819,0.0004906550112,0,0
10.864,27.59503479,-0.06638384377,0.2516789466,0.9342748605,0.2420864095,0.2602865861,0.9651297035,6.683722976e-06,9.27880011e-06,0.06774910693,0.9314753447,0.0007755484106,0,0
10.888,27.53420812,-0.06687085377,0.252392131,0.9336823913,0.2428915016,0.2611005532,0.9647585654,6.795360959e-06,1.074638887e-05,0.06817349894,0.9307590896,0.001067411497,0,0
10.912,27.47364901,-0.0673619475,0.2531067675,0.9330837975,0.2436980553,0.2619172917,0.964382764,6.869182874e-06,1.270710513e-05,0.06860066776,0.9300341156,0.001365216661,0,0
10.936,27.41335571,-0.06785684514,0.2538227561,0.932479762,0.2445055836,0.2627366419,0.9640028459,6.907512293e-06,1.536291111e-05,0.06903054302,0.9293014871,0.001667969849,0,0
10.96,27.35332646,-0.06835527509,0.2545400003,0.9318709441,0.245313629,0.2635584477,0.9636193403,6.913828618e-06,1.889428933e-05,0.06946305542,0.9285622334,0.001974711147,0,0
10.984,27.29355954,-0.06885697422,0.2552584063,0.9312579799,0.2461217627,0.2643825578,0.9632327586,6.892279382e-06,2.30169746e-05,0.06989813693,0.9278173478,0.0022845153,0,0
11.008,27.23405323,-0.06936168796,0.2559778839,0.9306414813,0.2469295844,0.2652088249,0.9628435939,6.847245935e-06,2.589900844e-05,0.07033572084,0.927067787,0.002596492197,0,0
11.032,27.17480584,-0.0698691705,0.2566983462,0.9300220359,0.247736721,0.2660371063,0.962452321,6.783007075e-06,2.499911223e-05,0.07077574197,0.9263144709,0.002909787169,0,0
11.056,27.11581567,-0.0703791849,0.2574197098,0.9294002073,0.2485428265,0.2668672641,0.9620593963,6.703512592e-06,2.131766876e-05,0.07121813669,0.9255582824,0.003223580942,0,0
11.08,27.05708105,-0.07089150323,0.2581418947,0.9287765342,0.2493475809,0.2676991652,0.9616652571,6.6122562e-06,1.747502709e-05,0.0716628431,0.924800067,0.003537089915,0,0
11.104,26.99860032,-0.07140590662,0.2588648249,0.9281515311,0.2501506896,0.2685326816,0.9612703221,6.51222624e-06,1.442761034e-05,0.07210980111,0.9240406324,0.003849566444,0,0
11.128,26.94037185,-0.07192218543,0.2595884276,0.9275256876,0.2509518826,0.2693676902,0.9608749911,6.405910218e-06,1.215323912e-05,0.07255895255,0.9232807487,0.004160298766,0,0
11.152,26.88239401,-0.07244013928,0.260312634,0.9268994687,0.251750914,0.2702040733,0.9604796446,6.295332155e-06,1.045056793e-05,0.07301024126,0.9225211479,0.004468610885,0,0
11.176,26.82466518,-0.07295957712,0.261037379,0.9262733148,0.2525475609,0.2710417184,0.9600846444,6.182106619e-06,9.149216032e-06,0.07346361317,0.9217625244,0.004773862426,0,0
11.2,26.76718375,-0.07348031729,0.2617626011,0.925647642,0.2533416229,0.2718805186,0.9596903329,6.067498344e-06,8.130513475e-06,0.0739190164,0.9210055352,0.005075448437,0,0
11.224,26.70994815,-0.07400218755,0.2624882427,0.9250228419,0.2541329209,0.2727203721,0.959297034,5.952480554e-06,7.314716808e-06,0.07437640137,0.9202507995,0.005372799124,0,0
11.248,26.65295679,-0.07452502512,0.26321425,0.9243992817,0.2549212969,0.2735611829,0.9589050525,5.837788219e-06,6.647910272e-06,0.07483572081,0.9194988997,0.005665379532,0,0
11.272,26.59620813,-0.07504867664,0.2639405728,0.9237773049,0.2557066131,0.2744028605,0.9585146743,5.723964553e-06,6.092942003e-06,0.07529692986,0.918750381,0.005952689169,0,0
11.296,26.5397006,-0.07557299823,0.2646671647,0.923157231,0.2564887505,0.2752453199,0.9581261672,5.611400395e-06,5.623635096e-06,0.07575998616,0.9180057523,0.006234261579,0,0
11.32,26.48343269,-0.07609785543,0.265393983,0.9225393561,0.2572676091,0.2760884819,0.95773978,5.500366817e-06,5.221133279e-06,0.07622484986,0.9172654863,0.006509663873,0,0
11.344,26.42740286,-0.07662312317,0.2661209888,0.9219239532,0.2580431062,0.2769322727,0.9573557437,5.391041693e-06,4.871569622e-06,0.0766914837,0.9165300201,0.006778496207,0,0
11.368,26.37160961,-0.07714868573,0.2668481466,0.9213112721,0.2588151764,0.2777766243,0.9569742712,5.283531071e-06,4.564551683e-06,0.07715985306,0.9157997557,0.007040391227,0,0
11.392,26.31605144,-0.0776744367,0.2675754245,0.9207015405,0.2595837703,0.2786214743,0.9565955575,5.177886199e-06,4.292156565e-06,0.07762992595,0.9150750606,0.00729501347,0,0
11.416,26.26072687,-0.07820027888,0.2683027944,0.9200949638,0.260348854,0.2794667656,0.9562197802,5.074116981e-06,4.048250215e-06,0.07810167312,0.9143562681,0.007542058737,0,0
11.44,26.20563444,-0.0787261242,0.2690302313,0.9194917254,0.2611104084,0.2803124471,0.9558471,4.972202534e-06,3.828017079e-06,0.07857506803,0.9136436785,0.007781253427,0,0
11.464,26.15077268,-0.07925189365,0.2697577139,0.918891988,0.2618684283,0.2811584729,0.9554776603,4.872099436e-06,3.627628989e-06,0.07905008689,0.9129375593,0.008012353849,0,0
11.488,26.09614015,-0.07977751716,0.270485224,0.9182958929,0.2626229216,0.2820048025,0.9551115882,4.773748122e-06,3.444007993e-06,0.07952670866,0.9122381458,0.008235145499,0,0
11.512,26.04173541,-0.08030293345,0.2712127467,0.9177035614,0.2633739089,0.2828514011,0.9547489945,4.677077825e-06,3.274653753e-06,0.0800049151,0.9115456426,0.008449442327,0,0
11.536,25.98755704,-0.08082808997,0.2719402703,0.917115095,0.2641214225,0.2836982388,0.9543899744,4.582010362e-06,3.117516085e-06,0.08048469074,0.9108602233,0.008655085968,0,0
11.56,25.93360363,-0.08135294269,0.2726677861,0.9165305755,0.2648655061,0.2845452914,0.9540346074,4.488463032e-06,2.970899547e-06,0.08096602287,0.9101820322,0.008851944962,0,0
11.584,25.87987379,-0.08187745598,0.2733952885,0.9159500662,0.2656062135,0.2853925394,0.953682958,4.396350798e-06,2.83339115e-06,0.08144890157,0.9095111845,0.009039913962,0,0
11.608,25.82636613,-0.08240160246,0.2741227746,0.9153736121,0.2663436084,0.2862399687,0.9533350761,4.305587929e-06,2.703804948e-06,0.08193331968,0.9088477674,0.009218912914,0,0
11.632,25.77307926,-0.08292536283,0.2748502446,0.9148012402,0.2670777638,0.2870875699,0.9529909973,4.216089216e-06,2.581139139e-06,0.08241927279,0.908191841,0.009388886243,0,0
11.656,25.72001184,-0.08344872567,0.2755777011,0.9142329607,0.267808761,0.2879353385,0.9526507433,4.127770855e-06,2.464542533e-06,0.08290675918,0.9075434388,0.009549802011,0,0
11.68,25.6671625,-0.08397168727,0.2763051494,0.9136687669,0.2685366892,0.2887832749,0.9523143226,4.040551081e-06,2.353288121e-06,0.08339577987,0.9069025691,0.009701651081,0,0
11.704,25.6145299,-0.08449425144,0.2770325973,0.9131086364,0.2692616449,0.2896313838,0.9519817305,3.954350606e-06,2.246752089e-06,0.08388633851,0.9062692152,0.009844446267,0,0
11.728,25.56211272,-0.08501642931,0.277760055,0.9125525311,0.2699837313,0.2904796747,0.9516529499,3.869092902e-06,2.14439704e-06,0.0843784414,0.9056433371,0.00997822148,0,0
11.752,25.50990963,-0.08553823912,0.2784875348,0.9120003982,0.2707030576,0.291328161,0.9513279517,3.784704385e-06,2.045758531e-06,0.08487209743,0.9050248717,0.01010303087,0,0
11.776,25.45791933,-0.08605970599,0.2792150516,0.9114521707,0.2714197386,0.2921768609,0.951006695,3.701114499e-06,1.950434215e-06,0.08536731803,0.904413734,0.01021894798,0,0
11.8,25.40614051,-0.08658086173,0.2799426218,0.910907768,0.272133894,0.293025796,0.9506891279,3.618255751e-06,1.858075096e-06,0.08586411714,0.903809818,0.01032606486,0,0
11.824,25.35457189,-0.08710174459,0.2806702642,0.9103670963,0.272845648,0.2938749923,0.9503751878,3.536063687e-06,1.768378501e-06,0.08636251114,0.9032129976,0.01042449125,0,0
11.848,25.30321219,-0.08762239907,0.2813979992,0.9098300495,0.2735551288,0.2947244795,0.9500648017,3.454476849e-06,1.681082477e-06,0.08686251881,0.9026231275,0.01051435368,0,0
11.872,25.25206014,-0.08814287562,0.2821258491,0.9092965099,0.2742624678,0.2955742906,0.9497578871,3.373436702e-06,1.59596143e-06,0.08736416127,0.9020400441,0.01059579467,0,0
11.896,25.20111449,-0.08866323046,0.2828538377,0.9087663481,0.2749677995,0.2964244624,0.9494543519,3.292887548e-06,1.512822848e-06,0.08786746192,0.9014635663,0.01066897182,0,0
11.92,25.15037399,-0.08918352534,0.2835819902,0.9082394247,0.2756712609,0.2972750349,0.9491540953,3.212776438e-06,1.431505058e-06,0.08837244638,0.9008934966,0.01073405704,0,0
11.944,25.09983741,-0.08970382725,0.2843103335,0.9077155898,0.2763729909,0.2981260511,0.9488570082,3.133053075e-06,1.351875987e-06,0.08887914238,0.900329622,0.01079123564,0,0
11.968,25.04950351,-0.09022420821,0.2850388956,0.9071946843,0.2770731301,0.2989775573,0.9485629735,3.053669727e-06,1.273833026e-06,0.08938757978,0.8997717146,0.01084070557,0,0
11.992,24.99937108,-0.09074474502,0.2857677058,0.9066765405,0.2777718201,0.2998296023,0.9482718666,2.974581139e-06,1.197304121e-06,0.08989779042,0.899219533,0.01088267655,0,0
12.016,24.94943891,-0.091265519,0.2864967942,0.9061609821,0.2784692033,0.3006822377,0.9479835561,2.89574446e-06,1.122250387e-06,0.09040980808,0.8986728226,0.01091736929,0,0
12.04,24.89970581,-0.09178661575,0.2872261923,0.9056478254,0.2791654226,0.3015355176,0.9476979038,2.817119179e-06,1.048670678e-06,0.09092366839,0.8981313169,0.01094501467,0,0
12.064,24.85017059,-0.09230812489,0.2879559321,0.9051368798,0.2798606208,0.3023894984,0.9474147657,2.738667073e-06,9.766087897e-07,0.09143940878,0.8975947383,0.01096585297,0,0
12.088,24.80083206,-0.09283013981,0.2886860466,0.9046279479,0.2805549401,0.3032442388,0.9471339919,2.660352184e-06,9.061643136e-07,0.09195706836,0.8970627986,0.01098013306,0,0
12.112,24.75168907,-0.09335275743,0.2894165693,0.9041208266,0.2812485223,0.3040997992,0.9468554274,2.582140803e-06,8.375086413e-07,0.09247668789,0.8965352004,0.01098811167,0,0
12.136,24.70274044,-0.09387607794,0.2901475343,0.9036153075,0.2819415079,0.3049562422,0.9465789126,2.504001491e-06,7.709082722e-07,0.09299830966,0.8960116377,0.0109900526,0,0
12.16,24.65398503,-0.09440020454,0.2908789762,0.9031111771,0.2826340362,0.3058136318,0.9463042833,2.425905125e-06,7.067583559e-07,0.09352197741,0.8954917966,0.010986226,0,0
12.184,24.6054217,-0.09492524324,0.2916109299,0.902608218,0.2833262447,0.3066720337,0.9460313716,2.347824983e-06,6.456299857e-07,0.09404773627,0.8949753561,0.01097690762,0,0
12.208,24.55704931,-0.09545130255,0.2923434307,0.9021062088,0.2840182691,0.3075315149,0.9457600061,2.269736872e-06,5.883341401e-07,0.09457563265,0.8944619892,0.01096237813,0,0
12.232,24.50886674,-0.09597849327,0.2930765139,0.9016049252,0.2847102428,0.3083921435,0.9454900123,2.191619315e-06,5.360005216e-07,0.09510571419,0.8939513635,0.01094292236,0,0
12.256,24.46087288,-0.09650692824,0.293810215,0.9011041398,0.2854022966,0.3092539888,0.9452212131,2.113453798e-06,4.90154814e-07,0.09563802962,0.8934431417,0.01091882867,0,0
12.28,24.41306661,-0.09703672213,0.2945445693,0.9006036234,0.2860945587,0.310117121,0.944953429,2.035225116e-06,4.527442368e-07,0.09617262874,0.892936983,0.01089038826,0,0
12.304,24.36544685,-0.09756799115,0.2952796122,0.9001031448,0.2867871544,0.3109816108,0.9446864788,1.956921814e-06,4.26010335e-07,0.09670956228,0.8924325432,0.01085789449,0,0
12.328,24.31801249,-0.09810085286,0.2960153788,0.8996024717,0.2874802058,0.3118475298,0.9444201797,1.878536781e-06,4.120920152e-07,0.09724888183,0.8919294759,0.01082164227,0,0
12.352,24.27076247,-0.09863542593,0.296751904,0.8991013711,0.2881738316,0.3127149497,0.944154348,1.800068019e-06,4.123836939e-07,0.09779063979,0.8914274328,0.01078192742,0,0
12.376,24.2236957,-0.0991718299,0.2974892223,0.8985996096,0.288868147,0.3135839429,0.9438887989,1.721519658e-06,4.269831318e-07,0.09833488922,0.8909260647,0.01073904605,0,0
12.4,24.17681113,-0.09971018499,0.2982273677,0.8980969539,0.2895632636,0.3144545815,0.9436233476,1.642903293e-06,4.546647201e-07,0.09888168381,0.8904250222,0.01069329402,0,0
12.424,24.13010769,-0.1002506119,0.2989663737,0.8975931713,0.2902592889,0.3153269379,0.9433578091,1.564239754e-06,4.933980625e-07,0.09943107777,0.8899239559,0.01064496629,0,0
12.448,24.08358435,-0.1007932314,0.2997062733,0.8970880301,0.2909563266,0.3162010844,0.9430919986,1.48556147e-06,5.409911227e-07,0.09998312575,0.8894225178,0.01059435643,0,0
12.472,24.03724006,-0.1013381645,0.3004470988,0.8965813001,0.2916544763,0.3170770928,0.9428257322,1.406915655e-06,5.955057647e-07,0.1005378828,0.8889203612,0.01054175604,0,0
12.496,23.99107378,-0.1018855319,0.3011888817,0.8960727526,0.2923538331,0.3179550347,0.9425588266,1.328368639e-06,6.554022074e-07,0.1010954041,0.8884171417,0.01048745425,0,0
12.52,23.9450845,-0.102435454,0.3019316528,0.8955621612,0.293054488,0.3188349811,0.9422911003,1.250011836e-06,7.195237132e-07,0.1016557452,0.8879125176,0.0104317372,0,0
12.544,23.89927121,-0.1029880505,0.3026754419,0.8950493021,0.2937565275,0.3197170025,0.9420223727,1.171970037e-06,7.870240539e-07,0.1022189617,0.8874061507,0.01037488758,0,0
12.568,23.85363288,-0.1035434406,0.303420278,0.8945339543,0.2944600336,0.3206011684,0.9417524657,1.09441311e-06,8.572903538e-07,0.1027851092,0.8868977067,0.01031718415,0,0
12.592,23.80816852,-0.1041017423,0.304166189,0.8940158997,0.2951650835,0.3214875476,0.9414812029,1.017572666e-06,9.298793921e-07,0.1033542433,0.8863868555,0.01025890127,0,0
12.616,23.76287714,-0.1046630726,0.3049132018,0.8934949242,0.2958717501,0.3223762079,0.9412084105,9.417660663e-07,1.004469902e-06,0.1039264194,0.8858732721,0.01020030853,0,0
12.64,23.71775775,-0.1052275473,0.3056613423,0.8929708172,0.2965801014,0.3232672159,0.9409339174,8.674312234e-07,1.080828313e-06,0.1045016929,0.8853566368,0.01014167028,0,0
12.664,23.67280938,-0.1057952805,0.3064106351,0.8924433722,0.2972902008,0.3241606371,0.9406575551,7.951770838e-07,1.158784541e-06,0.1050801187,0.8848366361,0.01008324528,0,0
12.688,23.62803105,-0.1063663852,0.3071611036,0.8919123873,0.2980021068,0.3250565358,0.9403791588,7.258559033e-07,1.238214924e-06,0.1056617514,0.8843129622,0.01002528633,0,0
12.712,23.58342181,-0.106940972,0.30791277,0.891377665,0.2987158735,0.3259549745,0.9400985665,6.606627957e-07,1.319030156e-06,0.1062466454,0.8837853147,0.009968039884,0,0
12.736,23.53898068,-0.1075191502,0.3086656553,0.8908390128,0.29943155,0.3268560148,0.9398156201,6.012603079e-07,1.401166681e-06,0.1068348544,0.8832533998,0.009911745773,0,0
12.76,23.49470674,-0.1081010266,0.3094197791,0.8902962433,0.3001491808,0.3277597163,0.9395301653,5.498991211e-07,1.484580497e-06,0.1074264316,0.8827169315,0.009856636856,0,0
12.784,23.45059903,-0.1086867063,0.3101751595,0.8897491744,0.3008688056,0.3286661371,0.9392420516,5.094431439e-07,1.569242662e-06,0.1080214297,0.8821756316,0.009802938745,0,0
12.808,23.40665662,-0.1092762916,0.3109318134,0.8891976297,0.3015904595,0.3295753336,0.9389511329,4.831166518e-07,1.655135977e-06,0.1086199005,0.88162923,0.009750869534,0,0
12.832,23.36287858,-0.1098698829,0.3116897562,0.8886414384,0.302314173,0.3304873603,0.9386572671,4.737955358e-07,1.742252543e-06,0.1092218953,0.8810774651,0.00970063955,0,0
12.856,23.319264,-0.1104675777,0.3124490019,0.8880804354,0.3030399721,0.3314022699,0.9383603169,4.829978861e-07,1.830591926e-06,0.1098274645,0.8805200844,0.009652451121,0,0
12.88,23.27581196,-0.1110694711,0.3132095628,0.8875144619,0.3037678782,0.3323201132,0.9380601494,5.102530978e-07,1.920159767e-06,0.1104366577,0.879956844,0.009606498371,0,0
12.904,23.23252154,-0.1116756553,0.3139714501,0.8869433654,0.3044979083,0.333240939,0.9377566366,5.534154234e-07,2.010966738e-06,0.1110495235,0.8793875095,0.009562967026,0,0
12.928,23.18939186,-0.11228622,0.314734673,0.8863669993,0.305230075,0.3341647941,0.9374496553,6.096084123e-07,2.103027738e-06,0.1116661096,0.8788118561,0.009522034249,0,0
12.952,23.14642202,-0.1129012516,0.3154992396,0.8857852238,0.3059643868,0.335091723,0.9371390872,6.760597643e-07,2.196361276e-06,0.1122864628,0.8782296687,0.009483868486,0,0
12.976,23.10361113,-0.1135208339,0.3162651562,0.8851979054,0.3067008479,0.3360217683,0.9368248192,7.504954964e-07,2.290989001e-06,0.1129106288,0.8776407419,0.009448629344,0,0
13,23.06095831,-0.1141450475,0.3170324277,0.8846049174,0.3074394583,0.3369549704,0.9365067434,8.311980708e-07,2.386935335e-06,0.1135386521,0.8770448805,0.009416467472,0,0
13.024,23.01846268,-0.1147739698,0.3178010572,0.8840061396,0.3081802143,0.3378913673,0.9361847571,9.169201611e-07,2.484227202e-06,0.1141705761,0.8764418994,0.009387524477,0,0
13.048,22.97612339,-0.1154076752,0.3185710466,0.8834014587,0.3089231082,0.3388309951,0.9358587628,1.006769946e-06,2.582893814e-06,0.1148064432,0.8758316239,0.009361932854,0,0
13.072,22.93393957,-0.1160462348,0.319342396,0.8827907678,0.3096681285,0.3397738873,0.9355286685,1.100112031e-06,2.682966514e-06,0.1154462945,0.8752138896,0.009339815929,0,0
13.096,22.89191035,-0.1166897165,0.3201151039,0.8821739673,0.3104152603,0.3407200753,0.9351943875,1.196492976e-06,2.784478663e-06,0.1160901697,0.8745885425,0.009321287829,0,0
13.12,22.85003491,-0.117338185,0.3208891675,0.8815509641,0.311164485,0.3416695882,0.9348558386,1.295588388e-06,2.887465559e-06,0.1167381075,0.873955439,0.009306453467,0,0
13.144,22.80831239,-0.1179917013,0.3216645824,0.8809216719,0.3119157807,0.3426224528,0.934512946,1.397166126e-06,2.99196439e-06,0.1173901451,0.8733144463,0.009295408549,0,0
13.168,22.76674195,-0.1186503236,0.3224413424,0.8802860113,0.3126691225,0.3435786935,0.9341656394,1.501060823e-06,3.098014203e-06,0.1180463186,0.8726654418,0.009288239591,0,0
13.192,22.72532277,-0.1193141064,0.3232194402,0.8796439095,0.3134244822,0.3445383324,0.9338138538,1.60715618e-06,3.205655901e-06,0.1187066625,0.8720083135,0.00928502396,0,0
13.216,22.68405403,-0.1199831009,0.3239988668,0.8789953006,0.3141818287,0.3455013895,0.9334575298,1.71537255e-06,3.314932251e-06,0.1193712102,0.8713429599,0.009285829934,0,0
13.24,22.64293489,-0.120657355,0.3247796117,0.8783401252,0.3149411282,0.3464678823,0.9330966133,1.825658141e-06,3.425887913e-06,0.1200399935,0.8706692897,0.009290716773,0,0
13.264,22.60196457,-0.1213369131,0.3255616631,0.8776783306,0.3157023443,0.3474378261,0.9327310557,1.937982723e-06,3.538569481e-06,0.120713043,0.8699872222,0.009299734807,0,0
13.288,22.56114223,-0.1220218163,0.3263450078,0.8770098706,0.3164654381,0.3484112338,0.9323608135,2.05233307e-06,3.653025533e-06,0.1213903878,0.8692966866,0.009312925547,0,0
13.312,22.5204671,-0.1227121026,0.3271296312,0.8763347053,0.3172303684,0.3493881162,0.9319858488,2.168709631e-06,3.769306696e-06,0.1220720557,0.8685976225,0.009330321801,0,0
13.336,22.47993836,-0.1234078063,0.3279155172,0.8756528014,0.3179970919,0.3503684819,0.9316061287,2.287124076e-06,3.887465722e-06,0.1227580731,0.8678899791,0.009351947816,0,0
13.36,22.43955524,-0.1241089587,0.3287026487,0.8749641315,0.3187655631,0.3513523373,0.9312216254,2.407597485e-06,4.007557578e-06,0.1234484649,0.8671737157,0.009377819422,0,0
13.384,22.39931695,-0.1248155878,0.3294910071,0.8742686745,0.3195357349,0.3523396865,0.9308323163,2.530158986e-06,4.129639535e-06,0.1241432547,0.8664488011,0.009407944203,0,0
13.408,22.3592227,-0.1255277182,0.3302805726,0.8735664151,0.3203075584,0.3533305318,0.9304381837,2.654844759e-06,4.253771283e-06,0.1248424647,0.8657152136,0.009442321673,0,0
13.432,22.31927174,-0.1262453717,0.3310713244,0.872857344,0.3210809833,0.3543248731,0.9300392146,2.781697286e-06,4.380015044e-06,0.1255461157,0.8649729408,0.009480943465,0,0
13.456,22.27946329,-0.1269685666,0.3318632404,0.8721414574,0.3218559578,0.3553227086,0.9296354012,2.910764805e-06,4.508435703e-06,0.1262542273,0.8642219792,0.009523793534,0,0
13.48,22.23979659,-0.1276973184,0.3326562975,0.871418757,0.3226324289,0.3563240343,0.9292267399,3.042100919e-06,4.639100948e-06,0.1269668174,0.8634623342,0.009570848374,0,0
13.504,22.20027088,-0.1284316396,0.3334504715,0.8706892499,0.3234103427,0.3573288444,0.9288132319,3.175764328e-06,4.772081423e-06,0.127683903,0.8626940197,0.009622077241,0,0
13.528,22.16088542,-0.1291715397,0.3342457373,0.8699529485,0.3241896443,0.3583371312,0.9283948826,3.311818657e-06,4.907450891e-06,0.1284054996,0.861917058,0.009677442388,0,0
13.552,22.12163946,-0.1299170255,0.3350420688,0.8692098697,0.324970278,0.3593488853,0.9279717018,3.450332364e-06,5.045286415e-06,0.1291316214,0.8611314793,0.009736899313,0,0
13.576,22.08253226,-0.1306681009,0.3358394391,0.8684600357,0.3257521878,0.3603640957,0.9275437033,3.591378716e-06,5.185668547e-06,0.1298622815,0.8603373215,0.009800397008,0,0
13.6,22.04356309,-0.1314247671,0.3366378204,0.867703473,0.3265353168,0.3613827494,0.927110905,3.735035821e-06,5.328681537e-06,0.1305974915,0.8595346302,0.009867878226,0,0
13.624,22.00473121,-0.132187023,0.3374371842,0.8669402124,0.3273196082,0.3624048321,0.9266733286,3.881386712e-06,5.474413559e-06,0.1313372623,0.8587234579,0.009939279748,0,0
13.648,21.9660359,-0.1329548646,0.3382375013,0.8661702891,0.3281050049,0.363430328,0.9262309993,4.030519476e-06,5.622956948e-06,0.1320816033,0.857903864,0.01001453266,0,0
13.672,21.92747645,-0.1337282859,0.3390387419,0.865393742,0.3288914498,0.3644592198,0.9257839458,4.182527419e-06,5.774408465e-06,0.1328305229,0.8570759144,0.01009356263,0,0
13.696,21.88905213,-0.1345072783,0.3398408754,0.8646106137,0.3296788859,0.365491489,0.9253322005,4.337509282e-06,5.928869578e-06,0.1335840286,0.8562396812,0.01017629021,0,0
13.72,21.85076224,-0.1352918313,0.3406438711,0.8638209506,0.3304672564,0.3665271157,0.9248757983,4.495569482e-06,6.086446765e-06,0.1343421265,0.8553952424,0.01026263111,0,0
13.744,21.81260608,-0.136081932,0.3414476974,0.8630248021,0.3312565051,0.3675660788,0.9244147776,4.6568184e-06,6.247251841e-06,0.1351048223,0.8545426812,0.01035249652,0,0
13.768,21.77458295,-0.136877566,0.3422523226,0.8622222205,0.3320465759,0.3686083564,0.9239491794,4.821372706e-06,6.411402319e-06,0.1358721204,0.8536820862,0.01044579337,0,0
13.792,21.73669214,-0.1376787166,0.3430577146,0.8614132612,0.3328374138,0.3696539254,0.9234790472,4.98935572e-06,6.57902179e-06,0.1366440246,0.8528135507,0.01054242469,0,0
13.816,21.69893298,-0.1384853656,0.343863841,0.860597982,0.3336289642,0.3707027618,0.9230044271,5.160897817e-06,6.750240343e-06,0.1374205376,0.8519371725,0.01064228985,0,0
13.84,21.66130477,-0.1392974933,0.3446706692,0.859776443,0.3344211734,0.371754841,0.9225253672,5.336136878e-06,6.925195019e-06,0.1382016618,0.8510530532,0.01074528492,0,0
13.864,21.62380684,-0.1401150783,0.3454781664,0.8589487063,0.3352139888,0.3728101375,0.9220419179,5.515218779e-06,7.104030297e-06,0.1389873987,0.8501612984,0.01085130295,0,0
13.888,21.58643851,-0.1409380982,0.3462862999,0.8581148359,0.3360073585,0.3738686253,0.9215541312,5.698297943e-06,7.286898634e-06,0.139777749,0.8492620167,0.01096023427,0,0
13.912,21.54919911,-0.1417665291,0.3470950368,0.8572748974,0.3368012322,0.3749302779,0.9210620608,5.885537934e-06,7.473961046e-06,0.1405727133,0.8483553198,0.01107196683,0,0
13.936,21.51208797,-0.1426003461,0.3479043443,0.8564289577,0.3375955604,0.3759950684,0.9205657619,6.077112119e-06,7.665387736e-06,0.1413722915,0.847441322,0.01118638646,0,0
13.96,21.47510444,-0.1434395234,0.3487141898,0.8555770846,0.3383902952,0.3770629696,0.920065291,6.273204391e-06,7.861358792e-06,0.1421764831,0.8465201397,0.01130337721,0,0
13.984,21.43824785,-0.1442840346,0.3495245408,0.8547193471,0.3391853899,0.3781339541,0.9195607055,6.474009965e-06,8.062064933e-06,0.1429852873,0.8455918911,0.01142282165,0,0
14.008,21.40151756,-0.1451338522,0.3503353649,0.8538558145,0.3399807993,0.3792079943,0.9190520637,6.67973625e-06,8.267708344e-06,0.143798703,0.8446566959,0.01154460111,0,0
14.032,21.36491291,-0.1459889487,0.3511466301,0.8529865566,0.3407764797,0.3802850628,0.9185394248,6.890603813e-06,8.47850357e-06,0.144616729,0.8437146749,0.01166859608,0,0
14.056,21.32843327,-0.1468492958,0.3519583048,0.8521116432,0.3415723891,0.3813651321,0.918022848,7.106847437e-06,8.69467851e-06,0.145439364,0.8427659496,0.01179468638,0,0
14.08,21.29207798,-0.1477148653,0.3527703576,0.8512311442,0.3423684869,0.3824481751,0.9175023933,7.328717285e-06,8.916475505e-06,0.1462666067,0.8418106418,0.01192275155,0,0
14.104,21.25584643,-0.1485856286,0.3535827577,0.8503451289,0.3431647344,0.3835341648,0.9169781204,7.556480193e-06,9.144152532e-06,0.1470984556,0.8408488733,0.01205267105,0,0
14.128,21.21973797,-0.1494615574,0.3543954747,0.8494536662,0.3439610945,0.3846230747,0.916450089,7.790421082e-06,9.377984519e-06,0.1479349097,0.8398807657,0.0121843246,0,0
14.152,21.18375198,-0.1503426236,0.3552084787,0.8485568242,0.3447575318,0.3857148789,0.9159183586,8.03084454e-06,9.618264797e-06,0.1487759679,0.8389064397,0.0123175924,0,0
14.176,21.14788784,-0.1512287992,0.3560217406,0.8476546697,0.3455540128,0.386809552,0.9153829881,8.278076556e-06,9.865306707e-06,0.1496216296,0.837926015,0.01245235541,0,0
14.2,21.11214493,-0.152120057,0.3568352317,0.8467472687,0.3463505057,0.3879070692,0.9148440358,8.532466459e-06,1.011944537e-05,0.1504718944,0.83693961,0.01258849562,0,0
14.224,21.07652264,-0.1530163701,0.3576489241,0.8458346854,0.3471469806,0.3890074066,0.9143015592,8.794389059e-06,1.038103965e-05,0.1513267625,0.8359473413,0.01272589626,0,0
14.248,21.04102035,-0.1539177126,0.3584627904,0.8449169824,0.3479434094,0.3901105412,0.9137556147,9.064247043e-06,1.065047433e-05,0.1521862344,0.8349493235,0.01286444211,0,0
14.272,21.00563747,-0.1548240594,0.3592768042,0.8439942206,0.3487397659,0.3912164508,0.9132062575,9.34247364e-06,1.092816258e-05,0.1530503115,0.8339456689,0.01300401964,0,0
14.296,20.97037339,-0.1557353864,0.3600909398,0.8430664587,0.3495360256,0.3923251145,0.9126535416,9.629535601e-06,1.121454861e-05,0.1539189956,0.8329364871,0.01314451732,0,0
14.32,20.93522751,-0.1566516709,0.3609051722,0.8421337531,0.350332166,0.3934365124,0.9120975193,9.925936532e-06,1.151011069e-05,0.1547922894,0.8319218848,0.01328582578,0,0
14.344,20.90019925,-0.1575728911,0.3617194774,0.841196158,0.3511281663,0.3945506258,0.9115382413,1.023222064e-05,1.181536457e-05,0.1556701964,0.8309019655,0.01342783806,0,0
14.368,20.865288,-0.1584990269,0.3625338322,0.8402537246,0.3519240077,0.3956674374,0.9109757565,1.054897694e-05,1.213086723e-05,0.1565527211,0.8298768291,0.01357044975,0,0
14.392,20.83049319,-0.1594300598,0.3633482143,0.8393065017,0.3527196731,0.3967869312,0.9104101118,1.087684399e-05,1.245722114e-05,0.1574398689,0.8288465718,0.01371355927,0,0
14.416,20.79581423,-0.1603659729,0.3641626022,0.838354535,0.3535151471,0.3979090928,0.9098413519,1.121651526e-05,1.279507903e-05,0.1583316462,0.8278112858,0.01385706795,0,0
14.44,20.76125055,-0.161306751,0.3649769756,0.8373978671,0.3543104161,0.3990339091,0.9092695193,1.156874516e-05,1.314514931e-05,0.1592280607,0.826771059,0.01400088027,0,0
14.464,20.72680158,-0.162252381,0.3657913148,0.8364365373,0.3551054683,0.4001613688,0.9086946542,1.193435596e-05,1.350820212e-05,0.1601291212,0.8257259747,0.01414490401,0,0
14.488,20.69246673,-0.1632028517,0.3666056013,0.8354705816,0.3559002935,0.4012914623,0.908116794,1.231424558e-05,1.388507631e-05,0.1610348378,0.8246761118,0.01428905038,0,0
14.512,20.65824545,-0.1641581542,0.3674198175,0.8345000323,0.3566948832,0.4024241815,0.9075359737,1.270939651e-05,1.427668722e-05,0.161945222,0.8236215438,0.01443323417,0,0
14.536,20.62413718,-0.1651182817,0.3682339467,0.8335249183,0.3574892303,0.4035595204,0.9069522255,1.312088606e-05,1.468403569e-05,0.1628602866,0.8225623395,0.01457737389,0,0
14.56,20.59014135,-0.16608323,0.3690479733,0.8325452646,0.3582833295,0.4046974745,0.9063655785,1.354989802e-05,1.510821818e-05,0.1637800461,0.821498562,0.01472139191,0,0
14.584,20.55625741,-0.167052997,0.3698618826,0.8315610923,0.3590771768,0.4058380416,0.905776059,1.399773613e-05,1.555043857e-05,0.1647045162,0.8204302693,0.01486521451,0,0
14.608,20.5224848,-0.1680275835,0.3706756608,0.8305724184,0.3598707697,0.4069812211,0.9051836903,1.446583966e-05,1.601202147e-05,0.1656337145,0.8193575134,0.01500877206,0,0
14.632,20.48882299,-0.1690069927,0.3714892952,0.8295792561,0.3606641072,0.4081270146,0.9045884923,1.495580137e-05,1.649442773e-05,0.1665676602,0.8182803407,0.01515199907,0,0
14.656,20.45527142,-0.1699912308,0.3723027739,0.8285816143,0.3614571893,0.4092754256,0.9039904818,1.546938841e-05,1.699927227e-05,0.1675063742,0.8171987915,0.01529483425,0,0
14.68,20.42182956,-0.1709803065,0.3731160861,0.8275794975,0.3622500175,0.4104264598,0.9033896722,1.600856667e-05,1.752834473e-05,0.1684498792,0.8161129001,0.01543722066,0,0
14.704,20.38849687,-0.1719742317,0.3739292219,0.8265729061,0.3630425944,0.411580125,0.9027860734,1.657552929e-05,1.808363347e-05,0.1693981996,0.8150226947,0.01557910567,0,0
14.728,20.35527281,-0.1729730211,0.3747421721,0.825561836,0.3638349236,0.4127364311,0.902179692,1.717273003e-05,1.866735355e-05,0.1703513618,0.813928197,0.01572044112,0,0
14.752,20.32215686,-0.1739766924,0.3755549286,0.8245462788,0.3646270098,0.41389539,0.9015705309,1.780292271e-05,1.928197945e-05,0.1713093942,0.8128294226,0.01586118328,0,0
14.776,20.28914848,-0.1749852664,0.376367484,0.8235262215,0.3654188587,0.415057016,0.9009585894,1.84692078e-05,1.993028342e-05,0.1722723268,0.8117263802,0.01600129292,0,0
14.8,20.25624716,-0.1759987673,0.377179832,0.8225016467,0.3662104767,0.4162213255,0.9003438633,1.917508769e-05,2.061538066e-05,0.1732401921,0.8106190725,0.01614073534,0,0
14.824,20.22345237,-0.1770172221,0.3779919668,0.8214725324,0.3670018711,0.4173883371,0.8997263444,1.992453276e-05,2.134078262e-05,0.1742130243,0.8095074953,0.01627948036,0,0
14.848,20.1907636,-0.1780406614,0.3788038836,0.820438852,0.3677930499,0.4185580716,0.8991060212,2.072206031e-05,2.211046024e-05,0.1751908598,0.8083916379,0.01641750236,0,0
14.872,20.15818034,-0.1790691189,0.3796155781,0.8194005744,0.3685840216,0.4197305522,0.8984828781,2.157282957e-05,2.292891902e-05,0.1761737369,0.8072714828,0.01655478025,0,0
14.896,20.12570207,-0.1801026316,0.3804270468,0.818357664,0.3693747953,0.420905804,0.8978568959,2.248275649e-05,2.380128858e-05,0.1771616964,0.8061470062,0.01669129747,0,0
14.92,20.09332828,-0.1811412399,0.381238287,0.8173100805,0.3701653805,0.4220838546,0.8972280516,2.345865279e-05,2.473342973e-05,0.1781547808,0.8050181772,0.01682704198,0,0
14.944,20.06105849,-0.1821849876,0.3820492965,0.816257779,0.3709557872,0.4232647335,0.8965963182,2.450839542e-05,2.573206282e-05,0.1791530352,0.8038849586,0.0169620062,0,0
14.968,20.02889217,-0.1832339219,0.3828600735,0.8152007104,0.3717460254,0.4244484728,0.8959616652,2.564113359e-05,2.680492185e-05,0.1801565067,0.8027473063,0.01709618701,0,0
14.992,19.99682884,-0.1842880933,0.383670617,0.8141388207,0.3725361054,0.4256351063,0.8953240581,2.686754263e-05,2.796093967e-05,0.1811652444,0.8016051699,0.01722958569,0,0
15.016,19.96486801,-0.1853475558,0.3844809264,0.8130720515,0.3733260375,0.4268246703,0.8946834587,2.82001361e-05,2.921047062e-05,0.1821793,0.8004584921,0.01736220786,0,0
15.04,19.93300918,-0.1864123667,0.3852910014,0.8120003403,0.3741158321,0.4280172032,0.8940398249,2.965365002e-05,3.05655573e-05,0.1831987271,0.7993072095,0.01749406344,0,0
15.064,19.90125186,-0.1874825868,0.3861008421,0.8109236199,0.3749054994,0.4292127452,0.893393111,3.124551556e-05,3.204024877e-05,0.1842235816,0.7981512518,0.01762516657,0,0
15.088,19.86959557,-0.1885582803,0.3869104491,0.8098418188,0.3756950493,0.430411339,0.8927432674,3.299643864e-05,3.365097614e-05,0.1852539218,0.7969905427,0.01775553552,0,0
15.112,19.83803984,-0.1896395147,0.387719823,0.8087548613,0.3764844916,0.4316130289,0.8920902411,3.493110466e-05,3.541698796e-05,0.1862898079,0.7958249994,0.01788519265,0,0
15.136,19.80658417,-0.1907263609,0.3885289648,0.8076626676,0.3772738356,0.4328178615,0.891433975,3.707902125e-05,3.736083904e-05,0.1873313026,0.7946545331,0.01801416428,0,0
15.16,19.7752281,-0.191818893,0.3893378754,0.8065651537,0.3780630901,0.4340258851,0.8907744087,3.947549478e-05,3.950890695e-05,0.1883784705,0.7934790488,0.01814248064,0,0
15.184,19.74397115,-0.1929171887,0.3901465561,0.8054622315,0.3788522633,0.4352371502,0.8901114783,4.216269304e-05,4.189187205e-05,0.1894313787,0.7922984456,0.01827017573,0,0
15.208,19.71281286,-0.1940213285,0.3909550079,0.8043538091,0.3796413629,0.4364517088,0.8894451161,4.519064979e-05,4.454502075e-05,0.1904900962,0.7911126166,0.01839728722,0,0
15.232,19.68175276,-0.1951313965,0.3917632321,0.8032397906,0.3804303956,0.437669615,0.8887752512,4.861785934e-05,4.750808717e-05,0.1915546943,0.7899214494,0.01852385638,0,0
15.256,19.65079038,-0.1962474798,0.3925712294,0.8021200765,0.3812193674,0.4388909244,0.8881018091,5.251068105e-05,5.082407946e-05,0.1926252462,0.7887248259,0.01864992789,0,0
15.28,19.61992526,-0.1973696686,0.3933790008,0.8009945637,0.3820082834,0.4401156943,0.8874247121,5.693991899e-05,5.453605106e-05,0.1937018276,0.7875226226,0.01877554979,0,0
15.304,19.58915695,-0.1984980561,0.3941865468,0.7998631453,0.3827971476,0.4413439837,0.8867438793,6.197131591e-05,5.867994686e-05,0.1947845158,0.7863147109,0.01890077333,0,0
15.328,19.55848499,-0.1996327387,0.3949938676,0.7987257113,0.383585963,0.4425758531,0.8860592265,6.764387519e-05,6.327037057e-05,0.1958733903,0.7851009568,0.01902565282,0,0
15.352,19.52790894,-0.2007738155,0.395800963,0.7975821481,0.3843747313,0.4438113645,0.8853706665,7.392593906e-05,6.82745671e-05,0.1969685328,0.7838812217,0.01915024554,0,0
15.376,19.49742833,-0.2019213885,0.3966078325,0.7964323393,0.3851634529,0.4450505813,0.884678109,8.063654895e-05,7.356939734e-05,0.1980700264,0.7826553619,0.01927461162,0,0
15.4,19.46704273,-0.2030755625,0.397414475,0.7952761651,0.3859521271,0.4462935682,0.8839814609,8.733000811e-05,7.888081686e-05,0.1991779566,0.7814232294,0.01939881394,0,0
15.424,19.43675169,-0.204236445,0.3982208887,0.7941135031,0.3867407515,0.4475403911,0.8832806262,9.319013693e-05,8.372398364e-05,0.2002924103,0.7801846716,0.01952291804,0,0
15.448,19.40655476,-0.2054041461,0.3990270712,0.7929442278,0.3875293224,0.4487911171,0.8825755062,9.707994331e-05,8.740064818e-05,0.2014134762,0.7789395318,0.019646992,0,0
15.472,19.37645153,-0.2065787785,0.3998330194,0.7917682114,0.3883178345,0.4500458144,0.8818659996,9.792813153e-05,8.914134791e-05,0.2025412447,0.7776876492,0.01977110615,0,0
15.496,19.34644153,-0.207760457,0.4006387294,0.7905853234,0.3891062808,0.4513045524,0.8811520024,9.534561454e-05,8.841403885e-05,0.2036758081,0.7764288592,0.0198953327,0,0
15.52,19.31652436,-0.2089492992,0.4014441965,0.7893954311,0.3898946525,0.4525674011,0.8804334085,8.991421876e-05,8.522266764e-05,0.2048172606,0.775162994,0.0200197454,0,0
15.544,19.28669956,-0.2101454246,0.4022494148,0.7881983995,0.3906829394,0.4538344315,0.8797101091,8.280704039e-05,8.012387e-05,0.205965698,0.7738898825,0.0201444195,0,0
15.568,19.25696673,-0.2113489549,0.4030543777,0.7869940915,0.391471129,0.4551057153,0.8789819935,7.516290199e-05,7.39369651e-05,0.2071212178,0.7726093503,0.0202694319,0,0
15.592,19.22732542,-0.212560014,0.4038590773,0.7857823683,0.3922592073,0.456381325,0.8782489487,6.77465221e-05,6.741074262e-05,0.2082839184,0.7713212205,0.02039486108,0,0
15.616,19.19777523,-0.2137787274,0.4046635046,0.7845630892,0.393047158,0.4576613336,0.87751086,6.0941737e-05,6.105842523e-05,0.2094538999,0.7700253131,0.02052078697,0,0
15.64,19.16831573,-0.2150052228,0.4054676494,0.783336112,0.3938349632,0.4589458144,0.8767676104,5.487696231e-05,5.515701674e-05,0.2106312636,0.7687214457,0.02064729075,0,0
15.664,19.1389465,-0.2162396292,0.4062715003,0.7821012931,0.3946226026,0.4602348413,0.8760190816,4.954477166e-05,4.981573666e-05,0.2118161116,0.7674094337,0.02077445462,0,0
15.688,19.10966713,-0.2174820774,0.4070750444,0.7808584877,0.395410054,0.4615284886,0.8752651533,4.487865922e-05,4.504612452e-05,0.2130085478,0.7660890906,0.02090236161,0,0
15.712,19.08047721,-0.2187326997,0.4078782675,0.7796075495,0.396197293,0.4628268305,0.8745057039,4.079390867e-05,4.081139305e-05,0.2142086767,0.7647602279,0.0210310954,0,0
15.736,19.05137633,-0.2199916297,0.4086811538,0.7783483318,0.3969842929,0.4641299415,0.8737406105,3.720665577e-05,3.705554247e-05,0.215416604,0.7634226558,0.02116074019,0,0
15.76,19.02236409,-0.2212590021,0.409483686,0.7770806868,0.397771025,0.4654378961,0.8729697486,3.404149725e-05,3.371864967e-05,0.2166324363,0.7620761832,0.0212913805,0,0
15.784,18.99344007,-0.222534953,0.4102858453,0.775804466,0.3985574581,0.4667507688,0.8721929929,3.123361937e-05,3.074405656e-05,0.2178562811,0.7607206178,0.02142310104,0,0
15.808,18.96460387,-0.2238196191,0.4110876111,0.7745195206,0.399343559,0.4680686337,0.8714102168,2.872853436e-05,2.808122132e-05,0.2190882467,0.7593557668,0.02155598655,0,0
15.832,18.9358551,-0.2251131384,0.411888961,0.7732257015,0.400129292,0.4693915649,0.870621293,2.648091785e-05,2.568640934e-05,0.2203284419,0.7579814364,0.02169012166,0,0
15.856,18.90719337,-0.2264156492,0.4126898709,0.7719228593,0.4009146189,0.4707196361,0.8698260932,2.445322813e-05,2.352239562e-05,0.2215769764,0.7565974329,0.02182559073,0,0
15.88,18.87861826,-0.2277272908,0.4134903151,0.7706108446,0.4016994995,0.4720529204,0.8690244886,2.261439334e-05,2.15577788e-05,0.2228339601,0.7552035622,0.0219624777,0,0
15.904,18.8501294,-0.2290482027,0.4142902655,0.7692895082,0.402483891,0.4733914905,0.8682163497,2.093866857e-05,1.976619968e-05,0.2240995037,0.7537996304,0.02210086596,0,0
15.928,18.82172639,-0.230378525,0.4150896924,0.7679587012,0.4032677482,0.4747354185,0.8674015469,1.940468329e-05,1.812559766e-05,0.2253737179,0.7523854439,0.02224083822,0,0
15.952,18.79340885,-0.2317183978,0.4158885641,0.7666182752,0.4040510236,0.4760847757,0.8665799498,1.799466616e-05,1.661755915e-05,0.2266567139,0.7509608097,0.02238247632,0,0
15.976,18.76517639,-0.2330679616,0.4166868466,0.7652680821,0.4048336671,0.4774396327,0.8657514282,1.669382348e-05,1.522677422e-05,0.2279486031,0.7495255357,0.02252586116,0,0
16,18.73702863,-0.2344273566,0.417484504,0.7639079748,0.4056156264,0.4788000591,0.8649158516,1.548984628e-05,1.394060122e-05,0.2292494968,0.7480794306,0.02267107255,0,0
16.024,18.70896518,-0.2357967232,0.4182814982,0.7625378071,0.4063968467,0.4801661237,0.8640730896,1.437252373e-05,1.274873343e-05,0.2305595066,0.7466223044,0.02281818904,0,0
16.048,18.68098567,-0.2371762013,0.4190777888,0.7611574335,0.4071772707,0.4815378942,0.8632230119,1.333344458e-05,1.164296184e-05,0.2318787437,0.7451539684,0.02296728786,0,0
16.072,18.65308972,-0.2385659305,0.4198733333,0.7597667098,0.4079568388,0.482915437,0.8623654885,1.236577217e-05,1.061703012e-05,0.2332073194,0.7436742358,0.02311844479,0,0
16.096,18.62527696,-0.23996605,0.420668087,0.7583654932,0.408735489,0.4842988174,0.8615003895,1.146408202e-05,9.666581291e-06,0.2345453447,0.7421829213,0.02327173401,0,0
16.12,18.59754702,-0.2413766984,0.4214620026,0.756953642,0.4095131567,0.4856880997,0.8606275859,1.062425365e-05,8.789197311e-06,0.2358929303,0.7406798417,0.02342722802,0,0
16.144,18.56989953,-0.2427980135,0.4222550306,0.7555310162,0.4102897752,0.4870833463,0.8597469488,9.843410224e-06,7.984530735e-06,0.2372501863,0.7391648161,0.02358499754,0,0
16.168,18.54233412,-0.2442301322,0.4230471193,0.7540974772,0.4110652754,0.4884846186,0.8588583503,9.119899313e-06,7.254514177e-06,0.2386172227,0.7376376659,0.02374511142,0,0
16.192,18.51485042,-0.2456731908,0.4238382143,0.7526528884,0.4118395857,0.4898919764,0.8579616628,8.453306322e-06,6.603597184e-06,0.2399941486,0.7360982148,0.02390763653,0,0
16.216,18.48744808,-0.2471273243,0.4246282588,0.7511971149,0.4126126322,0.4913054779,0.8570567599,7.844485743e-06,6.038882985e-06,0.2413810727,0.7345462897,0.02407263767,0,0
16.24,18.46012672,-0.2485926666,0.4254171938,0.7497300235,0.413384339,0.4927251796,0.8561435159,7.295583981e-06,5.569909344e-06,0.2427781027,0.7329817198,0.02424017751,0,0
16.264,18.43288601,-0.2500693503,0.4262049575,0.7482514832,0.4141546275,0.4941511365,0.8552218061,6.810009066e-06,5.207681669e-06,0.2441853458,0.7314043377,0.0244103165,0,0
16.288,18.40572556,-0.2515575069,0.4269914857,0.7467613653,0.4149234173,0.4955834018,0.854291507,6.392279457e-06,4.962600041e-06,0.2456029082,0.729813979,0.02458311285,0,0
16.312,18.37864505,-0.2530572663,0.4277767117,0.7452595429,0.4156906256,0.4970220268,0.853352496,6.047666681e-06,4.841416918e-06,0.2470308952,0.7282104824,0.02475862237,0,0
16.336,18.3516441,-0.2545687569,0.4285605664,0.7437458915,0.4164561673,0.4984670612,0.8524046518,5.781558542e-06,4.844321592e-06,0.2484694111,0.7265936904,0.02493689852,0,0
16.36,18.32472237,-0.2560921056,0.4293429777,0.742220289,0.4172199555,0.4999185524,0.8514478543,5.598543425e-06,4.963823889e-06,0.2499185591,0.7249634486,0.02511799231,0,0
16.384,18.29787952,-0.2576274374,0.4301238714,0.7406826155,0.4179819009,0.5013765464,0.8504819848,5.501362149e-06,5.186248383e-06,0.2513784413,0.7233196065,0.02530195225,0,0
16.408,18.27111519,-0.2591748757,0.4309031706,0.7391327538,0.4187419125,0.5028410868,0.8495069258,5.49003165e-06,5.494900723e-06,0.2528491586,0.721662017,0.02548882435,0,0
16.432,18.24442904,-0.2607345422,0.4316807956,0.7375705888,0.4194998971,0.5043122156,0.8485225613,5.561481883e-06,5.873161847e-06,0.2543308108,0.7199905371,0.02567865206,0,0
16.456,18.21782073,-0.2623065564,0.4324566644,0.7359960083,0.4202557594,0.5057899723,0.8475287768,5.709872422e-06,6.306430348e-06,0.2558234961,0.7183050276,0.02587147629,0,0
16.48,18.19128993,-0.2638910361,0.4332306922,0.7344089024,0.4210094025,0.5072743948,0.8465254592,5.927455669e-06,6.782852054e-06,0.2573273116,0.716605353,0.02606733535,0,0
16.504,18.16483628,-0.265488097,0.4340027918,0.7328091639,0.4217607276,0.5087655186,0.8455124967,6.205645389e-06,7.293270836e-06,0.2588423529,0.7148913821,0.02626626495,0,0
16.528,18.13845946,-0.2670978527,0.4347728733,0.7311966881,0.4225096338,0.5102633773,0.8444897794,6.53595754e-06,7.830835096e-06,0.2603687143,0.7131629875,0.02646829825,0,0
16.552,18.11215913,-0.2687204147,0.4355408442,0.729571373,0.4232560188,0.5117680024,0.8434571986,6.91064773e-06,8.390526805e-06,0.2619064883,0.7114200459,0.02667346579,0,0
16.576,18.08593497,-0.2703558925,0.4363066097,0.7279331191,0.4239997784,0.5132794232,0.8424146473,7.323033083e-06,8.968734165e-06,0.2634557663,0.7096624381,0.02688179558,0,0
16.6,18.05978663,-0.2720043932,0.437070072,0.7262818297,0.4247408067,0.5147976668,0.8413620202,7.767575665e-06,9.562905167e-06,0.2650166378,0.7078900491,0.02709331305,0,0
16.624,18.03371379,-0.2736660218,0.4378311312,0.7246174103,0.4254789963,0.5163227586,0.8402992132,8.239822291e-06,1.017128178e-05,0.2665891911,0.7061027678,0.02730804115,0,0
16.648,18.00771612,-0.2753408812,0.4385896847,0.7229397695,0.4262142382,0.5178547213,0.839226124,8.736276427e-06,1.079270162e-05,0.2681735125,0.7043004872,0.0275260003,0,0
16.672,17.98179331,-0.2770290718,0.4393456272,0.7212488179,0.4269464218,0.519393576,0.8381426516,9.254250483e-06,1.1426452e-05,0.2697696869,0.7024831046,0.02774720852,0,0
16.696,17.95594502,-0.2787306919,0.4400988513,0.7195444691,0.4276754352,0.5209393415,0.8370486968,9.791724405e-06,1.207216307e-05,0.2713777976,0.700650521,0.0279716814,0,0
16.72,17.93017093,-0.2804458376,0.4408492468,0.7178266387,0.4284011648,0.5224920346,0.8359441616,1.034722187e-05,1.272972982e-05,0.2729979263,0.6988026415,0.02819943221,0,0
16.744,17.90447074,-0.2821746026,0.4415967012,0.7160952451,0.429123496,0.52405167,0.8348289495,1.091970721e-05,1.339925503e-05,0.274630153,0.6969393751,0.02843047192,0,0
16.768,17.87884411,-0.2839170785,0.4423410995,0.7143502089,0.4298423125,0.5256182605,0.8337029654,1.150850206e-05,1.408100758e-05,0.2762745559,0.6950606348,0.02866480929,0,0
16.792,17.85329073,-0.2856733547,0.4430823245,0.7125914529,0.4305574969,0.5271918169,0.8325661156,1.211321941e-05,1.477539205e-05,0.277931212,0.6931663371,0.02890245093,0,0
16.816,17.8278103,-0.2874435182,0.4438202563,0.7108189022,0.4312689306,0.528772348,0.8314183076,1.273371188e-05,1.54829266e-05,0.2796001962,0.6912564024,0.02914340139,0,0
16.84,17.80240249,-0.2892276542,0.4445547729,0.7090324839,0.4319764936,0.5303598609,0.83025945,1.337003171e-05,1.620422704e-05,0.2812815822,0.6893307545,0.02938766324,0,0
16.864,17.77706701,-0.2910258454,0.4452857499,0.7072321274,0.4326800649,0.5319543606,0.8290894527,1.402239996e-05,1.693999563e-05,0.282975442,0.6873893209,0.02963523713,0,0
16.888,17.75180353,-0.2928381728,0.4460130607,0.7054177638,0.4333795222,0.5335558506,0.8279082267,1.469118316e-05,1.769101332e-05,0.284681846,0.6854320321,0.02988612193,0,0
16.912,17.72661175,-0.2946647152,0.4467365762,0.7035893261,0.4340747423,0.5351643326,0.8267156838,1.537687569e-05,1.845813493e-05,0.2864008631,0.6834588221,0.03014031481,0,0
16.936,17.70149138,-0.2965055494,0.4474561652,0.7017467491,0.4347656007,0.5367798064,0.8255117367,1.608008688e-05,1.924228636e-05,0.2881325608,0.6814696278,0.03039781134,0,0
16.96,17.6764421,-0.2983607505,0.4481716943,0.699889969,0.4354519721,0.5384022707,0.8242962991,1.680153174e-05,2.004446368e-05,0.2898770053,0.6794643891,0.03065860558,0,0
16.984,17.65146361,-0.3002303918,0.448883028,0.6980189237,0.4361337297,0.5400317222,0.8230692851,1.754202485e-05,2.086573365e-05,0.2916342613,0.6774430484,0.03092269025,0,0
17.008,17.62655562,-0.3021145448,0.4495900284,0.6961335522,0.4368107463,0.5416681566,0.8218306094,1.830247658e-05,2.17072355e-05,0.2934043922,0.6754055511,0.03119005679,0,0
17.032,17.60171783,-0.3040132794,0.4502925556,0.694233795,0.4374828931,0.5433115678,0.8205801874,1.908389151e-05,2.257018385e-05,0.2951874601,0.6733518444,0.0314606955,0,0
17.056,17.57694993,-0.3059266641,0.4509904677,0.6923195934,0.4381500407,0.5449619489,0.8193179344,1.988736858e-05,2.34558726e-05,0.2969835262,0.6712818781,0.0317345957,0,0
17.08,17.55225164,-0.3078547659,0.4516836205,0.6903908896,0.4388120586,0.5466192916,0.8180437661,2.071410286e-05,2.436567985e-05,0.2987926503,0.6691956039,0.03201174578,0,0
17.104,17.52762266,-0.3097976506,0.4523718678,0.6884476268,0.4394688152,0.5482835864,0.8167575983,2.156538874e-05,2.530107371e-05,0.3006148915,0.6670929751,0.03229213341,0,0
17.128,17.5030627,-0.3117553828,0.4530550614,0.6864897484,0.4401201781,0.549954823,0.8154593465,2.244262445e-05,2.62636191e-05,0.3024503079,0.6649739465,0.03257574564,0,0
17.152,17.47857148,-0.3137280261,0.453733051,0.6845171985,0.4407660135,0.5516329903,0.814148926,2.334731791e-05,2.725498553e-05,0.3042989565,0.6628384744,0.03286256905,0,0
17.176,17.4541487,-0.3157156433,0.4544056844,0.6825299212,0.4414061871,0.5533180762,0.8128262516,2.42810939e-05,2.827695589e-05,0.3061608941,0.6606865161,0.03315258986,0,0
17.2,17.42979407,-0.3177182964,0.4550728073,0.6805278608,0.442040563,0.5550100682,0.8114912375,2.524570242e-05,2.933143642e-05,0.3080361764,0.6585180295,0.0334457941,0,0
17.224,17.40550732,-0.3197360468,0.4557342633,0.6785109613,0.4426690047,0.556708953,0.8101437973,2.624302864e-05,3.042046785e-05,0.309924859,0.6563329732,0.03374216777,0,0
17.248,17.38128815,-0.3217689555,0.4563898941,0.6764791665,0.4432913742,0.558414717,0.8087838433,2.727510413e-05,3.154623788e-05,0.3118269969,0.6541313061,0.03404169694,0,0
17.272,17.35713629,-0.3238170834,0.4570395395,0.6744324195,0.4439075326,0.5601273464,0.8074112868,2.834411977e-05,3.271109519e-05,0.313742645,0.6519129871,0.03434436792,0,0
17.296,17.33305146,-0.3258804912,0.4576830372,0.6723706629,0.4445173396,0.561846827,0.8060260377,2.945244046e-05,3.39175651e-05,0.3156718579,0.6496779746,0.03465016743,0,0
17.32,17.30903337,-0.3279592397,0.4583202228,0.670293838,0.4451206537,0.5635731448,0.8046280045,3.060262166e-05,3.516836705e-05,0.3176146904,0.6474262268,0.03495908272,0,0
17.344,17.28508176,-0.3300533901,0.45895093,0.6682018852,0.445717332,0.5653062855,0.8032170936,3.179742821e-05,3.64664343e-05,0.3195711974,0.6451577008,0.03527110174,0,0
17.368,17.26119634,-0.3321630041,0.4595749903,0.6660947435,0.4463072305,0.5670462353,0.8017932098,3.303985549e-05,3.781493587e-05,0.3215414341,0.6428723527,0.03558621326,0,0
17.392,17.23737684,-0.334288144,0.4601922334,0.66397235,0.4468902032,0.5687929807,0.8003562553,3.433315348e-05,3.921730135e-05,0.3235254561,0.6405701369,0.03590440706,0,0
17.416,17.21362299,-0.3364288732,0.4608024866,0.6618346404,0.447466103,0.5705465085,0.79890613,3.568085386e-05,4.06772487e-05,0.3255233197,0.6382510063,0.03622567408,0,0
17.44,17.18993452,-0.3385852561,0.4614055752,0.6596815481,0.4480347808,0.5723068063,0.7974427313,3.708680077e-05,4.219881563e-05,0.3275350819,0.6359149115,0.03655000654,0,0
17.464,17.16631115,-0.3407573586,0.4620013224,0.6575130043,0.448596086,0.5740738622,0.7959659535,3.85551857e-05,4.378639503e-05,0.3295608008,0.6335618011,0.03687739812,0,0
17.488,17.14275263,-0.3429452479,0.4625895489,0.6553289376,0.4491498658,0.5758476654,0.7944756878,4.009058716e-05,4.544477503e-05,0.3316005354,0.6311916205,0.0372078441,0,0
17.512,17.11925868,-0.3451489933,0.4631700733,0.653129274,0.4496959657,0.577628206,0.7929718218,4.169801577e-05,4.717918444e-05,0.3336543461,0.6288043124,0.03754134152,0,0
17.536,17.09582904,-0.3473686659,0.4637427118,0.6509139365,0.450234229,0.5794154751,0.7914542397,4.338296582e-05,4.899534433e-05,0.3357222947,0.626399816,0.03787788932,0,0
17.56,17.07246344,-0.3496043394,0.464307278,0.6486828447,0.4507644964,0.5812094653,0.7899228217,4.515147412e-05,5.08995268e-05,0.3378044446,0.6239780669,0.03821748851,0,0
17.584,17.04916162,-0.3518560898,0.4648635832,0.6464359151,0.4512866067,0.5830101705,0.7883774437,4.701018756e-05,5.289862195e-05,0.3399008612,0.6215389965,0.0385601423,0,0
17.608,17.02592333,-0.3541239958,0.465411436,0.6441730603,0.4518003957,0.5848175862,0.7868179771,4.896644055e-05,5.500021444e-05,0.3420116116,0.6190825322,0.03890585626,0,0
17.632,17.0027483,-0.3564081394,0.4659506421,0.641894189,0.4523056965,0.5866317096,0.7852442887,5.102834442e-05,5.721267118e-05,0.3441367653,0.6166085962,0.03925463846,0,0
17.656,16.97963627,-0.3587086056,0.4664810045,0.6395992057,0.4528023395,0.5884525396,0.7836562401,5.320489039e-05,5.9545242e-05,0.3462763941,0.6141171062,0.03960649964,0,0
17.68,16.95658699,-0.3610254832,0.4670023232,0.6372880107,0.4532901518,0.5902800771,0.7820536876,5.550606892e-05,6.200817537e-05,0.3484305725,0.6116079742,0.03996145333,0,0
17.704,16.9336002,-0.3633588646,0.467514395,0.6349604995,0.4537689571,0.5921143252,0.780436482,5.794300805e-05,6.461285168e-05,0.3505993774,0.6090811066,0.040319516,0,0
17.728,16.91067565,-0.3657088464,0.4680170137,0.6326165628,0.4542385757,0.5939552891,0.7788044679,6.052813424e-05,6.737193707e-05,0.3527828891,0.6065364037,0.04068070722,0,0
17.752,16.88781309,-0.3680755294,0.4685099692,0.6302560861,0.454698824,0.5958029763,0.7771574838,6.327535997e-05,7.029956119e-05,0.3549811906,0.6039737596,0.04104504982,0,0
17.776,16.86501226,-0.3704590191,0.4689930483,0.6278789497,0.4551495145,0.597657397,0.7754953617,6.620030266e-05,7.341152274e-05,0.3571943685,0.6013930615,0.04141256997,0,0
17.8,16.84227292,-0.3728594259,0.4694660336,0.6254850283,0.4555904554,0.5995185637,0.7738179267,6.932054102e-05,7.672552747e-05,0.359422513,0.5987941896,0.04178329741,0,0
17.824,16.81959482,-0.3752768651,0.4699287041,0.6230741908,0.4560214504,0.6013864917,0.7721249966,7.265591543e-05,8.026146365e-05,0.3616657177,0.5961770168,0.0421572655,0,0
17.848,16.7969777,-0.3777114576,0.4703808342,0.6206462999,0.4564422983,0.6032611992,0.7704163817,7.622888045e-05,8.404172067e-05,0.3639240803,0.5935414083,0.04253451145,0,0
17.872,16.77442133,-0.38016333,0.4708221943,0.6182012122,0.4568527931,0.6051427072,0.7686918845,8.00649186e-05,8.809155691e-05,0.3661977025,0.5908872211,0.0429150764,0,0
17.896,16.75192546,-0.3826326147,0.4712525497,0.6157387779,0.4572527231,0.6070310399,0.7669512992,8.419302598e-05,9.243952285e-05,0.3684866905,0.5882143039,0.04329900559,0,0
17.92,16.72948984,-0.3851194502,0.4716716611,0.6132588403,0.4576418711,0.6089262245,0.7651944115,8.86462811e-05,9.711794504e-05,0.3707911547,0.5855224968,0.04368634849,0,0
17.944,16.70711424,-0.3876239818,0.4720792838,0.6107612359,0.4580200139,0.6108282913,0.7634209981,9.346250867e-05,0.0001021634746,0.3731112102,0.5828116308,0.04407715894,0,0
17.968,16.68479842,-0.3901463612,0.4724751678,0.608245794,0.4583869219,0.6127372743,0.7616308266,9.868504938e-05,0.0001076176998,0.3754469771,0.5800815276,0.04447149531,0,0
17.992,16.66254213,-0.3926867472,0.4728590571,0.6057123366,0.4587423586,0.6146532106,0.7598236547,0.000104363643,0.0001135278151,0.3777985802,0.5773319992,0.04486942061,0,0
18.016,16.64034514,-0.3952453058,0.4732306898,0.6031606781,0.4590860808,0.6165761409,0.7579992303,0.0001105554237,0.0001199473252,0.3801661497,0.5745628476,0.04527100265,0,0
18.04,16.61820721,-0.3978222107,0.4735897972,0.6005906252,0.4594178376,0.6185061094,0.7561572909,0.0001173260107,0.0001269367387,0.3825498211,0.5717738647,0.04567631421,0,0
18.064,16.5961281,-0.400417643,0.4739361042,0.5980019766,0.4597373701,0.6204431639,0.754297563,0.0001247506434,0.0001345641662,0.3849497352,0.5689648317,0.04608543312,0,0
18.088,16.57410759,-0.403031792,0.4742693282,0.5953945229,0.4600444115,0.6223873561,0.7524197621,0.0001329152556,0.0001429056711,0.3873660387,0.5661355189,0.04649844246,0,0
18.112,16.55214543,-0.4056648553,0.474589179,0.5927680463,0.4603386858,0.6243387411,0.7505235922,0.0001419172775,0.0001520451103,0.3897988838,0.5632856855,0.04691543067,0,0
18.136,16.5302414,-0.4083170388,0.4748953587,0.5901223206,0.4606199082,0.6262973781,0.748608745,0.0001518657802,0.0001620730293,0.3922484289,0.5604150793,0.04733649173,0,0
18.16,16.50839526,-0.4109885571,0.4751875606,0.5874571107,0.4608877841,0.62826333,0.7466749001,0.0001628802745,0.000173083899,0.3947148384,0.5575234364,0.04776172528,0,0
18.184,16.4866068,-0.4136796339,0.4754654693,0.5847721729,0.4611420086,0.6302366634,0.7447217241,0.0001750869829,0.0001851705652,0.3971982826,0.5546104806,0.0481912368,0,0
18.208,16.46487577,-0.4163905019,0.4757287598,0.5820672544,0.4613822665,0.6322174491,0.7427488703,0.0001886106133,0.0001984141902,0.3996989385,0.5516759238,0.04862513775,0,0
18.232,16.44320195,-0.4191214032,0.4759770973,0.5793420931,0.461608231,0.6342057614,0.7407559785,0.0002035584915,0.0002128672037,0.4022169892,0.548719465,0.04906354577,0,0
18.256,16.42158512,-0.4218725894,0.4762101367,0.5765964177,0.4618195639,0.6362016787,0.7387426741,0.000219992358,0.0002285260112,0.4047526244,0.5457407907,0.04950658487,0,0
18.28,16.40002505,-0.424644322,0.4764275218,0.5738299475,0.4620159145,0.6382052834,0.7367085678,0.00023788161,0.0002452899779,0.4073060403,0.5427395741,0.04995438563,0,0
18.304,16.37852153,-0.4274368722,0.4766288847,0.5710423921,0.4621969193,0.6402166614,0.7346532555,0.0002570317219,0.000262904789,0.4098774396,0.5397154749,0.05040708551,0,0
18.328,16.35707431,-0.4302505217,0.4768138456,0.5682334515,0.4623622012,0.6422359027,0.7325763171,0.0002769865635,0.0002808940868,0.4124670315,0.5366681393,0.0508648292,0,0
18.352,16.3356832,-0.433085562,0.4769820116,0.5654028157,0.4625113688,0.6442631011,0.7304773168,0.0002969197011,0.0002984962616,0.4150750316,0.5335971994,0.05132776897,0,0
18.376,16.31434795,-0.4359422955,0.4771329765,0.562550165,0.4626440163,0.646298354,0.7283558018,0.000315563262,0.0003146436593,0.4177016619,0.530502273,0.05179606512,0,0
18.4,16.29306837,-0.4388210349,0.4772663201,0.5596751696,0.4627597218,0.6483417624,0.7262113023,0.0003312647185,0.0003280390119,0.4203471507,0.5273829632,0.05226988612,0,0
18.424,16.27184422,-0.4417221036,0.4773816069,0.5567774896,0.4628580475,0.6503934313,0.7240433309,0.0003422660918,0.0003373715432,0.4230117326,0.5242388589,0.0527494085,0,0
18.448,16.2506753,-0.4446458362,0.4774783862,0.5538567748,0.4629385385,0.6524534688,0.7218513819,0.00034719552,0.0003416453502,0.4256956495,0.5210695342,0.05323481631,0,0
18.472,16.22956139,-0.4475925778,0.4775561906,0.5509126651,0.4630007222,0.6545219866,0.7196349306,0.0003455598113,0.0003404883183,0.4283991503,0.5178745492,0.05372630046,0,0
18.496,16.20850227,-0.4505626849,0.4776145356,0.5479447898,0.4630441071,0.6565990997,0.717393433,0.0003379251875,0.0003342696817,0.4311224919,0.5146534495,0.05422405865,0,0
18.52,16.18749773,-0.4535565249,0.4776529186,0.544952768,0.4630681826,0.6586849262,0.7151263253,0.0003256604216,0.0003239550692,0.433865938,0.5114057661,0.05472829594,0,0
18.544,16.16654756,-0.4565744766,0.4776708179,0.5419362086,0.4630724177,0.6607795873,0.7128330226,0.0003104353214,0.0003107942663,0.4366297593,0.5081310148,0.0552392259,0,0
18.54965834,16.16161616,-0.4572895559,0.4776719956,0.5412213943,0.4630704664,0.6612747336,0.7122884629,0.0003065873377,0.0003074134561,0.4372843673,0.5073549489,0.0553606838,0,0
18.568,16.14565155,-0.4596169299,0.477667692,0.5388947101,0.4630562598,0.6628832071,0.7105129192,0.000293778284,0.000296012258,0.4394142326,0.5048286959,0.05575707153,0,0
18.592,16.12480949,-0.462684286,0.4776429786,0.5358278606,0.4630191347,0.6649959124,0.7081653869,0.0002768507506,0.0002806163307,0.4422196401,0.501498294,0.05628206595,0,0
18.616,16.10402116,-0.4657769574,0.4775960932,0.532735238,0.4629604444,0.6671178324,0.7057897753,0.0002604161789,0.0002653323803,0.4450462701,0.4981392773,0.05681445267,0,0
18.64,16.08328637,-0.4688953679,0.4775264286,0.52961641,0.4628795671,0.6692490987,0.7033854103,0.0002449107188,0.0002506264241,0.447894416,0.4947510982,0.05735448575,0,0
18.664,16.06260491,-0.4720399525,0.4774333536,0.5264709341,0.4627758556,0.6713898449,0.7009515939,0.0002305395342,0.0002367617671,0.450764377,0.491333193,0.05790242999,0,0
18.688,16.04197656,-0.4752111576,0.4773162114,0.5232983576,0.4626486361,0.6735402067,0.698487603,0.0002173610223,0.000223859795,0.4536564573,0.4878849816,0.0584585611,0,0
18.712,16.02140113,-0.4784094405,0.4771743192,0.520098218,0.4624972073,0.6757003209,0.695992689,0.0002053482843,0.0002119503076,0.4565709659,0.4844058681,0.05902316601,0,0
18.736,16.00087842,-0.4816352696,0.4770069664,0.5168700429,0.4623208393,0.6778703261,0.6934660768,0.0001944296461,0.0002010082546,0.4595082167,0.4808952401,0.05959654319,0,0
18.76,15.98040821,-0.4848891243,0.4768134132,0.51361335,0.4621187718,0.6800503613,0.6909069637,0.0001845135867,0.0001909785369,0.4624685438,0.4773525015,0.06017895472,1.579253624e-08,3.252958383e-08
18.784,15.95999031,-0.4881714947,0.4765928898,0.5103276478,0.4618902131,0.6822405667,0.688314519,0.0001755032178,0.0001817918375,0.4654522554,0.4737769627,0.06077078188,3.378084011e-08,5.262068201e-08
18.808,15.93962452,-0.4914828814,0.4763445943,0.5070124353,0.4616343388,0.6844410824,0.6856878826,0.0001673041871,0.0001733742534,0.4684597789,0.470168034,0.06137218713,1.556500552e-07,1.316201592e-07
18.832,15.91931064,-0.4948237955,0.4760676918,0.5036672024,0.4613502903,0.6866520485,0.6830261643,0.0001598286188,0.0001656528623,0.4714914795,0.4665308795,0.06197764102,4.182268218e-07,6.110907153e-06
18.856,15.89904847,-0.4981947581,0.4757613122,0.5002914303,0.4610371731,0.6888736047,0.6803284429,0.0001529967556,0.0001585587228,0.4745469761,0.4628471343,0.06260588961,1.094861357e-07,3.189354079e-07
18.88,15.87883782,-0.5015963003,0.4754245493,0.4968845917,0.4606940552,0.6911058895,0.6775937647,0.000146737317,0.0001520283021,0.4776274634,0.4591334459,0.06323909073,9.130090742e-08,1.127900297e-07
18.904,15.85867848,-0.5050289624,0.4750564584,0.4934461512,0.4603199659,0.6933490402,0.674821143,0.0001409871823,0.0001460039733,0.4807329718,0.4553836627,0.06388336548,6.038194087e-08,6.627841334e-08
18.92439891,15.84158416,-0.507971446,0.474718234,0.490498382,0.4599769031,0.6952642603,0.6724339478,0.0001364585164,0.0001412426392,0.4833924546,0.4521674851,0.06444006034,4.43323644e-08,5.097264075e-08
18.928,15.83857027,-0.5084932942,0.474656055,0.4899755654,0.4599138934,0.6956031921,0.6720095565,0.00013569075,0.0001404339826,0.4838638617,0.4515969141,0.06453922413,4.246331081e-08,5.042762299e-08
18.952,15.81851298,-0.511989854,0.4742223127,0.4864722837,0.4594747836,0.6978684779,0.6691579482,0.0001307991714,0.0001352721326,0.4870204645,0.4477724271,0.06520710843,3.493746058e-08,4.92159782e-08
18.976,15.79850643,-0.5155192082,0.4737541612,0.4829357488,0.4590015377,0.7001450274,0.6662652243,0.00012626957,0.0001304773311,0.4902031082,0.4439093995,0.06588749233,3.29203794e-08,3.335890407e-08
19,15.77855042,-0.5190819314,0.4732504845,0.4793653968,0.4584930106,0.7024329666,0.6633302529,0.0001220642999,0.0001260130902,0.4934121204,0.4400070698,0.06658080988,3.293411269e-08,2.948685918e-08
19.024,15.75864476,-0.5226786048,0.4727101183,0.4757606581,0.4579480085,0.7047324172,0.6603518625,0.0001181502703,0.0001218470268,0.4966478255,0.4360646248,0.06728754974,3.168446797e-08,2.756641714e-08
19.048,15.73878927,-0.5263098165,0.4721318483,0.4721209582,0.457365287,0.7070434959,0.6573288408,0.0001144983444,0.00011795039,0.4999105468,0.4320812453,0.06800820797,2.849518683e-08,2.645064999e-08
19.072,15.71898375,-0.5299761603,0.4715144074,0.4684457178,0.4567435486,0.7093663136,0.6542599328,0.0001110828118,0.0001142976274,0.5032006043,0.4280560986,0.06874329713,2.507725273e-08,2.58086258e-08
19.096,15.69922801,-0.5336782349,0.4708564735,0.4647343544,0.4560814401,0.7117009744,0.6511438399,0.0001078809306,0.0001108659951,0.5065183111,0.423988338,0.06949335096,2.24095805e-08,2.545434944e-08
19.12,15.67952186,-0.5374166433,0.4701566665,0.4609862825,0.4553775508,0.7140475752,0.6479792176,0.0001048725316,0.0001076352121,0.5098639711,0.4198771033,0.07025892569,2.047016684e-08,2.520618997e-08
19.144,15.65986513,-0.5411919917,0.4694135462,0.4572009148,0.4546304091,0.716406204,0.6447646744,0.0001020396771,0.0001045871557,0.5132378786,0.4157215212,0.07104060027,1.897662197e-08,2.486160126e-08
19.168,15.64025762,-0.5450048883,0.4686256088,0.4533776632,0.4538384799,0.71877694,0.6414987695,9.936636777e-05,0.0001017055944,0.516640317,0.4115207059,0.07183897708,1.770173008e-08,2.4238453e-08
19.192,15.62069915,-0.5488559424,0.4677912842,0.4495159401,0.453000162,0.7211598513,0.6381800115,9.683829023e-05,9.897595531e-05,0.520071557,0.4072737601,0.07265468284,1.652684058e-08,2.32451738e-08
19.216,15.60118953,-0.5527457631,0.466908933,0.4456151592,0.4521137845,0.7235549947,0.6348068559,9.444260026e-05,9.638512113e-05,0.5235318547,0.4029797755,0.07348836975,1.541581365e-08,2.191731945e-08
19.24,15.58172859,-0.5566749578,0.4659768428,0.4416747376,0.4511776043,0.7259624141,0.6313777035,9.216773564e-05,9.392125309e-05,0.5270214495,0.3986378337,0.0743407168,1.437467184e-08,2.03849551e-08
19.264,15.56231613,-0.5606441305,0.464993225,0.4376940966,0.4501898018,0.728382139,0.627890898,9.00032548e-05,9.157363692e-05,0.5305405619,0.394247007,0.07521243112,1.34208626e-08,1.880159215e-08
19.288,15.54295199,-0.5646538807,0.4639562109,0.4336726636,0.449148478,0.7308141834,0.624344724,8.793969716e-05,8.93325484e-05,0.5340893909,0.3898063597,0.0761042494,1.256768165e-08,1.72889753e-08
19.312,15.52363598,-0.5687048009,0.4628638481,0.429609874,0.4480516506,0.7332585441,0.6207374046,8.596846205e-05,8.718913589e-05,0.5376681117,0.3853149489,0.07701693939,1.181997081e-08,1.591909666e-08
19.336,15.50436791,-0.572797475,0.4617140964,0.4255051732,0.4468972499,0.7357151991,0.6170670987,8.408170332e-05,8.513531755e-05,0.5412768724,0.3807718263,0.07795130132,1.117529023e-08,1.472170308e-08
19.36,15.48514762,-0.576932476,0.4605048232,0.4213580185,0.4456831146,0.7381841057,0.6133318991,8.227223746e-05,8.316369124e-05,0.5449157914,0.376176039,0.0789081696,1.062659425e-08,1.3699529e-08
19.384,15.46597493,-0.5811103634,0.4592337995,0.4171678819,0.4444069878,0.740665199,0.6095298291,8.053346303e-05,8.126745517e-05,0.5485849536,0.371526632,0.07988841439,1.016461703e-08,1.284143926e-08
19.408,15.44684965,-0.5853316808,0.4578986948,0.4129342524,0.443066512,0.7431583891,0.6056588403,7.885928998e-05,7.94403381e-05,0.5522844073,0.3668226493,0.08089294346,9.779493092e-09,1.213099906e-08
19.432,15.42777161,-0.5895969528,0.4564970726,0.4086566389,0.4416592243,0.7456635596,0.6017168095,7.724407708e-05,7.767653738e-05,0.5560141595,0.3620631364,0.08192270407,9.461685426e-09,1.155120727e-08
19.456,15.40874065,-0.5939066819,0.4550263845,0.4043345733,0.4401825515,0.7481805648,0.5977015357,7.568257662e-05,7.597066418e-05,0.5597741724,0.3572471426,0.08297868496,9.202431394e-09,1.108676852e-08
19.48,15.38975657,-0.5982613449,0.4534839654,0.3999676143,0.4386338046,0.7507092272,0.5936107369,7.416988497e-05,7.431769445e-05,0.5635643583,0.3523737233,0.08406191848,8.993897125e-09,1.072500389e-08
19.504,15.37081922,-0.6026613891,0.4518670274,0.3955553508,0.4370101732,0.7532493348,0.5894420472,7.270139839e-05,7.271292522e-05,0.5673845744,0.3474419427,0.08517348285,8.829174928e-09,1.04560967e-08
19.528,15.35192841,-0.6071072278,0.4501726535,0.3910974062,0.4353087193,0.7558006378,0.5851930128,7.127277309e-05,7.115193516e-05,0.5712346178,0.3424508776,0.08631450457,8.702207844e-09,1.027306744e-08
19.552,15.33308398,-0.6115992363,0.4483977918,0.386593443,0.4335263717,0.7583628456,0.5808610894,6.987988904e-05,6.963054904e-05,0.575114219,0.3373996201,0.08748616085,8.607689922e-09,1.017168989e-08
19.576,15.31428576,-0.616137746,0.4465392483,0.3820431679,0.4316599184,0.760935623,0.5764436376,6.851881685e-05,6.814480541e-05,0.5790230356,0.3322872821,0.08868968236,8.540968304e-09,1.01504632e-08
19.6,15.29553357,-0.6207230392,0.4445936803,0.3774463371,0.4297060007,0.7635185865,0.57193792,6.718578721e-05,6.669092699e-05,0.582960645,0.327112999,0.08992635598,8.497959739e-09,1.021071242e-08
19.624,15.27682725,-0.6253553431,0.4425575884,0.3728027623,0.4276611053,0.7661113001,0.5673410972,6.587716248e-05,6.526529358e-05,0.586926537,0.3218759352,0.09119752779,8.475086311e-09,1.035688289e-08
19.648,15.25816663,-0.6300348226,0.4404273093,0.368112318,0.425521557,0.7687132706,0.5626502236,6.458941002e-05,6.386441682e-05,0.590920105,0.3165752888,0.09250460617,8.469230647e-09,1.059711518e-08
19.672,15.23955155,-0.6347615729,0.4381990074,0.363374948,0.4232835103,0.7713239427,0.5578622437,6.331907684e-05,6.24849168e-05,0.594940637,0.3112102978,0.09384906514,8.477708364e-09,1.09442443e-08
19.696,15.22098182,-0.6395356118,0.4358686664,0.3585906741,0.4209429416,0.7739426937,0.5529739882,6.206276539e-05,6.112350003e-05,0.5989873055,0.3057802468,0.09523244777,8.498254199e-09,1.141748263e-08
19.72,15.2024573,-0.6443568699,0.4334320803,0.3537596045,0.4184956397,0.7765688277,0.5479821696,6.081711e-05,5.977693868e-05,0.6030591563,0.3002844738,0.09665636985,8.529017926e-09,1.204527917e-08
19.744,15.18397782,-0.6492251814,0.430884844,0.3488819441,0.4159371971,0.7792015689,0.5428833787,5.957875393e-05,5.844205092e-05,0.6071550971,0.2947223791,0.09812252377,8.568566541e-09,1.287032595e-08
19.768,15.1655432,-0.6541402725,0.4282223437,0.3439580047,0.4132630004,0.7818400551,0.5376740802,5.834432668e-05,5.711568215e-05,0.6112738838,0.2890934337,0.09963268245,8.615890328e-09,1.395867299e-08
19.792,15.14715329,-0.65910175,0.4254397468,0.3389882174,0.4104682198,0.7844833299,0.532350609,5.711042134e-05,5.579468713e-05,0.6154141069,0.2833971895,0.1011887036,8.67041225e-09,1.541685645e-08
19.816,15.12880793,-0.6641090874,0.4225319909,0.3339731451,0.4075477991,0.7871303344,0.5269091669,5.587357203e-05,5.447591311e-05,0.6195741752,0.2776332906,0.1027925342,8.732002661e-09,1.742367124e-08
19.84,15.11050696,-0.6691616109,0.4194937736,0.3289134975,0.4044964448,0.7897798982,0.5213458187,5.463023117e-05,5.315618385e-05,0.6237522994,0.2718014858,0.1044462148,8.801004818e-09,2.027825832e-08
19.864,15.0922502,-0.6742584829,0.4163195404,0.3238101464,0.4013086145,0.7924307298,0.5156564893,5.337674664e-05,5.183228506e-05,0.6279464732,0.2659016421,0.1061518847,8.878281515e-09,2.438461022e-08
19.888,15.07403751,-0.6793986845,0.4130034733,0.3186641436,0.3979785057,0.7950814056,0.5098369616,5.210933911e-05,5.050095152e-05,0.6321544532,0.2599337596,0.1079117872,8.965300505e-09,2.96181134e-08
19.912,15.05586872,-0.6845809959,0.409539479,0.3134767399,0.3945000435,0.7977303584,0.503882874,5.082407979e-05,4.915885674e-05,0.6363737364,0.2538979863,0.1097282772,9.064288427e-09,3.317828768e-08
19.936,15.03774368,-0.6898039747,0.4059211759,0.3082494065,0.3908668684,0.8003758645,0.4977897201,4.951686923e-05,4.780260624e-05,0.6406015361,0.2477946395,0.1116038244,9.178504029e-09,3.176560658e-08
19.96,15.01966222,-0.6950659324,0.402141882,0.3029838583,0.3870723241,0.8030160295,0.4915528481,4.818341857e-05,4.642873623e-05,0.6448347553,0.2416242332,0.1135410115,9.312720107e-09,2.854690239e-08
19.984,15.0016242,-0.7003649084,0.3981946022,0.2976820799,0.3831094442,0.8056487734,0.4851674627,4.681923483e-05,4.503372039e-05,0.6490699578,0.2353874953,0.115542547,9.474076323e-09,2.635462079e-08
20.008,14.98362945,-0.7056986406,0.394072015,0.2923463539,0.3789709396,0.8082718134,0.4786286281,4.541961354e-05,4.361398864e-05,0.6533033361,0.2290853906,0.1176112733,9.673603434e-09,2.50204412e-08
20.032,14.96567782,-0.7110645345,0.3897664601,0.2869792924,0.374649186,0.810882646,0.4719312734,4.397964357e-05,4.216596419e-05,0.6575306774,0.2227191526,0.11975017,9.928978337e-09,2.394945011e-08
20.056,14.94776915,-0.7164596272,0.3852699257,0.2815838716,0.3701362109,0.8134785265,0.4650702005,4.249423187e-05,4.068612777e-05,0.6617473251,0.2162903159,0.121962359,1.026951006e-08,2.287165218e-08
20.08,14.92990329,-0.7218805497,0.3805740361,0.27616347,0.3654236814,0.8160564472,0.4580400955,4.095816081e-05,3.917112356e-05,0.6659481374,0.2098007525,0.1242511101,1.074484778e-08,2.180089052e-08
20.104,14.91208008,-0.7273234842,0.3756700403,0.2707219102,0.3605028926,0.8186131136,0.4508355445,3.936619838e-05,3.761792846e-05,0.6701274428,0.2032527105,0.1266198466,1.143794501e-08,2.089917986e-08
20.128,14.89429938,-0.7327841171,0.3705488008,0.2652635055,0.3553647561,0.8211449178,0.443451054,3.771329427e-05,3.602411919e-05,0.6742789899,0.1966488589,0.1290721512,1.24723873e-08,2.034626101e-08
20.152,14.87656104,-0.738257588,0.3652007843,0.2597931106,0.349999791,0.8236479096,0.4358810778,3.599491707e-05,3.43882913e-05,0.6783958943,0.1899923354,0.1316117703,1.39579267e-08,2.017713276e-08
20.176,14.85886489,-0.7437384327,0.3596160535,0.2543161777,0.3443981148,0.8261177653,0.4281200529,3.420762488e-05,3.271071705e-05,0.6824705791,0.1832868009,0.13424262,1.574225625e-08,2.007910222e-08
20.2,14.84121079,-0.7492205215,0.3537842608,0.2488388184,0.3385494373,0.8285497529,0.4201624436,3.235002797e-05,3.099438143e-05,0.6864947113,0.1765364995,0.1369687892,1.714361337e-08,1.950153684e-08
20.224,14.8235986,-0.754696991,0.3476946448,0.2433678709,0.3324430566,0.8309386947,0.4120027992,3.042441852e-05,2.924662206e-05,0.6904591328,0.1697463257,0.1397945415,1.760219665e-08,1.832468839e-08
20.248,14.80602815,-0.7601601689,0.3413360301,0.2379109748,0.3260678586,0.8332789256,0.4036358263,2.843955109e-05,2.748173253e-05,0.6943537861,0.1629218981,0.1427243158,1.746584372e-08,1.703186397e-08
20.272,14.78849931,-0.7656014924,0.3346968306,0.232476652,0.3194123193,0.8355642487,0.3950564813,2.64154221e-05,2.572508442e-05,0.6981676316,0.1560696403,0.1457627281,1.731154513e-08,1.617335608e-08
20.296,14.77101192,-0.7710114187,0.3277650583,0.2270743961,0.3124645137,0.8377878855,0.3862600855,2.439149425e-05,2.401954514e-05,0.7018885591,0.1491968705,0.1489145704,1.737737943e-08,1.626684345e-08
20.32,14.75356585,-0.7763793267,0.3205283375,0.2217147697,0.3052121285,0.8399424231,0.3772424718,2.244058835e-05,2.243500881e-05,0.7055032922,0.1423119015,0.1521848063,1.765355798e-08,1.843706583e-08
20.344,14.73616093,-0.7816934112,0.3129739264,0.2164095103,0.2976424838,0.8420197549,0.3680001689,2.069079985e-05,2.108098901e-05,0.7089972861,0.1354241517,0.1555785622,1.803476407e-08,2.690175768e-08
20.368,14.71879703,-0.7869405664,0.3050887475,0.2111716459,0.2897425616,0.8440110182,0.3585306347,1.935373986e-05,2.01187429e-05,0.7123546177,0.1285442741,0.1591011082,1.840305211e-08,5.764934092e-08
20.392,14.70147401,-0.7921062608,0.2968594283,0.2060156197,0.2814990459,0.8459065247,0.3488325507,1.87407911e-05,1.976167491e-05,0.7155578676,0.1216842207,0.1627579117,1.867576112e-08,7.190516982e-08
20.416,14.68419171,-0.7971744015,0.2882723539,0.200957426,0.2728983743,0.8476956862,0.3389061961,1.92212223e-05,2.024650441e-05,0.7185879956,0.1148574476,0.1665545567,1.881802664e-08,3.745917631e-08
20.44,14.66695,-0.8021271883,0.2793137349,0.1960147553,0.263926804,0.8493669341,0.3287539234,2.109847302e-05,2.177406105e-05,0.7214242081,0.1080791665,0.1704966254,1.882661271e-08,2.388460778e-08
20.464,14.64974873,-0.8069449577,0.2699696921,0.1912071507,0.2545704952,0.8509076327,0.3183807649,2.450765664e-05,2.446129861e-05,0.7240438187,0.1013663307,0.1745898506,1.871171716e-08,1.861296541e-08
20.488,14.63258776,-0.8116060164,0.2602263611,0.1865561742,0.2448156142,0.8523039861,0.3077952096,2.945816e-05,2.835130881e-05,0.7264221042,0.09473790797,0.1788399879,1.849031899e-08,1.611491201e-08
20.512,14.61546695,-0.8160864653,0.2500700213,0.1820855829,0.2346484602,0.8535409389,0.2970102008,3.595684569e-05,3.346818692e-05,0.7285321538,0.08821507525,0.1832527709,1.818574066e-08,1.476689258e-08
20.536,14.59838615,-0.8203600152,0.2394872514,0.1778215144,0.2240556188,0.8546020701,0.2860444219,4.409562288e-05,3.987091774e-05,0.730344718,0.0818214269,0.1878338551,1.782577409e-08,1.398899557e-08
20.56,14.58134523,-0.824397795,0.2284651168,0.173792679,0.2130241477,0.8554694817,0.2749239582,5.409257085e-05,4.768780995e-05,0.7318280544,0.07558319859,0.192588747,1.743793248e-08,1.353439499e-08
20.584,14.56434405,-0.8281681547,0.2169913932,0.1700305578,0.2015417974,0.856123681,0.2636844453,6.63236977e-05,5.714063163e-05,0.7329477787,0.06952950324,0.1975227181,1.704448648e-08,1.328316748e-08
20.608,14.54738247,-0.8316364671,0.2050548316,0.1665696032,0.1895972743,0.8565434591,0.2523738479,8.137496471e-05,6.857313542e-05,0.7336667207,0.063692577,0.2026407023,1.665975191e-08,1.317089116e-08
20.632,14.53046035,-0.8347649309,0.1926454703,0.1634474372,0.1771805498,0.8567057646,0.2410560349,0.000100139399,8.249729777e-05,0.7339447935,0.05810803191,0.2079471746,1.62901123e-08,1.316012176e-08
20.656,14.51357756,-0.8375123823,0.1797549989,0.1607050431,0.1642832226,0.8565855766,0.2298153348,0.0001239982251,9.967361998e-05,0.7337388814,0.05281511126,0.2134460074,1.593584718e-08,1.322761178e-08
20.68,14.49673395,-0.8398341197,0.1663771815,0.1583869437,0.1508989388,0.8561557774,0.2187622309,0.0001551688761,0.0001212543746,0.7330027549,0.04785694173,0.2191403034,1.55935674e-08,1.335799972e-08
20.704,14.47992939,-0.8416817534,0.1525083438,0.156541356,0.1370238778,0.8553870288,0.2080402347,0.0001974174381,0.0001490500708,0.7316870232,0.043280775,0.2250322018,1.525842602e-08,1.354040155e-08
20.728,14.46316374,-0.8430030875,0.1381479301,0.1552203138,0.1226573072,0.854247655,0.1978336696,0.0002576605015,0.0001860576964,0.7297391374,0.03913820922,0.2311226534,1.492573267e-08,1.376639286e-08
20.752,14.44643687,-0.8437420501,0.1232991357,0.1544797428,0.1078022138,0.8527035382,0.1883754449,0.0003500672358,0.0002376040522,0.7271034611,0.03548537872,0.2374111602,1.459191459e-08,1.402869169e-08
20.776,14.42974865,-0.843838687,0.1079696161,0.1543794739,0.09246601314,0.8507180306,0.1799527314,0.0005087012655,0.0003141352986,0.7237214407,0.03238309855,0.2438954608,1.425492584e-08,1.432021347e-08
20.8,14.41309894,-0.8432292364,0.09217227715,0.1549831748,0.07666134009,0.8482518929,0.1729067539,0.0008391155976,0.0004392827134,0.7195319918,0.02989695314,0.2505710551,1.39142612e-08,1.463334879e-08
20.824,14.39648761,-0.8418463085,0.07592614325,0.1563581787,0.06040691861,0.8452632646,0.1676212274,0.001839235873,0.0006801717457,0.7144733828,0.02809735347,0.2574292638,1.357073172e-08,1.495941886e-08
20.848,14.37991452,-0.8396191938,0.05925729833,0.1585751844,0.04372850688,0.8417076796,0.1644939859,0.003003856063,0.001331642859,0.7084808543,0.02706005997,0.2644590857,1.322613291e-08,1.528833722e-08
20.872,14.36337955,-0.8364743269,0.04219989051,0.1617078,0.0266599071,0.8375381366,0.1638907051,0.001299638787,0.008008373421,0.7014718322,0.02692431287,0.2716038549,1.288290197e-08,1.560856222e-08
20.896,14.34688256,-0.832335938,0.0247971829,0.1658319009,0.009244024085,0.8327052383,0.1660893474,0.0008058357984,0.002045946823,0.6933986759,0.02758987314,0.279011451,1.254382463e-08,1.590745841e-08
20.92,14.33042342,-0.8271269206,0.007102626157,0.1710247695,-0.008466052075,0.8271574156,0.1712341841,0.0005967304546,0.0009873091521,0.6841897584,0.02932213676,0.2864881048,1.221182279e-08,1.617217725e-08
20.944,14.31400201,-0.8207699472,-0.01081908128,0.1773639859,-0.02640597291,0.8208412506,0.1793188749,0.0004828551318,0.0006712243294,0.6737806038,0.03215572583,0.2940636704,1.188983352e-08,1.63910921e-08
20.968,14.29761818,-0.8131888605,-0.02889099025,0.1849260413,-0.04449911315,0.8137019185,0.1902046577,0.0004116162764,0.0005198297818,0.6621109931,0.03617809859,0.3017109083,1.158077945e-08,1.655566981e-08
20.992,14.28127182,-0.8043103631,-0.04702301215,0.1937846498,-0.06265566389,0.8056837617,0.2036620307,0.0003630255248,0.0004312106437,0.6491264669,0.04147842534,0.3093951077,1.128762997e-08,1.666245637e-08
21.016,14.26496279,-0.7940660185,-0.06511121372,0.2040087459,-0.08077190712,0.796731016,0.2194166571,0.0003278797409,0.000373155588,0.6347804303,0.04814382535,0.3170757443,1.101356246e-08,1.671468195e-08
21.04,14.24869097,-0.7823945623,-0.08303737641,0.2156601652,-0.09872975335,0.7867886991,0.2371853095,0.000301363647,0.0003322763174,0.6190365587,0.05625699816,0.3247064432,1.076225765e-08,1.672296379e-08
21.064,14.23245623,-0.7692445063,-0.1006689115,0.2287910282,-0.1163966347,0.7758036738,0.2566973143,0.000280716951,0.0003020130684,0.6018714296,0.06589361908,0.3322349513,1.053841434e-08,1.670478036e-08
21.088,14.21625844,-0.75457699,-0.1178592287,0.2434408693,-0.1336258523,0.7637258878,0.2777036644,0.0002642451994,0.0002787744139,0.5832773118,0.07711941962,0.3396032686,1.034868152e-08,1.668276917e-08
21.112,14.20009748,-0.7383688107,-0.1344486557,0.25963358,-0.1502574784,0.7505097879,0.2999781753,0.0002508513143,0.0002604295674,0.5632650148,0.08998699018,0.346747995,1.020347437e-08,1.668230924e-08
21.136,14.18397322,-0.7206155264,-0.1502660015,0.2773742737,-0.1661199066,0.7361158931,0.3233145699,0.000239794093,0.0002456349079,0.5418666758,0.1045323882,0.3536009361,1.012084576e-08,1.672911215e-08
21.16,14.16788554,-0.7013344946,-0.1651308346,0.2966462082,-0.1810321252,0.7205125022,0.3475220902,0.000230555059,0.0002335017222,0.5191383291,0.1207716746,0.3600899963,1.013565334e-08,1.684758346e-08
21.184,14.15183431,-0.6805676764,-0.178856523,0.3174079381,-0.1948067619,0.7036774957,0.3724210972,0.0002227609358,0.0002234192012,0.4951620779,0.1386975406,0.3661403814,1.03241434e-08,1.706059154e-08
21.208,14.13581941,-0.6583840101,-0.1912540364,0.3395908982,-0.2072539032,0.6856001832,0.3978393627,0.0002161364196,0.0002149541852,0.4700476688,0.1582762221,0.3716761091,1.088049029e-08,1.739112793e-08
21.232,14.11984071,-0.63488114,-0.2021364607,0.363097632,-0.2181856382,0.6662831311,0.4236093284,0.0002104742973,0.000207791467,0.4439332674,0.1794449241,0.3766218084,1.239571937e-08,1.786629015e-08
21.256,14.1038981,-0.6101862887,-0.211324109,0.3878008848,-0.2274212135,0.6457439012,0.4495663851,0.0002056159182,0.0002016967367,0.416985245,0.2021099938,0.3809047612,1.67968898e-08,1.852415924e-08
21.28,14.08799145,-0.5844560779,-0.2186500485,0.413543757,-0.2347926146,0.6240166269,0.4755481162,0.0002014380766,0.0001964927636,0.3893968145,0.2261460688,0.3844571166,2.330569966e-08,1.942462263e-08
21.304,14.07212063,-0.5578751486,-0.2239657954,0.4401410751,-0.2401503246,0.6011533572,0.5013944,0.0001978439905,0.0001920436287,0.3613854156,0.2513964019,0.3872181824,1.755985241e-08,2.066630193e-08
21.328,14.05628554,-0.5306534952,-0.2271468778,0.4673820661,-0.2433689555,0.5772251173,0.5269482367,0.000194756975,0.0001882440269,0.3331888873,0.2776745021,0.3891366107,1.331917272e-08,2.241403033e-08
21.352,14.04048604,-0.5030225142,-0.2280979322,0.4950343369,-0.2443524115,0.5523226561,0.552057149,0.0001921159337,0.0001850118612,0.3050603654,0.3047671549,0.3901724797,1.198300977e-08,2.494558355e-08
21.376,14.02472202,-0.4752298689,-0.226756994,0.5228490584,-0.2430382384,0.526556894,0.5765749936,0.0001898721092,0.0001822830366,0.2772622104,0.3324387852,0.3902990044,1.178519741e-08,2.873344427e-08
21.4,14.00899336,-0.44753337,-0.2230986684,0.5505671502,-0.2394008389,0.5000591296,0.6003640134,0.0001879867272,0.0001800077672,0.2500591807,0.3604370155,0.3895038038,1.223632413e-08,3.458792526e-08
21.424,13.99329994,-0.4201941674,-0.2171359311,0.5779261662,-0.2334532985,0.4729811317,0.6232969567,0.0001864292929,0.000178147955,0.223711199,0.3884991718,0.3877896292,1.332814519e-08,4.390520434e-08
21.448,13.97764164,-0.3934696166,-0.2089203961,0.6046675126,-0.2252476548,0.4454953098,0.6452591005,0.0001851763815,0.0001766753539,0.1984661207,0.416359397,0.3851744823,1.537842248e-08,5.904571027e-08
21.472,13.96201835,-0.3676062212,-0.1985410014,0.6305435858,-0.2148735609,0.4177952407,0.6661500287,0.0001842108168,0.000175570335,0.1745529163,0.4437559742,0.3816911095,1.92836098e-08,8.258283458e-08
21.496,13.94642994,-0.3428330564,-0.186121183,0.6553244222,-0.2024554146,0.3900969102,0.6858850438,0.0001835211746,0.0001748211407,0.1521756606,0.4704384291,0.3773859103,2.757629446e-08,1.053361933e-07
21.52,13.9308763,-0.3193560336,-0.1718147186,0.6788034888,-0.1881481379,0.3626411087,0.7043961231,0.0001831015795,0.0001744235642,0.1315086556,0.496174026,0.3723173184,4.834091772e-08,9.741272598e-08
21.544,13.91535732,-0.2973533001,-0.1558005176,0.700802319,-0.1721318918,0.3356974626,0.7216323707,0.0001829517888,0.0001743810382,0.1126929207,0.5207533818,0.3665536975,1.00862013e-07,7.285640674e-08
21.568,13.89987287,-0.2769719661,-0.1382766988,0.7211737977,-0.1546060723,0.3095705338,0.7375599528,0.0001830775897,0.0001747051582,0.09583406829,0.5439947707,0.360171161,1.193564553e-07,5.619615062e-08
21.592,13.88442284,-0.2583262448,-0.1194543207,0.7398040099,-0.1357829624,0.2846081227,0.7521615424,0.0001834915685,0.0001754167115,0.0810018843,0.5657470642,0.3532510515,6.71440942e-08,4.750370202e-08
21.616,13.86900712,-0.241496985,-0.09955112761,0.7566126773,-0.1158814077,0.2612110656,0.7654353297,0.000184214357,0.0001765473533,0.06823129713,0.5858913184,0.3458773844,4.240959017e-08,4.324924562e-08
21.64,13.8536256,-0.2265324806,-0.0787856304,0.7715523006,-0.09512084043,0.239841907,0.7773936756,0.0001852765362,0.0001781421577,0.05752420801,0.6043409999,0.338134792,3.334130593e-08,4.140421334e-08
21.664,13.83827816,-0.2134503717,-0.05737178275,0.7846062,-0.07371591688,0.2210262035,0.7880614985,0.0001867214844,0.0001802634258,0.04885264798,0.6210409989,0.3301063531,3.047888343e-08,4.101804482e-08
21.688,13.82296468,-0.2022404057,-0.03551443661,0.7957856895,-0.05187195152,0.205334987,0.7974744905,0.0001886096482,0.0001829963739,0.04216252433,0.6359656382,0.3218718375,3.186834316e-08,4.17193258e-08
21.712,13.80768506,-0.1928678086,-0.01340568342,0.805126641,-0.02978125582,0.1933331424,0.8056772501,0.0001910250427,0.0001864577516,0.03737778478,0.6491159094,0.3135063058,4.432565503e-08,4.336172425e-08
21.736,13.79243918,-0.1852770231,0.008777886313,0.8126856845,-0.007620412134,0.1854848419,0.8127214113,0.0001940853835,0.0001908092149,0.03440473422,0.6605161743,0.3050790914,6.996492446e-08,4.548921719e-08
21.76,13.77722693,-0.1793955932,0.03087703523,0.8185362667,0.01445154866,0.1820334315,0.8186638303,0.0001979583995,0.0001962787521,0.03313625798,0.6702105529,0.2966531891,4.861602663e-08,4.727393704e-08
21.784,13.7620482,-0.1751380199,0.05275092325,0.8227647457,0.03629414678,0.1829097754,0.8235648681,0.0002028891872,0.0002031964446,0.03345606907,0.6782591831,0.2882847479,4.196939914e-08,4.989667446e-08
21.808,13.74690288,-0.1724094618,0.07427746088,0.825466644,0.0577857462,0.1877289635,0.827486781,0.0002092484497,0.0002120572578,0.03524224774,0.6847344736,0.2800232786,4.022849455e-08,5.589637606e-08
21.832,13.73179086,-0.171109228,0.09535311927,0.8267431059,0.07882328031,0.1958841119,0.830492187,0.000217623052,0.000223638511,0.0383706716,0.6897173892,0.2719119392,3.896725627e-08,6.646237715e-08
21.856,13.71671202,-0.1711341188,0.1158923818,0.8266974907,0.09932157393,0.2066831652,0.83264249,0.0002289999586,0.000239238054,0.04271802108,0.6932936552,0.2639883237,3.78729e-08,8.181053928e-08
21.88,13.70166627,-0.1723818963,0.1358271074,0.8254317785,0.1192124723,0.2194641686,0.833995944,0.0002451801056,0.0002612105942,0.04816461909,0.6955494017,0.2562859792,3.768506361e-08,9.891353568e-08
21.904,13.68665349,-0.1747558101,0.1551063544,0.823041763,0.1384441466,0.2336612384,0.8346044125,0.0002698479665,0.0002943604165,0.05459768645,0.6965647225,0.2488375911,3.929609799e-08,1.104396513e-07
21.928,13.67167357,-0.1781735054,0.1736983385,0.8196073412,0.1569816104,0.2488310889,0.8345054942,0.0003119479235,0.0003503875498,0.06191705276,0.6963996633,0.2416832839,4.461895635e-08,1.207716062e-07
21.952,13.6567264,-0.1825961993,0.1916022848,0.815160435,0.1748131672,0.2646749092,0.8336942954,0.0004004044061,0.0004677191053,0.07005303004,0.6950465587,0.2349004113,6.216184624e-08,1.617042528e-07
21.976,13.64181189,-0.1882078006,0.2089353508,0.809489916,0.1920034488,0.2812048311,0.831949066,0.0007079235819,0.0008868547807,0.07907684284,0.6921407299,0.2287824272,1.846514027e-07,6.949958105e-07
22,13.62692991,-0.2046092053,0.2325962219,0.7935701416,0.2131806357,0.3097836816,0.8217052714,0.001148489442,0.001130128321,0.09596749637,0.6752011444,0.2288313592,2.479900098e-07,3.141548334e-07
22.024,13.61208037,-0.1974732512,0.2394871694,0.8006391128,0.2230892375,0.3104026244,0.8311388553,0.0001597610486,0.0001828890767,0.09634989244,0.6907918571,0.2128582505,7.765484051e-08,2.685018911e-08
22.048,13.59726315,-0.2052351395,0.2545856935,0.7927523955,0.237995094,0.3270096907,0.827706485,1.594702527e-05,1.568827263e-05,0.1069353423,0.6850980302,0.2079666275,4.206278347e-09,4.564327381e-09
22.072,13.58247816,-0.2129026132,0.2686975891,0.7850623796,0.2520451375,0.3428205319,0.824529982,5.689276188e-05,7.170077592e-05,0.1175259246,0.6798497007,0.2026243748,4.223152911e-09,4.341041371e-09
22.096,13.56772529,-0.2208576391,0.2820148547,0.7771067326,0.2653339528,0.3582045156,0.8211558807,9.189779337e-05,0.0001072734643,0.1283104886,0.6742969974,0.1973925141,5.15452191e-09,5.499091227e-09
22.12,13.55300443,-0.2291218184,0.2945888131,0.7688500941,0.2778959977,0.3732015227,0.8175308268,0.0001086472684,0.0001142820835,0.1392793942,0.6683566722,0.1923639337,5.856338702e-09,6.353034434e-09
22.144,13.53831548,-0.2376670808,0.3064505787,0.76031579,0.2897570877,0.3878112924,0.8136579566,0.0001025889121,0.0001035319294,0.1503976154,0.662039288,0.1875630966,6.348809746e-09,6.940221322e-09
22.168,13.52365834,-0.2464554553,0.3176268239,0.7515394032,0.3009416378,0.4020287188,0.8095537931,7.655059865e-05,8.696088671e-05,0.1616271033,0.655377359,0.1829955378,6.693580974e-09,7.440311624e-09
22.192,13.50903289,-0.2554483301,0.3281432215,0.7425580058,0.3114740972,0.4158507222,0.8052381667,4.62658119e-05,7.142483971e-05,0.1729318323,0.6484085183,0.1786596494,6.935885953e-09,8.096271124e-09
22.216,13.49443905,-0.2646092236,0.3380252833,0.7334069187,0.3213791425,0.429277455,0.8007310794,2.274528918e-05,5.922049596e-05,0.184279141,0.6411702744,0.1745505846,7.106769541e-09,9.376352529e-09
22.24,13.47987671,-0.2739046624,0.3472984813,0.7241186615,0.3306815495,0.4423121061,0.7960515832,1.281163314e-05,5.05759473e-05,0.1956400066,0.6336981383,0.1706618551,7.228163269e-09,1.259885887e-08
22.264,13.46534576,-0.283304388,0.3559881553,0.7147226753,0.3394059907,0.4549603752,0.7912173716,1.903427783e-05,4.500912111e-05,0.2069889507,0.6260249529,0.1669860964,7.316342081e-09,2.178890443e-08
22.288,13.45084611,-0.2927812969,0.3641193629,0.7052453533,0.3475768336,0.4672299201,0.7862446589,2.743504156e-05,4.182572373e-05,0.2183038064,0.6181806977,0.1635154959,7.384107861e-09,3.22885311e-08
22.312,13.43637764,-0.3023112687,0.3717167284,0.6957102037,0.3552179656,0.4791298669,0.7811481873,3.433847336e-05,4.031921132e-05,0.229565438,0.6101925126,0.1602420494,7.442249095e-09,2.036984735e-08
22.336,13.42194028,-0.3118729485,0.3788043109,0.6861380655,0.3623526517,0.4906704006,0.7759412923,3.972510154e-05,3.988509514e-05,0.2407574511,0.6020849033,0.1571576457,7.500624091e-09,1.259240462e-08
22.36,13.4075339,-0.3214475158,0.3854054964,0.6765473442,0.3690034238,0.5018624334,0.7706359943,4.388991525e-05,4.007186544e-05,0.2518659115,0.5938798468,0.1542542417,7.569081894e-09,9.539437207e-09
22.384,13.39315842,-0.331018454,0.391542914,0.6669542476,0.3751920007,0.5127173397,0.7652431025,4.709626143e-05,4.057508896e-05,0.2628790803,0.5855970157,0.151523904,7.658381556e-09,8.177292764e-09
22.408,13.37881373,-0.3405713295,0.3972383756,0.6573730141,0.3809392337,0.5232467463,0.7597723208,4.954652763e-05,4.120362569e-05,0.2737871677,0.5772539887,0.1489588436,7.781269401e-09,7.507148021e-09
22.432,13.36449973,-0.3500935842,0.4025128332,0.6478161268,0.3862650745,0.5334623685,0.7542323528,5.139271e-05,4.184339442e-05,0.2845821092,0.5688664509,0.1465514399,7.953915587e-09,7.180402633e-09
22.456,13.35021633,-0.3595743422,0.4073863549,0.6382945132,0.3911885624,0.5433758826,0.7486310019,5.274951543e-05,4.242924121e-05,0.2952573607,0.5604483858,0.1442942535,8.198004675e-09,7.054132067e-09
22.48,13.33596343,-0.3690042326,0.4118781129,0.6288177273,0.3957278276,0.5529988278,0.7429752672,5.370462195e-05,4.292593867e-05,0.305807715,0.5520122566,0.1421800284,8.543944004e-09,7.060516072e-09
22.504,13.32174093,-0.3783752274,0.4160063834,0.6193941152,0.3999001065,0.5623425324,0.7372714324,5.432604382e-05,4.331617554e-05,0.3162291358,0.5435691741,0.1402016901,9.035929072e-09,7.162852857e-09
22.528,13.30754874,-0.3876804941,0.4197885555,0.6100309632,0.4037217686,0.5714180579,0.7315251482,5.466731874e-05,4.359319549e-05,0.3265186096,0.5351290517,0.1383523387,9.7399709e-09,7.338591725e-09
22.552,13.29338675,-0.3969142624,0.4232411467,0.6007346301,0.4072083501,0.5802361588,0.7257415079,5.477116851e-05,4.375634374e-05,0.3366740137,0.5267007457,0.1366252406,1.075612303e-08,7.571966119e-09
22.576,13.27925487,-0.4060717035,0.4263798241,0.591510663,0.4103745941,0.5888072544,0.7199251155,5.467210686e-05,4.380838456e-05,0.346693998,0.5182921817,0.1350138203,1.22342804e-08,7.850436025e-09
22.6,13.26515301,-0.4151488224,0.4292194294,0.582363898,0.4132344945,0.5971414098,0.7140801475,5.439832021e-05,4.375388731e-05,0.3565778807,0.5099104672,0.1335116521,1.438145493e-08,8.162797851e-09
22.624,13.25108106,-0.4241423601,0.4317740068,0.5732985474,0.4158013416,0.6052483247,0.7082104067,5.397304127e-05,4.359825622e-05,0.3663255549,0.5015619905,0.1321124546,1.740073488e-08,8.4981055e-09
22.648,13.23703894,-0.4330497065,0.4340568327,0.5643182732,0.4180877686,0.6131373275,0.7023193687,5.3415565e-05,4.33471488e-05,0.3759374064,0.4932525064,0.1308100872,2.11680202e-08,8.845045983e-09
22.672,13.22302655,-0.4418688228,0.4360804467,0.5554262484,0.4201057975,0.6208173746,0.6964102228,5.274200853e-05,4.300612934e-05,0.3854142398,0.4849872095,0.1295985507,2.442428517e-08,9.191623292e-09
22.696,13.2090438,-0.4505981718,0.4378566827,0.5466252086,0.4218668815,0.6282970531,0.6904859046,5.196588568e-05,4.258046463e-05,0.3947572143,0.4767707958,0.1284719899,2.464937378e-08,9.525096553e-09
22.72,13.19509058,-0.4592366554,0.4393967,0.5379174933,0.4233819464,0.6355845858,0.6845491233,5.109854489e-05,4.207500516e-05,0.4039677894,0.4686075137,0.1274246968,2.110011986e-08,9.832155834e-09
22.744,13.18116681,-0.4677835602,0.4407110143,0.5293050794,0.4246614259,0.6426878381,0.6786023826,5.01495054e-05,4.149411688e-05,0.413047676,0.4605012056,0.1264511184,1.624546311e-08,1.009932549e-08
22.768,13.1672724,-0.4762385073,0.4418095267,0.5207896087,0.425715294,0.6496143269,0.6726479971,4.912671612e-05,4.084164199e-05,0.4219987882,0.45245534,0.1255458717,1.217747227e-08,1.031357142e-08
22.792,13.15340725,-0.4846014093,0.4427015527,0.5123724094,0.4265530922,0.6563712293,0.6666881028,4.803675497e-05,4.01208749e-05,0.4308232023,0.4444730385,0.1247037592,9.301074249e-09,1.046306218e-08
22.816,13.13957127,-0.4928724313,0.4433958489,0.5040545147,0.4271839517,0.662965393,0.6607246646,4.688498134e-05,3.933454474e-05,0.4395231219,0.4365570945,0.1239197837,7.348823302e-09,1.053800269e-08
22.84,13.12576436,-0.5010519557,0.4439006376,0.4958366777,0.4276166114,0.6694033451,0.6547594804,4.56756506e-05,3.848479848e-05,0.4481008465,0.4287099892,0.1231891642,6.009588482e-09,1.053143314e-08
22.864,13.11198644,-0.509140552,0.4442236302,0.4877193857,0.427859431,0.6756913018,0.648794183,4.441199736e-05,3.757318068e-05,0.4565587424,0.4209339038,0.1225073538,5.063925409e-09,1.043987518e-08
22.888,13.09823742,-0.5171389484,0.4443720472,0.4797028734,0.4279204015,0.6818351767,0.6428302394,4.309629169e-05,3.660060672e-05,0.4648992145,0.4132307283,0.1218700572,4.373649498e-09,1.02637195e-08
22.912,13.0845172,-0.5250480062,0.4443526363,0.4717871358,0.4278071507,0.6878405878,0.6368689502,4.172987141e-05,3.556732703e-05,0.4731246798,0.405602071,0.1212732492,3.853666987e-09,1.000728492e-08
22.936,13.07082569,-0.5328686967,0.4441716873,0.4639719422,0.4275269479,0.6937128626,0.6309114473,4.031315223e-05,3.447287989e-05,0.4812375408,0.3980492652,0.120713194,3.4511685e-09,9.678532367e-09
22.96,13.0571628,-0.5406020775,0.4438350433,0.4562568504,0.4270867054,0.6994570408,0.6249586926,3.884561667e-05,3.331603073e-05,0.4892401565,0.3905733779,0.1201864656,3.132813924e-09,9.288474854e-09
22.984,13.04352845,-0.54824927,0.4433481085,0.4486412221,0.4264929793,0.7050778733,0.6190114761,3.732578241e-05,3.209469573e-05,0.4971348116,0.3831752174,0.119689971,2.877186666e-09,8.850372935e-09
23.008,13.02992255,-0.555811434,0.442715852,0.4411242382,0.4257519687,0.7105798166,0.6130704139,3.575115076e-05,3.080584831e-05,0.5049236797,0.3758553417,0.1192209786,2.670370772e-09,8.378832802e-09
23.032,13.016345,-0.563289739,0.4419428079,0.4337049157,0.4248695152,0.7159670212,0.6071359476,3.411813727e-05,2.944540839e-05,0.5126087792,0.3686140676,0.1187771532,2.503340571e-09,7.888927749e-09
23.056,13.00279571,-0.5706853294,0.441033071,0.4263821228,0.4238511014,0.7212433119,0.6012083422,3.242198983e-05,2.800811828e-05,0.5201919184,0.3614514789,0.1183566027,2.370416033e-09,7.395446684e-09
23.08,12.98927461,-0.5779992796,0.4399902906,0.4191545945,0.4227018494,0.7264121578,0.5952876847,3.065670784e-05,2.648741755e-05,0.5276746263,0.3543674352,0.1179579386,2.268368058e-09,6.912344264e-09
23.104,12.9757816,-0.5852325347,0.4388176635,0.412020946,0.4214265191,0.7314766308,0.5893738805,2.881499351e-05,2.487534938e-05,0.5350580645,0.3473615781,0.1175803574,2.195948184e-09,6.452436428e-09
23.128,12.96231659,-0.592385832,0.4375179329,0.404979683,0.4200295062,0.7364393496,0.5834666483,2.688830623e-05,2.316257703e-05,0.5423429185,0.3404333363,0.1172237453,2.153731856e-09,6.027361845e-09
23.152,12.94887949,-0.599459598,0.4360933998,0.3980292081,0.4185148386,0.74130241,0.577565512,2.486718016e-05,2.133869802e-05,0.5495292658,0.3335819267,0.1168888074,2.144243987e-09,5.647821019e-09
23.176,12.93547023,-0.6064538156,0.4345459639,0.3911678209,0.4168861735,0.7460673061,0.5716697873,2.274217603e-05,1.939331381e-05,0.5566164278,0.3268063514,0.1165772207,2.172408435e-09,5.32411699e-09
23.2,12.92208871,-0.6133678642,0.4328772135,0.3843937093,0.4151467916,0.7507348525,0.565778563,2.050635868e-05,1.731902001e-05,0.5636028214,0.3201053877,0.1162917908,2.246458151e-09,5.067063299e-09
23.224,12.90873484,-0.620200345,0.431088597,0.3777049274,0.4132995931,0.7553051346,0.5598906731,1.816155487e-05,1.51194761e-05,0.5704858491,0.3134775709,0.11603658,2.3796053e-09,4.889415204e-09
23.248,12.89540855,-0.6269489248,0.4291817077,0.3710993556,0.4113470931,0.7597775283,0.5540046595,1.573443974e-05,1.283176409e-05,0.5772618954,0.3069211677,0.1158169369,2.593096391e-09,4.808162993e-09
23.272,12.88210975,-0.6336102657,0.4271587087,0.3645746349,0.4092914243,0.7641508563,0.548118723,1.331937636e-05,1.059119535e-05,0.5839265342,0.3004341394,0.1156393263,2.922000371e-09,4.848410044e-09
23.296,12.86883834,-0.6401801428,0.4250228856,0.3581280653,0.407134354,0.7684237559,0.5422306643,1.119212817e-05,8.812602672e-06,0.5904750722,0.2940140984,0.1155108294,3.426836504e-09,5.050421429e-09
23.32,12.85559425,-0.646653875,0.4227792426,0.351756455,0.4048773343,0.7725953158,0.5363378221,1.00441552e-05,8.478396135e-06,0.5969035263,0.287658265,0.1154382087,4.218896079e-09,5.483546365e-09
23.344,12.8423774,-0.6530271483,0.4204349426,0.3454559109,0.4025216205,0.7766659497,0.5304370286,1.099266161e-05,1.064515643e-05,0.603210003,0.2813634477,0.1154265493,5.521714351e-09,6.276482518e-09
23.368,12.82918769,-0.6592971759,0.4179993076,0.339221566,0.4000685177,0.7806383204,0.5245246321,1.46467323e-05,1.533536641e-05,0.6093961953,0.2751260976,0.1154777071,7.844681739e-09,7.6912278e-09
23.392,12.81602505,-0.6654639001,0.4154831222,0.3330472781,0.3975198565,0.7845179584,0.518596689,2.090363977e-05,2.237266315e-05,0.6154684402,0.2689425366,0.1155890232,1.259709234e-08,1.033397467e-08
23.416,12.80288939,-0.6715307488,0.4128972264,0.326925419,0.3948788376,0.7883131777,0.5126495157,2.997121762e-05,3.221978861e-05,0.6214376923,0.2628095429,0.1157527648,2.523767041e-08,1.590797576e-08
23.44,12.78978063,-0.6775044948,0.4102507704,0.3208470551,0.3921513729,0.7920341124,0.5066808977,4.288630085e-05,4.621368976e-05,0.6273181264,0.2567255654,0.1159563083,8.939248156e-08,3.116664739e-08
23.464,12.77669869,-0.6833941326,0.4075497807,0.3148031011,0.3893478535,0.7956911236,0.5006922642,6.20648139e-05,6.722469567e-05,0.6331249345,0.2506928838,0.1161821817,5.664362351e-07,1.358658211e-07
23.488,12.76364348,-0.6892091755,0.4047965958,0.3087872243,0.386484637,0.79929317,0.494691747,9.299748671e-05,0.0001016343863,0.638869762,0.2447201007,0.1164101373,1.818233384e-07,1.658176075e-07
23.512,12.75061492,-0.694958037,0.4019902906,0.3028007364,0.3835834372,0.8028467269,0.4886967764,0.0001496229166,0.0001644368502,0.6445643475,0.2388255485,0.116610104,1.458282923e-06,9.821814145e-07
23.536,12.73761293,-0.7006470123,0.3991277552,0.2968575462,0.3806661901,0.8063555052,0.4827330018,0.0002672685192,0.000274334956,0.6502093084,0.233031269,0.1167594226,3.614876589e-08,4.269165157e-08
23.56,12.72463744,-0.7062799982,0.3962049209,0.2909842886,0.3777453991,0.8098208291,0.4768264283,0.0003854082247,0.0003042057719,0.6558099375,0.2273635513,0.1168265113,1.373780141e-08,1.594090234e-08
23.584,12.71168835,-0.7118587707,0.3932177447,0.2852117252,0.3748158221,0.8132423404,0.4709911132,0.0002699814637,0.0002164335877,0.6613631847,0.2218326836,0.1168041316,7.637915664e-09,8.086168269e-09
23.608,12.69876559,-0.7173835286,0.3901628063,0.2795614841,0.371855625,0.8166187253,0.465221699,0.0001831719367,0.0001576389528,0.666866181,0.2164312588,0.1167025602,4.943760935e-09,4.722783399e-09
23.632,12.68586908,-0.7228534636,0.3870375528,0.274038432,0.3688371334,0.8199482893,0.4594974354,0.0001386804561,0.0001242731311,0.6723152199,0.2111379116,0.1165468685,3.482719557e-09,3.013889292e-09
23.656,12.67299873,-0.7282672288,0.3838403066,0.2686333532,0.3657381489,0.8232293347,0.4537932041,0.0001128470733,0.0001035565364,0.6777065528,0.2059282848,0.1163651624,2.592349693e-09,2.044408417e-09
23.68,12.66015448,-0.733623268,0.3805701484,0.2633309027,0.3625466413,0.8264603664,0.4480884193,9.606811033e-05,8.952512435e-05,0.6830367485,0.2007832409,0.1161800106,2.006529471e-09,1.449768556e-09
23.704,12.64733623,-0.7389200195,0.3772267593,0.2581161874,0.3592593617,0.8296401769,0.4423700433,8.425388719e-05,7.936645347e-05,0.6883028319,0.1956912625,0.1160059056,1.599440594e-09,1.063653843e-09
23.728,12.63454391,-0.7441560255,0.3738102651,0.252977723,0.3558783226,0.8327678575,0.4366315482,7.543028131e-05,7.162906085e-05,0.6935023115,0.1906471148,0.1158505737,1.304737018e-09,8.021484445e-10
23.752,12.62177745,-0.7493299794,0.3703211054,0.247907777,0.3524078002,0.8358427718,0.4308706575,6.854002361e-05,6.549896171e-05,0.698633145,0.1856495284,0.1157173266,1.084550136e-09,6.194468226e-10
23.776,12.60903676,-0.7544407366,0.3667599318,0.2429016224,0.3488525443,0.8388645139,0.4250873979,6.29692208e-05,6.048749234e-05,0.7036936775,0.1806993,0.1156070225,9.1591402e-10,4.889158779e-10
23.8,12.59632176,-0.7594873044,0.363127532,0.2379566191,0.3452169461,0.8418328635,0.4192828311,5.833810228e-05,5.628464912e-05,0.7086825742,0.175798096,0.1155193298,7.842112185e-10,3.942451892e-10
23.824,12.58363239,-0.7644688234,0.3594247778,0.2330714679,0.3415047591,0.8447477451,0.413458353,5.439951996e-05,5.268469531e-05,0.7135987565,0.1709478127,0.1154534308,6.797615578e-10,3.250011453e-10
23.848,12.57096855,-0.7693845458,0.3556525894,0.2282456918,0.3377190844,0.8476091927,0.4076153527,5.098584463e-05,4.954589012e-05,0.7184413468,0.1661502785,0.1154083747,5.959372109e-10,2.742552539e-10
23.872,12.55833018,-0.7742338144,0.3518119118,0.2234793039,0.3338624567,0.8504173214,0.4017550737,4.797940602e-05,4.676746287e-05,0.7232096234,0.1614071417,0.1153832349,5.280687661e-10,2.372533512e-10
23.896,12.54571719,-0.7790160438,0.347903701,0.2187726049,0.3299369545,0.8531723048,0.3958785756,4.529516918e-05,4.427582382e-05,0.7279029843,0.1567198488,0.115377167,4.727837671e-10,2.106361045e-10
23.92,12.53312952,-0.7837307043,0.3439289162,0.2141260618,0.3259443047,0.8558743577,0.3899867435,4.287013286e-05,4.201597395e-05,0.7325209185,0.152089662,0.1153894195,4.275925586e-10,1.919654176e-10
23.944,12.52056707,-0.7883773079,0.3398885155,0.2095402384,0.3218859688,0.8585237228,0.3840803151,4.065659744e-05,3.994596861e-05,0.7370629847,0.1475176902,0.1154193251,3.906210777e-10,1.794276747e-10
23.968,12.50802979,-0.7929553986,0.3357834552,0.2050157554,0.3177632129,0.8611206611,0.3781599125,3.861775207e-05,3.803324262e-05,0.7415287948,0.143004921,0.1154662842,3.604339032e-10,1.716430108e-10
23.992,12.49551759,-0.7974645426,0.3316146905,0.200553268,0.3135771607,0.8636654443,0.3722260724,3.672470084e-05,3.625210729e-05,0.7459180014,0.1385522505,0.1155297481,3.359143775e-10,1.675402565e-10
24.016,12.4830304,-0.8019043227,0.3273831772,0.1961534538,0.3093288355,0.8661583501,0.3662792731,3.495440936e-05,3.458200659e-05,0.750230289,0.1341605072,0.1156092038,3.161817593e-10,1.662737265e-10
24.04,12.47056814,-0.8062743325,0.3230898742,0.1918170065,0.3050191914,0.8685996581,0.3603199566,3.328825617e-05,3.300627785e-05,0.7544653674,0.1298304724,0.1157041602,3.005329605e-10,1.671672718e-10
24.064,12.45813073,-0.8105741731,0.318735746,0.1875446322,0.3006491382,0.8709896474,0.3543485478,3.171099121e-05,3.151125552e-05,0.7586229672,0.1255628945,0.1158141383,2.88400949e-10,1.696763524e-10
24.088,12.44571812,-0.8148034504,0.3143217655,0.1833370475,0.2962195598,0.8733285951,0.3483654699,3.020997408e-05,3.008561318e-05,0.7627028362,0.1213585017,0.1159386621,2.793246696e-10,1.733620606e-10
24.112,12.43333021,-0.8189617733,0.3098489167,0.1791949777,0.2917313294,0.8756167754,0.3423711562,2.877460881e-05,2.871987469e-05,0.7667047384,0.1172180096,0.116077252,2.729270699e-10,1.778729972e-10
24.136,12.42096694,-0.8230487526,0.3053181971,0.1751191561,0.2871853206,0.8778544587,0.3363660613,2.7395919e-05,2.740604764e-05,0.7706284517,0.1131421282,0.1162294201,2.688989346e-10,1.829321912e-10
24.16,12.40862823,-0.827064001,0.3007306198,0.1711103218,0.2825824173,0.8800419123,0.3303506694,2.606622538e-05,2.613734747e-05,0.7744737684,0.1091315657,0.1163946659,2.669869632e-10,1.883271573e-10
24.184,12.39631401,-0.8310071328,0.2960872156,0.1671692186,0.2779235201,0.8821794001,0.3243255012,2.477889975e-05,2.490799077e-05,0.7782404948,0.1051870315,0.1165724737,2.669850138e-10,1.93901852e-10
24.208,12.38402421,-0.8348777644,0.2913890345,0.1632965928,0.2732095529,0.884267183,0.3182911199,2.352817742e-05,2.371304332e-05,0.7819284518,0.1013092378,0.1167623104,2.687277789e-10,1.995497991e-10
24.232,12.37175875,-0.8386755158,0.2866371472,0.1594931907,0.2684414669,0.8863055201,0.312248137,2.230901626e-05,2.254831394e-05,0.7855374758,0.09749889974,0.1169636245,2.720863952e-10,2.052080398e-10
24.256,12.35951756,-0.8424000109,0.2818326461,0.1557597561,0.2636202446,0.8882946689,0.3061972159,2.111699505e-05,2.141028947e-05,0.7890674195,0.09375673567,0.1171758448,2.769656727e-10,2.108518449e-10
24.28,12.34730058,-0.8460508795,0.2769766458,0.1520970272,0.2587469026,0.8902348864,0.3001390766,1.994824799e-05,2.029611059e-05,0.7925181537,0.09008346592,0.1173983804,2.833027686e-10,2.164903194e-10
24.304,12.33510772,-0.8496277585,0.2720702839,0.1485057336,0.2538224933,0.8921264302,0.2940744991,1.879943611e-05,1.920359236e-05,0.7958895681,0.08647981161,0.1176306203,2.910672602e-10,2.221631599e-10
24.328,12.32293892,-0.8531302941,0.2671147208,0.1449865927,0.2488481067,0.8939695592,0.2880043268,1.766776155e-05,1.813129894e-05,0.7991815733,0.08294649283,0.1178719338,3.002626922e-10,2.279389259e-10
24.352,12.3107941,-0.856558143,0.2621111397,0.1415403064,0.2438248709,0.8957645348,0.2819294699,1.655103737e-05,1.707868943e-05,0.8023941025,0.07948422652,0.118121671,3.109298164e-10,2.339152876e-10
24.376,12.2986732,-0.8599109751,0.2570607461,0.1381675568,0.2387539527,0.8975116224,0.2758509084,1.544783644e-05,1.604636183e-05,0.8055271128,0.07609372419,0.118379163,3.231519133e-10,2.4022188e-10
24.4,12.28657615,-0.863188475,0.2519647673,0.134869003,0.2336365572,0.8992110916,0.2697696959,1.43577599e-05,1.503643755e-05,0.8085805878,0.0727756893,0.1186437229,3.370628267e-10,2.470266732e-10
24.424,12.27450287,-0.8663903442,0.2468244508,0.1316452766,0.228473927,0.9008632183,0.2636869625,1.328189432e-05,1.4053149e-05,0.8115545386,0.06953081463,0.1189146468,3.528586851e-10,2.545472782e-10
24.448,12.26245329,-0.8695163036,0.2416410637,0.1284969782,0.2232673412,0.9024682853,0.257603919,1.222357488e-05,1.310371952e-05,0.8144490065,0.06635977951,0.119191214,3.708148053e-10,2.630695014e-10
24.472,12.25042735,-0.8725660951,0.2364158907,0.1254246733,0.2180181136,0.9040265835,0.2515218609,1.118965006e-05,1.219964857e-05,0.8172640642,0.06326324695,0.1194726888,3.913100862e-10,2.72977056e-10
24.496,12.23842497,-0.8755394839,0.2311502327,0.1224288881,0.2127275905,0.9055384133,0.2454421732,1.019256188e-05,1.135851117e-05,0.8199998185,0.06024186082,0.1197583207,4.148625007e-10,2.847992246e-10
24.52,12.22644608,-0.8784362607,0.2258454043,0.1195101061,0.2073971484,0.9070040853,0.2393663356,9.253690694e-06,1.060627365e-05,0.8226564112,0.05729624303,0.1200473457,4.421814402e-10,2.992886361e-10
24.544,12.21449063,-0.8812562435,0.2205027319,0.1166687641,0.2020281906,0.9084239217,0.2332959286,8.408394241e-06,9.979761868e-06,0.825234022,0.05442699072,0.1203389873,4.742463044e-10,3.175516199e-10
24.568,12.20255853,-0.8839992798,0.2151235507,0.1139052486,0.196622144,0.9097982571,0.2272326411,7.712363335e-06,9.528091195e-06,0.8277328693,0.0516346736,0.1206324571,5.12427087e-10,3.412739684e-10
24.592,12.19064972,-0.8866652481,0.2097092025,0.1112198926,0.1911804551,0.91112744,0.2211782786,7.245855835e-06,9.310715074e-06,0.8301532125,0.04891983139,0.1209269561,5.586742143e-10,3.731262329e-10
24.616,12.17876414,-0.8892540601,0.2042610322,0.1086129721,0.1857045857,0.9124118329,0.2151347737,7.106562163e-06,9.389674967e-06,0.8324953534,0.04628297137,0.1212216752,6.158265134e-10,4.175168219e-10
24.64,12.1669017,-0.8917656618,0.1987803846,0.1060847034,0.1801960079,0.9136518138,0.2091041979,7.382142178e-06,9.817187575e-06,0.8347596375,0.04372456615,0.1215157963,6.881286508e-10,4.820249866e-10
24.664,12.15506236,-0.894200035,0.1932686012,0.1036352406,0.1746561992,0.9148477768,0.2030887762,8.116406552e-06,1.062589317e-05,0.8369464556,0.0412450517,0.1218084927,7.821370738e-10,5.801034055e-10
24.688,12.14324603,-0.8965571989,0.1877270161,0.1012646728,0.1690866366,0.9160001329,0.1970909045,9.30448436e-06,1.182968231e-05,0.8390562444,0.0388448255,0.12209893,9.083856236e-10,7.356896059e-10
24.712,12.13145265,-0.8988372108,0.1821569522,0.09897302283,0.1634887907,0.9171093102,0.1911131705,1.092128114e-05,1.343440673e-05,0.841089488,0.03652424511,0.1223862669,1.084633381e-09,9.884626457e-10
24.736,12.11968216,-0.9010401671,0.176559717,0.09676024531,0.1578641195,0.9181757546,0.1851583789,1.295145135e-05,1.545065963e-05,0.8430467178,0.03428362692,0.1226696553,1.342670644e-09,1.392043327e-09
24.76,12.10793449,-0.9031662035,0.1709365981,0.0946262259,0.152214061,0.9191999302,0.1792295818,1.540314698e-05,1.790257671e-05,0.8449285137,0.03212324531,0.122948241,1.743923788e-09,2.009754206e-09
24.784,12.09620957,-0.9052154958,0.1652888589,0.09257078067,0.1465400266,0.9201823193,0.1733301152,1.830957881e-05,2.08311802e-05,0.8467355035,0.03004333228,0.1232211642,2.419593695e-09,3.019043967e-09
24.808,12.08450734,-0.9071882595,0.1596177332,0.09059365628,0.1408433933,0.9211234222,0.1674636438,2.172437315e-05,2.429186316e-05,0.8484683631,0.02804407781,0.123487559,3.690550147e-09,5.221010163e-09
24.832,12.07282772,-0.9090847494,0.1539244208,0.08869453056,0.135125496,0.9220237573,0.1616342149,2.57102243e-05,2.834269348e-05,0.8501278161,0.02612563343,0.1237465504,6.500053125e-09,1.320040376e-08
24.856,12.06117066,-0.9109052591,0.1482100816,0.08687301395,0.1293876191,0.9228838602,0.1558463234,3.031298872e-05,3.301419032e-05,0.8517146345,0.02428815127,0.1239972143,1.421795457e-08,7.364856738e-08
24.88,12.04953609,-0.9126501195,0.1424758306,0.08512865155,0.1236309882,0.9237042833,0.1501049917,3.550546596e-05,3.824349066e-05,0.8532296392,0.0225315655,0.1242387953,3.500082849e-08,5.548529751e-08
24.904,12.03792395,-0.9143196976,0.136722732,0.08346092595,0.1178567613,0.9244855948,0.144415866,4.108248118e-05,4.375649232e-05,0.8546736829,0.02085598607,0.1244703311,6.623055363e-08,4.18118686e-08
24.928,12.02633416,-0.9159143942,0.1309517935,0.08186926093,0.1120660201,0.925228377,0.1387853333,4.651990434e-05,4.89269512e-05,0.8560476185,0.01926141289,0.1246909686,6.664951291e-08,4.176292284e-08
24.952,12.01476667,-0.917434641,0.1251639603,0.0803530261,0.1062597605,0.9259332252,0.1332206647,5.092318085e-05,5.277636243e-05,0.8573523685,0.01774777764,0.1248998538,2.841955761e-08,2.934157278e-08
24.976,12.00322141,-0.9188808982,0.1193601087,0.07891154244,0.1004388838,0.926600745,0.1277301879,5.331130792e-05,5.436408581e-05,0.8585889611,0.01631501525,0.1250960237,1.766155427e-08,1.138705523e-08
25,11.99169832,-0.9202536497,0.11354104,0.07754408896,0.09460418678,0.9272315501,0.1223234969,5.322597695e-05,5.342584741e-05,0.859758359,0.01496304696,0.125278594,8.674872939e-09,6.216213643e-09
25.024,11.98019733,-0.9215533994,0.1077074741,0.07624991048,0.08875635281,0.9278262596,0.1170117046,5.105393399e-05,5.055004932e-05,0.860861576,0.01369174588,0.1254466782,5.359820718e-09,4.31557813e-09
25.048,11.96871838,-0.9227806656,0.1018600427,0.07502822663,0.08289594215,0.9283854938,0.1118077458,4.766252946e-05,4.667756094e-05,0.8618996313,0.01250097756,0.1255993912,3.857009818e-09,3.363417914e-09
25.072,11.95726141,-0.9239359748,0.09599928298,0.07387824225,0.07702338283,0.9289098707,0.106726736,4.384924569e-05,4.257336243e-05,0.8628735529,0.01139060081,0.1257358463,3.04377805e-09,2.816718079e-09
25.096,11.94582635,-0.925019855,0.09012563063,0.0727991591,0.07113896155,0.9294000008,0.1017863911,4.010967691e-05,3.867251318e-05,0.8637843656,0.01036047339,0.125855161,2.55390799e-09,2.473979449e-09
25.12,11.93441314,-0.9260328274,0.08423941356,0.07179018927,0.06524281495,0.9298564815,0.09700750578,3.667620702e-05,3.515950673e-05,0.8646330797,0.009410459658,0.1259564606,2.238260514e-09,2.244487861e-09
25.144,11.92302171,-0.9269753975,0.0783408451,0.07085057013,0.05933492129,0.930279891,0.09241448032,3.362460022e-05,3.208120104e-05,0.8654206787,0.008540439283,0.126038882,2.026045978e-09,2.081754501e-09
25.168,11.91165202,-0.9278480448,0.07243001773,0.06997958125,0.05341509279,0.9306707806,0.08803586729,3.095525469e-05,2.942311469e-05,0.8661481046,0.007750316755,0.1261015786,1.879862804e-09,1.959711671e-09
25.192,11.90030399,-0.9286512115,0.06650689684,0.06917656309,0.04748296875,0.9310296665,0.08390488188,2.863878384e-05,2.714951791e-05,0.8668162425,0.007040031803,0.1261437257,1.778337522e-09,1.863042946e-09
25.216,11.88897755,-0.9293852887,0.06057131493,0.06844093797,0.04153800971,0.9313570201,0.08005977917,2.663795297e-05,2.522163822e-05,0.8674259014,0.00640957066,0.126164528,1.708509823e-09,1.782821462e-09
25.24,11.87767266,-0.9300506026,0.05462296634,0.06777223313,0.03557949292,0.9316532573,0.07654394751,2.491703611e-05,2.360475757e-05,0.8679777941,0.005858978172,0.1261632277,1.662155081e-09,1.714235859e-09
25.264,11.86638925,-0.9306473979,0.04866140252,0.06717010628,0.0296065095,0.9319187257,0.07340550785,2.344514414e-05,2.227014724e-05,0.8684725136,0.005388370734,0.1261391157,1.6338702e-09,1.655134574e-09
25.288,11.85512725,-0.9311758197,0.04268602828,0.06663437366,0.02361796358,0.9321536913,0.07069616649,2.219685781e-05,2.119475485e-05,0.8689105063,0.004997950011,0.1260915437,1.620015851e-09,1.604945749e-09
25.312,11.84388662,-0.9316358929,0.03669609907,0.06616504071,0.01761257401,0.932358322,0.06846908335,2.115174371e-05,2.036000784e-05,0.8692920427,0.004688017353,0.12601994,1.618102956e-09,1.563888832e-09
25.336,11.83266727,-0.9320275005,0.03069071975,0.06576233555,0.01158887914,0.9325326707,0.06677564599,2.029346976e-05,1.975038302e-05,0.869617184,0.00445898882,0.1259238272,1.626422612e-09,1.532490276e-09
25.36,11.82146916,-0.9323503584,0.02466884506,0.06542674524,0.005545245362,0.932676655,0.06566131844,1.96088387e-05,1.935207994e-05,0.8698857448,0.004311410625,0.1258028446,1.643815873e-09,1.511387192e-09
25.384,11.81029223,-0.9326039885,0.0186292824,0.06515905475,-0.0005201198824,0.932790035,0.06516113059,1.908688289e-05,1.915199289e-05,0.8700972515,0.004245974808,0.1256567737,1.669527268e-09,1.50136086e-09
25.408,11.79913641,-0.9327876886,0.01257069734,0.06496038865,-0.006609149623,0.9328723891,0.06529573457,1.871809034e-05,1.913708186e-05,0.8702508964,0.004263534822,0.1254855687,1.703110456e-09,1.503539842e-09
25.432,11.78800165,-0.9329005003,0.006491622416,0.06483225525,-0.01272389245,0.9329230861,0.0660690454,1.849379954e-05,1.929415285e-05,0.8703454867,0.004365120652,0.1252893927,1.744367541e-09,1.519751728e-09
25.456,11.77688788,-0.9329411737,0.0003904702023,0.06477659266,-0.01886647995,0.9329412554,0.06746814821,1.840578045e-05,1.960997575e-05,0.8703793882,0.00455195296,0.1250686588,1.793310999e-09,1.553073001e-09
25.48,11.76579505,-0.9329081296,-0.005734448751,0.06479581626,-0.02503908517,0.9329257539,0.06946548489,1.844599953e-05,2.007161443e-05,0.8703504645,0.004825455602,0.1248240799,1.850141452e-09,1.608738054e-09
25.504,11.7547231,-0.9327994194,-0.01188490191,0.06489286657,-0.03124387065,0.9328751298,0.07202266022,1.860654672e-05,2.066683336e-05,0.87025601,0.005187265708,0.1245567243,1.91523706e-09,1.695778242e-09
25.528,11.74367197,-0.9326126823,-0.01806270358,0.06507125626,-0.0374829243,0.9327875838,0.07509486004,1.887968642e-05,2.138447303e-05,0.8700926789,0.005639240292,0.1242680808,1.989151942e-09,1.830232031e-09
25.552,11.73264159,-0.932345102,-0.0242696752,0.06533511435,-0.04375818164,0.9326609279,0.07863495169,1.925798613e-05,2.221473221e-05,0.8698564088,0.006183458162,0.123960133,2.072621969e-09,2.041957247e-09
25.576,11.72163192,-0.9319933614,-0.03050759556,0.06568922544,-0.05007133244,0.932492541,0.0825966868,1.973447823e-05,2.314933888e-05,0.8695423416,0.006822215597,0.1236354428,2.166576981e-09,2.390421044e-09
25.6,11.71064289,-0.9315535985,-0.03677813932,0.06613906066,-0.05642371026,0.9322793243,0.08693681857,2.030281981e-05,2.418162214e-05,0.8691447412,0.007558014014,0.1232972448,2.272158825e-09,3.005406705e-09
25.624,11.69967445,-0.9310213647,-0.04308280195,0.06669079653,-0.06281616331,0.932017655,0.09161622517,2.095742845e-05,2.530651178e-05,0.8686569121,0.008393537562,0.1229495503,2.390744973e-09,4.206906738e-09
25.648,11.68872653,-0.9303915862,-0.04942280913,0.06735131674,-0.06924890564,0.9317033421,0.09660026293,2.169358501e-05,2.652049536e-05,0.8680711207,0.009331618422,0.1225972608,2.523977647e-09,6.920882122e-09
25.672,11.67779908,-0.9296585346,-0.05579900871,0.06812819073,-0.07572134817,0.9313315846,0.1018585929,2.250750413e-05,2.782155907e-05,0.8673785236,0.01037518806,0.1222462884,2.673798743e-09,1.434597798e-08
25.696,11.66689205,-0.9288158075,-0.06221174332,0.06902962199,-0.08223191022,0.9308969359,0.1073646859,2.339637984e-05,2.920913345e-05,0.8665691086,0.01152721205,0.1219036793,2.842491363e-09,3.542679231e-08
25.72,11.65600537,-0.9278563257,-0.06866070198,0.07006435721,-0.08877781355,0.9303932788,0.1130951561,2.435841655e-05,3.068405921e-05,0.8656316568,0.01279055676,0.1215777864,3.032729979e-09,4.148823096e-08
25.744,11.64513898,-0.9267723541,-0.07514474961,0.07124154679,-0.09535486296,0.9298138146,0.1190290212,2.539285706e-05,3.224858523e-05,0.8645537337,0.0141679294,0.1212783369,3.247643689e-09,2.048382608e-08
25.768,11.63429284,-0.925555552,-0.0816617343,0.0725705455,-0.1019572202,0.9291510742,0.1251469489,2.650001888e-05,3.390640879e-05,0.8633217229,0.0156617713,0.1210165058,3.490902049e-09,1.132168938e-08
25.792,11.62346689,-0.9241970645,-0.08820827321,0.07406064167,-0.1085771815,0.928396959,0.1314305253,2.768135046e-05,3.56627681e-05,0.861920918,0.01727399191,0.1208050901,3.766842427e-09,7.653149174e-09
25.816,11.61266106,-0.9226876652,-0.09477952032,0.07572070293,-0.1152049726,0.9275428211,0.137861563,2.893951934e-05,3.752459945e-05,0.8603356899,0.0190058179,0.1206584922,4.080675209e-09,5.924169007e-09
25.84,11.60187531,-0.9210179645,-0.1013689217,0.07755872695,-0.1218285821,0.9265795969,0.144421465,3.027854605e-05,3.95007754e-05,0.8585497547,0.02085756611,0.1205926792,4.438833535e-09,5.004066961e-09
25.864,11.59110957,-0.9191786985,-0.1079679679,0.07958128746,-0.1284336578,0.9254980075,0.1510906541,3.170400135e-05,4.160244731e-05,0.8565465677,0.02282839197,0.1206250403,4.849584871e-09,4.477824152e-09
25.888,11.5803638,-0.9171611151,-0.1145659574,0.08179286887,-0.1350034991,0.9242888453,0.1578480857,3.322329079e-05,4.384352635e-05,0.8543098761,0.02491602425,0.1207740997,5.32410346e-09,4.168122944e-09
25.912,11.56963793,-0.9149574779,-0.1211497933,0.08419508792,-0.1415191872,0.922943367,0.1646708632,3.484606095e-05,4.62413533e-05,0.8518244659,0.02711649931,0.1210590348,5.878331248e-09,3.989819727e-09
25.936,11.55893191,-0.912561705,-0.127703841,0.08678580812,-0.147959901,0.9214538167,0.1715339873,3.658477879e-05,4.881763287e-05,0.8490771443,0.02942391507,0.1214989407,6.536158453e-09,3.898462787e-09
25.96,11.54824569,-0.9099701634,-0.1342098874,0.08955816248,-0.1543034782,0.9198141074,0.1784102795,3.845556315e-05,5.159974859e-05,0.8460580011,0.03183023438,0.1221117646,7.334791425e-09,3.869604607e-09
25.984,11.5375792,-0.9071826367,-0.1406472561,0.0924995138,-0.1605272918,0.9180206899,0.1852705359,4.047939328e-05,5.462263913e-05,0.842761997,0.03432517835,0.1229128246,8.333773428e-09,3.889624797e-09
26.008,11.52693241,-0.9042034796,-0.1469931474,0.09559039948,-0.1666095242,0.9160736421,0.1920839869,4.268389752e-05,5.793152623e-05,0.8391909293,0.03689626534,0.1239128054,9.63025713e-09,3.951371293e-09
26.032,11.51630524,-0.9010429691,-0.1532233013,0.09880353321,-0.1725309379,0.9139780151,0.1988191709,4.510606339e-05,6.158597224e-05,0.8353558256,0.03952907057,0.1251151038,1.138531104e-08,4.052048383e-09
26.056,11.50569765,-0.8977188515,-0.1593131102,0.1021029737,-0.1782772668,0.9117454708,0.2054453725,4.779646337e-05,6.566608291e-05,0.8312798196,0.0422078096,0.1265123708,1.386998651e-08,4.192307194e-09
26.08,11.49510959,-0.8942580658,-0.1652393642,0.1054436317,-0.1838423796,0.9093962479,0.2119348485,5.082607647e-05,7.02823026e-05,0.8270015559,0.04491638931,0.1280820548,1.754526179e-08,4.376153349e-09
26.104,11.48454099,-0.8906985916,-0.1709828868,0.1087713927,-0.1892324073,0.9069614813,0.2182661674,5.429776851e-05,7.559149117e-05,0.8225791547,0.04764013018,0.1297807151,2.318752826e-08,4.611674954e-09
26.128,11.47399181,-0.8870912968,-0.1765324525,0.1120243156,-0.1944710577,0.9044858626,0.2244291415,5.836661003e-05,8.182456192e-05,0.8180947111,0.05036845116,0.1315368378,3.200268288e-08,4.913015357e-09
26.152,11.46346199,-0.8835015,-0.1818905793,0.1151356938,-0.1996063222,0.9020305335,0.2304320114,6.32781262e-05,8.933674943e-05,0.8136591327,0.05309892515,0.1332419421,4.528844929e-08,5.30483864e-09
26.176,11.45295148,-0.8800095997,-0.1870821049,0.1180403072,-0.2047186053,0.8996758358,0.2363117041,6.944609432e-05,9.870566459e-05,0.8094166764,0.05584323706,0.1347400865,6.211160715e-08,5.832706083e-09
26.2,11.44246023,-0.8767093104,-0.1921668769,0.1206860243,-0.2099296894,0.8975228819,0.2421478701,7.762737589e-05,0.0001109404027,0.8055474043,0.05863560988,0.1358169858,7.474806192e-08,6.589553614e-09
26.224,11.43198818,-0.8737002553,-0.1972582338,0.1230539426,-0.2154103486,0.8956913235,0.2480804125,8.937114203e-05,0.0001279830651,0.8022630287,0.06154391526,0.1361930561,7.378110389e-08,7.793384658e-09
26.248,11.42153528,-0.8710678995,-0.2025483937,0.1251907804,-0.2213808454,0.8943070711,0.2543269749,0.0001084157331,0.0001541230314,0.7997852122,0.064682244,0.1355325438,6.306338348e-08,1.006459919e-08
26.272,11.41110148,-0.8688367077,-0.2083374842,0.127254886,-0.2280919636,0.8934661336,0.2611891076,0.0001465304333,0.0002010522079,0.7982818062,0.06821980607,0.1334983877,5.283466605e-08,1.57415786e-08
26.296,11.40068672,-0.8668725309,-0.215046319,0.1295664212,-0.2357656662,0.8931477504,0.2690221307,0.0002639536127,0.0003138413947,0.7977130262,0.07237304377,0.1299139301,5.236864752e-08,3.844262688e-08
26.31078971,11.39427821,-0.8656141057,-0.2198476723,0.1313251175,-0.2410163657,0.8930961756,0.2744725397,0.0004655118751,0.0004961996702,0.7976210715,0.07533554343,0.1270433851,7.584078681e-08,1.221674167e-07
26.32,11.39029096,-0.8647122059,-0.2231457642,0.1326248432,-0.2444735847,0.8930404421,0.2781306934,0.0003467785152,0.0006223355826,0.797521693,0.07735895777,0.1251193493,3.415483643e-07,1.887838245e-06
26.344,11.37991414,-0.8613793602,-0.2328454062,0.1370148679,-0.2539658013,0.8922955706,0.2885683667,8.676360737e-05,0.0002055432554,0.796191461,0.08327193499,0.120536604,6.807904341e-08,1.904756792e-07
26.368,11.3695562,-0.8555647359,-0.2433764714,0.1431117167,-0.26356513,0.8895072367,0.2999125559,2.769717634e-05,5.523711049e-05,0.7912231563,0.08994758237,0.1188292613,3.145929028e-08,3.812874807e-08
26.392,11.35921711,-0.8470758691,-0.2523663334,0.1506158945,-0.2723805158,0.8838700664,0.3112495671,1.017787978e-05,3.61950912e-06,0.7812263208,0.09687631691,0.1218973623,2.632645971e-08,2.384997738e-08
26.416,11.3488968,-0.8397881572,-0.2580204149,0.1582318695,-0.280142317,0.8785321186,0.3217406445,1.893672254e-05,2.509367622e-05,0.7718187084,0.1035170628,0.1246642288,2.467663158e-08,1.983276784e-08
26.44,11.33859523,-0.8382524799,-0.2685824311,0.1644195374,-0.2889553395,0.8802293691,0.3324589787,2.832787086e-05,2.419540772e-05,0.7748037666,0.1105289913,0.1146672421,2.346442537e-08,1.81715133e-08
26.464,11.32831235,-0.8244475104,-0.2887670293,0.1727360619,-0.304032246,0.8735560054,0.3496760697,3.3968567e-05,1.750843114e-05,0.7631001172,0.122273371,0.1146265118,2.140904784e-08,1.698933731e-08
26.488,11.3180481,-0.8059091268,-0.3001573793,0.1917779078,-0.3201435047,0.859990682,0.3731898036,2.036216173e-05,1.859242819e-05,0.7395839887,0.1392706443,0.121145367,1.516846058e-08,1.44622188e-08
26.49816,11.3137085,-0.7882142937,-0.3117371948,0.2086323349,-0.3333213501,0.8476212901,0.3932309418,0.0002212347759,0.0002438568326,0.718461982,0.1546307348,0.1269072831,8.160778693e-08,1.017744195e-07
26.512,11.30780243,-0.7641103736,-0.2965623431,0.233046946,-0.3150435679,0.8196425357,0.3918715717,5.632845597e-05,1.797234068e-05,0.7032681153,0.1891299874,0.1076018972,0.03145422587,0.0355666584
26.536,11.29757529,-0.7546060986,-0.2804210607,0.2426680777,-0.30061562,0.8050256737,0.3863386428,3.789454663e-05,2.611013067e-05,0.6930122535,0.1952314565,0.1117562899,0.04494591683,0.04597390893
26.56,11.28736664,-0.7480341889,-0.2714938463,0.2495912567,-0.2916438768,0.7957788991,0.3838644895,3.513516548e-05,3.291038267e-05,0.6887361425,0.2034784142,0.1077854433,0.05547208498,0.0561264668
26.584,11.27717642,-0.742806187,-0.2647435818,0.2548485046,-0.2848659955,0.7885747875,0.3822255822,3.896632336e-05,3.897840529e-05,0.6846142055,0.2097224273,0.1056633672,0.06276400849,0.06362603002
26.608,11.26700459,-0.7385366937,-0.2592950041,0.2591123929,-0.2794566936,0.7827326153,0.3810974623,4.392594127e-05,4.441810115e-05,0.6811440587,0.214547424,0.1043085173,0.06847370973,0.06931214626
26.632,11.25685108,-0.7349451934,-0.2547818617,0.2627076403,-0.2749954367,0.7778548929,0.3803127588,4.864340643e-05,4.929590524e-05,0.678179801,0.218501331,0.103318868,0.07312156426,0.07386353412
26.656,11.24671586,-0.731846583,-0.2509847107,0.2658132834,-0.2712438054,0.7736877575,0.379776123,5.291506443e-05,5.364043472e-05,0.6755469661,0.2219046453,0.1025483886,0.07695421728,0.07767473877
26.68,11.23659888,-0.7291199135,-0.2477554606,0.2685428485,-0.2680531261,0.7700640341,0.3794308104,5.672524383e-05,5.743519888e-05,0.6731726394,0.2249273235,0.101900037,0.08017401964,0.08095958036
26.704,11.22650007,-0.7266840939,-0.2449892126,0.2709750234,-0.2653226491,0.766869928,0.3792407829,6.003294526e-05,6.061111902e-05,0.6710309767,0.2276554403,0.101313583,0.08294148655,0.08383186517
26.728,11.21641941,-0.7244825639,-0.2426094463,0.2731673234,-0.2629795897,0.7640250839,0.3791815544,6.271380479e-05,6.30373225e-05,0.6691002333,0.2301334428,0.1007663239,0.0853659006,0.08635478761
26.752,11.20635683,-0.7224740999,-0.2405589314,0.2751632599,-0.260968837,0.761470567,0.3792354855,6.452725147e-05,6.451224918e-05,0.6673507889,0.2323892463,0.1002599649,0.08751336022,0.08856968865
26.776,11.19631229,-0.7206273474,-0.2387937853,0.2769965876,-0.259247177,0.7591615412,0.379389257,6.509303588e-05,6.476232473e-05,0.6657484281,0.2344463593,0.09980521261,0.08942217812,0.09051014678
26.8,11.18628575,-0.7189175528,-0.2372794719,0.2786940172,-0.2577797826,0.7570627421,0.3796324163,6.390370061e-05,6.346248186e-05,0.6642607877,0.2363288389,0.09941037341,0.09111678821,0.0922080633
26.824,11.17627714,-0.7173245876,-0.2359880565,0.2802770245,-0.2565379292,0.7551456328,0.3799564706,6.043108055e-05,6.029783689e-05,0.6628618461,0.2380620667,0.09907608719,0.09261691568,0.09369514349
26.848,11.16628643,-0.7158317408,-0.2348962878,0.2817630861,-0.2554974198,0.7533865854,0.3803542668,5.437481248e-05,5.507744667e-05,0.661533431,0.2396714435,0.0987951255,0.0939420809,0.09500207226
26.872,11.15631356,-0.7144249776,-0.2339842183,0.2831665267,-0.2546374367,0.7517656969,0.380819519,4.598250714e-05,4.787786226e-05,0.660264425,0.2411806031,0.09855497196,0.09511275982,0.09615709478
26.896,11.14635849,-0.7130925,-0.2332341598,0.2844990854,-0.2539396446,0.7502660107,0.3813463946,3.622228868e-05,3.915651773e-05,0.6590487663,0.2426098679,0.09834136579,0.09614967816,0.09718479367
26.92,11.13642117,-0.71182453,-0.2326298075,0.285770251,-0.2533874172,0.7488730125,0.3819290766,2.67430866e-05,2.981431387e-05,0.6578831657,0.2439751683,0.09814166595,0.09707237615,0.09810534788
26.944,11.12650156,-0.7106133117,-0.2321553701,0.2869873586,-0.2529650551,0.7475743406,0.3825611887,2.00386689e-05,2.141579305e-05,0.6567651462,0.2452873059,0.09794754796,0.0978977511,0.09893424231
26.968,11.1165996,-0.7094534239,-0.2317944847,0.2881553442,-0.252656813,0.7463597282,0.3832348725,1.921458504e-05,1.699466045e-05,0.6556915962,0.246551182,0.09775722179,0.09863875197,0.09968221423
26.992,11.10671525,-0.7083426923,-0.2315285301,0.2892758373,-0.2524453961,0.7452213295,0.3839390421,2.421390425e-05,1.964800308e-05,0.654657838,0.2477642292,0.09757793282,0.09930300741,0.1003550407
27.016,11.09684846,-0.7072845065,-0.231333543,0.2903446525,-0.2523092075,0.7441549444,0.3846556297,3.224962699e-05,2.739490043e-05,0.6536569752,0.2489123487,0.09743067611,0.09989039297,0.1009523945
27.04,11.08699919,-0.706293889,-0.2311740594,0.2913446967,-0.2522168031,0.7431638469,0.3853505522,4.224865267e-05,3.771702064e-05,0.6526791637,0.2499589681,0.09736186824,0.1003866586,0.1014639186
27.064,11.07716738,-0.7054143711,-0.2309914343,0.2922238971,-0.2521167142,0.7422711619,0.3859503124,5.524090038e-05,5.078996202e-05,0.6517150424,0.2508250763,0.09745988123,0.1007485617,0.1018674301
27.088,11.067353,-0.7047587786,-0.2306988194,0.2928275595,-0.2519424635,0.7415570655,0.3862939095,7.569969283e-05,7.026489538e-05,0.6508013822,0.2512879184,0.0979106994,0.1008944951,0.102064929
27.112,11.05755599,-0.7043739345,-0.2303830872,0.2929935832,-0.251875469,0.7410931159,0.3863761013,0.000125220326,0.0001170437888,0.6501284113,0.2513793743,0.09849221441,0.1009093892,0.1020928689
27.136,11.04777631,-0.7023302934,-0.2315989753,0.2950910661,-0.2528264802,0.7395308827,0.3885871413,0.0001278154324,0.0001162787754,0.6484859167,0.2537488702,0.09776521312,0.1015799739,0.1027488903
27.16,11.03801392,-0.7003299082,-0.2342452379,0.2973126994,-0.2549119044,0.7384665273,0.3916311022,4.901994184e-05,5.065275889e-05,0.6478076971,0.2570911581,0.09510114483,0.1024748828,0.1037162353
27.184,11.02826876,-0.6992820648,-0.2351540131,0.2983723321,-0.2557506635,0.7377620321,0.3929814887,5.214072797e-05,5.440660069e-05,0.6469415735,0.2583066723,0.09475175426,0.1026487548,0.1038722189
27.208,11.0185408,-0.6982658499,-0.2356886724,0.2993807431,-0.2563270339,0.7369697059,0.3941222877,4.208610505e-05,4.374966957e-05,0.646004799,0.2594167278,0.09457847325,0.1028804498,0.1040843482
27.232,11.00882998,-0.6972447896,-0.2362368934,0.3003950193,-0.256922228,0.7361780806,0.3952798994,3.568031864e-05,3.559073045e-05,0.6450401936,0.2605133403,0.09444646612,0.1030820259,0.1042671402
27.256,10.99913626,-0.6962175964,-0.2368505058,0.3014162729,-0.2575744999,0.7354026813,0.3964800027,3.348045454e-05,3.272830679e-05,0.6440527691,0.2616038678,0.09434336307,0.1032356643,0.1044074742
27.28,10.9894596,-0.6951837372,-0.237530459,0.3024439751,-0.2582852776,0.7346435512,0.3977230729,3.34293356e-05,3.286673937e-05,0.6430450533,0.2626907821,0.09426416459,0.1033439048,0.1045071384
27.304,10.97979996,-0.6941428215,-0.2382703446,0.3034779666,-0.2590501589,0.7338985038,0.3990060915,3.425100209e-05,3.418950072e-05,0.6420191703,0.2637758779,0.09420495179,0.1034121553,0.1045700157
27.328,10.97015727,-0.6930945188,-0.2390636018,0.3045183684,-0.2598642921,0.7331653413,0.4003259759,3.535157578e-05,3.583532384e-05,0.6409773718,0.2648609658,0.09416166237,0.1034459529,0.1046000776
27.352,10.96053152,-0.6920385272,-0.2399046059,0.3055654497,-0.2607233214,0.7324421772,0.4016800896,3.647760926e-05,3.746022834e-05,0.6399220396,0.2659479439,0.0941300165,0.1034504953,0.1046010481
27.376,10.95092263,-0.6909745705,-0.2407886487,0.3066195468,-0.2616234639,0.7317274291,0.4030662269,3.752602324e-05,3.894007254e-05,0.6388555562,0.2670387262,0.09410571756,0.1034305244,0.1045763414
27.4,10.94133058,-0.6899024016,-0.2417117552,0.3076810163,-0.2625614257,0.7310197646,0.4044825213,3.845878466e-05,4.023858525e-05,0.6377801571,0.2681351521,0.09408469079,0.1033902594,0.1045290404
27.424,10.93175532,-0.6888218053,-0.2426705169,0.3087502097,-0.2635343081,0.7303180534,0.4059273624,3.926611065e-05,4.135395855e-05,0.6366978023,0.2692389097,0.09406328805,0.1033333415,0.1044618844
27.448,10.92219681,-0.6877325999,-0.2436619667,0.3098274593,-0.2645395307,0.7296213285,0.4073993347,3.995041732e-05,4.229732215e-05,0.6356100806,0.270351482,0.09403843742,0.103262796,0.1043772623
27.472,10.91265499,-0.6866346361,-0.2446834877,0.3109130716,-0.2655747732,0.7289287569,0.4088971732,4.051915208e-05,4.30839479e-05,0.6345181505,0.271474115,0.09400773447,0.1031810162,0.1042772149
27.496,10.90312984,-0.6855277948,-0.245732747,0.3120073242,-0.2666379312,0.7282396174,0.4104197324,4.098153174e-05,4.37296499e-05,0.6334227164,0.2726078041,0.09396947959,0.1030897744,0.1041634454
27.52,10.89362129,-0.6844119839,-0.2468076466,0.313110466,-0.2677270831,0.727553282,0.4119659633,4.134705199e-05,4.424936339e-05,0.6323240346,0.2737532962,0.09392266922,0.1029902548,0.1040373393
27.544,10.88412932,-0.6832871354,-0.2479062863,0.3142227173,-0.2688404642,0.7268692015,0.4135348972,4.162482169e-05,4.465665385e-05,0.6312219464,0.2749111034,0.09386695016,0.1028831085,0.1038999902
27.568,10.87465387,-0.6821532016,-0.2490269346,0.3153442721,-0.2699764459,0.7261868937,0.4151256332,4.182328879e-05,4.496362268e-05,0.6301159293,0.2760815247,0.09380254603,0.1027685229,0.1037522314
27.592,10.86519491,-0.681010152,-0.250168006,0.3164752998,-0.2711335196,0.7255059327,0.4167373284,4.195015279e-05,4.518097596e-05,0.6290051618,0.2772646735,0.0937301647,0.1026463017,0.1035946705
27.616,10.85575239,-0.6798579702,-0.2513280417,0.3176159471,-0.2723102826,0.7248259406,0.4183691908,4.201236522e-05,4.531815234e-05,0.6278885972,0.2784605083,0.09365089452,0.1025159513,0.1034277264
27.64,10.84632627,-0.678696651,-0.2525056945,0.3187663397,-0.2735054266,0.7241465804,0.420020473,4.201616939e-05,4.538346478e-05,0.6267650392,0.2796688647,0.09356609608,0.1023767676,0.1032516649
27.664,10.8369165,-0.6775261983,-0.2536997155,0.319926585,-0.2747177281,0.7234675494,0.4216904669,4.196715565e-05,4.538423649e-05,0.6256332177,0.2808894869,0.09347729544,0.1022279208,0.103066635
27.688,10.82752304,-0.6763466225,-0.2549089423,0.3210967726,-0.2759460395,0.722788574,0.4233784998,4.187032032e-05,4.532692399e-05,0.6244918592,0.2821220576,0.09338608321,0.1020685348,0.1028727014
27.712,10.81814586,-0.675157939,-0.2561322894,0.3222769766,-0.2771892821,0.7221094047,0.4250839302,4.173012293e-05,4.521722534e-05,0.6233397512,0.2833662253,0.09329402354,0.1018977571,0.1026698755
27.736,10.8087849,-0.6739601665,-0.2573687392,0.3234672565,-0.2784464387,0.7214298122,0.4268061449,4.155053922e-05,4.506017406e-05,0.6221757961,0.2846216284,0.09320257546,0.1017148205,0.1024581411
27.76,10.79944013,-0.6727533255,-0.2586173343,0.3246676582,-0.2797165484,0.7207495838,0.4285445551,4.133510911e-05,4.486022013e-05,0.6209990557,0.2858879158,0.09311302851,0.1015190914,0.1022374781
27.784,10.7901115,-0.6715374375,-0.2598771699,0.3258782149,-0.2809987001,0.72006852,0.4302985944,4.108697961e-05,4.462129975e-05,0.6198087835,0.2871647629,0.09302645366,0.1013101084,0.1020078805
27.808,10.78079898,-0.670312524,-0.2611473877,0.3270989473,-0.2822920283,0.7193864316,0.4320677153,4.080894284e-05,4.434689538e-05,0.6186044462,0.2884518842,0.09294366961,0.1010876066,0.1017693716
27.832,10.77150252,-0.6690786054,-0.2624271694,0.3283298647,-0.2835957078,0.7187031372,0.4338513865,4.050346967e-05,4.404008765e-05,0.6173857333,0.2897490424,0.09286522422,0.1008515322,0.1015220149
27.856,10.76222207,-0.6678357005,-0.2637157315,0.3295709646,-0.2849089489,0.7180184607,0.4356490903,4.017273938e-05,4.37036003e-05,0.6161525566,0.2910560537,0.09279138973,0.1006020451,0.1012659219
27.88,10.7529576,-0.6665838257,-0.2650123191,0.3308222329,-0.2862309931,0.7173322285,0.4374603196,3.981866584e-05,4.333983926e-05,0.6149050398,0.2923727897,0.09272217053,0.1003395122,0.1010012566
27.904,10.74370907,-0.6653229942,-0.2663162017,0.3320836442,-0.2875611084,0.7166442674,0.439284575,3.944292053e-05,4.295092681e-05,0.6136435002,0.293699178,0.09265732175,0.1000644927,0.1007282384
27.928,10.73447644,-0.6640532152,-0.2676266672,0.3333551615,-0.2888985843,0.7159544019,0.4411213616,3.904695288e-05,4.253873163e-05,0.6123684235,0.2950351997,0.09259637675,0.09977771645,0.1004471422
27.952,10.72525966,-0.6627744923,-0.2689430177,0.3346367363,-0.2902427268,0.7152624514,0.4429701861,3.863200824e-05,4.210489543e-05,0.611080433,0.2963808851,0.09253868186,0.09948005719,0.1001582976
27.976,10.71605869,-0.6614868224,-0.2702645643,0.3359283089,-0.291592853,0.714568227,0.4448305527,3.819914367e-05,4.165085674e-05,0.6097802552,0.2977363079,0.0924834369,0.09917250274,0.09986208555
28,10.7068735,-0.6601901936,-0.2715906226,0.3372298095,-0.2929482843,0.7138715276,0.4467019606,3.774924202e-05,4.117787248e-05,0.6084686822,0.2991015778,0.09242974008,0.09885612275,0.09955893442
28.024,10.69770404,-0.6588845818,-0.2729205077,0.3385411594,-0.2943083398,0.713172136,0.4485839002,3.728302454e-05,4.068703786e-05,0.607146533,0.3004768307,0.09237663629,0.09853203603,0.09924931356
28.048,10.68855027,-0.6575699473,-0.27425353,0.3398622747,-0.2956723284,0.7124698129,0.4504758501,3.680106211e-05,4.017930506e-05,0.6058146139,0.3018622184,0.09232316765,0.09820137828,0.09893372527
28.072,10.67941215,-0.6562462296,-0.275588991,0.3411930711,-0.2970395401,0.7117642909,0.4523772763,3.630378572e-05,3.965550141e-05,0.6044736784,0.3032578963,0.09226842525,0.09786527128,0.09861269463
28.096,10.67028965,-0.6549133405,-0.2769261799,0.3425334723,-0.2984092367,0.711055267,0.4542876316,3.579149634e-05,3.911634763e-05,0.6031243882,0.3046640113,0.09221160049,0.09752479422,0.09828675763
28.12,10.66118272,-0.6535711554,-0.2782643714,0.3438834228,-0.2997806431,0.7103423932,0.4562063595,3.526437458e-05,3.856247682e-05,0.6017672747,0.3060806918,0.09215203352,0.0971809579,0.09795644784
28.144,10.65209132,-0.6522195024,-0.2796028255,0.3452429057,-0.3011529402,0.7096252668,0.4581329036,3.472249092e-05,3.799445533e-05,0.6004027033,0.3075080414,0.09208925538,0.09683468272,0.09762228256
28.168,10.64301541,-0.6508581489,-0.2809407898,0.3466119677,-0.3025252627,0.7089034189,0.4600667242,3.416581693e-05,3.741280653e-05,0.5990308395,0.3089461414,0.09202301907,0.09648678094,0.09728474931
28.192,10.63395495,-0.649486786,-0.2822775073,0.3479907504,-0.3038967044,0.7081763032,0.462007326,3.359423871e-05,3.681803904e-05,0.5976516148,0.3103950659,0.09195331937,0.09613793728,0.09694429518
28.216,10.62490991,-0.6481050115,-0.2836122293,0.3493795271,-0.3052663385,0.7074432857,0.4639542988,3.300757375e-05,3.621068155e-05,0.5962646914,0.3118549138,0.09188039476,0.09578868782,0.09660132114
28.24,10.61588024,-0.6467123127,-0.2849442377,0.3507787386,-0.3066332571,0.7067036394,0.4659073705,3.240559311e-05,3.559132697e-05,0.5948694828,0.3133258582,0.09180465902,0.09543944776,0.09625617909
28.264,10.60686591,-0.6453080533,-0.2862728769,0.3521890187,-0.3079966356,0.7059565452,0.4678664686,3.178805167e-05,3.496068968e-05,0.5934651858,0.3148082052,0.09172660899,0.09509054112,0.09590917154
28.288,10.59786687,-0.6438914672,-0.2875975985,0.3536111933,-0.3093558195,0.7052011062,0.4698317774,3.115473031e-05,3.431968118e-05,0.5920507611,0.3163024569,0.09164678198,0.09474215996,0.09556055662
28.312,10.58888309,-0.6424616681,-0.2889180159,0.3550462351,-0.3107104241,0.704436381,0.4718037693,3.050549557e-05,3.366951141e-05,0.5906250109,0.3178093539,0.09156563515,0.09439439516,0.09521055606
28.336,10.57991453,-0.6410176807,-0.2902339665,0.3564951626,-0.3120604196,0.7036614401,0.473783185,2.984038501e-05,3.301182594e-05,0.5891866928,0.3193298704,0.09148343673,0.09404726968,0.09485936291
28.36,10.57096114,-0.6395585031,-0.2915455708,0.3579588881,-0.3134061669,0.7028754503,0.4757709439,2.915973044e-05,3.234889348e-05,0.587734631,0.3208651404,0.09140022867,0.09370073143,0.09450714829
28.384,10.5620229,-0.638083201,-0.2928532743,0.3594380461,-0.3147483727,0.7020777818,0.4777679846,2.846433677e-05,3.168386388e-05,0.5862679152,0.3224164164,0.09131566836,0.09335470271,0.09415416831
28.408,10.55309976,-0.6365910321,-0.2941578518,0.3609328526,-0.3160879545,0.7012681255,0.4797750713,2.775574335e-05,3.102112519e-05,0.5847860615,0.3239843098,0.09122962871,0.09300907687,0.09380018975
28.432,10.54419169,-0.6350815795,-0.2954603571,0.3624430477,-0.3174258452,0.700446597,0.4817926214,2.70366077e-05,3.036679991e-05,0.583289136,0.3255697956,0.09114106838,0.09266370008,0.0934456646
28.456,10.53529864,-0.6335548693,-0.2967620083,0.3639679436,-0.3187627946,0.6996137948,0.4838206106,2.631127163e-05,2.972943611e-05,0.5817778504,0.3271729207,0.09104922887,0.09231838777,0.0930905366
28.48,10.52642058,-0.632011434,-0.2980640194,0.3655065589,-0.320099227,0.6987707867,0.48585858,2.558659893e-05,2.91209699e-05,0.5802535289,0.3287933893,0.09095308183,0.09197291589,0.09273482871
28.504,10.51755747,-0.6304522966,-0.2993674078,0.3670577904,-0.3214351875,0.697919009,0.4879057299,2.487321626e-05,2.855806024e-05,0.578717868,0.3304305742,0.09085155773,0.09162692431,0.09237857214
28.528,10.50870927,-0.6288788682,-0.3006728217,0.3686205689,-0.3227703727,0.6970600954,0.4899610569,2.418734532e-05,2.80639238e-05,0.5771729782,0.3320840231,0.09074299871,0.09128020103,0.09202218503
28.552,10.49987595,-0.6272927793,-0.3019804306,0.3701939657,-0.3241042136,0.6961956704,0.4920234888,2.355348101e-05,2.767081629e-05,0.5756208922,0.3337507188,0.090628389,0.09093248017,0.09166360455
28.576,10.49105746,-0.6256956863,-0.3032899018,0.3717772422,-0.3254359764,0.6953271578,0.4940919879,2.300822386e-05,2.742330133e-05,0.5740632968,0.3354316862,0.09050501701,0.09058343993,0.09130479291
28.6,10.48225378,-0.6240890975,-0.3046004588,0.373369854,-0.3267648525,0.6944556437,0.4961656142,2.260555238e-05,2.738239229e-05,0.5725014183,0.3371253007,0.09037328098,0.09023277669,0.09094498325
28.624,10.47346485,-0.6224742529,-0.305910997,0.3749714267,-0.3280900262,0.6935818147,0.498243551,2.24235958e-05,2.763053142e-05,0.5709359414,0.3388305713,0.09023348726,0.08988020729,0.09058393445
28.648,10.46469066,-0.6208520684,-0.3072202202,0.376581719,-0.3294107176,0.6927059654,0.5003251063,2.257239285e-05,2.827723586e-05,0.5693670304,0.3405466413,0.09008632836,0.08952547538,0.09022142848
28.672,10.45593115,-0.6192231372,-0.3085267688,0.3782005861,-0.330726205,0.6918280572,0.5024096993,2.320129445e-05,2.946532257e-05,0.56779442,0.3422727365,0.08993284352,0.08916835873,0.08985722969
28.696,10.4471863,-0.6175877722,-0.3098293191,0.3798279464,-0.3320358323,0.6909478007,0.5044968412,2.45045523e-05,3.137841734e-05,0.5662175396,0.3440081359,0.08977432442,0.0888086757,0.08949107214
28.72,10.43845606,-0.615946067,-0.3111266483,0.3814637566,-0.3333390088,0.6900647424,0.5065861155,2.672636194e-05,3.425255811e-05,0.5646356402,0.3457521468,0.08961221296,0.08844629084,0.08912265322
28.744,10.4297404,-0.6142979608,-0.3124176684,0.3831079924,-0.3346352028,0.6891783399,0.5086771597,3.017366822e-05,3.839838487e-05,0.5630479048,0.3475040932,0.08944800201,0.08808111973,0.08875163893
28.768,10.42103928,-0.6126432969,-0.3137014359,0.3847606354,-0.3359239349,0.6882880212,0.5107696512,3.525420526e-05,4.424560076e-05,0.5614535339,0.3492632801,0.08928318602,0.08771313255,0.08837764157
28.792,10.41235267,-0.6109818695,-0.314977146,0.3864216646,-0.3372047697,0.6873932261,0.5128632952,4.256640724e-05,5.242931473e-05,0.5598518042,0.351028957,0.08911923875,0.08734235516,0.0880001947
28.816,10.40368052,-0.6093134583,-0.3162441173,0.3880910512,-0.3384773091,0.686493432,0.5149578165,5.308774901e-05,6.3953692e-05,0.5582421032,0.3528003066,0.08895759025,0.08696886813,0.08761874968
28.84,10.39502282,-0.6076378525,-0.3175017749,0.3897687552,-0.3397411863,0.6855881686,0.517052953,6.857516405e-05,8.050106643e-05,0.5566239461,0.3545764834,0.08879957052,0.08659280451,0.08723272073
28.864,10.3863795,-0.6059548653,-0.318749631,0.3914547241,-0.3409960604,0.6846770231,0.519148451,9.250343925e-05,0.0001049951802,0.5549969811,0.3563567839,0.088646235,0.08621434654,0.08684165868
28.888,10.37775055,-0.6042643422,-0.319987269,0.3931488923,-0.3422416126,0.6837596416,0.5212440627,0.000132548971,0.0001423329913,0.5533609865,0.3581410664,0.08849794706,0.08583372141,0.08644567331
28.912,10.36913593,-0.6025661649,-0.3212143291,0.394851181,-0.3434775431,0.6828357257,0.5233395434,0.0002075134108,0.0001976298301,0.5517158673,0.3599304234,0.08835370932,0.08545119589,0.08604610662
28.936,10.3605356,-0.6008602521,-0.3224304966,0.3965614989,-0.3447035686,0.6819050283,0.5254346511,0.000350500592,0.0002562239817,0.5500616606,0.3617275732,0.08821076611,0.08506707014,0.08564593502
28.96,10.35194952,-0.5991465579,-0.3236354927,0.3982797425,-0.3459194204,0.6809673487,0.5275291448,0.0004089405109,0.0002600717106,0.548398368,0.3635358909,0.08806574109,0.08468167083,0.08524882462
28.984,10.34337766,-0.5974250698,-0.3248290677,0.4000057971,-0.3471248431,0.680022527,0.529622785,0.0002811063822,0.0002153868394,0.5467260602,0.3653572141,0.0879167257,0.08429534386,0.08485687334
29.008,10.33481998,-0.5956958063,-0.3260109953,0.4017395374,-0.3483195936,0.6790704401,0.5317153329,0.0001988551991,0.0001727760148,0.545045149,0.3671906187,0.08776423228,0.08390844683,0.08446939358
29.032,10.32627645,-0.5939588133,-0.3271810688,0.4034808284,-0.3495034405,0.6781109966,0.5338065509,0.000154528628,0.0001427133263,0.543355889,0.3690335694,0.0876105416,0.08352134142,0.08408411523
29.056,10.31774704,-0.5922141619,-0.3283390984,0.4052295257,-0.3506761635,0.6771441332,0.5358962028,0.0001280003696,0.000121946555,0.5416585796,0.3708837741,0.08745764637,0.08313438608,0.08369901908
29.08,10.30923171,-0.5904619453,-0.329484909,0.4069854769,-0.351837553,0.6761698115,0.5379840537,0.0001105640356,0.0001071298715,0.5399535551,0.3727399636,0.08730648132,0.08274792885,0.08331311004
29.104,10.30073042,-0.5887022763,-0.3306183389,0.4087485215,-0.3529874102,0.6751880154,0.540069871,9.828212611e-05,9.614606553e-05,0.5382411666,0.3746017619,0.0871570715,0.08236230086,0.08292628704
29.128,10.29224313,-0.5869352853,-0.3317392391,0.4105184923,-0.3541255469,0.674198748,0.5421534243,8.91744276e-05,8.771901167e-05,0.5365217701,0.376469318,0.08700891187,0.08197781034,0.08253897483
29.152,10.28376983,-0.5851611179,-0.3328474723,0.4122952152,-0.3552517856,0.6732020304,0.5442344859,8.214986523e-05,8.106288454e-05,0.5347957179,0.3783430108,0.08686127126,0.08159473744,0.0821518286
29.176,10.27531046,-0.5833799335,-0.3339429131,0.4140785102,-0.3563659594,0.6721978994,0.5463128313,7.656191297e-05,7.567630512e-05,0.5330633518,0.380223264,0.08671338429,0.08121332992,0.08176554855
29.2,10.266865,-0.581591903,-0.3350254474,0.4158681922,-0.3574679122,0.6711864063,0.5483882398,7.200461182e-05,7.122769756e-05,0.531324997,0.3821104351,0.08656456793,0.08083379975,0.0813807685
29.224,10.25843341,-0.5797972079,-0.3360949728,0.4176640708,-0.3585574989,0.6701676156,0.5504604945,6.821083801e-05,6.749050154e-05,0.5295809583,0.3840047493,0.08641429236,0.08045632069,0.08099798872
29.248,10.25001566,-0.5779960385,-0.3371513984,0.4194659514,-0.3596345854,0.6691416038,0.5525293833,6.499793127e-05,6.430539786e-05,0.527831517,0.3859062633,0.08626221964,0.08008102688,0.08061753976
29.272,10.24161171,-0.576188593,-0.3381946448,0.4212736357,-0.3606990489,0.6681084586,0.5545946988,6.22369167e-05,6.155751807e-05,0.5260769287,0.3878148569,0.08610821433,0.07970801236,0.08023957315
29.296,10.23322153,-0.5743750763,-0.3392246445,0.4230869217,-0.3617507779,0.6670682781,0.5566562392,5.983422262e-05,5.916223531e-05,0.5243174228,0.3897302481,0.08595232914,0.07933733151,0.07986407596
29.32,10.22484509,-0.5725556984,-0.3402413419,0.4249056048,-0.3627896727,0.6660211697,0.5587138083,5.772036867e-05,5.705603375e-05,0.5225532023,0.3916520264,0.08579477134,0.07896900037,0.07949090359
29.344,10.21648235,-0.5707306745,-0.3412446932,0.4267294778,-0.3638156449,0.6649672499,0.5607672162,5.584271765e-05,5.519047953e-05,0.5207844452,0.3935796962,0.08563585855,0.07860299873,0.0791198224
29.368,10.20813327,-0.5689002229,-0.3422346667,0.428558332,-0.3648286184,0.663906643,0.5628162797,5.416068861e-05,5.352814131e-05,0.5190113064,0.3955127208,0.08547597283,0.07823927283,0.07875055316
29.392,10.19979784,-0.5670645649,-0.3432112428,0.4303919569,-0.3658285287,0.6628394813,0.5648608226,5.264251088e-05,5.203976936e-05,0.5172339195,0.3974505596,0.08531552089,0.07787773876,0.07838280793
29.416,10.191476,-0.5652239239,-0.344174414,0.4322301414,-0.3668153235,0.6617659038,0.5669006762,5.126297127e-05,5.070230674e-05,0.5154524002,0.3993926957,0.08515490412,0.07751828618,0.07801631642
29.44,10.18316773,-0.5633785241,-0.3451241847,0.4340726741,-0.3677889626,0.6606860558,0.5689356795,5.000181812e-05,4.949746292e-05,0.5136668493,0.401338651,0.08499449963,0.07716078248,0.07765084114
29.464,10.174873,-0.5615285904,-0.3460605717,0.4359193437,-0.3687494181,0.6596000888,0.5709656798,4.884260981e-05,4.841067544e-05,0.5118773566,0.4032879929,0.08483465056,0.07680507705,0.07728618297
29.488,10.16659177,-0.5596743472,-0.3469836031,0.4377699396,-0.3696966742,0.6585081592,0.572990533,4.777187017e-05,4.743034411e-05,0.5100840038,0.405240333,0.0846756632,0.0764510058,0.07692217982
29.512,10.158324,-0.5578160178,-0.3478933191,0.4396242527,-0.3706307273,0.6574104282,0.5750101039,4.677846002e-05,4.65472602e-05,0.5082868689,0.4071953231,0.08451780802,0.07609839551,0.07655870141
29.536,10.15006968,-0.5559538238,-0.3487897714,0.4414820755,-0.371551586,0.6563070613,0.5770242664,4.585310317e-05,4.575417743e-05,0.5064860291,0.4091526485,0.08436132234,0.07574706825,0.0761956424
29.56,10.14182876,-0.5540879843,-0.3496730228,0.4433432032,-0.372459271,0.6551982274,0.5790329044,4.498802475e-05,4.504548785e-05,0.5046815647,0.4111120222,0.08420641313,0.07539684545,0.0758329158
29.584,10.1336012,-0.5522187155,-0.3505431471,0.4452074337,-0.373353815,0.6540840984,0.5810359113,4.417667246e-05,4.441697651e-05,0.5028735616,0.4130731796,0.08405325878,0.07504755188,0.07547044743
29.608,10.12538699,-0.5503462298,-0.3514002289,0.4470745687,-0.3742352626,0.6529648486,0.5830331909,4.341349953e-05,4.386563657e-05,0.5010621145,0.4150358759,0.08390200962,0.07469901911,0.07510817224
29.632,10.11718608,-0.5484707352,-0.3522443628,0.4489444139,-0.3751036698,0.6518406542,0.5850246575,4.269379461e-05,4.338953173e-05,0.499247329,0.4169998841,0.08375278687,0.07435108878,0.07474603233
29.656,10.10899845,-0.5465924348,-0.3530756533,0.4508167798,-0.3759591044,0.6507116924,0.587010236,4.201354738e-05,4.298769638e-05,0.4974293238,0.4189649958,0.08360568042,0.07400361533,0.07438397681
29.68,10.10082406,-0.5447115263,-0.3538942141,0.4526914823,-0.3768016451,0.6495781413,0.5889898623,4.136934199e-05,4.266006722e-05,0.4956082317,0.4209310228,0.08346074553,0.07365646833,0.07402196307
29.704,10.09266287,-0.5428282013,-0.3547001679,0.4545683434,-0.3776313812,0.6484401786,0.5909634835,4.07582721e-05,4.24074416e-05,0.4937842012,0.4228977999,0.08331799888,0.07330953438,0.07365995925
29.728,10.08451487,-0.5409426448,-0.3554936453,0.4564471913,-0.3784484127,0.6472979815,0.592931058,4.017787327e-05,4.223146006e-05,0.491957397,0.4248651886,0.08317741446,0.07296271851,0.07329794731
29.752,10.07638001,-0.5390550349,-0.3562747847,0.4583278617,-0.3792528493,0.6461517259,0.5948925554,3.962606897e-05,4.213461166e-05,0.4901279996,0.4268330808,0.08303891959,0.0726159452,0.07293592652
29.776,10.06825826,-0.537165542,-0.3570437311,0.4602101978,-0.3800448104,0.6450015856,0.5968479572,3.910112786e-05,4.212026218e-05,0.4882962059,0.4288014025,0.08290239158,0.07226915888,0.07257391673
29.8,10.0601496,-0.5352743287,-0.3578006359,0.4620940513,-0.380824424,0.643847732,0.5987972563,3.860163003e-05,4.219270658e-05,0.4864622276,0.430770117,0.08276765543,0.07192232411,0.07221196106
29.824,10.05205398,-0.5333815489,-0.3585456558,0.4639792827,-0.3815918265,0.6426903329,0.6007404571,3.812644088e-05,4.235724837e-05,0.4846262908,0.4327392264,0.08263448279,0.07157542533,0.07185012779
29.848,10.04397139,-0.5314873482,-0.3592789519,0.4658657621,-0.3823471617,0.6415295524,0.6026775758,3.767469117e-05,4.262031055e-05,0.4827886343,0.4347087731,0.08250259262,0.07122846631,0.07148851093
29.872,10.03590178,-0.5295918627,-0.3600006894,0.4677533693,-0.3830905802,0.6403655499,0.6046086397,3.724576227e-05,4.298958426e-05,0.4809495081,0.4366788385,0.08237165346,0.07088146924,0.07112722947
29.896,10.02784513,-0.5276952195,-0.360711036,0.4696419949,-0.3838222385,0.6391984795,0.6065336876,3.68392758e-05,4.347422437e-05,0.4791091712,0.4386495413,0.08224128754,0.07053447362,0.07076642525
29.92,10.0198014,-0.5257975359,-0.3614101613,0.4715315402,-0.3845422981,0.6380284896,0.6084527693,3.645508678e-05,4.408510407e-05,0.4772678897,0.4406210338,0.08211107644,0.07018753492,0.07040625946
29.944,10.01177057,-0.5238989195,-0.3620982361,0.4734219178,-0.3852509245,0.6368557218,0.6103659452,3.609327965e-05,4.483514536e-05,0.4754259347,0.4425934971,0.08198056814,0.06984072306,0.07004690804
29.968,10.0037526,-0.5219994679,-0.3627754307,0.4753130522,-0.385948286,0.6356803108,0.6122732862,3.575416644e-05,4.573974804e-05,0.4735835796,0.4445671353,0.08184928507,0.06949412075,0.06968855624
29.992,9.995747466,-0.5200992688,-0.3634419145,0.4772048797,-0.3866345527,0.6345023835,0.6141748729,3.543828629e-05,4.681734836e-05,0.4717410976,0.4465421695,0.0817167329,0.06914782168,0.06933139274
30.016,9.987755131,-0.5181984001,-0.3640978548,0.479097349,-0.3873098953,0.6333220585,0.6160707952,3.514640563e-05,4.809015023e-05,0.4698987594,0.4485188309,0.08158240976,0.06880192837,0.06897560378
30.04,9.979775566,-0.5162969296,-0.3647434154,0.4809904209,-0.3879744836,0.6321394455,0.6179611517,3.4879518e-05,4.958508817e-05,0.4680568288,0.4504973549,0.08144581632,0.06845654905,0.06862136745
30.064,9.971808741,-0.5143949153,-0.3653787557,0.482884069,-0.3886284854,0.6309546449,0.6198460484,3.463884254e-05,5.133510554e-05,0.4662155588,0.4524779751,0.08130646616,0.06811179358,0.06826884874
30.088,9.963854626,-0.5124924059,-0.3660040297,0.4847782788,-0.3892720647,0.6297677475,0.6217255985,3.442582004e-05,5.33808657e-05,0.4643751904,0.4544609181,0.08116389151,0.06776777342,0.06791819533
30.112,9.955913191,-0.5105894407,-0.3666193846,0.4866730481,-0.3899053805,0.6285788337,0.623599921,3.424210529e-05,5.577306444e-05,0.4625359602,0.4564463991,0.0810176407,0.0674246089,0.06756953442
30.136,9.947984404,-0.5086860504,-0.3672249601,0.4885683868,-0.3905285852,0.6273879734,0.6254691395,3.408955456e-05,5.857558551e-05,0.4606980971,0.4584346184,0.08086728444,0.06708242679,0.06722297059
30.16,9.940068236,-0.5067822572,-0.3678208865,0.4904643156,-0.3911418229,0.6261952258,0.6273333807,3.397020682e-05,6.186984861e-05,0.4588618113,0.460425759,0.08071242976,0.06674134931,0.06687858462
30.184,9.932164657,-0.5048780758,-0.3684072847,0.4923608664,-0.3917452278,0.625000639,0.6291927735,3.388625792e-05,6.576085162e-05,0.4570272915,0.4624199839,0.08055272459,0.06640149158,0.06653643332
30.208,9.924273636,-0.5029735136,-0.368984264,0.4942580807,-0.3923389225,0.6238042501,0.6310474471,3.384002692e-05,7.038561575e-05,0.4551947067,0.4644174355,0.08038785786,0.0660629631,0.06619655007
30.232,9.916395144,-0.501068572,-0.3695519219,0.4961560091,-0.3929230166,0.6226060848,0.6328975291,3.383391465e-05,7.592498319e-05,0.4533642056,0.4664182341,0.08021756024,0.0657258677,0.06585894605
30.256,9.908529151,-0.4991632471,-0.3701103426,0.4980547096,-0.3934976049,0.6214061578,0.634743144,3.387035544e-05,8.26198704e-05,0.4515359169,0.4684224776,0.08004160553,0.06539030278,0.06552361197
30.28,9.900675627,-0.4972575305,-0.3706595966,0.4999542467,-0.394062766,0.6202044729,0.636584411,3.395176389e-05,9.079267391e-05,0.4497099476,0.4704302406,0.07985981172,0.0650563583,0.06519052009
30.304,9.892834543,-0.4953514109,-0.3711997392,0.5018546894,-0.3946185605,0.6190010231,0.638421442,3.408048036e-05,0.0001008719777,0.4478863839,0.4724415743,0.07967204181,0.06472411605,0.06485962654
30.328,9.885005869,-0.4934448747,-0.3717308103,0.5037561096,-0.3951650304,0.6177957913,0.6402543394,3.425871985e-05,0.0001134090108,0.4460652899,0.4744565057,0.07947820438,0.06439364896,0.0645308737
30.352,9.877189576,-0.4915379078,-0.3722528337,0.5056585796,-0.3957021971,0.6165887504,0.6420831939,3.448853076e-05,0.0001290425022,0.4442467089,0.4764750372,0.07927825394,0.06406502064,0.06420419258
30.376,9.869385633,-0.4896304968,-0.3727658163,0.5075621706,-0.3962300609,0.6153798642,0.643908082,3.477177081e-05,0.0001482758003,0.4424306636,0.4784971453,0.07907219113,0.06373828513,0.06387950521
30.4,9.861594013,-0.4877226304,-0.3732697479,0.5094669492,-0.3967486002,0.6141690882,0.645729064,3.511010813e-05,0.0001707171183,0.4406171568,0.4805227801,0.07886006309,0.06341348671,0.06355672689
30.424,9.853814686,-0.4858143009,-0.373764601,0.5113729757,-0.397257771,0.6129563703,0.6475461813,3.550505517e-05,0.0001932812357,0.4388061732,0.4825518625,0.0786419643,0.06309065995,0.06323576831
30.448,9.846047622,-0.4839055063,-0.3742503308,0.5132803006,-0.3977575068,0.6117416523,0.6493594546,3.595804163e-05,0.0002083220629,0.4369976802,0.4845842821,0.07841803768,0.0627698298,0.06291653748
30.472,9.838292793,-0.4819962511,-0.3747268753,0.5151889622,-0.3982477187,0.6105248702,0.6511688815,3.647053046e-05,0.0002072781178,0.4351916304,0.4866198968,0.07818847287,0.0624510119,0.06259894158
30.496,9.830550171,-0.4800865487,-0.3751941554,0.5170989834,-0.3987282959,0.6093059564,0.6529744348,3.704417698e-05,0.000190517637,0.4333879628,0.4886585374,0.07795349985,0.0621342129,0.06228288854
30.52,9.822819725,-0.4781764227,-0.3756520758,0.5190103685,-0.3991991071,0.6080848405,0.6547760607,3.76810268e-05,0.0001669255644,0.4315866057,0.4907000061,0.07771338823,0.06181943103,0.06196828849
30.544,9.815101427,-0.4762659084,-0.3761005256,0.5209231006,-0.3996600018,0.6068614511,0.6565736774,3.838374138e-05,0.0001439820661,0.4297874789,0.4927440696,0.07746845153,0.06150665659,0.06165505506
30.568,9.80739525,-0.4743550547,-0.3765393791,0.5228371389,-0.4001108119,0.6056357172,0.6583671738,3.915583195e-05,0.0001245451881,0.4279904961,0.4947904575,0.07721904637,0.06119587262,0.06134310647
30.592,9.799701164,-0.4724439254,-0.3769684974,0.5247524155,-0.4005513545,0.60440757,0.6601564096,4.000186961e-05,0.0001088682769,0.4261955677,0.4968388635,0.07696556877,0.06088705548,0.0610323665
30.616,9.79201914,-0.4705326006,-0.3773877293,0.5266688337,-0.4009814345,0.6031769445,0.6619412143,4.092761923e-05,9.63775166e-05,0.4244026037,0.4988889459,0.07670845044,0.06058017562,0.06072276533
30.64,9.784349151,-0.4686211779,-0.3777969133,0.5285862657,-0.4014008481,0.6019437815,0.6637213882,4.19400105e-05,8.639808959e-05,0.4226115169,0.5009403288,0.07644815427,0.06027519915,0.06041424019
30.664,9.776691169,-0.4667097737,-0.3781958792,0.530504551,-0.401809386,0.6007080288,0.6654967027,4.30468004e-05,7.835842555e-05,0.4208222277,0.5029926034,0.07618516892,0.05997208999,0.06010673592
30.688,9.769045164,-0.4647985237,-0.3785844502,0.5324234956,-0.4022068377,0.5994696436,0.6672669024,4.425568139e-05,7.181667311e-05,0.4190346666,0.5050453296,0.07592000387,0.05967081098,0.05980020541
30.712,9.76141111,-0.4628875839,-0.3789624453,0.5343428715,-0.4025929957,0.5982285937,0.6690317066,4.557242621e-05,6.644029629e-05,0.4172487764,0.5070980387,0.07565318481,0.05937132405,0.05949460987
30.736,9.753788977,-0.4609771308,-0.3793296811,0.5362624165,-0.4029676596,0.5969848592,0.6707908124,4.699741651e-05,6.197953609e-05,0.4154645159,0.5091502369,0.07538524714,0.05907359163,0.05918991906
30.76,9.746178739,-0.4590673614,-0.3796859746,0.5381818358,-0.4033306408,0.5957384339,0.6725438976,4.851959678e-05,5.8245139e-05,0.4136818629,0.511201409,0.07511672817,0.05877757889,0.05888611144
30.784,9.738580366,-0.4571584933,-0.3800311456,0.5401008028,-0.4036817666,0.5944893268,0.6742906242,5.010668749e-05,5.509170335e-05,0.4119008193,0.5132510231,0.07484815759,0.05848325719,0.05858317419
30.808,9.730993833,-0.455250764,-0.3803650192,0.5420189618,-0.4040208848,0.5932375629,0.676030643,5.169091151e-05,5.240572317e-05,0.4101214067,0.5152985362,0.07458005711,0.05819059803,0.05828110312
30.832,9.72341911,-0.4533444302,-0.3806874284,0.543935931,-0.4043478671,0.5919831844,0.6777635979,5.315178167e-05,5.009712302e-05,0.4083436779,0.5173433989,0.07431292319,0.05789958451,0.05797990179
30.856,9.715856171,-0.4514397664,-0.3809982165,0.5458513056,-0.4046626129,0.5907262511,0.6794891302,5.430354937e-05,4.809328467e-05,0.4065677255,0.5193850593,0.07404721518,0.05761021885,0.05767957892
30.88,9.708304987,-0.4495370638,-0.3812972394,0.5477646624,-0.4049650525,0.5894668409,0.6812068842,5.490479882e-05,4.633483355e-05,0.4047936628,0.5214229742,0.07378336299,0.05732250328,0.05738015301
30.904,9.700765532,-0.4476366281,-0.3815843681,0.5496755641,-0.405255149,0.5882050499,0.6829165114,5.4712651e-05,4.477267163e-05,0.4030216312,0.5234566207,0.07352174807,0.05703644745,0.05708165718
30.928,9.693237778,-0.4457387778,-0.3818594904,0.5515835645,-0.4055329004,0.5869409923,0.6846176758,5.358300375e-05,4.336590297e-05,0.4012517769,0.5254854922,0.0732627309,0.05675204565,0.05678412829
30.952,9.685721698,-0.4438438416,-0.382122513,0.5534882137,-0.4057983406,0.5856747995,0.6863100581,5.15650174e-05,4.208040702e-05,0.3994842019,0.5275091042,0.07300669391,0.0564692285,0.05648760654
30.976,9.678217265,-0.4419521561,-0.3823733631,0.5553890632,-0.406051539,0.5844066197,0.6879933604,4.89088146e-05,4.088788845e-05,0.3977188777,0.5295270032,0.07275411909,0.05618777824,0.05619213762
31,9.670724452,-0.4400640627,-0.3826119893,0.5572856717,-0.4062926009,0.5831366166,0.6896673092,4.59672239e-05,3.97652786e-05,0.3959555354,0.5315387718,0.07250569282,0.05590721974,0.05589777277
31.024,9.663243231,-0.4381799047,-0.3828383628,0.5591776098,-0.4065216652,0.581864968,0.6913316596,4.306667004e-05,3.869439295e-05,0.3941936405,0.5335440332,0.07226232633,0.05562679769,0.05560456807
31.048,9.655773576,-0.4363000248,-0.383052478,0.5610644655,-0.406738903,0.580591864,0.6929861973,4.042980034e-05,3.766176443e-05,0.3924326625,0.5355424548,0.07202488274,0.05534574827,0.05531258368
31.072,9.648315461,-0.4344247612,-0.3832543529,0.5629458483,-0.4069445144,0.5793175055,0.6946307407,3.816623064e-05,3.665858014e-05,0.3906726223,0.5375337503,0.07179362743,0.05506384867,0.05502188301
31.096,9.640868858,-0.4325544452,-0.3834440282,0.5648213935,-0.4071387256,0.5780421013,0.6962651423,3.630102893e-05,3.568065099e-05,0.3889143532,0.5395176817,0.07156796507,0.05478168103,0.054732532
31.12,9.63343374,-0.4306893978,-0.383621568,0.5666907657,-0.4073217847,0.5767658665,0.6978892893,3.480980682e-05,3.472834441e-05,0.3871590762,0.5414940598,0.07134686408,0.05450021014,0.05444459838
31.144,9.626010082,-0.4288299268,-0.3837870578,0.5685536617,-0.4074939578,0.5754890198,0.6995031035,3.364582762e-05,3.380641172e-05,0.3854078025,0.5434627439,0.07112945368,0.05422018946,0.05415815086
31.168,9.618597857,-0.426976324,-0.3839406042,0.5704098129,-0.4076555244,0.5742117805,0.7011065406,3.275672714e-05,3.292364694e-05,0.3836611336,0.5454236408,0.07091522562,0.05394196367,0.05387325844
31.192,9.611197038,-0.4251288629,-0.3840823329,0.5722589866,-0.4078067732,0.5729343667,0.7026995887,3.209319227e-05,3.209232532e-05,0.3819193787,0.5473767027,0.07070391858,0.05366558916,0.05358998968
31.216,9.603807599,-0.4232877959,-0.384212387,0.5741009871,-0.4079479969,0.571656992,0.704282267,3.161258766e-05,3.132739018e-05,0.3801827165,0.5493219245,0.07049535908,0.05339099893,0.05330841192
31.24,9.596429513,-0.4214533525,-0.3843309255,0.575935656,-0.4080794882,0.5703798634,0.7058546228,3.127981427e-05,3.0645387e-05,0.3784512914,0.5512593401,0.07028936846,0.05311810186,0.05302859063
31.264,9.589062756,-0.4196257372,-0.3844381204,0.5777628717,-0.4082015352,0.5691031784,0.7074167296,3.106684132e-05,3.006318567e-05,0.376725252,0.5531890189,0.07008572911,0.05284682329,0.05275058871
31.288,9.5817073,-0.4178051284,-0.3845341548,0.5795825489,-0.4083144173,0.567827123,0.7089686837,3.095172214e-05,2.959658103e-05,0.3750047577,0.5551110612,0.06988418117,0.05257711513,0.05247446586
31.312,9.57436312,-0.4159916771,-0.3846192207,0.5813946369,-0.4084184013,0.566551869,0.7105106012,3.091750731e-05,2.92589113e-05,0.3732899756,0.5570255932,0.06968443128,0.05230895433,0.05220027793
31.336,9.567030189,-0.4141855056,-0.3846935157,0.5831991179,-0.4085137383,0.5652775726,0.7120426149,3.095124123e-05,2.905986608e-05,0.371581073,0.5589327626,0.06948616439,0.05204233792,0.05192807634
31.36,9.559708482,-0.412386708,-0.3847572414,0.584996005,-0.4086006601,0.5640043721,0.7135648711,3.104310921e-05,2.90046547e-05,0.3698782107,0.5608327337,0.06928905561,0.05177727804,0.05165790756
31.384,9.552397973,-0.4105953489,-0.3848106004,0.5867853397,-0.4086793773,0.5627323864,0.7150775261,3.118574411e-05,2.909365776e-05,0.3681815374,0.5627256817,0.06909278089,0.05151379772,0.05138981259
31.408,9.545098637,-0.4088114644,-0.3848537938,0.5885671895,-0.4087500766,0.5614617138,0.7165807433,3.137367698e-05,2.932259842e-05,0.3664911845,0.564611789,0.06889702641,0.05125192752,0.05112382652
31.432,9.537810448,-0.407035062,-0.3848870195,0.5903416452,-0.4088129191,0.5601924308,0.7180746903,3.160290819e-05,2.968316911e-05,0.3648072634,0.5664912398,0.06870149674,0.05099170291,0.0508599781
31.456,9.53053338,-0.4052661218,-0.3849104693,0.5921088177,-0.4088680395,0.5589245914,0.7195595359,3.187057532e-05,3.016396875e-05,0.363129862,0.5683642161,0.06850592191,0.05073316218,0.05059828942
31.48,9.523267408,-0.4035045968,-0.3849243272,0.5938688359,-0.4089155446,0.5576582263,0.7210354477,3.21746965e-05,3.075157095e-05,0.3614590432,0.5702308934,0.06831006343,0.05047634479,0.05033877557
31.504,9.516012506,-0.4017504148,-0.3849287678,0.5956218435,-0.408955513,0.5563933429,0.7225025897,3.251397217e-05,3.143155766e-05,0.3597948431,0.5720914375,0.06811371939,0.05022128995,0.05008144444
31.528,9.50876865,-0.400003479,-0.3849239544,0.5973679964,-0.4089879953,0.5551299253,0.7239611201,3.288763119e-05,3.218940143e-05,0.3581372704,0.5739460009,0.06791672867,0.04996803544,0.04982629649
31.552,9.501535814,-0.3982636703,-0.3849100376,0.5991074601,-0.4090130137,0.5538679338,0.7254111897,3.329531047e-05,3.301113757e-05,0.3564863058,0.5757947199,0.06771897438,0.04971661655,0.04957332465
31.576,9.494313973,-0.3965308482,-0.3848871542,0.6008404076,-0.4090305629,0.5526073064,0.7268529402,3.373696007e-05,3.388381813e-05,0.3548419014,0.5776377121,0.06752038649,0.0494670652,0.04932251422
31.6,9.487103101,-0.3948048532,-0.3848554263,0.6025670165,-0.4090406107,0.5513479584,0.7282865031,3.421276702e-05,3.479577285e-05,0.3532039816,0.5794750747,0.06732094374,0.04921940914,0.04907384286
31.624,9.479903175,-0.3930855082,-0.3848149603,0.6042874677,-0.4090430988,0.550089784,0.7297119982,3.472309321e-05,3.573671759e-05,0.3515724428,0.5813068823,0.06712067495,0.04897367114,0.04882728068
31.648,9.472714168,-0.3913726204,-0.3847658469,0.6060019426,-0.4090379442,0.5488326565,0.7311295332,3.52684235e-05,3.669775347e-05,0.3499471545,0.5831331859,0.06691965958,0.0487298684,0.04858279024
31.672,9.465536057,-0.3896659834,-0.38470816,0.607710622,-0.4090250403,0.5475764303,0.7325392028,3.584932105e-05,3.767129528e-05,0.3483279602,0.5849540119,0.06671802786,0.04848801193,0.04834032682
31.696,9.458368816,-0.3879653789,-0.3846419576,0.609413684,-0.4090042583,0.5463209412,0.7339410886,3.646638775e-05,3.865095916e-05,0.3467146781,0.5867693616,0.06651596027,0.04824810601,0.04809983855
31.72,9.451212421,-0.3862705786,-0.384567281,0.611111303,-0.4089754489,0.5450660084,0.7353352585,3.712022777e-05,3.963143186e-05,0.3451071026,0.5885792107,0.06631368665,0.04801014772,0.04786126673
31.744,9.444066847,-0.3845813462,-0.3844841556,0.612803648,-0.4089384437,0.5438114358,0.7367217668,3.781141293e-05,4.06083362e-05,0.3435050057,0.5903835095,0.06611148481,0.04777412653,0.04762454614
31.768,9.43693207,-0.3828974389,-0.384392591,0.6144908817,-0.4088930573,0.5425570133,0.7381006544,3.854044869e-05,4.157810186e-05,0.3419081381,0.5921821831,0.06590967878,0.04754002395,0.04738960538
31.792,9.429808065,-0.3812186092,-0.3842925819,0.6161731595,-0.4088390885,0.5413025185,0.7394719486,3.930773982e-05,4.253784683e-05,0.3403162313,0.5939751319,0.06570863683,0.04730781324,0.04715636735
31.816,9.422694808,-0.3795446067,-0.3841841087,0.6178506285,-0.4087763222,0.5400477182,0.7408356638,4.011355503e-05,4.348527158e-05,0.3387289986,0.5957622323,0.06550876904,0.04707745913,0.04692474967
31.84,9.415592274,-0.3778751797,-0.384067138,0.6195234269,-0.4087045317,0.53879237,0.7421918018,4.095799008e-05,4.441856685e-05,0.3371461374,0.5975433379,0.06531052479,0.04684891771,0.0466946652
31.864,9.408500439,-0.3762100764,-0.383941624,0.6211916829,-0.4086234798,0.5375362241,0.7435403521,4.184092881e-05,4.533633426e-05,0.3355673302,0.5993182798,0.06511439003,0.04662213621,0.04646602259
31.888,9.40141928,-0.3745490466,-0.383807509,0.6228555147,-0.4085329209,0.5362790246,0.7448812923,4.276200216e-05,4.623751901e-05,0.333992247,0.6010868686,0.06492088436,0.04639705295,0.04623872685
31.912,9.394348772,-0.3728918429,-0.3836647248,0.6245150294,-0.4084326028,0.5350205113,0.7462145891,4.372054495e-05,4.71213531e-05,0.3324205468,0.6028488952,0.06473055809,0.04617359728,0.04601267994
31.936,9.38728889,-0.371238222,-0.3835131938,0.6261703228,-0.4083222686,0.5337604212,0.7475401984,4.471555091e-05,4.79873079e-05,0.3308518788,0.604604132,0.06454398925,0.04595168955,0.04578778143
31.96,9.380239612,-0.3695879457,-0.3833528297,0.627821479,-0.408201658,0.5324984898,0.748858066,4.574562636e-05,4.883505465e-05,0.3292858849,0.6063523346,0.06436178054,0.04573124112,0.04556392912
31.984,9.373200913,-0.3679407826,-0.3831835391,0.6294685694,-0.4080705098,0.5312344531,0.7501681283,4.680894365e-05,4.966443162e-05,0.3277222007,0.6080932429,0.06418455639,0.04551215437,0.04534101969
32.008,9.366172769,-0.3662965083,-0.3830052223,0.6311116529,-0.4079285628,0.5299680484,0.7514703126,4.790319548e-05,5.047541705e-05,0.3261604573,0.6098265826,0.06401296006,0.04529432277,0.04511894935
32.032,9.359155157,-0.3646549069,-0.3828177745,0.632750775,-0.4077755581,0.5286990161,0.7527645376,4.902555201e-05,5.126810669e-05,0.3246002829,0.6115520661,0.06384765096,0.04507763093,0.04489761449
32.056,9.352148053,-0.363015772,-0.3826210868,0.6343859674,-0.4076112405,0.5274271009,0.7540507138,5.017262287e-05,5.204269533e-05,0.3230413039,0.613269394,0.06368930208,0.04486195459,0.04467691227
32.08,9.345151434,-0.3613789072,-0.3824150475,0.6360172474,-0.4074353604,0.5261520532,0.7553287442,5.134042678e-05,5.279946154e-05,0.3214831462,0.6149782558,0.06353859802,0.04464716046,0.04445674117
32.104,9.338165275,-0.3597441274,-0.3821995423,0.637644617,-0.4072476749,0.5248736299,0.7565985239,5.252437187e-05,5.353875507e-05,0.3199254359,0.6166783306,0.06339623349,0.04443310576,0.04423700146
32.128,9.331189554,-0.3581112594,-0.381974456,0.6392680624,-0.4070479502,0.5235915958,0.7578599405,5.371924993e-05,5.42609865e-05,0.3183677998,0.6183692879,0.0632629123,0.04421963774,0.04401759555
32.152,9.324224247,-0.3564801429,-0.3817396727,0.6408875529,-0.4068359625,0.5223057246,0.7591128742,5.491924836e-05,5.496661859e-05,0.3168098678,0.6200507871,0.06313934512,0.04400659484,0.04379842825
32.176,9.317269331,-0.3548506312,-0.3814950763,0.6425030395,-0.4066114999,0.5210157999,0.7603571974,5.611798291e-05,5.565615919e-05,0.3152512744,0.6217224775,0.06302624807,0.04379380758,0.04357940676
32.2,9.310324783,-0.3532225926,-0.3812405512,0.6441144541,-0.406374364,0.5197216157,0.7615927742,5.730855436e-05,5.633015533e-05,0.3136916587,0.6233839974,0.06292434393,0.04358109756,0.04336044049
32.224,9.303390578,-0.351595911,-0.3809759826,0.6457217074,-0.4061243713,0.5184229779,0.7628194599,5.848363123e-05,5.698918828e-05,0.3121306721,0.6250349721,0.06283435579,0.04336828471,0.04314144048
32.248,9.296466696,-0.3499704872,-0.3807012561,0.647324687,-0.4058613552,0.517119704,0.7640370999,5.96355594e-05,5.763386941e-05,0.3105682223,0.6266750118,0.06275676586,0.0431554305,0.04292231841
32.272,9.289553111,-0.3483462402,-0.3804162577,0.6489232554,-0.405585167,0.5158116247,0.7652455287,6.075649799e-05,5.826483669e-05,0.3090031768,0.6283037077,0.06269311555,0.04294154093,0.04270298513
32.296,9.282649802,-0.3467231091,-0.3801208731,0.6505172469,-0.4052956783,0.5144985836,0.7664445677,6.183857875e-05,5.888275167e-05,0.3074356851,0.6299206275,0.06264368747,0.04272688874,0.04248334867
32.32,9.275756745,-0.3451010542,-0.3798149869,0.6521064641,-0.4049927824,0.513180438,0.7676340237,6.287408442e-05,5.948829688e-05,0.3058654677,0.6315253118,0.06260922052,0.04251130179,0.04226331389
32.344,9.268873918,-0.34348006,-0.3794984813,0.6536906745,-0.4046763966,0.5118570591,0.7688136861,6.385563898e-05,6.008217343e-05,0.3042920236,0.6331173146,0.06259066173,0.04229437061,0.04204282708
32.368,9.262001298,-0.3418601374,-0.3791712338,0.6552696051,-0.4043464643,0.5105283324,0.7699833235,6.477640136e-05,6.066509884e-05,0.3027149347,0.6346959035,0.06258916174,0.04207575239,0.04182158135
32.392,9.255138861,-0.3402413273,-0.3788331152,0.6568429367,-0.4040029578,0.5091941575,0.7711426803,6.56302527e-05,6.123780491e-05,0.301133756,0.6362606016,0.06260564239,0.04185506173,0.04159956443
32.416,9.248286587,-0.3386237046,-0.3784839862,0.6584102973,-0.4036458817,0.5078544488,0.7722914718,6.641196686e-05,6.180103553e-05,0.2995479939,0.6378107143,0.06264129184,0.04163184833,0.04137659304
32.44,9.241444451,-0.3370073839,-0.3781236935,0.6599712535,-0.4032752769,0.5065091355,0.7734293791,6.711735432e-05,6.235554431e-05,0.297957082,0.6393453817,0.06269753631,0.04140557309,0.04115237339
32.464,9.234612432,-0.3353925261,-0.3777520649,0.6615253006,-0.402891226,0.5051581624,0.7745560427,6.77433712e-05,6.290209191e-05,0.2963603493,0.640863666,0.06277598461,0.0411755757,0.04092659883
32.488,9.227790507,-0.3337793472,-0.3773689035,0.6630718505,-0.4024938599,0.5038014906,0.7756710554,6.828818707e-05,6.344144288e-05,0.2947569764,0.6423645259,0.06287849768,0.0409410298,0.04069893562
32.512,9.220978654,-0.3321681303,-0.3769739804,0.6646102179,-0.4020833678,0.5024390995,0.7767739545,6.875120857e-05,6.397436176e-05,0.2931459363,0.6438467203,0.06300734336,0.0407008829,0.04046893978
32.536,9.21417685,-0.3305592402,-0.3765670263,0.6661396029,-0.4016600091,0.5010709896,0.7778642127,6.913305851e-05,6.450160823e-05,0.2915259229,0.6453088888,0.06316518822,0.04045378156,0.04023615124
32.56,9.207385074,-0.3289531436,-0.3761477221,0.6676590709,-0.4012241313,0.4996971878,0.7789412292,6.943551379e-05,6.502393095e-05,0.2898952826,0.6467496672,0.06335505022,0.04019799825,0.04000022443
32.584,9.200603302,-0.327350436,-0.3757156879,0.6691675299,-0.4007761933,0.4983177561,0.7800043206,6.966140744e-05,6.554205961e-05,0.2882520168,0.6481679934,0.06357998978,0.03993142586,0.03976124897
32.608,9.193831514,-0.3257518773,-0.3752704717,0.6706637029,-0.4003167993,0.4969328048,0.781052714,6.981450272e-05,6.605669459e-05,0.286594067,0.6495637785,0.06384215449,0.03965184965,0.03952043204
32.632,9.187069686,-0.3241584404,-0.3748115388,0.6721460986,-0.3998467444,0.495542515,0.7820855432,6.989934774e-05,6.656849363e-05,0.284920511,0.6509391366,0.06414035237,0.03935812201,0.03928133531
32.656,9.180317798,-0.3225713769,-0.3743382642,0.6736129801,-0.3993670794,0.4941471737,0.7831018523,6.992111955e-05,6.707805425e-05,0.2832354801,0.6523000688,0.06446445118,0.03905404588,0.03905155324
32.68,9.173575826,-0.3209923065,-0.3738499317,0.6750623351,-0.3988791999,0.4927472296,0.7841006137,6.988546615e-05,6.758589084e-05,0.2815572488,0.6536572703,0.06478548083,0.03875741167,0.03884349344
32.704,9.16684375,-0.3194233387,-0.373345749,0.676491854,-0.3983849708,0.4913433805,0.7850807687,6.979835346e-05,6.809240451e-05,0.2799292318,0.6550227718,0.06504799648,0.03851090929,0.03867095373
32.728,9.160121547,-0.3178672373,-0.3728248927,0.677898928,-0.3978868956,0.4899367114,0.7860413083,6.966592278e-05,6.859784339e-05,0.278403359,0.6564005881,0.06519605289,0.03836537302,0.03853964502
32.752,9.153409196,-0.3163276399,-0.3722866082,0.6792806881,-0.3973883462,0.4885289085,0.7869814172,6.949436266e-05,6.910225027e-05,0.2769673527,0.6577790843,0.06525356306,0.0383068534,0.03843932856
32.776,9.146706676,-0.3148093415,-0.3717304096,0.68063412,-0.3968938619,0.4871225912,0.7879007189,6.928979684e-05,6.960539324e-05,0.2755220269,0.6591369159,0.06534105724,0.03823360315,0.03834936821
32.8,9.140013963,-0.3133186408,-0.3711564508,0.6819563138,-0.396409524,0.4857218151,0.7887996733,6.905818849e-05,7.010667369e-05,0.2739596577,0.6604577017,0.06558264063,0.03803397125,0.03825277219
32.824,9.133331038,-0.3118637096,-0.3705661871,0.6832449365,-0.3959433811,0.4843328115,0.7896801912,6.880525902e-05,7.060500381e-05,0.2721088574,0.6617383233,0.06615281939,0.03753058028,0.03814351398
32.848,9.126657879,-0.3104548618,-0.3699634906,0.6844990455,-0.3955058482,0.4829650149,0.790546532,6.853641815e-05,7.109864299e-05,0.2689391211,0.6629887542,0.0680721247,0.03568391075,0.03802492991
32.872,9.119994463,-0.3091044137,-0.3693564141,0.6857203761,-0.3951098915,0.4816323278,0.7914065077,6.825670014e-05,7.158497872e-05,0.270875758,0.6642364816,0.0648877604,0.03890605419,0.03791221597
32.896,9.113340771,-0.307825497,-0.3687596796,0.6869151703,-0.3947706394,0.4803542837,0.7922728753,6.797069896e-05,7.206023229e-05,0.2694598433,0.6654758183,0.06506433834,0.03871960083,0.03777950426
32.92,9.10669678,-0.3066287576,-0.3681974715,0.6880963795,-0.3945038529,0.479156105,0.7931644958,6.768249232e-05,7.251906228e-05,0.2679707528,0.6667536444,0.06527560278,0.03838017527,0.03764372164
32.944,9.10006247,-0.3055157454,-0.3677048479,0.689285545,-0.3943226182,0.4780656083,0.7941063467,6.739554028e-05,7.295402984e-05,0.2666625712,0.6681072332,0.06523019559,0.03811584085,0.03750233806
32.968,9.093437818,-0.3044691942,-0.3673241124,0.6905128899,-0.3942320546,0.4771042798,0.7951270112,6.711253765e-05,7.335487651e-05,0.2655152824,0.6695745194,0.06491019825,0.03788678411,0.03734755004
32.992,9.086822806,-0.3034447879,-0.3670918489,0.6918136728,-0.3942231767,0.4762721541,0.7962525171,6.683518866e-05,7.370755041e-05,0.2645100331,0.6711982432,0.06429172366,0.03767486386,0.03718016676
33.016,9.08021741,-0.3023745939,-0.3670177613,0.6932198083,-0.3942690591,0.4755338391,0.797497206,6.656385515e-05,7.399289809e-05,0.2636037942,0.6730049485,0.06339125729,0.0374713577,0.03700314948
33.04,9.07362161,-0.3011895865,-0.3670687803,0.6947488992,-0.3943273049,0.4748206572,0.7988554665,6.629700058e-05,7.418492131e-05,0.2627257814,0.6749893385,0.06228488011,0.03727112047,0.03681927666
33.064,9.067035386,-0.2998508123,-0.3671763881,0.6963963437,-0.3943501364,0.4740559141,0.8002998798,6.603030383e-05,7.424848846e-05,0.2617997815,0.6771168067,0.06108341183,0.03707076743,0.03663690366
33.088,9.060458716,-0.2983644304,-0.3672661672,0.6981358968,-0.3942979111,0.4731868245,0.8017883593,6.575523451e-05,7.413640532e-05,0.2607743482,0.679302281,0.0599233708,0.03686857295,0.03643770238
33.112,9.05389158,-0.296770037,-0.3672860108,0.6999286641,-0.3941487714,0.4721985478,0.8032766577,6.545674194e-05,7.378582686e-05,0.2596359307,0.6814956056,0.05886846362,0.03666445786,0.03624221141
33.136,9.047333957,-0.29511701,-0.3672147585,0.7017349008,-0.3939001429,0.4711058569,0.8047292673,6.510947271e-05,7.311419607e-05,0.2584001572,0.6836341258,0.05796571697,0.03645942452,0.03604492686
33.16,9.040785826,-0.2934472438,-0.3670544929,0.7035225868,-0.3935636171,0.4699364698,0.8061242775,6.467153773e-05,7.201533527e-05,0.2570951324,0.6856829087,0.05722195888,0.03625484259,0.03584655265
33.184,9.034247167,-0.2917893343,-0.3668186895,0.7052705717,-0.3931577225,0.4687184299,0.8074525212,6.407422915e-05,7.035712521e-05,0.2557489845,0.687627489,0.05662352652,0.03605201383,0.03564791005
33.208,9.02771796,-0.2901599556,-0.3665235563,0.7069676206,-0.3927020751,0.4674744026,0.8087138779,6.320525131e-05,6.798346153e-05,0.2543843484,0.6894680197,0.05614763191,0.03585202725,0.03544987877
33.232,9.021198182,-0.2885674646,-0.3661836797,0.7086097102,-0.3922140383,0.4662206226,0.8099133121,6.18824194e-05,6.472461724e-05,0.2530174091,0.6912129652,0.05576962562,0.03565573638,0.03525338787
33.256,9.014687816,-0.2870151849,-0.365810565,0.7101972568,-0.3917074709,0.4649678331,0.811057881,5.981643163e-05,6.042068845e-05,0.2516589363,0.6928742569,0.05546680685,0.03546384687,0.03505936695
33.28,9.008186839,-0.2855036837,-0.3654125924,0.7117329939,-0.3911927104,0.4637226716,0.8121549059,5.657171518e-05,5.496021712e-05,0.2503156029,0.6944643093,0.05522008781,0.03527688354,0.03486871509
33.304,9.001695232,-0.2840321445,-0.3649954895,0.7132205943,-0.390677098,0.4624888825,0.8132110495,5.156741593e-05,4.832803722e-05,0.2489912067,0.6959944768,0.05501431657,0.03509523753,0.03468226343
33.328,8.995212974,-0.2825991132,-0.3645628935,0.7146638836,-0.3901656382,0.4612682105,0.8142319644,4.422230356e-05,4.064436087e-05,0.2476875383,0.6974744363,0.05483802542,0.03491917428,0.0345007428
33.352,8.988740046,-0.2812028624,-0.3641168484,0.7160664483,-0.3896616054,0.4600610058,0.815222255,3.435302297e-05,3.217056374e-05,0.2464049731,0.6989120842,0.05468294268,0.0347488428,0.03432475813
33.376,8.982276426,-0.2798415354,-0.3636581994,0.7174314804,-0.389167037,0.4588666156,0.8161855866,2.265784817e-05,2.326878238e-05,0.2451428571,0.7003136886,0.05454345427,0.03458428568,0.03415477633
33.4,8.975822096,-0.2785131711,-0.3631868931,0.7187617524,-0.3886831136,0.4576836307,0.8171248495,1.078111014e-05,1.433387506e-05,0.2438997557,0.7016841367,0.05441610759,0.03442544977,0.03399111693
33.424,8.969377034,-0.2772156653,-0.3627022068,0.7200596561,-0.3882104469,0.4565100392,0.8180423335,4.012771894e-06,5.797174214e-06,0.2426736123,0.7030272123,0.05429917532,0.03427219646,0.03383395289
33.448,8.962941222,-0.2759467023,-0.3622029263,0.7213272674,-0.3877493033,0.4553433236,0.8189398933,1.135692194e-05,3.267898638e-06,0.2414618523,0.7043458521,0.05419229568,0.03412430976,0.03368330317
33.472,8.956514639,-0.2747036735,-0.3616874905,0.722566419,-0.387299791,0.4541805247,0.8198191008,1.875512602e-05,1.049004022e-05,0.2402614505,0.7056424054,0.05409614403,0.03398150119,0.03353904736
33.496,8.950097265,-0.273483591,-0.3611541121,0.7237787698,-0.3868620368,0.4530182857,0.8206813895,2.476361779e-05,1.740647933e-05,0.2390689802,0.706918841,0.05401217881,0.03384341237,0.03340089764
33.52,8.943689081,-0.2722830007,-0.3606008838,0.7249658703,-0.3864363809,0.4518528852,0.8215282038,2.961845475e-05,2.375904889e-05,0.2378806499,0.7081769689,0.05394238123,0.03370961911,0.0332683787
33.544,8.937290067,-0.2710978917,-0.3600258695,0.7261292309,-0.3860236274,0.4506802565,0.8223611743,3.362127452e-05,2.958906956e-05,0.2366923378,0.7094186987,0.0538889635,0.03357964306,0.03314079691
33.568,8.930900203,-0.2699235921,-0.3594271808,0.7272704096,-0.3856254074,0.4494959887,0.8231823634,3.703198929e-05,3.497120728e-05,0.2354996239,0.7106464228,0.05385395333,0.03345297865,0.03301721816
33.592,8.924519469,-0.2687546297,-0.3588030343,0.728391172,-0.3852447502,0.4482952916,0.8239946705,4.006246311e-05,3.99833341e-05,0.2342978106,0.7118636834,0.053838506,0.03332914058,0.03289646471
33.616,8.918147846,-0.2675845127,-0.3581517895,0.7294938526,-0.3848870396,0.4470728976,0.8248025911,4.288994391e-05,4.469170288e-05,0.2330819093,0.7130764126,0.05384167809,0.03320773175,0.03277709638
33.64,8.911785315,-0.2664053418,-0.3574719791,0.7305822673,-0.3845616738,0.4458228594,0.82561379,4.567424142e-05,4.913705079e-05,0.2318465508,0.7142959017,0.05385754748,0.03308852678,0.0326577691
33.664,8.905431856,-0.2652070853,-0.3567623955,0.7316641749,-0.3842849845,0.4445381929,0.826442626,4.857560146e-05,5.331511055e-05,0.2305857483,0.7155445421,0.05386970954,0.03297154102,0.03253712516
33.688,8.89908745,-0.2639761891,-0.3560224535,0.7327582418,-0.3840850176,0.4432103517,0.827318525,5.177343735e-05,5.714503291e-05,0.2292923125,0.7168699938,0.05383769363,0.03285689404,0.03241404883
33.712,8.892752076,-0.2626929398,-0.3552535455,0.7339143466,-0.3840063044,0.4418287703,0.8283061692,5.548378219e-05,6.042009919e-05,0.2279557017,0.7183787526,0.05366554572,0.03274303637,0.03228763894
33.736,8.886425717,-0.2613268526,-0.3544636262,0.7352690728,-0.3840925729,0.4403818641,0.8295466919,5.995578399e-05,6.274465951e-05,0.2265491045,0.7203050258,0.05314586975,0.03261291464,0.03215730787
33.76,8.880108353,-0.259831189,-0.3536815649,0.7371271207,-0.3842272283,0.4388654647,0.8312562512,6.534089299e-05,6.349469228e-05,0.2250257275,0.7230084478,0.05196582473,0.03242282707,0.03202148862
33.784,8.873799964,-0.2581517335,-0.3529952753,0.7396088527,-0.3837207933,0.4373190848,0.8332244009,7.094932837e-05,6.190270861e-05,0.2235251751,0.7261337986,0.05034102623,0.03227718818,0.03187089255
33.808,8.867500532,-0.2563173094,-0.3526024683,0.7416556435,-0.3821526373,0.4359209375,0.8343223188,7.254701905e-05,5.738206627e-05,0.2222128185,0.7277184207,0.0500687608,0.03218574951,0.03162468568
33.832,8.861210038,-0.2546490835,-0.3526580478,0.7427528777,-0.3806148282,0.4349871888,0.8345954019,6.123482763e-05,4.9980123e-05,0.2213410362,0.7279593682,0.05069959559,0.03212717806,0.03140988089
33.856,8.854928462,-0.2535116561,-0.3528123058,0.7435775029,-0.3795667038,0.4344475606,0.8348523135,4.057431815e-05,4.049843915e-05,0.2209407257,0.7281493607,0.05090991365,0.03219604114,0.03117097362
33.88,8.848655785,-0.2526574644,-0.3526155925,0.7444752294,-0.3788121933,0.4337897537,0.8353095504,2.599054665e-05,3.008846723e-05,0.2197639832,0.7288271685,0.05140884832,0.03159043212,0.03108512265
33.904,8.842391989,-0.2517190055,-0.352127283,0.7454986424,-0.3781884365,0.4328464868,0.8359394232,2.24539253e-05,2.083962985e-05,0.2188763798,0.7298333484,0.05129027183,0.03152029811,0.03103862871
33.928,8.836137055,-0.2506113916,-0.3515412343,0.7466364696,-0.3776211857,0.4317259652,0.8366981401,2.591100318e-05,3.50364416e-05,0.2178010027,0.7309939182,0.05120507916,0.031413693,0.03093013937
33.952,8.829890964,-0.2493672499,-0.3509618834,0.7478741398,-0.3770795133,0.4305325411,0.8375587671,3.098274817e-05,7.713023768e-05,0.2166274564,0.7322937642,0.05107877933,0.03126918656,0.03078906999
33.976,8.823653697,-0.2480269537,-0.3504303318,0.7492026497,-0.3765509968,0.4293236392,0.8385077599,3.070921719e-05,2.982966966e-05,0.2154299261,0.7337239833,0.05084609056,0.03111113798,0.03062871896
34,8.817425235,-0.2466190065,-0.3499621229,0.7506179292,-0.376031388,0.428128978,0.8395396836,1.82588508e-05,1.828495286e-05,0.2142381697,0.7352819067,0.05047992368,0.03094374751,0.03045502593
