lam_um,f_THz,side,n1,n2,kz_rad_per_um,Re_S_TE,Im_S_TE,Re_S_TM,Im_S_TM,power
29.9792458,10,trans,0,0,0.2095845022,-6.064824816e-15,-4.011418256e-15,0.7504920373,0.3652276287,0.6966295188
29.9792458,10,refl,0,0,0.2095845022,-6.094871038e-15,-3.675983942e-15,-0.2524260965,0.383422101,0.2107314417
29.24804468,10.25,trans,0,0,0.2148241148,-7.161994048e-15,-3.475559312e-15,0.7198586293,0.3811095138,0.6634409078
29.24804468,10.25,refl,0,0,0.2148241148,-7.116323505e-15,-3.079369872e-15,-0.2821396614,0.3985606062,0.2384533454
28.55166267,10.5,trans,0,0,0.2200637273,-7.718684456e-15,-2.846532522e-15,0.6945754807,0.3952101815,0.6386261859
28.55166267,10.5,refl,0,0,0.2200637273,-7.597794655e-15,-2.5427818e-15,-0.306617694,0.4118677724,0.2636494722
27.88767051,10.75,trans,0,0,0.2253033399,-8.326321718e-15,-2.238108488e-15,0.6743835504,0.4079105017,0.6211841504
27.88767051,10.75,refl,0,0,0.2253033399,-8.168631207e-15,-1.926305729e-15,-0.326174422,0.4237379959,0.2859436427
27.25385982,11,trans,0,0,0.2305429524,-8.681921728e-15,-1.770745028e-15,0.6587859979,0.4195570688,0.610027125
27.25385982,11,refl,0,0,0.2305429524,-8.559754343e-15,-1.550458336e-15,-0.3413033051,0.4345572686,0.3053279658
26.64821849,11.25,trans,0,0,0.235782565,-8.906520762e-15,-8.311397607e-16,0.6315513744,0.4302826394,0.5840002883
26.64821849,11.25,refl,0,0,0.235782565,-8.692265901e-15,-5.596510236e-16,-0.367204616,0.4403343694,0.3287335868
26.06890939,11.5,trans,0,0,0.2410221775,-9.270426513e-15,-2.708079583e-16,0.6102506413,0.440955599,0.5668476854
26.06890939,11.5,refl,0,0,0.2410221775,-9.021042663e-15,3.041367535e-17,-0.387446042,0.4462081624,0.3492161597
25.51425174,11.75,trans,0,0,0.2462617901,-9.344508023e-15,3.77014377e-16,0.593986136,0.4517617718,0.5569082283
25.51425174,11.75,refl,0,0,0.2462617901,-9.053406042e-15,6.669572346e-16,-0.4028859175,0.4524564634,0.3670339138
24.98270483,12,trans,0,0,0.2515014026,-9.325089683e-15,8.215442677e-16,0.5819602069,0.4627418928,0.5528077417
24.98270483,12,refl,0,0,0.2515014026,-8.980613086e-15,1.09683835e-15,-0.4142883031,0.459172128,0.3824738413
24.47285371,12.25,trans,0,0,0.2567410152,-9.541071456e-15,6.468978142e-16,0.5610320339,0.4627538454,0.5288980645
24.47285371,12.25,refl,0,0,0.2567410152,-8.987506345e-15,9.627438362e-16,-0.4334861373,0.4539461507,0.393977339
23.98339664,12.5,trans,0,0,0.2619806277,-9.160298639e-15,6.654806631e-16,0.5444442785,0.4663115236,0.5138660094
23.98339664,12.5,refl,0,0,0.2619806277,-8.534361775e-15,1.05535702e-15,-0.4485283904,0.4526201767,0.4060427413
23.51313396,12.75,trans,0,0,0.2672202403,-8.626015169e-15,9.797282952e-16,0.5313589246,0.4725944366,0.5056878082
23.51313396,12.75,refl,0,0,0.2672202403,-7.931964093e-15,1.312280231e-15,-0.4602611627,0.4543862533,0.418307205
23.06095831,13,trans,0,0,0.2724598529,-8.111608092e-15,6.125510488e-16,0.5211739008,0.4809686939,0.5029531194
23.06095831,13,refl,0,0,0.2724598529,-7.367139391e-15,9.819033692e-16,-0.4692794685,0.4586060119,0.4305426937
22.62584589,13.25,trans,0,0,0.2776994654,-8.050218765e-15,-1.955746601e-16,0.4984992364,0.4691043132,0.4685603454
22.62584589,13.25,refl,0,0,0.2776994654,-7.143655008e-15,1.006209663e-16,-0.4908849814,0.4491732561,0.442724679
22.20684874,13.5,trans,0,0,0.282939078,-7.338389565e-15,-7.837312871e-16,0.4783759265,0.4630496029,0.4432584618
22.20684874,13.5,refl,0,0,0.282939078,-6.370423323e-15,-4.873680318e-16,-0.5101246263,0.4453839293,0.4585939789
21.80308785,13.75,trans,0,0,0.2881786905,-6.553594861e-15,-1.506759702e-15,0.4603839855,0.4616687514,0.4250914502
21.80308785,13.75,refl,0,0,0.2881786905,-5.511819411e-15,-1.240172302e-15,-0.5273667695,0.4461035841,0.4771241174
21.413747,14,trans,0,0,0.2934183031,-6.157937234e-15,-2.176929964e-15,0.4442386492,0.4641189536,0.4127543805
21.413747,14,refl,0,0,0.2934183031,-5.054129295e-15,-1.958351901e-15,-0.5428607076,0.4504958088,0.4976442216
21.03806723,14.25,trans,0,0,0.2986579156,-5.21702428e-15,-2.492988498e-15,0.4204665923,0.4433065398,0.3733128434
21.03806723,14.25,refl,0,0,0.2986579156,-4.198147802e-15,-2.369126322e-15,-0.5675007488,0.4374100765,0.5133846749
20.67534193,14.5,trans,0,0,0.3038975282,-4.858881792e-15,-2.406381715e-15,0.3965234083,0.4284489938,0.3407993536
20.67534193,14.5,refl,0,0,0.3038975282,-3.96542664e-15,-2.400164162e-15,-0.5920994459,0.4294677111,0.5350242687
20.32491241,14.75,trans,0,0,0.3091371407,-4.569153502e-15,-2.711433213e-15,0.3724430109,0.418699217,0.3140228306
20.32491241,14.75,refl,0,0,0.3091371407,-3.822009995e-15,-2.841531681e-15,-0.6166694239,0.4259761945,0.5617368966
19.98616387,15,trans,0,0,0.3143767533,-4.34332123e-15,-3.174513762e-15,0.3482356304,0.4134387537,0.2921996573
19.98616387,15,refl,0,0,0.3143767533,-3.63950753e-15,-3.376993559e-15,-0.6412328293,0.4264303173,0.5930223568
19.65852184,15.25,trans,0,0,0.3196163658,-3.179971775e-15,-3.069200581e-15,0.3288445606,0.3915515712,0.2614513779
19.65852184,15.25,refl,0,0,0.3196163658,-2.678158913e-15,-3.374295586e-15,-0.662256196,0.407668447,0.6047768318
19.3414489,15.5,trans,0,0,0.3248559784,-3.072571581e-15,-3.098280694e-15,0.3062357211,0.3727911553,0.2327535623
19.3414489,15.5,refl,0,0,0.3248559784,-2.714306088e-15,-3.431135735e-15,-0.6861207824,0.3917567427,0.6242350735
19.03444178,15.75,trans,0,0,0.330095591,-1.94326716e-15,-3.643865497e-15,0.2804583216,0.3567821331,0.2059503607
19.03444178,15.75,refl,0,0,0.330095591,-1.690454315e-15,-4.033446947e-15,-0.7128624477,0.3783649116,0.6513328756
18.73702863,16,trans,0,0,0.3353352035,-1.082975731e-15,-4.124003954e-15,0.2513676333,0.3432358856,0.1809965602
18.73702863,16,refl,0,0,0.3353352035,-9.586893499e-16,-4.596543164e-15,-0.7426869585,0.367239138,0.6864485028
18.44876665,16.25,trans,0,0,0.3405748161,-1.036328785e-15,-4.509044465e-15,0.2349681526,0.3215956176,0.158633774
18.44876665,16.25,refl,0,0,0.3405748161,-8.883530937e-16,-4.92604631e-15,-0.7604593584,0.3413164134,0.6947953299
18.16923988,16.5,trans,0,0,0.3458144286,-1.498884921e-15,-3.692716624e-15,0.2142618274,0.2984392087,0.1349740919
18.16923988,16.5,refl,0,0,0.3458144286,-1.341785786e-15,-3.96188902e-15,-0.7822734045,0.3141347052,0.7106322924
17.89805719,16.75,trans,0,0,0.3510540412,-1.166908101e-15,-4.370483803e-15,0.1889690231,0.2728843561,0.1101751635
17.89805719,16.75,refl,0,0,0.3510540412,-1.000082815e-15,-4.694905637e-15,-0.8084389217,0.2847733666,0.7346693605
17.63485047,17,trans,0,0,0.3562936537,-5.689188133e-16,-4.240747307e-15,0.1584684199,0.2435971502,0.0844518117
17.63485047,17,refl,0,0,0.3562936537,-3.425265055e-16,-4.458015974e-15,-0.8395952131,0.2518601308,0.7683536473
17.37927293,17.25,trans,0,0,0.3615332663,9.185152414e-17,-3.612575956e-15,0.1439973079,0.2051086546,0.06280478489
17.37927293,17.25,refl,0,0,0.3615332663,4.482144873e-16,-3.715324823e-15,-0.8545608489,0.2089961473,0.7739536341
17.1309976,17.5,trans,0,0,0.3667728788,-1.721837016e-16,-2.722146643e-15,0.1290474555,0.15856441,0.04179591789
17.1309976,17.5,refl,0,0,0.3667728788,3.128554559e-16,-2.688773854e-15,-0.8698552901,0.1582478795,0.7816906171
16.88971594,17.75,trans,0,0,0.3720124914,5.69990134e-16,-7.871161951e-16,0.115716129,0.1001322205,0.02341668409
16.88971594,17.75,refl,0,0,0.3720124914,1.195286236e-15,-6.649978213e-16,-0.8833663587,0.09573867713,0.789502018
16.65513656,18,trans,0,0,0.377252104,1.961751577e-15,1.573596065e-15,0.1084445839,0.02361803907,0.01231803954
16.65513656,18,refl,0,0,0.377252104,2.75842034e-15,1.798547923e-15,-0.8906065953,0.01521776489,0.793411688
16.426984,18.25,trans,0,0,0.3824917165,2.077497034e-16,4.10050355e-15,0.1392179276,-0.06534141697,0.02365113213
16.426984,18.25,refl,0,0,0.3824917165,1.021519738e-15,4.283252549e-15,-0.8603785566,-0.06669146606,0.7446990123
16.20499773,18.5,trans,0,0,0.3877313291,-3.06468676e-15,7.113665248e-15,0.2109424023,-0.1626908229,0.07096500095
16.20499773,18.5,refl,0,0,0.3877313291,-2.246070324e-15,7.309637897e-15,-0.788457871,-0.1573962631,0.6464393979
15.98893109,18.75,trans,0,0,0.3929709416,-3.508659111e-15,8.806663006e-15,0.3544927044,-0.2416853432,0.1840768826
15.98893109,18.75,trans,-1,0,0.01461479345,-1.57146304e-16,-6.031280473e-17,-4.992246995e-16,-1.503243511e-16,3.001553064e-31
15.98893109,18.75,trans,0,-1,0.01461479345,3.558815813e-16,-4.746881524e-16,4.919621678e-17,-3.625472913e-16,4.858413481e-31
15.98893109,18.75,trans,0,1,0.01461479345,7.053873771e-16,-8.804470467e-16,5.761174332e-17,-3.644467666e-16,1.408898912e-30
15.98893109,18.75,trans,1,0,0.01461479345,-3.589972619e-17,-1.219075242e-16,-5.12691444e-16,-1.128792671e-16,2.917444805e-31
15.98893109,18.75,refl,0,0,0.3929709416,-2.681538388e-15,9.074645509e-15,-0.6436637333,-0.229523904,0.4669842241
15.98893109,18.75,refl,-1,0,0.01461479345,-1.455345029e-16,-6.035296208e-17,5.782299727e-16,2.926651892e-16,4.448255858e-31
15.98893109,18.75,refl,0,-1,0.01461479345,3.623220565e-16,-4.59296478e-16,-1.348525675e-16,4.745201637e-16,5.85585128e-31
15.98893109,18.75,refl,0,1,0.01461479345,7.080200504e-16,-8.678706292e-16,-1.348978699e-16,4.765876362e-16,1.499825031e-30
15.98893109,18.75,refl,1,0,0.01461479345,-2.938647298e-17,-1.241848495e-16,5.907303857e-16,2.73982099e-16,4.403140208e-31
15.77855042,19,trans,0,0,0.3982105542,-1.441443112e-14,-7.776838694e-15,0.5794219206,-0.2189011402,0.3836474713
15.77855042,19,trans,-1,0,0.06602330411,-1.801437896e-16,-3.797151741e-17,2.819563578e-16,4.261226318e-16,2.949735061e-31
15.77855042,19,trans,0,-1,0.06602330411,5.661406873e-18,-1.346234695e-16,-1.854840019e-16,-2.693519911e-16,1.251103401e-31
15.77855042,19,trans,0,1,0.06602330411,-1.268497471e-17,-1.644390529e-17,-1.993065445e-16,-2.771664478e-16,1.169756491e-31
15.77855042,19,trans,1,0,0.06602330411,-7.945632623e-17,-1.505222742e-16,2.625504359e-16,3.713156253e-16,2.357782878e-31
15.77855042,19,refl,0,0,0.3982105542,-1.354503171e-14,-7.714551478e-15,-0.4167722852,-0.1983058631,0.213024353
15.77855042,19,refl,-1,0,0.06602330411,-1.861227635e-16,-3.570106134e-17,-3.363931633e-16,-4.807771891e-16,3.802233147e-31
15.77855042,19,refl,0,-1,0.06602330411,-7.544498119e-18,-1.319413128e-16,1.842479015e-16,2.871228648e-16,1.338522582e-31
15.77855042,19,refl,0,1,0.06602330411,-2.795423737e-17,-1.137043276e-17,1.970350529e-16,2.990237399e-16,1.291487352e-31
15.77855042,19,refl,1,0,0.06602330411,-8.758943307e-17,-1.442840433e-16,-3.150934568e-16,-4.376209744e-16,3.192857977e-31
15.57363418,19.25,trans,0,0,0.4034501667,-6.500834384e-15,-1.684258289e-14,0.681463817,-0.008131905169,0.4644590618
15.57363418,19.25,trans,-1,0,0.09251739439,2.012505818e-16,-1.749946637e-16,1.125885345e-16,3.039881351e-17,8.472519497e-32
15.57363418,19.25,trans,0,-1,0.09251739439,-2.595922768e-16,-1.556047942e-16,-2.749553891e-16,-9.259047593e-18,1.672871981e-31
15.57363418,19.25,trans,0,1,0.09251739439,-3.882709634e-16,-2.119542408e-16,-2.628900398e-16,-2.199999671e-17,2.65274114e-31
15.57363418,19.25,trans,1,0,0.09251739439,1.854040825e-16,4.792870232e-17,1.251852523e-16,3.233040199e-17,5.338843658e-32
15.57363418,19.25,refl,0,0,0.4034501667,-5.449843029e-15,-1.648998894e-14,-0.314947906,0.02043589546,0.0996098093
15.57363418,19.25,refl,-1,0,0.09251739439,2.01152847e-16,-1.72700814e-16,-1.146026514e-16,-2.870631018e-17,8.424585893e-32
15.57363418,19.25,refl,0,-1,0.09251739439,-2.613761482e-16,-1.592048107e-16,2.927138818e-16,1.072211109e-17,1.794600429e-31
15.57363418,19.25,refl,0,1,0.09251739439,-3.863840937e-16,-2.203971217e-16,2.806115067e-16,2.396305611e-17,2.771846049e-31
15.57363418,19.25,refl,1,0,0.09251739439,1.886491733e-16,4.638357853e-17,-1.225266845e-16,-3.435544448e-17,5.393303192e-32
15.37397221,19.5,trans,0,0,0.4086897793,8.100959431e-15,-1.139200191e-14,0.614133647,0.1971688378,0.416035687
15.37397221,19.5,trans,-1,0,0.1132023274,4.536254048e-16,1.82520717e-16,-1.880767865e-16,-1.200147395e-16,2.888662353e-31
15.37397221,19.5,trans,0,-1,0.1132023274,-8.882069739e-17,-4.700517134e-16,-8.014946259e-17,4.367442652e-17,2.371691214e-31
15.37397221,19.5,trans,0,1,0.1132023274,-1.791655669e-16,-6.301430868e-16,-8.408417578e-17,4.143345639e-17,4.379674901e-31
15.37397221,19.5,trans,1,0,0.1132023274,3.31661683e-16,1.87288749e-16,-1.944863007e-16,-1.058272015e-16,1.941008652e-31
15.37397221,19.5,refl,0,0,0.4086897793,9.085919315e-15,-1.064933221e-14,-0.385843254,0.2307086993,0.2021015206
15.37397221,19.5,refl,-1,0,0.1132023274,4.516882228e-16,1.840175832e-16,1.863866176e-16,1.40486871e-16,2.923612537e-31
15.37397221,19.5,refl,0,-1,0.1132023274,-8.703365174e-17,-4.717652969e-16,9.081164852e-17,-4.635739238e-17,2.405331152e-31
15.37397221,19.5,refl,0,1,0.1132023274,-1.747016995e-16,-6.281844637e-16,9.43741521e-17,-4.368864531e-17,4.359515825e-31
15.37397221,19.5,refl,1,0,0.1132023274,3.323445753e-16,1.926097327e-16,1.925173884e-16,1.219309354e-16,1.994815237e-31
15.17936496,19.75,trans,0,0,0.4139293918,9.446782738e-15,-2.981591854e-15,0.4694047417,0.2979129432,0.3090929333
15.17936496,19.75,trans,-1,0,0.1308624188,5.032344809e-17,1.347190216e-17,-1.448841667e-16,-7.908349727e-18,2.376790533e-32
15.17936496,19.75,trans,0,-1,0.1308624188,3.041864865e-16,-1.194072691e-16,2.360449911e-16,-3.195351355e-17,1.635257793e-31
15.17936496,19.75,trans,0,1,0.1308624188,2.860559348e-16,-3.882955299e-16,2.40464675e-16,-3.35664141e-17,2.915513805e-31
15.17936496,19.75,trans,1,0,0.1308624188,6.151359502e-17,-3.900277041e-17,-1.341774532e-16,4.566047726e-18,2.33295762e-32
15.17936496,19.75,refl,0,0,0.4139293918,1.018878521e-14,-2.063840534e-15,-0.5339725436,0.3330176017,0.3960274004
15.17936496,19.75,refl,-1,0,0.1308624188,4.9965787e-17,1.189841021e-17,1.44555209e-16,5.793072129e-18,2.356792016e-32
15.17936496,19.75,refl,0,-1,0.1308624188,3.017254654e-16,-1.176745071e-16,-2.400667537e-16,2.518210684e-17,1.631517308e-31
15.17936496,19.75,refl,0,1,0.1308624188,2.787673642e-16,-3.84736214e-16,-2.445956702e-16,2.693267831e-17,2.862856088e-31
15.17936496,19.75,refl,1,0,0.1308624188,5.58185676e-17,-3.818830316e-17,1.337871103e-16,-1.031496021e-17,2.257944828e-32
14.9896229,20,trans,0,0,0.4191690044,6.467555016e-15,1.520089472e-15,0.3304749783,0.3160674958,0.2091123731
14.9896229,20,trans,-1,0,0.1465949708,1.632353636e-16,-3.04764106e-16,1.623716755e-16,3.451025411e-16,2.649872692e-31
14.9896229,20,trans,0,-1,0.1465949708,-4.721189325e-16,-4.55646767e-16,2.302437871e-16,-4.790259617e-17,4.85817123e-31
14.9896229,20,trans,0,1,0.1465949708,-3.222588034e-16,-3.936811908e-16,2.489916862e-16,-5.424113188e-17,3.237745765e-31
14.9896229,20,trans,1,0,0.1465949708,2.637883866e-16,-3.113460529e-16,1.047530664e-16,2.700371743e-16,2.50413958e-31
14.9896229,20,refl,0,0,0.4191690044,7.06269186e-15,2.312477566e-15,-0.6748527189,0.3511891373,0.5787600023
14.9896229,20,refl,-1,0,0.1465949708,1.645999206e-16,-3.067230397e-16,-1.58543546e-16,-3.434170458e-16,2.642434803e-31
14.9896229,20,refl,0,-1,0.1465949708,-4.683605487e-16,-4.582302795e-16,-2.292299301e-16,4.535679969e-17,4.839401927e-31
14.9896229,20,refl,0,1,0.1465949708,-3.213634722e-16,-3.957023611e-16,-2.485632574e-16,5.193438316e-17,3.243357129e-31
14.9896229,20,refl,1,0,0.1465949708,2.601991604e-16,-3.124842652e-16,-1.004914093e-16,-2.715536625e-16,2.491899341e-31
14.80456583,20.25,trans,0,0,0.4244086169,3.154892017e-15,1.675493178e-15,0.2399765308,0.2706708918,0.130851467
14.80456583,20.25,trans,-1,0,0.1609661622,-1.602127925e-17,-1.681992488e-16,-1.62118036e-16,1.538585258e-16,7.850237225e-32
14.80456583,20.25,trans,0,-1,0.1609661622,-2.091977234e-16,-3.732680813e-16,1.440701919e-16,-4.855765203e-17,2.062068137e-31
14.80456583,20.25,trans,0,1,0.1609661622,-7.444720074e-17,-4.367554689e-16,1.338692267e-16,-5.072257806e-17,2.167914751e-31
14.80456583,20.25,trans,1,0,0.1609661622,6.817353146e-17,-2.001510672e-16,-2.42976896e-16,1.39689386e-16,1.232589766e-31
14.80456583,20.25,refl,0,0,0.4244086169,3.672078299e-15,2.038444818e-15,-0.7632151664,0.3020090809,0.6737068752
14.80456583,20.25,refl,-1,0,0.1609661622,-1.37112737e-17,-1.667701236e-16,1.751316885e-16,-1.534494201e-16,8.2218106e-32
14.80456583,20.25,refl,0,-1,0.1609661622,-2.057638872e-16,-3.738185246e-16,-1.459338532e-16,4.793273081e-17,2.056733028e-31
14.80456583,20.25,refl,0,1,0.1609661622,-7.374765908e-17,-4.38335723e-16,-1.359103655e-16,4.968706668e-17,2.185173553e-31
14.80456583,20.25,refl,1,0,0.1609661622,6.634564777e-17,-1.991776674e-16,2.566986029e-16,-1.439359923e-16,1.306852308e-31
14.62402234,20.5,trans,0,0,0.4296482295,1.452362597e-15,1.549221072e-15,0.173957268,0.2171810946,0.07742875896
14.62402234,20.5,trans,-1,0,0.1743130298,-2.361362964e-16,-1.194897119e-16,3.401220411e-16,8.425225984e-17,1.928195878e-31
14.62402234,20.5,trans,0,-1,0.1743130298,-1.604246981e-16,1.943482918e-16,-4.354963343e-17,1.245311165e-16,8.091191184e-32
14.62402234,20.5,trans,0,1,0.1743130298,-1.345030106e-16,1.429008587e-16,-2.521968525e-17,1.177264947e-16,5.300727537e-32
14.62402234,20.5,trans,1,0,0.1743130298,-1.299026912e-16,-7.325001448e-17,3.007299947e-16,4.625680736e-17,1.148184957e-31
14.62402234,20.5,refl,0,0,0.4296482295,1.958858289e-15,1.672441639e-15,-0.8269463506,0.2460137593,0.7443630366
14.62402234,20.5,refl,-1,0,0.1743130298,-2.34228892e-16,-1.207723255e-16,-3.420765802e-16,-8.338654221e-17,1.934188306e-31
14.62402234,20.5,refl,0,-1,0.1743130298,-1.570606506e-16,1.933781805e-16,4.64448636e-17,-1.263532589e-16,8.018544005e-32
14.62402234,20.5,refl,0,1,0.1743130298,-1.32658435e-16,1.412122734e-16,2.810844453e-17,-1.197091187e-16,5.265952429e-32
14.62402234,20.5,refl,1,0,0.1743130298,-1.300946536e-16,-7.521096016e-17,-3.021386077e-16,-4.878043994e-17,1.16248577e-31
14.4478293,20.75,trans,0,0,0.4348878421,4.121847869e-16,2.530289434e-16,0.1239422519,0.1608609209,0.04123791766
14.4478293,20.75,trans,-1,0,0.1868552017,4.952367472e-17,-1.048878006e-16,5.691962479e-17,-1.508976511e-16,3.946398986e-32
14.4478293,20.75,trans,0,-1,0.1868552017,-3.325421603e-16,-1.716e-16,-2.531550551e-16,1.231270207e-16,2.192785935e-31
14.4478293,20.75,trans,0,1,0.1868552017,-2.793051238e-16,-2.790769703e-16,-2.408279166e-16,1.076140418e-16,2.254741749e-31
14.4478293,20.75,trans,1,0,0.1868552017,9.208897956e-17,-5.434771774e-17,2.249258342e-17,-1.682845358e-16,4.025965588e-32
14.4478293,20.75,refl,0,0,0.4348878421,8.662540294e-16,3.160902513e-16,-0.8747698124,0.1880037879,0.8005676489
14.4478293,20.75,refl,-1,0,0.1868552017,5.066326677e-17,-1.058200716e-16,-6.582432377e-17,1.523808158e-16,4.13174088e-32
14.4478293,20.75,refl,0,-1,0.1868552017,-3.28913586e-16,-1.719414167e-16,2.533038278e-16,-1.249841882e-16,2.175318743e-31
14.4478293,20.75,refl,0,1,0.1868552017,-2.765811242e-16,-2.806625775e-16,2.410738608e-16,-1.096161454e-16,2.254009063e-31
14.4478293,20.75,refl,1,0,0.1868552017,9.241877066e-17,-5.573194458e-17,-3.095314619e-17,1.669988493e-16,4.049399176e-32
14.27583133,21,trans,0,0,0.4401274546,-5.737942165e-17,-4.52710726e-16,0.08482855273,0.1033082429,0.0178684764
14.27583133,21,trans,-1,0,0.1987450818,1.581384951e-16,-2.670037922e-16,-1.560172498e-16,-1.515749867e-16,1.436151675e-31
14.27583133,21,trans,0,-1,0.1987450818,2.474805358e-17,-1.576194642e-16,5.405110114e-17,1.418185785e-16,4.84903924e-32
14.27583133,21,trans,0,1,0.1987450818,1.021507518e-16,-2.373624994e-16,4.749389149e-17,1.297125614e-16,8.585675055e-32
14.27583133,21,trans,1,0,0.1987450818,2.047969294e-16,-2.245867691e-16,-2.279927745e-16,-1.699587684e-16,1.732476873e-31
14.27583133,21,refl,0,0,0.4401274546,3.219845036e-16,-4.651287705e-16,-0.9118594635,0.1292902301,0.8482036447
14.27583133,21,refl,-1,0,0.1987450818,1.580693603e-16,-2.652317032e-16,1.602696514e-16,1.523991992e-16,1.442456561e-31
14.27583133,21,refl,0,-1,0.1987450818,2.349326578e-17,-1.585458652e-16,-5.472697008e-17,-1.38151561e-16,4.776961997e-32
14.27583133,21,refl,0,1,0.1987450818,1.003665769e-16,-2.394930879e-16,-4.792924403e-17,-1.261797977e-16,8.564894267e-32
14.27583133,21,refl,1,0,0.1987450818,2.053242399e-16,-2.228228883e-16,2.326903517e-16,1.682796852e-16,1.742709353e-31
14.10788038,21.25,trans,0,0,0.4453670672,-2.855023067e-16,-5.220682049e-17,0.07536151325,0.04666401965,0.007856888409
14.10788038,21.25,trans,-1,0,0.2100934453,1.111194728e-16,-1.383404502e-16,3.370355277e-16,-3.463568681e-16,2.650416445e-31
14.10788038,21.25,trans,0,-1,0.2100934453,9.514600686e-17,1.04160795e-16,-9.439257536e-17,-1.277625732e-16,4.513546724e-32
14.10788038,21.25,trans,0,1,0.2100934453,2.049545625e-16,-1.558961611e-17,-8.538609953e-17,-1.316628127e-16,6.687529105e-32
14.10788038,21.25,trans,1,0,0.2100934453,1.2006278e-16,-3.074567211e-17,2.738477111e-16,-3.622996364e-16,2.216139629e-31
14.10788038,21.25,refl,0,0,0.4453670672,6.330813266e-17,-9.889325585e-17,-0.9211246822,0.07295571801,0.853793217
14.10788038,21.25,refl,-1,0,0.2100934453,1.100286362e-16,-1.404565179e-16,-3.391584181e-16,3.499265071e-16,2.693113272e-31
14.10788038,21.25,refl,0,-1,0.2100934453,9.601837753e-17,1.056024013e-16,9.429557167e-17,1.275704138e-16,4.553726129e-32
14.10788038,21.25,refl,0,1,0.2100934453,2.047412254e-16,-1.590715393e-17,8.533104142e-17,1.313478161e-16,6.670564236e-32
14.10788038,21.25,refl,1,0,0.2100934453,1.197329963e-16,-3.273601093e-17,-2.756780235e-16,3.63434752e-16,2.234908284e-31
13.94383526,21.5,trans,0,0,0.4506066797,-4.824654851e-17,-1.136965729e-16,0.07022945121,-0.008320029687,0.005001398712
13.94383526,21.5,trans,-1,0,0.2209837348,-2.155799341e-16,8.454692466e-17,-1.731927871e-16,-9.120476344e-17,9.193694084e-32
13.94383526,21.5,trans,0,-1,0.2209837348,3.192243527e-17,1.341779406e-16,-1.626164773e-16,-6.32593739e-17,4.946862869e-32
13.94383526,21.5,trans,0,1,0.2209837348,1.29255444e-16,3.775443087e-17,-1.547184697e-16,-6.451641552e-17,4.62325396e-32
13.94383526,21.5,trans,1,0,0.2209837348,-1.933522253e-16,1.685299952e-16,-2.238359604e-16,-1.02673224e-16,1.264317704e-31
13.94383526,21.5,refl,0,0,0.4506066797,2.694334755e-16,-6.074991193e-17,-0.9260771673,0.01829458002,0.8579536115
13.94383526,21.5,refl,-1,0,0.2209837348,-2.155403888e-16,8.308142193e-17,1.713260642e-16,9.401501108e-17,9.155162446e-32
13.94383526,21.5,refl,0,-1,0.2209837348,3.184938209e-17,1.346869375e-16,1.627814844e-16,6.280129889e-17,4.959676906e-32
13.94383526,21.5,refl,0,1,0.2209837348,1.28715882e-16,3.686894431e-17,1.5502976e-16,6.396788281e-17,4.605321385e-32
13.94383526,21.5,refl,1,0,0.2209837348,-1.926588801e-16,1.673800618e-16,2.221098371e-16,1.026418216e-16,1.250016525e-31
13.78356129,21.75,trans,0,0,0.4558462923,1.636911412e-16,-7.188190464e-16,0.0688818483,-0.06223161699,0.008617483178
13.78356129,21.75,trans,-1,0,0.2314806113,-6.176117143e-17,3.426770506e-17,-8.641392882e-17,7.674330554e-17,1.834561995e-32
13.78356129,21.75,trans,0,-1,0.2314806113,6.557344452e-17,6.227511083e-17,-2.05463454e-16,4.989041143e-17,5.288235012e-32
13.78356129,21.75,trans,0,1,0.2314806113,1.379776827e-16,-8.759325256e-18,-2.04455144e-16,4.409760043e-17,6.286107099e-32
13.78356129,21.75,trans,1,0,0.2314806113,-3.79616987e-17,1.044506886e-16,-1.482256235e-16,6.06991733e-17,3.800626203e-32
13.78356129,21.75,refl,0,0,0.4558462923,4.673486515e-16,-5.433254135e-16,-0.9272687769,-0.03528646603,0.8610725194
13.78356129,21.75,refl,-1,0,0.2314806113,-6.22229231e-17,3.67871028e-17,8.611730515e-17,-7.466175052e-17,1.821555033e-32
13.78356129,21.75,refl,0,-1,0.2314806113,6.475645145e-17,6.317633111e-17,2.067319202e-16,-5.01239551e-17,5.34351445e-32
13.78356129,21.75,refl,0,1,0.2314806113,1.366757892e-16,-9.320579739e-18,2.058669217e-16,-4.438545361e-17,6.311840249e-32
13.78356129,21.75,refl,1,0,0.2314806113,-3.797275944e-17,1.071401163e-16,1.481724888e-16,-6.149495845e-17,3.865765135e-32
13.62692991,22,trans,0,0,0.4610859048,-8.573717724e-17,-3.131082974e-16,0.07106752961,-0.1154333358,0.01837544878
13.62692991,22,trans,-1,0,0.241635351,2.103752055e-17,8.718065616e-17,5.862756342e-17,-1.126102975e-16,2.416131438e-32
13.62692991,22,trans,0,-1,0.241635351,4.425315727e-17,-1.515521583e-16,2.78984405e-17,3.010021711e-17,2.661074468e-32
13.62692991,22,trans,0,1,0.241635351,1.491414525e-16,-2.284249107e-16,1.916239083e-17,1.683479664e-17,7.507172028e-32
13.62692991,22,trans,1,0,0.241635351,4.138004414e-17,1.439024954e-16,-2.997065171e-17,-1.387354913e-16,4.256601276e-32
13.62692991,22,refl,0,0,0.4610859048,1.924336309e-16,-2.636424015e-16,-0.924951491,-0.08815424624,0.8633064319
13.62692991,22,refl,-1,0,0.241635351,2.067772884e-17,8.772825847e-17,-5.818096823e-17,1.151091247e-16,2.475895146e-32
13.62692991,22,refl,0,-1,0.241635351,4.422431058e-17,-1.5139677e-16,-2.840609989e-17,-3.111719509e-17,2.665195796e-32
13.62692991,22,refl,0,1,0.241635351,1.489593315e-16,-2.297639432e-16,-1.969120062e-17,-1.79752202e-17,7.569120394e-32
13.62692991,22,refl,1,0,0.241635351,4.153700031e-17,1.448477781e-16,3.083031505e-17,1.379640325e-16,4.26907838e-32
13.47381834,22.25,trans,0,0,0.4663255174,1.974698169e-17,-5.760094602e-16,0.08629750009,-0.1591163419,0.03276526877
13.47381834,22.25,trans,-1,0,0.2514894022,8.314547167e-17,1.055422897e-16,-1.179304483e-16,-3.823268885e-17,3.342167351e-32
13.47381834,22.25,trans,0,-1,0.2514894022,7.337821227e-17,-2.581219877e-16,1.639369958e-17,1.497507277e-17,7.250432878e-32
13.47381834,22.25,trans,0,1,0.2514894022,1.870720318e-16,-2.576812094e-16,1.495765384e-17,2.404549941e-17,1.021974682e-31
13.47381834,22.25,trans,1,0,0.2514894022,8.268312003e-17,1.343735569e-16,-1.861014177e-16,-2.224723336e-17,6.002142818e-32
13.47381834,22.25,refl,0,0,0.4663255174,2.781924373e-16,-4.514863602e-16,-0.9095433103,-0.1314832459,0.8445568773
13.47381834,22.25,refl,-1,0,0.2514894022,8.414969222e-17,1.058055054e-16,1.199764365e-16,3.935762349e-17,3.421934351e-32
13.47381834,22.25,refl,0,-1,0.2514894022,7.303707566e-17,-2.576807953e-16,-1.683228488e-17,-1.242163358e-17,7.21714295e-32
13.47381834,22.25,refl,0,1,0.2514894022,1.866762907e-16,-2.590277229e-16,-1.535500863e-17,-2.142797398e-17,1.026383331e-31
13.47381834,22.25,refl,1,0,0.2514894022,8.403510662e-17,1.349852805e-16,1.881721331e-16,1.99944896e-17,6.109145638e-32
13.32410924,22.5,trans,0,0,0.4715651299,-5.000528422e-17,-4.356224448e-16,0.1038150987,-0.2019207006,0.05154954403
13.32410924,22.5,trans,-1,0,0.2610768144,2.413281731e-17,2.184504232e-17,5.711586604e-17,1.392960048e-16,2.372519785e-32
13.32410924,22.5,trans,0,-1,0.2610768144,-1.017241059e-17,-5.194976833e-17,-8.311455328e-17,-1.984843255e-17,1.010424561e-32
13.32410924,22.5,trans,0,1,0.2610768144,1.081426438e-16,-7.759833321e-17,-8.660972438e-17,-2.044961336e-17,2.563576376e-32
13.32410924,22.5,trans,1,0,0.2610768144,-1.637465525e-17,4.21222738e-17,-7.170021429e-18,1.406450193e-16,2.187484595e-32
13.32410924,22.5,refl,0,0,0.4715651299,1.816679806e-16,-2.689528165e-16,-0.8918824923,-0.1739393106,0.8257092638
13.32410924,22.5,refl,-1,0,0.2610768144,2.416484237e-17,2.157028831e-17,-5.588299156e-17,-1.388823362e-16,2.346042899e-32
13.32410924,22.5,refl,0,-1,0.2610768144,-1.19680422e-17,-5.183871521e-17,8.325538611e-17,1.935936521e-17,1.013673077e-32
13.32410924,22.5,refl,0,1,0.2610768144,1.064800233e-16,-7.932614956e-17,8.675708004e-17,1.995392959e-17,2.555558361e-32
13.32410924,22.5,refl,1,0,0.2610768144,-1.618590065e-17,4.228079885e-17,8.246452134e-18,-1.434945037e-16,2.270832588e-32
13.17769046,22.75,trans,0,0,0.4768047425,1.007158589e-16,-2.237937204e-16,0.123715999,-0.2437911825,0.07473978905
13.17769046,22.75,trans,-1,0,0.2704259486,-1.025795931e-16,-2.918190178e-17,3.590431993e-17,-6.585952762e-17,1.700075388e-32
13.17769046,22.75,trans,0,-1,0.2704259486,-7.132604576e-17,-7.854474598e-17,5.393191994e-17,1.578771653e-17,1.441458591e-32
13.17769046,22.75,trans,0,1,0.2704259486,5.116369406e-17,-8.506271305e-17,2.032451748e-17,-7.55642624e-18,1.032357433e-32
13.17769046,22.75,trans,1,0,0.2704259486,-1.152850781e-16,-3.681989643e-17,-6.940519752e-17,-8.595901138e-17,2.685238709e-32
13.17769046,22.75,refl,0,0,0.4768047425,3.172125446e-16,-6.685345313e-17,-0.8718706502,-0.2154694985,0.8065855355
13.17769046,22.75,refl,-1,0,0.2704259486,-1.014159929e-16,-2.889473866e-17,-3.493542074e-17,6.772673713e-17,1.692750408e-32
13.17769046,22.75,refl,0,-1,0.2704259486,-7.11301238e-17,-7.70551398e-17,-5.314617032e-17,-1.307268414e-17,1.399239957e-32
13.17769046,22.75,refl,0,1,0.2704259486,5.143895372e-17,-8.526235179e-17,-1.950764076e-17,1.02679086e-17,1.040161259e-32
13.17769046,22.75,refl,1,0,0.2704259486,-1.139792751e-16,-3.6110071e-17,7.073002433e-17,8.440062493e-17,2.642141421e-32
13.0344547,23,trans,0,0,0.482044355,-1.61109454e-16,-2.115129472e-16,0.1460947393,-0.2846035171,0.1023428348
13.0344547,23,trans,-1,0,0.2795607116,1.026547608e-17,-4.759213153e-17,3.947668628e-17,-1.320623348e-16,2.136926001e-32
13.0344547,23,trans,0,-1,0.2795607116,-1.362853161e-16,1.424277349e-16,-7.137098615e-17,-1.214751933e-16,5.87093873e-32
13.0344547,23,trans,0,1,0.2795607116,7.963995969e-18,1.185650621e-16,-5.35248473e-17,-1.080429527e-16,2.865928809e-32
13.0344547,23,trans,1,0,0.2795607116,-3.556831172e-17,-1.476579229e-17,1.394415425e-17,-1.13511925e-16,1.456252998e-32
13.0344547,23,refl,0,0,0.482044355,1.73588787e-17,-8.751136999e-17,-0.8494107222,-0.2559515327,0.787009762
13.0344547,23,refl,-1,0,0.2795607116,9.053237753e-18,-4.571802335e-17,-3.834013731e-17,1.343003266e-16,2.167864263e-32
13.0344547,23,refl,0,-1,0.2795607116,-1.369834694e-16,1.445258212e-16,7.150560936e-17,1.240388998e-16,6.015088471e-32
13.0344547,23,refl,0,1,0.2795607116,6.982703454e-18,1.186437728e-16,5.383091787e-17,1.105940008e-16,2.92539037e-32
13.0344547,23,refl,1,0,0.2795607116,-3.689885632e-17,-1.246870359e-17,-1.29422284e-17,1.123725059e-16,1.431207552e-32
12.89429927,23.25,trans,0,0,0.4872839676,-7.377032188e-17,-3.832383574e-16,0.1742217033,-0.3159432718,0.1301733529
12.89429927,23.25,trans,-1,0,0.2885014667,1.178048375e-18,-2.778528255e-17,2.050482423e-16,8.394836051e-18,4.288866466e-32
12.89429927,23.25,trans,0,-1,0.2885014667,-2.599831525e-16,4.279360279e-17,3.689154048e-17,-1.649112831e-17,7.105547512e-32
12.89429927,23.25,trans,0,1,0.2885014667,-1.295327519e-16,-8.483883212e-18,5.388079778e-17,-4.812261567e-18,1.977700831e-32
12.89429927,23.25,trans,1,0,0.2885014667,-9.402179436e-17,5.101987257e-17,1.750707339e-16,2.740629386e-17,4.284399202e-32
12.89429927,23.25,refl,0,0,0.4872839676,1.023155244e-16,-1.96305229e-16,-0.821201782,-0.2869432592,0.7567088008
12.89429927,23.25,refl,-1,0,0.2885014667,1.129477868e-18,-2.501131772e-17,-2.06490716e-16,-7.860085867e-18,4.332703846e-32
12.89429927,23.25,refl,0,-1,0.2885014667,-2.610726892e-16,4.657781198e-17,-3.659253258e-17,1.415249737e-17,7.186774826e-32
12.89429927,23.25,refl,0,1,0.2885014667,-1.312895085e-16,-6.759492034e-18,-5.344032921e-17,2.504646013e-18,2.014476781e-32
12.89429927,23.25,refl,1,0,0.2885014667,-9.404313647e-17,5.425275663e-17,-1.764866542e-16,-3.003873608e-17,4.383733788e-32
12.75712587,23.5,trans,0,0,0.4925235802,1.531514768e-17,-5.190352574e-16,0.2042099766,-0.3459439966,0.1613789633
12.75712587,23.5,trans,-1,0,0.2972657199,1.212979569e-16,-4.566115824e-17,-1.437265884e-17,1.361904117e-16,3.555253727e-32
12.75712587,23.5,trans,0,-1,0.2972657199,-9.773287888e-17,1.033734121e-16,3.057044517e-17,-3.816641453e-18,2.118689682e-32
12.75712587,23.5,trans,0,1,0.2972657199,6.465750074e-17,6.060858207e-17,3.390876878e-17,3.523151367e-18,9.016209818e-33
12.75712587,23.5,trans,1,0,0.2972657199,2.27655351e-17,-1.59789347e-17,-4.972776125e-17,1.588235788e-16,2.847137537e-32
12.75712587,23.5,refl,0,0,0.4925235802,1.992584096e-16,-3.432066588e-16,-0.7911542006,-0.3166150247,0.7261700431
12.75712587,23.5,refl,-1,0,0.2972657199,1.212012892e-16,-4.657561874e-17,1.2705979e-17,-1.359501772e-16,3.550293335e-32
12.75712587,23.5,refl,0,-1,0.2972657199,-9.722792797e-17,1.040809625e-16,-3.096729285e-17,4.07446053e-18,2.126169119e-32
12.75712587,23.5,refl,0,1,0.2972657199,6.476275147e-17,5.897011322e-17,-3.415639141e-17,-3.271873307e-18,8.84905246e-33
12.75712587,23.5,refl,1,0,0.2972657199,2.27225024e-17,-1.635109008e-17,4.810645815e-17,-1.616677368e-16,2.923435872e-32
12.62284034,23.75,trans,0,0,0.4977631927,-9.713693975e-17,-2.850982145e-16,0.2361003758,-0.3744191945,0.1959331207
12.62284034,23.75,trans,-1,0,0.3058686438,-5.719501839e-17,2.457427398e-17,7.975024002e-17,1.204915764e-16,2.475348584e-32
12.62284034,23.75,trans,0,-1,0.3058686438,-1.835512013e-16,-7.750057118e-18,8.961119689e-18,-8.336747916e-18,3.39009099e-32
12.62284034,23.75,trans,0,1,0.3058686438,-1.117704905e-16,-1.650516047e-17,6.805862365e-18,-9.855291987e-18,1.290850942e-32
12.62284034,23.75,trans,1,0,0.3058686438,-6.673464516e-17,1.163549315e-17,2.247080314e-17,1.190392148e-16,1.926416922e-32
12.62284034,23.75,refl,0,0,0.4977631927,3.413651311e-17,-2.325643829e-17,-0.7592234205,-0.3447801883,0.6952935805
12.62284034,23.75,refl,-1,0,0.3058686438,-5.623914515e-17,2.454149938e-17,-8.164661871e-17,-1.197759824e-16,2.477758295e-32
12.62284034,23.75,refl,0,-1,0.3058686438,-1.857889835e-16,-6.123923331e-18,-9.279988127e-18,5.467555447e-18,3.467106116e-32
12.62284034,23.75,refl,0,1,0.3058686438,-1.141913459e-16,-1.674907684e-17,-7.07592185e-18,6.93220854e-18,1.341831924e-32
12.62284034,23.75,refl,1,0,0.3058686438,-6.575194707e-17,1.211239781e-17,-2.377118819e-17,-1.216990185e-16,1.984574921e-32
12.49135242,24,trans,0,0,0.5030028053,5.560176867e-17,-6.451941199e-16,0.269940843,-0.4011677492,0.2338036217
12.49135242,24,trans,-1,0,0.3143234852,-1.181651251e-16,-7.726893924e-17,1.374391263e-16,2.253104084e-16,8.958777931e-32
12.49135242,24,trans,0,-1,0.3143234852,-1.636963332e-16,-6.161840934e-17,-1.355150904e-16,-9.386804764e-17,5.776886798e-32
12.49135242,24,trans,0,1,0.3143234852,-6.591287579e-17,-5.706111367e-17,-1.419179793e-16,-1.170608756e-16,4.144443933e-32
12.49135242,24,trans,1,0,0.3143234852,-1.072862894e-16,-4.572619799e-17,6.658773379e-17,2.149508612e-16,6.42390321e-32
12.49135242,24,refl,0,0,0.5030028053,1.424310999e-16,-3.672020427e-16,-0.7253577602,-0.3712370576,0.6639608332
12.49135242,24,refl,-1,0,0.3143234852,-1.194178201e-16,-7.819741333e-17,-1.377714847e-16,-2.254498735e-16,9.018407865e-32
12.49135242,24,refl,0,-1,0.3143234852,-1.678677098e-16,-6.119104879e-17,1.362845503e-16,9.875535864e-17,6.025001195e-32
12.49135242,24,refl,0,1,0.3143234852,-7.077963815e-17,-5.79568348e-17,1.427494405e-16,1.219033514e-16,4.360658173e-32
12.49135242,24,refl,1,0,0.3143234852,-1.08600701e-16,-4.616726267e-17,-6.63139243e-17,-2.184947798e-16,6.606303375e-32
12.36257559,24.25,trans,0,0,0.5082424178,-3.606898124e-17,-2.548201809e-16,0.3060489317,-0.4199044175,0.2699856684
12.36257559,24.25,trans,-1,0,0.3226418859,3.338188379e-17,2.309320479e-18,1.281614904e-16,-8.929096344e-17,2.551792691e-32
12.36257559,24.25,trans,0,-1,0.3226418859,-1.821245054e-16,6.70404899e-17,-2.77691844e-17,1.974547937e-17,3.882477431e-32
12.36257559,24.25,trans,0,1,0.3226418859,-6.925608708e-17,3.582191749e-17,-1.828234636e-17,3.775977921e-17,7.839660484e-33
12.36257559,24.25,trans,1,0,0.3226418859,-5.660072891e-17,1.818887625e-17,9.057456397e-17,-5.956902326e-17,1.52866979e-32
12.36257559,24.25,refl,0,0,0.5082424178,4.667376091e-17,7.548968872e-17,-0.689227029,-0.3896358681,0.6268500071
12.36257559,24.25,refl,-1,0,0.3226418859,3.298067516e-17,3.179923246e-18,-1.26760226e-16,9.025482012e-17,2.531192429e-32
12.36257559,24.25,refl,0,-1,0.3226418859,-1.827701394e-16,6.956405424e-17,2.851075109e-17,-1.718745857e-17,3.935235316e-32
12.36257559,24.25,refl,0,1,0.3226418859,-7.057471262e-17,3.635036948e-17,1.92999323e-17,-3.502969688e-17,7.901706474e-33
12.36257559,24.25,refl,1,0,0.3226418859,-5.71003466e-17,1.963002532e-17,-8.863073366e-17,5.719286547e-17,1.477221829e-32
12.23642686,24.5,trans,0,0,0.5134820304,-6.942571819e-17,4.501234901e-19,0.3438357524,-0.4367461144,0.3089701931
12.23642686,24.5,trans,-1,0,0.3308341378,-2.685696249e-17,-8.09232628e-18,-6.214677595e-19,-6.001603145e-17,4.389092432e-33
12.23642686,24.5,trans,0,-1,0.3308341378,-5.245805405e-17,1.815233501e-17,-5.284216115e-17,-3.061015596e-17,6.810630344e-33
12.23642686,24.5,trans,0,1,0.3308341378,8.59937775e-18,7.000665815e-18,-4.874558181e-17,-1.304765662e-17,2.669331709e-33
12.23642686,24.5,trans,1,0,0.3308341378,-6.655932458e-17,-1.266309306e-17,-1.890571574e-17,-3.350779877e-17,6.07069628e-33
12.23642686,24.5,refl,0,0,0.5134820304,6.147392142e-18,2.34674335e-16,-0.6514155487,-0.4061598721,0.5893080587
12.23642686,24.5,refl,-1,0,0.3308341378,-2.705346669e-17,-8.750269639e-18,-7.733425249e-19,6.2560064e-17,4.722816945e-33
12.23642686,24.5,refl,0,-1,0.3308341378,-5.396237948e-17,1.935113363e-17,5.327741469e-17,3.148546774e-17,7.116222368e-33
12.23642686,24.5,refl,0,1,0.3308341378,6.870346127e-18,6.313226143e-18,4.943834128e-17,1.405607434e-17,2.728781295e-33
12.23642686,24.5,refl,1,0,0.3308341378,-6.66877601e-17,-1.281228237e-17,1.804416873e-17,3.259224882e-17,5.999258635e-33
12.11282659,24.75,trans,0,0,0.5187216429,-7.073051371e-17,4.890187762e-17,0.3835206462,-0.4514738543,0.3509167272
12.11282659,24.75,trans,-1,0,0.3389093892,8.788629236e-18,3.801794709e-18,1.113360819e-16,-1.597791602e-17,1.274271058e-32
12.11282659,24.75,trans,0,-1,0.3389093892,-3.442101863e-17,-1.765323217e-17,-9.685358243e-17,-4.01249749e-17,1.248707317e-32
12.11282659,24.75,trans,0,1,0.3389093892,6.874143015e-17,-3.823550051e-17,-9.110473505e-17,-3.932652451e-17,1.6033986e-32
12.11282659,24.75,trans,1,0,0.3389093892,-5.719539557e-17,8.57968846e-18,8.66648756e-17,1.533598033e-18,1.085807691e-32
12.11282659,24.75,refl,0,0,0.5187216429,4.906303476e-18,3.384683502e-16,-0.6116997995,-0.4205864793,0.5510696313
12.11282659,24.75,refl,-1,0,0.3389093892,6.644475907e-18,2.823805717e-18,-1.132612123e-16,1.784774561e-17,1.319876717e-32
12.11282659,24.75,refl,0,-1,0.3389093892,-3.563184511e-17,-1.592285806e-17,9.690721171e-17,3.928298468e-17,1.245732636e-32
12.11282659,24.75,refl,0,1,0.3389093892,6.705225473e-17,-3.847247445e-17,9.137762213e-17,3.86040345e-17,1.581627746e-32
12.11282659,24.75,refl,1,0,0.3389093892,-5.918372401e-17,8.133634726e-18,-8.811727166e-17,-3.022391978e-18,1.134265762e-32
11.99169832,25,trans,0,0,0.5239612555,-3.764003763e-16,3.022118776e-16,0.4255047328,-0.4637969838,0.3961619198
11.99169832,25,trans,-1,0,0.3468758113,1.050608185e-16,4.150841628e-17,-4.862990686e-17,-3.372939997e-16,1.288928343e-31
11.99169832,25,trans,0,-1,0.3468758113,1.661759006e-17,1.579136762e-16,2.464189218e-17,-3.217187789e-18,2.583044659e-32
11.99169832,25,trans,0,1,0.3468758113,1.101879633e-16,1.497213414e-16,2.672640882e-17,1.55725117e-18,3.527459328e-32
11.99169832,25,trans,1,0,0.3468758113,5.00811411e-17,3.037814324e-17,-6.64779966e-17,-3.067771106e-16,1.019624719e-31
11.99169832,25,refl,0,0,0.5239612555,-2.81176822e-16,5.66281374e-16,-0.5696735694,-0.4326200715,0.511688102
11.99169832,25,refl,-1,0,0.3468758113,1.056188886e-16,4.21866667e-17,4.815347827e-17,3.416000727e-16,1.319444316e-31
11.99169832,25,refl,0,-1,0.3468758113,2.180146888e-17,1.599137196e-16,-2.527167846e-17,4.100191903e-18,2.670317108e-32
11.99169832,25,refl,0,1,0.3468758113,1.154077477e-16,1.496810673e-16,-2.711259068e-17,-5.383237427e-19,3.64587525e-32
11.99169832,25,refl,1,0,0.3468758113,5.058630963e-17,3.16619835e-17,6.630823557e-17,3.076786742e-16,1.026244046e-31
11.87296863,25.25,trans,0,0,0.529200868,-3.404094118e-16,2.312836092e-16,0.4695476842,-0.4688748285,0.4403186326
11.87296863,25.25,trans,-1,0,0.3547407363,4.876538862e-17,-3.806070653e-17,-2.973690069e-17,1.23912466e-16,2.0065263e-32
11.87296863,25.25,trans,0,-1,0.3547407363,-1.168685464e-16,-3.3860427e-17,-1.659507474e-18,1.345975365e-17,1.498870459e-32
11.87296863,25.25,trans,0,1,0.3547407363,-4.807176333e-17,-6.102724105e-17,-1.84157979e-18,2.408667006e-17,6.61877767e-33
11.87296863,25.25,trans,1,0,0.3547407363,-2.917167243e-17,-2.235570875e-17,-5.643590512e-17,1.4976035e-16,2.696393801e-32
11.87296863,25.25,refl,0,0,0.529200868,-3.127389152e-16,4.790138139e-16,-0.5255498306,-0.4373421276,0.4674707611
11.87296863,25.25,refl,-1,0,0.3547407363,4.872556162e-17,-3.541306452e-17,3.008085631e-17,-1.222231873e-16,1.947163091e-32
11.87296863,25.25,refl,0,-1,0.3547407363,-1.173349462e-16,-3.389896645e-17,1.872434462e-18,-1.070504963e-17,1.503473363e-32
11.87296863,25.25,refl,0,1,0.3547407363,-4.874192185e-17,-6.29556034e-17,2.450419477e-18,-2.123563477e-17,6.796139685e-33
11.87296863,25.25,refl,1,0,0.3547407363,-2.9399189e-17,-1.899135588e-17,5.713944034e-17,-1.517097795e-16,2.750575674e-32
11.75656698,25.5,trans,0,0,0.5344404806,-2.686334638e-16,5.177043365e-17,0.5176252379,-0.4705055444,0.4893113542
11.75656698,25.5,trans,-1,0,0.3625107702,1.175786914e-17,-2.284406093e-18,3.611954218e-17,-5.533724021e-17,4.510297479e-33
11.75656698,25.5,trans,0,-1,0.3625107702,-4.547076571e-17,8.212600945e-17,1.290700885e-17,-1.171850466e-18,8.980236073e-33
11.75656698,25.5,trans,0,1,0.3625107702,4.529215395e-17,7.672374644e-17,1.46506673e-17,2.241349965e-18,8.157578179e-33
11.75656698,25.5,trans,1,0,0.3625107702,-3.348500807e-17,-1.493975389e-17,1.063546781e-17,-5.578121803e-17,4.569099472e-33
11.75656698,25.5,refl,0,0,0.5344404806,-2.358383388e-16,2.511405123e-16,-0.4773544128,-0.4386184549,0.4202533843
11.75656698,25.5,refl,-1,0,0.3625107702,1.200890575e-17,-3.263757882e-18,-3.374401035e-17,5.702212944e-17,4.545047413e-33
11.75656698,25.5,refl,0,-1,0.3625107702,-4.473278752e-17,8.334910433e-17,-1.31600494e-17,6.78881635e-19,9.121743252e-33
11.75656698,25.5,refl,0,1,0.3625107702,4.597166492e-17,7.600580169e-17,-1.46496293e-17,-2.548569945e-18,8.111382712e-33
11.75656698,25.5,refl,1,0,0.3625107702,-3.332102351e-17,-1.531181619e-17,-7.835687066e-18,5.395146271e-17,4.316900643e-33
11.64242555,25.75,trans,0,0,0.5396800932,-1.36270135e-16,-3.139933039e-16,0.5725170109,-0.4669238379,0.5457935981
11.64242555,25.75,trans,-1,0,0.3701918883,3.514101645e-17,1.52598141e-17,-1.643951143e-17,9.514263219e-18,1.828531704e-33
11.64242555,25.75,trans,0,-1,0.3701918883,-2.968320843e-17,6.512584443e-17,1.518494401e-17,-2.275769015e-17,5.870963461e-33
11.64242555,25.75,trans,0,1,0.3701918883,-2.969164772e-17,9.689281075e-17,2.563237232e-17,-3.126043572e-17,1.190404407e-32
11.64242555,25.75,trans,1,0,0.3701918883,1.647505051e-17,3.605561816e-17,8.291004464e-18,-3.351892149e-17,2.763693744e-33
11.64242555,25.75,refl,0,0,0.5396800932,-1.491330379e-16,-7.191630519e-17,-0.4222905365,-0.4346653643,0.3672632761
11.64242555,25.75,refl,-1,0,0.3701918883,3.516470728e-17,9.788265804e-18,2.05122351e-17,-7.553781467e-18,1.810178189e-33
11.64242555,25.75,refl,0,-1,0.3701918883,-2.841532644e-17,6.531871481e-17,-1.525841362e-17,2.489139074e-17,5.926365801e-33
11.64242555,25.75,refl,0,1,0.3701918883,-2.88618736e-17,9.560155721e-17,-2.534258501e-17,3.352403335e-17,1.173877292e-32
11.64242555,25.75,refl,1,0,0.3701918883,1.640346116e-17,3.107206169e-17,-3.759372597e-18,3.182982848e-17,2.261817419e-33
11.53047915,26,trans,0,0,0.5449197057,-2.541135254e-16,-3.248673844e-16,0.6409372976,-0.4532258183,0.6162142619
11.53047915,26,trans,-1,0,0.377789514,8.434683989e-18,-8.146374619e-18,3.107852799e-17,3.414535976e-17,2.269287809e-33
11.53047915,26,trans,0,-1,0.377789514,-5.0342583e-17,-6.587930358e-17,2.00882053e-17,2.619255115e-17,7.964044031e-33
11.53047915,26,trans,0,1,0.377789514,-6.334860723e-17,-7.725910942e-17,1.631521585e-17,2.539800722e-17,1.089326107e-32
11.53047915,26,trans,1,0,0.377789514,1.982318404e-17,1.572473501e-18,4.800884336e-17,4.304092203e-17,4.552801308e-33
11.53047915,26,refl,0,0,0.5449197057,-2.50670991e-16,-7.086227678e-17,-0.3536058546,-0.420532923,0.3018850398
11.53047915,26,refl,-1,0,0.377789514,8.095254915e-18,-9.464005504e-18,-3.298525117e-17,-3.261221108e-17,2.306683659e-33
11.53047915,26,refl,0,-1,0.377789514,-5.101602114e-17,-6.338326015e-17,-2.021995733e-17,-2.029338583e-17,7.440740264e-33
11.53047915,26,refl,0,1,0.377789514,-6.389625001e-17,-7.67321483e-17,-1.613358624e-17,-1.912887251e-17,1.059675972e-32
11.53047915,26,refl,1,0,0.377789514,1.921820914e-17,5.607186108e-19,-4.934471007e-17,-4.519727374e-17,4.847347934e-33
11.42066507,26.25,trans,0,0,0.5501593183,-1.286150155e-16,9.713289607e-18,0.7406114482,-0.4045604334,0.7121744614
11.42066507,26.25,trans,-1,0,0.3853085863,-3.745380602e-17,-4.286101972e-17,5.228285151e-17,-3.139104185e-17,6.958748668e-33
11.42066507,26.25,trans,0,-1,0.3853085863,-4.696048147e-17,1.572504803e-17,-5.438525266e-17,6.645449199e-18,5.454481657e-33
11.42066507,26.25,trans,0,1,0.3853085863,-8.840238938e-17,6.293113107e-17,-4.358334348e-17,-3.927276838e-17,1.521716787e-32
11.42066507,26.25,trans,1,0,0.3853085863,1.239598091e-17,3.838003791e-17,8.229354162e-17,-1.099888121e-16,2.049645342e-32
11.42066507,26.25,refl,0,0,0.5501593183,-1.505578161e-16,2.356229315e-16,-0.2534636755,-0.3711467763,0.2019937644
11.42066507,26.25,refl,-1,0,0.3853085863,-3.806616534e-17,-4.231814427e-17,-4.938562356e-17,3.372008325e-17,6.815842107e-33
11.42066507,26.25,refl,0,-1,0.3853085863,-4.824964716e-17,1.706339698e-17,5.430883328e-17,-5.901941168e-18,5.603470249e-33
11.42066507,26.25,refl,0,1,0.3853085863,-8.939545959e-17,6.281981877e-17,4.400467949e-17,3.996179389e-17,1.547123461e-32
11.42066507,26.25,refl,1,0,0.3853085863,1.201340787e-17,3.892900527e-17,-7.881693753e-17,1.078557318e-16,1.950475793e-32
11.31292294,26.5,trans,0,0,0.5553989308,-3.222415208e-15,-3.32705625e-15,0.697031927,0.1613158927,0.5118763245
11.31292294,26.5,trans,-1,0,0.3927536169,6.450671688e-16,-4.89211988e-16,-7.10407607e-17,-2.035199151e-16,7.01907167e-31
11.31292294,26.5,trans,0,-1,0.3927536169,2.297714151e-16,3.277082045e-16,5.923026073e-16,-1.088303499e-16,5.228539941e-31
11.31292294,26.5,trans,0,1,0.3927536169,-4.252705077e-17,8.401429733e-17,7.553988041e-16,-3.180213897e-16,6.806319098e-31
11.31292294,26.5,trans,1,0,0.3927536169,6.575744015e-16,-2.75882321e-16,-3.785896569e-17,-4.384796059e-16,7.022128146e-31
11.31292294,26.5,trans,-1,-1,0.00654483146,0.136409433,0.07327688146,-0.02248513786,0.03643609467,0.02581020519
11.31292294,26.5,trans,-1,1,0.00654483146,0.136409433,0.07327688146,0.02248513786,-0.03643609467,0.02581020519
11.31292294,26.5,trans,1,-1,0.00654483146,-0.136409433,-0.07327688146,-0.02248513787,0.03643609468,0.02581020518
11.31292294,26.5,trans,1,1,0.00654483146,-0.136409433,-0.07327688146,0.02248513787,-0.03643609468,0.02581020518
11.31292294,26.5,refl,0,0,0.5553989308,-3.261613008e-15,-3.152455756e-15,-0.2976636622,0.1982749617,0.1279166163
11.31292294,26.5,refl,-1,0,0.3927536169,6.492571624e-16,-4.925675048e-16,6.91709003e-17,2.103862732e-16,7.132046071e-31
11.31292294,26.5,refl,0,-1,0.3927536169,2.406596068e-16,3.296511721e-16,-5.927903754e-16,1.115992331e-16,5.304417595e-31
11.31292294,26.5,refl,0,1,0.3927536169,-3.491119453e-17,8.338423764e-17,-7.521694121e-16,3.201495841e-16,6.764263033e-31
11.31292294,26.5,refl,1,0,0.3927536169,6.602942291e-16,-2.835232352e-16,3.972672636e-17,4.426278483e-16,7.138715187e-31
11.31292294,26.5,refl,-1,-1,0.00654483146,0.1365700666,0.07464571579,0.005038904218,-0.01524066448,0.02448103438
11.31292294,26.5,refl,-1,1,0.00654483146,0.1365700666,0.07464571579,-0.005038904218,0.01524066448,0.02448103438
11.31292294,26.5,refl,1,-1,0.00654483146,-0.1365700665,-0.07464571578,0.005038904213,-0.01524066445,0.02448103436
11.31292294,26.5,refl,1,1,0.00654483146,-0.1365700665,-0.07464571578,-0.005038904213,0.01524066445,0.02448103436
11.20719469,26.75,trans,0,0,0.5606385434,-3.777124412e-16,-2.722162859e-16,0.5192053372,-0.2126388687,0.3147894707
11.20719469,26.75,trans,-1,0,0.4001287387,-7.556825598e-18,1.101992836e-17,-3.436178584e-17,-2.025986232e-17,1.769738781e-33
11.20719469,26.75,trans,0,-1,0.4001287387,3.830252926e-17,4.381244656e-17,-7.665835328e-17,-7.458266863e-18,9.318743093e-33
11.20719469,26.75,trans,0,1,0.4001287387,1.114065636e-16,4.146465874e-17,-4.481596398e-18,3.963874633e-17,1.572205524e-32
11.20719469,26.75,trans,1,0,0.4001287387,-1.495691027e-17,1.896153676e-17,-1.459648066e-17,5.242492723e-17,3.544679284e-33
11.20719469,26.75,trans,-1,-1,0.076749194,0.1652439184,0.1257179098,-0.03601487435,0.02735826249,0.04515609111
11.20719469,26.75,trans,-1,1,0.076749194,0.1652439184,0.1257179098,0.03601487435,-0.02735826249,0.04515609111
11.20719469,26.75,trans,1,-1,0.076749194,-0.1652439182,-0.1257179099,-0.03601487435,0.02735826247,0.04515609105
11.20719469,26.75,trans,1,1,0.076749194,-0.1652439182,-0.1257179099,0.03601487435,-0.02735826247,0.04515609105
11.20719469,26.75,refl,0,0,0.5606385434,-4.321651648e-16,-6.158065268e-17,-0.4763321939,-0.1776838536,0.2584639108
11.20719469,26.75,refl,-1,0,0.4001287387,-8.138048177e-18,9.551645568e-18,3.651859036e-17,2.091300792e-17,1.928423103e-33
11.20719469,26.75,refl,0,-1,0.4001287387,3.907500413e-17,4.367344685e-17,7.666542222e-17,9.371717468e-18,9.39964196e-33
11.20719469,26.75,refl,0,1,0.4001287387,1.125991057e-16,3.87644395e-17,4.607977909e-18,-3.680731517e-17,1.555725228e-32
11.20719469,26.75,refl,1,0,0.4001287387,-1.54984457e-17,1.786578497e-17,1.705310257e-17,-5.508776069e-17,3.884857776e-33
11.20719469,26.75,refl,-1,-1,0.076749194,0.1652734104,0.1265567242,0.03396221617,-0.02281483162,0.04500585328
11.20719469,26.75,refl,-1,1,0.076749194,0.1652734104,0.1265567242,-0.03396221617,0.02281483162,0.04500585328
11.20719469,26.75,refl,1,-1,0.076749194,-0.1652734102,-0.1265567242,0.03396221617,-0.02281483159,0.04500585321
11.20719469,26.75,refl,1,1,0.076749194,-0.1652734102,-0.1265567242,-0.03396221617,0.02281483159,0.04500585321
11.10342437,27,trans,0,0,0.5658781559,-1.545592496e-16,-1.009664304e-16,0.517991999,-0.272900395,0.3427903366
11.10342437,27,trans,-1,0,0.4074377481,3.408710578e-17,4.491094694e-17,-1.166686033e-18,7.881603433e-17,9.39225236e-33
11.10342437,27,trans,0,-1,0.4074377481,-5.588999939e-17,-5.23855053e-18,-1.553793615e-17,-1.697070014e-17,3.680566566e-33
11.10342437,27,trans,0,1,0.4074377481,9.951959683e-18,-3.036578326e-17,2.810441222e-17,6.294468988e-17,5.773014265e-33
11.10342437,27,trans,1,0,0.4074377481,-2.695377258e-17,7.138017095e-17,-8.699056945e-18,1.72866114e-16,3.578000161e-32
11.10342437,27,trans,-1,-1,0.108595349,0.146323842,0.1245815096,-0.03880506723,0.02033391527,0.03885052062
11.10342437,27,trans,-1,1,0.108595349,0.146323842,0.1245815096,0.03880506723,-0.02033391527,0.03885052062
11.10342437,27,trans,1,-1,0.108595349,-0.1463238417,-0.1245815097,-0.03880506723,0.02033391524,0.03885052056
11.10342437,27,trans,1,1,0.108595349,-0.1463238417,-0.1245815097,0.03880506723,-0.02033391524,0.03885052056
11.10342437,27,refl,0,0,0.5658781559,-2.356642672e-16,9.455162285e-17,-0.477488675,-0.2378713208,0.2845782
11.10342437,27,refl,-1,0,0.4074377481,3.330107904e-17,4.502833747e-17,3.014324018e-19,-7.750540001e-17,9.143690933e-33
11.10342437,27,refl,0,-1,0.4074377481,-5.559103075e-17,-5.729066875e-18,1.515420764e-17,1.927401763e-17,3.724322672e-33
11.10342437,27,refl,0,1,0.4074377481,9.922858373e-18,-3.294583526e-17,-2.834500119e-17,-5.988742433e-17,5.573833866e-33
11.10342437,27,refl,1,0,0.4074377481,-2.694900243e-17,7.210645076e-17,7.82794145e-18,-1.747271191e-16,3.65164318e-32
11.10342437,27,refl,-1,-1,0.108595349,0.1465130305,0.1247080613,0.03711774574,-0.01805074966,0.03872172527
11.10342437,27,refl,-1,1,0.108595349,0.1465130305,0.1247080613,-0.03711774574,0.01805074966,0.03872172527
11.10342437,27,refl,1,-1,0.108595349,-0.1465130303,-0.1247080613,0.03711774574,-0.01805074962,0.03872172521
11.10342437,27,refl,1,1,0.108595349,-0.1465130303,-0.1247080613,-0.03711774574,0.01805074962,0.03872172521
11.00155809,27.25,trans,0,0,0.5711177685,-2.830573803e-16,-5.412665261e-17,0.5299805581,-0.3050594398,0.3739406537
11.00155809,27.25,trans,-1,0,0.4146841409,4.13982342e-17,6.882006369e-19,4.080097536e-17,4.457027901e-17,5.365516776e-33
11.00155809,27.25,trans,0,-1,0.4146841409,-4.811230917e-17,-6.807065386e-17,-1.726842396e-17,-7.580904434e-17,1.299361788e-32
11.00155809,27.25,trans,0,1,0.4146841409,5.440161209e-17,-1.100385413e-16,-4.369758484e-18,-9.324221451e-18,1.517405186e-32
11.00155809,27.25,trans,1,0,0.4146841409,-5.86821193e-17,4.297142996e-18,-1.63438142e-17,1.218874618e-16,1.858573016e-32
11.00155809,27.25,trans,-1,-1,0.1332305068,0.131719906,0.1218514143,-0.03994043125,0.01550690021,0.0340336028
11.00155809,27.25,trans,-1,1,0.1332305068,0.131719906,0.1218514143,0.03994043125,-0.01550690021,0.0340336028
11.00155809,27.25,trans,1,-1,0.1332305068,-0.1317199057,-0.1218514144,-0.03994043124,0.01550690018,0.03403360273
11.00155809,27.25,trans,1,1,0.1332305068,-0.1317199057,-0.1218514144,0.03994043124,-0.01550690018,0.03403360273
11.00155809,27.25,refl,0,0,0.5711177685,-3.833053963e-16,1.021200191e-16,-0.4653924641,-0.2697293717,0.2893440796
11.00155809,27.25,refl,-1,0,0.4146841409,4.089406816e-17,-1.203797631e-19,-4.069401288e-17,-4.350957814e-17,5.221425376e-33
11.00155809,27.25,refl,0,-1,0.4146841409,-4.719453962e-17,-6.601319626e-17,1.738185894e-17,7.47205599e-17,1.247035774e-32
11.00155809,27.25,refl,0,1,0.4146841409,5.445387011e-17,-1.10726677e-16,4.383669815e-18,8.755575699e-18,1.532149764e-32
11.00155809,27.25,refl,1,0,0.4146841409,-5.865935996e-17,4.030078793e-18,1.650187643e-17,-1.245345841e-16,1.923833661e-32
11.00155809,27.25,refl,-1,-1,0.1332305068,0.1320711198,0.1212892477,0.0383721243,-0.01465828068,0.03384114742
11.00155809,27.25,refl,-1,1,0.1332305068,0.1320711198,0.1212892477,-0.0383721243,0.01465828068,0.03384114742
11.00155809,27.25,refl,1,-1,0.1332305068,-0.1320711196,-0.1212892477,0.0383721243,-0.01465828065,0.03384114735
11.00155809,27.25,refl,1,1,0.1332305068,-0.1320711196,-0.1212892477,-0.0383721243,0.01465828065,0.03384114735
10.90154393,27.5,trans,0,0,0.576357381,-2.243655499e-16,-3.671487111e-17,0.5459595229,-0.3258346782,0.4042400381
10.90154393,27.5,trans,-1,0,0.4218711437,5.218372434e-17,-1.158332784e-17,8.169246104e-18,1.037464664e-16,1.368738043e-32
10.90154393,27.5,trans,0,-1,0.4218711437,-4.726652346e-17,-7.220116911e-17,5.576170422e-17,-3.577248562e-17,1.183617144e-32
10.90154393,27.5,trans,0,1,0.4218711437,4.70681561e-17,-1.087291771e-16,8.915170934e-17,5.723360129e-17,2.526115767e-32
10.90154393,27.5,trans,1,0,0.4218711437,-4.154973605e-17,-3.159009315e-17,-2.536448123e-17,2.01983999e-16,4.41652073e-32
10.90154393,27.5,trans,-1,-1,0.1541515266,0.1199540925,0.1200778247,-0.04050679306,0.01173199064,0.03058610818
10.90154393,27.5,trans,-1,1,0.1541515266,0.1199540925,0.1200778247,0.04050679306,-0.01173199064,0.03058610818
10.90154393,27.5,trans,1,-1,0.1541515266,-0.1199540922,-0.1200778248,-0.04050679305,0.01173199061,0.03058610812
10.90154393,27.5,trans,1,1,0.1541515266,-0.1199540922,-0.1200778248,0.04050679305,-0.01173199061,0.03058610812
10.90154393,27.5,refl,0,0,0.576357381,-3.699659143e-16,1.145893385e-16,-0.449319798,-0.2901481024,0.2860742022
10.90154393,27.5,refl,-1,0,0.4218711437,5.365040334e-17,-1.175739446e-17,-4.864809714e-18,-1.022989629e-16,1.350534629e-32
10.90154393,27.5,refl,0,-1,0.4218711437,-4.92658453e-17,-7.186723504e-17,-5.573421018e-17,2.976210394e-17,1.1584108e-32
10.90154393,27.5,refl,0,1,0.4218711437,4.437704196e-17,-1.112209618e-16,-8.894496646e-17,-6.256265707e-17,2.616471731e-32
10.90154393,27.5,refl,1,0,0.4218711437,-3.997261775e-17,-3.129173039e-17,2.841141165e-17,-2.040023133e-16,4.500113471e-32
10.90154393,27.5,refl,-1,-1,0.1541515266,0.1204934852,0.1189142666,0.03901886056,-0.01176310618,0.03032012494
10.90154393,27.5,refl,-1,1,0.1541515266,0.1204934852,0.1189142666,-0.03901886056,0.01176310618,0.03032012494
10.90154393,27.5,refl,1,-1,0.1541515266,-0.1204934849,-0.1189142667,0.03901886056,-0.01176310614,0.03032012487
10.90154393,27.5,refl,1,1,0.1541515266,-0.1204934849,-0.1189142667,-0.03901886056,0.01176310614,0.03032012487
10.80333182,27.75,trans,0,0,0.5815969936,-2.706969683e-16,-4.657338297e-18,0.5638725457,-0.3404767336,0.4338766539
10.80333182,27.75,trans,-1,0,0.4290017415,2.756206958e-17,1.877411781e-17,4.062333474e-18,-1.854121547e-17,1.472414403e-33
10.80333182,27.75,trans,0,-1,0.4290017415,-2.616212134e-18,-6.497468539e-17,-9.501968786e-19,-3.87408911e-17,5.730313825e-33
10.80333182,27.75,trans,0,1,0.4290017415,8.901502351e-17,-8.819568748e-17,1.646475648e-17,5.597339363e-17,1.91062627e-32
10.80333182,27.75,trans,1,0,0.4290017415,-3.199394891e-17,1.308799361e-17,-2.580234071e-17,8.424022583e-17,8.957084778e-33
10.80333182,27.75,trans,-1,-1,0.1727134199,0.1099200556,0.1189001919,-0.04072485262,0.008542668822,0.02795116507
10.80333182,27.75,trans,-1,1,0.1727134199,0.1099200556,0.1189001919,0.04072485262,-0.008542668822,0.02795116507
10.80333182,27.75,trans,1,-1,0.1727134199,-0.1099200552,-0.118900192,-0.04072485262,0.008542668787,0.02795116501
10.80333182,27.75,trans,1,1,0.1727134199,-0.1099200552,-0.118900192,0.04072485262,-0.008542668787,0.02795116501
10.80333182,27.75,refl,0,0,0.5815969936,-4.136859059e-16,1.254301696e-16,-0.4313233982,-0.3044137469,0.2787076032
10.80333182,27.75,refl,-1,0,0.4290017415,2.75530216e-17,1.662563397e-17,-6.180032276e-18,2.017123125e-17,1.480652073e-33
10.80333182,27.75,refl,0,-1,0.4290017415,-3.262592209e-18,-6.3694959e-17,1.079762144e-18,3.459021359e-17,5.265341072e-33
10.80333182,27.75,refl,0,1,0.4290017415,8.810544277e-17,-8.961823159e-17,-1.624444485e-17,-5.952645205e-17,1.960127696e-32
10.80333182,27.75,refl,1,0,0.4290017415,-3.187123727e-17,1.134866808e-17,2.355412577e-17,-8.622188363e-17,9.13357809e-33
10.80333182,27.75,refl,-1,-1,0.1727134199,0.1106619033,0.1172078863,0.03929911449,-0.009148011926,0.02761185196
10.80333182,27.75,refl,-1,1,0.1727134199,0.1106619033,0.1172078863,-0.03929911449,0.009148011926,0.02761185196
10.80333182,27.75,refl,1,-1,0.1727134199,-0.1106619029,-0.1172078863,0.03929911448,-0.009148011882,0.0276118519
10.80333182,27.75,refl,1,1,0.1727134199,-0.1106619029,-0.1172078863,-0.03929911448,0.009148011882,0.0276118519
10.7068735,28,trans,0,0,0.5868366061,-2.8196563e-16,-1.207649308e-16,0.5828382595,-0.3512217729,0.4630571705
10.7068735,28,trans,-1,0,0.4360787011,5.867174348e-17,-6.315262439e-18,2.439705446e-17,-7.737572474e-17,1.006447507e-32
10.7068735,28,trans,0,-1,0.4360787011,-5.485557072e-17,8.240150338e-18,6.104989812e-18,-4.340629845e-17,4.998411362e-33
10.7068735,28,trans,0,1,0.4360787011,4.081267762e-17,-1.618170731e-17,2.518179593e-17,2.068151866e-17,2.989370366e-33
10.7068735,28,trans,1,0,0.4360787011,-2.882582851e-17,-2.221776692e-17,-8.323962792e-18,-5.949973767e-18,1.4292481e-33
10.7068735,28,trans,-1,-1,0.1896102971,0.1010686779,0.1180970707,-0.04070298103,0.005724261149,0.0258512956
10.7068735,28,trans,-1,1,0.1896102971,0.1010686779,0.1180970707,0.04070298103,-0.005724261149,0.0258512956
10.7068735,28,trans,1,-1,0.1896102971,-0.1010686775,-0.1180970708,-0.04070298103,0.005724261112,0.02585129553
10.7068735,28,trans,1,1,0.1896102971,-0.1010686775,-0.1180970708,0.04070298103,-0.005724261112,0.02585129553
10.7068735,28,refl,0,0,0.5868366061,-4.733497324e-16,1.387186417e-17,-0.4122821144,-0.3147771162,0.2690611748
10.7068735,28,refl,-1,0,0.4360787011,5.825697225e-17,-6.135644334e-18,-2.826220271e-17,7.965383567e-17,1.057500659e-32
10.7068735,28,refl,0,-1,0.4360787011,-5.578998168e-17,9.89830362e-18,-5.601322264e-18,4.483991789e-17,5.252491518e-33
10.7068735,28,refl,0,1,0.4360787011,3.911721288e-17,-1.718856826e-17,-2.466882939e-17,-1.883699627e-17,2.788986795e-33
10.7068735,28,refl,1,0,0.4360787011,-2.890592248e-17,-2.152641597e-17,4.252424066e-18,4.741151507e-18,1.339500567e-33
10.7068735,28,refl,-1,-1,0.1896102971,0.1020203638,0.1159404156,0.03932762866,-0.006706299905,0.02544197143
10.7068735,28,refl,-1,1,0.1896102971,0.1020203638,0.1159404156,-0.03932762866,0.006706299905,0.02544197143
10.7068735,28,refl,1,-1,0.1896102971,-0.1020203634,-0.1159404157,0.03932762866,-0.006706299859,0.02544197136
10.7068735,28,refl,1,1,0.1896102971,-0.1020203634,-0.1159404157,-0.03932762866,0.006706299859,0.02544197136
10.61212241,28.25,trans,0,0,0.5920762187,-2.310941967e-16,-1.501650644e-16,0.602661742,-0.3570635074,0.4906955237
10.61212241,28.25,trans,-1,0,0.4431045926,-1.660998089e-17,1.409876883e-17,-9.742014677e-18,1.008842122e-16,1.074719787e-32
10.61212241,28.25,trans,0,-1,0.4431045926,-2.316563229e-17,-1.125190665e-16,-6.807966968e-17,-3.364249645e-17,1.896384584e-32
10.61212241,28.25,trans,0,1,0.4431045926,3.079638288e-17,-1.267448696e-16,-6.594546709e-17,3.216824108e-17,2.239627952e-32
10.61212241,28.25,trans,1,0,0.4431045926,-4.926115871e-17,-4.539673989e-18,-2.947175058e-17,1.763467575e-16,3.441403337e-32
10.61212241,28.25,trans,-1,-1,0.2052537727,0.09305837107,0.1162315786,-0.04041998502,0.003270241153,0.02381410995
10.61212241,28.25,trans,-1,1,0.2052537727,0.09305837107,0.1162315786,0.04041998502,-0.003270241153,0.02381410995
10.61212241,28.25,trans,1,-1,0.2052537727,-0.09305837064,-0.1162315786,-0.04041998502,0.003270241115,0.02381410988
10.61212241,28.25,trans,1,1,0.2052537727,-0.09305837064,-0.1162315786,0.04041998502,-0.003270241115,0.02381410988
10.61212241,28.25,refl,0,0,0.5920762187,-4.472837229e-16,-7.534854419e-17,-0.3924162352,-0.3202504228,0.256550835
10.61212241,28.25,refl,-1,0,0.4431045926,-1.679266116e-17,1.760942012e-17,9.14996771e-18,-9.919561538e-17,1.051557716e-32
10.61212241,28.25,refl,0,-1,0.4431045926,-2.259595528e-17,-1.117180854e-16,6.799125438e-17,3.312856958e-17,1.87118206e-32
10.61212241,28.25,refl,0,1,0.4431045926,3.109358385e-17,-1.289527701e-16,6.587929252e-17,-3.244854648e-17,2.298861723e-32
10.61212241,28.25,refl,1,0,0.4431045926,-4.94668356e-17,-7.907767758e-19,2.88100311e-17,-1.782438825e-16,3.504849269e-32
10.61212241,28.25,refl,-1,-1,0.2052537727,0.09419844516,0.1137039426,0.03901561416,-0.00472700378,0.02334649635
10.61212241,28.25,refl,-1,1,0.2052537727,0.09419844516,0.1137039426,-0.03901561416,0.00472700378,0.02334649635
10.61212241,28.25,refl,1,-1,0.2052537727,-0.09419844473,-0.1137039427,0.03901561416,-0.004727003731,0.02334649628
10.61212241,28.25,refl,1,1,0.2052537727,-0.09419844473,-0.1137039427,-0.03901561416,0.004727003731,0.02334649628
10.51903361,28.5,trans,0,0,0.5973158313,-2.163255074e-16,-2.620849479e-16,0.622529792,-0.3607061057,0.5176522367
10.51903361,28.5,trans,-1,0,0.4500818076,3.304197305e-17,1.32796676e-17,-1.807289783e-17,-1.169428936e-16,1.527039155e-32
10.51903361,28.5,trans,0,-1,0.4500818076,-1.333497233e-17,4.317671207e-18,-9.886176381e-18,-6.606201703e-17,4.658390349e-33
10.51903361,28.5,trans,0,1,0.4500818076,5.03990242e-17,-1.284110052e-17,-3.516644354e-17,1.024817287e-17,4.046659301e-33
10.51903361,28.5,trans,1,0,0.4500818076,-3.326742122e-17,-1.04960081e-17,-6.04300113e-17,-4.283257879e-17,6.703303572e-33
10.51903361,28.5,trans,-1,-1,0.219911493,0.08578106686,0.1147117977,-0.04002956903,0.001007996714,0.02212057041
10.51903361,28.5,trans,-1,1,0.219911493,0.08578106686,0.1147117977,0.04002956903,-0.001007996714,0.02212057041
10.51903361,28.5,trans,1,-1,0.219911493,-0.08578106639,-0.1147117977,-0.04002956902,0.001007996673,0.02212057033
10.51903361,28.5,trans,1,1,0.219911493,-0.08578106639,-0.1147117977,0.04002956902,-0.001007996673,0.02212057033
10.51903361,28.5,refl,0,0,0.5973158313,-4.253977582e-16,-2.000906499e-16,-0.3725087726,-0.3235294579,0.2434340958
10.51903361,28.5,refl,-1,0,0.4500818076,3.342558678e-17,1.449975182e-17,2.129265466e-17,1.186163585e-16,1.585073031e-32
10.51903361,28.5,refl,0,-1,0.4500818076,-1.146342736e-17,6.200982948e-18,1.00072124e-17,6.443744795e-17,4.422191355e-33
10.51903361,28.5,refl,0,1,0.4500818076,5.164752152e-17,-1.348748686e-17,3.523817464e-17,-1.146082526e-17,4.222458249e-33
10.51903361,28.5,refl,1,0,0.4500818076,-3.272617938e-17,-8.774205679e-18,6.331706579e-17,4.064749537e-17,6.809259202e-33
10.51903361,28.5,refl,-1,-1,0.219911493,0.08712031817,0.1118783772,0.03859286816,-0.002803314423,0.02160398917
10.51903361,28.5,refl,-1,1,0.219911493,0.08712031817,0.1118783772,-0.03859286816,0.002803314423,0.02160398917
10.51903361,28.5,refl,1,-1,0.219911493,-0.0871203177,-0.1118783772,0.03859286815,-0.002803314372,0.02160398909
10.51903361,28.5,refl,1,1,0.219911493,-0.0871203177,-0.1118783772,-0.03859286815,0.002803314372,0.02160398909
10.42756376,28.75,trans,0,0,0.6025554438,-1.220584792e-16,-3.000125788e-16,0.6423123348,-0.3626398118,0.5440727685
10.42756376,28.75,trans,-1,0,0.4570125754,5.013772572e-17,2.116281713e-17,5.223629724e-17,-4.715331278e-17,7.913722026e-33
10.42756376,28.75,trans,0,-1,0.4570125754,8.890089198e-18,1.874848139e-18,6.968756873e-18,-6.820775344e-17,4.783409944e-33
10.42756376,28.75,trans,0,1,0.4570125754,7.030478476e-17,-2.675866506e-17,-2.402692939e-17,1.127035331e-17,6.363103116e-33
10.42756376,28.75,trans,1,0,0.4570125754,-2.620946399e-17,1.713427968e-18,3.4614151e-18,2.62867217e-17,1.39284497e-33
10.42756376,28.75,trans,-1,-1,0.2337689572,0.07909573817,0.1134352752,-0.03955671564,-0.001111268362,0.02068966612
10.42756376,28.75,trans,-1,1,0.2337689572,0.07909573817,0.1134352752,0.03955671564,0.001111268362,0.02068966612
10.42756376,28.75,trans,1,-1,0.2337689572,-0.07909573764,-0.1134352752,-0.03955671563,-0.001111268404,0.02068966603
10.42756376,28.75,trans,1,1,0.2337689572,-0.07909573764,-0.1134352752,0.03955671563,0.001111268404,0.02068966603
10.42756376,28.75,refl,0,0,0.6025554438,-3.716031371e-16,-3.09920823e-16,-0.352689422,-0.3251067291,0.2300842137
10.42756376,28.75,refl,-1,0,0.4570125754,5.028178689e-17,2.123642352e-17,-5.799717693e-17,4.995034922e-17,8.837953695e-33
10.42756376,28.75,refl,0,-1,0.4570125754,7.745547829e-18,3.958462673e-18,-7.046881227e-18,6.662170687e-17,4.563773299e-33
10.42756376,28.75,refl,0,1,0.4570125754,6.826559219e-17,-2.733341913e-17,2.375354784e-17,-1.253274136e-17,6.128607519e-33
10.42756376,28.75,refl,1,0,0.4570125754,-2.594372293e-17,2.196957974e-18,-9.699602129e-18,-2.733151189e-17,1.518997207e-33
10.42756376,28.75,refl,-1,-1,0.2337689572,0.08063891676,0.1103551873,0.03808579022,-0.0009171635297,0.02013227087
10.42756376,28.75,refl,-1,1,0.2337689572,0.08063891676,0.1103551873,-0.03808579022,0.0009171635297,0.02013227087
10.42756376,28.75,refl,1,-1,0.2337689572,-0.08063891623,-0.1103551873,0.03808579021,-0.0009171634761,0.02013227079
10.42756376,28.75,refl,1,1,0.2337689572,-0.08063891623,-0.1103551873,-0.03808579021,0.0009171634761,0.02013227079
10.33767097,29,trans,0,0,0.6077950564,-7.940426172e-17,-3.592213154e-16,0.6619211998,-0.3631942452,0.5700497345
10.33767097,29,trans,-1,0,0.463898978,9.205928034e-17,2.710937118e-17,5.773228372e-17,-1.004118315e-17,1.264367104e-32
10.33767097,29,trans,0,-1,0.463898978,-2.300545449e-17,1.0254841e-17,8.87382971e-17,1.501956241e-17,8.734485327e-33
10.33767097,29,trans,0,1,0.463898978,2.252540123e-17,-6.316332652e-18,3.910338716e-17,6.866327664e-17,6.791010205e-33
10.33767097,29,trans,1,0,0.463898978,3.452104185e-17,3.672392073e-17,-7.173845064e-18,4.492515739e-17,4.610082504e-33
10.33767097,29,trans,-1,-1,0.2469609139,0.07290663394,0.1123318949,-0.03902146836,-0.003119834734,0.01946624024
10.33767097,29,trans,-1,1,0.2469609139,0.07290663394,0.1123318949,0.03902146836,0.003119834734,0.01946624024
10.33767097,29,trans,1,-1,0.2469609139,-0.07290663333,-0.1123318948,-0.03902146836,-0.003119834777,0.01946624014
10.33767097,29,trans,1,1,0.2469609139,-0.07290663333,-0.1123318948,0.03902146836,0.003119834777,0.01946624014
10.33767097,29,refl,0,0,0.6077950564,-3.366515846e-16,-3.269491603e-16,-0.3330461531,-0.3253130768,0.216748338
10.33767097,29,refl,-1,0,0.463898978,9.219201614e-17,3.056743461e-17,-5.628845994e-17,1.221384415e-17,1.275130461e-32
10.33767097,29,refl,0,-1,0.463898978,-2.106346319e-17,1.085302942e-17,-8.866015395e-17,-1.331585473e-17,8.599392614e-33
10.33767097,29,refl,0,1,0.463898978,2.372092589e-17,-7.624362803e-18,-3.922144867e-17,-6.668360479e-17,6.605838417e-33
10.33767097,29,refl,1,0,0.463898978,3.481619846e-17,4.055414519e-17,8.105695403e-18,-4.678154273e-17,5.111021406e-33
10.33767097,29,refl,-1,-1,0.2469609139,0.07465391586,0.1090589281,0.03751523032,0.0009421988271,0.0188753372
10.33767097,29,refl,-1,1,0.2469609139,0.07465391586,0.1090589281,-0.03751523032,-0.0009421988271,0.0188753372
10.33767097,29,refl,1,-1,0.2469609139,-0.07465391525,-0.1090589281,0.03751523032,0.0009421988829,0.0188753371
10.33767097,29,refl,1,1,0.2469609139,-0.07465391525,-0.1090589281,-0.03751523032,-0.0009421988829,0.0188753371
10.2493148,29.25,trans,0,0,0.6130346689,-6.763182758e-17,-4.13231593e-16,0.6810088692,-0.3605538377,0.5937721498
10.2493148,29.25,trans,-1,0,0.4707429623,4.021749287e-17,-6.538503639e-18,1.580376563e-18,6.792335506e-17,6.276278516e-33
10.2493148,29.25,trans,0,-1,0.4707429623,3.003040081e-17,-5.996040869e-17,1.992907334e-17,-2.065318615e-17,5.320797645e-33
10.2493148,29.25,trans,0,1,0.4707429623,4.714716951e-17,-8.861735081e-17,-4.481765613e-18,3.006769742e-17,1.100004311e-32
10.2493148,29.25,trans,1,0,0.4707429623,-2.086568809e-17,-1.614155728e-17,-2.594998122e-17,1.127975388e-16,1.40926131e-32
10.2493148,29.25,trans,-1,-1,0.2595888437,0.06720453618,0.1103798729,-0.03838121296,-0.004992493586,0.01819820851
10.2493148,29.25,trans,-1,1,0.2595888437,0.06720453618,0.1103798729,0.03838121296,0.004992493586,0.01819820851
10.2493148,29.25,trans,1,-1,0.2595888437,-0.06720453553,-0.1103798727,-0.03838121296,-0.00499249363,0.0181982084
10.2493148,29.25,trans,1,1,0.2595888437,-0.06720453553,-0.1103798727,0.03838121296,0.00499249363,0.0181982084
10.2493148,29.25,refl,0,0,0.6130346689,-3.445186728e-16,-4.679504987e-16,-0.3140064271,-0.3224459109,0.2025714018
10.2493148,29.25,refl,-1,0,0.4707429623,4.050438287e-17,-4.120374841e-18,7.439344141e-19,-6.651694298e-17,6.082639662e-33
10.2493148,29.25,refl,0,-1,0.4707429623,3.435023841e-17,-5.930477078e-17,-2.008387509e-17,1.966226831e-17,5.486961549e-33
10.2493148,29.25,refl,0,1,0.4707429623,5.06484522e-17,-9.067251777e-17,4.296338234e-18,-3.089388989e-17,1.175966214e-32
10.2493148,29.25,refl,1,0,0.4707429623,-2.059205054e-17,-1.362398957e-17,2.800118288e-17,-1.152405022e-16,1.467408522e-32
10.2493148,29.25,refl,-1,-1,0.2595888437,0.06911749629,0.1070660704,0.03684310913,0.002515930213,0.01760411632
10.2493148,29.25,refl,-1,1,0.2595888437,0.06911749629,0.1070660704,-0.03684310913,-0.002515930213,0.01760411632
10.2493148,29.25,refl,1,-1,0.2595888437,-0.06911749564,-0.1070660703,0.03684310913,0.002515930272,0.0176041162
10.2493148,29.25,refl,1,1,0.2595888437,-0.06911749564,-0.1070660703,-0.03684310913,-0.002515930272,0.0176041162
10.1624562,29.5,trans,0,0,0.6182742815,-1.364350459e-16,-3.869046164e-16,0.6996610191,-0.3569589768,0.6169452528
10.1624562,29.5,trans,-1,0,0.4775463521,8.236028778e-18,-1.751664002e-17,4.157735751e-17,-9.478413627e-17,1.108737399e-32
10.1624562,29.5,trans,0,-1,0.4775463521,-1.421179461e-17,6.622161978e-17,-1.271573689e-17,-5.106493538e-17,7.356595623e-33
10.1624562,29.5,trans,0,1,0.4775463521,-2.170643915e-18,5.718556307e-17,-3.028687297e-17,2.23399162e-17,4.691266848e-33
10.1624562,29.5,trans,1,0,0.4775463521,-3.97453239e-17,-1.956736542e-17,3.474621715e-17,-6.101186967e-17,6.892320408e-33
10.1624562,29.5,trans,-1,-1,0.2717313924,0.06188341289,0.1086338441,-0.03770905257,-0.006808037308,0.01709919089
10.1624562,29.5,trans,-1,1,0.2717313924,0.06188341289,0.1086338441,0.03770905257,0.006808037308,0.01709919089
10.1624562,29.5,trans,1,-1,0.2717313924,-0.0618834122,-0.1086338439,-0.03770905257,-0.006808037353,0.01709919076
10.1624562,29.5,trans,1,1,0.2717313924,-0.0618834122,-0.1086338439,0.03770905257,0.006808037353,0.01709919076
10.1624562,29.5,refl,0,0,0.6182742815,-4.48300249e-16,-4.696586472e-16,-0.2953978304,-0.3186329991,0.1887868663
10.1624562,29.5,refl,-1,0,0.4775463521,8.147140802e-18,-1.67672745e-17,-3.864605107e-17,9.620188115e-17,1.10958366e-32
10.1624562,29.5,refl,0,-1,0.4775463521,-1.522170493e-17,6.829007919e-17,1.240158029e-17,4.972989568e-17,7.522096935e-33
10.1624562,29.5,refl,0,1,0.4775463521,-3.763712534e-18,5.695206373e-17,3.009131593e-17,-2.356701059e-17,4.718594377e-33
10.1624562,29.5,refl,1,0,0.4775463521,-3.968403281e-17,-1.862566471e-17,-3.239972493e-17,5.876377208e-17,6.424660931e-33
10.1624562,29.5,refl,-1,-1,0.2717313924,0.06395989721,0.1053195418,0.03613865084,0.004094043742,0.01650583762
10.1624562,29.5,refl,-1,1,0.2717313924,0.06395989721,0.1053195418,-0.03613865084,-0.004094043742,0.01650583762
10.1624562,29.5,refl,1,-1,0.2717313924,-0.06395989652,-0.1053195416,0.03613865083,0.004094043802,0.01650583749
10.1624562,29.5,refl,1,1,0.2717313924,-0.06395989652,-0.1053195416,-0.03613865083,-0.004094043802,0.01650583749
10.07705741,29.75,trans,0,0,0.623513894,-5.047276171e-17,-3.632671973e-16,0.7178713199,-0.3525595366,0.6396374587
10.07705741,29.75,trans,-1,0,0.4843108581,8.730081109e-18,-1.275938754e-17,8.961092438e-18,-1.760579382e-17,6.292814403e-34
10.07705741,29.75,trans,0,-1,0.4843108581,1.908083412e-17,-8.391010688e-18,3.758656799e-17,1.645366554e-17,2.117960494e-33
10.07705741,29.75,trans,0,1,0.4843108581,4.001849852e-17,-3.06726878e-17,-1.548108299e-18,7.931631337e-17,8.835768207e-33
10.07705741,29.75,trans,1,0,0.4843108581,-2.866836311e-17,-1.829573104e-17,-2.770766051e-17,9.186870483e-18,2.008721858e-33
10.07705741,29.75,trans,-1,-1,0.2834509455,0.0569017274,0.1070526121,-0.03701500029,-0.008578635763,0.01614177157
10.07705741,29.75,trans,-1,1,0.2834509455,0.0569017274,0.1070526121,0.03701500029,0.008578635763,0.01614177157
10.07705741,29.75,trans,1,-1,0.2834509455,-0.05690172668,-0.1070526117,-0.03701500028,-0.008578635809,0.01614177142
10.07705741,29.75,trans,1,1,0.2834509455,-0.05690172668,-0.1070526117,0.03701500028,0.008578635809,0.01614177142
10.07705741,29.75,refl,0,0,0.623513894,-3.667560725e-16,-4.597492531e-16,-0.2772274009,-0.3140240689,0.1754661476
10.07705741,29.75,refl,-1,0,0.4843108581,8.792249646e-18,-1.735804769e-17,-4.472930846e-18,1.842632987e-17,7.381422165e-34
10.07705741,29.75,refl,0,-1,0.4843108581,1.953296539e-17,-6.753844452e-18,-3.824896477e-17,-1.715606253e-17,2.184464939e-33
10.07705741,29.75,refl,0,1,0.4843108581,3.988421292e-17,-3.177949125e-17,9.195889053e-19,-7.988965421e-17,8.983888998e-33
10.07705741,29.75,refl,1,0,0.4843108581,-2.864621574e-17,-2.296781087e-17,3.177277972e-17,-1.231459837e-17,2.509284877e-33
10.07705741,29.75,refl,-1,-1,0.2834509455,0.05913642584,0.103772665,0.03541303145,0.005678529839,0.01555221135
10.07705741,29.75,refl,-1,1,0.2834509455,0.05913642584,0.103772665,-0.03541303145,-0.005678529839,0.01555221135
10.07705741,29.75,refl,1,-1,0.2834509455,-0.05913642511,-0.1037726646,0.03541303144,0.005678529902,0.0155522112
10.07705741,29.75,refl,1,1,0.2834509455,-0.05913642511,-0.1037726646,-0.03541303144,-0.005678529902,0.0155522112
9.993081933,30,trans,0,0,0.6287535066,-2.5492019e-17,-3.635196616e-16,0.735637927,-0.3474715807,0.6618996591
9.993081933,30,trans,-1,0,0.4910380874,1.463806345e-17,-2.906673333e-17,-1.082628355e-17,1.004331763e-16,1.12631792e-32
9.993081933,30,trans,0,-1,0.4910380874,3.370783021e-17,-9.509767142e-17,2.844560245e-17,-1.369231023e-18,1.099081202e-32
9.993081933,30,trans,0,1,0.4910380874,4.302403131e-17,-9.851806479e-17,-2.264967158e-17,3.141847004e-17,1.305700424e-32
9.993081933,30,trans,1,0,0.4910380874,-3.046722041e-17,-1.857483392e-17,-6.573282144e-17,1.162447986e-16,1.9106933e-32
9.993081933,30,trans,-1,-1,0.2947979554,0.05222721103,0.1056056255,-0.03630804332,-0.01031382183,0.01530487864
9.993081933,30,trans,-1,1,0.2947979554,0.05222721103,0.1056056255,0.03630804332,0.01031382183,0.01530487864
9.993081933,30,trans,1,-1,0.2947979554,-0.0522272103,-0.105605625,-0.03630804331,-0.01031382188,0.01530487846
9.993081933,30,trans,1,1,0.2947979554,-0.0522272103,-0.105605625,0.03630804331,0.01031382188,0.01530487846
9.993081933,30,refl,0,0,0.6287535066,-3.59788833e-16,-5.17418876e-16,-0.259497624,-0.3087348824,0.1626562445
9.993081933,30,refl,-1,0,0.4910380874,1.483404242e-17,-2.612963539e-17,9.218050671e-18,-9.863672398e-17,1.071698244e-32
9.993081933,30,refl,0,-1,0.4910380874,3.37149062e-17,-9.444059519e-17,-2.815275449e-17,2.60232946e-18,1.085507062e-32
9.993081933,30,refl,0,1,0.4910380874,4.252364069e-17,-1.002485662e-16,2.287552533e-17,-3.011915893e-17,1.328848843e-32
9.993081933,30,refl,1,0,0.4910380874,-3.017405978e-17,-1.54588514e-17,6.380141794e-17,-1.185764418e-16,1.928044344e-32
9.993081933,30,refl,-1,-1,0.2947979554,0.05461240505,0.1023900606,0.03467607803,0.007270907766,0.01472153579
9.993081933,30,refl,-1,1,0.2947979554,0.05461240505,0.1023900606,-0.03467607803,-0.007270907766,0.01472153579
9.993081933,30,refl,1,-1,0.2947979554,-0.05461240432,-0.1023900601,0.03467607803,0.007270907831,0.01472153561
9.993081933,30,refl,1,1,0.2947979554,-0.05461240432,-0.1023900601,-0.03467607803,-0.007270907831,0.01472153561
9.910494479,30.25,trans,0,0,0.6339931191,1.436291551e-17,-3.899690085e-16,0.7523334319,-0.3399802193,0.6815921423
9.910494479,30.25,trans,-1,0,0.4977295514,3.596958406e-17,1.128233895e-17,2.086224228e-17,-3.082486533e-18,1.865837026e-33
9.910494479,30.25,trans,0,-1,0.4977295514,-1.441188494e-17,1.48169507e-17,2.920756607e-17,-1.058955061e-17,1.392464953e-33
9.910494479,30.25,trans,0,1,0.4977295514,4.739714959e-18,-1.742928594e-18,-2.080215504e-17,2.147526702e-17,9.194194461e-34
9.910494479,30.25,trans,1,0,0.4977295514,-6.74591713e-18,-1.551820489e-17,-2.398530623e-17,1.425838771e-17,1.064918616e-33
9.910494479,30.25,trans,-1,-1,0.3058138937,0.04792119954,0.1035029478,-0.03550186036,-0.0119562558,0.01441263571
9.910494479,30.25,trans,-1,1,0.3058138937,0.04792119954,0.1035029478,0.03550186036,0.0119562558,0.01441263571
9.910494479,30.25,trans,1,-1,0.3058138937,-0.04792119889,-0.1035029472,-0.03550186035,-0.01195625585,0.01441263552
9.910494479,30.25,trans,1,1,0.3058138937,-0.04792119889,-0.1035029472,0.03550186035,0.01195625585,0.01441263552
9.910494479,30.25,refl,0,0,0.6339931191,-3.161259929e-16,-5.392161897e-16,-0.242924265,-0.3012273348,0.1497501058
9.910494479,30.25,refl,-1,0,0.4977295514,3.562708271e-17,1.095411275e-17,-2.024198258e-17,5.223447363e-18,1.82630387e-33
9.910494479,30.25,refl,0,-1,0.4977295514,-1.093737414e-17,1.612291921e-17,-2.861680414e-17,1.109988119e-17,1.321703519e-33
9.910494479,30.25,refl,0,1,0.4977295514,7.591139542e-18,-3.738557597e-18,2.139454639e-17,-2.093308059e-17,9.675226908e-34
9.910494479,30.25,refl,1,0,0.4977295514,-7.148095083e-18,-1.577526939e-17,2.423271808e-17,-1.625162933e-17,1.151294469e-33
9.910494479,30.25,refl,-1,-1,0.3058138937,0.05040335472,0.1004659597,0.03391233099,0.008633474664,0.01385849031
9.910494479,30.25,refl,-1,1,0.3058138937,0.05040335472,0.1004659597,-0.03391233099,-0.008633474664,0.01385849031
9.910494479,30.25,refl,1,-1,0.3058138937,-0.05040335407,-0.1004659591,0.03391233099,0.00863347473,0.01385849012
9.910494479,30.25,refl,1,1,0.3058138937,-0.05040335407,-0.1004659591,-0.03391233099,-0.00863347473,0.01385849012
9.829260918,30.5,trans,0,0,0.6392327317,3.583753087e-17,-4.184657141e-16,0.7685016272,-0.3320245851,0.7008350762
9.829260918,30.5,trans,-1,0,0.5043866736,2.765498162e-17,4.216170494e-17,3.087440344e-17,2.925078038e-17,4.351244313e-33
9.829260918,30.5,trans,0,-1,0.5043866736,5.234191111e-18,-1.439082921e-17,2.346680954e-17,-3.082686481e-17,1.735479466e-33
9.829260918,30.5,trans,0,1,0.5043866736,2.273705311e-17,-3.466032596e-17,-3.601592374e-17,-1.084175018e-17,3.13300209e-33
9.829260918,30.5,trans,1,0,0.5043866736,-2.052007174e-17,1.148990455e-17,-2.908528327e-17,3.524668646e-17,2.64137386e-33
9.829260918,30.5,trans,-1,-1,0.316533328,0.04386363008,0.1015683559,-0.03468735268,-0.01359235412,0.01362811349
9.829260918,30.5,trans,-1,1,0.316533328,0.04386363008,0.1015683559,0.03468735268,0.01359235412,0.01362811349
9.829260918,30.5,trans,1,-1,0.316533328,-0.04386362956,-0.1015683551,-0.03468735268,-0.01359235417,0.01362811329
9.829260918,30.5,trans,1,1,0.316533328,-0.04386362956,-0.1015683551,0.03468735268,0.01359235417,0.01362811329
9.829260918,30.5,refl,0,0,0.6392327317,-3.042600366e-16,-5.980977844e-16,-0.2268684658,-0.2932599841,0.1374707191
9.829260918,30.5,refl,-1,0,0.5043866736,2.724432983e-17,4.162747003e-17,-2.890809997e-17,-2.74439159e-17,4.063946533e-33
9.829260918,30.5,refl,0,-1,0.5043866736,6.004883369e-18,-1.206093714e-17,-2.264791714e-17,3.575111081e-17,1.972594904e-33
9.829260918,30.5,refl,0,1,0.5043866736,2.274413754e-17,-3.553162188e-17,3.686168871e-17,1.577383132e-17,3.387389795e-33
9.829260918,30.5,refl,1,0,0.5043866736,-2.111661262e-17,1.102267273e-17,3.060541211e-17,-3.77457871e-17,2.928846337e-33
9.829260918,30.5,refl,-1,-1,0.316533328,0.04643318642,0.09871708549,0.03313862789,0.01001427312,0.01309955809
9.829260918,30.5,refl,-1,1,0.316533328,0.04643318642,0.09871708549,-0.03313862789,-0.01001427312,0.01309955809
9.829260918,30.5,refl,1,-1,0.316533328,-0.0464331859,-0.09871708475,0.03313862789,0.01001427319,0.0130995579
9.829260918,30.5,refl,1,1,0.316533328,-0.0464331859,-0.09871708475,-0.03313862789,-0.01001427319,0.0130995579
9.749348228,30.75,trans,0,0,0.6444723443,9.310912035e-17,-3.893148036e-16,0.784163338,-0.323666947,0.7196724333
9.749348228,30.75,trans,-1,0,0.5110107961,3.430793545e-17,-8.374540463e-19,-9.080893658e-17,9.383816095e-17,1.822959918e-32
9.749348228,30.75,trans,0,-1,0.5110107961,-1.087660394e-17,-4.011669427e-17,4.467437803e-17,1.307604338e-17,3.894432635e-33
9.749348228,30.75,trans,0,1,0.5110107961,8.374197087e-18,-4.809902092e-17,4.183252006e-18,3.999495951e-17,4.000739373e-33
9.749348228,30.75,trans,1,0,0.5110107961,2.249054447e-18,-7.441084643e-18,-1.336614109e-16,1.070483909e-16,2.938515873e-32
9.749348228,30.75,trans,-1,-1,0.3269854201,0.04003533893,0.09978010333,-0.03387074018,-0.01522662835,0.01293797463
9.749348228,30.75,trans,-1,1,0.3269854201,0.04003533893,0.09978010333,0.03387074018,0.01522662835,0.01293797463
9.749348228,30.75,trans,1,-1,0.3269854201,-0.04003533856,-0.0997801025,-0.03387074018,-0.0152266284,0.01293797444
9.749348228,30.75,trans,1,1,0.3269854201,-0.04003533856,-0.0997801025,0.03387074018,0.0152266284,0.01293797444
9.749348228,30.75,refl,0,0,0.6444723443,-2.525519356e-16,-5.697791641e-16,-0.2113103972,-0.2848945568,0.1258169924
9.749348228,30.75,refl,-1,0,0.5110107961,3.472186013e-17,-6.241041064e-19,8.863477882e-17,-9.262643952e-17,1.764177839e-32
9.749348228,30.75,refl,0,-1,0.5110107961,-8.291517321e-18,-3.92385961e-17,-4.50684662e-17,-1.262537632e-17,3.798983456e-33
9.749348228,30.75,refl,0,1,0.5110107961,1.062277896e-17,-5.018191641e-17,-4.494784435e-18,-3.953195622e-17,4.214046817e-33
9.749348228,30.75,refl,1,0,0.5110107961,2.633268383e-18,-7.239966477e-18,1.310500669e-16,-1.099334439e-16,2.931883334e-32
9.749348228,30.75,refl,-1,-1,0.3269854201,0.04268206453,0.09711835291,0.03236226431,0.01141482017,0.01243134738
9.749348228,30.75,refl,-1,1,0.3269854201,0.04268206453,0.09711835291,-0.03236226431,-0.01141482017,0.01243134738
9.749348228,30.75,refl,1,-1,0.3269854201,-0.04268206416,-0.0971183521,0.0323622643,0.01141482024,0.01243134719
9.749348228,30.75,refl,1,1,0.3269854201,-0.04268206416,-0.0971183521,-0.0323622643,-0.01141482024,0.01243134719
9.670724452,31,trans,0,0,0.6497119568,1.469188431e-16,-4.376407201e-16,0.7993390464,-0.3149565294,0.7381405265
9.670724452,31,trans,-1,0,0.5176031859,3.162748904e-17,1.940650557e-17,1.031000487e-17,1.261451639e-17,1.642332746e-33
9.670724452,31,trans,0,-1,0.5176031859,6.111967639e-18,-2.101478536e-18,4.547634863e-17,-6.099766435e-18,2.147077796e-33
9.670724452,31,trans,0,1,0.5176031859,-6.320891741e-19,1.278276651e-18,-1.366098045e-17,-1.131287842e-17,3.166371329e-34
9.670724452,31,trans,1,0,0.5176031859,-1.741066637e-17,-8.336002364e-19,-3.847675986e-17,-1.018663284e-17,1.888054731e-33
9.670724452,31,trans,-1,-1,0.3371950315,0.03641997844,0.09812093868,-0.03305762955,-0.01686343051,0.0123313156
9.670724452,31,trans,-1,1,0.3371950315,0.03641997844,0.09812093868,0.03305762955,0.01686343051,0.0123313156
9.670724452,31,trans,1,-1,0.3371950315,-0.03641997822,-0.09812093782,-0.03305762954,-0.01686343056,0.01233131541
9.670724452,31,trans,1,1,0.3371950315,-0.03641997822,-0.09812093782,0.03305762954,0.01686343056,0.01233131541
9.670724452,31,refl,0,0,0.6497119568,-2.077138121e-16,-6.238295086e-16,-0.1962304976,-0.2761796944,0.1147816318
9.670724452,31,refl,-1,0,0.5176031859,3.18101093e-17,1.753472269e-17,-1.437226542e-17,-9.834859352e-18,1.622636025e-33
9.670724452,31,refl,0,-1,0.5176031859,1.09270645e-17,-3.441581415e-19,-4.601866291e-17,5.715926008e-18,2.269908329e-33
9.670724452,31,refl,0,1,0.5176031859,3.606031392e-18,-2.80496827e-19,1.294794903e-17,1.0988787e-17,3.014849646e-34
9.670724452,31,refl,1,0,0.5176031859,-1.742539847e-17,-2.602455676e-18,3.387658694e-17,8.695681155e-18,1.533655301e-33
9.670724452,31,refl,-1,-1,0.3371950315,0.03913320233,0.09564968263,0.03158966515,0.01283705463,0.01184296623
9.670724452,31,refl,-1,1,0.3371950315,0.03913320233,0.09564968263,-0.03158966515,-0.01283705463,0.01184296623
9.670724452,31,refl,1,-1,0.3371950315,-0.03913320211,-0.09564968178,0.03158966515,0.0128370547,0.01184296605
9.670724452,31,refl,1,1,0.3371950315,-0.03913320211,-0.09564968178,-0.03158966515,-0.0128370547,0.01184296605
9.593358656,31.25,trans,0,0,0.6549515694,2.588690343e-17,-3.273004732e-16,0.8131913122,-0.3044051301,0.7539425935
9.593358656,31.25,trans,-1,0,0.5241650403,-5.241414235e-19,-1.122724287e-17,2.537206053e-17,1.498583015e-17,9.946422672e-34
9.593358656,31.25,trans,0,-1,0.5241650403,1.916887812e-17,2.851951086e-18,8.395829419e-18,-2.07013599e-17,8.746157667e-34
9.593358656,31.25,trans,0,1,0.5241650403,2.204317463e-17,-7.34402734e-18,-4.521593396e-17,-2.503850914e-17,3.211243909e-33
9.593358656,31.25,trans,1,0,0.5241650403,-3.919007526e-17,-3.43723143e-17,-1.341196066e-17,-1.376490413e-17,3.086671264e-33
9.593358656,31.25,trans,-1,-1,0.3471835547,0.03309805707,0.09599419114,-0.03213873528,-0.01832494967,0.0116790682
9.593358656,31.25,trans,-1,1,0.3471835547,0.03309805707,0.09599419114,0.03213873528,0.01832494967,0.0116790682
9.593358656,31.25,trans,1,-1,0.3471835547,-0.03309805698,-0.09599419031,-0.03213873527,-0.01832494972,0.01167906804
9.593358656,31.25,trans,1,1,0.3471835547,-0.03309805698,-0.09599419031,0.03213873527,0.01832494972,0.01167906804
9.593358656,31.25,refl,0,0,0.6549515694,-3.234914906e-16,-5.242687369e-16,-0.1825209909,-0.2657665653,0.1039457793
9.593358656,31.25,refl,-1,0,0.5241650403,-3.294954122e-19,-1.052228813e-17,-2.193233354e-17,-1.373410841e-17,7.80480103e-34
9.593358656,31.25,refl,0,-1,0.5241650403,2.145953785e-17,4.387613798e-18,-7.290841002e-18,2.23025581e-17,1.03032338e-33
9.593358656,31.25,refl,0,1,0.5241650403,2.382011147e-17,-8.889263059e-18,4.631349484e-17,2.664131583e-17,3.501116221e-33
9.593358656,31.25,refl,1,0,0.5241650403,-3.92977857e-17,-3.373406929e-17,1.640083838e-17,1.101782622e-17,3.072683386e-33
9.593358656,31.25,refl,-1,-1,0.3471835547,0.03582941021,0.09372185879,0.03080812434,0.01401649821,0.0112131362
9.593358656,31.25,refl,-1,1,0.3471835547,0.03582941021,0.09372185879,-0.03080812434,-0.01401649821,0.0112131362
9.593358656,31.25,refl,1,-1,0.3471835547,-0.03582941011,-0.09372185798,0.03080812434,0.01401649828,0.01121313604
9.593358656,31.25,refl,1,1,0.3471835547,-0.03582941011,-0.09372185798,-0.03080812434,-0.01401649828,0.01121313604
9.517220889,31.5,trans,0,0,0.6601911819,-1.247465052e-12,-1.99098809e-12,0.8265494074,-0.2936379575,0.7694071729
9.517220889,31.5,trans,-1,0,0.5306974919,-1.443061609e-17,-1.738193726e-17,-5.953283467e-17,5.617019853e-17,7.209624031e-33
9.517220889,31.5,trans,0,-1,0.5306974919,2.566560913e-17,-3.547770223e-17,-8.375543155e-19,-3.741975473e-17,3.318330389e-33
9.517220889,31.5,trans,0,1,0.5306974919,1.423384845e-17,-1.173938479e-17,-3.305908987e-17,-4.072635932e-17,3.091955364e-33
9.517220889,31.5,trans,1,0,0.5306974919,-4.491278636e-17,-1.894375508e-17,-8.988838163e-17,2.659300504e-17,1.11631333e-32
9.517220889,31.5,trans,-1,-1,0.3569695493,0.02994672784,0.09401605255,-0.03122036659,-0.01980881927,0.01110292526
9.517220889,31.5,trans,-1,1,0.3569695493,0.02994672784,0.09401605254,0.03122036659,0.01980881927,0.01110292526
9.517220889,31.5,trans,1,-1,0.3569695493,-0.02994672786,-0.09401605177,-0.03122036658,-0.01980881932,0.01110292511
9.517220889,31.5,trans,1,1,0.3569695493,-0.02994672786,-0.09401605177,0.03122036658,0.01980881932,0.01110292511
9.517220889,31.5,refl,0,0,0.6601911819,-1.286031344e-12,-2.011024828e-12,-0.1692945912,-0.2551370572,0.09375557656
9.517220889,31.5,refl,-1,0,0.5306974919,-1.376664485e-17,-1.705716442e-17,5.892608635e-17,-5.475082215e-17,6.950403546e-33
9.517220889,31.5,refl,0,-1,0.5306974919,3.062365131e-17,-3.353450928e-17,1.073468675e-18,3.693736388e-17,3.427892517e-33
9.517220889,31.5,refl,0,1,0.5306974919,1.897513669e-17,-1.26788351e-17,3.323591208e-17,4.024484488e-17,3.245082063e-33
9.517220889,31.5,refl,1,0,0.5306974919,-4.429566062e-17,-1.839589774e-17,8.89247194e-17,-2.900012821e-17,1.104912776e-32
9.517220889,31.5,refl,-1,-1,0.3569695493,0.0326863713,0.09192445982,0.0300211667,0.01522312808,0.01065151926
9.517220889,31.5,refl,-1,1,0.3569695493,0.0326863713,0.09192445982,-0.0300211667,-0.01522312808,0.01065151926
9.517220889,31.5,refl,1,-1,0.3569695493,-0.03268637131,-0.09192445906,0.03002116669,0.01522312815,0.01065151912
9.517220889,31.5,refl,1,1,0.3569695493,-0.03268637131,-0.09192445906,-0.03002116669,-0.01522312815,0.01065151912
9.442282142,31.75,trans,0,0,0.6654307945,-8.686130111e-13,-1.515245559e-12,0.8394393952,-0.2826753933,0.7845638762
9.442282142,31.75,trans,-1,0,0.5372016134,3.194820949e-17,2.607368003e-17,-1.69754408e-17,6.494387698e-17,6.206397628e-33
9.442282142,31.75,trans,0,-1,0.5372016134,-2.183582217e-18,-3.201771607e-17,5.345564418e-17,4.702501508e-17,6.098760112e-33
9.442282142,31.75,trans,0,1,0.5372016134,-6.721610141e-18,-1.257962778e-17,1.606245195e-17,5.246589281e-17,3.214099349e-33
9.442282142,31.75,trans,1,0,0.5372016134,5.99136948e-18,1.16591215e-17,-4.876405483e-17,2.32640829e-17,3.090982219e-33
9.442282142,31.75,trans,-1,-1,0.3665692359,0.02695433955,0.09217151204,-0.03030694735,-0.02131850843,0.01059511391
9.442282142,31.75,trans,-1,1,0.3665692359,0.02695433955,0.09217151204,0.03030694735,0.02131850843,0.01059511391
9.442282142,31.75,trans,1,-1,0.3665692359,-0.02695433965,-0.09217151132,-0.03030694734,-0.02131850848,0.01059511379
9.442282142,31.75,trans,1,1,0.3665692359,-0.02695433965,-0.09217151132,0.03030694734,0.02131850848,0.01059511379
9.442282142,31.75,refl,0,0,0.6654307945,-8.963967122e-13,-1.530366341e-12,-0.1565261434,-0.2443110167,0.08418830643
9.442282142,31.75,refl,-1,0,0.5372016134,3.209283517e-17,2.675746591e-17,2.126709389e-17,-6.450697443e-17,6.359351084e-33
9.442282142,31.75,refl,0,-1,0.5372016134,-6.187124953e-18,-3.061553706e-17,-5.439901264e-17,-4.797110296e-17,6.23607092e-33
9.442282142,31.75,refl,0,1,0.5372016134,-1.101393761e-17,-1.408853149e-17,-1.703308737e-17,-5.333181755e-17,3.45420237e-33
9.442282142,31.75,refl,1,0,0.5372016134,5.993089536e-18,1.239249014e-17,5.272427732e-17,-2.661114732e-17,3.677493515e-33
9.442282142,31.75,refl,-1,-1,0.3665692359,0.02969316151,0.09024188458,0.02923406067,0.01646052355,0.01015086071
9.442282142,31.75,refl,-1,1,0.3665692359,0.02969316151,0.09024188458,-0.02923406066,-0.01646052355,0.01015086071
9.442282142,31.75,refl,1,-1,0.3665692359,-0.0296931616,-0.09024188386,0.02923406066,0.01646052363,0.01015086059
9.442282142,31.75,refl,1,1,0.3665692359,-0.02969316159,-0.09024188386,-0.02923406066,-0.01646052363,0.01015086059
9.368514313,32,trans,0,0,0.670670407,-5.904993809e-13,-1.132210492e-12,0.8518857956,-0.2715302211,0.7994380698
9.368514313,32,trans,-1,0,0.5436784216,-1.241846008e-17,-2.799831978e-17,-2.983172771e-17,5.332678943e-17,4.67180251e-33
9.368514313,32,trans,0,-1,0.5436784216,2.08480318e-17,-2.938636588e-17,-1.930362457e-17,-3.713762152e-17,3.050031783e-33
9.368514313,32,trans,0,1,0.5436784216,1.266730548e-17,5.924370721e-18,-5.496504293e-17,-4.853247734e-17,5.572116098e-33
9.368514313,32,trans,1,0,0.5436784216,-3.882264895e-17,-4.541581033e-17,-5.197783499e-17,7.818498318e-18,6.332618145e-33
9.368514313,32,trans,-1,-1,0.3759968847,0.0241103522,0.09044777239,-0.02940230459,-0.02285804213,0.01014909422
9.368514313,32,trans,-1,1,0.3759968847,0.0241103522,0.09044777239,0.02940230458,0.02285804213,0.01014909422
9.368514313,32,trans,1,-1,0.3759968847,-0.02411035236,-0.09044777171,-0.02940230458,-0.02285804219,0.01014909411
9.368514313,32,trans,1,1,0.3759968847,-0.02411035236,-0.09044777171,0.02940230458,0.02285804219,0.01014909411
9.368514313,32,refl,0,0,0.670670407,-6.103038594e-13,-1.143553049e-12,-0.1441919954,-0.2333006667,0.0752205326
9.368514313,32,refl,-1,0,0.5436784216,-1.300042704e-17,-2.813118029e-17,3.109691777e-17,-5.25633824e-17,4.690301871e-33
9.368514313,32,refl,0,-1,0.5436784216,2.026204845e-17,-2.818329935e-17,1.996762585e-17,3.459457621e-17,2.800339755e-33
9.368514313,32,refl,0,1,0.5436784216,1.197204042e-17,3.843369397e-18,5.565155852e-17,4.604203242e-17,5.375065955e-33
9.368514313,32,refl,1,0,0.5436784216,-3.939866669e-17,-4.546203895e-17,5.294159818e-17,-1.102958916e-17,6.543516577e-33
9.368514313,32,refl,-1,-1,0.3759968847,0.02683986208,0.08866096091,0.02845130212,0.01773287953,0.009705075795
9.368514313,32,refl,-1,1,0.3759968847,0.02683986208,0.08866096091,-0.02845130212,-0.01773287953,0.009705075795
9.368514313,32,refl,1,-1,0.3759968847,-0.02683986223,-0.08866096025,0.02845130211,0.01773287961,0.009705075687
9.368514313,32,refl,1,1,0.3759968847,-0.02683986223,-0.08866096025,-0.02845130211,-0.01773287961,0.009705075688
9.295890171,32.25,trans,0,0,0.6759100196,-3.865144095e-13,-8.273092715e-13,0.86292889,-0.258959077,0.8117060728
9.295890171,32.25,trans,-1,0,0.5501288811,4.310259259e-18,-2.747503706e-17,8.670323751e-18,2.360156243e-17,1.405664259e-33
9.295890171,32.25,trans,0,-1,0.5501288811,4.950158475e-17,-2.933668366e-17,2.18482372e-20,5.744364588e-18,3.344046103e-33
9.295890171,32.25,trans,0,1,0.5501288811,4.378516664e-17,2.173143626e-18,-1.977053914e-17,1.264753736e-17,2.47269779e-33
9.295890171,32.25,trans,1,0,0.5501288811,-3.022847417e-17,-5.038501359e-17,-7.954058287e-18,-1.442943884e-17,3.723885993e-33
9.295890171,32.25,trans,-1,-1,0.3852651256,0.02147948346,0.08844955137,-0.02841586972,-0.02408270617,0.009672129736
9.295890171,32.25,trans,-1,1,0.3852651256,0.02147948346,0.08844955137,0.02841586972,0.02408270617,0.009672129736
9.295890171,32.25,trans,1,-1,0.3852651256,-0.02147948366,-0.08844955075,-0.02841586972,-0.02408270623,0.009672129637
9.295890171,32.25,trans,1,1,0.3852651256,-0.02147948366,-0.08844955075,0.02841586972,0.02408270623,0.009672129637
9.295890171,32.25,refl,0,0,0.6759100196,-3.999531235e-13,-8.355938335e-13,-0.1332556936,-0.2208837169,0.06654669624
9.295890171,32.25,refl,-1,0,0.5501288811,4.491430119e-18,-2.624153792e-17,-8.190103546e-18,-2.200586119e-17,1.26012698e-33
9.295890171,32.25,refl,0,-1,0.5501288811,4.751104795e-17,-2.753722992e-17,-6.254258926e-19,-7.826505487e-18,3.077244055e-33
9.295890171,32.25,refl,0,1,0.5501288811,4.174167569e-17,1.059855526e-18,1.908319158e-17,-1.466679012e-17,2.322773717e-33
9.295890171,32.25,refl,1,0,0.5501288811,-2.993785258e-17,-4.901365945e-17,8.166327099e-18,1.281001677e-17,3.529399258e-33
9.295890171,32.25,refl,-1,-1,0.3852651256,0.02416928658,0.08671892268,0.02766188861,0.01876604105,0.009221670343
9.295890171,32.25,refl,-1,1,0.3852651256,0.02416928658,0.08671892268,-0.02766188861,-0.01876604105,0.009221670343
9.295890171,32.25,refl,1,-1,0.3852651256,-0.02416928678,-0.08671892207,0.02766188861,0.01876604112,0.009221670249
9.295890171,32.25,refl,1,1,0.3852651256,-0.02416928678,-0.08671892207,-0.02766188861,-0.01876604112,0.009221670249
9.224383323,32.5,trans,0,0,0.6811496321,-4.512006076e-13,6.300169166e-13,0.8735479475,-0.2462768035,0.8237382806
9.224383323,32.5,trans,-1,0,0.5565539081,1.741455426e-17,3.627858449e-17,4.712775271e-17,2.509178885e-18,3.846723447e-33
9.224383323,32.5,trans,0,-1,0.5565539081,-3.087183829e-17,3.389092872e-18,2.661786074e-17,3.993782944e-17,3.268097081e-33
9.224383323,32.5,trans,0,1,0.5565539081,-3.430681272e-17,2.247118369e-17,-3.410123246e-18,2.304722451e-17,2.224714993e-33
9.224383323,32.5,trans,1,0,0.5565539081,-5.559515818e-18,-3.977300914e-18,2.759543523e-17,-3.315757732e-17,1.907660118e-33
9.224383323,32.5,trans,-1,-1,0.3943851973,0.01896647567,0.08657160049,-0.02743377068,-0.02535793977,0.009250006094
9.224383323,32.5,trans,-1,1,0.3943851973,0.01896647567,0.08657160049,0.02743377068,0.02535793977,0.009250006094
9.224383323,32.5,trans,1,-1,0.3943851973,-0.01896647591,-0.08657159992,-0.02743377067,-0.02535793982,0.009250006006
9.224383323,32.5,trans,1,1,0.3943851973,-0.01896647591,-0.08657159991,0.02743377067,0.02535793983,0.009250006006
9.224383323,32.5,refl,0,0,0.6811496321,-4.70250642e-13,6.039300277e-13,-0.1227355051,-0.2083533163,0.05847510861
9.224383323,32.5,refl,-1,0,0.5565539081,1.728660646e-17,3.809782482e-17,-4.706496162e-17,-7.984465248e-20,3.965388006e-33
9.224383323,32.5,refl,0,-1,0.5565539081,-3.411057865e-17,5.106321427e-18,-2.703092805e-17,-4.089539681e-17,3.592710646e-33
9.224383323,32.5,refl,0,1,0.5565539081,-3.763516395e-17,2.095554636e-17,2.901673702e-18,-2.395896968e-17,2.437992427e-33
9.224383323,32.5,refl,1,0,0.5565539081,-5.555453706e-18,-2.268715941e-18,-2.77242026e-17,3.195318399e-17,1.825647515e-33
9.224383323,32.5,refl,-1,-1,0.3943851973,0.02161173546,0.08487269502,0.02686527239,0.01984297432,0.008785927961
9.224383323,32.5,refl,-1,1,0.3943851973,0.02161173546,0.08487269503,-0.02686527239,-0.01984297432,0.008785927961
9.224383323,32.5,refl,1,-1,0.3943851973,-0.0216117357,-0.08487269446,0.02686527239,0.01984297439,0.008785927878
9.224383323,32.5,refl,1,1,0.3943851973,-0.0216117357,-0.08487269446,-0.02686527239,-0.0198429744,0.008785927878
9.153968183,32.75,trans,0,0,0.6863892447,-3.558835421e-13,3.172658334e-13,0.883764939,-0.2334744823,0.8355508014
9.153968183,32.75,trans,-1,0,0.5629543733,9.624489809e-18,1.031586392e-17,-8.752210364e-18,1.613881835e-17,5.361104964e-34
9.153968183,32.75,trans,0,-1,0.5629543733,-1.869530568e-17,-8.556236304e-18,1.086149015e-17,1.626752363e-18,5.433419259e-34
9.153968183,32.75,trans,0,1,0.5629543733,-2.345689184e-17,1.793533722e-17,-1.343621587e-17,-1.157946133e-17,1.186517917e-33
9.153968183,32.75,trans,1,0,0.5629543733,-1.52065975e-17,-1.822926719e-17,-2.652856475e-17,-2.724519673e-17,2.009612282e-33
9.153968183,32.75,trans,-1,-1,0.40336715,0.01656335867,0.08480083886,-0.02645877452,-0.02668904755,0.008877899129
9.153968183,32.75,trans,-1,1,0.40336715,0.01656335867,0.08480083886,0.02645877451,0.02668904754,0.008877899129
9.153968183,32.75,trans,1,-1,0.40336715,-0.01656335894,-0.08480083832,-0.02645877451,-0.0266890476,0.008877899049
9.153968183,32.75,trans,1,1,0.40336715,-0.01656335894,-0.08480083832,0.02645877451,0.0266890476,0.008877899049
9.153968183,32.75,refl,0,0,0.6863892447,-3.696824771e-13,3.02677781e-13,-0.1126100462,-0.1957001716,0.05097957967
9.153968183,32.75,refl,-1,0,0.5629543733,1.02478805e-17,1.115812521e-17,7.071198661e-18,-1.371434355e-17,4.676078825e-34
9.153968183,32.75,refl,0,-1,0.5629543733,-1.828218424e-17,-6.946895953e-18,-1.135725597e-17,-2.402752365e-18,5.172581063e-34
9.153968183,32.75,refl,0,1,0.5629543733,-2.299607371e-17,1.639658666e-17,1.286883387e-17,1.085962579e-17,1.081205818e-33
9.153968183,32.75,refl,1,0,0.5629543733,-1.447695302e-17,-1.74169009e-17,2.466519022e-17,2.610431323e-17,1.802737383e-33
9.153968183,32.75,refl,-1,-1,0.40336715,0.01916010065,0.0831104804,0.02606492691,0.02097024622,0.008393593051
9.153968183,32.75,refl,-1,1,0.40336715,0.01916010065,0.0831104804,-0.02606492691,-0.02097024622,0.008393593051
9.153968183,32.75,refl,1,-1,0.40336715,-0.01916010092,-0.08311047987,0.02606492691,0.02097024629,0.008393592976
9.153968183,32.75,refl,1,1,0.40336715,-0.01916010092,-0.08311047987,-0.02606492691,-0.02097024629,0.008393592976
9.084619939,33,trans,0,0,0.6916288572,-2.703631663e-13,1.379252048e-13,0.8935996903,-0.2205360324,0.8471565481
9.084619939,33,trans,-1,0,0.5693311053,1.201962598e-17,2.632473898e-18,7.108477873e-19,1.817609853e-17,4.822771898e-34
9.084619939,33,trans,0,-1,0.5693311053,-1.504333132e-17,-5.865985278e-18,1.027819338e-17,-1.135261492e-17,4.952347254e-34
9.084619939,33,trans,0,1,0.5693311053,-2.921028959e-17,1.886607605e-17,-1.185277512e-17,-1.494305668e-17,1.572953064e-33
9.084619939,33,trans,1,0,0.5693311053,-3.131398497e-17,-1.027688538e-17,-1.161332315e-17,-1.647291151e-17,1.492406116e-33
9.084619939,33,trans,-1,-1,0.4122200124,0.01426261574,0.08312513421,-0.02549297241,-0.02808243666,0.008551725036
9.084619939,33,trans,-1,1,0.4122200124,0.01426261574,0.08312513421,0.02549297241,0.02808243666,0.008551725036
9.084619939,33,trans,1,-1,0.4122200124,-0.01426261604,-0.0831251337,-0.0254929724,-0.02808243672,0.008551724964
9.084619939,33,trans,1,1,0.4122200124,-0.01426261604,-0.0831251337,0.0254929724,0.02808243672,0.008551724963
9.084619939,33,refl,0,0,0.6916288572,-2.803209106e-13,1.300364713e-13,-0.1028600728,-0.1829077909,0.04403545453
9.084619939,33,refl,-1,0,0.5693311053,1.237222166e-17,2.964438349e-18,-5.197139275e-18,-1.611125808e-17,4.484426571e-34
9.084619939,33,refl,0,-1,0.5693311053,-1.967365379e-17,-4.944714322e-18,-9.891485222e-18,1.314808408e-17,6.822164483e-34
9.084619939,33,refl,0,1,0.5693311053,-3.390621915e-17,1.676753596e-17,1.218012216e-17,1.678833474e-17,1.860985519e-33
9.084619939,33,refl,1,0,0.5693311053,-3.099577918e-17,-9.888100589e-18,6.94619446e-18,1.495541398e-17,1.330426885e-33
9.084619939,33,refl,-1,-1,0.4122200124,0.01680749585,0.08142137378,0.02526351883,0.02215542055,0.008041040068
9.084619939,33,refl,-1,1,0.4122200124,0.01680749585,0.08142137378,-0.02526351883,-0.02215542055,0.008041040068
9.084619939,33,refl,1,-1,0.4122200124,-0.01680749615,-0.08142137328,0.02526351883,0.02215542062,0.00804104
9.084619939,33,refl,1,1,0.4122200124,-0.01680749615,-0.08142137328,-0.02526351883,-0.02215542062,0.008041039999
9.016314526,33.25,trans,0,0,0.6968684698,-1.940481021e-13,4.096039267e-14,0.901974141,-0.2064875149,0.8561944448
9.016314526,33.25,trans,-1,0,0.5756848925,2.269171578e-17,2.295387163e-17,-8.348533574e-18,1.959150345e-17,1.495319208e-33
9.016314526,33.25,trans,0,-1,0.5756848925,1.593339016e-17,-1.923810068e-17,1.745751487e-17,8.419972262e-18,9.996381978e-34
9.016314526,33.25,trans,0,1,0.5756848925,8.658909258e-20,1.416874019e-17,-1.821561555e-20,-6.683098095e-18,2.454248282e-34
9.016314526,33.25,trans,1,0,0.5756848925,5.760305197e-18,7.048039223e-18,-2.203954708e-17,-9.247345945e-18,6.541110155e-34
9.016314526,33.25,trans,-1,-1,0.4209519292,0.0120993013,0.08132024231,-0.0245246348,-0.02906710558,0.008205729241
9.016314526,33.25,trans,-1,1,0.4209519292,0.0120993013,0.08132024232,0.0245246348,0.02906710558,0.008205729241
9.016314526,33.25,trans,1,-1,0.4209519292,-0.01209930162,-0.08132024185,-0.02452463479,-0.02906710564,0.008205729176
9.016314526,33.25,trans,1,1,0.4209519292,-0.01209930162,-0.08132024185,0.02452463479,0.02906710564,0.008205729176
9.016314526,33.25,refl,0,0,0.6968684698,-2.009424007e-13,3.675712351e-14,-0.09453807209,-0.168901155,0.03746504724
9.016314526,33.25,refl,-1,0,0.5756848925,2.230969366e-17,2.540818724e-17,5.406675058e-18,-1.726769959e-17,1.470703994e-33
9.016314526,33.25,refl,0,-1,0.5756848925,1.558289606e-17,-1.756561092e-17,-1.804754109e-17,-1.140193882e-17,1.007095285e-33
9.016314526,33.25,refl,0,1,0.5756848925,-1.866554151e-19,1.289636961e-17,-6.726667131e-19,3.756185812e-18,1.809126016e-34
9.016314526,33.25,refl,1,0,0.5756848925,5.446197385e-18,9.624753947e-18,1.903611571e-17,7.957151322e-18,5.479869129e-34
9.016314526,33.25,refl,-1,-1,0.4209519292,0.01459565851,0.07949748205,0.02446428425,0.02315401938,0.007667492716
9.016314526,33.25,refl,-1,1,0.4209519292,0.01459565851,0.07949748205,-0.02446428425,-0.02315401938,0.007667492716
9.016314526,33.25,refl,1,-1,0.4209519292,-0.01459565883,-0.07949748159,0.02446428425,0.02315401945,0.007667492656
9.016314526,33.25,refl,1,1,0.4209519292,-0.01459565883,-0.07949748159,-0.02446428425,-0.02315401945,0.007667492656
8.949028597,33.5,trans,0,0,0.7021080824,-1.363039894e-13,-8.082993305e-15,0.9099876266,-0.1923141615,0.8650622173
8.949028597,33.5,trans,-1,0,0.5820164865,3.937490278e-18,5.035868632e-19,1.538693096e-17,9.42747922e-18,3.413924382e-34
8.949028597,33.5,trans,0,-1,0.5820164865,-1.476697385e-17,-1.293158114e-17,-3.600517521e-18,-2.039756134e-17,8.143135425e-34
8.949028597,33.5,trans,0,1,0.5820164865,-3.196031913e-17,1.236707948e-17,-2.36897187e-17,-2.90601085e-17,2.580099332e-33
8.949028597,33.5,trans,1,0,0.5820164865,-2.179098527e-17,-2.293980762e-17,1.003779367e-17,-2.617232942e-17,1.786829942e-33
8.949028597,33.5,trans,-1,-1,0.4295702757,0.01002100623,0.07959058511,-0.02355825642,-0.03014362614,0.007898711447
8.949028597,33.5,trans,-1,1,0.4295702757,0.01002100623,0.07959058511,0.02355825642,0.03014362614,0.007898711447
8.949028597,33.5,trans,1,-1,0.4295702757,-0.01002100658,-0.07959058467,-0.02355825641,-0.03014362621,0.007898711388
8.949028597,33.5,trans,1,1,0.4295702757,-0.01002100658,-0.07959058467,0.02355825641,0.03014362621,0.007898711388
8.949028597,33.5,refl,0,0,0.7021080824,-1.410861182e-13,-1.024174034e-14,-0.08657415399,-0.1547708555,0.03144910185
8.949028597,33.5,refl,-1,0,0.5820164865,3.97788492e-18,-1.947969431e-18,-1.604331532e-17,-7.136324128e-18,3.279332419e-34
8.949028597,33.5,refl,0,-1,0.5820164865,-1.130162478e-17,-1.145569017e-17,4.186321759e-18,1.849336374e-17,6.184893522e-34
8.949028597,33.5,refl,0,1,0.5820164865,-2.84113151e-17,1.071815846e-17,2.421007382e-17,2.722775947e-17,2.249560307e-33
8.949028597,33.5,refl,1,0,0.5820164865,-2.170871017e-17,-2.536711784e-17,-1.077332034e-17,2.483181892e-17,1.847442427e-33
8.949028597,33.5,refl,-1,-1,0.4295702757,0.0124683824,0.07763694693,0.0236535913,0.02422953132,0.007329518658
8.949028597,33.5,refl,-1,1,0.4295702757,0.0124683824,0.07763694693,-0.0236535913,-0.02422953131,0.007329518658
8.949028597,33.5,refl,1,-1,0.4295702757,-0.01246838274,-0.07763694651,0.0236535913,0.02422953138,0.007329518603
8.949028597,33.5,refl,1,1,0.4295702757,-0.01246838274,-0.07763694651,-0.0236535913,-0.02422953138,0.007329518603
8.882739496,33.75,trans,0,0,0.7073476949,-7.202538322e-14,-4.488576841e-14,0.9176519582,-0.1779740935,0.8737598944
8.882739496,33.75,trans,-1,0,0.5883266038,6.536637417e-18,1.414327293e-17,-2.746474379e-17,2.42479527e-17,1.58503516e-33
8.882739496,33.75,trans,0,-1,0.5883266038,-6.094005234e-18,-2.664159035e-18,-8.216658463e-19,-3.042599212e-17,9.706507744e-34
8.882739496,33.75,trans,0,1,0.5883266038,-1.236733976e-17,-1.374592538e-17,-1.598142344e-17,-3.407745538e-17,1.758580417e-33
8.882739496,33.75,trans,1,0,0.5883266038,-1.36488433e-17,-8.595094316e-18,-3.481621978e-17,3.228521561e-18,1.482759081e-33
8.882739496,33.75,trans,-1,-1,0.4380817549,0.008022278575,0.07792106066,-0.02259427069,-0.03132254289,0.00762765141
8.882739496,33.75,trans,-1,1,0.4380817549,0.008022278575,0.07792106066,0.02259427069,0.03132254289,0.00762765141
8.882739496,33.75,trans,1,-1,0.4380817549,-0.008022278958,-0.07792106025,-0.02259427069,-0.03132254296,0.007627651356
8.882739496,33.75,trans,1,1,0.4380817549,-0.008022278958,-0.07792106025,0.02259427069,0.03132254296,0.007627651356
8.882739496,33.75,refl,0,0,0.7073476949,-7.829382718e-14,-4.715046397e-14,-0.07895671016,-0.1404748026,0.02596733224
8.882739496,33.75,refl,-1,0,0.5883266038,5.608786139e-18,9.743826455e-18,2.935992759e-17,-2.222955204e-17,1.482558968e-33
8.882739496,33.75,refl,0,-1,0.5883266038,-2.773028274e-18,-1.557544004e-18,2.02594353e-19,2.972846712e-17,8.939384307e-34
8.882739496,33.75,refl,0,1,0.5883266038,-9.037206599e-18,-1.567694693e-17,1.528530629e-17,3.349169728e-17,1.682772143e-33
8.882739496,33.75,refl,1,0,0.5883266038,-1.480148803e-17,-1.308270825e-17,3.661477801e-17,-4.69094984e-18,1.752888282e-33
8.882739496,33.75,refl,-1,-1,0.4380817549,0.01042049134,0.07582641735,0.02283236991,0.02539393441,0.007024401229
8.882739496,33.75,refl,-1,1,0.4380817549,0.01042049134,0.07582641735,-0.02283236991,-0.02539393441,0.007024401229
8.882739496,33.75,refl,1,-1,0.4380817549,-0.01042049171,-0.07582641695,0.02283236991,0.02539393448,0.007024401179
8.882739496,33.75,refl,1,1,0.4380817549,-0.01042049171,-0.07582641695,-0.02283236991,-0.02539393448,0.007024401179
8.817425235,34,trans,0,0,0.7125873075,-5.241647643e-14,-5.28951524e-14,0.9249750554,-0.1634129967,0.8822826605
8.817425235,34,trans,-1,0,0.5946159281,1.2844395e-17,8.64981809e-18,4.443506624e-18,5.704820602e-19,2.598680368e-34
8.817425235,34,trans,0,-1,0.5946159281,2.567014945e-17,-5.684682754e-18,4.830356433e-18,1.208403773e-17,8.606285021e-34
8.817425235,34,trans,0,1,0.5946159281,-7.111412771e-18,1.547939129e-18,-7.88619996e-18,1.21673383e-17,2.632045782e-34
8.817425235,34,trans,1,0,0.5946159281,-1.996279848e-17,6.4490653e-18,1.21929118e-18,-1.964705844e-17,8.275973426e-34
8.817425235,34,trans,-1,-1,0.4464924784,0.006097873975,0.07629576494,-0.02163208766,-0.03261697445,0.007390042054
8.817425235,34,trans,-1,1,0.4464924784,0.006097873975,0.07629576494,0.02163208766,0.03261697445,0.007390042054
8.817425235,34,trans,1,-1,0.4464924784,-0.00609787439,-0.07629576456,-0.02163208765,-0.03261697452,0.007390042004
8.817425235,34,trans,1,1,0.4464924784,-0.00609787439,-0.07629576456,0.02163208765,0.03261697452,0.007390042004
8.817425235,34,refl,0,0,0.7125873075,-5.652168932e-14,-5.376802061e-14,-0.07167803743,-0.1259584635,0.02100327557
8.817425235,34,refl,-1,0,0.5946159281,1.289360529e-17,9.748557551e-18,-3.75857175e-18,1.649665597e-18,2.781276899e-34
8.817425235,34,refl,0,-1,0.5946159281,2.461726487e-17,-4.204377051e-18,-4.225073461e-18,-8.691070652e-18,7.170724711e-34
8.817425235,34,refl,0,1,0.5946159281,-8.119154303e-18,1.926715878e-19,8.456545694e-18,-8.641795378e-18,2.121515814e-34
8.817425235,34,refl,1,0,0.5946159281,-1.999813626e-17,7.68835966e-18,-6.258831104e-19,1.833766098e-17,7.95697868e-34
8.817425235,34,refl,-1,-1,0.4464924784,0.008446804614,0.07405160354,0.02200040501,0.02666162234,0.006749848421
8.817425235,34,refl,-1,1,0.4464924784,0.008446804614,0.07405160354,-0.02200040501,-0.02666162234,0.006749848421
8.817425235,34,refl,1,-1,0.4464924784,-0.008446805021,-0.07405160316,0.02200040501,0.02666162241,0.006749848375
8.817425235,34,refl,1,1,0.4464924784,-0.008446805021,-0.07405160316,-0.02200040501,-0.02666162241,0.006749848375
