f_THz,lam_um,Re_S11,Im_S11,Re_S21,Im_S21,absS11,absS21,absS11_cross,absS21_cross,R_total,T_total,A,R_higher,T_higher
10,29.9792458,-0.1651228297,0.3706859792,0.8332347721,0.3612961354,0.4058000051,0.9081933069,4.548285232e-06,4.766572513e-06,0.1646736441,0.8248150828,0.01051127308,0,0
10.024,29.90746788,-0.1662176527,0.3716880401,0.8321461278,0.362197206,0.4071612792,0.9075538519,4.941101898e-06,4.968911605e-06,0.1657803073,0.8236539941,0.01056569866,0,0
10.048,29.83603284,-0.1673193217,0.3726841588,0.8310497766,0.3631025508,0.4085207922,0.9069107969,5.349269776e-06,5.170508657e-06,0.1668892377,0.8224871936,0.01062356879,0,0
10.072,29.76493824,-0.1684277459,0.3736746145,0.8299458294,0.3640117729,0.4098787908,0.9062641174,5.761208585e-06,5.370286822e-06,0.1680006232,0.8213146506,0.01068472625,0,0
10.096,29.69418166,-0.1695428442,0.3746596811,0.8288343894,0.364924493,0.4112355197,0.9056137867,6.166763832e-06,5.567380269e-06,0.1691146527,0.8201363307,0.01074901658,0,0
10.12,29.62376067,-0.1706645445,0.3756396262,0.8277155524,0.3658403483,0.4125912208,0.904959776,6.55736998e-06,5.761092737e-06,0.1702315156,0.8189521961,0.0108162883,0,0
10.144,29.55367291,-0.171792784,0.3766147112,0.8265894066,0.3667589923,0.4139461334,0.9043020543,6.926150665e-06,5.950864521e-06,0.1713514014,0.8177622055,0.01088639308,0,0
10.168,29.48391601,-0.1729275086,0.377585191,0.8254560329,0.3676800947,0.4153004932,0.9036405891,7.267949831e-06,6.136246275e-06,0.1724744997,0.8165663143,0.01095918593,0,0
10.192,29.41448764,-0.1740686728,0.3785513132,0.8243155053,0.3686033405,0.4166545327,0.9029753457,7.579282634e-06,6.316878264e-06,0.1736009997,0.8153644749,0.0110345254,0,0
10.216,29.34538547,-0.1752162393,0.3795133186,0.8231678905,0.3695284301,0.4180084802,0.9023062876,7.858205704e-06,6.49247392e-06,0.1747310896,0.8141566367,0.01111227372,0,0
10.24,29.27660723,-0.176370179,0.3804714401,0.8220132487,0.3704550785,0.41936256,0.9016333768,8.104120526e-06,6.662806781e-06,0.1758649568,0.8129427462,0.01119229695,0,0
10.264,29.20815062,-0.1775304703,0.3814259032,0.820851633,0.371383015,0.4207169922,0.9009565735,8.317533736e-06,6.827700092e-06,0.1770027876,0.8117227473,0.01127446512,0,0
10.288,29.14001341,-0.1786970993,0.3823769253,0.8196830903,0.372311983,0.4220719918,0.9002758362,8.499801485e-06,6.987018496e-06,0.1781447664,0.8104965813,0.01135865234,0,0
10.312,29.07219337,-0.179870059,0.3833247158,0.8185076612,0.373241739,0.4234277694,0.8995911222,8.652882248e-06,7.140661387e-06,0.1792910759,0.8092641872,0.01144473691,0,0
10.336,29.00468827,-0.1810493496,0.3842694757,0.8173253797,0.3741720529,0.42478453,0.8989023871,8.779115979e-06,7.28855756e-06,0.180441897,0.8080255015,0.01153260144,0,0
10.36,28.93749595,-0.1822349774,0.3852113979,0.8161362743,0.375102707,0.4261424739,0.8982095852,8.881039878e-06,7.430660903e-06,0.1815974081,0.806780459,0.01162213291,0,0
10.384,28.87061421,-0.1834269553,0.3861506663,0.8149403673,0.3760334958,0.4275017953,0.8975126696,8.961244208e-06,7.566946919e-06,0.1827577851,0.8055289922,0.01171322272,0,0
10.408,28.80404093,-0.1846253018,0.3870874566,0.8137376755,0.3769642255,0.4288626834,0.8968115922,9.022266529e-06,7.697409913e-06,0.1839232013,0.8042710319,0.01180576682,0,0
10.432,28.73777396,-0.1858300414,0.3880219357,0.8125282104,0.3778947137,0.430225321,0.8961063036,9.066519625e-06,7.822060714e-06,0.1850938269,0.8030065074,0.01189966566,0,0
10.456,28.67181121,-0.1870412034,0.3889542616,0.8113119779,0.3788247889,0.4315898856,0.8953967535,9.096247021e-06,7.940924827e-06,0.1862698295,0.8017353462,0.01199482432,0,0
10.48,28.60615057,-0.1882588226,0.3898845836,0.8100889791,0.3797542897,0.4329565484,0.8946828905,9.113499792e-06,8.05404095e-06,0.1874513729,0.8004574747,0.01209115246,0,0
10.504,28.54078998,-0.1894829381,0.3908130422,0.8088592101,0.380683065,0.4343254745,0.8939646624,9.120128942e-06,8.161459767e-06,0.1886386179,0.7991728178,0.01218856437,0,0
10.528,28.47572739,-0.1907135936,0.391739769,0.8076226622,0.3816109733,0.4356968228,0.8932420162,9.117788525e-06,8.263242991e-06,0.1898317215,0.7978812995,0.01228697898,0,0
10.552,28.41096077,-0.1919508367,0.392664887,0.8063793225,0.382537882,0.4370707462,0.8925148978,9.107945709e-06,8.359462593e-06,0.1910308373,0.7965828429,0.01238631983,0,0
10.576,28.34648809,-0.1931947189,0.3935885102,0.8051291734,0.3834636674,0.4384473911,0.8917832528,9.091894886e-06,8.450200203e-06,0.1922361149,0.7952773701,0.01248651507,0,0
10.6,28.28230736,-0.1944452952,0.394510744,0.8038721935,0.384388214,0.4398268977,0.891047026,9.070773779e-06,8.535546642e-06,0.1934477,0.7939648026,0.01258749741,0,0
10.624,28.2184166,-0.1957026236,0.3954316851,0.8026083573,0.3853114145,0.4412093998,0.8903061615,9.04558011e-06,8.615601573e-06,0.1946657345,0.7926450613,0.01268920413,0,0
10.648,28.15481386,-0.1969667653,0.3963514216,0.8013376356,0.3862331686,0.4425950249,0.8895606032,9.017187895e-06,8.690473241e-06,0.1958903561,0.7913180669,0.01279157697,0,0
10.672,28.09149719,-0.1982377838,0.3972700333,0.8000599959,0.3871533835,0.4439838942,0.8888102944,8.986362809e-06,8.760278301e-06,0.1971216984,0.7899837395,0.01289456216,0,0
10.696,28.02846466,-0.1995157451,0.3981875914,0.798775402,0.388071973,0.4453761225,0.8880551779,8.953776297e-06,8.825141704e-06,0.1983598906,0.7886419991,0.01299811028,0,0
10.72,27.96571437,-0.2008007175,0.399104159,0.7974838147,0.3889888571,0.4467718186,0.8872951965,8.920018295e-06,8.885196652e-06,0.199605058,0.7872927658,0.01310217627,0,0
10.744,27.90324442,-0.2020927708,0.4000197909,0.796185192,0.3899039619,0.4481710847,0.8865302924,8.885608549e-06,8.940584583e-06,0.2008573212,0.7859359595,0.01320671928,0,0
10.768,27.84105293,-0.2033919766,0.4009345342,0.7948794888,0.3908172191,0.4495740171,0.885760408,8.851006576e-06,8.991455215e-06,0.2021167969,0.7845715005,0.01331170264,0,0
10.792,27.77913807,-0.2046984077,0.4018484278,0.7935666576,0.3917285654,0.4509807058,0.8849854852,8.816620349e-06,9.0379666e-06,0.2033835971,0.7831993091,0.01341709378,0,0
10.816,27.71749797,-0.2060121383,0.4027615032,0.7922466486,0.3926379427,0.452391235,0.8842054661,8.782813837e-06,9.080285219e-06,0.2046578296,0.7818193063,0.01352286409,0,0
10.84,27.65613081,-0.2073332431,0.4036737843,0.7909194095,0.393545297,0.4538056829,0.8834202925,8.749913496e-06,9.118586083e-06,0.2059395979,0.7804314132,0.01362898889,0,0
10.864,27.59503479,-0.2086617977,0.4045852878,0.7895848862,0.3944505789,0.4552241217,0.8826299064,8.718213854e-06,9.153052849e-06,0.207229001,0.7790355517,0.01373544724,0,0
10.888,27.53420812,-0.2099978783,0.4054960231,0.7882430225,0.3953537425,0.4566466179,0.8818342499,8.687982276e-06,9.183877943e-06,0.2085261338,0.7776316443,0.01384222193,0,0
10.912,27.47364901,-0.2113415612,0.4064059929,0.7868937606,0.3962547458,0.4580732327,0.881033265,8.659463025e-06,9.211262677e-06,0.2098310866,0.7762196141,0.0139492993,0,0
10.936,27.41335571,-0.2126929226,0.4073151929,0.7855370412,0.3971535496,0.4595040214,0.8802268941,8.632880712e-06,9.235417362e-06,0.2111439457,0.7747993851,0.01405666915,0,0
10.96,27.35332646,-0.2140520391,0.4082236124,0.7841728034,0.398050118,0.4609390341,0.8794150795,8.608443206e-06,9.256561402e-06,0.2124647932,0.7733708821,0.01416432462,0,0
10.984,27.29355954,-0.2154189867,0.4091312345,0.7828009853,0.3989444176,0.4623783157,0.878597764,8.586344093e-06,9.274923372e-06,0.2137937069,0.771934031,0.01427226207,0,0
11.008,27.23405323,-0.216793841,0.410038036,0.7814215238,0.3998364172,0.463821906,0.8777748905,8.566764722e-06,9.290741063e-06,0.2151307605,0.7704887585,0.01438048096,0,0
11.032,27.17480584,-0.2181766771,0.4109439881,0.7800343548,0.4007260881,0.4652698397,0.8769464022,8.549875921e-06,9.304261488e-06,0.2164760238,0.7690349925,0.0144889837,0,0
11.056,27.11581567,-0.2195675695,0.4118490561,0.7786394135,0.401613403,0.4667221471,0.8761122427,8.535839406e-06,9.315740853e-06,0.2178295626,0.7675726618,0.01459777556,0,0
11.08,27.05708105,-0.2209665917,0.4127532,0.7772366344,0.4024983364,0.4681788533,0.8752723557,8.52480894e-06,9.325444464e-06,0.2191914388,0.7661016967,0.01470686449,0,0
11.104,26.99860032,-0.2223738162,0.4136563746,0.7758259515,0.403380864,0.4696399796,0.8744266855,8.516931265e-06,9.333646577e-06,0.2205617105,0.7646220285,0.01481626103,0,0
11.128,26.94037185,-0.2237893147,0.4145585299,0.7744072982,0.4042609627,0.4711055424,0.8735751768,8.512346853e-06,9.340630178e-06,0.2219404322,0.7631335896,0.01492597817,0,0
11.152,26.88239401,-0.2252131575,0.415459611,0.772980608,0.4051386104,0.4725755545,0.8727177745,8.511190487e-06,9.346686679e-06,0.2233276548,0.7616363141,0.01503603119,0,0
11.176,26.82466518,-0.2266454137,0.4163595585,0.7715458138,0.4060137854,0.4740500243,0.8718544241,8.513591703e-06,9.352115527e-06,0.2247234256,0.7601301368,0.01514643753,0,0
11.2,26.76718375,-0.2280861512,0.417258309,0.7701028488,0.4068864666,0.4755289568,0.8709850713,8.519675119e-06,9.357223711e-06,0.2261277888,0.7586149945,0.01525721669,0,0
11.224,26.70994815,-0.2295354363,0.4181557947,0.7686516459,0.4077566331,0.4770123533,0.8701096624,8.529560654e-06,9.362325169e-06,0.2275407852,0.7570908247,0.01536839006,0,0
11.248,26.65295679,-0.2309933339,0.4190519444,0.7671921384,0.4086242643,0.4785002115,0.8692281442,8.543363672e-06,9.367740069e-06,0.2289624525,0.7555575667,0.01547998079,0,0
11.272,26.59620813,-0.2324599073,0.4199466833,0.7657242598,0.4094893391,0.4799925263,0.8683404637,8.56119505e-06,9.373793976e-06,0.2303928254,0.754015161,0.01559201364,0,0
11.296,26.5397006,-0.2339352184,0.420839933,0.7642479437,0.4103518367,0.4814892892,0.8674465686,8.58316119e-06,9.38081689e-06,0.2318319357,0.7524635494,0.01570451489,0,0
11.32,26.48343269,-0.2354193274,0.4217316123,0.7627631244,0.4112117353,0.4829904891,0.8665464068,8.609363984e-06,9.38914215e-06,0.2332798126,0.7509026752,0.01581751216,0,0
11.344,26.42740286,-0.2369122928,0.4226216371,0.7612697363,0.412069013,0.4844961121,0.8656399268,8.639900746e-06,9.399105213e-06,0.2347364827,0.749332483,0.01593103429,0,0
11.368,26.37160961,-0.2384141716,0.4235099206,0.7597677148,0.4129236468,0.486006142,0.8647270775,8.674864115e-06,9.411042294e-06,0.2362019701,0.7477529187,0.01604511124,0,0
11.392,26.31605144,-0.2399250189,0.4243963735,0.7582569955,0.4137756133,0.4875205601,0.8638078081,8.714341942e-06,9.425288888e-06,0.2376762966,0.7461639295,0.01615977389,0,0
11.416,26.26072687,-0.2414448883,0.4252809046,0.7567375148,0.4146248878,0.489039346,0.8628820684,8.758417163e-06,9.442178173e-06,0.239159482,0.744565464,0.01627505399,0,0
11.44,26.20563444,-0.2429738317,0.4261634204,0.7552092099,0.4154714447,0.4905624769,0.8619498083,8.807167663e-06,9.462039309e-06,0.2406515438,0.7429574722,0.01639098399,0,0
11.464,26.15077268,-0.2445118994,0.4270438257,0.7536720186,0.4163152571,0.4920899288,0.8610109784,8.860666149e-06,9.48519564e-06,0.2421524981,0.741339905,0.01650759691,0,0
11.488,26.09614015,-0.24605914,0.4279220238,0.7521258795,0.417156297,0.4936216758,0.8600655294,8.91898002e-06,9.511962843e-06,0.2436623589,0.7397127149,0.01662492625,0,0
11.512,26.04173541,-0.2476156004,0.4287979165,0.7505707323,0.4179945348,0.4951576908,0.8591134123,8.982171241e-06,9.542647013e-06,0.2451811388,0.7380758553,0.01674300583,0,0
11.536,25.98755704,-0.2491813262,0.4296714045,0.7490065171,0.4188299396,0.4966979456,0.8581545787,9.050296231e-06,9.577542742e-06,0.2467088492,0.7364292811,0.01686186972,0,0
11.56,25.93360363,-0.2507563612,0.4305423874,0.7474331752,0.419662479,0.4982424109,0.8571889802,9.123405759e-06,9.616931205e-06,0.2482455001,0.7347729478,0.01698155208,0,0
11.584,25.87987379,-0.252340748,0.431410764,0.7458506488,0.4204921188,0.4997910567,0.8562165686,9.201544852e-06,9.661078283e-06,0.2497911004,0.7331068125,0.0171020871,0,0
11.608,25.82636613,-0.2539345274,0.4322764324,0.7442588809,0.4213188234,0.5013438523,0.8552372962,9.284752711e-06,9.71023277e-06,0.2513456583,0.7314308329,0.01722350885,0,0
11.632,25.77307926,-0.2555377391,0.4331392903,0.7426578153,0.4221425554,0.5029007664,0.8542511152,9.373062635e-06,9.764624679e-06,0.252909181,0.7297449678,0.0173458512,0,0
11.656,25.72001184,-0.2571504214,0.4339992348,0.7410473971,0.4229632754,0.5044617677,0.853257978,9.466501958e-06,9.824463696e-06,0.2544816752,0.7280491771,0.01746914769,0,0
11.68,25.6671625,-0.2587726116,0.4348561631,0.7394275719,0.4237809424,0.5060268245,0.8522578373,9.565091988e-06,9.889937791e-06,0.2560631472,0.7263434213,0.0175934315,0,0
11.704,25.6145299,-0.2604043454,0.4357099722,0.7377982864,0.4245955136,0.5075959051,0.8512506456,9.668847944e-06,9.96121204e-06,0.257653603,0.7246276617,0.01771873527,0,0
11.728,25.56211272,-0.2620456577,0.436560559,0.7361594883,0.4254069441,0.5091689782,0.8502363556,9.777778902e-06,1.003842764e-05,0.2592530485,0.7229018604,0.0178450911,0,0
11.752,25.50990963,-0.2636965824,0.4374078208,0.7345111261,0.4262151872,0.5107460125,0.8492149199,9.891887728e-06,1.01217012e-05,0.2608614894,0.7211659802,0.0179725304,0,0
11.776,25.45791933,-0.2653571524,0.4382516552,0.732853149,0.4270201943,0.5123269773,0.848186291,1.001117101e-05,1.021112419e-05,0.2624789317,0.7194199844,0.01810108384,0,0
11.8,25.40614051,-0.2670273998,0.4390919602,0.7311855073,0.4278219147,0.5139118424,0.8471504216,1.013561897e-05,1.030676277e-05,0.2641053819,0.7176638369,0.01823078127,0,0
11.824,25.35457189,-0.268707356,0.4399286342,0.729508152,0.4286202957,0.5155005785,0.8461072637,1.026521537e-05,1.040865771e-05,0.2657408465,0.7158975018,0.01836165168,0,0
11.848,25.30321219,-0.2703970518,0.4407615763,0.7278210349,0.4294152828,0.5170931568,0.8450567696,1.039993741e-05,1.051682467e-05,0.2673853329,0.714120944,0.01849372307,0,0
11.872,25.25206014,-0.2720965173,0.4415906864,0.7261241085,0.4302068193,0.5186895498,0.8439988912,1.053975553e-05,1.063125466e-05,0.2690388491,0.7123341284,0.01862702245,0,0
11.896,25.20111449,-0.2738057824,0.4424158648,0.7244173262,0.4309948465,0.5202897307,0.8429335799,1.068463333e-05,1.075191467e-05,0.270701404,0.7105370203,0.01876157575,0,0
11.92,25.15037399,-0.2755248764,0.443237013,0.7227006417,0.4317793039,0.5218936742,0.8418607871,1.083452731e-05,1.087874854e-05,0.2723730073,0.7087295849,0.01889740779,0,0
11.944,25.09983741,-0.2772538286,0.4440540332,0.7209740098,0.4325601286,0.5235013561,0.8407804634,1.098938666e-05,1.101167794e-05,0.2740536699,0.7069117878,0.01903454222,0,0
11.968,25.04950351,-0.2789926679,0.4448668285,0.7192373856,0.4333372562,0.5251127535,0.8396925594,1.1149153e-05,1.115060354e-05,0.275743404,0.7050835945,0.01917300151,0,0
11.992,24.99937108,-0.2807414235,0.4456753031,0.7174907247,0.4341106198,0.526727845,0.8385970249,1.131376009e-05,1.129540618e-05,0.2774422228,0.7032449703,0.01931280686,0,0
12.016,24.94943891,-0.2825001245,0.446479362,0.7157339833,0.4348801509,0.5283466107,0.8374938092,1.148313347e-05,1.144594824e-05,0.2791501412,0.7013958806,0.01945397822,0,0
12.04,24.89970581,-0.2842688001,0.4472789115,0.7139671181,0.4356457787,0.5299690324,0.836382861,1.165719009e-05,1.160207494e-05,0.2808671755,0.6995362903,0.01959653425,0,0
12.064,24.85017059,-0.2860474798,0.4480738585,0.712190086,0.4364074306,0.5315950934,0.8352641283,1.183583793e-05,1.176361571e-05,0.2825933435,0.6976661642,0.01974049229,0,0
12.088,24.80083206,-0.2878361937,0.4488641113,0.7104028444,0.437165032,0.5332247788,0.8341375585,1.201897549e-05,1.193038561e-05,0.2843286649,0.6957854667,0.01988586837,0,0
12.112,24.75168907,-0.2896349721,0.449649579,0.7086053509,0.4379185065,0.5348580755,0.8330030982,1.220649133e-05,1.21021866e-05,0.2860731611,0.6938941617,0.02003267716,0,0
12.136,24.70274044,-0.2914438461,0.4504301718,0.7067975632,0.4386677755,0.5364949721,0.831860693,1.239826356e-05,1.227880886e-05,0.2878268552,0.6919922127,0.02018093203,0,0
12.16,24.65398503,-0.2932628474,0.4512058008,0.7049794393,0.4394127587,0.5381354591,0.8307102879,1.259415921e-05,1.246003205e-05,0.2895897725,0.6900795826,0.02033064498,0,0
12.184,24.6054217,-0.2950920083,0.4519763782,0.7031509373,0.4401533739,0.5397795288,0.8295518267,1.279403372e-05,1.264562647e-05,0.2913619399,0.6881562334,0.02048182669,0,0
12.208,24.55704931,-0.2969313621,0.4527418169,0.7013120153,0.4408895369,0.5414271757,0.8283852525,1.299773027e-05,1.283535412e-05,0.2931433867,0.6862221267,0.02063448654,0,0
12.232,24.50886674,-0.2987809432,0.4535020308,0.6994626313,0.4416211617,0.5430783958,0.8272105071,1.320507914e-05,1.302896972e-05,0.2949341442,0.6842772232,0.0207886326,0,0
12.256,24.46087288,-0.3006407868,0.4542569347,0.6976027433,0.4423481606,0.5447331874,0.8260275314,1.34158971e-05,1.322622163e-05,0.2967342456,0.6823214827,0.02094427165,0,0
12.28,24.41306661,-0.3025109293,0.4550064439,0.6957323091,0.4430704438,0.5463915504,0.824836265,1.362998669e-05,1.342685263e-05,0.2985437265,0.6803548642,0.02110140922,0,0
12.304,24.36544685,-0.3043914083,0.4557504746,0.6938512863,0.44378792,0.5480534869,0.8236366465,1.38471356e-05,1.363060067e-05,0.3003626247,0.6783773257,0.02126004963,0,0
12.328,24.31801249,-0.3062822626,0.4564889434,0.6919596324,0.4445004959,0.5497190008,0.8224286132,1.406711603e-05,1.383719948e-05,0.30219098,0.6763888239,0.02142019601,0,0
12.352,24.27076247,-0.3081835324,0.4572217677,0.6900573044,0.4452080765,0.5513880979,0.821212101,1.428968404e-05,1.404637907e-05,0.3040288347,0.674389315,0.02158185034,0,0
12.376,24.2236957,-0.3100952593,0.457948865,0.6881442589,0.4459105652,0.5530607859,0.8199870446,1.451457895e-05,1.425786622e-05,0.3058762331,0.6723787534,0.0217450135,0,0
12.4,24.17681113,-0.3120174863,0.4586701536,0.6862204522,0.4466078634,0.5547370742,0.8187533772,1.474152284e-05,1.447138478e-05,0.3077332218,0.6703570929,0.02190968532,0,0
12.424,24.13010769,-0.3139502579,0.4593855516,0.6842858401,0.4472998709,0.5564169744,0.8175110308,1.497022005e-05,1.468665599e-05,0.3095998496,0.6683242857,0.02207586463,0,0
12.448,24.08358435,-0.3158936201,0.4600949775,0.6823403778,0.4479864858,0.5581004995,0.8162599357,1.520035677e-05,1.490339861e-05,0.3114761678,0.6662802829,0.02224354932,0,0
12.472,24.03724006,-0.3178476208,0.4607983497,0.68038402,0.4486676046,0.5597876643,0.8150000209,1.543160073e-05,1.512132904e-05,0.3133622294,0.6642250343,0.02241273637,0,0
12.496,23.99107378,-0.3198123091,0.4614955867,0.6784167206,0.4493431219,0.5614784854,0.8137312136,1.566360105e-05,1.534016141e-05,0.3152580898,0.6621584882,0.02258342198,0,0
12.52,23.9450845,-0.3217877361,0.4621866066,0.676438433,0.4500129307,0.5631729809,0.8124534396,1.589598812e-05,1.55596075e-05,0.3171638067,0.6600805917,0.02275560157,0,0
12.544,23.89927121,-0.3237739543,0.4628713275,0.6744491098,0.4506769226,0.5648711705,0.811166623,1.612837372e-05,1.577937666e-05,0.3190794396,0.6579912906,0.02292926987,0,0
12.568,23.85363288,-0.3257710183,0.4635496666,0.672448703,0.451334987,0.5665730754,0.8098706864,1.636035129e-05,1.599917567e-05,0.3210050501,0.6558905289,0.02310442104,0,0
12.592,23.80816852,-0.3277789841,0.464221541,0.6704371634,0.4519870122,0.5682787182,0.8085655504,1.659149632e-05,1.621870855e-05,0.3229407018,0.6537782495,0.02328104865,0,0
12.616,23.76287714,-0.3297979095,0.4648868668,0.6684144415,0.4526328844,0.5699881227,0.8072511341,1.682136704e-05,1.643767625e-05,0.3248864603,0.6516543938,0.02345914585,0,0
12.64,23.71775775,-0.3318278541,0.4655455594,0.6663804864,0.4532724884,0.5717013142,0.8059273549,1.704950526e-05,1.665577643e-05,0.3268423929,0.6495189017,0.02363870541,0,0
12.664,23.67280938,-0.3338688791,0.4661975333,0.6643352468,0.4539057072,0.5734183189,0.8045941282,1.727543746e-05,1.687270304e-05,0.3288085688,0.6473717115,0.02381971977,0,0
12.688,23.62803105,-0.3359210476,0.4668427017,0.6622786701,0.4545324223,0.5751391644,0.8032513678,1.749867615e-05,1.708814597e-05,0.3307850587,0.6452127601,0.0240021812,0,0
12.712,23.58342181,-0.3379844243,0.4674809768,0.660210703,0.4551525134,0.5768638789,0.8018989854,1.771872139e-05,1.730179061e-05,0.3327719351,0.6430419831,0.02418608183,0,0
12.736,23.53898068,-0.3400590756,0.4681122693,0.6581312911,0.4557658585,0.5785924918,0.8005368911,1.793506272e-05,1.75133174e-05,0.3347692719,0.6408593144,0.02437141372,0,0
12.76,23.49470674,-0.3421450693,0.4687364885,0.6560403791,0.456372334,0.5803250332,0.7991649931,1.814718118e-05,1.772240135e-05,0.3367771444,0.6386646865,0.02455816902,0,0
12.784,23.45059903,-0.3442424753,0.4693535419,0.6539379106,0.4569718147,0.5820615337,0.7977831976,1.835455168e-05,1.792871152e-05,0.3387956294,0.6364580307,0.02474633998,0,0
12.808,23.40665662,-0.3463513645,0.4699633352,0.6518238285,0.4575641733,0.5838020248,0.7963914088,1.855664557e-05,1.813191044e-05,0.3408248045,0.6342392764,0.02493591909,0,0
12.832,23.36287858,-0.3484718098,0.4705657725,0.6496980743,0.4581492813,0.5855465383,0.7949895293,1.875293344e-05,1.833165362e-05,0.3428647488,0.632008352,0.02512689915,0,0
12.856,23.319264,-0.3506038852,0.4711607555,0.6475605888,0.4587270081,0.5872951063,0.7935774594,1.894288812e-05,1.852758894e-05,0.3449155422,0.6297651844,0.02531927334,0,0
12.88,23.27581196,-0.3527476663,0.4717481838,0.6454113117,0.4592972214,0.5890477613,0.7921550977,1.91259878e-05,1.871935609e-05,0.3469772654,0.6275096992,0.02551303535,0,0
12.904,23.23252154,-0.35490323,0.4723279548,0.6432501818,0.4598597872,0.5908045359,0.7907223408,1.930171936e-05,1.890658596e-05,0.34905,0.6252418206,0.02570817943,0,0
12.928,23.18939186,-0.3570706543,0.4728999633,0.6410771368,0.4604145696,0.5925654626,0.7892790833,1.946958174e-05,1.908890009e-05,0.3511338279,0.6229614716,0.0259047005,0,0
12.952,23.14642202,-0.3592500186,0.4734641016,0.6388921135,0.4609614311,0.5943305741,0.7878252177,1.962908934e-05,1.926591009e-05,0.3532288317,0.620668574,0.02610259423,0,0
12.976,23.10361113,-0.3614414031,0.4740202592,0.6366950479,0.461500232,0.5960999027,0.7863606349,1.977977543e-05,1.943721708e-05,0.3553350944,0.6183630485,0.0263018571,0,0
13,23.06095831,-0.3636448894,0.4745683228,0.6344858749,0.4620308309,0.5978734804,0.7848852235,1.992119556e-05,1.960241121e-05,0.357452699,0.6160448145,0.02650248652,0,0
13.024,23.01846268,-0.3658605597,0.4751081761,0.6322645285,0.4625530846,0.5996513388,0.7833988704,2.005293072e-05,1.976107113e-05,0.3595817286,0.6137137905,0.02670448089,0,0
13.048,22.97612339,-0.3680884971,0.4756397,0.6300309422,0.4630668478,0.6014335091,0.7819014603,2.017459044e-05,1.991276361e-05,0.3617222663,0.611369894,0.02690783969,0,0
13.072,22.93393957,-0.3703287853,0.4761627718,0.6277850483,0.4635719732,0.6032200216,0.7803928762,2.028581565e-05,2.005704314e-05,0.3638743949,0.6090130416,0.02711256354,0,0
13.096,22.89191035,-0.3725815089,0.4766772657,0.6255267786,0.4640683115,0.605010906,0.778872999,2.038628118e-05,2.019345168e-05,0.3660381968,0.6066431489,0.02731865428,0,0
13.12,22.85003491,-0.3748467526,0.4771830525,0.623256064,0.4645557116,0.6068061911,0.7773417077,2.047569802e-05,2.032151845e-05,0.368213754,0.604260131,0.02752611505,0,0
13.144,22.80831239,-0.3771246018,0.4776799996,0.6209728349,0.46503402,0.6086059048,0.7757988795,2.055381518e-05,2.044075987e-05,0.3704011477,0.6018639019,0.02773495035,0,0
13.168,22.76674195,-0.3794151419,0.4781679706,0.6186770211,0.4655030812,0.6104100736,0.7742443897,2.062042113e-05,2.055067965e-05,0.3726004584,0.5994543755,0.0279451661,0,0
13.192,22.72532277,-0.3817184586,0.4786468254,0.6163685516,0.4659627376,0.6122187233,0.7726781117,2.067534482e-05,2.065076897e-05,0.3748117656,0.5970314647,0.02815676973,0,0
13.216,22.68405403,-0.3840346375,0.4791164204,0.6140473552,0.4664128294,0.6140318779,0.7710999169,2.07184562e-05,2.074050693e-05,0.3770351475,0.5945950823,0.02836977018,0,0
13.24,22.64293489,-0.3863637641,0.4795766078,0.6117133602,0.4668531944,0.6158495603,0.7695096752,2.074966639e-05,2.081936113e-05,0.3792706814,0.5921451406,0.02858417802,0,0
13.264,22.60196457,-0.3887059236,0.4800272361,0.6093664945,0.4672836683,0.6176717919,0.7679072543,2.076892724e-05,2.088678853e-05,0.3815184429,0.5896815517,0.02880000545,0,0
13.288,22.56114223,-0.3910612008,0.4804681498,0.6070066857,0.4677040844,0.6194985922,0.7662925205,2.077623056e-05,2.094223656e-05,0.3837785062,0.5872042275,0.02901726637,0,0
13.312,22.5204671,-0.3934296802,0.480899189,0.6046338613,0.4681142737,0.6213299794,0.7646653382,2.077160682e-05,2.098514448e-05,0.3860509437,0.5847130799,0.02923597643,0,0
13.336,22.47993836,-0.3958114452,0.4813201902,0.6022479487,0.4685140647,0.6231659695,0.76302557,2.075512351e-05,2.101494512e-05,0.388335826,0.5822080209,0.02945615302,0,0
13.36,22.43955524,-0.3982065787,0.4817309852,0.5998488752,0.4689032835,0.6250065771,0.761373077,2.072688307e-05,2.10310669e-05,0.3906332219,0.5796889628,0.02967781536,0,0
13.384,22.39931695,-0.4006151627,0.482131402,0.5974365682,0.4692817537,0.6268518145,0.7597077184,2.068702056e-05,2.103293626e-05,0.3929431977,0.5771558178,0.0299009845,0,0
13.408,22.3592227,-0.4030372777,0.482521264,0.5950109552,0.4696492964,0.6287016919,0.7580293519,2.06357009e-05,2.101998044e-05,0.3952658178,0.5746084988,0.03012568334,0,0
13.432,22.31927174,-0.4054730034,0.4829003905,0.5925719641,0.47000573,0.6305562177,0.7563378338,2.057311604e-05,2.099163072e-05,0.3976011441,0.5720469193,0.03035193664,0,0
13.456,22.27946329,-0.407922418,0.4832685965,0.5901195229,0.4703508704,0.6324153978,0.7546330185,2.049948177e-05,2.094732599e-05,0.3999492358,0.5694709931,0.03057977107,0,0
13.48,22.23979659,-0.4103855979,0.4836256924,0.5876535604,0.4706845309,0.6342792361,0.7529147592,2.041503452e-05,2.088651689e-05,0.4023101498,0.5668806351,0.03080921517,0,0
13.504,22.20027088,-0.4128626183,0.4839714845,0.5851740056,0.4710065218,0.6361477339,0.7511829074,2.032002793e-05,2.08086702e-05,0.4046839398,0.5642757608,0.03104029939,0,0
13.528,22.16088542,-0.4153535522,0.4843057745,0.5826807883,0.4713166509,0.6380208904,0.7494373133,2.021472947e-05,2.071327382e-05,0.407070657,0.561656287,0.03127305603,0,0
13.552,22.12163946,-0.4178584708,0.4846283599,0.5801738393,0.4716147232,0.6398987021,0.7476778256,2.009941702e-05,2.059984201e-05,0.4094703493,0.5590221314,0.03150751933,0,0
13.576,22.08253226,-0.4203774433,0.4849390338,0.57765309,0.4719005406,0.6417811631,0.7459042918,1.997437542e-05,2.046792108e-05,0.4118830617,0.5563732129,0.03174372534,0,0
13.6,22.04356309,-0.4229105365,0.4852375847,0.5751184727,0.4721739024,0.6436682651,0.7441165579,1.983989312e-05,2.031709532e-05,0.4143088358,0.5537094522,0.03198171198,0,0
13.624,22.00473121,-0.4254578148,0.485523797,0.5725699213,0.4724346048,0.6455599969,0.7423144688,1.969625895e-05,2.014699326e-05,0.41674771,0.551030771,0.032221519,0,0
13.648,21.9660359,-0.4280193404,0.4857974506,0.5700073704,0.4726824412,0.647456345,0.740497868,1.954375891e-05,1.995729402e-05,0.4191997191,0.548337093,0.03246318791,0,0
13.672,21.92747645,-0.4305951725,0.4860583212,0.5674307563,0.4729172019,0.6493572931,0.7386665981,1.938267317e-05,1.974773379e-05,0.4216648945,0.5456283435,0.03270676198,0,0
13.696,21.88905213,-0.4331853678,0.4863061801,0.5648400166,0.4731386742,0.6512628222,0.7368205001,1.921327311e-05,1.951811227e-05,0.424143264,0.5429044498,0.03295228621,0,0
13.72,21.85076224,-0.4357899799,0.4865407944,0.5622350907,0.4733466422,0.6531729106,0.7349594144,1.903581855e-05,1.926829892e-05,0.4266348516,0.5401653412,0.03319980722,0,0
13.744,21.81260608,-0.4384090596,0.486761927,0.5596159194,0.473540887,0.6550875339,0.7330831801,1.885055514e-05,1.899823896e-05,0.4291396775,0.5374109493,0.03344937327,0,0
13.768,21.77458295,-0.4410426543,0.4869693367,0.5569824457,0.4737211865,0.657006665,0.7311916352,1.86577118e-05,1.870795894e-05,0.4316577581,0.5346412077,0.03370103415,0,0
13.792,21.73669214,-0.4436908084,0.487162778,0.5543346143,0.4738873156,0.6589302738,0.7292846169,1.84574983e-05,1.83975717e-05,0.4341891061,0.5318560528,0.03395484113,0,0
13.816,21.69893298,-0.4463535629,0.4873420014,0.5516723721,0.4740390457,0.6608583278,0.7273619615,1.825010301e-05,1.806728062e-05,0.4367337297,0.5290554234,0.03421084689,0,0
13.84,21.66130477,-0.449030955,0.4875067536,0.5489956684,0.4741761452,0.6627907915,0.7254235043,1.803569061e-05,1.771738301e-05,0.4392916336,0.5262392609,0.03446910548,0,0
13.864,21.62380684,-0.4517230187,0.4876567771,0.5463044545,0.4742983791,0.6647276268,0.7234690798,1.781439995e-05,1.734827251e-05,0.4418628182,0.5234075097,0.03472967216,0,0
13.888,21.58643851,-0.4544297841,0.4877918106,0.5435986844,0.4744055091,0.6666687927,0.7214985217,1.75863419e-05,1.696044031e-05,0.4444472795,0.5205601171,0.03499260339,0,0
13.912,21.54919911,-0.4571512776,0.4879115892,0.5408783149,0.4744972937,0.6686142457,0.719511663,1.735159719e-05,1.655447528e-05,0.4470450098,0.5176970335,0.0352579567,0,0
13.936,21.51208797,-0.4598875217,0.4880158441,0.5381433051,0.4745734879,0.6705639393,0.717508336,1.711021423e-05,1.613106272e-05,0.4496559969,0.5148182124,0.03552579062,0,0
13.96,21.47510444,-0.4626385348,0.4881043027,0.5353936173,0.4746338434,0.6725178245,0.7154883721,1.686220681e-05,1.569098187e-05,0.4522802245,0.5119236109,0.03579616456,0,0
13.984,21.43824785,-0.4654043315,0.4881766892,0.5326292166,0.4746781085,0.6744758496,0.7134516025,1.660755176e-05,1.523510213e-05,0.454917672,0.5090131893,0.0360691387,0,0
14.008,21.40151756,-0.4681849221,0.4882327241,0.5298500715,0.4747060281,0.6764379603,0.7113978574,1.634618635e-05,1.476437799e-05,0.4575683144,0.5060869117,0.03634477392,0,0
14.032,21.36491291,-0.4709803127,0.4882721245,0.5270561535,0.4747173438,0.6784040997,0.7093269665,1.607800549e-05,1.42798428e-05,0.4602321227,0.5031447456,0.03662313166,0,0
14.056,21.32843327,-0.4737905051,0.4882946042,0.5242474375,0.4747117935,0.6803742082,0.7072387592,1.580285869e-05,1.378260154e-05,0.4629090635,0.5001866627,0.03690427378,0,0
14.08,21.29207798,-0.476615497,0.4882998738,0.5214239019,0.4746891118,0.682348224,0.7051330643,1.55205466e-05,1.327382268e-05,0.465599099,0.4972126385,0.03718826251,0,0
14.104,21.25584643,-0.4794552814,0.4882876409,0.5185855288,0.4746490298,0.6843260825,0.7030097099,1.523081717e-05,1.27547293e-05,0.4683021874,0.4942226524,0.03747516026,0,0
14.128,21.21973797,-0.4823098471,0.4882576098,0.5157323041,0.4745912752,0.6863077168,0.700868524,1.493336123e-05,1.222658983e-05,0.4710182823,0.4912166882,0.03776502952,0,0
14.152,21.18375198,-0.4851791782,0.488209482,0.5128642174,0.4745155721,0.6882930577,0.6987093342,1.462780755e-05,1.16907085e-05,0.4737473335,0.4881947338,0.03805793276,0,0
14.176,21.14788784,-0.4880632545,0.4881429561,0.5099812623,0.4744216412,0.6902820336,0.6965319673,1.4313717e-05,1.114841588e-05,0.4764892861,0.4851567816,0.03835393223,0,0
14.2,21.11214493,-0.4909620509,0.488057728,0.5070834366,0.4743091996,0.6922745708,0.6943362503,1.399057599e-05,1.060105981e-05,0.4792440815,0.4821028286,0.03865308991,0,0
14.224,21.07652264,-0.4938755381,0.4879534908,0.5041707422,0.474177961,0.6942705931,0.6921220095,1.365778875e-05,1.004999695e-05,0.4820116566,0.4790328761,0.0389554673,0,0
14.248,21.04102035,-0.496803682,0.4878299352,0.5012431855,0.4740276355,0.6962700224,0.689889071,1.33146684e-05,9.496585384e-06,0.4847919443,0.4759469304,0.03926112534,0,0
14.272,21.00563747,-0.4997464437,0.4876867491,0.4983007772,0.4738579299,0.6982727785,0.6876372607,1.296042656e-05,8.942178768e-06,0.4875848734,0.4728450024,0.03957012424,0,0
14.296,20.97037339,-0.5027037798,0.4875236183,0.4953435326,0.4736685472,0.7002787792,0.6853664041,1.259416114e-05,8.388122336e-06,0.4903903687,0.4697271079,0.03988252335,0,0
14.32,20.93522751,-0.5056756422,0.487340226,0.4923714716,0.4734591871,0.7022879402,0.6830763265,1.221484211e-05,7.835751613e-06,0.4932083511,0.4665932679,0.04019838102,0,0
14.344,20.90019925,-0.5086619782,0.4871362533,0.4893846188,0.4732295457,0.7043001755,0.680766853,1.182129469e-05,7.286394643e-06,0.4960387374,0.4634435081,0.04051775446,0,0
14.368,20.865288,-0.5116627302,0.486911379,0.486383004,0.4729793158,0.7063153973,0.6784378083,1.141217958e-05,6.741379108e-06,0.4988814406,0.4602778598,0.04084069962,0,0
14.392,20.83049319,-0.5146778361,0.48666528,0.4833666616,0.4727081864,0.7083335159,0.6760890172,1.098596954e-05,6.202046416e-06,0.5017363698,0.4570963592,0.041167271,0,0
14.416,20.79581423,-0.517707229,0.486397631,0.4803356313,0.4724158435,0.71035444,0.6737203039,1.054092167e-05,5.669776107e-06,0.5046034305,0.4538990479,0.04149752158,0,0
14.44,20.76125055,-0.5207508375,0.4861081047,0.4772899578,0.472101969,0.7123780768,0.6713314926,1.007504451e-05,5.146026205e-06,0.5074825244,0.450685973,0.04183150263,0,0
14.464,20.72680158,-0.5238085854,0.4857963721,0.4742296911,0.471766242,0.7144043318,0.6689224073,9.586058933e-06,4.632399281e-06,0.5103735494,0.447457187,0.04216926358,0,0
14.488,20.69246673,-0.5268803919,0.4854621022,0.4711548866,0.4714083376,0.7164331092,0.6664928717,9.071351682e-06,4.130751745e-06,0.5132764001,0.444212748,0.04251085192,0,0
14.512,20.65824545,-0.5299661714,0.4851049622,0.4680656052,0.4710279279,0.7184643117,0.6640427092,8.527920531e-06,3.643378948e-06,0.5161909673,0.4409527197,0.04285631305,0,0
14.536,20.62413718,-0.533065834,0.4847246177,0.4649619132,0.4706246814,0.7204978406,0.6615717432,7.952310106e-06,3.173338485e-06,0.5191171384,0.4376771715,0.04320569013,0,0
14.56,20.59014135,-0.536179285,0.4843207324,0.4618438825,0.4701982631,0.7225335961,0.6590797967,7.340538754e-06,2.725034021e-06,0.5220547975,0.4343861785,0.043559024,0,0
14.584,20.55625741,-0.5393064252,0.4838929685,0.4587115909,0.4697483348,0.724571477,0.6565666925,6.688020074e-06,2.305297757e-06,0.5250038253,0.4310798217,0.04391635303,0,0
14.608,20.5224848,-0.5424471509,0.4834409866,0.4555651217,0.4692745549,0.726611381,0.654032253,5.989492114e-06,1.925392793e-06,0.527964099,0.427758188,0.04427771298,0,0
14.632,20.48882299,-0.5456013537,0.4829644456,0.4524045644,0.4687765782,0.7286532048,0.6514763005,5.238994726e-06,1.60438004e-06,0.5309354929,0.4244213701,0.04464313696,0,0
14.656,20.45527142,-0.548768921,0.4824630028,0.449230014,0.4682540566,0.730696844,0.6488986569,4.430024092e-06,1.372652084e-06,0.5339178778,0.421069467,0.04501265525,0,0
14.68,20.42182956,-0.5519497355,0.4819363141,0.4460415718,0.4677066383,0.732742193,0.6462991438,3.556326965e-06,1.267299932e-06,0.5369111215,0.4177025833,0.04538629523,0,0
14.704,20.38849687,-0.5551436756,0.4813840338,0.4428393452,0.4671339684,0.7347891457,0.6436775824,2.615401146e-06,1.306857928e-06,0.5399150886,0.4143208301,0.04576408128,0,0
14.728,20.35527281,-0.5583506152,0.4808058144,0.4396234477,0.4665356887,0.7368375945,0.6410337936,1.628228923e-06,1.468968479e-06,0.5429296407,0.4109243246,0.04614603468,0,0
14.752,20.32215686,-0.5615704239,0.4802013072,0.4363939989,0.4659114376,0.7388874315,0.6383675979,8.356682845e-07,1.710106486e-06,0.5459546364,0.40751319,0.04653217355,0,0
14.776,20.28914848,-0.5648029667,0.4795701617,0.4331511249,0.4652608505,0.7409385475,0.6356788152,1.35826739e-06,1.994129208e-06,0.5489899312,0.4040875561,0.04692251274,0,0
14.8,20.25624716,-0.5680481045,0.4789120259,0.4298949581,0.4645835594,0.7429908328,0.632967265,2.703382802e-06,2.298616834e-06,0.5520353776,0.4006475586,0.04731706377,0,0
14.824,20.22345237,-0.5713056938,0.4782265461,0.4266256372,0.463879193,0.7450441767,0.6302327665,4.339205762e-06,2.610749584e-06,0.5550908252,0.39719334,0.04771583478,0,0
14.848,20.1907636,-0.5745755867,0.477513367,0.4233433075,0.4631473772,0.7470984677,0.6274751382,6.239472398e-06,2.92315926e-06,0.5581561205,0.393725049,0.04811883047,0,0
14.872,20.15818034,-0.5778576309,0.4767721317,0.420048121,0.4623877343,0.7491535938,0.6246941978,8.446410815e-06,3.231465634e-06,0.5612311072,0.3902428407,0.04852605202,0,0
14.896,20.12570207,-0.58115167,0.4760024815,0.416740236,0.4615998837,0.7512094421,0.6218897627,1.103041475e-05,3.532961902e-06,0.564315626,0.3867468769,0.04893749711,0,0
14.92,20.09332828,-0.584457543,0.4752040557,0.4134198179,0.4607834416,0.7532658987,0.6190616495,1.409059201e-05,3.825915937e-06,0.5674095143,0.3832373259,0.04935315982,0,0
14.944,20.06105849,-0.5877750848,0.4743764921,0.4100870385,0.4599380211,0.7553228493,0.6162096741,1.77643088e-05,4.109187965e-06,0.5705126069,0.3797143624,0.04977303067,0,0
14.968,20.02889217,-0.5911041259,0.4735194264,0.4067420765,0.4590632323,0.7573801785,0.6133336516,2.22435122e-05,4.382013152e-06,0.5736247353,0.3761781681,0.05019709655,0,0
14.992,19.99682884,-0.5944444922,0.4726324923,0.4033851178,0.4581586822,0.7594377704,0.6104333963,2.779942894e-05,4.643872949e-06,0.5767457279,0.3726289313,0.05062534074,0,0
15.016,19.96486801,-0.5977960055,0.4717153216,0.4000163548,0.4572239746,0.7614955081,0.6075087218,3.481700412e-05,4.894416024e-06,0.57987541,0.3690668471,0.05105774293,0,0
15.04,19.93300918,-0.6011584829,0.4707675437,0.3966359871,0.4562587105,0.7635532737,0.6045594406,4.383291815e-05,5.133407932e-06,0.5830136037,0.3654921172,0.05149427913,0,0
15.064,19.90125186,-0.6045317371,0.469788786,0.3932442216,0.4552624877,0.7656109486,0.6015853643,5.553604189e-05,5.360698047e-06,0.5861601277,0.3619049505,0.05193492177,0,0
15.088,19.86959557,-0.6079155763,0.4687786735,0.3898412721,0.4542349011,0.7676684132,0.5985863035,7.056165904e-05,5.57619721e-06,0.5893147976,0.3583055628,0.05237963964,0,0
15.112,19.83803984,-0.6113098039,0.4677368287,0.3864273596,0.4531755427,0.7697255467,0.5955620679,8.857928206e-05,5.779862243e-06,0.5924774251,0.3546941768,0.05282839812,0,0
15.136,19.80658417,-0.6147142189,0.4666628717,0.3830027126,0.4520840015,0.7717822275,0.5925124659,0.0001061066032,5.971684996e-06,0.5956478179,0.3510710222,0.05328115982,0,0
15.16,19.7752281,-0.6181286151,0.4655564199,0.3795675668,0.4509598635,0.7738383326,0.5894373047,0.0001157738536,6.151684465e-06,0.5988257783,0.3474363363,0.0537378854,0,0
15.184,19.74397115,-0.6215527819,0.464417088,0.3761221656,0.4498027118,0.7758937377,0.5863363906,0.0001135045101,6.319901072e-06,0.6020111051,0.343790363,0.05419853183,0,0
15.208,19.71281286,-0.6249865032,0.4632444878,0.3726667595,0.4486121269,0.7779483175,0.5832095284,0.0001038137429,6.476392479e-06,0.6052035955,0.3401333541,0.05466305043,0,0
15.232,19.68175276,-0.6284295582,0.4620382283,0.3692016072,0.447387686,0.7800019449,0.5800565216,9.26571915e-05,6.621230567e-06,0.6084030426,0.3364655683,0.055131389,0,0
15.256,19.65079038,-0.6318817206,0.4607979153,0.3657269745,0.4461289638,0.7820544914,0.5768771725,8.27447947e-05,6.754499288e-06,0.6116092344,0.3327872722,0.05560349333,0,0
15.28,19.61992526,-0.6353427588,0.4595231514,0.3622431355,0.4448355319,0.7841058269,0.5736712819,7.461994565e-05,6.876293223e-06,0.6148219534,0.3290987397,0.05607930688,0,0
15.304,19.58915695,-0.6388124356,0.4582135359,0.3587503718,0.4435069595,0.7861558194,0.5704386491,6.809431589e-05,6.986716724e-06,0.6180409771,0.3254002524,0.0565587705,0,0
15.328,19.55848499,-0.6422905081,0.4568686649,0.3552489732,0.4421428127,0.788204335,0.5671790721,6.284367184e-05,7.085883565e-06,0.6212660777,0.3216920998,0.05704182243,0,0
15.352,19.52790894,-0.6457767275,0.4554881306,0.3517392376,0.4407426549,0.7902512378,0.5638923472,5.857780795e-05,7.173917044e-06,0.6244970223,0.3179745792,0.05752839844,0,0
15.376,19.49742833,-0.6492708387,0.454071522,0.3482214711,0.439306047,0.7922963897,0.5605782692,5.50703559e-05,7.25095053e-06,0.6277335721,0.3142479959,0.05801843198,0,0
15.4,19.46704273,-0.6527725805,0.4526184241,0.3446959878,0.437832547,0.79433965,0.5572366313,5.215171461e-05,7.317128435e-06,0.6309754823,0.3105126633,0.05851185436,0,0
15.424,19.43675169,-0.6562816849,0.451128418,0.3411631107,0.4363217104,0.7963808759,0.5538672251,4.969580262e-05,7.372607636e-06,0.634222502,0.3067689031,0.05900859494,0,0
15.448,19.40655476,-0.6597978774,0.4496010811,0.3376231711,0.4347730899,0.7984199215,0.5504698405,4.760841795e-05,7.41755936e-06,0.6374743733,0.3030170454,0.05950858129,0,0
15.472,19.37645153,-0.663320876,0.4480359864,0.3340765089,0.4331862359,0.8004566382,0.5470442658,4.58184492e-05,7.4521716e-06,0.6407308318,0.2992574288,0.06001173943,0,0
15.496,19.34644153,-0.6668503917,0.4464327033,0.3305234729,0.431560696,0.8024908744,0.5435902874,4.427155328e-05,7.476652085e-06,0.6439916055,0.2954904006,0.06051799397,0,0
15.52,19.31652436,-0.6703861278,0.4447907964,0.3269644209,0.4298960156,0.8045224751,0.54010769,4.29256701e-05,7.491231913e-06,0.6472564147,0.2917163169,0.06102726838,0,0
15.544,19.28669956,-0.6739277794,0.4431098265,0.3233997199,0.4281917374,0.8065512818,0.5365962568,4.174783823e-05,7.496169911e-06,0.650524972,0.2879355429,0.06153948516,0,0
15.568,19.25696673,-0.6774750337,0.4413893497,0.3198297458,0.4264474019,0.8085771326,0.533055769,4.071191816e-05,7.491757851e-06,0.653796981,0.2841484529,0.06205456609,0,0
15.592,19.22732542,-0.681027569,0.439628918,0.3162548842,0.424662547,0.8105998614,0.5294860061,3.979694751e-05,7.478326639e-06,0.6570721369,0.2803554307,0.06257243244,0,0
15.616,19.19777523,-0.6845850549,0.4378280786,0.3126755302,0.4228367087,0.8126192982,0.5258867458,3.898593944e-05,7.456253631e-06,0.6603501253,0.2765568695,0.06309300522,0,0
15.64,19.16831573,-0.6881471514,0.4359863746,0.3090920887,0.4209694205,0.8146352686,0.5222577642,3.826499413e-05,7.425971254e-06,0.6636306223,0.2727531723,0.06361620538,0,0
15.664,19.1389465,-0.6917135091,0.4341033443,0.3055049745,0.4190602138,0.8166475936,0.5185988356,3.762263433e-05,7.387977113e-06,0.6669132936,0.2689447523,0.06414195412,0,0
15.688,19.10966713,-0.6952837683,0.4321785215,0.3019146125,0.4171086181,0.8186560896,0.5149097324,3.704930271e-05,7.342845797e-06,0.6701977943,0.2651320326,0.06467017306,0,0
15.712,19.08047721,-0.698857559,0.4302114357,0.2983214379,0.4151141608,0.8206605676,0.5111902256,3.653697756e-05,7.291242598e-06,0.6734837686,0.2613154468,0.06520078455,0,0
15.736,19.05137633,-0.7024345002,0.4282016118,0.2947258965,0.4130763674,0.8226608338,0.5074400845,3.607887588e-05,7.23393934e-06,0.6767708487,0.2574954394,0.06573371188,0,0
15.76,19.02236409,-0.7060141995,0.4261485701,0.2911284448,0.4109947616,0.8246566884,0.5036590766,3.566922186e-05,7.171832492e-06,0.680058655,0.2536724655,0.06626887955,0,0
15.784,18.99344007,-0.7095962528,0.4240518268,0.2875295502,0.4088688654,0.8266479261,0.4998469679,3.530306466e-05,7.105963661e-06,0.6833467951,0.2498469914,0.06680621354,0,0
15.808,18.96460387,-0.7131802438,0.4219108934,0.2839296915,0.4066981993,0.8286343356,0.4960035232,3.497613366e-05,7.037542411e-06,0.6866348634,0.2460194951,0.06734564152,0,0
15.832,18.9358551,-0.7167657435,0.4197252775,0.2803293586,0.4044822823,0.8306156991,0.4921285056,3.46847227e-05,6.96797116e-06,0.6899224408,0.242190466,0.06788709318,0,0
15.856,18.90719337,-0.7203523096,0.4174944823,0.2767290534,0.4022206319,0.8325917923,0.4882216768,3.442559662e-05,6.898871556e-06,0.6932090939,0.2383604058,0.06843050038,0,0
15.88,18.87861826,-0.7239394862,0.4152180073,0.2731292893,0.3999127647,0.8345623843,0.4842827976,3.41959154e-05,6.832111253e-06,0.6964943744,0.2345298281,0.0689757975,0,0
15.904,18.8501294,-0.7275268033,0.412895348,0.2695305921,0.397558196,0.8365272368,0.4803116273,3.399317197e-05,6.769829392e-06,0.6997778191,0.2306992593,0.06952292162,0,0
15.928,18.82172639,-0.7311137762,0.4105259961,0.2659335002,0.3951564402,0.8384861044,0.4763079243,3.381514113e-05,6.714458276e-06,0.7030589484,0.2268692388,0.0700718128,0,0
15.952,18.79340885,-0.7346999051,0.40810944,0.2623385643,0.3927070113,0.8404387339,0.4722714463,3.365983703e-05,6.668737839e-06,0.7063372666,0.2230403191,0.07062241431,0,0
15.976,18.76517639,-0.7382846743,0.4056451648,0.2587463484,0.3902094222,0.8423848645,0.46820195,3.352547782e-05,6.635718685e-06,0.7096122611,0.219213066,0.07117467284,0,0
16,18.73702863,-0.7418675521,0.4031326526,0.2551574295,0.387663186,0.8443242271,0.4640991916,3.341045591e-05,6.61874888e-06,0.7128834015,0.2153880597,0.07172853878,0,0
16.024,18.70896518,-0.7454479899,0.400571383,0.2515723984,0.3850678153,0.8462565441,0.4599629268,3.331331286e-05,6.621439859e-06,0.7161501395,0.2115658941,0.07228396639,0,0
16.048,18.68098567,-0.7490254219,0.3979608327,0.2479918596,0.3824228228,0.8481815295,0.4557929111,3.323271809e-05,6.647607992e-06,0.7194119081,0.2077471779,0.07284091404,0,0
16.072,18.65308972,-0.7525992645,0.3953004766,0.2444164316,0.3797277217,0.8500988882,0.4515889001,3.316745057e-05,6.701191049e-06,0.7226681209,0.2039325347,0.07339934439,0,0
16.096,18.62527696,-0.7561689158,0.3925897879,0.2408467477,0.3769820254,0.8520083162,0.4473506492,3.311638324e-05,6.786142896e-06,0.725918172,0.2001226034,0.07395922462,0,0
16.12,18.59754702,-0.7597337549,0.3898282384,0.2372834556,0.3741852484,0.8539094998,0.4430779146,3.307846936e-05,6.906314722e-06,0.729161435,0.1963180385,0.07452052656,0,0
16.144,18.56989953,-0.7632931416,0.3870152988,0.2337272183,0.3713369061,0.8558021159,0.438770453,3.305273079e-05,7.065335641e-06,0.7323972626,0.1925195105,0.07508322692,0,0
16.168,18.54233412,-0.7668464156,0.3841504395,0.2301787141,0.3684365153,0.8576858313,0.4344280219,3.303824759e-05,7.266508107e-06,0.7356249863,0.1887277063,0.0756473074,0,0
16.192,18.51485042,-0.7703928963,0.3812331306,0.226638637,0.3654835944,0.859560303,0.4300503802,3.303414894e-05,7.512732787e-06,0.7388439156,0.1849433296,0.07621275483,0,0
16.216,18.48744808,-0.7739318819,0.3782628429,0.2231076971,0.3624776638,0.8614251774,0.4256372884,3.30396051e-05,7.806473181e-06,0.7420533373,0.1811671013,0.07677956134,0,0
16.24,18.46012672,-0.7774626495,0.3752390481,0.2195866208,0.3594182464,0.8632800904,0.4211885087,3.305382016e-05,8.149763377e-06,0.7452525156,0.1773997599,0.07734772446,0,0
16.264,18.43288601,-0.7809844536,0.3721612195,0.2160761512,0.3563048674,0.8651246673,0.4167038056,3.307602562e-05,8.544255006e-06,0.7484406911,0.1736420617,0.07791724717,0,0
16.288,18.40572556,-0.7844965267,0.3690288324,0.2125770483,0.3531370553,0.8669585224,0.4121829464,3.310547459e-05,8.991293859e-06,0.7516170806,0.1698947814,0.07848813805,0,0
16.312,18.37864505,-0.787998078,0.365841365,0.2090900897,0.349914342,0.8687812586,0.4076257012,3.314143649e-05,9.492013945e-06,0.7547808763,0.1661587124,0.07906041128,0,0
16.336,18.3516441,-0.7914882934,0.3625982988,0.2056160703,0.346636263,0.8705924677,0.4030318439,3.318319237e-05,1.004743715e-05,0.7579312459,0.1624346673,0.07963408673,0,0
16.36,18.32472237,-0.7949663347,0.3592991197,0.2021558033,0.3433023585,0.8723917301,0.3984011523,3.323003052e-05,1.065856911e-05,0.7610673318,0.1587234783,0.08020918996,0,0
16.384,18.29787952,-0.7984313395,0.355943318,0.1987101201,0.3399121728,0.8741786142,0.3937334086,3.328124266e-05,1.132648533e-05,0.7641882506,0.1550259972,0.0807857522,0,0
16.408,18.27111519,-0.8018824205,0.3525303899,0.1952798704,0.3364652559,0.8759526769,0.3890284002,3.333612045e-05,1.205240467e-05,0.7672930933,0.1513430963,0.08136381039,0,0
16.432,18.24442904,-0.8053186653,0.3490598378,0.1918659233,0.332961163,0.877713463,0.3842859204,3.339395249e-05,1.283774989e-05,0.7703809242,0.1476756688,0.08194340708,0,0
16.456,18.21782073,-0.8087391358,0.3455311712,0.1884691668,0.3293994557,0.8794605051,0.3795057683,3.345402174e-05,1.368419651e-05,0.7734507812,0.1440246284,0.0825245904,0,0
16.48,18.19128993,-0.8121428681,0.3419439077,0.1850905082,0.3257797021,0.881193324,0.3746877507,3.351560355e-05,1.459371191e-05,0.7765016753,0.1403909107,0.08310741396,0,0
16.504,18.16483628,-0.8155288718,0.3382975737,0.1817308751,0.3221014775,0.8829114277,0.3698316816,3.357796427e-05,1.556858673e-05,0.7795325903,0.136775473,0.08369193674,0,0
16.528,18.13845946,-0.8188961302,0.3345917054,0.1783912146,0.3183643649,0.8846143122,0.3649373841,3.364036065e-05,1.661146039e-05,0.7825424825,0.1331792946,0.08427822298,0,0
16.552,18.11215913,-0.8222435994,0.3308258496,0.1750724943,0.3145679557,0.8863014609,0.3600046902,3.370204024e-05,1.77253421e-05,0.7855302807,0.1296033773,0.08486634199,0,0
16.576,18.08593497,-0.8255702087,0.3269995648,0.1717757022,0.31071185,0.8879723447,0.3550334429,3.376224295e-05,1.8913628e-05,0.7884948861,0.126048746,0.08545636798,0,0
16.6,18.05978663,-0.82887486,0.3231124219,0.1685018472,0.3067956575,0.889626422,0.3500234963,3.382020419e-05,2.018011446e-05,0.7914351718,0.1225164483,0.08604837987,0,0
16.624,18.03371379,-0.8321564274,0.3191640055,0.1652519589,0.3028189978,0.8912631385,0.344974717,3.387516004e-05,2.152900674e-05,0.7943499832,0.1190075558,0.08664246101,0,0
16.648,18.00771612,-0.8354137575,0.315153915,0.1620270879,0.2987815016,0.8928819275,0.3398869855,3.392635485e-05,2.296492132e-05,0.7972381376,0.1155231634,0.087238699,0,0
16.672,17.98179331,-0.8386456693,0.3110817651,0.1588283064,0.2946828105,0.8944822096,0.3347601973,3.397305227e-05,2.449287908e-05,0.8000984244,0.1120643903,0.08783718533,0,0
16.696,17.95594502,-0.8418509536,0.3069471875,0.1556567074,0.2905225784,0.8960633928,0.3295942644,3.401455036e-05,2.611828535e-05,0.8029296051,0.1086323798,0.08843801511,0,0
16.72,17.93017093,-0.8450283733,0.3027498314,0.1525134057,0.2863004719,0.8976248728,0.3243891168,3.405020228e-05,2.784689089e-05,0.8057304134,0.1052282999,0.08904128677,0,0
16.744,17.90447074,-0.8481766637,0.2984893653,0.1493995372,0.2820161708,0.8991660325,0.3191447043,3.407944391e-05,2.968472599e-05,0.8084995552,0.1018533432,0.08964710162,0,0
16.768,17.87884411,-0.8512945318,0.2941654774,0.1463162595,0.2776693691,0.9006862428,0.3138609984,3.410183051e-05,3.163799715e-05,0.8112357091,0.09850872734,0.09025556356,0,0
16.792,17.85329073,-0.854380657,0.2897778772,0.1432647515,0.2732597754,0.902184862,0.3085379943,3.411708501e-05,3.371293235e-05,0.8139375263,0.09519569504,0.09086677864,0,0
16.816,17.8278103,-0.857433691,0.2853262964,0.1402462133,0.2687871139,0.9036612363,0.303175713,3.412516115e-05,3.591555722e-05,0.8166036311,0.09191551427,0.09148085463,0,0
16.84,17.80240249,-0.8604522581,0.2808104902,0.1372618663,0.2642511248,0.9051146999,0.2977742045,3.412632569e-05,3.825137968e-05,0.8192326211,0.08866947834,0.0920979006,0,0
16.864,17.77706701,-0.8634349551,0.2762302385,0.1343129525,0.259651565,0.9065445749,0.2923335499,3.412126487e-05,4.072495624e-05,0.8218230675,0.08545890605,0.09271802643,0,0
16.888,17.75180353,-0.866380352,0.2715853467,0.1314007347,0.2549882089,0.907950172,0.2868538648,3.411122163e-05,4.333930879e-05,0.824373516,0.08228514166,0.09334134236,0,0
16.912,17.72661175,-0.8692869918,0.2668756476,0.1285264961,0.2502608492,0.9093307899,0.2813353032,3.409817149e-05,4.609515954e-05,0.8268824866,0.07914955496,0.09396795846,0,0
16.936,17.70149138,-0.8721533915,0.2621010018,0.1256915393,0.245469297,0.9106857161,0.2757780608,3.408504661e-05,4.898995436e-05,0.8293484746,0.07605354125,0.09459798417,0,0
16.96,17.6764421,-0.8749780419,0.2572612992,0.1228971863,0.2406133831,0.9120142268,0.2701823801,3.407601873e-05,5.201665747e-05,0.8317699511,0.07299852123,0.0952315277,0,0
16.984,17.65146361,-0.8777594085,0.2523564603,0.1201447776,0.2356929578,0.9133155875,0.2645485549,3.407685299e-05,5.516232736e-05,0.8341453635,0.06998594097,0.09586869556,0,0
17.008,17.62655562,-0.8804959317,0.2473864373,0.1174356711,0.230707892,0.9145890526,0.2588769365,3.409534373e-05,5.84065325e-05,0.8364731363,0.06701727169,0.09650959199,0,0
17.032,17.60171783,-0.8831860276,0.2423512151,0.1147712415,0.2256580775,0.9158338664,0.2531679399,3.414184129e-05,6.171974218e-05,0.8387516719,0.06409400962,0.09715431845,0,0
17.056,17.57694993,-0.8858280883,0.2372508124,0.1121528788,0.2205434272,0.9170492626,0.2474220514,3.422987157e-05,6.506193285e-05,0.8409793513,0.06121767574,0.09780297301,0,0
17.08,17.55225164,-0.8884204831,0.2320852832,0.1095819871,0.2153638755,0.9182344654,0.2416398369,3.437683715e-05,6.838177276e-05,0.8431545347,0.05838981546,0.09845564986,0,0
17.104,17.52762266,-0.8909615586,0.2268547175,0.1070599827,0.2101193786,0.9193886891,0.2358219522,3.460476628e-05,7.161685454e-05,0.8452755629,0.05561199829,0.09911243879,0,0
17.128,17.5030627,-0.8934496397,0.2215592427,0.1045882922,0.2048099142,0.9205111389,0.2299691541,3.494104271e-05,7.469547723e-05,0.847340758,0.0528858174,0.09977342463,0,0
17.152,17.47857148,-0.8958830307,0.2161990242,0.10216835,0.1994354817,0.9216010106,0.2240823133,3.541900486e-05,7.754035921e-05,0.8493484241,0.05021288914,0.1004386868,0,0
17.176,17.4541487,-0.8982600157,0.2107742672,0.09980159568,0.1939961019,0.922657492,0.2181624304,3.607825485e-05,8.007433118e-05,0.8512968488,0.04759485247,0.1011082987,0,0
17.2,17.42979407,-0.9005788596,0.2052852169,0.09748947023,0.1884918161,0.923679762,0.2122106537,3.696448017e-05,8.222752454e-05,0.853184304,0.04503336831,0.1017823277,0,0
17.224,17.40550732,-0.9028378093,0.1997321599,0.09523341226,0.1829226857,0.9246669918,0.2062283,3.812858825e-05,8.394497344e-05,0.8550090471,0.04253011879,0.1024608341,0,0
17.248,17.38128815,-0.9050350945,0.1941154251,0.0930348529,0.1772887907,0.925618345,0.2002168803,3.962501131e-05,8.519313799e-05,0.8567693222,0.04008680642,0.1031438714,0,0
17.272,17.35713629,-0.9071689287,0.1884353842,0.09089520979,0.1715902286,0.926532978,0.1941781288,4.150916226e-05,8.59638849e-05,0.858463361,0.03770515309,0.1038314859,0,0
17.296,17.33305146,-0.9092375103,0.1826924532,0.0888158797,0.1658271119,0.9274100402,0.1881140386,4.383418376e-05,8.627501685e-05,0.8600893846,0.03538689897,0.1045237165,0,0
17.32,17.30903337,-0.9112390238,0.1768870926,0.08679822946,0.1599995662,0.9282486746,0.1820269041,4.664726529e-05,8.616734192e-05,0.8616456042,0.03313380123,0.1052205946,0,0
17.344,17.28508176,-0.9131716407,0.1710198082,0.0848435847,0.1541077263,0.9290480182,0.1759193712,4.998584254e-05,8.56991485e-05,0.8631302227,0.03094763252,0.1059221448,0,0
17.368,17.26119634,-0.9150335211,0.165091152,0.08295321569,0.1481517331,0.9298072021,0.1697944994,5.3873927e-05,8.49394537e-05,0.8645414361,0.02883017923,0.1066283847,0,0
17.392,17.23737684,-0.9168228144,0.1591017224,0.08112831951,0.1421317283,0.9305253522,0.1636558353,5.831870807e-05,8.396139765e-05,0.8658774344,0.02678323947,0.1073393261,0,0
17.416,17.21362299,-0.9185376608,0.1530521649,0.07936999728,0.136047849,0.9312015891,0.1575075036,6.330753147e-05,8.283677718e-05,0.8671364035,0.02480862054,0.1080549759,0,0
17.44,17.18993452,-0.9201761927,0.1469431726,0.0776792247,0.129900221,0.9318350291,0.1513543173,6.880545718e-05,8.163218996e-05,0.8683165263,0.02290813603,0.1087753377,0,0
17.464,17.16631115,-0.9217365355,0.1407754859,0.07605681382,0.1236889515,0.9324247842,0.1452019134,7.475381873e-05,8.040680304e-05,0.8694159838,0.02108360211,0.1095004141,0,0
17.488,17.14275263,-0.9232168092,0.1345498933,0.07450336236,0.1174141204,0.9329699623,0.1390569188,8.107042945e-05,7.921147371e-05,0.8704329572,0.01933683295,0.1102302099,0,0
17.512,17.11925868,-0.9246151297,0.1282672313,0.07301918618,0.1110757724,0.9334696678,0.1329271559,8.765214835e-05,7.808883769e-05,0.8713656284,0.01766963487,0.1109647367,0,0
17.536,17.09582904,-0.9259296099,0.1219283837,0.07160422782,0.1046739095,0.9339230017,0.1268218939,9.438028351e-05,7.707399076e-05,0.8722121821,0.01608379872,0.1117040192,0,0
17.56,17.07246344,-0.9271583607,0.115534282,0.0702579309,0.09820848784,0.934329062,0.1207521591,0.0001011287349,7.619546306e-05,0.8729708064,0.01458108974,0.1124481039,0,0
17.584,17.04916162,-0.9282994928,0.1090859045,0.06897906539,0.09167942331,0.9346869438,0.1147311123,0.0001077739944,7.547627618e-05,0.8736396945,0.01316323382,0.1131970716,0,0
17.608,17.02592333,-0.9293511174,0.1025842755,0.06776548067,0.08508661681,0.9349957395,0.108774504,0.0001142054237,7.493495505e-05,0.874217046,0.01183189835,0.1139510556,0,0
17.632,17.0027483,-0.9303113473,0.09603046435,0.06661375127,0.07843001818,0.9352545391,0.1029012129,0.0001203339535,7.458642869e-05,0.8747010674,0.01058866517,0.1147102674,0,0
17.656,16.97963627,-0.931178298,0.0894255841,0.0655186616,0.07170976817,0.9354624299,0.09713385542,0.0001260976699,7.444279697e-05,0.8750899736,0.009434991411,0.115475035,0,0
17.68,16.95658699,-0.9319500885,0.08277078954,0.06447244614,0.06492649525,0.9356184965,0.09149943222,0.0001314635638,7.451396587e-05,0.8753819883,0.00837215165,0.11624586,0,0
17.704,16.9336002,-0.932624842,0.076067275,0.06346365973,0.05808192326,0.935721821,0.08602991292,0.000136425684,7.480816768e-05,0.8755753449,0.007401151513,0.1170235036,0,0
17.728,16.91067565,-0.9332006863,0.06931627135,0.0624754972,0.0511801122,0.9357714819,0.08076256332,0.0001410006707,7.533238775e-05,0.8756682863,0.00652259731,0.1178091164,0,0
17.752,16.88781309,-0.933675754,0.06251904235,0.06148334442,0.04423001106,0.9357665543,0.07573965619,0.0001452219622,7.609271965e-05,0.8756590653,0.005736501309,0.1186044334,0,0
17.776,16.86501226,-0.9340481819,0.05567687998,0.06045145711,0.03725077234,0.9357061083,0.0710070328,0.0001491338592,7.709466823e-05,0.8755459433,0.00504200465,0.119412052,0,0
17.8,16.84227292,-0.9343161108,0.04879109852,0.05932945826,0.03028289723,0.9355892081,0.06661109879,0.0001527862847,7.834341598e-05,0.8753271896,0.00443704462,0.1202357658,0,0
17.824,16.81959482,-0.9344776834,0.04186302715,0.05805268605,0.02341128397,0.93541491,0.06259554756,0.0001562306659,7.984406425e-05,0.8750010782,0.00391820895,0.1210807129,0,0
17.848,16.7969777,-0.9345310417,0.03489400039,0.05656215057,0.01680920937,0.9351822599,0.05900700295,0.0001595170283,8.16018569e-05,0.8745658847,0.003481833056,0.1219522823,0,0
17.872,16.77442133,-0.9344743236,0.02788534596,0.05489246965,0.01079922913,0.9348902898,0.05594467422,0.0001626921799,8.362239121e-05,0.8740198804,0.003129813566,0.122850306,0,0
17.896,16.75192546,-0.934305656,0.02083836898,0.05341491092,0.005826393089,0.9345380123,0.05373173704,0.0001657987611,8.59118183e-05,0.873361324,0.002887106946,0.123751569,0,0
17.92,16.72948984,-0.9340231472,0.01375433137,0.05310886045,0.001986719428,0.9341244141,0.05314600749,0.0001688749211,8.847703417e-05,0.8725884496,0.002824505941,0.1245870444,0,0
17.944,16.70711424,-0.9336248731,0.006634424623,0.05491029251,-0.001823863279,0.9336484452,0.05494057427,0.0001719544067,9.132586142e-05,0.8716994488,0.003018475042,0.1252820762,0,0
17.968,16.68479842,-0.9331088593,-0.0005202666006,0.05818767121,-0.00716981164,0.9331090043,0.05862773474,0.0001750668967,9.446722121e-05,0.8706924445,0.003437220204,0.1258703353,0,0
17.992,16.66254213,-0.9324730533,-0.007708813895,0.06144758176,-0.01418802129,0.9325049173,0.06306429459,0.0001782384589,9.791129491e-05,0.8695654526,0.003977114839,0.1264574325,0,0
18.016,16.64034514,-0.9317152837,-0.01493051313,0.06403651637,-0.02205973887,0.9318349049,0.0677296649,0.0001814920499,0.0001016696745,0.868316323,0.004587317844,0.1270963592,0,0
18.04,16.61820721,-0.9308331979,-0.02218497979,0.06603747296,-0.03016441928,0.9310975328,0.07260055114,0.0001848480046,0.0001057555002,0.8669426497,0.005270851209,0.1277864991,0,0
18.064,16.5961281,-0.9298241657,-0.02947228493,0.06768974399,-0.03824358526,0.9302911344,0.07774621055,0.0001883244873,0.0001101835833,0.8654416302,0.006044485395,0.1285138844,0,0
18.088,16.57410759,-0.9286851262,-0.03679315329,0.0691788375,-0.04622520556,0.929413686,0.08320144943,0.0001919378888,0.0001149705101,0.8638098366,0.006922494405,0.129267669,0,0
18.112,16.55214543,-0.9274123359,-0.04414925815,0.07062085818,-0.05410501845,0.928462599,0.08896436721,0.0001957031622,0.0001201347219,0.8620428361,0.007914673065,0.1300424908,0,0
18.136,16.5302414,-0.9260009417,-0.05154367068,0.07208486414,-0.06189770387,0.927434361,0.0950134379,0.0001996340974,0.000125696562,0.8601345339,0.009027569181,0.130837897,0,0
18.16,16.50839526,-0.9244442223,-0.05898156184,0.07361205357,-0.06962020864,0.9263238876,0.1013198297,0.0002037435346,0.0001316782779,0.8580759863,0.01026572522,0.1316582885,0,0
18.184,16.4866068,-0.9227321753,-0.06647132435,0.07522760534,-0.07728694656,0.9251232914,0.1078539045,0.0002080435177,0.0001381039605,0.8558531475,0.01163248379,0.1325143687,0,0
18.208,16.46487577,-0.9208487214,-0.07402639641,0.0769474277,-0.08490896236,0.9238193952,0.1145881256,0.00021254539,0.0001449993964,0.8534423202,0.01313045954,0.1334272203,0,0
18.232,16.44320195,-0.9187657729,-0.08166820983,0.07878195473,-0.09249426955,0.9223883357,0.1214980917,0.0002172598304,0.0001523918006,0.8508002891,0.01476180951,0.1344379014,0,0
18.256,16.42158512,-0.9164295522,-0.08943056243,0.08073830465,-0.1000484331,0.9207827918,0.1285626804,0.0002221968297,0.0001603093844,0.8478409991,0.0165283885,0.1356306124,0,0
18.28,16.40002505,-0.9137258682,-0.0973632016,0.08282153124,-0.107575114,0.9188985555,0.1357638066,0.0002273656016,0.0001687807023,0.8443746069,0.01843183967,0.1371935534,0,0
18.304,16.37852153,-0.9103833673,-0.1055126767,0.08503536557,-0.1150765094,0.9164773867,0.1430860455,0.0002327744236,0.0001778337033,0.8399308546,0.02047364803,0.1395954974,0,0
18.328,16.35707431,-0.9057061404,-0.1137127366,0.08738266574,-0.1225536904,0.9128166296,0.150516236,0.0002384303981,0.0001874943955,0.8332342561,0.02265517246,0.1441105715,0,0
18.352,16.3356832,-0.8984517922,-0.1201323989,0.08986569517,-0.1300068555,0.9064476908,0.1580431133,0.0002443391235,0.0001977850137,0.8216474758,0.02497766477,0.1533748594,0,0
18.376,16.31434795,-0.8929565944,-0.1199742118,0.09248629823,-0.1374355201,0.9009801834,0.1656569876,0.0002505042627,0.0002087215659,0.8117653537,0.02744228112,0.1607923652,0,0
18.4,16.29306837,-0.8956175533,-0.1226183684,0.09524601278,-0.1448386587,0.9039723813,0.1733494736,0.0002569269933,0.0002203106267,0.8171661321,0.03005008854,0.1527837794,0,0
18.424,16.27184422,-0.8964829202,-0.1305662369,0.09814614338,-0.1522148116,0.9059410402,0.1811132639,0.0002636053242,0.0002325452618,0.8207292378,0.03280206842,0.1464686937,0,0
18.448,16.2506753,-0.8949995156,-0.138990381,0.1011878093,-0.1595621667,0.9057275854,0.1889419429,0.0002705332629,0.0002454000162,0.8203425321,0.03569911801,0.1439583499,0,0
18.472,16.22956139,-0.8924936634,-0.147082927,0.1043719765,-0.1668786212,0.9045321037,0.1968298344,0.0002776998216,0.0002588250056,0.8181784038,0.03874205069,0.1430795455,0,0
18.496,16.20850227,-0.8894885678,-0.1548778803,0.1076994781,-0.1741618309,0.9028715689,0.2047718753,0.0002850878533,0.0002727393402,0.8151771513,0.04193159532,0.1428912534,0,0
18.52,16.18749773,-0.8861782394,-0.1624595236,0.111171029,-0.1814092474,0.900946707,0.2127635136,0.0002926727244,0.0002870244004,0.8117050545,0.04526839512,0.1430265504,0,0
18.544,16.16654756,-0.8826427441,-0.1698853622,0.1147872342,-0.1886181488,0.8988432845,0.2208006232,0.0003004208427,0.0003015178859,0.8079193403,0.04875300612,0.1433276535,0,0
18.54965834,16.16161616,-0.881780876,-0.1716175593,0.1156609346,-0.1903118295,0.898326277,0.2227016934,0.000302266802,0.0003049435207,0.8069901913,0.04959613724,0.1434136715,0,0
18.568,16.14565155,-0.8789188875,-0.1771904639,0.1185485949,-0.1957856638,0.8966018466,0.2288794344,0.00030828809,0.0003160100209,0.8038949663,0.05238589536,0.1437191383,0,0
18.592,16.12480949,-0.8750251771,-0.1843959034,0.1224555113,-0.2029087915,0.8942432051,0.2369964766,0.0003162182413,0.0003302437071,0.7996710098,0.05616743897,0.1441615512,0,0
18.616,16.10402116,-0.8709716317,-0.1915142926,0.1265082853,-0.2099844176,0.8917787323,0.2451485302,0.0003241415009,0.0003439205683,0.7952694125,0.06009792016,0.1446326673,0,0
18.64,16.08328637,-0.8667640279,-0.1985530295,0.1307071201,-0.2170093284,0.8892149265,0.2533325875,0.000331973339,0.000356714439,0.7907032957,0.06417752712,0.1451191771,0,0
18.664,16.06260491,-0.8624058974,-0.2055162011,0.1350521208,-0.2239802224,0.8865556051,0.2615458189,0.0003396138729,0.0003682927031,0.7859809562,0.06840635101,0.1456126928,0,0
18.688,16.04197656,-0.8578995331,-0.2124057237,0.1395432935,-0.2308937201,0.8838030326,0.2697855459,0.0003469480845,0.0003783439783,0.7811079207,0.0727843839,0.1461076954,0,0
18.712,16.02140113,-0.853246526,-0.219222046,0.1441805442,-0.2377463731,0.8809585345,0.2780492173,0.0003538471965,0.0003866084123,0.7760880647,0.07731151673,0.1466004185,0,0
18.736,16.00087842,-0.8484480672,-0.2259645971,0.1489636776,-0.244534672,0.8780228481,0.2863343902,0.0003601715049,0.0003929051422,0.7709242516,0.0819875374,0.147088211,0,0
18.76,15.98040821,-0.8435051254,-0.2326320779,0.1538923956,-0.2512550531,0.8749963315,0.2946387129,0.0003657748786,0.0003971511982,0.7656187365,0.08681216662,0.1475690969,2.251753308e-08,3.776811807e-08
18.784,15.95999031,-0.8384185544,-0.2392226585,0.1589662959,-0.2579039055,0.8718790929,0.3029599111,0.000370510957,0.0003993677763,0.7601733177,0.09178490359,0.1480417788,2.772256243e-08,3.637770289e-08
18.808,15.93962452,-0.8331891616,-0.2457341131,0.1641848702,-0.2644775768,0.8686710732,0.3112957762,0.0003742408148,0.0003996729009,0.7545896127,0.096905258,0.1485051294,3.915347883e-08,3.799569371e-08
18.832,15.91931064,-0.827817753,-0.2521639153,0.169547503,-0.2709723788,0.8653721005,0.319644155,0.0003768415438,0.0003982628684,0.7488690849,0.1021725867,0.1489583285,7.048940516e-08,4.222476581e-08
18.856,15.89904847,-0.8223051626,-0.2585093066,0.1750534695,-0.2773845928,0.8619819267,0.3280029413,0.0003782148964,0.0003953871843,0.7430131255,0.1075861353,0.1494007392,1.404576188e-07,4.943351897e-08
18.88,15.87883782,-0.8166522738,-0.2647673474,0.1807019348,-0.2837104751,0.858500253,0.3363700684,0.0003782949271,0.0003913222916,0.7370229453,0.1131450312,0.1498320236,1.176759905e-07,5.51175426e-08
18.904,15.85867848,-0.8108600341,-0.2709349542,0.1864919518,-0.2899462618,0.8549267479,0.3447435029,0.000377053551,0.0003863484157,0.7308999666,0.1188482871,0.1502517463,8.006794946e-08,5.506840736e-08
18.92439891,15.84158416,-0.8058280988,-0.2761036565,0.1915237013,-0.2951727431,0.8518169721,0.3518640028,0.0003749676814,0.0003816059001,0.7255923549,0.1238084799,0.1505991652,6.03851412e-08,5.784080708e-08
18.928,15.83857027,-0.8049294665,-0.2770089293,0.1924224603,-0.2960881736,0.8512610604,0.3531212395,0.0003745031532,0.0003807320497,0.7246455923,0.1246948137,0.150659594,5.905979922e-08,5.896445783e-08
18.952,15.81851298,-0.7988616773,-0.2829859834,0.1984922859,-0.3021324207,0.8475028296,0.3615012963,0.0003706958089,0.0003747148014,0.7182612406,0.1306834046,0.1510553547,5.700356551e-08,7.703851592e-08
18.976,15.79850643,-0.7926578629,-0.2888627533,0.2047001381,-0.3080752077,0.8436516923,0.369881711,0.0003657192197,0.0003685080182,0.7117483749,0.1368127548,0.1514388703,6.322883596e-08,1.388796689e-07
19,15.77855042,-0.7863193152,-0.2946358175,0.2110446105,-0.3139127378,0.8397072885,0.3782605379,0.0003596899895,0.0003622919367,0.7051085414,0.1430812862,0.1518101724,8.157739674e-08,1.204567226e-07
19.024,15.75864476,-0.7798474255,-0.3003017079,0.2175241787,-0.3196412178,0.8356692664,0.3866358447,0.0003527452267,0.0003562179618,0.6983433721,0.1494874885,0.1521691394,1.249313053e-07,8.515404585e-08
19.048,15.73878927,-0.7732436881,-0.3058569208,0.2241372005,-0.3252568627,0.8315372855,0.3950057106,0.0003450335955,0.0003504128621,0.6914544886,0.1560297119,0.1525157994,1.124547426e-07,7.775833021e-08
19.072,15.71898375,-0.7665097036,-0.3112979259,0.2308819148,-0.3307559001,0.8273110203,0.4033682239,0.000336706839,0.0003449839838,0.6844437133,0.1627061218,0.1528501649,7.556468625e-08,7.87415816e-08
19.096,15.69922801,-0.7596471811,-0.3166211746,0.2377564415,-0.3361345748,0.8229901627,0.4117214809,0.0003279125419,0.0003400249211,0.6773129741,0.1695147766,0.1531722493,5.859047389e-08,8.317311546e-08
19.12,15.67952186,-0.7526579408,-0.3218231071,0.2447587809,-0.3413891533,0.8185744243,0.4200635843,0.0003187885643,0.0003356213793,0.6700642388,0.1764536171,0.1534821441,4.911207723e-08,8.963223946e-08
19.144,15.65986513,-0.7455439154,-0.3269001598,0.2518868139,-0.3465159288,0.8140635382,0.4283926422,0.0003094592671,0.0003318572044,0.662699583,0.1835204636,0.1537799534,4.302129354e-08,9.751337618e-08
19.168,15.64025762,-0.7383071523,-0.3318487712,0.2591383017,-0.3515112251,0.8094572614,0.4367067675,0.0003000334067,0.0003288207612,0.655221187,0.1907130152,0.1540657978,3.895295784e-08,1.062920998e-07
19.192,15.62069915,-0.7309498146,-0.3366653881,0.2665108865,-0.3563714015,0.8047553759,0.4450040769,0.0002906034264,0.00032661203,0.6476313357,0.1980288503,0.154339814,3.625987865e-08,1.152182962e-07
19.216,15.60118953,-0.7234741826,-0.3413464718,0.2740020914,-0.3610928573,0.7999576905,0.4532826907,0.0002812458096,0.0003253510065,0.6399324203,0.2054654268,0.1546021529,3.456718958e-08,1.232508394e-07
19.24,15.58172859,-0.7158826543,-0.3458885034,0.2816093213,-0.3656720363,0.7950640424,0.4615407327,0.0002720221655,0.0003251882785,0.6321269391,0.2130200831,0.1548529779,3.364136578e-08,1.293319991e-07
19.264,15.56231613,-0.7081777465,-0.3502879895,0.2893298636,-0.3701054312,0.7900742979,0.4697763299,0.0002629807539,0.0003263190724,0.6242174987,0.2206900396,0.1550924617,3.333526828e-08,1.329194215e-07
19.288,15.54295199,-0.7003620953,-0.3545414677,0.2971608891,-0.3743895881,0.7849883545,0.4779876124,0.0002541582248,0.0003290027138,0.6162068149,0.2284724002,0.1553207849,3.356000421e-08,1.343110428e-07
19.312,15.52363598,-0.6924384559,-0.3586455121,0.3050994531,-0.3785211109,0.7798061416,0.4861727138,0.0002455814027,0.0003335904453,0.6080977131,0.2363641533,0.1555381335,3.427023029e-08,1.344158072e-07
19.336,15.50436791,-0.6844097032,-0.3625967386,0.3131424967,-0.3824966658,0.7745276216,0.4943297711,0.0002372690074,0.0003405660411,0.5998931285,0.2443621728,0.1557446987,3.545836826e-08,1.342350267e-07
19.36,15.48514762,-0.6762788313,-0.3663918101,0.3212868486,-0.3863129856,0.7691527912,0.5024569254,0.0002292332466,0.0003506056502,0.591596106,0.2524632194,0.1559406747,3.715676898e-08,1.34507446e-07
19.384,15.46597493,-0.6680489532,-0.3700274421,0.3295292263,-0.3899668737,0.7636816822,0.5105523221,0.0002214812502,0.0003646649844,0.5832098003,0.2606639422,0.1561262575,3.944970629e-08,1.356325383e-07
19.408,15.44684965,-0.6597232997,-0.3735004077,0.3378662383,-0.3934552089,0.7581143626,0.5186141112,0.0002140163387,0.0003840990264,0.5747374751,0.2689608816,0.1563016433,4.250124449e-08,1.377420566e-07
19.432,15.42777161,-0.6513052192,-0.376807543,0.346294386,-0.3967749488,0.7524509373,0.5266404483,0.0002068391388,0.0004107936001,0.5661825024,0.2773504713,0.1564670263,4.66135576e-08,1.40797608e-07
19.456,15.40874065,-0.6427981758,-0.3799457523,0.3548100662,-0.3999231345,0.7466915491,0.5346294947,0.0001999485641,0.0004471681368,0.5575483618,0.2858290412,0.156622597,5.235095449e-08,1.446557087e-07
19.48,15.38975657,-0.6342057481,-0.3829120134,0.3634095733,-0.4028968943,0.7408363793,0.5425794185,0.0001933426887,0.0004954404543,0.5488386391,0.2943928199,0.156768541,6.082108728e-08,1.490499283e-07
19.504,15.37081922,-0.6255316277,-0.3857033825,0.3720891017,-0.4056934475,0.7348856486,0.5504883949,0.0001870195439,0.000554061224,0.5400570258,0.3030379333,0.1569050409,7.437602862e-08,1.534160311e-07
19.528,15.35192841,-0.6167796168,-0.3883169993,0.3808447492,-0.4083101082,0.7288396172,0.5583546073,0.0001809778708,0.0006072422265,0.531207319,0.3117603928,0.1570322882,9.858632349e-08,1.565720385e-07
19.552,15.33308398,-0.6079536262,-0.3907500924,0.3896725194,-0.4107442893,0.722698586,0.5661762478,0.000175217863,0.0006158447821,0.5222934256,0.3205560795,0.1571504949,1.48635049e-07,1.566581276e-07
19.576,15.31428576,-0.5990576728,-0.3929999834,0.3985683249,-0.4129935052,0.7164628966,0.573951518,0.000169741937,0.0005555597508,0.5133193827,0.3294208057,0.1572598116,2.716652868e-07,1.520509455e-07
19.6,15.29553357,-0.5900958765,-0.3950640926,0.4075279909,-0.4150553761,0.7101329318,0.58167863,0.0001645555692,0.0004620147688,0.5042893733,0.3383503849,0.1573602417,5.65471086e-07,1.428360936e-07
19.624,15.27682725,-0.5810724577,-0.396939943,0.4165472582,-0.4169276307,0.7037091156,0.5893558072,0.0001596682425,0.0003772044705,0.4952071543,0.3473405407,0.157452305,6.093310303e-07,1.30907397e-07
19.648,15.25816663,-0.5719917332,-0.3986251654,0.425621787,-0.418608109,0.6971919142,0.5969812849,0.0001550945475,0.0003133330646,0.4860768968,0.3563868712,0.157536232,3.07488201e-07,1.184891671e-07
19.672,15.23955155,-0.5628581132,-0.4001175021,0.4347471606,-0.4200947662,0.6905818352,0.6045533113,0.000150855488,0.0002677813366,0.4769034644,0.3654848849,0.1576116507,1.705289452e-07,1.070065318e-07
19.696,15.22098182,-0.5536760976,-0.4014148119,0.4439188892,-0.4213856742,0.6838794282,0.6120701484,0.000146980037,0.0002354899717,0.4676912092,0.3746300191,0.1576787717,1.152586543e-07,9.702018387e-08
19.72,15.2024573,-0.5444502713,-0.4025150736,0.4531324139,-0.4224790252,0.6770852844,0.619530073,0.0001435069856,0.0002123345298,0.4584445919,0.383817645,0.1577377631,8.892633028e-08,8.858894213e-08
19.744,15.18397782,-0.5351853003,-0.40341639,0.4623831108,-0.4233731336,0.6702000369,0.6269313769,0.0001404871099,0.000195428002,0.4491681835,0.3930430711,0.1577887454,7.434797108e-08,8.157011211e-08
19.768,15.1655432,-0.5258859274,-0.4041169915,0.4716662949,-0.4240664379,0.6632243598,0.6342723685,0.0001379856466,0.0001828256067,0.4398666358,0.4023015467,0.1578318175,6.531247913e-08,7.577490963e-08
19.792,15.14715329,-0.516556967,-0.4046152396,0.4809772247,-0.4245575034,0.6561589687,0.6415513731,0.0001360850101,0.0001732236606,0.4305446701,0.4115882654,0.1578670645,5.928824386e-08,7.103209071e-08
19.816,15.12880793,-0.5072033004,-0.4049096299,0.4903111064,-0.4248450234,0.6490046196,0.6487667339,0.0001348875975,0.0001657425015,0.4212070697,0.4208983697,0.1578945607,5.516129163e-08,6.721016951e-08
19.84,15.11050696,-0.4978298708,-0.404998795,0.4996630983,-0.4249278211,0.6417621087,0.6559168125,0.000134518404,0.0001597821576,0.4118586747,0.4302269547,0.1579143706,5.243491722e-08,6.422564727e-08
19.864,15.0922502,-0.4884416781,-0.404881507,0.5090283152,-0.4248048506,0.6344322719,0.66299999,0.0001351270334,0.0001549283206,0.4025043768,0.4395690728,0.1579265503,5.092469735e-08,6.205081831e-08
19.888,15.07403751,-0.4790437734,-0.40455668,0.5184018331,-0.4244751985,0.6270159839,0.6700146675,0.000136888537,0.0001508911529,0.3931491135,0.4489197382,0.1579311483,5.065723031e-08,6.073021032e-08
19.912,15.05586872,-0.4696412532,-0.4040233721,0.5277786934,-0.4239380845,0.619514158,0.6769592667,0.0001400023752,0.0001474652158,0.3837978634,0.4582739309,0.1579282057,5.188900118e-08,6.041773991e-08
19.936,15.03774368,-0.4602392545,-0.4032807869,0.5371539077,-0.4231928624,0.6119277445,0.6838322304,0.0001446886109,0.0001445029893,0.3744556407,0.4676266016,0.1579177577,5.52720807e-08,6.146070512e-08
19.96,15.01966222,-0.4508429486,-0.4023282751,0.5465224622,-0.4222390202,0.6042577308,0.6906320235,0.0001511800351,0.0001418971858,0.3651274905,0.4769726766,0.1578998329,6.238610819e-08,6.459932191e-08
19.984,15.0016242,-0.4414575356,-0.4011653353,0.5558793224,-0.4210761808,0.59650514,0.6973571331,0.0001597079455,0.0001395688061,0.3558184852,0.486307062,0.1578744528,7.768521951e-08,7.148879997e-08
20.008,14.98362945,-0.4320882384,-0.3997916153,0.5652194373,-0.4197041019,0.5886710298,0.7040060692,0.0001704772577,0.0001374589782,0.3465337296,0.4956246506,0.1578416197,1.192214122e-07,8.627348893e-08
20.032,14.96567782,-0.4227402971,-0.3982069117,0.5745377444,-0.4181226756,0.5807564923,0.710577365,0.000183623341,0.0001355233167,0.3372785089,0.5049203313,0.1578011598,3.718401022e-07,1.213500858e-07
20.056,14.94776915,-0.4134189636,-0.3964111707,0.5838291734,-0.4163319288,0.5727626521,0.7170695772,0.0001991393712,0.0001337279794,0.32805795,0.5141890205,0.1577530295,8.546850151e-07,2.240171114e-07
20.08,14.92990329,-0.4041294949,-0.3944044878,0.5930886511,-0.4143320215,0.5646906663,0.7234812866,0.0002167630971,0.0001320468796,0.3188759444,0.5234257608,0.1576982948,3.487969921e-07,5.712540283e-07
20.104,14.91208008,-0.3948771487,-0.3921871067,0.6023111054,-0.4121232473,0.5565417228,0.729811098,0.0002358255188,0.0001304596931,0.3097391813,0.5326248323,0.1576359864,4.364076357e-07,5.766036318e-07
20.128,14.89429938,-0.3856671769,-0.3897594191,0.6114914698,-0.4097060315,0.5483170398,0.7360576404,0.000255106241,0.0001289504201,0.3006519151,0.5417810961,0.1575669888,2.738890502e-07,2.295048588e-07
20.152,14.87656104,-0.3765048204,-0.3871219633,0.620624687,-0.4070809305,0.5400178648,0.7422195673,0.0002728137803,0.0001275063351,0.291619517,0.5508900268,0.1574904562,1.483200662e-07,1.244531224e-07
20.176,14.85886489,-0.367395304,-0.3842754225,0.6297057133,-0.4042486301,0.5316454737,0.7482955568,0.0002868554505,0.0001261172141,0.2826470872,0.5599463438,0.1574065691,9.515935094e-08,8.757372283e-08
20.2,14.84121079,-0.3583438308,-0.3812206235,0.638729522,-0.4012099446,0.5232011706,0.7542843111,0.0002954434942,0.0001247747598,0.2737396229,0.568944909,0.1573154681,7.075876524e-08,7.146734025e-08
20.224,14.8235986,-0.3493555779,-0.3779585342,0.6476911078,-0.3979658144,0.5146862864,0.7601845569,0.0002977650859,0.0001234721713,0.2649021202,0.5778806394,0.1572172404,5.816200953e-08,6.360341908e-08
20.248,14.80602815,-0.3404356907,-0.3744902619,0.6565854895,-0.394517305,0.5061021792,0.765995045,0.0002942461634,0.0001222038177,0.2561395535,0.5867484837,0.1571119628,5.11486274e-08,5.979492197e-08
20.272,14.78849931,-0.331589279,-0.3708170502,0.665407714,-0.3908656047,0.4974502333,0.77171455,0.0002862249396,0.0001209649907,0.2474568637,0.5955434198,0.1569997165,4.714327261e-08,5.841016232e-08
20.296,14.77101192,-0.3228214123,-0.3669402767,0.6741528594,-0.3870120224,0.4887318599,0.7773418703,0.0002753375101,0.000119751713,0.2388589516,0.6042604564,0.1568805919,4.494402314e-08,5.879141208e-08
20.32,14.75356585,-0.3141371157,-0.3628614499,0.6828160381,-0.3829579858,0.4799484965,0.7828758272,0.0002630289334,0.0001185605916,0.2303506724,0.6128946356,0.1567546921,4.392458239e-08,6.074528251e-08
20.344,14.73616093,-0.3055413664,-0.3585822059,0.6913923995,-0.3787050391,0.4711016079,0.7883152648,0.0002503479128,0.0001173887026,0.2219368314,0.6214410349,0.1566221338,4.371572141e-08,6.437746861e-08
20.368,14.71879703,-0.2970390895,-0.3541043056,0.6998771329,-0.3742548406,0.462192687,0.7936590495,0.0002379522262,0.0001162335009,0.2136221806,0.6298947704,0.1564830489,4.406042656e-08,7.007731793e-08
20.392,14.70147401,-0.2886351551,-0.3494296309,0.7082654701,-0.3696091602,0.4532232559,0.7989060692,0.0002262013034,0.0001150927494,0.2054114156,0.6382509993,0.1563375851,4.474000727e-08,7.861421547e-08
20.416,14.68419171,-0.2803343753,-0.3445601811,0.7165526875,-0.3647698771,0.4441948676,0.8040552327,0.0002152569723,0.0001139644623,0.1973091722,0.6465049216,0.1561859061,4.553603549e-08,9.13906459e-08
20.44,14.66695,-0.2721415011,-0.3394980697,0.7247341085,-0.3597389777,0.4351091082,0.8091054691,0.000205162296,0.0001128468599,0.1893200243,0.6546517838,0.1560281919,4.621898809e-08,1.110116362e-07
20.464,14.64974873,-0.2640612207,-0.3342455204,0.7328051052,-0.3545185521,0.4259675999,0.8140557266,0.0001958947815,0.0001117383322,0.1814484811,0.6626868811,0.1558646378,4.656340441e-08,1.426088052e-07
20.488,14.63258776,-0.2560981563,-0.3288048633,0.7407611005,-0.3491107927,0.4167720046,0.8189049723,0.0001873993483,0.0001106374098,0.1736989853,0.670605563,0.1556954517,4.63861346e-08,1.971644545e-07
20.512,14.61546695,-0.2482568635,-0.3231785316,0.7485975693,-0.3435179911,0.4075240282,0.8236521905,0.0001796075682,0.0001095427398,0.1660759114,0.6784032434,0.1555208452,4.559220097e-08,3.005003331e-07
20.536,14.59838615,-0.2405418288,-0.3173690574,0.7563100401,-0.3377425357,0.3982254261,0.8282963824,0.0001724483096,0.0001084530663,0.1585835639,0.6860754251,0.1553410109,4.420298173e-08,5.162665288e-07
20.56,14.58134523,-0.2329574689,-0.3113790683,0.7638940962,-0.3317869093,0.3888780098,0.8328365646,0.0001658532563,0.0001073672141,0.1512261764,0.6936176996,0.155156124,4.234783499e-08,9.446861094e-07
20.584,14.56434405,-0.2255081298,-0.3052112838,0.7713453768,-0.3256536868,0.3794836549,0.8372717683,0.000159759479,0.0001062840761,0.1440079101,0.7010252316,0.1549668583,4.022263173e-08,1.206291263e-06
20.608,14.54738247,-0.2181980859,-0.2988685115,0.7786595775,-0.3193455329,0.3700443106,0.8416010379,0.0001541103707,0.0001052026015,0.1369328536,0.7082930696,0.1547740768,3.803813166e-08,7.515825205e-07
20.632,14.53046035,-0.2110315396,-0.292353644,0.7858324514,-0.3128651997,0.3605620112,0.84582343,0.0001488557099,0.000104121787,0.130005022,0.715417676,0.1545773019,3.598181014e-08,3.903922591e-07
20.656,14.51357756,-0.2040126218,-0.2856696556,0.7928598093,-0.3062155248,0.3510388895,0.8499380124,0.0001439512912,0.000103040669,0.1232283569,0.7223948615,0.1543767817,3.420309464e-08,2.259930373e-07
20.68,14.49673395,-0.1971453912,-0.2788195988,0.7997375204,-0.2993994292,0.3414771939,0.8539438621,0.0001393583664,0.0001019583174,0.1166067262,0.7292202782,0.1541729956,3.281887793e-08,1.481822884e-07
20.704,14.47992939,-0.1904338355,-0.2718066017,0.806461512,-0.2924199153,0.331879307,0.857840065,0.00013504303,0.0001008738297,0.1101439246,0.7358896945,0.1539663809,3.193158286e-08,1.071343766e-07
20.728,14.46316374,-0.1838818714,-0.2646338653,0.8130277703,-0.2852800655,0.32224777,0.861625714,0.0001309756178,9.978632668e-05,0.1038436741,0.7423989642,0.1537573617,3.165422959e-08,8.32422706e-08
20.752,14.44643687,-0.1774933458,-0.2573046607,0.8194323397,-0.2779830401,0.3125853103,0.8652999076,0.0001271301513,9.869494839e-05,0.09770962452,0.7487440079,0.1535463676,3.214115956e-08,6.812294898e-08
20.776,14.42974865,-0.1712720365,-0.249822327,0.8256713234,-0.2705320764,0.3028948754,0.8688617489,0.0001234838404,9.759885107e-05,0.09174535441,0.754920806,0.1533338396,3.362535035e-08,5.784054844e-08
20.8,14.41309894,-0.1652216536,-0.2421902691,0.8317408824,-0.262930487,0.293179674,0.8723103441,0.0001200166484,9.649720434e-05,0.08595437212,0.7609253962,0.1531202317,3.645724513e-08,5.040831938e-08
20.824,14.39648761,-0.1593458406,-0.2344119561,0.8376372359,-0.255181659,0.2834432256,0.8756448013,0.0001167109142,9.538918899e-05,0.08034011684,0.7667538719,0.1529060113,4.110373366e-08,4.477171717e-08
20.848,14.37991452,-0.1536481761,-0.2264909198,0.8433566606,-0.2472890529,0.2736894203,0.8788642288,0.000113551028,9.427399524e-05,0.0749059596,0.7724023819,0.1526916585,4.793419046e-08,4.034996008e-08
20.872,14.36337955,-0.1481321747,-0.2184307531,0.8488954906,-0.2392562021,0.263922593,0.8819677342,0.000110523154,9.315082135e-05,0.06965520365,0.7778671297,0.1524776666,5.63405092e-08,3.681174834e-08
20.896,14.34688256,-0.1428012891,-0.2102351097,0.8542501168,-0.2310867122,0.2541476137,0.8849544229,0.0001076149934,9.201887275e-05,0.06459108418,0.783144373,0.1522645428,6.307039441e-08,3.396034596e-08
20.92,14.33042342,-0.1376589115,-0.2019077029,0.8594169864,-0.2227842608,0.244369999,0.8878233965,0.0001048155822,9.087736146e-05,0.0597167704,0.7882304234,0.1520528062,6.301747601e-08,3.167411218e-08
20.944,14.31400201,-0.1327083749,-0.1934523056,0.8643926031,-0.2143525974,0.2345960514,0.8905737523,0.0001021151198,8.9725506e-05,0.05503537333,0.7931216463,0.1518429804,5.557432563e-08,2.987603349e-08
20.968,14.29761818,-0.1279529553,-0.1848727503,0.8691735261,-0.2057955433,0.2248330327,0.8932045814,9.950482233e-05,8.856253176e-05,0.05054994815,0.7978144606,0.1516355913,4.567377216e-08,2.851751645e-08
20.992,14.28127182,-0.1233958723,-0.1761729293,0.8737563703,-0.1971169925,0.2150893821,0.8957149677,9.697679819e-05,8.738767184e-05,0.04626348888,0.8023053385,0.1514311726,3.716375382e-08,2.756581751e-08
21.016,14.26496279,-0.1190402914,-0.1673567952,0.8781378056,-0.1883209112,0.2053749933,0.8981039869,9.452394235e-05,8.620016845e-05,0.04217892774,0.8065908057,0.1512302666,3.092123111e-08,2.698151255e-08
21.04,14.24869097,-0.1148893248,-0.1584283622,0.8823145575,-0.1794113398,0.1957015659,0.9003707054,9.213984648e-05,8.499927494e-05,0.03829913795,0.810667441,0.151033421,2.655793664e-08,2.666072286e-08
21.064,14.23245623,-0.1109460327,-0.1493917069,0.8862834064,-0.1703923925,0.1860830574,0.9025141793,8.98187229e-05,8.378425855e-05,0.03462693584,0.8145318772,0.150841187,2.351945054e-08,2.631768759e-08
21.088,14.21625844,-0.1072134242,-0.1402509701,0.8900411883,-0.1612682593,0.1765362652,0.9045334534,8.755534066e-05,8.255440405e-05,0.03116508197,0.8181808005,0.1506541175,2.137537096e-08,2.542409019e-08
21.112,14.20009748,-0.1036944584,-0.1310103583,0.8935847947,-0.1520432072,0.1670815809,0.9064275603,8.534497205e-05,8.130901831e-05,0.02791628178,0.8216109523,0.1504727659,1.983156718e-08,2.362148646e-08
21.136,14.18397322,-0.1003920446,-0.121674146,0.8969111732,-0.142721581,0.1577439711,0.9081955199,8.318334858e-05,8.00474361e-05,0.02488318603,0.8248191301,0.1502976838,1.86905676e-08,2.134006451e-08
21.16,14.16788554,-0.09730904311,-0.1122466779,0.9000173285,-0.1333078058,0.1485542546,0.9098363384,8.106662541e-05,7.876902732e-05,0.02206839095,0.8278021882,0.1501294208,1.781629698e-08,1.931275055e-08
21.184,14.15183431,-0.09444826477,-0.1027323713,0.9029003227,-0.123806388,0.1395507608,0.911349008,7.899135363e-05,7.747320588e-05,0.01947443818,0.8305570382,0.1499685236,1.711073569e-08,1.780846962e-08
21.208,14.13581941,-0.09181247111,-0.09313571898,0.9055572768,-0.1142219176,0.1307814666,0.9127325063,7.695445991e-05,7.615944068e-05,0.01710381442,0.8330806506,0.149815535,1.650027827e-08,1.673354107e-08
21.232,14.11984071,-0.0894043736,-0.08346129208,0.907985372,-0.1045590703,0.1223067018,0.9139857958,7.495323338e-05,7.482726897e-05,0.01495895084,0.8353700565,0.1496709926,1.592882675e-08,1.592758551e-08
21.256,14.1038981,-0.08722663281,-0.07371374306,0.9101818513,-0.09482260913,0.1142024579,0.9151078241,7.298531959e-05,7.347631278e-05,0.01304222207,0.8374223504,0.1495354275,1.53552043e-08,1.526894948e-08
21.28,14.08799145,-0.08528185709,-0.06389780901,0.9121440215,-0.08501738699,0.1065641832,0.9160975232,7.104872183e-05,7.210629891e-05,0.01135594495,0.8392346919,0.1494093631,1.475278517e-08,1.468077065e-08
21.304,14.07212063,-0.08357260091,-0.05401831489,0.9138692551,-0.07514834876,0.09951059223,0.91695381,6.914181016e-05,7.071708333e-05,0.009902376856,0.8408043088,0.1492933143,1.410940278e-08,1.411794734e-08
21.328,14.05628554,-0.0821013628,-0.04408017692,0.9153549931,-0.06522053356,0.0931863497,0.9176755861,6.726333883e-05,6.930868094e-05,0.008683713721,0.8421284998,0.1491877865,1.34260469e-08,1.355624602e-08
21.352,14.04048604,-0.08087058284,-0.03408840598,0.9165987478,-0.05523907695,0.08776144137,0.9182617384,6.541247274e-05,6.788130179e-05,0.007702087583,0.8432046377,0.1490932747,1.271377982e-08,1.298526588e-08
21.376,14.02472202,-0.07988263978,-0.02404811094,0.9175981058,-0.04520921316,0.08342390412,0.9187111389,6.358882441e-05,6.643539535e-05,0.006959563812,0.8440301735,0.1490102627,1.198937634e-08,1.240375086e-08
21.4,14.00899336,-0.0791398477,-0.01396450206,0.9183507313,-0.03513627722,0.08036244653,0.9190226459,6.179250236e-05,6.497170432e-05,0.006458137901,0.8446026397,0.1489392224,1.127085276e-08,1.181610096e-08
21.424,13.99329994,-0.07864445221,-0.003842894186,0.9188543702,-0.02502570704,0.0787382861,0.9191951043,6.002417292e-05,6.349133036e-05,0.006199731875,0.844919655,0.1488806132,1.057399088e-08,1.122960349e-08
21.448,13.97764164,-0.07839862629,0.006311290171,0.9191068541,-0.01488304524,0.07865225355,0.9192273463,5.8285137e-05,6.199581395e-05,0.006186190295,0.8449789287,0.148834881,9.91039131e-09,1.065229223e-08
21.472,13.96201835,-0.0784044657,0.01649251792,0.9191061042,-0.004713940965,0.08012030572,0.9191181926,5.657742394e-05,6.048723171e-05,0.006419275876,0.8447782657,0.1488024584,9.286963077e-09,1.009145528e-08
21.496,13.94642994,-0.07866398394,0.02669514279,0.9188501365,0.00547584869,0.08307016924,0.9188664529,5.490390432e-05,5.896831434e-05,0.006900664739,0.8443155714,0.1487837639,8.706395278e-09,9.552771111e-09
21.52,13.9308763,-0.07917910697,0.03691340302,0.9183370666,0.01568045743,0.08736091977,0.9184709274,5.326842324e-05,5.744258921e-05,0.007631941308,0.8435888569,0.1487792018,8.168102095e-09,9.039972975e-09
21.544,13.91535732,-0.07995166751,0.04714141949,0.9175651142,0.02589390889,0.0928147756,0.9179304076,5.167595487e-05,5.591455179e-05,0.008614592909,0.8425962449,0.1487891622,7.669258793e-09,8.554890273e-09
21.568,13.89987287,-0.0809833992,0.05737319434,0.9165326089,0.03611011621,0.09924713787,0.9172436773,5.013277735e-05,5.438986978e-05,0.009850004094,0.8413359747,0.1488140213,7.205714948e-09,8.097710201e-09
21.592,13.88442284,-0.08227593064,0.06760261021,0.915237995,0.04632288206,0.1064868145,0.9164095137,4.864666374e-05,5.287562324e-05,0.01133945081,0.8398064073,0.1488541419,6.772704429e-09,7.667331135e-09
21.616,13.86900712,-0.08383077942,0.07782343027,0.9136798366,0.05652589942,0.1143856891,0.915426688,4.72270804e-05,5.138058127e-05,0.01308409447,0.838006031,0.1489098745,6.365350039e-09,7.261720278e-09
21.64,13.8536256,-0.08564934651,0.08802929927,0.9118568222,0.06671275305,0.1228208781,0.9142939656,4.588537549e-05,4.991551155e-05,0.01508497617,0.8359334649,0.1489815589,5.978994529e-09,6.878226486e-09
21.664,13.83827816,-0.08773291132,0.09821374581,0.9097677681,0.07687692216,0.1316928381,0.9130101057,4.463492933e-05,4.849350958e-05,0.0173430112,0.8335874619,0.1490695269,5.60939643e-09,6.513827357e-09
21.688,13.82296468,-0.09008262805,0.1083701865,0.9074116214,0.08701178446,0.1409218833,0.9115738595,4.349122097e-05,4.713031999e-05,0.01985898435,0.8309669096,0.149174106,5.252823321e-09,6.165306405e-09
21.712,13.80768506,-0.09269952423,0.1184919326,0.9047874592,0.09711062234,0.1504444744,0.9099839665,4.247174261e-05,4.584459623e-05,0.02263354659,0.8280708272,0.1492956262,4.906065577e-09,5.829363084e-09
21.736,13.79243918,-0.09558450329,0.1285722001,0.9018944848,0.1071666322,0.1602098871,0.9082391473,4.159566266e-05,4.465800548e-05,0.02566721421,0.8248983563,0.1494344295,4.56638447e-09,5.502657759e-09
21.76,13.77722693,-0.09873835402,0.1386041267,0.898732016,0.1171729385,0.1701774559,0.9063380904,4.088309574e-05,4.359502255e-05,0.02896037239,0.8214487412,0.1495908864,4.23140045e-09,5.181786395e-09
21.784,13.7620482,-0.1021617725,0.1485807973,0.8952994605,0.1271226167,0.1803143951,0.9042794279,4.035377338e-05,4.268215849e-05,0.03251328662,0.8177212903,0.1497654231,3.898918448e-09,4.863164632e-09
21.808,13.74690288,-0.1058554077,0.1584952894,0.8915962666,0.1370087307,0.1905941345,0.9020616913,4.002478533e-05,4.194620496e-05,0.03632612926,0.8137153012,0.1499585695,3.566672321e-09,4.542772349e-09
21.832,13.73179086,-0.1098199545,0.1683407519,0.8876218246,0.1468243996,0.2009951023,0.8996832264,3.990677049e-05,4.141075663e-05,0.04039903596,0.8094299138,0.1501710502,3.231940342e-09,4.215653596e-09
21.856,13.71671202,-0.1140563486,0.1781105595,0.883375261,0.1565629264,0.2114999339,0.8971420187,3.999715058e-05,4.108952073e-05,0.04473222655,0.8048638072,0.1504039662,2.890917207e-09,3.87494537e-09
21.88,13.70166627,-0.1185662067,0.1877986406,0.8788549763,0.1662180708,0.2220951931,0.8944353059,4.026667459e-05,4.09727784e-05,0.04932627894,0.8000145216,0.1506591995,2.537578738e-09,3.509919764e-09
21.904,13.68665349,-0.1233529351,0.1974002712,0.8740574805,0.1757847071,0.2327720208,0.8915586029,4.062781475e-05,4.099616896e-05,0.0541828175,0.7948767472,0.1509404353,2.16145534e-09,3.101758971e-09
21.928,13.67167357,-0.128425048,0.2069143684,0.8689738986,0.1852607155,0.2435293592,0.8885027683,4.084266745e-05,4.09517207e-05,0.0593065522,0.7894371735,0.1512562743,1.743417873e-09,2.613569503e-09
21.952,13.6567264,-0.1338092771,0.2163521385,0.863576091,0.1946540579,0.2543878348,0.8852422646,4.016081325e-05,4.014037299e-05,0.06471317335,0.7836538707,0.151632956,1.255984676e-09,1.965874865e-09
21.976,13.64181189,-0.1396391918,0.2257901679,0.8577216918,0.2040252072,0.2654812683,0.8816534386,3.490947578e-05,3.500447665e-05,0.07048030601,0.7773127881,0.1522069059,9.767324808e-10,1.078703757e-09
22,13.62692991,-0.1529495082,0.2348176469,0.8442837878,0.2104145207,0.2802371841,0.870108835,0.0001118161529,0.0001143127292,0.07853389011,0.7570904014,0.1643757085,9.982690584e-07,1.003502008e-06
22.024,13.61208037,-0.1503690051,0.2429836486,0.8470106603,0.2213025971,0.2857479505,0.8754438292,7.108770277e-05,6.933039766e-05,0.08165190209,0.7664019104,0.1519461875,5.846615698e-09,7.543794685e-09
22.048,13.59726315,-0.1570062941,0.2521223084,0.8403643647,0.230363083,0.2970128529,0.8713664072,6.724329123e-05,6.594018368e-05,0.08821664243,0.759279424,0.1525039336,3.1349547e-09,4.080471811e-09
22.072,13.58247816,-0.1636955319,0.2609138699,0.8336663056,0.2391071169,0.3080134326,0.867278342,6.870403056e-05,6.765493996e-05,0.09487228165,0.7521717299,0.1529559885,2.283454944e-09,2.852516361e-09
22.096,13.56772529,-0.1705873309,0.2695037983,0.8267668439,0.2476566407,0.318955067,0.863062701,7.188316171e-05,7.107268474e-05,0.1017323418,0.744877233,0.1533904252,1.831219189e-09,2.111329799e-09
22.12,13.55300443,-0.1777087842,0.2779115197,0.8196386222,0.2560270089,0.3298715276,0.8586951148,7.605062082e-05,7.549986764e-05,0.1088152321,0.7373573076,0.1538274604,1.534106443e-09,1.603951424e-09
22.144,13.53831548,-0.18506645,0.2861377301,0.8122749269,0.2642177284,0.3407702915,0.8541671761,8.097817371e-05,8.071423355e-05,0.1161243994,0.7296015726,0.1542740281,1.2842582e-09,1.254204976e-09
22.168,13.52365834,-0.1926608458,0.2941780577,0.8046751461,0.272224026,0.3516517185,0.8494751386,8.658731249e-05,8.663362427e-05,0.1236589397,0.7216080196,0.1547330407,1.02733975e-09,1.021558181e-09
22.192,13.50903289,-0.2004900399,0.3020263181,0.7968411424,0.2800396034,0.362513659,0.8446170646,9.286044192e-05,9.323262558e-05,0.1314161624,0.7133779954,0.1552058423,8.244797903e-10,8.81559409e-10
22.216,13.49443905,-0.2085508421,0.3096755775,0.7887760464,0.287657537,0.373352939,0.8395918711,9.981159758e-05,0.0001005149768,0.1393924277,0.7049145209,0.1556930514,7.345301178e-10,8.230810035e-10
22.24,13.47987671,-0.2168392795,0.3171185779,0.7804837745,0.2950706385,0.3841659349,0.8343989478,0.000107475229,0.0001085028032,0.1475834779,0.6962216166,0.1561949055,7.444983009e-10,8.459418807e-10
22.264,13.46534576,-0.2253508137,0.3243479364,0.7719688103,0.3022716244,0.3949488234,0.8290379841,0.0001159016483,0.0001172319949,0.1559845874,0.6873039937,0.1567114189,8.369745376e-10,9.582898162e-10
22.288,13.45084611,-0.2340804529,0.3313562509,0.763236093,0.3092532072,0.4056976996,0.8235088827,0.0001251553234,0.0001267501612,0.1645906401,0.6781668971,0.1572424628,1.003314539e-09,1.174915908e-09
22.312,13.43637764,-0.2430228162,0.3381361628,0.7542909563,0.31600815,0.416408638,0.8178117128,0.0001353145205,0.0001371157652,0.1733961734,0.6688160179,0.1577878087,1.23961149e-09,1.519066199e-09
22.336,13.42194028,-0.2521721755,0.3446803991,0.7451390898,0.3225293045,0.4270777255,0.8119466826,0.0001464716078,0.0001483977971,0.1823954066,0.6592574395,0.1583471539,1.548571499e-09,2.054830223e-09
22.36,13.4075339,-0.2615224876,0.3509818018,0.7357865138,0.3288096376,0.4377010814,0.8059141217,0.0001587336094,0.0001606756129,0.1915822638,0.6494976015,0.1589201347,1.911384216e-09,4.113632e-09
22.384,13.39315842,-0.2710674227,0.3570333509,0.7262395579,0.3348422536,0.4482748725,0.7997144679,0.0001722226472,0.0001740386278,0.2009503932,0.6395432653,0.1595063415,2.219185302e-09,4.761536491e-09
22.408,13.37881373,-0.2808003932,0.3628281828,0.7165048431,0.3406204113,0.4587953259,0.7933482557,0.0001870758167,0.0001885855098,0.2104931885,0.6294014961,0.1601053154,2.434788435e-09,5.736106185e-09
22.432,13.36449973,-0.2907145864,0.3683596048,0.706589263,0.3461375389,0.4692587444,0.7868161046,0.0002034438136,0.0002044223743,0.2202038132,0.6190796316,0.1607165552,2.631478349e-09,7.415775547e-09
22.456,13.35021633,-0.3008030044,0.3736211084,0.6964999625,0.3513872452,0.4796615266,0.780118705,0.0002214872262,0.0002216592329,0.230075232,0.6085852523,0.1613395158,2.845764244e-09,9.237750474e-09
22.48,13.33596343,-0.3110585152,0.3786063809,0.6862443135,0.3563633287,0.4900001955,0.7732568007,0.0002413687603,0.0002404035557,0.2401002529,0.5979261485,0.1619735986,3.090116274e-09,1.092191059e-08
22.504,13.32174093,-0.3214739207,0.383309319,0.6758298826,0.3610597822,0.500271442,0.7662311639,0.0002632386907,0.0002607492321,0.2502715884,0.5871102772,0.1626181345,3.375773681e-09,1.263518945e-08
22.528,13.30754874,-0.3320420504,0.3877240468,0.6652643897,0.3654707942,0.5104721929,0.7590425611,0.0002872094721,0.0002827584138,0.260581946,0.5761457045,0.1632723496,3.717969887e-09,1.487534604e-08
22.552,13.29338675,-0.3427558932,0.391844949,0.6545556488,0.3695907453,0.520599718,0.751691703,0.0003133137957,0.0003064327506,0.2710241687,0.5650405287,0.1639353026,4.138149231e-09,1.839954635e-08
22.576,13.27925487,-0.3536087867,0.395666735,0.6437114827,0.373414199,0.530651806,0.7441791699,0.0003414390102,0.0003316696208,0.2815914605,0.5538027717,0.1646057678,4.667628602e-09,2.474890963e-08
22.6,13.26515301,-0.3645946926,0.3991845726,0.6327395921,0.3769358881,0.5406270553,0.7365052989,0.0003712313949,0.0003581988373,0.2922777561,0.542440222,0.1652820219,5.354680401e-09,3.847073839e-08
22.624,13.25108106,-0.3757085937,0.4023943689,0.6216473465,0.3801507029,0.5505253632,0.7286700079,0.0004019698835,0.0003854976445,0.3030783433,0.5309602088,0.1659614479,6.278511122e-09,7.976924551e-08
22.648,13.23703894,-0.3869470427,0.4052933601,0.6104414323,0.3830536993,0.56034875,0.7206725184,0.0004324264223,0.0004126895953,0.3139909162,0.5193693805,0.1666397033,7.578647512e-09,3.31335736e-07
22.672,13.22302655,-0.3983088288,0.4078813441,0.5991272372,0.3856401889,0.5701027223,0.7125109134,0.0004607643108,0.0004384499122,0.3250173358,0.5076725654,0.1673100988,9.522591961e-09,5.715156382e-07
22.696,13.2090438,-0.4097954362,0.410163191,0.5877077287,0.387906099,0.5797983639,0.7041814511,0.0004845694603,0.0004609671118,0.3361663902,0.4958718514,0.1679617583,1.268056717e-08,1.229478116e-07
22.72,13.19509058,-0.4214100233,0.4121536125,0.5761813767,0.389849186,0.5894548397,0.6956776313,0.0005011244903,0.0004780369534,0.3474572776,0.4839676793,0.168575043,1.844640925e-08,8.412617165e-08
22.744,13.18116681,-0.433151133,0.4138845623,0.5645384834,0.3914729821,0.5990996035,0.6869896615,0.000507956014,0.0004873575999,0.3589206238,0.4719551501,0.1691242261,3.087238017e-08,1.176346228e-07
22.768,13.1672724,-0.4449934525,0.4154099314,0.5527566364,0.3927994289,0.6087565884,0.6781086125,0.0005034928664,0.0004870131115,0.370584901,0.4598317905,0.1695833085,6.361670356e-08,2.629320369e-07
22.792,13.15340725,-0.4568539037,0.4167846018,0.5408094116,0.3939052987,0.6184051209,0.6690562039,0.000487504616,0.0004759855494,0.3824252682,0.447636794,0.1699379378,1.369493795e-07,3.63421004e-07
22.816,13.13957127,-0.4685886335,0.4179899537,0.5287667024,0.3949740205,0.6279258785,0.659999017,0.0004610637131,0.0004544391999,0.3942913854,0.4355991282,0.1701094864,2.639790245e-07,2.192600679e-07
22.84,13.12576436,-0.4801008226,0.4188800304,0.5170280105,0.3960737364,0.6371477692,0.6513005207,0.0004260871425,0.0004236108606,0.4059575525,0.4241926639,0.1698497836,9.118560685e-08,1.161384911e-07
22.864,13.11198644,-0.491450136,0.4192956935,0.5058237876,0.3966532842,0.6460124726,0.6427997605,0.000384765648,0.0003853807287,0.4173323028,0.4131917428,0.1694759544,3.99869767e-08,6.220019133e-08
22.888,13.09823742,-0.5027670466,0.4192029923,0.4946531719,0.3964410543,0.6546035838,0.633914245,0.0003391633148,0.0003417728188,0.4285059972,0.401847431,0.1696465718,3.025354609e-08,4.410964385e-08
22.912,13.0845172,-0.514126765,0.4186580481,0.4832833748,0.3957162297,0.6630240506,0.6246232103,0.0002910722567,0.0002946066953,0.4396010073,0.3901542802,0.1702447125,3.083584314e-08,3.858103794e-08
22.936,13.07082569,-0.5255393399,0.4177230706,0.4717819548,0.3946477667,0.6713301435,0.6150813545,0.0002420460375,0.0002453775226,0.45068426,0.3783251732,0.1709905667,3.992819293e-08,4.03714626e-08
22.96,13.0571628,-0.5369861161,0.4164375228,0.4602275945,0.3932764363,0.6795397702,0.6053724425,0.0001934903047,0.0001953307878,0.4617743966,0.3664758838,0.1717497196,5.982724966e-08,5.152628945e-08
22.984,13.04352845,-0.5484427828,0.414821942,0.4486675884,0.3916053524,0.687653059,0.5955311553,0.0001467267306,0.00014569582,0.4728669113,0.3546574597,0.172475629,1.601903736e-07,8.161730864e-08
23.008,13.02992255,-0.559887141,0.4128863446,0.4371302952,0.3896308431,0.6956642468,0.5855724455,0.0001030271992,9.823725683e-05,0.483950371,0.3428952451,0.1731543839,1.616132228e-06,1.466233604e-07
23.032,13.016345,-0.5713003902,0.4106357709,0.4256348671,0.3873495688,0.7035665371,0.575503891,6.378548243e-05,5.753540469e-05,0.4950062102,0.3312049133,0.1737888765,3.339316456e-07,1.814197314e-07
23.056,13.00279571,-0.5826665996,0.4080731688,0.4141959846,0.3847596909,0.7113536936,0.565330287,3.203993944e-05,4.204296892e-05,0.5060241578,0.319598446,0.1743773962,7.938609375e-08,1.1089072e-07
23.08,12.98927461,-0.5939719398,0.4052007683,0.4028260387,0.3818607724,0.7190203946,0.5550553728,2.351165428e-05,6.540394192e-05,0.5169903647,0.3080865306,0.1749231047,3.622194091e-08,5.940634501e-08
23.104,12.9757816,-0.6052040645,0.4020207083,0.3915361584,0.3786534958,0.7265621857,0.5446825068,4.218409259e-05,9.928853941e-05,0.527892633,0.2966790791,0.1754282879,2.16007871e-08,3.596680092e-08
23.128,12.96231659,-0.6163516781,0.3985353106,0.380336714,0.3751394195,0.7339753299,0.5342149381,6.31850912e-05,0.0001319583128,0.5387198037,0.2853856421,0.1758945542,1.486181235e-08,2.460773465e-08
23.152,12.94887949,-0.6274042474,0.394747191,0.3692375725,0.3713207989,0.741256659,0.5236559182,8.160679988e-05,0.0001608774052,0.5494614523,0.2742155649,0.1763229828,1.1163726e-08,1.835785644e-08
23.176,12.93547023,-0.638351814,0.3906592959,0.3582482321,0.3672004604,0.7484034499,0.5130087464,9.705958465e-05,0.000185387974,0.5601077422,0.2631780227,0.1767142351,8.892800525e-09,1.446007209e-08
23.2,12.92208871,-0.6491848699,0.3862749051,0.3473778934,0.362781712,0.755413329,0.5022767876,0.0001097844704,0.0002054735258,0.5706493171,0.2522820254,0.1770686575,7.384557049e-09,1.17579786e-08
23.224,12.90873484,-0.6598942772,0.3815976207,0.3366354984,0.3580682784,0.7622841997,0.4914634786,0.0001201450058,0.0002214287624,0.5810772219,0.2415364096,0.1773863685,6.323629606e-09,9.742621253e-09
23.248,12.89540855,-0.6704712138,0.37663135,0.3260297506,0.3530642524,0.7690141886,0.4805723302,0.0001285085247,0.0002337041912,0.5913828444,0.2309498274,0.1776673282,5.544218043e-09,8.175465704e-09
23.272,12.88210975,-0.6809071378,0.3713802882,0.3155691252,0.3477740579,0.7756016044,0.4696069294,0.0001352091735,0.0002428093721,0.601557872,0.220530734,0.177911394,4.952155139e-09,6.930348841e-09
23.296,12.86883834,-0.6911937629,0.3658489006,0.3052618743,0.3422024197,0.7820449066,0.458570941,0.0001405370603,0.0002492510609,0.6115942602,0.210287376,0.1781183638,4.49063894e-09,5.929235993e-09
23.32,12.85559425,-0.7013230423,0.3600419064,0.2951160275,0.3363543392,0.7883426819,0.447468112,0.0001447377298,0.0002534971838,0.6214842091,0.2002277806,0.1782880103,4.123726879e-09,5.117517612e-09
23.344,12.8423774,-0.7112871568,0.3539642642,0.2851393923,0.3302350737,0.7944936247,0.436302277,0.0001480158883,0.0002559595022,0.6312201454,0.1903597469,0.1784201076,3.827790194e-09,4.454438933e-09
23.368,12.82918769,-0.7210785074,0.3476211581,0.2753395523,0.3238501178,0.800496523,0.4250773669,0.0001505406368,0.0002569886213,0.6407947095,0.1806908378,0.1785144526,3.586824402e-09,3.908824401e-09
23.392,12.81602505,-0.7306897095,0.3410179861,0.2657238664,0.3172051876,0.8063502455,0.4137974193,0.000152450909,0.000256876278,0.6502007451,0.1712283737,0.1785708812,3.389751642e-09,3.456638068e-09
23.416,12.80288939,-0.7401135896,0.3341603494,0.2562994665,0.3103062062,0.8120537326,0.4024665925,0.0001538605198,0.0002558613121,0.6594312915,0.1619794267,0.1785892819,3.228809934e-09,3.079291502e-09
23.44,12.78978063,-0.7493431819,0.327054042,0.2470732563,0.3031592903,0.8176059874,0.3910891833,0.0001548625953,0.0002541370241,0.6684795777,0.1529508166,0.1785696057,3.098565476e-09,2.762367832e-09
23.464,12.77669869,-0.7583717271,0.3197050426,0.2380519105,0.2957707382,0.8230060697,0.3796696481,0.0001555333308,0.0002518585937,0.677339018,0.1441491076,0.1785118744,2.995299595e-09,2.494641967e-09
23.488,12.76364348,-0.7671926714,0.3121195066,0.2292418729,0.2881470185,0.8282530902,0.3682126295,0.0001559351193,0.0002491498854,0.6860032086,0.1355806049,0.1784161865,2.916633125e-09,2.267330939e-09
23.512,12.75061492,-0.7757996653,0.3043037585,0.2206493565,0.2802947594,0.8333462054,0.3567229886,0.0001561191203,0.0002461093634,0.6944659254,0.1272513533,0.1782827214,2.861311262e-09,2.073524223e-09
23.536,12.73761293,-0.7841865642,0.2962642862,0.2122803423,0.2722207392,0.8382846144,0.3452058438,0.0001561273543,0.0002428150651,0.7027211219,0.1191671355,0.1781117426,2.829106171e-09,1.907752815e-09
23.56,12.72463744,-0.7923474282,0.2880077346,0.2041405798,0.2639318773,0.8430675549,0.3336666183,0.0001559944028,0.0002393286917,0.7107629293,0.1113334712,0.1779035995,2.820814214e-09,1.765663793e-09
23.584,12.71168835,-0.800276523,0.2795409006,0.1962355861,0.2554352255,0.8476943013,0.3221110983,0.0001557487842,0.0002356989266,0.7185856555,0.1037556169,0.1776587276,2.838333709e-09,1.643774301e-09
23.608,12.69876559,-0.8079683212,0.270870728,0.1885706464,0.2467379601,0.8521641622,0.3105455034,0.0001554140663,0.000231964101,0.7261837863,0.096438565,0.1773776487,2.884804708e-09,1.539285039e-09
23.632,12.68586908,-0.8154175033,0.2620043031,0.1811508141,0.2378473748,0.8564764792,0.2989765729,0.0001550097667,0.0002281543235,0.7335519865,0.08938704465,0.1770609689,2.964760029e-09,1.449938326e-09
23.656,12.67299873,-0.8226189599,0.2529488505,0.1739809106,0.2287708736,0.8606306259,0.2874116731,0.0001545520816,0.0002242931739,0.7406851011,0.08260552153,0.1767093773,3.084136848e-09,1.373909602e-09
23.68,12.66015448,-0.8295677941,0.2437117289,0.1670655259,0.2195159643,0.8646260069,0.2758589287,0.0001540544764,0.0002203990491,0.7475781588,0.07609819842,0.1763236428,3.249733837e-09,1.309724138e-09
23.704,12.64733623,-0.8362593238,0.2343004274,0.1604090184,0.2100902529,0.8684620584,0.264327387,0.0001535281657,0.0002164862306,0.754226374,0.06986901564,0.1759046104,3.467070063e-09,1.256192847e-09
23.728,12.63454391,-0.8426890851,0.2247225614,0.1540155146,0.2005014374,0.8721382481,0.2528272239,0.000152982503,0.0002125657321,0.7606251509,0.06392165153,0.1754531975,3.734348841e-09,1.212362701e-09
23.752,12.62177745,-0.8488528358,0.2149858686,0.1478889096,0.1907573029,0.8756540758,0.2413700027,0.000152425299,0.0002086459716,0.7667700877,0.0582595229,0.1749703894,4.028797247e-09,1.177478386e-09
23.776,12.60903676,-0.8547465589,0.2050982052,0.142032866,0.1808657163,0.8790090749,0.2299690031,0.0001518630803,0.0002047333067,0.7726569812,0.05288578545,0.1744572334,4.284551975e-09,1.150952725e-09
23.8,12.59632176,-0.8603664676,0.1950675418,0.1364508138,0.1708346216,0.8822028137,0.2186396408,0.0001513013011,0.0002008324592,0.7782818317,0.04780333401,0.1739148342,4.381706165e-09,1.132343989e-09
23.824,12.58363239,-0.8657090092,0.1849019583,0.1311459493,0.1606720349,0.8852348969,0.2074000069,0.0001507445157,0.0001969468543,0.7836408497,0.04301480275,0.1733443476,4.20040611e-09,1.121338734e-09
23.848,12.57096855,-0.8707708703,0.1746096397,0.1261212342,0.1503860401,0.8881049684,0.1962715638,0.0001501965192,0.0001930788904,0.7887304611,0.03852256516,0.1727469737,3.74228508e-09,1.117739099e-09
23.872,12.55833018,-0.8755489822,0.1641988705,0.1213793939,0.139984784,0.8908127128,0.1852800502,0.0001496604607,0.0001892301547,0.7935473149,0.03432873393,0.1721239512,3.158178633e-09,1.12145382e-09
23.896,12.54571719,-0.8800405262,0.1536780291,0.1169229164,0.1294764718,0.8933578591,0.1744566569,0.0001491389358,0.0001854015952,0.7980882892,0.03043516063,0.1714765502,2.613889934e-09,1.13249235e-09
23.92,12.53312952,-0.884242939,0.1430555816,0.1127540497,0.1188693626,0.8957401825,0.163839559,0.0001486340591,0.0001815936581,0.8023504989,0.02684343523,0.1708060659,2.18763085e-09,1.150961669e-09
23.944,12.52056707,-0.8881539188,0.1323400749,0.1088748005,0.1081717641,0.8979595085,0.1534759027,0.0001481475209,0.0001778063974,0.8063313028,0.02355488551,0.1701138117,1.883600873e-09,1.177065444e-09
23.968,12.50802979,-0.891771431,0.1215401293,0.1052869306,0.09739202765,0.9000157155,0.1434243522,0.0001476806295,0.0001740395624,0.8100283116,0.02057057631,0.1694011121,1.677635409e-09,1.211105276e-09
23.992,12.49551759,-0.8950937137,0.1106644302,0.1019919554,0.08653854295,0.9019087384,0.1337582834,0.0001472343408,0.0001702926669,0.8134393956,0.01789130863,0.1686692957,1.543294802e-09,1.253483777e-09
24.016,12.4830304,-0.8981192837,0.09972171982,0.0989911402,0.07561973212,0.9036385722,0.124569618,0.0001468092759,0.0001665650446,0.8165626921,0.01551761877,0.1679196891,1.459910488e-09,1.304709268e-09
24.04,12.47056814,-0.9008469416,0.08872078698,0.0962854977,0.06464404365,0.9052052752,0.1159730548,0.0001464057264,0.0001628558918,0.8193966131,0.01344977733,0.1671536095,1.41309728e-09,1.365401745e-09
24.064,12.45813073,-0.9032757775,0.07767045733,0.09387578465,0.05361994569,0.9066089731,0.1081099511,0.0001460236497,0.0001591643021,0.8219398528,0.01168778829,0.1663723589,1.393327571e-09,1.436299738e-09
24.088,12.44571812,-0.9054051751,0.06657958222,0.09176249877,0.04255591899,0.907849862,0.1011501973,0.0001456626504,0.0001554892916,0.8241913945,0.01023138812,0.1655772174,1.394460368e-09,1.518267399e-09
24.112,12.43333021,-0.9072348168,0.05545702694,0.08994587563,0.03146044923,0.908928212,0.09528914108,0.0001453219506,0.0001518298193,0.8261505171,0.009080045073,0.1647694378,1.412645216e-09,1.612300924e-09
24.136,12.42096694,-0.9087646869,0.04431165836,0.08842588564,0.02034201868,0.9098443708,0.09073552212,0.0001450003446,0.0001481848016,0.8278168016,0.008232958653,0.1639502397,1.445587509e-09,1.719532912e-09
24.16,12.40862823,-0.9099950751,0.03315233184,0.08720223112,0.00920909742,0.9105987666,0.08768715178,0.0001446961388,0.0001445531221,0.8291901362,0.007689059325,0.1631208045,1.492078626e-09,1.841232707e-09
24.184,12.39631401,-0.9109265788,0.02198787743,0.08627434375,-0.001929866205,0.911191911,0.08629592559,0.0001444070728,0.000140933639,0.8302707212,0.007447008615,0.1622822702,1.55170493e-09,1.978799918e-09
24.208,12.38402421,-0.911560105,0.01082708563,0.08564138223,-0.01306645572,0.9116244022,0.08663243397,0.0001441302196,0.0001373251883,0.8310590731,0.007505199607,0.1614357273,1.624675525e-09,2.133747384e-09
24.232,12.37175875,-0.9118968703,-0.0003213075301,0.08530223044,-0.02419229728,0.9118969269,0.08866644104,0.0001438618606,0.0001337265857,0.8315560278,0.007861757957,0.1605822143,1.711730548e-09,2.307668756e-09
24.256,12.35951756,-0.9119384016,-0.01144863578,0.0852554961,-0.03529907115,0.9120102629,0.09227417861,0.0001435973333,0.000130136625,0.8317627421,0.008514543476,0.1597227145,1.814107173e-09,2.502184918e-09
24.28,12.34730058,-0.911686534,-0.02254631832,0.08549951001,-0.04637852362,0.9119652804,0.09726835902,0.0001433308446,0.000126554076,0.8316806952,0.009461152401,0.1588581524,1.933551006e-09,2.718863063e-09
24.304,12.33510772,-0.9111434086,-0.0336058758,0.08603232607,-0.05742247974,0.911762944,0.1034354983,0.0001430552465,0.0001229776802,0.8313116885,0.01069892039,0.1579893911,2.072367876e-09,2.959103198e-09
24.328,12.32293892,-0.9103114693,-0.04461894657,0.08685172197,-0.06842285636,0.9114043128,0.1105663099,0.000142761769,0.000119406145,0.8306578441,0.01222492636,0.1571172295,2.233516667e-09,3.223990175e-09
24.352,12.3107941,-0.9091934572,-0.05557730292,0.08795520094,-0.07937167579,0.9108905418,0.1184735426,0.0001424397048,0.000115838137,0.8297216019,0.01403599722,0.1562424009,2.42074891e-09,3.51411675e-09
24.376,12.2986732,-0.9077924054,-0.06647286746,0.08933999428,-0.09026107988,0.9102228811,0.1269988075,0.0001420760443,0.0001122722741,0.8285057161,0.01612871355,0.1553655703,2.638806062e-09,3.82939579e-09
24.4,12.28657615,-0.9061116309,-0.07729772923,0.09100306516,-0.1010833443,0.9094026757,0.1360125008,0.000141655059,0.0001087071165,0.8270132495,0.01849941635,0.1544873341,2.893691582e-09,4.168898124e-09
24.424,12.27450287,-0.9041547265,-0.08804415972,0.09294111336,-0.1118308933,0.9084313643,0.145410451,0.0001411578407,0.0001051411571,0.8252475667,0.02114421483,0.1536082185,3.193042486e-09,4.530774261e-09
24.448,12.26245329,-0.9019255507,-0.09870462846,0.09515058135,-0.1224963143,0.9073104776,0.1551095747,0.0001405618075,0.0001015728106,0.8232123261,0.02405899538,0.1527286786,3.546634437e-09,4.912336923e-09
24.472,12.25042735,-0.8994282163,-0.1092718182,0.09762766159,-0.1330723729,0.9060416362,0.1650436813,0.0001398402067,9.800040231e-05,0.8209114701,0.02723943166,0.1518490983,3.967064696e-09,5.3103861e-09
24.496,12.23842497,-0.896667078,-0.1197386393,0.1003683051,-0.1435520275,0.9046265475,0.1751598735,0.0001389616573,9.44221559e-05,0.8183492143,0.03068099592,0.1509697898,4.470665079e-09,5.72183736e-09
24.52,12.22644608,-0.8936467187,-0.1300982441,0.1033682316,-0.1539284438,0.9030670025,0.1854156334,0.0001378898052,9.083618098e-05,0.815530035,0.0343789715,0.1500909935,5.078691182e-09,6.144662687e-09
24.544,12.21449063,-0.8903719344,-0.1403440391,0.1066229405,-0.1641950089,0.9013648712,0.1957765368,0.0001365831957,8.724045998e-05,0.8124586554,0.03832846657,0.149212878,5.818784656e-09,6.579083148e-09
24.568,12.20255853,-0.8868477184,-0.1504696981,0.1101277241,-0.1743453452,0.8995220984,0.2062144879,0.0001349955031,8.363283504e-05,0.8091400305,0.04252442904,0.1483355404,6.726536899e-09,7.028894728e-09
24.592,12.19064972,-0.8830792433,-0.1604691725,0.1138776814,-0.1843733235,0.8975406984,0.2167063652,0.0001330762968,8.001099502e-05,0.8055793309,0.04696166264,0.1474590065,7.846522103e-09,7.5027977e-09
24.616,12.17876414,-0.8790718439,-0.1703367016,0.1178677338,-0.1942730748,0.8954227486,0.2272329867,0.0001307725406,7.637246317e-05,0.801781925,0.05163484409,0.1465832309,9.231067573e-09,8.015644703e-09
24.64,12.1669017,-0.8748309968,-0.1800668215,0.1220926416,-0.2040390022,0.893170383,0.237778316,0.0001280310157,7.271458626e-05,0.7977533605,0.05653854144,0.1457080981,1.093279676e-08,8.589570274e-09
24.664,12.15506236,-0.8703623011,-0.189654372,0.1265470229,-0.213665791,0.8907857857,0.2483288531,0.0001248017831,6.903452629e-05,0.7934993446,0.06166723329,0.1448334221,1.298373051e-08,9.254860763e-09
24.688,12.14324603,-0.8656714573,-0.1990945031,0.1312253722,-0.2231484177,0.8882711823,0.2588731632,0.0001210426548,6.532925646e-05,0.7890257232,0.06701532894,0.1439589478,1.535319585e-08,1.004983689e-08
24.712,12.13145265,-0.8607642458,-0.2083826795,0.1361220814,-0.2324821575,0.885628832,0.2694015119,0.0001167243969,6.159556424e-05,0.7843384595,0.07257718944,0.143084351,1.789088686e-08,1.101728816e-08
24.736,12.11968216,-0.8556465047,-0.2175146832,0.1412314614,-0.2416625911,0.8828610187,0.2799055798,0.0001118360877,5.783006559e-05,0.7794436112,0.07834714914,0.1422092397,2.02995407e-08,1.219113991e-08
24.76,12.10793449,-0.8503241071,-0.2264866155,0.1465477643,-0.2506856085,0.8799700416,0.2903782387,0.0001063897603,5.402923721e-05,0.7743473077,0.08431953799,0.1413331544,2.220450811e-08,1.356171898e-08
24.784,12.09620957,-0.8448029386,-0.2352948964,0.1520652075,-0.2595474122,0.8769582051,0.3008133749,0.0001004233112,5.018947798e-05,0.7690557268,0.09048870403,0.1404555691,2.332277503e-08,1.501274886e-08
24.808,12.08450734,-0.8390888738,-0.2439362628,0.1577779971,-0.2682445181,0.8738278083,0.3112057485,9.400076518e-05,4.630721858e-05,0.763575071,0.09684903631,0.1395758927,2.362463224e-08,1.62728568e-08
24.832,12.07282772,-0.8331877529,-0.252407765,0.1636803532,-0.2767737544,0.8705811343,0.3215508811,8.720941579e-05,4.237911311e-05,0.7579115423,0.103394988,0.1386934697,2.334330329e-08,1.701272664e-08
24.856,12.06117066,-0.8271053583,-0.2607067612,0.1697665343,-0.2851322581,0.8672204385,0.331844965,8.015402826e-05,3.840237547e-05,0.7520713183,0.1101210994,0.1378075823,2.280856609e-08,1.711968609e-08
24.88,12.04953609,-0.8208473916,-0.2688309105,0.1760308633,-0.2933174703,0.8637479371,0.3420847895,7.294898394e-05,3.437538461e-05,0.7460605264,0.1170220212,0.1369174524,2.227685919e-08,1.682648812e-08
24.904,12.03792395,-0.8144194503,-0.2767781642,0.1824677523,-0.3013271279,0.8601657941,0.3522676804,6.570971492e-05,3.029882047e-05,0.7398852195,0.1240925361,0.1360222445,2.188993389e-08,1.649599672e-08
24.928,12.02633416,-0.807827005,-0.284546755,0.1890717279,-0.3091592546,0.8564761093,0.36239145,5.854485454e-05,2.617793063e-05,0.7335513509,0.1313275801,0.135121069,2.171627468e-08,1.638471708e-08
24.952,12.01476667,-0.8010753767,-0.2921351845,0.1958374562,-0.3168121483,0.8526809047,0.372454355,5.155022489e-05,2.202744308e-05,0.7270647497,0.1387222637,0.1342129866,2.17937217e-08,1.66066867e-08
24.976,12.00322141,-0.7941697157,-0.2995422093,0.2027597671,-0.3242843666,0.8487821113,0.3824550608,4.480526034e-05,1.788342609e-05,0.7204310966,0.1462718911,0.1332970123,2.214847126e-08,1.719724281e-08
25,11.99169832,-0.7871149792,-0.3067668246,0.2098336776,-0.3315747103,0.8447815547,0.3923926104,3.837195173e-05,1.383605921e-05,0.7136558995,0.1539719791,0.1323721214,2.28004801e-08,1.816860849e-08
25.024,11.98019733,-0.7799159117,-0.3138082471,0.2170544148,-0.3386822041,0.8406809414,0.4022663972,3.229608118e-05,1.013433489e-05,0.7067444701,0.161818274,0.1314372559,2.376817785e-08,1.953510339e-08
25.048,11.96871838,-0.7725770245,-0.3206658949,0.2244174372,-0.3456060753,0.8364818438,0.4120761403,2.661054342e-05,7.521038253e-06,0.6997019008,0.1698067668,0.1304913324,2.507950897e-08,2.131478408e-08
25.072,11.95726141,-0.7651025772,-0.3273393664,0.2319184549,-0.3523457303,0.8321856851,0.4218218621,2.134112816e-05,7.499549591e-06,0.6925330417,0.1779337069,0.1295332514,2.679241769e-08,2.351067939e-08
25.096,11.94582635,-0.7574965596,-0.3338284174,0.2395534478,-0.3589007283,0.8277937243,0.4315038669,1.651699578e-05,1.025541473e-05,0.6852424793,0.1861956133,0.1285619074,2.902595929e-08,2.607353985e-08
25.12,11.93441314,-0.749762675,-0.340132936,0.2473186829,-0.365270754,0.8233070405,0.4411227207,1.219412706e-05,1.438376206e-05,0.6778345151,0.1945892838,0.1275762012,3.200120179e-08,2.887390497e-08
25.144,11.92302171,-0.7419043246,-0.3462529162,0.2552107287,-0.3714555873,0.8187265166,0.4506792312,8.521959766e-06,1.910102135e-05,0.6703131451,0.2031118015,0.1265750534,3.608661632e-08,3.174920296e-08
25.168,11.91165202,-0.7339245937,-0.3521884293,0.2632264677,-0.3774550715,0.8140528232,0.4601744282,5.945250956e-06,2.412730803e-05,0.6626820409,0.2117605395,0.1255574196,4.18260531e-08,3.462926893e-08
25.192,11.90030399,-0.7258262382,-0.3579395938,0.2713631067,-0.3832690799,0.8092864023,0.4696095435,5.37463961e-06,2.934379233e-05,0.6549445308,0.2205331618,0.1245223074,4.986693133e-08,3.763045594e-08
25.216,11.88897755,-0.7176116741,-0.3635065432,0.2796181845,-0.3888974806,0.8044274497,0.4789859909,6.818221718e-06,3.468009456e-05,0.6471035824,0.2294276218,0.1234687957,6.056492622e-08,4.113708753e-08
25.24,11.87767266,-0.7092829679,-0.3688893925,0.2879895761,-0.3943400997,0.7994758986,0.4883053453,9.083426522e-06,4.007802522e-05,0.6391617856,0.2384421578,0.1223960565,7.305936036e-08,4.601881517e-08
25.264,11.86638925,-0.7008418291,-0.3740882021,0.2964754952,-0.3995966842,0.794431402,0.4975693211,1.15020233e-05,4.547777468e-05,0.6311213374,0.2475752854,0.1213033772,8.484543088e-08,5.409711047e-08
25.288,11.85512725,-0.692289605,-0.3791029406,0.3050744921,-0.4046668627,0.7892933148,0.5067797505,1.385848578e-05,5.081200458e-05,0.6229840311,0.2568257875,0.1201901814,9.411080678e-08,6.93867469e-08
25.312,11.84388662,-0.6836272777,-0.3839334451,0.3137854498,-0.409550106,0.7840606769,0.5159385602,1.608501329e-05,5.600372078e-05,0.6147512475,0.2661927036,0.119056049,1.021147078e-07,1.025566716e-07
25.336,11.83266727,-0.6748554635,-0.3885793806,0.322607575,-0.414245688,0.7787321951,0.5250477478,1.816193227e-05,6.096679758e-05,0.606423945,0.2756753333,0.1179007217,1.13029814e-07,1.920615746e-07
25.36,11.82146916,-0.6659744156,-0.3930401965,0.3315403872,-0.4187526448,0.7733062254,0.5341093576,2.008735016e-05,6.560888484e-05,0.5980026549,0.2852733841,0.1167239609,1.362482456e-07,5.739149099e-07
25.384,11.81029223,-0.6569840294,-0.3973150823,0.3405837029,-0.423069736,0.7677807561,0.5431254553,2.186656101e-05,6.983650366e-05,0.5894874757,0.2949912209,0.1155213034,1.857099495e-07,5.955815024e-06
25.408,11.79913641,-0.6478838517,-0.4014029212,0.3497376168,-0.4271954052,0.7621533903,0.5520981025,2.350783132e-05,7.356183369e-05,0.5808780498,0.3048135616,0.1143083886,2.588797195e-07,1.241359058e-06
25.432,11.78800165,-0.6386730935,-0.4053022425,0.3590024791,-0.4311277423,0.7564213298,0.5610293309,2.502055413e-05,7.671024603e-05,0.5721735065,0.314754205,0.1130722885,2.777257123e-07,2.889760251e-07
25.456,11.77688788,-0.629350647,-0.4090111726,0.3683788692,-0.4348644475,0.7505813589,0.5699211165,2.64143913e-05,7.922727294e-05,0.5633725818,0.3248102162,0.111817202,2.048428093e-07,1.309055716e-07
25.48,11.76579505,-0.6199151074,-0.4125273855,0.3778675663,-0.4384027968,0.7446298302,0.5787753535,2.769886876e-05,8.108364729e-05,0.5544737166,0.3349809946,0.1105452888,1.317576508e-07,7.813327553e-08
25.504,11.7547231,-0.6103647992,-0.4158480516,0.3874695161,-0.4417396105,0.7385626514,0.5875938303,2.888319534e-05,8.227739697e-05,0.5454748782,0.3452665703,0.1092585515,8.725618922e-08,5.407506332e-08
25.528,11.74367197,-0.6006978089,-0.4189697882,0.3971857956,-0.4448712251,0.7323752733,0.5963782048,2.997619911e-05,8.283266177e-05,0.5363736035,0.3556670109,0.1079593855,6.164714897e-08,4.09646107e-08
25.552,11.73264159,-0.5909120225,-0.4218886087,0.4070175746,-0.4477934681,0.7260626809,0.6051299828,3.098632856e-05,8.279566633e-05,0.5271670637,0.3661823359,0.1066506004,4.6217574e-08,3.293425899e-08
25.576,11.72163192,-0.58100517,-0.4245998748,0.4169660765,-0.4505016378,0.7196193864,0.6138504986,3.192169213e-05,8.222885333e-05,0.5178520987,0.376812469,0.1053354324,3.634439356e-08,2.758908327e-08
25.6,11.71064289,-0.5709748757,-0.4270982497,0.4270325376,-0.4529904877,0.7130394264,0.6225408983,3.279012195e-05,8.120438917e-05,0.5084252544,0.3875572005,0.1040175451,2.967495674e-08,2.380155429e-08
25.624,11.69967445,-0.5608187152,-0.4293776561,0.4372181672,-0.4552542152,0.7063163618,0.6312021279,3.359925524e-05,7.979810786e-05,0.498882829,0.3984161536,0.1027010174,2.496306592e-08,2.09831755e-08
25.648,11.68872653,-0.550534279,-0.4314312379,0.4475241089,-0.4572864572,0.6994432825,0.6398349256,3.435663083e-05,7.808459694e-05,0.4892209281,0.4093887569,0.1013903149,2.151159401e-08,1.880212829e-08
25.672,11.67779908,-0.540119242,-0.4332513293,0.4579514054,-0.4590802899,0.6924128175,0.6484398216,3.506980144e-05,7.613372378e-05,0.47943553,0.4204742251,0.1000902449,1.890951194e-08,1.706009318e-08
25.696,11.66689205,-0.5295714375,-0.4348294319,0.4685009681,-0.4606282346,0.6852171497,0.657017144,3.574646463e-05,7.400857502e-05,0.4695225605,0.4316715487,0.09880589085,1.690293123e-08,1.563334685e-08
25.72,11.65600537,-0.5188889358,-0.4361562028,0.4791735544,-0.4619222684,0.6778480368,0.6655670344,3.639461786e-05,7.176458633e-05,0.4594779776,0.4429794969,0.0975425255,1.532865356e-08,1.444240067e-08
25.744,11.64513898,-0.5080701238,-0.4372214542,0.4899697548,-0.4629538387,0.6702968378,0.6740894728,3.702274616e-05,6.944956518e-05,0.4492978662,0.4543966356,0.09630549825,1.40782208e-08,1.343531005e-08
25.768,11.63429284,-0.4971137825,-0.4380141692,0.500889992,-0.4637138803,0.662554545,0.6825843149,3.76400547e-05,6.710431957e-05,0.4389785396,0.465921364,0.09510009641,1.307758524e-08,1.257796306e-08
25.792,11.62346689,-0.4860191596,-0.4385225334,0.5119345372,-0.4641928327,0.6546118207,0.6910513413,3.825676438e-05,6.476366141e-05,0.4285166496,0.4775519723,0.09393137815,1.227515985e-08,1.184814683e-08
25.816,11.61266106,-0.4747860295,-0.4387339862,0.5231035444,-0.4643806541,0.6464590354,0.6994903217,3.888449707e-05,6.245762452e-05,0.4179092976,0.4892867252,0.09280397721,1.163456469e-08,1.123178347e-08
25.84,11.60187531,-0.4634147336,-0.4386352906,0.5343971091,-0.464266829,0.6380863057,0.7079010939,3.953679014e-05,6.021280882e-05,0.4071541462,0.5011239731,0.09172188072,1.113011758e-08,1.072048962e-08
25.864,11.59110957,-0.451906192,-0.438212623,0.545815353,-0.4638403619,0.6294835259,0.7162836596,4.022980077e-05,5.805382775e-05,0.3962495217,0.5130622946,0.0906881836,1.074399956e-08,1.030999177e-08
25.888,11.5803638,-0.4402618723,-0.437451679,0.5573585403,-0.463089752,0.6206403851,0.7246382966,4.098329452e-05,5.600489853e-05,0.3851944998,0.525100674,0.08970482624,1.046449687e-08,9.999120974e-09
25.912,11.56963793,-0.428483701,-0.4363377901,0.569027228,-0.4620029375,0.6115463589,0.7329656885,4.182206916e-05,5.409168427e-05,0.3739889611,0.5372387132,0.08877232567,1.028498792e-08,9.789214116e-09
25.936,11.55893191,-0.4165738997,-0.4348560403,0.5808224559,-0.4605671991,0.6021906589,0.7412670707,4.277806322e-05,5.234359005e-05,0.3626336017,0.5494768826,0.08788951567,1.020350977e-08,9.683814524e-09
25.96,11.54824569,-0.4045347215,-0.4329913653,0.5927459759,-0.4587690084,0.5925621177,0.7495443916,4.389357523e-05,5.079686465e-05,0.3511298755,0.5618168073,0.08705331717,1.022286443e-08,9.688628691e-09
25.984,11.5375792,-0.3923680654,-0.4307286065,0.6048005268,-0.4565938008,0.5826489777,0.7578004857,4.522635025e-05,4.949912852e-05,0.3394798436,0.5742615884,0.08625856807,1.035135643e-08,9.811790158e-09
26.008,11.52693241,-0.3800749392,-0.4280524783,0.6169901512,-0.4540256536,0.5724385414,0.7660392554,4.685794054e-05,4.851647321e-05,0.3276858964,0.5868161532,0.08549795038,1.060445311e-08,1.006465656e-08
26.032,11.51630524,-0.3676547467,-0.4249473894,0.6293205573,-0.4510468379,0.5619166277,0.7742658547,4.890810213e-05,4.794537418e-05,0.3157503099,0.5994876265,0.08476206355,1.100805145e-08,1.046370487e-08
26.056,11.50569765,-0.3551043742,-0.4213970297,0.6417995186,-0.4476372113,0.5510667593,0.7824868657,5.156101073e-05,4.793413081e-05,0.3036745874,0.6122857083,0.08403970423,1.160492116e-08,1.103475233e-08
26.08,11.49510959,-0.3424170699,-0.4173836034,0.6544373057,-0.443773406,0.5398689861,0.7907104546,5.511641186e-05,4.872463016e-05,0.2914585376,0.6252230372,0.08331842521,1.24680501e-08,1.182207106e-08
26.104,11.48454099,-0.3295811339,-0.4128865395,0.6672471348,-0.4394277564,0.5282982286,0.7989464888,6.00985711e-05,5.074193141e-05,0.2790990356,0.6383155075,0.08258545687,1.372998913e-08,1.290796046e-08
26.128,11.47399181,-0.3165784906,-0.4078804563,0.6802456108,-0.4345668934,0.5163219997,0.8072065881,6.751686141e-05,5.481200272e-05,0.2665884276,0.6515824933,0.0818290791,1.564951305e-08,1.44561713e-08
26.152,11.46346199,-0.3033833145,-0.4023320907,0.6934531257,-0.4291499134,0.5038973574,0.8155040685,7.95984427e-05,6.279096887e-05,0.2539125718,0.6650469065,0.08104052168,1.874990686e-08,1.681723481e-08
26.176,11.45295148,-0.2899610482,-0.3961958457,0.7068941493,-0.4231260047,0.4909669618,0.8238537213,0.000102421969,7.993294762e-05,0.2410485921,0.6787349814,0.08021642658,2.396306277e-08,2.083160053e-08
26.2,11.44246023,-0.2762684359,-0.3894075999,0.7205973102,-0.4164313863,0.4774542151,0.8322713398,0.0001605882548,0.0001292947792,0.2279625858,0.6926756288,0.0793617854,3.255603339e-08,2.901170079e-08
26.224,11.43198818,-0.2622556429,-0.3818765579,0.7345951035,-0.408985399,0.4632577335,0.8407728722,0.0005927554207,0.0005977869697,0.2146081382,0.7068994337,0.07849242804,5.92047311e-08,5.369285118e-08
26.248,11.42153528,-0.2478721686,-0.3734754147,0.7489229772,-0.4006856098,0.4482460232,0.8493730533,0.0002344080743,0.0001305479288,0.2009246712,0.7214351288,0.07764020001,1.188801648e-07,5.280536336e-07
26.272,11.41110148,-0.2330789755,-0.3640303968,0.7636174811,-0.3914019315,0.4322544836,0.8580834046,8.172291343e-05,5.268913492e-05,0.1868440689,0.7363073189,0.07684861224,1.23599925e-07,1.868095832e-07
26.296,11.40068672,-0.2178694786,-0.35331561,0.7787132558,-0.3809701712,0.4150891832,0.8669098027,4.308284075e-05,2.936753948e-05,0.1722990822,0.7515327905,0.07616812727,5.031447916e-08,1.836135393e-07
26.31078971,11.39427821,-0.2083102512,-0.3459643413,0.7882286515,-0.3738831749,0.4038372026,0.8724064623,3.112351011e-05,2.180002015e-05,0.1630845365,0.7610931164,0.07582234713,4.929864707e-08,8.043819329e-08
26.32,11.39029096,-0.2022998584,-0.3410617236,0.7942395012,-0.3691863963,0.396545498,0.8758510036,2.577561512e-05,1.835479179e-05,0.1572483831,0.767115045,0.07563657194,5.042177499e-08,6.413728923e-08
26.344,11.37991414,-0.1865192701,-0.3269981394,0.8102201017,-0.3558052575,0.3764534783,0.8849033814,1.622101584e-05,1.214291111e-05,0.1417172639,0.7830540354,0.07522870069,4.229293555e-08,4.086994409e-08
26.368,11.3695562,-0.1707594339,-0.3109572421,0.8266938379,-0.3405465409,0.3547579325,0.894088725,1.04327677e-05,8.627435153e-06,0.1258532379,0.7993946643,0.07475209785,4.709951584e-08,1.595917814e-08
26.392,11.35921711,-0.155157238,-0.2930568954,0.8438097962,-0.3231025557,0.3315963094,0.9035542228,6.896404169e-06,7.389638255e-06,0.1099561441,0.8164102407,0.07363361519,3.160189525e-08,7.043028918e-09
26.416,11.3488968,-0.1390568414,-0.2738272101,0.8621622621,-0.3030411463,0.3071125952,0.9138696311,5.099524444e-06,8.352756526e-06,0.09431815577,0.8351577066,0.07052413763,9.627282059e-09,3.895201471e-09
26.44,11.33859523,-0.118950724,-0.2531509155,0.8837040076,-0.2789005781,0.2797045955,0.9266705486,5.315223792e-06,1.123014195e-05,0.07823466449,0.8587183083,0.06304702724,3.723893267e-09,2.590136955e-09
26.464,11.32831235,-0.08669395823,-0.2212368942,0.9118505134,-0.2429924875,0.2376165098,0.943671928,9.409436384e-06,1.68620573e-05,0.0564616082,0.8905167101,0.05302168171,2.363377415e-09,2.016618635e-09
26.488,11.3180481,-0.06314106367,-0.1526670995,0.9338634212,-0.1789932771,0.1652090712,0.9508624941,3.357355003e-05,3.42199217e-05,0.02729404101,0.9041394864,0.06856647256,2.692874161e-09,2.570787865e-09
26.49816,11.3137085,-0.04459925772,-0.07841996488,0.9520729474,-0.1068352001,0.09021521313,0.9580483584,0.0001220770413,6.94123456e-05,0.00813892514,0.9178567943,0.07400428055,1.255565167e-07,1.323822937e-07
26.512,11.30780243,-0.1237995681,-0.06365366511,0.8730140684,-0.0902698102,0.1392053237,0.8776686175,6.886817165e-05,6.914747239e-05,0.09315499076,0.8461918341,0.06065317515,0.07377686386,0.07588962713
26.536,11.29757529,-0.169262117,-0.056367229,0.8276510243,-0.08303135614,0.1784010335,0.8318055206,2.737238201e-05,2.497645016e-05,0.1405154564,0.8026228242,0.05686171941,0.1086885268,0.1107223995
26.56,11.28736664,-0.1979158157,-0.05232880336,0.7991811844,-0.07902723082,0.2047168136,0.8030789928,8.004076113e-06,3.286343514e-05,0.1699127168,0.7751882008,0.05489908237,0.128003743,0.130252331
26.584,11.27717642,-0.2196559624,-0.04900390264,0.7772714645,-0.07563334271,0.2250558248,0.7809425921,9.272464677e-06,1.656696517e-05,0.192616716,0.7538841385,0.05349914551,0.1419665916,0.1440128061
26.608,11.26700459,-0.2376969052,-0.04645994261,0.7589873764,-0.07330301518,0.2421948492,0.7625189634,1.000756922e-05,1.501215084e-05,0.2110215784,0.735691973,0.05328644863,0.1523632333,0.1542568032
26.632,11.25685108,-0.2531314858,-0.04468904891,0.7435255461,-0.07188472773,0.2570460274,0.7469924041,1.022033907e-05,1.623937869e-05,0.2263131549,0.7201936516,0.05349319353,0.1602404946,0.1621959996
26.656,11.24671586,-0.2665033846,-0.04350204784,0.7303405809,-0.07096214018,0.2700305208,0.7337799326,1.042681609e-05,1.830130176e-05,0.2394360407,0.7070791736,0.05348478567,0.1665195584,0.1686461838
26.68,11.23659888,-0.2782065022,-0.04268709246,0.7189024111,-0.0702236768,0.2814623345,0.7223240557,1.089552363e-05,2.080664242e-05,0.2510377207,0.6958449314,0.05311734785,0.1718166749,0.1740928895
26.704,11.22650007,-0.2885685536,-0.0420815242,0.7087555582,-0.06952742873,0.2916207551,0.7121576403,1.191497306e-05,2.373156936e-05,0.2615025004,0.685965269,0.0525322306,0.1764598355,0.1787967638
26.728,11.21641941,-0.2978633989,-0.04158352438,0.6995597318,-0.06884788323,0.3007520472,0.702939435,1.387744585e-05,2.720318045e-05,0.2710462751,0.6770195114,0.05193421352,0.180594481,0.1828956614
26.752,11.20635683,-0.3063134342,-0.04114104805,0.691085001,-0.06821305548,0.3090639186,0.6944433019,1.735243024e-05,3.149059407e-05,0.2797980514,0.6687237567,0.05147819185,0.1842775453,0.1864722561
26.776,11.19631229,-0.3140939356,-0.0407365147,0.6831860698,-0.06766322105,0.316724587,0.6865285992,2.330237929e-05,3.710175462e-05,0.2878502263,0.6609110887,0.051238685,0.1875357617,0.1895895698
26.8,11.18628575,-0.3213394678,-0.04037387374,0.6757742838,-0.06723092068,0.3238658723,0.6791103587,3.379627503e-05,4.506557736e-05,0.2952833654,0.6534965428,0.05122009183,0.190394261,0.1923056615
26.824,11.17627714,-0.328150695,-0.04006939452,0.6687951678,-0.06693461431,0.330588014,0.6721363098,5.471436764e-05,5.779551688e-05,0.3021748869,0.6464444208,0.05138069225,0.1928864489,0.1946771985
26.848,11.16628643,-0.3346003588,-0.0398456083,0.6622129775,-0.06677927074,0.3369644975,0.6655715578,0.0001122411271,8.253140089e-05,0.308599121,0.6397437444,0.05165713462,0.1950540358,0.196758239
26.872,11.15631356,-0.3407378366,-0.03972727423,0.6560011884,-0.06675962715,0.3430459584,0.6593894198,0.0007462191201,0.0001542226734,0.3146241731,0.6333922068,0.05198362007,0.1969430867,0.1985977761
26.896,11.14635849,-0.3465922478,-0.03973814362,0.6501372343,-0.06686385683,0.348862876,0.6535665221,0.0001779423812,0.0004662879017,0.320304801,0.6273871694,0.05230802955,0.1985994631,0.2002377532
26.92,11.13642117,-0.3521746481,-0.0398973751,0.6445999883,-0.06707665026,0.354427402,0.6480805675,8.768825274e-05,0.0001158717153,0.3256840275,0.6217206057,0.05259536678,0.2000652365,0.2017121703
26.944,11.12650156,-0.357480565,-0.04021483453,0.6393688762,-0.06738140476,0.3597354406,0.6429096465,5.981030206e-05,5.551386555e-05,0.330786147,0.6163799849,0.05283386802,0.2013765562,0.2030471683
26.968,11.1165996,-0.3624947672,-0.04068557516,0.6344239232,-0.06776154194,0.364770849,0.638032398,4.577901119e-05,3.401445571e-05,0.3356205919,0.6113475394,0.05303186868,0.2025628175,0.2042621974
26.992,11.10671525,-0.367199881,-0.04128567805,0.6297463844,-0.06820109768,0.3695135448,0.6334286845,3.695080963e-05,2.37158918e-05,0.3401869774,0.6066031982,0.05320982443,0.2036467162,0.2053712993
27.016,11.09684846,-0.3715881412,-0.04197327754,0.6253199504,-0.06868478884,0.3739512036,0.6290807902,3.06016182e-05,1.857201342e-05,0.3444845106,0.6021272625,0.05338822683,0.204645007,0.2063846215
27.04,11.08699919,-0.3756716671,-0.04269748663,0.6211329559,-0.06919794079,0.3780903025,0.6249756027,2.564069599e-05,1.649561205e-05,0.3485216239,0.5979044112,0.0535739649,0.2055693464,0.2073099069
27.064,11.07716738,-0.3794848771,-0.04341285222,0.6171826636,-0.06972749305,0.381960008,0.6211089788,2.162633802e-05,1.63830168e-05,0.3523208623,0.5939296698,0.05374946792,0.2064274142,0.208153306
27.088,11.067353,-0.3830767002,-0.04409181164,0.6134828831,-0.07026853994,0.3856058169,0.6174940611,1.850527849e-05,1.74792871e-05,0.3559156673,0.5902189892,0.05386534343,0.2072238209,0.2089200734
27.112,11.05755599,-0.3864974092,-0.04472848885,0.6100689082,-0.07084963965,0.3890769654,0.6141691495,1.658274654e-05,1.931844245e-05,0.3593419199,0.5868186649,0.0538394152,0.2079610347,0.2096149203
27.136,11.04777631,-0.3897877983,-0.04533368542,0.6069520108,-0.0715842806,0.3924151765,0.6111587786,1.646281429e-05,2.167469821e-05,0.3626298215,0.5837572735,0.053612905,0.2086401505,0.2102422204
27.16,11.03801392,-0.3929748595,-0.04592614966,0.6039652127,-0.07260993594,0.3956494047,0.6083142123,1.866358513e-05,2.447853209e-05,0.3657999851,0.5808523001,0.05334771479,0.2092615333,0.2108061186
27.184,11.02826876,-0.3960730399,-0.04652514035,0.6008565497,-0.07378997638,0.3987962407,0.6053705923,2.324350557e-05,2.775511719e-05,0.3688637725,0.5777840813,0.05335214619,0.2098253304,0.2113105265
27.208,11.0185408,-0.3990880036,-0.04714628586,0.5976753537,-0.07487440974,0.4018631694,0.6023470808,3.006557158e-05,3.159435979e-05,0.3718258656,0.5745810235,0.05359311084,0.2103318578,0.2117590168
27.232,11.00882998,-0.4020204461,-0.04780030782,0.594579733,-0.07583470872,0.4048522057,0.5993963312,3.919536114e-05,3.614300796e-05,0.3746871779,0.5714307168,0.0538821053,0.2107818679,0.2121547536
27.256,10.99913626,-0.4048689033,-0.04849338919,0.5916266199,-0.07673254147,0.4077627223,0.5965818806,5.104172983e-05,4.161204856e-05,0.3774471491,0.5684105396,0.05414231134,0.2111767088,0.2125005975
27.28,10.9894596,-0.4076314538,-0.04922817322,0.5888149768,-0.07761155885,0.4105932479,0.5939079313,6.643367188e-05,4.829840638e-05,0.3801052096,0.5655259903,0.05436880003,0.21151839,0.2127993571
27.304,10.97979996,-0.4103065843,-0.05000482219,0.5861310812,-0.07849273991,0.4133424432,0.5913634708,8.680159894e-05,5.662573518e-05,0.3826615531,0.5627647782,0.05457366864,0.2118095702,0.2130540204
27.328,10.97015727,-0.4128935341,-0.05082190165,0.5835617416,-0.07938528652,0.4160095386,0.5889366094,0.0001145808169,6.721698303e-05,0.3851174339,0.5601141915,0.05476837466,0.2120534845,0.213267857
27.352,10.96053152,-0.4153923548,-0.05167703918,0.5810963814,-0.08029310937,0.4185944634,0.5866174118,0.0001540439945,8.102634956e-05,0.387475178,0.5575643848,0.05496043715,0.2122538295,0.2134443904
27.376,10.95092263,-0.4178038336,-0.05256738229,0.5787267062,-0.08121777115,0.4210978189,0.5843979182,0.0002129251992,9.959164125e-05,0.3897380415,0.5551082338,0.05515372477,0.2124146231,0.213587297
27.4,10.94133058,-0.4201293669,-0.05348990185,0.5764461,-0.08215976579,0.423520784,0.5822717006,0.0003045742374,0.0001255504748,0.3919100041,0.5527406288,0.0553493671,0.2125400568,0.2137002798
27.424,10.93175532,-0.4223708236,-0.05444158453,0.5742491483,-0.08311908226,0.4258650006,0.5802334583,0.0004406311968,0.0001637845487,0.3939955656,0.550457838,0.05554659639,0.2126343727,0.213786945
27.448,10.92219681,-0.4245304206,-0.05541954931,0.572131308,-0.08409546059,0.4281324613,0.5782787218,0.0005612427526,0.0002241752103,0.3959993516,0.5482570243,0.05574362403,0.2127016322,0.213850694
27.472,10.91265499,-0.4266106154,-0.0564211134,0.5700886831,-0.08508851219,0.4303254109,0.5764036446,0.0005295549993,0.0003283666304,0.3979255939,0.5461358552,0.05593855085,0.2127453543,0.2138945859
27.496,10.90312984,-0.4286140186,-0.05744382498,0.5681178714,-0.08609777851,0.4324462625,0.5746048584,0.0004272092915,0.0005168474994,0.3997793326,0.5440923035,0.05612836385,0.2127693801,0.2139212931
27.52,10.89362129,-0.4305433227,-0.05848547483,0.5662158568,-0.08712276088,0.4344975299,0.5728793694,0.0003460478736,0.000713229784,0.4015649435,0.5421244748,0.05631058169,0.2127767203,0.2139331942
27.544,10.88412932,-0.4324012473,-0.05954409472,0.5643799316,-0.08816293664,0.4364817727,0.5712244835,0.000291105038,0.000589566788,0.4032863771,0.5402299323,0.05648369061,0.2127699545,0.2139321741
27.568,10.87465387,-0.4341904957,-0.06061794771,0.5626076399,-0.08921776847,0.4384015535,0.5696377504,0.0002534299697,0.0004208927895,0.4049471838,0.5384070125,0.05664580374,0.2127511974,0.2139196686
27.592,10.86519491,-0.435913722,-0.0617055138,0.5608967342,-0.09028671042,0.4402594047,0.5681169215,0.0002265587152,0.0003222569114,0.4065504787,0.5366536453,0.05679587604,0.212722084,0.2138967049
27.616,10.85575239,-0.4375735064,-0.06280547308,0.5592451418,-0.0913692121,0.4420578027,0.566659917,0.0002066494572,0.0002640262733,0.4080989294,0.5349674571,0.05693361351,0.2126837858,0.2138639259
27.64,10.84632627,-0.4391723367,-0.06391668788,0.5576509393,-0.09246472197,0.4437991487,0.5652648007,0.000191417309,0.0002268555035,0.4095947667,0.5333459739,0.05705925941,0.2126370457,0.2138216276
27.664,10.8369165,-0.4407125953,-0.06503818462,0.5561123316,-0.09357269004,0.4454857542,0.5639297595,0.0001794537775,0.0002015223005,0.4110398138,0.5317866233,0.05717356291,0.2125822245,0.213769809
27.688,10.82752304,-0.4421965495,-0.06616913617,0.5546276351,-0.09469257008,0.4471198307,0.5626530871,0.0001698548018,0.000183389006,0.4124355279,0.5302867573,0.05727771483,0.2125193561,0.2137082272
27.712,10.81814586,-0.4436263457,-0.06730884477,0.5531952645,-0.09582382167,0.4487034825,0.5614331709,0.0001620178611,0.0001699282088,0.4137830503,0.5288436873,0.05737326237,0.2124482088,0.2136364531
27.736,10.8087849,-0.4450040057,-0.06845672583,0.5518137209,-0.09696591177,0.4502387016,0.5602684809,0.0001555278416,0.0001596610732,0.4150832606,0.5274547243,0.05746201503,0.212368348,0.2135539282
27.76,10.79944013,-0.4463314253,-0.06961229267,0.5504815834,-0.09811831627,0.4517273653,0.5591575607,0.000150090377,0.0001516701108,0.4163368319,0.5261172193,0.05754594883,0.2122791968,0.2134600186
27.784,10.7901115,-0.4476103741,-0.07077514219,0.5491975008,-0.0992805211,0.4531712345,0.5580990205,0.0001454914528,0.0001453581945,0.4175442841,0.5248286027,0.05762711313,0.2121800952,0.2133540649
27.808,10.78079898,-0.4488424967,-0.07194494146,0.5479601849,-0.1004520233,0.4545719541,0.5570915304,0.0001415720812,0.0001403211107,0.4187060353,0.523586421,0.05770754366,0.2120703538,0.2132354281
27.832,10.77150252,-0.4500293148,-0.07312141508,0.5467684058,-0.1016323316,0.4559310535,0.5561338152,0.0001382119303,0.0001362761767,0.4198224477,0.5223883676,0.05778918476,0.211949303,0.2131035286
27.856,10.76222207,-0.4511722305,-0.07430433341,0.5456209863,-0.1028209674,0.4572499487,0.55522465,0.0001353184484,0.0001330202609,0.4208938679,0.5212323092,0.05787382293,0.211816334,0.2129578795
27.88,10.7529576,-0.4522725294,-0.07549350143,0.5445167983,-0.1040174647,0.4585299441,0.5543628564,0.0001328194606,0.0001304040462,0.4219206608,0.5201163063,0.05796303285,0.2116709336,0.2127981127
27.904,10.74370907,-0.4533313849,-0.0766887482,0.5434547593,-0.105221371,0.4597722357,0.5535472991,0.0001306580191,0.0001283156784,0.4229032364,0.5190386274,0.05805813624,0.2115127106,0.2126239986
27.928,10.73447644,-0.4543498631,-0.07788991683,0.5424338292,-0.1064322467,0.460977914,0.5527768829,0.0001287887526,0.0001266700523,0.4238420693,0.517997757,0.05816017372,0.2113414155,0.2124354587
27.952,10.72525966,-0.4553289271,-0.07909685489,0.5414530078,-0.1076496658,0.462147968,0.5520505504,0.0001271752331,0.0001254016029,0.4247377125,0.5169923984,0.05826988906,0.211156952,0.2122325725
27.976,10.71605869,-0.4562694436,-0.08030940507,0.5405113322,-0.1088732152,0.4632832888,0.5513672798,0.0001257880498,0.0001244593424,0.425590804,0.5160214708,0.05838772518,0.2109593826,0.2120155781
28,10.7068735,-0.4571721879,-0.08152739622,0.5396078749,-0.1101024953,0.4643846743,0.5507260826,0.0001246033824,0.0001238033754,0.4264020683,0.515084101,0.05851383065,0.2107489271,0.2117848676
28.024,10.69770404,-0.4580378514,-0.08275063449,0.5387417419,-0.1113371189,0.4654528342,0.5501260024,0.0001236019335,0.000123402411,0.4271723135,0.514179612,0.05864807453,0.2105259574,0.2115409782
28.048,10.68855027,-0.4588670488,-0.08397889471,0.537912071,-0.1125767116,0.4664883956,0.5495661126,0.0001227681247,0.0001232319637,0.427902425,0.5133075067,0.05879006823,0.2102909867,0.2112845794
28.072,10.67941215,-0.4596603265,-0.08521191195,0.5371180303,-0.1138209111,0.4674919097,0.5490455156,0.00012208949,0.0001232730401,0.4285933555,0.5124674503,0.0589391942,0.2100446549,0.2110164569
28.096,10.67028965,-0.4604181719,-0.08644937332,0.5363588165,-0.1150693666,0.468463859,0.5485633411,0.0001215562189,0.0001235111755,0.4292461123,0.5116592489,0.05909463885,0.2097877103,0.2107374945
28.12,10.66118272,-0.4611410251,-0.08769091025,0.5356336542,-0.1163217391,0.4694046663,0.5481187448,0.0001211608162,0.0001239357288,0.4298617455,0.5108828279,0.05925542654,0.2095209901,0.2104486541
28.144,10.65209132,-0.461829291,-0.08893609132,0.5349417941,-0.1175777001,0.4703147056,0.5477109079,0.0001208978571,0.0001245393735,0.4304413367,0.5101382094,0.05942045388,0.2092453997,0.2101509553
28.168,10.64301541,-0.462483354,-0.09018441626,0.5342825124,-0.1188369319,0.4711943141,0.5473390352,0.0001207638193,0.0001253177404,0.430985988,0.5094254889,0.05958852303,0.2089618918,0.2098454537
28.192,10.63395495,-0.4631035951,-0.09143531146,0.5336551096,-0.1200991265,0.4720438072,0.5470023548,0.0001207569843,0.0001262691835,0.431496815,0.5087448129,0.05975837209,0.2086714444,0.2095332208
28.216,10.62490991,-0.4636904108,-0.09268812782,0.5330589092,-0.1213639855,0.4728634963,0.5467001168,0.0001208774011,0.0001273946497,0.4319749414,0.5080963572,0.05992870136,0.2083750407,0.2092153233
28.24,10.61588024,-0.4642442348,-0.09394214184,0.5324932575,-0.1226312197,0.4736537085,0.5464315926,0.0001211269106,0.0001286976392,0.4324214992,0.5074803064,0.06009819436,0.208073649,0.2088928045
28.264,10.60686591,-0.4647655613,-0.0951965611,0.5319575221,-0.1239005481,0.4744148102,0.5461960739,0.0001215092343,0.0001301842519,0.4328376319,0.5068968352,0.06026553287,0.207768205,0.2085666671
28.288,10.59786687,-0.4652549695,-0.09645053532,0.5314510915,-0.1251716981,0.4751472324,0.5459928724,0.0001220301323,0.0001318633171,0.4332245028,0.5063460914,0.06042940582,0.2074595955,0.2082378573
28.312,10.58888309,-0.465713149,-0.09770317438,0.530973374,-0.1264444049,0.4758514973,0.5458213183,0.000122697644,0.0001337466097,0.4335833066,0.5058281809,0.06058851249,0.2071486441,0.2079072516
28.336,10.57991453,-0.466140922,-0.09895357426,0.5305237975,-0.1277184105,0.4765282457,0.5456807602,0.0001235224276,0.0001358491587,0.4339152837,0.5053431552,0.06074156109,0.2068360995,0.2075756447
28.36,10.57096114,-0.4665392617,-0.1002008516,0.5301018081,-0.1289934641,0.4771782616,0.5455705644,0.0001245182261,0.0001381896574,0.4342217344,0.5048910006,0.06088726508,0.2065226255,0.2072437407
28.384,10.5620229,-0.466909303,-0.1014441864,0.5297068702,-0.1302693212,0.4778024907,0.5454901139,0.0001257024964,0.0001407909861,0.43450403,0.5044716301,0.06102433987,0.2062087941,0.2069121459
28.408,10.55309976,-0.4672523412,-0.102682872,0.5293384651,-0.1315457432,0.4784020512,0.5454388079,0.0001270972568,0.0001436808577,0.4347636185,0.5040848776,0.06115150386,0.2058950798,0.2065813638
28.432,10.54419169,-0.4675698163,-0.1039163681,0.5289960911,-0.1328224976,0.4789782299,0.5454160616,0.0001287302306,0.0001468925926,0.4350020185,0.5037304937,0.06126748774,0.2055818572,0.2062517919
28.456,10.53529864,-0.4678632791,-0.105144353,0.5286792624,-0.1340993567,0.4795324628,0.545421305,0.0001306363992,0.0001504660135,0.4352208001,0.5034081441,0.06137105579,0.2052694002,0.2059237215
28.48,10.52642058,-0.4681343388,-0.1063667678,0.5283875088,-0.1353760981,0.4800662959,0.5454539828,0.0001328601342,0.0001544484197,0.435421549,0.5031174094,0.06146104165,0.2049578828,0.2055973381
28.504,10.51755747,-0.4683845949,-0.107583846,0.5281203751,-0.1366525041,0.4805813278,0.5455135539,0.0001354581562,0.0001588955298,0.4356058136,0.5028577875,0.06153639889,0.2046473826,0.2052727247
28.528,10.50870927,-0.4686155558,-0.1087961208,0.5278774206,-0.1379283613,0.481079136,0.5455994906,0.0001385037013,0.0001638721391,0.4357750399,0.5026286965,0.06159626362,0.2043378856,0.2049498656
28.552,10.49987595,-0.4688285549,-0.1100044067,0.5276582186,-0.1392034607,0.4815611938,0.5457112782,0.0001420924751,0.0001694519543,0.4359304976,0.50242948,0.06164002237,0.2040292941,0.2046286522
28.576,10.49105746,-0.4690246723,-0.1112097522,0.5274623557,-0.1404775968,0.4820287878,0.5458484147,0.000146351293,0.0001757155054,0.4360732153,0.5022594121,0.06166737256,0.2037214417,0.2043088894
28.6,10.48225378,-0.4692046741,-0.112413368,0.5272894318,-0.1417505681,0.4824829443,0.5460104105,0.0001514508112,0.0001827439413,0.4362039523,0.5021177028,0.0616783449,0.2034141379,0.203990301
28.624,10.47346485,-0.4693689764,-0.1136165377,0.5271390591,-0.1430221764,0.4829243767,0.5461967874,0.0001576245024,0.0001906044353,0.4363229472,0.5020035041,0.06167354863,0.2031069688,0.2036725372
28.648,10.46469066,-0.4695176405,-0.1148205214,0.5270108623,-0.1442922269,0.4833534595,0.5464070787,0.000165197036,0.0001993191263,0.4364298889,0.5019159256,0.06165418545,0.2027992948,0.2033551902
28.672,10.45593115,-0.4696503983,-0.1160264637,0.5269044774,-0.1455605278,0.4837702316,0.5466408287,0.0001746259321,0.0002088032275,0.436524765,0.5018540499,0.06162118514,0.2024910975,0.2030378107
28.696,10.4471863,-0.4697667043,-0.1172353175,0.526819552,-0.1468268903,0.4841744274,0.546897592,0.0001865578245,0.0002187498201,0.436606777,0.5018169345,0.06157628842,0.2021818661,0.2027199106
28.72,10.43845606,-0.4698658049,-0.1184477889,0.5267557446,-0.1480911283,0.4845655305,0.5471769337,0.000201881456,0.0002284369309,0.4366748954,0.5018036165,0.06152148815,0.2018711013,0.2024009675
28.744,10.4297404,-0.4699468169,-0.1196643095,0.5267127241,-0.1493530586,0.4849428396,0.5474784287,0.0002216658853,0.000236467148,0.4367279201,0.5018131233,0.06145895658,0.2015583133,0.2020804375
28.768,10.42103928,-0.4700088044,-0.1208850315,0.5266901696,-0.1506125003,0.4853055399,0.5478016612,0.0002464724914,0.0002405882213,0.4367645429,0.5018444853,0.06139097187,0.2012430151,0.2017577673
28.792,10.41235267,-0.4700508473,-0.1221098455,0.5266877701,-0.1518692751,0.4856527704,0.5481462249,0.0002731549035,0.0002380075421,0.4367834169,0.5018967455,0.06131983762,0.2009247289,0.2014324049
28.816,10.40368052,-0.4700720967,-0.1233384121,0.5267052239,-0.1531232072,0.4859836829,0.5485117223,0.0002860771282,0.0002266428771,0.4367832148,0.5019689688,0.06124781633,0.200602993,0.201103808
28.84,10.39502282,-0.4700718151,-0.1245702028,0.5267422385,-0.1543741229,0.486297488,0.5488977643,0.000258100514,0.0002067825644,0.4367626809,0.5020602506,0.06117706846,0.2002773675,0.2007714522
28.864,10.3863795,-0.4700494009,-0.1258045444,0.5267985301,-0.155621851,0.4865934882,0.5493039703,0.0001951904418,0.0001813834633,0.436720703,0.5021697251,0.06110957192,0.1999474422,0.2004348404
28.888,10.37775055,-0.4700044004,-0.1270406621,0.5268738234,-0.1568662224,0.4868710982,0.5497299678,0.0001333810077,0.0001543912337,0.4366563291,0.5022965731,0.06104709777,0.1996128451,0.2000935117
28.912,10.36913593,-0.4699365087,-0.1282777182,0.5269678512,-0.1581070702,0.4871298545,0.550175392,8.724727235e-05,0.0001288763312,0.4365687526,0.5024400279,0.0609912195,0.1992732498,0.1997470494
28.936,10.3605356,-0.4698455631,-0.1295148458,0.5270803542,-0.1593442299,0.4873694168,0.5506398854,5.490978523e-05,0.0001064461944,0.4364573299,0.5025993788,0.06094329136,0.1989283784,0.1993950841
28.96,10.35194952,-0.4697315315,-0.1307511753,0.5272110805,-0.1605775387,0.4875895626,0.5511230982,3.22633475e-05,8.761094372e-05,0.4363215861,0.5027739751,0.06090443881,0.1985780035,0.1990372981
28.984,10.34337766,-0.4695944977,-0.1319858554,0.5273597855,-0.1618068366,0.4877901786,0.5516246874,1.690027075e-05,7.232257083e-05,0.4361612098,0.5029632302,0.06087556005,0.1982219512,0.1986734292
29.008,10.33481998,-0.4694346457,-0.1332180682,0.5275262315,-0.1630319651,0.4879712494,0.5521443168,1.039498994e-05,6.034214404e-05,0.4359760438,0.5031666247,0.06085733148,0.1978601035,0.1983032745
29.032,10.32627645,-0.4692522441,-0.1344470398,0.5277101875,-0.1642527685,0.4881328457,0.552681657,1.442224401e-05,5.141114664e-05,0.4357660747,0.503383709,0.0608502163,0.1974923995,0.1979266924
29.056,10.31774704,-0.4690476315,-0.1356720466,0.5279114289,-0.1654690929,0.4882751119,0.5532363848,2.096757376e-05,4.528150855e-05,0.4355314209,0.5036141038,0.06085447536,0.1971188356,0.1975436042
29.08,10.30923171,-0.4688212031,-0.1368924193,0.5281297372,-0.1666807869,0.4883982544,0.5538081835,2.701635194e-05,4.166090412e-05,0.4352723201,0.5038575003,0.06087017957,0.1967394645,0.1971539945
29.104,10.30073042,-0.4685733985,-0.138107544,0.5283648998,-0.1678877012,0.4885025317,0.554396742,3.22699885e-05,4.015091029e-05,0.434989118,0.504113659,0.06089722302,0.1963543934,0.1967579099
29.128,10.29224313,-0.468304692,-0.1393168622,0.5286167096,-0.1690896889,0.4885882445,0.5550017554,3.680827236e-05,4.02602744e-05,0.4346822556,0.5043824078,0.0609353366,0.1959637816,0.1963554577
29.152,10.28376983,-0.468015583,-0.1405198695,0.5288849649,-0.1702866056,0.4886557272,0.5556229244,4.075186865e-05,4.149440582e-05,0.434352259,0.5046636392,0.06098410185,0.1955678376,0.1959468034
29.176,10.27531046,-0.4677065893,-0.1417161136,0.5291694691,-0.1714783091,0.4887053412,0.556259955,4.42085997e-05,4.344146112e-05,0.4339997279,0.5049573068,0.06104296522,0.1951668154,0.1955321675
29.2,10.266865,-0.4673782402,-0.1429051917,0.5294700305,-0.1726646598,0.4887374687,0.5569125586,4.726651632e-05,4.580325496e-05,0.4336253253,0.5052634218,0.06111125286,0.1947610098,0.1951118218
29.224,10.25843341,-0.4670310717,-0.144086748,0.529786462,-0.1738455206,0.4887525068,0.5575804519,4.999600448e-05,4.838269749e-05,0.4332297669,0.5055820477,0.06118818542,0.1943507514,0.194686085
29.248,10.25001566,-0.4666656219,-0.1452604709,0.5301185809,-0.175020757,0.488750864,0.5582633565,5.245323697e-05,5.10568361e-05,0.4328138113,0.5059132959,0.06127289284,0.1939364014,0.1942553181
29.272,10.24161171,-0.4662824273,-0.1464260902,0.5304662087,-0.1761902372,0.4887329556,0.5589609988,5.468328158e-05,5.375211882e-05,0.4323782513,0.5062573199,0.06136442883,0.1935183464,0.1938199188
29.296,10.23322153,-0.46588202,-0.1475833742,0.5308291706,-0.1773538321,0.4886992008,0.55967311,5.672258258e-05,5.642638937e-05,0.4319239051,0.5066143096,0.06146178529,0.193096993,0.1933803163
29.32,10.22484509,-0.465464925,-0.1487321277,0.5312072958,-0.1785114154,0.4886500202,0.5603994259,5.860086962e-05,5.905699008e-05,0.4314516078,0.5069844857,0.0615639066,0.1926727621,0.1929369656
29.344,10.21648235,-0.4650316582,-0.1498721888,0.5316004169,-0.1796628636,0.4885858329,0.5611396865,6.03426109e-05,6.163322706e-05,0.4309622035,0.507368093,0.06166970356,0.1922460837,0.1924903414
29.368,10.20813327,-0.4645827245,-0.1510034272,0.5320083698,-0.1808080561,0.4885070552,0.5618936364,6.19681195e-05,6.415167825e-05,0.430456538,0.5077653949,0.06177806714,0.1918173912,0.1920409321
29.392,10.19979784,-0.4641186165,-0.1521257412,0.5324309934,-0.1819468756,0.4884140982,0.5626610243,6.349439957e-05,6.661328618e-05,0.4299354516,0.5081766668,0.0618878816,0.1913871163,0.1915892341
29.416,10.191476,-0.4636398129,-0.1532390566,0.5328681296,-0.1830792074,0.4883073669,0.5634416027,6.493579787e-05,6.902155584e-05,0.4293997724,0.5086021904,0.06199803721,0.1909556836,0.191135746
29.44,10.18316773,-0.4631467777,-0.1543433235,0.5333196228,-0.1842049402,0.4881872584,0.5642351284,6.630450898e-05,7.138143512e-05,0.4288503101,0.5090422477,0.06210744221,0.1905235065,0.1906809625
29.464,10.174873,-0.4626399595,-0.1554385156,0.5337853202,-0.1853239658,0.4880541612,0.5650413616,6.761096988e-05,7.369861789e-05,0.4282878507,0.5094971153,0.06221503397,0.1900909818,0.1902253696
29.488,10.16659177,-0.4621197902,-0.1565246272,0.5342650708,-0.1864361793,0.487908454,0.5658600665,6.886417011e-05,7.597910952e-05,0.427713151,0.5099670599,0.06231978915,0.1896584868,0.1897694393
29.512,10.158324,-0.4615866849,-0.1576016723,0.5347587262,-0.187541479,0.4877505046,0.5666910107,7.007189689e-05,7.82289551e-05,0.4271269342,0.5104523331,0.0624207327,0.1892263745,0.1893136254
29.536,10.15006968,-0.4610410408,-0.1586696826,0.5352661396,-0.1886397668,0.4875806697,0.5675339653,7.124092964e-05,8.045406805e-05,0.4265298859,0.5109531682,0.06251694597,0.1887949713,0.1888583599
29.56,10.14182876,-0.4604832376,-0.1597287055,0.5357871659,-0.1897309476,0.4873992937,0.5683887047,7.237719459e-05,8.26601191e-05,0.4259226507,0.5114697752,0.06260757411,0.1883645739,0.1884040487
29.584,10.1336012,-0.4599136365,-0.1607788033,0.5363216619,-0.1908149302,0.4872067083,0.5692550066,7.348588756e-05,8.485245959e-05,0.425305829,0.5120023381,0.06269183283,0.187935447,0.1879510684
29.608,10.12538699,-0.4593325801,-0.161820051,0.5368694854,-0.1918916266,0.4870032321,0.5701326518,7.457157096e-05,8.703606157e-05,0.4246799752,0.5125510107,0.06276901411,0.1875078216,0.1874997625
29.632,10.11718608,-0.4587403925,-0.162852535,0.5374304956,-0.1929609524,0.4867891698,0.571021424,7.563824943e-05,8.921546227e-05,0.4240455952,0.513115914,0.06283849077,0.1870818937,0.1870504393
29.656,10.10899845,-0.458137379,-0.1638763517,0.5380045527,-0.1940228269,0.4865648124,0.57192111,7.668942759e-05,9.139470356e-05,0.4234031459,0.5136971342,0.06289971986,0.1866578233,0.1866033698
29.68,10.10082406,-0.4575238261,-0.1648916063,0.5385915179,-0.1950771729,0.4863304363,0.5728314993,7.772815216e-05,9.357725864e-05,0.4227530338,0.5142947213,0.06295224492,0.1862357344,0.186158786
29.704,10.09266287,-0.4569000019,-0.165898411,0.539191253,-0.1961239169,0.4860863035,0.573752384,7.875704036e-05,9.576593874e-05,0.4220956152,0.5149086876,0.06299569721,0.1858157146,0.1857168803
29.728,10.08451487,-0.4562661556,-0.1668968839,0.5398036205,-0.197162989,0.4858326611,0.574683559,7.977829553e-05,9.796277301e-05,0.4214311965,0.5155390074,0.06302979608,0.1853978156,0.1852778048
29.752,10.07638001,-0.4556225184,-0.1678871478,0.5404284833,-0.198194323,0.4855697413,0.5756248216,8.079371079e-05,0.0001001688539,0.4207600347,0.516185617,0.06305434831,0.1849820545,0.1848416717
29.776,10.06825826,-0.4549693033,-0.168869329,0.5410657047,-0.1992178563,0.4852977614,0.5765759716,8.180466091e-05,0.0001023841399,0.4200823386,0.5168484148,0.06306924665,0.1845684146,0.1844085533
29.8,10.0601496,-0.4543067058,-0.1698435557,0.5417151479,-0.20023353,0.4850169238,0.5775368109,8.281208231e-05,0.0001046072074,0.4193982705,0.5175272621,0.06307446747,0.1841568472,0.1839784832
29.824,10.05205398,-0.453634904,-0.1708099575,0.5423766764,-0.2012412891,0.4847274158,0.5785071439,8.381644093e-05,0.0001068349402,0.418707948,0.5182219844,0.0630700676,0.1837472733,0.1835514574
29.848,10.04397139,-0.452954059,-0.1717686635,0.5430501536,-0.202241082,0.48442941,0.5794867769,8.481768729e-05,0.0001090621496,0.4180114466,0.518932373,0.06305618033,0.1833395862,0.1831274366
29.872,10.03590178,-0.4522643157,-0.172719802,0.5437354426,-0.2032328607,0.4841230642,0.5804755182,8.581519819e-05,0.0001112811134,0.4173088017,0.5196581878,0.06303301043,0.1829336531,0.1827063482
29.896,10.02784513,-0.4515658034,-0.1736634992,0.5444324063,-0.2042165811,0.4838085218,0.5814731783,8.680770426e-05,0.0001134810278,0.4166000119,0.5203991598,0.06300082838,0.1825293186,0.1822880898
29.92,10.0198014,-0.4508586359,-0.1745998779,0.5451409071,-0.2051922024,0.4834859118,0.5824795692,8.779320276e-05,0.0001156473719,0.4158850416,0.5211549938,0.0629599646,0.182126407,0.1818725318
29.944,10.01177057,-0.4501429127,-0.1755290572,0.5458608069,-0.2061596876,0.4831553495,0.5834945049,8.876885545e-05,0.0001177611894,0.4151638249,0.5219253638,0.06291081127,0.1817247253,0.1814595127
29.968,10.0037526,-0.4494187194,-0.1764511512,0.546591967,-0.2071190029,0.4828169364,0.584517801,8.973087168e-05,0.0001197983126,0.4144362682,0.5227098812,0.0628538506,0.1813240661,0.1810488071
29.992,9.995747466,-0.4486861286,-0.1773662684,0.5473342479,-0.2080701183,0.4824707609,0.5855492746,9.067437815e-05,0.0001217285734,0.4137022543,0.5235080974,0.06278964834,0.1809242109,0.1806401295
30.016,9.987755131,-0.4479452005,-0.1782745108,0.5480875094,-0.2090130069,0.4821168985,0.5865887444,9.159327797e-05,0.000123515079,0.4129616455,0.524319646,0.06271870854,0.1805249332,0.1802332757
30.04,9.979775566,-0.4471959838,-0.1791759735,0.5488516105,-0.2099476452,0.4817554124,0.5876360303,9.24801038e-05,0.0001251136739,0.4122142873,0.5251441961,0.06264151654,0.1801260014,0.1798280764
30.064,9.971808741,-0.4464385166,-0.1800707438,0.5496264091,-0.2108740131,0.481386354,0.5886909537,9.332587275e-05,0.0001264727586,0.4114600124,0.5259813481,0.0625586395,0.1797271818,0.1794242931
30.088,9.963854626,-0.445672827,-0.1809589007,0.5504117622,-0.2117920934,0.4810097634,0.5897533372,9.411995408e-05,0.0001275336869,0.4106986436,0.5268306702,0.06247068627,0.1793282422,0.1790216551
30.112,9.955913191,-0.4448989344,-0.1818405146,0.5512075256,-0.2127018722,0.4806256699,0.5908230045,9.484996553e-05,0.0001282319949,0.4099299977,0.5276917259,0.06237827639,0.1789289541,0.1786198868
30.136,9.947984404,-0.44411685,-0.1827156464,0.5520135541,-0.2136033384,0.4802340928,0.5918997805,9.550171871e-05,0.0001284997136,0.4091538893,0.5285640802,0.06228203047,0.1785290963,0.1782187136
30.16,9.940068236,-0.4433265778,-0.1835843478,0.5528297014,-0.214496484,0.4798350418,0.5929834909,9.605923964e-05,0.0001282689359,0.4083701342,0.5294473014,0.06218256443,0.1781284576,0.1778178645
30.184,9.932164657,-0.4425281157,-0.1844466602,0.5536558198,-0.2153813035,0.4794285178,0.5940739624,9.650489495e-05,0.0001274766371,0.4075785544,0.5303409629,0.06208048269,0.1777268415,0.1774170739
30.208,9.924273636,-0.4417214563,-0.1853026151,0.5544917605,-0.2162577943,0.4790145134,0.5951710226,9.681965691e-05,0.0001260704696,0.4067789879,0.5312446458,0.06197636624,0.1773240745,0.1770160838
30.232,9.916395144,-0.4409065877,-0.1861522334,0.5553373734,-0.217125956,0.478593014,0.5962744998,9.698353975e-05,0.0001240149123,0.4059713334,0.532157941,0.06187072566,0.1769200509,0.1766146465
30.256,9.908529151,-0.4400834947,-0.1869955258,0.5561925071,-0.2179857911,0.478163998,0.5973842231,9.697623286e-05,0.0001212968406,0.4051562524,0.5330804513,0.06176329628,0.176515434,0.1762125266
30.28,9.900675627,-0.4392521595,-0.1878324921,0.5570570088,-0.2188373038,0.4777274377,0.5985000222,9.67779422e-05,0.0001179294368,0.4043354241,0.5340117939,0.06165278198,0.17611191,0.1758095034
30.304,9.892834543,-0.4384125627,-0.1886631216,0.5579307246,-0.2196805008,0.4772833002,0.5996217273,9.637042812e-05,0.0001139534955,0.4034975931,0.5349516019,0.06155080499,0.1756982352,0.175405373
30.328,9.885005869,-0.4375646842,-0.1894873931,0.5588134991,-0.2205153906,0.4768315479,0.6007491692,9.573819604e-05,0.0001094356294,0.4026554978,0.535899526,0.06144497625,0.1752871636,0.1749999497
30.352,9.877189576,-0.436708504,-0.1903052749,0.5597051758,-0.2213419838,0.4763721394,0.6018821792,9.486976022e-05,0.000104463534,0.4018047949,0.5368552362,0.06133996885,0.1748743708,0.1745930677
30.376,9.869385633,-0.4358440033,-0.1911167249,0.5606055967,-0.2221602923,0.4759050302,0.6030205888,9.375886577e-05,9.913912337e-05,0.4009454112,0.5378184227,0.06123616617,0.1744598046,0.1741845824
30.4,9.861594013,-0.4349711649,-0.191921691,0.5615146026,-0.2229703297,0.4754301733,0.60416423,9.240552948e-05,9.357075769e-05,0.4000768791,0.5387887967,0.06113432425,0.1740430208,0.1737743711
30.424,9.853814686,-0.4340899744,-0.1927201109,0.562432033,-0.2237721111,0.4749475203,0.6053129352,9.081675544e-05,8.786583966e-05,0.3991993856,0.5397660914,0.06103452302,0.1736242303,0.1733623342
30.448,9.846047622,-0.4332004211,-0.1935119133,0.5633577265,-0.2245656525,0.4744570217,0.6064665368,8.900680322e-05,8.212478196e-05,0.398313049,0.5407500624,0.06093688864,0.1732035757,0.1729483954
30.472,9.838292793,-0.4323024981,-0.1942970171,0.56429152,-0.225350971,0.4739586277,0.6076248676,8.69969354e-05,7.643689223e-05,0.3974178111,0.5417404875,0.0608417014,0.1727810227,0.172532502
30.496,9.830550171,-0.4313962038,-0.1950753329,0.5652332498,-0.2261280848,0.4734522892,0.6087877605,8.481463967e-05,7.087826131e-05,0.396513713,0.5427371669,0.06074912015,0.1723566356,0.1721146244
30.52,9.822819725,-0.4304815421,-0.1958467624,0.5661827507,-0.2268970125,0.4729379583,0.6099550487,8.249239506e-05,6.551139848e-05,0.3956009704,0.5437399219,0.06065910778,0.1719306512,0.1716947562
30.544,9.815101427,-0.4295585229,-0.1966111998,0.5671398566,-0.2276577731,0.4724155888,0.6111265652,8.006611449e-05,6.038617823e-05,0.394679456,0.544748595,0.06057194902,0.1715029611,0.1712729127
30.568,9.80739525,-0.4286271634,-0.1973685316,0.5681044007,-0.2284103864,0.471885137,0.6123021433,7.75734334e-05,5.554162596e-05,0.3937488725,0.545763049,0.06048807848,0.171073284,0.1708491312
30.592,9.799701164,-0.427687488,-0.1981186379,0.5690762149,-0.2291548718,0.4713465626,0.6134816164,7.505201926e-05,5.100812131e-05,0.3928100832,0.5467831658,0.06040675092,0.1706424956,0.1704234696
30.616,9.79201914,-0.4267395288,-0.1988613919,0.5700551306,-0.229891249,0.4707998286,0.6146648178,7.253805259e-05,4.680968273e-05,0.3918629593,0.5478088452,0.0603281955,0.1702104754,0.1699960047
30.64,9.784349151,-0.4257833266,-0.1995966617,0.5710409783,-0.2306195373,0.4702449027,0.615851581,7.006498537e-05,4.296607296e-05,0.3909076502,0.5488400029,0.06025234684,0.1697773768,0.1695668313
30.664,9.776691169,-0.4248189307,-0.20032431,0.5720335878,-0.2313397559,0.4696817572,0.6170417394,6.766263082e-05,3.949450927e-05,0.3899443317,0.5498765698,0.06017909854,0.169343374,0.16913606
30.688,9.769045164,-0.4238463997,-0.2010441954,0.5730327884,-0.2320519231,0.4691103698,0.6182351265,6.535659017e-05,3.641076803e-05,0.3889731957,0.5509184895,0.06010831479,0.1689086524,0.1687038165
30.712,9.76141111,-0.4228658017,-0.2017561725,0.5740384091,-0.2327560566,0.468530724,0.6194315758,6.316798615e-05,3.372945924e-05,0.3879944478,0.5519657172,0.06003983494,0.1684734045,0.1682702391
30.736,9.753788977,-0.4218772141,-0.202460093,0.5750502783,-0.2334521732,0.4679428096,0.6206309208,6.111345064e-05,3.14632608e-05,0.387008305,0.5530182178,0.05997347717,0.1680378283,0.167835477
30.76,9.746178739,-0.4208807246,-0.2031558063,0.5760682242,-0.2341402888,0.4673466229,0.6218329951,5.92053061e-05,2.962102514e-05,0.3860149942,0.5540759636,0.0599090422,0.1676021247,0.1673996889
30.784,9.738580366,-0.4198764306,-0.2038431601,0.5770920749,-0.2348204177,0.4667421674,0.6230376325,5.745188213e-05,2.820498234e-05,0.3850147503,0.5551389328,0.05984631687,0.1671664961,0.1669630406
30.808,9.730993833,-0.4188644397,-0.2045220011,0.5781216583,-0.2354925731,0.4661294539,0.6242446666,5.585791676e-05,2.72077399e-05,0.3840078146,0.5562071076,0.05978507777,0.1667311437,0.1665257031
30.832,9.72341911,-0.4178448697,-0.2051921759,0.5791568026,-0.2361567666,0.4655085007,0.6254539315,5.44250028e-05,2.661018585e-05,0.3829944332,0.557280472,0.05972509484,0.166296266,0.1660878509
30.856,9.715856171,-0.4168178484,-0.2058535314,0.580197336,-0.2368130081,0.464879334,0.6266652611,5.315204983e-05,2.638135559e-05,0.381974855,0.5583590102,0.0596661348,0.165862057,0.1656496601
30.88,9.708304987,-0.4157835136,-0.2065059158,0.5812430871,-0.2374613055,0.464241988,0.6278784898,5.20357415e-05,2.648063619e-05,0.3809493304,0.5594427051,0.05960796445,0.1654287043,0.1652113065
30.904,9.700765532,-0.4147420131,-0.207149179,0.5822938849,-0.2381016651,0.4635965053,0.629093452,5.107097415e-05,2.686169499e-05,0.3799181097,0.5605315366,0.05955035371,0.1649963873,0.1647729645
30.928,9.693237778,-0.4136935042,-0.2077831735,0.5833495592,-0.2387340907,0.4629429367,0.6303099827,5.025126769e-05,2.747688768e-05,0.3788814415,0.5616254802,0.05949307838,0.1645652763,0.1643348051
30.952,9.685721698,-0.4126381539,-0.2084077548,0.5844099401,-0.2393585843,0.4622813411,0.631527917,4.956914203e-05,2.828097738e-05,0.3778395712,0.5627245061,0.05943592275,0.1641355304,0.1638969953
30.976,9.678217265,-0.4115761383,-0.2090227824,0.585474859,-0.2399751451,0.4616117862,0.6327470907,4.90164551e-05,2.923355978e-05,0.3767927402,0.5638285734,0.05937868639,0.1637072966,0.1634596918
31,9.670724452,-0.4105076423,-0.2096281201,0.5865441478,-0.2405837703,0.4609343479,0.6339673398,4.858469934e-05,3.030017843e-05,0.3757411841,0.5649376184,0.05932119753,0.1632807086,0.1630230296
31.024,9.663243231,-0.4094328593,-0.2102236365,0.58761764,-0.2411844545,0.4602491104,0.6351885011,4.82652555e-05,3.145245031e-05,0.374685132,0.5660515828,0.05926328517,0.162855886,0.1625871499
31.048,9.655773576,-0.4083519909,-0.2108092061,0.58869517,-0.2417771895,0.4595561662,0.6364104121,4.804960357e-05,3.266759548e-05,0.3736248056,0.5671704146,0.0592047798,0.1624329334,0.162152201
31.072,9.648315461,-0.4072652461,-0.2113847092,0.5897765739,-0.2423619647,0.4588556156,0.6376329109,4.792949236e-05,3.392769246e-05,0.3725604179,0.5682940344,0.05914554769,0.1620119397,0.1617183042
31.096,9.640868858,-0.406172841,-0.2119500327,0.590861689,-0.2429387666,0.458147567,0.6388558365,4.789707031e-05,3.521886904e-05,0.3714921732,0.5694223469,0.05908547999,0.1615929777,0.1612855657
31.12,9.63343374,-0.4050749985,-0.2125050706,0.5919503547,-0.243507579,0.4574321364,0.6400790291,4.794498122e-05,3.653054296e-05,0.3704202658,0.5705552451,0.05902448909,0.1611761041,0.1608540803
31.144,9.626010082,-0.4039719471,-0.2130497243,0.5930424121,-0.2440683829,0.4567094471,0.6413023297,4.806642938e-05,3.785476193e-05,0.3693448802,0.5716926102,0.05896250965,0.1607613588,0.1604239307
31.168,9.618597857,-0.4028639211,-0.213583903,0.594137704,-0.2446211566,0.4559796295,0.6425255805,4.825521871e-05,3.918565534e-05,0.3682661904,0.5728343103,0.05889949937,0.1603487655,0.1599951871
31.192,9.611197038,-0.4017511591,-0.2141075242,0.5952360758,-0.2451658754,0.4552428207,0.6437486252,4.850577098e-05,4.05189913e-05,0.3671843598,0.573980201,0.05883543927,0.1599383316,0.1595679069
31.216,9.603807599,-0.4006339042,-0.2146205139,0.596337375,-0.2457025118,0.4544991641,0.6449713088,4.881312747e-05,4.185182495e-05,0.3660995412,0.5751301253,0.05877033349,0.1595300487,0.1591421344
31.24,9.596429513,-0.3995124026,-0.2151228068,0.5974414515,-0.2462310356,0.4537488092,0.6461934779,4.917293853e-05,4.31822224e-05,0.3650118771,0.576283914,0.05870420892,0.1591238928,0.1587179013
31.264,9.589062756,-0.3983869033,-0.2156143465,0.5985481578,-0.2467514137,0.4529919107,0.6474149808,4.958144452e-05,4.450904568e-05,0.3639214993,0.5774413863,0.05863711442,0.1587198257,0.1582952269
31.288,9.5817073,-0.3972576572,-0.216095086,0.5996573492,-0.2472636104,0.4522286285,0.6486356677,5.003545137e-05,4.583178594e-05,0.3628285299,0.5786023503,0.05856911982,0.1583177949,0.1578741188
31.312,9.57436312,-0.3961249166,-0.2165649876,0.6007688838,-0.2477675874,0.4514591271,0.6498553909,5.05323033e-05,4.715043464e-05,0.3617330811,0.5797666042,0.0585003147,0.1579177351,0.1574545729
31.336,9.567030189,-0.3949889341,-0.2170240229,0.6018826227,-0.2482633036,0.4506835748,0.6510740045,5.106985463e-05,4.846538454e-05,0.3606352563,0.5809339367,0.05843080694,0.1575195691,0.157036575
31.36,9.559708482,-0.3938499621,-0.217472173,0.6029984303,-0.2487507155,0.4499021435,0.6522913655,5.164644248e-05,4.977735385e-05,0.3595351503,0.5821041287,0.058360721,0.1571232089,0.1566201008
31.384,9.552397973,-0.392708252,-0.2179094287,0.6041161743,-0.2492297775,0.4491150079,0.6535073328,5.226086118e-05,5.10873286e-05,0.3584328499,0.583276954,0.05829019614,0.1567285568,0.1562051173
31.408,9.545098637,-0.3915640534,-0.2183357901,0.6052357257,-0.2497004413,0.4483223451,0.6547217684,5.291233967e-05,5.239651925e-05,0.3573284351,0.5844521806,0.05821938435,0.1563355071,0.1557915838
31.432,9.537810448,-0.3904176132,-0.2187512669,0.6063569591,-0.2501626569,0.4475243339,0.655934537,5.360052217e-05,5.37063287e-05,0.3562219795,0.5856295722,0.05814844825,0.1559439472,0.1553794526
31.456,9.53053338,-0.3892691752,-0.2191558779,0.6074797531,-0.250616372,0.4467211542,0.6571455062,5.432545277e-05,5.501832913e-05,0.3551135515,0.5868088897,0.05807755882,0.155553759,0.1549686703
31.48,9.523267408,-0.388118979,-0.2195496513,0.6086039897,-0.2510615328,0.4459129862,0.658354547,5.508756418e-05,5.633424621e-05,0.3540032148,0.5879898922,0.05800689304,0.1551648205,0.1545591794
31.504,9.516012506,-0.3869672594,-0.2199326242,0.6097295554,-0.2514980837,0.4451000101,0.6595615338,5.588767089e-05,5.765594908e-05,0.3528910296,0.5891723389,0.05793663151,0.1547770074,0.1541509187
31.528,9.50876865,-0.3858142457,-0.2203048425,0.6108563403,-0.2519259679,0.4442824055,0.6607663444,5.672696682e-05,5.898544526e-05,0.3517770536,0.5903559904,0.05786695597,0.1543901945,0.1537438251
31.552,9.501535814,-0.3846601609,-0.2206663608,0.6119842392,-0.2523451272,0.4434603502,0.6619688605,5.760702784e-05,6.032487958e-05,0.3506613427,0.5915406104,0.05779804691,0.1540042572,0.1533378345
31.576,9.494313973,-0.3835052211,-0.2210172418,0.613113151,-0.2527555025,0.4426340202,0.6631689679,5.852981903e-05,6.16765366e-05,0.3495439521,0.5927259669,0.05773008106,0.1536190728,0.1529328831
31.6,9.487103101,-0.3823496346,-0.2213575564,0.614242979,-0.2531570343,0.4418035885,0.6643665564,5.949770708e-05,6.304284615e-05,0.348424937,0.5939118339,0.05766322907,0.1532345227,0.1525289087
31.624,9.479903175,-0.3811936014,-0.221687383,0.6153736313,-0.2535496622,0.4409692252,0.6655615203,6.051347785e-05,6.442639153e-05,0.347304354,0.5950979929,0.05759765312,0.1528504928,0.1521258514
31.648,9.472714168,-0.3800373128,-0.2220068072,0.6165050207,-0.2539333258,0.4401310959,0.6667537586,6.15803594e-05,6.582992022e-05,0.3461822612,0.5962842341,0.05753350475,0.1524668758,0.1517236552
31.672,9.465536057,-0.3788809504,-0.2223159218,0.6176370647,-0.2543079651,0.439289362,0.6679431748,6.270205059e-05,6.725635691e-05,0.3450587193,0.597470358,0.05747092269,0.1520835717,0.1513222687
31.696,9.458368816,-0.3777246854,-0.2226148258,0.6187696857,-0.25467352,0.4384441796,0.6691296778,6.388275558e-05,6.87088187e-05,0.3439337925,0.5986561766,0.05741003091,0.1517004898,0.1509216461
31.72,9.451212421,-0.3765686786,-0.2229036247,0.6199028112,-0.2550299315,0.4375956988,0.6703131815,6.512722431e-05,7.019063229e-05,0.3428075489,0.5998415143,0.05735093679,0.151317549,0.1505217481
31.744,9.444066847,-0.3754130796,-0.2231824293,0.6210363738,-0.2553771415,0.4367440636,0.6714936054,6.644079901e-05,7.170535308e-05,0.3416800609,0.6010262096,0.05729372948,0.1509346794,0.1501225425
31.768,9.43693207,-0.3742580261,-0.2234513558,0.6221703113,-0.2557150932,0.4358894109,0.6726708743,6.782946676e-05,7.325678594e-05,0.3405514059,0.6022101156,0.05723847845,0.1505518228,0.1497240051
31.792,9.429808065,-0.3731036437,-0.2237105252,0.6233045667,-0.2560437317,0.4350318701,0.6738449194,6.929991762e-05,7.484900738e-05,0.3394216665,0.6033931012,0.05718523225,0.1501689337,0.1493261202
31.816,9.422694808,-0.3719500453,-0.2239600627,0.6244390885,-0.2563630039,0.4341715627,0.6750156776,7.085960744e-05,7.648638864e-05,0.3382909308,0.6045750517,0.05713401749,0.1497859799,0.1489288808
31.84,9.415592274,-0.3707973312,-0.2242000973,0.6255738306,-0.2566728593,0.4333086018,0.6761830922,7.251682392e-05,7.817361915e-05,0.3371592923,0.6057558696,0.05708483808,0.1494029426,0.1485322894
31.864,9.408500439,-0.3696455879,-0.2244307615,0.6267087522,-0.25697325,0.4324430914,0.6773471129,7.428075288e-05,7.991572928e-05,0.3360268501,0.6069354752,0.05703767467,0.1490198172,0.1481363575
31.888,9.40141928,-0.3684948885,-0.2246521906,0.6278438184,-0.2572641315,0.4315751262,0.6785076961,7.61615405e-05,8.171811103e-05,0.3348937087,0.6081138069,0.05699248437,0.1486366133,0.1477411066
31.912,9.394348772,-0.3673452924,-0.2248645223,0.6289789999,-0.2575454623,0.4307047913,0.6796648052,7.817034422e-05,8.358653454e-05,0.3337599779,0.6092908214,0.05694920068,0.1482533545,0.147346567
31.936,9.38728889,-0.3661968446,-0.2250678965,0.6301142727,-0.2578172053,0.4298321614,0.6808184105,8.031936143e-05,8.552715732e-05,0.332625772,0.6104664942,0.05690773377,0.1478700786,0.1469527788
31.96,9.380239612,-0.365049576,-0.2252624541,0.6312496191,-0.2580793274,0.4289573011,0.6819684897,8.262181921e-05,8.754652208e-05,0.3314912098,0.6116408193,0.05686797084,0.1474868369,0.1465597908
31.984,9.373200913,-0.3639035032,-0.2254483375,0.6323850269,-0.2583317999,0.4280802641,0.6831150277,8.509190026e-05,8.965153668e-05,0.3303564139,0.6128138092,0.05682977694,0.1471036941,0.1461676601
32.008,9.366172769,-0.3627586282,-0.2256256894,0.6335204895,-0.2585745994,0.4272010932,0.6842580172,8.77445682e-05,9.184942789e-05,0.3292215095,0.6139854947,0.0567929958,0.1467207278,0.1457764522
32.032,9.359155157,-0.3616149386,-0.2257946529,0.6346560066,-0.2588077075,0.4263198202,0.6853974585,9.059523876e-05,9.414765641e-05,0.3280866244,0.6151559245,0.05675745108,0.1463380271,0.1453862395
32.056,9.352148053,-0.3604724076,-0.2259553707,0.6357915834,-0.2590311119,0.4254364655,0.68653336,9.365922023e-05,9.655377642e-05,0.3269518874,0.6163251649,0.05672294773,0.1459556924,0.1449971012
32.08,9.345151434,-0.3593309941,-0.226107985,0.6369272311,-0.2592448058,0.4245510384,0.6876657379,9.695081524e-05,9.907521611e-05,0.3258174276,0.6174932988,0.05668927355,0.145573834,0.1446091219
32.104,9.338165275,-0.3581906427,-0.2262526368,0.6380629669,-0.2594487892,0.4236635365,0.6887946167,0.0001004819367,0.0001017189471,0.3246833736,0.6186604254,0.05665620098,0.1451925713,0.1442223911
32.128,9.331189554,-0.357051284,-0.2263894661,0.6391988137,-0.2596430685,0.4227739464,0.689920029,0.0001042600445,0.0001044909993,0.3235498517,0.6198266593,0.05662348904,0.1448120311,0.143837002
32.152,9.324224247,-0.3559128349,-0.2265186108,0.6403348002,-0.2598276572,0.4218822431,0.691042016,0.0001082851636,0.0001073957646,0.3224169853,0.6209921294,0.05659088536,0.1444323465,0.14345305
32.176,9.317269331,-0.3547751988,-0.2266402071,0.6414709613,-0.260002576,0.4209883908,0.6921606271,0.0001125457228,0.0001104350133,0.3212848935,0.6221569781,0.05655812841,0.1440536557,0.1430706322
32.2,9.310324783,-0.3536382661,-0.226754389,0.6426073372,-0.2601678534,0.4200923424,0.6932759204,0.0001170129874,0.000113606534,0.3201536901,0.6233213602,0.05652494969,0.1436761002,0.1426898455
32.224,9.303390578,-0.3525019147,-0.2268612876,0.6437439743,-0.2603235253,0.4191940406,0.6943879624,0.0001216340374,0.0001169022867,0.3190234817,0.624485442,0.05649107629,0.1432998233,0.142310786
32.248,9.296466696,-0.3513660102,-0.2269610317,0.6448809245,-0.260469636,0.4182934174,0.6954968282,0.0001263236658,0.0001203059591,0.3178943657,0.6256493995,0.05645623485,0.1429249667,0.141933547
32.272,9.289553111,-0.3502304069,-0.2270537469,0.6460182453,-0.2606062377,0.4173903951,0.6966026014,0.0001309563734,0.0001237898343,0.3167664268,0.6268134178,0.05642015543,0.1425516677,0.1415582182
32.296,9.282649802,-0.3490949481,-0.2271395556,0.6471559997,-0.2607333912,0.4164848863,0.6977053742,0.0001353608765,0.0001273109554,0.3156397463,0.6279776895,0.05638256421,0.1421800674,0.1411848841
32.32,9.275756745,-0.3479594671,-0.2272185772,0.6482942563,-0.2608511658,0.415576795,0.6988052472,0.0001393209858,0.0001308067375,0.3145143945,0.6291424135,0.05634319201,0.1418103025,0.1408136229
32.344,9.268873918,-0.3468237877,-0.2272909276,0.649433089,-0.2609596393,0.4146660167,0.6999023292,0.0001425875681,0.0001341904853,0.3133904247,0.6303077935,0.05630178179,0.141442499,0.140444505
32.368,9.262001298,-0.3456877254,-0.2273567189,0.6505725767,-0.2610588985,0.4137524394,0.7009967375,0.0001449051263,0.0001373477599,0.3122678764,0.6314740369,0.05625808675,0.1410767743,0.140077592
32.392,9.255138861,-0.3445510882,-0.22741606,0.6517128034,-0.2611490384,0.4128359441,0.7020885972,0.0001460519535,0.0001401351791,0.3111467745,0.6326413533,0.05621187215,0.1407132365,0.1397129353
32.416,9.248286587,-0.3434136776,-0.227469056,0.652853858,-0.2612301632,0.4119164058,0.7031780415,0.0001458853303,0.0001423838491,0.310027129,0.6338099534,0.05616291758,0.1403519824,0.139350575
32.44,9.241444451,-0.3422752898,-0.2275158083,0.6539958341,-0.2613023854,0.4109936947,0.7042652111,0.0001443767698,0.0001439098101,0.3089089338,0.6349800472,0.05611101901,0.1399930958,0.138990539
32.464,9.234612432,-0.3411357169,-0.2275564147,0.6551388293,-0.261365826,0.4100676764,0.7053502539,0.000141622661,0.0001445329833,0.3077921659,0.6361518435,0.05605599063,0.1396366466,0.1386328419
32.488,9.227790507,-0.3399947482,-0.2275909691,0.6562829459,-0.2614206143,0.4091382138,0.706433325,0.0001378250221,0.0001441036211,0.3066767857,0.6373255478,0.0559976665,0.1392826888,0.1382774843
32.512,9.220978654,-0.3388521713,-0.2276195618,0.6574282896,-0.2614668879,0.4082051677,0.707514586,0.0001332502139,0.0001425314634,0.3055627363,0.6385013616,0.05593590206,0.1389312597,0.1379244519
32.536,9.21417685,-0.3377077741,-0.2276422794,0.6585749697,-0.2615047918,0.4072683981,0.7085942047,0.0001281815345,0.0001398093774,0.3044499434,0.6396794813,0.05587057532,0.1385823789,0.1375737149
32.56,9.207385074,-0.336561346,-0.2276592046,0.6597230987,-0.2615344787,0.4063277655,0.7096723544,0.0001228803177,0.0001360228182,0.3033383154,0.6408600966,0.05580158797,0.1382360473,0.1372252275
32.584,9.200603302,-0.3354126793,-0.2276704165,0.6608727919,-0.2615561081,0.4053831324,0.7107492136,0.000117562695,0.0001313405117,0.3022277441,0.6420433898,0.05572886611,0.1378922463,0.1368789278
32.608,9.193831514,-0.3342615717,-0.2276759903,0.6620241665,-0.2615698459,0.4044343641,0.7118249653,0.0001123915872,0.0001259887843,0.3011181048,0.6432295344,0.05565236076,0.1375509374,0.1365347372
32.632,9.187069686,-0.333107827,-0.2276759976,0.6631773417,-0.261575864,0.4034813308,0.7128997961,0.0001074793802,0.0001202179059,0.3000092574,0.6444186944,0.05557204817,0.1372120616,0.1361925607
32.656,9.180317798,-0.331951258,-0.2276705057,0.664332438,-0.2615743396,0.4025239085,0.7139738953,0.0001028961263,0.0001142703351,0.298901047,0.6456110232,0.05548792979,0.1368755396,0.1358522869
32.68,9.173575826,-0.330791688,-0.2276595784,0.6654895759,-0.261565454,0.4015619808,0.7150474547,9.86793704e-05,0.0001083578263,0.2977933055,0.6468066625,0.05540003207,0.1365412713,0.1355137883
32.704,9.16684375,-0.3296289525,-0.2276432749,0.6666488764,-0.2615493926,0.4005954404,0.7161206666,9.484334582e-05,0.0001026496243,0.2966858525,0.6480057416,0.05530840588,0.1362091366,0.135176922
32.728,9.160121547,-0.3284629019,-0.2276216502,0.6678104588,-0.2615263432,0.3996241904,0.7171937236,9.138656972e-05,9.727017793e-05,0.2955784974,0.6492083769,0.05521312574,0.1358789955,0.1348415303
32.752,9.153409196,-0.3272934033,-0.2275947547,0.6689744412,-0.2614964955,0.3986481459,0.7182668168,8.829765252e-05,9.230310859e-05,0.2944710409,0.6504146705,0.05511428862,0.1355506889,0.1345074419
32.776,9.146706676,-0.3261203427,-0.2275626338,0.6701409384,-0.2614600396,0.3976672355,0.7193401349,8.555951088e-05,8.779820533e-05,0.2933632772,0.6516247102,0.05501201266,0.1352240397,0.1341744728
32.8,9.140013963,-0.3249436271,-0.2275253274,0.6713100616,-0.2614171652,0.3966814029,0.7204138624,8.315230342e-05,8.377910781e-05,0.292254996,0.6528385683,0.05490643569,0.1348988537,0.1338424281
32.824,9.133331038,-0.3237631872,-0.2274828697,0.6724819169,-0.2613680602,0.3956906082,0.7214881784,8.105541128e-05,8.025034419e-05,0.2911459853,0.6540563009,0.05479771374,0.1345749213,0.133511103
32.848,9.126657879,-0.3225789791,-0.2274352884,0.6736566041,-0.261312909,0.3946948291,0.7225632544,7.924873679e-05,7.720316922e-05,0.2900360337,0.6552779471,0.05468601923,0.1342520193,0.1331802845
32.872,9.119994463,-0.3213909867,-0.2273826038,0.6748342149,-0.2612518913,0.3936940625,0.7236392529,7.771353368e-05,7.462012448e-05,0.2889249332,0.6565035277,0.05457153905,0.1339299124,0.1328497539
32.896,9.113340771,-0.3201992242,-0.2273248284,0.676014832,-0.2611851805,0.3926883252,0.7247163249,7.643292686e-05,7.247847568e-05,0.2878124826,0.657733045,0.05445447246,0.133608356,0.1325192881
32.92,9.10669678,-0.319003738,-0.2272619657,0.6771985268,-0.261112942,0.3916776556,0.7257946081,7.539223625e-05,7.075275923e-05,0.2866984899,0.6589664812,0.05433502892,0.1332870983,0.132188663
32.944,9.10006247,-0.3178046088,-0.2271940095,0.6783853576,-0.2610353312,0.390662114,0.726874224,7.457918618e-05,6.941666468e-05,0.2855827764,0.6602037976,0.05421342599,0.1329658835,0.1318576552
32.968,9.093437818,-0.3166019539,-0.2271209421,0.6795753677,-0.2609524918,0.3896417836,0.7279552756,7.398405949e-05,6.844443985e-05,0.2844651794,0.6614449333,0.05408988733,0.1326444544,0.1315260453
32.992,9.086822806,-0.3153959288,-0.2270427335,0.6807685826,-0.260864554,0.3886167711,0.7290378444,7.35998404e-05,6.78119596e-05,0.2833455552,0.6626898035,0.05396464124,0.132322555,0.1311936203
33.016,9.08021741,-0.3141867293,-0.2269593401,0.681965008,-0.2607716321,0.3875872069,0.7301219872,7.34223818e-05,6.749756007e-05,0.2822237811,0.6639382982,0.05383792064,0.1319999328,0.1308601775
33.04,9.07362161,-0.312974593,-0.2268707026,0.6831646264,-0.2606738224,0.3865532454,0.7312077328,7.34506291e-05,6.748271322e-05,0.2810997558,0.6651902798,0.05370996447,0.1316763388,0.1305255267
33.064,9.067035386,-0.3117598007,-0.2267767448,0.6843673946,-0.2605712014,0.385515065,0.7322950783,7.368693408e-05,6.775260087e-05,0.2799734044,0.666445581,0.05358101456,0.1313515337,0.1301894947
33.088,9.060458716,-0.310542678,-0.2266773717,0.6855732395,-0.2604638231,0.3844728673,0.7333839853,7.413749792e-05,6.829664051e-05,0.2788446935,0.6677040031,0.05345130337,0.1310253024,0.1298519286
33.112,9.05389158,-0.309323596,-0.2265724674,0.6867820552,-0.260351717,0.3834268771,0.7344743752,7.48129942e-05,6.910901599e-05,0.2777136366,0.6689653134,0.05332104998,0.130697461,0.1295127007
33.136,9.047333957,-0.3081029725,-0.2264618936,0.6879936983,-0.2602348856,0.382377341,0.7355661252,7.572944203e-05,7.018927106e-05,0.2765802878,0.6702292475,0.05319046478,0.1303678511,0.1291717179
33.16,9.040785826,-0.306881272,-0.2263454869,0.6892079837,-0.2601133024,0.3813245266,0.7366590628,7.690942948e-05,7.154303355e-05,0.2754447455,0.6714955295,0.05305972495,0.1300363451,0.1288289496
33.184,9.034247167,-0.3056590066,-0.2262230574,0.6904246794,-0.2599869094,0.3802687208,0.7377529606,7.838383505e-05,7.318295208e-05,0.2743071831,0.6727640145,0.05292880236,0.1297028769,0.1284845782
33.208,9.02771796,-0.3044367356,-0.226094386,0.6916435014,-0.2598556151,0.3792102284,0.7388475307,8.019426984e-05,7.512994688e-05,0.2731681444,0.674033802,0.05279805357,0.1293677406,0.1281381227
33.232,9.021198182,-0.3032150652,-0.2259592223,0.6928641076,-0.2597192923,0.3781493698,0.7399424183,8.239658166e-05,7.741490195e-05,0.2720287342,0.6753038467,0.05266741916,0.1290317815,0.1277890583
33.256,9.014687816,-0.301994648,-0.2258172826,0.6940860916,-0.2595777766,0.3770864789,0.7410371952,8.506595491e-05,8.008095435e-05,0.2708839115,0.6765747821,0.05254130639,0.1286896917,0.127438651
33.28,9.008186839,-0.3007761819,-0.2256682479,0.6953089755,-0.2594308642,0.3760219005,0.7421313527,8.830445316e-05,8.318655678e-05,0.269740123,0.6778456439,0.05241423307,0.1283476456,0.1270866923
33.304,9.001695232,-0.299560409,-0.2255117611,0.6965322022,-0.2592783111,0.3749559881,0.7432242941,9.225236383e-05,8.680946163e-05,0.2685958324,0.6791156536,0.05228851396,0.1280038309,0.1267332948
33.328,8.995212974,-0.298348114,-0.2253474257,0.6977551273,-0.2591198319,0.3738891004,0.7443153263,9.710552712e-05,9.105158522e-05,0.2674514039,0.680383992,0.05216460406,0.1276583351,0.1263786788
33.352,8.988740046,-0.2971401224,-0.2251748034,0.6989770102,-0.2589550992,0.3728215987,0.7454036518,0.0001031420563,9.604403907e-05,0.2663073495,0.6816497456,0.05204290482,0.1273113945,0.1260231323
33.376,8.982276426,-0.2959372988,-0.2249934123,0.7001970038,-0.2587837442,0.3717538438,0.7464883592,0.0001107632154,0.000101949572,0.2651642572,0.682911887,0.05192385576,0.1269633246,0.1256670063
33.4,8.975822096,-0.2947405443,-0.2248027249,0.7014141445,-0.2586053575,0.3706861929,0.7475684136,0.0001205523812,0.0001089538106,0.264022783,0.6841692603,0.05180795662,0.1266145149,0.1253107155
33.424,8.969377034,-0.293550795,-0.2246021669,0.7026273403,-0.2584194906,0.3696189966,0.7486426467,0.0001333406588,0.0001172205264,0.2628836514,0.6854205664,0.05169578215,0.126265431,0.1249547402
33.448,8.962941222,-0.2923690196,-0.2243911146,0.7038353589,-0.2582256595,0.3685525959,0.7497097463,0.0001501793815,0.0001267443546,0.2617476556,0.6866643481,0.05158799623,0.1259166172,0.1245996284
33.472,8.956514639,-0.2911962174,-0.2241688939,0.7050368136,-0.2580233488,0.3674873195,0.7507682446,0.0001717064176,0.0001369449988,0.2606156596,0.6878989736,0.0514853667,0.1255687002,0.1242459978
33.496,8.950097265,-0.2900334175,-0.2239347778,0.7062301495,-0.2578120181,0.3664234818,0.7518165073,0.0001949381487,0.0001457732282,0.2594885977,0.6891226198,0.05138878249,0.1252223917,0.1238945378
33.52,8.943689081,-0.2888816779,-0.2236879848,0.7074136275,-0.2575911104,0.3653613805,0.7528527217,0.0002051313364,0.0001486520837,0.2583674716,0.6903332536,0.05129927476,0.1248784912,0.123546011
33.544,8.937290067,-0.2877420861,-0.2234276752,0.7085853077,-0.257360063,0.3643012959,0.7538748837,0.0001820224612,0.0001399509815,0.2572533548,0.6915286152,0.05121802999,0.1245378875,0.1232012553
33.568,8.930900203,-0.2866157617,-0.2231529484,0.7097430309,-0.2571183226,0.3632434902,0.7548807864,0.000137586782,0.0001192597068,0.2561474141,0.6927062013,0.05114638458,0.1242015619,0.1228611854
33.592,8.924519469,-0.2855038612,-0.2228628365,0.7108843985,-0.2568653644,0.3621882089,0.7558680067,9.704861987e-05,9.340149515e-05,0.2550508988,0.6938632473,0.05108585388,0.1238705908,0.1225267951
33.616,8.918147846,-0.2844075876,-0.2225562973,0.712006751,-0.2566007166,0.3611356827,0.7568338928,6.710503627e-05,6.913301963e-05,0.253965134,0.6949967052,0.05103816077,0.1235461482,0.1221991591
33.64,8.911785315,-0.2833282055,-0.2222322022,0.7131071432,-0.2563239948,0.3600861337,0.7577755525,4.560799652e-05,4.905290519e-05,0.2528915352,0.6961032265,0.05100523831,0.1232295094,0.1218794362
33.664,8.905431856,-0.2822670661,-0.2218893179,0.7141823163,-0.2560349457,0.3590397833,0.7586898407,2.975071858e-05,3.318781064e-05,0.2518316213,0.6971791478,0.05098923085,0.1229220544,0.1215688724
33.688,8.89908745,-0.2812256475,-0.2215262782,0.7152286661,-0.2557335097,0.357996867,0.7595733492,1.757327542e-05,2.099139488e-05,0.2507870295,0.6982204799,0.05099249062,0.1226252724,0.1212688066
33.712,8.892752076,-0.2802056198,-0.2211415382,0.716242204,-0.2554199073,0.3569576575,0.7604223983,7.928515319e-06,1.270251708e-05,0.2497595365,0.6992229015,0.05101756207,0.1223407671,0.1209806775
33.736,8.886425717,-0.2792089536,-0.2207332984,0.7172185083,-0.2550947678,0.355922504,0.7612330321,2.969563383e-06,1.086026698e-05,0.2487510928,0.700181763,0.0510671442,0.1220702639,0.1207060337
33.76,8.880108353,-0.2782381063,-0.2202993751,0.718152661,-0.2547593267,0.3548918969,0.762001023,9.079430557e-06,1.539246271e-05,0.247763876,0.7010921095,0.05114401442,0.1218156175,0.1204465502
33.784,8.873799964,-0.2772963536,-0.2198369679,0.7190391625,-0.254415746,0.3538665852,0.762721895,1.618851675e-05,2.217826754e-05,0.2468003788,0.7019487407,0.0512508805,0.1215788184,0.1202040512
33.808,8.867500532,-0.2763884214,-0.2193422178,0.7198718131,-0.2540676678,0.3528477972,0.7633909922,2.366853511e-05,2.993473052e-05,0.2458635586,0.702746353,0.05139008834,0.1213619901,0.1199805451
33.832,8.861210038,-0.2755217758,-0.2188093052,0.7206435545,-0.2537212439,0.3518376912,0.7640036664,3.217389272e-05,3.892148958e-05,0.2449571087,0.7034798771,0.05156301413,0.1211673467,0.1197782733
33.856,8.854928462,-0.2747095426,-0.2182284106,0.7213463001,-0.2533872196,0.3508403797,0.7645557976,4.292584286e-05,5.015941993e-05,0.2440859772,0.7041453315,0.05176869132,0.1209970034,0.1195997612
33.88,8.848655785,-0.2739780793,-0.2175804472,0.7219709877,-0.2530856053,0.3498646009,0.7650453782,5.84913604e-05,6.5805189e-05,0.2432573909,0.7047422335,0.05200037557,0.1208521486,0.1194477985
33.904,8.842391989,-0.2733909651,-0.2168204747,0.7225092728,-0.2528575639,0.3489322829,0.7654780186,8.552226733e-05,9.052541226e-05,0.2424828374,0.7052830497,0.05223411293,0.120729092,0.1193264445
33.928,8.836137055,-0.2731544143,-0.2158056675,0.7229659391,-0.2528007241,0.3481169634,0.7658903023,0.0001451690663,0.0001323514023,0.241773577,0.7058122998,0.05241412315,0.1205881358,0.1192243271
33.952,8.829890964,-0.2745459496,-0.2136802513,0.7234566295,-0.25319077,0.3479004574,0.7664822639,0.0002282654816,0.0001650558708,0.2407065672,0.7062583141,0.05303511866,0.1196717868,0.1187632261
33.976,8.823653697,-0.2569131934,-0.226146138,0.7252078218,-0.2546271522,0.3422666572,0.7686100255,0.0001260777401,0.0001168997804,0.2354082984,0.7073026821,0.05728901947,0.1182618178,0.1165412971
34,8.817425235,-0.2665915192,-0.2168650065,0.7298050696,-0.2513166626,0.343658943,0.7718649523,6.960754742e-05,7.254452899e-05,0.2369840336,0.7132083129,0.04980765353,0.1188825596,0.1174328031
