f_THz,lam_um,Re_S11,Im_S11,Re_S21,Im_S21,absS11,absS21,R,T,A
0,inf,7.061873698e-05,1.16432504e-06,0.9998761655,0.0005816281164,7.062833472e-05,0.9998763346,4.988361665e-09,0.9997526845,0.0002473104653
0.01,29979.2458,1.157469738e-05,0.0002765216052,0.9999882523,0.000314378883,0.0002767637472,0.9999883017,7.659817175e-08,0.9999766035,2.331985797e-05
0.035,8565.4988,-0.0001190118188,0.0009708779909,0.999999987,-0.0001615064962,0.0009781451253,1,9.567678862e-07,1,-9.567678863e-07
0.07,4282.7494,-0.0002635423287,0.001955525497,0.9999999167,-0.0004081992738,0.001973204127,1,3.893534527e-06,1,-3.893534526e-06
0.105,2855.166267,-0.0003675811728,0.002952316626,0.9999999736,-0.000229676321,0.002975111658,1,8.851289376e-06,1,-8.851289376e-06
0.14,2141.3747,-0.000435854628,0.003958871735,0.9999999529,0.0003069835032,0.00398279232,1,1.586263467e-05,1,-1.586263467e-05
0.175,1713.09976,-0.0004731336547,0.00497318534,0.9999993509,0.001139386017,0.004995640888,1,2.495642788e-05,1,-2.495642788e-05
0.21,1427.583133,-0.0004841636842,0.005993586489,0.9999975576,0.002210176608,0.006013110133,1,3.615749347e-05,1,-3.615749347e-05
0.245,1223.642686,-0.0004735980208,0.007018697497,0.999993989,0.003467283687,0.007034657749,1,4.948640964e-05,1,-4.948640964e-05
0.28,1070.68735,-0.000445935535,0.008047392613,0.9999881704,0.004864053147,0.008059738604,1,6.495938637e-05,1,-6.495938637e-05
0.315,951.7220889,-0.0004054633706,0.00907875804,0.9999797796,0.006359279253,0.009087807662,1,8.25882481e-05,1,-8.25882481e-05
0.35,856.54988,-0.0003562054376,0.01011205461,0.999968659,0.007917139944,0.01011832648,1,0.0001023805307,1,-0.0001023805307
0.385,778.6817091,-0.0003018774816,0.01114668413,0.999954807,0.009507046542,0.01115077115,1,0.0001243396972,1,-0.0001243396972
0.42,713.7915667,-0.0002458494938,0.01218216023,0.9999383551,0.01110341928,0.01218464074,1,0.0001484654699,1,-0.0001484654699
0.455,658.8845231,-0.0001911161643,0.01321808406,0.9999195371,0.01268540097,0.01321946564,1,0.0001747542717,1,-0.0001747542717
0.49,611.8213429,-0.0001402759388,0.01425412513,0.999766712,0.01423464274,0.01425481535,0.9998680431,0.0002031997606,0.9997361035,6.069672526e-05
0.525,571.0332533,-9.551906389e-05,0.01529000699,0.9996119196,0.0157401655,0.01529030535,0.9997358365,0.0002337934377,0.9994717427,0.0002944638774
0.56,535.343675,-5.862475338e-05,0.01632549738,0.9994657021,0.01719332538,0.01632560264,0.9996135754,0.0002665253016,0.9992273001,0.0005061745875
0.595,503.8528706,-3.096733928e-05,0.01736040217,0.9993301329,0.01858858703,0.01736042979,0.9995030016,0.0003013845226,0.9990062501,0.0006923653361
0.63,475.8610444,-1.353096934e-05,0.01839456228,0.9992065887,0.01992319911,0.01839456725,0.9994051935,0.0003383601044,0.9988107408,0.0008508991222
0.665,450.8157263,-6.93212047e-06,0.01942785265,0.9990958116,0.0211967786,0.01942785388,0.9993206414,0.0003774415065,0.9986417443,0.0009808142212
0.7,428.27494,-1.144893118e-05,0.02046018252,0.9989979805,0.02241090926,0.02046018572,0.9992493252,0.0004186191997,0.9984992139,0.001082166918
0.735,407.8808952,-2.705613607e-05,0.02149149602,0.9989127868,0.02356876043,0.02149151305,0.9991907936,0.0004618851333,0.9983822421,0.001155872796
0.77,389.3408545,-5.346423161e-05,0.02252177261,0.9988395137,0.02467473072,0.02252183607,0.9991442421,0.0005072331001,0.9982892164,0.001203550476
0.805,372.4129913,-9.016142055e-05,0.02355102669,0.9987771148,0.02573412027,0.02355119928,0.9991085877,0.0005546589873,0.99821797,0.001227371025
0.84,356.8957833,-0.0001364568753,0.0245793062,0.998724291,0.02675283397,0.02457968499,0.9990825409,0.000604160914,0.9981659235,0.001229915612
0.875,342.619952,-0.0001915239281,0.02560669004,0.998679563,0.02773711706,0.02560740627,0.9990646712,0.000655739256,0.9981302173,0.001214043476
0.91,329.4422615,-0.0002544419202,0.02663328425,0.9986413395,0.02869332397,0.02663449963,0.9990534679,0.0007093965706,0.9981078318,0.001182771658
0.945,317.2406963,-0.0003242356171,0.02765921733,0.9986079777,0.02962772031,0.02766111769,0.9990473938,0.0007651374321,0.998095695,0.001139167601
0.98,305.9106714,-0.0003999112986,0.02868463468,0.9985778383,0.03054631732,0.02868742226,0.9990449322,0.0008229681957,0.9980907766,0.001086255247
1.015,295.3620276,-0.0004804888493,0.02970969269,0.9985493317,0.03145473788,0.02971357786,0.9990446278,0.0008828967093,0.9980901683,0.001026934943
1.05,285.5166267,-0.0005650293971,0.03073455271,0.9985209579,0.03235811232,0.03073974607,0.9990451195,0.0009449319886,0.9980911508,0.0009639171836
1.085,276.3064129,-0.000652658244,0.03175937522,0.9984913379,0.03326100233,0.03176608061,0.9990451672,0.001009083877,0.9980912462,0.0008996699237
1.12,267.6718375,-0.0007425830271,0.03278431447,0.9984592382,0.03416735072,0.03279272335,0.9990436719,0.001075362705,0.9980882583,0.0008363789997
1.155,259.5605697,-0.0008341071976,0.03380951384,0.9984235883,0.0350804547,0.03381980131,0.9990396889,0.001143778961,0.9980803001,0.0007759209856
1.19,251.9264353,-0.0009266390381,0.034835102,0.9983834916,0.03600296015,0.03484742446,0.9990324366,0.001214342991,0.9980658094,0.0007198476548
1.225,244.7285371,-0.001019696538,0.03586119008,0.99833823,0.03693687421,0.03587568446,0.9990212982,0.001287064735,0.9980435542,0.0006693810727
1.26,237.9305222,-0.001112908522,0.03688786973,0.9982872641,0.03788359356,0.03690465416,0.9990058199,0.001361953498,0.9980126283,0.0006254182378
1.295,231.4999676,-0.001206012466,0.03791521212,0.998230227,0.03884394562,0.03793438777,0.9989857047,0.001439017776,0.9979724381,0.0005885440945
1.33,225.4078632,-0.001298849481,0.03894326786,0.9981669154,0.03981824004,0.03896492168,0.9989608016,0.001518265122,0.9979226832,0.0005590516816
1.365,219.6281744,-0.00139135693,0.03997206766,0.9980972765,0.04080632803,0.03999627567,0.9989310936,0.001599702067,0.9978633298,0.0005369681448
1.4,214.13747,-0.001483559173,0.04100162361,0.9980213923,0.0418076668,0.0410284546,0.9988966816,0.001683334087,0.9977945806,0.0005220853281
1.435,208.9146049,-0.001575556883,0.042031931,0.9979394619,0.04282138714,0.04206145032,0.998857768,0.001769165603,0.9977168407,0.0005139936771
1.47,203.9404476,-0.001667515393,0.0430629705,0.9978517817,0.04384636177,0.04309524377,0.9988146383,0.001857200036,0.9976306817,0.0005121182245
1.505,199.1976465,-0.00175965247,0.04409471065,0.9977587263,0.04488127276,0.04412980721,0.998767643,0.001947439884,0.9975368046,0.0005157554945
1.54,194.6704273,-0.001852225916,0.04512711039,0.9976607274,0.04592467625,0.04516510636,0.9987171786,0.002039886833,0.9974360029,0.0005241102438
1.575,190.3444178,-0.001945521312,0.04616012169,0.9975582542,0.04697506307,0.04620110266,0.9986636706,0.002134541887,0.997329127,0.000536331065
1.61,186.2064957,-0.002039840242,0.04719369205,0.9974517942,0.04803091417,0.04723775521,0.9986075558,0.002231405518,0.9972170505,0.0005515439888
1.645,182.2446553,-0.002135489238,0.04822776694,0.9973418356,0.04909074988,0.04827502272,0.9985492671,0.002330477818,0.9971006388,0.0005688833584
1.68,178.4478917,-0.002232769677,0.04926229194,0.997228851,0.05015317236,0.04931286513,0.9984892197,0.002431758668,0.996980722,0.0005875193801
1.715,174.806098,-0.00233196881,0.0502972147,0.9971132831,0.05121690088,0.05035124512,0.9984277992,0.002535247885,0.9968580702,0.0006066818977
1.75,171.309976,-0.002433352066,0.0513324866,0.9969955329,0.05228079968,0.05139012923,0.9983653512,0.002640945382,0.9967333745,0.0006256800756
1.785,167.9509569,-0.002537156718,0.0523680641,0.9968759498,0.05334389846,0.05242948886,0.9983021741,0.002748851302,0.9966072309,0.0006439178134
1.82,164.7211308,-0.002643586968,0.05340390982,0.9967548248,0.05440540567,0.05346930087,0.9982385131,0.002858966136,0.996480129,0.0006609048416
1.855,161.6131849,-0.002752810471,0.05443999325,0.9966323851,0.0554647151,0.05450954807,0.9981745567,0.002971290831,0.9963524456,0.0006762635678
1.89,158.6203481,-0.002864956272,0.05547629125,0.9965087917,0.05652140606,0.05555021931,0.9981104354,0.003085826865,0.9962244413,0.0006897318486
1.925,155.7363418,-0.002980114096,0.05651278817,0.9963841396,0.05757523797,0.05659130947,0.9980462222,0.003202576307,0.9960962617,0.0007011619573
1.96,152.9553357,-0.003098334909,0.05754947582,0.9962584593,0.05862613994,0.05763281918,0.9979819347,0.003321541847,0.9959679421,0.0007105160927
1.995,150.2719088,-0.003219632635,0.0585863531,0.9961317205,0.05967419626,0.0586747544,0.9979175389,0.003442726804,0.9958394144,0.0007178588402
2.03,147.6810138,-0.003343986884,0.05962342549,0.9960038376,0.06071962834,0.05971712582,0.997852954,0.003566135116,0.9957105178,0.0007233470419
2.065,145.1779458,-0.003471346546,0.0606607044,0.9958746763,0.06176277422,0.06075994819,0.9977880592,0.003691771305,0.9955810111,0.0007272175647
2.1,142.7583133,-0.003601634079,0.06169820625,0.9957440612,0.06280406628,0.06180323958,0.9977227,0.003819640423,0.9954505861,0.0007297734722
2.135,140.4180131,-0.003734750318,0.06273595166,0.9956117846,0.06384400791,0.06284702054,0.9976566959,0.00394974799,0.9953188829,0.0007313691113
2.17,138.1532065,-0.003870579626,0.06377396434,0.9954776152,0.06488315007,0.06389131329,0.9975898483,0.004082099914,0.9951855055,0.0007323946124
2.205,135.9602984,-0.004008995217,0.06481227017,0.9953413074,0.06592206815,0.06493614099,0.9975219483,0.004216702407,0.9950500373,0.0007332602834
2.24,133.8359187,-0.004149864479,0.06585089611,0.9952026104,0.06696134008,0.06598152691,0.9974527842,0.004353561893,0.9949120568,0.0007343813454
2.275,131.7769046,-0.004293054145,0.06688986929,0.9950612766,0.06800152583,0.06702749382,0.9973821493,0.004492684928,0.9947711517,0.000736163419
2.31,129.7802848,-0.004438435173,0.06792921609,0.9949170701,0.06904314914,0.06807406338,0.9973098479,0.004634078105,0.9946269328,0.0007389891229
2.345,127.8432657,-0.004585887203,0.06896896129,0.9947697739,0.07008668158,0.06912125565,0.9972357023,0.004777747983,0.9944790459,0.0007432060933
2.38,125.9632176,-0.004735302495,0.07000912743,0.9946191963,0.07113252933,0.07016908873,0.9971595571,0.004923701013,0.9943271823,0.0007491166787
2.415,124.1376638,-0.004886589262,0.07104973421,0.9944651763,0.07218102279,0.07121757849,0.9970812841,0.005071943485,0.994171087,0.0007569695006
2.45,122.3642686,-0.005039674336,0.07209079805,0.9943075881,0.07323240921,0.07226673841,0.9970007851,0.005222481481,0.9940105655,0.0007669530153
2.485,120.6408282,-0.005194505133,0.07313233184,0.9941463434,0.07428684821,0.0733165796,0.9969179946,0.005375320845,0.993845488,0.000779191149
2.52,118.9652611,-0.005351050894,0.07417434478,0.993981394,0.0753444103,0.07436711081,0.9968328806,0.00553046717,0.9936757918,0.0007937410205
2.555,117.3356,-0.005509303207,0.07521684237,0.9938127316,0.07640507804,0.07541833861,0.9967454447,0.005687925798,0.9935014815,0.0008105927097
2.59,115.7499838,-0.005669275838,0.07625982654,0.9936403877,0.07746874985,0.07647026764,0.9966557215,0.005847701833,0.9933226272,0.0008296709812
2.625,114.2066507,-0.00583100391,0.07730329591,0.9934644312,0.07853524602,0.07752290091,0.9965637767,0.006009800165,0.993139361,0.0008508388207
2.66,112.7039316,-0.005994542478,0.07834724613,0.9932849665,0.07960431674,0.07857624014,0.9964697044,0.006174225515,0.9929518719,0.0008739026078
2.695,111.2402442,-0.00615996458,0.07939167028,0.9931021287,0.08067565181,0.07963028616,0.9963736241,0.006340982474,0.9927603988,0.0008986187089
2.73,109.8140872,-0.006327358843,0.08043655942,0.99291608,0.08174889157,0.08068503927,0.9962756763,0.006510075561,0.9925652232,0.0009247012494
2.765,108.4240354,-0.006496826723,0.08148190305,0.9927270042,0.08282363875,0.08174049965,0.9961760185,0.006681509283,0.9923666599,0.0009518308077
2.8,107.068735,-0.006668479479,0.08252768973,0.9925351011,0.08389947093,0.08279666775,0.9960748205,0.00685528819,0.9921650481,0.0009796637548
2.835,105.7468988,-0.006842434975,0.08357390757,0.9923405809,0.08497595309,0.08385354461,0.9959722592,0.007031416943,0.9919607411,0.001007841967
2.87,104.4573024,-0.007018814405,0.08462054483,0.9921436582,0.08605265001,0.08491113215,0.9958685139,0.007209900363,0.991754097,0.001036002634
2.905,103.1987807,-0.007197739039,0.08566759038,0.9919445458,0.08712913818,0.08596943346,0.9957637614,0.007390743489,0.9915454686,0.001063787903
2.94,101.9702238,-0.00737932706,0.08671503418,0.9917434493,0.08820501691,0.08702845293,0.9956581714,0.00757395162,0.9913351943,0.001090854107
2.975,100.7705741,-0.007563690608,0.08776286764,0.9915405617,0.08927991836,0.08808819644,0.9955519019,0.007759530352,0.9911235893,0.00111688035
3.01,99.59882326,-0.007750933064,0.08881108401,0.9913360582,0.09035351629,0.08914867136,0.9954450955,0.007947485606,0.9909109381,0.001141576254
3.045,98.4540092,-0.007941146671,0.08985967855,0.9911300921,0.09142553345,0.0902098866,0.9953378761,0.00813782364,0.9906974877,0.001164688689
3.08,97.33521364,-0.008134410523,0.09090864879,0.9909227913,0.09249574728,0.09127185251,0.995230346,0.00833055106,0.9904834416,0.001186007363
3.115,96.24155955,-0.008330788977,0.09195799454,0.990714255,0.09356399403,0.09233458077,0.9951225834,0.008525674806,0.990268956,0.001205369146
3.15,95.17220889,-0.008530330501,0.09300771796,0.990504552,0.09463017122,0.09339808423,0.9950146415,0.008723202138,0.9900541368,0.001222661087
3.185,94.12636044,-0.008733066987,0.09405782346,0.9902937191,0.09569423831,0.0944623767,0.994906547,0.008923140612,0.9898390373,0.001237822075
3.22,93.10324783,-0.008939013523,0.0951083176,0.990081761,0.0967562159,0.09552747269,0.9947983006,0.009125498039,0.9896236588,0.001250843158
3.255,92.10213763,-0.009148168616,0.0961592089,0.9898686505,0.0978161833,0.09659338717,0.9946898768,0.009330282445,0.989407951,0.001261766547
3.29,91.12232766,-0.009360514851,0.09721050757,0.9896543297,0.09887427473,0.09766013527,0.9945812257,0.00953750202,0.9891918146,0.001270683389
3.325,90.16314526,-0.009576019939,0.09826222527,0.989438712,0.09993067424,0.09872773203,0.9944722744,0.009747165073,0.9889751045,0.00127773039
3.36,89.22394583,-0.009794638135,0.09931437475,0.9892216846,0.1009856096,0.09979619216,0.994362929,0.009959279969,0.9887576346,0.001283085415
3.395,88.30411134,-0.01001631195,0.1003669696,0.9890031116,0.1020393454,0.1008655297,0.9942530778,0.01017385509,0.9885391827,0.001286962214
3.43,87.40304898,-0.01024097415,0.1014200237,0.9887828377,0.1030921753,0.101935758,0.9941425938,0.01039089876,0.9883194968,0.001289604417
3.465,86.5201899,-0.01046854987,0.1024735513,0.9885606925,0.1041444137,0.1030068894,0.9940313384,0.01061041926,0.9880983018,0.001291278983
3.5,85.654988,-0.01069895898,0.1035275662,0.9883364943,0.105196388,0.1040789349,0.9939191647,0.01083242469,0.987875306,0.001292269266
3.535,84.80691881,-0.01093211841,0.1045820819,0.9881100547,0.1062484296,0.1051519047,0.9938059212,0.01105692306,0.987650209,0.001292867891
3.57,83.97547843,-0.01116794454,0.1056371108,0.9878811833,0.1073008665,0.1062258075,0.9936914552,0.01128392217,0.9874227082,0.001293369616
3.605,83.16018252,-0.01140635549,0.1066926647,0.9876496917,0.1083540146,0.1073006508,0.9935756167,0.01151342965,0.987192506,0.001294064344
3.64,82.36056538,-0.01164727333,0.107748754,0.9874153982,0.1094081715,0.108376441,0.9934582611,0.01174545296,0.9869593166,0.001295230466
3.675,81.57617905,-0.01189062612,0.1088053877,0.9871781313,0.1104636094,0.1094531835,0.9933392532,0.01197999937,0.986722872,0.001297128668
3.71,80.80659245,-0.01213634971,0.1098625735,0.9869377336,0.1115205699,0.1105308827,0.9932184692,0.01221707603,0.9864829276,0.001299996356
3.745,80.05139065,-0.0123843893,0.1109203176,0.9866940649,0.1125792592,0.1116095424,0.9930957996,0.01245668996,0.9862392672,0.001304042795
3.78,79.31017407,-0.0126347007,0.1119786249,0.9864470045,0.1136398444,0.1126891658,0.9929711511,0.01269884809,0.9859917068,0.001309445078
3.815,78.5825578,-0.01288725133,0.1130374987,0.9861964537,0.1147024512,0.1137697559,0.9928444479,0.01294355737,0.9857400976,0.001316344984
3.85,77.86817091,-0.01314202083,0.1140969413,0.9859423373,0.1157671626,0.1148513157,0.9927156333,0.01319082472,0.9854843285,0.001324846773
3.885,77.16665586,-0.01339900138,0.1151569536,0.9856846042,0.1168340183,0.1159338483,0.9925846699,0.01344065719,0.9852243268,0.00133501596
3.92,76.47766786,-0.01365819768,0.1162175356,0.9854232278,0.1179030158,0.1170173575,0.9924515399,0.01369306195,0.984960059,0.001346879053
3.955,75.80087434,-0.01391962665,0.1172786867,0.9851582056,0.1189741121,0.1181018474,0.9923162447,0.01394804637,0.9846915294,0.001360424231
3.99,75.13595439,-0.01418331674,0.1183404056,0.9848895585,0.1200472265,0.1191873235,0.9921788039,0.01420561807,0.984418779,0.00137560294
4.025,74.48259826,-0.01444930711,0.1194026907,0.984617329,0.1211222441,0.1202737919,0.9920392546,0.01446578501,0.9841418827,0.001392332318
4.06,73.8405069,-0.01471764643,0.1204655401,0.9843415798,0.1221990201,0.1213612602,0.991897649,0.01472855547,0.9838609462,0.001410498378
4.095,73.20939145,-0.0149883916,0.1215289523,0.9840623905,0.1232773848,0.1224497371,0.9917540532,0.01499393813,0.983576102,0.00142995985
4.13,72.58897288,-0.0152616062,0.1225929258,0.9837798559,0.124357149,0.123539233,0.9916085444,0.01526194208,0.9832875053,0.001450552567
4.165,71.97898151,-0.01553735888,0.1236574598,0.9834940821,0.1254381093,0.1246297592,0.9914612089,0.01553257688,0.9829953288,0.001472094281
4.2,71.37915667,-0.01581572169,0.1247225538,0.9832051839,0.1265200542,0.1257213287,0.9913121394,0.01580585248,0.9826997578,0.001494389764
4.235,70.78924628,-0.01609676836,0.1257882083,0.9829132809,0.1276027697,0.1268139555,0.9911614322,0.0160817793,0.9824009846,0.001517236084
4.27,70.20900656,-0.01638057257,0.1268544244,0.9826184945,0.128686045,0.1279076548,0.9910091846,0.01636036815,0.9820992039,0.001540427905
4.305,69.63820163,-0.01666720632,0.1279212042,0.9823209443,0.1297696781,0.1290024428,0.9908554925,0.01664163024,0.9817946071,0.001563762691
4.34,69.07660323,-0.01695673838,0.1289885505,0.9820207451,0.1308534804,0.1300983364,0.9907004478,0.01692557713,0.9814873772,0.00158704569
4.375,68.5239904,-0.01724923289,0.130056467,0.9817180036,0.1319372812,0.131195353,0.9905441357,0.01721222064,0.9811776848,0.001610094577
4.41,67.98014921,-0.01754474812,0.1311249582,0.9814128159,0.1330209319,0.1322935103,0.9903866333,0.01750157286,0.9808656835,0.001632743662
4.445,67.44487244,-0.01784333539,0.1321940294,0.9811052648,0.1341043091,0.133392826,0.9902280073,0.01779364603,0.9805515064,0.001654847566
4.48,66.91795937,-0.01814503829,0.1332636862,0.9807954184,0.1351873166,0.1344933176,0.9900683124,0.01808845248,0.9802352632,0.001676284287
4.515,66.3992155,-0.018449892,0.1343339349,0.9804833275,0.1362698877,0.1355950021,0.9899075905,0.01838600459,0.9799170378,0.001696957607
4.55,65.88845231,-0.01875792302,0.135404782,0.9801690255,0.1373519859,0.1366978956,0.9897458697,0.01868631467,0.9795968865,0.001716798796
4.585,65.38548702,-0.01906914896,0.1364762341,0.9798525269,0.1384336048,0.1378020135,0.9895831635,0.01898939492,0.9792748375,0.001735767577
4.62,64.89014242,-0.01938357868,0.1375482979,0.9795338278,0.1395147676,0.1389073698,0.9894194713,0.01929525737,0.9789508903,0.001753852369
4.655,64.40224662,-0.01970121266,0.1386209797,0.9792129056,0.1405955259,0.1400139772,0.9892547783,0.0196039138,0.9786250164,0.001771069804
4.69,63.92163284,-0.02002204351,0.1396942857,0.97888972,0.1416759573,0.141121847,0.989089056,0.01991537569,0.9782971608,0.001787463552
4.725,63.44813926,-0.02034605671,0.1407682215,0.9785642142,0.1427561628,0.1422309889,0.9889222635,0.02022965421,0.9779672433,0.001803102505
4.76,62.98160882,-0.02067323157,0.141842792,0.9782363164,0.143836264,0.1433414112,0.9887543484,0.02054676016,0.9776351615,0.001818078369
4.795,62.52188905,-0.02100354221,0.1429180017,0.9779059416,0.144916399,0.1444531204,0.9885852484,0.02086670399,0.9773007933,0.001832502746
4.83,62.06883188,-0.02133695877,0.1439938539,0.977572994,0.1459967186,0.1455661216,0.9884148929,0.02118949576,0.9769640004,0.001846503788
4.865,61.62229353,-0.02167344862,0.1450703513,0.9772373693,0.1470773823,0.1466804186,0.988243205,0.02151514522,0.9766246323,0.001860222509
4.9,61.18213429,-0.02201297762,0.1461474959,0.9768989571,0.1481585539,0.147796014,0.9880701035,0.02184366174,0.9762825294,0.001873808857
4.935,60.74821844,-0.02235551143,0.1472252886,0.9765576439,0.1492403969,0.148912909,0.9878955045,0.02217505448,0.9759375279,0.001887417647
4.97,60.32041408,-0.02270101677,0.1483037295,0.9762133156,0.150323071,0.1500311046,0.9877193241,0.02250933234,0.9755894632,0.001901204459
5.005,59.89859301,-0.02304946258,0.1493828181,0.9758658603,0.1514067273,0.1511506006,0.9875414798,0.02284650407,0.9752381743,0.001915321599
5.04,59.48263056,-0.02340082115,0.1504625533,0.9755151707,0.1524915052,0.1522713971,0.9873618928,0.02318657837,0.9748835074,0.001929914222
5.075,59.07240552,-0.02375506916,0.1515429333,0.9751611467,0.1535775287,0.1533934938,0.9871804897,0.02352956395,0.9745253193,0.001945116718
5.11,58.6678,-0.02411218846,0.1526239561,0.9748036974,0.1546649037,0.154516891,0.9869972041,0.0238754696,0.974163481,0.001961049426
5.145,58.26869932,-0.02447216685,0.1537056193,0.9744427433,0.1557537155,0.1556415894,0.986811978,0.02422430434,0.9737978799,0.001977815775
5.18,57.87499189,-0.0248349986,0.1547879204,0.9740782175,0.1568440272,0.1567675906,0.9866247628,0.02457607747,0.9734284226,0.001995499897
5.215,57.48656913,-0.02520068477,0.1558708573,0.9737100672,0.1579358781,0.1578948975,0.9864355207,0.02493079866,0.9730550366,0.002014164772
5.25,57.10332533,-0.02556923344,0.1569544277,0.9733382546,0.1590292836,0.1590235142,0.9862442248,0.02528847807,0.972677671,0.002033850939
5.285,56.72515762,-0.02594065965,0.15803863,0.9729627574,0.1601242348,0.1601534464,0.9860508596,0.02564912639,0.9722962978,0.002054575805
5.32,56.35196579,-0.02631498524,0.159123463,0.9725835685,0.1612206991,0.1612847015,0.9858554212,0.02601275493,0.9719109115,0.002076333541
5.355,55.98365229,-0.02669223849,0.1602089263,0.9722006962,0.1623186218,0.1624172886,0.9856579167,0.02637937565,0.9715215288,0.002099095586
5.39,55.62012208,-0.02707245356,0.16129502,0.9718141633,0.1634179275,0.163551219,0.9854583639,0.02674900122,0.9711281871,0.002122811714
5.425,55.26128258,-0.02745566988,0.1623817454,0.9714240059,0.1645185221,0.1646865054,0.9852567905,0.02712164505,0.9707309433,0.00214741165
5.46,54.90704359,-0.02784193132,0.1634691045,0.971030272,0.1656202962,0.1658231626,0.9850532329,0.02749732125,0.9703298716,0.002172807173
5.495,54.5573172,-0.02823128535,0.1645571001,0.97063302,0.1667231273,0.1669612071,0.9848477348,0.02787604468,0.9699250607,0.002198894663
5.53,54.21201772,-0.02862378207,0.1656457363,0.9702323167,0.1678268834,0.1681006569,0.9846403461,0.02825783086,0.9695166111,0.002225558013
5.565,53.87106164,-0.02901947317,0.1667350178,0.9698282349,0.1689314267,0.1692415315,0.9844311211,0.02864269598,0.9691046322,0.002252671835
5.6,53.5343675,-0.02941841097,0.1678249501,0.9694208515,0.1700366169,0.1703838513,0.9842201168,0.02903065677,0.9686892383,0.002280104881
5.635,53.2018559,-0.02982064737,0.1689155395,0.9690102445,0.1711423147,0.1715276377,0.9840073912,0.02942173051,0.9682705459,0.002307723594
5.67,52.87344938,-0.03022623285,0.1700067931,0.9685964913,0.1722483858,0.1726729129,0.9837930013,0.02981593485,0.9678486695,0.002335395687
5.705,52.54907239,-0.03063521557,0.171098718,0.9681796658,0.1733547039,0.173819699,0.9835770018,0.03021328775,0.9674237186,0.002362993687
5.74,52.22865122,-0.03104764049,0.1721913221,0.9677598359,0.1744611539,0.1749680182,0.9833594431,0.0306138074,0.9669957943,0.002390398332
5.775,51.91211394,-0.03146354866,0.1732846131,0.9673370621,0.175567635,0.1761178924,0.9831403695,0.03101751203,0.9665649862,0.002417501762
5.81,51.59939036,-0.03188297652,0.1743785987,0.9669113947,0.176674063,0.1772693428,0.9829198186,0.03142441989,0.9661313697,0.002444210405
5.845,51.29041198,-0.03230595549,0.1754732865,0.9664828724,0.1777803723,0.1784223894,0.982697819,0.03183454903,0.9656950035,0.002470447512
5.88,50.9851119,-0.03273251152,0.1765686834,0.966051521,0.1788865179,0.1795770511,0.9824743902,0.03224791728,0.9652559275,0.002496155271
5.915,50.68342485,-0.03316266494,0.177664796,0.9656173518,0.1799924761,0.1807333453,0.9822495413,0.0326645421,0.9648141615,0.002521296441
5.95,50.38528706,-0.03359643038,0.17876163,0.9651803612,0.1810982451,0.1818912876,0.9820232706,0.0330844405,0.964369704,0.002545855494
5.985,50.09063626,-0.03403381686,0.1798591901,0.9647405302,0.1822038454,0.1830508917,0.9817955652,0.03350762897,0.9639225318,0.002569839217
6.02,49.79941163,-0.03447482805,0.1809574802,0.964297824,0.1833093191,0.1842121695,0.9815664011,0.0339341234,0.9634725998,0.002593276766
6.055,49.51155376,-0.03491946263,0.1820565028,0.9638521928,0.1844147289,0.1853751307,0.9813357436,0.03436393907,0.9630198417,0.002616219189
6.09,49.2270046,-0.0353677148,0.1831562594,0.963403572,0.1855201567,0.1865397829,0.9811035475,0.0347970906,0.962564171,0.002638738402
6.125,48.94570743,-0.03581957491,0.1842567502,0.9629518834,0.1866257017,0.1877061319,0.9808697581,0.03523359196,0.9621054824,0.002660925673
6.16,48.66760682,-0.03627503015,0.1853579744,0.9624970369,0.1877314781,0.1888741816,0.980634312,0.03567345648,0.9616436539,0.00268288963
6.195,48.39264859,-0.03673406539,0.1864599296,0.9620389313,0.1888376125,0.1900439342,0.9803971385,0.03611669692,0.9611785492,0.002704753847
6.23,48.12077978,-0.03719666398,0.1875626127,0.961577457,0.1899442407,0.1912153904,0.9801581609,0.03656332551,0.9607100204,0.002726654071
6.265,47.8519486,-0.03766280864,0.1886660194,0.9611124977,0.1910515048,0.1923885496,0.9799172979,0.03701335403,0.9602379108,0.002748735149
6.3,47.58610444,-0.03813248239,0.1897701445,0.9606439328,0.1921595501,0.1935634107,0.9796744655,0.03746679394,0.9597620583,0.002771147727
6.335,47.32319779,-0.03860566936,0.1908749821,0.9601716396,0.1932685212,0.1947399714,0.9794295782,0.03792365648,0.9592822987,0.002794044801
6.37,47.06318022,-0.03908235571,0.1919805257,0.9596954958,0.1943785593,0.1959182298,0.9791825514,0.03838395279,0.958798469,0.002817578197
6.405,46.80600437,-0.03956253036,0.1930867687,0.9592153823,0.1954897983,0.1970981838,0.9789333026,0.03884769406,0.9583104109,0.00284189507
6.44,46.55162391,-0.04004618577,0.1941937041,0.9587311849,0.1966023623,0.1982798318,0.9786817531,0.0393148917,0.9578179738,0.002867134487
6.475,46.29999351,-0.04053331851,0.195301325,0.9582427972,0.1977163623,0.1994631732,0.9784278299,0.03978555745,0.9573210184,0.002893424197
6.51,46.05106882,-0.04102392983,0.1964096249,0.9577501222,0.1988318942,0.2006482085,0.978171467,0.04025970356,0.9568194188,0.002920877631
6.545,45.80480642,-0.04151802601,0.1975185977,0.9572530747,0.1999490357,0.2018349398,0.9779126064,0.04073734291,0.9563130658,0.002949591239
6.58,45.56116383,-0.04201561871,0.198628238,0.9567515823,0.2010678454,0.203023371,0.9776511999,0.04121848916,0.9558018686,0.002979642187
6.615,45.32009947,-0.04251672506,0.1997385415,0.9562455874,0.2021883608,0.204213508,0.9773872092,0.04170315686,0.9552857566,0.003011086507
6.65,45.08157263,-0.04302136771,0.2008495045,0.9557350479,0.2033105975,0.2054053591,0.9771206071,0.04219136155,0.9547646808,0.003043957702
6.685,44.84554346,-0.04352957468,0.2019611249,0.9552199377,0.204434549,0.2065989347,0.9768513778,0.04268311984,0.9542386143,0.003078265881
6.72,44.61197292,-0.04404137912,0.2030734016,0.9547002476,0.2055601864,0.207794248,0.976579517,0.04317844949,0.9537075531,0.00311399741
6.755,44.3808228,-0.04455681895,0.2041863348,0.9541759847,0.2066874591,0.2089913143,0.976305032,0.04367736945,0.9531715154,0.003151115109
6.79,44.15205567,-0.04507593637,0.2052999264,0.9536471719,0.2078162956,0.2101901515,0.9760279408,0.04417989981,0.9526305412,0.003189558991
6.825,43.92563487,-0.04559877726,0.2064141792,0.9531138478,0.2089466052,0.21139078,0.9757482722,0.04468606186,0.9520846906,0.003229247518
6.86,43.70152449,-0.04612539053,0.2075290976,0.9525760647,0.2100782795,0.2125932219,0.9754660643,0.04519587799,0.9515340426,0.003270079365
6.895,43.47968934,-0.04665582738,0.208644687,0.952033888,0.2112111947,0.2137975015,0.975181364,0.04570937165,0.9509786927,0.003311935636
6.93,43.26009495,-0.04719014052,0.2097609541,0.9514873937,0.2123452141,0.2150036447,0.9748942252,0.04622656724,0.9504187503,0.003354682503
6.965,43.04270754,-0.04772838336,0.2108779064,0.9509366666,0.2134801909,0.2162116787,0.9746047075,0.04674748999,0.9498543358,0.003398174209
7,42.827494,-0.04827060916,0.211995552,0.9503817985,0.2146159707,0.2174216314,0.9743128747,0.04727216579,0.9492855778,0.00344225636
7.035,42.61442189,-0.04881687025,0.2131138998,0.9498228853,0.2157523949,0.2186335315,0.9740187932,0.0478006211,0.9487126094,0.00348676946
7.07,42.40345941,-0.04936721725,0.2142329587,0.9492600248,0.2168893035,0.2198474078,0.9737225296,0.04833288271,0.9481355647,0.003531552595
7.105,42.19457537,-0.04992169831,0.2153527377,0.9486933139,0.2180265381,0.2210632886,0.9734241497,0.04886897758,0.9475545752,0.003576447209
7.14,41.98773922,-0.05048035849,0.2164732456,0.9481228464,0.2191639444,0.2222812018,0.9731237159,0.04940893266,0.9469697665,0.003621300883
7.175,41.78292098,-0.05104323912,0.2175944908,0.9475487103,0.220301375,0.2235011738,0.9728212859,0.04995277467,0.9463812543,0.003665971037
7.21,41.58009126,-0.05161037738,0.2187164807,0.9469709855,0.2214386916,0.2247232297,0.9725169107,0.05050052997,0.9457891415,0.003710328486
7.245,41.37922126,-0.05218180587,0.2198392218,0.9463897417,0.2225757661,0.2259473928,0.972210633,0.05105222431,0.9451935149,0.003754260748
7.28,41.18028269,-0.05275755239,0.2209627195,0.9458050368,0.2237124821,0.2271736841,0.971902486,0.05160788275,0.9445944423,0.003797674982
7.315,40.98324785,-0.05333763978,0.2220869776,0.9452169152,0.2248487345,0.2284021222,0.9715924918,0.05216752944,0.9439919701,0.00384050041
7.35,40.78808952,-0.05392208595,0.2232119983,0.9446254075,0.2259844289,0.2296327232,0.971280661,0.05273118756,0.9433861225,0.003882689912
7.385,40.59478104,-0.05451090395,0.2243377822,0.9440305308,0.2271194782,0.2308655002,0.9709669925,0.05329887919,0.9427769005,0.003924220268
7.42,40.40329623,-0.05510410225,0.2254643279,0.9434322913,0.2282537985,0.2321004637,0.9706514744,0.05387062525,0.9421642848,0.003965089904
7.455,40.21360939,-0.05570168514,0.2265916321,0.9428306896,0.2293873003,0.2333376212,0.9703340882,0.05444644549,0.9415482427,0.004005311768
7.49,40.02569533,-0.05630365318,0.2277196897,0.942225733,0.2305198768,0.2345769776,0.9700148172,0.05502635844,0.9409287455,0.004044896035
7.525,39.8395293,-0.05691000385,0.2288484934,0.941617461,0.2316513864,0.235818535,0.969693667,0.05561038147,0.9403058078,0.004083810751
7.56,39.65508704,-0.05752073234,0.2299780341,0.9410059976,0.2327816327,0.2370622931,0.9693707113,0.05619853083,0.939679576,0.004121893203
7.595,39.4723447,-0.05813583246,0.2311083007,0.9403916593,0.2339103558,0.2383082493,0.9690461947,0.05679082168,0.9390505274,0.004158650955
7.63,39.2912789,-0.0587552979,0.2322392799,0.9397751708,0.2350372981,0.2395563987,0.968720756,0.05738726815,0.9384199031,0.004192828749
7.665,39.11186667,-0.05937912413,0.2333709556,0.9391580147,0.2361625565,0.2408067343,0.9683958538,0.05798788328,0.9377905296,0.004221587151
7.7,38.93408545,-0.06000731219,0.2345033075,0.9385425782,0.2372877286,0.2420592464,0.96807419,0.05859267876,0.9371676373,0.004239683948
7.735,38.75791312,-0.06063987887,0.2356363069,0.9379303251,0.2384178963,0.2433139208,0.9677584347,0.05920166405,0.9365563879,0.004241948007
7.77,38.58332793,-0.06127689928,0.2367699026,0.9373162792,0.2395599413,0.2445707365,0.9674454883,0.05981484515,0.9359507728,0.00423438206
7.805,38.41030852,-0.06191883524,0.2379040237,0.9366897633,0.2407124762,0.2458297513,0.9671247122,0.06043226664,0.9353302089,0.004237524465
7.84,38.23883393,-0.06256475737,0.2390434537,0.9360477325,0.2418657643,0.2470953695,0.9667907765,0.06105612163,0.9346844054,0.004259472931
7.875,38.06888356,-0.06321213865,0.2401766905,0.9353953404,0.2430145362,0.2483558276,0.9664473642,0.06168061712,0.9340205077,0.004298875157
7.91,37.90043717,-0.06386638652,0.2413123995,0.9347370002,0.2441593196,0.2496208915,0.9660988732,0.06231058947,0.9333470328,0.004342377693
7.945,37.73347489,-0.06452494423,0.242449074,0.9340744006,0.2453019758,0.2508884651,0.9657474023,0.06294502193,0.9326680451,0.004386932955
7.98,37.56797719,-0.06518784351,0.2435864399,0.9334078374,0.2464439236,0.2521583008,0.9653935977,0.06358380867,0.9319847984,0.004431392931
8.015,37.40392489,-0.06585512633,0.2447244304,0.932737153,0.2475860296,0.2534303544,0.9650375323,0.06422694451,0.9312974387,0.004475616832
8.05,37.24129913,-0.06652683191,0.2458630196,0.9320620984,0.2487287993,0.2547046206,0.9646791025,0.06487444378,0.9306057708,0.004519785384
8.085,37.08008139,-0.06720300126,0.2470021952,0.9313824435,0.2498725284,0.2559811084,0.9643181718,0.06552632784,0.9299095365,0.004564135706
8.12,36.92025345,-0.06788367902,0.2481419516,0.9306980032,0.2510173887,0.2572598337,0.9639546165,0.06618262202,0.9292085027,0.00460887532
8.155,36.76179742,-0.06856891406,0.2492822871,0.9300086382,0.2521634756,0.2585408181,0.9635883382,0.06684335462,0.9285024855,0.004654159847
8.19,36.60469573,-0.06925875944,0.2504232032,0.9293142494,0.2533108325,0.2598240875,0.9632192647,0.06750855644,0.927791352,0.004700091612
8.225,36.44893106,-0.06995327212,0.251564704,0.9286147723,0.2544594658,0.2611096716,0.9628473477,0.06817826058,0.927075015,0.004746724394
8.26,36.29448644,-0.07065251245,0.2527067959,0.927910172,0.2556093524,0.2623976033,0.9624725598,0.06885250222,0.9263534283,0.004794069448
8.295,36.14134515,-0.0713565435,0.2538494871,0.9272004389,0.2567604454,0.2636879186,0.9620948915,0.06953131841,0.9256265802,0.004842101398
8.33,35.98949076,-0.07206543035,0.2549927873,0.9264855848,0.2579126784,0.2649806555,0.9617143487,0.07021474781,0.9248944885,0.004890763708
8.365,35.83890711,-0.07277923926,0.2561367072,0.9257656397,0.2590659685,0.2662758541,0.9613309502,0.07090283046,0.9241571957,0.004939973803
8.4,35.68957833,-0.07349803687,0.2572812586,0.9250406488,0.2602202196,0.2675735553,0.960944725,0.07159560747,0.9234147646,0.004989627959
8.435,35.5414888,-0.07422188928,0.2584264534,0.924310669,0.2613753249,0.2688738006,0.9605557107,0.07229312065,0.9226672733,0.005039606052
8.47,35.39462314,-0.07495086121,0.2595723032,0.9235757664,0.2625311703,0.2701766315,0.9601639504,0.07299541219,0.9219148116,0.005089776246
8.505,35.24896626,-0.07568501518,0.2607188193,0.9228360126,0.2636876372,0.2714820882,0.9597694911,0.07370252424,0.9211574761,0.005139999637
8.54,35.10450328,-0.07642441063,0.2618660116,0.9220914823,0.2648446052,0.2727902098,0.9593723816,0.07441449855,0.9203953666,0.005190134838
8.575,34.96121959,-0.07716910323,0.2630138885,0.9213422497,0.2660019556,0.2741010325,0.9589726698,0.07513137604,0.9196285815,0.005240042487
8.61,34.81910081,-0.07791914419,0.2641624565,0.9205883859,0.2671595734,0.2754145901,0.9585704011,0.07585319644,0.9188572139,0.005289589621
8.645,34.67813279,-0.07867457963,0.2653117193,0.9198299558,0.2683173508,0.2767309124,0.9581656163,0.07657999786,0.9180813483,0.005338653858
8.68,34.53830161,-0.07943545013,0.2664616778,0.9190670152,0.2694751895,0.2780500251,0.9577583496,0.07731181646,0.9173010562,0.005387127325
8.715,34.39959357,-0.08020179033,0.2676123296,0.9182996087,0.2706330028,0.2793719494,0.957348627,0.0780486861,0.9165163936,0.005434920263
8.75,34.2619952,-0.08097362867,0.2687636686,0.917527767,0.2717907182,0.2806967012,0.9569364648,0.07879063808,0.9157273977,0.005481964237
8.785,34.12549323,-0.08175098728,0.2699156849,0.9167515048,0.2729482786,0.2820242913,0.9565218681,0.07953770086,0.9149340842,0.005528214897
8.82,33.9900746,-0.08253388196,0.2710683644,0.9159708193,0.2741056441,0.2833547244,0.95610483,0.08028989986,0.9141364459,0.005573654228
8.855,33.85572648,-0.08332232229,0.2722216891,0.9151856889,0.2752627929,0.2846880001,0.9556853302,0.08104725739,0.9133344504,0.005618292236
8.89,33.72243622,-0.08411631196,0.2733756364,0.9143960721,0.276419722,0.2860241118,0.9552633351,0.08180979251,0.9125280394,0.005662168042
8.925,33.59019137,-0.08491584907,0.2745301799,0.913601907,0.2775764472,0.2873630476,0.9548387972,0.08257752111,0.9117171285,0.005705350339
8.96,33.45897969,-0.0857209267,0.2756852892,0.9128031111,0.2787330034,0.2887047903,0.9544116548,0.08335045594,0.9109016069,0.005747937211
8.995,33.32878911,-0.08653153351,0.2768409299,0.911999582,0.2798894432,0.2900493178,0.9539818331,0.08412860675,0.9100813379,0.005790055303
9.03,33.19960775,-0.08734765443,0.2779970645,0.9111911977,0.2810458367,0.2913966036,0.9535492442,0.08491198059,0.9092561611,0.005831858343
9.065,33.07142394,-0.0881692715,0.2791536523,0.9103778183,0.2822022695,0.2927466174,0.953113788,0.08570058202,0.9084258929,0.005873525053
9.1,32.94422615,-0.08899636469,0.2803106502,0.9095592874,0.2833588409,0.294099326,0.9526753539,0.08649441355,0.90759033,0.005915256472
9.135,32.81800307,-0.08982891287,0.2814680131,0.9087354341,0.2845156624,0.2954546936,0.9522338217,0.087293476,0.9067492513,0.005957272739
9.17,32.69274351,-0.09066689472,0.2826256946,0.9079060754,0.2856728544,0.2968126834,0.9517890636,0.08809776905,0.9059024216,0.005999809396
9.205,32.5684365,-0.09151028976,0.2837836475,0.9070710191,0.2868305444,0.2981732579,0.9513409457,0.08890729172,0.905049595,0.006043113275
9.24,32.44507121,-0.09235907927,0.2849418247,0.9062300664,0.2879888638,0.2995363801,0.9508893305,0.089722043,0.9041905189,0.006087438058
9.275,32.32263698,-0.0932132473,0.2861001798,0.9053830152,0.2891479447,0.3009020146,0.9504340788,0.09054202236,0.9033249381,0.006133039576
9.31,32.20112331,-0.09407278152,0.2872586679,0.9045296632,0.2903079175,0.3022701283,0.9499750515,0.09136723049,0.9024525986,0.006180170953
9.345,32.08051985,-0.09493767414,0.2884172461,0.9036698116,0.2914689075,0.3036406919,0.9495121129,0.09219766979,0.9015732525,0.006229077691
9.38,31.96081642,-0.09580792269,0.2895758744,0.9028032682,0.2926310321,0.3050136802,0.9490451318,0.09303334511,0.9006866621,0.006279992777
9.415,31.84200297,-0.09668353069,0.2907345166,0.9019298506,0.2937943981,0.3063890733,0.9485739844,0.09387426426,0.8997926038,0.006333131933
9.45,31.72406963,-0.09756450829,0.2918931402,0.9010493896,0.2949590986,0.3077668575,0.9480985562,0.0947204386,0.8988908723,0.006388689096
9.485,31.60700664,-0.09845087274,0.2930517177,0.9001617319,0.2961252112,0.3091470258,0.9476187441,0.09557188357,0.8979812842,0.006446832211
9.52,31.49080441,-0.09934264877,0.2942102264,0.899266743,0.2972927955,0.3105295786,0.9471344579,0.09642861916,0.8970636814,0.00650769945
9.555,31.37545348,-0.1002398689,0.2953686492,0.8983643097,0.2984618917,0.311914524,0.9466456221,0.09729067027,0.8961379338,0.006571395916
9.59,31.26094453,-0.1011425733,0.296526975,0.8974543419,0.2996325187,0.3133018785,0.946152177,0.09815806705,0.895203942,0.006637990916
9.625,31.14726836,-0.1020508101,0.2976851983,0.8965367742,0.3008046734,0.3146916668,0.94565408,0.09903084516,0.894261639,0.00670751586
9.66,31.03441594,-0.1029646352,0.2988433197,0.8956115672,0.3019783303,0.3160839222,0.945151306,0.09990904584,0.8933109913,0.006779962851
9.695,30.92237834,-0.1038841116,0.3000013457,0.8946787084,0.3031534408,0.317478686,0.9446438482,0.100792716,0.892352,0.006855283973
9.73,30.81114676,-0.1048093094,0.3011592883,0.893738212,0.3043299342,0.3188760077,0.9441317177,0.1016819083,0.8913847004,0.00693339134
9.765,30.70071254,-0.1057403052,0.3023171653,0.8927901186,0.3055077178,0.3202759444,0.9436149435,0.1025766806,0.8904091616,0.007014157881
9.8,30.59106714,-0.1066771812,0.303474999,0.8918344949,0.3066866786,0.3216785601,0.9430935718,0.103477096,0.8894254851,0.007097418879
9.835,30.48220214,-0.1076200248,0.3046328165,0.8908714317,0.3078666844,0.3230839251,0.942567665,0.1043832227,0.8884338031,0.00718297423
9.87,30.37410922,-0.1085689277,0.3057906485,0.8899010424,0.3090475863,0.3244921151,0.9420373007,0.1052951328,0.8874342758,0.007270591403
9.905,30.26678021,-0.1095239847,0.3069485288,0.8889234609,0.3102292202,0.3259032104,0.9415025695,0.1062129025,0.8864270884,0.007360009026
9.94,30.16020704,-0.1104852932,0.3081064933,0.8879388387,0.3114114103,0.3273172944,0.9409635741,0.1071366112,0.8854124477,0.007450941072
9.975,30.05438175,-0.111452952,0.3092645796,0.8869473417,0.3125939712,0.3287344532,0.9404204261,0.1080663407,0.8843905778,0.007543081539
10.01,29.9492965,-0.1124270604,0.3104228254,0.8859491473,0.3137767112,0.3301547734,0.9398732447,0.1090021744,0.883361716,0.007636109558
10.045,29.84494355,-0.1134077171,0.311581268,0.8849444403,0.3149594353,0.331578342,0.9393221536,0.1099441969,0.8823261083,0.007729694836
10.08,29.74131528,-0.1143950194,0.3127399433,0.8839334095,0.3161419486,0.3330052441,0.938767279,0.1108924926,0.8812840041,0.007823503316
10.115,29.63840415,-0.1153890621,0.3138988846,0.8829162435,0.3173240594,0.3344355624,0.9382087463,0.1118471454,0.8802356516,0.00791720298
10.15,29.53620276,-0.1163899365,0.3150581218,0.8818931268,0.3185055821,0.3358693756,0.9376466781,0.1128082374,0.8791812929,0.008010469646
10.185,29.43470378,-0.1173977302,0.3162176805,0.8808642361,0.3196863406,0.3373067573,0.9370811912,0.1137758485,0.8781211588,0.008102992692
10.22,29.3339,-0.1184125253,0.3173775811,0.8798297362,0.3208661709,0.3387477751,0.9365123941,0.1147500551,0.8770554643,0.008194480557
10.255,29.2337843,-0.1194343991,0.318537838,0.8787897765,0.3220449237,0.3401924895,0.9359403849,0.1157309299,0.8759844041,0.008284665949
10.29,29.13434966,-0.1204634221,0.3196984591,0.8777444876,0.3232224667,0.3416409531,0.9353652487,0.1167185408,0.8749081485,0.008373310629
10.325,29.03558915,-0.1214996589,0.3208594451,0.8766939784,0.3243986867,0.3430932098,0.9347870558,0.1177129506,0.8738268397,0.008460209712
10.36,28.93749595,-0.1225431668,0.322020789,0.8756383331,0.3255734909,0.3445492944,0.9342058597,0.1187142163,0.8727405884,0.008545195358
10.395,28.8400633,-0.1235939965,0.3231824758,0.8745776092,0.3267468087,0.346009232,0.9336216962,0.1197223886,0.8716494716,0.00862813983
10.43,28.74328456,-0.1246521914,0.3243444824,0.8735118359,0.3279185915,0.3474730379,0.9330345814,0.1207375121,0.8705535301,0.008708957813
10.465,28.64715318,-0.1257177879,0.3255067777,0.8724410123,0.3290888141,0.3489407178,0.9324445117,0.1217596245,0.8694527675,0.008787607976
10.5,28.55166267,-0.1267908155,0.3266693225,0.8713651072,0.3302574737,0.3504122675,0.931851463,0.1227887572,0.8683471491,0.008864093737
10.535,28.45680664,-0.1278712974,0.3278320699,0.8702840589,0.33142459,0.3518876735,0.9312553903,0.1238249347,0.867236602,0.008938463209
10.57,28.36257881,-0.1289592505,0.3289949654,0.8691977753,0.3325902036,0.3533669135,0.9306562287,0.1248681756,0.8661210161,0.009010808328
10.605,28.26897294,-0.1300546861,0.3301579482,0.8681061351,0.3337543751,0.3548499572,0.9300538934,0.1259184921,0.8650002447,0.00908126318
10.64,28.17598289,-0.1311576105,0.331320951,0.8670089893,0.3349171832,0.3563367667,0.929448281,0.1269758913,0.8638741071,0.009150001554
10.675,28.08360262,-0.1322680257,0.3324839014,0.8659061631,0.3360787223,0.3578272982,0.9288392708,0.1280403753,0.8627423909,0.009217233764
10.71,27.99182614,-0.1333859303,0.3336467227,0.8647974586,0.3372391005,0.3593215022,0.9282267262,0.129111942,0.8616048552,0.009283202802
10.745,27.90064756,-0.1345113199,0.3348093347,0.8636826573,0.3383984365,0.3608193257,0.9276104971,0.1301905858,0.8604612343,0.009348179888
10.78,27.81006104,-0.1356441885,0.335971655,0.8625615239,0.339556857,0.3623207127,0.9269904216,0.1312762988,0.8593112417,0.00941245951
10.815,27.72006084,-0.136784529,0.3371335998,0.8614338096,0.3407144935,0.3638256059,0.9263663284,0.1323690715,0.8581545744,0.009476354036
10.85,27.63064129,-0.1379323341,0.3382950856,0.8602992559,0.3418714796,0.3653339482,0.9257380398,0.1334688937,0.8569909183,0.009540188012
10.885,27.54179678,-0.1390875975,0.3394560296,0.8591575987,0.3430279473,0.3668456839,0.9251053734,0.1345757558,0.855819952,0.009604292243
10.92,27.45352179,-0.1402503143,0.3406163513,0.8580085723,0.3441840243,0.3683607599,0.9244681459,0.1356896495,0.8546413528,0.009668997782
10.955,27.36581086,-0.1414204825,0.3417759736,0.8568519138,0.3453398309,0.3698791275,0.9238261747,0.136810569,0.8534548011,0.009734629934
10.99,27.2786586,-0.1425981029,0.3429348235,0.8556873667,0.3464954775,0.3714007432,0.9231792814,0.1379385121,0.8522599855,0.009801502396
11.025,27.19205968,-0.1437831806,0.3440928331,0.854514685,0.3476510616,0.37292557,0.9225272937,0.1390734808,0.8510566076,0.009869911645
11.06,27.10600886,-0.1449757252,0.3452499406,0.8533336369,0.3488066658,0.3744535784,0.9218700483,0.1402154824,0.8498443859,0.009940131684
11.095,27.02050095,-0.1461757516,0.3464060909,0.8521440079,0.3499623557,0.3759847472,0.9212073928,0.1413645301,0.8486230606,0.01001240925
11.13,26.93553082,-0.1473832801,0.3475612358,0.8509456043,0.3511181783,0.3775190643,0.920539188,0.1425206439,0.8473923966,0.01008695956
11.165,26.85109342,-0.1485983373,0.3487153349,0.849738255,0.3522741611,0.379056527,0.9198653089,0.1436838506,0.8461521866,0.01016396275
11.2,26.76718375,-0.1498209558,0.3498683554,0.8485218145,0.3534303107,0.3805971426,0.9191856473,0.1448541849,0.8449022541,0.01024356095
11.235,26.68379688,-0.1510511747,0.3510202724,0.8472961635,0.3545866129,0.3821409282,0.9185001115,0.146031689,0.8436424548,0.0103258562
11.27,26.60092795,-0.1522890394,0.3521710684,0.8460612109,0.3557430328,0.3836879109,0.9178086282,0.1472164129,0.842372678,0.01041090909
11.305,26.51857214,-0.1535346018,0.3533207334,0.8448168933,0.356899515,0.3852381271,0.9171111421,0.1484084146,0.841092847,0.01049873839
11.34,26.43672469,-0.1547879197,0.354469264,0.8435631756,0.3580559848,0.3867916224,0.9164076164,0.1496077592,0.8398029195,0.01058932135
11.375,26.35538092,-0.1560490568,0.3556166631,0.8423000498,0.3592123494,0.3883484508,0.915698032,0.1508145192,0.8385028858,0.01068259496
11.41,26.2745362,-0.1573180824,0.3567629388,0.8410275339,0.3603684997,0.3899086733,0.9149823869,0.1520287735,0.8371927684,0.01077845804
11.445,26.19418593,-0.1585950703,0.3579081035,0.8397456701,0.3615243126,0.3914723577,0.9142606954,0.1532506069,0.8358726191,0.01087677404
11.48,26.11432561,-0.159880099,0.3590521728,0.8384545224,0.3626796526,0.3930395767,0.913532986,0.1544801089,0.8345425166,0.01097737459
11.515,26.03495076,-0.1611732505,0.3601951645,0.8371541736,0.3638343754,0.3946104068,0.9127993005,0.1557173732,0.8332025631,0.01108006376
11.55,25.95605697,-0.1624746097,0.3613370969,0.8358447223,0.36498833,0.396184927,0.9120596914,0.1569624964,0.8318528808,0.01118462282
11.585,25.87763988,-0.163784264,0.362477988,0.8345262793,0.3661413617,0.3977632171,0.91131422,0.1582155769,0.8304936076,0.01129081552
11.62,25.79969518,-0.1651023018,0.3636178535,0.8331989637,0.3672933155,0.3993453562,0.9105629538,0.1594767135,0.8291248928,0.01139839373
11.655,25.72221862,-0.1664288126,0.3647567063,0.831862899,0.3684440386,0.4009314211,0.9098059641,0.1607460044,0.8277468923,0.01150710329
11.69,25.64520599,-0.1677638852,0.3658945541,0.8305182086,0.3695933837,0.402521485,0.9090433235,0.1620235459,0.826359764,0.0116166901
11.725,25.56865313,-0.1691076077,0.367031399,0.8291650121,0.3707412114,0.4041156157,0.9082751032,0.1633094308,0.8249636631,0.0117269061
11.76,25.49255595,-0.1704600663,0.3681672361,0.8278034208,0.3718873933,0.4057138745,0.9075013702,0.1646037479,0.8235587368,0.01183751522
11.795,25.41691039,-0.1718213447,0.3693020521,0.8264335342,0.373031814,0.4073163146,0.906722185,0.1659065802,0.8221451208,0.01194829904
11.83,25.34171243,-0.1731915234,0.3704358245,0.8250554358,0.3741743735,0.4089229804,0.9059375994,0.1672180039,0.820722934,0.01205906216
11.865,25.26695811,-0.1745706789,0.3715685213,0.8236691898,0.3753149887,0.4105339059,0.9051476537,0.1685380879,0.819292275,0.01216963704
11.9,25.19264353,-0.1759588835,0.3727000994,0.8222748384,0.3764535947,0.4121491147,0.9043523754,0.1698668928,0.8178532189,0.01227988829
11.935,25.11876481,-0.1773562045,0.3738305053,0.8208723989,0.3775901461,0.4137686189,0.903551777,0.17120447,0.8164058138,0.01238971629
11.97,25.04531813,-0.178762704,0.374959674,0.8194618617,0.3787246172,0.4153924186,0.9027458548,0.1725508615,0.8149500784,0.0124990601
12.005,24.97229971,-0.1801784386,0.3760875296,0.8180431888,0.3798570022,0.4170205027,0.9019345879,0.1739060997,0.8134860008,0.0126078995
12.04,24.89970581,-0.1816034592,0.3772139853,0.8166163131,0.3809873146,0.418652848,0.9011179372,0.1752702071,0.8120135367,0.0127162562
12.075,24.82753275,-0.1830378109,0.3783389439,0.8151811378,0.3821155868,0.4202894202,0.9002958453,0.1766431967,0.8105326091,0.01282419418
12.11,24.75577688,-0.1844815333,0.3794622984,0.8137375371,0.3832418681,0.4219301744,0.8994682367,0.1780250721,0.8090431088,0.01293181907
12.145,24.68443458,-0.1859346605,0.3805839333,0.812285357,0.3843662238,0.4235750562,0.8986350177,0.1794158282,0.8075448951,0.01303927664
12.18,24.6135023,-0.1873972211,0.381703725,0.8108244167,0.3854887321,0.4252240024,0.8977960778,0.1808154522,0.8060377974,0.01314675043
12.215,24.5429765,-0.1888692392,0.3828215439,0.8093545115,0.3866094828,0.4268769425,0.8969512905,0.182223924,0.8045216175,0.01325445848
12.25,24.47285371,-0.1903507343,0.3839372553,0.807875415,0.3877285733,0.4285338004,0.8961005148,0.1836412181,0.8029961326,0.01336264933
12.285,24.40313048,-0.1918417223,0.385050721,0.8063868824,0.3888461064,0.4301944958,0.8952435973,0.1850673042,0.8014610986,0.01347159724
12.32,24.33380341,-0.193342216,0.3861618014,0.8048886548,0.389962187,0.4318589461,0.8943803742,0.1865021494,0.7999162538,0.01358159679
12.355,24.26486912,-0.1948522257,0.3872703569,0.8033804628,0.391076918,0.4335270685,0.8935106736,0.1879457191,0.7983613238,0.01369295701
12.39,24.19632429,-0.1963717601,0.3883762496,0.8018620314,0.3921903979,0.4351987815,0.892634318,0.1893979795,0.7967960256,0.01380599496
12.425,24.12816563,-0.1979008275,0.3894793457,0.8003330843,0.3933027164,0.4368740074,0.891751127,0.1908588983,0.7952200725,0.01392102919
12.46,24.06038989,-0.1994394361,0.3905795168,0.7987933489,0.3944139517,0.4385526737,0.8908609204,0.1923284476,0.7936331795,0.01403837285
12.495,23.99299384,-0.2009875951,0.3916766416,0.7972425614,0.3955241667,0.4402347157,0.8899635207,0.193806605,0.7920350681,0.01415832691
12.53,23.9259743,-0.2025453159,0.3927706078,0.7956804711,0.3966334066,0.441920078,0.8890587558,0.1952933553,0.7904254712,0.01428117342
12.565,23.85932813,-0.2041126126,0.3938613135,0.7941068454,0.3977416952,0.443608716,0.8881464621,0.1967886929,0.7888041381,0.01440716902
12.6,23.79305222,-0.2056895033,0.3949486683,0.7925214744,0.3988490334,0.4453005977,0.8872264868,0.1982926223,0.7871708388,0.01453653885
12.635,23.72714349,-0.2072760102,0.3960325948,0.7909241742,0.3999553965,0.4469957053,0.8862986904,0.1998051605,0.7855253685,0.01466947092
12.67,23.6615989,-0.2088721614,0.397113029,0.7893147915,0.4010607325,0.4486940356,0.8853629489,0.2013263376,0.7838675512,0.01480611118
12.705,23.59641543,-0.2104779905,0.3981899215,0.7876932059,0.4021649612,0.4503956018,0.8844191555,0.2028561981,0.7821972426,0.01494655926
12.74,23.53159011,-0.2120935382,0.3992632374,0.7860593329,0.4032679734,0.4521004332,0.8834672225,0.2043948017,0.7805143333,0.01509086507
12.775,23.46712,-0.2137188521,0.4003329564,0.7844131259,0.4043696303,0.453808576,0.8825070821,0.2059422237,0.77881875,0.01523902631
12.81,23.40300219,-0.2153539874,0.4013990729,0.7827545768,0.4054697644,0.4555200935,0.8815386874,0.2074985556,0.7771104574,0.01539098697
12.845,23.33923379,-0.2169990072,0.4024615953,0.7810837174,0.4065681798,0.4572350652,0.8805620128,0.2090639048,0.7753894584,0.01554663683
12.88,23.27581196,-0.2186539825,0.4035205452,0.7794006182,0.4076646537,0.4589535863,0.8795770538,0.2106383944,0.7736557936,0.01570581203
12.915,23.21273388,-0.2203189924,0.4045759561,0.7777053883,0.4087589384,0.4606757674,0.8785838268,0.2122221627,0.7719095406,0.01586829669
12.95,23.14999676,-0.2219941241,0.4056278725,0.7759981728,0.4098507632,0.4624017324,0.8775823678,0.2138153621,0.7701508123,0.01603382556
12.985,23.08759784,-0.2236794721,0.406676348,0.7742791512,0.4109398374,0.4641316174,0.8765727317,0.2154181583,0.768379754,0.01620208768
13.02,23.02553441,-0.2253751386,0.4077214433,0.7725485335,0.4120258534,0.4658655691,0.87555499,0.2170307285,0.7665965405,0.016372731
13.055,22.96380375,-0.2270812323,0.4087632246,0.7708065568,0.4131084898,0.4676037423,0.874529229,0.2186532598,0.7648013723,0.01654536784
13.09,22.90240321,-0.2287978683,0.4098017608,0.7690534808,0.4141874152,0.4693462982,0.8734955473,0.2202859477,0.7629944712,0.01671958114
13.125,22.84133013,-0.2305251669,0.4108371218,0.7672895828,0.4152622925,0.4710934018,0.8724540535,0.2219289932,0.7611760754,0.01689493141
13.16,22.78058191,-0.2322632533,0.4118693756,0.7655151527,0.4163327821,0.4728452193,0.8714048626,0.2235826014,0.7593464345,0.01707096413
13.195,22.72015597,-0.2340122559,0.4128985863,0.7637304873,0.4173985465,0.4746019158,0.8703480935,0.2252469785,0.7575058038,0.01724721767
13.23,22.66004974,-0.2357723061,0.4139248111,0.7619358842,0.4184592542,0.4763636527,0.8692838656,0.2269223296,0.755654439,0.01742323139
13.265,22.60026069,-0.2375435365,0.4149480984,0.760131636,0.4195145838,0.4781305848,0.8682122955,0.2286088561,0.7537925901,0.01759855384
13.3,22.54078632,-0.2393260804,0.415968485,0.7583180246,0.4205642274,0.4799028582,0.8671334936,0.2303067533,0.7519204958,0.01777275094
13.335,22.48162415,-0.2411200698,0.4169859946,0.7564953149,0.4216078946,0.4816806076,0.8660475612,0.2320162077,0.7500383783,0.01794541398
13.37,22.42277173,-0.2429256353,0.418000635,0.7546637496,0.4226453155,0.4834639543,0.8649545871,0.2337373951,0.7481464378,0.01811616713
13.405,22.36422663,-0.2447429038,0.419012397,0.7528235437,0.4236762439,0.4852530039,0.8638546449,0.2354704778,0.7462448476,0.01828467462
13.44,22.30598646,-0.2465719984,0.4200212526,0.7509748795,0.4247004595,0.4870478447,0.8627477904,0.237215603,0.7443337499,0.01845064711
13.475,22.24804883,-0.2484130365,0.4210271537,0.7491179027,0.4257177701,0.4888485459,0.8616340591,0.2389729008,0.7424132518,0.01861384732
13.51,22.1904114,-0.250266129,0.4220300314,0.7472527183,0.4267280134,0.4906551567,0.8605134644,0.2407424828,0.7404834224,0.01877409484
13.545,22.13307183,-0.2521313798,0.4230297953,0.7453793878,0.4277310581,0.4924677049,0.8593859958,0.2425244404,0.7385442897,0.01893126985
13.58,22.07602784,-0.2540088843,0.4240263332,0.7434979267,0.4287268041,0.4942861971,0.8582516179,0.2443188446,0.7365958396,0.0190853158
13.615,22.01927712,-0.2558987291,0.4250195116,0.7416083035,0.4297151829,0.4961106175,0.8571102696,0.2461257448,0.7346380142,0.01923624098
13.65,21.96281744,-0.2578009912,0.4260091755,0.7397104384,0.4306961572,0.4979409289,0.8559618639,0.2479451687,0.7326707125,0.01938411885
13.685,21.90664655,-0.2597157376,0.42699515,0.737804204,0.4316697195,0.4997770728,0.8548062881,0.2497771225,0.7306937902,0.01952908728
13.72,21.85076224,-0.2616430252,0.4279772412,0.7358894262,0.4326358911,0.5016189705,0.8536434044,0.2516215916,0.7287070619,0.01967134652
13.755,21.79516234,-0.2635829002,0.4289552374,0.7339658862,0.4335947196,0.5034665242,0.8524730511,0.253478541,0.7267103029,0.01981115606
13.79,21.73984467,-0.2655353987,0.4299289116,0.7320333228,0.4345462772,0.5053196187,0.8512950444,0.255347917,0.7247032526,0.01994883039
13.825,21.68480709,-0.2675005463,0.430898023,0.7300914364,0.435490657,0.507178123,0.8501091799,0.2572296485,0.7226856178,0.0200847337
13.86,21.63004747,-0.269478359,0.4318623194,0.7281398928,0.436427971,0.509041893,0.8489152357,0.2591236489,0.7206570774,0.02021927372
13.895,21.57556373,-0.2714688433,0.4328215401,0.7261783282,0.4373583457,0.5109107735,0.8477129744,0.2610298184,0.7186172869,0.02035289466
13.93,21.52135377,-0.2734719972,0.433775418,0.7242063542,0.438281919,0.5127846005,0.8465021465,0.2629480465,0.716565884,0.02048606952
13.965,21.46741554,-0.2754878106,0.4347236828,0.7222235638,0.4391988365,0.5146632046,0.8452824936,0.2648782142,0.714502494,0.02061929181
14,21.413747,-0.2775162667,0.4356660636,0.7202295371,0.4401092473,0.5165464135,0.8440537517,0.2668201973,0.7124267358,0.02075306695
14.035,21.36034613,-0.2795573429,0.4366022915,0.7182238483,0.4410133008,0.5184340545,0.8428156547,0.2687738689,0.7103382278,0.02088790336
14.07,21.30721095,-0.2816110117,0.4375321024,0.7162060712,0.441911142,0.520325958,0.8415679377,0.2707391026,0.7082365938,0.02102430362
14.105,21.25433945,-0.2836772425,0.4384552398,0.7141757859,0.4428029087,0.5222219597,0.840310341,0.2727157752,0.7061214692,0.02116275561
14.14,21.2017297,-0.2857560022,0.4393714568,0.7121325854,0.4436887275,0.5241219036,0.8390426128,0.2747037699,0.703992506,0.02130372409
14.175,21.14937975,-0.2878472572,0.4402805186,0.7100760806,0.4445687107,0.5260256444,0.8377645127,0.2767029786,0.7018493788,0.02144764264
14.21,21.09728768,-0.2899509745,0.4411822042,0.7080059068,0.4454429533,0.5279330497,0.8364758148,0.2787133049,0.6996917888,0.02159490633
14.245,21.0454516,-0.2920671229,0.4420763079,0.7059217281,0.4463115307,0.5298440018,0.8351763099,0.2807346663,0.6975194687,0.02174586506
14.28,20.99386961,-0.2941956744,0.4429626409,0.7038232421,0.4471744959,0.5317584001,0.8338658081,0.2827669961,0.695332186,0.02190081794
14.315,20.94253985,-0.2963366056,0.4438410319,0.7017101837,0.4480318784,0.5336761616,0.8325441405,0.2848102454,0.693129746,0.02206000862
14.35,20.89146049,-0.2984898985,0.4447113277,0.699582328,0.4488836822,0.5355972223,0.8312111607,0.2868643845,0.6909119937,0.02222362176
14.385,20.84062968,-0.3006555421,0.4455733932,0.6974394926,0.4497298853,0.5375215379,0.8298667457,0.2889294037,0.6886788156,0.02239178079
14.42,20.79004563,-0.3028335325,0.446427111,0.6952815391,0.4505704391,0.5394490837,0.8285107961,0.2910053139,0.6864301392,0.02256454688
14.455,20.73970654,-0.3050238746,0.4472723812,0.6931083734,0.4514052686,0.5413798547,0.8271432365,0.2930921471,0.6841659338,0.02274191916
14.49,20.68961063,-0.3072265818,0.4481091197,0.6909199453,0.4522342724,0.5433138648,0.8257640147,0.2951899557,0.6818862079,0.02292383636
14.525,20.63975614,-0.3094416771,0.4489372568,0.6887162474,0.453057324,0.5452511459,0.8243731002,0.2972988121,0.6795910083,0.02311017962
14.56,20.59014135,-0.311669193,0.4497567359,0.6864973129,0.4538742728,0.5471917464,0.8229704832,0.2994188073,0.6772804162,0.02330077654
14.595,20.54076451,-0.3139091713,0.4505675107,0.6842632125,0.454684946,0.5491357296,0.8215561722,0.3015500495,0.6749545441,0.02349540636
14.63,20.49162392,-0.3161616634,0.4513695435,0.682014051,0.45548915,0.5510831718,0.8201301918,0.3036926622,0.6726135315,0.02369380622
14.665,20.4427179,-0.3184267297,0.4521628023,0.6797499627,0.456286673,0.5530341599,0.8186925795,0.305846782,0.6702575398,0.02389567823
14.7,20.39404476,-0.320704439,0.452947258,0.6774711067,0.4570772872,0.5549887888,0.8172433829,0.3080125557,0.6678867469,0.02410069736
14.735,20.34560285,-0.3229948678,0.4537228818,0.6751776615,0.4578607512,0.5569471591,0.8157826561,0.3101901381,0.665501342,0.02430851993
14.77,20.29739052,-0.3252980991,0.4544896424,0.672869819,0.4586368127,0.558909374,0.8143104563,0.3123796883,0.6631015192,0.02451879242
14.805,20.24940615,-0.3276142218,0.4552475033,0.6705477791,0.459405211,0.5608755366,0.8128268401,0.3145813675,0.6606874719,0.02473116055
14.84,20.20164811,-0.3299433293,0.4559964196,0.668211743,0.4601656799,0.5628457472,0.8113318596,0.3167953352,0.6582593865,0.02494527838
14.875,20.15411482,-0.3322855179,0.4567363361,0.6658619079,0.4609179496,0.5648201007,0.8098255594,0.3190217461,0.6558174367,0.02516081715
14.91,20.10680469,-0.3346408861,0.4574671848,0.6634984608,0.4616617495,0.5667986836,0.8083079725,0.3212607478,0.6533617785,0.02537747378
14.945,20.05971616,-0.3370095321,0.4581888827,0.6611215729,0.4623968102,0.5687815723,0.8067791174,0.323512477,0.6508925443,0.02559497874
14.98,20.01284766,-0.3393915536,0.4589013304,0.658731395,0.4631228654,0.5707688303,0.8052389951,0.3257770576,0.6484098392,0.02581310312
15.015,19.96619767,-0.3417870452,0.4596044105,0.6563280526,0.4638396536,0.572760507,0.8036875866,0.3280545984,0.6459137368,0.0260316648
15.05,19.91976465,-0.3441960978,0.4602979869,0.6539116423,0.4645469193,0.5747566359,0.8021248507,0.3303451905,0.6434042761,0.0262505334
15.085,19.8735471,-0.346618797,0.4609819043,0.6514822288,0.4652444142,0.5767572336,0.8005507226,0.3326489065,0.6408814594,0.02646963409
15.12,19.82754352,-0.3490552218,0.4616559882,0.6490398427,0.4659318977,0.5787622995,0.7989651123,0.3349657993,0.6383452507,0.02668894995
15.155,19.78175242,-0.3515054435,0.4623200454,0.646584479,0.4666091377,0.5807718151,0.797367905,0.3372959012,0.6357955759,0.02690852292
15.19,19.73617235,-0.3539695252,0.4629738646,0.6441160972,0.4672759099,0.5827857446,0.7957589601,0.3396392241,0.6332323227,0.02712845323
15.225,19.69080184,-0.3564475206,0.4636172185,0.6416346215,0.4679319982,0.5848040357,0.794138113,0.3419957602,0.6306553424,0.02734889736
15.26,19.64563945,-0.3589394736,0.4642498648,0.6391399427,0.4685771938,0.5868266207,0.7925051753,0.3443654827,0.6280644529,0.02757006435
15.295,19.60068375,-0.3614454184,0.4648715491,0.636631921,0.4692112943,0.5888534178,0.7908599379,0.3467483477,0.6254594414,0.02779221084
15.33,19.55593333,-0.363965379,0.4654820072,0.634110389,0.4698341026,0.590884334,0.7892021726,0.3491442962,0.6228400693,0.02801563454
15.365,19.51138679,-0.3664993695,0.466080968,0.6315751565,0.4704454258,0.5929192664,0.7875316355,0.3515532565,0.620206077,0.02824066653
15.4,19.46704273,-0.3690473948,0.4666681565,0.6290260157,0.4710450737,0.594958106,0.7858480704,0.3539751478,0.6175571898,0.02846766236
15.435,19.42289977,-0.371609451,0.4672432976,0.6264627466,0.4716328569,0.5970007397,0.7841512128,0.3564098832,0.6148931246,0.02869699223
15.47,19.37895656,-0.3741855267,0.467806119,0.6238851238,0.4722085858,0.5990470544,0.7824407941,0.3588573734,0.6122135962,0.02892903034
15.505,19.33521174,-0.3767756038,0.4683563552,0.6212929232,0.4727720685,0.6010969398,0.780716546,0.3613175311,0.6095183251,0.02916414378
15.54,19.29166396,-0.379379659,0.4688937502,0.6186859288,0.4733231093,0.6031502919,0.7789782053,0.3637902746,0.6068070444,0.029402681
15.575,19.24831191,-0.3819976652,0.4694180615,0.6160639403,0.4738615077,0.6052070164,0.7772255187,0.3662755327,0.604079507,0.02964496033
15.61,19.20515426,-0.3846295935,0.4699290627,0.6134267796,0.4743870565,0.607267032,0.7754582473,0.3687732481,0.6013354932,0.02989125864
15.645,19.16218971,-0.3872754144,0.4704265462,0.6107742983,0.474899541,0.6093302733,0.773676171,0.371283382,0.5985748175,0.03014180053
15.68,19.11941696,-0.3899351001,0.4709103259,0.6081063839,0.4753987382,0.6113966939,0.7718790931,0.3738059174,0.5957973344,0.03039674826
15.715,19.07683474,-0.3926086262,0.4713802387,0.6054229653,0.4758844162,0.6134662687,0.7700668442,0.3763408628,0.5930029445,0.0306561927
15.75,19.03444178,-0.3952959731,0.4718361462,0.6027240187,0.4763563337,0.6155389956,0.7682392852,0.3788882551,0.5901915993,0.03092014555
15.785,18.99223681,-0.3979971282,0.4722779349,0.6000095712,0.4768142401,0.6176148977,0.7663963107,0.3814481619,0.587363305,0.03118853309
15.82,18.95021858,-0.4007120874,0.4727055173,0.5972797043,0.477257876,0.6196940237,0.7645378508,0.384020683,0.5845181253,0.03146119164
15.855,18.90838587,-0.4034408561,0.4731188302,0.5945345561,0.4776869737,0.6217764484,0.762663873,0.3866059518,0.5816561832,0.03173786494
15.89,18.86673744,-0.4061834506,0.4735178345,0.591774322,0.4781012582,0.6238622726,0.7607743826,0.3892041351,0.5787776613,0.03201820358
15.925,18.82527209,-0.4089398992,0.4739025127,0.588999254,0.4785004487,0.6259516217,0.7588694227,0.3918154327,0.5758828006,0.03230176662
15.96,18.7839886,-0.4117102423,0.4742728666,0.5862096595,0.4788842596,0.6280446446,0.7569490729,0.3944400756,0.5729718989,0.03258802543
15.995,18.74288578,-0.4144945329,0.4746289139,0.5834058971,0.4792524029,0.6301415108,0.7550134479,0.3970783237,0.5700453065,0.03287636987
16.03,18.70196245,-0.4172928363,0.4749706841,0.5805883728,0.47960459,0.6322424076,0.7530626942,0.399730462,0.5671034214,0.03316611668
16.065,18.66121743,-0.4201052296,0.4752982145,0.5777575336,0.4799405335,0.6343475362,0.7510969866,0.4023967967,0.5641466832,0.03345652007
16.1,18.62064957,-0.4229318009,0.4756115448,0.57491386,0.4802599498,0.6364571075,0.7491165235,0.4050776497,0.5611755658,0.03374678446
16.135,18.5802577,-0.4257726471,0.4759107119,0.572057858,0.4805625614,0.6385713372,0.7471215217,0.4077733527,0.5581905683,0.03403607905
16.17,18.54004069,-0.4286278732,0.4761957438,0.5691900489,0.4808480987,0.6406904401,0.7451122102,0.41048424,0.5551922058,0.03432355421
16.205,18.49999741,-0.431497589,0.4764666539,0.5663109591,0.4811163027,0.6428146246,0.7430888232,0.4132106416,0.5521809992,0.03460835927
16.24,18.46012672,-0.434381907,0.4767234348,0.5634211089,0.4813669266,0.6449440863,0.7410515933,0.4159528744,0.549157464,0.0348896616
16.275,18.42042753,-0.4372809393,0.4769660518,0.5605210001,0.4815997378,0.6470790017,0.7390007436,0.4187112345,0.5461220991,0.03516666643
16.31,18.38089871,-0.4401947943,0.4771944371,0.5576111044,0.4818145195,0.649219522,0.7369364796,0.4214859878,0.5430753749,0.03543863732
16.345,18.34153919,-0.4431235729,0.4774084838,0.5546918504,0.4820110716,0.6513657661,0.7348589811,0.4242773613,0.540017722,0.03570491671
16.38,18.30234786,-0.4460673648,0.4776080403,0.5517636121,0.4821892119,0.6535178147,0.7327683943,0.4270855341,0.5369495197,0.03596494623
16.415,18.26332367,-0.4490262446,0.4777929055,0.5488266962,0.4823487766,0.655675704,0.7306648238,0.4299106289,0.5338710847,0.03621828639
16.45,18.22446553,-0.4520002676,0.4779628241,0.5458813316,0.48248962,0.6578394205,0.7285483249,0.4327527032,0.5307826616,0.03646463518
16.485,18.1857724,-0.454989466,0.4781174831,0.5429276585,0.4826116146,0.6600088953,0.7264188963,0.4356117418,0.5276844129,0.03670384528
16.52,18.14724322,-0.4579938447,0.4782565086,0.5399657191,0.4827146497,0.6621839999,0.7242764741,0.4384876497,0.5245764109,0.03693593936
16.555,18.10887696,-0.4610133774,0.4783794639,0.5369954502,0.4827986306,0.6643645427,0.7221209256,0.4413802456,0.5214586312,0.03716112321
16.59,18.07067257,-0.4640480035,0.4784858486,0.5340166759,0.4828634763,0.6665502658,0.7199520448,0.4442892569,0.5183309469,0.03737979626
16.625,18.03262905,-0.4670976244,0.4785750986,0.5310291037,0.4829091177,0.6687408435,0.7177695486,0.4472143158,0.5151931249,0.03759255929
16.66,17.99474538,-0.470162101,0.4786465871,0.5280323213,0.4829354949,0.6709358811,0.7155730742,0.4501549566,0.5120448245,0.03780021887
16.695,17.95702055,-0.4732412512,0.478699627,0.525025796,0.4829425537,0.6731349157,0.7133621778,0.4531106148,0.5088855967,0.03800378856
16.73,17.91945356,-0.4763348483,0.4787334743,0.5220088762,0.4829302431,0.6753374173,0.7111363347,0.4560806271,0.5057148865,0.03820448636
16.765,17.88204342,-0.47944262,0.4787473326,0.5189807948,0.4828985108,0.6775427915,0.7088949408,0.4590642343,0.5025320371,0.03840372861
16.8,17.84478917,-0.4825642476,0.4787403589,0.5159406753,0.4828473001,0.6797503838,0.7066373155,0.4620605843,0.4993362957,0.03860312004
16.835,17.80768981,-0.4856993671,0.4787116703,0.5128875402,0.4827765453,0.6819594845,0.704362706,0.4650687385,0.4961268215,0.03880444001
16.87,17.7707444,-0.4888475697,0.4786603517,0.5098203209,0.4826861679,0.6841693348,0.702070293,0.4680876786,0.4929026963,0.03900962508
16.905,17.73395197,-0.4920084042,0.4785854643,0.5067378707,0.4825760727,0.6863791346,0.6997591983,0.4711163165,0.4896629356,0.03922074795
16.94,17.69731157,-0.4951813798,0.4784860553,0.5036389794,0.4824461435,0.688588051,0.6974284931,0.474153504,0.486406503,0.03943999297
16.975,17.66082227,-0.4983659697,0.4783611676,0.5005223896,0.4822962395,0.6907952275,0.695077208,0.4771980464,0.4831323251,0.0396696285
17.01,17.62448313,-0.5015616156,0.4782098504,0.4973868148,0.4821261918,0.6929997946,0.6927043441,0.4802487153,0.4798393083,0.03991197643
17.045,17.58829322,-0.5047677334,0.4780311702,0.4942309593,0.4819358,0.6952008806,0.6903088848,0.4833042644,0.4765263564,0.0401693792
17.08,17.55225164,-0.5079837186,0.4778242218,0.4910535389,0.4817248299,0.6973976235,0.6878898093,0.4863634453,0.4731923898,0.04044416489
17.115,17.51635746,-0.5112089537,0.4775881392,0.4878533024,0.481493011,0.699589183,0.6854461061,0.489425025,0.4698363643,0.04073861071
17.15,17.4806098,-0.5144428151,0.4773221062,0.4846290544,0.4812400348,0.7017747523,0.6829767869,0.492487803,0.4664572915,0.04105490552
17.185,17.44500774,-0.5176846812,0.4770253672,0.481379677,0.4809655543,0.703953571,0.6804809019,0.4955506301,0.4630542579,0.04139511205
17.22,17.40955041,-0.5209339405,0.4766972368,0.4781041529,0.4806691833,0.7061249365,0.6779575538,0.498612426,0.4596264448,0.04176112922
17.255,17.37423692,-0.5241900002,0.4763371086,0.4748015869,0.4803504973,0.7082882163,0.6754059129,0.5016721974,0.4561731471,0.04215465547
17.29,17.3390664,-0.5274522949,0.4759444634,0.4714712268,0.4800090346,0.7104428588,0.6728252306,0.5047290556,0.452693791,0.04257715346
17.325,17.30403798,-0.5307202946,0.475518876,0.4681124833,0.4796442987,0.7125884033,0.6702148539,0.5077822325,0.4491879503,0.04302981713
17.36,17.26915081,-0.5339935141,0.4750600211,0.4647249482,0.4792557609,0.7147244901,0.667574237,0.5108310967,0.4456553619,0.04351354142
17.395,17.23440402,-0.5372715202,0.4745676772,0.46130841,0.4788428643,0.7168508678,0.6649029537,0.5138751667,0.4420959378,0.04402889547
17.43,17.19979679,-0.5405539399,0.4740417297,0.4578628679,0.4784050281,0.7189674008,0.6622007073,0.5169141234,0.4385097767,0.04457609991
17.465,17.16532826,-0.5438404668,0.4734821714,0.4543885433,0.4779416525,0.7210740739,0.6594673392,0.51994782,0.4348971715,0.04515500853
17.5,17.1309976,-0.5471308678,0.472889103,0.4508858872,0.4774521247,0.7231709965,0.6567028359,0.5229762902,0.4312586147,0.04576509509
17.505,17.12610443,-0.5476012312,0.4728016541,0.4503832321,0.4773800212,0.7234697731,0.6563053713,0.5234085126,0.4307367404,0.04585474703
17.535,17.09680399,-0.5504249877,0.47226273,0.4473555861,0.4769358248,0.7252584044,0.6539073339,0.5259997532,0.4275948014,0.04640544541
17.57,17.06274661,-0.5537227536,0.4716033595,0.4437985632,0.4763921321,0.7273366597,0.6510811226,0.5290186166,0.4239066282,0.0470747552
17.605,17.02882465,-0.5570241779,0.4709113945,0.440215977,0.4758204322,0.7294062491,0.6482246448,0.5320334762,0.4201951901,0.04777133369
17.64,16.9950373,-0.5603293594,0.470187327,0.4366092162,0.4752201232,0.7314677802,0.645338495,0.5350451135,0.4164617732,0.04849311338
17.675,16.96138376,-0.563638484,0.4694317295,0.4329798907,0.4745906229,0.733521976,0.6424234157,0.5380544893,0.4127078451,0.04923766562
17.71,16.92786324,-0.5669518233,0.4686452452,0.4293298197,0.4739313747,0.7355696675,0.6394802906,0.5410627358,0.408935042,0.05000222219
17.745,16.89447495,-0.5702697317,0.467828577,0.4256610164,0.4732418539,0.7376117843,0.636510136,0.5440711444,0.4051451532,0.05078370243
17.78,16.86121811,-0.5735926425,0.4669824755,0.4219756688,0.4725215733,0.7396493439,0.63351409,0.547081152,0.4013401023,0.05157874573
17.815,16.82809194,-0.5769210621,0.466107726,0.4182761186,0.4717700875,0.7416834393,0.6304933996,0.5500943242,0.3975219269,0.05238374893
17.85,16.79509569,-0.5802555632,0.4652051349,0.414564837,0.4709869975,0.7437152251,0.627449405,0.5531123361,0.3936927558,0.05319490805
17.885,16.76222857,-0.583596776,0.4642755157,0.4108443978,0.4701719532,0.7457459027,0.6243835238,0.5561369515,0.3898547847,0.05400826381
17.92,16.72948984,-0.5869453793,0.4633196749,0.4071174495,0.469324656,0.7477767043,0.6212972319,0.5591699994,0.3860102504,0.05481975018
17.955,16.69687875,-0.5903020892,0.4623383975,0.4033866853,0.4684448595,0.7498088759,0.6181920448,0.5622133504,0.3821614043,0.05562524534
17.99,16.66439455,-0.5936676479,0.4613324333,0.3996548122,0.4675323698,0.7518436607,0.6150694966,0.5652688902,0.3783104857,0.05642062412
18.025,16.6320365,-0.5970428109,0.4603024829,0.39592452,0.4665870438,0.7538822812,0.6119311194,0.5683384938,0.3744596949,0.05720181124
18.06,16.59980388,-0.6004283344,0.4592491851,0.3921984494,0.4656087876,0.7559259215,0.6087784218,0.5714239988,0.3706111668,0.0579648344
18.095,16.56769594,-0.6038249616,0.4581731046,0.3884791617,0.4645975531,0.7579757107,0.6056128676,0.574527178,0.3667669454,0.05870587654
18.13,16.53571197,-0.6072334091,0.457074721,0.3847691085,0.4635533337,0.7600327057,0.6024358556,0.5776497137,0.3629289601,0.05942132624
18.165,16.50385125,-0.6106543531,0.4559544192,0.3810706034,0.4624761594,0.7620978752,0.5992486986,0.5807931714,0.3590990028,0.06010782578
18.2,16.47211308,-0.6140884164,0.4548124807,0.3773857951,0.4613660913,0.7641720851,0.5960526055,0.5839589757,0.3552787085,0.0607623158
18.235,16.44049674,-0.6175361547,0.4536490766,0.3737166432,0.4602232147,0.7662560845,0.5928486626,0.5871483871,0.3514695368,0.06138207611
18.27,16.40900153,-0.620998045,0.4524642626,0.3700648968,0.459047633,0.7683504935,0.5896378187,0.5903624808,0.3476727572,0.06196476196
18.305,16.37762677,-0.6244744735,0.4512579749,0.366432075,0.4578394602,0.7704557923,0.5864208701,0.5936021279,0.3438894368,0.06250843523
18.34,16.34637176,-0.6279657253,0.4500300285,0.362819452,0.4565988136,0.7725723129,0.5831984493,0.5968679787,0.3401204313,0.06301159002
18.375,16.31523581,-0.6314719751,0.4487801173,0.3592280448,0.4553258069,0.7747002317,0.5799710153,0.600160449,0.3363663786,0.06347317243
18.41,16.28421825,-0.6349932792,0.4475078153,0.3556586049,0.4540205429,0.7768395647,0.5767388461,0.6034797093,0.3326276966,0.06389259405
18.445,16.25331841,-0.6385295691,0.4462125802,0.3521116137,0.4526831067,0.7789901651,0.5735020345,0.6068256773,0.3289045836,0.0642697391
18.48,16.22253561,-0.6420806468,0.4448937583,0.3485872812,0.4513135596,0.7811517222,0.5702604858,0.6101980132,0.3251970217,0.06460496516
18.515,16.19186919,-0.6456461816,0.4435505915,0.3450855493,0.449911933,0.7833237638,0.5670139185,0.613596119,0.3215047837,0.06489909728
18.55,16.16131849,-0.6492257086,0.4421822251,0.3416060982,0.4484782234,0.7855056594,0.5637618674,0.617019141,0.3178274432,0.06515341585
18.585,16.13088286,-0.6528186298,0.4407877176,0.3381483567,0.4470123882,0.7876966266,0.5605036898,0.6204659755,0.3141643863,0.06536963818
18.62,16.10056165,-0.6564242159,0.4393660514,0.3347115157,0.4455143418,0.7898957389,0.5572385732,0.6239352784,0.3105148275,0.06554989416
18.655,16.07035422,-0.6600416109,0.4379161442,0.3312945449,0.4439839533,0.7921019362,0.5539655461,0.6274254774,0.3068778263,0.06569669635
18.69,16.04025993,-0.6636698377,0.4364368622,0.3278962128,0.4424210444,0.7943140362,0.5506834907,0.6309347881,0.3032523069,0.06581290495
18.725,16.01027813,-0.6673078063,0.4349270332,0.3245151089,0.4408253889,0.796530748,0.5473911576,0.6344612325,0.2996370794,0.06590168806
18.76,15.98040821,-0.6709543229,0.4333854598,0.3211496683,0.4391967127,0.7987506871,0.5440871822,0.6380026602,0.2960308619,0.06596647792
18.795,15.95064953,-0.6746081008,0.4318109339,0.3177981984,0.4375346947,0.8009723917,0.5407701027,0.6415567723,0.292432304,0.06601092372
18.83,15.92100149,-0.6782677724,0.4302022501,0.314458907,0.4358389692,0.8031943395,0.5374383791,0.645121147,0.2888400113,0.06603884168
18.865,15.89146345,-0.6819319025,0.4285582196,0.3111299314,0.4341091286,0.8054149658,0.5340904135,0.6486932672,0.2852525698,0.06605416303
18.9,15.86203481,-0.6855990029,0.4268776827,0.3078093686,0.432344727,0.8076326818,0.5307245711,0.6522705488,0.2816685703,0.06606088089
18.935,15.83271497,-0.689267547,0.4251595218,0.304495305,0.4305452848,0.809845893,0.5273392011,0.6558503704,0.278086633,0.06606299661
18.97,15.80350332,-0.6929359855,0.4234026725,0.3011858465,0.428710294,0.8120530174,0.5239326582,0.6594301031,0.2745054304,0.06606446649
19.005,15.77439926,-0.696602762,0.4216061339,0.2978791483,0.426839224,0.8142525039,0.5205033238,0.6630071401,0.2709237101,0.06606914973
19.04,15.74540221,-0.7002663286,0.4197689778,0.2945734422,0.4249315276,0.816442849,0.5170496263,0.6665789257,0.267340316,0.06608075829
19.075,15.71651156,-0.7039251615,0.4178903567,0.291267064,0.4229866483,0.8186226134,0.5135700607,0.6701429832,0.2637542073,0.06610280957
19.11,15.68772674,-0.7075777757,0.4159695094,0.2879584784,0.4210040269,0.820790437,0.5100632078,0.6736969415,0.2601644759,0.06613858257
19.145,15.65904717,-0.7112227393,0.4140057665,0.2846463011,0.4189831089,0.8229450526,0.5065277507,0.6772385596,0.2565703623,0.06619107819
19.18,15.63047226,-0.7148586861,0.4119985525,0.2813293194,0.4169233517,0.8250852976,0.5029624908,0.6807657484,0.2529712672,0.06626298441
19.215,15.60200146,-0.7184843279,0.4099473881,0.2780065093,0.4148242322,0.8272101247,0.4993663613,0.6842765904,0.2493667628,0.06635664678
19.25,15.57363418,-0.7220984641,0.4078518896,0.2746770495,0.412685253,0.8293186093,0.4957384387,0.6877693557,0.2457565996,0.06647404472
19.285,15.54536987,-0.7256999912,0.405711767,0.2713403325,0.4105059498,0.8314099561,0.492077952,0.6912425151,0.2421407108,0.06661677403
19.32,15.51720797,-0.7292879089,0.4035268213,0.2679959718,0.4082858971,0.8334835029,0.48838429,0.6946947495,0.2385192147,0.06678603573
19.355,15.48914792,-0.7328613254,0.4012969395,0.2646438065,0.406024714,0.8355387219,0.4846570052,0.6981249558,0.2348924127,0.06698263147
19.39,15.46118917,-0.7364194601,0.3990220891,0.2612839012,0.4037220685,0.8375752198,0.4808958158,0.7015322488,0.2312607857,0.06720696553
19.425,15.43333117,-0.739961645,0.3967023111,0.2579165438,0.4013776819,0.8395927344,0.4771006048,0.7049159597,0.2276249871,0.06745905318
19.46,15.40557338,-0.7434873229,0.3943377126,0.2545422388,0.3989913313,0.8415911305,0.4732714166,0.708275631,0.2239858338,0.06773853526
19.495,15.37791526,-0.7469960448,0.3919284581,0.2511616983,0.3965628519,0.8435703926,0.4694084513,0.7116110073,0.2203442941,0.0680446986
19.53,15.35035627,-0.7504874645,0.3894747607,0.2477758298,0.3940921373,0.8455306166,0.4655120562,0.7149220237,0.2167014745,0.06837650184
19.565,15.32289589,-0.7539613321,0.3869768732,0.2443857214,0.3915791396,0.8474719999,0.4615827156,0.7182087906,0.2130586034,0.06873260603
19.6,15.29553357,-0.7574174849,0.3844350786,0.2409926246,0.3890238675,0.8493948293,0.4576210382,0.7214715761,0.2094170146,0.06911140936
19.635,15.26826881,-0.7608558382,0.3818496813,0.2375979351,0.3864263839,0.8512994688,0.4536277427,0.7247107856,0.205778129,0.06951108546
19.67,15.24110107,-0.7642763733,0.3792209982,0.2342031727,0.3837868021,0.8531863456,0.4496036428,0.7279269403,0.2021434356,0.06992962415
19.705,15.21402984,-0.7676791257,0.3765493507,0.230809959,0.3811052808,0.8550559359,0.4455496293,0.7311206536,0.1985144722,0.0703648742
19.74,15.18705461,-0.7710641719,0.3738350568,0.2274199952,0.3783820187,0.8569087506,0.4414666536,0.7342926068,0.1948928063,0.07081458691
19.775,15.16017487,-0.7744316155,0.3710784246,0.2240350394,0.3756172479,0.8587453198,0.4373557086,0.7374435243,0.1912800158,0.07127645991
19.81,15.13339011,-0.7777815738,0.3682797465,0.2206568842,0.372811227,0.8605661789,0.4332178108,0.7405741483,0.1876776716,0.07174818016
19.845,15.10669982,-0.781114164,0.3654392943,0.2172873345,0.3699642332,0.8623718542,0.4290539821,0.743685215,0.1840873195,0.07222746547
19.88,15.08010352,-0.7844294892,0.3625573155,0.2139281863,0.3670765545,0.8641628496,0.4248652325,0.7467774306,0.1805104658,0.07271210364
19.915,15.0536007,-0.7877276262,0.3596340308,0.2105812076,0.3641484823,0.8659396337,0.4206525432,0.7498514492,0.1769485621,0.07319998871
19.95,15.02719088,-0.7910086127,0.3566696327,0.2072481198,0.3611803027,0.867702629,0.4164168515,0.7529078523,0.1734029942,0.07368915348
19.985,15.00087356,-0.7942724371,0.3536642849,0.2039305816,0.3581722899,0.8694522015,0.4121590365,0.7559471307,0.1698750714,0.07417779795
20.02,14.97464825,-0.7975190277,0.3506181233,0.2006301754,0.3551246987,0.8711886524,0.4078799075,0.758969668,0.1663660189,0.0746643131
20.055,14.94851449,-0.8007482455,0.3475312579,0.197348395,0.3520377584,0.8729122109,0.4035801932,0.7619757279,0.1628769723,0.07514729982
20.09,14.92247178,-0.8039598764,0.3444037751,0.1940866368,0.3489116673,0.8746230292,0.3992605342,0.7649654432,0.1594089742,0.07562558259
20.125,14.89651965,-0.807153627,0.3412357418,0.190846193,0.3457465888,0.8763211792,0.394921477,0.767938809,0.155962973,0.07609821795
20.16,14.87065764,-0.8103291206,0.3380272091,0.1876282472,0.3425426474,0.8780066502,0.3905634704,0.7708956779,0.1525398244,0.07656449772
20.195,14.84488527,-0.8134858966,0.3347782173,0.1844338729,0.3392999276,0.8796793499,0.3861868646,0.7738357586,0.1491402944,0.07702394698
20.23,14.81920208,-0.8166234098,0.331488801,0.1812640342,0.3360184729,0.8813391054,0.3817919121,0.7767586187,0.1457650642,0.07747631716
20.265,14.7936076,-0.8197410336,0.328158995,0.1781195886,0.3326982861,0.882985667,0.3773787718,0.7796636882,0.1424147374,0.07792157439
20.3,14.76810138,-0.8228380632,0.324788839,0.1750012923,0.3293393324,0.8846187134,0.3729475139,0.7825502682,0.1390898481,0.07835988372
20.335,14.74268296,-0.825913721,0.321378384,0.171909807,0.3259415417,0.8862378576,0.368498128,0.7854175403,0.1357908703,0.0787915894
20.37,14.71735189,-0.8289671641,0.3179276968,0.1688457087,0.3225048141,0.8878426547,0.3640305323,0.7882645795,0.1325182285,0.07921719203
20.405,14.69210772,-0.8319974916,0.3144368654,0.1658094976,0.3190290254,0.8894326104,0.3595445849,0.7910903684,0.1292723085,0.07963732307
20.44,14.66695,-0.8350037548,0.3109060031,0.162801609,0.3155140338,0.8910071904,0.3550400955,0.7938938133,0.1260534694,0.08005271727
20.475,14.64187829,-0.8379849664,0.3073352525,0.1598224254,0.3119596883,0.8925658303,0.3505168395,0.7966737613,0.1228620548,0.08046418389
20.51,14.61689215,-0.8409401118,0.3037247885,0.1568722885,0.3083658363,0.8941079459,0.3459745712,0.7994290188,0.1196984039,0.08087257725
20.545,14.59199114,-0.8438681601,0.3000748207,0.1539515121,0.3047323334,0.8956329436,0.3414130389,0.8021583696,0.1165628631,0.0812787673
20.58,14.56717483,-0.8467680749,0.2963855945,0.151060394,0.3010590523,0.8971402306,0.3368319991,0.8048605933,0.1134557956,0.08168361106
20.615,14.54244278,-0.8496388259,0.2926573924,0.1481992279,0.2973458923,0.8986292249,0.3322312309,0.8075344838,0.1103775908,0.08208792535
20.65,14.51779458,-0.8524793992,0.288890533,0.1453683147,0.2935927884,0.9000993645,0.3276105498,0.810178866,0.1073286723,0.08249246163
20.685,14.49322978,-0.8552888071,0.2850853702,0.1425679728,0.2897997205,0.9015501161,0.3229698204,0.8127926118,0.1043095049,0.0828978833
20.72,14.46874797,-0.8580660978,0.2812422912,0.1397985467,0.2859667213,0.9029809823,0.3183089684,0.8153746545,0.1013205994,0.08330474617
20.755,14.44434874,-0.8608103627,0.2773617138,0.137060415,0.282093884,0.9043915086,0.3136279911,0.8179240009,0.09836251679,0.08371348234
20.79,14.42003165,-0.863520744,0.273444083,0.1343539967,0.2781813687,0.9057812881,0.308926966,0.8204397418,0.0954358703,0.08412438789
20.825,14.3957963,-0.8661964392,0.269489867,0.1316797553,0.2742294072,0.9071499654,0.304206058,0.8229210597,0.09254132571,0.08453761457
20.86,14.37164228,-0.8688367058,0.2654995529,0.1290382021,0.2702383075,0.9084972393,0.2994655246,0.8253672339,0.08967960044,0.08495316568
20.895,14.34756918,-0.8714408629,0.2614736421,0.1264298976,0.2662084556,0.9098228635,0.2947057191,0.827777643,0.08685146086,0.08537089611
20.93,14.32357659,-0.8740082925,0.2574126452,0.1238554505,0.2621403167,0.9111266461,0.2899270913,0.8301517652,0.08405771826,0.08579051651
20.965,14.29966411,-0.8765384381,0.2533170773,0.1213155166,0.2580344337,0.9124084475,0.285130187,0.8324891751,0.08129922353,0.08621160135
21,14.27583133,-0.8790308024,0.2491874536,0.1188107948,0.2538914251,0.9136681775,0.2803156448,0.8347895386,0.07857686069,0.0866336007
21.035,14.25207787,-0.8814849433,0.2450242844,0.1163420224,0.2497119807,0.9149057903,0.275484191,0.8370526052,0.0758915395,0.0870558553
21.07,14.22840332,-0.8839004685,0.2408280712,0.1139099698,0.2454968557,0.9161212791,0.2706366335,0.8392781981,0.07324418739,0.08747761453
21.105,14.2048073,-0.8862770289,0.2365993036,0.111515433,0.2412468634,0.9173146692,0.2657738529,0.8414662024,0.07063574088,0.08789805672
21.14,14.1812894,-0.888614311,0.232338456,0.1091592267,0.2369628663,0.9184860107,0.2608967933,0.8436165519,0.06806713678,0.08831631134
21.175,14.15784926,-0.8909120285,0.2280459858,0.1068421756,0.232645767,0.9196353703,0.2560064519,0.8457292142,0.06553930341,0.08873148236
21.21,14.13448647,-0.8931699133,0.2237223317,0.1045651069,0.2282964968,0.9207628227,0.251103867,0.8478041757,0.06305315203,0.08914267228
21.245,14.11120066,-0.8953877057,0.2193679139,0.1023288415,0.2239160044,0.9218684424,0.246190107,0.8498414251,0.0606095688,0.0895490061
21.28,14.08799145,-0.8975651454,0.2149831336,0.1001341858,0.2195052441,0.9229522945,0.2412662582,0.851840938,0.05820940733,0.08994965466
21.315,14.06485846,-0.899701962,0.2105683753,0.09798192449,0.2150651638,0.9240144269,0.2363334132,0.8538026611,0.05585348219,0.09034385675
21.35,14.04180131,-0.9017978657,0.2061240081,0.09587281322,0.2105966929,0.9250548618,0.2313926606,0.8557264973,0.05354256337,0.09073093935
21.385,14.01881964,-0.9038525394,0.2016503892,0.09380757235,0.206100731,0.9260735891,0.2264450749,0.8576122924,0.05127737196,0.09111033563
21.42,13.99591307,-0.9058656309,0.1971478674,0.0917868818,0.2015781371,0.9270705598,0.2214917087,0.8594598229,0.04905857701,0.0914816001
21.455,13.97308124,-0.9078367469,0.1926167871,0.08981137675,0.1970297195,0.9280456808,0.2165335857,0.8612687857,0.04688679376,0.09184442057
21.49,13.95032378,-0.9097654474,0.1880574937,0.08788164469,0.1924562278,0.9289988107,0.2115716973,0.8630387902,0.04476258311,0.09219862668
21.525,13.92764033,-0.9116512424,0.1834703383,0.0859982236,0.1878583457,0.9299297569,0.2066070001,0.8647693528,0.0426864525,0.09254419469
21.56,13.90503052,-0.9134935895,0.1788556832,0.08416160142,0.1832366852,0.9308382747,0.2016404175,0.8664598936,0.04065885797,0.09288124847
21.595,13.882494,-0.9152918935,0.1742139078,0.0823722168,0.178591784,0.9317240665,0.1966728437,0.868109736,0.03868020743,0.09321005654
21.63,13.86003042,-0.9170455072,0.1695454134,0.08063046104,0.1739241033,0.9325867839,0.1917051511,0.8697181096,0.03675086497,0.09353102545
21.665,13.83763942,-0.9187537345,0.1648506291,0.07893668112,0.1692340287,0.9334260306,0.186738202,0.8712841546,0.03487115609,0.09384468932
21.7,13.81532065,-0.9204158343,0.1601300161,0.07729118392,0.1645218728,0.9342413661,0.181772863,0.8728069302,0.03304137373,0.09415169609
21.735,13.79307375,-0.922031027,0.1553840723,0.07569424116,0.1597878802,0.9350323121,0.1768100246,0.8742854246,0.0312617848,0.09445279061
21.77,13.77089839,-0.923598501,0.1506133356,0.07414609529,0.1550322343,0.9357983585,0.1718506245,0.8757185678,0.02953263712,0.09474879504
21.805,13.74879422,-0.9251174219,0.1458183872,0.07264696587,0.1502550662,0.9365389722,0.1668956757,0.8771052464,0.02785416656,0.09504058702
21.84,13.7267609,-0.9265869421,0.140999853,0.07119705637,0.145456465,0.9372536049,0.1619462999,0.8784443198,0.02622660406,0.09532907613
21.875,13.70479808,-0.9280062107,0.1361584051,0.06979656123,0.1406364908,0.937941703,0.1570037659,0.8797346383,0.02465018251,0.09561517919
21.91,13.68290543,-0.929374385,0.1312947612,0.0684456729,0.1357951876,0.9386027178,0.1520695338,0.8809750618,0.02312514311,0.09589979508
21.945,13.66108262,-0.930690642,0.1264096838,0.06714458865,0.1309325984,0.9392361148,0.1471453061,0.8821644793,0.02165174111,0.09618377958
21.98,13.6393293,-0.9319541897,0.1215039779,0.06589351701,0.1260487809,0.9398413846,0.142233086,0.8833018283,0.02023025076,0.09646792099
22.015,13.61764515,-0.9331642781,0.1165784878,0.06469268359,0.1211438234,0.9404180526,0.1373352441,0.8843861137,0.01886096926,0.09675291705
22.05,13.59602984,-0.9343202105,0.1116340931,0.06354233605,0.1162178609,0.9409656883,0.1324545947,0.8854164265,0.01754421967,0.09703935381
22.085,13.57448304,-0.9354213533,0.1066717033,0.06244274821,0.1112710913,0.9414839141,0.1275944848,0.8863919605,0.01628035255,0.09732768699
22.12,13.55300443,-0.9364671447,0.1016922524,0.06139422291,0.1063037902,0.9419724132,0.1227588955,0.8873120273,0.01506974642,0.0976182263
22.155,13.53159368,-0.9374571028,0.09669669228,0.06039709373,0.101316326,0.9424309364,0.1179525618,0.8881760699,0.01391280684,0.09791112327
22.19,13.51025047,-0.9383908317,0.0916859858,0.05945172533,0.09630917182,0.9428593071,0.1131811125,0.888983673,0.01280996422,0.09820636273
22.225,13.48897449,-0.9392680261,0.08666109991,0.05855851251,0.09128291743,0.9432574257,0.1084512351,0.8897345712,0.0117616704,0.09850375845
22.26,13.46776541,-0.9400884742,0.08162299828,0.05771787776,0.0862382778,0.9436252716,0.1037708725,0.8904286531,0.01076839397,0.09880295292
22.295,13.44662292,-0.9408520583,0.07657263427,0.0569302676,0.08117609989,0.9439629039,0.09914945569,0.891065964,0.009830614563,0.09910342143
22.33,13.42554671,-0.9415587545,0.07151094415,0.0561961476,0.07609736661,0.9442704609,0.09459818291,0.8916467034,0.00894881621,0.0994044804
22.365,13.40453646,-0.9422086291,0.0664388409,0.05551599625,0.07100319782,0.9445481567,0.09013034972,0.8921712204,0.008123479941,0.09970529967
22.4,13.38359187,-0.9428018341,0.06135720863,0.0548902979,0.06589484844,0.9447962772,0.08576173887,0.8926400054,0.007355075854,0.1000049188
22.435,13.36271264,-0.9433386003,0.05626689797,0.05431953491,0.06077370329,0.9450151738,0.08151107215,0.8930536787,0.006644054883,0.1003022665
22.47,13.34189844,-0.9438192294,0.0511687224,0.05380417921,0.05564126892,0.945205256,0.07740052008,0.893412976,0.005990840508,0.1005961835
22.505,13.32114899,-0.9442440838,0.04606345588,0.05334468367,0.05049916233,0.9453669826,0.07345625006,0.8937187317,0.005395820673,0.1008854476
22.54,13.30046398,-0.9446135754,0.04095183159,0.05294147334,0.04534909671,0.945500851,0.06970896766,0.8939718593,0.004859340172,0.1011688006
22.575,13.2798431,-0.9449281536,0.03583454215,0.05259493701,0.04019286457,0.9456073867,0.06619436352,0.8941733299,0.004381693762,0.1014449764
22.61,13.25928607,-0.9451882923,0.03071224112,0.05230541927,0.03503231844,0.945687131,0.06295331778,0.8943241497,0.00396312022,0.1017127301
22.645,13.23879258,-0.9453944763,0.02558554593,0.05207321335,0.02986934952,0.9457406282,0.06003163824,0.8944253359,0.003603797589,0.1019708665
22.68,13.21836235,-0.9455471874,0.02045504216,0.051898555,0.02470586479,0.9457684137,0.05747903762,0.8944778924,0.003303839766,0.1022182678
22.715,13.19799507,-0.9456468915,0.01532128905,0.05178161752,0.01954376297,0.9457710005,0.05534703772,0.8944827853,0.003063294584,0.1024539201
22.75,13.17769046,-0.9456940247,0.01018482621,0.05172250821,0.01438490996,0.9457488668,0.05368559853,0.894440919,0.00288214349,0.1026769375
22.785,13.15744823,-0.9456889813,0.005046181315,0.05172126626,0.009231114248,0.9457024444,0.05253858443,0.8943531133,0.002760302854,0.1028865838
22.82,13.1372681,-0.9456321027,-9.412126712e-05,0.0517778622,0.004084102821,0.9456321074,0.05193868414,0.8942200825,0.00269762691,0.1030822906
22.855,13.11714977,-0.9455236668,-0.005235551295,0.0518921989,-0.001054501725,0.9455381619,0.05190291206,0.8940424155,0.00269391228,0.1032636722
22.89,13.09709297,-0.9453638803,-0.01037756298,0.052064114,-0.006183202481,0.9454208375,0.05242999104,0.89382056,0.00274890396,0.103430536
22.925,13.0770974,-0.9451528714,-0.01551958515,0.05229338388,-0.01130064733,0.94528028,0.05350049185,0.8935548078,0.002862302628,0.1035828896
22.96,13.0571628,-0.9448906854,-0.02066101148,0.05257972875,-0.01640564545,0.9451165456,0.05507969751,0.8932452848,0.003033773078,0.1037209422
22.995,13.03728889,-0.9445772824,-0.02580119101,0.05292281895,-0.02149718078,0.9449295973,0.05712226839,0.8928919438,0.003262953546,0.1038451026
23.03,13.01747538,-0.9442125363,-0.03093941938,0.05332228211,-0.02657442214,0.944719303,0.05957739237,0.8924945614,0.003549465682,0.1039559729
23.065,12.997722,-0.9437962374,-0.03607493073,0.053777711,-0.03163672979,0.9444854357,0.06239330791,0.8920527383,0.003892924872,0.1040543368
23.1,12.97802848,-0.9433280957,-0.0412068909,0.05428867177,-0.0366836582,0.9442276759,0.06552061249,0.891565904,0.004292950661,0.1041411454
23.135,12.95839455,-0.9428077479,-0.0463343918,0.05485471246,-0.04171495493,0.9439456156,0.06891427243,0.8910333253,0.004749176944,0.1042174978
23.17,12.93881994,-0.9422347651,-0.05145644747,0.05547537148,-0.04673055576,0.9436387648,0.07253455509,0.8904541185,0.005261261683,0.1042846198
23.205,12.91930437,-0.9416086634,-0.05657199172,0.05615018578,-0.05173057593,0.9433065595,0.0763472059,0.8898272653,0.005828895849,0.1043438389
23.24,12.89984759,-0.9409289158,-0.06167987775,0.05687869865,-0.05671529788,0.9429483718,0.08032316835,0.8891516319,0.006451811374,0.1043965567
23.275,12.88044932,-0.9401949654,-0.06677887969,0.05766046682,-0.06168515552,0.9425635213,0.08443807107,0.8884259917,0.007129787846,0.1044442204
23.31,12.86110931,-0.93940624,-0.07186769617,0.05849506687,-0.06664071542,0.942151288,0.08867162906,0.8876490494,0.0078626578,0.1044882928
23.345,12.84182729,-0.9385621676,-0.07694495599,0.05938210063,-0.07158265523,0.9417109263,0.09300704492,0.8868194687,0.008650310405,0.1045302209
23.38,12.82260299,-0.9376621925,-0.08200922575,0.06032119965,-0.07651173977,0.9412416801,0.09743045443,0.8859359003,0.00949269345,0.1045714063
23.415,12.80343617,-0.936705791,-0.08705901948,0.06131202858,-0.08142879511,0.9407427979,0.1019304347,0.8849970118,0.01038981352,0.1046131747
23.45,12.78432657,-0.9356924879,-0.09209281004,0.06235428736,-0.08633468123,0.9402135489,0.106497579,0.8840015176,0.01134173434,0.1046567481
23.485,12.76527392,-0.9346218715,-0.09710904217,0.06344771237,-0.09123026362,0.9396532386,0.1111241342,0.8829482087,0.01234857321,0.104703218
23.52,12.74627798,-0.9334936084,-0.102106147,0.06459207629,-0.09611638441,0.9390612238,0.1158036946,0.8818359821,0.01341049567,0.1047535222
23.555,12.72733848,-0.9323074566,-0.1070825575,0.065787187,-0.1009938334,0.938436928,0.1205309436,0.8806638678,0.01452770836,0.1048084238
23.59,12.70845519,-0.9310632776,-0.1120367251,0.06703288516,-0.1058633198,0.9377798541,0.1253014372,0.8794310547,0.01570045017,0.1048684951
23.625,12.68962785,-0.9297610461,-0.1169671367,0.06832904095,-0.1107254444,0.9370895976,0.130111421,0.878136914,0.01692898188,0.1049341042
23.66,12.67085621,-0.928400858,-0.1218723316,0.06967554961,-0.1155806743,0.9363658571,0.1349576766,0.8767810184,0.01821357448,0.1050054071
23.695,12.65214003,-0.9269829363,-0.1267509186,0.0710723262,-0.120429318,0.9356084435,0.1398373919,0.8753631596,0.01955449618,0.1050823442
23.73,12.63347906,-0.9255076342,-0.1316015922,0.07251929944,-0.1252715043,0.934817287,0.1447480521,0.8738833601,0.02095199859,0.1051646413
23.765,12.61487305,-0.9239754363,-0.1364231481,0.07401640484,-0.1301071635,0.9339924423,0.1496873481,0.8723418823,0.02240630219,0.1052518156
23.8,12.59632176,-0.9223869568,-0.1412144972,0.07556357711,-0.1349360112,0.9331340912,0.1546530999,0.8707392322,0.02391758132,0.1053431865
23.835,12.57782496,-0.9207429354,-0.1459746783,0.0771607422,-0.1397575365,0.9322425434,0.1596431932,0.8690761598,0.02548594915,0.1054378911
23.87,12.5593824,-0.9190442314,-0.1507028681,0.07880780881,-0.1445709934,0.9313182344,0.1646555279,0.8673536537,0.02711144285,0.1055349035
23.905,12.54099385,-0.9172918145,-0.1553983897,0.08050465978,-0.1493753964,0.9303617213,0.1696879763,0.8655729324,0.0287940093,0.1056330583
23.94,12.52265906,-0.9154867545,-0.1600607182,0.0822511434,-0.1541695208,0.9293736768,0.1747383522,0.8637354311,0.03053349172,0.1057310772
23.975,12.50437781,-0.9136302086,-0.164689484,0.08404706482,-0.1589519061,0.9283548806,0.1798043869,0.8618427843,0.03232961756,0.1058275982
24.01,12.48614985,-0.9117234078,-0.1692844728,0.08589217786,-0.1637208654,0.9273062089,0.1848837148,0.8598968051,0.03418198798,0.1059212069
24.045,12.46797496,-0.9097676411,-0.1738456234,0.08778617727,-0.1684744977,0.9262286227,0.1899738647,0.8578994615,0.03609006928,0.1060104692
24.08,12.44985291,-0.9077642395,-0.1783730217,0.08972869187,-0.1732107052,0.9251231537,0.1950722598,0.8558528495,0.03805318654,0.106093964
24.115,12.43178345,-0.9057145596,-0.1828668933,0.09171927853,-0.1779272147,0.9239908897,0.2001762218,0.8537591642,0.04007051978,0.106170316
24.15,12.41376638,-0.9036199662,-0.1873275917,0.09375741744,-0.1826216021,0.9228329589,0.2052829825,0.8516206699,0.0421411029,0.1062382272
24.185,12.39580145,-0.9014818157,-0.1917555855,0.09584250875,-0.1872913211,0.9216505133,0.210389699,0.8494396687,0.04426382544,0.1062965059
24.22,12.37788844,-0.8993014399,-0.1961514423,0.09797387073,-0.1919337338,0.9204447121,0.2154934744,0.8472184681,0.04643743752,0.1063440944
24.255,12.36002713,-0.8970801302,-0.2005158109,0.1001507398,-0.1965461449,0.9192167048,0.2205913819,0.8449593504,0.04866055776,0.1063800919
24.29,12.34221729,-0.8948191235,-0.2048494019,0.102372272,-0.2011258368,0.9179676145,0.2256804917,0.8426645412,0.05093168432,0.1064037744
24.325,12.32445871,-0.8925195893,-0.2091529667,0.1046375473,-0.205670106,0.9166985223,0.2307579009,0.8403361808,0.05324920883,0.1064146103
24.36,12.30675115,-0.8901826185,-0.2134272757,0.1069455745,-0.2101763005,0.9154104524,0.235820765,0.8379762963,0.05561143321,0.1064122705
24.395,12.2890944,-0.8878092139,-0.2176730957,0.1092952993,-0.2146418561,0.9141043577,0.2408663298,0.8355867768,0.05801658883,0.1063966344
24.43,12.27148825,-0.8854002831,-0.2218911676,0.1116856132,-0.2190643325,0.9127811083,0.245891964,0.8331693516,0.06046285796,0.1063677904
24.465,12.25393247,-0.8829566339,-0.2260821837,0.1141153649,-0.2234414471,0.9114414798,0.2508951909,0.8307255712,0.0629483968,0.106326032
24.5,12.23642686,-0.880478971,-0.2302467666,0.1165833723,-0.2277711071,0.9100861454,0.2558737187,0.828256792,0.06547135992,0.1062718481
24.535,12.21897118,-0.8779678962,-0.2343854482,0.1190884364,-0.2320514373,0.9087156679,0.2608254689,0.8257641651,0.06802992525,0.1062059096
24.57,12.20156524,-0.8754239102,-0.2384986514,0.1216293552,-0.236280806,0.9073304961,0.2657486018,0.8232486292,0.07062231934,0.1061290515
24.605,12.18420882,-0.8728474168,-0.2425866727,0.1242049392,-0.240457845,0.9059309614,0.2706415381,0.8207109068,0.07324684213,0.1060422511
24.64,12.1669017,-0.8702387298,-0.2466496675,0.1268140254,-0.2445814663,0.9045172775,0.2755029776,0.8181515054,0.07590189069,0.105946604
24.675,12.14964369,-0.8675980812,-0.2506876385,0.1294554928,-0.2486508733,0.9030895429,0.280331913,0.8155707225,0.07858598143,0.105843296
24.71,12.13243456,-0.8649256313,-0.2547004259,0.1321282756,-0.2526655673,0.9016477442,0.2851276383,0.8129686546,0.08129777014,0.1057335752
24.745,12.11527412,-0.8622214812,-0.2586877016,0.1348313762,-0.2566253484,0.9001917626,0.2898897539,0.8103452095,0.08403606944,0.105618721
24.78,12.09816215,-0.8594856853,-0.2626489659,0.1375638762,-0.2605303114,0.898721382,0.2946181651,0.8077001225,0.08679986321,0.1055000142
24.815,12.08109845,-0.8567182662,-0.2665835482,0.140324946,-0.2643808374,0.8972362987,0.2993130763,0.8050329757,0.08958831765,0.1053787066
24.85,12.06408282,-0.8539192288,-0.2704906105,0.1431138522,-0.2681775793,0.8957361329,0.3039749804,0.8023432197,0.0924007887,0.1052559916
24.885,12.04711505,-0.8510885763,-0.2743691545,0.145929962,-0.2719214442,0.8942204413,0.3086046429,0.7996301977,0.09523682563,0.1051329767
24.92,12.03019494,-0.8482263248,-0.2782180319,0.1487727467,-0.2756135711,0.8926887315,0.3132030823,0.7968931713,0.09809617076,0.1050106579
24.955,12.0133223,-0.8453325182,-0.2820359576,0.1516417809,-0.2792553054,0.8911404759,0.3177715458,0.7941313477,0.1009787553,0.1048898969
24.99,11.99649692,-0.8424072427,-0.2858215259,0.1545367404,-0.28284817,0.8895751274,0.3223114819,0.7913439073,0.1038846914,0.1047714014
25.025,11.9797186,-0.8394506394,-0.289573229,0.1574573971,-0.2863938347,0.8879921345,0.3268245102,0.788530031,0.1068142605,0.1046557085
25.06,11.96298715,-0.8364629161,-0.2932894785,0.160403612,-0.2898940835,0.8863909568,0.3313123879,0.7856889283,0.1097678984,0.1045431733
25.095,11.94630237,-0.8334443576,-0.2969686272,0.1633753254,-0.2933507807,0.8847710793,0.3357769758,0.7828198627,0.1127461775,0.1044339598
25.13,11.92966407,-0.8303953333,-0.300608994,0.1663725456,-0.2967658367,0.8831320269,0.3402202019,0.7799221769,0.1157497858,0.1043280373
25.165,11.91307204,-0.8273163043,-0.3042088884,0.1693953362,-0.3001411739,0.8814733774,0.3446440254,0.7769953151,0.1187795042,0.1042251807
25.2,11.89652611,-0.8242078262,-0.3077666363,0.1724438018,-0.3034786931,0.8797947734,0.3490504003,0.7740388432,0.1218361819,0.1041249748
25.235,11.88002607,-0.8210705516,-0.3112806053,0.1755180728,-0.3067802413,0.8780959321,0.3534412403,0.7710524659,0.1249207103,0.1040268237
25.27,11.86357175,-0.8179052288,-0.3147492297,0.1786182893,-0.3100475817,0.8763766546,0.3578183844,0.7680360408,0.1280339962,0.103929963
25.305,11.84716293,-0.8147126989,-0.3181710341,0.1817445857,-0.3132823648,0.8746368325,0.3621835647,0.7649895888,0.1311769345,0.1038334767
25.34,11.83079945,-0.8114938909,-0.3215446563,0.1848970745,-0.3164861035,0.8728764523,0.3665383771,0.761913301,0.1343503819,0.1037363172
25.375,11.8144811,-0.8082498136,-0.3248688671,0.188075831,-0.31966015,0.8710955987,0.3708842538,0.758807542,0.1375551297,0.1036373283
25.41,11.79820771,-0.8049815468,-0.3281425889,0.1912808786,-0.3228056771,0.8692944549,0.3752224403,0.7556728493,0.1407918797,0.103535271
25.445,11.78197909,-0.8016902299,-0.3313649111,0.1945121756,-0.325923662,0.8674733017,0.379553975,0.7525099291,0.1440612199,0.103428851
25.48,11.76579505,-0.7983770498,-0.3345351028,0.1977696029,-0.3290148745,0.8656325136,0.3838796731,0.7493196486,0.1473636035,0.1033167479
25.515,11.74965542,-0.7950432268,-0.3376526216,0.2010529538,-0.3320798685,0.8637725541,0.388200115,0.7461030253,0.1506993293,0.1031976454
25.55,11.73356,-0.7916900003,-0.3407171203,0.2043619253,-0.3351189781,0.8618939684,0.3925156379,0.7428612127,0.154068526,0.1030702613
25.585,11.71750862,-0.7883186143,-0.3437284495,0.2076961113,-0.3381323167,0.8599973748,0.3968263326,0.7395954847,0.1574711382,0.1029333771
25.62,11.70150109,-0.7849303015,-0.3466866564,0.2110549985,-0.3411197802,0.8580834551,0.4011320441,0.736307216,0.1609069168,0.1027858672
25.655,11.68553724,-0.781526269,-0.3495919811,0.214437964,-0.344081054,0.8561529433,0.4054323768,0.7329978624,0.1643754121,0.1026267255
25.69,11.66961689,-0.7781076837,-0.3524448491,0.2178442751,-0.3470156234,0.8542066138,0.4097267029,0.729668939,0.1678759711,0.1024550899
25.725,11.65373986,-0.7746756588,-0.3552458607,0.221273092,-0.3499227866,0.8522452686,0.4140141759,0.7263219978,0.1714077379,0.1022702643
25.76,11.63790598,-0.7712312416,-0.3579957781,0.2247234718,-0.3528016715,0.8502697249,0.4182937463,0.7229586051,0.1749696582,0.1020717367
25.795,11.62211506,-0.7677754023,-0.3606955095,0.2281943753,-0.355651254,0.848280802,0.4225641814,0.719580319,0.1785604874,0.1018591936
25.83,11.60636694,-0.7643090252,-0.3633460909,0.2316846756,-0.3584703798,0.8462793084,0.426824088,0.7161886678,0.1821788021,0.1016325301
25.865,11.59066143,-0.7608329005,-0.3659486667,0.2351931686,-0.3612577864,0.8442660298,0.4310719369,0.7127851291,0.1858230148,0.1013918561
25.9,11.57499838,-0.7573477195,-0.3685044682,0.2387185849,-0.3640121276,0.8422417179,0.4353060898,0.7093711113,0.1894913918,0.1011374968
25.935,11.5593776,-0.7538540709,-0.3710147919,0.2422596034,-0.3667319982,0.8402070792,0.4395248274,0.705947936,0.1931820739,0.1008699901
25.97,11.54379892,-0.7503524397,-0.3734809761,0.2458148657,-0.3694159593,0.8381627666,0.4437263787,0.7025168232,0.1968930992,0.1005900776
26.005,11.52826218,-0.7468432079,-0.3759043789,0.2493829922,-0.3720625635,0.8361093704,0.4479089505,0.6990788793,0.2006224279,0.1002986927
26.04,11.5127672,-0.7433266581,-0.3782863551,0.2529625971,-0.3746703796,0.834047413,0.4520707565,0.6956350871,0.2043679689,0.09999694404
26.075,11.49731383,-0.7398029781,-0.3806282343,0.2565523057,-0.3772380161,0.8319773429,0.4562100463,0.6921862991,0.2081276063,0.09968609452
26.11,11.48190188,-0.7362722681,-0.382931301,0.2601507698,-0.3797641437,0.8298995325,0.4603251327,0.6887332341,0.2118992278,0.09936753809
26.145,11.46653119,-0.7327345499,-0.3851967747,0.2637566833,-0.3822475157,0.8278142761,0.4644144176,0.6852764758,0.2156807513,0.09904277298
26.18,11.4512016,-0.7291897768,-0.3874257926,0.2673687977,-0.3846869865,0.8257217905,0.4684764152,0.6818164754,0.2194701516,0.09871337303
26.215,11.43591295,-0.7256378461,-0.3896193948,0.2709859351,-0.3870815278,0.8236222171,0.4725097737,0.6783535565,0.2232654862,0.09838095731
26.25,11.42066507,-0.7220786114,-0.391778511,0.2746070009,-0.389430242,0.8215156254,0.4765132929,0.6748879227,0.2270649184,0.09804715893
26.2525,11.41957749,-0.7218240963,-0.3919314361,0.2748657717,-0.3895962329,0.8213648864,0.4767980884,0.6746402767,0.2273364171,0.0980233062
26.285,11.40545779,-0.7185118969,-0.3939039502,0.2782309943,-0.3917323732,0.8194020185,0.4804859399,0.6714196679,0.2308667384,0.09771359365
26.32,11.39029096,-0.7149375115,-0.3959963931,0.281857017,-0.3939873151,0.81728134,0.4844268598,0.6679487887,0.2346693825,0.09738182884
26.355,11.37516441,-0.7113552637,-0.398056387,0.2854842799,-0.3961946162,0.8151534815,0.4883353847,0.6644751984,0.2384714479,0.09705335369
26.39,11.36007798,-0.7077649758,-0.4000843442,0.2891121071,-0.398353982,0.8130182922,0.4922110375,0.6609987435,0.2422717055,0.09672955107
26.425,11.34503152,-0.7041664988,-0.402080542,0.2927399381,-0.400465275,0.8108755887,0.4960535332,0.6575192203,0.2460691078,0.09641167184
26.46,11.33002487,-0.7005597253,-0.4040451269,0.2963673274,-0.4025285107,0.8087251655,0.4998627759,0.6540363933,0.2498627947,0.09610081196
26.495,11.31505786,-0.6969446028,-0.4059781199,0.2999939412,-0.4045438532,0.8065668064,0.5036388527,0.6505500132,0.2536520939,0.0957978929
26.53,11.30013034,-0.6933211446,-0.4078794252,0.3036195528,-0.4065116065,0.8044002953,0.5073820247,0.6470598351,0.257436519,0.09550364583
26.565,11.28524216,-0.6896894406,-0.409748841,0.3072440346,-0.4084322052,0.8022254279,0.5110927147,0.6435656372,0.261215763,0.09521859977
26.6,11.27039316,-0.686049665,-0.4115860714,0.3108673492,-0.410306203,0.800042022,0.5147714921,0.640067237,0.264989689,0.09494307396
26.635,11.25558318,-0.6824020832,-0.4133907409,0.3144895379,-0.4121342601,0.7978499281,0.5184190561,0.6365645077,0.2687583178,0.09467717449
26.67,11.24081207,-0.6787470562,-0.4151624095,0.318110708,-0.4139171287,0.7956490386,0.5220362171,0.6330573926,0.272521812,0.09442079543
26.705,11.22607969,-0.6750850435,-0.416900589,0.3217310188,-0.4156556392,0.7934392964,0.5256238758,0.6295459171,0.2762804589,0.09417362404
26.74,11.21138586,-0.6714166029,-0.4186047597,0.3253506667,-0.4173506845,0.7912207021,0.5291830026,0.6260301995,0.2800346502,0.09393515029
26.775,11.19673046,-0.6677423891,-0.4202743871,0.3289698699,-0.4190032052,0.7889933198,0.5327146152,0.6225104586,0.2837848612,0.09370468013
26.81,11.18211332,-0.6640631497,-0.4219089386,0.3325888524,-0.4206141742,0.7867572811,0.5362197574,0.6189870193,0.2875316282,0.09348135242
26.845,11.16753429,-0.6603797195,-0.4235078998,0.3362078287,-0.4221845827,0.7845127883,0.5396994774,0.6154603151,0.2912755259,0.09326415901
26.88,11.15299323,-0.6566930122,-0.425070789,0.3398269891,-0.4237154258,0.7822601152,0.5431548072,0.6119308879,0.2950171445,0.09305196755
26.915,11.13848999,-0.6530040115,-0.4265971716,0.343446485,-0.4252076899,0.7799996063,0.546586743,0.6083993858,0.2987570676,0.09284354658
26.95,11.12402442,-0.6493137596,-0.4280866721,0.3470664167,-0.4266623406,0.7777316743,0.5499962277,0.6048665573,0.3024958505,0.09263759224
26.985,11.10959637,-0.6456233453,-0.4295389846,0.3506868212,-0.4280803125,0.7754567965,0.5533841347,0.6013332432,0.3062340005,0.09243275625
27.02,11.0952057,-0.6419338901,-0.4309538812,0.3543076633,-0.4294624995,0.7731755085,0.5567512539,0.597800367,0.3099719587,0.09222767428
27.055,11.08085226,-0.6382465348,-0.4323312188,0.3579288272,-0.4308097473,0.7708883978,0.5600982804,0.5942689219,0.3137100837,0.09202099436
27.09,11.06653592,-0.6345624244,-0.4336709427,0.3615501115,-0.4321228474,0.7685960948,0.5634258056,0.590739957,0.3174486384,0.09181140464
27.125,11.05225652,-0.6308826937,-0.4349730892,0.3651712254,-0.4334025319,0.7662992637,0.5667343103,0.5872145615,0.3211877785,0.09159765996
27.16,11.03801392,-0.6272084531,-0.4362377844,0.368791788,-0.4346494707,0.7639985917,0.570024162,0.5836938481,0.3249275452,0.09137860668
27.195,11.02380798,-0.623540774,-0.4374652424,0.3724113294,-0.4358642694,0.7616947782,0.5732956128,0.5801789351,0.3286678596,0.09115320528
27.23,11.00963856,-0.6198806759,-0.4386557606,0.3760292948,-0.4370474694,0.7593885229,0.576548802,0.5766709287,0.332408521,0.09092055028
27.265,10.99550552,-0.6162291143,-0.4398097127,0.3796450499,-0.4381995483,0.757080514,0.5797837597,0.5731709047,0.336149208,0.09067988725
27.3,10.98140872,-0.6125869691,-0.4409275413,0.3832578891,-0.4393209222,0.7547714167,0.5830004136,0.5696798914,0.3398894823,0.09043062632
27.335,10.96734802,-0.6089550356,-0.4420097475,0.3868670458,-0.4404119486,0.752461861,0.5861985974,0.5661988522,0.3436287955,0.09017235225
27.37,10.95332327,-0.6053340159,-0.4430568804,0.390471703,-0.4414729304,0.7501524312,0.5893780613,0.5627286701,0.3473664991,0.08990483078
27.405,10.93933436,-0.6017245133,-0.4440695255,0.3940710073,-0.4425041205,0.7478436557,0.5925384844,0.5592701333,0.3511018555,0.08962801118
27.44,10.92538112,-0.5981270275,-0.4450482915,0.3976640824,-0.4435057268,0.745535997,0.5956794877,0.5558239228,0.3548340521,0.08934202511
27.475,10.91146344,-0.5945419521,-0.4459937986,0.4012500442,-0.4444779173,0.7432298441,0.5988006488,0.5523906012,0.358562217,0.08904718184
27.51,10.89758117,-0.5909695743,-0.4469066649,0.404828016,-0.4454208264,0.7409255056,0.6019015161,0.5489706049,0.3622854351,0.08874395999
27.545,10.88373418,-0.5874100758,-0.4477874944,0.408397144,-0.4463345598,0.7386232039,0.6049816249,0.5455642373,0.3660027665,0.08843299619
27.58,10.86992234,-0.5838635364,-0.448636865,0.4119566121,-0.4472192004,0.7363230716,0.6080405114,0.5421716657,0.3697132635,0.08811507077
27.615,10.8561455,-0.5803299383,-0.4494553173,0.415505657,-0.4480748134,0.7340251491,0.6110777278,0.5387929195,0.3734159894,0.08779109106
27.65,10.84240354,-0.5768091732,-0.4502433448,0.4190435809,-0.4489014511,0.7317293843,0.6140928557,0.5354278918,0.3771100355,0.08746207272
27.685,10.82869633,-0.5733010494,-0.4510013854,0.4225697643,-0.4496991572,0.7294356331,0.6170855189,0.5320763429,0.3807945377,0.08712911943
27.72,10.81502374,-0.5698053018,-0.4517298134,0.4260836763,-0.4504679708,0.7271436628,0.6200553942,0.5287379063,0.3844686919,0.08679340176
27.755,10.80138562,-0.5663216011,-0.4524289349,0.4295848833,-0.4512079296,0.7248531554,0.6230022212,0.5254120969,0.3881317677,0.0864561354
27.79,10.78778186,-0.5628495649,-0.4530989826,0.4330730556,-0.4519190724,0.722563714,0.6259258098,0.5220983208,0.3917831194,0.08611855977
27.825,10.77421233,-0.5593887692,-0.4537401145,0.4365479719,-0.452601441,0.7202748688,0.6288260461,0.5187958866,0.3954221962,0.08578191716
27.86,10.76067688,-0.555938759,-0.4543524125,0.4400095214,-0.4532550818,0.7179860852,0.6317028954,0.5155040185,0.399048548,0.08544743342
27.895,10.74717541,-0.5524990599,-0.4549358834,0.4434577027,-0.453880046,0.7156967718,0.6345564043,0.5122218692,0.4026618302,0.08511630057
27.93,10.73370777,-0.5490691878,-0.4554904615,0.4468926215,-0.4544763901,0.7134062892,0.6373866992,0.5089485335,0.4062618043,0.08478966213
27.965,10.72027384,-0.5456486582,-0.4560160118,0.4503144851,-0.4550441751,0.711113958,0.6401939837,0.5056830613,0.4098483368,0.08446860194
28,10.7068735,-0.5422369933,-0.456512335,0.453723594,-0.4555834657,0.7088190664,0.6429785331,0.5024244689,0.413421394,0.08415413707
28.035,10.69350662,-0.5388337263,-0.4569791726,0.4571203327,-0.4560943285,0.7065208764,0.6457406872,0.4991717488,0.4169810351,0.08384721608
28.07,10.68017307,-0.5354384022,-0.4574162137,0.460505157,-0.4565768304,0.7042186273,0.6484808414,0.495923875,0.4205274016,0.08354872333
28.105,10.66687273,-0.5320505733,-0.4578231011,0.4638785801,-0.4570310357,0.701911536,0.6511994354,0.4926798044,0.4240607047,0.08325949092
28.14,10.65360547,-0.5286697879,-0.4581994396,0.4672411574,-0.4574570038,0.6995987929,0.653896941,0.4894384711,0.4275812094,0.0829803195
28.175,10.64037118,-0.5252955678,-0.4585448063,0.4705934688,-0.4578547854,0.6972795515,0.6565738476,0.4861987729,0.4310892173,0.08271200974
28.21,10.62716973,-0.5219273728,-0.4588587651,0.4739361011,-0.4582244186,0.6949529112,0.6592306469,0.4829595488,0.4345850458,0.0824554054
28.245,10.61400099,-0.5185645441,-0.4591408936,0.4772696286,-0.4585659246,0.6926178936,0.6618678158,0.4797195466,0.4380690056,0.08221144784
28.28,10.60086485,-0.5152062213,-0.4593908329,0.4805945929,-0.4588793012,0.6902734152,0.664485798,0.4764773878,0.4415413758,0.08198123645
28.315,10.58776119,-0.511851227,-0.4596083862,0.4839114821,-0.4591645165,0.6879182707,0.6670849839,0.4732315472,0.4450023757,0.08176607709
28.35,10.57468988,-0.508497923,-0.4597937129,0.4872207091,-0.4594214987,0.6855511623,0.6696656874,0.4699803962,0.4484521329,0.08156747095
28.385,10.5616508,-0.505144077,-0.4599476959,0.4905225877,-0.4596501248,0.6831708582,0.6722281207,0.4667224215,0.4518906462,0.08138693233
28.42,10.54864384,-0.5017868701,-0.4600725909,0.4938173058,-0.4598502036,0.6807766534,0.6747723625,0.4634568519,0.4553177412,0.08122540691
28.455,10.53566888,-0.4984233798,-0.4601730176,0.4971048945,-0.4600214534,0.6783694212,0.6772983196,0.4601850716,0.4587330138,0.08108191459
28.49,10.5227258,-0.4950521552,-0.4602570059,0.5003851871,-0.4601634705,0.6759535102,0.6798056745,0.4569131479,0.462135755,0.08095109705
28.525,10.50981448,-0.4916764292,-0.4603358406,0.5036577618,-0.4602756846,0.6735390094,0.6822938128,0.4536547972,0.4655248469,0.08082035587
28.56,10.4969348,-0.4883078019,-0.4604203128,0.5069218555,-0.4603572969,0.6711418433,0.6847617165,0.4504313738,0.4688986084,0.08067001779
28.595,10.48408666,-0.4849656066,-0.4605127889,0.5101762217,-0.4604071915,0.6687777421,0.6872077992,0.4472636683,0.4722545592,0.08048177249
28.63,10.47126993,-0.4816677012,-0.4606017019,0.5134188864,-0.4604238172,0.6664515753,0.6896296429,0.4441577022,0.4755890444,0.08025325343
28.665,10.45848449,-0.4784193571,-0.4606672883,0.5166467043,-0.4604050397,0.6641531689,0.6920235673,0.4410994317,0.4788966177,0.08000395058
28.7,10.44573024,-0.4752125606,-0.460693965,0.5198545212,-0.4603480114,0.6618654751,0.6943839102,0.4380659071,0.4821690148,0.07976507813
28.735,10.43300706,-0.4720345733,-0.4606763582,0.5230335394,-0.4602492608,0.6595751249,0.6967018482,0.4350393454,0.4853934654,0.07956718925
28.77,10.42031484,-0.4688751894,-0.4606167947,0.5261681001,-0.4601057691,0.6572760263,0.6989636531,0.4320117748,0.4885501883,0.07943803688
28.805,10.40765346,-0.4657286578,-0.4605206345,0.5292297295,-0.4599197459,0.6549675087,0.7011492561,0.4289824375,0.4916102793,0.07940728324
28.84,10.39502282,-0.4625926498,-0.4603933627,0.5321696126,-0.4597158331,0.6526515211,0.7032376155,0.425954008,0.4945431438,0.07950284815
28.875,10.38242279,-0.4594667761,-0.4602395435,0.5349317813,-0.4595892917,0.6503308048,0.7052477066,0.4229301557,0.4973743277,0.07969551662
28.91,10.36985327,-0.4563515398,-0.460062711,0.537580475,-0.4597513058,0.6480080446,0.7073641426,0.4199144259,0.5003640302,0.07972154391
28.945,10.35731415,-0.4532477563,-0.4598655589,0.5404890707,-0.4602654511,0.6456855743,0.7099103613,0.4169098608,0.503972721,0.07911741815
28.98,10.34480531,-0.4501562722,-0.4596501617,0.5438623016,-0.4606983642,0.6433653244,0.7127616613,0.4139189406,0.5080291858,0.07805187358
29.015,10.33232666,-0.4470778454,-0.4594181479,0.5473788981,-0.4607833413,0.641048855,0.7155032814,0.4109436345,0.5119449458,0.07711141978
29.05,10.31987807,-0.444013102,-0.4591708187,0.5508069119,-0.4606382214,0.6387374073,0.7180360891,0.4079854754,0.5155758252,0.07643869935
29.085,10.30745945,-0.4409625296,-0.4589092242,0.5541188268,-0.4603927245,0.6364319513,0.7204228862,0.4050456286,0.519009135,0.0759452364
29.12,10.29507067,-0.4379264851,-0.4586342106,0.5573405744,-0.4601057811,0.6341332238,0.7227211396,0.4021249455,0.5223258457,0.07554920883
29.155,10.28271164,-0.434905207,-0.4583464485,0.5604962927,-0.4597989874,0.6318417571,0.7249628977,0.399224006,0.525571203,0.07520479105
29.19,10.27038225,-0.4318988307,-0.4580464497,0.5636016652,-0.4594796196,0.6295579005,0.7271646016,0.3963431501,0.5287683578,0.07488849205
29.225,10.2580824,-0.4289074021,-0.457734578,0.5666662321,-0.4591498814,0.6272818373,0.7293347874,0.3934825035,0.5319292321,0.07458826438
29.26,10.24581196,-0.4259308908,-0.4574110561,0.5696958288,-0.4588102632,0.6250135982,0.7314780892,0.390641998,0.5350601949,0.07429780708
29.295,10.23357085,-0.4229692033,-0.4570759714,0.5726941489,-0.4584607386,0.6227530735,0.7335971899,0.3878213906,0.5381648371,0.07401377234
29.33,10.22135895,-0.420022194,-0.4567292821,0.5756636583,-0.4581011824,0.6205000246,0.735693782,0.3850202805,0.5412453408,0.07373437865
29.365,10.20917616,-0.4170896765,-0.4563708231,0.5786061245,-0.4577315031,0.6182540954,0.7377690534,0.3822381264,0.5443031762,0.07345869737
29.4,10.19702238,-0.4141714339,-0.4560003144,0.5815229264,-0.4573516726,0.616014824,0.7398239428,0.3794742634,0.5473394664,0.0731862702
29.435,10.1848975,-0.4112672288,-0.4556173697,0.5844152382,-0.4569617195,0.6137816558,0.7418592748,0.376727921,0.5503551836,0.07291689536
29.47,10.17280143,-0.4083768118,-0.4552215075,0.587284139,-0.4565617104,0.6115539562,0.7438758333,0.3739982413,0.5533512553,0.07265050334
29.505,10.16073405,-0.4054999309,-0.4548121636,0.5901306781,-0.4561517315,0.6093310251,0.7458743992,0.3712842981,0.5563286194,0.07238708251
29.54,10.14869526,-0.4026363387,-0.4543887046,0.5929559111,-0.4557318706,0.6071121116,0.7478557684,0.3685851161,0.5592882504,0.07212663357
29.575,10.13668497,-0.3997858,-0.4539504432,0.5957609182,-0.4553022031,0.6048964298,0.7498207571,0.3658996907,0.5622311678,0.07186914151
29.61,10.12470307,-0.396948098,-0.4534966545,0.5985468105,-0.4548627801,0.6026831739,0.7517701996,0.3632270081,0.5651584331,0.07161455879
29.645,10.11274947,-0.39412304,-0.4530265931,0.6013147271,-0.4544136202,0.6004715353,0.7537049418,0.3605660647,0.5680711393,0.07136279602
29.68,10.10082406,-0.3913104622,-0.4525395102,0.604065827,-0.4539547032,0.5982607175,0.7556258306,0.3579158861,0.5709703959,0.07111371796
29.715,10.08892674,-0.3885102334,-0.4520346721,0.6068012767,-0.4534859657,0.5960499528,0.7575337025,0.3552755462,0.5738573105,0.0708671433
29.75,10.07705741,-0.3857222581,-0.4515113772,0.6095222349,-0.4530072998,0.5938385169,0.7594293703,0.3526441841,0.5767329685,0.07062284737
29.785,10.06521598,-0.3829464785,-0.4509689734,0.6122298361,-0.4525185524,0.5916257435,0.7613136098,0.3500210204,0.5795984124,0.07038056716
29.82,10.05340235,-0.3801828754,-0.4504068749,0.6149251726,-0.4520195265,0.589411038,0.7631871463,0.3474053718,0.5824546203,0.07014000794
29.855,10.04161641,-0.3774314687,-0.449824577,0.6176092772,-0.4515099842,0.5871938893,0.7650506422,0.3447966636,0.5853024851,0.06990085126
29.89,10.02985808,-0.3746923164,-0.4492216702,0.6202831055,-0.4509896499,0.5849738806,0.7669046846,0.3421944409,0.5881427953,0.06966276377
29.925,10.01812725,-0.3719655134,-0.4485978526,0.62294752,-0.4504582157,0.5827506984,0.7687497751,0.3395983765,0.5909762168,0.06942540674
29.96,10.00642383,-0.369251189,-0.4479529402,0.625603275,-0.4499153469,0.5805241401,0.7705863203,0.3370082772,0.5938032771,0.06918844572
29.995,9.994747725,-0.3665495044,-0.447286875,0.6282510037,-0.4493606886,0.5782941187,0.7724146245,0.3344240877,0.5966243521,0.0689515602
30.03,9.983098834,-0.3638606491,-0.4465997309,0.6308912072,-0.4487938726,0.5760606666,0.7742348839,0.3318458916,0.5994396554,0.06871445299
30.065,9.971477066,-0.3611848369,-0.4458917173,0.6335242465,-0.4482145248,0.5738239364,0.7760471836,0.32927391,0.6022492311,0.06847685893
30.1,9.959882326,-0.3585223019,-0.4451631801,0.6361503361,-0.4476222729,0.5715842002,0.7778514957,0.3267084979,0.6050529494,0.06823855277
30.135,9.948314518,-0.3558732936,-0.4444146001,0.6387695416,-0.4470167544,0.5693418463,0.7796476807,0.3241501379,0.607850506,0.06799935605
30.17,9.93677355,-0.3532380728,-0.4436465891,0.6413817793,-0.4463976238,0.5670973744,0.7814354902,0.3215994321,0.6106414254,0.06775914259
30.205,9.925259328,-0.3506169063,-0.442859883,0.6439868191,-0.4457645604,0.5648513883,0.7832145724,0.3190570909,0.6134250665,0.06751784264
30.24,9.913771759,-0.3480100625,-0.4420553335,0.6465842901,-0.4451172754,0.5626045871,0.7849844795,0.3165239215,0.6162006331,0.06727544545
30.275,9.902310751,-0.3454178067,-0.441233897,0.6491736894,-0.4444555184,0.5603577545,0.786744677,0.314000813,0.6189671868,0.06703200014
30.31,9.890876212,-0.3428403969,-0.4403966213,0.6517543927,-0.4437790834,0.5581117467,0.788494555,0.3114887218,0.6217236633,0.0667876149
30.345,9.879468051,-0.3402780791,-0.4395446316,0.6543256685,-0.4430878138,0.555867479,0.7902334409,0.3089886542,0.6244688912,0.06654245459
30.38,9.868086175,-0.3377310839,-0.4386791135,0.6568866929,-0.4423816072,0.5536259114,0.7919606138,0.3065016497,0.6272016137,0.06629673654
30.415,9.856730495,-0.335199623,-0.4378012966,0.6594365679,-0.4416604187,0.5513880327,0.7936753193,0.3040287626,0.6299205125,0.06605072496
30.45,9.84540092,-0.3326838856,-0.4369124353,0.6619743399,-0.4409242629,0.549154845,0.7953767863,0.3015710438,0.6326242323,0.06580472392
30.485,9.834097359,-0.3301840356,-0.436013791,0.66449902,-0.4401732159,0.5469273474,0.7970642431,0.2991295234,0.6353114076,0.06555906908
30.52,9.822819725,-0.3277002099,-0.4351066126,0.6670096048,-0.4394074153,0.544706519,0.7987369339,0.2967051919,0.6379806896,0.06531411856
30.555,9.811567927,-0.3252325152,-0.4341921177,0.6695050975,-0.4386270596,0.5424933032,0.800394136,0.294298984,0.640630773,0.06507024299
30.59,9.800341876,-0.3227810274,-0.4332714744,0.6719845285,-0.4378324063,0.5402885916,0.8020351754,0.2919117622,0.6432604226,0.0648278152
30.625,9.789141486,-0.3203457897,-0.4323457835,0.6744469765,-0.437023769,0.5380932089,0.803659442,0.2895443015,0.6458684988,0.06458719977
30.66,9.777966667,-0.3179268119,-0.4314160618,0.6768915868,-0.4362015141,0.5359078989,0.8052664039,0.2871972761,0.6484539812,0.06434874269
30.695,9.766817332,-0.3155240695,-0.4304832273,0.6793175904,-0.4353660555,0.5337333112,0.8068556197,0.2848712475,0.651015991,0.06411276155
30.73,9.755693394,-0.313137504,-0.4295480852,0.6817243194,-0.43451785,0.5315699896,0.8084267497,0.2825666539,0.6535538096,0.06387953647
30.765,9.744594767,-0.3107670223,-0.4286113161,0.6841112213,-0.4336573906,0.5294183624,0.8099795649,0.2802838024,0.6560668956,0.06364930199
30.8,9.733521364,-0.3084124974,-0.4276734665,0.686477871,-0.4327852006,0.5272787332,0.8115139538,0.2780228625,0.6585548973,0.06342224025
30.835,9.722473099,-0.3060737689,-0.426734941,0.6888239797,-0.4319018263,0.5251512752,0.8130299272,0.2757838619,0.6610176626,0.06319847559
30.87,9.711449887,-0.3037506441,-0.425795997,0.6911494013,-0.4310078299,0.5230360264,0.8145276204,0.2735666849,0.6634552444,0.0629780707
30.905,9.700451642,-0.3014428989,-0.4248567422,0.6934541362,-0.4301037827,0.5209328869,0.8160072934,0.2713710726,0.6658679029,0.06276102449
30.94,9.689478281,-0.2991502794,-0.4239171334,0.6957383313,-0.4291902573,0.518841619,0.8174693283,0.2691966257,0.6682561026,0.0625472717
30.975,9.678529718,-0.2968725036,-0.4229769795,0.6980022783,-0.4282678212,0.5167618491,0.8189142246,0.2670428086,0.6706205072,0.06233668416
31.01,9.667605869,-0.2946092638,-0.4220359452,0.7002464078,-0.4273370298,0.5146930711,0.8203425923,0.2649089574,0.6729619688,0.06212907386
31.045,9.656706652,-0.2923602281,-0.4210935581,0.7024712819,-0.4263984204,0.5126346532,0.8217551429,0.2627942877,0.6752815148,0.06192419747
31.08,9.645831982,-0.290125044,-0.4201492176,0.7046775832,-0.4254525063,0.5105858461,0.8231526781,0.2606979062,0.6775803314,0.0617217624
31.115,9.634981777,-0.2879033406,-0.419202206,0.7068661025,-0.4244997716,0.5085457925,0.8245360774,0.2586188231,0.6798597429,0.06152143407
31.15,9.624155955,-0.285694732,-0.4182517018,0.7090377234,-0.423540667,0.5065135398,0.8259062839,0.256555966,0.6821211898,0.06132284427
31.185,9.613354433,-0.2834988213,-0.4172967938,0.7111934062,-0.4225756061,0.5044880532,0.827264289,0.2545081958,0.6843662039,0.06112560028
31.22,9.60257713,-0.2813152036,-0.416336498,0.7133341701,-0.4216049619,0.5024682312,0.8286111163,0.2524743233,0.6865963821,0.0609292946
31.255,9.591823964,-0.2791434709,-0.4153697742,0.7154610737,-0.4206290651,0.5004529215,0.8299478046,0.2504531267,0.6888133583,0.06073351499
31.29,9.581094855,-0.2769832161,-0.4143955449,0.7175751962,-0.4196482022,0.498440939,0.8312753911,0.2484433696,0.6910187759,0.06053785447
31.325,9.570389721,-0.2748340376,-0.4134127139,0.7196776178,-0.4186626148,0.496431083,0.8325948946,0.2464438202,0.6932142586,0.06034192122
31.36,9.559708482,-0.2726955443,-0.4124201853,0.7217693997,-0.4176724993,0.4944221568,0.8339072988,0.2444532691,0.695401383,0.06014534788
31.395,9.549051059,-0.2705673606,-0.4114168833,0.7238515658,-0.4166780075,0.4924129857,0.8352135363,0.2424705485,0.6975816512,0.05994780025
31.43,9.538417372,-0.2684491317,-0.4104017704,0.7259250848,-0.4156792475,0.4904024362,0.8365144742,0.2404945495,0.6997564655,0.05974898503
31.465,9.527807341,-0.2663405283,-0.4093738663,0.7279908534,-0.4146762852,0.4883894342,0.8378109,0.2385242394,0.7019271041,0.05954865646
31.5,9.517220889,-0.2642412527,-0.4083322648,0.7300496816,-0.4136691462,0.4863729825,0.8391035098,0.2365586781,0.7040947001,0.05934662182
31.535,9.506657936,-0.2621510429,-0.4072761505,0.7321022795,-0.412657818,0.4843521777,0.8403928977,0.2345970321,0.7062602225,0.05914274544
31.57,9.496118404,-0.2600696788,-0.4062048132,0.7341492466,-0.4116422527,0.4823262258,0.8416795474,0.2326385881,0.7084244605,0.05893695137
31.605,9.485602215,-0.2579969858,-0.4051176613,0.7361910628,-0.4106223694,0.4802944557,0.8429638256,0.2306827642,0.7105880113,0.05872922455
31.64,9.475109292,-0.2559328401,-0.4040142327,0.7382280825,-0.4095980577,0.4782563318,0.8442459775,0.2287291189,0.7127512706,0.05851961049
31.675,9.464639558,-0.2538771724,-0.4028942046,0.7402605305,-0.4085691799,0.4762114644,0.8455261248,0.2267773588,0.7149144278,0.05830821342
31.71,9.454192936,-0.2518299712,-0.4017574,0.7422885014,-0.4075355747,0.4741596175,0.8468042654,0.2248273428,0.717077464,0.05809519319
31.745,9.44376935,-0.2497912859,-0.4006037925,0.7443119605,-0.4064970599,0.472100715,0.8480802758,0.2228790851,0.7192401543,0.05788076064
31.78,9.433368722,-0.247761229,-0.399433509,0.7463307477,-0.4054534356,0.4700348441,0.8493539153,0.2209327547,0.7214020734,0.05766517196
31.815,9.422990979,-0.2457399771,-0.3982468293,0.7483445835,-0.4044044869,0.4679622564,0.8506248319,0.2189886734,0.7235626047,0.0574487219
31.85,9.412636044,-0.2437277713,-0.3970441843,0.7503530775,-0.4033499871,0.4658833661,0.8518925713,0.2170473108,0.7257209531,0.05723173612
31.885,9.402303842,-0.2417249169,-0.3958261507,0.7523557384,-0.4022897005,0.4637987462,0.853156586,0.215109277,0.7278761602,0.05701456285
31.92,9.391994298,-0.2397317813,-0.3945934443,0.7543519855,-0.401223385,0.4617091219,0.8544162467,0.2131753133,0.7300271226,0.05679756409
31.955,9.381707338,-0.2377487912,-0.3933469114,0.7563411626,-0.400150795,0.4596153614,0.8556708555,0.2112462805,0.732172613,0.05658110653
31.99,9.371442888,-0.2357764289,-0.3920875171,0.7583225519,-0.3990716844,0.4575184647,0.856919659,0.2093231455,0.7343113021,0.05636555242
32.025,9.361200874,-0.2338152265,-0.3908163331,0.7602953892,-0.3979858089,0.4554195498,0.8581618629,0.2074069663,0.736441783,0.05615125068
32.06,9.350981223,-0.2318657599,-0.3895345228,0.7622588795,-0.3968929291,0.4533198375,0.8593966468,0.205498875,0.7385625966,0.05593852837
32.095,9.34078386,-0.2299286408,-0.3882433261,0.7642122127,-0.3957928133,0.4512206335,0.8606231795,0.2036000601,0.7406722571,0.05572768284
32.13,9.330608715,-0.2280045081,-0.3869440423,0.7661545789,-0.3946852404,0.44912331,0.8618406336,0.2017117476,0.7427692778,0.05551897468
32.165,9.320455713,-0.2260940178,-0.3856380123,0.7680851838,-0.393570003,0.4470292848,0.8630482008,0.1998351814,0.7448521968,0.05531262173
32.2,9.310324783,-0.2241978321,-0.3843266007,0.7700032624,-0.3924469106,0.4449400004,0.8642451052,0.1979716039,0.7469196018,0.05510879427
32.235,9.300215852,-0.2223166077,-0.3830111767,0.7719080924,-0.391315793,0.4428569018,0.8654306171,0.1961222355,0.748970153,0.05490761147
32.27,9.29012885,-0.2204509831,-0.3816930955,0.7737990059,-0.3901765037,0.4407814142,0.866604065,0.1942882551,0.7510026055,0.05470913935
32.305,9.280063705,-0.2186015653,-0.3803736804,0.7756753996,-0.3890289235,0.43871492,0.8677648465,0.1924707811,0.7530158288,0.05451339017
32.34,9.270020346,-0.2167689169,-0.3790542038,0.7775367435,-0.3878729643,0.4366587372,0.8689124374,0.1906708527,0.7550088239,0.05432032333
32.375,9.259998703,-0.2149535418,-0.3777358707,0.7793825881,-0.3867085729,0.4346140968,0.8700464005,0.1888894132,0.756980739,0.0541298478
32.41,9.249998704,-0.2131558721,-0.376419802,0.7812125692,-0.3855357345,0.432582123,0.871166391,0.1871272931,0.7589308809,0.05394182599
32.445,9.24002028,-0.2113762548,-0.375107019,0.783026411,-0.3843544769,0.4305638127,0.8722721618,0.1853851968,0.7608587243,0.05375607894
32.48,9.230063362,-0.2096149392,-0.3737984298,0.784823928,-0.3831648737,0.4285600178,0.873363566,0.1836636889,0.7627639183,0.05357239281
32.515,9.220127879,-0.2078720657,-0.3724948165,0.7866050243,-0.3819670474,0.426571429,0.8744405581,0.181963184,0.7646462896,0.05339052637
32.55,9.210213763,-0.206147655,-0.3711968246,0.7883696922,-0.380761173,0.4245985612,0.8755031939,0.1802839382,0.7665058425,0.05321021933
32.585,9.200320945,-0.2044415992,-0.3699049537,0.7901180083,-0.3795474797,0.4226417422,0.8765516279,0.1786260422,0.7683427564,0.05303120136
32.62,9.190449356,-0.2027536554,-0.3686195503,0.7918501292,-0.3783262532,0.4207011025,0.8775861103,0.1769894176,0.770157381,0.0528532014
32.655,9.180598928,-0.2010834399,-0.3673408025,0.7935662855,-0.3770978366,0.4187765693,0.8786069815,0.175373815,0.7719502279,0.05267595711
32.69,9.170769593,-0.1994304262,-0.3660687362,0.7952667757,-0.3758626304,0.4168678621,0.8796146664,0.1737788145,0.7737219614,0.05249922415
32.725,9.160961283,-0.1977939444,-0.364803214,0.7969519581,-0.3746210916,0.4149744924,0.8806096671,0.1722038294,0.7754733858,0.05232278489
32.76,9.151173932,-0.1961731841,-0.3635439356,0.798622244,-0.3733737318,0.4130957652,0.8815925546,0.1706481113,0.7772054323,0.05214645649
32.795,9.141407471,-0.1945671998,-0.3622904402,0.8002780894,-0.3721211141,0.4112307847,0.8825639602,0.1691107583,0.7789191439,0.05197009783
32.83,9.131661834,-0.1929749192,-0.3610421109,0.8019199871,-0.370863848,0.4093784622,0.8835245664,0.1675907253,0.7806156595,0.05179361526
32.865,9.121936954,-0.191395155,-0.3597981811,0.8035484595,-0.3696025838,0.4075375277,0.8844750967,0.1660868365,0.7822961968,0.05161696676
32.9,9.112232766,-0.1898266193,-0.3585577424,0.8051640514,-0.3683380048,0.4057065442,0.8854163063,0.1645978,0.7839620355,0.05144016451
32.935,9.102549203,-0.1882679407,-0.3573197549,0.8067673232,-0.3670708188,0.4038839248,0.8863489718,0.1631222247,0.7856144998,0.05126327551
32.97,9.0928862,-0.1867176849,-0.3560830582,0.8083588451,-0.365801748,0.4020679522,0.8872738818,0.1616586382,0.7872549413,0.05108642045
33.005,9.08324369,-0.1851743776,-0.3548463853,0.8099391924,-0.3645315169,0.4002568017,0.8881918274,0.1602055073,0.7888847222,0.05090977048
33.04,9.07362161,-0.1836365288,-0.3536083768,0.8115089408,-0.3632608403,0.3984485649,0.889103593,0.1587612588,0.790505199,0.05073354214
33.075,9.064019894,-0.1821026605,-0.3523675972,0.8130686629,-0.3619904093,0.3966412769,0.8900099477,0.1573243025,0.792117707,0.05055799046
33.11,9.054438478,-0.1805713345,-0.3511225526,0.814618926,-0.3607208772,0.3948329442,0.8909116375,0.1558930538,0.7937235458,0.05038340038
33.145,9.044877297,-0.1790411819,-0.3498717092,0.8161602896,-0.3594528443,0.3930215741,0.8918093774,0.1544659577,0.7953239656,0.05021007668
33.18,9.035336287,-0.1775109323,-0.3486135129,0.8176933045,-0.358186843,0.391205205,0.8927038449,0.1530415124,0.7969201547,0.05003833284
33.215,9.025815385,-0.1759794434,-0.3473464101,0.8192185115,-0.3569233227,0.3893819374,0.8935956736,0.1516182931,0.7985132279,0.04986847896
33.25,9.016314526,-0.1744457291,-0.3460688691,0.8207364411,-0.3556626356,0.387549964,0.8944854477,0.1501949746,0.8001042161,0.04970080932
33.285,9.006833649,-0.1729089861,-0.3447794016,0.8222476129,-0.3544050223,0.3857076007,0.8953736967,0.1487703533,0.8016940568,0.04953558993
33.32,8.997372689,-0.1713686175,-0.3434765851,0.8237525353,-0.3531506003,0.3838533151,0.8962608917,0.1473433675,0.803283586,0.0493730465
33.355,8.987931584,-0.1698242545,-0.3421590845,0.8252517045,-0.3518993525,0.3819857544,0.8971474406,0.1459131165,0.8048735301,0.04921335335
33.39,8.978510273,-0.1682757728,-0.3408256748,0.8267456035,-0.3506511188,0.3801037704,0.8980336853,0.1444788763,0.8064644999,0.04905662376
33.425,8.969108691,-0.1667233056,-0.3394752611,0.8282347001,-0.3494055896,0.378206443,0.8989198988,0.1430401135,0.8080569844,0.04890290207
33.46,8.959726778,-0.1651672509,-0.3381068996,0.8297194446,-0.3481623025,0.3762930989,0.8998062822,0.1415964963,0.8096513456,0.04875215813
33.495,8.950364472,-0.1636082735,-0.336719816,0.8312002662,-0.3469206415,0.3743633284,0.9006929632,0.1401479017,0.811247814,0.04860428432
33.53,8.941021712,-0.1620473011,-0.3353134229,0.8326775687,-0.34567984,0.3724169966,0.9015799938,0.1386944194,0.8128464852,0.04845909544
33.565,8.931698436,-0.1604855138,-0.3338873344,0.8341517249,-0.3444389873,0.3704542512,0.9024673491,0.1372363522,0.8144473161,0.04831633169
33.6,8.922394583,-0.1589243281,-0.3324413785,0.8356230704,-0.3431970384,0.3684755246,0.9033549264,0.1357742122,0.816050123,0.0481756648
33.635,8.913110094,-0.1573653741,-0.3309756072,0.8370918962,-0.3419528279,0.3664815323,0.9042425445,0.1343087135,0.8176545793,0.04803670723
33.67,8.903844906,-0.1558104665,-0.3294903023,0.8385584405,-0.3407050877,0.3644732648,0.9051299437,0.1328407608,0.8192602149,0.04789902433
33.705,8.894598962,-0.1542615712,-0.3279859785,0.8400228798,-0.3394524677,0.3624519754,0.906016786,0.1313714344,0.8208664165,0.0477621491
33.74,8.885372199,-0.152720765,-0.326463383,0.8414853202,-0.3381935602,0.3604191623,0.9069026565,0.1299019725,0.8224724283,0.04762559916
33.775,8.87616456,-0.1511901932,-0.3249234906,0.8429457876,-0.3369269276,0.3583765468,0.907787065,0.1284337493,0.8240773554,0.04748889535
33.81,8.866975983,-0.1496720215,-0.3233674954,0.8444042192,-0.3356511314,0.3563260461,0.908669449,0.1269682511,0.8256801675,0.04735158137
33.845,8.857806412,-0.1481683877,-0.3217967989,0.845860455,-0.3343647652,0.3542697431,0.9095491771,0.1255070509,0.8272797055,0.04721324364
33.88,8.848655785,-0.1466813498,-0.3202129936,0.8473142305,-0.3330664866,0.3522098517,0.9104255542,0.1240517797,0.8288746897,0.0470735306
33.915,8.839524045,-0.1452128358,-0.3186178445,0.8487651715,-0.3317550519,0.3501486806,0.9112978277,0.1226040985,0.8304637308,0.04693217074
33.95,8.830411134,-0.1437645934,-0.3170132656,0.8502127899,-0.3304293489,0.3480885935,0.9121651949,0.1211656689,0.8320453428,0.04678898828
33.985,8.821316993,-0.1423381425,-0.3154012954,0.8516564833,-0.3290884295,0.3460319695,0.9130268123,0.1197381239,0.83361796,0.04664391603
34.02,8.812241564,-0.1409347308,-0.3137840682,0.8530955362,-0.3277315394,0.343981162,0.9138818063,0.1183230398,0.8351799558,0.04649700436
34.055,8.803184789,-0.1395552945,-0.312163785,0.8545291254,-0.3263581454,0.3419384577,0.9147292852,0.1169219089,0.8367296652,0.04634842598
34.09,8.794146612,-0.1382004251,-0.3105426812,0.8559563285,-0.3249679579,0.3399060375,0.9155683535,0.1155361144,0.8382654099,0.04619847576
34.125,8.785126974,-0.1368703428,-0.3089229947,0.8573761368,-0.3235609483,0.3378859384,0.916398127,0.1141669074,0.8397855271,0.0460475655
34.16,8.77612582,-0.1355648783,-0.3073069315,0.8587874715,-0.3221373606,0.3358800179,0.9172177496,0.1128153864,0.8412884003,0.04589621333
34.195,8.767143091,-0.134283464,-0.3056966328,0.8601892043,-0.3206977158,0.333889922,0.9180264114,0.11148248,0.8427724921,0.04574502788
34.23,8.758178732,-0.1330251346,-0.3040941404,0.8615801816,-0.3192428079,0.3319170569,0.918823367,0.1101689327,0.8442363797,0.0455946876
34.265,8.749232686,-0.1317885389,-0.3025013631,0.8629592525,-0.317773692,0.329962564,0.919607955,0.1088752936,0.8456787909,0.04544591547
34.3,8.740304898,-0.1305719628,-0.3009200437,0.8643252993,-0.316291664,0.3280273009,0.9203796172,0.1076019101,0.8470986398,0.0452994501
34.335,8.731395311,-0.1293733644,-0.2993517264,0.8656772709,-0.3147982294,0.3261118267,0.9211379172,0.1063489235,0.8484950625,0.04515601396
34.37,8.72250387,-0.1281904215,-0.2977977251,0.8670142173,-0.3132950651,0.3242163926,0.921882558,0.1051162693,0.8498674508,0.0450162799
34.405,8.713630519,-0.1270205915,-0.2962590931,0.8683353256,-0.3117839702,0.3223409389,0.9226133978,0.1039036809,0.8512154818,0.04488083731
34.44,8.704775203,-0.1258611843,-0.2947365934,0.8696399542,-0.3102668104,0.3204850967,0.9233304629,0.1027106972,0.8525391436,0.04475015916
34.475,8.695937868,-0.1247094472,-0.293230672,0.8709276663,-0.3087454536,0.3186481967,0.9240339578,0.1015366732,0.8538387551,0.04462457165
34.51,8.687118458,-0.1235626632,-0.2917414316,0.8721982599,-0.3072216998,0.3168292832,0.924724271,0.1003807947,0.8551149774,0.04450422795
34.545,8.67831692,-0.1224182597,-0.2902686089,0.873451793,-0.3056972063,0.3150271348,0.9254019757,0.09924209564,0.8563688166,0.04438908774
34.58,8.669533198,-0.1212739286,-0.2888115544,0.8746886033,-0.3041734103,0.3132402907,0.9260678249,0.09811947971,0.8576016162,0.04427890406
34.615,8.66076724,-0.1201277563,-0.2873692159,0.8759093196,-0.3026514505,0.3114670834,0.9267227399,0.09701174406,0.8588150366,0.04417321932
34.65,8.65201899,-0.1189783601,-0.2859401268,0.8771148648,-0.3011320902,0.3097056768,0.9273677921,0.09591760626,0.8600110218,0.04407137192
34.685,8.643288396,-0.1178250316,-0.2845223994,0.8783064476,-0.299615646,0.3079541099,0.9280041763,0.09483573382,0.8611917513,0.04397251492
34.72,8.634575403,-0.1166678822,-0.2831137245,0.8794855428,-0.298101922,0.3062103456,0.9286331761,0.09376477575,0.8623595758,0.04387564841
34.755,8.62587996,-0.1155079884,-0.281711378,0.8806538575,-0.2965901563,0.3044723237,0.9292561205,0.09270339587,0.8635169376,0.04377966655
34.79,8.617202012,-0.1143475332,-0.2803122348,0.8818132839,-0.2950789795,0.3027380176,0.9298743312,0.09165030732,0.8646662719,0.04368342079
34.825,8.608541508,-0.113189939,-0.2789127912,0.8829658356,-0.2935663911,0.3010054939,0.9304890611,0.09060430738,0.8658098928,0.04358579985
34.86,8.599898394,-0.1120399876,-0.2775091948,0.884113568,-0.2920497548,0.2992729724,0.9311014232,0.08956431201,0.8669498603,0.04348582766
34.895,8.591272618,-0.1109039225,-0.2760972818,0.8852584824,-0.2905258182,0.2975388866,0.9317123116,0.08852938902,0.8680878317,0.04338277933
34.93,8.582664128,-0.1097895276,-0.2746726206,0.8864024127,-0.2889907581,0.295801942,0.9323223131,0.0874987889,0.8692248954,0.04327631568
34.965,8.574072873,-0.1087061785,-0.2732305601,0.8875468954,-0.2874402554,0.2940611708,0.9329316116,0.0864719722,0.870361392,0.04316663585
35,8.5654988,-0.1076648602,-0.2717662786,0.8886930241,-0.2858696023,0.2923159802,0.933539887,0.0854486323,0.8714967205,0.04305464717
