f_THz,lam_um,Re_S11,Im_S11,Re_S21,Im_S21,absS11,absS21,absS11_cross,absS21_cross,R_total,T_total,A,R_higher,T_higher
10,29.9792458,-0.03883344335,0.1943336414,0.9600132262,0.1879022112,0.1981756809,0.9782293368,3.34812458e-06,3.035559197e-06,0.03927360051,0.9569326354,0.003793764062,0,0
10.024,29.90746788,-0.03907224104,0.1949095156,0.9597903521,0.1884653663,0.1987872212,0.9781189673,3.421267726e-06,3.105719061e-06,0.03951635932,0.9567167143,0.003766926414,0,0
10.048,29.83603284,-0.03931362905,0.1954853699,0.9595607572,0.1890277411,0.1993993262,0.9780022155,3.495283746e-06,3.177005428e-06,0.03976009129,0.9564883336,0.003751575103,0,0
10.072,29.76493824,-0.03955749854,0.1960612806,0.959324975,0.189589429,0.2000120533,0.9778796241,3.570070675e-06,3.249336709e-06,0.04000482147,0.9562485593,0.003746619275,0,0
10.096,29.69418166,-0.03980374528,0.1966373231,0.9590835119,0.1901505286,0.2006254595,0.97775171,3.645515789e-06,3.322621165e-06,0.04025057501,0.9559984064,0.003751018614,0,0
10.12,29.62376067,-0.04005226969,0.1972135715,0.9588368473,0.1907111434,0.2012396012,0.9776189647,3.72149521e-06,3.39675635e-06,0.04049737709,0.9557388401,0.003763782851,0,0
10.144,29.55367291,-0.04030297681,0.1977900983,0.9585854344,0.1912713803,0.201854534,0.9774818545,3.797873586e-06,3.471628593e-06,0.04074525292,0.9554707759,0.003783971179,0,0
10.168,29.48391601,-0.04055577635,0.1983669747,0.9583297001,0.1918313494,0.202470313,0.9773408212,3.874503889e-06,3.54711256e-06,0.04099422766,0.9551950807,0.003810691597,0,0
10.192,29.41448764,-0.04081058258,0.1989442704,0.9580700464,0.192391163,0.2030869922,0.9771962819,3.951227323e-06,3.623070898e-06,0.0412443264,0.9549125734,0.003843100187,0,0
10.216,29.34538547,-0.04106731442,0.1995220534,0.9578068502,0.192950935,0.2037046246,0.9770486301,4.027873398e-06,3.699353995e-06,0.04149557411,0.9546240256,0.00388040032,0,0
10.24,29.27660723,-0.04132589535,0.2001003897,0.9575404641,0.1935107805,0.2043232625,0.9768982355,4.104260155e-06,3.775799869e-06,0.0417479956,0.9543301626,0.003921841814,0,0
10.264,29.20815062,-0.04158625335,0.2006793438,0.9572712172,0.1940708146,0.2049429567,0.9767454451,4.180194594e-06,3.852234226e-06,0.04200161551,0.9540316645,0.00396672002,0,0
10.288,29.14001341,-0.04184832093,0.2012589781,0.9569994156,0.1946311524,0.2055637571,0.976590583,4.2554733e-06,3.928470688e-06,0.04225645824,0.9537291669,0.004014374876,0,0
10.312,29.07219337,-0.04211203501,0.201839353,0.9567253426,0.1951919082,0.2061857122,0.9764339518,4.329883303e-06,4.004311235e-06,0.04251254793,0.9534232622,0.004064189904,0,0
10.336,29.00468827,-0.04237733691,0.2024205269,0.95644926,0.1957531951,0.2068088692,0.9762758321,4.403203166e-06,4.07954687e-06,0.04276990841,0.9531145004,0.00411559117,0,0
10.36,28.93749595,-0.04264417225,0.2030025561,0.9561714086,0.1963151241,0.2074332741,0.9761164841,4.475204322e-06,4.153958527e-06,0.04302856321,0.9528033906,0.004168046207,0,0
10.384,28.87061421,-0.04291249089,0.2035854945,0.9558920084,0.1968778045,0.2080589711,0.9759561474,4.545652644e-06,4.227318234e-06,0.04328853548,0.9524904016,0.004221062904,0,0
10.408,28.80404093,-0.04318224687,0.2041693942,0.9556112598,0.1974413424,0.2086860033,0.9757950418,4.614310266e-06,4.299390545e-06,0.04354984799,0.9521759636,0.004274188367,0,0
10.432,28.73777396,-0.04345339832,0.2047543045,0.9553293442,0.1980058415,0.209314412,0.9756333682,4.680937612e-06,4.369934227e-06,0.04381252307,0.9518604692,0.004327007755,0,0
10.456,28.67181121,-0.04372590737,0.2053402728,0.9550464244,0.1985714016,0.2099442369,0.9754713088,4.745295626e-06,4.438704209e-06,0.04407658264,0.9515442743,0.004379143093,0,0
10.48,28.60615057,-0.04399974007,0.2059273439,0.9547626455,0.1991381191,0.2105755164,0.9753090278,4.807148163e-06,4.50545376e-06,0.04434204812,0.9512276998,0.004430252064,0,0
10.504,28.54078998,-0.04427486627,0.2065155603,0.9544781358,0.1997060864,0.2112082868,0.9751466724,4.866264508e-06,4.56993688e-06,0.04460894045,0.9509110328,0.004480026791,0,0
10.528,28.47572739,-0.04455125955,0.207104962,0.9541930072,0.2002753914,0.2118425831,0.9749843729,4.922421955e-06,4.63191086e-06,0.04487728005,0.9505945273,0.004528192603,0,0
10.552,28.41096077,-0.04482889712,0.2076955868,0.9539073557,0.2008461179,0.2124784384,0.9748222435,4.97540841e-06,4.691138963e-06,0.0451470868,0.9502784064,0.004574506791,0,0
10.576,28.34648809,-0.04510775969,0.2082874696,0.9536212629,0.2014183446,0.2131158839,0.9746603832,5.025024938e-06,4.74739317e-06,0.04541838001,0.9499628626,0.004618757359,0,0
10.6,28.28230736,-0.04538783137,0.2088806434,0.9533347958,0.2019921456,0.2137549495,0.9744988762,5.071088204e-06,4.800456927e-06,0.04569117844,0.9496480598,0.004660761768,0,0
10.624,28.2184166,-0.04566909958,0.2094751383,0.953048008,0.2025675897,0.2143956628,0.9743377926,5.113432737e-06,4.850127831e-06,0.04596550024,0.9493341341,0.004700365683,0,0
10.648,28.15481386,-0.04595155492,0.2100709821,0.9527609404,0.2031447408,0.21503805,0.9741771889,5.151912948e-06,4.896220163e-06,0.04624136296,0.9490211953,0.004737441713,0,0
10.672,28.09149719,-0.04623519104,0.2106682003,0.9524736216,0.2037236573,0.2156821353,0.9740171088,5.186404863e-06,4.938567232e-06,0.04651878352,0.9487093283,0.004771888163,0,0
10.696,28.02846466,-0.04652000455,0.2112668156,0.9521860686,0.2043043922,0.2163279413,0.973857584,5.216807506e-06,4.977023427e-06,0.04679777822,0.948398594,0.004803627781,0,0
10.72,27.96571437,-0.0468059949,0.2118668486,0.951898288,0.2048869931,0.2169754887,0.9736986344,5.243043905e-06,5.011465943e-06,0.04707836273,0.9480890308,0.004832606523,0,0
10.744,27.90324442,-0.04709316424,0.2124683174,0.951610276,0.2054715022,0.2176247964,0.9735402691,5.265061688e-06,5.041796125e-06,0.04736055204,0.9477806556,0.004858792313,0,0
10.768,27.84105293,-0.04738151733,0.2130712376,0.9513220193,0.206057956,0.2182758816,0.9733824868,5.282833271e-06,5.06794039e-06,0.04764436051,0.9474734657,0.004882173826,0,0
10.792,27.77913807,-0.04767106137,0.2136756227,0.9510334958,0.2066463857,0.2189287597,0.9732252765,5.296355618e-06,5.089850703e-06,0.04792980185,0.9471674389,0.004902759279,0,0
10.816,27.71749797,-0.04796180594,0.2142814836,0.9507446752,0.2072368168,0.2195834444,0.9730686182,5.305649613e-06,5.107504617e-06,0.04821688906,0.9468625357,0.004920575233,0,0
10.84,27.65613081,-0.04825376284,0.2148888291,0.9504555196,0.2078292695,0.2202399476,0.9729124832,5.310759053e-06,5.120904858e-06,0.04850563454,0.9465587001,0.00493566541,0,0
10.864,27.59503479,-0.04854694596,0.2154976658,0.9501659841,0.2084237586,0.2208982796,0.9727568352,5.31174931e-06,5.130078503e-06,0.04879604997,0.9462558605,0.004948089537,0,0
10.888,27.53420812,-0.04884137121,0.2161079981,0.9498760173,0.2090202934,0.2215584491,0.9726016304,5.308705712e-06,5.13507577e-06,0.04908814639,0.9459539314,0.004957922193,0,0
10.912,27.47364901,-0.04913705633,0.216719828,0.9495855622,0.2096188782,0.222220463,0.9724468181,5.301731689e-06,5.13596848e-06,0.0493819342,0.9456528141,0.004965251689,0,0
10.936,27.41335571,-0.04943402082,0.2173331559,0.9492945563,0.2102195119,0.2228843267,0.9722923418,5.290946743e-06,5.132848234e-06,0.04967742311,0.9453523979,0.00497017896,0,0
10.96,27.35332646,-0.0497322858,0.2179479799,0.9490029326,0.2108221887,0.223550044,0.972138139,5.276484304e-06,5.125824373e-06,0.04997462221,0.9450525613,0.004972816483,0,0
10.984,27.29355954,-0.05003187391,0.218564296,0.9487106196,0.2114268976,0.2242176173,0.9719841423,5.258489525e-06,5.115021784e-06,0.05027353993,0.9447531729,0.004973287217,0,0
11.008,27.23405323,-0.05033280917,0.2191820987,0.9484175425,0.2120336231,0.2248870473,0.9718302796,5.237117075e-06,5.100578611e-06,0.05057418408,0.9444540923,0.004971723568,0,0
11.032,27.17480584,-0.05063511688,0.2198013803,0.9481236232,0.212642345,0.2255583336,0.9716764748,5.212528962e-06,5.082643929e-06,0.05087656186,0.9441551718,0.004968266377,0,0
11.056,27.11581567,-0.05093882349,0.2204221316,0.9478287807,0.2132530388,0.226231474,0.9715226483,5.184892452e-06,5.061375447e-06,0.05118067986,0.9438562562,0.004963063935,0,0
11.08,27.05708105,-0.05124395652,0.2210443416,0.9475329322,0.2138656757,0.2269064654,0.9713687173,5.154378098e-06,5.036937275e-06,0.05148654405,0.9435571849,0.004956271028,0,0
11.104,26.99860032,-0.05155054441,0.2216679977,0.9472359928,0.214480223,0.2275833031,0.9712145963,5.121157914e-06,5.009497797e-06,0.05179415987,0.9432577921,0.004948048003,0,0
11.128,26.94037185,-0.05185861644,0.2222930859,0.9469378764,0.2150966438,0.2282619814,0.9710601979,5.085403718e-06,4.979227701e-06,0.05210353217,0.942957908,0.004938559867,0,0
11.152,26.88239401,-0.05216820262,0.2229195906,0.9466384959,0.2157148982,0.2289424933,0.9709054327,5.047285654e-06,4.94629816e-06,0.05241466527,0.9426573593,0.004927975414,0,0
11.176,26.82466518,-0.05247933357,0.2235474949,0.9463377639,0.2163349422,0.2296248308,0.9707502102,5.006970892e-06,4.910879212e-06,0.05272756296,0.9423559707,0.004916466384,0,0
11.2,26.76718375,-0.05279204046,0.2241767806,0.9460355926,0.2169567293,0.2303089849,0.9705944389,4.964622518e-06,4.873138326e-06,0.05304222854,0.9420535648,0.004904206643,0,0
11.224,26.70994815,-0.05310635485,0.2248074284,0.9457318945,0.2175802095,0.2309949454,0.9704380267,4.920398615e-06,4.833239169e-06,0.05335866483,0.9417499638,0.004891371408,0,0
11.248,26.65295679,-0.05342230865,0.2254394179,0.9454265826,0.2182053303,0.2316827015,0.9702808816,4.874451504e-06,4.791340566e-06,0.05367687421,0.9414449893,0.004878136489,0,0
11.272,26.59620813,-0.05373993401,0.2260727274,0.945119571,0.2188320369,0.2323722414,0.9701229117,4.826927162e-06,4.747595654e-06,0.0539968586,0.9411384638,0.004864677573,0,0
11.296,26.5397006,-0.05405926323,0.2267073347,0.9448107747,0.219460272,0.2330635526,0.9699640256,4.777964788e-06,4.702151209e-06,0.05431861955,0.9408302109,0.004851169532,0,0
11.32,26.48343269,-0.05438032865,0.2273432164,0.9445001103,0.2200899764,0.2337566217,0.9698041328,4.727696513e-06,4.655147143e-06,0.05464215823,0.940520056,0.00483778577,0,0
11.344,26.42740286,-0.05470316262,0.2279803488,0.9441874961,0.2207210892,0.2344514351,0.9696431441,4.676247226e-06,4.606716148e-06,0.05496747544,0.940207827,0.004824697595,0,0
11.368,26.37160961,-0.05502779738,0.228618707,0.9438728523,0.2213535481,0.2351479783,0.9694809718,4.623734521e-06,4.556983484e-06,0.0552945717,0.9398933547,0.004812073629,0,0
11.392,26.31605144,-0.05535426499,0.229258266,0.9435561016,0.2219872893,0.2358462363,0.9693175298,4.570268733e-06,4.506066877e-06,0.05562344722,0.9395764735,0.004800079252,0,0
11.416,26.26072687,-0.05568259727,0.2298990002,0.9432371687,0.2226222484,0.2365461941,0.9691527341,4.51595306e-06,4.454076533e-06,0.05595410197,0.939257022,0.004788876068,0,0
11.44,26.20563444,-0.05601282573,0.2305408836,0.9429159812,0.2232583599,0.237247836,0.9689865029,4.460883753e-06,4.401115235e-06,0.0562865357,0.9389348429,0.004778621417,0,0
11.464,26.15077268,-0.05634498148,0.23118389,0.9425924693,0.2238955579,0.2379511461,0.9688187571,4.405150366e-06,4.347278519e-06,0.05662074796,0.9386097841,0.004769467913,0,0
11.488,26.09614015,-0.05667909523,0.2318279929,0.9422665663,0.2245337766,0.2386561085,0.96864942,4.348836052e-06,4.292654918e-06,0.05695673816,0.9382816988,0.004761563012,0,0
11.512,26.04173541,-0.05701519714,0.2324731659,0.9419382084,0.2251729497,0.2393627072,0.9684784178,4.2920179e-06,4.237326249e-06,0.0572945056,0.9379504458,0.004755048616,0,0
11.536,25.98755704,-0.05735331687,0.2331193825,0.9416073351,0.2258130116,0.2400709259,0.9683056799,4.234767299e-06,4.181367956e-06,0.05763404949,0.9376158898,0.004750060711,0,0
11.56,25.93360363,-0.05769348344,0.2337666164,0.9412738892,0.2264538968,0.2407807487,0.9681311388,4.177150332e-06,4.124849473e-06,0.05797536899,0.937277902,0.004746729029,0,0
11.584,25.87987379,-0.05803572524,0.2344148413,0.9409378169,0.2270955409,0.2414921598,0.9679547303,4.119228176e-06,4.067834623e-06,0.05831846326,0.93693636,0.004745176752,0,0
11.608,25.82636613,-0.05838006999,0.2350640315,0.9405990677,0.2277378803,0.2422051434,0.9677763937,4.061057533e-06,4.010382036e-06,0.0586633315,0.9365911483,0.004745520239,0,0
11.632,25.77307926,-0.05872654466,0.2357141615,0.9402575948,0.2283808524,0.2429196842,0.9675960718,4.002691055e-06,3.952545581e-06,0.05900997297,0.9362421582,0.004747868785,0,0
11.656,25.72001184,-0.05907517547,0.2363652062,0.9399133548,0.2290243962,0.2436357672,0.9674137111,3.944177783e-06,3.89437481e-06,0.05935838705,0.9358892885,0.004752324415,0,0
11.68,25.6671625,-0.05942598785,0.2370171412,0.9395663079,0.2296684524,0.2443533778,0.9672292619,3.885563595e-06,3.835915414e-06,0.05970857325,0.935532445,0.004758981702,0,0
11.704,25.6145299,-0.05977900645,0.2376699427,0.9392164181,0.2303129632,0.2450725021,0.967042678,3.826891652e-06,3.777209685e-06,0.06006053128,0.9351715411,0.004767927615,0,0
11.728,25.56211272,-0.06013425503,0.2383235877,0.9388636527,0.2309578732,0.2457931266,0.9668539174,3.768202853e-06,3.718296986e-06,0.06041426108,0.9348064975,0.004779241404,0,0
11.752,25.50990963,-0.06049175655,0.2389780538,0.9385079826,0.2316031289,0.2465152385,0.9666629416,3.709536295e-06,3.659214234e-06,0.06076976284,0.9344372427,0.004792994496,0,0
11.776,25.45791933,-0.06085153309,0.2396333199,0.9381493823,0.2322486793,0.247238826,0.9664697163,3.650929736e-06,3.599996383e-06,0.06112703709,0.9340637125,0.004809250439,0,0
11.8,25.40614051,-0.06121360585,0.2402893654,0.9377878297,0.2328944758,0.2479638777,0.9662742108,3.59242007e-06,3.540676927e-06,0.06148608466,0.9336858505,0.004828064854,0,0
11.824,25.35457189,-0.06157799515,0.240946171,0.9374233063,0.2335404729,0.2486903834,0.9660763985,3.534043808e-06,3.481288412e-06,0.06184690681,0.9333036078,0.004849485425,0,0
11.848,25.30321219,-0.06194472046,0.2416037185,0.9370557968,0.2341866276,0.2494183337,0.9658762565,3.475837578e-06,3.421862969e-06,0.06220950521,0.9329169429,0.004873551909,0,0
11.872,25.25206014,-0.06231380034,0.2422619909,0.9366852891,0.2348329001,0.2501477203,0.9656737657,3.417838629e-06,3.362432863e-06,0.06257388198,0.9325258218,0.004900296171,0,0
11.896,25.20111449,-0.0626852525,0.2429209725,0.9363117745,0.2354792537,0.2508785359,0.9654689109,3.360085366e-06,3.30303108e-06,0.06294003977,0.932130218,0.004929742244,0,0
11.92,25.15037399,-0.0630590938,0.2435806487,0.9359352472,0.2361256549,0.2516107743,0.9652616805,3.302617903e-06,3.243691937e-06,0.06330798177,0.9317301118,0.004961906409,0,0
11.944,25.09983741,-0.06343534023,0.2442410066,0.9355557044,0.2367720739,0.2523444307,0.9650520665,3.24547864e-06,3.184451732e-06,0.06367771172,0.931325491,0.004996797295,0,0
11.968,25.04950351,-0.06381400696,0.2449020346,0.9351731462,0.237418484,0.2530795014,0.9648400644,3.188712876e-06,3.125349451e-06,0.06404923403,0.93091635,0.00503441601,0,0
11.992,24.99937108,-0.06419510838,0.2455637224,0.9347875755,0.2380648624,0.2538159839,0.9646256735,3.132369451e-06,3.066427514e-06,0.06442255372,0.93050269,0.005074756277,0,0
12.016,24.94943891,-0.06457865806,0.2462260617,0.9343989976,0.2387111899,0.2545538774,0.9644088961,3.076501437e-06,3.007732602e-06,0.06479767653,0.9300845189,0.0051178046,0,0
12.04,24.89970581,-0.06496466884,0.2468890454,0.9340074204,0.239357451,0.2552931823,0.9641897379,3.021166859e-06,2.949316547e-06,0.06517460892,0.9296618506,0.005163540443,0,0
12.064,24.85017059,-0.06535315284,0.2475526682,0.933612854,0.240003634,0.2560339003,0.9639682077,2.966429478e-06,2.891237303e-06,0.06555335812,0.9292347055,0.005211936427,0,0
12.088,24.80083206,-0.06574412146,0.2482169266,0.9332153107,0.2406497311,0.256776035,0.9637443174,2.91235961e-06,2.833560026e-06,0.06593393215,0.9288031093,0.005262958543,0,0
12.112,24.75168907,-0.0661375855,0.2488818186,0.9328148049,0.2412957386,0.2575195912,0.9635180817,2.859035005e-06,2.776358241e-06,0.06631633985,0.9283670938,0.00531656638,0,0
12.136,24.70274044,-0.06653355509,0.2495473442,0.9324113527,0.2419416564,0.2582645755,0.9632895181,2.806541777e-06,2.719715132e-06,0.06670059095,0.9279266957,0.005372713365,0,0
12.16,24.65398503,-0.06693203984,0.250213505,0.9320049717,0.2425874887,0.259010996,0.9630586467,2.754975372e-06,2.663724955e-06,0.06708669604,0.9274819569,0.005431347019,0,0
12.184,24.6054217,-0.06733304881,0.2508803045,0.9315956813,0.2432332433,0.2597588625,0.96282549,2.704441595e-06,2.608494574e-06,0.06747466666,0.9270329241,0.005492409222,0,0
12.208,24.55704931,-0.06773659058,0.2515477481,0.9311835021,0.2438789324,0.2605081866,0.9625900728,2.655057651e-06,2.554145126e-06,0.06786451528,0.9265796482,0.005555836493,0,0
12.232,24.50886674,-0.06814267332,0.2522158429,0.9307684557,0.2445245718,0.2612589814,0.9623524221,2.606953214e-06,2.500813813e-06,0.06825625536,0.9261221844,0.005621560272,0,0
12.256,24.46087288,-0.06855130482,0.2528845981,0.9303505649,0.2451701815,0.2620112619,0.9621125669,2.560271483e-06,2.448655797e-06,0.06864990136,0.9256605914,0.005689507219,0,0
12.28,24.41306661,-0.06896249255,0.2535540246,0.929929853,0.2458157851,0.2627650448,0.9618705379,2.5151702e-06,2.397846177e-06,0.06904546875,0.9251949317,0.005759599517,0,0
12.304,24.36544685,-0.0693762437,0.2542241351,0.9295063442,0.2464614104,0.2635203485,0.9616263675,2.471822581e-06,2.348582004e-06,0.06944297408,0.9247252707,0.005831755181,0,0
12.328,24.31801249,-0.06979256529,0.2548949446,0.9290800629,0.2471070887,0.2642771934,0.9613800896,2.430418122e-06,2.30108426e-06,0.06984243496,0.9242516767,0.005905888374,0,0
12.352,24.27076247,-0.07021146415,0.2555664696,0.9286510339,0.2477528554,0.2650356015,0.9611317392,2.391163199e-06,2.255599705e-06,0.07024387008,0.9237742202,0.005981909731,0,0
12.376,24.2236957,-0.07063294705,0.2562387286,0.928219282,0.2483987492,0.2657955967,0.9608813528,2.354281386e-06,2.212402477e-06,0.07064729925,0.9232929741,0.006059726681,0,0
12.4,24.17681113,-0.07105702074,0.256911742,0.9277848318,0.2490448126,0.2665572047,0.9606289673,2.320013412e-06,2.171795256e-06,0.07105274339,0.9228080128,0.006139243773,0,0
12.424,24.13010769,-0.07148369198,0.2575855321,0.9273477078,0.2496910917,0.267320453,0.9603746209,2.288616653e-06,2.134109806e-06,0.0714602246,0.9223194124,0.006220363011,0,0
12.448,24.08358435,-0.07191296765,0.258260123,0.9269079339,0.2503376358,0.2680853709,0.9601183519,2.260364061e-06,2.099706649e-06,0.07186976608,0.9218272497,0.006302984181,0,0
12.472,24.03724006,-0.07234485479,0.2589355407,0.9264655334,0.2509844977,0.2688519894,0.9598601995,2.235542445e-06,2.068973611e-06,0.07228139223,0.9213316026,0.006387005182,0,0
12.496,23.99107378,-0.07277936069,0.2596118127,0.9260205288,0.2516317332,0.2696203416,0.9596002027,2.214450022e-06,2.042322983e-06,0.07269512862,0.920832549,0.00647232236,0,0
12.52,23.9450845,-0.0732164929,0.2602889686,0.9255729419,0.2522794014,0.2703904621,0.9593384008,2.197393219e-06,2.020187087e-06,0.07311100201,0.9203301672,0.006558830834,0,0
12.544,23.89927121,-0.07365625936,0.2609670396,0.925122793,0.2529275643,0.2711623873,0.9590748328,2.184682724e-06,2.003012097e-06,0.07352904031,0.9198245349,0.006646424827,0,0
12.568,23.85363288,-0.07409866843,0.2616460587,0.9246701013,0.2535762865,0.2719361555,0.9588095376,2.176628858e-06,1.991250153e-06,0.07394927268,0.9193157293,0.006734997984,0,0
12.592,23.80816852,-0.07454372896,0.2623260603,0.9242148847,0.2542256356,0.2727118065,0.9585425535,2.173536449e-06,1.985349951e-06,0.07437172943,0.9188038269,0.006824443698,0,0
12.616,23.76287714,-0.07499145035,0.2630070806,0.9237571594,0.2548756815,0.273489382,0.9582739183,2.175699394e-06,1.98574627e-06,0.07479644209,0.9182889025,0.006914655424,0,0
12.64,23.71775775,-0.07544184264,0.2636891574,0.9232969399,0.2555264966,0.2742689253,0.9580036689,2.183395246e-06,1.992849086e-06,0.07522344338,0.9177710296,0.007005526988,0,0
12.664,23.67280938,-0.07589491654,0.26437233,0.9228342389,0.2561781556,0.2750504812,0.9577318413,2.196880135e-06,2.007033156e-06,0.07565276721,0.9172502799,0.007096952895,0,0
12.688,23.62803105,-0.07635068352,0.2650566389,0.9223690672,0.2568307351,0.2758340963,0.9574584705,2.216384393e-06,2.028628978e-06,0.07608444869,0.9167267227,0.007188828624,0,0
12.712,23.58342181,-0.07680915587,0.2657421263,0.9219014336,0.2574843137,0.2766198187,0.95718359,2.242109198e-06,2.057916029e-06,0.07651852411,0.916200425,0.007281050922,0,0
12.736,23.53898068,-0.07727034672,0.2664288356,0.9214313443,0.2581389717,0.277407698,0.9569072322,2.274224499e-06,2.095118945e-06,0.07695503091,0.915671451,0.007373518087,0,0
12.76,23.49470674,-0.07773427019,0.2671168115,0.9209588037,0.2587947911,0.2781977853,0.9566294277,2.312868361e-06,2.140406988e-06,0.07739400774,0.915139862,0.007466130242,0,0
12.784,23.45059903,-0.07820094135,0.2678060999,0.9204838135,0.2594518552,0.2789901331,0.9563502057,2.35814776e-06,2.193896782e-06,0.07783549436,0.914605716,0.007558789603,0,0
12.808,23.40665662,-0.07867037633,0.2684967478,0.9200063729,0.2601102484,0.2797847953,0.9560695935,2.410140744e-06,2.255657914e-06,0.07827953171,0.9140690676,0.007651400736,0,0
12.832,23.36287858,-0.0791425924,0.2691888034,0.9195264787,0.2607700564,0.2805818273,0.9557876162,2.468899747e-06,2.325720742e-06,0.07872616183,0.9135299674,0.007743870806,0,0
12.856,23.319264,-0.07961760796,0.2698823158,0.9190441249,0.2614313655,0.2813812856,0.9555042974,2.534455798e-06,2.404085627e-06,0.07917542788,0.9129884623,0.00783610981,0,0
12.88,23.27581196,-0.08009544265,0.2705773349,0.9185593026,0.2620942629,0.2821832279,0.955219658,2.606823319e-06,2.490732761e-06,0.07962737412,0.9124445951,0.007928030812,0,0
12.904,23.23252154,-0.08057611736,0.2712739117,0.9180720004,0.2627588361,0.2829877133,0.9549337171,2.686005212e-06,2.58563191e-06,0.08008204587,0.911898404,0.008019550151,0,0
12.928,23.18939186,-0.08105965431,0.2719720978,0.9175822039,0.2634251732,0.2837948018,0.954646491,2.771997968e-06,2.688751532e-06,0.08053948953,0.9113499228,0.008110587653,0,0
12.952,23.14642202,-0.08154607709,0.2726719454,0.9170898957,0.264093362,0.2846045546,0.954357994,2.86479659e-06,2.800066934e-06,0.08099975251,0.9107991807,0.008201066818,0,0
12.976,23.10361113,-0.08203541071,0.2733735075,0.9165950555,0.2647634906,0.2854170339,0.9540682375,2.964399168e-06,2.919567312e-06,0.08146288324,0.9102462017,0.008290915008,0,0
13,23.06095831,-0.08252768161,0.2740768376,0.91609766,0.2654356468,0.2862323027,0.9537772304,3.070811028e-06,3.047261653e-06,0.08192893114,0.9096910052,0.008380063611,0,0
13.024,23.01846268,-0.08302291776,0.2747819894,0.9155976828,0.266109918,0.2870504252,0.953484979,3.184048415e-06,3.183183604e-06,0.08239794659,0.9091336052,0.008468448205,0,0
13.048,22.97612339,-0.08352114864,0.2754890172,0.9150950945,0.2667863908,0.2878714659,0.9531914867,3.304141722e-06,3.327395448e-06,0.08286998091,0.9085740104,0.008556008696,0,0
13.072,22.93393957,-0.08402240533,0.2761979755,0.9145898627,0.2674651514,0.2886954906,0.9528967542,3.431138296e-06,3.479991391e-06,0.0833450863,0.9080122242,0.008642689455,0,0
13.096,22.89191035,-0.0845267205,0.276908919,0.9140819518,0.2681462847,0.2895225654,0.9526007793,3.565104911e-06,3.641100349e-06,0.08382331589,0.9074482447,0.008728439439,0,0
13.12,22.85003491,-0.08503412848,0.2776219022,0.9135713231,0.2688298748,0.2903527572,0.9523035567,3.706129953e-06,3.810888429e-06,0.08430472362,0.9068820641,0.008813212293,0,0
13.144,22.80831239,-0.08554466525,0.2783369801,0.913057935,0.2695160044,0.2911861334,0.9520050784,3.854325438e-06,3.98956129e-06,0.08478936428,0.9063136693,0.00889696645,0,0
13.168,22.76674195,-0.08605836851,0.2790542073,0.9125417425,0.2702047547,0.2920227618,0.9517053332,4.009828913e-06,4.177366538e-06,0.08527729344,0.9057430414,0.008979665209,0,0
13.192,22.72532277,-0.08657527768,0.2797736383,0.912022698,0.2708962054,0.2928627108,0.9514043072,4.172805353e-06,4.374596309e-06,0.08576856742,0.9051701558,0.009061276805,0,0
13.216,22.68405403,-0.08709543394,0.2804953273,0.9115007505,0.2715904344,0.2937060491,0.9511019831,4.343449131e-06,4.58159019e-06,0.08626324329,0.9045949822,0.009141774463,0,0
13.24,22.64293489,-0.08761888021,0.2812193283,0.9109758462,0.2722875177,0.2945528455,0.9507983407,4.521986136e-06,4.798738601e-06,0.08676137882,0.9040174847,0.009221136445,0,0
13.264,22.60196457,-0.08814566123,0.2819456948,0.9104479283,0.2729875294,0.2954031693,0.9504933569,4.708676137e-06,5.02648678e-06,0.08726303243,0.9034376215,0.009299346077,0,0
13.288,22.56114223,-0.08867582353,0.2826744797,0.9099169372,0.2736905413,0.2962570896,0.9501870053,4.903815472e-06,5.265339522e-06,0.08776826318,0.902855345,0.009376391767,0,0
13.312,22.5204671,-0.08920941548,0.2834057355,0.9093828102,0.2743966228,0.2971146761,0.9498792566,5.107740154e-06,5.515866829e-06,0.08827713075,0.9022706022,0.009452267012,0,0
13.336,22.47993836,-0.08974648724,0.2841395139,0.9088454821,0.2751058411,0.2979759979,0.9495700786,5.3208295e-06,5.778710657e-06,0.08878969538,0.9016833342,0.00952697039,0,0
13.36,22.43955524,-0.09028709086,0.284875866,0.9083048848,0.2758182606,0.2988411247,0.9492594359,5.543510403e-06,6.054592982e-06,0.08930601783,0.9010934766,0.009600505541,0,0
13.384,22.39931695,-0.09083128019,0.2856148419,0.9077609474,0.2765339433,0.2997101256,0.9489472901,5.77626237e-06,6.344325454e-06,0.0898261594,0.9005009595,0.009672881138,0,0
13.408,22.3592227,-0.09137911099,0.2863564909,0.9072135967,0.2772529481,0.3005830697,0.9486336001,6.019623492e-06,6.648820955e-06,0.09035018185,0.8999057073,0.00974411084,0,0
13.432,22.31927174,-0.09193064082,0.2871008614,0.9066627568,0.2779753312,0.3014600261,0.9483183217,6.274197545e-06,6.969107477e-06,0.0908781474,0.8993076394,0.009814213242,0,0
13.456,22.27946329,-0.09248592913,0.2878480008,0.9061083493,0.278701146,0.3023410634,0.9480014079,6.540662445e-06,7.306344825e-06,0.09141011867,0.8987066695,0.00988321181,0,0
13.48,22.23979659,-0.09304503724,0.2885979551,0.9055502936,0.2794304426,0.3032262499,0.947682809,6.819780358e-06,7.661844777e-06,0.09194615868,0.8981027065,0.009951134803,0,0
13.504,22.20027088,-0.09360802831,0.2893507695,0.9049885066,0.2801632681,0.3041156536,0.9473624723,7.112409819e-06,8.037095525e-06,0.0924863308,0.897495654,0.01001801519,0,0
13.528,22.16088542,-0.09417496735,0.2901064877,0.9044229033,0.2808996664,0.305009342,0.9470403427,7.419520328e-06,8.43379144e-06,0.09303069874,0.8968854107,0.01008389054,0,0
13.552,22.12163946,-0.09474592123,0.2908651524,0.9038533964,0.2816396781,0.3059073822,0.9467163622,7.74220998e-06,8.853869501e-06,0.09357932653,0.8962718705,0.01014880294,0,0
13.576,22.08253226,-0.09532095865,0.2916268047,0.9032798966,0.2823833405,0.3068098408,0.9463904705,8.081726889e-06,9.299554154e-06,0.09413227846,0.8956549227,0.01021279887,0,0
13.6,22.04356309,-0.09590015018,0.2923914845,0.9027023127,0.2831306878,0.3077167838,0.9460626046,8.439495334e-06,9.773412908e-06,0.09468961909,0.8950344519,0.01027592905,0,0
13.624,22.00473121,-0.09648356817,0.2931592302,0.9021205518,0.2838817505,0.3086282767,0.9457326992,8.817147861e-06,1.027842572e-05,0.09525141323,0.8944103384,0.01033824836,0,0
13.648,21.9660359,-0.09707128682,0.2939300786,0.9015345192,0.2846365559,0.3095443842,0.9454006867,9.216564949e-06,1.081807225e-05,0.09581772589,0.8937824585,0.01039981566,0,0
13.672,21.92747645,-0.09766338214,0.2947040651,0.9009441186,0.285395128,0.3104651707,0.9450664971,9.639924351e-06,1.139644261e-05,0.0963886223,0.8931506841,0.01046069363,0,0
13.696,21.88905213,-0.09825993192,0.2954812237,0.9003492522,0.2861574871,0.3113906995,0.9447300584,1.008976294e-05,1.201837905e-05,0.09696416786,0.8925148835,0.01052094867,0,0
13.72,21.85076224,-0.09886101574,0.2962615865,0.8997498206,0.2869236505,0.3123210336,0.9443912965,1.056905488e-05,1.268965927e-05,0.09754442817,0.8918749211,0.01058065069,0,0
13.744,21.81260608,-0.09946671497,0.2970451842,0.8991457235,0.2876936319,0.3132562351,0.9440501353,1.108131122e-05,1.341723601e-05,0.09812946897,0.8912306581,0.01063987294,0,0
13.768,21.77458295,-0.1000771127,0.2978320459,0.898536859,0.2884674416,0.3141963654,0.9437064966,1.16307082e-05,1.420955421e-05,0.09871935618,0.890581952,0.01069869187,0,0
13.792,21.73669214,-0.1006922939,0.2986221989,0.8979231241,0.2892450867,0.3151414852,0.9433603007,1.222225409e-05,1.507697609e-05,0.09931415585,0.8899286572,0.01075718692,0,0
13.816,21.69893298,-0.1013123451,0.2994156689,0.8973044151,0.290026571,0.3160916545,0.9430114661,1.286200879e-05,1.603235955e-05,0.09991393421,0.8892706254,0.01081544034,0,0
13.84,21.66130477,-0.1019373547,0.30021248,0.8966806269,0.2908118953,0.3170469325,0.9426599095,1.355737659e-05,1.709185777e-05,0.1005187576,0.8886077053,0.01087353703,0,0
13.864,21.62380684,-0.1025674128,0.3010126546,0.8960516538,0.291601057,0.3180073779,0.9423055464,1.431750182e-05,1.827604428e-05,0.1011286926,0.8879397431,0.0109315643,0,0
13.888,21.58643851,-0.1032026112,0.3018162135,0.8954173894,0.2923940505,0.3189730485,0.9419482905,1.51538121e-05,1.961152805e-05,0.1017438059,0.8872665824,0.01098961173,0,0
13.912,21.54919911,-0.1038430434,0.3026231756,0.8947777263,0.2931908674,0.3199440015,0.9415880544,1.608077693e-05,2.113332383e-05,0.1023641643,0.8865880647,0.01104777094,0,0
13.936,21.51208797,-0.1044888046,0.3034335586,0.8941325568,0.2939914963,0.3209202935,0.9412247495,1.711698777e-05,2.288841877e-05,0.1029898351,0.8859040296,0.01110613537,0,0
13.96,21.47510444,-0.1051399919,0.3042473782,0.8934817724,0.2947959231,0.3219019804,0.9408582858,1.828672909e-05,2.494129284e-05,0.1036208853,0.8852143145,0.01116480016,0,0
13.984,21.43824785,-0.1057967037,0.3050646487,0.8928252642,0.295604131,0.3228891178,0.9404885723,1.962231984e-05,2.738274058e-05,0.1042573828,0.8845187553,0.01122386187,0,0
14.008,21.40151756,-0.1064590405,0.3058853829,0.8921629227,0.2964161009,0.3238817605,0.9401155171,2.116770067e-05,3.034448875e-05,0.1048993952,0.8838171865,0.01128341831,0,0
14.032,21.36491291,-0.1071271045,0.306709592,0.8914946383,0.297231811,0.324879963,0.9397390274,2.298410558e-05,3.402443056e-05,0.1055469909,0.8831094408,0.01134356834,0,0
14.056,21.32843327,-0.1078009994,0.3075372858,0.8908203008,0.2980512377,0.3258837793,0.9393590094,2.515936038e-05,3.873221102e-05,0.1062002382,0.8823953501,0.01140441168,0,0
14.08,21.29207798,-0.1084808308,0.3083684727,0.8901397996,0.298874355,0.3268932633,0.9389753687,2.782378064e-05,4.497558782e-05,0.1068592064,0.881674745,0.01146604865,0,0
14.104,21.25584643,-0.109166706,0.3092031598,0.889453024,0.2997011352,0.3279084685,0.9385880099,3.117871213e-05,5.363072572e-05,0.1075239647,0.8809474553,0.01152858,0,0
14.128,21.21973797,-0.1098587343,0.3100413529,0.8887598629,0.300531549,0.3289294484,0.9381968374,3.555074607e-05,6.627562358e-05,0.1081945833,0.8802133102,0.01159210656,0,0
14.152,21.18375198,-0.1105570267,0.3108830567,0.8880602047,0.3013655653,0.3299562563,0.9378017547,4.150150218e-05,8.567716941e-05,0.1088711328,0.8794721384,0.01165672878,0,0
14.176,21.14788784,-0.1112616959,0.3117282747,0.8873539377,0.3022031519,0.3309889458,0.9374026647,5.00649376e-05,0.0001145460879,0.1095536847,0.8787237689,0.01172254636,0,0
14.2,21.11214493,-0.1119728569,0.3125770095,0.8866409498,0.3030442755,0.3320275705,0.93699947,6.327811488e-05,0.000139131345,0.1102423116,0.8779680261,0.01178966229,0,0
14.224,21.07652264,-0.1126906263,0.3134292629,0.8859211284,0.3038889019,0.3330721845,0.9365920726,8.513428002e-05,0.0001211377872,0.1109370873,0.8772047252,0.01185818751,0,0
14.248,21.04102035,-0.1134151229,0.3142850356,0.8851943606,0.3047369963,0.3341228422,0.9361803741,0.0001187544715,8.662187682e-05,0.1116380878,0.8764337004,0.01192821178,0,0
14.272,21.00563747,-0.1141464678,0.315144328,0.8844605327,0.3055885234,0.335179599,0.9357642757,0.0001303334592,6.234151354e-05,0.1123453805,0.8756547835,0.01199983597,0,0
14.296,20.97037339,-0.1148847839,0.3160071398,0.8837195308,0.3064434478,0.3362425106,0.9353436779,9.26725959e-05,4.693038284e-05,0.1130590345,0.874867798,0.01207316749,0,0
14.32,20.93522751,-0.1156301966,0.3168734703,0.8829712399,0.3073017341,0.3373116342,0.9349184811,6.151905197e-05,3.671055601e-05,0.1137791423,0.8740725676,0.01214829007,0,0
14.344,20.90019925,-0.1163828337,0.3177433187,0.8822155443,0.3081633475,0.3383870278,0.934488585,4.337855663e-05,2.953746479e-05,0.1145057825,0.8732689163,0.01222530125,0,0
14.368,20.865288,-0.1171428255,0.318616684,0.8814523275,0.3090282536,0.339468751,0.9340538888,3.228267511e-05,2.42537861e-05,0.1152390339,0.8724566678,0.01230429821,0,0
14.392,20.83049319,-0.1179103049,0.3194935653,0.8806814717,0.309896419,0.340556865,0.9336142914,2.494091369e-05,2.021057361e-05,0.1159789789,0.8716356455,0.01238537556,0,0
14.416,20.79581423,-0.1186854075,0.3203739621,0.8799028578,0.3107678116,0.3416514328,0.9331696908,1.976606914e-05,1.702437949e-05,0.1167257019,0.8708056721,0.01246862599,0,0
14.44,20.76125055,-0.119468272,0.3212578742,0.8791163651,0.3116424006,0.3427525196,0.9327199844,1.594477079e-05,1.445778719e-05,0.11747929,0.8699665694,0.01255414059,0,0
14.464,20.72680158,-0.1202590401,0.322145302,0.8783218714,0.3125201572,0.343860193,0.9322650688,1.302940368e-05,1.235836469e-05,0.1182398325,0.8691181587,0.01264200884,0,0
14.488,20.69246673,-0.1210578568,0.3230362471,0.8775192524,0.3134010548,0.3449745232,0.9318048398,1.075952345e-05,1.062591598e-05,0.1190074218,0.8682602597,0.01273231857,0,0
14.512,20.65824545,-0.1218648708,0.323930712,0.8767083815,0.3142850692,0.3460955835,0.9313391922,8.978388426e-06,9.194053197e-06,0.119782153,0.867392691,0.01282515599,0,0
14.536,20.62413718,-0.1226802344,0.3248287003,0.8758891296,0.3151721788,0.3472234503,0.9308680195,7.590878515e-06,8.019253727e-06,0.1205641245,0.8665152698,0.01292060568,0,0
14.56,20.59014135,-0.123504104,0.3257302176,0.8750613647,0.3160623655,0.3483582042,0.9303912139,6.53989271e-06,7.073748048e-06,0.1213534384,0.865627811,0.01301875053,0,0
14.584,20.55625741,-0.1243366404,0.3266352712,0.8742249516,0.3169556145,0.3494999292,0.9299086662,5.790167026e-06,6.340030091e-06,0.1221502006,0.8647301276,0.01311967184,0,0
14.608,20.5224848,-0.1251780089,0.3275438703,0.8733797513,0.3178519149,0.3506487144,0.9294202654,5.314178277e-06,5.805627294e-06,0.1229545209,0.8638220298,0.01322344931,0,0
14.632,20.48882299,-0.1260283798,0.3284560268,0.8725256208,0.3187512601,0.3518046533,0.9289258984,5.080086695e-06,5.457779401e-06,0.1237665141,0.8629033248,0.0133301611,0,0
14.656,20.45527142,-0.1268879289,0.3293717552,0.8716624127,0.319653648,0.3529678451,0.9284254501,5.046199343e-06,5.279069805e-06,0.1245862997,0.8619738164,0.01343988394,0,0
14.68,20.42182956,-0.1277568377,0.330291073,0.8707899743,0.3205590817,0.3541383945,0.9279188026,5.164629978e-06,5.245856634e-06,0.1254140025,0.8610333043,0.01355269317,0,0
14.704,20.38849687,-0.1286352939,0.331214001,0.8699081477,0.3214675696,0.3553164129,0.9274058355,5.389614089e-06,5.330213804e-06,0.1262497533,0.8600815837,0.01366866295,0,0
14.728,20.35527281,-0.129523492,0.3321405639,0.8690167683,0.3223791259,0.3565020184,0.9268864248,5.683629753e-06,5.503818965e-06,0.1270936892,0.8591184445,0.01378786634,0,0
14.752,20.32215686,-0.1304216335,0.3330707903,0.8681156652,0.3232937712,0.3576953366,0.9263604432,6.019010834e-06,5.741376194e-06,0.1279459538,0.8581436707,0.01391037547,0,0
14.776,20.28914848,-0.1313299281,0.3340047133,0.8672046596,0.3242115327,0.3588965011,0.9258277591,6.376657588e-06,6.022316773e-06,0.1288066986,0.8571570396,0.01403626182,0,0
14.8,20.25624716,-0.1322485936,0.334942371,0.8662835648,0.3251324446,0.3601056545,0.9252882368,6.743881352e-06,6.330952183e-06,0.1296760825,0.8561583212,0.01416559637,0,0
14.824,20.22345237,-0.1331778573,0.3358838067,0.8653521847,0.3260565491,0.3613229487,0.9247417352,7.112445125e-06,6.655799723e-06,0.1305542733,0.8551472768,0.01429844989,0,0
14.848,20.1907636,-0.1341179561,0.3368290693,0.8644103136,0.3269838961,0.3625485458,0.9241881078,7.477093534e-06,6.98867074e-06,0.1314414482,0.8541236586,0.01443489326,0,0
14.872,20.15818034,-0.1350691377,0.3377782142,0.8634577348,0.3279145442,0.3637826191,0.9236272019,7.834538126e-06,7.32382502e-06,0.132337794,0.8530872082,0.01457499779,0,0
14.896,20.12570207,-0.1360316614,0.3387313033,0.8624942199,0.3288485613,0.3650253535,0.9230588581,8.182782502e-06,7.657292511e-06,0.1332435088,0.8520376556,0.01471883557,0,0
14.92,20.09332828,-0.1370057992,0.3396884056,0.8615195274,0.3297860246,0.366276947,0.9224829093,8.520679948e-06,7.986366083e-06,0.134158802,0.8509747181,0.01486647993,0,0
14.944,20.06105849,-0.1379918364,0.3406495981,0.8605334018,0.3307270215,0.3675376112,0.9218991802,8.847644289e-06,8.309235327e-06,0.1350838957,0.8498980984,0.01501800585,0,0
14.968,20.02889217,-0.1389900733,0.3416149661,0.8595355723,0.3316716504,0.3688075725,0.921307486,9.163460316e-06,8.624726565e-06,0.1360190256,0.8488074839,0.01517349051,0,0
14.992,19.99682884,-0.1400008261,0.3425846036,0.8585257514,0.3326200208,0.3700870735,0.9207076322,9.468158744e-06,8.932119389e-06,0.136964442,0.8477025441,0.01533301383,0,0
15.016,19.96486801,-0.1410244284,0.3435586144,0.8575036332,0.3335722542,0.3713763737,0.920099413,9.761933168e-06,9.231017245e-06,0.137920411,0.8465829299,0.01549665909,0,0
15.04,19.93300918,-0.1420612324,0.3445371123,0.8564688924,0.3345284847,0.3726757512,0.9194826103,1.00450845e-05,9.521255792e-06,0.1388872156,0.8454482708,0.01566451361,0,0
15.064,19.90125186,-0.143111611,0.3455202223,0.8554211817,0.3354888595,0.373985504,0.9188569927,1.031798357e-05,9.802837679e-06,0.1398651573,0.8442981731,0.01583666952,0,0
15.088,19.86959557,-0.1441759593,0.3465080808,0.8543601309,0.3364535401,0.3753059516,0.918222314,1.058104578e-05,1.007588581e-05,0.1408545574,0.843132218,0.01601322457,0,0
15.112,19.83803984,-0.1452546961,0.3475008368,0.853285344,0.3374227024,0.3766374362,0.9175783119,1.083471384e-05,1.034060962e-05,0.1418557584,0.8419499586,0.01619428301,0,0
15.136,19.80658417,-0.146348267,0.3484986525,0.8521963977,0.3383965379,0.3779803249,0.9169247063,1.107944611e-05,1.05972806e-05,0.1428691262,0.8407509172,0.01637995667,0,0
15.16,19.7752281,-0.1474571457,0.3495017043,0.8510928382,0.3393752545,0.3793350117,0.9162611978,1.131570845e-05,1.084621434e-05,0.1438950513,0.8395345827,0.016570366,0,0
15.184,19.74397115,-0.148581837,0.3505101837,0.8499741795,0.3403590772,0.3807019191,0.9155874656,1.154396887e-05,1.108775744e-05,0.1449339513,0.8383004074,0.01676564129,0,0
15.208,19.71281286,-0.1497228797,0.3515242984,0.8488398997,0.3413482492,0.3820815005,0.9149031657,1.176469379e-05,1.132227772e-05,0.1459862732,0.8370478028,0.01696592405,0,0
15.232,19.68175276,-0.1508808491,0.3525442729,0.8476894385,0.3423430328,0.383474243,0.9142079283,1.197834563e-05,1.155015707e-05,0.1470524952,0.8357761364,0.01717136848,0,0
15.256,19.65079038,-0.1520563611,0.3535703504,0.8465221932,0.3433437103,0.3848806693,0.9135013558,1.218538118e-05,1.17717861e-05,0.1481331298,0.8344847271,0.0173821431,0,0
15.28,19.61992526,-0.1532500751,0.3546027931,0.8453375154,0.3443505855,0.3863013415,0.9127830195,1.238625069e-05,1.198756022e-05,0.1492287266,0.8331728408,0.01759843259,0,0
15.304,19.58915695,-0.1544626987,0.3556418843,0.8441347066,0.3453639845,0.3877368633,0.9120524572,1.258139731e-05,1.219787677e-05,0.1503398753,0.8318396849,0.01782043983,0,0
15.328,19.55848499,-0.1556949916,0.3566879292,0.8429130137,0.3463842573,0.3891878842,0.9113091695,1.277125695e-05,1.240313296e-05,0.1514672094,0.8304844025,0.01804838813,0,0
15.352,19.52790894,-0.1569477712,0.3577412564,0.8416716239,0.3474117788,0.3906551029,0.910552616,1.295625829e-05,1.260372441e-05,0.1526114096,0.8291060666,0.01828252376,0,0
15.376,19.49742833,-0.1582219176,0.3588022199,0.8404096593,0.3484469506,0.3921392714,0.9097822117,1.313682304e-05,1.280004423e-05,0.1537732084,0.8277036729,0.01852311873,0,0
15.4,19.46704273,-0.1595183799,0.3598712001,0.8391261704,0.3494902025,0.3936411998,0.908997322,1.331336638e-05,1.299248247e-05,0.1549533944,0.8262761317,0.01877047398,0,0
15.424,19.43675169,-0.1608381828,0.3609486062,0.8378201298,0.3505419939,0.395161761,0.908197258,1.348629743e-05,1.318142586e-05,0.1561528175,0.8248222596,0.01902492288,0,0
15.448,19.40655476,-0.1621824347,0.3620348775,0.836490424,0.3516028161,0.3967018965,0.9073812703,1.365601991e-05,1.336725784e-05,0.1573723949,0.8233407699,0.01928683519,0,0
15.472,19.37645153,-0.1635523354,0.3631304861,0.8351358452,0.3526731939,0.3982626224,0.9065485435,1.38229329e-05,1.355035883e-05,0.1586131166,0.8218302618,0.01955662157,0,0
15.496,19.34644153,-0.1649491862,0.3642359385,0.8337550818,0.3537536878,0.3998450361,0.9056981882,1.398743165e-05,1.373110667e-05,0.1598760531,0.8202892083,0.0198347386,0,0
15.52,19.31652436,-0.1663743999,0.3653517782,0.8323467078,0.3548448961,0.4014503241,0.9048292338,1.414990855e-05,1.390987724e-05,0.1611623629,0.8187159425,0.02012169456,0,0
15.544,19.28669956,-0.1678295133,0.3664785881,0.8309091706,0.3559474579,0.4030797701,0.903940619,1.431075413e-05,1.408704524e-05,0.1624733013,0.8171086428,0.02041805589,0,0
15.568,19.25696673,-0.1693162001,0.3676169935,0.829440778,0.3570620549,0.4047347645,0.9030311818,1.447035821e-05,1.42629851e-05,0.1638102298,0.8154653155,0.02072445471,0,0
15.592,19.22732542,-0.1708362866,0.3687676646,0.8279396826,0.358189415,0.4064168147,0.9020996481,1.462911116e-05,1.44380721e-05,0.1651746275,0.8137837753,0.02104159724,0,0
15.616,19.19777523,-0.172391768,0.3699313196,0.826403865,0.3593303146,0.4081275572,0.9011446183,1.478740526e-05,1.461268354e-05,0.1665681031,0.8120616233,0.02137027359,0,0
15.64,19.16831573,-0.1739848288,0.3711087281,0.824831114,0.3604855825,0.4098687702,0.9001645526,1.49456362e-05,1.478720018e-05,0.167992409,0.810296222,0.021711369,0,0
15.664,19.1389465,-0.1756178643,0.3723007145,0.8232190047,0.3616561028,0.4116423889,0.8991577539,1.510420472e-05,1.496200774e-05,0.1694494565,0.8084846667,0.02206587675,0,0
15.688,19.10966713,-0.177293506,0.3735081616,0.8215648733,0.3628428189,0.4134505219,0.8981223482,1.526351847e-05,1.513749865e-05,0.1709413343,0.8066237525,0.02243491318,0,0
15.712,19.08047721,-0.1790146506,0.3747320143,0.8198657878,0.3640467369,0.4152954703,0.8970562617,1.542399394e-05,1.531407393e-05,0.1724703279,0.804709937,0.02281973511,0,0
15.736,19.05137633,-0.1807844933,0.3759732836,0.8181185152,0.3652689302,0.417179749,0.8959571956,1.558605875e-05,1.549214537e-05,0.1740389432,0.8027392965,0.02322176022,0,0
15.76,19.02236409,-0.1826065655,0.3772330508,0.8163194829,0.3665105429,0.4191061111,0.8948225949,1.575015405e-05,1.567213784e-05,0.1756499326,0.8007074765,0.02364259082,0,0
15.784,18.99344007,-0.1844847797,0.3785124713,0.8144647348,0.3677727948,0.4210775758,0.8936496141,1.591673731e-05,1.585449202e-05,0.1773063251,0.7986096331,0.02408404185,0,0
15.808,18.96460387,-0.1864234803,0.3798127784,0.8125498798,0.3690569846,0.42309746,0.892435076,1.608628535e-05,1.603966731e-05,0.1790114609,0.7964403652,0.02454817392,0,0
15.832,18.9358551,-0.1884275031,0.3811352874,0.8105700321,0.3703644944,0.4251694148,0.8911754237,1.625929782e-05,1.622814521e-05,0.1807690315,0.794193636,0.02503733249,0,0
15.856,18.90719337,-0.1905022454,0.3824813985,0.808519742,0.3716967933,0.4272974675,0.8898666638,1.643630104e-05,1.642043307e-05,0.182583126,0.7918626796,0.02555419444,0,0
15.88,18.87861826,-0.192653747,0.3838525993,0.8063929132,0.3730554395,0.4294860699,0.8885043001,1.661785246e-05,1.66170684e-05,0.1844582845,0.7894398916,0.02610182382,0,0
15.904,18.8501294,-0.194888787,0.3852504658,0.8041827072,0.3744420827,0.4317401541,0.8870832542,1.680454563e-05,1.681862373e-05,0.186399561,0.7869167002,0.02668373886,0,0
15.928,18.82172639,-0.1972149972,0.3866766615,0.8018814294,0.375858463,0.4340651975,0.8855977704,1.699701594e-05,1.702571215e-05,0.1884125959,0.7842834112,0.02730399281,0,0
15.952,18.79340885,-0.1996409969,0.3881329342,0.799480393,0.3773064089,0.4364672981,0.8840413027,1.719594721e-05,1.723899374e-05,0.1905037026,0.7815290252,0.0279672722,0,0
15.976,18.76517639,-0.2021765546,0.3896211081,0.7969697582,0.37878783,0.438953263,0.8824063778,1.740207927e-05,1.745918296e-05,0.1926799674,0.7786410159,0.0286790167,0,0
16,18.73702863,-0.2048327807,0.3911430703,0.794338338,0.3803047047,0.4415307118,0.880684429,1.761621678e-05,1.768705717e-05,0.1949493698,0.7756050639,0.02944556633,0,0
16.024,18.70896518,-0.2076223608,0.3927007492,0.7915733645,0.3818590597,0.4442081979,0.8788655943,1.783923947e-05,1.79234666e-05,0.1973209234,0.7724047332,0.03027434338,0,0
16.048,18.68098567,-0.2105598379,0.3942960809,0.7886602058,0.3834529383,0.4469953521,0.8769384676,1.807211415e-05,1.81693461e-05,0.1998048451,0.7690210763,0.03117407857,0,0
16.072,18.65308972,-0.2136619564,0.3959309592,0.7855820201,0.3850883519,0.4499030518,0.8748897926,1.831590891e-05,1.842572881e-05,0.2024127563,0.7654321495,0.03215509418,0,0
16.096,18.62527696,-0.2169480834,0.3976071613,0.782319333,0.3867672087,0.452943623,0.8727040807,1.857180979e-05,1.869376247e-05,0.2051579259,0.7616124129,0.03322966118,0,0
16.12,18.59754702,-0.2204407292,0.3993262403,0.7788495146,0.388491208,0.4561310791,0.870363134,1.884114076e-05,1.89747288e-05,0.2080555617,0.7575319853,0.03441245295,0,0
16.144,18.56989953,-0.2241661923,0.4010893689,0.7751461306,0.390261688,0.4594814073,0.8678454407,1.91253876e-05,1.927006669e-05,0.211123164,0.7531557094,0.03572112661,0,0
16.168,18.54233412,-0.2281553654,0.4028971128,0.7711781326,0.3920794037,0.4630129094,0.8651254077,1.942622659e-05,1.958140011e-05,0.2143809546,0.7484419714,0.037177074,0,0
16.192,18.51485042,-0.2324447495,0.4047491034,0.7669088369,0.393944204,0.4667466104,0.8621723725,1.974555941e-05,1.991057204e-05,0.2178523987,0.7433412003,0.03880640097,0,0
16.216,18.48744808,-0.2370777386,0.4066435626,0.7622946325,0.3958545627,0.4707067464,0.8589493242,2.008555569e-05,2.025968577e-05,0.2215648415,0.7377939419,0.04064121661,0,0
16.24,18.46012672,-0.2421062572,0.4085766083,0.7572833309,0.3978068921,0.4749213457,0.8554112267,2.044870528e-05,2.063115571e-05,0.225550285,0.7317283671,0.04272134785,0,0
16.264,18.43288601,-0.2475928651,0.4105412362,0.751812046,0.3997945326,0.4794229171,0.8515028014,2.083788307e-05,2.102777036e-05,0.2298463339,0.7250570212,0.04509664489,0,0
16.288,18.40572556,-0.2536134787,0.4125258101,0.7458044493,0.4018062538,0.4842492546,0.8471555596,2.125642991e-05,2.145277092e-05,0.234497341,0.7176725426,0.04783011637,0,0
16.312,18.37864505,-0.260260912,0.4145118056,0.7391671968,0.403824009,0.4894443577,0.8422837853,2.170825457e-05,2.190995029e-05,0.2395557798,0.7094419755,0.05100224471,0,0
16.336,18.3516441,-0.2676495071,0.4164703969,0.7317852515,0.4058195334,0.495059441,0.8367790318,2.219796345e-05,2.240377901e-05,0.2450838506,0.7001991486,0.0547170008,0,0
16.36,18.32472237,-0.2759212075,0.4183572282,0.7235157431,0.4077491252,0.5011539515,0.8305024862,2.273102717e-05,2.293956701e-05,0.2511552837,0.6897343801,0.05911033619,0,0
16.384,18.29787952,-0.2852535138,0.4201042923,0.7141799122,0.4095455253,0.5077963997,0.8232742461,2.331399708e-05,2.352367373e-05,0.2578571841,0.6777804848,0.06436233106,0,0
16.408,18.27111519,-0.2958698255,0.4216071196,0.7035526226,0.4111050914,0.5150645755,0.814858079,2.395478987e-05,2.416378424e-05,0.2652915175,0.6639936895,0.07071479302,0,0
16.432,18.24442904,-0.3080525976,0.4227042453,0.6913489869,0.4122672079,0.5230442447,0.8049395458,2.466306683e-05,2.486927715e-05,0.2735752825,0.647927673,0.07849704448,0,0
16.456,18.21782073,-0.3221592673,0.4231437599,0.6772081191,0.4127806929,0.53182444,0.7930944061,2.545074649e-05,2.565172163e-05,0.2828372357,0.6289987376,0.0881640267,0,0
16.48,18.19128993,-0.3386392984,0.422527978,0.6606756247,0.41224814,0.5414854261,0.7787430963,2.633270886e-05,2.652556003e-05,0.2932064673,0.6064408108,0.1003527219,0,0
16.504,18.16483628,-0.3580461223,0.4202208211,0.6411910204,0.4100325938,0.5520711587,0.7610864948,2.732778016e-05,2.750906192e-05,0.304782565,0.5792526533,0.1159647817,0,0
16.528,18.13845946,-0.3810255727,0.4151922079,0.6180985435,0.4051004607,0.5635291089,0.7390211044,2.846013774e-05,2.862568454e-05,0.3175650574,0.5461521935,0.1362827491,0,0
16.552,18.11215913,-0.4082312187,0.4057605139,0.5907313407,0.3957609804,0.5755817254,0.7110487118,2.976135988e-05,2.990605671e-05,0.3312943235,0.5055902714,0.1631154051,0,0
16.576,18.08593497,-0.4400409854,0.3891911845,0.5586961144,0.3792592001,0.5874571022,0.6752620892,3.127349417e-05,3.139094667e-05,0.3451058479,0.4559788901,0.198915262,0,0
16.6,18.05978663,-0.4757830116,0.3611809296,0.5226546209,0.3512512203,0.5973450746,0.6297184073,3.305378685e-05,3.313583332e-05,0.3568211392,0.3965452736,0.2466335872,0,0
16.624,18.03371379,-0.5119158481,0.3156299323,0.4861666444,0.3055692268,0.6013984451,0.5742216981,3.51822242e-05,3.521818971e-05,0.361680091,0.3297305598,0.3085893492,0,0
16.648,18.00771612,-0.5387041567,0.2463047798,0.4590616634,0.2359063083,0.5923412977,0.5161292446,3.777404514e-05,3.77495567e-05,0.3508682144,0.2663893985,0.3827423871,0,0
16.672,17.98179331,-0.5375678813,0.1538686981,0.4601136521,0.142955106,0.5591554374,0.4818098537,4.100150637e-05,4.089652238e-05,0.3126548049,0.2321407368,0.4552044583,0,0
16.696,17.95594502,-0.48879518,0.05799143973,0.5091545686,0.04665201491,0.4922232573,0.5112873802,4.513396448e-05,4.491930966e-05,0.2422837371,0.2614147872,0.4963014757,0,0
16.72,17.93017093,-0.3955899233,-0.005084997212,0.6027345062,-0.01648852635,0.3956226037,0.6029599957,5.061706826e-05,5.02479062e-05,0.1565172472,0.363560759,0.4799219939,0,0
16.744,17.90447074,-0.2916986264,-0.01520978741,0.7067720638,-0.02646429518,0.2920948926,0.7072673534,5.824376584e-05,5.764618306e-05,0.08531942967,0.5002271125,0.4144534579,0,0
16.768,17.87884411,-0.2089855864,0.01432406645,0.7894340452,0.003146915583,0.2094759036,0.7894403174,6.956891451e-05,6.860905241e-05,0.04388015903,0.6232160194,0.3329038215,0,0
16.792,17.85329073,-0.1556552007,0.0595256006,0.8426908005,0.04830437151,0.1666488483,0.8440741067,8.808484284e-05,8.648651401e-05,0.02777184638,0.7124611051,0.2597670485,0,0
16.816,17.8278103,-0.1255451497,0.105067551,0.8727767835,0.09375104218,0.1637094221,0.8777975687,0.0001233662182,0.0001204473069,0.02680079011,0.7705285862,0.2026706237,0,0
16.84,17.80240249,-0.1103644695,0.1450441618,0.8879777664,0.1336340258,0.1822584017,0.8979769298,0.000209932417,0.0002038545822,0.03321816907,0.8063626081,0.1604192228,0,0
16.864,17.77706701,-0.103989427,0.1783845697,0.8943960111,0.166901242,0.2064820951,0.9098352869,0.0003648928595,0.0003679713546,0.04263498876,0.8278003847,0.1295646265,0,0
16.888,17.75180353,-0.1026180236,0.2057627523,0.8958173909,0.1942280973,0.2299320965,0.9166315245,0.0001801968781,0.0001805552325,0.05286880147,0.8402133842,0.1069178143,0,0
16.912,17.72661175,-0.104030427,0.228253231,0.894452843,0.2166849717,0.2508423154,0.9203250868,9.646492381e-05,9.495559238e-05,0.06292187651,0.8469982744,0.09007984911,0,0
16.936,17.70149138,-0.1069548063,0.2468669968,0.8915701167,0.2352780238,0.2690402287,0.9220916557,6.216657974e-05,6.052653511e-05,0.07238264854,0.8502530251,0.07736432633,0,0
16.96,17.6764421,-0.1106643792,0.2624339857,0.8878945501,0.2508331425,0.2848125729,0.9226451091,4.404584885e-05,4.248340196e-05,0.08111820363,0.8512739992,0.06760779715,0,0
16.984,17.65146361,-0.114743224,0.2756026188,0.8838419275,0.2639957056,0.2985344384,0.9224263035,3.291364618e-05,3.144723378e-05,0.08912281201,0.8508702864,0.06000690158,0,0
17.008,17.62655562,-0.1189536592,0.2868708306,0.8796503834,0.2752614566,0.3105557059,0.9217123556,2.539489629e-05,2.401390564e-05,0.09644484712,0.849553667,0.05400148587,0,0
17.032,17.60171783,-0.1231612183,0.2966198691,0.8754550655,0.2850100934,0.3211729011,0.9206803599,1.997874199e-05,1.866988565e-05,0.1031520328,0.8476523254,0.04919564173,0,0
17.056,17.57694993,-0.1272918066,0.3051427858,0.8713308049,0.293533577,0.3306286796,0.919445122,1.589179754e-05,1.464384777e-05,0.109315324,0.8453793326,0.04530534336,0,0
17.08,17.55225164,-0.1313069105,0.312666479,0.8673168288,0.301058039,0.3391192001,0.9180819269,1.269850757e-05,1.150280678e-05,0.115001832,0.8428744245,0.04212374344,0,0
17.104,17.52762266,-0.1351890509,0.3193681787,0.8634312771,0.3077601696,0.3468027005,0.9166405469,1.013566351e-05,8.985865403e-06,0.1202721132,0.8402298924,0.03949799443,0,0
17.128,17.5030627,-0.1389331387,0.3253876221,0.8596798395,0.3137793262,0.3538071815,0.9151540264,8.035702699e-06,6.927590014e-06,0.1251795217,0.8375068921,0.0373135862,0,0
17.152,17.47857148,-0.1425412825,0.3308360276,0.8560609505,0.319226462,0.3602367199,0.913644288,6.288204143e-06,5.220014609e-06,0.1297704944,0.8347458851,0.0354836205,0,0
17.176,17.4541487,-0.1460196469,0.3358027321,0.8525689382,0.3241907314,0.3661764768,0.9121257724,4.819880433e-06,3.794057761e-06,0.1340852122,0.8319734247,0.03394136316,0,0
17.2,17.42979407,-0.1493765446,0.3403601293,0.8491959402,0.3287444068,0.3716966097,0.9106078354,3.585389102e-06,2.615143902e-06,0.1381583697,0.8292066299,0.03263500038,0,0
17.224,17.40550732,-0.15262128,0.3445673736,0.8459330681,0.3329465684,0.3768553171,0.9090963497,2.568191006e-06,1.703145586e-06,0.14201993,0.8264561731,0.03152389686,0,0
17.248,17.38128815,-0.1557634546,0.3484731804,0.8427711085,0.336845894,0.3817012068,0.9075947871,1.799086726e-06,1.209180943e-06,0.1456958113,0.8237282977,0.03057589108,0,0
17.272,17.35713629,-0.1588125587,0.3521179624,0.8397009385,0.3404827886,0.3862751458,0.9061049583,1.394964971e-06,1.327690066e-06,0.1492084883,0.8210261954,0.02976531627,0,0
17.296,17.33305146,-0.1617777397,0.3555354731,0.8367137615,0.3438910237,0.3906117122,0.9046275227,1.463750838e-06,1.809821564e-06,0.1525775097,0.8183509548,0.02907153551,0,0
17.32,17.30903337,-0.1646676812,0.3587540816,0.8338012329,0.3470990089,0.3947403404,0.9031623431,1.847916227e-06,2.372492856e-06,0.1558199363,0.815702218,0.02847784568,0,0
17.344,17.28508176,-0.1674905495,0.3617977708,0.8309555171,0.3501307879,0.3986862315,0.9017087335,2.33800892e-06,2.925250163e-06,0.1589507112,0.8130786401,0.02797064874,0,0
17.368,17.26119634,-0.1702539821,0.3646869234,0.8281693019,0.3530068235,0.4024710804,0.9002656331,2.842732264e-06,3.445071688e-06,0.1619829706,0.8104782101,0.02753881935,0,0
17.392,17.23737684,-0.1729650997,0.3674389469,0.8254357885,0.3557446218,0.4061136607,0.8988317289,3.331704478e-06,3.927173644e-06,0.1649283054,0.8078984769,0.02717321764,0,0
17.416,17.21362299,-0.1756305329,0.3700687735,0.822748667,0.3583592317,0.4096302982,0.8974055426,3.795441008e-06,4.372215484e-06,0.1677969813,0.805336708,0.02686631078,0,0
17.44,17.18993452,-0.1782564553,0.3725892634,0.8201020842,0.3608636471,0.4130352565,0.8959854912,4.231762309e-06,4.782548942e-06,0.1705981231,0.8027900004,0.02661187649,0,0
17.464,17.16631115,-0.1808486201,0.3750115312,0.8174906087,0.363269134,0.4163410525,0.8945699296,4.641201732e-06,5.160972438e-06,0.173339872,0.800255359,0.02640476903,0,0
17.488,17.14275263,-0.1834123966,0.377345213,0.8149091942,0.3655854964,0.419558717,0.893157181,5.025313247e-06,5.510297611e-06,0.176029517,0.79772975,0.02624073293,0,0
17.512,17.11925868,-0.1859528055,0.3795986856,0.8123531455,0.3678212954,0.4226980104,0.8917455569,5.386007912e-06,5.833215541e-06,0.178673608,0.7952101383,0.02611625372,0,0
17.536,17.09582904,-0.1884745521,0.3817792478,0.8098180844,0.3699840294,0.4257676019,0.8903333712,5.725298832e-06,6.132287177e-06,0.1812780509,0.7926935119,0.02602843727,0,0
17.56,17.07246344,-0.1909820566,0.3838932717,0.8072999198,0.3720802843,0.4287752208,0.8889189493,6.045230837e-06,6.409993734e-06,0.18384819,0.7901768985,0.02597491148,0,0
17.584,17.04916162,-0.1934794816,0.3859463285,0.8047948191,0.3741158581,0.4317277826,0.8875006345,6.347912862e-06,6.668824774e-06,0.1863888783,0.7876573762,0.02595374549,0,0
17.608,17.02592333,-0.1959707569,0.3879432957,0.802299183,0.3760958654,0.4346314971,0.8860767907,6.63563107e-06,6.911400178e-06,0.1889045383,0.7851320791,0.02596338259,0,0
17.632,17.0027483,-0.1984596003,0.3898884477,0.7998096226,0.378024826,0.4374919595,0.8846458056,6.911055778e-06,7.140632596e-06,0.1913992147,0.7825982015,0.02600258384,0,0
17.656,16.97963627,-0.2009495362,0.3917855335,0.797322939,0.3799067389,0.4403142291,0.8832060911,7.177588747e-06,7.359945157e-06,0.1938766204,0.7800529994,0.02607038019,0,0
17.68,16.95658699,-0.2034439108,0.3936378437,0.7948361061,0.3817451458,0.4431028964,0.8817560841,7.439946279e-06,7.573567997e-06,0.1963401769,0.777493792,0.02616603113,0,0
17.704,16.9336002,-0.2059459043,0.3954482699,0.7923462546,0.383543185,0.445862142,0.8802942473,7.70516057e-06,7.786948474e-06,0.1987930498,0.7749179619,0.02628898833,0,0
17.728,16.91067565,-0.2084585399,0.3972193564,0.7898506591,0.3853036373,0.4485957868,0.8788190693,7.984349424e-06,8.007325153e-06,0.20123818,0.7723229567,0.02643886329,0,0
17.752,16.88781309,-0.2109846896,0.3989533468,0.7873467273,0.3870289664,0.4513073367,0.8773290659,8.295940881e-06,8.244536559e-06,0.2036783122,0.76970629,0.02661539783,0,0
17.776,16.86501226,-0.2135270769,0.4006522261,0.7848319909,0.388721353,0.4540000208,0.8758227813,8.671733576e-06,8.512163869e-06,0.206116019,0.7670655443,0.02681843678,0,0
17.8,16.84227292,-0.2160882757,0.4023177601,0.7823040986,0.3903827248,0.4566768255,0.8742987902,9.168637846e-06,8.82914458e-06,0.208553723,0.7643983746,0.02704790233,0,0
17.824,16.81959482,-0.2186707054,0.4039515307,0.7797608118,0.3920147829,0.4593405235,0.872755701,9.892083372e-06,9.222046834e-06,0.2109937166,0.7617025137,0.02730376963,0,0
17.848,16.7969777,-0.2212766228,0.4055549701,0.7772000011,0.3936190254,0.4619936986,0.8711921595,1.104394464e-05,9.728277302e-06,0.2134381777,0.7589757789,0.02758604339,0,0
17.872,16.77442133,-0.2239081086,0.4071293927,0.7746196455,0.3951967683,0.4646387666,0.8696068542,1.302323367e-05,1.040065779e-05,0.2158891836,0.7562160809,0.02789473542,0,0
17.896,16.75192546,-0.2265670503,0.408676025,0.7720178336,0.3967491643,0.4672779919,0.8679985223,1.663962542e-05,1.131418043e-05,0.2183487219,0.7534214349,0.0282298432,0,0
17.92,16.72948984,-0.2292551205,0.4101960339,0.7693927659,0.3982772212,0.4699134989,0.866365958,2.34712348e-05,1.257666231e-05,0.220818697,0.7505899733,0.02859132969,0,0
17.944,16.70711424,-0.2319737504,0.4116905527,0.7667427598,0.3997818182,0.4725472802,0.8647080212,3.480119259e-05,1.434720268e-05,0.2233009333,0.747719962,0.02897910467,0,0
17.968,16.68479842,-0.2347240997,0.413160705,0.7640662554,0.401263723,0.4751811982,0.8630236486,4.106672708e-05,1.68715419e-05,0.2257971728,0.7448098183,0.02939300889,0,0
17.992,16.66254213,-0.2375070219,0.4146076253,0.7613618235,0.4027236083,0.4778169822,0.8613118663,3.456858085e-05,2.055650924e-05,0.2283090696,0.7418581314,0.02983279897,0,0
18.016,16.64034514,-0.240323029,0.4160324763,0.7586281746,0.4041620697,0.4804562203,0.8595718038,2.789556152e-05,2.614327008e-05,0.2308381804,0.7388636865,0.03029813307,0,0
18.04,16.61820721,-0.2431722542,0.4174364628,0.7558641683,0.405579645,0.4831003474,0.85780271,2.377056775e-05,3.516825788e-05,0.2333859462,0.7358254906,0.03078856319,0,0
18.064,16.5961281,-0.2460544176,0.4188208412,0.753068824,0.4069768361,0.4857506289,0.8560039712,2.125609028e-05,5.14680344e-05,0.2359536739,0.7327428014,0.03130352465,0,0
18.088,16.57410759,-0.2489687979,0.4201869274,0.75024133,0.4083541345,0.4884081452,0.8541751298,1.965000221e-05,8.813540332e-05,0.2385425166,0.7296151601,0.03184232321,0,0
18.112,16.55214543,-0.2519142135,0.4215361019,0.7473810517,0.4097120521,0.4910737787,0.8523159051,1.857542795e-05,0.0002377254311,0.2411534565,0.7264424586,0.03240408493,0,0
18.136,16.5302414,-0.2548890201,0.4228698184,0.7444875362,0.4110511591,0.4937482111,0.8504262148,1.782821334e-05,0.0004691072831,0.2437872963,0.7232249669,0.03298773682,0,0
18.16,16.50839526,-0.2578911298,0.424189619,0.7415605117,0.4123721304,0.4964319366,0.848506197,1.729170998e-05,0.0001320112682,0.246444668,0.7199627838,0.03359254821,0,0
18.184,16.4866068,-0.2609180581,0.425497163,0.7385998786,0.4136758054,0.4991253037,0.8465562312,1.689540248e-05,8.097103884e-05,0.249126069,0.7166574592,0.03421647177,0,0
18.208,16.46487577,-0.2639670073,0.4267942805,0.735605688,0.414963263,0.5018285951,0.8445769579,1.65943719e-05,6.048053156e-05,0.2518319391,0.7133102414,0.03485781945,0,0
18.232,16.44320195,-0.2670349925,0.4280830601,0.7325781018,0.416235917,0.5045421623,0.8425692932,1.635859002e-05,4.945066451e-05,0.2545627938,0.7099230163,0.03551418983,0,0
18.256,16.42158512,-0.2701190193,0.4293659844,0.7295173268,0.417495639,0.5072666293,0.8405344363,1.616704847e-05,4.255006837e-05,0.2573194334,0.7064981405,0.03618242606,0,0
18.28,16.40002505,-0.2732163235,0.4306461275,0.7264235099,0.4187449129,0.5100031829,0.8384738624,1.600438733e-05,3.780389706e-05,0.2601032468,0.7030384193,0.03685833385,0,0
18.304,16.37852153,-0.2763246879,0.4319274259,0.7232965791,0.4199870321,0.5127539706,0.8363892924,1.585888183e-05,3.431066728e-05,0.2629166346,0.6995470497,0.03753631574,0,0
18.328,16.35707431,-0.2794428608,0.433215034,0.7201360035,0.4212263453,0.5155226262,0.8342826245,1.572120521e-05,3.159925394e-05,0.2657635784,0.6960274985,0.03820892311,0,0
18.352,16.3356832,-0.2825711151,0.4345157686,0.716940437,0.4224685616,0.5183149508,0.8321558002,1.55836616e-05,2.939848727e-05,0.2686503885,0.6924832766,0.03886633489,0,0
18.376,16.31434795,-0.2857120117,0.4358386368,0.7137071893,0.4237211168,0.5211397806,0.8300105644,1.543972836e-05,2.754038103e-05,0.2715866712,0.6889175377,0.03949579105,0,0
18.4,16.29306837,-0.2888714722,0.437195421,0.710431441,0.4249935984,0.5240100797,0.8278480483,1.528382946e-05,2.591464061e-05,0.2745865638,0.6853323917,0.04008104444,0,0
18.424,16.27184422,-0.2920603172,0.4386012566,0.7071050757,0.4262982,0.5269442961,0.8256680589,1.511131657e-05,2.444547413e-05,0.2776702914,0.681727744,0.0406019646,0,0
18.448,16.2506753,-0.2952965096,0.440075057,0.7037149415,0.4276501292,0.5299680032,0.8234678815,1.491867746e-05,2.307914773e-05,0.2808660846,0.6780993524,0.04103456299,0,0
18.472,16.22956139,-0.2986084366,0.4416394836,0.7002402634,0.4290677874,0.5331157772,0.8212402771,1.470403295e-05,2.17772535e-05,0.2842124321,0.6744355932,0.04135197473,0,0
18.496,16.20850227,-0.3020396572,0.4433198485,0.6966488232,0.4305723308,0.5364330737,0.8189701551,1.446802882e-05,2.051340685e-05,0.2877604428,0.6707121154,0.04152744186,0,0
18.52,16.18749773,-0.3056555373,0.4451407606,0.6928914297,0.4321858079,0.5399774108,0.8166291116,1.421527073e-05,1.927239403e-05,0.2915756044,0.6668831063,0.04154128932,0,0
18.544,16.16654756,-0.3095518313,0.4471183139,0.6888942738,0.4339262844,0.5438171778,0.8141666542,1.395646693e-05,1.805150079e-05,0.2957371231,0.6628673412,0.04139553577,0,0
18.54965834,16.16161616,-0.3105250564,0.4476072917,0.6879060834,0.4343560204,0.5447734375,0.8135600359,1.38964797e-05,1.776763989e-05,0.2967780984,0.6618799323,0.04134196925,0,0
18.568,16.14565155,-0.3138638972,0.4492440925,0.6845493941,0.4357970092,0.5480244526,0.8114967074,1.371136428e-05,1.686417065e-05,0.3003308008,0.6585269064,0.04114229272,0,0
18.592,16.12480949,-0.3187715188,0.4514557456,0.6797056913,0.4377647049,0.5526550203,0.8084786723,1.351224391e-05,1.574622787e-05,0.3054275716,0.6536377639,0.0409346645,0,0
18.616,16.10402116,-0.3244863521,0.4535899939,0.6741687602,0.4397205975,0.557705366,0.8048960934,1.340695851e-05,1.476413986e-05,0.3110352755,0.6478577213,0.0411070032,0,0
18.64,16.08328637,-0.3311972053,0.4553250804,0.6677296675,0.4414217101,0.5630386467,0.8004473968,1.345914242e-05,1.402192764e-05,0.3170125179,0.6407160352,0.04227144694,0,0
18.664,16.06260491,-0.3389454033,0.4561523237,0.6602572305,0.4424318552,0.5682947552,0.7947864851,1.374199418e-05,1.365729306e-05,0.322958929,0.6316855571,0.04535551393,0,0
18.688,16.04197656,-0.3474464786,0.4554635817,0.6518771388,0.4421351739,0.5728578617,0.7876720867,1.432312136e-05,1.381315169e-05,0.3281661299,0.6204273163,0.05140655377,0,0
18.712,16.02140113,-0.3559933982,0.4528243469,0.6431624417,0.4399420917,0.5760045041,0.7792348622,1.524349483e-05,1.458468431e-05,0.3317811889,0.6072069706,0.06101184043,0,0
18.736,16.00087842,-0.3636467913,0.4483090234,0.6350922091,0.4356909702,0.5772520847,0.7701744839,1.65005144e-05,1.597601976e-05,0.3332199696,0.5931687359,0.0736112945,0,0
18.76,15.98040821,-0.3696865717,0.4425639584,0.6286061456,0.4299137396,0.5766550256,0.7615586056,1.804513402e-05,1.790352619e-05,0.3511316171,0.5974705822,0.05139780069,0.0186005982,0.01749907214
18.784,15.95999031,-0.3739391772,0.4364673973,0.6240805877,0.4235874582,0.5747471593,0.7542565311,1.979413102e-05,2.023456262e-05,0.3614117507,0.598151281,0.0404369683,0.03107745318,0.02924836594
18.808,15.93962452,-0.3767064627,0.4307096074,0.6212521639,0.4175813681,0.5722049676,0.7485509002,2.165024186e-05,2.282527185e-05,0.365344215,0.5968700476,0.03778573737,0.03792568958,0.03654159693
18.832,15.91931064,-0.3784708946,0.4256266658,0.61955811,0.4123410655,0.5695597218,0.7442294042,2.352158562e-05,2.554203858e-05,0.3640974525,0.5926305231,0.04327202437,0.03969917521,0.03875311645
18.856,15.89904847,-0.3796646627,0.4212728774,0.6184727149,0.4079374868,0.5671120642,0.7408923621,2.533500146e-05,2.827088635e-05,0.3624170221,0.5889336052,0.04864937272,0.0408009281,0.04001211216
18.88,15.87883782,-0.3805874998,0.417558162,0.6176395808,0.4042498296,0.564979348,0.7381711025,2.704165602e-05,3.092112436e-05,0.3617854496,0.5867416855,0.05147286496,0.04258378514,0.04184510799
18.904,15.85867848,-0.3814161265,0.4143484916,0.6168617523,0.4011057113,0.5631722064,0.7358017485,2.861606941e-05,3.342597609e-05,0.3622233628,0.5857445974,0.05203203974,0.04506042798,0.04434038324
18.92439891,15.84158416,-0.3821156342,0.4119212387,0.6161752276,0.3987421828,0.5618642761,0.733939534,2.984461018e-05,3.540684495e-05,0.3632089157,0.5854719084,0.05131917592,0.04751744997,0.04680466763
18.928,15.83857027,-0.3822411053,0.4115158424,0.6160495926,0.3983477579,0.5616525181,0.7336198176,3.005115363e-05,3.574086737e-05,0.3634240895,0.5854568194,0.05111909111,0.04797053749,0.04725878136
18.952,15.81851298,-0.3831006386,0.4089555625,0.6151744769,0.3958534919,0.5603666223,0.7315323807,3.135191153e-05,3.783976711e-05,0.3650490631,0.585472769,0.04947816792,0.05103831071,0.05033314348
18.976,15.79850643,-0.3840039055,0.4065883343,0.6142385782,0.3935348586,0.559261185,0.7294920945,3.25296023e-05,3.971023762e-05,0.3668058152,0.5854955995,0.04769858529,0.05403274108,0.05333688205
19,15.77855042,-0.3849452425,0.4043565749,0.6132577221,0.39133156,0.5582894226,0.7274788131,3.35971469e-05,4.134794892e-05,0.3684765199,0.5853349293,0.04618855077,0.05678943944,0.05610950401
19.024,15.75864476,-0.3859121416,0.4022197175,0.6122524509,0.3892039529,0.5574126678,0.7254879604,3.456577657e-05,4.275120733e-05,0.3699269854,0.5848963081,0.04517670644,0.05921810206,0.05856352564
19.048,15.73878927,-0.3868895121,0.4001500132,0.6112436968,0.3871272742,0.5565999709,0.7235235887,3.544250451e-05,4.391566499e-05,0.3711001597,0.5841643427,0.0447354976,0.06129663083,0.06067795737
19.072,15.71898375,-0.3878618131,0.3981292833,0.6102508773,0.3850874255,0.5558270525,0.7215943865,3.62277972e-05,4.482894489e-05,0.371998417,0.5831801494,0.04482143364,0.06305470343,0.06248168879
19.096,15.69922801,-0.3888140296,0.3961466066,0.6092911889,0.383078088,0.5550752053,0.7197114522,3.691264389e-05,4.546446523e-05,0.3726614675,0.5820176371,0.04532089544,0.06455298262,0.06403306062
19.12,15.67952186,-0.3897320658,0.3941968116,0.6083794247,0.381098868,0.5543304153,0.7178870884,3.74738462e-05,4.577319083e-05,0.3731462336,0.5807633045,0.04609046192,0.06586402279,0.0654014308
19.144,15.65986513,-0.3906029171,0.3922796363,0.6075279255,0.3791542203,0.553582832,0.7161341376,3.786542008e-05,4.567117901e-05,0.3735122561,0.5795019725,0.04698577143,0.06705830274,0.06665386733
19.168,15.64025762,-0.3914148901,0.3903994457,0.6067463982,0.3772529422,0.5528266848,0.7144655163,3.800172087e-05,4.501931751e-05,0.3738133477,0.5783083928,0.04787825953,0.06819600285,0.06784741671
19.192,15.62069915,-0.392158136,0.3885653877,0.6060413679,0.3754080396,0.5520607432,0.7128936357,3.772217575e-05,4.35893323e-05,0.3740945192,0.5772431767,0.04866230409,0.06932345365,0.06902583901
19.216,15.60118953,-0.3928258086,0.3867917874,0.6054150292,0.3736366935,0.5512894002,0.7114293614,3.671263927e-05,4.100829687e-05,0.3743926801,0.5763510053,0.04925631469,0.07047267595,0.07021926734
19.24,15.58172859,-0.3934161869,0.385098361,0.6048632942,0.3719598696,0.5505243353,0.7100801006,3.432125186e-05,3.668562624e-05,0.374739672,0.575659218,0.04960110998,0.07166262706,0.07144546744
19.264,15.56231613,-0.393935964,0.3835094266,0.6043730454,0.3704008248,0.5497863439,0.7088466329,2.916679459e-05,2.985046121e-05,0.3751662207,0.5751753646,0.04965841468,0.07290119588,0.07271181473
19.288,15.54295199,-0.3944043089,0.3820508122,0.6039191761,0.3689814909,0.5491061664,0.7077186672,1.956261598e-05,2.091098953e-05,0.3757050025,0.5748832155,0.049411782,0.07418742013,0.07401750324
19.312,15.52363598,-0.394855968,0.3807431064,0.6034630844,0.3677159135,0.5485221495,0.7066701404,2.1967982e-05,2.111398917e-05,0.3763901862,0.5747382699,0.04887154392,0.07551363719,0.07535558211
19.336,15.50436791,-0.3953399232,0.3795913563,0.6029554645,0.3666013264,0.548072306,0.7056570164,4.435694236e-05,4.098654015e-05,0.3772506907,0.5746667096,0.04808259976,0.07686743612,0.07671488314
19.36,15.48514762,-0.3959099015,0.3785750051,0.6023460057,0.3656103814,0.5477806903,0.7046216442,5.672254121e-05,6.343026306e-05,0.378297149,0.5745733794,0.04712947154,0.07823346119,0.07808171387
19.384,15.46597493,-0.3966072252,0.3776456458,0.6015990021,0.3646907284,0.5476436112,0.7035059962,6.188706714e-05,7.8988337e-05,0.3795085252,0.5743620212,0.04612945368,0.07959499645,0.07944132819
19.408,15.44684965,-0.3974442438,0.3767383116,0.6007077628,0.3637763412,0.5476254946,0.7022699216,6.480726635e-05,8.809488616e-05,0.3808290378,0.5739622197,0.04520874246,0.08093535128,0.08077916918
19.432,15.42777161,-0.3983997194,0.3757923019,0.5996982225,0.3628070827,0.5476697825,0.7009043711,6.717767759e-05,9.369965154e-05,0.3821812228,0.5733488222,0.04446995499,0.08223902762,0.0820818761
19.456,15.40874065,-0.3994295165,0.3747689473,0.5986185562,0.3617456337,0.5477186344,0.6994312542,6.952929095e-05,9.778566952e-05,0.383488354,0.5725421349,0.04396951107,0.08349264675,0.08333804601
19.48,15.38975657,-0.4004843036,0.3736568008,0.5975217389,0.3605828196,0.5477290226,0.697891251,7.205336852e-05,0.000101343199,0.3846927017,0.5715909539,0.04371634436,0.08468561435,0.08453874539
19.504,15.37081922,-0.4015233633,0.3724654106,0.5964512908,0.359331563,0.5476782754,0.696328453,7.483822394e-05,0.0001048455789,0.3857620117,0.5705511037,0.04368688454,0.08581051279,0.08567777823
19.528,15.35192841,-0.4025200403,0.3712150431,0.5954352405,0.3580161785,0.5475609474,0.6947796123,7.794141767e-05,0.0001085322905,0.3866862237,0.569470452,0.04384332436,0.08686322653,0.08675173047
19.552,15.33308398,-0.4034607779,0.3699282578,0.5944869704,0.3566631699,0.5473824214,0.693270059,8.141455536e-05,0.0001125399311,0.387470347,0.5683832113,0.04414644173,0.08784282514,0.08775982385
19.576,15.31428576,-0.4043414933,0.3686251705,0.5936092053,0.3552958744,0.5471531408,0.6918143154,8.531317511e-05,0.0001169601403,0.3881278129,0.5673106825,0.04456150463,0.08875124609,0.08870362185
19.6,15.29553357,-0.4051638622,0.3673217099,0.5927982661,0.353932463,0.5468848086,0.6904186937,8.970150226e-05,0.0001218649632,0.3886758327,0.5662646228,0.04505954449,0.08959283086,0.0895866353
19.624,15.27682725,-0.4059325252,0.3660295676,0.5920473326,0.3525859298,0.546588382,0.6890840891,9.465512564e-05,0.0001273168598,0.3891326415,0.5652507725,0.04561658598,0.09037377317,0.09041387439
19.648,15.25816663,-0.4066533031,0.3647568543,0.5913485313,0.3512649337,0.5462732574,0.6878082139,0.0001002622347,0.0001333698645,0.3895160173,0.5642715457,0.04621243693,0.09110153554,0.09119138886
19.672,15.23955155,-0.4073321852,0.3635089129,0.5906941025,0.349974828,0.5459471026,0.6865871416,0.0001066226798,0.0001400632768,0.3898425325,0.5633277524,0.04682971505,0.09178428229,0.09192582985
19.696,15.22098182,-0.4079748165,0.3622890516,0.5900769636,0.3487185854,0.5456159893,0.6854162784,0.0001138425453,0.0001474061834,0.390127187,0.562419554,0.047453259,0.09243036632,0.09262405748
19.72,15.2024573,-0.408586278,0.3610991288,0.5894909197,0.3474975295,0.5452846297,0.6842909304,0.0001220193098,0.0001553486722,0.3903832358,0.5615469105,0.04806985371,0.09304789353,0.09329280896
19.744,15.18397782,-0.4091710259,0.3599399897,0.5889306889,0.3463118743,0.5449566264,0.6832066091,0.0001312081032,0.0001637339207,0.3906221198,0.5607097312,0.04866814904,0.09364437791,0.09393843374
19.768,15.1655432,-0.409732909,0.358811782,0.5883918385,0.3451611093,0.5446346955,0.6821591801,0.000141352586,0.0001722267011,0.3908534613,0.5599078728,0.04923866591,0.09422648974,0.0945666961
19.792,15.14715329,-0.4102752206,0.3577141799,0.5878706875,0.3440442658,0.5443208532,0.68114492,0.0001521574123,0.0001802244475,0.3910851068,0.5591410753,0.04977381784,0.09479989249,0.09518264078
19.816,15.12880793,-0.4108007621,0.3566465422,0.5873642023,0.3429601008,0.5440165643,0.6801605229,0.0001628883218,0.0001867870048,0.3913232078,0.5584088863,0.05026790587,0.09536915907,0.09579051455
19.84,15.11050696,-0.4113119057,0.3556080222,0.5868698989,0.3419072206,0.5437228607,0.6792030814,0.0001721533959,0.0001906724552,0.3915723344,0.5577105973,0.05071706829,0.09593775553,0.09639373525
19.864,15.0922502,-0.411810652,0.3545976462,0.5863857565,0.3408841645,0.5434404326,0.6782700561,0.0001778950774,0.0001905954222,0.3918356145,0.5570452038,0.05111918167,0.09650807908,0.09699489841
19.888,15.07403751,-0.4122986815,0.3536143675,0.5859101432,0.3398894608,0.5431697006,0.6773592411,0.0001779821929,0.0001857203929,0.3921148931,0.5564113866,0.05147372036,0.09708153771,0.09759581055
19.912,15.05586872,-0.4127773975,0.3526571059,0.5854417534,0.338921664,0.5429108714,0.6764687287,0.0001714152925,0.0001761327488,0.3924109017,0.5558075153,0.05178158297,0.09765865807,0.09819754344
19.936,15.03774368,-0.413247964,0.3517247747,0.5849795555,0.3379793783,0.5426639816,0.6755968772,0.0001591532974,0.000162887924,0.3927234312,0.5552316907,0.05204487809,0.09823920896,0.09880052366
19.96,15.01966222,-0.413711337,0.3508163008,0.5845227491,0.3370612737,0.5424289329,0.6747422816,0.0001435527314,0.0001475566114,0.3930515058,0.5546818033,0.05226669087,0.0988223379,0.09940463506
19.984,15.0016242,-0.4141682914,0.349930639,0.5840707283,0.3361660948,0.5422055198,0.6739037461,0.0001270257799,0.0001316350283,0.3933935668,0.5541555643,0.0524508689,0.09940672498,0.1000092879
20.008,14.98362945,-0.414619444,0.3490667819,0.5836230519,0.3352926662,0.5419934516,0.6730802617,0.0001111988952,0.0001161974837,0.3937476448,0.5536505569,0.0526017983,0.09999073083,0.1006135047
20.032,14.96567782,-0.415065273,0.3482237675,0.5831794179,0.3344398952,0.5417923709,0.6722709848,9.68531081e-05,0.0001018495054,0.3941114804,0.5531643021,0.05272421751,0.1005724978,0.1012160148
20.056,14.94776915,-0.4155061348,0.3474006845,0.5827396431,0.3336067723,0.5416018682,0.6714752194,8.420644817e-05,8.883963526e-05,0.3944826465,0.5526943161,0.05282303738,0.1011500558,0.101815338
20.08,14.92990329,-0.4159422783,0.3465966759,0.5823036448,0.3327923709,0.5414214944,0.6706924011,7.319027274e-05,7.719730867e-05,0.3948586682,0.5522381657,0.05290316611,0.1017214282,0.1024098629
20.104,14.91208008,-0.416373858,0.3458109417,0.581871426,0.3319958453,0.541250771,0.6699220833,6.362291303e-05,6.683908275e-05,0.3952371137,0.5517935195,0.05296936682,0.1022847126,0.1029979173
20.128,14.89429938,-0.4168009448,0.3450427406,0.5814430628,0.3312164292,0.5410891982,0.6691639248,5.529817005e-05,5.763537617e-05,0.3956156655,0.5513581917,0.05302614276,0.1028381421,0.1035778301
20.152,14.87656104,-0.4172235356,0.3442913911,0.5810186933,0.3304534336,0.540936263,0.6684176791,4.802397244e-05,4.944754817e-05,0.3959921727,0.5509301787,0.05307764861,0.1033801298,0.1041479825
20.176,14.85886489,-0.417641562,0.3435562722,0.5805985088,0.3297062438,0.5407914446,0.6676831851,4.163630408e-05,4.214679443e-05,0.3963646862,0.5505076873,0.05312762648,0.103909298,0.1047068498
20.2,14.84121079,-0.4180548978,0.3428368237,0.5801827459,0.3289743173,0.5406542197,0.6669603587,3.600237932e-05,3.562344743e-05,0.3967314796,0.5500891559,0.05317936447,0.1044244931,0.1052530345
20.224,14.8235986,-0.4184633659,0.3421325458,0.5797716793,0.3282571814,0.5405240675,0.6662491855,3.102012602e-05,2.979246524e-05,0.3970910567,0.5496732677,0.05323567564,0.1049247882,0.1057852895
20.248,14.80602815,-0.418866744,0.3414429994,0.5793656165,0.3275544306,0.5404004729,0.6655497146,2.66175055e-05,2.459945495e-05,0.3974421484,0.549258957,0.05329889455,0.1054094766,0.1063025338
20.272,14.78849931,-0.4192647702,0.3407678055,0.578964893,0.3268657244,0.5402829304,0.6648620527,2.275362034e-05,2.003182165e-05,0.3977837018,0.5488454095,0.05337088871,0.1058780565,0.10680386
20.296,14.77101192,-0.4196571477,0.3401066447,0.5785698673,0.3261907854,0.5401709464,0.6641863593,1.942279771e-05,1.614141904e-05,0.3981148618,0.5484320562,0.053453082,0.1063302101,0.1072885361
20.32,14.75356585,-0.4200435489,0.3394592567,0.5781809182,0.325529397,0.5400640424,0.6635228425,1.666149316e-05,1.308380674e-05,0.3984349494,0.5480185632,0.05354648742,0.1067657792,0.1077560006
20.344,14.73616093,-0.4204236196,0.3388254401,0.577798441,0.3248814018,0.5399617567,0.6628717551,1.455309735e-05,1.114621947e-05,0.3987434361,0.5476048173,0.05365174665,0.1071847372,0.1082058535
20.368,14.71879703,-0.420796982,0.3382050514,0.5774228451,0.3242467004,0.5398636466,0.6622333915,1.321422083e-05,1.06244805e-05,0.3990399181,0.5471909078,0.05376917413,0.107587161,0.1086378429
20.392,14.70147401,-0.4211632382,0.3375980051,0.5770545518,0.3236252495,0.5397692899,0.6616080848,1.273896713e-05,1.148589803e-05,0.3993240892,0.5467771072,0.05389880367,0.1079732027,0.1090518491
20.416,14.68419171,-0.4215219726,0.337004273,0.5766939921,0.3230170611,0.539678287,0.6609962045,1.311844696e-05,1.332146241e-05,0.3995957153,0.5463638487,0.054040436,0.1083430617,0.1094478662
20.44,14.66695,-0.4218727545,0.3364238841,0.5763416052,0.3224222017,0.5395902619,0.6603981542,1.42212324e-05,1.570232884e-05,0.3998546102,0.5459517043,0.05419368555,0.1086969592,0.109825982
20.464,14.64974873,-0.4222151403,0.3358569242,0.5759978371,0.3218407913,0.5395048639,0.6598143704,1.586396507e-05,1.836011082e-05,0.4001006134,0.5455413611,0.05435802557,0.1090351149,0.1101863574
20.488,14.63258776,-0.4225486756,0.3353035362,0.5756631391,0.3212730037,0.5394217688,0.6592453205,1.788709143e-05,2.115523947e-05,0.4003335706,0.545133599,0.0545328304,0.1093577256,0.1105292059
20.512,14.61546695,-0.422872897,0.33476392,0.5753379672,0.3207190654,0.5393406801,0.6586915024,2.018134974e-05,2.401904049e-05,0.4005533171,0.5447292688,0.05471741416,0.1096649475,0.1108547728
20.536,14.59838615,-0.4231873336,0.3342383331,0.5750227805,0.3201792568,0.5392613305,0.658153443,2.268205019e-05,2.691873589e-05,0.4007596641,0.5443292703,0.05491106567,0.1099568809,0.111163315
20.56,14.58134523,-0.4234915086,0.3337270905,0.574718041,0.3196539116,0.5391834835,0.6576316977,2.535612737e-05,2.983971688e-05,0.4009523877,0.5439345331,0.05511307929,0.1102335582,0.1114550823
20.584,14.56434405,-0.4237849408,0.3332305664,0.5744242125,0.3191434185,0.5391069342,0.6571268504,2.819172389e-05,3.277667215e-05,0.4011312213,0.5435459973,0.05532278133,0.110494934,0.1117302987
20.608,14.54738247,-0.4240671458,0.3327491943,0.57414176,0.3186482212,0.5390315116,0.6566395126,3.119158896e-05,3.572895382e-05,0.4012958508,0.5431645972,0.05553955204,0.1107408793,0.1119891464
20.632,14.53046035,-0.4243376372,0.3322834686,0.5738711488,0.3181688204,0.5389570798,0.6561703237,3.436938814e-05,3.869796597e-05,0.4014459115,0.5427912453,0.05576284314,0.1109711765,0.1122317502
20.656,14.51357756,-0.4245959281,0.331833946,0.5736128439,0.3177057751,0.5388835402,0.655719951,3.774796108e-05,4.168551132e-05,0.4015809889,0.5424268198,0.05599219131,0.1111855176,0.1124581639
20.68,14.49673395,-0.4248415322,0.3314012474,0.5733673092,0.3172597046,0.5388108335,0.65528909,4.135889461e-05,4.469255399e-05,0.4017006201,0.5420721521,0.05622722779,0.1113835041,0.1126683587
20.704,14.47992939,-0.425073965,0.3309860599,0.5731350068,0.3168312909,0.5387389419,0.6548784642,4.524306377e-05,4.771809531e-05,0.4018042983,0.5417280173,0.05646768433,0.1115646487,0.1128622122
20.728,14.46316374,-0.4252927453,0.3305891394,0.5729163954,0.3164212813,0.5386678924,0.654488826,4.945198215e-05,5.075796749e-05,0.4018914783,0.5413951253,0.05671339634,0.1117283775,0.1130394994
20.752,14.44643687,-0.4254973969,0.3302113131,0.5727119301,0.3160304912,0.5385977591,0.6541209569,5.404991064e-05,5.380339917e-05,0.4019615821,0.5410741141,0.05696430379,0.1118740331,0.1131998849
20.776,14.42974865,-0.4256874498,0.3298534832,0.5725220603,0.3156598081,0.5385286671,0.6537756679,5.911670631e-05,5.683923239e-05,0.4020140072,0.5407655438,0.05722044902,0.1120008784,0.1133429166
20.8,14.41309894,-0.4258624423,0.32951663,0.5723472282,0.3153101948,0.5384607964,0.6534537999,6.475131231e-05,5.984169554e-05,0.4020481348,0.5404698921,0.05748197308,0.1121081014,0.1134680199
20.824,14.39648761,-0.4260219235,0.3292018164,0.5721878674,0.3149826945,0.5383943863,0.6531562243,7.107547078e-05,6.277568612e-05,0.4020633383,0.5401875507,0.05774911097,0.1121948181,0.1135744934
20.848,14.37991452,-0.4261654549,0.328910192,0.5720444,0.3146784348,0.5383297404,0.6528838433,7.823637137e-05,6.559162069e-05,0.4020589917,0.5399188223,0.05802218594,0.1122600763,0.1136615052
20.872,14.36337955,-0.4262926142,0.3286429987,0.5719172344,0.3143986336,0.5382672324,0.6526375899,8.640479138e-05,6.822210674e-05,0.4020344783,0.5396639183,0.05830160344,0.1123028573,0.1137280898
20.896,14.34688256,-0.4264029981,0.3284015756,0.5718067618,0.3141446048,0.5382073129,0.6524184283,9.576020482e-05,7.057902397e-05,0.4019891988,0.5394229562,0.05858784496,0.112322078,0.1137731457
20.92,14.33042342,-0.4264962263,0.3281873657,0.5717133527,0.3139177645,0.5381505161,0.6522273534,0.0001064431072,7.255208333e-05,0.4019225794,0.5391959586,0.05888146203,0.11231659,0.1137954328
20.944,14.31400201,-0.4265719461,0.3280019219,0.5716373521,0.313719638,0.5380974688,0.6520653906,0.0001184330034,7.401048325e-05,0.4018340789,0.5389828506,0.05918307053,0.1122851789,0.1137935715
20.968,14.29761818,-0.4266298379,0.3278469149,0.5715790747,0.3135518675,0.5380488995,0.651933595,0.0001312818311,7.480964351e-05,0.4017231957,0.5387834582,0.05949334614,0.1122265603,0.1137660403
20.992,14.28127182,-0.4266696213,0.3277241406,0.5715387982,0.3134162198,0.5380056487,0.6518330497,0.0001436531205,7.480466991e-05,0.401589474,0.5385975047,0.05981302134,0.1121393753,0.1137111744
21.016,14.26496279,-0.4266910624,0.3276355287,0.5715167561,0.3133145957,0.5379686816,0.6517648644,0.0001528884964,7.387060397e-05,0.4014325094,0.5384246068,0.06014288375,0.1120221836,0.1136271629
21.04,14.24869097,-0.4266939826,0.3275831519,0.5715131297,0.3132490387,0.5379391009,0.6517301724,0.0001555043668,7.192649664e-05,0.4012519552,0.5382642694,0.06048377542,0.1118734548,0.1135120466
21.064,14.23245623,-0.4266782684,0.3275692355,0.5715280372,0.3132217453,0.5379181618,0.6517301275,0.0001494446329,6.895694337e-05,0.4010475285,0.538115879,0.06083659252,0.1116915574,0.1133637152
21.088,14.21625844,-0.4266438831,0.3275961673,0.571561523,0.3132350756,0.5379072893,0.651765899,0.0001361481059,6.502322866e-05,0.4008190175,0.5379786958,0.06120228673,0.111474747,0.1131799045
21.112,14.20009748,-0.4265908805,0.3276665092,0.5716135433,0.313291564,0.5379080968,0.6518386664,0.0001193685169,6.025875316e-05,0.4005662868,0.5378518436,0.06158186964,0.1112211519,0.1129581929
21.136,14.18397322,-0.4265194204,0.3277830077,0.5716839512,0.3133939313,0.5379224071,0.6519496118,0.000102416139,5.484952653e-05,0.400289284,0.537734297,0.06197641903,0.1109287574,0.1126959977
21.16,14.16788554,-0.4264297869,0.3279486057,0.5717724778,0.3135450961,0.5379522758,0.6520999108,8.702629181e-05,4.900673788e-05,0.3999880476,0.5376248668,0.06238708559,0.110595389,0.1123905708
21.184,14.15183431,-0.4263224094,0.3281664545,0.5718787112,0.313748187,0.5380000173,0.6522907213,7.373549612e-05,4.294100529e-05,0.3996627184,0.5375221815,0.06281510013,0.1102186943,0.1120389945
21.208,14.13581941,-0.4261978872,0.3284399257,0.5720020726,0.314006555,0.5380682334,0.6525231702,6.250320216e-05,3.684615367e-05,0.3993135525,0.5374246658,0.06326178171,0.1097961247,0.1116381768
21.232,14.11984071,-0.4260570169,0.3287726223,0.5721417878,0.3143237852,0.5381598451,0.6527983358,5.309834865e-05,3.089699035e-05,0.3989409376,0.5373305158,0.06372854653,0.1093249159,0.1111848477
21.256,14.1038981,-0.4259008252,0.32916839,0.572296855,0.314703708,0.5382781268,0.6531172285,4.527470291e-05,2.52644272e-05,0.3985454137,0.5372376692,0.06421691708,0.1088020698,0.1106755545
21.28,14.08799145,-0.4257306049,0.3296313268,0.5724660085,0.3151504097,0.5384267448,0.6534807661,3.883589904e-05,2.01557954e-05,0.3981276974,0.5371437714,0.06472853117,0.1082243364,0.1101066594
21.304,14.07212063,-0.4255479574,0.3301657916,0.5726476757,0.3156682407,0.5386097975,0.6538897451,3.365270575e-05,1.589797218e-05,0.3976887131,0.5370461367,0.06526515017,0.107588198,0.1094743378
21.328,14.05628554,-0.4253548402,0.3307764097,0.5728399301,0.3162618221,0.53883186,0.6543448063,2.965846639e-05,1.305485057e-05,0.3972296301,0.536941704,0.06582866591,0.1068898559,0.1087745782
21.352,14.04048604,-0.4251536212,0.3314680756,0.5730404361,0.3169360483,0.5390980307,0.6548463943,2.682803461e-05,1.231425225e-05,0.3967519083,0.5368269863,0.06642110542,0.1061252208,0.1080031861
21.376,14.02472202,-0.4249471392,0.3322459506,0.5732463884,0.3176960864,0.5394139809,0.6553947094,2.513944258e-05,1.375128983e-05,0.396257352,0.5366980152,0.06704463279,0.1052899086,0.1071557898
21.4,14.00899336,-0.4247387729,0.3331154558,0.5734544428,0.3185473683,0.5397860059,0.6559896522,2.452848861e-05,1.662106676e-05,0.3957481755,0.5365502777,0.06770154684,0.1043792427,0.1062278536
21.424,13.99329994,-0.4245325169,0.3340822563,0.5736606394,0.3194955764,0.5402210768,0.6566307582,2.486433821e-05,2.018542684e-05,0.3952270783,0.536378648,0.06839427369,0.1033882658,0.105214695
21.448,13.97764164,-0.4243330658,0.3351522368,0.5738603178,0.3205466194,0.5407268928,0.6573171226,2.596630469e-05,2.403844852e-05,0.3946973349,0.5361773123,0.06912535273,0.1023117617,0.1041115121
21.472,13.96201835,-0.4241459075,0.3363314645,0.5740480234,0.3217065963,0.5413119293,0.6580473138,2.764535117e-05,2.798885245e-05,0.3941628979,0.5359396879,0.06989741424,0.1011442923,0.1029134199
21.496,13.94642994,-0.4239774229,0.3376261373,0.5742174059,0.322981745,0.541985483,0.6588192748,2.973773437e-05,3.194665184e-05,0.3936285149,0.5356583379,0.07071314723,0.09988025023,0.1016155
21.52,13.9308763,-0.4238349939,0.3390425147,0.5743611113,0.3243783737,0.5427577073,0.6596302112,3.211737249e-05,3.586786319e-05,0.3930998628,0.535324882,0.07157525522,0.09851393287,0.1002128652
21.544,13.91535732,-0.4237271156,0.3405868251,0.5744706668,0.3259027694,0.5436396361,0.660476466,3.46930728e-05,3.972962968e-05,0.3925836952,0.5349299068,0.07248639796,0.09703964011,0.09870074314
21.568,13.89987287,-0.4236635127,0.3422651481,0.5745363633,0.3275610803,0.5446431892,0.6613533806,3.740014572e-05,4.351850835e-05,0.392088006,0.534462877,0.07344911703,0.09545180096,0.09707458104
21.592,13.88442284,-0.4236552547,0.3440832654,0.5745471381,0.3293591675,0.5457811543,0.6622551435,4.019181792e-05,4.722444349e-05,0.391622203,0.5339120541,0.07446574295,0.09374513303,0.09533017668
21.616,13.86900712,-0.4237148648,0.3460464766,0.5744904625,0.3313024208,0.5470671354,0.6631746267,4.303219309e-05,5.083724559e-05,0.3911972917,0.5332644263,0.07553828196,0.0919148392,0.09346383819
21.64,13.8536256,-0.4238564171,0.3481593732,0.5743522425,0.3333955333,0.5485154615,0.6641032149,4.589079544e-05,5.434412648e-05,0.3908260592,0.5325056599,0.07666828082,0.08995684566,0.09147257697
21.664,13.83827816,-0.4240956093,0.3504255687,0.574116741,0.3356422309,0.550141041,0.6650306305,4.873819317e-05,5.772753454e-05,0.3905232518,0.5316200797,0.07785666852,0.08786808443,0.08935433689
21.688,13.82296468,-0.4244498009,0.3528473789,0.5737665359,0.3380449529,0.5519591527,0.6659447634,5.154210714e-05,6.096278803e-05,0.3903057312,0.5305906941,0.07910357469,0.0856468223,0.08710826242
21.712,13.80768506,-0.4249379989,0.3554254514,0.5732825282,0.3406044804,0.5539851572,0.6668315149,5.426340557e-05,6.401503719e-05,0.3901925939,0.5293992807,0.0804081254,0.08329303651,0.08473500739
21.736,13.79243918,-0.4255807687,0.3581583425,0.5726440241,0.3433195132,0.5562341135,0.6676746711,5.685132032e-05,6.683494861e-05,0.3902052271,0.5280265555,0.08176821745,0.08080883488,0.08223708451
21.76,13.77722693,-0.4264000405,0.3610420451,0.5718289181,0.3461861978,0.5587202814,0.6684558289,5.923700473e-05,6.935215565e-05,0.3903672729,0.5264524547,0.08318027238,0.07819891655,0.07961925474
21.784,13.7620482,-0.4274187703,0.3640694708,0.5708140181,0.3491976113,0.5614564852,0.6691544029,6.13240722e-05,7.146479462e-05,0.3907044569,0.5246565752,0.08463896784,0.07547106835,0.0768889552
21.808,13.74690288,-0.4286603881,0.3672298928,0.5695755724,0.3523432093,0.5644532952,0.6697477658,6.297377547e-05,7.30219584e-05,0.391244223,0.5226188431,0.08613693391,0.07263669655,0.07405676799
21.832,13.73179086,-0.4301479141,0.3705083487,0.5680901088,0.3556082417,0.5677179444,0.6702116034,6.398051905e-05,7.37927231e-05,0.3920150813,0.5203205462,0.08766437249,0.06971141278,0.07113694742
21.856,13.71671202,-0.4319024866,0.3738849787,0.5663358132,0.3589731179,0.571252777,0.670520658,6.402941068e-05,7.340825079e-05,0.3930454927,0.5177460306,0.08920847669,0.06671575332,0.06814807248
21.88,13.70166627,-0.4339406352,0.3773341838,0.5642950327,0.3624126181,0.5750526595,0.6706502738,6.261973137e-05,7.124646792e-05,0.3943618708,0.5148858479,0.09075228132,0.0636763057,0.06511405307
21.904,13.68665349,-0.4362682121,0.3808231559,0.5619597206,0.3658945116,0.5790994983,0.6705799887,5.892677438e-05,6.618756665e-05,0.3959844408,0.5117438403,0.09227171894,0.06062820835,0.06206631469
21.928,13.67167357,-0.4388626378,0.3843078674,0.5593470002,0.3693755164,0.5833463395,0.6703039152,5.160622557e-05,5.609104685e-05,0.3979160056,0.5083581182,0.0937258762,0.05762305118,0.05905077632
21.952,13.6567264,-0.4415949657,0.3877153719,0.556565651,0.3727807866,0.587647278,0.6698737483,3.939182551e-05,3.739454137e-05,0.4000950478,0.5048941838,0.09501076846,0.0547657229,0.05616334366
21.976,13.64181189,-0.4434601483,0.3907743127,0.5544269218,0.3757349843,0.5910680727,0.6697506925,3.702957755e-05,3.416683863e-05,0.4019304205,0.5026422886,0.09542729082,0.05256895258,0.05407629744
22,13.62692991,-0.4555922449,0.396261975,0.5430578049,0.3792314122,0.6038111016,0.6623656418,0.0001073209602,0.0001290028667,0.4113991424,0.4867059551,0.1018949025,0.04681128443,0.04797769509
22.024,13.61208037,-0.455760231,0.3982646996,0.5426157637,0.3830015664,0.6052537972,0.6641702093,0.0002453095607,0.0002188541991,0.4115200628,0.487823895,0.1006560422,0.04518784359,0.04670178021
22.048,13.59726315,-0.4598077005,0.4010620222,0.5385238677,0.3859047891,0.6101424974,0.6625182732,0.0002724673402,0.0002200969357,0.4151847065,0.4832888712,0.1015264223,0.04291076515,0.04435836043
22.072,13.58247816,-0.4645511827,0.4036889887,0.5337555618,0.388555483,0.615445043,0.6602047888,0.0002433140719,0.0002065868922,0.4195203246,0.47799621,0.1024834655,0.04074766447,0.04212580416
22.096,13.56772529,-0.4697170419,0.4060340371,0.5285708648,0.3909027598,0.6208846421,0.6574132085,0.0002225584785,0.0001969586565,0.4243155196,0.4723141764,0.103370304,0.03881773128,0.04012201081
22.12,13.55300443,-0.4752064442,0.4080389164,0.5230648892,0.3929003152,0.626352075,0.6541922776,0.0002099495746,0.0001908566484,0.4294911192,0.4663673571,0.1041415237,0.03717415325,0.03839978461
22.144,13.53831548,-0.4809517079,0.4096618615,0.5173040639,0.3945101364,0.6317732078,0.6505703208,0.0002018201419,0.0001868895936,0.4349873647,0.4602355064,0.1047771289,0.03584993787,0.03699372918
22.168,13.52365834,-0.486891424,0.410872283,0.5113494265,0.3957031519,0.6370865653,0.6465749921,0.0001960306726,0.0001841255215,0.4407456283,0.4539869546,0.1052674172,0.03486629815,0.03592770029
22.192,13.50903289,-0.492964904,0.4116500365,0.5052616712,0.3964599796,0.6422383896,0.6422381737,0.0001913992779,0.0001819875957,0.4467050105,0.4476862792,0.1056087103,0.03423482482,0.03521637423
22.216,13.49443905,-0.499111617,0.4119854226,0.499101504,0.3967714111,0.6471818869,0.6375969448,0.0001872482607,0.0001801098139,0.4528027679,0.4413955661,0.1058016659,0.0339583382,0.03486566967
22.24,13.47987671,-0.5052722455,0.4118790288,0.4929284807,0.3966384372,0.6518775778,0.6326930827,0.000183178667,0.0001782514494,0.4589759847,0.4351736733,0.105850342,0.03403157477,0.03487310455
22.264,13.46534576,-0.5113902492,0.4113411738,0.4867993807,0.3960717637,0.6562937972,0.6275718915,0.0001789582699,0.0001762501143,0.4651636053,0.4290748951,0.1057614995,0.03444202509,0.03522838506
22.288,13.45084611,-0.5174134544,0.4103909289,0.4807665804,0.3950908565,0.6604069937,0.6222807162,0.0001744617502,0.0001739956772,0.4713083909,0.4231476027,0.1055440064,0.03517096318,0.03591428273
22.312,13.43637764,-0.5232954154,0.4090547864,0.4748766693,0.3937226095,0.6642017089,0.6168673636,0.0001696353848,0.0001714151851,0.4773585605,0.4174331327,0.1052083068,0.03619462165,0.03690775908
22.336,13.42194028,-0.5289964174,0.4073650885,0.4691694369,0.3919997631,0.6676702217,0.6113785855,0.0001644738704,0.0001684636364,0.483269008,0.4119650572,0.1047659347,0.03748545602,0.038181254
22.36,13.4075339,-0.534484065,0.4053583484,0.4636772834,0.3899592115,0.6708119008,0.6058587375,0.0001590037742,0.0001651178976,0.4890020445,0.4067688757,0.1042290798,0.03901341289,0.03970403865
22.384,13.39315842,-0.539733461,0.4030735873,0.4584250464,0.3876403259,0.6736323372,0.6003486865,0.0001532711979,0.000161372335,0.4945276726,0.4018621062,0.1036102212,0.04074712344,0.04144353474
22.408,13.37881373,-0.5447270202,0.4005507927,0.4534301981,0.3850834021,0.6761423401,0.5948850066,0.0001473325808,0.0001572354166,0.4998234505,0.3972547212,0.1029218284,0.04265496464,0.04336652533
22.432,13.36449973,-0.5494539871,0.3978295732,0.4487033402,0.3823283081,0.6783568775,0.589499468,0.0001412480975,0.0001527269233,0.5048740246,0.3929498948,0.1021760807,0.04470595137,0.04544024867
22.456,13.35021633,-0.5539097407,0.3949480548,0.4442489128,0.3794133778,0.6802940297,0.5842188013,0.0001350772592,0.0001478756185,0.5096704417,0.3889449208,0.1013846375,0.04687045668,0.04763329107
22.48,13.33596343,-0.5580949675,0.3919420364,0.440066034,0.3763745667,0.6819740117,0.5790647017,0.0001288763581,0.0001427173458,0.5142093454,0.3852321514,0.1005585032,0.04912077618,0.04991620233
22.504,13.32174093,-0.5620147761,0.3888443974,0.4361493965,0.3732448629,0.6834183009,0.5740540251,0.0001226973968,0.0001372935808,0.5184920907,0.3817999925,0.09970791671,0.05143150173,0.05226194997
22.528,13.30754874,-0.5656778137,0.3856847343,0.4324901604,0.3700539288,0.6846488904,0.5691991296,0.0001165881711,0.0001316504937,0.5225238261,0.3786338727,0.09884230123,0.0537797093,0.05464620627
22.552,13.29338675,-0.5690954303,0.3824891931,0.4290767954,0.3668279406,0.6856876779,0.564508312,0.0001105932191,0.000125838588,0.5263126413,0.3757171273,0.09797023143,0.05614503742,0.05704747718
22.576,13.27925487,-0.5722809204,0.3792804605,0.4258958436,0.363589585,0.6865559843,0.5599862998,0.0001047554145,0.0001199129851,0.5298688129,0.3730317744,0.09709941273,0.0585096823,0.0594471041
22.6,13.26515301,-0.5752488606,0.3760778752,0.4229325853,0.3603581781,0.6872741955,0.5556347615,9.91180394e-05,0.0001139344276,0.5332041462,0.370559171,0.09623668281,0.06085831655,0.06182916982
22.624,13.25108106,-0.5780145484,0.3728976251,0.4201716,0.3571498683,0.68786151,0.5514528102,9.372721358e-05,0.0001079710727,0.5363314168,0.3682805501,0.09538803304,0.06317795111,0.06418033656
22.648,13.23703894,-0.5805935436,0.3697529999,0.417597226,0.3539778946,0.6883357784,0.5474374787,8.863455956e-05,0.0001021011233,0.5392639128,0.3661774436,0.09455864363,0.06545776106,0.06648964013
22.672,13.22302655,-0.5830013035,0.3666546749,0.4151939238,0.3508528744,0.6887134168,0.5435841552,8.38999291e-05,9.641627548e-05,0.542015069,0.3642320028,0.09375292814,0.0676888915,0.06874825971
22.696,13.2090438,-0.5852529033,0.3636110058,0.4129465537,0.3477831024,0.689009379,0.539886972,7.959387363e-05,9.102577041e-05,0.5445981865,0.3624272295,0.09297458402,0.06986425584,0.07094927867
22.72,13.19509058,-0.5873628314,0.3606283206,0.4108405793,0.3447748456,0.6892371735,0.5363391425,7.579929825e-05,8.606044009e-05,0.5470262224,0.360747131,0.09222664668,0.07197833531,0.07308744782
22.744,13.18116681,-0.5893448458,0.357711199,0.4088622087,0.3418326243,0.6894089129,0.5329332497,7.26114177e-05,8.167541179e-05,0.5493116405,0.3591768143,0.09151154512,0.07402698612,0.07515895898
22.768,13.1672724,-0.5912118823,0.354862732,0.4069984842,0.3389594735,0.6895353859,0.529661487,7.013487807e-05,7.804910245e-05,0.5514663115,0.357702531,0.09083115751,0.07600725815,0.07716123418
22.792,13.15340725,-0.5929760036,0.3520847582,0.4052373315,0.3361571804,0.6896261435,0.5265158543,6.847703506e-05,7.537522565e-05,0.5535014505,0.3563116839,0.09018686563,0.07791722796,0.07909273345
22.816,13.13957127,-0.5946483798,0.3493780754,0.4035675772,0.3334264967,0.6896895933,0.523488317,6.773730659e-05,7.384498754e-05,0.5554275866,0.3549928061,0.08957960729,0.07975584697,0.08095278255
22.84,13.12576436,-0.5962392934,0.3467426273,0.401978942,0.3307673253,0.6897330967,0.5205709302,6.799434952e-05,7.36201389e-05,0.5572545545,0.3537355195,0.08900992598,0.08152280529,0.08274142072
22.864,13.11198644,-0.5977581625,0.3441776663,0.4004620169,0.3281788834,0.6897630657,0.5177559333,6.929475248e-05,7.480400393e-05,0.5589915024,0.35253048,0.08847801762,0.08321841081,0.08445926789
22.888,13.09823742,-0.5992135752,0.3416818934,0.3990082263,0.3256598421,0.6897850571,0.5150358215,7.164737271e-05,7.742254131e-05,0.5606469128,0.3513693133,0.08798377396,0.08484348269,0.08610740984
22.912,13.0845172,-0.6006133337,0.3392535779,0.397609784,0.3232084461,0.6898038611,0.5124033957,7.502537894e-05,8.14245779e-05,0.5622286306,0.3502445467,0.0875268227,0.0863992582,0.08768730014
22.936,13.07082569,-0.6019645028,0.3368906586,0.396259643,0.3208226146,0.689823585,0.5098517968,7.937462298e-05,8.669994601e-05,0.5637438966,0.3491495391,0.08710656431,0.08788731183,0.08920067685
22.96,13.0571628,-0.6032734608,0.3345908285,0.3949514445,0.3185000254,0.6898477303,0.5073745261,8.462460405e-05,9.310533086e-05,0.5651993835,0.3480784109,0.08672220561,0.08930948537,0.09064949248
22.984,13.04352845,-0.6045459516,0.3323516053,0.3936794649,0.3162381853,0.6898792628,0.5049654551,9.069832441e-05,0.0001004871115,0.5666012332,0.3470259765,0.08637279026,0.09066782778,0.09203585556
23.008,13.02992255,-0.6057871356,0.3301703901,0.3924385642,0.3140344879,0.6899206767,0.5026188281,9.751898586e-05,0.0001086959582,0.5679550934,0.3459876802,0.08605722639,0.09196454377,0.09336198209
23.032,13.016345,-0.6070016389,0.3280445142,0.3912241369,0.311886261,0.6899740524,0.5003292567,0.0001050132227,0.0001175933261,0.5692661539,0.3449595346,0.08577431147,0.0932019499,0.09463015573
23.056,13.00279571,-0.6081936009,0.3259712784,0.3900320637,0.3097908044,0.6900411079,0.4980917116,0.0001131115695,0.0001270524092,0.5705391807,0.3439380646,0.0855227547,0.09438243741,0.0958426952
23.08,12.98927461,-0.6093667181,0.3239479837,0.3888586676,0.307745421,0.690123245,0.4959015098,0.0001217471274,0.0001369562189,0.5717785488,0.3429202542,0.08530119699,0.09550844075,0.09700192798
23.104,12.9757816,-0.6105242857,0.3219719556,0.387700672,0.3057474404,0.6902215902,0.4937542996,0.0001308532676,0.0001471946686,0.5729882719,0.3419034992,0.08510822888,0.09658241117,0.09811016913
23.128,12.96231659,-0.6116692359,0.3200405639,0.3865551627,0.3037942384,0.6903370312,0.4916460445,0.0001403609828,0.0001576617576,0.574172031,0.3408855626,0.08494240641,0.09760679464,0.09916970459
23.152,12.94887949,-0.6128041732,0.3181512367,0.3854195518,0.3018832513,0.6904702486,0.4895730061,0.0001501963091,0.0001682533989,0.5753332002,0.3398645346,0.08480226519,0.09858401348,0.100182778
23.176,12.93547023,-0.6139314067,0.3163014721,0.3842915458,0.3000119862,0.6906217441,0.4875317262,0.0001602781275,0.0001788661256,0.5764748704,0.338838797,0.08468633259,0.09951645138,0.1011515809
23.2,12.92208871,-0.6150529795,0.3144888457,0.3831691162,0.2981780296,0.6907918656,0.4855190098,0.0001705165981,0.0001893967344,0.5775998722,0.3378069899,0.0845931379,0.1004064415,0.1020782451
23.224,12.90873484,-0.6161706956,0.3127110167,0.3820504721,0.2963790521,0.690980829,0.4835319076,0.0001808124496,0.0001997428261,0.5787107974,0.3367679837,0.08452121897,0.1012562586,0.1029648381
23.248,12.89540855,-0.6172861442,0.3109657311,0.3809340364,0.294612812,0.6911887367,0.4815676994,0.0001910573215,0.0002098041294,0.579810016,0.3357208535,0.08446913051,0.1020681098,0.1038133604
23.272,12.88210975,-0.6184007218,0.3092508238,0.3798184234,0.2928771575,0.6914155948,0.4796238778,0.0002011352981,0.0002194844375,0.5808996459,0.3346648522,0.08443550191,0.1028440807,0.1046257398
23.296,12.86883834,-0.6195156518,0.3075642195,0.3787024194,0.2911700264,0.6916613275,0.4776981335,0.0002109256791,0.0002286939333,0.5819816704,0.3335993522,0.08441897735,0.1035862339,0.1054037932
23.32,12.85559425,-0.6206320028,0.305903932,0.3775849641,0.2894894463,0.6919257898,0.4757883402,0.0002203068924,0.0002373516459,0.5830578965,0.3325238656,0.08441823799,0.1042965494,0.1061492646
23.344,12.8423774,-0.6217507044,0.3042680631,0.3764651352,0.287833533,0.6922087782,0.4738925414,0.0002291612853,0.0002453877686,0.5841299412,0.3314380979,0.08443196089,0.104976896,0.1068638969
23.368,12.82918769,-0.6228725618,0.3026548014,0.3753421335,0.2862004889,0.6925100412,0.4720089374,0.0002373803655,0.0002527455886,0.5851992713,0.3303418265,0.08445890212,0.1056290579,0.1075493256
23.392,12.81602505,-0.6239982691,0.3010624195,0.3742152699,0.2845886002,0.6928292866,0.4701358735,0.0002448699394,0.0002593828263,0.5862672122,0.3292349022,0.08449788566,0.1062547319,0.1082070953
23.416,12.80288939,-0.6251284207,0.2994892717,0.3730839537,0.2829962349,0.6931661895,0.4682718286,0.0002515545559,0.0002652722568,0.5873349565,0.3281172558,0.08454778769,0.1068555269,0.10883868
23.44,12.78978063,-0.6262635221,0.2979337912,0.3719476825,0.2814218393,0.6935203984,0.4664154051,0.0002573807264,0.0002704015746,0.5884035732,0.326988889,0.08460753776,0.1074329639,0.1094454858
23.464,12.77669869,-0.627403999,0.2963944874,0.3708060319,0.2798639356,0.6938915406,0.4645653191,0.0002623185609,0.0002747725455,0.5894740157,0.3258498623,0.08467612202,0.1079884768,0.1100288511
23.488,12.76364348,-0.6285502063,0.2948699425,0.3696586479,0.2783211182,0.6942792269,0.4627203916,0.0002663616892,0.000278399563,0.5905471294,0.3247002851,0.08475258556,0.1085234136,0.1105900468
23.512,12.75061492,-0.6297024354,0.2933588087,0.368505239,0.2767920507,0.6946830556,0.4608795402,0.0002695255825,0.0002813077707,0.5916236591,0.3235403075,0.08483603343,0.1090390387,0.1111302778
23.536,12.73761293,-0.630860921,0.2918598049,0.3673455693,0.2752754631,0.6951026165,0.4590417714,0.0002718445935,0.0002835309341,0.5927042557,0.3223701136,0.08492563073,0.1095365344,0.1116506853
23.56,12.72463744,-0.6320258475,0.290371714,0.3661794525,0.2737701482,0.695537493,0.457206174,0.0002733681566,0.0002851092356,0.5937894825,0.3211899152,0.08502060228,0.1100170036,0.1121523484
23.584,12.71168835,-0.6331973543,0.2888933794,0.3650067465,0.2722749588,0.6959872658,0.4553719119,0.0002741566239,0.0002860871456,0.5948798213,0.3199999466,0.08512023209,0.110481472,0.1126362866
23.608,12.69876559,-0.6343755409,0.2874237026,0.3638273481,0.2707888045,0.6964515142,0.4535382188,0.0002742771597,0.0002865114801,0.5959756779,0.3188004595,0.08522386261,0.110930891,0.1131034615
23.632,12.68586908,-0.6355604711,0.28596164,0.3626411894,0.2693106491,0.6969298185,0.4517043922,0.0002738000229,0.0002864297225,0.5970773875,0.3175917188,0.08533089374,0.1113661405,0.1135547788
23.656,12.67299873,-0.6367521773,0.2845062002,0.361448233,0.2678395075,0.6974217614,0.4498697889,0.0002727954392,0.000285888643,0.5981852194,0.316373999,0.08544078162,0.1117880318,0.1139910903
23.68,12.66015448,-0.637950664,0.2830564415,0.3602484691,0.2663744431,0.6979269294,0.4480338195,0.0002713311556,0.0002849332228,0.5992993825,0.3151475803,0.08555303724,0.1121973101,0.1144131956
23.704,12.64733623,-0.6391559109,0.2816114691,0.359041912,0.264914565,0.698444914,0.446195945,0.0002694706763,0.000283605866,0.6004200289,0.3139127462,0.08566722488,0.1125946584,0.1148218444
23.728,12.63454391,-0.6403678759,0.2801704328,0.3578285972,0.263459026,0.6989753128,0.4443556721,0.000267272115,0.000281945868,0.601547259,0.3126697807,0.08578296033,0.1129806996,0.1152177378
23.752,12.62177745,-0.6415864978,0.2787325248,0.3566085792,0.2620070195,0.6995177299,0.4425125502,0.0002647875674,0.0002799891002,0.6026811251,0.3114189658,0.08589990908,0.1133560005,0.1156015304
23.776,12.60903676,-0.6428116982,0.2772969769,0.3553819291,0.2605577779,0.7000717769,0.4406661675,0.0002620628925,0.000277767871,0.6038216355,0.3101605802,0.08601778428,0.113721074,0.1159738319
23.8,12.59632176,-0.6440433844,0.275863059,0.3541487323,0.25911057,0.7006370732,0.4388161483,0.0002591377962,0.0002753109241,0.6049687583,0.3088948971,0.08613634465,0.1140763828,0.1163352092
23.824,12.58363239,-0.6452814503,0.2744300767,0.352909087,0.2576646988,0.7012132465,0.4369621502,0.0002560461234,0.0002726435366,0.6061224249,0.3076221828,0.08625539231,0.1144223422,0.1166861877
23.848,12.57096855,-0.646525779,0.2729973693,0.3516631026,0.2562195,0.7017999334,0.4351038611,0.0002528162821,0.0002697876904,0.6072825336,0.3063426959,0.08637477047,0.1147593231,0.1170272532
23.872,12.55833018,-0.6477762437,0.2715643081,0.3504108981,0.2547743397,0.7023967791,0.4332409972,0.000249471738,0.0002667622891,0.6084489525,0.3050566863,0.08649436115,0.115087655,0.1173588535
23.896,12.54571719,-0.6490327093,0.2701302945,0.3491526006,0.253328613,0.7030034379,0.4313733009,0.0002460315369,0.0002635834024,0.6096215231,0.3037643941,0.08661408278,0.1154076289,0.1176813999
23.92,12.53312952,-0.6502950335,0.2686947584,0.3478883448,0.2518817419,0.7036195732,0.4295005382,0.000242510825,0.0002602645247,0.610800063,0.3024660492,0.08673388778,0.1157195003,0.1179952692
23.944,12.52056707,-0.6515630682,0.2672571566,0.3466182714,0.2504331737,0.7042448577,0.4276224978,0.0002389213452,0.0002568168345,0.6119843687,0.3011618712,0.0868537601,0.1160234919,0.1183008047
23.968,12.50802979,-0.65283666,0.2658169711,0.3453425266,0.2489823799,0.7048789731,0.4257389883,0.0002352719004,0.0002532494501,0.6131742186,0.2998520686,0.0869737128,0.1163197964,0.1185983183
23.992,12.49551759,-0.6541156514,0.2643737077,0.3440612609,0.2475288544,0.7055216104,0.4238498378,0.0002315687764,0.0002495696755,0.6143693753,0.2985368391,0.08709378553,0.116608579,0.1188880919
24.016,12.4830304,-0.6553998814,0.2629268947,0.3427746289,0.2460721121,0.7061724693,0.4219548916,0.0002278161238,0.0002457832341,0.6155695885,0.2972163695,0.08721404206,0.1168899801,0.1191703785
24.04,12.47056814,-0.6566891861,0.2614760816,0.3414827884,0.2446116878,0.7068312588,0.4200540115,0.0002240163008,0.0002418944893,0.6167745967,0.2958908355,0.08733456786,0.117164118,0.1194454044
24.064,12.45813073,-0.6579833998,0.2600208376,0.3401859001,0.2431471348,0.7074976964,0.4181470743,0.0002201701789,0.0002379066515,0.6179841298,0.2945604026,0.08745546761,0.117431091,0.1197133702
24.088,12.44571812,-0.6592823546,0.2585607507,0.3388841268,0.2416780238,0.7081715081,0.416233971,0.0002162774163,0.0002338219735,0.6191979114,0.2932252258,0.0875768628,0.1176909797,0.1199744526
24.112,12.43333021,-0.6605858818,0.2570954261,0.3375776334,0.240203942,0.7088524285,0.4143146055,0.000212336704,0.0002296419331,0.6204156601,0.2918854506,0.08769888934,0.1179438496,0.1202288055
24.136,12.42096694,-0.6618938116,0.2556244859,0.3362665866,0.2387244916,0.7095402002,0.4123888943,0.0002083459885,0.0002253674076,0.6216370919,0.2905412129,0.08782169525,0.1181897528,0.1204765619
24.16,12.40862823,-0.6632059738,0.254147567,0.3349511544,0.2372392892,0.7102345735,0.4104567652,0.0002043026764,0.0002209988394,0.6228619216,0.2891926401,0.0879454383,0.1184287304,0.1207178351
24.184,12.39631401,-0.6645221978,0.252664321,0.3336315059,0.2357479647,0.7109353068,0.408518157,0.0002002038255,0.0002165363959,0.6240898646,0.2878398516,0.08807028384,0.1186608141,0.1209527201
24.208,12.38402421,-0.665842313,0.2511744129,0.3323078115,0.2342501606,0.7116421653,0.4065730185,0.0001960463264,0.0002119801257,0.625320638,0.2864829595,0.08819640258,0.1188860281,0.1211812952
24.232,12.37175875,-0.667166149,0.2496775202,0.3309802426,0.2327455311,0.7123549217,0.4046213084,0.000191827078,0.0002073301119,0.6265539621,0.2851220694,0.08832396853,0.1191043909,0.1214036232
24.256,12.35951756,-0.6684935356,0.248173332,0.3296489714,0.2312337411,0.7130733551,0.4026629948,0.0001875431618,0.0002025866263,0.6277895616,0.2837572814,0.08845315696,0.1193159167,0.121619753
24.28,12.34730058,-0.6698243028,0.2466615483,0.3283141711,0.229714466,0.7137972514,0.4006980544,0.0001831920169,0.0001977502843,0.6290271668,0.2823886908,0.08858414242,0.1195206171,0.1218297209
24.304,12.33510772,-0.6711582813,0.2451418792,0.3269760156,0.2281873905,0.7145264023,0.3987264726,0.0001787716196,0.0001928222041,0.6302665139,0.2810163891,0.088717097,0.1197185024,0.1220335519
24.328,12.32293892,-0.6724953019,0.2436140443,0.3256346802,0.2266522082,0.7152606054,0.3967482432,0.0001742806704,0.0001878041712,0.6315073466,0.279640465,0.08885218846,0.1199095826,0.1222312613
24.352,12.3107941,-0.6738351958,0.2420777715,0.3242903409,0.2251086213,0.7159996638,0.3947633678,0.0001697187896,0.0001826988109,0.6327494161,0.2782610053,0.08898957867,0.1200938687,0.1224228553
24.376,12.2986732,-0.6751777945,0.240532797,0.3229431748,0.2235563395,0.7167433855,0.3927718563,0.0001650867264,0.0001775097699,0.6339924819,0.276878096,0.08912942208,0.120271374,0.1226083334
24.4,12.28657615,-0.6765229299,0.2389788644,0.3215933605,0.2219950802,0.7174915834,0.3907737263,0.0001603865806,0.0001722419111,0.6352363124,0.2754918233,0.08927186424,0.1204421144,0.1227876885
24.424,12.27450287,-0.6778704337,0.2374157238,0.3202410779,0.2204245672,0.7182440747,0.3887690032,0.0001556220412,0.0001669015225,0.6364806847,0.2741022747,0.0894170406,0.1206061096,0.122960909
24.448,12.26245329,-0.6792201378,0.2358431319,0.3188865086,0.2188445312,0.7190006805,0.3867577202,0.0001507986433,0.000161496544,0.6377253851,0.2727095396,0.08956507529,0.1207633839,0.1231279793
24.472,12.25042735,-0.6805718738,0.2342608509,0.3175298356,0.2172547088,0.7197612255,0.3847399186,0.0001459240439,0.0001560368167,0.638970209,0.2713137108,0.08971608013,0.1209139661,0.1232888815
24.496,12.23842497,-0.6819254727,0.2326686483,0.3161712444,0.2156548425,0.7205255376,0.3827156476,0.0001410083202,0.0001505343561,0.6402149608,0.2699148855,0.08987015373,0.1210578906,0.123443596
24.52,12.22644608,-0.6832807652,0.2310662965,0.3148109223,0.2140446803,0.7212934475,0.3806849642,0.00013606429,0.000145003656,0.6414594535,0.2685131658,0.09002738078,0.1211951976,0.1235921027
24.544,12.21449063,-0.6846375807,0.229453572,0.3134490592,0.2124239755,0.7220647884,0.3786479342,0.000131107854,0.0001394620252,0.6427035087,0.2671086598,0.09018783144,0.121325933,0.1237343823
24.568,12.20255853,-0.6859957478,0.2278302555,0.3120858477,0.2107924865,0.7228393953,0.3766046318,0.0001261583604,0.0001339299628,0.6439469561,0.265701483,0.09035156094,0.1214501488,0.1238704163
24.592,12.19064972,-0.6873550935,0.2261961315,0.310721483,0.2091499767,0.7236171049,0.3745551398,0.0001212389848,0.0001284315706,0.6451896325,0.2642917583,0.09051860927,0.1215679033,0.124000189
24.616,12.17876414,-0.688715443,0.2245509874,0.309356164,0.2074962141,0.724397755,0.3724995504,0.0001163771143,0.0001229950024,0.6464313815,0.2628796174,0.09068900108,0.1216792605,0.1241236872
24.64,12.1669017,-0.6900766195,0.2228946141,0.3079900926,0.2058309718,0.7251811841,0.3704379652,0.0001116047166,0.0001176529367,0.6476720527,0.2614652015,0.09086274577,0.1217842905,0.1242409016
24.664,12.15506236,-0.6914384436,0.221226805,0.3066234746,0.2041540273,0.7259672311,0.3683704956,0.000106958657,0.0001124430484,0.6489115008,0.2600486616,0.09103983761,0.1218830688,0.1243518269
24.688,12.14324603,-0.6928007334,0.2195473562,0.3052565197,0.202465163,0.7267557346,0.3662972632,0.0001024809029,0.0001074084292,0.6501495844,0.2586301594,0.09122025621,0.1219756761,0.1244564628
24.712,12.13145265,-0.6941633034,0.2178560663,0.3038894419,0.2007641659,0.7275465328,0.3642184005,9.821852901e-05,0.0001025978733,0.6513861652,0.2572098678,0.09140396699,0.1220621982,0.124554814
24.736,12.11968216,-0.6955259648,0.216152736,0.3025224598,0.1990508281,0.7283394627,0.3621340509,9.422339186e-05,9.806589617e-05,0.6526211068,0.2557879713,0.09159092191,0.122142725,0.1246468908
24.76,12.10793449,-0.6968885245,0.2144371684,0.3011557966,0.1973249464,0.7291343599,0.3600443699,9.055131176e-05,9.38722961e-05,0.6538542733,0.2543646664,0.09178106029,0.1222173503,0.1247327093
24.784,12.09620957,-0.6982507852,0.2127091685,0.2997896806,0.195586323,0.729931058,0.3579495249,8.726057441e-05,9.008101593e-05,0.6550855281,0.252940162,0.09197430985,0.122286171,0.1248122916
24.808,12.08450734,-0.6996125446,0.2109685437,0.2984243454,0.1938347652,0.7307293883,0.355849696,8.440959178e-05,8.675804097e-05,0.6563147327,0.2515146794,0.09217058785,0.1223492866,0.1248856657
24.832,12.07282772,-0.7009735948,0.2092151033,0.2970600301,0.1920700861,0.7315291792,0.3537450769,8.205366325e-05,8.3968133e-05,0.6575417451,0.2500884525,0.09236980238,0.1224067983,0.124952866
24.856,12.06117066,-0.7023337223,0.2074486589,0.2956969795,0.1902921045,0.7323302558,0.3516358752,8.024098534e-05,8.177039921e-05,0.6587664183,0.2486617279,0.09257185382,0.1224588083,0.1250139325
24.88,12.04953609,-0.7036927069,0.2056690246,0.2943354444,0.1885006457,0.7331324392,0.349522313,7.900834818e-05,8.02130508e-05,0.6599885987,0.2472347649,0.09277663639,0.122505419,0.1250689112
24.904,12.03792395,-0.7050503218,0.2038760169,0.2929756816,0.1866955413,0.7339355466,0.3474046274,7.83772409e-05,7.932814529e-05,0.661208125,0.2458078351,0.09298403985,0.1225467323,0.1251178537
24.928,12.02633416,-0.7064063326,0.202069455,0.2916179543,0.1848766302,0.7347393901,0.3452830718,7.83512122e-05,7.91274335e-05,0.6624248261,0.2443812226,0.09319395131,0.1225828486,0.1251608167
24.952,12.01476667,-0.707760497,0.2002491612,0.2902625319,0.1830437586,0.7355437769,0.3431579155,7.891516698e-05,7.960040345e-05,0.6636385199,0.242955223,0.09340625711,0.1226138659,0.1251978617
24.976,12.00322141,-0.7091125642,0.1984149614,0.2889096905,0.1811967807,0.7363485083,0.3410294454,8.00368257e-05,8.071511958e-05,0.6648490112,0.2415301439,0.09362084484,0.1226398792,0.1252290548
25,11.99169832,-0.7104622743,0.1965666851,0.2875597126,0.1793355595,0.7371533795,0.3388979658,8.167000796e-05,8.24216649e-05,0.666056091,0.2401063036,0.09383760543,0.1226609794,0.1252544655
25.024,11.98019733,-0.7118093579,0.1947041661,0.2862128874,0.1774599669,0.7379581793,0.3367637997,8.375897944e-05,8.465728776e-05,0.6672595339,0.2386840309,0.09405643528,0.1226772525,0.1252741669
25.048,11.96871838,-0.7131535354,0.1928272433,0.2848695105,0.1755698846,0.7387626891,0.3346272888,8.624298423e-05,8.735205671e-05,0.6684590972,0.2372636643,0.09427723849,0.1226887789,0.1252882343
25.072,11.95726141,-0.7144945164,0.190935761,0.2835298841,0.1736652048,0.7395666831,0.3324887946,8.906025527e-05,9.043398733e-05,0.6696545192,0.2358455516,0.09449992922,0.1226956325,0.1252967449
25.096,11.94582635,-0.7158319993,0.1890295698,0.2821943166,0.1717458308,0.7403699275,0.3303486987,9.215110936e-05,9.383303147e-05,0.6708455176,0.2344300484,0.09472443406,0.1226978796,0.1252997768
25.12,11.93441314,-0.7171656708,0.1871085275,0.2808631226,0.169811678,0.74117218,0.3282074033,9.546003422e-05,9.748376106e-05,0.6720317877,0.233017518,0.09495069432,0.1226955781,0.1252974089
25.144,11.92302171,-0.7184952051,0.1851724999,0.2795366226,0.1678626742,0.7419731899,0.326065332,9.893687811e-05,0.0001013268824,0.6732130014,0.2316083309,0.09517866764,0.1226887771,0.1252897199
25.168,11.91165202,-0.7198202638,0.1832213621,0.2782151425,0.1658987611,0.7427726972,0.3239229298,0.0001025373442,0.0001053098547,0.6743888059,0.2302028687,0.09540832538,0.1226775157,0.1252767932
25.192,11.90030399,-0.721140495,0.1812549993,0.2768990136,0.1639198945,0.7435704327,0.3217806637,0.0001062230033,0.0001093869022,0.6755588224,0.2288015631,0.09563961443,0.1226618228,0.1252587556
25.216,11.88897755,-0.7224555333,0.1792733087,0.2755885713,0.1619260457,0.7443661175,0.3196390228,0.000109961008,0.0001135186626,0.6767226453,0.2274046783,0.09587267641,0.1226417164,0.1252355605
25.24,11.87767266,-0.7237649991,0.1772762004,0.2742841553,0.159917202,0.7451594629,0.3174985186,0.0001137236429,0.0001176716481,0.6778798408,0.226012533,0.09610762619,0.1226172027,0.1252072098
25.264,11.86638925,-0.7250684986,0.1752635994,0.2729861084,0.157893368,0.7459501705,0.3153596852,0.0001174878075,0.0001218176366,0.6790299462,0.2246256888,0.09634436507,0.1225882754,0.1251739429
25.288,11.85512725,-0.7263656233,0.1732354473,0.2716947758,0.1558545663,0.7467379318,0.3132230787,0.0001212344877,0.0001259330613,0.6801724696,0.2232444695,0.0965830609,0.122554916,0.1251357567
25.312,11.84388662,-0.7276559501,0.1711917042,0.2704105039,0.1538008384,0.7475224286,0.3110892774,0.0001249482523,0.000129998439,0.6813068894,0.2218692397,0.09682387085,0.1225170925,0.1250926843
25.336,11.83266727,-0.7289390414,0.1691323514,0.2691336394,0.1517322458,0.7483033331,0.3089588812,0.0001286167915,0.0001339978526,0.6824326541,0.2205003646,0.09706698131,0.1224747592,0.1250447564
25.36,11.82146916,-0.7302144451,0.1670573929,0.267864528,0.1496488708,0.7490803084,0.3068325111,0.0001322305043,0.0001379184942,0.6835491816,0.2191382024,0.09731261603,0.1224278557,0.1249919935
25.384,11.81029223,-0.7314816954,0.1649668591,0.2666035125,0.1475508176,0.7498530091,0.3047108083,0.0001357821367,0.0001417502668,0.68465586,0.2177831008,0.09756103926,0.1223763063,0.124934404
25.408,11.79913641,-0.732740313,0.1628608087,0.2653509319,0.1454382125,0.7506210823,0.3025944328,0.000139266468,0.0001454854403,0.6857520479,0.216435394,0.09781255807,0.1223200192,0.1248719821
25.432,11.78800165,-0.7339898065,0.1607393326,0.2641071188,0.1433112055,0.7513841688,0.3004840625,0.0001426800421,0.0001491183559,0.6868370759,0.2150954,0.09806752415,0.1222588864,0.1248047059
25.456,11.77688788,-0.7352296736,0.158602557,0.2628723977,0.1411699701,0.7521419042,0.2983803913,0.0001460209379,0.0001526451726,0.6879102478,0.2137634167,0.09832633544,0.1221927824,0.1247325355
25.48,11.76579505,-0.7364594029,0.1564506469,0.2616470828,0.1390147044,0.7528939215,0.2962841271,0.0001492885771,0.0001560636508,0.6889708432,0.2124397194,0.0985894374,0.1221215638,0.1246554111
25.504,11.7547231,-0.7376784763,0.1542838102,0.260431475,0.1368456313,0.7536398533,0.294195989,0.0001524835623,0.0001593729671,0.6900181198,0.2111245563,0.09885732389,0.1220450681,0.1245732509
25.528,11.74367197,-0.7388863717,0.1521023017,0.2592258598,0.1346629983,0.7543793346,0.2921167053,0.0001556075442,0.0001625735564,0.6910513176,0.2098181448,0.09913053759,0.1219631128,0.1244859489
25.552,11.73264159,-0.7400825672,0.1499064276,0.2580305037,0.1324670778,0.7551120071,0.2900470092,0.0001586631127,0.0001656669783,0.692069663,0.2085206673,0.09940966967,0.1218754945,0.1243933723
25.576,11.72163192,-0.7412665449,0.1476965496,0.2568456512,0.1302581665,0.7558375232,0.287987636,0.0001616537115,0.0001686558041,0.6930723749,0.2072322664,0.09969535874,0.1217819874,0.1242953594
25.6,11.71064289,-0.7424377973,0.1454730896,0.2556715212,0.1280365845,0.7565555516,0.2859393183,0.0001645835712,0.000171543522,0.6940586715,0.2059530398,0.09998828867,0.1216823418,0.1241917167
25.624,11.69967445,-0.7435958331,0.1432365345,0.2545083032,0.1258026741,0.7572657842,0.2839027812,0.0001674576616,0.0001743344589,0.695027779,0.2046830359,0.1002891851,0.1215762831,0.1240822163
25.648,11.68872653,-0.7447401861,0.1409874399,0.2533561531,0.1235567982,0.7579679432,0.2818787375,0.0001702816611,0.0001770337177,0.695978942,0.2034222476,0.1005988103,0.1214635101,0.1239665936
25.672,11.67779908,-0.7458704237,0.1387264342,0.2522151894,0.1212993374,0.7586617906,0.2798678814,0.000173061941,0.000179647128,0.6969114361,0.2021706077,0.1009179562,0.1213436936,0.1238445445
25.696,11.66689205,-0.7469861591,0.1364542222,0.2510854884,0.1190306875,0.7593471384,0.277870882,0.0001758055667,0.0001821812101,0.6978245825,0.2009279832,0.1012474343,0.121216475,0.1237157229
25.72,11.65600537,-0.7480870635,0.1341715868,0.2499670798,0.1167512549,0.760023861,0.2758883769,0.0001785203131,0.0001846431522,0.6987177664,0.19969417,0.1015880636,0.1210814652,0.1235797394
25.744,11.64513898,-0.7491728817,0.1318793904,0.2488599425,0.114461452,0.7606919089,0.2739209649,0.0001812146965,0.0001870407994,0.699590457,0.1984688891,0.1019406539,0.120938244,0.1234361591
25.768,11.63429284,-0.7502434485,0.1295785734,0.2477639997,0.1121616907,0.7613513241,0.2719691975,0.0001838980231,0.0001893826564,0.7004422327,0.1972517821,0.1023059852,0.1207863601,0.1232845018
25.792,11.62346689,-0.7512987088,0.1272701511,0.2466791148,0.1098523753,0.762002258,0.2700335721,0.0001865804556,0.0001916779025,0.7012728081,0.196042409,0.1026847829,0.1206253321,0.1231242422
25.816,11.61266106,-0.752338738,0.1249552066,0.245605088,0.1075338934,0.7626449897,0.2681145231,0.0001892730991,0.0001939364219,0.7020820668,0.1948402477,0.1030776855,0.1204546506,0.1229548126
25.84,11.60187531,-0.753363766,0.1226348796,0.2445416527,0.1052066051,0.7632799471,0.2662124146,0.0001919881114,0.0001961688485,0.702870097,0.1936446952,0.1034852078,0.1202737825,0.122775607
25.864,11.59110957,-0.7543742014,0.1203103507,0.2434884736,0.1028708309,0.7639077276,0.2643275329,0.0001947388383,0.0001983866281,0.7036372316,0.1924550731,0.1039076953,0.1200821775,0.1225859891
25.888,11.5803638,-0.755370657,0.1179828187,0.242445146,0.1005268361,0.7645291197,0.26246008,0.0001975399816,0.0002006021,0.7043840921,0.1912706364,0.1043452715,0.1198792782,0.1223853025
25.912,11.56963793,-0.7563539753,0.1156534706,0.2414111965,0.09817481457,0.7651451243,0.2606101687,0.0002004078044,0.0002028286014,0.7051116358,0.1900905884,0.1047977758,0.1196645344,0.1221728873
25.936,11.55893191,-0.7573252525,0.1133234435,0.2403860868,0.09581486807,0.7657569725,0.2587778191,0.0002033603828,0.000205080597,0.7058212048,0.1889141026,0.1052646926,0.1194374224,0.1219481009
25.96,11.54824569,-0.7582858588,0.110993776,0.2393692202,0.09344698351,0.7663661409,0.2569629591,0.0002064179149,0.0002073738406,0.706514577,0.1877403528,0.1057450702,0.1191974724,0.1217103475
25.984,11.5375792,-0.7592374532,0.1086653494,0.2383599532,0.09107100622,0.7669743597,0.2551654276,0.000209603101,0.0002097255741,0.707194016,0.1865685552,0.1062374288,0.1189443036,0.1214591158
26.008,11.52693241,-0.7601819903,0.1063388172,0.2373576113,0.0886866092,0.7675836126,0.2533849844,0.000212941614,0.0002121547705,0.7078623188,0.1853980239,0.1067396573,0.118677671,0.1211940286
26.032,11.51630524,-0.7611217145,0.1040145231,0.2363615141,0.08629325766,0.7681961242,0.2516213259,0.0002164626851,0.0002146824346,0.7085228595,0.1842282446,0.1072488959,0.1183975274,0.1209149068
26.056,11.50569765,-0.7620591392,0.1016924066,0.2353710087,0.08389016781,0.7688143321,0.2498741123,0.0002201998388,0.0002173319709,0.7091796276,0.1830589705,0.1077614019,0.1181041019,0.1206218512
26.08,11.49510959,-0.7629970062,0.09937189865,0.2343855183,0.08147625871,0.7694408397,0.248143007,0.000224191822,0.0002201296381,0.7098372597,0.1818903492,0.1082723911,0.1177980037,0.1203153488
26.104,11.48454099,-0.7639382206,0.09705180599,0.2334046084,0.07905009553,0.7700783453,0.2464277355,0.0002284837906,0.0002231051112,0.7105010668,0.1807230881,0.1087758451,0.1174803567,0.1199964095
26.128,11.47399181,-0.7648857576,0.09473018561,0.2324280817,0.07660982174,0.7707295442,0.2447281716,0.0002331288393,0.0002262921804,0.7111770612,0.1795586753,0.1092642635,0.1171529766,0.1196667462
26.152,11.46346199,-0.7658425355,0.09240420802,0.2314561132,0.07415307733,0.7713969969,0.2430444634,0.0002381899975,0.0002297296198,0.7118719896,0.1783996776,0.1097283328,0.116818606,0.1193290136
26.176,11.45295148,-0.7668112474,0.0900700043,0.2304894474,0.07167689931,0.7720829585,0.2413772219,0.0002437428582,0.0002334622728,0.7125933858,0.1772501493,0.1101564649,0.1164812315,0.1189871316
26.2,11.44246023,-0.7677941419,0.087722485,0.2295296965,0.06917760144,0.7727891554,0.2397278084,0.000249879082,0.0002375424007,0.7133496557,0.176116207,0.1105341373,0.1161465145,0.1186467284
26.224,11.43198818,-0.7687927279,0.08535510609,0.2285798026,0.06665063383,0.7735164851,0.2380987887,0.0002567111053,0.0002420313415,0.7141502019,0.1750068519,0.1108429462,0.1158223833,0.1183157602
26.248,11.42153528,-0.7698073572,0.08295953393,0.2276447832,0.06409043817,0.7742645875,0.2364946756,0.0002643784957,0.0002470014905,0.7150055615,0.1739351672,0.1110592713,0.1155198401,0.1180053746
26.272,11.41110148,-0.7708365749,0.08052512118,0.2267329768,0.06149035964,0.7750311737,0.2349231941,0.0002730564809,0.0002525384973,0.7159274242,0.1729200708,0.1111525049,0.1152540294,0.1177311
26.296,11.40068672,-0.7718759891,0.07803803884,0.2258581986,0.05884281308,0.775810852,0.2333975204,0.0002829670463,0.000258743226,0.7169280789,0.1719888486,0.1110830724,0.1150455208,0.1175143792
26.31078971,11.39427821,-0.7725177795,0.07647140784,0.225347044,0.05718431962,0.7762934985,0.2324894334,0.0002898076487,0.00026294932,0.7175887347,0.1714731322,0.1109381331,0.1149570549,0.1174217264
26.32,11.39029096,-0.7729160606,0.07547980723,0.225043572,0.05614030117,0.7765928393,0.2319403862,0.0002943920169,0.0002657320464,0.7180179409,0.1711806056,0.1108014535,0.1149214161,0.1173841923
26.344,11.37991414,-0.7739372928,0.07282488368,0.2243283768,0.05337907799,0.7773560297,0.2305917315,0.0003076834403,0.0002736312669,0.7191973272,0.1705501393,0.1102525335,0.1149148356,0.1173775178
26.368,11.3695562,-0.7748987163,0.07003734962,0.2237795705,0.05057081763,0.7780573571,0.2294225442,0.0003232514216,0.0002825535256,0.7204316755,0.1701692163,0.1093991082,0.1150583201,0.1175344326
26.392,11.35921711,-0.7757079871,0.06707056876,0.2235056813,0.04777761492,0.7786021721,0.2285552233,0.0003414537996,0.0002925197306,0.7215793169,0.1701128875,0.1083077956,0.1153578578,0.1178753119
26.416,11.3488968,-0.776141736,0.06389964576,0.2236404419,0.04520462382,0.7787677183,0.2281633302,0.0003621010476,0.0003032123772,0.7222173331,0.1703955566,0.1073871103,0.1157380429,0.1183369594
26.44,11.33859523,-0.7756911865,0.06076781387,0.2241401839,0.04334406647,0.7780678274,0.2282926415,0.0003824726924,0.000313180575,0.721347753,0.170777554,0.107874693,0.1159580627,0.1186599257
26.464,11.32831235,-0.7740398904,0.05915716105,0.2242157783,0.04269242219,0.7762971864,0.2282440759,0.000389800019,0.0003171473016,0.7183173956,0.1704713374,0.111211267,0.115679922,0.1183758786
26.488,11.3180481,-0.7741458785,0.06058711177,0.2227322964,0.042465227,0.7765131288,0.2267442862,0.0003362166647,0.0002953521259,0.7178424566,0.1686754626,0.1134820807,0.1148697043,0.1172624041
26.49816,11.3137085,-0.7761218123,0.06139921745,0.2217394195,0.04221223564,0.778546679,0.2257216051,0.0002598629068,0.00025903339,0.720024786,0.1673065227,0.1126686913,0.1138897871,0.1163562126
26.512,11.30780243,-0.7785210022,0.05915254302,0.2194558123,0.04095405383,0.780764993,0.2232444581,4.64143209e-05,4.463757516e-05,0.7243943717,0.1670346639,0.1085709645,0.1148003953,0.1171965738
26.536,11.29757529,-0.7806373817,0.05659614289,0.2173851674,0.03837330955,0.7826863006,0.2207460575,0.0001524123586,0.0001831518404,0.7263078921,0.1648526734,0.1088394345,0.1137100237,0.116123818
26.56,11.28736664,-0.782592732,0.05365768977,0.2153997196,0.03541055802,0.7844300681,0.2182909682,4.911951823e-05,7.098245059e-05,0.7280987113,0.1627828923,0.1091183964,0.1127681771,0.1151319404
26.584,11.27717642,-0.7842158024,0.05058620134,0.2137452271,0.03229112508,0.7858456519,0.2161706244,3.441334382e-05,3.256624351e-05,0.7294461913,0.1609318929,0.1096219158,0.1118928015,0.114202153
26.608,11.26700459,-0.7856306428,0.04748574477,0.2123162383,0.02913590214,0.7870644211,0.2143060564,7.695235063e-05,7.518075961e-05,0.7305488232,0.159273514,0.1101776628,0.1110784144,0.1133464225
26.632,11.25685108,-0.7869126412,0.04437447007,0.2110345137,0.02597640157,0.7881627995,0.2126272311,0.0001039525816,0.0001046336625,0.7315513514,0.1578061336,0.110642515,0.110350742,0.1125957833
26.656,11.24671586,-0.7881009659,0.04125148939,0.209853889,0.02281600583,0.7891798387,0.2110905608,0.0001189538573,0.0001211376403,0.7325151588,0.1565063852,0.1109784561,0.1097103268,0.1119471456
26.68,11.23659888,-0.7892161703,0.03811303865,0.2087482587,0.01965060921,0.7901359169,0.2096711281,0.0001253784164,0.0001284140565,0.7334535232,0.155337074,0.1112094028,0.1091387403,0.1113750756
26.704,11.22650007,-0.7902694046,0.034956056,0.207702994,0.01647510935,0.791042134,0.2083553765,0.0001257266998,0.0001291294635,0.7343603594,0.1542619316,0.111377709,0.1086126859,0.110849952
26.728,11.21641941,-0.7912669386,0.03177870767,0.2067099762,0.01328526136,0.7919048266,0.2071364585,0.0001219286182,0.0001252772198,0.7352255677,0.1532532204,0.1115212119,0.1081122984,0.1103476923
26.752,11.20635683,-0.7922124333,0.02858021384,0.205764816,0.01007804513,0.792727802,0.2060114718,0.0001154967934,0.0001184327967,0.7360412304,0.1522934771,0.1116652924,0.107623849,0.1098527366
26.776,11.19631229,-0.7931081252,0.02536056861,0.2048652782,0.006851581053,0.7935134886,0.2049798195,0.0001075833846,0.0001098405451,0.7368034359,0.151374278,0.1118222861,0.1071397677,0.1093575396
26.8,11.18628575,-0.7939554633,0.02212029568,0.2040103684,0.003604934034,0.7942635489,0.2040422162,9.902275578e-05,0.0001004427882,0.7375118499,0.1504936568,0.1119944933,0.1066572549,0.1088604207
26.824,11.17627714,-0.7947554616,0.01886026243,0.2031997904,0.0003379135549,0.7949792156,0.2032000714,9.038469561e-05,9.091062168e-05,0.7381685142,0.1496533755,0.1121781103,0.1061765528,0.1083630982
26.848,11.16628643,-0.7955088957,0.01558154558,0.2024336169,-0.002949100172,0.7956614781,0.2024550974,8.203415771e-05,8.168944615e-05,0.7387765931,0.1488567099,0.112366697,0.1056993987,0.1078686368
26.872,11.15631356,-0.7962164137,0.01228533669,0.2017120883,-0.006255299278,0.7963111872,0.2018090567,7.418764626e-05,7.305165654e-05,0.7393393994,0.1481069761,0.1125536245,0.105227887,0.1073800754
26.896,11.14635849,-0.7968785975,0.008972877182,0.2010354885,-0.009579563458,0.7969291134,0.2012635975,6.695992412e-05,6.514633198e-05,0.7398597852,0.1474067351,0.1127334797,0.104763769,0.1068996952
26.92,11.13642117,-0.7974959962,0.005645414482,0.2004040708,-0.0129205518,0.7975159777,0.2008201491,6.039929873e-05,5.803998167e-05,0.7403398535,0.1467574959,0.1129026506,0.1043081152,0.1064287602
26.944,11.12650156,-0.7980691427,0.002304173509,0.1998180157,-0.01627677542,0.798072469,0.2004798564,5.451255648e-05,5.174678995e-05,0.7407809028,0.1461597266,0.1130593705,0.1038612341,0.1059675511
26.968,11.1165996,-0.7985985616,-0.001049661105,0.1992774086,-0.01964665432,0.7985992514,0.2002435432,4.928168366e-05,4.624935519e-05,0.7411835137,0.1456130282,0.1132034581,0.1034227469,0.1055155494
26.992,11.10671525,-0.7990847718,-0.004414955179,0.1987822325,-0.02302856127,0.799096968,0.2001116953,4.467456138e-05,4.151185402e-05,0.7415477072,0.1451163685,0.1133359243,0.1029917409,0.1050716762
27.016,11.09684846,-0.7995282864,-0.007790629872,0.1983323687,-0.0264208548,0.7995662416,0.2000844572,4.065146076e-05,3.748762503e-05,0.7418731261,0.1446683194,0.1134585545,0.1025669497,0.1046345279
27.04,11.08699919,-0.7999296119,-0.01117566298,0.1979276032,-0.02982190303,0.8000076747,0.2001616397,3.716873231e-05,3.412293445e-05,0.7421592083,0.1442672622,0.1135735296,0.1021469274,0.104202579
27.064,11.07716738,-0.8002892466,-0.01456908783,0.1975676379,-0.03323009953,0.8004218492,0.200342734,3.418071894e-05,3.13584586e-05,0.7424053347,0.143911548,0.1136831173,0.1017301969,0.1037743359
27.088,11.067353,-0.8006076794,-0.01796999067,0.197252102,-0.03664387218,0.8008093262,0.2006269302,3.164065414e-05,2.9129842e-05,0.7426109441,0.1435996084,0.1137894475,0.1013153663,0.1033484424
27.112,11.05755599,-0.8008853888,-0.02137750718,0.1969805666,-0.04006168542,0.8011706459,0.2010131395,2.950111178e-05,2.736845559e-05,0.7427756128,0.1433300203,0.1138943669,0.1009012082,0.1029237373
27.136,11.04777631,-0.8011228428,-0.02479081839,0.1967525578,-0.04348203617,0.801506328,0.201500016,2.771441036e-05,2.600304824e-05,0.7428991004,0.1431015332,0.1139993664,0.1004867058,0.1024992761
27.16,11.03801392,-0.8013204987,-0.02820914655,0.1965675712,-0.04690344282,0.8018168729,0.2020859792,2.623321158e-05,2.496237301e-05,0.7429813672,0.1429130674,0.1141055653,0.100071069,0.1020743238
27.184,11.02826876,-0.8014788039,-0.03163175094,0.196425086,-0.05032442619,0.802102762,0.2027692341,2.501138654e-05,2.417830512e-05,0.7430225692,0.1427636938,0.114213737,0.09965372776,0.1016483309
27.208,11.0185408,-0.8015981966,-0.03505792378,0.1963245785,-0.05374348002,0.8023644601,0.2035477875,2.400507902e-05,2.358872493e-05,0.7430230363,0.1426526022,0.1143243615,0.09923430887,0.1012208999
27.232,11.00882998,-0.8016791072,-0.03848698639,0.1962655365,-0.05715902699,0.8026024165,0.2044194589,2.317381101e-05,2.313959038e-05,0.7429832419,0.1425790653,0.1144376928,0.09881260231,0.1007917496
27.256,10.99913626,-0.80172196,-0.04191828551,0.1962474723,-0.06056935266,0.8028170675,0.2053818805,2.248146929e-05,2.278599411e-05,0.7429037683,0.1425423999,0.1145538318,0.09838852397,0.1003606825
27.28,10.9894596,-0.8017271752,-0.04535118986,0.1962699365,-0.06397250462,0.803008838,0.2064324813,2.189706998e-05,2.249234452e-05,0.7427852726,0.1425419268,0.1146728006,0.09796207828,0.09992755697
27.304,10.97979996,-0.8016951709,-0.04878508689,0.1963325283,-0.06736613342,0.8031781445,0.2075684408,2.139528288e-05,2.223199253e-05,0.7426284568,0.1425769235,0.1147946197,0.09753332456,0.09949226539
27.328,10.97015727,-0.8016263659,-0.05221937957,0.196434898,-0.07074723122,0.8033253974,0.2087865893,2.095677444e-05,2.198665057e-05,0.7424340434,0.1426465601,0.1149193965,0.09710234892,0.09905471976
27.352,10.96053152,-0.801521182,-0.05565348331,0.1965767245,-0.07411168192,0.8034510037,0.2100831979,2.056847489e-05,2.174588926e-05,0.7422027585,0.142749793,0.1150474485,0.09666924269,0.09861484248
27.376,10.95092263,-0.8013800473,-0.05908682276,0.1967576214,-0.07745344182,0.8035553701,0.2114535344,2.022389068e-05,2.150691339e-05,0.7419353209,0.1428851601,0.115179519,0.09623408763,0.09817256237
27.4,10.94133058,-0.8012033995,-0.06251882845,0.1969768228,-0.08076294698,0.8036389061,0.2128908695,1.992357095e-05,2.127474484e-05,0.7416324392,0.1430503374,0.1153172235,0.09579694742,0.09772781458
27.424,10.93175532,-0.8009916893,-0.06594893307,0.1972321667,-0.08402376625,0.803702027,0.21438405,1.967580042e-05,2.10628739e-05,0.7412948132,0.1432410647,0.1154641221,0.09535786467,0.09728054338
27.448,10.92219681,-0.8007453845,-0.06937656717,0.1975165487,-0.08720489614,0.8037451579,0.2159108171,1.949752437e-05,2.089436001e-05,0.7409231417,0.1434481883,0.11562867,0.09491686248,0.09683070696
27.472,10.91265499,-0.8004649742,-0.072801154,0.1978037308,-0.09024122023,0.8037687373,0.2174161764,1.941539976e-05,2.080323216e-05,0.740518133,0.1436480774,0.1158337896,0.09447394958,0.09637828321
27.496,10.90312984,-0.8001509742,-0.07622210315,0.1979782095,-0.09298266507,0.8037732208,0.2187261929,1.946669974e-05,2.083582171e-05,0.7400805188,0.1437644239,0.1161550574,0.0940291279,0.09592327597
27.52,10.89362129,-0.7998039314,-0.07963880244,0.1973999985,-0.09518204822,0.8037590856,0.2191492225,1.969959746e-05,2.105136362e-05,0.7396110697,0.143492103,0.1168968272,0.09358240172,0.0954657209
27.544,10.88412932,-0.7994244306,-0.08305060742,0.1942411048,-0.09922764135,0.8037268339,0.2181186182,2.017221874e-05,2.152094655e-05,0.7391106115,0.1425814227,0.1183079659,0.09313378746,0.09500569063
27.568,10.87465387,-0.7990130994,-0.08645682754,0.19557322,-0.1063199556,0.8036769973,0.2226046211,2.094997136e-05,2.232397197e-05,0.7385800398,0.1440961166,0.1173238436,0.09268332337,0.09454329873
27.592,10.86519491,-0.798570615,-0.08985670774,0.1976912768,-0.1099537183,0.8036101388,0.2262115406,2.210119282e-05,2.3542018e-05,0.738020334,0.1452503637,0.1167293024,0.09223107838,0.09407870204
27.616,10.85575239,-0.798097709,-0.09324940376,0.1988763209,-0.1130887943,0.8035268536,0.2287812632,2.369196685e-05,2.525127898e-05,0.7374325648,0.1459529685,0.1166144668,0.09177715976,0.09361210142
27.64,10.84632627,-0.7975951704,-0.09663394892,0.199736279,-0.1162440369,0.8034277665,0.2311001022,2.57814554e-05,2.751565374e-05,0.7368178954,0.1465509986,0.116631106,0.09132171887,0.09314374054
27.664,10.8369165,-0.797063844,-0.1000092092,0.200482167,-0.1194427183,0.8033135212,0.2333659406,2.841866869e-05,3.038201968e-05,0.7361775691,0.147133566,0.1166888649,0.09086495496,0.09267390289
27.688,10.82752304,-0.7965046202,-0.1033738231,0.2011888212,-0.1226706663,0.8031847591,0.2356375058,3.164035253e-05,3.387738266e-05,0.7355128749,0.1477279423,0.1167591828,0.09040711666,0.092202907
27.712,10.81814586,-0.7959184077,-0.1067261212,0.2018875189,-0.1259158447,0.8030420765,0.2379356431,3.546844338e-05,3.800588505e-05,0.734825079,0.1483444718,0.1168304492,0.08994850108,0.09173110012
27.736,10.8087849,-0.795306078,-0.1100640213,0.2025931663,-0.1291702549,0.8028859486,0.2402684869,3.990508256e-05,4.274334538e-05,0.7341152984,0.1489877981,0.1168969035,0.08948945039,0.09125885051
27.76,10.79944013,-0.794668358,-0.1133848972,0.2033135902,-0.1324286678,0.8027165963,0.2426391725,4.492364642e-05,4.80281892e-05,0.733384282,0.149660309,0.1169554089,0.08903034598,0.0907865387
27.784,10.7901115,-0.7940056397,-0.1166854244,0.2040532033,-0.1356875837,0.8025337652,0.2450486281,5.045555102e-05,5.374984084e-05,0.7326320467,0.1503633812,0.117004572,0.08857159998,0.09031454821
27.808,10.78079898,-0.7933176543,-0.1199614292,0.2048146264,-0.138944585,0.8023363665,0.247496725,5.637486344e-05,5.973851302e-05,0.7318572936,0.1510978887,0.1170448177,0.08811364537,0.08984325622
27.832,10.77150252,-0.7926029431,-0.1232078022,0.2055994749,-0.1421979476,0.8021219284,0.2499828002,6.248612714e-05,6.576319356e-05,0.7310565297,0.1518644321,0.1170790381,0.08765693788,0.08937302741
27.856,10.76222207,-0.7918580621,-0.1264186235,0.2064087694,-0.1454464041,0.8018858141,0.2525059138,6.852436495e-05,7.154561702e-05,0.7302228629,0.1526634833,0.1171136538,0.08720199934,0.08890424165
27.88,10.7529576,-0.7910765179,-0.1295877685,0.2072431633,-0.1486889959,0.8016202635,0.2550649843,7.417689713e-05,7.67942764e-05,0.7293437355,0.1534985987,0.1171576658,0.08674868306,0.08844044658
27.904,10.74370907,-0.7902476625,-0.1327104078,0.2081030755,-0.1519249792,0.8013135594,0.2576588623,7.913016966e-05,8.125304723e-05,0.7284011729,0.1543599714,0.1172388558,0.08629774609,0.08797187545
27.928,10.73447644,-0.7893562567,-0.1357857918,0.2089887706,-0.1551537621,0.8009501116,0.2602863733,8.313078444e-05,8.474832335e-05,0.7273702721,0.1552577259,0.117372002,0.08584918399,0.0875087226
27.952,10.72525966,-0.7883840697,-0.1388211168,0.2099004094,-0.1583748628,0.8005128006,0.2629463425,8.603694144e-05,8.72156485e-05,0.7262236625,0.1561887933,0.1175875442,0.08540291123,0.08704800662
27.976,10.71605869,-0.7873149651,-0.1418347081,0.2108380822,-0.1615878804,0.7999887116,0.2656376103,8.783748093e-05,8.869622603e-05,0.7249409112,0.157153217,0.1179058718,0.08495896482,0.08658986913
28,10.7068735,-0.7861429819,-0.1448549707,0.2118018297,-0.1647924742,0.7993771016,0.2683590405,8.86329637e-05,8.930886539e-05,0.7235207402,0.158151191,0.1183280688,0.08451698182,0.08613460841
28.024,10.69770404,-0.78487891,-0.1479124743,0.212791658,-0.1679883491,0.7986945621,0.2711095261,8.859286782e-05,8.92123756e-05,0.7219920281,0.159183163,0.1188248089,0.08407901678,0.08568277991
28.048,10.68855027,-0.7835491102,-0.1510281421,0.2138075488,-0.1711752445,0.7979716209,0.2738879922,8.791000794e-05,8.857239981e-05,0.7204061446,0.1602500486,0.1193438068,0.08364742915,0.08523540849
28.072,10.67941215,-0.7821857098,-0.1542057012,0.214849466,-0.1743529266,0.7972414207,0.2766933972,8.676675602e-05,8.753956976e-05,0.7188227083,0.161353472,0.1198238197,0.08322881801,0.08479422827
28.096,10.67028965,-0.7808151299,-0.1574334893,0.2159173607,-0.1775211821,0.7965284493,0.2795247337,8.531700446e-05,8.623912616e-05,0.7172878543,0.1624955378,0.1202166079,0.08283027647,0.08436145363
28.12,10.66118272,-0.7794522751,-0.1606924314,0.2170111744,-0.1806798139,0.7958441472,0.2823810279,8.368077841e-05,8.476879434e-05,0.7158078414,0.1636782845,0.120513874,0.08243992775,0.08393923241
28.144,10.65209132,-0.7781013582,-0.163963681,0.2181308412,-0.1838286373,0.7951891676,0.2852613394,8.194636219e-05,8.320126128e-05,0.7143746042,0.1649018388,0.120723557,0.08204878521,0.08352780007
28.168,10.64301541,-0.7767598347,-0.167232583,0.2192762896,-0.1869674778,0.7945581021,0.2881647601,8.017567587e-05,8.158851442e-05,0.7129810651,0.1661637243,0.1208552106,0.0816584811,0.08312478868
28.192,10.63395495,-0.7754221985,-0.1704893827,0.220447443,-0.1900961689,0.7939434587,0.291090413,7.841028301e-05,7.99664253e-05,0.7116172804,0.1674605581,0.1209221614,0.08127105876,0.08272692319
28.216,10.62490991,-0.7740824135,-0.1737283427,0.2216442204,-0.1932145506,0.7933379607,0.2940374517,7.667677076e-05,7.835881355e-05,0.7102724631,0.1687904619,0.1209370749,0.08088733734,0.08233243281
28.24,10.61588024,-0.7727350841,-0.1769465011,0.2228665362,-0.1963224688,0.792735501,0.2970050584,7.499107937e-05,7.678073987e-05,0.70893703,0.1701534714,0.1209094986,0.08050744991,0.08194146076
28.264,10.60686591,-0.7713758404,-0.1801426189,0.2241143005,-0.1994197746,0.792131334,0.2999924436,7.336177774e-05,7.524103483e-05,0.7076032458,0.1715501139,0.1208466404,0.08013119003,0.08155464201
28.288,10.59786687,-0.7700013366,-0.1833164408,0.2253874181,-0.2025063242,0.7915219364,0.3029988442,7.179244599e-05,7.374417465e-05,0.7062651431,0.1729800498,0.120754807,0.07975816214,0.08117174481
28.312,10.58888309,-0.7686091012,-0.1864682272,0.226685788,-0.2055819792,0.7909047668,0.306023523,7.028336289e-05,7.229164003e-05,0.7049182036,0.1744418473,0.1206399491,0.07938784843,0.08079144548
28.336,10.57991453,-0.7671973566,-0.189598476,0.2280093028,-0.2086466071,0.7902780309,0.3090657678,6.883267758e-05,7.088288313e-05,0.7035590137,0.1759335659,0.1205074205,0.07901964281,0.08041191204
28.36,10.57096114,-0.7657648547,-0.1927077674,0.2293578473,-0.2117000827,0.7896404855,0.3121248902,6.743720997e-05,6.951600609e-05,0.7021849728,0.1774533761,0.1203616511,0.07865287192,0.08003142418
28.384,10.5620229,-0.7643107428,-0.1957966814,0.2307312975,-0.2147422895,0.7889912876,0.3152002261,6.609298884e-05,6.818823033e-05,0.700794067,0.1789999236,0.1202060094,0.07828681072,0.07964873642
28.408,10.55309976,-0.7628344606,-0.1988657591,0.2321295188,-0.2177731222,0.788329883,0.3182911344,6.479560696e-05,6.689621626e-05,0.6993847045,0.1805724569,0.1200428387,0.07792069582,0.07926320613
28.432,10.54419169,-0.7613356633,-0.201915487,0.2335523651,-0.2207924894,0.7876559249,0.3213969984,6.354044972e-05,6.563627641e-05,0.6979555977,0.1821707366,0.1198736657,0.07755373768,0.07887470167
28.456,10.53529864,-0.7598141638,-0.2049462947,0.2349996759,-0.223800318,0.7869692162,0.324517226,6.232283658e-05,6.440451299e-05,0.6965056833,0.1837947952,0.1196995216,0.07718513206,0.07848336104
28.48,10.52642058,-0.7582698922,-0.2079585595,0.2364712751,-0.2267965581,0.7862696687,0.3276512516,6.113810296e-05,6.319690166e-05,0.6950340665,0.1854446875,0.119521246,0.07681407085,0.07808934077
28.504,10.51755747,-0.7567028647,-0.2109526134,0.2379669686,-0.2297811898,0.7855572739,0.3307985389,5.998164109e-05,6.200933709e-05,0.6935399863,0.187120328,0.1193396857,0.07643975212,0.07769265085
28.528,10.50870927,-0.7551131624,-0.2139287529,0.2394865416,-0.2327542324,0.7848320835,0.3339585847,5.884891293e-05,6.083765079e-05,0.6920227924,0.188821425,0.1191557826,0.0760613896,0.07729308499
28.552,10.49987595,-0.7535009154,-0.2168872481,0.2410297565,-0.235715756,0.7840941958,0.3371309258,5.773544367e-05,5.967760861e-05,0.690481933,0.190547477,0.11897059,0.07567822175,0.07689021232
28.576,10.49105746,-0.7518662928,-0.2198283525,0.2425963507,-0.2386658972,0.7833437476,0.3403151479,5.663680162e-05,5.85248928e-05,0.6889169511,0.1922978013,0.1187852476,0.075289521,0.07648339805
28.6,10.48225378,-0.7502094951,-0.2227523137,0.2441860348,-0.2416048799,0.7825809094,0.3435108988,5.554856855e-05,5.737507183e-05,0.6873274866,0.1940715791,0.1186009343,0.07489460366,0.07607183822
28.624,10.47346485,-0.7485307507,-0.2256593833,0.2457984924,-0.2445330434,0.7818058851,0.3467179087,5.446630287e-05,5.622356003e-05,0.6857132865,0.1958679189,0.1184187946,0.07449284148,0.07565460756
28.648,10.46469066,-0.7468303151,-0.2285498287,0.2474333825,-0.2474508814,0.7810189138,0.3499360191,5.338549763e-05,5.506556821e-05,0.6840742221,0.1976859476,0.1182398303,0.0740836756,0.07523072712
28.672,10.45593115,-0.7451084726,-0.2314239459,0.2490903467,-0.250359094,0.7802202758,0.3531652258,5.23015346e-05,5.3896046e-05,0.6824103154,0.199524939,0.1180647457,0.07366663392,0.07479925932
28.696,10.4471863,-0.7433655424,-0.2342820744,0.2507690267,-0.2532586622,0.7794103028,0.3564057445,5.120963601e-05,5.270961663e-05,0.6807217753,0.2013844906,0.1178937341,0.07324135264,0.07435943306
28.72,10.43845606,-0.7416018882,-0.2371246149,0.2524690987,-0.2561509506,0.7785893935,0.3596581089,5.010481614e-05,5.150050504e-05,0.6790090484,0.2032647503,0.1177262013,0.07280760228,0.07391079233
28.744,10.4297404,-0.7398179344,-0.2399520512,0.2541903412,-0.2590378534,0.7777580362,0.3629233239,4.898183599e-05,5.026246162e-05,0.6772728832,0.2051666883,0.1175604284,0.07236531793,0.07345334679
28.768,10.42103928,-0.7380141914,-0.2427649775,0.255932764,-0.2619219997,0.7769168431,0.3662031043,4.783516734e-05,4.898868602e-05,0.6755144157,0.2070924009,0.1173931834,0.07191463232,0.0729876849
28.792,10.41235267,-0.736191295,-0.2455641323,0.2576968528,-0.2648070406,0.7760665989,0.3695002526,4.665897714e-05,4.767176044e-05,0.6737352763,0.2090454332,0.1172192905,0.07145590821,0.0725149942
28.816,10.40368052,-0.7343500665,-0.2483504413,0.2594840322,-0.2676980371,0.7752083345,0.3728192619,4.544715175e-05,4.630361073e-05,0.6719377289,0.2110311388,0.1170311324,0.07098976487,0.07203693459
28.84,10.39502282,-0.7324916082,-0.2511250694,0.2612975465,-0.2706019366,0.7743434357,0.3761672711,4.419339629e-05,4.487553086e-05,0.6701248498,0.2130571682,0.116817982,0.07051709137,0.07155535031
28.864,10.3863795,-0.7306174538,-0.2538894798,0.2631441263,-0.2735280123,0.7734738081,0.3795555357,4.289147243e-05,4.337833902e-05,0.6683007724,0.215134297,0.1165649307,0.07003903874,0.0710718904
28.888,10.37775055,-0.7287298119,-0.256645493,0.2650370792,-0.2764877596,0.7726021277,0.3830014811,4.153568994e-05,4.180279724e-05,0.6664710344,0.2172778347,0.1162511309,0.06955698484,0.07058769844
28.912,10.36913593,-0.7268319597,-0.2593953159,0.2670016357,-0.2794926838,0.7717322253,0.3865307669,4.012186416e-05,4.014055143e-05,0.6646430998,0.2195093763,0.1158475239,0.06907247058,0.0701033409
28.936,10.3605356,-0.7249288882,-0.2621414663,0.2690824536,-0.282545899,0.7708696656,0.3901763087,3.864913514e-05,3.838610001e-05,0.6628271556,0.2218565728,0.1153162717,0.06858711282,0.06961901941
28.96,10.35194952,-0.7230283393,-0.2648864028,0.27134723,-0.2856198511,0.7700225879,0.393964489,3.712339652e-05,3.654081336e-05,0.661037294,0.2243429505,0.1146197555,0.06810250675,0.06913493055
28.984,10.34337766,-0.7211423977,-0.2676313968,0.2738627191,-0.2886179269,0.7692027836,0.3978707034,3.55637588e-05,3.462108877e-05,0.6592930581,0.2269526541,0.1137542878,0.06762013446,0.0686515563
29.008,10.33481998,-0.7192895738,-0.2703736014,0.2766087552,-0.2913642376,0.7684265581,0.4017530615,3.401474643e-05,3.267489712e-05,0.6576206717,0.229575272,0.1128040563,0.06714129533,0.06816974849
29.032,10.32627645,-0.7174961703,-0.2730992745,0.2793924794,-0.293723851,0.7677134675,0.4053811271,3.256915443e-05,3.081511318e-05,0.6560510356,0.232024478,0.1119244864,0.06666706635,0.06769061887
29.056,10.31774704,-0.7157918431,-0.2757707901,0.2819653487,-0.2957774823,0.7670772394,0.4086426029,3.140955284e-05,2.928406298e-05,0.6546057833,0.234204114,0.1111901027,0.06619829105,0.06721533629
29.08,10.30923171,-0.7141864256,-0.2783116938,0.2842506914,-0.2977493925,0.7664983036,0.411646883,3.087726601e-05,2.856363477e-05,0.6532552376,0.2361980903,0.1105466721,0.06573558725,0.06674493319
29.104,10.30073042,-0.7126180535,-0.2806207558,0.2863383089,-0.2997947711,0.7658802118,0.4145678857,3.156471668e-05,2.950567616e-05,0.6518518618,0.2381467094,0.1100014288,0.06527936199,0.06628017662
29.128,10.29224313,-0.7109257418,-0.2826634436,0.2883417278,-0.3019508007,0.7650581891,0.417510764,3.43871072e-05,3.33560077e-05,0.6501438588,0.2401367523,0.1097193889,0.06482982491,0.0658215131
29.152,10.28376983,-0.7089605025,-0.284564209,0.2903328148,-0.3041971976,0.7639383373,0.4205104974,4.05782011e-05,4.16123934e-05,0.6479887825,0.2421981518,0.1098130657,0.06438699771,0.06536907162
29.176,10.27531046,-0.7067333829,-0.2865106338,0.2923454666,-0.3065028349,0.7626010869,0.4235680106,5.171622606e-05,5.612027166e-05,0.6455111426,0.2443325651,0.1101562923,0.0639507222,0.06492270232
29.2,10.266865,-0.7043658047,-0.2885913948,0.2943924495,-0.3088419024,0.7611939174,0.4266734525,7.005709768e-05,7.983737257e-05,0.6429368559,0.246532273,0.1105308711,0.06352067106,0.06448203157
29.224,10.25843341,-0.7019608072,-0.2907923146,0.296476832,-0.3111961056,0.759808624,0.4298156908,9.911519751e-05,0.0001179219093,0.6404055195,0.2487880624,0.1108064182,0.06309636456,0.06404652044
29.248,10.25001566,-0.6995661288,-0.2930675707,0.2985977452,-0.3135531058,0.7584730513,0.4329851771,0.0001427005927,0.0001758433044,0.6379585842,0.2510917136,0.1109497022,0.06267719423,0.06361551909
29.272,10.24161171,-0.6971942393,-0.2953782585,0.3007529615,-0.3159046535,0.7571843388,0.4361743848,0.0001939488762,0.0002375797842,0.6355906126,0.2534364643,0.1109729231,0.06226245205,0.06318831386
29.296,10.23322153,-0.6948432236,-0.2976991291,0.3029399671,-0.3182451783,0.7559311324,0.4393775338,0.0002173028609,0.0002473544883,0.6332832869,0.2558168444,0.1108998686,0.06185136282,0.06276416608
29.32,10.22484509,-0.6925071979,-0.3000152889,0.3051563698,-0.3205708478,0.7547021881,0.4425901925,0.0001996753621,0.0002138947649,0.6310185494,0.2582284675,0.110752983,0.06144311691,0.06234234326
29.344,10.21648235,-0.6901801949,-0.3023182315,0.307400028,-0.3228789625,0.7534885629,0.4458089295,0.0001718759046,0.0001801185323,0.6287819452,0.2606677774,0.1105502773,0.06103690121,0.06192214341
29.368,10.20813327,-0.6878572659,-0.3046031256,0.3096690644,-0.3251675714,0.7522836449,0.4490310445,0.0001490781678,0.0001554485636,0.6265626314,0.2631318167,0.1103055519,0.06063192675,0.06150291361
29.392,10.19979784,-0.6855345969,-0.3068672104,0.3119618409,-0.3274352264,0.7510826641,0.4522543727,0.0001323023613,0.0001379787858,0.624352638,0.2656181002,0.1100292618,0.06022745216,0.06108406352
29.416,10.191476,-0.6832093393,-0.3091088895,0.3142769203,-0.329680823,0.7498821953,0.4554771429,0.0001199628033,0.0001252903421,0.6221461237,0.2681245186,0.1097293577,0.05982280253,0.06066507521
29.44,10.18316773,-0.6808793976,-0.3113272244,0.3166130297,-0.3319034971,0.7486797679,0.4586978766,0.000110667072,0.0001157600686,0.6199387909,0.2706492649,0.1094119443,0.05941738381,0.06024550949
29.464,10.174873,-0.6785432449,-0.3135216516,0.3189690286,-0.3341025551,0.7474735857,0.4619153153,0.0001034712783,0.0001083753424,0.6177274651,0.2731907793,0.1090817556,0.05901069313,0.05982500898
29.488,10.16659177,-0.6761997788,-0.3156918209,0.3213438818,-0.336277428,0.746262331,0.4651283683,9.775929685e-05,0.0001024975922,0.6155098014,0.2757477079,0.1087424907,0.05860232526,0.0594032984
29.512,10.158324,-0.673848214,-0.3178375044,0.3237366381,-0.3384276393,0.7450450287,0.4683360737,9.312457901e-05,9.771207335e-05,0.6132840792,0.2783188703,0.1083970505,0.05819197577,0.05898018286
29.536,10.15006968,-0.6714880041,-0.3199585429,0.3261464126,-0.3405527833,0.7438209521,0.4715375708,8.929243914e-05,9.374059652e-05,0.6110490578,0.2809032338,0.1080477084,0.05777944101,0.05855554436
29.56,10.14182876,-0.6691187834,-0.3220548153,0.3285723738,-0.3426525092,0.7425895571,0.4747320791,8.60723831e-05,9.03908121e-05,0.6088038732,0.2834998918,0.107696235,0.05736461546,0.05812933674
29.584,10.1336012,-0.6667403252,-0.3241262207,0.3310137321,-0.3447265111,0.7413504355,0.4779188825,8.332894993e-05,8.75260318e-05,0.6065479617,0.2861080455,0.1073439928,0.05694748658,0.05770157954
29.608,10.12538699,-0.6643525102,-0.3261726682,0.3334697318,-0.3467745194,0.7401032815,0.481097318,8.0963571e-05,8.504673322e-05,0.6042810017,0.2887269877,0.1069920106,0.05652812784,0.05727235107
29.632,10.11718608,-0.6619553037,-0.3281940712,0.3359396444,-0.3487962957,0.7388478683,0.4842667659,7.890301924e-05,8.28788819e-05,0.6020028688,0.2913560885,0.1066410426,0.05610669009,0.05684178113
29.656,10.10899845,-0.6595487379,-0.3301903444,0.3384227631,-0.3507916286,0.7375840299,0.487426644,7.709187402e-05,8.096634801e-05,0.5997135989,0.2939947833,0.1062916178,0.0556833918,0.05641004349
29.68,10.10082406,-0.6571328987,-0.3321614021,0.3409183989,-0.3527603309,0.7363116484,0.4905764015,7.548748852e-05,7.926585347e-05,0.5974133579,0.2966425606,0.1059440815,0.05525850865,0.0559773486
29.704,10.09266287,-0.6547079157,-0.3341071581,0.3434258775,-0.3547022372,0.7350306443,0.4937155156,7.405655388e-05,7.774352521e-05,0.5951024162,0.2992989528,0.1055986309,0.05483236277,0.05554393641
29.728,10.08451487,-0.6522739547,-0.3360275253,0.3459445366,-0.3566172025,0.7337409691,0.496843488,7.277270523e-05,7.637249367e-05,0.5927811271,0.301963527,0.1052553459,0.05440531204,0.05511006968
29.752,10.07638001,-0.6498312108,-0.3379224169,0.3484737242,-0.3585051012,0.7324426001,0.4999598424,7.161482239e-05,7.513118709e-05,0.5904499074,0.3046358774,0.1049142151,0.0539777399,0.05467602777
29.776,10.06825826,-0.6473799043,-0.3397917461,0.351012797,-0.3603658256,0.7311355355,0.5030641231,7.056580283e-05,7.400209864e-05,0.588109222,0.3073156185,0.1045751595,0.05355004575,0.05424210107
29.8,10.0601496,-0.6449202766,-0.3416354274,0.3535611196,-0.3621992859,0.7298197917,0.506155893,6.961166184e-05,7.297088113e-05,0.5857595695,0.3100023793,0.1042380512,0.05312263627,0.05380858594
29.824,10.05205398,-0.6424525868,-0.3434533771,0.3561180636,-0.3640054093,0.7284954005,0.5092347329,6.874086306e-05,7.202567264e-05,0.583401471,0.3126957987,0.1039027302,0.05269591779,0.05337578035
29.848,10.04397139,-0.6399771096,-0.3452455139,0.3586830069,-0.3657841397,0.7271624067,0.5123002403,6.794381391e-05,7.115658735e-05,0.5810354601,0.3153955214,0.1035690185,0.05227028972,0.05294398012
29.872,10.03590178,-0.637494133,-0.3470117599,0.3612553337,-0.3675354374,0.7258208671,0.5153520291,6.721248068e-05,7.035532661e-05,0.5786620748,0.3181011945,0.1032367307,0.0518461391,0.05251347561
29.896,10.02784513,-0.6350039566,-0.3487520408,0.3638344346,-0.3692592789,0.7244708488,0.5183897287,6.654009158e-05,6.961487842e-05,0.5762818515,0.3208124648,0.1029056837,0.05142383625,0.05208454913
29.92,10.0198014,-0.6325068896,-0.3504662871,0.3664197059,-0.3709556564,0.7231124282,0.521412984,6.592090545e-05,6.892928284e-05,0.5738953195,0.3235289773,0.1025757032,0.05100373135,0.05165747268
29.944,10.01177057,-0.6300032506,-0.3521544342,0.3690105504,-0.3726245776,0.7217456901,0.5244214547,6.535002977e-05,6.829344723e-05,0.5715029975,0.3262503731,0.1022466293,0.05058615203,0.05123250629
29.968,10.0037526,-0.6274933652,-0.3538164231,0.3716063773,-0.374266066,0.7203707272,0.5274148157,6.482327628e-05,6.770299935e-05,0.5691053905,0.328976289,0.1019183205,0.05017140167,0.05080989662
29.992,9.995747466,-0.624977566,-0.3554522012,0.3742066025,-0.3758801597,0.7189876392,0.5303927562,6.43370455e-05,6.715416974e-05,0.566702988,0.3317063564,0.1015906556,0.04975975846,0.05038987605
30.016,9.987755131,-0.6224561913,-0.3570617222,0.3768106491,-0.3774669122,0.7175965325,0.5333549804,6.388823376e-05,6.664369671e-05,0.5642962625,0.3344402016,0.1012635359,0.04935147496,0.04997266204
30.04,9.979775566,-0.619929584,-0.358644947,0.3794179476,-0.3790263914,0.7161975196,0.5363012067,6.347415771e-05,6.616874923e-05,0.5618856693,0.3371774454,0.1009368853,0.04894677818,0.04955845669
30.064,9.971808741,-0.6173980914,-0.3602018439,0.3820279365,-0.3805586795,0.7147907188,0.5392311683,6.309249277e-05,6.572686382e-05,0.5594716456,0.3399177038,0.1006106506,0.04854586999,0.04914744661
30.088,9.963854626,-0.6148620644,-0.361732389,0.3846400626,-0.382063873,0.7133762538,0.5421446125,6.274122264e-05,6.531589266e-05,0.5570546113,0.3426605881,0.1002848006,0.04814892785,0.04873980296
30.112,9.955913191,-0.6123218565,-0.3632365667,0.3872537817,-0.3835420821,0.7119542537,0.5450413014,6.241859757e-05,6.493396075e-05,0.5546349689,0.345405706,0.09995932511,0.04775610567,0.04833568156
30.136,9.947984404,-0.6097778235,-0.3647143696,0.3898685588,-0.3849934304,0.710524852,0.5479210113,6.212309998e-05,6.457943028e-05,0.5522131041,0.3481526619,0.09963423397,0.04736753485,0.0479352232
30.16,9.940068236,-0.6072303227,-0.3661657991,0.3924838689,-0.3864180545,0.7090881872,0.550783533,6.185341566e-05,6.425087098e-05,0.5497893865,0.3509010583,0.09930955525,0.04698332543,0.04753855397
30.184,9.932164657,-0.6046797126,-0.3675908657,0.3950991972,-0.3878161038,0.7076444018,0.5536286716,6.160840998e-05,6.39470353e-05,0.5473641704,0.3536504958,0.09898533378,0.04660356727,0.04714578571
30.208,9.924273636,-0.6021263522,-0.3689895886,0.3977140399,-0.38918774,0.7061936424,0.5564562467,6.13871079e-05,6.36668376e-05,0.5449377955,0.356400575,0.09866162948,0.04622833119,0.04675701643
30.232,9.916395144,-0.5995706005,-0.3703619969,0.4003279045,-0.3905331365,0.7047360596,0.5592660922,6.11886773e-05,6.340933669e-05,0.5425105876,0.3591508966,0.09833851572,0.04585767017,0.04637233078
30.256,9.908529151,-0.5970128158,-0.3717081288,0.4029403103,-0.3918524782,0.7032718075,0.562058056,6.101241506e-05,6.317372115e-05,0.5400828595,0.3619010628,0.09801607774,0.04549162052,0.04599180047
30.28,9.900675627,-0.5944533556,-0.3730280321,0.4055507887,-0.3931459609,0.7018010436,0.5648320005,6.085773546e-05,6.295929698e-05,0.5376549114,0.3646506774,0.09769441113,0.04513020299,0.04561548466
30.304,9.892834543,-0.5918925757,-0.3743217645,0.4081588841,-0.3944137909,0.7003239283,0.5675878021,6.072416058e-05,6.276547729e-05,0.5352270322,0.3673993473,0.09737362053,0.04477342385,0.04524343027
30.328,9.885005869,-0.5893308301,-0.3755893933,0.4107641539,-0.3956561842,0.6988406254,0.5703253512,6.061131235e-05,6.259177366e-05,0.5327994993,0.3701466824,0.0970538183,0.04442127594,0.04487567223
30.352,9.877189576,-0.5867684701,-0.3768309957,0.4133661691,-0.3968733664,0.6973513009,0.5730445521,6.051890613e-05,6.243778902e-05,0.5303725803,0.3728922965,0.09673512318,0.04407373974,0.04451223398
30.376,9.869385633,-0.5842058443,-0.3780466586,0.4159645144,-0.3980655718,0.6958561235,0.5757453228,6.04467456e-05,6.230321181e-05,0.5279465326,0.3756358089,0.09641765848,0.04373078434,0.04415312829
30.4,9.861594013,-0.5816432978,-0.3792364788,0.4185587892,-0.3992330431,0.6943552641,0.5784275951,6.039471876e-05,6.218781125e-05,0.5255216049,0.3783768454,0.0961015497,0.04339236849,0.04379835879
30.424,9.853814686,-0.579081172,-0.3804005629,0.4211486071,-0.4003760307,0.6928488955,0.581091314,6.036279501e-05,6.209143371e-05,0.5230980374,0.3811150405,0.0957869221,0.04305844173,0.04344792146
30.448,9.846047622,-0.5765198039,-0.3815390271,0.4237335969,-0.401494792,0.6913371923,0.5837364381,6.035102325e-05,6.201399994e-05,0.5206760628,0.3838500382,0.095473899,0.04272894562,0.04310180529
30.472,9.838292793,-0.573959526,-0.3826519975,0.4263134023,-0.4025895911,0.6898203307,0.5863629387,6.03595308e-05,6.19555032e-05,0.5182559077,0.3865814916,0.09516260078,0.04240381535,0.04275999189
30.496,9.830550171,-0.5714006658,-0.3837396094,0.4288876825,-0.4036606981,0.6882984881,0.5889708001,6.038852329e-05,6.191600822e-05,0.5158377943,0.3893090622,0.09485314353,0.04208298193,0.04242245496
30.52,9.822819725,-0.5688435452,-0.3848020078,0.4314561125,-0.4047083883,0.6867718429,0.5915600194,6.043828528e-05,6.189565089e-05,0.5134219433,0.3920324206,0.09454563611,0.04176637548,0.04208916019
30.544,9.815101427,-0.5662884805,-0.3858393469,0.4340183828,-0.4057329418,0.6852405744,0.5941306058,6.050918187e-05,6.189463874e-05,0.5110085773,0.3947512464,0.09424017627,0.04145392891,0.04176006582
30.568,9.80739525,-0.5637357817,-0.3868517899,0.4365742001,-0.406734643,0.6837048624,0.5966825806,6.060166105e-05,6.191325218e-05,0.5085979166,0.3974652292,0.09393685422,0.041145574,0.04143512336
30.592,9.799701164,-0.5611857522,-0.3878395091,0.4391232869,-0.4077137797,0.6821648871,0.5992159771,6.071625701e-05,6.195184652e-05,0.5061901279,0.4001740694,0.09363580268,0.04084119096,0.04111427833
30.616,9.79201914,-0.5586386886,-0.3888026854,0.4416653819,-0.4086706428,0.6806208288,0.60173084,6.085359438e-05,6.201085476e-05,0.5037852047,0.4028774786,0.09333731669,0.04054048835,0.04079747093
30.64,9.784349151,-0.5560948805,-0.3897415083,0.4442002401,-0.4096055253,0.6790728675,0.6042272252,6.101439344e-05,6.209079129e-05,0.5013831343,0.4055751802,0.09304168551,0.04024317115,0.04048463661
30.664,9.776691169,-0.5535546097,-0.3906561755,0.4467276326,-0.4105187224,0.677521183,0.6067051996,6.119947654e-05,6.219225646e-05,0.49898427,0.4082669096,0.09274882033,0.03994931285,0.0401757066
30.688,9.769045164,-0.5510181506,-0.3915468927,0.4492473465,-0.4114105302,0.6759659543,0.6091648403,6.140977561e-05,6.231594212e-05,0.4965889789,0.410952415,0.09245860612,0.03965900372,0.03987060836
30.712,9.76141111,-0.5484857691,-0.3924138733,0.4517591853,-0.4122812456,0.6744073598,0.6116062352,6.16463411e-05,6.246263837e-05,0.4941974508,0.4136314569,0.09217109229,0.0393721601,0.03956926609
30.736,9.753788977,-0.5459577233,-0.3932573383,0.4542629683,-0.4131311653,0.6728455764,0.6140294815,6.191035249e-05,6.263324141e-05,0.4918098202,0.4163038092,0.09188637052,0.03908864671,0.03927160115
30.76,9.746178739,-0.5434342623,-0.3940775157,0.4567585311,-0.4139605859,0.6712807801,0.6164346862,6.220313046e-05,6.282876288e-05,0.4894262222,0.4189692588,0.09160451898,0.03880833258,0.03897753245
30.784,9.738580366,-0.5409156267,-0.3948746404,0.4592457246,-0.4147698028,0.6697131452,0.6188219654,6.252615113e-05,6.305034075e-05,0.4870467977,0.4216276058,0.09132559651,0.03853109691,0.03868697692
30.808,9.730993833,-0.5384020482,-0.3956489538,0.4617244159,-0.4155591099,0.6681428442,0.6211914439,6.288106259e-05,6.329925205e-05,0.4846716908,0.4242786638,0.09104964536,0.03825682664,0.03839984983
30.832,9.72341911,-0.5358937493,-0.3964007036,0.464194487,-0.416328799,0.6665700476,0.6235432548,6.326970417e-05,6.35769277e-05,0.4823010466,0.4269222599,0.0907766935,0.03798541429,0.03811606519
30.856,9.715856171,-0.5333909431,-0.397130143,0.4666558356,-0.4170791596,0.6649949238,0.6258775394,6.369412882e-05,6.388496984e-05,0.4799350097,0.4295582344,0.09050675587,0.03771675698,0.03783553608
30.88,9.708304987,-0.5308938333,-0.3978375312,0.4691083742,-0.417810478,0.6634176388,0.6281944462,6.415662923e-05,6.422517201e-05,0.4775737236,0.4321864413,0.0902398351,0.03745075598,0.03755817496
30.904,9.700765532,-0.5284026143,-0.398523132,0.4715520298,-0.4185230373,0.661838356,0.6304941313,6.465976834e-05,6.459954277e-05,0.4752173303,0.4348067477,0.08997592192,0.03718731667,0.03728389397
30.928,9.693237778,-0.5259174704,-0.3991872143,0.4739867444,-0.4192171165,0.660257236,0.6327767574,6.520641512e-05,6.501033342e-05,0.4728659705,0.4374190341,0.08971499546,0.03692634852,0.03701260519
30.952,9.685721698,-0.5234385766,-0.3998300512,0.4764124735,-0.4198929907,0.6586744365,0.6350424935,6.579978657e-05,6.546007044e-05,0.4705197828,0.4400231937,0.08945702353,0.0366677652,0.03674422087
30.976,9.678217265,-0.5209660977,-0.4004519198,0.4788291869,-0.4205509299,0.6570901118,0.6372915148,6.644349729e-05,6.595159386e-05,0.4681789041,0.4426191329,0.08920196299,0.03641148463,0.03647865369
31,9.670724452,-0.518500189,-0.401053101,0.4812368675,-0.4211911996,0.6555044133,0.6395240021,6.714161817e-05,6.648810252e-05,0.4658434694,0.4452067706,0.08894976008,0.03615742902,0.03621581693
31.024,9.663243231,-0.5160409958,-0.4016338787,0.4836355114,-0.4218140595,0.6539174886,0.6417401411,6.789874616e-05,6.707320796e-05,0.4635136113,0.4477860378,0.08870035091,0.03590552485,0.03595562462
31.048,9.655773576,-0.5135886535,-0.4021945397,0.4860251274,-0.4224197639,0.6523294817,0.6439401226,6.872008768e-05,6.771099854e-05,0.4611894603,0.4503568778,0.08845366196,0.03565570281,0.03569799176
31.072,9.648315461,-0.5111432876,-0.4027353733,0.4884057366,-0.4230085612,0.650740533,0.6461241416,6.961155871e-05,6.840611646e-05,0.4588711438,0.4529192455,0.08820961069,0.03540789761,0.03544283444
31.096,9.640868858,-0.5087050139,-0.4032566708,0.4907773718,-0.4235806935,0.6491507788,0.6482923975,7.057990567e-05,6.916385041e-05,0.4565587864,0.4554731073,0.08796810627,0.03516204776,0.03519006994
31.12,9.63343374,-0.5062739384,-0.4037587252,0.4931400774,-0.4241363964,0.6475603515,0.6504450927,7.163285224e-05,6.999024796e-05,0.4542525092,0.4580184405,0.0877290503,0.03491809526,0.03493961691
31.144,9.626010082,-0.5038501574,-0.4042418307,0.4954939086,-0.4246758988,0.6459693792,0.6525824335,7.277927878e-05,7.08922525e-05,0.4519524295,0.4605552329,0.08749233754,0.03467598538,0.03469139541
31.168,9.618597857,-0.5014337577,-0.4047062826,0.4978389313,-0.4251994228,0.6443779858,0.6547046286,7.40294431e-05,7.187787134e-05,0.4496586607,0.463083483,0.08725785636,0.03443566665,0.03444532709
31.192,9.611197038,-0.4990248166,-0.4051523763,0.5001752213,-0.4257071835,0.6427862908,0.6568118895,7.53952541e-05,7.295638338e-05,0.4473713124,0.4656031987,0.0870254889,0.03419709111,0.03420133523
31.216,9.603807599,-0.496623402,-0.4055804077,0.5025028641,-0.4261993887,0.6411944093,0.6589044296,7.689061367e-05,7.413859776e-05,0.4450904911,0.4681143977,0.08679511124,0.03396021465,0.03395934487
31.24,9.596429513,-0.4942295726,-0.4059906722,0.504821954,-0.4266762388,0.6396024519,0.6609824643,7.853184737e-05,7.543717858e-05,0.4428162993,0.4706171067,0.08656659405,0.03372499669,0.03371928289
31.264,9.589062756,-0.4918433783,-0.4063834649,0.5071325943,-0.4271379271,0.6380105244,0.6630462103,8.03382522e-05,7.686705615e-05,0.4405488352,0.473111361,0.08633980377,0.03349139949,0.03348107814
31.288,9.5817073,-0.4894648598,-0.4067590795,0.509434896,-0.427584639,0.6364187283,0.6650958854,8.233279998e-05,7.844595292e-05,0.4382881917,0.4755972044,0.08611460382,0.03325938727,0.0332446615
31.312,9.57436312,-0.4870940494,-0.4071178085,0.511728978,-0.4280165526,0.63482716,0.6671317083,8.454305061e-05,8.019506317e-05,0.436034456,0.4780746886,0.08589085542,0.03302892581,0.03300996597
31.336,9.567030189,-0.4847309711,-0.407459943,0.514014966,-0.4284338383,0.6332359114,0.6691538979,8.700235198e-05,8.213994128e-05,0.4337877092,0.4805438726,0.08566841814,0.03279998219,0.03277692682
31.36,9.559708482,-0.4823756404,-0.4077857716,0.5162929924,-0.428836659,0.6316450696,0.6711626734,8.975143689e-05,8.431167729e-05,0.4315480268,0.4830048229,0.08544715034,0.03257252475,0.03254548161
31.384,9.552397973,-0.480028065,-0.4080955809,0.5185631957,-0.4292251701,0.630054717,0.6731582537,9.284057915e-05,8.6748474e-05,0.429315478,0.4854576124,0.08522690952,0.03234652303,0.03231557037
31.408,9.545098637,-0.4776882451,-0.4083896546,0.5208257198,-0.4295995191,0.628464931,0.6751408573,9.633255116e-05,8.949779504e-05,0.4270901264,0.4879023208,0.08500755274,0.03212194763,0.03208713559
31.432,9.537810448,-0.4753561732,-0.4086682735,0.5230807136,-0.4299598465,0.6268757845,0.6771107019,0.0001003067526,9.261934001e-05,0.4248720294,0.4903390336,0.08478893702,0.03189877016,0.03186012239
31.456,9.53053338,-0.4730318349,-0.408931715,0.5253283307,-0.4303062851,0.6252873455,0.679068004,0.0001048650892,9.618924294e-05,0.4226612385,0.4927678418,0.08457091967,0.03167696312,0.03163447851
31.48,9.523267408,-0.4707152089,-0.4091802531,0.5275687285,-0.4306389603,0.6236996773,0.6810129789,0.0001101405302,0.0001003061231,0.4204577994,0.495188842,0.08435335866,0.03145649981,0.03141015444
31.504,9.516012506,-0.4684062674,-0.4094141576,0.5298020679,-0.4309579907,0.6221128385,0.6829458404,0.0001163098844,0.000105100015,0.4182617517,0.4976021354,0.08413611293,0.0312373543,0.03118710344
31.528,9.50876865,-0.4661049764,-0.4096336946,0.5320285129,-0.4312634874,0.6205268832,0.6848668002,0.0001236134322,0.0001107459121,0.4160731294,0.5000078279,0.08391904265,0.03101950136,0.0309652816
31.552,9.501535814,-0.4638112962,-0.4098391254,0.5342482296,-0.4315555549,0.6189418609,0.6867760682,0.0001323861159,0.0001174849578,0.4138919611,0.5024060294,0.08370200945,0.03080291645,0.03074464782
31.576,9.494313973,-0.4615251813,-0.4100307068,0.5364613865,-0.4318342908,0.6173578164,0.6886738517,0.0001431090711,0.0001256588397,0.4117182697,0.5047968536,0.08348487663,0.03058757575,0.0305251639
31.6,9.487103101,-0.4592465813,-0.4102086909,0.5386681533,-0.4320997863,0.6157747904,0.6905603556,0.0001564988037,0.0001357680672,0.4095520732,0.5071804176,0.08326750923,0.03037345613,0.03030679447
31.624,9.479903175,-0.4569754411,-0.4103733244,0.5408687006,-0.4323521262,0.6141928192,0.6924357821,0.0001736704,0.0001485759631,0.4073933845,0.5095568414,0.08304977407,0.0301605352,0.03008950701
31.648,9.472714168,-0.4547117008,-0.4105248491,0.5430631997,-0.4325913891,0.6126119347,0.6943003304,0.0001964575263,0.0001653063455,0.4052422125,0.5119262479,0.08283153953,0.02994879139,0.02987327185
31.672,9.465536057,-0.4524552967,-0.4106635011,0.5452518216,-0.4328176478,0.611032165,0.6961541964,0.0002280967978,0.000188050304,0.4030985626,0.5142887626,0.08261267478,0.02973820394,0.02965806208
31.696,9.458368816,-0.4502061615,-0.4107895107,0.5474347371,-0.4330309694,0.6094535339,0.6979975729,0.0002748665379,0.0002206934617,0.4009624385,0.5166445141,0.08239304737,0.02952875299,0.02944385358
31.72,9.451212421,-0.4479642245,-0.4109031028,0.5496121158,-0.4332314157,0.6078760617,0.6998306491,0.0003506582811,0.0002713417908,0.398833849,0.5189936359,0.08217251515,0.02932041965,0.0292306249
31.744,9.444066847,-0.4457294121,-0.4110044961,0.551784126,-0.4334190434,0.6062997647,0.7016536103,0.0004927774263,0.0003600408198,0.3967128335,0.5213362757,0.08195089076,0.02911318603,0.02901835727
31.768,9.43693207,-0.4435016482,-0.4110939033,0.5539509341,-0.4335939042,0.6047246558,0.7034666383,0.0008341402759,0.0005519107492,0.3945996404,0.5236726503,0.08172770929,0.02890703536,0.02880703453
31.792,9.429808065,-0.4412808547,-0.4111715308,0.5561127042,-0.4337560455,0.6031507444,0.7052699106,0.001627066281,0.001171525751,0.3924954199,0.5260036623,0.08150091784,0.02870195202,0.02859664307
31.816,9.422694808,-0.4390669516,-0.411237579,0.5582695976,-0.4339055103,0.6015780369,0.7070636007,0.0008850188447,0.001296646434,0.3903948394,0.5283277886,0.08127737195,0.02849792173,0.02838717188
31.84,9.415592274,-0.4368598579,-0.4112922417,0.5604217724,-0.4340423378,0.6000065362,0.7088478779,0.0004700127798,0.0005311276389,0.3883029962,0.5306442087,0.08105279509,0.02829493178,0.0281786126
31.864,9.408500439,-0.4346594913,-0.4113357064,0.5625693831,-0.4341665636,0.5984362428,0.7106229069,0.0003074212527,0.0003104359008,0.3862190028,0.5329559722,0.08082502496,0.02809297159,0.02797096006
31.888,9.40141928,-0.4324657693,-0.411368154,0.5647125801,-0.4342782201,0.5968671542,0.7123888479,0.0002238424754,0.0002130668852,0.3841424842,0.5352621302,0.08059538568,0.02789203425,0.02776421416
31.912,9.394348772,-0.4302786092,-0.4113897591,0.5668515096,-0.4343773365,0.5952992654,0.7141458566,0.0001734517634,0.0001589845647,0.382073367,0.5375627216,0.08036391139,0.0276921215,0.02755839182
31.936,9.38728889,-0.4280979286,-0.4114006895,0.5689863127,-0.4344639399,0.5937325693,0.7158940837,0.0001399447463,0.0001248730996,0.3800116511,0.5398581178,0.08013023117,0.02749326768,0.02735376303
31.96,9.380239612,-0.4259236457,-0.4114011067,0.5711171255,-0.4345380547,0.5921670563,0.7176336753,0.0001161704183,0.0001016081472,0.3779571753,0.5421645232,0.07987830142,0.02729533927,0.02716642094
31.984,9.373200913,-0.4237556798,-0.4113911657,0.5732440782,-0.4345997037,0.5906027153,0.7193647724,9.852064694e-05,8.491308914e-05,0.3759098036,0.5444319482,0.07965824817,0.02709822654,0.02694626531
32.008,9.366172769,-0.4215939518,-0.4113710147,0.5753672954,-0.4346489083,0.5890395334,0.7210875107,8.498571842e-05,7.252656711e-05,0.3738697766,0.5467111174,0.07941910599,0.02690219749,0.02674391401
32.032,9.359155157,-0.4194383841,-0.4113407958,0.5774868953,-0.4346856884,0.5874774961,0.7228020212,7.436166458e-05,6.314506763e-05,0.3718369786,0.5489853272,0.07917769419,0.02670716468,0.02654256132
32.056,9.352148053,-0.4172889018,-0.4113006446,0.5796029892,-0.4347100634,0.5859165877,0.7245084294,6.588618944e-05,5.596616511e-05,0.3698113602,0.5512546119,0.07893402786,0.02651310811,0.02634214449
32.08,9.345151434,-0.4151454321,-0.4112506902,0.5817156817,-0.4347220522,0.5843567917,0.7262068555,5.905542289e-05,5.046845798e-05,0.3677928873,0.5535190662,0.07868804643,0.02632002384,0.02614266674
32.104,9.338165275,-0.4130079054,-0.4111910558,0.5838250699,-0.4347216736,0.5827980905,0.7278974143,5.352468379e-05,4.629614949e-05,0.3657815285,0.5557787865,0.07843968498,0.0261279114,0.0259441386
32.128,9.331189554,-0.4108762552,-0.4111218582,0.5859312433,-0.434708947,0.5812404661,0.7295802152,4.905135658e-05,4.319451469e-05,0.3637772537,0.5580338655,0.07818888079,0.02593677195,0.02574657319
32.152,9.324224247,-0.4087504189,-0.4110432082,0.5880342835,-0.434683892,0.5796839,0.731255362,4.546023192e-05,4.097237012e-05,0.3617800339,0.5602843915,0.07793557461,0.02574660785,0.02554998531
32.176,9.317269331,-0.4066303376,-0.4109552109,0.5901342637,-0.4346465298,0.578128374,0.732922953,4.26215018e-05,3.9480056e-05,0.3597898413,0.5625304478,0.07767971097,0.02555742265,0.02535439112
32.2,9.310324783,-0.4045159567,-0.4108579654,0.5922312488,-0.4345968827,0.5765738695,0.7345830808,4.043628875e-05,3.859680696e-05,0.3578066496,0.564772112,0.07742123838,0.02536922103,0.02515980795
32.224,9.303390578,-0.4024072263,-0.4107515655,0.5943252947,-0.4345349749,0.5750203686,0.736235832,3.882695726e-05,3.822379279e-05,0.3558304346,0.567009456,0.07716010941,0.02518200879,0.02496625418
32.248,9.296466696,-0.4003041014,-0.4106360992,0.5964164482,-0.4344608328,0.573467854,0.7378812878,3.773068681e-05,3.828035138e-05,0.3538611738,0.5692425454,0.0768962808,0.02499579282,0.02477374907
32.272,9.289553111,-0.398206542,-0.4105116496,0.5985047468,-0.4343744852,0.571916309,0.7395195233,3.709540761e-05,3.870178389e-05,0.3518988469,0.5714714394,0.07662971363,0.02481058106,0.02458231259
32.296,9.282649802,-0.3961145136,-0.4103782945,0.6005902185,-0.434275964,0.5703657181,0.7411506078,3.687748395e-05,3.943777014e-05,0.3499434363,0.5736961904,0.07636037336,0.0246263825,0.02439196536
32.32,9.275756745,-0.3940279874,-0.4102361069,0.6026728812,-0.4341653042,0.5688160672,0.7427746045,3.704064706e-05,4.045098212e-05,0.3479949267,0.5759168432,0.07608823009,0.02444320708,0.02420272841
32.344,9.268873918,-0.3919469405,-0.4100851554,0.6047527431,-0.4340425444,0.5672673434,0.7443915708,3.755574795e-05,4.171579783e-05,0.3460533059,0.5781334355,0.0758132586,0.0242610657,0.02401462309
32.368,9.262001298,-0.3898713563,-0.4099255037,0.6068298017,-0.4339077271,0.5657195357,0.7460015576,3.840098525e-05,4.321717003e-05,0.3441185646,0.5803459967,0.07553543865,0.02407997015,0.02382767088
32.392,9.255138861,-0.3878012244,-0.4097572116,0.6089040443,-0.4337608993,0.564172635,0.7476046101,3.956237886e-05,4.494974836e-05,0.3421906967,0.5825545482,0.07525475511,0.02389993304,0.02364189321
32.416,9.248286587,-0.3857365409,-0.4095803349,0.6109754474,-0.4336021124,0.5626266344,0.7492007669,4.103438611e-05,4.691734875e-05,0.3402696991,0.5847591027,0.0749711982,0.02372096774,0.02345731133
32.44,9.241444451,-0.3836773088,-0.4093949256,0.6130439764,-0.4334314226,0.5610815292,0.7507900606,4.282067078e-05,4.913285256e-05,0.3383555726,0.5869596637,0.07468476375,0.02354308832,0.02327394611
32.464,9.234612432,-0.3816235379,-0.4092010324,0.6151095859,-0.4332488918,0.5595373175,0.7523725174,4.493512488e-05,5.161861964e-05,0.3364483211,0.5891562255,0.07439545345,0.02336630946,0.02309181788
32.488,9.227790507,-0.379575245,-0.4089987006,0.617172219,-0.4330545871,0.5579939997,0.7539481569,4.740331585e-05,5.440752438e-05,0.3345479524,0.5913487725,0.07410327512,0.02319064638,0.02291094624
32.512,9.220978654,-0.3775324541,-0.4087879726,0.6192318075,-0.4328485815,0.5564515796,0.7555169925,5.026460463e-05,5.754477719e-05,0.3326544777,0.5935372793,0.07380824302,0.02301611474,0.02273134994
32.536,9.21417685,-0.3754951964,-0.4085688882,0.6212882716,-0.4326309544,0.5549100638,0.757079031,5.357528002e-05,6.109078695e-05,0.3307679123,0.5957217096,0.07351037814,0.02284273054,0.02255304671
32.56,9.207385074,-0.3734635104,-0.4083414846,0.6233415195,-0.4324017915,0.5533694622,0.7586342724,5.741321327e-05,6.512547064e-05,0.328888275,0.5979020165,0.07320970851,0.02267051002,0.0223760531
32.584,9.200603302,-0.371437442,-0.4081057971,0.6253914478,-0.4321611851,0.551829788,0.7601827102,6.188480382e-05,6.975466029e-05,0.3270155884,0.6000781422,0.07290626947,0.02249946955,0.02220038445
32.608,9.193831514,-0.3694170446,-0.407861859,0.6274379409,-0.4319092348,0.5502910583,0.7617243312,6.713544058e-05,7.511966022e-05,0.3251498789,0.6022500171,0.07260010401,0.02232962553,0.02202605472
32.632,9.187069686,-0.367402379,-0.4076097021,0.629480871,-0.4316460472,0.5487532936,0.7632591152,7.33654834e-05,8.141168389e-05,0.3232911769,0.6044175601,0.07229126294,0.02216099424,0.02185307656
32.656,9.180317798,-0.3653935133,-0.4073493567,0.6315200981,-0.4313717365,0.5472165183,0.7647870353,8.08551257e-05,8.889406372e-05,0.3214395163,0.6065806786,0.07197980515,0.02199359178,0.02168146131
32.68,9.173575826,-0.3633905234,-0.4070808522,0.6335554698,-0.4310864248,0.5456807608,0.7663080575,9.000386756e-05,9.793715409e-05,0.3195949347,0.6087392676,0.07166579769,0.02182743389,0.0215112191
32.704,9.16684375,-0.3613934922,-0.4068042173,0.6355868211,-0.4307902419,0.5441460534,0.7678221406,0.0001013943857,0.0001090743709,0.3177574735,0.6108932107,0.07134931578,0.02166253587,0.02134235912
32.728,9.160121547,-0.3594025102,-0.40651948,0.6376139745,-0.4304833259,0.5426124326,0.7693292366,0.0001158969201,0.0001230936443,0.3159271779,0.6130423794,0.0710304427,0.02149891245,0.02117488993
32.752,9.153409196,-0.3574176749,-0.4062266684,0.6396367396,-0.4301658235,0.5410799391,0.77082929,0.0001348365802,0.0001411863752,0.3141040964,0.6151866343,0.07070926932,0.02133657769,0.02100881999
32.776,9.146706676,-0.3554390913,-0.4059258104,0.6416549135,-0.4298378896,0.539548618,0.772322238,0.0001602304737,0.0001651756644,0.3122882817,0.6173258249,0.07038589336,0.02117554486,0.02084415827
32.8,9.140013963,-0.3534668711,-0.4056169342,0.6436682803,-0.4294996881,0.5380185185,0.7738080105,0.0001949355776,0.0001977692119,0.3104797906,0.6194597913,0.07006041808,0.02101582632,0.0206809151
32.824,9.133331038,-0.3515011331,-0.4053000686,0.6456766111,-0.4291513918,0.5364896944,0.7752865297,0.0002415946977,0.0002422607357,0.308678684,0.6215883649,0.06973295105,0.02085743347,0.02051910309
32.848,9.126657879,-0.3495420027,-0.4049752433,0.6476796641,-0.4287931825,0.5349622036,0.7767577104,0.0002956259435,0.0002986006736,0.3068850233,0.623711368,0.0694036087,0.02070037665,0.02035873817
32.872,9.119994463,-0.3475896119,-0.4046424887,0.6496771845,-0.4284252513,0.5334361086,0.7782214595,0.0003279904615,0.0003478162218,0.3050988546,0.6258286015,0.06907254393,0.02054466503,0.02019984043
32.896,9.113340771,-0.3456440991,-0.4043018369,0.6516689045,-0.4280477987,0.5319114762,0.7796776764,0.0003049705952,0.0003454607855,0.3033202181,0.6279398329,0.06873994891,0.0203903066,0.02004243456
32.92,9.10669678,-0.3437056087,-0.4039533212,0.653654543,-0.4276610344,0.5303883777,0.7811262522,0.0002509544325,0.0002915465413,0.3015492022,0.6300448563,0.06840594146,0.02023730807,0.01988654948
32.944,9.10006247,-0.3417742913,-0.4035969765,0.6556338058,-0.4272651779,0.5288668884,0.7825670703,0.0002010078026,0.0002315296215,0.2997859009,0.6321434897,0.06807060941,0.02008567487,0.01973221655
32.968,9.093437818,-0.3398503028,-0.4032328398,0.6576063857,-0.4268604582,0.5273470882,0.7840000059,0.0001634164505,0.0001847331635,0.2980303892,0.6342355094,0.06773410133,0.01993541112,0.019579466
32.992,9.086822806,-0.3379338048,-0.40286095,0.6595719623,-0.4264471141,0.525829061,0.7854249261,0.0001360172165,0.0001507787808,0.2962827395,0.6363206587,0.0673966018,0.01978651958,0.01942832142
33.016,9.08021741,-0.3360249636,-0.4024813483,0.6615302019,-0.426025394,0.524312895,0.7868416895,0.0001157366972,0.0001259822772,0.294543027,0.6383986531,0.0670583199,0.01963900171,0.01927879285
33.04,9.07362161,-0.3341239507,-0.4020940783,0.663480758,-0.425595556,0.5227986823,0.7882501466,0.0001003299758,0.0001074059064,0.2928113299,0.6404691753,0.06671949482,0.01949285766,0.01913087015
33.064,9.067035386,-0.3322309418,-0.4016991859,0.6654232708,-0.4251578682,0.5212865188,0.7896501391,8.83173717e-05,9.31002484e-05,0.2910877288,0.6425318696,0.06638040165,0.01934808631,0.01898451871
33.088,9.060458716,-0.330346117,-0.4012967199,0.6673573674,-0.4247126083,0.5197765043,0.7910415004,7.873079593e-05,8.180337368e-05,0.289372306,0.6445863419,0.06604135215,0.01920468535,0.01883967973
33.112,9.05389158,-0.3284696601,-0.4008867317,0.669282662,-0.4242600637,0.5182687423,0.7924240552,7.092507904e-05,7.268629237e-05,0.2876651456,0.6466321645,0.06570268988,0.01906265135,0.01869627589
33.136,9.047333957,-0.3266017581,-0.4004692757,0.671198756,-0.4238005314,0.5167633396,0.7937976194,6.445925835e-05,6.519045007e-05,0.2859663331,0.6486688859,0.06536478094,0.01892197983,0.01855422111
33.16,9.040785826,-0.3247426015,-0.400044409,0.673105238,-0.4233343181,0.5152604064,0.7951620001,5.902405739e-05,5.892920623e-05,0.2842759552,0.6506960415,0.06502800323,0.01878266539,0.01841343171
33.184,9.034247167,-0.3228923833,-0.3996121917,0.6750016838,-0.4228617398,0.5137600558,0.7965169955,5.439722751e-05,5.362796028e-05,0.2825940998,0.6527131626,0.0646927376,0.01864470186,0.0182738356
33.208,9.02771796,-0.3210512988,-0.3991726871,0.6768876568,-0.4223831218,0.5122624041,0.7978623951,5.041548707e-05,4.908705873e-05,0.2809208556,0.6547197818,0.06435936268,0.01850808242,0.01813537779
33.232,9.021198182,-0.3192195452,-0.3987259615,0.6787627081,-0.4218987985,0.5107675698,0.7991979793,4.695646667e-05,4.515825065e-05,0.2792563124,0.6567154338,0.06402825377,0.0183727998,0.01799802168
33.256,9.014687816,-0.3173973213,-0.398272084,0.6806263768,-0.4214091129,0.5092756744,0.8005235195,4.392681128e-05,4.172936489e-05,0.2776005609,0.6586996542,0.06369978488,0.01823884646,0.01786174729
33.28,9.008186839,-0.315584827,-0.397811127,0.6824781899,-0.420914417,0.5077868409,0.8018387781,4.125415873e-05,3.871409612e-05,0.2759536923,0.6606719754,0.06337433223,0.01810621481,0.01772654789
33.304,9.001695232,-0.3137822627,-0.3973431658,0.6843176633,-0.4204150703,0.5063011947,0.8031435087,3.888161567e-05,3.604504249e-05,0.2743157987,0.6626319232,0.06305227808,0.01797489744,0.01759242627
33.328,8.995212974,-0.3119898293,-0.3968682784,0.6861443016,-0.4199114406,0.5048188626,0.804437456,3.676387852e-05,3.366886139e-05,0.2726869727,0.6645790133,0.06273401393,0.01784488739,0.01745939159
33.352,8.988740046,-0.3102077271,-0.3963865461,0.6879575991,-0.4194039025,0.5033399725,0.8057203557,3.486446079e-05,3.154283539e-05,0.2710673075,0.6665127496,0.06241994284,0.01771617842,0.01732745704
33.376,8.982276426,-0.3084361561,-0.3958980527,0.6897570399,-0.4188928372,0.5018646536,0.806991935,3.315367902e-05,2.963239639e-05,0.2694568969,0.6684326223,0.06211048076,0.01758876533,0.01719663834
33.4,8.975822096,-0.3066753149,-0.3954028845,0.6915420989,-0.4183786317,0.5003930354,0.8082519125,3.160716858e-05,2.790931325e-05,0.2678558351,0.6703381078,0.06180605707,0.01746264424,0.01706695303
33.424,8.969377034,-0.3049254008,-0.3949011307,0.6933122428,-0.4178616776,0.498925248,0.8094999986,3.020477589e-05,2.635034733e-05,0.266264217,0.6722286686,0.06150711447,0.01733781296,0.01693842018
33.448,8.962941222,-0.3031866088,-0.3943928824,0.6950669311,-0.4173423704,0.4974614211,0.8107358959,2.892972266e-05,2.49362436e-05,0.2646821376,0.6741037539,0.0612141085,0.0172142713,0.01681106043
33.472,8.956514639,-0.3014591314,-0.3938782332,0.6968056174,-0.4168211073,0.496001684,0.8119592994,2.776796986e-05,2.36509668e-05,0.2631096927,0.6759628006,0.06092750671,0.01709202141,0.01668489612
33.496,8.950097265,-0.2997431578,-0.3933572785,0.6985277514,-0.416298286,0.4945461649,0.8131698977,2.67077311e-05,2.248111966e-05,0.261546978,0.6778052343,0.06064778771,0.01697106803,0.01655995133
33.52,8.943689081,-0.298038874,-0.3928301154,0.700232781,-0.4157743024,0.4930949908,0.814367373,2.57391002e-05,2.141549953e-05,0.2599940894,0.6796304704,0.06037544027,0.01685141872,0.01643625175
33.544,8.937290067,-0.2963464613,-0.3922968425,0.7019201552,-0.4152495473,0.4916482866,0.8155514029,2.485376807e-05,2.044476306e-05,0.2584511223,0.6814379152,0.0601109625,0.0167330839,0.01631382396
33.568,8.930900203,-0.2946660964,-0.3917575594,0.7035893282,-0.414724403,0.4902061747,0.816721662,2.404481252e-05,1.956117866e-05,0.2569181709,0.6832269677,0.05985486139,0.01661607663,0.01619269417
33.592,8.924519469,-0.2929979503,-0.3912123667,0.7052397639,-0.4141992384,0.4887687743,0.8178778232,2.330655045e-05,1.875845429e-05,0.2553953272,0.6849970199,0.05960765298,0.01650041191,0.01607288582
33.616,8.918147846,-0.2913421874,-0.3906613652,0.7068709433,-0.413674403,0.4873362006,0.8190195616,2.263444798e-05,1.803163567e-05,0.2538826782,0.6867474583,0.05936986348,0.01638610529,0.01595441576
33.64,8.911785315,-0.2896989648,-0.3901046556,0.7084823736,-0.413150218,0.485908564,0.8201465578,2.20250898e-05,1.737707713e-05,0.2523803032,0.6884776652,0.05914203167,0.01627317013,0.01583728852
33.664,8.905431856,-0.2880684308,-0.3895423381,0.7100736007,-0.4126269656,0.4844859689,0.8212585045,2.147621668e-05,1.679249771e-05,0.2508882672,0.6901870198,0.05892471295,0.01616161274,0.01572148839
33.688,8.89908745,-0.2864507231,-0.3889745114,0.7116442283,-0.4121048729,0.483068512,0.8223551142,2.098685074e-05,1.627714921e-05,0.2494066117,0.6918749039,0.05871848445,0.01605142392,0.01560696971
33.712,8.892752076,-0.2848459666,-0.3884012719,0.7131939438,-0.4115840911,0.4816562806,0.8234361332,2.055754598e-05,1.58321473e-05,0.2479353377,0.6935407138,0.05852394855,0.01594256458,0.01549364806
33.736,8.886425717,-0.2832542698,-0.3878227124,0.7147225586,-0.4110646638,0.4802493494,0.8245013606,2.019083247e-05,1.546106012e-05,0.2464743798,0.6951838926,0.0583417276,0.01583494176,0.01538139881
33.76,8.880108353,-0.2816757196,-0.3872389205,0.7162300685,-0.4105464833,0.478847776,0.8255506804,1.989198087e-05,1.517093211e-05,0.2450235635,0.6968039994,0.05817243714,0.01572837055,0.01527007315
33.784,8.873799964,-0.2801103728,-0.3866499758,0.7177167501,-0.4100292233,0.4774515941,0.8265841139,1.967032911e-05,1.497408963e-05,0.2435825468,0.6984008241,0.05801662903,0.01562252176,0.01515952658
33.808,8.867500532,-0.2785582414,-0.3860559453,0.7191833188,-0.4095122378,0.4760608016,0.8276019085,1.954165488e-05,1.489144136e-05,0.242150771,0.6999745004,0.05787472863,0.01551688384,0.01504958125
33.832,8.861210038,-0.2770192666,-0.3854568767,0.7206311999,-0.4089944021,0.4746753394,0.828604699,1.953261726e-05,1.495883662e-05,0.2407275702,0.7015254712,0.05774695867,0.01541089193,0.0149397237
33.856,8.854928462,-0.2754932665,-0.3848527841,0.7220630194,-0.4084738569,0.473295051,0.8295938137,1.968957993e-05,1.52401909e-05,0.2393128476,0.7030544725,0.05763267984,0.01530464195,0.01482857648
33.88,8.848655785,-0.2739798253,-0.3842436211,0.7234835474,-0.4079475861,0.4719195959,0.8305718972,2.009742148e-05,1.585702949e-05,0.2379075209,0.7045642309,0.05752824816,0.01519941555,0.01471455428
33.904,8.842391989,-0.2724780237,-0.38362922,0.7249016586,-0.4074107142,0.470548246,0.8315442891,2.092265726e-05,1.706220014e-05,0.2365104685,0.7060656134,0.05742391814,0.01509481621,0.01459970845
33.928,8.836137055,-0.2709856651,-0.3830091397,0.7263348113,-0.4068553941,0.4691793173,0.832522414,2.251416854e-05,1.944209857e-05,0.2351188775,0.707584121,0.05729700153,0.01498964523,0.01449055075
33.952,8.829890964,-0.2694964013,-0.382382229,0.7278205979,-0.4062695912,0.4678081651,0.8335333247,2.552114656e-05,2.437399941e-05,0.233731634,0.7091674149,0.05710095107,0.01488715399,0.01438961096
33.976,8.823653697,-0.267982747,-0.3817455687,0.7294514397,-0.4056405806,0.4664165862,0.8346518337,2.832609809e-05,3.030704443e-05,0.2323353514,0.7109376064,0.05672704219,0.01479091872,0.014293922
34,8.817425235,-0.2660315353,-0.3812661867,0.7314972964,-0.4050131294,0.4649050256,0.8361363104,1.792204691e-05,1.868397476e-05,0.2308315575,0.7133222,0.05584624252,0.01469487433,0.01419827001
