2026-08-08 20:48:25   In order to get an optimal performance, hyperthreading is ignored for parallel
                      computations.

                      ------------------------------------------------------------------------------
2026-08-08 20:48:26   
                      ------------------------------------------------------------------------------
2026-08-08 20:48:26   Units settings: 

                        Dimensions: um
                        Frequency:  THz
                        Time:       ps

                      ------------------------------------------------------------------------------
2026-08-08 20:48:26   Boundary conditions: 

                        YZsymmetry: none
                        XZsymmetry: none
                        XYsymmetry: none

                        Xmin: unit cell
                        Xmax: unit cell

                        Ymin: unit cell
                        Ymax: unit cell

                        Zmin: expanded open
                        Zmax: expanded open

                      ------------------------------------------------------------------------------
2026-08-08 20:48:26   Order settings: 

                        Solver order   : 2nd (constant)
                        Curved elements: up to order 3 (automatic)

                      ------------------------------------------------------------------------------
2026-08-08 20:48:26     Mesh time                :	1 s


                      ------------------------------------------------------------------------------
2026-08-08 20:48:27   
                      ================================================================================
                      Frequency Domain Solver calculation cycle started

                      ------------------------------------------------------------------------------
2026-08-08 20:48:27   Solver started at: 2026-08-08 20:48:27 -0400

                        Module:  Frequency Domain: S-Parameter (Win 64)
                        Version: 2026.0 Release from 2025-08-29 (change 1465899)

                        Free disk space at solver start is 308 GB.


                      ------------------------------------------------------------------------------
2026-08-08 20:48:27   An iterative solver will be used first.

                      ------------------------------------------------------------------------------
2026-08-08 20:48:27   The wavelength based mesh refinement has been applied to 9.7% of all mesh edges.

                      ------------------------------------------------------------------------------
2026-08-08 20:48:27   For some elements the curvature had to be reduced to maintain the quality of the mesh. More...

                      ------------------------------------------------------------------------------
2026-08-08 20:48:27   The low frequency stabilization is not applied to periodic problems.

                      ------------------------------------------------------------------------------
2026-08-08 20:48:27     Calculation 1 (Frequency: 34 THz, Theta: 0, Phi: 0)


                      ------------------------------------------------------------------------------
2026-08-08 20:48:27   Running the PortModeSolver.

                      ------------------------------------------------------------------------------
2026-08-08 20:48:28   Adaptive mesh refinement pass 1

                      ------------------------------------------------------------------------------
2026-08-08 20:48:29     Matrix setup time        :	0 s
                        Degrees of freedom       :	73314
                        Number of mesh cells     :	10855

                        Stimulation port         :	Zmin
                        Mode number              :	1
                        Accuracy                 :	7.42374e-05
                        Iterations               :	35
                        Solver time              :	0 s


                      ------------------------------------------------------------------------------
2026-08-08 20:48:29   8% of all mesh edges seem to be longer than expected. The adaptive mesh refinement's growth limitation will therefore 
                      use 16538 instead of 6425 mesh cells as a reference.

                      ------------------------------------------------------------------------------
2026-08-08 20:48:29   The wavelength based mesh refinement has been applied to 0.4% of all mesh edges.

                      ------------------------------------------------------------------------------
2026-08-08 20:48:29   For some elements the curvature had to be reduced to maintain the quality of the mesh. More...

                      ------------------------------------------------------------------------------
2026-08-08 20:48:30   Adaptive mesh refinement pass 2

                      ------------------------------------------------------------------------------
2026-08-08 20:48:31     Matrix setup time        :	0 s
                        Degrees of freedom       :	105252
                        Number of mesh cells     :	15724

                        Stimulation port         :	Zmin
                        Mode number              :	1
                        Accuracy                 :	3.66669e-05
                        Iterations               :	34
                        Solver time              :	1 s


                      ------------------------------------------------------------------------------
2026-08-08 20:48:31     Delta calculation        
2026-08-08 20:48:31     All S-Parameters         :	0.0542738
2026-08-08 20:48:31   

                      ------------------------------------------------------------------------------
2026-08-08 20:48:32   For some elements the curvature had to be reduced to maintain the quality of the mesh. More...

                      ------------------------------------------------------------------------------
2026-08-08 20:48:32   Adaptive mesh refinement pass 3

                      ------------------------------------------------------------------------------
2026-08-08 20:48:34     Matrix setup time        :	0 s
                        Degrees of freedom       :	140528
                        Number of mesh cells     :	21020

                        Stimulation port         :	Zmin
                        Mode number              :	1
                        Accuracy                 :	2.29872e-05
                        Iterations               :	34
                        Solver time              :	1 s


                      ------------------------------------------------------------------------------
2026-08-08 20:48:34     Delta calculation        
2026-08-08 20:48:34     All S-Parameters         :	0.0113015
2026-08-08 20:48:34   

                      ------------------------------------------------------------------------------
2026-08-08 20:48:34   For some elements the curvature had to be reduced to maintain the quality of the mesh. More...

                      ------------------------------------------------------------------------------
2026-08-08 20:48:35   Adaptive mesh refinement pass 4

                      ------------------------------------------------------------------------------
2026-08-08 20:48:37     Matrix setup time        :	0 s
                        Degrees of freedom       :	175758
                        Number of mesh cells     :	26298

                        Stimulation port         :	Zmin
                        Mode number              :	1
                        Accuracy                 :	6.09973e-05
                        Iterations               :	29
                        Solver time              :	1 s


                      ------------------------------------------------------------------------------
2026-08-08 20:48:37     Delta calculation        
2026-08-08 20:48:37     All S-Parameters         :	0.0061371
2026-08-08 20:48:37   

                      ------------------------------------------------------------------------------
2026-08-08 20:48:37   Mesh adaptation terminated because the desired accuracy limit is reached.

                      ------------------------------------------------------------------------------
2026-08-08 20:48:37     Total time               :	10 s

                      ------------------------------------------------------------------------------
2026-08-08 20:48:37   

                      ------------------------------------------------------------------------------
2026-08-08 20:48:37     Calculation 2 (Frequency: 10 THz, Theta: 0, Phi: 0)


                      ------------------------------------------------------------------------------
2026-08-08 20:48:37   Running the PortModeSolver.

                      ------------------------------------------------------------------------------
2026-08-08 20:48:38   Adaptive mesh refinement pass 1

                      ------------------------------------------------------------------------------
2026-08-08 20:48:40     Matrix setup time        :	0 s
                        Degrees of freedom       :	175758
                        Number of mesh cells     :	26298

                        Stimulation port         :	Zmin
                        Mode number              :	1
                        Accuracy                 :	8.00795e-05
                        Iterations               :	21
                        Solver time              :	1 s


                      ------------------------------------------------------------------------------
2026-08-08 20:48:41   For some elements the curvature had to be reduced to maintain the quality of the mesh. More...

                      ------------------------------------------------------------------------------
2026-08-08 20:48:41   Adaptive mesh refinement pass 2

                      ------------------------------------------------------------------------------
2026-08-08 20:48:43     Matrix setup time        :	0 s
                        Degrees of freedom       :	201392
                        Number of mesh cells     :	30144

                        Stimulation port         :	Zmin
                        Mode number              :	1
                        Accuracy                 :	6.77731e-05
                        Iterations               :	17
                        Solver time              :	1 s


                      ------------------------------------------------------------------------------
2026-08-08 20:48:43     Delta calculation        
2026-08-08 20:48:43     All S-Parameters         :	0.0184015
2026-08-08 20:48:43   

                      ------------------------------------------------------------------------------
2026-08-08 20:48:44   For some elements the curvature had to be reduced to maintain the quality of the mesh. More...

                      ------------------------------------------------------------------------------
2026-08-08 20:48:44   Adaptive mesh refinement pass 3

                      ------------------------------------------------------------------------------
2026-08-08 20:48:46     Matrix setup time        :	0 s
                        Degrees of freedom       :	235760
                        Number of mesh cells     :	35268

                        Stimulation port         :	Zmin
                        Mode number              :	1
                        Accuracy                 :	8.89037e-05
                        Iterations               :	16
                        Solver time              :	1 s


                      ------------------------------------------------------------------------------
2026-08-08 20:48:46     Delta calculation        
2026-08-08 20:48:46     All S-Parameters         :	0.00599192
2026-08-08 20:48:46   

                      ------------------------------------------------------------------------------
2026-08-08 20:48:46   Mesh adaptation terminated because the desired accuracy limit is reached.

                      ------------------------------------------------------------------------------
2026-08-08 20:48:46     Total time               :	8 s

                      ------------------------------------------------------------------------------
2026-08-08 20:48:46   

                      ------------------------------------------------------------------------------
2026-08-08 20:48:46     Calculation 3 (Frequency: 22 THz, Theta: 0, Phi: 0)


                      ------------------------------------------------------------------------------
2026-08-08 20:48:46   Running the PortModeSolver.

                      ------------------------------------------------------------------------------
2026-08-08 20:48:47   Adaptive mesh refinement pass 1

                      ------------------------------------------------------------------------------
2026-08-08 20:48:49     Matrix setup time        :	0 s
                        Degrees of freedom       :	235760
                        Number of mesh cells     :	35268

                        Stimulation port         :	Zmin
                        Mode number              :	1
                        Accuracy                 :	9.07481e-05
                        Iterations               :	22
                        Solver time              :	1 s


                      ------------------------------------------------------------------------------
2026-08-08 20:48:50   For some elements the curvature had to be reduced to maintain the quality of the mesh. More...

                      ------------------------------------------------------------------------------
2026-08-08 20:48:51   Adaptive mesh refinement pass 2

                      ------------------------------------------------------------------------------
2026-08-08 20:48:54     Matrix setup time        :	0 s
                        Degrees of freedom       :	272062
                        Number of mesh cells     :	40784

                        Stimulation port         :	Zmin
                        Mode number              :	1
                        Accuracy                 :	7.24486e-05
                        Iterations               :	25
                        Solver time              :	2 s


                      ------------------------------------------------------------------------------
2026-08-08 20:48:54     Delta calculation        
2026-08-08 20:48:54     All S-Parameters         :	0.0134866
2026-08-08 20:48:54   

                      ------------------------------------------------------------------------------
2026-08-08 20:48:55   For some elements the curvature had to be reduced to maintain the quality of the mesh. More...

                      ------------------------------------------------------------------------------
2026-08-08 20:48:56   Adaptive mesh refinement pass 3

                      ------------------------------------------------------------------------------
2026-08-08 20:48:59     Matrix setup time        :	0 s
                        Degrees of freedom       :	307254
                        Number of mesh cells     :	46092

                        Stimulation port         :	Zmin
                        Mode number              :	1
                        Accuracy                 :	6.77567e-05
                        Iterations               :	19
                        Solver time              :	2 s


                      ------------------------------------------------------------------------------
2026-08-08 20:48:59     Delta calculation        
2026-08-08 20:48:59     All S-Parameters         :	0.00330001
2026-08-08 20:48:59   

                      ------------------------------------------------------------------------------
2026-08-08 20:48:59   Mesh adaptation terminated because the desired accuracy limit is reached.

                      ------------------------------------------------------------------------------
2026-08-08 20:48:59     Total time               :	12 s

                      ------------------------------------------------------------------------------
2026-08-08 20:48:59   

                      ------------------------------------------------------------------------------
2026-08-08 20:48:59     Calculation 4 (Frequency: 18.5497 THz, Theta: 0, Phi: 0)


                      ------------------------------------------------------------------------------
2026-08-08 20:48:59   Running the PortModeSolver.

                      ------------------------------------------------------------------------------
2026-08-08 20:49:00   Adaptive mesh refinement pass 1

                      ------------------------------------------------------------------------------
2026-08-08 20:49:03     Matrix setup time        :	0 s
                        Degrees of freedom       :	307254
                        Number of mesh cells     :	46092

                        Stimulation port         :	Zmin
                        Mode number              :	1
                        Accuracy                 :	6.31305e-05
                        Iterations               :	18
                        Solver time              :	2 s


                      ------------------------------------------------------------------------------
2026-08-08 20:49:03   The input reflection seems to be large at 18.5497 THz, Theta: 0, Phi: 0.  More...

                      ------------------------------------------------------------------------------
2026-08-08 20:49:04   For some elements the curvature had to be reduced to maintain the quality of the mesh. More...

                      ------------------------------------------------------------------------------
2026-08-08 20:49:04   Adaptive mesh refinement pass 2

                      ------------------------------------------------------------------------------
2026-08-08 20:49:08     Matrix setup time        :	0 s
                        Degrees of freedom       :	342648
                        Number of mesh cells     :	51506

                        Stimulation port         :	Zmin
                        Mode number              :	1
                        Accuracy                 :	9.1683e-05
                        Iterations               :	16
                        Solver time              :	2 s


                      ------------------------------------------------------------------------------
2026-08-08 20:49:08     Delta calculation        
2026-08-08 20:49:08     All S-Parameters         :	0.00555767
2026-08-08 20:49:08   

                      ------------------------------------------------------------------------------
2026-08-08 20:49:09   For some elements the curvature had to be reduced to maintain the quality of the mesh. More...

                      ------------------------------------------------------------------------------
2026-08-08 20:49:09   Adaptive mesh refinement pass 3

                      ------------------------------------------------------------------------------
2026-08-08 20:49:13     Matrix setup time        :	0 s
                        Degrees of freedom       :	377472
                        Number of mesh cells     :	56790

                        Stimulation port         :	Zmin
                        Mode number              :	1
                        Accuracy                 :	9.60937e-05
                        Iterations               :	16
                        Solver time              :	2 s


                      ------------------------------------------------------------------------------
2026-08-08 20:49:13     Delta calculation        
2026-08-08 20:49:13     All S-Parameters         :	0.00078364
2026-08-08 20:49:13   

                      ------------------------------------------------------------------------------
2026-08-08 20:49:13   Mesh adaptation terminated because the desired accuracy limit is reached.

                      ------------------------------------------------------------------------------
2026-08-08 20:49:13     Total time               :	14 s

                      ------------------------------------------------------------------------------
2026-08-08 20:49:13   

                      ------------------------------------------------------------------------------
2026-08-08 20:49:13     Calculation 5 (Frequency: 18.9244 THz, Theta: 0, Phi: 0)


                      ------------------------------------------------------------------------------
2026-08-08 20:49:13   Running the PortModeSolver.

                      ------------------------------------------------------------------------------
2026-08-08 20:49:14   Adaptive mesh refinement pass 1

                      ------------------------------------------------------------------------------
2026-08-08 20:49:17     Matrix setup time        :	0 s
                        Degrees of freedom       :	377472
                        Number of mesh cells     :	56790

                        Stimulation port         :	Zmin
                        Mode number              :	1
                        Accuracy                 :	9.10715e-05
                        Iterations               :	17
                        Solver time              :	2 s


                      ------------------------------------------------------------------------------
2026-08-08 20:49:18   The input reflection seems to be large at 18.9244 THz, Theta: 0, Phi: 0.  More...

                      ------------------------------------------------------------------------------
2026-08-08 20:49:18   For some elements the curvature had to be reduced to maintain the quality of the mesh. More...

                      ------------------------------------------------------------------------------
2026-08-08 20:49:19   Adaptive mesh refinement pass 2

                      ------------------------------------------------------------------------------
2026-08-08 20:49:23     Matrix setup time        :	0 s
                        Degrees of freedom       :	412268
                        Number of mesh cells     :	62031

                        Stimulation port         :	Zmin
                        Mode number              :	1
                        Accuracy                 :	9.23339e-05
                        Iterations               :	17
                        Solver time              :	2 s


                      ------------------------------------------------------------------------------
2026-08-08 20:49:23     Delta calculation        
2026-08-08 20:49:23     All S-Parameters         :	0.000659057
2026-08-08 20:49:23   

                      ------------------------------------------------------------------------------
2026-08-08 20:49:24   For some elements the curvature had to be reduced to maintain the quality of the mesh. More...

                      ------------------------------------------------------------------------------
2026-08-08 20:49:25   Adaptive mesh refinement pass 3

                      ------------------------------------------------------------------------------
2026-08-08 20:49:30     Matrix setup time        :	0 s
                        Degrees of freedom       :	447222
                        Number of mesh cells     :	67276

                        Stimulation port         :	Zmin
                        Mode number              :	1
                        Accuracy                 :	8.13392e-05
                        Iterations               :	17
                        Solver time              :	2 s


                      ------------------------------------------------------------------------------
2026-08-08 20:49:30     Delta calculation        
2026-08-08 20:49:30     All S-Parameters         :	0.000622382
2026-08-08 20:49:30   

                      ------------------------------------------------------------------------------
2026-08-08 20:49:30   Mesh adaptation terminated because the desired accuracy limit is reached.

                      ------------------------------------------------------------------------------
2026-08-08 20:49:30     Total time               :	16 s

                      ------------------------------------------------------------------------------
2026-08-08 20:49:30   

                      ------------------------------------------------------------------------------
2026-08-08 20:49:30     Calculation 6 (Frequency: 26.3108 THz, Theta: 0, Phi: 0)


                      ------------------------------------------------------------------------------
2026-08-08 20:49:30   Running the PortModeSolver.

                      ------------------------------------------------------------------------------
2026-08-08 20:49:31   Adaptive mesh refinement pass 1

                      ------------------------------------------------------------------------------
2026-08-08 20:49:35     Matrix setup time        :	0 s
                        Degrees of freedom       :	447222
                        Number of mesh cells     :	67276

                        Stimulation port         :	Zmin
                        Mode number              :	1
                        Accuracy                 :	7.48632e-05
                        Iterations               :	19
                        Solver time              :	3 s


                      ------------------------------------------------------------------------------
2026-08-08 20:49:37   For some elements the curvature had to be reduced to maintain the quality of the mesh. More...

                      ------------------------------------------------------------------------------
2026-08-08 20:49:37   Adaptive mesh refinement pass 2

                      ------------------------------------------------------------------------------
2026-08-08 20:49:43     Matrix setup time        :	0 s
                        Solver setup             :	1 s
                        Degrees of freedom       :	481746
                        Number of mesh cells     :	72568

                        Stimulation port         :	Zmin
                        Mode number              :	1
                        Accuracy                 :	9.81171e-05
                        Iterations               :	17
                        Solver time              :	3 s


                      ------------------------------------------------------------------------------
2026-08-08 20:49:43     Delta calculation        
2026-08-08 20:49:43     All S-Parameters         :	0.000498835
2026-08-08 20:49:43   

                      ------------------------------------------------------------------------------
2026-08-08 20:49:44   For some elements the curvature had to be reduced to maintain the quality of the mesh. More...

                      ------------------------------------------------------------------------------
2026-08-08 20:49:45   Adaptive mesh refinement pass 3

                      ------------------------------------------------------------------------------
2026-08-08 20:49:50     Matrix setup time        :	1 s
                        Solver setup             :	1 s
                        Degrees of freedom       :	516394
                        Number of mesh cells     :	77848

                        Stimulation port         :	Zmin
                        Mode number              :	1
                        Accuracy                 :	8.23208e-05
                        Iterations               :	17
                        Solver time              :	3 s


                      ------------------------------------------------------------------------------
2026-08-08 20:49:51     Delta calculation        
2026-08-08 20:49:51     All S-Parameters         :	0.000528958
2026-08-08 20:49:51   

                      ------------------------------------------------------------------------------
2026-08-08 20:49:51   Mesh adaptation terminated because the desired accuracy limit is reached.

                      ------------------------------------------------------------------------------
2026-08-08 20:49:51     Total time               :	20 s

                      ------------------------------------------------------------------------------
2026-08-08 20:49:51   

                      ------------------------------------------------------------------------------
2026-08-08 20:49:51     Calculation 7 (Frequency: 26.4982 THz, Theta: 0, Phi: 0)


                      ------------------------------------------------------------------------------
2026-08-08 20:49:51   Running the PortModeSolver.

                      ------------------------------------------------------------------------------
2026-08-08 20:49:52   Adaptive mesh refinement pass 1

                      ------------------------------------------------------------------------------
2026-08-08 20:50:13     Matrix setup time        :	0 s
                        Degrees of freedom       :	516394
                        Number of mesh cells     :	77848

                        Stimulation port         :	Zmin
                        Mode number              :	1
                        Accuracy                 :	8.88164e-05
                        Iterations               :	95
                        Solver time              :	19 s


                      ------------------------------------------------------------------------------
2026-08-08 20:50:14   For some elements the curvature had to be reduced to maintain the quality of the mesh. More...

                      ------------------------------------------------------------------------------
2026-08-08 20:50:14   The direct solver will be used.

                      ------------------------------------------------------------------------------
2026-08-08 20:50:15   Adaptive mesh refinement pass 2

                      ------------------------------------------------------------------------------
2026-08-08 20:50:35     Matrix setup time        :	1 s
                        Solver setup             :	18 s
                        Degrees of freedom       :	551078
                        Number of mesh cells     :	83130

                        Stimulation port         :	Zmin
                        Mode number              :	1
                        Accuracy                 :	2.12594e-10
                        Iterations               :	1
                        Solver time              :	0 s


                      ------------------------------------------------------------------------------
2026-08-08 20:50:35     Delta calculation        
2026-08-08 20:50:35     All S-Parameters         :	0.000742731
2026-08-08 20:50:35   

                      ------------------------------------------------------------------------------
2026-08-08 20:50:36   For some elements the curvature had to be reduced to maintain the quality of the mesh. More...

                      ------------------------------------------------------------------------------
2026-08-08 20:50:37   Adaptive mesh refinement pass 3

                      ------------------------------------------------------------------------------
2026-08-08 20:50:58     Matrix setup time        :	1 s
                        Solver setup             :	19 s
                        Degrees of freedom       :	585262
                        Number of mesh cells     :	88365

                        Stimulation port         :	Zmin
                        Mode number              :	1
                        Accuracy                 :	4.85616e-10
                        Iterations               :	1
                        Solver time              :	0 s


                      ------------------------------------------------------------------------------
2026-08-08 20:50:58     Delta calculation        
2026-08-08 20:50:58     All S-Parameters         :	0.000319177
2026-08-08 20:50:58   

                      ------------------------------------------------------------------------------
2026-08-08 20:50:58   Mesh adaptation terminated because the desired accuracy limit is reached.

                      ------------------------------------------------------------------------------
2026-08-08 20:50:58     Total time               :	67 s	 (= 0 h, 01 m, 07 s)

                      ------------------------------------------------------------------------------
2026-08-08 20:50:58   

                      ------------------------------------------------------------------------------
2026-08-08 20:50:58     Calculation 8 (Frequency: 16.96 THz, Theta: 0, Phi: 0)


                      ------------------------------------------------------------------------------
2026-08-08 20:50:58   Running the PortModeSolver.

                      ------------------------------------------------------------------------------
2026-08-08 20:50:59   Adaptive mesh refinement pass 1

                      ------------------------------------------------------------------------------
2026-08-08 20:51:16     Matrix setup time        :	0 s
                        Solver setup             :	15 s
                        Degrees of freedom       :	585262
                        Number of mesh cells     :	88365

                        Stimulation port         :	Zmin
                        Mode number              :	1
                        Accuracy                 :	2.68173e-14
                        Iterations               :	1
                        Solver time              :	0 s


                      ------------------------------------------------------------------------------
2026-08-08 20:51:17   For some elements the curvature had to be reduced to maintain the quality of the mesh. More...

                      ------------------------------------------------------------------------------
2026-08-08 20:51:18   Adaptive mesh refinement pass 2

                      ------------------------------------------------------------------------------
2026-08-08 20:51:41     Matrix setup time        :	1 s
                        Solver setup             :	21 s
                        Degrees of freedom       :	619838
                        Number of mesh cells     :	93659

                        Stimulation port         :	Zmin
                        Mode number              :	1
                        Accuracy                 :	2.72596e-13
                        Iterations               :	1
                        Solver time              :	0 s


                      ------------------------------------------------------------------------------
2026-08-08 20:51:41     Delta calculation        
2026-08-08 20:51:41     All S-Parameters         :	0.00455851
2026-08-08 20:51:41   

                      ------------------------------------------------------------------------------
2026-08-08 20:51:42   For some elements the curvature had to be reduced to maintain the quality of the mesh. More...

                      ------------------------------------------------------------------------------
2026-08-08 20:51:43   Adaptive mesh refinement pass 3

                      ------------------------------------------------------------------------------
2026-08-08 20:52:10     Matrix setup time        :	1 s
                        Solver setup             :	25 s
                        Degrees of freedom       :	654500
                        Number of mesh cells     :	98929

                        Stimulation port         :	Zmin
                        Mode number              :	1
                        Accuracy                 :	1.24832e-13
                        Iterations               :	1
                        Solver time              :	0 s


                      ------------------------------------------------------------------------------
2026-08-08 20:52:10     Delta calculation        
2026-08-08 20:52:10     All S-Parameters         :	0.000339377
2026-08-08 20:52:10   

                      ------------------------------------------------------------------------------
2026-08-08 20:52:10   Mesh adaptation terminated because the desired accuracy limit is reached.

                      ------------------------------------------------------------------------------
2026-08-08 20:52:11     Total time               :	72 s	 (= 0 h, 01 m, 12 s)

                      ------------------------------------------------------------------------------
2026-08-08 20:52:11   

                      ------------------------------------------------------------------------------
2026-08-08 20:52:11     Calculation 9 (Frequency: 29.512 THz, Theta: 0, Phi: 0)


                      ------------------------------------------------------------------------------
2026-08-08 20:52:11   Running the PortModeSolver.

                      ------------------------------------------------------------------------------
2026-08-08 20:52:12   Adaptive mesh refinement pass 1

                      ------------------------------------------------------------------------------
2026-08-08 20:52:12   The iterative solver will be used.

                      ------------------------------------------------------------------------------
2026-08-08 20:52:33     Matrix setup time        :	0 s
                        Solver setup             :	20 s
                        Degrees of freedom       :	654500
                        Number of mesh cells     :	98929

                        Stimulation port         :	Zmin
                        Mode number              :	1
                        Accuracy                 :	1.14259e-13
                        Iterations               :	1
                        Solver time              :	0 s


                      ------------------------------------------------------------------------------
2026-08-08 20:52:35   For some elements the curvature had to be reduced to maintain the quality of the mesh. More...

                      ------------------------------------------------------------------------------
2026-08-08 20:52:36   Adaptive mesh refinement pass 2

                      ------------------------------------------------------------------------------
2026-08-08 20:52:44     Matrix setup time        :	1 s
                        Solver setup             :	1 s
                        Degrees of freedom       :	688892
                        Number of mesh cells     :	104200

                        Stimulation port         :	Zmin
                        Mode number              :	1
                        Accuracy                 :	6.27844e-05
                        Iterations               :	14
                        Solver time              :	4 s


                      ------------------------------------------------------------------------------
2026-08-08 20:52:44     Delta calculation        
2026-08-08 20:52:44     All S-Parameters         :	0.000393041
2026-08-08 20:52:44   

                      ------------------------------------------------------------------------------
2026-08-08 20:52:45   For some elements the curvature had to be reduced to maintain the quality of the mesh. More...

                      ------------------------------------------------------------------------------
2026-08-08 20:52:46   Adaptive mesh refinement pass 3

                      ------------------------------------------------------------------------------
2026-08-08 20:52:54     Matrix setup time        :	1 s
                        Solver setup             :	1 s
                        Degrees of freedom       :	723036
                        Number of mesh cells     :	109445

                        Stimulation port         :	Zmin
                        Mode number              :	1
                        Accuracy                 :	9.87593e-05
                        Iterations               :	13
                        Solver time              :	3 s


                      ------------------------------------------------------------------------------
2026-08-08 20:52:54     Delta calculation        
2026-08-08 20:52:54     All S-Parameters         :	0.00046963
2026-08-08 20:52:54   

                      ------------------------------------------------------------------------------
2026-08-08 20:52:54   Mesh adaptation terminated because the desired accuracy limit is reached.

                      ------------------------------------------------------------------------------
2026-08-08 20:52:54     Total time               :	43 s

                      ------------------------------------------------------------------------------
2026-08-08 20:52:54   

                      ------------------------------------------------------------------------------
2026-08-08 20:52:54     Calculation 10 (Frequency: 17.344 THz, Theta: 0, Phi: 0)


                      ------------------------------------------------------------------------------
2026-08-08 20:52:54   Running the PortModeSolver.

                      ------------------------------------------------------------------------------
2026-08-08 20:52:55   Adaptive mesh refinement pass 1

                      ------------------------------------------------------------------------------
2026-08-08 20:53:02     Matrix setup time        :	0 s
                        Solver setup             :	1 s
                        Degrees of freedom       :	723036
                        Number of mesh cells     :	109445

                        Stimulation port         :	Zmin
                        Mode number              :	1
                        Accuracy                 :	9.46605e-05
                        Iterations               :	15
                        Solver time              :	4 s


                      ------------------------------------------------------------------------------
2026-08-08 20:53:04   For some elements the curvature had to be reduced to maintain the quality of the mesh. More...

                      ------------------------------------------------------------------------------
2026-08-08 20:53:05   Adaptive mesh refinement pass 2

                      ------------------------------------------------------------------------------
2026-08-08 20:53:13     Matrix setup time        :	1 s
                        Solver setup             :	1 s
                        Degrees of freedom       :	758492
                        Number of mesh cells     :	114807

                        Stimulation port         :	Zmin
                        Mode number              :	1
                        Accuracy                 :	9.47164e-05
                        Iterations               :	14
                        Solver time              :	4 s


                      ------------------------------------------------------------------------------
2026-08-08 20:53:13     Delta calculation        
2026-08-08 20:53:13     All S-Parameters         :	0.00156314
2026-08-08 20:53:13   

                      ------------------------------------------------------------------------------
2026-08-08 20:53:16   Adaptive mesh refinement pass 3

                      ------------------------------------------------------------------------------
2026-08-08 20:53:24     Matrix setup time        :	1 s
                        Solver setup             :	2 s
                        Degrees of freedom       :	793626
                        Number of mesh cells     :	120116

                        Stimulation port         :	Zmin
                        Mode number              :	1
                        Accuracy                 :	7.47052e-05
                        Iterations               :	13
                        Solver time              :	4 s


                      ------------------------------------------------------------------------------
2026-08-08 20:53:24     Delta calculation        
2026-08-08 20:53:24     All S-Parameters         :	0.000256683
2026-08-08 20:53:24   

                      ------------------------------------------------------------------------------
2026-08-08 20:53:24   Mesh adaptation terminated because the desired accuracy limit is reached.

                      ------------------------------------------------------------------------------
2026-08-08 20:53:24     Total time               :	29 s

                      ------------------------------------------------------------------------------
2026-08-08 20:53:24   

                      ------------------------------------------------------------------------------
2026-08-08 20:53:24     Calculation 11 (Frequency: 24.352 THz, Theta: 0, Phi: 0)


                      ------------------------------------------------------------------------------
2026-08-08 20:53:24   Running the PortModeSolver.

                      ------------------------------------------------------------------------------
2026-08-08 20:53:25   Adaptive mesh refinement pass 1

                      ------------------------------------------------------------------------------
2026-08-08 20:53:32     Matrix setup time        :	0 s
                        Solver setup             :	1 s
                        Degrees of freedom       :	793626
                        Number of mesh cells     :	120116

                        Stimulation port         :	Zmin
                        Mode number              :	1
                        Accuracy                 :	7.48136e-05
                        Iterations               :	14
                        Solver time              :	4 s


                      ------------------------------------------------------------------------------
2026-08-08 20:53:35   Adaptive mesh refinement pass 2

                      ------------------------------------------------------------------------------
2026-08-08 20:53:43     Matrix setup time        :	1 s
                        Solver setup             :	2 s
                        Degrees of freedom       :	827556
                        Number of mesh cells     :	125327

                        Stimulation port         :	Zmin
                        Mode number              :	1
                        Accuracy                 :	7.43811e-05
                        Iterations               :	12
                        Solver time              :	4 s


                      ------------------------------------------------------------------------------
2026-08-08 20:53:44     Delta calculation        
2026-08-08 20:53:44     All S-Parameters         :	0.000543499
2026-08-08 20:53:44   

                      ------------------------------------------------------------------------------
2026-08-08 20:53:47   Adaptive mesh refinement pass 3

                      ------------------------------------------------------------------------------
2026-08-08 20:53:56     Matrix setup time        :	1 s
                        Solver setup             :	3 s
                        Degrees of freedom       :	861862
                        Number of mesh cells     :	130561

                        Stimulation port         :	Zmin
                        Mode number              :	1
                        Accuracy                 :	9.19e-05
                        Iterations               :	11
                        Solver time              :	4 s


                      ------------------------------------------------------------------------------
2026-08-08 20:53:57     Delta calculation        
2026-08-08 20:53:57     All S-Parameters         :	0.000133217
2026-08-08 20:53:57   

                      ------------------------------------------------------------------------------
2026-08-08 20:53:57   Mesh adaptation terminated because the desired accuracy limit is reached.

                      ------------------------------------------------------------------------------
2026-08-08 20:53:57     Total time               :	32 s

                      ------------------------------------------------------------------------------
2026-08-08 20:53:57   

                      ------------------------------------------------------------------------------
2026-08-08 20:53:57     Calculation 12 (Frequency: 27.544 THz, Theta: 0, Phi: 0)


                      ------------------------------------------------------------------------------
2026-08-08 20:53:57   Running the PortModeSolver.

                      ------------------------------------------------------------------------------
2026-08-08 20:53:58   Adaptive mesh refinement pass 1

                      ------------------------------------------------------------------------------
2026-08-08 20:54:07     Matrix setup time        :	1 s
                        Solver setup             :	2 s
                        Degrees of freedom       :	861862
                        Number of mesh cells     :	130561

                        Stimulation port         :	Zmin
                        Mode number              :	1
                        Accuracy                 :	7.71527e-05
                        Iterations               :	14
                        Solver time              :	5 s


                      ------------------------------------------------------------------------------
2026-08-08 20:54:10   Adaptive mesh refinement pass 2

                      ------------------------------------------------------------------------------
2026-08-08 20:54:20     Matrix setup time        :	1 s
                        Solver setup             :	2 s
                        Degrees of freedom       :	895290
                        Number of mesh cells     :	135717

                        Stimulation port         :	Zmin
                        Mode number              :	1
                        Accuracy                 :	9.85922e-05
                        Iterations               :	12
                        Solver time              :	4 s


                      ------------------------------------------------------------------------------
2026-08-08 20:54:20     Delta calculation        
2026-08-08 20:54:20     All S-Parameters         :	0.0001199
2026-08-08 20:54:20   

                      ------------------------------------------------------------------------------
2026-08-08 20:54:23   Adaptive mesh refinement pass 3

                      ------------------------------------------------------------------------------
2026-08-08 20:54:33     Matrix setup time        :	1 s
                        Solver setup             :	2 s
                        Degrees of freedom       :	929346
                        Number of mesh cells     :	140930

                        Stimulation port         :	Zmin
                        Mode number              :	1
                        Accuracy                 :	5.82198e-05
                        Iterations               :	13
                        Solver time              :	5 s


                      ------------------------------------------------------------------------------
2026-08-08 20:54:33     Delta calculation        
2026-08-08 20:54:33     All S-Parameters         :	0.000103472
2026-08-08 20:54:33   

                      ------------------------------------------------------------------------------
2026-08-08 20:54:33   Mesh adaptation terminated because the desired accuracy limit is reached.

                      ------------------------------------------------------------------------------
2026-08-08 20:54:33     Total time               :	36 s

                      ------------------------------------------------------------------------------
2026-08-08 20:54:33   

                      ------------------------------------------------------------------------------
2026-08-08 20:54:33     Calculation 13 (Frequency: 20.296 THz, Theta: 0, Phi: 0)


                      ------------------------------------------------------------------------------
2026-08-08 20:54:33   Running the PortModeSolver.

                      ------------------------------------------------------------------------------
2026-08-08 20:54:34   Adaptive mesh refinement pass 1

                      ------------------------------------------------------------------------------
2026-08-08 20:54:42     Matrix setup time        :	0 s
                        Solver setup             :	1 s
                        Degrees of freedom       :	929346
                        Number of mesh cells     :	140930

                        Stimulation port         :	Zmin
                        Mode number              :	1
                        Accuracy                 :	7.23422e-05
                        Iterations               :	12
                        Solver time              :	4 s


                      ------------------------------------------------------------------------------
2026-08-08 20:54:45   Adaptive mesh refinement pass 2

                      ------------------------------------------------------------------------------
2026-08-08 20:54:56     Matrix setup time        :	2 s
                        Solver setup             :	2 s
                        Degrees of freedom       :	964258
                        Number of mesh cells     :	146247

                        Stimulation port         :	Zmin
                        Mode number              :	1
                        Accuracy                 :	6.84103e-05
                        Iterations               :	12
                        Solver time              :	5 s


                      ------------------------------------------------------------------------------
2026-08-08 20:54:56     Delta calculation        
2026-08-08 20:54:56     All S-Parameters         :	0.00106452
2026-08-08 20:54:56   

                      ------------------------------------------------------------------------------
2026-08-08 20:54:59   Adaptive mesh refinement pass 3

                      ------------------------------------------------------------------------------
2026-08-08 20:55:09     Matrix setup time        :	2 s
                        Solver setup             :	2 s
                        Degrees of freedom       :	998346
                        Number of mesh cells     :	151451

                        Stimulation port         :	Zmin
                        Mode number              :	1
                        Accuracy                 :	9.02624e-05
                        Iterations               :	11
                        Solver time              :	4 s


                      ------------------------------------------------------------------------------
2026-08-08 20:55:10     Delta calculation        
2026-08-08 20:55:10     All S-Parameters         :	0.000271343
2026-08-08 20:55:10   

                      ------------------------------------------------------------------------------
2026-08-08 20:55:10   Mesh adaptation terminated because the desired accuracy limit is reached.

                      ------------------------------------------------------------------------------
2026-08-08 20:55:10     Total time               :	36 s

                      ------------------------------------------------------------------------------
2026-08-08 20:55:10   

                      ------------------------------------------------------------------------------
2026-08-08 20:55:10     Calculation 14 (Frequency: 28.528 THz, Theta: 0, Phi: 0)


                      ------------------------------------------------------------------------------
2026-08-08 20:55:10   Running the PortModeSolver.

                      ------------------------------------------------------------------------------
2026-08-08 20:55:11   Adaptive mesh refinement pass 1

                      ------------------------------------------------------------------------------
2026-08-08 20:55:19     Matrix setup time        :	0 s
                        Solver setup             :	2 s
                        Degrees of freedom       :	998346
                        Number of mesh cells     :	151451

                        Stimulation port         :	Zmin
                        Mode number              :	1
                        Accuracy                 :	9.04201e-05
                        Iterations               :	11
                        Solver time              :	5 s


                      ------------------------------------------------------------------------------
2026-08-08 20:55:23   Adaptive mesh refinement pass 2

                      ------------------------------------------------------------------------------
2026-08-08 20:55:33     Matrix setup time        :	2 s
                        Solver setup             :	2 s
                        Degrees of freedom       :	1032314
                        Number of mesh cells     :	156643

                        Stimulation port         :	Zmin
                        Mode number              :	1
                        Accuracy                 :	9.59279e-05
                        Iterations               :	11
                        Solver time              :	4 s


                      ------------------------------------------------------------------------------
2026-08-08 20:55:34     Delta calculation        
2026-08-08 20:55:34     All S-Parameters         :	0.00010124
2026-08-08 20:55:34   

                      ------------------------------------------------------------------------------
2026-08-08 20:55:37   Adaptive mesh refinement pass 3

                      ------------------------------------------------------------------------------
2026-08-08 20:55:49     Matrix setup time        :	2 s
                        Solver setup             :	3 s
                        Degrees of freedom       :	1065942
                        Number of mesh cells     :	161805

                        Stimulation port         :	Zmin
                        Mode number              :	1
                        Accuracy                 :	9.14391e-05
                        Iterations               :	11
                        Solver time              :	5 s


                      ------------------------------------------------------------------------------
2026-08-08 20:55:49     Delta calculation        
2026-08-08 20:55:49     All S-Parameters         :	0.000132131
2026-08-08 20:55:49   

                      ------------------------------------------------------------------------------
2026-08-08 20:55:49   Mesh adaptation terminated because the desired accuracy limit is reached.

                      ------------------------------------------------------------------------------
2026-08-08 20:55:49     Total time               :	39 s

                      ------------------------------------------------------------------------------
2026-08-08 20:55:49   

                      ------------------------------------------------------------------------------
2026-08-08 20:55:49     Calculation 15 (Frequency: 20.416 THz, Theta: 0, Phi: 0)


                      ------------------------------------------------------------------------------
2026-08-08 20:55:49   Running the PortModeSolver.

                      ------------------------------------------------------------------------------
2026-08-08 20:55:50   Adaptive mesh refinement pass 1

                      ------------------------------------------------------------------------------
2026-08-08 20:55:59     Matrix setup time        :	1 s
                        Solver setup             :	2 s
                        Degrees of freedom       :	1065942
                        Number of mesh cells     :	161805

                        Stimulation port         :	Zmin
                        Mode number              :	1
                        Accuracy                 :	9.23972e-05
                        Iterations               :	11
                        Solver time              :	5 s


                      ------------------------------------------------------------------------------
2026-08-08 20:56:03   Adaptive mesh refinement pass 2

                      ------------------------------------------------------------------------------
2026-08-08 20:56:13     Matrix setup time        :	2 s
                        Solver setup             :	3 s
                        Degrees of freedom       :	1100432
                        Number of mesh cells     :	167041

                        Stimulation port         :	Zmin
                        Mode number              :	1
                        Accuracy                 :	9.97584e-05
                        Iterations               :	10
                        Solver time              :	4 s


                      ------------------------------------------------------------------------------
2026-08-08 20:56:14     Delta calculation        
2026-08-08 20:56:14     All S-Parameters         :	0.000171189
2026-08-08 20:56:14   

                      ------------------------------------------------------------------------------
2026-08-08 20:56:17   Adaptive mesh refinement pass 3

                      ------------------------------------------------------------------------------
2026-08-08 20:56:28     Matrix setup time        :	2 s
                        Solver setup             :	3 s
                        Degrees of freedom       :	1135228
                        Number of mesh cells     :	172328

                        Stimulation port         :	Zmin
                        Mode number              :	1
                        Accuracy                 :	9.54636e-05
                        Iterations               :	10
                        Solver time              :	5 s


                      ------------------------------------------------------------------------------
2026-08-08 20:56:29     Delta calculation        
2026-08-08 20:56:29     All S-Parameters         :	0.00014978
2026-08-08 20:56:29   

                      ------------------------------------------------------------------------------
2026-08-08 20:56:29   Mesh adaptation terminated because the desired accuracy limit is reached.

                      ------------------------------------------------------------------------------
2026-08-08 20:56:29     Total time               :	39 s

                      ------------------------------------------------------------------------------
2026-08-08 20:56:29   

                      ------------------------------------------------------------------------------
2026-08-08 20:56:29     Calculation 16 (Frequency: 20.056 THz, Theta: 0, Phi: 0)


                      ------------------------------------------------------------------------------
2026-08-08 20:56:29   Running the PortModeSolver.

                      ------------------------------------------------------------------------------
2026-08-08 20:56:30   Adaptive mesh refinement pass 1

                      ------------------------------------------------------------------------------
2026-08-08 20:56:38     Matrix setup time        :	1 s
                        Solver setup             :	2 s
                        Degrees of freedom       :	1135228
                        Number of mesh cells     :	172328

                        Stimulation port         :	Zmin
                        Mode number              :	1
                        Accuracy                 :	9.30454e-05
                        Iterations               :	8
                        Solver time              :	4 s


                      ------------------------------------------------------------------------------
2026-08-08 20:56:38   The input reflection seems to be large at 20.056 THz, Theta: 0, Phi: 0.  More...

                      ------------------------------------------------------------------------------
2026-08-08 20:56:42   Adaptive mesh refinement pass 2

                      ------------------------------------------------------------------------------
2026-08-08 20:56:54     Matrix setup time        :	2 s
                        Solver setup             :	3 s
                        Degrees of freedom       :	1169674
                        Number of mesh cells     :	177562

                        Stimulation port         :	Zmin
                        Mode number              :	1
                        Accuracy                 :	9.19476e-05
                        Iterations               :	10
                        Solver time              :	5 s


                      ------------------------------------------------------------------------------
2026-08-08 20:56:54     Delta calculation        
2026-08-08 20:56:54     All S-Parameters         :	6.87088e-05
2026-08-08 20:56:54   

                      ------------------------------------------------------------------------------
2026-08-08 20:56:58   Adaptive mesh refinement pass 3

                      ------------------------------------------------------------------------------
2026-08-08 20:57:10     Matrix setup time        :	2 s
                        Solver setup             :	3 s
                        Degrees of freedom       :	1203866
                        Number of mesh cells     :	182781

                        Stimulation port         :	Zmin
                        Mode number              :	1
                        Accuracy                 :	9.16171e-05
                        Iterations               :	10
                        Solver time              :	5 s


                      ------------------------------------------------------------------------------
2026-08-08 20:57:10     Delta calculation        
2026-08-08 20:57:10     All S-Parameters         :	7.35882e-05
2026-08-08 20:57:10   

                      ------------------------------------------------------------------------------
2026-08-08 20:57:10   Mesh adaptation terminated because the desired accuracy limit is reached.

                      ------------------------------------------------------------------------------
2026-08-08 20:57:10     Total time               :	41 s

                      ------------------------------------------------------------------------------
2026-08-08 20:57:10   

                      ------------------------------------------------------------------------------
2026-08-08 20:57:10     Calculation 17 (Frequency: 27.208 THz, Theta: 0, Phi: 0)


                      ------------------------------------------------------------------------------
2026-08-08 20:57:10   Running the PortModeSolver.

                      ------------------------------------------------------------------------------
2026-08-08 20:57:12   Adaptive mesh refinement pass 1

                      ------------------------------------------------------------------------------
2026-08-08 20:57:22     Matrix setup time        :	1 s
                        Solver setup             :	2 s
                        Degrees of freedom       :	1203866
                        Number of mesh cells     :	182781

                        Stimulation port         :	Zmin
                        Mode number              :	1
                        Accuracy                 :	7.64519e-05
                        Iterations               :	12
                        Solver time              :	6 s


                      ------------------------------------------------------------------------------
2026-08-08 20:57:26   Adaptive mesh refinement pass 2

                      ------------------------------------------------------------------------------
2026-08-08 20:57:40     Matrix setup time        :	2 s
                        Solver setup             :	4 s
                        Degrees of freedom       :	1237046
                        Number of mesh cells     :	187908

                        Stimulation port         :	Zmin
                        Mode number              :	1
                        Accuracy                 :	8.13753e-05
                        Iterations               :	12
                        Solver time              :	6 s


                      ------------------------------------------------------------------------------
2026-08-08 20:57:40     Delta calculation        
2026-08-08 20:57:40     All S-Parameters         :	5.70741e-05
2026-08-08 20:57:40   

                      ------------------------------------------------------------------------------
2026-08-08 20:57:44   Adaptive mesh refinement pass 3

                      ------------------------------------------------------------------------------
2026-08-08 20:57:58     Matrix setup time        :	2 s
                        Solver setup             :	4 s
                        Degrees of freedom       :	1270744
                        Number of mesh cells     :	193077

                        Stimulation port         :	Zmin
                        Mode number              :	1
                        Accuracy                 :	9.65671e-05
                        Iterations               :	11
                        Solver time              :	6 s


                      ------------------------------------------------------------------------------
2026-08-08 20:57:58     Delta calculation        
2026-08-08 20:57:58     All S-Parameters         :	0.000194544
2026-08-08 20:57:58   

                      ------------------------------------------------------------------------------
2026-08-08 20:57:58   Mesh adaptation terminated because the desired accuracy limit is reached.

                      ------------------------------------------------------------------------------
2026-08-08 20:57:58     Total time               :	47 s

                      ------------------------------------------------------------------------------
2026-08-08 20:57:58   

                      ------------------------------------------------------------------------------
2026-08-08 20:57:58     Calculation 18 (Frequency: 25.6 THz, Theta: 0, Phi: 0)


                      ------------------------------------------------------------------------------
2026-08-08 20:57:58   Running the PortModeSolver.

                      ------------------------------------------------------------------------------
2026-08-08 20:57:59   Adaptive mesh refinement pass 1

                      ------------------------------------------------------------------------------
2026-08-08 20:58:10     Matrix setup time        :	1 s
                        Solver setup             :	3 s
                        Degrees of freedom       :	1270744
                        Number of mesh cells     :	193077

                        Stimulation port         :	Zmin
                        Mode number              :	1
                        Accuracy                 :	9.40828e-05
                        Iterations               :	10
                        Solver time              :	5 s


                      ------------------------------------------------------------------------------
2026-08-08 20:58:14   Adaptive mesh refinement pass 2

                      ------------------------------------------------------------------------------
2026-08-08 20:58:27     Matrix setup time        :	2 s
                        Solver setup             :	4 s
                        Degrees of freedom       :	1304714
                        Number of mesh cells     :	198267

                        Stimulation port         :	Zmin
                        Mode number              :	1
                        Accuracy                 :	8.94697e-05
                        Iterations               :	10
                        Solver time              :	5 s


                      ------------------------------------------------------------------------------
2026-08-08 20:58:27     Delta calculation        
2026-08-08 20:58:27     All S-Parameters         :	0.000206568
2026-08-08 20:58:27   

                      ------------------------------------------------------------------------------
2026-08-08 20:58:32   Adaptive mesh refinement pass 3

                      ------------------------------------------------------------------------------
2026-08-08 20:58:45     Matrix setup time        :	2 s
                        Solver setup             :	4 s
                        Degrees of freedom       :	1338618
                        Number of mesh cells     :	203462

                        Stimulation port         :	Zmin
                        Mode number              :	1
                        Accuracy                 :	8.49709e-05
                        Iterations               :	10
                        Solver time              :	5 s


                      ------------------------------------------------------------------------------
2026-08-08 20:58:45     Delta calculation        
2026-08-08 20:58:45     All S-Parameters         :	9.82826e-05
2026-08-08 20:58:45   

                      ------------------------------------------------------------------------------
2026-08-08 20:58:45   Mesh adaptation terminated because the desired accuracy limit is reached.

                      ------------------------------------------------------------------------------
2026-08-08 20:58:45     Total time               :	47 s

                      ------------------------------------------------------------------------------
2026-08-08 20:58:45   

                      ------------------------------------------------------------------------------
2026-08-08 20:58:45     Calculation 19 (Frequency: 30.928 THz, Theta: 0, Phi: 0)


                      ------------------------------------------------------------------------------
2026-08-08 20:58:45   Running the PortModeSolver.

                      ------------------------------------------------------------------------------
2026-08-08 20:58:46   Adaptive mesh refinement pass 1

                      ------------------------------------------------------------------------------
2026-08-08 20:58:58     Matrix setup time        :	1 s
                        Solver setup             :	3 s
                        Degrees of freedom       :	1338618
                        Number of mesh cells     :	203462

                        Stimulation port         :	Zmin
                        Mode number              :	1
                        Accuracy                 :	5.97175e-05
                        Iterations               :	12
                        Solver time              :	7 s


                      ------------------------------------------------------------------------------
2026-08-08 20:59:03   Adaptive mesh refinement pass 2

                      ------------------------------------------------------------------------------
2026-08-08 20:59:17     Matrix setup time        :	2 s
                        Solver setup             :	4 s
                        Degrees of freedom       :	1371704
                        Number of mesh cells     :	208597

                        Stimulation port         :	Zmin
                        Mode number              :	1
                        Accuracy                 :	7.78363e-05
                        Iterations               :	11
                        Solver time              :	6 s


                      ------------------------------------------------------------------------------
2026-08-08 20:59:18     Delta calculation        
2026-08-08 20:59:18     All S-Parameters         :	0.000115702
2026-08-08 20:59:18   

                      ------------------------------------------------------------------------------
2026-08-08 20:59:22   Adaptive mesh refinement pass 3

                      ------------------------------------------------------------------------------
2026-08-08 20:59:37     Matrix setup time        :	2 s
                        Solver setup             :	5 s
                        Degrees of freedom       :	1405172
                        Number of mesh cells     :	213756

                        Stimulation port         :	Zmin
                        Mode number              :	1
                        Accuracy                 :	6.86056e-05
                        Iterations               :	11
                        Solver time              :	6 s


                      ------------------------------------------------------------------------------
2026-08-08 20:59:38     Delta calculation        
2026-08-08 20:59:38     All S-Parameters         :	9.7475e-05
2026-08-08 20:59:38   

                      ------------------------------------------------------------------------------
2026-08-08 20:59:38   Mesh adaptation terminated because the desired accuracy limit is reached.

                      ------------------------------------------------------------------------------
2026-08-08 20:59:38     Total time               :	52 s

                      ------------------------------------------------------------------------------
2026-08-08 20:59:38   

                      ------------------------------------------------------------------------------
2026-08-08 20:59:38     Calculation 20 (Frequency: 26.728 THz, Theta: 0, Phi: 0)


                      ------------------------------------------------------------------------------
2026-08-08 20:59:38   Running the PortModeSolver.

                      ------------------------------------------------------------------------------
2026-08-08 20:59:39   Adaptive mesh refinement pass 1

                      ------------------------------------------------------------------------------
2026-08-08 20:59:52     Matrix setup time        :	1 s
                        Solver setup             :	3 s
                        Degrees of freedom       :	1405172
                        Number of mesh cells     :	213756

                        Stimulation port         :	Zmin
                        Mode number              :	1
                        Accuracy                 :	9.40792e-05
                        Iterations               :	14
                        Solver time              :	8 s


                      ------------------------------------------------------------------------------
2026-08-08 20:59:57   Adaptive mesh refinement pass 2

                      ------------------------------------------------------------------------------
2026-08-08 21:00:14     Matrix setup time        :	2 s
                        Solver setup             :	4 s
                        Degrees of freedom       :	1438936
                        Number of mesh cells     :	218958

                        Stimulation port         :	Zmin
                        Mode number              :	1
                        Accuracy                 :	9.05731e-05
                        Iterations               :	13
                        Solver time              :	8 s


                      ------------------------------------------------------------------------------
2026-08-08 21:00:14     Delta calculation        
2026-08-08 21:00:14     All S-Parameters         :	0.000121539
2026-08-08 21:00:14   

                      ------------------------------------------------------------------------------
2026-08-08 21:00:19   Adaptive mesh refinement pass 3

                      ------------------------------------------------------------------------------
2026-08-08 21:00:37     Matrix setup time        :	3 s
                        Solver setup             :	4 s
                        Degrees of freedom       :	1472792
                        Number of mesh cells     :	224144

                        Stimulation port         :	Zmin
                        Mode number              :	1
                        Accuracy                 :	7.70202e-05
                        Iterations               :	15
                        Solver time              :	9 s


                      ------------------------------------------------------------------------------
2026-08-08 21:00:37     Delta calculation        
2026-08-08 21:00:37     All S-Parameters         :	8.7248e-05
2026-08-08 21:00:37   

                      ------------------------------------------------------------------------------
2026-08-08 21:00:37   Mesh adaptation terminated because the desired accuracy limit is reached.

                      ------------------------------------------------------------------------------
2026-08-08 21:00:37     Total time               :	59 s

                      ------------------------------------------------------------------------------
2026-08-08 21:00:37   

                      ------------------------------------------------------------------------------
2026-08-08 21:00:37     Calculation 21 (Frequency: 32.824 THz, Theta: 0, Phi: 0)


                      ------------------------------------------------------------------------------
2026-08-08 21:00:37   Running the PortModeSolver.

                      ------------------------------------------------------------------------------
2026-08-08 21:00:39   Adaptive mesh refinement pass 1

                      ------------------------------------------------------------------------------
2026-08-08 21:00:51     Matrix setup time        :	1 s
                        Solver setup             :	3 s
                        Degrees of freedom       :	1472792
                        Number of mesh cells     :	224144

                        Stimulation port         :	Zmin
                        Mode number              :	1
                        Accuracy                 :	4.71185e-05
                        Iterations               :	12
                        Solver time              :	7 s


                      ------------------------------------------------------------------------------
2026-08-08 21:00:56   Adaptive mesh refinement pass 2

                      ------------------------------------------------------------------------------
2026-08-08 21:01:13     Matrix setup time        :	3 s
                        Solver setup             :	5 s
                        Degrees of freedom       :	1506464
                        Number of mesh cells     :	229296

                        Stimulation port         :	Zmin
                        Mode number              :	1
                        Accuracy                 :	6.67796e-05
                        Iterations               :	11
                        Solver time              :	7 s


                      ------------------------------------------------------------------------------
2026-08-08 21:01:13     Delta calculation        
2026-08-08 21:01:13     All S-Parameters         :	0.000138361
2026-08-08 21:01:13   

                      ------------------------------------------------------------------------------
2026-08-08 21:01:18   Adaptive mesh refinement pass 3

                      ------------------------------------------------------------------------------
2026-08-08 21:01:36     Matrix setup time        :	3 s
                        Solver setup             :	6 s
                        Degrees of freedom       :	1539978
                        Number of mesh cells     :	234447

                        Stimulation port         :	Zmin
                        Mode number              :	1
                        Accuracy                 :	7.03331e-05
                        Iterations               :	11
                        Solver time              :	8 s


                      ------------------------------------------------------------------------------
2026-08-08 21:01:37     Delta calculation        
2026-08-08 21:01:37     All S-Parameters         :	5.19012e-05
2026-08-08 21:01:37   

                      ------------------------------------------------------------------------------
2026-08-08 21:01:37   Mesh adaptation terminated because the desired accuracy limit is reached.

                      ------------------------------------------------------------------------------
2026-08-08 21:01:37     Total time               :	59 s

                      ------------------------------------------------------------------------------
2026-08-08 21:01:37   

                      ------------------------------------------------------------------------------
2026-08-08 21:01:37     Calculation 22 (Frequency: 18.28 THz, Theta: 0, Phi: 0)


                      ------------------------------------------------------------------------------
2026-08-08 21:01:37   Running the PortModeSolver.

                      ------------------------------------------------------------------------------
2026-08-08 21:01:38   Adaptive mesh refinement pass 1

                      ------------------------------------------------------------------------------
2026-08-08 21:01:51     Matrix setup time        :	1 s
                        Solver setup             :	4 s
                        Degrees of freedom       :	1539978
                        Number of mesh cells     :	234447

                        Stimulation port         :	Zmin
                        Mode number              :	1
                        Accuracy                 :	5.57879e-05
                        Iterations               :	10
                        Solver time              :	7 s


                      ------------------------------------------------------------------------------
2026-08-08 21:01:52   The input reflection seems to be large at 18.28 THz, Theta: 0, Phi: 0.  More...

                      ------------------------------------------------------------------------------
2026-08-08 21:01:57   Adaptive mesh refinement pass 2

                      ------------------------------------------------------------------------------
2026-08-08 21:02:15     Matrix setup time        :	3 s
                        Solver setup             :	7 s
                        Degrees of freedom       :	1573810
                        Number of mesh cells     :	239649

                        Stimulation port         :	Zmin
                        Mode number              :	1
                        Accuracy                 :	5.65121e-05
                        Iterations               :	10
                        Solver time              :	8 s


                      ------------------------------------------------------------------------------
2026-08-08 21:02:16     Delta calculation        
2026-08-08 21:02:16     All S-Parameters         :	0.000566558
2026-08-08 21:02:16   

                      ------------------------------------------------------------------------------
2026-08-08 21:02:21   Adaptive mesh refinement pass 3

                      ------------------------------------------------------------------------------
2026-08-08 21:02:37     Matrix setup time        :	3 s
                        Solver setup             :	6 s
                        Degrees of freedom       :	1608108
                        Number of mesh cells     :	244884

                        Stimulation port         :	Zmin
                        Mode number              :	1
                        Accuracy                 :	9.44508e-05
                        Iterations               :	9
                        Solver time              :	6 s


                      ------------------------------------------------------------------------------
2026-08-08 21:02:38     Delta calculation        
2026-08-08 21:02:38     All S-Parameters         :	0.000115496
2026-08-08 21:02:38   

                      ------------------------------------------------------------------------------
2026-08-08 21:02:38   Mesh adaptation terminated because the desired accuracy limit is reached.

                      ------------------------------------------------------------------------------
2026-08-08 21:02:38     Total time               :	61 s	 (= 0 h, 01 m, 01 s)

                      ------------------------------------------------------------------------------
2026-08-08 21:02:38   

                      ------------------------------------------------------------------------------
2026-08-08 21:02:38     Calculation 23 (Frequency: 14.68 THz, Theta: 0, Phi: 0)


                      ------------------------------------------------------------------------------
2026-08-08 21:02:38   Running the PortModeSolver.

                      ------------------------------------------------------------------------------
2026-08-08 21:02:39   Adaptive mesh refinement pass 1

                      ------------------------------------------------------------------------------
2026-08-08 21:02:53     Matrix setup time        :	1 s
                        Solver setup             :	4 s
                        Degrees of freedom       :	1608108
                        Number of mesh cells     :	244884

                        Stimulation port         :	Zmin
                        Mode number              :	1
                        Accuracy                 :	9.9355e-05
                        Iterations               :	11
                        Solver time              :	8 s


                      ------------------------------------------------------------------------------
2026-08-08 21:02:59   Adaptive mesh refinement pass 2

                      ------------------------------------------------------------------------------
2026-08-08 21:03:19     Matrix setup time        :	3 s
                        Solver setup             :	6 s
                        Degrees of freedom       :	1643676
                        Number of mesh cells     :	250243

                        Stimulation port         :	Zmin
                        Mode number              :	1
                        Accuracy                 :	9.55418e-05
                        Iterations               :	13
                        Solver time              :	10 s


                      ------------------------------------------------------------------------------
2026-08-08 21:03:20     Delta calculation        
2026-08-08 21:03:20     All S-Parameters         :	0.00352134
2026-08-08 21:03:20   

                      ------------------------------------------------------------------------------
2026-08-08 21:03:25   Adaptive mesh refinement pass 3

                      ------------------------------------------------------------------------------
2026-08-08 21:03:44     Matrix setup time        :	3 s
                        Solver setup             :	6 s
                        Degrees of freedom       :	1679018
                        Number of mesh cells     :	255545

                        Stimulation port         :	Zmin
                        Mode number              :	1
                        Accuracy                 :	7.28686e-05
                        Iterations               :	11
                        Solver time              :	9 s


                      ------------------------------------------------------------------------------
2026-08-08 21:03:45     Delta calculation        
2026-08-08 21:03:45     All S-Parameters         :	0.000417747
2026-08-08 21:03:45   

                      ------------------------------------------------------------------------------
2026-08-08 21:03:45   Mesh adaptation terminated because the desired accuracy limit is reached.

                      ------------------------------------------------------------------------------
2026-08-08 21:03:45     Total time               :	66 s	 (= 0 h, 01 m, 06 s)

                      ------------------------------------------------------------------------------
2026-08-08 21:03:45   

                      ------------------------------------------------------------------------------
2026-08-08 21:03:45     Calculation 24 (Frequency: 30.28 THz, Theta: 0, Phi: 0)


                      ------------------------------------------------------------------------------
2026-08-08 21:03:45   Running the PortModeSolver.

                      ------------------------------------------------------------------------------
2026-08-08 21:03:46   Adaptive mesh refinement pass 1

                      ------------------------------------------------------------------------------
2026-08-08 21:04:02     Matrix setup time        :	1 s
                        Solver setup             :	5 s
                        Degrees of freedom       :	1679018
                        Number of mesh cells     :	255545

                        Stimulation port         :	Zmin
                        Mode number              :	1
                        Accuracy                 :	8.79027e-05
                        Iterations               :	10
                        Solver time              :	8 s


                      ------------------------------------------------------------------------------
2026-08-08 21:04:08   Adaptive mesh refinement pass 2

                      ------------------------------------------------------------------------------
2026-08-08 21:04:26     Matrix setup time        :	3 s
                        Solver setup             :	6 s
                        Degrees of freedom       :	1712594
                        Number of mesh cells     :	260726

                        Stimulation port         :	Zmin
                        Mode number              :	1
                        Accuracy                 :	8.30679e-05
                        Iterations               :	10
                        Solver time              :	7 s


                      ------------------------------------------------------------------------------
2026-08-08 21:04:27     Delta calculation        
2026-08-08 21:04:27     All S-Parameters         :	0.000133154
2026-08-08 21:04:27   

                      ------------------------------------------------------------------------------
2026-08-08 21:04:33   Adaptive mesh refinement pass 3

                      ------------------------------------------------------------------------------
2026-08-08 21:04:52     Matrix setup time        :	3 s
                        Solver setup             :	6 s
                        Degrees of freedom       :	1746346
                        Number of mesh cells     :	265916

                        Stimulation port         :	Zmin
                        Mode number              :	1
                        Accuracy                 :	7.95434e-05
                        Iterations               :	10
                        Solver time              :	8 s


                      ------------------------------------------------------------------------------
2026-08-08 21:04:52     Delta calculation        
2026-08-08 21:04:52     All S-Parameters         :	8.21179e-05
2026-08-08 21:04:52   

                      ------------------------------------------------------------------------------
2026-08-08 21:04:52   Mesh adaptation terminated because the desired accuracy limit is reached.

                      ------------------------------------------------------------------------------
2026-08-08 21:04:53     Total time               :	67 s	 (= 0 h, 01 m, 07 s)

                      ------------------------------------------------------------------------------
2026-08-08 21:04:53   

                      ------------------------------------------------------------------------------
2026-08-08 21:04:53     Calculation 25 (Frequency: 14.032 THz, Theta: 0, Phi: 0)


                      ------------------------------------------------------------------------------
2026-08-08 21:04:53   Running the PortModeSolver.

                      ------------------------------------------------------------------------------
2026-08-08 21:04:54   Adaptive mesh refinement pass 1

                      ------------------------------------------------------------------------------
2026-08-08 21:05:11     Matrix setup time        :	1 s
                        Solver setup             :	5 s
                        Degrees of freedom       :	1746346
                        Number of mesh cells     :	265916

                        Stimulation port         :	Zmin
                        Mode number              :	1
                        Accuracy                 :	6.91872e-05
                        Iterations               :	12
                        Solver time              :	9 s


                      ------------------------------------------------------------------------------
2026-08-08 21:05:17   Adaptive mesh refinement pass 2

                      ------------------------------------------------------------------------------
2026-08-08 21:05:41     Matrix setup time        :	3 s
                        Solver setup             :	8 s
                        Degrees of freedom       :	1781470
                        Number of mesh cells     :	271236

                        Stimulation port         :	Zmin
                        Mode number              :	1
                        Accuracy                 :	5.79541e-05
                        Iterations               :	12
                        Solver time              :	10 s


                      ------------------------------------------------------------------------------
2026-08-08 21:05:41     Delta calculation        
2026-08-08 21:05:41     All S-Parameters         :	0.00141872
2026-08-08 21:05:41   

                      ------------------------------------------------------------------------------
2026-08-08 21:05:47   Adaptive mesh refinement pass 3

                      ------------------------------------------------------------------------------
2026-08-08 21:06:07     Matrix setup time        :	3 s
                        Solver setup             :	6 s
                        Degrees of freedom       :	1816494
                        Number of mesh cells     :	276536

                        Stimulation port         :	Zmin
                        Mode number              :	1
                        Accuracy                 :	5.37029e-05
                        Iterations               :	12
                        Solver time              :	9 s


                      ------------------------------------------------------------------------------
2026-08-08 21:06:08     Delta calculation        
2026-08-08 21:06:08     All S-Parameters         :	0.000441506
2026-08-08 21:06:08   

                      ------------------------------------------------------------------------------
2026-08-08 21:06:08   Mesh adaptation terminated because the desired accuracy limit is reached.

                      ------------------------------------------------------------------------------
2026-08-08 21:06:08     Total time               :	75 s	 (= 0 h, 01 m, 15 s)

                      ------------------------------------------------------------------------------
2026-08-08 21:06:08   

                      ------------------------------------------------------------------------------
2026-08-08 21:06:08     Calculation 26 (Frequency: 15.568 THz, Theta: 0, Phi: 0)


                      ------------------------------------------------------------------------------
2026-08-08 21:06:08   Running the PortModeSolver.

                      ------------------------------------------------------------------------------
2026-08-08 21:06:09   Adaptive mesh refinement pass 1

                      ------------------------------------------------------------------------------
2026-08-08 21:06:25     Matrix setup time        :	1 s
                        Solver setup             :	4 s
                        Degrees of freedom       :	1816494
                        Number of mesh cells     :	276536

                        Stimulation port         :	Zmin
                        Mode number              :	1
                        Accuracy                 :	7.85096e-05
                        Iterations               :	11
                        Solver time              :	9 s


                      ------------------------------------------------------------------------------
2026-08-08 21:06:31   Adaptive mesh refinement pass 2

                      ------------------------------------------------------------------------------
2026-08-08 21:06:51     Matrix setup time        :	3 s
                        Solver setup             :	7 s
                        Degrees of freedom       :	1850574
                        Number of mesh cells     :	281779

                        Stimulation port         :	Zmin
                        Mode number              :	1
                        Accuracy                 :	9.91399e-05
                        Iterations               :	9
                        Solver time              :	7 s


                      ------------------------------------------------------------------------------
2026-08-08 21:06:52     Delta calculation        
2026-08-08 21:06:52     All S-Parameters         :	0.000991515
2026-08-08 21:06:52   

                      ------------------------------------------------------------------------------
2026-08-08 21:06:58   Adaptive mesh refinement pass 3

                      ------------------------------------------------------------------------------
2026-08-08 21:07:19     Matrix setup time        :	4 s
                        Solver setup             :	8 s
                        Degrees of freedom       :	1884610
                        Number of mesh cells     :	286979

                        Stimulation port         :	Zmin
                        Mode number              :	1
                        Accuracy                 :	9.46676e-05
                        Iterations               :	9
                        Solver time              :	8 s


                      ------------------------------------------------------------------------------
2026-08-08 21:07:19     Delta calculation        
2026-08-08 21:07:19     All S-Parameters         :	0.000499069
2026-08-08 21:07:19   

                      ------------------------------------------------------------------------------
2026-08-08 21:07:19   Mesh adaptation terminated because the desired accuracy limit is reached.

                      ------------------------------------------------------------------------------
2026-08-08 21:07:19     Total time               :	71 s	 (= 0 h, 01 m, 11 s)

                      ------------------------------------------------------------------------------
2026-08-08 21:07:19   

                      ------------------------------------------------------------------------------
2026-08-08 21:07:19     Calculation 27 (Frequency: 13.624 THz, Theta: 0, Phi: 0)


                      ------------------------------------------------------------------------------
2026-08-08 21:07:19   Running the PortModeSolver.

                      ------------------------------------------------------------------------------
2026-08-08 21:07:21   Adaptive mesh refinement pass 1

                      ------------------------------------------------------------------------------
2026-08-08 21:07:39     Matrix setup time        :	1 s
                        Solver setup             :	6 s
                        Degrees of freedom       :	1884610
                        Number of mesh cells     :	286979

                        Stimulation port         :	Zmin
                        Mode number              :	1
                        Accuracy                 :	9.81163e-05
                        Iterations               :	11
                        Solver time              :	10 s


                      ------------------------------------------------------------------------------
2026-08-08 21:07:40   The input reflection seems to be large at 13.624 THz, Theta: 0, Phi: 0.  More...

                      ------------------------------------------------------------------------------
2026-08-08 21:07:46   Adaptive mesh refinement pass 2

                      ------------------------------------------------------------------------------
2026-08-08 21:08:09     Matrix setup time        :	4 s
                        Solver setup             :	8 s
                        Degrees of freedom       :	1919118
                        Number of mesh cells     :	292235

                        Stimulation port         :	Zmin
                        Mode number              :	1
                        Accuracy                 :	9.08361e-05
                        Iterations               :	10
                        Solver time              :	9 s


                      ------------------------------------------------------------------------------
2026-08-08 21:08:09     Delta calculation        
2026-08-08 21:08:09     All S-Parameters         :	0.000730598
2026-08-08 21:08:09   

                      ------------------------------------------------------------------------------
2026-08-08 21:08:16   Adaptive mesh refinement pass 3

                      ------------------------------------------------------------------------------
2026-08-08 21:08:36     Matrix setup time        :	4 s
                        Solver setup             :	7 s
                        Degrees of freedom       :	1953670
                        Number of mesh cells     :	297496

                        Stimulation port         :	Zmin
                        Mode number              :	1
                        Accuracy                 :	8.72495e-05
                        Iterations               :	10
                        Solver time              :	9 s


                      ------------------------------------------------------------------------------
2026-08-08 21:08:37     Delta calculation        
2026-08-08 21:08:37     All S-Parameters         :	0.000377237
2026-08-08 21:08:37   

                      ------------------------------------------------------------------------------
2026-08-08 21:08:37   Mesh adaptation terminated because the desired accuracy limit is reached.

                      ------------------------------------------------------------------------------
2026-08-08 21:08:37     Total time               :	77 s	 (= 0 h, 01 m, 17 s)

                      ------------------------------------------------------------------------------
2026-08-08 21:08:37   

                      ------------------------------------------------------------------------------
2026-08-08 21:08:37     Calculation 28 (Frequency: 23.2 THz, Theta: 0, Phi: 0)


                      ------------------------------------------------------------------------------
2026-08-08 21:08:37   Running the PortModeSolver.

                      ------------------------------------------------------------------------------
2026-08-08 21:08:38   Adaptive mesh refinement pass 1

                      ------------------------------------------------------------------------------
2026-08-08 21:08:54     Matrix setup time        :	1 s
                        Solver setup             :	5 s
                        Degrees of freedom       :	1953670
                        Number of mesh cells     :	297496

                        Stimulation port         :	Zmin
                        Mode number              :	1
                        Accuracy                 :	5.89994e-05
                        Iterations               :	10
                        Solver time              :	9 s


                      ------------------------------------------------------------------------------
2026-08-08 21:09:01   Adaptive mesh refinement pass 2

                      ------------------------------------------------------------------------------
2026-08-08 21:09:23     Matrix setup time        :	4 s
                        Solver setup             :	8 s
                        Degrees of freedom       :	1987624
                        Number of mesh cells     :	302736

                        Stimulation port         :	Zmin
                        Mode number              :	1
                        Accuracy                 :	8.86558e-05
                        Iterations               :	9
                        Solver time              :	8 s


                      ------------------------------------------------------------------------------
2026-08-08 21:09:23     Delta calculation        
2026-08-08 21:09:23     All S-Parameters         :	9.45437e-05
2026-08-08 21:09:23   

                      ------------------------------------------------------------------------------
2026-08-08 21:09:30   Adaptive mesh refinement pass 3

                      ------------------------------------------------------------------------------
2026-08-08 21:09:52     Matrix setup time        :	4 s
                        Solver setup             :	8 s
                        Degrees of freedom       :	2022092
                        Number of mesh cells     :	308003

                        Stimulation port         :	Zmin
                        Mode number              :	1
                        Accuracy                 :	7.98787e-05
                        Iterations               :	9
                        Solver time              :	8 s


                      ------------------------------------------------------------------------------
2026-08-08 21:09:53     Delta calculation        
2026-08-08 21:09:53     All S-Parameters         :	8.38743e-05
2026-08-08 21:09:53   

                      ------------------------------------------------------------------------------
2026-08-08 21:09:53   Mesh adaptation terminated because the desired accuracy limit is reached.

                      ------------------------------------------------------------------------------
2026-08-08 21:09:53     Total time               :	75 s	 (= 0 h, 01 m, 15 s)

                      ------------------------------------------------------------------------------
2026-08-08 21:09:53   

                      ------------------------------------------------------------------------------
2026-08-08 21:09:53     Calculation 29 (Frequency: 12.208 THz, Theta: 0, Phi: 0)


                      ------------------------------------------------------------------------------
2026-08-08 21:09:53   Running the PortModeSolver.

                      ------------------------------------------------------------------------------
2026-08-08 21:09:54   Adaptive mesh refinement pass 1

                      ------------------------------------------------------------------------------
2026-08-08 21:10:12     Matrix setup time        :	1 s
                        Solver setup             :	6 s
                        Degrees of freedom       :	2022092
                        Number of mesh cells     :	308003

                        Stimulation port         :	Zmin
                        Mode number              :	1
                        Accuracy                 :	8.71964e-05
                        Iterations               :	9
                        Solver time              :	8 s


                      ------------------------------------------------------------------------------
2026-08-08 21:10:12   The input reflection seems to be large at 12.208 THz, Theta: 0, Phi: 0.  More...

                      ------------------------------------------------------------------------------
2026-08-08 21:10:19   Adaptive mesh refinement pass 2

                      ------------------------------------------------------------------------------
2026-08-08 21:10:42     Matrix setup time        :	4 s
                        Solver setup             :	9 s
                        Degrees of freedom       :	2056914
                        Number of mesh cells     :	313270

                        Stimulation port         :	Zmin
                        Mode number              :	1
                        Accuracy                 :	8.50743e-05
                        Iterations               :	9
                        Solver time              :	9 s


                      ------------------------------------------------------------------------------
2026-08-08 21:10:43     Delta calculation        
2026-08-08 21:10:43     All S-Parameters         :	0.000612659
2026-08-08 21:10:43   

                      ------------------------------------------------------------------------------
2026-08-08 21:10:49   Adaptive mesh refinement pass 3

                      ------------------------------------------------------------------------------
2026-08-08 21:11:11     Matrix setup time        :	4 s
                        Solver setup             :	8 s
                        Degrees of freedom       :	2091514
                        Number of mesh cells     :	318533

                        Stimulation port         :	Zmin
                        Mode number              :	1
                        Accuracy                 :	8.02373e-05
                        Iterations               :	9
                        Solver time              :	9 s


                      ------------------------------------------------------------------------------
2026-08-08 21:11:12     Delta calculation        
2026-08-08 21:11:12     All S-Parameters         :	0.000365887
2026-08-08 21:11:12   

                      ------------------------------------------------------------------------------
2026-08-08 21:11:12   Mesh adaptation terminated because the desired accuracy limit is reached.

                      ------------------------------------------------------------------------------
2026-08-08 21:11:12     Total time               :	79 s	 (= 0 h, 01 m, 19 s)

                      ------------------------------------------------------------------------------
2026-08-08 21:11:12   

                      ------------------------------------------------------------------------------
2026-08-08 21:11:12     Calculation 30 (Frequency: 25.984 THz, Theta: 0, Phi: 0)


                      ------------------------------------------------------------------------------
2026-08-08 21:11:12   Running the PortModeSolver.

                      ------------------------------------------------------------------------------
2026-08-08 21:11:14   Adaptive mesh refinement pass 1

                      ------------------------------------------------------------------------------
2026-08-08 21:11:33     Matrix setup time        :	1 s
                        Solver setup             :	6 s
                        Degrees of freedom       :	2091514
                        Number of mesh cells     :	318533

                        Stimulation port         :	Zmin
                        Mode number              :	1
                        Accuracy                 :	9.26296e-05
                        Iterations               :	11
                        Solver time              :	11 s


                      ------------------------------------------------------------------------------
2026-08-08 21:11:41   Adaptive mesh refinement pass 2

                      ------------------------------------------------------------------------------
2026-08-08 21:12:08     Matrix setup time        :	4 s
                        Solver setup             :	9 s
                        Degrees of freedom       :	2125546
                        Number of mesh cells     :	323728

                        Stimulation port         :	Zmin
                        Mode number              :	1
                        Accuracy                 :	5.65809e-05
                        Iterations               :	12
                        Solver time              :	12 s


                      ------------------------------------------------------------------------------
2026-08-08 21:12:08     Delta calculation        
2026-08-08 21:12:08     All S-Parameters         :	6.38604e-05
2026-08-08 21:12:08   

                      ------------------------------------------------------------------------------
2026-08-08 21:12:15   Adaptive mesh refinement pass 3

                      ------------------------------------------------------------------------------
2026-08-08 21:12:42     Matrix setup time        :	4 s
                        Solver setup             :	9 s
                        Degrees of freedom       :	2159272
                        Number of mesh cells     :	328897

                        Stimulation port         :	Zmin
                        Mode number              :	1
                        Accuracy                 :	5.48434e-05
                        Iterations               :	12
                        Solver time              :	12 s


                      ------------------------------------------------------------------------------
2026-08-08 21:12:43     Delta calculation        
2026-08-08 21:12:43     All S-Parameters         :	8.14061e-05
2026-08-08 21:12:43   

                      ------------------------------------------------------------------------------
2026-08-08 21:12:43   Mesh adaptation terminated because the desired accuracy limit is reached.

                      ------------------------------------------------------------------------------
2026-08-08 21:12:43     Total time               :	90 s	 (= 0 h, 01 m, 30 s)

                      ------------------------------------------------------------------------------
2026-08-08 21:12:43   

                      ------------------------------------------------------------------------------
2026-08-08 21:12:43     Calculation 31 (Frequency: 26.416 THz, Theta: 0, Phi: 0)


                      ------------------------------------------------------------------------------
2026-08-08 21:12:43   Running the PortModeSolver.

                      ------------------------------------------------------------------------------
2026-08-08 21:12:45   Adaptive mesh refinement pass 1

                      ------------------------------------------------------------------------------
2026-08-08 21:13:05     Matrix setup time        :	2 s
                        Solver setup             :	7 s
                        Degrees of freedom       :	2159272
                        Number of mesh cells     :	328897

                        Stimulation port         :	Zmin
                        Mode number              :	1
                        Accuracy                 :	5.73588e-05
                        Iterations               :	10
                        Solver time              :	10 s


                      ------------------------------------------------------------------------------
2026-08-08 21:13:13   Adaptive mesh refinement pass 2

                      ------------------------------------------------------------------------------
2026-08-08 21:13:41     Matrix setup time        :	4 s
                        Solver setup             :	10 s
                        Degrees of freedom       :	2193336
                        Number of mesh cells     :	334105

                        Stimulation port         :	Zmin
                        Mode number              :	1
                        Accuracy                 :	4.86259e-05
                        Iterations               :	12
                        Solver time              :	13 s


                      ------------------------------------------------------------------------------
2026-08-08 21:13:42     Delta calculation        
2026-08-08 21:13:42     All S-Parameters         :	7.03881e-05
2026-08-08 21:13:42   

                      ------------------------------------------------------------------------------
2026-08-08 21:13:50   Adaptive mesh refinement pass 3

                      ------------------------------------------------------------------------------
2026-08-08 21:14:18     Matrix setup time        :	4 s
                        Solver setup             :	10 s
                        Degrees of freedom       :	2227672
                        Number of mesh cells     :	339349

                        Stimulation port         :	Zmin
                        Mode number              :	1
                        Accuracy                 :	4.95996e-05
                        Iterations               :	12
                        Solver time              :	12 s


                      ------------------------------------------------------------------------------
2026-08-08 21:14:19     Delta calculation        
2026-08-08 21:14:19     All S-Parameters         :	9.7749e-05
2026-08-08 21:14:19   

                      ------------------------------------------------------------------------------
2026-08-08 21:14:19   Mesh adaptation terminated because the desired accuracy limit is reached.

                      ------------------------------------------------------------------------------
2026-08-08 21:14:19     Total time               :	95 s	 (= 0 h, 01 m, 35 s)

                      ------------------------------------------------------------------------------
2026-08-08 21:14:19   

                      ------------------------------------------------------------------------------
2026-08-08 21:14:19     Calculation 32 (Frequency: 18.736 THz, Theta: 0, Phi: 0)


                      ------------------------------------------------------------------------------
2026-08-08 21:14:19   Running the PortModeSolver.

                      ------------------------------------------------------------------------------
2026-08-08 21:14:20   Adaptive mesh refinement pass 1

                      ------------------------------------------------------------------------------
2026-08-08 21:14:46     Matrix setup time        :	2 s
                        Solver setup             :	8 s
                        Degrees of freedom       :	2227672
                        Number of mesh cells     :	339349

                        Stimulation port         :	Zmin
                        Mode number              :	1
                        Accuracy                 :	9.82603e-05
                        Iterations               :	14
                        Solver time              :	14 s


                      ------------------------------------------------------------------------------
2026-08-08 21:14:46   The input reflection seems to be large at 18.736 THz, Theta: 0, Phi: 0.  More...

                      ------------------------------------------------------------------------------
2026-08-08 21:14:55   Adaptive mesh refinement pass 2

                      ------------------------------------------------------------------------------
2026-08-08 21:15:28     Matrix setup time        :	5 s
                        Solver setup             :	10 s
                        Degrees of freedom       :	2262138
                        Number of mesh cells     :	344601

                        Stimulation port         :	Zmin
                        Mode number              :	1
                        Accuracy                 :	8.15107e-05
                        Iterations               :	14
                        Solver time              :	17 s


                      ------------------------------------------------------------------------------
2026-08-08 21:15:29     Delta calculation        
2026-08-08 21:15:29     All S-Parameters         :	0.000347254
2026-08-08 21:15:29   

                      ------------------------------------------------------------------------------
2026-08-08 21:15:37   Adaptive mesh refinement pass 3

                      ------------------------------------------------------------------------------
2026-08-08 21:16:08     Matrix setup time        :	5 s
                        Solver setup             :	10 s
                        Degrees of freedom       :	2296778
                        Number of mesh cells     :	349872

                        Stimulation port         :	Zmin
                        Mode number              :	1
                        Accuracy                 :	7.94221e-05
                        Iterations               :	14
                        Solver time              :	15 s


                      ------------------------------------------------------------------------------
2026-08-08 21:16:09     Delta calculation        
2026-08-08 21:16:09     All S-Parameters         :	0.000198608
2026-08-08 21:16:09   

                      ------------------------------------------------------------------------------
2026-08-08 21:16:09   Mesh adaptation terminated because the desired accuracy limit is reached.

                      ------------------------------------------------------------------------------
2026-08-08 21:16:09     Total time               :	110 s	 (= 0 h, 01 m, 50 s)

                      ------------------------------------------------------------------------------
2026-08-08 21:16:09   

                      ------------------------------------------------------------------------------
2026-08-08 21:16:09     Calculation 33 (Frequency: 26.488 THz, Theta: 0, Phi: 0)


                      ------------------------------------------------------------------------------
2026-08-08 21:16:09   Running the PortModeSolver.

                      ------------------------------------------------------------------------------
2026-08-08 21:16:11   Adaptive mesh refinement pass 1

                      ------------------------------------------------------------------------------
2026-08-08 21:16:38     Matrix setup time        :	2 s
                        Solver setup             :	7 s
                        Degrees of freedom       :	2296778
                        Number of mesh cells     :	349872

                        Stimulation port         :	Zmin
                        Mode number              :	1
                        Accuracy                 :	9.27186e-05
                        Iterations               :	14
                        Solver time              :	16 s


                      ------------------------------------------------------------------------------
2026-08-08 21:16:46   Adaptive mesh refinement pass 2

                      ------------------------------------------------------------------------------
2026-08-08 21:17:22     Matrix setup time        :	5 s
                        Solver setup             :	12 s
                        Degrees of freedom       :	2330348
                        Number of mesh cells     :	355003

                        Stimulation port         :	Zmin
                        Mode number              :	1
                        Accuracy                 :	7.82955e-05
                        Iterations               :	15
                        Solver time              :	18 s


                      ------------------------------------------------------------------------------
2026-08-08 21:17:23     Delta calculation        
2026-08-08 21:17:23     All S-Parameters         :	0.000118421
2026-08-08 21:17:23   

                      ------------------------------------------------------------------------------
2026-08-08 21:17:31   Adaptive mesh refinement pass 3

                      ------------------------------------------------------------------------------
2026-08-08 21:18:05     Matrix setup time        :	5 s
                        Solver setup             :	11 s
                        Degrees of freedom       :	2363982
                        Number of mesh cells     :	360156

                        Stimulation port         :	Zmin
                        Mode number              :	1
                        Accuracy                 :	9.57147e-05
                        Iterations               :	14
                        Solver time              :	16 s


                      ------------------------------------------------------------------------------
2026-08-08 21:18:06     Delta calculation        
2026-08-08 21:18:06     All S-Parameters         :	4.26511e-05
2026-08-08 21:18:06   

                      ------------------------------------------------------------------------------
2026-08-08 21:18:06   Mesh adaptation terminated because the desired accuracy limit is reached.

                      ------------------------------------------------------------------------------
2026-08-08 21:18:06     Total time               :	116 s	 (= 0 h, 01 m, 56 s)

                      ------------------------------------------------------------------------------
2026-08-08 21:18:06   

                      ------------------------------------------------------------------------------
2026-08-08 21:18:06     Calculation 34 (Frequency: 26.92 THz, Theta: 0, Phi: 0)


                      ------------------------------------------------------------------------------
2026-08-08 21:18:06   Running the PortModeSolver.

                      ------------------------------------------------------------------------------
2026-08-08 21:18:07   Adaptive mesh refinement pass 1

                      ------------------------------------------------------------------------------
2026-08-08 21:18:32     Matrix setup time        :	2 s
                        Solver setup             :	9 s
                        Degrees of freedom       :	2363982
                        Number of mesh cells     :	360156

                        Stimulation port         :	Zmin
                        Mode number              :	1
                        Accuracy                 :	7.52754e-05
                        Iterations               :	10
                        Solver time              :	12 s


                      ------------------------------------------------------------------------------
2026-08-08 21:18:41   Adaptive mesh refinement pass 2

                      ------------------------------------------------------------------------------
2026-08-08 21:19:15     Matrix setup time        :	5 s
                        Solver setup             :	13 s
                        Degrees of freedom       :	2397132
                        Number of mesh cells     :	365309

                        Stimulation port         :	Zmin
                        Mode number              :	1
                        Accuracy                 :	7.52506e-05
                        Iterations               :	10
                        Solver time              :	14 s


                      ------------------------------------------------------------------------------
2026-08-08 21:19:16     Delta calculation        
2026-08-08 21:19:16     All S-Parameters         :	2.82751e-05
2026-08-08 21:19:16   

                      ------------------------------------------------------------------------------
2026-08-08 21:19:24   Adaptive mesh refinement pass 3

                      ------------------------------------------------------------------------------
2026-08-08 21:19:57     Matrix setup time        :	5 s
                        Solver setup             :	13 s
                        Degrees of freedom       :	2430526
                        Number of mesh cells     :	370459

                        Stimulation port         :	Zmin
                        Mode number              :	1
                        Accuracy                 :	7.63305e-05
                        Iterations               :	10
                        Solver time              :	13 s


                      ------------------------------------------------------------------------------
2026-08-08 21:19:58     Delta calculation        
2026-08-08 21:19:58     All S-Parameters         :	4.10233e-05
2026-08-08 21:19:58   

                      ------------------------------------------------------------------------------
2026-08-08 21:19:58   Mesh adaptation terminated because the desired accuracy limit is reached.

                      ------------------------------------------------------------------------------
2026-08-08 21:19:58     Total time               :	111 s	 (= 0 h, 01 m, 51 s)

                      ------------------------------------------------------------------------------
2026-08-08 21:19:58   

                      ------------------------------------------------------------------------------
2026-08-08 21:19:58     Calculation 35 (Frequency: 11.056 THz, Theta: 0, Phi: 0)


                      ------------------------------------------------------------------------------
2026-08-08 21:19:58   Running the PortModeSolver.

                      ------------------------------------------------------------------------------
2026-08-08 21:20:00   Adaptive mesh refinement pass 1

                      ------------------------------------------------------------------------------
2026-08-08 21:20:23     Matrix setup time        :	2 s
                        Solver setup             :	10 s
                        Degrees of freedom       :	2430526
                        Number of mesh cells     :	370459

                        Stimulation port         :	Zmin
                        Mode number              :	1
                        Accuracy                 :	8.78731e-05
                        Iterations               :	8
                        Solver time              :	10 s


                      ------------------------------------------------------------------------------
2026-08-08 21:20:24   The input reflection seems to be large at 11.056 THz, Theta: 0, Phi: 0.  More...

                      ------------------------------------------------------------------------------
2026-08-08 21:20:32   Adaptive mesh refinement pass 2

                      ------------------------------------------------------------------------------
2026-08-08 21:21:03     Matrix setup time        :	5 s
                        Solver setup             :	13 s
                        Degrees of freedom       :	2465020
                        Number of mesh cells     :	375694

                        Stimulation port         :	Zmin
                        Mode number              :	1
                        Accuracy                 :	8.26734e-05
                        Iterations               :	8
                        Solver time              :	11 s


                      ------------------------------------------------------------------------------
2026-08-08 21:21:04     Delta calculation        
2026-08-08 21:21:04     All S-Parameters         :	0.000343256
2026-08-08 21:21:04   

                      ------------------------------------------------------------------------------
2026-08-08 21:21:12   Adaptive mesh refinement pass 3

                      ------------------------------------------------------------------------------
2026-08-08 21:21:44     Matrix setup time        :	5 s
                        Solver setup             :	14 s
                        Degrees of freedom       :	2499526
                        Number of mesh cells     :	380951

                        Stimulation port         :	Zmin
                        Mode number              :	1
                        Accuracy                 :	8.12197e-05
                        Iterations               :	8
                        Solver time              :	11 s


                      ------------------------------------------------------------------------------
2026-08-08 21:21:45     Delta calculation        
2026-08-08 21:21:45     All S-Parameters         :	0.000263867
2026-08-08 21:21:45   

                      ------------------------------------------------------------------------------
2026-08-08 21:21:45   Mesh adaptation terminated because the desired accuracy limit is reached.

                      ------------------------------------------------------------------------------
2026-08-08 21:21:45     Total time               :	107 s	 (= 0 h, 01 m, 47 s)

                      ------------------------------------------------------------------------------
2026-08-08 21:21:45   

                      ------------------------------------------------------------------------------
2026-08-08 21:21:45     Calculation 36 (Frequency: 18.784 THz, Theta: 0, Phi: 0)


                      ------------------------------------------------------------------------------
2026-08-08 21:21:45   Running the PortModeSolver.

                      ------------------------------------------------------------------------------
2026-08-08 21:21:47   Adaptive mesh refinement pass 1

                      ------------------------------------------------------------------------------
2026-08-08 21:22:16     Matrix setup time        :	2 s
                        Solver setup             :	12 s
                        Degrees of freedom       :	2499526
                        Number of mesh cells     :	380951

                        Stimulation port         :	Zmin
                        Mode number              :	1
                        Accuracy                 :	6.80918e-05
                        Iterations               :	10
                        Solver time              :	14 s


                      ------------------------------------------------------------------------------
2026-08-08 21:22:17   The input reflection seems to be large at 18.784 THz, Theta: 0, Phi: 0.  More...

                      ------------------------------------------------------------------------------
2026-08-08 21:22:27   Adaptive mesh refinement pass 2

                      ------------------------------------------------------------------------------
2026-08-08 21:22:58     Matrix setup time        :	5 s
                        Solver setup             :	12 s
                        Degrees of freedom       :	2534062
                        Number of mesh cells     :	386204

                        Stimulation port         :	Zmin
                        Mode number              :	1
                        Accuracy                 :	9.79928e-05
                        Iterations               :	9
                        Solver time              :	12 s


                      ------------------------------------------------------------------------------
2026-08-08 21:22:59     Delta calculation        
2026-08-08 21:22:59     All S-Parameters         :	0.000109099
2026-08-08 21:22:59   

                      ------------------------------------------------------------------------------
2026-08-08 21:23:08   Adaptive mesh refinement pass 3

                      ------------------------------------------------------------------------------
2026-08-08 21:23:39     Matrix setup time        :	5 s
                        Solver setup             :	13 s
                        Degrees of freedom       :	2568552
                        Number of mesh cells     :	391461

                        Stimulation port         :	Zmin
                        Mode number              :	1
                        Accuracy                 :	9.56377e-05
                        Iterations               :	9
                        Solver time              :	12 s


                      ------------------------------------------------------------------------------
2026-08-08 21:23:40     Delta calculation        
2026-08-08 21:23:40     All S-Parameters         :	4.85248e-05
2026-08-08 21:23:40   

                      ------------------------------------------------------------------------------
2026-08-08 21:23:40   Mesh adaptation terminated because the desired accuracy limit is reached.

                      ------------------------------------------------------------------------------
2026-08-08 21:23:41     Total time               :	114 s	 (= 0 h, 01 m, 54 s)

                      ------------------------------------------------------------------------------
2026-08-08 21:23:41   

                      ------------------------------------------------------------------------------
2026-08-08 21:23:41     Calculation 37 (Frequency: 10.504 THz, Theta: 0, Phi: 0)


                      ------------------------------------------------------------------------------
2026-08-08 21:23:41   Running the PortModeSolver.

                      ------------------------------------------------------------------------------
2026-08-08 21:23:42   Adaptive mesh refinement pass 1

                      ------------------------------------------------------------------------------
2026-08-08 21:24:06     Matrix setup time        :	2 s
                        Solver setup             :	10 s
                        Degrees of freedom       :	2568552
                        Number of mesh cells     :	391461

                        Stimulation port         :	Zmin
                        Mode number              :	1
                        Accuracy                 :	7.0987e-05
                        Iterations               :	8
                        Solver time              :	10 s


                      ------------------------------------------------------------------------------
2026-08-08 21:24:16   Adaptive mesh refinement pass 2

                      ------------------------------------------------------------------------------
2026-08-08 21:24:50     Matrix setup time        :	5 s
                        Solver setup             :	15 s
                        Degrees of freedom       :	2602730
                        Number of mesh cells     :	396651

                        Stimulation port         :	Zmin
                        Mode number              :	1
                        Accuracy                 :	7.02253e-05
                        Iterations               :	8
                        Solver time              :	12 s


                      ------------------------------------------------------------------------------
2026-08-08 21:24:51     Delta calculation        
2026-08-08 21:24:51     All S-Parameters         :	0.000188519
2026-08-08 21:24:51   

                      ------------------------------------------------------------------------------
2026-08-08 21:25:00   Adaptive mesh refinement pass 3

                      ------------------------------------------------------------------------------
2026-08-08 21:25:33     Matrix setup time        :	5 s
                        Solver setup             :	14 s
                        Degrees of freedom       :	2637034
                        Number of mesh cells     :	401878

                        Stimulation port         :	Zmin
                        Mode number              :	1
                        Accuracy                 :	6.42414e-05
                        Iterations               :	8
                        Solver time              :	11 s


                      ------------------------------------------------------------------------------
2026-08-08 21:25:34     Delta calculation        
2026-08-08 21:25:34     All S-Parameters         :	0.000128174
2026-08-08 21:25:34   

                      ------------------------------------------------------------------------------
2026-08-08 21:25:34   Mesh adaptation terminated because the desired accuracy limit is reached.

                      ------------------------------------------------------------------------------
2026-08-08 21:25:34     Total time               :	113 s	 (= 0 h, 01 m, 53 s)

                      ------------------------------------------------------------------------------
2026-08-08 21:25:34   

                      ------------------------------------------------------------------------------
2026-08-08 21:25:34     Calculation 38 (Frequency: 32.128 THz, Theta: 0, Phi: 0)


                      ------------------------------------------------------------------------------
2026-08-08 21:25:34   Running the PortModeSolver.

                      ------------------------------------------------------------------------------
2026-08-08 21:25:35   Adaptive mesh refinement pass 1

                      ------------------------------------------------------------------------------
2026-08-08 21:26:03     Matrix setup time        :	2 s
                        Solver setup             :	11 s
                        Degrees of freedom       :	2637034
                        Number of mesh cells     :	401878

                        Stimulation port         :	Zmin
                        Mode number              :	1
                        Accuracy                 :	9.97242e-05
                        Iterations               :	9
                        Solver time              :	12 s


                      ------------------------------------------------------------------------------
2026-08-08 21:26:13   Adaptive mesh refinement pass 2

                      ------------------------------------------------------------------------------
2026-08-08 21:26:45     Matrix setup time        :	6 s
                        Solver setup             :	12 s
                        Degrees of freedom       :	2669912
                        Number of mesh cells     :	406989

                        Stimulation port         :	Zmin
                        Mode number              :	1
                        Accuracy                 :	9.08464e-05
                        Iterations               :	9
                        Solver time              :	13 s


                      ------------------------------------------------------------------------------
2026-08-08 21:26:46     Delta calculation        
2026-08-08 21:26:46     All S-Parameters         :	4.46564e-05
2026-08-08 21:26:46   

                      ------------------------------------------------------------------------------
2026-08-08 21:26:56   Adaptive mesh refinement pass 3

                      ------------------------------------------------------------------------------
2026-08-08 21:27:29     Matrix setup time        :	6 s
                        Solver setup             :	14 s
                        Degrees of freedom       :	2702878
                        Number of mesh cells     :	412097

                        Stimulation port         :	Zmin
                        Mode number              :	1
                        Accuracy                 :	8.59363e-05
                        Iterations               :	9
                        Solver time              :	12 s


                      ------------------------------------------------------------------------------
2026-08-08 21:27:30     Delta calculation        
2026-08-08 21:27:30     All S-Parameters         :	3.75026e-05
2026-08-08 21:27:30   

                      ------------------------------------------------------------------------------
2026-08-08 21:27:30   Mesh adaptation terminated because the desired accuracy limit is reached.

                      ------------------------------------------------------------------------------
2026-08-08 21:27:30     Total time               :	116 s	 (= 0 h, 01 m, 56 s)

                      ------------------------------------------------------------------------------
2026-08-08 21:27:30   

                      ------------------------------------------------------------------------------
2026-08-08 21:27:30     Calculation 39 (Frequency: 33.64 THz, Theta: 0, Phi: 0)


                      ------------------------------------------------------------------------------
2026-08-08 21:27:30   Running the PortModeSolver.

                      ------------------------------------------------------------------------------
2026-08-08 21:27:32   Adaptive mesh refinement pass 1

                      ------------------------------------------------------------------------------
2026-08-08 21:27:59     Matrix setup time        :	2 s
                        Solver setup             :	11 s
                        Degrees of freedom       :	2702878
                        Number of mesh cells     :	412097

                        Stimulation port         :	Zmin
                        Mode number              :	1
                        Accuracy                 :	6.71911e-05
                        Iterations               :	9
                        Solver time              :	13 s


                      ------------------------------------------------------------------------------
2026-08-08 21:28:10   Adaptive mesh refinement pass 2

                      ------------------------------------------------------------------------------
2026-08-08 21:28:43     Matrix setup time        :	6 s
                        Solver setup             :	13 s
                        Degrees of freedom       :	2735928
                        Number of mesh cells     :	417220

                        Stimulation port         :	Zmin
                        Mode number              :	1
                        Accuracy                 :	7.79567e-05
                        Iterations               :	9
                        Solver time              :	13 s


                      ------------------------------------------------------------------------------
2026-08-08 21:28:44     Delta calculation        
2026-08-08 21:28:44     All S-Parameters         :	8.09618e-05
2026-08-08 21:28:44   

                      ------------------------------------------------------------------------------
2026-08-08 21:28:54   Adaptive mesh refinement pass 3

                      ------------------------------------------------------------------------------
2026-08-08 21:29:31     Matrix setup time        :	6 s
                        Solver setup             :	16 s
                        Degrees of freedom       :	2769066
                        Number of mesh cells     :	422341

                        Stimulation port         :	Zmin
                        Mode number              :	1
                        Accuracy                 :	7.99173e-05
                        Iterations               :	9
                        Solver time              :	14 s


                      ------------------------------------------------------------------------------
2026-08-08 21:29:32     Delta calculation        
2026-08-08 21:29:32     All S-Parameters         :	4.03655e-05
2026-08-08 21:29:32   

                      ------------------------------------------------------------------------------
2026-08-08 21:29:32   Mesh adaptation terminated because the desired accuracy limit is reached.

                      ------------------------------------------------------------------------------
2026-08-08 21:29:32     Total time               :	121 s	 (= 0 h, 02 m, 01 s)

                      ------------------------------------------------------------------------------
2026-08-08 21:29:32   

                      ------------------------------------------------------------------------------
2026-08-08 21:29:32     Calculation 40 (Frequency: 21.592 THz, Theta: 0, Phi: 0)


                      ------------------------------------------------------------------------------
2026-08-08 21:29:32   Running the PortModeSolver.

                      ------------------------------------------------------------------------------
2026-08-08 21:29:34   Adaptive mesh refinement pass 1

                      ------------------------------------------------------------------------------
2026-08-08 21:30:05     Matrix setup time        :	2 s
                        Solver setup             :	14 s
                        Degrees of freedom       :	2769066
                        Number of mesh cells     :	422341

                        Stimulation port         :	Zmin
                        Mode number              :	1
                        Accuracy                 :	6.44977e-05
                        Iterations               :	9
                        Solver time              :	14 s


                      ------------------------------------------------------------------------------
2026-08-08 21:30:16   Adaptive mesh refinement pass 2

                      ------------------------------------------------------------------------------
2026-08-08 21:30:51     Matrix setup time        :	6 s
                        Solver setup             :	15 s
                        Degrees of freedom       :	2802528
                        Number of mesh cells     :	427497

                        Stimulation port         :	Zmin
                        Mode number              :	1
                        Accuracy                 :	6.35206e-05
                        Iterations               :	9
                        Solver time              :	13 s


                      ------------------------------------------------------------------------------
2026-08-08 21:30:52     Delta calculation        
2026-08-08 21:30:52     All S-Parameters         :	0.000235103
2026-08-08 21:30:52   

                      ------------------------------------------------------------------------------
2026-08-08 21:31:02   Adaptive mesh refinement pass 3

                      ------------------------------------------------------------------------------
2026-08-08 21:31:41     Matrix setup time        :	6 s
                        Solver setup             :	17 s
                        Degrees of freedom       :	2836572
                        Number of mesh cells     :	432715

                        Stimulation port         :	Zmin
                        Mode number              :	1
                        Accuracy                 :	6.02866e-05
                        Iterations               :	9
                        Solver time              :	14 s


                      ------------------------------------------------------------------------------
2026-08-08 21:31:42     Delta calculation        
2026-08-08 21:31:42     All S-Parameters         :	6.9084e-05
2026-08-08 21:31:42   

                      ------------------------------------------------------------------------------
2026-08-08 21:31:42   Mesh adaptation terminated because the desired accuracy limit is reached.

                      ------------------------------------------------------------------------------
2026-08-08 21:31:42     Total time               :	129 s	 (= 0 h, 02 m, 09 s)

                      ------------------------------------------------------------------------------
2026-08-08 21:31:42   

                      ------------------------------------------------------------------------------
2026-08-08 21:31:42     Calculation 41 (Frequency: 17.512 THz, Theta: 0, Phi: 0)


                      ------------------------------------------------------------------------------
2026-08-08 21:31:42   Running the PortModeSolver.

                      ------------------------------------------------------------------------------
2026-08-08 21:31:44   Adaptive mesh refinement pass 1

                      ------------------------------------------------------------------------------
2026-08-08 21:32:16     Matrix setup time        :	2 s
                        Solver setup             :	14 s
                        Degrees of freedom       :	2836572
                        Number of mesh cells     :	432715

                        Stimulation port         :	Zmin
                        Mode number              :	1
                        Accuracy                 :	7.29098e-05
                        Iterations               :	9
                        Solver time              :	14 s


                      ------------------------------------------------------------------------------
2026-08-08 21:32:17   The input reflection seems to be large at 17.512 THz, Theta: 0, Phi: 0.  More...

                      ------------------------------------------------------------------------------
2026-08-08 21:32:27   Adaptive mesh refinement pass 2

                      ------------------------------------------------------------------------------
2026-08-08 21:33:05     Matrix setup time        :	6 s
                        Solver setup             :	16 s
                        Degrees of freedom       :	2870416
                        Number of mesh cells     :	437901

                        Stimulation port         :	Zmin
                        Mode number              :	1
                        Accuracy                 :	7.71407e-05
                        Iterations               :	9
                        Solver time              :	14 s


                      ------------------------------------------------------------------------------
2026-08-08 21:33:06     Delta calculation        
2026-08-08 21:33:06     All S-Parameters         :	0.000251261
2026-08-08 21:33:06   

                      ------------------------------------------------------------------------------
2026-08-08 21:33:16   Adaptive mesh refinement pass 3

                      ------------------------------------------------------------------------------
2026-08-08 21:33:55     Matrix setup time        :	6 s
                        Solver setup             :	18 s
                        Degrees of freedom       :	2904326
                        Number of mesh cells     :	443088

                        Stimulation port         :	Zmin
                        Mode number              :	1
                        Accuracy                 :	9.86951e-05
                        Iterations               :	8
                        Solver time              :	13 s


                      ------------------------------------------------------------------------------
2026-08-08 21:33:56     Delta calculation        
2026-08-08 21:33:56     All S-Parameters         :	7.98705e-05
2026-08-08 21:33:56   

                      ------------------------------------------------------------------------------
2026-08-08 21:33:56   Mesh adaptation terminated because the desired accuracy limit is reached.

                      ------------------------------------------------------------------------------
2026-08-08 21:33:56     Total time               :	133 s	 (= 0 h, 02 m, 13 s)

                      ------------------------------------------------------------------------------
2026-08-08 21:33:56   

                      ------------------------------------------------------------------------------
2026-08-08 21:33:56     Calculation 42 (Frequency: 26.56 THz, Theta: 0, Phi: 0)


                      ------------------------------------------------------------------------------
2026-08-08 21:33:56   Running the PortModeSolver.

                      ------------------------------------------------------------------------------
2026-08-08 21:33:58   Adaptive mesh refinement pass 1

                      ------------------------------------------------------------------------------
2026-08-08 21:34:37     Matrix setup time        :	3 s
                        Solver setup             :	15 s
                        Degrees of freedom       :	2904326
                        Number of mesh cells     :	443088

                        Stimulation port         :	Zmin
                        Mode number              :	1
                        Accuracy                 :	5.94263e-05
                        Iterations               :	13
                        Solver time              :	21 s


                      ------------------------------------------------------------------------------
2026-08-08 21:34:49   Adaptive mesh refinement pass 2

                      ------------------------------------------------------------------------------
2026-08-08 21:35:33     Matrix setup time        :	6 s
                        Solver setup             :	17 s
                        Degrees of freedom       :	2937778
                        Number of mesh cells     :	448244

                        Stimulation port         :	Zmin
                        Mode number              :	1
                        Accuracy                 :	8.8856e-05
                        Iterations               :	13
                        Solver time              :	20 s


                      ------------------------------------------------------------------------------
2026-08-08 21:35:35     Delta calculation        
2026-08-08 21:35:35     All S-Parameters         :	7.27808e-05
2026-08-08 21:35:35   

                      ------------------------------------------------------------------------------
2026-08-08 21:35:45   Adaptive mesh refinement pass 3

                      ------------------------------------------------------------------------------
2026-08-08 21:36:30     Matrix setup time        :	6 s
                        Solver setup             :	16 s
                        Degrees of freedom       :	2971474
                        Number of mesh cells     :	453424

                        Stimulation port         :	Zmin
                        Mode number              :	1
                        Accuracy                 :	6.99627e-05
                        Iterations               :	13
                        Solver time              :	21 s


                      ------------------------------------------------------------------------------
2026-08-08 21:36:31     Delta calculation        
2026-08-08 21:36:31     All S-Parameters         :	6.60774e-05
2026-08-08 21:36:31   

                      ------------------------------------------------------------------------------
2026-08-08 21:36:31   Mesh adaptation terminated because the desired accuracy limit is reached.

                      ------------------------------------------------------------------------------
2026-08-08 21:36:31     Total time               :	155 s	 (= 0 h, 02 m, 35 s)

                      ------------------------------------------------------------------------------
2026-08-08 21:36:31   

                      ------------------------------------------------------------------------------
2026-08-08 21:36:31     Calculation 43 (Frequency: 33.448 THz, Theta: 0, Phi: 0)


                      ------------------------------------------------------------------------------
2026-08-08 21:36:31   Running the PortModeSolver.

                      ------------------------------------------------------------------------------
2026-08-08 21:36:33   Adaptive mesh refinement pass 1

                      ------------------------------------------------------------------------------
2026-08-08 21:37:04     Matrix setup time        :	2 s
                        Solver setup             :	13 s
                        Degrees of freedom       :	2971474
                        Number of mesh cells     :	453424

                        Stimulation port         :	Zmin
                        Mode number              :	1
                        Accuracy                 :	7.5971e-05
                        Iterations               :	9
                        Solver time              :	14 s


                      ------------------------------------------------------------------------------
2026-08-08 21:37:16   Adaptive mesh refinement pass 2

                      ------------------------------------------------------------------------------
2026-08-08 21:37:58     Matrix setup time        :	6 s
                        Solver setup             :	19 s
                        Degrees of freedom       :	3005062
                        Number of mesh cells     :	458603

                        Stimulation port         :	Zmin
                        Mode number              :	1
                        Accuracy                 :	7.45162e-05
                        Iterations               :	9
                        Solver time              :	15 s


                      ------------------------------------------------------------------------------
2026-08-08 21:37:59     Delta calculation        
2026-08-08 21:37:59     All S-Parameters         :	2.05245e-05
2026-08-08 21:37:59   

                      ------------------------------------------------------------------------------
2026-08-08 21:38:10   Adaptive mesh refinement pass 3

                      ------------------------------------------------------------------------------
2026-08-08 21:38:47     Matrix setup time        :	6 s
                        Solver setup             :	16 s
                        Degrees of freedom       :	3038544
                        Number of mesh cells     :	463758

                        Stimulation port         :	Zmin
                        Mode number              :	1
                        Accuracy                 :	6.87205e-05
                        Iterations               :	9
                        Solver time              :	14 s


                      ------------------------------------------------------------------------------
2026-08-08 21:38:48     Delta calculation        
2026-08-08 21:38:48     All S-Parameters         :	2.20079e-05
2026-08-08 21:38:48   

                      ------------------------------------------------------------------------------
2026-08-08 21:38:48   Mesh adaptation terminated because the desired accuracy limit is reached.

                      ------------------------------------------------------------------------------
2026-08-08 21:38:48     Total time               :	136 s	 (= 0 h, 02 m, 16 s)

                      ------------------------------------------------------------------------------
2026-08-08 21:38:48   

                      ------------------------------------------------------------------------------
2026-08-08 21:38:49     Calculation 44 (Frequency: 19.168 THz, Theta: 0, Phi: 0)


                      ------------------------------------------------------------------------------
2026-08-08 21:38:49   Running the PortModeSolver.

                      ------------------------------------------------------------------------------
2026-08-08 21:38:50   Adaptive mesh refinement pass 1

                      ------------------------------------------------------------------------------
2026-08-08 21:39:19     Matrix setup time        :	3 s
                        Solver setup             :	12 s
                        Degrees of freedom       :	3038544
                        Number of mesh cells     :	463758

                        Stimulation port         :	Zmin
                        Mode number              :	1
                        Accuracy                 :	9.21946e-05
                        Iterations               :	8
                        Solver time              :	13 s


                      ------------------------------------------------------------------------------
2026-08-08 21:39:20   The input reflection seems to be large at 19.168 THz, Theta: 0, Phi: 0.  More...

                      ------------------------------------------------------------------------------
2026-08-08 21:39:31   Adaptive mesh refinement pass 2

                      ------------------------------------------------------------------------------
2026-08-08 21:40:14     Matrix setup time        :	6 s
                        Solver setup             :	21 s
                        Degrees of freedom       :	3072500
                        Number of mesh cells     :	468971

                        Stimulation port         :	Zmin
                        Mode number              :	1
                        Accuracy                 :	9.12413e-05
                        Iterations               :	8
                        Solver time              :	15 s


                      ------------------------------------------------------------------------------
2026-08-08 21:40:16     Delta calculation        
2026-08-08 21:40:16     All S-Parameters         :	0.00012365
2026-08-08 21:40:16   

                      ------------------------------------------------------------------------------
2026-08-08 21:40:27   Adaptive mesh refinement pass 3

                      ------------------------------------------------------------------------------
2026-08-08 21:41:07     Matrix setup time        :	6 s
                        Solver setup             :	18 s
                        Degrees of freedom       :	3107084
                        Number of mesh cells     :	474231

                        Stimulation port         :	Zmin
                        Mode number              :	1
                        Accuracy                 :	9.06203e-05
                        Iterations               :	8
                        Solver time              :	14 s


                      ------------------------------------------------------------------------------
2026-08-08 21:41:08     Delta calculation        
2026-08-08 21:41:08     All S-Parameters         :	0.000103083
2026-08-08 21:41:08   

                      ------------------------------------------------------------------------------
2026-08-08 21:41:08   Mesh adaptation terminated because the desired accuracy limit is reached.

                      ------------------------------------------------------------------------------
2026-08-08 21:41:08     Total time               :	139 s	 (= 0 h, 02 m, 19 s)

                      ------------------------------------------------------------------------------
2026-08-08 21:41:08   

                      ------------------------------------------------------------------------------
2026-08-08 21:41:08     Calculation 45 (Frequency: 18.76 THz, Theta: 0, Phi: 0)


                      ------------------------------------------------------------------------------
2026-08-08 21:41:08   Running the PortModeSolver.

                      ------------------------------------------------------------------------------
2026-08-08 21:41:10   Adaptive mesh refinement pass 1

                      ------------------------------------------------------------------------------
2026-08-08 21:41:46     Matrix setup time        :	3 s
                        Solver setup             :	15 s
                        Degrees of freedom       :	3107084
                        Number of mesh cells     :	474231

                        Stimulation port         :	Zmin
                        Mode number              :	1
                        Accuracy                 :	6.8642e-05
                        Iterations               :	10
                        Solver time              :	17 s


                      ------------------------------------------------------------------------------
2026-08-08 21:41:47   The input reflection seems to be large at 18.76 THz, Theta: 0, Phi: 0.  More...

                      ------------------------------------------------------------------------------
2026-08-08 21:41:59   Adaptive mesh refinement pass 2

                      ------------------------------------------------------------------------------
2026-08-08 21:42:42     Matrix setup time        :	6 s
                        Solver setup             :	19 s
                        Degrees of freedom       :	3140962
                        Number of mesh cells     :	479437

                        Stimulation port         :	Zmin
                        Mode number              :	1
                        Accuracy                 :	9.52684e-05
                        Iterations               :	9
                        Solver time              :	16 s


                      ------------------------------------------------------------------------------
2026-08-08 21:42:43     Delta calculation        
2026-08-08 21:42:43     All S-Parameters         :	7.02084e-05
2026-08-08 21:42:43   

                      ------------------------------------------------------------------------------
2026-08-08 21:42:55   Adaptive mesh refinement pass 3

                      ------------------------------------------------------------------------------
2026-08-08 21:43:43     Matrix setup time        :	7 s
                        Solver setup             :	23 s
                        Degrees of freedom       :	3175264
                        Number of mesh cells     :	484681

                        Stimulation port         :	Zmin
                        Mode number              :	1
                        Accuracy                 :	9.19532e-05
                        Iterations               :	9
                        Solver time              :	17 s


                      ------------------------------------------------------------------------------
2026-08-08 21:43:44     Delta calculation        
2026-08-08 21:43:44     All S-Parameters         :	4.11615e-05
2026-08-08 21:43:44   

                      ------------------------------------------------------------------------------
2026-08-08 21:43:44   Mesh adaptation terminated because the desired accuracy limit is reached.

                      ------------------------------------------------------------------------------
2026-08-08 21:43:45     Total time               :	156 s	 (= 0 h, 02 m, 36 s)

                      ------------------------------------------------------------------------------
2026-08-08 21:43:45   

                      ------------------------------------------------------------------------------
2026-08-08 21:43:45     Calculation 46 (Frequency: 30.784 THz, Theta: 0, Phi: 0)


                      ------------------------------------------------------------------------------
2026-08-08 21:43:45   Running the PortModeSolver.

                      ------------------------------------------------------------------------------
2026-08-08 21:43:46   Adaptive mesh refinement pass 1

                      ------------------------------------------------------------------------------
2026-08-08 21:44:28     Matrix setup time        :	3 s
                        Solver setup             :	20 s
                        Degrees of freedom       :	3175264
                        Number of mesh cells     :	484681

                        Stimulation port         :	Zmin
                        Mode number              :	1
                        Accuracy                 :	6.14597e-05
                        Iterations               :	9
                        Solver time              :	17 s


                      ------------------------------------------------------------------------------
2026-08-08 21:44:40   Adaptive mesh refinement pass 2

                      ------------------------------------------------------------------------------
2026-08-08 21:45:29     Matrix setup time        :	7 s
                        Solver setup             :	25 s
                        Degrees of freedom       :	3208332
                        Number of mesh cells     :	489801

                        Stimulation port         :	Zmin
                        Mode number              :	1
                        Accuracy                 :	5.90822e-05
                        Iterations               :	9
                        Solver time              :	17 s


                      ------------------------------------------------------------------------------
2026-08-08 21:45:31     Delta calculation        
2026-08-08 21:45:31     All S-Parameters         :	5.38599e-05
2026-08-08 21:45:31   

                      ------------------------------------------------------------------------------
2026-08-08 21:45:41   Adaptive mesh refinement pass 3

                      ------------------------------------------------------------------------------
2026-08-08 21:46:25     Matrix setup time        :	7 s
                        Solver setup             :	20 s
                        Degrees of freedom       :	3241690
                        Number of mesh cells     :	494958

                        Stimulation port         :	Zmin
                        Mode number              :	1
                        Accuracy                 :	5.92101e-05
                        Iterations               :	9
                        Solver time              :	16 s


                      ------------------------------------------------------------------------------
2026-08-08 21:46:27     Delta calculation        
2026-08-08 21:46:27     All S-Parameters         :	3.82142e-05
2026-08-08 21:46:27   

                      ------------------------------------------------------------------------------
2026-08-08 21:46:27   Mesh adaptation terminated because the desired accuracy limit is reached.

                      ------------------------------------------------------------------------------
2026-08-08 21:46:27     Total time               :	161 s	 (= 0 h, 02 m, 41 s)

                      ------------------------------------------------------------------------------
2026-08-08 21:46:27   

                      ------------------------------------------------------------------------------
2026-08-08 21:46:27     Calculation 47 (Frequency: 21.208 THz, Theta: 0, Phi: 0)


                      ------------------------------------------------------------------------------
2026-08-08 21:46:27   Running the PortModeSolver.

                      ------------------------------------------------------------------------------
2026-08-08 21:46:28   Adaptive mesh refinement pass 1

                      ------------------------------------------------------------------------------
2026-08-08 21:47:05     Matrix setup time        :	3 s
                        Solver setup             :	16 s
                        Degrees of freedom       :	3241690
                        Number of mesh cells     :	494958

                        Stimulation port         :	Zmin
                        Mode number              :	1
                        Accuracy                 :	5.59055e-05
                        Iterations               :	9
                        Solver time              :	16 s


                      ------------------------------------------------------------------------------
2026-08-08 21:47:18   Adaptive mesh refinement pass 2

                      ------------------------------------------------------------------------------
2026-08-08 21:48:03     Matrix setup time        :	7 s
                        Solver setup             :	20 s
                        Degrees of freedom       :	3275418
                        Number of mesh cells     :	500160

                        Stimulation port         :	Zmin
                        Mode number              :	1
                        Accuracy                 :	5.62545e-05
                        Iterations               :	9
                        Solver time              :	17 s


                      ------------------------------------------------------------------------------
2026-08-08 21:48:04     Delta calculation        
2026-08-08 21:48:04     All S-Parameters         :	3.47311e-05
2026-08-08 21:48:04   

                      ------------------------------------------------------------------------------
2026-08-08 21:48:17   Adaptive mesh refinement pass 3

                      ------------------------------------------------------------------------------
2026-08-08 21:49:03     Matrix setup time        :	7 s
                        Solver setup             :	22 s
                        Degrees of freedom       :	3309620
                        Number of mesh cells     :	505402

                        Stimulation port         :	Zmin
                        Mode number              :	1
                        Accuracy                 :	5.51092e-05
                        Iterations               :	9
                        Solver time              :	16 s


                      ------------------------------------------------------------------------------
2026-08-08 21:49:04     Delta calculation        
2026-08-08 21:49:04     All S-Parameters         :	5.22341e-05
2026-08-08 21:49:04   

                      ------------------------------------------------------------------------------
2026-08-08 21:49:04   Mesh adaptation terminated because the desired accuracy limit is reached.

                      ------------------------------------------------------------------------------
2026-08-08 21:49:05     Total time               :	157 s	 (= 0 h, 02 m, 37 s)

                      ------------------------------------------------------------------------------
2026-08-08 21:49:05   

                      ------------------------------------------------------------------------------
2026-08-08 21:49:05     Calculation 48 (Frequency: 23.632 THz, Theta: 0, Phi: 0)


                      ------------------------------------------------------------------------------
2026-08-08 21:49:05   Running the PortModeSolver.

                      ------------------------------------------------------------------------------
2026-08-08 21:49:06   Adaptive mesh refinement pass 1

                      ------------------------------------------------------------------------------
2026-08-08 21:49:46     Matrix setup time        :	3 s
                        Solver setup             :	18 s
                        Degrees of freedom       :	3309620
                        Number of mesh cells     :	505402

                        Stimulation port         :	Zmin
                        Mode number              :	1
                        Accuracy                 :	8.46922e-05
                        Iterations               :	9
                        Solver time              :	16 s


                      ------------------------------------------------------------------------------
2026-08-08 21:49:58   Adaptive mesh refinement pass 2

                      ------------------------------------------------------------------------------
2026-08-08 21:50:44     Matrix setup time        :	7 s
                        Solver setup             :	21 s
                        Degrees of freedom       :	3343142
                        Number of mesh cells     :	510593

                        Stimulation port         :	Zmin
                        Mode number              :	1
                        Accuracy                 :	9.85232e-05
                        Iterations               :	8
                        Solver time              :	15 s


                      ------------------------------------------------------------------------------
2026-08-08 21:50:45     Delta calculation        
2026-08-08 21:50:45     All S-Parameters         :	8.82921e-05
2026-08-08 21:50:45   

                      ------------------------------------------------------------------------------
2026-08-08 21:50:57   Adaptive mesh refinement pass 3

                      ------------------------------------------------------------------------------
2026-08-08 21:51:42     Matrix setup time        :	7 s
                        Solver setup             :	22 s
                        Degrees of freedom       :	3376944
                        Number of mesh cells     :	515786

                        Stimulation port         :	Zmin
                        Mode number              :	1
                        Accuracy                 :	9.29183e-05
                        Iterations               :	8
                        Solver time              :	15 s


                      ------------------------------------------------------------------------------
2026-08-08 21:51:44     Delta calculation        
2026-08-08 21:51:44     All S-Parameters         :	4.68013e-05
2026-08-08 21:51:44   

                      ------------------------------------------------------------------------------
2026-08-08 21:51:44   Mesh adaptation terminated because the desired accuracy limit is reached.

                      ------------------------------------------------------------------------------
2026-08-08 21:51:44     Total time               :	158 s	 (= 0 h, 02 m, 38 s)

                      ------------------------------------------------------------------------------
2026-08-08 21:51:44   

                      ------------------------------------------------------------------------------
2026-08-08 21:51:44     Calculation 49 (Frequency: 22.504 THz, Theta: 0, Phi: 0)


                      ------------------------------------------------------------------------------
2026-08-08 21:51:44   Running the PortModeSolver.

                      ------------------------------------------------------------------------------
2026-08-08 21:51:46   Adaptive mesh refinement pass 1

                      ------------------------------------------------------------------------------
2026-08-08 21:52:23     Matrix setup time        :	3 s
                        Solver setup             :	18 s
                        Degrees of freedom       :	3376944
                        Number of mesh cells     :	515786

                        Stimulation port         :	Zmin
                        Mode number              :	1
                        Accuracy                 :	7.96416e-05
                        Iterations               :	8
                        Solver time              :	15 s


                      ------------------------------------------------------------------------------
2026-08-08 21:52:37   Adaptive mesh refinement pass 2

                      ------------------------------------------------------------------------------
2026-08-08 21:53:24     Matrix setup time        :	7 s
                        Solver setup             :	22 s
                        Degrees of freedom       :	3410602
                        Number of mesh cells     :	520965

                        Stimulation port         :	Zmin
                        Mode number              :	1
                        Accuracy                 :	7.20156e-05
                        Iterations               :	9
                        Solver time              :	17 s


                      ------------------------------------------------------------------------------
2026-08-08 21:53:26     Delta calculation        
2026-08-08 21:53:26     All S-Parameters         :	8.82995e-05
2026-08-08 21:53:26   

                      ------------------------------------------------------------------------------
2026-08-08 21:53:38   Adaptive mesh refinement pass 3

                      ------------------------------------------------------------------------------
2026-08-08 21:54:26     Matrix setup time        :	7 s
                        Solver setup             :	21 s
                        Degrees of freedom       :	3444772
                        Number of mesh cells     :	526203

                        Stimulation port         :	Zmin
                        Mode number              :	1
                        Accuracy                 :	6.97733e-05
                        Iterations               :	9
                        Solver time              :	18 s


                      ------------------------------------------------------------------------------
2026-08-08 21:54:27     Delta calculation        
2026-08-08 21:54:27     All S-Parameters         :	2.86468e-05
2026-08-08 21:54:27   

                      ------------------------------------------------------------------------------
2026-08-08 21:54:27   Mesh adaptation terminated because the desired accuracy limit is reached.

                      ------------------------------------------------------------------------------
2026-08-08 21:54:27     Total time               :	163 s	 (= 0 h, 02 m, 43 s)

                      ------------------------------------------------------------------------------
2026-08-08 21:54:27   

                      ------------------------------------------------------------------------------
2026-08-08 21:54:27     Calculation 50 (Frequency: 20.776 THz, Theta: 0, Phi: 0)


                      ------------------------------------------------------------------------------
2026-08-08 21:54:27   Running the PortModeSolver.

                      ------------------------------------------------------------------------------
2026-08-08 21:54:29   Adaptive mesh refinement pass 1

                      ------------------------------------------------------------------------------
2026-08-08 21:55:09     Matrix setup time        :	3 s
                        Solver setup             :	17 s
                        Degrees of freedom       :	3444772
                        Number of mesh cells     :	526203

                        Stimulation port         :	Zmin
                        Mode number              :	1
                        Accuracy                 :	7.81731e-05
                        Iterations               :	9
                        Solver time              :	18 s


                      ------------------------------------------------------------------------------
2026-08-08 21:55:22   Adaptive mesh refinement pass 2

                      ------------------------------------------------------------------------------
2026-08-08 21:56:17     Matrix setup time        :	7 s
                        Solver setup             :	24 s
                        Degrees of freedom       :	3478666
                        Number of mesh cells     :	531392

                        Stimulation port         :	Zmin
                        Mode number              :	1
                        Accuracy                 :	2.61512e-05
                        Iterations               :	11
                        Solver time              :	23 s


                      ------------------------------------------------------------------------------
2026-08-08 21:56:18     Delta calculation        
2026-08-08 21:56:18     All S-Parameters         :	5.54183e-05
2026-08-08 21:56:18   

                      ------------------------------------------------------------------------------
2026-08-08 21:56:31   Adaptive mesh refinement pass 3

                      ------------------------------------------------------------------------------
2026-08-08 21:57:24     Matrix setup time        :	7 s
                        Solver setup             :	23 s
                        Degrees of freedom       :	3512824
                        Number of mesh cells     :	536622

                        Stimulation port         :	Zmin
                        Mode number              :	1
                        Accuracy                 :	2.61612e-05
                        Iterations               :	11
                        Solver time              :	21 s


                      ------------------------------------------------------------------------------
2026-08-08 21:57:25     Delta calculation        
2026-08-08 21:57:25     All S-Parameters         :	3.57657e-05
2026-08-08 21:57:25   

                      ------------------------------------------------------------------------------
2026-08-08 21:57:25   Mesh adaptation terminated because the desired accuracy limit is reached.

                      ------------------------------------------------------------------------------
2026-08-08 21:57:26     Total time               :	178 s	 (= 0 h, 02 m, 58 s)

                      ------------------------------------------------------------------------------
2026-08-08 21:57:26   

                      ------------------------------------------------------------------------------
2026-08-08 21:57:26     Calculation 51 (Frequency: 24.496 THz, Theta: 0, Phi: 0)


                      ------------------------------------------------------------------------------
2026-08-08 21:57:26   Running the PortModeSolver.

                      ------------------------------------------------------------------------------
2026-08-08 21:57:27   Adaptive mesh refinement pass 1

                      ------------------------------------------------------------------------------
2026-08-08 21:58:07     Matrix setup time        :	3 s
                        Solver setup             :	19 s
                        Degrees of freedom       :	3512824
                        Number of mesh cells     :	536622

                        Stimulation port         :	Zmin
                        Mode number              :	1
                        Accuracy                 :	7.78389e-05
                        Iterations               :	8
                        Solver time              :	16 s


                      ------------------------------------------------------------------------------
2026-08-08 21:58:20   Adaptive mesh refinement pass 2

                      ------------------------------------------------------------------------------
2026-08-08 21:59:11     Matrix setup time        :	8 s
                        Solver setup             :	25 s
                        Degrees of freedom       :	3545618
                        Number of mesh cells     :	541717

                        Stimulation port         :	Zmin
                        Mode number              :	1
                        Accuracy                 :	7.832e-05
                        Iterations               :	8
                        Solver time              :	16 s


                      ------------------------------------------------------------------------------
2026-08-08 21:59:12     Delta calculation        
2026-08-08 21:59:12     All S-Parameters         :	1.03126e-05
2026-08-08 21:59:12   

                      ------------------------------------------------------------------------------
2026-08-08 21:59:24   Adaptive mesh refinement pass 3

                      ------------------------------------------------------------------------------
2026-08-08 22:00:12     Matrix setup time        :	7 s
                        Solver setup             :	23 s
                        Degrees of freedom       :	3579050
                        Number of mesh cells     :	546879

                        Stimulation port         :	Zmin
                        Mode number              :	1
                        Accuracy                 :	7.52183e-05
                        Iterations               :	8
                        Solver time              :	16 s


                      ------------------------------------------------------------------------------
2026-08-08 22:00:13     Delta calculation        
2026-08-08 22:00:13     All S-Parameters         :	2.59348e-05
2026-08-08 22:00:13   

                      ------------------------------------------------------------------------------
2026-08-08 22:00:13   Mesh adaptation terminated because the desired accuracy limit is reached.

                      ------------------------------------------------------------------------------
2026-08-08 22:00:13     Total time               :	167 s	 (= 0 h, 02 m, 47 s)

                      ------------------------------------------------------------------------------
2026-08-08 22:00:13   

                      ------------------------------------------------------------------------------
2026-08-08 22:00:13     Calculation 52 (Frequency: 31.096 THz, Theta: 0, Phi: 0)


                      ------------------------------------------------------------------------------
2026-08-08 22:00:13   Running the PortModeSolver.

                      ------------------------------------------------------------------------------
2026-08-08 22:00:15   Adaptive mesh refinement pass 1

                      ------------------------------------------------------------------------------
2026-08-08 22:00:56     Matrix setup time        :	3 s
                        Solver setup             :	19 s
                        Degrees of freedom       :	3579050
                        Number of mesh cells     :	546879

                        Stimulation port         :	Zmin
                        Mode number              :	1
                        Accuracy                 :	7.05383e-05
                        Iterations               :	9
                        Solver time              :	18 s


                      ------------------------------------------------------------------------------
2026-08-08 22:01:10   Adaptive mesh refinement pass 2

                      ------------------------------------------------------------------------------
2026-08-08 22:02:03     Matrix setup time        :	8 s
                        Solver setup             :	26 s
                        Degrees of freedom       :	3611936
                        Number of mesh cells     :	551969

                        Stimulation port         :	Zmin
                        Mode number              :	1
                        Accuracy                 :	5.43161e-05
                        Iterations               :	9
                        Solver time              :	18 s


                      ------------------------------------------------------------------------------
2026-08-08 22:02:04     Delta calculation        
2026-08-08 22:02:04     All S-Parameters         :	2.84587e-05
2026-08-08 22:02:04   

                      ------------------------------------------------------------------------------
2026-08-08 22:02:17   Adaptive mesh refinement pass 3

                      ------------------------------------------------------------------------------
2026-08-08 22:03:08     Matrix setup time        :	8 s
                        Solver setup             :	23 s
                        Degrees of freedom       :	3645110
                        Number of mesh cells     :	557108

                        Stimulation port         :	Zmin
                        Mode number              :	1
                        Accuracy                 :	5.35469e-05
                        Iterations               :	9
                        Solver time              :	18 s


                      ------------------------------------------------------------------------------
2026-08-08 22:03:10     Delta calculation        
2026-08-08 22:03:10     All S-Parameters         :	1.63116e-05
2026-08-08 22:03:10   

                      ------------------------------------------------------------------------------
2026-08-08 22:03:10   Mesh adaptation terminated because the desired accuracy limit is reached.

                      ------------------------------------------------------------------------------
2026-08-08 22:03:10     Total time               :	176 s	 (= 0 h, 02 m, 56 s)

                      ------------------------------------------------------------------------------
2026-08-08 22:03:10   

                      ------------------------------------------------------------------------------
2026-08-08 22:03:10     Calculation 53 (Frequency: 24.232 THz, Theta: 0, Phi: 0)


                      ------------------------------------------------------------------------------
2026-08-08 22:03:10   Running the PortModeSolver.

                      ------------------------------------------------------------------------------
2026-08-08 22:03:12   Adaptive mesh refinement pass 1

                      ------------------------------------------------------------------------------
2026-08-08 22:03:52     Matrix setup time        :	3 s
                        Solver setup             :	19 s
                        Degrees of freedom       :	3645110
                        Number of mesh cells     :	557108

                        Stimulation port         :	Zmin
                        Mode number              :	1
                        Accuracy                 :	9.90626e-05
                        Iterations               :	8
                        Solver time              :	17 s


                      ------------------------------------------------------------------------------
2026-08-08 22:04:07   Adaptive mesh refinement pass 2

                      ------------------------------------------------------------------------------
2026-08-08 22:04:59     Matrix setup time        :	8 s
                        Solver setup             :	26 s
                        Degrees of freedom       :	3678836
                        Number of mesh cells     :	562287

                        Stimulation port         :	Zmin
                        Mode number              :	1
                        Accuracy                 :	7.30154e-05
                        Iterations               :	8
                        Solver time              :	17 s


                      ------------------------------------------------------------------------------
2026-08-08 22:05:01     Delta calculation        
2026-08-08 22:05:01     All S-Parameters         :	2.11533e-05
2026-08-08 22:05:01   

                      ------------------------------------------------------------------------------
2026-08-08 22:05:14   Adaptive mesh refinement pass 3

                      ------------------------------------------------------------------------------
2026-08-08 22:06:04     Matrix setup time        :	8 s
                        Solver setup             :	24 s
                        Degrees of freedom       :	3712588
                        Number of mesh cells     :	567475

                        Stimulation port         :	Zmin
                        Mode number              :	1
                        Accuracy                 :	7.29447e-05
                        Iterations               :	8
                        Solver time              :	16 s


                      ------------------------------------------------------------------------------
2026-08-08 22:06:05     Delta calculation        
2026-08-08 22:06:05     All S-Parameters         :	4.19955e-05
2026-08-08 22:06:05   

                      ------------------------------------------------------------------------------
2026-08-08 22:06:05   Mesh adaptation terminated because the desired accuracy limit is reached.

                      ------------------------------------------------------------------------------
2026-08-08 22:06:06     Total time               :	175 s	 (= 0 h, 02 m, 55 s)

                      ------------------------------------------------------------------------------
2026-08-08 22:06:06   

                      ------------------------------------------------------------------------------
2026-08-08 22:06:06     Calculation 54 (Frequency: 20.392 THz, Theta: 0, Phi: 0)


                      ------------------------------------------------------------------------------
2026-08-08 22:06:06   Running the PortModeSolver.

                      ------------------------------------------------------------------------------
2026-08-08 22:06:07   Adaptive mesh refinement pass 1

                      ------------------------------------------------------------------------------
2026-08-08 22:06:50     Matrix setup time        :	3 s
                        Solver setup             :	20 s
                        Degrees of freedom       :	3712588
                        Number of mesh cells     :	567475

                        Stimulation port         :	Zmin
                        Mode number              :	1
                        Accuracy                 :	5.03205e-05
                        Iterations               :	9
                        Solver time              :	18 s


                      ------------------------------------------------------------------------------
2026-08-08 22:07:05   Adaptive mesh refinement pass 2

                      ------------------------------------------------------------------------------
2026-08-08 22:08:03     Matrix setup time        :	8 s
                        Solver setup             :	29 s
                        Degrees of freedom       :	3746802
                        Number of mesh cells     :	572720

                        Stimulation port         :	Zmin
                        Mode number              :	1
                        Accuracy                 :	4.79975e-05
                        Iterations               :	9
                        Solver time              :	20 s


                      ------------------------------------------------------------------------------
2026-08-08 22:08:04     Delta calculation        
2026-08-08 22:08:04     All S-Parameters         :	3.21788e-05
2026-08-08 22:08:04   

                      ------------------------------------------------------------------------------
2026-08-08 22:08:17   Adaptive mesh refinement pass 3

                      ------------------------------------------------------------------------------
2026-08-08 22:09:11     Matrix setup time        :	8 s
                        Solver setup             :	25 s
                        Degrees of freedom       :	3780772
                        Number of mesh cells     :	577931

                        Stimulation port         :	Zmin
                        Mode number              :	1
                        Accuracy                 :	4.74901e-05
                        Iterations               :	9
                        Solver time              :	19 s


                      ------------------------------------------------------------------------------
2026-08-08 22:09:12     Delta calculation        
2026-08-08 22:09:12     All S-Parameters         :	1.88542e-05
2026-08-08 22:09:12   

                      ------------------------------------------------------------------------------
2026-08-08 22:09:12   Mesh adaptation terminated because the desired accuracy limit is reached.

                      ------------------------------------------------------------------------------
2026-08-08 22:09:12     Total time               :	186 s	 (= 0 h, 03 m, 06 s)

                      ------------------------------------------------------------------------------
2026-08-08 22:09:12   

                      ------------------------------------------------------------------------------
2026-08-08 22:09:12     Calculation 55 (Frequency: 20.536 THz, Theta: 0, Phi: 0)


                      ------------------------------------------------------------------------------
2026-08-08 22:09:12   Running the PortModeSolver.

                      ------------------------------------------------------------------------------
2026-08-08 22:09:14   Adaptive mesh refinement pass 1

                      ------------------------------------------------------------------------------
2026-08-08 22:09:50     Matrix setup time        :	3 s
                        Solver setup             :	20 s
                        Degrees of freedom       :	3780772
                        Number of mesh cells     :	577931

                        Stimulation port         :	Zmin
                        Mode number              :	1
                        Accuracy                 :	7.03956e-05
                        Iterations               :	5
                        Solver time              :	11 s


                      ------------------------------------------------------------------------------
2026-08-08 22:10:05   Adaptive mesh refinement pass 2

                      ------------------------------------------------------------------------------
2026-08-08 22:11:00     Matrix setup time        :	8 s
                        Solver setup             :	26 s
                        Degrees of freedom       :	3815274
                        Number of mesh cells     :	583207

                        Stimulation port         :	Zmin
                        Mode number              :	1
                        Accuracy                 :	4.98171e-05
                        Iterations               :	9
                        Solver time              :	19 s


                      ------------------------------------------------------------------------------
2026-08-08 22:11:01     Delta calculation        
2026-08-08 22:11:01     All S-Parameters         :	2.40444e-05
2026-08-08 22:11:01   

                      ------------------------------------------------------------------------------
2026-08-08 22:11:15   Adaptive mesh refinement pass 3

                      ------------------------------------------------------------------------------
2026-08-08 22:12:13     Matrix setup time        :	8 s
                        Solver setup             :	28 s
                        Degrees of freedom       :	3849468
                        Number of mesh cells     :	588434

                        Stimulation port         :	Zmin
                        Mode number              :	1
                        Accuracy                 :	4.92425e-05
                        Iterations               :	9
                        Solver time              :	20 s


                      ------------------------------------------------------------------------------
2026-08-08 22:12:14     Delta calculation        
2026-08-08 22:12:14     All S-Parameters         :	1.63659e-05
2026-08-08 22:12:14   

                      ------------------------------------------------------------------------------
2026-08-08 22:12:14   Mesh adaptation terminated because the desired accuracy limit is reached.

                      ------------------------------------------------------------------------------
2026-08-08 22:12:14     Total time               :	181 s	 (= 0 h, 03 m, 01 s)

                      ------------------------------------------------------------------------------
2026-08-08 22:12:14   

                      ------------------------------------------------------------------------------
2026-08-08 22:12:14     Calculation 56 (Frequency: 22.072 THz, Theta: 0, Phi: 0)


                      ------------------------------------------------------------------------------
2026-08-08 22:12:14   Running the PortModeSolver.

                      ------------------------------------------------------------------------------
2026-08-08 22:12:16   Adaptive mesh refinement pass 1

                      ------------------------------------------------------------------------------
2026-08-08 22:13:02     Matrix setup time        :	4 s
                        Solver setup             :	23 s
                        Degrees of freedom       :	3849468
                        Number of mesh cells     :	588434

                        Stimulation port         :	Zmin
                        Mode number              :	1
                        Accuracy                 :	9.47856e-05
                        Iterations               :	8
                        Solver time              :	18 s


                      ------------------------------------------------------------------------------
2026-08-08 22:13:17   Adaptive mesh refinement pass 2

                      ------------------------------------------------------------------------------
2026-08-08 22:14:11     Matrix setup time        :	8 s
                        Solver setup             :	27 s
                        Degrees of freedom       :	3883128
                        Number of mesh cells     :	593599

                        Stimulation port         :	Zmin
                        Mode number              :	1
                        Accuracy                 :	7.64742e-05
                        Iterations               :	8
                        Solver time              :	17 s


                      ------------------------------------------------------------------------------
2026-08-08 22:14:13     Delta calculation        
2026-08-08 22:14:13     All S-Parameters         :	8.19687e-05
2026-08-08 22:14:13   

                      ------------------------------------------------------------------------------
2026-08-08 22:14:27   Adaptive mesh refinement pass 3

                      ------------------------------------------------------------------------------
2026-08-08 22:15:20     Matrix setup time        :	8 s
                        Solver setup             :	26 s
                        Degrees of freedom       :	3917190
                        Number of mesh cells     :	598814

                        Stimulation port         :	Zmin
                        Mode number              :	1
                        Accuracy                 :	7.71007e-05
                        Iterations               :	8
                        Solver time              :	17 s


                      ------------------------------------------------------------------------------
2026-08-08 22:15:22     Delta calculation        
2026-08-08 22:15:22     All S-Parameters         :	5.769e-05
2026-08-08 22:15:22   

                      ------------------------------------------------------------------------------
2026-08-08 22:15:22   Mesh adaptation terminated because the desired accuracy limit is reached.

                      ------------------------------------------------------------------------------
2026-08-08 22:15:22     Total time               :	187 s	 (= 0 h, 03 m, 07 s)

                      ------------------------------------------------------------------------------
2026-08-08 22:15:22   

                      ------------------------------------------------------------------------------
2026-08-08 22:15:22     Calculation 57 (Frequency: 26.512 THz, Theta: 0, Phi: 0)


                      ------------------------------------------------------------------------------
2026-08-08 22:15:22   Running the PortModeSolver.

                      ------------------------------------------------------------------------------
2026-08-08 22:15:24   Adaptive mesh refinement pass 1

                      ------------------------------------------------------------------------------
2026-08-08 22:16:32     Matrix setup time        :	4 s
                        Solver setup             :	22 s
                        Degrees of freedom       :	3917190
                        Number of mesh cells     :	598814

                        Stimulation port         :	Zmin
                        Mode number              :	1
                        Accuracy                 :	7.4842e-05
                        Iterations               :	19
                        Solver time              :	41 s


                      ------------------------------------------------------------------------------
2026-08-08 22:16:47   Adaptive mesh refinement pass 2

                      ------------------------------------------------------------------------------
2026-08-08 22:18:02     Matrix setup time        :	9 s
                        Solver setup             :	31 s
                        Degrees of freedom       :	3950596
                        Number of mesh cells     :	603947

                        Stimulation port         :	Zmin
                        Mode number              :	1
                        Accuracy                 :	9.05307e-05
                        Iterations               :	15
                        Solver time              :	34 s


                      ------------------------------------------------------------------------------
2026-08-08 22:18:03     Delta calculation        
2026-08-08 22:18:03     All S-Parameters         :	3.79568e-05
2026-08-08 22:18:03   

                      ------------------------------------------------------------------------------
2026-08-08 22:18:17   Adaptive mesh refinement pass 3

                      ------------------------------------------------------------------------------
2026-08-08 22:19:36     Matrix setup time        :	9 s
                        Solver setup             :	32 s
                        Degrees of freedom       :	3983760
                        Number of mesh cells     :	609076

                        Stimulation port         :	Zmin
                        Mode number              :	1
                        Accuracy                 :	7.41295e-05
                        Iterations               :	15
                        Solver time              :	36 s


                      ------------------------------------------------------------------------------
2026-08-08 22:19:37     Delta calculation        
2026-08-08 22:19:37     All S-Parameters         :	3.79197e-05
2026-08-08 22:19:37   

                      ------------------------------------------------------------------------------
2026-08-08 22:19:37   Mesh adaptation terminated because the desired accuracy limit is reached.

                      ------------------------------------------------------------------------------
2026-08-08 22:19:37     Total time               :	255 s	 (= 0 h, 04 m, 15 s)

                      ------------------------------------------------------------------------------
2026-08-08 22:19:37   

                      ------------------------------------------------------------------------------
2026-08-08 22:19:37     Calculation 58 (Frequency: 28.96 THz, Theta: 0, Phi: 0)


                      ------------------------------------------------------------------------------
2026-08-08 22:19:37   Running the PortModeSolver.

                      ------------------------------------------------------------------------------
2026-08-08 22:19:39   Adaptive mesh refinement pass 1

                      ------------------------------------------------------------------------------
2026-08-08 22:20:32     Matrix setup time        :	4 s
                        Solver setup             :	29 s
                        Degrees of freedom       :	3983760
                        Number of mesh cells     :	609076

                        Stimulation port         :	Zmin
                        Mode number              :	1
                        Accuracy                 :	7.97454e-05
                        Iterations               :	8
                        Solver time              :	19 s


                      ------------------------------------------------------------------------------
2026-08-08 22:20:47   Adaptive mesh refinement pass 2

                      ------------------------------------------------------------------------------
2026-08-08 22:21:54     Matrix setup time        :	8 s
                        Solver setup             :	35 s
                        Degrees of freedom       :	4016502
                        Number of mesh cells     :	614171

                        Stimulation port         :	Zmin
                        Mode number              :	1
                        Accuracy                 :	7.93459e-05
                        Iterations               :	8
                        Solver time              :	22 s


                      ------------------------------------------------------------------------------
2026-08-08 22:21:56     Delta calculation        
2026-08-08 22:21:56     All S-Parameters         :	5.41545e-06
2026-08-08 22:21:56   

                      ------------------------------------------------------------------------------
2026-08-08 22:22:11   Adaptive mesh refinement pass 3

                      ------------------------------------------------------------------------------
2026-08-08 22:23:28     Matrix setup time        :	10 s
                        Solver setup             :	43 s
                        Degrees of freedom       :	4049544
                        Number of mesh cells     :	619290

                        Stimulation port         :	Zmin
                        Mode number              :	1
                        Accuracy                 :	7.89338e-05
                        Iterations               :	8
                        Solver time              :	23 s


                      ------------------------------------------------------------------------------
2026-08-08 22:23:30     Delta calculation        
2026-08-08 22:23:30     All S-Parameters         :	1.41427e-05
2026-08-08 22:23:30   

                      ------------------------------------------------------------------------------
2026-08-08 22:23:30   Mesh adaptation terminated because the desired accuracy limit is reached.

                      ------------------------------------------------------------------------------
2026-08-08 22:23:30     Total time               :	232 s	 (= 0 h, 03 m, 52 s)

                      ------------------------------------------------------------------------------
2026-08-08 22:23:30   

                      ------------------------------------------------------------------------------
2026-08-08 22:23:30     Calculation 59 (Frequency: 24.304 THz, Theta: 0, Phi: 0)


                      ------------------------------------------------------------------------------
2026-08-08 22:23:30   Running the PortModeSolver.

                      ------------------------------------------------------------------------------
2026-08-08 22:23:32   Adaptive mesh refinement pass 1

                      ------------------------------------------------------------------------------
2026-08-08 22:24:42     Matrix setup time        :	4 s
                        Solver setup             :	38 s
                        Degrees of freedom       :	4049544
                        Number of mesh cells     :	619290

                        Stimulation port         :	Zmin
                        Mode number              :	1
                        Accuracy                 :	8.48294e-05
                        Iterations               :	9
                        Solver time              :	26 s


                      ------------------------------------------------------------------------------
2026-08-08 22:24:59   Adaptive mesh refinement pass 2

                      ------------------------------------------------------------------------------
2026-08-08 22:26:07     Matrix setup time        :	10 s
                        Solver setup             :	34 s
                        Degrees of freedom       :	4083024
                        Number of mesh cells     :	624463

                        Stimulation port         :	Zmin
                        Mode number              :	1
                        Accuracy                 :	7.08457e-05
                        Iterations               :	8
                        Solver time              :	22 s


                      ------------------------------------------------------------------------------
2026-08-08 22:26:08     Delta calculation        
2026-08-08 22:26:08     All S-Parameters         :	4.46543e-05
2026-08-08 22:26:08   

                      ------------------------------------------------------------------------------
2026-08-08 22:26:25   Adaptive mesh refinement pass 3

                      ------------------------------------------------------------------------------
2026-08-08 22:27:37     Matrix setup time        :	10 s
                        Solver setup             :	38 s
                        Degrees of freedom       :	4116490
                        Number of mesh cells     :	629624

                        Stimulation port         :	Zmin
                        Mode number              :	1
                        Accuracy                 :	7.03633e-05
                        Iterations               :	8
                        Solver time              :	23 s


                      ------------------------------------------------------------------------------
2026-08-08 22:27:39     Delta calculation        
2026-08-08 22:27:39     All S-Parameters         :	2.45062e-05
2026-08-08 22:27:39   

                      ------------------------------------------------------------------------------
2026-08-08 22:27:39   Mesh adaptation terminated because the desired accuracy limit is reached.

                      ------------------------------------------------------------------------------
2026-08-08 22:27:39     Total time               :	248 s	 (= 0 h, 04 m, 08 s)

                      ------------------------------------------------------------------------------
2026-08-08 22:27:39   

                      ------------------------------------------------------------------------------
2026-08-08 22:27:39     Calculation 60 (Frequency: 29.152 THz, Theta: 0, Phi: 0)


                      ------------------------------------------------------------------------------
2026-08-08 22:27:39   Running the PortModeSolver.

                      ------------------------------------------------------------------------------
2026-08-08 22:27:41   Adaptive mesh refinement pass 1

                      ------------------------------------------------------------------------------
2026-08-08 22:28:45     Matrix setup time        :	4 s
                        Solver setup             :	33 s
                        Degrees of freedom       :	4116490
                        Number of mesh cells     :	629624

                        Stimulation port         :	Zmin
                        Mode number              :	1
                        Accuracy                 :	7.75417e-05
                        Iterations               :	9
                        Solver time              :	26 s


                      ------------------------------------------------------------------------------
2026-08-08 22:29:03   Adaptive mesh refinement pass 2

                      ------------------------------------------------------------------------------
2026-08-08 22:30:21     Matrix setup time        :	10 s
                        Solver setup             :	43 s
                        Degrees of freedom       :	4149518
                        Number of mesh cells     :	634748

                        Stimulation port         :	Zmin
                        Mode number              :	1
                        Accuracy                 :	8.13941e-05
                        Iterations               :	8
                        Solver time              :	23 s


                      ------------------------------------------------------------------------------
2026-08-08 22:30:22     Delta calculation        
2026-08-08 22:30:22     All S-Parameters         :	2.81011e-05
2026-08-08 22:30:22   

                      ------------------------------------------------------------------------------
2026-08-08 22:30:39   Adaptive mesh refinement pass 3

                      ------------------------------------------------------------------------------
2026-08-08 22:31:47     Matrix setup time        :	10 s
                        Solver setup             :	34 s
                        Degrees of freedom       :	4182566
                        Number of mesh cells     :	639868

                        Stimulation port         :	Zmin
                        Mode number              :	1
                        Accuracy                 :	7.97622e-05
                        Iterations               :	8
                        Solver time              :	22 s


                      ------------------------------------------------------------------------------
2026-08-08 22:31:48     Delta calculation        
2026-08-08 22:31:48     All S-Parameters         :	1.55111e-05
2026-08-08 22:31:48   

                      ------------------------------------------------------------------------------
2026-08-08 22:31:48   Mesh adaptation terminated because the desired accuracy limit is reached.

                      ------------------------------------------------------------------------------
2026-08-08 22:31:49     Total time               :	249 s	 (= 0 h, 04 m, 09 s)

                      ------------------------------------------------------------------------------
2026-08-08 22:31:49   

                      ------------------------------------------------------------------------------
2026-08-08 22:31:49     Calculation 61 (Frequency: 27.376 THz, Theta: 0, Phi: 0)


                      ------------------------------------------------------------------------------
2026-08-08 22:31:49   Running the PortModeSolver.

                      ------------------------------------------------------------------------------
2026-08-08 22:31:51   Adaptive mesh refinement pass 1

                      ------------------------------------------------------------------------------
2026-08-08 22:32:47     Matrix setup time        :	4 s
                        Solver setup             :	29 s
                        Degrees of freedom       :	4182566
                        Number of mesh cells     :	639868

                        Stimulation port         :	Zmin
                        Mode number              :	1
                        Accuracy                 :	9.97553e-05
                        Iterations               :	8
                        Solver time              :	22 s


                      ------------------------------------------------------------------------------
2026-08-08 22:33:04   Adaptive mesh refinement pass 2

                      ------------------------------------------------------------------------------
2026-08-08 22:34:19     Matrix setup time        :	10 s
                        Solver setup             :	40 s
                        Degrees of freedom       :	4215342
                        Number of mesh cells     :	644985

                        Stimulation port         :	Zmin
                        Mode number              :	1
                        Accuracy                 :	8.05133e-05
                        Iterations               :	8
                        Solver time              :	23 s


                      ------------------------------------------------------------------------------
2026-08-08 22:34:20     Delta calculation        
2026-08-08 22:34:20     All S-Parameters         :	2.557e-05
2026-08-08 22:34:20   

                      ------------------------------------------------------------------------------
2026-08-08 22:34:37   Adaptive mesh refinement pass 3

                      ------------------------------------------------------------------------------
2026-08-08 22:35:41     Matrix setup time        :	10 s
                        Solver setup             :	33 s
                        Degrees of freedom       :	4248222
                        Number of mesh cells     :	650092

                        Stimulation port         :	Zmin
                        Mode number              :	1
                        Accuracy                 :	8.08959e-05
                        Iterations               :	8
                        Solver time              :	19 s


                      ------------------------------------------------------------------------------
2026-08-08 22:35:42     Delta calculation        
2026-08-08 22:35:42     All S-Parameters         :	8.86116e-06
2026-08-08 22:35:42   

                      ------------------------------------------------------------------------------
2026-08-08 22:35:42   Mesh adaptation terminated because the desired accuracy limit is reached.

                      ------------------------------------------------------------------------------
2026-08-08 22:35:43     Total time               :	233 s	 (= 0 h, 03 m, 53 s)

                      ------------------------------------------------------------------------------
2026-08-08 22:35:43   

                      ------------------------------------------------------------------------------
2026-08-08 22:35:44   Some adaptive mesh refinement samples will be recalculated because the mesh has changed significantly.

                      ------------------------------------------------------------------------------
2026-08-08 22:35:44     Calculation 1 (Frequency: 34 THz, Theta: 0, Phi: 0)


                      ------------------------------------------------------------------------------
2026-08-08 22:35:44   Running the PortModeSolver.

                      ------------------------------------------------------------------------------
2026-08-08 22:36:42     Matrix setup time        :	4 s
                        Solver setup             :	29 s
                        Degrees of freedom       :	4248222
                        Number of mesh cells     :	650092

                        Stimulation port         :	Zmin
                        Mode number              :	1
                        Accuracy                 :	9.49928e-05
                        Iterations               :	8
                        Solver time              :	22 s


                      ------------------------------------------------------------------------------
2026-08-08 22:36:43     Total time               :	58 s

                      ------------------------------------------------------------------------------
2026-08-08 22:36:43   

                      ------------------------------------------------------------------------------
2026-08-08 22:36:43     Calculation 2 (Frequency: 10 THz, Theta: 0, Phi: 0)


                      ------------------------------------------------------------------------------
2026-08-08 22:36:43   Running the PortModeSolver.

                      ------------------------------------------------------------------------------
2026-08-08 22:37:45     Matrix setup time        :	5 s
                        Solver setup             :	34 s
                        Degrees of freedom       :	4248222
                        Number of mesh cells     :	650092

                        Stimulation port         :	Zmin
                        Mode number              :	1
                        Accuracy                 :	8.4025e-05
                        Iterations               :	7
                        Solver time              :	20 s


                      ------------------------------------------------------------------------------
2026-08-08 22:37:45     Total time               :	61 s	 (= 0 h, 01 m, 01 s)

                      ------------------------------------------------------------------------------
2026-08-08 22:37:45   

                      ------------------------------------------------------------------------------
2026-08-08 22:37:45   Finished the general purpose interpolative broadband frequency sweep:
                      All broadband sweep convergence criteria have been satisfied after
                      calculating 61 frequency samples:

                        Broadband sweep error threshold value :  0.01 (All S-Parameters) 
                        Number of error criterion checks      :  2 (All S-Parameters) 
                        Minimum number of samples             :  3
                        Number of data samples, linear        :  1001

                      ------------------------------------------------------------------------------
2026-08-08 22:37:45     Number of mesh cells     :	650092
                        Degrees of freedom       :	4208832
                        Total Solver Time        :	6557 s	 (= 1 h, 49 m, 17 s)
                        Free disk space          :	301 GB
                        Disk space delta         :	7 GB
                      ================================================================================



                      ------------------------------------------------------------------------------
2026-08-08 22:37:47     ----------------------------------------------------------------------------
                                            Peak memory used (GB)         Free physical memory (GB) 
                                                                          At begin     Minimum      
                        ----------------------------------------------------------------------------
                        Solver start        0.029                         38.089       38.087       
                        Eq. system setup    11.403                        38.049       20.987       
                        Eq. system solve    22.076                        37.975       11.701       
                        Mesh refinement     11.595                        37.945       20.979       
                        Field monitor calc. 10.469                        24.728       24.432       
                        Solver run total    22.076                        38.089       11.701       

                        Computer name       Hikari
                        ----------------------------------------------------------------------------


                      ------------------------------------------------------------------------------
2026-08-08 22:37:50   Post-processing finished.

                      ------------------------------------------------------------------------------
