2026-08-08 16:10:48   In order to get an optimal performance, hyperthreading is ignored for parallel
                      computations.

                      ------------------------------------------------------------------------------
2026-08-08 16:10:50   
                      ------------------------------------------------------------------------------
2026-08-08 16:10:51   Units settings: 

                        Dimensions: um
                        Frequency:  THz
                        Time:       ps

                      ------------------------------------------------------------------------------
2026-08-08 16:10:51   Boundary conditions: 

                        YZsymmetry: none
                        XZsymmetry: none
                        XYsymmetry: none

                        Xmin: unit cell
                        Xmax: unit cell

                        Ymin: unit cell
                        Ymax: unit cell

                        Zmin: expanded open
                        Zmax: expanded open

                      ------------------------------------------------------------------------------
2026-08-08 16:10:51   Order settings: 

                        Solver order   : 2nd (constant)
                        Curved elements: up to order 3 (automatic)

                      ------------------------------------------------------------------------------
2026-08-08 16:10:51     Mesh time                :	1 s


                      ------------------------------------------------------------------------------
2026-08-08 16:10:52   
                      ================================================================================
                      Frequency Domain Solver calculation cycle started

                      ------------------------------------------------------------------------------
2026-08-08 16:10:52   Solver started at: 2026-08-08 16:10:52 -0400

                        Module:  Frequency Domain: S-Parameter (Win 64)
                        Version: 2026.0 Release from 2025-08-29 (change 1465899)

                        Free disk space at solver start is 313 GB.


                      ------------------------------------------------------------------------------
2026-08-08 16:10:52   An iterative solver will be used first.

                      ------------------------------------------------------------------------------
2026-08-08 16:10:52   The wavelength based mesh refinement has been applied to 9.3% of all mesh edges.

                      ------------------------------------------------------------------------------
2026-08-08 16:10:52   The low frequency stabilization is not applied to periodic problems.

                      ------------------------------------------------------------------------------
2026-08-08 16:10:52     Calculation 1 (Frequency: 34 THz, Theta: 0, Phi: 0)


                      ------------------------------------------------------------------------------
2026-08-08 16:10:52   Running the PortModeSolver.

                      ------------------------------------------------------------------------------
2026-08-08 16:10:54   Adaptive mesh refinement pass 1

                      ------------------------------------------------------------------------------
2026-08-08 16:10:56     Matrix setup time        :	0 s
                        Degrees of freedom       :	75214
                        Number of mesh cells     :	11165

                        Stimulation port         :	Zmin
                        Mode number              :	1
                        Accuracy                 :	9.88955e-05
                        Iterations               :	26
                        Solver time              :	0 s


                      ------------------------------------------------------------------------------
2026-08-08 16:10:56   8% of all mesh edges seem to be longer than expected. The adaptive mesh refinement's growth limitation will therefore 
                      use 16821 instead of 6732 mesh cells as a reference.

                      ------------------------------------------------------------------------------
2026-08-08 16:10:56   The wavelength based mesh refinement has been applied to 0.4% of all mesh edges.

                      ------------------------------------------------------------------------------
2026-08-08 16:10:56   Adaptive mesh refinement pass 2

                      ------------------------------------------------------------------------------
2026-08-08 16:10:57     Matrix setup time        :	0 s
                        Degrees of freedom       :	112974
                        Number of mesh cells     :	16927

                        Stimulation port         :	Zmin
                        Mode number              :	1
                        Accuracy                 :	9.46422e-05
                        Iterations               :	24
                        Solver time              :	0 s


                      ------------------------------------------------------------------------------
2026-08-08 16:10:57     Delta calculation        
2026-08-08 16:10:57     All S-Parameters         :	0.0306213
2026-08-08 16:10:57   

                      ------------------------------------------------------------------------------
2026-08-08 16:10:58   Adaptive mesh refinement pass 3

                      ------------------------------------------------------------------------------
2026-08-08 16:11:00     Matrix setup time        :	0 s
                        Degrees of freedom       :	148816
                        Number of mesh cells     :	22265

                        Stimulation port         :	Zmin
                        Mode number              :	1
                        Accuracy                 :	4.81936e-05
                        Iterations               :	25
                        Solver time              :	1 s


                      ------------------------------------------------------------------------------
2026-08-08 16:11:00     Delta calculation        
2026-08-08 16:11:00     All S-Parameters         :	0.00811237
2026-08-08 16:11:00   

                      ------------------------------------------------------------------------------
2026-08-08 16:11:00   Mesh adaptation terminated because the desired accuracy limit is reached.

                      ------------------------------------------------------------------------------
2026-08-08 16:11:00     Total time               :	7 s

                      ------------------------------------------------------------------------------
2026-08-08 16:11:00   

                      ------------------------------------------------------------------------------
2026-08-08 16:11:00     Calculation 2 (Frequency: 10 THz, Theta: 0, Phi: 0)


                      ------------------------------------------------------------------------------
2026-08-08 16:11:00   Running the PortModeSolver.

                      ------------------------------------------------------------------------------
2026-08-08 16:11:01   Adaptive mesh refinement pass 1

                      ------------------------------------------------------------------------------
2026-08-08 16:11:02     Matrix setup time        :	0 s
                        Degrees of freedom       :	148816
                        Number of mesh cells     :	22265

                        Stimulation port         :	Zmin
                        Mode number              :	1
                        Accuracy                 :	6.216e-05
                        Iterations               :	12
                        Solver time              :	0 s


                      ------------------------------------------------------------------------------
2026-08-08 16:11:03   Adaptive mesh refinement pass 2

                      ------------------------------------------------------------------------------
2026-08-08 16:11:04     Matrix setup time        :	0 s
                        Degrees of freedom       :	162572
                        Number of mesh cells     :	24379

                        Stimulation port         :	Zmin
                        Mode number              :	1
                        Accuracy                 :	7.46503e-05
                        Iterations               :	12
                        Solver time              :	0 s


                      ------------------------------------------------------------------------------
2026-08-08 16:11:04     Delta calculation        
2026-08-08 16:11:04     All S-Parameters         :	0.00787682
2026-08-08 16:11:04   

                      ------------------------------------------------------------------------------
2026-08-08 16:11:05   Adaptive mesh refinement pass 3

                      ------------------------------------------------------------------------------
2026-08-08 16:11:06     Matrix setup time        :	0 s
                        Degrees of freedom       :	196946
                        Number of mesh cells     :	29639

                        Stimulation port         :	Zmin
                        Mode number              :	1
                        Accuracy                 :	8.6157e-05
                        Iterations               :	12
                        Solver time              :	0 s


                      ------------------------------------------------------------------------------
2026-08-08 16:11:06     Delta calculation        
2026-08-08 16:11:06     All S-Parameters         :	0.00423717
2026-08-08 16:11:06   

                      ------------------------------------------------------------------------------
2026-08-08 16:11:06   Mesh adaptation terminated because the desired accuracy limit is reached.

                      ------------------------------------------------------------------------------
2026-08-08 16:11:06     Total time               :	6 s

                      ------------------------------------------------------------------------------
2026-08-08 16:11:06   

                      ------------------------------------------------------------------------------
2026-08-08 16:11:06     Calculation 3 (Frequency: 22 THz, Theta: 0, Phi: 0)


                      ------------------------------------------------------------------------------
2026-08-08 16:11:06   Running the PortModeSolver.

                      ------------------------------------------------------------------------------
2026-08-08 16:11:07   Adaptive mesh refinement pass 1

                      ------------------------------------------------------------------------------
2026-08-08 16:11:09     Matrix setup time        :	0 s
                        Degrees of freedom       :	196946
                        Number of mesh cells     :	29639

                        Stimulation port         :	Zmin
                        Mode number              :	1
                        Accuracy                 :	8.73453e-05
                        Iterations               :	22
                        Solver time              :	1 s


                      ------------------------------------------------------------------------------
2026-08-08 16:11:10   Adaptive mesh refinement pass 2

                      ------------------------------------------------------------------------------
2026-08-08 16:11:13     Matrix setup time        :	0 s
                        Degrees of freedom       :	233584
                        Number of mesh cells     :	35176

                        Stimulation port         :	Zmin
                        Mode number              :	1
                        Accuracy                 :	9.15372e-05
                        Iterations               :	19
                        Solver time              :	1 s


                      ------------------------------------------------------------------------------
2026-08-08 16:11:13     Delta calculation        
2026-08-08 16:11:13     All S-Parameters         :	0.0243853
2026-08-08 16:11:13   

                      ------------------------------------------------------------------------------
2026-08-08 16:11:14   Adaptive mesh refinement pass 3

                      ------------------------------------------------------------------------------
2026-08-08 16:11:17     Matrix setup time        :	0 s
                        Degrees of freedom       :	269936
                        Number of mesh cells     :	40631

                        Stimulation port         :	Zmin
                        Mode number              :	1
                        Accuracy                 :	8.65131e-05
                        Iterations               :	20
                        Solver time              :	1 s


                      ------------------------------------------------------------------------------
2026-08-08 16:11:17     Delta calculation        
2026-08-08 16:11:17     All S-Parameters         :	0.00394731
2026-08-08 16:11:17   

                      ------------------------------------------------------------------------------
2026-08-08 16:11:17   Mesh adaptation terminated because the desired accuracy limit is reached.

                      ------------------------------------------------------------------------------
2026-08-08 16:11:17     Total time               :	10 s

                      ------------------------------------------------------------------------------
2026-08-08 16:11:17   

                      ------------------------------------------------------------------------------
2026-08-08 16:11:17     Calculation 4 (Frequency: 18.5497 THz, Theta: 0, Phi: 0)


                      ------------------------------------------------------------------------------
2026-08-08 16:11:17   Running the PortModeSolver.

                      ------------------------------------------------------------------------------
2026-08-08 16:11:18   Adaptive mesh refinement pass 1

                      ------------------------------------------------------------------------------
2026-08-08 16:11:20     Matrix setup time        :	0 s
                        Degrees of freedom       :	269936
                        Number of mesh cells     :	40631

                        Stimulation port         :	Zmin
                        Mode number              :	1
                        Accuracy                 :	9.76057e-05
                        Iterations               :	20
                        Solver time              :	1 s


                      ------------------------------------------------------------------------------
2026-08-08 16:11:21   Adaptive mesh refinement pass 2

                      ------------------------------------------------------------------------------
2026-08-08 16:11:24     Matrix setup time        :	0 s
                        Degrees of freedom       :	305620
                        Number of mesh cells     :	46022

                        Stimulation port         :	Zmin
                        Mode number              :	1
                        Accuracy                 :	9.15692e-05
                        Iterations               :	16
                        Solver time              :	1 s


                      ------------------------------------------------------------------------------
2026-08-08 16:11:25     Delta calculation        
2026-08-08 16:11:25     All S-Parameters         :	0.00109535
2026-08-08 16:11:25   

                      ------------------------------------------------------------------------------
2026-08-08 16:11:26   Adaptive mesh refinement pass 3

                      ------------------------------------------------------------------------------
2026-08-08 16:11:29     Matrix setup time        :	0 s
                        Degrees of freedom       :	340684
                        Number of mesh cells     :	51361

                        Stimulation port         :	Zmin
                        Mode number              :	1
                        Accuracy                 :	9.14623e-05
                        Iterations               :	14
                        Solver time              :	1 s


                      ------------------------------------------------------------------------------
2026-08-08 16:11:29     Delta calculation        
2026-08-08 16:11:29     All S-Parameters         :	0.00125918
2026-08-08 16:11:29   

                      ------------------------------------------------------------------------------
2026-08-08 16:11:29   Mesh adaptation terminated because the desired accuracy limit is reached.

                      ------------------------------------------------------------------------------
2026-08-08 16:11:29     Total time               :	12 s

                      ------------------------------------------------------------------------------
2026-08-08 16:11:29   

                      ------------------------------------------------------------------------------
2026-08-08 16:11:29     Calculation 5 (Frequency: 18.9244 THz, Theta: 0, Phi: 0)


                      ------------------------------------------------------------------------------
2026-08-08 16:11:29   Running the PortModeSolver.

                      ------------------------------------------------------------------------------
2026-08-08 16:11:30   Adaptive mesh refinement pass 1

                      ------------------------------------------------------------------------------
2026-08-08 16:11:33     Matrix setup time        :	0 s
                        Degrees of freedom       :	340684
                        Number of mesh cells     :	51361

                        Stimulation port         :	Zmin
                        Mode number              :	1
                        Accuracy                 :	9.8667e-05
                        Iterations               :	13
                        Solver time              :	1 s


                      ------------------------------------------------------------------------------
2026-08-08 16:11:34   Adaptive mesh refinement pass 2

                      ------------------------------------------------------------------------------
2026-08-08 16:11:38     Matrix setup time        :	0 s
                        Degrees of freedom       :	375890
                        Number of mesh cells     :	56692

                        Stimulation port         :	Zmin
                        Mode number              :	1
                        Accuracy                 :	6.01429e-05
                        Iterations               :	17
                        Solver time              :	2 s


                      ------------------------------------------------------------------------------
2026-08-08 16:11:38     Delta calculation        
2026-08-08 16:11:38     All S-Parameters         :	0.00034035
2026-08-08 16:11:38   

                      ------------------------------------------------------------------------------
2026-08-08 16:11:39   Adaptive mesh refinement pass 3

                      ------------------------------------------------------------------------------
2026-08-08 16:11:44     Matrix setup time        :	0 s
                        Degrees of freedom       :	410650
                        Number of mesh cells     :	62005

                        Stimulation port         :	Zmin
                        Mode number              :	1
                        Accuracy                 :	4.86778e-05
                        Iterations               :	17
                        Solver time              :	2 s


                      ------------------------------------------------------------------------------
2026-08-08 16:11:44     Delta calculation        
2026-08-08 16:11:44     All S-Parameters         :	0.000489685
2026-08-08 16:11:44   

                      ------------------------------------------------------------------------------
2026-08-08 16:11:44   Mesh adaptation terminated because the desired accuracy limit is reached.

                      ------------------------------------------------------------------------------
2026-08-08 16:11:44     Total time               :	14 s

                      ------------------------------------------------------------------------------
2026-08-08 16:11:44   

                      ------------------------------------------------------------------------------
2026-08-08 16:11:44     Calculation 6 (Frequency: 26.3108 THz, Theta: 0, Phi: 0)


                      ------------------------------------------------------------------------------
2026-08-08 16:11:44   Running the PortModeSolver.

                      ------------------------------------------------------------------------------
2026-08-08 16:11:45   Adaptive mesh refinement pass 1

                      ------------------------------------------------------------------------------
2026-08-08 16:11:49     Matrix setup time        :	0 s
                        Degrees of freedom       :	410650
                        Number of mesh cells     :	62005

                        Stimulation port         :	Zmin
                        Mode number              :	1
                        Accuracy                 :	6.2675e-05
                        Iterations               :	20
                        Solver time              :	2 s


                      ------------------------------------------------------------------------------
2026-08-08 16:11:49   The input reflection seems to be large at 26.3108 THz, Theta: 0, Phi: 0.  More...

                      ------------------------------------------------------------------------------
2026-08-08 16:11:50   Adaptive mesh refinement pass 2

                      ------------------------------------------------------------------------------
2026-08-08 16:11:55     Matrix setup time        :	0 s
                        Degrees of freedom       :	445216
                        Number of mesh cells     :	67313

                        Stimulation port         :	Zmin
                        Mode number              :	1
                        Accuracy                 :	8.30855e-05
                        Iterations               :	19
                        Solver time              :	3 s


                      ------------------------------------------------------------------------------
2026-08-08 16:11:55     Delta calculation        
2026-08-08 16:11:55     All S-Parameters         :	0.000424524
2026-08-08 16:11:55   

                      ------------------------------------------------------------------------------
2026-08-08 16:11:57   Adaptive mesh refinement pass 3

                      ------------------------------------------------------------------------------
2026-08-08 16:12:03     Matrix setup time        :	0 s
                        Degrees of freedom       :	479630
                        Number of mesh cells     :	72587

                        Stimulation port         :	Zmin
                        Mode number              :	1
                        Accuracy                 :	8.76509e-05
                        Iterations               :	20
                        Solver time              :	3 s


                      ------------------------------------------------------------------------------
2026-08-08 16:12:03     Delta calculation        
2026-08-08 16:12:03     All S-Parameters         :	0.000506281
2026-08-08 16:12:03   

                      ------------------------------------------------------------------------------
2026-08-08 16:12:03   Mesh adaptation terminated because the desired accuracy limit is reached.

                      ------------------------------------------------------------------------------
2026-08-08 16:12:03     Total time               :	19 s

                      ------------------------------------------------------------------------------
2026-08-08 16:12:03   

                      ------------------------------------------------------------------------------
2026-08-08 16:12:03     Calculation 7 (Frequency: 26.4982 THz, Theta: 0, Phi: 0)


                      ------------------------------------------------------------------------------
2026-08-08 16:12:03   Running the PortModeSolver.

                      ------------------------------------------------------------------------------
2026-08-08 16:12:04   Adaptive mesh refinement pass 1

                      ------------------------------------------------------------------------------
2026-08-08 16:12:21     Matrix setup time        :	0 s
                        Degrees of freedom       :	479630
                        Number of mesh cells     :	72587

                        Stimulation port         :	Zmin
                        Mode number              :	1
                        Accuracy                 :	8.5795e-05
                        Iterations               :	89
                        Solver time              :	15 s


                      ------------------------------------------------------------------------------
2026-08-08 16:12:21   The input reflection seems to be large at 26.4982 THz, Theta: 0, Phi: 0.  More...

                      ------------------------------------------------------------------------------
2026-08-08 16:12:22   The direct solver will be used.

                      ------------------------------------------------------------------------------
2026-08-08 16:12:23   Adaptive mesh refinement pass 2

                      ------------------------------------------------------------------------------
2026-08-08 16:12:41     Matrix setup time        :	1 s
                        Solver setup             :	17 s
                        Degrees of freedom       :	515480
                        Number of mesh cells     :	77930

                        Stimulation port         :	Zmin
                        Mode number              :	1
                        Accuracy                 :	9.2447e-10
                        Iterations               :	1
                        Solver time              :	0 s


                      ------------------------------------------------------------------------------
2026-08-08 16:12:42     Delta calculation        
2026-08-08 16:12:42     All S-Parameters         :	0.00301044
2026-08-08 16:12:42   

                      ------------------------------------------------------------------------------
2026-08-08 16:12:44   Adaptive mesh refinement pass 3

                      ------------------------------------------------------------------------------
2026-08-08 16:12:44   The iterative solver will be used.

                      ------------------------------------------------------------------------------
2026-08-08 16:12:57     Matrix setup time        :	1 s
                        Solver setup             :	1 s
                        Degrees of freedom       :	550074
                        Number of mesh cells     :	83246

                        Stimulation port         :	Zmin
                        Mode number              :	1
                        Accuracy                 :	8.89357e-05
                        Iterations               :	53
                        Solver time              :	10 s


                      ------------------------------------------------------------------------------
2026-08-08 16:12:57     Delta calculation        
2026-08-08 16:12:57     All S-Parameters         :	0.00043234
2026-08-08 16:12:57   

                      ------------------------------------------------------------------------------
2026-08-08 16:12:57   Mesh adaptation terminated because the desired accuracy limit is reached.

                      ------------------------------------------------------------------------------
2026-08-08 16:12:57     Total time               :	54 s

                      ------------------------------------------------------------------------------
2026-08-08 16:12:57   

                      ------------------------------------------------------------------------------
2026-08-08 16:12:57     Calculation 8 (Frequency: 23.488 THz, Theta: 0, Phi: 0)


                      ------------------------------------------------------------------------------
2026-08-08 16:12:57   Running the PortModeSolver.

                      ------------------------------------------------------------------------------
2026-08-08 16:12:58   Adaptive mesh refinement pass 1

                      ------------------------------------------------------------------------------
2026-08-08 16:13:03     Matrix setup time        :	0 s
                        Degrees of freedom       :	550074
                        Number of mesh cells     :	83246

                        Stimulation port         :	Zmin
                        Mode number              :	1
                        Accuracy                 :	9.31572e-05
                        Iterations               :	13
                        Solver time              :	2 s


                      ------------------------------------------------------------------------------
2026-08-08 16:13:03   The input reflection seems to be large at 23.488 THz, Theta: 0, Phi: 0.  More...

                      ------------------------------------------------------------------------------
2026-08-08 16:13:05   Adaptive mesh refinement pass 2

                      ------------------------------------------------------------------------------
2026-08-08 16:13:10     Matrix setup time        :	1 s
                        Solver setup             :	1 s
                        Degrees of freedom       :	584934
                        Number of mesh cells     :	88587

                        Stimulation port         :	Zmin
                        Mode number              :	1
                        Accuracy                 :	9.15743e-05
                        Iterations               :	11
                        Solver time              :	2 s


                      ------------------------------------------------------------------------------
2026-08-08 16:13:10     Delta calculation        
2026-08-08 16:13:10     All S-Parameters         :	0.00259229
2026-08-08 16:13:10   

                      ------------------------------------------------------------------------------
2026-08-08 16:13:12   Adaptive mesh refinement pass 3

                      ------------------------------------------------------------------------------
2026-08-08 16:13:17     Matrix setup time        :	1 s
                        Solver setup             :	1 s
                        Degrees of freedom       :	620520
                        Number of mesh cells     :	94013

                        Stimulation port         :	Zmin
                        Mode number              :	1
                        Accuracy                 :	7.66999e-05
                        Iterations               :	11
                        Solver time              :	2 s


                      ------------------------------------------------------------------------------
2026-08-08 16:13:18     Delta calculation        
2026-08-08 16:13:18     All S-Parameters         :	0.00055304
2026-08-08 16:13:18   

                      ------------------------------------------------------------------------------
2026-08-08 16:13:18   Mesh adaptation terminated because the desired accuracy limit is reached.

                      ------------------------------------------------------------------------------
2026-08-08 16:13:18     Total time               :	20 s

                      ------------------------------------------------------------------------------
2026-08-08 16:13:18   

                      ------------------------------------------------------------------------------
2026-08-08 16:13:18     Calculation 9 (Frequency: 15.16 THz, Theta: 0, Phi: 0)


                      ------------------------------------------------------------------------------
2026-08-08 16:13:18   Running the PortModeSolver.

                      ------------------------------------------------------------------------------
2026-08-08 16:13:19   Adaptive mesh refinement pass 1

                      ------------------------------------------------------------------------------
2026-08-08 16:13:23     Matrix setup time        :	0 s
                        Degrees of freedom       :	620520
                        Number of mesh cells     :	94013

                        Stimulation port         :	Zmin
                        Mode number              :	1
                        Accuracy                 :	8.76715e-05
                        Iterations               :	10
                        Solver time              :	2 s


                      ------------------------------------------------------------------------------
2026-08-08 16:13:26   Adaptive mesh refinement pass 2

                      ------------------------------------------------------------------------------
2026-08-08 16:13:31     Matrix setup time        :	1 s
                        Solver setup             :	1 s
                        Degrees of freedom       :	655474
                        Number of mesh cells     :	99349

                        Stimulation port         :	Zmin
                        Mode number              :	1
                        Accuracy                 :	9.73156e-05
                        Iterations               :	9
                        Solver time              :	2 s


                      ------------------------------------------------------------------------------
2026-08-08 16:13:31     Delta calculation        
2026-08-08 16:13:31     All S-Parameters         :	0.000842201
2026-08-08 16:13:31   

                      ------------------------------------------------------------------------------
2026-08-08 16:13:33   Adaptive mesh refinement pass 3

                      ------------------------------------------------------------------------------
2026-08-08 16:13:39     Matrix setup time        :	1 s
                        Solver setup             :	1 s
                        Degrees of freedom       :	690312
                        Number of mesh cells     :	104685

                        Stimulation port         :	Zmin
                        Mode number              :	1
                        Accuracy                 :	9.87492e-05
                        Iterations               :	9
                        Solver time              :	2 s


                      ------------------------------------------------------------------------------
2026-08-08 16:13:39     Delta calculation        
2026-08-08 16:13:39     All S-Parameters         :	0.000196902
2026-08-08 16:13:39   

                      ------------------------------------------------------------------------------
2026-08-08 16:13:39   Mesh adaptation terminated because the desired accuracy limit is reached.

                      ------------------------------------------------------------------------------
2026-08-08 16:13:39     Total time               :	21 s

                      ------------------------------------------------------------------------------
2026-08-08 16:13:39   

                      ------------------------------------------------------------------------------
2026-08-08 16:13:39     Calculation 10 (Frequency: 27.112 THz, Theta: 0, Phi: 0)


                      ------------------------------------------------------------------------------
2026-08-08 16:13:39   Running the PortModeSolver.

                      ------------------------------------------------------------------------------
2026-08-08 16:13:40   Adaptive mesh refinement pass 1

                      ------------------------------------------------------------------------------
2026-08-08 16:13:46     Matrix setup time        :	0 s
                        Degrees of freedom       :	690312
                        Number of mesh cells     :	104685

                        Stimulation port         :	Zmin
                        Mode number              :	1
                        Accuracy                 :	5.2423e-05
                        Iterations               :	15
                        Solver time              :	4 s


                      ------------------------------------------------------------------------------
2026-08-08 16:13:49   Adaptive mesh refinement pass 2

                      ------------------------------------------------------------------------------
2026-08-08 16:13:57     Matrix setup time        :	1 s
                        Solver setup             :	1 s
                        Degrees of freedom       :	724382
                        Number of mesh cells     :	109951

                        Stimulation port         :	Zmin
                        Mode number              :	1
                        Accuracy                 :	4.86261e-05
                        Iterations               :	15
                        Solver time              :	4 s


                      ------------------------------------------------------------------------------
2026-08-08 16:13:57     Delta calculation        
2026-08-08 16:13:57     All S-Parameters         :	0.00030962
2026-08-08 16:13:57   

                      ------------------------------------------------------------------------------
2026-08-08 16:14:00   Adaptive mesh refinement pass 3

                      ------------------------------------------------------------------------------
2026-08-08 16:14:08     Matrix setup time        :	1 s
                        Solver setup             :	1 s
                        Degrees of freedom       :	759012
                        Number of mesh cells     :	115253

                        Stimulation port         :	Zmin
                        Mode number              :	1
                        Accuracy                 :	7.40571e-05
                        Iterations               :	14
                        Solver time              :	4 s


                      ------------------------------------------------------------------------------
2026-08-08 16:14:08     Delta calculation        
2026-08-08 16:14:08     All S-Parameters         :	0.000208206
2026-08-08 16:14:08   

                      ------------------------------------------------------------------------------
2026-08-08 16:14:08   Mesh adaptation terminated because the desired accuracy limit is reached.

                      ------------------------------------------------------------------------------
2026-08-08 16:14:08     Total time               :	28 s

                      ------------------------------------------------------------------------------
2026-08-08 16:14:08   

                      ------------------------------------------------------------------------------
2026-08-08 16:14:08     Calculation 11 (Frequency: 17.008 THz, Theta: 0, Phi: 0)


                      ------------------------------------------------------------------------------
2026-08-08 16:14:08   Running the PortModeSolver.

                      ------------------------------------------------------------------------------
2026-08-08 16:14:10   Adaptive mesh refinement pass 1

                      ------------------------------------------------------------------------------
2026-08-08 16:14:15     Matrix setup time        :	0 s
                        Solver setup             :	1 s
                        Degrees of freedom       :	759012
                        Number of mesh cells     :	115253

                        Stimulation port         :	Zmin
                        Mode number              :	1
                        Accuracy                 :	8.04032e-05
                        Iterations               :	9
                        Solver time              :	3 s


                      ------------------------------------------------------------------------------
2026-08-08 16:14:18   Adaptive mesh refinement pass 2

                      ------------------------------------------------------------------------------
2026-08-08 16:14:25     Matrix setup time        :	1 s
                        Solver setup             :	2 s
                        Degrees of freedom       :	794396
                        Number of mesh cells     :	120619

                        Stimulation port         :	Zmin
                        Mode number              :	1
                        Accuracy                 :	7.47141e-05
                        Iterations               :	9
                        Solver time              :	3 s


                      ------------------------------------------------------------------------------
2026-08-08 16:14:25     Delta calculation        
2026-08-08 16:14:25     All S-Parameters         :	0.000257544
2026-08-08 16:14:25   

                      ------------------------------------------------------------------------------
2026-08-08 16:14:28   Adaptive mesh refinement pass 3

                      ------------------------------------------------------------------------------
2026-08-08 16:14:35     Matrix setup time        :	1 s
                        Solver setup             :	2 s
                        Degrees of freedom       :	829308
                        Number of mesh cells     :	125932

                        Stimulation port         :	Zmin
                        Mode number              :	1
                        Accuracy                 :	6.64765e-05
                        Iterations               :	9
                        Solver time              :	3 s


                      ------------------------------------------------------------------------------
2026-08-08 16:14:36     Delta calculation        
2026-08-08 16:14:36     All S-Parameters         :	8.3983e-05
2026-08-08 16:14:36   

                      ------------------------------------------------------------------------------
2026-08-08 16:14:36   Mesh adaptation terminated because the desired accuracy limit is reached.

                      ------------------------------------------------------------------------------
2026-08-08 16:14:36     Total time               :	27 s

                      ------------------------------------------------------------------------------
2026-08-08 16:14:36   

                      ------------------------------------------------------------------------------
2026-08-08 16:14:36     Calculation 12 (Frequency: 27.136 THz, Theta: 0, Phi: 0)


                      ------------------------------------------------------------------------------
2026-08-08 16:14:36   Running the PortModeSolver.

                      ------------------------------------------------------------------------------
2026-08-08 16:14:37   Adaptive mesh refinement pass 1

                      ------------------------------------------------------------------------------
2026-08-08 16:14:44     Matrix setup time        :	0 s
                        Solver setup             :	1 s
                        Degrees of freedom       :	829308
                        Number of mesh cells     :	125932

                        Stimulation port         :	Zmin
                        Mode number              :	1
                        Accuracy                 :	6.82913e-05
                        Iterations               :	14
                        Solver time              :	5 s


                      ------------------------------------------------------------------------------
2026-08-08 16:14:48   Adaptive mesh refinement pass 2

                      ------------------------------------------------------------------------------
2026-08-08 16:14:57     Matrix setup time        :	1 s
                        Solver setup             :	2 s
                        Degrees of freedom       :	863664
                        Number of mesh cells     :	131196

                        Stimulation port         :	Zmin
                        Mode number              :	1
                        Accuracy                 :	9.82864e-05
                        Iterations               :	14
                        Solver time              :	5 s


                      ------------------------------------------------------------------------------
2026-08-08 16:14:57     Delta calculation        
2026-08-08 16:14:57     All S-Parameters         :	0.000336284
2026-08-08 16:14:57   

                      ------------------------------------------------------------------------------
2026-08-08 16:15:01   Adaptive mesh refinement pass 3

                      ------------------------------------------------------------------------------
2026-08-08 16:15:10     Matrix setup time        :	1 s
                        Solver setup             :	2 s
                        Degrees of freedom       :	897956
                        Number of mesh cells     :	136475

                        Stimulation port         :	Zmin
                        Mode number              :	1
                        Accuracy                 :	9.28583e-05
                        Iterations               :	13
                        Solver time              :	5 s


                      ------------------------------------------------------------------------------
2026-08-08 16:15:11     Delta calculation        
2026-08-08 16:15:11     All S-Parameters         :	0.00012354
2026-08-08 16:15:11   

                      ------------------------------------------------------------------------------
2026-08-08 16:15:11   Mesh adaptation terminated because the desired accuracy limit is reached.

                      ------------------------------------------------------------------------------
2026-08-08 16:15:11     Total time               :	35 s

                      ------------------------------------------------------------------------------
2026-08-08 16:15:11   

                      ------------------------------------------------------------------------------
2026-08-08 16:15:11     Calculation 13 (Frequency: 15.736 THz, Theta: 0, Phi: 0)


                      ------------------------------------------------------------------------------
2026-08-08 16:15:11   Running the PortModeSolver.

                      ------------------------------------------------------------------------------
2026-08-08 16:15:12   Adaptive mesh refinement pass 1

                      ------------------------------------------------------------------------------
2026-08-08 16:15:19     Matrix setup time        :	0 s
                        Solver setup             :	1 s
                        Degrees of freedom       :	897956
                        Number of mesh cells     :	136475

                        Stimulation port         :	Zmin
                        Mode number              :	1
                        Accuracy                 :	7.58174e-05
                        Iterations               :	9
                        Solver time              :	4 s


                      ------------------------------------------------------------------------------
2026-08-08 16:15:23   Adaptive mesh refinement pass 2

                      ------------------------------------------------------------------------------
2026-08-08 16:15:32     Matrix setup time        :	1 s
                        Solver setup             :	2 s
                        Degrees of freedom       :	932800
                        Number of mesh cells     :	141781

                        Stimulation port         :	Zmin
                        Mode number              :	1
                        Accuracy                 :	9.40499e-05
                        Iterations               :	9
                        Solver time              :	3 s


                      ------------------------------------------------------------------------------
2026-08-08 16:15:32     Delta calculation        
2026-08-08 16:15:32     All S-Parameters         :	0.000343347
2026-08-08 16:15:32   

                      ------------------------------------------------------------------------------
2026-08-08 16:15:35   Adaptive mesh refinement pass 3

                      ------------------------------------------------------------------------------
2026-08-08 16:15:44     Matrix setup time        :	2 s
                        Solver setup             :	2 s
                        Degrees of freedom       :	967352
                        Number of mesh cells     :	147072

                        Stimulation port         :	Zmin
                        Mode number              :	1
                        Accuracy                 :	5.59766e-05
                        Iterations               :	10
                        Solver time              :	4 s


                      ------------------------------------------------------------------------------
2026-08-08 16:15:45     Delta calculation        
2026-08-08 16:15:45     All S-Parameters         :	0.000121851
2026-08-08 16:15:45   

                      ------------------------------------------------------------------------------
2026-08-08 16:15:45   Mesh adaptation terminated because the desired accuracy limit is reached.

                      ------------------------------------------------------------------------------
2026-08-08 16:15:45     Total time               :	33 s

                      ------------------------------------------------------------------------------
2026-08-08 16:15:45   

                      ------------------------------------------------------------------------------
2026-08-08 16:15:45     Calculation 14 (Frequency: 23.248 THz, Theta: 0, Phi: 0)


                      ------------------------------------------------------------------------------
2026-08-08 16:15:45   Running the PortModeSolver.

                      ------------------------------------------------------------------------------
2026-08-08 16:15:46   Adaptive mesh refinement pass 1

                      ------------------------------------------------------------------------------
2026-08-08 16:15:53     Matrix setup time        :	0 s
                        Solver setup             :	1 s
                        Degrees of freedom       :	967352
                        Number of mesh cells     :	147072

                        Stimulation port         :	Zmin
                        Mode number              :	1
                        Accuracy                 :	8.47546e-05
                        Iterations               :	10
                        Solver time              :	4 s


                      ------------------------------------------------------------------------------
2026-08-08 16:15:54   The input reflection seems to be large at 23.248 THz, Theta: 0, Phi: 0.  More...

                      ------------------------------------------------------------------------------
2026-08-08 16:15:57   Adaptive mesh refinement pass 2

                      ------------------------------------------------------------------------------
2026-08-08 16:16:07     Matrix setup time        :	2 s
                        Solver setup             :	2 s
                        Degrees of freedom       :	1002340
                        Number of mesh cells     :	152418

                        Stimulation port         :	Zmin
                        Mode number              :	1
                        Accuracy                 :	9.01968e-05
                        Iterations               :	10
                        Solver time              :	4 s


                      ------------------------------------------------------------------------------
2026-08-08 16:16:08     Delta calculation        
2026-08-08 16:16:08     All S-Parameters         :	0.0015467
2026-08-08 16:16:08   

                      ------------------------------------------------------------------------------
2026-08-08 16:16:11   Adaptive mesh refinement pass 3

                      ------------------------------------------------------------------------------
2026-08-08 16:16:21     Matrix setup time        :	2 s
                        Solver setup             :	3 s
                        Degrees of freedom       :	1037484
                        Number of mesh cells     :	157767

                        Stimulation port         :	Zmin
                        Mode number              :	1
                        Accuracy                 :	8.57345e-05
                        Iterations               :	10
                        Solver time              :	4 s


                      ------------------------------------------------------------------------------
2026-08-08 16:16:21     Delta calculation        
2026-08-08 16:16:21     All S-Parameters         :	0.000422974
2026-08-08 16:16:21   

                      ------------------------------------------------------------------------------
2026-08-08 16:16:21   Mesh adaptation terminated because the desired accuracy limit is reached.

                      ------------------------------------------------------------------------------
2026-08-08 16:16:21     Total time               :	36 s

                      ------------------------------------------------------------------------------
2026-08-08 16:16:21   

                      ------------------------------------------------------------------------------
2026-08-08 16:16:21     Calculation 15 (Frequency: 12.832 THz, Theta: 0, Phi: 0)


                      ------------------------------------------------------------------------------
2026-08-08 16:16:21   Running the PortModeSolver.

                      ------------------------------------------------------------------------------
2026-08-08 16:16:23   Adaptive mesh refinement pass 1

                      ------------------------------------------------------------------------------
2026-08-08 16:16:29     Matrix setup time        :	0 s
                        Solver setup             :	2 s
                        Degrees of freedom       :	1037484
                        Number of mesh cells     :	157767

                        Stimulation port         :	Zmin
                        Mode number              :	1
                        Accuracy                 :	9.51749e-05
                        Iterations               :	7
                        Solver time              :	3 s


                      ------------------------------------------------------------------------------
2026-08-08 16:16:33   Adaptive mesh refinement pass 2

                      ------------------------------------------------------------------------------
2026-08-08 16:16:42     Matrix setup time        :	2 s
                        Solver setup             :	3 s
                        Degrees of freedom       :	1072414
                        Number of mesh cells     :	163104

                        Stimulation port         :	Zmin
                        Mode number              :	1
                        Accuracy                 :	9.31389e-05
                        Iterations               :	7
                        Solver time              :	3 s


                      ------------------------------------------------------------------------------
2026-08-08 16:16:43     Delta calculation        
2026-08-08 16:16:43     All S-Parameters         :	0.0001318
2026-08-08 16:16:43   

                      ------------------------------------------------------------------------------
2026-08-08 16:16:47   Adaptive mesh refinement pass 3

                      ------------------------------------------------------------------------------
2026-08-08 16:16:56     Matrix setup time        :	2 s
                        Solver setup             :	3 s
                        Degrees of freedom       :	1107102
                        Number of mesh cells     :	168402

                        Stimulation port         :	Zmin
                        Mode number              :	1
                        Accuracy                 :	9.14306e-05
                        Iterations               :	7
                        Solver time              :	3 s


                      ------------------------------------------------------------------------------
2026-08-08 16:16:57     Delta calculation        
2026-08-08 16:16:57     All S-Parameters         :	0.00010911
2026-08-08 16:16:57   

                      ------------------------------------------------------------------------------
2026-08-08 16:16:57   Mesh adaptation terminated because the desired accuracy limit is reached.

                      ------------------------------------------------------------------------------
2026-08-08 16:16:57     Total time               :	35 s

                      ------------------------------------------------------------------------------
2026-08-08 16:16:57   

                      ------------------------------------------------------------------------------
2026-08-08 16:16:57     Calculation 16 (Frequency: 20.248 THz, Theta: 0, Phi: 0)


                      ------------------------------------------------------------------------------
2026-08-08 16:16:57   Running the PortModeSolver.

                      ------------------------------------------------------------------------------
2026-08-08 16:16:58   Adaptive mesh refinement pass 1

                      ------------------------------------------------------------------------------
2026-08-08 16:17:08     Matrix setup time        :	1 s
                        Solver setup             :	2 s
                        Degrees of freedom       :	1107102
                        Number of mesh cells     :	168402

                        Stimulation port         :	Zmin
                        Mode number              :	1
                        Accuracy                 :	7.11223e-05
                        Iterations               :	11
                        Solver time              :	5 s


                      ------------------------------------------------------------------------------
2026-08-08 16:17:08   The input reflection seems to be large at 20.248 THz, Theta: 0, Phi: 0.  More...

                      ------------------------------------------------------------------------------
2026-08-08 16:17:12   Adaptive mesh refinement pass 2

                      ------------------------------------------------------------------------------
2026-08-08 16:17:24     Matrix setup time        :	2 s
                        Solver setup             :	3 s
                        Degrees of freedom       :	1142322
                        Number of mesh cells     :	173773

                        Stimulation port         :	Zmin
                        Mode number              :	1
                        Accuracy                 :	7.0279e-05
                        Iterations               :	11
                        Solver time              :	5 s


                      ------------------------------------------------------------------------------
2026-08-08 16:17:24     Delta calculation        
2026-08-08 16:17:24     All S-Parameters         :	0.00194647
2026-08-08 16:17:24   

                      ------------------------------------------------------------------------------
2026-08-08 16:17:28   Adaptive mesh refinement pass 3

                      ------------------------------------------------------------------------------
2026-08-08 16:17:39     Matrix setup time        :	2 s
                        Solver setup             :	3 s
                        Degrees of freedom       :	1177370
                        Number of mesh cells     :	179104

                        Stimulation port         :	Zmin
                        Mode number              :	1
                        Accuracy                 :	9.22021e-05
                        Iterations               :	10
                        Solver time              :	4 s


                      ------------------------------------------------------------------------------
2026-08-08 16:17:40     Delta calculation        
2026-08-08 16:17:40     All S-Parameters         :	0.000647615
2026-08-08 16:17:40   

                      ------------------------------------------------------------------------------
2026-08-08 16:17:40   Mesh adaptation terminated because the desired accuracy limit is reached.

                      ------------------------------------------------------------------------------
2026-08-08 16:17:40     Total time               :	42 s

                      ------------------------------------------------------------------------------
2026-08-08 16:17:40   

                      ------------------------------------------------------------------------------
2026-08-08 16:17:40     Calculation 17 (Frequency: 33.664 THz, Theta: 0, Phi: 0)


                      ------------------------------------------------------------------------------
2026-08-08 16:17:40   Running the PortModeSolver.

                      ------------------------------------------------------------------------------
2026-08-08 16:17:41   Adaptive mesh refinement pass 1

                      ------------------------------------------------------------------------------
2026-08-08 16:17:51     Matrix setup time        :	1 s
                        Solver setup             :	2 s
                        Degrees of freedom       :	1177370
                        Number of mesh cells     :	179104

                        Stimulation port         :	Zmin
                        Mode number              :	1
                        Accuracy                 :	8.26592e-05
                        Iterations               :	13
                        Solver time              :	6 s


                      ------------------------------------------------------------------------------
2026-08-08 16:17:56   Adaptive mesh refinement pass 2

                      ------------------------------------------------------------------------------
2026-08-08 16:18:08     Matrix setup time        :	2 s
                        Solver setup             :	3 s
                        Degrees of freedom       :	1211258
                        Number of mesh cells     :	184322

                        Stimulation port         :	Zmin
                        Mode number              :	1
                        Accuracy                 :	9.00329e-05
                        Iterations               :	11
                        Solver time              :	5 s


                      ------------------------------------------------------------------------------
2026-08-08 16:18:08     Delta calculation        
2026-08-08 16:18:08     All S-Parameters         :	0.000163215
2026-08-08 16:18:08   

                      ------------------------------------------------------------------------------
2026-08-08 16:18:13   Adaptive mesh refinement pass 3

                      ------------------------------------------------------------------------------
2026-08-08 16:18:26     Matrix setup time        :	2 s
                        Solver setup             :	4 s
                        Degrees of freedom       :	1245038
                        Number of mesh cells     :	189515

                        Stimulation port         :	Zmin
                        Mode number              :	1
                        Accuracy                 :	7.875e-05
                        Iterations               :	11
                        Solver time              :	6 s


                      ------------------------------------------------------------------------------
2026-08-08 16:18:26     Delta calculation        
2026-08-08 16:18:26     All S-Parameters         :	0.000143467
2026-08-08 16:18:26   

                      ------------------------------------------------------------------------------
2026-08-08 16:18:26   Mesh adaptation terminated because the desired accuracy limit is reached.

                      ------------------------------------------------------------------------------
2026-08-08 16:18:26     Total time               :	46 s

                      ------------------------------------------------------------------------------
2026-08-08 16:18:26   

                      ------------------------------------------------------------------------------
2026-08-08 16:18:26     Calculation 18 (Frequency: 26.92 THz, Theta: 0, Phi: 0)


                      ------------------------------------------------------------------------------
2026-08-08 16:18:26   Running the PortModeSolver.

                      ------------------------------------------------------------------------------
2026-08-08 16:18:28   Adaptive mesh refinement pass 1

                      ------------------------------------------------------------------------------
2026-08-08 16:18:40     Matrix setup time        :	1 s
                        Solver setup             :	3 s
                        Degrees of freedom       :	1245038
                        Number of mesh cells     :	189515

                        Stimulation port         :	Zmin
                        Mode number              :	1
                        Accuracy                 :	9.17708e-05
                        Iterations               :	13
                        Solver time              :	7 s


                      ------------------------------------------------------------------------------
2026-08-08 16:18:44   Adaptive mesh refinement pass 2

                      ------------------------------------------------------------------------------
2026-08-08 16:19:00     Matrix setup time        :	2 s
                        Solver setup             :	4 s
                        Degrees of freedom       :	1279938
                        Number of mesh cells     :	194824

                        Stimulation port         :	Zmin
                        Mode number              :	1
                        Accuracy                 :	7.76536e-05
                        Iterations               :	13
                        Solver time              :	7 s


                      ------------------------------------------------------------------------------
2026-08-08 16:19:00     Delta calculation        
2026-08-08 16:19:00     All S-Parameters         :	0.00024283
2026-08-08 16:19:00   

                      ------------------------------------------------------------------------------
2026-08-08 16:19:05   Adaptive mesh refinement pass 3

                      ------------------------------------------------------------------------------
2026-08-08 16:19:19     Matrix setup time        :	2 s
                        Solver setup             :	4 s
                        Degrees of freedom       :	1314134
                        Number of mesh cells     :	200069

                        Stimulation port         :	Zmin
                        Mode number              :	1
                        Accuracy                 :	9.49781e-05
                        Iterations               :	12
                        Solver time              :	7 s


                      ------------------------------------------------------------------------------
2026-08-08 16:19:20     Delta calculation        
2026-08-08 16:19:20     All S-Parameters         :	0.000129011
2026-08-08 16:19:20   

                      ------------------------------------------------------------------------------
2026-08-08 16:19:20   Mesh adaptation terminated because the desired accuracy limit is reached.

                      ------------------------------------------------------------------------------
2026-08-08 16:19:20     Total time               :	53 s

                      ------------------------------------------------------------------------------
2026-08-08 16:19:20   

                      ------------------------------------------------------------------------------
2026-08-08 16:19:20     Calculation 19 (Frequency: 33.16 THz, Theta: 0, Phi: 0)


                      ------------------------------------------------------------------------------
2026-08-08 16:19:20   Running the PortModeSolver.

                      ------------------------------------------------------------------------------
2026-08-08 16:19:21   Adaptive mesh refinement pass 1

                      ------------------------------------------------------------------------------
2026-08-08 16:19:33     Matrix setup time        :	1 s
                        Solver setup             :	3 s
                        Degrees of freedom       :	1314134
                        Number of mesh cells     :	200069

                        Stimulation port         :	Zmin
                        Mode number              :	1
                        Accuracy                 :	6.26646e-05
                        Iterations               :	11
                        Solver time              :	6 s


                      ------------------------------------------------------------------------------
2026-08-08 16:19:38   Adaptive mesh refinement pass 2

                      ------------------------------------------------------------------------------
2026-08-08 16:19:52     Matrix setup time        :	2 s
                        Solver setup             :	4 s
                        Degrees of freedom       :	1347974
                        Number of mesh cells     :	205279

                        Stimulation port         :	Zmin
                        Mode number              :	1
                        Accuracy                 :	6.59956e-05
                        Iterations               :	11
                        Solver time              :	6 s


                      ------------------------------------------------------------------------------
2026-08-08 16:19:52     Delta calculation        
2026-08-08 16:19:52     All S-Parameters         :	0.000110379
2026-08-08 16:19:52   

                      ------------------------------------------------------------------------------
2026-08-08 16:19:57   Adaptive mesh refinement pass 3

                      ------------------------------------------------------------------------------
2026-08-08 16:20:11     Matrix setup time        :	2 s
                        Solver setup             :	4 s
                        Degrees of freedom       :	1382020
                        Number of mesh cells     :	210508

                        Stimulation port         :	Zmin
                        Mode number              :	1
                        Accuracy                 :	7.11436e-05
                        Iterations               :	11
                        Solver time              :	6 s


                      ------------------------------------------------------------------------------
2026-08-08 16:20:12     Delta calculation        
2026-08-08 16:20:12     All S-Parameters         :	9.62493e-05
2026-08-08 16:20:12   

                      ------------------------------------------------------------------------------
2026-08-08 16:20:12   Mesh adaptation terminated because the desired accuracy limit is reached.

                      ------------------------------------------------------------------------------
2026-08-08 16:20:12     Total time               :	51 s

                      ------------------------------------------------------------------------------
2026-08-08 16:20:12   

                      ------------------------------------------------------------------------------
2026-08-08 16:20:12     Calculation 20 (Frequency: 21.232 THz, Theta: 0, Phi: 0)


                      ------------------------------------------------------------------------------
2026-08-08 16:20:12   Running the PortModeSolver.

                      ------------------------------------------------------------------------------
2026-08-08 16:20:13   Adaptive mesh refinement pass 1

                      ------------------------------------------------------------------------------
2026-08-08 16:20:25     Matrix setup time        :	1 s
                        Solver setup             :	3 s
                        Degrees of freedom       :	1382020
                        Number of mesh cells     :	210508

                        Stimulation port         :	Zmin
                        Mode number              :	1
                        Accuracy                 :	5.51666e-05
                        Iterations               :	12
                        Solver time              :	7 s


                      ------------------------------------------------------------------------------
2026-08-08 16:20:30   Adaptive mesh refinement pass 2

                      ------------------------------------------------------------------------------
2026-08-08 16:20:45     Matrix setup time        :	2 s
                        Solver setup             :	4 s
                        Degrees of freedom       :	1417134
                        Number of mesh cells     :	215842

                        Stimulation port         :	Zmin
                        Mode number              :	1
                        Accuracy                 :	4.987e-05
                        Iterations               :	12
                        Solver time              :	7 s


                      ------------------------------------------------------------------------------
2026-08-08 16:20:46     Delta calculation        
2026-08-08 16:20:46     All S-Parameters         :	0.00109015
2026-08-08 16:20:46   

                      ------------------------------------------------------------------------------
2026-08-08 16:20:51   Adaptive mesh refinement pass 3

                      ------------------------------------------------------------------------------
2026-08-08 16:21:08     Matrix setup time        :	3 s
                        Solver setup             :	5 s
                        Degrees of freedom       :	1452396
                        Number of mesh cells     :	221198

                        Stimulation port         :	Zmin
                        Mode number              :	1
                        Accuracy                 :	5.36509e-05
                        Iterations               :	12
                        Solver time              :	8 s


                      ------------------------------------------------------------------------------
2026-08-08 16:21:08     Delta calculation        
2026-08-08 16:21:08     All S-Parameters         :	0.000956266
2026-08-08 16:21:08   

                      ------------------------------------------------------------------------------
2026-08-08 16:21:08   Mesh adaptation terminated because the desired accuracy limit is reached.

                      ------------------------------------------------------------------------------
2026-08-08 16:21:08     Total time               :	56 s

                      ------------------------------------------------------------------------------
2026-08-08 16:21:08   

                      ------------------------------------------------------------------------------
2026-08-08 16:21:08     Calculation 21 (Frequency: 28.624 THz, Theta: 0, Phi: 0)


                      ------------------------------------------------------------------------------
2026-08-08 16:21:08   Running the PortModeSolver.

                      ------------------------------------------------------------------------------
2026-08-08 16:21:10   Adaptive mesh refinement pass 1

                      ------------------------------------------------------------------------------
2026-08-08 16:21:23     Matrix setup time        :	1 s
                        Solver setup             :	4 s
                        Degrees of freedom       :	1452396
                        Number of mesh cells     :	221198

                        Stimulation port         :	Zmin
                        Mode number              :	1
                        Accuracy                 :	7.08295e-05
                        Iterations               :	11
                        Solver time              :	7 s


                      ------------------------------------------------------------------------------
2026-08-08 16:21:28   Adaptive mesh refinement pass 2

                      ------------------------------------------------------------------------------
2026-08-08 16:21:43     Matrix setup time        :	3 s
                        Solver setup             :	5 s
                        Degrees of freedom       :	1486486
                        Number of mesh cells     :	226447

                        Stimulation port         :	Zmin
                        Mode number              :	1
                        Accuracy                 :	9.67161e-05
                        Iterations               :	10
                        Solver time              :	6 s


                      ------------------------------------------------------------------------------
2026-08-08 16:21:44     Delta calculation        
2026-08-08 16:21:44     All S-Parameters         :	0.00012572
2026-08-08 16:21:44   

                      ------------------------------------------------------------------------------
2026-08-08 16:21:49   Adaptive mesh refinement pass 3

                      ------------------------------------------------------------------------------
2026-08-08 16:22:04     Matrix setup time        :	3 s
                        Solver setup             :	5 s
                        Degrees of freedom       :	1520798
                        Number of mesh cells     :	231728

                        Stimulation port         :	Zmin
                        Mode number              :	1
                        Accuracy                 :	8.58954e-05
                        Iterations               :	10
                        Solver time              :	6 s


                      ------------------------------------------------------------------------------
2026-08-08 16:22:05     Delta calculation        
2026-08-08 16:22:05     All S-Parameters         :	0.000115965
2026-08-08 16:22:05   

                      ------------------------------------------------------------------------------
2026-08-08 16:22:05   Mesh adaptation terminated because the desired accuracy limit is reached.

                      ------------------------------------------------------------------------------
2026-08-08 16:22:05     Total time               :	56 s

                      ------------------------------------------------------------------------------
2026-08-08 16:22:05   

                      ------------------------------------------------------------------------------
2026-08-08 16:22:05     Calculation 22 (Frequency: 26.8 THz, Theta: 0, Phi: 0)


                      ------------------------------------------------------------------------------
2026-08-08 16:22:05   Running the PortModeSolver.

                      ------------------------------------------------------------------------------
2026-08-08 16:22:06   Adaptive mesh refinement pass 1

                      ------------------------------------------------------------------------------
2026-08-08 16:22:20     Matrix setup time        :	1 s
                        Solver setup             :	3 s
                        Degrees of freedom       :	1520798
                        Number of mesh cells     :	231728

                        Stimulation port         :	Zmin
                        Mode number              :	1
                        Accuracy                 :	6.88818e-05
                        Iterations               :	13
                        Solver time              :	8 s


                      ------------------------------------------------------------------------------
2026-08-08 16:22:21   The input reflection seems to be large at 26.8 THz, Theta: 0, Phi: 0.  More...

                      ------------------------------------------------------------------------------
2026-08-08 16:22:26   Adaptive mesh refinement pass 2

                      ------------------------------------------------------------------------------
2026-08-08 16:22:44     Matrix setup time        :	3 s
                        Solver setup             :	5 s
                        Degrees of freedom       :	1555562
                        Number of mesh cells     :	237041

                        Stimulation port         :	Zmin
                        Mode number              :	1
                        Accuracy                 :	5.96554e-05
                        Iterations               :	13
                        Solver time              :	9 s


                      ------------------------------------------------------------------------------
2026-08-08 16:22:45     Delta calculation        
2026-08-08 16:22:45     All S-Parameters         :	4.70974e-05
2026-08-08 16:22:45   

                      ------------------------------------------------------------------------------
2026-08-08 16:22:50   Adaptive mesh refinement pass 3

                      ------------------------------------------------------------------------------
2026-08-08 16:23:09     Matrix setup time        :	3 s
                        Solver setup             :	6 s
                        Degrees of freedom       :	1589820
                        Number of mesh cells     :	242298

                        Stimulation port         :	Zmin
                        Mode number              :	1
                        Accuracy                 :	5.93723e-05
                        Iterations               :	13
                        Solver time              :	9 s


                      ------------------------------------------------------------------------------
2026-08-08 16:23:09     Delta calculation        
2026-08-08 16:23:09     All S-Parameters         :	0.000128215
2026-08-08 16:23:09   

                      ------------------------------------------------------------------------------
2026-08-08 16:23:09   Mesh adaptation terminated because the desired accuracy limit is reached.

                      ------------------------------------------------------------------------------
2026-08-08 16:23:10     Total time               :	64 s	 (= 0 h, 01 m, 04 s)

                      ------------------------------------------------------------------------------
2026-08-08 16:23:10   

                      ------------------------------------------------------------------------------
2026-08-08 16:23:10     Calculation 23 (Frequency: 28.312 THz, Theta: 0, Phi: 0)


                      ------------------------------------------------------------------------------
2026-08-08 16:23:10   Running the PortModeSolver.

                      ------------------------------------------------------------------------------
2026-08-08 16:23:11   Adaptive mesh refinement pass 1

                      ------------------------------------------------------------------------------
2026-08-08 16:23:24     Matrix setup time        :	1 s
                        Solver setup             :	4 s
                        Degrees of freedom       :	1589820
                        Number of mesh cells     :	242298

                        Stimulation port         :	Zmin
                        Mode number              :	1
                        Accuracy                 :	8.22888e-05
                        Iterations               :	10
                        Solver time              :	7 s


                      ------------------------------------------------------------------------------
2026-08-08 16:23:30   Adaptive mesh refinement pass 2

                      ------------------------------------------------------------------------------
2026-08-08 16:23:47     Matrix setup time        :	3 s
                        Solver setup             :	6 s
                        Degrees of freedom       :	1623674
                        Number of mesh cells     :	247510

                        Stimulation port         :	Zmin
                        Mode number              :	1
                        Accuracy                 :	8.00369e-05
                        Iterations               :	10
                        Solver time              :	7 s


                      ------------------------------------------------------------------------------
2026-08-08 16:23:48     Delta calculation        
2026-08-08 16:23:48     All S-Parameters         :	9.42432e-05
2026-08-08 16:23:48   

                      ------------------------------------------------------------------------------
2026-08-08 16:23:53   Adaptive mesh refinement pass 3

                      ------------------------------------------------------------------------------
2026-08-08 16:24:11     Matrix setup time        :	3 s
                        Solver setup             :	6 s
                        Degrees of freedom       :	1658168
                        Number of mesh cells     :	252797

                        Stimulation port         :	Zmin
                        Mode number              :	1
                        Accuracy                 :	7.90968e-05
                        Iterations               :	10
                        Solver time              :	7 s


                      ------------------------------------------------------------------------------
2026-08-08 16:24:12     Delta calculation        
2026-08-08 16:24:12     All S-Parameters         :	0.000136313
2026-08-08 16:24:12   

                      ------------------------------------------------------------------------------
2026-08-08 16:24:12   Mesh adaptation terminated because the desired accuracy limit is reached.

                      ------------------------------------------------------------------------------
2026-08-08 16:24:12     Total time               :	62 s	 (= 0 h, 01 m, 02 s)

                      ------------------------------------------------------------------------------
2026-08-08 16:24:12   

                      ------------------------------------------------------------------------------
2026-08-08 16:24:12     Calculation 24 (Frequency: 29.704 THz, Theta: 0, Phi: 0)


                      ------------------------------------------------------------------------------
2026-08-08 16:24:12   Running the PortModeSolver.

                      ------------------------------------------------------------------------------
2026-08-08 16:24:14   Adaptive mesh refinement pass 1

                      ------------------------------------------------------------------------------
2026-08-08 16:24:28     Matrix setup time        :	1 s
                        Solver setup             :	5 s
                        Degrees of freedom       :	1658168
                        Number of mesh cells     :	252797

                        Stimulation port         :	Zmin
                        Mode number              :	1
                        Accuracy                 :	6.83518e-05
                        Iterations               :	10
                        Solver time              :	7 s


                      ------------------------------------------------------------------------------
2026-08-08 16:24:34   Adaptive mesh refinement pass 2

                      ------------------------------------------------------------------------------
2026-08-08 16:24:53     Matrix setup time        :	3 s
                        Solver setup             :	7 s
                        Degrees of freedom       :	1691636
                        Number of mesh cells     :	257989

                        Stimulation port         :	Zmin
                        Mode number              :	1
                        Accuracy                 :	8.03328e-05
                        Iterations               :	10
                        Solver time              :	8 s


                      ------------------------------------------------------------------------------
2026-08-08 16:24:54     Delta calculation        
2026-08-08 16:24:54     All S-Parameters         :	2.69098e-05
2026-08-08 16:24:54   

                      ------------------------------------------------------------------------------
2026-08-08 16:25:00   Adaptive mesh refinement pass 3

                      ------------------------------------------------------------------------------
2026-08-08 16:25:18     Matrix setup time        :	3 s
                        Solver setup             :	7 s
                        Degrees of freedom       :	1725534
                        Number of mesh cells     :	263226

                        Stimulation port         :	Zmin
                        Mode number              :	1
                        Accuracy                 :	7.66143e-05
                        Iterations               :	10
                        Solver time              :	8 s


                      ------------------------------------------------------------------------------
2026-08-08 16:25:19     Delta calculation        
2026-08-08 16:25:19     All S-Parameters         :	3.41977e-05
2026-08-08 16:25:19   

                      ------------------------------------------------------------------------------
2026-08-08 16:25:19   Mesh adaptation terminated because the desired accuracy limit is reached.

                      ------------------------------------------------------------------------------
2026-08-08 16:25:19     Total time               :	66 s	 (= 0 h, 01 m, 06 s)

                      ------------------------------------------------------------------------------
2026-08-08 16:25:19   

                      ------------------------------------------------------------------------------
2026-08-08 16:25:19     Calculation 25 (Frequency: 24.952 THz, Theta: 0, Phi: 0)


                      ------------------------------------------------------------------------------
2026-08-08 16:25:19   Running the PortModeSolver.

                      ------------------------------------------------------------------------------
2026-08-08 16:25:21   Adaptive mesh refinement pass 1

                      ------------------------------------------------------------------------------
2026-08-08 16:25:37     Matrix setup time        :	1 s
                        Solver setup             :	5 s
                        Degrees of freedom       :	1725534
                        Number of mesh cells     :	263226

                        Stimulation port         :	Zmin
                        Mode number              :	1
                        Accuracy                 :	7.35773e-05
                        Iterations               :	11
                        Solver time              :	8 s


                      ------------------------------------------------------------------------------
2026-08-08 16:25:37   The input reflection seems to be large at 24.952 THz, Theta: 0, Phi: 0.  More...

                      ------------------------------------------------------------------------------
2026-08-08 16:25:43   Adaptive mesh refinement pass 2

                      ------------------------------------------------------------------------------
2026-08-08 16:26:00     Matrix setup time        :	3 s
                        Solver setup             :	6 s
                        Degrees of freedom       :	1759680
                        Number of mesh cells     :	268470

                        Stimulation port         :	Zmin
                        Mode number              :	1
                        Accuracy                 :	9.56742e-05
                        Iterations               :	9
                        Solver time              :	7 s


                      ------------------------------------------------------------------------------
2026-08-08 16:26:01     Delta calculation        
2026-08-08 16:26:01     All S-Parameters         :	0.0002206
2026-08-08 16:26:01   

                      ------------------------------------------------------------------------------
2026-08-08 16:26:07   Adaptive mesh refinement pass 3

                      ------------------------------------------------------------------------------
2026-08-08 16:26:27     Matrix setup time        :	3 s
                        Solver setup             :	8 s
                        Degrees of freedom       :	1794516
                        Number of mesh cells     :	273804

                        Stimulation port         :	Zmin
                        Mode number              :	1
                        Accuracy                 :	9.63852e-05
                        Iterations               :	9
                        Solver time              :	7 s


                      ------------------------------------------------------------------------------
2026-08-08 16:26:28     Delta calculation        
2026-08-08 16:26:28     All S-Parameters         :	9.75623e-05
2026-08-08 16:26:28   

                      ------------------------------------------------------------------------------
2026-08-08 16:26:28   Mesh adaptation terminated because the desired accuracy limit is reached.

                      ------------------------------------------------------------------------------
2026-08-08 16:26:28     Total time               :	68 s	 (= 0 h, 01 m, 08 s)

                      ------------------------------------------------------------------------------
2026-08-08 16:26:28   

                      ------------------------------------------------------------------------------
2026-08-08 16:26:28     Calculation 26 (Frequency: 32.32 THz, Theta: 0, Phi: 0)


                      ------------------------------------------------------------------------------
2026-08-08 16:26:28   Running the PortModeSolver.

                      ------------------------------------------------------------------------------
2026-08-08 16:26:29   Adaptive mesh refinement pass 1

                      ------------------------------------------------------------------------------
2026-08-08 16:26:48     Matrix setup time        :	1 s
                        Solver setup             :	7 s
                        Degrees of freedom       :	1794516
                        Number of mesh cells     :	273804

                        Stimulation port         :	Zmin
                        Mode number              :	1
                        Accuracy                 :	9.94502e-05
                        Iterations               :	11
                        Solver time              :	9 s


                      ------------------------------------------------------------------------------
2026-08-08 16:26:54   Adaptive mesh refinement pass 2

                      ------------------------------------------------------------------------------
2026-08-08 16:27:14     Matrix setup time        :	3 s
                        Solver setup             :	7 s
                        Degrees of freedom       :	1828196
                        Number of mesh cells     :	279036

                        Stimulation port         :	Zmin
                        Mode number              :	1
                        Accuracy                 :	6.04434e-05
                        Iterations               :	10
                        Solver time              :	8 s


                      ------------------------------------------------------------------------------
2026-08-08 16:27:14     Delta calculation        
2026-08-08 16:27:14     All S-Parameters         :	6.6974e-05
2026-08-08 16:27:14   

                      ------------------------------------------------------------------------------
2026-08-08 16:27:21   Adaptive mesh refinement pass 3

                      ------------------------------------------------------------------------------
2026-08-08 16:27:41     Matrix setup time        :	3 s
                        Solver setup             :	8 s
                        Degrees of freedom       :	1862106
                        Number of mesh cells     :	284270

                        Stimulation port         :	Zmin
                        Mode number              :	1
                        Accuracy                 :	6.11707e-05
                        Iterations               :	10
                        Solver time              :	8 s


                      ------------------------------------------------------------------------------
2026-08-08 16:27:42     Delta calculation        
2026-08-08 16:27:42     All S-Parameters         :	7.60362e-05
2026-08-08 16:27:42   

                      ------------------------------------------------------------------------------
2026-08-08 16:27:42   Mesh adaptation terminated because the desired accuracy limit is reached.

                      ------------------------------------------------------------------------------
2026-08-08 16:27:42     Total time               :	73 s	 (= 0 h, 01 m, 13 s)

                      ------------------------------------------------------------------------------
2026-08-08 16:27:42   

                      ------------------------------------------------------------------------------
2026-08-08 16:27:42     Calculation 27 (Frequency: 29.128 THz, Theta: 0, Phi: 0)


                      ------------------------------------------------------------------------------
2026-08-08 16:27:42   Running the PortModeSolver.

                      ------------------------------------------------------------------------------
2026-08-08 16:27:43   Adaptive mesh refinement pass 1

                      ------------------------------------------------------------------------------
2026-08-08 16:28:01     Matrix setup time        :	1 s
                        Solver setup             :	6 s
                        Degrees of freedom       :	1862106
                        Number of mesh cells     :	284270

                        Stimulation port         :	Zmin
                        Mode number              :	1
                        Accuracy                 :	6.33847e-05
                        Iterations               :	11
                        Solver time              :	9 s


                      ------------------------------------------------------------------------------
2026-08-08 16:28:08   Adaptive mesh refinement pass 2

                      ------------------------------------------------------------------------------
2026-08-08 16:28:29     Matrix setup time        :	4 s
                        Solver setup             :	8 s
                        Degrees of freedom       :	1896420
                        Number of mesh cells     :	289521

                        Stimulation port         :	Zmin
                        Mode number              :	1
                        Accuracy                 :	7.06837e-05
                        Iterations               :	10
                        Solver time              :	8 s


                      ------------------------------------------------------------------------------
2026-08-08 16:28:30     Delta calculation        
2026-08-08 16:28:30     All S-Parameters         :	9.87917e-05
2026-08-08 16:28:30   

                      ------------------------------------------------------------------------------
2026-08-08 16:28:37   Adaptive mesh refinement pass 3

                      ------------------------------------------------------------------------------
2026-08-08 16:28:58     Matrix setup time        :	4 s
                        Solver setup             :	8 s
                        Degrees of freedom       :	1930914
                        Number of mesh cells     :	294813

                        Stimulation port         :	Zmin
                        Mode number              :	1
                        Accuracy                 :	6.54995e-05
                        Iterations               :	10
                        Solver time              :	8 s


                      ------------------------------------------------------------------------------
2026-08-08 16:28:58     Delta calculation        
2026-08-08 16:28:58     All S-Parameters         :	4.79182e-05
2026-08-08 16:28:58   

                      ------------------------------------------------------------------------------
2026-08-08 16:28:58   Mesh adaptation terminated because the desired accuracy limit is reached.

                      ------------------------------------------------------------------------------
2026-08-08 16:28:58     Total time               :	76 s	 (= 0 h, 01 m, 16 s)

                      ------------------------------------------------------------------------------
2026-08-08 16:28:58   

                      ------------------------------------------------------------------------------
2026-08-08 16:28:58     Calculation 28 (Frequency: 30.784 THz, Theta: 0, Phi: 0)


                      ------------------------------------------------------------------------------
2026-08-08 16:28:58   Running the PortModeSolver.

                      ------------------------------------------------------------------------------
2026-08-08 16:29:00   Adaptive mesh refinement pass 1

                      ------------------------------------------------------------------------------
2026-08-08 16:29:15     Matrix setup time        :	1 s
                        Solver setup             :	5 s
                        Degrees of freedom       :	1930914
                        Number of mesh cells     :	294813

                        Stimulation port         :	Zmin
                        Mode number              :	1
                        Accuracy                 :	9.90323e-05
                        Iterations               :	9
                        Solver time              :	7 s


                      ------------------------------------------------------------------------------
2026-08-08 16:29:22   Adaptive mesh refinement pass 2

                      ------------------------------------------------------------------------------
2026-08-08 16:29:45     Matrix setup time        :	4 s
                        Solver setup             :	9 s
                        Degrees of freedom       :	1964466
                        Number of mesh cells     :	300018

                        Stimulation port         :	Zmin
                        Mode number              :	1
                        Accuracy                 :	8.19299e-05
                        Iterations               :	10
                        Solver time              :	8 s


                      ------------------------------------------------------------------------------
2026-08-08 16:29:46     Delta calculation        
2026-08-08 16:29:46     All S-Parameters         :	3.99353e-05
2026-08-08 16:29:46   

                      ------------------------------------------------------------------------------
2026-08-08 16:29:52   Adaptive mesh refinement pass 3

                      ------------------------------------------------------------------------------
2026-08-08 16:30:17     Matrix setup time        :	4 s
                        Solver setup             :	11 s
                        Degrees of freedom       :	1998328
                        Number of mesh cells     :	305256

                        Stimulation port         :	Zmin
                        Mode number              :	1
                        Accuracy                 :	9.39399e-05
                        Iterations               :	9
                        Solver time              :	9 s


                      ------------------------------------------------------------------------------
2026-08-08 16:30:18     Delta calculation        
2026-08-08 16:30:18     All S-Parameters         :	8.26488e-05
2026-08-08 16:30:18   

                      ------------------------------------------------------------------------------
2026-08-08 16:30:18   Mesh adaptation terminated because the desired accuracy limit is reached.

                      ------------------------------------------------------------------------------
2026-08-08 16:30:18     Total time               :	79 s	 (= 0 h, 01 m, 19 s)

                      ------------------------------------------------------------------------------
2026-08-08 16:30:18   

                      ------------------------------------------------------------------------------
2026-08-08 16:30:18     Calculation 29 (Frequency: 11.32 THz, Theta: 0, Phi: 0)


                      ------------------------------------------------------------------------------
2026-08-08 16:30:18   Running the PortModeSolver.

                      ------------------------------------------------------------------------------
2026-08-08 16:30:19   Adaptive mesh refinement pass 1

                      ------------------------------------------------------------------------------
2026-08-08 16:30:37     Matrix setup time        :	1 s
                        Solver setup             :	9 s
                        Degrees of freedom       :	1998328
                        Number of mesh cells     :	305256

                        Stimulation port         :	Zmin
                        Mode number              :	1
                        Accuracy                 :	9.3154e-05
                        Iterations               :	6
                        Solver time              :	6 s


                      ------------------------------------------------------------------------------
2026-08-08 16:30:44   Adaptive mesh refinement pass 2

                      ------------------------------------------------------------------------------
2026-08-08 16:31:04     Matrix setup time        :	4 s
                        Solver setup             :	9 s
                        Degrees of freedom       :	2032686
                        Number of mesh cells     :	310530

                        Stimulation port         :	Zmin
                        Mode number              :	1
                        Accuracy                 :	9.32335e-05
                        Iterations               :	6
                        Solver time              :	6 s


                      ------------------------------------------------------------------------------
2026-08-08 16:31:05     Delta calculation        
2026-08-08 16:31:05     All S-Parameters         :	0.000112091
2026-08-08 16:31:05   

                      ------------------------------------------------------------------------------
2026-08-08 16:31:11   Adaptive mesh refinement pass 3

                      ------------------------------------------------------------------------------
2026-08-08 16:31:33     Matrix setup time        :	4 s
                        Solver setup             :	10 s
                        Degrees of freedom       :	2067208
                        Number of mesh cells     :	315826

                        Stimulation port         :	Zmin
                        Mode number              :	1
                        Accuracy                 :	9.38411e-05
                        Iterations               :	6
                        Solver time              :	6 s


                      ------------------------------------------------------------------------------
2026-08-08 16:31:33     Delta calculation        
2026-08-08 16:31:33     All S-Parameters         :	7.75204e-05
2026-08-08 16:31:33   

                      ------------------------------------------------------------------------------
2026-08-08 16:31:33   Mesh adaptation terminated because the desired accuracy limit is reached.

                      ------------------------------------------------------------------------------
2026-08-08 16:31:33     Total time               :	75 s	 (= 0 h, 01 m, 15 s)

                      ------------------------------------------------------------------------------
2026-08-08 16:31:33   

                      ------------------------------------------------------------------------------
2026-08-08 16:31:33     Calculation 30 (Frequency: 21.76 THz, Theta: 0, Phi: 0)


                      ------------------------------------------------------------------------------
2026-08-08 16:31:34   Running the PortModeSolver.

                      ------------------------------------------------------------------------------
2026-08-08 16:31:35   Adaptive mesh refinement pass 1

                      ------------------------------------------------------------------------------
2026-08-08 16:31:57     Matrix setup time        :	2 s
                        Solver setup             :	8 s
                        Degrees of freedom       :	2067208
                        Number of mesh cells     :	315826

                        Stimulation port         :	Zmin
                        Mode number              :	1
                        Accuracy                 :	5.14865e-05
                        Iterations               :	11
                        Solver time              :	11 s


                      ------------------------------------------------------------------------------
2026-08-08 16:32:04   Adaptive mesh refinement pass 2

                      ------------------------------------------------------------------------------
2026-08-08 16:32:28     Matrix setup time        :	4 s
                        Solver setup             :	9 s
                        Degrees of freedom       :	2101270
                        Number of mesh cells     :	321078

                        Stimulation port         :	Zmin
                        Mode number              :	1
                        Accuracy                 :	9.53152e-05
                        Iterations               :	10
                        Solver time              :	9 s


                      ------------------------------------------------------------------------------
2026-08-08 16:32:29     Delta calculation        
2026-08-08 16:32:29     All S-Parameters         :	0.00130457
2026-08-08 16:32:29   

                      ------------------------------------------------------------------------------
2026-08-08 16:32:35   Adaptive mesh refinement pass 3

                      ------------------------------------------------------------------------------
2026-08-08 16:33:01     Matrix setup time        :	4 s
                        Solver setup             :	10 s
                        Degrees of freedom       :	2135898
                        Number of mesh cells     :	326372

                        Stimulation port         :	Zmin
                        Mode number              :	1
                        Accuracy                 :	9.38352e-05
                        Iterations               :	10
                        Solver time              :	10 s


                      ------------------------------------------------------------------------------
2026-08-08 16:33:02     Delta calculation        
2026-08-08 16:33:02     All S-Parameters         :	0.000726442
2026-08-08 16:33:02   

                      ------------------------------------------------------------------------------
2026-08-08 16:33:02   Mesh adaptation terminated because the desired accuracy limit is reached.

                      ------------------------------------------------------------------------------
2026-08-08 16:33:02     Total time               :	88 s	 (= 0 h, 01 m, 28 s)

                      ------------------------------------------------------------------------------
2026-08-08 16:33:02   

                      ------------------------------------------------------------------------------
2026-08-08 16:33:02     Calculation 31 (Frequency: 26.392 THz, Theta: 0, Phi: 0)


                      ------------------------------------------------------------------------------
2026-08-08 16:33:02   Running the PortModeSolver.

                      ------------------------------------------------------------------------------
2026-08-08 16:33:03   Adaptive mesh refinement pass 1

                      ------------------------------------------------------------------------------
2026-08-08 16:33:27     Matrix setup time        :	2 s
                        Solver setup             :	8 s
                        Degrees of freedom       :	2135898
                        Number of mesh cells     :	326372

                        Stimulation port         :	Zmin
                        Mode number              :	1
                        Accuracy                 :	6.97778e-05
                        Iterations               :	13
                        Solver time              :	13 s


                      ------------------------------------------------------------------------------
2026-08-08 16:33:27   The input reflection seems to be large at 26.392 THz, Theta: 0, Phi: 0.  More...

                      ------------------------------------------------------------------------------
2026-08-08 16:33:34   Adaptive mesh refinement pass 2

                      ------------------------------------------------------------------------------
2026-08-08 16:34:04     Matrix setup time        :	4 s
                        Solver setup             :	11 s
                        Degrees of freedom       :	2171138
                        Number of mesh cells     :	331730

                        Stimulation port         :	Zmin
                        Mode number              :	1
                        Accuracy                 :	5.11215e-05
                        Iterations               :	12
                        Solver time              :	12 s


                      ------------------------------------------------------------------------------
2026-08-08 16:34:04     Delta calculation        
2026-08-08 16:34:04     All S-Parameters         :	0.000285216
2026-08-08 16:34:04   

                      ------------------------------------------------------------------------------
2026-08-08 16:34:12   Adaptive mesh refinement pass 3

                      ------------------------------------------------------------------------------
2026-08-08 16:34:38     Matrix setup time        :	4 s
                        Solver setup             :	9 s
                        Degrees of freedom       :	2206402
                        Number of mesh cells     :	337097

                        Stimulation port         :	Zmin
                        Mode number              :	1
                        Accuracy                 :	5.35611e-05
                        Iterations               :	12
                        Solver time              :	12 s


                      ------------------------------------------------------------------------------
2026-08-08 16:34:39     Delta calculation        
2026-08-08 16:34:39     All S-Parameters         :	0.000149036
2026-08-08 16:34:39   

                      ------------------------------------------------------------------------------
2026-08-08 16:34:39   Mesh adaptation terminated because the desired accuracy limit is reached.

                      ------------------------------------------------------------------------------
2026-08-08 16:34:39     Total time               :	97 s	 (= 0 h, 01 m, 37 s)

                      ------------------------------------------------------------------------------
2026-08-08 16:34:39   

                      ------------------------------------------------------------------------------
2026-08-08 16:34:39     Calculation 32 (Frequency: 26.56 THz, Theta: 0, Phi: 0)


                      ------------------------------------------------------------------------------
2026-08-08 16:34:39   Running the PortModeSolver.

                      ------------------------------------------------------------------------------
2026-08-08 16:34:41   Adaptive mesh refinement pass 1

                      ------------------------------------------------------------------------------
2026-08-08 16:35:02     Matrix setup time        :	2 s
                        Solver setup             :	7 s
                        Degrees of freedom       :	2206402
                        Number of mesh cells     :	337097

                        Stimulation port         :	Zmin
                        Mode number              :	1
                        Accuracy                 :	9.50066e-05
                        Iterations               :	12
                        Solver time              :	12 s


                      ------------------------------------------------------------------------------
2026-08-08 16:35:03   The input reflection seems to be large at 26.56 THz, Theta: 0, Phi: 0.  More...

                      ------------------------------------------------------------------------------
2026-08-08 16:35:10   Adaptive mesh refinement pass 2

                      ------------------------------------------------------------------------------
2026-08-08 16:35:42     Matrix setup time        :	4 s
                        Solver setup             :	10 s
                        Degrees of freedom       :	2240492
                        Number of mesh cells     :	342317

                        Stimulation port         :	Zmin
                        Mode number              :	1
                        Accuracy                 :	9.68116e-05
                        Iterations               :	16
                        Solver time              :	17 s


                      ------------------------------------------------------------------------------
2026-08-08 16:35:43     Delta calculation        
2026-08-08 16:35:43     All S-Parameters         :	0.000220193
2026-08-08 16:35:43   

                      ------------------------------------------------------------------------------
2026-08-08 16:35:49   Adaptive mesh refinement pass 3

                      ------------------------------------------------------------------------------
2026-08-08 16:36:23     Matrix setup time        :	4 s
                        Solver setup             :	10 s
                        Degrees of freedom       :	2274406
                        Number of mesh cells     :	347539

                        Stimulation port         :	Zmin
                        Mode number              :	1
                        Accuracy                 :	8.93769e-05
                        Iterations               :	17
                        Solver time              :	18 s


                      ------------------------------------------------------------------------------
2026-08-08 16:36:24     Delta calculation        
2026-08-08 16:36:24     All S-Parameters         :	5.69144e-05
2026-08-08 16:36:24   

                      ------------------------------------------------------------------------------
2026-08-08 16:36:24   Mesh adaptation terminated because the desired accuracy limit is reached.

                      ------------------------------------------------------------------------------
2026-08-08 16:36:24     Total time               :	104 s	 (= 0 h, 01 m, 44 s)

                      ------------------------------------------------------------------------------
2026-08-08 16:36:24   

                      ------------------------------------------------------------------------------
2026-08-08 16:36:24     Calculation 33 (Frequency: 26.488 THz, Theta: 0, Phi: 0)


                      ------------------------------------------------------------------------------
2026-08-08 16:36:24   Running the PortModeSolver.

                      ------------------------------------------------------------------------------
2026-08-08 16:36:25   Adaptive mesh refinement pass 1

                      ------------------------------------------------------------------------------
2026-08-08 16:36:52     Matrix setup time        :	2 s
                        Solver setup             :	7 s
                        Degrees of freedom       :	2274406
                        Number of mesh cells     :	347539

                        Stimulation port         :	Zmin
                        Mode number              :	1
                        Accuracy                 :	4.56959e-05
                        Iterations               :	16
                        Solver time              :	17 s


                      ------------------------------------------------------------------------------
2026-08-08 16:36:53   The input reflection seems to be large at 26.488 THz, Theta: 0, Phi: 0.  More...

                      ------------------------------------------------------------------------------
2026-08-08 16:37:01   Adaptive mesh refinement pass 2

                      ------------------------------------------------------------------------------
2026-08-08 16:37:35     Matrix setup time        :	4 s
                        Solver setup             :	12 s
                        Degrees of freedom       :	2308964
                        Number of mesh cells     :	352823

                        Stimulation port         :	Zmin
                        Mode number              :	1
                        Accuracy                 :	6.89184e-05
                        Iterations               :	15
                        Solver time              :	17 s


                      ------------------------------------------------------------------------------
2026-08-08 16:37:36     Delta calculation        
2026-08-08 16:37:36     All S-Parameters         :	8.55999e-05
2026-08-08 16:37:36   

                      ------------------------------------------------------------------------------
2026-08-08 16:37:44   Adaptive mesh refinement pass 3

                      ------------------------------------------------------------------------------
2026-08-08 16:38:16     Matrix setup time        :	4 s
                        Solver setup             :	10 s
                        Degrees of freedom       :	2343712
                        Number of mesh cells     :	358138

                        Stimulation port         :	Zmin
                        Mode number              :	1
                        Accuracy                 :	7.13097e-05
                        Iterations               :	15
                        Solver time              :	16 s


                      ------------------------------------------------------------------------------
2026-08-08 16:38:17     Delta calculation        
2026-08-08 16:38:17     All S-Parameters         :	7.37198e-05
2026-08-08 16:38:17   

                      ------------------------------------------------------------------------------
2026-08-08 16:38:17   Mesh adaptation terminated because the desired accuracy limit is reached.

                      ------------------------------------------------------------------------------
2026-08-08 16:38:17     Total time               :	113 s	 (= 0 h, 01 m, 53 s)

                      ------------------------------------------------------------------------------
2026-08-08 16:38:17   

                      ------------------------------------------------------------------------------
2026-08-08 16:38:17     Calculation 34 (Frequency: 26.608 THz, Theta: 0, Phi: 0)


                      ------------------------------------------------------------------------------
2026-08-08 16:38:17   Running the PortModeSolver.

                      ------------------------------------------------------------------------------
2026-08-08 16:38:19   Adaptive mesh refinement pass 1

                      ------------------------------------------------------------------------------
2026-08-08 16:38:46     Matrix setup time        :	2 s
                        Solver setup             :	8 s
                        Degrees of freedom       :	2343712
                        Number of mesh cells     :	358138

                        Stimulation port         :	Zmin
                        Mode number              :	1
                        Accuracy                 :	7.73453e-05
                        Iterations               :	15
                        Solver time              :	16 s


                      ------------------------------------------------------------------------------
2026-08-08 16:38:47   The input reflection seems to be large at 26.608 THz, Theta: 0, Phi: 0.  More...

                      ------------------------------------------------------------------------------
2026-08-08 16:38:55   Adaptive mesh refinement pass 2

                      ------------------------------------------------------------------------------
2026-08-08 16:39:30     Matrix setup time        :	5 s
                        Solver setup             :	12 s
                        Degrees of freedom       :	2377724
                        Number of mesh cells     :	363373

                        Stimulation port         :	Zmin
                        Mode number              :	1
                        Accuracy                 :	5.4551e-05
                        Iterations               :	15
                        Solver time              :	18 s


                      ------------------------------------------------------------------------------
2026-08-08 16:39:31     Delta calculation        
2026-08-08 16:39:31     All S-Parameters         :	5.85275e-05
2026-08-08 16:39:31   

                      ------------------------------------------------------------------------------
2026-08-08 16:39:39   Adaptive mesh refinement pass 3

                      ------------------------------------------------------------------------------
2026-08-08 16:40:14     Matrix setup time        :	5 s
                        Solver setup             :	13 s
                        Degrees of freedom       :	2411708
                        Number of mesh cells     :	368621

                        Stimulation port         :	Zmin
                        Mode number              :	1
                        Accuracy                 :	9.14416e-05
                        Iterations               :	14
                        Solver time              :	16 s


                      ------------------------------------------------------------------------------
2026-08-08 16:40:15     Delta calculation        
2026-08-08 16:40:15     All S-Parameters         :	8.77437e-05
2026-08-08 16:40:15   

                      ------------------------------------------------------------------------------
2026-08-08 16:40:15   Mesh adaptation terminated because the desired accuracy limit is reached.

                      ------------------------------------------------------------------------------
2026-08-08 16:40:15     Total time               :	117 s	 (= 0 h, 01 m, 57 s)

                      ------------------------------------------------------------------------------
2026-08-08 16:40:15   

                      ------------------------------------------------------------------------------
2026-08-08 16:40:15     Calculation 35 (Frequency: 27.16 THz, Theta: 0, Phi: 0)


                      ------------------------------------------------------------------------------
2026-08-08 16:40:15   Running the PortModeSolver.

                      ------------------------------------------------------------------------------
2026-08-08 16:40:17   Adaptive mesh refinement pass 1

                      ------------------------------------------------------------------------------
2026-08-08 16:40:42     Matrix setup time        :	2 s
                        Solver setup             :	10 s
                        Degrees of freedom       :	2411708
                        Number of mesh cells     :	368621

                        Stimulation port         :	Zmin
                        Mode number              :	1
                        Accuracy                 :	5.56931e-05
                        Iterations               :	10
                        Solver time              :	12 s


                      ------------------------------------------------------------------------------
2026-08-08 16:40:51   Adaptive mesh refinement pass 2

                      ------------------------------------------------------------------------------
2026-08-08 16:41:22     Matrix setup time        :	5 s
                        Solver setup             :	13 s
                        Degrees of freedom       :	2445012
                        Number of mesh cells     :	373816

                        Stimulation port         :	Zmin
                        Mode number              :	1
                        Accuracy                 :	5.50272e-05
                        Iterations               :	10
                        Solver time              :	12 s


                      ------------------------------------------------------------------------------
2026-08-08 16:41:23     Delta calculation        
2026-08-08 16:41:23     All S-Parameters         :	1.93439e-05
2026-08-08 16:41:23   

                      ------------------------------------------------------------------------------
2026-08-08 16:41:31   Adaptive mesh refinement pass 3

                      ------------------------------------------------------------------------------
2026-08-08 16:42:02     Matrix setup time        :	5 s
                        Solver setup             :	13 s
                        Degrees of freedom       :	2478828
                        Number of mesh cells     :	379054

                        Stimulation port         :	Zmin
                        Mode number              :	1
                        Accuracy                 :	5.3145e-05
                        Iterations               :	10
                        Solver time              :	12 s


                      ------------------------------------------------------------------------------
2026-08-08 16:42:02     Delta calculation        
2026-08-08 16:42:02     All S-Parameters         :	3.35829e-05
2026-08-08 16:42:02   

                      ------------------------------------------------------------------------------
2026-08-08 16:42:02   Mesh adaptation terminated because the desired accuracy limit is reached.

                      ------------------------------------------------------------------------------
2026-08-08 16:42:03     Total time               :	107 s	 (= 0 h, 01 m, 47 s)

                      ------------------------------------------------------------------------------
2026-08-08 16:42:03   

                      ------------------------------------------------------------------------------
2026-08-08 16:42:03     Calculation 36 (Frequency: 22.144 THz, Theta: 0, Phi: 0)


                      ------------------------------------------------------------------------------
2026-08-08 16:42:03   Running the PortModeSolver.

                      ------------------------------------------------------------------------------
2026-08-08 16:42:04   Adaptive mesh refinement pass 1

                      ------------------------------------------------------------------------------
2026-08-08 16:42:31     Matrix setup time        :	2 s
                        Solver setup             :	10 s
                        Degrees of freedom       :	2478828
                        Number of mesh cells     :	379054

                        Stimulation port         :	Zmin
                        Mode number              :	1
                        Accuracy                 :	3.57935e-05
                        Iterations               :	11
                        Solver time              :	13 s


                      ------------------------------------------------------------------------------
2026-08-08 16:42:39   Adaptive mesh refinement pass 2

                      ------------------------------------------------------------------------------
2026-08-08 16:43:12     Matrix setup time        :	5 s
                        Solver setup             :	13 s
                        Degrees of freedom       :	2513664
                        Number of mesh cells     :	384367

                        Stimulation port         :	Zmin
                        Mode number              :	1
                        Accuracy                 :	3.55604e-05
                        Iterations               :	11
                        Solver time              :	13 s


                      ------------------------------------------------------------------------------
2026-08-08 16:43:13     Delta calculation        
2026-08-08 16:43:13     All S-Parameters         :	0.000257235
2026-08-08 16:43:13   

                      ------------------------------------------------------------------------------
2026-08-08 16:43:21   Adaptive mesh refinement pass 3

                      ------------------------------------------------------------------------------
2026-08-08 16:43:51     Matrix setup time        :	5 s
                        Solver setup             :	11 s
                        Degrees of freedom       :	2548486
                        Number of mesh cells     :	389689

                        Stimulation port         :	Zmin
                        Mode number              :	1
                        Accuracy                 :	3.51777e-05
                        Iterations               :	11
                        Solver time              :	13 s


                      ------------------------------------------------------------------------------
2026-08-08 16:43:52     Delta calculation        
2026-08-08 16:43:52     All S-Parameters         :	0.000169314
2026-08-08 16:43:52   

                      ------------------------------------------------------------------------------
2026-08-08 16:43:52   Mesh adaptation terminated because the desired accuracy limit is reached.

                      ------------------------------------------------------------------------------
2026-08-08 16:43:52     Total time               :	109 s	 (= 0 h, 01 m, 49 s)

                      ------------------------------------------------------------------------------
2026-08-08 16:43:52   

                      ------------------------------------------------------------------------------
2026-08-08 16:43:52     Calculation 37 (Frequency: 27.376 THz, Theta: 0, Phi: 0)


                      ------------------------------------------------------------------------------
2026-08-08 16:43:52   Running the PortModeSolver.

                      ------------------------------------------------------------------------------
2026-08-08 16:43:54   Adaptive mesh refinement pass 1

                      ------------------------------------------------------------------------------
2026-08-08 16:44:18     Matrix setup time        :	2 s
                        Solver setup             :	8 s
                        Degrees of freedom       :	2548486
                        Number of mesh cells     :	389689

                        Stimulation port         :	Zmin
                        Mode number              :	1
                        Accuracy                 :	5.72753e-05
                        Iterations               :	11
                        Solver time              :	13 s


                      ------------------------------------------------------------------------------
2026-08-08 16:44:28   Adaptive mesh refinement pass 2

                      ------------------------------------------------------------------------------
2026-08-08 16:44:59     Matrix setup time        :	5 s
                        Solver setup             :	14 s
                        Degrees of freedom       :	2582198
                        Number of mesh cells     :	394926

                        Stimulation port         :	Zmin
                        Mode number              :	1
                        Accuracy                 :	8.51387e-05
                        Iterations               :	9
                        Solver time              :	11 s


                      ------------------------------------------------------------------------------
2026-08-08 16:45:00     Delta calculation        
2026-08-08 16:45:00     All S-Parameters         :	4.15811e-05
2026-08-08 16:45:00   

                      ------------------------------------------------------------------------------
2026-08-08 16:45:09   Adaptive mesh refinement pass 3

                      ------------------------------------------------------------------------------
2026-08-08 16:45:41     Matrix setup time        :	5 s
                        Solver setup             :	14 s
                        Degrees of freedom       :	2616130
                        Number of mesh cells     :	400186

                        Stimulation port         :	Zmin
                        Mode number              :	1
                        Accuracy                 :	8.36105e-05
                        Iterations               :	9
                        Solver time              :	11 s


                      ------------------------------------------------------------------------------
2026-08-08 16:45:42     Delta calculation        
2026-08-08 16:45:42     All S-Parameters         :	2.2028e-05
2026-08-08 16:45:42   

                      ------------------------------------------------------------------------------
2026-08-08 16:45:42   Mesh adaptation terminated because the desired accuracy limit is reached.

                      ------------------------------------------------------------------------------
2026-08-08 16:45:42     Total time               :	109 s	 (= 0 h, 01 m, 49 s)

                      ------------------------------------------------------------------------------
2026-08-08 16:45:42   

                      ------------------------------------------------------------------------------
2026-08-08 16:45:42     Calculation 38 (Frequency: 25.384 THz, Theta: 0, Phi: 0)


                      ------------------------------------------------------------------------------
2026-08-08 16:45:42   Running the PortModeSolver.

                      ------------------------------------------------------------------------------
2026-08-08 16:45:44   Adaptive mesh refinement pass 1

                      ------------------------------------------------------------------------------
2026-08-08 16:46:11     Matrix setup time        :	2 s
                        Solver setup             :	11 s
                        Degrees of freedom       :	2616130
                        Number of mesh cells     :	400186

                        Stimulation port         :	Zmin
                        Mode number              :	1
                        Accuracy                 :	7.42305e-05
                        Iterations               :	10
                        Solver time              :	12 s


                      ------------------------------------------------------------------------------
2026-08-08 16:46:12   The input reflection seems to be large at 25.384 THz, Theta: 0, Phi: 0.  More...

                      ------------------------------------------------------------------------------
2026-08-08 16:46:20   Adaptive mesh refinement pass 2

                      ------------------------------------------------------------------------------
2026-08-08 16:46:55     Matrix setup time        :	5 s
                        Solver setup             :	15 s
                        Degrees of freedom       :	2650874
                        Number of mesh cells     :	405516

                        Stimulation port         :	Zmin
                        Mode number              :	1
                        Accuracy                 :	5.69222e-05
                        Iterations               :	10
                        Solver time              :	13 s


                      ------------------------------------------------------------------------------
2026-08-08 16:46:56     Delta calculation        
2026-08-08 16:46:56     All S-Parameters         :	0.00013251
2026-08-08 16:46:56   

                      ------------------------------------------------------------------------------
2026-08-08 16:47:05   Adaptive mesh refinement pass 3

                      ------------------------------------------------------------------------------
2026-08-08 16:47:36     Matrix setup time        :	5 s
                        Solver setup             :	13 s
                        Degrees of freedom       :	2685502
                        Number of mesh cells     :	410834

                        Stimulation port         :	Zmin
                        Mode number              :	1
                        Accuracy                 :	8.06004e-05
                        Iterations               :	9
                        Solver time              :	11 s


                      ------------------------------------------------------------------------------
2026-08-08 16:47:37     Delta calculation        
2026-08-08 16:47:37     All S-Parameters         :	0.000108983
2026-08-08 16:47:37   

                      ------------------------------------------------------------------------------
2026-08-08 16:47:37   Mesh adaptation terminated because the desired accuracy limit is reached.

                      ------------------------------------------------------------------------------
2026-08-08 16:47:37     Total time               :	115 s	 (= 0 h, 01 m, 55 s)

                      ------------------------------------------------------------------------------
2026-08-08 16:47:37   

                      ------------------------------------------------------------------------------
2026-08-08 16:47:37     Calculation 39 (Frequency: 27.232 THz, Theta: 0, Phi: 0)


                      ------------------------------------------------------------------------------
2026-08-08 16:47:37   Running the PortModeSolver.

                      ------------------------------------------------------------------------------
2026-08-08 16:47:39   Adaptive mesh refinement pass 1

                      ------------------------------------------------------------------------------
2026-08-08 16:48:06     Matrix setup time        :	2 s
                        Solver setup             :	10 s
                        Degrees of freedom       :	2685502
                        Number of mesh cells     :	410834

                        Stimulation port         :	Zmin
                        Mode number              :	1
                        Accuracy                 :	7.48721e-05
                        Iterations               :	10
                        Solver time              :	13 s


                      ------------------------------------------------------------------------------
2026-08-08 16:48:16   Adaptive mesh refinement pass 2

                      ------------------------------------------------------------------------------
2026-08-08 16:48:49     Matrix setup time        :	5 s
                        Solver setup             :	14 s
                        Degrees of freedom       :	2719692
                        Number of mesh cells     :	416090

                        Stimulation port         :	Zmin
                        Mode number              :	1
                        Accuracy                 :	4.59708e-05
                        Iterations               :	10
                        Solver time              :	13 s


                      ------------------------------------------------------------------------------
2026-08-08 16:48:50     Delta calculation        
2026-08-08 16:48:50     All S-Parameters         :	5.7571e-05
2026-08-08 16:48:50   

                      ------------------------------------------------------------------------------
2026-08-08 16:48:59   Adaptive mesh refinement pass 3

                      ------------------------------------------------------------------------------
2026-08-08 16:49:37     Matrix setup time        :	5 s
                        Solver setup             :	18 s
                        Degrees of freedom       :	2753844
                        Number of mesh cells     :	421362

                        Stimulation port         :	Zmin
                        Mode number              :	1
                        Accuracy                 :	4.55186e-05
                        Iterations               :	10
                        Solver time              :	13 s


                      ------------------------------------------------------------------------------
2026-08-08 16:49:38     Delta calculation        
2026-08-08 16:49:38     All S-Parameters         :	4.19269e-05
2026-08-08 16:49:38   

                      ------------------------------------------------------------------------------
2026-08-08 16:49:38   Mesh adaptation terminated because the desired accuracy limit is reached.

                      ------------------------------------------------------------------------------
2026-08-08 16:49:38     Total time               :	120 s	 (= 0 h, 02 m, 00 s)

                      ------------------------------------------------------------------------------
2026-08-08 16:49:38   

                      ------------------------------------------------------------------------------
2026-08-08 16:49:38     Calculation 40 (Frequency: 33.304 THz, Theta: 0, Phi: 0)


                      ------------------------------------------------------------------------------
2026-08-08 16:49:38   Running the PortModeSolver.

                      ------------------------------------------------------------------------------
2026-08-08 16:49:40   Adaptive mesh refinement pass 1

                      ------------------------------------------------------------------------------
2026-08-08 16:50:10     Matrix setup time        :	2 s
                        Solver setup             :	15 s
                        Degrees of freedom       :	2753844
                        Number of mesh cells     :	421362

                        Stimulation port         :	Zmin
                        Mode number              :	1
                        Accuracy                 :	9.72462e-05
                        Iterations               :	9
                        Solver time              :	12 s


                      ------------------------------------------------------------------------------
2026-08-08 16:50:20   Adaptive mesh refinement pass 2

                      ------------------------------------------------------------------------------
2026-08-08 16:50:54     Matrix setup time        :	6 s
                        Solver setup             :	15 s
                        Degrees of freedom       :	2787614
                        Number of mesh cells     :	426599

                        Stimulation port         :	Zmin
                        Mode number              :	1
                        Accuracy                 :	8.11718e-05
                        Iterations               :	9
                        Solver time              :	12 s


                      ------------------------------------------------------------------------------
2026-08-08 16:50:55     Delta calculation        
2026-08-08 16:50:55     All S-Parameters         :	0.00010322
2026-08-08 16:50:55   

                      ------------------------------------------------------------------------------
2026-08-08 16:51:04   Adaptive mesh refinement pass 3

                      ------------------------------------------------------------------------------
2026-08-08 16:51:43     Matrix setup time        :	6 s
                        Solver setup             :	17 s
                        Degrees of freedom       :	2821448
                        Number of mesh cells     :	431833

                        Stimulation port         :	Zmin
                        Mode number              :	1
                        Accuracy                 :	5.24683e-05
                        Iterations               :	10
                        Solver time              :	14 s


                      ------------------------------------------------------------------------------
2026-08-08 16:51:44     Delta calculation        
2026-08-08 16:51:44     All S-Parameters         :	3.98422e-05
2026-08-08 16:51:44   

                      ------------------------------------------------------------------------------
2026-08-08 16:51:44   Mesh adaptation terminated because the desired accuracy limit is reached.

                      ------------------------------------------------------------------------------
2026-08-08 16:51:44     Total time               :	125 s	 (= 0 h, 02 m, 05 s)

                      ------------------------------------------------------------------------------
2026-08-08 16:51:44   

                      ------------------------------------------------------------------------------
2026-08-08 16:51:44     Calculation 41 (Frequency: 33.976 THz, Theta: 0, Phi: 0)


                      ------------------------------------------------------------------------------
2026-08-08 16:51:44   Running the PortModeSolver.

                      ------------------------------------------------------------------------------
2026-08-08 16:51:45   Adaptive mesh refinement pass 1

                      ------------------------------------------------------------------------------
2026-08-08 16:52:13     Matrix setup time        :	2 s
                        Solver setup             :	14 s
                        Degrees of freedom       :	2821448
                        Number of mesh cells     :	431833

                        Stimulation port         :	Zmin
                        Mode number              :	1
                        Accuracy                 :	8.12704e-05
                        Iterations               :	7
                        Solver time              :	10 s


                      ------------------------------------------------------------------------------
2026-08-08 16:52:24   Adaptive mesh refinement pass 2

                      ------------------------------------------------------------------------------
2026-08-08 16:52:59     Matrix setup time        :	6 s
                        Solver setup             :	16 s
                        Degrees of freedom       :	2855360
                        Number of mesh cells     :	437046

                        Stimulation port         :	Zmin
                        Mode number              :	1
                        Accuracy                 :	9.03188e-05
                        Iterations               :	9
                        Solver time              :	12 s


                      ------------------------------------------------------------------------------
2026-08-08 16:53:00     Delta calculation        
2026-08-08 16:53:00     All S-Parameters         :	8.12068e-05
2026-08-08 16:53:00   

                      ------------------------------------------------------------------------------
2026-08-08 16:53:09   Adaptive mesh refinement pass 3

                      ------------------------------------------------------------------------------
2026-08-08 16:53:49     Matrix setup time        :	6 s
                        Solver setup             :	18 s
                        Degrees of freedom       :	2889140
                        Number of mesh cells     :	442259

                        Stimulation port         :	Zmin
                        Mode number              :	1
                        Accuracy                 :	5.35312e-05
                        Iterations               :	10
                        Solver time              :	14 s


                      ------------------------------------------------------------------------------
2026-08-08 16:53:50     Delta calculation        
2026-08-08 16:53:50     All S-Parameters         :	5.7191e-05
2026-08-08 16:53:50   

                      ------------------------------------------------------------------------------
2026-08-08 16:53:50   Mesh adaptation terminated because the desired accuracy limit is reached.

                      ------------------------------------------------------------------------------
2026-08-08 16:53:50     Total time               :	125 s	 (= 0 h, 02 m, 05 s)

                      ------------------------------------------------------------------------------
2026-08-08 16:53:50   

                      ------------------------------------------------------------------------------
2026-08-08 16:53:50     Calculation 42 (Frequency: 31.072 THz, Theta: 0, Phi: 0)


                      ------------------------------------------------------------------------------
2026-08-08 16:53:50   Running the PortModeSolver.

                      ------------------------------------------------------------------------------
2026-08-08 16:53:51   Adaptive mesh refinement pass 1

                      ------------------------------------------------------------------------------
2026-08-08 16:54:22     Matrix setup time        :	2 s
                        Solver setup             :	14 s
                        Degrees of freedom       :	2889140
                        Number of mesh cells     :	442259

                        Stimulation port         :	Zmin
                        Mode number              :	1
                        Accuracy                 :	8.90804e-05
                        Iterations               :	9
                        Solver time              :	13 s


                      ------------------------------------------------------------------------------
2026-08-08 16:54:32   Adaptive mesh refinement pass 2

                      ------------------------------------------------------------------------------
2026-08-08 16:55:11     Matrix setup time        :	6 s
                        Solver setup             :	16 s
                        Degrees of freedom       :	2922614
                        Number of mesh cells     :	447455

                        Stimulation port         :	Zmin
                        Mode number              :	1
                        Accuracy                 :	6.13916e-05
                        Iterations               :	10
                        Solver time              :	15 s


                      ------------------------------------------------------------------------------
2026-08-08 16:55:12     Delta calculation        
2026-08-08 16:55:12     All S-Parameters         :	2.22824e-05
2026-08-08 16:55:12   

                      ------------------------------------------------------------------------------
2026-08-08 16:55:21   Adaptive mesh refinement pass 3

                      ------------------------------------------------------------------------------
2026-08-08 16:56:00     Matrix setup time        :	6 s
                        Solver setup             :	17 s
                        Degrees of freedom       :	2956248
                        Number of mesh cells     :	452668

                        Stimulation port         :	Zmin
                        Mode number              :	1
                        Accuracy                 :	5.91106e-05
                        Iterations               :	10
                        Solver time              :	15 s


                      ------------------------------------------------------------------------------
2026-08-08 16:56:01     Delta calculation        
2026-08-08 16:56:01     All S-Parameters         :	3.10776e-05
2026-08-08 16:56:01   

                      ------------------------------------------------------------------------------
2026-08-08 16:56:01   Mesh adaptation terminated because the desired accuracy limit is reached.

                      ------------------------------------------------------------------------------
2026-08-08 16:56:01     Total time               :	131 s	 (= 0 h, 02 m, 11 s)

                      ------------------------------------------------------------------------------
2026-08-08 16:56:01   

                      ------------------------------------------------------------------------------
2026-08-08 16:56:01     Calculation 43 (Frequency: 33.904 THz, Theta: 0, Phi: 0)


                      ------------------------------------------------------------------------------
2026-08-08 16:56:01   Running the PortModeSolver.

                      ------------------------------------------------------------------------------
2026-08-08 16:56:02   Adaptive mesh refinement pass 1

                      ------------------------------------------------------------------------------
2026-08-08 16:56:34     Matrix setup time        :	2 s
                        Solver setup             :	13 s
                        Degrees of freedom       :	2956248
                        Number of mesh cells     :	452668

                        Stimulation port         :	Zmin
                        Mode number              :	1
                        Accuracy                 :	5.98915e-05
                        Iterations               :	10
                        Solver time              :	14 s


                      ------------------------------------------------------------------------------
2026-08-08 16:56:45   Adaptive mesh refinement pass 2

                      ------------------------------------------------------------------------------
2026-08-08 16:57:23     Matrix setup time        :	6 s
                        Solver setup             :	17 s
                        Degrees of freedom       :	2989914
                        Number of mesh cells     :	457883

                        Stimulation port         :	Zmin
                        Mode number              :	1
                        Accuracy                 :	8.43614e-05
                        Iterations               :	9
                        Solver time              :	13 s


                      ------------------------------------------------------------------------------
2026-08-08 16:57:24     Delta calculation        
2026-08-08 16:57:24     All S-Parameters         :	6.25105e-05
2026-08-08 16:57:24   

                      ------------------------------------------------------------------------------
2026-08-08 16:57:34   Adaptive mesh refinement pass 3

                      ------------------------------------------------------------------------------
2026-08-08 16:58:13     Matrix setup time        :	6 s
                        Solver setup             :	18 s
                        Degrees of freedom       :	3023590
                        Number of mesh cells     :	463102

                        Stimulation port         :	Zmin
                        Mode number              :	1
                        Accuracy                 :	9.01977e-05
                        Iterations               :	9
                        Solver time              :	14 s


                      ------------------------------------------------------------------------------
2026-08-08 16:58:14     Delta calculation        
2026-08-08 16:58:14     All S-Parameters         :	1.5877e-05
2026-08-08 16:58:14   

                      ------------------------------------------------------------------------------
2026-08-08 16:58:14   Mesh adaptation terminated because the desired accuracy limit is reached.

                      ------------------------------------------------------------------------------
2026-08-08 16:58:14     Total time               :	133 s	 (= 0 h, 02 m, 13 s)

                      ------------------------------------------------------------------------------
2026-08-08 16:58:14   

                      ------------------------------------------------------------------------------
2026-08-08 16:58:14     Calculation 44 (Frequency: 22.048 THz, Theta: 0, Phi: 0)


                      ------------------------------------------------------------------------------
2026-08-08 16:58:14   Running the PortModeSolver.

                      ------------------------------------------------------------------------------
2026-08-08 16:58:16   Adaptive mesh refinement pass 1

                      ------------------------------------------------------------------------------
2026-08-08 16:58:52     Matrix setup time        :	3 s
                        Solver setup             :	15 s
                        Degrees of freedom       :	3023590
                        Number of mesh cells     :	463102

                        Stimulation port         :	Zmin
                        Mode number              :	1
                        Accuracy                 :	3.33005e-05
                        Iterations               :	11
                        Solver time              :	17 s


                      ------------------------------------------------------------------------------
2026-08-08 16:59:02   Adaptive mesh refinement pass 2

                      ------------------------------------------------------------------------------
2026-08-08 16:59:46     Matrix setup time        :	6 s
                        Solver setup             :	20 s
                        Degrees of freedom       :	3058082
                        Number of mesh cells     :	468382

                        Stimulation port         :	Zmin
                        Mode number              :	1
                        Accuracy                 :	3.28789e-05
                        Iterations               :	11
                        Solver time              :	16 s


                      ------------------------------------------------------------------------------
2026-08-08 16:59:47     Delta calculation        
2026-08-08 16:59:47     All S-Parameters         :	0.000666697
2026-08-08 16:59:47   

                      ------------------------------------------------------------------------------
2026-08-08 16:59:56   Adaptive mesh refinement pass 3

                      ------------------------------------------------------------------------------
2026-08-08 17:00:40     Matrix setup time        :	6 s
                        Solver setup             :	19 s
                        Degrees of freedom       :	3092874
                        Number of mesh cells     :	473713

                        Stimulation port         :	Zmin
                        Mode number              :	1
                        Accuracy                 :	3.37263e-05
                        Iterations               :	11
                        Solver time              :	17 s


                      ------------------------------------------------------------------------------
2026-08-08 17:00:41     Delta calculation        
2026-08-08 17:00:41     All S-Parameters         :	0.000317408
2026-08-08 17:00:41   

                      ------------------------------------------------------------------------------
2026-08-08 17:00:41   Mesh adaptation terminated because the desired accuracy limit is reached.

                      ------------------------------------------------------------------------------
2026-08-08 17:00:41     Total time               :	146 s	 (= 0 h, 02 m, 26 s)

                      ------------------------------------------------------------------------------
2026-08-08 17:00:41   

                      ------------------------------------------------------------------------------
2026-08-08 17:00:41     Calculation 45 (Frequency: 24.64 THz, Theta: 0, Phi: 0)


                      ------------------------------------------------------------------------------
2026-08-08 17:00:41   Running the PortModeSolver.

                      ------------------------------------------------------------------------------
2026-08-08 17:00:43   Adaptive mesh refinement pass 1

                      ------------------------------------------------------------------------------
2026-08-08 17:01:18     Matrix setup time        :	3 s
                        Solver setup             :	16 s
                        Degrees of freedom       :	3092874
                        Number of mesh cells     :	473713

                        Stimulation port         :	Zmin
                        Mode number              :	1
                        Accuracy                 :	8.72489e-05
                        Iterations               :	10
                        Solver time              :	16 s


                      ------------------------------------------------------------------------------
2026-08-08 17:01:19   The input reflection seems to be large at 24.64 THz, Theta: 0, Phi: 0.  More...

                      ------------------------------------------------------------------------------
2026-08-08 17:01:29   Adaptive mesh refinement pass 2

                      ------------------------------------------------------------------------------
2026-08-08 17:02:14     Matrix setup time        :	6 s
                        Solver setup             :	22 s
                        Degrees of freedom       :	3127720
                        Number of mesh cells     :	479039

                        Stimulation port         :	Zmin
                        Mode number              :	1
                        Accuracy                 :	5.54689e-05
                        Iterations               :	9
                        Solver time              :	15 s


                      ------------------------------------------------------------------------------
2026-08-08 17:02:15     Delta calculation        
2026-08-08 17:02:15     All S-Parameters         :	0.000235902
2026-08-08 17:02:15   

                      ------------------------------------------------------------------------------
2026-08-08 17:02:25   Adaptive mesh refinement pass 3

                      ------------------------------------------------------------------------------
2026-08-08 17:03:06     Matrix setup time        :	6 s
                        Solver setup             :	18 s
                        Degrees of freedom       :	3162374
                        Number of mesh cells     :	484332

                        Stimulation port         :	Zmin
                        Mode number              :	1
                        Accuracy                 :	5.32734e-05
                        Iterations               :	9
                        Solver time              :	14 s


                      ------------------------------------------------------------------------------
2026-08-08 17:03:07     Delta calculation        
2026-08-08 17:03:07     All S-Parameters         :	0.000109648
2026-08-08 17:03:07   

                      ------------------------------------------------------------------------------
2026-08-08 17:03:07   Mesh adaptation terminated because the desired accuracy limit is reached.

                      ------------------------------------------------------------------------------
2026-08-08 17:03:07     Total time               :	145 s	 (= 0 h, 02 m, 25 s)

                      ------------------------------------------------------------------------------
2026-08-08 17:03:07   

                      ------------------------------------------------------------------------------
2026-08-08 17:03:07     Calculation 46 (Frequency: 31.528 THz, Theta: 0, Phi: 0)


                      ------------------------------------------------------------------------------
2026-08-08 17:03:07   Running the PortModeSolver.

                      ------------------------------------------------------------------------------
2026-08-08 17:03:08   Adaptive mesh refinement pass 1

                      ------------------------------------------------------------------------------
2026-08-08 17:03:43     Matrix setup time        :	3 s
                        Solver setup             :	15 s
                        Degrees of freedom       :	3162374
                        Number of mesh cells     :	484332

                        Stimulation port         :	Zmin
                        Mode number              :	1
                        Accuracy                 :	7.63134e-05
                        Iterations               :	10
                        Solver time              :	16 s


                      ------------------------------------------------------------------------------
2026-08-08 17:03:54   Adaptive mesh refinement pass 2

                      ------------------------------------------------------------------------------
2026-08-08 17:04:37     Matrix setup time        :	6 s
                        Solver setup             :	20 s
                        Degrees of freedom       :	3196060
                        Number of mesh cells     :	489555

                        Stimulation port         :	Zmin
                        Mode number              :	1
                        Accuracy                 :	6.33384e-05
                        Iterations               :	9
                        Solver time              :	15 s


                      ------------------------------------------------------------------------------
2026-08-08 17:04:38     Delta calculation        
2026-08-08 17:04:38     All S-Parameters         :	2.49955e-05
2026-08-08 17:04:38   

                      ------------------------------------------------------------------------------
2026-08-08 17:04:49   Adaptive mesh refinement pass 3

                      ------------------------------------------------------------------------------
2026-08-08 17:05:31     Matrix setup time        :	6 s
                        Solver setup             :	19 s
                        Degrees of freedom       :	3229836
                        Number of mesh cells     :	494782

                        Stimulation port         :	Zmin
                        Mode number              :	1
                        Accuracy                 :	6.14059e-05
                        Iterations               :	9
                        Solver time              :	15 s


                      ------------------------------------------------------------------------------
2026-08-08 17:05:32     Delta calculation        
2026-08-08 17:05:32     All S-Parameters         :	8.18813e-06
2026-08-08 17:05:32   

                      ------------------------------------------------------------------------------
2026-08-08 17:05:32   Mesh adaptation terminated because the desired accuracy limit is reached.

                      ------------------------------------------------------------------------------
2026-08-08 17:05:32     Total time               :	145 s	 (= 0 h, 02 m, 25 s)

                      ------------------------------------------------------------------------------
2026-08-08 17:05:32   

                      ------------------------------------------------------------------------------
2026-08-08 17:05:32     Calculation 47 (Frequency: 33.376 THz, Theta: 0, Phi: 0)


                      ------------------------------------------------------------------------------
2026-08-08 17:05:32   Running the PortModeSolver.

                      ------------------------------------------------------------------------------
2026-08-08 17:05:34   Adaptive mesh refinement pass 1

                      ------------------------------------------------------------------------------
2026-08-08 17:06:08     Matrix setup time        :	3 s
                        Solver setup             :	16 s
                        Degrees of freedom       :	3229836
                        Number of mesh cells     :	494782

                        Stimulation port         :	Zmin
                        Mode number              :	1
                        Accuracy                 :	6.20687e-05
                        Iterations               :	9
                        Solver time              :	15 s


                      ------------------------------------------------------------------------------
2026-08-08 17:06:20   Adaptive mesh refinement pass 2

                      ------------------------------------------------------------------------------
2026-08-08 17:07:03     Matrix setup time        :	6 s
                        Solver setup             :	22 s
                        Degrees of freedom       :	3263092
                        Number of mesh cells     :	499955

                        Stimulation port         :	Zmin
                        Mode number              :	1
                        Accuracy                 :	8.67543e-05
                        Iterations               :	8
                        Solver time              :	13 s


                      ------------------------------------------------------------------------------
2026-08-08 17:07:04     Delta calculation        
2026-08-08 17:07:04     All S-Parameters         :	8.97368e-05
2026-08-08 17:07:04   

                      ------------------------------------------------------------------------------
2026-08-08 17:07:15   Adaptive mesh refinement pass 3

                      ------------------------------------------------------------------------------
2026-08-08 17:07:58     Matrix setup time        :	7 s
                        Solver setup             :	21 s
                        Degrees of freedom       :	3296802
                        Number of mesh cells     :	505175

                        Stimulation port         :	Zmin
                        Mode number              :	1
                        Accuracy                 :	8.62756e-05
                        Iterations               :	8
                        Solver time              :	14 s


                      ------------------------------------------------------------------------------
2026-08-08 17:07:59     Delta calculation        
2026-08-08 17:07:59     All S-Parameters         :	1.18338e-05
2026-08-08 17:07:59   

                      ------------------------------------------------------------------------------
2026-08-08 17:07:59   Mesh adaptation terminated because the desired accuracy limit is reached.

                      ------------------------------------------------------------------------------
2026-08-08 17:08:00     Total time               :	147 s	 (= 0 h, 02 m, 27 s)

                      ------------------------------------------------------------------------------
2026-08-08 17:08:00   

                      ------------------------------------------------------------------------------
2026-08-08 17:08:00     Calculation 48 (Frequency: 23.944 THz, Theta: 0, Phi: 0)


                      ------------------------------------------------------------------------------
2026-08-08 17:08:00   Running the PortModeSolver.

                      ------------------------------------------------------------------------------
2026-08-08 17:08:01   Adaptive mesh refinement pass 1

                      ------------------------------------------------------------------------------
2026-08-08 17:08:37     Matrix setup time        :	3 s
                        Solver setup             :	17 s
                        Degrees of freedom       :	3296802
                        Number of mesh cells     :	505175

                        Stimulation port         :	Zmin
                        Mode number              :	1
                        Accuracy                 :	7.88424e-05
                        Iterations               :	8
                        Solver time              :	14 s


                      ------------------------------------------------------------------------------
2026-08-08 17:08:38   The input reflection seems to be large at 23.944 THz, Theta: 0, Phi: 0.  More...

                      ------------------------------------------------------------------------------
2026-08-08 17:08:48   Adaptive mesh refinement pass 2

                      ------------------------------------------------------------------------------
2026-08-08 17:09:30     Matrix setup time        :	7 s
                        Solver setup             :	20 s
                        Degrees of freedom       :	3331364
                        Number of mesh cells     :	510467

                        Stimulation port         :	Zmin
                        Mode number              :	1
                        Accuracy                 :	8.90464e-05
                        Iterations               :	8
                        Solver time              :	13 s


                      ------------------------------------------------------------------------------
2026-08-08 17:09:31     Delta calculation        
2026-08-08 17:09:31     All S-Parameters         :	4.52083e-05
2026-08-08 17:09:31   

                      ------------------------------------------------------------------------------
2026-08-08 17:09:42   Adaptive mesh refinement pass 3

                      ------------------------------------------------------------------------------
2026-08-08 17:10:27     Matrix setup time        :	7 s
                        Solver setup             :	23 s
                        Degrees of freedom       :	3366292
                        Number of mesh cells     :	515789

                        Stimulation port         :	Zmin
                        Mode number              :	1
                        Accuracy                 :	8.88237e-05
                        Iterations               :	8
                        Solver time              :	14 s


                      ------------------------------------------------------------------------------
2026-08-08 17:10:28     Delta calculation        
2026-08-08 17:10:28     All S-Parameters         :	6.88404e-05
2026-08-08 17:10:28   

                      ------------------------------------------------------------------------------
2026-08-08 17:10:28   Mesh adaptation terminated because the desired accuracy limit is reached.

                      ------------------------------------------------------------------------------
2026-08-08 17:10:28     Total time               :	148 s	 (= 0 h, 02 m, 28 s)

                      ------------------------------------------------------------------------------
2026-08-08 17:10:28   

                      ------------------------------------------------------------------------------
2026-08-08 17:10:29   Some adaptive mesh refinement samples will be recalculated because the mesh has changed significantly.

                      ------------------------------------------------------------------------------
2026-08-08 17:10:29     Calculation 1 (Frequency: 34 THz, Theta: 0, Phi: 0)


                      ------------------------------------------------------------------------------
2026-08-08 17:10:29   Running the PortModeSolver.

                      ------------------------------------------------------------------------------
2026-08-08 17:11:09     Matrix setup time        :	3 s
                        Solver setup             :	19 s
                        Degrees of freedom       :	3366292
                        Number of mesh cells     :	515789

                        Stimulation port         :	Zmin
                        Mode number              :	1
                        Accuracy                 :	7.83417e-05
                        Iterations               :	9
                        Solver time              :	16 s


                      ------------------------------------------------------------------------------
2026-08-08 17:11:10     Total time               :	40 s

                      ------------------------------------------------------------------------------
2026-08-08 17:11:10   

                      ------------------------------------------------------------------------------
2026-08-08 17:11:10     Calculation 2 (Frequency: 10 THz, Theta: 0, Phi: 0)


                      ------------------------------------------------------------------------------
2026-08-08 17:11:10   Running the PortModeSolver.

                      ------------------------------------------------------------------------------
2026-08-08 17:11:45     Matrix setup time        :	3 s
                        Solver setup             :	19 s
                        Degrees of freedom       :	3366292
                        Number of mesh cells     :	515789

                        Stimulation port         :	Zmin
                        Mode number              :	1
                        Accuracy                 :	6.81653e-05
                        Iterations               :	6
                        Solver time              :	10 s


                      ------------------------------------------------------------------------------
2026-08-08 17:11:46     Total time               :	35 s

                      ------------------------------------------------------------------------------
2026-08-08 17:11:46   

                      ------------------------------------------------------------------------------
2026-08-08 17:11:46   Finished the general purpose interpolative broadband frequency sweep:
                      All broadband sweep convergence criteria have been satisfied after
                      calculating 48 frequency samples:

                        Broadband sweep error threshold value :  0.01 (All S-Parameters) 
                        Number of error criterion checks      :  2 (All S-Parameters) 
                        Minimum number of samples             :  3
                        Number of data samples, linear        :  1001

                      ------------------------------------------------------------------------------
2026-08-08 17:11:46     Number of mesh cells     :	515789
                        Degrees of freedom       :	3332848
                        Total Solver Time        :	3653 s	 (= 1 h, 00 m, 53 s)
                        Free disk space          :	308 GB
                        Disk space delta         :	5 GB
                      ================================================================================



                      ------------------------------------------------------------------------------
2026-08-08 17:11:47     ----------------------------------------------------------------------------
                                            Peak memory used (GB)         Free physical memory (GB) 
                                                                          At begin     Minimum      
                        ----------------------------------------------------------------------------
                        Solver start        0.028                         38.565       38.564       
                        Eq. system setup    8.783                         38.460       29.553       
                        Eq. system solve    17.222                        38.374       21.258       
                        Mesh refinement     8.617                         38.315       29.640       
                        Field monitor calc. 8.835                         29.817       29.652       
                        Solver run total    17.222                        38.565       21.258       

                        Computer name       Hikari
                        ----------------------------------------------------------------------------


                      ------------------------------------------------------------------------------
2026-08-08 17:11:47   Running post-processing.

                      ------------------------------------------------------------------------------
2026-08-08 17:11:50   Post-processing finished.

                      ------------------------------------------------------------------------------
