f_THz,lam_um,Re_S11,Im_S11,Re_S21,Im_S21,absS11,absS21,R,T,A
0,inf,3.022494026e-05,-4.85181795e-06,0.999988315,0.0001461545772,3.061187925e-05,0.9999883257,9.370871513e-10,0.9999766515,2.334760723e-05
0.01,29979.2458,1.48530759e-05,0.0004133349945,0.999984765,0.0004601370827,0.000413601779,0.9999848708,1.710664316e-07,0.9999697419,3.008703075e-05
0.035,8565.4988,-1.61559596e-05,0.001464288685,0.9999743649,0.00130865479,0.001464377809,0.9999752212,2.144402368e-06,0.9999504431,4.741254406e-05
0.07,4282.7494,-4.461048523e-05,0.002947465371,0.999955849,0.002626946331,0.002947802946,0.9999592996,8.689542209e-06,0.9999186009,7.270958824e-05
0.105,2855.166267,-5.984380425e-05,0.004442458545,0.9999323556,0.004065653199,0.004442861601,0.9999406209,1.97390192e-05,0.9998812453,9.901572388e-05
0.14,2141.3747,-6.610923501e-05,0.005947198393,0.99990363,0.00559430186,0.005947565817,0.9999192795,3.537353915e-05,0.9998385655,0.0001260609346
0.175,1713.09976,-6.717665313e-05,0.007459768874,0.9998695646,0.007187049682,0.007460071337,0.9998953945,5.565266435e-05,0.9997907999,0.0001535474122
0.21,1427.583133,-6.631600764e-05,0.008978414945,0.9998301769,0.008822365118,0.008978659852,0.9998690998,8.061633275e-05,0.9997382167,0.00018116692
0.245,1223.642686,-6.62955073e-05,0.01050155132,0.9997855823,0.01048267242,0.01050176058,0.9998405358,0.0001102869753,0.9996810971,0.0002086159299
0.28,1070.68735,-6.939340194e-05,0.01202777101,0.9997359654,0.01215397314,0.01202797118,0.9998098417,0.0001446720908,0.9996197196,0.0002356082853
0.315,951.7220889,-7.742173516e-05,0.01355585199,0.9996815515,0.01382545561,0.01355607308,0.999777149,0.0001837671174,0.9995543476,0.0002618853047
0.35,856.54988,-9.176003061e-05,0.01508476094,0.9996225817,0.01548910262,0.01508504002,0.999742576,0.0002275584325,0.9994852182,0.0002872233484
0.385,778.6817091,-0.0001133966135,0.01661365288,0.9995592923,0.017139306,0.01661403987,0.9997062242,0.0002760263209,0.9994125347,0.0003114389756
0.42,713.7915667,-0.0001429751751,0.01814186665,0.9994918978,0.01877249552,0.01814243003,0.9996681751,0.0003291477674,0.9993364604,0.000334391881
0.455,658.8845231,-0.0001808442436,0.0196689159,0.9994205792,0.02038678808,0.01966974727,0.9996284886,0.0003868989575,0.9992571152,0.000355985855
0.49,611.8213429,-0.00022710741,0.02119447618,0.9993454764,0.02198166181,0.02119569292,0.9995872021,0.0004492573984,0.9991745746,0.0003761680337
0.525,571.0332533,-0.0002816724365,0.02271836857,0.9992666843,0.02355765851,0.02272011465,0.999544331,0.0005162036097,0.9990888697,0.0003949267161
0.56,535.343675,-0.0003442977109,0.0242405408,0.9991842524,0.0251161164,0.02424298577,0.9994998697,0.000587722359,0.9989999896,0.0004122880258
0.595,503.8528706,-0.0004146348769,0.02576104672,0.9990981864,0.02665893453,0.02576438337,0.9994537933,0.0006638034502,0.9989078849,0.0004283116867
0.63,475.8610444,-0.000492266822,0.02728002504,0.9990084522,0.02818836893,0.02728446615,0.9994060595,0.000744442093,0.9988124717,0.00044308616
0.665,450.8157263,-0.0005767405389,0.02879767821,0.9989149815,0.02970686002,0.02880345291,0.9993566119,0.0008296388997,0.9987136377,0.0004567233765
0.7,428.27494,-0.0006675946645,0.03031425218,0.9988176775,0.03121689007,0.03032160233,0.9993053823,0.000919399568,0.9986112472,0.0004693532784
0.735,407.8808952,-0.0007643817359,0.03183001785,0.9987164222,0.03272086894,0.03183919464,0.9992522941,0.001013734316,0.9985051473,0.0004811183542
0.77,389.3408545,-0.0008666853957,0.03334525435,0.9986110827,0.03422104614,0.03335651557,0.9991972651,0.001112657131,0.9983951745,0.0004921683378
0.805,372.4129913,-0.0009741329114,0.03486023486,0.9985015178,0.03571944668,0.03487384276,0.9991402103,0.001216184909,0.9982811599,0.0005026552114
0.84,356.8957833,-0.001086403472,0.03637521486,0.9983875841,0.03721782817,0.03639143483,0.9990810452,0.001324336529,0.9981629348,0.0005127286322
0.875,342.619952,-0.00120323278,0.03789042306,0.9982691417,0.03871765656,0.03790952293,0.9990196876,0.001437131929,0.9980403362,0.0005225318788
0.91,329.4422615,-0.00132441448,0.03940605481,0.9981460585,0.04022009763,0.03942830493,0.9989560603,0.00155459123,0.9979132104,0.0005321983882
0.945,317.2406963,-0.001449798973,0.04092226797,0.9980182144,0.04172602175,0.04094794174,0.9988900926,0.001676733933,0.9977814171,0.0005418489309
0.98,305.9106714,-0.001579290145,0.04243918096,0.9978855039,0.04323601913,0.04246855587,0.998821722,0.001803578238,0.9976448323,0.0005515894504
1.015,295.3620276,-0.001712840511,0.04395687274,0.9977478387,0.04475042325,0.04399023169,0.9987508948,0.001935140484,0.9975033499,0.0005615095697
1.05,285.5166267,-0.001850445233,0.04547538449,0.9976051482,0.04626934014,0.04551301728,0.9986775673,0.002071434742,0.9973568835,0.0005716817494
1.085,276.3064129,-0.001992135438,0.04699472258,0.9974573805,0.04779268147,0.04703692756,0.9986017056,0.002212472554,0.9972053664,0.0005821610614
1.12,267.6718375,-0.002137971189,0.04851486262,0.9973045019,0.04932019955,0.04856194823,0.9985232855,0.002358262816,0.9970487517,0.0005929855299
1.155,259.5605697,-0.002288034455,0.05003575426,0.9971464957,0.0508515228,0.05008804055,0.9984422924,0.002508811806,0.9968870112,0.0006041769741
1.19,251.9264353,-0.002442422311,0.05155732643,0.9969833607,0.05238619016,0.05161514637,0.9983587203,0.002664123335,0.9967201344,0.0006157422812
1.225,244.7285371,-0.00260124062,0.05307949279,0.9968151094,0.0539236835,0.05314319343,0.998272571,0.002824199008,0.996548126,0.000627675029
1.26,237.9305222,-0.002764598342,0.0546021572,0.9966417656,0.05546345709,0.05467210051,0.9981838528,0.002989038574,0.9963710041,0.0006399573736
1.295,231.4999676,-0.002932602597,0.05612521882,0.9964633619,0.05700496358,0.0562017824,0.9980925796,0.003158640345,0.9961887975,0.0006525621174
1.33,225.4078632,-0.003105354562,0.05764857697,0.9962799371,0.05854767601,0.05773215441,0.9979987693,0.003333001653,0.9960015435,0.000665454875
1.365,219.6281744,-0.003282946234,0.05917213532,0.9960915337,0.06009110572,0.05926313639,0.9979024423,0.003512119335,0.9958092844,0.0006785962559
1.4,214.13747,-0.003465458056,0.06069580552,0.9958981952,0.06163481602,0.06079465607,0.9978036209,0.003695990207,0.9956120658,0.0006919439944
1.435,208.9146049,-0.003652957387,0.06221951003,0.9956999645,0.06317843187,0.06232665181,0.9977023271,0.003884611526,0.9954099335,0.0007054549587
1.47,203.9404476,-0.003845497741,0.06374318431,0.9954968811,0.06472164569,0.06385907452,0.9975985824,0.004077981399,0.9952029316,0.000719086988
1.505,199.1976465,-0.004043118728,0.06526677817,0.9952889799,0.06626421971,0.06539188896,0.9974924062,0.004276099142,0.9949911003,0.0007328005093
1.54,194.6704273,-0.004245846601,0.06679025645,0.99507629,0.06780598521,0.0669250743,0.9973838151,0.004478965569,0.9947744745,0.0007465599023
1.575,190.3444178,-0.004453695303,0.06831359896,0.9948588333,0.06934683917,0.06845862404,0.9972728224,0.004686583205,0.9945530822,0.0007603345888
1.61,186.2064957,-0.004666667903,0.06983679991,0.9946366241,0.07088673879,0.06999254539,0.9971594375,0.004898956411,0.9943269438,0.0007740998346
1.645,182.2446553,-0.004884758315,0.07135986665,0.9944096692,0.07242569438,0.07152685811,0.9970436657,0.005116091432,0.9940960713,0.0007878372624
1.68,178.4478917,-0.005107953188,0.07288281813,0.9941779673,0.07396376111,0.07306159295,0.996925508,0.005337996365,0.9938604686,0.0008015350822
1.715,174.806098,-0.005336233873,0.07440568296,0.99394151,0.0755010301,0.0745967898,0.9968049613,0.005564681049,0.9936201309,0.0008151880578
1.75,171.309976,-0.005569578372,0.0759284972,0.9937002823,0.07703761924,0.07613249563,0.9966820184,0.005796156891,0.9933750459,0.0008287972302
1.785,167.9509569,-0.005807963197,0.07745130211,0.9934542633,0.07857366418,0.07766876228,0.9965566687,0.006032436635,0.9931251939,0.0008423694302
1.82,164.7211308,-0.006051365064,0.07897414179,0.9932034272,0.08010930976,0.07920564431,0.9964288983,0.006273534091,0.9928705493,0.0008559166125
1.855,161.6131849,-0.006299762385,0.08049706097,0.9929477447,0.08164470218,0.08074319681,0.9962986907,0.006519463831,0.9926110811,0.0008694550502
1.89,158.6203481,-0.006553136509,0.08202010288,0.992687184,0.08317998212,0.08228147346,0.9961660277,0.006770240874,0.9923467547,0.0008830044289
1.925,155.7363418,-0.006811472699,0.08354330735,0.9924217119,0.08471527894,0.08382052471,0.9960308895,0.007025880363,0.9920775328,0.0008965868801
1.96,152.9553357,-0.007074760832,0.08506670921,0.9921512951,0.08625070611,0.0853603963,0.9958932557,0.007286397257,0.9918033767,0.0009102259931
1.995,150.2719088,-0.007342995818,0.086590337,0.9918759013,0.0877863578,0.08690112801,0.995753106,0.00755180605,0.9915242481,0.0009239458435
2.03,147.6810138,-0.007616177768,0.08811421197,0.9915954997,0.08932230672,0.08844275276,0.9956104205,0.007822120515,0.9912401094,0.0009377700708
2.065,145.1779458,-0.007894311915,0.0896383475,0.9913100623,0.09085860313,0.08998529603,0.9954651804,0.008097353502,0.9909509255,0.0009517210366
2.1,142.7583133,-0.008177408324,0.09116274879,0.9910195645,0.09239527488,0.09152877566,0.9953173686,0.008377516774,0.9906566641,0.0009658190878
2.135,140.4180131,-0.008465481435,0.09268741301,0.9907239852,0.09393232838,0.09307320187,0.9951669695,0.008662620906,0.9903572971,0.0009800819457
2.17,138.1532065,-0.00875854945,0.09421232959,0.9904233071,0.09546975047,0.09461857765,0.99501397,0.008952675236,0.9900528005,0.0009945242352
2.205,135.9602984,-0.009056633639,0.09573748096,0.9901175172,0.09700751081,0.09616489938,0.9948583592,0.009247687873,0.989743155,0.001009157162
2.24,133.8359187,-0.009359757569,0.09726284335,0.9898066061,0.09854556481,0.09771215768,0.9947001286,0.009547665759,0.9894283459,0.001023988343
2.275,131.7769046,-0.009667946321,0.09878838797,0.9894905684,0.1000838569,0.09926033842,0.9945392719,0.009852614783,0.9891083634,0.001039021786
2.31,129.7802848,-0.009981225711,0.1003140821,0.9891694017,0.1016223239,0.1008094238,0.9943757851,0.01016253993,0.9887832021,0.001054258009
2.345,127.8432657,-0.01029962156,0.1018398905,0.9888431065,0.1031608984,0.1023593938,0.9942096661,0.0104774455,0.9884528602,0.001069694296
2.38,125.9632176,-0.01062315902,0.1033657765,0.9885116852,0.104699512,0.103910227,0.9940409145,0.01079733526,0.9881173397,0.001085325056
2.415,124.1376638,-0.01095186203,0.1048917038,0.988175142,0.1062380985,0.1054619021,0.9938695311,0.0111222128,0.9877766449,0.00110114229
2.45,122.3642686,-0.01128575279,0.1064176369,0.9878334817,0.1077765964,0.1070143993,0.9936955179,0.01145208165,0.9874307822,0.001117136119
2.485,120.6408282,-0.01162485148,0.107943543,0.987486709,0.1093149511,0.1085677007,0.993518877,0.01178694564,0.987079759,0.001133295373
2.52,118.9652611,-0.011969176,0.1094693925,0.9871348283,0.1108531169,0.110121792,0.993339611,0.01212680908,0.9867235827,0.001149608198
2.555,117.3356,-0.01231874183,0.1109951602,0.9867778425,0.1123910581,0.1116766626,0.9931577218,0.01247167698,0.9863622603,0.001166062673
2.59,115.7499838,-0.0126735621,0.1125208252,0.9864157527,0.1139287499,0.1132323067,0.9929732108,0.01282155528,0.9859957973,0.001182647403
2.625,114.2066507,-0.01303364767,0.1140463723,0.9860485579,0.1154661785,0.1147887233,0.9927860781,0.01317645101,0.9856241969,0.001199352072
2.66,112.7039316,-0.01339900732,0.1155717914,0.9856762541,0.1170033413,0.1163459168,0.9925963226,0.01353637236,0.9852474597,0.001216167939
2.695,111.2402442,-0.01376964808,0.1170970778,0.9852988344,0.1185402456,0.1179038966,0.9924039414,0.01390132884,0.9848655829,0.001233088262
2.73,109.8140872,-0.01414557553,0.1186222321,0.9849162889,0.1200769084,0.1194626773,0.9922089297,0.01427133127,0.9844785601,0.001250108624
2.765,108.4240354,-0.01452679421,0.1201472599,0.9845286045,0.1216133547,0.1210222781,0.9920112807,0.0146463918,0.984086381,0.001267227172
2.8,107.068735,-0.01491330805,0.1216721706,0.9841357648,0.1231496157,0.1225827225,0.9918109857,0.01502652387,0.9836890314,0.001284444754
2.835,105.7468988,-0.01530512072,0.1231969779,0.9837377507,0.1246857278,0.1241440376,0.9916080339,0.01541174208,0.983286493,0.001301764944
2.87,104.4573024,-0.01570223609,0.1247216979,0.9833345405,0.1262217305,0.1257062534,0.9914024127,0.01580206215,0.9828787439,0.001319193979
2.905,103.1987807,-0.01610465859,0.1262463491,0.9829261101,0.1277576646,0.127269402,0.9911941075,0.01619750068,0.9824657587,0.001336740583
2.94,101.9702238,-0.01651239352,0.127770951,0.9825124335,0.1292935703,0.1288335168,0.9909831024,0.01659807505,0.9820475092,0.001354415721
2.975,100.7705741,-0.01692544734,0.1292955235,0.9820934834,0.1308294862,0.1303986317,0.9907693801,0.01700380316,0.9816239646,0.001372232267
3.01,99.59882326,-0.01734382789,0.130820086,0.9816692317,0.1323654474,0.1319647804,0.9905529224,0.01741470328,0.9811950921,0.001390204612
3.045,98.4540092,-0.01776754455,0.1323446568,0.9812396498,0.1339014844,0.1335319955,0.9903337104,0.01783079382,0.980760858,0.00140834823
3.08,97.33521364,-0.01819660831,0.1338692518,0.9808047095,0.135437622,0.1351003076,0.9901117248,0.01825209313,0.9803212277,0.001426679209
3.115,96.24155955,-0.01863103182,0.1353938845,0.980364383,0.1369738789,0.1366697454,0.9898869465,0.0186786193,0.9798761669,0.001445213776
3.15,95.17220889,-0.01907082929,0.1369185652,0.9799186436,0.1385102668,0.1382403343,0.9896593566,0.01911039001,0.9794256422,0.001463967822
3.185,94.12636044,-0.01951601646,0.1384433006,0.9794674663,0.1400467908,0.1398120967,0.9894289369,0.01954742238,0.9789696212,0.001482956456
3.22,93.10324783,-0.01996661037,0.1399680938,0.9790108276,0.1415834488,0.1413850516,0.98919567,0.0199897328,0.9785080736,0.001502193592
3.255,92.10213763,-0.02042262925,0.1414929438,0.9785487063,0.1431202321,0.1429592142,0.9889595399,0.02043733693,0.9780409715,0.001521691593
3.29,91.12232766,-0.02088409221,0.1430178459,0.9780810832,0.1446571261,0.1445345964,0.9887205315,0.02089024955,0.9775682895,0.001541460976
3.325,90.16314526,-0.02135101907,0.1445427916,0.9776079415,0.1461941105,0.1461112063,0.9884786316,0.02134848462,0.9770900052,0.001561510188
3.36,89.22394583,-0.02182343005,0.146067769,0.9771292665,0.1477311604,0.1476890492,0.9882338282,0.02181205525,0.9766060993,0.001581845477
3.395,88.30411134,-0.02230134554,0.1475927632,0.9766450459,0.1492682474,0.1492681271,0.9879861109,0.02228097377,0.9761165554,0.001602470826
3.43,87.40304898,-0.02278478584,0.1491177566,0.9761552692,0.15080534,0.1508484398,0.9877354708,0.02275525181,0.9756213602,0.00162338799
3.465,86.5201899,-0.02327377096,0.1506427296,0.9756599277,0.1523424051,0.1524299852,0.9874819001,0.02323490038,0.975120503,0.001644596609
3.5,85.654988,-0.02376832041,0.1521676609,0.9751590143,0.1538794087,0.1540127595,0.9872253925,0.02371993008,0.9746139755,0.001666094398
3.535,84.80691881,-0.02426845302,0.1536925286,0.9746525226,0.155416317,0.1555967582,0.9869659424,0.02421035115,0.9741017714,0.001687877405
3.57,83.97547843,-0.02477418687,0.1552173102,0.9741404474,0.1569530969,0.1571819764,0.9867035451,0.02470617372,0.9735838859,0.00170994034
3.605,83.16018252,-0.02528553916,0.1567419837,0.9736227836,0.1584897171,0.1587684098,0.9864381963,0.02520740794,0.9730603151,0.001732276936
3.64,82.36056538,-0.02580252621,0.1582665277,0.9730995259,0.1600261486,0.1603560543,0.9861698918,0.02571406416,0.9725310555,0.001754880357
3.675,81.57617905,-0.02632516346,0.1597909223,0.9725706687,0.1615623649,0.1619449076,0.9858986273,0.02622615309,0.9719961033,0.001777743616
3.71,80.80659245,-0.02685346552,0.1613151493,0.9720362054,0.1630983429,0.1635349687,0.985624398,0.026743686,0.971455454,0.001800859998
3.745,80.05139065,-0.02738744625,0.1628391923,0.9714961283,0.1646340625,0.1651262389,0.9853471986,0.02726667478,0.9709091017,0.001824223477
3.78,79.31017407,-0.02792711892,0.1643630377,0.9709504281,0.1661695069,0.1667187216,0.9850670225,0.02779513213,0.9703570388,0.001847829097
3.815,78.5825578,-0.02847249632,0.165886674,0.9703990938,0.1677046625,0.1683124227,0.9847838621,0.02832907165,0.969799255,0.001871673315
3.85,77.86817091,-0.02902359095,0.1674100923,0.9698421125,0.1692395187,0.1699073508,0.9844977084,0.02886850785,0.9692357379,0.001895754287
3.885,77.16665586,-0.02958041521,0.1689332866,0.9692794692,0.1707740678,0.1715035168,0.9842085509,0.02941345627,0.9686664716,0.001920072092
3.92,76.47766786,-0.03014298159,0.1704562527,0.9687111468,0.1723083042,0.1731009342,0.9839163774,0.02996393342,0.9680914377,0.001944628878
3.955,75.80087434,-0.03071130285,0.1719789891,0.9681371263,0.1738422244,0.1746996188,0.9836211742,0.03051995681,0.9675106143,0.001969428926
3.99,75.13595439,-0.03128539221,0.173501496,0.9675573864,0.1753758264,0.1762995884,0.9833229258,0.03108154487,0.9669239765,0.001994478634
4.025,74.48259826,-0.03186526353,0.1750237751,0.9669719043,0.1769091092,0.1779008625,0.9830216156,0.03164871688,0.9663314967,0.002019786412
4.06,73.8405069,-0.03245093143,0.1765458296,0.9663806555,0.1784420725,0.1795034621,0.9827172252,0.0322214929,0.9657331446,0.002045362491
4.095,73.20939145,-0.0330424114,0.1780676631,0.9657836141,0.179974716,0.181107409,0.9824097352,0.0327998936,0.9651288877,0.002071218661
4.13,72.58897288,-0.03363971996,0.1795892798,0.9651807533,0.1815070396,0.1827127258,0.9820991253,0.03338394018,0.9645186919,0.002097367932
4.165,71.97898151,-0.03424287463,0.1811106836,0.9645720453,0.1830390425,0.1843194351,0.9817853746,0.03397365417,0.9639025217,0.002123824141
4.2,71.37915667,-0.03485189402,0.1826318779,0.9639574623,0.1845707235,0.1859275594,0.9814684616,0.03456905735,0.9632803412,0.002150601499
4.235,70.78924628,-0.03546679777,0.1841528652,0.9633369764,0.1861020804,0.1875371204,0.9811483651,0.03517017151,0.9626521144,0.002177714122
4.27,70.20900656,-0.03608760656,0.1856736467,0.9627105598,0.1876331105,0.1891481388,0.9808250639,0.03577701841,0.9620178061,0.002205175524
4.305,69.63820163,-0.03671434202,0.1871942217,0.9620781856,0.1891638101,0.1907606342,0.9804985376,0.03638961954,0.9613773823,0.002232998128
4.34,69.07660323,-0.03734702662,0.1887145879,0.961439828,0.1906941749,0.1923746243,0.9801687667,0.03700799608,0.9607308111,0.002261192774
4.375,68.5239904,-0.03798568355,0.1902347408,0.9607954621,0.1922242,0.1939901254,0.9798357327,0.03763216875,0.960078063,0.00228976827
4.41,67.98014921,-0.03863033663,0.1917546735,0.9601450646,0.1937538804,0.1956071515,0.9794994187,0.03826215773,0.9594191113,0.002318730989
4.445,67.44487244,-0.03928101007,0.1932743772,0.959488614,0.195283211,0.1972257149,0.9791598097,0.03889798263,0.9587539328,0.002348084526
4.48,66.91795937,-0.03993772843,0.1947938405,0.9588260902,0.1968121868,0.1988458258,0.978816892,0.03953966243,0.9580825081,0.002377829434
4.515,66.3992155,-0.04060051635,0.1963130499,0.9581574751,0.1983408033,0.2004674924,0.9784706544,0.0401872155,0.9574048215,0.002407963044
4.55,65.88845231,-0.04126939848,0.1978319902,0.9574827524,0.199869057,0.2020907212,0.9781210871,0.04084065958,0.956720861,0.002438479387
4.585,65.38548702,-0.04194439929,0.1993506439,0.9568019071,0.2013969451,0.203715517,0.9777681826,0.04150001187,0.9560306189,0.002469369208
4.62,64.89014242,-0.04262554296,0.2008689925,0.9561149261,0.202924466,0.2053418834,0.9774119351,0.04216528907,0.9553340908,0.002500620096
4.655,64.40224662,-0.04331285324,0.2023870159,0.9554217975,0.2044516194,0.2069698226,0.9770523404,0.04283650747,0.9546312758,0.002532216711
4.69,63.92163284,-0.04400635343,0.2039046933,0.9547225104,0.2059784063,0.2085993363,0.9766893958,0.04351368309,0.9539221758,0.002564141114
4.725,63.44813926,-0.04470606622,0.2054220032,0.9540170549,0.2075048288,0.2102304254,0.9763230997,0.04419683176,0.953206795,0.002596373196
4.76,62.98160882,-0.04541201374,0.2069389241,0.9533054214,0.2090308903,0.2118630909,0.9759534515,0.04488596928,0.9524851395,0.00262889118
4.795,62.52188905,-0.04612421746,0.2084554344,0.9525876004,0.2105565951,0.2134973339,0.9755804509,0.04558111157,0.9517572162,0.002661672213
4.83,62.06883188,-0.0468426983,0.2099715133,0.9518635824,0.212081948,0.2151331559,0.9752040977,0.04628227477,0.9510230322,0.002694693
4.865,61.62229353,-0.04756747658,0.2114871405,0.9511333573,0.213606954,0.2167705594,0.9748243914,0.0469894754,0.9502825941,0.00272793049
4.9,61.18213429,-0.04829857214,0.2130022968,0.9503969138,0.215131618,0.2184095477,0.9744413307,0.04770273052,0.9495359069,0.002761362575
4.935,60.74821844,-0.04903600438,0.2145169645,0.9496542398,0.2166559442,0.2200501256,0.9740549129,0.04842205777,0.9487829734,0.002794968798
4.97,60.32041408,-0.0497797924,0.216031127,0.9489053215,0.2181799357,0.2216922992,0.9736651341,0.04914747555,0.9480237934,0.002828731043
5.005,59.89859301,-0.05052995509,0.2175447694,0.9481501431,0.2197035934,0.2233360764,0.9732719881,0.04987900304,0.9472583628,0.002862634184
5.04,59.48263056,-0.05128651125,0.2190578784,0.9473886871,0.2212269165,0.2249814666,0.9728754663,0.05061666032,0.946486673,0.002896666676
5.075,59.07240552,-0.05204947971,0.2205704423,0.9466209338,0.2227499009,0.2266284809,0.9724755578,0.05136046836,0.9457087106,0.002930821071
5.11,58.6678,-0.0528188795,0.222082451,0.9458468611,0.2242725394,0.2282771322,0.9720722486,0.05211044907,0.9449244565,0.002965094445
5.145,58.26869932,-0.05359472989,0.2235938956,0.9450664447,0.225794821,0.2299274347,0.9716655217,0.05286662524,0.9441338861,0.002999488707
5.18,57.87499189,-0.05437705061,0.2251047688,0.944279658,0.2273167307,0.2315794045,0.9712553571,0.05362902058,0.9433369686,0.0030340108
5.215,57.48656913,-0.05516586186,0.2266150641,0.9434864722,0.2288382493,0.2332330586,0.9708417315,0.05439765961,0.9425336676,0.003068672762
5.25,57.10332533,-0.05596118447,0.228124776,0.9426868564,0.2303593529,0.2348884152,0.9704246188,0.0551725676,0.9417239407,0.003103491662
5.285,56.72515762,-0.0567630399,0.2296338995,0.9418807777,0.2318800135,0.2365454935,0.9700039897,0.05595377049,0.9409077401,0.003138489398
5.32,56.35196579,-0.05757145038,0.2311424298,0.9410682017,0.2334001985,0.2382043131,0.9695798125,0.05674129476,0.9400850129,0.003173692354
5.355,55.98365229,-0.05838643886,0.2326503623,0.9402490923,0.2349198717,0.2398648939,0.9691520529,0.05753516734,0.9392557017,0.003209130939
5.39,55.62012208,-0.0592080291,0.2341576921,0.9394234126,0.2364389928,0.2415272562,0.9687206747,0.05833541548,0.9384197455,0.003244838997
5.425,55.26128258,-0.06003624558,0.2356644135,0.9385911248,0.2379575187,0.2431914196,0.9682856398,0.05914206659,0.9375770803,0.00328085312
5.46,54.90704359,-0.06087111356,0.2371705203,0.9377521906,0.2394754037,0.2448574037,0.9678469094,0.05995514816,0.93672764,0.003317211863
5.495,54.5573172,-0.06171265895,0.238676005,0.9369065717,0.2409926003,0.2465252272,0.9674044436,0.06077468762,0.9358713575,0.003353954889
5.53,54.21201772,-0.06256090833,0.2401808589,0.93605423,0.2425090602,0.2481949078,0.9669582027,0.06160071224,0.9350081657,0.00339112207
5.565,53.87106164,-0.06341588881,0.2416850721,0.9351951279,0.2440247349,0.2498664623,0.9665081471,0.06243324901,0.9341379984,0.003428752551
5.6,53.5343675,-0.064277628,0.2431886328,0.9343292288,0.2455395767,0.2515399065,0.9660542384,0.06327232457,0.9332607916,0.003466883821
5.635,53.2018559,-0.06514615388,0.2446915278,0.9334564974,0.2470535399,0.2532152546,0.9655964395,0.06411796515,0.9323764841,0.003505550795
5.67,52.87344938,-0.06602149474,0.2461937423,0.9325768993,0.2485665813,0.2548925196,0.9651347152,0.06497019653,0.9314850185,0.00354478496
5.705,52.54907239,-0.06690367904,0.2476952598,0.9316904023,0.2500786612,0.2565717131,0.9646690326,0.06582904398,0.9305863424,0.003584613572
5.74,52.22865122,-0.06779273538,0.249196062,0.9307969754,0.2515897442,0.2582528457,0.9641993615,0.0666945323,0.9296804087,0.003625058965
5.775,51.91211394,-0.06868869235,0.2506961295,0.9298965897,0.2530998,0.2599359263,0.9637256748,0.06756668579,0.9287671762,0.003666137964
5.81,51.59939036,-0.06959157851,0.2521954412,0.928989218,0.2546088038,0.2616209631,0.9632479485,0.06844552835,0.9278466102,0.003707861435
5.845,51.29041198,-0.07050142229,0.2536939749,0.9280748352,0.2561167368,0.2633079631,0.9627661619,0.06933108344,0.9269186826,0.003750233986
5.88,50.9851119,-0.07141825193,0.2551917074,0.9271534176,0.2576235864,0.2649969325,0.962280298,0.07022337423,0.925983372,0.00379325382
5.915,50.68342485,-0.07234209548,0.2566886146,0.9262249433,0.2591293462,0.2666878768,0.9617903428,0.07112242365,0.9250406636,0.003836912764
5.95,50.38528706,-0.0732729807,0.2581846718,0.9252893919,0.2606340162,0.2683808012,0.9612962858,0.07202825446,0.9240905491,0.003881196459
5.985,50.09063626,-0.07421093514,0.2596798538,0.9243467441,0.2621376022,0.2700757104,0.9607981192,0.07294088937,0.9231330259,0.003926084725
6.02,49.79941163,-0.07515598607,0.2611741352,0.9233969819,0.2636401155,0.2717726093,0.9602958381,0.07386035115,0.9221680968,0.003971552085
6.055,49.51155376,-0.07610816052,0.2626674906,0.9224400878,0.2651415721,0.2734715025,0.9597894399,0.0747866627,0.9211957689,0.004017568442
6.09,49.2270046,-0.07706748533,0.2641598944,0.9214760447,0.2666419921,0.2751723953,0.9592789235,0.07571984713,0.920216053,0.004064099896
6.125,48.94570743,-0.07803398713,0.2656513217,0.9205048359,0.2681413983,0.276875293,0.9587642893,0.07665992789,0.9192289624,0.004111109672
6.16,48.66760682,-0.07900769245,0.2671417477,0.9195264443,0.2696398158,0.2785802018,0.9582455385,0.07760692882,0.918234512,0.00415855916
6.195,48.39264859,-0.07998862773,0.2686311479,0.9185408524,0.2711372701,0.2802871281,0.9577226722,0.0785608742,0.9172327168,0.00420640901
6.23,48.12077978,-0.08097681939,0.2701194986,0.917548042,0.2726337864,0.2819960794,0.957195691,0.07952178882,0.9162235909,0.004254620284
6.265,47.8519486,-0.08197229388,0.2716067764,0.916547994,0.2741293877,0.2837070637,0.9566645945,0.08048969797,0.9152071464,0.004303155615
6.3,47.58610444,-0.08297507774,0.2730929585,0.9155406877,0.2756240942,0.2854200895,0.9561293804,0.0814646275,0.9141833921,0.004351980363
6.335,47.32319779,-0.08398519766,0.2745780223,0.9145261014,0.2771179215,0.2871351664,0.9555900442,0.08244660378,0.9131523325,0.004401063709
6.37,47.06318022,-0.08500268051,0.2760619459,0.9135042115,0.2786108796,0.2888523043,0.9550465783,0.08343565367,0.9121139666,0.00445037969
6.405,46.80600437,-0.0860275534,0.2775447073,0.9124749927,0.2801029721,0.2905715136,0.9544989719,0.08443180452,0.9110682874,0.004499908121
6.44,46.55162391,-0.08705984371,0.279026285,0.9114384182,0.2815941946,0.2922928054,0.9539472106,0.08543508408,0.9100152805,0.004549635388
6.475,46.29999351,-0.08809957908,0.280506657,0.9103944589,0.2830845345,0.2940161908,0.9533912756,0.08644552045,0.9089549245,0.00459955509
6.51,46.05106882,-0.08914678749,0.2819858016,0.9093430843,0.2845739702,0.2957416812,0.9528311443,0.087463142,0.9078871895,0.004649668505
6.545,45.80480642,-0.09020149721,0.2834636965,0.908284262,0.2860624708,0.297469288,0.9522667892,0.08848797731,0.9068120378,0.004699984866
6.58,45.56116383,-0.09126373683,0.2849403191,0.907217958,0.2875499958,0.2991990225,0.9516981788,0.08952005508,0.9057294235,0.004750521432
6.615,45.32009947,-0.09233353522,0.2864156461,0.9061441369,0.2890364955,0.3009308958,0.951125277,0.09055940404,0.9046392926,0.004801303361
6.65,45.08157263,-0.09341092156,0.2878896536,0.9050627619,0.290521911,0.3026649185,0.9505480439,0.0916060529,0.9035415837,0.004852363357
6.685,44.84554346,-0.09449592529,0.2893623168,0.9039737952,0.2920061751,0.3044011009,0.9499664355,0.09266003026,0.9024362286,0.004903741123
6.72,44.61197292,-0.09558857607,0.29083361,0.902877198,0.293489213,0.3061394528,0.9493804047,0.09372136459,0.9013231528,0.004955482615
6.755,44.3808228,-0.0966889038,0.2923035067,0.9017729311,0.2949709433,0.3078799834,0.9487899013,0.09479008416,0.9002022767,0.005007639108
6.79,44.15205567,-0.09779693857,0.2937719794,0.900660955,0.2964512794,0.3096227011,0.9481948728,0.09586621706,0.8990735168,0.00506026611
6.825,43.92563487,-0.09891271063,0.2952389995,0.8995412297,0.2979301307,0.3113676142,0.9475952653,0.09694979115,0.8979367867,0.00511342212
6.86,43.70152449,-0.1000362504,0.2967045378,0.8984137159,0.2994074042,0.31311473,0.9469910235,0.09804083413,0.8967919986,0.005167167295
6.895,43.47968934,-0.1011675884,0.298168564,0.8972783743,0.3008830063,0.3148640556,0.9463820922,0.09913937353,0.8956390644,0.005221562022
6.93,43.26009495,-0.1023067555,0.2996310474,0.8961351664,0.3023568444,0.3166155978,0.9457684166,0.1002454368,0.8944778978,0.005276665451
6.965,43.04270754,-0.1034537823,0.3010919565,0.8949840545,0.3038288283,0.3183693631,0.9451499429,0.1013590514,0.8933084146,0.005332534021
7,42.827494,-0.1046087,0.3025512595,0.8938250018,0.3052988724,0.3201253578,0.9445266197,0.1024802447,0.8921305353,0.005389220007
7.035,42.61442189,-0.1057715398,0.3040089241,0.8926579727,0.3067668969,0.3218835886,0.9438983978,0.1036090446,0.8909441853,0.005446770134
7.07,42.40345941,-0.106942333,0.3054649183,0.8914829328,0.3082328297,0.323644062,0.9432652314,0.1047454789,0.8897492968,0.005505224299
7.105,42.19457537,-0.1081211115,0.3069192097,0.890299849,0.3096966071,0.3254067855,0.9426270787,0.105889576,0.8885458096,0.005564614416
7.14,41.98773922,-0.1093079071,0.3083717664,0.8891086894,0.3111581754,0.3271717666,0.941983902,0.1070413649,0.8873336717,0.005624963436
7.175,41.78292098,-0.1105027522,0.3098225569,0.8879094234,0.3126174918,0.3289390142,0.9413356683,0.108200875,0.8861128404,0.005686284564
7.21,41.58009126,-0.1117056795,0.3112715501,0.8867020218,0.3140745247,0.3307085375,0.9406823494,0.1093681368,0.8848832826,0.005748580685
7.245,41.37922126,-0.1129167223,0.3127187155,0.8854864563,0.3155292544,0.3324803471,0.9400239224,0.1105431812,0.8836449748,0.005811844044
7.28,41.18028269,-0.1141359142,0.3141640232,0.8842626999,0.316981673,0.3342544546,0.9393603693,0.1117260404,0.8823979034,0.005876056164
7.315,40.98324785,-0.1153632895,0.3156074442,0.8830307262,0.318431784,0.3360308727,0.9386916771,0.1129167474,0.8811420646,0.005941188029
7.35,40.78808952,-0.1165988829,0.3170489501,0.8817905099,0.3198796022,0.3378096154,0.9380178374,0.1141153362,0.8798774632,0.006007200532
7.385,40.59478104,-0.1178427298,0.3184885131,0.8805420259,0.3213251522,0.3395906977,0.9373388463,0.115321842,0.8786041129,0.006074045176
7.42,40.40329623,-0.1190948662,0.3199261061,0.8792852498,0.3227684681,0.3413741357,0.936654704,0.1165363006,0.8773220344,0.006141665016
7.455,40.21360939,-0.1203553287,0.3213617025,0.8780201571,0.3242095911,0.3431599466,0.9359654135,0.1177587489,0.8760312552,0.006209995837
7.49,40.02569533,-0.1216241543,0.3227952757,0.8767467235,0.3256485689,0.3449481481,0.9352709808,0.1189892249,0.8747318076,0.006278967532
7.525,39.8395293,-0.1229013805,0.3242267994,0.8754649244,0.3270854531,0.3467387587,0.9345714138,0.1202277668,0.8734237275,0.006348505654
7.56,39.65508704,-0.1241870455,0.3256562472,0.8741747349,0.3285202978,0.3485317972,0.9338667214,0.1214744136,0.8721070532,0.006418533113
7.595,39.4723447,-0.1254811876,0.3270835922,0.8728761296,0.3299531569,0.3503272823,0.9331569125,0.1227292047,0.8707818233,0.006488971978
7.63,39.2912789,-0.1267838454,0.3285088067,0.8715690822,0.3313840826,0.3521252327,0.9324419956,0.1239921795,0.8694480751,0.006559745343
7.665,39.11186667,-0.1280950574,0.3299318621,0.8702535657,0.3328131229,0.3539256665,0.9317219775,0.1252633774,0.8681058434,0.006630779214
7.7,38.93408545,-0.1294148625,0.3313527286,0.8689295524,0.3342403196,0.3557286007,0.9309968626,0.1265428374,0.8667551582,0.00670200437
7.735,38.75791312,-0.1307432989,0.3327713747,0.8675970133,0.3356657063,0.3575340516,0.930266652,0.127830598,0.8653960438,0.006773358162
7.77,38.58332793,-0.1320804049,0.3341877671,0.8662559185,0.3370893064,0.3593420335,0.9295313426,0.129126697,0.8640285168,0.006844786197
7.805,38.41030852,-0.1334262179,0.3356018703,0.864906237,0.3385111318,0.3611525592,0.9287909265,0.130431171,0.8626525851,0.006916243866
7.84,38.23883393,-0.1347807749,0.3370136468,0.8635479368,0.339931181,0.3629656394,0.9280453906,0.1317440554,0.8612682469,0.006987697691
7.875,38.06888356,-0.1361441118,0.3384230561,0.8621809848,0.3413494382,0.3647812826,0.9272947155,0.1330653841,0.8598754895,0.007059126431
7.91,37.90043717,-0.1375162639,0.3398300556,0.8608053468,0.3427658728,0.3665994947,0.9265388759,0.1343951895,0.8584742886,0.007130521939
7.945,37.73347489,-0.1388972648,0.3412345995,0.8594209878,0.3441804381,0.3684202792,0.9257778395,0.1357335021,0.8570646082,0.007201889734
7.98,37.56797719,-0.1402871475,0.3426366398,0.8580278718,0.3455930719,0.3702436369,0.9250115675,0.1370803507,0.8556464001,0.007273249278
8.015,37.40392489,-0.1416859433,0.3440361253,0.856625962,0.3470036963,0.3720695661,0.9242400143,0.138435762,0.854219604,0.007344633926
8.05,37.24129913,-0.1430936821,0.3454330026,0.8552152211,0.3484122184,0.3738980625,0.9234631277,0.1397997611,0.8527841483,0.00741609058
8.085,37.08008139,-0.1445103927,0.3468272157,0.8537956108,0.3498185312,0.3757291194,0.9226808494,0.1411723711,0.8513399498,0.007487679007
8.12,36.92025345,-0.1459361024,0.3482187065,0.8523670927,0.3512225148,0.3775627279,0.9218931151,0.1425536135,0.8498869156,0.007559470873
8.155,36.76179742,-0.1473708371,0.3496074148,0.8509296277,0.352624038,0.3793988773,0.9210998553,0.1439435081,0.8484249434,0.007631548473
8.19,36.60469573,-0.1488146217,0.350993279,0.8494831764,0.35402296,0.3812375553,0.920300996,0.1453420735,0.8469539232,0.007704003211
8.225,36.44893106,-0.15026748,0.3523762363,0.8480276993,0.3554191327,0.3830787483,0.9194964593,0.1467493274,0.8454737387,0.007776933844
8.26,36.29448644,-0.1517294348,0.3537562229,0.8465631566,0.3568124029,0.3849224423,0.9186861645,0.1481652866,0.8439842689,0.007850444528
8.295,36.14134515,-0.1532005084,0.3551331747,0.8450895082,0.3582026143,0.3867686227,0.9178700288,0.1495899675,0.8424853898,0.007924642721
8.33,35.98949076,-0.1546807228,0.3565070276,0.8436067142,0.3595896105,0.3886172754,0.9170479684,0.1510233867,0.8409769763,0.007999636965
8.365,35.83890711,-0.1561700996,0.3578777181,0.8421147346,0.3609732372,0.3904683868,0.9162198995,0.1524655611,0.8394589042,0.008075534626
8.4,35.68957833,-0.1576686608,0.3592451835,0.8406135292,0.3623533447,0.3923219449,0.9153857394,0.1539165085,0.8379310519,0.008152439609
8.435,35.5414888,-0.1591764289,0.3606093624,0.8391030579,0.3637297902,0.3941779392,0.9145454073,0.1553762478,0.8363933021,0.008230450136
8.47,35.39462314,-0.1606934271,0.3619701952,0.8375832806,0.3651024401,0.3960363616,0.9136988255,0.1568447997,0.8348455437,0.008309656607
8.505,35.24896626,-0.16221968,0.363327624,0.8360541571,0.366471172,0.3978972065,0.9128459199,0.158322187,0.8332876734,0.008390139609
8.54,35.10450328,-0.1637552135,0.3646815936,0.8345156472,0.3678358762,0.3997604716,0.9119866212,0.1598084346,0.8317195972,0.008471968125
8.575,34.96121959,-0.1653000553,0.3660320508,0.8329677107,0.3691964577,0.4016261577,0.9111208655,0.1613035705,0.8301412315,0.008555197966
8.61,34.81910081,-0.1668542352,0.3673789454,0.8314103075,0.3705528366,0.4034942693,0.9102485947,0.1628076253,0.8285525042,0.008639870492
8.645,34.67813279,-0.1684177852,0.3687222296,0.8298433973,0.3719049495,0.4053648147,0.9093697573,0.164320633,0.8269533554,0.008726011625
8.68,34.53830161,-0.1699907398,0.3700618583,0.8282669397,0.3732527493,0.4072378059,0.9084843082,0.1658426305,0.8253437383,0.008813631202
8.715,34.39959357,-0.1715731361,0.3713977887,0.8266808946,0.3745962058,0.4091132588,0.9075922095,0.1673736585,0.8237236188,0.008902722671
8.75,34.2619952,-0.173165014,0.3727299806,0.8250852217,0.3759353046,0.4109911928,0.9066934302,0.1689137605,0.8220929763,0.008993263154
8.785,34.12549323,-0.174766416,0.3740583956,0.823479881,0.3772700468,0.4128716307,0.9057879457,0.1704629835,0.8204518027,0.009085213868
8.82,33.9900746,-0.1763773873,0.3753829969,0.8218648326,0.3786004477,0.4147545987,0.9048757384,0.1720213771,0.818800102,0.009178520894
8.855,33.85572648,-0.1779979755,0.3767037491,0.8202400367,0.379926535,0.4166401252,0.9039567964,0.1735889939,0.8171378898,0.009273116302
8.89,33.72243622,-0.1796282307,0.3780206175,0.8186054542,0.3812483472,0.418528241,0.9030311135,0.1751658885,0.8154651919,0.00936891958
8.925,33.59019137,-0.1812682052,0.3793335674,0.8169610462,0.3825659317,0.4204189786,0.9020986881,0.1767521176,0.8137820431,0.009465839364
8.96,33.45897969,-0.1829179528,0.380642564,0.8153067745,0.3838793419,0.4223123713,0.9011595229,0.178347739,0.8120884856,0.009563775409
8.995,33.32878911,-0.184577529,0.3819475713,0.8136426017,0.385188635,0.4242084528,0.9002136234,0.1799528114,0.8103845678,0.009662620779
9.03,33.19960775,-0.1862469901,0.383248552,0.8119684912,0.3864938696,0.4261072564,0.8992609976,0.1815673939,0.8086703419,0.009762264197
9.065,33.07142394,-0.1879263931,0.3845454664,0.8102844075,0.3877951026,0.4280088141,0.8983016545,0.183191545,0.8069458625,0.009862592501
9.1,32.94422615,-0.1896157949,0.3858382723,0.8085903162,0.3890923867,0.4299131564,0.8973356032,0.184825322,0.8052111848,0.009963493161
9.135,32.81800307,-0.1913152518,0.387126924,0.8068861843,0.3903857681,0.4318203109,0.8963628519,0.1864687809,0.8034663623,0.0100648568
9.17,32.69274351,-0.1930248193,0.3884113724,0.8051719802,0.3916752834,0.4337303023,0.8953834069,0.1881219751,0.8017114453,0.01016657964
9.205,32.5684365,-0.1947445513,0.3896915639,0.8034476737,0.3929609579,0.4356431512,0.8943972713,0.1897849552,0.7999464789,0.01026856588
9.24,32.44507121,-0.1964744995,0.3909674405,0.8017132364,0.3942428036,0.4375588743,0.8934044446,0.1914577685,0.7981715017,0.01037072984
9.275,32.32263698,-0.1982147131,0.3922389396,0.7999686414,0.3955208169,0.4394774832,0.8924049214,0.1931404582,0.7963865438,0.01047299797
9.31,32.20112331,-0.1999652384,0.3935059935,0.7982138634,0.3967949777,0.4413989844,0.8913986908,0.1948330635,0.794591626,0.01057531054
9.345,32.08051985,-0.2017261182,0.3947685295,0.7964488787,0.3980652483,0.4433233793,0.8903857357,0.1965356186,0.7927867583,0.01067762305
9.38,31.96081642,-0.2034973916,0.3960264701,0.7946736653,0.3993315726,0.4452506636,0.8893660322,0.1982481534,0.7909719392,0.01077990736
9.415,31.84200297,-0.205279094,0.3972797329,0.7928882026,0.4005938758,0.4471808276,0.8883395494,0.1999706926,0.7891471551,0.01088215233
9.45,31.72406963,-0.2070712563,0.398528231,0.791092471,0.4018520648,0.4491138565,0.8873062491,0.2017032561,0.7873123796,0.01098436427
9.485,31.60700664,-0.2088739056,0.3997718732,0.7892864522,0.4031060288,0.4510497301,0.8862660854,0.203445859,0.7854675741,0.01108656686
9.52,31.49080441,-0.2106870646,0.4010105646,0.7874701287,0.4043556399,0.4529884238,0.8852190052,0.2051985121,0.7836126871,0.01118880076
9.555,31.37545348,-0.2125107523,0.4022442069,0.7856434835,0.4056007546,0.4549299087,0.884164948,0.2069612219,0.7817476553,0.01129112282
9.59,31.26094453,-0.2143449835,0.4034726994,0.7838064999,0.4068412156,0.4568741524,0.8831038466,0.2087339911,0.7798724039,0.01139360498
9.625,31.14726836,-0.21618977,0.4046959389,0.7819591609,0.4080768536,0.4588211194,0.8820356272,0.2105168196,0.7779868477,0.01149633275
9.66,31.03441594,-0.21804512,0.4059138212,0.7801014491,0.4093074895,0.4607707723,0.8809602102,0.2123097046,0.7760908919,0.01159940352
9.695,30.92237834,-0.2199110397,0.4071262412,0.7782333465,0.4105329369,0.4627230723,0.8798775107,0.2141126417,0.7741844338,0.0117029245
9.73,30.81114676,-0.2217875328,0.4083330941,0.7763548334,0.4117530045,0.4646779803,0.8787874397,0.2159256254,0.7722673641,0.01180701051
9.765,30.70071254,-0.2236746018,0.4095342754,0.774465889,0.4129674987,0.4666354575,0.8776899043,0.2177486502,0.7703395682,0.0119117816
9.8,30.59106714,-0.2255722485,0.4107296824,0.7725664901,0.4141762264,0.4685954666,0.8765848094,0.2195817113,0.7684009281,0.01201736058
9.835,30.48220214,-0.2274804747,0.4119192141,0.7706566115,0.4153789973,0.4705579723,0.875472058,0.2214248053,0.7664513243,0.01212387045
9.87,30.37410922,-0.2293992826,0.4131027722,0.7687362253,0.4165756267,0.4725229426,0.8743515522,0.2232779312,0.7644906369,0.01223143189
9.905,30.26678021,-0.231328676,0.4142802614,0.7668053008,0.4177659374,0.474490349,0.8732231947,0.2251410913,0.7625187478,0.01234016086
9.94,30.16020704,-0.2332686606,0.4154515898,0.7648638043,0.4189497622,0.4764601677,0.8720868892,0.2270142914,0.7605355424,0.01245016618
9.975,30.05438175,-0.2352192447,0.4166166692,0.762911699,0.4201269451,0.4784323799,0.8709425414,0.2288975421,0.7585409104,0.01256154745
10.01,29.9492965,-0.2371804402,0.4177754152,0.7609489448,0.4212973435,0.480406972,0.8697900598,0.2307908587,0.7565347482,0.01267439309
10.045,29.84494355,-0.2391522623,0.4189277474,0.7589754985,0.4224608289,0.4823839364,0.8686293566,0.2326942621,0.7545169592,0.01278877872
10.08,29.74131528,-0.2411347305,0.4200735892,0.7569913139,0.4236172876,0.4843632713,0.8674603482,0.2346077786,0.7524874556,0.01290476578
10.115,29.63840415,-0.2431278689,0.4212128677,0.7549963419,0.4247666213,0.486344981,0.8662829554,0.2365314406,0.7504461589,0.01302240054
10.15,29.53620276,-0.245131706,0.4223455134,0.7529905309,0.4259087472,0.4883290755,0.8650971047,0.238465286,0.7483930006,0.01314171345
10.185,29.43470378,-0.2471462754,0.4234714596,0.750973827,0.4270435971,0.4903155703,0.8639027275,0.2404093585,0.7463279226,0.01326271885
10.22,29.3339,-0.2491716149,0.4245906422,0.7489461745,0.428171117,0.4923044862,0.8626997611,0.2423637071,0.7442508778,0.01338541508
10.255,29.2337843,-0.2512077673,0.4257029987,0.7469075168,0.4292912659,0.4942958481,0.8614881482,0.2443283855,0.7421618296,0.01350978496
10.29,29.13434966,-0.2532547792,0.4268084682,0.7448577961,0.4304040141,0.4962896852,0.8602678372,0.2463034517,0.7400607517,0.01363579657
10.325,29.03558915,-0.2553127011,0.4279069897,0.742796955,0.4315093417,0.4982860295,0.8590387816,0.2482889672,0.7379476284,0.01376340449
10.36,28.93749595,-0.2573815868,0.4289985021,0.7407249366,0.4326072365,0.5002849148,0.8578009401,0.250284996,0.7358224528,0.01389255119
10.395,28.8400633,-0.2594614925,0.4300829432,0.7386416854,0.4336976915,0.5022863766,0.8565542756,0.2522916041,0.7336852271,0.01402316882
10.43,28.74328456,-0.2615524763,0.4311602486,0.736547148,0.4347807031,0.5042904498,0.8552987554,0.2543088578,0.7315359611,0.01415518114
10.465,28.64715318,-0.2636545973,0.4322303512,0.7344412737,0.4358562683,0.5062971689,0.8540343501,0.2563368232,0.7293746711,0.01428850569
10.5,28.55166267,-0.2657679147,0.4332931806,0.7323240154,0.4369243821,0.5083065658,0.8527610329,0.2583755648,0.7272013792,0.01442305603
10.535,28.45680664,-0.2678924869,0.4343486617,0.7301953301,0.4379850356,0.5103186695,0.8514787792,0.2604251445,0.7250161115,0.01455874406
10.57,28.36257881,-0.2700283706,0.435396715,0.7280551795,0.4390382134,0.512333505,0.8501875659,0.2624856203,0.7228188973,0.0146954824
10.605,28.26897294,-0.2721756198,0.4364372552,0.7259035308,0.4400838915,0.5143510919,0.8488873704,0.2645570458,0.7206097676,0.01483318662
10.64,28.17598289,-0.2743342851,0.4374701916,0.7237403567,0.4411220354,0.5163714443,0.8475781698,0.2666394685,0.718388754,0.0149717775
10.675,28.08360262,-0.2765044126,0.4384954268,0.7215656361,0.4421525984,0.5183945694,0.8462599408,0.2687329296,0.7161558874,0.015111183
10.71,27.99182614,-0.2786860434,0.4395128576,0.7193793541,0.4431755205,0.5204204673,0.8449326583,0.2708374628,0.7139111971,0.01525134014
10.745,27.90064756,-0.2808792128,0.4405223739,0.7171815024,0.444190727,0.5224491306,0.8435962953,0.272953094,0.7116547094,0.01539219653
10.78,27.81006104,-0.2830839496,0.4415238594,0.7149720791,0.4451981283,0.524480544,0.8422508221,0.275079841,0.7093864473,0.0155337117
10.815,27.72006084,-0.2853002763,0.4425171918,0.7127510884,0.4461976191,0.5265146842,0.840896206,0.2772177127,0.7071064292,0.01567585804
10.85,27.63064129,-0.2875282081,0.4435022428,0.7105185405,0.4471890791,0.5285515205,0.8395324108,0.2793667098,0.7048146688,0.01581862144
10.885,27.54179678,-0.2897677532,0.4444788786,0.7082744512,0.448172373,0.5305910141,0.8381593966,0.2815268243,0.7025111742,0.01596200157
10.92,27.45352179,-0.2920189128,0.4454469607,0.7060188414,0.4491473517,0.5326331197,0.8367771197,0.2836980402,0.700195948,0.01610601175
10.955,27.36581086,-0.2942816813,0.4464063464,0.7037517363,0.4501138534,0.5346777853,0.8353855322,0.2858803341,0.6978689873,0.01625067856
10.99,27.2786586,-0.2965560468,0.4473568896,0.7014731644,0.451071705,0.5367249534,0.8339845823,0.2880736756,0.6955302834,0.01639604098
11.025,27.19205968,-0.2988419915,0.4482984414,0.6991831572,0.452020724,0.5387745618,0.8325742143,0.2902780284,0.6931798222,0.01654214933
11.06,27.10600886,-0.3011394923,0.4492308512,0.6968817478,0.4529607204,0.5408265447,0.8311543688,0.2924933515,0.6908175847,0.01668906377
11.095,27.02050095,-0.3034485219,0.4501539676,0.6945689701,0.4538914993,0.5428808341,0.8297249829,0.2947196,0.6884435473,0.01683685271
11.13,26.93553082,-0.3057690498,0.4510676389,0.6922448575,0.4548128624,0.5449373603,0.8282859908,0.2969567267,0.6860576825,0.01698559081
11.165,26.85109342,-0.3081010429,0.4519717144,0.6899094421,0.4557246114,0.5469960542,0.8268373236,0.2992046833,0.6836599597,0.01713535703
11.2,26.76718375,-0.3104444671,0.4528660451,0.6875627537,0.4566265493,0.5490568476,0.8253789104,0.3014634219,0.6812503458,0.01728623233
11.235,26.68379688,-0.3127992881,0.4537504841,0.6852048184,0.4575184836,0.5511196753,0.8239106784,0.3037328965,0.678828806,0.01743829753
11.27,26.60092795,-0.3151654729,0.454624888,0.6828356582,0.4584002277,0.5531844757,0.8224325534,0.3060130642,0.6763953049,0.01759163097
11.305,26.51857214,-0.3175429909,0.4554891168,0.6804552895,0.4592716037,0.5552511923,0.8209444604,0.3083038866,0.673949807,0.01774630642
11.34,26.43672469,-0.3199318147,0.4563430347,0.678063723,0.4601324432,0.5573197747,0.8194463239,0.3106053313,0.6714922778,0.01790239092
11.375,26.35538092,-0.3223319216,0.4571865102,0.6756609625,0.4609825897,0.5593901794,0.8179380687,0.3129173728,0.6690226842,0.01805994293
11.41,26.2745362,-0.3247432944,0.458019417,0.6732470047,0.4618218991,0.5614623706,0.8164196199,0.3152399936,0.6665409958,0.01821901063
11.445,26.19418593,-0.3271659221,0.458841633,0.6708218389,0.4626502407,0.5635363207,0.8148909036,0.3175731847,0.6640471848,0.01837963046
11.48,26.11432561,-0.3295998008,0.4596530412,0.6683854468,0.4634674977,0.565612011,0.813351847,0.319916947,0.661541227,0.01854182603
11.515,26.03495076,-0.3320449342,0.4604535289,0.6659378026,0.4642735672,0.5676894315,0.8118023787,0.3222712906,0.6590231021,0.01870560731
11.55,25.95605697,-0.3345013335,0.4612429877,0.663478873,0.4650683596,0.569768581,0.8102424291,0.3246362359,0.6564927939,0.0188709702
11.585,25.87763988,-0.3369690182,0.4620213129,0.6610086179,0.4658517982,0.5718494669,0.8086719302,0.3270118128,0.6539502908,0.01903789645
11.62,25.79969518,-0.3394480156,0.4627884026,0.658526991,0.4666238178,0.5739321047,0.8070908159,0.3293980608,0.6513955852,0.01920635397
11.655,25.72221862,-0.3419383604,0.4635441575,0.6560339405,0.4673843634,0.5760165173,0.8054990219,0.3317950282,0.6488286743,0.01937629749
11.69,25.64520599,-0.3444400942,0.46428848,0.6535294101,0.4681333883,0.5781027341,0.8038964854,0.3342027712,0.6462495592,0.01954766961
11.725,25.56865313,-0.3469532653,0.4650212731,0.6510133402,0.4688708522,0.5801907899,0.8022831452,0.3366213527,0.6436582451,0.01972040217
11.76,25.49255595,-0.3494779268,0.4657424395,0.6484856689,0.4695967186,0.5822807238,0.8006589416,0.3390508413,0.6410547408,0.01989441786
11.795,25.41691039,-0.3520141362,0.4664518812,0.6459463337,0.4703109527,0.5843725777,0.7990238158,0.3414913096,0.6384390582,0.02006963223
11.83,25.34171243,-0.3545619541,0.4671494977,0.6433952727,0.4710135188,0.586466395,0.7973777096,0.3439428325,0.6358112117,0.02024595575
11.865,25.26695811,-0.3571214421,0.467835186,0.6408324262,0.4717043774,0.588562219,0.7957205654,0.3464054856,0.6331712182,0.0204232962
11.9,25.19264353,-0.3596926621,0.4685088388,0.6382577383,0.4723834833,0.5906600911,0.7940523256,0.3488793432,0.6305190958,0.02060156102
11.935,25.11876481,-0.3622756742,0.4691703445,0.6356711582,0.4730507822,0.5927600495,0.7923729323,0.3513644763,0.6278548639,0.02078065985
11.97,25.04531813,-0.3648705351,0.469819586,0.6330726416,0.4737062093,0.5948621276,0.790682327,0.3538609508,0.6251785423,0.0209605069
12.005,24.97229971,-0.3674772965,0.4704564403,0.6304621526,0.4743496864,0.5969663522,0.7889804502,0.3563688257,0.6224901509,0.02114102343
12.04,24.89970581,-0.3700960037,0.4710807777,0.6278396643,0.4749811206,0.5990727427,0.7872672412,0.358888151,0.6197897091,0.02132213992
12.075,24.82753275,-0.3727266934,0.4716924616,0.6252051604,0.4756004026,0.601181309,0.7855426376,0.3614189663,0.6170772355,0.02150379819
12.11,24.75577688,-0.3753693931,0.4722913483,0.6225586357,0.4762074053,0.6032920512,0.7838065755,0.363961299,0.6143527478,0.02168595317
12.145,24.68443458,-0.3780241193,0.472877287,0.6199000976,0.4768019833,0.6054049581,0.782058989,0.3665151633,0.6116162622,0.02186857446
12.18,24.6135023,-0.3806908763,0.4734501194,0.6172295657,0.4773839721,0.607520007,0.7802998101,0.3690805589,0.6088677937,0.02205164748
12.215,24.5429765,-0.3833696558,0.4740096803,0.6145470731,0.4779531888,0.6096371625,0.7785289691,0.3716574699,0.6061073557,0.02223517434
12.25,24.47285371,-0.3860604355,0.4745557978,0.6118526656,0.4785094319,0.6117563772,0.7767463941,0.3742458651,0.6033349607,0.0224191742
12.285,24.40313048,-0.3887631793,0.4750882939,0.6091464021,0.4790524824,0.6138775909,0.7749520115,0.3768456966,0.6005506201,0.02260368332
12.32,24.33380341,-0.391477837,0.4756069849,0.6064283541,0.4795821054,0.6160007313,0.7731457459,0.3794569009,0.5977543444,0.02278875467
12.355,24.26486912,-0.394204344,0.4761116822,0.6036986047,0.4800980512,0.6181257144,0.7713275207,0.3820793988,0.5949461441,0.02297445708
12.39,24.19632429,-0.3969426223,0.4766021933,0.6009572482,0.480600058,0.6202524455,0.7694972579,0.3847130961,0.5921260299,0.02316087402
12.425,24.12816563,-0.3996925809,0.4770783224,0.5982043885,0.4810878534,0.6223808198,0.7676548789,0.3873578849,0.5892940131,0.02334810205
12.46,24.06038989,-0.4024541165,0.4775398714,0.595440138,0.4815611577,0.6245107242,0.7658003046,0.3900136446,0.5864501065,0.02353624882
12.495,23.99299384,-0.4052271151,0.4779866412,0.5926646161,0.4820196863,0.6266420382,0.763933456,0.392680244,0.5835943252,0.02372543086
12.53,23.9259743,-0.4080114535,0.4784184322,0.5898779477,0.4824631523,0.6287746356,0.7620542543,0.3953575424,0.5807266866,0.02391577105
12.565,23.85932813,-0.4108070003,0.4788350457,0.587080261,0.4828912702,0.6309083867,0.7601626218,0.3980453924,0.5778472117,0.02410739594
12.6,23.79305222,-0.4136136183,0.4792362846,0.584271686,0.4833037578,0.6330431595,0.7582584819,0.4007436417,0.5749559254,0.02430043286
12.635,23.72714349,-0.4164311664,0.4796219546,0.5814523526,0.48370034,0.6351788218,0.7563417596,0.4034521357,0.5720528573,0.02449500704
12.67,23.6615989,-0.4192595015,0.4799918645,0.5786223887,0.4840807506,0.6373152434,0.7544123818,0.4061707195,0.5691380418,0.02469123864
12.705,23.59641543,-0.4220984803,0.4803458274,0.5757819182,0.4844447356,0.6394522977,0.7524702779,0.408899241,0.5662115192,0.02488923984
12.74,23.53159011,-0.4249479622,0.4806836612,0.5729310595,0.4847920547,0.6415898633,0.7505153797,0.4116375527,0.5632733352,0.02508911211
12.775,23.46712,-0.4278078106,0.4810051889,0.5700699236,0.4851224836,0.6437278264,0.7485476217,0.4143855145,0.5603235419,0.0252909436
12.81,23.40300219,-0.4306778953,0.4813102391,0.567198613,0.4854358153,0.645866082,0.746566941,0.4171429958,0.5573621974,0.02549480679
12.845,23.33923379,-0.4335580945,0.4815986464,0.56431722,0.4857318614,0.6480045351,0.7445732778,0.4199098776,0.554389366,0.02570075646
12.88,23.27581196,-0.4364482962,0.4818702511,0.561425826,0.4860104524,0.6501431028,0.7425665748,0.4226860541,0.551405118,0.02590882791
12.915,23.21273388,-0.4393483998,0.4821248992,0.5585245002,0.4862714387,0.6522817143,0.7405467774,0.4254714348,0.5484095295,0.0261190357
12.95,23.14999676,-0.4422583177,0.4823624425,0.5556132997,0.4865146895,0.6544203126,0.7385138332,0.4282659455,0.5454026818,0.02633137265
12.985,23.08759784,-0.4451779761,0.4825827379,0.5526922683,0.4867400927,0.6565588544,0.736467692,0.4310695293,0.5423846613,0.02654580937
13.02,23.02553441,-0.448107316,0.482785647,0.5497614375,0.4869475539,0.658697311,0.7344083049,0.4338821475,0.5393555583,0.02676229411
13.055,22.96380375,-0.4510462936,0.4829710354,0.5468208258,0.4871369945,0.6608356679,0.7323356245,0.43670378,0.5363154669,0.02698075314
13.09,22.90240321,-0.4539948807,0.4831387723,0.5438704396,0.4873083505,0.6629739248,0.7302496036,0.439534425,0.5332644836,0.02720109146
13.125,22.84133013,-0.4569530648,0.4832887293,0.540910274,0.4874615701,0.6651120953,0.7281501953,0.4423740993,0.5302027069,0.02742319386
13.16,22.78058191,-0.459920849,0.4834207795,0.5379403132,0.4875966116,0.667250206,0.7260373518,0.4452228374,0.5271302362,0.02764692643
13.195,22.72015597,-0.4628982515,0.4835347968,0.5349605318,0.4877134407,0.6693882961,0.7239110241,0.4480806909,0.5240471708,0.02787213821
13.23,22.66004974,-0.4658853058,0.483630654,0.5319708958,0.4878120284,0.6715264162,0.7217711611,0.4509477277,0.520953609,0.02809866325
13.265,22.60026069,-0.46888206,0.4837082222,0.528971363,0.4878923487,0.6736646276,0.7196177088,0.4538240304,0.5178496468,0.02832632276
13.3,22.54078632,-0.4718885769,0.4837673684,0.5259618841,0.487954376,0.6758030007,0.7174506092,0.4567096957,0.5147353766,0.02855492771
13.335,22.48162415,-0.4749049344,0.4838079532,0.5229424026,0.4879980835,0.6779416142,0.7152697994,0.4596048323,0.5116108859,0.02878428176
13.37,22.42277173,-0.4779312266,0.4838298277,0.5199128539,0.4880234419,0.6800805537,0.7130752102,0.4625095595,0.5084762554,0.02901418508
13.405,22.36422663,-0.4809675654,0.4838328276,0.5168731628,0.4880304185,0.6822199089,0.7108667638,0.4654240041,0.5053315558,0.02924444013
13.44,22.30598646,-0.4840140832,0.4838167656,0.5138232389,0.4880189776,0.6843597705,0.7086443702,0.4683482955,0.5021768434,0.02947486111
13.475,22.24804883,-0.4870709357,0.4837814169,0.510762967,0.4879890819,0.6865002226,0.7064079222,0.4712825557,0.4990121525,0.02970529177
13.51,22.1904114,-0.4901383028,0.4837264962,0.5076921903,0.4879406941,0.6886413283,0.7041572843,0.474226879,0.4958374811,0.02993563992
13.545,22.13307183,-0.4932163821,0.4836516209,0.5046106799,0.48787378,0.6907830991,0.7018922734,0.47718129,0.4926527635,0.03016594652
13.58,22.07602784,-0.4963053603,0.4835562534,0.5015180787,0.4877883066,0.6929254367,0.699612618,0.4801456608,0.4894578153,0.03039652385
13.615,22.01927712,-0.4994053319,0.4834396268,0.4984137939,0.4876842271,0.6950680242,0.6973178725,0.4831195583,0.4862522153,0.03062822645
13.65,21.96281744,-0.5025161151,0.483300691,0.4952967875,0.4875614088,0.6972101576,0.6950072194,0.4861020039,0.4830350351,0.03086296105
13.685,21.90664655,-0.505636926,0.4831382007,0.4921651572,0.4874193711,0.6993505716,0.6926789915,0.4890912219,0.4798041853,0.03110459277
13.72,21.85076224,-0.5087660319,0.4829511895,0.489015357,0.4872563311,0.70148751,0.6903294515,0.4920847267,0.4765547515,0.03136052175
13.755,21.79516234,-0.5119009129,0.4827399236,0.4858414511,0.4870657802,0.7036194841,0.6879498455,0.4950803785,0.4732749899,0.03164463164
13.79,21.73984467,-0.5150395507,0.482506581,0.4826406502,0.4868265226,0.705746654,0.6855232019,0.4980783396,0.4699420604,0.03197960008
13.825,21.68480709,-0.5181820877,0.4822542789,0.4794517408,0.4865049642,0.7078713623,0.6830527446,0.5010818655,0.466561052,0.03235708254
13.86,21.63004747,-0.5213307567,0.4819849197,0.4763484925,0.4861605709,0.7099966343,0.6806320497,0.5040952207,0.463259987,0.03264479229
13.895,21.57556373,-0.5244880652,0.4816982962,0.4732593236,0.4858767688,0.7121242722,0.6782703163,0.507120979,0.4600506219,0.03282839904
13.93,21.52135377,-0.5276554503,0.4813929703,0.4701246299,0.4856047602,0.7142544827,0.675891375,0.5101594661,0.4568291508,0.03301138314
13.965,21.46741554,-0.5308332331,0.481067378,0.4669570251,0.4853105354,0.716386588,0.6734799025,0.5132097435,0.4535751791,0.0332150774
14,21.413747,-0.5340211064,0.4807203105,0.463770141,0.4849882987,0.7185196998,0.6710412756,0.516270559,0.4502963936,0.0334330474
14.035,21.36034613,-0.5372185337,0.4803509418,0.460570346,0.4846385496,0.7206530235,0.6685802625,0.5193407802,0.4469995675,0.0336596523
14.07,21.30721095,-0.5404249457,0.4799587175,0.457360507,0.4842623149,0.7227859244,0.6660995593,0.5224194925,0.4436886229,0.03389188458
14.105,21.25433945,-0.5436398105,0.4795432468,0.4541420501,0.4838602976,0.7249179051,0.6636006248,0.5255059691,0.4403657892,0.03412824167
14.14,21.2017297,-0.5468626468,0.4791042305,0.4509157909,0.4834328869,0.7270485666,0.6610842659,0.5285996182,0.4370324066,0.03436797518
14.175,21.14937975,-0.5500930185,0.4786414194,0.4476822687,0.4829802612,0.729177576,0.6585509445,0.5316999373,0.4336893465,0.03461071624
14.21,21.09728768,-0.5533305251,0.478154591,0.4444418884,0.4825024689,0.7313046443,0.6560009334,0.5348064828,0.4303372247,0.03485629253
14.245,21.0454516,-0.5565747939,0.4776435377,0.4411949843,0.4819994814,0.7334295128,0.6534343994,0.5379188502,0.4269765143,0.03510463551
14.28,20.99386961,-0.5598254738,0.4771080609,0.4379418506,0.4814712265,0.7355519444,0.6508514473,0.5410366629,0.4236076064,0.03535573069
14.315,20.94253985,-0.5630822319,0.4765479679,0.4346827556,0.4809176095,0.7376717193,0.6482521462,0.5441595655,0.4202308451,0.03560958941
14.35,20.89146049,-0.5663447507,0.4759630708,0.4314179495,0.4803385261,0.7397886329,0.6456365439,0.5472872214,0.4168465468,0.03586623173
14.385,20.84062968,-0.5696127276,0.4753531863,0.4281476682,0.4797338713,0.7419024944,0.6430046758,0.5504193112,0.4134550131,0.03612567571
14.42,20.79004563,-0.5728858743,0.474718135,0.4248721352,0.4791035439,0.7440131267,0.6403565702,0.5535555327,0.410056537,0.03638793031
14.455,20.73970654,-0.5761639167,0.4740577419,0.4215915629,0.4784474493,0.7461203667,0.6376922515,0.5566956015,0.4066514077,0.0366529908
14.49,20.68961063,-0.5794465949,0.4733718366,0.4183061535,0.4777655013,0.7482240654,0.6350117418,0.559839252,0.4032399123,0.03692083576
14.525,20.63975614,-0.5827336637,0.4726602529,0.4150160999,0.4770576213,0.7503240883,0.6323150617,0.5629862374,0.3998223373,0.03719142528
14.56,20.59014135,-0.5860248925,0.471922829,0.4117215864,0.4763237385,0.7524203155,0.6296022305,0.5661363312,0.3963989686,0.03746470017
14.595,20.54076451,-0.5893200653,0.4711594075,0.4084227896,0.4755637879,0.7545126418,0.6268732659,0.5692893267,0.3929700915,0.03774058184
14.63,20.49162392,-0.5926189801,0.470369835,0.4051198799,0.4747777087,0.7566009762,0.6241281838,0.5724450373,0.3895359898,0.03801897295
14.665,20.4427179,-0.5959214486,0.4695539621,0.4018130225,0.4739654421,0.7586852418,0.6213669973,0.5756032962,0.3860969454,0.03829975849
14.7,20.39404476,-0.5992272952,0.4687116429,0.3985023788,0.4731269293,0.7607653748,0.6185897164,0.5787639555,0.3826532372,0.03858280735
14.735,20.34560285,-0.6025363563,0.4678427348,0.3951881084,0.4722621089,0.7628413237,0.6157963466,0.5819268852,0.3792051405,0.03886797433
14.77,20.29739052,-0.6058484784,0.4669470985,0.3918703703,0.4713709144,0.7649130484,0.612986889,0.5850919716,0.3757529261,0.03915510237
14.805,20.24940615,-0.6091635172,0.4660245968,0.388549325,0.4704532724,0.7669805183,0.6101613388,0.5882591155,0.3722968594,0.03944402508
14.84,20.20164811,-0.6124813354,0.4650750952,0.3852251358,0.4695091001,0.7690437116,0.6073196854,0.5914282303,0.3688372003,0.0397345694
14.875,20.15411482,-0.6158018009,0.4640984608,0.381897971,0.4685383037,0.7711026127,0.6044619114,0.5945992393,0.3653742023,0.04002655843
14.91,20.10680469,-0.619124785,0.4630945624,0.3785680051,0.467540777,0.7731572111,0.6015879925,0.5977720731,0.3619081127,0.0403198142
14.945,20.05971616,-0.6224501601,0.46206327,0.3752354207,0.4665163998,0.7752074995,0.5986978973,0.6009466672,0.3584391722,0.04061416052
14.98,20.01284766,-0.6257777976,0.4610044541,0.3719004095,0.4654650375,0.7772534713,0.5957915874,0.6041229587,0.3549676157,0.04090942567
15.015,19.96619767,-0.6291075658,0.4599179861,0.3685631735,0.4643865403,0.7792951195,0.5928690173,0.6073008833,0.3514936717,0.04120544497
15.05,19.91976465,-0.6324393277,0.4588037374,0.3652239264,0.4632807439,0.7813324342,0.5899301349,0.6104803727,0.3480175641,0.04150206321
15.085,19.8735471,-0.635772939,0.4576615793,0.3618828938,0.4621474691,0.7833654008,0.5869748819,0.6136613511,0.344539512,0.04179913683
15.12,19.82754352,-0.6391082463,0.4564913828,0.3585403137,0.4609865233,0.7853939986,0.5840031945,0.616843733,0.3410597312,0.04209653574
15.155,19.78175242,-0.6424450851,0.4552930182,0.355196437,0.4597977015,0.7874181988,0.5810150043,0.6200274198,0.3375784352,0.04239414504
15.19,19.73617235,-0.6457832784,0.4540663551,0.3518515273,0.4585807879,0.7894379631,0.5780102389,0.6232122976,0.3340958362,0.04269186622
15.225,19.69080184,-0.6491226355,0.452811262,0.3485058601,0.4573355577,0.7914532424,0.5749888233,0.626398235,0.3306121469,0.04298961815
15.26,19.64563945,-0.6524629504,0.4515276063,0.345159723,0.4560617798,0.7934639758,0.5719506809,0.6295850809,0.3271275814,0.04328733769
15.295,19.60068375,-0.6558040014,0.4502152539,0.341813414,0.4547592187,0.7954700893,0.5688957348,0.632772663,0.323642357,0.04358497995
15.33,19.55593333,-0.65914555,0.4488740694,0.3384672411,0.4534276373,0.7974714955,0.5658239086,0.6359607862,0.3201566955,0.04388251825
15.365,19.51138679,-0.6624873411,0.4475039157,0.3351215204,0.4520667995,0.799468093,0.5627351283,0.6391492317,0.3166708246,0.04417994372
15.4,19.46704273,-0.6658291024,0.4461046544,0.3317765753,0.450676473,0.8014597658,0.559629323,0.6423377562,0.3131849792,0.04447726461
15.435,19.42289977,-0.6691705449,0.4446761451,0.3284327345,0.4492564317,0.8034463841,0.5565064263,0.6455260922,0.3096994025,0.04477450531
15.47,19.37895656,-0.6725113632,0.443218246,0.3250903306,0.4478064587,0.8054278039,0.5533663773,0.6487139473,0.3062143475,0.0450717052
15.505,19.33521174,-0.6758512362,0.4417308139,0.3217496985,0.4463263481,0.8074038676,0.5502091216,0.6519010054,0.3027300775,0.04536891712
15.54,19.29166396,-0.6791898277,0.440213704,0.3184111737,0.4448159073,0.8093744048,0.5470346122,0.6550869272,0.2992468669,0.04566620587
15.575,19.24831191,-0.6825267879,0.4386667702,0.3150750906,0.4432749592,0.8113392333,0.5438428102,0.6582713514,0.2957650022,0.04596364637
15.61,19.20515426,-0.6858617544,0.4370898654,0.3117417815,0.4417033431,0.8132981597,0.5406336853,0.6614538965,0.2922847816,0.04626132183
15.645,19.16218971,-0.6891943533,0.4354828419,0.3084115749,0.440100916,0.8152509812,0.537407216,0.6646341623,0.2888065159,0.04655932185
15.68,19.11941696,-0.6925242014,0.4338455515,0.3050847948,0.4384675535,0.8171974866,0.5341633903,0.6678117321,0.2853305275,0.04685774043
15.715,19.07683474,-0.6958509067,0.4321778459,0.3017617593,0.4368031498,0.8191374579,0.5309022048,0.6709861749,0.2818571511,0.04715667404
15.75,19.03444178,-0.699174071,0.4304795774,0.2984427805,0.4351076177,0.8210706718,0.5276236654,0.674157048,0.2783867323,0.0474562197
15.785,18.99223681,-0.7024932905,0.4287505993,0.2951281641,0.4333808879,0.8229969013,0.5243277861,0.6773238996,0.2749196273,0.04775647313
15.82,18.95021858,-0.7058081583,0.4269907666,0.2918182091,0.431622908,0.8249159176,0.5210145889,0.6804862711,0.2714562019,0.04805752706
15.855,18.90838587,-0.7091182651,0.4251999366,0.288513208,0.4298336413,0.8268274911,0.5176841029,0.6836437001,0.2679968304,0.04835946956
15.89,18.86673744,-0.7124232012,0.4233779698,0.285213448,0.4280130648,0.8287313937,0.5143363632,0.6867957229,0.2645418945,0.04866238256
15.925,18.82527209,-0.7157225573,0.4215247303,0.2819192111,0.4261611673,0.8306273998,0.5109714102,0.6899418773,0.2610917821,0.0489663406
15.96,18.7839886,-0.7190159262,0.4196400872,0.2786307753,0.4242779472,0.8325152881,0.5075892881,0.693081705,0.2576468854,0.04927140959
15.995,18.74288578,-0.7223029034,0.4177239151,0.2753484166,0.4223634098,0.8343948428,0.504190044,0.6962147536,0.2542076005,0.04957764593
16.03,18.70196245,-0.7255830883,0.4157760951,0.2720724096,0.420417565,0.8362658545,0.5007737264,0.6993405794,0.250774325,0.04988509563
16.065,18.66121743,-0.7288560846,0.4137965157,0.26880303,0.4184404243,0.8381281218,0.497340384,0.7024587486,0.2473474576,0.05019379382
16.1,18.62064957,-0.7321215012,0.4117850737,0.2655405561,0.4164319984,0.8399814519,0.4938900649,0.7055688395,0.2439273962,0.05050376424
16.135,18.5802577,-0.7353789522,0.4097416751,0.2622852708,0.4143922948,0.8418256611,0.4904228148,0.7086704437,0.2405145373,0.05081501903
16.17,18.54004069,-0.7386280574,0.4076662357,0.2590374636,0.4123213151,0.8436605756,0.4869386763,0.7117631669,0.2371092745,0.05112755867
16.205,18.49999741,-0.7418684419,0.4055586823,0.2557974327,0.4102190531,0.8454860318,0.4834376879,0.7148466299,0.2337119981,0.05144137205
16.24,18.46012672,-0.7450997365,0.4034189531,0.2525654865,0.4080854927,0.847301876,0.4799198832,0.717920469,0.2303230943,0.0517564367
16.275,18.42042753,-0.7483215768,0.4012469981,0.2493419459,0.4059206068,0.8491079648,0.4763852905,0.7209843358,0.226942945,0.05207271918
16.31,18.38089871,-0.7515336033,0.39904278,0.2461271455,0.4037243559,0.8509041645,0.472833932,0.7240378971,0.2235719273,0.0523901756
16.345,18.34153919,-0.7547354603,0.3968062741,0.2429214353,0.4014966873,0.8526903507,0.4692658241,0.7270808342,0.2202104136,0.05270875215
16.38,18.30234786,-0.7579267956,0.394537469,0.2397251814,0.3992375353,0.8544664077,0.4656809769,0.7301128419,0.2168587722,0.0530283859
16.415,18.26332367,-0.7611072595,0.392236366,0.2365387673,0.3969468212,0.8562322274,0.462079395,0.7331336272,0.2135173673,0.05334900554
16.45,18.22446553,-0.7642765041,0.3899029792,0.233362594,0.3946244538,0.8579877085,0.4584610777,0.7361429079,0.2101865598,0.05367053225
16.485,18.1857724,-0.7674341825,0.3875373354,0.2301970804,0.3922703311,0.8597327555,0.45482602,0.7391404109,0.2068667085,0.05399288063
16.52,18.14724322,-0.7705799476,0.3851394734,0.227042663,0.3898843416,0.8614672771,0.4511742133,0.7421258696,0.2035581707,0.0543159597
16.555,18.10887696,-0.7737134512,0.3827094432,0.2238997954,0.3874663666,0.8631911854,0.4475056464,0.7450990225,0.2002613036,0.05463967388
16.59,18.07067257,-0.7768343435,0.3802473052,0.220768947,0.3850162822,0.8649043938,0.4438203077,0.7480596104,0.1969764655,0.05496392406
16.625,18.03262905,-0.7799422718,0.3777531294,0.2176506021,0.3825339627,0.8666068163,0.4401181855,0.7510073741,0.1937040172,0.05528860865
16.66,17.99474538,-0.7830368797,0.375226994,0.2145452583,0.3800192831,0.8682983657,0.4363992706,0.7539420519,0.1904443234,0.05561362468
16.695,17.95702055,-0.7861178064,0.3726689839,0.2114534241,0.3774721226,0.8699789522,0.4326635574,0.7568633772,0.1871977539,0.05593886889
16.73,17.91945356,-0.7891846863,0.37007919,0.2083756172,0.3748923678,0.8716484819,0.4289110459,0.759771076,0.1839646853,0.05626423875
16.765,17.88204342,-0.7922371477,0.367457707,0.2053123617,0.3722799161,0.8733068559,0.4251417431,0.7626648646,0.1807455018,0.05658963359
16.8,17.84478917,-0.795274813,0.364804632,0.2022641859,0.3696346789,0.8749539689,0.4213556654,0.7655444476,0.1775405967,0.05691495563
16.835,17.80768981,-0.7982972976,0.3621200633,0.1992316193,0.3669565851,0.8765897077,0.4175528391,0.7684095156,0.1743503735,0.05724011095
16.87,17.7707444,-0.8013042103,0.3594040984,0.1962151901,0.3642455837,0.8782139508,0.4137333031,0.7712597434,0.1711752461,0.05756501049
16.905,17.73395197,-0.8042951526,0.3566568329,0.1932154223,0.3615016468,0.8798265675,0.4098971091,0.774094789,0.1680156401,0.05788957096
16.94,17.69731157,-0.8072697188,0.3538783587,0.1902328332,0.3587247719,0.8814274171,0.4060443236,0.7769142916,0.1648719928,0.05821371569
16.975,17.66082227,-0.8102274959,0.3510687629,0.1872679307,0.3559149835,0.8830163483,0.4021750282,0.7797178713,0.1617447533,0.05853737537
17.01,17.62448313,-0.813168064,0.3482281267,0.1843212114,0.353072335,0.8845931994,0.3982893204,0.7825051285,0.1586343827,0.05886048877
17.045,17.58829322,-0.8160909963,0.3453565245,0.1813931583,0.3501969097,0.8861577982,0.394387314,0.7852756433,0.1555413534,0.05918300329
17.08,17.55225164,-0.8189958598,0.3424540227,0.1784842389,0.3472888207,0.8877099617,0.390469139,0.788028976,0.1524661485,0.05950487542
17.115,17.51635746,-0.8218822153,0.3395206799,0.1755949044,0.3443482113,0.889249497,0.3865349416,0.7907646679,0.1494092611,0.05982607106
17.15,17.4806098,-0.8247496182,0.3365565461,0.172725588,0.341375254,0.8907762017,0.3825848831,0.7934822415,0.1463711928,0.06014656568
17.185,17.44500774,-0.8275976194,0.3335616631,0.1698767049,0.3383701495,0.8922898647,0.3786191397,0.7961812027,0.1433524529,0.06046634437
17.22,17.40955041,-0.8304257653,0.3305360647,0.167048652,0.3353331245,0.8937902672,0.3746379006,0.7988610418,0.1403535565,0.06078540168
17.255,17.37423692,-0.8332335994,0.3274797773,0.164241808,0.3322644301,0.8952771837,0.3706413671,0.8015212357,0.137375023,0.0611037413
17.29,17.3390664,-0.8360206624,0.3243928211,0.1614565344,0.3291643383,0.8967503835,0.3666297507,0.8041612503,0.1344173741,0.06142137552
17.325,17.30403798,-0.8387864935,0.3212752113,0.1586931766,0.3260331395,0.898209632,0.3626032713,0.806780543,0.1314811324,0.06173832462
17.36,17.26915081,-0.841530631,0.3181269594,0.1559520654,0.3228711387,0.8996546922,0.3585621548,0.8093785652,0.1285668189,0.06205461593
17.395,17.23440402,-0.8442526135,0.3149480752,0.1532335188,0.3196786519,0.9010853264,0.3545066314,0.8119547655,0.1256749517,0.06237028281
17.43,17.19979679,-0.8469519804,0.311738569,0.1505378445,0.3164560022,0.9025012978,0.3504369329,0.8145085926,0.122806044,0.06268536347
17.465,17.16532826,-0.8496282732,0.3084984535,0.1478653423,0.3132035161,0.9039023722,0.3463532907,0.8170394985,0.119960602,0.06299989955
17.5,17.1309976,-0.852281036,0.3052277464,0.1452163068,0.3099215193,0.9052883195,0.3422559333,0.8195469414,0.1171391239,0.0633139347
17.505,17.12610443,-0.8526580548,0.3047580066,0.1448398059,0.3094502723,0.905485064,0.34166949,0.8199032011,0.1167380404,0.06335875854
17.535,17.09680399,-0.8549098163,0.3019264731,0.1425910301,0.3066103326,0.9066589156,0.3381450841,0.8220303892,0.1143420979,0.06362751291
17.57,17.06274661,-0.8575141661,0.2985946692,0.139989805,0.303270269,0.9080139435,0.3340209597,0.8244893216,0.1115700015,0.06394067686
17.605,17.02882465,-0.8600936424,0.2952323829,0.1374129276,0.2999016296,0.9093531953,0.3298837676,0.8269232337,0.1088233001,0.06425346618
17.64,16.9950373,-0.8626478077,0.2918396782,0.1348607007,0.296504701,0.9106764727,0.3257337046,0.829331638,0.1061024463,0.06456591571
17.675,16.96138376,-0.8651762307,0.288416637,0.1323334359,0.2930797526,0.911983589,0.3215709558,0.8317140666,0.1034078796,0.06487805374
17.71,16.92786324,-0.8676784866,0.2849633615,0.1298314566,0.2896270343,0.9132743693,0.3173956933,0.8340700735,0.1007400261,0.06518990035
17.745,16.89447495,-0.8701541577,0.2814799771,0.1273551002,0.2861467752,0.9145486513,0.3132080754,0.8363992356,0.09809929852,0.06550146588
17.78,16.86121811,-0.8726028332,0.2779666335,0.1249047197,0.2826391828,0.9158062862,0.3090082469,0.8387011539,0.09548609665,0.06581274946
17.815,16.82809194,-0.8750241099,0.2744235073,0.1224806858,0.279104442,0.9170471385,0.3047963385,0.8409754543,0.09290080794,0.06612373778
17.85,16.79509569,-0.8774175916,0.270850803,0.1200833875,0.2755427162,0.9182710861,0.3005724678,0.8432217875,0.0903438084,0.06643440411
17.885,16.76222857,-0.8797828893,0.2672487541,0.1177132333,0.2719541476,0.9194780198,0.2963367404,0.8454398288,0.08781546371,0.06674470746
17.92,16.72948984,-0.8821196208,0.2636176243,0.1153706511,0.2683388593,0.9206678431,0.292089251,0.8476292773,0.08531613053,0.06705459219
17.955,16.69687875,-0.8844274106,0.2599577071,0.1130560881,0.2646969569,0.9218404711,0.2878300854,0.8497898542,0.08284615804,0.06736398778
17.99,16.66439455,-0.8867058891,0.2562693264,0.1107700099,0.2610285318,0.9229958296,0.2835593227,0.8519213015,0.08040588949,0.06767280903
18.025,16.6320365,-0.8889546921,0.2525528357,0.1085128994,0.2573336641,0.9241338536,0.2792770381,0.8540233794,0.07799566399,0.06798095661
18.06,16.59980388,-0.8911734601,0.248808617,0.106285255,0.2536124263,0.925254486,0.2749833053,0.8560958639,0.07561581822,0.06828831787
18.095,16.56769594,-0.8933618377,0.2450370799,0.1040875888,0.2498648877,0.9263576759,0.2706782005,0.8581385437,0.07326668823,0.06859476811
18.13,16.53571197,-0.8955194726,0.2412386598,0.1019204235,0.2460911181,0.9274433766,0.2663618049,0.8601512167,0.07094861113,0.06890017215
18.165,16.50385125,-0.8976460144,0.2374138156,0.09978429022,0.242291193,0.9285115438,0.2620342092,0.862133687,0.06866192679,0.06920438621
18.2,16.47211308,-0.8997411143,0.2335630275,0.09767972497,0.2384651978,0.9295621338,0.2576955165,0.8640857607,0.06640697925,0.06950726009
18.235,16.44049674,-0.9018044238,0.2296867943,0.09560726547,0.2346132326,0.9305951011,0.2533458469,0.8660072423,0.06418411814,0.0698086396
18.27,16.40900153,-0.9038355934,0.2257856306,0.09356744771,0.2307354167,0.9316103965,0.2489853405,0.8678979309,0.06199369979,0.07010836928
18.305,16.37762677,-0.9058342724,0.2218600635,0.09156080241,0.2268318927,0.9326079652,0.2446141617,0.8697576168,0.05983608808,0.07040629512
18.34,16.34637176,-0.9078001073,0.2179106295,0.08958785153,0.2229028308,0.9335877448,0.2402325022,0.8715860773,0.05771165513,0.07070226758
18.375,16.31523581,-0.9097327416,0.2139378713,0.08764910487,0.2189484323,0.9345496637,0.2358405851,0.8733830739,0.0556207816,0.07099614449
18.41,16.28421825,-0.9116318147,0.2099423342,0.08574505684,0.2149689327,0.9354936393,0.2314386674,0.8751483492,0.05356385679,0.07128779399
18.445,16.25331841,-0.9134969614,0.2059245632,0.08387618348,0.2109646042,0.936419577,0.2270270433,0.8768816242,0.05154127837,0.07157709739
18.48,16.22253561,-0.9153278117,0.2018850997,0.08204293977,0.2069357579,0.9373273688,0.2226060463,0.8785825963,0.04955345187,0.07186395181
18.515,16.19186919,-0.9171239901,0.1978244785,0.08024575733,0.2028827451,0.9382168926,0.2181760524,0.8802509375,0.04760078984,0.07214827264
18.55,16.16131849,-0.918885116,0.1937432252,0.07848504254,0.1988059578,0.9390880117,0.213737481,0.8818862936,0.04568371077,0.07242999559
18.585,16.13088286,-0.9206108033,0.1896418534,0.07676117511,0.1947058289,0.9399405746,0.2092907972,0.8834882837,0.0438026378,0.0727090785
18.62,16.10056165,-0.9223006612,0.1855208631,0.07507450718,0.1905828311,0.9407744152,0.2048365132,0.8850565003,0.04195799713,0.07298550259
18.655,16.07035422,-0.9239542944,0.1813807382,0.07342536287,0.186437476,0.9415893533,0.200375189,0.8865905103,0.04015021635,0.07325927332
18.69,16.04025993,-0.9255713039,0.1772219459,0.07181403845,0.1822703115,0.9423851955,0.1959074336,0.8880898568,0.03837972256,0.07353042069
18.725,16.01027813,-0.9271512881,0.173044935,0.07024080288,0.1780819195,0.9431617362,0.1914339062,0.8895540606,0.03664694043,0.07379899897
18.76,15.98040821,-0.9286938438,0.1688501357,0.06870589902,0.1738729124,0.9439187592,0.1869553161,0.8909826239,0.03495229024,0.07406508589
18.795,15.95064953,-0.9301985677,0.1646379594,0.06720954513,0.1696439296,0.9446560395,0.1824724248,0.8923750329,0.03329618581,0.07432878125
18.83,15.92100149,-0.9316650576,0.1604087991,0.0657519369,0.165395633,0.9453733455,0.1779860462,0.8937307624,0.03167903264,0.07459020496
18.865,15.89146345,-0.9330929148,0.1561630299,0.06433324985,0.1611287029,0.9460704411,0.1734970488,0.8950492796,0.03010122593,0.07484949451
18.9,15.86203481,-0.9344817452,0.1519010103,0.06295364197,0.1568438328,0.9467470882,0.1690063576,0.8963300491,0.02856314891,0.07510680199
18.935,15.83271497,-0.9358311617,0.1476230838,0.06161325662,0.152541725,0.9474030495,0.1645149575,0.8975725381,0.02706517125,0.07536229061
18.97,15.80350332,-0.9371407861,0.1433295804,0.06031222566,0.1482230854,0.9480380908,0.160023897,0.8987762215,0.02560764762,0.07561613085
19.005,15.77439926,-0.9384102509,0.1390208193,0.05905067259,0.143888619,0.9486519842,0.155534294,0.8999405871,0.02419091661,0.07586849626
19.04,15.74540221,-0.9396392018,0.1346971106,0.05782871571,0.1395390245,0.9492445107,0.1510473426,0.9010651411,0.02281529972,0.07611955914
19.075,15.71651156,-0.9408272994,0.1303587588,0.05664647126,0.1351749906,0.9498154628,0.146564323,0.9021494133,0.02148110078,0.07636948591
19.11,15.68772674,-0.9419742212,0.1260060648,0.05550405637,0.1307971913,0.9503646468,0.1420866128,0.9031929618,0.02018860554,0.07661843262
19.145,15.65904717,-0.9430796635,0.1216393292,0.05440159179,0.1264062828,0.9508918856,0.1376157023,0.9041953781,0.01893808151,0.0768665404
19.18,15.63047226,-0.9441433427,0.1172588553,0.05333920436,0.1220028993,0.9513970205,0.1331532131,0.9051562906,0.01772977817,0.07711393121
19.215,15.60200146,-0.945164997,0.1128649517,0.05231702913,0.1175876515,0.9518799131,0.128700922,0.9060753689,0.01656392732,0.07736070374
19.25,15.57363418,-0.9461443879,0.1084579353,0.0513352111,0.1131611234,0.9523404467,0.1242607893,0.9069523264,0.01544074375,0.07760692983
19.285,15.54536987,-0.9470813003,0.1040381343,0.0503939065,0.1087238714,0.9527785276,0.119834995,0.9077869227,0.01436042603,0.07785265125
19.32,15.51720797,-0.9479755439,0.09960589021,0.04949328365,0.1042764235,0.9531940858,0.1154259833,0.9085789652,0.01332315762,0.0780978772
19.355,15.48914792,-0.9488269532,0.0951615607,0.04863352333,0.09981927852,0.9535870751,0.1110365163,0.9093283098,0.01232910796,0.07834258227
19.39,15.46118917,-0.9496353875,0.09070552134,0.04781481869,0.0953529073,0.9539574733,0.1066697418,0.9100348609,0.01137843382,0.0785867053
19.425,15.43333117,-0.9504007307,0.08623816756,0.04703737465,0.09087775321,0.9543052816,0.1023292756,0.9106985705,0.01047128064,0.07883014887
19.46,15.40557338,-0.9511228903,0.08175991601,0.04630140689,0.08639423408,0.9546305235,0.09801930403,0.9113194364,0.009607783963,0.07907277964
19.495,15.37791526,-0.9518017969,0.07727120568,0.04560714039,0.08190274438,0.9549332436,0.09374471074,0.9118974997,0.008788070791,0.07931442946
19.53,15.35035627,-0.9524374022,0.07277249867,0.0449548076,0.07740365792,0.9552135058,0.08951123385,0.9124328417,0.008012260985,0.07955489736
19.565,15.32289589,-0.9530296781,0.06826428053,0.04434464628,0.07289733103,0.9554713911,0.08532566158,0.9129255793,0.007280468525,0.0797939522
19.6,15.29553357,-0.9535786142,0.06374706024,0.04377689705,0.06838410612,0.9557069955,0.08119607556,0.9133758612,0.006592802686,0.08003133615
19.635,15.26826881,-0.9540842161,0.05922136986,0.04325180072,0.06386431547,0.9559204267,0.0771321532,0.9137838621,0.005949369057,0.08026676881
19.67,15.24110107,-0.9545465029,0.05468776377,0.04276959547,0.05933828525,0.9561118019,0.07314554254,0.9141497777,0.005350270394,0.08049995195
19.705,15.21402984,-0.9549655045,0.05014681763,0.04233051396,0.05480633964,0.9562812442,0.0692503233,0.914473818,0.004795607277,0.0807305747
19.74,15.18705461,-0.9553412594,0.04559912696,0.04193478039,0.05026880501,0.9564288799,0.06546356669,0.9147562022,0.004285478564,0.0809583192
19.775,15.16017487,-0.9556738119,0.04104530554,0.04158260772,0.04572601397,0.9565548347,0.06180599986,0.9149971519,0.003819981619,0.08118286652
19.81,15.13339011,-0.9559632095,0.03648598344,0.04127419489,0.04117830933,0.9566592314,0.05830276428,0.915196885,0.003399212323,0.08140390268
19.845,15.10669982,-0.9562095004,0.03192180493,0.04100972429,0.03662604778,0.9567421859,0.05498422375,0.9153556104,0.003023264862,0.08162112476
19.88,15.08010352,-0.9564127309,0.02735342623,0.04078935953,0.03206960325,0.9568038053,0.05188671605,0.9154735218,0.002692231303,0.08183424685
19.915,15.0536007,-0.9565729434,0.02278151304,0.04061324343,0.02750936995,0.9568441844,0.04905304248,0.9155507933,0.002406200977,0.08204300572
19.95,15.02719088,-0.9566901739,0.01820673815,0.04048149643,0.02294576489,0.9568634041,0.04653235089,0.9155875741,0.00216525968,0.08224716618
19.985,15.00087356,-0.9567644509,0.01362977883,0.04039421533,0.01837922995,0.9568615289,0.04437892209,0.9155839855,0.001969488726,0.08244652581
20.02,14.97464825,-0.9567957936,0.009051314393,0.04035147244,0.01381023344,0.9568386055,0.04264931272,0.9155401169,0.001818963875,0.08264091918
20.055,14.94851449,-0.9567842106,0.004472023743,0.04035331521,0.009239271007,0.9567946617,0.04139751415,0.9154560246,0.001713754178,0.0828302212
20.09,14.92247178,-0.9567296995,-0.000107417005,0.04039976626,0.004666866098,0.9567297056,0.04066842452,0.9153317295,0.001653920753,0.08301434974
20.125,14.89651965,-0.9566322467,-0.004686336722,0.04049082376,9.356976076e-05,0.9566437253,0.04049093187,0.9151672171,0.001639515564,0.08319326733
20.16,14.87065764,-0.9564918269,-0.009264071318,0.04062646229,-0.004480040085,0.9565366893,0.04087273171,0.914962438,0.001670580197,0.0833669818
20.195,14.84488527,-0.9563084045,-0.01383996559,0.04080663405,-0.009053359919,0.9564085472,0.04179886013,0.9147173092,0.001747144708,0.0835355461
20.23,14.81920208,-0.9560819338,-0.01841337484,0.0410312704,-0.01362576239,0.9562592308,0.04323455275,0.9144317165,0.001869226552,0.083699057
20.265,14.7936076,-0.9558123606,-0.02298366628,0.04130028364,-0.01819659858,0.9560886557,0.04513124891,0.9141055175,0.002036829628,0.08385765282
20.3,14.76810138,-0.9554996241,-0.02755022009,0.04161356906,-0.02276520059,0.9558967236,0.04743356921,0.9137385462,0.002249943488,0.08401151032
20.335,14.74268296,-0.9551436586,-0.03211243032,0.04197100717,-0.02733088457,0.9556833245,0.05008535409,0.9133306167,0.002508542694,0.08416084057
20.37,14.71735189,-0.9547443963,-0.0366697054,0.04237246599,-0.03189295397,0.9554483395,0.05303382305,0.9128815295,0.002812586387,0.08430588409
20.405,14.69210772,-0.9543017694,-0.04122146844,0.04281780336,-0.03645070302,0.9551916439,0.05623182404,0.9123910766,0.003162018035,0.08444690534
20.44,14.66695,-0.9538157135,-0.04576715723,0.0433068693,-0.04100342026,0.9549131102,0.05963862341,0.9118590481,0.003556765402,0.08458418653
20.475,14.64187829,-0.9532861701,-0.05030622396,0.04383950818,-0.04555039229,0.9546126116,0.06321978105,0.9112852382,0.003996740716,0.0847180211
20.51,14.61689215,-0.9527130896,-0.05483813474,0.04441556077,-0.05009090732,0.9542900252,0.06694655357,0.9106694522,0.004481841035,0.08484870679
20.545,14.59199114,-0.952096435,-0.05936236879,0.04503486606,-0.05462425874,0.9539452356,0.07079511851,0.9100115125,0.005011948804,0.08497653874
20.58,14.56717483,-0.9514361843,-0.06387841755,0.04569726283,-0.05914974848,0.9535781379,0.07474578634,0.909311265,0.005586932575,0.08510180243
20.615,14.54244278,-0.9507323334,-0.06838578348,0.04640259083,-0.06366669017,0.9531886409,0.07878228147,0.9085685851,0.006206647873,0.085224767
20.65,14.51779458,-0.9499848992,-0.07288397878,0.04715069176,-0.068174412,0.9527766701,0.08289112248,0.907783383,0.006870938186,0.08534567878
20.685,14.49322978,-0.9491939217,-0.077372524,0.04794140969,-0.07267225927,0.9523421699,0.08706110516,0.9069556085,0.007579636031,0.08546475543
20.72,14.46874797,-0.9483594665,-0.0818509465,0.04877459127,-0.07715959653,0.9518851061,0.09128287951,0.9060852552,0.008332564091,0.08558218069
20.755,14.44434874,-0.9474816263,-0.08631877892,0.04965008546,-0.08163580937,0.9514054676,0.0955486073,0.9051723638,0.009129536358,0.08569809989
20.79,14.42003165,-0.9465605223,-0.09077555757,0.05056774289,-0.08610030576,0.9509032676,0.09985168638,0.9042170243,0.009970359273,0.08581261644
20.825,14.3957963,-0.9455963056,-0.09522082091,0.05152741497,-0.09055251694,0.9503785445,0.104186529,0.9032193779,0.01085483282,0.08592578927
20.86,14.37164228,-0.9445891572,-0.09965410806,0.05252895254,-0.09499189794,0.9498313625,0.1085483834,0.9021796172,0.01178275153,0.08603763128
20.895,14.34756918,-0.9435392885,-0.1040749574,0.0535722044,-0.09941792757,0.9492618109,0.11293319,0.9010979856,0.01275390541,0.08614810898
20.93,14.32357659,-0.9424469403,-0.1084829052,0.05465701549,-0.1038301081,0.9486700038,0.117337465,0.8999747761,0.01376808069,0.08625714324
20.965,14.29966411,-0.9413123827,-0.1128774846,0.05578322503,-0.1082279645,0.9480560787,0.1217582051,0.8988103284,0.0148250605,0.0863646111
21,14.27583133,-0.9401359129,-0.1172582248,0.05695066448,-0.1126110434,0.947420195,0.12619281,0.897605026,0.01592462528,0.08647034875
21.035,14.25207787,-0.9389178537,-0.1216246499,0.05815915552,-0.1169789116,0.9467625317,0.1306390184,0.8963592914,0.01706655312,0.08657415548
21.07,14.22840332,-0.9376585513,-0.1259762789,0.05940850806,-0.1213311543,0.9460832847,0.1350948549,0.8950735816,0.01825061983,0.08667579859
21.105,14.2048073,-0.9363583725,-0.1303126251,0.06069851837,-0.1256673735,0.9453826643,0.1395585859,0.8937483819,0.01947659889,0.08677501918
21.14,14.1812894,-0.9350177018,-0.1346331964,0.06202896737,-0.1299871858,0.9446608916,0.1440286821,0.8923842002,0.02074426126,0.08687153856
21.175,14.15784926,-0.9336369381,-0.1389374952,0.06339961921,-0.13429022,0.9439181955,0.1485037875,0.8909815597,0.02205337491,0.08696506537
21.21,14.13448647,-0.9322164912,-0.1432250194,0.06481022008,-0.1385761155,0.9431548084,0.1529826932,0.8895409926,0.02340370441,0.08705530302
21.245,14.11120066,-0.930756778,-0.1474952629,0.06626049746,-0.1428445192,0.9423709632,0.157464314,0.8880630324,0.02479501019,0.08714195745
21.28,14.08799145,-0.929258219,-0.1517477166,0.06775015962,-0.1470950842,0.9415668893,0.1619476703,0.886548207,0.02622704791,0.08722474507
21.315,14.06485846,-0.927721234,-0.1559818701,0.06927889568,-0.151327467,0.9407428085,0.1664318709,0.8849970318,0.02769956766,0.08730340059
21.35,14.04180131,-0.9261462385,-0.1601972129,0.07084637601,-0.1555413262,0.9398989318,0.1709160998,0.8834100021,0.02921231316,0.08737768478
21.385,14.01881964,-0.9245336396,-0.1643932363,0.07245225304,-0.1597363203,0.9390354556,0.1753996038,0.8817875869,0.03076502101,0.08744739204
21.42,13.99591307,-0.9228838324,-0.1685694348,0.0740961626,-0.1639121063,0.9381525582,0.1798816831,0.8801302225,0.03235741992,0.08751235761
21.455,13.97308124,-0.9211971956,-0.1727253086,0.07577772551,-0.1680683384,0.9372503963,0.1843616827,0.8784383053,0.03398923006,0.0875724646
21.49,13.95032378,-0.9194740877,-0.1768603646,0.07749654964,-0.1722046669,0.9363291016,0.1888389857,0.8767121866,0.03566016251,0.08762765091
21.525,13.92764033,-0.9177148432,-0.1809741185,0.07925223227,-0.1763207375,0.9353887775,0.1933130073,0.874952165,0.03736991878,0.0876779162
21.56,13.90503052,-0.9159197676,-0.1850660948,0.08104436262,-0.1804161906,0.9344294944,0.1977831907,0.8731584801,0.03911819054,0.08772332939
21.595,13.882494,-0.9140891325,-0.1891358271,0.0828725247,-0.1844906614,0.9334512859,0.2022490036,0.8713313032,0.04090465948,0.08776403728
21.63,13.86003042,-0.9122231703,-0.1931828548,0.08473630019,-0.1885437794,0.9324541424,0.2067099352,0.8694707277,0.04272899731,0.08780027496
21.665,13.83763942,-0.9103220671,-0.197206717,0.08663527134,-0.1925751691,0.9314380039,0.2111654943,0.8675767552,0.04459086598,0.08783237884
21.7,13.81532065,-0.9083859571,-0.2012069395,0.08856902389,-0.1965844502,0.9304027513,0.2156152083,0.8656492795,0.04648991804,0.08786080242
21.735,13.79307375,-0.9064149176,-0.2051830104,0.09053714977,-0.2005712383,0.9293481966,0.220058622,0.8636880706,0.0484257971,0.08788613231
21.77,13.77089839,-0.9044089753,-0.2091343393,0.09253924967,-0.2045351457,0.9282740794,0.2244952974,0.8616927665,0.05039813854,0.087909095
21.805,13.74879422,-0.9023681382,-0.2130601934,0.09457493526,-0.2084757823,0.9271800812,0.2289248134,0.8596629029,0.0524065702,0.08793052691
21.84,13.7267609,-0.9002924898,-0.2169596174,0.09664383101,-0.2123927568,0.9260658955,0.2333467661,0.8575980428,0.05445071323,0.08795124393
21.875,13.70479808,-0.8981823984,-0.2208313847,0.09874557561,-0.2162856775,0.9249314144,0.2377607684,0.8554981213,0.05653018299,0.08797169566
21.91,13.68290543,-0.8960388641,-0.2246741264,0.1008798229,-0.2201541534,0.9237770884,0.2421664509,0.853364109,0.05864458993,0.08799130105
21.945,13.66108262,-0.8938638225,-0.2284868698,0.1030462424,-0.2239977955,0.922604348,0.2465634613,0.8511987829,0.06079354043,0.08800767669
21.98,13.6393293,-0.8916598504,-0.2322699645,0.1052445186,-0.2278162174,0.9214155551,0.2509514647,0.8490066252,0.06297663762,0.08801673722
22.015,13.61764515,-0.8894288553,-0.2360255332,0.1074743509,-0.2316090369,0.920212878,0.2553301433,0.8467917409,0.06519348208,0.08801477706
22.05,13.59602984,-0.8871707342,-0.2397563881,0.1097354517,-0.235375876,0.9189967559,0.2596991959,0.8445550373,0.06744367236,0.0880012903
22.085,13.57448304,-0.8848836594,-0.2434642233,0.1120275449,-0.239116362,0.917765721,0.2640583371,0.8422939187,0.06972680541,0.08797927592
22.12,13.55300443,-0.8825656053,-0.2471490115,0.1143503629,-0.2428301283,0.916517693,0.2684072963,0.8400046816,0.07204247672,0.08795284168
22.155,13.53159368,-0.8802153821,-0.250809724,0.1167036444,-0.2465168142,0.9152511331,0.2727458163,0.8376846366,0.07439028029,0.08792508312
22.19,13.51025047,-0.8778326922,-0.254445176,0.1190871303,-0.2501760655,0.9139653073,0.2770736515,0.835332583,0.07676980837,0.08789760862
22.225,13.48897449,-0.875417786,-0.2580544189,0.1215005606,-0.2538075349,0.912660059,0.2813905666,0.8329483832,0.07918065097,0.08787096582
22.26,13.46776541,-0.8729711614,-0.2616367935,0.1239436701,-0.2574108811,0.9113355366,0.2856963337,0.8305324603,0.08162239506,0.08784514465
22.295,13.44662292,-0.8704933989,-0.2651918616,0.1264161847,-0.2609857697,0.9099920225,0.2899907304,0.828085481,0.08409462371,0.08781989532
22.33,13.42554671,-0.867985095,-0.2687193262,0.1289178168,-0.2645318721,0.9086298484,0.2942735375,0.8256082015,0.08659691485,0.08779488367
22.365,13.40453646,-0.8654468423,-0.2722189713,0.131448262,-0.2680488658,0.9072493622,0.2985445361,0.8231014052,0.08912884003,0.08776975475
22.4,13.38359187,-0.862879229,-0.275690622,0.1340071944,-0.2715364338,0.9058509165,0.3028035056,0.820565883,0.091689963,0.08774415403
22.435,13.36271264,-0.8602828447,-0.2791341197,0.1365942639,-0.2749942642,0.9044348675,0.307050221,0.8180024296,0.09427983824,0.08771773212
22.47,13.34189844,-0.8576582859,-0.2825493067,0.1392090927,-0.2784220501,0.9030015759,0.3112844511,0.8154118461,0.0968980095,0.08769014445
22.505,13.32114899,-0.8550061611,-0.2859360161,0.141851273,-0.2818194896,0.9015514077,0.3155059562,0.8127949407,0.0995440084,0.08766105086
22.54,13.30046398,-0.8523270932,-0.2892940658,0.1445203649,-0.2851862853,0.9000847351,0.319714487,0.8101525303,0.1022173532,0.08763011645
22.575,13.2798431,-0.8496217212,-0.2926232543,0.1472158954,-0.2885221446,0.8986019353,0.3239097834,0.8074854381,0.1049175478,0.0875970141
22.61,13.25928607,-0.8468906995,-0.295923358,0.1499373577,-0.2918267803,0.8971033891,0.328091574,0.8047944908,0.1076440809,0.08756142831
22.645,13.23879258,-0.8441346971,-0.2991941296,0.1526842123,-0.2950999106,0.8955894785,0.3322595761,0.802080514,0.1103964259,0.08752306014
22.68,13.21836235,-0.8413543947,-0.3024352978,0.1554558873,-0.2983412603,0.8940605835,0.3364134963,0.7993443269,0.1131740405,0.08748163261
22.715,13.19799507,-0.8385504827,-0.3056465668,0.1582517816,-0.301550562,0.8925170787,0.3405530323,0.7965867358,0.1159763678,0.08743689638
22.75,13.17769046,-0.8357236565,-0.3088276179,0.1610712668,-0.3047275571,0.89095933,0.3446778743,0.7938085277,0.1188028371,0.08738863523
22.785,13.15744823,-0.8328746137,-0.3119781103,0.1639136921,-0.3078719977,0.8893876902,0.3487877082,0.7910104635,0.1216528654,0.08733667108
22.82,13.1372681,-0.8300040491,-0.3150976832,0.1667783878,-0.3109836485,0.8878024958,0.3528822187,0.7881932715,0.1245258603,0.08728086819
22.855,13.11714977,-0.8271126505,-0.3181859591,0.1696646711,-0.3140622893,0.886204063,0.3569610934,0.7853576413,0.1274212222,0.08722113657
22.89,13.09709297,-0.8242010946,-0.3212425461,0.1725718514,-0.3171077172,0.8845926847,0.3610240272,0.7825042178,0.1303383482,0.08715743402
22.925,13.0770974,-0.821270042,-0.3242670425,0.1754992366,-0.3201197497,0.8829686272,0.3650707276,0.7796335967,0.1332766362,0.08708976713
22.96,13.0571628,-0.8183201334,-0.3272590402,0.1784461394,-0.3230982271,0.8813321282,0.3691009198,0.7767463202,0.136235489,0.08701819078
22.995,13.03728889,-0.8153519857,-0.3302181298,0.1814118832,-0.3260430163,0.8796833941,0.3731143522,0.7738428739,0.1392143198,0.08694280628
23.03,13.01747538,-0.8123661879,-0.3331439049,0.184395809,-0.3289540133,0.8780225992,0.3771108023,0.7709236846,0.1422125572,0.08686375813
23.065,12.997722,-0.8093632979,-0.3360359678,0.1873972806,-0.3318311468,0.8763498843,0.3810900822,0.7679891197,0.1452296508,0.08678122952
23.1,12.97802848,-0.8063438401,-0.3388939341,0.1904156908,-0.3346743808,0.8746653572,0.3850520438,0.765039487,0.1482650765,0.08669543649
23.135,12.95839455,-0.8033083027,-0.3417174381,0.1934504653,-0.3374837177,0.8729690926,0.3889965839,0.7620750366,0.1513183423,0.08660662111
23.17,12.93881994,-0.800257136,-0.3445061383,0.1965010672,-0.3402592009,0.8712611337,0.392923648,0.759095963,0.1543889932,0.08651504379
23.205,12.91930437,-0.7971907517,-0.347259722,0.1995669993,-0.3430009164,0.8695414937,0.3968332344,0.7561024092,0.1574766159,0.08642097491
23.24,12.89984759,-0.7941095224,-0.3499779101,0.2026478059,-0.3457089954,0.8678101585,0.4007253956,0.7530944711,0.1605808427,0.08632468617
23.275,12.88044932,-0.7910137814,-0.3526604618,0.2057430727,-0.3483836141,0.8660670896,0.4046002404,0.7500722037,0.1637013545,0.08622644179
23.31,12.86110931,-0.7879038244,-0.3553071781,0.2088524257,-0.3510249946,0.8643122279,0.4084579324,0.7470356273,0.1668378826,0.08612649011
23.345,12.84182729,-0.7847799106,-0.3579179057,0.2119755283,-0.3536334038,0.8625454975,0.4122986889,0.7439847353,0.1699902089,0.0860250558
23.38,12.82260299,-0.7816422652,-0.3604925394,0.2151120768,-0.3562091515,0.8607668103,0.4161227766,0.7409195017,0.1731581652,0.08592233308
23.415,12.80343617,-0.7784910823,-0.3630310245,0.2182617946,-0.3587525869,0.8589760707,0.4199305057,0.7378398901,0.1763416296,0.08581848034
23.45,12.78432657,-0.7753265285,-0.3655333583,0.2214244243,-0.3612640944,0.8571731808,0.4237222222,0.7347458618,0.1795405216,0.08571361658
23.485,12.76527392,-0.7721487467,-0.3679995904,0.2245997195,-0.3637440867,0.8553580452,0.4274982978,0.7316373855,0.1827547946,0.08560781988
23.52,12.74627798,-0.7689578608,-0.3704298227,0.2277874347,-0.3661929971,0.8535305766,0.4312591176,0.7285144451,0.1859844265,0.08550112836
23.555,12.72733848,-0.7657539806,-0.3728242085,0.2309873147,-0.3686112688,0.8516907004,0.4350050655,0.7253770492,0.189229407,0.0853935438
23.59,12.70845519,-0.7625372069,-0.3751829506,0.2341990837,-0.3709993434,0.8498383601,0.4387365082,0.7222252383,0.1924897236,0.08528503808
23.625,12.68962785,-0.759307637,-0.377506299,0.237422435,-0.3733576456,0.8479735216,0.4424537763,0.7190590934,0.1957653441,0.0851755625
23.66,12.67085621,-0.7560653701,-0.379794547,0.2406570207,-0.375686567,0.8460961777,0.4461571452,0.7158787418,0.1990561982,0.08506505994
23.695,12.65214003,-0.7528105131,-0.3820480277,0.2439024442,-0.3779864472,0.8442063516,0.4498468145,0.712684364,0.2023621565,0.08495347943
23.73,12.63347906,-0.7495431855,-0.3842671088,0.247158255,-0.3802575527,0.8423041006,0.4535228874,0.7094761979,0.2056830094,0.08484079269
23.765,12.61487305,-0.7462635256,-0.3864521879,0.2504239464,-0.3825000552,0.8403895187,0.457185351,0.7062545431,0.2090184452,0.08472701172
23.8,12.59632176,-0.7429716943,-0.388603686,0.2536989597,-0.3847140085,0.8384627382,0.4608340596,0.7030197633,0.2123680305,0.08461220621
23.835,12.57782496,-0.7396678807,-0.3907220419,0.2569826925,-0.3868993263,0.8365239314,0.4644687212,0.6997722878,0.215731193,0.08449651929
23.87,12.5593824,-0.7363523056,-0.3928077055,0.2602745149,-0.3890557621,0.834573311,0.4680888902,0.6965126114,0.2191072091,0.08438017949
23.905,12.54099385,-0.7330252251,-0.3948611311,0.2635737929,-0.3911828928,0.8326111298,0.4716939685,0.6932412934,0.2224951999,0.08426350672
23.94,12.52265906,-0.7296869335,-0.3968827708,0.266879919,-0.3932801093,0.8306376796,0.4752832161,0.6899589547,0.2258941355,0.08414690972
23.975,12.50437781,-0.7263377656,-0.398873068,0.2701923498,-0.3953466167,0.8286532895,0.478855775,0.6866662742,0.2293028532,0.0840308726
24.01,12.48614985,-0.7229780977,-0.4008324506,0.2735106487,-0.3973814457,0.8266583232,0.482410705,0.6833639832,0.2327200883,0.08391592842
24.045,12.46797496,-0.7196083482,-0.4027613252,0.2768345297,-0.3993834804,0.8246531755,0.4859470354,0.6800528599,0.2361445212,0.08380261884
24.08,12.44985291,-0.7162289777,-0.404660071,0.2801638997,-0.4013515013,0.8226382689,0.4894638274,0.6767337215,0.2395748383,0.08369144018
24.115,12.43178345,-0.712840487,-0.4065290348,0.2834988921,-0.4032842467,0.8206140482,0.4929602474,0.6734074161,0.2430098055,0.08358277843
24.15,12.41376638,-0.7094434161,-0.4083685263,0.2868398864,-0.4051804877,0.8185809758,0.4964356434,0.6700748139,0.2464483481,0.08347683806
24.185,12.39580145,-0.7060383404,-0.4101788141,0.2901875072,-0.4070391151,0.816539526,0.4998896184,0.6667367976,0.2498896306,0.08337357188
24.22,12.37788844,-0.7026258675,-0.4119601225,0.2935425991,-0.4088592291,0.8144901793,0.5033220904,0.6633942522,0.2533331267,0.08327262107
24.255,12.36002713,-0.6992066329,-0.4137126293,0.2969061739,-0.4106402242,0.8124334158,0.506733332,0.6600480551,0.2567786698,0.08317327511
24.29,12.34221729,-0.6957812946,-0.4154364639,0.3002793328,-0.4123818573,0.8103697091,0.510123979,0.6566990655,0.260226474,0.08307446057
24.325,12.32445871,-0.6923505277,-0.4171317071,0.3036631694,-0.4140842917,0.8082995202,0.5134950059,0.6533481143,0.2636771211,0.08297476459
24.36,12.30675115,-0.6889150183,-0.4187983909,0.3070586618,-0.4157481072,0.8062232908,0.5168476666,0.6499959947,0.2671315104,0.08287249487
24.395,12.2890944,-0.6854754567,-0.4204365002,0.3104665669,-0.4173742758,0.804141438,0.5201834054,0.6466434524,0.2705907753,0.08276577233
24.43,12.27148825,-0.6820325309,-0.4220459741,0.3138873283,-0.4189641035,0.8020543482,0.5235037486,0.6432911774,0.2740561748,0.08265264775
24.465,12.25393247,-0.6785869197,-0.4236267093,0.317321009,-0.4205191444,0.7999623719,0.5268101874,0.6399397964,0.2775289736,0.08253123003
24.5,12.23642686,-0.6751392858,-0.4251785634,0.320767256,-0.4220410989,0.7978658196,0.5301040669,0.636589866,0.2810103217,0.08239981225
24.535,12.21897118,-0.671690269,-0.4267013594,0.3242252984,-0.423531706,0.7957649575,0.5333864922,0.6332418676,0.2845011501,0.08225698231
24.57,12.20156524,-0.6682404799,-0.4281948903,0.3276939783,-0.4249926412,0.7936600047,0.5366582604,0.629896203,0.2880020884,0.08210170851
24.605,12.18420882,-0.6647904937,-0.4296589246,0.3311718079,-0.4264254306,0.7915511304,0.539919822,0.626553192,0.2915134142,0.08193339371
24.64,12.1669017,-0.661340845,-0.4310932125,0.3346570448,-0.4278313852,0.789438453,0.543171273,0.6232130711,0.2950350318,0.08175189711
24.675,12.14964369,-0.6578920226,-0.4324974915,0.3381477769,-0.4292115585,0.7873220393,0.5464123726,0.6198759935,0.298566481,0.0815575255
24.71,12.13243456,-0.654444466,-0.4338714932,0.341642009,-0.4305667274,0.785201905,0.549642583,0.6165420316,0.302106969,0.08135099936
24.745,12.11527412,-0.6509985617,-0.4352149497,0.3451377438,-0.4318973929,0.7830780164,0.552861122,0.6132111798,0.3056554202,0.08113340004
24.78,12.09816215,-0.6475546415,-0.4365276,0.348633054,-0.4332037969,0.7809502924,0.5560670247,0.6098833593,0.309210536,0.08090610473
24.815,12.08109845,-0.6441129811,-0.437809196,0.3521261416,-0.4344859497,0.7788186082,0.5592592065,0.6065584245,0.3127708601,0.08067071544
24.85,12.06408282,-0.6406737999,-0.4390595092,0.3556153835,-0.4357436652,0.7766827991,0.5624365233,0.6032361704,0.3163348427,0.08042898684
24.885,12.04711505,-0.6372372623,-0.4402783357,0.3590993642,-0.4369765992,0.7745426659,0.5655978268,0.5999163413,0.3199009017,0.08018275703
24.92,12.03019494,-0.6338034796,-0.441465502,0.3625768965,-0.438184288,0.7723979804,0.5687420119,0.5965986402,0.3234674761,0.0799338837
24.955,12.0133223,-0.630372513,-0.4426208696,0.3660470311,-0.4393661848,0.770248492,0.5718680559,0.5932827394,0.3270330733,0.07968418728
24.99,11.99649692,-0.6269443782,-0.4437443389,0.3695090573,-0.4405216941,0.7680939341,0.5749750485,0.5899682916,0.3305963064,0.07943540199
25.025,11.9797186,-0.62351905,-0.4448358528,0.3729624961,-0.4416502009,0.7659340322,0.5780622141,0.5866549417,0.3341559234,0.07918913494
25.06,11.96298715,-0.6200964687,-0.4458953995,0.3764070876,-0.4427510964,0.7637685106,0.5811289263,0.5833423379,0.337710829,0.07894683318
25.095,11.94630237,-0.6166765468,-0.4469230144,0.3798427739,-0.4438237992,0.7615971009,0.5841747149,0.5800301441,0.3412600976,0.0787097583
25.13,11.92966407,-0.6132591759,-0.4479187812,0.3832696777,-0.4448677722,0.759419549,0.5871992682,0.5767180514,0.3448029805,0.07847896807
25.165,11.91307204,-0.6098442354,-0.4488828324,0.3866880797,-0.4458825358,0.7572356229,0.5902024285,0.5734057887,0.3483389066,0.0782553047
25.2,11.89652611,-0.6064315997,-0.4498153491,0.390098393,-0.4468676777,0.7550451201,0.5931841852,0.5700931334,0.3518674776,0.07803938899
25.235,11.88002607,-0.6030211474,-0.4507165595,0.3935011378,-0.4478228594,0.7528478739,0.5961446627,0.5667799212,0.3553884588,0.07783161994
25.27,11.86357175,-0.5996127692,-0.4515867371,0.3968969142,-0.4487478202,0.7506437598,0.5990841065,0.5634660541,0.3589017666,0.07763217929
25.305,11.84716293,-0.5962063758,-0.4524261984,0.4002863767,-0.4496423785,0.7484327008,0.602002867,0.5601515076,0.3624074519,0.07744104044
25.34,11.83079945,-0.5928019064,-0.4532352996,0.4036702079,-0.4505064317,0.7462146722,0.6049013818,0.556836337,0.3659056817,0.07725798128
25.375,11.8144811,-0.5893993349,-0.4540144325,0.4070490945,-0.4513399534,0.7439897048,0.6077801567,0.5535206808,0.3693967188,0.07708260034
25.41,11.79820771,-0.5859986772,-0.4547640207,0.4104237036,-0.45214299,0.7417578878,0.6106397464,0.5502047642,0.3728808999,0.0769143359
25.445,11.78197909,-0.5825999964,-0.4554845148,0.4137946615,-0.4529156563,0.7395193703,0.6134807361,0.546888899,0.3763586136,0.07675248737
25.48,11.76579505,-0.5792034076,-0.4561763872,0.4171625341,-0.4536581288,0.7372743612,0.616303722,0.5435734837,0.3798302777,0.07659623861
25.515,11.74965542,-0.5758090812,-0.4568401273,0.4205278102,-0.4543706401,0.7350231288,0.6191092938,0.5402589998,0.3832963177,0.07644468242
25.55,11.73356,-0.5724172449,-0.4574762356,0.4238908865,-0.4550534716,0.7327659984,0.6218980187,0.5369460084,0.3867571457,0.07629684591
25.585,11.71750862,-0.5690281854,-0.4580852186,0.4272520567,-0.4557069461,0.7305033493,0.6246704257,0.5336351433,0.3902131407,0.07615171597
25.62,11.70150109,-0.5656422471,-0.4586675834,0.4306115019,-0.4563314213,0.7282356101,0.6274269931,0.5303271038,0.3936646316,0.07600826454
25.655,11.68553724,-0.5622598307,-0.4592238324,0.4339692857,-0.4569272816,0.7259632535,0.6301681376,0.5270226455,0.3971118816,0.07586547294
25.69,11.66961689,-0.5588813899,-0.459754458,0.437325351,-0.4574949319,0.7236867897,0.6328942055,0.5237225697,0.4005550754,0.07572235498
25.725,11.65373986,-0.555507427,-0.4602599382,0.4406795207,-0.4580347909,0.7214067592,0.635605467,0.5204277122,0.4039943096,0.0755779782
25.76,11.63790598,-0.552138487,-0.4607407318,0.4440315007,-0.4585472851,0.7191237242,0.6383021121,0.5171389308,0.4074295863,0.07543148294
25.795,11.62211506,-0.5487751505,-0.4611972748,0.4473808866,-0.4590328434,0.7168382608,0.6409842502,0.5138570921,0.410860809,0.07528209887
25.83,11.60636694,-0.5454180261,-0.4616299764,0.4507271723,-0.4594918924,0.7145509487,0.6436519114,0.5105830583,0.4142877831,0.07512915861
25.865,11.59066143,-0.542067741,-0.4620392166,0.4540697611,-0.4599248528,0.7122623628,0.6463050504,0.5073176735,0.4177102182,0.07497210831
25.9,11.57499838,-0.5387249318,-0.4624253431,0.4574079791,-0.4603321363,0.7099730629,0.6489435531,0.50406175,0.4211277351,0.07481051492
25.935,11.5593776,-0.5353902338,-0.46278867,0.4607410905,-0.4607141433,0.7076835843,0.6515672447,0.5008160555,0.4245398743,0.07464407017
25.97,11.54379892,-0.5320642709,-0.4631294765,0.4640683138,-0.4610712618,0.705394429,0.6541759002,0.4975813004,0.4279461083,0.07447259124
26.005,11.52826218,-0.5287476449,-0.4634480061,0.4673888394,-0.4614038668,0.7031060563,0.6567692559,0.4943581264,0.4313458554,0.07429601816
26.04,11.5127672,-0.5254409246,-0.4637444668,0.4707018473,-0.4617123205,0.7008188751,0.6593470224,0.4911470958,0.434738496,0.07411440827
26.075,11.49731383,-0.5221446357,-0.4640190318,0.4740065257,-0.4619969734,0.6985332364,0.6619088984,0.4879486824,0.4381233898,0.07392792774
26.11,11.48190188,-0.5188592508,-0.4642718406,0.4773020881,-0.4622581657,0.6962494266,0.6644545846,0.4847632641,0.441499895,0.07373684086
26.145,11.46653119,-0.5155851805,-0.4645030011,0.4805877906,-0.4624962293,0.6939676623,0.6669837978,0.4815911164,0.4448673865,0.07354149711
26.18,11.4512016,-0.5123227651,-0.4647125914,0.4838629473,-0.4627114902,0.691688086,0.6694962845,0.4784324083,0.4482252749,0.0733423168
26.215,11.43591295,-0.5090722674,-0.4649006629,0.4871269449,-0.462904271,0.6894107628,0.6719918337,0.4752871998,0.4515730245,0.07313977565
26.25,11.42066507,-0.5058338664,-0.4650672433,0.4903792542,-0.4630748934,0.6871356789,0.6744702884,0.4721554412,0.4549101699,0.0729343889
26.2525,11.41957749,-0.5056030178,-0.4650783198,0.4906111027,-0.4630862414,0.6869732566,0.6746466639,0.4719322552,0.4551481211,0.07291962368
26.285,11.40545779,-0.5026076528,-0.4652123397,0.4936194407,-0.4632236809,0.6848627407,0.6769315555,0.4690369736,0.4582363308,0.07272669559
26.32,11.39029096,-0.4993936257,-0.4653359419,0.4968471713,-0.4633509604,0.6825917757,0.6793756135,0.4659315323,0.4615512242,0.07251724357
26.355,11.37516441,-0.4961916906,-0.465438026,0.5000622195,-0.4634570648,0.6803225337,0.6818025185,0.4628387498,0.4648546743,0.07230657588
26.39,11.36007798,-0.4930016587,-0.4655185569,0.5032644671,-0.4635423333,0.6780546897,0.6842124075,0.4597581623,0.4681466186,0.0720952191
26.425,11.34503152,-0.4898232484,-0.4655774909,0.5064539034,-0.4636071126,0.6757878474,0.6866054989,0.4566892147,0.4714271111,0.07188367416
26.46,11.33002487,-0.4866560881,-0.4656147772,0.5096306212,-0.4636517561,0.6735215429,0.6889820905,0.4536312688,0.474696321,0.07167241018
26.495,11.31505786,-0.4834997207,-0.4656303578,0.5127948109,-0.4636766227,0.6712552495,0.6913425551,0.45058361,0.4779545285,0.07146186143
26.53,11.30013034,-0.4803536105,-0.4656241669,0.5159467509,-0.4636820748,0.6689883825,0.6936873332,0.447545456,0.4812021163,0.07125242779
26.565,11.28524216,-0.4772171527,-0.4655961272,0.5190867969,-0.4636684748,0.6667203045,0.6960169231,0.4445159645,0.4844395573,0.07104447823
26.6,11.27039316,-0.474089686,-0.465546145,0.5222153688,-0.463636181,0.6644503319,0.6983318694,0.4414942435,0.4876673998,0.07083835673
26.635,11.25558318,-0.4709705101,-0.4654741034,0.5253329357,-0.4635855425,0.6621777422,0.7006327486,0.4384793623,0.4908862485,0.07063438923
26.67,11.24081207,-0.4678589076,-0.4653798547,0.5284400004,-0.4635168927,0.6599017856,0.7029201547,0.4354703666,0.4940967439,0.07043288945
26.705,11.22607969,-0.4647541739,-0.4652632133,0.5315370834,-0.4634305433,0.6576216996,0.705194682,0.4324662998,0.4972995395,0.0702341607
26.74,11.21138586,-0.4616556529,-0.4651239523,0.5346247054,-0.4633267763,0.6553367324,0.7074569084,0.4294662328,0.5004952772,0.07003848995
26.775,11.19673046,-0.4585627801,-0.4649618075,0.5377033722,-0.4632058364,0.6530461743,0.7097073787,0.4264693057,0.5036845634,0.06984613089
26.81,11.18211332,-0.455475129,-0.4647764937,0.5407735585,-0.463067924,0.6507494005,0.7119465877,0.4234747822,0.5068679438,0.069657274
26.845,11.16753429,-0.4523924543,-0.4645677361,0.5438356943,-0.4629131868,0.6484459223,0.7141749652,0.4204821142,0.5100458809,0.06947200495
26.88,11.15299323,-0.4493147242,-0.4643353185,0.5468901526,-0.4627417136,0.646135442,0.7163928619,0.4174910093,0.5132187325,0.0692902581
26.915,11.13848999,-0.446242131,-0.4640791422,0.5499372392,-0.4625535282,0.6438179011,0.7186005382,0.4145014897,0.5163867335,0.06911177679
26.95,11.12402442,-0.4431750727,-0.4637992873,0.5529771846,-0.4623485848,0.6414935104,0.7207981552,0.4115139239,0.5195499805,0.06893609559
26.985,11.10959637,-0.4401141045,-0.4634960581,0.5560101393,-0.4621267652,0.6391627499,0.7229857689,0.4085290208,0.522708422,0.06876255711
27.02,11.0952057,-0.4370598703,-0.4631700014,0.559036171,-0.461887878,0.6368263346,0.725163328,0.4055477804,0.5258618523,0.06859036732
27.055,11.08085226,-0.4340130282,-0.4628218883,0.5620552651,-0.4616316601,0.6344851526,0.7273306749,0.4025714089,0.5290099106,0.06841868049
27.09,11.06653592,-0.4309741909,-0.4624526628,0.5650673275,-0.4613577811,0.632140189,0.7294875508,0.3996012185,0.5321520868,0.06824669468
27.125,11.05225652,-0.4279438916,-0.462063372,0.5680721899,-0.46106585,0.6297924532,0.7316336043,0.3966385341,0.535287731,0.06807373494
27.16,11.03801392,-0.4249225803,-0.4616550923,0.5710696168,-0.4607554257,0.6274429245,0.7337684032,0.3936846235,0.5384160695,0.06789930699
27.195,11.02380798,-0.4219106437,-0.461228868,0.5740593147,-0.4604260294,0.6250925211,0.7358914494,0.3907406599,0.5415362253,0.06772311478
27.23,11.00963856,-0.4189084379,-0.4607856693,0.577040942,-0.4600771602,0.6227420913,0.7380021965,0.3878077123,0.5446472421,0.0675450456
27.265,10.99550552,-0.4159163227,-0.4603263704,0.5800141194,-0.4597083137,0.62039242,0.7401000691,0.3848867547,0.5477481123,0.06736513294
27.3,10.98140872,-0.4129346898,-0.4598517442,0.5829784402,-0.4593190011,0.6180442417,0.7421844828,0.3819786847,0.5508378065,0.06718350879
27.335,10.96734802,-0.40996398,-0.4593624672,0.5859334803,-0.4589087712,0.6156982549,0.7442548647,0.3790843411,0.5539153037,0.06700035517
27.37,10.95332327,-0.4070046891,-0.458859129,0.5888788067,-0.4584772322,0.6133551314,0.7463106735,0.3762045172,0.5569796214,0.06681586139
27.405,10.93933436,-0.4040573651,-0.4583422431,0.5918139843,-0.4580240729,0.6110155204,0.748351417,0.3733399661,0.5600298434,0.06663019047
27.44,10.92538112,-0.4011225973,-0.4578122562,0.5947385812,-0.4575490839,0.6086800473,0.7503766681,0.3704914,0.5630651441,0.06644345589
27.475,10.91146344,-0.3982010011,-0.4572695543,0.5976521716,-0.4570521751,0.6063493074,0.7523860771,0.3676594826,0.566084809,0.06625570848
27.51,10.89758117,-0.3952931999,-0.4567144669,0.600554337,-0.4565333913,0.6040238557,0.7543793801,0.3648448182,0.5690882491,0.06606693269
27.545,10.88373418,-0.3923998065,-0.4561472688,0.6034446651,-0.4559929232,0.6017041956,0.756356404,0.362047939,0.5720750099,0.06587705108
27.58,10.86992234,-0.3895214039,-0.4555681798,0.6063227479,-0.4554311133,0.5993907662,0.7583170667,0.3592692906,0.5750447736,0.06568593584
27.615,10.8561455,-0.3866585276,-0.4549773638,0.6091881782,-0.4548484572,0.5970839292,0.7602613731,0.3565092186,0.5779973554,0.06549342601
27.65,10.84240354,-0.3838116496,-0.4543749272,0.6120405465,-0.4542455984,0.5947839581,0.7621894084,0.3537679568,0.5809326942,0.06529934891
27.685,10.82869633,-0.3809811637,-0.4537609175,0.6148794382,-0.4536233181,0.5924910272,0.7641013272,0.3510456174,0.5838508382,0.06510354441
27.72,10.81502374,-0.3781673736,-0.4531353222,0.6177044316,-0.4529825189,0.5902052039,0.7659973415,0.3483421827,0.5867519272,0.06490589008
27.755,10.80138562,-0.3753704836,-0.4524980678,0.6205150984,-0.452324204,0.5879264421,0.767877707,0.3456575013,0.5896361729,0.06470632575
27.79,10.78778186,-0.372590591,-0.4518490209,0.6233110063,-0.4516494521,0.5856545792,0.7697427091,0.3429912862,0.5925038382,0.06450487559
27.825,10.77421233,-0.3698276822,-0.4511879888,0.6260917245,-0.450959389,0.5833893347,0.7715926503,0.3403431158,0.595355218,0.0643016662
27.86,10.76067688,-0.3670816307,-0.4505147228,0.6288568316,-0.4502551579,0.5811303116,0.7734278388,0.337712439,0.5981906219,0.06409693912
27.895,10.74717541,-0.364352198,-0.449828921,0.6316059274,-0.4495378886,0.578877001,0.77524858,0.3350985823,0.6010103608,0.06389105686
27.93,10.73370777,-0.3616390374,-0.4491302337,0.634338646,-0.4488086678,0.5766287889,0.7770551706,0.3325007602,0.6038147381,0.06368450166
27.965,10.72027384,-0.3589417001,-0.4484182692,0.6370546714,-0.4480685114,0.5743849651,0.7788478961,0.3299180882,0.6066040452,0.0634778666
28,10.7068735,-0.3562596434,-0.4476926003,0.639753754,-0.4473183395,0.5721447351,0.7806270317,0.3273495979,0.6093785626,0.06327183953
28.035,10.69350662,-0.3535922417,-0.4469527731,0.6424357272,-0.4465589562,0.5699072335,0.7823928457,0.3247942548,0.6121385649,0.06306718031
28.07,10.68017307,-0.350938799,-0.446198315,0.6451005234,-0.4457910333,0.5676715397,0.7841456055,0.3222509769,0.6148843306,0.06286469247
28.105,10.66687273,-0.3482985633,-0.4454287447,0.6477481877,-0.4450150994,0.5654366948,0.7858855854,0.3197186558,0.6176161533,0.06266519081
28.14,10.65360547,-0.3456707425,-0.4446435824,0.6503788891,-0.4442315348,0.5632017201,0.787613075,0.3171961776,0.6203343558,0.06246946658
28.175,10.64037118,-0.3430545208,-0.44384236,0.6529929279,-0.4434405703,0.5609656361,0.7893283874,0.3146824448,0.6230393032,0.06227825193
28.21,10.62716973,-0.340449077,-0.4430246323,0.6555907389,-0.4426422919,0.5587274818,0.7910318675,0.3121763989,0.6257314154,0.06209218568
28.245,10.61400099,-0.3378536017,-0.4421899874,0.6581728898,-0.4418366488,0.5564863351,0.7927238971,0.3096770411,0.6284111771,0.06191178184
28.28,10.60086485,-0.3352673153,-0.4413380576,0.6607400745,-0.4410234659,0.5542413317,0.794404899,0.3071834538,0.6310791435,0.06173740273
28.315,10.58776119,-0.3326894859,-0.4404685295,0.6632931017,-0.4402024578,0.5519916843,0.7960753373,0.3046948195,0.6337359427,0.06156923777
28.35,10.57468988,-0.330119445,-0.439581154,0.6658328788,-0.4393732463,0.5497366997,0.7977357157,0.302210439,0.6363822721,0.06140728896
28.385,10.5616508,-0.3275566038,-0.4386757545,0.6683603912,-0.4385353776,0.5474757952,0.799386571,0.2997297463,0.6390188899,0.06125136381
28.42,10.54864384,-0.3250004663,-0.4377522353,0.6708766784,-0.4376883411,0.5452085129,0.8010284649,0.2972523226,0.6416466016,0.06110107582
28.455,10.53566888,-0.3224506418,-0.4368105877,0.6733828077,-0.4368315875,0.5429345319,0.8026619721,0.2947779059,0.6442662415,0.06095585256
28.49,10.5227258,-0.3199068546,-0.4358508957,0.6758798448,-0.4359645462,0.5406536774,0.8042876663,0.2923063989,0.6468786501,0.06081495093
28.525,10.50981448,-0.3173689514,-0.4348733394,0.6783688252,-0.4350866413,0.5383659282,0.805906104,0.2898378726,0.6494846484,0.06067747893
28.56,10.4969348,-0.3148369062,-0.433878197,0.6808507239,-0.4341973069,0.53607142,0.8075178076,0.2873725674,0.6520850095,0.06054242308
28.595,10.48408666,-0.3123108229,-0.4328658452,0.6833264276,-0.4332959993,0.5337704469,0.8091232475,0.28491089,0.6546804297,0.06040868028
28.63,10.47126993,-0.3097909345,-0.4318367571,0.6857967082,-0.4323822083,0.5314634586,0.8107228251,0.2824534079,0.6572714991,0.06027509306
28.665,10.45848449,-0.3072775999,-0.4307914992,0.6882621989,-0.4314554666,0.5291510551,0.8123168557,0.2800008392,0.6598586741,0.06014048672
28.7,10.44573024,-0.3047712982,-0.4297307255,0.6907233743,-0.4305153567,0.5268339783,0.8139055548,0.2775540407,0.6624422521,0.06000370721
28.735,10.43300706,-0.3022726197,-0.4286551708,0.6931805345,-0.4295615162,0.5245131,0.8154890249,0.275113992,0.6650223497,0.05986365828
28.77,10.42031484,-0.2997822554,-0.4275656406,0.6956337939,-0.4285936424,0.5221894079,0.8170672467,0.2726817777,0.6675988856,0.05971933675
28.805,10.40765346,-0.2973009837,-0.4264630014,0.6980830747,-0.4276114939,0.5198639884,0.8186400729,0.2702585665,0.6701715689,0.05956986464
28.84,10.39502282,-0.2948296549,-0.4253481679,0.7005281055,-0.4266148927,0.5175380076,0.8202072259,0.2678455894,0.6727398934,0.05941451729
28.875,10.38242279,-0.292369175,-0.4242220896,0.7029684261,-0.4256037238,0.5152126898,0.8217682994,0.2654441158,0.6753031378,0.0592527464
28.91,10.36985327,-0.2899204875,-0.423085736,0.7054033957,-0.4245779348,0.5128892951,0.8233227639,0.263055429,0.6778603735,0.05908419748
28.945,10.35731415,-0.2874845542,-0.4219400815,0.7078322074,-0.4235375352,0.5105690955,0.8248699762,0.2606808013,0.6804104776,0.05890872114
28.98,10.34480531,-0.2850623362,-0.4207860893,0.7102539063,-0.4224825939,0.5082533507,0.8264091926,0.2583214685,0.6829521536,0.05872637793
29.015,10.33232666,-0.2826547741,-0.4196246952,0.7126674121,-0.4214132379,0.5059432835,0.8279395855,0.2559786061,0.6854839573,0.05853743663
29.05,10.31987807,-0.2802627687,-0.4184567915,0.7150715444,-0.4203296495,0.5036400559,0.829460263,0.2536533059,0.6880043279,0.05834236621
29.085,10.30745945,-0.2778871628,-0.4172832118,0.7174650518,-0.4192320643,0.5013447457,0.8309702908,0.2513465541,0.6905116242,0.05814182167
29.12,10.29507067,-0.2755287233,-0.4161047153,0.7198466417,-0.418120768,0.4990583247,0.8324687167,0.2490592115,0.6930041642,0.0579366243
29.155,10.28271164,-0.2731881253,-0.4149219739,0.7222150124,-0.4169960942,0.4967816384,0.8339545951,0.2467919963,0.6954802667,0.05772773703
29.19,10.27038225,-0.2708659382,-0.4137355593,0.7245688847,-0.4158584208,0.4945153885,0.8354270135,0.2445454695,0.6979382948,0.0575162357
29.225,10.2580824,-0.268562613,-0.412545932,0.7269070337,-0.4147081673,0.4922601173,0.8368851174,0.2423200231,0.7003766998,0.0573032771
29.26,10.24581196,-0.2662784728,-0.411353433,0.7292283193,-0.4135457914,0.4900161956,0.8383281358,0.2401158719,0.7027940632,0.05709006485
29.295,10.23357085,-0.2640137054,-0.4101582764,0.731531714,-0.4123717849,0.4877838131,0.8397554034,0.2379330483,0.7051891376,0.05687781408
29.33,10.22135895,-0.2617683587,-0.4089605453,0.7338163292,-0.4111866701,0.4855629735,0.8411663823,0.2357714012,0.7075608827,0.05666771606
29.365,10.20917616,-0.2595423388,-0.4077601895,0.7360814373,-0.4099909951,0.4833534915,0.8425606794,0.2336305977,0.7099084984,0.05646090386
29.4,10.19702238,-0.2573354111,-0.4065570261,0.7383264899,-0.408785329,0.4811549951,0.843938061,0.2315101293,0.7122314509,0.05625841986
29.435,10.1848975,-0.2551472041,-0.4053507424,0.7405511321,-0.4075702569,0.4789669302,0.8452984642,0.2294093202,0.7145294935,0.05606118629
29.47,10.17280143,-0.2529772162,-0.4041409017,0.7427552121,-0.4063463735,0.4767885698,0.8466420024,0.2273273403,0.7168026803,0.05586997941
29.505,10.16073405,-0.2508248246,-0.4029269507,0.7449387852,-0.4051142775,0.4746190264,0.8479689685,0.2252632203,0.7190513715,0.0556854082
29.54,10.14869526,-0.2486892975,-0.401708231,0.7471021137,-0.4038745648,0.4724572674,0.8492798317,0.2232158695,0.7212762325,0.05550789802
29.575,10.13668497,-0.2465698075,-0.4004839908,0.7492456613,-0.4026278213,0.4703021336,0.8505752309,0.2211840969,0.7234782234,0.05533767968
29.61,10.12470307,-0.2444654481,-0.3992534006,0.7513700824,-0.4013746155,0.4681523611,0.8518559635,0.2191666332,0.7256585826,0.05517478419
29.645,10.11274947,-0.2423752508,-0.398015569,0.7534762073,-0.4001154915,0.4660066044,0.8531229697,0.2171621553,0.7278188014,0.05501904324
29.68,10.10082406,-0.2402982039,-0.3967695614,0.7555650231,-0.3988509607,0.4638634622,0.854377313,0.2151693116,0.729960593,0.05487009539
29.715,10.08892674,-0.2382332724,-0.395514419,0.7576376506,-0.3975814948,0.4617215045,0.8556201579,0.2131867477,0.7320858546,0.05472739765
29.75,10.07705741,-0.2361794181,-0.3942491793,0.759695318,-0.3963075178,0.4595792999,0.856852744,0.2112131329,0.7341966249,0.05459024222
29.785,10.06521598,-0.2341356193,-0.3929728966,0.7617393322,-0.3950293994,0.4574354443,0.8580763583,0.2092471857,0.7362950366,0.05445777768
29.82,10.05340235,-0.232100891,-0.3916846629,0.7637710484,-0.3937474478,0.4552885885,0.8592923059,0.2072876988,0.738383267,0.05432903423
29.855,10.04161641,-0.2300743038,-0.3903836284,0.7657918379,-0.3924619043,0.4531374654,0.8605018799,0.2053335626,0.7404634853,0.05420295215
29.89,10.02985808,-0.2280550013,-0.3890690209,0.7678030564,-0.3911729377,0.450980916,0.8617063309,0.2033837866,0.7425378007,0.05407841268
29.925,10.01812725,-0.2260422162,-0.3877401651,0.7698060123,-0.3898806405,0.4488179131,0.8629068376,0.2014375191,0.7446082103,0.05395427058
29.96,10.00642383,-0.2240352847,-0.3863964988,0.7718019355,-0.3885850254,0.4466475827,0.8641044784,0.1994940631,0.7466765496,0.05382938729
29.995,9.994747725,-0.2220336581,-0.3850375888,0.7737919495,-0.3872860244,0.4444692229,0.8653002056,0.1975528901,0.7487444458,0.05370266407
30.03,9.983098834,-0.2200369118,-0.3836631429,0.7757770449,-0.3859834877,0.4422823191,0.8664948218,0.1956136498,0.7508132762,0.05357307403
30.065,9.971477066,-0.2180447526,-0.3822730207,0.7777580564,-0.3846771854,0.4400865557,0.86768896,0.1936761765,0.7528841313,0.05343969216
30.1,9.959882326,-0.2160570219,-0.3808672403,0.7797356438,-0.3833668106,0.4378818236,0.8688830679,0.1917404915,0.7549577858,0.05330172276
30.135,9.948314518,-0.2140736965,-0.379445983,0.7817102769,-0.3820519836,0.4356682242,0.8700773961,0.1898068016,0.7570346752,0.05315852325
30.17,9.93677355,-0.2120948871,-0.3780095936,0.783682225,-0.3807322582,0.4334460681,0.8712719909,0.187875494,0.7591148822,0.05300962385
30.205,9.925259328,-0.2101208327,-0.376558578,0.7856515513,-0.3794071302,0.4312158705,0.8724666931,0.185947127,0.7611981305,0.05285474249
30.24,9.913771759,-0.2081518935,-0.3750935976,0.7876181126,-0.3780760459,0.4289783418,0.8736611402,0.1840224177,0.7632837878,0.05269379446
30.275,9.902310751,-0.2061885409,-0.3736154594,0.7895815632,-0.3767384142,0.4267343739,0.8748547751,0.1821022259,0.7653708776,0.05252689654
30.31,9.890876212,-0.2042313447,-0.3721251039,0.7915413642,-0.375393618,0.4244850234,0.8760468593,0.1801875351,0.7674580996,0.05235436526
30.345,9.879468051,-0.2022809592,-0.3706235896,0.7934967978,-0.3740410282,0.4222314905,0.8772364898,0.1782794316,0.769543859,0.05217670945
30.38,9.868086175,-0.2003381071,-0.3691120741,0.7954469857,-0.3726800177,0.419975095,0.8784226219,0.1763790804,0.7716263026,0.05199461696
30.415,9.856730495,-0.1984035628,-0.3675917942,0.7973909109,-0.3713099761,0.41771725,0.8796040945,0.1744877009,0.7737033631,0.05180893599
30.45,9.84540092,-0.1964781336,-0.3660640426,0.7993274441,-0.3699303251,0.4154594328,0.8807796593,0.1726065403,0.7757728083,0.05162065142
30.485,9.834097359,-0.1945626422,-0.3645301435,0.8012553723,-0.3685405329,0.413203155,0.8819480121,0.1707368473,0.777832296,0.0514308567
30.52,9.822819725,-0.1926579074,-0.3629914278,0.8031734293,-0.3671401293,0.4109499311,0.8831078258,0.1688798459,0.779879432,0.05124072206
30.555,9.811567927,-0.1907647262,-0.3614492064,0.8050803283,-0.3657287186,0.4087012473,0.8842577851,0.1670367096,0.7819118305,0.05105145989
30.59,9.800341876,-0.1888838567,-0.3599047448,0.8069747945,-0.3643059923,0.40645853,0.8853966201,0.1652085366,0.783927175,0.05086428839
30.625,9.789141486,-0.1870160009,-0.3583592373,0.8088555981,-0.3628717398,0.404223116,0.8865231402,0.1633963275,0.7859232781,0.05068039438
30.66,9.777966667,-0.1851617904,-0.3568137825,0.8107215855,-0.3614258571,0.4019962239,0.8876362653,0.161600964,0.7878981395,0.05050089651
30.695,9.766817332,-0.1833217728,-0.3552693606,0.8125717098,-0.3599683533,0.3997789276,0.8887350556,0.159823191,0.789849999,0.05032681003
30.73,9.755693394,-0.1814964004,-0.3537268122,0.8144050575,-0.3584993545,0.3975721331,0.8898187371,0.158063601,0.7917773848,0.05015901414
30.765,9.744594767,-0.1796860208,-0.3521868205,0.8162208725,-0.3570191054,0.3953765579,0.8908867236,0.1563226226,0.7936791543,0.04999822318
30.8,9.733521364,-0.1778908703,-0.3506498949,0.8180185766,-0.3555279671,0.3931927142,0.8919386341,0.1546005105,0.7955545271,0.04984496239
30.835,9.722473099,-0.1761110696,-0.3491163596,0.8197977846,-0.3540264137,0.3910208964,0.8929743049,0.1528973414,0.7974031092,0.04969954939
30.87,9.711449887,-0.1743466216,-0.3475863444,0.821558315,-0.3525150237,0.3888611723,0.8939937958,0.1512130113,0.7992249069,0.0495620818
30.905,9.700451642,-0.1725974124,-0.3460597797,0.8233001955,-0.3509944707,0.3867133795,0.8949973913,0.1495472379,0.8010203304,0.04943243171
30.94,9.689478281,-0.170863214,-0.3445363954,0.8250236629,-0.3494655102,0.3845771257,0.8959855954,0.1478995656,0.8027901872,0.04931024719
30.975,9.678529718,-0.1691436909,-0.3430157236,0.8267291575,-0.3479289645,0.3824517941,0.8969591207,0.1462693748,0.8045356642,0.04919496098
31.01,9.667605869,-0.167438407,-0.3414971056,0.8284173126,-0.3463857051,0.3803365527,0.8979188719,0.1446558933,0.8062583005,0.04908580616
31.045,9.656706652,-0.1657468365,-0.3399797024,0.8300889383,-0.3448366342,0.3782303688,0.8988659242,0.1430582119,0.8079599497,0.04898183843
31.08,9.645831982,-0.1640683757,-0.3384625089,0.8317450009,-0.3432826636,0.3761320271,0.8998014968,0.1414753018,0.8096427337,0.04888196442
31.115,9.634981777,-0.1624023563,-0.336944372,0.8333865987,-0.3417246944,0.3740401518,0.9007269229,0.1399060351,0.8113089896,0.04878497526
31.15,9.624155955,-0.1607480611,-0.3354240115,0.8350149327,-0.3401635948,0.3719532318,0.9016436153,0.1383492066,0.812961209,0.04868958433
31.185,9.613354433,-0.1591047395,-0.3339000443,0.8366312764,-0.3386001793,0.3698696496,0.9025530312,0.1368035577,0.8146019741,0.04859446817
31.22,9.60257713,-0.1574716244,-0.3323710106,0.8382369423,-0.3370351881,0.3677877121,0.903456634,0.1352678012,0.8162338895,0.04849830932
31.255,9.591823964,-0.1558479489,-0.3308354024,0.8398332476,-0.335469268,0.3657056831,0.9043558557,0.1337406467,0.8178595137,0.04839983969
31.29,9.581094855,-0.1542329635,-0.3292916931,0.8414214801,-0.3339029552,0.3636218175,0.9052520592,0.1322208262,0.8194812906,0.04829788319
31.325,9.570389721,-0.152625952,-0.3277383684,0.8430028641,-0.3323366599,0.3615343958,0.9061465027,0.1307071194,0.8211014843,0.0481913963
31.36,9.559708482,-0.1510262468,-0.3261739574,0.8445785288,-0.3307706543,0.3594417584,0.9070403062,0.1291983777,0.8227221171,0.04807950519
31.395,9.549051059,-0.1494332434,-0.3245970628,0.8461494788,-0.3292050636,0.3573423392,0.9079344218,0.1276935474,0.8243449144,0.04796153826
31.43,9.538417372,-0.1478464124,-0.3230063909,0.8477165675,-0.3276398601,0.3552346974,0.9088296082,0.1261916902,0.8259712568,0.04783705295
31.465,9.527807341,-0.1462653107,-0.3214007796,0.8492804759,-0.3260748614,0.3531175474,0.9097264105,0.1246920023,0.8276021419,0.04770585586
31.5,9.517220889,-0.1446895894,-0.3197792242,0.8508416943,-0.3245097321,0.3509897855,0.9106251452,0.1231938295,0.829238155,0.04756801542
31.535,9.506657936,-0.1431190002,-0.3181409005,0.8524005114,-0.3229439903,0.3488505135,0.9115258925,0.1216966808,0.8308794528,0.04742386646
31.57,9.496118404,-0.1415533993,-0.3164851842,0.8539570073,-0.3213770165,0.3466990578,0.9124284942,0.1202002367,0.832525757,0.04727400632
31.605,9.485602215,-0.1399927485,-0.3148116675,0.8555110529,-0.3198080679,0.3445349846,0.9133325583,0.1187043556,0.834176362,0.04711928234
31.64,9.475109292,-0.138437114,-0.31312017,0.8570623163,-0.3182362954,0.3423581098,0.9142374712,0.1172090754,0.8358301538,0.04696077083
31.675,9.464639558,-0.1368866627,-0.3114107463,0.8586102734,-0.3166607635,0.3401685044,0.9151424156,0.1157146114,0.8374856408,0.04679974781
31.71,9.454192936,-0.1353416569,-0.3096836885,0.8601542257,-0.3150804738,0.3379664939,0.9160463945,0.114221351,0.8391409969,0.04663765211
31.745,9.44376935,-0.1338024454,-0.3079395234,0.8616933221,-0.3134943901,0.3357526537,0.9169482613,0.1127298445,0.8407941139,0.04647604159
31.78,9.433368722,-0.1322694549,-0.3061790052,0.8632265869,-0.3119014654,0.3335277978,0.9178467543,0.1112407919,0.8424426644,0.04631654367
31.815,9.422990979,-0.1307431778,-0.3044031036,0.8647529504,-0.3103006697,0.331292964,0.9187405351,0.109755028,0.8440841708,0.04616080123
31.85,9.412636044,-0.1292241603,-0.3026129869,0.8662712834,-0.308691018,0.3290493937,0.9196282298,0.1082735035,0.845716081,0.04601041557
31.885,9.402303842,-0.127712989,-0.3008100012,0.867780434,-0.3070715978,0.3267985073,0.9205084724,0.1067972644,0.8473358477,0.04586688787
31.92,9.391994298,-0.1262102767,-0.2989956453,0.8692792653,-0.3054415951,0.3245418768,0.9213799483,0.1053274298,0.8489410091,0.04573156106
31.955,9.381707338,-0.1247166486,-0.2971715426,0.8707666935,-0.3038003183,0.3222811943,0.9222414369,0.1038651682,0.8505292679,0.0456055639
31.99,9.371442888,-0.1232327285,-0.2953394106,0.8722417244,-0.3021472194,0.3200182383,0.9230918524,0.1024116728,0.852098568,0.0454897592
32.025,9.361200874,-0.1217591244,-0.2935010272,0.8737034884,-0.3004819111,0.3177548384,0.9239302812,0.1009681373,0.8536471645,0.04538469813
32.06,9.350981223,-0.1202964167,-0.2916581966,0.8751512714,-0.2988041806,0.3154928391,0.9247560144,0.0995357315,0.8551736862,0.04529058233
32.095,9.34078386,-0.1188451455,-0.2898127138,0.8765845418,-0.2971139979,0.3132340622,0.9255685748,0.09811557769,0.8566771867,0.04520723565
32.13,9.330608715,-0.1174058001,-0.2879663295,0.8780029717,-0.2954115195,0.3109802708,0.9263677371,0.09670872884,0.8581571843,0.04513408691
32.165,9.320455713,-0.1159788095,-0.2861207154,0.8794064522,-0.293697087,0.308733134,0.9271535401,0.09531614801,0.859613687,0.04507016498
32.2,9.310324783,-0.1145645344,-0.2842774306,0.8807951009,-0.2919712195,0.3064941926,0.9279262917,0.09393869008,0.8610472029,0.04501410704
32.235,9.300215852,-0.1131632608,-0.2824378909,0.8821692633,-0.2902346025,0.3042648284,0.9286865637,0.09257708582,0.8624587336,0.04496418057
32.27,9.29012885,-0.1117751954,-0.2806033398,0.8835295048,-0.2884880696,0.3020462359,0.9294351791,0.09123192863,0.8638497522,0.04491831916
32.305,9.280063705,-0.1104004621,-0.2787748233,0.8848765963,-0.2867325817,0.2998393972,0.9301731903,0.08990366412,0.865222164,0.04487417184
32.34,9.270020346,-0.1090391011,-0.2769531677,0.8862114912,-0.2849692004,0.2976450615,0.9309018489,0.08859258266,0.8665782523,0.04482916508
32.375,9.259998703,-0.107691069,-0.2751389624,0.8875352958,-0.2831990597,0.2954637287,0.9316225678,0.08729881499,0.8679206088,0.04478057621
32.41,9.249998704,-0.1063562406,-0.2733325466,0.8888492334,-0.2814233341,0.2932956374,0.9323368772,0.08602233092,0.8692520526,0.04472561649
32.445,9.24002028,-0.1050344126,-0.271534,0.8901546018,-0.2796432051,0.2911407581,0.9330463746,0.08476294101,0.8705755372,0.04466152176
32.48,9.230063362,-0.1037253089,-0.26974314,0.8914527282,-0.2778598281,0.2889987912,0.9337526711,0.08352030129,0.8718940507,0.04458564799
32.515,9.220127879,-0.1024285864,-0.267959522,0.8927449199,-0.2760742984,0.2868691701,0.9344573346,0.08229392077,0.8732105102,0.04449556904
32.55,9.210213763,-0.1011438431,-0.2661824461,0.8940324137,-0.2742876197,0.2847510695,0.9351618336,0.0810831716,0.874527655,0.04438917342
32.585,9.200320945,-0.09987062651,-0.2644109674,0.8953163263,-0.2725006741,0.282643418,0.9358674807,0.07988730171,0.8758479415,0.04426475683
32.62,9.190449356,-0.09860844362,-0.262643912,0.896597606,-0.2707141964,0.2805449156,0.9365753804,0.07870544968,0.8771734432,0.04412110716
32.655,9.180598928,-0.09735677092,-0.260879897,0.8978769883,-0.268928752,0.2784540563,0.9372863809,0.0775366615,0.8785057598,0.04395757868
32.69,9.170769593,-0.09611506528,-0.2591173542,0.8991549574,-0.26714472,0.2763691535,0.9380010335,0.07637990902,0.8798459388,0.0437741522
32.725,9.160961283,-0.09488277501,-0.2573545583,0.9004317138,-0.2653622819,0.2742883695,0.9387195598,0.07523410967,0.8811944119,0.04357147844
32.76,9.151173932,-0.09365935085,-0.2555896576,0.901707152,-0.2635814164,0.2722097483,0.9394418295,0.07409814708,0.882550951,0.04335090188
32.795,9.141407471,-0.09244425671,-0.2538207079,0.9029808468,-0.2618019002,0.2701312502,0.9401673492,0.07297089235,0.8839146446,0.04311446309
32.83,9.131661834,-0.0912369799,-0.2520457079,0.9042520512,-0.2600233153,0.2680507888,0.9408952633,0.07185122536,0.8852838966,0.04286487809
32.865,9.121936954,-0.09003704057,-0.2502626365,0.9055197061,-0.2582450626,0.2659662684,0.9416243681,0.07073805592,0.8866564505,0.04260549354
32.9,9.112232766,-0.08884400008,-0.2484694908,0.906782462,-0.2564663807,0.2638756226,0.9423531386,0.06963034421,0.8880294378,0.04234021798
32.935,9.102549203,-0.08765746824,-0.2466643233,0.9080387125,-0.2546863701,0.2617768518,0.9430797689,0.06852712013,0.8893994505,0.04207342934
32.97,9.0928862,-0.08647710905,-0.2448452794,0.9092866403,-0.2529040213,0.2596680597,0.9438022241,0.06742750121,0.8907626383,0.04180986049
33.005,9.08324369,-0.08530264485,-0.2430106323,0.9105242736,-0.2511182464,0.2575474881,0.9445183039,0.06633070862,0.8921148264,0.04155446493
33.04,9.07362161,-0.08413385894,-0.2411588165,0.9117495519,-0.2493279121,0.255413549,0.9452257154,0.065236081,0.8934516531,0.04131226592
33.075,9.064019894,-0.08297059637,-0.2392884575,0.9129604003,-0.2475318741,0.2532648529,0.9459221539,0.06414308574,0.8947687213,0.04108819298
33.11,9.054438478,-0.08181276307,-0.2373983979,0.9141548094,-0.2457290098,0.2511002341,0.9466053886,0.06305132755,0.8960617617,0.0408869107
33.145,9.044877297,-0.08066032341,-0.23548772,0.9153309173,-0.2439182499,0.24891877,0.9472733506,0.06196055404,0.8973268008,0.04071264517
33.18,9.035336287,-0.07951329615,-0.2335557619,0.9164870937,-0.2420986052,0.2467197969,0.9479242204,0.0608706582,0.8985603276,0.04056901421
33.215,9.025815385,-0.07837174914,-0.2316021302,0.9176220196,-0.2402691901,0.2445029198,0.948556511,0.05978167777,0.8997594545,0.04045886772
33.25,9.016314526,-0.07723579282,-0.2296267054,0.9187347613,-0.2384292392,0.2422680159,0.9491691439,0.05869379151,0.9009220638,0.04038414473
33.285,9.006833649,-0.07610557289,-0.2276296426,0.9198248354,-0.2365781183,0.2400152337,0.9497615142,0.05760731242,0.9020469339,0.04034575369
33.32,8.997372689,-0.07498126232,-0.2256113662,0.92089226,-0.234715328,0.2377449857,0.9503335413,0.05652267825,0.9031338397,0.04034348204
33.355,8.987931584,-0.07386305305,-0.2235725579,0.9219375909,-0.2328405001,0.2354579352,0.9508857029,0.05544043927,0.9041836199,0.0403759408
33.39,8.978510273,-0.07275114759,-0.2215141407,0.9229619386,-0.2309533878,0.2331549785,0.9514190493,0.05436124399,0.9051982074,0.04044054864
33.425,8.969108691,-0.07164575089,-0.2194372557,0.9239669648,-0.2290538495,0.2308372215,0.9519351964,0.05328582281,0.9061806181,0.04053355908
33.46,8.959726778,-0.07054706255,-0.2173432362,0.9249548567,-0.2271418276,0.2285059526,0.9524362954,0.05221497035,0.9071348968,0.04065013287
33.495,8.950364472,-0.06945526982,-0.2152335757,0.9259282772,-0.2252173234,0.226162611,0.9529249799,0.05114952663,0.9080660174,0.040784456
33.53,8.941021712,-0.06837054131,-0.2131098938,0.9268902934,-0.223280371,0.2238087527,0.9534042899,0.05009035777,0.9089797401,0.04092990217
33.565,8.931698436,-0.0672930217,-0.2109738982,0.9278442817,-0.22133101,0.2214460126,0.9538775744,0.04903833648,0.909882427,0.0410792365
33.6,8.922394583,-0.06622282756,-0.2088273452,0.9287938141,-0.2193692608,0.2190760666,0.9543483754,0.04799432297,0.9107808216,0.04122485543
33.635,8.913110094,-0.06516004419,-0.206671999,0.9297425268,-0.2173951042,0.2167005919,0.9548202959,0.04695914654,0.9116817976,0.04135905591
33.67,8.903844906,-0.06410472364,-0.2045095908,0.9306939771,-0.2154084667,0.214321227,0.9552968578,0.04593358833,0.9125920865,0.04147432514
33.705,8.894598962,-0.06305688377,-0.2023417778,0.9316514916,-0.2134092128,0.2119395329,0.9557813525,0.04491836562,0.9135179939,0.04156364052
33.74,8.885372199,-0.06201650843,-0.2001701041,0.9326180138,-0.2113971478,0.2095569562,0.9562766931,0.04391411791,0.9144651138,0.04162076829
33.775,8.87616456,-0.0609835486,-0.1979959641,0.9335959568,-0.2093720286,0.2071747934,0.9567852722,0.04292139501,0.915438057,0.04164054797
33.81,8.866975983,-0.05995792452,-0.1958205681,0.9345870677,-0.2073335855,0.2047941591,0.9573088336,0.04194064759,0.9164402028,0.04161914959
33.845,8.857806412,-0.0589395286,-0.193644912,0.9355923119,-0.2052815529,0.2024159578,0.9578483648,0.04097221996,0.91747349,0.04155429006
33.88,8.848655785,-0.05792822924,-0.1914697518,0.9366117845,-0.2032157074,0.2000408599,0.9584040163,0.04001634562,0.9185382585,0.04144539586
33.915,8.839524045,-0.05692387532,-0.1892955828,0.9376446553,-0.2011359122,0.1976692825,0.9589750543,0.03907314525,0.9196331548,0.04129369997
33.95,8.830411134,-0.0559263014,-0.1871226238,0.9386891535,-0.1990421633,0.1953013762,0.959559852,0.03814262753,0.9207551096,0.04110226289
33.985,8.821316993,-0.05493533365,-0.1849508084,0.9397425966,-0.1969346332,0.1929370167,0.9601559236,0.03722469241,0.9218993977,0.04087590991
34.02,8.812241564,-0.05395079625,-0.1827797818,0.9408014676,-0.1948137098,0.1905758039,0.9607600028,0.03631913704,0.923059783,0.04062108
34.055,8.803184789,-0.05297251854,-0.1806089045,0.9418615395,-0.1926800218,0.1882170664,0.9613681659,0.03542566409,0.9242287503,0.04034558558
34.09,8.794146612,-0.05200034262,-0.1784372628,0.9429180477,-0.1905344485,0.185859873,0.961975998,0.03454389239,0.9253978207,0.04005828694
34.125,8.785126974,-0.05103413139,-0.1762636861,0.9439659046,-0.1883781071,0.1835030507,0.9625787969,0.0336733696,0.9265579403,0.03976869014
34.16,8.77612582,-0.05007377713,-0.1740867704,0.9449999498,-0.1862123132,0.1811452091,0.9631718075,0.03281358679,0.9276999308,0.03948648244
34.195,8.767143091,-0.04911921028,-0.1719049088,0.9460152254,-0.1840385133,0.1787847714,0.9637504765,0.0319639945,0.928814981,0.03922102449
34.23,8.758178732,-0.04817040842,-0.1697163275,0.9470072631,-0.181858186,0.1764200104,0.9643107155,0.03112402006,0.9298951561,0.03898082383
34.265,8.749232686,-0.04722740527,-0.1675191268,0.9479723688,-0.1796727152,0.1740490897,0.9648491574,0.03029308564,0.9309338966,0.03877301778
34.3,8.740304898,-0.04629029948,-0.1653113272,0.9489078859,-0.1774832383,0.1716701101,0.9653633905,0.02947062671,0.9319264757,0.03860289755
34.335,8.731395311,-0.04535926289,-0.163090918,0.9498124192,-0.1752904783,0.1692811574,0.965852154,0.02865611026,0.9328703834,0.03847350636
34.37,8.72250387,-0.04443454815,-0.160855908,0.9506860014,-0.1730945701,0.1668803529,0.9663154782,0.02784905219,0.9337656034,0.03838534445
34.405,8.713630519,-0.04351649522,-0.158604376,0.9515301832,-0.1708948956,0.1644659036,0.9667547543,0.02704903345,0.9346147549,0.03833621161
34.44,8.704775203,-0.04260553649,-0.1563345197,0.9523480323,-0.1686899461,0.1620361497,0.9671727212,0.0262557138,0.9354230726,0.03832121358
34.475,8.695937868,-0.04170220016,-0.1540446992,0.9531440268,-0.1664772315,0.1595896076,0.9675733587,0.02546884286,0.9361982045,0.0383329526
34.51,8.687118458,-0.0408071115,-0.1517334734,0.9539238361,-0.1642532579,0.1571250053,0.967961682,0.0246882673,0.9369498179,0.03836191481
34.545,8.67831692,-0.03992099155,-0.1493996244,0.9546939838,-0.1620135975,0.1546413054,0.9683434352,0.02391393332,0.9376890085,0.0383970582
34.58,8.669533198,-0.03904465276,-0.1470421661,0.9554613952,-0.1597530724,0.1521377123,0.9687246883,0.02314588351,0.9384275218,0.03842659472
34.615,8.66076724,-0.03817899094,-0.1446603309,0.9562328371,-0.1574660731,0.1496136581,0.969111347,0.02238424669,0.9391768029,0.03843895046
34.65,8.65201899,-0.03732497267,-0.1422535268,0.9570142646,-0.1551470303,0.1470687576,0.9695085887,0.02162921947,0.9399469036,0.03842387692
34.685,8.643288396,-0.03648361669,-0.139821255,0.9578100959,-0.152791052,0.1445027253,0.9699202469,0.02088103762,0.9407452854,0.03837367696
34.72,8.634575403,-0.03565596749,-0.1373629741,0.9586224436,-0.1503947358,0.1419152376,0.9703481674,0.02013993467,0.941575566,0.03828449934
34.755,8.62587996,-0.03484305754,-0.1348778909,0.9594503367,-0.1479571543,0.1393057218,0.9707915678,0.01940608412,0.9424362681,0.03815764775
34.79,8.617202012,-0.03404585322,-0.1323646458,0.960288974,-0.1454810063,0.136673039,0.9712464347,0.01867951959,0.9433196369,0.03800084353
34.825,8.608541508,-0.03326517588,-0.1298208456,0.9611290544,-0.1429739131,0.1340150136,0.9717049959,0.01796002387,0.944210599,0.03782937713
34.86,8.599898394,-0.0325015842,-0.1272423636,0.9619562309,-0.1404498253,0.1313277277,0.9721553084,0.01724697206,0.9450859436,0.0376670843
34.895,8.591272618,-0.031755195,-0.1246222719,0.9627507387,-0.1379304953,0.1286044442,0.9725810025,0.01653910307,0.9459138064,0.0375470905
34.93,8.582664128,-0.03102540294,-0.1219491649,0.9634872394,-0.1354469481,0.1258339162,0.9729612203,0.01583417446,0.9466535362,0.03751228938
34.965,8.574072873,-0.0303104306,-0.1192044232,0.9641349192,-0.133040873,0.1229976289,0.9732707826,0.01512841672,0.9472560163,0.03761556697
35,8.5654988,-0.02960658394,-0.1163575308,0.9646578626,-0.1307658424,0.1200650856,0.9734806096,0.01441562478,0.9476644973,0.03791987788
