lam_um,f_THz,side,n1,n2,kz_rad_per_um,Re_S_TE,Im_S_TE,Re_S_TM,Im_S_TM,power
29.9792458,10,trans,0,0,0.2095845022,-1.586996419e-15,7.707645097e-16,0.9562300987,0.1920335263,0.9512528768
29.9792458,10,refl,0,0,0.2095845022,-1.265857096e-15,1.168173968e-15,-0.04794114939,0.1983293855,0.04163289897
29.24804468,10.25,trans,0,0,0.2148241148,-1.735549663e-15,8.292850232e-16,0.9499548668,0.2024970672,0.9434193112
29.24804468,10.25,refl,0,0,0.2148241148,-1.412988993e-15,1.234875857e-15,-0.05357870137,0.2100855877,0.04700663142
28.55166267,10.5,trans,0,0,0.2200637273,-1.689989817e-15,8.624125298e-16,0.9447662105,0.2113585961,0.9372556487
28.55166267,10.5,refl,0,0,0.2200637273,-1.38832015e-15,1.248259535e-15,-0.05826310053,0.2197982068,0.05170584061
27.88767051,10.75,trans,0,0,0.2253033399,-1.628760742e-15,9.061181439e-16,0.9404549011,0.2188644404,0.9323570643
27.88767051,10.75,refl,0,0,0.2253033399,-1.325441369e-15,1.256613203e-15,-0.06217243615,0.2279263618,0.0558158382
27.25385982,11,trans,0,0,0.2305429524,-1.53684315e-15,8.873282206e-16,0.9369126608,0.2252607305,0.9285477307
27.25385982,11,refl,0,0,0.2305429524,-1.261472613e-15,1.194035225e-15,-0.06537257915,0.2348242221,0.05941598939
26.64821849,11.25,trans,0,0,0.235782565,-1.497634948e-15,8.900209404e-16,0.9303162488,0.2355249922,0.9209603447
26.64821849,11.25,refl,0,0,0.235782565,-1.243939674e-15,1.088760388e-15,-0.07120610195,0.2438975232,0.0645563108
26.06890939,11.5,trans,0,0,0.2410221775,-1.702942785e-15,8.363537365e-16,0.9248012165,0.2444073283,0.9149922322
26.06890939,11.5,refl,0,0,0.2410221775,-1.452644745e-15,9.167915261e-16,-0.07607027001,0.2516800952,0.06912955632
25.51425174,11.75,trans,0,0,0.2462617901,-1.829405651e-15,7.358948742e-16,0.9203124186,0.2521257388,0.910542336
25.51425174,11.75,refl,0,0,0.2462617901,-1.594559039e-15,7.187819767e-16,-0.08001247648,0.2584064202,0.07317587437
24.98270483,12,trans,0,0,0.2515014026,-1.629784993e-15,8.024174741e-16,0.9167591144,0.2588584152,0.907454953
24.98270483,12,refl,0,0,0.2515014026,-1.378369562e-15,6.979583309e-16,-0.083109045,0.2642528723,0.0767366939
24.47285371,12.25,trans,0,0,0.2567410152,-1.644843718e-15,7.482604489e-16,0.9115175343,0.2677421221,0.9025500593
24.47285371,12.25,refl,0,0,0.2567410152,-1.412950764e-15,5.946120421e-16,-0.08777584177,0.2714373333,0.0813828243
23.98339664,12.5,trans,0,0,0.2619806277,-1.589013187e-15,7.643212741e-16,0.9072497148,0.27562841,0.8990730654
23.98339664,12.5,refl,0,0,0.2619806277,-1.334975342e-15,5.81824471e-16,-0.09159108374,0.2777881119,0.08555516176
23.51313396,12.75,trans,0,0,0.2672202403,-1.472603692e-15,7.388432991e-16,0.9038168358,0.2826902984,0.8967986775
23.51313396,12.75,refl,0,0,0.2672202403,-1.220082356e-15,5.326702247e-16,-0.0946624634,0.2834683665,0.08931529679
23.06095831,13,trans,0,0,0.2724598529,-1.407189787e-15,7.225913602e-16,0.9010996351,0.2890780197,0.8955466538
23.06095831,13,refl,0,0,0.2724598529,-1.148514505e-15,4.835683339e-16,-0.09708735742,0.2886125091,0.0927231354
22.62584589,13.25,trans,0,0,0.2776994654,-1.440786329e-15,6.662159464e-16,0.8945893998,0.2968710326,0.8884226043
22.62584589,13.25,refl,0,0,0.2776994654,-1.140296811e-15,4.876800586e-16,-0.1035223571,0.2969977182,0.09892452301
22.20684874,13.5,trans,0,0,0.282939078,-1.390444219e-15,6.55497926e-16,0.8890268482,0.3041562099,0.8828797369
22.20684874,13.5,refl,0,0,0.282939078,-1.089812354e-15,5.335728965e-16,-0.1090257726,0.3047892363,0.1047830977
21.80308785,13.75,trans,0,0,0.2881786905,-1.152957668e-15,6.596271111e-16,0.8842580612,0.3110985779,0.8786946439
21.80308785,13.75,refl,0,0,0.2881786905,-8.793081399e-16,5.896462778e-16,-0.1137458767,0.3121740733,0.1103907765
21.413747,14,trans,0,0,0.2934183031,-1.239737866e-15,6.311176281e-16,0.8801443412,0.3178433824,0.8756784771
21.413747,14,refl,0,0,0.2934183031,-9.950613459e-16,5.820967549e-16,-0.1178155684,0.3193101484,0.115839479
21.03806723,14.25,trans,0,0,0.2986579156,-9.756736264e-16,6.520531767e-16,0.868582803,0.3259380342,0.8606716878
21.03806723,14.25,refl,0,0,0.2986579156,-7.72563817e-16,6.429530152e-16,-0.1296413997,0.330463527,0.1260130352
20.67534193,14.5,trans,0,0,0.3038975282,-1.029336048e-15,6.165121124e-16,0.8580150205,0.3340759379,0.8477965077
20.67534193,14.5,refl,0,0,0.3038975282,-7.899509173e-16,6.067930823e-16,-0.1404888755,0.3414386482,0.1363174746
20.32491241,14.75,trans,0,0,0.3091371407,-9.906174793e-16,6.155294302e-16,0.8480802643,0.3425004342,0.8365466821
20.32491241,14.75,refl,0,0,0.3091371407,-7.997108079e-16,6.187849785e-16,-0.150688078,0.3525062178,0.1469675304
19.98616387,15,trans,0,0,0.3143767533,-9.412860227e-16,6.339948345e-16,0.8383685831,0.351500902,0.8264147651
19.98616387,15,refl,0,0,0.3143767533,-7.226586467e-16,6.583856142e-16,-0.1606250865,0.3639815312,0.1582829735
19.65852184,15.25,trans,0,0,0.3196163658,-1.09760463e-15,4.9519445e-16,0.8164932493,0.3616377849,0.7974431137
19.65852184,15.25,refl,0,0,0.3196163658,-8.887978047e-16,4.804988212e-16,-0.183170534,0.3770852989,0.1757447671
19.3414489,15.5,trans,0,0,0.3248559784,-1.648895787e-15,3.52414786e-16,0.792763991,0.3728725571,0.7675086892
19.3414489,15.5,refl,0,0,0.3248559784,-1.40602401e-15,3.253787075e-16,-0.2075979438,0.3911718213,0.1961123001
19.03444178,15.75,trans,0,0,0.330095591,-1.486384545e-15,2.864171778e-16,0.7643245174,0.3857678783,0.7330088238
19.03444178,15.75,refl,0,0,0.330095591,-1.260932276e-15,3.06338917e-16,-0.2368077967,0.4069232877,0.2216644946
18.73702863,16,trans,0,0,0.3353352035,-1.63491159e-15,3.504232112e-16,0.7249850105,0.4008509748,0.6862847694
18.73702863,16,refl,0,0,0.3353352035,-1.369123135e-15,3.757837857e-16,-0.2771198753,0.4250647287,0.2574754489
18.44876665,16.25,trans,0,0,0.3405748161,-1.752375602e-15,-4.769982264e-16,0.634939814,0.401427526,0.564292626
18.44876665,16.25,refl,0,0,0.3405748161,-1.449921195e-15,-4.465413586e-16,-0.3694480492,0.4269980966,0.3188192355
18.16923988,16.5,trans,0,0,0.3458144286,1.066659963e-15,-3.093161584e-15,0.4578226521,0.3041222356,0.3020919149
18.16923988,16.5,refl,0,0,0.3458144286,1.610663433e-15,-2.880270443e-15,-0.5534838564,0.3306310255,0.4156612543
17.89805719,16.75,trans,0,0,0.3510540412,-4.789690277e-15,5.725292952e-15,0.6237753144,-0.1330468322,0.4067971024
17.89805719,16.75,refl,0,0,0.3510540412,-5.624453949e-15,6.156441921e-15,-0.3937763934,-0.1225930896,0.1700889136
17.63485047,17,trans,0,0,0.3562936537,-1.577274009e-15,-1.34232426e-15,0.9291913895,0.09223519283,0.8719039691
17.63485047,17,refl,0,0,0.3562936537,-1.714622451e-15,-1.79326387e-15,-0.07513257266,0.1004378833,0.01573267188
17.37927293,17.25,trans,0,0,0.3615332663,-4.735496682e-16,1.69245693e-16,0.9054641696,0.238929936,0.8769528767
17.37927293,17.25,refl,0,0,0.3615332663,-3.264038339e-16,-1.314594715e-16,-0.09599589985,0.2499878566,0.07170914125
17.1309976,17.5,trans,0,0,0.3667728788,-5.242861977e-16,6.108504846e-16,0.8702401267,0.3003839807,0.8475484139
17.1309976,17.5,refl,0,0,0.3667728788,-2.38494511e-16,3.620749588e-16,-0.1305422245,0.3118369735,0.1142835704
16.88971594,17.75,trans,0,0,0.3720124914,-8.997197614e-16,9.252563185e-16,0.8409292925,0.3359559404,0.820028469
16.88971594,17.75,refl,0,0,0.3720124914,-5.830050216e-16,7.265094701e-16,-0.1595726638,0.3468927811,0.1457980366
16.65513656,18,trans,0,0,0.377252104,-1.247058746e-15,9.917257957e-16,0.8159591975,0.3616411926,0.7965737642
16.65513656,18,refl,0,0,0.377252104,-8.939075216e-16,8.092308144e-16,-0.1843690759,0.3716747756,0.172134095
16.426984,18.25,trans,0,0,0.3824917165,-1.423245183e-15,4.97503989e-16,0.7861701337,0.3792389041,0.7618856255
16.426984,18.25,refl,0,0,0.3824917165,-1.114914675e-15,4.416237993e-16,-0.2148267946,0.392558089,0.2002524049
16.20499773,18.5,trans,0,0,0.3877313291,-1.686374718e-15,2.6211108e-16,0.7557619628,0.3957942584,0.7278292394
16.20499773,18.5,refl,0,0,0.3877313291,-1.398921864e-15,2.907133372e-16,-0.2458763229,0.4118210996,0.2300517842
15.98893109,18.75,trans,0,0,0.3929709416,-1.089876233e-15,-1.755295441e-15,0.699673911,0.4103285731,0.6579131197
15.98893109,18.75,trans,-1,0,0.01461479345,-3.636254167e-16,-2.044639046e-16,0.03740852061,0.0603135457,0.005037121209
15.98893109,18.75,trans,0,-1,0.01461479345,-0.02579310246,0.04504486798,1.021377403e-11,5.135382593e-12,0.002694324265
15.98893109,18.75,trans,0,1,0.01461479345,-0.02579310246,0.04504486798,-1.020567798e-11,-5.131715122e-12,0.002694324265
15.98893109,18.75,trans,1,0,0.01461479345,-2.820677071e-16,-3.788825834e-16,0.03740852061,0.06031354569,0.005037121208
15.98893109,18.75,refl,0,0,0.3929709416,-8.395350715e-16,-1.560921479e-15,-0.3028278779,0.4276272374,0.2745697778
15.98893109,18.75,refl,-1,0,0.01461479345,-2.28634116e-16,-2.203018712e-16,-0.03722498661,-0.01371914851,0.001573914664
15.98893109,18.75,refl,0,-1,0.01461479345,-0.02730653793,0.04114259818,1.45805701e-11,4.840440487e-12,0.002438360399
15.98893109,18.75,refl,0,1,0.01461479345,-0.02730653793,0.04114259818,-1.457379883e-11,-4.832918126e-12,0.002438360399
15.98893109,18.75,refl,1,0,0.01461479345,-6.643457361e-17,-4.061578404e-16,-0.03722498662,-0.01371914852,0.001573914665
15.77855042,19,trans,0,0,0.3982105542,-1.997375643e-15,-1.159789298e-15,0.6828458574,0.3826980872,0.612736291
15.77855042,19,trans,-1,0,0.06602330411,-1.008271797e-15,1.102059955e-16,0.03552385044,0.1065223598,0.01260895708
15.77855042,19,trans,0,-1,0.06602330411,-0.04273879943,0.09235834641,1.558922097e-12,1.514391262e-12,0.01035666913
15.77855042,19,trans,0,1,0.06602330411,-0.04273879943,0.09235834641,-1.556214651e-12,-1.513408361e-12,0.01035666913
15.77855042,19,trans,1,0,0.06602330411,-8.249571453e-16,7.822548616e-17,0.03552385044,0.1065223598,0.01260895708
15.77855042,19,refl,0,0,0.3982105542,-1.728338611e-15,-9.72104639e-16,-0.3193702628,0.4024857526,0.2639921458
15.77855042,19,refl,-1,0,0.06602330411,-9.576418398e-16,-2.019492887e-17,-0.04350905209,-0.0882626115,0.009683326203
15.77855042,19,refl,0,-1,0.06602330411,-0.04396005399,0.0859882946,1.152506523e-11,1.610619296e-12,0.009326473155
15.77855042,19,refl,0,1,0.06602330411,-0.04396005399,0.0859882946,-1.152348732e-11,-1.604230882e-12,0.009326473155
15.77855042,19,refl,1,0,0.06602330411,-6.335441732e-16,-2.34929209e-17,-0.0435090521,-0.08826261151,0.009683326205
15.57363418,19.25,trans,0,0,0.4034501667,-1.22664108e-15,-1.17007755e-15,0.6707530791,0.369820569,0.5866769463
15.57363418,19.25,trans,-1,0,0.09251739439,-7.420842875e-16,-1.625133694e-16,0.01365791572,0.1241467128,0.01559894497
15.57363418,19.25,trans,0,-1,0.09251739439,-0.04615363607,0.1020662857,5.837072557e-13,1.418739324e-12,0.0125476848
15.57363418,19.25,trans,0,1,0.09251739439,-0.04615363607,0.1020662857,-5.812021323e-13,-1.41830764e-12,0.0125476848
15.57363418,19.25,trans,1,0,0.09251739439,-6.395642012e-16,-1.913503442e-17,0.01365791572,0.1241467128,0.01559894497
15.57363418,19.25,refl,0,0,0.4034501667,-1.080684763e-15,-8.738451288e-16,-0.3312158606,0.3887707592,0.2608466495
15.57363418,19.25,refl,-1,0,0.09251739439,-8.005989155e-16,-2.244760589e-16,-0.02002402486,-0.1080687485,0.01207981597
15.57363418,19.25,refl,0,-1,0.09251739439,-0.04674464637,0.09562852573,1.224603143e-11,2.488547137e-12,0.0113298769
15.57363418,19.25,refl,0,1,0.09251739439,-0.04674464637,0.09562852573,-1.224529177e-11,-2.483074524e-12,0.0113298769
15.57363418,19.25,refl,1,0,0.09251739439,-5.66915935e-16,-4.639947128e-17,-0.02002402487,-0.1080687485,0.01207981597
15.37397221,19.5,trans,0,0,0.4086897793,-1.095720819e-15,-1.170283502e-15,0.6603718772,0.3640961199,0.5686570008
15.37397221,19.5,trans,-1,0,0.1132023274,-7.50426842e-16,-3.875944044e-16,-0.007523034009,0.1321335172,0.01751586241
15.37397221,19.5,trans,0,-1,0.1132023274,-0.04880162358,0.1070103991,6.370106147e-14,1.239349971e-12,0.01383282399
15.37397221,19.5,trans,0,1,0.1132023274,-0.04880162358,0.1070103991,-6.152747149e-14,-1.23882482e-12,0.01383282399
15.37397221,19.5,trans,1,0,0.1132023274,-7.464310234e-16,-1.730537575e-16,-0.007523034006,0.1321335172,0.01751586241
15.37397221,19.5,refl,0,0,0.4086897793,-9.761699133e-16,-8.078027723e-16,-0.3414143108,0.3820622005,0.2625352567
15.37397221,19.5,refl,-1,0,0.1132023274,-8.215645216e-16,-3.44238259e-16,0.002479968387,-0.1163198372,0.01353645477
15.37397221,19.5,refl,0,-1,0.1132023274,-0.04903335592,0.1008203182,1.281534559e-11,3.367777971e-12,0.01256900655
15.37397221,19.5,refl,0,1,0.1132023274,-0.04903335592,0.1008203182,-1.281471708e-11,-3.363239156e-12,0.01256900655
15.37397221,19.5,refl,1,0,0.1132023274,-7.179759515e-16,-1.030134144e-16,0.002479968381,-0.1163198372,0.01353645477
15.17936496,19.75,trans,0,0,0.4139293918,-9.296200342e-16,-1.128263733e-15,0.6504784467,0.3621114935,0.5542469433
15.17936496,19.75,trans,-1,0,0.1308624188,-4.554296332e-16,-4.020089084e-16,-0.02714425192,0.1356850418,0.01914724098
15.17936496,19.75,trans,0,-1,0.1308624188,-0.05167655576,0.1104663447,-3.250415559e-13,9.877971254e-13,0.01487327973
15.17936496,19.75,trans,0,1,0.1308624188,-0.05167655576,0.1104663447,3.271411589e-13,-9.874269442e-13,0.01487327973
15.17936496,19.75,trans,1,0,0.1308624188,-6.617651111e-16,-1.487990923e-16,-0.02714425192,0.1356850418,0.01914724098
15.17936496,19.75,refl,0,0,0.4139293918,-8.625271022e-16,-6.778026758e-16,-0.3511035138,0.3790397865,0.2669448371
15.17936496,19.75,refl,-1,0,0.1308624188,-5.090160893e-16,-2.132133272e-16,0.02319388824,-0.1196890324,0.01486342092
15.17936496,19.75,refl,0,-1,0.1308624188,-0.05176436102,0.1045835794,1.322978478e-11,4.192286184e-12,0.01361727415
15.17936496,19.75,refl,0,1,0.1308624188,-0.05176436102,0.1045835794,-1.322932721e-11,-4.188111156e-12,0.01361727415
15.17936496,19.75,refl,1,0,0.1308624188,-5.700604543e-16,5.288209806e-17,0.02319388823,-0.1196890324,0.01486342092
14.9896229,20,trans,0,0,0.4191690044,-7.844547834e-16,-1.292727711e-15,0.6409073743,0.3623361862,0.5420497743
14.9896229,20,trans,-1,0,0.1465949708,-3.410206559e-16,-6.960498953e-16,-0.04581139709,0.1369044693,0.02084151783
14.9896229,20,trans,0,-1,0.1465949708,-0.05501379892,0.1133744252,-6.723042707e-13,6.850511536e-13,0.01588027836
14.9896229,20,trans,0,1,0.1465949708,-0.05501379892,0.1133744252,6.742683176e-13,-6.845411029e-13,0.01588027836
14.9896229,20,trans,1,0,0.1465949708,-6.155069423e-16,-4.486076021e-16,-0.04581139709,0.1369044693,0.02084151783
14.9896229,20,refl,0,0,0.4191690044,-7.727028226e-16,-7.805800511e-16,-0.3604243588,0.3782259539,0.2729605906
14.9896229,20,refl,-1,0,0.1465949708,-3.327742868e-16,-3.504194679e-16,0.04281582682,-0.120685942,0.01639829161
14.9896229,20,refl,0,-1,0.1465949708,-0.05511193482,0.1077955565,1.351506407e-11,4.952241672e-12,0.01465720737
14.9896229,20,refl,0,1,0.1465949708,-0.05511193482,0.1077955565,-1.351464909e-11,-4.948594475e-12,0.01465720737
14.9896229,20,refl,1,0,0.1465949708,-5.323773952e-16,-1.098406123e-16,0.04281582681,-0.120685942,0.01639829161
14.80456583,20.25,trans,0,0,0.4244086169,-1.042768818e-15,-7.224535038e-16,0.6278998209,0.3594850276,0.5234876701
14.80456583,20.25,trans,-1,0,0.1609661622,-8.44881778e-17,-5.497728731e-16,-0.06582411262,0.1263988777,0.02030949009
14.80456583,20.25,trans,0,-1,0.1609661622,-0.06012078383,0.1104608223,-3.055765636e-12,1.795143143e-13,0.01581610192
14.80456583,20.25,trans,0,1,0.1609661622,-0.06012078383,0.1104608223,3.05730786e-12,-1.796802638e-13,0.01581610192
14.80456583,20.25,trans,1,0,0.1609661622,-4.381774718e-16,-3.895523905e-16,-0.06582411261,0.1263988777,0.02030949009
14.80456583,20.25,refl,0,0,0.4244086169,-9.408915358e-16,-4.367340928e-16,-0.372717214,0.3748057857,0.2793974986
14.80456583,20.25,refl,-1,0,0.1609661622,-1.653300742e-16,-3.309959902e-16,0.06436165426,-0.1169175382,0.01781213327
14.80456583,20.25,refl,0,-1,0.1609661622,-0.05984618159,0.1062926079,1.210403147e-11,3.679669537e-12,0.01487968395
14.80456583,20.25,refl,0,1,0.1609661622,-0.05984618159,0.1062926079,-1.210397983e-11,-3.676790126e-12,0.01487968395
14.80456583,20.25,refl,1,0,0.1609661622,-4.466694693e-16,-1.784039121e-16,0.06436165425,-0.1169175382,0.01781213327
14.62402234,20.5,trans,0,0,0.4296482295,-8.517723139e-16,-2.432455657e-16,0.6159382531,0.3586746552,0.5080274399
14.62402234,20.5,trans,-1,0,0.1743130298,-8.181331917e-17,-2.447610088e-16,-0.08477163763,0.1138317623,0.02014390066
14.62402234,20.5,trans,0,-1,0.1743130298,-0.06574017191,0.1073325515,-5.028903858e-12,-1.020704955e-13,0.01584204681
14.62402234,20.5,trans,0,1,0.1743130298,-0.06574017191,0.1073325515,5.029445059e-12,1.024566972e-13,0.01584204681
14.62402234,20.5,trans,1,0,0.1743130298,-4.185718777e-16,-2.176709554e-16,-0.08477163762,0.1138317623,0.02014390066
14.62402234,20.5,refl,0,0,0.4296482295,-7.512112172e-16,-3.16858227e-17,-0.3840139924,0.3734775603,0.2869522344
14.62402234,20.5,refl,-1,0,0.1743130298,-1.448650224e-16,-1.209207647e-16,0.08418061845,-0.1093492627,0.01904363777
14.62402234,20.5,refl,0,-1,0.1743130298,-0.0653004864,0.1045900561,1.100054836e-11,2.636578111e-12,0.01520323337
14.62402234,20.5,refl,0,1,0.1743130298,-0.0653004864,0.1045900561,-1.099995844e-11,-2.635407077e-12,0.01520323337
14.62402234,20.5,refl,1,0,0.1743130298,-4.285524237e-16,-9.82665095e-17,0.08418061844,-0.1093492627,0.01904363777
14.4478293,20.75,trans,0,0,0.4348878421,-1.158528413e-15,-4.402525125e-16,0.6055103582,0.3599040425,0.4961737137
14.4478293,20.75,trans,-1,0,0.1868552017,-2.327118779e-16,-2.34934851e-16,-0.1031752941,0.0982060214,0.02028956396
14.4478293,20.75,trans,0,-1,0.1868552017,-0.07159949702,0.1036003183,-6.673680699e-12,-2.192452239e-13,0.01585951392
14.4478293,20.75,trans,0,1,0.1868552017,-0.07159949702,0.1036003183,6.674445199e-12,2.189110198e-13,0.01585951392
14.4478293,20.75,trans,1,0,0.1868552017,-5.248631318e-16,-3.194212442e-16,-0.1031752941,0.0982060214,0.02028956395
14.4478293,20.75,refl,0,0,0.4348878421,-9.936272724e-16,-3.638801188e-16,-0.3938478586,0.3742215738,0.295157922
14.4478293,20.75,refl,-1,0,0.1868552017,-2.87775069e-16,-2.138991129e-16,0.1028702412,-0.09748926231,0.02008644279
14.4478293,20.75,refl,0,-1,0.1868552017,-0.07116109138,0.1022902215,1.01348456e-11,1.779175981e-12,0.01552719034
14.4478293,20.75,refl,0,1,0.1868552017,-0.07116109138,0.1022902215,-1.01347332e-11,-1.778225888e-12,0.01552719034
14.4478293,20.75,refl,1,0,0.1868552017,-5.325918873e-16,-2.850342519e-16,0.1028702412,-0.09748926231,0.02008644279
14.27583133,21,trans,0,0,0.4401274546,-1.63201646e-15,-2.612233984e-16,0.5972652863,0.3638128859,0.4890856382
14.27583133,21,trans,-1,0,0.1987450818,-1.791786298e-16,-3.967891849e-17,-0.120774098,0.07765800465,0.02061714843
14.27583133,21,trans,0,-1,0.1987450818,-0.07715875101,0.0986389651,-8.051228167e-12,-2.117615004e-13,0.01568311829
14.27583133,21,trans,0,1,0.1987450818,-0.07715875101,0.0986389651,8.051992791e-12,2.107864953e-13,0.01568311829
14.27583133,21,trans,1,0,0.1987450818,-4.186626742e-16,-2.197979039e-16,-0.120774098,0.07765800464,0.02061714843
14.27583133,21,refl,0,0,0.4401274546,-1.459149024e-15,-2.821039709e-16,-0.401591961,0.3776443253,0.3038913395
14.27583133,21,refl,-1,0,0.1987450818,-2.040162836e-16,-6.192037305e-17,0.1201852504,-0.0797949995,0.02081173636
14.27583133,21,refl,0,-1,0.1987450818,-0.07687264342,0.09876377026,9.457893045e-12,1.072941237e-12,0.01566368562
14.27583133,21,refl,0,1,0.1987450818,-0.07687264342,0.09876377026,-9.45787847e-12,-1.072061676e-12,0.01566368562
14.27583133,21,refl,1,0,0.1987450818,-4.003257397e-16,-2.092904521e-16,0.1201852504,-0.0797949995,0.02081173636
14.10788038,21.25,trans,0,0,0.4453670672,-1.335562533e-15,-1.572856044e-16,0.585866077,0.3688397985,0.4792818572
14.10788038,21.25,trans,-1,0,0.2100934453,-1.238190669e-16,-3.629213224e-17,-0.1231538778,0.04922003803,0.01758948977
14.10788038,21.25,trans,0,-1,0.2100934453,-0.07779149946,0.09242807941,-8.595024319e-12,-2.507441229e-13,0.01459446725
14.10788038,21.25,trans,0,1,0.2100934453,-0.07779149946,0.09242807941,8.595309541e-12,2.496914668e-13,0.01459446725
14.10788038,21.25,trans,1,0,0.2100934453,-1.961689365e-16,-1.646428324e-16,-0.1231538778,0.04922003803,0.01758948977
14.10788038,21.25,refl,0,0,0.4453670672,-1.179295669e-15,-7.968930942e-17,-0.4127245696,0.3828836264,0.3169414417
14.10788038,21.25,refl,-1,0,0.2100934453,-1.231549482e-16,-6.619700546e-17,0.1223665752,-0.05134006973,0.01760938148
14.10788038,21.25,refl,0,-1,0.2100934453,-0.07775029946,0.09243716327,9.941153156e-12,1.199357653e-12,0.01458973822
14.10788038,21.25,refl,0,1,0.2100934453,-0.07775029946,0.09243716327,-9.940666357e-12,-1.198429669e-12,0.01458973822
14.10788038,21.25,refl,1,0,0.2100934453,-1.666156555e-16,-1.560678884e-16,0.1223665752,-0.05134006973,0.01760938148
13.94383526,21.5,trans,0,0,0.4506066797,-1.219235392e-15,-6.307954657e-16,0.572289065,0.3792372414,0.4713356591
13.94383526,21.5,trans,-1,0,0.2209837348,-4.319447548e-16,1.495272558e-16,-0.1158830475,0.0175109153,0.01373551285
13.94383526,21.5,trans,0,-1,0.2209837348,-0.07599830799,0.0858194771,-9.095251024e-12,-2.878415139e-13,0.01314072547
13.94383526,21.5,trans,0,1,0.2209837348,-0.07599830799,0.0858194771,9.096487427e-12,2.864018176e-13,0.01314072547
13.94383526,21.5,trans,1,0,0.2209837348,-3.744544256e-16,9.156906915e-17,-0.1158830475,0.0175109153,0.01373551285
13.94383526,21.5,refl,0,0,0.4506066797,-1.099921959e-15,-5.669454506e-16,-0.4260398955,0.3935039606,0.3363553596
13.94383526,21.5,refl,-1,0,0.2209837348,-4.070360217e-16,1.295403835e-16,0.1149242223,-0.01968716434,0.01359516132
13.94383526,21.5,refl,0,-1,0.2209837348,-0.07626696728,0.08567430617,1.039733857e-11,1.309151579e-12,0.01315673704
13.94383526,21.5,refl,0,1,0.2209837348,-0.07626696728,0.08567430617,-1.039781506e-11,-1.307863711e-12,0.01315673704
13.94383526,21.5,refl,1,0,0.2209837348,-3.325156797e-16,1.053053652e-16,0.1149242223,-0.01968716434,0.01359516132
13.78356129,21.75,trans,0,0,0.4558462923,-6.772842049e-16,-8.796688706e-16,0.5526004846,0.39576052,0.4619936848
13.78356129,21.75,trans,-1,0,0.2314806113,-1.026648668e-15,-9.272886146e-18,-0.09274327543,-0.01253799652,0.008758516495
13.78356129,21.75,trans,0,-1,0.2314806113,-0.06974775742,0.08090339944,-9.557080697e-12,-3.213652151e-13,0.01141010971
13.78356129,21.75,trans,0,1,0.2314806113,-0.06974775742,0.08090339944,9.559077208e-12,3.20665417e-13,0.01141010971
13.78356129,21.75,trans,1,0,0.2314806113,-9.261744306e-16,5.423560153e-17,-0.09274327542,-0.01253799652,0.008758516492
13.78356129,21.75,refl,0,0,0.4558462923,-5.6766431e-16,-7.881829756e-16,-0.4454791994,0.4102671395,0.3667708429
13.78356129,21.75,refl,-1,0,0.2314806113,-9.854598015e-16,-5.283388618e-18,0.09166877382,0.01024713228,0.008508167814
13.78356129,21.75,refl,0,-1,0.2314806113,-0.07037208899,0.08049049001,1.082846703e-11,1.402808599e-12,0.01143094989
13.78356129,21.75,refl,0,1,0.2314806113,-0.07037208899,0.08049049001,-1.082971294e-11,-1.402263566e-12,0.01143094989
13.78356129,21.75,refl,1,0,0.2314806113,-8.781566945e-16,7.964618488e-17,0.0916687738,0.01024713228,0.008508167811
13.62692991,22,trans,0,0,0.4610859048,6.18813451e-17,-8.59339197e-16,0.5209156291,0.4148660994,0.4434669731
13.62692991,22,trans,-1,0,0.241635351,-1.219417945e-15,-3.904447379e-16,-0.05161802001,-0.02739304376,0.003414798836
13.62692991,22,trans,0,-1,0.241635351,-0.05887350068,0.08241575043,-9.984527369e-12,-3.510916222e-13,0.010258445
13.62692991,22,trans,0,1,0.241635351,-0.05887350068,0.08241575043,9.986930028e-12,3.513372709e-13,0.010258445
13.62692991,22,trans,1,0,0.241635351,-1.097436383e-15,-2.706935974e-16,-0.05161802,-0.02739304376,0.003414798835
13.62692991,22,refl,0,0,0.4610859048,1.512003365e-16,-7.523974754e-16,-0.4769453961,0.4296300753,0.4120589124
13.62692991,22,refl,-1,0,0.241635351,-1.170729061e-15,-3.608786897e-16,0.0505184444,0.02497404609,0.003175816202
13.62692991,22,refl,0,-1,0.241635351,-0.05979190087,0.08155037244,1.123607835e-11,1.481892758e-12,0.01022553465
13.62692991,22,refl,0,1,0.241635351,-0.05979190087,0.08155037244,-1.12377451e-11,-1.482265488e-12,0.01022553465
13.62692991,22,refl,1,0,0.241635351,-1.045410512e-15,-2.219009727e-16,0.05051844438,0.02497404609,0.0031758162
13.47381834,22.25,trans,0,0,0.4663255174,2.33528338e-16,-3.91327262e-17,0.4763324669,0.411169942,0.3959533403
13.47381834,22.25,trans,-1,0,0.2514894022,-6.104537371e-16,-1.430596292e-15,-0.01336399562,-0.00448673551,0.0001987271744
13.47381834,22.25,trans,0,-1,0.2514894022,-0.05168934563,0.09305991372,-1.048887864e-11,-4.524670197e-13,0.01133193599
13.47381834,22.25,trans,0,1,0.2514894022,-0.05168934563,0.09305991372,1.04904833e-11,4.537030814e-13,0.01133193599
13.47381834,22.25,trans,1,0,0.2514894022,-5.153072695e-16,-1.287060097e-15,-0.0133639956,-0.004486735511,0.0001987271739
13.47381834,22.25,refl,0,0,0.4663255174,3.005870596e-16,7.202716534e-17,-0.5213565587,0.4262887833,0.4535347881
13.47381834,22.25,refl,-1,0,0.2514894022,-5.530159308e-16,-1.392304421e-15,0.01227534334,0.002006793206,0.0001547112731
13.47381834,22.25,refl,0,-1,0.2514894022,-0.05261715104,0.09170939777,1.183365284e-11,1.590360618e-12,0.01117917822
13.47381834,22.25,refl,0,1,0.2514894022,-0.05261715104,0.09170939777,-1.183456603e-11,-1.591717759e-12,0.01117917822
13.47381834,22.25,refl,1,0,0.2514894022,-4.683505715e-16,-1.236904078e-15,0.01227534332,0.002006793206,0.0001547112726
13.32410924,22.5,trans,0,0,0.4715651299,-5.915765135e-16,2.921509831e-16,0.4339474196,0.3943542531,0.3438256399
13.32410924,22.5,trans,-1,0,0.2610768144,-1.206187329e-17,-9.706430673e-16,0.0006141705052,0.03322021618,0.001103959968
13.32410924,22.5,trans,0,-1,0.2610768144,-0.05372071559,0.1078969486,-1.096083694e-11,-5.4680523e-13,0.01452766679
13.32410924,22.5,trans,0,1,0.2610768144,-0.05372071559,0.1078969486,1.096115545e-11,5.48352384e-13,0.01452766679
13.32410924,22.5,trans,1,0,0.2610768144,3.993284184e-17,-8.218799634e-16,0.0006141705241,0.03322021618,0.001103959968
13.32410924,22.5,refl,0,0,0.4715651299,-5.510814384e-16,4.400086205e-16,-0.56358268,0.4097921582,0.4855550502
13.32410924,22.5,refl,-1,0,0.2610768144,5.525946216e-17,-9.284747583e-16,-0.001754354016,-0.03564984717,0.001273989361
13.32410924,22.5,refl,0,-1,0.2610768144,-0.05444783105,0.1061737794,1.240392108e-11,1.680338959e-12,0.01423743775
13.32410924,22.5,refl,0,1,0.2610768144,-0.05444783105,0.1061737794,-1.240361552e-11,-1.681988866e-12,0.01423743775
13.32410924,22.5,refl,1,0,0.2610768144,9.474199406e-17,-7.763021649e-16,-0.001754354039,-0.03564984717,0.001273989361
13.17769046,22.75,trans,0,0,0.4768047425,-7.962178526e-16,2.062421499e-16,0.4001143673,0.3712556099,0.2979222348
13.17769046,22.75,trans,-1,0,0.2704259486,4.71133586e-16,-7.299283387e-16,-0.00822708485,0.06624095582,0.004455549153
13.17769046,22.75,trans,0,-1,0.2704259486,-0.06386053241,0.120703377,-1.140348512e-11,-6.337385538e-13,0.01864747283
13.17769046,22.75,trans,0,1,0.2704259486,-0.06386053241,0.120703377,1.140362759e-11,6.347479948e-13,0.01864747283
13.17769046,22.75,trans,1,0,0.2704259486,5.132065783e-16,-6.121488278e-16,-0.00822708483,0.06624095582,0.004455549152
13.17769046,22.75,refl,0,0,0.4768047425,-7.349770665e-16,3.046568497e-16,-0.5972556268,0.3869901701,0.5064756755
13.17769046,22.75,refl,-1,0,0.2704259486,5.397372758e-16,-6.818715628e-16,0.006937549345,-0.06859017824,0.004752742142
13.17769046,22.75,refl,0,-1,0.2704259486,-0.06431399887,0.1188006365,1.294849283e-11,1.753378579e-12,0.01824988167
13.17769046,22.75,refl,0,1,0.2704259486,-0.06431399887,0.1188006365,-1.294810118e-11,-1.754501021e-12,0.01824988167
13.17769046,22.75,refl,1,0,0.2704259486,5.713347614e-16,-5.649002513e-16,0.006937549321,-0.06859017824,0.004752742142
13.0344547,23,trans,0,0,0.482044355,-9.259075644e-16,1.505245333e-16,0.3735887517,0.3483503235,0.2609165033
13.0344547,23,trans,-1,0,0.2795607116,4.397927655e-16,-3.012353375e-16,-0.02826354252,0.08707152761,0.008380278756
13.0344547,23,trans,0,-1,0.2795607116,-0.07805932213,0.1294572389,-1.182106424e-11,-7.127776427e-13,0.02285243448
13.0344547,23,trans,0,1,0.2795607116,-0.07805932213,0.1294572389,1.182163063e-11,7.12934156e-13,0.02285243448
13.0344547,23,trans,1,0,0.2795607116,4.679884653e-16,-2.021970022e-16,-0.0282635425,0.08707152761,0.008380278755
13.0344547,23,refl,0,0,0.482044355,-8.756103052e-16,3.082849745e-16,-0.6236206308,0.3643728715,0.5216702807
13.0344547,23,refl,-1,0,0.2795607116,5.291618555e-16,-2.53806411e-16,0.02675822,-0.08936308491,0.008701763282
13.0344547,23,refl,0,-1,0.2795607116,-0.07827075414,0.1275236477,1.347043964e-11,1.810667335e-12,0.02238859169
13.0344547,23,refl,0,1,0.2795607116,-0.07827075414,0.1275236477,-1.347054915e-11,-1.810952756e-12,0.02238859169
13.0344547,23,refl,1,0,0.2795607116,5.451168622e-16,-1.564522989e-16,0.02675821997,-0.08936308491,0.00870176328
12.89429927,23.25,trans,0,0,0.4872839676,-8.463028345e-16,3.138396034e-16,0.3581220484,0.3222758886,0.2321131499
12.89429927,23.25,trans,-1,0,0.2885014667,1.652661973e-16,-4.043174088e-17,-0.05190397216,0.0910123278,0.01097726614
12.89429927,23.25,trans,0,-1,0.2885014667,-0.09209608579,0.1296249013,-1.240578611e-11,-8.839260778e-13,0.02528430406
12.89429927,23.25,trans,0,1,0.2885014667,-0.09209608579,0.1296249013,1.240553153e-11,8.848454413e-13,0.02528430406
12.89429927,23.25,trans,1,0,0.2885014667,1.755561919e-16,-2.21092877e-17,-0.05190397214,0.0910123278,0.01097726614
12.89429927,23.25,refl,0,0,0.4872839676,-7.882951087e-16,4.450049232e-16,-0.6389404868,0.3386896384,0.5229556168
12.89429927,23.25,refl,-1,0,0.2885014667,2.727249092e-16,1.721553232e-17,0.05007262781,-0.09328787148,0.01120989502
12.89429927,23.25,refl,0,-1,0.2885014667,-0.09215403169,0.127808983,1.421971696e-11,1.912126736e-12,0.02482750168
12.89429927,23.25,refl,0,1,0.2885014667,-0.09215403169,0.127808983,-1.42190659e-11,-1.913225159e-12,0.02482750168
12.89429927,23.25,refl,1,0,0.2885014667,2.59696742e-16,2.936253228e-17,0.05007262778,-0.09328787148,0.01120989502
12.75712587,23.5,trans,0,0,0.4925235802,-1.08947212e-15,1.263842117e-17,0.3429173665,0.2994187254,0.2072438933
12.75712587,23.5,trans,-1,0,0.2972657199,-3.498956326e-17,-1.204725398e-16,-0.07220398832,0.08861522643,0.01306607428
12.75712587,23.5,trans,0,-1,0.2972657199,-0.1059078776,0.1277249671,-1.296866035e-11,-1.042174456e-12,0.02753014575
12.75712587,23.5,trans,0,1,0.2972657199,-0.1059078776,0.1277249671,1.29686519e-11,1.04248628e-12,0.02753014575
12.75712587,23.5,trans,1,0,0.2972657199,-3.213730669e-17,-1.933886434e-16,-0.0722039883,0.08861522643,0.01306607428
12.75712587,23.5,refl,0,0,0.4925235802,-1.060247933e-15,1.51646612e-16,-0.6540211696,0.3162143174,0.5277351847
12.75712587,23.5,refl,-1,0,0.2972657199,8.300490218e-17,-5.854186008e-17,0.0700378195,-0.09089964032,0.01316804077
12.75712587,23.5,refl,0,-1,0.2972657199,-0.1058611725,0.1260347348,1.494524068e-11,1.994523635e-12,0.02709134223
12.75712587,23.5,refl,0,1,0.2972657199,-0.1058611725,0.1260347348,-1.494489608e-11,-1.99504042e-12,0.02709134223
12.75712587,23.5,refl,1,0,0.2972657199,6.388631112e-17,-1.358634292e-16,0.07003781947,-0.09089964032,0.01316804077
12.62284034,23.75,trans,0,0,0.4977631927,-7.708340472e-16,-1.493277608e-16,0.3272288626,0.2785915509,0.1846919808
12.62284034,23.75,trans,-1,0,0.3058686438,4.807639521e-17,-1.357209379e-16,-0.08947538849,0.08256272428,0.01482244859
12.62284034,23.75,trans,0,-1,0.3058686438,-0.1196438245,0.124598201,-1.351705337e-11,-1.187201612e-12,0.02983935643
12.62284034,23.75,trans,0,1,0.3058686438,-0.1196438245,0.124598201,1.351739426e-11,1.187478217e-12,0.02983935643
12.62284034,23.75,trans,1,0,0.3058686438,4.711733347e-17,-2.891160136e-16,-0.08947538847,0.08256272428,0.01482244858
12.62284034,23.75,refl,0,0,0.4977631927,-7.523603755e-16,-1.56363349e-17,-0.6696087801,0.2957583382,0.535848913
12.62284034,23.75,refl,-1,0,0.3058686438,1.866128643e-16,-5.674905357e-17,0.08697354406,-0.08486911055,0.01476716329
12.62284034,23.75,refl,0,-1,0.3058686438,-0.1195244345,0.1230350538,1.565412931e-11,2.059056067e-12,0.0294237149
12.62284034,23.75,refl,0,1,0.3058686438,-0.1195244345,0.1230350538,-1.565416799e-11,-2.059569278e-12,0.0294237149
12.62284034,23.75,refl,1,0,0.3058686438,1.48661421e-16,-2.068559176e-16,0.08697354403,-0.08486911055,0.01476716329
12.49135242,24,trans,0,0,0.5030028053,-7.56836168e-16,-2.909526567e-16,0.3108547762,0.2589536779,0.1636876992
12.49135242,24,trans,-1,0,0.3143234852,9.113076582e-17,-2.594422853e-17,-0.1043578065,0.07425044118,0.01640367979
12.49135242,24,trans,0,-1,0.3143234852,-0.1335417316,0.1206717835,-1.406002188e-11,-1.320710599e-12,0.0323950734
12.49135242,24,trans,0,1,0.3143234852,-0.1335417316,0.1206717835,1.406014643e-11,1.320159653e-12,0.0323950734
12.49135242,24,trans,1,0,0.3143234852,1.27565776e-16,-2.236791642e-16,-0.1043578065,0.07425044118,0.01640367978
12.49135242,24,refl,0,0,0.5030028053,-7.563304435e-16,-1.290685837e-16,-0.6859047738,0.2764804819,0.5469068156
12.49135242,24,refl,-1,0,0.3143234852,2.437293962e-16,7.386787529e-17,0.1015215082,-0.07658449201,0.01617180105
12.49135242,24,refl,0,-1,0.3143234852,-0.1333712644,0.1192365484,1.63554055e-11,2.1087979e-12,0.03200524864
12.49135242,24,refl,0,1,0.3143234852,-0.1333712644,0.1192365484,-1.635527531e-11,-2.108521245e-12,0.03200524864
12.49135242,24,refl,1,0,0.3143234852,2.34336255e-16,-1.207803624e-16,0.1015215082,-0.07658449201,0.01617180104
12.36257559,24.25,trans,0,0,0.5082424178,-1.088355349e-15,-2.33063995e-16,0.2992836577,0.2369006412,0.1456926216
12.36257559,24.25,trans,-1,0,0.3226418859,-3.392714154e-17,1.998132795e-16,-0.1131431781,0.06204456083,0.01665090627
12.36257559,24.25,trans,0,-1,0.3226418859,-0.1435632404,0.1128323289,-1.489974992e-11,-1.577165314e-12,0.03334153842
12.36257559,24.25,trans,0,1,0.3226418859,-0.1435632404,0.1128323289,1.489960267e-11,1.577471014e-12,0.03334153842
12.36257559,24.25,trans,1,0,0.3226418859,1.699589465e-17,9.805771397e-17,-0.113143178,0.06204456083,0.01665090627
12.36257559,24.25,refl,0,0,0.5082424178,-1.132857784e-15,-5.17542827e-17,-0.6974536106,0.2548386753,0.5513842894
12.36257559,24.25,refl,-1,0,0.3226418859,1.481920475e-16,3.225664357e-16,0.1099466352,-0.06437330717,0.01623218527
12.36257559,24.25,refl,0,-1,0.3226418859,-0.1433449455,0.1115430691,1.734199162e-11,2.243211345e-12,0.03298962966
12.36257559,24.25,refl,0,1,0.3226418859,-0.1433449455,0.1115430691,-1.734163725e-11,-2.243799142e-12,0.03298962966
12.36257559,24.25,refl,1,0,0.3226418859,1.395745019e-16,1.966584691e-16,0.1099466352,-0.06437330717,0.01623218526
12.23642686,24.5,trans,0,0,0.5134820304,-1.067549555e-15,-1.94824619e-16,0.2868272368,0.2148139415,0.1284148933
12.23642686,24.5,trans,-1,0,0.3308341378,5.939734489e-17,-1.373783637e-16,-0.1203341407,0.04963228763,0.0169436694
12.23642686,24.5,trans,0,-1,0.3308341378,-0.1538499133,0.104293247,-1.576234528e-11,-1.821143884e-12,0.03454687719
12.23642686,24.5,trans,0,1,0.3308341378,-0.1538499133,0.104293247,1.576260353e-11,1.821737324e-12,0.03454687719
12.23642686,24.5,trans,1,0,0.3308341378,1.65857404e-16,-1.694911535e-16,-0.1203341407,0.04963228763,0.01694366939
12.23642686,24.5,refl,0,0,0.5134820304,-1.080144209e-15,-1.186725895e-17,-0.709909078,0.2331348047,0.5583227362
12.23642686,24.5,refl,-1,0,0.3308341378,2.469943783e-16,-4.677352307e-18,0.1167774278,-0.05195658751,0.01633645463
12.23642686,24.5,refl,0,-1,0.3308341378,-0.1535849258,0.1031357433,1.835077141e-11,2.365831721e-12,0.03422531099
12.23642686,24.5,refl,0,1,0.3308341378,-0.1535849258,0.1031357433,-1.835086298e-11,-2.36671982e-12,0.03422531099
12.23642686,24.5,refl,1,0,0.3308341378,2.832690057e-16,-3.427543653e-17,0.1167774278,-0.05195658752,0.01633645462
12.11282659,24.75,trans,0,0,0.5187216429,-7.353194686e-16,-3.80473611e-16,0.2737179258,0.1925370054,0.1119920014
12.11282659,24.75,trans,-1,0,0.3389093892,5.155862824e-17,-7.152627923e-17,-0.1262472797,0.03694929028,0.01730362569
12.11282659,24.75,trans,0,-1,0.3389093892,-0.1644991608,0.09499536658,-1.668556969e-11,-2.060961838e-12,0.03608409358
12.11282659,24.75,trans,0,1,0.3389093892,-0.1644991608,0.09499536658,1.668524185e-11,2.061135387e-12,0.03608409358
12.11282659,24.75,trans,1,0,0.3389093892,1.908794872e-16,-4.536767762e-17,-0.1262472797,0.03694929028,0.01730362568
12.11282659,24.75,refl,0,0,0.5187216429,-7.60952702e-16,-2.423345791e-16,-0.7230379741,0.2112135154,0.567395061
12.11282659,24.75,refl,-1,0,0.3389093892,2.503175072e-16,6.183609566e-17,0.122329756,-0.03926997866,0.01650670043
12.11282659,24.75,refl,0,-1,0.3389093892,-0.1641888009,0.09395941685,1.942147529e-11,2.486256977e-12,0.03578633434
12.11282659,24.75,refl,0,1,0.3389093892,-0.1641888009,0.09395941685,-1.942102324e-11,-2.486736296e-12,0.03578633434
12.11282659,24.75,refl,1,0,0.3389093892,3.080303808e-16,8.774999566e-17,0.122329756,-0.03926997866,0.01650670042
11.99169832,25,trans,0,0,0.5239612555,-7.349548917e-16,2.869236538e-17,0.2601502201,0.1699750415,0.09656965176
11.99169832,25,trans,-1,0,0.3468758113,1.596674629e-16,-2.054722376e-16,-0.1310565553,0.0238995382,0.01774700862
11.99169832,25,trans,0,-1,0.3468758113,-0.1755626005,0.08485439289,-1.773773189e-11,-2.311838844e-12,0.03802249468
11.99169832,25,trans,0,1,0.3468758113,-0.1755626005,0.08485439289,1.773737748e-11,2.312516709e-12,0.03802249468
11.99169832,25,trans,1,0,0.3468758113,3.227658166e-16,-3.550018947e-17,-0.1310565553,0.02389953821,0.01774700861
11.99169832,25,refl,0,0,0.5239612555,-7.600780515e-16,1.822275527e-16,-0.7366451479,0.1889809876,0.5783598877
11.99169832,25,refl,-1,0,0.3468758113,3.641151984e-16,-6.787922135e-17,0.1267770988,-0.02621811564,0.01675982237
11.99169832,25,refl,0,-1,0.3468758113,-0.1752088556,0.08393259622,2.062638595e-11,2.621467823e-12,0.03774282379
11.99169832,25,refl,0,1,0.3468758113,-0.1752088556,0.08393259622,-2.062593743e-11,-2.622462374e-12,0.03774282379
11.99169832,25,refl,1,0,0.3468758113,4.347939313e-16,9.897166918e-17,0.1267770988,-0.02621811565,0.01675982236
11.87296863,25.25,trans,0,0,0.529200868,-3.751380024e-16,9.904903734e-17,0.2518138271,0.1449220092,0.08441259228
11.87296863,25.25,trans,-1,0,0.3547407363,1.960400911e-16,-2.7553776e-16,-0.1310819812,0.01150781992,0.01731491572
11.87296863,25.25,trans,0,-1,0.3547407363,-0.1819990354,0.07294206477,-1.951957261e-11,-2.828505946e-12,0.03844419369
11.87296863,25.25,trans,0,1,0.3547407363,-0.1819990354,0.07294206477,1.951936659e-11,2.828624135e-12,0.03844419369
11.87296863,25.25,trans,1,0,0.3547407363,3.846410572e-16,-1.524150199e-16,-0.1310819812,0.01150781992,0.01731491571
11.87296863,25.25,refl,0,0,0.529200868,-4.263714615e-16,2.415014825e-16,-0.7450587337,0.1642347494,0.5820855696
11.87296863,25.25,refl,-1,0,0.3547407363,3.913838522e-16,-1.206623743e-16,0.1264983544,-0.01376781215,0.01619138633
11.87296863,25.25,refl,0,-1,0.3547407363,-0.1815628643,0.07214129966,2.25041249e-11,3.027921093e-12,0.0381694408
11.87296863,25.25,refl,0,1,0.3547407363,-0.1815628643,0.07214129966,-2.250385533e-11,-3.028362608e-12,0.0381694408
11.87296863,25.25,refl,1,0,0.3547407363,4.79550829e-16,-4.943942624e-18,0.1264983544,-0.01376781216,0.01619138632
11.75656698,25.5,trans,0,0,0.5344404806,-7.541918221e-16,-1.969858982e-16,0.2434200981,0.1193641892,0.07350115381
11.75656698,25.5,trans,-1,0,0.3625107702,7.022510685e-17,-3.522906737e-16,-0.1303991683,-0.001000368181,0.01700494384
11.75656698,25.5,trans,0,-1,0.3625107702,-0.1884665739,0.05998483435,-2.211663689e-11,-3.59578717e-12,0.03911782984
11.75656698,25.5,trans,0,1,0.3625107702,-0.1884665739,0.05998483435,2.211569502e-11,3.596276033e-12,0.03911782984
11.75656698,25.5,trans,1,0,0.3625107702,2.606631986e-16,-2.799728406e-16,-0.1303991683,-0.001000368173,0.01700494383
11.75656698,25.5,refl,0,0,0.5344404806,-8.05320088e-16,-3.197209152e-17,-0.7535342221,0.1389485062,0.5871205113
11.75656698,25.5,refl,-1,0,0.3625107702,2.589098334e-16,-1.782437192e-16,0.1255128039,-0.001212587506,0.01575493432
11.75656698,25.5,refl,0,-1,0.3625107702,-0.1879411405,0.05929165564,2.524445158e-11,3.702106507e-12,0.03883737272
11.75656698,25.5,refl,0,1,0.3625107702,-0.1879411405,0.05929165564,-2.524347701e-11,-3.702927647e-12,0.03883737272
11.75656698,25.5,refl,1,0,0.3625107702,3.387841052e-16,-1.188216048e-16,0.1255128039,-0.001212587513,0.01575493431
11.64242555,25.75,trans,0,0,0.5396800932,-7.291673653e-16,-2.105021735e-16,0.2350930287,0.09338294908,0.0639891073
11.64242555,25.75,trans,-1,0,0.3701918883,2.133811054e-16,-3.667070624e-16,-0.128923153,-0.01379016981,0.01681134817
11.64242555,25.75,trans,0,-1,0.3701918883,-0.194886463,0.04585412628,-2.787578307e-11,-5.70249566e-12,0.04008333436
11.64242555,25.75,trans,0,1,0.3701918883,-0.194886463,0.04585412628,2.787487172e-11,5.703111913e-12,0.04008333436
11.64242555,25.75,trans,1,0,0.3701918883,4.303474282e-16,-2.875234003e-16,-0.128923153,-0.0137901698,0.01681134815
11.64242555,25.75,refl,0,0,0.5396800932,-8.081057867e-16,-4.209880522e-17,-0.7619469008,0.1132055205,0.5933785695
11.64242555,25.75,refl,-1,0,0.3701918883,3.951461096e-16,-2.002205999e-16,0.1237359965,0.01161123177,0.01544541752
11.64242555,25.75,refl,0,-1,0.3701918883,-0.1942658746,0.04525679352,3.132865889e-11,5.787516094e-12,0.0397874074
11.64242555,25.75,refl,0,1,0.3701918883,-0.1942658746,0.04525679352,-3.132773837e-11,-5.78844141e-12,0.0397874074
11.64242555,25.75,refl,1,0,0.3701918883,4.926198958e-16,-1.393270621e-16,0.1237359964,0.01161123175,0.0154454175
11.53047915,26,trans,0,0,0.5449197057,-1.001483707e-15,-3.458536233e-16,0.2269511999,0.06714468146,0.05601525538
11.53047915,26,trans,-1,0,0.377789514,2.612353952e-16,-3.963411927e-16,-0.1264922768,-0.02712884438,0.01673627029
11.53047915,26,trans,0,-1,0.377789514,-0.2011474418,0.03035776363,-2.144697974e-11,-9.697683928e-11,0.04138188716
11.53047915,26,trans,0,1,0.377789514,-0.2011474418,0.03035776363,2.144562469e-11,9.697767087e-11,0.04138188716
11.53047915,26,trans,1,0,0.377789514,4.623926767e-16,-3.193708182e-16,-0.1264922768,-0.02712884409,0.01673627027
11.53047915,26,refl,0,0,0.5449197057,-1.08772629e-15,-2.667044176e-16,-0.770177407,0.08717479378,0.6007726829
11.53047915,26,refl,-1,0,0.377789514,4.329671011e-16,-2.134968654e-16,0.1210065884,0.02496864384,0.01526602761
11.53047915,26,refl,0,-1,0.377789514,-0.2004257373,0.02984549557,2.477700286e-11,1.020897111e-10,0.04106122978
11.53047915,26,refl,0,1,0.377789514,-0.2004257373,0.02984549557,-2.477566491e-11,-1.020908391e-10,0.04106122978
11.53047915,26,refl,1,0,0.377789514,5.073382523e-16,-1.61065742e-16,0.1210065883,0.02496864356,0.01526602758
11.42066507,26.25,trans,0,0,0.5501593183,-8.368342768e-16,-2.078201404e-17,0.2252742454,0.04035712237,0.05237718299
11.42066507,26.25,trans,-1,0,0.3853085863,3.020516293e-16,-8.112279777e-17,-0.1210365766,-0.0391305527,0.01618105303
11.42066507,26.25,trans,0,-1,0.3853085863,-0.2026336255,0.01465809357,-8.920495128e-12,-1.847648511e-12,0.04127524587
11.42066507,26.25,trans,0,1,0.3853085863,-0.2026336255,0.01465809357,8.919339375e-12,1.847975213e-12,0.04127524587
11.42066507,26.25,trans,1,0,0.3853085863,5.219089087e-16,9.050413141e-18,-0.1210365766,-0.03913055269,0.01618105303
11.42066507,26.25,refl,0,0,0.5501593183,-9.466953041e-16,1.198162546e-16,-0.7719180284,0.06053663328,0.5995221265
11.42066507,26.25,refl,-1,0,0.3853085863,4.440848106e-16,8.685350046e-17,0.1153860063,0.03703157263,0.01468526781
11.42066507,26.25,refl,0,-1,0.3853085863,-0.2017658606,0.01422866068,1.120470799e-11,1.589542049e-12,0.04091191731
11.42066507,26.25,refl,0,1,0.3853085863,-0.2017658606,0.01422866068,-1.120357695e-11,-1.590144731e-12,0.04091191731
11.42066507,26.25,refl,1,0,0.3853085863,5.340111443e-16,1.563730698e-16,0.1153860062,0.03703157263,0.01468526781
11.31292294,26.5,trans,0,0,0.5553989308,1.43955051e-16,-6.888846114e-16,0.2247384013,0.0182862933,0.05084173755
11.31292294,26.5,trans,-1,0,0.3927536169,4.406627641e-16,4.639802625e-16,-0.1104233299,-0.05916885263,0.01569426491
11.31292294,26.5,trans,0,-1,0.3927536169,-0.2021595648,-0.006170144365,-1.672368399e-11,-2.630088369e-12,0.04090656032
11.31292294,26.5,trans,0,1,0.3927536169,-0.2021595648,-0.006170144365,1.672423317e-11,2.629315546e-12,0.04090656032
11.31292294,26.5,trans,1,0,0.3927536169,6.39041024e-16,6.660156664e-16,-0.1104233299,-0.05916885263,0.0156942649
11.31292294,26.5,trans,-1,-1,0.00654483146,0.01413578911,-0.001940478685,-0.003183294844,0.008113938565,0.0002795553564
11.31292294,26.5,trans,-1,1,0.00654483146,0.01413578911,-0.001940478685,0.003183294844,-0.008113938565,0.0002795553564
11.31292294,26.5,trans,1,-1,0.00654483146,-0.01413578909,0.001940478686,-0.003183294857,0.008113938568,0.0002795553561
11.31292294,26.5,trans,1,1,0.00654483146,-0.01413578909,0.001940478686,0.003183294857,-0.008113938568,0.0002795553561
11.31292294,26.5,refl,0,0,0.5553989308,3.077406788e-17,-5.919896248e-16,-0.7723360621,0.03878437096,0.5980072202
11.31292294,26.5,refl,-1,0,0.3927536169,5.476791054e-16,6.325063797e-16,0.1049528414,0.05699430264,0.01426344946
11.31292294,26.5,refl,0,-1,0.3927536169,-0.2009171576,-0.006496076824,1.94305965e-11,2.398602775e-12,0.04040990323
11.31292294,26.5,refl,0,1,0.3927536169,-0.2009171576,-0.006496076824,-1.943121647e-11,-2.398103159e-12,0.04040990323
11.31292294,26.5,refl,1,0,0.3927536169,6.020695043e-16,7.84388132e-16,0.1049528414,0.05699430263,0.01426344945
11.31292294,26.5,refl,-1,-1,0.00654483146,0.01404817298,-0.001726135245,-0.005777777537,0.003258448912,0.0002443309095
11.31292294,26.5,refl,-1,1,0.00654483146,0.01404817298,-0.001726135245,0.005777777537,-0.003258448912,0.0002443309095
11.31292294,26.5,refl,1,-1,0.00654483146,-0.01404817296,0.001726135245,-0.005777777549,0.003258448916,0.0002443309092
11.31292294,26.5,refl,1,1,0.00654483146,-0.01404817296,0.001726135245,0.005777777549,-0.003258448916,0.0002443309092
11.20719469,26.75,trans,0,0,0.5606385434,-2.702448111e-16,-1.548606171e-16,0.2142150119,-0.0120530292,0.04603334682
11.20719469,26.75,trans,-1,0,0.4001287387,1.094530954e-16,1.591320185e-16,-0.09330687619,-0.05730163747,0.0119896508
11.20719469,26.75,trans,0,-1,0.4001287387,-0.195925174,-0.0183012124,-1.837947813e-11,-4.278833357e-12,0.0387216082
11.20719469,26.75,trans,0,1,0.4001287387,-0.195925174,-0.0183012124,1.837941588e-11,4.279090895e-12,0.0387216082
11.20719469,26.75,trans,1,0,0.4001287387,2.127130015e-16,2.250574157e-16,-0.09330687616,-0.05730163746,0.0119896508
11.20719469,26.75,trans,-1,-1,0.076749194,0.04175515759,0.003810851421,-0.004937526437,0.007991156765,0.001846253527
11.20719469,26.75,trans,-1,1,0.076749194,0.04175515759,0.003810851421,0.004937526437,-0.007991156765,0.001846253527
11.20719469,26.75,trans,1,-1,0.076749194,-0.04175515755,-0.003810851441,-0.004937526441,0.007991156768,0.001846253525
11.20719469,26.75,trans,1,1,0.076749194,-0.04175515755,-0.003810851441,0.004937526441,-0.007991156768,0.001846253525
11.20719469,26.75,refl,0,0,0.5606385434,-4.008260756e-16,-9.654484303e-17,-0.7831706396,0.0083577625,0.6134261029
11.20719469,26.75,refl,-1,0,0.4001287387,2.204494774e-16,3.007674005e-16,0.0874554278,0.05530289154,0.01070686167
11.20719469,26.75,refl,0,-1,0.4001287387,-0.194747258,-0.01845396182,2.103592663e-11,4.014116758e-12,0.03826704319
11.20719469,26.75,refl,0,1,0.4001287387,-0.194747258,-0.01845396182,-2.103589472e-11,-4.014581737e-12,0.03826704319
11.20719469,26.75,refl,1,0,0.4001287387,1.879001592e-16,3.123270183e-16,0.08745542777,0.05530289153,0.01070686166
11.20719469,26.75,refl,-1,-1,0.076749194,0.04119731555,0.004177186564,0.002928794104,-0.004901094152,0.001747266255
11.20719469,26.75,refl,-1,1,0.076749194,0.04119731555,0.004177186564,-0.002928794104,0.004901094152,0.001747266255
11.20719469,26.75,refl,1,-1,0.076749194,-0.04119731552,-0.004177186585,0.002928794102,-0.004901094145,0.001747266252
11.20719469,26.75,refl,1,1,0.076749194,-0.04119731552,-0.004177186585,-0.002928794102,0.004901094145,0.001747266252
11.10342437,27,trans,0,0,0.5658781559,-4.680913923e-17,-4.303599629e-16,0.2098867061,-0.04486440705,0.04606524443
11.10342437,27,trans,-1,0,0.4074377481,2.696916784e-16,2.663276326e-16,-0.08475102096,-0.05869586437,0.01062794005
11.10342437,27,trans,0,-1,0.4074377481,-0.1934642506,-0.03195988397,-1.967521217e-11,-4.659936621e-12,0.03844985046
11.10342437,27,trans,0,1,0.4074377481,-0.1934642506,-0.03195988397,1.967525648e-11,4.660143772e-12,0.03844985046
11.10342437,27,trans,1,0,0.4074377481,2.840096838e-16,3.215209973e-16,-0.08475102093,-0.05869586436,0.01062794004
11.10342437,27,trans,-1,-1,0.108595349,0.04439144694,0.009584507982,-0.008513030054,0.006499268904,0.002177175532
11.10342437,27,trans,-1,1,0.108595349,0.04439144694,0.009584507982,0.008513030054,-0.006499268904,0.002177175532
11.10342437,27,trans,1,-1,0.108595349,-0.04439144691,-0.009584508008,-0.008513030056,0.006499268907,0.002177175529
11.10342437,27,trans,1,1,0.108595349,-0.04439144691,-0.009584508008,0.008513030056,-0.006499268907,0.002177175529
11.10342437,27,refl,0,0,0.5658781559,-1.860192859e-16,-3.652742462e-16,-0.7875400072,-0.02445841489,0.620817477
11.10342437,27,refl,-1,0,0.4074377481,3.700744114e-16,4.137360036e-16,0.07877193403,0.0567405388,0.009424506335
11.10342437,27,refl,0,-1,0.4074377481,-0.1922035025,-0.03203144318,2.232042592e-11,4.36538148e-12,0.03796819974
11.10342437,27,refl,0,1,0.4074377481,-0.1922035025,-0.03203144318,-2.232051138e-11,-4.365766849e-12,0.03796819974
11.10342437,27,refl,1,0,0.4074377481,2.493017417e-16,3.991266434e-16,0.07877193399,0.05674053879,0.009424506328
11.10342437,27,refl,-1,-1,0.108595349,0.04378582516,0.009886878915,0.00708982397,-0.004354302876,0.002084174417
11.10342437,27,refl,-1,1,0.108595349,0.04378582516,0.009886878915,-0.00708982397,0.004354302876,0.002084174417
11.10342437,27,refl,1,-1,0.108595349,-0.04378582512,-0.009886878943,0.007089823969,-0.004354302869,0.002084174414
11.10342437,27,refl,1,1,0.108595349,-0.04378582512,-0.009886878943,-0.007089823969,0.004354302869,0.002084174414
11.00155809,27.25,trans,0,0,0.5711177685,4.809376343e-17,-3.300826177e-16,0.2138399219,-0.07656076667,0.05158906319
11.00155809,27.25,trans,-1,0,0.4146841409,1.426365825e-16,1.943014139e-16,-0.0775857963,-0.05908209929,0.009510250243
11.00155809,27.25,trans,0,-1,0.4146841409,-0.1884350283,-0.04373292875,-2.116379537e-11,-5.063117143e-12,0.03742032894
11.00155809,27.25,trans,0,1,0.4146841409,-0.1884350283,-0.04373292875,2.116371283e-11,5.063283409e-12,0.03742032894
11.00155809,27.25,trans,1,0,0.4146841409,1.847439586e-16,3.469645879e-16,-0.07758579626,-0.05908209928,0.009510250237
11.00155809,27.25,trans,-1,-1,0.1332305068,0.044030429,0.01363496168,-0.01091095113,0.004706078084,0.002265786883
11.00155809,27.25,trans,-1,1,0.1332305068,0.044030429,0.01363496168,0.01091095113,-0.004706078084,0.002265786883
11.00155809,27.25,trans,1,-1,0.1332305068,-0.04403042896,-0.01363496171,-0.01091095113,0.004706078085,0.002265786881
11.00155809,27.25,trans,1,1,0.1332305068,-0.04403042896,-0.01363496171,0.01091095113,-0.004706078085,0.002265786881
11.00155809,27.25,refl,0,0,0.5711177685,-9.614483889e-17,-2.588757106e-16,-0.7835082041,-0.05617799527,0.6170410731
11.00155809,27.25,refl,-1,0,0.4146841409,2.202642782e-16,3.347598636e-16,0.07163568958,0.05718392719,0.00840167355
11.00155809,27.25,refl,0,-1,0.4146841409,-0.187084916,-0.04371180095,2.375422379e-11,4.812512214e-12,0.03691148732
11.00155809,27.25,refl,0,1,0.4146841409,-0.187084916,-0.04371180095,-2.375418641e-11,-4.81283296e-12,0.03691148732
11.00155809,27.25,refl,1,0,0.4146841409,1.358771901e-16,4.117484808e-16,0.07163568954,0.05718392717,0.008401673543
11.00155809,27.25,refl,-1,-1,0.1332305068,0.04352021016,0.01381950383,0.009816281086,-0.003085584071,0.002190867581
11.00155809,27.25,refl,-1,1,0.1332305068,0.04352021016,0.01381950383,-0.009816281086,0.003085584071,0.002190867581
11.00155809,27.25,refl,1,-1,0.1332305068,-0.04352021012,-0.01381950386,0.009816281086,-0.003085584065,0.002190867579
11.00155809,27.25,refl,1,1,0.1332305068,-0.04352021012,-0.01381950386,-0.009816281086,0.003085584065,0.002190867579
10.90154393,27.5,trans,0,0,0.576357381,9.91314261e-17,-4.533857591e-17,0.2195600483,-0.1084334742,0.05996443313
10.90154393,27.5,trans,-1,0,0.4218711437,-1.449979066e-16,1.60522027e-16,-0.07112439185,-0.05998199544,0.008656518893
10.90154393,27.5,trans,0,-1,0.4218711437,-0.1829783817,-0.05601857113,-2.25339632e-11,-5.37116471e-12,0.03661916846
10.90154393,27.5,trans,0,1,0.4218711437,-0.1829783817,-0.05601857113,2.253370045e-11,5.371190481e-12,0.03661916846
10.90154393,27.5,trans,1,0,0.4218711437,-5.361345816e-17,3.718532455e-16,-0.07112439181,-0.05998199543,0.008656518886
10.90154393,27.5,trans,-1,-1,0.1541515266,0.04245893391,0.01707984136,-0.01255306336,0.002745978909,0.00225960185
10.90154393,27.5,trans,-1,1,0.1541515266,0.04245893391,0.01707984136,0.01255306336,-0.002745978909,0.00225960185
10.90154393,27.5,trans,1,-1,0.1541515266,-0.04245893388,-0.01707984139,-0.01255306337,0.002745978909,0.002259601848
10.90154393,27.5,trans,1,1,0.1541515266,-0.04245893388,-0.01707984139,0.01255306337,-0.002745978909,0.002259601848
10.90154393,27.5,refl,0,0,0.576357381,-6.531100821e-17,4.534319752e-17,-0.7776741642,-0.08806785365,0.6125330525
10.90154393,27.5,refl,-1,0,0.4218711437,-9.177770116e-17,3.007915374e-16,0.06522037347,0.05811623606,0.00763119401
10.90154393,27.5,refl,0,-1,0.4218711437,-0.181532865,-0.05592546253,2.50723549e-11,5.164075331e-12,0.03608183842
10.90154393,27.5,refl,0,1,0.4218711437,-0.181532865,-0.05592546253,-2.507214569e-11,-5.16421993e-12,0.03608183842
10.90154393,27.5,refl,1,0,0.4218711437,-1.180132774e-16,4.260331749e-16,0.06522037343,0.05811623605,0.007631194003
10.90154393,27.5,refl,-1,-1,0.1541515266,0.04208855421,0.0171395275,0.0116739705,-0.001510535185,0.002203773103
10.90154393,27.5,refl,-1,1,0.1541515266,0.04208855421,0.0171395275,-0.0116739705,0.001510535185,0.002203773103
10.90154393,27.5,refl,1,-1,0.1541515266,-0.04208855418,-0.01713952754,0.0116739705,-0.001510535179,0.002203773101
10.90154393,27.5,refl,1,1,0.1541515266,-0.04208855418,-0.01713952754,-0.0116739705,0.001510535179,0.002203773101
10.80333182,27.75,trans,0,0,0.5815969936,1.417850637e-16,-3.809786107e-16,0.226892856,-0.1403514333,0.07117889293
10.80333182,27.75,trans,-1,0,0.4290017415,-1.363165919e-16,1.792670353e-16,-0.06503613991,-0.06115202271,0.007969269375
10.80333182,27.75,trans,0,-1,0.4290017415,-0.17685132,-0.06865698716,-2.38212128e-11,-5.609769288e-12,0.03599017127
10.80333182,27.75,trans,0,1,0.4290017415,-0.17685132,-0.06865698716,2.382078411e-11,5.609819966e-12,0.03599017127
10.80333182,27.75,trans,1,0,0.4290017415,2.051801947e-17,4.425892517e-16,-0.06503613987,-0.06115202269,0.007969269369
10.80333182,27.75,trans,-1,-1,0.1727134199,0.0402053232,0.02009093596,-0.01361413612,0.0007062987109,0.002205957282
10.80333182,27.75,trans,-1,1,0.1727134199,0.0402053232,0.02009093596,0.01361413612,-0.0007062987109,0.002205957282
10.80333182,27.75,trans,1,-1,0.1727134199,-0.04020532317,-0.02009093599,-0.01361413613,0.0007062987101,0.002205957281
10.80333182,27.75,trans,1,1,0.1727134199,-0.04020532317,-0.02009093599,0.01361413613,-0.0007062987101,0.002205957281
10.80333182,27.75,refl,0,0,0.5815969936,-3.002938372e-17,-3.238945296e-16,-0.7701982305,-0.1199968273,0.6076045528
10.80333182,27.75,refl,-1,0,0.4290017415,-1.098996418e-16,3.099594915e-16,0.05919723736,0.05929735425,0.007020489133
10.80333182,27.75,refl,0,-1,0.4290017415,-0.1753065182,-0.06850777652,2.631137303e-11,5.446685785e-12,0.03542569077
10.80333182,27.75,refl,0,1,0.4290017415,-0.1753065182,-0.06850777652,-2.631100113e-11,-5.446850827e-12,0.03542569077
10.80333182,27.75,refl,1,0,0.4290017415,-6.129758317e-17,4.784499867e-16,0.05919723732,0.05929735424,0.007020489126
10.80333182,27.75,refl,-1,-1,0.1727134199,0.04000118002,0.02002866219,0.01287984315,0.0002125046058,0.00216717723
10.80333182,27.75,refl,-1,1,0.1727134199,0.04000118002,0.02002866219,-0.01287984315,-0.0002125046058,0.00216717723
10.80333182,27.75,refl,1,-1,0.1727134199,-0.04000117999,-0.02002866222,0.01287984315,0.0002125046107,0.002167177229
10.80333182,27.75,refl,1,1,0.1727134199,-0.04000117999,-0.02002866222,-0.01287984315,-0.0002125046107,0.002167177229
10.7068735,28,trans,0,0,0.5868366061,9.246851456e-17,-2.125241708e-16,0.2357841707,-0.17219716,0.08524603707
10.7068735,28,trans,-1,0,0.4360787011,-3.616174409e-16,1.573101303e-16,-0.0591653652,-0.06244273729,0.00739963588
10.7068735,28,trans,0,-1,0.4360787011,-0.1699066654,-0.08150032326,-2.504440995e-11,-5.789961793e-12,0.03551057765
10.7068735,28,trans,0,1,0.4360787011,-0.1699066654,-0.08150032326,2.504401431e-11,5.789968824e-12,0.03551057765
10.7068735,28,trans,1,0,0.4360787011,-1.812120912e-16,4.681207779e-16,-0.05916536516,-0.06244273728,0.007399635874
10.7068735,28,trans,-1,-1,0.1896102971,0.03750462439,0.02275714507,-0.01419932289,-0.001367811788,0.002127976182
10.7068735,28,trans,-1,1,0.1896102971,0.03750462439,0.02275714507,0.01419932289,0.001367811788,0.002127976182
10.7068735,28,trans,1,-1,0.1896102971,-0.03750462436,-0.0227571451,-0.01419932289,-0.001367811789,0.002127976181
10.7068735,28,trans,1,1,0.1896102971,-0.03750462436,-0.0227571451,0.01419932289,0.001367811789,0.002127976181
10.7068735,28,refl,0,0,0.5868366061,-9.545485374e-17,-1.890322024e-16,-0.7611382844,-0.1518463614,0.6023888054
10.7068735,28,refl,-1,0,0.4360787011,-3.532631834e-16,2.778373256e-16,0.05341174277,0.06058096338,0.006522867389
10.7068735,28,refl,0,-1,0.4360787011,-0.1682602509,-0.08130810651,2.749041816e-11,5.67154573e-12,0.03492252021
10.7068735,28,refl,0,1,0.4360787011,-0.1682602509,-0.08130810651,-2.749009612e-11,-5.671622658e-12,0.03492252021
10.7068735,28,refl,1,0,0.4360787011,-2.718360644e-16,4.84954786e-16,0.05341174272,0.06058096336,0.006522867383
10.7068735,28,refl,-1,-1,0.1896102971,0.03748258233,0.02258076092,0.01356003543,0.002007069861,0.002102737632
10.7068735,28,refl,-1,1,0.1896102971,0.03748258233,0.02258076092,-0.01356003543,-0.002007069861,0.002102737632
10.7068735,28,refl,1,-1,0.1896102971,-0.03748258229,-0.02258076096,0.01356003543,0.002007069865,0.002102737631
10.7068735,28,refl,1,1,0.1896102971,-0.03748258229,-0.02258076096,-0.01356003543,-0.002007069865,0.002102737631
10.61212241,28.25,trans,0,0,0.5920762187,9.041313599e-17,-1.538210081e-16,0.2503186118,-0.2001261329,0.1027098765
10.61212241,28.25,trans,-1,0,0.4431045926,-2.507624221e-16,1.39385579e-16,-0.05368061326,-0.06254052869,0.006792925969
10.61212241,28.25,trans,0,-1,0.4431045926,-0.1611634296,-0.0913271866,-2.663451533e-11,-6.283055014e-12,0.03431430606
10.61212241,28.25,trans,0,1,0.4431045926,-0.1611634296,-0.0913271866,2.663445224e-11,6.283129957e-12,0.03431430606
10.61212241,28.25,trans,1,0,0.4431045926,-1.160186418e-16,4.087590689e-16,-0.05368061321,-0.06254052868,0.006792925962
10.61212241,28.25,trans,-1,-1,0.2052537727,0.03484359605,0.0243919406,-0.01441992289,-0.00297349325,0.00202581879
10.61212241,28.25,trans,-1,1,0.2052537727,0.03484359605,0.0243919406,0.01441992289,0.00297349325,0.00202581879
10.61212241,28.25,trans,1,-1,0.2052537727,-0.03484359602,-0.02439194063,-0.01441992289,-0.002973493252,0.00202581879
10.61212241,28.25,trans,1,1,0.2052537727,-0.03484359602,-0.02439194063,0.01441992289,0.002973493252,0.00202581879
10.61212241,28.25,refl,0,0,0.5920762187,-9.529212955e-17,-1.085166976e-16,-0.7463813715,-0.1797008164,0.5893775352
10.61212241,28.25,refl,-1,0,0.4431045926,-2.66714766e-16,2.540748588e-16,0.04813686515,0.06067317956,0.005998392505
10.61212241,28.25,refl,0,-1,0.4431045926,-0.1594786246,-0.09107450602,2.907422244e-11,6.278743304e-12,0.03372799737
10.61212241,28.25,refl,0,1,0.4431045926,-0.1594786246,-0.09107450602,-2.907423586e-11,-6.278831346e-12,0.03372799737
10.61212241,28.25,refl,1,0,0.4431045926,-2.177521264e-16,4.176170949e-16,0.0481368651,0.06067317955,0.005998392499
10.61212241,28.25,refl,-1,-1,0.2052537727,0.03502040311,0.02410723131,0.01380255002,0.003485619214,0.002010247164
10.61212241,28.25,refl,-1,1,0.2052537727,0.03502040311,0.02410723131,-0.01380255002,-0.003485619214,0.002010247164
10.61212241,28.25,refl,1,-1,0.2052537727,-0.03502040308,-0.02410723135,0.01380255002,0.003485619218,0.002010247164
10.61212241,28.25,refl,1,1,0.2052537727,-0.03502040308,-0.02410723135,-0.01380255002,-0.003485619218,0.002010247164
10.51903361,28.5,trans,0,0,0.5973158313,-4.846013283e-17,-2.042972684e-16,0.2661025038,-0.2274819331,0.1225585724
10.51903361,28.5,trans,-1,0,0.4500818076,-2.423654465e-16,9.834067349e-17,-0.04829108113,-0.06266156755,0.006258500565
10.51903361,28.5,trans,0,-1,0.4500818076,-0.1516826595,-0.1008962919,-2.818297214e-11,-6.695674579e-12,0.03318769091
10.51903361,28.5,trans,0,1,0.4500818076,-0.1516826595,-0.1008962919,2.818285616e-11,6.695973623e-12,0.03318769091
10.51903361,28.5,trans,1,0,0.4500818076,-1.858982842e-16,3.04310061e-16,-0.04829108108,-0.06266156754,0.006258500558
10.51903361,28.5,trans,-1,-1,0.219911493,0.03202442252,0.02572516684,-0.0143260689,-0.004495925301,0.001912797441
10.51903361,28.5,trans,-1,1,0.219911493,0.03202442252,0.02572516684,0.0143260689,0.004495925301,0.001912797441
10.51903361,28.5,trans,1,-1,0.219911493,-0.03202442249,-0.02572516687,-0.0143260689,-0.004495925304,0.001912797441
10.51903361,28.5,trans,1,1,0.219911493,-0.03202442249,-0.02572516687,0.0143260689,0.004495925304,0.001912797441
10.51903361,28.5,refl,0,0,0.5973158313,-2.47509205e-16,-2.100236137e-16,-0.7303660152,-0.2069641881,0.5762686913
10.51903361,28.5,refl,-1,0,0.4500818076,-2.724892857e-16,1.985028684e-16,0.04297525391,0.06077959933,0.005541032143
10.51903361,28.5,refl,0,-1,0.4500818076,-0.149958966,-0.1005982862,3.06224447e-11,6.803478767e-12,0.03260770667
10.51903361,28.5,refl,0,1,0.4500818076,-0.149958966,-0.1005982862,-3.062239382e-11,-6.803745816e-12,0.03260770667
10.51903361,28.5,refl,1,0,0.4500818076,-2.886423997e-16,2.967705092e-16,0.04297525386,0.06077959931,0.005541032137
10.51903361,28.5,refl,-1,-1,0.219911493,0.03239790429,0.02535121277,0.0137096479,0.004885702152,0.001904132723
10.51903361,28.5,refl,-1,1,0.219911493,0.03239790429,0.02535121277,-0.0137096479,-0.004885702152,0.001904132723
10.51903361,28.5,refl,1,-1,0.219911493,-0.03239790426,-0.02535121281,0.0137096479,0.004885702155,0.001904132723
10.51903361,28.5,refl,1,1,0.219911493,-0.03239790426,-0.02535121281,-0.0137096479,-0.004885702155,0.001904132723
10.42756376,28.75,trans,0,0,0.6025554438,-3.132181834e-17,-3.836377254e-16,0.2831032711,-0.2541613572,0.1447454576
10.42756376,28.75,trans,-1,0,0.4570125754,-6.241087916e-17,1.042495639e-16,-0.0429844411,-0.06274640262,0.005784773219
10.42756376,28.75,trans,0,-1,0.4570125754,-0.1414650081,-0.1100804157,-2.969504852e-11,-7.032161463e-12,0.03213004642
10.42756376,28.75,trans,0,1,0.4570125754,-0.1414650081,-0.1100804157,2.969488626e-11,7.032733376e-12,0.03213004642
10.42756376,28.75,trans,1,0,0.4570125754,-5.675552442e-17,2.57432253e-16,-0.04298444105,-0.0627464026,0.005784773212
10.42756376,28.75,trans,-1,-1,0.2337689572,0.02909686781,0.0267837615,-0.01396046802,-0.005922007875,0.001793962441
10.42756376,28.75,trans,-1,1,0.2337689572,0.02909686781,0.0267837615,0.01396046802,0.005922007875,0.001793962441
10.42756376,28.75,trans,1,-1,0.2337689572,-0.02909686778,-0.02678376153,-0.01396046803,-0.005922007879,0.001793962441
10.42756376,28.75,trans,1,1,0.2337689572,-0.02909686778,-0.02678376153,0.01396046803,0.005922007879,0.001793962441
10.42756376,28.75,refl,0,0,0.6025554438,-2.529576643e-16,-4.043923311e-16,-0.7131277205,-0.2335334722,0.5630890283
10.42756376,28.75,refl,-1,0,0.4570125754,-1.115922678e-16,1.932477637e-16,0.03791369395,0.06084339832,0.005139367309
10.42756376,28.75,refl,0,-1,0.4570125754,-0.1397020856,-0.1097503919,3.213959035e-11,7.249876623e-12,0.03156182126
10.42756376,28.75,refl,0,1,0.4570125754,-0.1397020856,-0.1097503919,-3.213949411e-11,-7.25036604e-12,0.03156182126
10.42756376,28.75,refl,1,0,0.4570125754,-1.661092143e-16,2.376805899e-16,0.0379136939,0.06084339831,0.005139367303
10.42756376,28.75,refl,-1,-1,0.2337689572,0.02966035723,0.02633909339,0.01333032612,0.006191559297,0.001789517633
10.42756376,28.75,refl,-1,1,0.2337689572,0.02966035723,0.02633909339,-0.01333032612,-0.006191559297,0.001789517633
10.42756376,28.75,refl,1,-1,0.2337689572,-0.0296603572,-0.02633909343,0.01333032612,0.006191559299,0.001789517633
10.42756376,28.75,refl,1,1,0.2337689572,-0.0296603572,-0.02633909343,-0.01333032612,-0.006191559299,0.001789517633
10.33767097,29,trans,0,0,0.6077950564,-1.101950263e-16,-3.93763592e-16,0.3012871881,-0.2800583561,0.1692066526
10.33767097,29,trans,-1,0,0.463898978,-2.221099795e-16,4.084480328e-17,-0.03776014256,-0.06275106224,0.005363524178
10.33767097,29,trans,0,-1,0.463898978,-0.1305323875,-0.1187564755,-3.117536304e-11,-7.296720021e-12,0.03114180464
10.33767097,29,trans,0,1,0.463898978,-0.1305323875,-0.1187564755,3.117515889e-11,7.297230647e-12,0.03114180464
10.33767097,29,trans,1,0,0.463898978,-2.40958573e-16,1.373088296e-16,-0.0377601425,-0.06275106223,0.005363524172
10.33767097,29,trans,-1,-1,0.2469609139,0.02609859762,0.02758336885,-0.01335802802,-0.007239044587,0.001672819714
10.33767097,29,trans,-1,1,0.2469609139,0.02609859762,0.02758336885,0.01335802802,0.007239044587,0.001672819714
10.33767097,29,trans,1,-1,0.2469609139,-0.02609859759,-0.02758336889,-0.01335802802,-0.007239044592,0.001672819714
10.33767097,29,trans,1,1,0.2469609139,-0.02609859759,-0.02758336889,0.01335802802,0.007239044592,0.001672819714
10.33767097,29,refl,0,0,0.6077950564,-3.490024033e-16,-4.028669805e-16,-0.6947030075,-0.259302782,0.5498502015
10.33767097,29,refl,-1,0,0.463898978,-2.955749701e-16,1.112456606e-16,0.03295053665,0.06082302143,0.004785177802
10.33767097,29,refl,0,-1,0.463898978,-0.128730003,-0.1184062166,3.362955846e-11,7.621959007e-12,0.03059144581
10.33767097,29,refl,0,1,0.463898978,-0.128730003,-0.1184062166,-3.362942858e-11,-7.622338235e-12,0.03059144581
10.33767097,29,refl,1,0,0.463898978,-3.62212911e-16,9.824087317e-17,0.0329505366,0.06082302141,0.004785177796
10.33767097,29,refl,-1,-1,0.2469609139,0.02684207439,0.02708545354,0.01270408531,0.007389141297,0.001670111943
10.33767097,29,refl,-1,1,0.2469609139,0.02684207439,0.02708545354,-0.01270408531,-0.007389141297,0.001670111943
10.33767097,29,refl,1,-1,0.2469609139,-0.02684207436,-0.02708545358,0.01270408532,0.007389141298,0.001670111944
10.33767097,29,refl,1,1,0.2469609139,-0.02684207436,-0.02708545358,-0.01270408532,-0.007389141298,0.001670111944
10.2493148,29.25,trans,0,0,0.6130346689,3.827955393e-17,-4.880615018e-16,0.3226444239,-0.3009496946,0.194670143
10.2493148,29.25,trans,-1,0,0.4707429623,-1.029761065e-16,9.231811181e-17,-0.03313768714,-0.06189370866,0.00492893748
10.2493148,29.25,trans,0,-1,0.4707429623,-0.119388361,-0.1243683079,-3.309732222e-11,-8.117694115e-12,0.02972105674
10.2493148,29.25,trans,0,1,0.4707429623,-0.119388361,-0.1243683079,3.309721968e-11,8.118217635e-12,0.02972105674
10.2493148,29.25,trans,1,0,0.4707429623,-1.180055759e-16,1.856402083e-16,-0.03313768709,-0.06189370864,0.004928937474
10.2493148,29.25,trans,-1,-1,0.2595888437,0.02360080998,0.0278773436,-0.01272667036,-0.008022117064,0.001560467019
10.2493148,29.25,trans,-1,1,0.2595888437,0.02360080998,0.0278773436,0.01272667036,0.008022117064,0.001560467019
10.2493148,29.25,trans,1,-1,0.2595888437,-0.02360080995,-0.02787734364,-0.01272667036,-0.008022117071,0.00156046702
10.2493148,29.25,trans,1,1,0.2595888437,-0.02360080995,-0.02787734364,0.01272667036,0.008022117071,0.00156046702
10.2493148,29.25,refl,0,0,0.6130346689,-1.932910215e-16,-5.814126442e-16,-0.6731589544,-0.2799644937,0.5315230957
10.2493148,29.25,refl,-1,0,0.4707429623,-1.91536851e-16,1.46791858e-16,0.02860181143,0.05994007782,0.004410876546
10.2493148,29.25,refl,0,-1,0.4707429623,-0.1176109336,-0.124008057,3.565742537e-11,8.576902458e-12,0.02921032992
10.2493148,29.25,refl,0,1,0.4707429623,-0.1176109336,-0.124008057,-3.565740725e-11,-8.577259841e-12,0.02921032992
10.2493148,29.25,refl,1,0,0.4707429623,-2.355909731e-16,1.341258939e-16,0.02860181138,0.0599400778,0.00441087654
10.2493148,29.25,refl,-1,-1,0.2595888437,0.0244362281,0.02732325683,0.01203188371,0.008240068892,0.001556354568
10.2493148,29.25,refl,-1,1,0.2595888437,0.0244362281,0.02732325683,-0.01203188371,-0.008240068892,0.001556354568
10.2493148,29.25,refl,1,-1,0.2595888437,-0.02443622807,-0.02732325687,0.01203188371,0.008240068893,0.001556354569
10.2493148,29.25,refl,1,1,0.2595888437,-0.02443622807,-0.02732325687,-0.01203188371,-0.008240068893,0.001556354569
10.1624562,29.5,trans,0,0,0.6182742815,-9.424178961e-17,-1.132723662e-16,0.3447501503,-0.3207892188,0.221758389
10.1624562,29.5,trans,-1,0,0.4775463521,-7.382212638e-17,1.286817881e-16,-0.02861319015,-0.06095767516,0.004534552812
10.1624562,29.5,trans,0,-1,0.4775463521,-0.1078772891,-0.1292926604,-3.501851881e-11,-8.824791345e-12,0.02835410152
10.1624562,29.5,trans,0,1,0.4775463521,-0.1078772891,-0.1292926604,3.501845983e-11,8.825073822e-12,0.02835410152
10.1624562,29.5,trans,1,0,0.4775463521,-5.002795603e-17,1.805592577e-16,-0.02861319009,-0.06095767514,0.004534552806
10.1624562,29.5,trans,-1,-1,0.2717313924,0.02113838804,0.02796637758,-0.01196391246,-0.008670398445,0.001447260735
10.1624562,29.5,trans,-1,1,0.2717313924,0.02113838804,0.02796637758,0.01196391246,0.008670398445,0.001447260735
10.1624562,29.5,trans,1,-1,0.2717313924,-0.021138388,-0.02796637763,-0.01196391246,-0.008670398452,0.001447260735
10.1624562,29.5,trans,1,1,0.2717313924,-0.021138388,-0.02796637763,0.01196391246,0.008670398452,0.001447260735
10.1624562,29.5,refl,0,0,0.6182742815,-3.236862629e-16,-1.789850377e-16,-0.6508776564,-0.2995651343,0.5133809932
10.1624562,29.5,refl,-1,0,0.4775463521,-1.812919344e-16,1.739414051e-16,0.02435619246,0.05897996735,0.004071860659
10.1624562,29.5,refl,0,-1,0.4775463521,-0.1061222883,-0.1289330635,3.768639047e-11,9.413453009e-12,0.02788567495
10.1624562,29.5,refl,0,1,0.4775463521,-0.1061222883,-0.1289330635,-3.768640975e-11,-9.413538717e-12,0.02788567495
10.1624562,29.5,refl,1,0,0.4775463521,-1.684601914e-16,1.251609796e-16,0.0243561924,0.05897996732,0.004071860654
10.1624562,29.5,refl,-1,-1,0.2717313924,0.02205200732,0.02737262993,0.01122607286,0.008956819689,0.001441801227
10.1624562,29.5,refl,-1,1,0.2717313924,0.02205200732,0.02737262993,-0.01122607286,-0.008956819689,0.001441801227
10.1624562,29.5,refl,1,-1,0.2717313924,-0.02205200729,-0.02737262997,0.01122607287,0.008956819689,0.001441801228
10.1624562,29.5,refl,1,1,0.2717313924,-0.02205200729,-0.02737262997,-0.01122607287,-0.008956819689,0.001441801228
10.07705741,29.75,trans,0,0,0.623513894,-4.724338247e-18,1.080935e-16,0.3675345159,-0.3395071959,0.2503467565
10.07705741,29.75,trans,-1,0,0.4843108581,-2.064770898e-16,1.221341576e-16,-0.02420029151,-0.05992736583,0.004176943284
10.07705741,29.75,trans,0,-1,0.4843108581,-0.09607554395,-0.1334676736,-3.694115478e-11,-9.423585824e-12,0.02704413005
10.07705741,29.75,trans,0,1,0.4843108581,-0.09607554395,-0.1334676736,3.694126321e-11,9.42360336e-12,0.02704413005
10.07705741,29.75,trans,1,0,0.4843108581,-1.622863638e-16,1.649269345e-16,-0.02420029145,-0.05992736581,0.004176943279
10.07705741,29.75,trans,-1,-1,0.2834509455,0.01873010882,0.0278634222,-0.01109583151,-0.009181904374,0.001334612118
10.07705741,29.75,trans,-1,1,0.2834509455,0.01873010882,0.0278634222,0.01109583151,0.009181904374,0.001334612118
10.07705741,29.75,trans,1,-1,0.2834509455,-0.01873010878,-0.02786342224,-0.01109583151,-0.009181904382,0.001334612119
10.07705741,29.75,trans,1,1,0.2834509455,-0.01873010878,-0.02786342224,0.01109583151,0.009181904382,0.001334612119
10.07705741,29.75,refl,0,0,0.623513894,-2.520130944e-16,2.858640967e-17,-0.6279301599,-0.3180365128,0.4954435092
10.07705741,29.75,refl,-1,0,0.4843108581,-3.344826339e-16,1.526560474e-16,0.02022611857,0.05792815447,0.003764766953
10.07705741,29.75,refl,0,-1,0.4843108581,-0.09434048851,-0.1331175328,3.971788003e-11,1.013714045e-11,0.02662040531
10.07705741,29.75,refl,0,1,0.4843108581,-0.09434048851,-0.1331175328,-3.971809442e-11,-1.013692652e-11,0.02662040531
10.07705741,29.75,refl,1,0,0.4843108581,-2.84653513e-16,9.721959717e-17,0.02022611851,0.05792815445,0.003764766948
10.07705741,29.75,refl,-1,-1,0.2834509455,0.01970771894,0.0272445364,0.01031358527,0.00953810952,0.001328004524
10.07705741,29.75,refl,-1,1,0.2834509455,0.01970771894,0.0272445364,-0.01031358527,-0.00953810952,0.001328004524
10.07705741,29.75,refl,1,-1,0.2834509455,-0.0197077189,-0.02724453645,0.01031358527,0.00953810952,0.001328004525
10.07705741,29.75,refl,1,1,0.2834509455,-0.0197077189,-0.02724453645,-0.01031358527,-0.00953810952,0.001328004525
9.993081933,30,trans,0,0,0.6287535066,1.083284999e-16,1.421722346e-17,0.3909216237,-0.3570382169,0.2802960043
9.993081933,30,trans,-1,0,0.4910380874,-8.894886835e-17,1.509495353e-16,-0.01991336563,-0.05879276527,0.003853131379
9.993081933,30,trans,0,-1,0.4910380874,-0.08406837203,-0.1368431814,-3.886789941e-11,-9.919112828e-12,0.02579354747
9.993081933,30,trans,0,1,0.4910380874,-0.08406837203,-0.1368431814,3.886827876e-11,9.919118248e-12,0.02579354747
9.993081933,30,trans,1,0,0.4910380874,-4.027758313e-17,1.622680845e-16,-0.01991336557,-0.05879276524,0.003853131373
9.993081933,30,trans,-1,-1,0.2947979554,0.01639375592,0.02758023239,-0.01014691126,-0.009555554538,0.001223692883
9.993081933,30,trans,-1,1,0.2947979554,0.01639375592,0.02758023239,0.01014691126,0.009555554538,0.001223692883
9.993081933,30,trans,1,-1,0.2947979554,-0.01639375588,-0.02758023244,-0.01014691126,-0.009555554547,0.001223692884
9.993081933,30,trans,1,1,0.2947979554,-0.01639375588,-0.02758023244,0.01014691126,0.009555554547,0.001223692884
9.993081933,30,refl,0,0,0.6287535066,-1.169781158e-16,-6.763202588e-17,-0.604393383,-0.3353147966,0.4777273742
9.993081933,30,refl,-1,0,0.4910380874,-2.264014525e-16,1.682853483e-16,0.01622475855,0.05677550109,0.003486700314
9.993081933,30,refl,0,-1,0.4910380874,-0.08235089822,-0.136509651,4.175398263e-11,1.07529925e-11,0.02541655524
9.993081933,30,refl,0,1,0.4910380874,-0.08235089822,-0.136509651,-4.175447171e-11,-1.075275129e-11,0.02541655524
9.993081933,30,refl,1,0,0.4910380874,-1.57256237e-16,8.550607947e-17,0.01622475848,0.05677550106,0.003486700309
9.993081933,30,refl,-1,-1,0.2947979554,0.01742102137,0.02694875816,0.009319367922,0.009983352874,0.001216245505
9.993081933,30,refl,-1,1,0.2947979554,0.01742102137,0.02694875816,-0.009319367922,-0.009983352874,0.001216245505
9.993081933,30,refl,1,-1,0.2947979554,-0.01742102133,-0.0269487582,0.009319367924,0.009983352873,0.001216245506
9.993081933,30,refl,1,1,0.2947979554,-0.01742102133,-0.0269487582,-0.009319367924,-0.009983352873,0.001216245506
9.910494479,30.25,trans,0,0,0.6339931191,1.247630051e-16,-4.247552958e-17,0.4153033389,-0.3697250208,0.3091734543
9.910494479,30.25,trans,-1,0,0.4977295514,-3.191963307e-17,2.055797716e-16,-0.01634677625,-0.05722390753,0.003541792687
9.910494479,30.25,trans,0,-1,0.4977295514,-0.07299392917,-0.1378976283,-4.133513267e-11,-1.138099057e-11,0.02434386959
9.910494479,30.25,trans,0,1,0.4977295514,-0.07299392917,-0.1378976283,4.133571047e-11,1.138100059e-11,0.02434386959
9.910494479,30.25,trans,1,0,0.4977295514,-4.483094532e-17,2.275021039e-16,-0.01634677618,-0.05722390751,0.003541792682
9.910494479,30.25,trans,-1,-1,0.3058138937,0.01460884544,0.02717750676,-0.009338671901,-0.009532670638,0.001130117841
9.910494479,30.25,trans,-1,1,0.3058138937,0.01460884544,0.02717750676,0.009338671901,0.009532670638,0.001130117841
9.910494479,30.25,trans,1,-1,0.3058138937,-0.01460884539,-0.0271775068,-0.009338671901,-0.009532670647,0.001130117842
9.910494479,30.25,trans,1,1,0.3058138937,-0.01460884539,-0.0271775068,0.009338671901,0.009532670647,0.001130117842
9.910494479,30.25,refl,0,0,0.6339931191,-1.027668133e-16,-1.202234461e-16,-0.5799882523,-0.3476862437,0.4572720969
9.910494479,30.25,refl,-1,0,0.4977295514,-1.765592063e-16,2.098088241e-16,0.01282530114,0.05518298761,0.003209650471
9.910494479,30.25,refl,0,-1,0.4977295514,-0.07129386161,-0.1375798095,4.441984078e-11,1.230729112e-11,0.02401101867
9.910494479,30.25,refl,0,1,0.4977295514,-0.07129386161,-0.1375798095,-4.442054085e-11,-1.230703442e-11,0.02401101867
9.910494479,30.25,refl,1,0,0.4977295514,-1.624524022e-16,1.475984156e-16,0.01282530107,0.05518298758,0.003209650466
9.910494479,30.25,refl,-1,-1,0.3058138937,0.01557077958,0.0265121603,0.008470456069,0.01022694536,0.001121682858
9.910494479,30.25,refl,-1,1,0.3058138937,0.01557077958,0.0265121603,-0.008470456069,-0.01022694536,0.001121682858
9.910494479,30.25,refl,1,-1,0.3058138937,-0.01557077954,-0.02651216034,0.008470456071,0.01022694536,0.001121682859
9.910494479,30.25,refl,1,1,0.3058138937,-0.01557077954,-0.02651216034,-0.008470456071,-0.01022694536,0.001121682859
9.829260918,30.5,trans,0,0,0.6392327317,1.053237367e-16,-9.502668687e-17,0.4398401812,-0.3812219898,0.3387895905
9.829260918,30.5,trans,-1,0,0.5043866736,-2.545420771e-17,1.715079883e-16,-0.01291445235,-0.05559566421,0.003257660958
9.829260918,30.5,trans,0,-1,0.5043866736,-0.06202251325,-0.1382490032,-4.388317864e-11,-1.268803013e-11,0.02295957904
9.829260918,30.5,trans,0,1,0.5043866736,-0.06202251325,-0.1382490032,4.388320285e-11,1.268792919e-11,0.02295957904
9.829260918,30.5,trans,1,0,0.5043866736,-8.473494607e-17,2.380173697e-16,-0.01291445228,-0.05559566418,0.003257660953
9.829260918,30.5,trans,-1,-1,0.316533328,0.01292995611,0.02666110139,-0.008520956526,-0.009398595326,0.001038938387
9.829260918,30.5,trans,-1,1,0.316533328,0.01292995611,0.02666110139,0.008520956526,0.009398595326,0.001038938387
9.829260918,30.5,trans,1,-1,0.316533328,-0.01292995607,-0.02666110144,-0.008520956527,-0.009398595336,0.001038938388
9.829260918,30.5,trans,1,1,0.316533328,-0.01292995607,-0.02666110144,0.008520956527,0.009398595336,0.001038938388
9.829260918,30.5,refl,0,0,0.6392327317,-1.220340977e-16,-1.583765707e-16,-0.5554418004,-0.3588779024,0.4373089424
9.829260918,30.5,refl,-1,0,0.5043866736,-1.749097027e-16,1.626518008e-16,0.009553607188,0.05353221587,0.002956969546
9.829260918,30.5,refl,0,-1,0.5043866736,-0.06033716423,-0.1379485903,4.716272418e-11,1.370230481e-11,0.02267038694
9.829260918,30.5,refl,0,1,0.5043866736,-0.06033716423,-0.1379485903,-4.71628683e-11,-1.370193363e-11,0.02267038694
9.829260918,30.5,refl,1,0,0.5043866736,-2.020207799e-16,1.528865345e-16,0.009553607113,0.05353221584,0.002956969541
9.829260918,30.5,refl,-1,-1,0.316533328,0.0138211442,0.02597261574,0.007607851236,0.01035813282,0.001030771111
9.829260918,30.5,refl,-1,1,0.316533328,0.0138211442,0.02597261574,-0.007607851236,-0.01035813282,0.001030771111
9.829260918,30.5,refl,1,-1,0.316533328,-0.01382114415,-0.02597261579,0.007607851238,0.01035813282,0.001030771112
9.829260918,30.5,refl,1,1,0.316533328,-0.01382114415,-0.02597261579,-0.007607851238,-0.01035813282,0.001030771112
9.749348228,30.75,trans,0,0,0.6444723443,1.4913046e-16,-2.019425204e-17,0.4644491456,-0.3915162316,0.3689979684
9.749348228,30.75,trans,-1,0,0.5110107961,-2.867913211e-17,1.264011522e-16,-0.009626821009,-0.05390908867,0.002998865524
9.749348228,30.75,trans,0,-1,0.5110107961,-0.05123100635,-0.1379061762,-4.651319035e-11,-1.384611717e-11,0.02164272945
9.749348228,30.75,trans,0,1,0.5110107961,-0.05123100635,-0.1379061762,4.651322353e-11,1.384617931e-11,0.02164272945
9.749348228,30.75,trans,1,0,0.5110107961,-1.167598986e-16,2.216624942e-16,-0.00962682093,-0.05390908864,0.002998865519
9.749348228,30.75,trans,-1,-1,0.3269854201,0.01136416053,0.02604398474,-0.007710166066,-0.009160550219,0.0009507956267
9.749348228,30.75,trans,-1,1,0.3269854201,0.01136416053,0.02604398474,0.007710166066,0.009160550219,0.0009507956267
9.749348228,30.75,trans,1,-1,0.3269854201,-0.01136416048,-0.02604398479,-0.007710166067,-0.009160550229,0.0009507956284
9.749348228,30.75,trans,1,1,0.3269854201,-0.01136416048,-0.02604398479,0.007710166067,0.009160550229,0.0009507956284
9.749348228,30.75,refl,0,0,0.6444723443,-7.372550696e-17,-1.126558959e-16,-0.5308361829,-0.3688778182,0.4178578978
9.749348228,30.75,refl,-1,0,0.5110107961,-1.846228123e-16,1.069747456e-16,0.006420061477,0.05182437255,0.002726982779
9.749348228,30.75,refl,0,-1,0.5110107961,-0.04955841361,-0.1376235706,4.998335106e-11,1.494406458e-11,0.02139628355
9.749348228,30.75,refl,0,1,0.5110107961,-0.04955841361,-0.1376235706,-4.998353406e-11,-1.494384359e-11,0.02139628355
9.749348228,30.75,refl,1,0,0.5110107961,-2.363258337e-16,1.363877642e-16,0.006420061398,0.05182437252,0.002726982775
9.749348228,30.75,refl,-1,-1,0.3269854201,0.01217995547,0.02534186364,0.006747867591,0.01038386987,0.0009439198387
9.749348228,30.75,refl,-1,1,0.3269854201,0.01217995547,0.02534186364,-0.006747867591,-0.01038386987,0.0009439198387
9.749348228,30.75,refl,1,-1,0.3269854201,-0.01217995542,-0.02534186369,0.006747867593,0.01038386987,0.0009439198401
9.749348228,30.75,refl,1,1,0.3269854201,-0.01217995542,-0.02534186369,-0.006747867593,-0.01038386987,0.0009439198401
9.670724452,31,trans,0,0,0.6497119568,2.868307834e-16,-1.975893158e-16,0.48904648,-0.4006022192,0.3996485976
9.670724452,31,trans,-1,0,0.5176031859,-4.165577176e-17,1.001490071e-16,-0.00649335028,-0.05216739637,0.002763600842
9.670724452,31,trans,0,-1,0.5176031859,-0.04069405083,-0.1368882853,-4.922909178e-11,-1.48608111e-11,0.02039440842
9.670724452,31,trans,0,1,0.5176031859,-0.04069405083,-0.1368882853,4.922863922e-11,1.486077831e-11,0.02039440842
9.670724452,31,trans,1,0,0.5176031859,-1.943371e-16,2.260627234e-16,-0.006493350198,-0.05216739634,0.002763600838
9.670724452,31,trans,-1,-1,0.3371950315,0.009917656796,0.02533927975,-0.006921180743,-0.008826609619,0.0008662507948
9.670724452,31,trans,-1,1,0.3371950315,0.009917656796,0.02533927975,0.006921180743,0.008826609619,0.0008662507948
9.670724452,31,trans,1,-1,0.3371950315,-0.009917656744,-0.0253392798,-0.006921180743,-0.008826609629,0.0008662507967
9.670724452,31,trans,1,1,0.3371950315,-0.009917656744,-0.0253392798,0.006921180743,0.008826609629,0.0008662507967
9.670724452,31,refl,0,0,0.6497119568,6.654610264e-17,-3.026864042e-16,-0.5062542224,-0.3776812872,0.3989364924
9.670724452,31,refl,-1,0,0.5176031859,-1.999872556e-16,7.099420444e-17,0.003434109707,0.05006275922,0.002518072971
9.670724452,31,refl,0,-1,0.5176031859,-0.03903299195,-0.1366228217,5.288533724e-11,1.60382359e-11,0.02018936986
9.670724452,31,refl,0,1,0.5176031859,-0.03903299195,-0.1366228217,-5.28850295e-11,-1.603791169e-11,0.02018936986
9.670724452,31,refl,1,0,0.5176031859,-3.101794141e-16,1.350387176e-16,0.003434109623,0.05006275919,0.002518072967
9.670724452,31,refl,-1,-1,0.3371950315,0.01065419595,0.02463189814,0.005905320522,0.01031179387,0.0008614482006
9.670724452,31,refl,-1,1,0.3371950315,0.01065419595,0.02463189814,-0.005905320522,-0.01031179387,0.0008614482006
9.670724452,31,refl,1,-1,0.3371950315,-0.0106541959,-0.02463189819,0.005905320523,0.01031179387,0.0008614482022
9.670724452,31,refl,1,1,0.3371950315,-0.0106541959,-0.02463189819,-0.005905320523,-0.01031179387,0.0008614482022
9.593358656,31.25,trans,0,0,0.6549515694,1.45484559e-16,1.399388528e-17,0.5131683582,-0.4057469139,0.427972322
9.593358656,31.25,trans,-1,0,0.5241650403,-3.236929324e-17,1.339983339e-16,-0.003988250315,-0.05035306746,0.002551337543
9.593358656,31.25,trans,0,-1,0.5241650403,-0.03149088255,-0.1345429954,-5.253545201e-11,-1.754176036e-11,0.01909349329
9.593358656,31.25,trans,0,1,0.5241650403,-0.03149088255,-0.1345429954,5.253536048e-11,1.754185775e-11,0.01909349329
9.593358656,31.25,trans,1,0,0.5241650403,-1.78128193e-16,1.981821767e-16,-0.003988250228,-0.05035306743,0.002551337539
9.593358656,31.25,trans,-1,-1,0.3471835547,0.008886639132,0.02470677638,-0.006335905228,-0.008332376441,0.0007989693463
9.593358656,31.25,trans,-1,1,0.3471835547,0.008886639132,0.02470677638,0.006335905228,0.008332376441,0.0007989693463
9.593358656,31.25,trans,1,-1,0.3471835547,-0.008886639074,-0.02470677644,-0.006335905228,-0.008332376451,0.0007989693483
9.593358656,31.25,trans,1,1,0.3471835547,-0.008886639074,-0.02470677644,0.006335905228,0.008332376451,0.0007989693483
9.593358656,31.25,refl,0,0,0.6549515694,-6.295227203e-17,-9.657476396e-17,-0.4822414577,-0.3825264258,0.37888329
9.593358656,31.25,refl,-1,0,0.5241650403,-1.89472701e-16,9.630350139e-17,0.0008920106195,0.04821139364,0.002325134159
9.593358656,31.25,refl,0,-1,0.5241650403,-0.02977202935,-0.1342591267,5.638917897e-11,1.872262171e-11,0.01891188684
9.593358656,31.25,refl,0,1,0.5241650403,-0.02977202935,-0.1342591267,-5.638924418e-11,-1.872241252e-11,0.01891188684
9.593358656,31.25,refl,1,0,0.5241650403,-2.8993678e-16,1.099501957e-16,0.0008920105311,0.0482113936,0.002325134156
9.593358656,31.25,refl,-1,-1,0.3471835547,0.009468114645,0.0239976167,0.005250274911,0.01016979097,0.0007965208369
9.593358656,31.25,refl,-1,1,0.3471835547,0.009468114645,0.0239976167,-0.005250274911,-0.01016979097,0.0007965208369
9.593358656,31.25,refl,1,-1,0.3471835547,-0.009468114589,-0.02399761675,0.005250274912,0.01016979097,0.0007965208386
9.593358656,31.25,refl,1,1,0.3471835547,-0.009468114589,-0.02399761675,-0.005250274912,-0.01016979097,0.0007965208386
9.517220889,31.5,trans,0,0,0.6601911819,3.437652942e-12,-4.285006935e-13,0.5369569903,-0.4098695802,0.4563158823
9.517220889,31.5,trans,-1,0,0.5306974919,4.19331639e-13,3.204701524e-13,-0.001615831378,-0.04852874524,0.002357650026
9.517220889,31.5,trans,0,-1,0.5306974919,-0.02267974818,-0.1317363334,-5.611442076e-11,-2.029006342e-11,0.01786883252
9.517220889,31.5,trans,0,1,0.5306974919,-0.02267974818,-0.1317363334,5.610069134e-11,1.983369943e-11,0.01786883252
9.517220889,31.5,trans,1,0,0.5306974919,4.19205062e-13,3.204985076e-13,-0.001615831286,-0.0485287452,0.002357650022
9.517220889,31.5,trans,-1,-1,0.3569695493,0.007965475569,0.02404027926,-0.005801712778,-0.007787094414,0.0007356825383
9.517220889,31.5,trans,-1,1,0.3569695493,0.007965475568,0.02404027926,0.005801712779,0.007787094414,0.0007356825383
9.517220889,31.5,trans,1,-1,0.3569695493,-0.007965475505,-0.02404027932,-0.00580171278,-0.007787094423,0.0007356825404
9.517220889,31.5,trans,1,1,0.3569695493,-0.007965475505,-0.02404027932,0.005801712778,0.007787094423,0.0007356825403
9.517220889,31.5,refl,0,0,0.6601911819,3.407897114e-12,-4.884345437e-13,-0.4585646702,-0.386371156,0.3595642269
9.517220889,31.5,refl,-1,0,0.5306974919,4.368710905e-13,4.386678055e-13,-0.001525015025,0.04634640934,0.00215031533
9.517220889,31.5,refl,0,-1,0.5306974919,-0.02090556581,-0.1314286919,6.013983833e-11,2.146446601e-11,0.01771054375
9.517220889,31.5,refl,0,1,0.5306974919,-0.02090556581,-0.1314286919,-6.016248707e-11,-2.102628162e-11,0.01771054375
9.517220889,31.5,refl,1,0,0.5306974919,4.367953405e-13,4.386547583e-13,-0.00152501512,0.0463464093,0.002150315326
9.517220889,31.5,refl,-1,-1,0.3569695493,0.008398392196,0.02333743843,0.004641896038,0.009966344621,0.0007360442477
9.517220889,31.5,refl,-1,1,0.3569695493,0.008398392195,0.02333743843,-0.004641896039,-0.009966344621,0.0007360442478
9.517220889,31.5,refl,1,-1,0.3569695493,-0.008398392134,-0.02333743849,0.00464189604,0.009966344623,0.0007360442495
9.517220889,31.5,refl,1,1,0.3569695493,-0.008398392135,-0.02333743849,-0.004641896039,-0.009966344623,0.0007360442495
9.442282142,31.75,trans,0,0,0.6654307945,2.287097519e-12,-1.21571284e-13,0.5603524507,-0.413002291,0.4845657614
9.442282142,31.75,trans,-1,0,0.5372016134,2.634335503e-13,2.433604436e-13,0.0006198972998,-0.04669952421,0.002181229834
9.442282142,31.75,trans,0,-1,0.5372016134,-0.01430002099,-0.1285112699,-5.99538019e-11,-2.257431148e-11,0.01671963709
9.442282142,31.75,trans,0,1,0.5372016134,-0.01430002099,-0.1285112699,5.995859796e-11,2.22755173e-11,0.01671963709
9.442282142,31.75,trans,1,0,0.5372016134,2.632788057e-13,2.43327028e-13,0.000619897397,-0.04669952417,0.00218122983
9.442282142,31.75,trans,-1,-1,0.3665692359,0.007153015274,0.02334984029,-0.005324525038,-0.007200501169,0.000676578453
9.442282142,31.75,trans,-1,1,0.3665692359,0.007153015273,0.02334984029,0.005324525039,0.007200501169,0.0006765784531
9.442282142,31.75,trans,1,-1,0.3665692359,-0.007153015205,-0.02334984035,-0.005324525039,-0.007200501178,0.0006765784552
9.442282142,31.75,trans,1,1,0.3665692359,-0.007153015205,-0.02334984035,0.005324525039,0.007200501178,0.0006765784551
9.442282142,31.75,refl,0,0,0.6654307945,2.27000453e-12,-1.660256636e-13,-0.4352825906,-0.3892468099,0.3409840127
9.442282142,31.75,refl,-1,0,0.5372016134,2.74918239e-13,3.248405296e-13,-0.003812055666,0.04447326408,0.001992402986
9.442282142,31.75,refl,0,-1,0.5372016134,-0.01247389545,-0.1281744153,6.416560734e-11,2.375120642e-11,0.0165842788
9.442282142,31.75,refl,0,1,0.5372016134,-0.01247389545,-0.1281744153,-6.419782034e-11,-2.347036113e-11,0.0165842788
9.442282142,31.75,refl,1,0,0.5372016134,2.74819303e-13,3.247739659e-13,-0.003812055766,0.04447326403,0.001992402983
9.442282142,31.75,refl,-1,-1,0.3665692359,0.007444089264,0.02266096005,0.004086676696,0.009710978042,0.0006799375965
9.442282142,31.75,refl,-1,1,0.3665692359,0.007444089263,0.02266096005,-0.004086676696,-0.009710978042,0.0006799375965
9.442282142,31.75,refl,1,-1,0.3665692359,-0.007444089197,-0.02266096012,0.004086676697,0.009710978045,0.0006799375984
9.442282142,31.75,refl,1,1,0.3665692359,-0.007444089197,-0.02266096012,-0.004086676696,-0.009710978045,0.0006799375984
9.368514313,32,trans,0,0,0.670670407,1.508991978e-12,2.581839952e-14,0.5832988969,-0.4151815698,0.512613339
9.368514313,32,trans,-1,0,0.5436784216,1.624650573e-13,1.791430187e-13,0.002715817969,-0.0448711628,0.002020796919
9.368514313,32,trans,0,-1,0.5436784216,-0.006384840099,-0.124914329,-6.409121183e-11,-2.473201703e-11,0.01564435577
9.368514313,32,trans,0,1,0.5436784216,-0.006384840099,-0.124914329,6.410307613e-11,2.453666571e-11,0.01564435577
9.368514313,32,trans,1,0,0.5436784216,1.622890005e-13,1.790682698e-13,0.002715818072,-0.04487116275,0.002020796915
9.368514313,32,trans,-1,-1,0.3759968847,0.006447396099,0.02264521985,-0.004908916863,-0.006582237335,0.0006217982118
9.368514313,32,trans,-1,1,0.3759968847,0.006447396099,0.02264521985,0.004908916863,0.006582237335,0.0006217982118
9.368514313,32,trans,1,-1,0.3759968847,-0.006447396024,-0.02264521992,-0.004908916863,-0.006582237344,0.0006217982141
9.368514313,32,trans,1,1,0.3759968847,-0.006447396024,-0.02264521992,0.004908916863,0.006582237344,0.000621798214
9.368514313,32,refl,0,0,0.670670407,1.499670931e-12,-6.432689626e-15,-0.4124499574,-0.3911891107,0.3231438876
9.368514313,32,refl,-1,0,0.5436784216,1.697551283e-13,2.349275374e-13,-0.005965174315,0.04259808694,0.001850180316
9.368514313,32,refl,0,-1,0.5436784216,-0.004510972959,-0.1245428881,6.848067771e-11,2.591219509e-11,0.01553127985
9.368514313,32,refl,0,1,0.5436784216,-0.004510972959,-0.1245428881,-6.851237067e-11,-2.573259698e-11,0.01553127985
9.368514313,32,refl,1,0,0.5436784216,1.696386288e-13,2.34827767e-13,-0.005965174422,0.04259808689,0.001850180313
9.368514313,32,refl,-1,-1,0.3759968847,0.006603502635,0.02197752044,0.003589787403,0.009413131315,0.0006281112664
9.368514313,32,refl,-1,1,0.3759968847,0.006603502635,0.02197752044,-0.003589787403,-0.009413131315,0.0006281112664
9.368514313,32,refl,1,-1,0.3759968847,-0.006603502564,-0.0219775205,0.003589787403,0.009413131319,0.0006281112684
9.368514313,32,refl,1,1,0.3759968847,-0.006603502564,-0.0219775205,-0.003589787403,-0.009413131319,0.0006281112684
9.295890171,32.25,trans,0,0,0.6759100196,9.848331532e-13,7.785338094e-14,0.6050751312,-0.4144492652,0.5378841078
9.295890171,32.25,trans,-1,0,0.5501288811,1.000046457e-13,1.296469637e-13,0.004367312306,-0.04314892271,0.001880902948
9.295890171,32.25,trans,0,-1,0.5501288811,0.000307742025,-0.1207874946,-6.85216999e-11,-2.97876732e-11,0.01458971355
9.295890171,32.25,trans,0,1,0.5501288811,0.000307742025,-0.1207874946,6.853257637e-11,2.965748498e-11,0.01458971355
9.295890171,32.25,trans,1,0,0.5501288811,9.984132674e-14,1.29549241e-13,0.004367312414,-0.04314892265,0.001880902944
9.295890171,32.25,trans,-1,-1,0.3852651256,0.00596860868,0.02203964034,-0.004674007972,-0.006061436881,0.0005799574035
9.295890171,32.25,trans,-1,1,0.3852651256,0.00596860868,0.02203964034,0.004674007972,0.006061436881,0.0005799574035
9.295890171,32.25,trans,1,-1,0.3852651256,-0.005968608596,-0.02203964041,-0.004674007972,-0.00606143689,0.0005799574056
9.295890171,32.25,trans,1,1,0.3852651256,-0.005968608596,-0.02203964041,0.004674007972,0.00606143689,0.0005799574056
9.295890171,32.25,refl,0,0,0.6759100196,9.805528939e-13,5.581799462e-14,-0.3908232704,-0.3902137194,0.3050095755
9.295890171,32.25,refl,-1,0,0.5501288811,1.04368042e-13,1.669886296e-13,-0.007816531985,0.04083172207,0.001728327699
9.295890171,32.25,refl,0,-1,0.5501288811,0.002328967621,-0.1203200989,7.299242549e-11,3.089724205e-11,0.01448235029
9.295890171,32.25,refl,0,1,0.5501288811,0.002328967621,-0.1203200989,-7.301728748e-11,-3.077984144e-11,0.01448235029
9.295890171,32.25,refl,1,0,0.5501288811,1.042626233e-13,1.668725193e-13,-0.007816532098,0.040831722,0.001728327696
9.295890171,32.25,refl,-1,-1,0.3852651256,0.005974482707,0.0214426325,0.00325260714,0.009100938084,0.0005888874593
9.295890171,32.25,refl,-1,1,0.3852651256,0.005974482707,0.0214426325,-0.00325260714,-0.009100938085,0.0005888874593
9.295890171,32.25,refl,1,-1,0.3852651256,-0.005974482625,-0.02144263257,0.00325260714,0.00910093809,0.0005888874613
9.295890171,32.25,refl,1,1,0.3852651256,-0.005974482625,-0.02144263257,-0.00325260714,-0.00910093809,0.0005888874613
9.224383323,32.5,trans,0,0,0.6811496321,1.117451126e-12,1.971100897e-13,0.6262431834,-0.4130112636,0.5627588285
9.224383323,32.5,trans,-1,0,0.5565539081,1.69999697e-13,1.268868822e-13,0.005913974574,-0.04145424503,0.001753429526
9.224383323,32.5,trans,0,-1,0.5565539081,0.006543016022,-0.1164812008,-7.366049038e-11,-3.500925542e-11,0.0136106812
9.224383323,32.5,trans,0,1,0.5565539081,0.006543016022,-0.1164812008,7.355065428e-11,3.475145236e-11,0.0136106812
9.224383323,32.5,trans,1,0,0.5565539081,1.698307927e-13,1.268085593e-13,0.005913974688,-0.04145424496,0.001753429522
9.224383323,32.5,trans,-1,-1,0.3943851973,0.005571711166,0.02145202509,-0.004495940454,-0.005542083948,0.0005421615207
9.224383323,32.5,trans,-1,1,0.3943851973,0.005571711168,0.02145202509,0.004495940453,0.005542083949,0.0005421615207
9.224383323,32.5,trans,1,-1,0.3943851973,-0.005571711073,-0.02145202516,-0.004495940453,-0.005542083957,0.0005421615229
9.224383323,32.5,trans,1,1,0.3943851973,-0.005571711072,-0.02145202516,0.004495940454,0.005542083956,0.0005421615228
9.224383323,32.5,refl,0,0,0.6811496321,1.114267921e-12,1.480589551e-13,-0.3697966694,-0.3885533684,0.2877232967
9.224383323,32.5,refl,-1,0,0.5565539081,1.861995144e-13,2.078270621e-13,-0.009565350869,0.03908697881,0.00161928785
9.224383323,32.5,refl,0,-1,0.5565539081,0.008703152126,-0.1159124671,7.818298931e-11,3.602879463e-11,0.01351144489
9.224383323,32.5,refl,0,1,0.5565539081,0.008703152126,-0.1159124671,-7.812059363e-11,-3.583106007e-11,0.01351144489
9.224383323,32.5,refl,1,0,0.5565539081,1.860898471e-13,2.077383842e-13,-0.00956535099,0.03908697874,0.001619287846
9.224383323,32.5,refl,-1,-1,0.3943851973,0.00543775119,0.02093013952,0.002975914637,0.008776778432,0.0005535277859
9.224383323,32.5,refl,-1,1,0.3943851973,0.005437751191,0.02093013952,-0.002975914636,-0.008776778432,0.0005535277859
9.224383323,32.5,refl,1,-1,0.3943851973,-0.005437751099,-0.02093013959,0.002975914635,0.008776778439,0.000553527788
9.224383323,32.5,refl,1,1,0.3943851973,-0.005437751098,-0.02093013959,-0.002975914636,-0.008776778438,0.000553527788
9.153968183,32.75,trans,0,0,0.6863892447,7.433190144e-13,1.838214396e-13,0.646779365,-0.4109155314,0.5871751209
9.153968183,32.75,trans,-1,0,0.5629543733,1.11055057e-13,9.389057883e-14,0.007355763417,-0.03979145709,0.001637467313
9.153968183,32.75,trans,0,-1,0.5629543733,0.01231688161,-0.1120369161,-7.942953558e-11,-4.02270997e-11,0.01270397614
9.153968183,32.75,trans,0,1,0.5629543733,0.01231688161,-0.1120369161,7.936898791e-11,4.00431311e-11,0.01270397614
9.153968183,32.75,trans,1,0,0.5629543733,1.109056246e-13,9.380231644e-14,0.007355763538,-0.03979145702,0.001637467309
9.153968183,32.75,trans,-1,-1,0.40336715,0.005252065881,0.02088740177,-0.004373869475,-0.005030770459,0.0005083071343
9.153968183,32.75,trans,-1,1,0.40336715,0.005252065882,0.02088740177,0.004373869474,0.005030770459,0.0005083071344
9.153968183,32.75,trans,1,-1,0.40336715,-0.005252065776,-0.02088740185,-0.004373869474,-0.005030770466,0.0005083071365
9.153968183,32.75,trans,1,1,0.40336715,-0.005252065775,-0.02088740185,0.004373869475,0.005030770466,0.0005083071365
9.153968183,32.75,refl,0,0,0.6863892447,7.418600631e-13,1.501016605e-13,-0.3493935951,-0.3862545166,0.2712684359
9.153968183,32.75,refl,-1,0,0.5629543733,1.204742109e-13,1.501123754e-13,-0.01121071202,0.03736898246,0.001522120914
9.153968183,32.75,refl,0,-1,0.5629543733,0.01460712821,-0.1113621972,8.401759326e-11,4.119512145e-11,0.01261490717
9.153968183,32.75,refl,0,1,0.5629543733,0.01460712821,-0.1113621972,-8.398956023e-11,-4.105381613e-11,0.01261490717
9.153968183,32.75,refl,1,0,0.5629543733,1.203779904e-13,1.500185248e-13,-0.01121071215,0.03736898238,0.001522120911
9.153968183,32.75,refl,-1,-1,0.40336715,0.00498818345,0.02044477385,0.002759313298,0.00844791757,0.0005218518731
9.153968183,32.75,refl,-1,1,0.40336715,0.004988183451,0.02044477385,-0.002759313297,-0.00844791757,0.0005218518731
9.153968183,32.75,refl,1,-1,0.40336715,-0.004988183349,-0.02044477393,0.002759313296,0.008447917578,0.0005218518753
9.153968183,32.75,refl,1,1,0.40336715,-0.004988183348,-0.02044477393,-0.002759313297,-0.008447917578,0.0005218518753
9.084619939,33,trans,0,0,0.6916288572,4.904975347e-13,1.561312753e-13,0.6666647775,-0.4082100534,0.6110773733
9.084619939,33,trans,-1,0,0.5693311053,7.194124363e-14,6.811160971e-14,0.008693176512,-0.0381649525,0.001532134917
9.084619939,33,trans,0,-1,0.5693311053,0.01762974198,-0.1074948663,-8.601092579e-11,-4.558789695e-11,0.01186595408
9.084619939,33,trans,0,1,0.5693311053,0.01762974198,-0.1074948663,8.597928179e-11,4.545795709e-11,0.01186595408
9.084619939,33,trans,1,0,0.5693311053,7.179656765e-14,6.802111058e-14,0.008693176642,-0.03816495241,0.001532134913
9.084619939,33,trans,-1,-1,0.4122200124,0.005004850302,0.02035031994,-0.004306339324,-0.004533519567,0.0004782814061
9.084619939,33,trans,-1,1,0.4122200124,0.005004850303,0.02035031994,0.004306339324,0.004533519567,0.0004782814061
9.084619939,33,trans,1,-1,0.4122200124,-0.005004850186,-0.02035032002,-0.004306339324,-0.004533519574,0.0004782814083
9.084619939,33,trans,1,1,0.4122200124,-0.005004850185,-0.02035032002,0.004306339325,0.004533519574,0.0004782814083
9.084619939,33,refl,0,0,0.6916288572,4.900229483e-13,1.330558667e-13,-0.3296327914,-0.383363728,0.2556255251
9.084619939,33,refl,-1,0,0.5693311053,7.722248119e-14,1.068744241e-13,-0.01275236459,0.03568288474,0.001435891066
9.084619939,33,refl,0,-1,0.5693311053,0.02004106464,-0.1067102419,9.065117495e-11,4.650867842e-11,0.01178872
9.084619939,33,refl,0,1,0.5693311053,0.02004106464,-0.1067102419,-9.064159813e-11,-4.640883566e-11,0.01178872
9.084619939,33,refl,1,0,0.5693311053,7.712881827e-14,1.067903997e-13,-0.01275236472,0.03568288465,0.001435891063
9.084619939,33,refl,-1,-1,0.4122200124,0.004620485907,0.01999079545,0.002601729528,0.008121049649,0.0004937012369
9.084619939,33,refl,-1,1,0.4122200124,0.004620485908,0.01999079545,-0.002601729527,-0.008121049649,0.0004937012369
9.084619939,33,refl,1,-1,0.4122200124,-0.004620485794,-0.01999079554,0.002601729526,0.008121049659,0.0004937012392
9.084619939,33,refl,1,1,0.4122200124,-0.004620485793,-0.01999079553,-0.002601729527,-0.008121049659,0.0004937012392
9.016314526,33.25,trans,0,0,0.6968684698,3.191651237e-13,1.235902164e-13,0.6851819585,-0.4035116003,0.6322959278
9.016314526,33.25,trans,-1,0,0.5756848925,4.59488223e-14,4.963446244e-14,0.009802869086,-0.03665698305,0.001439830648
9.016314526,33.25,trans,0,-1,0.5756848925,0.02207466561,-0.1029006219,-9.12546954e-11,-5.59143471e-11,0.01107582886
9.016314526,33.25,trans,0,1,0.5756848925,0.02207466561,-0.1029006219,9.12387993e-11,5.58239019e-11,0.01107582886
9.016314526,33.25,trans,1,0,0.5756848925,4.583378056e-14,4.95748978e-14,0.00980286922,-0.03665698294,0.001439830643
9.016314526,33.25,trans,-1,-1,0.4209519292,0.004796290959,0.01983455427,-0.004312644825,-0.004308109915,0.0004535726665
9.016314526,33.25,trans,-1,1,0.4209519292,0.004796290959,0.01983455427,0.004312644824,0.004308109915,0.0004535726665
9.016314526,33.25,trans,1,-1,0.4209519292,-0.004796290825,-0.01983455435,-0.004312644824,-0.004308109921,0.0004535726684
9.016314526,33.25,trans,1,1,0.4209519292,-0.004796290824,-0.01983455435,0.004312644825,0.004308109921,0.0004535726684
9.016314526,33.25,refl,0,0,0.6968684698,3.189354177e-13,1.086997434e-13,-0.3112144595,-0.3784773049,0.2400995101
9.016314526,33.25,refl,-1,0,0.5756848925,4.835455831e-14,7.584063483e-14,-0.01410212373,0.03416318609,0.001365993178
9.016314526,33.25,refl,0,-1,0.5756848925,0.02469911522,-0.1019458834,9.574941314e-11,5.674958011e-11,0.01100300943
9.016314526,33.25,refl,0,1,0.5756848925,0.02469911522,-0.1019458834,-9.57481489e-11,-5.667961747e-11,0.01100300943
9.016314526,33.25,refl,1,0,0.5756848925,4.828523906e-14,7.578729192e-14,-0.01410212388,0.03416318599,0.001365993175
9.016314526,33.25,refl,-1,-1,0.4209519292,0.004326252849,0.01963632029,0.002530012733,0.007773463736,0.000471129241
9.016314526,33.25,refl,-1,1,0.4209519292,0.00432625285,0.01963632029,-0.002530012733,-0.007773463736,0.000471129241
9.016314526,33.25,refl,1,-1,0.4209519292,-0.004326252718,-0.01963632037,0.002530012732,0.007773463747,0.0004711292431
9.016314526,33.25,refl,1,1,0.4209519292,-0.004326252718,-0.01963632037,-0.002530012732,-0.007773463747,0.0004711292431
8.949028597,33.5,trans,0,0,0.7021080824,2.060869026e-13,9.450985684e-14,0.7030164993,-0.3984241906,0.652974034
8.949028597,33.5,trans,-1,0,0.5820164865,2.902171411e-14,3.552161569e-14,0.01084039941,-0.03519380312,0.001356118037
8.949028597,33.5,trans,0,-1,0.5820164865,0.0261339787,-0.09832459507,-9.752269497e-11,-6.755282507e-11,0.01035071084
8.949028597,33.5,trans,0,1,0.5820164865,0.0261339787,-0.09832459507,9.751550697e-11,6.749006716e-11,0.01035071084
8.949028597,33.5,trans,1,0,0.5820164865,2.890589833e-14,3.548414483e-14,0.01084039954,-0.035193803,0.001356118032
8.949028597,33.5,trans,-1,-1,0.4295702757,0.004637584856,0.0193612522,-0.004354707321,-0.00410572756,0.0004321857548
8.949028597,33.5,trans,-1,1,0.4295702757,0.004637584856,0.0193612522,0.00435470732,0.00410572756,0.0004321857548
8.949028597,33.5,trans,1,-1,0.4295702757,-0.004637584702,-0.01936125228,-0.00435470732,-0.004105727566,0.0004321857564
8.949028597,33.5,trans,1,1,0.4295702757,-0.004637584701,-0.01936125228,0.004354707321,0.004105727566,0.0004321857564
8.949028597,33.5,refl,0,0,0.7021080824,2.060409526e-13,8.489896484e-14,-0.2934680835,-0.3732156633,0.2254134473
8.949028597,33.5,refl,-1,0,0.5820164865,2.99215602e-14,5.313690379e-14,-0.01537713901,0.03268306232,0.001304638967
8.949028597,33.5,refl,0,-1,0.5820164865,0.02896136614,-0.09719895237,1.018544003e-10,6.831274028e-11,0.01028639707
8.949028597,33.5,refl,0,1,0.5820164865,0.02896136614,-0.09719895237,-1.018569149e-10,-6.826386907e-11,0.01028639707
8.949028597,33.5,refl,1,0,0.5820164865,2.984683192e-14,5.311048446e-14,-0.01537713916,0.03268306219,0.001304638963
8.949028597,33.5,refl,-1,-1,0.4295702757,0.004088095902,0.01932035862,0.002505461663,0.007445222002,0.000451697454
8.949028597,33.5,refl,-1,1,0.4295702757,0.004088095902,0.01932035862,-0.002505461662,-0.007445222002,0.000451697454
8.949028597,33.5,refl,1,-1,0.4295702757,-0.00408809575,-0.0193203587,0.002505461661,0.007445222014,0.000451697456
8.949028597,33.5,refl,1,1,0.4295702757,-0.00408809575,-0.0193203587,-0.002505461661,-0.007445222014,0.000451697456
8.882739496,33.75,trans,0,0,0.7073476949,1.446662913e-13,7.669971733e-14,0.7201737717,-0.3929888274,0.6730904799
8.882739496,33.75,trans,-1,0,0.5883266038,1.706760935e-14,2.125632091e-14,0.01180748401,-0.0337779729,0.001280368132
8.882739496,33.75,trans,0,-1,0.5883266038,0.02982111889,-0.09379199115,-1.049470979e-10,-8.086978948e-11,0.009686236736
8.882739496,33.75,trans,0,1,0.5883266038,0.02982111889,-0.09379199115,1.049534177e-10,8.08222979e-11,0.009686236736
8.882739496,33.75,trans,1,0,0.5883266038,1.696235971e-14,2.124283813e-14,0.01180748416,-0.03377797275,0.001280368125
8.882739496,33.75,trans,-1,-1,0.4380817549,0.004524259978,0.01893132506,-0.004429881854,-0.003929023024,0.0004139250721
8.882739496,33.75,trans,-1,1,0.4380817549,0.004524259978,0.01893132506,0.004429881854,0.003929023024,0.0004139250721
8.882739496,33.75,trans,1,-1,0.4380817549,-0.0045242598,-0.01893132514,-0.004429881854,-0.003929023029,0.0004139250735
8.882739496,33.75,trans,1,1,0.4380817549,-0.004524259799,-0.01893132514,0.004429881854,0.003929023029,0.0004139250735
8.882739496,33.75,refl,0,0,0.7073476949,1.444579775e-13,6.935329228e-14,-0.2763887945,-0.3676187373,0.2115343017
8.882739496,33.75,refl,-1,0,0.5883266038,1.787631937e-14,3.532571524e-14,-0.01657874122,0.03124582581,0.001251156291
8.882739496,33.75,refl,0,-1,0.5883266038,0.03284149054,-0.09249532934,1.090953715e-10,8.156644504e-11,0.00963394945
8.882739496,33.75,refl,0,1,0.5883266038,0.03284149054,-0.09249532934,-1.091073375e-10,-8.152665416e-11,0.00963394945
8.882739496,33.75,refl,1,0,0.5883266038,1.781399069e-14,3.532996068e-14,-0.01657874138,0.03124582566,0.001251156287
8.882739496,33.75,refl,-1,-1,0.4380817549,0.003901070699,0.01904364969,0.002524984547,0.007139807441,0.0004352313433
8.882739496,33.75,refl,-1,1,0.4380817549,0.0039010707,0.01904364969,-0.002524984547,-0.007139807441,0.0004352313433
8.882739496,33.75,refl,1,-1,0.4380817549,-0.003901070524,-0.01904364977,0.002524984545,0.007139807454,0.0004352313451
8.882739496,33.75,refl,1,1,0.4380817549,-0.003901070524,-0.01904364977,-0.002524984546,-0.007139807454,0.0004352313451
8.817425235,34,trans,0,0,0.7125873075,9.25103874e-14,5.625862694e-14,0.7366621958,-0.3872437801,0.6926289359
8.817425235,34,trans,-1,0,0.5946159281,1.05243055e-14,1.466099968e-14,0.01270610739,-0.03241187152,0.001211974581
8.817425235,34,trans,0,-1,0.5946159281,0.03315114948,-0.08932543551,-1.136971514e-10,-9.637799703e-11,0.00907803214
8.817425235,34,trans,0,1,0.5946159281,0.03315114948,-0.08932543551,1.137033246e-10,9.634609551e-11,0.00907803214
8.817425235,34,trans,1,0,0.5946159281,1.043109288e-14,1.467582374e-14,0.01270610755,-0.03241187135,0.001211974573
8.817425235,34,trans,-1,-1,0.4464924784,0.004451995206,0.01854538848,-0.004535467212,-0.003780213682,0.0003986121737
8.817425235,34,trans,-1,1,0.4464924784,0.004451995206,0.01854538848,0.004535467211,0.003780213682,0.0003986121737
8.817425235,34,trans,1,-1,0.4464924784,-0.004451994999,-0.01854538856,-0.004535467212,-0.003780213686,0.0003986121748
8.817425235,34,trans,1,1,0.4464924784,-0.004451994999,-0.01854538856,0.004535467212,0.003780213686,0.0003986121748
8.817425235,34,refl,0,0,0.7125873075,9.240641458e-14,5.147894168e-14,-0.2599686781,-0.3617238724,0.1984278735
8.817425235,34,refl,-1,0,0.5946159281,1.070253848e-14,2.413068544e-14,-0.01770861025,0.02985453189,0.001204887951
8.817425235,34,refl,0,-1,0.5946159281,0.03635483834,-0.0878582371,1.17635594e-10,9.702236313e-11,0.009040744096
8.817425235,34,refl,0,1,0.5946159281,0.03635483834,-0.0878582371,-1.176456234e-10,-9.699544884e-11,0.009040744096
8.817425235,34,refl,1,0,0.5946159281,1.064209485e-14,2.416799802e-14,-0.01770861042,0.02985453171,0.001204887947
8.817425235,34,refl,-1,-1,0.4464924784,0.003760431693,0.01880667382,0.00258540081,0.00686018741,0.0004215782954
8.817425235,34,refl,-1,1,0.4464924784,0.003760431693,0.01880667382,-0.00258540081,-0.00686018741,0.0004215782954
8.817425235,34,refl,1,-1,0.4464924784,-0.00376043149,-0.0188066739,0.002585400808,0.006860187425,0.000421578297
8.817425235,34,refl,1,1,0.4464924784,-0.00376043149,-0.0188066739,-0.002585400808,-0.006860187425,0.000421578297
