f_THz,lam_um,Re_S11,Im_S11,Re_S21,Im_S21,absS11,absS21,absS11_cross,absS21_cross,R_total,T_total,A,R_higher,T_higher
10,29.9792458,-0.4647849203,0.4903333346,0.5333589684,0.4795942256,0.6756121677,0.7172742923,9.069708372e-06,9.310599459e-06,0.4564518012,0.5144824105,0.02906578833,0,0
10.024,29.90746788,-0.4682521911,0.490438668,0.529937644,0.4797051829,0.6780783152,0.7148083442,9.071393262e-06,9.289990575e-06,0.4597902017,0.5109509691,0.02925882928,0,0
10.048,29.83603284,-0.4717421931,0.490516397,0.5264838342,0.47978348,0.6805490669,0.7123042997,9.072036333e-06,9.267280173e-06,0.4631470325,0.5073774155,0.02947555197,0,0
10.072,29.76493824,-0.4752550699,0.4905662442,0.5229984045,0.4798290599,0.6830246126,0.709762818,9.070908003e-06,9.241722001e-06,0.4665226215,0.503763258,0.02971412048,0,0
10.096,29.69418166,-0.4787909677,0.4905879099,0.5194821631,0.4798418617,0.6855051335,0.7071845092,9.067079005e-06,9.212390116e-06,0.4699172881,0.5001099301,0.02997278178,0,0
10.12,29.62376067,-0.4823500344,0.4905810708,0.5159358623,0.4798218175,0.6879908013,0.7045699331,9.059382181e-06,9.178148606e-06,0.4733313428,0.4964187907,0.03024986656,0,0
10.144,29.55367291,-0.4859324191,0.4905453805,0.5123602,0.4797688498,0.6904817784,0.7019195993,9.046373994e-06,9.137622933e-06,0.4767650863,0.4926911239,0.03054378974,0,0
10.168,29.48391601,-0.4895382712,0.4904804687,0.508755821,0.4796828688,0.692978217,0.6992339665,9.026300756e-06,9.089177935e-06,0.4802188093,0.48892814,0.03085305072,0,0
10.192,29.41448764,-0.4931677394,0.4903859416,0.5051233182,0.4795637696,0.6954802591,0.6965134425,8.997077682e-06,9.030910363e-06,0.4836927909,0.4851309757,0.03117623333,0,0
10.216,29.34538547,-0.4968209711,0.490261381,0.5014632349,0.4794114301,0.6979880364,0.6937583839,8.956292831e-06,8.960667276e-06,0.4871872991,0.4813006954,0.03151200557,0,0
10.24,29.27660723,-0.5004981115,0.4901063448,0.4977760663,0.4792257086,0.7005016694,0.6909690962,8.901252132e-06,8.876105116e-06,0.4907025889,0.477438292,0.03185911906,0,0
10.264,29.20815062,-0.5041993029,0.4899203665,0.4940622615,0.4790064413,0.7030212675,0.6881458341,8.829084755e-06,8.774806438e-06,0.4942389027,0.473544689,0.03221640826,0,0
10.288,29.14001341,-0.5079246838,0.4897029554,0.4903222253,0.4787534405,0.7055469289,0.6852888015,8.736927544e-06,8.654469883e-06,0.497796469,0.4696207415,0.03258278954,0,0
10.312,29.07219337,-0.5116743881,0.4894535959,0.4865563208,0.4784664927,0.7080787399,0.6823981521,8.622199853e-06,8.51318078e-06,0.501375502,0.465667238,0.03295725994,0,0
10.336,29.00468827,-0.5154485443,0.4891717483,0.4827648711,0.4781453566,0.7106167752,0.6794739898,8.482962551e-06,8.349752052e-06,0.5049762012,0.4616849029,0.03333889588,0,0
10.36,28.93749595,-0.5192472747,0.4888568481,0.478948162,0.4777897614,0.713161097,0.6765163694,8.318326594e-06,8.164097512e-06,0.5085987503,0.4576743981,0.03372685155,0,0
10.384,28.87061421,-0.5230706949,0.4885083063,0.475106444,0.4773994054,0.7157117556,0.6735252968,8.128842448e-06,7.957567448e-06,0.5122433172,0.4536363255,0.03412035728,0,0
10.408,28.80404093,-0.5269189122,0.4881255093,0.4712399349,0.4769739544,0.7182687887,0.6705007303,7.916774501e-06,7.733152639e-06,0.515910053,0.4495712294,0.03451871761,0,0
10.432,28.73777396,-0.5307920259,0.4877078189,0.467348822,0.4765130404,0.7208322214,0.6674425811,7.686162068e-06,7.495464547e-06,0.5195990915,0.4454795991,0.03492130939,0,0
10.456,28.67181121,-0.5346901257,0.4872545724,0.4634332649,0.4760162606,0.7234020658,0.6643507142,7.44260351e-06,7.250438763e-06,0.5233105489,0.4413618715,0.03532757963,0,0
10.48,28.60615057,-0.5386132911,0.4867650828,0.459493398,0.4754831761,0.7259783214,0.6612249492,7.192768854e-06,7.004781082e-06,0.5270445232,0.4372184336,0.03573704325,0,0
10.504,28.54078998,-0.5425615909,0.4862386384,0.4555293325,0.474913311,0.7285609743,0.6580650619,6.943725297e-06,6.765255374e-06,0.5308010934,0.4330496258,0.03614928083,0,0
10.528,28.47572739,-0.5465350821,0.4856745034,0.4515411598,0.4743061517,0.7311499977,0.6548707846,6.702214818e-06,6.537964271e-06,0.5345803193,0.4288557446,0.03656393615,0,0
10.552,28.41096077,-0.5505338094,0.4850719178,0.4475289533,0.4736611462,0.7337453514,0.6516418077,6.474030266e-06,6.327773339e-06,0.5383822408,0.4246370455,0.03698071369,0,0
10.576,28.34648809,-0.5545578042,0.4844300974,0.4434927716,0.4729777032,0.7363469818,0.6483777805,6.263595956e-06,6.137978963e-06,0.5422068776,0.4203937463,0.03739937613,0,0
10.6,28.28230736,-0.5586070842,0.4837482341,0.4394326607,0.472255192,0.7389548217,0.6450783129,6.073793252e-06,5.970244927e-06,0.5460542286,0.4161260298,0.03781974164,0,0
10.624,28.2184166,-0.5626816521,0.4830254959,0.4353486568,0.4714929419,0.7415687907,0.641742976,5.906009105e-06,5.824764725e-06,0.5499242714,0.4118340473,0.03824168128,0,0
10.648,28.15481386,-0.5667814955,0.4822610271,0.4312407886,0.470690242,0.7441887946,0.6383713039,5.760345295e-06,5.70056736e-06,0.553816962,0.4075179217,0.03866511627,0,0
10.672,28.09149719,-0.5709065856,0.4814539485,0.4271090803,0.4698463411,0.7468147254,0.6349627947,5.635913283e-06,5.595878019e-06,0.5577322341,0.4031777507,0.03909001521,0,0
10.696,28.02846466,-0.5750568769,0.4806033573,0.4229535537,0.4689604475,0.7494464615,0.6315169118,5.531148031e-06,5.508462628e-06,0.5616699987,0.3988136099,0.03951639135,0,0
10.72,27.96571437,-0.579232306,0.4797083277,0.4187742311,0.4680317291,0.7520838677,0.6280330852,5.44409367e-06,5.435913059e-06,0.5656301441,0.3944255561,0.03994429979,0,0
10.744,27.90324442,-0.5834327916,0.4787679107,0.4145711377,0.4670593136,0.7547267947,0.624510713,5.372635466e-06,5.375856237e-06,0.5696125346,0.3900136307,0.04037383469,0,0
10.768,27.84105293,-0.5876582328,0.4777811343,0.4103443039,0.4660422887,0.7573750794,0.6209491627,5.31467024e-06,5.326089437e-06,0.5736170109,0.3855778626,0.04080512644,0,0
10.792,27.77913807,-0.5919085094,0.4767470038,0.4060937678,0.4649797023,0.760028545,0.6173477722,5.268219246e-06,5.2846544e-06,0.5776433892,0.3811182719,0.04123833894,0,0
10.816,27.71749797,-0.5961834803,0.475664502,0.401819578,0.4638705631,0.7626870004,0.6137058518,5.231493568e-06,5.249866336e-06,0.5816914607,0.3766348726,0.04167366676,0,0
10.84,27.65613081,-0.6004829834,0.4745325891,0.3975217952,0.4627138407,0.765350241,0.6100226849,5.202923927e-06,5.220312934e-06,0.5857609915,0.3721276761,0.04211133243,0,0
10.864,27.59503479,-0.6048068344,0.4733502033,0.3932004955,0.4615084666,0.7680180479,0.6062975296,5.181166019e-06,5.194835631e-06,0.5898517219,0.3675966944,0.04255158367,0,0
10.888,27.53420812,-0.6091548265,0.4721162605,0.3888557717,0.4602533345,0.7706901881,0.6025296201,5.165090482e-06,5.172501995e-06,0.5939633661,0.3630419432,0.04299469077,0,0
10.912,27.47364901,-0.6135267293,0.4708296547,0.3844877363,0.4589473012,0.7733664147,0.598718168,5.153764334e-06,5.152575144e-06,0.5980956114,0.3584634447,0.04344094386,0,0
10.936,27.41335571,-0.6179222885,0.4694892584,0.3800965232,0.4575891872,0.7760464666,0.5948623633,5.146428589e-06,5.134483735e-06,0.6022481183,0.3538612313,0.04389065036,0,0
10.96,27.35332646,-0.6223412244,0.4680939222,0.3756822902,0.4561777776,0.7787300685,0.590961376,5.142475127e-06,5.11779449e-06,0.6064205196,0.349235348,0.04434413243,0,0
10.984,27.29355954,-0.6267832321,0.4666424754,0.3712452207,0.4547118228,0.7814169308,0.5870143573,5.141424604e-06,5.102188083e-06,0.6106124198,0.3445858558,0.04480172443,0,0
11.008,27.23405323,-0.6312479798,0.465133726,0.3667855261,0.4531900397,0.7841067498,0.5830204407,5.142906385e-06,5.087438615e-06,0.6148233951,0.3399128343,0.04526377056,0,0
11.032,27.17480584,-0.635735109,0.4635664608,0.3623034475,0.4516111126,0.7867992072,0.5789787432,5.146640871e-06,5.073396484e-06,0.6190529924,0.3352163851,0.04573062245,0,0
11.056,27.11581567,-0.6402442326,0.4619394458,0.3577992578,0.4499736938,0.7894939702,0.5748883666,5.152424297e-06,5.059974332e-06,0.6233007291,0.330496634,0.04620263692,0,0
11.08,27.05708105,-0.6447749351,0.460251426,0.3532732633,0.4482764054,0.7921906917,0.5707483983,5.160115848e-06,5.047135625e-06,0.627566092,0.3257537342,0.04668017373,0,0
11.104,26.99860032,-0.649326771,0.4585011254,0.3487258058,0.4465178397,0.7948890096,0.5665579131,5.169626882e-06,5.034885481e-06,0.6318485376,0.3209878689,0.04716359351,0,0
11.128,26.94037185,-0.6538992645,0.4566872478,0.3441572644,0.4446965607,0.7975885471,0.5623159732,5.180911975e-06,5.02326334e-06,0.6361474905,0.3161992537,0.04765325573,0,0
11.152,26.88239401,-0.6584919083,0.4548084763,0.3395680567,0.4428111049,0.8002889125,0.5580216302,5.193961532e-06,5.012337145e-06,0.6404623435,0.3113881398,0.04814951672,0,0
11.176,26.82466518,-0.6631041628,0.4528634734,0.3349586409,0.4408599831,0.8029896987,0.5536739255,5.208795717e-06,5.002198748e-06,0.6447924563,0.3065548158,0.04865272789,0,0
11.2,26.76718375,-0.667735455,0.4508508817,0.3303295172,0.4388416806,0.8056904836,0.5492718913,5.22545947e-06,4.992960292e-06,0.6491371555,0.3016996106,0.04916323397,0,0
11.224,26.70994815,-0.6723851779,0.4487693232,0.3256812294,0.4367546593,0.8083908293,0.5448145516,5.244018438e-06,4.984751373e-06,0.653495733,0.2968228956,0.04968137136,0,0
11.248,26.65295679,-0.6770526892,0.4466174001,0.3210143662,0.4345973585,0.8110902822,0.5403009229,5.264555637e-06,4.977716812e-06,0.657867446,0.2919250874,0.05020746668,0,0
11.272,26.59620813,-0.6817373101,0.4443936943,0.316329563,0.4323681959,0.8137883726,0.5357300152,5.287168719e-06,4.97201491e-06,0.6622515155,0.2870066493,0.05074183526,0,0
11.296,26.5397006,-0.6864383247,0.4420967679,0.3116275028,0.4300655691,0.8164846146,0.5311008324,5.311967742e-06,4.967816065e-06,0.6666471258,0.2820680942,0.05128477994,0,0
11.32,26.48343269,-0.6911549785,0.4397251633,0.3069089179,0.4276878567,0.8191785053,0.5264123732,5.339073326e-06,4.965301681e-06,0.6710534235,0.2771099867,0.0518365898,0,0
11.344,26.42740286,-0.6958864772,0.4372774028,0.3021745912,0.4252334194,0.821869525,0.5216636317,5.368615146e-06,4.96466327e-06,0.6754695162,0.2721329446,0.05239753918,0,0
11.368,26.37160961,-0.7006319858,0.4347519894,0.2974253573,0.4227006014,0.8245571367,0.5168535978,5.400730685e-06,4.966101723e-06,0.6798944718,0.2671376416,0.05296788665,0,0
11.392,26.31605144,-0.7053906267,0.4321474062,0.2926621038,0.420087731,0.8272407854,0.5119812582,5.435564207e-06,4.969826669e-06,0.684327317,0.2621248087,0.05354787424,0,0
11.416,26.26072687,-0.7101614792,0.4294621171,0.2878857725,0.4173931224,0.8299198977,0.5070455963,5.473265905e-06,4.976055909e-06,0.6887670366,0.2570952367,0.05413772671,0,0
11.44,26.20563444,-0.7149435771,0.4266945665,0.283097361,0.4146150765,0.8325938815,0.502045593,5.51399121e-06,4.985014887e-06,0.6932125716,0.2520497775,0.05473765094,0,0
11.464,26.15077268,-0.719735908,0.4238431797,0.2782979231,0.4117518819,0.8352621255,0.4969802272,5.557900208e-06,4.996936179e-06,0.6976628182,0.2469893463,0.05534783548,0,0
11.488,26.09614015,-0.7245374113,0.4209063628,0.2734885708,0.408801816,0.8379239981,0.4918484758,5.605157189e-06,5.012058978e-06,0.7021166266,0.2419149232,0.0559684502,0,0
11.512,26.04173541,-0.7293469766,0.4178825033,0.2686704751,0.4057631463,0.8405788475,0.4866493143,5.65593027e-06,5.030628576e-06,0.7065727989,0.2368275551,0.05659964599,0,0
11.536,25.98755704,-0.7341634423,0.4147699697,0.2638448672,0.4026341311,0.8432260004,0.481381717,5.710391128e-06,5.052895831e-06,0.7110300878,0.2317283575,0.05724155473,0,0
11.56,25.93360363,-0.7389855933,0.4115671122,0.2590130398,0.3994130206,0.8458647617,0.4760446573,5.768714792e-06,5.079116622e-06,0.715487195,0.2266185158,0.05789428915,0,0
11.584,25.87987379,-0.7438121596,0.4082722629,0.2541763483,0.3960980579,0.8484944133,0.4706371081,5.831079536e-06,5.109551303e-06,0.7199427694,0.2214992875,0.05855794302,0,0
11.608,25.82636613,-0.7486418137,0.404883736,0.2493362124,0.39268748,0.8511142138,0.4651580417,5.897666833e-06,5.144464157e-06,0.7243954049,0.2163720038,0.0592325913,0,0
11.632,25.77307926,-0.7534731691,0.4013998282,0.2444941167,0.3891795186,0.8537233971,0.4596064304,5.968661395e-06,5.184122875e-06,0.7288436387,0.2112380708,0.05991829042,0,0
11.656,25.72001184,-0.758304778,0.3978188191,0.239651613,0.3855724011,0.8563211717,0.4539812464,6.044251286e-06,5.228798069e-06,0.7332859492,0.2060989721,0.06061507866,0,0
11.68,25.6671625,-0.7631351286,0.3941389717,0.2348103209,0.3818643515,0.8589067199,0.4482814626,6.124628126e-06,5.27876285e-06,0.7377207536,0.2009562698,0.06132297667,0,0
11.704,25.6145299,-0.7679626431,0.3903585332,0.2299719299,0.3780535912,0.8614791963,0.4425060523,6.209987369e-06,5.334292483e-06,0.7421464056,0.1958116064,0.06204198799,0,0
11.728,25.56211272,-0.772785675,0.3864757352,0.2251382005,0.3741383401,0.8640377268,0.4366539898,6.300528676e-06,5.395664155e-06,0.7465611935,0.1906667069,0.06277209968,0,0
11.752,25.50990963,-0.7776025068,0.3824887946,0.2203109664,0.3701168172,0.8665814079,0.4307242509,6.396456382e-06,5.463156874e-06,0.7509633366,0.1855233804,0.06351328304,0,0
11.776,25.45791933,-0.7824113465,0.3783959149,0.2154921359,0.365987242,0.8691093047,0.4247158132,6.497980057e-06,5.537051523e-06,0.7553509836,0.180383522,0.06426549441,0,0
11.8,25.40614051,-0.7872103258,0.3741952862,0.2106836936,0.3617478349,0.8716204502,0.4186276565,6.605315173e-06,5.617631106e-06,0.7597222093,0.1752491148,0.06502867592,0,0
11.824,25.35457189,-0.791997496,0.3698850873,0.2058877029,0.3573968184,0.8741138435,0.4124587641,6.718683875e-06,5.705181187e-06,0.7640750115,0.1701222321,0.06580275644,0,0
11.848,25.30321219,-0.7967708258,0.365463486,0.2011063077,0.3529324184,0.8765884487,0.4062081227,6.838315879e-06,5.799990564e-06,0.7684073085,0.165005039,0.06658765248,0,0
11.872,25.25206014,-0.8015281976,0.3609286412,0.1963417348,0.3483528648,0.8790431932,0.3998747245,6.964449475e-06,5.902352182e-06,0.7727169356,0.1598997953,0.0673832691,0,0
11.896,25.20111449,-0.8062674041,0.3562787039,0.191596296,0.3436563931,0.8814769661,0.3934575672,7.097332679e-06,6.012564302e-06,0.7770016419,0.1548088572,0.06818950094,0,0
11.92,25.15037399,-0.8109861453,0.3515118191,0.186872391,0.3388412452,0.8838886167,0.3869556563,7.23722451e-06,6.13093195e-06,0.7812590868,0.14973468,0.06900623315,0,0
11.944,25.09983741,-0.8156820242,0.3466261276,0.1821725097,0.3339056712,0.8862769527,0.3803680068,7.384396424e-06,6.257768642e-06,0.785486837,0.1446798206,0.06983334243,0,0
11.968,25.04950351,-0.8203525437,0.3416197682,0.1774992352,0.3288479306,0.8886407384,0.3736936445,7.539133912e-06,6.39339841e-06,0.789682362,0.13964694,0.07067069802,0,0
11.992,24.99937108,-0.8249951023,0.3364908799,0.1728552465,0.3236662941,0.8909786929,0.3669316096,7.701738272e-06,6.538158134e-06,0.7938430312,0.1346388062,0.07151816261,0,0
12.016,24.94943891,-0.8296069906,0.3312376046,0.1682433221,0.3183590449,0.8932894881,0.3600809588,7.872528579e-06,6.692400199e-06,0.7979661097,0.1296582969,0.07237559337,0,0
12.04,24.89970581,-0.8341853869,0.3258580897,0.1636663426,0.3129244814,0.8955717471,0.3531407691,8.051843872e-06,6.856495481e-06,0.8020487543,0.1247084028,0.07324284284,0,0
12.064,24.85017059,-0.8387273529,0.3203504912,0.1591272947,0.3073609189,0.8978240416,0.346110142,8.240045575e-06,7.030836705e-06,0.8060880098,0.1197922304,0.0741197598,0,0
12.088,24.80083206,-0.84322983,0.3147129774,0.1546292745,0.3016666918,0.9000448902,0.3389882084,8.4375202e-06,7.215842186e-06,0.8100808044,0.1149130055,0.07500619008,0,0
12.112,24.75168907,-0.8476896344,0.3089437322,0.1501754913,0.2958401567,0.902232756,0.3317741348,8.64468234e-06,7.411959987e-06,0.8140239461,0.1100740766,0.07590197738,0,0
12.136,24.70274044,-0.852103453,0.3030409596,0.1457692715,0.2898796952,0.9043860447,0.3244671296,8.861978021e-06,7.619672565e-06,0.8179141179,0.1052789182,0.07680696387,0,0
12.16,24.65398503,-0.8564678387,0.2970028874,0.1414140627,0.2837837168,0.906503102,0.3170664521,9.089888442e-06,7.839501926e-06,0.821747874,0.1005311351,0.07772099089,0,0
12.184,24.6054217,-0.8607792061,0.2908277728,0.1371134377,0.2775506629,0.9085822115,0.309571422,9.328934167e-06,8.072015404e-06,0.8255216352,0.09583446537,0.07864389941,0,0
12.208,24.55704931,-0.8650338267,0.284513907,0.1328710991,0.2711790106,0.9106215925,0.3019814311,9.579679841e-06,8.317832123e-06,0.8292316847,0.09119278482,0.07957553045,0,0
12.232,24.50886674,-0.8692278244,0.2780596212,0.1286908834,0.2646672766,0.9126193969,0.2942959578,9.842739514e-06,8.577630274e-06,0.8328741637,0.08661011084,0.08051572542,0,0
12.256,24.46087288,-0.8733571709,0.2714632925,0.1245767656,0.2580140227,0.9145737079,0.2865145833,1.011878266e-05,8.852155346e-06,0.8364450672,0.08209060651,0.08146432629,0,0
12.28,24.41306661,-0.8774176813,0.2647233501,0.1205328642,0.2512178603,0.9164825364,0.2786370124,1.0408541e-05,9.142229468e-06,0.8399402396,0.07763858475,0.08242117565,0,0
12.304,24.36544685,-0.8814050092,0.2578382833,0.116563445,0.2442774566,0.9183438194,0.2706630978,1.071281636e-05,9.448762096e-06,0.8433553708,0.07325851257,0.08338611666,0,0
12.328,24.31801249,-0.8853146429,0.2508066481,0.1126729266,0.2371915404,0.9201554172,0.2625928697,1.103248951e-05,9.772762272e-06,0.8466859918,0.06895501531,0.08435899285,0,0
12.352,24.27076247,-0.8891419005,0.2436270758,0.1088658846,0.2299589093,0.9219151106,0.2544265725,1.136853049e-05,1.01153528e-05,0.8499274714,0.06473288089,0.08533964774,0,0
12.376,24.2236957,-0.8928819259,0.2362982815,0.1051470564,0.2225784366,0.9236205993,0.2461647089,1.172201044e-05,1.047778669e-05,0.8530750116,0.06059706402,0.08632792438,0,0
12.4,24.17681113,-0.8965296851,0.2288190738,0.1015213459,0.2150490796,0.9252694985,0.2378080955,1.209411526e-05,1.08614664e-05,0.8561236449,0.05655269042,0.08732366465,0,0
12.424,24.13010769,-0.9000799621,0.221188364,0.09799382741,0.2073698881,0.926859337,0.2293579314,1.248616161e-05,1.126796638e-05,0.8590682307,0.05260506081,0.08832670848,0,0
12.448,24.08358435,-0.9035273556,0.2134051773,0.09456975077,0.1995400135,0.9283875549,0.2208158843,1.289961554e-05,1.169905974e-05,0.8619034523,0.0487596549,0.08933689284,0,0
12.472,24.03724006,-0.906866276,0.2054686634,0.09125454479,0.1915587194,0.9298515011,0.2121842004,1.333611432e-05,1.215674998e-05,0.8646238143,0.04502213506,0.09035405063,0,0
12.496,23.99107378,-0.9100909421,0.1973781088,0.08805382138,0.1834253914,0.9312484312,0.203465844,1.379749233e-05,1.264330879e-05,0.8672236408,0.04139834984,0.09137800932,0,0
12.52,23.9450845,-0.9131953792,0.1891329491,0.08497337901,0.1751395496,0.9325755053,0.1946646783,1.428581152e-05,1.316132161e-05,0.8696970733,0.03789433716,0.09240858954,0,0
12.544,23.89927121,-0.9161734174,0.1807327821,0.08201920581,0.1667008602,0.933829786,0.1857857016,1.480339792e-05,1.371374274e-05,0.8720380695,0.03451632711,0.09344560339,0,0
12.568,23.85363288,-0.9190186896,0.1721773821,0.07919748227,0.1581091488,0.9350082367,0.1768353588,1.535288524e-05,1.430396242e-05,0.874240403,0.03127074432,0.09448885267,0,0
12.592,23.80816852,-0.9217246315,0.1634667139,0.07651458336,0.1493644142,0.9361077197,0.1678219583,1.593726734e-05,1.493588919e-05,0.8762976632,0.02816420991,0.09553812692,0,0
12.616,23.76287714,-0.9242844813,0.1546009487,0.07397708009,0.1404668433,0.9371249947,0.1587562359,1.655996194e-05,1.561405157e-05,0.878203256,0.02520354268,0.09659320133,0,0
12.64,23.71775775,-0.9266912804,0.1455804799,0.07159174025,0.1314168266,0.9380567175,0.1496521286,1.722488811e-05,1.634372481e-05,0.8799504056,0.02239575985,0.09765383451,0,0
12.664,23.67280938,-0.9289378755,0.1364059393,0.06936552854,0.1222149745,0.9388994391,0.1405278497,1.793656152e-05,1.713108998e-05,0.8815321571,0.01974807683,0.09871976611,0,0
12.688,23.62803105,-0.9310169205,0.1270782154,0.06730560563,0.1128621345,0.9396496044,0.1314074045,1.870021205e-05,1.798343567e-05,0.8829413794,0.01726790627,0.09979071434,0,0
12.712,23.58342181,-0.9329208808,0.1175984704,0.06541932638,0.1033594092,0.9403035521,0.1223227523,1.952193023e-05,1.890941603e-05,0.8841707705,0.0149628561,0.1008663734,0,0
12.736,23.53898068,-0.9346420378,0.1079681594,0.06371423681,0.09370817538,0.9408575143,0.1133169277,2.040885107e-05,1.99193846e-05,0.8852128626,0.0128407265,0.1019464109,0,0
12.76,23.49470674,-0.9361724945,0.09818904943,0.06219807002,0.08391010303,0.9413076165,0.1044485773,2.136938671e-05,2.102583097e-05,0.8860600294,0.01090950575,0.1030304648,0,0
12.784,23.45059903,-0.9375041836,0.08826323897,0.06087874066,0.07396717601,0.9416498784,0.09579856049,2.241352361e-05,2.224395923e-05,0.8867044941,0.009177364686,0.1041181412,0,0
12.808,23.40665662,-0.9386288752,0.07819317817,0.05976433803,0.06388171279,0.9418802145,0.08747942232,2.355320595e-05,2.359246494e-05,0.8871383391,0.007652649886,0.105209011,0,0
12.832,23.36287858,-0.939538188,0.06798168934,0.05886311756,0.05365638795,0.9419944356,0.07964844366,2.480283533e-05,2.509459453e-05,0.8873535174,0.006343875206,0.1063026074,0,0
12.856,23.319264,-0.9402236003,0.05763198777,0.05818349069,0.04329425414,0.9419882507,0.07252386525,2.617992974e-05,2.67796145e-05,0.8873418652,0.005259711748,0.107398423,0,0
12.88,23.27581196,-0.940676464,0.04714770273,0.05773401288,0.03279876447,0.9418572694,0.06640011441,2.770600294e-05,2.868488724e-05,0.8870951166,0.004408976017,0.1084959073,0,0
12.904,23.23252154,-0.9408880201,0.03653289855,0.05752336969,0.02217379518,0.9415970046,0.06164913019,2.94077536e-05,3.085886637e-05,0.8866049199,0.003800616206,0.1095944639,0,0
12.928,23.18939186,-0.9408494153,0.02579209575,0.05756036087,0.01142366851,0.9412028764,0.0586830073,3.131869622e-05,3.336552259e-05,0.8858628555,0.003443696459,0.1106934481,0,0
12.952,23.14642202,-0.940551722,0.01493029194,0.05785388226,0.0005531754865,0.940670216,0.05785652682,3.3481432e-05,3.62910621e-05,0.8848604565,0.003347379013,0.1117921645,0,0
12.976,23.10361113,-0.9399859591,0.003952982445,0.05841290542,-0.01043240128,0.9399942709,0.05933719337,3.595086193e-05,3.9754446e-05,0.8835892307,0.003520904097,0.1128898652,0,0
13,23.06095831,-0.9391431158,-0.007133819538,0.05924645495,-0.02152726526,0.93917021,0.06303622429,3.879881055e-05,4.392446266e-05,0.8820406849,0.003973567503,0.1139857476,0,0
13.024,23.01846268,-0.9380141772,-0.01832356347,0.06036358325,-0.03272508409,0.9381931303,0.06866362437,4.212079515e-05,4.904862453e-05,0.8802063514,0.004714695717,0.1150789529,0,0
13.048,22.97612339,-0.9365901522,-0.0296091428,0.06177334292,-0.04401896843,0.9370580636,0.07585259044,4.604610174e-05,5.550457779e-05,0.8780778167,0.005753618558,0.1161685647,0,0
13.072,22.93393957,-0.934862104,-0.0409828774,0.0634847564,-0.05540145182,0.9357599851,0.08425933277,5.075299202e-05,6.389720526e-05,0.8756467523,0.007099639243,0.1172536085,0,0
13.096,22.89191035,-0.9328211824,-0.05243649723,0.06550678313,-0.06686447171,0.9342938213,0.09360553516,5.649179927e-05,7.525589567e-05,0.8729049477,0.008762001877,0.1183330504,0,0
13.12,22.85003491,-0.9304586591,-0.06396112756,0.06784828395,-0.07839935197,0.9326544602,0.1036814739,6.361955293e-05,9.147282024e-05,0.8698443462,0.01074985639,0.1194057974,0,0
13.144,22.80831239,-0.9277659649,-0.07554727592,0.07051798291,-0.08999678727,0.9308367615,0.1143337554,7.264853214e-05,0.0001163884692,0.8664570818,0.01307222118,0.1204706971,0,0
13.168,22.76674195,-0.9247347291,-0.08718482111,0.07352442648,-0.1016468294,0.928835568,0.1254508638,8.429815107e-05,0.0001588139914,0.8627355194,0.01573794444,0.1215265361,0,0
13.192,22.72532277,-0.9213568218,-0.09886300449,0.07687594018,-0.1133388761,0.926645718,0.1369511263,9.947454324e-05,0.0002408403652,0.8586722966,0.01875566901,0.1225720344,0,0
13.216,22.68405403,-0.9176243971,-0.1105704238,0.0805805827,-0.1250616623,0.9242620585,0.1487738206,0.0001188392938,0.0003795992897,0.8542603669,0.02213379379,0.1236058393,0,0
13.24,22.64293489,-0.9135299398,-0.12229503,0.08464609783,-0.1368032552,0.9216794591,0.1608729079,0.000140876607,0.000329856774,0.8494930452,0.02588020132,0.1246267535,0,0
13.264,22.60196457,-0.9090663128,-0.1340241268,0.08907986405,-0.1485510513,0.9188928271,0.173212693,0.0001574802622,0.0002018678402,0.8443640525,0.03000267778,0.1256332697,0,0
13.288,22.56114223,-0.9042268068,-0.1457443742,0.09388884228,-0.1602917786,0.9158971235,0.1857648217,0.0001557013545,0.00013654519,0.8388675651,0.03450858763,0.1266238473,0,0
13.312,22.5204671,-0.8990051911,-0.1574417955,0.09907952188,-0.1720115017,0.9126873794,0.1985061922,0.0001361805879,0.0001014191877,0.8329982711,0.03940471864,0.1275970102,0,0
13.336,22.47993836,-0.8933957658,-0.1691017875,0.1046578652,-0.1836956317,0.9092587139,0.2114174871,0.00011235386,8.003263903e-05,0.8267514215,0.04469736028,0.1285512182,0,0
13.36,22.43955524,-0.8873934149,-0.1807091366,0.1106292512,-0.195328941,0.9056063521,0.2244821293,9.200833977e-05,6.576402361e-05,0.8201228734,0.05039223072,0.1294848959,0,0
13.384,22.39931695,-0.88099366,-0.1922480375,0.1169984179,-0.2068955817,0.9017256439,0.2376855308,7.630875396e-05,5.560712781e-05,0.8131091426,0.05649441463,0.1303964427,0,0
13.408,22.3592227,-0.8741927137,-0.2037021176,0.1237694054,-0.218379111,0.8976120841,0.2510145451,6.439188719e-05,4.802935041e-05,0.8057074576,0.06300830414,0.1312842383,0,0
13.432,22.31927174,-0.8669875339,-0.2150544661,0.1309454981,-0.2297625199,0.8932613321,0.2644570646,5.524994525e-05,4.217514814e-05,0.7979158105,0.06993754078,0.1321466488,0,0
13.456,22.27946329,-0.8593758762,-0.2262876677,0.1385291683,-0.2410282688,0.8886692327,0.2780017209,4.811304917e-05,3.753230424e-05,0.7897330075,0.07728495822,0.1329820343,0,0
13.48,22.23979659,-0.8513563459,-0.2373838416,0.1465220207,-0.2521583281,0.8838318369,0.2916376604,4.244403999e-05,3.377696327e-05,0.7811587178,0.08505252613,0.1337887561,0,0
13.504,22.20027088,-0.8429284483,-0.248324686,0.1549247388,-0.2631342246,0.8787454232,0.3053543758,3.787432851e-05,3.069537265e-05,0.7721935202,0.09324129578,0.1345651841,0,0
13.528,22.16088542,-0.834092637,-0.2590915268,0.1637370337,-0.2739370929,0.8734065184,0.3191415784,3.414937256e-05,2.814154634e-05,0.7628389476,0.1018513479,0.1353097046,0,0
13.552,22.12163946,-0.824850359,-0.2696653722,0.1729575958,-0.2845477333,0.8678119196,0.3329891026,3.109097566e-05,2.601300431e-05,0.7530975287,0.1108817431,0.1360207281,0,0
13.576,22.08253226,-0.8152040973,-0.2800269721,0.18258405,-0.2949466745,0.8619587144,0.3468868347,2.857245216e-05,2.423616243e-05,0.7429728261,0.1203304767,0.1366966972,0,0
13.6,22.04356309,-0.8051574089,-0.2901568821,0.1926129156,-0.3051142415,0.8558443021,0.3608246605,2.650229671e-05,2.275713476e-05,0.7324694701,0.1301944362,0.1373360938,0,0
13.624,22.00473121,-0.7947149597,-0.3000355323,0.2030395704,-0.3150306287,0.8494664135,0.3747924282,2.481325716e-05,2.153570139e-05,0.7215931884,0.1404693647,0.137937447,0,0
13.648,21.9660359,-0.7838825529,-0.3096433002,0.2138582209,-0.3246759772,0.842823131,0.3887799234,2.345483223e-05,2.054120153e-05,0.7103508306,0.1511498292,0.1384993401,0,0
13.672,21.92747645,-0.7726671535,-0.318960588,0.225061878,-0.3340304562,0.8359129063,0.4027768546,2.238798382e-05,1.974964711e-05,0.6987503874,0.162229195,0.1390204177,0,0
13.696,21.88905213,-0.7610769062,-0.3279679025,0.2366423394,-0.3430743482,0.8287345789,0.416772846,2.158134623e-05,1.914165073e-05,0.6868010027,0.1736996055,0.1394993918,0,0
13.72,21.85076224,-0.7491211465,-0.3366459389,0.2485901794,-0.3517881371,0.821287392,0.4307574384,2.100851634e-05,1.870093148e-05,0.6745129807,0.1855519711,0.1399350482,0,0
13.744,21.81260608,-0.7368104062,-0.3449756665,0.2608947457,-0.3601525983,0.8135710081,0.4447200944,2.064617871e-05,1.841325715e-05,0.6618977856,0.1977759627,0.1403262517,0,0
13.768,21.77458295,-0.7241564107,-0.3529384163,0.273544164,-0.3681488907,0.8055855218,0.4586502102,2.04728977e-05,1.826572916e-05,0.6489680333,0.2103600157,0.140671951,0,0
13.792,21.73669214,-0.7111720692,-0.3605159701,0.2865253509,-0.3757586492,0.7973314723,0.4725371299,2.046842956e-05,1.824633678e-05,0.6357374772,0.2232913395,0.1409711834,0,0
13.816,21.69893298,-0.6978714576,-0.367690649,0.2998240355,-0.3829640775,0.7888098533,0.4863701645,2.061340542e-05,1.834371334e-05,0.6222209851,0.2365559372,0.1412230776,0,0
13.84,21.66130477,-0.6842697926,-0.3744454032,0.313424788,-0.3897480399,0.7800221208,0.5001386131,2.088923891e-05,1.854702934e-05,0.6084345094,0.2501386327,0.1414268579,0,0
13.864,21.62380684,-0.6703833992,-0.3807638986,0.3273110583,-0.3960941511,0.7709701994,0.5138317871,2.127813255e-05,1.884596391e-05,0.5943950489,0.2640231058,0.1415818454,0,0
13.888,21.58643851,-0.6562296693,-0.3866306035,0.3414652215,-0.4019868637,0.7616564859,0.5274390354,2.176309327e-05,1.92307064e-05,0.5801206029,0.2781919365,0.1416874606,0,0
13.912,21.54919911,-0.641827013,-0.3920308709,0.3558686325,-0.4074115519,0.7520838507,0.5409497723,2.23279085e-05,1.969195475e-05,0.5656301189,0.2926266566,0.1417432245,0,0
13.936,21.51208797,-0.6271948022,-0.3969510185,0.370501687,-0.4123545912,0.7422556372,0.5543535054,2.295706992e-05,2.02208913e-05,0.5509434315,0.3073078094,0.1417487591,0,0
13.96,21.47510444,-0.612353307,-0.4013784034,0.3853438913,-0.4168034328,0.7321756587,0.5676398649,2.36356565e-05,2.080912945e-05,0.5360811958,0.3222150166,0.1417037875,0,0
13.984,21.43824785,-0.5973236253,-0.4053014921,0.4003739375,-0.4207466719,0.7218481923,0.5807986327,2.434920083e-05,2.144863269e-05,0.5210648134,0.3373270522,0.1416081345,0,0
14.008,21.40151756,-0.5821276061,-0.4087099248,0.4155697854,-0.4241741093,0.7112779713,0.5938197719,2.508356734e-05,2.213161285e-05,0.5059163531,0.352621922,0.1414617249,0,0
14.032,21.36491291,-0.566787767,-0.4115945731,0.4309087501,-0.4270768065,0.7004701745,0.606693456,2.582486881e-05,2.285041672e-05,0.4906584661,0.3680769501,0.1412645838,0,0
14.056,21.32843327,-0.551327206,-0.4139475906,0.4463675938,-0.4294471318,0.689430414,0.6194100966,2.655944272e-05,2.359741087e-05,0.4753142965,0.3836688684,0.1410168351,0,0
14.08,21.29207798,-0.5357695101,-0.4157624556,0.4619226213,-0.4312787996,0.6781647199,0.6319603714,2.727390198e-05,2.436487435e-05,0.4599073881,0.3993739116,0.1407187003,0,0
14.104,21.25584643,-0.5201386589,-0.4170340064,0.4775497791,-0.4325668995,0.6666795235,0.6443352498,2.795526584e-05,2.51449084e-05,0.4444615878,0.4151679147,0.1403704975,0,0
14.128,21.21973797,-0.5044589267,-0.4177584679,0.493224756,-0.4333079183,0.6549816381,0.6565260178,2.859116715e-05,2.592937198e-05,0.429000947,0.4310264127,0.1399726403,0,0
14.152,21.18375198,-0.4887547811,-0.4179334694,0.508923085,-0.4334997515,0.6430782385,0.668524301,2.917012189e-05,2.670985068e-05,0.4135496217,0.4469247418,0.1395256365,0,0
14.176,21.14788784,-0.4730507824,-0.4175580537,0.5246202454,-0.4331417071,0.6309768387,0.6803220857,2.968183682e-05,2.747766623e-05,0.3981317719,0.4628381411,0.139030087,0,0
14.2,21.11214493,-0.457371481,-0.416632678,0.5402917642,-0.4322344997,0.6186852673,0.691911738,3.011752363e-05,2.822393144e-05,0.3827714609,0.478741854,0.1384866851,0,0
14.224,21.07652264,-0.4417413167,-0.415159205,0.5559133157,-0.4307802365,0.6062116432,0.7032860205,3.047018357e-05,2.893965348e-05,0.3674925573,0.4946112275,0.1378962152,0,0
14.248,21.04102035,-0.4261845192,-0.4131408861,0.5714608192,-0.4287823944,0.5935643487,0.7144381076,3.073482771e-05,2.961588467e-05,0.352318637,0.5104218105,0.1372595525,0,0
14.272,21.00563747,-0.4107250109,-0.4105823362,0.5869105328,-0.4262457897,0.5807520033,0.7253615972,3.090860418e-05,3.024391586e-05,0.3372728903,0.5261494476,0.136577662,0,0
14.296,20.97037339,-0.3953863131,-0.4074895006,0.6022391435,-0.4231765401,0.5677834356,0.7360505214,3.099081497e-05,3.081550273e-05,0.3223780307,0.541770371,0.1358515983,0,0
14.32,20.93522751,-0.3801914561,-0.4038696139,0.6174238528,-0.4195820194,0.5546676557,0.7464993537,3.098281866e-05,3.132311035e-05,0.3076562093,0.5572612861,0.1350825047,0,0
14.344,20.90019925,-0.3651628936,-0.3997311523,0.632442457,-0.4154708065,0.5414138278,0.7567030147,3.088782937e-05,3.176015804e-05,0.2931289339,0.5725994535,0.1342716126,0,0
14.368,20.865288,-0.3503224232,-0.3950837791,0.6472734213,-0.4108526282,0.5280312421,0.766656875,3.071063388e-05,3.212124392e-05,0.2788169936,0.5877627651,0.1334202413,0,0
14.392,20.83049319,-0.3356911114,-0.3899382849,0.661895949,-0.405738297,0.5145292881,0.7763567563,3.045725611e-05,3.240232899e-05,0.2647403893,0.602729814,0.1325297967,0,0
14.416,20.79581423,-0.3212892262,-0.3843065222,0.6762900428,-0.4001396453,0.5009174282,0.7857989296,3.01346001e-05,3.260086348e-05,0.2509182708,0.6174799588,0.1316017705,0,0
14.44,20.76125055,-0.3071361752,-0.3782013353,0.6904365602,-0.3940694554,0.4872051725,0.7949801125,2.975010072e-05,3.271584343e-05,0.237368881,0.6319933803,0.1306377387,0,0
14.464,20.72680158,-0.293250451,-0.3716364873,0.7043172623,-0.3875413865,0.473402055,0.8038974637,2.931140506e-05,3.274779241e-05,0.2241095065,0.6462511332,0.1296393602,0,0
14.488,20.69246673,-0.2796495838,-0.3646265835,0.7179148552,-0.3805699004,0.4595176114,0.812548576,2.882610042e-05,3.269867108e-05,0.211156436,0.6602351895,0.1286083745,0,0
14.512,20.65824545,-0.266350101,-0.3571869927,0.7312130248,-0.3731701855,0.4455613583,0.8209314679,2.830149696e-05,3.257172412e-05,0.1985249248,0.673928476,0.1275465992,0,0
14.536,20.62413718,-0.2533674936,-0.3493337668,0.7441964647,-0.3653580792,0.4315427759,0.829044573,2.774446674e-05,3.237127954e-05,0.1862291682,0.6873149051,0.1264559266,0,0
14.56,20.59014135,-0.2407161907,-0.3410835602,0.7568508978,-0.3571499919,0.4174712918,0.8368867297,2.71613356e-05,3.210251824e-05,0.1742822802,0.7003793993,0.1253383204,0,0
14.584,20.55625741,-0.2284095396,-0.3324535483,0.7691630914,-0.34856283,0.4033562688,0.8444571674,2.655782133e-05,3.177123225e-05,0.1626962803,0.7131079086,0.1241958111,0,0
14.608,20.5224848,-0.2164597944,-0.3234613472,0.7811208657,-0.3396139204,0.389206996,0.8517554941,2.593900989e-05,3.138358851e-05,0.1514820864,0.7254874227,0.1230304909,0,0
14.632,20.48882299,-0.2048781093,-0.3141249338,0.7927130976,-0.3303209372,0.3750326835,0.8587816815,2.530936112e-05,3.09459116e-05,0.1406495143,0.7375059775,0.1218445082,0,0
14.656,20.45527142,-0.1936745397,-0.3044625683,0.8039297178,-0.3207018291,0.3608424626,0.8655360503,2.46727359e-05,3.046449502e-05,0.1302072834,0.7491526553,0.1206400613,0,0
14.68,20.42182956,-0.1828580484,-0.2944927183,0.8147617041,-0.3107747505,0.3466453909,0.8720192544,2.403243782e-05,2.994544635e-05,0.1201630276,0.760417581,0.1194193914,0,0
14.704,20.38849687,-0.1724365173,-0.284233986,0.825201069,-0.3005579941,0.3324504644,0.8782322655,2.33912636e-05,2.939456802e-05,0.1105233119,0.771291913,0.1181847752,0,0
14.728,20.35527281,-0.1624167646,-0.2737050376,0.8352408435,-0.2900699274,0.3182666382,0.8841763565,2.275155786e-05,2.881727251e-05,0.1012936535,0.7817678303,0.1169385162,0,0
14.752,20.32215686,-0.152804566,-0.2629245369,0.8448750572,-0.2793289315,0.3041028568,0.8898530858,2.211526894e-05,2.821852855e-05,0.09247854798,0.7918385151,0.1156829369,0,0
14.776,20.28914848,-0.1436046811,-0.2519110819,0.8540987149,-0.268353344,0.2899680976,0.8952642806,2.148400354e-05,2.760283408e-05,0.0840814981,0.8014981329,0.114420369,0,0
14.8,20.25624716,-0.1348208824,-0.2406831457,0.8629077699,-0.2571614048,0.2758714319,0.900412021,2.085907876e-05,2.69742109e-05,0.07610504738,0.8107418083,0.1131531444,0,0
14.824,20.22345237,-0.1264559881,-0.2292590208,0.871299095,-0.2457712059,0.2618221066,0.905298624,2.02415707e-05,2.633621609e-05,0.06855081592,0.8195655993,0.1118835848,0,0
14.848,20.1907636,-0.1185118982,-0.2176567677,0.8792704513,-0.2342006441,0.2478296563,0.9099266279,1.963235922e-05,2.569196586e-05,0.06141953892,0.8279664688,0.1106139923,0,0
14.872,20.15818034,-0.1109896324,-0.2058941681,0.8868204547,-0.222467378,0.2339040551,0.9142987767,1.903216908e-05,2.504416784e-05,0.05471110733,0.8359422537,0.1093466389,0,0
14.896,20.12570207,-0.1038893697,-0.1939886818,0.8939485417,-0.210588788,0.2200559242,0.9184180055,1.844160743e-05,2.43951587e-05,0.04842461014,0.8434916334,0.1080837565,0,0
14.92,20.09332828,-0.09721049047,-0.1819574075,0.900654933,-0.1985819403,0.2062968191,0.9222874255,1.786119833e-05,2.374694459e-05,0.04255837791,0.8506140959,0.1068275262,0,0
14.944,20.06105849,-0.09095161891,-0.1698170485,0.9069405969,-0.1864635534,0.1926396297,0.9259103105,1.729141457e-05,2.310124264e-05,0.03711002725,0.8573099035,0.1055800692,0,0
14.968,20.02889217,-0.08511066662,-0.157583882,0.9128072118,-0.174249969,0.1790991498,0.9292900826,1.673270751e-05,2.2459522e-05,0.03207650573,0.8635800581,0.1043434361,0,0
14.992,19.99682884,-0.07968487662,-0.1452737321,0.9182571284,-0.1619571252,0.1656928991,0.9324303,1.618553543e-05,2.182304395e-05,0.02745413707,0.8694262648,0.1031195981,0,0
15.016,19.96486801,-0.07467086749,-0.1329019469,0.9232933317,-0.1496005331,0.1524423365,0.9353346437,1.565039102e-05,2.119290024e-05,0.0232386662,0.8748508962,0.1019104376,0,0
15.04,19.93300918,-0.07006467732,-0.1204833792,0.9279194025,-0.1371952564,0.1393746881,0.9380069061,1.51278286e-05,2.057004979e-05,0.0194253039,0.8798569564,0.1007177397,0,0
15.064,19.90125186,-0.06586180743,-0.1080323704,0.9321394806,-0.1247558935,0.126525771,0.9404509792,1.46184915e-05,1.995535357e-05,0.01600877094,0.8844480447,0.0995431844,0,0
15.088,19.86959557,-0.06205726529,-0.09556273796,0.9359582263,-0.1122965624,0.1139444648,0.9426708436,1.412314012e-05,1.9349608e-05,0.01298334126,0.8886283197,0.09838833903,0,0
15.112,19.83803984,-0.05864560675,-0.08308776596,0.9393807841,-0.09983088812,0.1016999707,0.9446705583,1.364268099e-05,1.87535772e-05,0.01034288423,0.8924024641,0.09725465163,0,0
15.136,19.80658417,-0.05562097724,-0.07062019814,0.942412746,-0.08737199203,0.08989385682,0.9464542508,1.317819695e-05,1.816802439e-05,0.008080905668,0.8957756492,0.0961434451,0,0
15.16,19.7752281,-0.05297715182,-0.05817223403,0.9450601161,-0.0749324839,0.07868028614,0.9480261073,1.273097822e-05,1.759374295e-05,0.006190587589,0.8987535004,0.09505591197,0,0
15.184,19.74397115,-0.05070757395,-0.04575552739,0.9473292751,-0.06252445564,0.06829953398,0.9493903639,1.230255399e-05,1.703158756e-05,0.004664826494,0.9013420633,0.09399311018,0,0
15.208,19.71281286,-0.04880539295,-0.03338118696,0.949226947,-0.05015947699,0.05912926538,0.9505512979,1.189472312e-05,1.648250584e-05,0.003496270166,0.9035477702,0.0929559596,0,0
15.232,19.68175276,-0.04726349996,-0.02105977928,0.9507601651,-0.03784859305,0.05174314188,0.9515132198,1.150958216e-05,1.594757089e-05,0.002677352864,0.9053774077,0.09194523941,0,0
15.256,19.65079038,-0.04607456237,-0.008801333382,0.9519362402,-0.0256023234,0.04690766213,0.9522804652,1.114954766e-05,1.542801477e-05,0.002200328891,0.9068380846,0.09096158649,0,0
15.28,19.61992526,-0.04523105675,0.003384652734,0.9527627291,-0.01343066269,0.04535751723,0.9528573874,1.081736849e-05,1.492526312e-05,0.002057304486,0.9079372009,0.09000549458,0,0
15.304,19.58915695,-0.04472530016,0.01548920418,0.9532474042,-0.001343082779,0.0473314686,0.9532483503,1.051612296e-05,1.444097028e-05,0.002240268031,0.9086824176,0.08907731435,0,0
15.328,19.55848499,-0.04454947982,0.02750385984,0.9533982238,0.01065146397,0.05235569174,0.9534577216,1.024919425e-05,1.397705436e-05,0.002741118563,0.909081627,0.0881772544,0,0
15.352,19.52790894,-0.04469568126,0.03942066188,0.9532233043,0.02254454008,0.05959607795,0.9534898658,1.002021766e-05,1.353573036e-05,0.003551692607,0.9091429243,0.08730538308,0,0
15.376,19.49742833,-0.04515591483,0.05123214415,0.9527308922,0.03432821725,0.06829194124,0.9533491382,9.832994462e-06,1.31195391e-05,0.004663789336,0.9088745795,0.08646163113,0,0
15.4,19.46704273,-0.04592214061,0.06293131972,0.9519293378,0.04599506965,0.07790503193,0.9530398788,9.69137044e-06,1.273136823e-05,0.006069194093,0.9082850107,0.08564579516,0,0
15.424,19.43675169,-0.0469862918,0.07451166761,0.95082707,0.05753816617,0.08808916067,0.9525664059,9.599082808e-06,1.23744605e-05,0.007759700319,0.9073827578,0.08485754189,0,0
15.448,19.40655476,-0.04834029663,0.08596711891,0.9494325715,0.06895106188,0.09862621261,0.9519330107,9.559586818e-06,1.205240313e-05,0.009727129905,0.906176457,0.0840964131,0,0
15.472,19.37645153,-0.04997609877,0.09729204231,0.9477543555,0.0802277886,0.1093771089,0.9511439515,9.575880997e-06,1.176909169e-05,0.01196335204,0.9046748166,0.08336183137,0,0
15.496,19.34644153,-0.05188567626,0.1084812292,0.9458009429,0.09136284472,0.1202509895,0.9502034482,9.650355113e-06,1.152866173e-05,0.01446030058,0.9028865931,0.0826531063,0,0
15.52,19.31652436,-0.0540610592,0.1195298784,0.9435808409,0.1023511843,0.1311868513,0.949115677,9.784684995e-06,1.133538367e-05,0.01720999005,0.9008205684,0.08196944151,0,0
15.544,19.28669956,-0.05649434599,0.1304335808,0.9411025224,0.1131882057,0.1421426401,0.9478847649,9.979791848e-06,1.119352044e-05,0.02020453022,0.8984855277,0.08130994211,0,0
15.568,19.25696673,-0.05917771837,0.1411883034,0.9383744058,0.123869739,0.1530886651,0.9465147847,1.023587212e-05,1.110715389e-05,0.02343613948,0.8958902379,0.08067362265,0,0
15.592,19.22732542,-0.06210345526,0.1517903739,0.9354048367,0.1343920341,0.1640035267,0.9450097499,1.05524907e-05,1.107999387e-05,0.02689715687,0.8930434275,0.08005941561,0,0
15.616,19.19777523,-0.06526394538,0.1622364644,0.9322020695,0.1447517466,0.1748715327,0.9433736092,1.092871972e-05,1.111519133e-05,0.03058005307,0.8899537667,0.07946618025,0,0
15.64,19.16831573,-0.06865169892,0.1725235759,0.9287742504,0.1549459249,0.1856810168,0.941610242,1.13633001e-05,1.121518097e-05,0.03447744014,0.886629848,0.07889271184,0,0
15.664,19.1389465,-0.072259358,0.1826490223,0.9251294012,0.1649719957,0.1964232169,0.9397234531,1.185480398e-05,1.138157735e-05,0.0385820803,0.8830801685,0.07833775118,0,0
15.688,19.10966713,-0.07607970629,0.1926104146,0.9212754038,0.1748277495,0.20709151,0.9377169678,1.240178148e-05,1.161514074e-05,0.04288689367,0.8793131118,0.07779999449,0,0
15.712,19.08047721,-0.08010567769,0.2024056455,0.9172199856,0.1845113258,0.2176808786,0.9355944267,1.300288183e-05,1.1915816e-05,0.04738496509,0.8753369315,0.07727810342,0,0
15.736,19.05137633,-0.0843303641,0.2120328737,0.9129707055,0.1940211981,0.2281875322,0.9333593812,1.365694577e-05,1.228283513e-05,0.05206955003,0.8711597346,0.07677071533,0,0
15.76,19.02236409,-0.08874702249,0.2214905088,0.9085349412,0.2033561579,0.2386086325,0.9310152879,1.436307034e-05,1.271486362e-05,0.0569340797,0.8667894665,0.07627645378,0,0
15.784,18.99344007,-0.09334908112,0.230777196,0.9039198764,0.2125152993,0.2489420919,0.9285655041,1.512065008e-05,1.321016682e-05,0.06197216536,0.8622338956,0.07579393908,0,0
15.808,18.96460387,-0.09813014516,0.2398918011,0.8991324895,0.2214980028,0.2591864225,0.9260132823,1.592939978e-05,1.37667743e-05,0.06717760189,0.8575005991,0.075321799,0,0
15.832,18.9358551,-0.1030840016,0.2488333962,0.8941795426,0.2303039188,0.2693406216,0.9233617652,1.678936347e-05,1.438262536e-05,0.07254437072,0.8525969497,0.07485867963,0,0
15.856,18.90719337,-0.1082046238,0.2576012445,0.8890675712,0.2389329513,0.2794040833,0.9206139807,1.770091407e-05,1.50556863e-05,0.07806664208,0.8475301016,0.07440325631,0,0
15.88,18.87861826,-0.1134861751,0.2661947866,0.8838028745,0.2473852409,0.2893765304,0.917772836,1.866474668e-05,1.578403616e-05,0.08373877669,0.8423069787,0.07395424465,0,0
15.904,18.8501294,-0.1189230125,0.274613626,0.8783915064,0.255661148,0.2992579598,0.9148411125,1.96818681e-05,1.656592222e-05,0.08955532687,0.8369342615,0.07351041166,0,0
15.928,18.82172639,-0.1245096893,0.2828575154,0.8728392671,0.2637612353,0.3090485993,0.9118214603,2.075358373e-05,1.739978931e-05,0.09551103716,0.8314183757,0.07307058709,0,0
15.952,18.79340885,-0.130240958,0.2909263426,0.8671516947,0.2716862507,0.3187488729,0.9087163916,2.188148274e-05,1.828428789e-05,0.1016008444,0.8257654808,0.0726336748,0,0
15.976,18.76517639,-0.1361117729,0.2988201171,0.8613340581,0.2794371092,0.3283593719,0.9055282754,2.306742149e-05,1.921826576e-05,0.1078198776,0.8199814579,0.07219866443,0,0
16,18.73702863,-0.1421172913,0.3065389565,0.8553913494,0.2870148753,0.3378808316,0.9022593304,2.431350489e-05,2.020074755e-05,0.114163457,0.8140718998,0.07176464328,0,0
16.024,18.70896518,-0.1482528765,0.314083073,0.8493282776,0.2944207448,0.3473141116,0.8989116187,2.562206478e-05,2.123090539e-05,0.1206270928,0.8080420986,0.07133080857,0,0
16.048,18.68098567,-0.1545140988,0.3214527598,0.8431492616,0.3016560258,0.3566601793,0.895487038,2.699563396e-05,2.230802301e-05,0.1272064843,0.8018970357,0.07089648003,0,0
16.072,18.65308972,-0.1608967375,0.3286483779,0.8368584239,0.3087221201,0.3659200957,0.8919873144,2.843691432e-05,2.343145491e-05,0.1338975172,0.7956413697,0.07046111312,0,0
16.096,18.62527696,-0.1673967827,0.335670342,0.8304595846,0.315620504,0.3750950031,0.8884139937,2.99487367e-05,2.46005816e-05,0.1406962623,0.7892794248,0.07002431289,0,0
16.12,18.59754702,-0.1740104369,0.3425191074,0.8239562552,0.3223527076,0.3841861152,0.8847684322,3.153400982e-05,2.581476145e-05,0.1475989721,0.7828151792,0.06958584869,0,0
16.144,18.56989953,-0.1807341173,0.3491951551,0.817351632,0.3289202948,0.3931947068,0.8810517866,3.319565496e-05,2.707327939e-05,0.1546020786,0.7762522515,0.06914566994,0,0
16.168,18.54233412,-0.1875644577,0.3556989775,0.8106485902,0.3353248417,0.4021221063,0.8772650035,3.493652251e-05,2.837529255e-05,0.1617021896,0.7695938871,0.06870392327,0,0
16.192,18.51485042,-0.1944983114,0.3620310636,0.8038496767,0.3415679137,0.4109696877,0.873408806,3.675928565e-05,2.971977303e-05,0.1688960855,0.7628429433,0.06826097123,0,0
16.216,18.48744808,-0.2015327537,0.3681918826,0.7969571031,0.3476510419,0.4197388631,0.8694836808,3.866630603e-05,3.110544796e-05,0.1761807147,0.7560018721,0.06781741316,0,0
16.24,18.46012672,-0.2086650858,0.3741818671,0.7899727381,0.353575698,0.4284310769,0.865489862,4.065946556e-05,3.253073711e-05,0.1835531893,0.7490727022,0.06737410844,0,0
16.264,18.43288601,-0.215892839,0.3800013947,0.7828980988,0.3593432664,0.4370477982,0.8614273133,4.273995815e-05,3.399368908e-05,0.1910107797,0.7420570173,0.06693220295,0,0
16.288,18.40572556,-0.2232137793,0.3856507685,0.775734341,0.3649550151,0.4455905144,0.857295708,4.49080354e-05,3.549191678e-05,0.1985509085,0.7349559322,0.06649315929,0,0
16.312,18.37864505,-0.2306259137,0.3911301946,0.7684822494,0.3704120623,0.4540607242,0.8530944048,4.716270125e-05,3.70225341e-05,0.2061711435,0.7277700648,0.06605879173,0,0
16.336,18.3516441,-0.2381274967,0.3964397579,0.7611422246,0.37571534,0.4624599294,0.8488224212,4.950135254e-05,3.858209574e-05,0.2138691888,0.7204995042,0.06563130699,0,0
16.36,18.32472237,-0.2457170384,0.4015793938,0.7537142706,0.3808655529,0.4707896266,0.8444784018,5.191936655e-05,4.016654306e-05,0.2216428752,0.7131437727,0.06521335217,0,0
16.384,18.29787952,-0.2533933141,0.4065488562,0.7461979789,0.385863131,0.4790512959,0.8400605809,5.440964261e-05,4.177115937e-05,0.2294901471,0.7057017814,0.06480807153,0,0
16.408,18.27111519,-0.2611553746,0.4113476805,0.738592512,0.3907081748,0.4872463894,0.8355667398,5.696211436e-05,4.339053848e-05,0.2374090472,0.6981717785,0.06441917427,0,0
16.432,18.24442904,-0.2690025589,0.4159751391,0.7308965838,0.3954003911,0.4953763146,0.8309941549,5.95632617e-05,4.501857113e-05,0.2453976966,0.6905512875,0.06405101588,0,0
16.456,18.21782073,-0.276934507,0.4204301897,0.7231084391,0.399939017,0.5034424154,0.826339538,6.219566712e-05,4.66484539e-05,0.2534542694,0.6828370342,0.06370869637,0,0
16.48,18.19128993,-0.2849511751,0.4247114123,0.715225831,0.4043227284,0.5114459463,0.8215989642,6.483767928e-05,4.827272507e-05,0.2615769601,0.6750248604,0.06339817948,0,0
16.504,18.16483628,-0.2930528512,0.4288169333,0.7072459975,0.4085495297,0.5193880398,0.8167677878,6.746326335e-05,4.988333166e-05,0.2697639404,0.6671096216,0.06312643793,0,0
16.528,18.13845946,-0.3012401702,0.4327443327,0.6991656384,0.4126166182,0.5272696631,0.8118405407,7.004212999e-05,5.147173042e-05,0.2780133026,0.6590850662,0.06290163129,0,0
16.552,18.11215913,-0.3095141284,0.4364905298,0.6909808953,0.4165202177,0.5350915607,0.8068108139,7.254023458e-05,5.302902442e-05,0.2863229836,0.6509436923,0.06273332414,0,0
16.576,18.08593497,-0.3178760941,0.4400516415,0.6826873377,0.4202553716,0.5428541779,0.8016711161,7.492072038e-05,5.454613427e-05,0.294690664,0.6426765814,0.06263275457,0,0
16.6,18.05978663,-0.3263278109,0.4434228055,0.6742799621,0.4238156842,0.5505575579,0.796412708,7.71453358e-05,5.60140007e-05,0.3031136305,0.6342732046,0.06261316492,0,0
16.624,18.03371379,-0.3348713881,0.4465979588,0.6657532139,0.4271929964,0.5582012033,0.7910254091,7.917628851e-05,5.742381249e-05,0.3115885896,0.6257212012,0.06269020915,0,0
16.648,18.00771612,-0.3435092695,0.4495695594,0.6571010476,0.4303769774,0.5657838872,0.7854973771,8.097841338e-05,5.876725078e-05,0.3201114135,0.6170061329,0.06288245355,0,0
16.672,17.98179331,-0.3522441651,0.4523282343,0.6483170507,0.4333546104,0.5733033956,0.7798148604,8.252144574e-05,6.003673883e-05,0.3286767902,0.6081112202,0.06321198961,0,0
16.696,17.95594502,-0.3610789258,0.4548623353,0.6393946677,0.4361095456,0.5807561749,0.7739619351,8.378213024e-05,6.122568459e-05,0.3372777417,0.5990170807,0.06370517761,0,0
16.72,17.93017093,-0.3700163249,0.4571573785,0.6303275861,0.4386212916,0.5881368459,0.7679202453,8.474588242e-05,6.232870338e-05,0.3459049566,0.589701507,0.06439353631,0,0
16.744,17.90447074,-0.3790586956,0.4591953414,0.6211103709,0.4408642161,0.5954375335,0.7616687928,8.540776858e-05,6.334180892e-05,0.3545458635,0.5801393539,0.06531478255,0,0
16.768,17.87884411,-0.3882073421,0.4609537882,0.6117394879,0.4428063386,0.6026469409,0.7551838548,8.577267333e-05,6.426256301e-05,0.3631833427,0.5703026587,0.06651399859,0,0
16.792,17.85329073,-0.3974616024,0.4624048053,0.6022149159,0.4444079233,0.6097490708,0.7484391807,8.585465943e-05,6.509017815e-05,0.3717939368,0.5601612115,0.06804485174,0,0
16.816,17.8278103,-0.406817374,0.4635137467,0.5925426445,0.4456199538,0.616721468,0.7414067229,8.567565456e-05,6.582557114e-05,0.3803453764,0.549683933,0.06997069052,0,0
16.84,17.80240249,-0.4162648271,0.4642378484,0.5827384657,0.4463827064,0.6235328269,0.7340583355,8.526369224e-05,6.647137066e-05,0.3887931934,0.5388416444,0.07236516217,0,0
16.864,17.77706701,-0.4257849083,0.4645248935,0.5728335845,0.4466249136,0.6301397978,0.726369141,8.465097084e-05,6.703188609e-05,0.3970761719,0.5276121335,0.07531169461,0,0
16.888,17.75180353,-0.4353440983,0.4643123516,0.5628826169,0.4462644845,0.6364828699,0.7183236252,8.38719765e-05,6.751304894e-05,0.4051104508,0.5159888351,0.07890071419,0,0
16.912,17.72661175,-0.4448867907,0.4635278804,0.5529743428,0.4452125313,0.6424814024,0.709925927,8.296185894e-05,6.792234147e-05,0.4127823594,0.5039948264,0.08322281422,0,0
16.936,17.70149138,-0.4543247488,0.4620928729,0.5432447581,0.4433835362,0.6480283949,0.7012159634,8.195517559e-05,6.826872957e-05,0.4199408073,0.491703832,0.08835536067,0,0
16.96,17.6764421,-0.4635237661,0.4599319617,0.5338899068,0.4407155698,0.6529867465,0.6922923126,8.088505021e-05,6.856261904e-05,0.4263916977,0.4792686508,0.09433965154,0,0
16.984,17.65146361,-0.4722896233,0.4569928715,0.5251719735,0.4372043995,0.6571909714,0.6833398047,7.978273891e-05,6.881585627e-05,0.4318999793,0.4669532934,0.1011467273,0,0
17.008,17.62655562,-0.480359768,0.4532816866,0.5174063745,0.4329515555,0.6604618037,0.6746528039,7.867756516e-05,6.904179696e-05,0.4362098003,0.4551564106,0.1086337891,0,0
17.032,17.60171783,-0.4874143596,0.4489155285,0.5109135312,0.4282155035,0.6626446331,0.6666341979,7.759717447e-05,6.925547038e-05,0.4390979157,0.4444011585,0.1165009257,0,0
17.056,17.57694993,-0.4931274263,0.4441826541,0.5059256533,0.4234369767,0.6636813157,0.6597421011,7.656806419e-05,6.947387339e-05,0.4404728946,0.4352596447,0.1242674607,0,0
17.08,17.55225164,-0.4972745064,0.4395761172,0.5024666875,0.4191966048,0.6637085938,0.6543688299,7.561636059e-05,6.971643896e-05,0.4405091033,0.4281985704,0.1312923263,0,0
17.104,17.52762266,-0.4998792637,0.4357445916,0.5002656702,0.4160819141,0.6631384677,0.6506841784,7.476883693e-05,7.000574086e-05,0.439752633,0.4233899049,0.1368574621,0,0
17.128,17.5030627,-0.5013199248,0.4333230191,0.4987780896,0.4145037248,0.6626390464,0.6485313567,7.405419029e-05,7.03685206e-05,0.4390905113,0.4205929255,0.1403165631,0,0
17.152,17.47857148,-0.5022878465,0.4326960866,0.4973332783,0.4145623498,0.6629622795,0.6474583628,7.350460901e-05,7.083715763e-05,0.4395189895,0.4192023365,0.141278674,0,0
17.176,17.4541487,-0.5035742401,0.4338424103,0.4953316803,0.4160452085,0.6646850775,0.6468748635,7.315764684e-05,7.145174661e-05,0.4418062576,0.4184470941,0.1397466483,0,0
17.2,17.42979407,-0.5058086859,0.4363731705,0.4923823387,0.4185430405,0.6680299175,0.6462342023,7.305830537e-05,7.226297879e-05,0.446263976,0.4176186495,0.1361173746,0,0
17.224,17.40550732,-0.5093120916,0.4397225978,0.4883306514,0.421599543,0.6728705445,0.6451457197,7.326082569e-05,7.333597884e-05,0.452754775,0.4162130051,0.1310322199,0,0
17.248,17.38128815,-0.5141122721,0.4433480672,0.4832048495,0.4248192913,0.678873285,0.6433959565,7.382844826e-05,7.475487147e-05,0.4608689425,0.4139583625,0.125172695,0,0
17.272,17.35713629,-0.5200514597,0.4468421945,0.4771373861,0.4279125113,0.6856540436,0.6409127886,7.482568095e-05,7.662627593e-05,0.470121473,0.4107692084,0.1191093185,0,0
17.296,17.33305146,-0.5268978543,0.4499529865,0.4702995814,0.4306938141,0.6928773621,0.6377137742,7.628659547e-05,7.907413392e-05,0.4800790448,0.4066788641,0.1132420912,0,0
17.32,17.30903337,-0.5344191808,0.4525540621,0.4628612308,0.4330601116,0.7002921105,0.6338624293,7.811109831e-05,8.21977105e-05,0.4904090461,0.401781586,0.1078093679,0,0
17.344,17.28508176,-0.542417006,0.4546027934,0.4549714465,0.4349650447,0.7077286967,0.6294391211,7.976353862e-05,8.589382109e-05,0.5008799145,0.3961936146,0.1029264709,0,0
17.368,17.26119634,-0.5507356654,0.4561049804,0.4467528898,0.4363977061,0.7150814823,0.6245247012,7.957041836e-05,8.923461956e-05,0.5113415326,0.3900311104,0.09862735701,0,0
17.392,17.23737684,-0.5592589196,0.4570906369,0.4383028297,0.437367461,0.7222896853,0.6191927539,7.405095586e-05,8.886693342e-05,0.521702395,0.3833996743,0.09489793066,0,0
17.416,17.21362299,-0.5679024415,0.4575993492,0.4296969115,0.4378940916,0.7293218408,0.6135068632,6.041301635e-05,7.830748343e-05,0.5319103511,0.3763906773,0.09169897159,0,0
17.44,17.18993452,-0.5766060463,0.4576722544,0.4209934847,0.438001828,0.7361646725,0.607520465,4.214928667e-05,5.650769987e-05,0.5419384269,0.3690811186,0.0889804545,0,0
17.464,17.16631115,-0.5853271263,0.457348092,0.4122375435,0.4377159588,0.7428156716,0.60127785,2.567499337e-05,3.358102271e-05,0.5517751227,0.361535054,0.08668982331,0,0
17.488,17.14275263,-0.5940355865,0.4566615706,0.4034639716,0.4370610503,0.7492783649,0.5948155496,1.347158699e-05,1.635386816e-05,0.5614180683,0.3538055383,0.08477639347,0,0
17.512,17.11925868,-0.6027101229,0.4556429642,0.3947000709,0.4360601217,0.7555593974,0.588163732,5.042682163e-06,4.958936983e-06,0.570870003,0.3459365757,0.08319342128,0,0
17.536,17.09582904,-0.611335561,0.4543183083,0.3859674719,0.4347343645,0.7616667863,0.5813474495,1.200831459e-06,3.89346196e-06,0.5801362934,0.3379648571,0.08189884953,0,0
17.56,17.07246344,-0.6199009836,0.4527098531,0.377283545,0.4331031523,0.7676089112,0.574387686,4.960834111e-06,8.903862784e-06,0.5892234406,0.3299212139,0.08085534552,0,0
17.584,17.04916162,-0.6283984257,0.4508365915,0.3686624281,0.4311841936,0.7733939576,0.5673022075,7.76453897e-06,1.255504475e-05,0.5981382137,0.3218317948,0.08002999146,0,0
17.608,17.02592333,-0.6368219726,0.448714775,0.3601157652,0.4289937416,0.7790296362,0.5601062352,9.756989107e-06,1.515252746e-05,0.6068871742,0.3137189949,0.07939383087,0,0
17.632,17.0027483,-0.6451671382,0.4463583794,0.351653231,0.4265468136,0.7845230648,0.5528129693,1.117528348e-05,1.700313666e-05,0.6154764393,0.3056021793,0.07892138141,0,0
17.656,16.97963627,-0.6534304414,0.4437795056,0.3432828965,0.4238573944,0.789880745,0.5454339904,1.218579485e-05,1.831565864e-05,0.6239115915,0.2974982382,0.07859017034,0,0
17.68,16.95658699,-0.6616091185,0.4409887165,0.3350114799,0.4209386133,0.7951085924,0.5379795608,1.290652629e-05,1.923239666e-05,0.6321976739,0.2894220082,0.07838031794,0,0
17.704,16.9336002,-0.6697009324,0.4379953149,0.3268445123,0.4178028865,0.8002119936,0.5304588459,1.342420871e-05,1.985318366e-05,0.6403392348,0.2813865876,0.07827417758,0,0
17.728,16.91067565,-0.6777040481,0.4348075689,0.3187864429,0.4144620273,0.805195876,0.5228800706,1.380538381e-05,2.025062428e-05,0.6483403989,0.2734035686,0.07825603247,0,0
17.752,16.88781309,-0.6856169557,0.4314328921,0.3108407007,0.4109273207,0.8100647816,0.5152506227,1.410352414e-05,2.047974877e-05,0.6562049506,0.2654832046,0.07831184487,0,0
17.776,16.86501226,-0.693438426,0.4278779856,0.303009725,0.4072095685,0.8148229386,0.5075771134,1.436362007e-05,2.058431341e-05,0.6639364214,0.2576345265,0.07842905206,0,0
17.8,16.84227292,-0.7011674887,0.4241489466,0.2952949757,0.4033191017,0.8194743291,0.4998654023,1.462509156e-05,2.060109225e-05,0.6715381763,0.2498654209,0.07859640281,0,0
17.824,16.81959482,-0.708803427,0.4202513487,0.2876969317,0.3992657661,0.8240227511,0.4921205914,1.492353231e-05,2.056295193e-05,0.6790134945,0.2421826769,0.07880382864,0,0
17.848,16.7969777,-0.716345782,0.416190298,0.2802150822,0.3950588801,0.8284718725,0.4843469945,1.529160871e-05,2.050117108e-05,0.6863656437,0.2345920115,0.07904234476,0,0
17.872,16.77442133,-0.7237943634,0.4119704666,0.2728479194,0.3907071667,0.8328252793,0.4765480849,1.5759364e-05,2.044725987e-05,0.6935979461,0.2270980776,0.0793039763,0,0
17.896,16.75192546,-0.7311492643,0.4075961068,0.2655929346,0.3862186602,0.8370865146,0.4687264238,1.635417211e-05,2.043439325e-05,0.7007138332,0.2197044608,0.07958170596,0,0
17.92,16.72948984,-0.7384108752,0.4030710473,0.2584466267,0.38160059,0.8412591098,0.4608835744,1.710059794e-05,2.049846467e-05,0.7077168902,0.2124136696,0.07986944026,0,0
17.944,16.70711424,-0.7455798967,0.3983986732,0.2514045248,0.376859241,0.8453466065,0.4530200025,1.802040465e-05,2.067869016e-05,0.7146108854,0.2052271231,0.0801619915,0,0
17.968,16.68479842,-0.7526573468,0.3935818891,0.2444612346,0.3719997923,0.8493525682,0.4451349691,1.91328799e-05,2.101766389e-05,0.7213997855,0.1981451412,0.08045507333,0,0
17.992,16.66254213,-0.7596445619,0.3886230693,0.2376105123,0.3670261374,0.8532805813,0.4372264186,2.045554587e-05,2.156081919e-05,0.7280877509,0.1911669416,0.08074530758,0,0
18.016,16.64034514,-0.7665431869,0.3835239923,0.2308453755,0.3619406875,0.8571342427,0.4292908672,2.200521537e-05,2.235540393e-05,0.7346791105,0.1842906492,0.0810302403,0,0
18.04,16.61820721,-0.7733551517,0.3782857645,0.2241582587,0.356744165,0.8609171333,0.4213233013,2.379929938e-05,2.344930633e-05,0.7411783109,0.1775133248,0.0813083643,0,0
18.064,16.5961281,-0.7800826319,0.3729087315,0.217541224,0.351435392,0.8646327744,0.4133170924,2.585727468e-05,2.489025885e-05,0.7475898353,0.1708310195,0.08157914521,0,0
18.088,16.57410759,-0.786727987,0.367392382,0.2109862343,0.3460110873,0.8682845662,0.4052639432,2.820226952e-05,2.672597538e-05,0.7539180887,0.1642388643,0.08184304698,0,0
18.112,16.55214543,-0.7932936746,0.3617352464,0.2044855009,0.3404656864,0.8718757036,0.3971538792,3.086279589e-05,2.900559817e-05,0.7601672435,0.1577312046,0.08210155189,0,0
18.136,16.5302414,-0.7997821342,0.355934795,0.1980319114,0.3347912049,0.8754090704,0.3889753062,3.387473227e-05,3.17825562e-05,0.7663410417,0.1513017899,0.08235716846,0,0
18.16,16.50839526,-0.8061956376,0.3499873452,0.1916195423,0.3289771745,0.8788871076,0.3807151564,3.728373982e-05,3.511875535e-05,0.7724425492,0.1449440315,0.08261341922,0,0
18.184,16.4866068,-0.8125361015,0.343887984,0.1852442526,0.3230106859,0.882311658,0.3723591497,4.114838882e-05,3.909005756e-05,0.7784738635,0.1386513379,0.08287479859,0,0
18.208,16.46487577,-0.818804863,0.3376305227,0.1789043455,0.3168765826,0.8856837886,0.3638922003,4.554440712e-05,4.379327254e-05,0.7844357755,0.1324175353,0.08314668911,0,0
18.232,16.44320195,-0.8250024179,0.3312074973,0.1726012653,0.3105578521,0.8890035972,0.3552989956,5.05706796e-05,4.935533646e-05,0.7903273984,0.1262373787,0.08343522287,0,0
18.256,16.42158512,-0.8311281333,0.3246102376,0.1663402784,0.3040362676,0.8922700153,0.3465647706,5.635799704e-05,5.594600148e-05,0.7961457835,0.1201071433,0.08374707321,0,0
18.28,16.40002505,-0.8371799487,0.3178290274,0.1601310539,0.2972933236,0.8954806291,0.3376762868,6.308220774e-05,6.379635574e-05,0.801885561,0.1140252787,0.08408916023,0,0
18.304,16.37852153,-0.8431541008,0.3108533804,0.1539880242,0.290311497,0.8986315495,0.3286230012,7.098462598e-05,7.32272051e-05,0.8075386668,0.1079930823,0.08446825095,0,0
18.328,16.35707431,-0.84904492,0.3036724566,0.1479303664,0.2830758289,0.9017173821,0.3193983692,8.040484862e-05,8.469456199e-05,0.8130942436,0.1020153254,0.08489043101,0,0
18.352,16.3356832,-0.8548447777,0.2962756281,0.141981402,0.2755757698,0.9047313644,0.3100011668,9.183574827e-05,9.886592481e-05,0.8185388501,0.09610073317,0.08536041669,0,0
18.376,16.31434795,-0.8605442938,0.2886531865,0.1361671777,0.2678071468,0.9076657665,0.3004366292,0.0001060202583,0.0001167547199,0.8238571549,0.09026218178,0.08588066329,0,0
18.4,16.29306837,-0.8661329592,0.2807971336,0.1305139637,0.2597739955,0.9105126761,0.290717085,0.0001241321055,0.0001399713707,0.8290333487,0.08451644308,0.08645020823,0,0
18.424,16.27184422,-0.8716003683,0.2727019211,0.1250444012,0.2514898315,0.9132653173,0.2808615987,0.0001481388588,0.0001712256886,0.8340535617,0.07888326694,0.08706317139,0,0
18.448,16.2506753,-0.8769383029,0.2643648673,0.1197720504,0.2429777038,0.9159200676,0.2708939066,0.0001816014108,0.0002154190567,0.8389096032,0.07338355503,0.08770684178,0,0
18.472,16.22956139,-0.8821439259,0.2557857471,0.1146941682,0.2342680078,0.9184793163,0.2608375964,0.0002316558751,0.0002822593991,0.8436043081,0.06803633138,0.08835936051,0,0
18.496,16.20850227,-0.8872242808,0.2469646729,0.1097827564,0.2253924179,0.9209551966,0.2507069916,0.0003147480394,0.000393117097,0.8481585732,0.0628541502,0.08898727661,0,0
18.52,16.18749773,-0.892202029,0.2378967448,0.1049745555,0.216371225,0.9233738797,0.2404915057,0.0004766061745,0.0005974498467,0.8526195489,0.05783652124,0.0895439299,0,0
18.544,16.16654756,-0.8971215229,0.2285609455,0.1001625175,0.2071895744,0.9257792029,0.2301305057,0.0008534786122,0.0009285933638,0.857067861,0.05296091193,0.08997122707,0,0
18.54965834,16.16161616,-0.8982799129,0.2263157622,0.09901183646,0.2049939266,0.9263507036,0.2276529238,0.0009818028383,0.0009825560858,0.85812659,0.05182681911,0.09004659088,0,0
18.568,16.14565155,-0.9020520529,0.218899393,0.09519650013,0.1977558934,0.9282321102,0.2194761195,0.001024994108,0.0008876921737,0.8616159009,0.04817055503,0.09021354403,0,0
18.592,16.12480949,-0.9070793958,0.2087823556,0.08991396979,0.1878365265,0.9307970253,0.2082476474,0.0005539489857,0.0005814798534,0.8663834091,0.04336742078,0.09024917014,0,0
18.616,16.10402116,-0.9122641603,0.1979595636,0.08424761112,0.1769790456,0.9334955206,0.1960082717,0.0003395194359,0.0004027583014,0.8714140022,0.03841940479,0.09016659299,0,0
18.64,16.08328637,-0.9175261535,0.1860284347,0.07847974888,0.1645157142,0.9361948626,0.1822758657,0.0002354989391,0.0003020168338,0.8764608763,0.03322458243,0.09031454131,0,0
18.664,16.06260491,-0.9224290245,0.1725547934,0.07360983539,0.1499318336,0.9384297853,0.167026832,0.0001739875099,0.0002384098401,0.8806504922,0.02789801945,0.09145148838,0,0
18.688,16.04197656,-0.9261304242,0.1577183143,0.07123950723,0.1340539561,0.9394640117,0.1518075444,0.0001320159428,0.0001944144016,0.8825926466,0.02304556833,0.09436178504,0,0
18.712,16.02140113,-0.9298673071,0.1438738814,0.07019910418,0.1214238227,0.940931933,0.1402556913,9.962221776e-05,0.000162352203,0.8853529125,0.01967168531,0.09497540219,0,0
18.736,16.00087842,-0.9422486623,0.1091809545,0.05502253514,0.08819455974,0.9485531205,0.1039507563,5.657803959e-05,5.788469572e-05,0.8997530256,0.01080576309,0.08944121132,0,0
18.76,15.98040821,-0.9134405736,0.09151578512,0.08384470528,0.07049058423,0.9180135187,0.1095392946,5.639598589e-05,5.607590835e-05,0.8733373876,0.04288408791,0.08377852452,0.03058856396,0.03088522769
18.784,15.95999031,-0.9012966368,0.08493737096,0.0959646751,0.06388099404,0.9052900002,0.1152822635,3.897202556e-05,3.838053623e-05,0.8617796198,0.0559440198,0.08227636038,0.04222963383,0.04265401806
18.808,15.93962452,-0.8921575928,0.07897385458,0.1048990379,0.05786088828,0.8956461579,0.1197985415,3.813400687e-05,2.718394919e-05,0.8533697775,0.066000032,0.08063019052,0.05118773584,0.05164834072
18.832,15.91931064,-0.8847205265,0.0737994475,0.1122116845,0.05250329566,0.8877932014,0.1238872802,6.279034754e-05,8.89006383e-05,0.845814425,0.07349970734,0.08068586771,0.05763765261,0.05815164125
18.856,15.89904847,-0.8785469819,0.06906003816,0.1183855528,0.04757564414,0.8812571068,0.1275875426,0.000109517742,0.0002422597913,0.8391493484,0.07939350746,0.08145714419,0.06253524815,0.06311486773
18.88,15.87883782,-0.8732734557,0.06451648973,0.1237341261,0.04290075907,0.8756534165,0.130960334,0.0001808386348,0.0005226023822,0.8335603574,0.08458169675,0.08185794581,0.06679141891,0.06743081455
18.904,15.85867848,-0.868625416,0.06006555439,0.1284810533,0.03838307568,0.8706997095,0.1340919145,0.000260203136,0.0004001248456,0.8289625699,0.08951616805,0.08152126209,0.07084451809,0.0715353664
18.92439891,15.84158416,-0.8650247626,0.05633151517,0.1321610517,0.034632494,0.8668570121,0.1366233992,0.0002790987248,0.0002829715285,0.8256585473,0.0936154989,0.08072595385,0.07421738992,0.07494946561
18.928,15.83857027,-0.8644156979,0.05567676549,0.1327828074,0.03397771976,0.8662069043,0.137061152,0.0002759027706,0.0002687811691,0.8251195825,0.09433035384,0.08055006362,0.07480510536,0.0755445222
18.952,15.81851298,-0.8605228609,0.05134925562,0.1367472628,0.02966547775,0.8620535599,0.1399280331,0.0002322334676,0.0002011966308,0.8217716306,0.09900557547,0.07922279397,0.0786352365,0.07942568054
18.976,15.79850643,-0.8568693563,0.04709068899,0.1404487715,0.02543863023,0.8581623545,0.142733953,0.0001864685051,0.0001591949606,0.8186973988,0.1034741857,0.07782841549,0.08225473731,0.083101179
19,15.77855042,-0.8534053539,0.04290868111,0.1439391573,0.02129390859,0.8544833837,0.1455057097,0.0001513571604,0.0001289118188,0.8157355126,0.1076723728,0.07659211453,0.08559363673,0.08650044467
19.024,15.75864476,-0.8500980562,0.03880806843,0.1472552523,0.0172292946,0.8509834142,0.1482597651,0.000124454131,0.0001049268194,0.8127863966,0.1115631993,0.07565040411,0.08861360985,0.08958223033
19.048,15.73878927,-0.8469250013,0.03479060826,0.1504239096,0.01324272463,0.8476392772,0.151005703,0.0001027036359,8.484952454e-05,0.8098038497,0.1151420767,0.0750540736,0.09131149484,0.09233934715
19.072,15.71898375,-0.8438699813,0.03085553338,0.1534652916,0.009331680807,0.8444338987,0.1537487431,8.406633593e-05,6.756172509e-05,0.806781678,0.1184322458,0.07478607616,0.09371306175,0.09479356525
19.096,15.69922801,-0.840920596,0.02700029113,0.1563950199,0.005493163953,0.8413539472,0.1564914601,6.727209449e-05,5.255296208e-05,0.8037392197,0.1214757239,0.0747850564,0.09586275065,0.09698614409
19.12,15.67952186,-0.8380668085,0.0232212114,0.159225582,0.001723807866,0.8383884543,0.1592349129,5.154477221e-05,3.965133232e-05,0.8007084653,0.1243235623,0.07496797236,0.09781326243,0.09896780327
19.144,15.65986513,-0.8353001004,0.01951402856,0.1619672577,-0.001979973866,0.8355280098,0.1619793594,3.645356945e-05,2.895817184e-05,0.7977242079,0.1270276661,0.075248126,0.0996171515,0.1007903524
19.168,15.64025762,-0.8326129839,0.01587425559,0.1646287328,-0.005621853388,0.8327642962,0.1647246943,2.187081487e-05,2.096740211e-05,0.7948175238,0.1296350693,0.07554740696,0.1013211503,0.1025008439
19.192,15.62069915,-0.829998722,0.01229743407,0.1672175109,-0.009205481445,0.8300898176,0.1674707045,8.28904597e-06,1.672585441e-05,0.7920121635,0.1321846436,0.07580319289,0.1029630581,0.1041382065
19.216,15.60118953,-0.8274511676,0.008779288987,0.1697401933,-0.01273440931,0.8274977406,0.1702172095,7.659001067e-06,1.685531012e-05,0.7893231324,0.1347057645,0.07597110311,0.1045706217,0.1057318658
19.24,15.58172859,-0.8249646694,0.005315814894,0.1722026723,-0.0162120362,0.8249817959,0.1729641305,1.955346203e-05,1.9887725e-05,0.7867567302,0.1372183437,0.07602492619,0.1061617662,0.1073017528
19.264,15.56231613,-0.8225340129,0.001903314666,0.1746102673,-0.01964157714,0.822536215,0.1757115164,3.075748863e-05,2.391053201e-05,0.7843114577,0.1397337031,0.07595483915,0.1077456318,0.1088591655
19.288,15.54295199,-0.8201543804,-0.00146159274,0.1769678241,-0.02302604613,0.8201556827,0.178459546,4.051335188e-05,2.797167681e-05,0.7819793702,0.1422558967,0.07576473317,0.1093240246,0.1104080863
19.312,15.52363598,-0.8178213187,-0.004781983688,0.1792797878,-0.02636825047,0.8178352992,0.1812085179,4.864673295e-05,3.172921651e-05,0.7797476017,0.1447832151,0.07546918324,0.1108930227,0.1119466871
19.336,15.50436791,-0.8155307111,-0.008060652061,0.1815502591,-0.02967079261,0.8155705456,0.1839588337,5.51713023e-05,3.508361122e-05,0.7775998983,0.14730971,0.07509039172,0.1124445803,0.1134688563
19.36,15.48514762,-0.8132787505,-0.01130013655,0.1837830385,-0.03293607702,0.8133572518,0.1867109809,6.022092776e-05,3.802681894e-05,0.7755180608,0.1498266388,0.07465530046,0.113968038,0.1149656469
19.384,15.46597493,-0.8110619124,-0.01450274933,0.1859816627,-0.03616632003,0.8111915652,0.1894655155,6.399442115e-05,4.058518529e-05,0.7734832413,0.1523237723,0.07419298639,0.1154514817,0.1164265891
19.408,15.44684965,-0.8088769286,-0.01767060372,0.1881494347,-0.03936356122,0.8090699202,0.1922230469,6.67102694e-05,4.279668387e-05,0.7714770577,0.1547905316,0.07373241074,0.1168829175,0.11784083
19.432,15.42777161,-0.8067207605,-0.02080563948,0.1902894494,-0.0425296754,0.8069890087,0.1949842246,6.85767523e-05,4.470138604e-05,0.7694825029,0.1572169309,0.07330056618,0.1182512381,0.1191980811
19.456,15.40874065,-0.8045905744,-0.02390964514,0.1924046158,-0.04566638448,0.8049457519,0.1977497278,6.977660171e-05,4.63374429e-05,0.7674846369,0.159594316,0.07292104709,0.1195469685,0.120489359
19.48,15.38975657,-0.8024837159,-0.02698427687,0.1944976772,-0.04877526883,0.8029372737,0.2005202565,7.046199998e-05,4.773951654e-05,0.7654710563,0.1619158938,0.07261304983,0.1207627859,0.1217075183
19.504,15.37081922,-0.8003976876,-0.03003107412,0.1965712285,-0.05185777772,0.8009608753,0.2032965248,7.075553447e-05,4.893834032e-05,0.7634321504,0.1641770586,0.07239079092,0.1218938217,0.1228475792
19.528,15.35192841,-0.798330127,-0.03305147211,0.1986277322,-0.0549152389,0.7990140121,0.2060792553,7.075389098e-05,4.996080078e-05,0.7613611588,0.1663755306,0.07226331055,0.1229377623,0.1239068687
19.552,15.33308398,-0.7962787868,-0.03604681142,0.2006695322,-0.05794886705,0.7970942723,0.2088691752,7.053235387e-05,5.083024793e-05,0.7592540592,0.1685113292,0.07223461162,0.1238947754,0.1248849942
19.576,15.31428576,-0.7942415166,-0.03901834511,0.2026988671,-0.0609597712,0.7951993574,0.2116670131,7.014912938e-05,5.156688972e-05,0.7571093193,0.1705866109,0.07230406988,0.1247672963,0.1257836838
19.6,15.29553357,-0.7922162472,-0.04196724352,0.2047178817,-0.06394896111,0.7933270649,0.2144734965,6.964908718e-05,5.218819921e-05,0.754927552,0.1726054062,0.07246704173,0.1255597153,0.1266065228
19.624,15.27682725,-0.7902009757,-0.04489459729,0.2067286374,-0.06691735264,0.7914752724,0.21728935,6.906682291e-05,5.27093009e-05,0.7527111446,0.1745732894,0.07271556593,0.1262780331,0.1273586251
19.648,15.25816663,-0.7881937531,-0.04780141872,0.2087331219,-0.06986577219,0.7896419239,0.2201152932,6.842908554e-05,5.314332192e-05,0.7504662788,0.1764970138,0.07303670736,0.1269319062,0.1280462687
19.672,15.23955155,-0.7861926738,-0.05068864181,0.2107332575,-0.07279496024,0.7878250179,0.2229520398,6.775666614e-05,5.350170389e-05,0.7481895579,0.1783841414,0.07342630078,0.1275212945,0.1286765264
19.696,15.22098182,-0.7841958665,-0.05355712128,0.2127309091,-0.0757055741,0.7860225965,0.225800296,6.706585267e-05,5.379447626e-05,0.7458939507,0.1802426897,0.07386335964,0.1280624239,0.1292569131
19.72,15.2024573,-0.7822014862,-0.05640763066,0.2147278908,-0.07859818984,0.784232737,0.2286607586,6.636954563e-05,5.403049448e-05,0.7435819549,0.1820808118,0.07433723328,0.1285609646,0.1297950664
19.744,15.18397782,-0.7802077088,-0.05924085971,0.216725972,-0.08147330362,0.7824535439,0.2315341144,6.567811315e-05,5.421764685e-05,0.7412584862,0.1839065203,0.07483499356,0.1290249335,0.1302984712
19.768,15.1655432,-0.778212726,-0.06205741136,0.2187268828,-0.08433133221,0.7806831426,0.2344210376,6.500004812e-05,5.436303456e-05,0.7389280561,0.1857274599,0.07534448393,0.1294618827,0.1307742341
19.792,15.14715329,-0.7762147419,-0.06485779811,0.220732319,-0.08717261301,0.7789196746,0.2373221884,6.434247525e-05,5.447312836e-05,0.7365945684,0.1875507301,0.0758547015,0.1298787047,0.1312289061
19.816,15.12880793,-0.774211971,-0.06764243824,0.2227439453,-0.08999740341,0.7771612931,0.2402382105,6.371154408e-05,5.455390542e-05,0.73426118,0.1893827538,0.07635606623,0.1302815004,0.131668353
19.84,15.11050696,-0.7722026369,-0.07041165159,0.2247633997,-0.09280587954,0.7754061601,0.243169729,6.311273407e-05,5.461096832e-05,0.73193021,0.1912291882,0.07684060177,0.1306754929,0.1320976681
19.864,15.0922502,-0.7701849717,-0.07316565525,0.2267922953,-0.09559813453,0.7736524438,0.2461173471,6.255108943e-05,5.464964744e-05,0.7296030855,0.1930948716,0.07730204289,0.1310649778,0.1325211201
19.888,15.07403751,-0.7681572173,-0.07590455884,0.2288322232,-0.09837417598,0.7718983175,0.249081643,6.203139333e-05,5.467508582e-05,0.7272803176,0.1949837986,0.07773588376,0.1314533013,0.1329421307
19.912,15.05586872,-0.7661176259,-0.07862835947,0.2308847538,-0.1011339229,0.7701419581,0.2520631665,6.155828312e-05,5.469230342e-05,0.7249615019,0.1968991178,0.07813938035,0.1318428624,0.1333632749
19.936,15.03774368,-0.7640644627,-0.08133693625,0.2329514379,-0.1038772019,0.7683815461,0.2550624345,6.113629739e-05,5.470623287e-05,0.7226453365,0.1988431453,0.07851151816,0.1322351323,0.1337862968
19.96,15.01966222,-0.761996008,-0.08403004394,0.2350338078,-0.1066037417,0.766615265,0.2580799267,6.076983101e-05,5.472171274e-05,0.7203296593,0.2008173889,0.07885295175,0.1326306911,0.1342121374
19.984,15.0016242,-0.75991056,-0.08670730543,0.2371333768,-0.1093131678,0.7648413012,0.2611160796,6.046295098e-05,5.474341215e-05,0.7180115056,0.2028225788,0.07916591559,0.133029286,0.1346409687
20.008,14.98362945,-0.7578064379,-0.08936820221,0.2392516397,-0.1120049934,0.7630578437,0.2641712809,6.02189874e-05,5.477564155e-05,0.7156872022,0.2048587049,0.0794540929,0.1334299258,0.1350722362
20.032,14.96567782,-0.7556819845,-0.09201206173,0.2413900725,-0.114678609,0.7612630828,0.2672458615,6.003974978e-05,5.482197031e-05,0.713352524,0.2069250685,0.07972240749,0.1338310392,0.135504715
20.056,14.94776915,-0.7535355685,-0.09463803931,0.2435501317,-0.1173332665,0.759455207,0.270340086,5.992411031e-05,5.488451326e-05,0.7110029582,0.2090203664,0.07997667542,0.1342307432,0.1359366012
20.08,14.92990329,-0.7513655844,-0.09724509117,0.2457332549,-0.1199680574,0.7576323972,0.2734541412,5.986551433e-05,5.496264529e-05,0.7086341316,0.2111428457,0.08022302272,0.1346272788,0.1363656753
20.104,14.91208008,-0.7491704497,-0.09983193138,0.2479408617,-0.1225818772,0.7557928137,0.2765881189,5.984768661e-05,5.505072464e-05,0.7062424344,0.2132906032,0.08046696234,0.1350196536,0.1367896127
20.128,14.89429938,-0.7469485937,-0.1023969596,0.2501743573,-0.1251733682,0.7539345721,0.2797419904,5.983736888e-05,5.513410043e-05,0.7038257822,0.2154621267,0.08071209104,0.1354084397,0.1372065425
20.152,14.87656104,-0.7446984318,-0.1049381314,0.2524351404,-0.1277408185,0.7520556932,0.2829155648,5.977240907e-05,5.518218491e-05,0.7013842184,0.2176571489,0.08095863264,0.1357964492,0.137615929
20.176,14.85886489,-0.742418302,-0.1074527105,0.2547246186,-0.1302819718,0.7501539976,0.2861084122,5.954333058e-05,5.513666045e-05,0.6989198362,0.2198778428,0.081202321,0.1361888125,0.1380198162
20.2,14.84121079,-0.7401063107,-0.1099367487,0.2570442402,-0.1327936335,0.7482268639,0.2893197029,5.896806168e-05,5.489220566e-05,0.6964350415,0.2221281918,0.08143676671,0.1365915982,0.1384222983
20.224,14.8235986,-0.737759909,-0.1123838739,0.2593955512,-0.1352707601,0.7462706067,0.2925478261,5.776635286e-05,5.426769075e-05,0.6939303302,0.2244156225,0.08165404731,0.1370105084,0.138831389
20.248,14.80602815,-0.7353745286,-0.1147820001,0.261780277,-0.1377040062,0.7442785802,0.2957892945,5.555782734e-05,5.297152753e-05,0.6913994566,0.2267459792,0.08185456425,0.1374488486,0.1392546696
20.272,14.78849931,-0.7329378007,-0.1171022181,0.2642001647,-0.1400714652,0.7422336217,0.2990346843,5.193213078e-05,5.058396812e-05,0.6888179446,0.2291190718,0.08206298362,0.1379071928,0.1396973269
20.296,14.77101192,-0.7303895784,-0.1192456475,0.2666521463,-0.1422983162,0.7400597683,0.3022452281,4.662991263e-05,4.661540099e-05,0.6860725424,0.2315131693,0.08241428831,0.1383840796,0.1401609892
20.32,14.75356585,-0.7267265857,-0.1207586497,0.268917364,-0.1438191817,0.7366913749,0.3049598427,3.975635678e-05,4.070929872e-05,0.6815939444,0.2336466595,0.08475939619,0.1388797609,0.1406461521
20.344,14.73616093,-0.7251932081,-0.1257977886,0.2707864083,-0.148652961,0.7360232827,0.308906105,3.179167165e-05,3.291867484e-05,0.681128148,0.2365793947,0.08229245724,0.1393978743,0.1411564119
20.368,14.71879703,-0.7230095507,-0.1273847181,0.2739656849,-0.1502673257,0.734145542,0.3124699437,2.32770126e-05,2.37639528e-05,0.6789250326,0.2393491654,0.08172580203,0.1399553552,0.1417116991
20.392,14.70147401,-0.7204671561,-0.1293760038,0.2766481714,-0.152317032,0.7319911703,0.3158079938,1.529862936e-05,1.522738654e-05,0.6765087837,0.2422270256,0.08126419071,0.14069771,0.1424923364
20.416,14.68419171,-0.7175984818,-0.1308793599,0.2794298159,-0.1540518669,0.7294360753,0.3190814938,5.619377456e-05,5.194119984e-05,0.6726437655,0.2441890455,0.08316718896,0.1405667744,0.1423760431
20.44,14.66695,-0.7150980666,-0.1340296955,0.2818776441,-0.1570654102,0.7275501385,0.3226833577,4.049242812e-05,4.845496792e-05,0.6707106847,0.2473189507,0.08197036457,0.141381479,0.143194399
20.464,14.64974873,-0.7124587943,-0.1360088317,0.2846095607,-0.159034387,0.7253247106,0.3260284317,2.092374516e-05,2.170574783e-05,0.6680477179,0.2500786729,0.08187360917,0.1419517817,0.1437841341
20.488,14.63258776,-0.7097395807,-0.1380391316,0.2873516548,-0.1610885052,0.7230387778,0.3294244678,1.468975259e-05,1.409532529e-05,0.6652439497,0.2528175344,0.0819385159,0.1424588752,0.1442970542
20.512,14.61546695,-0.7069771392,-0.1400455462,0.2901229216,-0.1631215447,0.7207145277,0.332836218,1.153658699e-05,1.063396595e-05,0.6623602411,0.255547819,0.08209193986,0.1429308106,0.1447678709
20.536,14.59838615,-0.7041768622,-0.1420113133,0.2929264355,-0.1651146406,0.7183538588,0.336256957,9.83932712e-06,9.117717515e-06,0.6594233464,0.2582969727,0.08227968084,0.14339108,0.1452282315
20.56,14.58134523,-0.7013409222,-0.1439288196,0.2957627287,-0.1670598945,0.7159571176,0.3396830876,8.973487414e-06,8.617697445e-06,0.6564490289,0.2610800404,0.08247093067,0.1438544346,0.1456954403
20.584,14.56434405,-0.6984708813,-0.1457931508,0.2986314407,-0.1689523615,0.7135245019,0.3431116988,8.573721604e-06,8.569536614e-06,0.6534451428,0.2639015785,0.08265327873,0.1443279279,0.1461759406
20.608,14.54738247,-0.6955682358,-0.1476004822,0.3015317231,-0.1707882182,0.7110563079,0.3465400345,8.406007755e-06,8.658401823e-06,0.6504156455,0.2667616321,0.08282272234,0.1448145725,0.1466716365
20.632,14.53046035,-0.6926345809,-0.1493475309,0.3044623761,-0.1725641734,0.7085529957,0.3499653303,8.328543993e-06,8.73434032e-06,0.647363044,0.2696588104,0.08297814556,0.1453156962,0.1471830779
20.656,14.51357756,-0.6896716738,-0.1510313347,0.307421905,-0.1742772402,0.7060152135,0.3533847537,8.261534897e-06,8.735226005e-06,0.6442894737,0.2725913203,0.08311920599,0.145831992,0.1477105361
20.68,14.49673395,-0.6866814595,-0.1526491543,0.3104085462,-0.17592464,0.7034438081,0.3567953818,8.162793193e-06,8.640769249e-06,0.6411970988,0.2755572095,0.08324569174,0.1463639076,0.1482542649
20.704,14.47992939,-0.6836660838,-0.1541984316,0.3134202822,-0.1775037642,0.7008398322,0.3601941971,8.011457085e-06,8.450158854e-06,0.6380882351,0.2785543737,0.08335739124,0.1469117645,0.148814514
20.728,14.46316374,-0.6806278971,-0.1556767735,0.3164548521,-0.179012162,0.6982045489,0.36357809,7.798458871e-06,8.172378175e-06,0.6349653719,0.2815805148,0.08345411331,0.1474757798,0.1493914871
20.752,14.44643687,-0.6775694539,-0.1570819506,0.3195097605,-0.1804475429,0.6955394339,0.3669438687,7.521467435e-06,7.822895937e-06,0.6318311627,0.284633103,0.08353573423,0.1480560586,0.1499853002
20.776,14.42974865,-0.6744935093,-0.1584119041,0.3225822875,-0.1818077866,0.6928461774,0.3702882708,7.182663084e-06,7.423926213e-06,0.6286884086,0.2877093563,0.08360223506,0.1486525831,0.1505959528
20.8,14.41309894,-0.6714030119,-0.159664757,0.3256694999,-0.183090957,0.6901266833,0.3736079786,6.788547441e-06,7.007219027e-06,0.6255400447,0.2908062343,0.08365372099,0.1492652057,0.1512233125
20.824,14.39648761,-0.6683010943,-0.1608388281,0.3287682641,-0.1842953193,0.6873830673,0.3768996368,6.351741365e-06,6.618847727e-06,0.6223891291,0.2939204469,0.08369042402,0.1498936478,0.1518671106
20.848,14.37991452,-0.6651910609,-0.1619326473,0.3318752616,-0.1854193569,0.6846176523,0.3801598705,5.895445604e-06,6.32436647e-06,0.6192388351,0.2970484724,0.08371269253,0.1505375052,0.1525269452
20.872,14.36337955,-0.6620763738,-0.1629449711,0.3349870064,-0.1864617886,0.6818329622,0.3833853063,5.46182047e-06,6.209099613e-06,0.6160924448,0.3001865836,0.08372097165,0.1511962563,0.1532022905
20.896,14.34688256,-0.6589606352,-0.163874798,0.3380998652,-0.1874215853,0.6790317136,0.3865725928,5.124605807e-06,6.364374021e-06,0.6129533433,0.303330879,0.08371577776,0.1518692751,0.1538925095
20.92,14.33042342,-0.6558475682,-0.1647213828,0.3412100792,-0.188297985,0.6762168045,0.3897184231,4.9990479e-06,6.857589789e-06,0.6098250115,0.3064773184,0.08369767006,0.1525558448,0.1545968691
20.944,14.31400201,-0.6527409958,-0.16548425,0.3443137886,-0.1890905055,0.6733913013,0.3928195569,5.225730184e-06,7.706360261e-06,0.6067110175,0.3096217608,0.08366722167,0.1532551729,0.1553145564
20.968,14.29761818,-0.6496448171,-0.1661632045,0.3474070582,-0.1897989559,0.6705584231,0.3958728429,5.911983276e-06,8.879532597e-06,0.6036150052,0.3127600027,0.08362499203,0.1539664064,0.1560446949
20.992,14.28127182,-0.646562982,-0.1667583406,0.3504859048,-0.1904234442,0.6677215242,0.3988752406,7.082711702e-06,1.03161143e-05,0.6005406802,0.3158878176,0.0835715022,0.1546886463,0.1567863599
21.016,14.26496279,-0.6434994653,-0.1672700488,0.3535463259,-0.1909643828,0.6648840734,0.4018238421,8.695459568e-06,1.193977956e-05,0.5974917923,0.3190009935,0.08350721413,0.1554209612,0.1575385933
21.04,14.24869097,-0.6404582386,-0.1676990191,0.3565843289,-0.1914224907,0.6620496329,0.4047158924,1.067337876e-05,1.366342458e-05,0.5944721151,0.3220953701,0.08343251475,0.1561623986,0.1583004164
21.064,14.23245623,-0.637443242,-0.1680462418,0.3595959603,-0.1917987919,0.6592218338,0.4075488085,1.290784736e-05,1.539065823e-05,0.5914854223,0.3251668725,0.08334770523,0.1569119959,0.159070841
21.088,14.21625844,-0.6344583558,-0.1683130047,0.3625773356,-0.1920946114,0.6564043516,0.410320197,1.52426703e-05,1.702103997e-05,0.5885354615,0.3282115428,0.08325299572,0.1576687884,0.1598488784
21.112,14.20009748,-0.6315073718,-0.1685008878,0.3655246675,-0.1923115671,0.6536008796,0.41302787,1.747156905e-05,1.84612324e-05,0.585625926,0.3312255686,0.08314850541,0.1584318159,0.1606335468
21.136,14.18397322,-0.6285939656,-0.1686117536,0.3684342942,-0.1924515586,0.6508151021,0.4156698588,1.93730514e-05,1.963916064e-05,0.5827604246,0.3342053077,0.08303426766,0.1592001271,0.1614238758
21.16,14.16788554,-0.6257216699,-0.1686477355,0.371302705,-0.1925167536,0.6480506669,0.4182444251,2.077739225e-05,2.051511419e-05,0.5799424506,0.3371473096,0.08291023981,0.1599727834,0.16221891
21.184,14.15183431,-0.6228938488,-0.1686112222,0.3741265652,-0.1925095703,0.6453111584,0.42075007,2.162242417e-05,2.108466611e-05,0.5771753509,0.3400483323,0.08277631682,0.1607488593,0.1630177104
21.208,14.13581941,-0.6201136753,-0.1685048395,0.3769027381,-0.1924326583,0.6426000709,0.4231855408,2.195608392e-05,2.13727456e-05,0.5744622952,0.3429053565,0.08263234832,0.1615274435,0.1638193541
21.232,14.11984071,-0.6173841091,-0.1683314302,0.3796283043,-0.1922888766,0.639920783,0.4255498343,2.189174793e-05,2.142254326e-05,0.5718062467,0.3457155954,0.08247815792,0.1623076377,0.1646229334
21.256,14.1038981,-0.6147078791,-0.1680940308,0.382300579,-0.1920812701,0.6372765332,0.4278421987,2.155602345e-05,2.128413325e-05,0.5692099349,0.3484765011,0.08231356407,0.1630885546,0.1654275536
21.28,14.08799145,-0.6120874672,-0.1677958468,0.3849171252,-0.1918130441,0.6346703977,0.4300621318,2.1056674e-05,2.100602246e-05,0.5666758305,0.3511857677,0.08213840185,0.1638693163,0.1662323301
21.304,14.07212063,-0.6095250962,-0.1674402269,0.387475765,-0.1914875387,0.6321052701,0.4322093774,2.047262816e-05,2.063044847e-05,0.5642061235,0.3538413317,0.08195254478,0.1646490507,0.1670363853
21.328,14.05628554,-0.6070227201,-0.1670306356,0.3899745865,-0.1911082014,0.6295838434,0.4342839195,1.985649723e-05,2.019171472e-05,0.561802708,0.3564413693,0.08175592271,0.1654268917,0.1678388461
21.352,14.04048604,-0.6045820185,-0.1665706256,0.3924119488,-0.1906785604,0.6271085954,0.4362859739,1.924114104e-05,1.971639859e-05,0.559467166,0.3589842918,0.08154854218,0.1662019752,0.1686388404
21.376,14.02472202,-0.602204394,-0.1660638102,0.3947864826,-0.1902021981,0.6246817759,0.4382159776,1.864604253e-05,1.922444546e-05,0.5572007596,0.3614687387,0.08133050164,0.1669734381,0.1694354953
21.4,14.00899336,-0.5998909723,-0.1655138356,0.3970970888,-0.1896827242,0.622305398,0.4400745775,1.808217292e-05,1.873051753e-05,0.5550044265,0.3638935699,0.08110200365,0.1677404177,0.1702279357
21.424,13.99329994,-0.5976426064,-0.1649243545,0.3993429338,-0.1891237508,0.6199812317,0.4418626165,1.755532525e-05,1.824527183e-05,0.5528787803,0.3662578559,0.08086336375,0.1685020523,0.1710152837
21.448,13.97764164,-0.5954598829,-0.1642990004,0.4015234421,-0.1885288685,0.6177108011,0.4435811186,1.706827366e-05,1.777643899e-05,0.5508241163,0.3685608684,0.08061501532,0.1692574823,0.1717966593
21.472,13.96201835,-0.5933431317,-0.1636413634,0.403638287,-0.1879016232,0.615495384,0.4452312733,1.662213083e-05,1.732967967e-05,0.5488404206,0.3708020691,0.08035751029,0.1700058526,0.1725711821
21.496,13.94642994,-0.5912924371,-0.1629549676,0.4056873785,-0.187245496,0.6133360152,0.4468144188,1.621718959e-05,1.690924336e-05,0.5469273847,0.3729810999,0.08009151544,0.1707463168,0.1733379747
21.52,13.9308763,-0.5893076525,-0.1622432507,0.4076708498,-0.1865638832,0.611233492,0.4483320246,1.585344525e-05,1.651846902e-05,0.5450844236,0.3750977718,0.07981780464,0.1714780416,0.1740961672
21.544,13.91535732,-0.5873884161,-0.1615095453,0.4095890417,-0.1858600799,0.6091883819,0.4497856739,1.553092685e-05,1.616016888e-05,0.543310698,0.3771520552,0.07953724674,0.1722002132,0.1748449026
21.568,13.89987287,-0.5855341682,-0.1607570622,0.411442486,-0.1851372644,0.6072010335,0.451177045,1.52499204e-05,1.583693178e-05,0.5416051398,0.3791440705,0.07925078964,0.1729120445,0.1755833443
21.592,13.88442284,-0.5837441705,-0.1599888762,0.4132318871,-0.1843984846,0.6052715895,0.4525078934,1.501113885e-05,1.555137833e-05,0.5399664807,0.3810740788,0.07895944052,0.1736127834,0.1763106849
21.616,13.86900712,-0.5820175266,-0.1592079132,0.4149581029,-0.183646647,0.6034000008,0.4537800327,1.481587783e-05,1.530639648e-05,0.5383932835,0.3829424741,0.07866424242,0.1743017223,0.1770261558
21.64,13.8536256,-0.5803532039,-0.1584169397,0.4166221239,-0.1828845065,0.6015860437,0.4549953152,1.466618968e-05,1.510538662e-05,0.5368839764,0.3847497764,0.0783662472,0.1749782082,0.1777290393
21.664,13.83827816,-0.5787500564,-0.157618553,0.4182250513,-0.1821146574,0.5998293391,0.4561556115,1.456510903e-05,1.49525493e-05,0.5354368898,0.3864966255,0.07806648466,0.1756416536,0.1784186834
21.688,13.82296468,-0.577206851,-0.1568151726,0.4197680723,-0.1813395255,0.5981293733,0.4572627889,1.451697257e-05,1.485326007e-05,0.5340502957,0.3881837772,0.07776592709,0.1762915482,0.1790945189
21.712,13.80768506,-0.5757222958,-0.1560090313,0.421252433,-0.1805613605,0.5964855235,0.4583186852,1.452789649e-05,1.481459788e-05,0.5327224505,0.3898121016,0.0774654479,0.1769274705,0.1797560842
21.736,13.79243918,-0.5742950742,-0.1552021645,0.4226794049,-0.1797822258,0.594897087,0.4593250789,1.460651613e-05,1.484613627e-05,0.5314516425,0.391382586,0.07716577147,0.1775490981,0.1804030578
21.76,13.77722693,-0.5729238883,-0.1543963956,0.424050243,-0.179003986,0.5933633194,0.4602836469,1.476517188e-05,1.496118795e-05,0.5302362438,0.3928963467,0.0768674095,0.1781562148,0.1810353109
21.784,13.7620482,-0.5716075188,-0.153593312,0.425366126,-0.1782282861,0.5918834861,0.4611959054,1.502188392e-05,1.517885752e-05,0.5290747689,0.3943546563,0.07657057474,0.1787487076,0.181652993
21.808,13.74690288,-0.5703449173,-0.1527942231,0.4266280653,-0.1774565159,0.5904569411,0.4620631138,1.54037941e-05,1.552760156e-05,0.5279659363,0.3957590071,0.07627505661,0.1793265367,0.1822566857
21.832,13.73179086,-0.5691353617,-0.1520000807,0.4278367491,-0.1766897421,0.5890832577,0.4628861078,1.595350991e-05,1.605177564e-05,0.5269087227,0.3971112475,0.07598002984,0.1798896379,0.1828476985
21.856,13.71671202,-0.5679787496,-0.1512113175,0.4289922476,-0.1759285724,0.5877624712,0.4636649772,1.67416516e-05,1.682456791e-05,0.5259023685,0.3984138848,0.07568374668,0.1804376457,0.1834286734
21.88,13.70166627,-0.5668762163,-0.1504274906,0.4300933917,-0.1751728579,0.5864955879,0.4643983804,1.78940248e-05,1.797599126e-05,0.5249462073,0.3996707389,0.07538305375,0.1809691325,0.1840048829
21.904,13.68665349,-0.5658316244,-0.1496463959,0.4311362705,-0.1744209599,0.5852858028,0.4650818799,1.965805089e-05,1.976128822e-05,0.5240389634,0.4008880561,0.07507298045,0.1814794921,0.1845869008
21.928,13.67167357,-0.5648558475,-0.1488614663,0.4321098983,-0.1736676303,0.5841419901,0.4657031351,2.259548226e-05,2.275930924e-05,0.5231767009,0.4020723457,0.07475095336,0.1819548358,0.1851929352
21.952,13.6567264,-0.5639828423,-0.148051788,0.4329798889,-0.1728960722,0.5830917409,0.4662238046,2.831079115e-05,2.862211248e-05,0.522349127,0.403169618,0.07448125509,0.1823531478,0.1858049812
21.976,13.64181189,-0.5633676228,-0.1471186713,0.4335879657,-0.1720300421,0.5822602355,0.4664684977,4.39440651e-05,4.469819344e-05,0.5215591988,0.4036040676,0.07483673357,0.182532215,0.1860112062
22,13.62692991,-0.5665979598,-0.1429446549,0.429881137,-0.1694349419,0.5843512834,0.4620670855,0.0002435362285,0.000250983855,0.5230650797,0.398096774,0.07883814628,0.1815985981,0.1845907195
22.024,13.61208037,-0.5597324971,-0.1467415427,0.4372057846,-0.1716158318,0.5786480352,0.469681692,3.634768508e-05,3.790190519e-05,0.5200938442,0.4091260759,0.07078007998,0.1852602942,0.1885251826
22.048,13.59726315,-0.5594677993,-0.1457628942,0.4374800166,-0.1706581894,0.57814448,0.4695880988,1.133427025e-05,1.205922699e-05,0.5189656447,0.4082017218,0.07283263352,0.1847146047,0.1876887392
22.072,13.58247816,-0.5588217507,-0.1450080979,0.4381248204,-0.1699342893,0.5773292799,0.4699266123,4.333459848e-06,4.572805838e-06,0.5180401579,0.4086756766,0.0732841655,0.1847310605,0.1878446556
22.096,13.56772529,-0.5581183637,-0.1443165452,0.4388253227,-0.1692725281,0.5764749544,0.4703412087,2.633549608e-06,2.041418048e-06,0.5172778086,0.4093644552,0.07335773615,0.1849544356,0.1881436026
22.12,13.55300443,-0.557412083,-0.1436591594,0.4395281175,-0.1686442227,0.5756267753,0.4707715369,3.624230785e-06,2.853893468e-06,0.516604682,0.4101050155,0.07329030255,0.1852584976,0.1884791755
22.144,13.53831548,-0.5567191221,-0.143026723,0.4402172683,-0.1680405646,0.5747980728,0.4711994001,4.823098467e-06,4.135844787e-06,0.5159876556,0.410851573,0.07316077142,0.1855948311,0.1888226984
22.168,13.52365834,-0.5560455043,-0.1424154264,0.4408868686,-0.1674579869,0.5739936903,0.4716178626,5.83174191e-06,5.217712673e-06,0.5154118822,0.4115874689,0.07300064885,0.1859431256,0.1891640606
22.192,13.50903289,-0.5553936072,-0.1418234121,0.4415346104,-0.1668947776,0.5732154387,0.4720240237,6.676349209e-06,6.123955683e-06,0.5148703492,0.4123059159,0.07282373488,0.18629441,0.1894992369
22.216,13.49443905,-0.5547642583,-0.1412496556,0.4421597178,-0.1663500039,0.5724638395,0.4724167015,7.405523717e-06,6.909798146e-06,0.514359309,0.4130041464,0.0726365446,0.1866444614,0.1898266065
22.24,13.47987671,-0.5541575499,-0.1406935281,0.4427621429,-0.1658230962,0.5717388031,0.4727955314,8.05606686e-06,7.616337059e-06,0.5138762727,0.4136812414,0.07244248583,0.1869910137,0.1901456269
22.264,13.46534576,-0.5535732016,-0.1401546032,0.4433422066,-0.1653136672,0.5710399306,0.4731605654,8.653873056e-06,8.272235584e-06,0.5134190625,0.414337205,0.07224373256,0.18733246,0.1904562842
22.288,13.45084611,-0.5530107389,-0.1396325623,0.4439004218,-0.1648214231,0.5703666626,0.4735120758,9.217340976e-06,8.89786823e-06,0.5129853047,0.4149725258,0.07204216944,0.1876671749,0.1907588398
22.312,13.43637764,-0.5524695861,-0.1391271465,0.4444374008,-0.1643461198,0.5697183571,0.4738504514,9.759945314e-06,9.508293424e-06,0.5125721209,0.415587952,0.07183992707,0.1879931143,0.1910537017
22.336,13.42194028,-0.5519491196,-0.1386381303,0.4449538028,-0.1638875382,0.5690943347,0.47417614,1.029193938e-05,1.011517827e-05,0.5121759259,0.4161843658,0.07163970833,0.188307564,0.1913413539
22.36,13.4075339,-0.5514486977,-0.1381653068,0.4454503035,-0.163445472,0.5684939034,0.4744896155,1.082147008e-05,1.072804799e-05,0.5117923251,0.4167627046,0.07144497028,0.1886070068,0.1916223093
22.384,13.39315842,-0.5509676792,-0.1377084796,0.4459275771,-0.1630197197,0.5679163749,0.4747913573,1.135532419e-05,1.135512359e-05,0.5114161471,0.4173238959,0.07125995703,0.1888871381,0.1918970627
22.408,13.37881373,-0.5505054343,-0.1372674588,0.4463862848,-0.1626100814,0.5673610741,0.4750818391,1.189944637e-05,1.200391131e-05,0.5110417041,0.4178687634,0.07108953246,0.1891431156,0.1921660095
22.432,13.36449973,-0.5500613513,-0.1368420577,0.4468270682,-0.1622163571,0.5668273449,0.4753615207,1.24593169e-05,1.268164393e-05,0.5106634371,0.4183978311,0.07093873185,0.189370198,0.1924292556
22.456,13.35021633,-0.5496348408,-0.1364320926,0.4472505452,-0.1618383454,0.5663145541,0.4756308445,1.304024433e-05,1.339563734e-05,0.5102771019,0.4189108547,0.07081204337,0.1895649276,0.1926861543
22.48,13.33596343,-0.5492253382,-0.1360373815,0.4476573078,-0.1614758438,0.5658220933,0.4758902325,1.36476099e-05,1.415360473e-05,0.5098813326,0.4194057767,0.07071289069,0.1897266911,0.1929342632
22.504,13.32174093,-0.5488323046,-0.1356577451,0.4480479203,-0.1611286489,0.5653493808,0.4761400849,1.428708934e-05,1.496395896e-05,0.5094787253,0.4198768555,0.07064441926,0.1898588027,0.1931674748
22.528,13.30754874,-0.5484552278,-0.1352930061,0.4484229193,-0.1607965569,0.5648958616,0.4763807797,1.496487197e-05,1.583612801e-05,0.5090753333,0.4203130912,0.07061157553,0.1899679987,0.1933744436
22.552,13.29338675,-0.5480936224,-0.1349429903,0.4487828132,-0.1604793638,0.564461008,0.4766126726,1.568789465e-05,1.678090617e-05,0.5086785481,0.4207017074,0.07061974448,0.1900623184,0.1935420675
22.576,13.27925487,-0.5477470295,-0.1346075269,0.4491280825,-0.1601768662,0.5640443197,0.4768360965,1.646410757e-05,1.781086419e-05,0.5082947577,0.4210397786,0.07066546375,0.1901487628,0.1936671153
22.6,13.26515301,-0.5474150169,-0.1342864491,0.4494591799,-0.1598888613,0.5636453239,0.4770513624,1.730279157e-05,1.894084448e-05,0.5079281253,0.4213397827,0.07073209207,0.1902320738,0.1937617799
22.624,13.25108106,-0.547097179,-0.1339795943,0.4497765308,-0.1596151475,0.5632635751,0.4772587589,1.821495053e-05,2.018857135e-05,0.5075806364,0.4216167872,0.07080257641,0.1903147811,0.1938408638
22.648,13.23703894,-0.5467931363,-0.1336868054,0.450080533,-0.1593555247,0.5628986551,0.4774585526,1.921380955e-05,2.157541189e-05,0.5072527797,0.4218772649,0.07086995545,0.1903978834,0.193910595
22.672,13.22302655,-0.546502536,-0.1334079309,0.4503715569,-0.1591097938,0.5625501736,0.4776509874,2.03154602e-05,2.312732691e-05,0.5069442706,0.4221217929,0.07093393651,0.1904815724,0.1939713266
22.696,13.2090438,-0.5462250521,-0.1331428258,0.4506499449,-0.1588777575,0.5622177688,0.4778362844,2.153970955e-05,2.487605089e-05,0.506654563,0.4223510678,0.07099436927,0.1905657429,0.1940235525
22.72,13.19509058,-0.5459603863,-0.1328913531,0.4509160103,-0.1586592193,0.5619011079,0.4780146401,2.291121134e-05,2.686052288e-05,0.5063831232,0.4225683135,0.07104856327,0.1906502676,0.1940703166
22.744,13.18116681,-0.545708269,-0.1326533844,0.4511700358,-0.1584539841,0.5615998889,0.4781862255,2.446098842e-05,2.912853529e-05,0.5061295314,0.4227785336,0.07109193495,0.1907350956,0.1941164665
22.768,13.1672724,-0.5454684611,-0.1324288019,0.4514122711,-0.1582618571,0.5613138424,0.4783511826,2.622849551e-05,3.173841896e-05,0.5058934794,0.4229866289,0.07111989167,0.1908202491,0.194166774
22.792,13.15340725,-0.5452407562,-0.132217501,0.4516429286,-0.1580826448,0.5610427343,0.4785096212,2.826441941e-05,3.476022494e-05,0.5056747227,0.4231959402,0.07112933705,0.1909057722,0.1942244814
22.816,13.13957127,-0.5450249834,-0.1320193931,0.4518621784,-0.1579161544,0.56078637,0.4786616133,3.063445327e-05,3.827504457e-05,0.5054730247,0.4234078196,0.07111915574,0.190991671,0.194290878
22.84,13.12576436,-0.5448210117,-0.131834411,0.4520701399,-0.1577621947,0.5605445983,0.4788071861,3.342425788e-05,4.236933088e-05,0.5052881152,0.423621981,0.07108990381,0.1910778674,0.1943656577
22.864,13.11198644,-0.5446287543,-0.1316625147,0.4522668711,-0.157620579,0.5603173188,0.4789463119,3.674556209e-05,4.711750365e-05,0.5051196733,0.423837108,0.07104321863,0.1911641742,0.1944475361
22.888,13.09823742,-0.5444481746,-0.1315037018,0.4524523528,-0.1574911289,0.5601044889,0.4790788945,4.074235383e-05,5.253995543e-05,0.504967334,0.4240513706,0.07098129547,0.1912502939,0.1945347806
22.912,13.0845172,-0.5442792931,-0.1313580211,0.4526264662,-0.1573736834,0.5599061337,0.4792047517,4.559295975e-05,5.851698182e-05,0.5048307129,0.4242627498,0.07090653722,0.1913358323,0.1946255523
22.936,13.07082569,-0.5441221939,-0.1312255926,0.4527889628,-0.1572681159,0.559722358,0.4793235912,5.149478869e-05,6.464731751e-05,0.5047094439,0.4244692007,0.07082135543,0.1914203232,0.1947180915
22.96,13.0571628,-0.5439770309,-0.1311066363,0.4529394216,-0.1571743651,0.5595533578,0.4794349807,5.859527167e-05,7.010660979e-05,0.5046032189,0.4246687082,0.07072807289,0.1915032553,0.1948108026
22.984,13.04352845,-0.5438440302,-0.1310015145,0.4530771927,-0.1570924918,0.5593994333,0.4795383129,6.678528215e-05,7.371662505e-05,0.5045118277,0.424859284,0.0706288883,0.1915840973,0.1949022849
23.008,13.02992255,-0.5437234829,-0.1309107903,0.453201325,-0.1570227829,0.5592609953,0.4796327713,7.524071197e-05,7.447090163e-05,0.5044351865,0.4250389359,0.07052587764,0.19166232,0.194991335
23.032,13.016345,-0.5436157193,-0.1308353106,0.4533104869,-0.1569659389,0.5591385595,0.4797173163,8.187438129e-05,7.224465102e-05,0.5043733472,0.4252056435,0.07042100927,0.1917374117,0.1950769348
23.056,13.00279571,-0.5435210445,-0.1307763163,0.453402916,-0.156923411,0.5590327099,0.4797907472,8.384978818e-05,6.788083273e-05,0.5043264681,0.4253573997,0.07031613216,0.1918088904,0.195158234
23.08,12.98927461,-0.5434396035,-0.1307355777,0.4534765047,-0.1568979787,0.5589439989,0.4798519731,8.007663621e-05,6.254763679e-05,0.5042947109,0.4254924501,0.07021283903,0.1918763106,0.1952345301
23.104,12.9757816,-0.5433711262,-0.1307155332,0.4535293076,-0.1568946589,0.5588727328,0.4799007885,7.25287219e-05,5.714427117e-05,0.5042780039,0.4256100188,0.0701119773,0.1919392672,0.1953052487
23.128,12.96231659,-0.5433144863,-0.1307193597,0.4535610895,-0.1569218076,0.5588185591,0.4799396999,6.402572092e-05,5.215549413e-05,0.5042755838,0.4257120431,0.07001237318,0.1919973976,0.1953699248
23.152,12.94887949,-0.543267027,-0.1307508129,0.4535768515,-0.1569913796,0.5587797756,0.4799773468,5.623978454e-05,4.776359095e-05,0.5042852219,0.4258064424,0.06990833568,0.1920503811,0.1954281866
23.176,12.93547023,-0.5432237297,-0.1308135458,0.4535922358,-0.1571152452,0.558752364,0.4800324121,4.970444273e-05,4.398885035e-05,0.5043021447,0.4259108603,0.06978699499,0.1920979379,0.1954797417
23.2,12.92208871,-0.5431766335,-0.1309095641,0.4536353597,-0.157293743,0.558729066,0.4801316082,4.440775131e-05,4.078215628e-05,0.5043179988,0.4260507272,0.06963127396,0.1921398277,0.1955243644
23.224,12.90873484,-0.5431154228,-0.1310368302,0.4537333916,-0.1575025972,0.5586993945,0.4802926804,4.01683179e-05,3.807291401e-05,0.5043208622,0.4262429466,0.06943619115,0.1921758472,0.1955618864
23.248,12.89540855,-0.543030228,-0.1311871263,0.4538875124,-0.1577008002,0.558651851,0.4805032948,3.678729149e-05,3.57903867e-05,0.5042977206,0.4264756058,0.0692266736,0.1922058286,0.1955921882
23.272,12.88210975,-0.5429162996,-0.1313465148,0.4540694535,-0.1578610236,0.5585785668,0.4807277519,3.409423947e-05,3.387175164e-05,0.5042396531,0.4267143651,0.06904598183,0.1922296366,0.1956151925
23.296,12.86883834,-0.5427775417,-0.1314998475,0.4542468814,-0.157983997,0.5584797844,0.480935726,3.195428498e-05,3.226418339e-05,0.5041468375,0.4269300318,0.06892313069,0.1922471669,0.1956308582
23.32,12.85559425,-0.5426253898,-0.1316369531,0.4544021567,-0.1580854405,0.558364219,0.4811157102,3.026370275e-05,3.092451465e-05,0.5040289456,0.4271115033,0.0688595511,0.1922583436,0.1956391758
23.344,12.8423774,-0.5424735193,-0.131755796,0.4545313847,-0.1581809318,0.5582446676,0.4812691418,2.894339792e-05,2.981808242e-05,0.5039002272,0.427260151,0.06883962176,0.1922631175,0.1956401633
23.368,12.82918769,-0.5423326766,-0.1318609009,0.4546371414,-0.1582807427,0.558132627,0.481401832,2.793308242e-05,2.891744255e-05,0.5037734939,0.4273815877,0.06884491834,0.1922614638,0.1956338631
23.392,12.81602505,-0.5422086822,-0.1319595629,0.4547236107,-0.158390465,0.558035466,0.4815195755,2.718672653e-05,2.820121711e-05,0.5036569626,0.4274814409,0.06886159644,0.1922533806,0.1956203386
23.416,12.80288939,-0.5421031753,-0.1320588105,0.4547946343,-0.1585127808,0.5579564339,0.4816268899,2.666918833e-05,2.765315893e-05,0.5035542694,0.4275641336,0.06888159698,0.1922388866,0.1955996718
23.44,12.78978063,-0.542015287,-0.1321640542,0.4548532372,-0.1586488071,0.5578959658,0.4817270092,2.635377401e-05,2.726144472e-05,0.5034659289,0.4276328732,0.06890119792,0.1922180196,0.1955719611
23.464,12.77669869,-0.5419430539,-0.132278937,0.4549016786,-0.1587988828,0.557853019,0.4818221896,2.622049229e-05,2.701818514e-05,0.503390826,0.4276899416,0.0689192324,0.1921908346,0.1955373185
23.488,12.76364348,-0.5418842683,-0.1324056862,0.4549416237,-0.1589629862,0.5578259818,0.4819140089,2.625481442e-05,2.691913714e-05,0.5033272286,0.4277369808,0.06893579054,0.192157402,0.1954958681
23.512,12.75061492,-0.5418368815,-0.1325455491,0.4549743094,-0.1591409436,0.5578131665,0.4820035914,2.644679837e-05,2.696361159e-05,0.5032733353,0.4277752069,0.06895145776,0.1921178058,0.1954477441
23.536,12.73761293,-0.5417991432,-0.1326991489,0.4550006707,-0.1593325309,0.5578130293,0.4820917607,2.679047144e-05,2.715458109e-05,0.5032275186,0.4278055551,0.06896692634,0.1920721422,0.1953930885
23.56,12.72463744,-0.5417696147,-0.1328667346,0.4550214318,-0.1595375213,0.5578242416,0.4821791411,2.728338788e-05,2.74990092e-05,0.5031884026,0.4278287749,0.06898282244,0.1920205174,0.1953320501
23.584,12.71168835,-0.5417471318,-0.133048342,0.455037169,-0.1597557049,0.557845692,0.4822662236,2.792628498e-05,2.800844272e-05,0.5031548629,0.427845493,0.06899964416,0.191963046,0.1952647818
23.608,12.69876559,-0.5417307546,-0.1332438925,0.4550483541,-0.1599868964,0.5578764606,0.4823534094,2.872275134e-05,2.869993538e-05,0.5031259957,0.4278562523,0.06901775204,0.1918998495,0.1951914399
23.632,12.68586908,-0.541719719,-0.1334532523,0.4550553842,-0.1602309362,0.5579157862,0.4824410385,2.967878524e-05,2.959740462e-05,0.5031010802,0.4278615384,0.06903738136,0.1918310549,0.1951121819
23.656,12.67299873,-0.541713397,-0.1336762656,0.4550586028,-0.1604876894,0.557963035,0.4825294089,3.080204663e-05,3.073356306e-05,0.5030795416,0.4278617965,0.0690586619,0.1917567922,0.1950271651
23.68,12.66015448,-0.5417112643,-0.1339127743,0.4550583137,-0.1607570426,0.5580176744,0.4826187892,3.210046833e-05,3.215260124e-05,0.5030609198,0.4278574419,0.06908163837,0.1916771937,0.1949365452
23.704,12.64733623,-0.5417128756,-0.1341626272,0.4550547919,-0.1610389017,0.5580792508,0.4827094276,3.357965427e-05,3.391378495e-05,0.5030448435,0.4278488674,0.06910628907,0.1915923922,0.1948404747
23.728,12.63454391,-0.5417178461,-0.1344256854,0.4550482905,-0.1613331895,0.5581473727,0.4828015583,3.523811475e-05,3.60959328e-05,0.5030310102,0.4278364478,0.06913254194,0.1915025193,0.1947391018
23.752,12.62177745,-0.541725837,-0.1347018238,0.4550390462,-0.161639843,0.5582216977,0.4828954052,3.705887643e-05,3.880193155e-05,0.5030191693,0.4278205428,0.06916028794,0.1914077041,0.1946325689
23.776,12.60903676,-0.5417365448,-0.1349909317,0.4550272832,-0.1619588118,0.5583019216,0.4829911854,3.899556856e-05,4.215977266e-05,0.5030091094,0.4278014984,0.06918939218,0.1913080722,0.1945210114
23.8,12.59632176,-0.5417496938,-0.135292912,0.4550132164,-0.1622900563,0.558387771,0.4830891113,4.095156505e-05,4.630847723e-05,0.5030006485,0.4277796485,0.06921970293,0.1912037441,0.1944045569
23.824,12.58363239,-0.5417650292,-0.1356076801,0.4549970528,-0.1626335464,0.5584789967,0.483189392,4.275432862e-05,5.133468254e-05,0.5029936257,0.4277553152,0.06925105913,0.191094834,0.1942833241
23.848,12.57096855,-0.5417823129,-0.1359351634,0.4549789942,-0.1629892606,0.5585753693,0.4832922348,4.413726213e-05,5.70742567e-05,0.5029878945,0.4277288091,0.06928329643,0.1909814493,0.1941574216
23.872,12.55833018,-0.5418013196,-0.1362752996,0.4549592376,-0.1633571846,0.5586766751,0.4833978462,4.475808613e-05,6.264653977e-05,0.5029833184,0.4277004294,0.06931625218,0.1908636892,0.1940269478
23.896,12.54571719,-0.5418218343,-0.136628036,0.4549379771,-0.1637373109,0.558782713,0.4835064322,4.428819636e-05,6.589723357e-05,0.5029797663,0.4276704642,0.06934976944,0.1907416441,0.1938919899
23.92,12.53312952,-0.5418436493,-0.1369933284,0.4549154042,-0.1641296382,0.5588932925,0.4836181997,4.256284281e-05,6.417498496e-05,0.5029771093,0.4276391909,0.06938369983,0.1906153951,0.1937526237
23.944,12.52056707,-0.5418665632,-0.1373711406,0.4548917088,-0.1645341706,0.5590082312,0.4837333563,3.969310794e-05,5.728751719e-05,0.5029752181,0.4276068767,0.06941790516,0.1904850139,0.1936089134
23.968,12.50802979,-0.5418903784,-0.1377614436,0.4548670804,-0.1649509175,0.5591273536,0.4838521117,3.602890001e-05,4.807278357e-05,0.5029739611,0.4275737802,0.06945225875,0.1903505623,0.1934609119
23.992,12.49551759,-0.5419148998,-0.1381642148,0.4548417084,-0.1653798933,0.5592504885,0.4839746778,3.199722468e-05,3.920897327e-05,0.5029732025,0.4275401511,0.06948664638,0.1902120926,0.1933086609
24.016,12.4830304,-0.5419399334,-0.1385794384,0.4548157836,-0.1658211166,0.5593774684,0.4841012701,2.795024233e-05,3.173733184e-05,0.5029728015,0.4275062328,0.06952096577,0.1900696485,0.193152192
24.04,12.47056814,-0.541965284,-0.1390071043,0.4547894994,-0.1662746109,0.559508127,0.4842321086,2.410544779e-05,2.570379152e-05,0.5029726114,0.4274722644,0.06955512424,0.1899232666,0.1929915287
24.064,12.45813073,-0.5419907533,-0.1394472088,0.4547630539,-0.1667404033,0.5596422971,0.4843674197,2.056007282e-05,2.0845087e-05,0.5029724795,0.427438486,0.06958903453,0.1897729784,0.1928266882
24.088,12.44571812,-0.5420161359,-0.1398997544,0.4547366524,-0.1672185254,0.5597798075,0.4845074388,1.733063167e-05,1.687211735e-05,0.5029722477,0.4274051447,0.06962260761,0.1896188146,0.1926576861
24.112,12.43333021,-0.5420412152,-0.1403647504,0.4547105121,-0.1677090122,0.5599204784,0.4846524142,1.438767079e-05,1.35431557e-05,0.5029717537,0.4273725055,0.06965574074,0.1894608114,0.1924845428
24.136,12.42096694,-0.5420657547,-0.1408422146,0.4546848694,-0.1682119023,0.5600641141,0.484802614,1.167736989e-05,1.066692267e-05,0.5029708338,0.4273408691,0.06968829706,0.1892990218,0.1923072945
24.16,12.40862823,-0.5420894849,-0.141332175,0.4546599929,-0.1687272374,0.5602104902,0.4849583382,9.131100603e-06,8.087617536e-06,0.5029693281,0.4273106024,0.0697200695,0.1891335347,0.1921260126
24.184,12.39631401,-0.5421120771,-0.1418346744,0.454636207,-0.1692550615,0.5603593303,0.4851199403,6.665213701e-06,5.665947721e-06,0.5029670905,0.4272821961,0.06975071347,0.1889645114,0.1919408395
24.208,12.38402421,-0.5421330933,-0.14234978,0.4546139397,-0.1697954196,0.5605102592,0.485287872,4.170692738e-06,3.256912358e-06,0.502964009,0.4272563794,0.06977961152,0.1887922584,0.1917520607
24.232,12.37175875,-0.5421518727,-0.1428776029,0.4545938295,-0.1703483546,0.5606626993,0.485462781,1.48725586e-06,7.094271859e-07,0.5029600516,0.4272343754,0.06980557299,0.1886173892,0.1915602636
24.256,12.35951756,-0.5421672464,-0.1434183512,0.4545769929,-0.1709139009,0.5608156083,0.4856457598,1.682394102e-06,2.469157554e-06,0.5029553822,0.4272185449,0.06982607287,0.1884412357,0.1913667409
24.28,12.34730058,-0.5421766638,-0.1439724915,0.4545658435,-0.1714920676,0.5609666773,0.4858391044,5.914680169e-06,6.713437927e-06,0.5029507229,0.4272143601,0.06983491701,0.1882671098,0.1911747247
24.304,12.33510772,-0.5421725779,-0.1445414336,0.4545674567,-0.1720827938,0.5611090181,0.4860494425,1.283518248e-05,1.390587343e-05,0.5029488943,0.4272385683,0.06981253747,0.1881055639,0.1909945075
24.328,12.32293892,-0.5421150529,-0.1451329869,0.4546186972,-0.1726860516,0.5612061248,0.4863112504,2.873354327e-05,3.11247848e-05,0.5029670981,0.4273809421,0.06965195982,0.1880147828,0.1908823089
24.352,12.3107941,-0.5437494583,-0.1456060124,0.4528526377,-0.1737977876,0.5629072607,0.4850579166,8.395028283e-05,8.572047144e-05,0.503130621,0.424401425,0.07246795409,0.1862660297,0.1891202351
24.376,12.2986732,-0.5424110026,-0.1462792564,0.4543332405,-0.1739438741,0.5617893881,0.4864927181,4.509579279e-05,4.387967699e-05,0.5028328677,0.4267346911,0.07043244115,0.1872255491,0.1900595244
24.4,12.28657615,-0.5423653626,-0.1469038281,0.4543763592,-0.1745833356,0.5619082855,0.4867619714,2.427656872e-05,2.477366355e-05,0.5028283505,0.4268389558,0.07033269371,0.1870874286,0.1899017384
24.424,12.27450287,-0.5423550046,-0.1475354021,0.454384968,-0.1752388383,0.5620637383,0.4870054923,1.648273577e-05,1.739962686e-05,0.502809322,0.4268619867,0.07032869134,0.1868936758,0.1896876368
24.448,12.26245329,-0.5423522369,-0.1481782437,0.4543862953,-0.1759082958,0.5622301492,0.4872480209,1.232777684e-05,1.346199985e-05,0.5027832998,0.4268643488,0.07035235145,0.1866805589,0.1894537147
24.472,12.25042735,-0.5423510035,-0.1488333642,0.4543862339,-0.1765914284,0.5624019749,0.4874950073,9.673423248e-06,1.096728468e-05,0.5027518716,0.4268591718,0.07038895669,0.1864558901,0.1892077894
24.496,12.23842497,-0.5423491152,-0.1495011685,0.454386905,-0.1772882253,0.5625772499,0.4877484744,7.79620635e-06,9.220756376e-06,0.5027154272,0.4268510256,0.07043354723,0.186222265,0.1889524513
24.52,12.22644608,-0.5423455197,-0.1501818829,0.4543893242,-0.177998751,0.5627550628,0.4880094398,6.388888731e-06,7.919253184e-06,0.5026739874,0.4268419538,0.07048405874,0.1859807267,0.1886887404
24.544,12.21449063,-0.5423395977,-0.1508756691,0.4543940874,-0.1787231004,0.5629349045,0.4882785407,5.303262275e-06,6.909891098e-06,0.5026274304,0.4268330387,0.07053953086,0.1857317237,0.1884171054
24.568,12.20255853,-0.5423309223,-0.1515826626,0.4544016023,-0.1794613836,0.563116447,0.4885562449,4.464199083e-06,6.107518903e-06,0.5025755712,0.4268249357,0.07059949309,0.1854754383,0.1881377312
24.592,12.19064972,-0.5423191622,-0.1523029895,0.4544121832,-0.1802137212,0.5632994534,0.4888429375,3.834901356e-06,5.461195441e-06,0.5025181954,0.4268180911,0.07066371349,0.1852119211,0.1878506736
24.616,12.17876414,-0.5423040362,-0.1530367739,0.4544260936,-0.1809802413,0.563483737,0.4891389602,3.398852883e-06,4.938727049e-06,0.5024550751,0.4268128434,0.07073208156,0.1849411532,0.187555921
24.64,12.1669017,-0.5422852907,-0.1537841421,0.4544435692,-0.1817610782,0.5636691395,0.4894446314,3.145935409e-06,4.518754697e-06,0.5023859776,0.4268094743,0.07080454802,0.1846630788,0.1872534271
24.664,12.15506236,-0.5422626868,-0.1545452247,0.4544648293,-0.1825563718,0.5638555204,0.4897602576,3.060188403e-06,4.186315156e-06,0.5023106707,0.4268082383,0.07088109103,0.1843776227,0.1869431283
24.688,12.14324603,-0.5422359926,-0.1553201583,0.4544900843,-0.1833662669,0.5640427495,0.49008614,3.114128599e-06,3.9301489e-06,0.502228925,0.4268093792,0.07096169584,0.1840847017,0.1866249545
24.712,12.13145265,-0.5422049789,-0.1561090863,0.4545195408,-0.1841909132,0.5642307028,0.4904225785,3.273107335e-06,3.740995151e-06,0.5021405168,0.4268131414,0.07104634177,0.1837842308,0.1862988359
24.736,12.11968216,-0.5421694152,-0.15691216,0.4545534043,-0.1850304646,0.5644192597,0.490769875,3.503990412e-06,3.610542587e-06,0.5020452289,0.4268197777,0.07113499337,0.1834761281,0.1859647075
24.76,12.10793449,-0.5421290679,-0.1577295391,0.4545918822,-0.1858850791,0.5646083011,0.4911283355,3.780580681e-06,3.530878242e-06,0.5019428517,0.4268295541,0.07122759417,0.183160318,0.1856225122
24.784,12.09620957,-0.5420836977,-0.158561392,0.4546351853,-0.1867549188,0.5647977074,0.4914982721,4.084413652e-06,3.494316343e-06,0.5018331837,0.4268427543,0.07132406201,0.1828367333,0.1852722029
24.808,12.08450734,-0.5420330586,-0.1594078966,0.4546835305,-0.1876401489,0.5649873575,0.491880004,4.403260528e-06,3.493473614e-06,0.5017160316,0.4268596828,0.07142428566,0.1825053174,0.1849137444
24.832,12.07282772,-0.541976896,-0.1602692408,0.4547371417,-0.1885409381,0.5651771274,0.4922738602,4.729271512e-06,3.521450615e-06,0.5015912103,0.4268806676,0.07152812212,0.1821660249,0.1845471142
24.856,12.06117066,-0.5419149453,-0.1611456224,0.4547962522,-0.1894574581,0.5653668893,0.4926801797,5.057489651e-06,3.572006854e-06,0.5014585424,0.4269060629,0.07163539466,0.1818188228,0.1841723034
24.88,12.04953609,-0.5418469308,-0.16203725,0.4548611062,-0.1903898834,0.5655565107,0.4930993141,5.384825057e-06,3.639668952e-06,0.5013178579,0.4269362508,0.07174589132,0.181463691,0.1837893172
24.904,12.03792395,-0.5417725641,-0.1629443431,0.4549319606,-0.191338391,0.5657458529,0.4935316289,5.709388506e-06,3.719759993e-06,0.5011689927,0.4269716433,0.07185936399,0.1811006225,0.1833981747
24.928,12.02633416,-0.5416915424,-0.1638671324,0.4550090878,-0.19230316,0.5659347702,0.4939775048,6.03006915e-06,3.808367751e-06,0.5010117878,0.4270126845,0.07197552772,0.1807296236,0.1829989092
24.952,12.01476667,-0.5416035474,-0.1648058602,0.4550927768,-0.1932843719,0.5661231087,0.4944373407,6.34627003e-06,3.902279517e-06,0.5008460876,0.4270598518,0.0720940606,0.1803507134,0.1825915679
24.976,12.00322141,-0.5415082437,-0.1657607808,0.4551833365,-0.1942822099,0.5663107049,0.4949115546,6.657744634e-06,3.998909217e-06,0.5006717384,0.4271136578,0.07221460387,0.1799639239,0.1821762108
25,11.99169832,-0.5414052767,-0.1667321601,0.4552810977,-0.1952968594,0.5664973846,0.4954005866,6.964499185e-06,4.096236406e-06,0.5004885856,0.427174652,0.07233676247,0.1795692987,0.1817529107
25.024,11.98019733,-0.541294271,-0.1677202764,0.4553864163,-0.1963285073,0.5666829616,0.495904901,7.26673942e-06,4.192771274e-06,0.5002964718,0.4272434223,0.07246010592,0.1791668928,0.1813217514
25.048,11.96871838,-0.5411748286,-0.1687254203,0.4554996754,-0.1973773425,0.5668672353,0.4964249889,7.564849706e-06,4.287556733e-06,0.5000952337,0.4273205968,0.07258416953,0.1787567711,0.1808828272
25.072,11.95726141,-0.5410465265,-0.1697478943,0.4556212892,-0.1984435561,0.5670499903,0.4969613709,7.859398233e-06,4.380218391e-06,0.499884699,0.4274068449,0.07270845607,0.1783390074,0.1804362408
25.096,11.94582635,-0.5409089149,-0.1707880133,0.4557517059,-0.199527341,0.5672309933,0.4975146,8.151166267e-06,4.471075237e-06,0.4996646828,0.4275028795,0.0728324377,0.177913683,0.1799821023
25.12,11.93441314,-0.5407615143,-0.1718461039,0.4558914107,-0.2006288929,0.5674099918,0.4980852648,8.44120268e-06,4.561327544e-06,0.4994349836,0.427609458,0.07295555843,0.1774808848,0.1795205269
25.144,11.92302171,-0.5406038131,-0.1729225045,0.45604093,-0.2017484101,0.5675867117,0.4986739925,8.730908024e-06,4.65334283e-06,0.4991953792,0.427727384,0.07307723688,0.1770407038,0.1790516331
25.168,11.91165202,-0.5404352651,-0.1740175644,0.4562008343,-0.2028860943,0.567760855,0.4992814521,9.022155501e-06,4.751063486e-06,0.4989456216,0.4278575088,0.07319686959,0.176593233,0.1785755404
25.192,11.90030399,-0.5402552863,-0.1751316432,0.4563717421,-0.2040421506,0.567932097,0.4999083578,9.317459757e-06,4.860557031e-06,0.4986854323,0.4280007329,0.07331383475,0.1761385655,0.1780923666
25.216,11.88897755,-0.5400632516,-0.17626511,0.456554324,-0.2052167883,0.5681000833,0.5005554724,9.620208645e-06,4.99071456e-06,0.4984144966,0.428158007,0.07342749641,0.1756767918,0.177602226
25.24,11.87767266,-0.5398584918,-0.1774183421,0.4567493057,-0.2064102212,0.5682644273,0.5012236104,9.934978013e-06,5.154065317e-06,0.4981324573,0.4283303334,0.07353720928,0.1752079979,0.1771052257
25.264,11.86638925,-0.53964029,-0.1785917238,0.456957472,-0.2076226678,0.568424706,0.5019136414,1.026795503e-05,5.367608167e-06,0.4978389092,0.428518767,0.07364232386,0.1747322626,0.1766014635
25.288,11.85512725,-0.5394078776,-0.179785644,0.4571796707,-0.2088543518,0.5685804571,0.5026264931,1.062750067e-05,5.653474564e-06,0.4975333915,0.4287244166,0.07374219187,0.1742496552,0.176091025
25.312,11.84388662,-0.5391604302,-0.1810004948,0.4574168158,-0.2101055016,0.5687311743,0.5033631544,1.10248852e-05,6.039180928e-06,0.4972153819,0.4289484471,0.07383617096,0.1737602332,0.1755739818
25.336,11.83266727,-0.5388970642,-0.1822366679,0.4576698911,-0.2113763504,0.5688763037,0.5041246777,1.147522833e-05,6.557287377e-06,0.4968842903,0.4291920847,0.07392362505,0.1732640412,0.175050394
25.36,11.82146916,-0.5386168314,-0.1834945524,0.4579399532,-0.2126671354,0.5690152387,0.5049121817,1.199866329e-05,7.244506459e-06,0.4965394549,0.4294566444,0.07400390074,0.1727611129,0.1745203331
25.384,11.81029223,-0.5383187153,-0.1847745301,0.4582281352,-0.2139780966,0.569147315,0.5057268529,1.26217149e-05,8.140595267e-06,0.4961801432,0.4297437115,0.07407614531,0.1722514768,0.1739840617
25.408,11.79913641,-0.5380016259,-0.1860769714,0.4585356494,-0.2153094755,0.5692718057,0.5065699478,1.337882893e-05,9.287451095e-06,0.4958054756,0.4300545454,0.07413997899,0.1717350867,0.1734414333
25.432,11.78800165,-0.5376643952,-0.1874022303,0.4588637899,-0.2166615122,0.569387915,0.5074427933,1.431391093e-05,1.072852819e-05,0.4954142599,0.4303887363,0.07419700382,0.1712116619,0.1728905477
25.456,11.77688788,-0.5373057722,-0.1887506378,0.4592139353,-0.218034443,0.5694947727,0.5083467879,1.54816299e-05,1.250812109e-05,0.4950055699,0.4307500692,0.0742443609,0.1706812735,0.1723336123
25.48,11.76579505,-0.5369244183,-0.1901224949,0.4595875514,-0.2194284966,0.5695914272,0.509283401,1.694811332e-05,1.466951777e-05,0.4945783032,0.4311395088,0.07428218806,0.1701439089,0.1717699261
25.504,11.7547231,-0.536518902,-0.1915180646,0.4599861925,-0.2208438893,0.5696768393,0.5102541727,1.879047185e-05,1.725070608e-05,0.4941310833,0.4315584835,0.07431043318,0.1695993817,0.1711991625
25.528,11.74367197,-0.5360876948,-0.1929375622,0.460411504,-0.2222808199,0.5697498744,0.5112607123,2.109423881e-05,2.027632157e-05,0.4936623997,0.4320085572,0.07432904302,0.1690474799,0.1706210409
25.552,11.73264159,-0.5356291663,-0.1943811448,0.4608652233,-0.2237394632,0.5698092955,0.5123046959,2.394712182e-05,2.374515046e-05,0.4931705938,0.432491344,0.07433806226,0.1684879599,0.1700352419
25.576,11.72163192,-0.5351415804,-0.1958488987,0.4613491809,-0.2252199634,0.5698537551,0.5133878637,2.742638453e-05,2.761439704e-05,0.4926538401,0.4330084893,0.07433767057,0.1679205371,0.16944139
25.6,11.71064289,-0.5346230912,-0.197340826,0.4618653009,-0.2267224258,0.5698817871,0.5145120159,3.157624576e-05,3.178560867e-05,0.492110133,0.4335616613,0.07432820572,0.1673448808,0.1688390457
25.624,11.69967445,-0.5340717398,-0.1988568289,0.4624156012,-0.228246909,0.5698917982,0.5156790083,3.637289198e-05,3.610151947e-05,0.4915372743,0.4341525422,0.07431018352,0.1667606113,0.1682277012
25.648,11.68872653,-0.5334854518,-0.2003966929,0.4630021922,-0.2297934154,0.5698820595,0.5168907464,4.168199761e-05,4.036380882e-05,0.4909328614,0.4347828217,0.07428431696,0.1661672979,0.1676067763
25.672,11.67779908,-0.5328620342,-0.2019600673,0.4636272757,-0.2313618829,0.5698506965,0.5181491789,4.722995323e-05,4.437342404e-05,0.4902942757,0.4354541891,0.07425153517,0.1655644572,0.1669756156
25.696,11.66689205,-0.532199174,-0.2035464458,0.4642931419,-0.2329521757,0.5697956795,0.5194562906,5.262638939e-05,4.797936838e-05,0.4896186716,0.4361683271,0.07421300131,0.1649515524,0.166333487
25.72,11.65600537,-0.5314944358,-0.2051551439,0.4650021663,-0.2345640764,0.5697148132,0.5208140941,5.746272696e-05,5.111225666e-05,0.4889029638,0.436926913,0.07417012322,0.1643279921,0.1656795897
25.744,11.64513898,-0.530745259,-0.2067852774,0.4657568043,-0.2361972794,0.5696057241,0.5222246218,6.145116832e-05,5.378760173e-05,0.4881438134,0.4377317244,0.07412446217,0.1636931287,0.165013166
25.768,11.63429284,-0.5299489539,-0.2084357396,0.4665595858,-0.2378513862,0.5694658473,0.5236899169,6.451449721e-05,5.608349228e-05,0.4873376086,0.4385839756,0.07407841576,0.1630462532,0.1643328435
25.792,11.62346689,-0.5291026946,-0.210105181,0.4674131083,-0.2395259041,0.5692924104,0.5252120262,6.677046546e-05,5.810945255e-05,0.486480457,0.4394854074,0.07403413564,0.162386604,0.1636377315
25.816,11.61266106,-0.5282035077,-0.2117919936,0.4683200293,-0.2412202493,0.5690824141,0.526792994,6.844392407e-05,5.998087521e-05,0.485568177,0.4404377549,0.07399406809,0.1617133782,0.1629268928
25.84,11.60187531,-0.5272482532,-0.2134943022,0.4692830593,-0.2429337563,0.5688326094,0.5284348585,6.977775159e-05,6.180440124e-05,0.4845962602,0.4414424457,0.07396129404,0.1610257178,0.1621990422
25.864,11.59110957,-0.526233596,-0.2152099711,0.4703049553,-0.244665695,0.5685394703,0.5301396545,7.098177622e-05,6.367286094e-05,0.4835598408,0.4425009792,0.07393917998,0.1603227065,0.1614529219
25.888,11.5803638,-0.5251559646,-0.2169366328,0.4713885178,-0.2464152986,0.5681991638,0.5319094228,7.221829799e-05,6.566616769e-05,0.4824536682,0.4436148774,0.07393145438,0.1596033732,0.160687239
25.912,11.56963793,-0.5240114945,-0.2186717515,0.4725365932,-0.2481818047,0.5678075214,0.533746232,7.360780323e-05,6.785507619e-05,0.4812720757,0.444785722,0.07394220227,0.1588666889,0.1599006773
25.936,11.55893191,-0.5227959597,-0.2204127388,0.4737520863,-0.2499645128,0.5673600188,0.5356522164,7.524146948e-05,7.030597871e-05,0.4800089554,0.4460152192,0.07397582538,0.1581115589,0.1590919173
25.96,11.54824569,-0.521504697,-0.2221571379,0.4750379876,-0.251762863,0.5668517821,0.5376296391,7.719382339e-05,7.308596701e-05,0.4786577574,0.4473052976,0.07403694497,0.1573368085,0.1582596635
25.984,11.5375792,-0.5201325425,-0.2239028972,0.4763974257,-0.2535765386,0.5662776432,0.5396809874,7.953352745e-05,7.626805442e-05,0.4772115402,0.448658251,0.07413020886,0.1565411646,0.157402677
26.008,11.52693241,-0.5186738078,-0.2256487381,0.4778337554,-0.2554055986,0.5656322762,0.5418091154,8.233243083e-05,7.993683876e-05,0.4756631069,0.4500769398,0.07425995331,0.1557232282,0.1565198159
26.032,11.51630524,-0.5171223309,-0.2273946036,0.4793506997,-0.2572506431,0.564910445,0.5440174507,8.56737993e-05,8.419514208e-05,0.4740052561,0.4515650763,0.07442966754,0.1548814379,0.1556100825
26.056,11.50569765,-0.5154716293,-0.2291421325,0.4809525708,-0.2591130162,0.5641073634,0.5463102878,8.966088907e-05,8.917240339e-05,0.4722311503,0.453127621,0.07464122864,0.1540140248,0.1546726826
26.08,11.49510959,-0.5137151343,-0.2308950585,0.4826446047,-0.2609950446,0.5632191112,0.5486932,9.442719916e-05,9.503590905e-05,0.470334738,0.4547713326,0.07489392939,0.1531189619,0.1537070958
26.104,11.48454099,-0.5118464008,-0.2326594133,0.4844334621,-0.2629003076,0.5622429551,0.5511736124,0.0001001500379,0.0001020063718,0.4683110684,0.4565055264,0.07518340518,0.1521939178,0.152713165
26.128,11.47399181,-0.5098590649,-0.234443446,0.4863279678,-0.264833919,0.5611773298,0.5537615885,0.0001070695609,0.0001103798914,0.4661562442,0.458343116,0.07550063982,0.1512362373,0.1516912069
26.152,11.46346199,-0.5077462421,-0.2362572813,0.4883401931,-0.2668027775,0.5600212044,0.5564709034,0.0001155161181,0.0001205586498,0.4638667452,0.4603020277,0.07583122709,0.1502429825,0.1506421468
26.176,11.45295148,-0.5054990582,-0.2381124646,0.4904870308,-0.2688156957,0.5587726225,0.5593204856,0.0001259489784,0.0001330915193,0.4614379493,0.4624070839,0.0761549668,0.1492110898,0.1495676605
26.2,11.44246023,-0.5031041113,-0.2400215715,0.4927924656,-0.2708832258,0.5574263194,0.5623363194,0.0001390064158,0.0001487181786,0.4588618021,0.4646923868,0.07644581118,0.1481376812,0.1484702285
26.224,11.43198818,-0.5005397598,-0.2419978877,0.4952908056,-0.2730168333,0.5559703488,0.5655538642,0.0001555488653,0.0001683786582,0.4561236564,0.4672039371,0.0766724065,0.1470206034,0.1473527355
26.248,11.42153528,-0.4977711063,-0.2440547615,0.4980311684,-0.2752267574,0.5543814579,0.5690209247,0.0001765956161,0.0001930325626,0.4531974767,0.4700009696,0.07680155371,0.1458586447,0.1462161195
26.272,11.41110148,-0.494743377,-0.2462036211,0.5010834096,-0.2775173429,0.5526185232,0.5728005403,0.0002027293966,0.0002227334358,0.4500348161,0.473151637,0.07681354688,0.1446475429,0.1450511284
26.296,11.40068672,-0.4913732727,-0.248448753,0.5045451451,-0.2798777222,0.5506128186,0.5769725668,0.000231443919,0.0002533550118,0.4465331067,0.4767143828,0.07675251047,0.1433585771,0.1438169758
26.31078971,11.39427821,-0.4890747577,-0.2498752625,0.5069379493,-0.281350335,0.5492101287,0.5797793507,0.0002454238708,0.0002665411831,0.4443626002,0.4791404149,0.0764969849,0.1427307746,0.1429962483
26.32,11.39029096,-0.4875382778,-0.2507755146,0.5085478771,-0.282264519,0.548253528,0.5816306405,0.000249454265,0.0002691072148,0.4439967019,0.4807716437,0.07523165445,0.1434147087,0.1424773693
26.344,11.37991414,-0.4830659644,-0.2531265135,0.513256118,-0.2845726245,0.5453675438,0.5868674648,0.0002288716607,0.0002420966328,0.4400922118,0.4857210207,0.07418676744,0.1426664017,0.1413075408
26.368,11.3695562,-0.4777312572,-0.2553584093,0.5188452125,-0.286593879,0.5416964753,0.5927363715,0.0001638880416,0.0001687885641,0.4359684267,0.4874964827,0.07653509052,0.1425333286,0.1361600482
26.392,11.35921711,-0.4712823173,-0.257176123,0.5254341382,-0.2879826372,0.5368860036,0.5991786319,9.159597656e-05,8.979495333e-05,0.4289307798,0.4978422024,0.07322701778,0.1406841905,0.1388271614
26.416,11.3488968,-0.4635292065,-0.2580694009,0.5329664388,-0.2883014173,0.5305272292,0.6059463112,4.229149545e-05,3.813043247e-05,0.4206726274,0.5064981254,0.07282924724,0.1392134846,0.1393271919
26.44,11.33859523,-0.4544838396,-0.257355173,0.541188904,-0.2873054886,0.5222903843,0.6127233255,2.077254334e-05,1.661995925e-05,0.4125582469,0.5149940596,0.07244769345,0.139771001,0.1395641857
26.464,11.32831235,-0.4441701188,-0.254465087,0.5506453552,-0.2854568331,0.5118980122,0.6202385918,1.394350655e-05,1.179734649e-05,0.4021679966,0.5244552792,0.0733767242,0.1401284215,0.1397593683
26.488,11.3180481,-0.4292665518,-0.2479239814,0.5671715679,-0.2782168989,0.4957177353,0.6317343036,2.903794845e-05,2.719015571e-05,0.3873926782,0.5408946461,0.07171267562,0.1416566043,0.1418064151
26.49816,11.3137085,-0.4184874568,-0.2307751086,0.5777333711,-0.2622134874,0.477900515,0.6344539077,0.0001900361249,0.000206372361,0.375483636,0.5504113793,0.07410498474,0.1470946976,0.1478795756
26.512,11.30780243,-0.4322001878,-0.2232692917,0.5643308338,-0.2534630686,0.4864629266,0.6186378724,2.536090439e-05,2.714994594e-05,0.3932252899,0.5402307708,0.06654393932,0.1565791103,0.1575179529
26.536,11.29757529,-0.4407317886,-0.2182469872,0.5562827744,-0.249249194,0.4918091671,0.6095700828,1.361628068e-05,1.237596735e-05,0.4022721489,0.5329088921,0.06481895898,0.1603958918,0.1613332062
26.56,11.28736664,-0.4438969663,-0.2164930425,0.552626927,-0.2468289536,0.4938762539,0.6052446223,3.036061496e-05,3.024866842e-05,0.40561276,0.5289767812,0.06541045883,0.1616990049,0.1626557275
26.584,11.27717642,-0.4462392832,-0.2145004705,0.5499117212,-0.2449386859,0.4951160972,0.6019949011,4.938912913e-05,5.338054587e-05,0.4079197455,0.526075858,0.06600439658,0.1627797933,0.1636779942
26.608,11.26700459,-0.4484027148,-0.2130398537,0.5476726446,-0.2436613677,0.4964382881,0.5994298856,6.683824962e-05,7.262181299e-05,0.4100967441,0.5238405015,0.06606275437,0.1636457658,0.1645243084
26.632,11.25685108,-0.4502592576,-0.2121483052,0.5458622346,-0.2428838062,0.4977351731,0.5974597246,7.592820025e-05,7.667443412e-05,0.4119199627,0.5220175746,0.0660624627,0.1641796544,0.1650594462
26.656,11.24671586,-0.4517507504,-0.2116672089,0.5444450682,-0.2424526669,0.4988804945,0.5959897046,7.393692429e-05,6.929714831e-05,0.4133458697,0.5205566184,0.0660975119,0.1644641165,0.1653528855
26.68,11.23659888,-0.4528983971,-0.2114448958,0.5433657911,-0.2422431255,0.4998258718,0.5949185783,6.583823966e-05,5.958017562e-05,0.4144418639,0.5194525288,0.06610560729,0.1646159575,0.1655244104
26.704,11.22650007,-0.4537556295,-0.2113748829,0.5425626334,-0.2421690143,0.5005731839,0.5941548979,5.674917236e-05,5.106228873e-05,0.4152875564,0.5186704896,0.06604195398,0.1647140408,0.1656504443
26.728,11.21641941,-0.4543806676,-0.2113906082,0.5419780708,-0.2421755693,0.5011464659,0.5936238166,4.88101391e-05,4.431624829e-05,0.4159433809,0.5181492963,0.06590732283,0.1647955982,0.1657600587
26.752,11.20635683,-0.454825299,-0.2114532372,0.5415632621,-0.2422299373,0.5015760402,0.593267317,4.256617651e-05,3.924919992e-05,0.4164507532,0.5178225243,0.06572672249,0.1648722273,0.1658564133
26.776,11.19631229,-0.4551317785,-0.2115415174,0.5412787988,-0.2423135285,0.5018911728,0.5930418064,3.810522151e-05,3.575094753e-05,0.4168377314,0.5176319977,0.06553027091,0.1649429806,0.1659334123
26.8,11.18628575,-0.4553330886,-0.2116448192,0.5410938319,-0.2424166674,0.5021172683,0.5929151504,3.546270542e-05,3.38071385e-05,0.4171235535,0.5175319202,0.06534452633,0.1650018011,0.1659835435
26.824,11.17627714,-0.4554543216,-0.2117587001,0.5409846821,-0.2425350714,0.5022752096,0.5928639702,3.469551428e-05,3.347677544e-05,0.4173216912,0.5174885215,0.0651897873,0.1650413039,0.1660008333
26.848,11.16628643,-0.4555142464,-0.2118821727,0.5409334304,-0.2426676012,0.5023816117,0.5928714369,3.585150139e-05,3.484445882e-05,0.4174419805,0.5174782322,0.06507978732,0.1650546954,0.1659816903
26.872,11.15631356,-0.4555267202,-0.2120160567,0.5409266775,-0.2428148541,0.5024494016,0.5929255635,3.89582375e-05,3.800530379e-05,0.41749223,0.5174856805,0.06502208949,0.1650368274,0.1659249552
26.896,11.14635849,-0.4555018524,-0.2121620028,0.5409545193,-0.2429782992,0.5024884606,0.5930179136,4.408791145e-05,4.311545192e-05,0.4174794096,0.5175018748,0.06501871559,0.1649847546,0.1658316272
26.92,11.13642117,-0.4554469243,-0.21232193,0.5410097272,-0.2431597599,0.5025062217,0.593142642,5.148163053e-05,5.050447237e-05,0.4174104205,0.5175226463,0.06506693325,0.164897915,0.1657044499
26.944,11.12650156,-0.4553671006,-0.2124977146,0.5410871062,-0.2433611198,0.502508184,0.5932957872,6.171333516e-05,6.085005184e-05,0.417292473,0.5175473392,0.06516018778,0.1647779942,0.1655474444
26.968,11.1165996,-0.4552659731,-0.212691034,0.5411829978,-0.24358417,0.5024983405,0.5934747551,7.594305111e-05,7.548060751e-05,0.4171331631,0.517577739,0.0652890979,0.1646285751,0.1653654483
26.992,11.10671525,-0.4551459725,-0.212903303,0.5412949009,-0.2438305521,0.5024795247,0.5936779496,9.63975155e-05,9.698911185e-05,0.4169399911,0.5176172039,0.06544280501,0.1644543091,0.1651636866
27.016,11.09684846,-0.4550086774,-0.213135669,0.5414211896,-0.2441017646,0.5024536893,0.5939045176,0.0001272377468,0.0001304580189,0.4167203329,0.5176699805,0.06560968664,0.1642606068,0.1649473875
27.04,11.08699919,-0.4548550435,-0.2133890417,0.5415609131,-0.2443992178,0.502422127,0.594154189,0.0001746927773,0.0001841374036,0.416481323,0.5177406994,0.06577797768,0.1640532987,0.1647214652
27.064,11.07716738,-0.4546855697,-0.2136641485,0.541713674,-0.2447243291,0.5023856444,0.5944272049,0.0002326600546,0.0002493460919,0.4162290797,0.5178340448,0.06593687546,0.1638376899,0.1644902807
27.088,11.067353,-0.4545004111,-0.2139616074,0.5418795906,-0.2450786602,0.5023446955,0.5947243399,0.0002367060933,0.0002407008144,0.4159687701,0.5179545853,0.06607664461,0.163618521,0.1642574869
27.112,11.05755599,-0.4542994436,-0.2142820192,0.542059372,-0.2454640963,0.5022994806,0.5950470446,0.000179485247,0.0001740232154,0.4157047988,0.5181069697,0.06618823148,0.1633999984,0.1640259541
27.136,11.04777631,-0.4540822783,-0.2146260841,0.542254567,-0.2458830681,0.5022500088,0.595397765,0.000129532593,0.0001241813139,0.415438599,0.5182962295,0.06626517151,0.1631835108,0.1637977155
27.16,11.03801392,-0.4538482076,-0.2149947509,0.5424681137,-0.246338782,0.5021961156,0.5957805383,9.672175019e-05,9.278955729e-05,0.4151736054,0.5185285,0.06629789456,0.1629726576,0.1635740415
27.184,11.02826876,-0.4535960473,-0.2153894151,0.542705422,-0.2468353234,0.5021374058,0.5962020227,7.475898449e-05,7.197226953e-05,0.4149103341,0.5188125712,0.06627709472,0.1627683543,0.163355714
27.208,11.0185408,-0.4533237869,-0.2158121783,0.5429763653,-0.247377177,0.5020730545,0.5966731106,5.91725846e-05,5.720185142e-05,0.4146485108,0.5191617352,0.06618975397,0.1625711552,0.163142931
27.232,11.00882998,-0.4530278675,-0.2162661626,0.5432985104,-0.2479668638,0.5020012966,0.5972108815,4.755591691e-05,4.618155061e-05,0.4143865674,0.5195964145,0.06601701814,0.1623812633,0.1629355754
27.256,10.99913626,-0.4527016922,-0.216755756,0.5437006112,-0.2485976163,0.5019182004,0.5978387152,3.867939267e-05,3.778561414e-05,0.4141206721,0.520144625,0.06573470289,0.1621987907,0.1627334942
27.28,10.9894596,-0.4523325711,-0.2172862069,0.5442195172,-0.2492368424,0.5018147572,0.5985765503,3.20279078e-05,3.159306061e-05,0.4138423015,0.5208308058,0.06532689278,0.1620242499,0.1625369182
27.304,10.97979996,-0.4518958019,-0.2178603208,0.5448714825,-0.249807134,0.5016701458,0.5994068206,2.762208428e-05,2.771045338e-05,0.4135324288,0.5216358679,0.06483170332,0.1618594928,0.1623473305
27.328,10.97015727,-0.4513461595,-0.2184647933,0.5455922792,-0.2502121715,0.5014381533,0.6002308438,2.587699001e-05,2.6588952e-05,0.4131500967,0.5224468983,0.06440300502,0.1617098744,0.1621698318
27.352,10.96053152,-0.4506234645,-0.2190299512,0.5462379873,-0.2504430666,0.501034556,0.6009140274,2.72144743e-05,2.858730769e-05,0.4126259337,0.5231182952,0.06425577105,0.1615903067,0.1620206261
27.376,10.95092263,-0.4497436363,-0.2193825647,0.5467196446,-0.250615502,0.5003978897,0.6014237272,3.162103561e-05,3.361143244e-05,0.4119440174,0.5236805829,0.06437539972,0.1615459684,0.1619700821
27.4,10.94133058,-0.4489631041,-0.2194055729,0.5470713328,-0.2508443043,0.4997065882,0.6018387726,3.878744003e-05,4.135005462e-05,0.4114265047,0.5246627068,0.06391078854,0.1617198289,0.1624527969
27.424,10.93175532,-0.448524904,-0.2193445658,0.5473681836,-0.2511655002,0.4992861184,0.6022425067,4.853097101e-05,5.16487815e-05,0.4115305535,0.5227421298,0.06572731665,0.1622439231,0.1600460902
27.448,10.92219681,-0.4482947497,-0.2194711112,0.5476613805,-0.2515665504,0.499135003,0.6026762954,6.090262457e-05,6.455136441e-05,0.4091158266,0.5238999098,0.06698426357,0.1599800717,0.1606811887
27.472,10.91265499,-0.4480754527,-0.2197864485,0.5479739086,-0.2520246893,0.499076842,0.6031515966,7.59575797e-05,8.004365842e-05,0.4090875183,0.5242980395,0.06661444224,0.1600098182,0.1605061846
27.496,10.90312984,-0.4477975161,-0.2202091199,0.5483131349,-0.2525211932,0.4990136991,0.6036673314,9.317096191e-05,9.748611039e-05,0.4087742103,0.5243863001,0.06683948959,0.1597595297,0.1599720436
27.52,10.89362129,-0.4474567733,-0.2206839546,0.5486798259,-0.2530431345,0.4989178006,0.6042188174,0.0001104341825,0.0001147460321,0.4083402015,0.5247425369,0.06691726164,0.1594212175,0.1596621444
27.544,10.88412932,-0.4470638513,-0.2211834839,0.5490724462,-0.2535819568,0.4987867487,0.6048010913,0.0001235065542,0.000127888372,0.4078970688,0.5252158619,0.06688706926,0.1591088328,0.1594314855
27.568,10.87465387,-0.4466292304,-0.2216948225,0.5494889026,-0.2541319387,0.4986243714,0.6054098581,0.0001282197574,0.0001332018272,0.4074578039,0.5257177349,0.06682446113,0.1588315237,0.1591966209
27.592,10.86519491,-0.4461607394,-0.2222118186,0.5499271742,-0.2546891153,0.4984350487,0.6060416176,0.0001243989309,0.0001304292204,0.4069046976,0.5262517747,0.06684352777,0.1584671843,0.1589653153
27.616,10.85575239,-0.4456638874,-0.2227313842,0.5503855017,-0.2552506025,0.4982224103,0.6066935557,0.0001155548428,0.000122565893,0.4070156002,0.526825436,0.06615896378,0.1587900168,0.1587483504
27.64,10.84632627,-0.4451425448,-0.223251851,0.5508624143,-0.2558141871,0.497989231,0.6073633985,0.0001052401559,0.0001128747845,0.4068315303,0.5274433486,0.06572512116,0.158838245,0.158553038
27.664,10.8369165,-0.4445994839,-0.2237722268,0.5513567051,-0.2563780781,0.4977375921,0.6080492868,9.538243082e-05,0.0001033007796,0.4060968186,0.5280929552,0.06581022622,0.1583540989,0.1583690093
27.688,10.82752304,-0.4440367463,-0.2242918504,0.5518673953,-0.2569407565,0.4974690605,0.6087496812,8.665944271e-05,9.463649207e-05,0.4054263407,0.5287453483,0.065828311,0.157950867,0.158169165
27.712,10.81814586,-0.4434558825,-0.2248102267,0.5523937026,-0.2575008819,0.4971848326,0.6094632941,7.915767269e-05,8.706761746e-05,0.4046130295,0.5293813191,0.06600565132,0.1574202656,0.1579358047
27.736,10.8087849,-0.4428581072,-0.2253269467,0.5529350169,-0.2580572352,0.496885838,0.6101890441,7.275300828e-05,8.053342468e-05,0.403740698,0.5300044545,0.06625484749,0.1568451567,0.1576737785
27.76,10.79944013,-0.4422444013,-0.2258416471,0.5534908834,-0.2586086843,0.4965728144,0.6109260263,6.727305748e-05,7.489748846e-05,0.40330724,0.5306305476,0.0660622124,0.1567226754,0.1573999325
27.784,10.7901115,-0.4416155788,-0.2263539904,0.554060993,-0.2591541637,0.4962463586,0.611673495,6.255493772e-05,7.001607019e-05,0.4026934118,0.5312758293,0.06603075895,0.1564329594,0.1571313599
27.808,10.78079898,-0.4409723328,-0.2268636545,0.5546451769,-0.2596926662,0.4959069631,0.6124308558,5.846116445e-05,6.576131011e-05,0.4020201797,0.5319447927,0.06603502756,0.1560964603,0.1568732352
27.832,10.77150252,-0.4403152662,-0.227370327,0.5552434057,-0.2602232411,0.4955550416,0.6131976637,5.488055822e-05,6.202645423e-05,0.4013312474,0.5325948442,0.0660739084,0.1557564452,0.1565834656
27.856,10.76222207,-0.4396449134,-0.2278737023,0.5558557896,-0.260745001,0.4951909471,0.6139736268,5.172462602e-05,5.872465306e-05,0.4006419373,0.5331211064,0.06623695632,0.1554278605,0.1561574885
27.88,10.7529576,-0.4389617554,-0.2283734799,0.5564825807,-0.2612571335,0.4948149847,0.6147586132,4.892318985e-05,5.578591488e-05,0.3999500557,0.5335458181,0.06650412624,0.1551081842,0.1556176625
27.904,10.74370907,-0.4382662303,-0.2288693621,0.5571241729,-0.2617589189,0.4944274199,0.6155526588,4.642047452e-05,5.315391354e-05,0.3992502655,0.5340184014,0.06673133303,0.1547917898,0.1551133229
27.928,10.73447644,-0.4375587408,-0.2293610532,0.5577811,-0.2622497534,0.4940284854,0.6163559756,4.417193096e-05,5.07832008e-05,0.3985400691,0.5345739498,0.06688598107,0.1544759228,0.1546792586
27.952,10.72525966,-0.4368396591,-0.2298482574,0.5584540287,-0.2627291761,0.4936183842,0.6171689576,4.214175731e-05,4.863693569e-05,0.3978191361,0.5351865158,0.06699434812,0.1541600251,0.1542889912
27.976,10.71605869,-0.4361093309,-0.230330677,0.5591437456,-0.2631968999,0.4931972925,0.6179921815,4.030099541e-05,4.668509024e-05,0.3970879746,0.5358358747,0.06707615071,0.1538444037,0.1539215361
28,10.7068735,-0.4353680766,-0.2308080097,0.559851135,-0.2636528438,0.4927653595,0.6188264017,3.862607624e-05,4.490305001e-05,0.3963472662,0.536512497,0.06714023686,0.1535295652,0.1535663795
28.024,10.69770404,-0.4346161921,-0.2312799464,0.5605771475,-0.264097164,0.4923227072,0.6196725347,3.709770693e-05,4.327052689e-05,0.3955976245,0.5372126451,0.06718973038,0.1532159751,0.153218593
28.048,10.68855027,-0.4338539486,-0.231746167,0.5613227569,-0.2645302807,0.4918694284,0.6205316324,3.570001505e-05,4.177071362e-05,0.3948395271,0.5379353155,0.06722515744,0.1529039912,0.1528758069
28.072,10.67941215,-0.4330815901,-0.2322063373,0.5620889076,-0.2649528976,0.4914055828,0.6214048422,3.441988631e-05,4.038962374e-05,0.3940733054,0.5386807936,0.06724590092,0.1525938575,0.1525368141
28.096,10.67028965,-0.4322993307,-0.2326601037,0.5628764511,-0.265366008,0.4909311919,0.6222933531,3.32464474e-05,3.911557335e-05,0.3932991524,0.5394499649,0.06725088269,0.1522857162,0.152200946
28.12,10.66118272,-0.4315073487,-0.2331070882,0.5636860781,-0.2657708856,0.490446232,0.6231983298,3.217065823e-05,3.793877114e-05,0.3925171307,0.5402439471,0.06723892218,0.1519796231,0.1518677875
28.144,10.65209132,-0.4307057794,-0.2335468822,0.5645182486,-0.2661690549,0.4899506246,0.6241208367,3.118498685e-05,3.685099141e-05,0.391727178,0.5410638615,0.06720896047,0.1516755624,0.1515370414
28.168,10.64301541,-0.4298947042,-0.2339790397,0.5653731277,-0.2665622423,0.4894442233,0.625061759,3.02831467e-05,3.584531057e-05,0.3909291078,0.5419106658,0.06716022634,0.1513734592,0.151208462
28.192,10.63395495,-0.4290741356,-0.2344030697,0.5662505331,-0.2669523066,0.4889267971,0.626021725,2.945988108e-05,3.491589225e-05,0.3901226041,0.5427850237,0.06709237214,0.1510731903,0.1508818223
28.216,10.62490991,-0.4282439965,-0.2348184292,0.5671499023,-0.2673411538,0.4883980091,0.62700104,2.871078324e-05,3.405780959e-05,0.3893072092,0.5436872035,0.06700558733,0.1507745931,0.1505568981
28.24,10.61588024,-0.4274040914,-0.2352245164,0.5680702843,-0.2677306432,0.4878573874,0.6279996379,2.803214305e-05,3.326689562e-05,0.3884823047,0.5446170066,0.06690068869,0.1504774735,0.1502334603
28.264,10.60686591,-0.4265540669,-0.235620667,0.5690103578,-0.2681224914,0.4873042896,0.6290170568,2.742081347e-05,3.253961459e-05,0.3876470837,0.5455737315,0.06677918481,0.1501816123,0.1499112728
28.288,10.59786687,-0.4256933583,-0.2360061569,0.5699684768,-0.2685181855,0.486737857,0.6300524427,2.687409135e-05,3.187294856e-05,0.386800513,0.5465561738,0.06664331314,0.1498867709,0.1495900923
28.312,10.58888309,-0.4248211169,-0.236380217,0.5709427384,-0.2689189121,0.4861569586,0.6311045808,2.638960845e-05,3.126429441e-05,0.3859412859,0.547562663,0.06649605113,0.1495926968,0.1492696702
28.336,10.57991453,-0.4239361132,-0.2367420708,0.5719310667,-0.2693255091,0.4855601262,0.6321719504,2.596522922e-05,3.071136732e-05,0.3850677651,0.5485911305,0.06634110432,0.1492991283,0.1489497547
28.36,10.57096114,-0.4230366137,-0.2370910129,0.5729313044,-0.2697384438,0.4849454865,0.6332527992,2.559895292e-05,3.021210728e-05,0.3841779241,0.5496392025,0.06618287334,0.1490057986,0.148630094
28.384,10.5620229,-0.4221202316,-0.2374265568,0.5739413028,-0.2701578171,0.4843107058,0.6343452256,2.52888177e-05,2.976458552e-05,0.3832693005,0.5507043058,0.06602639366,0.1487124401,0.1483104397
28.408,10.55309976,-0.4211837683,-0.2377486956,0.5749590024,-0.2705833911,0.483652984,0.6354472645,2.503280482e-05,2.936690814e-05,0.3823389982,0.5517837779,0.0658772239,0.1484187886,0.1479905511
28.432,10.54419169,-0.4202230941,-0.2380583344,0.5759824998,-0.2710146332,0.4829691703,0.6365569664,2.482874135e-05,2.901711428e-05,0.3813838065,0.5528749698,0.0657412237,0.1481245864,0.1476701975
28.456,10.53529864,-0.419233179,-0.2383579562,0.5770100949,-0.2714507732,0.4822561287,0.6376724644,2.467419931e-05,2.871306628e-05,0.3804005604,0.5539753336,0.065624106,0.1478295861,0.1473491609
28.48,10.52642058,-0.4182084872,-0.238652537,0.5780403212,-0.2718908638,0.4815115494,0.6387920278,2.456638925e-05,2.845232927e-05,0.3793869263,0.5550824918,0.06553058183,0.1475335535,0.1470272363
28.504,10.51755747,-0.4171440678,-0.2389505636,0.5790719572,-0.2723338416,0.4807354212,0.6399140981,2.450204567e-05,2.823203774e-05,0.3783428169,0.5561942879,0.06546289522,0.1472362711,0.1467042341
28.528,10.50870927,-0.4160376837,-0.2392646447,0.5801040238,-0.2727785825,0.4799322082,0.6410373106,2.447730125e-05,2.804874647e-05,0.3772724665,0.5573088171,0.06541871644,0.1469375414,0.1463799828
28.552,10.49987595,-0.4148929333,-0.2396106948,0.5811357706,-0.2732239492,0.4791131716,0.6421605019,2.448754627e-05,2.789826327e-05,0.3761866223,0.5584244411,0.06538893664,0.1466371905,0.14605433
28.576,10.49105746,-0.4137222273,-0.2400045013,0.5821666539,-0.2736688299,0.4782972318,0.6432827071,2.452726907e-05,2.777546168e-05,0.3751033269,0.5595397868,0.06535688627,0.1463350843,0.1457271448
28.6,10.48225378,-0.4125470879,-0.2404556508,0.5831963108,-0.2741121674,0.4775081358,0.6444031481,2.458987363e-05,2.767407221e-05,0.3740465587,0.5606537359,0.06529970533,0.1460325384,0.1453983179
28.624,10.47346485,-0.4113934231,-0.2409615769,0.5842245317,-0.2745529797,0.4767672704,0.6455212174,2.466747059e-05,2.758645293e-05,0.3730320355,0.5617654058,0.06520255871,0.1457250048,0.1450677629
28.648,10.46469066,-0.410282871,-0.2415063597,0.5852512323,-0.274990372,0.4760854503,0.6466364586,2.475064016e-05,2.750334375e-05,0.3720742165,0.5628741265,0.06505165698,0.1454168599,0.1447354162
28.672,10.45593115,-0.4092254962,-0.2420662273,0.5862764284,-0.2754235436,0.4754593201,0.647748546,2.482816957e-05,2.74136146e-05,0.3711681616,0.5639794164,0.06485242196,0.1451065959,0.1444012368
28.696,10.4471863,-0.4082185554,-0.2426181497,0.5873002126,-0.275851789,0.4748746735,0.6488572642,2.488677502e-05,2.730402878e-05,0.3703001346,0.5650809567,0.0646189087,0.1447941784,0.1440652067
28.72,10.43845606,-0.4072508414,-0.2431459617,0.5883227348,-0.2762744955,0.4743134054,0.649962489,2.491083158e-05,2.71590587e-05,0.3694528161,0.5661785677,0.06436861621,0.144479609,0.1437273298
28.744,10.4297404,-0.406308491,-0.2436417635,0.5893441846,-0.2766911385,0.4737593258,0.6510641704,2.488215658e-05,2.696081766e-05,0.3686108154,0.5672721864,0.06411699821,0.144162916,0.1433876317
28.768,10.42103928,-0.405379038,-0.2441040916,0.5903647782,-0.2771012748,0.4732007735,0.6521623171,2.477992707e-05,2.668920939e-05,0.3677631244,0.5683618473,0.06387502826,0.1438441518,0.1430461587
28.792,10.41235267,-0.4044530581,-0.2445352339,0.5913847472,-0.2775045357,0.472630677,0.6532569835,2.458086702e-05,2.632245298e-05,0.3669031493,0.5694476646,0.06364918613,0.1435233918,0.1427029774
28.816,10.40368052,-0.4035242092,-0.2449390736,0.5924043297,-0.2779006188,0.4720454821,0.6543482587,2.425992243e-05,2.583821804e-05,0.3660276698,0.5705298176,0.06344251261,0.143200732,0.1423581733
28.84,10.39502282,-0.4025886009,-0.2453197815,0.5934237641,-0.2782892807,0.4714439275,0.6554362574,2.379176443e-05,2.521570988e-05,0.3651356647,0.5716085382,0.06325579709,0.1428762873,0.1420118501
28.864,10.3863795,-0.4016440588,-0.2456811832,0.594443284,-0.2786703298,0.4708260759,0.6565211121,2.315363543e-05,2.443918183e-05,0.3642273843,0.5726841005,0.06308851521,0.14255019,0.1416641292
28.888,10.37775055,-0.4006895133,-0.2460265355,0.5954631152,-0.2790436193,0.4701926651,0.6576029676,2.233030227e-05,2.350352514e-05,0.3633037304,0.5737568121,0.06293945752,0.1422225876,0.1413151486
28.912,10.36913593,-0.3997245598,-0.2463585111,0.5964834725,-0.2794090409,0.4695447154,0.6586819757,2.132222278e-05,2.242277802e-05,0.3623658812,0.574827008,0.06280711072,0.141893641,0.1409650624
28.936,10.3605356,-0.3987491644,-0.2466792714,0.5975045592,-0.2797665192,0.4688833108,0.6597582918,2.015844215e-05,2.124248132e-05,0.3614150834,0.5758950448,0.06268987187,0.1415635239,0.1406140407
28.96,10.35194952,-0.397763476,-0.2469905658,0.5985265657,-0.280116007,0.4682094856,0.6608320719,1.89158734e-05,2.005623668e-05,0.3604525441,0.5769612965,0.06258615939,0.1412324213,0.1402622689
28.984,10.34337766,-0.3967677078,-0.2472938302,0.5995496691,-0.2804574803,0.4675241731,0.6619034703,1.774481073e-05,1.902381058e-05,0.3594793835,0.5780261522,0.0624944643,0.1409005307,0.1399099479
29.008,10.33481998,-0.3957620629,-0.2475902761,0.6005740335,-0.2807909348,0.466828186,0.662972638,1.6891423e-05,1.837907325e-05,0.358496619,0.5790900135,0.06241336746,0.1405680635,0.1395572945
29.032,10.32627645,-0.394746684,-0.2478809674,0.6015998099,-0.2811163819,0.4661222142,0.6640397212,1.668444768e-05,1.840150044e-05,0.3575051676,0.5801532917,0.06234154072,0.1402352487,0.13920454
29.056,10.31774704,-0.3937216154,-0.2481668902,0.6026271367,-0.2814338463,0.4654068283,0.6651048607,1.743828675e-05,1.933073173e-05,0.3565058563,0.5812163981,0.06227774559,0.1399023401,0.1388519221
29.08,10.30923171,-0.3926867675,-0.2484490187,0.6036561398,-0.2817433629,0.4646824854,0.6661681902,1.930303548e-05,2.12676188e-05,0.355499437,0.5822797637,0.06222079926,0.1395696244,0.1384997056
29.104,10.30073042,-0.3916418751,-0.2487283844,0.6046869331,-0.2820449744,0.4639495312,0.6672298365,2.221298815e-05,2.415505016e-05,0.3544865974,0.583343807,0.06216959554,0.1392374294,0.1381481517
29.128,10.29224313,-0.3905864415,-0.2490061573,0.6057196185,-0.282338729,0.463208198,0.6682899177,2.598204893e-05,2.784794103e-05,0.3534679522,0.5844089364,0.06212311137,0.1389061169,0.1377975216
29.152,10.28376983,-0.3895196546,-0.2492837518,0.6067542855,-0.2826246783,0.462458593,0.6693485428,3.04171496e-05,3.219131948e-05,0.3524439724,0.5854755316,0.06208049595,0.1385760213,0.1374480589
29.176,10.27531046,-0.3884402551,-0.2495629776,0.607791011,-0.2829028754,0.4617006731,0.6704058099,3.536966366e-05,3.705898953e-05,0.3514147658,0.5865439165,0.06204131765,0.138247253,0.1370999652
29.2,10.266865,-0.3873463216,-0.2498462716,0.608829858,-0.283173372,0.4609341952,0.6714618043,4.074201127e-05,4.236072507e-05,0.3503796357,0.5876143196,0.06200604468,0.1379193017,0.1367533632
29.224,10.25843341,-0.3862349036,-0.2501370773,0.6098708735,-0.2834362163,0.4601586229,0.6725165954,4.647908341e-05,4.803635612e-05,0.3493367008,0.5886868257,0.06197647345,0.1375907404,0.1364082524
29.248,10.25001566,-0.3851013611,-0.2504405056,0.6109140846,-0.2836914489,0.4593729477,0.6735702317,5.255761258e-05,5.404653306e-05,0.3482835597,0.5897613389,0.06195510138,0.1372600518,0.136064479
29.272,10.24161171,-0.3839381022,-0.2507645627,0.6119594927,-0.283939098,0.4585753288,0.6746227331,5.897674431e-05,6.036329114e-05,0.3472196052,0.590837617,0.06194277783,0.1369282695,0.1357217813
29.296,10.23322153,-0.3827319653,-0.2511226206,0.6130070622,-0.2841791715,0.457762305,0.6756740781,6.574983856e-05,6.696085137e-05,0.3461535101,0.5919154788,0.06193101109,0.1366071779,0.1353800145
29.32,10.22484509,-0.3814581893,-0.2515388972,0.6140567018,-0.284411644,0.4569268727,0.6767241804,7.289673115e-05,7.380636314e-05,0.3451273269,0.5929951784,0.06187749474,0.1363451546,0.1350395567
29.344,10.21648235,-0.38006437,-0.2520623081,0.6151082285,-0.284636433,0.4560529931,0.6777728467,8.043548042e-05,8.085032053e-05,0.3439328264,0.5940774861,0.06198968753,0.1359484874,0.1347014478
29.368,10.20813327,-0.378417741,-0.2528085717,0.6161612962,-0.2848533529,0.4550957708,0.678819693,8.837253161e-05,8.801679359e-05,0.3426854055,0.5951630249,0.06215156963,0.135573237,0.1343668416
29.392,10.19979784,-0.3760596815,-0.2541303605,0.6172152398,-0.2850620153,0.4538756704,0.6798639605,9.669023912e-05,9.519435906e-05,0.3412012619,0.596251681,0.06254705711,0.1351981284,0.1340366671
29.416,10.191476,-0.3697857169,-0.257714268,0.6182686904,-0.2852615847,0.4507306516,0.6809040646,0.0001053309852,0.0001022296597,0.337995824,0.5973420989,0.06466207717,0.1348376926,0.1337117432
29.44,10.18316773,-0.3816800489,-0.2240105491,0.6193184419,-0.2854500667,0.4425611662,0.6819362676,0.00011417809,0.000108926624,0.3303657481,0.5984290898,0.07120516211,0.1345053493,0.1333920049
29.464,10.174873,-0.3796831822,-0.245869151,0.6203550689,-0.2856215899,0.4523394281,0.6829495619,0.000123035824,0.0001150549042,0.3388420347,0.5994943049,0.06166366037,0.1342310613,0.1330741876
29.488,10.16659177,-0.3771846768,-0.2485360099,0.621334464,-0.2857492454,0.4517061309,0.6838926432,0.0001316144274,0.0001203700503,0.3381792474,0.6004501469,0.06137060568,0.1341408014,0.132740985
29.512,10.158324,-0.3754701219,-0.2496209215,0.6203576695,-0.285045006,0.4508751678,0.6827109883,0.0001395304318,0.0001246445751,0.3370445231,0.598425015,0.06453046196,0.1337560867,0.1323307059
29.536,10.15006968,-0.3740251274,-0.2502533149,0.6239169678,-0.2863836305,0.4500239077,0.6865041635,0.0001463348422,0.0001277039328,0.3362662179,0.6032056342,0.06052814788,0.1337446789,0.1319176514
29.56,10.14182876,-0.3727014087,-0.2506926529,0.624876183,-0.2864644144,0.4491693959,0.6874097067,0.0001515766784,0.000129457108,0.3351876462,0.6040592569,0.06075309687,0.133434477,0.1315271353
29.584,10.1336012,-0.3714414074,-0.25103031,0.6259226538,-0.2865978298,0.4483134346,0.6884166504,0.0001548934024,0.0001299114246,0.3339341004,0.6050995074,0.06096639225,0.1329491408,0.131182006
29.608,10.12538699,-0.3702182516,-0.2513066406,0.6269918368,-0.2867381264,0.4474556754,0.6894472544,0.0001560986442,0.0001291665996,0.3326995605,0.6063061894,0.06099425016,0.1324829547,0.1309686561
29.632,10.11718608,-0.3690177525,-0.2515422045,0.62807179,-0.2868771281,0.4465955467,0.6904872628,0.0001552284685,0.0001273912093,0.3315040536,0.6079629654,0.06053298095,0.1320564473,0.1311902891
29.656,10.10899845,-0.3678317317,-0.2517485672,0.6291586669,-0.2870122539,0.44573257,0.691532112,0.0001525239399,0.0001247906738,0.3303371807,0.6141954987,0.05546732066,0.1316596335,0.1359788211
29.68,10.10082406,-0.3666551572,-0.2519327257,0.630250856,-0.2871424464,0.4448663874,0.6925799059,0.0001483609754,0.0001215766533,0.3291872106,0.6149633664,0.05584942304,0.131281086,0.1352964256
29.704,10.09266287,-0.3654847735,-0.2520991554,0.6313475665,-0.2872672023,0.4439967385,0.6936297249,0.0001431621753,0.0001179443449,0.3280481803,0.611840999,0.06011082071,0.130915056,0.1307187899
29.728,10.08451487,-0.3643183895,-0.2522508467,0.6324483659,-0.2873862583,0.443123435,0.6946810757,0.0001373240148,0.0001140595973,0.3269419888,0.6122988753,0.06075913595,0.1305835913,0.1297170653
29.752,10.07638001,-0.3631544839,-0.2523898691,0.6335529975,-0.2874994682,0.44224634,0.6957336738,0.000131174818,0.0001100544607,0.3261309173,0.6130561409,0.06081294181,0.1305490749,0.1290107839
29.776,10.06825826,-0.3619919738,-0.2525176956,0.6346612987,-0.2876067474,0.4413653539,0.6967873458,0.0001249615018,0.0001060284285,0.3257250088,0.6137868549,0.06048813633,0.1309216175,0.1282742384
29.8,10.0601496,-0.3608300727,-0.2526353996,0.63577316,-0.2877080458,0.4404804042,0.6978419811,0.0001188549804,0.0001020527049,0.3242798602,0.6144937274,0.06122641241,0.1302568595,0.1275102865
29.824,10.05205398,-0.3596682015,-0.2527437777,0.6368885032,-0.2878033329,0.439591438,0.698897506,0.0001129640749,9.81755396e-05,0.3229747073,0.6152876486,0.06173764408,0.1297340622,0.1268299151
29.848,10.04397139,-0.3585059285,-0.2528434303,0.6380072689,-0.2878925901,0.4386984169,0.6999538689,0.0001073510949,9.44274555e-05,0.3217761799,0.6162468414,0.06197697873,0.1293198674,0.1263114139
29.872,10.03590178,-0.3573429302,-0.252934815,0.6391294091,-0.2879758052,0.4378013138,0.7010110313,0.0001020456538,9.082580113e-05,0.3206190477,0.6173605654,0.0620203869,0.1289490469,0.1259440913
29.896,10.02784513,-0.3561789636,-0.2530182838,0.6402548826,-0.2880529698,0.43690011,0.7020689625,9.705555952e-05,8.737844599e-05,0.3194802141,0.618574542,0.06194524394,0.1285984986,0.1256737063
29.92,10.0198014,-0.355013847,-0.2530941089,0.6413836518,-0.288124077,0.435994793,0.703127636,9.237480577e-05,8.408664232e-05,0.3183503253,0.6198392082,0.06181046643,0.1282588573,0.1254507287
29.944,10.01177057,-0.3538474456,-0.2531625013,0.6425156806,-0.2881891205,0.4350853558,0.704187027,8.798915703e-05,8.094716848e-05,0.3172250014,0.6211234164,0.0616515822,0.1279257268,0.1252440409
29.968,10.0037526,-0.3526796617,-0.2532236243,0.6436509333,-0.2882480934,0.4341717951,0.7052471108,8.387990843e-05,7.795389361e-05,0.3161019554,0.6224108551,0.06148718956,0.1275968006,0.1250373617
29.992,9.995747466,-0.3515104268,-0.253277604,0.6447893734,-0.2883009879,0.4332541111,0.7063078618,8.002633658e-05,7.509889559e-05,0.3149798966,0.6236940538,0.06132604964,0.1272707653,0.1248232525
30.016,9.987755131,-0.350339696,-0.2533245363,0.6459309628,-0.2883477948,0.4323323066,0.7073692526,7.640724495e-05,7.237324432e-05,0.3138580571,0.6249701799,0.06117176301,0.1269468279,0.1245989152
30.04,9.979775566,-0.3491674437,-0.2533644932,0.6470756615,-0.2883885031,0.4314063863,0.7084312531,7.300189932e-05,6.976753934e-05,0.3127359662,0.6262386501,0.06102538371,0.1266244908,0.1243638048
30.064,9.971808741,-0.34799366,-0.253397527,0.6482234271,-0.2884231002,0.4304763572,0.7094938309,6.979056144e-05,6.727227002e-05,0.3116133342,0.6274998739,0.06088679187,0.1263034353,0.1241183733
30.088,9.963854626,-0.3468183484,-0.2534236739,0.6493742144,-0.2884515714,0.4295422276,0.7105569501,6.675476341e-05,6.487804945e-05,0.3104899878,0.628754608,0.06075540418,0.1259834581,0.1238634244
30.112,9.955913191,-0.3456415231,-0.2534429569,0.6505279756,-0.2884739,0.4286040071,0.7116205717,6.387741867e-05,6.257575922e-05,0.309365833,0.6300036147,0.0606305523,0.125664434,0.1235997727
30.136,9.947984404,-0.3444632081,-0.2534553879,0.6516846598,-0.2884900674,0.4276617067,0.7126846532,6.114283311e-05,6.035663238e-05,0.3082408324,0.6312474601,0.06051170757,0.1253462932,0.1233280416
30.16,9.940068236,-0.3432834351,-0.2534609695,0.652844213,-0.288500053,0.4267153382,0.7137491486,5.853665821e-05,5.821229401e-05,0.3071149902,0.6324863578,0.06039865197,0.1250290069,0.1230485074
30.184,9.932164657,-0.3421022428,-0.2534596966,0.6540065782,-0.2885038341,0.4257649144,0.7148140084,5.604581317e-05,5.613477352e-05,0.3059883433,0.6337199996,0.06029165709,0.1247125778,0.1227609298
30.208,9.924273636,-0.340919676,-0.2534515574,0.6551716953,-0.288501386,0.4248104488,0.7158791797,5.365839378e-05,5.411649841e-05,0.3048609542,0.6349473337,0.06019171211,0.1243970339,0.1224643308
30.232,9.916395144,-0.3397357842,-0.2534365346,0.6563395012,-0.2884926823,0.4238519555,0.7169446063,5.136357943e-05,5.21502772e-05,0.303732906,0.6361662837,0.06010081033,0.1240824232,0.1221567125
30.256,9.908529151,-0.3385506219,-0.2534146061,0.65750993,-0.2884776945,0.4228894491,0.7180102285,4.915154579e-05,5.022927654e-05,0.3026042994,0.6373734903,0.06002221036,0.1237688108,0.1218347995
30.28,9.900675627,-0.3373642469,-0.2533857459,0.6586829133,-0.2884563925,0.4219229448,0.7190759839,4.701338888e-05,4.834699724e-05,0.3014752496,0.6385644213,0.05996032911,0.1234562761,0.1214941483
30.304,9.892834543,-0.3361767207,-0.2533499241,0.6598583803,-0.2884287443,0.4209524576,0.7201418072,4.494106499e-05,4.649725286e-05,0.3003458842,0.6397347049,0.0599194109,0.1231449106,0.1211304802
30.328,9.885005869,-0.334988107,-0.2533071084,0.6610362578,-0.2883947164,0.419978003,0.7212076307,4.292735129e-05,4.4674155e-05,0.2992163411,0.6408838863,0.05989977253,0.1228348163,0.1207434377
30.352,9.877189576,-0.3337984721,-0.2532572633,0.6622164717,-0.2883542734,0.418999596,0.7222733848,4.096583331e-05,4.287211049e-05,0.2980867674,0.6420210275,0.05989220514,0.1225261043,0.1203421833
30.376,9.869385633,-0.3326078836,-0.2532003515,0.6633989464,-0.2883073784,0.4180172511,0.7233389983,3.905092776e-05,4.10858372e-05,0.2969573171,0.6431660934,0.05987658948,0.1222188933,0.1199467852
30.4,9.861594013,-0.3314164102,-0.2531363333,0.6645836063,-0.2882539931,0.4170309823,0.7244043997,3.717795385e-05,3.931040936e-05,0.2958281505,0.6443401114,0.05983173804,0.121913309,0.1195783756
30.424,9.853814686,-0.3302241207,-0.2530651673,0.6657703769,-0.2881940771,0.4160408019,0.7254695175,3.534327325e-05,3.754134894e-05,0.2946994323,0.6455515268,0.05974904092,0.1216094823,0.1192455046
30.448,9.846047622,-0.3290310838,-0.2529868102,0.6669591853,-0.2881275887,0.4150467205,0.7265342815,3.354453039e-05,3.577479055e-05,0.2935713305,0.6467944104,0.05963425919,0.1213075491,0.1189423468
30.472,9.838292793,-0.3278373663,-0.2529012169,0.6681499631,-0.2880544841,0.4140487462,0.7275986249,3.178104355e-05,3.400776532e-05,0.2924440145,0.6480572004,0.05949878507,0.1210076493,0.1186574403
30.496,9.830550171,-0.3266430327,-0.2528083402,0.6693426476,-0.2879747174,0.4130468832,0.7286624855,3.005442766e-05,3.223868165e-05,0.2913176541,0.6493300766,0.05935226928,0.1207099255,0.1183810578
30.52,9.822819725,-0.3254481433,-0.2527081306,0.6705371859,-0.2878882402,0.4120411305,0.7297258092,2.836957898e-05,3.046813725e-05,0.2901924169,0.6506070175,0.0592005656,0.1204145229,0.11810726
30.544,9.815101427,-0.324252752,-0.2526005357,0.6717335388,-0.287795001,0.4110314803,0.7307885534,2.67362319e-05,2.870030086e-05,0.2890684658,0.6518850551,0.0590464791,0.1201215873,0.1178331445
30.568,9.80739525,-0.3230569037,-0.252485499,0.6729316872,-0.287694944,0.4100179146,0.7318506927,2.517142322e-05,2.694528948e-05,0.2879459558,0.6531630713,0.05889097293,0.1198312649,0.1175576341
30.592,9.799701164,-0.3218606307,-0.252362959,0.6741316411,-0.2875880073,0.4090004018,0.7329122263,2.370338188e-05,2.522330821e-05,0.2868250293,0.6544409316,0.05873403909,0.1195437001,0.1172805994
30.616,9.79201914,-0.3206639462,-0.2522328463,0.6753334531,-0.2874741208,0.4079788906,0.7339731896,2.23775878e-05,2.357191443e-05,0.2857058101,0.655719001,0.05857518886,0.1192590344,0.1170023574
30.64,9.784349151,-0.3194668369,-0.2520950801,0.6765372389,-0.2873532016,0.4069533011,0.7350336714,2.126589363e-05,2.205869403e-05,0.2845883949,0.65699792,0.05841368518,0.1189774051,0.1167234214
30.664,9.776691169,-0.3182692492,-0.2519495624,0.6777432095,-0.2872251463,0.4059235112,0.736093841,2.047932987e-05,2.080262115e-05,0.2834728443,0.6582785392,0.05824861654,0.1186989469,0.1164443961
30.688,9.769045164,-0.3170710691,-0.2517961678,0.678951725,-0.2870898186,0.4048893342,0.7371539926,2.018397124e-05,2.00067467e-05,0.282359179,0.6595619637,0.05807885726,0.1184238057,0.1161659545
30.712,9.76141111,-0.3158720879,-0.2516347259,0.6801633862,-0.2869470248,0.4038504812,0.7382146212,2.061759553e-05,1.999838611e-05,0.2812474084,0.6608496967,0.05790289494,0.1181521968,0.1158888694
30.736,9.753788977,-0.3146719424,-0.2514649889,0.6813792027,-0.2867964654,0.4028064944,0.7392765589,2.210877557e-05,2.126129122e-05,0.2801377093,0.6621439147,0.05771837593,0.1178846369,0.1156140838
30.76,9.746178739,-0.3134700043,-0.2512865671,0.6826009212,-0.2866376323,0.4017566209,0.7403412388,2.512445562e-05,2.44654098e-05,0.2790313626,0.6634479518,0.05752068551,0.1176229796,0.1153428014
30.784,9.738580366,-0.3122651604,-0.2510987906,0.6838317245,-0.2864695601,0.4006995545,0.7414112464,3.043594381e-05,3.063179076e-05,0.2779353879,0.664767152,0.0572974601,0.1173752539,0.1150765148
30.808,9.730993833,-0.3110553324,-0.2509003757,0.6850779053,-0.2862901452,0.3996328544,0.7424916051,3.966219509e-05,4.186611608e-05,0.2768311738,0.6661105004,0.05705832589,0.1171247539,0.114816715
30.832,9.72341911,-0.3098363001,-0.2506884915,0.6863535424,-0.2860938587,0.3985514429,0.7435932229,5.724519498e-05,6.429071578e-05,0.275688713,0.6674946329,0.05681665407,0.1168454571,0.1145637476
30.856,9.715856171,-0.3085983152,-0.2504555078,0.6876969005,-0.285861342,0.3974429286,0.7447440727,0.0001012903746,0.0001263828448,0.2745520753,0.6689581972,0.05648972745,0.1165911836,0.1143144474
30.88,9.708304987,-0.3073141501,-0.250172956,0.689250999,-0.2854773082,0.3962682107,0.7460323272,0.000392215263,0.001145765254,0.2733782137,0.6706256639,0.05599612241,0.1163495651,0.1140601179
30.904,9.700765532,-0.3059027294,-0.2496412685,0.6907390112,-0.2828761427,0.394838249,0.7464176402,0.0001761277388,0.0001626429962,0.2720184625,0.6709295423,0.05705199513,0.1161211887,0.1137902222
30.928,9.693237778,-0.306209153,-0.2488745616,0.6896512148,-0.2850121909,0.3945916786,0.7462243276,7.112640026e-05,7.492208448e-05,0.2716428968,0.6703880317,0.05796907147,0.115940299,0.113537279
30.952,9.685721698,-0.3045492307,-0.249623649,0.6914157935,-0.2851010118,0.39377938,0.7478892875,4.175727842e-05,4.659927936e-05,0.2707926206,0.6725604718,0.05664690758,0.1157304188,0.1132220832
30.976,9.678217265,-0.3031570073,-0.2494273621,0.6928051576,-0.2849267316,0.3925788839,0.7491076216,2.734516396e-05,3.180007474e-05,0.269678854,0.6740481604,0.05627298554,0.1155606732,0.1128859307
31,9.670724452,-0.3018926318,-0.2491784398,0.6940924568,-0.2847129353,0.3914448314,0.7502171647,1.844870952e-05,2.22351974e-05,0.2687703969,0.6753993698,0.05583023325,0.1155413406,0.1125735752
31.024,9.663243231,-0.3006700146,-0.2489168056,0.6953382971,-0.2844837263,0.3903357962,0.7512831277,1.237065798e-05,1.535074449e-05,0.266781592,0.6766860047,0.05653240333,0.114419558,0.1122596666
31.048,9.655773576,-0.2994665546,-0.2486469768,0.69656269,-0.2842443821,0.3892371211,0.7523260263,8.389213155e-06,1.032778708e-05,0.2657629534,0.6779387731,0.05629827345,0.1142574169,0.1119443232
31.072,9.648315461,-0.2982740242,-0.2483696551,0.697774021,-0.2839965247,0.3881428591,0.7533542396,6.881354923e-06,7.422967991e-06,0.264694224,0.6791733263,0.05613244972,0.1140393449,0.1116307158
31.096,9.640868858,-0.2970887751,-0.2480849046,0.6989763592,-0.2837407617,0.3870502036,0.7543717721,7.982096035e-06,7.515470409e-06,0.2636188539,0.6803946201,0.05598652605,0.1138109937,0.1113178495
31.12,9.63343374,-0.295908974,-0.2477926724,0.7001718766,-0.2834773524,0.3859576783,0.7553807425,1.046083685e-05,9.905121316e-06,0.2625503138,0.6816060805,0.05584360563,0.1135869843,0.1110060142
31.144,9.626010082,-0.2947336213,-0.2474928955,0.7013618068,-0.2832064181,0.3848644448,0.75638235,1.338429667e-05,1.314229855e-05,0.261482937,0.6828069355,0.05571012747,0.113362296,0.110692676
31.168,9.618597857,-0.2935621424,-0.2471855221,0.7025468767,-0.28292802,0.3837700011,0.7573773026,1.642469749e-05,1.660247818e-05,0.2604178522,0.6840737961,0.05550835166,0.1131384382,0.1104534174
31.192,9.611197038,-0.2923941976,-0.2468705141,0.7037275212,-0.2826421913,0.3826740356,0.758366028,1.947803011e-05,2.008562205e-05,0.2593546107,0.685237897,0.05540749234,0.1129151928,0.1101188642
31.216,9.603807599,-0.291229585,-0.2465478458,0.7049039977,-0.2823489527,0.3815763508,0.7593487849,2.250843067e-05,2.351900018e-05,0.2582928914,0.6864357764,0.05527133225,0.1126923794,0.1098251987
31.24,9.596429513,-0.2900681875,-0.2462175014,0.7060764517,-0.2820483189,0.3804768211,0.7603257261,2.550130722e-05,2.686905553e-05,0.2572324903,0.6876350588,0.05513245084,0.1124698783,0.1095398483
31.264,9.589062756,-0.2889099418,-0.245879473,0.7072449553,-0.2817403022,0.3793753678,0.761296936,2.844845103e-05,3.011538257e-05,0.2561732781,0.6888336959,0.05499302607,0.1122476076,0.1092606702
31.288,9.5817073,-0.2877548202,-0.2455337593,0.7084095324,-0.2814249152,0.3782719438,0.7622624539,3.134298924e-05,3.324248349e-05,0.2551151692,0.6900308484,0.05485398245,0.1120255047,0.1089867987
31.312,9.57436312,-0.2866028186,-0.2451803646,0.7095701739,-0.281102171,0.3771665239,0.7632222889,3.417770004e-05,3.623720369e-05,0.2540581045,0.6912258645,0.05471603099,0.1118035166,0.1087176009
31.336,9.567030189,-0.2854539491,-0.2448192974,0.7107268486,-0.2807720844,0.3760590983,0.7641764304,3.694459024e-05,3.908814175e-05,0.2530020416,0.6924181546,0.05457980385,0.1115815948,0.1084525363
31.36,9.559708482,-0.2843082345,-0.2444505705,0.7118795103,-0.2804346722,0.3749496681,0.7651248542,3.963498216e-05,4.178574482e-05,0.2519469492,0.6936071788,0.054445872,0.1113596941,0.1081911346
31.384,9.552397973,-0.283165705,-0.2440742,0.7130281032,-0.2800899529,0.3738382426,0.7660675281,4.223981298e-05,4.432258768e-05,0.2508928052,0.6947924494,0.05431474539,0.1111377718,0.1079329898
31.408,9.545098637,-0.2820263957,-0.2436902053,0.7141725656,-0.2797379476,0.3727248368,0.7670044151,4.475001604e-05,4.669362581e-05,0.2498395949,0.6959735323,0.05418687274,0.1109157889,0.1076777574
31.432,9.537810448,-0.2808903445,-0.2432986084,0.7153128327,-0.2793786793,0.3716094703,0.7679354759,4.715691845e-05,4.889633592e-05,0.248787311,0.6971500454,0.05406264354,0.1106937104,0.1074251479
31.456,9.53053338,-0.2797575911,-0.2428994339,0.7164488387,-0.2790121734,0.3704921656,0.768860671,4.945261606e-05,5.0930718e-05,0.247735953,0.6983216553,0.05394239167,0.1104715058,0.1071749213
31.48,9.523267408,-0.2786281758,-0.2424927091,0.7175805184,-0.2786384572,0.3693729474,0.7697799622,5.16302998e-05,5.279916531e-05,0.2466855271,0.6994880731,0.05382639978,0.1102491501,0.1069268802
31.504,9.516012506,-0.2775021388,-0.242078463,0.7187078084,-0.2782575605,0.3682518422,0.7706933137,5.368451559e-05,5.450622651e-05,0.2456360459,0.7006490503,0.05371490376,0.1100266237,0.1066808635
31.528,9.50876865,-0.2763795196,-0.2416567272,0.7198306485,-0.2778695147,0.3671288774,0.7716006932,5.561134691e-05,5.605829229e-05,0.2445875285,0.7018043746,0.05360809692,0.1098039127,0.1064367417
31.552,9.501535814,-0.2752603566,-0.2412275348,0.7209489823,-0.2774743535,0.3660040812,0.7725020724,5.740851561e-05,5.74632405e-05,0.2435399995,0.7029538666,0.05350613386,0.1095810088,0.1061944114
31.576,9.494313973,-0.2741446866,-0.2407909211,0.7220627576,-0.2770721124,0.364877482,0.7733974278,5.90754027e-05,5.873007028e-05,0.2424934891,0.7040973771,0.05340913384,0.1093579087,0.1059537923
31.6,9.487103101,-0.2730325449,-0.2403469226,0.7231719275,-0.2766628287,0.3637491083,0.7742867411,6.061299659e-05,5.986855033e-05,0.2414480318,0.7052347845,0.05331718375,0.1091346143,0.1057148234
31.624,9.479903175,-0.2719239645,-0.239895578,0.7242764507,-0.2762465412,0.3626189885,0.7751699998,6.202377998e-05,6.088889914e-05,0.2404036659,0.7063659932,0.05323034088,0.1089111313,0.1054774609
31.648,9.472714168,-0.2708189764,-0.239436927,0.7253762917,-0.2758232905,0.3614871506,0.7760471971,6.331156975e-05,6.180150832e-05,0.2393604324,0.7074909321,0.05314863547,0.1086874684,0.1052416762
31.672,9.465536057,-0.2697176094,-0.2389710111,0.7264714214,-0.2753931185,0.3603536221,0.7769183328,6.448132497e-05,6.261671432e-05,0.2383183733,0.7086095534,0.05307207324,0.1084636362,0.1050074537
31.696,9.458368816,-0.2686198898,-0.2384978727,0.7275618173,-0.2749560685,0.3592184301,0.777783413,6.55389378e-05,6.33446188e-05,0.2372775301,0.7097218319,0.05300063804,0.1082396453,0.1047747903
31.72,9.451212421,-0.2675258415,-0.2380175559,0.7286474636,-0.274512185,0.3580816007,0.7786424507,6.649102066e-05,6.399495497e-05,0.2362379416,0.7108277637,0.05293429475,0.1080155044,0.1045436936
31.744,9.444066847,-0.2664354857,-0.2375301054,0.7297283517,-0.2740615136,0.3569431594,0.7794954654,6.734470034e-05,6.457699488e-05,0.235199641,0.7119273663,0.0528729927,0.1077912174,0.1043141816
31.768,9.43693207,-0.2653488414,-0.2370355674,0.7308044801,-0.2736041008,0.3558031308,0.7803424839,6.810742761e-05,6.509949175e-05,0.2341626525,0.7130206777,0.05281666981,0.10756678,0.1040862813
31.792,9.429808065,-0.2642659247,-0.2365339888,0.7318758547,-0.2731399939,0.3546615384,0.7811835399,6.87868076e-05,6.557065108e-05,0.2331269866,0.7141077556,0.05276525776,0.107342175,0.1038600284
31.816,9.422694808,-0.2631867494,-0.2360254174,0.7329424887,-0.272669241,0.3535184051,0.7820186741,6.939045412e-05,6.59981246e-05,0.2320926339,0.7151886773,0.05271868876,0.1071173664,0.1036354663
31.84,9.415592274,-0.2621113265,-0.2355099018,0.7340044029,-0.2721918905,0.3523737523,0.7828479346,6.992586892e-05,6.638902162e-05,0.2310595569,0.7162635387,0.05267690445,0.1068922907,0.1034126455
31.864,9.408500439,-0.2610396645,-0.2349874913,0.7350616256,-0.2717079916,0.3512276007,0.7836713763,7.040034509e-05,6.674993319e-05,0.2300276782,0.7173324537,0.05263986807,0.1066668458,0.1031916232
31.888,9.40141928,-0.2599717697,-0.2344582357,0.7361141927,-0.2712175933,0.3500799699,0.7844890615,7.082089292e-05,6.708696504e-05,0.2289968649,0.7183955537,0.05260758141,0.1064408746,0.1029724616
31.912,9.394348772,-0.2589076455,-0.2339221853,0.7371621475,-0.2707207451,0.3489308781,0.7853010592,7.119418537e-05,6.740577631e-05,0.2279669047,0.7194529862,0.0525801091,0.1062141419,0.1027552281
31.936,9.38728889,-0.2578472932,-0.233379391,0.7382055409,-0.2702174965,0.3477803427,0.7861074456,7.152652037e-05,6.77116213e-05,0.2269374713,0.7205049145,0.05255761423,0.1059862994,0.1025399938
31.96,9.380239612,-0.2567907116,-0.2328299038,0.7392444313,-0.2697078965,0.3466283798,0.7869083039,7.18237964e-05,6.800939245e-05,0.2259080717,0.7215515158,0.05254041253,0.1057568329,0.1023268325
31.984,9.373200913,-0.2557378973,-0.232273775,0.7402788842,-0.2691919943,0.3454750044,0.7877037237,7.209149838e-05,6.830366282e-05,0.2248779623,0.7225929808,0.05252905694,0.1055249784,0.1021158198
32.008,9.366172769,-0.2546888448,-0.2317110559,0.7413089725,-0.2686698385,0.3443202305,0.7884938015,7.233469038e-05,6.859872688e-05,0.2238460137,0.7236295118,0.0525244745,0.1052895874,0.1019070321
32.032,9.359155157,-0.2536435463,-0.2311417981,0.7423347761,-0.2681414773,0.3431640707,0.7892786401,7.255801232e-05,6.889863842e-05,0.2228104827,0.7246613217,0.05252819563,0.105048898,0.1017005452
32.056,9.352148053,-0.2526019921,-0.230566053,0.7433563818,-0.2676069582,0.3420065368,0.7900583488,7.276567758e-05,6.920724443e-05,0.2217686171,0.7256886321,0.05254275077,0.1048001406,0.1014964329
32.08,9.345151434,-0.2515641707,-0.2299838716,0.7443738831,-0.267066328,0.3408476392,0.7908330427,7.296146838e-05,6.952821391e-05,0.2207159537,0.7267116721,0.05257237423,0.1045388352,0.1012947659
32.104,9.338165275,-0.2505300686,-0.2293953049,0.74538738,-0.2665196327,0.3396873874,0.7916028429,7.314872609e-05,6.986505989e-05,0.2196450758,0.727730676,0.05262424814,0.1042575493,0.1010956103
32.128,9.331189554,-0.2494996709,-0.2288004034,0.7463969787,-0.2659669176,0.3385257898,0.7923678761,7.333033284e-05,7.022115277e-05,0.2185436586,0.7287458818,0.05271045968,0.1039439428,0.1008990258
32.152,9.324224247,-0.2484729609,-0.2281992171,0.7474027914,-0.2654082267,0.3373628536,0.7931282742,7.350868077e-05,7.05997222e-05,0.2173934089,0.7297575286,0.05284906257,0.1035797084,0.1007050642
32.176,9.317269331,-0.2474499209,-0.2275917955,0.7484049361,-0.2648436032,0.3361985853,0.7938841745,7.36856243e-05,7.100384348e-05,0.2161854737,0.7307658547,0.05304867157,0.1031559796,0.1005137671
32.2,9.310324783,-0.2464305317,-0.226978187,0.7494035359,-0.2642730892,0.3350329899,0.7946357186,7.386240978e-05,7.143640289e-05,0.2150299545,0.7317710949,0.05319895052,0.1027828447,0.1003251645
32.224,9.303390578,-0.2454147731,-0.2263584395,0.7503987193,-0.2636967253,0.3338660719,0.7953830529,7.403957563e-05,7.190003394e-05,0.2143018139,0.7327734778,0.05292470829,0.1028352544,0.1001392717
32.248,9.296466696,-0.2444026239,-0.2257325996,0.7513906192,-0.2631145514,0.3326978346,0.7961263277,7.421681401e-05,7.239701323e-05,0.2138740321,0.7337732225,0.05235274538,0.1031861775,0.09995608754
32.272,9.289553111,-0.2433940626,-0.2251007129,0.7523793727,-0.2625266059,0.3315282803,0.7968656971,7.43927829e-05,7.292909954e-05,0.2132254548,0.7347705354,0.05200400979,0.1033144486,0.09977559085
32.296,9.282649802,-0.2423890666,-0.2244628233,0.753365121,-0.261932926,0.3303574105,0.7976013185,7.456485436e-05,7.349729353e-05,0.2123815015,0.7357656061,0.05185289238,0.1032454773,0.09959773747
32.32,9.275756745,-0.2413876136,-0.2238189736,0.7543480086,-0.2613335477,0.3291852259,0.7983333522,7.472878141e-05,7.410148576e-05,0.211459316,0.7367586025,0.05178208157,0.1030963974,0.09942245568
32.344,9.268873918,-0.2403896809,-0.2231692044,0.7553281831,-0.2607285061,0.3280117261,0.7990619613,7.487826243e-05,7.47399485e-05,0.2105110993,0.737749664,0.05173923673,0.1029194012,0.0992496404
32.368,9.262001298,-0.2393952459,-0.2225135545,0.7563057943,-0.2601178347,0.32683691,0.7997873107,7.500437845e-05,7.540861032e-05,0.209556105,0.7387388932,0.05170500178,0.1027337337,0.09907914509
32.392,9.255138861,-0.2384042869,-0.2218520604,0.7572809943,-0.2595015663,0.3256607755,0.8005095672,7.50948776e-05,7.610003189e-05,0.2086014818,0.7397263436,0.05167217459,0.1025465355,0.09891077062
32.416,9.248286587,-0.2374167823,-0.2211847559,0.7582539364,-0.2588797327,0.3244833197,0.8012288987,7.513328343e-05,7.680197887e-05,0.2076498981,0.740712005,0.05163809689,0.1023604677,0.09874425105
32.44,9.241444451,-0.2364327122,-0.2205116718,0.7592247751,-0.2582523646,0.3233045388,0.8019454738,7.509781572e-05,7.749546833e-05,0.2067022311,0.7416957868,0.05160198211,0.1021764006,0.0985792379
32.464,9.234612432,-0.2354520577,-0.2198328358,0.7601936648,-0.2576194923,0.3221244281,0.8026594613,7.496014075e-05,7.815216256e-05,0.2057585546,0.7426775044,0.05156394101,0.1019944018,0.09841528744
32.488,9.227790507,-0.2344748017,-0.2191482715,0.7611607601,-0.2569811452,0.3209429817,0.80337103,7.468402375e-05,7.873102909e-05,0.2048185244,0.7436568783,0.05152459735,0.1018141213,0.09825186029
32.512,9.220978654,-0.2335009295,-0.2184579979,0.7621262144,-0.2563373527,0.3197601928,0.8040803474,7.422405581e-05,7.917433299e-05,0.2038815547,0.7446335561,0.05148488917,0.1016349683,0.09808834476
32.536,9.21417685,-0.2325304289,-0.2177620291,0.7630901797,-0.2556881438,0.3185760532,0.8047875801,7.352478388e-05,7.94033701e-05,0.2029469397,0.7456071684,0.05144589189,0.1014562326,0.09792411294
32.56,9.207385074,-0.2315632911,-0.2170603732,0.7640528056,-0.2550335476,0.3173905534,0.8054928926,7.252079116e-05,7.931500423e-05,0.2020139792,0.7465774115,0.05140860934,0.1012772105,0.09775860511
32.584,9.200603302,-0.2305995112,-0.2163530312,0.765014239,-0.2543735936,0.3162036822,0.8061964469,7.113852117e-05,7.878110718e-05,0.201082108,0.7475441367,0.05137375525,0.1010973343,0.09759141955
32.608,9.193831514,-0.2296390887,-0.2156399958,0.7659746231,-0.2537083122,0.3150154263,0.8068984018,6.930080741e-05,7.765423294e-05,0.2001509958,0.7485074089,0.05134159525,0.1009162722,0.09742237203
32.632,9.187069686,-0.2286820287,-0.21492125,0.7669340967,-0.2530377346,0.31382577,0.8075989127,6.693494744e-05,7.57834892e-05,0.1992205776,0.7494675079,0.05131191453,0.1007339591,0.09725149835
32.656,9.180317798,-0.2277283427,-0.2141967653,0.7678927935,-0.2523618937,0.3126346947,0.8082981304,6.398445816e-05,7.304296983e-05,0.198291007,0.7504248731,0.05128411996,0.1005505505,0.09707900009
32.68,9.173575826,-0.2267780499,-0.213466499,0.7688508411,-0.2516808241,0.3114421778,0.8089962009,6.04231885e-05,6.936959103e-05,0.1973625672,0.7513800204,0.05125741244,0.1003663334,0.09690516259
32.704,9.16684375,-0.2258311785,-0.2127303914,0.7698083603,-0.250994563,0.3102481919,0.8096932643,5.626853174e-05,6.479855521e-05,0.1964355974,0.7523334535,0.05123094903,0.1001816537,0.09673026716
32.728,9.160121547,-0.2248877676,-0.2119883619,0.7707654642,-0.2503031504,0.3090527035,0.8103894545,5.158909341e-05,5.947887016e-05,0.1955104332,0.7532856092,0.05120395764,0.09999685698,0.0965545377
32.752,9.153409196,-0.2239478692,-0.2112403041,0.7717222572,-0.2496066302,0.307855671,0.8110848982,4.65027425e-05,5.365649032e-05,0.194587358,0.7542369193,0.05117572274,0.09981224169,0.09637820428
32.776,9.146706676,-0.2230115509,-0.2104860792,0.7726788339,-0.2489050503,0.306657042,0.8117797142,4.116411931e-05,4.762915333e-05,0.1936665991,0.7551877285,0.05114567232,0.09962805604,0.0962014218
32.8,9.140013963,-0.2220788996,-0.2097255079,0.7736352782,-0.2481984638,0.3054567503,0.8124740126,3.574512411e-05,4.169276521e-05,0.1927483395,0.7561382787,0.05111338173,0.09944451198,0.09602425584
32.824,9.133331038,-0.221150025,-0.2089583579,0.7745916621,-0.2474869294,0.3042547105,0.8131678936,3.041508469e-05,3.61011187e-05,0.1918327389,0.7570887783,0.05107848275,0.09926180914,0.09584675379
32.848,9.126657879,-0.2202250657,-0.2081843294,0.7755480442,-0.2467705129,0.3030508118,0.813861447,2.532750937e-05,3.104921102e-05,0.19091994,0.7580394154,0.05104064455,0.0990801448,0.09566895963
32.872,9.119994463,-0.219304196,-0.2074030327,0.7765044686,-0.2460492875,0.3018449078,0.8145547505,2.061839775e-05,2.667662688e-05,0.1900100612,0.7589903628,0.05099957605,0.09889971236,0.09549092049
32.896,9.113340771,-0.2183876351,-0.2066139581,0.7774609632,-0.2453233354,0.3006368022,0.8152478692,1.641962136e-05,2.30796544e-05,0.1891031957,0.7599417982,0.05095500613,0.09872070857,0.09531270939
32.92,9.10669678,-0.2174756591,-0.2058164317,0.7784175382,-0.2445927488,0.2994262277,0.8159408536,1.289136139e-05,2.031929824e-05,0.1881994026,0.7608939178,0.05090667952,0.09854333664,0.09513444086
32.944,9.10006247,-0.2165686169,-0.2050095512,0.7793741836,-0.2438576312,0.2982128131,0.8166337382,1.027043795e-05,1.841577231e-05,0.1872986869,0.7618469433,0.0508543698,0.09836780486,0.09495628058
32.968,9.093437818,-0.215666951,-0.2041920887,0.7803308676,-0.2431180986,0.2969960316,0.8173265399,8.865647131e-06,1.733130249e-05,0.1864009667,0.7628011233,0.05079791001,0.09819432381,0.09477845019
32.992,9.086822806,-0.2147712245,-0.2033623388,0.7812875334,-0.2423742811,0.2957751168,0.8180192553,8.817338959e-06,1.696036912e-05,0.1855060228,0.763756729,0.05073724821,0.09802310294,0.09460122671
33.016,9.08021741,-0.2138821546,-0.2025178762,0.7822440965,-0.2416263244,0.2945489199,0.8187118585,9.81990061e-06,1.714791906e-05,0.1846134135,0.764714044,0.05067254245,0.09785434721,0.09442493653
33.04,9.07362161,-0.2130006484,-0.2016551479,0.7832004408,-0.2408743912,0.2933156574,0.8194042975,1.137779821e-05,1.772875053e-05,0.1837223288,0.7656733475,0.05060432369,0.09768825383,0.09424994439
33.064,9.067035386,-0.2121278257,-0.2007687613,0.7841564141,-0.2401186627,0.2920724396,0.8200964906,1.31442081e-05,1.856102076e-05,0.1828313197,0.7666348931,0.05053378722,0.09752500955,0.09407663878
33.088,9.060458716,-0.2112649682,-0.1998501678,0.7851118231,-0.23935934,0.2908143331,0.8207883213,1.494346169e-05,1.953945783e-05,0.1819377648,0.7675988841,0.05046335107,0.09736478828,0.09390541533
33.112,9.05389158,-0.2104131883,-0.1988850663,0.7860664265,-0.2385966446,0.2895323461,0.821479632,1.669700735e-05,2.059315971e-05,0.1810367289,0.7685654463,0.05039782474,0.09720774925,0.09373666013
33.136,9.047333957,-0.2095720673,-0.1978478799,0.7870199276,-0.2378308191,0.2882086657,0.8221702166,1.837336442e-05,2.167761896e-05,0.1801182708,0.7695346002,0.05034712892,0.09705403554,0.09357073474
33.16,9.040785826,-0.2087342472,-0.1966889186,0.7879719642,-0.2370621264,0.286803969,0.8228598107,1.99635163e-05,2.276672486e-05,0.1791602901,0.7705062326,0.05033347726,0.09690377307,0.093407964
33.184,9.034247167,-0.207861915,-0.1953019225,0.788922097,-0.236290847,0.2852181913,0.8235480797,2.146936897e-05,2.38466253e-05,0.1781064869,0.7714800676,0.05041344541,0.09675706984,0.09324862752
33.208,9.02771796,-0.2067652451,-0.1934450661,0.7898697961,-0.2355172743,0.2831481241,0.8242346033,2.289825212e-05,2.491152038e-05,0.1767868762,0.7724556366,0.05075748717,0.09661401548,0.09309295472
33.232,9.021198182,-0.2043911152,-0.1908242865,0.7908144236,-0.2347417058,0.2796240981,0.8249188572,2.426025263e-05,2.596094726e-05,0.1746643178,0.773432245,0.05190343714,0.09647468099,0.09294112336
33.256,9.014687816,-0.198791286,-0.1911535203,0.7917552148,-0.2339644286,0.275785503,0.8256001902,2.556693986e-05,2.699810467e-05,0.1723967629,0.7744089353,0.05319430175,0.09633911856,0.09279326063
33.28,9.008186839,-0.1987148796,-0.194852797,0.7926912568,-0.2331856968,0.2783077719,0.826277797,2.683081867e-05,2.802888084e-05,0.1736625782,0.7753844448,0.05095297706,0.09620736158,0.09264944621
33.304,9.001695232,-0.1998161771,-0.1947511585,0.7936214665,-0.2324056971,0.2790242254,0.8269506879,2.806519673e-05,2.906136473e-05,0.1739339437,0.7763571576,0.04970889866,0.0960794246,0.09250971656
33.328,8.995212974,-0.1999094347,-0.1938155164,0.7945445716,-0.2316244994,0.2784389277,0.8276176563,2.928431995e-05,3.010571009e-05,0.1734835407,0.7773250554,0.04919140387,0.09595530336,0.09237406955
33.352,8.988740046,-0.1995437111,-0.1928039878,0.7954590993,-0.2308419869,0.2774726479,0.8282772492,3.05037183e-05,3.117428779e-05,0.1728260461,0.7782856718,0.04888828208,0.09583497485,0.0922424692
33.376,8.982276426,-0.1989729417,-0.1918128679,0.7963633851,-0.2300577618,0.2763736743,0.8289277501,3.174075866e-05,3.22821134e-05,0.172100806,0.779236066,0.04866312791,0.09571839721,0.09211485006
33.4,8.975822096,-0.1982992227,-0.1908482128,0.7972556152,-0.2292710268,0.2752192254,0.8295671882,3.301544461e-05,3.344758489e-05,0.1713511329,0.7801728417,0.04847602545,0.09560550974,0.09199112088
33.424,8.969377034,-0.1975685948,-0.1899042224,0.7981339263,-0.2284804485,0.2740382516,0.830193399,3.435154972e-05,3.469361894e-05,0.1705931973,0.7810922486,0.04831455414,0.09549623276,0.09187116772
33.448,8.962941222,-0.196804286,-0.1889749878,0.7989965896,-0.2276840245,0.2728433122,0.8308041677,3.57782334e-05,3.604934836e-05,0.1698339418,0.7819904227,0.04817563556,0.09539046745,0.09175485627
33.472,8.956514639,-0.1960191307,-0.1880560105,0.7998423004,-0.2268789988,0.2716405027,0.8313974895,3.733238345e-05,3.755265553e-05,0.1690766597,0.7828638205,0.04805951978,0.09528809564,0.09164203352
33.496,8.950097265,-0.1952207554,-0.1871440496,0.8006705757,-0.2260618996,0.2704330576,0.8319719667,3.906208388e-05,3.92540024e-05,0.1683230197,0.7837098837,0.04796709665,0.09518897952,0.09153252883
33.52,8.943689081,-0.1944139683,-0.1862367832,0.8014822086,-0.2252287899,0.2692228268,0.8325273199,4.103186184e-05,4.122233299e-05,0.1675738935,0.7845278946,0.04789821197,0.0950929613,0.09142615443
33.544,8.937290067,-0.1936019541,-0.1853325328,0.8022796513,-0.2243758067,0.2680109407,0.8330649084,4.333079267e-05,4.355437315e-05,0.1668297291,0.785319849,0.04785042187,0.09499986289,0.09132270554
33.568,8.930900203,-0.1927869127,-0.1844300694,0.8030671288,-0.2234999726,0.2667981338,0.8335880584,4.608522107e-05,4.638960418e-05,0.1660907317,0.7860910133,0.04781825496,0.09490948541,0.09122196005
33.592,8.924519469,-0.191970421,-0.1835284809,0.8038502786,-0.2226001078,0.2655849127,0.8341019592,4.94787821e-05,4.99347515e-05,0.1653569571,0.7868497589,0.04779328399,0.09482160882,0.091123678
33.616,8.918147846,-0.1911536472,-0.1826270825,0.8046352594,-0.2216775164,0.2643716477,0.8346129774,5.378284198e-05,5.450365277e-05,0.1646283625,0.7876064256,0.04776521185,0.09473599154,0.09102760067
33.64,8.911785315,-0.1903374833,-0.1817253544,0.8054275255,-0.2207361032,0.2631586251,0.8351274909,5.939574268e-05,6.057771399e-05,0.1639048361,0.7883713792,0.04772378469,0.09465237059,0.09093344943
33.664,8.905431856,-0.1895226295,-0.1808228993,0.8062306901,-0.2197817861,0.2619460784,0.8356506202,6.685512195e-05,6.886792094e-05,0.1631862088,0.7891528889,0.04766090234,0.09457045629,0.09084092507
33.688,8.89908745,-0.1887096504,-0.1799194118,0.8070458992,-0.2188214017,0.2607342074,0.8361853199,7.661187362e-05,8.019526593e-05,0.1624722723,0.7899556027,0.04757212499,0.09448993952,0.09074970705
33.712,8.892752076,-0.1878990122,-0.1790146562,0.807871889,-0.2178615271,0.2595231896,0.836732116,8.767344105e-05,9.419917455e-05,0.1617627822,0.7907800946,0.04745712326,0.09441048853,0.09065945173
33.736,8.886425717,-0.187091109,-0.1781084513,0.808705577,-0.2169076129,0.2583131888,0.8372894499,9.37363629e-05,0.0001043300741,0.1610574574,0.7916234249,0.04731911766,0.09433174515,0.09056979115
33.76,8.880108353,-0.1862862811,-0.1772006578,0.8095428697,-0.2159635987,0.2571043595,0.8378543631,8.519858865e-05,9.725343913e-05,0.1603559865,0.7924802753,0.04716373819,0.09425332761,0.090480332
33.784,8.873799964,-0.1854848284,-0.17629117,0.810379394,-0.2150319507,0.2558968506,0.8384232237,6.698739017e-05,7.698571282e-05,0.1596580365,0.7933441625,0.04699780096,0.09417483389,0.09039065458
33.808,8.867500532,-0.1846870197,-0.1753799086,0.8112110048,-0.2141139495,0.2546908078,0.8389922989,5.069270179e-05,5.847016988e-05,0.1589632409,0.7942083929,0.04682836619,0.09409583074,0.09030031179
33.832,8.861210038,-0.1838931003,-0.1744668163,0.8120340509,-0.2132100557,0.253486375,0.8395581145,3.942836382e-05,4.571646555e-05,0.1582711598,0.7950666582,0.04666218204,0.09401581589,0.09020882847
33.856,8.854928462,-0.183103297,-0.1735518528,0.8128454554,-0.2123202455,0.2522836954,0.8401176234,3.221417523e-05,3.748677165e-05,0.1575814235,0.795913324,0.04650525243,0.09393435951,0.09011570157
33.88,8.848655785,-0.1823178221,-0.1726349926,0.8136426849,-0.2114442692,0.2510829125,0.8406682447,2.773811311e-05,3.223747884e-05,0.1568935646,0.7967434918,0.04636294358,0.09385093493,0.09002039307
33.904,8.842391989,-0.1815368769,-0.1717162217,0.8144236651,-0.2105818262,0.2498841701,0.8412078292,2.504155234e-05,2.890199956e-05,0.1562071017,0.7975529335,0.04623996479,0.09376500257,0.08992232084
33.928,8.836137055,-0.1807606537,-0.170795536,0.8151866834,-0.209732673,0.2486876134,0.8417345917,2.348234608e-05,2.67981127e-05,0.1555215277,0.79833803,0.0461404423,0.09367599813,0.08982090635
33.952,8.829890964,-0.1799893377,-0.1698729398,0.815930297,-0.2088966798,0.2474933885,0.8422470377,2.263906009e-05,2.54902894e-05,0.1548363092,0.7990955917,0.04606809907,0.09358333136,0.08971551859
33.976,8.823653697,-0.1792231085,-0.168948444,0.8166532569,-0.2080738567,0.246301643,0.8427438946,2.223987952e-05,2.469864335e-05,0.1541508859,0.7998227666,0.04602634752,0.09348638602,0.08960549415
34,8.817425235,-0.1784621414,-0.1680220654,0.8173544474,-0.2072643584,0.2451125259,0.843224055,2.211250681e-05,2.424253887e-05,0.1534646711,0.8005169469,0.04601838202,0.09338452021,0.08949013945
