lam_um,f_THz,side,n1,n2,kz_rad_per_um,Re_S_TE,Im_S_TE,Re_S_TM,Im_S_TM,power
29.9792458,10,trans,0,0,0.2095845022,-1.864606646e-15,4.983192645e-16,0.9343252405,0.2245350511,0.9233796441
29.9792458,10,refl,0,0,0.2095845022,-2.06257848e-15,1.364168864e-15,-0.07231092683,0.230171913,0.0582079797
29.24804468,10.25,trans,0,0,0.2148241148,-1.93730677e-15,5.884788222e-16,0.9269849739,0.2369744341,0.9154580243
29.24804468,10.25,refl,0,0,0.2148241148,-2.061273437e-15,1.416754509e-15,-0.0787436902,0.2439948166,0.06573403929
28.55166267,10.5,trans,0,0,0.2200637273,-2.03132793e-15,6.884756257e-16,0.921033288,0.247754168,0.9096844454
28.55166267,10.5,refl,0,0,0.2200637273,-2.132647029e-15,1.50198347e-15,-0.08385831043,0.2559390488,0.07253701294
27.88767051,10.75,trans,0,0,0.2253033399,-2.173217143e-15,6.811236604e-16,0.9162785642,0.2570264987,0.9056290283
27.88767051,10.75,refl,0,0,0.2253033399,-2.225214274e-15,1.478254879e-15,-0.08782675177,0.2662096317,0.07858110631
27.25385982,11,trans,0,0,0.2305429524,-1.987039998e-15,5.874818122e-16,0.9125553047,0.2649646344,0.9029634416
27.25385982,11,refl,0,0,0.2305429524,-2.023282083e-15,1.340279962e-15,-0.09080551339,0.2750137213,0.08387818817
26.64821849,11.25,trans,0,0,0.235782565,-1.955041922e-15,8.378960654e-16,0.9049952894,0.2759494099,0.8951645507
26.64821849,11.25,refl,0,0,0.235782565,-1.928996339e-15,1.457376788e-15,-0.09675817349,0.2836522504,0.08982074332
26.06890939,11.5,trans,0,0,0.2410221775,-2.107514268e-15,6.372526836e-16,0.898815219,0.2855262893,0.8893940598
26.06890939,11.5,refl,0,0,0.2410221775,-2.029084945e-15,1.143745006e-15,-0.1012357978,0.2908890583,0.094865131
25.51425174,11.75,trans,0,0,0.2462617901,-1.901191861e-15,8.325172831e-16,0.8939125262,0.2938913657,0.8854517393
25.51425174,11.75,refl,0,0,0.2462617901,-1.721456354e-15,1.233306653e-15,-0.1044889239,0.2969788389,0.09911436596
24.98270483,12,trans,0,0,0.2515014026,-2.042573329e-15,7.636512002e-16,0.89016172,0.3011992695,0.8831088878
24.98270483,12,refl,0,0,0.2515014026,-1.813033337e-15,1.084389543e-15,-0.1067240094,0.30211779,0.1026651732
24.47285371,12.25,trans,0,0,0.2567410152,-2.256048004e-15,7.239991515e-16,0.8837927996,0.3095700524,0.8769233299
24.47285371,12.25,refl,0,0,0.2567410152,-1.987659193e-15,8.992042851e-16,-0.1113218005,0.3062574263,0.1061861544
23.98339664,12.5,trans,0,0,0.2619806277,-2.040973532e-15,7.414667956e-16,0.8789109857,0.3170681655,0.8730167423
23.98339664,12.5,refl,0,0,0.2619806277,-1.679226986e-15,7.986923362e-16,-0.1147843197,0.3098409002,0.1091768235
23.51313396,12.75,trans,0,0,0.2672202403,-2.14078802e-15,7.566484855e-16,0.8752622885,0.3237960006,0.8709279237
23.51313396,12.75,refl,0,0,0.2672202403,-1.717577657e-15,7.099904432e-16,-0.117315062,0.3129958263,0.1117292111
23.06095831,13,trans,0,0,0.2724598529,-1.994356006e-15,7.189365387e-16,0.8726408491,0.3298452384,0.8702999328
23.06095831,13,refl,0,0,0.2724598529,-1.514864963e-15,5.870207012e-16,-0.1190695655,0.3158106774,0.1139139454
22.62584589,13.25,trans,0,0,0.2776994654,-1.861699023e-15,7.784666735e-16,0.8655139791,0.336474795,0.8623297358
22.62584589,13.25,refl,0,0,0.2776994654,-1.357342751e-15,6.230484584e-16,-0.1268358142,0.3231051968,0.120484292
22.20684874,13.5,trans,0,0,0.282939078,-1.741398391e-15,8.054789932e-16,0.8596531056,0.3426723853,0.8564278256
22.20684874,13.5,refl,0,0,0.282939078,-1.240922852e-15,6.160082987e-16,-0.1332845997,0.3299684764,0.12664398
21.80308785,13.75,trans,0,0,0.2881786905,-1.620205385e-15,7.062176991e-16,0.8549017921,0.3484908213,0.8523029266
21.80308785,13.75,refl,0,0,0.2881786905,-1.074959824e-15,4.884555623e-16,-0.1385690074,0.3364466453,0.132397715
21.413747,14,trans,0,0,0.2934183031,-1.519215352e-15,5.86517403e-16,0.851127416,0.3539750591,0.8497162208
21.413747,14,refl,0,0,0.2934183031,-9.922795952e-16,3.549507757e-16,-0.1428229498,0.3425797461,0.1377592774
21.03806723,14.25,trans,0,0,0.2986579156,-1.343582898e-15,6.117032774e-16,0.8394045865,0.3604475361,0.8345224861
21.03806723,14.25,refl,0,0,0.2986579156,-8.02038896e-16,3.970208132e-16,-0.155667965,0.3541632205,0.1496641021
20.67534193,14.5,trans,0,0,0.3038975282,-1.439586917e-15,8.793846908e-17,0.8294007358,0.3668940839,0.8225168494
20.67534193,14.5,refl,0,0,0.3038975282,-9.812143104e-16,-6.350720132e-17,-0.1665815997,0.3651698953,0.1610984818
20.32491241,14.75,trans,0,0,0.3091371407,-1.25734963e-15,5.953199939e-17,0.8209208834,0.3732906126,0.8132569782
20.32491241,14.75,refl,0,0,0.3091371407,-8.415054204e-16,-6.020398181e-17,-0.1758025598,0.375680982,0.1720427403
19.98616387,15,trans,0,0,0.3143767533,-1.193372314e-15,-2.412548999e-17,0.8137987618,0.3796267769,0.8063849145
19.98616387,15,refl,0,0,0.3143767533,-7.949636604e-16,-1.094252992e-16,-0.1835322507,0.3857636868,0.1824977091
19.65852184,15.25,trans,0,0,0.3196163658,-1.41999243e-15,-2.354847255e-16,0.7979290392,0.3863212111,0.7859348298
19.65852184,15.25,refl,0,0,0.3196163658,-9.936183805e-16,-2.563275628e-16,-0.1996864288,0.3951981198,0.1960562237
19.3414489,15.5,trans,0,0,0.3248559784,-1.367393863e-15,-3.885224545e-16,0.7840941786,0.393414749,0.7695788456
19.3414489,15.5,refl,0,0,0.3248559784,-9.169424794e-16,-3.489889439e-16,-0.2137617095,0.404726874,0.209497911
19.03444178,15.75,trans,0,0,0.330095591,-1.233139004e-15,-4.501123182e-16,0.7720601899,0.400872702,0.75677586
19.03444178,15.75,refl,0,0,0.330095591,-7.700125463e-16,-3.141880772e-16,-0.2259956848,0.4143766073,0.2227820223
18.73702863,16,trans,0,0,0.3353352035,-1.342379318e-15,-4.330799271e-16,0.7616294577,0.4086672317,0.747088337
18.73702863,16,refl,0,0,0.3353352035,-8.843379381e-16,-2.374777704e-16,-0.2365908122,0.4241658356,0.2358918685
18.44876665,16.25,trans,0,0,0.3405748161,-1.453358184e-15,-6.174989623e-16,0.7433364612,0.4143205197,0.7242105875
18.44876665,16.25,refl,0,0,0.3405748161,-9.2524573e-16,-4.102968436e-16,-0.2547353914,0.4275931501,0.2477260216
18.16923988,16.5,trans,0,0,0.3458144286,-1.105251972e-15,-5.146830901e-16,0.7267761722,0.4210804257,0.7055123294
18.16923988,16.5,refl,0,0,0.3458144286,-5.153984459e-16,-2.458010201e-16,-0.2711691831,0.4322773142,0.2603964023
17.89805719,16.75,trans,0,0,0.3510540412,-1.408953556e-15,-5.320814231e-16,0.7117343345,0.4288931158,0.6905150676
17.89805719,16.75,refl,0,0,0.3510540412,-8.104187759e-16,-2.514744759e-16,-0.2861001518,0.4381502933,0.2738289764
17.63485047,17,trans,0,0,0.3562936537,-1.128934408e-15,-3.797481713e-16,0.6980309656,0.4377210496,0.6788469462
17.63485047,17,refl,0,0,0.3562936537,-4.591644599e-16,-4.553849645e-17,-0.2997043331,0.4451620097,0.2879919022
17.37927293,17.25,trans,0,0,0.3615332663,-1.129103893e-15,-3.246821245e-16,0.6759259139,0.4403041342,0.6507435716
17.37927293,17.25,refl,0,0,0.3615332663,-5.250264763e-16,-1.018746011e-17,-0.3217116859,0.4448105908,0.3013548706
17.1309976,17.5,trans,0,0,0.3667728788,-1.14747657e-15,-4.217218723e-17,0.6546592449,0.4448871821,0.6265033317
17.1309976,17.5,refl,0,0,0.3667728788,-5.22714627e-16,2.510576529e-16,-0.3429168107,0.4465682897,0.3170151764
16.88971594,17.75,trans,0,0,0.3720124914,-1.250438228e-15,-8.919711841e-18,0.6340119916,0.4514056432,0.6057382601
16.88971594,17.75,refl,0,0,0.3720124914,-7.280636056e-16,2.698016866e-16,-0.363537741,0.4503648614,0.3349881974
16.65513656,18,trans,0,0,0.377252104,-1.279516577e-15,2.498257491e-17,0.6137700897,0.4598471644,0.5881731377
16.65513656,18,refl,0,0,0.377252104,-7.105237252e-16,2.646036864e-16,-0.3837890787,0.4561813553,0.3553954858
16.426984,18.25,trans,0,0,0.3824917165,-1.590290874e-15,-8.042394737e-16,0.5874858129,0.4544454424,0.5516602405
16.426984,18.25,refl,0,0,0.3824917165,-1.126120635e-15,-6.10130626e-16,-0.4115533445,0.4562002481,0.3774948217
16.20499773,18.5,trans,0,0,0.3877313291,-1.51149178e-15,-9.092470104e-16,0.560300791,0.4510815969,0.5174115834
16.20499773,18.5,refl,0,0,0.3877313291,-1.162583956e-15,-7.197780332e-16,-0.4402907745,0.4579198124,0.4035465206
15.98893109,18.75,trans,0,0,0.3929709416,-1.475934875e-15,-1.263848917e-15,0.5316981066,0.4496682208,0.4849043854
15.98893109,18.75,trans,-1,0,0.01461479345,-7.052892534e-17,-1.278785448e-16,-1.097990144e-16,2.063714127e-17,3.380896668e-32
15.98893109,18.75,trans,0,-1,0.01461479345,-2.359987771e-16,6.756014159e-17,-1.030877927e-16,-9.29102801e-18,7.097321171e-32
15.98893109,18.75,trans,0,1,0.01461479345,-1.429119432e-16,1.612405831e-16,-1.087725456e-16,-2.094594218e-18,5.825820314e-32
15.98893109,18.75,trans,1,0,0.01461479345,-8.126082998e-17,-8.550219043e-17,-1.161773246e-16,2.272695242e-17,2.792763217e-32
15.98893109,18.75,refl,0,0,0.3929709416,-1.288319152e-15,-1.087390105e-15,-0.4705029098,0.4612499399,0.4341244952
15.98893109,18.75,refl,-1,0,0.01461479345,-6.839725946e-17,-1.275323714e-16,1.050636907e-16,3.94029307e-17,3.35336609e-32
15.98893109,18.75,refl,0,-1,0.01461479345,-2.396418661e-16,6.716284294e-17,7.748036349e-17,5.711286679e-17,7.120415772e-32
15.98893109,18.75,refl,0,1,0.01461479345,-1.450133341e-16,1.615302784e-16,7.394076103e-17,6.245945837e-17,5.648931796e-32
15.98893109,18.75,refl,1,0,0.01461479345,-7.682500671e-17,-8.543947526e-17,1.223793699e-16,3.184216526e-17,2.919261927e-32
15.77855042,19,trans,0,0,0.3982105542,-2.477251898e-15,-2.024362807e-15,0.500998902,0.4501713145,0.4536541121
15.77855042,19,trans,-1,0,0.06602330411,1.146240107e-16,-2.263985338e-16,1.208973891e-17,-2.485206928e-17,6.515874708e-32
15.77855042,19,trans,0,-1,0.06602330411,3.022351888e-17,1.459483085e-16,-1.424972111e-16,-2.493444183e-16,1.046924639e-31
15.77855042,19,trans,0,1,0.06602330411,-5.514316893e-17,1.275840285e-16,-1.441360566e-16,-2.493785784e-16,1.022833316e-31
15.77855042,19,trans,1,0,0.06602330411,1.154701601e-16,-2.02655349e-16,1.357081799e-17,-1.817374209e-17,5.491700036e-32
15.77855042,19,refl,0,0,0.3982105542,-2.389050142e-15,-1.903259718e-15,-0.5028616142,0.4661508075,0.4701663784
15.77855042,19,refl,-1,0,0.06602330411,1.17036562e-16,-2.218580545e-16,-8.943310317e-18,2.217169494e-17,6.349012006e-32
15.77855042,19,refl,0,-1,0.06602330411,3.2821844e-17,1.478579702e-16,1.135615758e-16,2.525591744e-16,9.962162087e-32
15.77855042,19,refl,0,1,0.06602330411,-5.280769437e-17,1.284655919e-16,1.137921107e-16,2.522940827e-16,9.58930095e-32
15.77855042,19,refl,1,0,0.06602330411,1.170068458e-16,-1.968764745e-16,-1.422104742e-17,1.222169459e-17,5.28025562e-32
15.57363418,19.25,trans,0,0,0.4034501667,-1.633123123e-15,-2.281301899e-15,0.465428356,0.4377357827,0.40823617
15.57363418,19.25,trans,-1,0,0.09251739439,-3.02129461e-16,9.780926789e-17,1.825517898e-17,-1.693871767e-16,1.298741313e-31
15.57363418,19.25,trans,0,-1,0.09251739439,-8.491318036e-17,7.256992694e-17,1.946484923e-17,7.875475018e-17,1.905783353e-32
15.57363418,19.25,trans,0,1,0.09251739439,-1.221508225e-16,3.993366965e-17,2.204252524e-17,7.769607731e-17,2.303807475e-32
15.57363418,19.25,trans,1,0,0.09251739439,-3.582760142e-16,1.437433577e-16,1.977846465e-17,-1.624383167e-16,1.758012496e-31
15.57363418,19.25,refl,0,0,0.4034501667,-1.503645039e-15,-2.081713344e-15,-0.5376123245,0.4514029914,0.4927916721
15.57363418,19.25,refl,-1,0,0.09251739439,-3.037753959e-16,9.484720551e-17,-2.113640187e-17,1.672813715e-16,1.297052883e-31
15.57363418,19.25,refl,0,-1,0.09251739439,-9.068287476e-17,7.285523106e-17,-7.249846833e-18,-7.769341446e-17,1.96200954e-32
15.57363418,19.25,refl,0,1,0.09251739439,-1.260195691e-16,3.911629625e-17,-9.728797489e-18,-7.592604379e-17,2.327043007e-32
15.57363418,19.25,refl,1,0,0.09251739439,-3.591106554e-16,1.425330058e-16,-2.532445689e-17,1.542044962e-16,1.736964753e-31
15.37397221,19.5,trans,0,0,0.4086897793,-1.200775185e-15,-2.102484305e-15,0.424992727,0.4238100997,0.3602338187
15.37397221,19.5,trans,-1,0,0.1132023274,-8.486089172e-17,-6.143814333e-18,-3.79200456e-17,1.92066125e-16,4.556644363e-32
15.37397221,19.5,trans,0,-1,0.1132023274,-1.392396591e-16,-2.86135849e-16,3.491653045e-17,9.141825433e-17,1.108378681e-31
15.37397221,19.5,trans,0,1,0.1132023274,-2.401326071e-16,-2.635349695e-16,3.649497593e-17,8.975734861e-17,1.36502614e-31
15.37397221,19.5,trans,1,0,0.1132023274,-1.268674362e-16,-2.751136131e-17,-5.028885465e-17,1.929205779e-16,5.659953965e-32
15.37397221,19.5,refl,0,0,0.4086897793,-1.1729256e-15,-1.819017653e-15,-0.5771344849,0.4352151926,0.5224964776
15.37397221,19.5,refl,-1,0,0.1132023274,-8.784796788e-17,-6.395999434e-18,4.046356853e-17,-1.876516165e-16,4.460860384e-32
15.37397221,19.5,refl,0,-1,0.1132023274,-1.397135652e-16,-2.850043893e-16,-2.936951098e-17,-8.751781815e-17,1.092693189e-31
15.37397221,19.5,refl,0,1,0.1132023274,-2.381871504e-16,-2.625946126e-16,-3.14221929e-17,-8.642354135e-17,1.341454319e-31
15.37397221,19.5,refl,1,0,0.1132023274,-1.28752975e-16,-2.586185148e-17,4.843397291e-17,-1.918370508e-16,5.63934677e-32
15.17936496,19.75,trans,0,0,0.4139293918,-9.435990466e-16,-2.732334805e-15,0.3779793443,0.4065410872,0.3081440404
15.17936496,19.75,trans,-1,0,0.1308624188,1.772414527e-17,-8.413835835e-17,2.85401829e-18,6.367256797e-17,1.145575e-32
15.17936496,19.75,trans,0,-1,0.1308624188,1.105383594e-16,4.107827226e-17,-2.560765586e-16,1.559164148e-16,1.037912856e-31
15.17936496,19.75,trans,0,1,0.1308624188,4.048500808e-17,-3.947833094e-17,-2.575810746e-16,1.575423188e-16,9.436516672e-32
15.17936496,19.75,trans,1,0,0.1308624188,-1.059635384e-17,-1.073190919e-16,-1.079697015e-18,6.393518627e-17,1.5718544e-32
15.17936496,19.75,refl,0,0,0.4139293918,-9.121628046e-16,-2.373747095e-15,-0.6230951733,0.4156782211,0.5610359784
15.17936496,19.75,refl,-1,0,0.1308624188,1.397845097e-17,-9.093250833e-17,2.509611126e-18,-6.287316283e-17,1.242345092e-32
15.17936496,19.75,refl,0,-1,0.1308624188,1.148248703e-16,3.971534512e-17,2.527447315e-16,-1.466392096e-16,1.001450166e-31
15.17936496,19.75,refl,0,1,0.1308624188,4.444598918e-17,-3.937884693e-17,2.549050942e-16,-1.484556475e-16,9.054182586e-32
15.17936496,19.75,refl,1,0,0.1308624188,-1.39660074e-17,-1.105782535e-16,6.968167345e-18,-6.753766166e-17,1.703249062e-32
14.9896229,20,trans,0,0,0.4191690044,-4.618054793e-16,-3.074098926e-15,0.3217998975,0.382664455,0.2499872592
14.9896229,20,trans,-1,0,0.1465949708,1.122771022e-16,-1.581032642e-16,3.0294937e-16,1.404439831e-16,1.49105623e-31
14.9896229,20,trans,0,-1,0.1465949708,-1.300549741e-16,-2.435928399e-16,-1.013087377e-17,-1.697492675e-16,1.051692164e-31
14.9896229,20,trans,0,1,0.1465949708,8.475461227e-18,-3.24795778e-16,-1.003442005e-17,-1.695264152e-16,1.344040259e-31
14.9896229,20,trans,1,0,0.1465949708,8.613298421e-17,-1.916438717e-16,2.23349606e-16,1.364644501e-16,1.126538572e-31
14.9896229,20,refl,0,0,0.4191690044,-4.483543768e-16,-2.6408189e-15,-0.6780007418,0.3894540152,0.6113594358
14.9896229,20,refl,-1,0,0.1465949708,1.131121542e-16,-1.634101798e-16,-3.009950102e-16,-1.397885903e-16,1.496360924e-31
14.9896229,20,refl,0,-1,0.1465949708,-1.289189174e-16,-2.483717795e-16,4.212717107e-18,1.715262165e-16,1.07747618e-31
14.9896229,20,refl,0,1,0.1465949708,1.030345368e-17,-3.266214562e-16,4.326038065e-18,1.697240717e-16,1.356127119e-31
14.9896229,20,refl,1,0,0.1465949708,8.623405715e-17,-1.942870003e-16,-2.220407475e-16,-1.429088725e-16,1.149087905e-31
14.80456583,20.25,trans,0,0,0.4244086169,4.863403649e-16,-2.169694205e-15,0.2682821983,0.3206849636,0.1748141838
14.80456583,20.25,trans,-1,0,0.1609661622,9.76271139e-17,-6.579525494e-17,-5.515548165e-16,6.245672367e-16,7.081570177e-31
14.80456583,20.25,trans,0,-1,0.1609661622,3.467934705e-17,3.092026406e-16,1.102420632e-16,3.481400705e-17,1.101742576e-31
14.80456583,20.25,trans,0,1,0.1609661622,6.152584803e-17,2.426714815e-16,1.090277866e-16,3.615715592e-17,7.58692761e-32
14.80456583,20.25,trans,1,0,0.1609661622,9.251160687e-17,-1.057297536e-16,-5.930539446e-16,6.191031118e-16,7.547388225e-31
14.80456583,20.25,refl,0,0,0.4244086169,5.357449075e-16,-1.748467033e-15,-0.7304935173,0.3291387183,0.6419530748
14.80456583,20.25,refl,-1,0,0.1609661622,9.836692014e-17,-6.496500281e-17,5.43443929e-16,-6.07682592e-16,6.785059392e-31
14.80456583,20.25,refl,0,-1,0.1609661622,4.396764692e-17,3.163700974e-16,-1.123121653e-16,-3.673728251e-17,1.159868429e-31
14.80456583,20.25,refl,0,1,0.1609661622,7.090787331e-17,2.505747476e-16,-1.114380024e-16,-3.852733966e-17,8.171841491e-32
14.80456583,20.25,refl,1,0,0.1609661622,9.195940792e-17,-1.031764628e-16,5.844947137e-16,-6.066644546e-16,7.28777746e-31
14.62402234,20.5,trans,0,0,0.4296482295,1.255831932e-15,-2.491436249e-17,0.2171640884,0.2269469842,0.09866517495
14.62402234,20.5,trans,-1,0,0.1743130298,1.012197776e-16,3.514079678e-17,5.825059986e-16,-2.075191192e-17,3.512241992e-31
14.62402234,20.5,trans,0,-1,0.1743130298,-4.053875245e-17,-5.568443676e-16,7.348429893e-17,-2.322704314e-16,3.710685357e-31
14.62402234,20.5,trans,0,1,0.1743130298,9.253894209e-17,-6.350933592e-16,7.367398934e-17,-2.308507101e-16,4.706269377e-31
14.62402234,20.5,trans,1,0,0.1743130298,9.093594085e-17,2.576531759e-18,5.124539347e-16,-2.762384641e-17,2.716480959e-31
14.62402234,20.5,refl,0,0,0.4296482295,1.367985056e-15,2.149607529e-16,-0.7807960944,0.2371210183,0.6658689183
14.62402234,20.5,refl,-1,0,0.1743130298,1.03393921e-16,3.710028686e-17,-5.783863354e-16,2.085946551e-17,3.470326045e-31
14.62402234,20.5,refl,0,-1,0.1743130298,-4.260010288e-17,-5.624610271e-16,-7.378085426e-17,2.307402123e-16,3.768618358e-31
14.62402234,20.5,refl,0,1,0.1743130298,9.008962087e-17,-6.400626435e-16,-7.399450233e-17,2.288540949e-16,4.756457105e-31
14.62402234,20.5,refl,1,0,0.1743130298,9.223656955e-17,5.597001045e-18,-5.082001808e-16,2.344930092e-17,2.673562047e-31
14.4478293,20.75,trans,0,0,0.4348878421,1.250769824e-15,1.973744234e-15,0.1907964065,0.08135600145,0.0430220677
14.4478293,20.75,trans,-1,0,0.1868552017,-2.600338896e-16,1.351627865e-16,2.277075298e-16,-2.143576952e-16,1.836865432e-31
14.4478293,20.75,trans,0,-1,0.1868552017,-1.947529366e-16,4.733201564e-16,-2.858510943e-16,-3.907085804e-17,3.451980568e-31
14.4478293,20.75,trans,0,1,0.1868552017,-1.019437744e-16,3.988954492e-16,-2.863200294e-16,-3.778439467e-17,2.529169323e-31
14.4478293,20.75,trans,1,0,0.1868552017,-2.90307225e-16,1.033200139e-16,1.779291496e-16,-2.19732408e-16,1.748944235e-31
14.4478293,20.75,refl,0,0,0.4348878421,1.449778354e-15,2.166674832e-15,-0.8067302674,0.09339953756,0.659537198
14.4478293,20.75,refl,-1,0,0.1868552017,-2.592554258e-16,1.338275775e-16,-2.27025943e-16,2.180032404e-16,1.841893879e-31
14.4478293,20.75,refl,0,-1,0.1868552017,-1.94449493e-16,4.718917524e-16,2.890062659e-16,4.079742882e-17,3.456814832e-31
14.4478293,20.75,refl,0,1,0.1868552017,-1.016977508e-16,3.972193521e-16,2.899816193e-16,3.925342422e-17,2.537558171e-31
14.4478293,20.75,refl,1,0,0.1868552017,-2.898321709e-16,1.025964878e-16,-1.768672627e-16,2.203302198e-16,1.74356161e-31
14.27583133,21,trans,0,0,0.4401274546,-4.270023722e-15,5.488992846e-15,0.2549154334,-0.1233464826,0.08019623293
14.27583133,21,trans,-1,0,0.1987450818,9.424756661e-17,-7.68986007e-17,-6.689616045e-16,1.55133112e-16,4.863719093e-31
14.27583133,21,trans,0,-1,0.1987450818,-2.071071526e-16,9.941937174e-17,-8.496785881e-17,-2.258181607e-16,1.109909628e-31
14.27583133,21,trans,0,1,0.1987450818,-1.336800162e-16,3.444291166e-17,-8.936624735e-17,-2.280535128e-16,7.905139175e-32
14.27583133,21,trans,1,0,0.1987450818,1.202153751e-16,-1.099457122e-16,-7.171058987e-16,1.530110346e-16,5.641930427e-31
14.27583133,21,refl,0,0,0.4401274546,-4.043855707e-15,5.75032643e-15,-0.7429771659,-0.1093653361,0.5639758458
14.27583133,21,refl,-1,0,0.1987450818,9.37154657e-17,-7.808659666e-17,6.681490173e-16,-1.540999268e-16,4.850500018e-31
14.27583133,21,refl,0,-1,0.1987450818,-2.079479417e-16,1.002157399e-16,8.382200771e-17,2.260062266e-16,1.113904844e-31
14.27583133,21,refl,0,1,0.1987450818,-1.348916339e-16,3.538689395e-17,8.819411264e-17,2.280517493e-16,7.923378702e-32
14.27583133,21,refl,1,0,0.1987450818,1.199474821e-16,-1.111236742e-16,7.163806612e-16,-1.535772582e-16,5.635230954e-31
14.10788038,21.25,trans,0,0,0.4453670672,-8.366258501e-15,1.295421989e-15,0.4900304476,-0.207823539,0.2833204629
14.10788038,21.25,trans,-1,0,0.2100934453,9.665258894e-17,-4.334507502e-16,3.358020654e-16,2.561438074e-16,3.75593953e-31
14.10788038,21.25,trans,0,-1,0.2100934453,8.307125836e-17,-1.693220423e-16,2.575261804e-18,-2.964209465e-17,3.645607373e-32
14.10788038,21.25,trans,0,1,0.2100934453,6.796830895e-17,-3.403840865e-16,2.713715754e-18,-2.718871438e-17,1.212276078e-31
14.10788038,21.25,trans,1,0,0.2100934453,3.844604159e-17,-4.780456182e-16,3.148704447e-16,3.360348279e-16,4.420685136e-31
14.10788038,21.25,refl,0,0,0.4453670672,-8.242617876e-15,1.596363437e-15,-0.5071987082,-0.1934022094,0.2946549442
14.10788038,21.25,refl,-1,0,0.2100934453,9.579122493e-17,-4.342643258e-16,-3.354007728e-16,-2.568988807e-16,3.762521768e-31
14.10788038,21.25,refl,0,-1,0.2100934453,8.208715504e-17,-1.693004306e-16,-2.994343315e-18,3.107301574e-17,3.637543523e-32
14.10788038,21.25,refl,0,1,0.2100934453,6.74632939e-17,-3.417517651e-16,-2.945207759e-18,2.86799108e-17,1.221767765e-31
14.10788038,21.25,refl,1,0,0.2100934453,3.778761942e-17,-4.785977654e-16,-3.14333172e-16,-3.384009652e-16,4.438042815e-31
13.94383526,21.5,trans,0,0,0.4506066797,-6.172185901e-15,-6.654311464e-15,0.7253710874,-0.09703723107,0.5355794386
13.94383526,21.5,trans,-1,0,0.2209837348,5.788069474e-17,-1.773166864e-16,-2.143260702e-16,-2.069868102e-16,1.23570586e-31
13.94383526,21.5,trans,0,-1,0.2209837348,-8.510196647e-17,1.940406569e-16,1.669896949e-16,-2.291112781e-16,1.252716572e-31
13.94383526,21.5,trans,0,1,0.2209837348,-6.581273955e-17,2.460384683e-16,1.634993187e-16,-2.271858168e-16,1.432116672e-31
13.94383526,21.5,trans,1,0,0.2209837348,7.340941029e-17,-1.763763112e-16,-2.100462942e-16,-2.627378821e-16,1.496481851e-31
13.94383526,21.5,refl,0,0,0.4506066797,-6.092083404e-15,-6.405096628e-15,-0.271180726,-0.08185814243,0.08023974163
13.94383526,21.5,refl,-1,0,0.2209837348,5.766245106e-17,-1.758278271e-16,2.113023611e-16,2.090366188e-16,1.225853789e-31
13.94383526,21.5,refl,0,-1,0.2209837348,-8.623965855e-17,1.940197647e-16,-1.684489629e-16,2.277771138e-16,1.253384145e-31
13.94383526,21.5,refl,0,1,0.2209837348,-6.743643594e-17,2.457781404e-16,-1.648889898e-16,2.257356812e-16,1.430995439e-31
13.94383526,21.5,refl,1,0,0.2209837348,7.348029612e-17,-1.747219493e-16,2.070651571e-16,2.63610748e-16,1.482937192e-31
13.78356129,21.75,trans,0,0,0.4558462923,-8.224528233e-16,-7.076553547e-15,0.8073980356,0.1085134484,0.6636667563
13.78356129,21.75,trans,-1,0,0.2314806113,1.974831738e-16,4.162822453e-17,1.297325179e-16,1.036799489e-16,6.831257102e-32
13.78356129,21.75,trans,0,-1,0.2314806113,6.664007707e-17,-7.831573605e-18,4.110509821e-17,5.063574163e-17,8.755840847e-33
13.78356129,21.75,trans,0,1,0.2314806113,7.183137405e-17,-8.44918243e-17,4.141915247e-17,4.330327e-17,1.588933406e-32
13.78356129,21.75,trans,1,0,0.2314806113,2.225937344e-16,5.373256939e-17,1.28563341e-16,1.240210719e-16,8.434491851e-32
13.78356129,21.75,refl,0,0,0.4558462923,-7.728664023e-16,-6.890380223e-15,-0.1887462621,0.12460484,0.05115151759
13.78356129,21.75,refl,-1,0,0.2314806113,1.967780234e-16,4.172321243e-17,-1.32148287e-16,-1.023660738e-16,6.840439975e-32
13.78356129,21.75,refl,0,-1,0.2314806113,6.441618078e-17,-7.314659576e-18,-4.222307826e-17,-5.038055813e-17,8.523937567e-33
13.78356129,21.75,refl,0,1,0.2314806113,6.961517672e-17,-8.402337477e-17,-4.265230087e-17,-4.309528031e-17,1.558262229e-32
13.78356129,21.75,refl,1,0,0.2314806113,2.218733328e-16,5.370205516e-17,-1.306592863e-16,-1.245590125e-16,8.469848323e-32
13.62692991,22,trans,0,0,0.4610859048,2.067341604e-15,-4.353636365e-15,0.7710752323,0.273619215,0.6694244886
13.62692991,22,trans,-1,0,0.241635351,7.761050474e-18,-5.930315186e-17,-3.752522839e-17,5.327944005e-17,7.823939223e-33
13.62692991,22,trans,0,-1,0.241635351,-4.826094226e-17,-1.131579198e-16,4.177168238e-17,3.436632396e-17,1.805975104e-32
13.62692991,22,trans,0,1,0.241635351,-9.157246678e-17,-1.345213575e-16,4.410971946e-17,3.2679431e-17,2.949512486e-32
13.62692991,22,trans,1,0,0.241635351,-4.26294559e-17,-4.657929918e-17,-4.277885523e-17,5.492962787e-17,8.834196094e-33
13.62692991,22,refl,0,0,0.4610859048,2.163270648e-15,-4.182484608e-15,-0.2248807792,0.2905348371,0.1349818564
13.62692991,22,refl,-1,0,0.241635351,6.586373112e-18,-5.821394038e-17,4.034460051e-17,-5.345111038e-17,7.916951157e-33
13.62692991,22,refl,0,-1,0.241635351,-5.025091032e-17,-1.127773777e-16,-4.194466537e-17,-3.488323558e-17,1.822008599e-32
13.62692991,22,refl,0,1,0.241635351,-9.4051369e-17,-1.345165855e-16,-4.420533377e-17,-3.333675584e-17,3.000582262e-32
13.62692991,22,refl,1,0,0.241635351,-4.348328334e-17,-4.566244549e-17,4.60310708e-17,-5.678316027e-17,9.319041628e-33
13.47381834,22.25,trans,0,0,0.4663255174,2.172491346e-15,-2.333406129e-15,0.6753582558,0.357478993,0.5839000042
13.47381834,22.25,trans,-1,0,0.2514894022,-1.130370736e-16,9.052034142e-17,-1.430861247e-16,-4.881635348e-17,4.382798766e-32
13.47381834,22.25,trans,0,-1,0.2514894022,8.237391744e-17,-9.888863634e-17,1.339154869e-17,-8.87001063e-17,2.461146711e-32
13.47381834,22.25,trans,0,1,0.2514894022,9.401717185e-17,-2.092829625e-16,1.069082042e-17,-9.227767461e-17,6.126804988e-32
13.47381834,22.25,trans,1,0,0.2514894022,-1.100116689e-16,1.004518108e-16,-1.377094196e-16,1.470205294e-17,4.137316821e-32
13.47381834,22.25,refl,0,0,0.4663255174,2.289967585e-15,-2.183088173e-15,-0.3205856383,0.375361216,0.243671194
13.47381834,22.25,refl,-1,0,0.2514894022,-1.133528571e-16,9.150115721e-17,1.464014255e-16,4.903229472e-17,4.505887529e-32
13.47381834,22.25,refl,0,-1,0.2514894022,8.098366042e-17,-9.892406659e-17,-1.321491428e-17,9.052998532e-17,2.471463641e-32
13.47381834,22.25,refl,0,1,0.2514894022,9.227131609e-17,-2.096909221e-16,-1.032213594e-17,9.423579012e-17,6.147120919e-32
13.47381834,22.25,refl,1,0,0.2514894022,-1.100508034e-16,1.012784305e-16,1.411075566e-16,-1.607913255e-17,4.253838086e-32
13.32410924,22.5,trans,0,0,0.4715651299,1.948717859e-15,-9.93432273e-16,0.5849023128,0.3997352758,0.5018990063
13.32410924,22.5,trans,-1,0,0.2610768144,2.787311892e-17,9.547432283e-17,2.59747255e-16,-4.333095925e-17,7.923846559e-32
13.32410924,22.5,trans,0,-1,0.2610768144,9.897259775e-17,1.374380835e-16,2.219193893e-17,5.842723742e-17,3.259102614e-32
13.32410924,22.5,trans,0,1,0.2610768144,1.072959071e-16,-1.605378456e-17,2.235651853e-17,5.658229733e-17,1.547150596e-32
13.32410924,22.5,trans,1,0,0.2610768144,3.198421607e-17,7.090118355e-17,2.591671059e-16,3.94097605e-17,7.477068591e-32
13.32410924,22.5,refl,0,0,0.4715651299,2.073554256e-15,-7.465877487e-16,-0.4109982851,0.4185069347,0.3440676447
13.32410924,22.5,refl,-1,0,0.2610768144,2.849706252e-17,9.597673231e-17,-2.634779382e-16,4.5131944e-17,8.148113202e-32
13.32410924,22.5,refl,0,-1,0.2610768144,9.781672258e-17,1.394595346e-16,-2.27830445e-17,-6.181376161e-17,3.335708126e-32
13.32410924,22.5,refl,0,1,0.2610768144,1.056628108e-16,-1.554298772e-17,-2.288182735e-17,-5.984107361e-17,1.551074616e-32
13.32410924,22.5,refl,1,0,0.2610768144,3.314651289e-17,7.152177088e-17,-2.628713378e-16,-4.059106526e-17,7.696302982e-32
13.17769046,22.75,trans,0,0,0.4768047425,1.91174228e-15,-4.171266754e-16,0.5032341149,0.4184703973,0.4283620478
13.17769046,22.75,trans,-1,0,0.2704259486,-1.030912336e-16,-6.910059003e-17,-1.264957023e-16,-1.035003524e-17,3.151097992e-32
13.17769046,22.75,trans,0,-1,0.2704259486,3.048617208e-17,-4.536089006e-17,-2.319815068e-16,-1.926068197e-16,9.389982354e-32
13.17769046,22.75,trans,0,1,0.2704259486,5.114053839e-17,-1.962486519e-16,-2.232718865e-16,-1.989356952e-16,1.305546341e-31
13.17769046,22.75,trans,1,0,0.2704259486,-1.114190141e-16,-6.199834159e-17,-1.368250143e-16,6.737858001e-17,3.951894865e-32
13.17769046,22.75,refl,0,0,0.4768047425,2.045836053e-15,-1.791655577e-16,-0.492603476,0.4380809826,0.4345731319
13.17769046,22.75,refl,-1,0,0.2704259486,-1.021947491e-16,-6.71127113e-17,1.29368125e-16,1.148329518e-17,3.18158606e-32
13.17769046,22.75,refl,0,-1,0.2704259486,3.016968708e-17,-4.461966238e-17,2.322609203e-16,1.895312059e-16,9.276833739e-32
13.17769046,22.75,refl,0,1,0.2704259486,5.049562809e-17,-1.966113803e-16,2.234606093e-16,1.960775233e-16,1.295868824e-31
13.17769046,22.75,refl,1,0,0.2704259486,-1.100951326e-16,-6.002866806e-17,1.399087784e-16,-6.963703029e-17,4.014816146e-32
13.0344547,23,trans,0,0,0.482044355,1.146467195e-15,1.50628754e-16,0.4289192552,0.4232281623,0.3630938048
13.0344547,23,trans,-1,0,0.2795607116,-4.276867066e-17,-3.14593281e-17,-7.549813192e-17,7.31021758e-17,1.386274454e-32
13.0344547,23,trans,0,-1,0.2795607116,-1.706563546e-16,-4.046735197e-17,-4.763642167e-17,-6.87211999e-18,3.307765265e-32
13.0344547,23,trans,0,1,0.2795607116,-2.88183205e-17,-9.533090529e-17,-4.801354007e-17,-7.040692155e-18,1.227334848e-32
13.0344547,23,trans,1,0,0.2795607116,-3.740695729e-17,-5.404665479e-17,-1.530176746e-16,6.666140764e-17,3.217847335e-32
13.0344547,23,refl,0,0,0.482044355,1.269233248e-15,4.034627815e-16,-0.5668458555,0.4436400398,0.5181307088
13.0344547,23,refl,-1,0,0.2795607116,-4.250377935e-17,-3.13371637e-17,7.719031915e-17,-7.217139801e-17,1.395564515e-32
13.0344547,23,refl,0,-1,0.2795607116,-1.717923654e-16,-3.965968815e-17,4.738642615e-17,7.165445137e-18,3.338232465e-32
13.0344547,23,refl,0,1,0.2795607116,-3.002154007e-17,-9.517982662e-17,4.793372006e-17,7.156337971e-18,1.230934696e-32
13.0344547,23,refl,1,0,0.2795607116,-3.712608365e-17,-5.385796014e-17,1.546991092e-16,-6.762556058e-17,3.278405678e-32
12.89429927,23.25,trans,0,0,0.4872839676,5.58550233e-16,-1.600428935e-16,0.3646466779,0.4008824921,0.2936739721
12.89429927,23.25,trans,-1,0,0.2885014667,-1.372030951e-16,3.255967528e-17,5.87309266e-17,-2.73780785e-16,9.829006171e-32
12.89429927,23.25,trans,0,-1,0.2885014667,-1.866234692e-16,-1.894755656e-16,-3.836312916e-17,6.054977377e-17,7.586731402e-32
12.89429927,23.25,trans,0,1,0.2885014667,-1.45970701e-17,-2.703918886e-16,-4.541524977e-17,7.610146257e-17,8.117882539e-32
12.89429927,23.25,trans,1,0,0.2885014667,-8.232998936e-17,-2.096867947e-17,-2.095825967e-17,-2.856561036e-16,8.925657082e-32
12.89429927,23.25,refl,0,0,0.4872839676,6.629110016e-16,1.643514233e-16,-0.6310914665,0.4222721628,0.5765902185
12.89429927,23.25,refl,-1,0,0.2885014667,-1.360885477e-16,3.380377263e-17,-6.055510399e-17,2.750094522e-16,9.895990728e-32
12.89429927,23.25,refl,0,-1,0.2885014667,-1.868916285e-16,-1.870456309e-16,3.871760574e-17,-5.952581167e-17,7.495692409e-32
12.89429927,23.25,refl,0,1,0.2885014667,-1.510653281e-17,-2.689407135e-16,4.606425041e-17,-7.528356022e-17,8.034684432e-32
12.89429927,23.25,refl,1,0,0.2885014667,-8.124572925e-17,-1.954976364e-17,1.935506731e-17,2.846850258e-16,8.840324435e-32
12.75712587,23.5,trans,0,0,0.4925235802,3.38391702e-16,-1.895431209e-16,0.3062232965,0.3738927615,0.2335685044
12.75712587,23.5,trans,-1,0,0.2972657199,2.282621767e-18,7.767274865e-17,3.81108642e-16,-1.241400699e-16,1.666928202e-31
12.75712587,23.5,trans,0,-1,0.2972657199,-3.481281883e-16,-1.531018507e-16,6.069173962e-17,2.969397348e-17,1.491986315e-31
12.75712587,23.5,trans,0,1,0.2972657199,-1.527054145e-16,-2.245850466e-16,5.647303231e-17,3.036799227e-17,7.786880511e-32
12.75712587,23.5,trans,1,0,0.2972657199,4.565307036e-17,-1.330226554e-17,2.837938342e-16,-1.357979592e-16,1.012411792e-31
12.75712587,23.5,refl,0,0,0.4925235802,4.408948526e-16,1.572538116e-16,-0.6894949081,0.3962325212,0.6324034392
12.75712587,23.5,refl,-1,0,0.2972657199,2.885546976e-18,7.935946968e-17,-3.819122852e-16,1.23781399e-16,1.674850801e-31
12.75712587,23.5,refl,0,-1,0.2972657199,-3.492786443e-16,-1.496471718e-16,-6.054307944e-17,-3.218024022e-17,1.490908797e-31
12.75712587,23.5,refl,0,1,0.2972657199,-1.538825959e-16,-2.221874382e-16,-5.616226863e-17,-3.300049133e-17,7.729034386e-32
12.75712587,23.5,refl,1,0,0.2972657199,4.631881749e-17,-1.134227094e-17,-2.842982055e-16,1.331691234e-16,1.008335651e-31
12.62284034,23.75,trans,0,0,0.4977631927,-1.878244136e-16,-2.49052222e-16,0.2519610388,0.3426703532,0.180907336
12.62284034,23.75,trans,-1,0,0.3058686438,5.330094693e-17,-7.871702541e-17,3.468120816e-16,-1.520412344e-16,1.52432518e-31
12.62284034,23.75,trans,0,-1,0.3058686438,-4.437918003e-16,-1.050286956e-16,-1.145144629e-16,3.345698184e-17,2.222151207e-31
12.62284034,23.75,trans,0,1,0.3058686438,-3.248016903e-16,-1.113202268e-16,-1.095085377e-16,3.507849837e-17,1.311109518e-31
12.62284034,23.75,trans,1,0,0.3058686438,5.91585725e-17,-1.030351645e-16,2.477032089e-16,-1.564088574e-16,9.993659221e-32
12.62284034,23.75,refl,0,0,0.4977631927,-1.125565456e-16,2.635351898e-17,-0.7437492101,0.3659310005,0.6870683846
12.62284034,23.75,refl,-1,0,0.3058686438,5.259340748e-17,-8.10811897e-17,-3.465402493e-16,1.520932685e-16,1.525627325e-31
12.62284034,23.75,refl,0,-1,0.3058686438,-4.419843306e-16,-1.011976234e-16,1.14292298e-16,-3.493973462e-17,2.19874622e-31
12.62284034,23.75,refl,0,1,0.3058686438,-3.232841537e-16,-1.086013232e-16,1.092893651e-16,-3.661963419e-17,1.295920543e-31
12.62284034,23.75,refl,1,0,0.3058686438,5.874753324e-17,-1.051198842e-16,-2.470788828e-16,1.539876392e-16,9.926163008e-32
12.49135242,24,trans,0,0,0.5030028053,-4.102673201e-16,-4.113015059e-17,0.2008134502,0.3071637066,0.1346755845
12.49135242,24,trans,-1,0,0.3143234852,7.602635443e-17,3.594239529e-17,6.235389073e-16,5.629324606e-17,3.990415609e-31
12.49135242,24,trans,0,-1,0.3143234852,-4.758446776e-16,-5.659357004e-17,-9.094345443e-17,5.077671219e-17,2.404799757e-31
12.49135242,24,trans,0,1,0.3143234852,-3.543760811e-16,-9.720731334e-17,-8.750487343e-17,5.156266902e-17,1.453474803e-31
12.49135242,24,trans,1,0,0.3143234852,7.946267542e-17,2.606586264e-17,5.594923798e-16,5.197595276e-17,3.227269687e-31
12.49135242,24,refl,0,0,0.5030028053,-3.685323548e-16,2.753808516e-16,-0.7949044425,0.3313148629,0.741642611
12.49135242,24,refl,-1,0,0.3143234852,7.701566449e-17,3.36005733e-17,-6.273036391e-16,-5.682709674e-17,4.037995857e-31
12.49135242,24,refl,0,-1,0.3143234852,-4.782068962e-16,-5.118281719e-17,9.133582245e-17,-5.033717857e-17,2.421775803e-31
12.49135242,24,refl,0,1,0.3143234852,-3.570396834e-16,-9.305695902e-17,8.791078286e-17,-5.116371819e-17,1.464829649e-31
12.49135242,24,refl,1,0,0.3143234852,8.062094171e-17,2.3888163e-17,-5.630228608e-16,-5.494984721e-17,3.270846081e-31
12.36257559,24.25,trans,0,0,0.5082424178,-2.469152914e-16,-1.149321618e-16,0.166146195,0.2594266407,0.09490673999
12.36257559,24.25,trans,-1,0,0.3226418859,-9.377393986e-17,1.064772133e-16,2.984963622e-16,-9.82197504e-18,1.093274982e-31
12.36257559,24.25,trans,0,-1,0.3226418859,-3.008065532e-16,-1.068377255e-18,-9.479571547e-18,3.114305854e-17,9.154547623e-32
12.36257559,24.25,trans,0,1,0.3226418859,-1.6511127e-16,-5.459433722e-17,-1.614666088e-17,3.475474363e-17,3.171088001e-32
12.36257559,24.25,trans,1,0,0.3226418859,-5.962996047e-17,6.582466146e-17,2.534176726e-16,-1.867519801e-17,7.245789803e-32
12.36257559,24.25,refl,0,0,0.5082424178,-1.974655083e-16,2.257029986e-16,-0.8296284745,0.284429199,0.7691833749
12.36257559,24.25,refl,-1,0,0.3226418859,-9.258079643e-17,1.065892347e-16,-2.989627865e-16,9.797459835e-18,1.094072068e-31
12.36257559,24.25,refl,0,-1,0.3226418859,-3.003391431e-16,1.116557371e-18,9.700539955e-18,-3.066958634e-17,9.123957158e-32
12.36257559,24.25,refl,0,1,0.3226418859,-1.647393681e-16,-5.411150983e-17,1.668425558e-17,-3.4400914e-17,3.152890218e-32
12.36257559,24.25,refl,1,0,0.3226418859,-5.838966085e-17,6.613361497e-17,-2.537458667e-16,1.654929312e-17,7.244385149e-32
12.23642686,24.5,trans,0,0,0.5134820304,-2.637027469e-16,1.18570993e-16,0.1347627878,0.2087694938,0.06174571052
12.23642686,24.5,trans,-1,0,0.3308341378,-8.592464513e-18,-1.044733304e-16,3.995307504e-19,1.218871054e-16,2.584513328e-32
12.23642686,24.5,trans,0,-1,0.3308341378,-5.905649281e-17,1.169405045e-16,3.30593677e-17,-1.062405076e-16,2.954271818e-32
12.23642686,24.5,trans,0,1,0.3308341378,4.455638636e-17,8.255145206e-17,3.00610253e-17,-1.022355834e-16,2.015579357e-32
12.23642686,24.5,trans,1,0,0.3308341378,1.129083518e-17,-1.462594734e-16,-5.01766969e-17,1.132578556e-16,3.686435928e-32
12.23642686,24.5,refl,0,0,0.5134820304,-2.265607214e-16,4.808516071e-16,-0.8610866674,0.2345813881,0.7964986765
12.23642686,24.5,refl,-1,0,0.3308341378,-9.355611758e-18,-1.050817118e-16,2.412417673e-18,-1.203044027e-16,2.560866268e-32
12.23642686,24.5,refl,0,-1,0.3308341378,-5.822713565e-17,1.173136223e-16,-3.2997555e-17,1.050407747e-16,2.927528829e-32
12.23642686,24.5,refl,0,1,0.3308341378,4.537971723e-17,8.120878363e-17,-2.967114519e-17,1.009496626e-16,1.972539651e-32
12.23642686,24.5,refl,1,0,0.3308341378,1.054019366e-17,-1.466725017e-16,5.313354315e-17,-1.143146929e-16,3.751494086e-32
12.11282659,24.75,trans,0,0,0.5187216429,-5.361052126e-16,2.906021956e-16,0.106920026,0.1547354524,0.0353749522
12.11282659,24.75,trans,-1,0,0.3389093892,1.017506273e-16,1.287612644e-17,9.647106839e-17,5.797635194e-17,2.318690921e-32
12.11282659,24.75,trans,0,-1,0.3389093892,-7.154368807e-17,4.242471711e-17,1.976492913e-17,-1.856130064e-17,7.653530229e-33
12.11282659,24.75,trans,0,1,0.3389093892,7.726805266e-17,4.058660506e-18,1.589677671e-17,-1.743636233e-17,6.543558929e-33
12.11282659,24.75,trans,1,0,0.3389093892,1.39343322e-16,-3.090374166e-17,1.669399027e-17,5.20348335e-17,2.335791585e-32
12.11282659,24.75,refl,0,0,0.5187216429,-5.019251272e-16,6.537499176e-16,-0.8890217745,0.1813134026,0.8232342655
12.11282659,24.75,refl,-1,0,0.3389093892,1.019733428e-16,1.358770566e-17,-9.586846554e-17,-5.691954951e-17,2.30137862e-32
12.11282659,24.75,refl,0,-1,0.3389093892,-7.093856135e-17,4.391726342e-17,-1.997493676e-17,1.637531047e-17,7.628154404e-33
12.11282659,24.75,refl,0,1,0.3389093892,7.780520118e-17,3.556874796e-18,-1.591411917e-17,1.516163608e-17,6.549435087e-33
12.11282659,24.75,refl,1,0,0.3389093892,1.395954223e-16,-3.001644604e-17,-1.592740796e-17,-5.400103732e-17,2.355766332e-32
11.99169832,25,trans,0,0,0.5239612555,-3.653898007e-16,5.6725016e-16,0.0831457494,0.09688784258,0.01630046968
11.99169832,25,trans,-1,0,0.3468758113,-2.171962774e-17,-7.43901419e-18,-6.500175411e-16,-7.563748806e-17,4.287709145e-31
11.99169832,25,trans,0,-1,0.3468758113,1.936425435e-16,4.052403129e-16,9.270184751e-17,-4.629638155e-18,2.10332212e-31
11.99169832,25,trans,0,1,0.3468758113,3.572170754e-16,3.920252935e-16,8.407962894e-17,-2.945761548e-18,2.883659312e-31
11.99169832,25,trans,1,0,0.3468758113,-2.728093583e-17,-1.031631409e-17,-7.14600782e-16,-8.158923797e-17,5.181617572e-31
11.99169832,25,refl,0,0,0.5239612555,-3.328205179e-16,9.439137786e-16,-0.9129045085,0.12418724,0.8488171123
11.99169832,25,refl,-1,0,0.3468758113,-2.138265343e-17,-7.986361126e-18,6.50102923e-16,8.014641565e-17,4.295782583e-31
11.99169832,25,refl,0,-1,0.3468758113,1.990466867e-16,4.025463422e-16,-9.310096075e-17,8.382706744e-19,2.103316327e-31
11.99169832,25,refl,0,1,0.3468758113,3.625998006e-16,3.871752692e-16,-8.410371578e-17,-8.734090003e-19,2.884575024e-31
11.99169832,25,refl,1,0,0.3468758113,-2.690582726e-17,-1.080574042e-17,7.149357827e-16,8.293492821e-17,5.188520633e-31
11.87296863,25.25,trans,0,0,0.529200868,-2.587653852e-16,2.477948622e-16,0.07698240529,0.03774676358,0.007351108884
11.87296863,25.25,trans,-1,0,0.3547407363,-3.453744632e-17,1.006161836e-17,1.39051156e-16,1.521006265e-16,4.376389592e-32
11.87296863,25.25,trans,0,-1,0.3547407363,-7.104591105e-17,1.538877798e-16,2.720172345e-17,2.660874963e-17,3.017692957e-32
11.87296863,25.25,trans,0,1,0.3547407363,1.091092998e-16,1.226853477e-16,2.30634108e-17,2.598018437e-17,2.816342476e-32
11.87296863,25.25,trans,1,0,0.3547407363,3.874995558e-17,6.66645977e-18,7.235408441e-17,1.499629016e-16,2.926998614e-32
11.87296863,25.25,refl,0,0,0.529200868,-2.50250649e-16,5.987168568e-16,-0.9191831795,0.06550116053,0.8491881194
11.87296863,25.25,refl,-1,0,0.3547407363,-3.439125995e-17,9.508494957e-18,-1.376393196e-16,-1.505634665e-16,4.288710998e-32
11.87296863,25.25,refl,0,-1,0.3547407363,-6.973825947e-17,1.53809658e-16,-2.771497908e-17,-2.800531378e-17,3.007325339e-32
11.87296863,25.25,refl,0,1,0.3547407363,1.107410027e-16,1.205841621e-16,-2.330132674e-17,-2.740174858e-17,2.809791746e-32
11.87296863,25.25,refl,1,0,0.3547407363,3.871265212e-17,6.1469933e-18,-7.056916561e-17,-1.515577613e-16,2.948621712e-32
11.75656698,25.5,trans,0,0,0.5344404806,1.126757699e-16,4.52376256e-16,0.07595778763,-0.02396675821,0.006343991001
11.75656698,25.5,trans,-1,0,0.3625107702,-1.167656933e-16,-1.574840789e-17,-1.482961957e-16,-5.49904759e-17,3.889795358e-32
11.75656698,25.5,trans,0,-1,0.3625107702,-4.944207775e-17,2.377484372e-16,7.031541973e-17,5.229196649e-19,6.391337014e-32
11.75656698,25.5,trans,0,1,0.3625107702,9.657016662e-17,2.135948993e-16,6.518416554e-17,3.327375679e-19,5.919766422e-32
11.75656698,25.5,trans,1,0,0.3625107702,-6.390994259e-17,-4.743728569e-17,-2.167294731e-16,-5.765431656e-17,5.663046155e-32
11.75656698,25.5,refl,0,0,0.5344404806,9.449076598e-17,7.783021263e-16,-0.9203187228,0.004199632988,0.8470041885
11.75656698,25.5,refl,-1,0,0.3625107702,-1.169873852e-16,-1.501134625e-17,1.482120702e-16,5.637750734e-17,3.90566299e-32
11.75656698,25.5,refl,0,-1,0.3625107702,-4.758363928e-17,2.38301321e-16,-7.047897776e-17,-1.023335626e-18,6.402005582e-32
11.75656698,25.5,refl,0,1,0.3625107702,9.872507753e-17,2.119069027e-16,-6.509747773e-17,-8.597335203e-19,5.888959709e-32
11.75656698,25.5,refl,1,0,0.3625107702,-6.43154772e-17,-4.664707885e-17,2.170747833e-16,5.603959928e-17,5.657432879e-32
11.64242555,25.75,trans,0,0,0.5396800932,3.732669589e-16,3.729855171e-16,0.08133527281,-0.08865878224,0.01447580627
11.64242555,25.75,trans,-1,0,0.3701918883,-3.382268091e-17,1.046220458e-17,-1.57696149e-17,2.888233614e-17,2.336301563e-33
11.64242555,25.75,trans,0,-1,0.3701918883,1.620751887e-16,1.868248569e-16,-4.212260142e-17,1.24702268e-16,7.849686314e-32
11.64242555,25.75,trans,0,1,0.3701918883,3.073799275e-16,1.708509766e-16,-3.771669662e-17,1.276146827e-16,1.413805324e-31
11.64242555,25.75,trans,1,0,0.3701918883,3.594838157e-17,1.515204938e-17,-9.622669688e-17,2.195020232e-17,1.126325931e-32
11.64242555,25.75,refl,0,0,0.5396800932,3.264877806e-16,7.356580822e-16,-0.9150410637,-0.06011913266,0.8409144584
11.64242555,25.75,refl,-1,0,0.3701918883,-3.356404514e-17,1.030009607e-17,1.882628204e-17,-2.680522314e-17,2.305585989e-33
11.64242555,25.75,refl,0,-1,0.3701918883,1.629456972e-16,1.854966508e-16,4.143587524e-17,-1.266523442e-16,7.871805575e-32
11.64242555,25.75,refl,0,1,0.3701918883,3.087220024e-16,1.672608866e-16,3.719331951e-17,-1.296316292e-16,1.414731812e-31
11.64242555,25.75,refl,1,0,0.3701918883,3.614237219e-17,1.497924089e-17,9.964238296e-17,-2.310509432e-17,1.199309859e-32
11.53047915,26,trans,0,0,0.5449197057,8.531507922e-16,7.178267026e-16,0.09528879122,-0.1573244499,0.03383093627
11.53047915,26,trans,-1,0,0.377789514,-3.108715264e-17,1.595101152e-17,-4.271205232e-18,-2.402869424e-17,1.816467169e-33
11.53047915,26,trans,0,-1,0.377789514,-3.72695534e-17,2.46065358e-17,-2.538136868e-17,-2.799949028e-17,3.422686547e-33
11.53047915,26,trans,0,1,0.377789514,7.947953564e-17,1.897684524e-17,-2.690525859e-17,-2.4004808e-17,7.977240987e-33
11.53047915,26,trans,1,0,0.377789514,-1.190889197e-17,-3.704284171e-18,-6.480231887e-17,-2.564526409e-17,5.01256353e-33
11.53047915,26,refl,0,0,0.5449197057,7.785917304e-16,1.044100695e-15,-0.9011642454,-0.128441419,0.8285941953
11.53047915,26,refl,-1,0,0.377789514,-3.101954254e-17,1.506082873e-17,7.264062863e-18,2.524843158e-17,1.879290488e-33
11.53047915,26,refl,0,-1,0.377789514,-3.482833756e-17,2.511479226e-17,2.48730181e-17,2.472466345e-17,3.0737419e-33
11.53047915,26,refl,0,1,0.377789514,8.244095799e-17,1.705058644e-17,2.668065766e-17,2.072410359e-17,8.228580016e-33
11.53047915,26,refl,1,0,0.377789514,-1.195402716e-17,-4.491697684e-18,6.84141748e-17,2.357716092e-17,5.399455944e-33
11.42066507,26.25,trans,0,0,0.5501593183,1.778015373e-16,8.036020148e-16,0.12867998,-0.2254645217,0.06739278779
11.42066507,26.25,trans,-1,0,0.3853085863,1.622954501e-16,-4.340443928e-17,7.300545117e-18,1.455426843e-16,4.94597294e-32
11.42066507,26.25,trans,0,-1,0.3853085863,1.643807799e-16,-4.950659714e-17,-4.448637978e-17,-5.768527126e-17,3.477857247e-32
11.42066507,26.25,trans,0,1,0.3853085863,2.238688978e-16,-5.613580185e-17,-3.452111024e-17,-5.216257869e-17,5.718115331e-32
11.42066507,26.25,trans,1,0,0.3853085863,2.018819825e-16,-1.862691078e-17,-7.491327331e-17,1.344866864e-16,6.480196402e-32
11.42066507,26.25,refl,0,0,0.5501593183,8.046064073e-17,1.170250899e-15,-0.8677832906,-0.1965660493,0.7916860511
11.42066507,26.25,refl,-1,0,0.3853085863,1.615192056e-16,-4.358638371e-17,-6.726495856e-18,-1.438752027e-16,4.873354631e-32
11.42066507,26.25,refl,0,-1,0.3853085863,1.59742674e-16,-4.92915339e-17,4.433669793e-17,5.940628087e-17,3.344222619e-32
11.42066507,26.25,refl,0,1,0.3853085863,2.197200848e-16,-5.776582105e-17,3.430785789e-17,5.381369363e-17,5.56867485e-32
11.42066507,26.25,refl,1,0,0.3853085863,2.009816301e-16,-1.87090369e-17,7.550608423e-17,-1.361196635e-16,6.497337523e-32
11.31292294,26.5,trans,0,0,0.5553989308,-1.492617759e-15,1.772083903e-15,0.2385522405,-0.3346663046,0.1689087069
11.31292294,26.5,trans,-1,0,0.3927536169,1.11143656e-16,1.124930076e-16,4.493835854e-16,-9.091639797e-16,1.053532338e-30
11.31292294,26.5,trans,0,-1,0.3927536169,5.723942542e-16,6.730305899e-16,9.223779871e-18,5.348729921e-16,1.066779553e-30
11.31292294,26.5,trans,0,1,0.3927536169,7.465673905e-16,3.40052596e-17,-4.938133557e-18,5.852312913e-16,9.010392757e-31
11.31292294,26.5,trans,1,0,0.3927536169,1.128146188e-16,-3.742466938e-16,4.277458136e-16,-9.983234227e-16,1.332403863e-30
11.31292294,26.5,trans,-1,-1,0.00654483146,-0.0256806238,0.04975278025,-0.005832718046,-0.01584749829,0.003419997383
11.31292294,26.5,trans,-1,1,0.00654483146,-0.0256806238,0.04975278025,0.005832718046,0.01584749829,0.003419997383
11.31292294,26.5,trans,1,-1,0.00654483146,0.02568062376,-0.04975278025,-0.005832718037,-0.01584749828,0.003419997381
11.31292294,26.5,trans,1,1,0.00654483146,0.02568062376,-0.04975278025,0.005832718037,0.01584749828,0.003419997381
11.31292294,26.5,refl,0,0,0.5553989308,-1.667633513e-15,1.995476997e-15,-0.7576877104,-0.3051596154,0.6672130573
11.31292294,26.5,refl,-1,0,0.3927536169,1.108331938e-16,1.157502582e-16,-4.47476926e-16,9.125435231e-16,1.0586534e-30
11.31292294,26.5,refl,0,-1,0.3927536169,5.697947654e-16,6.680274072e-16,-9.779005718e-18,-5.338360501e-16,1.056003249e-30
11.31292294,26.5,refl,0,1,0.3927536169,7.396797596e-16,2.148516376e-17,4.916986996e-18,-5.850067683e-16,8.898448548e-31
11.31292294,26.5,refl,1,0,0.3927536169,1.098944926e-16,-3.704216693e-16,-4.247580657e-16,9.984911523e-16,1.326693008e-30
11.31292294,26.5,refl,-1,-1,0.00654483146,-0.02675250603,0.04963933205,0.0164065842,-0.002500053636,0.003455186138
11.31292294,26.5,refl,-1,1,0.00654483146,-0.02675250603,0.04963933205,-0.0164065842,0.002500053636,0.003455186138
11.31292294,26.5,refl,1,-1,0.00654483146,0.026752506,-0.04963933205,0.0164065842,-0.002500053638,0.003455186137
11.31292294,26.5,refl,1,1,0.00654483146,0.026752506,-0.04963933205,-0.0164065842,0.002500053638,0.003455186137
11.20719469,26.75,trans,0,0,0.5606385434,-3.1074947e-16,5.141843801e-16,0.2919900641,-0.2515728501,0.1485470964
11.20719469,26.75,trans,-1,0,0.4001287387,-1.239990721e-16,-1.120738207e-16,7.726116658e-17,7.443891275e-17,3.944675075e-32
11.20719469,26.75,trans,0,-1,0.4001287387,-3.338939442e-17,-3.189718312e-17,-1.179316417e-16,-9.869184358e-18,1.613755487e-32
11.20719469,26.75,trans,0,1,0.4001287387,8.157517697e-17,-1.079309902e-17,-1.104226145e-16,-1.058380744e-17,1.907617127e-32
11.20719469,26.75,trans,1,0,0.4001287387,-8.312651519e-17,-1.034061304e-16,1.393868133e-17,8.540951576e-17,2.509191754e-32
11.20719469,26.75,trans,-1,-1,0.076749194,-0.1044666132,0.1059256909,-0.007867388455,-0.04281534771,0.02402857506
11.20719469,26.75,trans,-1,1,0.076749194,-0.1044666132,0.1059256909,0.007867388455,0.04281534771,0.02402857506
11.20719469,26.75,trans,1,-1,0.076749194,0.1044666131,-0.1059256909,-0.007867388451,-0.0428153477,0.02402857503
11.20719469,26.75,trans,1,1,0.076749194,0.1044666131,-0.1059256909,0.007867388451,0.0428153477,0.02402857503
11.20719469,26.75,refl,0,0,0.5606385434,-4.218236493e-16,7.342007546e-16,-0.7049801351,-0.2223404941,0.5464322862
11.20719469,26.75,refl,-1,0,0.4001287387,-1.256096008e-16,-1.117023977e-16,-7.971793098e-17,-7.26964139e-17,3.989491458e-32
11.20719469,26.75,refl,0,-1,0.4001287387,-3.324760047e-17,-3.125013792e-17,1.177530112e-16,8.672778997e-18,1.602296281e-32
11.20719469,26.75,refl,0,1,0.4001287387,8.240090679e-17,-1.187779651e-17,1.103360294e-16,9.52636026e-18,1.91957824e-32
11.20719469,26.75,refl,1,0,0.4001287387,-8.503474673e-17,-1.03165236e-16,-1.574686729e-17,-8.672885826e-17,2.564383275e-32
11.20719469,26.75,refl,-1,-1,0.076749194,-0.106126458,0.104700827,0.01080819898,0.03998921123,0.02394104245
11.20719469,26.75,refl,-1,1,0.076749194,-0.106126458,0.104700827,-0.01080819898,-0.03998921123,0.02394104245
11.20719469,26.75,refl,1,-1,0.076749194,0.1061264579,-0.104700827,0.01080819898,0.03998921122,0.02394104242
11.20719469,26.75,refl,1,1,0.076749194,0.1061264579,-0.104700827,-0.01080819898,-0.03998921122,0.02394104242
11.10342437,27,trans,0,0,0.5658781559,-2.600817692e-16,2.674783817e-16,0.3031259426,-0.2418028088,0.1503539354
11.10342437,27,trans,-1,0,0.4074377481,6.873762972e-17,8.415263503e-17,2.29538897e-16,1.076675367e-16,7.608693143e-32
11.10342437,27,trans,0,-1,0.4074377481,1.74811399e-16,1.481989285e-16,-1.631674846e-17,5.02760967e-18,5.281346078e-32
11.10342437,27,trans,0,1,0.4074377481,2.790674111e-16,1.378137323e-16,-1.850264132e-17,1.24352404e-17,9.736822768e-32
11.10342437,27,trans,1,0,0.4074377481,9.217390997e-17,1.649145204e-17,1.674121583e-16,1.128119472e-16,4.952136386e-32
11.10342437,27,trans,-1,-1,0.108595349,-0.1230489383,0.0965709165,0.003149886917,-0.05140194819,0.0271190652
11.10342437,27,trans,-1,1,0.108595349,-0.1230489383,0.0965709165,-0.003149886917,0.05140194819,0.0271190652
11.10342437,27,trans,1,-1,0.108595349,0.1230489382,-0.09657091643,0.00314988692,-0.05140194819,0.02711906516
11.10342437,27,trans,1,1,0.108595349,0.1230489382,-0.09657091643,-0.00314988692,0.05140194819,0.02711906516
11.10342437,27,refl,0,0,0.5658781559,-3.909141486e-16,5.707117593e-16,-0.6940871754,-0.2128015456,0.5270415049
11.10342437,27,refl,-1,0,0.4074377481,6.948512134e-17,8.422446197e-17,-2.284549954e-16,-1.071668394e-16,7.559835846e-32
11.10342437,27,refl,0,-1,0.4074377481,1.737030352e-16,1.473357062e-16,1.668062337e-17,-3.798561035e-18,5.217322701e-32
11.10342437,27,refl,0,1,0.4074377481,2.782798245e-16,1.34380921e-16,1.886251503e-17,-1.12095016e-17,9.597934004e-32
11.10342437,27,refl,1,0,0.4074377481,9.277125666e-17,1.629417851e-17,-1.65681943e-16,-1.153182174e-16,4.962080381e-32
11.10342437,27,refl,-1,-1,0.108595349,-0.1242365961,0.09496450752,-0.0009865628769,0.05026116455,0.02698014746
11.10342437,27,refl,-1,1,0.108595349,-0.1242365961,0.09496450752,0.0009865628769,-0.05026116455,0.02698014746
11.10342437,27,refl,1,-1,0.108595349,0.124236596,-0.09496450744,-0.0009865628766,0.05026116454,0.02698014743
11.10342437,27,refl,1,1,0.108595349,0.124236596,-0.09496450744,0.0009865628766,-0.05026116454,0.02698014743
11.00155809,27.25,trans,0,0,0.5711177685,-2.545494179e-16,1.187863909e-16,0.312218384,-0.242734846,0.1564005248
11.00155809,27.25,trans,-1,0,0.4146841409,-5.180524583e-17,2.787504587e-17,1.034514217e-16,1.20108846e-16,2.858913321e-32
11.00155809,27.25,trans,0,-1,0.4146841409,-9.045012041e-17,-1.146906935e-16,7.816154839e-17,5.24396303e-18,2.747190625e-32
11.00155809,27.25,trans,0,1,0.4146841409,3.484791534e-17,-1.266449802e-16,5.9971989e-17,1.415444803e-17,2.105031607e-32
11.00155809,27.25,trans,1,0,0.4146841409,-2.428672976e-17,7.012872497e-19,5.021844456e-17,1.187471243e-16,1.721310876e-32
11.00155809,27.25,trans,-1,-1,0.1332305068,-0.1312803451,0.08452806324,0.01223270135,-0.05493444127,0.02754695431
11.00155809,27.25,trans,-1,1,0.1332305068,-0.1312803451,0.08452806324,-0.01223270135,0.05493444127,0.02754695431
11.00155809,27.25,trans,1,-1,0.1332305068,0.131280345,-0.08452806316,0.01223270135,-0.05493444126,0.02754695427
11.00155809,27.25,trans,1,1,0.1332305068,0.131280345,-0.08452806316,-0.01223270135,0.05493444126,0.02754695427
11.00155809,27.25,refl,0,0,0.5711177685,-4.075324953e-16,3.573992908e-16,-0.6850940282,-0.2142875623,0.5152729868
11.00155809,27.25,refl,-1,0,0.4146841409,-5.093420262e-17,2.940836374e-17,-1.045039866e-16,-1.183780092e-16,2.839358113e-32
11.00155809,27.25,refl,0,-1,0.4146841409,-9.266458161e-17,-1.135442961e-16,-7.842576012e-17,-5.954010304e-18,2.766508195e-32
11.00155809,27.25,refl,0,1,0.4146841409,3.312448053e-17,-1.280310528e-16,-6.016256029e-17,-1.491967839e-17,2.133131215e-32
11.00155809,27.25,refl,1,0,0.4146841409,-2.363689425e-17,1.945862415e-18,-5.06591635e-17,-1.201378123e-16,1.756193393e-32
11.00155809,27.25,refl,-1,-1,0.1332305068,-0.1319118153,0.08284026028,-0.01092564919,0.05453920313,0.02735713024
11.00155809,27.25,refl,-1,1,0.1332305068,-0.1319118153,0.08284026028,0.01092564919,-0.05453920313,0.02735713024
11.00155809,27.25,refl,1,-1,0.1332305068,0.1319118152,-0.0828402602,-0.01092564919,0.05453920312,0.0273571302
11.00155809,27.25,refl,1,1,0.1332305068,0.1319118152,-0.0828402602,0.01092564919,-0.05453920312,0.0273571302
10.90154393,27.5,trans,0,0,0.576357381,-2.47892586e-16,-9.74559564e-17,0.3213646593,-0.251177363,0.166365312
10.90154393,27.5,trans,-1,0,0.4218711437,1.845042302e-17,-6.372424548e-18,1.519404099e-16,2.667454443e-16,9.462004614e-32
10.90154393,27.5,trans,0,-1,0.4218711437,-2.294540775e-19,-9.324929413e-17,-9.734616684e-17,-2.128413858e-17,1.862477426e-32
10.90154393,27.5,trans,0,1,0.4218711437,1.287706924e-16,-9.060665057e-17,-1.148270445e-16,-1.622254541e-17,3.823987749e-32
10.90154393,27.5,trans,1,0,0.4218711437,7.818446075e-17,-2.626460063e-17,1.105799886e-16,2.679378921e-16,9.082128703e-32
10.90154393,27.5,trans,-1,-1,0.1541515266,-0.1359174069,0.07255563438,0.0199405033,-0.05608801341,0.02728135049
10.90154393,27.5,trans,-1,1,0.1541515266,-0.1359174069,0.07255563438,-0.0199405033,0.05608801341,0.02728135049
10.90154393,27.5,trans,1,-1,0.1541515266,0.1359174068,-0.0725556343,0.0199405033,-0.0560880134,0.02728135045
10.90154393,27.5,trans,1,1,0.1541515266,0.1359174068,-0.0725556343,-0.0199405033,0.0560880134,0.02728135045
10.90154393,27.5,refl,0,0,0.576357381,-4.186142031e-16,1.138639304e-16,-0.6759732603,-0.2232579276,0.5067839508
10.90154393,27.5,refl,-1,0,0.4218711437,1.756931415e-17,-7.403438347e-18,-1.498245275e-16,-2.64925538e-16,9.299642141e-32
10.90154393,27.5,refl,0,-1,0.4218711437,2.16288442e-18,-9.395859952e-17,9.708161452e-17,2.335702569e-17,1.880328702e-32
10.90154393,27.5,refl,0,1,0.4218711437,1.318992891e-16,-9.392413159e-17,1.144952646e-16,1.820967653e-17,3.965992291e-32
10.90154393,27.5,refl,1,0,0.4218711437,7.717917957e-17,-2.768656764e-17,-1.076169668e-16,-2.695894489e-16,9.098305428e-32
10.90154393,27.5,refl,-1,-1,0.1541515266,-0.1360786723,0.07090678089,-0.019348205,0.05603759267,0.02705974145
10.90154393,27.5,refl,-1,1,0.1541515266,-0.1360786723,0.07090678089,0.019348205,-0.05603759267,0.02705974145
10.90154393,27.5,refl,1,-1,0.1541515266,0.1360786722,-0.0709067808,-0.019348205,0.05603759265,0.02705974141
10.90154393,27.5,refl,1,1,0.1541515266,0.1360786722,-0.0709067808,0.019348205,-0.05603759265,0.02705974141
10.80333182,27.75,trans,0,0,0.5815969936,-2.72523369e-16,-4.093631568e-16,0.3313621582,-0.2638464461,0.179415827
10.80333182,27.75,trans,-1,0,0.4290017415,-2.22462758e-17,4.428936958e-17,-7.552035073e-17,1.890576594e-17,8.517196406e-33
10.80333182,27.75,trans,0,-1,0.4290017415,-1.97286258e-16,-4.967815811e-17,5.793748472e-17,4.689355241e-17,4.694554438e-32
10.80333182,27.75,trans,0,1,0.4290017415,-7.244430002e-17,-5.16489405e-17,4.120677074e-17,4.764137962e-17,1.188348867e-32
10.80333182,27.75,trans,1,0,0.4290017415,4.212953216e-17,3.043265373e-17,-1.176143539e-16,2.710537432e-17,1.726888145e-32
10.80333182,27.75,trans,-1,-1,0.1727134199,-0.1386472591,0.06098923168,0.02662614903,-0.05575719777,0.02676056574
10.80333182,27.75,trans,-1,1,0.1727134199,-0.1386472591,0.06098923168,-0.02662614903,0.05575719777,0.02676056574
10.80333182,27.75,trans,1,-1,0.1727134199,0.138647259,-0.06098923159,0.02662614903,-0.05575719776,0.02676056571
10.80333182,27.75,trans,1,1,0.1727134199,0.138647259,-0.06098923159,-0.02662614903,0.05575719776,0.02676056571
10.80333182,27.75,refl,0,0,0.5815969936,-4.837343844e-16,-1.907883794e-16,-0.6659502052,-0.2364313619,0.4993894646
10.80333182,27.75,refl,-1,0,0.4290017415,-2.20193828e-17,4.431182263e-17,7.637340557e-17,-1.715731571e-17,8.575661404e-33
10.80333182,27.75,refl,0,-1,0.4290017415,-1.96636161e-16,-4.714439003e-17,-5.785496965e-17,-4.43796343e-17,4.620512277e-32
10.80333182,27.75,refl,0,1,0.4290017415,-7.112125212e-17,-5.176641648e-17,-4.126872916e-17,-4.535462615e-17,1.14981445e-32
10.80333182,27.75,refl,1,0,0.4290017415,4.24296217e-17,3.013630772e-17,1.194999454e-16,-2.859369526e-17,1.780630619e-32
10.80333182,27.75,refl,-1,-1,0.1727134199,-0.1384175225,0.05944308482,-0.02662606111,0.05583958531,0.02651989728
10.80333182,27.75,refl,-1,1,0.1727134199,-0.1384175225,0.05944308482,0.02662606111,-0.05583958531,0.02651989728
10.80333182,27.75,refl,1,-1,0.1727134199,0.1384175224,-0.05944308472,-0.02662606111,0.0558395853,0.02651989724
10.80333182,27.75,refl,1,1,0.1727134199,0.1384175224,-0.05944308472,0.02662606111,-0.0558395853,0.02651989724
10.7068735,28,trans,0,0,0.5868366061,-2.936425783e-16,-5.430589761e-16,0.3424629139,-0.2790501303,0.1951498226
10.7068735,28,trans,-1,0,0.4360787011,1.077904158e-17,6.180888586e-17,8.919796963e-17,-1.616359153e-17,1.215406559e-32
10.7068735,28,trans,0,-1,0.4360787011,-1.089034505e-16,1.033299594e-16,2.189219928e-17,4.423398526e-17,2.497295587e-32
10.7068735,28,trans,0,1,0.4360787011,-4.422886606e-18,1.05477262e-16,8.548051978e-18,4.72684959e-17,1.345239462e-32
10.7068735,28,trans,1,0,0.4360787011,4.753999155e-17,5.074088995e-17,3.446577029e-17,-1.465253613e-17,6.237274847e-33
10.7068735,28,trans,-1,-1,0.1896102971,-0.1402051521,0.04985330106,0.03252244202,-0.0543844782,0.02615821701
10.7068735,28,trans,-1,1,0.1896102971,-0.1402051521,0.04985330106,-0.03252244202,0.0543844782,0.02615821701
10.7068735,28,trans,1,-1,0.1896102971,0.140205152,-0.04985330096,0.03252244202,-0.05438447819,0.02615821697
10.7068735,28,trans,1,1,0.1896102971,0.140205152,-0.04985330096,-0.03252244202,0.05438447819,0.02615821697
10.7068735,28,refl,0,0,0.5868366061,-5.174186464e-16,-3.866629466e-16,-0.6547841793,-0.2521177023,0.4923056573
10.7068735,28,refl,-1,0,0.4360787011,1.069471453e-17,6.110863869e-17,-8.822369209e-17,1.795556344e-17,1.195446475e-32
10.7068735,28,refl,0,-1,0.4360787011,-1.117014068e-16,1.047617025e-16,-2.173494273e-17,-4.343384069e-17,2.581112483e-32
10.7068735,28,refl,0,1,0.4360787011,-6.541427648e-18,1.043739932e-16,-8.561365024e-18,-4.64785431e-17,1.317027267e-32
10.7068735,28,refl,1,0,0.4360787011,4.749525567e-17,4.951800666e-17,-3.297896981e-17,1.320645504e-17,5.969855199e-33
10.7068735,28,refl,-1,-1,0.1896102971,-0.1396516304,0.04844497797,-0.03301019078,0.05447644301,0.0259068493
10.7068735,28,refl,-1,1,0.1896102971,-0.1396516304,0.04844497797,0.03301019078,-0.05447644301,0.0259068493
10.7068735,28,refl,1,-1,0.1896102971,0.1396516303,-0.04844497787,-0.03301019078,0.05447644299,0.02590684927
10.7068735,28,refl,1,1,0.1896102971,0.1396516303,-0.04844497787,0.03301019078,-0.05447644299,0.02590684927
10.61212241,28.25,trans,0,0,0.5920762187,-3.915847596e-16,-3.039708742e-16,0.35607554,-0.292329012,0.2122460415
10.61212241,28.25,trans,-1,0,0.4431045926,-2.271858657e-17,-1.636444735e-17,9.585793455e-17,2.74969422e-16,8.558085599e-32
10.61212241,28.25,trans,0,-1,0.4431045926,-2.167712858e-16,-1.445255031e-17,7.123777453e-18,-3.232146644e-17,4.829409194e-32
10.61212241,28.25,trans,0,1,0.4431045926,-1.083577787e-16,-1.569127354e-17,-1.603200681e-17,-2.535468401e-17,1.288750951e-32
10.61212241,28.25,trans,1,0,0.4431045926,3.366700048e-18,-2.29566931e-17,5.06923875e-17,2.710945791e-16,7.660033341e-32
10.61212241,28.25,trans,-1,-1,0.2052537727,-0.1393083276,0.03986899661,0.03710719127,-0.05236511271,0.0251153957
10.61212241,28.25,trans,-1,1,0.2052537727,-0.1393083276,0.03986899661,-0.03710719127,0.05236511271,0.0251153957
10.61212241,28.25,trans,1,-1,0.2052537727,0.1393083275,-0.03986899651,0.03710719128,-0.0523651127,0.02511539566
10.61212241,28.25,trans,1,1,0.2052537727,0.1393083275,-0.03986899651,-0.03710719128,0.0523651127,0.02511539566
10.61212241,28.25,refl,0,0,0.5920762187,-6.558704114e-16,-1.449258781e-16,-0.641047453,-0.2659321654,0.4816617536
10.61212241,28.25,refl,-1,0,0.4431045926,-2.264922806e-17,-1.404540954e-17,-9.772910297e-17,-2.72364918e-16,8.444388718e-32
10.61212241,28.25,refl,0,-1,0.4431045926,-2.160442681e-16,-1.350453009e-17,-7.185352035e-18,3.158030586e-17,4.790644313e-32
10.61212241,28.25,refl,0,1,0.4431045926,-1.073426798e-16,-1.728143605e-17,1.578434957e-17,2.440193559e-17,1.266569909e-32
10.61212241,28.25,refl,1,0,0.4431045926,3.488665901e-18,-2.099256367e-17,-5.195578943e-17,-2.717082085e-16,7.697761312e-32
10.61212241,28.25,refl,-1,-1,0.2052537727,-0.1384101449,0.03867851841,-0.03795711162,0.05226634353,0.02482590899
10.61212241,28.25,refl,-1,1,0.2052537727,-0.1384101449,0.03867851841,0.03795711162,-0.05226634353,0.02482590899
10.61212241,28.25,refl,1,-1,0.2052537727,0.1384101448,-0.03867851831,-0.03795711162,0.05226634351,0.02482590895
10.61212241,28.25,refl,1,1,0.2052537727,0.1384101448,-0.03867851831,0.03795711162,-0.05226634351,0.02482590895
10.51903361,28.5,trans,0,0,0.5973158313,-3.466788373e-16,-4.822264044e-16,0.3709174296,-0.3064181177,0.2314718024
10.51903361,28.5,trans,-1,0,0.4500818076,-2.932656634e-17,1.366226914e-17,-1.507868168e-16,-2.017168791e-16,6.447306852e-32
10.51903361,28.5,trans,0,-1,0.4500818076,-1.769410569e-16,5.751782461e-17,4.340972565e-17,1.510179689e-17,3.67289063e-32
10.51903361,28.5,trans,0,1,0.4500818076,-7.8667562e-17,6.074424278e-17,2.045378359e-17,1.22619556e-17,1.044716116e-32
10.51903361,28.5,trans,1,0,0.4500818076,-5.198417198e-18,1.513507332e-17,-1.879115029e-16,-1.88413406e-16,7.106643848e-32
10.51903361,28.5,trans,-1,-1,0.219911493,-0.1378820964,0.0304091563,0.04107761261,-0.04982837212,0.02410642621
10.51903361,28.5,trans,-1,1,0.219911493,-0.1378820964,0.0304091563,-0.04107761261,0.04982837212,0.02410642621
10.51903361,28.5,trans,1,-1,0.219911493,0.1378820963,-0.0304091562,0.04107761261,-0.04982837211,0.02410642618
10.51903361,28.5,trans,1,1,0.219911493,0.1378820963,-0.0304091562,-0.04107761261,0.04982837211,0.02410642618
10.51903361,28.5,refl,0,0,0.5973158313,-6.328404624e-16,-4.017958048e-16,-0.6260589816,-0.280512026,0.4706368452
10.51903361,28.5,refl,-1,0,0.4500818076,-2.931467616e-17,1.522424258e-17,1.517731792e-16,2.035343793e-16,6.555246928e-32
10.51903361,28.5,refl,0,-1,0.4500818076,-1.767344341e-16,6.017775641e-17,-4.359406941e-17,-1.473845027e-17,3.697408737e-32
10.51903361,28.5,refl,0,1,0.4500818076,-7.803299177e-17,6.128228201e-17,-2.09846483e-17,-1.217413324e-17,1.043323088e-32
10.51903361,28.5,refl,1,0,0.4500818076,-5.126982123e-18,1.641027098e-17,1.897050103e-16,1.871485509e-16,7.130815398e-32
10.51903361,28.5,refl,-1,-1,0.219911493,-0.1367047884,0.02943992226,-0.04219647001,0.04952220778,0.02378789935
10.51903361,28.5,refl,-1,1,0.219911493,-0.1367047884,0.02943992226,0.04219647001,-0.04952220778,0.02378789935
10.51903361,28.5,refl,1,-1,0.219911493,0.1367047883,-0.02943992216,-0.04219647001,0.04952220777,0.02378789932
10.51903361,28.5,refl,1,1,0.219911493,0.1367047883,-0.02943992216,0.04219647001,-0.04952220777,0.02378789932
10.42756376,28.75,trans,0,0,0.6025554438,-3.303575705e-16,-4.811471622e-16,0.3868636658,-0.3208401392,0.2526018908
10.42756376,28.75,trans,-1,0,0.4570125754,-2.261166929e-17,1.275510666e-17,-2.900996092e-17,2.731679195e-17,2.261765289e-33
10.42756376,28.75,trans,0,-1,0.4570125754,-8.523596273e-17,3.766954572e-17,1.201950522e-17,-1.921784737e-17,9.19795818e-33
10.42756376,28.75,trans,0,1,0.4570125754,3.195018267e-17,3.332403784e-17,-1.096374172e-17,-1.608271208e-17,2.510162931e-33
10.42756376,28.75,trans,1,0,0.4570125754,2.165742733e-17,-1.28265268e-17,-6.658248383e-17,3.734340161e-17,6.461320745e-33
10.42756376,28.75,trans,-1,-1,0.2337689572,-0.136053833,0.02140941113,0.04452154792,-0.04688328742,0.02314921922
10.42756376,28.75,trans,-1,1,0.2337689572,-0.136053833,0.02140941113,-0.04452154792,0.04688328742,0.02314921922
10.42756376,28.75,trans,1,-1,0.2337689572,0.1360538329,-0.02140941102,0.04452154792,-0.04688328741,0.02314921919
10.42756376,28.75,trans,1,1,0.2337689572,0.1360538329,-0.02140941102,-0.04452154792,0.04688328741,0.02314921919
10.42756376,28.75,refl,0,0,0.6025554438,-6.237600835e-16,-3.631766037e-16,-0.6099493406,-0.2953833939,0.4592895475
10.42756376,28.75,refl,-1,0,0.4570125754,-2.288333774e-17,1.238228358e-17,2.9004468e-17,-2.60257887e-17,2.195568934e-33
10.42756376,28.75,refl,0,-1,0.4570125754,-8.41301578e-17,3.876082741e-17,-1.170568924e-17,1.74809354e-17,9.022891457e-33
10.42756376,28.75,refl,0,1,0.4570125754,3.346602321e-17,3.179954026e-17,1.087671246e-17,1.41203769e-17,2.448873388e-33
10.42756376,28.75,refl,1,0,0.4570125754,2.158514321e-17,-1.386645666e-17,6.723037762e-17,-3.908815141e-17,6.706004283e-33
10.42756376,28.75,refl,-1,-1,0.2337689572,-0.1346506633,0.02065797024,-0.04583582563,0.04636968224,0.02280862322
10.42756376,28.75,refl,-1,1,0.2337689572,-0.1346506633,0.02065797024,0.04583582563,-0.04636968224,0.02280862322
10.42756376,28.75,refl,1,-1,0.2337689572,0.1346506633,-0.02065797013,-0.04583582563,0.04636968223,0.02280862319
10.42756376,28.75,refl,1,1,0.2337689572,0.1346506633,-0.02065797013,0.04583582563,-0.04636968223,0.02280862319
10.33767097,29,trans,0,0,0.6077950564,-3.196163502e-16,-4.474164019e-16,0.4037926387,-0.3352546131,0.2754441506
10.33767097,29,trans,-1,0,0.463898978,3.450057981e-17,6.796683271e-17,3.500815996e-18,1.132800255e-16,1.865440024e-32
10.33767097,29,trans,0,-1,0.463898978,2.451145857e-17,9.56864766e-17,-4.756423008e-17,2.960367137e-17,1.289544675e-32
10.33767097,29,trans,0,1,0.463898978,1.241753121e-16,9.346678704e-17,-6.822132224e-17,2.483968258e-17,2.942670706e-32
10.33767097,29,trans,1,0,0.463898978,9.541213366e-17,6.337156379e-17,-3.834887097e-17,1.315624994e-16,3.189875751e-32
10.33767097,29,trans,-1,-1,0.2469609139,-0.1339001522,0.01282502868,0.04750047414,-0.04361094764,0.02225194191
10.33767097,29,trans,-1,1,0.2469609139,-0.1339001522,0.01282502868,-0.04750047414,0.04361094764,0.02225194191
10.33767097,29,trans,1,-1,0.2469609139,0.1339001521,-0.01282502857,0.04750047414,-0.04361094762,0.02225194188
10.33767097,29,trans,1,1,0.2469609139,0.1339001521,-0.01282502857,-0.04750047414,0.04361094762,0.02225194188
10.33767097,29,refl,0,0,0.6077950564,-6.476295501e-16,-4.377352171e-16,-0.592844576,-0.3102084914,0.4476939994
10.33767097,29,refl,-1,0,0.463898978,3.428630084e-17,6.680479947e-17,-2.93077731e-18,-1.126302423e-16,1.83325926e-32
10.33767097,29,refl,0,-1,0.463898978,2.317651573e-17,9.630093205e-17,4.755182245e-17,-2.630903678e-17,1.276436163e-32
10.33767097,29,refl,0,1,0.463898978,1.234358269e-16,9.165882707e-17,6.786189535e-17,-2.188384791e-17,2.872188358e-32
10.33767097,29,refl,1,0,0.463898978,9.544952263e-17,6.171536187e-17,3.956114338e-17,-1.33745824e-16,3.237242676e-32
10.33767097,29,refl,-1,-1,0.2469609139,-0.1323144299,0.01228400446,-0.04895212582,0.04289967481,0.02189469785
10.33767097,29,refl,-1,1,0.2469609139,-0.1323144299,0.01228400446,0.04895212582,-0.04289967481,0.02189469785
10.33767097,29,refl,1,-1,0.2469609139,0.1323144298,-0.01228400435,-0.04895212582,0.04289967479,0.02189469782
10.33767097,29,refl,1,1,0.2469609139,0.1323144298,-0.01228400435,0.04895212582,-0.04289967479,0.02189469782
10.2493148,29.25,trans,0,0,0.6130346689,-1.902360786e-16,-4.413308552e-16,0.4221480196,-0.3463363281,0.2981578026
10.2493148,29.25,trans,-1,0,0.4707429623,-3.510458622e-17,-1.177409452e-17,7.403730005e-17,5.333321366e-17,9.696914754e-33
10.2493148,29.25,trans,0,-1,0.4707429623,1.037578785e-17,-6.475891616e-17,4.278994701e-17,9.471087538e-18,6.22205526e-33
10.2493148,29.25,trans,0,1,0.4707429623,1.242601743e-16,-5.722707971e-17,2.177293074e-17,5.678545408e-19,1.918991253e-32
10.2493148,29.25,trans,1,0,0.4707429623,3.117959934e-18,7.780065168e-18,3.205279511e-17,7.471148183e-17,6.67943828e-33
10.2493148,29.25,trans,-1,-1,0.2595888437,-0.1305903755,0.005542565019,0.0495889617,-0.0404672599,0.02118123044
10.2493148,29.25,trans,-1,1,0.2595888437,-0.1305903755,0.005542565019,-0.0495889617,0.0404672599,0.02118123044
10.2493148,29.25,trans,1,-1,0.2595888437,0.1305903754,-0.005542564903,0.0495889617,-0.04046725989,0.02118123041
10.2493148,29.25,trans,1,1,0.2595888437,0.1305903754,-0.005542564903,-0.0495889617,0.04046725989,0.02118123041
10.2493148,29.25,refl,0,0,0.6130346689,-5.176511209e-16,-4.215049028e-16,-0.5743581986,-0.3214667715,0.4332282255
10.2493148,29.25,refl,-1,0,0.4707429623,-3.545593059e-17,-1.39752176e-17,-7.733722076e-17,-5.141838508e-17,1.007732576e-32
10.2493148,29.25,refl,0,-1,0.4707429623,1.079095877e-17,-6.431374914e-17,-4.23913285e-17,-8.453560782e-18,6.121190541e-33
10.2493148,29.25,refl,0,1,0.4707429623,1.253362115e-16,-5.906289936e-17,-2.166040781e-17,1.769268192e-19,1.966679656e-32
10.2493148,29.25,refl,1,0,0.4707429623,3.063850765e-18,5.089507456e-18,-3.474817234e-17,-7.568213804e-17,6.970511768e-33
10.2493148,29.25,refl,-1,-1,0.2595888437,-0.128794737,0.005217811959,-0.05103340087,0.03949231073,0.02077936044
10.2493148,29.25,refl,-1,1,0.2595888437,-0.128794737,0.005217811959,0.05103340087,-0.03949231073,0.02077936044
10.2493148,29.25,refl,1,-1,0.2595888437,0.1287947369,-0.00521781184,-0.05103340087,0.03949231071,0.02077936041
10.2493148,29.25,refl,1,1,0.2595888437,0.1287947369,-0.00521781184,0.05103340087,-0.03949231071,0.02077936041
10.1624562,29.5,trans,0,0,0.6182742815,-8.199553243e-17,-2.42197553e-16,0.4411545308,-0.3569518845,0.3220319679
10.1624562,29.5,trans,-1,0,0.4775463521,1.694948208e-17,2.754825524e-17,-5.314555326e-17,-5.51865417e-17,6.916195526e-33
10.1624562,29.5,trans,0,-1,0.4775463521,-1.292712735e-16,4.480964297e-18,-1.317093345e-17,1.527468294e-17,1.713793063e-32
10.1624562,29.5,trans,0,1,0.4775463521,-3.702886832e-17,3.458121223e-17,-4.170562538e-17,2.69392673e-17,5.032080639e-33
10.1624562,29.5,trans,1,0,0.4775463521,6.041380162e-17,1.930911104e-17,-6.46148621e-17,-8.574674245e-17,1.555025344e-32
10.1624562,29.5,trans,-1,-1,0.2717313924,-0.1271475208,-0.001324260895,0.05129704778,-0.03718105101,0.02018206338
10.1624562,29.5,trans,-1,1,0.2717313924,-0.1271475208,-0.001324260895,-0.05129704778,0.03718105101,0.02018206338
10.1624562,29.5,trans,1,-1,0.2717313924,0.1271475207,0.001324261015,0.05129704778,-0.03718105099,0.02018206335
10.1624562,29.5,trans,1,1,0.2717313924,0.1271475207,0.001324261015,-0.05129704778,0.03718105099,0.02018206335
10.1624562,29.5,refl,0,0,0.6182742815,-4.375215578e-16,-2.140186116e-16,-0.555227995,-0.332225261,0.4186517505
10.1624562,29.5,refl,-1,0,0.4775463521,1.662708269e-17,2.799117795e-17,5.337452199e-17,5.693579925e-17,7.150490756e-33
10.1624562,29.5,refl,0,-1,0.4775463521,-1.304014709e-16,6.310071841e-18,1.338618857e-17,-1.31348639e-17,1.739607531e-32
10.1624562,29.5,refl,0,1,0.4775463521,-3.776724006e-17,3.380534705e-17,4.121384709e-17,-2.495697986e-17,4.890597947e-33
10.1624562,29.5,refl,1,0,0.4775463521,6.038922571e-17,1.92391397e-17,6.532564722e-17,8.429693743e-17,1.539041692e-32
10.1624562,29.5,refl,-1,-1,0.2717313924,-0.1251804151,-0.001450156401,-0.05270625107,0.03597783411,0.01974459273
10.1624562,29.5,refl,-1,1,0.2717313924,-0.1251804151,-0.001450156401,0.05270625107,-0.03597783411,0.01974459273
10.1624562,29.5,refl,1,-1,0.2717313924,0.125180415,0.001450156523,-0.05270625107,0.0359778341,0.0197445927
10.1624562,29.5,refl,1,1,0.2717313924,0.125180415,0.001450156523,0.05270625107,-0.0359778341,0.0197445927
10.07705741,29.75,trans,0,0,0.623513894,6.853602581e-17,-2.308069136e-16,0.4606774943,-0.3669792386,0.3468975153
10.07705741,29.75,trans,-1,0,0.4843108581,-3.98574814e-17,-4.01245903e-17,1.548596241e-17,-9.213520075e-17,1.192731182e-32
10.07705741,29.75,trans,0,-1,0.4843108581,-1.525342744e-17,-1.105158353e-16,1.842165339e-18,-1.032309222e-17,1.25563767e-32
10.07705741,29.75,trans,0,1,0.4843108581,9.377874221e-17,-7.477954381e-17,-2.933280861e-17,-2.666915623e-17,1.595809022e-32
10.07705741,29.75,trans,1,0,0.4843108581,2.804031426e-17,-2.500362961e-17,6.455704006e-18,-8.953747282e-17,9.47007587e-33
10.07705741,29.75,trans,-1,-1,0.2834509455,-0.1235952003,-0.007803844655,0.05266082123,-0.0337913994,0.01925169429
10.07705741,29.75,trans,-1,1,0.2834509455,-0.1235952003,-0.007803844655,-0.05266082123,0.0337913994,0.01925169429
10.07705741,29.75,trans,1,-1,0.2834509455,0.1235952002,0.007803844779,0.05266082123,-0.03379139938,0.01925169426
10.07705741,29.75,trans,1,1,0.2834509455,0.1235952002,0.007803844779,-0.05266082123,0.03379139938,0.01925169426
10.07705741,29.75,refl,0,0,0.623513894,-2.665838126e-16,-2.808560573e-16,-0.5355906133,-0.3423659771,0.4040717673
10.07705741,29.75,refl,-1,0,0.4843108581,-4.024422579e-17,-3.771118478e-17,-1.71384269e-17,9.385128428e-17,1.21435204e-32
10.07705741,29.75,refl,0,-1,0.4843108581,-1.578691555e-17,-1.088095525e-16,-1.370323734e-18,1.197375016e-17,1.22339939e-32
10.07705741,29.75,refl,0,1,0.4843108581,9.38603612e-17,-7.56290791e-17,2.927534336e-17,2.799466383e-17,1.617027194e-32
10.07705741,29.75,refl,1,0,0.4843108581,2.818584774e-17,-2.30723663e-17,-7.457460707e-18,8.807272858e-17,9.139195339e-33
10.07705741,29.75,refl,-1,-1,0.2834509455,-0.1214881211,-0.007748205748,-0.05401578195,0.03239284396,0.01878639931
10.07705741,29.75,refl,-1,1,0.2834509455,-0.1214881211,-0.007748205748,0.05401578195,-0.03239284396,0.01878639931
10.07705741,29.75,refl,1,-1,0.2834509455,0.1214881211,0.007748205874,-0.05401578195,0.03239284395,0.01878639929
10.07705741,29.75,refl,1,1,0.2834509455,0.1214881211,0.007748205874,0.05401578195,-0.03239284395,0.01878639929
9.993081933,30,trans,0,0,0.6287535066,4.833425617e-17,-6.316721156e-17,0.4805952319,-0.3763302443,0.3725962297
9.993081933,30,trans,-1,0,0.4910380874,2.345095618e-17,-9.043358351e-18,6.527733003e-17,8.269832525e-17,1.173187249e-32
9.993081933,30,trans,0,-1,0.4910380874,-5.069914809e-17,-8.784631895e-17,-4.675308125e-17,-2.345385567e-17,1.302331332e-32
9.993081933,30,trans,0,1,0.4910380874,-4.078303978e-18,-5.79382098e-17,-6.043402235e-17,-3.540256875e-17,8.279081649e-33
9.993081933,30,trans,1,0,0.4910380874,4.782300343e-17,-1.09767164e-17,5.855595393e-17,8.694421642e-17,1.339562447e-32
9.993081933,30,trans,-1,-1,0.2947979554,-0.1199517927,-0.01391628574,0.05370991516,-0.03033242163,0.01838690636
9.993081933,30,trans,-1,1,0.2947979554,-0.1199517927,-0.01391628574,-0.05370991516,0.03033242163,0.01838690636
9.993081933,30,trans,1,-1,0.2947979554,0.1199517926,0.01391628587,0.05370991516,-0.03033242161,0.01838690634
9.993081933,30,trans,1,1,0.2947979554,0.1199517926,0.01391628587,-0.05370991516,0.03033242161,0.01838690634
9.993081933,30,refl,0,0,0.6287535066,-3.137484895e-16,-9.192304939e-17,-0.5155692586,-0.3518043715,0.3895779762
9.993081933,30,refl,-1,0,0.4910380874,2.332751104e-17,-6.378452096e-18,-6.255138781e-17,-8.079814927e-17,1.102587447e-32
9.993081933,30,refl,0,-1,0.4910380874,-5.033256193e-17,-8.742830365e-17,4.728497751e-17,2.448971785e-17,1.301269045e-32
9.993081933,30,refl,0,1,0.4910380874,-3.640092093e-18,-5.967827423e-17,6.051686097e-17,3.585809272e-17,8.52283996e-33
9.993081933,30,refl,1,0,0.4910380874,4.788929031e-17,-8.505375614e-18,-5.508224589e-17,-8.77152065e-17,1.309373681e-32
9.993081933,30,refl,-1,-1,0.2947979554,-0.1177305468,-0.01369587408,-0.05499857597,0.02876852971,0.01790053029
9.993081933,30,refl,-1,1,0.2947979554,-0.1177305468,-0.01369587408,0.05499857597,-0.02876852971,0.01790053029
9.993081933,30,refl,1,-1,0.2947979554,0.1177305467,0.01369587421,-0.05499857597,0.02876852969,0.01790053027
9.993081933,30,refl,1,1,0.2947979554,0.1177305467,0.01369587421,0.05499857597,-0.02876852969,0.01790053027
9.910494479,30.25,trans,0,0,0.6339931191,6.702684856e-17,-2.476569512e-16,0.5008191367,-0.3824687298,0.3971021369
9.910494479,30.25,trans,-1,0,0.4977295514,-8.403445271e-17,-9.260979869e-18,-6.027409615e-17,-1.285988528e-16,2.731818659e-32
9.910494479,30.25,trans,0,-1,0.4977295514,-5.163619839e-17,-6.367932869e-17,6.301541599e-17,5.396783134e-17,1.360482336e-32
9.910494479,30.25,trans,0,1,0.4977295514,1.8007961e-18,-2.908477233e-17,3.420071163e-17,4.231033833e-17,3.809020254e-33
9.910494479,30.25,trans,1,0,0.4977295514,-4.845160811e-17,-1.634211957e-17,-5.638790214e-17,-1.427232992e-16,2.616415884e-32
9.910494479,30.25,trans,-1,-1,0.3058138937,-0.1158306223,-0.01889741716,0.05423975739,-0.02725989685,0.01745889869
9.910494479,30.25,trans,-1,1,0.3058138937,-0.1158306223,-0.01889741716,-0.05423975739,0.02725989685,0.01745889869
9.910494479,30.25,trans,1,-1,0.3058138937,0.1158306222,0.01889741729,0.05423975739,-0.02725989683,0.01745889867
9.910494479,30.25,trans,1,1,0.3058138937,0.1158306222,0.01889741729,-0.05423975739,0.02725989683,0.01745889867
9.910494479,30.25,refl,0,0,0.6339931191,-2.840113019e-16,-3.065519966e-16,-0.4953945642,-0.3576366981,0.3733197821
9.910494479,30.25,refl,-1,0,0.4977295514,-8.403612988e-17,-7.383259289e-18,6.058750539e-17,1.305611001e-16,2.783363031e-32
9.910494479,30.25,refl,0,-1,0.4977295514,-5.440602443e-17,-6.22318119e-17,-6.288775323e-17,-5.393677683e-17,1.369685931e-32
9.910494479,30.25,refl,0,1,0.4977295514,-9.301888113e-19,-2.985919675e-17,-3.475327721e-17,-4.285117107e-17,3.93645002e-33
9.910494479,30.25,refl,1,0,0.4977295514,-4.802486828e-17,-1.466402453e-17,5.726354789e-17,1.416737386e-16,2.587198371e-32
9.910494479,30.25,refl,-1,-1,0.3058138937,-0.113468866,-0.01857294457,-0.05533637999,0.02550338768,0.01693267556
9.910494479,30.25,refl,-1,1,0.3058138937,-0.113468866,-0.01857294457,0.05533637999,-0.02550338768,0.01693267556
9.910494479,30.25,refl,1,-1,0.3058138937,0.1134688659,0.0185729447,-0.05533637999,0.02550338767,0.01693267555
9.910494479,30.25,refl,1,1,0.3058138937,0.1134688659,0.0185729447,0.05533637999,-0.02550338767,0.01693267555
9.829260918,30.5,trans,0,0,0.6392327317,-4.193690012e-18,-2.593479787e-16,0.5211254727,-0.3878677089,0.4220131179
9.829260918,30.5,trans,-1,0,0.5043866736,-7.638193258e-17,-3.858761364e-17,2.721298026e-17,-5.159498264e-17,1.072579208e-32
9.829260918,30.5,trans,0,-1,0.5043866736,2.964601063e-17,-1.17534422e-16,5.582196403e-17,1.580897211e-17,1.805924157e-32
9.829260918,30.5,trans,0,1,0.5043866736,8.652778656e-17,-8.348057185e-17,2.496921765e-17,6.334328734e-18,1.511964927e-32
9.829260918,30.5,trans,1,0,0.5043866736,-1.982514387e-17,-3.411964459e-17,3.403363473e-17,-6.702231041e-17,7.207464862e-33
9.829260918,30.5,trans,-1,-1,0.316533328,-0.1117327577,-0.02354839831,0.05453350674,-0.02420067206,0.01659831208
9.829260918,30.5,trans,-1,1,0.316533328,-0.1117327577,-0.02354839831,-0.05453350674,0.02420067206,0.01659831208
9.829260918,30.5,trans,1,-1,0.316533328,0.1117327575,0.02354839845,0.05453350674,-0.02420067204,0.01659831206
9.829260918,30.5,trans,1,1,0.316533328,0.1117327575,0.02354839845,-0.05453350674,0.02420067204,0.01659831206
9.829260918,30.5,refl,0,0,0.6392327317,-3.55960804e-16,-3.658369884e-16,-0.4751550858,-0.3627287644,0.357344512
9.829260918,30.5,refl,-1,0,0.5043866736,-7.611357764e-17,-3.747769797e-17,-3.102541748e-17,5.349401457e-17,1.102204067e-32
9.829260918,30.5,refl,0,-1,0.5043866736,3.150266765e-17,-1.161671573e-16,-5.551447141e-17,-1.787544449e-17,1.788861456e-32
9.829260918,30.5,refl,0,1,0.5043866736,8.864450129e-17,-8.427447385e-17,-2.539771575e-17,-9.068710152e-18,1.568732002e-32
9.829260918,30.5,refl,1,0,0.5043866736,-1.902679926e-17,-3.313832294e-17,-3.729992667e-17,6.559052017e-17,7.153568403e-33
9.829260918,30.5,refl,-1,-1,0.316533328,-0.1092522333,-0.02313857497,-0.05544778602,0.02228089021,0.01604233918
9.829260918,30.5,refl,-1,1,0.316533328,-0.1092522333,-0.02313857497,0.05544778602,-0.02228089021,0.01604233918
9.829260918,30.5,refl,1,-1,0.316533328,0.1092522332,0.0231385751,-0.05544778602,0.0222808902,0.01604233916
9.829260918,30.5,refl,1,1,0.316533328,0.1092522332,0.0231385751,0.05544778602,-0.0222808902,0.01604233916
9.749348228,30.75,trans,0,0,0.6444723443,1.156024253e-16,-4.186504242e-16,0.5414204406,-0.3925197356,0.4472078363
9.749348228,30.75,trans,-1,0,0.5110107961,-1.452785768e-17,-4.534281611e-18,4.23121145e-17,1.881244606e-17,2.375841519e-33
9.749348228,30.75,trans,0,-1,0.5110107961,-1.955116049e-17,-9.538589159e-17,2.273728074e-17,1.257664868e-17,1.015587222e-32
9.749348228,30.75,trans,0,1,0.5110107961,3.087638042e-17,-6.174762127e-17,-4.330691185e-18,3.435526541e-18,4.796677328e-33
9.749348228,30.75,trans,1,0,0.5110107961,3.163074232e-17,-6.561567763e-18,4.714093318e-17,6.813391153e-19,3.266289835e-33
9.749348228,30.75,trans,-1,-1,0.3269854201,-0.1076658571,-0.02788545161,0.05461484851,-0.02117229292,0.01580058285
9.749348228,30.75,trans,-1,1,0.3269854201,-0.1076658571,-0.02788545161,-0.05461484851,0.02117229292,0.01580058285
9.749348228,30.75,trans,1,-1,0.3269854201,0.1076658569,0.02788545175,0.05461484851,-0.0211722929,0.01580058283
9.749348228,30.75,trans,1,1,0.3269854201,0.1076658569,0.02788545175,-0.05461484851,0.0211722929,0.01580058283
9.749348228,30.75,refl,0,0,0.6444723443,-2.222673632e-16,-5.392013571e-16,-0.4549437789,-0.3670757116,0.34171842
9.749348228,30.75,refl,-1,0,0.5110107961,-1.448334081e-17,-4.650364112e-18,-4.115620621e-17,-1.673635099e-17,2.205331802e-33
9.749348228,30.75,refl,0,-1,0.5110107961,-1.917507514e-17,-9.411138599e-17,-2.258085078e-17,-1.138455896e-17,9.864139484e-33
9.749348228,30.75,refl,0,1,0.5110107961,3.141811342e-17,-6.29234297e-17,3.706485101e-18,-2.66027166e-18,4.967270933e-33
9.749348228,30.75,refl,1,0,0.5110107961,3.207660647e-17,-6.833629112e-18,-4.554221636e-17,-2.226411174e-18,3.154657546e-33
9.749348228,30.75,refl,-1,-1,0.3269854201,-0.1050847718,-0.02740756219,-0.05535811622,0.01911406093,0.01522385208
9.749348228,30.75,refl,-1,1,0.3269854201,-0.1050847718,-0.02740756219,0.05535811622,-0.01911406093,0.01522385208
9.749348228,30.75,refl,1,-1,0.3269854201,0.1050847716,0.02740756234,-0.05535811622,0.01911406092,0.01522385206
9.749348228,30.75,refl,1,1,0.3269854201,0.1050847716,0.02740756234,0.05535811622,-0.01911406092,0.01522385206
9.670724452,31,trans,0,0,0.6497119568,8.751897822e-17,-4.027977801e-16,0.561621486,-0.3964282831,0.4725740772
9.670724452,31,trans,-1,0,0.5176031859,-8.833218561e-18,2.602423179e-17,-5.161362612e-17,-2.433791416e-17,4.011586857e-33
9.670724452,31,trans,0,-1,0.5176031859,-2.089353805e-17,-3.183715067e-17,-3.038544984e-17,2.398171179e-20,2.373420232e-33
9.670724452,31,trans,0,1,0.5176031859,-2.373579259e-18,-4.142424075e-18,-6.399938119e-17,-2.62200794e-17,4.806206912e-33
9.670724452,31,trans,1,0,0.5176031859,3.262442964e-17,4.016627924e-17,-2.045810089e-17,-2.791143388e-17,3.87526543e-33
9.670724452,31,trans,-1,-1,0.3371950315,-0.1036375364,-0.03192207725,0.05450519959,-0.01819031166,0.0150614622
9.670724452,31,trans,-1,1,0.3371950315,-0.1036375364,-0.03192207725,-0.05450519959,0.01819031166,0.0150614622
9.670724452,31,trans,1,-1,0.3371950315,0.1036375363,0.0319220774,0.05450519959,-0.01819031164,0.01506146218
9.670724452,31,trans,1,1,0.3371950315,0.1036375363,0.0319220774,-0.05450519959,0.01819031164,0.01506146218
9.670724452,31,refl,0,0,0.6497119568,-2.473438836e-16,-5.428958747e-16,-0.4348422376,-0.3706832251,0.326493825
9.670724452,31,refl,-1,0,0.5176031859,-9.47602885e-18,2.395204645e-17,5.333215635e-17,2.549928346e-17,4.15802801e-33
9.670724452,31,refl,0,-1,0.5176031859,-1.96778696e-17,-3.061576891e-17,3.06590746e-17,1.131296953e-20,2.264522841e-33
9.670724452,31,refl,0,1,0.5176031859,-1.027856099e-18,-4.973724385e-18,6.362517787e-17,2.555153135e-17,4.726838435e-33
9.670724452,31,refl,1,0,0.5176031859,3.227404538e-17,3.812793849e-17,2.243252781e-17,2.546862903e-17,3.647223067e-33
9.670724452,31,refl,-1,-1,0.3371950315,-0.1009711415,-0.03139198469,-0.05508977839,0.01601446358,0.01447197485
9.670724452,31,refl,-1,1,0.3371950315,-0.1009711415,-0.03139198469,0.05508977839,-0.01601446358,0.01447197485
9.670724452,31,refl,1,-1,0.3371950315,0.1009711414,0.03139198484,-0.05508977839,0.01601446357,0.01447197483
9.670724452,31,refl,1,1,0.3371950315,0.1009711414,0.03139198484,0.05508977839,-0.01601446357,0.01447197483
9.593358656,31.25,trans,0,0,0.6549515694,-3.496941084e-17,-2.505747463e-16,0.581443321,-0.3976691625,0.4962170983
9.593358656,31.25,trans,-1,0,0.5241650403,-4.589352504e-17,-1.609896266e-17,-5.241221343e-17,4.384626695e-17,7.034927482e-33
9.593358656,31.25,trans,0,-1,0.5241650403,-2.182069176e-17,-3.093802798e-17,9.684977264e-18,-1.700460007e-17,1.816259372e-33
9.593358656,31.25,trans,0,1,0.5241650403,1.521761406e-18,-3.585256684e-18,-2.337255191e-17,-4.451021161e-17,2.542604943e-33
9.593358656,31.25,trans,1,0,0.5241650403,1.173934813e-17,3.749255291e-19,-2.433155149e-17,4.022349915e-17,2.347907145e-33
9.593358656,31.25,trans,-1,-1,0.3471835547,-0.09948120487,-0.0351010034,0.05415312906,-0.01559529525,0.01430436518
9.593358656,31.25,trans,-1,1,0.3471835547,-0.09948120487,-0.0351010034,-0.05415312906,0.01559529525,0.01430436518
9.593358656,31.25,trans,1,-1,0.3471835547,0.09948120473,0.03510100356,0.05415312906,-0.01559529523,0.01430436517
9.593358656,31.25,trans,1,1,0.3471835547,0.09948120473,0.03510100356,-0.05415312906,0.01559529523,0.01430436517
9.593358656,31.25,refl,0,0,0.6549515694,-3.652898311e-16,-4.132539315e-16,-0.4152602107,-0.3712580235,0.3102735626
9.593358656,31.25,refl,-1,0,0.5241650403,-4.570086389e-17,-1.795973029e-17,5.128600235e-17,-4.2580005e-17,6.854431735e-33
9.593358656,31.25,refl,0,-1,0.5241650403,-1.932110048e-17,-2.97898619e-17,-8.241037137e-18,1.694709418e-17,1.61585949e-33
9.593358656,31.25,refl,0,1,0.5241650403,4.258047017e-18,-4.685473066e-18,2.424500202e-17,4.386951529e-17,2.552439117e-33
9.593358656,31.25,refl,1,0,0.5241650403,1.231956052e-17,-1.528331783e-18,2.337410424e-17,-4.241900986e-17,2.499828516e-33
9.593358656,31.25,refl,-1,-1,0.3471835547,-0.09670539571,-0.03464160616,-0.05447043794,0.01330743251,0.01369609081
9.593358656,31.25,refl,-1,1,0.3471835547,-0.09670539571,-0.03464160616,0.05447043794,-0.01330743251,0.01369609081
9.593358656,31.25,refl,1,-1,0.3471835547,0.09670539559,0.03464160632,-0.05447043794,0.0133074325,0.01369609079
9.593358656,31.25,refl,1,1,0.3471835547,0.09670539559,0.03464160632,0.05447043794,-0.0133074325,0.01369609079
9.517220889,31.5,trans,0,0,0.6601911819,-5.143834274e-12,6.672837774e-13,0.6009672889,-0.3982551044,0.5197688105
9.517220889,31.5,trans,-1,0,0.5306974919,-5.944059533e-17,-1.237076777e-17,-2.934764298e-17,6.256707444e-17,8.462143221e-33
9.517220889,31.5,trans,0,-1,0.5306974919,-3.169961472e-17,1.004632175e-16,6.522272426e-17,4.725009791e-17,1.758429915e-32
9.517220889,31.5,trans,0,1,0.5306974919,-1.84759592e-17,1.247422854e-16,4.026859635e-17,4.082057516e-17,1.918987805e-32
9.517220889,31.5,trans,1,0,0.5306974919,-2.263756868e-18,3.221784241e-18,-9.815385805e-18,3.629466061e-17,1.429148676e-33
9.517220889,31.5,trans,-1,-1,0.3569695493,-0.0954320527,-0.03803743737,0.05367635796,-0.0130706694,0.01360611713
9.517220889,31.5,trans,-1,1,0.3569695493,-0.0954320527,-0.03803743737,-0.05367635796,0.0130706694,0.01360611713
9.517220889,31.5,trans,1,-1,0.3569695493,0.09543205256,0.03803743753,0.05367635796,-0.01307066937,0.01360611711
9.517220889,31.5,trans,1,1,0.3569695493,0.09543205256,0.03803743753,-0.05367635796,0.01307066938,0.01360611711
9.517220889,31.5,refl,0,0,0.6601911819,-5.141363219e-12,7.138504721e-13,-0.3959844451,-0.3712061532,0.2945976889
9.517220889,31.5,refl,-1,0,0.5306974919,-5.944241598e-17,-1.4695447e-17,3.007423209e-17,-6.142352636e-17,8.426666006e-33
9.517220889,31.5,refl,0,-1,0.5306974919,-3.221877821e-17,1.017544843e-16,-6.514383886e-17,-4.706948909e-17,1.785128128e-32
9.517220889,31.5,refl,0,1,0.5306974919,-1.865189768e-17,1.237028544e-16,-4.07423005e-17,-4.10305253e-17,1.899372854e-32
9.517220889,31.5,refl,1,0,0.5306974919,-1.963003049e-18,1.00356012e-18,1.071851054e-17,-3.8699046e-17,1.617363144e-33
9.517220889,31.5,refl,-1,-1,0.3569695493,-0.09255774978,-0.03765990402,-0.05374997995,0.0106855106,0.0129884459
9.517220889,31.5,refl,-1,1,0.3569695493,-0.09255774978,-0.03765990402,0.05374997995,-0.0106855106,0.0129884459
9.517220889,31.5,refl,1,-1,0.3569695493,0.09255774964,0.03765990418,-0.05374997995,0.01068551058,0.01298844588
9.517220889,31.5,refl,1,1,0.3569695493,0.09255774964,0.03765990418,0.05374997995,-0.01068551058,0.01298844588
9.442282142,31.75,trans,0,0,0.6654307945,-3.292117855e-12,1.842309608e-13,0.6201438253,-0.3982197795,0.5431573568
9.442282142,31.75,trans,-1,0,0.5372016134,5.961879059e-17,7.57528885e-17,-4.512957086e-17,1.014043867e-16,2.161242812e-32
9.442282142,31.75,trans,0,-1,0.5372016134,8.538112721e-17,-6.806766899e-17,2.509307105e-18,2.540565152e-17,1.25748882e-32
9.442282142,31.75,trans,0,1,0.5372016134,9.744791922e-17,-6.496768226e-17,-1.776298316e-17,6.474261992e-18,1.407433634e-32
9.442282142,31.75,trans,1,0,0.5372016134,9.371291754e-17,7.966506791e-17,-3.343489719e-17,1.062511586e-16,2.753583501e-32
9.442282142,31.75,trans,-1,-1,0.3665692359,-0.09149197769,-0.04074362221,0.05309171241,-0.01062216595,0.01296238507
9.442282142,31.75,trans,-1,1,0.3665692359,-0.09149197769,-0.04074362221,-0.05309171241,0.01062216595,0.01296238507
9.442282142,31.75,trans,1,-1,0.3665692359,0.09149197754,0.04074362238,0.05309171241,-0.01062216593,0.01296238505
9.442282142,31.75,trans,1,1,0.3665692359,0.09149197754,0.04074362238,-0.05309171241,0.01062216593,0.01296238505
9.442282142,31.75,refl,0,0,0.6654307945,-3.288796719e-12,2.186776656e-13,-0.3770629445,-0.3705612468,0.2794921017
9.442282142,31.75,refl,-1,0,0.5372016134,5.915544062e-17,7.571306002e-17,4.301893744e-17,-1.006872773e-16,2.122039041e-32
9.442282142,31.75,refl,0,-1,0.5372016134,8.856964416e-17,-6.699114443e-17,-2.849286236e-18,-2.785529869e-17,1.31164314e-32
9.442282142,31.75,refl,0,1,0.5372016134,1.009091446e-16,-6.626146181e-17,1.694573666e-17,-9.139962426e-18,1.49439337e-32
9.442282142,31.75,refl,1,0,0.5372016134,9.341801778e-17,7.965365524e-17,3.139033681e-17,-1.091139707e-16,2.796284269e-32
9.442282142,31.75,refl,-1,-1,0.3665692359,-0.08852866272,-0.04045777465,-0.05294380514,0.008151747578,0.01234365314
9.442282142,31.75,refl,-1,1,0.3665692359,-0.08852866272,-0.04045777465,0.05294380513,-0.008151747577,0.01234365314
9.442282142,31.75,refl,1,-1,0.3665692359,0.08852866258,0.04045777481,-0.05294380513,0.008151747558,0.01234365313
9.442282142,31.75,refl,1,1,0.3665692359,0.08852866258,0.04045777482,0.05294380513,-0.008151747559,0.01234365313
9.368514313,32,trans,0,0,0.670670407,-2.084014002e-12,-3.585562472e-14,0.6389317988,-0.3975988935,0.5663187236
9.368514313,32,trans,-1,0,0.5436784216,-7.010442173e-17,-4.764114934e-17,-6.704122393e-17,2.080540291e-17,1.211169955e-32
9.368514313,32,trans,0,-1,0.5436784216,1.6866354e-17,-5.961222672e-17,4.68337256e-17,7.400994067e-18,6.086264038e-33
9.368514313,32,trans,0,1,0.5436784216,3.140507387e-17,-5.795836966e-17,1.964881811e-17,-2.407246881e-17,5.311011085e-33
9.368514313,32,trans,1,0,0.5436784216,-3.159462561e-17,-2.035678903e-17,-4.780970131e-17,4.34178702e-17,5.583498219e-33
9.368514313,32,trans,-1,-1,0.3759968847,-0.08766323006,-0.04323089614,0.05241472495,-0.008254488091,0.01236919225
9.368514313,32,trans,-1,1,0.3759968847,-0.08766323007,-0.04323089614,-0.05241472495,0.00825448809,0.01236919225
9.368514313,32,trans,1,-1,0.3759968847,0.08766322991,0.04323089632,0.05241472494,-0.008254488067,0.01236919224
9.368514313,32,trans,1,1,0.3759968847,0.0876632299,0.04323089632,-0.05241472494,0.008254488068,0.01236919224
9.368514313,32,refl,0,0,0.670670407,-2.080919103e-12,-1.077006737e-14,-0.3585353653,-0.3693587966,0.2649735288
9.368514313,32,refl,-1,0,0.5436784216,-6.963604853e-17,-4.478762052e-17,6.578447084e-17,-1.96871465e-17,1.157029055e-32
9.368514313,32,refl,0,-1,0.5436784216,1.6716649e-17,-5.879727157e-17,-4.609953015e-17,-6.446340112e-18,5.903287479e-33
9.368514313,32,refl,0,1,0.5436784216,3.146142685e-17,-5.936675713e-17,-1.93577685e-17,2.449063575e-17,5.488747672e-33
9.368514313,32,refl,1,0,0.5436784216,-3.089127142e-17,-1.733963874e-17,4.660986271e-17,-4.566186427e-17,5.512418872e-33
9.368514313,32,refl,-1,-1,0.3759968847,-0.08461917478,-0.0430453025,-0.05206603505,0.005708570307,0.01175676259
9.368514313,32,refl,-1,1,0.3759968847,-0.08461917478,-0.0430453025,0.05206603505,-0.005708570306,0.01175676259
9.368514313,32,refl,1,-1,0.3759968847,0.08461917463,0.04304530268,-0.05206603505,0.005708570286,0.01175676258
9.368514313,32,refl,1,1,0.3759968847,0.08461917463,0.04304530268,0.05206603505,-0.005708570286,0.01175676258
9.295890171,32.25,trans,0,0,0.6759100196,-1.297326712e-12,-1.06642436e-13,0.6569935121,-0.394855064,0.5875509965
9.295890171,32.25,trans,-1,0,0.5501288811,2.090699119e-17,3.59643299e-18,-2.079377099e-17,-7.103187362e-17,5.927944592e-33
9.295890171,32.25,trans,0,-1,0.5501288811,-1.748535027e-17,-3.696356418e-17,-2.641329304e-17,-1.761668093e-17,2.680052047e-33
9.295890171,32.25,trans,0,1,0.5501288811,-1.479525704e-17,-3.856259943e-17,-5.834999991e-17,-4.347698252e-17,7.000944204e-33
9.295890171,32.25,trans,1,0,0.5501288811,5.088217953e-17,-4.443710221e-18,5.12006177e-18,-6.005441559e-17,6.241490619e-33
9.295890171,32.25,trans,-1,-1,0.3852651256,-0.0838544891,-0.04509655596,0.05164960667,-0.006162580463,0.01177093397
9.295890171,32.25,trans,-1,1,0.3852651256,-0.0838544891,-0.04509655596,-0.05164960667,0.006162580463,0.01177093397
9.295890171,32.25,trans,1,-1,0.3852651256,0.08385448892,0.04509655614,0.05164960667,-0.006162580439,0.01177093396
9.295890171,32.25,trans,1,1,0.3852651256,0.08385448892,0.04509655614,-0.05164960667,0.00616258044,0.01177093396
9.295890171,32.25,refl,0,0,0.6759100196,-1.295385275e-12,-8.979167061e-14,-0.3407882217,-0.3658287186,0.2499672634
9.295890171,32.25,refl,-1,0,0.5501288811,2.181663036e-17,1.419040047e-18,1.879889956e-17,7.401299375e-17,6.309300904e-33
9.295890171,32.25,refl,0,-1,0.5501288811,-2.135829797e-17,-3.56992108e-17,2.755643341e-17,1.922260495e-17,2.859476107e-33
9.295890171,32.25,refl,0,1,0.5501288811,-1.848206094e-17,-3.98635458e-17,5.904633696e-17,4.491482099e-17,7.434499913e-33
9.295890171,32.25,refl,1,0,0.5501288811,5.193264381e-17,-6.424621274e-18,-7.21361082e-18,5.970952646e-17,6.355538983e-33
9.295890171,32.25,refl,-1,-1,0.3852651256,-0.08071190231,-0.04513484297,-0.05102218781,0.00360155159,0.01116780005
9.295890171,32.25,refl,-1,1,0.3852651256,-0.08071190231,-0.04513484297,0.05102218781,-0.00360155159,0.01116780005
9.295890171,32.25,refl,1,-1,0.3852651256,0.08071190215,0.04513484316,-0.0510221878,0.003601551568,0.01116780004
9.295890171,32.25,refl,1,1,0.3852651256,0.08071190215,0.04513484316,0.05102218781,-0.003601551568,0.01116780004
9.224383323,32.5,trans,0,0,0.6811496321,-2.094256318e-12,-1.425208736e-12,0.6745622526,-0.3916581834,0.6084303653
9.224383323,32.5,trans,-1,0,0.5565539081,-4.49042849e-17,-1.414542987e-17,-3.112668505e-19,-4.05571079e-17,3.861463877e-33
9.224383323,32.5,trans,0,-1,0.5565539081,-6.670509235e-19,5.042347477e-17,8.510027055e-18,4.237618156e-18,2.633349733e-33
9.224383323,32.5,trans,0,1,0.5565539081,5.578974919e-18,5.614035058e-17,-1.181641221e-17,-3.842448609e-17,4.798932653e-33
9.224383323,32.5,trans,1,0,0.5565539081,7.058579042e-19,1.216736268e-17,1.62714813e-17,-1.228524662e-17,5.642313379e-34
9.224383323,32.5,trans,-1,-1,0.3943851973,-0.08019139295,-0.04680578113,0.0508377705,-0.004144210092,0.01122309404
9.224383323,32.5,trans,-1,1,0.3943851973,-0.08019139295,-0.04680578113,-0.0508377705,0.004144210091,0.01122309404
9.224383323,32.5,trans,1,-1,0.3943851973,0.08019139276,0.04680578132,0.05083777049,-0.004144210068,0.01122309402
9.224383323,32.5,trans,1,1,0.3943851973,0.08019139276,0.04680578132,-0.05083777049,0.004144210069,0.01122309402
9.224383323,32.5,refl,0,0,0.6811496321,-2.108714345e-12,-1.371101715e-12,-0.3235276137,-0.3618840828,0.2356302062
9.224383323,32.5,refl,-1,0,0.5565539081,-4.413402455e-17,-1.339667471e-17,-1.029435561e-18,4.265249738e-17,3.947578286e-33
9.224383323,32.5,refl,0,-1,0.5565539081,-1.545112072e-18,5.093333777e-17,-8.533138049e-18,-6.672598212e-18,2.713930279e-33
9.224383323,32.5,refl,0,1,0.5565539081,4.753452294e-18,5.479974913e-17,1.138456758e-17,3.543022036e-17,4.410516707e-33
9.224383323,32.5,refl,1,0,0.5565539081,1.437322095e-18,1.308868859e-17,-1.739179746e-17,1.122839973e-17,6.01931243e-34
9.224383323,32.5,refl,-1,-1,0.3943851973,-0.07695482775,-0.04706774595,-0.04995739959,0.001572622476,0.01063563314
9.224383323,32.5,refl,-1,1,0.3943851973,-0.07695482775,-0.04706774595,0.04995739959,-0.001572622475,0.01063563314
9.224383323,32.5,refl,1,-1,0.3943851973,0.07695482756,0.04706774614,-0.04995739959,0.001572622451,0.01063563313
9.224383323,32.5,refl,1,1,0.3943851973,0.07695482757,0.04706774614,0.04995739959,-0.001572622452,0.01063563313
9.153968183,32.75,trans,0,0,0.6863892447,-1.318892535e-12,-1.035285896e-12,0.6916238876,-0.3880492215,0.6289258003
9.153968183,32.75,trans,-1,0,0.5629543733,-7.836418228e-17,-2.762612504e-17,1.285610489e-17,-5.590524434e-17,1.019482363e-32
9.153968183,32.75,trans,0,-1,0.5629543733,-1.101735646e-17,1.873436559e-17,5.115433707e-17,6.591640342e-17,7.434097038e-33
9.153968183,32.75,trans,0,1,0.5629543733,-5.745445728e-18,3.019512902e-17,2.73763079e-17,1.114950009e-17,1.81852955e-33
9.153968183,32.75,trans,1,0,0.5629543733,-3.228558936e-17,-1.713205587e-17,2.703464386e-17,-2.205848252e-17,2.553315238e-33
9.153968183,32.75,trans,-1,-1,0.40336715,-0.07667205765,-0.04836803677,0.04999005878,-0.002198883584,0.01072191247
9.153968183,32.75,trans,-1,1,0.40336715,-0.07667205765,-0.04836803677,-0.04999005878,0.002198883584,0.01072191247
9.153968183,32.75,trans,1,-1,0.40336715,0.07667205744,0.04836803696,0.04999005877,-0.00219888356,0.01072191246
9.153968183,32.75,trans,1,1,0.40336715,0.07667205744,0.04836803697,-0.04999005877,0.002198883561,0.01072191246
9.153968183,32.75,refl,0,0,0.6863892447,-1.327534174e-12,-9.984757885e-13,-0.306767121,-0.3575641187,0.2219581655
9.153968183,32.75,refl,-1,0,0.5629543733,-7.800764165e-17,-2.989286543e-17,-9.352429639e-18,5.728449302e-17,1.034775664e-32
9.153968183,32.75,refl,0,-1,0.5629543733,-1.289701772e-17,2.004282982e-17,-5.071512563e-17,-6.507817393e-17,7.375240783e-33
9.153968183,32.75,refl,0,1,0.5629543733,-7.448357523e-18,2.928041319e-17,-2.740572795e-17,-1.084834111e-17,1.781581055e-33
9.153968183,32.75,refl,1,0,0.5629543733,-3.202507791e-17,-1.918854825e-17,-2.306901847e-17,2.025787275e-17,2.33636702e-33
9.153968183,32.75,refl,-1,-1,0.40336715,-0.07334587251,-0.04885277692,-0.04888058778,-0.0003798076284,0.01015566694
9.153968183,32.75,refl,-1,1,0.40336715,-0.07334587251,-0.04885277691,0.04888058779,0.0003798076289,0.01015566694
9.153968183,32.75,refl,1,-1,0.40336715,0.07334587231,0.04885277711,-0.04888058778,-0.0003798076541,0.01015566693
9.153968183,32.75,refl,1,1,0.40336715,0.07334587231,0.04885277712,0.04888058778,0.0003798076536,0.01015566693
9.084619939,33,trans,0,0,0.6916288572,-8.225475112e-13,-7.394431947e-13,0.7081696365,-0.3840671124,0.6490117808
9.084619939,33,trans,-1,0,0.5693311053,-1.014266237e-17,-5.953196341e-18,1.069068186e-17,6.076548489e-17,3.945048979e-33
9.084619939,33,trans,0,-1,0.5693311053,4.45829377e-18,7.100433868e-17,4.797915919e-17,4.934311186e-17,9.798234899e-33
9.084619939,33,trans,0,1,0.5693311053,7.722868433e-18,8.191505453e-17,1.546602762e-17,6.291647219e-18,7.048501691e-33
9.084619939,33,trans,1,0,0.5693311053,9.397958679e-18,-7.94803916e-18,3.53571216e-17,7.563493218e-17,7.122261968e-33
9.084619939,33,trans,-1,-1,0.4122200124,-0.07329489765,-0.04979243991,0.04911652484,-0.0003256060743,0.01026396813
9.084619939,33,trans,-1,1,0.4122200124,-0.07329489765,-0.04979243991,-0.04911652484,0.000325606074,0.01026396813
9.084619939,33,trans,1,-1,0.4122200124,0.07329489743,0.04979244012,0.04911652483,-0.0003256060509,0.01026396811
9.084619939,33,trans,1,1,0.4122200124,0.07329489743,0.04979244012,-0.04911652483,0.0003256060512,0.01026396811
9.084619939,33,refl,0,0,0.6916288572,-8.276871287e-13,-7.145232052e-13,-0.2905150707,-0.3529060748,0.2089417039
9.084619939,33,refl,-1,0,0.5693311053,-1.024274733e-17,-5.178172959e-18,-1.234005886e-17,-5.871159729e-17,3.731056057e-33
9.084619939,33,refl,0,-1,0.5693311053,1.049824407e-18,7.270759207e-17,-4.792195286e-17,-4.93098897e-17,1.001547487e-32
9.084619939,33,refl,0,1,0.5693311053,4.421771156e-18,8.120043079e-17,-1.595825057e-17,-6.517535449e-18,6.91020605e-33
9.084619939,33,refl,1,0,0.5693311053,9.224044973e-18,-7.007282086e-18,-3.667420439e-17,-7.671226592e-17,7.363954019e-33
9.084619939,33,refl,-1,-1,0.4122200124,-0.06988331491,-0.05049844083,-0.04780005122,-0.002257672931,0.009723712213
9.084619939,33,refl,-1,1,0.4122200124,-0.06988331491,-0.05049844083,0.04780005122,0.002257672931,0.009723712213
9.084619939,33,refl,1,-1,0.4122200124,0.0698833147,0.05049844104,-0.04780005121,-0.002257672958,0.009723712204
9.084619939,33,refl,1,1,0.4122200124,0.0698833147,0.05049844105,0.04780005121,0.002257672958,0.009723712204
9.016314526,33.25,trans,0,0,0.6968684698,-5.057837831e-13,-5.16133084e-13,0.7237572955,-0.3784275278,0.6670320166
9.016314526,33.25,trans,-1,0,0.5756848925,1.973122365e-18,1.564317913e-17,-3.280612913e-17,1.778521751e-17,1.641158336e-33
9.016314526,33.25,trans,0,-1,0.5756848925,1.219811804e-17,-1.829826825e-17,-2.350644749e-17,2.841304701e-18,1.044246791e-33
9.016314526,33.25,trans,0,1,0.5756848925,8.688269656e-18,3.105949536e-18,-2.563990036e-17,-4.131987185e-17,2.449869252e-33
9.016314526,33.25,trans,1,0,0.5756848925,3.738744939e-17,2.786257683e-17,-1.638901739e-17,2.876189146e-17,3.269990852e-33
9.016314526,33.25,trans,-1,-1,0.4209519292,-0.06996447239,-0.05077445749,0.04819961377,0.001395589832,0.009798223368
9.016314526,33.25,trans,-1,1,0.4209519292,-0.06996447239,-0.05077445749,-0.04819961377,-0.001395589832,0.009798223368
9.016314526,33.25,trans,1,-1,0.4209519292,0.06996447213,0.0507744577,0.04819961376,0.001395589855,0.009798223354
9.016314526,33.25,trans,1,1,0.4209519292,0.06996447213,0.0507744577,-0.04819961376,-0.001395589855,0.009798223354
9.016314526,33.25,refl,0,0,0.6968684698,-5.084981558e-13,-5.010062425e-13,-0.2751488895,-0.3466209755,0.1958530121
9.016314526,33.25,refl,-1,0,0.5756848925,2.219224615e-18,1.333194443e-17,2.904148218e-17,-1.623284146e-17,1.289578529e-33
9.016314526,33.25,refl,0,-1,0.5756848925,9.130252619e-18,-1.698446964e-17,2.419781352e-17,-2.466790789e-18,9.634529578e-34
9.016314526,33.25,refl,0,1,0.5756848925,5.742331707e-18,2.104955705e-18,2.586433175e-17,4.134514645e-17,2.415790003e-33
9.016314526,33.25,refl,1,0,0.5756848925,3.749638008e-17,2.576677317e-17,1.286333878e-17,-3.038056144e-17,3.158349116e-33
9.016314526,33.25,refl,-1,-1,0.4209519292,-0.06648430951,-0.05178620718,-0.04664200506,-0.003860879324,0.00929235769
9.016314526,33.25,refl,-1,1,0.4209519292,-0.06648430951,-0.05178620718,0.04664200506,0.003860879325,0.00929235769
9.016314526,33.25,refl,1,-1,0.4209519292,0.06648430926,0.05178620739,-0.04664200505,-0.003860879353,0.009292357679
9.016314526,33.25,refl,1,1,0.4209519292,0.06648430926,0.05178620739,0.04664200505,0.003860879353,0.009292357679
8.949028597,33.5,trans,0,0,0.7021080824,-3.076419005e-13,-3.558651824e-13,0.7388011686,-0.3725458774,0.6846175975
8.949028597,33.5,trans,-1,0,0.5820164865,-6.303803356e-17,-3.627645699e-17,7.784491009e-18,-6.432457853e-17,9.488024709e-33
8.949028597,33.5,trans,0,-1,0.5820164865,4.402622181e-18,-2.6350395e-17,1.665387519e-17,4.124787915e-17,2.692465492e-33
8.949028597,33.5,trans,0,1,0.5820164865,1.465591297e-18,-1.492276588e-17,2.636795033e-18,-2.75212948e-17,9.892112548e-34
8.949028597,33.5,trans,1,0,0.5820164865,-2.842081511e-17,-1.651507687e-17,3.561281899e-17,-2.065453223e-17,2.775373073e-33
8.949028597,33.5,trans,-1,-1,0.4295702757,-0.06678571788,-0.0516748682,0.0472821052,0.003064608095,0.009375613411
8.949028597,33.5,trans,-1,1,0.4295702757,-0.06678571788,-0.0516748682,-0.0472821052,-0.003064608095,0.009375613411
8.949028597,33.5,trans,1,-1,0.4295702757,0.0667857176,0.05167486842,0.0472821052,0.003064608118,0.009375613396
8.949028597,33.5,trans,1,1,0.4295702757,0.0667857176,0.05167486842,-0.0472821052,-0.003064608118,0.009375613396
8.949028597,33.5,refl,0,0,0.7021080824,-3.089664688e-13,-3.467833914e-13,-0.26031243,-0.3401239307,0.1834468494
8.949028597,33.5,refl,-1,0,0.5820164865,-6.268165425e-17,-3.490017401e-17,-8.9562123e-18,6.669412384e-17,9.67533182e-33
8.949028597,33.5,refl,0,-1,0.5820164865,5.866320287e-18,-2.466949332e-17,-1.628913594e-17,-4.054274009e-17,2.552047338e-33
8.949028597,33.5,refl,0,1,0.5820164865,3.055871668e-18,-1.625523094e-17,-2.814478842e-18,2.782149651e-17,1.055527844e-33
8.949028597,33.5,refl,1,0,0.5820164865,-2.829329575e-17,-1.498600376e-17,-3.649916911e-17,1.907325058e-17,2.721069127e-33
8.949028597,33.5,refl,-1,-1,0.4295702757,-0.06323731229,-0.05298139231,-0.04550663433,-0.005415011793,0.008906161718
8.949028597,33.5,refl,-1,1,0.4295702757,-0.06323731229,-0.05298139231,0.04550663433,0.005415011794,0.008906161718
8.949028597,33.5,refl,1,-1,0.4295702757,0.06323731202,0.05298139253,-0.04550663432,-0.005415011824,0.008906161707
8.949028597,33.5,refl,1,1,0.4295702757,0.06323731202,0.05298139253,0.04550663432,0.005415011824,0.008906161707
8.882739496,33.75,trans,0,0,0.7073476949,-2.036369344e-13,-2.312897271e-13,0.7533107337,-0.3664528666,0.701764765
8.882739496,33.75,trans,-1,0,0.5883266038,-1.905969045e-17,-1.089138818e-17,6.387206671e-18,-3.051254905e-17,1.453706195e-33
8.882739496,33.75,trans,0,-1,0.5883266038,2.635972207e-17,-3.941718734e-17,-2.00333253e-17,4.826519758e-18,2.673179021e-33
8.882739496,33.75,trans,0,1,0.5883266038,2.297690254e-17,-2.135955082e-17,-2.838140302e-17,-6.39891727e-17,5.884286722e-33
8.882739496,33.75,trans,1,0,0.5883266038,2.272685006e-18,-7.011701055e-18,2.806532782e-17,9.343537901e-18,9.292933748e-34
8.882739496,33.75,trans,-1,-1,0.4380817549,-0.06375464797,-0.05250050426,0.04637046778,0.004685016025,0.008993127741
8.882739496,33.75,trans,-1,1,0.4380817549,-0.06375464797,-0.05250050426,-0.04637046778,-0.004685016025,0.008993127741
8.882739496,33.75,trans,1,-1,0.4380817549,0.06375464765,0.05250050448,0.04637046777,0.004685016048,0.008993127724
8.882739496,33.75,trans,1,1,0.4380817549,0.06375464765,0.05250050448,-0.04637046777,-0.004685016048,0.008993127724
8.882739496,33.75,refl,0,0,0.7073476949,-2.019466067e-13,-2.234922976e-13,-0.2459970024,-0.3334439491,0.1716993924
8.882739496,33.75,refl,-1,0,0.5883266038,-1.872298749e-17,-8.81216087e-18,-7.173966567e-18,3.315677889e-17,1.579042222e-33
8.882739496,33.75,refl,0,-1,0.5883266038,2.388528194e-17,-3.741626202e-17,2.15535582e-17,-4.681283065e-18,2.456953639e-33
8.882739496,33.75,refl,0,1,0.5883266038,2.061732453e-17,-2.247966064e-17,2.936254087e-17,6.394221068e-17,5.881174326e-33
8.882739496,33.75,refl,1,0,0.5883266038,2.39674586e-18,-4.775201456e-18,-2.86176504e-17,-1.060996467e-17,9.600882041e-34
8.882739496,33.75,refl,-1,-1,0.4380817549,-0.06013881335,-0.05409091061,-0.04439878079,-0.006923981045,0.00856169673
8.882739496,33.75,refl,-1,1,0.4380817549,-0.06013881335,-0.05409091061,0.04439878079,0.006923981045,0.00856169673
8.882739496,33.75,refl,1,-1,0.4380817549,0.06013881304,0.05409091084,-0.04439878078,-0.006923981076,0.008561696718
8.882739496,33.75,refl,1,1,0.4380817549,0.06013881304,0.05409091084,0.04439878078,0.006923981076,0.008561696718
8.817425235,34,trans,0,0,0.7125873075,-1.227592739e-13,-1.567608786e-13,0.7672981393,-0.360175315,0.718472692
8.817425235,34,trans,-1,0,0.5946159281,6.775987849e-18,2.938546606e-17,-3.259731572e-17,1.263822788e-17,2.131729423e-33
8.817425235,34,trans,0,-1,0.5946159281,-1.832673998e-18,-3.816748555e-18,-2.010608999e-17,1.481222966e-17,6.415832658e-34
8.817425235,34,trans,0,1,0.5946159281,-4.694618286e-18,1.379068355e-17,-1.617097402e-17,-4.868171967e-17,2.843632625e-33
8.817425235,34,trans,1,0,0.5946159281,2.329722962e-17,4.434155327e-17,-2.521428902e-17,4.49370233e-17,5.164030688e-33
8.817425235,34,trans,-1,-1,0.4464924784,-0.06086761592,-0.05325821998,0.04547089061,0.006260913614,0.008648105595
8.817425235,34,trans,-1,1,0.4464924784,-0.06086761592,-0.05325821998,-0.04547089061,-0.006260913614,0.008648105595
8.817425235,34,trans,1,-1,0.4464924784,0.06086761556,0.05325822022,0.0454708906,0.006260913637,0.008648105577
8.817425235,34,trans,1,1,0.4464924784,0.06086761556,0.05325822022,-0.0454708906,-0.006260913637,0.008648105577
8.817425235,34,refl,0,0,0.7125873075,-1.212701294e-13,-1.519597275e-13,-0.2321912486,-0.3266063289,0.16058447
8.817425235,34,refl,-1,0,0.5946159281,6.640740722e-18,2.447365101e-17,3.310731998e-17,-1.152648285e-17,1.872013474e-33
8.817425235,34,refl,0,-1,0.5946159281,-5.418712533e-18,-2.105525526e-18,2.073199453e-17,-1.414091969e-17,6.635768901e-34
8.817425235,34,refl,0,1,0.5946159281,-8.265183455e-18,1.224340847e-17,1.634488559e-17,4.920393771e-17,2.90639708e-33
8.817425235,34,refl,1,0,0.5946159281,2.296535181e-17,3.954533584e-17,2.595555675e-17,-4.766442804e-17,5.036829597e-33
8.817425235,34,refl,-1,-1,0.4464924784,-0.05718563173,-0.05512175649,-0.04332314708,-0.008392220076,0.008255928946
8.817425235,34,refl,-1,1,0.4464924784,-0.05718563173,-0.05512175649,0.04332314708,0.008392220076,0.008255928946
8.817425235,34,refl,1,-1,0.4464924784,0.05718563139,0.05512175674,-0.04332314707,-0.008392220109,0.008255928933
8.817425235,34,refl,1,1,0.4464924784,0.05718563139,0.05512175674,0.04332314707,0.008392220109,0.008255928933
