2026-08-09 04:41:46   In order to get an optimal performance, hyperthreading is ignored for parallel
                      computations.

                      ------------------------------------------------------------------------------
2026-08-09 04:41:47   
                      ------------------------------------------------------------------------------
2026-08-09 04:41:48   Units settings: 

                        Dimensions: um
                        Frequency:  THz
                        Time:       ps

                      ------------------------------------------------------------------------------
2026-08-09 04:41:48   Boundary conditions: 

                        YZsymmetry: none
                        XZsymmetry: none
                        XYsymmetry: none

                        Xmin: unit cell
                        Xmax: unit cell

                        Ymin: unit cell
                        Ymax: unit cell

                        Zmin: expanded open
                        Zmax: expanded open

                      ------------------------------------------------------------------------------
2026-08-09 04:41:48   Order settings: 

                        Solver order   : 2nd (constant)
                        Curved elements: up to order 3 (automatic)

                      ------------------------------------------------------------------------------
2026-08-09 04:41:48     Mesh time                :	1 s


                      ------------------------------------------------------------------------------
2026-08-09 04:41:48   
                      ================================================================================
                      Frequency Domain Solver calculation cycle started

                      ------------------------------------------------------------------------------
2026-08-09 04:41:48   Solver started at: 2026-08-09 04:41:48 -0400

                        Module:  Frequency Domain: S-Parameter (Win 64)
                        Version: 2026.0 Release from 2025-08-29 (change 1465899)

                        Free disk space at solver start is 298 GB.


                      ------------------------------------------------------------------------------
2026-08-09 04:41:48   An iterative solver will be used first.

                      ------------------------------------------------------------------------------
2026-08-09 04:41:48   The wavelength based mesh refinement has been applied to 9.5% of all mesh edges.

                      ------------------------------------------------------------------------------
2026-08-09 04:41:48   For some elements the curvature had to be reduced to maintain the quality of the mesh. More...

                      ------------------------------------------------------------------------------
2026-08-09 04:41:48   The low frequency stabilization is not applied to periodic problems.

                      ------------------------------------------------------------------------------
2026-08-09 04:41:48     Calculation 1 (Frequency: 34 THz, Theta: 0, Phi: 0)


                      ------------------------------------------------------------------------------
2026-08-09 04:41:48   Running the PortModeSolver.

                      ------------------------------------------------------------------------------
2026-08-09 04:41:49   Adaptive mesh refinement pass 1

                      ------------------------------------------------------------------------------
2026-08-09 04:41:50     Matrix setup time        :	0 s
                        Degrees of freedom       :	73246
                        Number of mesh cells     :	10845

                        Stimulation port         :	Zmin
                        Mode number              :	1
                        Accuracy                 :	9.90814e-05
                        Iterations               :	34
                        Solver time              :	0 s


                      ------------------------------------------------------------------------------
2026-08-09 04:41:51   8% of all mesh edges seem to be longer than expected. The adaptive mesh refinement's growth limitation will therefore 
                      use 16433 instead of 6468 mesh cells as a reference.

                      ------------------------------------------------------------------------------
2026-08-09 04:41:51   The wavelength based mesh refinement has been applied to 0.6% of all mesh edges.

                      ------------------------------------------------------------------------------
2026-08-09 04:41:51   For some elements the curvature had to be reduced to maintain the quality of the mesh. More...

                      ------------------------------------------------------------------------------
2026-08-09 04:41:51   Adaptive mesh refinement pass 2

                      ------------------------------------------------------------------------------
2026-08-09 04:41:53     Matrix setup time        :	0 s
                        Degrees of freedom       :	101474
                        Number of mesh cells     :	15163

                        Stimulation port         :	Zmin
                        Mode number              :	1
                        Accuracy                 :	8.94924e-05
                        Iterations               :	35
                        Solver time              :	1 s


                      ------------------------------------------------------------------------------
2026-08-09 04:41:53     Delta calculation        
2026-08-09 04:41:53     All S-Parameters         :	0.0670023
2026-08-09 04:41:53   

                      ------------------------------------------------------------------------------
2026-08-09 04:41:53   For some elements the curvature had to be reduced to maintain the quality of the mesh. More...

                      ------------------------------------------------------------------------------
2026-08-09 04:41:53   Adaptive mesh refinement pass 3

                      ------------------------------------------------------------------------------
2026-08-09 04:41:55     Matrix setup time        :	0 s
                        Degrees of freedom       :	136134
                        Number of mesh cells     :	20407

                        Stimulation port         :	Zmin
                        Mode number              :	1
                        Accuracy                 :	6.38349e-05
                        Iterations               :	34
                        Solver time              :	1 s


                      ------------------------------------------------------------------------------
2026-08-09 04:41:55     Delta calculation        
2026-08-09 04:41:55     All S-Parameters         :	0.0110887
2026-08-09 04:41:55   

                      ------------------------------------------------------------------------------
2026-08-09 04:41:56   For some elements the curvature had to be reduced to maintain the quality of the mesh. More...

                      ------------------------------------------------------------------------------
2026-08-09 04:41:56   Adaptive mesh refinement pass 4

                      ------------------------------------------------------------------------------
2026-08-09 04:41:59     Matrix setup time        :	0 s
                        Degrees of freedom       :	171378
                        Number of mesh cells     :	25666

                        Stimulation port         :	Zmin
                        Mode number              :	1
                        Accuracy                 :	6.12528e-05
                        Iterations               :	33
                        Solver time              :	2 s


                      ------------------------------------------------------------------------------
2026-08-09 04:41:59     Delta calculation        
2026-08-09 04:41:59     All S-Parameters         :	0.00552397
2026-08-09 04:41:59   

                      ------------------------------------------------------------------------------
2026-08-09 04:41:59   Mesh adaptation terminated because the desired accuracy limit is reached.

                      ------------------------------------------------------------------------------
2026-08-09 04:41:59     Total time               :	10 s

                      ------------------------------------------------------------------------------
2026-08-09 04:41:59   

                      ------------------------------------------------------------------------------
2026-08-09 04:41:59     Calculation 2 (Frequency: 10 THz, Theta: 0, Phi: 0)


                      ------------------------------------------------------------------------------
2026-08-09 04:41:59   Running the PortModeSolver.

                      ------------------------------------------------------------------------------
2026-08-09 04:42:00   Adaptive mesh refinement pass 1

                      ------------------------------------------------------------------------------
2026-08-09 04:42:01     Matrix setup time        :	0 s
                        Degrees of freedom       :	171378
                        Number of mesh cells     :	25666

                        Stimulation port         :	Zmin
                        Mode number              :	1
                        Accuracy                 :	7.18109e-05
                        Iterations               :	18
                        Solver time              :	1 s


                      ------------------------------------------------------------------------------
2026-08-09 04:42:02   For some elements the curvature had to be reduced to maintain the quality of the mesh. More...

                      ------------------------------------------------------------------------------
2026-08-09 04:42:02   Adaptive mesh refinement pass 2

                      ------------------------------------------------------------------------------
2026-08-09 04:42:03     Matrix setup time        :	0 s
                        Degrees of freedom       :	180984
                        Number of mesh cells     :	27112

                        Stimulation port         :	Zmin
                        Mode number              :	1
                        Accuracy                 :	6.4224e-05
                        Iterations               :	16
                        Solver time              :	1 s


                      ------------------------------------------------------------------------------
2026-08-09 04:42:04     Delta calculation        
2026-08-09 04:42:04     All S-Parameters         :	0.0133273
2026-08-09 04:42:04   

                      ------------------------------------------------------------------------------
2026-08-09 04:42:04   For some elements the curvature had to be reduced to maintain the quality of the mesh. More...

                      ------------------------------------------------------------------------------
2026-08-09 04:42:04   Adaptive mesh refinement pass 3

                      ------------------------------------------------------------------------------
2026-08-09 04:42:06     Matrix setup time        :	0 s
                        Degrees of freedom       :	201218
                        Number of mesh cells     :	30151

                        Stimulation port         :	Zmin
                        Mode number              :	1
                        Accuracy                 :	8.35162e-05
                        Iterations               :	15
                        Solver time              :	1 s


                      ------------------------------------------------------------------------------
2026-08-09 04:42:06     Delta calculation        
2026-08-09 04:42:06     All S-Parameters         :	0.00565418
2026-08-09 04:42:06   

                      ------------------------------------------------------------------------------
2026-08-09 04:42:06   Mesh adaptation terminated because the desired accuracy limit is reached.

                      ------------------------------------------------------------------------------
2026-08-09 04:42:06     Total time               :	7 s

                      ------------------------------------------------------------------------------
2026-08-09 04:42:06   

                      ------------------------------------------------------------------------------
2026-08-09 04:42:06     Calculation 3 (Frequency: 22 THz, Theta: 0, Phi: 0)


                      ------------------------------------------------------------------------------
2026-08-09 04:42:06   Running the PortModeSolver.

                      ------------------------------------------------------------------------------
2026-08-09 04:42:07   Adaptive mesh refinement pass 1

                      ------------------------------------------------------------------------------
2026-08-09 04:42:09     Matrix setup time        :	0 s
                        Degrees of freedom       :	201218
                        Number of mesh cells     :	30151

                        Stimulation port         :	Zmin
                        Mode number              :	1
                        Accuracy                 :	8.62004e-05
                        Iterations               :	19
                        Solver time              :	1 s


                      ------------------------------------------------------------------------------
2026-08-09 04:42:10   For some elements the curvature had to be reduced to maintain the quality of the mesh. More...

                      ------------------------------------------------------------------------------
2026-08-09 04:42:10   Adaptive mesh refinement pass 2

                      ------------------------------------------------------------------------------
2026-08-09 04:42:13     Matrix setup time        :	0 s
                        Degrees of freedom       :	237012
                        Number of mesh cells     :	35550

                        Stimulation port         :	Zmin
                        Mode number              :	1
                        Accuracy                 :	9.05046e-05
                        Iterations               :	19
                        Solver time              :	1 s


                      ------------------------------------------------------------------------------
2026-08-09 04:42:13     Delta calculation        
2026-08-09 04:42:13     All S-Parameters         :	0.0190417
2026-08-09 04:42:13   

                      ------------------------------------------------------------------------------
2026-08-09 04:42:14   For some elements the curvature had to be reduced to maintain the quality of the mesh. More...

                      ------------------------------------------------------------------------------
2026-08-09 04:42:14   Adaptive mesh refinement pass 3

                      ------------------------------------------------------------------------------
2026-08-09 04:42:17     Matrix setup time        :	0 s
                        Degrees of freedom       :	272430
                        Number of mesh cells     :	40840

                        Stimulation port         :	Zmin
                        Mode number              :	1
                        Accuracy                 :	6.62771e-05
                        Iterations               :	20
                        Solver time              :	2 s


                      ------------------------------------------------------------------------------
2026-08-09 04:42:17     Delta calculation        
2026-08-09 04:42:17     All S-Parameters         :	0.00226886
2026-08-09 04:42:17   

                      ------------------------------------------------------------------------------
2026-08-09 04:42:17   Mesh adaptation terminated because the desired accuracy limit is reached.

                      ------------------------------------------------------------------------------
2026-08-09 04:42:17     Total time               :	11 s

                      ------------------------------------------------------------------------------
2026-08-09 04:42:17   

                      ------------------------------------------------------------------------------
2026-08-09 04:42:17     Calculation 4 (Frequency: 18.5497 THz, Theta: 0, Phi: 0)


                      ------------------------------------------------------------------------------
2026-08-09 04:42:17   Running the PortModeSolver.

                      ------------------------------------------------------------------------------
2026-08-09 04:42:18   Adaptive mesh refinement pass 1

                      ------------------------------------------------------------------------------
2026-08-09 04:42:21     Matrix setup time        :	0 s
                        Degrees of freedom       :	272430
                        Number of mesh cells     :	40840

                        Stimulation port         :	Zmin
                        Mode number              :	1
                        Accuracy                 :	7.81954e-05
                        Iterations               :	23
                        Solver time              :	2 s


                      ------------------------------------------------------------------------------
2026-08-09 04:42:22   For some elements the curvature had to be reduced to maintain the quality of the mesh. More...

                      ------------------------------------------------------------------------------
2026-08-09 04:42:23   Adaptive mesh refinement pass 2

                      ------------------------------------------------------------------------------
2026-08-09 04:42:26     Matrix setup time        :	0 s
                        Degrees of freedom       :	307598
                        Number of mesh cells     :	46184

                        Stimulation port         :	Zmin
                        Mode number              :	1
                        Accuracy                 :	9.62486e-05
                        Iterations               :	21
                        Solver time              :	2 s


                      ------------------------------------------------------------------------------
2026-08-09 04:42:26     Delta calculation        
2026-08-09 04:42:26     All S-Parameters         :	0.00427804
2026-08-09 04:42:26   

                      ------------------------------------------------------------------------------
2026-08-09 04:42:27   For some elements the curvature had to be reduced to maintain the quality of the mesh. More...

                      ------------------------------------------------------------------------------
2026-08-09 04:42:28   Adaptive mesh refinement pass 3

                      ------------------------------------------------------------------------------
2026-08-09 04:42:32     Matrix setup time        :	0 s
                        Degrees of freedom       :	342730
                        Number of mesh cells     :	51508

                        Stimulation port         :	Zmin
                        Mode number              :	1
                        Accuracy                 :	9.71815e-05
                        Iterations               :	21
                        Solver time              :	2 s


                      ------------------------------------------------------------------------------
2026-08-09 04:42:32     Delta calculation        
2026-08-09 04:42:32     All S-Parameters         :	0.00199434
2026-08-09 04:42:32   

                      ------------------------------------------------------------------------------
2026-08-09 04:42:32   Mesh adaptation terminated because the desired accuracy limit is reached.

                      ------------------------------------------------------------------------------
2026-08-09 04:42:32     Total time               :	14 s

                      ------------------------------------------------------------------------------
2026-08-09 04:42:32   

                      ------------------------------------------------------------------------------
2026-08-09 04:42:32     Calculation 5 (Frequency: 18.9244 THz, Theta: 0, Phi: 0)


                      ------------------------------------------------------------------------------
2026-08-09 04:42:32   Running the PortModeSolver.

                      ------------------------------------------------------------------------------
2026-08-09 04:42:33   Adaptive mesh refinement pass 1

                      ------------------------------------------------------------------------------
2026-08-09 04:42:37     Matrix setup time        :	0 s
                        Degrees of freedom       :	342730
                        Number of mesh cells     :	51508

                        Stimulation port         :	Zmin
                        Mode number              :	1
                        Accuracy                 :	8.58472e-05
                        Iterations               :	25
                        Solver time              :	3 s


                      ------------------------------------------------------------------------------
2026-08-09 04:42:38   For some elements the curvature had to be slightly reduced to maintain the quality of the mesh. More...

                      ------------------------------------------------------------------------------
2026-08-09 04:42:38   Adaptive mesh refinement pass 2

                      ------------------------------------------------------------------------------
2026-08-09 04:42:43     Matrix setup time        :	0 s
                        Degrees of freedom       :	378364
                        Number of mesh cells     :	56907

                        Stimulation port         :	Zmin
                        Mode number              :	1
                        Accuracy                 :	9.95388e-05
                        Iterations               :	22
                        Solver time              :	3 s


                      ------------------------------------------------------------------------------
2026-08-09 04:42:43     Delta calculation        
2026-08-09 04:42:43     All S-Parameters         :	0.00463111
2026-08-09 04:42:43   

                      ------------------------------------------------------------------------------
2026-08-09 04:42:44   For some elements the curvature had to be slightly reduced to maintain the quality of the mesh. More...

                      ------------------------------------------------------------------------------
2026-08-09 04:42:45   Adaptive mesh refinement pass 3

                      ------------------------------------------------------------------------------
2026-08-09 04:42:50     Matrix setup time        :	0 s
                        Degrees of freedom       :	413580
                        Number of mesh cells     :	62175

                        Stimulation port         :	Zmin
                        Mode number              :	1
                        Accuracy                 :	7.11578e-05
                        Iterations               :	19
                        Solver time              :	3 s


                      ------------------------------------------------------------------------------
2026-08-09 04:42:50     Delta calculation        
2026-08-09 04:42:50     All S-Parameters         :	0.000542457
2026-08-09 04:42:50   

                      ------------------------------------------------------------------------------
2026-08-09 04:42:50   Mesh adaptation terminated because the desired accuracy limit is reached.

                      ------------------------------------------------------------------------------
2026-08-09 04:42:50     Total time               :	18 s

                      ------------------------------------------------------------------------------
2026-08-09 04:42:50   

                      ------------------------------------------------------------------------------
2026-08-09 04:42:50     Calculation 6 (Frequency: 26.3108 THz, Theta: 0, Phi: 0)


                      ------------------------------------------------------------------------------
2026-08-09 04:42:50   Running the PortModeSolver.

                      ------------------------------------------------------------------------------
2026-08-09 04:42:51   Adaptive mesh refinement pass 1

                      ------------------------------------------------------------------------------
2026-08-09 04:42:55     Matrix setup time        :	0 s
                        Degrees of freedom       :	413580
                        Number of mesh cells     :	62175

                        Stimulation port         :	Zmin
                        Mode number              :	1
                        Accuracy                 :	7.19186e-05
                        Iterations               :	19
                        Solver time              :	3 s


                      ------------------------------------------------------------------------------
2026-08-09 04:42:56   For some elements the curvature had to be slightly reduced to maintain the quality of the mesh. More...

                      ------------------------------------------------------------------------------
2026-08-09 04:42:56   Adaptive mesh refinement pass 2

                      ------------------------------------------------------------------------------
2026-08-09 04:43:01     Matrix setup time        :	0 s
                        Degrees of freedom       :	447922
                        Number of mesh cells     :	67394

                        Stimulation port         :	Zmin
                        Mode number              :	1
                        Accuracy                 :	7.42427e-05
                        Iterations               :	19
                        Solver time              :	3 s


                      ------------------------------------------------------------------------------
2026-08-09 04:43:01     Delta calculation        
2026-08-09 04:43:01     All S-Parameters         :	0.0013559
2026-08-09 04:43:01   

                      ------------------------------------------------------------------------------
2026-08-09 04:43:03   For some elements the curvature had to be slightly reduced to maintain the quality of the mesh. More...

                      ------------------------------------------------------------------------------
2026-08-09 04:43:03   Adaptive mesh refinement pass 3

                      ------------------------------------------------------------------------------
2026-08-09 04:43:09     Matrix setup time        :	0 s
                        Degrees of freedom       :	481788
                        Number of mesh cells     :	72572

                        Stimulation port         :	Zmin
                        Mode number              :	1
                        Accuracy                 :	3.63652e-05
                        Iterations               :	20
                        Solver time              :	3 s


                      ------------------------------------------------------------------------------
2026-08-09 04:43:09     Delta calculation        
2026-08-09 04:43:09     All S-Parameters         :	0.000349263
2026-08-09 04:43:09   

                      ------------------------------------------------------------------------------
2026-08-09 04:43:09   Mesh adaptation terminated because the desired accuracy limit is reached.

                      ------------------------------------------------------------------------------
2026-08-09 04:43:09     Total time               :	19 s

                      ------------------------------------------------------------------------------
2026-08-09 04:43:09   

                      ------------------------------------------------------------------------------
2026-08-09 04:43:09     Calculation 7 (Frequency: 26.4982 THz, Theta: 0, Phi: 0)


                      ------------------------------------------------------------------------------
2026-08-09 04:43:09   Running the PortModeSolver.

                      ------------------------------------------------------------------------------
2026-08-09 04:43:10   Adaptive mesh refinement pass 1

                      ------------------------------------------------------------------------------
2026-08-09 04:43:19     Matrix setup time        :	0 s
                        Degrees of freedom       :	481788
                        Number of mesh cells     :	72572

                        Stimulation port         :	Zmin
                        Mode number              :	1
                        Accuracy                 :	9.72688e-05
                        Iterations               :	47
                        Solver time              :	8 s


                      ------------------------------------------------------------------------------
2026-08-09 04:43:21   For some elements the curvature had to be slightly reduced to maintain the quality of the mesh. More...

                      ------------------------------------------------------------------------------
2026-08-09 04:43:21   Adaptive mesh refinement pass 2

                      ------------------------------------------------------------------------------
2026-08-09 04:43:32     Matrix setup time        :	1 s
                        Solver setup             :	1 s
                        Degrees of freedom       :	516712
                        Number of mesh cells     :	77838

                        Stimulation port         :	Zmin
                        Mode number              :	1
                        Accuracy                 :	6.68938e-05
                        Iterations               :	44
                        Solver time              :	8 s


                      ------------------------------------------------------------------------------
2026-08-09 04:43:32     Delta calculation        
2026-08-09 04:43:32     All S-Parameters         :	0.00107987
2026-08-09 04:43:32   

                      ------------------------------------------------------------------------------
2026-08-09 04:43:33   For some elements the curvature had to be slightly reduced to maintain the quality of the mesh. More...

                      ------------------------------------------------------------------------------
2026-08-09 04:43:34   Adaptive mesh refinement pass 3

                      ------------------------------------------------------------------------------
2026-08-09 04:43:46     Matrix setup time        :	1 s
                        Solver setup             :	1 s
                        Degrees of freedom       :	550888
                        Number of mesh cells     :	83041

                        Stimulation port         :	Zmin
                        Mode number              :	1
                        Accuracy                 :	7.74017e-05
                        Iterations               :	43
                        Solver time              :	9 s


                      ------------------------------------------------------------------------------
2026-08-09 04:43:46     Delta calculation        
2026-08-09 04:43:46     All S-Parameters         :	0.000612907
2026-08-09 04:43:46   

                      ------------------------------------------------------------------------------
2026-08-09 04:43:46   Mesh adaptation terminated because the desired accuracy limit is reached.

                      ------------------------------------------------------------------------------
2026-08-09 04:43:46     Total time               :	36 s

                      ------------------------------------------------------------------------------
2026-08-09 04:43:46   

                      ------------------------------------------------------------------------------
2026-08-09 04:43:46     Calculation 8 (Frequency: 20.32 THz, Theta: 0, Phi: 0)


                      ------------------------------------------------------------------------------
2026-08-09 04:43:46   Running the PortModeSolver.

                      ------------------------------------------------------------------------------
2026-08-09 04:43:47   Adaptive mesh refinement pass 1

                      ------------------------------------------------------------------------------
2026-08-09 04:43:51     Matrix setup time        :	0 s
                        Degrees of freedom       :	550888
                        Number of mesh cells     :	83041

                        Stimulation port         :	Zmin
                        Mode number              :	1
                        Accuracy                 :	8.05904e-05
                        Iterations               :	14
                        Solver time              :	2 s


                      ------------------------------------------------------------------------------
2026-08-09 04:43:53   Adaptive mesh refinement pass 2

                      ------------------------------------------------------------------------------
2026-08-09 04:43:58     Matrix setup time        :	1 s
                        Solver setup             :	1 s
                        Degrees of freedom       :	585334
                        Number of mesh cells     :	88285

                        Stimulation port         :	Zmin
                        Mode number              :	1
                        Accuracy                 :	9.42536e-05
                        Iterations               :	13
                        Solver time              :	2 s


                      ------------------------------------------------------------------------------
2026-08-09 04:43:59     Delta calculation        
2026-08-09 04:43:59     All S-Parameters         :	0.00182857
2026-08-09 04:43:59   

                      ------------------------------------------------------------------------------
2026-08-09 04:44:01   Adaptive mesh refinement pass 3

                      ------------------------------------------------------------------------------
2026-08-09 04:44:06     Matrix setup time        :	1 s
                        Solver setup             :	1 s
                        Degrees of freedom       :	619860
                        Number of mesh cells     :	93535

                        Stimulation port         :	Zmin
                        Mode number              :	1
                        Accuracy                 :	8.45141e-05
                        Iterations               :	13
                        Solver time              :	3 s


                      ------------------------------------------------------------------------------
2026-08-09 04:44:07     Delta calculation        
2026-08-09 04:44:07     All S-Parameters         :	0.000579411
2026-08-09 04:44:07   

                      ------------------------------------------------------------------------------
2026-08-09 04:44:07   Mesh adaptation terminated because the desired accuracy limit is reached.

                      ------------------------------------------------------------------------------
2026-08-09 04:44:07     Total time               :	20 s

                      ------------------------------------------------------------------------------
2026-08-09 04:44:07   

                      ------------------------------------------------------------------------------
2026-08-09 04:44:07     Calculation 9 (Frequency: 17.536 THz, Theta: 0, Phi: 0)


                      ------------------------------------------------------------------------------
2026-08-09 04:44:07   Running the PortModeSolver.

                      ------------------------------------------------------------------------------
2026-08-09 04:44:08   Adaptive mesh refinement pass 1

                      ------------------------------------------------------------------------------
2026-08-09 04:44:12     Matrix setup time        :	0 s
                        Degrees of freedom       :	619860
                        Number of mesh cells     :	93535

                        Stimulation port         :	Zmin
                        Mode number              :	1
                        Accuracy                 :	9.86483e-05
                        Iterations               :	14
                        Solver time              :	3 s


                      ------------------------------------------------------------------------------
2026-08-09 04:44:14   Adaptive mesh refinement pass 2

                      ------------------------------------------------------------------------------
2026-08-09 04:44:21     Matrix setup time        :	1 s
                        Solver setup             :	1 s
                        Degrees of freedom       :	654706
                        Number of mesh cells     :	98837

                        Stimulation port         :	Zmin
                        Mode number              :	1
                        Accuracy                 :	8.2713e-05
                        Iterations               :	13
                        Solver time              :	3 s


                      ------------------------------------------------------------------------------
2026-08-09 04:44:21     Delta calculation        
2026-08-09 04:44:21     All S-Parameters         :	0.00495115
2026-08-09 04:44:21   

                      ------------------------------------------------------------------------------
2026-08-09 04:44:23   Adaptive mesh refinement pass 3

                      ------------------------------------------------------------------------------
2026-08-09 04:44:29     Matrix setup time        :	1 s
                        Solver setup             :	1 s
                        Degrees of freedom       :	689878
                        Number of mesh cells     :	104144

                        Stimulation port         :	Zmin
                        Mode number              :	1
                        Accuracy                 :	9.59771e-05
                        Iterations               :	13
                        Solver time              :	3 s


                      ------------------------------------------------------------------------------
2026-08-09 04:44:30     Delta calculation        
2026-08-09 04:44:30     All S-Parameters         :	0.000737875
2026-08-09 04:44:30   

                      ------------------------------------------------------------------------------
2026-08-09 04:44:30   Mesh adaptation terminated because the desired accuracy limit is reached.

                      ------------------------------------------------------------------------------
2026-08-09 04:44:30     Total time               :	22 s

                      ------------------------------------------------------------------------------
2026-08-09 04:44:30   

                      ------------------------------------------------------------------------------
2026-08-09 04:44:30     Calculation 10 (Frequency: 23.68 THz, Theta: 0, Phi: 0)


                      ------------------------------------------------------------------------------
2026-08-09 04:44:30   Running the PortModeSolver.

                      ------------------------------------------------------------------------------
2026-08-09 04:44:31   Adaptive mesh refinement pass 1

                      ------------------------------------------------------------------------------
2026-08-09 04:44:35     Matrix setup time        :	0 s
                        Degrees of freedom       :	689878
                        Number of mesh cells     :	104144

                        Stimulation port         :	Zmin
                        Mode number              :	1
                        Accuracy                 :	7.85261e-05
                        Iterations               :	13
                        Solver time              :	3 s


                      ------------------------------------------------------------------------------
2026-08-09 04:44:38   Adaptive mesh refinement pass 2

                      ------------------------------------------------------------------------------
2026-08-09 04:44:45     Matrix setup time        :	1 s
                        Solver setup             :	1 s
                        Degrees of freedom       :	723564
                        Number of mesh cells     :	109338

                        Stimulation port         :	Zmin
                        Mode number              :	1
                        Accuracy                 :	4.73642e-05
                        Iterations               :	13
                        Solver time              :	3 s


                      ------------------------------------------------------------------------------
2026-08-09 04:44:45     Delta calculation        
2026-08-09 04:44:45     All S-Parameters         :	0.000822537
2026-08-09 04:44:45   

                      ------------------------------------------------------------------------------
2026-08-09 04:44:47   Adaptive mesh refinement pass 3

                      ------------------------------------------------------------------------------
2026-08-09 04:44:55     Matrix setup time        :	1 s
                        Solver setup             :	1 s
                        Degrees of freedom       :	757380
                        Number of mesh cells     :	114493

                        Stimulation port         :	Zmin
                        Mode number              :	1
                        Accuracy                 :	4.68058e-05
                        Iterations               :	13
                        Solver time              :	3 s


                      ------------------------------------------------------------------------------
2026-08-09 04:44:55     Delta calculation        
2026-08-09 04:44:55     All S-Parameters         :	9.44887e-05
2026-08-09 04:44:55   

                      ------------------------------------------------------------------------------
2026-08-09 04:44:55   Mesh adaptation terminated because the desired accuracy limit is reached.

                      ------------------------------------------------------------------------------
2026-08-09 04:44:55     Total time               :	25 s

                      ------------------------------------------------------------------------------
2026-08-09 04:44:55   

                      ------------------------------------------------------------------------------
2026-08-09 04:44:55     Calculation 11 (Frequency: 16.552 THz, Theta: 0, Phi: 0)


                      ------------------------------------------------------------------------------
2026-08-09 04:44:55   Running the PortModeSolver.

                      ------------------------------------------------------------------------------
2026-08-09 04:44:56   Adaptive mesh refinement pass 1

                      ------------------------------------------------------------------------------
2026-08-09 04:45:02     Matrix setup time        :	0 s
                        Degrees of freedom       :	757380
                        Number of mesh cells     :	114493

                        Stimulation port         :	Zmin
                        Mode number              :	1
                        Accuracy                 :	7.49105e-05
                        Iterations               :	12
                        Solver time              :	3 s


                      ------------------------------------------------------------------------------
2026-08-09 04:45:02   The input reflection seems to be large at 16.552 THz, Theta: 0, Phi: 0.  More...

                      ------------------------------------------------------------------------------
2026-08-09 04:45:04   Adaptive mesh refinement pass 2

                      ------------------------------------------------------------------------------
2026-08-09 04:45:12     Matrix setup time        :	1 s
                        Solver setup             :	1 s
                        Degrees of freedom       :	792602
                        Number of mesh cells     :	119845

                        Stimulation port         :	Zmin
                        Mode number              :	1
                        Accuracy                 :	6.03078e-05
                        Iterations               :	12
                        Solver time              :	3 s


                      ------------------------------------------------------------------------------
2026-08-09 04:45:12     Delta calculation        
2026-08-09 04:45:12     All S-Parameters         :	0.0025713
2026-08-09 04:45:12   

                      ------------------------------------------------------------------------------
2026-08-09 04:45:15   Adaptive mesh refinement pass 3

                      ------------------------------------------------------------------------------
2026-08-09 04:45:23     Matrix setup time        :	1 s
                        Solver setup             :	2 s
                        Degrees of freedom       :	827374
                        Number of mesh cells     :	125110

                        Stimulation port         :	Zmin
                        Mode number              :	1
                        Accuracy                 :	6.67509e-05
                        Iterations               :	12
                        Solver time              :	4 s


                      ------------------------------------------------------------------------------
2026-08-09 04:45:23     Delta calculation        
2026-08-09 04:45:23     All S-Parameters         :	0.000217766
2026-08-09 04:45:23   

                      ------------------------------------------------------------------------------
2026-08-09 04:45:23   Mesh adaptation terminated because the desired accuracy limit is reached.

                      ------------------------------------------------------------------------------
2026-08-09 04:45:23     Total time               :	28 s

                      ------------------------------------------------------------------------------
2026-08-09 04:45:23   

                      ------------------------------------------------------------------------------
2026-08-09 04:45:23     Calculation 12 (Frequency: 25.456 THz, Theta: 0, Phi: 0)


                      ------------------------------------------------------------------------------
2026-08-09 04:45:23   Running the PortModeSolver.

                      ------------------------------------------------------------------------------
2026-08-09 04:45:24   Adaptive mesh refinement pass 1

                      ------------------------------------------------------------------------------
2026-08-09 04:45:31     Matrix setup time        :	0 s
                        Solver setup             :	1 s
                        Degrees of freedom       :	827374
                        Number of mesh cells     :	125110

                        Stimulation port         :	Zmin
                        Mode number              :	1
                        Accuracy                 :	8.66891e-05
                        Iterations               :	12
                        Solver time              :	4 s


                      ------------------------------------------------------------------------------
2026-08-09 04:45:34   Adaptive mesh refinement pass 2

                      ------------------------------------------------------------------------------
2026-08-09 04:45:42     Matrix setup time        :	1 s
                        Solver setup             :	2 s
                        Degrees of freedom       :	860668
                        Number of mesh cells     :	130263

                        Stimulation port         :	Zmin
                        Mode number              :	1
                        Accuracy                 :	9.57369e-05
                        Iterations               :	11
                        Solver time              :	4 s


                      ------------------------------------------------------------------------------
2026-08-09 04:45:42     Delta calculation        
2026-08-09 04:45:42     All S-Parameters         :	9.50554e-05
2026-08-09 04:45:42   

                      ------------------------------------------------------------------------------
2026-08-09 04:45:45   Adaptive mesh refinement pass 3

                      ------------------------------------------------------------------------------
2026-08-09 04:45:53     Matrix setup time        :	1 s
                        Solver setup             :	2 s
                        Degrees of freedom       :	894266
                        Number of mesh cells     :	135424

                        Stimulation port         :	Zmin
                        Mode number              :	1
                        Accuracy                 :	9.16944e-05
                        Iterations               :	11
                        Solver time              :	4 s


                      ------------------------------------------------------------------------------
2026-08-09 04:45:53     Delta calculation        
2026-08-09 04:45:53     All S-Parameters         :	0.000282285
2026-08-09 04:45:53   

                      ------------------------------------------------------------------------------
2026-08-09 04:45:53   Mesh adaptation terminated because the desired accuracy limit is reached.

                      ------------------------------------------------------------------------------
2026-08-09 04:45:53     Total time               :	29 s

                      ------------------------------------------------------------------------------
2026-08-09 04:45:53   

                      ------------------------------------------------------------------------------
2026-08-09 04:45:53     Calculation 13 (Frequency: 28.96 THz, Theta: 0, Phi: 0)


                      ------------------------------------------------------------------------------
2026-08-09 04:45:53   Running the PortModeSolver.

                      ------------------------------------------------------------------------------
2026-08-09 04:45:54   Adaptive mesh refinement pass 1

                      ------------------------------------------------------------------------------
2026-08-09 04:46:01     Matrix setup time        :	0 s
                        Solver setup             :	1 s
                        Degrees of freedom       :	894266
                        Number of mesh cells     :	135424

                        Stimulation port         :	Zmin
                        Mode number              :	1
                        Accuracy                 :	9.58949e-05
                        Iterations               :	12
                        Solver time              :	4 s


                      ------------------------------------------------------------------------------
2026-08-09 04:46:05   Adaptive mesh refinement pass 2

                      ------------------------------------------------------------------------------
2026-08-09 04:46:14     Matrix setup time        :	1 s
                        Solver setup             :	2 s
                        Degrees of freedom       :	928098
                        Number of mesh cells     :	140598

                        Stimulation port         :	Zmin
                        Mode number              :	1
                        Accuracy                 :	8.99339e-05
                        Iterations               :	11
                        Solver time              :	4 s


                      ------------------------------------------------------------------------------
2026-08-09 04:46:14     Delta calculation        
2026-08-09 04:46:14     All S-Parameters         :	0.000208048
2026-08-09 04:46:14   

                      ------------------------------------------------------------------------------
2026-08-09 04:46:17   Adaptive mesh refinement pass 3

                      ------------------------------------------------------------------------------
2026-08-09 04:46:26     Matrix setup time        :	1 s
                        Solver setup             :	2 s
                        Degrees of freedom       :	961664
                        Number of mesh cells     :	145740

                        Stimulation port         :	Zmin
                        Mode number              :	1
                        Accuracy                 :	8.82277e-05
                        Iterations               :	11
                        Solver time              :	4 s


                      ------------------------------------------------------------------------------
2026-08-09 04:46:27     Delta calculation        
2026-08-09 04:46:27     All S-Parameters         :	0.000204454
2026-08-09 04:46:27   

                      ------------------------------------------------------------------------------
2026-08-09 04:46:27   Mesh adaptation terminated because the desired accuracy limit is reached.

                      ------------------------------------------------------------------------------
2026-08-09 04:46:27     Total time               :	33 s

                      ------------------------------------------------------------------------------
2026-08-09 04:46:27   

                      ------------------------------------------------------------------------------
2026-08-09 04:46:27     Calculation 14 (Frequency: 22.312 THz, Theta: 0, Phi: 0)


                      ------------------------------------------------------------------------------
2026-08-09 04:46:27   Running the PortModeSolver.

                      ------------------------------------------------------------------------------
2026-08-09 04:46:28   Adaptive mesh refinement pass 1

                      ------------------------------------------------------------------------------
2026-08-09 04:46:35     Matrix setup time        :	0 s
                        Solver setup             :	1 s
                        Degrees of freedom       :	961664
                        Number of mesh cells     :	145740

                        Stimulation port         :	Zmin
                        Mode number              :	1
                        Accuracy                 :	7.13485e-05
                        Iterations               :	11
                        Solver time              :	4 s


                      ------------------------------------------------------------------------------
2026-08-09 04:46:38   Adaptive mesh refinement pass 2

                      ------------------------------------------------------------------------------
2026-08-09 04:46:48     Matrix setup time        :	1 s
                        Solver setup             :	2 s
                        Degrees of freedom       :	995210
                        Number of mesh cells     :	150904

                        Stimulation port         :	Zmin
                        Mode number              :	1
                        Accuracy                 :	6.37159e-05
                        Iterations               :	11
                        Solver time              :	4 s


                      ------------------------------------------------------------------------------
2026-08-09 04:46:48     Delta calculation        
2026-08-09 04:46:48     All S-Parameters         :	0.00054351
2026-08-09 04:46:48   

                      ------------------------------------------------------------------------------
2026-08-09 04:46:51   Adaptive mesh refinement pass 3

                      ------------------------------------------------------------------------------
2026-08-09 04:47:01     Matrix setup time        :	2 s
                        Solver setup             :	3 s
                        Degrees of freedom       :	1029074
                        Number of mesh cells     :	156089

                        Stimulation port         :	Zmin
                        Mode number              :	1
                        Accuracy                 :	8.94964e-05
                        Iterations               :	10
                        Solver time              :	4 s


                      ------------------------------------------------------------------------------
2026-08-09 04:47:02     Delta calculation        
2026-08-09 04:47:02     All S-Parameters         :	0.00028108
2026-08-09 04:47:02   

                      ------------------------------------------------------------------------------
2026-08-09 04:47:02   Mesh adaptation terminated because the desired accuracy limit is reached.

                      ------------------------------------------------------------------------------
2026-08-09 04:47:02     Total time               :	34 s

                      ------------------------------------------------------------------------------
2026-08-09 04:47:02   

                      ------------------------------------------------------------------------------
2026-08-09 04:47:02     Calculation 15 (Frequency: 28.648 THz, Theta: 0, Phi: 0)


                      ------------------------------------------------------------------------------
2026-08-09 04:47:02   Running the PortModeSolver.

                      ------------------------------------------------------------------------------
2026-08-09 04:47:03   Adaptive mesh refinement pass 1

                      ------------------------------------------------------------------------------
2026-08-09 04:47:11     Matrix setup time        :	0 s
                        Solver setup             :	2 s
                        Degrees of freedom       :	1029074
                        Number of mesh cells     :	156089

                        Stimulation port         :	Zmin
                        Mode number              :	1
                        Accuracy                 :	5.41528e-05
                        Iterations               :	12
                        Solver time              :	5 s


                      ------------------------------------------------------------------------------
2026-08-09 04:47:15   Adaptive mesh refinement pass 2

                      ------------------------------------------------------------------------------
2026-08-09 04:47:26     Matrix setup time        :	2 s
                        Solver setup             :	2 s
                        Degrees of freedom       :	1062526
                        Number of mesh cells     :	161204

                        Stimulation port         :	Zmin
                        Mode number              :	1
                        Accuracy                 :	5.50406e-05
                        Iterations               :	12
                        Solver time              :	5 s


                      ------------------------------------------------------------------------------
2026-08-09 04:47:26     Delta calculation        
2026-08-09 04:47:26     All S-Parameters         :	0.000124
2026-08-09 04:47:26   

                      ------------------------------------------------------------------------------
2026-08-09 04:47:30   Adaptive mesh refinement pass 3

                      ------------------------------------------------------------------------------
2026-08-09 04:47:41     Matrix setup time        :	2 s
                        Solver setup             :	3 s
                        Degrees of freedom       :	1095956
                        Number of mesh cells     :	166340

                        Stimulation port         :	Zmin
                        Mode number              :	1
                        Accuracy                 :	5.82382e-05
                        Iterations               :	12
                        Solver time              :	5 s


                      ------------------------------------------------------------------------------
2026-08-09 04:47:42     Delta calculation        
2026-08-09 04:47:42     All S-Parameters         :	0.000158561
2026-08-09 04:47:42   

                      ------------------------------------------------------------------------------
2026-08-09 04:47:42   Mesh adaptation terminated because the desired accuracy limit is reached.

                      ------------------------------------------------------------------------------
2026-08-09 04:47:42     Total time               :	39 s

                      ------------------------------------------------------------------------------
2026-08-09 04:47:42   

                      ------------------------------------------------------------------------------
2026-08-09 04:47:42     Calculation 16 (Frequency: 30.832 THz, Theta: 0, Phi: 0)


                      ------------------------------------------------------------------------------
2026-08-09 04:47:42   Running the PortModeSolver.

                      ------------------------------------------------------------------------------
2026-08-09 04:47:43   Adaptive mesh refinement pass 1

                      ------------------------------------------------------------------------------
2026-08-09 04:47:52     Matrix setup time        :	1 s
                        Solver setup             :	2 s
                        Degrees of freedom       :	1095956
                        Number of mesh cells     :	166340

                        Stimulation port         :	Zmin
                        Mode number              :	1
                        Accuracy                 :	7.69337e-05
                        Iterations               :	11
                        Solver time              :	5 s


                      ------------------------------------------------------------------------------
2026-08-09 04:47:56   Adaptive mesh refinement pass 2

                      ------------------------------------------------------------------------------
2026-08-09 04:48:07     Matrix setup time        :	2 s
                        Solver setup             :	3 s
                        Degrees of freedom       :	1129230
                        Number of mesh cells     :	171455

                        Stimulation port         :	Zmin
                        Mode number              :	1
                        Accuracy                 :	7.87696e-05
                        Iterations               :	11
                        Solver time              :	5 s


                      ------------------------------------------------------------------------------
2026-08-09 04:48:08     Delta calculation        
2026-08-09 04:48:08     All S-Parameters         :	0.000136942
2026-08-09 04:48:08   

                      ------------------------------------------------------------------------------
2026-08-09 04:48:12   Adaptive mesh refinement pass 3

                      ------------------------------------------------------------------------------
2026-08-09 04:48:23     Matrix setup time        :	2 s
                        Solver setup             :	3 s
                        Degrees of freedom       :	1162504
                        Number of mesh cells     :	176562

                        Stimulation port         :	Zmin
                        Mode number              :	1
                        Accuracy                 :	9.52424e-05
                        Iterations               :	11
                        Solver time              :	5 s


                      ------------------------------------------------------------------------------
2026-08-09 04:48:23     Delta calculation        
2026-08-09 04:48:23     All S-Parameters         :	0.000143612
2026-08-09 04:48:23   

                      ------------------------------------------------------------------------------
2026-08-09 04:48:23   Mesh adaptation terminated because the desired accuracy limit is reached.

                      ------------------------------------------------------------------------------
2026-08-09 04:48:23     Total time               :	41 s

                      ------------------------------------------------------------------------------
2026-08-09 04:48:23   

                      ------------------------------------------------------------------------------
2026-08-09 04:48:23     Calculation 17 (Frequency: 20.2 THz, Theta: 0, Phi: 0)


                      ------------------------------------------------------------------------------
2026-08-09 04:48:23   Running the PortModeSolver.

                      ------------------------------------------------------------------------------
2026-08-09 04:48:24   Adaptive mesh refinement pass 1

                      ------------------------------------------------------------------------------
2026-08-09 04:48:33     Matrix setup time        :	1 s
                        Solver setup             :	2 s
                        Degrees of freedom       :	1162504
                        Number of mesh cells     :	176562

                        Stimulation port         :	Zmin
                        Mode number              :	1
                        Accuracy                 :	9.91835e-05
                        Iterations               :	11
                        Solver time              :	5 s


                      ------------------------------------------------------------------------------
2026-08-09 04:48:37   Adaptive mesh refinement pass 2

                      ------------------------------------------------------------------------------
2026-08-09 04:48:49     Matrix setup time        :	2 s
                        Solver setup             :	3 s
                        Degrees of freedom       :	1196882
                        Number of mesh cells     :	181796

                        Stimulation port         :	Zmin
                        Mode number              :	1
                        Accuracy                 :	8.06501e-05
                        Iterations               :	11
                        Solver time              :	5 s


                      ------------------------------------------------------------------------------
2026-08-09 04:48:49     Delta calculation        
2026-08-09 04:48:49     All S-Parameters         :	0.000619525
2026-08-09 04:48:49   

                      ------------------------------------------------------------------------------
2026-08-09 04:48:53   Adaptive mesh refinement pass 3

                      ------------------------------------------------------------------------------
2026-08-09 04:49:05     Matrix setup time        :	2 s
                        Solver setup             :	3 s
                        Degrees of freedom       :	1231206
                        Number of mesh cells     :	187032

                        Stimulation port         :	Zmin
                        Mode number              :	1
                        Accuracy                 :	9.79735e-05
                        Iterations               :	10
                        Solver time              :	5 s


                      ------------------------------------------------------------------------------
2026-08-09 04:49:06     Delta calculation        
2026-08-09 04:49:06     All S-Parameters         :	0.000225207
2026-08-09 04:49:06   

                      ------------------------------------------------------------------------------
2026-08-09 04:49:06   Mesh adaptation terminated because the desired accuracy limit is reached.

                      ------------------------------------------------------------------------------
2026-08-09 04:49:06     Total time               :	42 s

                      ------------------------------------------------------------------------------
2026-08-09 04:49:06   

                      ------------------------------------------------------------------------------
2026-08-09 04:49:06     Calculation 18 (Frequency: 29.944 THz, Theta: 0, Phi: 0)


                      ------------------------------------------------------------------------------
2026-08-09 04:49:06   Running the PortModeSolver.

                      ------------------------------------------------------------------------------
2026-08-09 04:49:07   Adaptive mesh refinement pass 1

                      ------------------------------------------------------------------------------
2026-08-09 04:49:16     Matrix setup time        :	1 s
                        Solver setup             :	2 s
                        Degrees of freedom       :	1231206
                        Number of mesh cells     :	187032

                        Stimulation port         :	Zmin
                        Mode number              :	1
                        Accuracy                 :	9.28527e-05
                        Iterations               :	10
                        Solver time              :	5 s


                      ------------------------------------------------------------------------------
2026-08-09 04:49:21   Adaptive mesh refinement pass 2

                      ------------------------------------------------------------------------------
2026-08-09 04:49:33     Matrix setup time        :	2 s
                        Solver setup             :	3 s
                        Degrees of freedom       :	1264776
                        Number of mesh cells     :	192201

                        Stimulation port         :	Zmin
                        Mode number              :	1
                        Accuracy                 :	9.95176e-05
                        Iterations               :	10
                        Solver time              :	5 s


                      ------------------------------------------------------------------------------
2026-08-09 04:49:34     Delta calculation        
2026-08-09 04:49:34     All S-Parameters         :	9.38705e-05
2026-08-09 04:49:34   

                      ------------------------------------------------------------------------------
2026-08-09 04:49:38   Adaptive mesh refinement pass 3

                      ------------------------------------------------------------------------------
2026-08-09 04:49:51     Matrix setup time        :	2 s
                        Solver setup             :	4 s
                        Degrees of freedom       :	1298424
                        Number of mesh cells     :	197355

                        Stimulation port         :	Zmin
                        Mode number              :	1
                        Accuracy                 :	8.69563e-05
                        Iterations               :	10
                        Solver time              :	5 s


                      ------------------------------------------------------------------------------
2026-08-09 04:49:51     Delta calculation        
2026-08-09 04:49:51     All S-Parameters         :	0.000140362
2026-08-09 04:49:51   

                      ------------------------------------------------------------------------------
2026-08-09 04:49:51   Mesh adaptation terminated because the desired accuracy limit is reached.

                      ------------------------------------------------------------------------------
2026-08-09 04:49:51     Total time               :	45 s

                      ------------------------------------------------------------------------------
2026-08-09 04:49:51   

                      ------------------------------------------------------------------------------
2026-08-09 04:49:51     Calculation 19 (Frequency: 31.744 THz, Theta: 0, Phi: 0)


                      ------------------------------------------------------------------------------
2026-08-09 04:49:51   Running the PortModeSolver.

                      ------------------------------------------------------------------------------
2026-08-09 04:49:52   Adaptive mesh refinement pass 1

                      ------------------------------------------------------------------------------
2026-08-09 04:50:03     Matrix setup time        :	1 s
                        Solver setup             :	3 s
                        Degrees of freedom       :	1298424
                        Number of mesh cells     :	197355

                        Stimulation port         :	Zmin
                        Mode number              :	1
                        Accuracy                 :	9.39727e-05
                        Iterations               :	10
                        Solver time              :	5 s


                      ------------------------------------------------------------------------------
2026-08-09 04:50:07   Adaptive mesh refinement pass 2

                      ------------------------------------------------------------------------------
2026-08-09 04:50:21     Matrix setup time        :	2 s
                        Solver setup             :	4 s
                        Degrees of freedom       :	1331880
                        Number of mesh cells     :	202490

                        Stimulation port         :	Zmin
                        Mode number              :	1
                        Accuracy                 :	8.60885e-05
                        Iterations               :	10
                        Solver time              :	6 s


                      ------------------------------------------------------------------------------
2026-08-09 04:50:21     Delta calculation        
2026-08-09 04:50:21     All S-Parameters         :	0.000158917
2026-08-09 04:50:21   

                      ------------------------------------------------------------------------------
2026-08-09 04:50:26   Adaptive mesh refinement pass 3

                      ------------------------------------------------------------------------------
2026-08-09 04:50:40     Matrix setup time        :	2 s
                        Solver setup             :	4 s
                        Degrees of freedom       :	1365188
                        Number of mesh cells     :	207607

                        Stimulation port         :	Zmin
                        Mode number              :	1
                        Accuracy                 :	9.29032e-05
                        Iterations               :	10
                        Solver time              :	6 s


                      ------------------------------------------------------------------------------
2026-08-09 04:50:40     Delta calculation        
2026-08-09 04:50:40     All S-Parameters         :	0.000157814
2026-08-09 04:50:40   

                      ------------------------------------------------------------------------------
2026-08-09 04:50:40   Mesh adaptation terminated because the desired accuracy limit is reached.

                      ------------------------------------------------------------------------------
2026-08-09 04:50:40     Total time               :	48 s

                      ------------------------------------------------------------------------------
2026-08-09 04:50:40   

                      ------------------------------------------------------------------------------
2026-08-09 04:50:40     Calculation 20 (Frequency: 13.168 THz, Theta: 0, Phi: 0)


                      ------------------------------------------------------------------------------
2026-08-09 04:50:40   Running the PortModeSolver.

                      ------------------------------------------------------------------------------
2026-08-09 04:50:41   Adaptive mesh refinement pass 1

                      ------------------------------------------------------------------------------
2026-08-09 04:50:53     Matrix setup time        :	1 s
                        Solver setup             :	3 s
                        Degrees of freedom       :	1365188
                        Number of mesh cells     :	207607

                        Stimulation port         :	Zmin
                        Mode number              :	1
                        Accuracy                 :	7.08379e-05
                        Iterations               :	11
                        Solver time              :	6 s


                      ------------------------------------------------------------------------------
2026-08-09 04:50:53   The input reflection seems to be large at 13.168 THz, Theta: 0, Phi: 0.  More...

                      ------------------------------------------------------------------------------
2026-08-09 04:50:58   Adaptive mesh refinement pass 2

                      ------------------------------------------------------------------------------
2026-08-09 04:51:11     Matrix setup time        :	2 s
                        Solver setup             :	4 s
                        Degrees of freedom       :	1400828
                        Number of mesh cells     :	212997

                        Stimulation port         :	Zmin
                        Mode number              :	1
                        Accuracy                 :	9.85182e-05
                        Iterations               :	10
                        Solver time              :	6 s


                      ------------------------------------------------------------------------------
2026-08-09 04:51:12     Delta calculation        
2026-08-09 04:51:12     All S-Parameters         :	0.00316437
2026-08-09 04:51:12   

                      ------------------------------------------------------------------------------
2026-08-09 04:51:16   Adaptive mesh refinement pass 3

                      ------------------------------------------------------------------------------
2026-08-09 04:51:32     Matrix setup time        :	3 s
                        Solver setup             :	5 s
                        Degrees of freedom       :	1435838
                        Number of mesh cells     :	218284

                        Stimulation port         :	Zmin
                        Mode number              :	1
                        Accuracy                 :	8.22453e-05
                        Iterations               :	10
                        Solver time              :	6 s


                      ------------------------------------------------------------------------------
2026-08-09 04:51:33     Delta calculation        
2026-08-09 04:51:33     All S-Parameters         :	0.000493665
2026-08-09 04:51:33   

                      ------------------------------------------------------------------------------
2026-08-09 04:51:33   Mesh adaptation terminated because the desired accuracy limit is reached.

                      ------------------------------------------------------------------------------
2026-08-09 04:51:33     Total time               :	52 s

                      ------------------------------------------------------------------------------
2026-08-09 04:51:33   

                      ------------------------------------------------------------------------------
2026-08-09 04:51:33     Calculation 21 (Frequency: 17.92 THz, Theta: 0, Phi: 0)


                      ------------------------------------------------------------------------------
2026-08-09 04:51:33   Running the PortModeSolver.

                      ------------------------------------------------------------------------------
2026-08-09 04:51:34   Adaptive mesh refinement pass 1

                      ------------------------------------------------------------------------------
2026-08-09 04:51:48     Matrix setup time        :	1 s
                        Solver setup             :	3 s
                        Degrees of freedom       :	1435838
                        Number of mesh cells     :	218284

                        Stimulation port         :	Zmin
                        Mode number              :	1
                        Accuracy                 :	5.49388e-05
                        Iterations               :	13
                        Solver time              :	8 s


                      ------------------------------------------------------------------------------
2026-08-09 04:51:53   Adaptive mesh refinement pass 2

                      ------------------------------------------------------------------------------
2026-08-09 04:52:09     Matrix setup time        :	3 s
                        Solver setup             :	5 s
                        Degrees of freedom       :	1470566
                        Number of mesh cells     :	223554

                        Stimulation port         :	Zmin
                        Mode number              :	1
                        Accuracy                 :	8.76356e-05
                        Iterations               :	11
                        Solver time              :	7 s


                      ------------------------------------------------------------------------------
2026-08-09 04:52:10     Delta calculation        
2026-08-09 04:52:10     All S-Parameters         :	0.00161881
2026-08-09 04:52:10   

                      ------------------------------------------------------------------------------
2026-08-09 04:52:14   Adaptive mesh refinement pass 3

                      ------------------------------------------------------------------------------
2026-08-09 04:52:31     Matrix setup time        :	3 s
                        Solver setup             :	5 s
                        Degrees of freedom       :	1505052
                        Number of mesh cells     :	228793

                        Stimulation port         :	Zmin
                        Mode number              :	1
                        Accuracy                 :	8.00407e-05
                        Iterations               :	11
                        Solver time              :	7 s


                      ------------------------------------------------------------------------------
2026-08-09 04:52:32     Delta calculation        
2026-08-09 04:52:32     All S-Parameters         :	0.000378284
2026-08-09 04:52:32   

                      ------------------------------------------------------------------------------
2026-08-09 04:52:32   Mesh adaptation terminated because the desired accuracy limit is reached.

                      ------------------------------------------------------------------------------
2026-08-09 04:52:32     Total time               :	58 s

                      ------------------------------------------------------------------------------
2026-08-09 04:52:32   

                      ------------------------------------------------------------------------------
2026-08-09 04:52:32     Calculation 22 (Frequency: 12.952 THz, Theta: 0, Phi: 0)


                      ------------------------------------------------------------------------------
2026-08-09 04:52:32   Running the PortModeSolver.

                      ------------------------------------------------------------------------------
2026-08-09 04:52:33   Adaptive mesh refinement pass 1

                      ------------------------------------------------------------------------------
2026-08-09 04:52:46     Matrix setup time        :	1 s
                        Solver setup             :	4 s
                        Degrees of freedom       :	1505052
                        Number of mesh cells     :	228793

                        Stimulation port         :	Zmin
                        Mode number              :	1
                        Accuracy                 :	9.0438e-05
                        Iterations               :	11
                        Solver time              :	7 s


                      ------------------------------------------------------------------------------
2026-08-09 04:52:47   The input reflection seems to be large at 12.952 THz, Theta: 0, Phi: 0.  More...

                      ------------------------------------------------------------------------------
2026-08-09 04:52:52   Adaptive mesh refinement pass 2

                      ------------------------------------------------------------------------------
2026-08-09 04:53:08     Matrix setup time        :	3 s
                        Solver setup             :	6 s
                        Degrees of freedom       :	1539128
                        Number of mesh cells     :	233980

                        Stimulation port         :	Zmin
                        Mode number              :	1
                        Accuracy                 :	8.64067e-05
                        Iterations               :	9
                        Solver time              :	6 s


                      ------------------------------------------------------------------------------
2026-08-09 04:53:08     Delta calculation        
2026-08-09 04:53:08     All S-Parameters         :	0.000621926
2026-08-09 04:53:08   

                      ------------------------------------------------------------------------------
2026-08-09 04:53:13   Adaptive mesh refinement pass 3

                      ------------------------------------------------------------------------------
2026-08-09 04:53:30     Matrix setup time        :	3 s
                        Solver setup             :	6 s
                        Degrees of freedom       :	1573250
                        Number of mesh cells     :	239156

                        Stimulation port         :	Zmin
                        Mode number              :	1
                        Accuracy                 :	8.06393e-05
                        Iterations               :	9
                        Solver time              :	7 s


                      ------------------------------------------------------------------------------
2026-08-09 04:53:31     Delta calculation        
2026-08-09 04:53:31     All S-Parameters         :	0.000295212
2026-08-09 04:53:31   

                      ------------------------------------------------------------------------------
2026-08-09 04:53:31   Mesh adaptation terminated because the desired accuracy limit is reached.

                      ------------------------------------------------------------------------------
2026-08-09 04:53:31     Total time               :	58 s

                      ------------------------------------------------------------------------------
2026-08-09 04:53:31   

                      ------------------------------------------------------------------------------
2026-08-09 04:53:31     Calculation 23 (Frequency: 15.424 THz, Theta: 0, Phi: 0)


                      ------------------------------------------------------------------------------
2026-08-09 04:53:31   Running the PortModeSolver.

                      ------------------------------------------------------------------------------
2026-08-09 04:53:32   Adaptive mesh refinement pass 1

                      ------------------------------------------------------------------------------
2026-08-09 04:53:46     Matrix setup time        :	1 s
                        Solver setup             :	4 s
                        Degrees of freedom       :	1573250
                        Number of mesh cells     :	239156

                        Stimulation port         :	Zmin
                        Mode number              :	1
                        Accuracy                 :	8.14084e-05
                        Iterations               :	10
                        Solver time              :	7 s


                      ------------------------------------------------------------------------------
2026-08-09 04:53:46   The input reflection seems to be large at 15.424 THz, Theta: 0, Phi: 0.  More...

                      ------------------------------------------------------------------------------
2026-08-09 04:53:51   Adaptive mesh refinement pass 2

                      ------------------------------------------------------------------------------
2026-08-09 04:54:09     Matrix setup time        :	3 s
                        Solver setup             :	5 s
                        Degrees of freedom       :	1607414
                        Number of mesh cells     :	244361

                        Stimulation port         :	Zmin
                        Mode number              :	1
                        Accuracy                 :	5.44776e-05
                        Iterations               :	10
                        Solver time              :	8 s


                      ------------------------------------------------------------------------------
2026-08-09 04:54:09     Delta calculation        
2026-08-09 04:54:09     All S-Parameters         :	0.00165849
2026-08-09 04:54:09   

                      ------------------------------------------------------------------------------
2026-08-09 04:54:14   Adaptive mesh refinement pass 3

                      ------------------------------------------------------------------------------
2026-08-09 04:54:31     Matrix setup time        :	3 s
                        Solver setup             :	5 s
                        Degrees of freedom       :	1641568
                        Number of mesh cells     :	249555

                        Stimulation port         :	Zmin
                        Mode number              :	1
                        Accuracy                 :	5.09379e-05
                        Iterations               :	10
                        Solver time              :	7 s


                      ------------------------------------------------------------------------------
2026-08-09 04:54:32     Delta calculation        
2026-08-09 04:54:32     All S-Parameters         :	0.000152352
2026-08-09 04:54:32   

                      ------------------------------------------------------------------------------
2026-08-09 04:54:32   Mesh adaptation terminated because the desired accuracy limit is reached.

                      ------------------------------------------------------------------------------
2026-08-09 04:54:32     Total time               :	61 s	 (= 0 h, 01 m, 01 s)

                      ------------------------------------------------------------------------------
2026-08-09 04:54:32   

                      ------------------------------------------------------------------------------
2026-08-09 04:54:32     Calculation 24 (Frequency: 32.992 THz, Theta: 0, Phi: 0)


                      ------------------------------------------------------------------------------
2026-08-09 04:54:32   Running the PortModeSolver.

                      ------------------------------------------------------------------------------
2026-08-09 04:54:33   Adaptive mesh refinement pass 1

                      ------------------------------------------------------------------------------
2026-08-09 04:54:48     Matrix setup time        :	1 s
                        Solver setup             :	4 s
                        Degrees of freedom       :	1641568
                        Number of mesh cells     :	249555

                        Stimulation port         :	Zmin
                        Mode number              :	1
                        Accuracy                 :	4.0418e-05
                        Iterations               :	11
                        Solver time              :	8 s


                      ------------------------------------------------------------------------------
2026-08-09 04:54:54   Adaptive mesh refinement pass 2

                      ------------------------------------------------------------------------------
2026-08-09 04:55:12     Matrix setup time        :	3 s
                        Solver setup             :	6 s
                        Degrees of freedom       :	1675204
                        Number of mesh cells     :	254705

                        Stimulation port         :	Zmin
                        Mode number              :	1
                        Accuracy                 :	6.7338e-05
                        Iterations               :	10
                        Solver time              :	7 s


                      ------------------------------------------------------------------------------
2026-08-09 04:55:12     Delta calculation        
2026-08-09 04:55:12     All S-Parameters         :	0.000191087
2026-08-09 04:55:12   

                      ------------------------------------------------------------------------------
2026-08-09 04:55:18   Adaptive mesh refinement pass 3

                      ------------------------------------------------------------------------------
2026-08-09 04:55:36     Matrix setup time        :	3 s
                        Solver setup             :	6 s
                        Degrees of freedom       :	1708382
                        Number of mesh cells     :	259817

                        Stimulation port         :	Zmin
                        Mode number              :	1
                        Accuracy                 :	6.27053e-05
                        Iterations               :	10
                        Solver time              :	7 s


                      ------------------------------------------------------------------------------
2026-08-09 04:55:36     Delta calculation        
2026-08-09 04:55:36     All S-Parameters         :	5.43477e-05
2026-08-09 04:55:36   

                      ------------------------------------------------------------------------------
2026-08-09 04:55:36   Mesh adaptation terminated because the desired accuracy limit is reached.

                      ------------------------------------------------------------------------------
2026-08-09 04:55:36     Total time               :	64 s	 (= 0 h, 01 m, 04 s)

                      ------------------------------------------------------------------------------
2026-08-09 04:55:36   

                      ------------------------------------------------------------------------------
2026-08-09 04:55:36     Calculation 25 (Frequency: 27.64 THz, Theta: 0, Phi: 0)


                      ------------------------------------------------------------------------------
2026-08-09 04:55:36   Running the PortModeSolver.

                      ------------------------------------------------------------------------------
2026-08-09 04:55:37   Adaptive mesh refinement pass 1

                      ------------------------------------------------------------------------------
2026-08-09 04:55:52     Matrix setup time        :	1 s
                        Solver setup             :	4 s
                        Degrees of freedom       :	1708382
                        Number of mesh cells     :	259817

                        Stimulation port         :	Zmin
                        Mode number              :	1
                        Accuracy                 :	9.84767e-05
                        Iterations               :	11
                        Solver time              :	8 s


                      ------------------------------------------------------------------------------
2026-08-09 04:55:58   Adaptive mesh refinement pass 2

                      ------------------------------------------------------------------------------
2026-08-09 04:56:18     Matrix setup time        :	3 s
                        Solver setup             :	7 s
                        Degrees of freedom       :	1741500
                        Number of mesh cells     :	264920

                        Stimulation port         :	Zmin
                        Mode number              :	1
                        Accuracy                 :	7.06644e-05
                        Iterations               :	10
                        Solver time              :	8 s


                      ------------------------------------------------------------------------------
2026-08-09 04:56:18     Delta calculation        
2026-08-09 04:56:18     All S-Parameters         :	9.05309e-05
2026-08-09 04:56:18   

                      ------------------------------------------------------------------------------
2026-08-09 04:56:24   Adaptive mesh refinement pass 3

                      ------------------------------------------------------------------------------
2026-08-09 04:56:45     Matrix setup time        :	3 s
                        Solver setup             :	8 s
                        Degrees of freedom       :	1775128
                        Number of mesh cells     :	270085

                        Stimulation port         :	Zmin
                        Mode number              :	1
                        Accuracy                 :	6.92857e-05
                        Iterations               :	10
                        Solver time              :	8 s


                      ------------------------------------------------------------------------------
2026-08-09 04:56:45     Delta calculation        
2026-08-09 04:56:45     All S-Parameters         :	0.000149501
2026-08-09 04:56:45   

                      ------------------------------------------------------------------------------
2026-08-09 04:56:45   Mesh adaptation terminated because the desired accuracy limit is reached.

                      ------------------------------------------------------------------------------
2026-08-09 04:56:45     Total time               :	68 s	 (= 0 h, 01 m, 08 s)

                      ------------------------------------------------------------------------------
2026-08-09 04:56:45   

                      ------------------------------------------------------------------------------
2026-08-09 04:56:45     Calculation 26 (Frequency: 17.464 THz, Theta: 0, Phi: 0)


                      ------------------------------------------------------------------------------
2026-08-09 04:56:45   Running the PortModeSolver.

                      ------------------------------------------------------------------------------
2026-08-09 04:56:46   Adaptive mesh refinement pass 1

                      ------------------------------------------------------------------------------
2026-08-09 04:57:03     Matrix setup time        :	1 s
                        Solver setup             :	6 s
                        Degrees of freedom       :	1775128
                        Number of mesh cells     :	270085

                        Stimulation port         :	Zmin
                        Mode number              :	1
                        Accuracy                 :	8.90925e-05
                        Iterations               :	10
                        Solver time              :	8 s


                      ------------------------------------------------------------------------------
2026-08-09 04:57:10   Adaptive mesh refinement pass 2

                      ------------------------------------------------------------------------------
2026-08-09 04:57:32     Matrix setup time        :	3 s
                        Solver setup             :	7 s
                        Degrees of freedom       :	1809432
                        Number of mesh cells     :	275293

                        Stimulation port         :	Zmin
                        Mode number              :	1
                        Accuracy                 :	8.50735e-05
                        Iterations               :	10
                        Solver time              :	8 s


                      ------------------------------------------------------------------------------
2026-08-09 04:57:33     Delta calculation        
2026-08-09 04:57:33     All S-Parameters         :	0.000383602
2026-08-09 04:57:33   

                      ------------------------------------------------------------------------------
2026-08-09 04:57:39   Adaptive mesh refinement pass 3

                      ------------------------------------------------------------------------------
2026-08-09 04:57:59     Matrix setup time        :	3 s
                        Solver setup             :	7 s
                        Degrees of freedom       :	1843678
                        Number of mesh cells     :	280500

                        Stimulation port         :	Zmin
                        Mode number              :	1
                        Accuracy                 :	8.04184e-05
                        Iterations               :	10
                        Solver time              :	8 s


                      ------------------------------------------------------------------------------
2026-08-09 04:57:59     Delta calculation        
2026-08-09 04:57:59     All S-Parameters         :	0.000225915
2026-08-09 04:57:59   

                      ------------------------------------------------------------------------------
2026-08-09 04:57:59   Mesh adaptation terminated because the desired accuracy limit is reached.

                      ------------------------------------------------------------------------------
2026-08-09 04:57:59     Total time               :	72 s	 (= 0 h, 01 m, 12 s)

                      ------------------------------------------------------------------------------
2026-08-09 04:57:59   

                      ------------------------------------------------------------------------------
2026-08-09 04:57:59     Calculation 27 (Frequency: 26.896 THz, Theta: 0, Phi: 0)


                      ------------------------------------------------------------------------------
2026-08-09 04:57:59   Running the PortModeSolver.

                      ------------------------------------------------------------------------------
2026-08-09 04:58:00   Adaptive mesh refinement pass 1

                      ------------------------------------------------------------------------------
2026-08-09 04:58:19     Matrix setup time        :	1 s
                        Solver setup             :	5 s
                        Degrees of freedom       :	1843678
                        Number of mesh cells     :	280500

                        Stimulation port         :	Zmin
                        Mode number              :	1
                        Accuracy                 :	5.26983e-05
                        Iterations               :	12
                        Solver time              :	10 s


                      ------------------------------------------------------------------------------
2026-08-09 04:58:26   Adaptive mesh refinement pass 2

                      ------------------------------------------------------------------------------
2026-08-09 04:58:47     Matrix setup time        :	4 s
                        Solver setup             :	7 s
                        Degrees of freedom       :	1877406
                        Number of mesh cells     :	285665

                        Stimulation port         :	Zmin
                        Mode number              :	1
                        Accuracy                 :	7.83006e-05
                        Iterations               :	11
                        Solver time              :	9 s


                      ------------------------------------------------------------------------------
2026-08-09 04:58:48     Delta calculation        
2026-08-09 04:58:48     All S-Parameters         :	0.000154057
2026-08-09 04:58:48   

                      ------------------------------------------------------------------------------
2026-08-09 04:58:54   Adaptive mesh refinement pass 3

                      ------------------------------------------------------------------------------
2026-08-09 04:59:17     Matrix setup time        :	4 s
                        Solver setup             :	8 s
                        Degrees of freedom       :	1911094
                        Number of mesh cells     :	290817

                        Stimulation port         :	Zmin
                        Mode number              :	1
                        Accuracy                 :	7.59225e-05
                        Iterations               :	11
                        Solver time              :	10 s


                      ------------------------------------------------------------------------------
2026-08-09 04:59:17     Delta calculation        
2026-08-09 04:59:17     All S-Parameters         :	0.000100297
2026-08-09 04:59:17   

                      ------------------------------------------------------------------------------
2026-08-09 04:59:17   Mesh adaptation terminated because the desired accuracy limit is reached.

                      ------------------------------------------------------------------------------
2026-08-09 04:59:18     Total time               :	78 s	 (= 0 h, 01 m, 18 s)

                      ------------------------------------------------------------------------------
2026-08-09 04:59:18   

                      ------------------------------------------------------------------------------
2026-08-09 04:59:18     Calculation 28 (Frequency: 26.44 THz, Theta: 0, Phi: 0)


                      ------------------------------------------------------------------------------
2026-08-09 04:59:18   Running the PortModeSolver.

                      ------------------------------------------------------------------------------
2026-08-09 04:59:19   Adaptive mesh refinement pass 1

                      ------------------------------------------------------------------------------
2026-08-09 04:59:37     Matrix setup time        :	1 s
                        Solver setup             :	6 s
                        Degrees of freedom       :	1911094
                        Number of mesh cells     :	290817

                        Stimulation port         :	Zmin
                        Mode number              :	1
                        Accuracy                 :	8.31641e-05
                        Iterations               :	11
                        Solver time              :	10 s


                      ------------------------------------------------------------------------------
2026-08-09 04:59:44   Adaptive mesh refinement pass 2

                      ------------------------------------------------------------------------------
2026-08-09 05:00:07     Matrix setup time        :	4 s
                        Solver setup             :	8 s
                        Degrees of freedom       :	1944876
                        Number of mesh cells     :	295986

                        Stimulation port         :	Zmin
                        Mode number              :	1
                        Accuracy                 :	9.79241e-05
                        Iterations               :	12
                        Solver time              :	11 s


                      ------------------------------------------------------------------------------
2026-08-09 05:00:08     Delta calculation        
2026-08-09 05:00:08     All S-Parameters         :	0.000126594
2026-08-09 05:00:08   

                      ------------------------------------------------------------------------------
2026-08-09 05:00:15   Adaptive mesh refinement pass 3

                      ------------------------------------------------------------------------------
2026-08-09 05:00:39     Matrix setup time        :	4 s
                        Solver setup             :	8 s
                        Degrees of freedom       :	1978634
                        Number of mesh cells     :	301160

                        Stimulation port         :	Zmin
                        Mode number              :	1
                        Accuracy                 :	9.14074e-05
                        Iterations               :	12
                        Solver time              :	11 s


                      ------------------------------------------------------------------------------
2026-08-09 05:00:39     Delta calculation        
2026-08-09 05:00:39     All S-Parameters         :	8.80361e-05
2026-08-09 05:00:39   

                      ------------------------------------------------------------------------------
2026-08-09 05:00:39   Mesh adaptation terminated because the desired accuracy limit is reached.

                      ------------------------------------------------------------------------------
2026-08-09 05:00:40     Total time               :	81 s	 (= 0 h, 01 m, 21 s)

                      ------------------------------------------------------------------------------
2026-08-09 05:00:40   

                      ------------------------------------------------------------------------------
2026-08-09 05:00:40     Calculation 29 (Frequency: 27.208 THz, Theta: 0, Phi: 0)


                      ------------------------------------------------------------------------------
2026-08-09 05:00:40   Running the PortModeSolver.

                      ------------------------------------------------------------------------------
2026-08-09 05:00:41   Adaptive mesh refinement pass 1

                      ------------------------------------------------------------------------------
2026-08-09 05:00:58     Matrix setup time        :	2 s
                        Solver setup             :	6 s
                        Degrees of freedom       :	1978634
                        Number of mesh cells     :	301160

                        Stimulation port         :	Zmin
                        Mode number              :	1
                        Accuracy                 :	8.43109e-05
                        Iterations               :	9
                        Solver time              :	8 s


                      ------------------------------------------------------------------------------
2026-08-09 05:01:05   Adaptive mesh refinement pass 2

                      ------------------------------------------------------------------------------
2026-08-09 05:01:28     Matrix setup time        :	4 s
                        Solver setup             :	8 s
                        Degrees of freedom       :	2011642
                        Number of mesh cells     :	306267

                        Stimulation port         :	Zmin
                        Mode number              :	1
                        Accuracy                 :	8.58906e-05
                        Iterations               :	10
                        Solver time              :	9 s


                      ------------------------------------------------------------------------------
2026-08-09 05:01:28     Delta calculation        
2026-08-09 05:01:28     All S-Parameters         :	7.44398e-05
2026-08-09 05:01:28   

                      ------------------------------------------------------------------------------
2026-08-09 05:01:35   Adaptive mesh refinement pass 3

                      ------------------------------------------------------------------------------
2026-08-09 05:01:58     Matrix setup time        :	4 s
                        Solver setup             :	9 s
                        Degrees of freedom       :	2044804
                        Number of mesh cells     :	311389

                        Stimulation port         :	Zmin
                        Mode number              :	1
                        Accuracy                 :	8.42781e-05
                        Iterations               :	10
                        Solver time              :	9 s


                      ------------------------------------------------------------------------------
2026-08-09 05:01:59     Delta calculation        
2026-08-09 05:01:59     All S-Parameters         :	3.36851e-05
2026-08-09 05:01:59   

                      ------------------------------------------------------------------------------
2026-08-09 05:01:59   Mesh adaptation terminated because the desired accuracy limit is reached.

                      ------------------------------------------------------------------------------
2026-08-09 05:01:59     Total time               :	79 s	 (= 0 h, 01 m, 19 s)

                      ------------------------------------------------------------------------------
2026-08-09 05:01:59   

                      ------------------------------------------------------------------------------
2026-08-09 05:01:59     Calculation 30 (Frequency: 26.488 THz, Theta: 0, Phi: 0)


                      ------------------------------------------------------------------------------
2026-08-09 05:01:59   Running the PortModeSolver.

                      ------------------------------------------------------------------------------
2026-08-09 05:02:00   Adaptive mesh refinement pass 1

                      ------------------------------------------------------------------------------
2026-08-09 05:02:24     Matrix setup time        :	1 s
                        Solver setup             :	7 s
                        Degrees of freedom       :	2044804
                        Number of mesh cells     :	311389

                        Stimulation port         :	Zmin
                        Mode number              :	1
                        Accuracy                 :	8.93276e-05
                        Iterations               :	15
                        Solver time              :	14 s


                      ------------------------------------------------------------------------------
2026-08-09 05:02:31   Adaptive mesh refinement pass 2

                      ------------------------------------------------------------------------------
2026-08-09 05:03:00     Matrix setup time        :	4 s
                        Solver setup             :	8 s
                        Degrees of freedom       :	2078186
                        Number of mesh cells     :	316516

                        Stimulation port         :	Zmin
                        Mode number              :	1
                        Accuracy                 :	7.84672e-05
                        Iterations               :	15
                        Solver time              :	15 s


                      ------------------------------------------------------------------------------
2026-08-09 05:03:00     Delta calculation        
2026-08-09 05:03:00     All S-Parameters         :	8.83951e-05
2026-08-09 05:03:00   

                      ------------------------------------------------------------------------------
2026-08-09 05:03:08   Adaptive mesh refinement pass 3

                      ------------------------------------------------------------------------------
2026-08-09 05:03:36     Matrix setup time        :	4 s
                        Solver setup             :	9 s
                        Degrees of freedom       :	2111926
                        Number of mesh cells     :	321673

                        Stimulation port         :	Zmin
                        Mode number              :	1
                        Accuracy                 :	8.9011e-05
                        Iterations               :	15
                        Solver time              :	15 s


                      ------------------------------------------------------------------------------
2026-08-09 05:03:37     Delta calculation        
2026-08-09 05:03:37     All S-Parameters         :	8.05299e-05
2026-08-09 05:03:37   

                      ------------------------------------------------------------------------------
2026-08-09 05:03:37   Mesh adaptation terminated because the desired accuracy limit is reached.

                      ------------------------------------------------------------------------------
2026-08-09 05:03:37     Total time               :	98 s	 (= 0 h, 01 m, 38 s)

                      ------------------------------------------------------------------------------
2026-08-09 05:03:37   

                      ------------------------------------------------------------------------------
2026-08-09 05:03:37     Calculation 31 (Frequency: 32.776 THz, Theta: 0, Phi: 0)


                      ------------------------------------------------------------------------------
2026-08-09 05:03:37   Running the PortModeSolver.

                      ------------------------------------------------------------------------------
2026-08-09 05:03:39   Adaptive mesh refinement pass 1

                      ------------------------------------------------------------------------------
2026-08-09 05:03:57     Matrix setup time        :	2 s
                        Solver setup             :	7 s
                        Degrees of freedom       :	2111926
                        Number of mesh cells     :	321673

                        Stimulation port         :	Zmin
                        Mode number              :	1
                        Accuracy                 :	9.58377e-05
                        Iterations               :	9
                        Solver time              :	9 s


                      ------------------------------------------------------------------------------
2026-08-09 05:04:05   Adaptive mesh refinement pass 2

                      ------------------------------------------------------------------------------
2026-08-09 05:04:29     Matrix setup time        :	4 s
                        Solver setup             :	9 s
                        Degrees of freedom       :	2144856
                        Number of mesh cells     :	326776

                        Stimulation port         :	Zmin
                        Mode number              :	1
                        Accuracy                 :	9.86219e-05
                        Iterations               :	9
                        Solver time              :	9 s


                      ------------------------------------------------------------------------------
2026-08-09 05:04:29     Delta calculation        
2026-08-09 05:04:29     All S-Parameters         :	8.58798e-05
2026-08-09 05:04:29   

                      ------------------------------------------------------------------------------
2026-08-09 05:04:36   Adaptive mesh refinement pass 3

                      ------------------------------------------------------------------------------
2026-08-09 05:05:01     Matrix setup time        :	4 s
                        Solver setup             :	9 s
                        Degrees of freedom       :	2178128
                        Number of mesh cells     :	331898

                        Stimulation port         :	Zmin
                        Mode number              :	1
                        Accuracy                 :	9.37157e-05
                        Iterations               :	9
                        Solver time              :	9 s


                      ------------------------------------------------------------------------------
2026-08-09 05:05:01     Delta calculation        
2026-08-09 05:05:01     All S-Parameters         :	4.75757e-05
2026-08-09 05:05:01   

                      ------------------------------------------------------------------------------
2026-08-09 05:05:01   Mesh adaptation terminated because the desired accuracy limit is reached.

                      ------------------------------------------------------------------------------
2026-08-09 05:05:01     Total time               :	84 s	 (= 0 h, 01 m, 24 s)

                      ------------------------------------------------------------------------------
2026-08-09 05:05:01   

                      ------------------------------------------------------------------------------
2026-08-09 05:05:01     Calculation 32 (Frequency: 11.392 THz, Theta: 0, Phi: 0)


                      ------------------------------------------------------------------------------
2026-08-09 05:05:01   Running the PortModeSolver.

                      ------------------------------------------------------------------------------
2026-08-09 05:05:03   Adaptive mesh refinement pass 1

                      ------------------------------------------------------------------------------
2026-08-09 05:05:21     Matrix setup time        :	2 s
                        Solver setup             :	7 s
                        Degrees of freedom       :	2178128
                        Number of mesh cells     :	331898

                        Stimulation port         :	Zmin
                        Mode number              :	1
                        Accuracy                 :	7.88738e-05
                        Iterations               :	8
                        Solver time              :	8 s


                      ------------------------------------------------------------------------------
2026-08-09 05:05:29   Adaptive mesh refinement pass 2

                      ------------------------------------------------------------------------------
2026-08-09 05:05:52     Matrix setup time        :	4 s
                        Solver setup             :	10 s
                        Degrees of freedom       :	2212070
                        Number of mesh cells     :	337072

                        Stimulation port         :	Zmin
                        Mode number              :	1
                        Accuracy                 :	7.08632e-05
                        Iterations               :	8
                        Solver time              :	8 s


                      ------------------------------------------------------------------------------
2026-08-09 05:05:53     Delta calculation        
2026-08-09 05:05:53     All S-Parameters         :	0.000246957
2026-08-09 05:05:53   

                      ------------------------------------------------------------------------------
2026-08-09 05:06:00   Adaptive mesh refinement pass 3

                      ------------------------------------------------------------------------------
2026-08-09 05:06:25     Matrix setup time        :	4 s
                        Solver setup             :	10 s
                        Degrees of freedom       :	2246388
                        Number of mesh cells     :	342283

                        Stimulation port         :	Zmin
                        Mode number              :	1
                        Accuracy                 :	6.69231e-05
                        Iterations               :	8
                        Solver time              :	9 s


                      ------------------------------------------------------------------------------
2026-08-09 05:06:25     Delta calculation        
2026-08-09 05:06:25     All S-Parameters         :	0.000162864
2026-08-09 05:06:25   

                      ------------------------------------------------------------------------------
2026-08-09 05:06:25   Mesh adaptation terminated because the desired accuracy limit is reached.

                      ------------------------------------------------------------------------------
2026-08-09 05:06:26     Total time               :	83 s	 (= 0 h, 01 m, 23 s)

                      ------------------------------------------------------------------------------
2026-08-09 05:06:26   

                      ------------------------------------------------------------------------------
2026-08-09 05:06:26     Calculation 33 (Frequency: 14.464 THz, Theta: 0, Phi: 0)


                      ------------------------------------------------------------------------------
2026-08-09 05:06:26   Running the PortModeSolver.

                      ------------------------------------------------------------------------------
2026-08-09 05:06:27   Adaptive mesh refinement pass 1

                      ------------------------------------------------------------------------------
2026-08-09 05:06:51     Matrix setup time        :	2 s
                        Solver setup             :	8 s
                        Degrees of freedom       :	2246388
                        Number of mesh cells     :	342283

                        Stimulation port         :	Zmin
                        Mode number              :	1
                        Accuracy                 :	8.99817e-05
                        Iterations               :	12
                        Solver time              :	13 s


                      ------------------------------------------------------------------------------
2026-08-09 05:06:58   Adaptive mesh refinement pass 2

                      ------------------------------------------------------------------------------
2026-08-09 05:07:28     Matrix setup time        :	4 s
                        Solver setup             :	11 s
                        Degrees of freedom       :	2280912
                        Number of mesh cells     :	347487

                        Stimulation port         :	Zmin
                        Mode number              :	1
                        Accuracy                 :	8.7322e-05
                        Iterations               :	12
                        Solver time              :	13 s


                      ------------------------------------------------------------------------------
2026-08-09 05:07:29     Delta calculation        
2026-08-09 05:07:29     All S-Parameters         :	0.00172625
2026-08-09 05:07:29   

                      ------------------------------------------------------------------------------
2026-08-09 05:07:37   Adaptive mesh refinement pass 3

                      ------------------------------------------------------------------------------
2026-08-09 05:08:04     Matrix setup time        :	4 s
                        Solver setup             :	10 s
                        Degrees of freedom       :	2315240
                        Number of mesh cells     :	352696

                        Stimulation port         :	Zmin
                        Mode number              :	1
                        Accuracy                 :	5.51894e-05
                        Iterations               :	11
                        Solver time              :	12 s


                      ------------------------------------------------------------------------------
2026-08-09 05:08:05     Delta calculation        
2026-08-09 05:08:05     All S-Parameters         :	0.0010555
2026-08-09 05:08:05   

                      ------------------------------------------------------------------------------
2026-08-09 05:08:05   Mesh adaptation terminated because the desired accuracy limit is reached.

                      ------------------------------------------------------------------------------
2026-08-09 05:08:05     Total time               :	99 s	 (= 0 h, 01 m, 39 s)

                      ------------------------------------------------------------------------------
2026-08-09 05:08:05   

                      ------------------------------------------------------------------------------
2026-08-09 05:08:05     Calculation 34 (Frequency: 15.688 THz, Theta: 0, Phi: 0)


                      ------------------------------------------------------------------------------
2026-08-09 05:08:05   Running the PortModeSolver.

                      ------------------------------------------------------------------------------
2026-08-09 05:08:06   Adaptive mesh refinement pass 1

                      ------------------------------------------------------------------------------
2026-08-09 05:08:29     Matrix setup time        :	2 s
                        Solver setup             :	8 s
                        Degrees of freedom       :	2315240
                        Number of mesh cells     :	352696

                        Stimulation port         :	Zmin
                        Mode number              :	1
                        Accuracy                 :	7.66597e-05
                        Iterations               :	11
                        Solver time              :	12 s


                      ------------------------------------------------------------------------------
2026-08-09 05:08:30   The input reflection seems to be large at 15.688 THz, Theta: 0, Phi: 0.  More...

                      ------------------------------------------------------------------------------
2026-08-09 05:08:37   Adaptive mesh refinement pass 2

                      ------------------------------------------------------------------------------
2026-08-09 05:09:03     Matrix setup time        :	4 s
                        Solver setup             :	11 s
                        Degrees of freedom       :	2349368
                        Number of mesh cells     :	357891

                        Stimulation port         :	Zmin
                        Mode number              :	1
                        Accuracy                 :	9.44625e-05
                        Iterations               :	8
                        Solver time              :	9 s


                      ------------------------------------------------------------------------------
2026-08-09 05:09:04     Delta calculation        
2026-08-09 05:09:04     All S-Parameters         :	0.000410876
2026-08-09 05:09:04   

                      ------------------------------------------------------------------------------
2026-08-09 05:09:11   Adaptive mesh refinement pass 3

                      ------------------------------------------------------------------------------
2026-08-09 05:09:37     Matrix setup time        :	5 s
                        Solver setup             :	11 s
                        Degrees of freedom       :	2383256
                        Number of mesh cells     :	363069

                        Stimulation port         :	Zmin
                        Mode number              :	1
                        Accuracy                 :	9.13595e-05
                        Iterations               :	8
                        Solver time              :	9 s


                      ------------------------------------------------------------------------------
2026-08-09 05:09:38     Delta calculation        
2026-08-09 05:09:38     All S-Parameters         :	7.99812e-05
2026-08-09 05:09:38   

                      ------------------------------------------------------------------------------
2026-08-09 05:09:38   Mesh adaptation terminated because the desired accuracy limit is reached.

                      ------------------------------------------------------------------------------
2026-08-09 05:09:38     Total time               :	93 s	 (= 0 h, 01 m, 33 s)

                      ------------------------------------------------------------------------------
2026-08-09 05:09:38   

                      ------------------------------------------------------------------------------
2026-08-09 05:09:38     Calculation 35 (Frequency: 18.808 THz, Theta: 0, Phi: 0)


                      ------------------------------------------------------------------------------
2026-08-09 05:09:38   Running the PortModeSolver.

                      ------------------------------------------------------------------------------
2026-08-09 05:09:40   Adaptive mesh refinement pass 1

                      ------------------------------------------------------------------------------
2026-08-09 05:10:04     Matrix setup time        :	2 s
                        Solver setup             :	8 s
                        Degrees of freedom       :	2383256
                        Number of mesh cells     :	363069

                        Stimulation port         :	Zmin
                        Mode number              :	1
                        Accuracy                 :	8.49528e-05
                        Iterations               :	11
                        Solver time              :	13 s


                      ------------------------------------------------------------------------------
2026-08-09 05:10:12   Adaptive mesh refinement pass 2

                      ------------------------------------------------------------------------------
2026-08-09 05:10:43     Matrix setup time        :	5 s
                        Solver setup             :	13 s
                        Degrees of freedom       :	2417552
                        Number of mesh cells     :	368327

                        Stimulation port         :	Zmin
                        Mode number              :	1
                        Accuracy                 :	9.4966e-05
                        Iterations               :	10
                        Solver time              :	12 s


                      ------------------------------------------------------------------------------
2026-08-09 05:10:44     Delta calculation        
2026-08-09 05:10:44     All S-Parameters         :	0.00045671
2026-08-09 05:10:44   

                      ------------------------------------------------------------------------------
2026-08-09 05:10:52   Adaptive mesh refinement pass 3

                      ------------------------------------------------------------------------------
2026-08-09 05:11:22     Matrix setup time        :	5 s
                        Solver setup             :	12 s
                        Degrees of freedom       :	2451438
                        Number of mesh cells     :	373527

                        Stimulation port         :	Zmin
                        Mode number              :	1
                        Accuracy                 :	8.66205e-05
                        Iterations               :	10
                        Solver time              :	12 s


                      ------------------------------------------------------------------------------
2026-08-09 05:11:23     Delta calculation        
2026-08-09 05:11:23     All S-Parameters         :	0.000169574
2026-08-09 05:11:23   

                      ------------------------------------------------------------------------------
2026-08-09 05:11:23   Mesh adaptation terminated because the desired accuracy limit is reached.

                      ------------------------------------------------------------------------------
2026-08-09 05:11:23     Total time               :	104 s	 (= 0 h, 01 m, 44 s)

                      ------------------------------------------------------------------------------
2026-08-09 05:11:23   

                      ------------------------------------------------------------------------------
2026-08-09 05:11:23     Calculation 36 (Frequency: 14.08 THz, Theta: 0, Phi: 0)


                      ------------------------------------------------------------------------------
2026-08-09 05:11:23   Running the PortModeSolver.

                      ------------------------------------------------------------------------------
2026-08-09 05:11:24   Adaptive mesh refinement pass 1

                      ------------------------------------------------------------------------------
2026-08-09 05:11:49     Matrix setup time        :	2 s
                        Solver setup             :	9 s
                        Degrees of freedom       :	2451438
                        Number of mesh cells     :	373527

                        Stimulation port         :	Zmin
                        Mode number              :	1
                        Accuracy                 :	9.3318e-05
                        Iterations               :	10
                        Solver time              :	12 s


                      ------------------------------------------------------------------------------
2026-08-09 05:11:50   The input reflection seems to be large at 14.08 THz, Theta: 0, Phi: 0.  More...

                      ------------------------------------------------------------------------------
2026-08-09 05:11:58   Adaptive mesh refinement pass 2

                      ------------------------------------------------------------------------------
2026-08-09 05:12:26     Matrix setup time        :	5 s
                        Solver setup             :	11 s
                        Degrees of freedom       :	2486148
                        Number of mesh cells     :	378774

                        Stimulation port         :	Zmin
                        Mode number              :	1
                        Accuracy                 :	8.51108e-05
                        Iterations               :	10
                        Solver time              :	12 s


                      ------------------------------------------------------------------------------
2026-08-09 05:12:27     Delta calculation        
2026-08-09 05:12:27     All S-Parameters         :	0.000618338
2026-08-09 05:12:27   

                      ------------------------------------------------------------------------------
2026-08-09 05:12:35   Adaptive mesh refinement pass 3

                      ------------------------------------------------------------------------------
2026-08-09 05:13:05     Matrix setup time        :	5 s
                        Solver setup             :	11 s
                        Degrees of freedom       :	2520684
                        Number of mesh cells     :	384019

                        Stimulation port         :	Zmin
                        Mode number              :	1
                        Accuracy                 :	7.22793e-05
                        Iterations               :	10
                        Solver time              :	12 s


                      ------------------------------------------------------------------------------
2026-08-09 05:13:06     Delta calculation        
2026-08-09 05:13:06     All S-Parameters         :	0.000243878
2026-08-09 05:13:06   

                      ------------------------------------------------------------------------------
2026-08-09 05:13:06   Mesh adaptation terminated because the desired accuracy limit is reached.

                      ------------------------------------------------------------------------------
2026-08-09 05:13:06     Total time               :	102 s	 (= 0 h, 01 m, 42 s)

                      ------------------------------------------------------------------------------
2026-08-09 05:13:06   

                      ------------------------------------------------------------------------------
2026-08-09 05:13:06     Calculation 37 (Frequency: 18.688 THz, Theta: 0, Phi: 0)


                      ------------------------------------------------------------------------------
2026-08-09 05:13:06   Running the PortModeSolver.

                      ------------------------------------------------------------------------------
2026-08-09 05:13:07   Adaptive mesh refinement pass 1

                      ------------------------------------------------------------------------------
2026-08-09 05:13:33     Matrix setup time        :	2 s
                        Solver setup             :	9 s
                        Degrees of freedom       :	2520684
                        Number of mesh cells     :	384019

                        Stimulation port         :	Zmin
                        Mode number              :	1
                        Accuracy                 :	7.29839e-05
                        Iterations               :	11
                        Solver time              :	13 s


                      ------------------------------------------------------------------------------
2026-08-09 05:13:42   Adaptive mesh refinement pass 2

                      ------------------------------------------------------------------------------
2026-08-09 05:14:13     Matrix setup time        :	5 s
                        Solver setup             :	12 s
                        Degrees of freedom       :	2554728
                        Number of mesh cells     :	389184

                        Stimulation port         :	Zmin
                        Mode number              :	1
                        Accuracy                 :	8.2352e-05
                        Iterations               :	10
                        Solver time              :	12 s


                      ------------------------------------------------------------------------------
2026-08-09 05:14:14     Delta calculation        
2026-08-09 05:14:14     All S-Parameters         :	0.000185659
2026-08-09 05:14:14   

                      ------------------------------------------------------------------------------
2026-08-09 05:14:22   Adaptive mesh refinement pass 3

                      ------------------------------------------------------------------------------
2026-08-09 05:14:52     Matrix setup time        :	5 s
                        Solver setup             :	11 s
                        Degrees of freedom       :	2588474
                        Number of mesh cells     :	394355

                        Stimulation port         :	Zmin
                        Mode number              :	1
                        Accuracy                 :	7.81907e-05
                        Iterations               :	10
                        Solver time              :	12 s


                      ------------------------------------------------------------------------------
2026-08-09 05:14:53     Delta calculation        
2026-08-09 05:14:53     All S-Parameters         :	0.000256348
2026-08-09 05:14:53   

                      ------------------------------------------------------------------------------
2026-08-09 05:14:53   Mesh adaptation terminated because the desired accuracy limit is reached.

                      ------------------------------------------------------------------------------
2026-08-09 05:14:53     Total time               :	106 s	 (= 0 h, 01 m, 46 s)

                      ------------------------------------------------------------------------------
2026-08-09 05:14:53   

                      ------------------------------------------------------------------------------
2026-08-09 05:14:53     Calculation 38 (Frequency: 19.36 THz, Theta: 0, Phi: 0)


                      ------------------------------------------------------------------------------
2026-08-09 05:14:53   Running the PortModeSolver.

                      ------------------------------------------------------------------------------
2026-08-09 05:14:54   Adaptive mesh refinement pass 1

                      ------------------------------------------------------------------------------
2026-08-09 05:15:17     Matrix setup time        :	2 s
                        Solver setup             :	8 s
                        Degrees of freedom       :	2588474
                        Number of mesh cells     :	394355

                        Stimulation port         :	Zmin
                        Mode number              :	1
                        Accuracy                 :	9.32181e-05
                        Iterations               :	9
                        Solver time              :	11 s


                      ------------------------------------------------------------------------------
2026-08-09 05:15:26   Adaptive mesh refinement pass 2

                      ------------------------------------------------------------------------------
2026-08-09 05:15:55     Matrix setup time        :	5 s
                        Solver setup             :	11 s
                        Degrees of freedom       :	2622818
                        Number of mesh cells     :	399616

                        Stimulation port         :	Zmin
                        Mode number              :	1
                        Accuracy                 :	9.18927e-05
                        Iterations               :	9
                        Solver time              :	11 s


                      ------------------------------------------------------------------------------
2026-08-09 05:15:56     Delta calculation        
2026-08-09 05:15:56     All S-Parameters         :	0.000136771
2026-08-09 05:15:56   

                      ------------------------------------------------------------------------------
2026-08-09 05:16:05   Adaptive mesh refinement pass 3

                      ------------------------------------------------------------------------------
2026-08-09 05:16:34     Matrix setup time        :	5 s
                        Solver setup             :	11 s
                        Degrees of freedom       :	2657398
                        Number of mesh cells     :	404893

                        Stimulation port         :	Zmin
                        Mode number              :	1
                        Accuracy                 :	8.79128e-05
                        Iterations               :	9
                        Solver time              :	11 s


                      ------------------------------------------------------------------------------
2026-08-09 05:16:35     Delta calculation        
2026-08-09 05:16:35     All S-Parameters         :	0.000113678
2026-08-09 05:16:35   

                      ------------------------------------------------------------------------------
2026-08-09 05:16:35   Mesh adaptation terminated because the desired accuracy limit is reached.

                      ------------------------------------------------------------------------------
2026-08-09 05:16:35     Total time               :	101 s	 (= 0 h, 01 m, 41 s)

                      ------------------------------------------------------------------------------
2026-08-09 05:16:35   

                      ------------------------------------------------------------------------------
2026-08-09 05:16:35     Calculation 39 (Frequency: 24.472 THz, Theta: 0, Phi: 0)


                      ------------------------------------------------------------------------------
2026-08-09 05:16:35   Running the PortModeSolver.

                      ------------------------------------------------------------------------------
2026-08-09 05:16:36   Adaptive mesh refinement pass 1

                      ------------------------------------------------------------------------------
2026-08-09 05:16:59     Matrix setup time        :	2 s
                        Solver setup             :	8 s
                        Degrees of freedom       :	2657398
                        Number of mesh cells     :	404893

                        Stimulation port         :	Zmin
                        Mode number              :	1
                        Accuracy                 :	7.81973e-05
                        Iterations               :	9
                        Solver time              :	11 s


                      ------------------------------------------------------------------------------
2026-08-09 05:17:08   Adaptive mesh refinement pass 2

                      ------------------------------------------------------------------------------
2026-08-09 05:17:39     Matrix setup time        :	5 s
                        Solver setup             :	12 s
                        Degrees of freedom       :	2691002
                        Number of mesh cells     :	410065

                        Stimulation port         :	Zmin
                        Mode number              :	1
                        Accuracy                 :	7.66353e-05
                        Iterations               :	9
                        Solver time              :	12 s


                      ------------------------------------------------------------------------------
2026-08-09 05:17:40     Delta calculation        
2026-08-09 05:17:40     All S-Parameters         :	0.000452237
2026-08-09 05:17:40   

                      ------------------------------------------------------------------------------
2026-08-09 05:17:48   Adaptive mesh refinement pass 3

                      ------------------------------------------------------------------------------
2026-08-09 05:18:20     Matrix setup time        :	5 s
                        Solver setup             :	14 s
                        Degrees of freedom       :	2724768
                        Number of mesh cells     :	415245

                        Stimulation port         :	Zmin
                        Mode number              :	1
                        Accuracy                 :	7.34652e-05
                        Iterations               :	9
                        Solver time              :	12 s


                      ------------------------------------------------------------------------------
2026-08-09 05:18:21     Delta calculation        
2026-08-09 05:18:21     All S-Parameters         :	8.26213e-05
2026-08-09 05:18:21   

                      ------------------------------------------------------------------------------
2026-08-09 05:18:21   Mesh adaptation terminated because the desired accuracy limit is reached.

                      ------------------------------------------------------------------------------
2026-08-09 05:18:22     Total time               :	106 s	 (= 0 h, 01 m, 46 s)

                      ------------------------------------------------------------------------------
2026-08-09 05:18:22   

                      ------------------------------------------------------------------------------
2026-08-09 05:18:22     Calculation 40 (Frequency: 23.176 THz, Theta: 0, Phi: 0)


                      ------------------------------------------------------------------------------
2026-08-09 05:18:22   Running the PortModeSolver.

                      ------------------------------------------------------------------------------
2026-08-09 05:18:23   Adaptive mesh refinement pass 1

                      ------------------------------------------------------------------------------
2026-08-09 05:18:49     Matrix setup time        :	2 s
                        Solver setup             :	11 s
                        Degrees of freedom       :	2724768
                        Number of mesh cells     :	415245

                        Stimulation port         :	Zmin
                        Mode number              :	1
                        Accuracy                 :	6.57524e-05
                        Iterations               :	9
                        Solver time              :	12 s


                      ------------------------------------------------------------------------------
2026-08-09 05:18:59   Adaptive mesh refinement pass 2

                      ------------------------------------------------------------------------------
2026-08-09 05:19:31     Matrix setup time        :	5 s
                        Solver setup             :	13 s
                        Degrees of freedom       :	2758174
                        Number of mesh cells     :	420397

                        Stimulation port         :	Zmin
                        Mode number              :	1
                        Accuracy                 :	6.24837e-05
                        Iterations               :	9
                        Solver time              :	13 s


                      ------------------------------------------------------------------------------
2026-08-09 05:19:32     Delta calculation        
2026-08-09 05:19:32     All S-Parameters         :	0.000126731
2026-08-09 05:19:32   

                      ------------------------------------------------------------------------------
2026-08-09 05:19:41   Adaptive mesh refinement pass 3

                      ------------------------------------------------------------------------------
2026-08-09 05:20:11     Matrix setup time        :	5 s
                        Solver setup             :	12 s
                        Degrees of freedom       :	2791602
                        Number of mesh cells     :	425529

                        Stimulation port         :	Zmin
                        Mode number              :	1
                        Accuracy                 :	6.18726e-05
                        Iterations               :	9
                        Solver time              :	12 s


                      ------------------------------------------------------------------------------
2026-08-09 05:20:12     Delta calculation        
2026-08-09 05:20:12     All S-Parameters         :	5.63228e-05
2026-08-09 05:20:12   

                      ------------------------------------------------------------------------------
2026-08-09 05:20:12   Mesh adaptation terminated because the desired accuracy limit is reached.

                      ------------------------------------------------------------------------------
2026-08-09 05:20:12     Total time               :	110 s	 (= 0 h, 01 m, 50 s)

                      ------------------------------------------------------------------------------
2026-08-09 05:20:12   

                      ------------------------------------------------------------------------------
2026-08-09 05:20:12     Calculation 41 (Frequency: 26.608 THz, Theta: 0, Phi: 0)


                      ------------------------------------------------------------------------------
2026-08-09 05:20:12   Running the PortModeSolver.

                      ------------------------------------------------------------------------------
2026-08-09 05:20:14   Adaptive mesh refinement pass 1

                      ------------------------------------------------------------------------------
2026-08-09 05:20:43     Matrix setup time        :	2 s
                        Solver setup             :	9 s
                        Degrees of freedom       :	2791602
                        Number of mesh cells     :	425529

                        Stimulation port         :	Zmin
                        Mode number              :	1
                        Accuracy                 :	6.39547e-05
                        Iterations               :	13
                        Solver time              :	17 s


                      ------------------------------------------------------------------------------
2026-08-09 05:20:52   Adaptive mesh refinement pass 2

                      ------------------------------------------------------------------------------
2026-08-09 05:21:31     Matrix setup time        :	6 s
                        Solver setup             :	13 s
                        Degrees of freedom       :	2825000
                        Number of mesh cells     :	430671

                        Stimulation port         :	Zmin
                        Mode number              :	1
                        Accuracy                 :	3.90744e-05
                        Iterations               :	13
                        Solver time              :	18 s


                      ------------------------------------------------------------------------------
2026-08-09 05:21:32     Delta calculation        
2026-08-09 05:21:32     All S-Parameters         :	6.89333e-05
2026-08-09 05:21:32   

                      ------------------------------------------------------------------------------
2026-08-09 05:21:41   Adaptive mesh refinement pass 3

                      ------------------------------------------------------------------------------
2026-08-09 05:22:17     Matrix setup time        :	6 s
                        Solver setup             :	13 s
                        Degrees of freedom       :	2858106
                        Number of mesh cells     :	435793

                        Stimulation port         :	Zmin
                        Mode number              :	1
                        Accuracy                 :	8.19555e-05
                        Iterations               :	12
                        Solver time              :	16 s


                      ------------------------------------------------------------------------------
2026-08-09 05:22:18     Delta calculation        
2026-08-09 05:22:18     All S-Parameters         :	0.000145848
2026-08-09 05:22:18   

                      ------------------------------------------------------------------------------
2026-08-09 05:22:18   Mesh adaptation terminated because the desired accuracy limit is reached.

                      ------------------------------------------------------------------------------
2026-08-09 05:22:18     Total time               :	125 s	 (= 0 h, 02 m, 05 s)

                      ------------------------------------------------------------------------------
2026-08-09 05:22:18   

                      ------------------------------------------------------------------------------
2026-08-09 05:22:18     Calculation 42 (Frequency: 17.272 THz, Theta: 0, Phi: 0)


                      ------------------------------------------------------------------------------
2026-08-09 05:22:18   Running the PortModeSolver.

                      ------------------------------------------------------------------------------
2026-08-09 05:22:19   Adaptive mesh refinement pass 1

                      ------------------------------------------------------------------------------
2026-08-09 05:22:45     Matrix setup time        :	2 s
                        Solver setup             :	10 s
                        Degrees of freedom       :	2858106
                        Number of mesh cells     :	435793

                        Stimulation port         :	Zmin
                        Mode number              :	1
                        Accuracy                 :	6.34856e-05
                        Iterations               :	9
                        Solver time              :	12 s


                      ------------------------------------------------------------------------------
2026-08-09 05:22:46   The input reflection seems to be large at 17.272 THz, Theta: 0, Phi: 0.  More...

                      ------------------------------------------------------------------------------
2026-08-09 05:22:55   Adaptive mesh refinement pass 2

                      ------------------------------------------------------------------------------
2026-08-09 05:23:28     Matrix setup time        :	6 s
                        Solver setup             :	13 s
                        Degrees of freedom       :	2892404
                        Number of mesh cells     :	441011

                        Stimulation port         :	Zmin
                        Mode number              :	1
                        Accuracy                 :	6.13228e-05
                        Iterations               :	9
                        Solver time              :	13 s


                      ------------------------------------------------------------------------------
2026-08-09 05:23:29     Delta calculation        
2026-08-09 05:23:29     All S-Parameters         :	0.000208308
2026-08-09 05:23:29   

                      ------------------------------------------------------------------------------
2026-08-09 05:23:38   Adaptive mesh refinement pass 3

                      ------------------------------------------------------------------------------
2026-08-09 05:24:13     Matrix setup time        :	6 s
                        Solver setup             :	14 s
                        Degrees of freedom       :	2926908
                        Number of mesh cells     :	446280

                        Stimulation port         :	Zmin
                        Mode number              :	1
                        Accuracy                 :	6.16926e-05
                        Iterations               :	9
                        Solver time              :	13 s


                      ------------------------------------------------------------------------------
2026-08-09 05:24:14     Delta calculation        
2026-08-09 05:24:14     All S-Parameters         :	0.000106968
2026-08-09 05:24:14   

                      ------------------------------------------------------------------------------
2026-08-09 05:24:14   Mesh adaptation terminated because the desired accuracy limit is reached.

                      ------------------------------------------------------------------------------
2026-08-09 05:24:14     Total time               :	115 s	 (= 0 h, 01 m, 55 s)

                      ------------------------------------------------------------------------------
2026-08-09 05:24:14   

                      ------------------------------------------------------------------------------
2026-08-09 05:24:14     Calculation 43 (Frequency: 33.472 THz, Theta: 0, Phi: 0)


                      ------------------------------------------------------------------------------
2026-08-09 05:24:14   Running the PortModeSolver.

                      ------------------------------------------------------------------------------
2026-08-09 05:24:15   Adaptive mesh refinement pass 1

                      ------------------------------------------------------------------------------
2026-08-09 05:24:43     Matrix setup time        :	2 s
                        Solver setup             :	11 s
                        Degrees of freedom       :	2926908
                        Number of mesh cells     :	446280

                        Stimulation port         :	Zmin
                        Mode number              :	1
                        Accuracy                 :	7.14823e-05
                        Iterations               :	9
                        Solver time              :	13 s


                      ------------------------------------------------------------------------------
2026-08-09 05:24:54   Adaptive mesh refinement pass 2

                      ------------------------------------------------------------------------------
2026-08-09 05:25:30     Matrix setup time        :	6 s
                        Solver setup             :	15 s
                        Degrees of freedom       :	2959972
                        Number of mesh cells     :	451380

                        Stimulation port         :	Zmin
                        Mode number              :	1
                        Accuracy                 :	7.22621e-05
                        Iterations               :	9
                        Solver time              :	13 s


                      ------------------------------------------------------------------------------
2026-08-09 05:25:31     Delta calculation        
2026-08-09 05:25:31     All S-Parameters         :	5.85792e-05
2026-08-09 05:25:31   

                      ------------------------------------------------------------------------------
2026-08-09 05:25:40   Adaptive mesh refinement pass 3

                      ------------------------------------------------------------------------------
2026-08-09 05:26:15     Matrix setup time        :	6 s
                        Solver setup             :	14 s
                        Degrees of freedom       :	2992906
                        Number of mesh cells     :	456465

                        Stimulation port         :	Zmin
                        Mode number              :	1
                        Accuracy                 :	7.03198e-05
                        Iterations               :	9
                        Solver time              :	13 s


                      ------------------------------------------------------------------------------
2026-08-09 05:26:16     Delta calculation        
2026-08-09 05:26:16     All S-Parameters         :	5.43906e-05
2026-08-09 05:26:16   

                      ------------------------------------------------------------------------------
2026-08-09 05:26:16   Mesh adaptation terminated because the desired accuracy limit is reached.

                      ------------------------------------------------------------------------------
2026-08-09 05:26:16     Total time               :	122 s	 (= 0 h, 02 m, 02 s)

                      ------------------------------------------------------------------------------
2026-08-09 05:26:16   

                      ------------------------------------------------------------------------------
2026-08-09 05:26:16     Calculation 44 (Frequency: 19.096 THz, Theta: 0, Phi: 0)


                      ------------------------------------------------------------------------------
2026-08-09 05:26:16   Running the PortModeSolver.

                      ------------------------------------------------------------------------------
2026-08-09 05:26:18   Adaptive mesh refinement pass 1

                      ------------------------------------------------------------------------------
2026-08-09 05:26:46     Matrix setup time        :	3 s
                        Solver setup             :	11 s
                        Degrees of freedom       :	2992906
                        Number of mesh cells     :	456465

                        Stimulation port         :	Zmin
                        Mode number              :	1
                        Accuracy                 :	7.61455e-05
                        Iterations               :	9
                        Solver time              :	13 s


                      ------------------------------------------------------------------------------
2026-08-09 05:26:56   Adaptive mesh refinement pass 2

                      ------------------------------------------------------------------------------
2026-08-09 05:27:32     Matrix setup time        :	6 s
                        Solver setup             :	15 s
                        Degrees of freedom       :	3026794
                        Number of mesh cells     :	461630

                        Stimulation port         :	Zmin
                        Mode number              :	1
                        Accuracy                 :	7.59936e-05
                        Iterations               :	9
                        Solver time              :	13 s


                      ------------------------------------------------------------------------------
2026-08-09 05:27:33     Delta calculation        
2026-08-09 05:27:33     All S-Parameters         :	9.2761e-05
2026-08-09 05:27:33   

                      ------------------------------------------------------------------------------
2026-08-09 05:27:43   Adaptive mesh refinement pass 3

                      ------------------------------------------------------------------------------
2026-08-09 05:28:20     Matrix setup time        :	6 s
                        Solver setup             :	15 s
                        Degrees of freedom       :	3060884
                        Number of mesh cells     :	466828

                        Stimulation port         :	Zmin
                        Mode number              :	1
                        Accuracy                 :	7.44961e-05
                        Iterations               :	9
                        Solver time              :	14 s


                      ------------------------------------------------------------------------------
2026-08-09 05:28:21     Delta calculation        
2026-08-09 05:28:21     All S-Parameters         :	4.10481e-05
2026-08-09 05:28:21   

                      ------------------------------------------------------------------------------
2026-08-09 05:28:21   Mesh adaptation terminated because the desired accuracy limit is reached.

                      ------------------------------------------------------------------------------
2026-08-09 05:28:21     Total time               :	124 s	 (= 0 h, 02 m, 04 s)

                      ------------------------------------------------------------------------------
2026-08-09 05:28:21   

                      ------------------------------------------------------------------------------
2026-08-09 05:28:21     Calculation 45 (Frequency: 18.736 THz, Theta: 0, Phi: 0)


                      ------------------------------------------------------------------------------
2026-08-09 05:28:21   Running the PortModeSolver.

                      ------------------------------------------------------------------------------
2026-08-09 05:28:22   Adaptive mesh refinement pass 1

                      ------------------------------------------------------------------------------
2026-08-09 05:29:03     Matrix setup time        :	2 s
                        Solver setup             :	12 s
                        Degrees of freedom       :	3060884
                        Number of mesh cells     :	466828

                        Stimulation port         :	Zmin
                        Mode number              :	1
                        Accuracy                 :	7.27702e-05
                        Iterations               :	16
                        Solver time              :	24 s


                      ------------------------------------------------------------------------------
2026-08-09 05:29:14   Adaptive mesh refinement pass 2

                      ------------------------------------------------------------------------------
2026-08-09 05:30:01     Matrix setup time        :	6 s
                        Solver setup             :	16 s
                        Degrees of freedom       :	3094748
                        Number of mesh cells     :	472009

                        Stimulation port         :	Zmin
                        Mode number              :	1
                        Accuracy                 :	7.54209e-05
                        Iterations               :	16
                        Solver time              :	24 s


                      ------------------------------------------------------------------------------
2026-08-09 05:30:02     Delta calculation        
2026-08-09 05:30:02     All S-Parameters         :	0.000131859
2026-08-09 05:30:02   

                      ------------------------------------------------------------------------------
2026-08-09 05:30:12   Adaptive mesh refinement pass 3

                      ------------------------------------------------------------------------------
2026-08-09 05:30:59     Matrix setup time        :	6 s
                        Solver setup             :	15 s
                        Degrees of freedom       :	3128558
                        Number of mesh cells     :	477181

                        Stimulation port         :	Zmin
                        Mode number              :	1
                        Accuracy                 :	7.7991e-05
                        Iterations               :	16
                        Solver time              :	24 s


                      ------------------------------------------------------------------------------
2026-08-09 05:31:00     Delta calculation        
2026-08-09 05:31:00     All S-Parameters         :	9.63901e-05
2026-08-09 05:31:00   

                      ------------------------------------------------------------------------------
2026-08-09 05:31:00   Mesh adaptation terminated because the desired accuracy limit is reached.

                      ------------------------------------------------------------------------------
2026-08-09 05:31:00     Total time               :	159 s	 (= 0 h, 02 m, 39 s)

                      ------------------------------------------------------------------------------
2026-08-09 05:31:00   

                      ------------------------------------------------------------------------------
2026-08-09 05:31:00     Calculation 46 (Frequency: 20.464 THz, Theta: 0, Phi: 0)


                      ------------------------------------------------------------------------------
2026-08-09 05:31:00   Running the PortModeSolver.

                      ------------------------------------------------------------------------------
2026-08-09 05:31:02   Adaptive mesh refinement pass 1

                      ------------------------------------------------------------------------------
2026-08-09 05:31:31     Matrix setup time        :	3 s
                        Solver setup             :	11 s
                        Degrees of freedom       :	3128558
                        Number of mesh cells     :	477181

                        Stimulation port         :	Zmin
                        Mode number              :	1
                        Accuracy                 :	7.87907e-05
                        Iterations               :	9
                        Solver time              :	14 s


                      ------------------------------------------------------------------------------
2026-08-09 05:31:42   Adaptive mesh refinement pass 2

                      ------------------------------------------------------------------------------
2026-08-09 05:32:22     Matrix setup time        :	6 s
                        Solver setup             :	17 s
                        Degrees of freedom       :	3161722
                        Number of mesh cells     :	482294

                        Stimulation port         :	Zmin
                        Mode number              :	1
                        Accuracy                 :	6.79776e-05
                        Iterations               :	9
                        Solver time              :	14 s


                      ------------------------------------------------------------------------------
2026-08-09 05:32:23     Delta calculation        
2026-08-09 05:32:23     All S-Parameters         :	7.19486e-05
2026-08-09 05:32:23   

                      ------------------------------------------------------------------------------
2026-08-09 05:32:33   Adaptive mesh refinement pass 3

                      ------------------------------------------------------------------------------
2026-08-09 05:33:13     Matrix setup time        :	6 s
                        Solver setup             :	17 s
                        Degrees of freedom       :	3195382
                        Number of mesh cells     :	487461

                        Stimulation port         :	Zmin
                        Mode number              :	1
                        Accuracy                 :	6.98651e-05
                        Iterations               :	9
                        Solver time              :	14 s


                      ------------------------------------------------------------------------------
2026-08-09 05:33:14     Delta calculation        
2026-08-09 05:33:14     All S-Parameters         :	5.81194e-05
2026-08-09 05:33:14   

                      ------------------------------------------------------------------------------
2026-08-09 05:33:14   Mesh adaptation terminated because the desired accuracy limit is reached.

                      ------------------------------------------------------------------------------
2026-08-09 05:33:14     Total time               :	133 s	 (= 0 h, 02 m, 13 s)

                      ------------------------------------------------------------------------------
2026-08-09 05:33:14   

                      ------------------------------------------------------------------------------
2026-08-09 05:33:14     Calculation 47 (Frequency: 22.12 THz, Theta: 0, Phi: 0)


                      ------------------------------------------------------------------------------
2026-08-09 05:33:14   Running the PortModeSolver.

                      ------------------------------------------------------------------------------
2026-08-09 05:33:15   Adaptive mesh refinement pass 1

                      ------------------------------------------------------------------------------
2026-08-09 05:33:48     Matrix setup time        :	2 s
                        Solver setup             :	14 s
                        Degrees of freedom       :	3195382
                        Number of mesh cells     :	487461

                        Stimulation port         :	Zmin
                        Mode number              :	1
                        Accuracy                 :	8.98703e-05
                        Iterations               :	9
                        Solver time              :	14 s


                      ------------------------------------------------------------------------------
2026-08-09 05:33:59   Adaptive mesh refinement pass 2

                      ------------------------------------------------------------------------------
2026-08-09 05:34:37     Matrix setup time        :	7 s
                        Solver setup             :	16 s
                        Degrees of freedom       :	3228296
                        Number of mesh cells     :	492555

                        Stimulation port         :	Zmin
                        Mode number              :	1
                        Accuracy                 :	9.14219e-05
                        Iterations               :	9
                        Solver time              :	14 s


                      ------------------------------------------------------------------------------
2026-08-09 05:34:38     Delta calculation        
2026-08-09 05:34:38     All S-Parameters         :	2.77931e-05
2026-08-09 05:34:38   

                      ------------------------------------------------------------------------------
2026-08-09 05:34:48   Adaptive mesh refinement pass 3

                      ------------------------------------------------------------------------------
2026-08-09 05:35:27     Matrix setup time        :	7 s
                        Solver setup             :	18 s
                        Degrees of freedom       :	3261726
                        Number of mesh cells     :	497705

                        Stimulation port         :	Zmin
                        Mode number              :	1
                        Accuracy                 :	9.87882e-05
                        Iterations               :	8
                        Solver time              :	13 s


                      ------------------------------------------------------------------------------
2026-08-09 05:35:28     Delta calculation        
2026-08-09 05:35:28     All S-Parameters         :	3.41511e-05
2026-08-09 05:35:28   

                      ------------------------------------------------------------------------------
2026-08-09 05:35:28   Mesh adaptation terminated because the desired accuracy limit is reached.

                      ------------------------------------------------------------------------------
2026-08-09 05:35:29     Total time               :	134 s	 (= 0 h, 02 m, 14 s)

                      ------------------------------------------------------------------------------
2026-08-09 05:35:29   

                      ------------------------------------------------------------------------------
2026-08-09 05:35:29     Calculation 48 (Frequency: 21.52 THz, Theta: 0, Phi: 0)


                      ------------------------------------------------------------------------------
2026-08-09 05:35:29   Running the PortModeSolver.

                      ------------------------------------------------------------------------------
2026-08-09 05:35:30   Adaptive mesh refinement pass 1

                      ------------------------------------------------------------------------------
2026-08-09 05:36:00     Matrix setup time        :	3 s
                        Solver setup             :	14 s
                        Degrees of freedom       :	3261726
                        Number of mesh cells     :	497705

                        Stimulation port         :	Zmin
                        Mode number              :	1
                        Accuracy                 :	7.88942e-05
                        Iterations               :	7
                        Solver time              :	11 s


                      ------------------------------------------------------------------------------
2026-08-09 05:36:12   Adaptive mesh refinement pass 2

                      ------------------------------------------------------------------------------
2026-08-09 05:36:50     Matrix setup time        :	6 s
                        Solver setup             :	17 s
                        Degrees of freedom       :	3295180
                        Number of mesh cells     :	502836

                        Stimulation port         :	Zmin
                        Mode number              :	1
                        Accuracy                 :	8.88003e-05
                        Iterations               :	8
                        Solver time              :	13 s


                      ------------------------------------------------------------------------------
2026-08-09 05:36:51     Delta calculation        
2026-08-09 05:36:51     All S-Parameters         :	4.19079e-05
2026-08-09 05:36:51   

                      ------------------------------------------------------------------------------
2026-08-09 05:37:02   Adaptive mesh refinement pass 3

                      ------------------------------------------------------------------------------
2026-08-09 05:37:42     Matrix setup time        :	7 s
                        Solver setup             :	19 s
                        Degrees of freedom       :	3328394
                        Number of mesh cells     :	507964

                        Stimulation port         :	Zmin
                        Mode number              :	1
                        Accuracy                 :	8.79188e-05
                        Iterations               :	8
                        Solver time              :	13 s


                      ------------------------------------------------------------------------------
2026-08-09 05:37:43     Delta calculation        
2026-08-09 05:37:43     All S-Parameters         :	3.0098e-05
2026-08-09 05:37:43   

                      ------------------------------------------------------------------------------
2026-08-09 05:37:43   Mesh adaptation terminated because the desired accuracy limit is reached.

                      ------------------------------------------------------------------------------
2026-08-09 05:37:44     Total time               :	134 s	 (= 0 h, 02 m, 14 s)

                      ------------------------------------------------------------------------------
2026-08-09 05:37:44   

                      ------------------------------------------------------------------------------
2026-08-09 05:37:44     Calculation 49 (Frequency: 18.76 THz, Theta: 0, Phi: 0)


                      ------------------------------------------------------------------------------
2026-08-09 05:37:44   Running the PortModeSolver.

                      ------------------------------------------------------------------------------
2026-08-09 05:37:45   Adaptive mesh refinement pass 1

                      ------------------------------------------------------------------------------
2026-08-09 05:38:21     Matrix setup time        :	3 s
                        Solver setup             :	15 s
                        Degrees of freedom       :	3328394
                        Number of mesh cells     :	507964

                        Stimulation port         :	Zmin
                        Mode number              :	1
                        Accuracy                 :	8.62878e-05
                        Iterations               :	10
                        Solver time              :	17 s


                      ------------------------------------------------------------------------------
2026-08-09 05:38:33   Adaptive mesh refinement pass 2

                      ------------------------------------------------------------------------------
2026-08-09 05:39:15     Matrix setup time        :	7 s
                        Solver setup             :	17 s
                        Degrees of freedom       :	3361892
                        Number of mesh cells     :	513117

                        Stimulation port         :	Zmin
                        Mode number              :	1
                        Accuracy                 :	8.83474e-05
                        Iterations               :	10
                        Solver time              :	17 s


                      ------------------------------------------------------------------------------
2026-08-09 05:39:16     Delta calculation        
2026-08-09 05:39:16     All S-Parameters         :	6.89877e-05
2026-08-09 05:39:16   

                      ------------------------------------------------------------------------------
2026-08-09 05:39:27   Adaptive mesh refinement pass 3

                      ------------------------------------------------------------------------------
2026-08-09 05:40:13     Matrix setup time        :	7 s
                        Solver setup             :	20 s
                        Degrees of freedom       :	3395520
                        Number of mesh cells     :	518269

                        Stimulation port         :	Zmin
                        Mode number              :	1
                        Accuracy                 :	9.23902e-05
                        Iterations               :	10
                        Solver time              :	18 s


                      ------------------------------------------------------------------------------
2026-08-09 05:40:14     Delta calculation        
2026-08-09 05:40:14     All S-Parameters         :	7.72899e-05
2026-08-09 05:40:14   

                      ------------------------------------------------------------------------------
2026-08-09 05:40:14   Mesh adaptation terminated because the desired accuracy limit is reached.

                      ------------------------------------------------------------------------------
2026-08-09 05:40:15     Total time               :	150 s	 (= 0 h, 02 m, 30 s)

                      ------------------------------------------------------------------------------
2026-08-09 05:40:15   

                      ------------------------------------------------------------------------------
2026-08-09 05:40:15     Calculation 50 (Frequency: 22.744 THz, Theta: 0, Phi: 0)


                      ------------------------------------------------------------------------------
2026-08-09 05:40:15   Running the PortModeSolver.

                      ------------------------------------------------------------------------------
2026-08-09 05:40:16   Adaptive mesh refinement pass 1

                      ------------------------------------------------------------------------------
2026-08-09 05:40:51     Matrix setup time        :	3 s
                        Solver setup             :	16 s
                        Degrees of freedom       :	3395520
                        Number of mesh cells     :	518269

                        Stimulation port         :	Zmin
                        Mode number              :	1
                        Accuracy                 :	9.66638e-05
                        Iterations               :	8
                        Solver time              :	14 s


                      ------------------------------------------------------------------------------
2026-08-09 05:41:03   Adaptive mesh refinement pass 2

                      ------------------------------------------------------------------------------
2026-08-09 05:41:44     Matrix setup time        :	7 s
                        Solver setup             :	19 s
                        Degrees of freedom       :	3428604
                        Number of mesh cells     :	523372

                        Stimulation port         :	Zmin
                        Mode number              :	1
                        Accuracy                 :	9.88371e-05
                        Iterations               :	8
                        Solver time              :	14 s


                      ------------------------------------------------------------------------------
2026-08-09 05:41:45     Delta calculation        
2026-08-09 05:41:45     All S-Parameters         :	2.39482e-05
2026-08-09 05:41:45   

                      ------------------------------------------------------------------------------
2026-08-09 05:41:57   Adaptive mesh refinement pass 3

                      ------------------------------------------------------------------------------
2026-08-09 05:42:39     Matrix setup time        :	7 s
                        Solver setup             :	20 s
                        Degrees of freedom       :	3461686
                        Number of mesh cells     :	528480

                        Stimulation port         :	Zmin
                        Mode number              :	1
                        Accuracy                 :	9.78891e-05
                        Iterations               :	8
                        Solver time              :	14 s


                      ------------------------------------------------------------------------------
2026-08-09 05:42:40     Delta calculation        
2026-08-09 05:42:40     All S-Parameters         :	2.81695e-05
2026-08-09 05:42:40   

                      ------------------------------------------------------------------------------
2026-08-09 05:42:40   Mesh adaptation terminated because the desired accuracy limit is reached.

                      ------------------------------------------------------------------------------
2026-08-09 05:42:40     Total time               :	145 s	 (= 0 h, 02 m, 25 s)

                      ------------------------------------------------------------------------------
2026-08-09 05:42:40   

                      ------------------------------------------------------------------------------
2026-08-09 05:42:40     Calculation 51 (Frequency: 33.904 THz, Theta: 0, Phi: 0)


                      ------------------------------------------------------------------------------
2026-08-09 05:42:40   Running the PortModeSolver.

                      ------------------------------------------------------------------------------
2026-08-09 05:42:42   Adaptive mesh refinement pass 1

                      ------------------------------------------------------------------------------
2026-08-09 05:43:16     Matrix setup time        :	3 s
                        Solver setup             :	16 s
                        Degrees of freedom       :	3461686
                        Number of mesh cells     :	528480

                        Stimulation port         :	Zmin
                        Mode number              :	1
                        Accuracy                 :	9.34599e-05
                        Iterations               :	8
                        Solver time              :	14 s


                      ------------------------------------------------------------------------------
2026-08-09 05:43:28   Adaptive mesh refinement pass 2

                      ------------------------------------------------------------------------------
2026-08-09 05:44:12     Matrix setup time        :	7 s
                        Solver setup             :	20 s
                        Degrees of freedom       :	3494864
                        Number of mesh cells     :	533581

                        Stimulation port         :	Zmin
                        Mode number              :	1
                        Accuracy                 :	8.98971e-05
                        Iterations               :	8
                        Solver time              :	14 s


                      ------------------------------------------------------------------------------
2026-08-09 05:44:13     Delta calculation        
2026-08-09 05:44:13     All S-Parameters         :	5.42137e-05
2026-08-09 05:44:13   

                      ------------------------------------------------------------------------------
2026-08-09 05:44:24   Adaptive mesh refinement pass 3

                      ------------------------------------------------------------------------------
2026-08-09 05:45:09     Matrix setup time        :	7 s
                        Solver setup             :	21 s
                        Degrees of freedom       :	3527948
                        Number of mesh cells     :	538697

                        Stimulation port         :	Zmin
                        Mode number              :	1
                        Accuracy                 :	9.00975e-05
                        Iterations               :	8
                        Solver time              :	15 s


                      ------------------------------------------------------------------------------
2026-08-09 05:45:10     Delta calculation        
2026-08-09 05:45:10     All S-Parameters         :	3.39421e-05
2026-08-09 05:45:10   

                      ------------------------------------------------------------------------------
2026-08-09 05:45:10   Mesh adaptation terminated because the desired accuracy limit is reached.

                      ------------------------------------------------------------------------------
2026-08-09 05:45:10     Total time               :	149 s	 (= 0 h, 02 m, 29 s)

                      ------------------------------------------------------------------------------
2026-08-09 05:45:10   

                      ------------------------------------------------------------------------------
2026-08-09 05:45:10     Calculation 52 (Frequency: 22.072 THz, Theta: 0, Phi: 0)


                      ------------------------------------------------------------------------------
2026-08-09 05:45:10   Running the PortModeSolver.

                      ------------------------------------------------------------------------------
2026-08-09 05:45:11   Adaptive mesh refinement pass 1

                      ------------------------------------------------------------------------------
2026-08-09 05:45:48     Matrix setup time        :	3 s
                        Solver setup             :	17 s
                        Degrees of freedom       :	3527948
                        Number of mesh cells     :	538697

                        Stimulation port         :	Zmin
                        Mode number              :	1
                        Accuracy                 :	8.0297e-05
                        Iterations               :	8
                        Solver time              :	15 s


                      ------------------------------------------------------------------------------
2026-08-09 05:46:00   Adaptive mesh refinement pass 2

                      ------------------------------------------------------------------------------
2026-08-09 05:46:46     Matrix setup time        :	7 s
                        Solver setup             :	22 s
                        Degrees of freedom       :	3561006
                        Number of mesh cells     :	543807

                        Stimulation port         :	Zmin
                        Mode number              :	1
                        Accuracy                 :	7.87913e-05
                        Iterations               :	8
                        Solver time              :	15 s


                      ------------------------------------------------------------------------------
2026-08-09 05:46:47     Delta calculation        
2026-08-09 05:46:47     All S-Parameters         :	2.55219e-05
2026-08-09 05:46:47   

                      ------------------------------------------------------------------------------
2026-08-09 05:46:59   Adaptive mesh refinement pass 3

                      ------------------------------------------------------------------------------
2026-08-09 05:47:46     Matrix setup time        :	7 s
                        Solver setup             :	23 s
                        Degrees of freedom       :	3594240
                        Number of mesh cells     :	548938

                        Stimulation port         :	Zmin
                        Mode number              :	1
                        Accuracy                 :	7.86167e-05
                        Iterations               :	8
                        Solver time              :	16 s


                      ------------------------------------------------------------------------------
2026-08-09 05:47:48     Delta calculation        
2026-08-09 05:47:48     All S-Parameters         :	1.43598e-05
2026-08-09 05:47:48   

                      ------------------------------------------------------------------------------
2026-08-09 05:47:48   Mesh adaptation terminated because the desired accuracy limit is reached.

                      ------------------------------------------------------------------------------
2026-08-09 05:47:48     Total time               :	157 s	 (= 0 h, 02 m, 37 s)

                      ------------------------------------------------------------------------------
2026-08-09 05:47:48   

                      ------------------------------------------------------------------------------
2026-08-09 05:47:48     Calculation 53 (Frequency: 33.64 THz, Theta: 0, Phi: 0)


                      ------------------------------------------------------------------------------
2026-08-09 05:47:48   Running the PortModeSolver.

                      ------------------------------------------------------------------------------
2026-08-09 05:47:49   Adaptive mesh refinement pass 1

                      ------------------------------------------------------------------------------
2026-08-09 05:48:31     Matrix setup time        :	3 s
                        Solver setup             :	19 s
                        Degrees of freedom       :	3594240
                        Number of mesh cells     :	548938

                        Stimulation port         :	Zmin
                        Mode number              :	1
                        Accuracy                 :	6.0244e-05
                        Iterations               :	9
                        Solver time              :	17 s


                      ------------------------------------------------------------------------------
2026-08-09 05:48:44   Adaptive mesh refinement pass 2

                      ------------------------------------------------------------------------------
2026-08-09 05:49:33     Matrix setup time        :	7 s
                        Solver setup             :	24 s
                        Degrees of freedom       :	3627044
                        Number of mesh cells     :	554029

                        Stimulation port         :	Zmin
                        Mode number              :	1
                        Accuracy                 :	9.6019e-05
                        Iterations               :	8
                        Solver time              :	16 s


                      ------------------------------------------------------------------------------
2026-08-09 05:49:34     Delta calculation        
2026-08-09 05:49:34     All S-Parameters         :	8.585e-05
2026-08-09 05:49:34   

                      ------------------------------------------------------------------------------
2026-08-09 05:49:46   Adaptive mesh refinement pass 3

                      ------------------------------------------------------------------------------
2026-08-09 05:50:31     Matrix setup time        :	7 s
                        Solver setup             :	21 s
                        Degrees of freedom       :	3660166
                        Number of mesh cells     :	559169

                        Stimulation port         :	Zmin
                        Mode number              :	1
                        Accuracy                 :	9.38928e-05
                        Iterations               :	8
                        Solver time              :	15 s


                      ------------------------------------------------------------------------------
2026-08-09 05:50:32     Delta calculation        
2026-08-09 05:50:32     All S-Parameters         :	3.21539e-05
2026-08-09 05:50:32   

                      ------------------------------------------------------------------------------
2026-08-09 05:50:32   Mesh adaptation terminated because the desired accuracy limit is reached.

                      ------------------------------------------------------------------------------
2026-08-09 05:50:32     Total time               :	164 s	 (= 0 h, 02 m, 44 s)

                      ------------------------------------------------------------------------------
2026-08-09 05:50:32   

                      ------------------------------------------------------------------------------
2026-08-09 05:50:32     Calculation 54 (Frequency: 25.888 THz, Theta: 0, Phi: 0)


                      ------------------------------------------------------------------------------
2026-08-09 05:50:32   Running the PortModeSolver.

                      ------------------------------------------------------------------------------
2026-08-09 05:50:34   Adaptive mesh refinement pass 1

                      ------------------------------------------------------------------------------
2026-08-09 05:51:13     Matrix setup time        :	3 s
                        Solver setup             :	17 s
                        Degrees of freedom       :	3660166
                        Number of mesh cells     :	559169

                        Stimulation port         :	Zmin
                        Mode number              :	1
                        Accuracy                 :	8.08009e-05
                        Iterations               :	9
                        Solver time              :	17 s


                      ------------------------------------------------------------------------------
2026-08-09 05:51:26   Adaptive mesh refinement pass 2

                      ------------------------------------------------------------------------------
2026-08-09 05:52:18     Matrix setup time        :	8 s
                        Solver setup             :	24 s
                        Degrees of freedom       :	3693116
                        Number of mesh cells     :	564269

                        Stimulation port         :	Zmin
                        Mode number              :	1
                        Accuracy                 :	5.19899e-05
                        Iterations               :	10
                        Solver time              :	19 s


                      ------------------------------------------------------------------------------
2026-08-09 05:52:19     Delta calculation        
2026-08-09 05:52:19     All S-Parameters         :	2.45004e-05
2026-08-09 05:52:19   

                      ------------------------------------------------------------------------------
2026-08-09 05:52:31   Adaptive mesh refinement pass 3

                      ------------------------------------------------------------------------------
2026-08-09 05:53:22     Matrix setup time        :	7 s
                        Solver setup             :	22 s
                        Degrees of freedom       :	3726284
                        Number of mesh cells     :	569382

                        Stimulation port         :	Zmin
                        Mode number              :	1
                        Accuracy                 :	5.03608e-05
                        Iterations               :	10
                        Solver time              :	20 s


                      ------------------------------------------------------------------------------
2026-08-09 05:53:24     Delta calculation        
2026-08-09 05:53:24     All S-Parameters         :	2.20031e-05
2026-08-09 05:53:24   

                      ------------------------------------------------------------------------------
2026-08-09 05:53:24   Mesh adaptation terminated because the desired accuracy limit is reached.

                      ------------------------------------------------------------------------------
2026-08-09 05:53:24     Total time               :	171 s	 (= 0 h, 02 m, 51 s)

                      ------------------------------------------------------------------------------
2026-08-09 05:53:24   

                      ------------------------------------------------------------------------------
2026-08-09 05:53:24     Calculation 55 (Frequency: 26.512 THz, Theta: 0, Phi: 0)


                      ------------------------------------------------------------------------------
2026-08-09 05:53:24   Running the PortModeSolver.

                      ------------------------------------------------------------------------------
2026-08-09 05:53:25   Adaptive mesh refinement pass 1

                      ------------------------------------------------------------------------------
2026-08-09 05:54:18     Matrix setup time        :	3 s
                        Solver setup             :	18 s
                        Degrees of freedom       :	3726284
                        Number of mesh cells     :	569382

                        Stimulation port         :	Zmin
                        Mode number              :	1
                        Accuracy                 :	5.13606e-05
                        Iterations               :	15
                        Solver time              :	29 s


                      ------------------------------------------------------------------------------
2026-08-09 05:54:31   Adaptive mesh refinement pass 2

                      ------------------------------------------------------------------------------
2026-08-09 05:55:32     Matrix setup time        :	8 s
                        Solver setup             :	23 s
                        Degrees of freedom       :	3759232
                        Number of mesh cells     :	574475

                        Stimulation port         :	Zmin
                        Mode number              :	1
                        Accuracy                 :	8.60143e-05
                        Iterations               :	15
                        Solver time              :	28 s


                      ------------------------------------------------------------------------------
2026-08-09 05:55:33     Delta calculation        
2026-08-09 05:55:33     All S-Parameters         :	0.000100754
2026-08-09 05:55:33   

                      ------------------------------------------------------------------------------
2026-08-09 05:55:46   Adaptive mesh refinement pass 3

                      ------------------------------------------------------------------------------
2026-08-09 05:56:54     Matrix setup time        :	8 s
                        Solver setup             :	28 s
                        Degrees of freedom       :	3792078
                        Number of mesh cells     :	579554

                        Stimulation port         :	Zmin
                        Mode number              :	1
                        Accuracy                 :	8.12033e-05
                        Iterations               :	15
                        Solver time              :	31 s


                      ------------------------------------------------------------------------------
2026-08-09 05:56:55     Delta calculation        
2026-08-09 05:56:55     All S-Parameters         :	4.1772e-05
2026-08-09 05:56:55   

                      ------------------------------------------------------------------------------
2026-08-09 05:56:55   Mesh adaptation terminated because the desired accuracy limit is reached.

                      ------------------------------------------------------------------------------
2026-08-09 05:56:55     Total time               :	211 s	 (= 0 h, 03 m, 31 s)

                      ------------------------------------------------------------------------------
2026-08-09 05:56:55   

                      ------------------------------------------------------------------------------
2026-08-09 05:56:55     Calculation 56 (Frequency: 20.848 THz, Theta: 0, Phi: 0)


                      ------------------------------------------------------------------------------
2026-08-09 05:56:55   Running the PortModeSolver.

                      ------------------------------------------------------------------------------
2026-08-09 05:56:57   Adaptive mesh refinement pass 1

                      ------------------------------------------------------------------------------
2026-08-09 05:57:42     Matrix setup time        :	3 s
                        Solver setup             :	23 s
                        Degrees of freedom       :	3792078
                        Number of mesh cells     :	579554

                        Stimulation port         :	Zmin
                        Mode number              :	1
                        Accuracy                 :	8.72782e-05
                        Iterations               :	8
                        Solver time              :	17 s


                      ------------------------------------------------------------------------------
2026-08-09 05:57:56   Adaptive mesh refinement pass 2

                      ------------------------------------------------------------------------------
2026-08-09 05:58:48     Matrix setup time        :	8 s
                        Solver setup             :	25 s
                        Degrees of freedom       :	3825502
                        Number of mesh cells     :	584720

                        Stimulation port         :	Zmin
                        Mode number              :	1
                        Accuracy                 :	8.89832e-05
                        Iterations               :	8
                        Solver time              :	17 s


                      ------------------------------------------------------------------------------
2026-08-09 05:58:49     Delta calculation        
2026-08-09 05:58:49     All S-Parameters         :	2.15223e-05
2026-08-09 05:58:49   

                      ------------------------------------------------------------------------------
2026-08-09 05:59:02   Adaptive mesh refinement pass 3

                      ------------------------------------------------------------------------------
2026-08-09 05:59:55     Matrix setup time        :	8 s
                        Solver setup             :	26 s
                        Degrees of freedom       :	3859116
                        Number of mesh cells     :	589883

                        Stimulation port         :	Zmin
                        Mode number              :	1
                        Accuracy                 :	8.95896e-05
                        Iterations               :	8
                        Solver time              :	17 s


                      ------------------------------------------------------------------------------
2026-08-09 05:59:57     Delta calculation        
2026-08-09 05:59:57     All S-Parameters         :	3.46408e-05
2026-08-09 05:59:57   

                      ------------------------------------------------------------------------------
2026-08-09 05:59:57   Mesh adaptation terminated because the desired accuracy limit is reached.

                      ------------------------------------------------------------------------------
2026-08-09 05:59:57     Total time               :	181 s	 (= 0 h, 03 m, 01 s)

                      ------------------------------------------------------------------------------
2026-08-09 05:59:57   

                      ------------------------------------------------------------------------------
2026-08-09 05:59:57     Calculation 57 (Frequency: 23.512 THz, Theta: 0, Phi: 0)


                      ------------------------------------------------------------------------------
2026-08-09 05:59:57   Running the PortModeSolver.

                      ------------------------------------------------------------------------------
2026-08-09 05:59:59   Adaptive mesh refinement pass 1

                      ------------------------------------------------------------------------------
2026-08-09 06:00:45     Matrix setup time        :	4 s
                        Solver setup             :	22 s
                        Degrees of freedom       :	3859116
                        Number of mesh cells     :	589883

                        Stimulation port         :	Zmin
                        Mode number              :	1
                        Accuracy                 :	4.61303e-05
                        Iterations               :	9
                        Solver time              :	19 s


                      ------------------------------------------------------------------------------
2026-08-09 06:00:59   Adaptive mesh refinement pass 2

                      ------------------------------------------------------------------------------
2026-08-09 06:01:54     Matrix setup time        :	8 s
                        Solver setup             :	26 s
                        Degrees of freedom       :	3891918
                        Number of mesh cells     :	594965

                        Stimulation port         :	Zmin
                        Mode number              :	1
                        Accuracy                 :	4.52613e-05
                        Iterations               :	9
                        Solver time              :	19 s


                      ------------------------------------------------------------------------------
2026-08-09 06:01:55     Delta calculation        
2026-08-09 06:01:55     All S-Parameters         :	2.08063e-05
2026-08-09 06:01:55   

                      ------------------------------------------------------------------------------
2026-08-09 06:02:08   Adaptive mesh refinement pass 3

                      ------------------------------------------------------------------------------
2026-08-09 06:03:04     Matrix setup time        :	8 s
                        Solver setup             :	27 s
                        Degrees of freedom       :	3925068
                        Number of mesh cells     :	600088

                        Stimulation port         :	Zmin
                        Mode number              :	1
                        Accuracy                 :	4.33407e-05
                        Iterations               :	9
                        Solver time              :	19 s


                      ------------------------------------------------------------------------------
2026-08-09 06:03:05     Delta calculation        
2026-08-09 06:03:05     All S-Parameters         :	3.36845e-05
2026-08-09 06:03:05   

                      ------------------------------------------------------------------------------
2026-08-09 06:03:05   Mesh adaptation terminated because the desired accuracy limit is reached.

                      ------------------------------------------------------------------------------
2026-08-09 06:03:06     Total time               :	188 s	 (= 0 h, 03 m, 08 s)

                      ------------------------------------------------------------------------------
2026-08-09 06:03:06   

                      ------------------------------------------------------------------------------
2026-08-09 06:03:06     Calculation 58 (Frequency: 18.28 THz, Theta: 0, Phi: 0)


                      ------------------------------------------------------------------------------
2026-08-09 06:03:06   Running the PortModeSolver.

                      ------------------------------------------------------------------------------
2026-08-09 06:03:07   Adaptive mesh refinement pass 1

                      ------------------------------------------------------------------------------
2026-08-09 06:03:54     Matrix setup time        :	3 s
                        Solver setup             :	23 s
                        Degrees of freedom       :	3925068
                        Number of mesh cells     :	600088

                        Stimulation port         :	Zmin
                        Mode number              :	1
                        Accuracy                 :	8.81893e-05
                        Iterations               :	9
                        Solver time              :	19 s


                      ------------------------------------------------------------------------------
2026-08-09 06:04:08   Adaptive mesh refinement pass 2

                      ------------------------------------------------------------------------------
2026-08-09 06:05:02     Matrix setup time        :	8 s
                        Solver setup             :	25 s
                        Degrees of freedom       :	3958772
                        Number of mesh cells     :	605244

                        Stimulation port         :	Zmin
                        Mode number              :	1
                        Accuracy                 :	8.49277e-05
                        Iterations               :	9
                        Solver time              :	19 s


                      ------------------------------------------------------------------------------
2026-08-09 06:05:04     Delta calculation        
2026-08-09 06:05:04     All S-Parameters         :	0.000134758
2026-08-09 06:05:04   

                      ------------------------------------------------------------------------------
2026-08-09 06:05:16   Adaptive mesh refinement pass 3

                      ------------------------------------------------------------------------------
2026-08-09 06:06:12     Matrix setup time        :	8 s
                        Solver setup             :	26 s
                        Degrees of freedom       :	3992952
                        Number of mesh cells     :	610462

                        Stimulation port         :	Zmin
                        Mode number              :	1
                        Accuracy                 :	8.12863e-05
                        Iterations               :	9
                        Solver time              :	20 s


                      ------------------------------------------------------------------------------
2026-08-09 06:06:14     Delta calculation        
2026-08-09 06:06:14     All S-Parameters         :	5.68909e-05
2026-08-09 06:06:14   

                      ------------------------------------------------------------------------------
2026-08-09 06:06:14   Mesh adaptation terminated because the desired accuracy limit is reached.

                      ------------------------------------------------------------------------------
2026-08-09 06:06:14     Total time               :	188 s	 (= 0 h, 03 m, 08 s)

                      ------------------------------------------------------------------------------
2026-08-09 06:06:14   

                      ------------------------------------------------------------------------------
2026-08-09 06:06:14     Calculation 59 (Frequency: 19.864 THz, Theta: 0, Phi: 0)


                      ------------------------------------------------------------------------------
2026-08-09 06:06:14   Running the PortModeSolver.

                      ------------------------------------------------------------------------------
2026-08-09 06:06:15   Adaptive mesh refinement pass 1

                      ------------------------------------------------------------------------------
2026-08-09 06:07:02     Matrix setup time        :	3 s
                        Solver setup             :	22 s
                        Degrees of freedom       :	3992952
                        Number of mesh cells     :	610462

                        Stimulation port         :	Zmin
                        Mode number              :	1
                        Accuracy                 :	8.18994e-05
                        Iterations               :	9
                        Solver time              :	20 s


                      ------------------------------------------------------------------------------
2026-08-09 06:07:16   Adaptive mesh refinement pass 2

                      ------------------------------------------------------------------------------
2026-08-09 06:08:10     Matrix setup time        :	8 s
                        Solver setup             :	27 s
                        Degrees of freedom       :	4027066
                        Number of mesh cells     :	615670

                        Stimulation port         :	Zmin
                        Mode number              :	1
                        Accuracy                 :	8.79046e-05
                        Iterations               :	8
                        Solver time              :	17 s


                      ------------------------------------------------------------------------------
2026-08-09 06:08:11     Delta calculation        
2026-08-09 06:08:11     All S-Parameters         :	0.000101473
2026-08-09 06:08:11   

                      ------------------------------------------------------------------------------
2026-08-09 06:08:24   Adaptive mesh refinement pass 3

                      ------------------------------------------------------------------------------
2026-08-09 06:09:21     Matrix setup time        :	8 s
                        Solver setup             :	29 s
                        Degrees of freedom       :	4061340
                        Number of mesh cells     :	620890

                        Stimulation port         :	Zmin
                        Mode number              :	1
                        Accuracy                 :	8.38245e-05
                        Iterations               :	8
                        Solver time              :	18 s


                      ------------------------------------------------------------------------------
2026-08-09 06:09:22     Delta calculation        
2026-08-09 06:09:22     All S-Parameters         :	5.75186e-05
2026-08-09 06:09:22   

                      ------------------------------------------------------------------------------
2026-08-09 06:09:22   Mesh adaptation terminated because the desired accuracy limit is reached.

                      ------------------------------------------------------------------------------
2026-08-09 06:09:22     Total time               :	188 s	 (= 0 h, 03 m, 08 s)

                      ------------------------------------------------------------------------------
2026-08-09 06:09:22   

                      ------------------------------------------------------------------------------
2026-08-09 06:09:22     Calculation 60 (Frequency: 22.384 THz, Theta: 0, Phi: 0)


                      ------------------------------------------------------------------------------
2026-08-09 06:09:22   Running the PortModeSolver.

                      ------------------------------------------------------------------------------
2026-08-09 06:09:24   Adaptive mesh refinement pass 1

                      ------------------------------------------------------------------------------
2026-08-09 06:10:13     Matrix setup time        :	4 s
                        Solver setup             :	24 s
                        Degrees of freedom       :	4061340
                        Number of mesh cells     :	620890

                        Stimulation port         :	Zmin
                        Mode number              :	1
                        Accuracy                 :	4.9825e-05
                        Iterations               :	9
                        Solver time              :	20 s


                      ------------------------------------------------------------------------------
2026-08-09 06:10:28   Adaptive mesh refinement pass 2

                      ------------------------------------------------------------------------------
2026-08-09 06:11:29     Matrix setup time        :	8 s
                        Solver setup             :	31 s
                        Degrees of freedom       :	4094364
                        Number of mesh cells     :	626003

                        Stimulation port         :	Zmin
                        Mode number              :	1
                        Accuracy                 :	5.09187e-05
                        Iterations               :	9
                        Solver time              :	20 s


                      ------------------------------------------------------------------------------
2026-08-09 06:11:31     Delta calculation        
2026-08-09 06:11:31     All S-Parameters         :	2.01742e-05
2026-08-09 06:11:31   

                      ------------------------------------------------------------------------------
2026-08-09 06:11:44   Adaptive mesh refinement pass 3

                      ------------------------------------------------------------------------------
2026-08-09 06:12:44     Matrix setup time        :	8 s
                        Solver setup             :	30 s
                        Degrees of freedom       :	4127502
                        Number of mesh cells     :	631123

                        Stimulation port         :	Zmin
                        Mode number              :	1
                        Accuracy                 :	5.2311e-05
                        Iterations               :	9
                        Solver time              :	20 s


                      ------------------------------------------------------------------------------
2026-08-09 06:12:45     Delta calculation        
2026-08-09 06:12:45     All S-Parameters         :	2.28856e-05
2026-08-09 06:12:45   

                      ------------------------------------------------------------------------------
2026-08-09 06:12:45   Mesh adaptation terminated because the desired accuracy limit is reached.

                      ------------------------------------------------------------------------------
2026-08-09 06:12:46     Total time               :	203 s	 (= 0 h, 03 m, 23 s)

                      ------------------------------------------------------------------------------
2026-08-09 06:12:46   

                      ------------------------------------------------------------------------------
2026-08-09 06:12:46     Calculation 61 (Frequency: 19.216 THz, Theta: 0, Phi: 0)


                      ------------------------------------------------------------------------------
2026-08-09 06:12:46   Running the PortModeSolver.

                      ------------------------------------------------------------------------------
2026-08-09 06:12:47   Adaptive mesh refinement pass 1

                      ------------------------------------------------------------------------------
2026-08-09 06:13:35     Matrix setup time        :	4 s
                        Solver setup             :	25 s
                        Degrees of freedom       :	4127502
                        Number of mesh cells     :	631123

                        Stimulation port         :	Zmin
                        Mode number              :	1
                        Accuracy                 :	9.78323e-05
                        Iterations               :	8
                        Solver time              :	18 s


                      ------------------------------------------------------------------------------
2026-08-09 06:13:50   Adaptive mesh refinement pass 2

                      ------------------------------------------------------------------------------
2026-08-09 06:14:46     Matrix setup time        :	9 s
                        Solver setup             :	28 s
                        Degrees of freedom       :	4161558
                        Number of mesh cells     :	636323

                        Stimulation port         :	Zmin
                        Mode number              :	1
                        Accuracy                 :	9.4698e-05
                        Iterations               :	8
                        Solver time              :	18 s


                      ------------------------------------------------------------------------------
2026-08-09 06:14:48     Delta calculation        
2026-08-09 06:14:48     All S-Parameters         :	3.94266e-05
2026-08-09 06:14:48   

                      ------------------------------------------------------------------------------
2026-08-09 06:15:02   Adaptive mesh refinement pass 3

                      ------------------------------------------------------------------------------
2026-08-09 06:16:06     Matrix setup time        :	8 s
                        Solver setup             :	35 s
                        Degrees of freedom       :	4195704
                        Number of mesh cells     :	641529

                        Stimulation port         :	Zmin
                        Mode number              :	1
                        Accuracy                 :	9.53432e-05
                        Iterations               :	8
                        Solver time              :	19 s


                      ------------------------------------------------------------------------------
2026-08-09 06:16:07     Delta calculation        
2026-08-09 06:16:07     All S-Parameters         :	3.04328e-05
2026-08-09 06:16:07   

                      ------------------------------------------------------------------------------
2026-08-09 06:16:07   Mesh adaptation terminated because the desired accuracy limit is reached.

                      ------------------------------------------------------------------------------
2026-08-09 06:16:07     Total time               :	201 s	 (= 0 h, 03 m, 21 s)

                      ------------------------------------------------------------------------------
2026-08-09 06:16:07   

                      ------------------------------------------------------------------------------
2026-08-09 06:16:07     Calculation 62 (Frequency: 23.632 THz, Theta: 0, Phi: 0)


                      ------------------------------------------------------------------------------
2026-08-09 06:16:07   Running the PortModeSolver.

                      ------------------------------------------------------------------------------
2026-08-09 06:16:09   Adaptive mesh refinement pass 1

                      ------------------------------------------------------------------------------
2026-08-09 06:17:06     Matrix setup time        :	3 s
                        Solver setup             :	30 s
                        Degrees of freedom       :	4195704
                        Number of mesh cells     :	641529

                        Stimulation port         :	Zmin
                        Mode number              :	1
                        Accuracy                 :	4.0856e-05
                        Iterations               :	9
                        Solver time              :	21 s


                      ------------------------------------------------------------------------------
2026-08-09 06:17:21   Adaptive mesh refinement pass 2

                      ------------------------------------------------------------------------------
2026-08-09 06:18:21     Matrix setup time        :	9 s
                        Solver setup             :	32 s
                        Degrees of freedom       :	4228970
                        Number of mesh cells     :	646662

                        Stimulation port         :	Zmin
                        Mode number              :	1
                        Accuracy                 :	9.96718e-05
                        Iterations               :	8
                        Solver time              :	18 s


                      ------------------------------------------------------------------------------
2026-08-09 06:18:23     Delta calculation        
2026-08-09 06:18:23     All S-Parameters         :	5.44476e-05
2026-08-09 06:18:23   

                      ------------------------------------------------------------------------------
2026-08-09 06:18:37   Adaptive mesh refinement pass 3

                      ------------------------------------------------------------------------------
2026-08-09 06:19:35     Matrix setup time        :	9 s
                        Solver setup             :	29 s
                        Degrees of freedom       :	4262330
                        Number of mesh cells     :	651794

                        Stimulation port         :	Zmin
                        Mode number              :	1
                        Accuracy                 :	9.76289e-05
                        Iterations               :	8
                        Solver time              :	18 s


                      ------------------------------------------------------------------------------
2026-08-09 06:19:36     Delta calculation        
2026-08-09 06:19:36     All S-Parameters         :	1.22816e-05
2026-08-09 06:19:36   

                      ------------------------------------------------------------------------------
2026-08-09 06:19:36   Mesh adaptation terminated because the desired accuracy limit is reached.

                      ------------------------------------------------------------------------------
2026-08-09 06:19:37     Total time               :	208 s	 (= 0 h, 03 m, 28 s)

                      ------------------------------------------------------------------------------
2026-08-09 06:19:37   

                      ------------------------------------------------------------------------------
2026-08-09 06:19:37   Some adaptive mesh refinement samples will be recalculated because the mesh has changed significantly.

                      ------------------------------------------------------------------------------
2026-08-09 06:19:37     Calculation 1 (Frequency: 34 THz, Theta: 0, Phi: 0)


                      ------------------------------------------------------------------------------
2026-08-09 06:19:37   Running the PortModeSolver.

                      ------------------------------------------------------------------------------
2026-08-09 06:20:27     Matrix setup time        :	4 s
                        Solver setup             :	24 s
                        Degrees of freedom       :	4262330
                        Number of mesh cells     :	651794

                        Stimulation port         :	Zmin
                        Mode number              :	1
                        Accuracy                 :	7.1696e-05
                        Iterations               :	8
                        Solver time              :	18 s


                      ------------------------------------------------------------------------------
2026-08-09 06:20:27     Total time               :	49 s

                      ------------------------------------------------------------------------------
2026-08-09 06:20:27   

                      ------------------------------------------------------------------------------
2026-08-09 06:20:27     Calculation 2 (Frequency: 10 THz, Theta: 0, Phi: 0)


                      ------------------------------------------------------------------------------
2026-08-09 06:20:27   Running the PortModeSolver.

                      ------------------------------------------------------------------------------
2026-08-09 06:21:12     Matrix setup time        :	4 s
                        Solver setup             :	25 s
                        Degrees of freedom       :	4262330
                        Number of mesh cells     :	651794

                        Stimulation port         :	Zmin
                        Mode number              :	1
                        Accuracy                 :	9.7084e-05
                        Iterations               :	6
                        Solver time              :	14 s


                      ------------------------------------------------------------------------------
2026-08-09 06:21:13     Total time               :	45 s

                      ------------------------------------------------------------------------------
2026-08-09 06:21:13   

                      ------------------------------------------------------------------------------
2026-08-09 06:21:13   Finished the general purpose interpolative broadband frequency sweep:
                      All broadband sweep convergence criteria have been satisfied after
                      calculating 62 frequency samples:

                        Broadband sweep error threshold value :  0.01 (All S-Parameters) 
                        Number of error criterion checks      :  2 (All S-Parameters) 
                        Minimum number of samples             :  3
                        Number of data samples, linear        :  1001

                      ------------------------------------------------------------------------------
2026-08-09 06:21:13     Number of mesh cells     :	651794
                        Degrees of freedom       :	4224690
                        Total Solver Time        :	5962 s	 (= 1 h, 39 m, 22 s)
                        Free disk space          :	291 GB
                        Disk space delta         :	7 GB
                      ================================================================================



                      ------------------------------------------------------------------------------
2026-08-09 06:21:14     ----------------------------------------------------------------------------
                                            Peak memory used (GB)         Free physical memory (GB) 
                                                                          At begin     Minimum      
                        ----------------------------------------------------------------------------
                        Solver start        0.029                         40.484       40.482       
                        Eq. system setup    12.396                        40.448       27.270       
                        Eq. system solve    22.867                        40.381       17.133       
                        Mesh refinement     12.262                        40.352       27.713       
                        Field monitor calc. 12.395                        27.504       27.352       
                        Solver run total    22.867                        40.484       17.133       

                        Computer name       Hikari
                        ----------------------------------------------------------------------------


                      ------------------------------------------------------------------------------
2026-08-09 06:21:15   Running post-processing.

                      ------------------------------------------------------------------------------
2026-08-09 06:21:17   Post-processing finished.

                      ------------------------------------------------------------------------------
