lam_um,f_THz,side,n1,n2,kz_rad_per_um,Re_S_TE,Im_S_TE,Re_S_TM,Im_S_TM,power
29.9792458,10,trans,0,0,0.2095845022,-1.667780525e-15,1.04567901e-15,0.9545133039,0.1925192943,0.948159326
29.9792458,10,refl,0,0,0.2095845022,-1.5818136e-15,1.471802143e-15,-0.04745352398,0.1999855315,0.04224604975
29.60913165,10.125,trans,0,0,0.2122043085,-1.60646776e-15,1.061177984e-15,0.9522826847,0.1974349904,0.9458228871
29.60913165,10.125,refl,0,0,0.2122043085,-1.49418598e-15,1.460829782e-15,-0.04973305286,0.2047515392,0.04439656934
29.24804468,10.25,trans,0,0,0.2148241148,-1.640869843e-15,1.04044109e-15,0.9501767706,0.2018519158,0.9435800913
29.24804468,10.25,refl,0,0,0.2148241148,-1.524505611e-15,1.424119449e-15,-0.05189792799,0.2091169017,0.04642327349
28.8956586,10.375,trans,0,0,0.217443921,-1.580801813e-15,1.044646216e-15,0.9481960701,0.2058524361,0.9414510129
28.8956586,10.375,refl,0,0,0.217443921,-1.431542672e-15,1.431854213e-15,-0.05392727506,0.2131390272,0.04833639589
28.55166267,10.5,trans,0,0,0.2200637273,-1.529156357e-15,1.055528109e-15,0.9463446704,0.2094948302,0.939456319
28.55166267,10.5,refl,0,0,0.2200637273,-1.378703963e-15,1.450056125e-15,-0.05580846589,0.2168567529,0.05014143614
28.21576075,10.625,trans,0,0,0.2226835336,-1.540343104e-15,1.013853901e-15,0.9446260796,0.2128234449,0.9376122489
28.21576075,10.625,refl,0,0,0.2226835336,-1.376344789e-15,1.402802551e-15,-0.05753525706,0.2202994626,0.05184215903
27.88767051,10.75,trans,0,0,0.2253033399,-1.463263744e-15,1.001578862e-15,0.9430423746,0.2158738088,0.9359304216
27.88767051,10.75,refl,0,0,0.2253033399,-1.275482744e-15,1.396946887e-15,-0.05910580017,0.2234911835,0.05344180473
27.56712257,10.875,trans,0,0,0.2279231461,-1.502762003e-15,9.31560285e-16,0.9415941614,0.2186753329,0.9344184659
27.56712257,10.875,refl,0,0,0.2279231461,-1.306773973e-15,1.332131898e-15,-0.06052121421,0.2264525078,0.05494355565
27.25385982,11,trans,0,0,0.2305429524,-1.488678978e-15,9.090067251e-16,0.9402807127,0.2212528621,0.9330806476
27.25385982,11,refl,0,0,0.2305429524,-1.260571052e-15,1.3103392e-15,-0.06178463945,0.229201548,0.05635069126
26.94763667,11.125,trans,0,0,0.2331627587,-1.5425404e-15,8.546266928e-16,0.9373200936,0.2257733354,0.9295425569
26.94763667,11.125,refl,0,0,0.2331627587,-1.301516511e-15,1.223692237e-15,-0.06454698996,0.2332201731,0.05855796305
26.64821849,11.25,trans,0,0,0.235782565,-1.50175106e-15,8.440690806e-16,0.9345562425,0.2299779401,0.9262852233
26.64821849,11.25,refl,0,0,0.235782565,-1.240013957e-15,1.194639888e-15,-0.06705954586,0.2369611738,0.06064758057
26.35538092,11.375,trans,0,0,0.2384023712,-1.685046962e-15,7.610321242e-16,0.9319976834,0.2338886584,0.9233235865
26.35538092,11.375,refl,0,0,0.2384023712,-1.407118614e-15,1.07318005e-15,-0.06933249734,0.240438605,0.06261771796
26.06890939,11.5,trans,0,0,0.2410221775,-1.765973422e-15,7.115277176e-16,0.9296484683,0.2375263554,0.9206650442
26.06890939,11.5,refl,0,0,0.2410221775,-1.455575438e-15,1.002405944e-15,-0.07137650806,0.2436681437,0.06446877016
25.78859854,11.625,trans,0,0,0.2436419838,-1.825296491e-15,6.929742045e-16,0.927508847,0.2409107104,0.9183106317
25.78859854,11.625,refl,0,0,0.2436419838,-1.506295994e-15,9.471816432e-16,-0.07320263338,0.2466660529,0.06620276721
25.51425174,11.75,trans,0,0,0.2462617901,-1.693117204e-15,7.082613171e-16,0.9255759633,0.2440601746,0.9162562327
25.51425174,11.75,refl,0,0,0.2462617901,-1.35840139e-15,9.282496212e-16,-0.07482220014,0.2494484815,0.06782290654
25.24568067,11.875,trans,0,0,0.2488815964,-1.873835252e-15,6.469784618e-16,0.9238445284,0.2469919506,0.9144937363
25.24568067,11.875,refl,0,0,0.2488815964,-1.53891128e-15,8.305051314e-16,-0.07624666672,0.2520310104,0.0693331844
24.98270483,12,trans,0,0,0.2515014026,-1.731761443e-15,7.31466099e-16,0.9223074355,0.2497219954,0.9130120805
24.98270483,12,refl,0,0,0.2515014026,-1.394522957e-15,8.846854796e-16,-0.07748748046,0.2544283818,0.07073811111
24.72515118,12.125,trans,0,0,0.2541212089,-1.629978652e-15,7.151846479e-16,0.9195180203,0.2536941463,0.9098741095
24.72515118,12.125,refl,0,0,0.2541212089,-1.29405323e-15,8.144121417e-16,-0.07990022399,0.2576899553,0.07278815885
24.47285371,12.25,trans,0,0,0.2567410152,-1.610851592e-15,6.874221283e-16,0.9170116698,0.2573987057,0.9071644963
24.47285371,12.25,refl,0,0,0.2567410152,-1.263176248e-15,7.542766958e-16,-0.08206635336,0.2607098066,0.07470448959
24.22565317,12.375,trans,0,0,0.2593608215,-1.543187232e-15,7.459181742e-16,0.9147688651,0.2608615144,0.9048508062
24.22565317,12.375,refl,0,0,0.2593608215,-1.22591857e-15,7.623763203e-16,-0.08400363162,0.2635142306,0.07649635987
23.98339664,12.5,trans,0,0,0.2619806277,-1.440363009e-15,7.258015128e-16,0.9127708428,0.2641053467,0.9029022456
23.98339664,12.5,refl,0,0,0.2619806277,-1.130648388e-15,7.059523146e-16,-0.0857284339,0.266125984,0.07817240373
23.74593727,12.625,trans,0,0,0.264600434,-1.476746983e-15,7.276915727e-16,0.9109998101,0.2671502736,0.9012899227
23.74593727,12.625,refl,0,0,0.264600434,-1.173742808e-15,6.735707053e-16,-0.08725588979,0.2685647694,0.07974062568
23.51313396,12.75,trans,0,0,0.2672202403,-1.382419746e-15,7.578394958e-16,0.9094390608,0.270014011,0.8999869715
23.51313396,12.75,refl,0,0,0.2672202403,-1.051788143e-15,6.678068903e-16,-0.08859999101,0.2708476882,0.08120842862
23.28485111,12.875,trans,0,0,0.2698400466,-1.30501802e-15,7.45680751e-16,0.908073022,0.2727122386,0.8989685784
23.28485111,12.875,refl,0,0,0.2698400466,-1.002044684e-15,6.206959105e-16,-0.08977367935,0.2729896433,0.08258265883
23.06095831,13,trans,0,0,0.2724598529,-1.303951788e-15,7.646751466e-16,0.9068872517,0.2752588848,0.898211941
23.06095831,13,refl,0,0,0.2724598529,-9.985319477e-16,6.116845964e-16,-0.09078892351,0.2750036889,0.08386965756
22.84133013,13.125,trans,0,0,0.2750796591,-1.326602709e-15,7.462406751e-16,0.9039952061,0.2785183601,0.8947798096
22.84133013,13.125,refl,0,0,0.2750796591,-1.03942188e-15,5.988228208e-16,-0.09381909792,0.2786470849,0.08644622103
22.62584589,13.25,trans,0,0,0.2776994654,-1.133885849e-15,7.860572134e-16,0.9013541875,0.2816560171,0.8917694833
22.62584589,13.25,refl,0,0,0.2776994654,-8.42367283e-16,6.521735054e-16,-0.09659538398,0.2821359058,0.08893133752
22.41438938,13.375,trans,0,0,0.2803192717,-1.291798441e-15,7.126445934e-16,0.898946507,0.2846818433,0.8891485744
22.41438938,13.375,refl,0,0,0.2803192717,-1.011257257e-15,5.807096516e-16,-0.09913460089,0.2854852797,0.091329514
22.20684874,13.5,trans,0,0,0.282939078,-1.230625054e-15,6.83154463e-16,0.8967560439,0.2876046478,0.8868878357
22.20684874,13.5,refl,0,0,0.282939078,-9.922183072e-16,5.648199694e-16,-0.1014521823,0.2887081399,0.09364493537
22.00311618,13.625,trans,0,0,0.2855588842,-1.199859636e-15,6.84644098e-16,0.8947680525,0.2904323252,0.8849608034
22.00311618,13.625,refl,0,0,0.2855588842,-9.356543571e-16,5.689928479e-16,-0.1035623262,0.2918157156,0.0958815673
21.80308785,13.75,trans,0,0,0.2881786905,-1.136616174e-15,6.390566672e-16,0.8929689928,0.2931720677,0.8833434834
21.80308785,13.75,refl,0,0,0.2881786905,-8.884718676e-16,5.416478324e-16,-0.1054781331,0.2948179117,0.09804323764
21.60666364,13.875,trans,0,0,0.2907984968,-1.078404691e-15,6.435797176e-16,0.8913463778,0.2958305386,0.8820140728
21.60666364,13.875,refl,0,0,0.2907984968,-8.37858199e-16,5.574840954e-16,-0.1072117334,0.2977236088,0.100133703
21.413747,14,trans,0,0,0.2934183031,-9.785627322e-16,6.603270336e-16,0.8898886376,0.2984140168,0.8809527127
21.413747,14,refl,0,0,0.2934183031,-7.41921744e-16,5.977067038e-16,-0.1087744034,0.3005409048,0.1021567063
21.22424481,14.125,trans,0,0,0.2960381094,-1.089454575e-15,5.308197812e-16,0.8853443292,0.3018277755,0.8749345874
21.22424481,14.125,refl,0,0,0.2960381094,-8.540691018e-16,4.861239547e-16,-0.1136194686,0.3054760959,0.1062250288
21.03806723,14.25,trans,0,0,0.2986579156,-1.013025791e-15,5.258441961e-16,0.8811004494,0.3051885579,0.8694780578
21.03806723,14.25,refl,0,0,0.2986579156,-7.712510535e-16,4.977999948e-16,-0.118139031,0.3102824013,0.1102319992
20.85512751,14.375,trans,0,0,0.3012777219,-9.040162128e-16,5.872751936e-16,0.8771364177,0.3085002515,0.8645407004
20.85512751,14.375,refl,0,0,0.3012777219,-6.430924334e-16,5.90674688e-16,-0.1223555714,0.3149717572,0.1141780937
20.67534193,14.5,trans,0,0,0.3038975282,-9.060154889e-16,5.294208459e-16,0.8734325402,0.3117676184,0.8600834501
20.67534193,14.5,refl,0,0,0.3038975282,-6.71469858e-16,5.470530524e-16,-0.1262902915,0.3195554792,0.118064942
20.49862961,14.625,trans,0,0,0.3065173345,-8.494691237e-16,5.220525402e-16,0.8699696835,0.3149962486,0.8560698868
20.49862961,14.625,refl,0,0,0.3065173345,-6.126852075e-16,5.639686244e-16,-0.1299635105,0.3240445544,0.1218953873
20.32491241,14.75,trans,0,0,0.3091371407,-8.079555544e-16,4.483072738e-16,0.8667289279,0.3181925965,0.852465563
20.32491241,14.75,refl,0,0,0.3091371407,-5.878658416e-16,5.215929949e-16,-0.1333950496,0.3284499316,0.1256735968
20.15411482,14.875,trans,0,0,0.311756947,-9.030734298e-16,3.972445552e-16,0.8636911732,0.3213641079,0.8492373325
20.15411482,14.875,refl,0,0,0.311756947,-6.581935578e-16,4.775718119e-16,-0.1366046399,0.33278284,0.1294052462
19.98616387,15,trans,0,0,0.3143767533,-9.559348711e-16,3.288327323e-16,0.8608366562,0.3245194579,0.8463526272
19.98616387,15,refl,0,0,0.3143767533,-7.478602115e-16,4.27427485e-16,-0.1396123937,0.3370551729,0.13309781
19.82098896,15.125,trans,0,0,0.3169965596,-9.584186525e-16,3.945757253e-16,0.8540179464,0.3283041422,0.8371302626
19.82098896,15.125,refl,0,0,0.3169965596,-7.010190264e-16,4.958370023e-16,-0.1466376205,0.342049724,0.1385006054
19.65852184,15.25,trans,0,0,0.3196163658,-1.00049586e-15,3.493209189e-16,0.8474777901,0.3321081634,0.828514437
19.65852184,15.25,refl,0,0,0.3196163658,-7.821010982e-16,4.525753128e-16,-0.1533601782,0.3470045079,0.1439314728
19.49869646,15.375,trans,0,0,0.3222361721,-1.108124396e-15,3.281918101e-16,0.8411606722,0.33594275,0.8204088078
19.49869646,15.375,refl,0,0,0.3222361721,-8.928572176e-16,4.426768664e-16,-0.1598367454,0.3519388135,0.1494087136
19.3414489,15.5,trans,0,0,0.3248559784,-1.039287103e-15,2.866411304e-16,0.8349992515,0.3398212519,0.8127022332
19.3414489,15.5,refl,0,0,0.3248559784,-8.710513474e-16,3.891372985e-16,-0.1661354348,0.3568737112,0.1549598285
19.18671731,15.625,trans,0,0,0.3274757847,-1.156520473e-15,4.211667778e-16,0.8289066829,0.3437601284,0.8052573149
19.18671731,15.625,refl,0,0,0.3274757847,-1.004465269e-15,5.412100198e-16,-0.1723433453,0.3618335013,0.1606257113
19.03444178,15.75,trans,0,0,0.330095591,-1.159726605e-15,3.762522818e-16,0.8227632256,0.3477802275,0.797890412
19.03444178,15.75,refl,0,0,0.330095591,-9.999169608e-16,4.908071292e-16,-0.1785797557,0.3668476812,0.1664679503
18.88456428,15.875,trans,0,0,0.3327153972,-1.367303067e-15,3.834035235e-16,0.8163913673,0.3519082168,0.7903342576
18.88456428,15.875,refl,0,0,0.3327153972,-1.258846955e-15,4.989012504e-16,-0.1850206716,0.3719535515,0.1725820934
18.73702863,16,trans,0,0,0.3353352035,-1.457717407e-15,5.142748743e-16,0.8095060049,0.3561771385,0.7821621261
18.73702863,16,refl,0,0,0.3353352035,-1.388812871e-15,6.106285262e-16,-0.1919480799,0.3771990395,0.1791231808
18.59178034,16.125,trans,0,0,0.3379550098,-1.514234086e-15,4.652804162e-16,0.7968283178,0.3594656245,0.7641509033
18.59178034,16.125,refl,0,0,0.3379550098,-1.471370648e-15,5.505463507e-16,-0.2046587627,0.3805356443,0.1866925857
18.44876665,16.25,trans,0,0,0.3405748161,-1.569213153e-15,4.592054893e-16,0.7814768446,0.3618858477,0.7416674253
18.44876665,16.25,refl,0,0,0.3405748161,-1.598585291e-15,5.039795888e-16,-0.2200866494,0.3831993254,0.1952798562
18.30793637,16.375,trans,0,0,0.3431946223,-2.040219323e-15,4.12458803e-16,0.7603936993,0.3609598104,0.7084905627
18.30793637,16.375,refl,0,0,0.3431946223,-2.151925102e-15,3.824466719e-16,-0.241438035,0.3828980761,0.2049032614
18.16923988,16.5,trans,0,0,0.3458144286,-2.782005731e-15,-1.661698764e-16,0.7278487626,0.3445603952,0.6484856871
18.16923988,16.5,refl,0,0,0.3458144286,-3.007022207e-15,-3.963523621e-16,-0.2751726724,0.367862995,0.2110431827
18.03262905,16.625,trans,0,0,0.3484342349,-2.35526978e-15,-1.663863995e-15,0.72002875,0.2624266156,0.5873091293
18.03262905,16.625,refl,0,0,0.3484342349,-2.420502185e-15,-2.572523835e-15,-0.2881874561,0.2856940518,0.1646731011
17.89805719,16.75,trans,0,0,0.3510540412,-3.589583413e-16,-2.292601931e-15,0.8308172656,0.270481335,0.7634174815
17.89805719,16.75,refl,0,0,0.3510540412,4.770987243e-16,-3.01396892e-15,-0.1772588271,0.2864600792,0.1134800688
17.76547899,16.875,trans,0,0,0.3536738475,8.96558768e-16,-1.148782659e-15,0.8340392206,0.3305671763,0.8048960796
17.76547899,16.875,refl,0,0,0.3536738475,1.699509437e-15,-1.393861694e-15,-0.1706307326,0.3457389535,0.1486502709
17.63485047,17,trans,0,0,0.3562936537,6.473065683e-16,-3.833528922e-16,0.8195953367,0.355580166,0.7981737704
17.63485047,17,refl,0,0,0.3562936537,1.350953464e-15,-4.839765444e-16,-0.1837743109,0.3710747831,0.171469492
17.50612893,17.125,trans,0,0,0.35891346,4.34955564e-16,-8.659297326e-17,0.8028782071,0.3687311374,0.7805760671
17.50612893,17.125,refl,0,0,0.35891346,9.908729557e-16,-1.120486542e-16,-0.1998472486,0.3838816675,0.1873040574
17.37927293,17.25,trans,0,0,0.3615332663,-2.969153029e-16,1.079855814e-16,0.7894120499,0.3773245755,0.7655452198
17.37927293,17.25,refl,0,0,0.3615332663,2.166083072e-16,1.219863186e-16,-0.2129050681,0.391951625,0.1989546444
17.25424219,17.375,trans,0,0,0.3641530726,-2.802972045e-16,2.701039729e-16,0.7778152818,0.3840841871,0.7525172753
17.25424219,17.375,refl,0,0,0.3641530726,1.934355926e-16,3.322252042e-16,-0.2241943619,0.3980976654,0.2087448631
17.1309976,17.5,trans,0,0,0.3667728788,-6.114823026e-16,2.104758632e-16,0.7673921773,0.3900309309,0.7410148809
17.1309976,17.5,refl,0,0,0.3667728788,-1.427524306e-16,2.971911597e-16,-0.2343611899,0.403381844,0.2176420794
17.00950116,17.625,trans,0,0,0.3693926851,-4.513499572e-16,3.690730641e-16,0.757758094,0.3956307399,0.7307210114
17.00950116,17.625,refl,0,0,0.3693926851,-1.920004783e-17,4.265972247e-16,-0.2437677068,0.4082906585,0.2261239567
16.88971594,17.75,trans,0,0,0.3720124914,-4.739342937e-16,3.292875456e-16,0.7486759077,0.4011293979,0.7214204086
16.88971594,17.75,refl,0,0,0.3720124914,-6.815455667e-17,4.102990423e-16,-0.2526391098,0.4130807516,0.2344622271
16.77160604,17.875,trans,0,0,0.3746322977,-1.166576116e-15,1.924755515e-16,0.7399813728,0.4066741334,0.7129562829
16.77160604,17.875,refl,0,0,0.3746322977,-7.543174833e-16,3.038222755e-16,-0.2611323093,0.4179050758,0.2428347353
16.65513656,18,trans,0,0,0.377252104,-9.306952776e-16,4.782133859e-16,0.7315444672,0.4123659008,0.7052029436
16.65513656,18,refl,0,0,0.377252104,-5.289292996e-16,5.760338999e-16,-0.2693719968,0.4228672245,0.2513779622
16.54027354,18.125,trans,0,0,0.3798719102,-1.131961481e-15,4.003111174e-16,0.7194050845,0.4143370604,0.6892188753
16.54027354,18.125,refl,0,0,0.3798719102,-8.171508708e-16,4.807078433e-16,-0.2816164583,0.4260662469,0.2608402763
16.426984,18.25,trans,0,0,0.3824917165,-1.257945296e-15,-5.238274139e-17,0.7072347722,0.4165886852,0.6737271556
16.426984,18.25,refl,0,0,0.3824917165,-9.992333806e-16,6.751505584e-17,-0.2939150635,0.4294744645,0.2708343803
16.31523581,18.375,trans,0,0,0.3851115228,-1.173138893e-15,-2.241340532e-16,0.6947862767,0.4191632649,0.6584258129
16.31523581,18.375,refl,0,0,0.3851115228,-9.994635609e-16,-7.672272349e-17,-0.3065143117,0.4331407186,0.2815619054
16.20499773,18.5,trans,0,0,0.3877313291,-1.320609982e-15,-7.965267289e-17,0.6816607437,0.4221097637,0.6428380221
16.20499773,18.5,refl,0,0,0.3877313291,-1.110472954e-15,7.568668228e-17,-0.3198130619,0.4371170255,0.2933516885
16.09623936,18.625,trans,0,0,0.3903511353,-1.523546456e-15,-7.28591041e-16,0.6669140358,0.425509588,0.6258327407
16.09623936,18.625,refl,0,0,0.3903511353,-1.382442391e-15,-5.785421674e-16,-0.3347652955,0.4414851665,0.3069769553
15.98893109,18.75,trans,0,0,0.3929709416,-9.673248872e-16,-1.194505644e-15,0.6424461453,0.4254866535,0.5937759419
15.98893109,18.75,trans,-1,0,0.01461479345,-4.774286901e-16,-2.69033217e-16,0.02620152756,0.05581409401,0.003801733137
15.98893109,18.75,trans,0,-1,0.01461479345,0.02262651206,-0.02280777434,-1.138170933e-12,1.223723893e-11,0.001032153619
15.98893109,18.75,trans,0,1,0.01461479345,0.02262651206,-0.02280777434,1.130862449e-12,-1.223408148e-11,0.001032153619
15.98893109,18.75,trans,1,0,0.01461479345,-2.286061929e-16,-3.405051128e-16,0.02620152756,0.055814094,0.003801733136
15.98893109,18.75,refl,0,0,0.3929709416,-5.24815341e-16,-1.112068089e-15,-0.3592550153,0.4415387763,0.324020657
15.98893109,18.75,refl,-1,0,0.01461479345,-2.675812172e-16,-1.907704299e-16,-0.02992739675,-0.007676664036,0.000954580247
15.98893109,18.75,refl,0,-1,0.01461479345,0.02023146295,-0.02214168476,-2.315403501e-12,1.046430811e-11,0.0008995662974
15.98893109,18.75,refl,0,1,0.01461479345,0.02023146295,-0.02214168476,2.308685878e-12,-1.046253838e-11,0.0008995662974
15.98893109,18.75,refl,1,0,0.01461479345,5.97497901e-17,-2.715574627e-16,-0.02992739676,-0.007676664047,0.0009545802476
15.88304413,18.875,trans,0,0,0.3955907479,-1.812250287e-15,-1.354902005e-15,0.6344687478,0.4153444265,0.5750615846
15.88304413,18.875,trans,-1,0,0.04774380642,-6.391690844e-16,-2.92510958e-16,0.03176247966,0.07783186584,0.007066654454
15.88304413,18.875,trans,0,-1,0.04774380642,0.03904964406,-0.03841863811,9.880527224e-13,6.700357712e-12,0.003000866456
15.88304413,18.875,trans,0,1,0.04774380642,0.03904964406,-0.03841863811,-9.916256877e-13,-6.698532554e-12,0.003000866456
15.88304413,18.875,trans,1,0,0.04774380642,-4.327245919e-16,-2.437050864e-16,0.03176247965,0.07783186583,0.007066654453
15.88304413,18.875,refl,0,0,0.3955907479,-1.568478444e-15,-1.141598096e-15,-0.3671661312,0.4330996225,0.3223862509
15.88304413,18.875,refl,-1,0,0.04774380642,-4.634630523e-16,-2.568472467e-16,-0.03986258914,-0.05288945539,0.004386320504
15.88304413,18.875,refl,0,-1,0.04774380642,0.0356886234,-0.03832772719,-1.329238722e-12,3.84472129e-12,0.002742692511
15.88304413,18.875,refl,0,1,0.04774380642,0.0356886234,-0.03832772719,1.32747986e-12,-3.845254195e-12,0.002742692511
15.88304413,18.875,refl,1,0,0.04774380642,-1.463625497e-16,-1.619459212e-16,-0.03986258914,-0.0528894554,0.004386320505
15.77855042,19,trans,0,0,0.3982105542,-1.828758447e-15,-1.200601355e-15,0.6269456221,0.4123529421,0.563095762
15.77855042,19,trans,-1,0,0.06602330411,-7.818691353e-16,-1.514931981e-16,0.02858507621,0.09089457104,0.009078929628
15.77855042,19,trans,0,-1,0.06602330411,0.04476902892,-0.04371515346,1.269540239e-12,5.009184989e-12,0.003915280592
15.77855042,19,trans,0,1,0.06602330411,0.04476902892,-0.04371515346,-1.272740767e-12,-5.007723688e-12,0.003915280592
15.77855042,19,trans,1,0,0.06602330411,-5.978332592e-16,-2.589710977e-17,0.02858507621,0.09089457104,0.009078929626
15.77855042,19,refl,0,0,0.3982105542,-1.686453972e-15,-9.860662044e-16,-0.3749264837,0.4311462155,0.3264569273
15.77855042,19,refl,-1,0,0.06602330411,-6.371090827e-16,-1.113106924e-16,-0.03656521021,-0.07008303809,0.006248646826
15.77855042,19,refl,0,-1,0.06602330411,0.04146929289,-0.04424879505,-1.712156674e-12,1.897609753e-12,0.003677658116
15.77855042,19,refl,0,1,0.06602330411,0.04146929289,-0.04424879505,1.711635405e-12,-1.898388478e-12,0.003677658116
15.77855042,19,refl,1,0,0.06602330411,-3.371415261e-16,8.554237272e-17,-0.03656521022,-0.07008303809,0.006248646827
15.67542264,19.125,trans,0,0,0.4008303604,-1.520981375e-15,-1.374832575e-15,0.6172435373,0.4064144975,0.5461623281
15.67542264,19.125,trans,-1,0,0.08032688896,-6.763797791e-16,-2.826558224e-16,0.02196063596,0.1005946988,0.01060156297
15.67542264,19.125,trans,0,-1,0.08032688896,0.04889952871,-0.04529928536,1.226376684e-12,3.181695477e-12,0.004443189162
15.67542264,19.125,trans,0,1,0.08032688896,0.04889952871,-0.04529928536,-1.22931173e-12,-3.180894591e-12,0.004443189162
15.67542264,19.125,trans,1,0,0.08032688896,-5.425208484e-16,-1.583701362e-16,0.02196063596,0.1005946988,0.01060156296
15.67542264,19.125,refl,0,0,0.4008303604,-1.400406338e-15,-1.043046939e-15,-0.384630749,0.4249220439,0.3284995565
15.67542264,19.125,refl,-1,0,0.08032688896,-5.940221285e-16,-2.123687844e-16,-0.02936222125,-0.08123162042,0.007460716192
15.67542264,19.125,refl,0,-1,0.08032688896,0.04611074573,-0.04624520231,-2.669462284e-12,4.813090203e-13,0.004264819608
15.67542264,19.125,refl,0,1,0.08032688896,0.04611074573,-0.04624520231,2.669531767e-12,-4.817062851e-13,0.004264819608
15.67542264,19.125,refl,1,0,0.08032688896,-3.425094114e-16,1.211686009e-18,-0.02936222125,-0.08123162042,0.007460716193
15.57363418,19.25,trans,0,0,0.4034501667,-1.278302516e-15,-1.115082146e-15,0.607428666,0.4019408937,0.5305260664
15.57363418,19.25,trans,-1,0,0.09251739439,-6.365599496e-16,-2.502575732e-16,0.0146226662,0.107986275,0.01187485795
15.57363418,19.25,trans,0,-1,0.09251739439,0.05226480479,-0.04610578869,1.297302989e-12,1.647718033e-12,0.00485735357
15.57363418,19.25,trans,0,1,0.09251739439,0.05226480479,-0.04610578869,-1.299949422e-12,-1.647143758e-12,0.00485735357
15.57363418,19.25,trans,1,0,0.09251739439,-6.138232272e-16,-7.801665906e-17,0.0146226662,0.107986275,0.01187485795
15.57363418,19.25,refl,0,0,0.4034501667,-1.159026861e-15,-7.378930549e-16,-0.3944961065,0.4200666786,0.3320831925
15.57363418,19.25,refl,-1,0,0.09251739439,-5.721050968e-16,-1.219453041e-16,-0.0215216952,-0.08933215406,0.008443417113
15.57363418,19.25,refl,0,-1,0.09251739439,0.05010515715,-0.0473328924,-3.502432159e-12,-5.090112844e-13,0.004750929475
15.57363418,19.25,refl,0,1,0.09251739439,0.05010515715,-0.0473328924,3.502711634e-12,5.085789596e-13,0.004750929475
15.57363418,19.25,refl,1,0,0.09251739439,-4.692094791e-16,1.55905296e-16,-0.02152169521,-0.08933215406,0.008443417114
15.47315912,19.375,trans,0,0,0.406069973,-8.031560588e-16,-1.280581875e-15,0.5973295727,0.3984945391,0.5156005161
15.47315912,19.375,trans,-1,0,0.1033453154,-4.981039303e-16,-4.221615547e-16,0.007028310273,0.1138504119,0.01301131344
15.47315912,19.375,trans,0,-1,0.1033453154,0.05530426019,-0.04663429087,1.457037092e-12,2.941331941e-13,0.00523331828
15.47315912,19.375,trans,0,1,0.1033453154,0.05530426019,-0.04663429087,-1.459336554e-12,-2.941089615e-13,0.00523331828
15.47315912,19.375,trans,1,0,0.1033453154,-5.284936762e-16,-2.355685147e-16,0.007028310275,0.1138504119,0.01301131344
15.47315912,19.375,refl,0,0,0.406069973,-7.037472803e-16,-8.800996992e-16,-0.4046710638,0.4161683076,0.3369547302
15.47315912,19.375,refl,-1,0,0.1033453154,-4.8844319e-16,-2.229967567e-16,-0.01347623561,-0.09556524205,0.009314324414
15.47315912,19.375,refl,0,-1,0.1033453154,0.05382082295,-0.04803426771,-4.236083556e-12,-1.241604606e-12,0.005203971857
15.47315912,19.375,refl,0,1,0.1033453154,0.05382082295,-0.04803426771,4.236368001e-12,1.241497314e-12,0.005203971857
15.47315912,19.375,refl,1,0,0.1033453154,-4.583093578e-16,7.267947657e-17,-0.01347623562,-0.09556524205,0.009314324415
15.37397221,19.5,trans,0,0,0.4086897793,-1.243950743e-15,-1.285055575e-15,0.5868258462,0.3958093175,0.5010295896
15.37397221,19.5,trans,-1,0,0.1132023274,-4.132645118e-16,-3.746382653e-16,-0.0006412201693,0.1186566227,0.01407980527
15.37397221,19.5,trans,0,-1,0.1132023274,0.05824165681,-0.0471266874,1.686829513e-12,-9.30313642e-13,0.005613015253
15.37397221,19.5,trans,0,1,0.1132023274,0.05824165681,-0.0471266874,-1.688834982e-12,9.301225833e-13,0.005613015253
15.37397221,19.5,trans,1,0,0.1132023274,-5.154000569e-16,-2.078582457e-16,-0.0006412201669,0.1186566227,0.01407980526
15.37397221,19.5,refl,0,0,0.4086897793,-1.187362326e-15,-9.132705446e-16,-0.4152650335,0.4129766099,0.3429947284
15.37397221,19.5,refl,-1,0,0.1132023274,-3.401894655e-16,-9.709536489e-17,-0.005391313395,-0.1005680926,0.0101430075
15.37397221,19.5,refl,0,-1,0.1132023274,0.05744419861,-0.04861190697,-4.886872543e-12,-1.797890005e-12,0.005662953453
15.37397221,19.5,refl,0,1,0.1132023274,0.05744419861,-0.04861190697,4.887130894e-12,1.797788688e-12,0.005662953453
15.37397221,19.5,refl,1,0,0.1132023274,-4.017613976e-16,1.841406406e-16,-0.005391313403,-0.1005680926,0.01014300751
15.27604882,19.625,trans,0,0,0.4113095856,-9.71702121e-16,-1.143909042e-15,0.5758170222,0.3936979716,0.4865633359
15.27604882,19.625,trans,-1,0,0.1223233682,-5.03773908e-16,-2.885609792e-16,-0.008322401352,0.1227178339,0.01512892912
15.27604882,19.625,trans,0,-1,0.1223233682,0.06121213682,-0.04771756332,1.972999277e-12,-2.054387344e-12,0.006023891544
15.27604882,19.625,trans,0,1,0.1223233682,0.06121213682,-0.04771756332,-1.974502883e-12,2.054094209e-12,0.006023891544
15.27604882,19.625,trans,1,0,0.1223233682,-5.406354135e-16,-1.320437966e-16,-0.008322401348,0.1227178339,0.01512892912
15.27604882,19.625,refl,0,0,0.4113095856,-9.153289666e-16,-6.761770881e-16,-0.4263732064,0.4103148289,0.3501523699
15.27604882,19.625,refl,-1,0,0.1223233682,-4.200134918e-16,7.784757688e-17,0.002680119258,-0.1047375515,0.01097713772
15.27604882,19.625,refl,0,-1,0.1223233682,0.06108960804,-0.04921809243,-5.466637257e-12,-2.224292758e-12,0.006154360833
15.27604882,19.625,refl,0,1,0.1223233682,0.06108960804,-0.04921809243,5.466581695e-12,2.224085898e-12,0.006154360833
15.27604882,19.625,refl,1,0,0.1223233682,-4.366271281e-16,3.547703578e-16,0.00268011925,-0.1047375515,0.01097713772
15.17936496,19.75,trans,0,0,0.4139293918,-9.665229161e-16,-1.412883605e-15,0.5642068166,0.3920150477,0.4720051295
15.17936496,19.75,trans,-1,0,0.1308624188,-4.903436953e-16,-3.119477537e-16,-0.01601183461,0.1262552277,0.01619676136
15.17936496,19.75,trans,0,-1,0.1308624188,0.06430888218,-0.04848982803,2.304646025e-12,-3.096186653e-12,0.00648689575
15.17936496,19.75,trans,0,1,0.1308624188,0.06430888218,-0.04848982803,-2.306148884e-12,3.09574579e-12,0.00648689575
15.17936496,19.75,trans,1,0,0.1308624188,-5.976823389e-16,-1.64184482e-16,-0.01601183461,0.1262552277,0.01619676136
15.17936496,19.75,refl,0,0,0.4139293918,-8.783082538e-16,-8.772508633e-16,-0.4380897937,0.4080444911,0.3584229741
15.17936496,19.75,refl,-1,0,0.1308624188,-4.394089401e-16,1.44089561e-16,0.01074209403,-0.1083414655,0.01185326573
15.17936496,19.75,refl,0,-1,0.1308624188,0.06483861745,-0.04995047174,-5.983815029e-12,-2.550511666e-12,0.006699095939
15.17936496,19.75,refl,0,1,0.1308624188,0.06483861745,-0.04995047174,5.983912719e-12,2.550236965e-12,0.006699095939
15.17936496,19.75,refl,1,0,0.1308624188,-5.389029684e-16,4.177119498e-16,0.01074209402,-0.1083414655,0.01185326573
15.08389726,19.875,trans,0,0,0.4165491981,-1.03550123e-15,-1.400627115e-15,0.5518928496,0.3906378705,0.4571836633
15.08389726,19.875,trans,-1,0,0.1389268357,-4.859691939e-16,-3.074352655e-16,-0.02374152638,0.1294309649,0.01731603475
15.08389726,19.875,trans,0,-1,0.1389268357,0.0676047346,-0.04949991043,2.673898572e-12,-4.067878993e-12,0.007020641273
15.08389726,19.875,trans,0,1,0.1389268357,0.0676047346,-0.04949991043,-2.675080738e-12,4.067603546e-12,0.007020641273
15.08389726,19.875,trans,1,0,0.1389268357,-6.351059695e-16,-1.569175938e-16,-0.02374152637,0.1294309649,0.01731603475
15.08389726,19.875,refl,0,0,0.4165491981,-9.839726595e-16,-9.079044325e-16,-0.4505170722,0.4060472323,0.3678399872
15.08389726,19.875,refl,-1,0,0.1389268357,-3.884566868e-16,2.424269274e-16,0.0188320059,-0.1115698975,0.01280248648
15.08389726,19.875,refl,0,-1,0.1389268357,0.06875799672,-0.05087758584,-6.445759644e-12,-2.797230381e-12,0.007316190854
15.08389726,19.875,refl,0,1,0.1389268357,0.06875799672,-0.05087758584,6.44567455e-12,2.796577512e-12,0.007316190854
15.08389726,19.875,refl,1,0,0.1389268357,-5.652113838e-16,5.22722274e-16,0.01883200589,-0.1115698975,0.01280248648
14.9896229,20,trans,0,0,0.4191690044,-7.932405087e-16,-1.139519829e-15,0.5387583233,0.3894545347,0.4419353656
14.9896229,20,trans,-1,0,0.1465949708,-3.766695559e-16,-5.403164462e-16,-0.03156781654,0.1323668462,0.01851750901
14.9896229,20,trans,0,-1,0.1465949708,0.0711642522,-0.05079086138,3.073763186e-12,-4.979193427e-12,0.007644062391
14.9896229,20,trans,0,1,0.1465949708,0.0711642522,-0.05079086138,-3.074988738e-12,4.977921205e-12,0.007644062391
14.9896229,20,trans,1,0,0.1465949708,-5.531725869e-16,-4.154172469e-16,-0.03156781653,0.1323668462,0.01851750901
14.9896229,20,refl,0,0,0.4191690044,-7.944531271e-16,-5.838756457e-16,-0.4637730583,0.4042132316,0.3784737862
14.9896229,20,refl,-1,0,0.1465949708,-2.283373511e-16,1.037710797e-16,0.027010205,-0.1145623576,0.01385408495
14.9896229,20,refl,0,-1,0.1465949708,0.0729097513,-0.05205238127,-6.85785059e-12,-2.978620707e-12,0.00802528223
14.9896229,20,refl,0,1,0.1465949708,0.0729097513,-0.05205238127,6.857895502e-12,2.97875431e-12,0.00802528223
14.9896229,20,refl,1,0,0.1465949708,-4.458161293e-16,3.634292676e-16,0.02701020499,-0.1145623576,0.01385408495
14.89651965,20.125,trans,0,0,0.4217888107,-5.767638871e-16,-1.388421146e-15,0.5236198287,0.3831034825,0.4209460033
14.89651965,20.125,trans,-1,0,0.1539260603,-2.637440527e-16,-4.351331189e-16,-0.04032044277,0.130669816,0.01870033891
14.89651965,20.125,trans,0,-1,0.1539260603,0.07463020163,-0.04972059019,3.117426007e-12,-4.248538631e-12,0.008041804083
14.89651965,20.125,trans,0,1,0.1539260603,0.07463020163,-0.04972059019,-3.118057418e-12,4.24752129e-12,0.008041804083
14.89651965,20.125,trans,1,0,0.1539260603,-5.481875073e-16,-3.10911948e-16,-0.04032044277,0.130669816,0.01870033891
14.89651965,20.125,refl,0,0,0.4217888107,-5.624055157e-16,-9.10975704e-16,-0.4784998968,0.3975851554,0.3870361071
14.89651965,20.125,refl,-1,0,0.1539260603,-1.789656415e-16,1.478917787e-16,0.03645630268,-0.1167120226,0.01495075823
14.89651965,20.125,refl,0,-1,0.1539260603,0.07597434614,-0.05057937823,-6.35940636e-12,-2.563117654e-12,0.008330374773
14.89651965,20.125,refl,0,1,0.1539260603,0.07597434614,-0.05057937823,6.359201924e-12,2.563279415e-12,0.008330374773
14.89651965,20.125,refl,1,0,0.1539260603,-5.001530103e-16,3.890299058e-16,0.03645630268,-0.1167120226,0.01495075823
14.80456583,20.25,trans,0,0,0.4244086169,-3.253125475e-16,-6.200733699e-16,0.5075905172,0.3761884583,0.3991658894
14.80456583,20.25,trans,-1,0,0.1609661622,-6.884754977e-17,-4.302372143e-16,-0.04913812739,0.1287004368,0.01897835799
14.80456583,20.25,trans,0,-1,0.1609661622,0.07866072789,-0.04867856654,3.108020144e-12,-3.54246276e-12,0.008557112953
14.80456583,20.25,trans,0,1,0.1609661622,0.07866072789,-0.04867856654,-3.108253635e-12,3.541290617e-12,0.008557112953
14.80456583,20.25,trans,1,0,0.1609661622,-3.436140428e-16,-3.07702969e-16,-0.04913812738,0.1287004368,0.01897835799
14.80456583,20.25,refl,0,0,0.4244086169,-2.670467957e-16,-2.630280894e-16,-0.4941113749,0.3904158289,0.3965705703
14.80456583,20.25,refl,-1,0,0.1609661622,6.812788897e-18,7.48207344e-17,0.04587558857,-0.1181463229,0.01606312324
14.80456583,20.25,refl,0,-1,0.1609661622,0.07958387466,-0.04922966795,-5.893844421e-12,-2.172894297e-12,0.008757153312
14.80456583,20.25,refl,0,1,0.1609661622,0.07958387466,-0.04922966795,5.89355089e-12,2.173477867e-12,0.008757153312
14.80456583,20.25,refl,1,0,0.1609661622,-3.066234778e-16,2.976277178e-16,0.04587558856,-0.1181463229,0.01606312324
14.71374027,20.375,trans,0,0,0.4270284232,-4.934107256e-16,-5.986541067e-16,0.4905709894,0.3683989605,0.3763776897
14.71374027,20.375,trans,-1,0,0.1677519165,-1.879370519e-16,-1.782282126e-16,-0.05813998661,0.126438068,0.01936684309
14.71374027,20.375,trans,0,-1,0.1677519165,0.08336316449,-0.04765089927,3.054290259e-12,-2.859138661e-12,0.009220025396
14.71374027,20.375,trans,0,1,0.1677519165,0.08336316449,-0.04765089927,-3.054501095e-12,2.858446677e-12,0.009220025396
14.71374027,20.375,trans,1,0,0.1677519165,-4.980611267e-16,-6.579659424e-17,-0.0581399866,0.126438068,0.01936684309
14.71374027,20.375,refl,0,0,0.4270284232,-3.970992654e-16,-2.568335038e-16,-0.5107075225,0.3823969975,0.4070496373
14.71374027,20.375,refl,-1,0,0.1677519165,-1.619071183e-16,2.759918005e-16,0.05540206377,-0.1189186411,0.01721103187
14.71374027,20.375,refl,0,-1,0.1677519165,0.08385189832,-0.04798678941,-5.458556369e-12,-1.804959833e-12,0.00933387281
14.71374027,20.375,refl,0,1,0.1677519165,0.08385189832,-0.04798678941,5.45849483e-12,1.805272023e-12,0.00933387281
14.71374027,20.375,refl,1,0,0.1677519165,-4.917748279e-16,4.724269971e-16,0.05540206375,-0.1189186411,0.01721103187
14.62402234,20.5,trans,0,0,0.4296482295,-6.484597488e-16,-6.7740588e-16,0.4724505237,0.3593509358,0.3523425923
14.62402234,20.5,trans,-1,0,0.1743130298,-1.433034404e-16,-1.906714285e-16,-0.06745597717,0.1238221745,0.01988223975
14.62402234,20.5,trans,0,-1,0.1743130298,0.08886643951,-0.04660341842,2.96370566e-12,-2.198247821e-12,0.01006912268
14.62402234,20.5,trans,0,1,0.1743130298,0.08886643951,-0.04660341842,-2.963855722e-12,2.197431071e-12,0.01006912268
14.62402234,20.5,trans,1,0,0.1743130298,-5.222473453e-16,-8.631701226e-17,-0.06745597716,0.1238221745,0.01988223975
14.62402234,20.5,refl,0,0,0.4296482295,-5.30600567e-16,-3.780283676e-16,-0.5283986259,0.3731472845,0.4184440038
14.62402234,20.5,refl,-1,0,0.1743130298,-1.6100137e-16,1.758703467e-16,0.06518065329,-0.1190260973,0.0184157294
14.62402234,20.5,refl,0,-1,0.1743130298,0.08891104726,-0.04681513843,-5.05151537e-12,-1.455961502e-12,0.01009683151
14.62402234,20.5,refl,0,1,0.1743130298,0.08891104726,-0.04681513843,5.051606104e-12,1.456610935e-12,0.01009683151
14.62402234,20.5,refl,1,0,0.1743130298,-5.511705602e-16,3.50201743e-16,0.06518065328,-0.1190260973,0.0184157294
14.5353919,20.625,trans,0,0,0.4322680358,-5.759118009e-16,-2.624362171e-16,0.4531131087,0.3485478967,0.3267971255
14.5353919,20.625,trans,-1,0,0.1806739771,-1.513315314e-17,-1.482256004e-16,-0.07722914707,0.1207425896,0.0205431141
14.5353919,20.625,trans,0,-1,0.1806739771,0.09533112145,-0.04547285011,2.842640529e-12,-1.558722521e-12,0.01115580282
14.5353919,20.625,trans,0,1,0.1806739771,0.09533112145,-0.04547285011,-2.842136784e-12,1.557770468e-12,0.01115580282
14.5353919,20.625,trans,1,0,0.1806739771,-4.301384009e-16,-6.348434841e-17,-0.07722914706,0.1207425896,0.0205431141
14.5353919,20.625,refl,0,0,0.4322680358,-4.731482222e-16,-1.646361486e-17,-0.547299365,0.3621738382,0.430706484
14.5353919,20.625,refl,-1,0,0.1806739771,-6.938782009e-17,1.566402504e-16,0.07536973564,-0.1184040768,0.01970012246
14.5353919,20.625,refl,0,-1,0.1806739771,0.09492385766,-0.04565187156,-4.670983059e-12,-1.124108051e-12,0.01109463213
14.5353919,20.625,refl,0,1,0.1806739771,0.09492385766,-0.04565187156,4.670593858e-12,1.125101951e-12,0.01109463213
14.5353919,20.625,refl,1,0,0.1806739771,-4.683567717e-16,2.993148252e-16,0.07536973563,-0.1184040768,0.01970012246
14.4478293,20.75,trans,0,0,0.4348878421,-7.367652245e-16,3.97337644e-16,0.4324535543,0.3353255779,0.2994593198
14.4478293,20.75,trans,-1,0,0.1868552017,2.088226312e-16,-1.14709168e-16,-0.08761747055,0.1170218841,0.02137094251
14.4478293,20.75,trans,0,-1,0.1868552017,0.1029615838,-0.04415091798,2.695806153e-12,-9.396353449e-13,0.0125503913
14.4478293,20.75,trans,0,1,0.1868552017,0.1029615838,-0.04415091798,-2.694933087e-12,9.390616311e-13,0.0125503913
14.4478293,20.75,trans,1,0,0.1868552017,-2.368130419e-16,-3.968885697e-17,-0.08761747054,0.1170218841,0.02137094251
14.4478293,20.75,refl,0,0,0.4348878421,-5.923503917e-16,5.949936748e-16,-0.5675128656,0.3488176402,0.4437445987
14.4478293,20.75,refl,-1,0,0.1868552017,1.44502642e-16,1.16383441e-16,0.08614354851,-0.1169113135,0.02108896617
14.4478293,20.75,refl,0,-1,0.1868552017,0.1020956752,-0.04439184937,-4.314699374e-12,-8.080003175e-13,0.01239416318
14.4478293,20.75,refl,0,1,0.1868552017,0.1020956752,-0.04439184937,4.314083658e-12,8.088235078e-13,0.01239416318
14.4478293,20.75,refl,1,0,0.1868552017,-2.607358278e-16,2.364374037e-16,0.0861435485,-0.1169113135,0.02108896617
14.36131535,20.875,trans,0,0,0.4375076483,-2.806556226e-16,5.940066691e-16,0.4104141682,0.3187710137,0.2700547487
14.36131535,20.875,trans,-1,0,0.1928739837,2.62392206e-16,-5.866823291e-17,-0.0987926341,0.1123856002,0.02239050769
14.36131535,20.875,trans,0,-1,0.1928739837,0.1120204992,-0.04245654053,2.527815703e-12,-3.410823958e-13,0.01435115008
14.36131535,20.875,trans,0,1,0.1928739837,0.1120204992,-0.04245654053,-2.526449715e-12,3.400396825e-13,0.01435115008
14.36131535,20.875,trans,1,0,0.1928739837,-2.27428389e-16,-3.220262035e-17,-0.09879263409,0.1123856002,0.02239050769
14.36131535,20.875,refl,0,0,0.4375076483,-1.526455764e-16,7.245746001e-16,-0.5890942736,0.3321735002,0.4573712974
14.36131535,20.875,refl,-1,0,0.1928739837,1.652451919e-16,7.36598299e-17,0.09769185223,-0.1143016398,0.02260856286
14.36131535,20.875,refl,0,-1,0.1928739837,0.1106900415,-0.04286095391,-3.981207743e-12,-5.056135922e-13,0.01408934667
14.36131535,20.875,refl,0,1,0.1928739837,0.1106900415,-0.04286095391,3.980207124e-12,5.071134338e-13,0.01408934667
14.36131535,20.875,refl,1,0,0.1928739837,-2.428387457e-16,1.297736287e-16,0.09769185222,-0.1143016398,0.02260856286
14.27583133,21,trans,0,0,0.4401274546,-6.293222782e-16,1.083413332e-15,0.3870641916,0.2976034809,0.2383865203
14.27583133,21,trans,-1,0,0.1987450818,1.684054253e-16,1.701634814e-16,-0.1109298316,0.1064133276,0.02362922382
14.27583133,21,trans,0,-1,0.1987450818,0.1228441479,-0.04008718036,2.342423766e-12,2.386089912e-13,0.01669766669
14.27583133,21,trans,0,1,0.1987450818,0.1228441479,-0.04008718036,-2.340480548e-12,-2.387631262e-13,0.01669766669
14.27583133,21,trans,1,0,0.1987450818,-3.180855083e-16,2.45882551e-16,-0.1109298316,0.1064133276,0.02362922382
14.27583133,21,refl,0,0,0.4401274546,-4.898637503e-16,1.167264051e-15,-0.6119718505,0.310972372,0.471213362
14.27583133,21,refl,-1,0,0.1987450818,9.972880156e-17,2.38196166e-16,0.110210963,-0.1101753974,0.02428507454
14.27583133,21,refl,0,-1,0.1987450818,0.1210453986,-0.04076902228,-3.668952575e-12,-2.16910207e-13,0.0163141017
14.27583133,21,refl,0,1,0.1987450818,0.1210453986,-0.04076902228,3.667439803e-12,2.177403574e-13,0.0163141017
14.27583133,21,refl,1,0,0.1987450818,-2.606624882e-16,3.376285511e-16,0.1102109629,-0.1101753974,0.02428507454
14.19135896,21.125,trans,0,0,0.4427472609,-1.107119941e-15,1.159084208e-15,0.3731644336,0.2672136911,0.2106548512
14.19135896,21.125,trans,-1,0,0.2044812174,-1.752518136e-16,2.869627349e-16,-0.120044997,0.09494264047,0.02342490629
14.19135896,21.125,trans,0,-1,0.2044812174,0.1308222652,-0.03448376962,2.582456231e-12,2.908853008e-13,0.01830359545
14.19135896,21.125,trans,0,1,0.2044812174,0.1308222652,-0.03448376962,-2.581016652e-12,-2.904275988e-13,0.01830359545
14.19135896,21.125,trans,1,0,0.2044812174,-6.054062766e-16,3.577945501e-16,-0.120044997,0.09494264047,0.02342490629
14.19135896,21.125,refl,0,0,0.4427472609,-9.684381409e-16,1.259647286e-15,-0.6257166098,0.2805781637,0.4702453818
14.19135896,21.125,refl,-1,0,0.2044812174,-2.476416891e-16,3.61430024e-16,0.1195213757,-0.09877379347,0.02404162154
14.19135896,21.125,refl,0,-1,0.2044812174,0.1289145028,-0.03539211741,-3.76871874e-12,-2.383563316e-13,0.01787155101
14.19135896,21.125,refl,0,1,0.2044812174,0.1289145028,-0.03539211741,3.767703723e-12,2.38642175e-13,0.01787155101
14.19135896,21.125,refl,1,0,0.2044812174,-5.456007337e-16,4.622245361e-16,0.1195213757,-0.09877379347,0.02404162153
14.10788038,21.25,trans,0,0,0.4453670672,-3.912569355e-16,1.199580196e-15,0.3621409667,0.2300372263,0.1840632053
14.10788038,21.25,trans,-1,0,0.2100934453,1.005358475e-16,3.744848005e-16,-0.1285895155,0.08082317891,0.02306764974
14.10788038,21.25,trans,0,-1,0.2100934453,0.1403080598,-0.02674630421,2.82026584e-12,3.403858749e-13,0.02040171644
14.10788038,21.25,trans,0,1,0.2100934453,0.1403080598,-0.02674630421,-2.81788072e-12,-3.401154445e-13,0.02040171644
14.10788038,21.25,trans,1,0,0.2100934453,-2.410555457e-16,4.620703338e-16,-0.1285895155,0.08082317891,0.02306764974
14.10788038,21.25,refl,0,0,0.4453670672,-2.784575353e-16,1.377955406e-15,-0.6365596597,0.2433822868,0.4644431379
14.10788038,21.25,refl,-1,0,0.2100934453,1.93668725e-17,4.816423018e-16,0.1283111436,-0.08471908116,0.02364107228
14.10788038,21.25,refl,0,-1,0.2100934453,0.1383355573,-0.02791894798,-3.866174607e-12,-2.59124634e-13,0.01991619407
14.10788038,21.25,refl,0,1,0.2100934453,0.1383355573,-0.02791894798,3.864178326e-12,2.596771094e-13,0.01991619407
14.10788038,21.25,refl,1,0,0.2100934453,-1.802398548e-16,6.094656136e-16,0.1283111436,-0.08471908116,0.02364107228
14.02537815,21.375,trans,0,0,0.4479868734,-9.439547895e-16,2.09512387e-15,0.3571154346,0.1846185177,0.1616154307
14.02537815,21.375,trans,-1,0,0.2155914423,-3.23622219e-16,6.255030188e-16,-0.1356461076,0.06327147867,0.02240314653
14.02537815,21.375,trans,0,-1,0.2155914423,0.1511005948,-0.01578150142,3.054756488e-12,3.883191337e-13,0.02308044553
14.02537815,21.375,trans,0,1,0.2155914423,0.1511005948,-0.01578150142,-3.052116056e-12,-3.866849811e-13,0.02308044553
14.02537815,21.375,trans,1,0,0.2155914423,-5.538423455e-16,7.31467351e-16,-0.1356461076,0.06327147867,0.02240314653
14.02537815,21.375,refl,0,0,0.4479868734,-8.262124904e-16,2.225913082e-15,-0.6413661925,0.1979318547,0.4505276119
14.02537815,21.375,refl,-1,0,0.2155914423,-4.22342597e-16,7.432793924e-16,0.1356791701,-0.06720664484,0.02292557031
14.02537815,21.375,refl,0,-1,0.2155914423,0.1491315915,-0.01725831056,-3.960428766e-12,-2.802440075e-13,0.02253808086
14.02537815,21.375,refl,0,1,0.2155914423,0.1491315915,-0.01725831056,3.958136949e-12,2.795128659e-13,0.02253808086
14.02537815,21.375,refl,1,0,0.2155914423,-5.005591444e-16,8.836477285e-16,0.1356791701,-0.06720664484,0.02292557031
13.94383526,21.5,trans,0,0,0.4506066797,-1.462421854e-15,2.590074255e-15,0.3632793592,0.130360105,0.1489656498
13.94383526,21.5,trans,-1,0,0.2209837348,-5.23472594e-16,8.365292031e-16,-0.1394909144,0.04161113138,0.02118920146
13.94383526,21.5,trans,0,-1,0.2209837348,0.1623840147,-0.0001056271053,3.286528066e-12,4.338801315e-13,0.0263685794
13.94383526,21.5,trans,0,1,0.2209837348,0.1623840147,-0.0001056271053,-3.283118942e-12,-4.310258663e-13,0.0263685794
13.94383526,21.5,trans,1,0,0.2209837348,-6.729978029e-16,9.401315671e-16,-0.1394909144,0.04161113138,0.02118920146
13.94383526,21.5,refl,0,0,0.4506066797,-1.400458932e-15,2.754469879e-15,-0.6349269808,0.143639834,0.4237646729
13.94383526,21.5,refl,-1,0,0.2209837348,-6.34474709e-16,9.526327194e-16,0.1399147752,-0.04552308229,0.02164849535
13.94383526,21.5,refl,0,-1,0.2209837348,0.1605226101,-0.001917554159,-4.052314445e-12,-3.007553223e-13,0.02577118537
13.94383526,21.5,refl,0,1,0.2209837348,0.1605226101,-0.001917554159,4.049166407e-12,2.989008655e-13,0.02577118537
13.94383526,21.5,refl,1,0,0.2209837348,-6.310333247e-16,1.117468272e-15,0.1399147752,-0.04552308229,0.02164849534
13.86323505,21.625,trans,0,0,0.453226486,-2.035925104e-15,2.907190209e-15,0.3883401109,0.06952118691,0.1556412372
13.86323505,21.625,trans,-1,0,0.2262778797,-9.66854962e-16,9.976972608e-16,-0.1372559809,0.01593033082,0.01909297974
13.86323505,21.625,trans,0,-1,0.2262778797,0.1721138754,0.02190049098,3.514974357e-12,4.77253377e-13,0.03010281763
13.86323505,21.625,trans,0,1,0.2262778797,0.1721138754,0.02190049098,-3.511574517e-12,-4.730553397e-13,0.03010281763
13.86323505,21.625,trans,1,0,0.2262778797,-1.062448213e-15,1.143342214e-15,-0.1372559809,0.01593033082,0.01909297973
13.86323505,21.625,refl,0,0,0.453226486,-2.009394487e-15,3.072177965e-15,-0.6095158248,0.08279098078,0.3783638872
13.86323505,21.625,refl,-1,0,0.2262778797,-1.103617113e-15,1.149942438e-15,0.1381467392,-0.01969736821,0.01947250787
13.86323505,21.625,refl,0,-1,0.2262778797,0.170509867,0.01975700077,-4.141413231e-12,-3.207284965e-13,0.02946395384
13.86323505,21.625,refl,0,1,0.2262778797,0.170509867,0.01975700077,4.13814718e-12,3.176420274e-13,0.02946395384
13.86323505,21.625,refl,1,0,0.2262778797,-1.042271693e-15,1.382710354e-15,0.1381467392,-0.01969736821,0.01947250786
13.78356129,21.75,trans,0,0,0.4558462923,-3.520010078e-15,2.38283718e-15,0.4410205153,0.01074032198,0.1946144495
13.78356129,21.75,trans,-1,0,0.2314806113,-1.088836308e-15,8.499426805e-16,-0.1251314809,-0.01155079577,0.0157913084
13.78356129,21.75,trans,0,-1,0.2314806113,0.1763622912,0.05093504925,3.740019755e-12,5.183936723e-13,0.03369803702
13.78356129,21.75,trans,0,1,0.2314806113,0.1763622912,0.05093504925,-3.737682292e-12,-5.129174657e-13,0.03369803702
13.78356129,21.75,trans,1,0,0.2314806113,-1.094254477e-15,1.01480597e-15,-0.1251314809,-0.01155079578,0.01579130839
13.78356129,21.75,refl,0,0,0.4558462923,-3.549310379e-15,2.565808733e-15,-0.556403181,0.02407205737,0.3101639638
13.78356129,21.75,refl,-1,0,0.2314806113,-1.2657849e-15,1.00542526e-15,0.1265181583,0.008126782914,0.01607288898
13.78356129,21.75,refl,0,-1,0.2314806113,0.1752020059,0.04854359564,-4.227842599e-12,-3.399976251e-13,0.03305222355
13.78356129,21.75,refl,0,1,0.2314806113,0.1752020059,0.04854359564,4.225446339e-12,3.356823078e-13,0.03305222355
13.78356129,21.75,refl,1,0,0.2314806113,-1.115432959e-15,1.265964607e-15,0.1265181583,0.008126782914,0.01607288898
13.70479808,21.875,trans,0,0,0.4584660986,-5.739159646e-15,1.470997698e-15,0.524653904,-0.02820241825,0.2760570954
13.70479808,21.875,trans,-1,0,0.2365979602,-2.072607233e-15,3.904587809e-16,-0.1003491782,-0.0349298145,0.01129004951
13.70479808,21.875,trans,0,-1,0.2365979602,0.1697810165,0.08455878898,3.961274154e-12,5.577611744e-13,0.03597578236
13.70479808,21.875,trans,0,1,0.2365979602,0.1697810165,0.08455878898,-3.961971843e-12,-5.50211356e-13,0.03597578236
13.70479808,21.875,trans,1,0,0.2365979602,-2.102161276e-15,6.322485658e-16,-0.1003491782,-0.0349298145,0.01129004951
13.70479808,21.875,refl,0,0,0.4584660986,-5.808030549e-15,1.627374052e-15,-0.4722880161,-0.0146727097,0.2232712586
13.70479808,21.875,refl,-1,0,0.2365979602,-2.28838523e-15,5.214341221e-16,0.1021401452,0.03209945923,0.01146298455
13.70479808,21.875,refl,0,-1,0.2365979602,0.1692280211,0.08213100464,-4.311368799e-12,-3.589556352e-13,0.03538362505
13.70479808,21.875,refl,0,1,0.2365979602,0.1692280211,0.08213100464,4.311791684e-12,3.52603017e-13,0.03538362505
13.70479808,21.875,refl,1,0,0.2365979602,-2.179544581e-15,9.094256603e-16,0.1021401452,0.03209945923,0.01146298454
13.62692991,22,trans,0,0,0.4610859048,-4.847130059e-15,-3.20324646e-16,0.6268213353,-0.02606494916,0.3935843679
13.62692991,22,trans,-1,0,0.241635351,-1.887403155e-15,-1.645670452e-16,-0.06531935769,-0.04565600315,0.006351089113
13.62692991,22,trans,0,-1,0.241635351,0.1490449467,0.1155044511,4.180950914e-12,5.939546248e-13,0.03555567435
13.62692991,22,trans,0,1,0.241635351,0.1490449467,0.1155044511,-4.182492964e-12,-5.864921782e-13,0.03555567435
13.62692991,22,trans,1,0,0.241635351,-1.915828057e-15,1.857646915e-16,-0.06531935768,-0.04565600315,0.006351089111
13.62692991,22,refl,0,0,0.4610859048,-4.943457934e-15,-2.276025485e-16,-0.3696796741,-0.01216403855,0.1368110253
13.62692991,22,refl,-1,0,0.241635351,-2.163214618e-15,-6.597897086e-17,0.06725267383,0.04361596672,0.006425274691
13.62692991,22,refl,0,-1,0.241635351,0.1491252779,0.1133635961,-4.394367192e-12,-3.761115395e-13,0.03508965343
13.62692991,22,refl,0,1,0.241635351,0.1491252779,0.1133635961,4.395359063e-12,3.697420873e-13,0.03508965343
13.62692991,22,refl,1,0,0.241635351,-2.065560208e-15,4.555246243e-16,0.06725267381,0.04361596672,0.006425274688
13.5499416,22.125,trans,0,0,0.4637057111,-4.713212231e-15,-2.541694581e-15,0.7047389995,0.03624040603,0.4979704244
13.5499416,22.125,trans,-1,0,0.246597684,-1.85763061e-15,-1.325659563e-15,-0.03335321667,-0.03225063655,0.00215254062
13.5499416,22.125,trans,0,-1,0.246597684,0.1156059913,0.1281226677,4.526740003e-12,6.52714781e-13,0.02978016322
13.5499416,22.125,trans,0,1,0.246597684,0.1156059913,0.1281226677,-4.531526212e-12,-6.474085191e-13,0.02978016322
13.5499416,22.125,trans,1,0,0.246597684,-1.797894811e-15,-1.062448699e-15,-0.03335321666,-0.03225063655,0.002152540619
13.5499416,22.125,refl,0,0,0.4637057111,-4.780931276e-15,-2.50833104e-15,-0.2915859731,0.05068126563,0.08759097041
13.5499416,22.125,refl,-1,0,0.246597684,-2.148689896e-15,-1.27939826e-15,0.03486020303,0.03093100788,0.002171961004
13.5499416,22.125,refl,0,-1,0.246597684,0.1159783298,0.1265471418,-4.53340467e-12,-4.304538797e-13,0.02946515209
13.5499416,22.125,refl,0,1,0.246597684,0.1159783298,0.1265471418,4.537514287e-12,4.260254108e-13,0.02946515209
13.5499416,22.125,refl,1,0,0.246597684,-2.011823641e-15,-8.310743012e-16,0.03486020301,0.03093100788,0.002171961003
13.47381834,22.25,trans,0,0,0.4663255174,-3.086149387e-15,-3.687910793e-15,0.7444186369,0.1166712849,0.5677712956
13.47381834,22.25,trans,-1,0,0.2514894022,-1.10261592e-15,-1.563568062e-15,-0.01331272052,-0.009822158353,0.0002737033224
13.47381834,22.25,trans,0,-1,0.2514894022,0.08433711975,0.1278305987,4.869680987e-12,7.077384123e-13,0.02345341174
13.47381834,22.25,trans,0,1,0.2514894022,0.08433711975,0.1278305987,-4.874396732e-12,-7.054239064e-13,0.02345341174
13.47381834,22.25,trans,1,0,0.2514894022,-1.003670259e-15,-1.32871792e-15,-0.0133127205,-0.009822158354,0.000273703322
13.47381834,22.25,refl,0,0,0.4663255174,-3.127950391e-15,-3.692610795e-15,-0.2518724635,0.1316058238,0.08075983074
13.47381834,22.25,refl,-1,0,0.2514894022,-1.390821402e-15,-1.564584513e-15,0.01420253685,0.008958504149,0.0002819668494
13.47381834,22.25,refl,0,-1,0.2514894022,0.08473936337,0.1268639061,-4.672549512e-12,-4.832093682e-13,0.02327521037
13.47381834,22.25,refl,0,1,0.2514894022,0.08473936337,0.1268639061,4.676512857e-12,4.815597294e-13,0.02327521037
13.47381834,22.25,refl,1,0,0.2514894022,-1.258116242e-15,-1.169168458e-15,0.01420253682,0.008958504148,0.0002819668488
13.39854561,22.375,trans,0,0,0.4689453237,-1.76736096e-15,-3.114540226e-15,0.7502037256,0.1937829347,0.6003574556
13.39854561,22.375,trans,-1,0,0.2563145486,-7.720348453e-16,-1.327103168e-15,-0.005222943934,0.01387131405,0.0002196924968
13.39854561,22.375,trans,0,-1,0.2563145486,0.06003678489,0.1195234006,5.20860651e-12,7.603200745e-13,0.01789025882
13.39854561,22.375,trans,0,1,0.2563145486,0.06003678489,0.1195234006,-5.212723422e-12,-7.594103342e-13,0.01789025882
13.39854561,22.375,trans,1,0,0.2563145486,-6.325598737e-16,-1.116569041e-15,-0.005222943916,0.01387131405,0.0002196924966
13.39854561,22.375,refl,0,0,0.4689453237,-1.767263694e-15,-3.138258333e-15,-0.2461340547,0.209121153,0.1043136295
13.39854561,22.375,refl,-1,0,0.2563145486,-1.038070894e-15,-1.381115655e-15,0.005474603247,-0.0145388719,0.0002413500767
13.39854561,22.375,refl,0,-1,0.2563145486,0.06027170138,0.1190846281,-4.810738785e-12,-5.355041486e-13,0.01781382664
13.39854561,22.375,refl,0,1,0.2563145486,0.06027170138,0.1190846281,4.814101518e-12,5.350527765e-13,0.01781382664
13.39854561,22.375,refl,1,0,0.2563145486,-8.897738828e-16,-1.028610525e-15,0.005474603226,-0.0145388719,0.0002413500765
13.32410924,22.5,trans,0,0,0.4715651299,-3.569848349e-16,-2.792834426e-15,0.7341809058,0.2574024794,0.6052776388
13.32410924,22.5,trans,-1,0,0.2610768144,-2.890909377e-16,-1.461826671e-15,-0.005623738645,0.03443382195,0.00121731453
13.32410924,22.5,trans,0,-1,0.2610768144,0.043215968,0.1081248306,5.543597094e-12,8.098596793e-13,0.01355859889
13.32410924,22.5,trans,0,1,0.2610768144,0.043215968,0.1081248306,-5.547042026e-12,-8.101841893e-13,0.01355859889
13.32410924,22.5,trans,1,0,0.2610768144,-1.302441078e-16,-1.279266199e-15,-0.005623738627,0.03443382195,0.00121731453
13.32410924,22.5,refl,0,0,0.4715651299,-3.07012167e-16,-2.784889601e-15,-0.2622295543,0.2730573189,0.1433246386
13.32410924,22.5,refl,-1,0,0.2610768144,-5.338102643e-16,-1.557573822e-15,0.005310478837,-0.03508622588,0.001259244432
13.32410924,22.5,refl,0,-1,0.2610768144,0.04317868794,0.1080918937,-4.948136581e-12,-5.865412214e-13,0.01354825659
13.32410924,22.5,refl,0,1,0.2610768144,0.04317868794,0.1080918937,4.95088506e-12,5.871692599e-13,0.01354825659
13.32410924,22.5,refl,1,0,0.2610768144,-3.777617889e-16,-1.250068424e-15,0.005310478815,-0.03508622588,0.001259244432
13.25049538,22.625,trans,0,0,0.4741849362,-1.344419714e-16,-2.475756144e-15,0.7069297501,0.3060900933,0.5934408168
13.25049538,22.625,trans,-1,0,0.2657795797,-1.622637118e-16,-1.118969324e-15,-0.0109578442,0.0506055364,0.002680994664
13.25049538,22.625,trans,0,-1,0.2657795797,0.03238364077,0.09663261661,5.875292692e-12,8.566816382e-13,0.01038656278
13.25049538,22.625,trans,0,1,0.2657795797,0.03238364077,0.09663261661,-5.877379212e-12,-8.57610939e-13,0.01038656278
13.25049538,22.625,trans,1,0,0.2657795797,2.054403745e-17,-9.292773359e-16,-0.01095784418,0.0506055364,0.002680994663
13.25049538,22.625,refl,0,0,0.4741849362,-3.446231274e-17,-2.481532284e-15,-0.2895492255,0.3219959138,0.1875201225
13.25049538,22.625,refl,-1,0,0.2657795797,-3.62234634e-16,-1.243201768e-15,0.01017834826,-0.05134451898,0.002739858402
13.25049538,22.625,refl,0,-1,0.2657795797,0.03203678985,0.09689332177,-5.085482684e-12,-6.365046668e-13,0.01041467171
13.25049538,22.625,refl,0,1,0.2657795797,0.03203678985,0.09689332177,5.086947898e-12,6.376174033e-13,0.01041467171
13.25049538,22.625,refl,1,0,0.2657795797,-1.962620487e-16,-9.448795019e-16,0.01017834823,-0.05134451898,0.002739858402
13.17769046,22.75,trans,0,0,0.4768047425,4.652002999e-16,-1.686071499e-15,0.6750952992,0.3420977414,0.5727845276
13.17769046,22.75,trans,-1,0,0.2704259486,1.578533756e-16,-8.875816073e-16,-0.01876980027,0.06268602161,0.004281842707
13.17769046,22.75,trans,0,-1,0.2704259486,0.02578212412,0.08637477778,6.20339494e-12,9.009568105e-13,0.00812532016
13.17769046,22.75,trans,0,1,0.2704259486,0.02578212412,0.08637477778,-6.204808439e-12,-9.017495121e-13,0.00812532016
13.17769046,22.75,trans,1,0,0.2704259486,3.381070837e-16,-6.512143861e-16,-0.01876980025,0.06268602161,0.004281842706
13.17769046,22.75,refl,0,0,0.4768047425,5.210102198e-16,-1.69243974e-15,-0.3214364898,0.3582103699,0.2316360861
13.17769046,22.75,refl,-1,0,0.2704259486,-2.045948848e-17,-1.033446045e-15,0.01761464289,-0.06355920421,0.004350048084
13.17769046,22.75,refl,0,-1,0.2704259486,0.02512504495,0.08684252458,-5.222569541e-12,-6.854349462e-13,0.008172891959
13.17769046,22.75,refl,0,1,0.2704259486,0.02512504495,0.08684252458,5.223427748e-12,6.863156456e-13,0.008172891959
13.17769046,22.75,refl,1,0,0.2704259486,1.36492434e-16,-7.017113023e-16,0.01761464287,-0.06355920421,0.004350048083
13.10568122,22.875,trans,0,0,0.4794245488,6.303634749e-16,-1.276565121e-15,0.6421916086,0.3683943331,0.5481244468
13.10568122,22.875,trans,-1,0,0.2750187797,1.61391456e-16,-7.689147081e-16,-0.02763800927,0.07144551327,0.005868320923
13.10568122,22.875,trans,0,-1,0.2750187797,0.02201796381,0.07774126893,6.528597737e-12,9.420433171e-13,0.006528495625
13.10568122,22.875,trans,0,1,0.2750187797,0.02201796381,0.07774126893,-6.529560866e-12,-9.434077227e-13,0.006528495625
13.10568122,22.875,trans,1,0,0.2750187797,3.840369941e-16,-5.55272515e-16,-0.02763800925,0.07144551327,0.005868320921
13.10568122,22.875,refl,0,0,0.4794245488,7.374317664e-16,-1.254522497e-15,-0.3543753455,0.3846855081,0.2735648256
13.10568122,22.875,refl,-1,0,0.2750187797,1.909198291e-17,-9.304017004e-16,0.0261799241,-0.07246938883,0.005937200744
13.10568122,22.875,refl,0,-1,0.2750187797,0.02106620326,0.07835388841,-5.360145316e-12,-7.325668472e-13,0.006583116748
13.10568122,22.875,refl,0,1,0.2750187797,0.02106620326,0.07835388841,5.3606291e-12,7.339651637e-13,0.006583116748
13.10568122,22.875,refl,1,0,0.2750187797,2.139937668e-16,-6.323970945e-16,0.02617992408,-0.07246938883,0.005937200743
13.0344547,23,trans,0,0,0.482044355,7.358500994e-16,-9.371734527e-16,0.6098520568,0.3875603697,0.5221225714
13.0344547,23,trans,-1,0,0.2795607116,6.977495836e-18,-5.457710024e-16,-0.03681951118,0.07765295544,0.007385657892
13.0344547,23,trans,0,-1,0.2795607116,0.0201289885,0.07070287675,6.851479928e-12,9.808418094e-13,0.005404072959
13.0344547,23,trans,0,1,0.2795607116,0.0201289885,0.07070287675,-6.852060314e-12,-9.819272089e-13,0.005404072959
13.0344547,23,trans,1,0,0.2795607116,2.347385991e-16,-3.262054492e-16,-0.03681951116,0.07765295544,0.00738565789
13.0344547,23,refl,0,0,0.482044355,8.538509853e-16,-8.819302605e-16,-0.3867343039,0.404012345,0.3127893968
13.0344547,23,refl,-1,0,0.2795607116,-9.589545462e-17,-7.168098766e-16,0.03511379994,-0.07882780713,0.007446802123
13.0344547,23,refl,0,-1,0.2795607116,0.01890345218,0.07141690618,-5.498869539e-12,-7.78710756e-13,0.005457714993
13.0344547,23,refl,0,1,0.2795607116,0.01890345218,0.07141690618,5.499042243e-12,7.79778718e-13,0.005457714993
13.0344547,23,refl,1,0,0.2795607116,1.033015251e-16,-4.222061677e-16,0.03511379992,-0.07882780713,0.007446802122
12.96399818,23.125,trans,0,0,0.4846641613,6.188918497e-16,-2.978901308e-16,0.576254507,0.3942817295,0.487527339
12.96399818,23.125,trans,-1,0,0.2840541859,1.934328624e-16,-4.26227063e-16,-0.04631909835,0.07928236822,0.008431152782
12.96399818,23.125,trans,0,-1,0.2840541859,0.01944080406,0.06419311074,7.274800978e-12,1.051605407e-12,0.00449870033
12.96399818,23.125,trans,0,1,0.2840541859,0.01944080406,0.06419311074,-7.275351188e-12,-1.052633257e-12,0.00449870033
12.96399818,23.125,trans,1,0,0.2840541859,3.710767969e-16,-2.772902699e-16,-0.04631909833,0.07928236822,0.00843115278
12.96399818,23.125,refl,0,0,0.4846641613,7.151387726e-16,-2.342703694e-16,-0.4203437653,0.4108941852,0.3455229124
12.96399818,23.125,refl,-1,0,0.2840541859,1.027686069e-16,-5.958507549e-16,0.04437308423,-0.08065398039,0.008474035157
12.96399818,23.125,refl,0,-1,0.2840541859,0.01796916618,0.06493161164,-5.739052897e-12,-8.840605305e-13,0.004539005123
12.96399818,23.125,refl,0,1,0.2840541859,0.01796916618,0.06493161164,5.739256111e-12,8.8504839e-13,0.004539005123
12.96399818,23.125,refl,1,0,0.2840541859,2.484721472e-16,-3.811242964e-16,0.0443730842,-0.08065398039,0.008474035155
12.89429927,23.25,trans,0,0,0.4872839676,3.552131284e-16,-3.077852225e-16,0.5450255297,0.3977936768,0.4552926373
12.89429927,23.25,trans,-1,0,0.2885014667,1.897349742e-16,-4.740679877e-16,-0.0550490486,0.07970424857,0.009383164992
12.89429927,23.25,trans,0,-1,0.2885014667,0.01915262829,0.05899886832,7.695626987e-12,1.118586829e-12,0.003847689633
12.89429927,23.25,trans,0,1,0.2885014667,0.01915262829,0.05899886832,-7.695832481e-12,-1.119583396e-12,0.003847689633
12.89429927,23.25,trans,1,0,0.2885014667,3.460584162e-16,-3.83023747e-16,-0.05504904858,0.07970424857,0.009383164989
12.89429927,23.25,refl,0,0,0.4872839676,4.402072228e-16,-2.301441549e-16,-0.4515734627,0.4145664944,0.3757839706
12.89429927,23.25,refl,-1,0,0.2885014667,1.527113844e-16,-6.329693901e-16,0.05289445055,-0.08124961794,0.009399323314
12.89429927,23.25,refl,0,-1,0.2885014667,0.01746151753,0.0597509617,-5.982453944e-12,-9.871223685e-13,0.003875082018
12.89429927,23.25,refl,0,1,0.2885014667,0.01746151753,0.0597509617,5.982366732e-12,9.880631287e-13,0.003875082018
12.89429927,23.25,refl,1,0,0.2885014667,2.76322402e-16,-4.836370273e-16,0.05289445053,-0.08124961794,0.009399323312
12.8253458,23.375,trans,0,0,0.4899037739,1.217824302e-16,-1.515851016e-16,0.5157390649,0.3989415633,0.425141154
12.8253458,23.375,trans,-1,0,0.2929046584,1.033416476e-16,-3.050923042e-16,-0.06312875447,0.07922230939,0.01026141395
12.8253458,23.375,trans,0,-1,0.2929046584,0.01911968909,0.05487873726,8.114776698e-12,1.182089603e-12,0.003377238314
12.8253458,23.375,trans,0,1,0.2929046584,0.01911968909,0.05487873726,-8.114847153e-12,-1.182891555e-12,0.003377238314
12.8253458,23.375,trans,1,0,0.2929046584,1.799982937e-16,-1.912831385e-16,-0.06312875445,0.07922230939,0.01026141394
12.8253458,23.375,refl,0,0,0.4899037739,2.599763025e-16,-7.548171443e-17,-0.4808534258,0.4158749756,0.4041720125
12.8253458,23.375,refl,-1,0,0.2929046584,8.43280463e-17,-4.551076112e-16,0.06078859588,-0.08092051592,0.01024338329
12.8253458,23.375,refl,0,-1,0.2929046584,0.01723110011,0.05563679002,-6.229807709e-12,-1.08805193e-12,0.003392363215
12.8253458,23.375,refl,0,1,0.2929046584,0.01723110011,0.05563679002,6.22963272e-12,1.088783538e-12,0.003392363215
12.8253458,23.375,refl,1,0,0.2929046584,1.238751899e-16,-2.878710861e-16,0.06078859586,-0.08092051592,0.01024338328
12.75712587,23.5,trans,0,0,0.4925235802,1.263574462e-17,-5.527244531e-18,0.4880172354,0.3982981357,0.396802227
12.75712587,23.5,trans,-1,0,0.2972657199,3.219378702e-17,-3.24832487e-16,-0.07066902848,0.07804272372,0.01108477831
12.75712587,23.5,trans,0,-1,0.2972657199,0.01925530483,0.05164700169,8.533351597e-12,1.242263479e-12,0.003038179548
12.75712587,23.5,trans,0,1,0.2972657199,0.01925530483,0.05164700169,-8.533815891e-12,-1.242825184e-12,0.003038179548
12.75712587,23.5,trans,1,0,0.2972657199,1.090493935e-16,-3.071823845e-16,-0.07066902846,0.07804272372,0.01108477831
12.75712587,23.5,refl,0,0,0.4925235802,1.15137805e-16,8.135279632e-17,-0.508564433,0.4153923638,0.4311885984
12.75712587,23.5,refl,-1,0,0.2972657199,4.372989403e-17,-4.722037831e-16,0.06816021056,-0.07987501762,0.01102583274
12.75712587,23.5,refl,0,-1,0.2972657199,0.01718761289,0.05240536341,-6.482133648e-12,-1.186849159e-12,0.003041736151
12.75712587,23.5,refl,0,1,0.2972657199,0.01718761289,0.05240536341,6.482394398e-12,1.187335622e-12,0.003041736151
12.75712587,23.5,refl,1,0,0.2972657199,8.515821469e-17,-3.993724e-16,0.06816021053,-0.07987501762,0.01102583274
12.68962785,23.625,trans,0,0,0.4951433864,-1.836505189e-16,-2.066437878e-17,0.4615369679,0.3962547482,0.3700341983
12.68962785,23.625,trans,-1,0,0.3015864791,-5.981597847e-17,-2.130900772e-16,-0.07776669287,0.07630618929,0.01187029304
12.68962785,23.625,trans,0,-1,0.3015864791,0.01950753078,0.04916058573,8.953253473e-12,1.299235621e-12,0.002797306946
12.68962785,23.625,trans,0,1,0.3015864791,0.01950753078,0.04916058573,-8.953761744e-12,-1.299786445e-12,0.002797306946
12.68962785,23.625,trans,1,0,0.3015864791,-2.796789879e-17,-2.107953466e-16,-0.07776669285,0.07630618929,0.01187029304
12.68962785,23.625,refl,0,0,0.4951433864,-6.920552017e-17,1.457049296e-16,-0.5350317129,0.4135098422,0.4572493234
12.68962785,23.625,refl,-1,0,0.3015864791,-3.297458381e-17,-3.476586445e-16,0.07510174058,-0.07825583609,0.01176424732
12.68962785,23.625,refl,0,-1,0.3015864791,0.01727628884,0.04991482149,-6.74127979e-12,-1.28353292e-12,0.00278995956
12.68962785,23.625,refl,0,1,0.3015864791,0.01727628884,0.04991482149,6.74162349e-12,1.283996025e-12,0.00278995956
12.68962785,23.625,refl,1,0,0.3015864791,-2.543674137e-17,-3.094548563e-16,0.07510174055,-0.07825583609,0.01176424732
12.62284034,23.75,trans,0,0,0.4977631927,-2.73313378e-16,-2.783647994e-17,0.4360261553,0.3930796342,0.3446304069
12.62284034,23.75,trans,-1,0,0.3058686438,2.481229744e-17,-1.907299794e-16,-0.0845039717,0.07410865971,0.01263301468
12.62284034,23.75,trans,0,-1,0.3058686438,0.01984550663,0.04730872132,9.376282072e-12,1.353428978e-12,0.002631959246
12.62284034,23.75,trans,0,1,0.3058686438,0.01984550663,0.04730872132,-9.376313804e-12,-1.353881161e-12,0.002631959246
12.62284034,23.75,trans,1,0,0.3058686438,2.3236696e-17,-1.982380628e-16,-0.08450397168,0.07410865971,0.01263301467
12.62284034,23.75,refl,0,0,0.4977631927,-1.693492679e-16,1.226953519e-16,-0.5605290048,0.4104954142,0.4826992503
12.62284034,23.75,refl,-1,0,0.3058686438,7.672493963e-17,-3.234093214e-16,0.08169223329,-0.07616070347,0.01247407373
12.62284034,23.75,refl,0,-1,0.3058686438,0.01746406105,0.0480551394,-7.009020215e-12,-1.378407888e-12,0.002614289852
12.62284034,23.75,refl,0,1,0.3058686438,0.01746406105,0.0480551394,7.008919485e-12,1.378771287e-12,0.002614289852
12.62284034,23.75,refl,1,0,0.3058686438,3.60059181e-17,-2.899243656e-16,0.08169223326,-0.07616070347,0.01247407373
12.55675217,23.875,trans,0,0,0.500382999,-5.566456223e-16,-5.126702473e-17,0.4112565874,0.3889555539,0.3204184036
12.55675217,23.875,trans,-1,0,0.3101138128,-8.862791506e-17,-5.599826225e-17,-0.09094970758,0.07151487498,0.01338622665
12.55675217,23.875,trans,0,-1,0.3101138128,0.02025134291,0.04600512553,9.804111294e-12,1.405059012e-12,0.002526588465
12.55675217,23.875,trans,0,1,0.3101138128,0.02025134291,0.04600512553,-9.803863609e-12,-1.405482323e-12,0.002526588465
12.55675217,23.875,trans,1,0,0.3101138128,-1.269950947e-16,-8.145938148e-17,-0.09094970755,0.07151487498,0.01338622665
12.55675217,23.875,refl,0,0,0.500382999,-4.785939401e-16,1.056848786e-16,-0.5852857813,0.4065315989,0.5078273867
12.55675217,23.875,refl,-1,0,0.3101138128,-9.423044129e-18,-1.802393441e-16,0.08799818981,-0.07365588936,0.01316887145
12.55675217,23.875,refl,0,-1,0.3101138128,0.01773130751,0.04674048362,-7.287021041e-12,-1.471604074e-12,0.002499072075
12.55675217,23.875,refl,0,1,0.3101138128,0.01773130751,0.04674048362,7.286672859e-12,1.471942042e-12,0.002499072075
12.55675217,23.875,refl,1,0,0.3101138128,-9.167892934e-17,-1.688182906e-16,0.08799818978,-0.07365588936,0.01316887144
12.49135242,24,trans,0,0,0.5030028053,-3.421126574e-16,-7.286296005e-17,0.3870365705,0.3840044137,0.2972566967
12.49135242,24,trans,-1,0,0.3143234852,-3.270303269e-16,-9.44103824e-17,-0.09716111291,0.06856729075,0.01414175522
12.49135242,24,trans,0,-1,0.3143234852,0.02071522516,0.04518217857,1.02392488e-11,1.454502998e-12,0.002470549814
12.49135242,24,trans,0,1,0.3143234852,0.02071522516,0.04518217857,-1.023887494e-11,-1.454966242e-12,0.002470549814
12.49135242,24,trans,1,0,0.3143234852,-3.820054819e-16,-2.106139168e-16,-0.09716111288,0.06856729075,0.01414175522
12.49135242,24,refl,0,0,0.5030028053,-2.340768919e-16,7.017398828e-17,-0.6094947356,0.4017400723,0.5328789184
12.49135242,24,refl,-1,0,0.3143234852,-2.248233712e-16,-2.358529945e-16,0.09407507016,-0.07078514621,0.01386065575
12.49135242,24,refl,0,-1,0.3143234852,0.01806684803,0.04590349975,-7.577816285e-12,-1.563432649e-12,0.002433542287
12.49135242,24,refl,0,1,0.3143234852,0.01806684803,0.04590349975,7.577369818e-12,1.563807851e-12,0.002433542287
12.49135242,24,refl,1,0,0.3143234852,-3.267376227e-16,-3.044255862e-16,0.09407507013,-0.07078514621,0.01386065574
12.42663038,24.125,trans,0,0,0.5056226115,-1.136550749e-15,-4.659756343e-16,0.3657794724,0.3726118965,0.2726342478
12.42663038,24.125,trans,-1,0,0.3184990683,-1.643788933e-16,-2.937023549e-16,-0.1014699344,0.06405170747,0.01439876881
12.42663038,24.125,trans,0,-1,0.3184990683,0.02099937591,0.04364645119,1.075274399e-11,1.553650806e-12,0.00234598649
12.42663038,24.125,trans,0,1,0.3184990683,0.02099937591,0.04364645119,-1.075272287e-11,-1.553455693e-12,0.00234598649
12.42663038,24.125,trans,1,0,0.3184990683,-2.019654506e-16,-3.452953473e-16,-0.1014699343,0.06405170747,0.0143987688
12.42663038,24.125,refl,0,0,0.5056226115,-1.067769201e-15,-2.974376361e-16,-0.6307553811,0.3905256339,0.5503626214
12.42663038,24.125,refl,-1,0,0.3184990683,-3.234070137e-17,-4.007440437e-16,0.09824356456,-0.06632949323,0.01405139965
12.42663038,24.125,refl,0,-1,0.3184990683,0.01828853788,0.04433537578,-8.037598314e-12,-1.735608818e-12,0.002300096163
12.42663038,24.125,refl,0,1,0.3184990683,0.01828853788,0.04433537578,8.037520654e-12,1.735326548e-12,0.002300096163
12.42663038,24.125,refl,1,0,0.3184990683,-1.20025182e-16,-4.207045252e-16,0.09824356452,-0.06632949323,0.01405139964
12.36257559,24.25,trans,0,0,0.5082424178,-5.342890483e-16,6.05757918e-17,0.3450264382,0.3606811776,0.2491341549
12.36257559,24.25,trans,-1,0,0.3226418859,-4.603695891e-16,7.077636158e-17,-0.105551938,0.05940154425,0.01466975507
12.36257559,24.25,trans,0,-1,0.3226418859,0.02120455633,0.04243925694,1.128312776e-11,1.651067097e-12,0.002250723739
12.36257559,24.25,trans,0,1,0.3226418859,0.02120455633,0.04243925694,-1.128353305e-11,-1.651279406e-12,0.002250723739
12.36257559,24.25,trans,1,0,0.3226418859,-4.554822188e-16,3.730175432e-17,-0.105551938,0.05940154425,0.01466975507
12.36257559,24.25,refl,0,0,0.5082424178,-4.368755923e-16,2.506214294e-16,-0.6515146438,0.3787700223,0.5679380609
12.36257559,24.25,refl,-1,0,0.3226418859,-3.103092214e-16,-3.021636043e-17,0.1021860529,-0.06172687845,0.01425219693
12.36257559,24.25,refl,0,-1,0.3226418859,0.01844275343,0.04309555151,-8.520767637e-12,-1.906280375e-12,0.002197361714
12.36257559,24.25,refl,0,1,0.3226418859,0.01844275343,0.04309555151,8.52113866e-12,1.906406456e-12,0.002197361714
12.36257559,24.25,refl,1,0,0.3226418859,-3.594673739e-16,-3.501322382e-17,0.1021860529,-0.06172687845,0.01425219692
12.29917776,24.375,trans,0,0,0.5108622241,-3.16087865e-16,6.305585409e-17,0.3246759058,0.3481817096,0.2266449467
12.29917776,24.375,trans,-1,0,0.326753184,-3.727880186e-16,1.548651184e-16,-0.1094347993,0.05460450894,0.01495762769
12.29917776,24.375,trans,0,-1,0.326753184,0.02134298136,0.04153275396,1.18367931e-11,1.748688988e-12,0.002180492505
12.29917776,24.375,trans,0,1,0.326753184,0.02134298136,0.04153275396,-1.183705616e-11,-1.748680016e-12,0.002180492505
12.29917776,24.375,trans,1,0,0.326753184,-3.537661402e-16,1.481717631e-16,-0.1094347992,0.05460450894,0.01495762768
12.29917776,24.375,refl,0,0,0.5108622241,-2.30112007e-16,2.123298509e-16,-0.6718745416,0.3664422375,0.585695313
12.29917776,24.375,refl,-1,0,0.326753184,-1.9587945e-16,6.31087788e-17,0.1059295094,-0.05696637343,0.01446622866
12.29917776,24.375,refl,0,-1,0.326753184,0.01854093242,0.04215587315,-9.033799946e-12,-2.077331208e-12,0.002120883816
12.29917776,24.375,refl,0,1,0.326753184,0.01854093242,0.04215587315,9.03404252e-12,2.077245109e-12,0.002120883816
12.29917776,24.375,refl,1,0,0.326753184,-2.363200654e-16,1.059080052e-16,0.1059295094,-0.05696637343,0.01446622865
12.23642686,24.5,trans,0,0,0.5134820304,-6.435827104e-16,2.294655698e-16,0.3046473664,0.3350740364,0.2050846278
12.23642686,24.5,trans,-1,0,0.3308341378,-5.180293415e-17,4.062506802e-17,-0.113138782,0.049646545,0.01526516343
12.23642686,24.5,trans,0,-1,0.3308341378,0.02142565464,0.04090426662,1.242125354e-11,1.847506451e-12,0.002132217704
12.23642686,24.5,trans,0,1,0.3308341378,0.02142565464,0.04090426662,-1.242161163e-11,-1.84742674e-12,0.002132217704
12.23642686,24.5,trans,1,0,0.3308341378,-1.513852736e-17,6.48039618e-17,-0.113138782,0.049646545,0.01526516342
12.23642686,24.5,refl,0,0,0.5134820304,-5.558982696e-16,3.828721143e-16,-0.6919159649,0.3535024263,0.6037116679
12.23642686,24.5,refl,-1,0,0.3308341378,1.419299808e-16,-3.831153892e-17,0.1094935935,-0.05203506367,0.01469649487
12.23642686,24.5,refl,0,-1,0.3308341378,0.01859346258,0.04149343886,-9.584402521e-12,-2.249732092e-12,0.002067422319
12.23642686,24.5,refl,0,1,0.3308341378,0.01859346258,0.04149343886,9.584746956e-12,2.249566904e-12,0.002067422319
12.23642686,24.5,refl,1,0,0.3308341378,1.158273372e-16,6.211322687e-18,0.1094935935,-0.05203506367,0.01469649487
12.17431302,24.625,trans,0,0,0.5161018367,-7.74532531e-16,9.353015051e-18,0.2848781596,0.3213103426,0.184395902
12.17431302,24.625,trans,-1,0,0.3348858567,2.195189074e-17,-5.060096849e-18,-0.1166778629,0.04451199035,0.01559504097
12.17431302,24.625,trans,0,-1,0.3348858567,0.0214627233,0.04053527863,1.3047281e-11,1.949502988e-12,0.002103757305
12.17431302,24.625,trans,0,1,0.3348858567,0.0214627233,0.04053527863,-1.304742251e-11,-1.949334991e-12,0.002103757305
12.17431302,24.625,trans,1,0,0.3348858567,1.14844355e-16,5.639279504e-17,-0.1166778629,0.04451199036,0.01559504097
12.17431302,24.625,refl,0,0,0.5161018367,-7.094749988e-16,2.489611011e-16,-0.7117018986,0.3399024161,0.6220532449
12.17431302,24.625,refl,-1,0,0.3348858567,2.327396507e-16,-5.030331574e-17,0.1128917422,-0.04691824937,0.01494586757
12.17431302,24.625,refl,0,-1,0.3348858567,0.01861000784,0.04108958504,-1.018373229e-11,-2.425455748e-12,0.00203468639
12.17431302,24.625,refl,0,1,0.3348858567,0.01861000784,0.04108958504,1.018386616e-11,2.425215256e-12,0.00203468639
12.17431302,24.625,refl,1,0,0.3348858567,2.580153305e-16,2.843824038e-17,0.1128917421,-0.04691824938,0.01494586756
12.11282659,24.75,trans,0,0,0.5187216429,-6.789088279e-16,7.722063056e-17,0.2653212233,0.306834497,0.1645427601
12.11282659,24.75,trans,-1,0,0.3389093892,2.827771751e-16,-1.05184985e-16,-0.1200605229,0.03918359759,0.01594988349
12.11282659,24.75,trans,0,-1,0.3389093892,0.02146384344,0.04041068145,1.37287022e-11,2.05735238e-12,0.00209371975
12.11282659,24.75,trans,0,1,0.3389093892,0.02146384344,0.04041068145,-1.372942338e-11,-2.056877344e-12,0.00209371975
12.11282659,24.75,trans,1,0,0.3389093892,3.654618475e-16,-5.640372002e-17,-0.1200605229,0.03918359759,0.01594988348
12.11282659,24.75,refl,0,0,0.5187216429,-5.825434316e-16,2.873564787e-16,-0.731279684,0.3255857455,0.6407760539
12.11282659,24.75,refl,-1,0,0.3389093892,5.116465865e-16,-1.511521816e-16,0.1161319347,-0.04159949758,0.01521714446
12.11282659,24.75,refl,0,-1,0.3389093892,0.01859985236,0.04092913094,-1.084622248e-11,-2.607233942e-12,0.002021148267
12.11282659,24.75,refl,0,1,0.3389093892,0.01859985236,0.04092913094,1.084694633e-11,2.606695502e-12,0.002021148267
12.11282659,24.75,refl,1,0,0.3389093892,5.220464048e-16,-7.631019562e-17,0.1161319347,-0.04159949758,0.01521714446
12.05195811,24.875,trans,0,0,0.5213414492,-4.809921798e-16,-6.247111369e-16,0.245943612,0.2915816339,0.1455081095
12.05195811,24.875,trans,-1,0,0.3429057274,3.173488804e-16,-1.358100618e-17,-0.1232902746,0.03364242915,0.01633230485
12.05195811,24.875,trans,0,-1,0.3429057274,0.02143857896,0.04051821812,1.448680566e-11,2.174469342e-12,0.002101338668
12.05195811,24.875,trans,0,1,0.3429057274,0.02143857896,0.04051821812,-1.448693229e-11,-2.174008712e-12,0.002101338668
12.05195811,24.875,trans,1,0,0.3429057274,4.066334331e-16,8.274152566e-17,-0.1232902746,0.03364242915,0.01633230484
12.05195811,24.875,refl,0,0,0.5213414492,-4.263214365e-16,-4.254541587e-16,-0.7506825104,0.310487236,0.6599265551
12.05195811,24.875,refl,-1,0,0.3429057274,5.60334207e-16,-4.721361349e-17,0.1192171973,-0.03606056165,0.01551310424
12.05195811,24.875,refl,0,-1,0.3429057274,0.01857228355,0.04099982215,-1.159417172e-11,-2.798608618e-12,0.002025915133
12.05195811,24.875,refl,0,1,0.3429057274,0.01857228355,0.04099982215,1.159429661e-11,2.798079824e-12,0.002025915133
12.05195811,24.875,refl,1,0,0.3429057274,5.723579245e-16,5.898381885e-17,0.1192171973,-0.03606056165,0.01551310423
11.99169832,25,trans,0,0,0.5239612555,-5.451302401e-16,-2.633332397e-16,0.226725669,0.2754772444,0.1272922412
11.99169832,25,trans,-1,0,0.3468758113,1.702341301e-16,-9.551099634e-17,-0.1263659661,0.02786761984,0.01674496163
11.99169832,25,trans,0,-1,0.3468758113,0.02139686651,0.04084808507,1.535022869e-11,2.306665512e-12,0.002126391951
11.99169832,25,trans,0,1,0.3468758113,0.02139686651,0.04084808507,-1.535086647e-11,-2.305898281e-12,0.002126391951
11.99169832,25,trans,1,0,0.3468758113,2.569832508e-16,5.982615823e-17,-0.1263659661,0.02786761984,0.01674496162
11.99169832,25,refl,0,0,0.5239612555,-4.66656415e-16,-4.683317699e-17,-0.7699302492,0.2945320745,0.6795417316
11.99169832,25,refl,-1,0,0.3468758113,4.303623641e-16,-1.009075017e-16,0.1221458849,-0.03028116186,0.01583656597
11.99169832,25,refl,0,-1,0.3468758113,0.01853704532,0.04129193555,-1.245778827e-11,-3.005586384e-12,0.002048645991
11.99169832,25,refl,0,1,0.3468758113,0.01853704532,0.04129193555,1.245843086e-11,3.004762972e-12,0.002048645991
11.99169832,25,refl,1,0,0.3468758113,4.373909251e-16,6.130334733e-17,0.1221458849,-0.03028116186,0.01583656596
11.93203813,25.125,trans,0,0,0.5265810618,-7.517676584e-16,-3.430971e-16,0.2127528784,0.2555298045,0.1105592682
11.93203813,25.125,trans,-1,0,0.3508205322,1.009722088e-16,-3.041158771e-16,-0.1273959105,0.02209144597,0.01671774999
11.93203813,25.125,trans,0,-1,0.3508205322,0.02166068421,0.04035458515,1.645104122e-11,2.571265222e-12,0.002097677783
11.93203813,25.125,trans,0,1,0.3508205322,0.02166068421,0.04035458515,-1.645142566e-11,-2.570837151e-12,0.002097677783
11.93203813,25.125,trans,1,0,0.3508205322,1.843083774e-16,-2.004218394e-16,-0.1273959104,0.02209144598,0.01671774998
11.93203813,25.125,refl,0,0,0.5265810618,-7.192154311e-16,-1.187653375e-16,-0.7839449062,0.2747305669,0.6900465003
11.93203813,25.125,refl,-1,0,0.3508205322,3.690870492e-16,-2.911416302e-16,0.1230477587,-0.02446601236,0.01573933668
11.93203813,25.125,refl,0,-1,0.3508205322,0.01889032846,0.0407688578,-1.372528802e-11,-3.359995576e-12,0.002018944276
11.93203813,25.125,refl,0,1,0.3508205322,0.01889032846,0.0407688578,1.372568173e-11,3.35950659e-12,0.002018944276
11.93203813,25.125,refl,1,0,0.3508205322,3.680759162e-16,-1.94678369e-16,0.1230477587,-0.02446601236,0.01573933667
11.87296863,25.25,trans,0,0,0.529200868,-6.256080512e-16,-4.532747795e-16,0.199165943,0.2348051074,0.0948005113
11.87296863,25.25,trans,-1,0,0.3547407363,6.777611484e-17,-1.220260205e-16,-0.1282726784,0.01616758927,0.01671527096
11.87296863,25.25,trans,0,-1,0.3547407363,0.02189327384,0.04001138839,1.7814429e-11,2.892871338e-12,0.00208022664
11.87296863,25.25,trans,0,1,0.3547407363,0.02189327384,0.04001138839,-1.781459952e-11,-2.892662969e-12,0.00208022664
11.87296863,25.25,trans,1,0,0.3547407363,2.22779161e-16,-3.373138318e-17,-0.1282726783,0.01616758927,0.01671527095
11.87296863,25.25,refl,0,0,0.529200868,-5.790865741e-16,-2.910583595e-16,-0.7975744877,0.2541442049,0.7007143403
11.87296863,25.25,refl,-1,0,0.3547407363,3.389734182e-16,-1.007067186e-16,0.1237920076,-0.01850016454,0.01566671723
11.87296863,25.25,refl,0,-1,0.3547407363,0.01922181059,0.04039759767,-1.527218446e-11,-3.771841656e-12,0.0020014439
11.87296863,25.25,refl,0,1,0.3547407363,0.01922181059,0.04039759767,1.527236161e-11,3.771571717e-12,0.0020014439
11.87296863,25.25,refl,1,0,0.3547407363,4.062388911e-16,-1.101942141e-17,0.1237920075,-0.01850016455,0.01566671722
11.8144811,25.375,trans,0,0,0.5318206743,-9.800437304e-17,-4.665831683e-16,0.186006536,0.2132191825,0.08006085121
11.8144811,25.375,trans,-1,0,0.3586372274,2.913998571e-16,-3.209706297e-16,-0.1289807976,0.01007726873,0.01673759749
11.8144811,25.375,trans,0,-1,0.3586372274,0.02211176336,0.03981870179,1.959548997e-11,3.313385901e-12,0.002074459091
11.8144811,25.375,trans,0,1,0.3586372274,0.02211176336,0.03981870179,-1.95959853e-11,-3.312867355e-12,0.002074459091
11.8144811,25.375,trans,1,0,0.3586372274,4.094308915e-16,-2.814665522e-16,-0.1289807975,0.01007726874,0.01673759748
11.8144811,25.375,refl,0,0,0.5318206743,-7.361732339e-17,-2.704345039e-16,-0.8107772745,0.2326889466,0.7115039347
11.8144811,25.375,refl,-1,0,0.3586372274,5.669660033e-16,-2.758067453e-16,0.1243626959,-0.01236546853,0.01561898494
11.8144811,25.375,refl,0,-1,0.3586372274,0.01954838075,0.04017882012,-1.72619574e-11,-4.284164191e-12,0.001996476776
11.8144811,25.375,refl,0,1,0.3586372274,0.01954838075,0.04017882012,1.726245792e-11,4.283576994e-12,0.001996476776
11.8144811,25.375,refl,1,0,0.3586372274,5.92836133e-16,-2.356610703e-16,0.1243626959,-0.01236546853,0.01561898493
11.75656698,25.5,trans,0,0,0.5344404806,-5.627213295e-16,-5.294712386e-16,0.1733306822,0.1906757651,0.06640077276
11.75656698,25.5,trans,-1,0,0.3625107702,-1.386855364e-17,-5.858841751e-16,-0.1295013718,0.003799241738,0.01678503953
11.75656698,25.5,trans,0,-1,0.3625107702,0.02233697229,0.03977925288,2.209886614e-11,3.919858008e-12,0.00208132929
11.75656698,25.5,trans,0,1,0.3625107702,0.02233697229,0.03977925288,-2.209927572e-11,-3.919573215e-12,0.00208132929
11.75656698,25.5,trans,1,0,0.3625107702,1.341154747e-16,-5.200933856e-16,-0.1295013717,0.003799241744,0.01678503952
11.75656698,25.5,refl,0,0,0.5344404806,-5.654042957e-16,-3.148191198e-16,-0.8234971651,0.2102684889,0.7223604184
11.75656698,25.5,refl,-1,0,0.3625107702,2.668961293e-16,-5.238716049e-16,0.1247403233,-0.006041264226,0.01559664513
11.75656698,25.5,refl,0,-1,0.3625107702,0.01989064862,0.04011586583,-2.001600444e-11,-4.986577208e-12,0.002004920594
11.75656698,25.5,refl,0,1,0.3625107702,0.01989064862,0.04011586583,2.001641514e-11,4.986224859e-12,0.002004920594
11.75656698,25.5,refl,1,0,0.3625107702,3.185468764e-16,-4.603432222e-16,0.1247403233,-0.006041264233,0.01559664512
11.69921787,25.625,trans,0,0,0.5370602869,-7.824241788e-17,-6.76138042e-16,0.1612119223,0.1670597156,0.05389823245
11.69921787,25.625,trans,-1,0,0.3663620927,1.555559911e-16,-3.153985406e-16,-0.1298113305,-0.002692015791,0.01685822847
11.69921787,25.625,trans,0,-1,0.3663620927,0.02259556659,0.03989921983,2.601329251e-11,4.931724723e-12,0.002102507373
11.69921787,25.625,trans,0,1,0.3663620927,0.02259556659,0.03989921983,-2.601349559e-11,-4.931539117e-12,0.002102507373
11.69921787,25.625,trans,1,0,0.3663620927,2.909833095e-16,-2.436831627e-16,-0.1298113304,-0.002692015784,0.01685822846
11.69921787,25.625,refl,0,0,0.5370602869,-9.005136085e-17,-4.598845926e-16,-0.8356605141,0.1867676986,0.733210668
11.69921787,25.625,refl,-1,0,0.3663620927,4.364637941e-16,-2.393575087e-16,0.1249010088,0.0004974326196,0.01560050945
11.69921787,25.625,refl,0,-1,0.3663620927,0.02027509441,0.04021573351,-2.426150854e-11,-6.105532255e-12,0.002028384675
11.69921787,25.625,refl,0,1,0.3663620927,0.02027509441,0.04021573351,2.42617054e-11,6.105275585e-12,0.002028384675
11.69921787,25.625,refl,1,0,0.3663620927,4.712700894e-16,-1.741711038e-16,0.1249010088,0.0004974326109,0.01560050943
11.64242555,25.75,trans,0,0,0.5396800932,-2.18261172e-16,-5.592944738e-16,0.1497466767,0.1422257547,0.0426522325
11.64242555,25.75,trans,-1,0,0.3701918883,1.314064896e-16,-4.682583439e-16,-0.1298821356,-0.009429417825,0.01695828307
11.64242555,25.75,trans,0,-1,0.3701918883,0.02292361604,0.04018986811,3.330371106e-11,7.07722895e-12,0.002140717671
11.64242555,25.75,trans,0,1,0.3701918883,0.02292361604,0.04018986811,-3.330407017e-11,-7.077624401e-12,0.002140717671
11.64242555,25.75,trans,1,0,0.3701918883,3.181025465e-16,-4.548385996e-16,-0.1298821356,-0.009429417815,0.01695828306
11.64242555,25.75,refl,0,0,0.5396800932,-2.495444332e-16,-4.043395678e-16,-0.8471707706,0.16204137,0.7439557202
11.64242555,25.75,refl,-1,0,0.3701918883,4.142525602e-16,-3.684500296e-16,0.1248150831,0.007283037262,0.0156318476
11.64242555,25.75,refl,0,-1,0.3701918883,0.02073762187,0.04049080719,-3.207429734e-11,-8.394917425e-12,0.002069554428
11.64242555,25.75,refl,0,1,0.3701918883,0.02073762187,0.04049080719,3.207465373e-11,8.395245711e-12,0.002069554428
11.64242555,25.75,refl,1,0,0.3701918883,4.970765968e-16,-3.661168804e-16,0.124815083,0.00728303725,0.01563184758
11.58618195,25.875,trans,0,0,0.5422998994,-7.949598746e-17,-4.148853518e-16,0.1390638462,0.1159777351,0.03278958836
11.58618195,25.875,trans,-1,0,0.3740008184,7.897193853e-17,-4.41442159e-16,-0.1296774435,-0.01645899246,0.01708713778
11.58618195,25.875,trans,0,-1,0.3740008184,0.02337295584,0.04067057344,5.263493928e-11,1.467371273e-11,0.002200390609
11.58618195,25.875,trans,0,1,0.3740008184,0.02337295584,0.04067057344,-5.263531281e-11,-1.467379927e-11,0.002200390609
11.58618195,25.875,trans,1,0,0.3740008184,2.452401204e-16,-4.411942821e-16,-0.1296774434,-0.01645899245,0.01708713776
11.58618195,25.875,refl,0,0,0.5422998994,-1.18874982e-16,-2.082193179e-16,-0.8578988831,0.1358935386,0.7544575475
11.58618195,25.875,refl,-1,0,0.3740008184,3.664001585e-16,-3.217775538e-16,0.1244445392,0.0143611257,0.01569268526
11.58618195,25.875,refl,0,-1,0.3740008184,0.02132991689,0.04096204679,-5.261659984e-11,-1.634492991e-11,0.002132854632
11.58618195,25.875,refl,0,1,0.3740008184,0.02132991689,0.04096204679,5.261695773e-11,1.63449389e-11,0.002132854632
11.58618195,25.875,refl,1,0,0.3740008184,4.256291124e-16,-3.356239289e-16,0.1244445391,0.01436112568,0.01569268524
11.53047915,26,trans,0,0,0.5449197057,-6.173127151e-16,-9.543570312e-16,0.1293435517,0.08802681713,0.0244784749
11.53047915,26,trans,-1,0,0.377789514,6.488694589e-16,-7.612508874e-16,-0.1291485245,-0.0238514588,0.01724823348
11.53047915,26,trans,0,-1,0.377789514,0.02402374898,0.04137488164,1.109726034e-10,2.524255648e-10,0.002289021346
11.53047915,26,trans,0,1,0.377789514,0.02402374898,0.04137488164,-1.109732156e-10,-2.524254346e-10,0.002289021346
11.53047915,26,trans,1,0,0.377789514,8.1194785e-16,-7.480341329e-16,-0.1291485244,-0.02385145851,0.01724823343
11.53047915,26,refl,0,0,0.5449197057,-6.666410396e-16,-7.296734719e-16,-0.867664567,0.1080357421,0.7645135224
11.53047915,26,refl,-1,0,0.377789514,9.348163104e-16,-6.286420664e-16,0.1237380242,0.02180203226,0.01578642725
11.53047915,26,refl,0,-1,0.377789514,0.02213200926,0.04166538509,-1.158683656e-10,-2.666014143e-10,0.002225830149
11.53047915,26,refl,0,1,0.377789514,0.02213200926,0.04166538509,1.158689518e-10,2.666012104e-10,0.002225830149
11.53047915,26,refl,1,0,0.377789514,9.875111231e-16,-6.334846669e-16,0.1237380241,0.02180203195,0.01578642719
11.4753094,26.125,trans,0,0,0.547539512,3.437523005e-17,-8.212453096e-16,0.1260881317,0.05860986729,0.01933333349
11.4753094,26.125,trans,-1,0,0.381558578,2.876801913e-16,-4.1203308e-16,-0.1271486948,-0.03048213505,0.01709595113
11.4753094,26.125,trans,0,-1,0.381558578,0.02556716909,0.04180731069,-3.771196394e-11,1.587145525e-12,0.002401531363
11.4753094,26.125,trans,0,1,0.381558578,0.02556716909,0.04180731069,3.77116765e-11,-1.586881255e-12,0.002401531363
11.4753094,26.125,trans,1,0,0.381558578,5.062899168e-16,-3.764133047e-16,-0.1271486948,-0.03048213505,0.01709595114
11.4753094,26.125,refl,0,0,0.547539512,-2.569697822e-17,-6.602693435e-16,-0.8709523512,0.07869731751,0.7647512658
11.4753094,26.125,refl,-1,0,0.381558578,5.614527211e-16,-2.602024587e-16,0.121599276,0.02850437362,0.01559888325
11.4753094,26.125,refl,0,-1,0.381558578,0.02387925917,0.04213033456,4.225040307e-11,-3.34097765e-12,0.002345184108
11.4753094,26.125,refl,0,1,0.381558578,0.02387925917,0.04213033456,-4.225016819e-11,3.340625928e-12,0.002345184108
11.4753094,26.125,refl,1,0,0.381558578,6.696517759e-16,-2.606942242e-16,0.1215992761,0.02850437361,0.01559888325
11.42066507,26.25,trans,0,0,0.5501593183,1.609238573e-16,-2.69937643e-16,0.1244660723,0.02664077684,0.01620153414
11.42066507,26.25,trans,-1,0,0.3853085863,6.31165202e-17,-1.478321691e-16,-0.1247697822,-0.03771613339,0.01699000527
11.42066507,26.25,trans,0,-1,0.3853085863,0.02766906237,0.04262347389,-1.134946432e-11,-2.457405421e-13,0.002582337539
11.42066507,26.25,trans,0,1,0.3853085863,0.02766906237,0.04262347389,1.134860699e-11,2.454070009e-13,0.002582337539
11.42066507,26.25,trans,1,0,0.3853085863,2.522139509e-16,-8.259880827e-17,-0.1247697822,-0.03771613339,0.01699000526
11.42066507,26.25,refl,0,0,0.5501593183,8.440132034e-17,-1.149218101e-16,-0.872601284,0.04680422541,0.7636236364
11.42066507,26.25,refl,-1,0,0.3853085863,3.193645496e-16,1.050541282e-17,0.119060158,0.03580479448,0.01545730452
11.42066507,26.25,refl,0,-1,0.3853085863,0.02618936369,0.0429987065,1.420854425e-11,-1.284622574e-12,0.002534771532
11.42066507,26.25,refl,0,1,0.3853085863,0.02618936369,0.0429987065,-1.420776115e-11,1.284866743e-12,0.002534771532
11.42066507,26.25,refl,1,0,0.3853085863,3.986173839e-16,5.499058339e-17,0.119060158,0.03580479448,0.01545730452
11.36653869,26.375,trans,0,0,0.5527791245,-2.480416057e-17,-7.748156958e-16,0.1254887088,-0.01012825409,0.01584999755
11.36653869,26.375,trans,-1,0,0.3890400902,2.502572857e-16,-3.925867051e-16,-0.1218033458,-0.04618021262,0.01696866709
11.36653869,26.375,trans,0,-1,0.3890400902,0.03099520678,0.04417349912,-2.388025064e-12,2.083102048e-13,0.002912000868
11.36653869,26.375,trans,0,1,0.3890400902,0.03099520678,0.04417349912,2.38793414e-12,-2.08257793e-13,0.002912000868
11.36653869,26.375,trans,1,0,0.3890400902,4.26645696e-16,-3.660796544e-16,-0.1218033458,-0.04618021262,0.01696866708
11.36653869,26.375,refl,0,0,0.5527791245,-1.138402512e-16,-6.029427662e-16,-0.8715991062,0.01011427927,0.7597873005
11.36653869,26.375,refl,-1,0,0.3890400902,4.992273677e-16,-1.961687845e-16,0.1158891548,0.04433024181,0.01539546653
11.36653869,26.375,refl,0,-1,0.3890400902,0.02972635957,0.0446394758,4.490702028e-12,-1.755694505e-12,0.002876339253
11.36653869,26.375,refl,0,1,0.3890400902,0.02972635957,0.0446394758,-4.490716949e-12,1.755549853e-12,0.002876339253
11.36653869,26.375,refl,1,0,0.3890400902,5.689024508e-16,-2.09917987e-16,0.1158891547,0.04433024181,0.01539546652
11.31292294,26.5,trans,0,0,0.5553989308,4.770125527e-16,1.320185231e-15,0.1453812034,-0.07357721423,0.02654930075
11.31292294,26.5,trans,-1,0,0.3927536169,1.707214294e-15,1.258888454e-15,-0.1144071996,-0.06232997009,0.0169740325
11.31292294,26.5,trans,0,-1,0.3927536169,0.04156705171,0.05198289389,4.055508059e-12,1.316613834e-12,0.004430041045
11.31292294,26.5,trans,0,1,0.3927536169,0.04156705171,0.05198289389,-4.058120019e-12,-1.313601114e-12,0.004430041045
11.31292294,26.5,trans,1,0,0.3927536169,1.691129015e-15,9.319408108e-16,-0.1144071996,-0.06232997009,0.01697403249
11.31292294,26.5,trans,-1,-1,0.00654483146,-0.008196152021,0.03868297522,-0.01202737785,-0.00505686227,0.001733779154
11.31292294,26.5,trans,-1,1,0.00654483146,-0.008196152021,0.03868297522,0.01202737785,0.00505686227,0.001733779154
11.31292294,26.5,trans,1,-1,0.00654483146,0.008196151989,-0.03868297522,-0.01202737786,-0.005056862264,0.001733779154
11.31292294,26.5,trans,1,1,0.00654483146,0.008196151989,-0.03868297522,0.01202737786,0.005056862264,0.001733779154
11.31292294,26.5,refl,0,0,0.5553989308,3.808088575e-16,1.424878319e-15,-0.8517222234,-0.05305113655,0.7282451689
11.31292294,26.5,refl,-1,0,0.3927536169,1.953007194e-15,1.479322421e-15,0.1079788486,0.06037597466,0.01530469007
11.31292294,26.5,refl,0,-1,0.3927536169,0.04042287842,0.05287769234,-2.501082454e-12,-2.897653453e-12,0.004430059447
11.31292294,26.5,refl,0,1,0.3927536169,0.04042287842,0.05287769234,2.50354056e-12,2.89464198e-12,0.004430059447
11.31292294,26.5,refl,1,0,0.3927536169,1.836060656e-15,1.101903113e-15,0.1079788486,0.06037597466,0.01530469006
11.31292294,26.5,refl,-1,-1,0.00654483146,-0.008345464623,0.03891865663,0.003851515543,0.0006131481524,0.001599518736
11.31292294,26.5,refl,-1,1,0.00654483146,-0.008345464623,0.03891865663,-0.003851515543,-0.0006131481524,0.001599518736
11.31292294,26.5,refl,1,-1,0.00654483146,0.008345464591,-0.03891865663,0.003851515538,0.000613148155,0.001599518736
11.31292294,26.5,refl,1,1,0.00654483146,0.008345464591,-0.03891865663,-0.003851515538,-0.000613148155,0.001599518736
11.25981063,26.625,trans,0,0,0.5580187371,1.989409865e-16,-4.389095917e-16,0.1832814838,-0.06850148826,0.03828455618
11.25981063,26.625,trans,-1,0,0.3964496717,1.204073951e-16,-1.79794926e-16,-0.1003024825,-0.05983994023,0.01364140644
11.25981063,26.625,trans,0,-1,0.3964496717,0.03121215217,0.06278229212,4.965599906e-12,3.87083435e-12,0.004915814646
11.25981063,26.625,trans,0,1,0.3964496717,0.03121215217,0.06278229212,-4.965803358e-12,-3.870847537e-12,0.004915814646
11.25981063,26.625,trans,1,0,0.3964496717,2.589428151e-16,-1.359373739e-16,-0.1003024825,-0.05983994022,0.01364140643
11.25981063,26.625,trans,-1,-1,0.05440379963,-0.03645835383,0.09461047121,-0.01694684685,-0.02114266042,0.01101456053
11.25981063,26.625,trans,-1,1,0.05440379963,-0.03645835383,0.09461047121,0.01694684685,0.02114266042,0.01101456053
11.25981063,26.625,trans,1,-1,0.05440379963,0.03645835376,-0.09461047117,-0.01694684685,-0.02114266041,0.01101456052
11.25981063,26.625,trans,1,1,0.05440379963,0.03645835376,-0.09461047117,0.01694684685,0.02114266041,0.01101456052
11.25981063,26.625,refl,0,0,0.5580187371,1.148505575e-16,-3.224125587e-16,-0.8139827051,-0.04811842589,0.6648832271
11.25981063,26.625,refl,-1,0,0.3964496717,2.969832787e-16,2.965067591e-17,0.09395878074,0.05757080164,0.01214264968
11.25981063,26.625,refl,0,-1,0.3964496717,0.02994563604,0.06342200094,-3.813601646e-12,-5.636361955e-12,0.004919091321
11.25981063,26.625,refl,0,1,0.3964496717,0.02994563604,0.06342200094,3.813603602e-12,5.636243771e-12,0.004919091321
11.25981063,26.625,refl,1,0,0.3964496717,3.418369598e-16,3.355661637e-17,0.0939587807,0.05757080164,0.01214264967
11.25981063,26.625,refl,-1,-1,0.05440379963,-0.03670016774,0.09497239655,0.014890677,0.02011034099,0.01099281649
11.25981063,26.625,refl,-1,1,0.05440379963,-0.03670016774,0.09497239655,-0.014890677,-0.02011034099,0.01099281649
11.25981063,26.625,refl,1,-1,0.05440379963,0.03670016766,-0.09497239652,0.01489067699,0.02011034099,0.01099281648
11.25981063,26.625,refl,1,1,0.05440379963,0.03670016766,-0.09497239652,-0.01489067699,-0.02011034099,0.01099281648
11.20719469,26.75,trans,0,0,0.5606385434,-5.699134521e-21,1.056594226e-16,0.1958701748,-0.0740984977,0.04385571274
11.20719469,26.75,trans,-1,0,0.4001287387,2.148575687e-17,-4.575494143e-17,-0.0936241888,-0.05953926459,0.01231041276
11.20719469,26.75,trans,0,-1,0.4001287387,0.02478248816,0.06632522085,5.727216381e-12,4.58244082e-12,0.005013206641
11.20719469,26.75,trans,0,1,0.4001287387,0.02478248816,0.06632522085,-5.727862448e-12,-4.582580392e-12,0.005013206641
11.20719469,26.75,trans,1,0,0.4001287387,1.476344077e-16,1.663542743e-18,-0.09362418877,-0.05953926458,0.01231041275
11.20719469,26.75,trans,-1,-1,0.076749194,-0.04878593249,0.1020430009,-0.01495624674,-0.02980112283,0.01390463748
11.20719469,26.75,trans,-1,1,0.076749194,-0.04878593249,0.1020430009,0.01495624674,0.02980112283,0.01390463748
11.20719469,26.75,trans,1,-1,0.076749194,0.04878593241,-0.1020430008,-0.01495624674,-0.02980112282,0.01390463746
11.20719469,26.75,trans,1,1,0.076749194,0.04878593241,-0.1020430008,0.01495624674,0.02980112282,0.01390463746
11.20719469,26.75,refl,0,0,0.5606385434,-8.060296588e-17,2.367834444e-16,-0.8014233159,-0.0537323476,0.6451664964
11.20719469,26.75,refl,-1,0,0.4001287387,1.772574942e-16,1.576231802e-16,0.08733053854,0.05714389131,0.01089204728
11.20719469,26.75,refl,0,-1,0.4001287387,0.02363054035,0.06684788845,-4.901574114e-12,-6.429126026e-12,0.005027042627
11.20719469,26.75,refl,0,1,0.4001287387,0.02363054035,0.06684788845,4.902010775e-12,6.42909962e-12,0.005027042627
11.20719469,26.75,refl,1,0,0.4001287387,2.090451904e-16,1.646606675e-16,0.08733053851,0.0571438913,0.01089204727
11.20719469,26.75,refl,-1,-1,0.076749194,-0.04900190103,0.1023800899,0.01363117659,0.02905730392,0.013913005
11.20719469,26.75,refl,-1,1,0.076749194,-0.04900190103,0.1023800899,-0.01363117659,-0.02905730392,0.013913005
11.20719469,26.75,refl,1,-1,0.076749194,0.04900190096,-0.1023800899,0.01363117659,0.02905730392,0.01391300499
11.20719469,26.75,refl,1,1,0.076749194,0.04900190096,-0.1023800899,-0.01363117659,-0.02905730392,0.01391300499
11.1550682,26.875,trans,0,0,0.5632583496,1.048046474e-16,-2.80963905e-16,0.20349167,-0.08236523706,0.04819289205
11.1550682,26.875,trans,-1,0,0.4037912823,3.318997379e-16,6.661967936e-18,-0.0884785458,-0.05976628891,0.01140046236
11.1550682,26.875,trans,0,-1,0.4037912823,0.01919471736,0.06838234352,6.307355481e-12,4.951193821e-12,0.00504458208
11.1550682,26.875,trans,0,1,0.4037912823,0.01919471736,0.06838234352,-6.307589195e-12,-4.951230112e-12,0.00504458208
11.1550682,26.875,trans,1,0,0.4037912823,4.05285401e-16,5.900175618e-17,-0.08847854577,-0.0597662889,0.01140046235
11.1550682,26.875,trans,-1,-1,0.09399378126,-0.05804705162,0.1040394954,-0.01218166317,-0.03611776914,0.01564656297
11.1550682,26.875,trans,-1,1,0.09399378126,-0.05804705162,0.1040394954,0.01218166317,0.03611776914,0.01564656297
11.1550682,26.875,trans,1,-1,0.09399378126,0.05804705154,-0.1040394954,-0.01218166317,-0.03611776913,0.01564656295
11.1550682,26.875,trans,1,1,0.09399378126,0.05804705154,-0.1040394954,0.01218166317,0.03611776913,0.01564656295
11.1550682,26.875,refl,0,0,0.5632583496,1.703748538e-17,-1.205596053e-16,-0.7938083745,-0.06200612345,0.6339764947
11.1550682,26.875,refl,-1,0,0.4037912823,4.696365441e-16,2.073333203e-16,0.08222845143,0.05729882313,0.01004467336
11.1550682,26.875,refl,0,-1,0.4037912823,0.01820625156,0.06881199279,-5.788973297e-12,-6.863485494e-12,0.005066557948
11.1550682,26.875,refl,0,1,0.4037912823,0.01820625156,0.06881199279,5.788981243e-12,6.863340661e-12,0.005066557948
11.1550682,26.875,refl,1,0,0.4037912823,4.483974969e-16,2.17918172e-16,0.08222845139,0.05729882312,0.01004467335
11.1550682,26.875,refl,-1,-1,0.09399378126,-0.05821702001,0.1043376696,0.01121974933,0.03553685925,0.01566432186
11.1550682,26.875,refl,-1,1,0.09399378126,-0.05821702001,0.1043376696,-0.01121974933,-0.03553685925,0.01566432186
11.1550682,26.875,refl,1,-1,0.09399378126,0.05821701994,-0.1043376695,0.01121974933,0.03553685925,0.01566432184
11.1550682,26.875,refl,1,1,0.09399378126,0.05821701994,-0.1043376695,-0.01121974933,-0.03553685925,0.01566432184
11.10342437,27,trans,0,0,0.5658781559,1.603444787e-16,-2.344581422e-16,0.2087310341,-0.09224037703,0.05207693177
11.10342437,27,trans,-1,0,0.4074377481,1.194015884e-16,1.066799133e-16,-0.08410892216,-0.06029026468,0.0107092268
11.10342437,27,trans,0,-1,0.4074377481,0.01403530191,0.06965807062,6.766009551e-12,5.173998507e-12,0.005049236502
11.10342437,27,trans,0,1,0.4074377481,0.01403530191,0.06965807062,-6.766445783e-12,-5.174066515e-12,0.005049236502
11.10342437,27,trans,1,0,0.4074377481,1.784364289e-16,8.554567545e-17,-0.08410892213,-0.06029026467,0.0107092268
11.10342437,27,trans,-1,-1,0.108595349,-0.06572572884,0.1037967403,-0.009123879183,-0.04105794564,0.0168626348
11.10342437,27,trans,-1,1,0.108595349,-0.06572572884,0.1037967403,0.009123879183,0.04105794564,0.0168626348
11.10342437,27,trans,1,-1,0.108595349,0.06572572877,-0.1037967402,-0.009123879183,-0.04105794563,0.01686263477
11.10342437,27,trans,1,1,0.108595349,0.06572572877,-0.1037967402,0.009123879183,0.04105794563,0.01686263477
11.10342437,27,refl,0,0,0.5658781559,6.461261757e-17,-7.82612498e-17,-0.7885627199,-0.07188386094,0.6269984526
11.10342437,27,refl,-1,0,0.4074377481,2.408010381e-16,3.051830954e-16,0.07789725947,0.05777844088,0.009406331264
11.10342437,27,refl,0,-1,0.4074377481,0.01323596709,0.07001116215,-6.54253968e-12,-7.14512823e-12,0.005076753651
11.10342437,27,refl,0,1,0.4074377481,0.01323596709,0.07001116215,6.542740177e-12,7.144986278e-12,0.005076753651
11.10342437,27,refl,1,0,0.4074377481,2.026849799e-16,2.353363001e-16,0.07789725943,0.05777844087,0.009406331256
11.10342437,27,refl,-1,-1,0.108595349,-0.06584018417,0.1040510299,0.008373737928,0.04058196444,0.01687856199
11.10342437,27,refl,-1,1,0.108595349,-0.06584018417,0.1040510299,-0.008373737928,-0.04058196444,0.01687856199
11.10342437,27,refl,1,-1,0.108595349,0.0658401841,-0.1040510298,0.008373737927,0.04058196444,0.01687856197
11.10342437,27,refl,1,1,0.108595349,0.0658401841,-0.1040510298,-0.008373737927,-0.04058196444,0.01687856197
11.05225652,27.125,trans,0,0,0.5684979622,1.931215841e-16,-1.51349076e-16,0.2152179423,-0.1013839537,0.05659746874
11.05225652,27.125,trans,-1,0,0.4110685639,9.558831841e-17,-1.953983251e-17,-0.08015856834,-0.06008765027,0.01003592179
11.05225652,27.125,trans,0,-1,0.4110685639,0.009780840157,0.06997965576,7.106169127e-12,5.424202092e-12,0.004992817054
11.05225652,27.125,trans,0,1,0.4110685639,0.009780840157,0.06997965576,-7.106726274e-12,-5.42438648e-12,0.004992817054
11.05225652,27.125,trans,1,0,0.4110685639,2.000073243e-16,4.089034326e-17,-0.0801585683,-0.06008765026,0.01003592179
11.05225652,27.125,trans,-1,-1,0.1215104748,-0.0715314407,0.1017514651,-0.00604808768,-0.04480357039,0.01751404695
11.05225652,27.125,trans,-1,1,0.1215104748,-0.0715314407,0.1017514651,0.00604808768,0.04480357039,0.01751404695
11.05225652,27.125,trans,1,-1,0.1215104748,0.07153144063,-0.1017514651,-0.00604808768,-0.04480357039,0.01751404693
11.05225652,27.125,trans,1,1,0.1215104748,0.07153144063,-0.1017514651,0.00604808768,0.04480357039,0.01751404693
11.05225652,27.125,refl,0,0,0.5684979622,8.483263316e-17,-2.570258752e-17,-0.7820342284,-0.08102352807,0.6181423464
11.05225652,27.125,refl,-1,0,0.4110685639,2.031832733e-16,1.758391271e-16,0.07405191161,0.05757129681,0.008798139829
11.05225652,27.125,refl,0,-1,0.4110685639,0.009172195428,0.07027635555,-7.263128712e-12,-7.407451936e-12,0.005022895319
11.05225652,27.125,refl,0,1,0.4110685639,0.009172195428,0.07027635555,7.263431173e-12,7.407418566e-12,0.005022895319
11.05225652,27.125,refl,1,0,0.4110685639,2.099224821e-16,1.895015174e-16,0.07405191157,0.0575712968,0.008798139822
11.05225652,27.125,refl,-1,-1,0.1215104748,-0.07152257079,0.1019667627,0.00536547177,0.04437992049,0.01751106446
11.05225652,27.125,refl,-1,1,0.1215104748,-0.07152257079,0.1019667627,-0.00536547177,-0.04437992049,0.01751106446
11.05225652,27.125,refl,1,-1,0.1215104748,0.07152257072,-0.1019667626,0.005365471769,0.04437992049,0.01751106443
11.05225652,27.125,refl,1,1,0.1215104748,0.07152257072,-0.1019667626,-0.005365471769,-0.04437992049,0.01751106443
11.00155809,27.25,trans,0,0,0.5711177685,2.346902655e-16,7.425803055e-18,0.2208484985,-0.1115357533,0.06121428357
11.00155809,27.25,trans,-1,0,0.4146841409,-1.033248757e-16,-2.068029388e-18,-0.07652826139,-0.06009202885,0.009467626723
11.00155809,27.25,trans,0,-1,0.4146841409,0.005786092996,0.06991162699,7.393433728e-12,5.632126035e-12,0.004921114461
11.00155809,27.25,trans,0,1,0.4146841409,0.005786092996,0.06991162699,-7.393699307e-12,-5.632278398e-12,0.004921114461
11.00155809,27.25,trans,1,0,0.4146841409,-2.680778836e-19,7.435331586e-17,-0.07652826136,-0.06009202884,0.009467626716
11.00155809,27.25,trans,-1,-1,0.1332305068,-0.07654427016,0.0990106807,-0.002974735241,-0.04779673483,0.0179555171
11.00155809,27.25,trans,-1,1,0.1332305068,-0.07654427016,0.0990106807,0.002974735241,0.04779673483,0.0179555171
11.00155809,27.25,trans,1,-1,0.1332305068,0.07654427009,-0.09901068064,-0.00297473524,-0.04779673482,0.01795551707
11.00155809,27.25,trans,1,1,0.1332305068,0.07654427009,-0.09901068064,0.00297473524,0.04779673482,0.01795551707
11.00155809,27.25,refl,0,0,0.5711177685,1.192994304e-16,1.220670718e-16,-0.7763551495,-0.0911676674,0.6110388618
11.00155809,27.25,refl,-1,0,0.4146841409,-1.600807933e-17,1.880183385e-16,0.07052220931,0.05758166754,0.008289030443
11.00155809,27.25,refl,0,-1,0.4146841409,0.005379539114,0.07016354838,-7.920352946e-12,-7.625571079e-12,0.004951862962
11.00155809,27.25,refl,0,1,0.4146841409,0.005379539114,0.07016354838,7.920350379e-12,7.6254777e-12,0.004951862962
11.00155809,27.25,refl,1,0,0.4146841409,-9.765694331e-18,2.146154942e-16,0.07052220927,0.05758166753,0.008289030436
11.00155809,27.25,refl,-1,-1,0.1332305068,-0.07641068218,0.09918964782,0.002318593659,0.04739399475,0.0179287452
11.00155809,27.25,refl,-1,1,0.1332305068,-0.07641068218,0.09918964782,-0.002318593659,-0.04739399475,0.0179287452
11.00155809,27.25,refl,1,-1,0.1332305068,0.07641068212,-0.09918964775,0.002318593659,0.04739399475,0.01792874518
11.00155809,27.25,refl,1,1,0.1332305068,0.07641068212,-0.09918964775,-0.002318593659,-0.04739399475,0.01792874518
10.95132267,27.375,trans,0,0,0.5737375748,1.561096263e-16,-2.277888872e-17,0.2259705186,-0.1224907032,0.06606664767
10.95132267,27.375,trans,-1,0,0.4182848741,8.596665031e-17,9.070996439e-17,-0.07312245103,-0.06025124694,0.008977105602
10.95132267,27.375,trans,0,-1,0.4182848741,0.001988515102,0.06953902382,7.642573852e-12,5.811510087e-12,0.004839630027
10.95132267,27.375,trans,0,1,0.4182848741,0.001988515102,0.06953902382,-7.642887976e-12,-5.811693581e-12,0.004839630027
10.95132267,27.375,trans,1,0,0.4182848741,2.521814645e-16,1.95896031e-16,-0.073122451,-0.06025124693,0.008977105596
10.95132267,27.375,trans,-1,-1,0.1440474476,-0.08097275295,0.09582939445,7.053417207e-05,-0.05019627734,0.01825953079
10.95132267,27.375,trans,-1,1,0.1440474476,-0.08097275295,0.09582939445,-7.053417206e-05,0.05019627734,0.01825953079
10.95132267,27.375,trans,1,-1,0.1440474476,0.08097275288,-0.09582939438,7.053417287e-05,-0.05019627733,0.01825953077
10.95132267,27.375,trans,1,1,0.1440474476,0.08097275288,-0.09582939438,-7.053417287e-05,0.05019627733,0.01825953077
10.95132267,27.375,refl,0,0,0.5737375748,3.400952591e-17,1.179799513e-16,-0.7711786761,-0.1021122747,0.6051434671
10.95132267,27.375,refl,-1,0,0.4182848741,1.571636999e-16,2.68314413e-16,0.06721374993,0.05775340299,0.007853143737
10.95132267,27.375,refl,0,-1,0.4182848741,0.001791598269,0.0697563658,-8.530260452e-12,-7.813822888e-12,0.004869160395
10.95132267,27.375,refl,0,1,0.4182848741,0.001791598269,0.0697563658,8.530287882e-12,7.813743875e-12,0.004869160395
10.95132267,27.375,refl,1,0,0.4182848741,2.261642448e-16,3.191559231e-16,0.06721374989,0.05775340298,0.00785314373
10.95132267,27.375,refl,-1,-1,0.1440474476,-0.08071471727,0.09597429253,-0.000726878637,0.04979091854,0.01820559433
10.95132267,27.375,refl,-1,1,0.1440474476,-0.08071471727,0.09597429253,0.000726878637,-0.04979091854,0.01820559433
10.95132267,27.375,refl,1,-1,0.1440474476,0.0807147172,-0.09597429246,-0.0007268786374,0.04979091853,0.01820559431
10.95132267,27.375,refl,1,1,0.1440474476,0.0807147172,-0.09597429246,0.0007268786374,-0.04979091853,0.01820559431
10.90154393,27.5,trans,0,0,0.576357381,1.896836819e-16,-1.072606757e-16,0.2308128754,-0.1341007444,0.0712575931
10.90154393,27.5,trans,-1,0,0.4218711437,1.760274211e-18,7.664683347e-17,-0.06987979837,-0.06052740824,0.008546753369
10.90154393,27.5,trans,0,-1,0.4218711437,-0.001652677838,0.06891447848,7.863917344e-12,5.969897958e-12,0.004751936688
10.90154393,27.5,trans,0,1,0.4218711437,-0.001652677838,0.06891447848,-7.864061325e-12,-5.970193288e-12,0.004751936688
10.90154393,27.5,trans,1,0,0.4218711437,1.831434232e-16,2.495656852e-16,-0.06987979834,-0.06052740823,0.008546753363
10.90154393,27.5,trans,-1,-1,0.1541515266,-0.08495200028,0.09235361036,0.003077056529,-0.05211037719,0.01847099139
10.90154393,27.5,trans,-1,1,0.1541515266,-0.08495200028,0.09235361036,-0.003077056529,0.05211037719,0.01847099139
10.90154393,27.5,trans,1,-1,0.1541515266,0.08495200021,-0.09235361028,0.00307705653,-0.05211037718,0.01847099136
10.90154393,27.5,trans,1,1,0.1541515266,0.08495200021,-0.09235361028,-0.00307705653,0.05211037718,0.01847099136
10.90154393,27.5,refl,0,0,0.576357381,5.510497124e-17,-2.808248372e-17,-0.766276543,-0.1137099617,0.6001096957
10.90154393,27.5,refl,-1,0,0.4218711437,5.205917348e-17,2.565599663e-16,0.06406614092,0.05804605485,0.007473814897
10.90154393,27.5,refl,0,-1,0.4218711437,-0.001635027588,0.06910633022,-9.10402176e-12,-7.980070836e-12,0.004778358192
10.90154393,27.5,refl,0,1,0.4218711437,-0.001635027588,0.06910633022,9.103868774e-12,7.98009314e-12,0.004778358192
10.90154393,27.5,refl,1,0,0.4218711437,1.375261043e-16,3.720451903e-16,0.06406614088,0.05804605484,0.00747381489
10.90154393,27.5,refl,-1,-1,0.1541515266,-0.0845706172,0.09246630672,-0.003751779618,0.05168404666,0.0183875237
10.90154393,27.5,refl,-1,1,0.1541515266,-0.0845706172,0.09246630672,0.003751779618,-0.05168404666,0.0183875237
10.90154393,27.5,refl,1,-1,0.1541515266,0.08457061713,-0.09246630665,-0.003751779619,0.05168404665,0.01838752368
10.90154393,27.5,refl,1,1,0.1541515266,0.08457061713,-0.09246630665,0.003751779619,-0.05168404665,0.01838752368
10.85221567,27.625,trans,0,0,0.5789771873,4.457319987e-17,-1.606695646e-16,0.2355357514,-0.1462521664,0.07686678633
10.85221567,27.625,trans,-1,0,0.4254433155,1.044590918e-16,9.512444952e-17,-0.06675880023,-0.06089152242,0.008164514911
10.85221567,27.625,trans,0,-1,0.4254433155,-0.005164943351,0.0680723185,8.064261445e-12,6.111901816e-12,0.004660517186
10.85221567,27.625,trans,0,1,0.4254433155,-0.005164943351,0.0680723185,-8.064260618e-12,-6.112051157e-12,0.004660517186
10.85221567,27.625,trans,1,0,0.4254433155,3.256012116e-16,2.902351414e-16,-0.06675880019,-0.06089152241,0.008164514904
10.85221567,27.625,trans,-1,-1,0.1636748175,-0.08857401451,0.08867241382,0.006040902251,-0.05361648117,0.01861937257
10.85221567,27.625,trans,-1,1,0.1636748175,-0.08857401451,0.08867241382,-0.006040902251,0.05361648117,0.01861937257
10.85221567,27.625,trans,1,-1,0.1636748175,0.08857401444,-0.08867241374,0.006040902251,-0.05361648116,0.01861937255
10.85221567,27.625,trans,1,1,0.1636748175,0.08857401444,-0.08867241374,-0.006040902251,0.05361648116,0.01861937255
10.85221567,27.625,refl,0,0,0.5789771873,-8.92984782e-17,-7.302956466e-17,-0.7614889608,-0.1258474324,0.5957030137
10.85221567,27.625,refl,-1,0,0.4254433155,1.452425882e-16,2.64046284e-16,0.06103866528,0.05842893406,0.007139658995
10.85221567,27.625,refl,0,-1,0.4254433155,-0.00492967907,0.06824686744,-9.649033614e-12,-8.129107106e-12,0.004681936651
10.85221567,27.625,refl,0,1,0.4254433155,-0.00492967907,0.06824686744,9.648716897e-12,8.128970624e-12,0.004681936651
10.85221567,27.625,refl,1,0,0.4254433155,2.71186174e-16,4.0244532e-16,0.06103866524,0.05842893405,0.007139658988
10.85221567,27.625,refl,-1,-1,0.1636748175,-0.08807077636,0.08875445729,-0.006746769403,0.05315447463,0.01850473241
10.85221567,27.625,refl,-1,1,0.1636748175,-0.08807077636,0.08875445729,0.006746769403,-0.05315447463,0.01850473241
10.85221567,27.625,refl,1,-1,0.1636748175,0.0880707763,-0.08875445722,-0.006746769403,0.05315447462,0.01850473238
10.85221567,27.625,refl,1,1,0.1636748175,0.0880707763,-0.08875445722,0.006746769403,-0.05315447462,0.01850473238
10.80333182,27.75,trans,0,0,0.5815969936,1.389530526e-16,-3.906574739e-17,0.2402564672,-0.1588534134,0.08295757702
10.80333182,27.75,trans,-1,0,0.4290017415,-1.733039859e-16,8.418799865e-17,-0.06373035979,-0.06132058824,0.007821773301
10.80333182,27.75,trans,0,-1,0.4290017415,-0.008566927059,0.06703580155,8.248575376e-12,6.239974609e-12,0.004567190929
10.80333182,27.75,trans,0,1,0.4290017415,-0.008566927059,0.06703580155,-8.24838496e-12,-6.240306256e-12,0.004567190929
10.80333182,27.75,trans,1,0,0.4290017415,4.437021711e-17,3.245785804e-16,-0.06373035975,-0.06132058822,0.007821773294
10.80333182,27.75,trans,-1,-1,0.1727134199,-0.09190359415,0.08484274551,0.008961168644,-0.05477210499,0.01872484811
10.80333182,27.75,trans,-1,1,0.1727134199,-0.09190359415,0.08484274551,-0.008961168644,0.05477210499,0.01872484811
10.80333182,27.75,trans,1,-1,0.1727134199,0.09190359409,-0.08484274543,0.008961168645,-0.05477210498,0.01872484809
10.80333182,27.75,trans,1,1,0.1727134199,0.09190359409,-0.08484274543,-0.008961168645,0.05477210498,0.01872484809
10.80333182,27.75,refl,0,0,0.5815969936,1.501540336e-18,3.705603534e-17,-0.7566988825,-0.1384333705,0.5917569968
10.80333182,27.75,refl,-1,0,0.4290017415,-1.557171121e-16,2.453826891e-16,0.05810288336,0.05887788115,0.006842549943
10.80333182,27.75,refl,0,-1,0.4290017415,-0.008112418265,0.06720048363,-1.01706926e-11,-8.263493393e-12,0.00458171633
10.80333182,27.75,refl,0,1,0.4290017415,-0.008112418265,0.06720048363,1.017016749e-11,8.263517537e-12,0.00458171633
10.80333182,27.75,refl,1,0,0.4290017415,-2.333924715e-17,4.204820017e-16,0.05810288331,0.05887788114,0.006842549936
10.80333182,27.75,refl,-1,-1,0.1727134199,-0.09128014524,0.08489545398,-0.009707316407,0.05426242051,0.01857794529
10.80333182,27.75,refl,-1,1,0.1727134199,-0.09128014524,0.08489545398,0.009707316407,-0.05426242051,0.01857794529
10.80333182,27.75,refl,1,-1,0.1727134199,0.09128014518,-0.0848954539,-0.009707316407,0.0542624205,0.01857794527
10.80333182,27.75,refl,1,1,0.1727134199,0.09128014518,-0.0848954539,0.009707316407,-0.0542624205,0.01857794527
10.75488639,27.875,trans,0,0,0.5842167999,3.554334183e-17,-2.836517933e-18,0.2450639548,-0.171827915,0.08958117431
10.75488639,27.875,trans,-1,0,0.432546761,-2.165198868e-16,1.511906106e-16,-0.06077359275,-0.06179585734,0.00751215756
10.75488639,27.875,trans,0,-1,0.432546761,-0.01187110946,0.0658211763,8.420566667e-12,6.356273678e-12,0.00447335049
10.75488639,27.875,trans,0,1,0.432546761,-0.01187110946,0.0658211763,-8.41993486e-12,-6.356412191e-12,0.00447335049
10.75488639,27.875,trans,1,0,0.432546761,1.993403712e-18,4.43033975e-16,-0.06077359271,-0.06179585733,0.007512157554
10.75488639,27.875,trans,-1,-1,0.1813398239,-0.09498744842,0.08090234854,0.01183819128,-0.05562119829,0.01880166583
10.75488639,27.875,trans,-1,1,0.1813398239,-0.09498744842,0.08090234854,-0.01183819128,0.05562119829,0.01880166583
10.75488639,27.875,trans,1,-1,0.1813398239,0.09498744835,-0.08090234846,0.01183819128,-0.05562119829,0.0188016658
10.75488639,27.875,trans,1,1,0.1813398239,0.09498744835,-0.08090234846,-0.01183819128,0.05562119829,0.0188016658
10.75488639,27.875,refl,0,0,0.5842167999,-1.233817899e-16,6.072221735e-17,-0.7518175832,-0.1513913201,0.5881490103
10.75488639,27.875,refl,-1,0,0.432546761,-2.112645498e-16,3.118680107e-16,0.05523846265,0.0593733499,0.006576482435
10.75488639,27.875,refl,0,-1,0.432546761,-0.01119682872,0.06598278806,-1.067303432e-11,-8.385447738e-12,0.004479097293
10.75488639,27.875,refl,0,1,0.432546761,-0.01119682872,0.06598278806,1.067206001e-11,8.3852659e-12,0.004479097293
10.75488639,27.875,refl,1,0,0.432546761,-7.574934106e-17,5.34449657e-16,0.0552384626,0.05937334989,0.006576482428
10.75488639,27.875,refl,-1,-1,0.1813398239,-0.0942454522,0.08092689017,-0.01263122403,0.0550539071,0.01862184732
10.75488639,27.875,refl,-1,1,0.1813398239,-0.0942454522,0.08092689017,0.01263122403,-0.0550539071,0.01862184732
10.75488639,27.875,refl,1,-1,0.1813398239,0.09424545214,-0.08092689009,-0.01263122403,0.05505390709,0.0186218473
10.75488639,27.875,refl,1,1,0.1813398239,0.09424545214,-0.08092689009,0.01263122403,-0.05505390709,0.0186218473
10.7068735,28,trans,0,0,0.5868366061,4.734238872e-17,-1.474190918e-17,0.2500273979,-0.1851095897,0.0967792599
10.7068735,28,trans,-1,0,0.4360787011,-2.567589603e-16,5.996779236e-17,-0.05787329758,-0.06230173273,0.007230824475
10.7068735,28,trans,0,-1,0.4360787011,-0.01508546794,0.06444012303,8.582288664e-12,6.461572104e-12,0.004380100799
10.7068735,28,trans,0,1,0.4360787011,-0.01508546794,0.06444012303,-8.58229364e-12,-6.462085661e-12,0.004380100799
10.7068735,28,trans,1,0,0.4360787011,-1.31588519e-17,3.691739205e-16,-0.05787329754,-0.06230173272,0.007230824468
10.7068735,28,trans,-1,-1,0.1896102971,-0.09785977431,0.07687702526,0.01467264699,-0.05619813656,0.01886012956
10.7068735,28,trans,-1,1,0.1896102971,-0.09785977431,0.07687702526,-0.01467264699,0.05619813656,0.01886012956
10.7068735,28,trans,1,-1,0.1896102971,0.09785977425,-0.07687702518,0.01467264699,-0.05619813655,0.01886012954
10.7068735,28,trans,1,1,0.1896102971,0.09785977425,-0.07687702518,-0.01467264699,0.05619813655,0.01886012954
10.7068735,28,refl,0,0,0.5868366061,-1.151123429e-16,5.628683384e-17,-0.7467760504,-0.1646552237,0.5847858121
10.7068735,28,refl,-1,0,0.4360787011,-2.660454525e-16,2.115455754e-16,0.0524306664,0.05989919529,0.006336888376
10.7068735,28,refl,0,-1,0.4360787011,-0.01419177133,0.06460490707,-1.115837361e-11,-8.495796744e-12,0.004375200391
10.7068735,28,refl,0,1,0.4360787011,-0.01419177133,0.06460490707,1.115800995e-11,8.495969039e-12,0.004375200391
10.7068735,28,refl,1,0,0.4360787011,-1.132665208e-16,4.469438109e-16,0.05243066635,0.05989919528,0.006336888369
10.7068735,28,refl,-1,-1,0.1896102971,-0.09700084231,0.07687448832,-0.01551734684,0.05556494242,0.01864710124
10.7068735,28,refl,-1,1,0.1896102971,-0.09700084231,0.07687448832,0.01551734684,-0.05556494242,0.01864710124
10.7068735,28,refl,1,-1,0.1896102971,0.09700084226,-0.07687448824,-0.01551734684,0.05556494241,0.01864710122
10.7068735,28,refl,1,1,0.1896102971,0.09700084226,-0.07687448824,0.01551734684,-0.05556494241,0.01864710122
10.6592874,28.125,trans,0,0,0.5894564124,4.974040802e-17,4.472724203e-17,0.2568799274,-0.1966629075,0.1046635963
10.6592874,28.125,trans,-1,0,0.4395978769,-3.946079311e-16,6.379920569e-17,-0.05516576867,-0.06222731565,0.006915500846
10.6592874,28.125,trans,0,-1,0.4395978769,-0.01752584603,0.06289296009,8.796957938e-12,6.729073751e-12,0.004262679708
10.6592874,28.125,trans,0,1,0.4395978769,-0.01752584603,0.06289296009,-8.796685795e-12,-6.729481124e-12,0.004262679708
10.6592874,28.125,trans,1,0,0.4395978769,-1.261085217e-16,3.016494554e-16,-0.05516576862,-0.06222731564,0.006915500839
10.6592874,28.125,trans,-1,-1,0.1975695437,-0.09959314238,0.07273842599,0.01714845221,-0.056359447,0.0186801293
10.6592874,28.125,trans,-1,1,0.1975695437,-0.09959314238,0.07273842599,-0.01714845221,0.056359447,0.0186801293
10.6592874,28.125,trans,1,-1,0.1975695437,0.09959314231,-0.07273842591,0.01714845221,-0.05635944699,0.01868012928
10.6592874,28.125,trans,1,1,0.1975695437,0.09959314231,-0.07273842591,-0.01714845221,0.05635944699,0.01868012928
10.6592874,28.125,refl,0,0,0.5894564124,-1.178905542e-16,1.376115775e-16,-0.7398324665,-0.1761613549,0.5783849015
10.6592874,28.125,refl,-1,0,0.4395978769,-4.156437548e-16,2.07289774e-16,0.0498606821,0.05985520235,0.006068732868
10.6592874,28.125,refl,0,-1,0.4395978769,-0.01650628178,0.06304624587,-1.165459633e-11,-8.706637348e-12,0.004247286457
10.6592874,28.125,refl,0,1,0.4395978769,-0.01650628178,0.06304624587,1.165394334e-11,8.706671269e-12,0.004247286457
10.6592874,28.125,refl,1,0,0.4395978769,-2.344447876e-16,3.674529175e-16,0.04986068205,0.05985520234,0.006068732861
10.6592874,28.125,refl,-1,-1,0.1975695437,-0.09858039353,0.07272334093,-0.01805467874,0.05565700265,0.01843045167
10.6592874,28.125,refl,-1,1,0.1975695437,-0.09858039353,0.07272334093,0.01805467874,-0.05565700265,0.01843045167
10.6592874,28.125,refl,1,-1,0.1975695437,0.09858039347,-0.07272334085,-0.01805467874,0.05565700264,0.01843045165
10.6592874,28.125,refl,1,1,0.1975695437,0.09858039347,-0.07272334085,0.01805467874,-0.05565700264,0.01843045165
10.61212241,28.25,trans,0,0,0.5920762187,-5.964425517e-17,3.069892293e-17,0.2639495729,-0.2083977813,0.1130990123
10.61212241,28.25,trans,-1,0,0.4431045926,-1.742999774e-16,6.191404754e-17,-0.05248978452,-0.06218240839,0.006621829393
10.61212241,28.25,trans,0,-1,0.4431045926,-0.01984837525,0.06123492777,9.010784836e-12,6.982895542e-12,0.004143674379
10.61212241,28.25,trans,0,1,0.4431045926,-0.01984837525,0.06123492777,-9.010639352e-12,-6.98318334e-12,0.004143674379
10.61212241,28.25,trans,1,0,0.4431045926,1.772482653e-17,2.974348738e-16,-0.05248978448,-0.06218240838,0.006621829387
10.61212241,28.25,trans,-1,-1,0.2052537727,-0.1011427823,0.06858898723,0.01954744353,-0.05630740418,0.01848693789
10.61212241,28.25,trans,-1,1,0.2052537727,-0.1011427823,0.06858898723,-0.01954744353,0.05630740418,0.01848693789
10.61212241,28.25,trans,1,-1,0.2052537727,0.1011427822,-0.06858898715,0.01954744353,-0.05630740417,0.01848693786
10.61212241,28.25,trans,1,1,0.2052537727,0.1011427822,-0.06858898715,-0.01954744353,0.05630740417,0.01848693786
10.61212241,28.25,refl,0,0,0.5920762187,-2.333253154e-16,5.675241092e-17,-0.7326693888,-0.1878460779,0.5720905823
10.61212241,28.25,refl,-1,0,0.4431045926,-1.955346705e-16,1.978862812e-16,0.04732220532,0.05983947021,0.005820153311
10.61212241,28.25,refl,0,-1,0.4431045926,-0.0187048857,0.06138148402,-1.214271988e-11,-8.904097301e-12,0.004117559329
10.61212241,28.25,refl,0,1,0.4431045926,-0.0187048857,0.06138148402,1.21421786e-11,8.903998549e-12,0.004117559329
10.61212241,28.25,refl,1,0,0.4431045926,-8.823804734e-17,3.5148682e-16,0.04732220527,0.0598394702,0.005820153305
10.61212241,28.25,refl,-1,-1,0.2052537727,-0.09998235239,0.06856365585,-0.02051108592,0.05553440431,0.0182022204
10.61212241,28.25,refl,-1,1,0.2052537727,-0.09998235239,0.06856365585,0.02051108592,-0.05553440431,0.0182022204
10.61212241,28.25,refl,1,-1,0.2052537727,0.09998235233,-0.06856365577,-0.02051108592,0.05553440429,0.01820222038
10.61212241,28.25,refl,1,1,0.2052537727,0.09998235233,-0.06856365577,0.02051108592,-0.05553440429,0.01820222038
10.56537297,28.375,trans,0,0,0.594696025,-5.237867168e-17,-2.172374605e-16,0.2712634476,-0.2202594038,0.1220980629
10.56537297,28.375,trans,-1,0,0.4465991417,-1.230842221e-16,-1.720018651e-17,-0.04984061599,-0.06215570141,0.00634741822
10.56537297,28.375,trans,0,-1,0.4465991417,-0.0220577239,0.0594737708,9.224916433e-12,7.223345287e-12,0.004023672596
10.56537297,28.375,trans,0,1,0.4465991417,-0.0220577239,0.0594737708,-9.224740389e-12,-7.223546807e-12,0.004023672596
10.56537297,28.375,trans,1,0,0.4465991417,5.192181491e-17,1.806149823e-16,-0.04984061595,-0.06215570139,0.006347418214
10.56537297,28.375,trans,-1,-1,0.2126927939,-0.1025284238,0.06443714027,0.02187231349,-0.05606244458,0.01828561852
10.56537297,28.375,trans,-1,1,0.2126927939,-0.1025284238,0.06443714027,-0.02187231349,0.05606244458,0.01828561852
10.56537297,28.375,trans,1,-1,0.2126927939,0.1025284237,-0.06443714018,0.02187231349,-0.05606244457,0.0182856185
10.56537297,28.375,trans,1,1,0.2126927939,0.1025284237,-0.06443714018,-0.02187231349,0.05606244457,0.0182856185
10.56537297,28.375,refl,0,0,0.594696025,-2.240513995e-16,-1.410309582e-16,-0.7252599452,-0.1996546393,0.5658639631
10.56537297,28.375,refl,-1,0,0.4465991417,-1.697617601e-16,1.0721247e-16,0.04481085788,0.0598406433,0.005588915575
10.56537297,28.375,refl,0,-1,0.4465991417,-0.02079281626,0.05961780477,-1.262413028e-11,-9.088514508e-12,0.003986623854
10.56537297,28.375,refl,0,1,0.4465991417,-0.02079281626,0.05961780477,1.262355323e-11,9.088303709e-12,0.003986623854
10.56537297,28.375,refl,1,0,0.4465991417,-7.519112327e-17,2.216227969e-16,0.04481085783,0.05984064329,0.005588915569
10.56537297,28.375,refl,-1,-1,0.2126927939,-0.1012260983,0.06440363281,-0.02288966709,0.05521852759,0.01796757355
10.56537297,28.375,refl,-1,1,0.2126927939,-0.1012260983,0.06440363281,0.02288966709,-0.05521852759,0.01796757355
10.56537297,28.375,refl,1,-1,0.2126927939,0.1012260983,-0.06440363273,-0.02288966709,0.05521852758,0.01796757353
10.56537297,28.375,refl,1,1,0.2126927939,0.1012260983,-0.06440363273,0.02288966709,-0.05521852758,0.01796757353
10.51903361,28.5,trans,0,0,0.5973158313,-1.281747135e-16,-1.556097304e-16,0.2788418739,-0.2321983314,0.1316688557
10.51903361,28.5,trans,-1,0,0.4500818076,-2.17242199e-16,1.014724874e-17,-0.04721512929,-0.06213753011,0.006090341082
10.51903361,28.5,trans,0,-1,0.4500818076,-0.02415677396,0.05761624724,9.439979604e-12,7.450796039e-12,0.003903181674
10.51903361,28.5,trans,0,1,0.4500818076,-0.02415677396,0.05761624724,-9.439712377e-12,-7.45081796e-12,0.003903181674
10.51903361,28.5,trans,1,0,0.4500818076,-6.643397732e-17,1.744879994e-16,-0.04721512924,-0.06213753009,0.006090341075
10.51903361,28.5,trans,-1,-1,0.219911493,-0.1037653811,0.06028922168,0.02412517584,-0.05564180832,0.0180800795
10.51903361,28.5,trans,-1,1,0.219911493,-0.1037653811,0.06028922168,-0.02412517584,0.05564180832,0.0180800795
10.51903361,28.5,trans,1,-1,0.219911493,0.103765381,-0.0602892216,0.02412517584,-0.05564180831,0.01808007948
10.51903361,28.5,trans,1,1,0.219911493,0.103765381,-0.0602892216,-0.02412517584,0.05564180831,0.01808007948
10.51903361,28.5,refl,0,0,0.5973158313,-3.100395944e-16,-1.040562225e-16,-0.7175840497,-0.2115376206,0.5596750334
10.51903361,28.5,refl,-1,0,0.4500818076,-2.754965143e-16,1.290444782e-16,0.04232377555,0.05984907648,0.005373213932
10.51903361,28.5,refl,0,-1,0.4500818076,-0.02277340185,0.0577614529,-1.309968106e-11,-9.260259108e-12,0.003855013273
10.51903361,28.5,refl,0,1,0.4500818076,-0.02277340185,0.0577614529,1.309900698e-11,9.259849413e-12,0.003855013273
10.51903361,28.5,refl,1,0,0.4500818076,-2.017420832e-16,2.043540761e-16,0.0423237755,0.05984907646,0.005373213926
10.51903361,28.5,refl,-1,-1,0.219911493,-0.1023266033,0.06024944502,-0.02519293945,0.05472732455,0.01773049361
10.51903361,28.5,refl,-1,1,0.219911493,-0.1023266033,0.06024944502,0.02519293945,-0.05472732455,0.01773049361
10.51903361,28.5,refl,1,-1,0.219911493,0.1023266032,-0.06024944494,-0.02519293945,0.05472732454,0.01773049359
10.51903361,28.5,refl,1,1,0.219911493,0.1023266032,-0.06024944494,0.02519293945,-0.05472732454,0.01773049359
10.47309897,28.625,trans,0,0,0.5999356375,-1.629010905e-16,-8.54069098e-17,0.2866996791,-0.2441694764,0.1418154392
10.47309897,28.625,trans,-1,0,0.453552864,-2.2536717e-16,4.430134906e-18,-0.04461141448,-0.06211959664,0.00584902259
10.47309897,28.625,trans,0,-1,0.453552864,-0.02614702245,0.0556684979,9.6563278e-12,7.665349575e-12,0.003782648441
10.47309897,28.625,trans,0,1,0.453552864,-0.02614702245,0.0556684979,-9.656239691e-12,-7.665511032e-12,0.003782648441
10.47309897,28.625,trans,1,0,0.453552864,-7.498067102e-17,1.350298317e-16,-0.04461141444,-0.06211959663,0.005849022583
10.47309897,28.625,trans,-1,-1,0.2269308962,-0.1048656103,0.0561501966,0.02630759838,-0.05506026251,0.01787336304
10.47309897,28.625,trans,-1,1,0.2269308962,-0.1048656103,0.0561501966,-0.02630759838,0.05506026251,0.01787336304
10.47309897,28.625,trans,1,-1,0.2269308962,0.1048656102,-0.05615019652,0.02630759838,-0.0550602625,0.01787336301
10.47309897,28.625,trans,1,1,0.2269308962,0.1048656102,-0.05615019652,-0.02630759838,0.0550602625,0.01787336301
10.47309897,28.625,refl,0,0,0.5999356375,-3.557202867e-16,-5.843450483e-17,-0.7096271112,-0.2234499388,0.5535005121
10.47309897,28.625,refl,-1,0,0.453552864,-2.856714248e-16,1.140695965e-16,0.03985925094,0.05985653717,0.005171564927
10.47309897,28.625,refl,0,-1,0.453552864,-0.02464849136,0.05581809822,-1.356992888e-11,-9.419456085e-12,0.003723208216
10.47309897,28.625,refl,0,1,0.453552864,-0.02464849136,0.05581809822,1.356943211e-11,9.419166264e-12,0.003723208216
10.47309897,28.625,refl,1,0,0.453552864,-2.076976492e-16,1.51559932e-16,0.03985925089,0.05985653715,0.005171564921
10.47309897,28.625,refl,-1,-1,0.2269308962,-0.1032954995,0.05610594699,-0.02742285988,0.05407609665,0.01749407497
10.47309897,28.625,refl,-1,1,0.2269308962,-0.1032954995,0.05610594699,0.02742285988,-0.05407609665,0.01749407497
10.47309897,28.625,refl,1,-1,0.2269308962,0.1032954994,-0.05610594691,-0.02742285988,0.05407609664,0.01749407495
10.47309897,28.625,refl,1,1,0.2269308962,0.1032954994,-0.05610594691,0.02742285988,-0.05407609664,0.01749407495
10.42756376,28.75,trans,0,0,0.6025554438,-1.766155273e-16,-1.804731199e-16,0.2948471343,-0.2561313652,0.1525381088
10.42756376,28.75,trans,-1,0,0.4570125754,-5.286746803e-17,-9.745388089e-18,-0.04202851175,-0.0620947566,0.005622154596
10.42756376,28.75,trans,0,-1,0.4570125754,-0.02802889705,0.053636311,9.874645022e-12,7.867654507e-12,0.003662472927
10.42756376,28.75,trans,0,1,0.4570125754,-0.02802889705,0.053636311,-9.874467802e-12,-7.867575764e-12,0.003662472927
10.42756376,28.75,trans,1,0,0.4570125754,6.685437218e-17,5.786639767e-17,-0.0420285117,-0.06209475658,0.00562215459
10.42756376,28.75,trans,-1,-1,0.2337689572,-0.1058384947,0.05202414194,0.02842065403,-0.05433064347,0.01766785069
10.42756376,28.75,trans,-1,1,0.2337689572,-0.1058384947,0.05202414194,-0.02842065403,0.05433064347,0.01766785069
10.42756376,28.75,trans,1,-1,0.2337689572,0.1058384946,-0.05202414186,0.02842065403,-0.05433064346,0.01766785067
10.42756376,28.75,trans,1,1,0.2337689572,0.1058384946,-0.05202414186,-0.02842065403,0.05433064346,0.01766785067
10.42756376,28.75,refl,0,0,0.6025554438,-3.665890869e-16,-9.908825334e-17,-0.7013790961,-0.2353501122,0.5473223118
10.42756376,28.75,refl,-1,0,0.4570125754,-1.432016613e-16,1.006602651e-16,0.0374164712,0.05985597793,0.004982730411
10.42756376,28.75,refl,0,-1,0.4570125754,-0.02641878767,0.0537930952,-1.403574702e-11,-9.566769329e-12,0.003591649433
10.42756376,28.75,refl,0,1,0.4570125754,-0.02641878767,0.0537930952,1.403514948e-11,9.566212534e-12,0.003591649433
10.42756376,28.75,refl,1,0,0.4570125754,-7.350278029e-17,6.738456169e-17,0.03741647115,0.05985597791,0.004982730405
10.42756376,28.75,refl,-1,-1,0.2337689572,-0.1041418705,0.05197714545,-0.02958086936,0.05327807668,0.01726073413
10.42756376,28.75,refl,-1,1,0.2337689572,-0.1041418705,0.05197714545,0.02958086936,-0.05327807668,0.01726073413
10.42756376,28.75,refl,1,-1,0.2337689572,0.1041418705,-0.05197714536,-0.02958086936,0.05327807667,0.01726073411
10.42756376,28.75,refl,1,1,0.2337689572,0.1041418705,-0.05197714536,0.02958086936,-0.05327807667,0.01726073411
10.38242279,28.875,trans,0,0,0.6051752501,-1.95085817e-16,-9.462987917e-17,0.3032906499,-0.2680455907,0.1638336571
10.38242279,28.875,trans,-1,0,0.4604611977,-1.292943653e-16,-5.580098911e-17,-0.03946620521,-0.06205685247,0.005408634292
10.38242279,28.875,trans,0,-1,0.4604611977,-0.02980200985,0.05152531343,1.009500171e-11,8.057664173e-12,0.003543017715
10.38242279,28.875,trans,0,1,0.4604611977,-0.02980200985,0.05152531343,-1.009501509e-11,-8.057640728e-12,0.003543017715
10.38242279,28.875,trans,1,0,0.4604611977,-2.365648739e-18,-1.330260929e-17,-0.03946620516,-0.06205685245,0.005408634286
10.38242279,28.875,trans,-1,-1,0.2404411483,-0.1066914367,0.04791457239,0.03046497961,-0.0534642691,0.01746541196
10.38242279,28.875,trans,-1,1,0.2404411483,-0.1066914367,0.04791457239,-0.03046497961,0.0534642691,0.01746541196
10.38242279,28.875,trans,1,-1,0.2404411483,0.1066914366,-0.0479145723,0.03046497961,-0.05346426909,0.01746541193
10.38242279,28.875,trans,1,1,0.2404411483,0.1066914366,-0.0479145723,-0.03046497961,0.05346426909,0.01746541193
10.38242279,28.875,refl,0,0,0.6051752501,-4.094591148e-16,-5.417196572e-17,-0.6928338347,-0.2471997189,0.5411264235
10.38242279,28.875,refl,-1,0,0.4604611977,-2.142244869e-16,4.22568171e-17,0.03499532109,0.05984135965,0.004805660823
10.38242279,28.875,refl,0,-1,0.4604611977,-0.02808411508,0.05169166998,-1.449737375e-11,-9.702162786e-12,0.003460746265
10.38242279,28.875,refl,0,1,0.4604611977,-0.02808411508,0.05169166998,1.449695796e-11,9.701639215e-12,0.003460746265
10.38242279,28.875,refl,1,0,0.4604611977,-1.497688885e-16,-1.576821501e-17,0.03499532104,0.05984135963,0.004805660817
10.38242279,28.875,refl,-1,-1,0.2404411483,-0.104872846,0.04786651544,-0.03166794817,0.05234487076,0.01703236157
10.38242279,28.875,refl,-1,1,0.2404411483,-0.104872846,0.04786651544,0.03166794817,-0.05234487076,0.01703236157
10.38242279,28.875,refl,1,-1,0.2404411483,0.104872846,-0.04786651535,-0.03166794817,0.05234487075,0.01703236155
10.38242279,28.875,refl,1,1,0.2404411483,0.104872846,-0.04786651535,0.03166794817,-0.05234487075,0.01703236155
10.33767097,29,trans,0,0,0.6077950564,-2.37204602e-16,-2.401308067e-16,0.312033303,-0.2798764087,0.1756955863
10.33767097,29,trans,-1,0,0.463898978,-5.634789515e-17,-8.043220913e-17,-0.0369248647,-0.06200058163,0.005207517755
10.33767097,29,trans,0,-1,0.463898978,-0.03146536576,0.04934110914,1.031797035e-11,8.235944028e-12,0.003424614294
10.33767097,29,trans,0,1,0.463898978,-0.03146536576,0.04934110914,-1.031786148e-11,-8.235731665e-12,0.003424614294
10.33767097,29,trans,1,0,0.463898978,6.958973296e-17,-6.494766902e-17,-0.03692486464,-0.06200058161,0.005207517749
10.33767097,29,trans,-1,-1,0.2469609139,-0.1074303109,0.04382466116,0.03244083673,-0.05247125635,0.01726751325
10.33767097,29,trans,-1,1,0.2469609139,-0.1074303109,0.04382466116,-0.03244083673,0.05247125635,0.01726751325
10.33767097,29,trans,1,-1,0.2469609139,0.1074303108,-0.04382466107,0.03244083673,-0.05247125635,0.01726751322
10.33767097,29,trans,1,1,0.2469609139,0.1074303108,-0.04382466107,-0.03244083673,0.05247125635,0.01726751322
10.33767097,29,refl,0,0,0.6077950564,-4.764728335e-16,-1.784683984e-16,-0.6839884936,-0.258962997,0.5349020932
10.33767097,29,refl,-1,0,0.463898978,-1.449841072e-16,9.613937042e-18,0.03259623208,0.0598075118,0.004639452814
10.33767097,29,refl,0,-1,0.463898978,-0.02964363817,0.04951905522,-1.49555401e-11,-9.826222417e-12,0.003330882114
10.33767097,29,refl,0,1,0.463898978,-0.02964363817,0.04951905522,1.495500013e-11,9.825488096e-12,0.003330882114
10.33767097,29,refl,1,0,0.463898978,-7.689500588e-17,-7.872544672e-17,0.03259623203,0.05980751179,0.004639452809
10.33767097,29,refl,-1,-1,0.2469609139,-0.1054940559,0.04377721322,-0.03368467504,0.05128679825,0.01681043323
10.33767097,29,refl,-1,1,0.2469609139,-0.1054940559,0.04377721322,0.03368467504,-0.05128679825,0.01681043323
10.33767097,29,refl,1,-1,0.2469609139,0.1054940558,-0.04377721312,-0.03368467504,0.05128679823,0.01681043321
10.33767097,29,refl,1,1,0.2469609139,0.1054940558,-0.04377721312,0.03368467504,-0.05128679823,0.01681043321
10.29330328,29.125,trans,0,0,0.6104148626,-3.465835052e-16,-1.748846205e-16,0.3219279718,-0.289619453,0.1875170466
10.29330328,29.125,trans,-1,0,0.4673261557,-4.871147689e-17,-6.569682933e-17,-0.0346687155,-0.06155873248,0.004991397379
10.29330328,29.125,trans,0,-1,0.4673261557,-0.03254731444,0.04736989868,1.070284151e-11,8.662518238e-12,0.003303234978
10.29330328,29.125,trans,0,1,0.4673261557,-0.03254731444,0.04736989868,-1.070282145e-11,-8.662423114e-12,0.003303234978
10.29330328,29.125,trans,1,0,0.4673261557,9.822284062e-17,-1.500195954e-17,-0.03466871544,-0.06155873246,0.004991397373
10.29330328,29.125,trans,-1,-1,0.2533400225,-0.107361854,0.04006431511,0.03403325713,-0.05134333079,0.01692611724
10.29330328,29.125,trans,-1,1,0.2533400225,-0.107361854,0.04006431511,-0.03403325713,0.05134333079,0.01692611724
10.29330328,29.125,trans,1,-1,0.2533400225,0.1073618539,-0.04006431502,0.03403325713,-0.05134333078,0.01692611722
10.29330328,29.125,trans,1,1,0.2533400225,0.1073618539,-0.04006431502,-0.03403325713,0.05134333078,0.01692611722
10.29330328,29.125,refl,0,0,0.6104148626,-5.602634495e-16,-1.505442569e-16,-0.6740131819,-0.2686005696,0.5264400354
10.29330328,29.125,refl,-1,0,0.4673261557,-1.565982566e-16,1.252067787e-17,0.03047678042,0.05938718973,0.004455672449
10.29330328,29.125,refl,0,-1,0.4673261557,-0.03075575804,0.04750411521,-1.539666889e-11,-1.014326394e-11,0.003202557614
10.29330328,29.125,refl,0,1,0.4673261557,-0.03075575804,0.04750411521,1.539622439e-11,1.014263282e-11,0.003202557614
10.29330328,29.125,refl,1,0,0.4673261557,-5.782039247e-17,-4.15043331e-17,0.03047678036,0.05938718971,0.004455672443
10.29330328,29.125,refl,-1,-1,0.2533400225,-0.1053179132,0.04001653605,-0.03528059688,0.05013381255,0.01645130567
10.29330328,29.125,refl,-1,1,0.2533400225,-0.1053179132,0.04001653605,0.03528059688,-0.05013381255,0.01645130567
10.29330328,29.125,refl,1,-1,0.2533400225,0.1053179131,-0.04001653596,-0.03528059688,0.05013381254,0.01645130565
10.29330328,29.125,refl,1,1,0.2533400225,0.1053179131,-0.04001653596,0.03528059688,-0.05013381254,0.01645130565
10.2493148,29.25,trans,0,0,0.6130346689,-2.397391397e-16,-2.04718492e-16,0.3320556199,-0.2992096334,0.1997873394
10.2493148,29.25,trans,-1,0,0.4707429623,-1.495351402e-16,-8.04319024e-17,-0.03243240294,-0.06110447207,0.004785617268
10.2493148,29.25,trans,0,-1,0.4707429623,-0.03352246287,0.04537356839,1.109775796e-11,9.069915146e-12,0.003182516225
10.2493148,29.25,trans,0,1,0.4707429623,-0.03352246287,0.04537356839,-1.109755733e-11,-9.069937704e-12,0.003182516225
10.2493148,29.25,trans,1,0,0.4707429623,-8.015717016e-18,-3.238608246e-17,-0.03243240289,-0.06110447205,0.004785617262
10.2493148,29.25,trans,-1,-1,0.2595888437,-0.1072030975,0.03635556565,0.03554675484,-0.05012374106,0.01659019246
10.2493148,29.25,trans,-1,1,0.2595888437,-0.1072030975,0.03635556565,-0.03554675484,0.05012374106,0.01659019246
10.2493148,29.25,trans,1,-1,0.2595888437,0.1072030974,-0.03635556556,0.03554675484,-0.05012374105,0.01659019244
10.2493148,29.25,trans,1,1,0.2595888437,0.1072030974,-0.03635556556,-0.03554675484,0.05012374105,0.01659019244
10.2493148,29.25,refl,0,0,0.6130346689,-4.472916229e-16,-2.013181887e-16,-0.663806358,-0.2780830792,0.5179690799
10.2493148,29.25,refl,-1,0,0.4707429623,-2.484710668e-16,-1.334875455e-17,0.02837673855,0.05895361195,0.004280767653
10.2493148,29.25,refl,0,-1,0.4707429623,-0.03176398246,0.04546526612,-1.584370158e-11,-1.044235103e-11,0.003076041005
10.2493148,29.25,refl,0,1,0.4707429623,-0.03176398246,0.04546526612,1.584308553e-11,1.044180967e-11,0.003076041005
10.2493148,29.25,refl,1,0,0.4707429623,-1.465777285e-16,-6.847296975e-17,0.0283767385,0.05895361194,0.004280767648
10.2493148,29.25,refl,-1,-1,0.2595888437,-0.105058098,0.03630843979,-0.03679543184,0.04889595677,0.01610022515
10.2493148,29.25,refl,-1,1,0.2595888437,-0.105058098,0.03630843979,0.03679543184,-0.04889595677,0.01610022515
10.2493148,29.25,refl,1,-1,0.2595888437,0.105058098,-0.03630843969,-0.03679543184,0.04889595676,0.01610022513
10.2493148,29.25,refl,1,1,0.2595888437,0.105058098,-0.03630843969,0.03679543184,-0.04889595676,0.01610022513
10.2057007,29.375,trans,0,0,0.6156544752,-2.050156175e-16,-1.328298914e-16,0.3424072325,-0.3086215048,0.2124899461
10.2057007,29.375,trans,-1,0,0.474149622,-1.289590866e-16,-1.105592169e-17,-0.03021764599,-0.06063450709,0.00458964958
10.2057007,29.375,trans,0,-1,0.474149622,-0.03439232767,0.04335708592,1.150215213e-11,9.458590766e-12,0.003062669102
10.2057007,29.375,trans,0,1,0.474149622,-0.03439232767,0.04335708592,-1.150220581e-11,-9.458634321e-12,0.003062669102
10.2057007,29.375,trans,1,0,0.474149622,-3.983971781e-18,1.77598742e-17,-0.03021764593,-0.06063450707,0.004589649574
10.2057007,29.375,trans,-1,-1,0.2657165695,-0.1069590691,0.03269921051,0.03698277722,-0.04882031925,0.01626063021
10.2057007,29.375,trans,-1,1,0.2657165695,-0.1069590691,0.03269921051,-0.03698277722,0.04882031925,0.01626063021
10.2057007,29.375,trans,1,-1,0.2657165695,0.106959069,-0.03269921041,0.03698277722,-0.04882031924,0.01626063019
10.2057007,29.375,trans,1,1,0.2657165695,0.106959069,-0.03269921041,-0.03698277722,0.04882031924,0.01626063019
10.2057007,29.375,refl,0,0,0.6156544752,-4.168713445e-16,-1.367599143e-16,-0.6533772156,-0.287385246,0.5094920656
10.2057007,29.375,refl,-1,0,0.474149622,-2.448302658e-16,4.574367599e-17,0.0262978359,0.05850363882,0.004114251928
10.2057007,29.375,refl,0,-1,0.474149622,-0.03266979747,0.043407159,-1.629625635e-11,-1.072394102e-11,0.002951497119
10.2057007,29.375,refl,0,1,0.474149622,-0.03266979747,0.043407159,1.629590305e-11,1.072340839e-11,0.002951497119
10.2057007,29.375,refl,1,0,0.474149622,-1.508309316e-16,-3.035178501e-17,0.02629783584,0.0585036388,0.004114251922
10.2057007,29.375,refl,-1,-1,0.2657165695,-0.1047191885,0.03265366043,-0.03823132835,0.04758076252,0.01575793342
10.2057007,29.375,refl,-1,1,0.2657165695,-0.1047191885,0.03265366043,0.03823132835,-0.04758076252,0.01575793342
10.2057007,29.375,refl,1,-1,0.2657165695,0.1047191885,-0.03265366033,-0.03823132835,0.04758076251,0.0157579334
10.2057007,29.375,refl,1,1,0.2657165695,0.1047191885,-0.03265366033,0.03823132835,-0.04758076251,0.0157579334
10.1624562,29.5,trans,0,0,0.6182742815,-1.548320377e-16,-2.208665177e-16,0.3529724404,-0.3178320314,0.2256067439
10.1624562,29.5,trans,-1,0,0.4775463521,-1.295055543e-16,1.040796932e-17,-0.02802628686,-0.06014610293,0.004403026453
10.1624562,29.5,trans,0,-1,0.4775463521,-0.03515825907,0.04132544271,1.191624498e-11,9.828945848e-12,0.002943895396
10.1624562,29.5,trans,0,1,0.4775463521,-0.03515825907,0.04132544271,-1.191619265e-11,-9.828992864e-12,0.002943895396
10.1624562,29.5,trans,1,0,0.4775463521,3.409124806e-17,4.091900267e-17,-0.0280262868,-0.06014610291,0.004403026447
10.1624562,29.5,trans,-1,-1,0.2717313924,-0.1066340878,0.02909613288,0.03834254213,-0.04744031181,0.01593814736
10.1624562,29.5,trans,-1,1,0.2717313924,-0.1066340878,0.02909613288,-0.03834254213,0.04744031181,0.01593814736
10.1624562,29.5,trans,1,-1,0.2717313924,0.1066340878,-0.02909613278,0.03834254213,-0.0474403118,0.01593814734
10.1624562,29.5,trans,1,1,0.2717313924,0.1066340878,-0.02909613278,-0.03834254213,0.0474403118,0.01593814734
10.1624562,29.5,refl,0,0,0.6182742815,-3.771480622e-16,-2.460369106e-16,-0.6427362902,-0.296484195,0.5010128165
10.1624562,29.5,refl,-1,0,0.4775463521,-2.500130469e-16,5.853492639e-17,0.0242419034,0.058034677,0.003955693615
10.1624562,29.5,refl,0,-1,0.4775463521,-0.03347449276,0.04133450366,-1.675473207e-11,-1.098845399e-11,0.002829082858
10.1624562,29.5,refl,0,1,0.4775463521,-0.03347449276,0.04133450366,1.675428032e-11,1.0987911e-11,0.002829082858
10.1624562,29.5,refl,1,0,0.4775463521,-1.084361492e-16,-1.416244227e-17,0.02424190334,0.05803467698,0.00395569361
10.1624562,29.5,refl,-1,-1,0.2717313924,-0.1043050895,0.02905303656,-0.03959011661,0.0461951462,0.0154249995
10.1624562,29.5,refl,-1,1,0.2717313924,-0.1043050895,0.02905303656,0.03959011661,-0.0461951462,0.0154249995
10.1624562,29.5,refl,1,-1,0.2717313924,0.1043050895,-0.02905303646,-0.03959011661,0.04619514619,0.01542499948
10.1624562,29.5,refl,1,1,0.2717313924,0.1043050895,-0.02905303646,0.03959011661,-0.04619514619,0.01542499948
10.11957664,29.625,trans,0,0,0.6208940878,-4.606844471e-17,-9.608260947e-18,0.3637397165,-0.3268203952,0.2391181521
10.11957664,29.625,trans,-1,0,0.4809333628,-1.116684339e-16,2.596028348e-17,-0.02586024927,-0.05963701795,0.004225326402
10.11957664,29.625,trans,0,-1,0.4809333628,-0.03582153012,0.03928366273,1.23395627e-11,1.018134774e-11,0.002826388178
10.11957664,29.625,trans,0,1,0.4809333628,-0.03582153012,0.03928366273,-1.233968064e-11,-1.018150638e-11,0.002826388178
10.11957664,29.625,trans,1,0,0.4809333628,6.432817073e-17,6.917513604e-17,-0.02586024921,-0.05963701793,0.004225326396
10.11957664,29.625,trans,-1,-1,0.2776406503,-0.1062319225,0.02554730674,0.03962708611,-0.04599047822,0.01562331627
10.11957664,29.625,trans,-1,1,0.2776406503,-0.1062319225,0.02554730674,-0.03962708611,0.04599047822,0.01562331627
10.11957664,29.625,trans,1,-1,0.2776406503,0.1062319224,-0.02554730665,0.03962708611,-0.04599047821,0.01562331625
10.11957664,29.625,trans,1,1,0.2776406503,0.1062319224,-0.02554730665,-0.03962708611,0.04599047821,0.01562331625
10.11957664,29.625,refl,0,0,0.6208940878,-2.773357442e-16,-9.922584029e-19,-0.6318952631,-0.3053592662,0.4925359049
10.11957664,29.625,refl,-1,0,0.4809333628,-2.511794679e-16,6.854769717e-17,0.02221083641,0.05754461361,0.003804703809
10.11957664,29.625,refl,0,-1,0.4809333628,-0.03417925675,0.03925207435,-1.721881006e-11,-1.123627422e-11,0.002708946932
10.11957664,29.625,refl,0,1,0.4809333628,-0.03417925675,0.03925207435,1.721853866e-11,1.123581598e-11,0.002708946932
10.11957664,29.625,refl,1,0,0.4809333628,-8.851593938e-17,6.682224026e-18,0.02221083635,0.05754461358,0.003804703804
10.11957664,29.625,refl,-1,-1,0.2776406503,-0.1038191883,0.02550751087,-0.04087336661,0.04474551677,0.01510185033
10.11957664,29.625,refl,-1,1,0.2776406503,-0.1038191883,0.02550751087,0.04087336661,-0.04474551677,0.01510185033
10.11957664,29.625,refl,1,-1,0.2776406503,0.1038191882,-0.02550751077,-0.04087336661,0.04474551676,0.01510185031
10.11957664,29.625,refl,1,1,0.2776406503,0.1038191882,-0.02550751077,0.04087336661,-0.04474551676,0.01510185031
10.07705741,29.75,trans,0,0,0.623513894,-8.346570212e-17,9.823603397e-17,0.3746965469,-0.3355678402,0.2530032776
10.07705741,29.75,trans,-1,0,0.4843108581,-2.139172859e-16,-2.698041864e-17,-0.02372150484,-0.05910544745,0.00405616371
10.07705741,29.75,trans,0,-1,0.4843108581,-0.0363834104,0.03723680179,1.277209109e-11,1.051621656e-11,0.002710331959
10.07705741,29.75,trans,0,1,0.4843108581,-0.0363834104,0.03723680179,-1.277245871e-11,-1.051656979e-11,0.002710331959
10.07705741,29.75,trans,1,0,0.4843108581,-3.836593785e-18,2.957439096e-17,-0.02372150478,-0.05910544743,0.004056163704
10.07705741,29.75,trans,-1,-1,0.2834509455,-0.1057559166,0.02205379396,0.04083730667,-0.04447716926,0.01531658793
10.07705741,29.75,trans,-1,1,0.2834509455,-0.1057559166,0.02205379396,-0.04083730667,0.04447716926,0.01531658793
10.07705741,29.75,trans,1,-1,0.2834509455,0.1057559165,-0.02205379386,0.04083730667,-0.04447716925,0.01531658791
10.07705741,29.75,trans,1,1,0.2834509455,0.1057559165,-0.02205379386,-0.04083730667,0.04447716925,0.01531658791
10.07705741,29.75,refl,0,0,0.623513894,-3.125746936e-16,8.400044007e-17,-0.6208667913,-0.3139918601,0.4840664608
10.07705741,29.75,refl,-1,0,0.4843108581,-3.590244079e-16,6.259705649e-18,0.02020656494,0.05703176016,0.003660926933
10.07705741,29.75,refl,0,-1,0.4843108581,-0.03478525515,0.0371647064,-1.76886414e-11,-1.146781671e-11,0.002591229377
10.07705741,29.75,refl,0,1,0.4843108581,-0.03478525515,0.0371647064,1.768863094e-11,1.146754521e-11,0.002591229377
10.07705741,29.75,refl,1,0,0.4843108581,-1.539142017e-16,-4.235785932e-17,0.02020656488,0.05703176013,0.003660926928
10.07705741,29.75,refl,-1,-1,0.2834509455,-0.1032644775,0.02201812417,-0.04208243882,0.04323786116,0.0147887944
10.07705741,29.75,refl,-1,1,0.2834509455,-0.1032644775,0.02201812417,0.04208243882,-0.04323786116,0.0147887944
10.07705741,29.75,refl,1,-1,0.2834509455,0.1032644775,-0.02201812407,-0.04208243882,0.04323786115,0.01478879438
10.07705741,29.75,refl,1,1,0.2834509455,0.1032644775,-0.02201812407,0.04208243882,-0.04323786115,0.01478879438
10.03489399,29.875,trans,0,0,0.6261337003,5.59149388e-17,-4.550403169e-17,0.3858295829,-0.3440575438,0.2672400604
10.03489399,29.875,trans,-1,0,0.4876790357,-4.236199898e-17,5.952829922e-17,-0.02161204596,-0.0585499754,0.00389518015
10.03489399,29.875,trans,0,-1,0.4876790357,-0.03684522688,0.03518993961,1.32138489e-11,1.083408077e-11,0.002595902594
10.03489399,29.875,trans,0,1,0.4876790357,-0.03684522688,0.03518993961,-1.321428446e-11,-1.083442301e-11,0.002595902594
10.03489399,29.875,trans,1,0,0.4876790357,1.363151906e-16,1.037669009e-16,-0.0216120459,-0.05854997538,0.003895180145
10.03489399,29.875,trans,-1,-1,0.2891682436,-0.1052090885,0.01861673601,0.04197399935,-0.04290638904,0.01501831001
10.03489399,29.875,trans,-1,1,0.2891682436,-0.1052090885,0.01861673601,-0.04197399935,0.04290638904,0.01501831001
10.03489399,29.875,trans,1,-1,0.2891682436,0.1052090885,-0.01861673591,0.04197399935,-0.04290638903,0.01501830999
10.03489399,29.875,trans,1,1,0.2891682436,0.1052090885,-0.01861673591,-0.04197399935,0.04290638903,0.01501830999
10.03489399,29.875,refl,0,0,0.6261337003,-1.975624708e-16,-8.481630962e-17,-0.6096643552,-0.322365309,0.4756100185
10.03489399,29.875,refl,-1,0,0.4876790357,-1.869526999e-16,8.640063481e-17,0.01823102966,0.05649480465,0.003524033395
10.03489399,29.875,refl,0,-1,0.4876790357,-0.03529369574,0.03507728586,-1.816439156e-11,-1.168363421e-11,0.002476060943
10.03489399,29.875,refl,0,1,0.4876790357,-0.03529369574,0.03507728586,1.816445852e-11,1.16833357e-11,0.002476060943
10.03489399,29.875,refl,1,0,0.4876790357,-4.56845087e-18,2.733379527e-17,0.01823102959,0.05649480463,0.00352403339
10.03489399,29.875,refl,-1,-1,0.2891682436,-0.1026436529,0.01858600465,-0.04321852856,0.04167781212,0.01448604028
10.03489399,29.875,refl,-1,1,0.2891682436,-0.1026436529,0.01858600465,0.04321852856,-0.04167781212,0.01448604028
10.03489399,29.875,refl,1,-1,0.2891682436,0.1026436528,-0.01858600455,-0.04321852856,0.0416778121,0.01448604026
10.03489399,29.875,refl,1,1,0.2891682436,0.1026436528,-0.01858600455,0.04321852856,-0.0416778121,0.01448604026
9.993081933,30,trans,0,0,0.6287535066,1.17914505e-16,-7.754293477e-17,0.3971247791,-0.352274507,0.2818054185
9.993081933,30,trans,-1,0,0.4910380874,-4.032328387e-17,1.068178566e-16,-0.01953386386,-0.05796953245,0.003742038529
9.993081933,30,trans,0,-1,0.4910380874,-0.03720841362,0.03314816653,1.366466702e-11,1.113523426e-11,0.002483266988
9.993081933,30,trans,0,1,0.4910380874,-0.03720841362,0.03314816653,-1.366521231e-11,-1.113558777e-11,0.002483266988
9.993081933,30,trans,1,0,0.4910380874,1.335832551e-16,1.604248215e-16,-0.01953386379,-0.05796953242,0.003742038524
9.993081933,30,trans,-1,-1,0.2947979554,-0.1045942103,0.01523734251,0.04303788987,-0.04128384433,0.0147287412
9.993081933,30,trans,-1,1,0.2947979554,-0.1045942103,0.01523734251,-0.04303788987,0.04128384433,0.0147287412
9.993081933,30,trans,1,-1,0.2947979554,0.1045942102,-0.01523734241,0.04303788987,-0.04128384432,0.01472874118
9.993081933,30,trans,1,1,0.2947979554,0.1045942102,-0.01523734241,-0.04303788987,0.04128384432,0.01472874118
9.993081933,30,refl,0,0,0.6287535066,-9.554521373e-17,-1.085586151e-16,-0.5983021211,-0.3304647683,0.4671723912
9.993081933,30,refl,-1,0,0.4910380874,-2.014945507e-16,1.228588154e-16,0.01628616255,0.05593277002,0.003393713852
9.993081933,30,refl,0,-1,0.4910380874,-0.03570588152,0.03299473397,-1.864602896e-11,-1.188402157e-11,0.002363562445
9.993081933,30,refl,0,1,0.4910380874,-0.03570588152,0.03299473397,1.86462185e-11,1.188372079e-11,0.002363562445
9.993081933,30,refl,1,0,0.4910380874,-1.591909016e-17,7.388285862e-17,0.01628616249,0.05593276999,0.003393713848
9.993081933,30,refl,-1,-1,0.2947979554,-0.1019591897,0.01521235441,-0.04428270456,0.04007070207,0.01419371118
9.993081933,30,refl,-1,1,0.2947979554,-0.1019591897,0.01521235441,0.04428270456,-0.04007070207,0.01419371118
9.993081933,30,refl,1,-1,0.2947979554,0.1019591896,-0.01521235431,-0.04428270456,0.04007070206,0.01419371116
9.993081933,30,refl,1,1,0.2947979554,0.1019591896,-0.01521235431,0.04428270456,-0.04007070206,0.01419371116
9.951616863,30.125,trans,0,0,0.6313733129,5.830056227e-17,-7.198788975e-17,0.40876892,-0.3585109041,0.2956220983
9.951616863,30.125,trans,-1,0,0.4943881991,-1.403588539e-16,1.475706708e-16,-0.01778185127,-0.05720425599,0.003588521138
9.951616863,30.125,trans,0,-1,0.4943881991,-0.03727259191,0.0314720639,1.431785356e-11,1.18294217e-11,0.002379736914
9.951616863,30.125,trans,0,1,0.4943881991,-0.03727259191,0.0314720639,-1.431807681e-11,-1.182978417e-11,0.002379736914
9.951616863,30.125,trans,1,0,0.4943881991,4.526244887e-20,2.19990589e-16,-0.0177818512,-0.05720425597,0.003588521133
9.951616863,30.125,trans,-1,-1,0.3003450061,-0.1034928073,0.01232703948,0.04381686101,-0.03970039954,0.0143587561
9.951616863,30.125,trans,-1,1,0.3003450061,-0.1034928073,0.01232703948,-0.04381686101,0.03970039954,0.0143587561
9.951616863,30.125,trans,1,-1,0.3003450061,0.1034928072,-0.01232703938,0.043816861,-0.03970039953,0.01435875608
9.951616863,30.125,trans,1,1,0.3003450061,0.1034928072,-0.01232703938,-0.043816861,0.03970039953,0.01435875608
9.951616863,30.125,refl,0,0,0.6313733129,-1.84792534e-16,-1.108640197e-16,-0.5866412932,-0.3365546535,0.4574170417
9.951616863,30.125,refl,-1,0,0.4943881991,-2.909470213e-16,1.564722857e-16,0.01460428077,0.05517938419,0.003258049456
9.951616863,30.125,refl,0,-1,0.4943881991,-0.03592622916,0.03121270102,-1.907908799e-11,-1.244342547e-11,0.002264926646
9.951616863,30.125,refl,0,1,0.4943881991,-0.03592622916,0.03121270102,1.907896813e-11,1.24431341e-11,0.002264926646
9.951616863,30.125,refl,1,0,0.4943881991,-1.350631474e-16,1.285453548e-16,0.01460428071,0.05517938416,0.003258049452
9.951616863,30.125,refl,-1,-1,0.3003450061,-0.1008224807,0.01227624206,-0.0449997811,0.03855513415,0.01382735741
9.951616863,30.125,refl,-1,1,0.3003450061,-0.1008224807,0.01227624206,0.0449997811,-0.03855513415,0.01382735741
9.951616863,30.125,refl,1,-1,0.3003450061,0.1008224807,-0.01227624196,-0.0449997811,0.03855513414,0.01382735739
9.951616863,30.125,refl,1,1,0.3003450061,0.1008224807,-0.01227624196,0.0449997811,-0.03855513414,0.01382735739
9.910494479,30.25,trans,0,0,0.6339931191,1.777918395e-17,1.547568289e-16,0.4204896565,-0.3644746776,0.3096533418
9.910494479,30.25,trans,-1,0,0.4977295514,-1.232103814e-16,1.479421196e-16,-0.01605931838,-0.0564254277,0.003441730598
9.910494479,30.25,trans,0,-1,0.4977295514,-0.03726247219,0.0298273202,1.499478898e-11,1.249865706e-11,0.002278160864
9.910494479,30.25,trans,0,1,0.4977295514,-0.03726247219,0.0298273202,-1.499509025e-11,-1.24990845e-11,0.002278160864
9.910494479,30.25,trans,1,0,0.4977295514,-7.444925653e-17,2.160552692e-16,-0.01605931831,-0.05642542768,0.003441730593
9.910494479,30.25,trans,-1,-1,0.3058138937,-0.102350649,0.009483891534,0.04452723922,-0.03808814695,0.01399898152
9.910494479,30.25,trans,-1,1,0.3058138937,-0.102350649,0.009483891534,-0.04452723922,0.03808814695,0.01399898152
9.910494479,30.25,trans,1,-1,0.3058138937,0.1023506489,-0.00948389143,0.04452723922,-0.03808814694,0.0139989815
9.910494479,30.25,trans,1,1,0.3058138937,0.1023506489,-0.00948389143,-0.04452723922,0.03808814694,0.0139989815
9.910494479,30.25,refl,0,0,0.6339931191,-2.025476431e-16,1.113287317e-16,-0.5749067948,-0.3423733109,0.4477373067
9.910494479,30.25,refl,-1,0,0.4977295514,-2.82031477e-16,1.515435388e-16,0.01294979474,0.05441148269,0.003128306632
9.910494479,30.25,refl,0,-1,0.4977295514,-0.03607233141,0.02946272271,-1.953641484e-11,-1.297964357e-11,0.002169265122
9.910494479,30.25,refl,0,1,0.4977295514,-0.03607233141,0.02946272271,1.953639022e-11,1.297942033e-11,0.002169265122
9.910494479,30.25,refl,1,0,0.4977295514,-2.139033838e-16,1.219999459e-16,0.01294979467,0.05441148266,0.003128306628
9.910494479,30.25,refl,-1,-1,0.3058138937,-0.09964863492,0.009407297085,-0.04565196547,0.03701710264,0.01347271552
9.910494479,30.25,refl,-1,1,0.3058138937,-0.09964863492,0.009407297085,0.04565196547,-0.03701710264,0.01347271552
9.910494479,30.25,refl,1,-1,0.3058138937,0.09964863485,-0.00940729698,-0.04565196547,0.03701710262,0.0134727155
9.910494479,30.25,refl,1,1,0.3058138937,0.09964863485,-0.00940729698,0.04565196547,-0.03701710262,0.0134727155
9.869710551,30.375,trans,0,0,0.6366129254,1.661811222e-16,-1.87945219e-16,0.4322722345,-0.3701597431,0.3238775201
9.869710551,30.375,trans,-1,0,0.5010623195,-2.132971744e-17,1.87778484e-16,-0.01436785986,-0.05563277988,0.003301441594
9.869710551,30.375,trans,0,-1,0.5010623195,-0.03718108969,0.02821681974,1.569525673e-11,1.314364678e-11,0.002178622347
9.869710551,30.375,trans,0,1,0.5010623195,-0.03718108969,0.02821681974,-1.569540554e-11,-1.31439364e-11,0.002178622347
9.869710551,30.375,trans,1,0,0.5010623195,4.514617502e-17,2.859455112e-16,-0.01436785979,-0.05563277985,0.003301441589
9.869710551,30.375,trans,-1,-1,0.3112087391,-0.1011701835,0.006707652908,0.04517067719,-0.0364513737,0.01364949136
9.869710551,30.375,trans,-1,1,0.3112087391,-0.1011701835,0.006707652908,-0.04517067719,0.0364513737,0.01364949136
9.869710551,30.375,trans,1,-1,0.3112087391,0.1011701834,-0.006707652802,0.04517067719,-0.03645137369,0.01364949134
9.869710551,30.375,trans,1,1,0.3112087391,0.1011701834,-0.006707652802,-0.04517067719,0.03645137369,0.01364949134
9.869710551,30.375,refl,0,0,0.6366129254,-5.947986514e-17,-2.22191964e-16,-0.5631133342,-0.3479148177,0.4381413476
9.869710551,30.375,refl,-1,0,0.5010623195,-1.755520117e-16,1.86535114e-16,0.01132433101,0.05362885829,0.003004294914
9.869710551,30.375,refl,0,-1,0.5010623195,-0.03614708121,0.02774760372,-2.001790064e-11,-1.349340949e-11,0.002076540992
9.869710551,30.375,refl,0,1,0.5010623195,-0.03614708121,0.02774760372,2.001773942e-11,1.349304151e-11,0.002076540992
9.869710551,30.375,refl,1,0,0.5010623195,-8.639941758e-17,1.893771027e-16,0.01132433094,0.05362885826,0.00300429491
9.869710551,30.375,refl,-1,-1,0.3112087391,-0.09843974292,0.006605332538,-0.04624115409,0.03546027365,0.01312968874
9.869710551,30.375,refl,-1,1,0.3112087391,-0.09843974292,0.006605332538,0.04624115409,-0.03546027365,0.01312968874
9.869710551,30.375,refl,1,-1,0.3112087391,0.09843974285,-0.006605332431,-0.04624115409,0.03546027363,0.01312968873
9.869710551,30.375,refl,1,1,0.3112087391,0.09843974285,-0.006605332431,0.04624115409,-0.03546027363,0.01312968873
9.829260918,30.5,trans,0,0,0.6392327317,1.271020534e-16,-6.085154744e-17,0.4441020953,-0.3755613626,0.3382730081
9.829260918,30.5,trans,-1,0,0.5043866736,-8.722758162e-17,1.491769063e-16,-0.01270898976,-0.05482624381,0.003167435431
9.829260918,30.5,trans,0,-1,0.5043866736,-0.03703152627,0.02664333775,1.641864208e-11,1.376468061e-11,0.002081201384
9.829260918,30.5,trans,0,1,0.5043866736,-0.03703152627,0.02664333775,-1.641891178e-11,-1.376514378e-11,0.002081201384
9.829260918,30.5,trans,1,0,0.5043866736,-1.03620326e-16,2.669466046e-16,-0.01270898968,-0.05482624378,0.003167435426
9.829260918,30.5,trans,-1,-1,0.316533328,-0.09995372627,0.003998162533,0.04574877261,-0.03479415808,0.01331031633
9.829260918,30.5,trans,-1,1,0.316533328,-0.09995372627,0.003998162533,-0.04574877261,0.03479415808,0.01331031633
9.829260918,30.5,trans,1,-1,0.316533328,0.09995372619,-0.003998162426,0.04574877261,-0.03479415807,0.01331031631
9.829260918,30.5,trans,1,1,0.316533328,0.09995372619,-0.003998162426,-0.04574877261,0.03479415807,0.01331031631
9.829260918,30.5,refl,0,0,0.6392327317,-9.046130402e-17,-1.158658206e-16,-0.551275416,-0.3531745854,0.428636872
9.829260918,30.5,refl,-1,0,0.5043866736,-2.478706114e-16,1.419922509e-16,0.009729434445,0.05283149418,0.002885828672
9.829260918,30.5,refl,0,-1,0.5043866736,-0.03615342016,0.02607005837,-2.052303964e-11,-1.398500991e-11,0.001986717733
9.829260918,30.5,refl,0,1,0.5043866736,-0.03615342016,0.02607005837,2.0523017e-11,1.398481408e-11,0.001986717733
9.829260918,30.5,refl,1,0,0.5043866736,-2.382519707e-16,1.672411827e-16,0.009729434371,0.05283149415,0.002885828668
9.829260918,30.5,refl,-1,-1,0.316533328,-0.09719779129,0.003870249508,-0.04676913608,0.03388812914,0.01279814685
9.829260918,30.5,refl,-1,1,0.316533328,-0.09719779129,0.003870249508,0.04676913608,-0.03388812914,0.01279814685
9.829260918,30.5,refl,1,-1,0.316533328,0.09719779122,-0.0038702494,-0.04676913608,0.03388812912,0.01279814683
9.829260918,30.5,refl,1,1,0.316533328,0.09719779122,-0.0038702494,0.04676913608,-0.03388812912,0.01279814683
9.789141486,30.625,trans,0,0,0.641852538,8.266000996e-17,-1.541954669e-16,0.4559649295,-0.3806760426,0.3528182664
9.789141486,30.625,trans,-1,0,0.5077027789,-3.212977099e-17,1.609393592e-16,-0.01108413976,-0.05400592641,0.003039498241
9.789141486,30.625,trans,0,-1,0.5077027789,-0.03681692055,0.02510952579,1.716489805e-11,1.436254415e-11,0.001985973924
9.789141486,30.625,trans,0,1,0.5077027789,-0.03681692055,0.02510952579,-1.716510948e-11,-1.436302578e-11,0.001985973924
9.789141486,30.625,trans,1,0,0.5077027789,-6.713553414e-17,2.738583645e-16,-0.01108413968,-0.05400592638,0.003039498236
9.789141486,30.625,trans,-1,-1,0.3217911481,-0.09870348811,0.001355325225,0.04626308456,-0.03312038726,0.01298144852
9.789141486,30.625,trans,-1,1,0.3217911481,-0.09870348811,0.001355325225,-0.04626308456,0.03312038726,0.01298144852
9.789141486,30.625,trans,1,-1,0.3217911481,0.09870348804,-0.001355325116,0.04626308456,-0.03312038725,0.0129814485
9.789141486,30.625,trans,1,1,0.3217911481,0.09870348804,-0.001355325116,-0.04626308456,0.03312038725,0.0129814485
9.789141486,30.625,refl,0,0,0.641852538,-1.471862282e-16,-2.178561535e-16,-0.5394072878,-0.3581492589,0.4192311138
9.789141486,30.625,refl,-1,0,0.5077027789,-1.885372638e-16,1.497839957e-16,0.008166567174,0.05201954182,0.00277272555
9.789141486,30.625,refl,0,-1,0.5077027789,-0.03609434998,0.02443269387,-2.105187486e-11,-1.445523444e-11,0.00189975863
9.789141486,30.625,refl,0,1,0.5077027789,-0.03609434998,0.02443269387,2.105180848e-11,1.44550583e-11,0.00189975863
9.789141486,30.625,refl,1,0,0.5077027789,-1.944054498e-16,1.734600927e-16,0.008166567098,0.05201954179,0.002772725546
9.789141486,30.625,refl,-1,-1,0.3217911481,-0.09592468816,0.001202017299,-0.04723761519,0.03230398533,0.0124779304
9.789141486,30.625,refl,-1,1,0.3217911481,-0.09592468816,0.001202017299,0.04723761519,-0.03230398533,0.0124779304
9.789141486,30.625,refl,1,-1,0.3217911481,0.09592468808,-0.001202017188,-0.04723761519,0.03230398531,0.01247793039
9.789141486,30.625,refl,1,1,0.3217911481,0.09592468808,-0.001202017188,0.04723761519,-0.03230398531,0.01247793039
9.749348228,30.75,trans,0,0,0.6444723443,9.531481802e-17,-8.385358151e-17,0.4678467247,-0.3855014405,0.3674919185
9.749348228,30.75,trans,-1,0,0.5110107961,-6.527272616e-17,1.415681393e-16,-0.009494658472,-0.05317208965,0.002917419657
9.749348228,30.75,trans,0,-1,0.5110107961,-0.03654047366,0.02361789797,1.793372483e-11,1.493764465e-11,0.00189301132
9.749348228,30.75,trans,0,1,0.5110107961,-0.03654047366,0.02361789797,-1.793392675e-11,-1.493818286e-11,0.00189301132
9.749348228,30.75,trans,1,0,0.5110107961,-1.317973763e-16,2.559968691e-16,-0.009494658395,-0.05317208962,0.002917419652
9.749348228,30.75,trans,-1,-1,0.3269854201,-0.09742159673,-0.001220904921,0.04671514702,-0.03143377177,0.01266284509
9.749348228,30.75,trans,-1,1,0.3269854201,-0.09742159673,-0.001220904921,-0.04671514702,0.03143377177,0.01266284509
9.749348228,30.75,trans,1,-1,0.3269854201,0.09742159665,0.001220905032,0.04671514701,-0.03143377176,0.01266284507
9.749348228,30.75,trans,1,1,0.3269854201,0.09742159665,0.001220905032,-0.04671514701,0.03143377176,0.01266284507
9.749348228,30.75,refl,0,0,0.6444723443,-1.281561915e-16,-1.670895206e-16,-0.5275228938,-0.3628366233,0.4099308187
9.749348228,30.75,refl,-1,0,0.5110107961,-2.269435988e-16,1.244441217e-16,0.00663710838,0.05119330143,0.002664805319
9.749348228,30.75,refl,0,-1,0.5110107961,-0.03597293914,0.02283799449,-2.160419558e-11,-1.490449289e-11,0.001815626343
9.749348228,30.75,refl,0,1,0.5110107961,-0.03597293914,0.02283799449,2.160413564e-11,1.490437517e-11,0.001815626343
9.749348228,30.75,refl,1,0,0.5110107961,-2.615801623e-16,1.527922854e-16,0.006637108302,0.05119330139,0.002664805314
9.749348228,30.75,refl,-1,-1,0.3269854201,-0.09462228305,-0.001399344021,-0.04764822841,0.03071100764,0.01216885427
9.749348228,30.75,refl,-1,1,0.3269854201,-0.09462228305,-0.001399344021,0.04764822841,-0.03071100764,0.01216885427
9.749348228,30.75,refl,1,-1,0.3269854201,0.09462228298,0.001399344133,-0.04764822841,0.03071100762,0.01216885426
9.749348228,30.75,refl,1,1,0.3269854201,0.09462228298,0.001399344133,0.04764822841,-0.03071100762,0.01216885426
9.709877182,30.875,trans,0,0,0.6470921505,1.428421744e-16,-2.135306288e-16,0.4797338081,-0.3900362775,0.3822728244
9.709877182,30.875,trans,-1,0,0.5143108812,-1.076093503e-16,1.338416244e-16,-0.007941811507,-0.05232513246,0.002800991857
9.709877182,30.875,trans,0,-1,0.5143108812,-0.03620545105,0.022170818,1.872499462e-11,1.549051705e-11,0.001802379857
9.709877182,30.875,trans,0,1,0.5143108812,-0.03620545105,0.022170818,-1.872533683e-11,-1.549108837e-11,0.001802379857
9.709877182,30.875,trans,1,0,0.5143108812,-2.165873411e-16,2.589866797e-16,-0.007941811427,-0.05232513243,0.002800991853
9.709877182,30.875,trans,-1,-1,0.3321191258,-0.0961101137,-0.003730539066,0.04710647997,-0.0297378573,0.01235443149
9.709877182,30.875,trans,-1,1,0.3321191258,-0.0961101137,-0.003730539066,-0.04710647997,0.0297378573,0.01235443149
9.709877182,30.875,trans,1,-1,0.3321191258,0.09611011361,0.003730539179,0.04710647997,-0.02973785729,0.01235443147
9.709877182,30.875,trans,1,1,0.3321191258,0.09611011361,0.003730539179,-0.04710647997,0.02973785729,0.01235443147
9.709877182,30.875,refl,0,0,0.6470921505,-7.617935412e-17,-2.908065918e-16,-0.5156358326,-0.3672355172,0.400742237
9.709877182,30.875,refl,-1,0,0.5143108812,-2.675406821e-16,1.102325777e-16,0.005142354737,0.05035320487,0.002561889053
9.709877182,30.875,refl,0,-1,0.5143108812,-0.03579232558,0.02128830688,-2.21799527e-11,-1.533332101e-11,0.00173428258
9.709877182,30.875,refl,0,1,0.5143108812,-0.03579232558,0.02128830688,2.218005081e-11,1.533324831e-11,0.00173428258
9.709877182,30.875,refl,1,0,0.5143108812,-3.411906429e-16,1.533732632e-16,0.005142354656,0.05035320484,0.002561889049
9.709877182,30.875,refl,-1,-1,0.3321191258,-0.09329238212,-0.003933778875,-0.04800256154,0.02911222276,0.01187071061
9.709877182,30.875,refl,-1,1,0.3321191258,-0.09329238212,-0.003933778875,0.04800256154,-0.02911222276,0.01187071061
9.709877182,30.875,refl,1,-1,0.3321191258,0.09329238205,0.003933778989,-0.04800256154,0.02911222274,0.01187071059
9.709877182,30.875,refl,1,1,0.3321191258,0.09329238205,0.003933778989,0.04800256154,-0.02911222274,0.01187071059
9.670724452,31,trans,0,0,0.6497119568,1.841548366e-16,-1.566406293e-16,0.4916128841,-0.3942802558,0.397140148
9.670724452,31,trans,-1,0,0.5176031859,-1.060957958e-16,1.80861479e-16,-0.006426782167,-0.05146557475,0.002690008914
9.670724452,31,trans,0,-1,0.5176031859,-0.03581518118,0.02077048749,1.953895451e-11,1.602164136e-11,0.001714140354
9.670724452,31,trans,0,1,0.5176031859,-0.03581518118,0.02077048749,-1.95391099e-11,-1.602217788e-11,0.001714140354
9.670724452,31,trans,1,0,0.5176031859,-2.481830824e-16,3.107020535e-16,-0.006426782085,-0.05146557472,0.002690008909
9.670724452,31,trans,-1,-1,0.3371950315,-0.09477104751,-0.006173566249,0.04743859838,-0.02803603451,0.01205610421
9.670724452,31,trans,-1,1,0.3371950315,-0.09477104751,-0.006173566249,-0.04743859838,0.02803603451,0.01205610421
9.670724452,31,trans,1,-1,0.3371950315,0.09477104742,0.006173566364,0.04743859838,-0.0280360345,0.0120561042
9.670724452,31,trans,1,1,0.3371950315,0.09477104742,0.006173566364,-0.04743859838,0.0280360345,0.0120561042
9.670724452,31,refl,0,0,0.6497119568,-9.059543603e-17,-2.145343112e-16,-0.5037593206,-0.3713457503,0.3916711194
9.670724452,31,refl,-1,0,0.5176031859,-2.693005387e-16,1.521586889e-16,0.003683521369,0.04949980054,0.002463798583
9.670724452,31,refl,0,-1,0.5176031859,-0.03555571589,0.01978582664,-2.277947139e-11,-1.574220906e-11,0.001655687868
9.670724452,31,refl,0,1,0.5176031859,-0.03555571589,0.01978582664,2.277939582e-11,1.574210129e-11,0.001655687868
9.670724452,31,refl,1,0,0.5176031859,-3.700286867e-16,1.99167983e-16,0.003683521287,0.0494998005,0.002463798579
9.670724452,31,refl,-1,-1,0.3371950315,-0.09193675957,-0.006401209422,-0.04830216221,0.02751052845,0.01158327129
9.670724452,31,refl,-1,1,0.3371950315,-0.09193675957,-0.006401209422,0.04830216221,-0.02751052845,0.01158327129
9.670724452,31,refl,1,-1,0.3371950315,0.09193675949,0.006401209538,-0.04830216221,0.02751052843,0.01158327128
9.670724452,31,refl,1,1,0.3371950315,0.09193675949,0.006401209538,0.04830216221,-0.02751052843,0.01158327128
9.631886201,31.125,trans,0,0,0.6523317631,5.000660926e-17,5.852936986e-17,0.5033054585,-0.3969439379,0.4108808744
9.631886201,31.125,trans,-1,0,0.5208878578,-5.273708985e-17,1.910459863e-16,-0.005191634852,-0.05058037966,0.002585327879
9.631886201,31.125,trans,0,-1,0.5208878578,-0.03537831345,0.01969706993,2.044613012e-11,1.719323485e-11,0.001639599627
9.631886201,31.125,trans,0,1,0.5208878578,-0.03537831345,0.01969706993,-2.044624276e-11,-1.719383863e-11,0.001639599627
9.631886201,31.125,trans,1,0,0.5208878578,-1.770779354e-16,3.013627969e-16,-0.005191634768,-0.05058037963,0.002585327875
9.631886201,31.125,trans,-1,-1,0.3422157092,-0.09318782214,-0.008195285525,0.04759474239,-0.0264607212,0.01171656217
9.631886201,31.125,trans,-1,1,0.3422157092,-0.09318782214,-0.008195285525,-0.04759474239,0.0264607212,0.01171656217
9.631886201,31.125,trans,1,-1,0.3422157092,0.09318782205,0.008195285642,0.04759474239,-0.02646072119,0.01171656215
9.631886201,31.125,trans,1,1,0.3422157092,0.09318782205,0.008195285642,-0.04759474239,0.02646072119,0.01171656215
9.631886201,31.125,refl,0,0,0.6523317631,-1.621088517e-16,-2.971679202e-17,-0.4921089423,-0.373861584,0.3819436951
9.631886201,31.125,refl,-1,0,0.5208878578,-2.154410892e-16,1.599187868e-16,0.002413894346,0.04860866723,0.002368629416
9.631886201,31.125,refl,0,-1,0.5208878578,-0.03531090875,0.01856669924,-2.325552037e-11,-1.679049032e-11,0.001591582597
9.631886201,31.125,refl,0,1,0.5208878578,-0.03531090875,0.01856669924,2.325542255e-11,1.679046314e-11,0.001591582597
9.631886201,31.125,refl,1,0,0.5208878578,-2.970940038e-16,1.92585551e-16,0.002413894261,0.04860866719,0.002368629412
9.631886201,31.125,refl,-1,-1,0.3422157092,-0.0903633334,-0.008495558108,-0.04836742513,0.02606294169,0.01125639127
9.631886201,31.125,refl,-1,1,0.3422157092,-0.0903633334,-0.008495558108,0.04836742513,-0.02606294169,0.01125639127
9.631886201,31.125,refl,1,-1,0.3422157092,0.09036333332,0.008495558225,-0.04836742513,0.02606294167,0.01125639126
9.631886201,31.125,refl,1,1,0.3422157092,0.09036333332,0.008495558225,0.04836742513,-0.02606294167,0.01125639126
9.593358656,31.25,trans,0,0,0.6549515694,4.027653347e-17,6.02452679e-17,0.5149331679,-0.3993560651,0.4246414341
9.593358656,31.25,trans,-1,0,0.5241650403,-1.05387429e-16,1.65590986e-16,-0.003987263999,-0.04969278813,0.002485271466
9.593358656,31.25,trans,0,-1,0.5241650403,-0.03491105224,0.01867401778,2.140903712e-11,1.834497205e-11,0.001567500508
9.593358656,31.25,trans,0,1,0.5241650403,-0.03491105224,0.01867401778,-2.140920931e-11,-1.83456458e-11,0.001567500508
9.593358656,31.25,trans,1,0,0.5241650403,-2.030777896e-16,2.619776989e-16,-0.003987263912,-0.04969278809,0.002485271462
9.593358656,31.25,trans,-1,-1,0.3471835547,-0.09159870803,-0.0101547729,0.04770152433,-0.02489106019,0.01138844303
9.593358656,31.25,trans,-1,1,0.3471835547,-0.09159870803,-0.0101547729,-0.04770152433,0.02489106019,0.01138844303
9.593358656,31.25,trans,1,-1,0.3471835547,0.09159870794,0.01015477302,0.04770152433,-0.02489106017,0.01138844301
9.593358656,31.25,trans,1,1,0.3471835547,0.09159870794,0.01015477302,-0.04770152433,0.02489106017,0.01138844301
9.593358656,31.25,refl,0,0,0.6549515694,-1.737185866e-16,6.450295329e-18,-0.4805245896,-0.3761302449,0.3723778424
9.593358656,31.25,refl,-1,0,0.5241650403,-2.65541927e-16,1.275078329e-16,0.001173119508,0.04771338434,0.002277943254
9.593358656,31.25,refl,0,-1,0.5241650403,-0.0350331124,0.01740021109,-2.37920138e-11,-1.782066311e-11,0.00153008631
9.593358656,31.25,refl,0,1,0.5241650403,-0.0350331124,0.01740021109,2.379199359e-11,1.782071264e-11,0.00153008631
9.593358656,31.25,refl,1,0,0.5241650403,-3.164673961e-16,1.515282339e-16,0.00117311942,0.0477133843,0.00227794325
9.593358656,31.25,refl,-1,-1,0.3471835547,-0.08878369354,-0.0105268791,-0.04839005642,0.02462312719,0.01094125537
9.593358656,31.25,refl,-1,1,0.3471835547,-0.08878369354,-0.0105268791,0.04839005642,-0.02462312719,0.01094125537
9.593358656,31.25,refl,1,-1,0.3471835547,0.08878369345,0.01052687922,-0.04839005642,0.02462312717,0.01094125536
9.593358656,31.25,refl,1,1,0.3471835547,0.08878369345,0.01052687922,0.04839005642,-0.02462312717,0.01094125536
9.555138104,31.375,trans,0,0,0.6575713756,-9.829028575e-17,1.708349341e-16,0.5264861655,-0.401520508,0.4384064008
9.555138104,31.375,trans,-1,0,0.527434873,-4.253457079e-17,2.355549413e-16,-0.002814332166,-0.04880332384,0.002389684883
9.555138104,31.375,trans,0,-1,0.527434873,-0.03441643123,0.01770153558,2.242761828e-11,1.947747538e-11,0.001497835101
9.555138104,31.375,trans,0,1,0.527434873,-0.03441643123,0.01770153558,-2.242784202e-11,-1.947801491e-11,0.001497835101
9.555138104,31.375,trans,1,0,0.527434873,-1.559829979e-16,3.197995032e-16,-0.002814332078,-0.0488033238,0.002389684879
9.555138104,31.375,trans,-1,-1,0.3521008045,-0.09000503576,-0.01205278235,0.04776076516,-0.02332925567,0.01107152088
9.555138104,31.375,trans,-1,1,0.3521008045,-0.09000503576,-0.01205278235,-0.04776076516,0.02332925567,0.01107152088
9.555138104,31.375,trans,1,-1,0.3521008045,0.09000503567,0.01205278247,0.04776076515,-0.02332925566,0.01107152087
9.555138104,31.375,trans,1,1,0.3521008045,0.09000503567,0.01205278247,-0.04776076515,0.02332925566,0.01107152087
9.555138104,31.375,refl,0,0,0.6575713756,-2.751360732e-16,1.127413839e-16,-0.4690159819,-0.3781555883,0.3629776402
9.555138104,31.375,refl,-1,0,0.527434873,-2.007439339e-16,1.934464034e-16,-3.802116506e-05,0.04681453805,0.002191602419
9.555138104,31.375,refl,0,-1,0.527434873,-0.03472532346,0.01628657704,-2.438889219e-11,-1.883335053e-11,0.001471100681
9.555138104,31.375,refl,0,1,0.527434873,-0.03472532346,0.01628657704,2.438894127e-11,1.88332788e-11,0.001471100681
9.555138104,31.375,refl,1,0,0.527434873,-2.637280819e-16,2.118345312e-16,-3.802125552e-05,0.04681453801,0.002191602415
9.555138104,31.375,refl,-1,-1,0.3521008045,-0.087199049,-0.0124958068,-0.04837173417,0.02319282549,0.01063755116
9.555138104,31.375,refl,-1,1,0.3521008045,-0.087199049,-0.0124958068,0.04837173417,-0.02319282549,0.01063755116
9.555138104,31.375,refl,1,-1,0.3521008045,0.08719904892,0.01249580692,-0.04837173417,0.02319282548,0.01063755114
9.555138104,31.375,refl,1,1,0.3521008045,0.08719904892,0.01249580692,0.04837173417,-0.02319282548,0.01063755114
9.517220889,31.5,trans,0,0,0.6601911819,-6.212248468e-12,2.146615337e-12,0.5379551839,-0.4034416092,0.452160912
9.517220889,31.5,trans,-1,0,0.5306974919,-2.574313141e-13,-2.134442596e-13,-0.001673429527,-0.04791256674,0.002298414418
9.517220889,31.5,trans,0,-1,0.5306974919,-0.03389742946,0.01677970495,2.369722917e-11,2.03208677e-11,0.001430594222
9.517220889,31.5,trans,0,1,0.5306974919,-0.03389742946,0.01677970495,-2.330712136e-11,-2.086187838e-11,0.001430594222
9.517220889,31.5,trans,1,0,0.5306974919,-2.575208877e-13,-2.133759184e-13,-0.001673429436,-0.0479125667,0.002298414414
9.517220889,31.5,trans,-1,-1,0.3569695493,-0.08840810546,-0.01389003156,0.04777425303,-0.02177739589,0.01076556031
9.517220889,31.5,trans,-1,1,0.3569695493,-0.08840810546,-0.01389003156,-0.04777425303,0.02177739589,0.01076556031
9.517220889,31.5,trans,1,-1,0.3569695493,0.08840810537,0.01389003168,0.04777425302,-0.02177739587,0.0107655603
9.517220889,31.5,trans,1,1,0.3569695493,0.08840810536,0.01389003169,-0.04777425302,0.02177739588,0.0107655603
9.517220889,31.5,refl,0,0,0.6601911819,-6.216393858e-12,2.168757937e-12,-0.4575922615,-0.3799419335,0.3537465506
9.517220889,31.5,refl,-1,0,0.5306974919,-2.968509879e-13,-3.388802531e-13,-0.001218821347,0.04591276963,0.00210946794
9.517220889,31.5,refl,0,-1,0.5306974919,-0.03439049064,0.01522589233,-2.52701734e-11,-1.958446042e-11,0.001414533643
9.517220889,31.5,refl,0,1,0.5306974919,-0.03439049064,0.01522589233,2.482257315e-11,2.007332742e-11,0.001414533643
9.517220889,31.5,refl,1,0,0.5306974919,-2.96890756e-13,-3.38877502e-13,-0.00121882144,0.04591276958,0.002109467937
9.517220889,31.5,refl,-1,-1,0.3569695493,-0.0856105945,-0.01440294552,-0.04831408875,0.02177369253,0.01034496359
9.517220889,31.5,refl,-1,1,0.3569695493,-0.08561059451,-0.01440294551,0.04831408875,-0.02177369252,0.01034496359
9.517220889,31.5,refl,1,-1,0.3569695493,0.08561059442,0.01440294564,-0.04831408875,0.02177369251,0.01034496358
9.517220889,31.5,refl,1,1,0.3569695493,0.08561059441,0.01440294564,0.04831408875,-0.02177369251,0.01034496358
9.479603415,31.625,trans,0,0,0.6628109882,-5.059554698e-12,1.508181669e-12,0.5493315271,-0.4051241239,0.4658906824
9.479603415,31.625,trans,-1,0,0.5339530291,-1.973601733e-13,-1.845583504e-13,-0.0005650774812,-0.04702114532,0.00221130742
9.479603415,31.625,trans,0,-1,0.5339530291,-0.0333569671,0.01590848439,2.479767447e-11,2.147990438e-11,0.00136576713
9.479603415,31.625,trans,0,1,0.5339530291,-0.0333569671,0.01590848439,-2.446812381e-11,-2.189370643e-11,0.00136576713
9.479603415,31.625,trans,1,0,0.5339530291,-1.975027173e-13,-1.845321118e-13,-0.0005650773875,-0.04702114528,0.002211307416
9.479603415,31.625,trans,-1,-1,0.3617917475,-0.08680918975,-0.0156672106,0.04774374797,-0.02023745803,0.01047031709
9.479603415,31.625,trans,-1,1,0.3617917475,-0.08680918975,-0.0156672106,-0.04774374797,0.02023745803,0.01047031709
9.479603415,31.625,trans,1,-1,0.3617917475,0.08680918966,0.01566721072,0.04774374797,-0.02023745802,0.01047031708
9.479603415,31.625,trans,1,1,0.3617917475,0.08680918965,0.01566721072,-0.04774374797,0.02023745802,0.01047031708
9.479603415,31.625,refl,0,0,0.6628109882,-5.06227801e-12,1.528182201e-12,-0.4462620022,-0.381494005,0.3446874505
9.479603415,31.625,refl,-1,0,0.5339530291,-2.271636658e-13,-2.881867649e-13,-0.00236864687,0.0450087679,0.002031399675
9.479603415,31.625,refl,0,-1,0.5339530291,-0.03403151023,0.01421813145,-2.595255491e-11,-2.062426052e-11,0.001360298951
9.479603415,31.625,refl,0,1,0.5339530291,-0.03403151023,0.01421813145,2.557704306e-11,2.099181783e-11,0.001360298951
9.479603415,31.625,refl,1,0,0.5339530291,-2.272493461e-13,-2.882177005e-13,-0.002368646966,0.04500876785,0.002031399672
9.479603415,31.625,refl,-1,-1,0.3617917475,-0.08401951202,-0.01624887821,-0.04821870981,0.02036730331,0.01006317546
9.479603415,31.625,refl,-1,1,0.3617917475,-0.08401951202,-0.0162488782,0.04821870981,-0.02036730331,0.01006317546
9.479603415,31.625,refl,1,-1,0.3617917475,0.08401951193,0.01624887833,-0.04821870981,0.02036730329,0.01006317545
9.479603415,31.625,refl,1,1,0.3617917475,0.08401951193,0.01624887833,0.04821870981,-0.0203673033,0.01006317545
9.442282142,31.75,trans,0,0,0.6654307945,-4.108390842e-12,1.034955303e-12,0.5606070606,-0.4065731642,0.4795820143
9.442282142,31.75,trans,-1,0,0.5372016134,-1.501630839e-13,-1.580262704e-13,0.0005102678482,-0.04612972977,0.002128212342
9.442282142,31.75,trans,0,-1,0.5372016134,-0.03279790089,0.01508771007,2.595875876e-11,2.260711933e-11,0.001303341298
9.442282142,31.75,trans,0,1,0.5372016134,-0.03279790089,0.01508771007,-2.568228726e-11,-2.292215875e-11,0.001303341298
9.442282142,31.75,trans,1,0,0.5372016134,-1.503063511e-13,-1.580222038e-13,0.0005102679446,-0.04612972972,0.002128212338
9.442282142,31.75,trans,-1,-1,0.3665692359,-0.08520953593,-0.01738498915,0.04767098555,-0.01871131274,0.01018553895
9.442282142,31.75,trans,-1,1,0.3665692359,-0.08520953593,-0.01738498915,-0.04767098554,0.01871131274,0.01018553895
9.442282142,31.75,trans,1,-1,0.3665692359,0.08520953583,0.01738498927,0.04767098554,-0.01871131272,0.01018553893
9.442282142,31.75,trans,1,1,0.3665692359,0.08520953583,0.01738498927,-0.04767098554,0.01871131272,0.01018553893
9.442282142,31.75,refl,0,0,0.6654307945,-4.110135065e-12,1.052825979e-12,-0.4350332192,-0.3828168783,0.3358026641
9.442282142,31.75,refl,-1,0,0.5372016134,-1.724805221e-13,-2.434772244e-13,-0.003486932351,0.04410326268,0.001957256476
9.442282142,31.75,refl,0,-1,0.5372016134,-0.03365122112,0.01326314823,-2.670131833e-11,-2.163413282e-11,0.001308315784
9.442282142,31.75,refl,0,1,0.5372016134,-0.03365122112,0.01326314823,2.638827304e-11,2.190857076e-11,0.001308315784
9.442282142,31.75,refl,1,0,0.5372016134,-1.725639943e-13,-2.435263981e-13,-0.00348693245,0.04410326263,0.001957256473
9.442282142,31.75,refl,-1,-1,0.3665692359,-0.08242697162,-0.01803417371,-0.04808715202,0.01897515528,0.009791867779
9.442282142,31.75,refl,-1,1,0.3665692359,-0.08242697162,-0.01803417371,0.04808715202,-0.01897515528,0.009791867779
9.442282142,31.75,refl,1,-1,0.3665692359,0.08242697153,0.01803417383,-0.04808715201,0.01897515526,0.009791867767
9.442282142,31.75,refl,1,1,0.3665692359,0.08242697153,0.01803417384,0.04808715202,-0.01897515526,0.009791867767
9.405253584,31.875,trans,0,0,0.6680506007,-3.326368701e-12,6.880617084e-13,0.5717742007,-0.4077941489,0.4932218044
9.405253584,31.875,trans,-1,0,0.5404433702,-1.133500976e-13,-1.34269595e-13,0.001552212249,-0.04523902598,0.002048978834
9.405253584,31.875,trans,0,-1,0.5404433702,-0.03222301911,0.01431709771,2.718115537e-11,2.370607036e-11,0.001243302248
9.405253584,31.875,trans,0,1,0.5404433702,-0.03222301911,0.01431709771,-2.695080643e-11,-2.394494062e-11,0.001243302248
9.405253584,31.875,trans,1,0,0.5404433702,-1.134926917e-13,-1.34277391e-13,0.001552212348,-0.04523902593,0.00204897883
9.405253584,31.875,trans,-1,-1,0.3713037404,-0.08361036731,-0.01904402246,0.04755767965,-0.01720072818,0.009910966256
9.405253584,31.875,trans,-1,1,0.3713037404,-0.08361036731,-0.01904402246,-0.04755767965,0.01720072818,0.009910966256
9.405253584,31.875,trans,1,-1,0.3713037404,0.0836103672,0.01904402259,0.04755767964,-0.01720072816,0.009910966243
9.405253584,31.875,trans,1,1,0.3713037404,0.0836103672,0.01904402259,-0.04755767964,0.01720072817,0.009910966243
9.405253584,31.875,refl,0,0,0.6680506007,-3.327481838e-12,7.038768514e-13,-0.4239133805,-0.3839159292,0.3270939948
9.405253584,31.875,refl,-1,0,0.5404433702,-1.298817549e-13,-2.046023711e-13,-0.004573177925,0.04319701894,0.001886896402
9.405253584,31.875,refl,0,-1,0.5404433702,-0.03325239937,0.0123606771,-2.751693031e-11,-2.261770676e-11,0.001258508402
9.405253584,31.875,refl,0,1,0.5404433702,-0.03325239937,0.0123606771,2.725761042e-11,2.282121058e-11,0.001258508402
9.405253584,31.875,refl,1,0,0.5404433702,-1.299619284e-13,-2.046578972e-13,-0.004573178028,0.04319701889,0.001886896398
9.405253584,31.875,refl,-1,-1,0.3713037404,-0.08083413165,-0.01975939268,-0.04792093984,0.01759867119,0.009530720141
9.405253584,31.875,refl,-1,1,0.3713037404,-0.08083413165,-0.01975939268,0.04792093984,-0.01759867118,0.009530720141
9.405253584,31.875,refl,1,-1,0.3713037404,0.08083413155,0.01975939281,-0.04792093983,0.01759867117,0.009530720129
9.405253584,31.875,refl,1,1,0.3713037404,0.08083413155,0.01975939281,0.04792093983,-0.01759867117,0.009530720129
9.368514313,32,trans,0,0,0.670670407,-2.685265536e-12,4.368298219e-13,0.5828259015,-0.4087927553,0.5067975482
9.368514313,32,trans,-1,0,0.5436784216,-8.465408615e-14,-1.130976057e-13,0.002560420167,-0.04434977018,0.001973457866
9.368514313,32,trans,0,-1,0.5436784216,-0.0316350365,0.01359624547,2.846584676e-11,2.477996068e-11,0.001185633425
9.368514313,32,trans,0,1,0.5436784216,-0.0316350365,0.01359624547,-2.827504674e-11,-2.496012026e-11,0.001185633425
9.368514313,32,trans,1,0,0.5436784216,-8.480517414e-14,-1.131054381e-13,0.00256042027,-0.04434977013,0.001973457863
9.368514313,32,trans,-1,-1,0.3759968847,-0.08201288412,-0.02064495622,0.04740552467,-0.01570737397,0.009646332744
9.368514313,32,trans,-1,1,0.3759968847,-0.08201288412,-0.02064495622,-0.04740552467,0.01570737397,0.009646332744
9.368514313,32,trans,1,-1,0.3759968847,0.08201288401,0.02064495635,0.04740552466,-0.01570737396,0.009646332732
9.368514313,32,trans,1,1,0.3759968847,0.08201288401,0.02064495636,-0.04740552466,0.01570737396,0.009646332732
9.368514313,32,refl,0,0,0.670670407,-2.686020899e-12,4.507133267e-13,-0.4129094196,-0.3847967869,0.318562756
9.368514313,32,refl,-1,0,0.5436784216,-9.673167649e-14,-1.708845232e-13,-0.005626946093,0.04229083154,0.001820176954
9.368514313,32,refl,0,-1,0.5436784216,-0.03283775268,0.01151033536,-2.840018326e-11,-2.35782101e-11,0.001210805821
9.368514313,32,refl,0,1,0.5436784216,-0.03283775268,0.01151033536,2.818655176e-11,2.372778898e-11,0.001210805821
9.368514313,32,refl,1,0,0.5436784216,-9.68178454e-14,-1.709366162e-13,-0.005626946199,0.04229083148,0.001820176951
9.368514313,32,refl,-1,-1,0.3759968847,-0.07924213844,-0.02142509239,-0.0477215714,0.01623920182,0.00927941114
9.368514313,32,refl,-1,1,0.3759968847,-0.07924213844,-0.02142509239,0.0477215714,-0.01623920182,0.00927941114
9.368514313,32,refl,1,-1,0.3759968847,0.07924213834,0.02142509253,-0.04772157139,0.0162392018,0.009279411129
9.368514313,32,refl,1,1,0.3759968847,0.07924213834,0.02142509253,0.04772157139,-0.0162392018,0.009279411129
9.332060949,32.125,trans,0,0,0.6732902133,-2.153727868e-12,2.673336919e-13,0.5934694765,-0.4086202692,0.5191765439
9.332060949,32.125,trans,-1,0,0.5469068866,-6.303690054e-14,-9.542773303e-14,0.003371872457,-0.04351115722,0.001904590327
9.332060949,32.125,trans,0,-1,0.5469068866,-0.03115165716,0.01305944822,2.941439686e-11,2.687784047e-11,0.001140974931
9.332060949,32.125,trans,0,1,0.5469068866,-0.03115165716,0.01305944822,-2.925868464e-11,-2.701371551e-11,0.001140974931
9.332060949,32.125,trans,1,0,0.5469068866,-6.318473566e-14,-9.54469077e-14,0.003371872561,-0.04351115717,0.001904590323
9.332060949,32.125,trans,-1,-1,0.3806501987,-0.08031866008,-0.02193540572,0.04715170684,-0.01438689704,0.009362515445
9.332060949,32.125,trans,-1,1,0.3806501987,-0.08031866008,-0.02193540572,-0.04715170684,0.01438689704,0.009362515445
9.332060949,32.125,trans,1,-1,0.3806501987,0.08031865997,0.02193540585,0.04715170684,-0.01438689703,0.009362515433
9.332060949,32.125,trans,1,1,0.3806501987,0.08031865997,0.02193540585,-0.04715170684,0.01438689703,0.009362515433
9.332060949,32.125,refl,0,0,0.6732902133,-2.154486757e-12,2.788618198e-13,-0.4023331119,-0.384498481,0.3097110149
9.332060949,32.125,refl,-1,0,0.5469068866,-7.172957696e-14,-1.421542084e-13,-0.006551612562,0.04143424985,0.001759720687
9.332060949,32.125,refl,0,-1,0.5469068866,-0.03248063338,0.01084071751,-2.886981019e-11,-2.559168143e-11,0.001172512701
9.332060949,32.125,refl,0,1,0.5469068866,-0.03248063338,0.01084071751,2.869600797e-11,2.570197491e-11,0.001172512701
9.332060949,32.125,refl,1,0,0.5469068866,-7.181355731e-14,-1.422106903e-13,-0.006551612671,0.04143424979,0.001759720684
9.332060949,32.125,refl,-1,-1,0.3806501987,-0.07755690054,-0.02281033079,-0.04738078997,0.01502154467,0.009005970074
9.332060949,32.125,refl,-1,1,0.3806501987,-0.07755690054,-0.02281033079,0.04738078997,-0.01502154467,0.009005970074
9.332060949,32.125,refl,1,-1,0.3806501987,0.07755690043,0.02281033092,-0.04738078997,0.01502154465,0.009005970063
9.332060949,32.125,refl,1,1,0.3806501987,0.07755690043,0.02281033092,0.04738078997,-0.01502154465,0.009005970063
9.295890171,32.25,trans,0,0,0.6759100196,-1.723047763e-12,1.480646859e-13,0.6039720844,-0.4082711831,0.5314676377
9.295890171,32.25,trans,-1,0,0.5501288811,-4.637957543e-14,-7.995251021e-14,0.004158750744,-0.04267982567,0.001838862727
9.295890171,32.25,trans,0,-1,0.5501288811,-0.0306695071,0.01256428783,3.047909791e-11,2.900653827e-11,0.001098479994
9.295890171,32.25,trans,0,1,0.5501288811,-0.0306695071,0.01256428783,-3.035247626e-11,-2.910854636e-11,0.001098479994
9.295890171,32.25,trans,1,0,0.5501288811,-4.653757434e-14,-7.999940887e-14,0.00415875085,-0.04267982561,0.001838862723
9.295890171,32.25,trans,-1,-1,0.3852651256,-0.07863980896,-0.02317719772,0.04686945326,-0.01308656065,0.009089405765
9.295890171,32.25,trans,-1,1,0.3852651256,-0.07863980896,-0.02317719772,-0.04686945326,0.01308656065,0.009089405765
9.295890171,32.25,trans,1,-1,0.3852651256,0.07863980884,0.02317719785,0.04686945326,-0.01308656063,0.009089405752
9.295890171,32.25,trans,1,1,0.3852651256,0.07863980884,0.02317719785,-0.04686945326,0.01308656063,0.009089405752
9.295890171,32.25,refl,0,0,0.6759100196,-1.723817554e-12,1.576057996e-13,-0.3918963491,-0.384028481,0.3010606226
9.295890171,32.25,refl,-1,0,0.5501288811,-5.252616689e-14,-1.176924532e-13,-0.007452209287,0.0405830076,0.001702515929
9.295890171,32.25,refl,0,-1,0.5501288811,-0.03212153748,0.01021632452,-2.946213788e-11,-2.763749377e-11,0.001136166456
9.295890171,32.25,refl,0,1,0.5501288811,-0.03212153748,0.01021632452,2.932121214e-11,2.771817476e-11,0.001136166456
9.295890171,32.25,refl,1,0,0.5501288811,-5.262099723e-14,-1.177715818e-13,-0.007452209399,0.04058300753,0.001702515925
9.295890171,32.25,refl,-1,-1,0.3852651256,-0.07588492204,-0.02414464869,-0.04701748151,0.01382298607,0.008743203966
9.295890171,32.25,refl,-1,1,0.3852651256,-0.07588492204,-0.02414464869,0.04701748151,-0.01382298607,0.008743203966
9.295890171,32.25,refl,1,-1,0.3852651256,0.07588492193,0.02414464883,-0.04701748151,0.01382298605,0.008743203955
9.295890171,32.25,refl,1,1,0.3852651256,0.07588492193,0.02414464883,0.04701748151,-0.01382298605,0.008743203955
9.259998703,32.375,trans,0,0,0.6785298259,-1.375027785e-12,6.595399824e-14,0.6143299215,-0.4077519634,0.5436629161
9.259998703,32.375,trans,-1,0,0.5533445182,-3.363489091e-14,-6.659946772e-14,0.004920997356,-0.04185626577,0.001776163199
9.259998703,32.375,trans,0,-1,0.5533445182,-0.03019026209,0.01210955232,3.166245558e-11,3.116992125e-11,0.001058093182
9.259998703,32.375,trans,0,1,0.5533445182,-0.03019026209,0.01210955232,-3.155997249e-11,-3.124622345e-11,0.001058093182
9.259998703,32.375,trans,1,0,0.5533445182,-3.378660314e-14,-6.662332797e-14,0.004920997466,-0.0418562657,0.001776163195
9.259998703,32.375,trans,-1,-1,0.3898430287,-0.076976872,-0.02437121702,0.04656033315,-0.0118071941,0.008826669498
9.259998703,32.375,trans,-1,1,0.3898430287,-0.076976872,-0.02437121702,-0.04656033315,0.0118071941,0.008826669498
9.259998703,32.375,trans,1,-1,0.3898430287,0.07697687188,0.02437121715,0.04656033315,-0.01180719409,0.008826669485
9.259998703,32.375,trans,1,1,0.3898430287,0.07697687188,0.02437121715,-0.04656033315,0.01180719409,0.008826669485
9.259998703,32.375,refl,0,0,0.6785298259,-1.375798672e-12,7.382487511e-14,-0.3816028884,-0.3833931101,0.2926110413
9.259998703,32.375,refl,-1,0,0.5533445182,-3.789304823e-14,-9.704360157e-14,-0.008328563862,0.03973769255,0.001648449185
9.259998703,32.375,refl,0,-1,0.5533445182,-0.03176219938,0.009635931337,-3.017944797e-11,-2.971947495e-11,0.001101688482
9.259998703,32.375,refl,0,1,0.5533445182,-0.03176219938,0.009635931337,3.006567596e-11,2.977805109e-11,0.001101688482
9.259998703,32.375,refl,1,0,0.5533445182,-3.798265214e-14,-9.709490621e-14,-0.008328563977,0.03973769249,0.001648449182
9.259998703,32.375,refl,-1,-1,0.3898430287,-0.07422683169,-0.02542888464,-0.04663296771,0.01264418065,0.008490759698
9.259998703,32.375,refl,-1,1,0.3898430287,-0.07422683169,-0.02542888464,0.04663296771,-0.01264418065,0.008490759698
9.259998703,32.375,refl,1,-1,0.3898430287,0.07422683157,0.02542888477,-0.04663296771,0.01264418063,0.008490759687
9.259998703,32.375,refl,1,1,0.3898430287,0.07422683157,0.02542888478,0.04663296771,-0.01264418063,0.008490759687
9.224383323,32.5,trans,0,0,0.6811496321,-2.351907826e-12,-8.414513515e-13,0.6245396386,-0.4070690582,0.5557549783
9.224383323,32.5,trans,-1,0,0.5565539081,-6.130912977e-14,-1.126368377e-13,0.005658595872,-0.04104097514,0.001716381348
9.224383323,32.5,trans,0,-1,0.5565539081,-0.02971550195,0.01169399847,3.293277883e-11,3.332243358e-11,0.001019760656
9.224383323,32.5,trans,0,1,0.5565539081,-0.02971550195,0.01169399847,-3.292025462e-11,-3.347868721e-11,0.001019760656
9.224383323,32.5,trans,1,0,0.5565539081,-6.148561007e-14,-1.126644004e-13,0.005658595985,-0.04104097507,0.001716381343
9.224383323,32.5,trans,-1,-1,0.3943851973,-0.07533038163,-0.02551833048,0.04622587659,-0.01054956237,0.00857397652
9.224383323,32.5,trans,-1,1,0.3943851973,-0.07533038163,-0.02551833047,-0.04622587659,0.01054956237,0.00857397652
9.224383323,32.5,trans,1,-1,0.3943851973,0.0753303815,0.02551833061,0.04622587658,-0.01054956236,0.008573976507
9.224383323,32.5,trans,1,1,0.3943851973,0.07533038151,0.02551833061,-0.04622587658,0.01054956236,0.008573976507
9.224383323,32.5,refl,0,0,0.6811496321,-2.366935542e-12,-8.363023212e-13,-0.3714560374,-0.3825986761,0.2843613346
9.224383323,32.5,refl,-1,0,0.5565539081,-6.721529972e-14,-2.220058902e-13,-0.009180551428,0.03889889806,0.001597406795
9.224383323,32.5,refl,0,-1,0.5565539081,-0.03140425944,0.009098279765,-3.101753938e-11,-3.180730301e-11,0.001069006206
9.224383323,32.5,refl,0,1,0.5565539081,-0.03140425944,0.009098279765,3.094070617e-11,3.191833264e-11,0.001069006206
9.224383323,32.5,refl,1,0,0.5565539081,-6.732472588e-14,-2.22057361e-13,-0.009180551547,0.03889889799,0.001597406791
9.224383323,32.5,refl,-1,-1,0.3943851973,-0.07258324952,-0.02666386674,-0.04622853634,0.01148573633,0.008248289612
9.224383323,32.5,refl,-1,1,0.3943851973,-0.07258324952,-0.02666386674,0.04622853634,-0.01148573633,0.008248289612
9.224383323,32.5,refl,1,-1,0.3943851973,0.0725832494,0.02666386688,-0.04622853634,0.01148573631,0.008248289601
9.224383323,32.5,refl,1,1,0.3943851973,0.0725832494,0.02666386688,0.04622853634,-0.01148573631,0.008248289601
9.189040858,32.625,trans,0,0,0.6837694384,-1.884028192e-12,-7.573379379e-13,0.6345983179,-0.4062288743,0.5677369233
9.189040858,32.625,trans,-1,0,0.5597571582,-4.36310994e-14,-9.555364382e-14,0.006371568213,-0.04023445645,0.001659408367
9.189040858,32.625,trans,0,-1,0.5597571582,-0.02924671095,0.01131635607,3.437253336e-11,3.557630414e-11,0.0009834300162
9.189040858,32.625,trans,0,1,0.5597571582,-0.02924671095,0.01131635607,-3.435956862e-11,-3.570122936e-11,0.0009834300162
9.189040858,32.625,trans,1,0,0.5597571582,-4.378252454e-14,-9.556667776e-14,0.006371568329,-0.04023445637,0.001659408363
9.189040858,32.625,trans,-1,-1,0.398892852,-0.07370086013,-0.02661938964,0.04586757614,-0.009314368638,0.008331000692
9.189040858,32.625,trans,-1,1,0.398892852,-0.07370086013,-0.02661938964,-0.04586757614,0.009314368637,0.008331000692
9.189040858,32.625,trans,1,-1,0.398892852,0.07370086,0.02661938978,0.04586757613,-0.009314368622,0.00833100068
9.189040858,32.625,trans,1,1,0.398892852,0.07370086,0.02661938978,-0.04586757613,0.009314368622,0.00833100068
9.189040858,32.625,refl,0,0,0.6837694384,-1.895460475e-12,-7.533711521e-13,-0.3614586761,-0.3816514475,0.2763102019
9.189040858,32.625,refl,-1,0,0.5597571582,-4.615356853e-14,-1.847373165e-13,-0.01000809164,0.03806722056,0.00154927518
9.189040858,32.625,refl,0,-1,0.5597571582,-0.03104926393,0.008602082628,-3.19984762e-11,-3.398025878e-11,0.001038052616
9.189040858,32.625,refl,0,1,0.5597571582,-0.03104926393,0.008602082628,3.193264964e-11,3.406727573e-11,0.001038052616
9.189040858,32.625,refl,1,0,0.5597571582,-4.624525899e-14,-1.847674103e-13,-0.01000809177,0.03806722049,0.001549275176
9.189040858,32.625,refl,-1,-1,0.398892852,-0.07095478514,-0.0278504149,-0.04580544327,0.01034821587,0.008015451349
9.189040858,32.625,refl,-1,1,0.398892852,-0.07095478514,-0.0278504149,0.04580544327,-0.01034821587,0.008015451349
9.189040858,32.625,refl,1,-1,0.398892852,0.07095478501,0.02785041504,-0.04580544327,0.01034821585,0.008015451339
9.189040858,32.625,refl,1,1,0.398892852,0.07095478501,0.02785041504,0.04580544327,-0.01034821585,0.008015451339
9.153968183,32.75,trans,0,0,0.6863892447,-1.505924034e-12,-6.731332149e-13,0.6445034497,-0.4052377553,0.579602335
9.153968183,32.75,trans,-1,0,0.5629543733,-3.026407154e-14,-8.057248739e-14,0.007059971864,-0.03943721526,0.00160513715
9.153968183,32.75,trans,0,-1,0.5629543733,-0.02878527846,0.01097533239,3.594120443e-11,3.7876996e-11,0.0009490501768
9.153968183,32.75,trans,0,1,0.5629543733,-0.02878527846,0.01097533239,-3.592850604e-11,-3.797707228e-11,0.0009490501768
9.153968183,32.75,trans,1,0,0.5629543733,-3.042428101e-14,-8.063774867e-14,0.007059971983,-0.03943721518,0.001605137146
9.153968183,32.75,trans,-1,-1,0.40336715,-0.07208881832,-0.02767523278,0.04548688825,-0.008102256879,0.008097419805
9.153968183,32.75,trans,-1,1,0.40336715,-0.07208881832,-0.02767523278,-0.04548688825,0.008102256879,0.008097419805
9.153968183,32.75,trans,1,-1,0.40336715,0.07208881818,0.02767523292,0.04548688824,-0.008102256863,0.008097419793
9.153968183,32.75,trans,1,1,0.40336715,0.07208881818,0.02767523292,-0.04548688824,0.008102256863,0.008097419793
9.153968183,32.75,refl,0,0,0.6863892447,-1.514546154e-12,-6.701099418e-13,-0.3516132806,-0.3805576326,0.2684560109
9.153968183,32.75,refl,-1,0,0.5629543733,-3.045708628e-14,-1.532113383e-13,-0.01081114576,0.03724325746,0.001503941099
9.153968183,32.75,refl,0,-1,0.5629543733,-0.0306986652,0.008146028258,-3.311480421e-11,-3.62017915e-11,0.001008765822
9.153968183,32.75,refl,0,1,0.5629543733,-0.0306986652,0.008146028258,3.305871197e-11,3.627013407e-11,0.001008765822
9.153968183,32.75,refl,1,0,0.5629543733,-3.055916929e-14,-1.532883745e-13,-0.01081114589,0.03724325738,0.001503941096
9.153968183,32.75,refl,-1,-1,0.40336715,-0.06934203592,-0.02898934238,-0.04536491414,0.009232138415,0.007791907732
9.153968183,32.75,refl,-1,1,0.40336715,-0.06934203592,-0.02898934238,0.04536491414,-0.009232138415,0.007791907732
9.153968183,32.75,refl,1,-1,0.40336715,0.06934203579,0.02898934253,-0.04536491413,0.009232138398,0.007791907721
9.153968183,32.75,refl,1,1,0.40336715,0.06934203579,0.02898934253,0.04536491413,-0.009232138398,0.007791907721
9.119162221,32.875,trans,0,0,0.689009051,-1.201335557e-12,-5.919750436e-13,0.6542529109,-0.4041019626,0.5913452676
9.119162221,32.875,trans,-1,0,0.5661456558,-2.024740111e-14,-6.752624611e-14,0.007723897188,-0.03864975822,0.001553462399
9.119162221,32.875,trans,0,-1,0.5661456558,-0.02833249977,0.01066961677,3.764482688e-11,4.02302501e-11,0.0009165712651
9.119162221,32.875,trans,0,1,0.5661456558,-0.02833249977,0.01066961677,-3.763287478e-11,-4.031048294e-11,0.0009165712651
9.119162221,32.875,trans,1,0,0.5661456558,-2.042534338e-14,-6.760079684e-14,0.007723897312,-0.03864975814,0.001553462394
9.119162221,32.875,trans,-1,-1,0.4078091892,-0.0704947544,-0.02868668639,0.04508523432,-0.006913814479,0.007872915558
9.119162221,32.875,trans,-1,1,0.4078091892,-0.0704947544,-0.02868668639,-0.04508523432,0.006913814479,0.007872915558
9.119162221,32.875,trans,1,-1,0.4078091892,0.07049475425,0.02868668653,0.04508523432,-0.006913814463,0.007872915545
9.119162221,32.875,trans,1,1,0.4078091892,0.07049475425,0.02868668653,-0.04508523432,0.006913814463,0.007872915545
9.119162221,32.875,refl,0,0,0.689009051,-1.207748402e-12,-5.897043954e-13,-0.3419219444,-0.3793233605,0.2607968279
9.119162221,32.875,refl,-1,0,0.5661456558,-1.889049856e-14,-1.266217785e-13,-0.01158971379,0.03642760511,0.00146129188
9.119162221,32.875,refl,0,-1,0.5661456558,-0.03035382219,0.007728785131,-3.437222133e-11,-3.84775628e-11,0.000981088641
9.119162221,32.875,refl,0,1,0.5661456558,-0.03035382219,0.007728785131,3.432468955e-11,3.853125908e-11,0.000981088641
9.119162221,32.875,refl,1,0,0.5661456558,-1.900546599e-14,-1.267055306e-13,-0.01158971392,0.03642760503,0.001461291877
9.119162221,32.875,refl,-1,-1,0.4078091892,-0.06774558549,-0.03008145683,-0.04490814572,0.008137981136,0.007577326687
9.119162221,32.875,refl,-1,1,0.4078091892,-0.06774558549,-0.03008145683,0.04490814572,-0.008137981136,0.007577326687
9.119162221,32.875,refl,1,-1,0.4078091892,0.06774558535,0.03008145698,-0.04490814572,0.008137981119,0.007577326677
9.119162221,32.875,refl,1,1,0.4078091892,0.06774558535,0.03008145698,0.04490814572,-0.008137981119,0.007577326677
9.084619939,33,trans,0,0,0.6916288572,-9.560598841e-13,-5.160876188e-13,0.6638449431,-0.4028276582,0.6029602306
9.084619939,33,trans,-1,0,0.5693311053,-1.289409087e-14,-5.633848182e-14,0.008363464807,-0.0378725914,0.001504280723
9.084619939,33,trans,0,-1,0.5693311053,-0.02788957731,0.01039788536,3.949033751e-11,4.264232782e-11,0.0008859445423
9.084619939,33,trans,0,1,0.5693311053,-0.02788957731,0.01039788536,-3.947943107e-11,-4.270675828e-11,0.0008859445423
9.084619939,33,trans,1,0,0.5693311053,-1.307479483e-14,-5.643535759e-14,0.008363464935,-0.03787259131,0.001504280718
9.084619939,33,trans,-1,-1,0.4122200124,-0.0689191528,-0.02965456615,0.04466400161,-0.005749574866,0.007657173567
9.084619939,33,trans,-1,1,0.4122200124,-0.0689191528,-0.02965456615,-0.04466400161,0.005749574866,0.007657173567
9.084619939,33,trans,1,-1,0.4122200124,0.06891915265,0.0296545663,0.04466400161,-0.00574957485,0.007657173555
9.084619939,33,trans,1,1,0.4122200124,0.06891915265,0.0296545663,-0.04466400161,0.00574957485,0.007657173555
9.084619939,33,refl,0,0,0.6916288572,-9.608395592e-13,-5.144221199e-13,-0.3323863997,-0.3779546636,0.2533304464
9.084619939,33,refl,-1,0,0.5693311053,-1.055433265e-14,-1.043572238e-13,-0.0123438317,0.03562085714,0.001421215644
9.084619939,33,refl,0,-1,0.5693311053,-0.03001600117,0.007349006635,-3.577733325e-11,-4.081377563e-11,0.0009549682246
9.084619939,33,refl,0,1,0.5693311053,-0.03001600117,0.007349006635,3.573729163e-11,4.08560235e-11,0.0009549682246
9.084619939,33,refl,1,0,0.5693311053,-1.068323874e-14,-1.044571898e-13,-0.01234383184,0.03562085705,0.001421215641
9.084619939,33,refl,-1,-1,0.4122200124,-0.06616600223,-0.03112756084,-0.04443630708,0.007066180955,0.007371381196
9.084619939,33,refl,-1,1,0.4122200124,-0.06616600223,-0.03112756084,0.04443630709,-0.007066180955,0.007371381196
9.084619939,33,refl,1,-1,0.4122200124,0.06616600209,0.03112756099,-0.04443630708,0.007066180937,0.007371381185
9.084619939,33,refl,1,1,0.4122200124,0.06616600209,0.03112756099,0.04443630708,-0.007066180937,0.007371381186
9.050338355,33.125,trans,0,0,0.6942486635,-7.588824184e-13,-4.445280467e-13,0.672977018,-0.4007175845,0.6134726493
9.050338355,33.125,trans,-1,0,0.5725108191,-7.745650622e-15,-4.729262724e-14,0.008905660691,-0.037144948,0.001459057955
9.050338355,33.125,trans,0,-1,0.5725108191,-0.02757963199,0.0101223764,3.983739352e-11,4.649915603e-11,0.0008630986048
9.050338355,33.125,trans,0,1,0.5725108191,-0.02757963199,0.0101223764,-3.982805153e-11,-4.655100794e-11,0.0008630986048
9.050338355,33.125,trans,1,0,0.5725108191,-7.899079202e-15,-4.734846366e-14,0.00890566082,-0.03714494791,0.00145905795
9.050338355,33.125,trans,-1,-1,0.4166006112,-0.06732875865,-0.03043391103,0.04419181309,-0.004774615112,0.007435097976
9.050338355,33.125,trans,-1,1,0.4166006112,-0.06732875865,-0.03043391103,-0.04419181309,0.004774615112,0.007435097976
9.050338355,33.125,trans,1,-1,0.4166006112,0.06732875849,0.03043391118,0.04419181309,-0.004774615095,0.007435097963
9.050338355,33.125,trans,1,1,0.4166006112,0.06732875849,0.03043391118,-0.04419181309,0.004774615096,0.007435097963
9.050338355,33.125,refl,0,0,0.6942486635,-7.623565167e-13,-4.43816054e-13,-0.323303325,-0.3757485667,0.2457120253
9.050338355,33.125,refl,-1,0,0.5725108191,-4.936976179e-15,-8.580521944e-14,-0.01301407091,0.03488626031,0.0013864172
9.050338355,33.125,refl,0,-1,0.5725108191,-0.02969675801,0.007004511418,-3.58033863e-11,-4.464563891e-11,0.0009309606167
9.050338355,33.125,refl,0,1,0.5725108191,-0.02969675801,0.007004511418,3.577041599e-11,4.467945689e-11,0.0009309606167
9.050338355,33.125,refl,1,0,0.5725108191,-5.038848477e-15,-8.586377959e-14,-0.01301407104,0.03488626021,0.001386417197
9.050338355,33.125,refl,-1,-1,0.4166006112,-0.06456640733,-0.03198509514,-0.04388812716,0.006100291985,0.007155248534
9.050338355,33.125,refl,-1,1,0.4166006112,-0.06456640733,-0.03198509514,0.04388812716,-0.006100291984,0.007155248534
9.050338355,33.125,refl,1,-1,0.4166006112,0.06456640718,0.03198509529,-0.04388812715,0.006100291966,0.007155248523
9.050338355,33.125,refl,1,1,0.4166006112,0.06456640718,0.03198509529,0.04388812715,-0.006100291967,0.007155248523
9.016314526,33.25,trans,0,0,0.6968684698,-6.012041334e-13,-3.803781423e-13,0.6819459371,-0.3985073973,0.6238584068
9.016314526,33.25,trans,-1,0,0.5756848925,-4.060740589e-15,-3.935346181e-14,0.009431434122,-0.03642929133,0.001416045217
9.016314526,33.25,trans,0,-1,0.5756848925,-0.02728257877,0.009871898737,4.030575012e-11,5.060483337e-11,0.0008417934893
9.016314526,33.25,trans,0,1,0.5756848925,-0.02728257877,0.009871898737,-4.029800432e-11,-5.064662108e-11,0.0008417934893
9.016314526,33.25,trans,1,0,0.5756848925,-4.194761017e-15,-3.939879846e-14,0.009431434253,-0.03642929123,0.001416045211
9.016314526,33.25,trans,-1,-1,0.4209519292,-0.06576361195,-0.03117927687,0.04370839233,-0.003820855747,0.007222022461
9.016314526,33.25,trans,-1,1,0.4209519292,-0.06576361195,-0.03117927687,-0.04370839233,0.003820855747,0.007222022461
9.016314526,33.25,trans,1,-1,0.4209519292,0.06576361178,0.03117927702,0.04370839233,-0.00382085573,0.007222022448
9.016314526,33.25,trans,1,1,0.4209519292,0.06576361178,0.03117927702,-0.04370839232,0.003820855731,0.007222022448
9.016314526,33.25,refl,0,0,0.6968684698,-6.036996745e-13,-3.803083535e-13,-0.3143807835,-0.3734458479,0.2382970784
9.016314526,33.25,refl,-1,0,0.5756848925,-1.059961113e-15,-7.022130238e-14,-0.0136672007,0.03416219632,0.001353848032
9.016314526,33.25,refl,0,-1,0.5756848925,-0.02938833506,0.006688364454,-3.595430431e-11,-4.872635754e-11,0.0009084084565
9.016314526,33.25,refl,0,1,0.5756848925,-0.02938833506,0.006688364454,3.592739319e-11,4.875349086e-11,0.0009084084565
9.016314526,33.25,refl,1,0,0.5756848925,-1.145594318e-15,-7.026340758e-14,-0.01366720084,0.03416219621,0.001353848029
9.016314526,33.25,refl,-1,-1,0.4209519292,-0.06299038338,-0.03280615826,-0.04333222571,0.00515428799,0.006948280888
9.016314526,33.25,refl,-1,1,0.4209519292,-0.06299038338,-0.03280615826,0.04333222571,-0.00515428799,0.006948280888
9.016314526,33.25,refl,1,-1,0.4209519292,0.06299038322,0.03280615841,-0.04333222571,0.005154287972,0.006948280877
9.016314526,33.25,refl,1,1,0.4209519292,0.06299038322,0.03280615841,0.04333222571,-0.005154287972,0.006948280877
8.982545558,33.375,trans,0,0,0.6994882761,-4.752384269e-13,-3.238291965e-13,0.6907520123,-0.3962026383,0.6341148731
8.982545558,33.375,trans,-1,0,0.5788534181,-1.535839367e-15,-3.270467615e-14,0.009941003131,-0.03572589365,0.00137516302
8.982545558,33.375,trans,0,-1,0.5788534181,-0.02699885796,0.009645229648,4.089718546e-11,5.498384647e-11,0.0008219687861
8.982545558,33.375,trans,0,1,0.5788534181,-0.02699885796,0.009645229648,-4.089063114e-11,-5.501748703e-11,0.0008219687861
8.982545558,33.375,trans,1,0,0.5788534181,-1.658363587e-15,-3.273112522e-14,0.009941003264,-0.03572589353,0.001375163014
8.982545558,33.375,trans,-1,-1,0.425274865,-0.06422370929,-0.03189146395,0.04321479487,-0.00288834704,0.007017611352
8.982545558,33.375,trans,-1,1,0.425274865,-0.06422370929,-0.03189146395,-0.04321479487,0.00288834704,0.007017611352
8.982545558,33.375,trans,1,-1,0.425274865,0.06422370912,0.0318914641,0.04321479486,-0.002888347023,0.007017611339
8.982545558,33.375,trans,1,1,0.425274865,0.06422370912,0.0318914641,-0.04321479486,0.002888347023,0.007017611339
8.982545558,33.375,refl,0,0,0.6994882761,-4.769436339e-13,-3.242505372e-13,-0.3056185223,-0.3710519165,0.2310822059
8.982545558,33.375,refl,-1,0,0.5788534181,1.48104006e-15,-5.742082576e-14,-0.01430338447,0.03344902014,0.001323423755
8.982545558,33.375,refl,0,-1,0.5788534181,-0.02909125606,0.00639929951,-3.623141529e-11,-5.308028139e-11,0.0008872522132
8.982545558,33.375,refl,0,1,0.5788534181,-0.02909125606,0.00639929951,3.620931806e-11,5.310200069e-11,0.0008872522132
8.982545558,33.375,refl,1,0,0.5788534181,1.403020099e-15,-5.743766133e-14,-0.01430338461,0.03344902002,0.001323423751
8.982545558,33.375,refl,-1,-1,0.425274865,-0.06143806804,-0.03359160421,-0.04276950085,0.004228222288,0.006750140145
8.982545558,33.375,refl,-1,1,0.425274865,-0.06143806804,-0.03359160421,0.04276950085,-0.004228222287,0.006750140145
8.982545558,33.375,refl,1,-1,0.425274865,0.06143806787,0.03359160437,-0.04276950085,0.004228222269,0.006750140134
8.982545558,33.375,refl,1,1,0.425274865,0.06143806787,0.03359160437,0.04276950085,-0.004228222269,0.006750140134
8.949028597,33.5,trans,0,0,0.7021080824,-3.749656287e-13,-2.742003962e-13,0.6993958024,-0.3938086438,0.6442397363
8.949028597,33.5,trans,-1,0,0.5820164865,1.716663385e-16,-2.706145457e-14,0.01043460589,-0.03503501804,0.001336333489
8.949028597,33.5,trans,0,-1,0.5820164865,-0.02672885339,0.009441174289,4.161256502e-11,5.966456762e-11,0.0008035673753
8.949028597,33.5,trans,0,1,0.5820164865,-0.02672885339,0.009441174289,-4.160719826e-11,-5.969178985e-11,0.0008035673753
8.949028597,33.5,trans,1,0,0.5820164865,4.890184293e-17,-2.706453761e-14,0.01043460603,-0.03503501792,0.001336333484
8.949028597,33.5,trans,-1,-1,0.4295702757,-0.06270904225,-0.03257125867,0.04271203602,-0.001977111399,0.006821537862
8.949028597,33.5,trans,-1,1,0.4295702757,-0.06270904225,-0.03257125867,-0.04271203602,0.001977111398,0.006821537862
8.949028597,33.5,trans,1,-1,0.4295702757,0.06270904207,0.03257125882,0.04271203602,-0.001977111381,0.006821537848
8.949028597,33.5,trans,1,1,0.4295702757,0.06270904207,0.03257125882,-0.04271203602,0.001977111381,0.006821537848
8.949028597,33.5,refl,0,0,0.7021080824,-3.761330054e-13,-2.749088012e-13,-0.2970160414,-0.368571984,0.2240638363
8.949028597,33.5,refl,-1,0,0.5820164865,3.083567129e-15,-4.68375306e-14,-0.01492280982,0.03274707423,0.001295061124
8.949028597,33.5,refl,0,-1,0.5820164865,-0.0288059863,0.006136076366,-3.663512183e-11,-5.773560245e-11,0.0008674362797
8.949028597,33.5,refl,0,1,0.5820164865,-0.0288059863,0.006136076366,3.661715035e-11,5.775313367e-11,0.0008674362797
8.949028597,33.5,refl,1,0,0.5820164865,3.001534407e-15,-4.682771229e-14,-0.01492280996,0.0327470741,0.00129506112
8.949028597,33.5,refl,-1,-1,0.4295702757,-0.05990958543,-0.03434227509,-0.04220081809,0.003322123281,0.006560495835
8.949028597,33.5,refl,-1,1,0.4295702757,-0.05990958543,-0.03434227509,0.04220081809,-0.003322123281,0.006560495835
8.949028597,33.5,refl,1,-1,0.4295702757,0.05990958525,0.03434227524,-0.04220081808,0.003322123263,0.006560495824
8.949028597,33.5,refl,1,1,0.4295702757,0.05990958525,0.03434227524,0.04220081808,-0.003322123263,0.006560495824
8.915760833,33.625,trans,0,0,0.7047278886,-3.056835717e-13,-2.17931107e-13,0.7078780944,-0.3913305396,0.6542309877
8.915760833,33.625,trans,-1,0,0.5851741862,1.942861022e-16,-1.723947237e-14,0.01091249885,-0.03435691794,0.001299480442
8.915760833,33.625,trans,0,-1,0.5851741862,-0.02647289525,0.009258567084,4.245448151e-11,6.467957201e-11,0.0007865352475
8.915760833,33.625,trans,0,1,0.5851741862,-0.02647289525,0.009258567084,-4.244565456e-11,-6.470301608e-11,0.0007865352475
8.915760833,33.625,trans,1,0,0.5851741862,1.117195067e-16,-1.721233041e-14,0.01091249899,-0.03435691781,0.001299480435
8.915760833,33.625,trans,-1,-1,0.4338389787,-0.06121959581,-0.03321943366,0.04220109198,-0.001087144822,0.006633483733
8.915760833,33.625,trans,-1,1,0.4338389787,-0.06121959581,-0.03321943366,-0.04220109198,0.001087144822,0.006633483733
8.915760833,33.625,trans,1,-1,0.4338389787,0.06121959562,0.03321943381,0.04220109198,-0.001087144804,0.006633483718
8.915760833,33.625,trans,1,1,0.4338389787,0.06121959562,0.03321943381,-0.04220109198,0.001087144805,0.006633483718
8.915760833,33.625,refl,0,0,0.7047278886,-3.054881114e-13,-2.185730444e-13,-0.2885726121,-0.3660110596,0.2172382482
8.915760833,33.625,refl,-1,0,0.5851741862,4.134597825e-15,-3.559232958e-14,-0.01552568644,0.032056688,0.001268678185
8.915760833,33.625,refl,0,-1,0.5851741862,-0.02853293517,0.005897482405,-3.716770128e-11,-6.272347419e-11,0.0008489086883
8.915760833,33.625,refl,0,1,0.5851741862,-0.02853293517,0.005897482405,3.714830119e-11,6.274153431e-11,0.0008489086883
8.915760833,33.625,refl,1,0,0.5851741862,4.089333785e-15,-3.555215759e-14,-0.01552568659,0.03205668787,0.001268678181
8.915760833,33.625,refl,-1,-1,0.4338389787,-0.0584050449,-0.03505900087,-0.04162701108,0.002435995612,0.006379024937
8.915760833,33.625,refl,-1,1,0.4338389787,-0.0584050449,-0.03505900087,0.04162701108,-0.002435995612,0.006379024937
8.915760833,33.625,refl,1,-1,0.4338389787,0.05840504471,0.03505900103,-0.04162701107,0.002435995593,0.006379024925
8.915760833,33.625,refl,1,1,0.4338389787,0.05840504471,0.03505900103,0.04162701107,-0.002435995593,0.006379024925
8.882739496,33.75,trans,0,0,0.7073476949,-2.409592556e-13,-1.839863146e-13,0.716199887,-0.3887732363,0.6640869073
8.882739496,33.75,trans,-1,0,0.5883266038,9.6473001e-16,-1.405684462e-14,0.0113749549,-0.03369183662,0.001264529454
8.882739496,33.75,trans,0,-1,0.5883266038,-0.02623126298,0.009096273037,4.341715963e-11,7.006946219e-11,0.0007708213406
8.882739496,33.75,trans,0,1,0.5883266038,-0.02623126298,0.009096273037,-4.341015692e-11,-7.008808195e-11,0.0007708213406
8.882739496,33.75,trans,1,0,0.5883266038,8.731381008e-16,-1.403449773e-14,0.01137495504,-0.03369183648,0.001264529447
8.882739496,33.75,trans,-1,-1,0.4380817549,-0.059755347,-0.03383674775,0.04168290071,-0.0002184183675,0.006453138911
8.882739496,33.75,trans,-1,1,0.4380817549,-0.059755347,-0.03383674775,-0.04168290071,0.0002184183674,0.006453138911
8.882739496,33.75,trans,1,-1,0.4380817549,0.05975534679,0.0338367479,0.04168290071,-0.0002184183496,0.006453138896
8.882739496,33.75,trans,1,1,0.4380817549,0.05975534679,0.0338367479,-0.04168290071,0.0002184183497,0.006453138896
8.882739496,33.75,refl,0,0,0.7073476949,-2.406379383e-13,-1.847584665e-13,-0.280287293,-0.3633739452,0.2106015907
8.882739496,33.75,refl,-1,0,0.5883266038,4.489403146e-15,-2.879151368e-14,-0.01611224409,0.03137817726,0.001244194418
8.882739496,33.75,refl,0,-1,0.5883266038,-0.02827245884,0.005682334108,-3.78225284e-11,-6.808695087e-11,0.0008316208499
8.882739496,33.75,refl,0,1,0.5883266038,-0.02827245884,0.005682334108,3.780682862e-11,6.810131989e-11,0.0008316208499
8.882739496,33.75,refl,1,0,0.5883266038,4.431214933e-15,-2.875377124e-14,-0.01611224424,0.03137817711,0.001244194413
8.882739496,33.75,refl,-1,-1,0.4380817549,-0.0569245399,-0.03574259909,-0.04104888224,0.001569821333,0.006205411704
8.882739496,33.75,refl,-1,1,0.4380817549,-0.0569245399,-0.03574259909,0.04104888224,-0.001569821333,0.006205411704
8.882739496,33.75,refl,1,-1,0.4380817549,0.05692453969,0.03574259925,-0.04104888223,0.001569821314,0.006205411692
8.882739496,33.75,refl,1,1,0.4380817549,0.05692453969,0.03574259925,0.04104888223,-0.001569821314,0.006205411692
8.84996186,33.875,trans,0,0,0.7099675012,-1.895596828e-13,-1.545529161e-13,0.7243623748,-0.3861414246,0.6738060498
8.84996186,33.875,trans,-1,0,0.5914738236,1.313975163e-15,-1.147128959e-14,0.01182226168,-0.03304000683,0.001231407922
8.84996186,33.875,trans,0,-1,0.5914738236,-0.02600418813,0.008953188924,4.450091254e-11,7.587869063e-11,0.0007563773919
8.84996186,33.875,trans,0,1,0.5914738236,-0.02600418813,0.008953188924,-4.449526835e-11,-7.589345091e-11,0.0007563773919
8.84996186,33.875,trans,1,0,0.5914738236,1.257026368e-15,-1.141807723e-14,0.01182226182,-0.03304000667,0.001231407915
8.84996186,33.875,trans,-1,-1,0.4422993502,-0.05831626354,-0.03442394571,0.04115836278,0.000629120372,0.00628020125
8.84996186,33.875,trans,-1,1,0.4422993502,-0.05831626354,-0.03442394571,-0.04115836278,-0.0006291203721,0.00628020125
8.84996186,33.875,trans,1,-1,0.4422993502,0.05831626332,0.03442394587,0.04115836278,0.0006291203901,0.006280201235
8.84996186,33.875,trans,1,1,0.4422993502,0.05831626332,0.03442394587,-0.04115836278,-0.0006291203901,0.006280201235
8.84996186,33.875,refl,0,0,0.7099675012,-1.891498447e-13,-1.553913469e-13,-0.2721589461,-0.3606652309,0.2041499007
8.84996186,33.875,refl,-1,0,0.5914738236,4.442908307e-15,-2.329160601e-14,-0.01668273061,0.03071184379,0.00122153085
8.84996186,33.875,refl,0,-1,0.5914738236,-0.02802486292,0.005489478438,-3.859947532e-11,-7.386881429e-11,0.0008155273151
8.84996186,33.875,refl,0,1,0.5914738236,-0.02802486292,0.005489478438,3.85866767e-11,7.388019621e-11,0.0008155273151
8.84996186,33.875,refl,1,0,0.5914738236,4.416417805e-15,-2.32211806e-14,-0.01668273077,0.03071184362,0.001221530845
8.84996186,33.875,refl,-1,-1,0.4422993502,-0.05546814697,-0.03639387432,-0.04046720329,0.0007235611091,0.006039347499
8.84996186,33.875,refl,-1,1,0.4422993502,-0.05546814697,-0.03639387432,0.04046720329,-0.0007235611091,0.006039347499
8.84996186,33.875,refl,1,-1,0.4422993502,0.05546814675,0.03639387448,-0.04046720329,0.0007235610898,0.006039347486
8.84996186,33.875,refl,1,1,0.4422993502,0.05546814675,0.03639387448,0.04046720329,-0.0007235610899,0.006039347486
8.817425235,34,trans,0,0,0.7125873075,-1.488394047e-13,-1.293216922e-13,0.7323669343,-0.3834395714,0.6833872314
8.817425235,34,trans,-1,0,0.5946159281,1.5740701e-15,-9.227039233e-15,0.01225471989,-0.03240165045,0.001200045112
8.817425235,34,trans,0,-1,0.5946159281,-0.02579185733,0.008828244384,4.570060824e-11,8.21608913e-11,0.0007431578037
8.817425235,34,trans,0,1,0.5946159281,-0.02579185733,0.008828244384,-4.569620806e-11,-8.21726272e-11,0.0007431578037
8.817425235,34,trans,1,0,0.5946159281,1.498182823e-15,-9.156682295e-15,0.01225472004,-0.03240165028,0.001200045104
8.817425235,34,trans,-1,-1,0.4464924784,-0.05690230269,-0.03498175779,0.04062834206,0.001455545778,0.006114376221
8.817425235,34,trans,-1,1,0.4464924784,-0.05690230269,-0.03498175779,-0.04062834206,-0.001455545778,0.006114376221
8.817425235,34,trans,1,-1,0.4464924784,0.05690230246,0.03498175794,0.04062834205,0.001455545796,0.006114376205
8.817425235,34,trans,1,1,0.4464924784,0.05690230246,0.03498175794,-0.04062834205,-0.001455545796,0.006114376205
8.817425235,34,refl,0,0,0.7125873075,-1.483832719e-13,-1.301705714e-13,-0.2641862503,-0.3578892915,0.1978791198
8.817425235,34,refl,-1,0,0.5946159281,4.322706353e-15,-1.870581219e-14,-0.0172374101,0.03005797494,0.001200610165
8.817425235,34,refl,0,-1,0.5946159281,-0.02779040521,0.005317794114,-3.94927796e-11,-8.012237253e-11,0.0008005855558
8.817425235,34,refl,0,1,0.5946159281,-0.02779040521,0.005317794114,3.948249539e-11,8.013143411e-11,0.0008005855558
8.817425235,34,refl,1,0,0.5946159281,4.280483012e-15,-1.861406821e-14,-0.01723741026,0.03005797477,0.00120061016
8.817425235,34,refl,-1,-1,0.4464924784,-0.05403592477,-0.03701361748,-0.03988271568,-0.0001028445698,0.005880530632
8.817425235,34,refl,-1,1,0.4464924784,-0.05403592477,-0.03701361748,0.03988271568,0.0001028445699,0.005880530632
8.817425235,34,refl,1,-1,0.4464924784,0.05403592454,0.03701361764,-0.03988271567,-0.0001028445894,0.005880530619
8.817425235,34,refl,1,1,0.4464924784,0.05403592454,0.03701361764,0.03988271567,0.0001028445893,0.005880530619
