f_THz,lam_um,Re_S11,Im_S11,Re_S21,Im_S21,absS11,absS21,R,T,A
0,inf,0.0002537162334,9.086850792e-05,0.9996459696,0.002854779375,0.0002694977047,0.999650046,7.262901284e-08,0.9993002144,0.0006997129776
0.01,29979.2458,1.849067399e-05,0.0006388008044,0.9999806148,0.0006961430734,0.0006390683631,0.9999808571,4.084083727e-07,0.9999617146,3.78770292e-05
0.035,8565.4988,-0.0005130939543,0.002046456972,0.9999925205,-0.003867684528,0.002109798934,1,4.451251542e-06,1,-4.451251542e-06
0.07,4282.7494,-0.001126037385,0.004098828171,0.9999649796,-0.008368969721,0.004250688481,1,1.806835256e-05,1,-1.806835256e-05
0.105,2855.166267,-0.001594174517,0.006233060214,0.9999410013,-0.01086250288,0.006433695052,1,4.139243203e-05,1,-4.139243203e-05
0.14,2141.3747,-0.001928652729,0.008435810969,0.999933007,-0.01157504132,0.008653473756,1,7.488260805e-05,1,-7.488260805e-05
0.175,1713.09976,-0.002142371709,0.01069530927,0.9999423158,-0.01074081633,0.01090776773,1,0.0001189793968,1,-0.0001189793968
0.21,1427.583133,-0.002249636022,0.01300129178,0.9999630498,-0.008596458208,0.01319448559,1,0.0001740944501,1,-0.0001740944501
0.245,1223.642686,-0.002265797264,0.01534489354,0.9999855498,-0.005375883493,0.01551127316,1,0.0002405995949,1,-0.0002405995949
0.28,1070.68735,-0.00220688832,0.01771850224,0.999999148,-0.001305355784,0.01785541032,1,0.0003188156779,1,-0.0003188156779
0.315,951.7220889,-0.002089252874,0.02011558826,0.9999942164,0.003401061182,0.02022379462,1,0.0004090018687,1,-0.0004090018687
0.35,856.54988,-0.00192917453,0.02253052359,0.9999634869,0.008545456474,0.02261296548,1,0.0005113462077,1,-0.0005113462077
0.385,778.6817091,-0.00174251162,0.02495840356,0.9999027042,0.01394926876,0.02501915776,1,0.0006259582548,1,-0.0006259582548
0.42,713.7915667,-0.001544345725,0.02739488442,0.9998107215,0.01945561983,0.02743837998,1,0.0007528646961,1,-0.0007528646961
0.455,658.8845231,-0.001348653952,0.02983604848,0.9996891808,0.02493074036,0.02986651396,1,0.0008920086562,1,-0.0008920086562
0.49,611.8213429,-0.001168016485,0.03227830521,0.9992371181,0.03025527559,0.0322994311,0.9996950535,0.001043253249,0.9993902,-0.0004334532046
0.525,571.0332533,-0.001013371633,0.03471833319,0.9985472522,0.03534087358,0.03473311937,0.9991724537,0.001206389581,0.9983455923,0.0004480181387
0.56,535.343675,-0.0008938299584,0.03715306292,0.9978739321,0.04013022826,0.03716381327,0.9986805393,0.001381149016,0.9973628195,0.001256031437
0.595,503.8528706,-0.0008165570735,0.03957969602,0.9972327138,0.04458108497,0.0395881182,0.9982287106,0.001567219103,0.9964605586,0.001972222279
0.63,475.8610444,-0.0007867312033,0.04199575224,0.9966357452,0.04866995414,0.04200312075,0.9978234178,0.001764262152,0.995651573,0.00258416481
0.665,450.8157263,-0.0008075770926,0.0443991328,0.9960915998,0.05238968843,0.04440647671,0.9974683727,0.001971935174,0.9949431546,0.003084910208
0.7,428.27494,-0.0008804726977,0.04678818723,0.9956053337,0.0557469397,0.04679647099,0.9971648318,0.002189909697,0.9943377019,0.003472388444
0.735,407.8808952,-0.001005120127,0.04916177136,0.9951787235,0.05875960857,0.04917204521,0.9969119236,0.00241789003,0.9938333834,0.003748726599
0.77,389.3408545,-0.001179768092,0.05151928598,0.9948106363,0.0614543746,0.05153279228,0.9967069992,0.002655628681,0.9934248423,0.003919529045
0.805,372.4129913,-0.001401470289,0.05386068925,0.9944974852,0.06386437286,0.05387891949,0.996545988,0.002902937965,0.9931039062,0.003993155861
0.84,356.8957833,-0.001666362879,0.0561864794,0.9942337265,0.06602706233,0.05621118423,0.9964237431,0.003159697233,0.9928602758,0.003980026954
0.875,342.619952,-0.0019699447,0.05849764843,0.994012363,0.06798231576,0.05853080858,0.9963343681,0.003425855554,0.992682173,0.0038919714
0.91,329.4422615,-0.002307345616,0.06079561055,0.9938254262,0.06977074702,0.06083937957,0.9962715167,0.003701430106,0.992556935,0.003741634924
0.945,317.2406963,-0.002673571284,0.06308211176,0.9936644177,0.07143228268,0.06313874253,0.9962286615,0.003986500808,0.992471546,0.003541953145
0.98,305.9106714,-0.003063715922,0.06535912783,0.9935206978,0.07300497672,0.06543089443,0.9961993292,0.004281201946,0.9924131036,0.003305694461
1.015,295.3620276,-0.003473138053,0.06762875867,0.9933858157,0.07452406228,0.06771788307,0.9961773008,0.004585711687,0.9923692146,0.003045073682
1.05,285.5166267,-0.00389759731,0.06989312606,0.993251779,0.07602122993,0.07000171666,0.9961567768,0.004900240336,0.9923283239,0.002771435755
1.085,276.3064129,-0.00433335289,0.07215428067,0.9931112652,0.07752411919,0.07228428713,0.9961325083,0.005225018166,0.9922799741,0.00249500773
1.12,267.6718375,-0.004777226192,0.07441412269,0.9929577775,0.07905600745,0.07456730883,0.9960998947,0.005560283546,0.9922150002,0.002224716284
1.155,259.5605697,-0.005226631411,0.07667433883,0.9927857513,0.08063567839,0.0768522733,0.996055049,0.005906271911,0.9921256606,0.001968067529
1.19,251.9264353,-0.005679578585,0.07893635681,0.9925906155,0.08227745058,0.07914041976,0.9959948337,0.006263206039,0.9920057088,0.001731085177
1.225,244.7285371,-0.006134653847,0.08120131726,0.9923688142,0.083991345,0.08143272009,0.9959168688,0.006631287902,0.9918504095,0.001518302572
1.26,237.9305222,-0.006590981587,0.08347006196,0.9921177943,0.08578336974,0.08372987688,0.9958195139,0.007010692282,0.9916565043,0.001332803399
1.295,231.4999676,-0.00704817296,0.08574313662,0.9918359623,0.08765589892,0.0860323324,0.9957018292,0.007401562219,0.9914221326,0.001176305141
1.33,225.4078632,-0.007506264789,0.08802080586,0.9915226166,0.0896081228,0.08834028682,0.9955635163,0.007804006275,0.991146715,0.001049278734
1.365,219.6281744,-0.007965652499,0.09030307816,0.9911778592,0.09163654623,0.09065372328,0.9954048449,0.008218097544,0.9908308052,0.0009510972123
1.4,214.13747,-0.008427020259,0.09258973808,0.9908024897,0.0937355134,0.09297243822,0.9952265672,0.008643874268,0.99047592,0.0008802057286
1.435,208.9146049,-0.008891271082,0.09488038359,0.9903978881,0.09589773811,0.0952960749,0.9950298252,0.009081341892,0.990084353,0.0008343051315
1.47,203.9404476,-0.009359459233,0.09717446618,0.9899658905,0.09811482085,0.09762415867,0.9948160545,0.009530476355,0.9896589823,0.0008105413106
1.505,199.1976465,-0.009832726893,0.09947133184,0.9895086603,0.100377736,0.09995613226,0.9945868885,0.009991228376,0.9892030787,0.0008056928839
1.54,194.6704273,-0.01031224666,0.1017702612,0.9890285628,0.1026772758,0.1022913901,0.9943440657,0.0104635285,0.9887201211,0.0008163504115
1.575,190.3444178,-0.01079917111,0.1040705074,0.988528044,0.1050044397,0.1046293105,0.9940893452,0.01094729261,0.9882136262,0.000839081196
1.61,186.2064957,-0.01129459028,0.1063713305,0.9880095198,0.1073507623,0.106969284,0.9938244299,0.01144242773,0.9876869975,0.0008705747902
1.645,182.2446553,-0.0117994976,0.1086720275,0.9874752784,0.1097085745,0.1093107392,0.993550903,0.0119488377,0.9871433968,0.000907765545
1.68,178.4478917,-0.01231476448,0.1109719569,0.9869273978,0.1120711967,0.1116531623,0.9932701755,0.01246642864,0.9865856416,0.0009479297878
1.715,174.806098,-0.01284112336,0.1132705588,0.9863676815,0.1144330655,0.1139961137,0.9929834488,0.01299511393,0.9860161296,0.0009887564886
1.75,171.309976,-0.01337915896,0.1155673677,0.9857976129,0.1167897966,0.1163392383,0.9926916894,0.01353481838,0.9854367902,0.001028391463
1.785,167.9509569,-0.01392930691,0.1178620214,0.985218328,0.1191381897,0.1186822719,0.9923956177,0.01408548167,0.9848490621,0.001065456234
1.82,164.7211308,-0.01449185903,0.1201542625,0.9846306072,0.1214761826,0.121025042,0.9920957089,0.01464706078,0.9842538956,0.001099043588
1.855,161.6131849,-0.01506697415,0.1224439367,0.9840348835,0.1238027627,0.1233674647,0.9917922041,0.01521953135,0.983651776,0.001128692604
1.89,158.6203481,-0.01565469332,0.1247309851,0.983431266,0.126117844,0.1257095385,0.9914851312,0.01580288806,0.9830427655,0.001154346457
1.925,155.7363418,-0.01625495836,0.1270154335,0.9828195757,0.1284221198,0.1280513335,0.9911743335,0.01639714402,0.9824265593,0.001176296665
1.96,152.9553357,-0.01686763238,0.1292973787,0.982199392,0.1307168985,0.1303929797,0.9908595023,0.01700232915,0.9818025532,0.001195117611
1.995,150.2719088,-0.01749252123,0.1315769721,0.9815701048,0.1330039333,0.1327346522,0.9905402147,0.01761848789,0.981169917,0.001211595159
2.03,147.6810138,-0.0181293948,0.1338544029,0.9809309718,0.135285252,0.1350765566,0.9902159718,0.01824567613,0.9805276708,0.00122665306
2.065,145.1779458,-0.01877800731,0.1361298802,0.9802811761,0.1375629941,0.1374189137,0.9898862367,0.01888395784,0.9798747616,0.001241280564
2.1,142.7583133,-0.01943811564,0.1384036159,0.979619883,0.1398392625,0.1397619449,0.9895504709,0.01953340123,0.9792101345,0.001256464296
2.135,140.4180131,-0.02010949527,0.140675809,0.9789462918,0.1421159937,0.1421058585,0.9892081672,0.02019407503,0.978532798,0.001273126986
2.17,138.1532065,-0.02079195325,0.1429466313,0.9782596829,0.1443948506,0.1444508384,0.9888588778,0.02086604471,0.9778418801,0.001292075178
2.205,135.9602984,-0.02148533807,0.145216216,0.9775594561,0.1466771391,0.1467970338,0.9885022374,0.02154936914,0.9771366734,0.00131395747
2.24,133.8359187,-0.02218954612,0.1474846488,0.976845161,0.1489637527,0.1491445527,0.9881379803,0.02224409759,0.9764166681,0.001339234295
2.275,131.7769046,-0.02290452504,0.1497519618,0.9761165172,0.1512551417,0.1514934564,0.9877659505,0.02295026734,0.975681573,0.00136815971
2.31,129.7802848,-0.02363027387,0.1520181309,0.9753734253,0.1535513081,0.1538437583,0.9873861063,0.02366790197,0.9749313229,0.001400775102
2.345,127.8432657,-0.02436684057,0.1542830758,0.9746159676,0.1558518242,0.1561954238,0.9869985184,0.02439701041,0.9741660753,0.001436914263
2.38,125.9632176,-0.02511431704,0.1565466633,0.9738443998,0.1581558709,0.1585483734,0.9866033623,0.02513758671,0.9733861945,0.0014762188
2.415,124.1376638,-0.02587283231,0.1588087125,0.9730591345,0.1604622938,0.1609024879,0.9862009059,0.0258896106,0.9725922269,0.001518162505
2.45,122.3642686,-0.02664254423,0.1610690026,0.972260717,0.1627696726,0.1632576147,0.9857914933,0.02665304876,0.9717848682,0.001562082998
2.485,120.6408282,-0.02742363025,0.1633272826,0.9714497964,0.1650763992,0.1656135766,0.9853755246,0.02742785675,0.9709649245,0.001607218746
2.52,118.9652611,-0.02821627783,0.1655832816,0.970627091,0.1673807615,0.1679701803,0.984953435,0.02821398148,0.9701332691,0.001652749442
2.555,117.3356,-0.0290206749,0.1678367199,0.9697933528,0.1696810275,0.1703272266,0.9845256717,0.02901136411,0.9692907982,0.001697837703
2.59,115.7499838,-0.02983700085,0.1700873205,0.9689493302,0.1719755277,0.1726845193,0.9840926718,0.02981994322,0.9684383867,0.001741670088
2.625,114.2066507,-0.0306654184,0.1723348202,0.9680957326,0.1742627293,0.1750418754,0.983654841,0.03063965815,0.9675768462,0.001783495605
2.66,112.7039316,-0.03150606678,0.1745789795,0.9672331962,0.1765413033,0.1773991328,0.9832125343,0.03147045232,0.9667068876,0.001822660071
2.695,111.2402442,-0.03235905631,0.1768195911,0.9663622556,0.1788101776,0.179756158,0.9827660397,0.03231227633,0.9658290887,0.001858634936
2.73,109.8140872,-0.03322446463,0.1790564877,0.9654833191,0.1810685785,0.182112852,0.9823155652,0.03316509085,0.9649438696,0.001891039557
2.765,108.4240354,-0.03410233465,0.1812895467,0.9645966506,0.1833160566,0.1844691545,0.98186123,0.03402886896,0.9640514749,0.001919656158
2.8,107.068735,-0.03499267424,0.1835186933,0.9637023583,0.1855524978,0.1868250466,0.9814030593,0.03490359805,0.9631519648,0.001944437142
2.835,105.7468988,-0.03589545742,0.1857439021,0.9628003906,0.1877781196,0.1891805514,0.9809409841,0.03578928102,0.9622452143,0.001965504724
2.87,104.4573024,-0.03681062718,0.1879651951,0.9618905383,0.1899934533,0.1915357326,0.9804748441,0.03668593685,0.96133092,0.001983143168
2.905,103.1987807,-0.03773809946,0.1901826393,0.9609724445,0.1921993139,0.193890692,0.9800043956,0.03759360043,0.9604086153,0.001997784258
2.94,101.9702238,-0.03867776821,0.1923963409,0.9600456196,0.1943967583,0.1962455649,0.9795293214,0.03851232173,0.9594776914,0.002009986833
2.975,100.7705741,-0.03962951117,0.1946064391,0.9591094629,0.1965870353,0.1986005143,0.9790492451,0.03944216428,0.9585374243,0.002020411459
3.01,99.59882326,-0.04059319612,0.1968130979,0.9581632871,0.1987715289,0.2009557242,0.9785637462,0.04038320309,0.9575870054,0.002029791465
3.045,98.4540092,-0.04156868728,0.1990164975,0.9572063473,0.200951698,0.2033113918,0.9780723778,0.04133552204,0.9566255763,0.002038901656
3.08,97.33521364,-0.04255585159,0.2012168244,0.9562378714,0.2031290142,0.2056677197,0.9775746841,0.04229921091,0.955652263,0.002048526071
3.115,96.24155955,-0.04355456463,0.2034142621,0.9552570906,0.2053049014,0.2080249075,0.9770702184,0.04327436212,0.9546662117,0.002059426157
3.15,95.17220889,-0.04456471584,0.205608982,0.9542632708,0.2074806788,0.2103831442,0.9765585605,0.04426106737,0.953666622,0.002072310635
3.185,94.12636044,-0.04558621303,0.2078011344,0.9532557403,0.209657509,0.212742601,0.9760393319,0.04525941426,0.9526527775,0.002087808267
3.22,93.10324783,-0.04661898582,0.209990841,0.9522339161,0.211836355,0.2151034243,0.9755122102,0.04626948314,0.9516240723,0.002106444545
3.255,92.10213763,-0.04766298811,0.2121781886,0.9511973255,0.2140179447,0.217465731,0.9749769396,0.04729134415,0.9505800327,0.002128623159
3.29,91.12232766,-0.0487181994,0.2143632241,0.9501456228,0.2162027469,0.219829604,0.9744333391,0.04832505478,0.9495203323,0.002154612879
3.325,90.16314526,-0.04978462497,0.2165459512,0.9490786014,0.2183909573,0.2221950896,0.9738813079,0.04937065784,0.9484448019,0.002184540241
3.36,89.22394583,-0.05086229502,0.2187263291,0.9479961995,0.2205824957,0.2245621965,0.9733208267,0.05042818009,0.9473534317,0.002218388213
3.395,88.30411134,-0.05195126283,0.2209042729,0.9468985001,0.2227770146,0.2269308959,0.9727519559,0.0514976315,0.9462463678,0.002256000728
3.43,87.40304898,-0.053051602,0.2230796556,0.9457857255,0.2249739171,0.2293011234,0.972174831,0.05257900521,0.945123902,0.002297092785
3.465,86.5201899,-0.05416340306,0.2252523116,0.9446582259,0.227172385,0.2316727824,0.9715896543,0.05367227812,0.9439864563,0.002341265552
3.5,85.654988,-0.05528676945,0.2274220423,0.9435164633,0.2293714138,0.2340457481,0.9709966849,0.05477741222,0.942834562,0.002388025758
3.535,84.80691881,-0.05642181319,0.2295886223,0.942360991,0.231569855,0.2364198733,0.9703962258,0.05589435649,0.941668835,0.002436808469
3.57,83.97547843,-0.0575686504,0.2317518065,0.9411924296,0.2337664625,0.2387949943,0.9697886102,0.05702304931,0.9404899484,0.002487002248
3.605,83.16018252,-0.05872739682,0.2339113384,0.9400114409,0.2359599414,0.2411709381,0.9691741861,0.05816342136,0.939298603,0.002537975606
3.64,82.36056538,-0.05989816354,0.2360669583,0.9388187004,0.2381489981,0.2435475289,0.9685533013,0.05931539882,0.9380954975,0.002589103653
3.675,81.57617905,-0.0610810531,0.2382184118,0.9376148689,0.2403323887,0.2459245957,0.9679262882,0.06047890676,0.9368812994,0.002639793833
3.71,80.80659245,-0.06227615619,0.2403654572,0.9364005658,0.2425089646,0.2483019787,0.9672934496,0.06165387265,0.9356566176,0.00268950974
3.745,80.05139065,-0.0634835488,0.2425078735,0.9351763443,0.2446777133,0.2506795359,0.9666550461,0.0628402297,0.9344219782,0.002737792077
3.78,79.31017407,-0.06470329032,0.2446454665,0.9339426683,0.2468377933,0.2530571479,0.9660112856,0.06403792008,0.933177804,0.002784275971
3.815,78.5825578,-0.06593542221,0.2467780741,0.9326998951,0.2489885617,0.2554347231,0.9653623145,0.06524689776,0.9319243982,0.002828704048
3.85,77.86817091,-0.06717996756,0.2489055702,0.9314482604,0.251129593,0.2578122009,0.964708212,0.06646713093,0.9306619343,0.002870934809
3.885,77.16665586,-0.0684369314,0.2510278674,0.9301878696,0.2532606906,0.2601895536,0.9640489874,0.06769860379,0.9293904501,0.002910946105
3.92,76.47766786,-0.06970630174,0.2531449177,0.9289186938,0.255381888,0.2625667874,0.9633845797,0.06894131786,0.9281098485,0.002948833673
3.955,75.80087434,-0.07098805125,0.255256712,0.9276405715,0.2574934422,0.2649439421,0.9627148605,0.07019529246,0.9268199026,0.002984804904
3.99,75.13595439,-0.07228213949,0.2573632781,0.9263532146,0.2595958185,0.2673210889,0.9620396391,0.0714605646,0.9255202672,0.003019168219
4.025,74.48259826,-0.07358851559,0.2594646767,0.9250562205,0.261689668,0.269698328,0.9613586705,0.0727371881,0.9242104933,0.003052318562
4.06,73.8405069,-0.07490712124,0.2615609973,0.9237490875,0.2637757977,0.2720757838,0.9606716651,0.07402523214,0.9228900482,0.003084719688
4.095,73.20939145,-0.07623789383,0.2636523518,0.9224312349,0.2658551369,0.2744536009,0.9599783002,0.07532477907,0.9215583369,0.00311688404
4.13,72.58897288,-0.07758076966,0.265738868,0.9211020248,0.2679286976,0.2768319378,0.9592782324,0.0766359218,0.9202147271,0.00314935105
4.165,71.97898151,-0.07893568704,0.2678206826,0.9197607874,0.2699975343,0.2792109609,0.9585711108,0.07795876071,0.9188585745,0.003182664802
4.2,71.37915667,-0.08030258914,0.2698979334,0.9184068457,0.2720627016,0.2815908384,0.9578565904,0.07929340025,0.9174892478,0.003217351939
4.235,70.78924628,-0.08168142658,0.271970752,0.9170395418,0.2741252135,0.2839717334,0.9571343447,0.0806399454,0.9161061539,0.003253900737
4.27,70.20900656,-0.08307215956,0.2740392569,0.9156582613,0.2761860033,0.2863537987,0.9564040777,0.08199849803,0.9147087598,0.003292742132
4.305,69.63820163,-0.08447475948,0.2761035465,0.9142624559,0.2782458892,0.2887371701,0.9556655341,0.08336915339,0.9132966131,0.003334233474
4.34,69.07660323,-0.08588921012,0.2781636936,0.912851664,0.2803055425,0.2911219622,0.9549185083,0.08475199686,0.9118693576,0.003378645582
4.375,68.5239904,-0.08731550819,0.2802197405,0.9114255266,0.2823654634,0.2935082639,0.9541628506,0.08614710096,0.9104267454,0.003426153609
4.41,67.98014921,-0.08875366332,0.2822716957,0.9099838005,0.2844259621,0.2958961354,0.9533984713,0.08755452296,0.908968645,0.003476831997
4.445,67.44487244,-0.0902036976,0.2843195313,0.9085263657,0.2864871483,0.2982856063,0.9526253426,0.08897430294,0.9074950434,0.003530653675
4.48,66.91795937,-0.09166564455,0.2863631823,0.9070532292,0.2885489271,0.3006766744,0.9518434976,0.09040646255,0.906006044,0.003587493467
4.515,66.3992155,-0.09313954771,0.288402547,0.9055645227,0.2906110035,0.3030693064,0.9510530269,0.09185100446,0.90450186,0.003647135491
4.55,65.88845231,-0.09462545888,0.290437489,0.9040604962,0.2926728934,0.3054634389,0.950254073,0.0933079125,0.9029828033,0.003709284183
4.585,65.38548702,-0.09612343605,0.2924678402,0.9025415075,0.2947339416,0.3078589815,0.9494468227,0.09477715248,0.9014492691,0.003773578422
4.62,64.89014242,-0.09763354124,0.2944934047,0.9010080066,0.2967933459,0.3102558199,0.9486314975,0.09625867377,0.8999017181,0.003839608116
4.655,64.40224662,-0.0991558382,0.2965139645,0.8994605173,0.2988501864,0.3126538204,0.9478083436,0.09775241139,0.8983406561,0.003906932495
4.69,63.92163284,-0.1006903902,0.2985292851,0.8978996163,0.3009034578,0.3150528349,0.9469776196,0.09925828875,0.8967666119,0.003975099316
4.725,63.44813926,-0.1022372577,0.300539122,0.8963259099,0.3029521056,0.3174527063,0.9461395854,0.1007762207,0.8951801151,0.004043664132
4.76,62.98160882,-0.1037964969,0.3025432273,0.8947400102,0.3049950627,0.3198532744,0.9452944906,0.1023061172,0.893581674,0.004112208794
4.795,62.52188905,-0.1053681573,0.3045413565,0.8931425109,0.3070312858,0.3222543815,0.9444425632,0.1038478864,0.8919717552,0.004180358394
4.83,62.06883188,-0.1069522811,0.306533275,0.8915339647,0.3090597914,0.324655878,0.9435839999,0.1054014391,0.8903507649,0.004247795933
4.865,61.62229353,-0.108548902,0.3085187639,0.8899148623,0.3110796875,0.3270576277,0.9427189582,0.1069666918,0.8887190341,0.004314274103
4.9,61.18213429,-0.1101580442,0.3104976255,0.8882856134,0.313090203,0.3294595121,0.9418475493,0.1085435701,0.8870768062,0.004379623703
4.935,60.74821844,-0.1117797228,0.3124696874,0.8866465325,0.3150907108,0.3318614349,0.9409698346,0.110132012,0.8854242297,0.004443758369
4.97,60.32041408,-0.1134139437,0.3144348062,0.8849978276,0.3170807462,0.3342633243,0.940085823,0.11173197,0.8837613546,0.004506675458
5.005,59.89859301,-0.1150607043,0.3163928694,0.8833395938,0.3190600186,0.3366651355,0.9391954714,0.1133434135,0.8820881334,0.004568453095
5.04,59.48263056,-0.1167199943,0.3183437964,0.8816718112,0.3210284161,0.3390668515,0.9382986873,0.1149663298,0.8804044266,0.004629243583
5.075,59.07240552,-0.1183917968,0.3202875384,0.8799943483,0.3229860037,0.3414684829,0.9373953337,0.1166007248,0.8787100117,0.004689263507
5.11,58.6678,-0.12007609,0.3222240766,0.878306969,0.3249330151,0.3438700669,0.9364852354,0.1182466229,0.8770045961,0.004748781051
5.145,58.26869932,-0.121772848,0.3241534197,0.8766093442,0.3268698372,0.346271665,0.9355681872,0.119904066,0.8752878329,0.004808101137
5.18,57.87499189,-0.1234820434,0.3260756002,0.8749010677,0.3287969898,0.3486733601,0.9346439637,0.1215731121,0.8735593388,0.004867549116
5.215,57.48656913,-0.1252036479,0.3279906698,0.873181674,0.3307151002,0.3510752525,0.933712329,0.1232538329,0.8718187133,0.004927453805
5.25,57.10332533,-0.1269376343,0.3298986942,0.8714506594,0.3326248729,0.3534774553,0.9327730474,0.1249463114,0.8700655579,0.004988130686
5.285,56.72515762,-0.1286839775,0.3317997473,0.8697075042,0.3345270583,0.3558800899,0.9318258933,0.1266506384,0.8682994955,0.005049866101
5.32,56.35196579,-0.1304426563,0.3336939052,0.8679516949,0.3364224178,0.3582832803,0.9308706612,0.1283669089,0.8665201879,0.005112903207
5.355,55.98365229,-0.1322136536,0.3355812401,0.8661827468,0.3383116903,0.3606871482,0.9299071732,0.1300952189,0.8647273507,0.005177430404
5.39,55.62012208,-0.1339969572,0.3374618149,0.8644002245,0.3401955586,0.363091808,0.9289352863,0.131835661,0.8629207661,0.005243572829
5.425,55.26128258,-0.1357925608,0.3393356772,0.8626037599,0.3420746187,0.3654973616,0.9279548972,0.1335883214,0.8611002913,0.00531138735
5.46,54.90704359,-0.1376004632,0.3412028551,0.8607930679,0.3439493524,0.3679038948,0.9269659448,0.1353532758,0.8592658628,0.005380861372
5.495,54.5573172,-0.1394206686,0.3430633533,0.8589679578,0.3458201045,0.3703114733,0.9259684105,0.1371305872,0.8574174972,0.005451915513
5.53,54.21201772,-0.1412531864,0.3449171498,0.8571283401,0.3476870657,0.3727201402,0.9249623165,0.1389203029,0.855555287,0.005524410098
5.565,53.87106164,-0.1430980299,0.3467641943,0.8552742292,0.3495502612,0.3751299143,0.9239477216,0.1407224526,0.8536793923,0.005598155134
5.6,53.5343675,-0.1449552159,0.3486044073,0.8534057415,0.351409547,0.377540789,0.9229247149,0.1425370474,0.8517900293,0.005672923301
5.635,53.2018559,-0.1468247638,0.3504376808,0.8515230878,0.3532646124,0.3799527331,0.9218934078,0.1443640794,0.8498874554,0.005748465275
5.67,52.87344938,-0.1487066942,0.3522638796,0.8496265626,0.3551149895,0.3823656911,0.9208539253,0.1462035218,0.8479719517,0.005824526578
5.705,52.54907239,-0.150601028,0.354082844,0.8477165287,0.3569600703,0.3847795864,0.9198063953,0.1480553301,0.8460438049,0.005900865004
5.74,52.22865122,-0.1525077855,0.3558943934,0.8457933989,0.3587991287,0.3871943232,0.9187509393,0.1499194439,0.8441032885,0.005977267615
5.775,51.91211394,-0.1544269853,0.3576983304,0.8438576151,0.3606313488,0.3896097912,0.9176876616,0.1517957894,0.8421506443,0.006053566255
5.81,51.59939036,-0.1563586434,0.3594944462,0.8419096264,0.362455857,0.3920258693,0.9166166413,0.1536842822,0.8401860672,0.006129650588
5.845,51.29041198,-0.1583027725,0.3612825256,0.8399498664,0.3642717574,0.3944424306,0.9155379245,0.1555848311,0.8382096912,0.006205477702
5.88,50.9851119,-0.1602593816,0.3630623527,0.837978732,0.3660781689,0.3968593471,0.9144515193,0.1574973414,0.8362215811,0.006281077515
5.915,50.68342485,-0.1622284758,0.3648337168,0.8359965637,0.3678742622,0.3992764948,0.913357393,0.1594217193,0.8342217273,0.00635655338
5.95,50.38528706,-0.1642100561,0.3665964172,0.8340036285,0.3696592952,0.4016937585,0.9122554723,0.1613578756,0.8322100468,0.006432077546
5.985,50.09063626,-0.1662041193,0.3683502684,0.8320001075,0.3714326456,0.4041110361,0.9111456465,0.1633057295,0.8301863891,0.006507881426
6.02,49.79941163,-0.1682106588,0.3700951041,0.8299860877,0.3731938391,0.4065282423,0.9100277728,0.1652652118,0.8281505473,0.00658424094
6.055,49.51155376,-0.1702296647,0.3718307807,0.827961559,0.3749425704,0.408945312,0.9089016857,0.1672362682,0.8261022743,0.006661457547
6.09,49.2270046,-0.1722611248,0.3735571795,0.825926417,0.3766787177,0.4113622023,0.9077672073,0.1692188615,0.8240413026,0.006739835908
6.125,48.94570743,-0.1743050247,0.3752742082,0.8238804708,0.3784023486,0.4137788938,0.90662416,0.171212973,0.8219673675,0.006819659478
6.16,48.66760682,-0.1763613492,0.3769818008,0.8218234565,0.380113716,0.4161953912,0.9054723799,0.1732186036,0.8198802308,0.006901165569
6.195,48.39264859,-0.1784300827,0.3786799167,0.819755055,0.3818132454,0.4186117219,0.9043117298,0.1752357737,0.8177797046,0.006984521705
6.23,48.12077978,-0.1805112097,0.3803685386,0.817674913,0.3835015116,0.421027935,0.9031421111,0.177264522,0.8156656728,0.00706980521
6.265,47.8519486,-0.1826047161,0.3820476693,0.8155826673,0.3851792061,0.4234440978,0.9019634738,0.179304904,0.813538108,0.007156988015
6.3,47.58610444,-0.1847105888,0.3837173276,0.8134779688,0.386847097,0.425860293,0.9007758224,0.1813569892,0.8113970822,0.007245928634
6.335,47.32319779,-0.1868288166,0.3853775435,0.8113605071,0.3885059803,0.4282766136,0.8995792179,0.1834208577,0.8092427693,0.007336373001
6.37,47.06318022,-0.18895939,0.3870283526,0.8092300314,0.3901566276,0.4306931585,0.8983737739,0.1854965968,0.8070754377,0.007427965538
6.405,46.80600437,-0.1911023013,0.3886697905,0.8070863681,0.3917997289,0.4331100271,0.8971596475,0.1875842956,0.8048954331,0.007520271294
6.44,46.55162391,-0.193257544,0.3903018871,0.8049294326,0.393435837,0.4355273142,0.895937023,0.1896840414,0.8027031493,0.007612809333
6.475,46.29999351,-0.1954251127,0.3919246605,0.802759234,0.3950653126,0.4379451041,0.8947060909,0.1917959142,0.8004989891,0.007705096758
6.51,46.05106882,-0.1976050022,0.3935381118,0.800575872,0.3966882769,0.4403634662,0.89346702,0.1939199824,0.7982833158,0.007796701847
6.545,45.80480642,-0.1997972068,0.3951422205,0.7983795251,0.3983045717,0.4427824503,0.8922199269,0.1960562983,0.7960563979,0.007887303828
6.58,45.56116383,-0.2020017194,0.3967369403,0.7961704313,0.3999137332,0.4452020827,0.890964842,0.1982048944,0.7938183497,0.007976755853
6.615,45.32009947,-0.2042185306,0.3983221965,0.7939488611,0.4015149793,0.4476223637,0.8897016762,0.2003657805,0.7915690727,0.008065146836
6.65,45.08157263,-0.2064476282,0.3998978841,0.7917150842,0.4031072158,0.4500432656,0.8884301897,0.2025389409,0.789308202,0.008152857105
6.685,44.84554346,-0.208688996,0.4014638675,0.789469333,0.4046890609,0.4524647323,0.8871499669,0.2047243339,0.7870350637,0.008240602336
6.72,44.61197292,-0.2109426134,0.403019981,0.7872117649,0.4062588902,0.4548866796,0.8858604002,0.2069218912,0.7847486487,0.008329460116
6.755,44.3808228,-0.2132084551,0.4045660316,0.7849424269,0.4078149009,0.4573089976,0.8845606858,0.2091315193,0.782447607,0.008420873781
6.79,44.15205567,-0.215486491,0.4061018021,0.7826612259,0.4093551942,0.4597315537,0.8832498341,0.2113531015,0.7801302695,0.008516628975
6.825,43.92563487,-0.2177766862,0.4076270561,0.7803679078,0.4108778734,0.4621541971,0.8819266967,0.2135865019,0.7777946984,0.008618799688
6.86,43.70152449,-0.2200790017,0.4091415434,0.7780620497,0.4123811525,0.4645767639,0.8805900114,0.2158315695,0.7754387681,0.008729662351
6.895,43.47968934,-0.2223933953,0.4106450071,0.7757430661,0.4138634708,0.4669990837,0.8792384643,0.2180881441,0.7730602771,0.008851578814
6.93,43.26009495,-0.2247198226,0.4121371907,0.7734102322,0.415323607,0.4694209865,0.8778707683,0.2203560626,0.7706570858,0.008986851574
6.965,43.04270754,-0.2270582387,0.4136178455,0.771062724,0.4167607857,0.4718423104,0.8764857539,0.2226351659,0.7682272768,0.009137557285
7,42.827494,-0.2294085999,0.4150867387,0.7686996739,0.4181747695,0.4742629085,0.8750824684,0.2249253064,0.7657693265,0.009305367132
7.035,42.61442189,-0.2317708659,0.4165436605,0.7663202403,0.4195659293,0.4766826569,0.8736602771,0.2272263554,0.7632822798,0.00949136482
7.07,42.40345941,-0.2341450017,0.4179884311,0.7639236862,0.4209352882,0.4791014615,0.8722189605,0.2295382104,0.7607659151,0.009695874492
7.105,42.19457537,-0.2365309798,0.4194209069,0.7615094622,0.4222845318,0.4815192639,0.8707587995,0.2318608015,0.7582208868,0.00991831161
7.14,41.98773922,-0.2389287826,0.420840985,0.7590772882,0.4236159855,0.4839360473,0.8692806409,0.2341940978,0.7556488326,0.01015706956
7.175,41.78292098,-0.2413384042,0.4222486072,0.756627226,0.4249325545,0.4863518394,0.8677859385,0.2365381117,0.753052435,0.01040945335
7.21,41.58009126,-0.2437598522,0.4236437617,0.754159738,0.4262376306,0.4887667157,0.8662767618,0.2388929023,0.7504354281,0.01067166954
7.245,41.37922126,-0.2461931488,0.4250264829,0.7516757246,0.4275349683,0.4911807994,0.8647557714,0.2412585777,0.7478025442,0.01093887812
7.28,41.18028269,-0.2486383319,0.4263968506,0.7491765372,0.4288285364,0.4935942608,0.8632261566,0.2436352943,0.7451593975,0.01120530827
7.315,40.98324785,-0.2510954551,0.4277549853,0.7466639618,0.4301223515,0.4960073135,0.8616915394,0.246023255,0.7425123091,0.01146443585
7.35,40.78808952,-0.2535645873,0.4291010437,0.7441401746,0.4314203041,0.4984202099,0.8601558454,0.2484227056,0.7398680783,0.01170921609
7.385,40.59478104,-0.2560458113,0.4304352109,0.7416076681,0.4327259838,0.5008332339,0.8586231481,0.2508339282,0.7372337105,0.01193236134
7.42,40.40329623,-0.258539222,0.4317576916,0.7390691523,0.4340425139,0.5032466926,0.8570974949,0.2532572336,0.7346161158,0.01212665066
7.455,40.21360939,-0.2610449234,0.4330687004,0.7365274353,0.4353724039,0.5056609054,0.8555827213,0.2556929512,0.732021793,0.01228525577
7.49,40.02569533,-0.263563025,0.4343684496,0.7339852893,0.4367174258,0.5080761933,0.8540822647,0.2581414182,0.7294565149,0.01240206694
7.525,39.8395293,-0.2660936377,0.4356571381,0.7314453099,0.438078521,0.5104928657,0.8525989866,0.260602966,0.7269250319,0.01247200215
7.56,39.65508704,-0.268636868,0.4369349383,0.7289097759,0.4394557398,0.5129112078,0.851135012,0.2630779071,0.7244308087,0.01249128414
7.595,39.4723447,-0.2711928135,0.438201984,0.7263805177,0.4408482175,0.515331467,0.8496915954,0.2655665209,0.7219758073,0.01245767177
7.63,39.2912789,-0.2737615563,0.4394583585,0.723858801,0.442254184,0.5177538398,0.848269018,0.2680690386,0.719560327,0.0123706344
7.665,39.11186667,-0.2763431569,0.4407040836,0.7213452328,0.4436710084,0.5201784595,0.8468665235,0.2705856297,0.7171829086,0.01223146175
7.7,38.93408545,-0.2789376482,0.4419391097,0.7188396938,0.4450952732,0.5226053848,0.8454822929,0.2731163883,0.7148403077,0.01204330407
7.735,38.75791312,-0.2815450296,0.4431633079,0.7163413014,0.4465228742,0.5250345904,0.8441134623,0.2756613211,0.7125275372,0.01181114165
7.77,38.58332793,-0.284165261,0.4443764642,0.7138484039,0.4479491419,0.5274659586,0.8427561791,0.2782203375,0.7102379775,0.01154168505
7.805,38.41030852,-0.2867982585,0.4455782758,0.7113586079,0.4493689788,0.5298992743,0.8414056977,0.280793241,0.7079635481,0.01124321092
7.84,38.23883393,-0.2894438898,0.4467683504,0.7088688358,0.450777006,0.5323342223,0.8400565073,0.2833797242,0.7056949355,0.01092534024
7.875,38.06888356,-0.2921019717,0.4479462075,0.7063754123,0.4521677148,0.5347703869,0.8387024892,0.2859793667,0.7034218654,0.01059876792
7.91,37.90043717,-0.2947722683,0.4491112837,0.7038741744,0.4535356181,0.5372072555,0.8373370948,0.2885916353,0.7011334103,0.01027495439
7.945,37.73347489,-0.2974544905,0.45026294,0.7013606021,0.4548753966,0.5396442245,0.8359535397,0.2912158891,0.6988183206,0.009965790376
7.98,37.56797719,-0.3001482979,0.4514004722,0.6988299625,0.4561820357,0.5420806093,0.8345450055,0.293851387,0.6964653662,0.009683246865
8.015,37.40392489,-0.3028533016,0.4525231235,0.6962774637,0.4574509501,0.544515656,0.8331048422,0.2964972996,0.6940636781,0.00943902226
8.05,37.24129913,-0.3055690693,0.4536301004,0.6936984105,0.4586780929,0.5469485571,0.8316267659,0.2991527241,0.6916030777,0.009244198219
8.085,37.08008139,-0.3082951315,0.4547205893,0.6910883582,0.4598600478,0.5493784692,0.830105043,0.3018167025,0.6890743824,0.00910891514
8.12,36.92025345,-0.3110309903,0.4557937756,0.6884432571,0.4609941017,0.5518045331,0.8285346584,0.3044882428,0.6864696801,0.009042077114
8.155,36.76179742,-0.3137761288,0.456848863,0.6857595853,0.4620782982,0.5542258949,0.8269114599,0.3071663426,0.6837825625,0.009051094898
8.19,36.60469573,-0.3165300227,0.457885094,0.6830344631,0.46311147,0.5566417291,0.8252322773,0.3098500146,0.6810083114,0.00914167397
8.225,36.44893106,-0.3192921526,0.4589017701,0.6802657471,0.4640932524,0.5590512618,0.8234950113,0.3125383133,0.6781440337,0.009317653049
8.26,36.29448644,-0.3220620172,0.4598982705,0.6774521016,0.4650240758,0.5614537935,0.8216986924,0.3152303622,0.6751887411,0.009580896737
8.295,36.14134515,-0.3248391477,0.4608740707,0.6745930438,0.4659051409,0.5638487216,0.8198435064,0.3179253809,0.672143375,0.009931244117
8.33,35.98949076,-0.3276231209,0.461828758,0.6716889642,0.4667383752,0.5662355615,0.817930789,0.3206227111,0.6690107755,0.0103665134
8.365,35.83890711,-0.330413574,0.4627620453,0.6687411209,0.4675263754,0.5686139644,0.8159629884,0.3233218405,0.6657955985,0.01088256102
8.4,35.68957833,-0.3332102171,0.4636737818,0.6657516086,0.4682723343,0.5709837341,0.8139435996,0.3260224247,0.6625041834,0.01147339196
8.435,35.5414888,-0.3360128453,0.4645639595,0.6627233044,0.4689799572,0.5733448393,0.811877071,0.3287243047,0.6591443784,0.01213131687
8.47,35.39462314,-0.3388213496,0.4654327175,0.6596597928,0.4696533682,0.5756974218,0.8097686882,0.3314275215,0.6557253284,0.01284715009
8.505,35.24896626,-0.3416357249,0.4662803408,0.6565652716,0.4702970098,0.5780418019,0.8076244382,0.3341323247,0.6522572332,0.01361044205
8.54,35.10450328,-0.3444560765,0.467107256,0.6534444431,0.4709155379,0.5803784776,0.8054508576,0.3368391773,0.648751084,0.01440973874
8.575,34.96121959,-0.3472826239,0.4679140228,0.6503023931,0.4715137151,0.5827081204,0.8032548699,0.3395487536,0.645218386,0.01523286041
8.61,34.81910081,-0.3501157009,0.4687013213,0.6471444625,0.472096304,0.5850315655,0.8010436166,0.3422619327,0.6416708756,0.01606719173
8.645,34.67813279,-0.352955754,0.4694699361,0.6439761136,0.4726679642,0.587349798,0.7988242856,0.3449797852,0.6381202393,0.01689997559
8.68,34.53830161,-0.355803336,0.4702207364,0.6408027967,0.4732331537,0.5896639339,0.796603943,0.3477035549,0.634577842,0.01771860306
8.715,34.39959357,-0.358659098,0.4709546545,0.6376298195,0.473796038,0.5919751981,0.7943893707,0.3504346351,0.6310544723,0.01851089252
8.75,34.2619952,-0.3615237766,0.4716726604,0.6344622225,0.4743604084,0.5942848977,0.7921869153,0.3531745396,0.6275601088,0.0192653516
8.785,34.12549323,-0.36439818,0.4723757364,0.6313046639,0.4749296106,0.5965943932,0.7900023504,0.35592487,0.6241037137,0.01997141635
8.82,33.9900746,-0.3672831699,0.4730648496,0.6281613175,0.4755064853,0.5989050666,0.787840757,0.3586872788,0.6206930583,0.02061966291
8.855,33.85572648,-0.3701796415,0.4737409246,0.6250357838,0.4760933213,0.6012182887,0.785706422,0.3614634307,0.6173345816,0.02120198766
8.89,33.72243622,-0.3730885027,0.4744048173,0.6219310187,0.4766918223,0.6035353855,0.78360276,0.3642549615,0.6140332855,0.02171175302
8.925,33.59019137,-0.3760106499,0.4750572886,0.618849279,0.477303087,0.605857604,0.7815322559,0.3670634363,0.610792667,0.02214389672
8.96,33.45897969,-0.3789469451,0.4756989818,0.6157920871,0.4779276029,0.6081860805,0.7794964324,0.3698903085,0.6076146882,0.0224950033
8.995,33.32878911,-0.3818981915,0.4763304014,0.6127602149,0.4785652532,0.6105218095,0.7774958408,0.3727368799,0.6044997825,0.02276333759
9.03,33.19960775,-0.3848651096,0.4769518959,0.609753686,0.4792153361,0.6128656163,0.7755300742,0.3756042636,0.601446896,0.0229488404
9.065,33.07142394,-0.3878483155,0.4775636444,0.6067717974,0.4798765964,0.6152181323,0.7735978038,0.3784933503,0.598453562,0.02305308773
9.1,32.94422615,-0.3908482995,0.4781656472,0.6038131579,0.4805472668,0.6175797757,0.7716968351,0.3814047793,0.5955160053,0.02307921536
9.135,32.81800307,-0.3938654081,0.4787577211,0.6008757427,0.4812251193,0.6199507361,0.7698241835,0.3843389152,0.5926292736,0.02303181124
9.17,32.69274351,-0.3968998286,0.4793395001,0.5979569623,0.4819075245,0.6223309652,0.7679761656,0.3872958302,0.5897873909,0.0229167789
9.205,32.5684365,-0.3999515767,0.4799104402,0.5950537437,0.4825915172,0.6247201728,0.7661485041,0.3902752943,0.5869835303,0.02274117535
9.24,32.44507121,-0.4030204892,0.4804698296,0.5921626209,0.4832738672,0.6271178293,0.7643364444,0.3932767719,0.5842102003,0.02251302782
9.275,32.32263698,-0.4061062196,0.4810168033,0.5892798327,0.4839511531,0.6295231741,0.7625348778,0.3962994267,0.5814594398,0.02224113345
9.31,32.20112331,-0.4092082393,0.4815503621,0.5864014247,0.4846198382,0.6319352296,0.7607384692,0.3993421344,0.5787230185,0.0219348471
9.345,32.08051985,-0.4123258428,0.4820693955,0.5835233528,0.485276346,0.6343528219,0.7589417865,0.4024035027,0.5759926353,0.02160386203
9.38,31.96081642,-0.4154581581,0.4825727074,0.5806415855,0.4859171343,0.6367746062,0.7571394272,0.405481899,0.5732601123,0.02125798868
9.415,31.84200297,-0.4186041615,0.4830590452,0.5777522019,0.4865387666,0.6391990966,0.7553261403,0.4085754852,0.5705175782,0.02090693668
9.45,31.72406963,-0.4217626969,0.4835271296,0.5748514832,0.4871379779,0.6416247015,0.7534969391,0.4116822576,0.5677576373,0.02056010517
9.485,31.60700664,-0.4249324994,0.4839756858,0.5719359957,0.4877117357,0.6440497601,0.7516472047,0.4148000935,0.5649735204,0.02022638615
9.52,31.49080441,-0.4281122215,0.4844034748,0.5690026625,0.4882572929,0.646472583,0.7497727749,0.4179268006,0.562159214,0.01991398538
9.555,31.37545348,-0.4313004638,0.484809323,0.5660488228,0.4887722328,0.6488914931,0.747870019,0.4210601698,0.5593095654,0.01963026486
9.59,31.26094453,-0.4344958066,0.4851921505,0.5630722778,0.4892545052,0.6513048663,0.745935896,0.4241980289,0.5564203609,0.01938161018
9.625,31.14726836,-0.4376968438,0.485550996,0.5600713221,0.4897024522,0.6537111723,0.743967995,0.4273382968,0.5534883776,0.0191733256
9.66,31.03441594,-0.4409022164,0.4858850387,0.5570447603,0.4901148242,0.6561090117,0.7419645584,0.4304790353,0.5505114059,0.01900955879
9.695,30.92237834,-0.4441106467,0.4861936149,0.553991909,0.4904907855,0.6584971509,0.7399244866,0.4336184977,0.5474882459,0.01889325638
9.73,30.81114676,-0.4473209699,0.4864762307,0.550912585,0.4908299093,0.6608745517,0.7378473258,0.4367551731,0.5444186762,0.01882615069
9.765,30.70071254,-0.4505321642,0.4867325679,0.5478070805,0.4911321632,0.6632403966,0.7357332392,0.4398878237,0.5413033992,0.01880877712
9.8,30.59106714,-0.4537433767,0.4869624861,0.5446761264,0.4913978852,0.6655941066,0.7335829635,0.4430155148,0.5381439643,0.01884052096
9.835,30.48220214,-0.4569539456,0.487166017,0.5415208456,0.4916277514,0.6679353535,0.7313977523,0.4461376365,0.5349426721,0.01891969138
9.87,30.37410922,-0.4601634169,0.4873433544,0.5383426984,0.491822736,0.6702640639,0.7291793089,0.4492539153,0.5317024646,0.01904362009
9.905,30.26678021,-0.4633715554,0.4874948384,0.5351434218,0.4919840658,0.6725804159,0.7269297098,0.4523644159,0.528426803,0.01920878113
9.94,30.16020704,-0.4665783492,0.487620935,0.5319249641,0.4921131701,0.6748848288,0.7246513228,0.4554695322,0.5251195397,0.01941092817
9.975,30.05438175,-0.4697840073,0.4877222108,0.5286894184,0.4922116267,0.6771779445,0.7223467218,0.4585699685,0.5217847865,0.01964524499
10.01,29.9492965,-0.472988951,0.4877993055,0.5254389558,0.4922811073,0.6794606024,0.7200186003,0.4616667102,0.5184267848,0.01990650501
10.045,29.84494355,-0.4761937969,0.4878529007,0.5221757612,0.4923233229,0.681733808,0.7176696871,0.464760985,0.5150497798,0.02018923521
10.08,29.74131528,-0.4793993349,0.487883689,0.5189019727,0.4923399704,0.6839986961,0.7153026658,0.4678542163,0.5116579037,0.02048788005
10.115,29.63840415,-0.4826064983,0.487892341,0.5156196267,0.492332683,0.686256489,0.7129201008,0.4709479686,0.5082550702,0.0207969612
10.15,29.53620276,-0.4858163294,0.4878794756,0.5123306103,0.4923029842,0.6885084521,0.7105243715,0.4740438887,0.5048448825,0.02111122881
10.185,29.43470378,-0.4890299399,0.4878456307,0.509036621,0.4922522487,0.690755848,0.7081176158,0.4771436415,0.5014305579,0.02142580062
10.22,29.3339,-0.4922484671,0.487791239,0.5057391359,0.4921816684,0.692999889,0.7057016851,0.4802488461,0.4980148683,0.02173628557
10.255,29.2337843,-0.4954730286,0.4877166073,0.5024393895,0.4920922271,0.6952416926,0.7032781101,0.4833610112,0.4946001001,0.0220388887
10.29,29.13434966,-0.4987046754,0.487621903,0.4991383616,0.4919846821,0.6974822389,0.7008480801,0.4864814736,0.4911880314,0.022330495
10.325,29.03558915,-0.5019443452,0.487507146,0.4958367737,0.4918595539,0.6997223328,0.6984124332,0.4896113431,0.4877799269,0.02260873005
10.36,28.93749595,-0.5051928187,0.4873722089,0.4925350949,0.4917171245,0.7019625731,0.695971659,0.4927514541,0.4843765502,0.02287199575
10.395,28.8400633,-0.5084506798,0.487216825,0.4892335554,0.4915574428,0.7042033288,0.6935259125,0.4959023283,0.4809781913,0.02311948032
10.43,28.74328456,-0.511718281,0.487040605,0.4859321678,0.4913803379,0.7064447254,0.691075038,0.49906415,0.4775847082,0.02335114177
10.465,28.64715318,-0.5149957186,0.4868430604,0.4826307542,0.491185438,0.7086866413,0.6886186022,0.5022367556,0.4741955794,0.02356766505
10.5,28.55166267,-0.5182828157,0.4866236358,0.4793289778,0.4909721965,0.7109287165,0.6861559346,0.5054196399,0.4708099667,0.0237703934
10.535,28.45680664,-0.5215791187,0.4863817467,0.4760263794,0.4907399211,0.7131703727,0.6836861737,0.5086119806,0.4674267841,0.02396123535
10.57,28.36257881,-0.5248839063,0.4861168218,0.4727224144,0.4904878082,0.7154108467,0.681208317,0.5118126796,0.4640447711,0.02414254929
10.605,28.26897294,-0.5281962139,0.4858283478,0.4694164916,0.4902149779,0.7176492346,0.6787212736,0.5150204239,0.4606625672,0.0243170089
10.64,28.17598289,-0.5315148725,0.485515913,0.4661080106,0.4899205114,0.7198845473,0.6762239164,0.5182337615,0.4572787851,0.02448745345
10.675,28.08360262,-0.5348385642,0.4851792466,0.4627963977,0.4896034874,0.722115774,0.6737151331,0.5214511911,0.4538920806,0.02465672831
10.71,27.99182614,-0.5381658905,0.4848182497,0.4594811383,0.4892630173,0.7243419503,0.671193874,0.5246712609,0.4505012165,0.02482752259
10.745,27.90064756,-0.5414954538,0.4844330125,0.4561618046,0.4888982776,0.7265622273,0.6686591941,0.5278926701,0.4471051178,0.02500221205
10.78,27.81006104,-0.5448259457,0.4840238153,0.4528380789,0.4885085389,0.728775936,0.6661102899,0.5311143649,0.4437029183,0.02518271672
10.815,27.72006084,-0.5481562373,0.4835911082,0.4495097706,0.4880931896,0.7309826403,0.6635465286,0.5343356204,0.4402939956,0.02537038395
10.85,27.63064129,-0.5514854646,0.4831354679,0.4461768271,0.4876517545,0.7331821724,0.6609674687,0.537556098,0.4368779947,0.02556590734
10.885,27.54179678,-0.5548130993,0.4826575329,0.4428393379,0.4871839077,0.7353746454,0.6583728724,0.5407758692,0.4334548391,0.02576929175
10.92,27.45352179,-0.5581389973,0.4821579176,0.4394975335,0.4866894783,0.7375604367,0.6557627088,0.5439953978,0.4300247303,0.0259798719
10.955,27.36581086,-0.5614634148,0.481637115,0.436151777,0.4861684507,0.7397401413,0.6531371487,0.5472154766,0.4265881351,0.02619638831
10.99,27.2786586,-0.564786987,0.481095394,0.4328025512,0.4856209573,0.7419144956,0.6504965507,0.5504371188,0.4231457624,0.0264171188
11.025,27.19205968,-0.5681106664,0.4805327079,0.4294504399,0.485047266,0.7440842779,0.6478414394,0.5536614126,0.4196985306,0.02664005674
11.06,27.10600886,-0.5714356228,0.4799486242,0.4260961068,0.4844477622,0.7462501946,0.6451724781,0.5568893529,0.4162475265,0.02686312065
11.095,27.02050095,-0.5747631134,0.4793422909,0.4227402697,0.483822925,0.748412766,0.6424904344,0.5601216683,0.4127939584,0.02708437336
11.13,26.93553082,-0.5780943359,0.4787124481,0.4193836743,0.483173301,0.7505722278,0.6397961433,0.5633586692,0.409339105,0.02730222577
11.165,26.85109342,-0.581430283,0.4780574894,0.4160270666,0.4824994739,0.7527284618,0.6370904665,0.5666001371,0.4058842625,0.02751560036
11.2,26.76718375,-0.5847716149,0.4773755687,0.4126711656,0.4818020338,0.7548809676,0.6343742513,0.5698452752,0.4024306908,0.02772403401
11.235,26.68379688,-0.5881185684,0.4766647446,0.409316638,0.4810815447,0.7570288827,0.6316482904,0.5730927293,0.3989795627,0.02792770798
11.27,26.60092795,-0.5914709126,0.475923144,0.4059640745,0.4803385136,0.7591710476,0.6289132829,0.5763406794,0.3955319175,0.02812740309
11.305,26.51857214,-0.5948279571,0.4751491277,0.4026139709,0.4795733617,0.7613061093,0.6261698004,0.579586992,0.3920886189,0.02832438908
11.34,26.43672469,-0.5981886095,0.4743414376,0.3992667116,0.4787863984,0.7634326506,0.6234182563,0.5828294119,0.3886503223,0.02852026574
11.375,26.35538092,-0.6015514735,0.4734993099,0.3959225591,0.4779777994,0.7655493268,0.6206588834,0.5860657717,0.3852174495,0.0287167788
11.41,26.2745362,-0.6049149719,0.4726225438,0.3925816484,0.4771475901,0.7676549955,0.6178917165,0.5892941921,0.3817901734,0.02891563451
11.445,26.19418593,-0.6082774813,0.4717115207,0.3892439861,0.4762956351,0.7697488246,0.6151165847,0.592513253,0.3783684128,0.0291183342
11.48,26.11432561,-0.6116374602,0.4707671767,0.3859094561,0.4754216336,0.7718303682,0.6123331103,0.5957221173,0.374951838,0.02932604464
11.515,26.03495076,-0.6149935607,0.4697909333,0.3825778291,0.4745251215,0.7738996064,0.6095407175,0.5989206007,0.3715398863,0.02953951302
11.55,25.95605697,-0.6183447131,0.4687845986,0.3792487783,0.4736054804,0.7759569474,0.6067386479,0.6021091842,0.3681317869,0.02975902894
11.585,25.87763988,-0.62169018,0.4677502478,0.3759218984,0.4726619532,0.7780031968,0.6039259853,0.6052889742,0.3647265957,0.02998443005
11.62,25.79969518,-0.6250295784,0.4666900954,0.3725967287,0.471693666,0.7800394983,0.6011016859,0.6084616189,0.3613232368,0.03021514428
11.655,25.72221862,-0.6283628735,0.4656063676,0.3692727786,0.4706996552,0.7820672544,0.5982646157,0.6116291904,0.3579205504,0.03045025924
11.69,25.64520599,-0.6316903467,0.4645011849,0.3659495552,0.4696788997,0.7840880339,0.5954135923,0.614794045,0.3545173458,0.0306886092
11.725,25.56865313,-0.6350125448,0.4633764574,0.3626265918,0.4686303569,0.786103475,0.5925474298,0.6179586733,0.3511124565,0.03092887016
11.76,25.49255595,-0.6383302152,0.4622337991,0.3593034752,0.4675530007,0.7881151875,0.5896649861,0.6211255487,0.3477047958,0.03116965549
11.795,25.41691039,-0.6416442343,0.4610744618,0.3559798728,0.4664458617,0.7901246628,0.58676521,0.6242969828,0.3442934117,0.03140960555
11.83,25.34171243,-0.644955532,0.4598992899,0.3526555561,0.4653080662,0.7921331928,0.583847187,0.6274749951,0.3408775377,0.03164746717
11.865,25.26695811,-0.6482650186,0.4587086948,0.3493304223,0.4641388748,0.7941418016,0.5809101816,0.6306612011,0.337456639,0.03188215991
11.9,25.19264353,-0.6515735173,0.4575026483,0.3460045102,0.4629377167,0.7961511927,0.5779536752,0.6338567217,0.3340304507,0.03211282764
11.935,25.11876481,-0.6548817038,0.4562806933,0.3426780125,0.4617042209,0.7981617111,0.5749773977,0.6370621171,0.3305990079,0.03233887505
11.97,25.04531813,-0.6581900567,0.4550419692,0.3393512821,0.4604382407,0.8001733215,0.5719813513,0.6402773445,0.3271626662,0.03255998936
12.005,24.97229971,-0.6614988187,0.4537852509,0.3360248327,0.4591398725,0.8021856026,0.5689658256,0.643501741,0.3237221107,0.03277614826
12.04,24.89970581,-0.6648079703,0.4525089981,0.3326993343,0.4578094658,0.804197756,0.565931404,0.6467340308,0.320278354,0.03298761522
12.075,24.82753275,-0.6681172162,0.4512114128,0.3293756022,0.456447626,0.806208629,0.5628789591,0.6499723536,0.3168327226,0.0331949238
12.11,24.75577688,-0.6714259826,0.4498905038,0.3260545815,0.4550552075,0.8082167504,0.5598096391,0.6532143155,0.313386832,0.03339885242
12.145,24.68443458,-0.674733428,0.4485441548,0.3227373259,0.4536332985,0.810220376,0.5567248432,0.6564570577,0.3099425511,0.03360039123
12.18,24.6135023,-0.6780384634,0.4471701941,0.319424973,0.4521831968,0.812217545,0.5536261887,0.6596973404,0.3065019568,0.03380070279
12.215,24.5429765,-0.681339783,0.445766465,0.3161187158,0.4507063772,0.8142061417,0.5505154684,0.6629316412,0.303067281,0.03400107784
12.25,24.47285371,-0.6846359033,0.4443308928,0.312819772,0.4492044521,0.8161839636,0.5473946013,0.6661562624,0.2996408496,0.03420288803
12.285,24.40313048,-0.6879252087,0.4428615499,0.3095293517,0.4476791246,0.8181487915,0.5442655769,0.6693674451,0.2962250182,0.03440753678
12.32,24.33380341,-0.6912060029,0.4413567128,0.3062486246,0.4461321371,0.8200984613,0.5411303945,0.6725614863,0.2928221039,0.03461640984
12.355,24.26486912,-0.6944765634,0.4398149144,0.3029786881,0.4445652162,0.8220309338,0.5379910008,0.6757348561,0.2894343169,0.03483082704
12.39,24.19632429,-0.6977351979,0.4382349865,0.2997205372,0.4429800148,0.8239443609,0.5348492254,0.6788843098,0.2860636939,0.03505199625
12.425,24.12816563,-0.7009803001,0.4366160937,0.2964750364,0.4413780547,0.8258371476,0.5317067184,0.6820069943,0.2827120344,0.03528097129
12.46,24.06038989,-0.7042104035,0.4349577564,0.2932428964,0.43976067,0.8277080054,0.5285648903,0.6851005423,0.2793808432,0.0355186145
12.495,23.99299384,-0.7074242318,0.4332598647,0.2900246541,0.4381289543,0.8295559981,0.5254248573,0.688163154,0.2760712806,0.03576556534
12.53,23.9259743,-0.7106207427,0.4315226798,0.2868206585,0.436483712,0.8313805766,0.5222873931,0.6911936632,0.272784121,0.03602221583
12.565,23.85932813,-0.713799166,0.4297468263,0.2836310619,0.4348254171,0.8331816033,0.5191528894,0.694191584,0.2695197226,0.03628869343
12.6,23.79305222,-0.7169590318,0.4279332731,0.2804558172,0.4331541794,0.834959364,0.5160213257,0.6971571395,0.2662780086,0.03656485193
12.635,23.72714349,-0.7201001909,0.4260833059,0.277294682,0.4314697211,0.8367145682,0.5128922507,0.7000912686,0.2630584609,0.03685027057
12.67,23.6615989,-0.7232228241,0.4241984904,0.2741472275,0.4297713624,0.8384483362,0.5097647754,0.7029956125,0.2598601263,0.03714426121
12.705,23.59641543,-0.726327441,0.4222806284,0.2710128556,0.4280580196,0.8401621752,0.5066375786,0.7058724807,0.256681636,0.03744588333
12.74,23.53159011,-0.7294148691,0.420331708,0.2678908196,0.4263282146,0.8418579429,0.5035089252,0.708724796,0.2535212378,0.03775396624
12.775,23.46712,-0.7324862316,0.4183538492,0.2647802515,0.4245800962,0.8435378015,0.5003766978,0.7115560226,0.2503768397,0.03806713769
12.81,23.40300219,-0.735542916,0.4163492467,0.2616801933,0.4228114734,0.8452041626,0.4972384394,0.7143700765,0.2472460656,0.03838385787
12.845,23.33923379,-0.7385865336,0.4143201115,0.2585896312,0.42101986,0.8468596238,0.4940914084,0.7171712224,0.2441263199,0.0387024577
12.88,23.27581196,-0.7416188715,0.4122686125,0.2555075334,0.4192025296,0.8485069,0.4909326434,0.7199639594,0.2410148604,0.03902118024
12.915,23.21273388,-0.7446418378,0.4101968205,0.2524328878,0.4173565803,0.8501487506,0.4877590368,0.7227528982,0.2379088779,0.03933822391
12.95,23.14999676,-0.747657403,0.4081066553,0.249364741,0.4154790069,0.8517879046,0.4845674145,0.7255426343,0.2348055792,0.03965178644
12.985,23.08759784,-0.7506675371,0.4059998377,0.2463022353,0.4135667793,0.8534269855,0.4813546219,0.7283376196,0.231702272,0.03996010841
13.02,23.02553441,-0.7536741469,0.4038778473,0.243244643,0.4116169249,0.855068439,0.4781176103,0.7311420353,0.2285964492,0.04026151547
13.055,22.96380375,-0.7566790126,0.4017418872,0.2401913976,0.4096266131,0.8567144636,0.4748535244,0.7339596721,0.2254858697,0.04055445822
13.09,22.90240321,-0.7596837279,0.3995928568,0.2371421198,0.4075932384,0.8583669482,0.4715597872,0.7367938177,0.2223686329,0.04083754932
13.125,22.84133013,-0.7626896438,0.3974313325,0.2340966372,0.4055145011,0.8600274163,0.4682341787,0.7396471569,0.2192432461,0.04110959703
13.16,22.78058191,-0.7656978184,0.3952575572,0.2310549984,0.403388482,0.8616969801,0.4648749076,0.7425216855,0.2161086797,0.04136963479
13.195,22.72015597,-0.7687089739,0.3930714385,0.2280174793,0.4012137089,0.863376304,0.4614806725,0.7454186424,0.2129644111,0.04161694653
13.23,22.66004974,-0.7717234627,0.3908725564,0.2249845825,0.398989213,0.8650655803,0.4580507117,0.7483384583,0.2098104545,0.04185108725
13.265,22.60026069,-0.7747412425,0.3886601781,0.2219570291,0.3967145721,0.8667645164,0.4545848375,0.751280727,0.2066473745,0.04207189853
13.3,22.54078632,-0.7777618623,0.3864332821,0.2189357442,0.3943899405,0.8684723346,0.4510834571,0.754244196,0.2034762853,0.04227951873
13.335,22.48162415,-0.7807844592,0.3841905888,0.2159218352,0.3920160628,0.8701877844,0.4475475756,0.7572267801,0.2002988324,0.04247438742
13.37,22.42277173,-0.7838077666,0.3819305975,0.2129165652,0.3895942714,0.8719091675,0.4439787833,0.7602255963,0.19711716,0.04265724365
13.405,22.36422663,-0.7868301339,0.3796516295,0.2099213221,0.3871264669,0.873634374,0.4403792262,0.7632370195,0.1939338629,0.04282911767
13.44,22.30598646,-0.7898495562,0.3773518747,0.2069375832,0.3846150829,0.8753609306,0.4367515602,0.7662567589,0.1907519253,0.04299131582
13.475,22.24804883,-0.7928637152,0.3750294414,0.2039668791,0.382063033,0.8770860578,0.4330988905,0.7692799528,0.187574649,0.0431453982
13.51,22.1904114,-0.7958700287,0.3726824081,0.2010107553,0.3794736451,0.8788067364,0.4294246978,0.7723012799,0.1844055711,0.04329314904
13.545,22.13307183,-0.798865709,0.3703088749,0.1980707355,0.3768505805,0.8805197805,0.4257327522,0.7753150838,0.1812483763,0.04343653991
13.58,22.07602784,-0.8018478276,0.3679070146,0.195148285,0.3741977431,0.8822219165,0.4220270182,0.77831551,0.1781068041,0.04357768591
13.615,22.01927712,-0.8048133849,0.3654751211,0.1922447783,0.3715191797,0.8839098645,0.4183115534,0.7812966486,0.1749845557,0.0437187957
13.65,21.96281744,-0.8077593841,0.3630116532,0.1893614686,0.3688189736,0.8855804215,0.4145904016,0.7842526829,0.1718852011,0.04386211604
13.685,21.90664655,-0.8106829056,0.360515275,0.1864994629,0.3661011352,0.8872305433,0.4108674858,0.7871780369,0.1688120908,0.04400987226
13.72,21.85076224,-0.8135811816,0.3579848892,0.1836597014,0.3633694925,0.8888574238,0.4071465019,0.7900675199,0.165768274,0.04416420612
13.755,21.79516234,-0.8164516677,0.3554196639,0.1808429424,0.3606275837,0.890458569,0.4034308168,0.7929164632,0.162756424,0.04432711286
13.79,21.73984467,-0.8192921103,0.3528190521,0.1780497532,0.3578785555,0.8920318636,0.3997233732,0.7957208456,0.1597787751,0.04450037932
13.825,21.68480709,-0.8221006073,0.3501828032,0.1752805064,0.3551250689,0.8935756287,0.3960266033,0.7984774042,0.1568370705,0.04468552532
13.86,21.63004747,-0.8248756602,0.3475109663,0.1725353829,0.3523692167,0.8950886697,0.3923423547,0.8011837266,0.1539325233,0.04488375019
13.895,21.57556373,-0.8276162175,0.3448038855,0.1698143796,0.3496124529,0.8965703112,0.3886718292,0.8038383229,0.1510657908,0.04509588632
13.93,21.52135377,-0.8303217053,0.3420621875,0.1671173243,0.3468555374,0.8980204198,0.3850155372,0.8064406744,0.1482369639,0.04532236165
13.965,21.46741554,-0.8329920473,0.339286762,0.1644438942,0.3440984973,0.899439413,0.3813732688,0.8089912577,0.1454455702,0.04556317215
14,21.413747,-0.8356276704,0.3364787354,0.1617936405,0.341340606,0.9008282539,0.3777440819,0.811491543,0.1426905914,0.04581786563
14.035,21.36034613,-0.8382294985,0.333639439,0.1591660168,0.3385803811,0.9021884323,0.3741263094,0.8139439674,0.1399704954,0.04608553725
14.07,21.30721095,-0.8407989314,0.3307703724,0.1565604112,0.3358156017,0.9035219324,0.3705175849,0.8163518823,0.1372832807,0.04636483701
14.105,21.25433945,-0.8433378124,0.3278731636,0.1539761808,0.333043345,0.9048311871,0.3669148864,0.8187194772,0.1346265339,0.04665398889
14.14,21.2017297,-0.8458483826,0.3249495265,0.1514126884,0.3302600423,0.9061190215,0.3633145989,0.8210516811,0.1319974978,0.04695082114
14.175,21.14937975,-0.8483332244,0.322001218,0.1488693394,0.3274615536,0.9073885849,0.3597125927,0.8233540441,0.1293931493,0.0472528066
14.21,21.09728768,-0.850795196,0.3190299942,0.1463456184,0.3246432584,0.9086432759,0.3561043179,0.8256326028,0.1268102852,0.04755711196
14.245,21.0454516,-0.8532373567,0.3160375686,0.1438411234,0.3218001631,0.9098866587,0.3524849128,0.8278937317,0.1242456138,0.04786065455
14.28,20.99386961,-0.855662887,0.3130255723,0.1413555972,0.3189270211,0.9111223766,0.3488493222,0.8301439851,0.1216958496,0.04816016527
14.315,20.94253985,-0.8580750039,0.3099955178,0.1388889536,0.3160184632,0.9123540614,0.3451924254,0.8323899333,0.1191578105,0.04845225613
14.35,20.89146049,-0.8604768747,0.3069487662,0.1364412978,0.3130691365,0.9135852434,0.3415091682,0.8346379969,0.116628512,0.04873349113
14.385,20.84062968,-0.8628715304,0.3038865001,0.1340129391,0.3100738463,0.9148192624,0.3377946981,0.8368942828,0.114105258,0.04900045915
14.42,20.79004563,-0.8652617817,0.300809701,0.1316043966,0.3070276991,0.9160591832,0.3340444959,0.8391644271,0.1115857252,0.04924984767
14.455,20.73970654,-0.8676501395,0.297719133,0.1292163948,0.3039262415,0.9173077165,0.3302545033,0.8414534467,0.109068037,0.04947851633
14.49,20.68961063,-0.8700387409,0.2946153321,0.1268498513,0.3007655922,0.9185671475,0.3264212404,0.8437656045,0.1065508262,0.04968356924
14.525,20.63975614,-0.8724292843,0.2914986017,0.1245058551,0.2975425614,0.9198392745,0.3225419102,0.8461042909,0.1040332838,0.04986242527
14.56,20.59014135,-0.8748229736,0.288369014,0.122185637,0.2942547563,0.921125357,0.3186144872,0.8484719234,0.1015151915,0.05001288514
14.595,20.54076451,-0.8772204735,0.2852264172,0.1198905329,0.2909006663,0.9224260773,0.3146377878,0.8508698681,0.09899693752,0.05013319436
14.63,20.49162392,-0.8796218768,0.2820704479,0.1176219412,0.2874797285,0.9237415135,0.3106115184,0.8532983838,0.09647951535,0.05022210084
14.665,20.4427179,-0.8820266853,0.2789005493,0.115381277,0.2839923683,0.925071127,0.3065363019,0.8557565899,0.09396450435,0.05027890573
14.7,20.39404476,-0.8844338026,0.2757159925,0.113169924,0.2804400157,0.9264137627,0.3024136804,0.8582424598,0.09145403409,0.05030350612
14.735,20.34560285,-0.8868415425,0.2725159033,0.1109891869,0.2768250955,0.9277676644,0.2982460948,0.860752839,0.08895073308,0.05029642791
14.77,20.29739052,-0.8892476487,0.2692992904,0.1088402465,0.2731509929,0.9291305014,0.2940368415,0.8632834886,0.08645766417,0.05025884725
14.805,20.24940615,-0.8916493296,0.266065077,0.1067241194,0.2694219946,0.9304994101,0.2897900081,0.8658291522,0.08397824881,0.05019259896
14.84,20.20164811,-0.8940433037,0.2628121337,0.1046416237,0.2656432075,0.9318710461,0.2855103905,0.8683836465,0.08151618308,0.05010017043
14.875,20.15411482,-0.8964258571,0.2595393116,0.1025933526,0.2618204583,0.9332416469,0.2812033933,0.8709399716,0.07907534839,0.04998468003
14.91,20.10680469,-0.8987929112,0.2562454755,0.1005796568,0.2579601763,0.9346071051,0.2768749174,0.8734904409,0.07665971991,0.04984983916
14.945,20.05971616,-0.9011400981,0.2529295357,0.09860063515,0.2540692632,0.9359630476,0.2725312381,0.8760268264,0.07427327577,0.04969989781
14.98,20.01284766,-0.9034628435,0.2495904781,0.09665613555,0.2501549542,0.9373049217,0.2681788762,0.8785405163,0.07191990965,0.04953957407
15.015,19.96619767,-0.905756454,0.246227391,0.09474576345,0.246224673,0.9386280851,0.2638244668,0.881022682,0.06960334929,0.04937396866
15.05,19.91976465,-0.9080162076,0.2428394894,0.09286889866,0.2422858861,0.9399278966,0.2594746287,0.8834644509,0.06732708295,0.04920846618
15.085,19.8735471,-0.9102374445,0.2394261345,0.09102471862,0.2383459584,0.9411998083,0.2551358369,0.8858570792,0.06509429527,0.04904862551
15.12,19.82754352,-0.9124156569,0.2359868492,0.08921222697,0.2344120142,0.9424394537,0.2508143015,0.8881921239,0.06290781383,0.04890006226
15.155,19.78175242,-0.9145465752,0.2325213285,0.087430286,0.2304908067,0.9436427324,0.2465158552,0.8904616065,0.06077006687,0.04876832662
15.19,19.73617235,-0.916626249,0.2290294453,0.08567765147,0.2265885976,0.9448058886,0.2422458514,0.8926581672,0.05868305254,0.04865878024
15.225,19.69080184,-0.9186511199,0.2255112513,0.08395300853,0.2227110499,0.9459255809,0.2380090741,0.8947752047,0.05664831938,0.04857647597
15.26,19.64563945,-0.9206180864,0.2219669732,0.08225500734,0.2188631341,0.9469989431,0.2338096612,0.8968069982,0.05466695768,0.04852604415
15.295,19.60068375,-0.9225245572,0.218397004,0.08058229761,0.215049051,0.9480236337,0.2296510418,0.89874881,0.05273960101,0.04851158901
15.33,19.55593333,-0.9243684938,0.2148018911,0.07893356109,0.2112721701,0.9489978739,0.2255358883,0.9005969647,0.05086643693,0.04853659832
15.365,19.51138679,-0.9261484398,0.2111823202,0.07730754151,0.2075349852,0.949920473,0.2214660833,0.902348905,0.04904722604,0.04860386897
15.4,19.46704273,-0.9278635376,0.2075390973,0.07570307167,0.2038390865,0.9507908399,0.2174427011,0.9040032213,0.04728132825,0.0487154505
15.435,19.42289977,-0.9295135311,0.2038731277,0.07411909752,0.2001851509,0.9516089831,0.2134660049,0.9055596567,0.04556773526,0.04887260808
15.47,19.37895656,-0.9310987564,0.2001853945,0.07255469918,0.1965729479,0.9523754965,0.2095354581,0.9070190863,0.04390510822,0.0490758055
15.505,19.33521174,-0.9326201187,0.1964769363,0.07100910919,0.1930013625,0.9530915341,0.2056497496,0.9083834724,0.04229181952,0.04932470813
15.54,19.29166396,-0.9340790584,0.1927488247,0.0694817279,0.189468434,0.9537587728,0.2018068333,0.9096557967,0.04072599798,0.04961820532
15.575,19.24831191,-0.9354775052,0.1890021436,0.06797213643,0.185971409,0.9543793653,0.1980039805,0.910839973,0.0392055763,0.0499544507
15.61,19.20515426,-0.9368178243,0.185237969,0.06648010711,0.1825068095,0.9549558844,0.1942378443,0.9119407411,0.03772834014,0.05033091872
15.645,19.16218971,-0.9381027538,0.1814573513,0.06500561146,0.1790705124,0.9554912595,0.1905045352,0.912963547,0.03629197794,0.05074447503
15.68,19.11941696,-0.9393353359,0.1776613004,0.06354882578,0.1756578419,0.9559887086,0.1867997074,0.913914411,0.03489413069,0.05119145834
15.715,19.07683474,-0.9405188447,0.1738507725,0.06211013384,0.1722636704,0.9564516654,0.1831186525,0.9147997883,0.03353244088,0.05166777078
15.75,19.03444178,-0.9416567106,0.1700266605,0.06069012669,0.1688825283,0.9568837055,0.1794564009,0.9156264259,0.03220459983,0.05216897427
15.785,18.99223681,-0.9427524448,0.1661897875,0.05928959884,0.165508719,0.9572884714,0.1758078286,0.9164012176,0.0309083926,0.05269038983
15.82,18.95021858,-0.9438095646,0.1623409024,0.0579095407,0.1621364386,0.9576696,0.1721677659,0.9171310628,0.02964173963,0.05322719756
15.855,18.90838587,-0.9448315222,0.1584806792,0.05655112652,0.1587598954,0.9580306524,0.1685311079,0.917822731,0.02840273431,0.05377453466
15.89,18.86673744,-0.9458216375,0.154609718,0.05521569773,0.155373429,0.9583750491,0.1648929219,0.9184827348,0.0271896757,0.05432758948
15.925,18.82527209,-0.946783037,0.1507285488,0.05390474129,0.1519716239,0.9587060105,0.1612485523,0.9191172146,0.02600109561,0.05488168975
15.96,18.7839886,-0.9477186003,0.1468376371,0.05261986313,0.1485494174,0.9590265049,0.1575937163,0.9197318371,0.0248357794,0.05543238349
15.995,18.74288578,-0.9486309139,0.1429373906,0.0513627569,0.145102196,0.9593392041,0.1539245922,0.9203317085,0.02369278007,0.05597551139
16.03,18.70196245,-0.9495222345,0.1390281678,0.05013516862,0.1416258802,0.9596464481,0.1502378949,0.9209213053,0.02257142507,0.05650726965
16.065,18.66121743,-0.9503944612,0.1351102864,0.04893885808,0.1381169943,0.9599502182,0.1465309385,0.9215044214,0.02147131593,0.05702426269
16.1,18.62064957,-0.9512491176,0.131184033,0.04777555816,0.1345727191,0.9602521201,0.142801683,0.9220841342,0.02039232067,0.05752354516
16.135,18.5802577,-0.952087343,0.1272496717,0.04664693347,0.1309909268,0.9605533757,0.1390487659,0.9226627876,0.01933455931,0.05800265306
16.17,18.54004069,-0.9529098934,0.1233074534,0.04555453997,0.1273701971,0.9608548241,0.1352715166,0.923241993,0.01829838321,0.05845962377
16.205,18.49999741,-0.9537171508,0.1193576235,0.04449978716,0.1237098135,0.961156931,0.1314699548,0.923822646,0.01728434902,0.05889300499
16.24,18.46012672,-0.9545091408,0.1154004292,0.04348390461,0.1200097425,0.9614598062,0.1276447737,0.9244049589,0.01629318826,0.05930185286
16.275,18.42042753,-0.9552855576,0.1114361256,0.04250791427,0.1162705942,0.961763228,0.1237973095,0.9249885067,0.01532577384,0.05968571947
16.31,18.38089871,-0.9560457954,0.1074649801,0.04157260986,0.1124935682,0.9620666738,0.1199294992,0.9255722849,0.01438308477,0.06004463038
16.345,18.34153919,-0.9567889844,0.1034872761,0.04067854435,0.1086803868,0.9623693558,0.1160438298,0.926154777,0.01346617044,0.06037905261
16.38,18.30234786,-0.9575140314,0.09950331482,0.03982602601,0.1048332173,0.9626702603,0.1121432824,0.92673403,0.01257611579,0.0606898542
16.415,18.26332367,-0.958219663,0.09551341568,0.03901512312,0.1009545873,0.9629681901,0.1082312734,0.9273077352,0.01171400854,0.06097825625
16.45,18.22446553,-0.9589044701,0.09151791571,0.03824567712,0.09704729628,0.9632618085,0.1043115983,0.9278733117,0.01088090953,0.06124577878
16.485,18.1857724,-0.9595669525,0.08751716755,0.03751732337,0.09311432531,0.9635496827,0.1003883814,0.928427991,0.01007782713,0.06149418183
16.52,18.14724322,-0.9602055633,0.08351153645,0.03682951845,0.08915874955,0.9638303276,0.09646603574,0.9289689005,0.009305696051,0.06172540347
16.555,18.10887696,-0.96081875,0.07950139644,0.03618157266,0.08518365476,0.9641022468,0.09254923683,0.9294931423,0.008565361239,0.06194149647
16.59,18.07067257,-0.9614049936,0.07548712597,0.0355726861,0.08119206075,0.9643639707,0.08864291694,0.929997868,0.007857566724,0.0621445653
16.625,18.03262905,-0.9619628436,0.07146910308,0.03500198682,0.07718685351,0.9646140913,0.08475228278,0.9304803451,0.007182949436,0.06233670543
16.66,17.99474538,-0.9624909472,0.06744770057,0.03446856927,0.07317072749,0.9648512921,0.08088286363,0.9309380158,0.00654203763,0.06251994656
16.695,17.95702055,-0.962988075,0.06342328123,0.03397153152,0.06914613891,0.9650743729,0.07704059631,0.9313685453,0.00593525348,0.06269620127
16.73,17.91945356,-0.9634531396,0.0593961935,0.03351000997,0.06511527061,0.9652822696,0.07323195501,0.9317698601,0.005362919235,0.06286722068
16.765,17.88204342,-0.9638852093,0.05536676774,0.03308321021,0.06108000875,0.9654740678,0.06946413655,0.9321401757,0.004825266267,0.06303455806
16.8,17.84478917,-0.9642835154,0.05133531316,0.03269043307,0.05704193094,0.965649011,0.0657453139,0.9324780124,0.0043224463,0.06319954131
16.835,17.80768981,-0.9646474542,0.04730211586,0.03233109532,0.05300230532,0.965806503,0.06208497479,0.9327822012,0.003854544094,0.06336325475
16.87,17.7707444,-0.9649765839,0.04326743773,0.03200474431,0.04896209982,0.9659461054,0.0584943662,0.9330518786,0.003421590878,0.0635265305
16.905,17.73395197,-0.9652706155,0.03923151655,0.03171106651,0.04492200051,0.9660675302,0.05498707002,0.933286473,0.003023577869,0.06368994917
16.94,17.69731157,-0.9655294007,0.0351945671,0.03144988985,0.04088243785,0.9661706274,0.05157973726,0.9334856812,0.002660469296,0.06385384946
16.975,17.66082227,-0.9657529159,0.03115678336,0.0312211801,0.03684361947,0.9662553698,0.04829300552,0.9336494397,0.002332214382,0.06401834589
17.01,17.62448313,-0.9659412425,0.02711834167,0.03102503163,0.0328055681,0.9663218348,0.04515260664,0.9337778885,0.002038757886,0.06418335366
17.045,17.58829322,-0.9660945466,0.02307940468,0.03086165307,0.02876816299,0.9663701836,0.04219062493,0.9338713318,0.001780048832,0.06434861935
17.08,17.55225164,-0.9662130563,0.01904012596,0.0307313485,0.02473118336,0.9664006398,0.03944676426,0.9339301966,0.001556047211,0.06451375621
17.115,17.51635746,-0.9662970399,0.01500065509,0.03063449495,0.02069435231,0.9664134669,0.03696929129,0.9339549891,0.001366728498,0.06467828244
17.15,17.4806098,-0.9663467837,0.01096114297,0.030571517,0.0166573796,0.9664089471,0.03481502473,0.9339462531,0.001212085947,0.06484166098
17.185,17.44500774,-0.9663625714,0.006921747095,0.0305428594,0.01262000188,0.9663873603,0.03304740092,0.9339045301,0.001092130708,0.06500333924
17.22,17.40955041,-0.9663446658,0.002882636678,0.03054895874,0.008582018932,0.9663489653,0.03173152895,0.9338303228,0.001006889929,0.06516278728
17.255,17.37423692,-0.9662932927,-0.001156002746,0.0305902151,0.004543324785,0.9662939842,0.03092576692,0.9337240639,0.0009564030599,0.06531953302
17.29,17.3390664,-0.966208628,-0.005193965328,0.03066696472,0.0005039326119,0.9662225883,0.03067110486,0.9335860902,0.0009407166731,0.06547319317
17.325,17.30403798,-0.9660907883,-0.009231021746,0.03077945483,-0.003536007406,0.9661348886,0.03098190098,0.933416623,0.0009598781881,0.06562349878
17.36,17.26915081,-0.965939825,-0.01326691701,0.03092782152,-0.007576197801,0.9660309294,0.0318422505,0.9332157566,0.001013928917,0.06577031447
17.395,17.23440402,-0.9657557223,-0.01730136933,0.03111207165,-0.01161619141,0.9659106856,0.03320989168,0.9329834525,0.001102896905,0.06591365062
17.43,17.19979679,-0.9655383987,-0.02133407007,0.03133206968,-0.01565539678,0.9657740636,0.03502556265,0.9327195419,0.001226790039,0.06605366806
17.465,17.16532826,-0.9652877124,-0.02536468488,0.03158753006,-0.01969309118,0.9656209065,0.03722351267,0.932423735,0.001385589896,0.0661906751
17.5,17.1309976,-0.9650034696,-0.02939285577,0.03187801585,-0.02372844037,0.9654510015,0.03973973801,0.9320956364,0.001579246777,0.06632511686
17.505,17.12610443,-0.9649601109,-0.02996808741,0.03192234077,-0.02430467459,0.9654253477,0.04012172787,0.932046102,0.001609753047,0.066344145
17.535,17.09680399,-0.9646854357,-0.03341820427,0.0322029437,-0.02776052458,0.9652640915,0.04251677678,0.9317347663,0.001807676308,0.06645755741
17.57,17.06274661,-0.9643333491,-0.03744033532,0.03256159553,-0.03178836924,0.9650598877,0.04550558123,0.9313405869,0.002070757923,0.06658865516
17.605,17.02882465,-0.9639469365,-0.0414588418,0.03295313667,-0.03581097943,0.9648380859,0.04866554699,0.930912532,0.002368335464,0.0667191325
17.64,16.9950373,-0.9635259298,-0.04547330951,0.03337663999,-0.03982737652,0.9645983824,0.0519636413,0.9304500393,0.002700220017,0.06684974066
17.675,16.96138376,-0.9630700829,-0.04948332221,0.0338311156,-0.04383663564,0.9643404916,0.05537323367,0.9299525838,0.003066195007,0.06698122124
17.71,16.92786324,-0.9625791889,-0.05348846666,0.03431554523,-0.04783792245,0.9640641633,0.05887294343,0.9294197109,0.003466023469,0.06711426561
17.745,16.89447495,-0.9620530961,-0.05748833716,0.03482892037,-0.05183052793,0.9637691989,0.06244563491,0.9288510687,0.00389945732,0.06724947401
17.78,16.86121811,-0.961491723,-0.06148253949,0.03537028312,-0.0558139,0.9634554665,0.06607759349,0.928246436,0.004366248361,0.06738731567
17.815,16.82809194,-0.9608950702,-0.06547069397,0.03593876885,-0.0597876708,0.9631229141,0.06975787185,0.9276057476,0.004866160686,0.06752809169
17.85,16.79509569,-0.9602632309,-0.06945243734,0.03653364966,-0.06375167883,0.9627715792,0.07347777971,0.9269291137,0.005398984111,0.06767190215
17.885,16.76222857,-0.9595963977,-0.0734274233,0.03715437794,-0.06770598532,0.9624015965,0.07723048782,0.9262168329,0.005964548249,0.06781861882
17.92,16.72948984,-0.9588948653,-0.07739532175,0.03780062965,-0.07165088402,0.9620132008,0.08101072017,0.9254693986,0.006562736783,0.06796786464
17.955,16.69687875,-0.9581590309,-0.08135581637,0.03847234727,-0.07558690404,0.961606727,0.08481451271,0.9246874974,0.007193501566,0.06811900108
17.99,16.66439455,-0.9573893891,-0.08530860084,0.03916978298,-0.07951480502,0.9611826048,0.08863902141,0.9238719998,0.007856876116,0.06827112408
18.025,16.6320365,-0.9565865241,-0.08925337354,0.0398935433,-0.08343556345,0.9607413506,0.09248236613,0.9230239428,0.008552988045,0.06842306918
18.06,16.59980388,-0.9557510969,-0.09318983114,0.04064463712,-0.08735034832,0.9602835539,0.09634349941,0.9221445038,0.009282069879,0.06857342632
18.095,16.56769594,-0.9548838295,-0.09711766114,0.04142452998,-0.09126048266,0.9598098603,0.1002220903,0.9212349679,0.01004446738,0.06872056472
18.13,16.53571197,-0.9539854853,-0.1010365338,0.04223520808,-0.09516738489,0.9593209511,0.1041184131,0.9202966872,0.01084064395,0.06886266881
18.165,16.50385125,-0.9530568462,-0.1049460941,0.04307925549,-0.09907247974,0.958817519,0.1080332287,0.9193310347,0.0116711785,0.06899778676
18.2,16.47211308,-0.9520986876,-0.1088459535,0.04395994636,-0.1029770613,0.9583002414,0.1119676384,0.9183393526,0.01253675204,0.06912389537
18.235,16.44049674,-0.951111751,-0.1127356834,0.04488134812,-0.1068820804,0.9577697516,0.1159228818,0.9173228971,0.01343811453,0.06923898835
18.27,16.40900153,-0.950096715,-0.1166148097,0.04584841634,-0.1107878145,0.9572266094,0.1199000297,0.9162827817,0.01437601713,0.06934120116
18.305,16.37762677,-0.949054167,-0.1204828099,0.04686702954,-0.1146933622,0.9566712703,0.1238994988,0.9152199194,0.0153510858,0.06942899478
18.34,16.34637176,-0.9479845741,-0.124339113,0.04794384667,-0.1185959017,0.956104057,0.127920289,0.9141349677,0.01636360034,0.06950143194
18.375,16.31523581,-0.946888256,-0.1281831038,0.04908575962,-0.1224896949,0.9555251318,0.1319588464,0.9130282775,0.01741313716,0.06955858534
18.41,16.28421825,-0.9457653612,-0.1320141308,0.05029856993,-0.1263649857,0.9549344737,0.1360075577,0.9118998491,0.01849805575,0.06960209515
18.445,16.25331841,-0.944615846,-0.1358315197,0.05158446048,-0.1302073477,0.9543318596,0.1400532397,0.9107492982,0.01961490996,0.06963579182
18.48,16.22253561,-0.9434394604,-0.1396345922,0.05293820389,-0.1339987023,0.9537168526,0.1440767352,0.9095758348,0.02075810564,0.06966605952
18.515,16.19186919,-0.9422357403,-0.1434226899,0.05434337061,-0.137721667,0.9530887988,0.1480555959,0.9083782584,0.02192045948,0.06970128216
18.55,16.16131849,-0.9410040086,-0.1471952039,0.0557719203,-0.1413676782,0.9524468343,0.1519714695,0.9071549722,0.02309532754,0.06974970022
18.585,16.13088286,-0.9397433871,-0.1509516073,0.05719101543,-0.1449453243,0.951789904,0.1558202788,0.9059040213,0.02427995929,0.06981601941
18.62,16.10056165,-0.9384528205,-0.1546914926,0.05857606436,-0.1484815834,0.9511167931,0.159618094,0.9046231542,0.02547793593,0.06989890987
18.655,16.07035422,-0.9371311141,-0.1584146069,0.05992146604,-0.1520121923,0.9504261743,0.1633961098,0.9033099128,0.02669828869,0.06999179852
18.69,16.04025993,-0.9357769854,-0.162120887,0.0612406781,-0.1555673876,0.9497166675,0.167187418,0.9019617485,0.02795163274,0.07008661877
18.725,16.01027813,-0.9343891301,-0.1658104858,0.06255701719,-0.1591632165,0.9489869144,0.1710155253,0.9005761636,0.02924630989,0.07017752647
18.76,15.98040821,-0.9329663008,-0.1694837887,0.06389346991,-0.1628017514,0.9482356632,0.1748907824,0.899150873,0.03058678576,0.07026234128
18.795,15.95064953,-0.9315073953,-0.1731414138,0.06526709412,-0.166476196,0.9474618603,0.1788130795,0.8976839768,0.0319741174,0.07034190584
18.83,15.92100149,-0.93001155,-0.1767841921,0.06668804281,-0.1701761061,0.946664742,0.182776372,0.8961741337,0.03340720215,0.07041866416
18.865,15.89146345,-0.9284782294,-0.1804131235,0.06816090854,-0.1738907108,0.9458439182,0.1867722912,0.8946207177,0.03488388877,0.07049539354
18.9,15.86203481,-0.9269073063,-0.1840293091,0.06968654356,-0.1776104247,0.9449994397,0.190792236,0.8930239411,0.03640167732,0.07057438159
18.935,15.83271497,-0.9252991194,-0.1876338597,0.07126355215,-0.1813272671,0.944131837,0.1948283133,0.8913849256,0.03795807167,0.0706570027
18.97,15.80350332,-0.9236545015,-0.1912277891,0.07288930247,-0.1850347834,0.9432421246,0.1988736319,0.8897057055,0.03955072148,0.07074357298
19.005,15.77439926,-0.9219747705,-0.1948118975,0.07456054906,-0.1887278052,0.9423317637,0.2029223003,0.8879891528,0.04117745994,0.07083338723
19.04,15.74540221,-0.9202616777,-0.1983866616,0.07627379685,-0.1924022028,0.9414025829,0.2069693208,0.886238823,0.04283629974,0.07092487725
19.075,15.71651156,-0.9185173182,-0.2019521412,0.07802551057,-0.1960546798,0.9404566609,0.2110104684,0.8844587311,0.04452541776,0.07101585117
19.11,15.68772674,-0.9167440062,-0.2055079183,0.07981223709,-0.199682619,0.9394961828,0.2150421854,0.8826530775,0.04624314151,0.07110378103
19.145,15.65904717,-0.9149441315,-0.2090530765,0.08163068094,-0.2032839721,0.9385232829,0.2190615013,0.8808259525,0.04798794136,0.07118610609
19.18,15.63047226,-0.9131200082,-0.2125862249,0.08347775509,-0.2068571801,0.9375398937,0.2230659735,0.8789810523,0.04975842854,0.07126051914
19.215,15.60200146,-0.9112737352,-0.2161055671,0.08535061841,-0.2104011155,0.9365476157,0.2270536445,0.8771214365,0.05155335749,0.07132520597
19.25,15.57363418,-0.9094070812,-0.2196090046,0.08724670512,-0.2139150376,0.9355476226,0.2310230094,0.8752493542,0.05337163086,0.07137901495
19.285,15.54536987,-0.9075214043,-0.2230942654,0.08916374847,-0.217398554,0.9345406094,0.2349729885,0.8733661505,0.05521230533,0.07142154413
19.32,15.51720797,-0.9056176122,-0.2265590409,0.09109979908,-0.2208515868,0.9335267851,0.2389029024,0.8714722585,0.05707459679,0.07145314471
19.355,15.48914792,-0.9036961609,-0.2300011189,0.09305323772,-0.2242743384,0.9325059067,0.2428124459,0.869567266,0.0589578839,0.07147485014
19.39,15.46118917,-0.9017570884,-0.2334184998,0.09502278214,-0.2276672571,0.9314773441,0.2467016601,0.8676500425,0.06086170909,0.07148824841
19.425,15.43333117,-0.8998000731,-0.2368094879,0.0970074874,-0.2310310021,0.9304401674,0.2505709012,0.8657189051,0.06278577652,0.0714953184
19.46,15.40557338,-0.8978245094,-0.2401727533,0.09900673975,-0.2343664059,0.9293932436,0.2544208064,0.8637718012,0.06472994672,0.07149825209
19.495,15.37791526,-0.8958295898,-0.243507365,0.1010202437,-0.2376744375,0.9283353331,0.2582522563,0.8618064907,0.06669422787,0.07149928146
19.53,15.35035627,-0.8938143855,-0.2468127951,0.1030480031,-0.2409561638,0.9272651786,0.2620663348,0.8598207115,0.06867876383,0.07150052469
19.565,15.32289589,-0.8917779213,-0.2500889019,0.1050902958,-0.2442127124,0.9261815804,0.2658642871,0.8578123198,0.07068381916,0.07150386101
19.6,15.29553357,-0.8897192392,-0.2533358931,0.1071476438,-0.2474452343,0.9250834553,0.2696474764,0.8557793994,0.07270976155,0.07151083909
19.635,15.26826881,-0.8876374489,-0.2565542782,0.1092207785,-0.2506548697,0.9239698796,0.2734173406,0.8537203384,0.07475704215,0.07152261946
19.67,15.24110107,-0.8855317666,-0.259744812,0.111310603,-0.2538427149,0.9228401145,0.2771753493,0.851633877,0.07682617426,0.07153994874
19.705,15.21402984,-0.8834015405,-0.262908436,0.113418152,-0.2570097932,0.9216936191,0.2809229628,0.8495191274,0.07891771101,0.07156316156
19.74,15.18705461,-0.8812462663,-0.2660462186,0.1155445501,-0.2601570288,0.9205300497,0.2846615933,0.8473755723,0.08103222269,0.07159220499
19.775,15.16017487,-0.8790655933,-0.2691592995,0.1176909704,-0.2632852248,0.9193492513,0.2883925694,0.8452030459,0.0831702741,0.07162668002
19.81,15.13339011,-0.8768593232,-0.2722488375,0.1198585937,-0.2663950456,0.9181512415,0.2921171046,0.8430017023,0.08533240279,0.07166589495
19.845,15.10669982,-0.8746274038,-0.2753159642,0.1220485694,-0.2694870037,0.9169361895,0.2958362697,0.8407719757,0.08751909847,0.07170892587
19.88,15.08010352,-0.8723699183,-0.2783617452,0.1242619795,-0.2725614512,0.9157043931,0.299550971,0.8385145355,0.08973078423,0.07175468022
19.915,15.0536007,-0.8700870724,-0.2813871469,0.1264998057,-0.2756185756,0.9144562537,0.3032619331,0.8362302399,0.09196780004,0.07180196004
19.95,15.02719088,-0.8677791796,-0.2843930106,0.1287629008,-0.2786584005,0.913192252,0.3069696871,0.8339200891,0.0942303888,0.07184952212
19.985,15.00087356,-0.8654466463,-0.287380034,0.1310519653,-0.2816807905,0.9119129243,0.310674565,0.8315851815,0.09651868531,0.07189613315
20.02,14.97464825,-0.8630899559,-0.2903487579,0.1333675281,-0.2846854596,0.9106188408,0.3143766984,0.8292266733,0.09883270849,0.07194061824
20.055,14.94851449,-0.8607096545,-0.29329956,0.1357099341,-0.2876719844,0.9093105857,0.3180760237,0.8268457413,0.1011723568,0.07198190186
20.09,14.92247178,-0.8583063364,-0.2962326533,0.1380793358,-0.290639819,0.9079887401,0.3217722911,0.8244435521,0.1035374073,0.07201904059
20.125,14.89651965,-0.8558806313,-0.2991480901,0.1404756913,-0.2935883135,0.9066538672,0.325465079,0.8220212348,0.1059275177,0.07205124753
20.16,14.87065764,-0.8534331918,-0.3020457697,0.1428987679,-0.2965167345,0.9053065005,0.3291538116,0.8195798599,0.1083422317,0.07207790835
20.195,14.84488527,-0.8509646832,-0.3049254502,0.1453481497,-0.299424287,0.9039471347,0.3328377807,0.8171204222,0.1107809883,0.07209858948
20.23,14.81920208,-0.848475773,-0.3077867631,0.1478232514,-0.3023101364,0.9025762178,0.3365161693,0.8146438289,0.1132431322,0.07211303886
20.265,14.7936076,-0.8459671228,-0.3106292301,0.1503233346,-0.3051734319,0.9011941475,0.3401880781,0.8121508915,0.1157279285,0.07212118001
20.3,14.76810138,-0.8434393807,-0.3134522819,0.1528475287,-0.3080133285,0.8998012681,0.3438525521,0.809642322,0.1182345776,0.07212310042
20.335,14.74268296,-0.8408931745,-0.3162552778,0.1553948545,-0.3108290085,0.8983978694,0.347508609,0.8071187317,0.1207622333,0.07211903501
20.37,14.71735189,-0.8383291064,-0.3190375257,0.1579642492,-0.3136197006,0.896984188,0.3511552657,0.8045806335,0.1233100206,0.07210934589
20.405,14.69210772,-0.8357477483,-0.3217983023,0.1605545931,-0.316384698,0.895560409,0.3547915649,0.8020284462,0.1258770545,0.0720944993
20.44,14.66695,-0.8331496378,-0.3245368721,0.1631647371,-0.3191233732,0.8941266691,0.3584165995,0.7994625003,0.1284624588,0.07207504089
20.475,14.64187829,-0.8305352753,-0.3272525057,0.1657935285,-0.3218351901,0.8926830602,0.3620295343,0.7968830459,0.1310653837,0.07205157035
20.51,14.61689215,-0.8279051214,-0.3299444963,0.1684398373,-0.3245197132,0.8912296341,0.3656296255,0.7942902607,0.1336850231,0.07202471627
20.545,14.59199114,-0.8252595956,-0.3326121744,0.1711025794,-0.3271766136,0.8897664068,0.3692162363,0.7916842587,0.1363206291,0.07199511217
20.58,14.56717483,-0.8225990751,-0.3352549201,0.1737807377,-0.3298056716,0.8882933636,0.3727888488,0.7890650999,0.1389715258,0.07196337434
20.615,14.54244278,-0.8199238945,-0.3378721737,0.1764733804,-0.3324067765,0.8868104637,0.3763470726,0.7864327986,0.1416371191,0.07193008233
20.65,14.51779458,-0.8172343461,-0.3404634431,0.1791796758,-0.3349799234,0.8853176449,0.3798906491,0.7837873324,0.1443169053,0.07189576227
20.685,14.49322978,-0.8145306805,-0.3430283088,0.181898903,-0.3375252069,0.8838148279,0.383419452,0.7811286501,0.1470104762,0.07186087371
20.72,14.46874797,-0.8118131087,-0.3455664273,0.1846304595,-0.3400428127,0.8823019206,0.386933484,0.7784566791,0.149717521,0.07182579984
20.755,14.44434874,-0.8090818036,-0.3480775309,0.1873738642,-0.3425330074,0.8807788215,0.3904328702,0.7757713325,0.1524378261,0.07179084143
20.79,14.42003165,-0.8063369029,-0.3505614264,0.1901287569,-0.344996126,0.8792454234,0.3939178482,0.7730725146,0.1551712711,0.07175621424
20.825,14.3957963,-0.8035785119,-0.3530179913,0.1928948946,-0.3474325588,0.8777016161,0.3973887558,0.770360127,0.1579178232,0.07172204979
20.86,14.37164228,-0.8008067076,-0.3554471682,0.1956721438,-0.3498427371,0.8761472892,0.400846016,0.7676340723,0.1606775285,0.07168839911
20.895,14.34756918,-0.7980215424,-0.3578489586,0.1984604708,-0.3522271186,0.8745823342,0.4042901205,0.7648942592,0.1634505016,0.0716552392
20.93,14.32357659,-0.7952230485,-0.3602234148,0.2012599287,-0.3545861731,0.8730066468,0.4077216122,0.7621406054,0.166236913,0.07162248161
20.965,14.29966411,-0.7924112429,-0.3625706316,0.2040706432,-0.356920368,0.8714201287,0.4111410665,0.7593730407,0.1690369765,0.07158998273
21,14.27583133,-0.7895861324,-0.3648907375,0.2068927972,-0.3592301552,0.8698226893,0.414549073,0.7565915108,0.1718509339,0.07155755531
21.035,14.25207787,-0.7867477187,-0.3671838856,0.209726614,-0.3615159584,0.868214247,0.4179462176,0.7537959787,0.1746790408,0.07152498052
21.07,14.22840332,-0.7838960037,-0.3694502452,0.2125723407,-0.3637781624,0.8665947313,0.4213330647,0.7509864284,0.1775215514,0.07149202019
21.105,14.2048073,-0.781030995,-0.3716899938,0.215430232,-0.3660171031,0.864964084,0.4247101419,0.7481628666,0.1803787046,0.07145842873
21.14,14.1812894,-0.7781527107,-0.3739033093,0.2183005347,-0.3682330599,0.8633222607,0.428077925,0.7453253259,0.1832507099,0.07142396424
21.175,14.15784926,-0.7752611847,-0.3760903642,0.2211834735,-0.3704262491,0.8616692327,0.4314368261,0.7424738666,0.1861377349,0.07138839847
21.21,14.13448647,-0.7723564713,-0.37825132,0.2240792379,-0.3725968196,0.8600049882,0.4347871834,0.7396085798,0.1890398948,0.07135152536
21.245,14.11120066,-0.7694386492,-0.3803863231,0.226987972,-0.3747448505,0.8583295344,0.4381292531,0.7367295897,0.1919572424,0.07131316791
21.28,14.08799145,-0.7665078257,-0.3824955022,0.2299097655,-0.3768703497,0.8566428988,0.4414632043,0.7338370561,0.1948897608,0.07127318318
21.315,14.06485846,-0.7635641395,-0.3845789663,0.232844647,-0.3789732554,0.8549451307,0.4447891163,0.7309311765,0.197837358,0.07123146553
21.35,14.04180131,-0.7606077635,-0.3866368048,0.2357925803,-0.3810534379,0.853236303,0.4481069777,0.7280121887,0.2007998635,0.07118794785
21.385,14.01881964,-0.7576389062,-0.3886690876,0.2387534617,-0.3831107041,0.851516513,0.4514166889,0.7250803718,0.2037770271,0.0711426011
21.42,13.99591307,-0.7546578132,-0.3906758673,0.2417271205,-0.3851448024,0.8497858838,0.454718066,0.7221360483,0.2067685196,0.07109543216
21.455,13.97308124,-0.751664767,-0.3926571812,0.2447133213,-0.3871554291,0.8480445648,0.4580108469,0.7191795838,0.2097739359,0.0710464803
21.49,13.95032378,-0.7486600867,-0.3946130544,0.247711767,-0.3891422362,0.8462927319,0.4612946992,0.7162113881,0.2127927995,0.07099581244
21.525,13.92764033,-0.7456441265,-0.3965435032,0.2507221051,-0.3911048391,0.8445305876,0.4645692297,0.7132319134,0.2158245692,0.07094351747
21.56,13.90503052,-0.7426172736,-0.398448539,0.2537439333,-0.393042826,0.8427583599,0.4678339948,0.7102416532,0.2188686467,0.07088970007
21.595,13.882494,-0.7395799449,-0.4003281712,0.2567768072,-0.3949557666,0.8409763014,0.4710885121,0.7072411396,0.2219243862,0.07083447418
21.63,13.86003042,-0.7365325841,-0.4021824111,0.2598202484,-0.3968432218,0.8391846872,0.474332272,0.7042309393,0.2249911042,0.07077795651
21.665,13.83763942,-0.7334756568,-0.4040112746,0.2628737526,-0.3987047538,0.8373838123,0.47756475,0.7012116491,0.2280680905,0.0707202604
21.7,13.81532065,-0.7304096461,-0.4058147845,0.2659367973,-0.4005399346,0.8355739886,0.4807854192,0.6981838904,0.2311546193,0.07066149022
21.735,13.79307375,-0.7273350474,-0.4075929723,0.2690088505,-0.402348356,0.833755541,0.4839937615,0.6951483022,0.2342499612,0.07060173663
21.77,13.77089839,-0.7242523629,-0.4093458788,0.2720893773,-0.4041296381,0.8319288032,0.487189279,0.6921055336,0.2373533936,0.07054107278
21.805,13.74879422,-0.7211620959,-0.4110735547,0.275177847,-0.4058834377,0.8300941127,0.4903715045,0.6890562359,0.2404642124,0.07047955168
21.84,13.7267609,-0.7180647453,-0.4127760588,0.2782737389,-0.4076094556,0.8282518054,0.4935400106,0.6860010532,0.2435817421,0.07041720472
21.875,13.70479808,-0.7149607998,-0.4144534575,0.2813765472,-0.4093074439,0.8264022106,0.496694418,0.6829406136,0.2467053449,0.07035404147
21.91,13.68290543,-0.7118507322,-0.4161058214,0.2844857845,-0.4109772114,0.8245456443,0.4998344024,0.6798755195,0.2498344298,0.07029005061
21.945,13.66108262,-0.7087349948,-0.4177332228,0.2876009856,-0.4126186288,0.8226824043,0.5029596999,0.6768063383,0.2529684597,0.07022520199
21.98,13.6393293,-0.7056140139,-0.4193357322,0.290721709,-0.4142316325,0.8208127636,0.5060701112,0.6737335929,0.2561069575,0.07015944963
22.015,13.61764515,-0.7024881861,-0.4209134139,0.2938475384,-0.4158162275,0.8189369656,0.5091655044,0.6706577536,0.2592495108,0.07009273553
22.05,13.59602984,-0.6993578745,-0.4224663222,0.2969780834,-0.4173724883,0.8170552184,0.512245816,0.6675792299,0.262395776,0.07002499404
22.085,13.57448304,-0.6962234053,-0.4239944973,0.3001129793,-0.41890056,0.8151676906,0.5153110512,0.6644983638,0.2655454795,0.06995615665
22.12,13.55300443,-0.6930850662,-0.4254979615,0.303251887,-0.4204006566,0.8132745073,0.5183612823,0.6614154242,0.268698419,0.06988615678
22.155,13.53159368,-0.6899431043,-0.4269767155,0.3063944924,-0.4218730587,0.811375747,0.5213966461,0.6583306028,0.2718544626,0.06981493457
22.19,13.51025047,-0.6867977257,-0.4284307361,0.3095405057,-0.4233181103,0.8094714397,0.5244173406,0.6552440116,0.2750135471,0.06974244123
22.225,13.48897449,-0.6836490953,-0.4298599736,0.312689661,-0.424736213,0.8075615657,0.5274236198,0.6521556824,0.2781756747,0.06966864284
22.26,13.46776541,-0.6804973381,-0.4312643511,0.3158417157,-0.4261278206,0.8056460561,0.5304157887,0.6490655677,0.2813409089,0.06959352341
22.295,13.44662292,-0.6773425407,-0.4326437642,0.3189964505,-0.4274934309,0.8037247938,0.5333941965,0.6459735441,0.2845093689,0.06951708696
22.33,13.42554671,-0.6741847533,-0.4339980826,0.3221536697,-0.4288335774,0.8017976161,0.5363592304,0.6428794173,0.287681224,0.06943935871
22.365,13.40453646,-0.6710239935,-0.4353271515,0.3253132018,-0.4301488196,0.7998643189,0.5393113074,0.6397829287,0.2908566863,0.069360385
22.4,13.38359187,-0.6678602495,-0.4366307962,0.3284749,-0.4314397325,0.7979246612,0.542250867,0.636683765,0.2940360027,0.06928023229
22.435,13.36271264,-0.6646934844,-0.4379088255,0.3316386439,-0.4327068953,0.7959783714,0.5451783629,0.6335815677,0.2972194474,0.06919898496
22.47,13.34189844,-0.6615236414,-0.4391610381,0.3348043405,-0.4339508795,0.7940251542,0.5480942549,0.6304759455,0.3004073123,0.0691167422
22.505,13.32114899,-0.6583506482,-0.440387229,0.3379719257,-0.4351722372,0.792064699,0.5509990005,0.6273664874,0.3035998986,0.06903361399
22.54,13.30046398,-0.6551744229,-0.4415871964,0.3411413653,-0.4363714884,0.790096688,0.5538930466,0.6242527765,0.3067975071,0.06894971649
22.575,13.2798431,-0.6519948794,-0.4427607498,0.3443126566,-0.4375491096,0.7881208057,0.5567768214,0.6211344044,0.3100004288,0.0688651668
22.61,13.25928607,-0.6488119332,-0.4439077179,0.3474858281,-0.438705522,0.7861367481,0.5596507266,0.6180109867,0.3132089357,0.06878007759
22.645,13.23879258,-0.6456255066,-0.4450279569,0.3506609401,-0.4398410807,0.7841442324,0.5625151297,0.6148821772,0.3164232712,0.06869455161
22.68,13.21836235,-0.6424355349,-0.4461213582,0.3538380833,-0.4409560654,0.7821430065,0.5653703572,0.6117476827,0.3196436408,0.06860867656
22.715,13.19799507,-0.639241971,-0.4471878557,0.357017377,-0.4420506718,0.7801328578,0.5682166875,0.6086072758,0.322870204,0.06852252026
22.75,13.17769046,-0.6360447911,-0.4482274329,0.3601989665,-0.4431250049,0.7781136214,0.5710543455,0.6054608078,0.3261030655,0.0684361267
22.785,13.15744823,-0.6328439988,-0.4492401279,0.3633830181,-0.4441790742,0.7760851882,0.5738834967,0.6023082193,0.3293422678,0.06834951284
22.82,13.1372681,-0.6296396298,-0.4502260381,0.3665697145,-0.4452127907,0.7740475107,0.5767042436,0.5991495488,0.3325877846,0.06826266662
22.855,13.11714977,-0.626431755,-0.4511853232,0.3697592477,-0.4462259665,0.7720006085,0.5795166213,0.5959849395,0.3358395144,0.06817554606
22.89,13.09709297,-0.6232204842,-0.4521182061,0.3729518113,-0.4472183164,0.7699445722,0.5823205956,0.5928146442,0.339097276,0.0680880797
22.925,13.0770974,-0.6200059682,-0.4530249728,0.3761475915,-0.4481894626,0.7678795652,0.5851160611,0.5896390266,0.342360805,0.06800016836
22.96,13.0571628,-0.6167884009,-0.4539059699,0.3793467579,-0.449138941,0.7658058246,0.5879028414,0.5864585609,0.345629751,0.0679116881
22.995,13.03728889,-0.6135680198,-0.4547616005,0.3825494521,-0.4500662106,0.7637236596,0.5906806897,0.5832738283,0.3489036772,0.06782249449
23.03,13.01747538,-0.6103451074,-0.4555923187,0.3857557778,-0.4509706654,0.7616334492,0.5934492912,0.580085511,0.3521820612,0.06773242784
23.065,12.997722,-0.6071199897,-0.4563986214,0.3889657895,-0.4518516479,0.7595356368,0.5962082665,0.5768943836,0.3554642971,0.06764131935
23.1,12.97802848,-0.603893036,-0.4571810397,0.392179482,-0.4527084647,0.7574307242,0.5989571772,0.573701302,0.3587497001,0.0675489979
23.135,12.95839455,-0.6006646564,-0.457940128,0.3953967804,-0.4535404045,0.7553192639,0.6016955313,0.5705071903,0.3620375124,0.06745529723
23.17,12.93881994,-0.5974352997,-0.4586764527,0.3986175313,-0.4543467562,0.7532018492,0.6044227917,0.5673130256,0.3653269111,0.06736006323
23.205,12.91930437,-0.5942054496,-0.4593905798,0.4018414952,-0.4551268292,0.7510791044,0.6071383845,0.5641198211,0.3686170179,0.06726316101
23.24,12.89984759,-0.5909756209,-0.4600830615,0.4050683411,-0.4558799726,0.7489516727,0.6098417093,0.560928608,0.3719069104,0.06716448153
23.275,12.88044932,-0.5877463551,-0.460754424,0.4082976428,-0.456605596,0.746820204,0.6125321505,0.5577404171,0.3751956354,0.06706394744
23.31,12.86110931,-0.5845182147,-0.4614051537,0.4115288779,-0.457303188,0.7446853423,0.6152090889,0.5545562591,0.378482223,0.06696151786
23.345,12.84182729,-0.5812917776,-0.4620356856,0.4147614292,-0.4579723348,0.7425477126,0.6178719144,0.5513771054,0.3817657026,0.06685719195
23.38,12.82260299,-0.578067631,-0.4626463917,0.4179945895,-0.4586127368,0.7404079077,0.6205200394,0.5482038697,0.3850451192,0.06675101102
23.415,12.80343617,-0.5748463645,-0.463237571,0.4212275687,-0.4592242222,0.7382664763,0.6231529114,0.54503739,0.3883195509,0.06664305911
23.45,12.78432657,-0.5716285634,-0.4638094409,0.424459504,-0.4598067589,0.7361239108,0.6257700265,0.541878412,0.3915881261,0.06653346189
23.485,12.76527392,-0.5684148014,-0.4643621308,0.427689473,-0.4603604628,0.7339806367,0.6283709422,0.538727575,0.394850041,0.06642238399
23.52,12.74627798,-0.5652056334,-0.4648956778,0.430916509,-0.4608856022,0.7318370032,0.6309552885,0.5355853993,0.398104576,0.06631002468
23.555,12.72733848,-0.5620015885,-0.465410024,0.4341396192,-0.4613825993,0.7296932752,0.6335227793,0.5324522759,0.4013511119,0.06619661222
23.59,12.70845519,-0.5588031625,-0.4659050176,0.437357804,-0.4618520268,0.7275496271,0.6360732217,0.5293284599,0.4045891434,0.06608239676
23.625,12.68962785,-0.5556108118,-0.4663804153,0.4405700782,-0.4622946007,0.7254061387,0.6386065233,0.526214066,0.4078182916,0.06596764238
23.66,12.67085621,-0.5524249465,-0.4668358878,0.4437754926,-0.4627111693,0.723262793,0.6411226981,0.5231090677,0.411038314,0.06585261828
23.695,12.65214003,-0.5492459247,-0.4672710276,0.4469731563,-0.4631026981,0.7211194763,0.6436218699,0.5200132991,0.4142491115,0.06573758947
23.73,12.63347906,-0.5460740474,-0.4676853593,0.4501622581,-0.4634702509,0.7189759805,0.6461042734,0.5169264605,0.4174507321,0.0656228074
23.765,12.61487305,-0.5429095539,-0.4680783517,0.4533420868,-0.4638149679,0.7168320076,0.6485702523,0.5138481271,0.4206433721,0.06550850083
23.8,12.59632176,-0.5397526185,-0.4684494322,0.4565120501,-0.4641380411,0.7146871761,0.6510202555,0.5107777598,0.4238273731,0.06539486714
23.835,12.57782496,-0.5366033479,-0.4687980023,0.459671691,-0.4644406872,0.7125410303,0.6534548305,0.5077147199,0.4270032155,0.06528206461
23.87,12.5593824,-0.5334617796,-0.4691234544,0.462820701,-0.4647241194,0.7103930502,0.6558746134,0.5046582857,0.4301715085,0.06517020583
23.905,12.54099385,-0.5303278815,-0.4694251898,0.4659589301,-0.4649895183,0.7082426638,0.6582803177,0.5016076708,0.4333329766,0.06505935258
23.94,12.52265906,-0.5272015534,-0.4697026365,0.4690863928,-0.4652380027,0.7060892611,0.6606727201,0.4985620446,0.4364884431,0.06494951232
23.975,12.50437781,-0.5240826283,-0.4699552668,0.4722032701,-0.4654706017,0.7039322085,0.6630526445,0.4955205541,0.4396388094,0.06484063652
24.01,12.48614985,-0.5209708765,-0.4701826151,0.4753099071,-0.4656882279,0.7017708641,0.6654209445,0.4924823457,0.4427850334,0.06473262095
24.045,12.46797496,-0.5178660095,-0.4703842939,0.4784068057,-0.4658916533,0.6996045939,0.6677784845,0.4894465877,0.4459281044,0.06462530789
24.08,12.44985291,-0.5147676866,-0.4705600086,0.4814946137,-0.4660814883,0.6974327873,0.67012612,0.4864124928,0.4490690168,0.0645184904
24.115,12.43178345,-0.511675521,-0.4707095706,0.484574109,-0.4662581644,0.6952548732,0.6724646778,0.4833793387,0.4522087429,0.06441191839
24.15,12.41376638,-0.5085890885,-0.4708329077,0.4876461801,-0.4664219212,0.6930703341,0.6747949359,0.4803464879,0.4553482056,0.0643053065
24.185,12.39580145,-0.5055079357,-0.4709300726,0.4907118032,-0.4665727986,0.6908787204,0.6771176044,0.4773134063,0.4584882502,0.06419834348
24.22,12.37788844,-0.50243159,-0.4710012478,0.4937720162,-0.4667106331,0.6886796628,0.6794333073,0.474279678,0.461629619,0.06409070296
24.255,12.36002713,-0.4993595695,-0.471046748,0.49682789,-0.4668350609,0.6864728826,0.6817425661,0.4712450185,0.4647729264,0.06398205511
24.29,12.34221729,-0.4962913938,-0.4710670196,0.4998804992,-0.4669455247,0.6842582002,0.6840457854,0.4682092845,0.4679186365,0.06387207899
24.325,12.32445871,-0.4932265946,-0.4710626359,0.5029308903,-0.467041287,0.682035542,0.6863432408,0.4651724806,0.4710670443,0.06376047518
24.36,12.30675115,-0.4901647262,-0.4710342906,0.5059800515,-0.4671214484,0.6798049439,0.6886350703,0.4621347618,0.47421826,0.0636469782
24.395,12.2890944,-0.4871053766,-0.4709827868,0.5090288816,-0.4671849696,0.6775665528,0.6909212677,0.4590964334,0.4773721982,0.06353136841
24.43,12.27148825,-0.4840481767,-0.4709090246,0.5120781624,-0.4672306988,0.6753206252,0.6932016808,0.4560579469,0.4805285702,0.06341348289
24.465,12.25393247,-0.48099281,-0.4708139848,0.5151285313,-0.4672574021,0.6730675237,0.6954760122,0.4530198915,0.4836868836,0.06329322488
24.5,12.23642686,-0.4779390205,-0.470698711,0.5181804594,-0.467263797,0.6708077101,0.6977438245,0.4499829839,0.4868464446,0.06317057151
24.535,12.21897118,-0.4748866205,-0.4705642899,0.5212342318,-0.467248588,0.6685417364,0.7000045481,0.4469480533,0.4900063674,0.06304557926
24.57,12.20156524,-0.4718354957,-0.4704118298,0.5242899334,-0.4672105029,0.6662702339,0.7022574943,0.4439160246,0.4931655883,0.06291838709
24.605,12.18420882,-0.4687856101,-0.470242438,0.5273474396,-0.4671483301,0.6639938997,0.7045018697,0.4408878988,0.4963228844,0.06278921686
24.64,12.1669017,-0.4657370085,-0.4700571986,0.5304064125,-0.4670609549,0.6617134811,0.7067367954,0.437864731,0.499476898,0.06265837095
24.675,12.14964369,-0.4626898177,-0.4698571491,0.5334663033,-0.4669473934,0.6594297597,0.7089613283,0.434847608,0.502626165,0.06252622706
24.71,12.13243456,-0.4596442457,-0.469643259,0.53652636,-0.4668068247,0.6571435332,0.7111744839,0.4318376233,0.5057691465,0.06239323017
24.745,12.11527412,-0.4566005795,-0.4694164081,0.5395856414,-0.4666386187,0.6548555973,0.7133752623,0.4288358533,0.5089042648,0.06225988187
24.78,12.09816215,-0.4535591808,-0.4691773676,0.5426430365,-0.4664423597,0.6525667267,0.7155626737,0.4258433328,0.51202994,0.06212672727
24.815,12.08109845,-0.4505204805,-0.4689267828,0.5456972898,-0.4662178644,0.6502776568,0.7177357656,0.422861031,0.5151446292,0.06199433989
24.85,12.06408282,-0.4474849712,-0.4686651581,0.54874703,-0.4659651943,0.6479890662,0.7198936486,0.4198898299,0.5182468653,0.06186330486
24.885,12.04711505,-0.4444531986,-0.4683928458,0.5517908038,-0.4656846616,0.6457015593,0.7220355221,0.4169305037,0.5213352952,0.0617342011
24.92,12.03019494,-0.4414257519,-0.4681100367,0.5548271119,-0.4653768281,0.6434156517,0.7241606978,0.4139837009,0.5244087162,0.06160758287
24.955,12.0133223,-0.4384032532,-0.4678167558,0.5578544478,-0.4650424972,0.6411317567,0.7262686205,0.4110499294,0.5274661091,0.06148396144
24.99,11.99649692,-0.4353863457,-0.4675128604,0.5608713366,-0.4646827,0.6388501739,0.7283588867,0.4081295447,0.5305066679,0.06136378742
25.025,11.9797186,-0.4323756825,-0.4671980426,0.5638763745,-0.4642986734,0.6365710816,0.7304312588,0.4052227419,0.5335298238,0.06124743434
25.06,11.96298715,-0.4293719144,-0.4668718352,0.5668682664,-0.4638918334,0.6342945305,0.7324856753,0.4023295514,0.5365352645,0.06113518417
25.095,11.94630237,-0.4263756784,-0.4665336212,0.5698458612,-0.4634637425,0.6320204418,0.734522257,0.3994498388,0.5395229461,0.06102721512
25.13,11.92966407,-0.4233875864,-0.4661826472,0.5728081837,-0.4630160726,0.6297486077,0.7365413083,0.3965833089,0.5424930988,0.06092359234
25.165,11.91307204,-0.4204082152,-0.4658180397,0.5757544616,-0.4625505645,0.6274786956,0.7385433127,0.3937295135,0.5454462248,0.06082426176
25.2,11.89652611,-0.4174380967,-0.4654388238,0.5786841475,-0.4620689848,0.6252102553,0.7405289254,0.3908878633,0.5483830893,0.06072904731
25.235,11.88002607,-0.4144777104,-0.4650439458,0.5815969346,-0.4615730819,0.6229427292,0.7424989591,0.3880576439,0.5513047043,0.06063765178
25.27,11.86357175,-0.4115274763,-0.4646322959,0.5844927657,-0.4610645417,0.620675466,0.7444543672,0.3852380341,0.5542123048,0.06054966114
25.305,11.84716293,-0.4085877505,-0.4642027342,0.5873718357,-0.4605449446,0.6184077363,0.7463962214,0.3824281283,0.5571073193,0.06046455241
25.34,11.83079945,-0.4056588221,-0.4637541166,0.5902345865,-0.4600157253,0.6161387511,0.7483256875,0.3796269606,0.5599913346,0.06038170476
25.375,11.8144811,-0.4027409118,-0.4632853217,0.5930816954,-0.4594781363,0.6138676822,0.750243997,0.3768335313,0.5628660551,0.0603004136
25.41,11.79820771,-0.3998341729,-0.4627952767,0.5959140565,-0.4589332153,0.6115936836,0.7521524173,0.3740468339,0.5657332589,0.06021990725
25.445,11.78197909,-0.3969386936,-0.4622829836,0.5987327561,-0.4583817598,0.6093159143,0.7540522203,0.3712658834,0.5685947509,0.06013936574
25.48,11.76579505,-0.3940545018,-0.4617475434,0.6015390422,-0.457824306,0.607033561,0.7559446504,0.3684897442,0.5714523145,0.06005794126
25.515,11.74965542,-0.3911815706,-0.4611881784,0.60433429,-0.4572611171,0.6047458616,0.7578308936,0.3657175571,0.5743076632,0.05997477963
25.55,11.73356,-0.3883198265,-0.4606042523,0.6071199624,-0.4566921764,0.6024521267,0.7597120459,0.3629485649,0.5771623927,0.05988904236
25.585,11.71750862,-0.3854691575,-0.4599952872,0.6098975689,-0.4561171903,0.6001517605,0.761589086,0.3601821356,0.5800179359,0.05979992852
25.62,11.70150109,-0.3826294231,-0.4593609776,0.6126686222,-0.455535597,0.59784428,0.7634628483,0.3574177831,0.5828755208,0.05970669604
25.655,11.68553724,-0.379800465,-0.4587012004,0.6154345943,-0.4549465836,0.5955293313,0.7653340015,0.3546551844,0.5857361339,0.05960868173
25.69,11.66961689,-0.3769821172,-0.4580160215,0.6181968737,-0.4543491093,0.5932067031,0.7672030291,0.3518941927,0.5886004878,0.05950531953
25.725,11.65373986,-0.3741742174,-0.457305698,0.6209567239,-0.4537419357,0.5908763377,0.769070216,0.3491348464,0.5914689971,0.05939615647
25.76,11.63790598,-0.371376617,-0.4565706764,0.6237152453,-0.4531236615,0.588538337,0.7709356393,0.3463773741,0.5943417599,0.05928086598
25.795,11.62211506,-0.3685891909,-0.4558115863,0.6264733417,-0.4524927629,0.5861929663,0.7727991643,0.3436221938,0.5972185483,0.05915925793
25.83,11.60636694,-0.3658118463,-0.4550292309,0.6292316903,-0.4518476367,0.5838406528,0.7746604462,0.3408699079,0.6000988068,0.05903128529
25.865,11.59066143,-0.3630445301,-0.4542245731,0.6319907194,-0.4511866463,0.5814819805,0.7765189368,0.3381212936,0.6029816593,0.05889704711
25.9,11.57499838,-0.3602872345,-0.4533987178,0.6347505919,-0.4505081686,0.5791176812,0.7783738972,0.3353772886,0.6058659239,0.05875678751
25.935,11.5593776,-0.3575400014,-0.4525528913,0.6375111957,-0.4498106407,0.5767486212,0.7802244146,0.332638972,0.6087501371,0.05861089083
25.97,11.54379892,-0.3548029238,-0.4516884185,0.6402721426,-0.4490926057,0.5743757848,0.7820694247,0.3299075421,0.611632585,0.05845987284
26.005,11.52826218,-0.3520761464,-0.4508066961,0.6430327738,-0.4483527556,0.5720002536,0.783907738,0.3271842901,0.6145113417,0.05830436822
26.04,11.5127672,-0.3493598627,-0.4499091661,0.6457921744,-0.4475899702,0.5696231837,0.7857380696,0.3244705714,0.617384314,0.0581451146
26.075,11.49731383,-0.3466543111,-0.4489972865,0.6485491938,-0.4468033516,0.5672457798,0.787559072,0.3217677747,0.6202492918,0.05798293348
26.11,11.48190188,-0.3439597683,-0.4480725021,0.6513024745,-0.4459922518,0.5648692675,0.7893693698,0.3190772894,0.623104002,0.05781870867
26.145,11.46653119,-0.3412765405,-0.4471362156,0.6540504859,-0.4451562948,0.5624948643,0.791167596,0.3164004724,0.6259461649,0.0576533627
26.18,11.4512016,-0.3386049541,-0.4461897583,0.6567915643,-0.4442953901,0.56012375,0.7929524277,0.3137386153,0.6287735526,0.05748783204
26.215,11.43591295,-0.3359453435,-0.4452343636,0.6595239567,-0.4434097387,0.557757037,0.794722622,0.3110929123,0.6315840459,0.05732304178
26.25,11.42066507,-0.3332980387,-0.4442711412,0.6622458679,-0.4424998309,0.5553957413,0.7964770492,0.3084644295,0.6343756899,0.0571598806
26.2525,11.41957749,-0.3331094248,-0.4442020665,0.6624398415,-0.442433928,0.5552273091,0.7966017351,0.3082773648,0.6345743243,0.05714831091
26.285,11.40545779,-0.3306633523,-0.443301054,0.6649555087,-0.4415664361,0.5530407553,0.7982147243,0.3058540771,0.637146746,0.0569991769
26.32,11.39029096,-0.3280415652,-0.4423248987,0.6676511454,-0.440610584,0.5506928223,0.7999348341,0.3032625845,0.6398957387,0.05684167677
26.355,11.37516441,-0.3254329136,-0.4413432885,0.6703311474,-0.439633539,0.548352514,0.8016367605,0.3006904796,0.6426214958,0.05668802459
26.39,11.36007798,-0.322837576,-0.440356641,0.6729940322,-0.4386367677,0.5460202118,0.8033200989,0.2981380717,0.6453231813,0.05653874695
26.425,11.34503152,-0.3202556609,-0.4393651691,0.6756385069,-0.4376219002,0.5436960917,0.8049846704,0.2956054402,0.6480003195,0.05639424032
26.46,11.33002487,-0.3176871969,-0.4383688771,0.6782635046,-0.4365906871,0.5413801137,0.8066305286,0.2930924275,0.6506528097,0.05625476287
26.495,11.31505786,-0.315132124,-0.4373675604,0.6808682138,-0.4355449531,0.539072016,0.8082579605,0.2905986385,0.6532809307,0.05612043085
26.53,11.30013034,-0.3125902869,-0.436360811,0.6834521017,-0.4344865482,0.5367713152,0.8098674804,0.2881234449,0.6558853358,0.05599121929
26.565,11.28524216,-0.3100614319,-0.4353480261,0.6860149288,-0.4334172989,0.5344773104,0.8114598188,0.2856659953,0.6584670375,0.05586696722
26.6,11.27039316,-0.3075452055,-0.4343284217,0.6885567558,-0.4323389593,0.5321890936,0.8130359043,0.2832252313,0.6610273817,0.05574738693
26.635,11.25558318,-0.3050411568,-0.433301051,0.6910779417,-0.4312531661,0.5299055653,0.8145968419,0.2807999081,0.6635680148,0.05563207704
26.67,11.24081207,-0.3025487426,-0.4322648251,0.6935791338,-0.4301613952,0.5276254549,0.8161438848,0.2783886207,0.6660908407,0.0555205386
26.705,11.22607969,-0.3000673354,-0.4312185385,0.6960612489,-0.4290649253,0.5253473458,0.817678404,0.2759898337,0.6685979724,0.05541219393
26.74,11.21138586,-0.2975962351,-0.4301608965,0.6985254482,-0.4279648059,0.5230697048,0.8192018535,0.2736019161,0.6710916768,0.05530640712
26.775,11.19673046,-0.2951346824,-0.4290905462,0.700973104,-0.4268618327,0.5207909154,0.8207157344,0.2712231776,0.6735743167,0.05520250571
26.81,11.18211332,-0.2926818757,-0.4280061075,0.7034057615,-0.425756531,0.5185093137,0.8222215571,0.2688519084,0.6760482889,0.05509980267
26.845,11.16753429,-0.2902369897,-0.426906207,0.7058250953,-0.4246491458,0.5162232267,0.8237208036,0.2664864198,0.6785159622,0.05499761803
26.88,11.15299323,-0.2877991955,-0.4257895111,0.7082328627,-0.4235396416,0.5139310116,0.8252148907,0.2641250847,0.6809796159,0.05489529939
26.915,11.13848999,-0.2853676822,-0.4246547595,0.7106308545,-0.4224277087,0.5116310964,0.8267051352,0.2617663788,0.6834413805,0.0547922407
26.95,11.12402442,-0.2829416789,-0.4235007969,0.7130208449,-0.4213127783,0.5093220186,0.8281927206,0.2594089186,0.6859031824,0.05468789896
26.985,11.10959637,-0.2805204764,-0.4223266042,0.7154045418,-0.4201940446,0.5070024638,0.8296786689,0.2570514983,0.6883666936,0.05458180808
27.02,11.0952057,-0.2781034492,-0.4211313255,0.7177835397,-0.4190704933,0.5046713007,0.8311638155,0.2546931218,0.6908332882,0.05447358999
27.055,11.08085226,-0.2756900748,-0.4199142936,0.7201592743,-0.417940936,0.5023276135,0.8326487893,0.2523330313,0.6933040063,0.05436296235
27.09,11.06653592,-0.2732799523,-0.4186750508,0.7225329828,-0.4168040489,0.4999707297,0.8341339979,0.2499707305,0.6957795264,0.05424974312
27.125,11.05225652,-0.2708728181,-0.4174133656,0.7249056687,-0.4156584155,0.4976002425,0.8356196186,0.2476060013,0.698260147,0.05413385172
27.16,11.03801392,-0.2684685581,-0.4161292445,0.7272780739,-0.414502571,0.4952160285,0.8371055956,0.2452389148,0.7007457782,0.05401530698
27.195,11.02380798,-0.2660672176,-0.4148229393,0.7296506568,-0.4133350478,0.4928182579,0.8385916424,0.2428698353,0.7032359427,0.05389422202
27.23,11.00963856,-0.2636690061,-0.4134949481,0.7320235791,-0.4121544207,0.4904073989,0.8400772506,0.2404994169,0.7057297869,0.05377079622
27.265,10.99550552,-0.2612742991,-0.412146011,0.7343967008,-0.4109593501,0.4879842146,0.841561704,0.2381285937,0.7082261016,0.05364530466
27.3,10.98140872,-0.2588836347,-0.4107771008,0.7367695828,-0.4097486224,0.4855497532,0.8430440983,0.2357585628,0.7107233517,0.05351808544
27.335,10.96734802,-0.2564977073,-0.4093894073,0.7391414985,-0.4085211861,0.4831053308,0.8445233652,0.2333907606,0.7132197143,0.05338952505
27.37,10.95332327,-0.2541173555,-0.407984317,0.7415114531,-0.4072761828,0.4806525079,0.8459983003,0.2310268333,0.7157131241,0.0532600426
27.405,10.93933436,-0.2517435473,-0.4065633878,0.7438782104,-0.4060129715,0.4781930592,0.8474675952,0.2286686019,0.718201325,0.05313007313
27.44,10.92538112,-0.2493773607,-0.405128319,0.746240327,-0.4047311465,0.4757289384,0.8489298714,0.2263180229,0.7206819265,0.05300005062
27.475,10.91146344,-0.2470199619,-0.4036809178,0.7485961909,-0.4034305475,0.473262237,0.8503837156,0.2239771449,0.7231524637,0.05287039133
27.51,10.89758117,-0.2446725801,-0.4022230625,0.7509440669,-0.4021112621,0.4707951396,0.8518277165,0.2216480634,0.7256104586,0.05274147791
27.545,10.88373418,-0.24233648,-0.4007566638,0.7532821432,-0.4007736202,0.4683298764,0.8532605006,0.2193328732,0.7280534819,0.05261364494
27.58,10.86992234,-0.2400129335,-0.3992836241,0.7556085824,-0.3994181807,0.4658686733,0.8546807667,0.2170336207,0.7304792129,0.05248716634
27.615,10.8561455,-0.2377031897,-0.3978057963,0.7579215716,-0.3980457111,0.4634137007,0.8560873184,0.214752258,0.7328854968,0.05236224523
27.65,10.84240354,-0.2354084453,-0.3963249435,0.760219372,-0.3966571602,0.4609670238,0.8574790938,0.212490597,0.7352703964,0.05223900664
27.685,10.82869633,-0.2331298156,-0.3948426995,0.7625003674,-0.3952536251,0.4585305532,0.8588551906,0.2102502683,0.7376322384,0.05211749336
27.72,10.81502374,-0.2308683067,-0.3933605313,0.7647631073,-0.3938363135,0.4561059993,0.8602148872,0.2080326826,0.7399696521,0.05199766526
27.755,10.80138562,-0.2286247897,-0.3918797057,0.7670063471,-0.3924065025,0.4536948294,0.8615576589,0.2058389982,0.7422815996,0.05187940216
27.79,10.78778186,-0.2263999786,-0.3904012584,0.7692290806,-0.3909654953,0.4512982305,0.8628831885,0.2036700929,0.744567397,0.05176251015
27.825,10.77421233,-0.2241944102,-0.3889259688,0.7714305672,-0.3895145773,0.4489170778,0.8641913711,0.2015265427,0.7468267259,0.0516467314
27.86,10.76067688,-0.2220084293,-0.3874543395,0.7736103501,-0.3880549723,0.4465519095,0.8654823137,0.1994086079,0.7490596353,0.05153175685
27.895,10.74717541,-0.2198421779,-0.3859865821,0.7757682676,-0.386587802,0.4442029094,0.8667563289,0.1973162247,0.7512665336,0.05141724164
27.93,10.73370777,-0.2176955892,-0.3845226084,0.7779044553,-0.3851140482,0.441869897,0.8680139237,0.1952490059,0.7534481717,0.05130282242
27.965,10.72027384,-0.215568387,-0.3830620288,0.7800193406,-0.3836345199,0.4395523261,0.8692557832,0.1932062474,0.7556056166,0.05118813607
28,10.7068735,-0.2134600903,-0.3816041573,0.7821136286,-0.3821498268,0.4372492917,0.8704827501,0.191186943,0.7577402182,0.0510728388
28.035,10.69350662,-0.2113700234,-0.3801480227,0.7841882812,-0.3806603586,0.4349595452,0.8716958007,0.1891898059,0.7598535689,0.05095662511
28.07,10.68017307,-0.209297331,-0.3786923865,0.7862444884,-0.3791662731,0.4326815184,0.872896018,0.1872132963,0.7619474582,0.05083924545
28.105,10.66687273,-0.2072409981,-0.3772357675,0.7882836348,-0.3776674908,0.4304133544,0.8740845625,0.1852556556,0.7640238224,0.05072052196
28.14,10.65360547,-0.2051998754,-0.3757764719,0.7903072599,-0.376163698,0.4281529466,0.8752626422,0.1833149457,0.7660846928,0.0506003615
28.175,10.64037118,-0.203172707,-0.3743126284,0.792317016,-0.3746543584,0.4258979838,0.8764314817,0.1813890926,0.7681321421,0.05047876522
28.21,10.62716973,-0.2011581632,-0.3728422288,0.7943146219,-0.3731387315,0.4236460011,0.8775922923,0.1794759342,0.7701682316,0.05035583422
28.245,10.61400099,-0.1991548746,-0.371363172,0.796301817,-0.371615898,0.4213944347,0.8787462429,0.1775732696,0.7721949595,0.05023177092
28.28,10.60086485,-0.1971614682,-0.369873311,0.7982803142,-0.370084792,0.4191406813,0.879894433,0.1756789107,0.7742142133,0.05010687597
28.315,10.58776119,-0.1951766046,-0.3683705021,0.8002517544,-0.3685442378,0.4168821581,0.8810378685,0.1737907338,0.7762277257,0.04998154058
28.35,10.57468988,-0.1931990136,-0.3668526554,0.802217664,-0.3669929908,0.4146163643,0.8821774401,0.1719067296,0.7782370358,0.04985623465
28.385,10.5616508,-0.1912275299,-0.3653177845,0.8041794152,-0.3654297816,0.4123409413,0.8833139064,0.1700250519,0.7802434572,0.04973149096
28.42,10.54864384,-0.1892611256,-0.3637640559,0.8061381915,-0.363853361,0.4100537306,0.8844478798,0.168144062,0.782248052,0.04960788596
28.455,10.53566888,-0.1872989388,-0.3621898346,0.8080949582,-0.3622625452,0.4077528281,0.8855798175,0.1662623688,0.7842516132,0.04948601806
28.49,10.5227258,-0.1853402991,-0.3605937278,0.8100504401,-0.3606562595,0.4054366326,0.8867100163,0.164378863,0.786254653,0.04936648395
28.525,10.50981448,-0.1833847468,-0.3589746224,0.8120051045,-0.3590335794,0.4031038885,0.887838612,0.1624927449,0.7882574009,0.04924985419
28.56,10.4969348,-0.1814320473,-0.3573317175,0.8139591527,-0.3573937673,0.40075372,0.8889655827,0.1606035441,0.7902598072,0.04913664876
28.595,10.48408666,-0.1794821985,-0.3556645497,0.8159125177,-0.3557363043,0.3983856567,0.8900907564,0.1587111315,0.7922615547,0.04902731383
28.63,10.47126993,-0.1775354326,-0.3539730116,0.8178648696,-0.3540609156,0.39599965,0.8912138222,0.1568157228,0.7942620769,0.04892220037
28.665,10.45848449,-0.1755922102,-0.3522573612,0.8198156281,-0.3523675884,0.3935960783,0.892334344,0.1549178728,0.7962605814,0.04882154576
28.7,10.44573024,-0.1736532091,-0.3505182232,0.8217639808,-0.3506565827,0.3911757429,0.8934517777,0.1530184619,0.7982560791,0.04872545905
28.735,10.43300706,-0.171719306,-0.3487565812,0.8237089079,-0.3489284335,0.3887398525,0.8945654904,0.151118673,0.8002474166,0.0486339104
28.77,10.42031484,-0.1697915528,-0.3469737609,0.825649212,-0.3471839443,0.3862899975,0.8956747805,0.1492199622,0.8022333125,0.04854672539
28.805,10.40765346,-0.1678711482,-0.3451714052,0.8275835514,-0.3454241736,0.3838281144,0.8967788993,0.1473240214,0.8042123943,0.0484635843
28.84,10.39502282,-0.1659594049,-0.3433514403,0.8295104772,-0.3436504123,0.3813564417,0.8978770727,0.1454327357,0.8061832377,0.04838402659
28.875,10.38242279,-0.1640577131,-0.3415160348,0.8314284721,-0.3418641544,0.3788774673,0.8989685224,0.1435481352,0.8081444042,0.04830746053
28.91,10.36985327,-0.162167502,-0.339667552,0.8333359896,-0.3400670614,0.3763938689,0.9000524862,0.1416723446,0.8100944779,0.04823317757
28.945,10.35731415,-0.1602902005,-0.337808497,0.8352314942,-0.3382609212,0.3739084501,0.9011282371,0.139807529,0.8120320996,0.04816037132
28.98,10.34480531,-0.1584271964,-0.3359414596,0.8371134984,-0.3364476031,0.3714240715,0.9021951002,0.1379558409,0.8139559988,0.04808816031
29.015,10.33232666,-0.1565797982,-0.3340690538,0.8389805991,-0.33462901,0.368943581,0.9032524675,0.1361193659,0.81586502,0.04801561405
29.05,10.31987807,-0.154749197,-0.3321938566,0.8408315097,-0.332807029,0.3664697427,0.9042998099,0.1343000723,0.8177581462,0.04794178144
29.085,10.30745945,-0.1529364324,-0.3303183467,0.842665088,-0.3309834833,0.3640051682,0.905336687,0.1324997625,0.8196345167,0.04786572078
29.12,10.29507067,-0.1511423616,-0.3284448447,0.8444803602,-0.3291600847,0.36155225,0.9063627531,0.1307200295,0.8214934402,0.04778653034
29.155,10.28271164,-0.1493676333,-0.3265754568,0.8462765392,-0.3273383903,0.3591131004,0.9073777618,0.1289622189,0.8233344025,0.0477033786
29.19,10.27038225,-0.1476126662,-0.3247120223,0.8480530373,-0.3255197632,0.3566894961,0.9083815664,0.1272273966,0.8251570703,0.0476155331
29.225,10.2580824,-0.1458776337,-0.3228560673,0.849809474,-0.3237053392,0.3542828308,0.9093741193,0.1255163242,0.8269612888,0.04752238703
29.26,10.24581196,-0.1441624548,-0.3210087649,0.8515456782,-0.3218960002,0.3518940757,0.9103554674,0.1238294405,0.828747077,0.0474234825
29.295,10.23357085,-0.1424667912,-0.3191709034,0.8532616845,-0.3200923552,0.3495237505,0.9113257475,0.1221668522,0.830514618,0.04731852978
29.33,10.22135895,-0.1407900511,-0.3173428628,0.8549577257,-0.318294729,0.3471719042,0.9122851787,0.1205283311,0.8322642473,0.04720742165
29.365,10.20917616,-0.1391314,-0.3155246006,0.8566342204,-0.3165031598,0.344838107,0.9132340542,0.1189133201,0.8339964377,0.04709024219
29.4,10.19702238,-0.1374897779,-0.3137156469,0.8582917568,-0.3147174043,0.3425214535,0.9141727322,0.1173209461,0.8357117843,0.04696726956
29.435,10.1848975,-0.1358639227,-0.3119151094,0.8599310736,-0.312936951,0.340220577,0.9151016264,0.115750041,0.8374109866,0.04683897237
29.47,10.17280143,-0.1342524001,-0.3101216885,0.8615530388,-0.3111610407,0.3379336749,0.9160211962,0.1141991686,0.839094832,0.0467059994
29.505,10.16073405,-0.1326536382,-0.3083337012,0.8631586262,-0.3093886942,0.3356585453,0.9169319375,0.112666659,0.840764178,0.04656916293
29.54,10.14869526,-0.131065967,-0.3065491152,0.8647488912,-0.3076187444,0.333392633,0.9178343733,0.1111506477,0.8424199368,0.04642941553
29.575,10.13668497,-0.129487662,-0.3047655907,0.8663249469,-0.3058498736,0.3311330848,0.9187290454,0.1096491199,0.8440630589,0.04628782123
29.61,10.12470307,-0.1279169901,-0.3029805314,0.8678879396,-0.3040806541,0.3288768139,0.919616507,0.1081599587,0.8456945199,0.0461455214
29.645,10.11274947,-0.1263522569,-0.3011911413,0.8694390256,-0.3023095894,0.3266205695,0.9204973151,0.1066809964,0.847315307,0.04600369652
29.68,10.10082406,-0.1247918548,-0.2993944887,0.8709793498,-0.3005351568,0.3243610133,0.9213720249,0.1052100669,0.8489264082,0.04586352485
29.715,10.08892674,-0.1232343096,-0.2975875738,0.8725100254,-0.2987558486,0.3220947984,0.922241184,0.1037450591,0.8505288014,0.04572613947
29.75,10.07705741,-0.1216783243,-0.2957674002,0.8740321157,-0.2969702108,0.3198186511,0.9231053273,0.1022839696,0.8521234453,0.04559258509
29.785,10.06521598,-0.1201228202,-0.293931048,0.8755466186,-0.2951768782,0.3175294521,0.9239649727,0.1008249529,0.8537112708,0.0454637763
29.82,10.05340235,-0.118566971,-0.2920757472,0.8770544528,-0.2933746052,0.3152243149,0.9248206162,0.09936636873,0.8552931722,0.04534045905
29.855,10.04161641,-0.1170102321,-0.2901989482,0.8785564467,-0.2915622903,0.3129006615,0.9256727279,0.09790682397,0.8568699992,0.04522317688
29.89,10.02985808,-0.1154523614,-0.2882983899,0.8800533288,-0.2897389954,0.3105562901,0.9265217466,0.09644520935,0.858442547,0.04511224366
29.925,10.01812725,-0.1138934321,-0.2863721612,0.8815457211,-0.2879039578,0.3081894362,0.9273680754,0.09498072859,0.8600115472,0.04500772417
29.96,10.00642383,-0.1123338368,-0.2844187561,0.8830341333,-0.2860565953,0.3057988223,0.9282120751,0.09351291973,0.8615776564,0.0449094239
29.995,9.994747725,-0.1107742824,-0.2824371187,0.8845189595,-0.2841965057,0.3033836971,0.9290540584,0.09204166765,0.8631414435,0.04481688884
30.03,9.983098834,-0.1092157754,-0.2804266783,0.8860004749,-0.2823234583,0.3009438611,0.9298942825,0.09056720752,0.8647033766,0.04472941585
30.065,9.971477066,-0.1076595997,-0.2783873727,0.8874788351,-0.2804373812,0.2984796788,0.930732941,0.08909011867,0.8662638075,0.04464607381
30.1,9.959882326,-0.1061072851,-0.276319658,0.8889540749,-0.2785383427,0.2959920766,0.931570156,0.08761130938,0.8678229556,0.04456573504
30.135,9.948314518,-0.1045605698,-0.2742245064,0.8904261082,-0.2766265294,0.2934825253,0.932405969,0.08613199266,0.869380891,0.04448711637
30.17,9.93677355,-0.1030213566,-0.2721033886,0.8918947289,-0.2747022208,0.2909530099,0.9332403321,0.08465365399,0.8709375175,0.04440882846
30.205,9.925259328,-0.1014916647,-0.2699582449,0.8933596112,-0.2727657631,0.2884059847,0.9340731001,0.08317801198,0.8724925564,0.0443294316
30.24,9.913771759,-0.09997357921,-0.2677914422,0.8948203113,-0.2708175423,0.2858443161,0.9349040222,0.08170697303,0.8740455308,0.0442474962
30.275,9.902310751,-0.09846919835,-0.2656057201,0.8962762696,-0.2688579583,0.2832712156,0.935732736,0.08024258159,0.8755957532,0.0441616652
30.31,9.890876212,-0.09698058157,-0.2634041273,0.8977268131,-0.266887402,0.2806901628,0.9365587629,0.07878696747,0.8771423163,0.04407071624
30.345,9.879468051,-0.09550969904,-0.2611899484,0.8991711598,-0.2649062344,0.2781048216,0.9373815059,0.07734229177,0.8786840876,0.04397362063
30.38,9.868086175,-0.09405838405,-0.2589666261,0.9006084239,-0.2629147716,0.2755189523,0.9382002506,0.07591069306,0.8802197103,0.04386959667
30.415,9.856730495,-0.09262828954,-0.2567376778,0.9020376231,-0.2609132741,0.2729363208,0.9390141692,0.07449423521,0.88174761,0.04375815479
30.45,9.84540092,-0.0912208497,-0.2545066108,0.9034576881,-0.2589019414,0.270360608,0.9398223286,0.07309485834,0.8832660094,0.04363913225
30.485,9.834097359,-0.08983724722,-0.2522768383,0.9048674747,-0.2568809131,0.2677953213,0.9406237029,0.07171433411,0.8847729504,0.04351271553
30.52,9.822819725,-0.08847838702,-0.2500515972,0.9062657789,-0.2548502753,0.265243711,0.9414171895,0.07035422623,0.8862663248,0.043379449
30.555,9.811567927,-0.08714487659,-0.247833871,0.9076513545,-0.2528100721,0.2627086925,0.9422016312,0.06901585714,0.8877439139,0.04324022895
30.59,9.800341876,-0.08583701315,-0.2456263187,0.9090229354,-0.2507603223,0.2601927771,0.9429758408,0.06770028127,0.8892034362,0.04309628248
30.625,9.789141486,-0.08455477788,-0.2434312121,0.9103792594,-0.248701039,0.2576980121,0.9437386305,0.06640826547,0.8906426028,0.04294913175
30.66,9.777966667,-0.0832978369,-0.241250382,0.9117190968,-0.2466322524,0.2552259322,0.9444888455,0.06514027646,0.8920591793,0.04280054421
30.695,9.766817332,-0.08206554895,-0.239085176,0.91304128,-0.2445540327,0.2527775221,0.9452253985,0.06389647569,0.8934510539,0.0426524704
30.73,9.755693394,-0.08085697959,-0.2369364257,0.9143447367,-0.2424665135,0.2503531925,0.945947307,0.06267672099,0.8948163077,0.04250697133
30.765,9.744594767,-0.07967092149,-0.234804428,0.915628523,-0.2403699124,0.247952768,0.9466537312,0.06148057516,0.8961532869,0.04236613797
30.8,9.733521364,-0.07850592042,-0.2326889367,0.9168918574,-0.2382645485,0.245575489,0.94734401,0.06030732079,0.8974606733,0.04223200596
30.835,9.722473099,-0.07736030667,-0.2305891671,0.9181341538,-0.2361508541,0.2432200259,0.9480176951,0.05915598102,0.8987375502,0.04210646878
30.87,9.711449887,-0.07623223118,-0.2285038129,0.9193550511,-0.2340293812,0.2408845068,0.9486745814,0.0580253456,0.8999834613,0.04199119309
30.905,9.700451642,-0.07511970584,-0.2264310746,0.9205544403,-0.2319007995,0.2385665563,0.9493147309,0.05691400177,0.9011984583,0.04188753991
30.94,9.689478281,-0.07402064736,-0.2243686986,0.9217324841,-0.2297658878,0.236263347,0.9499384904,0.05582036916,0.9023831355,0.04179649535
30.975,9.678529718,-0.07293292365,-0.2223140275,0.9228896314,-0.2276255163,0.233971661,0.9505464994,0.05474273817,0.9035386475,0.04171861434
31.01,9.667605869,-0.07185440205,-0.2202640595,0.9240266217,-0.2254806218,0.2316879604,0.9511396892,0.05367931099,0.9046667084,0.04165398057
31.045,9.656706652,-0.07078299813,-0.2182155165,0.9251444805,-0.2233321756,0.2294084665,0.9517192708,0.05262824449,0.9057695704,0.04160218511
31.08,9.645831982,-0.06971672403,-0.2161649197,0.9262445038,-0.2211811456,0.2271292454,0.952286711,0.05158769411,0.90684998,0.04156232586
31.115,9.634981777,-0.06865373497,-0.2141086699,0.9273282319,-0.2190284544,0.2248462983,0.9528436983,0.05055585784,0.9079111134,0.04153302871
31.15,9.624155955,-0.0675923728,-0.2120431335,0.9283974108,-0.2168749352,0.2225556545,0.9533920966,0.04953101934,0.9089564898,0.04151249083
31.185,9.613354433,-0.06653120499,-0.20996473,0.9294539441,-0.2147212884,0.2202534655,0.9539338897,0.04851158906,0.9099898659,0.04149854504
31.22,9.60257713,-0.06546905812,-0.2078700195,0.9304998346,-0.2125680403,0.2179360974,0.9544711174,0.04749614256,0.9110151139,0.04148874354
31.255,9.591823964,-0.06440504443,-0.2057557897,0.9315371175,-0.2104155079,0.2156002197,0.9550058048,0.04648345473,0.9120360873,0.04148045798
31.29,9.581094855,-0.0633385806,-0.2036191378,0.9325677889,-0.2082637709,0.2132428875,0.9555398888,0.04547252908,0.9130564791,0.04147099179
31.325,9.570389721,-0.06226939797,-0.201457547,0.9335937298,-0.2061126544,0.2108616162,0.9560751428,0.04446262118,0.9140796787,0.04145770009
31.36,9.559708482,-0.06119754376,-0.199268954,0.934616632,-0.2039617227,0.2084544444,0.9566131053,0.04345325538,0.9151086332,0.04143811141
31.395,9.549051059,-0.06012337318,-0.197051806,0.9356379262,-0.2018102862,0.2060199851,0.9571550139,0.04244423426,0.9161457206,0.04141004518
31.43,9.538417372,-0.05904753271,-0.1948051061,0.9366587184,-0.1996574216,0.2035574623,0.9577017494,0.04143564047,0.9171926408,0.04137171872
31.465,9.527807341,-0.05797093518,-0.192528443,0.9376797372,-0.1975020055,0.2010667319,0.958253793,0.04042783068,0.9182503318,0.04132183754
31.5,9.517220889,-0.05689472763,-0.1902220069,0.9387012951,-0.1953427587,0.1985482861,0.9588111987,0.03942142192,0.9193189148,0.04125966326
31.535,9.506657936,-0.05582025325,-0.1878865881,0.9397232671,-0.1931783014,0.1960032414,0.9593735846,0.03841727065,0.9203976749,0.04118505446
31.57,9.496118404,-0.05474900888,-0.18552356,0.9407450886,-0.1910072145,0.1934333096,0.9599401428,0.03741644528,0.9214850778,0.04109847693
31.605,9.485602215,-0.0536825998,-0.1831348453,0.9417657736,-0.1888281047,0.1908407532,0.9605096696,0.03642019308,0.9225788254,0.04100098148
31.64,9.475109292,-0.05262269343,-0.1807228674,0.9427839529,-0.1866396692,0.1882283258,0.9610806147,0.03542990265,0.923675948,0.04089414932
31.675,9.464639558,-0.05157097374,-0.1782904875,0.9437979324,-0.1844407564,0.1855992006,0.9616511476,0.03444706325,0.9247729297,0.040780007
31.71,9.454192936,-0.05052909778,-0.1758409299,0.944805767,-0.1822304179,0.1829568866,0.9622192383,0.03347322235,0.9258658626,0.04066091505
31.745,9.44376935,-0.04949865574,-0.1733776973,0.9458053495,-0.1800079491,0.1803051381,0.9627827486,0.03250994284,0.9269506209,0.04053943624
31.78,9.433368722,-0.04848113566,-0.1709044786,0.9467945069,-0.1777729152,0.1776478576,0.9633395287,0.03155876131,0.9280230476,0.04041819105
31.815,9.422990979,-0.0474778934,-0.1684250522,0.9477711011,-0.1755251614,0.1749889956,0.9638875154,0.03062114858,0.9290791423,0.04029970912
31.85,9.412636044,-0.04649012849,-0.1659431877,0.9487331278,-0.1732648052,0.1723324508,0.9644248237,0.0296984736,0.9301152406,0.04018628583
31.885,9.402303842,-0.04551886603,-0.1634625477,0.9496788077,-0.170992214,0.1696819721,0.9649498304,0.02879197167,0.9311281751,0.04007985321
31.92,9.391994298,-0.04456494444,-0.1609865936,0.9506066648,-0.1687079662,0.1670410655,0.9654612416,0.02790271758,0.932115409,0.03998187347
31.955,9.381707338,-0.04362900892,-0.1585184969,0.9515155873,-0.1664128024,0.1644129079,0.9659581428,0.02703160427,0.9330751337,0.03989326203
31.99,9.371442888,-0.04271151014,-0.1560610587,0.9524048689,-0.1641075677,0.1618002692,0.9664400282,0.02617932713,0.934006328,0.03981434484
32.025,9.361200874,-0.04181270763,-0.1536166381,0.953274226,-0.1617931504,0.1592054459,0.9669068071,0.02534637401,0.9349087735,0.03974485246
32.06,9.350981223,-0.04093267731,-0.1511870923,0.9541237931,-0.1594704228,0.1566302044,0.9673587899,0.02453302094,0.9357830284,0.03968395069
32.095,9.34078386,-0.04007132269,-0.1487737285,0.954954095,-0.1571401857,0.1540757385,0.967796653,0.02373933319,0.9366303615,0.03963030526
32.13,9.330608715,-0.03922838909,-0.1463772688,0.9557659998,-0.1548031231,0.1515426387,0.9682213865,0.02296517134,0.9374526533,0.03958217538
32.165,9.320455713,-0.03840348061,-0.1439978284,0.9565606553,-0.1524597691,0.1490308757,0.9686342284,0.0222102019,0.9382522685,0.03953752958
32.2,9.310324783,-0.03759607937,-0.1416349073,0.9573394141,-0.1501104877,0.1465397972,0.9690365897,0.02147391216,0.9390319122,0.03949417562
32.235,9.300215852,-0.03680556679,-0.1392873962,0.9581037508,-0.1477554682,0.1440681383,0.9694299746,0.02075562849,0.9397944756,0.03944989588
32.27,9.29012885,-0.03603124646,-0.1369535949,0.9588551787,-0.145394735,0.1416140455,0.9698159015,0.02005453788,0.9405428827,0.03940257938
32.305,9.280063705,-0.03527236868,-0.1346312446,0.959595169,-0.1430281689,0.1391751127,0.9701958284,0.019369712,0.9412799454,0.03935034259
32.34,9.270020346,-0.03452815594,-0.1323175719,0.9603250771,-0.14065554,0.136748431,0.9705710869,0.01870013339,0.9420082346,0.03929163197
32.375,9.259998703,-0.03379782941,-0.1300093455,0.9610460814,-0.1382765463,0.1343306488,0.9709428273,0.0180447232,0.9427299738,0.03922530296
32.41,9.249998704,-0.03308063564,-0.1277029431,0.9617591347,-0.1358908564,0.1319180432,0.9713119777,0.01740237013,0.943446958,0.03915067184
32.445,9.24002028,-0.03237587325,-0.1253944282,0.9624649317,-0.1334981517,0.1295066014,0.9716792173,0.0167719598,0.9441605013,0.03906753894
32.48,9.230063362,-0.03168291852,-0.1230796365,0.9631638925,-0.1310981644,0.1270921093,0.9720449643,0.01615240426,0.9448714126,0.03897618317
32.515,9.220127879,-0.0310012495,-0.1207542685,0.9638561617,-0.1286907088,0.1246702484,0.9724093783,0.01554267084,0.945579999,0.03887733016
32.55,9.210213763,-0.03033046731,-0.1184139883,0.9645416216,-0.1262757034,0.1222366961,0.9727723747,0.01494180986,0.946286093,0.03877209714
32.585,9.200320945,-0.02967031397,-0.1160545258,0.9652199178,-0.1238531811,0.11978723,0.9731336497,0.01434898048,0.9469891002,0.03866191929
32.62,9.190449356,-0.02902068547,-0.1136717807,0.965890495,-0.1214232881,0.1173178329,0.9734927135,0.0137634739,0.9476880632,0.03854846289
32.655,9.180598928,-0.02838163942,-0.1112619252,0.9665526384,-0.1189862709,0.1148247946,0.9738489285,0.01318473345,0.9483817355,0.0384335311
32.69,9.170769593,-0.02775339624,-0.108821503,0.9672055202,-0.1165424525,0.1123048108,0.9742015507,0.01261237052,0.9490686615,0.03831896802
32.725,9.160961283,-0.02713633356,-0.1063475224,0.9678482459,-0.1140921989,0.1097550733,0.9745497714,0.01204617612,0.949747257,0.03820656685
32.76,9.151173932,-0.02653097341,-0.1038375391,0.9684798999,-0.1116358801,0.1071733506,0.9748927563,0.01148612707,0.9504158862,0.03809798674
32.795,9.141407471,-0.02593796251,-0.1012897277,0.9690995853,-0.1091738264,0.1045580548,0.9752296809,0.01093238683,0.9510729306,0.03799468262
32.83,9.131661834,-0.02535804612,-0.09870293786,0.9697064595,-0.106706284,0.1019082943,0.9755597617,0.01038530045,0.9517168487,0.03789785083
32.865,9.121936954,-0.02479203659,-0.09607673365,0.9702997616,-0.1042333742,0.09922390753,0.9758822796,0.009845383826,0.9523462236,0.03780839253
32.9,9.112232766,-0.02424077787,-0.09341141324,0.9708788316,-0.1017550571,0.09650547878,0.9761965976,0.009313307435,0.9529597972,0.03772689536
32.935,9.102549203,-0.02370510794,-0.09070800901,0.9714431223,-0.09927110444,0.09375433345,0.976502172,0.008789875042,0.953556492,0.03765363295
32.97,9.0928862,-0.02318582092,-0.08796826651,0.9719922032,-0.09678108357,0.09097251346,0.9767985571,0.008275998205,0.9541354212,0.03758858057
33.005,9.08324369,-0.0226836311,-0.085194603,0.9725257574,-0.09428435294,0.08816273306,0.9770854047,0.007772667501,0.954695888,0.03753144446
33.04,9.07362161,-0.02219914078,-0.08239004662,0.9730435731,-0.09178007171,0.08532831672,0.9773624592,0.007280921634,0.9552373767,0.0374817017
33.075,9.064019894,-0.02173281367,-0.07955815798,0.9735455307,-0.08926722257,0.08247312103,0.9776295502,0.006801815692,0.9557595373,0.03743864698
33.11,9.054438478,-0.02128495537,-0.07670293675,0.9740315877,-0.08674464735,0.07960144365,0.9778865822,0.006336389831,0.9562621677,0.03740144243
33.145,9.044877297,-0.02085570168,-0.07382871631,0.9745017624,-0.08421109396,0.07671792258,0.9781335253,0.005885639644,0.9567451932,0.03736916712
33.18,9.035336287,-0.02044501523,-0.07094005,0.9749561176,-0.0816652723,0.07382742946,0.9783704043,0.005450489341,0.957208648,0.03734086264
33.215,9.025815385,-0.02005269022,-0.06804159249,0.9753947473,-0.07910591637,0.07093496101,0.9785972916,0.005031768694,0.9576526591,0.03731557226
33.25,9.016314526,-0.01967836456,-0.06513798008,0.9758177647,-0.07653184907,0.06804553241,0.9788143,0.00463019448,0.9580774339,0.03729237167
33.285,9.006833649,-0.01932153812,-0.06223371327,0.9762252951,-0.07394204616,0.06516407678,0.9790215794,0.004246356902,0.9584832529,0.03727039016
33.32,8.997372689,-0.01898159586,-0.05933304489,0.9766174713,-0.07133569537,0.06229535454,0.9792193149,0.003880711197,0.9588704668,0.03724882204
33.355,8.987931584,-0.01865783378,-0.05643987649,0.9769944338,-0.06871224689,0.05944387621,0.9794077275,0.003533574419,0.9592394966,0.03722692896
33.39,8.978510273,-0.01834948626,-0.0535576652,0.9773563329,-0.06607145174,0.05661384237,0.9795870753,0.003205127148,0.9595908381,0.03720403473
33.425,8.969108691,-0.01805575282,-0.0506893429,0.9777033335,-0.06341338495,0.05380910419,0.9797576566,0.002895419694,0.9599250657,0.0371795146
33.46,8.959726778,-0.01777582309,-0.04783724881,0.9780356212,-0.06073845109,0.05103314864,0.9799198109,0.00260438226,0.9602428358,0.03715278191
33.495,8.950364472,-0.01750889856,-0.04500307639,0.9783534073,-0.05804737056,0.04828911278,0.980073919,0.002331838413,0.9605448867,0.03712327486
33.53,8.941021712,-0.01725421061,-0.04218783481,0.9786569316,-0.05534114609,0.04557983315,0.9802203998,0.00207752119,0.9608320322,0.03709044663
33.565,8.931698436,-0.01701103416,-0.03939182503,0.9789464626,-0.05262100983,0.04290793822,0.980359703,0.001841091162,0.9611051473,0.0370537615
33.6,8.922394583,-0.01677869729,-0.03661463021,0.9792222919,-0.04988835265,0.04027599568,0.9804922971,0.001622155828,0.9613651446,0.03701269957
33.635,8.913110094,-0.01655658692,-0.0338551201,0.9794847225,-0.04714463829,0.03768673145,0.9806186509,0.001420289727,0.9616129385,0.03696677177
33.67,8.903844906,-0.01634415174,-0.03111146862,0.9797340512,-0.04439130618,0.03514334611,0.9807392106,0.001235054776,0.9618493992,0.03691554607
33.705,8.894598962,-0.01614090315,-0.02838118419,0.9799705432,-0.04162966759,0.0326499674,0.9808543698,0.001066020371,0.9620752948,0.03685868488
33.74,8.885372199,-0.01594641564,-0.02566115198,0.9801944006,-0.03886080055,0.03021229705,0.980964436,0.0009127828929,0.9622912248,0.03679599234
33.775,8.87616456,-0.01576032799,-0.02294768736,0.9804057256,-0.03608544966,0.02783853971,0.9810695931,0.0007749842934,0.9624975465,0.03672746925
33.81,8.866975983,-0.01558234669,-0.02023659995,0.98060448,-0.03330393708,0.02554074208,0.9811698622,0.000652329506,0.9626942985,0.03665337199
33.845,8.857806412,-0.01541225284,-0.01752326761,0.9807904439,-0.03051609096,0.02333671882,0.9812650645,0.0005446024451,0.9628811267,0.03657427084
33.88,8.848655785,-0.01524991371,-0.01480271957,0.980963176,-0.02772119727,0.02125277334,0.9813547867,0.0004516803748,0.9630572174,0.03649110225
33.915,8.839524045,-0.01509529969,-0.0120697284,0.9811219797,-0.02491798042,0.01932734892,0.9814383551,0.0003735464164,0.9632212449,0.03640520869
33.95,8.830411134,-0.01494850707,-0.009318909841,0.9812658796,-0.02210461678,0.01761533265,0.9815148194,0.0003102999443,0.9633713406,0.03631835944
33.985,8.821316993,-0.01480978641,-0.006544830145,0.9813936102,-0.01927878397,0.016191497,0.981582951,0.0002621645751,0.9635050897,0.03623274576
34.02,8.812241564,-0.01467957588,-0.00374211991,0.9815036235,-0.01643774729,0.01514903988,0.9816412596,0.0002294934094,0.9636195626,0.03615094402
34.055,8.803184789,-0.01455853803,-0.000905593576,0.9815941179,-0.01357848232,0.01458667643,0.9816880296,0.0002127711293,0.9637113874,0.03607584143
34.09,8.794146612,-0.01444759783,0.001969626778,0.9816630906,-0.01069783091,0.01458123838,0.9817213796,0.0002126125128,0.9637768671,0.03601052041
34.125,8.785126974,-0.01434797914,0.004887985022,0.9817084178,-0.00779268523,0.01515773409,0.981739346,0.0002297569029,0.9638121435,0.03595809964
34.16,8.77612582,-0.01426123584,0.007853364312,0.9817279602,-0.004860192225,0.01628060744,0.9817399907,0.0002650581786,0.9638134094,0.03592153245
34.195,8.767143091,-0.01418927372,0.01086896326,0.9817196961,-0.001897968495,0.01787371956,0.9817215308,0.0003194698511,0.9637771639,0.03590336621
34.23,8.758178732,-0.01413435835,0.01393717904,0.9816818752,0.001095686759,0.01985006412,0.9816824866,0.0003940250456,0.9637005045,0.03590547041
34.265,8.749232686,-0.01409910464,0.01705950249,0.9816131907,0.004121594829,0.02213168265,0.9816218435,0.0004898113769,0.9635814437,0.03592874494
34.3,8.740304898,-0.01408644392,0.02023643156,0.981512959,0.007179532358,0.02465646091,0.9815392169,0.0006079410648,0.9634192343,0.03597282463
34.335,8.731395311,-0.01409956553,0.02346741035,0.9813812958,0.01026811453,0.02737730989,0.9814350116,0.0007495170966,0.963214682,0.03603580091
34.37,8.72250387,-0.01414183142,0.02675080177,0.9812192753,0.01338474334,0.03025882997,0.9813105612,0.0009155967913,0.9629704175,0.03611398572
34.405,8.713630519,-0.01421666452,0.03008390231,0.9810290522,0.01652563705,0.03327393467,0.9811682312,0.001107154728,0.9626910978,0.03620174743
34.44,8.704775203,-0.01432741424,0.03346300664,0.980813929,0.01968595517,0.03640120345,0.9810114679,0.001325047612,0.9623835001,0.03629145228
34.475,8.695937868,-0.01447720555,0.03688352861,0.9805783428,0.02286003089,0.03962302567,0.9808447724,0.001569984163,0.9620564674,0.03637354839
34.51,8.687118458,-0.01466878091,0.04034018245,0.980327748,0.02604171904,0.04292439229,0.980673577,0.001842503453,0.9617206647,0.03643683189
34.545,8.67831692,-0.01490434672,0.04382722437,0.9800683676,0.02922486337,0.04629217156,0.9805040019,0.002142965147,0.9613880977,0.03646893714
34.58,8.669533198,-0.01518543749,0.04733874996,0.9798067868,0.03240388122,0.04971473383,0.9803424662,0.002471554759,0.961071351,0.03645709422
34.615,8.66076724,-0.01551281073,0.05086903756,0.9795493624,0.03557445786,0.05318182282,0.9801951313,0.002828306279,0.9607824954,0.03638919829
34.65,8.65201899,-0.01588638417,0.05441292257,0.9793014204,0.03873433545,0.0566845953,0.9800671511,0.003213143345,0.9605316207,0.03625523595
34.685,8.643288396,-0.0163052234,0.05796618293,0.9790662198,0.04188417412,0.06021576765,0.9799617068,0.003625938673,0.9603249469,0.03604911447
34.72,8.634575403,-0.01676758331,0.061525913,0.9788436591,0.04502845353,0.06376981904,0.9798788041,0.004066589821,0.9601624706,0.03577093954
34.755,8.62587996,-0.01727100133,0.06509086184,0.9786287055,0.04817637326,0.06734320888,0.979813812,0.004535107782,0.9600351061,0.03542978611
34.79,8.617202012,-0.0178124349,0.06866171272,0.9784095312,0.0513426975,0.07093457289,0.9797557263,0.005031713631,0.9599212832,0.03504700312
34.825,8.608541508,-0.01838843069,0.07224128405,0.978165345,0.05454847447,0.07454486906,0.9796851424,0.005556937504,0.9597829783,0.03466008424
34.86,8.599898394,-0.0189953104,0.07583463626,0.9778639145,0.05782154129,0.07817745118,0.97957193,0.006111713874,0.959561166,0.03432712016
34.895,8.591272618,-0.01962935629,0.07944907494,0.9774587867,0.0611967013,0.08183805433,0.9793726135,0.006697467137,0.959170716,0.03413181684
34.93,8.582664128,-0.02028698069,0.0830940458,0.976886236,0.06471543197,0.08553468322,0.9790274793,0.007316182033,0.9584948052,0.03418901273
34.965,8.574072873,-0.02096486612,0.08678092199,0.9760619998,0.06842494899,0.08927739934,0.97845746,0.007970454033,0.9573790011,0.03465054484
35,8.5654988,-0.02166006616,0.09052268746,0.9748779151,0.07237641897,0.09307800713,0.9775608909,0.008663515411,0.9556252954,0.03571118919
