2026-08-08 22:38:25   In order to get an optimal performance, hyperthreading is ignored for parallel
                      computations.

                      ------------------------------------------------------------------------------
2026-08-08 22:38:27   
                      ------------------------------------------------------------------------------
2026-08-08 22:38:27   Units settings: 

                        Dimensions: um
                        Frequency:  THz
                        Time:       ps

                      ------------------------------------------------------------------------------
2026-08-08 22:38:27   Boundary conditions: 

                        YZsymmetry: none
                        XZsymmetry: none
                        XYsymmetry: none

                        Xmin: unit cell
                        Xmax: unit cell

                        Ymin: unit cell
                        Ymax: unit cell

                        Zmin: expanded open
                        Zmax: expanded open

                      ------------------------------------------------------------------------------
2026-08-08 22:38:27   Order settings: 

                        Solver order   : 2nd (constant)
                        Curved elements: up to order 3 (automatic)

                      ------------------------------------------------------------------------------
2026-08-08 22:38:27     Mesh time                :	1 s


                      ------------------------------------------------------------------------------
2026-08-08 22:38:27   
                      ================================================================================
                      Frequency Domain Solver calculation cycle started

                      ------------------------------------------------------------------------------
2026-08-08 22:38:27   Solver started at: 2026-08-08 22:38:27 -0400

                        Module:  Frequency Domain: S-Parameter (Win 64)
                        Version: 2026.0 Release from 2025-08-29 (change 1465899)

                        Free disk space at solver start is 304 GB.


                      ------------------------------------------------------------------------------
2026-08-08 22:38:27   An iterative solver will be used first.

                      ------------------------------------------------------------------------------
2026-08-08 22:38:27   The wavelength based mesh refinement has been applied to 9.4% of all mesh edges.

                      ------------------------------------------------------------------------------
2026-08-08 22:38:28   For some elements the curvature had to be reduced to maintain the quality of the mesh. More...

                      ------------------------------------------------------------------------------
2026-08-08 22:38:28   The low frequency stabilization is not applied to periodic problems.

                      ------------------------------------------------------------------------------
2026-08-08 22:38:28     Calculation 1 (Frequency: 34 THz, Theta: 0, Phi: 0)


                      ------------------------------------------------------------------------------
2026-08-08 22:38:28   Running the PortModeSolver.

                      ------------------------------------------------------------------------------
2026-08-08 22:38:29   Adaptive mesh refinement pass 1

                      ------------------------------------------------------------------------------
2026-08-08 22:38:30     Matrix setup time        :	0 s
                        Degrees of freedom       :	72266
                        Number of mesh cells     :	10694

                        Stimulation port         :	Zmin
                        Mode number              :	1
                        Accuracy                 :	7.72746e-05
                        Iterations               :	39
                        Solver time              :	1 s


                      ------------------------------------------------------------------------------
2026-08-08 22:38:30   8% of all mesh edges seem to be longer than expected. The adaptive mesh refinement's growth limitation will therefore 
                      use 16395 instead of 6438 mesh cells as a reference.

                      ------------------------------------------------------------------------------
2026-08-08 22:38:30   The wavelength based mesh refinement has been applied to 0.6% of all mesh edges.

                      ------------------------------------------------------------------------------
2026-08-08 22:38:31   For some elements the curvature had to be reduced to maintain the quality of the mesh. More...

                      ------------------------------------------------------------------------------
2026-08-08 22:38:31   Adaptive mesh refinement pass 2

                      ------------------------------------------------------------------------------
2026-08-08 22:38:33     Matrix setup time        :	0 s
                        Degrees of freedom       :	98258
                        Number of mesh cells     :	14670

                        Stimulation port         :	Zmin
                        Mode number              :	1
                        Accuracy                 :	2.71888e-05
                        Iterations               :	43
                        Solver time              :	1 s


                      ------------------------------------------------------------------------------
2026-08-08 22:38:33     Delta calculation        
2026-08-08 22:38:33     All S-Parameters         :	0.0597008
2026-08-08 22:38:33   

                      ------------------------------------------------------------------------------
2026-08-08 22:38:33   For some elements the curvature had to be reduced to maintain the quality of the mesh. More...

                      ------------------------------------------------------------------------------
2026-08-08 22:38:34   Adaptive mesh refinement pass 3

                      ------------------------------------------------------------------------------
2026-08-08 22:38:36     Matrix setup time        :	0 s
                        Degrees of freedom       :	133202
                        Number of mesh cells     :	19969

                        Stimulation port         :	Zmin
                        Mode number              :	1
                        Accuracy                 :	9.62114e-05
                        Iterations               :	28
                        Solver time              :	1 s


                      ------------------------------------------------------------------------------
2026-08-08 22:38:36     Delta calculation        
2026-08-08 22:38:36     All S-Parameters         :	0.01225
2026-08-08 22:38:36   

                      ------------------------------------------------------------------------------
2026-08-08 22:38:37   For some elements the curvature had to be reduced to maintain the quality of the mesh. More...

                      ------------------------------------------------------------------------------
2026-08-08 22:38:37   Some elements could not be snapped to the geometry. Please consider refining the initial mesh. More...

                      ------------------------------------------------------------------------------
2026-08-08 22:38:37   Adaptive mesh refinement pass 4

                      ------------------------------------------------------------------------------
2026-08-08 22:38:39     Matrix setup time        :	0 s
                        Degrees of freedom       :	168142
                        Number of mesh cells     :	25180

                        Stimulation port         :	Zmin
                        Mode number              :	1
                        Accuracy                 :	7.06539e-05
                        Iterations               :	28
                        Solver time              :	1 s


                      ------------------------------------------------------------------------------
2026-08-08 22:38:40     Delta calculation        
2026-08-08 22:38:40     All S-Parameters         :	0.00411823
2026-08-08 22:38:40   

                      ------------------------------------------------------------------------------
2026-08-08 22:38:40   Mesh adaptation terminated because the desired accuracy limit is reached.

                      ------------------------------------------------------------------------------
2026-08-08 22:38:40     Total time               :	11 s

                      ------------------------------------------------------------------------------
2026-08-08 22:38:40   

                      ------------------------------------------------------------------------------
2026-08-08 22:38:40     Calculation 2 (Frequency: 10 THz, Theta: 0, Phi: 0)


                      ------------------------------------------------------------------------------
2026-08-08 22:38:40   Running the PortModeSolver.

                      ------------------------------------------------------------------------------
2026-08-08 22:38:41   Adaptive mesh refinement pass 1

                      ------------------------------------------------------------------------------
2026-08-08 22:38:42     Matrix setup time        :	0 s
                        Degrees of freedom       :	168142
                        Number of mesh cells     :	25180

                        Stimulation port         :	Zmin
                        Mode number              :	1
                        Accuracy                 :	7.08309e-05
                        Iterations               :	16
                        Solver time              :	1 s


                      ------------------------------------------------------------------------------
2026-08-08 22:38:43   For some elements the curvature had to be reduced to maintain the quality of the mesh. More...

                      ------------------------------------------------------------------------------
2026-08-08 22:38:43   Adaptive mesh refinement pass 2

                      ------------------------------------------------------------------------------
2026-08-08 22:38:45     Matrix setup time        :	0 s
                        Degrees of freedom       :	180048
                        Number of mesh cells     :	26964

                        Stimulation port         :	Zmin
                        Mode number              :	1
                        Accuracy                 :	8.79159e-05
                        Iterations               :	17
                        Solver time              :	1 s


                      ------------------------------------------------------------------------------
2026-08-08 22:38:45     Delta calculation        
2026-08-08 22:38:45     All S-Parameters         :	0.0123284
2026-08-08 22:38:45   

                      ------------------------------------------------------------------------------
2026-08-08 22:38:46   For some elements the curvature had to be reduced to maintain the quality of the mesh. More...

                      ------------------------------------------------------------------------------
2026-08-08 22:38:46   Adaptive mesh refinement pass 3

                      ------------------------------------------------------------------------------
2026-08-08 22:38:48     Matrix setup time        :	0 s
                        Degrees of freedom       :	205416
                        Number of mesh cells     :	30770

                        Stimulation port         :	Zmin
                        Mode number              :	1
                        Accuracy                 :	8.68306e-05
                        Iterations               :	16
                        Solver time              :	1 s


                      ------------------------------------------------------------------------------
2026-08-08 22:38:48     Delta calculation        
2026-08-08 22:38:48     All S-Parameters         :	0.0062615
2026-08-08 22:38:48   

                      ------------------------------------------------------------------------------
2026-08-08 22:38:48   Mesh adaptation terminated because the desired accuracy limit is reached.

                      ------------------------------------------------------------------------------
2026-08-08 22:38:49     Total time               :	8 s

                      ------------------------------------------------------------------------------
2026-08-08 22:38:49   

                      ------------------------------------------------------------------------------
2026-08-08 22:38:49     Calculation 3 (Frequency: 22 THz, Theta: 0, Phi: 0)


                      ------------------------------------------------------------------------------
2026-08-08 22:38:49   Running the PortModeSolver.

                      ------------------------------------------------------------------------------
2026-08-08 22:38:50   Adaptive mesh refinement pass 1

                      ------------------------------------------------------------------------------
2026-08-08 22:38:52     Matrix setup time        :	0 s
                        Degrees of freedom       :	205416
                        Number of mesh cells     :	30770

                        Stimulation port         :	Zmin
                        Mode number              :	1
                        Accuracy                 :	8.86735e-05
                        Iterations               :	20
                        Solver time              :	1 s


                      ------------------------------------------------------------------------------
2026-08-08 22:38:53   For some elements the curvature had to be reduced to maintain the quality of the mesh. More...

                      ------------------------------------------------------------------------------
2026-08-08 22:38:53   Adaptive mesh refinement pass 2

                      ------------------------------------------------------------------------------
2026-08-08 22:38:56     Matrix setup time        :	0 s
                        Degrees of freedom       :	241026
                        Number of mesh cells     :	36198

                        Stimulation port         :	Zmin
                        Mode number              :	1
                        Accuracy                 :	9.49061e-05
                        Iterations               :	18
                        Solver time              :	1 s


                      ------------------------------------------------------------------------------
2026-08-08 22:38:56     Delta calculation        
2026-08-08 22:38:56     All S-Parameters         :	0.0146407
2026-08-08 22:38:56   

                      ------------------------------------------------------------------------------
2026-08-08 22:38:57   For some elements the curvature had to be reduced to maintain the quality of the mesh. More...

                      ------------------------------------------------------------------------------
2026-08-08 22:38:57   Adaptive mesh refinement pass 3

                      ------------------------------------------------------------------------------
2026-08-08 22:39:01     Matrix setup time        :	0 s
                        Degrees of freedom       :	275768
                        Number of mesh cells     :	41432

                        Stimulation port         :	Zmin
                        Mode number              :	1
                        Accuracy                 :	9.76972e-05
                        Iterations               :	20
                        Solver time              :	2 s


                      ------------------------------------------------------------------------------
2026-08-08 22:39:01     Delta calculation        
2026-08-08 22:39:01     All S-Parameters         :	0.00119731
2026-08-08 22:39:01   

                      ------------------------------------------------------------------------------
2026-08-08 22:39:01   Mesh adaptation terminated because the desired accuracy limit is reached.

                      ------------------------------------------------------------------------------
2026-08-08 22:39:01     Total time               :	12 s

                      ------------------------------------------------------------------------------
2026-08-08 22:39:01   

                      ------------------------------------------------------------------------------
2026-08-08 22:39:01     Calculation 4 (Frequency: 18.5497 THz, Theta: 0, Phi: 0)


                      ------------------------------------------------------------------------------
2026-08-08 22:39:01   Running the PortModeSolver.

                      ------------------------------------------------------------------------------
2026-08-08 22:39:02   Adaptive mesh refinement pass 1

                      ------------------------------------------------------------------------------
2026-08-08 22:39:06     Matrix setup time        :	0 s
                        Degrees of freedom       :	275768
                        Number of mesh cells     :	41432

                        Stimulation port         :	Zmin
                        Mode number              :	1
                        Accuracy                 :	7.62863e-05
                        Iterations               :	25
                        Solver time              :	3 s


                      ------------------------------------------------------------------------------
2026-08-08 22:39:06   The input reflection seems to be large at 18.5497 THz, Theta: 0, Phi: 0.  More...

                      ------------------------------------------------------------------------------
2026-08-08 22:39:07   For some elements the curvature had to be reduced to maintain the quality of the mesh. More...

                      ------------------------------------------------------------------------------
2026-08-08 22:39:08   Adaptive mesh refinement pass 2

                      ------------------------------------------------------------------------------
2026-08-08 22:39:13     Matrix setup time        :	0 s
                        Degrees of freedom       :	307442
                        Number of mesh cells     :	46183

                        Stimulation port         :	Zmin
                        Mode number              :	1
                        Accuracy                 :	8.10261e-05
                        Iterations               :	25
                        Solver time              :	3 s


                      ------------------------------------------------------------------------------
2026-08-08 22:39:13     Delta calculation        
2026-08-08 22:39:13     All S-Parameters         :	0.0475782
2026-08-08 22:39:13   

                      ------------------------------------------------------------------------------
2026-08-08 22:39:14   For some elements the curvature had to be reduced to maintain the quality of the mesh. More...

                      ------------------------------------------------------------------------------
2026-08-08 22:39:15   Adaptive mesh refinement pass 3

                      ------------------------------------------------------------------------------
2026-08-08 22:39:20     Matrix setup time        :	0 s
                        Degrees of freedom       :	365776
                        Number of mesh cells     :	54980

                        Stimulation port         :	Zmin
                        Mode number              :	1
                        Accuracy                 :	7.12717e-05
                        Iterations               :	21
                        Solver time              :	3 s


                      ------------------------------------------------------------------------------
2026-08-08 22:39:20     Delta calculation        
2026-08-08 22:39:20     All S-Parameters         :	0.0119604
2026-08-08 22:39:20   

                      ------------------------------------------------------------------------------
2026-08-08 22:39:21   For some elements the curvature had to be slightly reduced to maintain the quality of the mesh. More...

                      ------------------------------------------------------------------------------
2026-08-08 22:39:21   Adaptive mesh refinement pass 4

                      ------------------------------------------------------------------------------
2026-08-08 22:39:27     Matrix setup time        :	0 s
                        Degrees of freedom       :	401482
                        Number of mesh cells     :	60325

                        Stimulation port         :	Zmin
                        Mode number              :	1
                        Accuracy                 :	7.91982e-05
                        Iterations               :	20
                        Solver time              :	3 s


                      ------------------------------------------------------------------------------
2026-08-08 22:39:27     Delta calculation        
2026-08-08 22:39:27     All S-Parameters         :	0.00151369
2026-08-08 22:39:27   

                      ------------------------------------------------------------------------------
2026-08-08 22:39:27   Mesh adaptation terminated because the desired accuracy limit is reached.

                      ------------------------------------------------------------------------------
2026-08-08 22:39:27     Total time               :	25 s

                      ------------------------------------------------------------------------------
2026-08-08 22:39:27   

                      ------------------------------------------------------------------------------
2026-08-08 22:39:27     Calculation 5 (Frequency: 18.9244 THz, Theta: 0, Phi: 0)


                      ------------------------------------------------------------------------------
2026-08-08 22:39:27   Running the PortModeSolver.

                      ------------------------------------------------------------------------------
2026-08-08 22:39:28   Adaptive mesh refinement pass 1

                      ------------------------------------------------------------------------------
2026-08-08 22:39:32     Matrix setup time        :	0 s
                        Degrees of freedom       :	401482
                        Number of mesh cells     :	60325

                        Stimulation port         :	Zmin
                        Mode number              :	1
                        Accuracy                 :	8.96807e-05
                        Iterations               :	17
                        Solver time              :	3 s


                      ------------------------------------------------------------------------------
2026-08-08 22:39:34   Adaptive mesh refinement pass 2

                      ------------------------------------------------------------------------------
2026-08-08 22:39:40     Matrix setup time        :	0 s
                        Degrees of freedom       :	436582
                        Number of mesh cells     :	65633

                        Stimulation port         :	Zmin
                        Mode number              :	1
                        Accuracy                 :	9.18387e-05
                        Iterations               :	20
                        Solver time              :	3 s


                      ------------------------------------------------------------------------------
2026-08-08 22:39:40     Delta calculation        
2026-08-08 22:39:40     All S-Parameters         :	0.00102753
2026-08-08 22:39:40   

                      ------------------------------------------------------------------------------
2026-08-08 22:39:42   Adaptive mesh refinement pass 3

                      ------------------------------------------------------------------------------
2026-08-08 22:39:49     Matrix setup time        :	1 s
                        Solver setup             :	1 s
                        Degrees of freedom       :	471206
                        Number of mesh cells     :	70867

                        Stimulation port         :	Zmin
                        Mode number              :	1
                        Accuracy                 :	8.43803e-05
                        Iterations               :	19
                        Solver time              :	4 s


                      ------------------------------------------------------------------------------
2026-08-08 22:39:49     Delta calculation        
2026-08-08 22:39:49     All S-Parameters         :	0.000717347
2026-08-08 22:39:49   

                      ------------------------------------------------------------------------------
2026-08-08 22:39:49   Mesh adaptation terminated because the desired accuracy limit is reached.

                      ------------------------------------------------------------------------------
2026-08-08 22:39:49     Total time               :	21 s

                      ------------------------------------------------------------------------------
2026-08-08 22:39:49   

                      ------------------------------------------------------------------------------
2026-08-08 22:39:49     Calculation 6 (Frequency: 26.3108 THz, Theta: 0, Phi: 0)


                      ------------------------------------------------------------------------------
2026-08-08 22:39:49   Running the PortModeSolver.

                      ------------------------------------------------------------------------------
2026-08-08 22:39:50   Adaptive mesh refinement pass 1

                      ------------------------------------------------------------------------------
2026-08-08 22:39:56     Matrix setup time        :	0 s
                        Degrees of freedom       :	471206
                        Number of mesh cells     :	70867

                        Stimulation port         :	Zmin
                        Mode number              :	1
                        Accuracy                 :	7.37414e-05
                        Iterations               :	20
                        Solver time              :	4 s


                      ------------------------------------------------------------------------------
2026-08-08 22:39:58   Adaptive mesh refinement pass 2

                      ------------------------------------------------------------------------------
2026-08-08 22:40:05     Matrix setup time        :	1 s
                        Solver setup             :	1 s
                        Degrees of freedom       :	505644
                        Number of mesh cells     :	76104

                        Stimulation port         :	Zmin
                        Mode number              :	1
                        Accuracy                 :	8.52605e-05
                        Iterations               :	19
                        Solver time              :	4 s


                      ------------------------------------------------------------------------------
2026-08-08 22:40:05     Delta calculation        
2026-08-08 22:40:05     All S-Parameters         :	0.00232116
2026-08-08 22:40:05   

                      ------------------------------------------------------------------------------
2026-08-08 22:40:07   Adaptive mesh refinement pass 3

                      ------------------------------------------------------------------------------
2026-08-08 22:40:13     Matrix setup time        :	1 s
                        Solver setup             :	1 s
                        Degrees of freedom       :	540162
                        Number of mesh cells     :	81305

                        Stimulation port         :	Zmin
                        Mode number              :	1
                        Accuracy                 :	6.99576e-05
                        Iterations               :	17
                        Solver time              :	4 s


                      ------------------------------------------------------------------------------
2026-08-08 22:40:14     Delta calculation        
2026-08-08 22:40:14     All S-Parameters         :	0.00137561
2026-08-08 22:40:14   

                      ------------------------------------------------------------------------------
2026-08-08 22:40:14   Mesh adaptation terminated because the desired accuracy limit is reached.

                      ------------------------------------------------------------------------------
2026-08-08 22:40:14     Total time               :	24 s

                      ------------------------------------------------------------------------------
2026-08-08 22:40:14   

                      ------------------------------------------------------------------------------
2026-08-08 22:40:14     Calculation 7 (Frequency: 26.4982 THz, Theta: 0, Phi: 0)


                      ------------------------------------------------------------------------------
2026-08-08 22:40:14   Running the PortModeSolver.

                      ------------------------------------------------------------------------------
2026-08-08 22:40:15   Adaptive mesh refinement pass 1

                      ------------------------------------------------------------------------------
2026-08-08 22:40:27     Matrix setup time        :	0 s
                        Degrees of freedom       :	540162
                        Number of mesh cells     :	81305

                        Stimulation port         :	Zmin
                        Mode number              :	1
                        Accuracy                 :	8.85844e-05
                        Iterations               :	46
                        Solver time              :	11 s


                      ------------------------------------------------------------------------------
2026-08-08 22:40:30   Adaptive mesh refinement pass 2

                      ------------------------------------------------------------------------------
2026-08-08 22:40:44     Matrix setup time        :	1 s
                        Solver setup             :	1 s
                        Degrees of freedom       :	574464
                        Number of mesh cells     :	86531

                        Stimulation port         :	Zmin
                        Mode number              :	1
                        Accuracy                 :	8.62121e-05
                        Iterations               :	44
                        Solver time              :	11 s


                      ------------------------------------------------------------------------------
2026-08-08 22:40:44     Delta calculation        
2026-08-08 22:40:44     All S-Parameters         :	0.00179791
2026-08-08 22:40:44   

                      ------------------------------------------------------------------------------
2026-08-08 22:40:47   Adaptive mesh refinement pass 3

                      ------------------------------------------------------------------------------
2026-08-08 22:41:02     Matrix setup time        :	1 s
                        Solver setup             :	1 s
                        Degrees of freedom       :	608268
                        Number of mesh cells     :	91678

                        Stimulation port         :	Zmin
                        Mode number              :	1
                        Accuracy                 :	9.70148e-05
                        Iterations               :	42
                        Solver time              :	12 s


                      ------------------------------------------------------------------------------
2026-08-08 22:41:02     Delta calculation        
2026-08-08 22:41:02     All S-Parameters         :	0.000712473
2026-08-08 22:41:02   

                      ------------------------------------------------------------------------------
2026-08-08 22:41:02   Mesh adaptation terminated because the desired accuracy limit is reached.

                      ------------------------------------------------------------------------------
2026-08-08 22:41:03     Total time               :	48 s

                      ------------------------------------------------------------------------------
2026-08-08 22:41:03   

                      ------------------------------------------------------------------------------
2026-08-08 22:41:03     Calculation 8 (Frequency: 25.456 THz, Theta: 0, Phi: 0)


                      ------------------------------------------------------------------------------
2026-08-08 22:41:03   Running the PortModeSolver.

                      ------------------------------------------------------------------------------
2026-08-08 22:41:04   Adaptive mesh refinement pass 1

                      ------------------------------------------------------------------------------
2026-08-08 22:41:09     Matrix setup time        :	0 s
                        Solver setup             :	1 s
                        Degrees of freedom       :	608268
                        Number of mesh cells     :	91678

                        Stimulation port         :	Zmin
                        Mode number              :	1
                        Accuracy                 :	9.45153e-05
                        Iterations               :	13
                        Solver time              :	3 s


                      ------------------------------------------------------------------------------
2026-08-08 22:41:12   Adaptive mesh refinement pass 2

                      ------------------------------------------------------------------------------
2026-08-08 22:41:18     Matrix setup time        :	1 s
                        Solver setup             :	1 s
                        Degrees of freedom       :	642004
                        Number of mesh cells     :	96854

                        Stimulation port         :	Zmin
                        Mode number              :	1
                        Accuracy                 :	8.82689e-05
                        Iterations               :	12
                        Solver time              :	3 s


                      ------------------------------------------------------------------------------
2026-08-08 22:41:19     Delta calculation        
2026-08-08 22:41:19     All S-Parameters         :	0.00024156
2026-08-08 22:41:19   

                      ------------------------------------------------------------------------------
2026-08-08 22:41:21   Adaptive mesh refinement pass 3

                      ------------------------------------------------------------------------------
2026-08-08 22:41:28     Matrix setup time        :	1 s
                        Solver setup             :	1 s
                        Degrees of freedom       :	675606
                        Number of mesh cells     :	102015

                        Stimulation port         :	Zmin
                        Mode number              :	1
                        Accuracy                 :	9.41072e-05
                        Iterations               :	12
                        Solver time              :	3 s


                      ------------------------------------------------------------------------------
2026-08-08 22:41:29     Delta calculation        
2026-08-08 22:41:29     All S-Parameters         :	0.000412562
2026-08-08 22:41:29   

                      ------------------------------------------------------------------------------
2026-08-08 22:41:29   Mesh adaptation terminated because the desired accuracy limit is reached.

                      ------------------------------------------------------------------------------
2026-08-08 22:41:29     Total time               :	26 s

                      ------------------------------------------------------------------------------
2026-08-08 22:41:29   

                      ------------------------------------------------------------------------------
2026-08-08 22:41:29     Calculation 9 (Frequency: 17.632 THz, Theta: 0, Phi: 0)


                      ------------------------------------------------------------------------------
2026-08-08 22:41:29   Running the PortModeSolver.

                      ------------------------------------------------------------------------------
2026-08-08 22:41:30   Adaptive mesh refinement pass 1

                      ------------------------------------------------------------------------------
2026-08-08 22:41:36     Matrix setup time        :	0 s
                        Solver setup             :	1 s
                        Degrees of freedom       :	675606
                        Number of mesh cells     :	102015

                        Stimulation port         :	Zmin
                        Mode number              :	1
                        Accuracy                 :	7.62047e-05
                        Iterations               :	14
                        Solver time              :	4 s


                      ------------------------------------------------------------------------------
2026-08-08 22:41:36   The input reflection seems to be large at 17.632 THz, Theta: 0, Phi: 0.  More...

                      ------------------------------------------------------------------------------
2026-08-08 22:41:39   Adaptive mesh refinement pass 2

                      ------------------------------------------------------------------------------
2026-08-08 22:41:46     Matrix setup time        :	1 s
                        Solver setup             :	1 s
                        Degrees of freedom       :	710330
                        Number of mesh cells     :	107274

                        Stimulation port         :	Zmin
                        Mode number              :	1
                        Accuracy                 :	9.79181e-05
                        Iterations               :	12
                        Solver time              :	4 s


                      ------------------------------------------------------------------------------
2026-08-08 22:41:47     Delta calculation        
2026-08-08 22:41:47     All S-Parameters         :	0.0007409
2026-08-08 22:41:47   

                      ------------------------------------------------------------------------------
2026-08-08 22:41:50   Adaptive mesh refinement pass 3

                      ------------------------------------------------------------------------------
2026-08-08 22:41:58     Matrix setup time        :	1 s
                        Solver setup             :	2 s
                        Degrees of freedom       :	745046
                        Number of mesh cells     :	112507

                        Stimulation port         :	Zmin
                        Mode number              :	1
                        Accuracy                 :	9.49985e-05
                        Iterations               :	12
                        Solver time              :	4 s


                      ------------------------------------------------------------------------------
2026-08-08 22:41:58     Delta calculation        
2026-08-08 22:41:58     All S-Parameters         :	0.000293631
2026-08-08 22:41:58   

                      ------------------------------------------------------------------------------
2026-08-08 22:41:58   Mesh adaptation terminated because the desired accuracy limit is reached.

                      ------------------------------------------------------------------------------
2026-08-08 22:41:58     Total time               :	29 s

                      ------------------------------------------------------------------------------
2026-08-08 22:41:58   

                      ------------------------------------------------------------------------------
2026-08-08 22:41:58     Calculation 10 (Frequency: 23.176 THz, Theta: 0, Phi: 0)


                      ------------------------------------------------------------------------------
2026-08-08 22:41:58   Running the PortModeSolver.

                      ------------------------------------------------------------------------------
2026-08-08 22:41:59   Adaptive mesh refinement pass 1

                      ------------------------------------------------------------------------------
2026-08-08 22:42:06     Matrix setup time        :	0 s
                        Solver setup             :	1 s
                        Degrees of freedom       :	745046
                        Number of mesh cells     :	112507

                        Stimulation port         :	Zmin
                        Mode number              :	1
                        Accuracy                 :	9.21998e-05
                        Iterations               :	13
                        Solver time              :	4 s


                      ------------------------------------------------------------------------------
2026-08-08 22:42:07   The input reflection seems to be large at 23.176 THz, Theta: 0, Phi: 0.  More...

                      ------------------------------------------------------------------------------
2026-08-08 22:42:09   Adaptive mesh refinement pass 2

                      ------------------------------------------------------------------------------
2026-08-08 22:42:18     Matrix setup time        :	1 s
                        Solver setup             :	2 s
                        Degrees of freedom       :	779536
                        Number of mesh cells     :	117756

                        Stimulation port         :	Zmin
                        Mode number              :	1
                        Accuracy                 :	7.48249e-05
                        Iterations               :	13
                        Solver time              :	4 s


                      ------------------------------------------------------------------------------
2026-08-08 22:42:18     Delta calculation        
2026-08-08 22:42:18     All S-Parameters         :	0.00104727
2026-08-08 22:42:18   

                      ------------------------------------------------------------------------------
2026-08-08 22:42:21   Adaptive mesh refinement pass 3

                      ------------------------------------------------------------------------------
2026-08-08 22:42:30     Matrix setup time        :	1 s
                        Solver setup             :	2 s
                        Degrees of freedom       :	813992
                        Number of mesh cells     :	123003

                        Stimulation port         :	Zmin
                        Mode number              :	1
                        Accuracy                 :	8.54568e-05
                        Iterations               :	12
                        Solver time              :	4 s


                      ------------------------------------------------------------------------------
2026-08-08 22:42:30     Delta calculation        
2026-08-08 22:42:30     All S-Parameters         :	0.000365996
2026-08-08 22:42:30   

                      ------------------------------------------------------------------------------
2026-08-08 22:42:30   Mesh adaptation terminated because the desired accuracy limit is reached.

                      ------------------------------------------------------------------------------
2026-08-08 22:42:30     Total time               :	31 s

                      ------------------------------------------------------------------------------
2026-08-08 22:42:30   

                      ------------------------------------------------------------------------------
2026-08-08 22:42:30     Calculation 11 (Frequency: 26.248 THz, Theta: 0, Phi: 0)


                      ------------------------------------------------------------------------------
2026-08-08 22:42:30   Running the PortModeSolver.

                      ------------------------------------------------------------------------------
2026-08-08 22:42:31   Adaptive mesh refinement pass 1

                      ------------------------------------------------------------------------------
2026-08-08 22:42:39     Matrix setup time        :	0 s
                        Solver setup             :	1 s
                        Degrees of freedom       :	813992
                        Number of mesh cells     :	123003

                        Stimulation port         :	Zmin
                        Mode number              :	1
                        Accuracy                 :	8.18188e-05
                        Iterations               :	14
                        Solver time              :	5 s


                      ------------------------------------------------------------------------------
2026-08-08 22:42:43   Adaptive mesh refinement pass 2

                      ------------------------------------------------------------------------------
2026-08-08 22:42:53     Matrix setup time        :	1 s
                        Solver setup             :	2 s
                        Degrees of freedom       :	847954
                        Number of mesh cells     :	128211

                        Stimulation port         :	Zmin
                        Mode number              :	1
                        Accuracy                 :	6.39378e-05
                        Iterations               :	16
                        Solver time              :	6 s


                      ------------------------------------------------------------------------------
2026-08-08 22:42:54     Delta calculation        
2026-08-08 22:42:54     All S-Parameters         :	0.000390794
2026-08-08 22:42:54   

                      ------------------------------------------------------------------------------
2026-08-08 22:42:57   Adaptive mesh refinement pass 3

                      ------------------------------------------------------------------------------
2026-08-08 22:43:07     Matrix setup time        :	2 s
                        Solver setup             :	2 s
                        Degrees of freedom       :	881744
                        Number of mesh cells     :	133368

                        Stimulation port         :	Zmin
                        Mode number              :	1
                        Accuracy                 :	9.99146e-05
                        Iterations               :	13
                        Solver time              :	5 s


                      ------------------------------------------------------------------------------
2026-08-08 22:43:07     Delta calculation        
2026-08-08 22:43:07     All S-Parameters         :	0.000465181
2026-08-08 22:43:07   

                      ------------------------------------------------------------------------------
2026-08-08 22:43:07   Mesh adaptation terminated because the desired accuracy limit is reached.

                      ------------------------------------------------------------------------------
2026-08-08 22:43:07     Total time               :	36 s

                      ------------------------------------------------------------------------------
2026-08-08 22:43:07   

                      ------------------------------------------------------------------------------
2026-08-08 22:43:07     Calculation 12 (Frequency: 21.736 THz, Theta: 0, Phi: 0)


                      ------------------------------------------------------------------------------
2026-08-08 22:43:07   Running the PortModeSolver.

                      ------------------------------------------------------------------------------
2026-08-08 22:43:08   Adaptive mesh refinement pass 1

                      ------------------------------------------------------------------------------
2026-08-08 22:43:17     Matrix setup time        :	0 s
                        Solver setup             :	1 s
                        Degrees of freedom       :	881744
                        Number of mesh cells     :	133368

                        Stimulation port         :	Zmin
                        Mode number              :	1
                        Accuracy                 :	7.18578e-05
                        Iterations               :	12
                        Solver time              :	5 s


                      ------------------------------------------------------------------------------
2026-08-08 22:43:20   Adaptive mesh refinement pass 2

                      ------------------------------------------------------------------------------
2026-08-08 22:43:30     Matrix setup time        :	2 s
                        Solver setup             :	2 s
                        Degrees of freedom       :	916268
                        Number of mesh cells     :	138623

                        Stimulation port         :	Zmin
                        Mode number              :	1
                        Accuracy                 :	9.83076e-05
                        Iterations               :	11
                        Solver time              :	5 s


                      ------------------------------------------------------------------------------
2026-08-08 22:43:31     Delta calculation        
2026-08-08 22:43:31     All S-Parameters         :	0.00121047
2026-08-08 22:43:31   

                      ------------------------------------------------------------------------------
2026-08-08 22:43:34   Adaptive mesh refinement pass 3

                      ------------------------------------------------------------------------------
2026-08-08 22:43:44     Matrix setup time        :	2 s
                        Solver setup             :	2 s
                        Degrees of freedom       :	950996
                        Number of mesh cells     :	143893

                        Stimulation port         :	Zmin
                        Mode number              :	1
                        Accuracy                 :	9.81217e-05
                        Iterations               :	11
                        Solver time              :	5 s


                      ------------------------------------------------------------------------------
2026-08-08 22:43:45     Delta calculation        
2026-08-08 22:43:45     All S-Parameters         :	0.000254302
2026-08-08 22:43:45   

                      ------------------------------------------------------------------------------
2026-08-08 22:43:45   Mesh adaptation terminated because the desired accuracy limit is reached.

                      ------------------------------------------------------------------------------
2026-08-08 22:43:45     Total time               :	37 s

                      ------------------------------------------------------------------------------
2026-08-08 22:43:45   

                      ------------------------------------------------------------------------------
2026-08-08 22:43:45     Calculation 13 (Frequency: 22.456 THz, Theta: 0, Phi: 0)


                      ------------------------------------------------------------------------------
2026-08-08 22:43:45   Running the PortModeSolver.

                      ------------------------------------------------------------------------------
2026-08-08 22:43:46   Adaptive mesh refinement pass 1

                      ------------------------------------------------------------------------------
2026-08-08 22:43:54     Matrix setup time        :	1 s
                        Solver setup             :	1 s
                        Degrees of freedom       :	950996
                        Number of mesh cells     :	143893

                        Stimulation port         :	Zmin
                        Mode number              :	1
                        Accuracy                 :	9.95723e-05
                        Iterations               :	10
                        Solver time              :	4 s


                      ------------------------------------------------------------------------------
2026-08-08 22:43:57   Adaptive mesh refinement pass 2

                      ------------------------------------------------------------------------------
2026-08-08 22:44:07     Matrix setup time        :	2 s
                        Solver setup             :	2 s
                        Degrees of freedom       :	984538
                        Number of mesh cells     :	149057

                        Stimulation port         :	Zmin
                        Mode number              :	1
                        Accuracy                 :	8.53487e-05
                        Iterations               :	11
                        Solver time              :	4 s


                      ------------------------------------------------------------------------------
2026-08-08 22:44:07     Delta calculation        
2026-08-08 22:44:07     All S-Parameters         :	0.000108759
2026-08-08 22:44:07   

                      ------------------------------------------------------------------------------
2026-08-08 22:44:11   Adaptive mesh refinement pass 3

                      ------------------------------------------------------------------------------
2026-08-08 22:44:22     Matrix setup time        :	2 s
                        Solver setup             :	3 s
                        Degrees of freedom       :	1018646
                        Number of mesh cells     :	154267

                        Stimulation port         :	Zmin
                        Mode number              :	1
                        Accuracy                 :	8.10095e-05
                        Iterations               :	11
                        Solver time              :	5 s


                      ------------------------------------------------------------------------------
2026-08-08 22:44:22     Delta calculation        
2026-08-08 22:44:22     All S-Parameters         :	0.000135264
2026-08-08 22:44:22   

                      ------------------------------------------------------------------------------
2026-08-08 22:44:22   Mesh adaptation terminated because the desired accuracy limit is reached.

                      ------------------------------------------------------------------------------
2026-08-08 22:44:22     Total time               :	37 s

                      ------------------------------------------------------------------------------
2026-08-08 22:44:22   

                      ------------------------------------------------------------------------------
2026-08-08 22:44:22     Calculation 14 (Frequency: 20.92 THz, Theta: 0, Phi: 0)


                      ------------------------------------------------------------------------------
2026-08-08 22:44:22   Running the PortModeSolver.

                      ------------------------------------------------------------------------------
2026-08-08 22:44:23   Adaptive mesh refinement pass 1

                      ------------------------------------------------------------------------------
2026-08-08 22:44:32     Matrix setup time        :	0 s
                        Solver setup             :	2 s
                        Degrees of freedom       :	1018646
                        Number of mesh cells     :	154267

                        Stimulation port         :	Zmin
                        Mode number              :	1
                        Accuracy                 :	9.97236e-05
                        Iterations               :	12
                        Solver time              :	5 s


                      ------------------------------------------------------------------------------
2026-08-08 22:44:36   Adaptive mesh refinement pass 2

                      ------------------------------------------------------------------------------
2026-08-08 22:44:47     Matrix setup time        :	2 s
                        Solver setup             :	2 s
                        Degrees of freedom       :	1052270
                        Number of mesh cells     :	159417

                        Stimulation port         :	Zmin
                        Mode number              :	1
                        Accuracy                 :	9.01086e-05
                        Iterations               :	11
                        Solver time              :	5 s


                      ------------------------------------------------------------------------------
2026-08-08 22:44:47     Delta calculation        
2026-08-08 22:44:47     All S-Parameters         :	0.000803701
2026-08-08 22:44:47   

                      ------------------------------------------------------------------------------
2026-08-08 22:44:51   Adaptive mesh refinement pass 3

                      ------------------------------------------------------------------------------
2026-08-08 22:45:03     Matrix setup time        :	2 s
                        Solver setup             :	3 s
                        Degrees of freedom       :	1086446
                        Number of mesh cells     :	164638

                        Stimulation port         :	Zmin
                        Mode number              :	1
                        Accuracy                 :	8.06436e-05
                        Iterations               :	11
                        Solver time              :	5 s


                      ------------------------------------------------------------------------------
2026-08-08 22:45:04     Delta calculation        
2026-08-08 22:45:04     All S-Parameters         :	0.000144492
2026-08-08 22:45:04   

                      ------------------------------------------------------------------------------
2026-08-08 22:45:04   Mesh adaptation terminated because the desired accuracy limit is reached.

                      ------------------------------------------------------------------------------
2026-08-08 22:45:04     Total time               :	41 s

                      ------------------------------------------------------------------------------
2026-08-08 22:45:04   

                      ------------------------------------------------------------------------------
2026-08-08 22:45:04     Calculation 15 (Frequency: 15.352 THz, Theta: 0, Phi: 0)


                      ------------------------------------------------------------------------------
2026-08-08 22:45:04   Running the PortModeSolver.

                      ------------------------------------------------------------------------------
2026-08-08 22:45:05   Adaptive mesh refinement pass 1

                      ------------------------------------------------------------------------------
2026-08-08 22:45:15     Matrix setup time        :	1 s
                        Solver setup             :	2 s
                        Degrees of freedom       :	1086446
                        Number of mesh cells     :	164638

                        Stimulation port         :	Zmin
                        Mode number              :	1
                        Accuracy                 :	6.75326e-05
                        Iterations               :	10
                        Solver time              :	5 s


                      ------------------------------------------------------------------------------
2026-08-08 22:45:15   The input reflection seems to be large at 15.352 THz, Theta: 0, Phi: 0.  More...

                      ------------------------------------------------------------------------------
2026-08-08 22:45:19   Adaptive mesh refinement pass 2

                      ------------------------------------------------------------------------------
2026-08-08 22:45:32     Matrix setup time        :	2 s
                        Solver setup             :	3 s
                        Degrees of freedom       :	1121232
                        Number of mesh cells     :	169920

                        Stimulation port         :	Zmin
                        Mode number              :	1
                        Accuracy                 :	6.73178e-05
                        Iterations               :	10
                        Solver time              :	6 s


                      ------------------------------------------------------------------------------
2026-08-08 22:45:33     Delta calculation        
2026-08-08 22:45:33     All S-Parameters         :	0.000927671
2026-08-08 22:45:33   

                      ------------------------------------------------------------------------------
2026-08-08 22:45:37   Adaptive mesh refinement pass 3

                      ------------------------------------------------------------------------------
2026-08-08 22:45:49     Matrix setup time        :	2 s
                        Solver setup             :	3 s
                        Degrees of freedom       :	1155888
                        Number of mesh cells     :	175175

                        Stimulation port         :	Zmin
                        Mode number              :	1
                        Accuracy                 :	9.81674e-05
                        Iterations               :	9
                        Solver time              :	5 s


                      ------------------------------------------------------------------------------
2026-08-08 22:45:50     Delta calculation        
2026-08-08 22:45:50     All S-Parameters         :	7.80846e-05
2026-08-08 22:45:50   

                      ------------------------------------------------------------------------------
2026-08-08 22:45:50   Mesh adaptation terminated because the desired accuracy limit is reached.

                      ------------------------------------------------------------------------------
2026-08-08 22:45:50     Total time               :	45 s

                      ------------------------------------------------------------------------------
2026-08-08 22:45:50   

                      ------------------------------------------------------------------------------
2026-08-08 22:45:50     Calculation 16 (Frequency: 29.032 THz, Theta: 0, Phi: 0)


                      ------------------------------------------------------------------------------
2026-08-08 22:45:50   Running the PortModeSolver.

                      ------------------------------------------------------------------------------
2026-08-08 22:45:51   Adaptive mesh refinement pass 1

                      ------------------------------------------------------------------------------
2026-08-08 22:46:02     Matrix setup time        :	1 s
                        Solver setup             :	3 s
                        Degrees of freedom       :	1155888
                        Number of mesh cells     :	175175

                        Stimulation port         :	Zmin
                        Mode number              :	1
                        Accuracy                 :	7.50795e-05
                        Iterations               :	11
                        Solver time              :	6 s


                      ------------------------------------------------------------------------------
2026-08-08 22:46:07   Adaptive mesh refinement pass 2

                      ------------------------------------------------------------------------------
2026-08-08 22:46:22     Matrix setup time        :	2 s
                        Solver setup             :	4 s
                        Degrees of freedom       :	1189180
                        Number of mesh cells     :	180280

                        Stimulation port         :	Zmin
                        Mode number              :	1
                        Accuracy                 :	8.3647e-05
                        Iterations               :	11
                        Solver time              :	7 s


                      ------------------------------------------------------------------------------
2026-08-08 22:46:22     Delta calculation        
2026-08-08 22:46:22     All S-Parameters         :	5.84772e-05
2026-08-08 22:46:22   

                      ------------------------------------------------------------------------------
2026-08-08 22:46:27   Adaptive mesh refinement pass 3

                      ------------------------------------------------------------------------------
2026-08-08 22:46:41     Matrix setup time        :	2 s
                        Solver setup             :	4 s
                        Degrees of freedom       :	1222266
                        Number of mesh cells     :	185370

                        Stimulation port         :	Zmin
                        Mode number              :	1
                        Accuracy                 :	7.87889e-05
                        Iterations               :	11
                        Solver time              :	7 s


                      ------------------------------------------------------------------------------
2026-08-08 22:46:42     Delta calculation        
2026-08-08 22:46:42     All S-Parameters         :	4.92109e-05
2026-08-08 22:46:42   

                      ------------------------------------------------------------------------------
2026-08-08 22:46:42   Mesh adaptation terminated because the desired accuracy limit is reached.

                      ------------------------------------------------------------------------------
2026-08-08 22:46:42     Total time               :	52 s

                      ------------------------------------------------------------------------------
2026-08-08 22:46:42   

                      ------------------------------------------------------------------------------
2026-08-08 22:46:42     Calculation 17 (Frequency: 26.416 THz, Theta: 0, Phi: 0)


                      ------------------------------------------------------------------------------
2026-08-08 22:46:42   Running the PortModeSolver.

                      ------------------------------------------------------------------------------
2026-08-08 22:46:43   Adaptive mesh refinement pass 1

                      ------------------------------------------------------------------------------
2026-08-08 22:46:57     Matrix setup time        :	1 s
                        Solver setup             :	3 s
                        Degrees of freedom       :	1222266
                        Number of mesh cells     :	185370

                        Stimulation port         :	Zmin
                        Mode number              :	1
                        Accuracy                 :	7.9202e-05
                        Iterations               :	14
                        Solver time              :	9 s


                      ------------------------------------------------------------------------------
2026-08-08 22:47:02   Adaptive mesh refinement pass 2

                      ------------------------------------------------------------------------------
2026-08-08 22:47:20     Matrix setup time        :	2 s
                        Solver setup             :	5 s
                        Degrees of freedom       :	1255792
                        Number of mesh cells     :	190516

                        Stimulation port         :	Zmin
                        Mode number              :	1
                        Accuracy                 :	7.89883e-05
                        Iterations               :	14
                        Solver time              :	9 s


                      ------------------------------------------------------------------------------
2026-08-08 22:47:21     Delta calculation        
2026-08-08 22:47:21     All S-Parameters         :	8.53233e-05
2026-08-08 22:47:21   

                      ------------------------------------------------------------------------------
2026-08-08 22:47:25   Adaptive mesh refinement pass 3

                      ------------------------------------------------------------------------------
2026-08-08 22:47:44     Matrix setup time        :	2 s
                        Solver setup             :	5 s
                        Degrees of freedom       :	1289260
                        Number of mesh cells     :	195634

                        Stimulation port         :	Zmin
                        Mode number              :	1
                        Accuracy                 :	8.25388e-05
                        Iterations               :	14
                        Solver time              :	10 s


                      ------------------------------------------------------------------------------
2026-08-08 22:47:44     Delta calculation        
2026-08-08 22:47:44     All S-Parameters         :	0.000319552
2026-08-08 22:47:44   

                      ------------------------------------------------------------------------------
2026-08-08 22:47:44   Mesh adaptation terminated because the desired accuracy limit is reached.

                      ------------------------------------------------------------------------------
2026-08-08 22:47:44     Total time               :	62 s	 (= 0 h, 01 m, 02 s)

                      ------------------------------------------------------------------------------
2026-08-08 22:47:44   

                      ------------------------------------------------------------------------------
2026-08-08 22:47:44     Calculation 18 (Frequency: 29.368 THz, Theta: 0, Phi: 0)


                      ------------------------------------------------------------------------------
2026-08-08 22:47:44   Running the PortModeSolver.

                      ------------------------------------------------------------------------------
2026-08-08 22:47:45   Adaptive mesh refinement pass 1

                      ------------------------------------------------------------------------------
2026-08-08 22:47:58     Matrix setup time        :	1 s
                        Solver setup             :	3 s
                        Degrees of freedom       :	1289260
                        Number of mesh cells     :	195634

                        Stimulation port         :	Zmin
                        Mode number              :	1
                        Accuracy                 :	6.65075e-05
                        Iterations               :	11
                        Solver time              :	8 s


                      ------------------------------------------------------------------------------
2026-08-08 22:48:04   Adaptive mesh refinement pass 2

                      ------------------------------------------------------------------------------
2026-08-08 22:48:19     Matrix setup time        :	3 s
                        Solver setup             :	5 s
                        Degrees of freedom       :	1322464
                        Number of mesh cells     :	200728

                        Stimulation port         :	Zmin
                        Mode number              :	1
                        Accuracy                 :	9.99388e-05
                        Iterations               :	10
                        Solver time              :	7 s


                      ------------------------------------------------------------------------------
2026-08-08 22:48:20     Delta calculation        
2026-08-08 22:48:20     All S-Parameters         :	7.66223e-05
2026-08-08 22:48:20   

                      ------------------------------------------------------------------------------
2026-08-08 22:48:25   Adaptive mesh refinement pass 3

                      ------------------------------------------------------------------------------
2026-08-08 22:48:42     Matrix setup time        :	3 s
                        Solver setup             :	5 s
                        Degrees of freedom       :	1355528
                        Number of mesh cells     :	205829

                        Stimulation port         :	Zmin
                        Mode number              :	1
                        Accuracy                 :	6.11602e-05
                        Iterations               :	11
                        Solver time              :	8 s


                      ------------------------------------------------------------------------------
2026-08-08 22:48:43     Delta calculation        
2026-08-08 22:48:43     All S-Parameters         :	5.88963e-05
2026-08-08 22:48:43   

                      ------------------------------------------------------------------------------
2026-08-08 22:48:43   Mesh adaptation terminated because the desired accuracy limit is reached.

                      ------------------------------------------------------------------------------
2026-08-08 22:48:43     Total time               :	58 s

                      ------------------------------------------------------------------------------
2026-08-08 22:48:43   

                      ------------------------------------------------------------------------------
2026-08-08 22:48:43     Calculation 19 (Frequency: 17.536 THz, Theta: 0, Phi: 0)


                      ------------------------------------------------------------------------------
2026-08-08 22:48:43   Running the PortModeSolver.

                      ------------------------------------------------------------------------------
2026-08-08 22:48:44   Adaptive mesh refinement pass 1

                      ------------------------------------------------------------------------------
2026-08-08 22:48:58     Matrix setup time        :	1 s
                        Solver setup             :	4 s
                        Degrees of freedom       :	1355528
                        Number of mesh cells     :	205829

                        Stimulation port         :	Zmin
                        Mode number              :	1
                        Accuracy                 :	7.64661e-05
                        Iterations               :	11
                        Solver time              :	8 s


                      ------------------------------------------------------------------------------
2026-08-08 22:48:59   The input reflection seems to be large at 17.536 THz, Theta: 0, Phi: 0.  More...

                      ------------------------------------------------------------------------------
2026-08-08 22:49:04   Adaptive mesh refinement pass 2

                      ------------------------------------------------------------------------------
2026-08-08 22:49:21     Matrix setup time        :	3 s
                        Solver setup             :	5 s
                        Degrees of freedom       :	1390006
                        Number of mesh cells     :	211057

                        Stimulation port         :	Zmin
                        Mode number              :	1
                        Accuracy                 :	7.67698e-05
                        Iterations               :	11
                        Solver time              :	8 s


                      ------------------------------------------------------------------------------
2026-08-08 22:49:21     Delta calculation        
2026-08-08 22:49:21     All S-Parameters         :	0.000878167
2026-08-08 22:49:21   

                      ------------------------------------------------------------------------------
2026-08-08 22:49:27   Adaptive mesh refinement pass 3

                      ------------------------------------------------------------------------------
2026-08-08 22:49:44     Matrix setup time        :	3 s
                        Solver setup             :	5 s
                        Degrees of freedom       :	1424708
                        Number of mesh cells     :	216305

                        Stimulation port         :	Zmin
                        Mode number              :	1
                        Accuracy                 :	6.43497e-05
                        Iterations               :	11
                        Solver time              :	8 s


                      ------------------------------------------------------------------------------
2026-08-08 22:49:45     Delta calculation        
2026-08-08 22:49:45     All S-Parameters         :	0.000353709
2026-08-08 22:49:45   

                      ------------------------------------------------------------------------------
2026-08-08 22:49:45   Mesh adaptation terminated because the desired accuracy limit is reached.

                      ------------------------------------------------------------------------------
2026-08-08 22:49:45     Total time               :	61 s	 (= 0 h, 01 m, 01 s)

                      ------------------------------------------------------------------------------
2026-08-08 22:49:45   

                      ------------------------------------------------------------------------------
2026-08-08 22:49:45     Calculation 20 (Frequency: 26.992 THz, Theta: 0, Phi: 0)


                      ------------------------------------------------------------------------------
2026-08-08 22:49:45   Running the PortModeSolver.

                      ------------------------------------------------------------------------------
2026-08-08 22:49:46   Adaptive mesh refinement pass 1

                      ------------------------------------------------------------------------------
2026-08-08 22:50:02     Matrix setup time        :	1 s
                        Solver setup             :	3 s
                        Degrees of freedom       :	1424708
                        Number of mesh cells     :	216305

                        Stimulation port         :	Zmin
                        Mode number              :	1
                        Accuracy                 :	9.50265e-05
                        Iterations               :	13
                        Solver time              :	10 s


                      ------------------------------------------------------------------------------
2026-08-08 22:50:07   Adaptive mesh refinement pass 2

                      ------------------------------------------------------------------------------
2026-08-08 22:50:27     Matrix setup time        :	3 s
                        Solver setup             :	6 s
                        Degrees of freedom       :	1458036
                        Number of mesh cells     :	221426

                        Stimulation port         :	Zmin
                        Mode number              :	1
                        Accuracy                 :	9.04072e-05
                        Iterations               :	12
                        Solver time              :	9 s


                      ------------------------------------------------------------------------------
2026-08-08 22:50:27     Delta calculation        
2026-08-08 22:50:27     All S-Parameters         :	8.08157e-05
2026-08-08 22:50:27   

                      ------------------------------------------------------------------------------
2026-08-08 22:50:33   Adaptive mesh refinement pass 3

                      ------------------------------------------------------------------------------
2026-08-08 22:50:52     Matrix setup time        :	3 s
                        Solver setup             :	5 s
                        Degrees of freedom       :	1491500
                        Number of mesh cells     :	226545

                        Stimulation port         :	Zmin
                        Mode number              :	1
                        Accuracy                 :	9.92487e-05
                        Iterations               :	12
                        Solver time              :	9 s


                      ------------------------------------------------------------------------------
2026-08-08 22:50:52     Delta calculation        
2026-08-08 22:50:52     All S-Parameters         :	7.59005e-05
2026-08-08 22:50:52   

                      ------------------------------------------------------------------------------
2026-08-08 22:50:52   Mesh adaptation terminated because the desired accuracy limit is reached.

                      ------------------------------------------------------------------------------
2026-08-08 22:50:52     Total time               :	67 s	 (= 0 h, 01 m, 07 s)

                      ------------------------------------------------------------------------------
2026-08-08 22:50:52   

                      ------------------------------------------------------------------------------
2026-08-08 22:50:52     Calculation 21 (Frequency: 26.488 THz, Theta: 0, Phi: 0)


                      ------------------------------------------------------------------------------
2026-08-08 22:50:52   Running the PortModeSolver.

                      ------------------------------------------------------------------------------
2026-08-08 22:50:54   Adaptive mesh refinement pass 1

                      ------------------------------------------------------------------------------
2026-08-08 22:51:14     Matrix setup time        :	1 s
                        Solver setup             :	4 s
                        Degrees of freedom       :	1491500
                        Number of mesh cells     :	226545

                        Stimulation port         :	Zmin
                        Mode number              :	1
                        Accuracy                 :	8.04036e-05
                        Iterations               :	19
                        Solver time              :	15 s


                      ------------------------------------------------------------------------------
2026-08-08 22:51:20   Adaptive mesh refinement pass 2

                      ------------------------------------------------------------------------------
2026-08-08 22:51:45     Matrix setup time        :	3 s
                        Solver setup             :	6 s
                        Degrees of freedom       :	1524948
                        Number of mesh cells     :	231676

                        Stimulation port         :	Zmin
                        Mode number              :	1
                        Accuracy                 :	7.87025e-05
                        Iterations               :	18
                        Solver time              :	15 s


                      ------------------------------------------------------------------------------
2026-08-08 22:51:46     Delta calculation        
2026-08-08 22:51:46     All S-Parameters         :	9.62611e-05
2026-08-08 22:51:46   

                      ------------------------------------------------------------------------------
2026-08-08 22:51:51   Adaptive mesh refinement pass 3

                      ------------------------------------------------------------------------------
2026-08-08 22:52:16     Matrix setup time        :	3 s
                        Solver setup             :	6 s
                        Degrees of freedom       :	1557894
                        Number of mesh cells     :	236752

                        Stimulation port         :	Zmin
                        Mode number              :	1
                        Accuracy                 :	8.97367e-05
                        Iterations               :	18
                        Solver time              :	14 s


                      ------------------------------------------------------------------------------
2026-08-08 22:52:17     Delta calculation        
2026-08-08 22:52:17     All S-Parameters         :	7.04177e-05
2026-08-08 22:52:17   

                      ------------------------------------------------------------------------------
2026-08-08 22:52:17   Mesh adaptation terminated because the desired accuracy limit is reached.

                      ------------------------------------------------------------------------------
2026-08-08 22:52:17     Total time               :	84 s	 (= 0 h, 01 m, 24 s)

                      ------------------------------------------------------------------------------
2026-08-08 22:52:17   

                      ------------------------------------------------------------------------------
2026-08-08 22:52:17     Calculation 22 (Frequency: 27.472 THz, Theta: 0, Phi: 0)


                      ------------------------------------------------------------------------------
2026-08-08 22:52:17   Running the PortModeSolver.

                      ------------------------------------------------------------------------------
2026-08-08 22:52:18   Adaptive mesh refinement pass 1

                      ------------------------------------------------------------------------------
2026-08-08 22:52:33     Matrix setup time        :	1 s
                        Solver setup             :	4 s
                        Degrees of freedom       :	1557894
                        Number of mesh cells     :	236752

                        Stimulation port         :	Zmin
                        Mode number              :	1
                        Accuracy                 :	6.53718e-05
                        Iterations               :	11
                        Solver time              :	8 s


                      ------------------------------------------------------------------------------
2026-08-08 22:52:39   Adaptive mesh refinement pass 2

                      ------------------------------------------------------------------------------
2026-08-08 22:52:59     Matrix setup time        :	3 s
                        Solver setup             :	6 s
                        Degrees of freedom       :	1590736
                        Number of mesh cells     :	241832

                        Stimulation port         :	Zmin
                        Mode number              :	1
                        Accuracy                 :	6.34036e-05
                        Iterations               :	11
                        Solver time              :	9 s


                      ------------------------------------------------------------------------------
2026-08-08 22:53:00     Delta calculation        
2026-08-08 22:53:00     All S-Parameters         :	4.23648e-05
2026-08-08 22:53:00   

                      ------------------------------------------------------------------------------
2026-08-08 22:53:05   Adaptive mesh refinement pass 3

                      ------------------------------------------------------------------------------
2026-08-08 22:53:28     Matrix setup time        :	3 s
                        Solver setup             :	7 s
                        Degrees of freedom       :	1623720
                        Number of mesh cells     :	246936

                        Stimulation port         :	Zmin
                        Mode number              :	1
                        Accuracy                 :	7.61083e-05
                        Iterations               :	11
                        Solver time              :	10 s


                      ------------------------------------------------------------------------------
2026-08-08 22:53:28     Delta calculation        
2026-08-08 22:53:28     All S-Parameters         :	5.89802e-05
2026-08-08 22:53:28   

                      ------------------------------------------------------------------------------
2026-08-08 22:53:28   Mesh adaptation terminated because the desired accuracy limit is reached.

                      ------------------------------------------------------------------------------
2026-08-08 22:53:28     Total time               :	71 s	 (= 0 h, 01 m, 11 s)

                      ------------------------------------------------------------------------------
2026-08-08 22:53:28   

                      ------------------------------------------------------------------------------
2026-08-08 22:53:28     Calculation 23 (Frequency: 25.048 THz, Theta: 0, Phi: 0)


                      ------------------------------------------------------------------------------
2026-08-08 22:53:28   Running the PortModeSolver.

                      ------------------------------------------------------------------------------
2026-08-08 22:53:30   Adaptive mesh refinement pass 1

                      ------------------------------------------------------------------------------
2026-08-08 22:53:47     Matrix setup time        :	1 s
                        Solver setup             :	6 s
                        Degrees of freedom       :	1623720
                        Number of mesh cells     :	246936

                        Stimulation port         :	Zmin
                        Mode number              :	1
                        Accuracy                 :	9.86895e-05
                        Iterations               :	10
                        Solver time              :	9 s


                      ------------------------------------------------------------------------------
2026-08-08 22:53:53   Adaptive mesh refinement pass 2

                      ------------------------------------------------------------------------------
2026-08-08 22:54:14     Matrix setup time        :	3 s
                        Solver setup             :	7 s
                        Degrees of freedom       :	1656960
                        Number of mesh cells     :	252062

                        Stimulation port         :	Zmin
                        Mode number              :	1
                        Accuracy                 :	9.09224e-05
                        Iterations               :	10
                        Solver time              :	8 s


                      ------------------------------------------------------------------------------
2026-08-08 22:54:14     Delta calculation        
2026-08-08 22:54:14     All S-Parameters         :	0.000191458
2026-08-08 22:54:14   

                      ------------------------------------------------------------------------------
2026-08-08 22:54:20   Adaptive mesh refinement pass 3

                      ------------------------------------------------------------------------------
2026-08-08 22:54:40     Matrix setup time        :	3 s
                        Solver setup             :	6 s
                        Degrees of freedom       :	1690490
                        Number of mesh cells     :	257214

                        Stimulation port         :	Zmin
                        Mode number              :	1
                        Accuracy                 :	9.21724e-05
                        Iterations               :	10
                        Solver time              :	9 s


                      ------------------------------------------------------------------------------
2026-08-08 22:54:41     Delta calculation        
2026-08-08 22:54:41     All S-Parameters         :	0.000103335
2026-08-08 22:54:41   

                      ------------------------------------------------------------------------------
2026-08-08 22:54:41   Mesh adaptation terminated because the desired accuracy limit is reached.

                      ------------------------------------------------------------------------------
2026-08-08 22:54:41     Total time               :	72 s	 (= 0 h, 01 m, 12 s)

                      ------------------------------------------------------------------------------
2026-08-08 22:54:41   

                      ------------------------------------------------------------------------------
2026-08-08 22:54:41     Calculation 24 (Frequency: 31.744 THz, Theta: 0, Phi: 0)


                      ------------------------------------------------------------------------------
2026-08-08 22:54:41   Running the PortModeSolver.

                      ------------------------------------------------------------------------------
2026-08-08 22:54:42   Adaptive mesh refinement pass 1

                      ------------------------------------------------------------------------------
2026-08-08 22:54:59     Matrix setup time        :	1 s
                        Solver setup             :	4 s
                        Degrees of freedom       :	1690490
                        Number of mesh cells     :	257214

                        Stimulation port         :	Zmin
                        Mode number              :	1
                        Accuracy                 :	6.69535e-05
                        Iterations               :	11
                        Solver time              :	9 s


                      ------------------------------------------------------------------------------
2026-08-08 22:55:06   Adaptive mesh refinement pass 2

                      ------------------------------------------------------------------------------
2026-08-08 22:55:28     Matrix setup time        :	3 s
                        Solver setup             :	8 s
                        Degrees of freedom       :	1723516
                        Number of mesh cells     :	262324

                        Stimulation port         :	Zmin
                        Mode number              :	1
                        Accuracy                 :	7.64414e-05
                        Iterations               :	10
                        Solver time              :	9 s


                      ------------------------------------------------------------------------------
2026-08-08 22:55:28     Delta calculation        
2026-08-08 22:55:28     All S-Parameters         :	8.08005e-05
2026-08-08 22:55:28   

                      ------------------------------------------------------------------------------
2026-08-08 22:55:35   Adaptive mesh refinement pass 3

                      ------------------------------------------------------------------------------
2026-08-08 22:55:58     Matrix setup time        :	3 s
                        Solver setup             :	8 s
                        Degrees of freedom       :	1756972
                        Number of mesh cells     :	267454

                        Stimulation port         :	Zmin
                        Mode number              :	1
                        Accuracy                 :	7.25189e-05
                        Iterations               :	10
                        Solver time              :	10 s


                      ------------------------------------------------------------------------------
2026-08-08 22:55:59     Delta calculation        
2026-08-08 22:55:59     All S-Parameters         :	9.96254e-05
2026-08-08 22:55:59   

                      ------------------------------------------------------------------------------
2026-08-08 22:55:59   Mesh adaptation terminated because the desired accuracy limit is reached.

                      ------------------------------------------------------------------------------
2026-08-08 22:55:59     Total time               :	77 s	 (= 0 h, 01 m, 17 s)

                      ------------------------------------------------------------------------------
2026-08-08 22:55:59   

                      ------------------------------------------------------------------------------
2026-08-08 22:55:59     Calculation 25 (Frequency: 26.56 THz, Theta: 0, Phi: 0)


                      ------------------------------------------------------------------------------
2026-08-08 22:55:59   Running the PortModeSolver.

                      ------------------------------------------------------------------------------
2026-08-08 22:56:00   Adaptive mesh refinement pass 1

                      ------------------------------------------------------------------------------
2026-08-08 22:56:27     Matrix setup time        :	1 s
                        Solver setup             :	7 s
                        Degrees of freedom       :	1756972
                        Number of mesh cells     :	267454

                        Stimulation port         :	Zmin
                        Mode number              :	1
                        Accuracy                 :	8.57536e-05
                        Iterations               :	17
                        Solver time              :	17 s


                      ------------------------------------------------------------------------------
2026-08-08 22:56:34   Adaptive mesh refinement pass 2

                      ------------------------------------------------------------------------------
2026-08-08 22:57:02     Matrix setup time        :	4 s
                        Solver setup             :	7 s
                        Degrees of freedom       :	1790772
                        Number of mesh cells     :	272598

                        Stimulation port         :	Zmin
                        Mode number              :	1
                        Accuracy                 :	7.89454e-05
                        Iterations               :	16
                        Solver time              :	15 s


                      ------------------------------------------------------------------------------
2026-08-08 22:57:02     Delta calculation        
2026-08-08 22:57:02     All S-Parameters         :	8.45136e-05
2026-08-08 22:57:02   

                      ------------------------------------------------------------------------------
2026-08-08 22:57:09   Adaptive mesh refinement pass 3

                      ------------------------------------------------------------------------------
2026-08-08 22:57:40     Matrix setup time        :	4 s
                        Solver setup             :	8 s
                        Degrees of freedom       :	1823900
                        Number of mesh cells     :	277701

                        Stimulation port         :	Zmin
                        Mode number              :	1
                        Accuracy                 :	5.7691e-05
                        Iterations               :	17
                        Solver time              :	17 s


                      ------------------------------------------------------------------------------
2026-08-08 22:57:41     Delta calculation        
2026-08-08 22:57:41     All S-Parameters         :	6.0841e-05
2026-08-08 22:57:41   

                      ------------------------------------------------------------------------------
2026-08-08 22:57:41   Mesh adaptation terminated because the desired accuracy limit is reached.

                      ------------------------------------------------------------------------------
2026-08-08 22:57:41     Total time               :	101 s	 (= 0 h, 01 m, 41 s)

                      ------------------------------------------------------------------------------
2026-08-08 22:57:41   

                      ------------------------------------------------------------------------------
2026-08-08 22:57:41     Calculation 26 (Frequency: 33.208 THz, Theta: 0, Phi: 0)


                      ------------------------------------------------------------------------------
2026-08-08 22:57:41   Running the PortModeSolver.

                      ------------------------------------------------------------------------------
2026-08-08 22:57:42   Adaptive mesh refinement pass 1

                      ------------------------------------------------------------------------------
2026-08-08 22:58:01     Matrix setup time        :	2 s
                        Solver setup             :	6 s
                        Degrees of freedom       :	1823900
                        Number of mesh cells     :	277701

                        Stimulation port         :	Zmin
                        Mode number              :	1
                        Accuracy                 :	7.41629e-05
                        Iterations               :	10
                        Solver time              :	10 s


                      ------------------------------------------------------------------------------
2026-08-08 22:58:09   Adaptive mesh refinement pass 2

                      ------------------------------------------------------------------------------
2026-08-08 22:58:34     Matrix setup time        :	4 s
                        Solver setup             :	9 s
                        Degrees of freedom       :	1856978
                        Number of mesh cells     :	282817

                        Stimulation port         :	Zmin
                        Mode number              :	1
                        Accuracy                 :	7.21804e-05
                        Iterations               :	10
                        Solver time              :	10 s


                      ------------------------------------------------------------------------------
2026-08-08 22:58:35     Delta calculation        
2026-08-08 22:58:35     All S-Parameters         :	5.52432e-05
2026-08-08 22:58:35   

                      ------------------------------------------------------------------------------
2026-08-08 22:58:42   Adaptive mesh refinement pass 3

                      ------------------------------------------------------------------------------
2026-08-08 22:59:07     Matrix setup time        :	4 s
                        Solver setup             :	9 s
                        Degrees of freedom       :	1890478
                        Number of mesh cells     :	287976

                        Stimulation port         :	Zmin
                        Mode number              :	1
                        Accuracy                 :	6.9128e-05
                        Iterations               :	10
                        Solver time              :	9 s


                      ------------------------------------------------------------------------------
2026-08-08 22:59:07     Delta calculation        
2026-08-08 22:59:07     All S-Parameters         :	5.91171e-05
2026-08-08 22:59:07   

                      ------------------------------------------------------------------------------
2026-08-08 22:59:07   Mesh adaptation terminated because the desired accuracy limit is reached.

                      ------------------------------------------------------------------------------
2026-08-08 22:59:07     Total time               :	86 s	 (= 0 h, 01 m, 26 s)

                      ------------------------------------------------------------------------------
2026-08-08 22:59:07   

                      ------------------------------------------------------------------------------
2026-08-08 22:59:07     Calculation 27 (Frequency: 30.16 THz, Theta: 0, Phi: 0)


                      ------------------------------------------------------------------------------
2026-08-08 22:59:07   Running the PortModeSolver.

                      ------------------------------------------------------------------------------
2026-08-08 22:59:09   Adaptive mesh refinement pass 1

                      ------------------------------------------------------------------------------
2026-08-08 22:59:29     Matrix setup time        :	1 s
                        Solver setup             :	7 s
                        Degrees of freedom       :	1890478
                        Number of mesh cells     :	287976

                        Stimulation port         :	Zmin
                        Mode number              :	1
                        Accuracy                 :	5.89257e-05
                        Iterations               :	11
                        Solver time              :	10 s


                      ------------------------------------------------------------------------------
2026-08-08 22:59:36   Adaptive mesh refinement pass 2

                      ------------------------------------------------------------------------------
2026-08-08 23:00:03     Matrix setup time        :	4 s
                        Solver setup             :	11 s
                        Degrees of freedom       :	1923402
                        Number of mesh cells     :	293075

                        Stimulation port         :	Zmin
                        Mode number              :	1
                        Accuracy                 :	6.80255e-05
                        Iterations               :	10
                        Solver time              :	11 s


                      ------------------------------------------------------------------------------
2026-08-08 23:00:04     Delta calculation        
2026-08-08 23:00:04     All S-Parameters         :	4.58197e-05
2026-08-08 23:00:04   

                      ------------------------------------------------------------------------------
2026-08-08 23:00:11   Adaptive mesh refinement pass 3

                      ------------------------------------------------------------------------------
2026-08-08 23:00:37     Matrix setup time        :	4 s
                        Solver setup             :	10 s
                        Degrees of freedom       :	1956578
                        Number of mesh cells     :	298196

                        Stimulation port         :	Zmin
                        Mode number              :	1
                        Accuracy                 :	9.21893e-05
                        Iterations               :	9
                        Solver time              :	10 s


                      ------------------------------------------------------------------------------
2026-08-08 23:00:38     Delta calculation        
2026-08-08 23:00:38     All S-Parameters         :	0.000105208
2026-08-08 23:00:38   

                      ------------------------------------------------------------------------------
2026-08-08 23:00:38   Mesh adaptation terminated because the desired accuracy limit is reached.

                      ------------------------------------------------------------------------------
2026-08-08 23:00:38     Total time               :	90 s	 (= 0 h, 01 m, 30 s)

                      ------------------------------------------------------------------------------
2026-08-08 23:00:38   

                      ------------------------------------------------------------------------------
2026-08-08 23:00:38     Calculation 28 (Frequency: 28.288 THz, Theta: 0, Phi: 0)


                      ------------------------------------------------------------------------------
2026-08-08 23:00:38   Running the PortModeSolver.

                      ------------------------------------------------------------------------------
2026-08-08 23:00:40   Adaptive mesh refinement pass 1

                      ------------------------------------------------------------------------------
2026-08-08 23:01:02     Matrix setup time        :	2 s
                        Solver setup             :	8 s
                        Degrees of freedom       :	1956578
                        Number of mesh cells     :	298196

                        Stimulation port         :	Zmin
                        Mode number              :	1
                        Accuracy                 :	7.909e-05
                        Iterations               :	10
                        Solver time              :	11 s


                      ------------------------------------------------------------------------------
2026-08-08 23:01:10   Adaptive mesh refinement pass 2

                      ------------------------------------------------------------------------------
2026-08-08 23:01:38     Matrix setup time        :	4 s
                        Solver setup             :	11 s
                        Degrees of freedom       :	1989876
                        Number of mesh cells     :	303320

                        Stimulation port         :	Zmin
                        Mode number              :	1
                        Accuracy                 :	7.34509e-05
                        Iterations               :	10
                        Solver time              :	11 s


                      ------------------------------------------------------------------------------
2026-08-08 23:01:39     Delta calculation        
2026-08-08 23:01:39     All S-Parameters         :	1.62485e-05
2026-08-08 23:01:39   

                      ------------------------------------------------------------------------------
2026-08-08 23:01:46   Adaptive mesh refinement pass 3

                      ------------------------------------------------------------------------------
2026-08-08 23:02:13     Matrix setup time        :	4 s
                        Solver setup             :	10 s
                        Degrees of freedom       :	2022768
                        Number of mesh cells     :	308418

                        Stimulation port         :	Zmin
                        Mode number              :	1
                        Accuracy                 :	7.21809e-05
                        Iterations               :	10
                        Solver time              :	11 s


                      ------------------------------------------------------------------------------
2026-08-08 23:02:14     Delta calculation        
2026-08-08 23:02:14     All S-Parameters         :	4.67427e-05
2026-08-08 23:02:14   

                      ------------------------------------------------------------------------------
2026-08-08 23:02:14   Mesh adaptation terminated because the desired accuracy limit is reached.

                      ------------------------------------------------------------------------------
2026-08-08 23:02:14     Total time               :	95 s	 (= 0 h, 01 m, 35 s)

                      ------------------------------------------------------------------------------
2026-08-08 23:02:14   

                      ------------------------------------------------------------------------------
2026-08-08 23:02:14     Calculation 29 (Frequency: 13.264 THz, Theta: 0, Phi: 0)


                      ------------------------------------------------------------------------------
2026-08-08 23:02:14   Running the PortModeSolver.

                      ------------------------------------------------------------------------------
2026-08-08 23:02:15   Adaptive mesh refinement pass 1

                      ------------------------------------------------------------------------------
2026-08-08 23:02:36     Matrix setup time        :	2 s
                        Solver setup             :	8 s
                        Degrees of freedom       :	2022768
                        Number of mesh cells     :	308418

                        Stimulation port         :	Zmin
                        Mode number              :	1
                        Accuracy                 :	9.36354e-05
                        Iterations               :	9
                        Solver time              :	10 s


                      ------------------------------------------------------------------------------
2026-08-08 23:02:44   Adaptive mesh refinement pass 2

                      ------------------------------------------------------------------------------
2026-08-08 23:03:14     Matrix setup time        :	4 s
                        Solver setup             :	13 s
                        Degrees of freedom       :	2057842
                        Number of mesh cells     :	313697

                        Stimulation port         :	Zmin
                        Mode number              :	1
                        Accuracy                 :	9.33755e-05
                        Iterations               :	9
                        Solver time              :	11 s


                      ------------------------------------------------------------------------------
2026-08-08 23:03:15     Delta calculation        
2026-08-08 23:03:15     All S-Parameters         :	0.000867173
2026-08-08 23:03:15   

                      ------------------------------------------------------------------------------
2026-08-08 23:03:22   Adaptive mesh refinement pass 3

                      ------------------------------------------------------------------------------
2026-08-08 23:03:51     Matrix setup time        :	5 s
                        Solver setup             :	12 s
                        Degrees of freedom       :	2091964
                        Number of mesh cells     :	318896

                        Stimulation port         :	Zmin
                        Mode number              :	1
                        Accuracy                 :	8.55917e-05
                        Iterations               :	9
                        Solver time              :	11 s


                      ------------------------------------------------------------------------------
2026-08-08 23:03:52     Delta calculation        
2026-08-08 23:03:52     All S-Parameters         :	0.000357786
2026-08-08 23:03:52   

                      ------------------------------------------------------------------------------
2026-08-08 23:03:52   Mesh adaptation terminated because the desired accuracy limit is reached.

                      ------------------------------------------------------------------------------
2026-08-08 23:03:52     Total time               :	98 s	 (= 0 h, 01 m, 38 s)

                      ------------------------------------------------------------------------------
2026-08-08 23:03:52   

                      ------------------------------------------------------------------------------
2026-08-08 23:03:52     Calculation 30 (Frequency: 20.056 THz, Theta: 0, Phi: 0)


                      ------------------------------------------------------------------------------
2026-08-08 23:03:52   Running the PortModeSolver.

                      ------------------------------------------------------------------------------
2026-08-08 23:03:54   Adaptive mesh refinement pass 1

                      ------------------------------------------------------------------------------
2026-08-08 23:04:19     Matrix setup time        :	2 s
                        Solver setup             :	10 s
                        Degrees of freedom       :	2091964
                        Number of mesh cells     :	318896

                        Stimulation port         :	Zmin
                        Mode number              :	1
                        Accuracy                 :	7.63793e-05
                        Iterations               :	10
                        Solver time              :	12 s


                      ------------------------------------------------------------------------------
2026-08-08 23:04:27   Adaptive mesh refinement pass 2

                      ------------------------------------------------------------------------------
2026-08-08 23:04:59     Matrix setup time        :	4 s
                        Solver setup             :	13 s
                        Degrees of freedom       :	2126036
                        Number of mesh cells     :	324083

                        Stimulation port         :	Zmin
                        Mode number              :	1
                        Accuracy                 :	5.83856e-05
                        Iterations               :	11
                        Solver time              :	13 s


                      ------------------------------------------------------------------------------
2026-08-08 23:05:00     Delta calculation        
2026-08-08 23:05:00     All S-Parameters         :	0.000382208
2026-08-08 23:05:00   

                      ------------------------------------------------------------------------------
2026-08-08 23:05:08   Adaptive mesh refinement pass 3

                      ------------------------------------------------------------------------------
2026-08-08 23:05:41     Matrix setup time        :	5 s
                        Solver setup             :	13 s
                        Degrees of freedom       :	2160266
                        Number of mesh cells     :	329302

                        Stimulation port         :	Zmin
                        Mode number              :	1
                        Accuracy                 :	5.60984e-05
                        Iterations               :	11
                        Solver time              :	14 s


                      ------------------------------------------------------------------------------
2026-08-08 23:05:42     Delta calculation        
2026-08-08 23:05:42     All S-Parameters         :	0.000259417
2026-08-08 23:05:42   

                      ------------------------------------------------------------------------------
2026-08-08 23:05:42   Mesh adaptation terminated because the desired accuracy limit is reached.

                      ------------------------------------------------------------------------------
2026-08-08 23:05:42     Total time               :	110 s	 (= 0 h, 01 m, 50 s)

                      ------------------------------------------------------------------------------
2026-08-08 23:05:42   

                      ------------------------------------------------------------------------------
2026-08-08 23:05:42     Calculation 31 (Frequency: 12.712 THz, Theta: 0, Phi: 0)


                      ------------------------------------------------------------------------------
2026-08-08 23:05:42   Running the PortModeSolver.

                      ------------------------------------------------------------------------------
2026-08-08 23:05:44   Adaptive mesh refinement pass 1

                      ------------------------------------------------------------------------------
2026-08-08 23:06:08     Matrix setup time        :	2 s
                        Solver setup             :	11 s
                        Degrees of freedom       :	2160266
                        Number of mesh cells     :	329302

                        Stimulation port         :	Zmin
                        Mode number              :	1
                        Accuracy                 :	9.34128e-05
                        Iterations               :	8
                        Solver time              :	10 s


                      ------------------------------------------------------------------------------
2026-08-08 23:06:17   Adaptive mesh refinement pass 2

                      ------------------------------------------------------------------------------
2026-08-08 23:06:44     Matrix setup time        :	5 s
                        Solver setup             :	11 s
                        Degrees of freedom       :	2194180
                        Number of mesh cells     :	334473

                        Stimulation port         :	Zmin
                        Mode number              :	1
                        Accuracy                 :	8.62723e-05
                        Iterations               :	8
                        Solver time              :	10 s


                      ------------------------------------------------------------------------------
2026-08-08 23:06:45     Delta calculation        
2026-08-08 23:06:45     All S-Parameters         :	0.000277502
2026-08-08 23:06:45   

                      ------------------------------------------------------------------------------
2026-08-08 23:06:53   Adaptive mesh refinement pass 3

                      ------------------------------------------------------------------------------
2026-08-08 23:07:24     Matrix setup time        :	5 s
                        Solver setup             :	14 s
                        Degrees of freedom       :	2228606
                        Number of mesh cells     :	339702

                        Stimulation port         :	Zmin
                        Mode number              :	1
                        Accuracy                 :	7.87694e-05
                        Iterations               :	8
                        Solver time              :	11 s


                      ------------------------------------------------------------------------------
2026-08-08 23:07:25     Delta calculation        
2026-08-08 23:07:25     All S-Parameters         :	0.000140985
2026-08-08 23:07:25   

                      ------------------------------------------------------------------------------
2026-08-08 23:07:25   Mesh adaptation terminated because the desired accuracy limit is reached.

                      ------------------------------------------------------------------------------
2026-08-08 23:07:25     Total time               :	102 s	 (= 0 h, 01 m, 42 s)

                      ------------------------------------------------------------------------------
2026-08-08 23:07:25   

                      ------------------------------------------------------------------------------
2026-08-08 23:07:25     Calculation 32 (Frequency: 19.336 THz, Theta: 0, Phi: 0)


                      ------------------------------------------------------------------------------
2026-08-08 23:07:25   Running the PortModeSolver.

                      ------------------------------------------------------------------------------
2026-08-08 23:07:27   Adaptive mesh refinement pass 1

                      ------------------------------------------------------------------------------
2026-08-08 23:07:56     Matrix setup time        :	2 s
                        Solver setup             :	11 s
                        Degrees of freedom       :	2228606
                        Number of mesh cells     :	339702

                        Stimulation port         :	Zmin
                        Mode number              :	1
                        Accuracy                 :	6.86692e-05
                        Iterations               :	10
                        Solver time              :	14 s


                      ------------------------------------------------------------------------------
2026-08-08 23:08:04   Adaptive mesh refinement pass 2

                      ------------------------------------------------------------------------------
2026-08-08 23:08:34     Matrix setup time        :	5 s
                        Solver setup             :	11 s
                        Degrees of freedom       :	2262928
                        Number of mesh cells     :	344919

                        Stimulation port         :	Zmin
                        Mode number              :	1
                        Accuracy                 :	8.91727e-05
                        Iterations               :	10
                        Solver time              :	13 s


                      ------------------------------------------------------------------------------
2026-08-08 23:08:35     Delta calculation        
2026-08-08 23:08:35     All S-Parameters         :	0.000504783
2026-08-08 23:08:35   

                      ------------------------------------------------------------------------------
2026-08-08 23:08:43   Adaptive mesh refinement pass 3

                      ------------------------------------------------------------------------------
2026-08-08 23:09:17     Matrix setup time        :	5 s
                        Solver setup             :	14 s
                        Degrees of freedom       :	2297576
                        Number of mesh cells     :	350175

                        Stimulation port         :	Zmin
                        Mode number              :	1
                        Accuracy                 :	8.3051e-05
                        Iterations               :	10
                        Solver time              :	14 s


                      ------------------------------------------------------------------------------
2026-08-08 23:09:18     Delta calculation        
2026-08-08 23:09:18     All S-Parameters         :	0.000241482
2026-08-08 23:09:18   

                      ------------------------------------------------------------------------------
2026-08-08 23:09:18   Mesh adaptation terminated because the desired accuracy limit is reached.

                      ------------------------------------------------------------------------------
2026-08-08 23:09:18     Total time               :	112 s	 (= 0 h, 01 m, 52 s)

                      ------------------------------------------------------------------------------
2026-08-08 23:09:18   

                      ------------------------------------------------------------------------------
2026-08-08 23:09:18     Calculation 33 (Frequency: 18.4 THz, Theta: 0, Phi: 0)


                      ------------------------------------------------------------------------------
2026-08-08 23:09:18   Running the PortModeSolver.

                      ------------------------------------------------------------------------------
2026-08-08 23:09:20   Adaptive mesh refinement pass 1

                      ------------------------------------------------------------------------------
2026-08-08 23:09:51     Matrix setup time        :	2 s
                        Solver setup             :	12 s
                        Degrees of freedom       :	2297576
                        Number of mesh cells     :	350175

                        Stimulation port         :	Zmin
                        Mode number              :	1
                        Accuracy                 :	9.99635e-05
                        Iterations               :	11
                        Solver time              :	16 s


                      ------------------------------------------------------------------------------
2026-08-08 23:10:00   Adaptive mesh refinement pass 2

                      ------------------------------------------------------------------------------
2026-08-08 23:10:33     Matrix setup time        :	5 s
                        Solver setup             :	11 s
                        Degrees of freedom       :	2331818
                        Number of mesh cells     :	355392

                        Stimulation port         :	Zmin
                        Mode number              :	1
                        Accuracy                 :	7.30118e-05
                        Iterations               :	11
                        Solver time              :	15 s


                      ------------------------------------------------------------------------------
2026-08-08 23:10:34     Delta calculation        
2026-08-08 23:10:34     All S-Parameters         :	0.000161588
2026-08-08 23:10:34   

                      ------------------------------------------------------------------------------
2026-08-08 23:10:43   Adaptive mesh refinement pass 3

                      ------------------------------------------------------------------------------
2026-08-08 23:11:18     Matrix setup time        :	5 s
                        Solver setup             :	13 s
                        Degrees of freedom       :	2366092
                        Number of mesh cells     :	360616

                        Stimulation port         :	Zmin
                        Mode number              :	1
                        Accuracy                 :	7.33463e-05
                        Iterations               :	11
                        Solver time              :	16 s


                      ------------------------------------------------------------------------------
2026-08-08 23:11:19     Delta calculation        
2026-08-08 23:11:19     All S-Parameters         :	0.000116808
2026-08-08 23:11:19   

                      ------------------------------------------------------------------------------
2026-08-08 23:11:19   Mesh adaptation terminated because the desired accuracy limit is reached.

                      ------------------------------------------------------------------------------
2026-08-08 23:11:19     Total time               :	120 s	 (= 0 h, 02 m, 00 s)

                      ------------------------------------------------------------------------------
2026-08-08 23:11:19   

                      ------------------------------------------------------------------------------
2026-08-08 23:11:19     Calculation 34 (Frequency: 18.592 THz, Theta: 0, Phi: 0)


                      ------------------------------------------------------------------------------
2026-08-08 23:11:19   Running the PortModeSolver.

                      ------------------------------------------------------------------------------
2026-08-08 23:11:20   Adaptive mesh refinement pass 1

                      ------------------------------------------------------------------------------
2026-08-08 23:11:48     Matrix setup time        :	2 s
                        Solver setup             :	10 s
                        Degrees of freedom       :	2366092
                        Number of mesh cells     :	360616

                        Stimulation port         :	Zmin
                        Mode number              :	1
                        Accuracy                 :	6.61791e-05
                        Iterations               :	10
                        Solver time              :	13 s


                      ------------------------------------------------------------------------------
2026-08-08 23:11:49   The input reflection seems to be large at 18.592 THz, Theta: 0, Phi: 0.  More...

                      ------------------------------------------------------------------------------
2026-08-08 23:11:57   Adaptive mesh refinement pass 2

                      ------------------------------------------------------------------------------
2026-08-08 23:12:31     Matrix setup time        :	5 s
                        Solver setup             :	13 s
                        Degrees of freedom       :	2400162
                        Number of mesh cells     :	365808

                        Stimulation port         :	Zmin
                        Mode number              :	1
                        Accuracy                 :	8.78567e-05
                        Iterations               :	10
                        Solver time              :	14 s


                      ------------------------------------------------------------------------------
2026-08-08 23:12:32     Delta calculation        
2026-08-08 23:12:32     All S-Parameters         :	0.000213387
2026-08-08 23:12:32   

                      ------------------------------------------------------------------------------
2026-08-08 23:12:42   Adaptive mesh refinement pass 3

                      ------------------------------------------------------------------------------
2026-08-08 23:13:13     Matrix setup time        :	5 s
                        Solver setup             :	12 s
                        Degrees of freedom       :	2434512
                        Number of mesh cells     :	371032

                        Stimulation port         :	Zmin
                        Mode number              :	1
                        Accuracy                 :	8.60009e-05
                        Iterations               :	10
                        Solver time              :	13 s


                      ------------------------------------------------------------------------------
2026-08-08 23:13:13     Delta calculation        
2026-08-08 23:13:13     All S-Parameters         :	0.000122352
2026-08-08 23:13:13   

                      ------------------------------------------------------------------------------
2026-08-08 23:13:13   Mesh adaptation terminated because the desired accuracy limit is reached.

                      ------------------------------------------------------------------------------
2026-08-08 23:13:14     Total time               :	114 s	 (= 0 h, 01 m, 54 s)

                      ------------------------------------------------------------------------------
2026-08-08 23:13:14   

                      ------------------------------------------------------------------------------
2026-08-08 23:13:14     Calculation 35 (Frequency: 11.08 THz, Theta: 0, Phi: 0)


                      ------------------------------------------------------------------------------
2026-08-08 23:13:14   Running the PortModeSolver.

                      ------------------------------------------------------------------------------
2026-08-08 23:13:15   Adaptive mesh refinement pass 1

                      ------------------------------------------------------------------------------
2026-08-08 23:13:36     Matrix setup time        :	2 s
                        Solver setup             :	9 s
                        Degrees of freedom       :	2434512
                        Number of mesh cells     :	371032

                        Stimulation port         :	Zmin
                        Mode number              :	1
                        Accuracy                 :	8.10355e-05
                        Iterations               :	7
                        Solver time              :	9 s


                      ------------------------------------------------------------------------------
2026-08-08 23:13:45   Adaptive mesh refinement pass 2

                      ------------------------------------------------------------------------------
2026-08-08 23:14:13     Matrix setup time        :	5 s
                        Solver setup             :	12 s
                        Degrees of freedom       :	2468438
                        Number of mesh cells     :	376220

                        Stimulation port         :	Zmin
                        Mode number              :	1
                        Accuracy                 :	8.07854e-05
                        Iterations               :	7
                        Solver time              :	9 s


                      ------------------------------------------------------------------------------
2026-08-08 23:14:13     Delta calculation        
2026-08-08 23:14:13     All S-Parameters         :	0.000133787
2026-08-08 23:14:13   

                      ------------------------------------------------------------------------------
2026-08-08 23:14:22   Adaptive mesh refinement pass 3

                      ------------------------------------------------------------------------------
2026-08-08 23:14:50     Matrix setup time        :	5 s
                        Solver setup             :	13 s
                        Degrees of freedom       :	2502404
                        Number of mesh cells     :	381415

                        Stimulation port         :	Zmin
                        Mode number              :	1
                        Accuracy                 :	8.07504e-05
                        Iterations               :	7
                        Solver time              :	9 s


                      ------------------------------------------------------------------------------
2026-08-08 23:14:51     Delta calculation        
2026-08-08 23:14:51     All S-Parameters         :	8.65049e-05
2026-08-08 23:14:51   

                      ------------------------------------------------------------------------------
2026-08-08 23:14:51   Mesh adaptation terminated because the desired accuracy limit is reached.

                      ------------------------------------------------------------------------------
2026-08-08 23:14:51     Total time               :	97 s	 (= 0 h, 01 m, 37 s)

                      ------------------------------------------------------------------------------
2026-08-08 23:14:51   

                      ------------------------------------------------------------------------------
2026-08-08 23:14:51     Calculation 36 (Frequency: 26.824 THz, Theta: 0, Phi: 0)


                      ------------------------------------------------------------------------------
2026-08-08 23:14:51   Running the PortModeSolver.

                      ------------------------------------------------------------------------------
2026-08-08 23:14:53   Adaptive mesh refinement pass 1

                      ------------------------------------------------------------------------------
2026-08-08 23:15:19     Matrix setup time        :	2 s
                        Solver setup             :	10 s
                        Degrees of freedom       :	2502404
                        Number of mesh cells     :	381415

                        Stimulation port         :	Zmin
                        Mode number              :	1
                        Accuracy                 :	9.45185e-05
                        Iterations               :	10
                        Solver time              :	12 s


                      ------------------------------------------------------------------------------
2026-08-08 23:15:28   Adaptive mesh refinement pass 2

                      ------------------------------------------------------------------------------
2026-08-08 23:16:04     Matrix setup time        :	5 s
                        Solver setup             :	15 s
                        Degrees of freedom       :	2535372
                        Number of mesh cells     :	386508

                        Stimulation port         :	Zmin
                        Mode number              :	1
                        Accuracy                 :	9.58926e-05
                        Iterations               :	10
                        Solver time              :	14 s


                      ------------------------------------------------------------------------------
2026-08-08 23:16:05     Delta calculation        
2026-08-08 23:16:05     All S-Parameters         :	4.60635e-05
2026-08-08 23:16:05   

                      ------------------------------------------------------------------------------
2026-08-08 23:16:14   Adaptive mesh refinement pass 3

                      ------------------------------------------------------------------------------
2026-08-08 23:16:47     Matrix setup time        :	5 s
                        Solver setup             :	13 s
                        Degrees of freedom       :	2568172
                        Number of mesh cells     :	391574

                        Stimulation port         :	Zmin
                        Mode number              :	1
                        Accuracy                 :	9.13137e-05
                        Iterations               :	10
                        Solver time              :	13 s


                      ------------------------------------------------------------------------------
2026-08-08 23:16:48     Delta calculation        
2026-08-08 23:16:48     All S-Parameters         :	3.4998e-05
2026-08-08 23:16:48   

                      ------------------------------------------------------------------------------
2026-08-08 23:16:48   Mesh adaptation terminated because the desired accuracy limit is reached.

                      ------------------------------------------------------------------------------
2026-08-08 23:16:48     Total time               :	116 s	 (= 0 h, 01 m, 56 s)

                      ------------------------------------------------------------------------------
2026-08-08 23:16:48   

                      ------------------------------------------------------------------------------
2026-08-08 23:16:48     Calculation 37 (Frequency: 23.8 THz, Theta: 0, Phi: 0)


                      ------------------------------------------------------------------------------
2026-08-08 23:16:48   Running the PortModeSolver.

                      ------------------------------------------------------------------------------
2026-08-08 23:16:49   Adaptive mesh refinement pass 1

                      ------------------------------------------------------------------------------
2026-08-08 23:17:15     Matrix setup time        :	2 s
                        Solver setup             :	10 s
                        Degrees of freedom       :	2568172
                        Number of mesh cells     :	391574

                        Stimulation port         :	Zmin
                        Mode number              :	1
                        Accuracy                 :	8.31918e-05
                        Iterations               :	9
                        Solver time              :	12 s


                      ------------------------------------------------------------------------------
2026-08-08 23:17:16   The input reflection seems to be large at 23.8 THz, Theta: 0, Phi: 0.  More...

                      ------------------------------------------------------------------------------
2026-08-08 23:17:24   Adaptive mesh refinement pass 2

                      ------------------------------------------------------------------------------
2026-08-08 23:17:55     Matrix setup time        :	5 s
                        Solver setup             :	13 s
                        Degrees of freedom       :	2601810
                        Number of mesh cells     :	396750

                        Stimulation port         :	Zmin
                        Mode number              :	1
                        Accuracy                 :	8.03438e-05
                        Iterations               :	9
                        Solver time              :	12 s


                      ------------------------------------------------------------------------------
2026-08-08 23:17:56     Delta calculation        
2026-08-08 23:17:56     All S-Parameters         :	0.000179047
2026-08-08 23:17:56   

                      ------------------------------------------------------------------------------
2026-08-08 23:18:06   Adaptive mesh refinement pass 3

                      ------------------------------------------------------------------------------
2026-08-08 23:18:44     Matrix setup time        :	6 s
                        Solver setup             :	17 s
                        Degrees of freedom       :	2635760
                        Number of mesh cells     :	401950

                        Stimulation port         :	Zmin
                        Mode number              :	1
                        Accuracy                 :	7.46961e-05
                        Iterations               :	9
                        Solver time              :	15 s


                      ------------------------------------------------------------------------------
2026-08-08 23:18:45     Delta calculation        
2026-08-08 23:18:45     All S-Parameters         :	5.54147e-05
2026-08-08 23:18:45   

                      ------------------------------------------------------------------------------
2026-08-08 23:18:45   Mesh adaptation terminated because the desired accuracy limit is reached.

                      ------------------------------------------------------------------------------
2026-08-08 23:18:45     Total time               :	117 s	 (= 0 h, 01 m, 57 s)

                      ------------------------------------------------------------------------------
2026-08-08 23:18:45   

                      ------------------------------------------------------------------------------
2026-08-08 23:18:45     Calculation 38 (Frequency: 18.136 THz, Theta: 0, Phi: 0)


                      ------------------------------------------------------------------------------
2026-08-08 23:18:45   Running the PortModeSolver.

                      ------------------------------------------------------------------------------
2026-08-08 23:18:47   Adaptive mesh refinement pass 1

                      ------------------------------------------------------------------------------
2026-08-08 23:19:21     Matrix setup time        :	3 s
                        Solver setup             :	14 s
                        Degrees of freedom       :	2635760
                        Number of mesh cells     :	401950

                        Stimulation port         :	Zmin
                        Mode number              :	1
                        Accuracy                 :	9.72686e-05
                        Iterations               :	10
                        Solver time              :	16 s


                      ------------------------------------------------------------------------------
2026-08-08 23:19:22   The input reflection seems to be large at 18.136 THz, Theta: 0, Phi: 0.  More...

                      ------------------------------------------------------------------------------
2026-08-08 23:19:32   Adaptive mesh refinement pass 2

                      ------------------------------------------------------------------------------
2026-08-08 23:20:15     Matrix setup time        :	6 s
                        Solver setup             :	19 s
                        Degrees of freedom       :	2670152
                        Number of mesh cells     :	407184

                        Stimulation port         :	Zmin
                        Mode number              :	1
                        Accuracy                 :	9.10139e-05
                        Iterations               :	10
                        Solver time              :	17 s


                      ------------------------------------------------------------------------------
2026-08-08 23:20:16     Delta calculation        
2026-08-08 23:20:16     All S-Parameters         :	0.000330219
2026-08-08 23:20:16   

                      ------------------------------------------------------------------------------
2026-08-08 23:20:26   Adaptive mesh refinement pass 3

                      ------------------------------------------------------------------------------
2026-08-08 23:21:06     Matrix setup time        :	6 s
                        Solver setup             :	16 s
                        Degrees of freedom       :	2704430
                        Number of mesh cells     :	412406

                        Stimulation port         :	Zmin
                        Mode number              :	1
                        Accuracy                 :	8.73038e-05
                        Iterations               :	10
                        Solver time              :	16 s


                      ------------------------------------------------------------------------------
2026-08-08 23:21:07     Delta calculation        
2026-08-08 23:21:07     All S-Parameters         :	0.000103087
2026-08-08 23:21:07   

                      ------------------------------------------------------------------------------
2026-08-08 23:21:07   Mesh adaptation terminated because the desired accuracy limit is reached.

                      ------------------------------------------------------------------------------
2026-08-08 23:21:07     Total time               :	141 s	 (= 0 h, 02 m, 21 s)

                      ------------------------------------------------------------------------------
2026-08-08 23:21:07   

                      ------------------------------------------------------------------------------
2026-08-08 23:21:07     Calculation 39 (Frequency: 18.736 THz, Theta: 0, Phi: 0)


                      ------------------------------------------------------------------------------
2026-08-08 23:21:07   Running the PortModeSolver.

                      ------------------------------------------------------------------------------
2026-08-08 23:21:09   Adaptive mesh refinement pass 1

                      ------------------------------------------------------------------------------
2026-08-08 23:21:50     Matrix setup time        :	3 s
                        Solver setup             :	14 s
                        Degrees of freedom       :	2704430
                        Number of mesh cells     :	412406

                        Stimulation port         :	Zmin
                        Mode number              :	1
                        Accuracy                 :	7.34942e-05
                        Iterations               :	15
                        Solver time              :	24 s


                      ------------------------------------------------------------------------------
2026-08-08 23:21:51   The input reflection seems to be large at 18.736 THz, Theta: 0, Phi: 0.  More...

                      ------------------------------------------------------------------------------
2026-08-08 23:22:02   Adaptive mesh refinement pass 2

                      ------------------------------------------------------------------------------
2026-08-08 23:22:52     Matrix setup time        :	6 s
                        Solver setup             :	17 s
                        Degrees of freedom       :	2738966
                        Number of mesh cells     :	417664

                        Stimulation port         :	Zmin
                        Mode number              :	1
                        Accuracy                 :	7.15965e-05
                        Iterations               :	15
                        Solver time              :	25 s


                      ------------------------------------------------------------------------------
2026-08-08 23:22:53     Delta calculation        
2026-08-08 23:22:53     All S-Parameters         :	0.000191074
2026-08-08 23:22:53   

                      ------------------------------------------------------------------------------
2026-08-08 23:23:03   Adaptive mesh refinement pass 3

                      ------------------------------------------------------------------------------
2026-08-08 23:23:52     Matrix setup time        :	6 s
                        Solver setup             :	16 s
                        Degrees of freedom       :	2773330
                        Number of mesh cells     :	422885

                        Stimulation port         :	Zmin
                        Mode number              :	1
                        Accuracy                 :	6.95366e-05
                        Iterations               :	15
                        Solver time              :	25 s


                      ------------------------------------------------------------------------------
2026-08-08 23:23:53     Delta calculation        
2026-08-08 23:23:53     All S-Parameters         :	0.000128292
2026-08-08 23:23:53   

                      ------------------------------------------------------------------------------
2026-08-08 23:23:53   Mesh adaptation terminated because the desired accuracy limit is reached.

                      ------------------------------------------------------------------------------
2026-08-08 23:23:53     Total time               :	165 s	 (= 0 h, 02 m, 45 s)

                      ------------------------------------------------------------------------------
2026-08-08 23:23:53   

                      ------------------------------------------------------------------------------
2026-08-08 23:23:53     Calculation 40 (Frequency: 32.152 THz, Theta: 0, Phi: 0)


                      ------------------------------------------------------------------------------
2026-08-08 23:23:53   Running the PortModeSolver.

                      ------------------------------------------------------------------------------
2026-08-08 23:23:55   Adaptive mesh refinement pass 1

                      ------------------------------------------------------------------------------
2026-08-08 23:24:27     Matrix setup time        :	3 s
                        Solver setup             :	14 s
                        Degrees of freedom       :	2773330
                        Number of mesh cells     :	422885

                        Stimulation port         :	Zmin
                        Mode number              :	1
                        Accuracy                 :	7.98496e-05
                        Iterations               :	9
                        Solver time              :	15 s


                      ------------------------------------------------------------------------------
2026-08-08 23:24:39   Adaptive mesh refinement pass 2

                      ------------------------------------------------------------------------------
2026-08-08 23:25:23     Matrix setup time        :	6 s
                        Solver setup             :	20 s
                        Degrees of freedom       :	2806404
                        Number of mesh cells     :	428004

                        Stimulation port         :	Zmin
                        Mode number              :	1
                        Accuracy                 :	7.42231e-05
                        Iterations               :	9
                        Solver time              :	17 s


                      ------------------------------------------------------------------------------
2026-08-08 23:25:24     Delta calculation        
2026-08-08 23:25:24     All S-Parameters         :	2.9085e-05
2026-08-08 23:25:24   

                      ------------------------------------------------------------------------------
2026-08-08 23:25:35   Adaptive mesh refinement pass 3

                      ------------------------------------------------------------------------------
2026-08-08 23:26:18     Matrix setup time        :	6 s
                        Solver setup             :	19 s
                        Degrees of freedom       :	2839430
                        Number of mesh cells     :	433110

                        Stimulation port         :	Zmin
                        Mode number              :	1
                        Accuracy                 :	6.9015e-05
                        Iterations               :	9
                        Solver time              :	16 s


                      ------------------------------------------------------------------------------
2026-08-08 23:26:19     Delta calculation        
2026-08-08 23:26:19     All S-Parameters         :	7.0156e-05
2026-08-08 23:26:19   

                      ------------------------------------------------------------------------------
2026-08-08 23:26:19   Mesh adaptation terminated because the desired accuracy limit is reached.

                      ------------------------------------------------------------------------------
2026-08-08 23:26:20     Total time               :	146 s	 (= 0 h, 02 m, 26 s)

                      ------------------------------------------------------------------------------
2026-08-08 23:26:20   

                      ------------------------------------------------------------------------------
2026-08-08 23:26:20     Calculation 41 (Frequency: 18.808 THz, Theta: 0, Phi: 0)


                      ------------------------------------------------------------------------------
2026-08-08 23:26:20   Running the PortModeSolver.

                      ------------------------------------------------------------------------------
2026-08-08 23:26:21   Adaptive mesh refinement pass 1

                      ------------------------------------------------------------------------------
2026-08-08 23:27:00     Matrix setup time        :	3 s
                        Solver setup             :	16 s
                        Degrees of freedom       :	2839430
                        Number of mesh cells     :	433110

                        Stimulation port         :	Zmin
                        Mode number              :	1
                        Accuracy                 :	6.7766e-05
                        Iterations               :	10
                        Solver time              :	18 s


                      ------------------------------------------------------------------------------
2026-08-08 23:27:12   Adaptive mesh refinement pass 2

                      ------------------------------------------------------------------------------
2026-08-08 23:27:57     Matrix setup time        :	6 s
                        Solver setup             :	19 s
                        Degrees of freedom       :	2873600
                        Number of mesh cells     :	438318

                        Stimulation port         :	Zmin
                        Mode number              :	1
                        Accuracy                 :	6.77847e-05
                        Iterations               :	10
                        Solver time              :	18 s


                      ------------------------------------------------------------------------------
2026-08-08 23:27:59     Delta calculation        
2026-08-08 23:27:59     All S-Parameters         :	6.94062e-05
2026-08-08 23:27:59   

                      ------------------------------------------------------------------------------
2026-08-08 23:28:10   Adaptive mesh refinement pass 3

                      ------------------------------------------------------------------------------
2026-08-08 23:28:55     Matrix setup time        :	7 s
                        Solver setup             :	19 s
                        Degrees of freedom       :	2907888
                        Number of mesh cells     :	443548

                        Stimulation port         :	Zmin
                        Mode number              :	1
                        Accuracy                 :	6.24895e-05
                        Iterations               :	10
                        Solver time              :	18 s


                      ------------------------------------------------------------------------------
2026-08-08 23:28:56     Delta calculation        
2026-08-08 23:28:56     All S-Parameters         :	9.41076e-05
2026-08-08 23:28:56   

                      ------------------------------------------------------------------------------
2026-08-08 23:28:56   Mesh adaptation terminated because the desired accuracy limit is reached.

                      ------------------------------------------------------------------------------
2026-08-08 23:28:57     Total time               :	156 s	 (= 0 h, 02 m, 36 s)

                      ------------------------------------------------------------------------------
2026-08-08 23:28:57   

                      ------------------------------------------------------------------------------
2026-08-08 23:28:57     Calculation 42 (Frequency: 19.072 THz, Theta: 0, Phi: 0)


                      ------------------------------------------------------------------------------
2026-08-08 23:28:57   Running the PortModeSolver.

                      ------------------------------------------------------------------------------
2026-08-08 23:28:58   Adaptive mesh refinement pass 1

                      ------------------------------------------------------------------------------
2026-08-08 23:29:34     Matrix setup time        :	3 s
                        Solver setup             :	16 s
                        Degrees of freedom       :	2907888
                        Number of mesh cells     :	443548

                        Stimulation port         :	Zmin
                        Mode number              :	1
                        Accuracy                 :	5.52047e-05
                        Iterations               :	8
                        Solver time              :	15 s


                      ------------------------------------------------------------------------------
2026-08-08 23:29:46   Adaptive mesh refinement pass 2

                      ------------------------------------------------------------------------------
2026-08-08 23:30:31     Matrix setup time        :	7 s
                        Solver setup             :	19 s
                        Degrees of freedom       :	2941848
                        Number of mesh cells     :	448739

                        Stimulation port         :	Zmin
                        Mode number              :	1
                        Accuracy                 :	5.36241e-05
                        Iterations               :	10
                        Solver time              :	18 s


                      ------------------------------------------------------------------------------
2026-08-08 23:30:32     Delta calculation        
2026-08-08 23:30:32     All S-Parameters         :	3.8418e-05
2026-08-08 23:30:32   

                      ------------------------------------------------------------------------------
2026-08-08 23:30:43   Adaptive mesh refinement pass 3

                      ------------------------------------------------------------------------------
2026-08-08 23:31:29     Matrix setup time        :	7 s
                        Solver setup             :	19 s
                        Degrees of freedom       :	2975978
                        Number of mesh cells     :	453942

                        Stimulation port         :	Zmin
                        Mode number              :	1
                        Accuracy                 :	5.31546e-05
                        Iterations               :	10
                        Solver time              :	19 s


                      ------------------------------------------------------------------------------
2026-08-08 23:31:30     Delta calculation        
2026-08-08 23:31:30     All S-Parameters         :	7.68518e-05
2026-08-08 23:31:30   

                      ------------------------------------------------------------------------------
2026-08-08 23:31:30   Mesh adaptation terminated because the desired accuracy limit is reached.

                      ------------------------------------------------------------------------------
2026-08-08 23:31:30     Total time               :	153 s	 (= 0 h, 02 m, 33 s)

                      ------------------------------------------------------------------------------
2026-08-08 23:31:30   

                      ------------------------------------------------------------------------------
2026-08-08 23:31:30     Calculation 43 (Frequency: 18.664 THz, Theta: 0, Phi: 0)


                      ------------------------------------------------------------------------------
2026-08-08 23:31:30   Running the PortModeSolver.

                      ------------------------------------------------------------------------------
2026-08-08 23:31:32   Adaptive mesh refinement pass 1

                      ------------------------------------------------------------------------------
2026-08-08 23:32:07     Matrix setup time        :	3 s
                        Solver setup             :	15 s
                        Degrees of freedom       :	2975978
                        Number of mesh cells     :	453942

                        Stimulation port         :	Zmin
                        Mode number              :	1
                        Accuracy                 :	9.33052e-05
                        Iterations               :	8
                        Solver time              :	15 s


                      ------------------------------------------------------------------------------
2026-08-08 23:32:08   The input reflection seems to be large at 18.664 THz, Theta: 0, Phi: 0.  More...

                      ------------------------------------------------------------------------------
2026-08-08 23:32:18   Adaptive mesh refinement pass 2

                      ------------------------------------------------------------------------------
2026-08-08 23:33:01     Matrix setup time        :	6 s
                        Solver setup             :	18 s
                        Degrees of freedom       :	3009848
                        Number of mesh cells     :	459117

                        Stimulation port         :	Zmin
                        Mode number              :	1
                        Accuracy                 :	7.73588e-05
                        Iterations               :	10
                        Solver time              :	17 s


                      ------------------------------------------------------------------------------
2026-08-08 23:33:02     Delta calculation        
2026-08-08 23:33:02     All S-Parameters         :	8.01916e-05
2026-08-08 23:33:02   

                      ------------------------------------------------------------------------------
2026-08-08 23:33:13   Adaptive mesh refinement pass 3

                      ------------------------------------------------------------------------------
2026-08-08 23:33:54     Matrix setup time        :	6 s
                        Solver setup             :	17 s
                        Degrees of freedom       :	3043828
                        Number of mesh cells     :	464314

                        Stimulation port         :	Zmin
                        Mode number              :	1
                        Accuracy                 :	7.82144e-05
                        Iterations               :	10
                        Solver time              :	16 s


                      ------------------------------------------------------------------------------
2026-08-08 23:33:55     Delta calculation        
2026-08-08 23:33:55     All S-Parameters         :	4.43592e-05
2026-08-08 23:33:55   

                      ------------------------------------------------------------------------------
2026-08-08 23:33:55   Mesh adaptation terminated because the desired accuracy limit is reached.

                      ------------------------------------------------------------------------------
2026-08-08 23:33:55     Total time               :	144 s	 (= 0 h, 02 m, 24 s)

                      ------------------------------------------------------------------------------
2026-08-08 23:33:55   

                      ------------------------------------------------------------------------------
2026-08-08 23:33:55     Calculation 44 (Frequency: 18.472 THz, Theta: 0, Phi: 0)


                      ------------------------------------------------------------------------------
2026-08-08 23:33:55   Running the PortModeSolver.

                      ------------------------------------------------------------------------------
2026-08-08 23:33:57   Adaptive mesh refinement pass 1

                      ------------------------------------------------------------------------------
2026-08-08 23:34:29     Matrix setup time        :	3 s
                        Solver setup             :	14 s
                        Degrees of freedom       :	3043828
                        Number of mesh cells     :	464314

                        Stimulation port         :	Zmin
                        Mode number              :	1
                        Accuracy                 :	5.05661e-05
                        Iterations               :	9
                        Solver time              :	14 s


                      ------------------------------------------------------------------------------
2026-08-08 23:34:30   The input reflection seems to be large at 18.472 THz, Theta: 0, Phi: 0.  More...

                      ------------------------------------------------------------------------------
2026-08-08 23:34:41   Adaptive mesh refinement pass 2

                      ------------------------------------------------------------------------------
2026-08-08 23:35:25     Matrix setup time        :	6 s
                        Solver setup             :	18 s
                        Degrees of freedom       :	3077794
                        Number of mesh cells     :	469491

                        Stimulation port         :	Zmin
                        Mode number              :	1
                        Accuracy                 :	6.32453e-05
                        Iterations               :	10
                        Solver time              :	17 s


                      ------------------------------------------------------------------------------
2026-08-08 23:35:26     Delta calculation        
2026-08-08 23:35:26     All S-Parameters         :	0.000149457
2026-08-08 23:35:26   

                      ------------------------------------------------------------------------------
2026-08-08 23:35:36   Adaptive mesh refinement pass 3

                      ------------------------------------------------------------------------------
2026-08-08 23:36:20     Matrix setup time        :	6 s
                        Solver setup             :	19 s
                        Degrees of freedom       :	3111866
                        Number of mesh cells     :	474690

                        Stimulation port         :	Zmin
                        Mode number              :	1
                        Accuracy                 :	6.20803e-05
                        Iterations               :	10
                        Solver time              :	17 s


                      ------------------------------------------------------------------------------
2026-08-08 23:36:21     Delta calculation        
2026-08-08 23:36:21     All S-Parameters         :	6.44666e-05
2026-08-08 23:36:21   

                      ------------------------------------------------------------------------------
2026-08-08 23:36:21   Mesh adaptation terminated because the desired accuracy limit is reached.

                      ------------------------------------------------------------------------------
2026-08-08 23:36:21     Total time               :	146 s	 (= 0 h, 02 m, 26 s)

                      ------------------------------------------------------------------------------
2026-08-08 23:36:21   

                      ------------------------------------------------------------------------------
2026-08-08 23:36:21     Calculation 45 (Frequency: 18.76 THz, Theta: 0, Phi: 0)


                      ------------------------------------------------------------------------------
2026-08-08 23:36:21   Running the PortModeSolver.

                      ------------------------------------------------------------------------------
2026-08-08 23:36:23   Adaptive mesh refinement pass 1

                      ------------------------------------------------------------------------------
2026-08-08 23:36:57     Matrix setup time        :	3 s
                        Solver setup             :	15 s
                        Degrees of freedom       :	3111866
                        Number of mesh cells     :	474690

                        Stimulation port         :	Zmin
                        Mode number              :	1
                        Accuracy                 :	8.47192e-05
                        Iterations               :	9
                        Solver time              :	15 s


                      ------------------------------------------------------------------------------
2026-08-08 23:36:59   The input reflection seems to be large at 18.76 THz, Theta: 0, Phi: 0.  More...

                      ------------------------------------------------------------------------------
2026-08-08 23:37:10   Adaptive mesh refinement pass 2

                      ------------------------------------------------------------------------------
2026-08-08 23:37:56     Matrix setup time        :	6 s
                        Solver setup             :	20 s
                        Degrees of freedom       :	3145786
                        Number of mesh cells     :	479876

                        Stimulation port         :	Zmin
                        Mode number              :	1
                        Accuracy                 :	7.59992e-05
                        Iterations               :	10
                        Solver time              :	18 s


                      ------------------------------------------------------------------------------
2026-08-08 23:37:57     Delta calculation        
2026-08-08 23:37:57     All S-Parameters         :	7.09218e-05
2026-08-08 23:37:57   

                      ------------------------------------------------------------------------------
2026-08-08 23:38:08   Adaptive mesh refinement pass 3

                      ------------------------------------------------------------------------------
2026-08-08 23:38:53     Matrix setup time        :	7 s
                        Solver setup             :	19 s
                        Degrees of freedom       :	3180168
                        Number of mesh cells     :	485117

                        Stimulation port         :	Zmin
                        Mode number              :	1
                        Accuracy                 :	7.1173e-05
                        Iterations               :	10
                        Solver time              :	18 s


                      ------------------------------------------------------------------------------
2026-08-08 23:38:54     Delta calculation        
2026-08-08 23:38:54     All S-Parameters         :	4.56644e-05
2026-08-08 23:38:54   

                      ------------------------------------------------------------------------------
2026-08-08 23:38:54   Mesh adaptation terminated because the desired accuracy limit is reached.

                      ------------------------------------------------------------------------------
2026-08-08 23:38:54     Total time               :	152 s	 (= 0 h, 02 m, 32 s)

                      ------------------------------------------------------------------------------
2026-08-08 23:38:54   

                      ------------------------------------------------------------------------------
2026-08-08 23:38:54     Calculation 46 (Frequency: 20.392 THz, Theta: 0, Phi: 0)


                      ------------------------------------------------------------------------------
2026-08-08 23:38:54   Running the PortModeSolver.

                      ------------------------------------------------------------------------------
2026-08-08 23:38:56   Adaptive mesh refinement pass 1

                      ------------------------------------------------------------------------------
2026-08-08 23:39:33     Matrix setup time        :	3 s
                        Solver setup             :	15 s
                        Degrees of freedom       :	3180168
                        Number of mesh cells     :	485117

                        Stimulation port         :	Zmin
                        Mode number              :	1
                        Accuracy                 :	9.60017e-05
                        Iterations               :	10
                        Solver time              :	18 s


                      ------------------------------------------------------------------------------
2026-08-08 23:39:44   Adaptive mesh refinement pass 2

                      ------------------------------------------------------------------------------
2026-08-08 23:40:31     Matrix setup time        :	7 s
                        Solver setup             :	19 s
                        Degrees of freedom       :	3214318
                        Number of mesh cells     :	490335

                        Stimulation port         :	Zmin
                        Mode number              :	1
                        Accuracy                 :	3.66161e-05
                        Iterations               :	11
                        Solver time              :	19 s


                      ------------------------------------------------------------------------------
2026-08-08 23:40:32     Delta calculation        
2026-08-08 23:40:32     All S-Parameters         :	0.000351045
2026-08-08 23:40:32   

                      ------------------------------------------------------------------------------
2026-08-08 23:40:43   Adaptive mesh refinement pass 3

                      ------------------------------------------------------------------------------
2026-08-08 23:41:32     Matrix setup time        :	7 s
                        Solver setup             :	22 s
                        Degrees of freedom       :	3248134
                        Number of mesh cells     :	495504

                        Stimulation port         :	Zmin
                        Mode number              :	1
                        Accuracy                 :	8.07722e-05
                        Iterations               :	10
                        Solver time              :	18 s


                      ------------------------------------------------------------------------------
2026-08-08 23:41:33     Delta calculation        
2026-08-08 23:41:33     All S-Parameters         :	8.13795e-05
2026-08-08 23:41:33   

                      ------------------------------------------------------------------------------
2026-08-08 23:41:33   Mesh adaptation terminated because the desired accuracy limit is reached.

                      ------------------------------------------------------------------------------
2026-08-08 23:41:33     Total time               :	158 s	 (= 0 h, 02 m, 38 s)

                      ------------------------------------------------------------------------------
2026-08-08 23:41:33   

                      ------------------------------------------------------------------------------
2026-08-08 23:41:33     Calculation 47 (Frequency: 22.072 THz, Theta: 0, Phi: 0)


                      ------------------------------------------------------------------------------
2026-08-08 23:41:33   Running the PortModeSolver.

                      ------------------------------------------------------------------------------
2026-08-08 23:41:34   Adaptive mesh refinement pass 1

                      ------------------------------------------------------------------------------
2026-08-08 23:42:14     Matrix setup time        :	3 s
                        Solver setup             :	18 s
                        Degrees of freedom       :	3248134
                        Number of mesh cells     :	495504

                        Stimulation port         :	Zmin
                        Mode number              :	1
                        Accuracy                 :	8.93961e-05
                        Iterations               :	9
                        Solver time              :	17 s


                      ------------------------------------------------------------------------------
2026-08-08 23:42:27   Adaptive mesh refinement pass 2

                      ------------------------------------------------------------------------------
2026-08-08 23:43:15     Matrix setup time        :	7 s
                        Solver setup             :	23 s
                        Degrees of freedom       :	3282352
                        Number of mesh cells     :	500739

                        Stimulation port         :	Zmin
                        Mode number              :	1
                        Accuracy                 :	5.98676e-05
                        Iterations               :	9
                        Solver time              :	17 s


                      ------------------------------------------------------------------------------
2026-08-08 23:43:16     Delta calculation        
2026-08-08 23:43:16     All S-Parameters         :	0.000121641
2026-08-08 23:43:16   

                      ------------------------------------------------------------------------------
2026-08-08 23:43:27   Adaptive mesh refinement pass 3

                      ------------------------------------------------------------------------------
2026-08-08 23:44:13     Matrix setup time        :	7 s
                        Solver setup             :	21 s
                        Degrees of freedom       :	3316680
                        Number of mesh cells     :	505972

                        Stimulation port         :	Zmin
                        Mode number              :	1
                        Accuracy                 :	5.66588e-05
                        Iterations               :	9
                        Solver time              :	17 s


                      ------------------------------------------------------------------------------
2026-08-08 23:44:15     Delta calculation        
2026-08-08 23:44:15     All S-Parameters         :	8.69222e-05
2026-08-08 23:44:15   

                      ------------------------------------------------------------------------------
2026-08-08 23:44:15   Mesh adaptation terminated because the desired accuracy limit is reached.

                      ------------------------------------------------------------------------------
2026-08-08 23:44:15     Total time               :	161 s	 (= 0 h, 02 m, 41 s)

                      ------------------------------------------------------------------------------
2026-08-08 23:44:15   

                      ------------------------------------------------------------------------------
2026-08-08 23:44:15     Calculation 48 (Frequency: 21.112 THz, Theta: 0, Phi: 0)


                      ------------------------------------------------------------------------------
2026-08-08 23:44:15   Running the PortModeSolver.

                      ------------------------------------------------------------------------------
2026-08-08 23:44:16   Adaptive mesh refinement pass 1

                      ------------------------------------------------------------------------------
2026-08-08 23:44:55     Matrix setup time        :	3 s
                        Solver setup             :	17 s
                        Degrees of freedom       :	3316680
                        Number of mesh cells     :	505972

                        Stimulation port         :	Zmin
                        Mode number              :	1
                        Accuracy                 :	5.48396e-05
                        Iterations               :	9
                        Solver time              :	17 s


                      ------------------------------------------------------------------------------
2026-08-08 23:45:08   Adaptive mesh refinement pass 2

                      ------------------------------------------------------------------------------
2026-08-08 23:45:54     Matrix setup time        :	7 s
                        Solver setup             :	21 s
                        Degrees of freedom       :	3350666
                        Number of mesh cells     :	511171

                        Stimulation port         :	Zmin
                        Mode number              :	1
                        Accuracy                 :	6.70359e-05
                        Iterations               :	9
                        Solver time              :	17 s


                      ------------------------------------------------------------------------------
2026-08-08 23:45:56     Delta calculation        
2026-08-08 23:45:56     All S-Parameters         :	0.000127485
2026-08-08 23:45:56   

                      ------------------------------------------------------------------------------
2026-08-08 23:46:07   Adaptive mesh refinement pass 3

                      ------------------------------------------------------------------------------
2026-08-08 23:46:51     Matrix setup time        :	7 s
                        Solver setup             :	19 s
                        Degrees of freedom       :	3384860
                        Number of mesh cells     :	516391

                        Stimulation port         :	Zmin
                        Mode number              :	1
                        Accuracy                 :	6.34791e-05
                        Iterations               :	9
                        Solver time              :	16 s


                      ------------------------------------------------------------------------------
2026-08-08 23:46:52     Delta calculation        
2026-08-08 23:46:52     All S-Parameters         :	6.78325e-05
2026-08-08 23:46:52   

                      ------------------------------------------------------------------------------
2026-08-08 23:46:52   Mesh adaptation terminated because the desired accuracy limit is reached.

                      ------------------------------------------------------------------------------
2026-08-08 23:46:53     Total time               :	157 s	 (= 0 h, 02 m, 37 s)

                      ------------------------------------------------------------------------------
2026-08-08 23:46:53   

                      ------------------------------------------------------------------------------
2026-08-08 23:46:53     Calculation 49 (Frequency: 26.512 THz, Theta: 0, Phi: 0)


                      ------------------------------------------------------------------------------
2026-08-08 23:46:53   Running the PortModeSolver.

                      ------------------------------------------------------------------------------
2026-08-08 23:46:54   Adaptive mesh refinement pass 1

                      ------------------------------------------------------------------------------
2026-08-08 23:47:43     Matrix setup time        :	3 s
                        Solver setup             :	15 s
                        Degrees of freedom       :	3384860
                        Number of mesh cells     :	516391

                        Stimulation port         :	Zmin
                        Mode number              :	1
                        Accuracy                 :	9.74107e-05
                        Iterations               :	16
                        Solver time              :	29 s


                      ------------------------------------------------------------------------------
2026-08-08 23:47:55   Adaptive mesh refinement pass 2

                      ------------------------------------------------------------------------------
2026-08-08 23:48:54     Matrix setup time        :	7 s
                        Solver setup             :	20 s
                        Degrees of freedom       :	3417924
                        Number of mesh cells     :	521488

                        Stimulation port         :	Zmin
                        Mode number              :	1
                        Accuracy                 :	6.93083e-05
                        Iterations               :	16
                        Solver time              :	30 s


                      ------------------------------------------------------------------------------
2026-08-08 23:48:55     Delta calculation        
2026-08-08 23:48:55     All S-Parameters         :	8.57059e-05
2026-08-08 23:48:55   

                      ------------------------------------------------------------------------------
2026-08-08 23:49:07   Adaptive mesh refinement pass 3

                      ------------------------------------------------------------------------------
2026-08-08 23:50:09     Matrix setup time        :	7 s
                        Solver setup             :	22 s
                        Degrees of freedom       :	3450962
                        Number of mesh cells     :	526582

                        Stimulation port         :	Zmin
                        Mode number              :	1
                        Accuracy                 :	5.55872e-05
                        Iterations               :	17
                        Solver time              :	32 s


                      ------------------------------------------------------------------------------
2026-08-08 23:50:10     Delta calculation        
2026-08-08 23:50:10     All S-Parameters         :	0.000137719
2026-08-08 23:50:10   

                      ------------------------------------------------------------------------------
2026-08-08 23:50:10   Mesh adaptation terminated because the desired accuracy limit is reached.

                      ------------------------------------------------------------------------------
2026-08-08 23:50:10     Total time               :	197 s	 (= 0 h, 03 m, 17 s)

                      ------------------------------------------------------------------------------
2026-08-08 23:50:10   

                      ------------------------------------------------------------------------------
2026-08-08 23:50:10     Calculation 50 (Frequency: 23.032 THz, Theta: 0, Phi: 0)


                      ------------------------------------------------------------------------------
2026-08-08 23:50:10   Running the PortModeSolver.

                      ------------------------------------------------------------------------------
2026-08-08 23:50:12   Adaptive mesh refinement pass 1

                      ------------------------------------------------------------------------------
2026-08-08 23:50:51     Matrix setup time        :	3 s
                        Solver setup             :	18 s
                        Degrees of freedom       :	3450962
                        Number of mesh cells     :	526582

                        Stimulation port         :	Zmin
                        Mode number              :	1
                        Accuracy                 :	8.34072e-05
                        Iterations               :	9
                        Solver time              :	17 s


                      ------------------------------------------------------------------------------
2026-08-08 23:50:53   The input reflection seems to be large at 23.032 THz, Theta: 0, Phi: 0.  More...

                      ------------------------------------------------------------------------------
2026-08-08 23:51:04   Adaptive mesh refinement pass 2

                      ------------------------------------------------------------------------------
2026-08-08 23:51:55     Matrix setup time        :	7 s
                        Solver setup             :	24 s
                        Degrees of freedom       :	3483796
                        Number of mesh cells     :	531673

                        Stimulation port         :	Zmin
                        Mode number              :	1
                        Accuracy                 :	8.13212e-05
                        Iterations               :	9
                        Solver time              :	18 s


                      ------------------------------------------------------------------------------
2026-08-08 23:51:56     Delta calculation        
2026-08-08 23:51:56     All S-Parameters         :	4.1465e-05
2026-08-08 23:51:56   

                      ------------------------------------------------------------------------------
2026-08-08 23:52:08   Adaptive mesh refinement pass 3

                      ------------------------------------------------------------------------------
2026-08-08 23:52:55     Matrix setup time        :	7 s
                        Solver setup             :	20 s
                        Degrees of freedom       :	3517414
                        Number of mesh cells     :	536840

                        Stimulation port         :	Zmin
                        Mode number              :	1
                        Accuracy                 :	7.45342e-05
                        Iterations               :	9
                        Solver time              :	17 s


                      ------------------------------------------------------------------------------
2026-08-08 23:52:56     Delta calculation        
2026-08-08 23:52:56     All S-Parameters         :	4.33043e-05
2026-08-08 23:52:56   

                      ------------------------------------------------------------------------------
2026-08-08 23:52:56   Mesh adaptation terminated because the desired accuracy limit is reached.

                      ------------------------------------------------------------------------------
2026-08-08 23:52:57     Total time               :	165 s	 (= 0 h, 02 m, 45 s)

                      ------------------------------------------------------------------------------
2026-08-08 23:52:57   

                      ------------------------------------------------------------------------------
2026-08-08 23:52:57     Calculation 51 (Frequency: 21.52 THz, Theta: 0, Phi: 0)


                      ------------------------------------------------------------------------------
2026-08-08 23:52:57   Running the PortModeSolver.

                      ------------------------------------------------------------------------------
2026-08-08 23:52:58   Adaptive mesh refinement pass 1

                      ------------------------------------------------------------------------------
2026-08-08 23:53:37     Matrix setup time        :	3 s
                        Solver setup             :	17 s
                        Degrees of freedom       :	3517414
                        Number of mesh cells     :	536840

                        Stimulation port         :	Zmin
                        Mode number              :	1
                        Accuracy                 :	6.08965e-05
                        Iterations               :	9
                        Solver time              :	17 s


                      ------------------------------------------------------------------------------
2026-08-08 23:53:50   Adaptive mesh refinement pass 2

                      ------------------------------------------------------------------------------
2026-08-08 23:54:44     Matrix setup time        :	8 s
                        Solver setup             :	25 s
                        Degrees of freedom       :	3551398
                        Number of mesh cells     :	542024

                        Stimulation port         :	Zmin
                        Mode number              :	1
                        Accuracy                 :	5.78662e-05
                        Iterations               :	9
                        Solver time              :	19 s


                      ------------------------------------------------------------------------------
2026-08-08 23:54:45     Delta calculation        
2026-08-08 23:54:45     All S-Parameters         :	6.3751e-05
2026-08-08 23:54:45   

                      ------------------------------------------------------------------------------
2026-08-08 23:54:57   Adaptive mesh refinement pass 3

                      ------------------------------------------------------------------------------
2026-08-08 23:55:48     Matrix setup time        :	8 s
                        Solver setup             :	24 s
                        Degrees of freedom       :	3585402
                        Number of mesh cells     :	547216

                        Stimulation port         :	Zmin
                        Mode number              :	1
                        Accuracy                 :	5.52955e-05
                        Iterations               :	9
                        Solver time              :	18 s


                      ------------------------------------------------------------------------------
2026-08-08 23:55:49     Delta calculation        
2026-08-08 23:55:49     All S-Parameters         :	5.44349e-05
2026-08-08 23:55:49   

                      ------------------------------------------------------------------------------
2026-08-08 23:55:49   Mesh adaptation terminated because the desired accuracy limit is reached.

                      ------------------------------------------------------------------------------
2026-08-08 23:55:49     Total time               :	172 s	 (= 0 h, 02 m, 52 s)

                      ------------------------------------------------------------------------------
2026-08-08 23:55:49   

                      ------------------------------------------------------------------------------
2026-08-08 23:55:49     Calculation 52 (Frequency: 19.816 THz, Theta: 0, Phi: 0)


                      ------------------------------------------------------------------------------
2026-08-08 23:55:49   Running the PortModeSolver.

                      ------------------------------------------------------------------------------
2026-08-08 23:55:51   Adaptive mesh refinement pass 1

                      ------------------------------------------------------------------------------
2026-08-08 23:56:33     Matrix setup time        :	3 s
                        Solver setup             :	20 s
                        Degrees of freedom       :	3585402
                        Number of mesh cells     :	547216

                        Stimulation port         :	Zmin
                        Mode number              :	1
                        Accuracy                 :	5.7835e-05
                        Iterations               :	9
                        Solver time              :	18 s


                      ------------------------------------------------------------------------------
2026-08-08 23:56:47   Adaptive mesh refinement pass 2

                      ------------------------------------------------------------------------------
2026-08-08 23:57:37     Matrix setup time        :	8 s
                        Solver setup             :	22 s
                        Degrees of freedom       :	3619022
                        Number of mesh cells     :	552396

                        Stimulation port         :	Zmin
                        Mode number              :	1
                        Accuracy                 :	5.83773e-05
                        Iterations               :	9
                        Solver time              :	18 s


                      ------------------------------------------------------------------------------
2026-08-08 23:57:38     Delta calculation        
2026-08-08 23:57:38     All S-Parameters         :	6.74994e-05
2026-08-08 23:57:38   

                      ------------------------------------------------------------------------------
2026-08-08 23:57:51   Adaptive mesh refinement pass 3

                      ------------------------------------------------------------------------------
2026-08-08 23:58:38     Matrix setup time        :	8 s
                        Solver setup             :	20 s
                        Degrees of freedom       :	3652710
                        Number of mesh cells     :	557555

                        Stimulation port         :	Zmin
                        Mode number              :	1
                        Accuracy                 :	5.77101e-05
                        Iterations               :	9
                        Solver time              :	18 s


                      ------------------------------------------------------------------------------
2026-08-08 23:58:40     Delta calculation        
2026-08-08 23:58:40     All S-Parameters         :	5.99366e-05
2026-08-08 23:58:40   

                      ------------------------------------------------------------------------------
2026-08-08 23:58:40   Mesh adaptation terminated because the desired accuracy limit is reached.

                      ------------------------------------------------------------------------------
2026-08-08 23:58:40     Total time               :	170 s	 (= 0 h, 02 m, 50 s)

                      ------------------------------------------------------------------------------
2026-08-08 23:58:40   

                      ------------------------------------------------------------------------------
2026-08-08 23:58:40     Calculation 53 (Frequency: 20.752 THz, Theta: 0, Phi: 0)


                      ------------------------------------------------------------------------------
2026-08-08 23:58:40   Running the PortModeSolver.

                      ------------------------------------------------------------------------------
2026-08-08 23:58:42   Adaptive mesh refinement pass 1

                      ------------------------------------------------------------------------------
2026-08-08 23:59:21     Matrix setup time        :	3 s
                        Solver setup             :	16 s
                        Degrees of freedom       :	3652710
                        Number of mesh cells     :	557555

                        Stimulation port         :	Zmin
                        Mode number              :	1
                        Accuracy                 :	5.97276e-05
                        Iterations               :	9
                        Solver time              :	18 s


                      ------------------------------------------------------------------------------
2026-08-08 23:59:34   Adaptive mesh refinement pass 2

                      ------------------------------------------------------------------------------
2026-08-09 00:00:27     Matrix setup time        :	8 s
                        Solver setup             :	24 s
                        Degrees of freedom       :	3686394
                        Number of mesh cells     :	562717

                        Stimulation port         :	Zmin
                        Mode number              :	1
                        Accuracy                 :	6.09272e-05
                        Iterations               :	9
                        Solver time              :	19 s


                      ------------------------------------------------------------------------------
2026-08-09 00:00:28     Delta calculation        
2026-08-09 00:00:28     All S-Parameters         :	6.77437e-05
2026-08-09 00:00:28   

                      ------------------------------------------------------------------------------
2026-08-09 00:00:41   Adaptive mesh refinement pass 3

                      ------------------------------------------------------------------------------
2026-08-09 00:01:33     Matrix setup time        :	8 s
                        Solver setup             :	23 s
                        Degrees of freedom       :	3720166
                        Number of mesh cells     :	567891

                        Stimulation port         :	Zmin
                        Mode number              :	1
                        Accuracy                 :	5.98584e-05
                        Iterations               :	9
                        Solver time              :	19 s


                      ------------------------------------------------------------------------------
2026-08-09 00:01:34     Delta calculation        
2026-08-09 00:01:34     All S-Parameters         :	6.10755e-05
2026-08-09 00:01:34   

                      ------------------------------------------------------------------------------
2026-08-09 00:01:34   Mesh adaptation terminated because the desired accuracy limit is reached.

                      ------------------------------------------------------------------------------
2026-08-09 00:01:34     Total time               :	173 s	 (= 0 h, 02 m, 53 s)

                      ------------------------------------------------------------------------------
2026-08-09 00:01:34   

                      ------------------------------------------------------------------------------
2026-08-09 00:01:34     Calculation 54 (Frequency: 18.952 THz, Theta: 0, Phi: 0)


                      ------------------------------------------------------------------------------
2026-08-09 00:01:34   Running the PortModeSolver.

                      ------------------------------------------------------------------------------
2026-08-09 00:01:36   Adaptive mesh refinement pass 1

                      ------------------------------------------------------------------------------
2026-08-09 00:02:18     Matrix setup time        :	3 s
                        Solver setup             :	18 s
                        Degrees of freedom       :	3720166
                        Number of mesh cells     :	567891

                        Stimulation port         :	Zmin
                        Mode number              :	1
                        Accuracy                 :	8.91091e-05
                        Iterations               :	9
                        Solver time              :	19 s


                      ------------------------------------------------------------------------------
2026-08-09 00:02:33   Adaptive mesh refinement pass 2

                      ------------------------------------------------------------------------------
2026-08-09 00:03:27     Matrix setup time        :	8 s
                        Solver setup             :	25 s
                        Degrees of freedom       :	3753920
                        Number of mesh cells     :	573060

                        Stimulation port         :	Zmin
                        Mode number              :	1
                        Accuracy                 :	9.28565e-05
                        Iterations               :	9
                        Solver time              :	19 s


                      ------------------------------------------------------------------------------
2026-08-09 00:03:29     Delta calculation        
2026-08-09 00:03:29     All S-Parameters         :	8.06159e-05
2026-08-09 00:03:29   

                      ------------------------------------------------------------------------------
2026-08-09 00:03:42   Adaptive mesh refinement pass 3

                      ------------------------------------------------------------------------------
2026-08-09 00:04:36     Matrix setup time        :	8 s
                        Solver setup             :	25 s
                        Degrees of freedom       :	3788044
                        Number of mesh cells     :	578241

                        Stimulation port         :	Zmin
                        Mode number              :	1
                        Accuracy                 :	8.72813e-05
                        Iterations               :	9
                        Solver time              :	20 s


                      ------------------------------------------------------------------------------
2026-08-09 00:04:38     Delta calculation        
2026-08-09 00:04:38     All S-Parameters         :	4.25949e-05
2026-08-09 00:04:38   

                      ------------------------------------------------------------------------------
2026-08-09 00:04:38   Mesh adaptation terminated because the desired accuracy limit is reached.

                      ------------------------------------------------------------------------------
2026-08-09 00:04:38     Total time               :	183 s	 (= 0 h, 03 m, 03 s)

                      ------------------------------------------------------------------------------
2026-08-09 00:04:38   

                      ------------------------------------------------------------------------------
2026-08-09 00:04:38     Calculation 55 (Frequency: 24.208 THz, Theta: 0, Phi: 0)


                      ------------------------------------------------------------------------------
2026-08-09 00:04:38   Running the PortModeSolver.

                      ------------------------------------------------------------------------------
2026-08-09 00:04:39   Adaptive mesh refinement pass 1

                      ------------------------------------------------------------------------------
2026-08-09 00:05:22     Matrix setup time        :	3 s
                        Solver setup             :	20 s
                        Degrees of freedom       :	3788044
                        Number of mesh cells     :	578241

                        Stimulation port         :	Zmin
                        Mode number              :	1
                        Accuracy                 :	8.82561e-05
                        Iterations               :	8
                        Solver time              :	17 s


                      ------------------------------------------------------------------------------
2026-08-09 00:05:23   The input reflection seems to be large at 24.208 THz, Theta: 0, Phi: 0.  More...

                      ------------------------------------------------------------------------------
2026-08-09 00:05:36   Adaptive mesh refinement pass 2

                      ------------------------------------------------------------------------------
2026-08-09 00:06:24     Matrix setup time        :	8 s
                        Solver setup             :	22 s
                        Degrees of freedom       :	3820542
                        Number of mesh cells     :	583271

                        Stimulation port         :	Zmin
                        Mode number              :	1
                        Accuracy                 :	8.83004e-05
                        Iterations               :	8
                        Solver time              :	16 s


                      ------------------------------------------------------------------------------
2026-08-09 00:06:25     Delta calculation        
2026-08-09 00:06:25     All S-Parameters         :	2.05758e-06
2026-08-09 00:06:25   

                      ------------------------------------------------------------------------------
2026-08-09 00:06:38   Adaptive mesh refinement pass 3

                      ------------------------------------------------------------------------------
2026-08-09 00:07:32     Matrix setup time        :	8 s
                        Solver setup             :	26 s
                        Degrees of freedom       :	3853236
                        Number of mesh cells     :	588325

                        Stimulation port         :	Zmin
                        Mode number              :	1
                        Accuracy                 :	9.15029e-05
                        Iterations               :	8
                        Solver time              :	18 s


                      ------------------------------------------------------------------------------
2026-08-09 00:07:34     Delta calculation        
2026-08-09 00:07:34     All S-Parameters         :	3.96957e-06
2026-08-09 00:07:34   

                      ------------------------------------------------------------------------------
2026-08-09 00:07:34   Mesh adaptation terminated because the desired accuracy limit is reached.

                      ------------------------------------------------------------------------------
2026-08-09 00:07:34     Total time               :	175 s	 (= 0 h, 02 m, 55 s)

                      ------------------------------------------------------------------------------
2026-08-09 00:07:34   

                      ------------------------------------------------------------------------------
2026-08-09 00:07:34     Calculation 56 (Frequency: 23.44 THz, Theta: 0, Phi: 0)


                      ------------------------------------------------------------------------------
2026-08-09 00:07:34   Running the PortModeSolver.

                      ------------------------------------------------------------------------------
2026-08-09 00:07:35   Adaptive mesh refinement pass 1

                      ------------------------------------------------------------------------------
2026-08-09 00:08:21     Matrix setup time        :	4 s
                        Solver setup             :	22 s
                        Degrees of freedom       :	3853236
                        Number of mesh cells     :	588325

                        Stimulation port         :	Zmin
                        Mode number              :	1
                        Accuracy                 :	6.35079e-05
                        Iterations               :	8
                        Solver time              :	18 s


                      ------------------------------------------------------------------------------
2026-08-09 00:08:23   The input reflection seems to be large at 23.44 THz, Theta: 0, Phi: 0.  More...

                      ------------------------------------------------------------------------------
2026-08-09 00:08:37   Adaptive mesh refinement pass 2

                      ------------------------------------------------------------------------------
2026-08-09 00:09:33     Matrix setup time        :	8 s
                        Solver setup             :	29 s
                        Degrees of freedom       :	3886266
                        Number of mesh cells     :	593436

                        Stimulation port         :	Zmin
                        Mode number              :	1
                        Accuracy                 :	8.47271e-05
                        Iterations               :	8
                        Solver time              :	18 s


                      ------------------------------------------------------------------------------
2026-08-09 00:09:35     Delta calculation        
2026-08-09 00:09:35     All S-Parameters         :	4.80186e-05
2026-08-09 00:09:35   

                      ------------------------------------------------------------------------------
2026-08-09 00:09:48   Adaptive mesh refinement pass 3

                      ------------------------------------------------------------------------------
2026-08-09 00:10:43     Matrix setup time        :	8 s
                        Solver setup             :	27 s
                        Degrees of freedom       :	3919472
                        Number of mesh cells     :	598577

                        Stimulation port         :	Zmin
                        Mode number              :	1
                        Accuracy                 :	8.36367e-05
                        Iterations               :	8
                        Solver time              :	18 s


                      ------------------------------------------------------------------------------
2026-08-09 00:10:44     Delta calculation        
2026-08-09 00:10:44     All S-Parameters         :	1.80179e-05
2026-08-09 00:10:44   

                      ------------------------------------------------------------------------------
2026-08-09 00:10:44   Mesh adaptation terminated because the desired accuracy limit is reached.

                      ------------------------------------------------------------------------------
2026-08-09 00:10:45     Total time               :	190 s	 (= 0 h, 03 m, 10 s)

                      ------------------------------------------------------------------------------
2026-08-09 00:10:45   

                      ------------------------------------------------------------------------------
2026-08-09 00:10:45     Calculation 57 (Frequency: 31.408 THz, Theta: 0, Phi: 0)


                      ------------------------------------------------------------------------------
2026-08-09 00:10:45   Running the PortModeSolver.

                      ------------------------------------------------------------------------------
2026-08-09 00:10:46   Adaptive mesh refinement pass 1

                      ------------------------------------------------------------------------------
2026-08-09 00:11:33     Matrix setup time        :	4 s
                        Solver setup             :	22 s
                        Degrees of freedom       :	3919472
                        Number of mesh cells     :	598577

                        Stimulation port         :	Zmin
                        Mode number              :	1
                        Accuracy                 :	6.17026e-05
                        Iterations               :	9
                        Solver time              :	20 s


                      ------------------------------------------------------------------------------
2026-08-09 00:11:47   Adaptive mesh refinement pass 2

                      ------------------------------------------------------------------------------
2026-08-09 00:12:39     Matrix setup time        :	8 s
                        Solver setup             :	26 s
                        Degrees of freedom       :	3952324
                        Number of mesh cells     :	603660

                        Stimulation port         :	Zmin
                        Mode number              :	1
                        Accuracy                 :	8.88778e-05
                        Iterations               :	8
                        Solver time              :	17 s


                      ------------------------------------------------------------------------------
2026-08-09 00:12:41     Delta calculation        
2026-08-09 00:12:41     All S-Parameters         :	6.5002e-05
2026-08-09 00:12:41   

                      ------------------------------------------------------------------------------
2026-08-09 00:12:54   Adaptive mesh refinement pass 3

                      ------------------------------------------------------------------------------
2026-08-09 00:13:55     Matrix setup time        :	8 s
                        Solver setup             :	32 s
                        Degrees of freedom       :	3984990
                        Number of mesh cells     :	608716

                        Stimulation port         :	Zmin
                        Mode number              :	1
                        Accuracy                 :	8.82145e-05
                        Iterations               :	8
                        Solver time              :	19 s


                      ------------------------------------------------------------------------------
2026-08-09 00:13:56     Delta calculation        
2026-08-09 00:13:56     All S-Parameters         :	1.18249e-05
2026-08-09 00:13:56   

                      ------------------------------------------------------------------------------
2026-08-09 00:13:56   Mesh adaptation terminated because the desired accuracy limit is reached.

                      ------------------------------------------------------------------------------
2026-08-09 00:13:57     Total time               :	191 s	 (= 0 h, 03 m, 11 s)

                      ------------------------------------------------------------------------------
2026-08-09 00:13:57   

                      ------------------------------------------------------------------------------
2026-08-09 00:13:57     Calculation 58 (Frequency: 25.624 THz, Theta: 0, Phi: 0)


                      ------------------------------------------------------------------------------
2026-08-09 00:13:57   Running the PortModeSolver.

                      ------------------------------------------------------------------------------
2026-08-09 00:13:58   Adaptive mesh refinement pass 1

                      ------------------------------------------------------------------------------
2026-08-09 00:14:53     Matrix setup time        :	4 s
                        Solver setup             :	27 s
                        Degrees of freedom       :	3984990
                        Number of mesh cells     :	608716

                        Stimulation port         :	Zmin
                        Mode number              :	1
                        Accuracy                 :	3.09831e-05
                        Iterations               :	10
                        Solver time              :	23 s


                      ------------------------------------------------------------------------------
2026-08-09 00:15:07   Adaptive mesh refinement pass 2

                      ------------------------------------------------------------------------------
2026-08-09 00:16:04     Matrix setup time        :	8 s
                        Solver setup             :	25 s
                        Degrees of freedom       :	4017664
                        Number of mesh cells     :	613799

                        Stimulation port         :	Zmin
                        Mode number              :	1
                        Accuracy                 :	3.07277e-05
                        Iterations               :	10
                        Solver time              :	22 s


                      ------------------------------------------------------------------------------
2026-08-09 00:16:05     Delta calculation        
2026-08-09 00:16:05     All S-Parameters         :	4.40261e-05
2026-08-09 00:16:05   

                      ------------------------------------------------------------------------------
2026-08-09 00:16:19   Adaptive mesh refinement pass 3

                      ------------------------------------------------------------------------------
2026-08-09 00:17:21     Matrix setup time        :	8 s
                        Solver setup             :	30 s
                        Degrees of freedom       :	4050730
                        Number of mesh cells     :	618900

                        Stimulation port         :	Zmin
                        Mode number              :	1
                        Accuracy                 :	3.18482e-05
                        Iterations               :	10
                        Solver time              :	22 s


                      ------------------------------------------------------------------------------
2026-08-09 00:17:23     Delta calculation        
2026-08-09 00:17:23     All S-Parameters         :	2.32953e-05
2026-08-09 00:17:23   

                      ------------------------------------------------------------------------------
2026-08-09 00:17:23   Mesh adaptation terminated because the desired accuracy limit is reached.

                      ------------------------------------------------------------------------------
2026-08-09 00:17:23     Total time               :	205 s	 (= 0 h, 03 m, 25 s)

                      ------------------------------------------------------------------------------
2026-08-09 00:17:23   

                      ------------------------------------------------------------------------------
2026-08-09 00:17:23     Calculation 59 (Frequency: 26.632 THz, Theta: 0, Phi: 0)


                      ------------------------------------------------------------------------------
2026-08-09 00:17:23   Running the PortModeSolver.

                      ------------------------------------------------------------------------------
2026-08-09 00:17:25   Adaptive mesh refinement pass 1

                      ------------------------------------------------------------------------------
2026-08-09 00:18:19     Matrix setup time        :	4 s
                        Solver setup             :	25 s
                        Degrees of freedom       :	4050730
                        Number of mesh cells     :	618900

                        Stimulation port         :	Zmin
                        Mode number              :	1
                        Accuracy                 :	7.23259e-05
                        Iterations               :	11
                        Solver time              :	25 s


                      ------------------------------------------------------------------------------
2026-08-09 00:18:34   Adaptive mesh refinement pass 2

                      ------------------------------------------------------------------------------
2026-08-09 00:19:36     Matrix setup time        :	9 s
                        Solver setup             :	28 s
                        Degrees of freedom       :	4083510
                        Number of mesh cells     :	623966

                        Stimulation port         :	Zmin
                        Mode number              :	1
                        Accuracy                 :	6.2428e-05
                        Iterations               :	11
                        Solver time              :	24 s


                      ------------------------------------------------------------------------------
2026-08-09 00:19:38     Delta calculation        
2026-08-09 00:19:38     All S-Parameters         :	0.000172373
2026-08-09 00:19:38   

                      ------------------------------------------------------------------------------
2026-08-09 00:19:51   Adaptive mesh refinement pass 3

                      ------------------------------------------------------------------------------
2026-08-09 00:20:56     Matrix setup time        :	9 s
                        Solver setup             :	28 s
                        Degrees of freedom       :	4116126
                        Number of mesh cells     :	629015

                        Stimulation port         :	Zmin
                        Mode number              :	1
                        Accuracy                 :	4.00392e-05
                        Iterations               :	11
                        Solver time              :	26 s


                      ------------------------------------------------------------------------------
2026-08-09 00:20:58     Delta calculation        
2026-08-09 00:20:58     All S-Parameters         :	6.44315e-05
2026-08-09 00:20:58   

                      ------------------------------------------------------------------------------
2026-08-09 00:20:58   Mesh adaptation terminated because the desired accuracy limit is reached.

                      ------------------------------------------------------------------------------
2026-08-09 00:20:58     Total time               :	214 s	 (= 0 h, 03 m, 34 s)

                      ------------------------------------------------------------------------------
2026-08-09 00:20:58   

                      ------------------------------------------------------------------------------
2026-08-09 00:20:58     Calculation 60 (Frequency: 26.464 THz, Theta: 0, Phi: 0)


                      ------------------------------------------------------------------------------
2026-08-09 00:20:58   Running the PortModeSolver.

                      ------------------------------------------------------------------------------
2026-08-09 00:21:00   Adaptive mesh refinement pass 1

                      ------------------------------------------------------------------------------
2026-08-09 00:21:59     Matrix setup time        :	4 s
                        Solver setup             :	25 s
                        Degrees of freedom       :	4116126
                        Number of mesh cells     :	629015

                        Stimulation port         :	Zmin
                        Mode number              :	1
                        Accuracy                 :	8.33419e-05
                        Iterations               :	12
                        Solver time              :	28 s


                      ------------------------------------------------------------------------------
2026-08-09 00:22:14   Adaptive mesh refinement pass 2

                      ------------------------------------------------------------------------------
2026-08-09 00:23:21     Matrix setup time        :	9 s
                        Solver setup             :	28 s
                        Degrees of freedom       :	4148714
                        Number of mesh cells     :	634076

                        Stimulation port         :	Zmin
                        Mode number              :	1
                        Accuracy                 :	7.41927e-05
                        Iterations               :	12
                        Solver time              :	28 s


                      ------------------------------------------------------------------------------
2026-08-09 00:23:22     Delta calculation        
2026-08-09 00:23:22     All S-Parameters         :	9.35726e-06
2026-08-09 00:23:22   

                      ------------------------------------------------------------------------------
2026-08-09 00:23:35   Adaptive mesh refinement pass 3

                      ------------------------------------------------------------------------------
2026-08-09 00:24:49     Matrix setup time        :	9 s
                        Solver setup             :	34 s
                        Degrees of freedom       :	4181584
                        Number of mesh cells     :	639161

                        Stimulation port         :	Zmin
                        Mode number              :	1
                        Accuracy                 :	8.00489e-05
                        Iterations               :	12
                        Solver time              :	30 s


                      ------------------------------------------------------------------------------
2026-08-09 00:24:51     Delta calculation        
2026-08-09 00:24:51     All S-Parameters         :	1.44567e-05
2026-08-09 00:24:51   

                      ------------------------------------------------------------------------------
2026-08-09 00:24:51   Mesh adaptation terminated because the desired accuracy limit is reached.

                      ------------------------------------------------------------------------------
2026-08-09 00:24:51     Total time               :	232 s	 (= 0 h, 03 m, 52 s)

                      ------------------------------------------------------------------------------
2026-08-09 00:24:51   

                      ------------------------------------------------------------------------------
2026-08-09 00:24:51     Calculation 61 (Frequency: 14.128 THz, Theta: 0, Phi: 0)


                      ------------------------------------------------------------------------------
2026-08-09 00:24:51   Running the PortModeSolver.

                      ------------------------------------------------------------------------------
2026-08-09 00:24:53   Adaptive mesh refinement pass 1

                      ------------------------------------------------------------------------------
2026-08-09 00:25:53     Matrix setup time        :	4 s
                        Solver setup             :	30 s
                        Degrees of freedom       :	4181584
                        Number of mesh cells     :	639161

                        Stimulation port         :	Zmin
                        Mode number              :	1
                        Accuracy                 :	9.80347e-05
                        Iterations               :	9
                        Solver time              :	24 s


                      ------------------------------------------------------------------------------
2026-08-09 00:26:09   Adaptive mesh refinement pass 2

                      ------------------------------------------------------------------------------
2026-08-09 00:27:13     Matrix setup time        :	9 s
                        Solver setup             :	31 s
                        Degrees of freedom       :	4215474
                        Number of mesh cells     :	644341

                        Stimulation port         :	Zmin
                        Mode number              :	1
                        Accuracy                 :	9.6929e-05
                        Iterations               :	9
                        Solver time              :	23 s


                      ------------------------------------------------------------------------------
2026-08-09 00:27:15     Delta calculation        
2026-08-09 00:27:15     All S-Parameters         :	0.000713426
2026-08-09 00:27:15   

                      ------------------------------------------------------------------------------
2026-08-09 00:27:30   Adaptive mesh refinement pass 3

                      ------------------------------------------------------------------------------
2026-08-09 00:28:35     Matrix setup time        :	9 s
                        Solver setup             :	31 s
                        Degrees of freedom       :	4249434
                        Number of mesh cells     :	649497

                        Stimulation port         :	Zmin
                        Mode number              :	1
                        Accuracy                 :	7.10976e-05
                        Iterations               :	10
                        Solver time              :	23 s


                      ------------------------------------------------------------------------------
2026-08-09 00:28:37     Delta calculation        
2026-08-09 00:28:37     All S-Parameters         :	0.000334484
2026-08-09 00:28:37   

                      ------------------------------------------------------------------------------
2026-08-09 00:28:37   Mesh adaptation terminated because the desired accuracy limit is reached.

                      ------------------------------------------------------------------------------
2026-08-09 00:28:37     Total time               :	225 s	 (= 0 h, 03 m, 45 s)

                      ------------------------------------------------------------------------------
2026-08-09 00:28:37   

                      ------------------------------------------------------------------------------
2026-08-09 00:28:37     Calculation 62 (Frequency: 25.792 THz, Theta: 0, Phi: 0)


                      ------------------------------------------------------------------------------
2026-08-09 00:28:37   Running the PortModeSolver.

                      ------------------------------------------------------------------------------
2026-08-09 00:28:39   Adaptive mesh refinement pass 1

                      ------------------------------------------------------------------------------
2026-08-09 00:29:33     Matrix setup time        :	4 s
                        Solver setup             :	25 s
                        Degrees of freedom       :	4249434
                        Number of mesh cells     :	649497

                        Stimulation port         :	Zmin
                        Mode number              :	1
                        Accuracy                 :	5.41179e-05
                        Iterations               :	10
                        Solver time              :	24 s


                      ------------------------------------------------------------------------------
2026-08-09 00:29:50   Adaptive mesh refinement pass 2

                      ------------------------------------------------------------------------------
2026-08-09 00:30:59     Matrix setup time        :	9 s
                        Solver setup             :	33 s
                        Degrees of freedom       :	4283192
                        Number of mesh cells     :	654656

                        Stimulation port         :	Zmin
                        Mode number              :	1
                        Accuracy                 :	4.34892e-05
                        Iterations               :	10
                        Solver time              :	24 s


                      ------------------------------------------------------------------------------
2026-08-09 00:31:00     Delta calculation        
2026-08-09 00:31:00     All S-Parameters         :	4.31828e-05
2026-08-09 00:31:00   

                      ------------------------------------------------------------------------------
2026-08-09 00:31:15   Adaptive mesh refinement pass 3

                      ------------------------------------------------------------------------------
2026-08-09 00:32:21     Matrix setup time        :	9 s
                        Solver setup             :	31 s
                        Degrees of freedom       :	4316890
                        Number of mesh cells     :	659835

                        Stimulation port         :	Zmin
                        Mode number              :	1
                        Accuracy                 :	4.34469e-05
                        Iterations               :	10
                        Solver time              :	25 s


                      ------------------------------------------------------------------------------
2026-08-09 00:32:22     Delta calculation        
2026-08-09 00:32:22     All S-Parameters         :	1.95589e-05
2026-08-09 00:32:22   

                      ------------------------------------------------------------------------------
2026-08-09 00:32:22   Mesh adaptation terminated because the desired accuracy limit is reached.

                      ------------------------------------------------------------------------------
2026-08-09 00:32:23     Total time               :	225 s	 (= 0 h, 03 m, 45 s)

                      ------------------------------------------------------------------------------
2026-08-09 00:32:23   

                      ------------------------------------------------------------------------------
2026-08-09 00:32:23     Calculation 63 (Frequency: 14.608 THz, Theta: 0, Phi: 0)


                      ------------------------------------------------------------------------------
2026-08-09 00:32:23   Running the PortModeSolver.

                      ------------------------------------------------------------------------------
2026-08-09 00:32:25   Adaptive mesh refinement pass 1

                      ------------------------------------------------------------------------------
2026-08-09 00:33:15     Matrix setup time        :	4 s
                        Solver setup             :	26 s
                        Degrees of freedom       :	4316890
                        Number of mesh cells     :	659835

                        Stimulation port         :	Zmin
                        Mode number              :	1
                        Accuracy                 :	9.48269e-05
                        Iterations               :	7
                        Solver time              :	18 s


                      ------------------------------------------------------------------------------
2026-08-09 00:33:16   The input reflection seems to be large at 14.608 THz, Theta: 0, Phi: 0.  More...

                      ------------------------------------------------------------------------------
2026-08-09 00:33:31   Adaptive mesh refinement pass 2

                      ------------------------------------------------------------------------------
2026-08-09 00:34:40     Matrix setup time        :	10 s
                        Solver setup             :	39 s
                        Degrees of freedom       :	4350572
                        Number of mesh cells     :	665003

                        Stimulation port         :	Zmin
                        Mode number              :	1
                        Accuracy                 :	8.84865e-05
                        Iterations               :	7
                        Solver time              :	19 s


                      ------------------------------------------------------------------------------
2026-08-09 00:34:42     Delta calculation        
2026-08-09 00:34:42     All S-Parameters         :	0.000113742
2026-08-09 00:34:42   

                      ------------------------------------------------------------------------------
2026-08-09 00:34:57   Adaptive mesh refinement pass 3

                      ------------------------------------------------------------------------------
2026-08-09 00:35:59     Matrix setup time        :	9 s
                        Solver setup             :	33 s
                        Degrees of freedom       :	4384260
                        Number of mesh cells     :	670150

                        Stimulation port         :	Zmin
                        Mode number              :	1
                        Accuracy                 :	8.87338e-05
                        Iterations               :	7
                        Solver time              :	18 s


                      ------------------------------------------------------------------------------
2026-08-09 00:36:00     Delta calculation        
2026-08-09 00:36:00     All S-Parameters         :	7.99903e-05
2026-08-09 00:36:00   

                      ------------------------------------------------------------------------------
2026-08-09 00:36:00   Mesh adaptation terminated because the desired accuracy limit is reached.

                      ------------------------------------------------------------------------------
2026-08-09 00:36:01     Total time               :	217 s	 (= 0 h, 03 m, 37 s)

                      ------------------------------------------------------------------------------
2026-08-09 00:36:01   

                      ------------------------------------------------------------------------------
2026-08-09 00:36:01     Calculation 64 (Frequency: 13.912 THz, Theta: 0, Phi: 0)


                      ------------------------------------------------------------------------------
2026-08-09 00:36:01   Running the PortModeSolver.

                      ------------------------------------------------------------------------------
2026-08-09 00:36:02   Adaptive mesh refinement pass 1

                      ------------------------------------------------------------------------------
2026-08-09 00:36:58     Matrix setup time        :	4 s
                        Solver setup             :	28 s
                        Degrees of freedom       :	4384260
                        Number of mesh cells     :	670150

                        Stimulation port         :	Zmin
                        Mode number              :	1
                        Accuracy                 :	7.53253e-05
                        Iterations               :	9
                        Solver time              :	23 s


                      ------------------------------------------------------------------------------
2026-08-09 00:37:00   The input reflection seems to be large at 13.912 THz, Theta: 0, Phi: 0.  More...

                      ------------------------------------------------------------------------------
2026-08-09 00:37:14   Adaptive mesh refinement pass 2

                      ------------------------------------------------------------------------------
2026-08-09 00:38:25     Matrix setup time        :	10 s
                        Solver setup             :	35 s
                        Degrees of freedom       :	4418532
                        Number of mesh cells     :	675329

                        Stimulation port         :	Zmin
                        Mode number              :	1
                        Accuracy                 :	7.07962e-05
                        Iterations               :	9
                        Solver time              :	25 s


                      ------------------------------------------------------------------------------
2026-08-09 00:38:27     Delta calculation        
2026-08-09 00:38:27     All S-Parameters         :	0.000432553
2026-08-09 00:38:27   

                      ------------------------------------------------------------------------------
2026-08-09 00:38:44   Adaptive mesh refinement pass 3

                      ------------------------------------------------------------------------------
2026-08-09 00:40:02     Matrix setup time        :	11 s
                        Solver setup             :	39 s
                        Degrees of freedom       :	4452630
                        Number of mesh cells     :	680496

                        Stimulation port         :	Zmin
                        Mode number              :	1
                        Accuracy                 :	6.98702e-05
                        Iterations               :	9
                        Solver time              :	27 s


                      ------------------------------------------------------------------------------
2026-08-09 00:40:04     Delta calculation        
2026-08-09 00:40:04     All S-Parameters         :	0.00030013
2026-08-09 00:40:04   

                      ------------------------------------------------------------------------------
2026-08-09 00:40:04   Mesh adaptation terminated because the desired accuracy limit is reached.

                      ------------------------------------------------------------------------------
2026-08-09 00:40:05     Total time               :	243 s	 (= 0 h, 04 m, 03 s)

                      ------------------------------------------------------------------------------
2026-08-09 00:40:05   

                      ------------------------------------------------------------------------------
2026-08-09 00:40:05     Calculation 65 (Frequency: 16.456 THz, Theta: 0, Phi: 0)


                      ------------------------------------------------------------------------------
2026-08-09 00:40:05   Running the PortModeSolver.

                      ------------------------------------------------------------------------------
2026-08-09 00:40:07   Adaptive mesh refinement pass 1

                      ------------------------------------------------------------------------------
2026-08-09 00:41:19     Matrix setup time        :	6 s
                        Solver setup             :	40 s
                        Degrees of freedom       :	4452630
                        Number of mesh cells     :	680496

                        Stimulation port         :	Zmin
                        Mode number              :	1
                        Accuracy                 :	9.52154e-05
                        Iterations               :	8
                        Solver time              :	25 s


                      ------------------------------------------------------------------------------
2026-08-09 00:41:21   The input reflection seems to be large at 16.456 THz, Theta: 0, Phi: 0.  More...

                      ------------------------------------------------------------------------------
2026-08-09 00:41:40   Adaptive mesh refinement pass 2

                      ------------------------------------------------------------------------------
2026-08-09 00:43:06     Matrix setup time        :	11 s
                        Solver setup             :	48 s
                        Degrees of freedom       :	4485990
                        Number of mesh cells     :	685641

                        Stimulation port         :	Zmin
                        Mode number              :	1
                        Accuracy                 :	8.14486e-05
                        Iterations               :	8
                        Solver time              :	26 s


                      ------------------------------------------------------------------------------
2026-08-09 00:43:08     Delta calculation        
2026-08-09 00:43:08     All S-Parameters         :	1.76501e-05
2026-08-09 00:43:08   

                      ------------------------------------------------------------------------------
2026-08-09 00:43:27   Adaptive mesh refinement pass 3

                      ------------------------------------------------------------------------------
2026-08-09 00:44:55     Matrix setup time        :	12 s
                        Solver setup             :	45 s
                        Degrees of freedom       :	4519812
                        Number of mesh cells     :	690834

                        Stimulation port         :	Zmin
                        Mode number              :	1
                        Accuracy                 :	5.36708e-05
                        Iterations               :	9
                        Solver time              :	29 s


                      ------------------------------------------------------------------------------
2026-08-09 00:44:57     Delta calculation        
2026-08-09 00:44:57     All S-Parameters         :	3.81484e-05
2026-08-09 00:44:57   

                      ------------------------------------------------------------------------------
2026-08-09 00:44:57   Mesh adaptation terminated because the desired accuracy limit is reached.

                      ------------------------------------------------------------------------------
2026-08-09 00:44:58     Total time               :	292 s	 (= 0 h, 04 m, 52 s)

                      ------------------------------------------------------------------------------
2026-08-09 00:44:58   

                      ------------------------------------------------------------------------------
2026-08-09 00:44:58     Calculation 66 (Frequency: 25.96 THz, Theta: 0, Phi: 0)


                      ------------------------------------------------------------------------------
2026-08-09 00:44:58   Running the PortModeSolver.

                      ------------------------------------------------------------------------------
2026-08-09 00:44:59   Adaptive mesh refinement pass 1

                      ------------------------------------------------------------------------------
2026-08-09 00:46:15     Matrix setup time        :	5 s
                        Solver setup             :	41 s
                        Degrees of freedom       :	4519812
                        Number of mesh cells     :	690834

                        Stimulation port         :	Zmin
                        Mode number              :	1
                        Accuracy                 :	9.38378e-05
                        Iterations               :	8
                        Solver time              :	27 s


                      ------------------------------------------------------------------------------
2026-08-09 00:46:37   Adaptive mesh refinement pass 2

                      ------------------------------------------------------------------------------
2026-08-09 00:48:09     Matrix setup time        :	12 s
                        Solver setup             :	48 s
                        Degrees of freedom       :	4553550
                        Number of mesh cells     :	696007

                        Stimulation port         :	Zmin
                        Mode number              :	1
                        Accuracy                 :	6.0191e-05
                        Iterations               :	9
                        Solver time              :	30 s


                      ------------------------------------------------------------------------------
2026-08-09 00:48:10     Delta calculation        
2026-08-09 00:48:10     All S-Parameters         :	0.000141467
2026-08-09 00:48:10   

                      ------------------------------------------------------------------------------
2026-08-09 00:48:30   Adaptive mesh refinement pass 3

                      ------------------------------------------------------------------------------
2026-08-09 00:50:11     Matrix setup time        :	12 s
                        Solver setup             :	55 s
                        Degrees of freedom       :	4587348
                        Number of mesh cells     :	701184

                        Stimulation port         :	Zmin
                        Mode number              :	1
                        Accuracy                 :	5.942e-05
                        Iterations               :	9
                        Solver time              :	32 s


                      ------------------------------------------------------------------------------
2026-08-09 00:50:13     Delta calculation        
2026-08-09 00:50:13     All S-Parameters         :	3.43933e-05
2026-08-09 00:50:13   

                      ------------------------------------------------------------------------------
2026-08-09 00:50:13   Mesh adaptation terminated because the desired accuracy limit is reached.

                      ------------------------------------------------------------------------------
2026-08-09 00:50:14     Total time               :	315 s	 (= 0 h, 05 m, 15 s)

                      ------------------------------------------------------------------------------
2026-08-09 00:50:14   

                      ------------------------------------------------------------------------------
2026-08-09 00:50:14     Calculation 67 (Frequency: 32.872 THz, Theta: 0, Phi: 0)


                      ------------------------------------------------------------------------------
2026-08-09 00:50:14   Running the PortModeSolver.

                      ------------------------------------------------------------------------------
2026-08-09 00:50:16   Adaptive mesh refinement pass 1

                      ------------------------------------------------------------------------------
2026-08-09 00:51:44     Matrix setup time        :	6 s
                        Solver setup             :	48 s
                        Degrees of freedom       :	4587348
                        Number of mesh cells     :	701184

                        Stimulation port         :	Zmin
                        Mode number              :	1
                        Accuracy                 :	5.47981e-05
                        Iterations               :	9
                        Solver time              :	32 s


                      ------------------------------------------------------------------------------
2026-08-09 00:52:06   Adaptive mesh refinement pass 2

                      ------------------------------------------------------------------------------
2026-08-09 00:53:40     Matrix setup time        :	13 s
                        Solver setup             :	49 s
                        Degrees of freedom       :	4619880
                        Number of mesh cells     :	706249

                        Stimulation port         :	Zmin
                        Mode number              :	1
                        Accuracy                 :	7.50085e-05
                        Iterations               :	8
                        Solver time              :	30 s


                      ------------------------------------------------------------------------------
2026-08-09 00:53:42     Delta calculation        
2026-08-09 00:53:42     All S-Parameters         :	6.1169e-05
2026-08-09 00:53:42   

                      ------------------------------------------------------------------------------
2026-08-09 00:54:02   Adaptive mesh refinement pass 3

                      ------------------------------------------------------------------------------
2026-08-09 00:55:35     Matrix setup time        :	12 s
                        Solver setup             :	52 s
                        Degrees of freedom       :	4652518
                        Number of mesh cells     :	711311

                        Stimulation port         :	Zmin
                        Mode number              :	1
                        Accuracy                 :	7.13008e-05
                        Iterations               :	8
                        Solver time              :	27 s


                      ------------------------------------------------------------------------------
2026-08-09 00:55:37     Delta calculation        
2026-08-09 00:55:37     All S-Parameters         :	2.70732e-05
2026-08-09 00:55:37   

                      ------------------------------------------------------------------------------
2026-08-09 00:55:37   Mesh adaptation terminated because the desired accuracy limit is reached.

                      ------------------------------------------------------------------------------
2026-08-09 00:55:38     Total time               :	323 s	 (= 0 h, 05 m, 23 s)

                      ------------------------------------------------------------------------------
2026-08-09 00:55:38   

                      ------------------------------------------------------------------------------
2026-08-09 00:55:38     Calculation 68 (Frequency: 23.272 THz, Theta: 0, Phi: 0)


                      ------------------------------------------------------------------------------
2026-08-09 00:55:38   Running the PortModeSolver.

                      ------------------------------------------------------------------------------
2026-08-09 00:55:40   Adaptive mesh refinement pass 1

                      ------------------------------------------------------------------------------
2026-08-09 00:57:04     Matrix setup time        :	6 s
                        Solver setup             :	47 s
                        Degrees of freedom       :	4652518
                        Number of mesh cells     :	711311

                        Stimulation port         :	Zmin
                        Mode number              :	1
                        Accuracy                 :	8.4524e-05
                        Iterations               :	8
                        Solver time              :	29 s


                      ------------------------------------------------------------------------------
2026-08-09 00:57:06   The input reflection seems to be large at 23.272 THz, Theta: 0, Phi: 0.  More...

                      ------------------------------------------------------------------------------
2026-08-09 00:57:26   Adaptive mesh refinement pass 2

                      ------------------------------------------------------------------------------
2026-08-09 00:59:10     Matrix setup time        :	12 s
                        Solver setup             :	59 s
                        Degrees of freedom       :	4685720
                        Number of mesh cells     :	716428

                        Stimulation port         :	Zmin
                        Mode number              :	1
                        Accuracy                 :	8.67089e-05
                        Iterations               :	8
                        Solver time              :	31 s


                      ------------------------------------------------------------------------------
2026-08-09 00:59:12     Delta calculation        
2026-08-09 00:59:12     All S-Parameters         :	4.97397e-05
2026-08-09 00:59:12   

                      ------------------------------------------------------------------------------
2026-08-09 00:59:33   Adaptive mesh refinement pass 3

                      ------------------------------------------------------------------------------
2026-08-09 01:01:06     Matrix setup time        :	13 s
                        Solver setup             :	50 s
                        Degrees of freedom       :	4719212
                        Number of mesh cells     :	721565

                        Stimulation port         :	Zmin
                        Mode number              :	1
                        Accuracy                 :	8.21696e-05
                        Iterations               :	8
                        Solver time              :	28 s


                      ------------------------------------------------------------------------------
2026-08-09 01:01:08     Delta calculation        
2026-08-09 01:01:08     All S-Parameters         :	3.96887e-05
2026-08-09 01:01:08   

                      ------------------------------------------------------------------------------
2026-08-09 01:01:08   Mesh adaptation terminated because the desired accuracy limit is reached.

                      ------------------------------------------------------------------------------
2026-08-09 01:01:08     Total time               :	330 s	 (= 0 h, 05 m, 30 s)

                      ------------------------------------------------------------------------------
2026-08-09 01:01:08   

                      ------------------------------------------------------------------------------
2026-08-09 01:01:09     Calculation 69 (Frequency: 22.024 THz, Theta: 0, Phi: 0)


                      ------------------------------------------------------------------------------
2026-08-09 01:01:09   Running the PortModeSolver.

                      ------------------------------------------------------------------------------
2026-08-09 01:01:11   Adaptive mesh refinement pass 1

                      ------------------------------------------------------------------------------
2026-08-09 01:02:11     Matrix setup time        :	5 s
                        Solver setup             :	30 s
                        Degrees of freedom       :	4719212
                        Number of mesh cells     :	721565

                        Stimulation port         :	Zmin
                        Mode number              :	1
                        Accuracy                 :	5.26147e-05
                        Iterations               :	9
                        Solver time              :	23 s


                      ------------------------------------------------------------------------------
2026-08-09 01:02:28   Adaptive mesh refinement pass 2

                      ------------------------------------------------------------------------------
2026-08-09 01:03:45     Matrix setup time        :	10 s
                        Solver setup             :	41 s
                        Degrees of freedom       :	4753314
                        Number of mesh cells     :	726759

                        Stimulation port         :	Zmin
                        Mode number              :	1
                        Accuracy                 :	8.3293e-05
                        Iterations               :	8
                        Solver time              :	24 s


                      ------------------------------------------------------------------------------
2026-08-09 01:03:47     Delta calculation        
2026-08-09 01:03:47     All S-Parameters         :	4.53452e-05
2026-08-09 01:03:47   

                      ------------------------------------------------------------------------------
2026-08-09 01:04:02   Adaptive mesh refinement pass 3

                      ------------------------------------------------------------------------------
2026-08-09 01:05:18     Matrix setup time        :	10 s
                        Solver setup             :	41 s
                        Degrees of freedom       :	4787306
                        Number of mesh cells     :	731951

                        Stimulation port         :	Zmin
                        Mode number              :	1
                        Accuracy                 :	8.44508e-05
                        Iterations               :	8
                        Solver time              :	23 s


                      ------------------------------------------------------------------------------
2026-08-09 01:05:20     Delta calculation        
2026-08-09 01:05:20     All S-Parameters         :	3.19047e-05
2026-08-09 01:05:20   

                      ------------------------------------------------------------------------------
2026-08-09 01:05:20   Mesh adaptation terminated because the desired accuracy limit is reached.

                      ------------------------------------------------------------------------------
2026-08-09 01:05:21     Total time               :	251 s	 (= 0 h, 04 m, 11 s)

                      ------------------------------------------------------------------------------
2026-08-09 01:05:21   

                      ------------------------------------------------------------------------------
2026-08-09 01:05:21     Calculation 70 (Frequency: 27.904 THz, Theta: 0, Phi: 0)


                      ------------------------------------------------------------------------------
2026-08-09 01:05:21   Running the PortModeSolver.

                      ------------------------------------------------------------------------------
2026-08-09 01:05:22   Adaptive mesh refinement pass 1

                      ------------------------------------------------------------------------------
2026-08-09 01:06:25     Matrix setup time        :	4 s
                        Solver setup             :	35 s
                        Degrees of freedom       :	4787306
                        Number of mesh cells     :	731951

                        Stimulation port         :	Zmin
                        Mode number              :	1
                        Accuracy                 :	8.07902e-05
                        Iterations               :	8
                        Solver time              :	22 s


                      ------------------------------------------------------------------------------
2026-08-09 01:06:42   Adaptive mesh refinement pass 2

                      ------------------------------------------------------------------------------
2026-08-09 01:07:53     Matrix setup time        :	10 s
                        Solver setup             :	38 s
                        Degrees of freedom       :	4819680
                        Number of mesh cells     :	736986

                        Stimulation port         :	Zmin
                        Mode number              :	1
                        Accuracy                 :	7.68258e-05
                        Iterations               :	8
                        Solver time              :	21 s


                      ------------------------------------------------------------------------------
2026-08-09 01:07:54     Delta calculation        
2026-08-09 01:07:54     All S-Parameters         :	7.66587e-06
2026-08-09 01:07:54   

                      ------------------------------------------------------------------------------
2026-08-09 01:08:10   Adaptive mesh refinement pass 3

                      ------------------------------------------------------------------------------
2026-08-09 01:09:19     Matrix setup time        :	10 s
                        Solver setup             :	36 s
                        Degrees of freedom       :	4852216
                        Number of mesh cells     :	742041

                        Stimulation port         :	Zmin
                        Mode number              :	1
                        Accuracy                 :	8.34628e-05
                        Iterations               :	8
                        Solver time              :	22 s


                      ------------------------------------------------------------------------------
2026-08-09 01:09:21     Delta calculation        
2026-08-09 01:09:21     All S-Parameters         :	5.89544e-06
2026-08-09 01:09:21   

                      ------------------------------------------------------------------------------
2026-08-09 01:09:21   Mesh adaptation terminated because the desired accuracy limit is reached.

                      ------------------------------------------------------------------------------
2026-08-09 01:09:21     Total time               :	240 s	 (= 0 h, 04 m, 00 s)

                      ------------------------------------------------------------------------------
2026-08-09 01:09:21   

                      ------------------------------------------------------------------------------
2026-08-09 01:09:22     Calculation 71 (Frequency: 21.904 THz, Theta: 0, Phi: 0)


                      ------------------------------------------------------------------------------
2026-08-09 01:09:22   Running the PortModeSolver.

                      ------------------------------------------------------------------------------
2026-08-09 01:09:23   Adaptive mesh refinement pass 1

                      ------------------------------------------------------------------------------
2026-08-09 01:10:20     Matrix setup time        :	4 s
                        Solver setup             :	30 s
                        Degrees of freedom       :	4852216
                        Number of mesh cells     :	742041

                        Stimulation port         :	Zmin
                        Mode number              :	1
                        Accuracy                 :	8.57299e-05
                        Iterations               :	8
                        Solver time              :	21 s


                      ------------------------------------------------------------------------------
2026-08-09 01:10:38   Adaptive mesh refinement pass 2

                      ------------------------------------------------------------------------------
2026-08-09 01:11:56     Matrix setup time        :	10 s
                        Solver setup             :	42 s
                        Degrees of freedom       :	4886232
                        Number of mesh cells     :	747224

                        Stimulation port         :	Zmin
                        Mode number              :	1
                        Accuracy                 :	8.41127e-05
                        Iterations               :	8
                        Solver time              :	23 s


                      ------------------------------------------------------------------------------
2026-08-09 01:11:58     Delta calculation        
2026-08-09 01:11:58     All S-Parameters         :	2.97484e-05
2026-08-09 01:11:58   

                      ------------------------------------------------------------------------------
2026-08-09 01:12:14   Adaptive mesh refinement pass 3

                      ------------------------------------------------------------------------------
2026-08-09 01:13:28     Matrix setup time        :	10 s
                        Solver setup             :	40 s
                        Degrees of freedom       :	4920112
                        Number of mesh cells     :	752397

                        Stimulation port         :	Zmin
                        Mode number              :	1
                        Accuracy                 :	8.36318e-05
                        Iterations               :	8
                        Solver time              :	23 s


                      ------------------------------------------------------------------------------
2026-08-09 01:13:30     Delta calculation        
2026-08-09 01:13:30     All S-Parameters         :	3.69323e-05
2026-08-09 01:13:30   

                      ------------------------------------------------------------------------------
2026-08-09 01:13:30   Mesh adaptation terminated because the desired accuracy limit is reached.

                      ------------------------------------------------------------------------------
2026-08-09 01:13:30     Total time               :	248 s	 (= 0 h, 04 m, 08 s)

                      ------------------------------------------------------------------------------
2026-08-09 01:13:30   

                      ------------------------------------------------------------------------------
2026-08-09 01:13:30     Calculation 72 (Frequency: 25.408 THz, Theta: 0, Phi: 0)


                      ------------------------------------------------------------------------------
2026-08-09 01:13:30   Running the PortModeSolver.

                      ------------------------------------------------------------------------------
2026-08-09 01:13:32   Adaptive mesh refinement pass 1

                      ------------------------------------------------------------------------------
2026-08-09 01:14:37     Matrix setup time        :	5 s
                        Solver setup             :	34 s
                        Degrees of freedom       :	4920112
                        Number of mesh cells     :	752397

                        Stimulation port         :	Zmin
                        Mode number              :	1
                        Accuracy                 :	7.19197e-05
                        Iterations               :	9
                        Solver time              :	25 s


                      ------------------------------------------------------------------------------
2026-08-09 01:14:55   Adaptive mesh refinement pass 2

                      ------------------------------------------------------------------------------
2026-08-09 01:16:07     Matrix setup time        :	10 s
                        Solver setup             :	36 s
                        Degrees of freedom       :	4952712
                        Number of mesh cells     :	757458

                        Stimulation port         :	Zmin
                        Mode number              :	1
                        Accuracy                 :	4.91585e-05
                        Iterations               :	9
                        Solver time              :	24 s


                      ------------------------------------------------------------------------------
2026-08-09 01:16:09     Delta calculation        
2026-08-09 01:16:09     All S-Parameters         :	3.24876e-05
2026-08-09 01:16:09   

                      ------------------------------------------------------------------------------
2026-08-09 01:16:25   Adaptive mesh refinement pass 3

                      ------------------------------------------------------------------------------
2026-08-09 01:17:41     Matrix setup time        :	11 s
                        Solver setup             :	39 s
                        Degrees of freedom       :	4985242
                        Number of mesh cells     :	762505

                        Stimulation port         :	Zmin
                        Mode number              :	1
                        Accuracy                 :	4.90814e-05
                        Iterations               :	9
                        Solver time              :	25 s


                      ------------------------------------------------------------------------------
2026-08-09 01:17:43     Delta calculation        
2026-08-09 01:17:43     All S-Parameters         :	6.74166e-07
2026-08-09 01:17:43   

                      ------------------------------------------------------------------------------
2026-08-09 01:17:43   Mesh adaptation terminated because the desired accuracy limit is reached.

                      ------------------------------------------------------------------------------
2026-08-09 01:17:43     Total time               :	252 s	 (= 0 h, 04 m, 12 s)

                      ------------------------------------------------------------------------------
2026-08-09 01:17:43   

                      ------------------------------------------------------------------------------
2026-08-09 01:17:44     Calculation 73 (Frequency: 21.76 THz, Theta: 0, Phi: 0)


                      ------------------------------------------------------------------------------
2026-08-09 01:17:44   Running the PortModeSolver.

                      ------------------------------------------------------------------------------
2026-08-09 01:17:45   Adaptive mesh refinement pass 1

                      ------------------------------------------------------------------------------
2026-08-09 01:18:50     Matrix setup time        :	5 s
                        Solver setup             :	33 s
                        Degrees of freedom       :	4985242
                        Number of mesh cells     :	762505

                        Stimulation port         :	Zmin
                        Mode number              :	1
                        Accuracy                 :	7.50667e-05
                        Iterations               :	9
                        Solver time              :	25 s


                      ------------------------------------------------------------------------------
2026-08-09 01:19:08   Adaptive mesh refinement pass 2

                      ------------------------------------------------------------------------------
2026-08-09 01:20:37     Matrix setup time        :	10 s
                        Solver setup             :	52 s
                        Degrees of freedom       :	5019382
                        Number of mesh cells     :	767716

                        Stimulation port         :	Zmin
                        Mode number              :	1
                        Accuracy                 :	8.62947e-05
                        Iterations               :	8
                        Solver time              :	25 s


                      ------------------------------------------------------------------------------
2026-08-09 01:20:39     Delta calculation        
2026-08-09 01:20:39     All S-Parameters         :	5.15977e-05
2026-08-09 01:20:39   

                      ------------------------------------------------------------------------------
2026-08-09 01:20:56   Adaptive mesh refinement pass 3

                      ------------------------------------------------------------------------------
2026-08-09 01:22:14     Matrix setup time        :	11 s
                        Solver setup             :	42 s
                        Degrees of freedom       :	5053416
                        Number of mesh cells     :	772885

                        Stimulation port         :	Zmin
                        Mode number              :	1
                        Accuracy                 :	8.60614e-05
                        Iterations               :	8
                        Solver time              :	23 s


                      ------------------------------------------------------------------------------
2026-08-09 01:22:15     Delta calculation        
2026-08-09 01:22:15     All S-Parameters         :	3.05495e-05
2026-08-09 01:22:15   

                      ------------------------------------------------------------------------------
2026-08-09 01:22:15   Mesh adaptation terminated because the desired accuracy limit is reached.

                      ------------------------------------------------------------------------------
2026-08-09 01:22:16     Total time               :	272 s	 (= 0 h, 04 m, 32 s)

                      ------------------------------------------------------------------------------
2026-08-09 01:22:16   

                      ------------------------------------------------------------------------------
2026-08-09 01:22:16     Calculation 74 (Frequency: 30.928 THz, Theta: 0, Phi: 0)


                      ------------------------------------------------------------------------------
2026-08-09 01:22:16   Running the PortModeSolver.

                      ------------------------------------------------------------------------------
2026-08-09 01:22:18   Adaptive mesh refinement pass 1

                      ------------------------------------------------------------------------------
2026-08-09 01:23:23     Matrix setup time        :	5 s
                        Solver setup             :	36 s
                        Degrees of freedom       :	5053416
                        Number of mesh cells     :	772885

                        Stimulation port         :	Zmin
                        Mode number              :	1
                        Accuracy                 :	9.18854e-05
                        Iterations               :	8
                        Solver time              :	23 s


                      ------------------------------------------------------------------------------
2026-08-09 01:23:41   Adaptive mesh refinement pass 2

                      ------------------------------------------------------------------------------
2026-08-09 01:24:57     Matrix setup time        :	10 s
                        Solver setup             :	40 s
                        Degrees of freedom       :	5086076
                        Number of mesh cells     :	777961

                        Stimulation port         :	Zmin
                        Mode number              :	1
                        Accuracy                 :	9.10885e-05
                        Iterations               :	8
                        Solver time              :	24 s


                      ------------------------------------------------------------------------------
2026-08-09 01:24:59     Delta calculation        
2026-08-09 01:24:59     All S-Parameters         :	8.51935e-06
2026-08-09 01:24:59   

                      ------------------------------------------------------------------------------
2026-08-09 01:25:16   Adaptive mesh refinement pass 3

                      ------------------------------------------------------------------------------
2026-08-09 01:26:32     Matrix setup time        :	11 s
                        Solver setup             :	40 s
                        Degrees of freedom       :	5118626
                        Number of mesh cells     :	783021

                        Stimulation port         :	Zmin
                        Mode number              :	1
                        Accuracy                 :	9.1286e-05
                        Iterations               :	8
                        Solver time              :	24 s


                      ------------------------------------------------------------------------------
2026-08-09 01:26:34     Delta calculation        
2026-08-09 01:26:34     All S-Parameters         :	1.4971e-05
2026-08-09 01:26:34   

                      ------------------------------------------------------------------------------
2026-08-09 01:26:34   Mesh adaptation terminated because the desired accuracy limit is reached.

                      ------------------------------------------------------------------------------
2026-08-09 01:26:34     Total time               :	257 s	 (= 0 h, 04 m, 17 s)

                      ------------------------------------------------------------------------------
2026-08-09 01:26:34   

                      ------------------------------------------------------------------------------
2026-08-09 01:26:34     Calculation 75 (Frequency: 26.704 THz, Theta: 0, Phi: 0)


                      ------------------------------------------------------------------------------
2026-08-09 01:26:34   Running the PortModeSolver.

                      ------------------------------------------------------------------------------
2026-08-09 01:26:36   Adaptive mesh refinement pass 1

                      ------------------------------------------------------------------------------
2026-08-09 01:27:42     Matrix setup time        :	5 s
                        Solver setup             :	34 s
                        Degrees of freedom       :	5118626
                        Number of mesh cells     :	783021

                        Stimulation port         :	Zmin
                        Mode number              :	1
                        Accuracy                 :	8.09234e-05
                        Iterations               :	9
                        Solver time              :	26 s


                      ------------------------------------------------------------------------------
2026-08-09 01:28:01   Adaptive mesh refinement pass 2

                      ------------------------------------------------------------------------------
2026-08-09 01:29:22     Matrix setup time        :	11 s
                        Solver setup             :	42 s
                        Degrees of freedom       :	5151918
                        Number of mesh cells     :	788125

                        Stimulation port         :	Zmin
                        Mode number              :	1
                        Accuracy                 :	8.24353e-05
                        Iterations               :	9
                        Solver time              :	27 s


                      ------------------------------------------------------------------------------
2026-08-09 01:29:24     Delta calculation        
2026-08-09 01:29:24     All S-Parameters         :	1.64637e-05
2026-08-09 01:29:24   

                      ------------------------------------------------------------------------------
2026-08-09 01:29:40   Adaptive mesh refinement pass 3

                      ------------------------------------------------------------------------------
2026-08-09 01:31:08     Matrix setup time        :	11 s
                        Solver setup             :	48 s
                        Degrees of freedom       :	5184754
                        Number of mesh cells     :	793207

                        Stimulation port         :	Zmin
                        Mode number              :	1
                        Accuracy                 :	7.78993e-05
                        Iterations               :	9
                        Solver time              :	27 s


                      ------------------------------------------------------------------------------
2026-08-09 01:31:10     Delta calculation        
2026-08-09 01:31:10     All S-Parameters         :	1.62598e-05
2026-08-09 01:31:10   

                      ------------------------------------------------------------------------------
2026-08-09 01:31:10   Mesh adaptation terminated because the desired accuracy limit is reached.

                      ------------------------------------------------------------------------------
2026-08-09 01:31:10     Total time               :	275 s	 (= 0 h, 04 m, 35 s)

                      ------------------------------------------------------------------------------
2026-08-09 01:31:10   

                      ------------------------------------------------------------------------------
2026-08-09 01:31:10     Calculation 76 (Frequency: 10.24 THz, Theta: 0, Phi: 0)


                      ------------------------------------------------------------------------------
2026-08-09 01:31:10   Running the PortModeSolver.

                      ------------------------------------------------------------------------------
2026-08-09 01:31:12   Adaptive mesh refinement pass 1

                      ------------------------------------------------------------------------------
2026-08-09 01:32:21     Matrix setup time        :	5 s
                        Solver setup             :	42 s
                        Degrees of freedom       :	5184754
                        Number of mesh cells     :	793207

                        Stimulation port         :	Zmin
                        Mode number              :	1
                        Accuracy                 :	4.53711e-05
                        Iterations               :	7
                        Solver time              :	21 s


                      ------------------------------------------------------------------------------
2026-08-09 01:32:40   Adaptive mesh refinement pass 2

                      ------------------------------------------------------------------------------
2026-08-09 01:34:04     Matrix setup time        :	11 s
                        Solver setup             :	50 s
                        Degrees of freedom       :	5218522
                        Number of mesh cells     :	798366

                        Stimulation port         :	Zmin
                        Mode number              :	1
                        Accuracy                 :	4.54663e-05
                        Iterations               :	7
                        Solver time              :	22 s


                      ------------------------------------------------------------------------------
2026-08-09 01:34:06     Delta calculation        
2026-08-09 01:34:06     All S-Parameters         :	4.10627e-05
2026-08-09 01:34:06   

                      ------------------------------------------------------------------------------
2026-08-09 01:34:23   Adaptive mesh refinement pass 3

                      ------------------------------------------------------------------------------
2026-08-09 01:35:47     Matrix setup time        :	11 s
                        Solver setup             :	49 s
                        Degrees of freedom       :	5252680
                        Number of mesh cells     :	803556

                        Stimulation port         :	Zmin
                        Mode number              :	1
                        Accuracy                 :	4.59326e-05
                        Iterations               :	7
                        Solver time              :	22 s


                      ------------------------------------------------------------------------------
2026-08-09 01:35:49     Delta calculation        
2026-08-09 01:35:49     All S-Parameters         :	3.03396e-05
2026-08-09 01:35:49   

                      ------------------------------------------------------------------------------
2026-08-09 01:35:49   Mesh adaptation terminated because the desired accuracy limit is reached.

                      ------------------------------------------------------------------------------
2026-08-09 01:35:50     Total time               :	279 s	 (= 0 h, 04 m, 39 s)

                      ------------------------------------------------------------------------------
2026-08-09 01:35:50   

                      ------------------------------------------------------------------------------
2026-08-09 01:35:50     Calculation 77 (Frequency: 19.528 THz, Theta: 0, Phi: 0)


                      ------------------------------------------------------------------------------
2026-08-09 01:35:50   Running the PortModeSolver.

                      ------------------------------------------------------------------------------
2026-08-09 01:35:51   Adaptive mesh refinement pass 1

                      ------------------------------------------------------------------------------
2026-08-09 01:37:09     Matrix setup time        :	4 s
                        Solver setup             :	43 s
                        Degrees of freedom       :	5252680
                        Number of mesh cells     :	803556

                        Stimulation port         :	Zmin
                        Mode number              :	1
                        Accuracy                 :	5.521e-05
                        Iterations               :	9
                        Solver time              :	28 s


                      ------------------------------------------------------------------------------
2026-08-09 01:37:28   Adaptive mesh refinement pass 2

                      ------------------------------------------------------------------------------
2026-08-09 01:38:49     Matrix setup time        :	11 s
                        Solver setup             :	41 s
                        Degrees of freedom       :	5286556
                        Number of mesh cells     :	808739

                        Stimulation port         :	Zmin
                        Mode number              :	1
                        Accuracy                 :	5.33148e-05
                        Iterations               :	9
                        Solver time              :	26 s


                      ------------------------------------------------------------------------------
2026-08-09 01:38:51     Delta calculation        
2026-08-09 01:38:51     All S-Parameters         :	4.95562e-05
2026-08-09 01:38:51   

                      ------------------------------------------------------------------------------
2026-08-09 01:39:08   Adaptive mesh refinement pass 3

                      ------------------------------------------------------------------------------
2026-08-09 01:40:34     Matrix setup time        :	11 s
                        Solver setup             :	45 s
                        Degrees of freedom       :	5320364
                        Number of mesh cells     :	813901

                        Stimulation port         :	Zmin
                        Mode number              :	1
                        Accuracy                 :	5.13369e-05
                        Iterations               :	9
                        Solver time              :	28 s


                      ------------------------------------------------------------------------------
2026-08-09 01:40:36     Delta calculation        
2026-08-09 01:40:36     All S-Parameters         :	2.60835e-05
2026-08-09 01:40:36   

                      ------------------------------------------------------------------------------
2026-08-09 01:40:36   Mesh adaptation terminated because the desired accuracy limit is reached.

                      ------------------------------------------------------------------------------
2026-08-09 01:40:37     Total time               :	286 s	 (= 0 h, 04 m, 46 s)

                      ------------------------------------------------------------------------------
2026-08-09 01:40:37   

                      ------------------------------------------------------------------------------
2026-08-09 01:40:37     Calculation 78 (Frequency: 17.824 THz, Theta: 0, Phi: 0)


                      ------------------------------------------------------------------------------
2026-08-09 01:40:37   Running the PortModeSolver.

                      ------------------------------------------------------------------------------
2026-08-09 01:40:39   Adaptive mesh refinement pass 1

                      ------------------------------------------------------------------------------
2026-08-09 01:41:52     Matrix setup time        :	5 s
                        Solver setup             :	39 s
                        Degrees of freedom       :	5320364
                        Number of mesh cells     :	813901

                        Stimulation port         :	Zmin
                        Mode number              :	1
                        Accuracy                 :	8.63747e-05
                        Iterations               :	9
                        Solver time              :	28 s


                      ------------------------------------------------------------------------------
2026-08-09 01:41:54   The input reflection seems to be large at 17.824 THz, Theta: 0, Phi: 0.  More...

                      ------------------------------------------------------------------------------
2026-08-09 01:42:12   Adaptive mesh refinement pass 2

                      ------------------------------------------------------------------------------
2026-08-09 01:43:34     Matrix setup time        :	12 s
                        Solver setup             :	44 s
                        Degrees of freedom       :	5354416
                        Number of mesh cells     :	819101

                        Stimulation port         :	Zmin
                        Mode number              :	1
                        Accuracy                 :	8.31257e-05
                        Iterations               :	8
                        Solver time              :	24 s


                      ------------------------------------------------------------------------------
2026-08-09 01:43:36     Delta calculation        
2026-08-09 01:43:36     All S-Parameters         :	5.36863e-05
2026-08-09 01:43:36   

                      ------------------------------------------------------------------------------
2026-08-09 01:43:53   Adaptive mesh refinement pass 3

                      ------------------------------------------------------------------------------
2026-08-09 01:45:16     Matrix setup time        :	12 s
                        Solver setup             :	44 s
                        Degrees of freedom       :	5388382
                        Number of mesh cells     :	824273

                        Stimulation port         :	Zmin
                        Mode number              :	1
                        Accuracy                 :	8.1004e-05
                        Iterations               :	8
                        Solver time              :	25 s


                      ------------------------------------------------------------------------------
2026-08-09 01:45:18     Delta calculation        
2026-08-09 01:45:18     All S-Parameters         :	2.2282e-05
2026-08-09 01:45:18   

                      ------------------------------------------------------------------------------
2026-08-09 01:45:18   Mesh adaptation terminated because the desired accuracy limit is reached.

                      ------------------------------------------------------------------------------
2026-08-09 01:45:19     Total time               :	281 s	 (= 0 h, 04 m, 41 s)

                      ------------------------------------------------------------------------------
2026-08-09 01:45:19   

                      ------------------------------------------------------------------------------
2026-08-09 01:45:19     Calculation 79 (Frequency: 18.928 THz, Theta: 0, Phi: 0)


                      ------------------------------------------------------------------------------
2026-08-09 01:45:19   Running the PortModeSolver.

                      ------------------------------------------------------------------------------
2026-08-09 01:45:21   Adaptive mesh refinement pass 1

                      ------------------------------------------------------------------------------
2026-08-09 01:46:33     Matrix setup time        :	5 s
                        Solver setup             :	38 s
                        Degrees of freedom       :	5388382
                        Number of mesh cells     :	824273

                        Stimulation port         :	Zmin
                        Mode number              :	1
                        Accuracy                 :	5.23986e-05
                        Iterations               :	9
                        Solver time              :	28 s


                      ------------------------------------------------------------------------------
2026-08-09 01:46:53   Adaptive mesh refinement pass 2

                      ------------------------------------------------------------------------------
2026-08-09 01:48:15     Matrix setup time        :	12 s
                        Solver setup             :	44 s
                        Degrees of freedom       :	5421894
                        Number of mesh cells     :	829401

                        Stimulation port         :	Zmin
                        Mode number              :	1
                        Accuracy                 :	9.8037e-05
                        Iterations               :	8
                        Solver time              :	24 s


                      ------------------------------------------------------------------------------
2026-08-09 01:48:16     Delta calculation        
2026-08-09 01:48:16     All S-Parameters         :	7.15661e-05
2026-08-09 01:48:16   

                      ------------------------------------------------------------------------------
2026-08-09 01:48:34   Adaptive mesh refinement pass 3

                      ------------------------------------------------------------------------------
2026-08-09 01:49:56     Matrix setup time        :	12 s
                        Solver setup             :	44 s
                        Degrees of freedom       :	5455774
                        Number of mesh cells     :	834583

                        Stimulation port         :	Zmin
                        Mode number              :	1
                        Accuracy                 :	9.24122e-05
                        Iterations               :	8
                        Solver time              :	24 s


                      ------------------------------------------------------------------------------
2026-08-09 01:49:58     Delta calculation        
2026-08-09 01:49:58     All S-Parameters         :	6.41492e-05
2026-08-09 01:49:58   

                      ------------------------------------------------------------------------------
2026-08-09 01:49:58   Mesh adaptation terminated because the desired accuracy limit is reached.

                      ------------------------------------------------------------------------------
2026-08-09 01:49:59     Total time               :	279 s	 (= 0 h, 04 m, 39 s)

                      ------------------------------------------------------------------------------
2026-08-09 01:49:59   

                      ------------------------------------------------------------------------------
2026-08-09 01:49:59     Calculation 80 (Frequency: 21.208 THz, Theta: 0, Phi: 0)


                      ------------------------------------------------------------------------------
2026-08-09 01:49:59   Running the PortModeSolver.

                      ------------------------------------------------------------------------------
2026-08-09 01:50:00   Adaptive mesh refinement pass 1

                      ------------------------------------------------------------------------------
2026-08-09 01:51:09     Matrix setup time        :	5 s
                        Solver setup             :	37 s
                        Degrees of freedom       :	5455774
                        Number of mesh cells     :	834583

                        Stimulation port         :	Zmin
                        Mode number              :	1
                        Accuracy                 :	9.48633e-05
                        Iterations               :	8
                        Solver time              :	24 s


                      ------------------------------------------------------------------------------
2026-08-09 01:51:29   Adaptive mesh refinement pass 2

                      ------------------------------------------------------------------------------
2026-08-09 01:52:50     Matrix setup time        :	12 s
                        Solver setup             :	43 s
                        Degrees of freedom       :	5489366
                        Number of mesh cells     :	839717

                        Stimulation port         :	Zmin
                        Mode number              :	1
                        Accuracy                 :	9.38219e-05
                        Iterations               :	8
                        Solver time              :	24 s


                      ------------------------------------------------------------------------------
2026-08-09 01:52:52     Delta calculation        
2026-08-09 01:52:52     All S-Parameters         :	5.84506e-05
2026-08-09 01:52:52   

                      ------------------------------------------------------------------------------
2026-08-09 01:53:10   Adaptive mesh refinement pass 3

                      ------------------------------------------------------------------------------
2026-08-09 01:54:33     Matrix setup time        :	11 s
                        Solver setup             :	46 s
                        Degrees of freedom       :	5523296
                        Number of mesh cells     :	844899

                        Stimulation port         :	Zmin
                        Mode number              :	1
                        Accuracy                 :	9.2933e-05
                        Iterations               :	8
                        Solver time              :	25 s


                      ------------------------------------------------------------------------------
2026-08-09 01:54:35     Delta calculation        
2026-08-09 01:54:35     All S-Parameters         :	3.80992e-05
2026-08-09 01:54:35   

                      ------------------------------------------------------------------------------
2026-08-09 01:54:35   Mesh adaptation terminated because the desired accuracy limit is reached.

                      ------------------------------------------------------------------------------
2026-08-09 01:54:36     Total time               :	276 s	 (= 0 h, 04 m, 36 s)

                      ------------------------------------------------------------------------------
2026-08-09 01:54:36   

                      ------------------------------------------------------------------------------
2026-08-09 01:54:36     Calculation 81 (Frequency: 17.728 THz, Theta: 0, Phi: 0)


                      ------------------------------------------------------------------------------
2026-08-09 01:54:36   Running the PortModeSolver.

                      ------------------------------------------------------------------------------
2026-08-09 01:54:38   Adaptive mesh refinement pass 1

                      ------------------------------------------------------------------------------
2026-08-09 01:55:51     Matrix setup time        :	5 s
                        Solver setup             :	39 s
                        Degrees of freedom       :	5523296
                        Number of mesh cells     :	844899

                        Stimulation port         :	Zmin
                        Mode number              :	1
                        Accuracy                 :	7.38392e-05
                        Iterations               :	9
                        Solver time              :	28 s


                      ------------------------------------------------------------------------------
2026-08-09 01:55:53   The input reflection seems to be large at 17.728 THz, Theta: 0, Phi: 0.  More...

                      ------------------------------------------------------------------------------
2026-08-09 01:56:12   Adaptive mesh refinement pass 2

                      ------------------------------------------------------------------------------
2026-08-09 01:57:37     Matrix setup time        :	12 s
                        Solver setup             :	47 s
                        Degrees of freedom       :	5556874
                        Number of mesh cells     :	850056

                        Stimulation port         :	Zmin
                        Mode number              :	1
                        Accuracy                 :	8.50679e-05
                        Iterations               :	8
                        Solver time              :	24 s


                      ------------------------------------------------------------------------------
2026-08-09 01:57:38     Delta calculation        
2026-08-09 01:57:38     All S-Parameters         :	1.68273e-05
2026-08-09 01:57:38   

                      ------------------------------------------------------------------------------
2026-08-09 01:57:57   Adaptive mesh refinement pass 3

                      ------------------------------------------------------------------------------
2026-08-09 01:59:22     Matrix setup time        :	12 s
                        Solver setup             :	44 s
                        Degrees of freedom       :	5590564
                        Number of mesh cells     :	855206

                        Stimulation port         :	Zmin
                        Mode number              :	1
                        Accuracy                 :	7.41907e-05
                        Iterations               :	8
                        Solver time              :	26 s


                      ------------------------------------------------------------------------------
2026-08-09 01:59:23     Delta calculation        
2026-08-09 01:59:23     All S-Parameters         :	1.41373e-05
2026-08-09 01:59:23   

                      ------------------------------------------------------------------------------
2026-08-09 01:59:23   Mesh adaptation terminated because the desired accuracy limit is reached.

                      ------------------------------------------------------------------------------
2026-08-09 01:59:24     Total time               :	287 s	 (= 0 h, 04 m, 47 s)

                      ------------------------------------------------------------------------------
2026-08-09 01:59:24   

                      ------------------------------------------------------------------------------
2026-08-09 01:59:24     Calculation 82 (Frequency: 20.56 THz, Theta: 0, Phi: 0)


                      ------------------------------------------------------------------------------
2026-08-09 01:59:24   Running the PortModeSolver.

                      ------------------------------------------------------------------------------
2026-08-09 01:59:26   Adaptive mesh refinement pass 1

                      ------------------------------------------------------------------------------
2026-08-09 02:00:39     Matrix setup time        :	5 s
                        Solver setup             :	38 s
                        Degrees of freedom       :	5590564
                        Number of mesh cells     :	855206

                        Stimulation port         :	Zmin
                        Mode number              :	1
                        Accuracy                 :	6.52896e-05
                        Iterations               :	9
                        Solver time              :	29 s


                      ------------------------------------------------------------------------------
2026-08-09 02:01:00   Adaptive mesh refinement pass 2

                      ------------------------------------------------------------------------------
2026-08-09 02:02:28     Matrix setup time        :	12 s
                        Solver setup             :	46 s
                        Degrees of freedom       :	5624356
                        Number of mesh cells     :	860381

                        Stimulation port         :	Zmin
                        Mode number              :	1
                        Accuracy                 :	5.52733e-05
                        Iterations               :	9
                        Solver time              :	29 s


                      ------------------------------------------------------------------------------
2026-08-09 02:02:30     Delta calculation        
2026-08-09 02:02:30     All S-Parameters         :	7.13496e-05
2026-08-09 02:02:30   

                      ------------------------------------------------------------------------------
2026-08-09 02:02:49   Adaptive mesh refinement pass 3

                      ------------------------------------------------------------------------------
2026-08-09 02:04:15     Matrix setup time        :	12 s
                        Solver setup             :	47 s
                        Degrees of freedom       :	5657978
                        Number of mesh cells     :	865536

                        Stimulation port         :	Zmin
                        Mode number              :	1
                        Accuracy                 :	9.95219e-05
                        Iterations               :	8
                        Solver time              :	25 s


                      ------------------------------------------------------------------------------
2026-08-09 02:04:17     Delta calculation        
2026-08-09 02:04:17     All S-Parameters         :	5.61935e-05
2026-08-09 02:04:17   

                      ------------------------------------------------------------------------------
2026-08-09 02:04:17   Mesh adaptation terminated because the desired accuracy limit is reached.

                      ------------------------------------------------------------------------------
2026-08-09 02:04:18     Total time               :	293 s	 (= 0 h, 04 m, 53 s)

                      ------------------------------------------------------------------------------
2026-08-09 02:04:18   

                      ------------------------------------------------------------------------------
2026-08-09 02:04:18     Calculation 83 (Frequency: 24.424 THz, Theta: 0, Phi: 0)


                      ------------------------------------------------------------------------------
2026-08-09 02:04:18   Running the PortModeSolver.

                      ------------------------------------------------------------------------------
2026-08-09 02:04:20   Adaptive mesh refinement pass 1

                      ------------------------------------------------------------------------------
2026-08-09 02:05:32     Matrix setup time        :	5 s
                        Solver setup             :	40 s
                        Degrees of freedom       :	5657978
                        Number of mesh cells     :	865536

                        Stimulation port         :	Zmin
                        Mode number              :	1
                        Accuracy                 :	8.46221e-05
                        Iterations               :	8
                        Solver time              :	25 s


                      ------------------------------------------------------------------------------
2026-08-09 02:05:52   Adaptive mesh refinement pass 2

                      ------------------------------------------------------------------------------
2026-08-09 02:07:36     Matrix setup time        :	12 s
                        Solver setup             :	61 s
                        Degrees of freedom       :	5690178
                        Number of mesh cells     :	870551

                        Stimulation port         :	Zmin
                        Mode number              :	1
                        Accuracy                 :	8.3209e-05
                        Iterations               :	8
                        Solver time              :	28 s


                      ------------------------------------------------------------------------------
2026-08-09 02:07:38     Delta calculation        
2026-08-09 02:07:38     All S-Parameters         :	1.06363e-06
2026-08-09 02:07:38   

                      ------------------------------------------------------------------------------
2026-08-09 02:07:56   Adaptive mesh refinement pass 3

                      ------------------------------------------------------------------------------
2026-08-09 02:09:32     Matrix setup time        :	12 s
                        Solver setup             :	54 s
                        Degrees of freedom       :	5722666
                        Number of mesh cells     :	875610

                        Stimulation port         :	Zmin
                        Mode number              :	1
                        Accuracy                 :	8.1672e-05
                        Iterations               :	8
                        Solver time              :	28 s


                      ------------------------------------------------------------------------------
2026-08-09 02:09:34     Delta calculation        
2026-08-09 02:09:34     All S-Parameters         :	1.00603e-06
2026-08-09 02:09:34   

                      ------------------------------------------------------------------------------
2026-08-09 02:09:34   Mesh adaptation terminated because the desired accuracy limit is reached.

                      ------------------------------------------------------------------------------
2026-08-09 02:09:35     Total time               :	316 s	 (= 0 h, 05 m, 16 s)

                      ------------------------------------------------------------------------------
2026-08-09 02:09:35   

                      ------------------------------------------------------------------------------
2026-08-09 02:09:35     Calculation 84 (Frequency: 11.416 THz, Theta: 0, Phi: 0)


                      ------------------------------------------------------------------------------
2026-08-09 02:09:35   Running the PortModeSolver.

                      ------------------------------------------------------------------------------
2026-08-09 02:09:37   Adaptive mesh refinement pass 1

                      ------------------------------------------------------------------------------
2026-08-09 02:31:10     Matrix setup time        :	5 s
                        Solver setup             :	1262 s
                        Degrees of freedom       :	5722666
                        Number of mesh cells     :	875610

                        Stimulation port         :	Zmin
                        Mode number              :	1
                        Accuracy                 :	5.87228e-05
                        Iterations               :	7
                        Solver time              :	25 s


                      ------------------------------------------------------------------------------
2026-08-09 02:31:31   Adaptive mesh refinement pass 2

                      ------------------------------------------------------------------------------
2026-08-09 02:33:08     Matrix setup time        :	13 s
                        Solver setup             :	56 s
                        Degrees of freedom       :	5756924
                        Number of mesh cells     :	880805

                        Stimulation port         :	Zmin
                        Mode number              :	1
                        Accuracy                 :	5.89038e-05
                        Iterations               :	7
                        Solver time              :	25 s


                      ------------------------------------------------------------------------------
2026-08-09 02:33:10     Delta calculation        
2026-08-09 02:33:10     All S-Parameters         :	2.93422e-05
2026-08-09 02:33:10   

                      ------------------------------------------------------------------------------
2026-08-09 02:33:29   Adaptive mesh refinement pass 3

                      ------------------------------------------------------------------------------
2026-08-09 02:35:07     Matrix setup time        :	13 s
                        Solver setup             :	58 s
                        Degrees of freedom       :	5791176
                        Number of mesh cells     :	886013

                        Stimulation port         :	Zmin
                        Mode number              :	1
                        Accuracy                 :	5.93745e-05
                        Iterations               :	7
                        Solver time              :	26 s


                      ------------------------------------------------------------------------------
2026-08-09 02:35:09     Delta calculation        
2026-08-09 02:35:09     All S-Parameters         :	2.29689e-05
2026-08-09 02:35:09   

                      ------------------------------------------------------------------------------
2026-08-09 02:35:09   Mesh adaptation terminated because the desired accuracy limit is reached.

                      ------------------------------------------------------------------------------
2026-08-09 02:35:10     Total time               :	1534 s	 (= 0 h, 25 m, 34 s)

                      ------------------------------------------------------------------------------
2026-08-09 02:35:10   

                      ------------------------------------------------------------------------------
2026-08-09 02:35:10     Calculation 85 (Frequency: 10.312 THz, Theta: 0, Phi: 0)


                      ------------------------------------------------------------------------------
2026-08-09 02:35:10   Running the PortModeSolver.

                      ------------------------------------------------------------------------------
2026-08-09 02:35:12   Adaptive mesh refinement pass 1

                      ------------------------------------------------------------------------------
2026-08-09 02:36:31     Matrix setup time        :	5 s
                        Solver setup             :	50 s
                        Degrees of freedom       :	5791176
                        Number of mesh cells     :	886013

                        Stimulation port         :	Zmin
                        Mode number              :	1
                        Accuracy                 :	8.3373e-05
                        Iterations               :	6
                        Solver time              :	22 s


                      ------------------------------------------------------------------------------
2026-08-09 02:36:52   Adaptive mesh refinement pass 2

                      ------------------------------------------------------------------------------
2026-08-09 02:38:32     Matrix setup time        :	13 s
                        Solver setup             :	63 s
                        Degrees of freedom       :	5825198
                        Number of mesh cells     :	891193

                        Stimulation port         :	Zmin
                        Mode number              :	1
                        Accuracy                 :	9.83294e-05
                        Iterations               :	6
                        Solver time              :	22 s


                      ------------------------------------------------------------------------------
2026-08-09 02:38:34     Delta calculation        
2026-08-09 02:38:34     All S-Parameters         :	2.25747e-05
2026-08-09 02:38:34   

                      ------------------------------------------------------------------------------
2026-08-09 02:38:54   Adaptive mesh refinement pass 3

                      ------------------------------------------------------------------------------
2026-08-09 02:40:21     Matrix setup time        :	13 s
                        Solver setup             :	51 s
                        Degrees of freedom       :	5859208
                        Number of mesh cells     :	896361

                        Stimulation port         :	Zmin
                        Mode number              :	1
                        Accuracy                 :	9.99364e-05
                        Iterations               :	6
                        Solver time              :	20 s


                      ------------------------------------------------------------------------------
2026-08-09 02:40:23     Delta calculation        
2026-08-09 02:40:23     All S-Parameters         :	1.97715e-05
2026-08-09 02:40:23   

                      ------------------------------------------------------------------------------
2026-08-09 02:40:23   Mesh adaptation terminated because the desired accuracy limit is reached.

                      ------------------------------------------------------------------------------
2026-08-09 02:40:23     Total time               :	312 s	 (= 0 h, 05 m, 12 s)

                      ------------------------------------------------------------------------------
2026-08-09 02:40:23   

                      ------------------------------------------------------------------------------
2026-08-09 02:40:23     Calculation 86 (Frequency: 21.712 THz, Theta: 0, Phi: 0)


                      ------------------------------------------------------------------------------
2026-08-09 02:40:23   Running the PortModeSolver.

                      ------------------------------------------------------------------------------
2026-08-09 02:40:25   Adaptive mesh refinement pass 1

                      ------------------------------------------------------------------------------
2026-08-09 02:41:43     Matrix setup time        :	6 s
                        Solver setup             :	44 s
                        Degrees of freedom       :	5859208
                        Number of mesh cells     :	896361

                        Stimulation port         :	Zmin
                        Mode number              :	1
                        Accuracy                 :	7.74062e-05
                        Iterations               :	8
                        Solver time              :	27 s


                      ------------------------------------------------------------------------------
2026-08-09 02:42:05   Adaptive mesh refinement pass 2

                      ------------------------------------------------------------------------------
2026-08-09 02:43:54     Matrix setup time        :	13 s
                        Solver setup             :	64 s
                        Degrees of freedom       :	5892764
                        Number of mesh cells     :	901498

                        Stimulation port         :	Zmin
                        Mode number              :	1
                        Accuracy                 :	8.11904e-05
                        Iterations               :	8
                        Solver time              :	30 s


                      ------------------------------------------------------------------------------
2026-08-09 02:43:56     Delta calculation        
2026-08-09 02:43:56     All S-Parameters         :	3.79415e-05
2026-08-09 02:43:56   

                      ------------------------------------------------------------------------------
2026-08-09 02:44:16   Adaptive mesh refinement pass 3

                      ------------------------------------------------------------------------------
2026-08-09 02:45:50     Matrix setup time        :	13 s
                        Solver setup             :	52 s
                        Degrees of freedom       :	5926412
                        Number of mesh cells     :	906648

                        Stimulation port         :	Zmin
                        Mode number              :	1
                        Accuracy                 :	8.05616e-05
                        Iterations               :	8
                        Solver time              :	27 s


                      ------------------------------------------------------------------------------
2026-08-09 02:45:52     Delta calculation        
2026-08-09 02:45:52     All S-Parameters         :	1.40275e-05
2026-08-09 02:45:52   

                      ------------------------------------------------------------------------------
2026-08-09 02:45:52   Mesh adaptation terminated because the desired accuracy limit is reached.

                      ------------------------------------------------------------------------------
2026-08-09 02:45:52     Total time               :	328 s	 (= 0 h, 05 m, 28 s)

                      ------------------------------------------------------------------------------
2026-08-09 02:45:52   

                      ------------------------------------------------------------------------------
2026-08-09 02:45:52     Calculation 87 (Frequency: 16.648 THz, Theta: 0, Phi: 0)


                      ------------------------------------------------------------------------------
2026-08-09 02:45:52   Running the PortModeSolver.

                      ------------------------------------------------------------------------------
2026-08-09 02:45:54   Adaptive mesh refinement pass 1

                      ------------------------------------------------------------------------------
2026-08-09 02:47:13     Matrix setup time        :	5 s
                        Solver setup             :	45 s
                        Degrees of freedom       :	5926412
                        Number of mesh cells     :	906648

                        Stimulation port         :	Zmin
                        Mode number              :	1
                        Accuracy                 :	9.48828e-05
                        Iterations               :	8
                        Solver time              :	27 s


                      ------------------------------------------------------------------------------
2026-08-09 02:47:15   The input reflection seems to be large at 16.648 THz, Theta: 0, Phi: 0.  More...

                      ------------------------------------------------------------------------------
2026-08-09 02:47:36   Adaptive mesh refinement pass 2

                      ------------------------------------------------------------------------------
2026-08-09 02:49:09     Matrix setup time        :	13 s
                        Solver setup             :	54 s
                        Degrees of freedom       :	5960258
                        Number of mesh cells     :	911849

                        Stimulation port         :	Zmin
                        Mode number              :	1
                        Accuracy                 :	9.08156e-05
                        Iterations               :	7
                        Solver time              :	25 s


                      ------------------------------------------------------------------------------
2026-08-09 02:49:11     Delta calculation        
2026-08-09 02:49:11     All S-Parameters         :	2.24969e-05
2026-08-09 02:49:11   

                      ------------------------------------------------------------------------------
2026-08-09 02:49:32   Adaptive mesh refinement pass 3

                      ------------------------------------------------------------------------------
2026-08-09 02:51:05     Matrix setup time        :	13 s
                        Solver setup             :	53 s
                        Degrees of freedom       :	5993896
                        Number of mesh cells     :	917022

                        Stimulation port         :	Zmin
                        Mode number              :	1
                        Accuracy                 :	9.41435e-05
                        Iterations               :	7
                        Solver time              :	24 s


                      ------------------------------------------------------------------------------
2026-08-09 02:51:07     Delta calculation        
2026-08-09 02:51:07     All S-Parameters         :	1.06255e-05
2026-08-09 02:51:07   

                      ------------------------------------------------------------------------------
2026-08-09 02:51:07   Mesh adaptation terminated because the desired accuracy limit is reached.

                      ------------------------------------------------------------------------------
2026-08-09 02:51:07     Total time               :	314 s	 (= 0 h, 05 m, 14 s)

                      ------------------------------------------------------------------------------
2026-08-09 02:51:07   

                      ------------------------------------------------------------------------------
2026-08-09 02:51:07     Calculation 88 (Frequency: 18.712 THz, Theta: 0, Phi: 0)


                      ------------------------------------------------------------------------------
2026-08-09 02:51:07   Running the PortModeSolver.

                      ------------------------------------------------------------------------------
2026-08-09 02:51:09   Adaptive mesh refinement pass 1

                      ------------------------------------------------------------------------------
2026-08-09 02:52:37     Matrix setup time        :	6 s
                        Solver setup             :	46 s
                        Degrees of freedom       :	5993896
                        Number of mesh cells     :	917022

                        Stimulation port         :	Zmin
                        Mode number              :	1
                        Accuracy                 :	5.98409e-05
                        Iterations               :	10
                        Solver time              :	35 s


                      ------------------------------------------------------------------------------
2026-08-09 02:52:39   The input reflection seems to be large at 18.712 THz, Theta: 0, Phi: 0.  More...

                      ------------------------------------------------------------------------------
2026-08-09 02:52:58   Adaptive mesh refinement pass 2

                      ------------------------------------------------------------------------------
2026-08-09 02:54:37     Matrix setup time        :	13 s
                        Solver setup             :	53 s
                        Degrees of freedom       :	6027454
                        Number of mesh cells     :	922163

                        Stimulation port         :	Zmin
                        Mode number              :	1
                        Accuracy                 :	6.67625e-05
                        Iterations               :	9
                        Solver time              :	31 s


                      ------------------------------------------------------------------------------
2026-08-09 02:54:39     Delta calculation        
2026-08-09 02:54:39     All S-Parameters         :	4.84259e-05
2026-08-09 02:54:39   

                      ------------------------------------------------------------------------------
2026-08-09 02:54:59   Adaptive mesh refinement pass 3

                      ------------------------------------------------------------------------------
2026-08-09 02:56:38     Matrix setup time        :	13 s
                        Solver setup             :	53 s
                        Degrees of freedom       :	6061194
                        Number of mesh cells     :	927308

                        Stimulation port         :	Zmin
                        Mode number              :	1
                        Accuracy                 :	6.59842e-05
                        Iterations               :	9
                        Solver time              :	31 s


                      ------------------------------------------------------------------------------
2026-08-09 02:56:40     Delta calculation        
2026-08-09 02:56:40     All S-Parameters         :	2.70594e-05
2026-08-09 02:56:40   

                      ------------------------------------------------------------------------------
2026-08-09 02:56:40   Mesh adaptation terminated because the desired accuracy limit is reached.

                      ------------------------------------------------------------------------------
2026-08-09 02:56:41     Total time               :	333 s	 (= 0 h, 05 m, 33 s)

                      ------------------------------------------------------------------------------
2026-08-09 02:56:41   

                      ------------------------------------------------------------------------------
2026-08-09 02:56:41     Calculation 89 (Frequency: 24.904 THz, Theta: 0, Phi: 0)


                      ------------------------------------------------------------------------------
2026-08-09 02:56:41   Running the PortModeSolver.

                      ------------------------------------------------------------------------------
2026-08-09 02:56:43   Adaptive mesh refinement pass 1

                      ------------------------------------------------------------------------------
2026-08-09 02:58:07     Matrix setup time        :	6 s
                        Solver setup             :	46 s
                        Degrees of freedom       :	6061194
                        Number of mesh cells     :	927308

                        Stimulation port         :	Zmin
                        Mode number              :	1
                        Accuracy                 :	3.85021e-05
                        Iterations               :	9
                        Solver time              :	30 s


                      ------------------------------------------------------------------------------
2026-08-09 02:58:29   Adaptive mesh refinement pass 2

                      ------------------------------------------------------------------------------
2026-08-09 03:00:07     Matrix setup time        :	13 s
                        Solver setup             :	55 s
                        Degrees of freedom       :	6093600
                        Number of mesh cells     :	932350

                        Stimulation port         :	Zmin
                        Mode number              :	1
                        Accuracy                 :	8.17287e-05
                        Iterations               :	8
                        Solver time              :	28 s


                      ------------------------------------------------------------------------------
2026-08-09 03:00:09     Delta calculation        
2026-08-09 03:00:09     All S-Parameters         :	5.58514e-05
2026-08-09 03:00:09   

                      ------------------------------------------------------------------------------
2026-08-09 03:00:29   Adaptive mesh refinement pass 3

                      ------------------------------------------------------------------------------
2026-08-09 03:02:07     Matrix setup time        :	13 s
                        Solver setup             :	54 s
                        Degrees of freedom       :	6125938
                        Number of mesh cells     :	937384

                        Stimulation port         :	Zmin
                        Mode number              :	1
                        Accuracy                 :	9.18165e-05
                        Iterations               :	8
                        Solver time              :	28 s


                      ------------------------------------------------------------------------------
2026-08-09 03:02:09     Delta calculation        
2026-08-09 03:02:09     All S-Parameters         :	5.49863e-06
2026-08-09 03:02:09   

                      ------------------------------------------------------------------------------
2026-08-09 03:02:09   Mesh adaptation terminated because the desired accuracy limit is reached.

                      ------------------------------------------------------------------------------
2026-08-09 03:02:10     Total time               :	328 s	 (= 0 h, 05 m, 28 s)

                      ------------------------------------------------------------------------------
2026-08-09 03:02:10   

                      ------------------------------------------------------------------------------
2026-08-09 03:02:10     Calculation 90 (Frequency: 20.824 THz, Theta: 0, Phi: 0)


                      ------------------------------------------------------------------------------
2026-08-09 03:02:10   Running the PortModeSolver.

                      ------------------------------------------------------------------------------
2026-08-09 03:02:12   Adaptive mesh refinement pass 1

                      ------------------------------------------------------------------------------
2026-08-09 03:03:37     Matrix setup time        :	6 s
                        Solver setup             :	46 s
                        Degrees of freedom       :	6125938
                        Number of mesh cells     :	937384

                        Stimulation port         :	Zmin
                        Mode number              :	1
                        Accuracy                 :	6.80616e-05
                        Iterations               :	9
                        Solver time              :	32 s


                      ------------------------------------------------------------------------------
2026-08-09 03:04:00   Adaptive mesh refinement pass 2

                      ------------------------------------------------------------------------------
2026-08-09 03:05:39     Matrix setup time        :	13 s
                        Solver setup             :	56 s
                        Degrees of freedom       :	6159748
                        Number of mesh cells     :	942557

                        Stimulation port         :	Zmin
                        Mode number              :	1
                        Accuracy                 :	8.14957e-05
                        Iterations               :	8
                        Solver time              :	29 s


                      ------------------------------------------------------------------------------
2026-08-09 03:05:41     Delta calculation        
2026-08-09 03:05:41     All S-Parameters         :	6.43112e-05
2026-08-09 03:05:41   

                      ------------------------------------------------------------------------------
2026-08-09 03:06:02   Adaptive mesh refinement pass 3

                      ------------------------------------------------------------------------------
2026-08-09 03:07:56     Matrix setup time        :	13 s
                        Solver setup             :	68 s
                        Degrees of freedom       :	6193346
                        Number of mesh cells     :	947692

                        Stimulation port         :	Zmin
                        Mode number              :	1
                        Accuracy                 :	8.0413e-05
                        Iterations               :	8
                        Solver time              :	32 s


                      ------------------------------------------------------------------------------
2026-08-09 03:07:58     Delta calculation        
2026-08-09 03:07:58     All S-Parameters         :	2.04493e-05
2026-08-09 03:07:58   

                      ------------------------------------------------------------------------------
2026-08-09 03:07:58   Mesh adaptation terminated because the desired accuracy limit is reached.

                      ------------------------------------------------------------------------------
2026-08-09 03:07:59     Total time               :	348 s	 (= 0 h, 05 m, 48 s)

                      ------------------------------------------------------------------------------
2026-08-09 03:07:59   

                      ------------------------------------------------------------------------------
2026-08-09 03:07:59     Calculation 91 (Frequency: 26.152 THz, Theta: 0, Phi: 0)


                      ------------------------------------------------------------------------------
2026-08-09 03:07:59   Running the PortModeSolver.

                      ------------------------------------------------------------------------------
2026-08-09 03:08:01   Adaptive mesh refinement pass 1

                      ------------------------------------------------------------------------------
2026-08-09 03:09:39     Matrix setup time        :	5 s
                        Solver setup             :	60 s
                        Degrees of freedom       :	6193346
                        Number of mesh cells     :	947692

                        Stimulation port         :	Zmin
                        Mode number              :	1
                        Accuracy                 :	7.81828e-05
                        Iterations               :	8
                        Solver time              :	31 s


                      ------------------------------------------------------------------------------
2026-08-09 03:10:02   Adaptive mesh refinement pass 2

                      ------------------------------------------------------------------------------
2026-08-09 03:11:56     Matrix setup time        :	13 s
                        Solver setup             :	66 s
                        Degrees of freedom       :	6226556
                        Number of mesh cells     :	952809

                        Stimulation port         :	Zmin
                        Mode number              :	1
                        Accuracy                 :	7.8016e-05
                        Iterations               :	8
                        Solver time              :	33 s


                      ------------------------------------------------------------------------------
2026-08-09 03:11:58     Delta calculation        
2026-08-09 03:11:58     All S-Parameters         :	8.60622e-06
2026-08-09 03:11:58   

                      ------------------------------------------------------------------------------
2026-08-09 03:12:21   Adaptive mesh refinement pass 3

                      ------------------------------------------------------------------------------
2026-08-09 03:14:04     Matrix setup time        :	14 s
                        Solver setup             :	58 s
                        Degrees of freedom       :	6260114
                        Number of mesh cells     :	957955

                        Stimulation port         :	Zmin
                        Mode number              :	1
                        Accuracy                 :	7.83624e-05
                        Iterations               :	8
                        Solver time              :	30 s


                      ------------------------------------------------------------------------------
2026-08-09 03:14:06     Delta calculation        
2026-08-09 03:14:06     All S-Parameters         :	9.3158e-06
2026-08-09 03:14:06   

                      ------------------------------------------------------------------------------
2026-08-09 03:14:06   Mesh adaptation terminated because the desired accuracy limit is reached.

                      ------------------------------------------------------------------------------
2026-08-09 03:14:07     Total time               :	367 s	 (= 0 h, 06 m, 07 s)

                      ------------------------------------------------------------------------------
2026-08-09 03:14:07   

                      ------------------------------------------------------------------------------
2026-08-09 03:14:07     Calculation 92 (Frequency: 21.304 THz, Theta: 0, Phi: 0)


                      ------------------------------------------------------------------------------
2026-08-09 03:14:07   Running the PortModeSolver.

                      ------------------------------------------------------------------------------
2026-08-09 03:14:09   Adaptive mesh refinement pass 1

                      ------------------------------------------------------------------------------
2026-08-09 03:15:39     Matrix setup time        :	6 s
                        Solver setup             :	50 s
                        Degrees of freedom       :	6260114
                        Number of mesh cells     :	957955

                        Stimulation port         :	Zmin
                        Mode number              :	1
                        Accuracy                 :	5.41742e-05
                        Iterations               :	9
                        Solver time              :	33 s


                      ------------------------------------------------------------------------------
2026-08-09 03:16:03   Adaptive mesh refinement pass 2

                      ------------------------------------------------------------------------------
2026-08-09 03:17:48     Matrix setup time        :	14 s
                        Solver setup             :	58 s
                        Degrees of freedom       :	6293854
                        Number of mesh cells     :	963111

                        Stimulation port         :	Zmin
                        Mode number              :	1
                        Accuracy                 :	4.1836e-05
                        Iterations               :	9
                        Solver time              :	33 s


                      ------------------------------------------------------------------------------
2026-08-09 03:17:51     Delta calculation        
2026-08-09 03:17:51     All S-Parameters         :	1.74841e-05
2026-08-09 03:17:51   

                      ------------------------------------------------------------------------------
2026-08-09 03:18:12   Adaptive mesh refinement pass 3

                      ------------------------------------------------------------------------------
2026-08-09 03:19:57     Matrix setup time        :	14 s
                        Solver setup             :	56 s
                        Degrees of freedom       :	6327790
                        Number of mesh cells     :	968300

                        Stimulation port         :	Zmin
                        Mode number              :	1
                        Accuracy                 :	4.17862e-05
                        Iterations               :	9
                        Solver time              :	33 s


                      ------------------------------------------------------------------------------
2026-08-09 03:19:59     Delta calculation        
2026-08-09 03:19:59     All S-Parameters         :	9.94951e-06
2026-08-09 03:19:59   

                      ------------------------------------------------------------------------------
2026-08-09 03:19:59   Mesh adaptation terminated because the desired accuracy limit is reached.

                      ------------------------------------------------------------------------------
2026-08-09 03:19:59     Total time               :	352 s	 (= 0 h, 05 m, 52 s)

                      ------------------------------------------------------------------------------
2026-08-09 03:19:59   

                      ------------------------------------------------------------------------------
2026-08-09 03:19:59     Calculation 93 (Frequency: 25.192 THz, Theta: 0, Phi: 0)


                      ------------------------------------------------------------------------------
2026-08-09 03:19:59   Running the PortModeSolver.

                      ------------------------------------------------------------------------------
2026-08-09 03:20:01   Adaptive mesh refinement pass 1

                      ------------------------------------------------------------------------------
2026-08-09 03:21:30     Matrix setup time        :	6 s
                        Solver setup             :	48 s
                        Degrees of freedom       :	6327790
                        Number of mesh cells     :	968300

                        Stimulation port         :	Zmin
                        Mode number              :	1
                        Accuracy                 :	3.98644e-05
                        Iterations               :	9
                        Solver time              :	33 s


                      ------------------------------------------------------------------------------
2026-08-09 03:21:53   Adaptive mesh refinement pass 2

                      ------------------------------------------------------------------------------
2026-08-09 03:23:38     Matrix setup time        :	14 s
                        Solver setup             :	59 s
                        Degrees of freedom       :	6360282
                        Number of mesh cells     :	973345

                        Stimulation port         :	Zmin
                        Mode number              :	1
                        Accuracy                 :	9.26491e-05
                        Iterations               :	8
                        Solver time              :	30 s


                      ------------------------------------------------------------------------------
2026-08-09 03:23:40     Delta calculation        
2026-08-09 03:23:40     All S-Parameters         :	7.38755e-05
2026-08-09 03:23:40   

                      ------------------------------------------------------------------------------
2026-08-09 03:24:01   Adaptive mesh refinement pass 3

                      ------------------------------------------------------------------------------
2026-08-09 03:26:00     Matrix setup time        :	14 s
                        Solver setup             :	70 s
                        Degrees of freedom       :	6392736
                        Number of mesh cells     :	978400

                        Stimulation port         :	Zmin
                        Mode number              :	1
                        Accuracy                 :	9.93545e-05
                        Iterations               :	8
                        Solver time              :	33 s


                      ------------------------------------------------------------------------------
2026-08-09 03:26:02     Delta calculation        
2026-08-09 03:26:02     All S-Parameters         :	4.86878e-06
2026-08-09 03:26:02   

                      ------------------------------------------------------------------------------
2026-08-09 03:26:02   Mesh adaptation terminated because the desired accuracy limit is reached.

                      ------------------------------------------------------------------------------
2026-08-09 03:26:03     Total time               :	362 s	 (= 0 h, 06 m, 02 s)

                      ------------------------------------------------------------------------------
2026-08-09 03:26:03   

                      ------------------------------------------------------------------------------
2026-08-09 03:26:04   Some adaptive mesh refinement samples will be recalculated because the mesh has changed significantly.

                      ------------------------------------------------------------------------------
2026-08-09 03:26:04     Calculation 1 (Frequency: 34 THz, Theta: 0, Phi: 0)


                      ------------------------------------------------------------------------------
2026-08-09 03:26:04   Running the PortModeSolver.

                      ------------------------------------------------------------------------------
2026-08-09 03:27:45     Matrix setup time        :	6 s
                        Solver setup             :	62 s
                        Degrees of freedom       :	6392736
                        Number of mesh cells     :	978400

                        Stimulation port         :	Zmin
                        Mode number              :	1
                        Accuracy                 :	9.92768e-05
                        Iterations               :	7
                        Solver time              :	29 s


                      ------------------------------------------------------------------------------
2026-08-09 03:27:46     Total time               :	101 s	 (= 0 h, 01 m, 41 s)

                      ------------------------------------------------------------------------------
2026-08-09 03:27:46   

                      ------------------------------------------------------------------------------
2026-08-09 03:27:46     Calculation 2 (Frequency: 10 THz, Theta: 0, Phi: 0)


                      ------------------------------------------------------------------------------
2026-08-09 03:27:46   Running the PortModeSolver.

                      ------------------------------------------------------------------------------
2026-08-09 03:29:23     Matrix setup time        :	6 s
                        Solver setup             :	63 s
                        Degrees of freedom       :	6392736
                        Number of mesh cells     :	978400

                        Stimulation port         :	Zmin
                        Mode number              :	1
                        Accuracy                 :	8.81339e-05
                        Iterations               :	6
                        Solver time              :	25 s


                      ------------------------------------------------------------------------------
2026-08-09 03:29:24     Total time               :	98 s	 (= 0 h, 01 m, 38 s)

                      ------------------------------------------------------------------------------
2026-08-09 03:29:24   

                      ------------------------------------------------------------------------------
2026-08-09 03:29:24   Finished the general purpose interpolative broadband frequency sweep:
                      All broadband sweep convergence criteria have been satisfied after
                      calculating 93 frequency samples:

                        Broadband sweep error threshold value :  0.01 (All S-Parameters) 
                        Number of error criterion checks      :  2 (All S-Parameters) 
                        Minimum number of samples             :  3
                        Number of data samples, linear        :  1001

                      ------------------------------------------------------------------------------
2026-08-09 03:29:24     Number of mesh cells     :	978400
                        Degrees of freedom       :	6343186
                        Total Solver Time        :	17454 s	 (= 4 h, 50 m, 54 s)
                        Free disk space          :	291 GB
                        Disk space delta         :	13 GB
                      ================================================================================



                      ------------------------------------------------------------------------------
2026-08-09 03:29:26     ----------------------------------------------------------------------------
                                            Peak memory used (GB)         Free physical memory (GB) 
                                                                          At begin     Minimum      
                        ----------------------------------------------------------------------------
                        Solver start        0.029                         35.753       35.753       
                        Eq. system setup    16.001                        35.704       20.818       
                        Eq. system solve    32.212                        35.631       6.478        
                        Mesh refinement     16.009                        35.567       20.711       
                        Field monitor calc. 13.804                        26.814       26.655       
                        Solver run total    32.212                        35.753       6.478        

                        Computer name       Hikari
                        ----------------------------------------------------------------------------


                      ------------------------------------------------------------------------------
2026-08-09 03:29:30   Running post-processing.

                      ------------------------------------------------------------------------------
2026-08-09 03:29:33   Post-processing finished.

                      ------------------------------------------------------------------------------
