f_THz,lam_um,Re_S11,Im_S11,Re_S21,Im_S21,absS11,absS21,absS11_cross,absS21_cross,R_total,T_total,A,R_higher,T_higher
10,29.9792458,-0.1221438838,0.326090792,0.8764459534,0.3180494335,0.3482159286,0.9323695359,3.236535915e-07,1.321623924e-07,0.1212543329,0.8693129514,0.009432715614,0,0
10.024,29.90746788,-0.1230107569,0.3271992395,0.8759580392,0.3185077076,0.3495582765,0.9320674043,2.838595815e-07,1.180452043e-07,0.1221909886,0.8687496462,0.009059365139,0,0
10.048,29.83603284,-0.123891727,0.3283060508,0.8754303246,0.3190162923,0.3509045782,0.9317454845,2.49778241e-07,1.052091806e-07,0.123134023,0.868149648,0.00871632903,0,0
10.072,29.76493824,-0.1247865802,0.329411261,0.8748636094,0.3195732551,0.352254836,0.9314039942,2.230748305e-07,9.401273695e-08,0.1240834695,0.8675134003,0.008403130209,0,0
10.096,29.69418166,-0.1256951074,0.3305149097,0.8742586997,0.3201766731,0.3536090576,0.9310431655,2.056163313e-07,8.49200137e-08,0.1250393656,0.866841376,0.008119258397,0,0
10.12,29.62376067,-0.1266171053,0.331617041,0.873616408,0.320824636,0.3549672566,0.9306632449,1.988184095e-07,7.846323417e-08,0.1260017533,0.8661340753,0.007864171402,0,0
10.144,29.55367291,-0.1275523761,0.3327177031,0.8729375521,0.3215152485,0.3563294523,0.9302644919,2.027742738e-07,7.511458262e-08,0.1269706786,0.865392025,0.00763729647,0,0
10.168,29.48391601,-0.1285007281,0.3338169484,0.8722229553,0.322246633,0.3576956697,0.9298471789,2.160037303e-07,7.508292661e-08,0.1279461921,0.8646157761,0.007438031722,0,0
10.192,29.41448764,-0.1294619761,0.3349148335,0.8714734448,0.3230169321,0.3590659396,0.9294115899,2.36164685e-07,7.817629222e-08,0.1289283489,0.8638059034,0.007265747662,0,0
10.216,29.34538547,-0.1304359415,0.3360114191,0.8706898518,0.3238243113,0.3604402982,0.9289580199,2.609620363e-07,8.387138015e-08,0.1299172086,0.8629630027,0.007119788739,0,0
10.24,29.27660723,-0.1314224529,0.3371067696,0.8698730103,0.3246669612,0.3618187879,0.9284867742,2.885937706e-07,9.152517132e-08,0.1309128352,0.8620876898,0.006999474983,0,0
10.264,29.20815062,-0.1324213458,0.3382009533,0.8690237563,0.3255430995,0.363201456,0.9279981674,3.177846887e-07,1.005521173e-07,0.1319152977,0.8611805987,0.006904103675,0,0
10.288,29.14001341,-0.1334324635,0.3392940421,0.8681429268,0.3264509736,0.364588356,0.9274925226,3.47667623e-07,1.10495219e-07,0.1329246694,0.8602423796,0.006832951074,0,0
10.312,29.07219337,-0.134455657,0.3403861113,0.867231359,0.3273888624,0.3659795465,0.9269701707,3.776566083e-07,1.21024907e-07,0.1339410285,0.8592736973,0.006785274178,0,0
10.336,29.00468827,-0.1354907853,0.3414772395,0.8662898892,0.3283550782,0.3673750917,0.9264314489,4.073518315e-07,1.319125744e-07,0.134964458,0.8582752295,0.006760312517,0,0
10.36,28.93749595,-0.1365377155,0.3425675084,0.8653193516,0.3293479684,0.3687750609,0.9258767005,4.364760104e-07,1.43002986e-07,0.1359950456,0.8572476645,0.006757289967,0,0
10.384,28.87061421,-0.1375963233,0.3436570027,0.8643205773,0.3303659175,0.370179529,0.9253062735,4.648333877e-07,1.541928228e-07,0.1370328837,0.8561916997,0.006775416592,0,0
10.408,28.80404093,-0.1386664929,0.3447458097,0.8632943932,0.3314073485,0.3715885757,0.9247205199,4.922834805e-07,1.654156809e-07,0.1380780696,0.8551080399,0.006813890486,0,0
10.432,28.73777396,-0.1397481174,0.3458340195,0.8622416208,0.3324707241,0.373002286,0.9241197947,5.187241631e-07,1.766320435e-07,0.1391307053,0.853997395,0.00687189963,0,0
10.456,28.67181121,-0.1408410989,0.346921724,0.861163075,0.3335545483,0.3744207496,0.9235044551,5.440806346e-07,1.87822706e-07,0.1401908978,0.8528604785,0.006948623741,0,0
10.48,28.60615057,-0.1419453486,0.3480090178,0.8600595629,0.3346573676,0.3758440613,0.922874859,5.682981368e-07,1.989845126e-07,0.1412587584,0.8516980054,0.007043236118,0,0
10.504,28.54078998,-0.1430607867,0.3490959969,0.8589318825,0.3357777718,0.3772723205,0.9222313651,5.913371015e-07,2.101276178e-07,0.1423344038,0.8505106907,0.007154905475,0,0
10.528,28.47572739,-0.1441873433,0.3501827593,0.8577808215,0.3369143951,0.3787056309,0.9215743309,6.131699068e-07,2.212737557e-07,0.1434179549,0.8492992474,0.007282797748,0,0
10.552,28.41096077,-0.1453249575,0.351269404,0.8566071564,0.3380659169,0.3801441009,0.9209041126,6.337787269e-07,2.324551728e-07,0.1445095375,0.8480643846,0.00742607789,0,0
10.576,28.34648809,-0.1464735783,0.3523560316,0.8554116509,0.3392310624,0.3815878433,0.9202210638,6.531541443e-07,2.437139951e-07,0.1456092821,0.8468068062,0.007583911627,0,0
10.6,28.28230736,-0.1476331642,0.3534427433,0.8541950548,0.3404086032,0.3830369747,0.9195255346,6.712943157e-07,2.551018701e-07,0.146717324,0.8455272088,0.007755467181,0,0
10.624,28.2184166,-0.1488036836,0.3545296412,0.852958103,0.3415973577,0.384491616,0.9188178711,6.882045534e-07,2.666797715e-07,0.1478338028,0.8442262803,0.007939916958,0,0
10.648,28.15481386,-0.1499851146,0.3556168277,0.8517015141,0.3427961915,0.3859518918,0.9180984141,7.038972354e-07,2.785178796e-07,0.1489588628,0.842904698,0.00813643919,0,0
10.672,28.09149719,-0.1511774451,0.3567044055,0.8504259895,0.3440040176,0.3874179304,0.9173674987,7.18391988e-07,2.906954741e-07,0.1500926528,0.8415631277,0.00834421953,0,0
10.696,28.02846466,-0.1523806729,0.357792477,0.8491322121,0.3452197962,0.3888898637,0.9166254531,7.317161079e-07,3.033007863e-07,0.1512353261,0.8402022213,0.008562452597,0,0
10.72,27.96571437,-0.1535948058,0.3588811447,0.8478208455,0.3464425351,0.390367827,0.9158725982,7.439052036e-07,3.164307711e-07,0.1523870404,0.8388226161,0.008790343468,0,0
10.744,27.90324442,-0.1548198614,0.3599705101,0.8464925326,0.3476712894,0.3918519588,0.9151092466,7.550040478e-07,3.301907704e-07,0.1535479576,0.8374249333,0.009027109111,0,0
10.768,27.84105293,-0.156055867,0.3610606742,0.8451478952,0.3489051609,0.3933424006,0.9143357021,7.650676384e-07,3.446940509e-07,0.1547182441,0.8360097761,0.009271979761,0,0
10.792,27.77913807,-0.1573028602,0.3621517368,0.8437875324,0.3501432986,0.3948392968,0.9135522588,7.741624673e-07,3.600612131e-07,0.1558980703,0.8345777295,0.009524200233,0,0
10.816,27.71749797,-0.158560888,0.3632437965,0.8424120202,0.3513848975,0.3963427947,0.9127592004,7.823679994e-07,3.764194808e-07,0.1570876109,0.833129358,0.009783031173,0,0
10.84,27.65613081,-0.1598300074,0.3643369502,0.8410219103,0.3526291984,0.3978530439,0.9119568001,7.897783589e-07,3.939018938e-07,0.1582870445,0.8316652052,0.01004775024,0,0
10.864,27.59503479,-0.1611102852,0.3654312932,0.8396177298,0.3538754873,0.3993701967,0.9111453192,7.965042141e-07,4.126464411e-07,0.159496554,0.8301857927,0.01031765324,0,0
10.888,27.53420812,-0.1624017978,0.3665269186,0.8381999799,0.3551230949,0.4008944075,0.9103250073,8.026748401e-07,4.327951756e-07,0.160716326,0.8286916189,0.01059205515,0,0
10.912,27.47364901,-0.1637046313,0.3676239174,0.8367691357,0.3563713953,0.4024258328,0.9094961011,8.084403201e-07,4.544933636e-07,0.1619465509,0.8271831579,0.01087029114,0,0
10.936,27.41335571,-0.1650188812,0.3687223779,0.8353256454,0.357619806,0.403964631,0.9086588245,8.13973824e-07,4.778887154e-07,0.1631874231,0.8256608594,0.01115171744,0,0
10.96,27.35332646,-0.1663446527,0.369822386,0.8338699294,0.3588677862,0.4055109624,0.9078133878,8.194738673e-07,5.031307444e-07,0.1644391407,0.8241251471,0.01143571224,0,0
10.984,27.29355954,-0.1676820602,0.3709240243,0.8324023806,0.3601148362,0.4070649888,0.9069599872,8.251664174e-07,5.303702903e-07,0.1657019051,0.8225764184,0.01172167645,0,0
11.008,27.23405323,-0.1690312274,0.3720273725,0.8309233631,0.3613604967,0.4086268734,0.9060988047,8.313066677e-07,5.597592312e-07,0.1669759217,0.8210150439,0.0120090344,0,0
11.032,27.17480584,-0.1703922873,0.3731325067,0.8294332124,0.3626043472,0.410196781,0.9052300074,8.381802568e-07,5.914503962e-07,0.1682613991,0.8194413664,0.0122972345,0,0
11.056,27.11581567,-0.1717653817,0.3742394997,0.8279322347,0.3638460051,0.4117748772,0.9043537475,8.461036697e-07,6.255976776e-07,0.1695585495,0.8178557007,0.01258574982,0,0
11.08,27.05708105,-0.1731506617,0.3753484202,0.8264207069,0.3650851247,0.4133613289,0.9034701618,8.554235424e-07,6.623563312e-07,0.1708675882,0.8162583332,0.0128740786,0,0
11.104,26.99860032,-0.174548287,0.3764593332,0.8248988763,0.3663213959,0.4149563038,0.9025793712,8.665146066e-07,7.018834445e-07,0.172188734,0.8146495213,0.01316174469,0,0
11.128,26.94037185,-0.1759584261,0.3775722991,0.8233669603,0.3675545428,0.4165599702,0.901681481,8.797760756e-07,7.443385486e-07,0.1735222088,0.8130294932,0.01344829797,0,0
11.152,26.88239401,-0.177381256,0.3786873744,0.8218251463,0.3687843228,0.4181724973,0.9007765804,8.956264013e-07,7.89884345e-07,0.1748682375,0.8113984478,0.01373331463,0,0
11.176,26.82466518,-0.1788169622,0.3798046107,0.820273592,0.3700105248,0.4197940546,0.8998647422,9.144965162e-07,8.386875243e-07,0.1762270483,0.8097565542,0.01401639748,0,0
11.2,26.76718375,-0.1802657385,0.3809240551,0.8187124249,0.3712329686,0.4214248121,0.8989460227,9.36821901e-07,8.909196491e-07,0.1775988722,0.8081039516,0.01429717613,0,0
11.224,26.70994815,-0.181727787,0.3820457494,0.8171417427,0.3724515028,0.4230649397,0.8980204617,9.630340459e-07,9.467580827e-07,0.1789839432,0.8064407496,0.01457530715,0,0
11.248,26.65295679,-0.1832033177,0.3831697308,0.8155616133,0.373666004,0.4247146079,0.8970880824,9.935520477e-07,1.006386947e-06,0.1803824982,0.8047670277,0.01485047416,0,0
11.272,26.59620813,-0.1846925485,0.3842960308,0.8139720748,0.3748763753,0.426373987,0.8961488913,1.028775155e-06,1.069998093e-06,0.1817947768,0.8030828354,0.01512238788,0,0
11.296,26.5397006,-0.1861957051,0.3854246759,0.8123731361,0.3760825446,0.4280432471,0.8952028779,1.069077006e-06,1.137792085e-06,0.1832210214,0.8013881925,0.0153907861,0,0
11.32,26.48343269,-0.1877130209,0.3865556867,0.8107647764,0.3772844637,0.4297225583,0.8942500149,1.114802088e-06,1.209979172e-06,0.1846614771,0.7996830892,0.01565543368,0,0
11.344,26.42740286,-0.1892447366,0.3876890784,0.8091469463,0.3784821067,0.4314120905,0.8932902584,1.16626468e-06,1.286780264e-06,0.1861163918,0.7979674858,0.01591612235,0,0
11.368,26.37160961,-0.1907911006,0.38882486,0.8075195676,0.3796754685,0.4331120131,0.8923235475,1.223750185e-06,1.368427897e-06,0.1875860159,0.7962413135,0.01617267066,0,0
11.392,26.31605144,-0.1923523681,0.3899630349,0.8058825338,0.3808645636,0.434822495,0.8913498046,1.287518506e-06,1.455167176e-06,0.1890706021,0.7945044742,0.01642492368,0,0
11.416,26.26072687,-0.1939288016,0.3911036002,0.8042357105,0.3820494247,0.4365437048,0.8903689353,1.357808966e-06,1.547256714e-06,0.1905704062,0.792756841,0.01667275287,0,0
11.44,26.20563444,-0.1955206705,0.3922465467,0.8025789357,0.383230101,0.4382758104,0.8893808286,1.434846151e-06,1.644969529e-06,0.192085686,0.7909982583,0.01691605571,0,0
11.464,26.15077268,-0.197128251,0.3933918589,0.8009120204,0.3844066572,0.4400189791,0.888385357,1.518846167e-06,1.748593927e-06,0.193616702,0.7892285426,0.01715475543,0,0
11.488,26.09614015,-0.1987518261,0.3945395148,0.7992347491,0.3855791722,0.4417733776,0.8873823766,1.610022846e-06,1.858434324e-06,0.1951637171,0.7874474822,0.01738880064,0,0
11.512,26.04173541,-0.200391685,0.395689486,0.7975468801,0.3867477372,0.4435391717,0.8863717269,1.708593591e-06,1.974812012e-06,0.1967269968,0.7856548382,0.01761816497,0,0
11.536,25.98755704,-0.2020481238,0.3968417373,0.7958481463,0.3879124548,0.4453165265,0.8853532316,1.814784682e-06,2.098065844e-06,0.1983068088,0.7838503446,0.01784284659,0,0
11.56,25.93360363,-0.2037214447,0.3979962265,0.7941382556,0.3890734377,0.4471056064,0.884326698,1.928835971e-06,2.228552807e-06,0.1999034233,0.7820337089,0.0180628678,0,0
11.584,25.87987379,-0.205411956,0.3991529047,0.7924168913,0.3902308072,0.4489065749,0.883291918,2.051004963e-06,2.366648435e-06,0.201517113,0.7802046124,0.01827827456,0,0
11.608,25.82636613,-0.2071199722,0.4003117161,0.7906837131,0.3913846917,0.4507195946,0.8822486674,2.181570346e-06,2.512747045e-06,0.2031481529,0.7783627111,0.01848913593,0,0
11.632,25.77307926,-0.2088458139,0.4014725976,0.7889383576,0.3925352261,0.4525448272,0.8811967066,2.320835048e-06,2.667261705e-06,0.2047968206,0.7765076358,0.01869554355,0,0
11.656,25.72001184,-0.2105898074,0.4026354792,0.7871804385,0.3936825498,0.4543824337,0.8801357809,2.469128917e-06,2.830623889e-06,0.2064633961,0.7746389928,0.01889761109,0,0
11.68,25.6671625,-0.2123522851,0.4038002833,0.785409548,0.3948268057,0.4562325742,0.8790656202,2.626811097e-06,3.003282707e-06,0.2081481617,0.7727563646,0.01909547365,0,0
11.704,25.6145299,-0.2141335848,0.4049669252,0.7836252567,0.3959681392,0.4580954078,0.8779859397,2.794272193e-06,3.18570363e-06,0.2098514026,0.7708593103,0.01928928713,0,0
11.728,25.56211272,-0.2159340502,0.4061353127,0.7818271148,0.3971066969,0.4599710929,0.8768964398,2.971936267e-06,3.378366562e-06,0.2115734063,0.7689473661,0.01947922763,0,0
11.752,25.50990963,-0.2177540305,0.4073053462,0.7800146524,0.3982426251,0.461859787,0.8757968065,3.16026271e-06,3.581763109e-06,0.2133144629,0.7670200464,0.01966549076,0,0
11.776,25.45791933,-0.2195938804,0.4084769185,0.7781873805,0.3993760691,0.463761647,0.8746867118,3.359748014e-06,3.796392876e-06,0.2150748653,0.7650768437,0.019848291,0,0
11.8,25.40614051,-0.2214539602,0.4096499146,0.7763447915,0.4005071718,0.4656768289,0.8735658132,3.570927447e-06,4.022758574e-06,0.216854909,0.76311723,0.02002786098,0,0
11.824,25.35457189,-0.2233346355,0.410824212,0.77448636,0.4016360726,0.4676054881,0.8724337549,3.794376605e-06,4.261359695e-06,0.2186548926,0.7611406566,0.02020445081,0,0
11.848,25.30321219,-0.2252362773,0.4119996802,0.7726115432,0.4027629066,0.4695477793,0.8712901673,4.030712803e-06,4.512684501e-06,0.2204751171,0.7591465556,0.02037832729,0,0
11.872,25.25206014,-0.2271592623,0.4131761809,0.770719782,0.4038878031,0.4715038567,0.8701346676,4.280596253e-06,4.777200011e-06,0.2223158869,0.7571343398,0.02054977327,0,0
11.896,25.20111449,-0.2291039721,0.414353568,0.7688105014,0.4050108847,0.473473874,0.86896686,4.544730904e-06,5.055339688e-06,0.2241775094,0.7551034038,0.02071908679,0,0
11.92,25.15037399,-0.2310707939,0.4155316872,0.7668831114,0.4061322668,0.4754579843,0.8677863358,4.823864857e-06,5.347488502e-06,0.2260602949,0.7530531247,0.02088658041,0,0
11.944,25.09983741,-0.2330601203,0.4167103762,0.7649370074,0.4072520558,0.4774563408,0.8665926738,5.118790152e-06,5.653965059e-06,0.2279645574,0.7509828622,0.02105258039,0,0
11.968,25.04950351,-0.2350723494,0.4178894645,0.7629715711,0.4083703488,0.4794690959,0.8653854402,5.430341732e-06,5.975000553e-06,0.229890614,0.7488919601,0.0212174259,0,0
11.992,24.99937108,-0.2371078843,0.4190687733,0.7609861712,0.4094872322,0.4814964024,0.8641641893,5.759395315e-06,6.31071436e-06,0.2318387856,0.7467797461,0.02138146826,0,0
12.016,24.94943891,-0.2391671341,0.4202481155,0.7589801638,0.4106027814,0.4835384128,0.8629284635,6.106863816e-06,6.66108627e-06,0.2338093967,0.7446455332,0.02154507011,0,0
12.04,24.89970581,-0.2412505131,0.4214272957,0.7569528935,0.4117170591,0.4855952796,0.8616777934,6.473691917e-06,7.025925562e-06,0.2358027756,0.7424886198,0.0217086046,0,0
12.064,24.85017059,-0.2433584412,0.4226061098,0.7549036933,0.4128301154,0.4876671558,0.8604116982,6.860848253e-06,7.404837442e-06,0.2378192549,0.7403082905,0.02187245461,0,0
12.088,24.80083206,-0.245491344,0.4237843451,0.7528318862,0.4139419862,0.4897541946,0.8591296857,7.269314598e-06,7.797187784e-06,0.2398591712,0.7381038169,0.02203701191,0,0
12.112,24.75168907,-0.2476496531,0.4249617803,0.7507367851,0.4150526927,0.4918565496,0.8578312527,7.700071298e-06,8.202067606e-06,0.2419228655,0.7358744582,0.02220267632,0,0
12.136,24.70274044,-0.2498338056,0.4261381853,0.7486176934,0.4161622408,0.4939743753,0.8565158852,8.154078073e-06,8.618259343e-06,0.2440106835,0.7336194616,0.02236985492,0,0
12.16,24.65398503,-0.2520442448,0.4273133209,0.7464739062,0.4172706201,0.4961078266,0.8551830582,8.632249176e-06,9.044207569e-06,0.2461229757,0.7313380631,0.02253896121,0,0
12.184,24.6054217,-0.2542814203,0.428486939,0.7443047102,0.4183778033,0.4982570598,0.8538322364,9.135421787e-06,9.477997479e-06,0.2482600977,0.729029488,0.02271041428,0,0
12.208,24.55704931,-0.2565457876,0.4296587822,0.7421093846,0.4194837457,0.5004222319,0.8524628741,9.664316413e-06,9.917344863e-06,0.2504224103,0.7266929517,0.02288463798,0,0
12.232,24.50886674,-0.2588378089,0.4308285836,0.7398872016,0.4205883841,0.5026035016,0.851074415,1.021948807e-05,1.035960155e-05,0.2526102799,0.72432766,0.02306206011,0,0
12.256,24.46087288,-0.2611579531,0.4319960672,0.7376374268,0.4216916364,0.5048010287,0.8496662931,1.08012671e-05,1.080178005e-05,0.2548240787,0.7219328097,0.02324311162,0,0
12.28,24.41306661,-0.2635066958,0.4331609471,0.7353593197,0.4227934013,0.5070149749,0.848237932,1.140968876e-05,1.124060024e-05,0.2570641849,0.7195075893,0.02342822574,0,0
12.304,24.36544685,-0.2658845198,0.4343229274,0.7330521344,0.423893557,0.5092455038,0.8467887454,1.204441123e-05,1.167255962e-05,0.2593309832,0.7170511795,0.02361783723,0,0
12.328,24.31801249,-0.268291915,0.4354817024,0.7307151197,0.4249919614,0.5114927807,0.8453181374,1.270462259e-05,1.209402649e-05,0.2616248649,0.7145627535,0.02381238154,0,0
12.352,24.27076247,-0.270729379,0.436636956,0.7283475198,0.4260884509,0.5137569737,0.8438255019,1.338893854e-05,1.250135255e-05,0.2639462282,0.7120414777,0.02401229407,0,0
12.376,24.2236957,-0.2731974173,0.4377883617,0.7259485745,0.4271828404,0.5160382529,0.8423102231,1.409529469e-05,1.289099926e-05,0.2662954786,0.7094865121,0.0242180093,0,0
12.4,24.17681113,-0.2756965433,0.4389355821,0.7235175196,0.4282749223,0.5183367913,0.8407716755,1.482083941e-05,1.325966918e-05,0.2686730294,0.7068970104,0.02442996013,0,0
12.424,24.13010769,-0.2782272789,0.440078269,0.7210535875,0.4293644664,0.5206527648,0.8392092236,1.556183617e-05,1.360443241e-05,0.2710793018,0.7042721212,0.02464857705,0,0
12.448,24.08358435,-0.2807901547,0.4412160626,0.7185560069,0.4304512193,0.5229863525,0.8376222223,1.631358754e-05,1.392283762e-05,0.2735147252,0.7016109874,0.02487428742,0,0
12.472,24.03724006,-0.2833857105,0.4423485918,0.7160240038,0.4315349038,0.5253377367,0.8360100162,1.707039546e-05,1.421299821e-05,0.2759797379,0.6989127473,0.02510751475,0,0
12.496,23.99107378,-0.2860144953,0.4434754734,0.7134568011,0.4326152186,0.5277071034,0.8343719401,1.782557456e-05,1.447364677e-05,0.2784747873,0.6961765346,0.02534867801,0,0
12.52,23.9450845,-0.2886770682,0.4445963116,0.7108536194,0.4336918379,0.5300946425,0.8327073186,1.85715348e-05,1.470415423e-05,0.2810003304,0.6934014787,0.02559819093,0,0
12.544,23.89927121,-0.2913739983,0.4457106983,0.7082136766,0.4347644108,0.5325005479,0.8310154659,1.929994653e-05,1.490451401e-05,0.2835568338,0.6905867048,0.02585646131,0,0
12.568,23.85363288,-0.2941058653,0.446818212,0.7055361883,0.4358325611,0.5349250177,0.8292956857,2.000199415e-05,1.507529508e-05,0.2861447749,0.6877313346,0.02612389046,0,0
12.592,23.80816852,-0.2968732601,0.4479184174,0.7028203682,0.4368958866,0.5373682548,0.8275472709,2.066871374e-05,1.521757037e-05,0.2887646416,0.6848344859,0.0264008725,0,0
12.616,23.76287714,-0.2996767851,0.4490108654,0.7000654275,0.4379539588,0.5398304667,0.8257695034,2.129139654e-05,1.533282877e-05,0.2914169332,0.681895273,0.02668779382,0,0
12.64,23.71775775,-0.3025170545,0.450095092,0.6972705754,0.4390063227,0.5423118661,0.8239616536,2.186202632e-05,1.542287904e-05,0.2941021606,0.6789128069,0.02698503251,0,0
12.664,23.67280938,-0.3053946953,0.451170618,0.6944350191,0.440052496,0.544812671,0.8221229804,2.237370803e-05,1.548975333e-05,0.296820847,0.6758861952,0.02729295785,0,0
12.688,23.62803105,-0.3083103472,0.4522369483,0.6915579635,0.4410919689,0.5473331048,0.8202527305,2.282104008e-05,1.553561665e-05,0.2995735281,0.6728145421,0.0276119298,0,0
12.712,23.58342181,-0.3112646636,0.4532935712,0.6886386111,0.4421242038,0.5498733968,0.8183501379,2.320038698e-05,1.556268656e-05,0.302360753,0.6696969485,0.02794229852,0,0
12.736,23.53898068,-0.3142583118,0.4543399578,0.6856761622,0.4431486343,0.5524337823,0.8164144238,2.351002114e-05,1.557316588e-05,0.3051830843,0.6665325117,0.02828440398,0,0
12.76,23.49470674,-0.3172919739,0.4553755611,0.6826698143,0.4441646654,0.5550145028,0.8144447957,2.375012141e-05,1.55691891e-05,0.3080410989,0.6633203255,0.02863857559,0,0
12.784,23.45059903,-0.3203663471,0.4563998153,0.6796187621,0.4451716724,0.5576158065,0.8124404469,2.392263637e-05,1.555278253e-05,0.3109353883,0.66005948,0.02900513177,0,0
12.808,23.40665662,-0.3234821443,0.4574121346,0.6765221973,0.446169001,0.5602379482,0.8104005558,2.403103805e-05,1.552583678e-05,0.3138665592,0.6567490611,0.02938437976,0,0
12.832,23.36287858,-0.3266400952,0.4584119127,0.673379308,0.4471559661,0.5628811895,0.8083242854,2.408000305e-05,1.549008991e-05,0.3168352341,0.6533881506,0.02977661525,0,0
12.856,23.319264,-0.3298409461,0.4593985216,0.6701892786,0.4481318516,0.5655457995,0.8062107824,2.407506155e-05,1.544711945e-05,0.3198420519,0.6499758258,0.03018212225,0,0
12.88,23.27581196,-0.3330854612,0.4603713102,0.6669512895,0.4490959097,0.5682320544,0.8040591761,2.402225121e-05,1.539834128e-05,0.3228876682,0.6465111589,0.03060117287,0,0
12.904,23.23252154,-0.336374423,0.4613296035,0.6636645161,0.4500473603,0.5709402381,0.8018685781,2.392780446e-05,1.53450137e-05,0.3259727561,0.6429932167,0.03103402722,0,0
12.928,23.18939186,-0.339708633,0.4622727014,0.6603281291,0.4509853901,0.5736706422,0.7996380807,2.37978874e-05,1.528824505e-05,0.3290980063,0.6394210603,0.03148093332,0,0
12.952,23.14642202,-0.3430889123,0.4631998771,0.6569412932,0.4519091518,0.5764235664,0.7973667564,2.363839818e-05,1.522900378e-05,0.3322641284,0.6357937445,0.0319421271,0,0
12.976,23.10361113,-0.3465161026,0.4641103758,0.6535031673,0.4528177634,0.5791993182,0.7950536564,2.345482493e-05,1.516812979e-05,0.3354718508,0.6321103168,0.03241783245,0,0
13,23.06095831,-0.3499910663,0.4650034131,0.6500129032,0.4537103074,0.5819982136,0.7926978096,2.325215724e-05,1.510634643e-05,0.3387219212,0.6283698175,0.03290826124,0,0
13.024,23.01846268,-0.3535146876,0.4658781738,0.6464696453,0.4545858293,0.5848205769,0.7902982212,2.303484239e-05,1.504427243e-05,0.3420151077,0.6245712787,0.03341361357,0,0
13.048,22.97612339,-0.3570878734,0.4667338095,0.64287253,0.455443337,0.5876667408,0.7878538717,2.280677649e-05,1.498243357e-05,0.3453521988,0.6207137233,0.03393407786,0,0
13.072,22.93393957,-0.3607115534,0.4675694373,0.6392206849,0.4562817996,0.5905370467,0.7853637148,2.257132079e-05,1.492127356e-05,0.348734004,0.6167961648,0.03446983121,0,0
13.096,22.89191035,-0.3643866812,0.4683841376,0.6355132277,0.4571001457,0.5934318443,0.7828266767,2.233133491e-05,1.486116428e-05,0.3521613543,0.612817606,0.03502103965,0,0
13.12,22.85003491,-0.3681142349,0.4691769522,0.6317492661,0.4578972626,0.5963514924,0.7802416538,2.20892201e-05,1.480241503e-05,0.3556351029,0.6087770385,0.03558785856,0,0
13.144,22.80831239,-0.3718952177,0.469946882,0.6279278965,0.4586719942,0.5992963581,0.7776075111,2.184696737e-05,1.474528092e-05,0.3591561253,0.6046734416,0.03617043312,0,0
13.168,22.76674195,-0.3757306586,0.4706928844,0.6240482033,0.4594231398,0.6022668173,0.7749230809,2.160620665e-05,1.468997042e-05,0.3627253196,0.6005057816,0.03676889877,0,0
13.192,22.72532277,-0.3796216129,0.4714138713,0.6201092581,0.4601494523,0.6052632543,0.7721871602,2.136825445e-05,1.463665197e-05,0.3663436075,0.5962730106,0.03738338185,0,0
13.216,22.68405403,-0.3835691632,0.4721087062,0.6161101188,0.4608496362,0.6082860622,0.769398509,2.113415842e-05,1.458545992e-05,0.3700119339,0.5919740659,0.03801400021,0,0
13.24,22.64293489,-0.3875744196,0.4727762012,0.612049829,0.4615223452,0.611335642,0.7665558481,2.090473794e-05,1.453649965e-05,0.3737312676,0.5876078685,0.0386608639,0,0
13.264,22.60196457,-0.39163852,0.4734151144,0.6079274166,0.4621661807,0.614412403,0.7636578569,2.06806203e-05,1.448985208e-05,0.3775026014,0.5831733227,0.03932407595,0,0
13.288,22.56114223,-0.3957626315,0.4740241465,0.6037418935,0.4627796887,0.6175167625,0.7607031709,2.046227246e-05,1.444557764e-05,0.3813269523,0.5786693144,0.04000373323,0,0
13.312,22.5204671,-0.3999479497,0.4746019373,0.5994922543,0.4633613576,0.6206491451,0.7576903792,2.02500287e-05,1.44037196e-05,0.3852053618,0.5740947109,0.04069992734,0,0
13.336,22.47993836,-0.4041957001,0.4751470624,0.5951774759,0.4639096152,0.623809983,0.7546180219,2.004411423e-05,1.436430709e-05,0.3891388953,0.5694483591,0.04141274559,0,0
13.36,22.43955524,-0.4085071377,0.4756580293,0.5907965165,0.4644228258,0.6269997148,0.7514845873,1.984466535e-05,1.432735762e-05,0.3931286427,0.5647290852,0.04214227205,0,0
13.384,22.39931695,-0.4128835474,0.4761332734,0.5863483148,0.4648992867,0.6302187856,0.7482885092,1.965174653e-05,1.429287924e-05,0.3971757182,0.5599356932,0.04288858866,0,0
13.408,22.3592227,-0.4173262445,0.4765711537,0.5818317894,0.465337225,0.6334676463,0.7450281633,1.94653647e-05,1.42608725e-05,0.4012812593,0.5550669643,0.04365177642,0,0
13.432,22.31927174,-0.4218365742,0.4769699484,0.5772458382,0.4657347936,0.6367467527,0.7417018645,1.928548122e-05,1.4231332e-05,0.4054464274,0.5501216559,0.04443191666,0,0
13.456,22.27946329,-0.4264159118,0.47732785,0.5725893379,0.4660900675,0.6400565649,0.7383078632,1.911202183e-05,1.420424788e-05,0.4096724066,0.5450985011,0.04522909234,0,0
13.48,22.23979659,-0.4310656625,0.4776429603,0.5678611432,0.4664010389,0.6433975466,0.7348443421,1.894488493e-05,1.417960692e-05,0.4139604033,0.5399962073,0.04604338944,0,0
13.504,22.20027088,-0.4357872607,0.4779132852,0.5630600872,0.4666656131,0.6467701638,0.7313094121,1.878394836e-05,1.415739366e-05,0.4183116451,0.5348134564,0.04687489848,0,0
13.528,22.16088542,-0.4405821699,0.4781367288,0.5581849802,0.4668816033,0.6501748841,0.7277011087,1.862907501e-05,1.413759128e-05,0.4227273802,0.5295489038,0.04772371599,0,0
13.552,22.12163946,-0.4454518818,0.4783110875,0.5532346106,0.4670467253,0.653612175,0.7240173879,1.848011736e-05,1.412018232e-05,0.4272088757,0.5242011781,0.04858994616,0,0
13.576,22.08253226,-0.4503979149,0.4784340438,0.5482077444,0.4671585919,0.6570825032,0.7202561218,1.833692127e-05,1.410514942e-05,0.4317574163,0.5187688812,0.04947370246,0,0
13.6,22.04356309,-0.455421814,0.4785031596,0.543103126,0.4672147067,0.6605863323,0.7164150945,1.819932898e-05,1.409247586e-05,0.4363743028,0.5132505878,0.05037510946,0,0
13.624,22.00473121,-0.4605251483,0.4785158691,0.5379194782,0.4672124578,0.6641241218,0.712491997,1.806718154e-05,1.40821461e-05,0.4410608495,0.507644846,0.05129430454,0,0
13.648,21.9660359,-0.4657095095,0.4784694711,0.5326555036,0.4671491111,0.6676963247,0.708484423,1.794032083e-05,1.407414619e-05,0.4458183824,0.5019501778,0.05223143983,0,0
13.672,21.92747645,-0.4709765102,0.4783611218,0.5273098855,0.4670218026,0.6713033859,0.7043898632,1.78185911e-05,1.406846422e-05,0.4506482363,0.4961650796,0.0531866841,0,0
13.696,21.88905213,-0.4763277808,0.4781878257,0.5218812891,0.4668275306,0.6749457396,0.7002057007,1.77018402e-05,1.406509067e-05,0.4555517517,0.4902880235,0.05416022478,0,0
13.72,21.85076224,-0.481764967,0.4779464276,0.5163683639,0.4665631482,0.6786238067,0.6959292051,1.758992065e-05,1.406401872e-05,0.4605302714,0.4843174586,0.05515226998,0,0
13.744,21.81260608,-0.4872897262,0.4776336029,0.5107697453,0.4662253535,0.6823379925,0.6915575268,1.748269032e-05,1.406524459e-05,0.4655851363,0.4782518131,0.05616305062,0,0
13.768,21.77458295,-0.4929037239,0.4772458484,0.5050840579,0.4658106811,0.6860886829,0.6870876918,1.738001311e-05,1.40687678e-05,0.4707176811,0.4720894964,0.05719282256,0,0
13.792,21.73669214,-0.4986086286,0.4767794715,0.4993099186,0.4653154919,0.6898762418,0.6825165945,1.728175937e-05,1.40745915e-05,0.4759292292,0.465828902,0.0582418688,0,0
13.816,21.69893298,-0.5044061075,0.4762305801,0.4934459401,0.4647359628,0.6937010068,0.6778409924,1.718780627e-05,1.408272271e-05,0.4812210871,0.4594684112,0.05931050175,0,0
13.84,21.66130477,-0.5102978203,0.4755950712,0.4874907362,0.4640680758,0.6975632854,0.6730574989,1.70980381e-05,1.409317259e-05,0.4865945375,0.4530063971,0.06039906546,0,0
13.864,21.62380684,-0.5162854124,0.474868619,0.4814429261,0.4633076064,0.7014633507,0.6681625769,1.701234644e-05,1.410595676e-05,0.4920508327,0.4464412294,0.06150793794,0,0
13.888,21.58643851,-0.5223705079,0.4740466628,0.4753011411,0.4624501111,0.7054014361,0.6631525314,1.693063034e-05,1.412109557e-05,0.4975911864,0.4397712802,0.06263753348,0,0
13.912,21.54919911,-0.528554701,0.473124394,0.4690640316,0.461490915,0.7093777303,0.6580235029,1.685279645e-05,1.413861442e-05,0.5032167645,0.4329949306,0.06378830496,0,0
13.936,21.51208797,-0.5348395465,0.4720967429,0.4627302746,0.4604250984,0.7133923711,0.6527714594,1.677875913e-05,1.415854406e-05,0.5089286754,0.4261105784,0.06496074616,0,0
13.96,21.47510444,-0.5412265495,0.4709583642,0.4562985832,0.459247482,0.7174454396,0.6473921892,1.670844054e-05,1.418092099e-05,0.514727959,0.4191166469,0.06615539409,0,0
13.984,21.43824785,-0.5477171533,0.4697036233,0.4497677168,0.4579526128,0.7215369524,0.6418812932,1.664177076e-05,1.420578778e-05,0.520615574,0.4120115948,0.06737283121,0,0
14.008,21.40151756,-0.5543127261,0.4683265803,0.4431364927,0.4565347485,0.7256668548,0.6362341768,1.657868787e-05,1.423319356e-05,0.5265923844,0.404793928,0.06861368765,0,0
14.032,21.36491291,-0.5610145466,0.466820975,0.4364037994,0.4549878414,0.7298350117,0.630446042,1.651913809e-05,1.426319441e-05,0.5326591445,0.3974622121,0.06987864335,0,0
14.056,21.32843327,-0.5678237872,0.4651802108,0.4295686113,0.4533055215,0.734041199,0.6245118796,1.646307592e-05,1.42958539e-05,0.538816482,0.3900150879,0.07116843006,0,0
14.08,21.29207798,-0.5747414957,0.4633973375,0.4226300055,0.4514810799,0.7382850935,0.6184264605,1.641046433e-05,1.433124365e-05,0.5450648795,0.3824512872,0.07248383324,0,0
14.104,21.25584643,-0.5817685752,0.4614650351,0.4155871803,0.44950745,0.7425662622,0.6121843285,1.636127491e-05,1.436944392e-05,0.551404654,0.3747696522,0.07382569375,0,0
14.128,21.21973797,-0.5889057614,0.4593755961,0.4084394759,0.4473771904,0.7468841504,0.6057797916,1.631548822e-05,1.441054434e-05,0.5578359344,0.3669691562,0.07519490941,0,0
14.152,21.18375198,-0.5961535977,0.457120908,0.4011863983,0.4450824649,0.7512380691,0.5992069148,1.6273094e-05,1.445464465e-05,0.5643586368,0.359048927,0.07659243622,0,0
14.176,21.14788784,-0.6035124072,0.4546924356,0.3938276444,0.4426150247,0.755627181,0.5924595122,1.623409161e-05,1.450185557e-05,0.5709724369,0.3510082738,0.07801928931,0,0
14.2,21.11214493,-0.610982263,0.4520812033,0.3863631314,0.4399661881,0.7600504852,0.58553114,1.61984904e-05,1.455229977e-05,0.5776767403,0.3428467161,0.07947654353,0,0
14.224,21.07652264,-0.6185629538,0.4492777776,0.3787930283,0.4371268218,0.7645068013,0.5784150902,1.616631023e-05,1.460611294e-05,0.5844706495,0.3345640168,0.08096533363,0,0
14.248,21.04102035,-0.6262539473,0.4462722499,0.3711177917,0.4340873216,0.7689947513,0.5711043846,1.613758211e-05,1.466344502e-05,0.5913529278,0.3261602183,0.08248685384,0,0
14.272,21.00563747,-0.6340543495,0.4430542197,0.3633382047,0.4308375933,0.7735127405,0.5635917696,1.611234883e-05,1.472446158e-05,0.59832196,0.317635683,0.084042357,0,0
14.296,20.97037339,-0.6419628599,0.4396127789,0.35545542,0.4273670347,0.7780589366,0.5558697131,1.609066582e-05,1.478934537e-05,0.6053757091,0.3089911381,0.08563315284,0,0
14.32,20.93522751,-0.6499777226,0.4359364971,0.3474710075,0.4236645177,0.7826312473,0.5479304013,1.607260204e-05,1.485829806e-05,0.6125116696,0.3002277249,0.08726060556,0,0
14.344,20.90019925,-0.6580966729,0.4320134085,0.339387007,0.4197183728,0.7872272963,0.539765739,1.605824114e-05,1.493154226e-05,0.6197268163,0.2913470532,0.08892613047,0,0
14.368,20.865288,-0.666316879,0.4278310011,0.3312059847,0.4155163739,0.7918443968,0.5313673506,1.604768267e-05,1.500932377e-05,0.627017549,0.2823512615,0.09063118953,0,0
14.392,20.83049319,-0.6746348781,0.4233762071,0.3229310968,0.4110457263,0.7964795236,0.5227265847,1.604104362e-05,1.509191416e-05,0.6343796317,0.2732430826,0.09237728568,0,0
14.416,20.79581423,-0.6830465073,0.4186353984,0.3145661577,0.406293057,0.8011292829,0.5138345217,1.603846006e-05,1.517961376e-05,0.6418081282,0.264025916,0.09416595585,0,0
14.44,20.76125055,-0.6915468291,0.413594384,0.3061157149,0.4012444082,0.8057898803,0.504681985,1.604008921e-05,1.527275497e-05,0.6492973315,0.2547039063,0.09599876226,0,0
14.464,20.72680158,-0.7001300497,0.4082384127,0.29758513,0.3958852356,0.8104570858,0.4952595576,1.60461117e-05,1.537170623e-05,0.6568406883,0.2452820296,0.0978772821,0,0
14.488,20.69246673,-0.7087894321,0.4025521813,0.288980667,0.3902004111,0.8151261974,0.4855576039,1.605673434e-05,1.54768764e-05,0.6644307179,0.2357661869,0.09980309513,0,0
14.512,20.65824545,-0.7175172021,0.3965198488,0.280309587,0.3841742316,0.8197920015,0.475566299,1.607219322e-05,1.558872001e-05,0.672058926,0.226163305,0.101777769,0,0
14.536,20.62413718,-0.7263044477,0.390125058,0.2715802507,0.3777904354,0.824448732,0.4652756663,1.60927575e-05,1.570774318e-05,0.6797157119,0.2164814459,0.1038028422,0,0
14.56,20.59014135,-0.7351410119,0.3833509665,0.2628022283,0.3710322267,0.8290900258,0.4546756255,1.611873372e-05,1.583451063e-05,0.6873902711,0.2067299247,0.1058798042,0,0
14.584,20.55625741,-0.7440153791,0.3761802863,0.2539864161,0.3638823098,0.8337088773,0.4437560534,1.615047098e-05,1.596965377e-05,0.6950704924,0.1969194352,0.1080100724,0,0
14.608,20.5224848,-0.7529145546,0.3685953371,0.245145161,0.3563229353,0.8382975898,0.4325068603,1.618836706e-05,1.611388024e-05,0.7027428494,0.1870621845,0.1101949661,0,0
14.632,20.48882299,-0.7618239392,0.3605781107,0.236292392,0.3483359589,0.8428477254,0.4209180856,1.623287563e-05,1.626798509e-05,0.7103922885,0.1771720351,0.1124356765,0,0
14.656,20.45527142,-0.7707271967,0.3521103519,0.2274437575,0.3399029157,0.8473500526,0.4089800178,1.628451499e-05,1.643286399e-05,0.718002112,0.1672646552,0.1147332328,0,0
14.68,20.42182956,-0.7796061192,0.3431736559,0.2186167693,0.3310051115,0.8517944935,0.3966833443,1.634387842e-05,1.660952891e-05,0.7255538594,0.1573576759,0.1170884647,0,0
14.704,20.38849687,-0.7884404866,0.3337495845,0.2098309499,0.3216237337,0.8561700685,0.3840193402,1.641164677e-05,1.679912679e-05,0.7330271864,0.1474708539,0.1195019597,0,0
14.728,20.35527281,-0.7972079268,0.3238198044,0.2011079845,0.311739984,0.860464842,0.370980106,1.648860367e-05,1.700296194e-05,0.7403997446,0.1376262394,0.1219740161,0,0
14.752,20.32215686,-0.805883774,0.3133662474,0.1924718731,0.3013352349,0.8646658674,0.3575588702,1.657565412e-05,1.722252292e-05,0.7476470625,0.127848346,0.1245045916,0,0
14.776,20.28914848,-0.8144409307,0.302371298,0.1839490815,0.2903912134,0.8687591331,0.3437503766,1.66738473e-05,1.745951518e-05,0.7547424316,0.1181643217,0.1270932466,0,0
14.8,20.25624716,-0.822849735,0.2908180072,0.1755686895,0.2788902142,0.8727295112,0.3295513865,1.678440482e-05,1.77159008e-05,0.7616568,0.1086041166,0.1297390834,0,0
14.824,20.22345237,-0.8310778372,0.2786903374,0.1673625298,0.2668153436,0.8765607085,0.3149613372,1.690875587e-05,1.799394712e-05,0.768358676,0.09920064425,0.1324406797,0,0
14.848,20.1907636,-0.839090089,0.2659734388,0.1593653161,0.2541507979,0.8802352228,0.2999832196,1.704858136e-05,1.829628688e-05,0.7748140478,0.08998993236,0.1351960198,0,0
14.872,20.15818034,-0.8468484512,0.2526539578,0.1516147536,0.2408821779,0.8837343049,0.2846247655,1.72058699e-05,1.862599298e-05,0.780986322,0.08101125749,0.1380024205,0,0
14.896,20.12570207,-0.8543119258,0.2387203815,0.144151627,0.2269968398,0.8870379287,0.2689000871,1.738298932e-05,1.898667207e-05,0.7868362873,0.0723072572,0.1408564555,0,0
14.92,20.09332828,-0.8614365168,0.2241634151,0.1370198584,0.2124842843,0.8901247717,0.2528319851,1.758277904e-05,1.938258304e-05,0.7923221095,0.06392401305,0.1437538775,0,0
14.944,20.06105849,-0.8681752295,0.2089763943,0.1302665285,0.1973365836,0.892972207,0.2364552721,1.780867081e-05,1.981878809e-05,0.7973993627,0.05591109608,0.1466895412,0,0
14.968,20.02889217,-0.8744781134,0.193155729,0.1239418519,0.1815488449,0.8955563111,0.219821668,1.806484821e-05,2.030134748e-05,0.8020211067,0.04832156614,0.1496573272,0,0
14.992,19.99682884,-0.880292359,0.1767013774,0.1180990981,0.1651197072,0.8978518887,0.2030071788,1.835646044e-05,2.083757332e-05,0.8061380145,0.04121191509,0.1526500705,0,0
15.016,19.96486801,-0.8855624561,0.1596173444,0.1127944482,0.1480518684,0.8998325179,0.1861234625,1.868991282e-05,2.14363643e-05,0.8096985607,0.03464194375,0.1556594956,0,0
15.04,19.93300918,-0.8902304221,0.1419121986,0.1080867784,0.1303526351,0.9014706188,0.1693356464,1.907326822e-05,2.210865306e-05,0.8126492769,0.02867456164,0.1586761615,0,0
15.064,19.90125186,-0.8942361097,0.1235995998,0.1040373586,0.1120344869,0.9027375482,0.1528904779,1.951681168e-05,2.286801281e-05,0.8149350813,0.02337549877,0.1616894199,0,0
15.088,19.86959557,-0.8975176019,0.1046988262,0.1007094593,0.09311564485,0.9036037239,0.1371601929,2.003386085e-05,2.373149348e-05,0.8164996902,0.01881291907,0.1646873907,0,0
15.112,19.83803984,-0.9000117008,0.08523528793,0.09816785638,0.0736206295,0.9040387801,0.1227066629,2.064195612e-05,2.4720795e-05,0.8172861164,0.01505692573,0.1676569579,0,0
15.136,19.80658417,-0.9016545167,0.06524101325,0.09647822861,0.05358079289,0.9040117573,0.11035828,2.136465427e-05,2.586394741e-05,0.8172372578,0.01217895063,0.1705837916,0,0
15.16,19.7752281,-0.902382159,0.04475508769,0.09570644228,0.03303480501,0.9034913274,0.101247328,2.223431335e-05,2.719777254e-05,0.8162965792,0.01025102218,0.1734523986,0,0
15.184,19.74397115,-0.9021315315,0.02382402833,0.09591772277,0.01202907349,0.9024460562,0.09666906512,2.329656928e-05,2.877158559e-05,0.814408885,0.009344908978,0.1762462061,0,0
15.208,19.71281286,-0.9008412272,0.002502070973,0.09717571521,-0.009381927032,0.900844702,0.09762755851,2.461783049e-05,3.065293044e-05,0.8115211777,0.009531141121,0.1789476812,0,0
15.232,19.68175276,-0.8984525161,-0.01914865185,0.09954144176,-0.03113544063,0.8986565498,0.1042972401,2.629845e-05,3.293677931e-05,0.8075835953,0.01087791538,0.1815384894,0,0
15.256,19.65079038,-0.8949104126,-0.04105806456,0.1030721684,-0.05316035629,0.8958517797,0.115973684,2.849728285e-05,3.576090317e-05,0.8025504121,0.01344989666,0.1839996913,0,0
15.28,19.61992526,-0.8901648066,-0.06314825583,0.1078201999,-0.07537729894,0.892401863,0.1315558159,3.148094709e-05,3.933282683e-05,0.7963810862,0.01730693424,0.1863119796,0,0
15.304,19.58915695,-0.884171634,-0.08533375894,0.1138316279,-0.09769890777,0.8882799833,0.1500090534,3.573230295e-05,4.39799576e-05,0.78904133,0.02250271802,0.1884559519,0,0
15.328,19.55848499,-0.8768940585,-0.1075220218,0.1211450635,-0.1200303205,0.8834614734,0.1705385711,4.222060844e-05,5.024981578e-05,0.7805041767,0.02908340677,0.1904124165,0,0
15.352,19.52790894,-0.8683036319,-0.1296140777,0.1297903906,-0.1422698766,0.87792426,0.1925779407,5.319834707e-05,5.912969154e-05,0.7707510092,0.03708626676,0.192162724,0,0
15.376,19.49742833,-0.8583813955,-0.1515054225,0.1397875818,-0.164310046,0.8716493063,0.2157275116,7.519671339e-05,7.258913782e-05,0.7597725188,0.04653836451,0.1936891167,0,0
15.4,19.46704273,-0.8471188809,-0.1730870947,0.1511456224,-0.1860385802,0.8646210388,0.2396984616,0.0001341291658,9.515331358e-05,0.7475695587,0.05745536156,0.1949750797,0,0
15.424,19.43675169,-0.8345189718,-0.1942469488,0.1638615863,-0.2073398745,0.856827749,0.2642734247,0.0002071688581,0.0001395681731,0.7341538344,0.06984046249,0.1960057031,0,0
15.448,19.40655476,-0.8205965835,-0.2148711004,0.1779199117,-0.2280965168,0.848261954,0.2892810328,8.952683107e-05,0.0002506615634,0.7195483506,0.08368357879,0.1967680706,0,0
15.472,19.37645153,-0.8053791243,-0.2348455138,0.1932919158,-0.2481909923,0.8389207049,0.3145799317,4.910170788e-05,0.0003614283582,0.7037879516,0.09896066404,0.1972513844,0,0
15.496,19.34644153,-0.7889067072,-0.254057694,0.2099355847,-0.2675074979,0.8288058304,0.3400488365,3.241014283e-05,0.0001829589784,0.6869191056,0.1156332447,0.1974476498,0,0
15.52,19.31652436,-0.7712320874,-0.2723984364,0.2277956632,-0.2859338164,0.8179241045,0.3655803763,2.366947843e-05,0.0001081210249,0.6689998413,0.1336490232,0.1973511354,0,0
15.544,19.28669956,-0.7524203114,-0.289763583,0.2468040603,-0.3033631915,0.8062873303,0.3910773199,1.847555692e-05,7.51517779e-05,0.6500992594,0.1529414758,0.1969592649,0,0
15.568,19.25696673,-0.7325480757,-0.306055729,0.2668805713,-0.3196961418,0.793912333,0.4164503121,1.516843526e-05,5.716321479e-05,0.6302967927,0.1734308657,0.1962723416,0,0
15.592,19.22732542,-0.7117028034,-0.3211858247,0.2879339044,-0.334842152,0.7808208593,0.4416165759,1.298471453e-05,4.597773634e-05,0.6096812145,0.1950252022,0.1952935833,0,0
15.616,19.19777523,-0.6899814614,-0.3350746179,0.3098629854,-0.3487211817,0.7670393841,0.4664992307,1.15199588e-05,3.8418507e-05,0.5883494169,0.2176215338,0.1940290494,0,0
15.64,19.16831573,-0.6674891503,-0.3476538902,0.332558502,-0.3612649404,0.7525988262,0.4910269997,1.053587656e-05,3.301287181e-05,0.5664049933,0.2411075155,0.1924874912,0,0
15.664,19.1389465,-0.6443375103,-0.3588674451,0.3559046375,-0.372417886,0.7375341824,0.5151341504,9.880836484e-06,2.89884947e-05,0.5439566704,0.2653631937,0.1906801359,0,0
15.688,19.10966713,-0.6206429945,-0.3686718198,0.379780937,-0.3821379155,0.7218840886,0.5387605652,9.453494823e-06,2.590214509e-05,0.5211166375,0.2902629473,0.1886204152,0,0
15.712,19.08047721,-0.5965250651,-0.3770367014,0.4040642414,-0.3903967325,0.7056903198,0.5618518665,9.184334457e-06,2.348141791e-05,0.4979988276,0.3156775205,0.186323652,0,0
15.736,19.05137633,-0.5721043686,-0.3839450427,0.4286306276,-0.3971798879,0.6889972455,0.5843595454,9.025155389e-06,2.154962102e-05,0.4747172044,0.3414760787,0.1838067168,0,0
15.76,19.02236409,-0.5475009496,-0.3893928839,0.4533572913,-0.4024865062,0.6718512543,0.6062410587,8.942438996e-06,1.998704498e-05,0.451384108,0.3675282217,0.1810876703,0,0
15.784,18.99344007,-0.5228325528,-0.3933889,0.4781243172,-0.4063287209,0.6543001642,0.6274598729,8.912872242e-06,1.87096262e-05,0.428108705,0.3937058924,0.1781854026,0,0
15.808,18.96460387,-0.4982130602,-0.3959537004,0.5028162875,-0.4087308533,0.6363926353,0.6479854392,8.920243071e-06,1.765654008e-05,0.4049955863,0.4198851297,0.1751192839,0,0
15.832,18.9358551,-0.473751102,-0.397118919,0.5273236922,-0.4097283782,0.6181775978,0.6677930969,8.953275143e-06,1.678265463e-05,0.3821435426,0.4459476206,0.1719088369,0,0
15.856,18.90719337,-0.449548867,-0.396926135,0.5515441118,-0.4093667236,0.5997037106,0.6868639033,9.004122456e-06,1.605376129e-05,0.3596445406,0.4717820219,0.1685734375,0,0
15.88,18.87861826,-0.4257011331,-0.3954256692,0.5753831592,-0.4076999531,0.5810188591,0.7051843955,9.067327157e-06,1.544345947e-05,0.3375829147,0.497285032,0.1651320534,0,0
15.904,18.8501294,-0.402294523,-0.3926753016,0.5987551747,-0.4047893826,0.5621697036,0.7227462926,9.139099773e-06,1.493106099e-05,0.3160347758,0.5223622037,0.1616030205,0,0
15.928,18.82172639,-0.3794069866,-0.3887389517,0.6215836794,-0.4007021751,0.5432012832,0.739546147,9.216822068e-06,1.450014328e-05,0.2950676341,0.5469285037,0.1580038621,0,0
15.952,18.79340885,-0.3571074986,-0.3836853629,0.6438016018,-0.3955099566,0.5241566782,0.7555849576,9.298702918e-06,1.413752669e-05,0.2747402234,0.5709086284,0.1543511482,0,0
15.976,18.76517639,-0.3354559573,-0.3775868243,0.6653512964,-0.3892874887,0.505076736,0.7708677555,9.383539233e-06,1.3832536e-05,0.2551025093,0.5942370966,0.1506603941,0,0
16,18.73702863,-0.3145032621,-0.3705179597,0.6861843798,-0.3821114252,0.4859998563,0.7854031731,9.470549074e-06,1.35764568e-05,0.2361958604,0.6168581445,0.146945995,0,0
16.024,18.70896518,-0.2942915477,-0.3625546054,0.7062614125,-0.3740591761,0.4669618367,0.7992030093,9.559254606e-06,1.33621282e-05,0.218053357,0.6387254502,0.1432211928,0,0
16.048,18.68098567,-0.2748545469,-0.3537727952,0.7255514541,-0.3652078931,0.4479957729,0.8122817969,9.649399616e-06,1.318363312e-05,0.2007002126,0.6598017178,0.1394980696,0,0
16.072,18.65308972,-0.2562180583,-0.3442478608,0.7440315218,-0.3556335844,0.4291320112,0.8246563841,9.740891159e-06,1.303605927e-05,0.1841542832,0.680058152,0.1357875649,0,0
16.096,18.62527696,-0.2384004909,-0.3340536552,0.7616859794,-0.345410363,0.4103981464,0.8363455327,9.833758179e-06,1.291531271e-05,0.1684266387,0.6994738502,0.1320995111,0,0
16.12,18.59754702,-0.2214134637,-0.3232618977,0.77850588,-0.3346098258,0.3918190609,0.847369542,9.928122152e-06,1.28179707e-05,0.1535221766,0.7180351408,0.1284426826,0,0
16.144,18.56989953,-0.2052624379,-0.3119416393,0.794488287,-0.3233005581,0.3734169984,0.8577498989,1.002417633e-05,1.27411647e-05,0.1394402548,0.7357348893,0.1248248559,0,0
16.168,18.54233412,-0.1899473622,-0.3001588403,0.8096355911,-0.3115477553,0.355211669,0.8675089591,1.012217119e-05,1.268248642e-05,0.1261753299,0.7525717943,0.1212528758,0,0
16.192,18.51485042,-0.175463317,-0.2879760536,0.8239548382,-0.2994129511,0.3372203776,0.8766696588,1.022240439e-05,1.26399121e-05,0.1137175832,0.7685496909,0.1177327259,0,0
16.216,18.48744808,-0.1618011421,-0.275452203,0.8374570828,-0.2869538418,0.3194581752,0.8852552586,1.032521413e-05,1.261174095e-05,0.1020535258,0.7836768731,0.1142696011,0,0
16.24,18.46012672,-0.1489480387,-0.2626424452,0.8501567744,-0.2742241925,0.3019380271,0.8932891183,1.043097492e-05,1.259654508e-05,0.09116657233,0.797965449,0.1108679787,0,0
16.264,18.43288601,-0.1368881381,-0.2495981058,0.8620711849,-0.2612738157,0.2846709974,0.9007945019,1.054009537e-05,1.259312845e-05,0.08103757688,0.8114307348,0.1075316883,0,0
16.288,18.40572556,-0.125603031,-0.236366678,0.8732198812,-0.2481486086,0.2676664489,0.9077944111,1.065301743e-05,1.260049323e-05,0.071645328,0.824090693,0.104263979,0,0
16.312,18.37864505,-0.1150722542,-0.2229918729,0.8836242452,-0.2348906393,0.2509322599,0.9143114454,1.077021688e-05,1.261781215e-05,0.06296699916,0.8359654193,0.1010675815,0,0
16.336,18.3516441,-0.1052737324,-0.2095137122,0.8933070423,-0.2215382715,0.2344750612,0.9203676861,1.089220485e-05,1.264440585e-05,0.05497855445,0.8470766777,0.09794476782,0,0
16.36,18.32472237,-0.09618417624,-0.1959686553,0.9022920374,-0.2081263191,0.218300503,0.9259846033,1.101953023e-05,1.267972415e-05,0.04765510973,0.8574474857,0.09489740457,0,0
16.384,18.29787952,-0.08777943508,-0.1823897508,0.9106036578,-0.1946862213,0.2024135629,0.9311829822,1.115278301e-05,1.272333087e-05,0.04097125055,0.8671017465,0.09192700292,0,0
16.408,18.27111519,-0.08003480827,-0.1688068076,0.9182666989,-0.1812462338,0.1868189199,0.9359828672,1.129259838e-05,1.27748914e-05,0.03490130895,0.8760639278,0.08903476322,0,0
16.432,18.24442904,-0.07292531563,-0.1552465775,0.9253060723,-0.1678316281,0.1715214316,0.9404035213,1.143966173e-05,1.283416268e-05,0.02941960163,0.884358783,0.08622161532,0,0
16.456,18.21782073,-0.06642593061,-0.1417329465,0.9317465905,-0.1544648947,0.1565267785,0.9444633993,1.159471459e-05,1.29009853e-05,0.02450063252,0.8920111129,0.08348825461,0,0
16.48,18.19128993,-0.06051177873,-0.1282871277,0.9376127871,-0.1411659471,0.1418423861,0.9481801323,1.175856156e-05,1.297527734e-05,0.02011926263,0.8990455634,0.08083517397,0,0
16.504,18.16483628,-0.05515830441,-0.1149278549,0.9429287676,-0.1279523219,0.1274788233,0.9515705215,1.19320784e-05,1.305702987e-05,0.01625085053,0.9054864575,0.07826269195,0,0
16.528,18.13845946,-0.0503414093,-0.1016715729,0.9477180879,-0.1148393735,0.1134520437,0.9546505413,1.211622151e-05,1.314630378e-05,0.01287136636,0.9113576561,0.07577097753,0,0
16.552,18.11215913,-0.04603756513,-0.08853262138,0.9520036585,-0.1018404617,0.0997871858,0.957435348,1.231203889e-05,1.324322801e-05,0.009957482602,0.9166824457,0.0733600717,0,0
16.576,18.08593497,-0.04222390394,-0.07552341324,0.9558076686,-0.08896712982,0.08652539518,0.9599392947,1.252068298e-05,1.334799903e-05,0.007486644168,0.9214834497,0.07102990616,0,0
16.6,18.05978663,-0.03887828855,-0.06265460328,0.9591515299,-0.07622927338,0.07373683362,0.9621759504,1.274342573e-05,1.346088148e-05,0.005437120795,0.9257825597,0.06878031952,0,0
16.624,18.03371379,-0.03597936573,-0.04993524852,0.962055837,-0.06363529827,0.06154708606,0.9641581223,1.29816763e-05,1.358221001e-05,0.003788043972,0.9296008849,0.06661107114,0,0
16.648,18.00771612,-0.03350660443,-0.03737295869,0.9645403401,-0.05119226826,0.05019392973,0.9658978808,1.323700192e-05,1.37123925e-05,0.002519430757,0.9329587163,0.06452185297,0,0
16.672,17.98179331,-0.03144032145,-0.0249740368,0.9666239308,-0.03890604191,0.04015216466,0.9674065866,1.351115267e-05,1.38519144e-05,0.001612196509,0.9358755039,0.0625122996,0,0
16.696,17.95594502,-0.02976169612,-0.01274360984,0.9683246364,-0.0267813987,0.03237527062,0.9686949183,1.38060911e-05,1.400134471e-05,0.001048158338,0.938369845,0.06058199671,0,0
16.72,17.93017093,-0.02845277616,-0.0006857496864,0.9696596229,-0.01482215509,0.0284610387,0.9697729016,1.412402754e-05,1.416134339e-05,0.0008100309235,0.9404594808,0.05873048824,0,0
16.744,17.90447074,-0.02749647597,0.01119641559,0.9706452044,-0.00303127047,0.02968864957,0.9706499376,1.446746287e-05,1.433267065e-05,0.0008814161223,0.9421613016,0.0569572823,0,0
16.768,17.87884411,-0.02687656888,0.02290059957,0.9712968568,0.008589056208,0.03530987702,0.9713348321,1.483924017e-05,1.451619836e-05,0.001246787636,0.9434913562,0.05526185614,0,0
16.792,17.85329073,-0.02657767458,0.03442526412,0.9716292371,0.02003729884,0.0434910519,0.9718358234,1.524260783e-05,1.471292381e-05,0.001891471828,0.9444648679,0.05364366027,0,0
16.816,17.8278103,-0.02658524272,0.04576953441,0.9716562036,0.03131252494,0.05293038268,0.9721606103,1.568129692e-05,1.492398634e-05,0.002801625657,0.9450962525,0.05210212187,0,0
16.84,17.80240249,-0.02688553371,0.05693312177,0.9713908403,0.04241432432,0.06296199073,0.9723163783,1.615961669e-05,1.51506875e-05,0.003964212538,0.9453991398,0.0506366477,0,0
16.864,17.77706701,-0.02746559745,0.0679162538,0.970845481,0.05334274502,0.07325965175,0.9723098253,1.668257339e-05,1.539451514e-05,0.005366976853,0.9453863966,0.04924662652,0,0
16.888,17.75180353,-0.02831325074,0.07871961148,0.970031735,0.06409823609,0.08365654427,0.9721471858,1.725601903e-05,1.565717265e-05,0.006998417697,0.9450701511,0.04793143124,0,0
16.912,17.72661175,-0.02941705392,0.08934427246,0.968960513,0.07468159648,0.09406254346,0.9718342536,1.788683889e-05,1.594061417e-05,0.008847762403,0.9444618168,0.04669042081,0,0
16.936,17.70149138,-0.03076628736,0.09979166034,0.9676420518,0.08509392981,0.1044267203,0.9713764035,1.858319e-05,1.62470872e-05,0.01090494026,0.9435721176,0.04552294212,0,0
16.96,17.6764421,-0.03235092818,0.1100634992,0.9660859398,0.09533660419,0.1147194683,0.9707786108,1.93548064e-05,1.65791844e-05,0.01316055679,0.9424111115,0.04442833173,0,0
16.984,17.65146361,-0.03416162758,0.1201617733,0.9643011398,0.1054112169,0.1249234508,0.9700454695,2.021339318e-05,1.693990659e-05,0.01560586898,0.9409882131,0.04340591789,0,0
17.008,17.62655562,-0.03618968921,0.1300886909,0.9622960115,0.1153195636,0.1350287418,0.9691812088,2.117313886e-05,1.733273962e-05,0.01823276156,0.9393122159,0.04245502258,0,0
17.032,17.60171783,-0.03842704879,0.1398466525,0.9600783323,0.1250636108,0.1450300807,0.9681897081,2.225138654e-05,1.776174848e-05,0.0210337248,0.9373913112,0.04157496396,0,0
17.056,17.57694993,-0.04086625531,0.1494382227,0.9576553156,0.1346454725,0.1549252505,0.9670745094,2.346951822e-05,1.823169246e-05,0.02400183379,0.935233107,0.04076505918,0,0
17.08,17.55225164,-0.04350045408,0.1588661053,0.9550336274,0.1440673901,0.1647140823,0.9658388284,2.485412472e-05,1.874816626e-05,0.02713072953,0.9328446428,0.04002462767,0,0
17.104,17.52762266,-0.0463233718,0.1681331213,0.9522194012,0.1533317139,0.1743978247,0.9644855637,2.643855408e-05,1.931777241e-05,0.03041460196,0.930232403,0.03935299508,0,0
17.128,17.5030627,-0.04932930385,0.1772421901,0.949218249,0.1624408889,0.183978733,0.9630173034,2.826494684e-05,1.994833058e-05,0.03384817498,0.9274023271,0.03874949794,0,0
17.152,17.47857148,-0.05251310421,0.1861963122,0.946035271,0.1713974408,0.1934597964,0.96143633,3.038685715e-05,2.064912858e-05,0.03742669373,0.9243598171,0.03821348922,0,0
17.176,17.4541487,-0.05587017799,0.1949985546,0.9426750613,0.1802039657,0.202844554,0.9597446225,3.28724631e-05,2.143121607e-05,0.04114591417,0.9211097409,0.03774434496,0,0
17.2,17.42979407,-0.05939647694,0.2036520375,0.9391417115,0.1888631197,0.2121369695,0.9579438566,3.580802565e-05,2.230773281e-05,0.04500209512,0.9176564328,0.03734147206,0,0
17.224,17.40550732,-0.06308849825,0.2121599226,0.9354388101,0.1973776113,0.2213413458,0.9560354015,3.930023846e-05,2.329424137e-05,0.04899199292,0.9140036895,0.03700431758,0,0
17.248,17.38128815,-0.06694328681,0.2205254028,0.9315694386,0.2057501932,0.230462268,0.9540203147,4.34733431e-05,2.44089876e-05,0.05311285884,0.9101547615,0.03673237964,0,0
17.272,17.35713629,-0.07095844131,0.2287516921,0.9275361634,0.2139836562,0.2395045658,0.9518993327,4.844984107e-05,2.567291326e-05,0.05736243938,0.9061123402,0.03652522037,0,0
17.296,17.33305146,-0.07513212451,0.2368420163,0.9233410241,0.2220808223,0.2484732919,0.9496728586,5.428755461e-05,2.710904367e-05,0.06173897975,0.9018785392,0.03638248107,0,0
17.32,17.30903337,-0.07946307821,0.2447996039,0.918985516,0.2300445389,0.2573737105,0.9473409463,6.081822223e-05,2.874047001e-05,0.06624123058,0.8974548693,0.03630390013,0,0
17.344,17.28508176,-0.08395064325,0.2526276769,0.9144705682,0.2378776716,0.2662112951,0.944903279,6.732918092e-05,3.05853764e-05,0.0708684582,0.8928422077,0.03628933415,0,0
17.368,17.26119634,-0.08859478522,0.2603294404,0.9097965157,0.2455830969,0.2749917335,0.9423591446,7.222762484e-05,3.264621561e-05,0.0756204587,0.8880407585,0.0363387828,0,0
17.392,17.23737684,-0.09339612647,0.267908071,0.904963065,0.253163693,0.2837209385,0.9397074037,7.341508247e-05,3.48882468e-05,0.08049757632,0.8830500057,0.03645241796,0,0
17.416,17.21362299,-0.09835598522,0.2753667043,0.8999692525,0.2606223298,0.2924050643,0.9369464522,6.99521099e-05,3.720168759e-05,0.08550072654,0.8778686557,0.0366306178,0,0
17.44,17.18993452,-0.1034764228,0.2827084186,0.8948133948,0.267961855,0.3010505274,0.9340741765,6.31459982e-05,3.934788052e-05,0.09063142402,0.8724945688,0.03687400716,0,0
17.464,17.16631115,-0.1087602996,0.2899362165,0.8894930298,0.2751850775,0.3096640315,0.9310878997,5.521802467e-05,4.091726773e-05,0.09589181544,0.8669246787,0.03718350587,0,0
17.488,17.14275263,-0.1142113419,0.2970530007,0.8840048474,0.2822947469,0.3182525975,0.9279843179,4.76868474e-05,4.138051652e-05,0.1012847181,0.861154896,0.0375603859,0,0
17.512,17.11925868,-0.1198342199,0.3040615454,0.8783446077,0.2892935262,0.3268235972,0.9247594251,4.114052286e-05,4.031887866e-05,0.1068136654,0.8551799959,0.03800633876,0,0
17.536,17.09582904,-0.1256346398,0.3109644599,0.8725070468,0.2961839577,0.3353847911,0.9214084239,3.564415572e-05,3.772873886e-05,0.1124829593,0.848993485,0.03852355567,0,0
17.56,17.07246344,-0.1316194509,0.3177641426,0.8664857649,0.3029684203,0.3439443708,0.9179256203,3.106947922e-05,3.407359559e-05,0.1182977311,0.8425874456,0.03911482326,0,0
17.584,17.04916162,-0.137796771,0.3244627236,0.8602730975,0.309649074,0.3525110056,0.914304299,2.724874947e-05,2.999334206e-05,0.1242640098,0.8359523522,0.03978363801,0,0
17.608,17.02592333,-0.1441761324,0.3310619925,0.8538599649,0.3162277903,0.3610938936,0.9105365753,2.402894367e-05,2.599280762e-05,0.1303888006,0.8290768557,0.0405343437,0,0
17.632,17.0027483,-0.1507686521,0.3375633068,0.8472356972,0.3227060632,0.3697028166,0.9066132196,2.128481643e-05,2.234337187e-05,0.136680173,0.8219475304,0.04137229653,0,0
17.656,16.97963627,-0.1575872303,0.3439674765,0.8403878305,0.3290848964,0.3783481995,0.9025234483,1.891786447e-05,1.913657124e-05,0.1431473604,0.814548575,0.04230406456,0,0
17.68,16.95658699,-0.1646467803,0.3502746177,0.8333018695,0.3353646592,0.3870411736,0.8982546745,1.685159799e-05,1.6365868e-05,0.1498008703,0.8068614606,0.04333766909,0,0
17.704,16.9336002,-0.171964498,0.3564839668,0.8259610117,0.341544904,0.3957936421,0.8937922098,1.502664288e-05,1.39839342e-05,0.1566526074,0.7988645145,0.04448287807,0,0
17.728,16.91067565,-0.1795601741,0.362593645,0.8183458262,0.3476241318,0.404618348,0.8891189056,1.339665294e-05,1.193286443e-05,0.1637160077,0.7905324284,0.04575156384,0,0
17.752,16.88781309,-0.187456558,0.368600357,0.8104338792,0.3535994935,0.4135289401,0.8842147219,1.192515052e-05,1.015740394e-05,0.1710061845,0.7818356745,0.04715814104,0,0
17.776,16.86501226,-0.195679781,0.3744990062,0.8021992994,0.3594664059,0.4225400364,0.8790562057,1.058316635e-05,8.609582588e-06,0.1785400825,0.7727398129,0.0487201046,0,0
17.8,16.84227292,-0.2042598468,0.3802822014,0.7936122724,0.3652180581,0.4316672766,0.8736158589,9.347514229e-06,7.249558311e-06,0.1863366378,0.7632046689,0.05045869327,0,0
17.824,16.81959482,-0.2132312007,0.3859396205,0.7846384561,0.3708447741,0.4409273587,0.8678613675,8.199568651e-06,6.045047582e-06,0.1944169357,0.7531833533,0.05239971099,0,0
17.848,16.7969777,-0.222633384,0.3914571895,0.7752383054,0.3763331863,0.4503380452,0.8617546618,7.124472531e-06,4.97046133e-06,0.202804355,0.7426210972,0.0545745478,0,0
17.872,16.77442133,-0.2325117845,0.3968160151,0.7653662992,0.3816651609,0.4599181229,0.8552507627,6.110789432e-06,4.006350871e-06,0.2115246798,0.731453867,0.05702145315,0,0
17.896,16.75192546,-0.242918486,0.4019909936,0.7549700646,0.3868163929,0.4696872893,0.8482963635,5.150780201e-06,3.139801163e-06,0.2206061498,0.7196067203,0.05978712994,0,0
17.92,16.72948984,-0.2539132153,0.4069489886,0.743989399,0.3917545632,0.4796659256,0.8408280821,4.241881096e-06,2.367302757e-06,0.2300794002,0.7069918636,0.06292873618,0,0
17.944,16.70711424,-0.26556437,0.4116464323,0.7323552098,0.3964369075,0.4898746981,0.8327703014,3.391077307e-06,1.705171864e-06,0.2399772198,0.6935063749,0.06651640526,0,0
17.968,16.68479842,-0.2779500862,0.4160261541,0.7199884115,0.4008069999,0.5003338998,0.8240325017,2.627172584e-06,1.222808443e-06,0.2503340113,0.6790295639,0.0706364248,0,0
17.992,16.66254213,-0.2911592588,0.4200131702,0.7067988716,0.4047904766,0.5110624004,0.8145059698,2.033203293e-06,1.084536806e-06,0.2611847771,0.6634199749,0.07539524798,0,0
18.016,16.64034514,-0.3052923524,0.4235090723,0.6926845728,0.408289334,0.5220760048,0.80405976,1.790620701e-06,1.351740269e-06,0.2725633548,0.6465120977,0.08092454753,0,0
18.04,16.61820721,-0.3204617038,0.4263845323,0.6775312992,0.4111743087,0.5333849201,0.7925357869,2.053708346e-06,1.839858129e-06,0.284499473,0.6281129735,0.08738755344,0,0
18.064,16.5961281,-0.3367907937,0.4284692802,0.6612133859,0.413274693,0.5449898741,0.7797429791,2.71529715e-06,2.418125074e-06,0.2970139629,0.6079991135,0.09498692362,0,0
18.088,16.57410759,-0.3544115769,0.429538736,0.6435964673,0.4143647574,0.5568761905,0.7654505633,3.608023684e-06,3.046708031e-06,0.3101110915,0.5859145649,0.1039743436,0,0
18.112,16.55214543,-0.3734583181,0.4292962978,0.624543818,0.4141457908,0.5690047686,0.7493808889,4.658508973e-06,3.722314234e-06,0.3237664267,0.5615717167,0.1146618567,0,0
18.136,16.5302414,-0.3940553097,0.427350226,0.6039289677,0.4122227166,0.5812983767,0.7312029582,5.855247611e-06,4.458944774e-06,0.3379078028,0.5346577661,0.1274344311,0,0
18.16,16.50839526,-0.4162941137,0.4231843341,0.5816590235,0.4080745623,0.5936208973,0.710529428,7.21999719e-06,5.285358575e-06,0.3523857698,0.504852068,0.1427621622,0,0
18.184,16.4866068,-0.440193273,0.4161228609,0.5577158413,0.4010192951,0.6057461126,0.6869231651,8.801638848e-06,6.250477299e-06,0.366928353,0.4718634347,0.1612082122,0,0
18.208,16.46487577,-0.4656295402,0.4052930901,0.5322260375,0.3901768637,0.6173113944,0.6599261625,1.068368159e-05,7.437214249e-06,0.3810733577,0.43550254,0.1834241023,0,0
18.232,16.44320195,-0.4922249381,0.3895967415,0.5055754043,0.3744419244,0.6277507553,0.6291369042,1.300631083e-05,8.991751165e-06,0.3940710109,0.3958132443,0.2101157448,0,0
18.256,16.42158512,-0.5191707759,0.3677166807,0.4785860352,0.3524934229,0.6362026814,0.5943872528,1.601590952e-05,1.11877933e-05,0.404753852,0.3532962064,0.2419499416,0,0
18.28,16.40002505,-0.5449759036,0.3382138844,0.4527674174,0.3228964092,0.6413948605,0.556111882,2.018182171e-05,1.458210908e-05,0.4113873675,0.3092604255,0.279352207,0,0
18.304,16.37852153,-0.5671610827,0.2998112733,0.430616924,0.2843918407,0.6415282483,0.5160519879,2.651017387e-05,2.045189254e-05,0.4115584941,0.2663096547,0.3221318512,0,0
18.328,16.35707431,-0.5820180763,0.251993667,0.4158482008,0.2364991981,0.6342285467,0.4783948127,3.75806571e-05,3.232074689e-05,0.4022458508,0.2288615978,0.3688925513,0,0
18.352,16.3356832,-0.5847352941,0.1959941568,0.4132475326,0.1804924493,0.6167082565,0.4509446169,6.237703797e-05,6.284914887e-05,0.3803290775,0.2033510514,0.416319871,0,0
18.376,16.31434795,-0.570372225,0.1359284345,0.4276920694,0.120502011,0.5863454735,0.4443436068,0.0001619743916,0.0001295815256,0.3438010406,0.1974412577,0.4587577018,0,0
18.4,16.29306837,-0.5359740009,0.07922602998,0.4620678623,0.06390654888,0.5417978345,0.4664662435,0.0002134325372,8.543295889e-05,0.2935449391,0.2175907636,0.4888642973,0,0
18.424,16.27184422,-0.4830927067,0.03514808377,0.5148226803,0.01985953163,0.484369643,0.5152055834,8.003325089e-05,5.863074982e-05,0.2346139574,0.2654367966,0.499949246,0,0
18.448,16.2506753,-0.4186757113,0.01125468833,0.5791160252,-0.004149499127,0.4188269562,0.5791308911,5.377645223e-05,4.981781869e-05,0.1754160221,0.3353925915,0.4891913864,0,0
18.472,16.22956139,-0.35280073,0.009995405464,0.6450001169,-0.005607509877,0.3529422944,0.6450244918,4.615573079e-05,4.8606103e-05,0.1245682653,0.4160565974,0.4593751373,0,0
18.496,16.20850227,-0.2946240566,0.02814515072,0.7033198254,0.01242397334,0.295965343,0.7034295501,4.769750905e-05,5.367396327e-05,0.08759548654,0.4948131348,0.4175913787,0,0
18.52,16.18749773,-0.2496557266,0.05908474708,0.7483470435,0.04339670298,0.2565521179,0.7496042765,6.207223985e-05,7.112378959e-05,0.06581899304,0.5619065765,0.3722744305,0,0
18.544,16.16654756,-0.2197103246,0.09497352115,0.7780525104,0.0788602293,0.2393587192,0.7820387744,0.0001553774584,0.0001680259911,0.05729262058,0.6115846729,0.3311227065,0,0
18.54965834,16.16161616,-0.2146861409,0.1030337375,0.7832016222,0.08655205979,0.2381304058,0.787969568,0.0003076640841,0.0003043356761,0.05670618482,0.6208961326,0.3223976825,0,0
18.568,16.14565155,-0.1981914167,0.125253739,0.8017622889,0.1096744022,0.2344532721,0.8092287949,9.196953636e-05,0.0001137359904,0.05496834525,0.6548512554,0.2901803994,0,0
18.592,16.12480949,-0.1785320236,0.1677143942,0.8194126035,0.1520571677,0.2449526515,0.8334017021,2.035824422e-05,2.29995793e-05,0.06000180192,0.6945583975,0.2454398006,0,0
18.616,16.10402116,-0.1769056569,0.2060323754,0.8218417456,0.1903914215,0.2715602164,0.8436069869,3.499508271e-06,3.589651121e-06,0.07374495116,0.7116727483,0.2145823006,0,0
18.64,16.08328637,-0.1799283149,0.2381221801,0.8187646195,0.2230295302,0.2984566487,0.8485974744,6.246164219e-06,7.509472275e-06,0.08907637121,0.7201176736,0.1908059552,0,0
18.664,16.06260491,-0.1851829716,0.2671618733,0.8130334394,0.2522793291,0.325066454,0.851274476,1.537243996e-05,1.639190158e-05,0.1056681997,0.7246682337,0.1696635666,0,0
18.688,16.04197656,-0.1922199575,0.2967014869,0.8055348362,0.2815003212,0.3535255074,0.8533046368,3.024178941e-05,2.902779548e-05,0.1249802853,0.7281288041,0.1468909106,0,0
18.712,16.02140113,-0.2070604586,0.3315207106,0.7909021797,0.3157946168,0.3908708419,0.8516175772,4.341406296e-05,4.342497451e-05,0.1527800169,0.7252524997,0.1219674834,0,0
18.736,16.00087842,-0.2447107996,0.3587877285,0.7533701336,0.3433636745,0.4342948418,0.8279282403,1.731837437e-05,1.991713051e-05,0.1886120099,0.6854651715,0.1259228186,0,0
18.76,15.98040821,-0.2807560526,0.35501035,0.7171684862,0.339213822,0.4526105497,0.7933452304,5.862658942e-06,6.199851284e-06,0.2455066277,0.6719452016,0.0825481707,0.04065031795,0.04254854693
18.784,15.95999031,-0.2972010909,0.3462970914,0.7009875481,0.3304676787,0.456344348,0.7749789864,1.228028163e-06,1.22397484e-06,0.2614625692,0.6561230959,0.08241433486,0.0532124053,0.05553066663
18.808,15.93962452,-0.3071837478,0.3424355036,0.6909936657,0.3267004657,0.4600260091,0.7643333306,2.162248489e-06,3.705427152e-06,0.2741212827,0.6488014454,0.0770772719,0.0624973537,0.06459600501
18.832,15.91931064,-0.3159109285,0.3409450273,0.6821493096,0.3251741823,0.4648045034,0.7556890428,9.153747068e-07,5.332159014e-06,0.2855599949,0.6424559798,0.07198402529,0.06951676848,0.07139005031
18.856,15.89904847,-0.3242482997,0.3401194181,0.6737107773,0.3242104827,0.4699129477,0.7476621219,1.615226817e-05,1.556856994e-05,0.2955571036,0.6355602537,0.06888264272,0.07473892489,0.07656160496
18.88,15.87883782,-0.3322246582,0.3393062132,0.6656769703,0.3232111075,0.4748704348,0.739994087,7.952980017e-05,3.788976005e-05,0.3043291534,0.6282859887,0.06738485794,0.07882721727,0.08069473848
18.904,15.85867848,-0.3397822653,0.3383159203,0.6580967888,0.3220247738,0.4794889464,0.7326604523,3.99561584e-05,3.060393282e-05,0.312163002,0.6209713748,0.06686562315,0.08225335069,0.08418003548
18.92439891,15.84158416,-0.3458611342,0.3373300782,0.6520107043,0.3208842331,0.4831268009,0.7266943303,3.704102336e-05,3.011570434e-05,0.3182580817,0.6148911642,0.06685075412,0.08484657457,0.08680651365
18.928,15.83857027,-0.3469021102,0.3371453536,0.6509684413,0.3206744813,0.4837437995,0.7256666139,3.699614571e-05,3.024737492e-05,0.3192900606,0.6138375763,0.06687236312,0.08528199569,0.08724554093
18.952,15.81851298,-0.353609605,0.3358701488,0.6442444886,0.3192598045,0.4876971494,0.7190116716,3.82925646e-05,3.202299213e-05,0.3258969956,0.6069969232,0.0671060812,0.08804848458,0.09001913827
18.976,15.79850643,-0.359955883,0.334609882,0.6378615808,0.317931825,0.4914590633,0.7127047366,4.125455428e-05,3.48696221e-05,0.3321500774,0.6005199661,0.0673299565,0.09061806485,0.09257192328
19,15.77855042,-0.3659846531,0.3335242948,0.6317953019,0.3168913655,0.4951597939,0.7068135829,4.533145985e-05,3.856912951e-05,0.33820333,0.5945289009,0.0672677691,0.09302010638,0.09494345843
19.024,15.75864476,-0.3716729968,0.3328088161,0.626149223,0.3163528257,0.4989013175,0.7015283029,5.043458858e-05,4.316614727e-05,0.3441695897,0.5892983193,0.06653209091,0.09526706261,0.0971563577
19.048,15.73878927,-0.3768489326,0.3326323213,0.6212138384,0.3163926602,0.5026523442,0.6971448547,5.665125587e-05,4.885223495e-05,0.3500241702,0.5852355621,0.06474026767,0.09736478781,0.09922461138
19.072,15.71898375,-0.3811837884,0.3329576534,0.6172998984,0.3167417858,0.5061243716,0.6938187973,6.416284767e-05,5.596000234e-05,0.3554798265,0.5825427378,0.06197743574,0.09931794289,0.1011582111
19.096,15.69922801,-0.3844430448,0.3333864499,0.6143700235,0.3168888168,0.5088644021,0.6912807302,7.319298468e-05,6.500280699e-05,0.3600806201,0.580834602,0.05908477788,0.1011376351,0.1029655498
19.12,15.67952186,-0.3868242879,0.3333986413,0.6120087779,0.3165242073,0.5106737547,0.6890154701,8.390784673e-05,7.673872123e-05,0.3636040328,0.5793968677,0.05699909951,0.102816342,0.1046545438
19.144,15.65986513,-0.3888286298,0.3328022014,0.6097995421,0.3156989714,0.5118056355,0.6866741018,9.616690767e-05,9.219509317e-05,0.3663249065,0.5777544237,0.05592066987,0.1043798886,0.1062330931
19.168,15.64025762,-0.3908429293,0.3317564089,0.6075374111,0.3146109549,0.5126602288,0.6841650085,0.0001089964054,0.000112341074,0.3686553842,0.5757910275,0.05555358829,0.1058348622,0.107709256
19.192,15.62069915,-0.393007702,0.3304997664,0.6051763074,0.3134254716,0.5135028232,0.6815232126,0.0001199068013,0.0001362384955,0.3708791392,0.5735652481,0.05555561265,0.1071939754,0.1090913403
19.216,15.60118953,-0.3953213178,0.3291973055,0.6027326481,0.3122375197,0.5144412602,0.6788069783,0.0001251499153,0.0001559481247,0.3731200626,0.5711669266,0.05571301074,0.1084702367,0.1103879885
19.24,15.58172859,-0.3977410357,0.3279320384,0.6002346848,0.3110910531,0.5154971904,0.6760616245,0.0001223173427,0.0001566110203,0.3754137264,0.5686676089,0.0559186647,0.1096763581,0.1116082642
19.264,15.56231613,-0.4002256301,0.3267361925,0.5977060257,0.3100016643,0.5166595538,0.6733153236,0.0001128515692,0.0001374668897,0.3777613894,0.5661152485,0.05612336219,0.1108242821,0.1127617045
19.288,15.54295199,-0.4027453571,0.3256165876,0.595163029,0.3089710055,0.5179092438,0.6705834126,0.0001004435019,0.0001132702291,0.3801548252,0.5635404372,0.05630473764,0.1119248303,0.113858311
19.312,15.52363598,-0.4052810012,0.3245688423,0.5926161355,0.3079944815,0.5192279108,0.6678731053,8.800683906e-05,9.262332546e-05,0.3825851073,0.5609628334,0.05645205933,0.1129874762,0.1149083401
19.336,15.50436791,-0.4078208091,0.3235843224,0.5900717151,0.3070650723,0.5206002556,0.6651868817,7.685998673e-05,7.67192908e-05,0.3850448168,0.5583955988,0.05655958442,0.1140201848,0.1159220053
19.36,15.48514762,-0.4103578275,0.3226533147,0.5875335413,0.3061751589,0.522014088,0.6625246335,6.730553895e-05,6.46106711e-05,0.3875281427,0.5558482394,0.05662361787,0.11502943,0.1169093452
19.384,15.46597493,-0.4128880434,0.3217663935,0.5850038051,0.3053173613,0.5234597868,0.6598849469,5.922422633e-05,5.5241071e-05,0.3900303695,0.5533274509,0.05664217959,0.1160202176,0.1178793047
19.408,15.44684965,-0.4154091881,0.3209149534,0.582483768,0.3044848935,0.5249297104,0.6572658445,5.237970149e-05,4.782002119e-05,0.392547348,0.5508377789,0.05661487311,0.1169961443,0.1188393863
19.432,15.42777161,-0.4179199965,0.3200913662,0.5799741666,0.3036716858,0.5264177108,0.654665202,4.653636497e-05,4.180228904e-05,0.3950751844,0.5483815897,0.05654322591,0.117959576,0.1197950613
19.456,15.40874065,-0.4204197593,0.3192889748,0.5774754584,0.3028723966,0.527918766,0.6520809717,4.149442032e-05,3.681590039e-05,0.3976100778,0.5459590955,0.05643082671,0.1189118526,0.1207495004
19.48,15.38975657,-0.4229080572,0.3185020212,0.5749879655,0.302082374,0.5294287132,0.6495112941,3.709432251e-05,3.260449067e-05,0.4001481656,0.5435682282,0.05628360618,0.1198534018,0.121703306
19.504,15.37081922,-0.4253846069,0.3177255531,0.5725119565,0.3012975962,0.5309440563,0.6469545438,3.321182675e-05,2.898865128e-05,0.4026855483,0.5412049089,0.05610954273,0.1207839563,0.1226547263
19.528,15.35192841,-0.4278491748,0.3169553284,0.5700476904,0.3005146067,0.5324618264,0.6444093405,2.975134804e-05,2.584115618e-05,0.4052183323,0.5388635181,0.05591814966,0.1217027348,0.1236001192
19.552,15.33308398,-0.4303015316,0.3161877257,0.5675954376,0.2997304503,0.5339794808,0.6418745388,2.664011934e-05,2.307125833e-05,0.4077426961,0.5365375642,0.05571973971,0.1226086095,0.1245346401
19.576,15.31428576,-0.4327414307,0.3154196635,0.5651554877,0.2989426124,0.5354948272,0.6393492088,2.382377332e-05,2.061481652e-05,0.4102549682,0.5342204408,0.05552459104,0.1235002576,0.1254530295
19.6,15.29553357,-0.4351686011,0.3146485296,0.5627281502,0.2981489657,0.537005967,0.6368326128,2.126339249e-05,1.84282584e-05,0.4127517019,0.5319061318,0.05534216623,0.1243762929,0.1263503547
19.624,15.27682725,-0.4375827473,0.3138721186,0.5603137505,0.2973477203,0.5385112511,0.6343241803,1.89339628e-05,1.648518625e-05,0.4152297438,0.5295897493,0.05518050692,0.1252353759,0.1272225833
19.648,15.25816663,-0.4399835536,0.3130885778,0.557912625,0.2965373812,0.5400092453,0.6318234845,1.68242118e-05,1.477487246e-05,0.417686287,0.5272678433,0.05504586971,0.1260763017,0.1280669275
19.672,15.23955155,-0.4423706903,0.3122963603,0.5555251155,0.2957167099,0.541498702,0.6293302205,1.493784709e-05,1.330198905e-05,0.4201189115,0.5249384822,0.05494260631,0.126898067,0.1288819556
19.696,15.22098182,-0.4447438198,0.3114941841,0.5531515632,0.2948846909,0.5429785373,0.6268441854,1.329601315e-05,1.208656374e-05,0.422525608,0.5226011479,0.0548732441,0.1276999158,0.1296675149
19.72,15.2024573,-0.4471026033,0.3106809967,0.5507923044,0.2940405022,0.5444478116,0.6243652613,1.193988233e-05,1.116224055e-05,0.4249047872,0.520256512,0.05483870083,0.1284813675,0.1304245323
19.744,15.18397782,-0.4494467059,0.3098559443,0.5484476656,0.2931834899,0.5459057131,0.6218933997,1.093000219e-05,1.05699237e-05,0.4272552758,0.517906157,0.05483856721,0.1292422281,0.1311547563
19.768,15.1655432,-0.4517758015,0.3090183447,0.5461179605,0.292313145,0.5473515435,0.6194286088,1.033592317e-05,1.034491306e-05,0.4295763005,0.5155522948,0.05487140464,0.1299825883,0.1318604933
19.792,15.14715329,-0.4540895769,0.3081676646,0.5438034869,0.2914290842,0.5487847058,0.6169709422,1.021153713e-05,1.050123768e-05,0.4318674632,0.513197513,0.05493502379,0.1307028097,0.1325443694
19.816,15.12880793,-0.4563877349,0.3073034984,0.5415045251,0.2905310327,0.5502046935,0.6145204892,1.056656895e-05,1.102332507e-05,0.4341287076,0.5108445664,0.05502672602,0.1314035028,0.1332091346
19.84,15.11050696,-0.4586699965,0.306425551,0.5392213359,0.2896188085,0.5516110804,0.6120773671,1.135902912e-05,1.187177111e-05,0.4363602818,0.5084962159,0.05514350226,0.1320854976,0.1338575124
19.864,15.0922502,-0.4609361028,0.3055336225,0.5369541599,0.2886923098,0.553003513,0.6096417141,1.251632641e-05,1.299783026e-05,0.4385626967,0.5061551126,0.05528219064,0.1327498112,0.1344920929
19.888,15.07403751,-0.4631858161,0.3046275938,0.5347032168,0.2877515032,0.5543817017,0.6072136837,1.396363591e-05,1.435615448e-05,0.4407366831,0.5038237185,0.05543959844,0.1333976117,0.1351152606
19.912,15.05586872,-0.4654189209,0.3037074156,0.5324687056,0.2867964134,0.5557454149,0.6047934401,1.564017865e-05,1.591100046e-05,0.442883148,0.5015042575,0.05561259446,0.1340301816,0.1357291521
19.936,15.03774368,-0.4676352236,0.3027730977,0.5302508041,0.2858271146,0.5570944723,0.602381154,1.750266635e-05,1.763721979e-05,0.4450031333,0.4991986889,0.05579817772,0.1346488819,0.136335634
19.96,15.01966222,-0.4698345533,0.3018247,0.5280496697,0.2848437228,0.5584287394,0.5999769996,1.95226876e-05,1.951883509e-05,0.4470977752,0.4969086972,0.05599352759,0.1352551178,0.1369362968
19.984,15.0016242,-0.4720167608,0.3008623245,0.5258654398,0.2838463886,0.5597481226,0.5975811519,2.16828384e-05,2.154705406e-05,0.449168267,0.4946356937,0.05619603924,0.1358503058,0.1375324602
20.008,14.98362945,-0.4741817186,0.2998861084,0.5236982324,0.282835292,0.5610525646,0.5951937844,2.397342628e-05,2.371850123e-05,0.4512158251,0.4923808273,0.05640334757,0.1364358443,0.1381251858
20.032,14.96567782,-0.4763293199,0.2988962182,0.5215481468,0.2818106364,0.5623420403,0.5928150675,2.639007855e-05,2.603386264e-05,0.4532416589,0.4901449994,0.0566133417,0.1370130879,0.1387152945
20.056,14.94776915,-0.4784594782,0.2978928443,0.5194152648,0.2807726445,0.5636165532,0.590445167,2.893210764e-05,2.849691242e-05,0.455246944,0.487928884,0.05682417201,0.1375833242,0.1393033879
20.08,14.92990329,-0.4805721261,0.2968761963,0.517299651,0.2797215546,0.5648761318,0.5880842431,3.160141307e-05,3.111383305e-05,0.4572328001,0.4857329489,0.05703425093,0.1381477548,0.1398898709
20.104,14.91208008,-0.4826672145,0.2958464989,0.5152013541,0.2786576166,0.5661208271,0.5857324496,3.440173951e-05,3.389274287e-05,0.4592002721,0.4835574792,0.05724224868,0.1387074801,0.1404749755
20.128,14.89429938,-0.4847447117,0.2948039887,0.5131204079,0.2775810892,0.5673507092,0.5833899331,3.733816342e-05,3.68433629e-05,0.4611503153,0.4814025999,0.05744708479,0.1392634866,0.1410587845
20.152,14.87656104,-0.4868046023,0.2937489108,0.5110568319,0.2764922374,0.5685658655,0.5810568327,4.041672296e-05,3.997677156e-05,0.4630837841,0.4792682996,0.05764791633,0.139816639,0.1416412552
20.176,14.85886489,-0.4888468862,0.2926815162,0.5090106325,0.2753913304,0.5697663978,0.5787332795,4.364413415e-05,4.33052094e-05,0.4650014243,0.4771544522,0.05784412346,0.1403676743,0.1422222415
20.2,14.84121079,-0.4908715777,0.2916020597,0.5069818037,0.2742786389,0.570952421,0.5764193968,4.702755481e-05,4.684190428e-05,0.4669038686,0.4750608385,0.05803529282,0.1409171993,0.1428015153
20.224,14.8235986,-0.4928787046,0.2905107977,0.5049703282,0.2731544342,0.5721240608,0.5741152997,5.057436934e-05,5.060089265e-05,0.4687916345,0.4729871659,0.0582211996,0.141465691,0.143378786
20.248,14.80602815,-0.4948683067,0.2894079861,0.5029761781,0.2720189863,0.5732814522,0.5718210949,5.429197447e-05,5.459681517e-05,0.4706651251,0.4709330865,0.0584017884,0.1420134988,0.1439537189
20.272,14.78849931,-0.4968404355,0.2882938798,0.5009993155,0.2708725627,0.5744247379,0.5695368814,5.818755044e-05,5.884466559e-05,0.4725246327,0.4688982137,0.05857715357,0.1425608499,0.1445259509
20.296,14.77101192,-0.4987951531,0.2871687302,0.4990396937,0.2697154273,0.5755540673,0.5672627501,6.226780512e-05,6.33594715e-05,0.4743703437,0.4668821371,0.05874751918,0.1431078554,0.1450951055
20.32,14.75356585,-0.5007325312,0.2860327852,0.4970972577,0.2685478396,0.5766695951,0.5649987839,6.653867983e-05,6.815588449e-05,0.4762023455,0.4648844354,0.05891321905,0.1436545192,0.145660805
20.344,14.73616093,-0.5026526501,0.2848862874,0.495171945,0.2673700537,0.5777714802,0.5627450583,7.100500786e-05,7.324765616e-05,0.4780206355,0.4629046876,0.05907467695,0.144200747,0.1462226815
20.368,14.71879703,-0.5045555984,0.2837294739,0.4932636859,0.2661823178,0.5788598848,0.5605016415,7.567011747e-05,7.864697611e-05,0.4798251301,0.4609424829,0.05923238708,0.1447463581,0.1467803865
20.392,14.70147401,-0.5064414719,0.2825625754,0.4913724047,0.2649848738,0.5799349735,0.5582685944,8.053537353e-05,8.436364922e-05,0.4816156764,0.4589974287,0.05938689486,0.1452910964,0.1473335982
20.416,14.68419171,-0.5083103728,0.2813858157,0.48949802,0.2637779562,0.5809969126,0.5560459709,8.559965457e-05,9.040409352e-05,0.4833920647,0.457069158,0.05953877729,0.145834645,0.147882028
20.44,14.66695,-0.5101624093,0.2801994113,0.487640445,0.2625617927,0.5820458693,0.5538338185,9.085876566e-05,9.677014799e-05,0.4851540473,0.455157335,0.05968861771,0.1463766451,0.1484254271
20.464,14.64974873,-0.5119976947,0.279003571,0.4857995883,0.2613366031,0.5830820114,0.5516321783,9.630479284e-05,0.0001034576934,0.4869013999,0.4532616759,0.05983692421,0.1469167586,0.1489636051
20.488,14.63258776,-0.5138163468,0.2777984956,0.4839753546,0.2601025993,0.5841055062,0.5494410851,0.0001019254116,0.0001104551101,0.4886337936,0.4513822713,0.05998393506,0.1474545408,0.1494967531
20.512,14.61546695,-0.5156184876,0.2765843779,0.4821676445,0.2588599853,0.5851165208,0.5472605682,0.0001077031702,0.0001177416252,0.4903503276,0.4495194432,0.06013022918,0.1479889731,0.1500252999
20.536,14.59838615,-0.5174042425,0.2753614023,0.4803763555,0.2576089571,0.5861152208,0.545090651,0.0001136147782,0.0001252856382,0.492051327,0.4476688902,0.06027978282,0.148520262,0.1505450568
20.56,14.58134523,-0.5191737398,0.2741297449,0.478601382,0.2563497024,0.5871017706,0.5429313518,0.0001196304419,0.000133043152,0.4937363227,0.4458353048,0.06042837252,0.1490478193,0.1510608343
20.584,14.56434405,-0.5209271103,0.2728895734,0.4768426158,0.2550824004,0.5880763331,0.540782684,0.0001257132983,0.00014095648,0.4954049706,0.4440169599,0.0605780695,0.1495711812,0.1515710288
20.608,14.54738247,-0.5226644869,0.2716410472,0.4750999464,0.2538072226,0.5890390687,0.5386446559,0.0001318190078,0.0001489534235,0.4970569732,0.4422137254,0.06072930137,0.1500899314,0.1520756379
20.632,14.53046035,-0.5243860043,0.2703843174,0.4733732613,0.2525243318,0.589990136,0.5365172715,0.0001378955731,0.0001569471231,0.4986920716,0.4404255508,0.06088237763,0.150603692,0.1525747435
20.656,14.51357756,-0.5260917981,0.2691195266,0.4716624461,0.2512338829,0.5909296909,0.5344005305,0.0001438834488,0.0001648367618,0.5003100473,0.4386524255,0.06103752723,0.151112127,0.1530684713
20.68,14.49673395,-0.5277820051,0.2678468097,0.4699673851,0.2499360227,0.591857887,0.5322944285,0.0001497160042,0.000172509228,0.5019107263,0.436894371,0.0611949027,0.1516149455,0.1535569827
20.704,14.47992939,-0.5294567627,0.2665662932,0.4682879611,0.2486308901,0.5927748748,0.530198957,0.0001553203803,0.000179841745,0.5034939823,0.4351514365,0.06135458123,0.152111906,0.1540404701
20.728,14.46316374,-0.5311162084,0.2652780961,0.4666240557,0.2473186158,0.5936808024,0.5281141043,0.0001606187669,0.0001867053491,0.5050597394,0.4334236943,0.06151656628,0.1526028185,0.1545191524
20.752,14.44643687,-0.53276048,0.2639823295,0.4649755497,0.2459993232,0.5945758146,0.5260398548,0.000165530091,0.0001929689813,0.506607973,0.4317112366,0.06168079037,0.1530875463,0.1549932705
20.776,14.42974865,-0.5343897149,0.2626790972,0.4633423229,0.2446731277,0.5954600537,0.5239761899,0.0001699720811,0.0001985038876,0.5081387108,0.4300141702,0.06184711901,0.1535660064,0.1554630832
20.8,14.41309894,-0.5360040502,0.2613684957,0.4617242544,0.2433401375,0.5963336586,0.5219230878,0.000173863641,0.0002031880214,0.5096520312,0.4283326129,0.06201535588,0.1540381687,0.155928862
20.824,14.39648761,-0.5376036221,0.2600506147,0.4601212227,0.2420004534,0.5971967655,0.5198805238,0.0001771274425,0.0002069102161,0.5111480627,0.4266666883,0.06218524902,0.1545040546,0.1563908864
20.848,14.37991452,-0.5391885663,0.2587255367,0.4585331059,0.2406541691,0.5980495075,0.5178484704,0.0001796926322,0.0002095740229,0.5126269803,0.4250165218,0.06235649794,0.1549637346,0.1568494395
20.872,14.36337955,-0.5407590174,0.2573933381,0.4569597815,0.2393013711,0.5988920148,0.5158268974,0.0001814975337,0.0002111012364,0.5140890031,0.4233822355,0.06252876141,0.1554173247,0.1573048028
20.896,14.34688256,-0.5423151089,0.2560540889,0.4554011265,0.2379421392,0.5997244148,0.5138157721,0.0001824922255,0.0002114351983,0.5155343898,0.4217639444,0.06270166588,0.1558649827,0.157757252
20.92,14.33042342,-0.5438569729,0.2547078529,0.4538570178,0.2365765466,0.6005468319,0.5118150594,0.0001826408671,0.0002105439333,0.5169634345,0.4201617514,0.06287481412,0.1563069037,0.1582070521
20.944,14.31400201,-0.5453847405,0.2533546885,0.4523273317,0.2352046598,0.6013593879,0.5098247218,0.0001819236431,0.0002084230231,0.5183764616,0.4185757442,0.0630477942,0.1567433151,0.1586544537
20.968,14.29761818,-0.5468985411,0.2519946486,0.4508119443,0.233826539,0.6021622017,0.5078447198,0.0001803381871,0.0002050979086,0.519773821,0.4170059906,0.06322018836,0.1571744713,0.1590996891
20.992,14.28127182,-0.5483985027,0.2506277807,0.4493107312,0.2324422384,0.6029553899,0.5058750116,0.0001779003489,0.0002006251081,0.5211558821,0.4154525361,0.06339158176,0.1576006483,0.1595429685
21.016,14.26496279,-0.5498847518,0.2492541276,0.4478235679,0.2310518057,0.6037390665,0.5039155533,0.0001746441844,0.0001950917661,0.5225230289,0.4139154002,0.06356157096,0.158022138,0.1599844772
21.04,14.24869097,-0.5513574133,0.2478737277,0.4463503293,0.2296552831,0.6045133431,0.5019662992,0.0001706210801,0.0001886130597,0.5238756539,0.4123945741,0.06372977195,0.1584392427,0.160424373
21.064,14.23245623,-0.5528166106,0.2464866147,0.44489089,0.2282527068,0.6052783295,0.5000272014,0.0001658979941,0.0001813273107,0.5252141534,0.4108900189,0.0638958277,0.1588522697,0.1608627839
21.088,14.21625844,-0.5542624655,0.2450928187,0.443445124,0.2268441075,0.6060341331,0.4980982103,0.0001605548736,0.0001733890947,0.5265389218,0.4094016633,0.06405941492,0.1592615255,0.1612998062
21.112,14.20009748,-0.5556950982,0.243692366,0.4420129049,0.2254295102,0.6067808595,0.4961792742,0.0001546814086,0.0001649610627,0.5278503467,0.407929403,0.06422025026,0.1596673113,0.1617355037
21.136,14.18397322,-0.5571146276,0.2422852794,0.4405941055,0.2240089347,0.6075186128,0.4942703397,0.0001483733572,0.0001562054581,0.5291488047,0.4064730998,0.06437809543,0.1600699178,0.1621699068
21.16,14.16788554,-0.558521171,0.2408715788,0.4391885983,0.2225823954,0.6082474956,0.4923713513,0.0001417287351,0.0001472763428,0.530434657,0.4050325814,0.06453276159,0.160469621,0.1626030121
21.184,14.15183431,-0.5599148442,0.2394512812,0.4377962546,0.2211499015,0.608967609,0.4904822519,0.0001348441658,0.0001383133387,0.5317082459,0.4036076415,0.06468411265,0.1608666788,0.1630347829
21.208,14.13581941,-0.5612957621,0.2380244013,0.4364169451,0.2197114571,0.6096790534,0.4886029823,0.0001278116589,0.0001294373481,0.5329698916,0.4021980408,0.06483206764,0.1612613271,0.1634651497
21.232,14.11984071,-0.5626640382,0.2365909513,0.4350505394,0.2182670613,0.6103819281,0.4867334813,0.0001207160064,0.0001207483379,0.5342198899,0.400803508,0.06497660208,0.1616537772,0.1638940116
21.256,14.1038981,-0.5640197852,0.235150942,0.4336969061,0.2168167081,0.611076332,0.4848736859,0.0001136329073,0.0001123249706,0.5354585106,0.3994237412,0.06511774814,0.1620442141,0.1643212374
21.28,14.08799145,-0.5653631147,0.2337043822,0.4323559126,0.2153603868,0.6117623638,0.4830235308,0.000106627834,0.0001042256744,0.5366859959,0.3980584106,0.06525559351,0.1624327948,0.1647466684
21.304,14.07212063,-0.5666941379,0.2322512799,0.4310274248,0.2138980816,0.6124401219,0.4811829488,9.975558597e-05,9.64906837e-05,0.5379025606,0.3967071604,0.06539027897,0.1628196478,0.1651701209
21.328,14.05628554,-0.5680129654,0.2307916416,0.4297113074,0.2124297719,0.6131097053,0.4793518705,9.306042145e-05,8.914460821e-05,0.5391083931,0.3953696124,0.0655219945,0.1632048738,0.1655913887
21.352,14.04048604,-0.5693197077,0.2293254736,0.4284074233,0.2109554323,0.6137712134,0.4775302239,8.657663354e-05,8.219917299e-05,0.5403036571,0.3940453694,0.06565097358,0.1635885471,0.1660102478
21.376,14.02472202,-0.5706144754,0.2278527815,0.4271156336,0.2094750325,0.6144247469,0.475717935,8.032943185e-05,7.565587264e-05,0.541488497,0.3927340199,0.06577748314,0.1639707209,0.1664264604
21.4,14.00899336,-0.5718973794,0.226373571,0.4258357977,0.2079885372,0.6150704075,0.4739149272,7.433600324e-05,6.95083803e-05,0.5426630675,0.391435145,0.06590178745,0.1643514558,0.166839782
21.424,13.99329994,-0.5731685311,0.2248878479,0.4245677727,0.2064959064,0.6157082988,0.4721211211,6.860664585e-05,6.374463012e-05,0.543827559,0.3901483184,0.0660241226,0.1647308451,0.1672499614
21.448,13.97764164,-0.5744280433,0.2233956182,0.4233114136,0.2049970949,0.6163385264,0.4703364347,6.31458958e-05,5.834854876e-05,0.5449815042,0.3888730364,0.06614545936,0.1651083211,0.1676566712
21.472,13.96201835,-0.5756760298,0.2218968888,0.4220665731,0.2034920526,0.6169611986,0.4685607832,5.795358991e-05,5.330144879e-05,0.5461255957,0.3876088769,0.06626552737,0.1654844718,0.1680596665
21.496,13.94642994,-0.5769126066,0.2203916674,0.4208331012,0.2019807244,0.6175764266,0.4667940788,5.302582956e-05,4.858311706e-05,0.5472598052,0.386355474,0.06638472076,0.1658591598,0.1684587596
21.52,13.9308763,-0.5781378914,0.2188799629,0.4196108454,0.2004630498,0.618184325,0.4650362307,4.83558276e-05,4.417264106e-05,0.5483842142,0.3851123979,0.06650338795,0.1662323522,0.1688537001
21.544,13.91535732,-0.5793520051,0.2173617853,0.4183996504,0.1989389632,0.6187850124,0.4632871448,4.393463349e-05,4.004901782e-05,0.5494989627,0.3838792411,0.06662179623,0.1666040692,0.169244261
21.568,13.89987287,-0.5805550712,0.2158371463,0.4171993584,0.1974083938,0.6193786115,0.4615467241,3.975174071e-05,3.619158746e-05,0.5506042411,0.3826556226,0.06674013634,0.1669743751,0.1696302427
21.592,13.88442284,-0.5817472168,0.214306059,0.4160098085,0.1958712651,0.61996525,0.4598148685,3.579558713e-05,3.258032918e-05,0.5517003059,0.3814411884,0.06685850569,0.1673433934,0.1700114741
21.616,13.86900712,-0.5829285729,0.2127685385,0.4148308376,0.1943274957,0.6205450604,0.458091475,3.20539636e-05,2.919605251e-05,0.5527875027,0.3802356156,0.06697688172,0.1677113296,0.1703878153
21.64,13.8536256,-0.5840992739,0.2112246018,0.4136622805,0.1927769984,0.6211181805,0.4563764383,2.851435114e-05,2.602051262e-05,0.5538662958,0.379038617,0.06709508719,0.1680785008,0.1707591629
21.664,13.83827816,-0.5852594585,0.2096742679,0.4125039704,0.1912196811,0.6216847532,0.4546696516,2.516421503e-05,2.303647742e-05,0.5549373066,0.3778499485,0.06721274498,0.1684453736,0.1711254559
21.688,13.82296468,-0.5864092681,0.2081175582,0.4113557406,0.1896554468,0.6222449259,0.4529710077,2.199130116e-05,2.022777786e-05,0.5560013612,0.3766694212,0.06732921763,0.168812613,0.1714866869
21.712,13.80768506,-0.5875488462,0.2065544972,0.4102174266,0.1880841939,0.6227988495,0.4512804018,1.898402076e-05,1.757938898e-05,0.5570595515,0.375496924,0.06744352443,0.1691811442,0.1718429227
21.736,13.79243918,-0.5886783349,0.2049851129,0.4090888694,0.186505818,0.623346676,0.4495977348,1.613211243e-05,1.507763498e-05,0.5581133046,0.3743324687,0.06755422675,0.1695522258,0.1721943453
21.76,13.77722693,-0.5897978703,0.2034094386,0.4079699222,0.1849202127,0.6238885537,0.4479229203,1.342805056e-05,1.271073808e-05,0.5591644473,0.3731762798,0.06765927291,0.1699275196,0.1725413371
21.784,13.7620482,-0.5909075722,0.2018275158,0.4068604616,0.1833272736,0.6244246192,0.4462558957,1.087050666e-05,1.047030125e-05,0.5602152121,0.3720289811,0.06775580678,0.170309107,0.1728846565
21.808,13.74690288,-0.592007526,0.2002394006,0.4057604071,0.1817269034,0.6249549811,0.4445966435,8.473970959e-06,8.355510134e-06,0.5612680247,0.3708919844,0.06783999085,0.1706992963,0.173225809
21.832,13.73179086,-0.5930977467,0.1986451754,0.4046697599,0.180119023,0.6254796902,0.4429452303,6.299147882e-06,6.386202651e-06,0.5623246422,0.3697683349,0.06790702289,0.1710997993,0.1735678578
21.856,13.71671202,-0.5941781049,0.1970449765,0.403588681,0.178503593,0.6259986766,0.4413018878,4.557409392e-06,4.648674848e-06,0.5633836032,0.3686646197,0.0679517771,0.1715092601,0.1739172634
21.88,13.70166627,-0.5952481607,0.1954390556,0.4025176669,0.1768806625,0.6265116099,0.4396671934,3.856900245e-06,3.456626864e-06,0.5644340401,0.3675951347,0.06797082525,0.1719172428,0.1742878937
21.904,13.68665349,-0.5963067416,0.1938279455,0.401457995,0.1752504906,0.6270175456,0.4380425278,4.832251873e-06,3.538570676e-06,0.5654445907,0.3665834008,0.0679720085,0.1722935881,0.1747021446
21.928,13.67167357,-0.5973506605,0.1922129812,0.4004130886,0.1736139188,0.6275138578,0.4364314773,7.185071511e-06,5.178525485e-06,0.5663553738,0.3655043839,0.06814024236,0.172581732,0.1750319495
21.952,13.6567264,-0.5983695024,0.1905985384,0.3993941421,0.1719739041,0.6279919301,0.4348456099,1.098684459e-05,8.307176379e-06,0.5670947643,0.363745506,0.06915972974,0.1727208999,0.1746548015
21.976,13.64181189,-0.5993079232,0.1890101341,0.3984622612,0.1703470404,0.6284065703,0.4333477677,1.918726786e-05,1.535685607e-05,0.5675524058,0.3624039896,0.07004360461,0.1726575878,0.1746137016
22,13.62692991,-0.6033456639,0.1882073052,0.3944147723,0.1679121333,0.6320189712,0.4286694497,0.0002731923291,0.0003073961757,0.5701806222,0.3568864576,0.07293292019,0.1707325677,0.173128866
22.024,13.61208037,-0.6017947595,0.185574315,0.3959604916,0.1668884033,0.6297576986,0.4296934373,5.378589796e-06,5.782097316e-06,0.5703072574,0.360768587,0.06892415555,0.1737124984,0.1761321369
22.048,13.59726315,-0.6027291184,0.1839438728,0.3950221352,0.1652272974,0.6301727846,0.4281851785,4.127834785e-06,2.394523898e-06,0.5708563634,0.3594237176,0.06971991898,0.1737386249,0.1760811705
22.072,13.58247816,-0.6037218206,0.1822891499,0.394027591,0.1635403613,0.6306420307,0.4266183215,8.459995845e-06,5.963253596e-06,0.5716181867,0.3582991486,0.07008266466,0.1739088158,0.1762959563
22.096,13.56772529,-0.6047268304,0.1806212306,0.393021206,0.1618394727,0.6311248438,0.4250384492,1.173264967e-05,8.708832026e-06,0.5724615444,0.3572213303,0.07031712527,0.1741429759,0.176563647
22.12,13.55300443,-0.6057351126,0.1789422618,0.3920118902,0.1601270698,0.6316132992,0.4234548388,1.474860209e-05,1.124211402e-05,0.5733453324,0.3561663618,0.07048830579,0.1744099725,0.1768523611
22.144,13.53831548,-0.606744056,0.1772524798,0.3910022382,0.1584039482,0.6321050475,0.4218703131,1.787621744e-05,1.387521431e-05,0.5742528871,0.3551280382,0.07061907465,0.1746960957,0.1771534769
22.168,13.52365834,-0.6077529094,0.1755514093,0.3899929529,0.1566704632,0.6325993172,0.4202857805,2.14061613e-05,1.688211509e-05,0.5751761458,0.354103677,0.07072017728,0.1749942492,0.1774635394
22.192,13.50903289,-0.6087616002,0.173838167,0.3889839811,0.1549268533,0.6330958807,0.4187014061,2.557560275e-05,2.05905958e-05,0.5761107711,0.3530915046,0.07079772423,0.1753003763,0.1777806368
22.216,13.49443905,-0.6097703113,0.17211155,0.3879749008,0.1531733664,0.6335946797,0.4171170145,2.993462151e-05,2.514703957e-05,0.5770541713,0.3520900069,0.07085582179,0.1756119522,0.1781034025
22.24,13.47987671,-0.6107792779,0.1703700572,0.3869650812,0.1514103286,0.6340956416,0.4155322631,3.040306651e-05,2.81490362e-05,0.5780045352,0.3510977392,0.07089772553,0.1759272516,0.1784306767
22.264,13.46534576,-0.6117886563,0.1686118895,0.3859537651,0.1496381962,0.6345985576,0.4139467339,2.131592988e-05,2.17810975e-05,0.5789602924,0.3501132669,0.0709264407,0.1762449627,0.1787613679
22.288,13.45084611,-0.6127984115,0.166834948,0.384940123,0.147857603,0.6351029783,0.4123599994,1.032718538e-05,1.100243031e-05,0.5799197687,0.3491351555,0.07094507582,0.1765639755,0.1790943863
22.312,13.43637764,-0.6138082055,0.1650368427,0.3839233036,0.1460694081,0.6356081125,0.4107716823,3.766469034e-06,4.120922574e-06,0.5808809325,0.3481619815,0.07095708599,0.1768832599,0.1794286065
22.336,13.42194028,-0.6148172764,0.1632149218,0.3829024897,0.1442747446,0.6361127212,0.4091815227,4.334510636e-06,3.055965844e-06,0.5818411931,0.3471923661,0.07096644079,0.177201799,0.1797628475
22.36,13.4075339,-0.6158243111,0.1613663327,0.3818769718,0.1424750665,0.6366150135,0.4075894579,7.25835412e-06,5.440006992e-06,0.5827972318,0.3462250341,0.07097773407,0.1775185563,0.1800958679
22.384,13.39315842,-0.6168273155,0.1594881257,0.3808462426,0.1406721887,0.6371125484,0.4059957206,9.739068754e-06,7.608682036e-06,0.5837448639,0.3452588981,0.07099623802,0.1778324644,0.1804263729
22.408,13.37881373,-0.6178234974,0.1575774103,0.3798101194,0.1388683108,0.6376021598,0.4044009576,1.177849788e-05,9.397289862e-06,0.5846789453,0.3442931675,0.07102788729,0.178142431,0.1807530328
22.432,13.36449973,-0.6188091809,0.1556315684,0.3787688957,0.1370660119,0.6380799225,0.4028063653,1.350073519e-05,1.090824799e-05,0.585593344,0.3433274819,0.07107917412,0.1784473563,0.1810745138
22.456,13.35021633,-0.6197797794,0.1536485234,0.3777235183,0.1352681984,0.638541184,0.4012138355,1.499576949e-05,1.222195229e-05,0.586481006,0.3423620594,0.07115693465,0.1787461621,0.1813895175
22.48,13.33596343,-0.6207298558,0.1516270486,0.376675778,0.1334779864,0.6389806849,0.3996260934,1.63236452e-05,1.339213273e-05,0.5873341428,0.3413978445,0.07126801269,0.1790378268,0.1816968298
22.504,13.32174093,-0.6216532972,0.1495670848,0.3756284894,0.1316984991,0.639392786,0.3980468021,1.752493169e-05,1.445482964e-05,0.5881445633,0.3404366331,0.07141880358,0.1793214282,0.1819953762
22.528,13.30754874,-0.6225436175,0.1474700201,0.3745856224,0.1299325701,0.639771805,0.3964805938,1.862783467e-05,1.543490484e-05,0.5889041506,0.3394811417,0.07161470779,0.1795961877,0.1822842801
22.552,13.29338675,-0.6233943806,0.1453388747,0.3735523352,0.1281823593,0.640112445,0.3949329872,1.965257061e-05,1.635005743e-05,0.5896054583,0.3385349849,0.07185955683,0.1798615156,0.1825629203
22.576,13.27925487,-0.6241997077,0.1431783328,0.3725348556,0.126448917,0.6404102671,0.3934101514,2.061405523e-05,1.721327458e-05,0.5902423644,0.3376025311,0.07215510445,0.1801170539,0.1828309836
22.6,13.26515301,-0.624954803,0.1409945854,0.3715401724,0.1247317642,0.640662141,0.3919185027,2.152359077e-05,1.803435653e-05,0.5908106908,0.3366886208,0.07250068836,0.1803627115,0.1830885078
22.624,13.25108106,-0.6256564134,0.1387949749,0.3705755321,0.1230285828,0.6408665951,0.390464156,2.238995276e-05,1.882089087e-05,0.5913086839,0.3357981663,0.0728931498,0.1805986906,0.1833359089
22.648,13.23703894,-0.6263031405,0.1365874812,0.3696477902,0.1213351157,0.6410239963,0.3890523089,2.322010859e-05,1.957889218e-05,0.5917372638,0.3349356891,0.07332704702,0.1808254995,0.1835739897
22.672,13.22302655,-0.626895544,0.1343801226,0.3687627243,0.119645347,0.6411365225,0.3876866723,2.401970454e-05,2.031323278e-05,0.5920999902,0.3341048822,0.07379512758,0.1810439492,0.1838039259
22.696,13.2090438,-0.6274360221,0.1321803662,0.3679244461,0.1179519684,0.6412079312,0.3863690786,2.479340369e-05,2.102794003e-05,0.5924027463,0.3333082938,0.07428895985,0.1812551346,0.1840272285
22.72,13.19509058,-0.6279284977,0.1299946386,0.3671350451,0.1162470604,0.641243171,0.3850993643,2.55451253e-05,2.172640602e-05,0.5926532026,0.332547204,0.07479959341,0.1814603977,0.1842456831
22.744,13.18116681,-0.6283779757,0.1278279991,0.3663945378,0.1145228565,0.6412479066,0.3838755553,2.627821789e-05,2.241153859e-05,0.5928601538,0.331821713,0.07531813316,0.1816612754,0.1844612705
22.768,13.1672724,-0.6287900537,0.1256839991,0.3657011186,0.1127724375,0.64122804,0.3826943047,2.699558661e-05,2.308587219e-05,0.5930328362,0.3311310035,0.07583616027,0.1818594362,0.1846760722
22.792,13.15340725,-0.6291704598,0.1235647134,0.3650516304,0.1109902372,0.6411892903,0.3815514718,2.769978871e-05,2.375165082e-05,0.5931803141,0.3304736954,0.07634599046,0.1820566074,0.1848921692
22.816,13.13957127,-0.6295246727,0.1214709016,0.3644421358,0.1091723021,0.6411368758,0.3804427183,2.839310626e-05,2.441089109e-05,0.5933109944,0.3298482047,0.07684080095,0.1822545001,0.1851115422
22.84,13.12576436,-0.6298576489,0.1194022489,0.3638684713,0.1073163143,0.6410753114,0.3793640148,2.907760235e-05,2.506543106e-05,0.5934322918,0.3292530351,0.0773146731,0.1824547361,0.1853359787
22.864,13.11198644,-0.6301736613,0.1173576367,0.3633266997,0.1054214375,0.6410083137,0.3783120011,2.975516538e-05,2.571696867e-05,0.5935504409,0.3286869676,0.07776259149,0.1826587818,0.1855669967
22.888,13.09823742,-0.6304762337,0.1153354044,0.3628134219,0.1034880588,0.6409387933,0.3772841866,3.04275443e-05,2.636709255e-05,0.5936704306,0.3281491446,0.07818042486,0.1828678929,0.1858057864
22.912,13.0845172,-0.6307681477,0.1133335794,0.3623259482,0.1015174968,0.6408689073,0.376279012,3.109637733e-05,2.701730714e-05,0.5937960308,0.3276390704,0.07856489889,0.1830830734,0.1860531747
22.936,13.07082569,-0.6310514999,0.1113500611,0.3618623504,0.09951172644,0.6408001495,0.3752958091,3.17632155e-05,2.766905351e-05,0.5939298814,0.3271565571,0.07891356152,0.1833050487,0.186309612
22.96,13.0571628,-0.6313277853,0.1093827606,0.3614214309,0.09747314864,0.6407334554,0.3743346971,3.24295425e-05,2.832372701e-05,0.5940736172,0.3267016447,0.07922473812,0.1835342553,0.1865751784
22.984,13.04352845,-0.6315979928,0.107429696,0.361002639,0.09540441387,0.6406693094,0.3733964482,3.309679158e-05,2.898269256e-05,0.5942280085,0.326274517,0.0794974745,0.1837708433,0.1868496086
23.008,13.02992255,-0.6318626995,0.1054890532,0.3606059613,0.09330829897,0.6406078452,0.3724823458,3.376636021e-05,2.964729809e-05,0.5943931045,0.3258754274,0.07973146818,0.184014692,0.1871323285
23.032,13.016345,-0.6321221582,0.1035592193,0.3602318049,0.09118762792,0.6405489324,0.3715940483,3.443962315e-05,3.031888673e-05,0.5945683704,0.3255046392,0.07992699041,0.1842654344,0.1874225015
23.056,13.00279571,-0.6323763737,0.1016387949,0.3598808845,0.08904522632,0.6404922502,0.3707334667,3.511794422e-05,3.0998808e-05,0.5947528132,0.3251623837,0.08008480306,0.1845224893,0.1877190794
23.08,12.98927461,-0.6326251666,0.09972659343,0.3595541194,0.08688389922,0.6404373466,0.3699026584,3.580268721e-05,3.168842846e-05,0.5949450932,0.3248488319,0.08020607491,0.1847850971,0.1880208542
23.104,12.9757816,-0.6328682262,0.09782163057,0.3592525429,0.08470642357,0.6403836843,0.3691037358,3.649522615e-05,3.238914194e-05,0.5951436214,0.3245640772,0.08029230136,0.185052357,0.1883265085
23.128,12.96231659,-0.6331051514,0.09592310916,0.3589772249,0.08251554851,0.6403306768,0.3683387894,3.719695523e-05,3.310237967e-05,0.5953466421,0.324308127,0.08034523087,0.1853232651,0.1886346622
23.152,12.94887949,-0.6333354836,0.09403040119,0.3587292068,0.08031399851,0.6402777141,0.3676098233,3.79092985e-05,3.382962044e-05,0.5955523024,0.3240808974,0.08036680019,0.1855967498,0.1889439141
23.176,12.93547023,-0.6335587307,0.09214302899,0.3585094468,0.07810447594,0.6402241819,0.3669187003,3.863371962e-05,3.457240106e-05,0.595758709,0.3238822114,0.08035907959,0.1858717044,0.1892528776
23.2,12.92208871,-0.6337743855,0.09026064693,0.3583187759,0.0758896611,0.6401694745,0.3662670963,3.937173178e-05,3.53323272e-05,0.5959639741,0.3237117977,0.08032422811,0.1861470165,0.1895602106
23.224,12.90873484,-0.6339819389,0.08838302411,0.3581578626,0.07367220843,0.6401130039,0.3656564629,4.012490795e-05,3.611108486e-05,0.596166252,0.3235692897,0.08026445828,0.1864215926,0.1898646395
23.248,12.89540855,-0.6341808892,0.08651002853,0.3580271854,0.07145473849,0.640054205,0.3650879964,4.089489164e-05,3.691045266e-05,0.5963637666,0.3234542242,0.08018200927,0.1866943796,0.1901649777
23.272,12.88210975,-0.6343707487,0.08464161284,0.357927013,0.06923982599,0.6399925385,0.3645626149,4.168340832e-05,3.773231505e-05,0.5965548322,0.3233660409,0.08007912686,0.1869643811,0.1904601393
23.296,12.86883834,-0.634551047,0.08277780166,0.3578573921,0.06702998424,0.6399274926,0.3640809414,4.24922777e-05,3.857867677e-05,0.5967378688,0.3233040822,0.079958049,0.1872306713,0.1907491488
23.32,12.85559425,-0.6347213345,0.08091868051,0.3578181407,0.0648276468,0.6398585822,0.3636432945,4.3323427e-05,3.945167875e-05,0.5969114114,0.3232675935,0.07982099509,0.1874924042,0.1910311464
23.344,12.8423774,-0.6348811824,0.07906438601,0.357808849,0.06263514739,0.6397853491,0.3632496856,4.417890544e-05,4.035361563e-05,0.5970741156,0.3232557265,0.07967015792,0.1877488207,0.1913053908
23.368,12.82918769,-0.6350301839,0.07721509746,0.357828885,0.06045469887,0.6397073594,0.3628998231,4.506090025e-05,4.128695537e-05,0.5972247604,0.3232675428,0.07950769685,0.1879992526,0.1915712595
23.392,12.81602505,-0.6351679533,0.07537102942,0.3578774068,0.05828837263,0.6396242029,0.3625931228,4.597175428e-05,4.225436111e-05,0.5973622475,0.3233020211,0.07933573139,0.1882431244,0.1918282467
23.416,12.80288939,-0.6352941255,0.07353242536,0.3579533781,0.05613807907,0.6395354904,0.3623287248,4.691398566e-05,4.325871577e-05,0.5974855991,0.3233580663,0.07915633458,0.1884799534,0.1920759597
23.44,12.78978063,-0.6354083548,0.071699552,0.3580555894,0.05400555033,0.6394408519,0.3621055158,4.789030975e-05,4.430314987e-05,0.5975939536,0.3234345207,0.07897152567,0.1887093483,0.1923141142
23.464,12.77669869,-0.6355103138,0.06987269452,0.3581826816,0.05189232577,0.639339935,0.3619221558,4.890366383e-05,4.539107305e-05,0.5976865606,0.3235301775,0.07878326195,0.1889310057,0.1925425286
23.488,12.76364348,-0.6355996924,0.06805215221,0.3583331722,0.04979974106,0.6392324025,0.3617771089,4.995723482e-05,4.652620995e-05,0.5977627743,0.3236437959,0.07859342986,0.1891447073,0.1927611172
23.512,12.75061492,-0.635676196,0.06623823474,0.3585054836,0.047728921,0.6391179312,0.3616686766,5.105449079e-05,4.771264119e-05,0.5978220471,0.3237741174,0.07840383554,0.1893503145,0.1929698835
23.536,12.73761293,-0.6357395448,0.06443125879,0.3586979711,0.04568077646,0.6389962097,0.3615950329,5.219921659e-05,4.89548504e-05,0.5978639221,0.3239198827,0.07821619514,0.1895477634,0.1931689126
23.56,12.72463744,-0.6357894723,0.06263154506,0.3589089517,0.04365600534,0.6388669372,0.3615542593,5.339555448e-05,5.025777823e-05,0.5978880258,0.3240798488,0.07803212535,0.1897370595,0.1933583639
23.584,12.71168835,-0.6358257243,0.06083941554,0.3591367315,0.04165509737,0.6387298225,0.3615443805,5.464805055e-05,5.162688476e-05,0.5978940604,0.3242528051,0.07785313452,0.1899182713,0.1935384633
23.608,12.69876559,-0.635848058,0.0590551911,0.3593796315,0.0396783425,0.6385845821,0.3615633975,5.596170785e-05,5.306822175e-05,0.5978817963,0.324437589,0.07768061479,0.1900915246,0.1937094957
23.632,12.68586908,-0.6358562413,0.05727918923,0.3596360107,0.03772584239,0.63843094,0.3616093187,5.734204739e-05,5.458851651e-05,0.5978510646,0.3246330998,0.07751583562,0.1902569962,0.1938717974
23.656,12.67299873,-0.6358500515,0.05551172193,0.3599042875,0.03579752447,0.6382686262,0.3616801888,5.879517842e-05,5.619526966e-05,0.5978017503,0.3248383107,0.07735993899,0.1904149076,0.1940257486
23.68,12.66015448,-0.6358292752,0.0537530938,0.3601829573,0.03389315799,0.6380973768,0.3617741131,6.032787951e-05,5.789686944e-05,0.597733785,0.3250522785,0.07721393645,0.1905655191,0.1941717663
23.704,12.64733623,-0.6357937076,0.05200360023,0.3604706072,0.03201237152,0.6379169327,0.3618892795,6.194769235e-05,5.970272567e-05,0.5976471404,0.3252741514,0.07707870816,0.1907091235,0.1943102973
23.728,12.63454391,-0.6357431522,0.05026352572,0.3607659275,0.03015467134,0.63772704,0.3620239753,6.36630304e-05,6.162342729e-05,0.5975418221,0.3255031739,0.07695500397,0.1908460405,0.1944418115
23.752,12.62177745,-0.6356774204,0.0485331422,0.3610677204,0.02831946002,0.6375274493,0.3621766013,6.548330517e-05,6.367092815e-05,0.5974178638,0.3257386899,0.07684344637,0.1909766108,0.1945667953
23.776,12.60903676,-0.6355963316,0.04681270761,0.3613749052,0.02650605496,0.6373179162,0.3623456817,6.741907281e-05,6.585876662e-05,0.5972753217,0.325980143,0.0767445353,0.1911011908,0.1946857456
23.8,12.59632176,-0.635499713,0.04510246436,0.3616865213,0.02471370628,0.6370982009,0.3625298705,6.948220485e-05,6.820232577e-05,0.5971142698,0.3262270757,0.07665865451,0.1912201474,0.194799164
23.824,12.58363239,-0.6353874002,0.04340263802,0.3620017287,0.02294161379,0.636868069,0.3627279549,7.168608673e-05,7.071914228e-05,0.5969347953,0.3264791254,0.07658607933,0.1913338529,0.1949075511
23.848,12.57096855,-0.6352592367,0.04171343602,0.362319806,0.02118894285,0.6366272917,0.3629388559,7.404584859e-05,7.342927332e-05,0.5967369945,0.32673602,0.07652698546,0.1914426804,0.1950114015
23.872,12.55833018,-0.6351150752,0.04003504646,0.362640147,0.01945483873,0.6363756467,0.3631616265,7.657863291e-05,7.635573267e-05,0.5965209694,0.3269975719,0.07648145866,0.1915469998,0.1951111992
23.896,12.54571719,-0.6349547775,0.03836763695,0.362962256,0.01773843966,0.6361129185,0.3633954478,7.930390365e-05,7.952500814e-05,0.5962868247,0.3272636704,0.07644950487,0.1916471734,0.1952074126
23.92,12.53312952,-0.6347782154,0.03671135365,0.3632857415,0.01603888817,0.6358388996,0.3636396237,8.224380062e-05,8.296767356e-05,0.5960346653,0.3275342741,0.07643106058,0.1917435522,0.1953004913
23.944,12.52056707,-0.6345852718,0.03506632027,0.3636103097,0.01435534102,0.6355533919,0.3638935739,8.542354119e-05,8.671910772e-05,0.5957645944,0.3278094024,0.07642600326,0.1918364731,0.1953908617
23.968,12.50802979,-0.6343758409,0.03343263735,0.3639357565,0.01268697751,0.6352562071,0.3641568265,8.887186737e-05,9.082032919e-05,0.5954767119,0.3280891267,0.07643416139,0.1919262553,0.1954789242
23.992,12.49551759,-0.6341498299,0.03181038151,0.3642619603,0.01103300644,0.6349471687,0.3644290095,9.26215286e-05,9.53189468e-05,0.5951711139,0.328373562,0.07645532411,0.1920131983,0.1955650499
24.016,12.4830304,-0.6339071598,0.03019960494,0.3645888737,0.009392671643,0.6346261131,0.3647098423,9.670977662e-05,0.0001002702051,0.5948478918,0.3286628579,0.07648925024,0.1920975791,0.1956495788
24.04,12.47056814,-0.6336477668,0.02860033499,0.364916516,0.007765256356,0.634292891,0.3649991272,0.0001011788245,0.0001057380646,0.5945071328,0.3289571908,0.07653567641,0.192179651,0.1957328168
24.064,12.45813073,-0.6333716035,0.02701257396,0.3652449652,0.006150086424,0.6339473695,0.3652967399,0.0001060761789,0.0001117961778,0.5941489202,0.3292567555,0.07659432433,0.1922596417,0.1958150349
24.088,12.44571812,-0.6330786401,0.02543629904,0.3655743508,0.004546532537,0.6335894332,0.3656026216,0.0001114546833,0.0001185284829,0.5937733347,0.3295617583,0.07666490706,0.1923377523,0.1958964673
24.112,12.43333021,-0.6327688663,0.02387146246,0.3659048468,0.002954011599,0.6332189865,0.3659167707,0.0001173719878,0.0001260288712,0.5933804558,0.32987241,0.07674713421,0.1924141571,0.195977311
24.136,12.42096694,-0.6324422924,0.02231799185,0.3662366648,0.001371987349,0.632835955,0.3662392346,0.0001238889669,0.0001343989327,0.5929703638,0.3301889201,0.07684071605,0.1924890025,0.1960577251
24.16,12.40862823,-0.6320989507,0.02077579079,0.3665700481,-0.0002000296452,0.6324402873,0.3665701027,0.0001310662885,0.0001437419857,0.5925431419,0.3305114916,0.07694536651,0.1925624078,0.1961378307
24.184,12.39631401,-0.6317388975,0.01924473963,0.3669052659,-0.001762482526,0.6320319569,0.366909499,0.0001389578612,0.0001541503071,0.592098879,0.3308403158,0.07706080514,0.1926344652,0.1962177116
24.208,12.38402421,-0.6313622138,0.01772469655,0.3672426081,-0.003315769106,0.631610964,0.3672575765,0.0001475992139,0.0001656805482,0.5916376726,0.3311755695,0.07718675794,0.192705241,0.1962974145
24.232,12.37175875,-0.6309690073,0.01621549878,0.3675823803,-0.004860243183,0.6311773369,0.3676145105,0.000156988057,0.000178309965,0.5911596319,0.3315174109,0.0773229572,0.1927747767,0.1963769508
24.256,12.35951756,-0.6305594134,0.01471696421,0.3679249001,-0.006396216114,0.6307311336,0.3679804936,0.0001670537011,0.0001918647789,0.5906648812,0.3318659784,0.07746914042,0.1928430904,0.1964562979
24.28,12.34730058,-0.6301335964,0.01322889313,0.3682704923,-0.0079239586,0.6302724434,0.3683557311,0.0001776127042,0.0002059162925,0.5901535635,0.3322213881,0.07762504839,0.1929101791,0.196535401
24.304,12.33510772,-0.6296917503,0.01175107027,0.3686194864,-0.009443702611,0.6298013878,0.3687404362,0.0001883123779,0.0002196602188,0.5896258438,0.3325837335,0.07779042267,0.1929760203,0.1966141759
24.328,12.32293892,-0.6292341,0.01028326708,0.368972213,-0.01095564342,0.6293181216,0.3691348264,0.0001985751387,0.0002318416277,0.5890819123,0.3329530851,0.07796500262,0.1930405746,0.1966925113
24.352,12.3107941,-0.6287609015,0.008825244214,0.369329001,-0.01245994167,0.6288228337,0.3695391199,0.0002075770617,0.0002408504723,0.5885219872,0.3333294907,0.07814852205,0.193103788,0.1967702716
24.376,12.2986732,-0.6282724423,0.007376754302,0.3696901755,-0.01395672551,0.6283157472,0.3699535323,0.0002143146466,0.0002451095278,0.5879463183,0.3337129763,0.07834070539,0.1931655942,0.1968473001
24.4,12.28657615,-0.6277690415,0.005937544831,0.3700560558,-0.0154460927,0.62779712,0.3703782745,0.0002178046011,0.0002436849521,0.587355189,0.3341035478,0.07854126323,0.1932259176,0.1969234222
24.424,12.27450287,-0.6272510496,0.004507361279,0.3704269529,-0.01692811269,0.6272672441,0.3708135494,0.0002173864482,0.0002367460169,0.586748919,0.3345011933,0.07874988768,0.1932846762,0.1969984489
24.448,12.26245329,-0.6267188473,0.003085950379,0.3708031689,-0.01840282867,0.6267264449,0.3712595509,0.0002129830478,0.0002254908495,0.5861278666,0.334905885,0.07896624836,0.1933417845,0.1970721801
24.472,12.25042735,-0.6261728451,0.001673063534,0.3711849947,-0.01987025962,0.6261750802,0.3717164611,0.0002051447266,0.0002115995061,0.5854924295,0.3353175811,0.07918998939,0.1933971563,0.1971444088
24.496,12.23842497,-0.6256134813,0.000268460338,0.3715727095,-0.02133040219,0.6256135389,0.3721844495,0.0001948409431,0.0001966452428,0.584843045,0.3357362278,0.07942072713,0.193450707,0.1972149247
24.52,12.22644608,-0.6250412202,-0.001128087807,0.3719665794,-0.02278323266,0.6250422382,0.3726636713,0.0001831426318,0.0001817796591,0.5841801894,0.3361617624,0.07965804819,0.1935023563,0.1972835175
24.544,12.21449063,-0.6244565499,-0.002516794009,0.3723668569,-0.02422870871,0.6244616217,0.3731542662,0.00017097218,0.0001676965246,0.5835043767,0.3365941155,0.07990150786,0.1935520304,0.1973499809
24.568,12.20255853,-0.6238599792,-0.003897852143,0.3727737797,-0.02566677122,0.6238721559,0.3736563581,0.0001589944999,0.0001547340509,0.5828161571,0.337033214,0.0801506289,0.1935996649,0.1974141161
24.592,12.19064972,-0.6232520343,-0.005271433062,0.3731875705,-0.02709734594,0.6232743266,0.3741700535,0.0001476204579,0.0001430006989,0.5821161144,0.3374789846,0.08040490108,0.1936452063,0.1974757351
24.616,12.17876414,-0.6226332547,-0.006637680762,0.3736084366,-0.02852034515,0.6226686347,0.3746954417,0.0001370626558,0.0001324750226,0.581404862,0.3379313564,0.08066378154,0.1936886146,0.1975346649
24.64,12.1669017,-0.6220041892,-0.007996708467,0.374036569,-0.02993566923,0.6220555913,0.3752325935,0.0001273995653,0.0001230714164,0.5806830391,0.3383902641,0.08092669673,0.1937298642,0.1975907497
24.664,12.15506236,-0.6213653902,-0.009348594618,0.3744721425,-0.03134320819,0.6214357121,0.3757815619,0.0001186281965,0.000114678872,0.5799513047,0.3388556494,0.08119304592,0.1937689463,0.197643854
24.688,12.14324603,-0.6207174086,-0.01069337867,0.3749153154,-0.03274284316,0.6208095116,0.3763423807,0.0001107010508,0.0001071819636,0.5792103313,0.3393274629,0.08146220586,0.1938058694,0.1976938638
24.712,12.13145265,-0.6200607872,-0.01203105663,0.3753662292,-0.03413444781,0.6201774956,0.3769150655,0.0001035496682,0.000100471219,0.5784607985,0.3398056655,0.08173353604,0.1938406617,0.1977406888
24.736,12.11968216,-0.6193960536,-0.01336157612,0.3758250086,-0.03551788978,0.6195401545,0.3774996127,9.709859783e-05,9.444754656e-05,0.5777033857,0.3402902303,0.08200638402,0.1938733733,0.1977842638
24.76,12.10793449,-0.6187237126,-0.01468483085,0.3762917614,-0.03689303206,0.6188979535,0.3780960004,9.127313706e-05,8.902351246e-05,0.5769387681,0.3407811436,0.08228008828,0.1939040829,0.1978245502
24.784,12.09620957,-0.6180442368,-0.01600065407,0.3767665784,-0.03825973432,0.618251324,0.3787041878,8.600325775e-05,8.41230524e-05,0.576167626,0.3412784058,0.08255396822,0.1939329189,0.1978615369
24.808,12.08450734,-0.6173580571,-0.0173088106,0.3772495336,-0.03961785428,0.6176006522,0.379324116,8.122530356e-05,7.968048581e-05,0.5753907251,0.3417820318,0.08282724304,0.193960153,0.1978952405
24.832,12.07282772,-0.6166655508,-0.01860898695,0.3777406842,-0.04096724904,0.6169462666,0.3799557079,7.688244276e-05,7.563928691e-05,0.5746095914,0.3422920514,0.08309835722,0.1939868896,0.1979257057
24.856,12.06117066,-0.6159670288,-0.01990077837,0.3782400708,-0.04230777638,0.616288424,0.380598869,7.292446456e-05,7.195084086e-05,0.5738360356,0.3428085089,0.08335545553,0.1940246088,0.1979530046
24.88,12.04953609,-0.61526272,-0.02118367193,0.3787477173,-0.04363929618,0.6156272919,0.3812534872,6.930726026e-05,6.857328995e-05,0.5730309763,0.3433314629,0.08363756084,0.1940340089,0.1979772367
24.904,12.03792395,-0.6145527534,-0.02245702356,0.3792636315,-0.04496167169,0.6149629294,0.3819194341,6.599218101e-05,6.547051016e-05,0.5722305576,0.3438609858,0.08390845656,0.1940511487,0.1979985274
24.928,12.02633416,-0.6138371362,-0.02372002661,0.3797878052,-0.04627477097,0.6142952624,0.3825965648,6.294537573e-05,6.261122587e-05,0.571428671,0.3443971627,0.0841741663,0.1940699976,0.1980170274
24.952,12.01476667,-0.6131157281,-0.02497166787,0.3803202142,-0.04757846832,0.6136240545,0.3832847192,6.013716193e-05,5.996825475e-05,0.5706227639,0.3449400906,0.08443714552,0.19408828,0.198032911
24.976,12.00322141,-0.6123882098,-0.02621066528,0.380860819,-0.04887264571,0.612948871,0.3839837222,5.75414532e-05,5.751786888e-05,0.5698122128,0.3454898771,0.08469791006,0.194105891,0.1980463749
25,11.99169832,-0.6116540451,-0.02743537816,0.381409565,-0.05015719433,0.6122690347,0.3846933849,5.513525111e-05,5.523925622e-05,0.5689963373,0.3460466394,0.08495702338,0.1941229633,0.1980576359
25.024,11.98019733,-0.6109124359,-0.02864367559,0.381966383,-0.05143201615,0.6115835711,0.3854135052,5.289820121e-05,5.311406714e-05,0.568174151,0.3466105026,0.08521534645,0.1941396837,0.1980669297
25.048,11.96871838,-0.6101622709,-0.02983273978,0.3825311893,-0.05269702563,0.6108911434,0.3861438687,5.081220834e-05,5.112603218e-05,0.56734425,0.3471815986,0.08547415131,0.1941562583,0.1980745087
25.072,11.95726141,-0.6094020726,-0.03099876654,0.3831038867,-0.05395215149,0.6101899783,0.3868842497,4.88611051e-05,4.926063911e-05,0.5665047148,0.3477600649,0.08573522026,0.1941729029,0.1980806398
25.096,11.94582635,-0.6086299578,-0.03213649863,0.3836843643,-0.05519733854,0.6094777929,0.3876344123,4.703036671e-05,4.750485913e-05,0.5656530206,0.3483460426,0.0860009368,0.1941898383,0.1980856027
25.12,11.93441314,-0.6078436511,-0.03323848196,0.3842724986,-0.05643254979,0.6087517563,0.3883941116,4.530686603e-05,4.58469136e-05,0.5647859915,0.3489396753,0.08627433322,0.1942072886,0.1980896873
25.144,11.92302171,-0.6070406535,-0.03429385189,0.3848681536,-0.05765776856,0.6080085717,0.3891630942,4.367866272e-05,4.427607428e-05,0.5638999037,0.349541108,0.0865589883,0.1942254785,0.1980931922
25.168,11.91165202,-0.6062188279,-0.03528631091,0.3854711811,-0.05887300085,0.6072449185,0.3899411003,4.213482187e-05,4.278249118e-05,0.5629910252,0.3501504852,0.08685848961,0.1942446323,0.1980964217
25.192,11.90030399,-0.605378071,-0.03619071679,0.3860814216,-0.06007827795,0.606458883,0.3907278638,4.066525746e-05,4.135704332e-05,0.5620573506,0.3507679497,0.08717469967,0.1942649722,0.1980996845
25.216,11.88897755,-0.604524838,-0.03696739607,0.3866987042,-0.06127365922,0.6056540829,0.3915231144,3.926059751e-05,3.999120837e-05,0.5611035859,0.3513936412,0.08750277292,0.1942867163,0.1981032905
25.24,11.87767266,-0.6036842262,-0.03755346718,0.3873228468,-0.06245923519,0.6048511452,0.3923265779,3.791206806e-05,3.867694824e-05,0.5601549866,0.3520276941,0.08781731929,0.1943100773,0.1981075489
25.264,11.86638925,-0.6029317758,-0.0378543531,0.3879536563,-0.06363513098,0.6041189273,0.3931379775,3.66113943e-05,3.740660815e-05,0.5592949395,0.3526702364,0.08803482415,0.1943352599,0.1981127656
25.288,11.85512725,-0.6024705246,-0.03776176415,0.3885909282,-0.06480151007,0.6036527841,0.3939570347,3.535071779e-05,3.617282771e-05,0.5587591433,0.3533213863,0.08791947049,0.1943624582,0.1981192397
25.312,11.84388662,-0.6027560571,-0.03731482929,0.3892344458,-0.06595857849,0.6039099774,0.3947834696,3.41225302e-05,3.496846319e-05,0.5590991146,0.3539812498,0.08691963566,0.1943918526,0.1981272607
25.336,11.83266727,-0.6043448579,-0.03720888327,0.3898839792,-0.06710658939,0.6054892305,0.3956170011,3.291962527e-05,3.378652135e-05,0.5610408142,0.3546499163,0.08430926941,0.1944236049,0.1981371036
25.36,11.82146916,-0.606664662,-0.03882363833,0.3905392834,-0.06824584819,0.6079056563,0.3964573466,3.173507303e-05,3.262010663e-05,0.5640071405,0.3553274531,0.08066540639,0.1944578525,0.1981490244
25.384,11.81029223,-0.6078426066,-0.042027728,0.3912000955,-0.06937671809,0.6092938243,0.3973042207,3.056222347e-05,3.146238562e-05,0.5657336657,0.3560138974,0.07825243691,0.1944947005,0.1981632526
25.408,11.79913641,-0.6075045343,-0.04520598283,0.3918661311,-0.0704996262,0.6091841594,0.3981573332,2.939475195e-05,3.030657636e-05,0.5656395507,0.3567092455,0.07765120379,0.1945342097,0.1981799826
25.432,11.78800165,-0.6064897621,-0.04770261543,0.3925370781,-0.07161506995,0.6083628614,0.3990163855,2.822676665e-05,2.914597526e-05,0.5646817521,0.3574134381,0.0779048098,0.1945763802,0.1981993613
25.456,11.77688788,-0.6053468492,-0.04964389894,0.39321259,-0.07272362389,0.6073790617,0.3998810653,2.705301131e-05,2.797404408e-05,0.5635304551,0.3581263387,0.07834320622,0.1946211298,0.1982214715
25.48,11.76579505,-0.6042584443,-0.05124476963,0.3938922754,-0.07382594647,0.6064274844,0.4007510387,2.586921766e-05,2.678459467e-05,0.5624225701,0.358847705,0.07872972491,0.1946682755,0.1982463093
25.504,11.7547231,-0.6032609716,-0.05264642542,0.3945756851,-0.07492278635,0.6055538341,0.4016259394,2.467269757e-05,2.557213666e-05,0.5614129379,0.3595771483,0.0790099138,0.1947174913,0.1982737525
25.528,11.74367197,-0.6023485886,-0.05392865612,0.3952622943,-0.0760149877,0.6047579037,0.4025053536,2.346332343e-05,2.433250047e-05,0.560500373,0.3603140784,0.07918554862,0.1947682504,0.1983035181
25.552,11.73264159,-0.6015068196,-0.05513585369,0.3959514811,-0.07710349317,0.6040284897,0.4033888001,2.22451423e-05,2.306393256e-05,0.559670181,0.3610576287,0.07927219039,0.1948197641,0.198335104
25.576,11.72163192,-0.6007218232,-0.05629330479,0.3966424986,-0.078189343,0.603353665,0.4042757042,2.102902351e-05,2.176900958e-05,0.5589065453,0.3618065567,0.07928689804,0.1948708998,0.1983677112
25.6,11.71064289,-0.599982333,-0.05741593162,0.3973344402,-0.07927366795,0.6027233106,0.4051653635,1.9836963e-05,2.045798101e-05,0.5581954685,0.3625591131,0.07924541835,0.194920079,0.1984001409
25.624,11.69967445,-0.5992795933,-0.05851288409,0.3980261997,-0.08035767252,0.6021293786,0.4060569063,1.870891206e-05,1.915458458e-05,0.5575249479,0.3633128764,0.07916217578,0.1949651589,0.1984306648
25.648,11.68872653,-0.5986068621,-0.05958999405,0.3987164234,-0.08144260412,0.6015655765,0.4069492402,1.77129819e-05,1.790598018e-05,0.5568844508,0.36406455,0.07905099924,0.1950033077,0.1984568656
25.672,11.67779908,-0.5979589146,-0.06065112552,0.3994034605,-0.08252970238,0.6010269733,0.4078409935,1.695868683e-05,1.679879396e-05,0.5562643152,0.3648097327,0.0789259521,0.1950308924,0.1984754564
25.696,11.66689205,-0.5973316441,-0.06169894126,0.4000853129,-0.0836201218,0.6005096606,0.408730452,1.660868733e-05,1.598142557e-05,0.5556552692,0.365542683,0.07880204777,0.1950434165,0.1984821004
25.72,11.65600537,-0.5967217617,-0.06273535128,0.4007595973,-0.08471482063,0.6000104875,0.4096154973,1.687682695e-05,1.568385401e-05,0.5550481469,0.3662561298,0.07869572329,0.1950355615,0.1984712739
25.744,11.64513898,-0.5961265743,-0.06376178242,0.4014235311,-0.0858144105,0.5995268614,0.410493562,1.799882346e-05,1.620824366e-05,0.5544338581,0.3669412159,0.07862492596,0.1950014003,0.1984362512
25.768,11.63429284,-0.5955438214,-0.0647793438,0.4020739668,-0.08691896598,0.5990565971,0.4113616188,2.01862702e-05,1.786540989e-05,0.5538036598,0.3675877146,0.07860862563,0.1949348528,0.1983693328
25.792,11.62346689,-0.5949715519,-0.0657889298,0.4027075003,-0.08802780326,0.598597804,0.4122162357,2.36082042e-05,2.090052449e-05,0.5531497541,0.3681847081,0.07866553787,0.1948304226,0.1982624826
25.816,11.61266106,-0.5944080312,-0.06679128397,0.4033206861,-0.08913925348,0.5981487969,0.4130537282,2.842715289e-05,2.550168309e-05,0.5524661866,0.3687219642,0.07881184921,0.1946842026,0.1981085812
25.84,11.60187531,-0.5938516665,-0.06778703746,0.4039103823,-0.09025047851,0.5977080259,0.4138704457,3.486718789e-05,3.18950969e-05,0.551749977,0.3691922633,0.07905775974,0.1944950915,0.1979035165
25.864,11.59110957,-0.593300946,-0.06877672978,0.4044742283,-0.09135739994,0.5972740167,0.4146632078,4.328798791e-05,4.045848996e-05,0.5510024362,0.3695948092,0.07940275467,0.1942661832,0.1976492317
25.888,11.5803638,-0.5927543863,-0.06976081601,0.4050112153,-0.09245482441,0.5968453183,0.4154298726,5.427084438e-05,5.183632023e-05,0.5502306829,0.3699389029,0.07983041417,0.194006346,0.1973569212
25.912,11.56963793,-0.5922104835,-0.07073966269,0.4055222555,-0.09353683417,0.5964204529,0.4161699641,6.874708435e-05,6.709978922e-05,0.5494490624,0.3702477898,0.08030314777,0.1937317011,0.1970503463
25.936,11.55893191,-0.5916676648,-0.07171353255,0.406010605,-0.09459745617,0.595997866,0.4168852241,8.821632549e-05,8.801930764e-05,0.548678718,0.3705545412,0.08076674079,0.1934652539,0.1967612434
25.96,11.54824569,-0.5911242384,-0.07268255719,0.4064819836,-0.09563153106,0.595575872,0.4175799237,0.0001151171862,0.0001175211107,0.5479418189,0.3708898474,0.08116833363,0.1932311864,0.1965168409
25.984,11.5375792,-0.5905783369,-0.07364669545,0.4069442904,-0.09663560525,0.595152592,0.4182607987,0.0001533547937,0.0001602259133,0.5472507053,0.3712675675,0.0814817272,0.193044074,0.1963254461
26.008,11.52693241,-0.5900278509,-0.07460567406,0.407406931,-0.09760861749,0.5947258793,0.41893657,0.0002083429307,0.0002215215149,0.5466022745,0.3716837467,0.08171397881,0.1929033596,0.196175848
26.032,11.51630524,-0.589470348,-0.07555890544,0.4078799108,-0.09855218749,0.5942932268,0.4196171533,0.000282239585,0.0002969994865,0.5459846413,0.372127899,0.08188745975,0.1928001222,0.1960492555
26.056,11.50569765,-0.5889029689,-0.07650537671,0.4083729355,-0.09947043407,0.5938516476,0.4203127666,0.000352618109,0.0003461781492,0.5453846826,0.372592235,0.08202308242,0.1927247788,0.1959292934
26.08,11.49510959,-0.5883222913,-0.07744350283,0.4088947516,-0.1003693955,0.5933975182,0.4210331739,0.0003672497872,0.0003318169696,0.5447856586,0.3730746171,0.08213972428,0.1926649092,0.1958055735
26.104,11.48454099,-0.587724146,-0.07837093829,0.4094528642,-0.1012562255,0.5929263662,0.4217872345,0.0003299070169,0.0002891379477,0.544161884,0.3735748102,0.0822633058,0.1926000994,0.1956702554
26.128,11.47399181,-0.5871033608,-0.0792843474,0.4100536444,-0.1021383511,0.5924325819,0.4225828132,0.0002854309253,0.0002511918106,0.5434831762,0.3740994289,0.08241739487,0.1925067307,0.1955231318
26.152,11.46346199,-0.5864534008,-0.08017915123,0.4107027428,-0.1030227191,0.5919090197,0.4234269991,0.0002513403405,0.0002242488794,0.5427283414,0.3746560826,0.08261557599,0.1923719906,0.1953656088
26.176,11.45295148,-0.5857658594,-0.08104931152,0.4114056834,-0.1039151629,0.5913464576,0.4243265221,0.0002285177908,0.0002068653926,0.5418919193,0.3752555965,0.0828524842,0.1922012341,0.1952025563
26.2,11.44246023,-0.5850297661,-0.08188730469,0.412168519,-0.1048198325,0.5907328989,0.4252882379,0.0002152233582,0.0001974319821,0.5409801113,0.3759124212,0.08310746752,0.1920147071,0.1950422969
26.224,11.43198818,-0.5842307412,-0.08268461911,0.4129984498,-0.1057385653,0.5900527987,0.4263195559,0.000210820483,0.000195735344,0.5400021536,0.3766453604,0.08335248601,0.191839804,0.1948969583
26.248,11.42153528,-0.5833502971,-0.08343339224,0.4139043123,-0.1066700354,0.5892866026,0.4274286797,0.0002171625631,0.000203975841,0.538965233,0.3774784009,0.08355636613,0.1917064858,0.1947830831
26.272,11.41110148,-0.5823662848,-0.08413004806,0.4148968059,-0.107608495,0.588411722,0.4286244834,0.0002420597992,0.0002302861343,0.5378746049,0.3784411272,0.0836842679,0.1916461917,0.1947221265
26.296,11.40068672,-0.5812568159,-0.08478131865,0.4159882143,-0.1085419364,0.5874073187,0.4299157434,0.000316181233,0.000305456248,0.5367387549,0.3795679409,0.08369330419,0.1916912968,0.1947403012
26.31078971,11.39427821,-0.5805049208,-0.08516936554,0.4167155871,-0.1091060987,0.5867195104,0.43076214,0.0004404473956,0.000420769177,0.5360250619,0.3803599285,0.08361500956,0.191785084,0.1948037302
26.32,11.39029096,-0.5800109216,-0.08541036533,0.4171911788,-0.1094496083,0.5862658097,0.4313092817,0.0005732455931,0.0004981893044,0.5355797451,0.3808959294,0.08352432554,0.1918718168,0.1948679847
26.344,11.37991414,-0.5786453603,-0.08605573501,0.4185158205,-0.1102991505,0.585009438,0.432806417,0.0002495586093,0.0001893544763,0.5344412603,0.3824479583,0.08311078142,0.1922051555,0.1951265278
26.368,11.3695562,-0.5772134321,-0.08675672248,0.4199644077,-0.1110444044,0.5836969034,0.4343972416,7.719652669e-05,6.054198734e-05,0.5333850863,0.3842336423,0.08238127133,0.1926830053,0.1955326752
26.392,11.35921711,-0.5757789381,-0.08753801948,0.4215235579,-0.1116263698,0.5823953042,0.436053387,3.45232827e-05,2.927106459e-05,0.5324288098,0.3862015405,0.08136964974,0.1932445182,0.1960589833
26.416,11.3488968,-0.5743337366,-0.0884218627,0.4231575288,-0.1119811079,0.581100393,0.4377237287,3.141891574e-05,3.132357321e-05,0.5314356908,0.388196718,0.08036759117,0.193758023,0.1965946544
26.44,11.33859523,-0.5726031526,-0.0894122494,0.4248164856,-0.1120549176,0.5795419922,0.4393465044,3.807359059e-05,3.905645357e-05,0.5298221898,0.3898234584,0.0803543518,0.1939532676,0.1967981059
26.464,11.32831235,-0.5697536649,-0.08978144534,0.4264990693,-0.1117929692,0.5767841421,0.4409071604,4.663728671e-05,4.78324472e-05,0.5256206046,0.3899348131,0.08444458225,0.1929406558,0.1955356868
26.488,11.3180481,-0.5676044291,-0.08691846727,0.428374646,-0.1107838518,0.5742208703,0.442467964,7.264064837e-05,7.387848801e-05,0.52065312,0.3892291648,0.09011771517,0.1909235069,0.1934512602
26.49816,11.3137085,-0.5680965628,-0.08568253979,0.4290204939,-0.109641895,0.5745217161,0.4428091342,0.0004779895657,0.0004757365818,0.5234634528,0.3924295959,0.08410695136,0.1933880221,0.1963494402
26.512,11.30780243,-0.5691506148,-0.08494340421,0.4283422221,-0.1077180184,0.5754544328,0.4416788774,2.197495577e-05,2.264374389e-05,0.5264808146,0.3932554278,0.08026375761,0.1953330098,0.1981751966
26.536,11.29757529,-0.5705008204,-0.0849244268,0.4263127693,-0.1078589369,0.5767870875,0.4397455259,3.469448916e-05,3.608845972e-05,0.5253903617,0.389550918,0.08505872032,0.1927070162,0.1961747892
26.56,11.28736664,-0.5713290395,-0.08530185746,0.4258077319,-0.108415257,0.5776619065,0.439392868,3.894085659e-05,4.051469057e-05,0.5282196981,0.3903396281,0.08144067378,0.1945264184,0.197273534
26.584,11.27717642,-0.5719497682,-0.08578303039,0.4253804166,-0.1088059493,0.5783470115,0.4390754302,4.106222992e-05,4.279547138e-05,0.5293714975,0.3905463257,0.08008217676,0.1948862302,0.1977590904
26.608,11.26700459,-0.5724766998,-0.0863465495,0.4248974718,-0.1092859582,0.5789518965,0.4387268879,4.234431936e-05,4.423061507e-05,0.5298699123,0.3900822111,0.0800478766,0.194684612,0.197600927
26.632,11.25685108,-0.5729376251,-0.08699417187,0.4244150891,-0.1099087423,0.5795045368,0.4384154417,4.322089354e-05,4.524883602e-05,0.5302354156,0.3893982487,0.08036633578,0.1944099055,0.1971901471
26.656,11.24671586,-0.5733352597,-0.08772039648,0.423980142,-0.1106578144,0.5800070586,0.4381829671,4.390878394e-05,4.605525268e-05,0.5305678771,0.3887502225,0.08068190047,0.1941596871,0.1967459077
26.68,11.23659888,-0.5736679227,-0.0885136724,0.423615814,-0.1115006688,0.580456334,0.4380442409,4.455835656e-05,4.678004361e-05,0.5308479246,0.3882286417,0.08092343375,0.1939183669,0.1963458825
26.704,11.22650007,-0.5739355225,-0.08936042187,0.423328602,-0.1124068746,0.5808504704,0.4379981857,4.531512706e-05,4.753309697e-05,0.5310463091,0.3878478936,0.08110579731,0.193659038,0.1960054807
26.728,11.21641941,-0.5741404791,-0.09024771239,0.4231157664,-0.1133529325,0.5811901061,0.4380363445,4.637041366e-05,4.843972017e-05,0.5311540242,0.3875927388,0.08125323703,0.1933720827,0.1957168974
26.752,11.20635683,-0.5742871192,-0.09116450339,0.4229703289,-0.1143223328,0.5814779978,0.4381478003,4.804049808e-05,4.968740789e-05,0.5311823387,0.3874392679,0.08137839344,0.1930656744,0.1954657705
26.776,11.19631229,-0.5743808222,-0.09210198439,0.4228839232,-0.1153041775,0.5817182346,0.4383216466,5.093965303e-05,5.162497726e-05,0.5311531153,0.3873646119,0.08148227273,0.1927570083,0.1952387434
26.8,11.18628575,-0.5744273238,-0.09305344663,0.4228482483,-0.1162916493,0.5819155388,0.4385480461,5.643223852e-05,5.503819549e-05,0.5310890085,0.387350086,0.08156090553,0.192463311,0.1950256942
26.824,11.17627714,-0.5744322495,-0.09401396575,0.4228557204,-0.1172807368,0.5820747676,0.4388185633,6.802318785e-05,6.212740164e-05,0.5310079565,0.3873819346,0.08161010888,0.1921969168,0.1948201992
26.848,11.16628643,-0.574400846,-0.09498004477,0.4228997,-0.1182692872,0.5822006018,0.4391261556,9.657069599e-05,8.14152285e-05,0.530921316,0.3874505526,0.08162813143,0.1919637659,0.1946187654
26.872,11.15631356,-0.5743378512,-0.09594928581,0.4229745098,-0.1192563409,0.5822973748,0.4394650279,0.0001762574096,0.0001736062125,0.5308341776,0.3875492836,0.08161653885,0.1917639137,0.1944197427
26.896,11.14635849,-0.574247454,-0.09692011536,0.4230753614,-0.1202416808,0.5823689957,0.4398304482,0.0001791984338,0.000140628282,0.5307464255,0.3876733461,0.08158022843,0.1915927462,0.1942225031
26.92,11.13642117,-0.5741333058,-0.09789156604,0.4231982477,-0.121225533,0.5824189313,0.440218567,0.0001045788804,6.56069362e-05,0.5306542959,0.387819128,0.08152657607,0.1914424735,0.194026737
26.944,11.12650156,-0.5739985592,-0.0988631087,0.4233398312,-0.122208373,0.5824502212,0.4406262579,7.622634307e-05,5.078675899e-05,0.5305519549,0.3879836195,0.08146442562,0.1913036889,0.1938321178
26.968,11.1165996,-0.5738459191,-0.09983452596,0.42349734,-0.1231908016,0.5824655109,0.4410509841,6.367160526e-05,4.606428067e-05,0.5304329103,0.3881641438,0.08140294587,0.1911668349,0.1936381712
26.992,11.10671525,-0.5736776962,-0.1008058183,0.4236684761,-0.1241734662,0.5824670911,0.4414906877,5.705274065e-05,4.415143186e-05,0.5302914092,0.388358281,0.08135030978,0.1910234938,0.1934442517
27.016,11.09684846,-0.5734958594,-0.1017771352,0.4238513376,-0.1251570144,0.5824569392,0.4419437008,5.312809226e-05,4.32599701e-05,0.5301234478,0.3885638243,0.08131272786,0.190867359,0.1932495878
27.04,11.08699919,-0.5733020826,-0.1027487245,0.424044353,-0.126142065,0.582436759,0.442408673,5.060383017e-05,4.281265573e-05,0.5299273257,0.388778791,0.08129388328,0.1906947449,0.1930533553
27.064,11.07716738,-0.5730977873,-0.1037208965,0.4242462263,-0.1271291933,0.5824080169,0.4428845135,4.888432211e-05,4.258683553e-05,0.5297036845,0.3890014494,0.08129486607,0.190504584,0.1928547552
27.088,11.067353,-0.5728841794,-0.104693997,0.4244558916,-0.1281189233,0.5823719739,0.4433703445,4.766516718e-05,4.248521713e-05,0.5294551112,0.3892303424,0.08131454638,0.190297993,0.1926530782
27.112,11.05755599,-0.5726622803,-0.1056683895,0.4246724756,-0.1291117255,0.582329714,0.4438654629,4.67779508e-05,4.246130676e-05,0.5291854863,0.3894642981,0.08135021556,0.1900775883,0.1924477472
27.136,11.04777631,-0.5724329543,-0.1066444411,0.4248952664,-0.1301080166,0.5822821687,0.4443693097,4.612352774e-05,4.249143462e-05,0.5288992841,0.389702421,0.08139829485,0.189846758,0.1922383359
27.16,11.03801392,-0.572196931,-0.1076225138,0.4251236875,-0.1311081625,0.5822301378,0.4448814448,4.564057436e-05,4.256305025e-05,0.5286009761,0.3899440664,0.08145495757,0.1896090406,0.1920245646
27.184,11.02826876,-0.571954825,-0.108602958,0.4253572767,-0.1321124806,0.5821743075,0.4454015271,4.528962914e-05,4.26693883e-05,0.5282946104,0.3901888022,0.08151658737,0.189367684,0.19180628
27.208,11.0185408,-0.5717071518,-0.1095861079,0.4255956676,-0.1331212437,0.5821152656,0.4459292968,4.504448893e-05,4.280686614e-05,0.5279835719,0.3904363656,0.08158006248,0.1891253874,0.191583426
27.232,11.00882998,-0.5714543418,-0.1105722791,0.425838575,-0.1341346833,0.5820535144,0.4464645621,4.488733131e-05,4.297374306e-05,0.5276704865,0.3906866187,0.08164289477,0.1888841909,0.1913560116
27.256,10.99913626,-0.5711967519,-0.1115617666,0.4260857826,-0.1351529932,0.581989482,0.4470071875,4.480582989e-05,4.316939893e-05,0.5273572251,0.3909395093,0.08170326567,0.1886454659,0.1911240817
27.28,10.9894596,-0.5709346754,-0.1125548442,0.4263371317,-0.1361763327,0.5819235315,0.447557084,4.479138608e-05,4.339393335e-05,0.527044963,0.391195039,0.08175999796,0.1884099645,0.1908876937
27.304,10.97979996,-0.57066835,-0.1135517636,0.4265925131,-0.13720483,0.5818559691,0.4481142015,4.483801213e-05,4.364793829e-05,0.5267342681,0.3914532392,0.08181249277,0.1881778973,0.1906468997
27.328,10.97015727,-0.5703979655,-0.1145527549,0.4268518591,-0.1382385846,0.581787051,0.4486785218,4.494160779e-05,4.393236854e-05,0.5264251957,0.3917141534,0.08186065081,0.187949021,0.1904017356
27.352,10.96053152,-0.5701236692,-0.1155580265,0.4271151375,-0.13927767,0.5817169893,0.4492500529,4.509948273e-05,4.424846945e-05,0.5261173838,0.3919778276,0.08190478859,0.1877227262,0.1901522155
27.376,10.95092263,-0.5698455712,-0.1165677656,0.4273823458,-0.1403221366,0.5816459568,0.4498288247,4.531003717e-05,4.459773991e-05,0.5258101419,0.3922443033,0.08194555475,0.1874981209,0.1898983299
27.4,10.94133058,-0.5695637491,-0.1175821387,0.4276535067,-0.1413720131,0.5815740913,0.4504148842,4.557254706e-05,4.498191764e-05,0.5255025349,0.3925136166,0.08198384844,0.1872741092,0.1896400467
27.424,10.93175532,-0.5692782515,-0.1186012926,0.4279286645,-0.1424273087,0.5815014998,0.4510082928,4.588702087e-05,4.540297996e-05,0.5251934617,0.392785798,0.08202074035,0.1870494653,0.1893773158
27.448,10.92219681,-0.5689891013,-0.1196253544,0.4282078811,-0.1434880151,0.5814282611,0.4516091229,4.625410667e-05,4.586315584e-05,0.524881728,0.3930608752,0.08205739685,0.186822903,0.1891100731
27.472,10.91265499,-0.5686962985,-0.1206544325,0.4284912337,-0.1445541078,0.5813544289,0.452217456,4.66750361e-05,4.636494698e-05,0.5245661143,0.3933388777,0.08209500801,0.1865931401,0.188838248
27.496,10.90312984,-0.5683998227,-0.1216886174,0.428778812,-0.1456255477,0.5812800341,0.4528333797,4.715159668e-05,4.691115725e-05,0.5242454374,0.3936198415,0.08213472112,0.1863589571,0.1885617696
27.52,10.89362129,-0.5680996354,-0.1227279822,0.4290707158,-0.1467022823,0.5812050871,0.4534569867,4.768612692e-05,4.750492999e-05,0.5239186034,0.3939038152,0.08217758141,0.1861192478,0.1882805742
27.544,10.88412932,-0.5677956814,-0.123772583,0.4293670536,-0.1477842471,0.5811295795,0.4540883729,4.828153126e-05,4.814979396e-05,0.5235846522,0.3941908659,0.08222448195,0.1858730617,0.1879946131
27.568,10.87465387,-0.567487891,-0.12482246,0.4296679409,-0.1488713663,0.5810534855,0.4547276362,4.894131323e-05,4.884971878e-05,0.5232427909,0.3944810846,0.08227612451,0.1856196355,0.1877038591
27.592,10.86519491,-0.5671761813,-0.1258776379,0.4299734985,-0.1499635543,0.580976764,0.4553748753,4.96696268e-05,4.960918141e-05,0.5228924155,0.3947745921,0.08233299235,0.1853584127,0.1874083126
27.616,10.85575239,-0.566860457,-0.1269381264,0.4302838515,-0.1510607161,0.5808993593,0.4560301885,5.047134685e-05,5.043324591e-05,0.5225331219,0.3950715426,0.08239533549,0.1850890537,0.1871080072
27.64,10.84632627,-0.5665406125,-0.1280039206,0.4305991283,-0.1521627487,0.5808212026,0.4566936735,5.135216089e-05,5.132765904e-05,0.5221647048,0.395372127,0.08246316811,0.1848114328,0.186803013
27.664,10.8369165,-0.5662165323,-0.1290750021,0.4309194595,-0.1532695413,0.5807422127,0.4573654259,5.231868538e-05,5.229896558e-05,0.5217871484,0.3956765745,0.08253627706,0.1845256281,0.1864934389
27.688,10.82752304,-0.5658880919,-0.1301513389,0.4312449772,-0.1543809763,0.5806622973,0.4580455394,5.337861139e-05,5.335464771e-05,0.5214006078,0.3959851523,0.08261423992,0.1842319014,0.1861794333
27.712,10.81814586,-0.5655551592,-0.1312328863,0.4315758142,-0.1554969302,0.5805813539,0.4587341046,5.454088601e-05,5.450329478e-05,0.5210053851,0.3962981641,0.08269645079,0.1839306736,0.1858611824
27.736,10.8087849,-0.5652175949,-0.1323195872,0.4319121036,-0.1566172737,0.5804992702,0.4594312089,5.581593833e-05,5.575481101e-05,0.5206019016,0.3966159469,0.08278215155,0.1836224957,0.1855389081
27.76,10.79944013,-0.5648752534,-0.1334113725,0.4322539782,-0.1577418725,0.5804159252,0.4601369361,5.721596134e-05,5.712067168e-05,0.5201906674,0.396938866,0.08287046658,0.1833080179,0.1852128628
27.784,10.7901115,-0.5645279835,-0.1345081619,0.4326015697,-0.1588705881,0.5803311897,0.4608513663,5.875526549e-05,5.861424104e-05,0.5197722516,0.3972673096,0.08296043879,0.1829879584,0.1848833244
27.808,10.78079898,-0.5641756291,-0.1356098638,0.4329550087,-0.1600032777,0.5802449272,0.4615745752,6.045072475e-05,6.025117029e-05,0.5193472533,0.3976016815,0.08305106516,0.1826630741,0.1845505895
27.832,10.77150252,-0.5638180296,-0.1367163762,0.4333144243,-0.1611397952,0.5801569943,0.4623066341,6.232234338e-05,6.204989961e-05,0.5189162753,0.3979423943,0.08314133038,0.1823341334,0.1842149665
27.856,10.76222207,-0.5634550211,-0.1378275866,0.4336799435,-0.1622799913,0.5800672413,0.4630476099,6.439398251e-05,6.403229746e-05,0.5184799011,0.3982898617,0.08323023714,0.1820018926,0.1838767686
27.88,10.7529576,-0.5630864362,-0.1389433731,0.4340516912,-0.1634237142,0.5799755129,0.4637975647,6.669430022e-05,6.622448245e-05,0.5180386758,0.3986444918,0.08331683241,0.1816670758,0.1835363063
27.904,10.74370907,-0.5627121053,-0.140063604,0.4344297899,-0.1645708094,0.5798816488,0.4645565559,6.925798067e-05,6.865789098e-05,0.5175930909,0.3990066799,0.08340022918,0.1813303595,0.1831938815
27.928,10.73447644,-0.5623318566,-0.1411881389,0.4348143593,-0.1657211208,0.579785484,0.4653246361,7.212735996e-05,7.137067985e-05,0.5171435726,0.3993768039,0.08347962353,0.1809923599,0.1828497819
27.952,10.72525966,-0.561945517,-0.1423168283,0.4352055164,-0.1668744904,0.5796868497,0.4661018527,7.535460352e-05,7.440959158e-05,0.5166904721,0.3997552188,0.08355430908,0.1806536228,0.1825042761
27.976,10.71605869,-0.5615529126,-0.1434495149,0.4356033752,-0.168030759,0.5795855735,0.4668882484,7.900466263e-05,7.783246769e-05,0.5162340598,0.4001422492,0.08362369101,0.1803146165,0.1821576067
28,10.7068735,-0.5611538692,-0.1445860329,0.4360080466,-0.1691897662,0.5794814801,0.4676838608,8.315934884e-05,8.171168393e-05,0.5157745288,0.4005381737,0.08368729749,0.1799757361,0.1818099733
28.024,10.69770404,-0.5607482126,-0.1457262092,0.436419638,-0.1703513508,0.5793743919,0.4684887225,8.792304045e-05,8.613891833e-05,0.5153120038,0.400943226,0.08374477016,0.1796373101,0.1814615355
28.048,10.68855027,-0.5603357697,-0.1468698635,0.4368382536,-0.1715153512,0.5792641294,0.4693028612,9.343081582e-05,9.123188069e-05,0.5148465344,0.401357641,0.0837958246,0.1792995941,0.1811124571
28.072,10.67941215,-0.5599163685,-0.1480168084,0.4372639943,-0.1726816053,0.5791505118,0.4701262995,9.986026559e-05,9.714398172e-05,0.5143780953,0.4017816357,0.08384026901,0.1789627701,0.1807628887
28.096,10.67028965,-0.5594898389,-0.1491668499,0.4376969571,-0.1738499511,0.5790333574,0.4709590552,0.0001074489927,0.0001040784927,0.5139065941,0.4022153751,0.08387803077,0.1786269536,0.1804129326
28.12,10.66118272,-0.5590560134,-0.150319788,0.4381372355,-0.1750202263,0.5789124846,0.4718011411,0.0001165210768,0.0001123096946,0.5134318792,0.4026589827,0.08390913809,0.1782922008,0.1800626534
28.144,10.65209132,-0.5586147274,-0.1514754167,0.4385849194,-0.1761922695,0.578787712,0.4726525651,0.0001275278958,0.0001222150882,0.5129537469,0.4031125504,0.08393370277,0.1779585151,0.1797120881
28.168,10.64301541,-0.5581658198,-0.1526335243,0.4390400947,-0.1773659192,0.578658859,0.4735133304,0.0001411121244,0.0001343252962,0.512471948,0.403576142,0.08395191,0.1776258529,0.1793612499
28.192,10.63395495,-0.5577091337,-0.1537938943,0.4395028438,-0.1785410148,0.5785257469,0.4743834353,0.0001582085969,0.0001494021075,0.5119861944,0.404049796,0.08396400959,0.1772941296,0.17901013
28.216,10.62490991,-0.5572445172,-0.154956305,0.4399732448,-0.1797173966,0.5783881987,0.4752628734,0.0001801992638,0.0001685591284,0.5114961658,0.4045335273,0.08397030685,0.176963225,0.1786587001
28.24,10.61588024,-0.5567718234,-0.1561205305,0.4404513722,-0.1808949058,0.5782460406,0.4761516337,0.000209122905,0.000193434942,0.5110015169,0.4050273301,0.08397115296,0.1766329898,0.1783069145
28.264,10.60686591,-0.5562909118,-0.1572863409,0.4409372964,-0.1820733845,0.5780991019,0.4770497005,0.0002478074643,0.0002263694154,0.5105018841,0.4055311809,0.08396693505,0.1763032511,0.1779547129
28.288,10.59786687,-0.5558016482,-0.1584535025,0.4414310838,-0.1832526763,0.5779472161,0.4779570536,0.0002991134039,0.0002702077869,0.5099968921,0.4060450412,0.08395806674,0.1759738181,0.177602023
28.312,10.58888309,-0.5553039058,-0.1596217784,0.4419327966,-0.1844326261,0.5777902214,0.4788736684,0.000360907637,0.0003259676635,0.5094861572,0.4065688594,0.08394498349,0.175644487,0.1772487628
28.336,10.57991453,-0.5547975658,-0.160790929,0.4424424932,-0.1856130801,0.5776279614,0.4797995157,0.0004108748146,0.000383232258,0.5089692766,0.407102565,0.08392815837,0.175315046,0.1768948429
28.36,10.57096114,-0.5542825179,-0.1619607124,0.4429602275,-0.1867938864,0.5774602861,0.480734562,0.000406235518,0.0004066941793,0.5084458264,0.4076460533,0.0839081203,0.1749852794,0.1765401688
28.384,10.5620229,-0.5537586613,-0.1631308847,0.4434860494,-0.1879748947,0.5772870521,0.4816787695,0.0003484968296,0.0003704499593,0.5079154336,0.4081992171,0.08388534927,0.1746549717,0.1761846429
28.408,10.55309976,-0.5532259048,-0.1643012012,0.4440200045,-0.1891559563,0.5771081238,0.4826320961,0.0002817400169,0.0003056721705,0.5073777764,0.4087620001,0.08386022352,0.1743239105,0.1758281664
28.432,10.54419169,-0.5526841683,-0.165471416,0.4445621342,-0.1903369248,0.576923374,0.4835944955,0.0002275912269,0.0002464132027,0.5068325216,0.4093343375,0.08383314093,0.1739918903,0.1754706407
28.456,10.53529864,-0.5521333828,-0.1666412836,0.4451124755,-0.1915176556,0.5767326849,0.4845659173,0.0001872825528,0.0002009424838,0.50627934,0.4099161371,0.08380452282,0.1736587151,0.1751119685
28.48,10.52642058,-0.5515734913,-0.167810559,0.445671061,-0.1926980062,0.5765359486,0.485546307,0.0001574033828,0.0001671949349,0.5057179261,0.4105072995,0.08377477437,0.1733242013,0.1747520553
28.504,10.51755747,-0.5510044498,-0.1689789985,0.446237919,-0.1938778365,0.5763330683,0.486535606,0.0001348369478,0.0001418960511,0.5051480016,0.4111077262,0.0837442722,0.1729881778,0.1743908102
28.528,10.50870927,-0.5504262274,-0.1701463609,0.4468130732,-0.1950570087,0.5761239588,0.4875337516,0.0001173937817,0.0001225234458,0.5045693176,0.4117173211,0.08371336127,0.1726504879,0.1740281471
28.552,10.49987595,-0.5498388074,-0.171312408,0.4473965426,-0.1962353874,0.5759085477,0.4885406775,0.0001036106399,0.0001073544877,0.5039816559,0.4123359904,0.08368235369,0.1723109899,0.1736639853
28.576,10.49105746,-0.5492421878,-0.1724769058,0.4479883419,-0.1974128397,0.5756867759,0.4895563132,9.250706964e-05,9.523385924e-05,0.5033848303,0.4129636413,0.08365152841,0.1719695578,0.1732982485
28.6,10.48225378,-0.5486363817,-0.1736396256,0.448588481,-0.1985892354,0.5754585988,0.4905805843,8.341394762e-05,8.537788483e-05,0.5027786872,0.4136001822,0.08362113061,0.1716260813,0.1729308652
28.624,10.47346485,-0.548021418,-0.1748003451,0.4491969649,-0.1997644474,0.575223987,0.4916134129,7.586426255e-05,7.724411245e-05,0.5021631067,0.4142455219,0.08359137141,0.1712804657,0.1725617682
28.648,10.46469066,-0.5473973416,-0.1759588498,0.449813794,-0.200938351,0.574982927,0.492654717,6.952470669e-05,7.044869983e-05,0.5015380025,0.4148995695,0.08356242796,0.1709326313,0.1721908944
28.672,10.45593115,-0.5467642139,-0.1771149341,0.4504389636,-0.2021108251,0.5747354221,0.4937044111,6.415242354e-05,6.471422441e-05,0.5009033222,0.4155622337,0.08353444418,0.1705825126,0.1718181839
28.696,10.4471863,-0.546122113,-0.1782684034,0.4510724641,-0.2032817514,0.5744814931,0.494762406,5.956714916e-05,5.98362569e-05,0.5002590467,0.4162334215,0.08350753181,0.1702300572,0.1714435796
28.72,10.43845606,-0.5454711336,-0.179419075,0.4517142809,-0.2044510155,0.5742211787,0.4958286088,5.563288063e-05,5.566153035e-05,0.49960519,0.416913038,0.08348177193,0.1698752249,0.1710670256
28.744,10.4297404,-0.5448113869,-0.1805667806,0.4523643941,-0.2056185063,0.5739545361,0.4969029232,5.224554913e-05,5.207337789e-05,0.4989417986,0.4176009846,0.08345721681,0.1695179864,0.1706884667
28.768,10.42103928,-0.5441430004,-0.1817113674,0.4530227784,-0.2067841166,0.5736816416,0.4979852494,4.932455565e-05,4.898181329e-05,0.4982689499,0.4182971581,0.08343389198,0.1691583215,0.1703078471
28.792,10.41235267,-0.5434661173,-0.1828527005,0.4536894035,-0.2079477434,0.5734025904,0.4990754841,4.680684295e-05,4.631663701e-05,0.4975867514,0.41900145,0.08341179855,0.1687962185,0.1699251091
28.816,10.40368052,-0.5427808953,-0.1839906648,0.4543642334,-0.2091092882,0.5731174967,0.5001735208,4.464266677e-05,4.402255365e-05,0.4968953392,0.4197137451,0.08339091573,0.1684316722,0.1695401922
28.84,10.39502282,-0.5420875058,-0.1851251667,0.4550472265,-0.210268657,0.5728264932,0.50127925,4.279252757e-05,4.205565297e-05,0.4961948759,0.4204339208,0.08337120334,0.1680646827,0.1691530326
28.864,10.3863795,-0.5413861325,-0.1862561367,0.4557383358,-0.2114257613,0.572529731,0.5023925589,4.122491058e-05,4.038083324e-05,0.4954855488,0.4211618467,0.08335260453,0.1676952542,0.1687635618
28.888,10.37775055,-0.5406769689,-0.1873835306,0.4564375084,-0.2125805178,0.5722273781,0.5035133321,3.991459988e-05,3.89698887e-05,0.4947675676,0.4218973841,0.0833350483,0.1673233937,0.168371707
28.912,10.36913593,-0.5399602168,-0.1885073319,0.4571446859,-0.2137328495,0.5719196184,0.5046414517,3.884140911e-05,3.780007495e-05,0.4940411613,0.4226403866,0.08331845212,0.1669491099,0.1679773903
28.936,10.3605356,-0.5392360829,-0.1896275532,0.457859804,-0.2148826859,0.5716066497,0.5057767975,3.798922195e-05,3.685302624e-05,0.4933065755,0.4233907001,0.08330272436,0.1665724121,0.1675805299
28.96,10.35194952,-0.5385047761,-0.1907442379,0.4585827927,-0.2160299639,0.5712886819,0.5069192471,3.734526951e-05,3.61139384e-05,0.4925640689,0.4241481646,0.08328776651,0.1661933094,0.1671810402
28.984,10.34337766,-0.5377665037,-0.1918574607,0.4593135764,-0.2171746282,0.5709659339,0.508068677,3.689959429e-05,3.557095818e-05,0.4918139091,0.4249126155,0.08327347535,0.1658118101,0.1667788337
29.008,10.33481998,-0.5370214677,-0.1929673288,0.4600520739,-0.2183166324,0.5706386306,0.5092249628,3.664466619e-05,3.521473756e-05,0.491056369,0.4256838863,0.08325974478,0.1654279209,0.1663738223
29.032,10.32627645,-0.5362698602,-0.1940739818,0.4607981989,-0.2194559399,0.5703069992,0.5103879796,3.657512652e-05,3.503812364e-05,0.4902917214,0.4264618112,0.08324646745,0.1650416466,0.1659659203
29.056,10.31774704,-0.5355118591,-0.195177591,0.4615518601,-0.2205925246,0.5699712652,0.5115576033,3.668764293e-05,3.503596327e-05,0.4895202347,0.4272462291,0.08323353619,0.1646529901,0.1655550465
29.08,10.30923171,-0.5347476228,-0.1962783583,0.4623129615,-0.2217263726,0.5696316476,0.5127337113,3.698086411e-05,3.520500718e-05,0.4887421673,0.4280369875,0.08322084515,0.164261952,0.1651411276
29.104,10.30073042,-0.5339772859,-0.1973765142,0.4630814038,-0.2228574829,0.5692883542,0.5139161841,3.745546697e-05,3.554390325e-05,0.4879577624,0.428833947,0.08320829061,0.1638685308,0.1647241015
29.128,10.29224313,-0.533200954,-0.1984723147,0.4638570845,-0.223985869,0.5689415761,0.5151049061,3.811429362e-05,3.605327245e-05,0.4871672422,0.4296369861,0.08319577169,0.1634727237,0.1643039205
29.152,10.28376983,-0.5324186991,-0.1995660377,0.4646398993,-0.2251115604,0.5685914831,0.5162997682,3.896258016e-05,3.673586569e-05,0.4863708026,0.4304460067,0.08318319067,0.1630745265,0.1638805547
29.176,10.27531046,-0.5316305556,-0.2006579779,0.4654297439,-0.2262346043,0.5682382174,0.5175006693,4.000828507e-05,3.759680456e-05,0.4855686083,0.4312609385,0.08317045325,0.1626739349,0.1634539944
29.2,10.266865,-0.5308365161,-0.2017484417,0.4662265155,-0.2273550668,0.5678818897,0.5187075189,4.12625325e-05,3.864391535e-05,0.4847607874,0.4320817441,0.08315746844,0.1622709451,0.1630242525
29.224,10.25843341,-0.5300365295,-0.2028377402,0.4670301153,-0.2284730347,0.5675225735,0.5199202402,4.27401953e-05,3.988817332e-05,0.4839474274,0.4329084238,0.08314414873,0.1618655542,0.1625913661
29.248,10.25001566,-0.5292304981,-0.2039261827,0.4678404514,-0.2295886172,0.567160302,0.5211387733,4.446065526e-05,4.134428387e-05,0.4831285687,0.4337410198,0.08313041149,0.1614577586,0.162155397
29.272,10.24161171,-0.5284182777,-0.2050140686,0.4686574424,-0.2307019469,0.566795064,0.5223630793,4.644879495e-05,4.303144054e-05,0.4823041995,0.4345796204,0.08311618011,0.1610475528,0.1617164319
29.296,10.23322153,-0.5275996776,-0.2061016802,0.4694810215,-0.2318131814,0.5664268023,0.5235931442,4.873629858e-05,4.497431638e-05,0.4814742627,0.4354243641,0.08310137324,0.1606349379,0.1612745814
29.32,10.22484509,-0.5267744627,-0.2071892742,0.4703111418,-0.2329225031,0.5660554124,0.5248289841,5.136337121e-05,4.720436935e-05,0.4806386673,0.4362754432,0.08308588953,0.1602199348,0.1608299784
29.344,10.21648235,-0.5259423568,-0.2082770745,0.4711477816,-0.2340301198,0.5656807425,0.5260706503,5.438103012e-05,4.976157469e-05,0.4797972797,0.4371331075,0.08306961279,0.1598025743,0.160382776
29.368,10.20813327,-0.5251030472,-0.2093652649,0.4719909515,-0.2351362629,0.5653025954,0.5273182345,5.785418425e-05,5.269674338e-05,0.4789499189,0.4379976678,0.08305241333,0.1593828912,0.1599331446
29.392,10.19979784,-0.5242561906,-0.210453983,0.4728407015,-0.2362411856,0.564920731,0.5285718747,6.186580288e-05,5.607464982e-05,0.4780963643,0.438869499,0.0830341367,0.1589609282,0.1594812691
29.416,10.191476,-0.5234014197,-0.2115433148,0.4736971288,-0.2373451581,0.5645348706,0.52983176,6.652258626e-05,5.997827939e-05,0.477236365,0.4397490433,0.08301459167,0.1585367404,0.1590273459
29.44,10.18316773,-0.5225383514,-0.2126332913,0.4745603861,-0.2384484619,0.5641447024,0.5310981351,7.196268e-05,6.451461941e-05,0.4763696479,0.4406368128,0.08299353937,0.1581103975,0.1585715795
29.464,10.174873,-0.521666595,-0.2137238852,0.4754306895,-0.2395513811,0.5637498873,0.5323713035,7.836607361e-05,6.982254158e-05,0.4754959273,0.4415333895,0.08297068329,0.1576819857,0.1581141798
29.488,10.16659177,-0.5207857607,-0.2148150108,0.4763083254,-0.2406541907,0.5633500665,0.5336516283,8.596821776e-05,7.608339593e-05,0.4746149157,0.4424394232,0.08294566113,0.1572516109,0.157655357
29.512,10.158324,-0.5198954684,-0.2159065242,0.477193656,-0.2417571427,0.5629448687,0.5349395306,9.50765549e-05,8.353473603e-05,0.4737263225,0.4433556277,0.08291804979,0.1568193882,0.1571953194
29.536,10.15006968,-0.5189953556,-0.2169982252,0.4780871222,-0.2428604488,0.562533918,0.5362354837,0.0001060865363,9.248645605e-05,0.4728298425,0.4442827789,0.08288737855,0.1563854223,0.1567342764
29.56,10.14182876,-0.5180850856,-0.2180898613,0.4789892425,-0.2439642607,0.5621168415,0.5375400031,0.000119483967,0.0001033346043,0.471925237,0.4452217008,0.08285306221,0.1559498792,0.1562724352
29.584,10.1336012,-0.5171643533,-0.219181132,0.4799006071,-0.245068649,0.5616932766,0.5388536308,0.0001357928674,0.0001165558611,0.4710122979,0.4461732454,0.08281445679,0.1555129424,0.1558099964
29.608,10.12538699,-0.516232892,-0.2202716945,0.4808218658,-0.2461735815,0.561262878,0.5401769144,0.0001553577801,0.0001326313593,0.4700908399,0.4471382694,0.08277089073,0.1550747976,0.1553471529
29.632,10.11718608,-0.5152904769,-0.2213611702,0.4817537099,-0.2472789029,0.5608253233,0.5415103811,0.0001777133086,0.0001517646107,0.469160721,0.4481176059,0.08272167309,0.1546356462,0.1548840901
29.656,10.10899845,-0.5143369288,-0.2224491513,0.4826968466,-0.248384318,0.5603803184,0.5428545065,0.0002002477098,0.0001731169659,0.468221848,0.4491120296,0.08266612245,0.1541957066,0.1544209845
29.68,10.10082406,-0.5133721161,-0.2235352082,0.4836519679,-0.2494893814,0.5599276015,0.5442096815,0.0002168385888,0.0001933646846,0.4672741783,0.4501222186,0.08260360305,0.1537552124,0.1539580037
29.704,10.09266287,-0.5123959552,-0.2246188961,0.4846197149,-0.2505934946,0.5594669458,0.5455761795,0.0002199606004,0.0002058485499,0.4663177229,0.4511487163,0.0825335608,0.1533144111,0.1534953063
29.728,10.08451487,-0.5114084105,-0.2256997617,0.4856006406,-0.2516959141,0.5589981617,0.5469541255,0.0002077886443,0.0002041926002,0.4653525503,0.4521918982,0.08245555144,0.1528735624,0.1530330412
29.752,10.07638001,-0.5104094926,-0.22677735,0.4865951736,-0.2527957696,0.5585210977,0.5483434728,0.000186422589,0.0001891221792,0.464378788,0.4532519483,0.08236926371,0.1524329367,0.1525713484
29.776,10.06825826,-0.5093992563,-0.2278512093,0.4876035874,-0.2538920927,0.5580356403,0.5497439888,0.0001631965266,0.0001676163635,0.4633966153,0.4543288412,0.08227454348,0.1519928128,0.1521103599
29.8,10.0601496,-0.5083777975,-0.2289208969,0.488625978,-0.2549838551,0.5575417132,0.5511552528,0.0001420889028,0.0001459134455,0.4624062581,0.4554223342,0.08217140766,0.1515534759,0.1516502002
29.824,10.05205398,-0.5073452498,-0.229985983,0.4896622528,-0.2560700109,0.5570392759,0.5525766665,0.0001242340083,0.0001268164245,0.4614079844,0.4565319768,0.08206003885,0.151115214,0.1511909884
29.848,10.04397139,-0.5063017809,-0.2310460542,0.4907121322,-0.2571495417,0.5565283214,0.554007476,0.0001094940842,0.0001108812766,0.4604020991,0.4576571356,0.08194076527,0.1506783146,0.1507328398
29.872,10.03590178,-0.505247588,-0.2321007166,0.4917751631,-0.2582214991,0.5560088738,0.5554468054,9.736429903e-05,9.779238736e-05,0.4593889371,0.4587970319,0.08181403096,0.1502430598,0.1502758687
29.896,10.02784513,-0.5041828941,-0.2331495979,0.4928507438,-0.25928504,0.5554809859,0.5568936951,8.732183644e-05,8.703319032e-05,0.4583688539,0.4599507863,0.08168035984,0.1498097205,0.149820191
29.92,10.0198014,-0.5031079441,-0.2341923485,0.4939381563,-0.2603394538,0.5549447355,0.5583471442,7.892576962e-05,7.81199766e-05,0.4573422152,0.4611174673,0.08154031751,0.1493785495,0.1493659278
29.944,10.01177057,-0.5020230001,-0.2352286427,0.4950366029,-0.2613841785,0.5544002228,0.5598061512,7.182873793e-05,7.065858487e-05,0.456309385,0.4622961404,0.08139447459,0.1489497728,0.1489132085
29.968,10.0037526,-0.5009283386,-0.236258179,0.496145244,-0.2624188061,0.5538475671,0.5612697506,6.576337569e-05,6.434285961e-05,0.4552707147,0.4634859117,0.08124337359,0.1485235828,0.1484621746
29.992,9.995747466,-0.4998242461,-0.2372806797,0.4972632332,-0.2634430778,0.5532869038,0.5627370419,6.052482776e-05,5.893851825e-05,0.4542265648,0.464685965,0.08108747015,0.1481001633,0.1480129832
30.016,9.987755131,-0.4987110164,-0.2382958907,0.4983897471,-0.2644568726,0.5527183817,0.5642072115,5.595551428e-05,5.426639599e-05,0.4531776285,0.465895589,0.08092678257,0.1476800159,0.1475658086
30.04,9.979775566,-0.4975889478,-0.239303581,0.4995240096,-0.2654601887,0.55214216,0.5656795453,5.193325877e-05,5.018867017e-05,0.4521224634,0.4671141938,0.08076334275,0.1472614959,0.1471208433
30.064,9.971808741,-0.49645834,-0.2403035409,0.5006653092,-0.2664531237,0.5515584059,0.5671534351,4.836241482e-05,4.659837622e-05,0.4510629155,0.4683413163,0.08059576823,0.146846238,0.1466782951
30.088,9.963854626,-0.4953194923,-0.2412955816,0.5018130093,-0.2674358521,0.5509672923,0.5686283771,4.516733114e-05,4.341165632e-05,0.4499984254,0.4695766112,0.08042496348,0.1464334662,0.146238378
30.112,9.955913191,-0.4941727013,-0.2422795337,0.5029665535,-0.2684086045,0.5503689954,0.5701039667,4.228754996e-05,4.05620786e-05,0.4489288604,0.4708198288,0.0802513108,0.1460228274,0.1458012943
30.136,9.947984404,-0.4930182593,-0.2432552457,0.5041254654,-0.2693716486,0.5497636934,0.5715798894,3.967426562e-05,3.799647122e-05,0.4478539679,0.4720707743,0.0800752578,0.1456138477,0.1453672029
30.16,9.940068236,-0.4918564532,-0.2442225828,0.5052893457,-0.2703252726,0.5491515642,0.5730559099,3.728769463e-05,3.567185038e-05,0.4467733576,0.4733292437,0.07989739875,0.1452059157,0.1449361666
30.184,9.932164657,-0.4906875627,-0.2451814254,0.506457866,-0.2712697711,0.5485327844,0.5745318605,3.509510605e-05,3.355313732e-05,0.4456865025,0.4745949323,0.0797185652,0.1447982857,0.1445080724
30.208,9.924273636,-0.4895118599,-0.246131668,0.5076307618,-0.2722054353,0.5479075278,0.5760076296,3.306933308e-05,3.161144632e-05,0.4445927518,0.4758673122,0.07953993604,0.1443900917,0.1440825218
30.232,9.916395144,-0.4883296082,-0.2470732176,0.5088078246,-0.2731325437,0.5472759643,0.5774831503,3.118763796e-05,2.982278881e-05,0.443491356,0.4771454834,0.07936316061,0.1439803739,0.1436586936
30.256,9.908529151,-0.487141062,-0.2480059926,0.5099888937,-0.2740513577,0.5466382595,0.5789583909,2.943083865e-05,2.816708317e-05,0.4423815053,0.4784280246,0.07919047004,0.1435681178,0.1432352055
30.28,9.900675627,-0.485946466,-0.2489299219,0.5111738484,-0.274962117,0.545994573,0.5804333459,2.778263145e-05,2.662739129e-05,0.4412623793,0.4797128971,0.07902472358,0.1431523048,0.1428100273
30.304,9.892834543,-0.4847460549,-0.2498449431,0.5123626014,-0.2758650377,0.5453450589,0.5819080291,2.622906164e-05,2.518932481e-05,0.4401332043,0.4809974884,0.07886930723,0.1427319703,0.1423805335
30.328,9.885005869,-0.4835400535,-0.2507510023,0.513555092,-0.2767603117,0.5446898645,0.5833824668,2.475810756e-05,2.384057962e-05,0.438993314,0.4822788857,0.07872780031,0.1423062649,0.1419437825
30.352,9.877189576,-0.4823286765,-0.2516480527,0.5147512806,-0.2776481067,0.5440291303,0.5848566936,2.335935249e-05,2.257056833e-05,0.4378422051,0.4835544031,0.07860339174,0.14187451,0.1414970506
30.376,9.869385633,-0.4811121281,-0.2525360538,0.5159511441,-0.2785285667,0.5433629894,0.5863307476,2.202372599e-05,2.137012845e-05,0.4366795818,0.4848222472,0.07849817093,0.1414362431,0.1410385012
30.4,9.861594013,-0.4798906027,-0.2534149707,0.5171546719,-0.2794018133,0.542691568,0.5878046682,2.074330143e-05,2.023128955e-05,0.4355053829,0.4860820547,0.07841256242,0.1409912445,0.1405677263
30.424,9.853814686,-0.4786642845,-0.2542847736,0.5183618625,-0.2802679473,0.5420149844,0.5892784934,1.951114052e-05,1.914708733e-05,0.4343197879,0.4873350325,0.07834517959,0.1405395441,0.1400858894
30.448,9.846047622,-0.4774333479,-0.2551454366,0.5195727206,-0.2811270504,0.5413333497,0.5907522581,1.832117938e-05,1.811141549e-05,0.4331232029,0.4885836165,0.0782931806,0.1400814071,0.1395953858
30.472,9.838292793,-0.4761979576,-0.2559969377,0.5207872553,-0.2819791862,0.5406467672,0.5922259929,1.7168154e-05,1.711890891e-05,0.4319162288,0.4898308225,0.07825294871,0.1396173016,0.1390991955
30.496,9.830550171,-0.4749582688,-0.2568392583,0.5220054781,-0.2828244029,0.539955333,0.5936997238,1.60475667e-05,1.616485367e-05,0.4306996172,0.4910795891,0.07822079365,0.1391478553,0.1386002268
30.52,9.822819725,-0.4737144275,-0.2576723822,0.523227402,-0.2836627339,0.5392591357,0.5951734712,1.495570001e-05,1.524512129e-05,0.429474221,0.4923323332,0.07819344582,0.1386738054,0.1381008722
30.544,9.815101427,-0.4724665709,-0.2584962959,0.5244530397,-0.2844941998,0.5385582565,0.5966472497,1.388969114e-05,1.435612632e-05,0.4282409451,0.4935907745,0.07816828038,0.1381959493,0.1376028337
30.568,9.80739525,-0.4712148273,-0.2593109878,0.5256824036,-0.28531881,0.5378527697,0.5981210686,1.284769052e-05,1.349480809e-05,0.4270007024,0.4948559654,0.07814333213,0.1377151004,0.1371071525
30.592,9.799701164,-0.4699593167,-0.2601164481,0.5269155047,-0.2861365635,0.5371427426,0.5995949316,1.182914427e-05,1.265864027e-05,0.425754378,0.4961284232,0.07811719884,0.1372320519,0.136614341
30.616,9.79201914,-0.4687001509,-0.2609126686,0.5281523526,-0.2869474502,0.5364282358,0.6010688369,1.083526765e-05,1.184567437e-05,0.4245028018,0.4974082868,0.07808891139,0.1367475495,0.13612454
30.64,9.784349151,-0.467437434,-0.2616996423,0.529392955,-0.2877514522,0.5357093032,0.6025427778,9.869818866e-06,1.105462831e-05,0.4232467312,0.4986954548,0.07805781396,0.1362622736,0.1356376557
30.664,9.776691169,-0.4661712624,-0.2624773634,0.5306373175,-0.2885485447,0.5349859925,0.6040167427,8.940347331e-06,1.028503707e-05,0.4219868412,0.4999896888,0.07802347,0.1357768289,0.1351534632
30.688,9.769045164,-0.4649017253,-0.2632458271,0.5318854439,-0.2893386966,0.5342583455,0.6054907157,8.060167792e-06,9.537492384e-06,0.4207237209,0.5012906842,0.07798559493,0.1352917411,0.1346716773
30.712,9.76141111,-0.4636289049,-0.2640050294,0.5331373357,-0.2901218713,0.5335263977,0.6069646768,7.251330629e-06,8.814011126e-06,0.4194578745,0.5025981153,0.07794401025,0.1348074574,0.1341919962
30.736,9.753788977,-0.4623528768,-0.264754967,0.5343929923,-0.2908980278,0.5327901794,0.6084386023,6.548537019e-06,8.118589526e-06,0.4181897263,0.5039116606,0.07789861312,0.134324351,0.1337141277
30.76,9.746178739,-0.4610737102,-0.2654956375,0.5356524112,-0.2916671207,0.5320497155,0.609912465,6.002529041e-06,7.458015666e-06,0.4169196268,0.505231017,0.07784935617,0.1338427271,0.133237802
30.784,9.738580366,-0.4597914679,-0.2662270388,0.5369155879,-0.2924291013,0.5313050255,0.6113862346,5.678074763e-06,6.843008298e-06,0.4156478602,0.5065559058,0.07779623403,0.13336283,0.1327627779
30.808,9.730993833,-0.4585062073,-0.2669491696,0.5381825162,-0.2931839175,0.5305561245,0.6128598782,5.638927586e-06,6.289668673e-06,0.414374652,0.5078860741,0.07773927386,0.1328848507,0.1322888438
30.832,9.72341911,-0.4572179799,-0.2676620291,0.539453188,-0.2939315149,0.5298030228,0.6143333602,5.921203686e-06,5.820948326e-06,0.4131001768,0.5092212945,0.07767852865,0.1324089339,0.131815817
30.856,9.715856171,-0.455926832,-0.2683656169,0.5407275937,-0.2946718365,0.5290457263,0.6158066432,6.517469802e-06,5.467175844e-06,0.4118245649,0.510561363,0.07761407206,0.1319351844,0.1313435412
30.88,9.708304987,-0.4546328049,-0.2690599333,0.5420057221,-0.2954048234,0.5282842369,0.6172796874,7.389082407e-06,5.263763572e-06,0.4105479091,0.5119060965,0.07754599441,0.131463674,0.130871884
30.904,9.700765532,-0.4533359351,-0.2697449789,0.5432875607,-0.2961304153,0.5275185529,0.6187524517,8.490992258e-06,5.244300672e-06,0.4092702699,0.5132553307,0.0774743994,0.1309944461,0.1304007342
30.928,9.693237778,-0.4520362545,-0.270420755,0.5445730957,-0.2968485502,0.5267486688,0.6202248934,9.787279627e-06,5.430562605e-06,0.4079916812,0.5146089175,0.07739940132,0.1305275209,0.1299299991
30.952,9.685721698,-0.4507337909,-0.2710872634,0.545862312,-0.2975591653,0.525974576,0.6216969684,1.125486282e-05,5.825996807e-06,0.406712154,0.5159667233,0.0773211227,0.1300628993,0.1294596027
30.976,9.678217265,-0.4494285681,-0.2717445062,0.5471551935,-0.2982621965,0.5251962628,0.6231686318,1.288176295e-05,6.418169738e-06,0.4054316808,0.517328627,0.07723969222,0.1296005662,0.1289894833
31,9.670724452,-0.4481206058,-0.2723924865,0.548451723,-0.2989575794,0.5244137146,0.6246398377,1.466436018e-05,7.187476448e-06,0.4041502384,0.5186945187,0.07715524296,0.1291404941,0.1285195919
31.024,9.663243231,-0.4468099207,-0.2730312076,0.5497518825,-0.2996452489,0.5236269145,0.6261105393,1.660515276e-05,8.115267537e-06,0.4028677908,0.5200642985,0.07706791071,0.1286826449,0.128049891
31.048,9.655773576,-0.4454965258,-0.2736606739,0.5510556529,-0.3003251395,0.5228358432,0.6275806897,1.871121255e-05,9.188068944e-06,0.4015842919,0.5214378755,0.07697783262,0.1282269726,0.1275803534
31.072,9.648315461,-0.4441804312,-0.27428089,0.5523630146,-0.3009971857,0.5220404794,0.629050241,2.099317126e-05,1.039861911e-05,0.4002996873,0.5228151669,0.07688514582,0.1277734248,0.1271109611
31.096,9.640868858,-0.4428616443,-0.2748918615,0.5536739469,-0.3016613218,0.5212407999,0.6305191453,2.346453668e-05,1.174543621e-05,0.3990139164,0.5241960973,0.07678998632,0.1273219444,0.1266417045
31.12,9.63343374,-0.4415401697,-0.2754935947,0.5549884289,-0.3023174823,0.5204367802,0.6319873545,2.614117263e-05,1.323203367e-05,0.3977269137,0.5255805983,0.07669248794,0.1268724709,0.1261725819
31.144,9.626010082,-0.4402160098,-0.2760860967,0.5563064385,-0.3029656019,0.5196283942,0.6334548204,2.904080626e-05,1.486624988e-05,0.3964386103,0.5269686083,0.07659278133,0.1264249414,0.1257035987
31.168,9.618597857,-0.4388891648,-0.2766693754,0.5576279534,-0.3036056156,0.5188156149,0.6349214946,3.218243814e-05,1.66598111e-05,0.3951489353,0.5283600716,0.0764909931,0.125979292,0.1252347671
31.192,9.611197038,-0.437559633,-0.2772434396,0.5589529506,-0.3042374589,0.5179984144,0.6363873289,3.558552459e-05,1.862811326e-05,0.3938578164,0.5297549385,0.07638724506,0.1255354579,0.1247661058
31.216,9.603807599,-0.4362274111,-0.277808299,0.5602814065,-0.304861068,0.517176764,0.6378522754,3.926878175e-05,2.079016728e-05,0.3925651814,0.5311531651,0.07628165345,0.1250933747,0.1242976394
31.24,9.596429513,-0.4348924941,-0.2783639642,0.5616132971,-0.3054763796,0.5163506348,0.6393162864,4.324843471e-05,2.316864108e-05,0.3912709588,0.5325547129,0.07617432825,0.124652979,0.1238293984
31.264,9.589062756,-0.4335548759,-0.278910447,0.5629485979,-0.3060833312,0.5155199975,0.6407793142,4.753571294e-05,2.578991831e-05,0.3899750785,0.533959549,0.07606537256,0.1242142084,0.1233614188
31.288,9.5817073,-0.4322145491,-0.2794477598,0.5642872836,-0.3066818613,0.5146848229,0.6422413117,5.213339821e-05,2.868406688e-05,0.3886774723,0.5353676459,0.07595488178,0.1237770027,0.1228937425
31.312,9.57436312,-0.4308715058,-0.2799759165,0.5656293289,-0.3072719093,0.513845082,0.6437022324,5.703130062e-05,3.188455885e-05,0.3873780752,0.5367789822,0.07584294267,0.1233413036,0.1224264172
31.336,9.567030189,-0.429525737,-0.2804949318,0.5669747078,-0.3078534156,0.5130007461,0.6451620298,6.220072922e-05,3.542749608e-05,0.3860768249,0.5381935438,0.07572963134,0.1229070555,0.1219594978
31.36,9.559708482,-0.4281772334,-0.2810048217,0.5683233937,-0.3084263218,0.5121517871,0.6466206584,6.758840295e-05,3.934996256e-05,0.3847736632,0.5396113287,0.07561500802,0.1224742056,0.1214930514
31.384,9.552397973,-0.4268259855,-0.2815056031,0.5696753598,-0.3089905707,0.5112981777,0.6480780727,7.311085499e-05,4.368693545e-05,0.383468536,0.5410323671,0.07549909696,0.1220427041,0.1210271768
31.408,9.545098637,-0.4254719835,-0.2819972944,0.5710305787,-0.3095461064,0.5104398914,0.6495342284,7.865115036e-05,4.846595734e-05,0.3821613934,0.54245684,0.07538176654,0.1216125045,0.1205621238
31.432,9.537810448,-0.4241152177,-0.2824799148,0.5723890225,-0.3100928744,0.5095769031,0.6509890812,8.406037224e-05,5.369857425e-05,0.3808521907,0.5438869669,0.0752608424,0.1211835635,0.1201001802
31.456,9.53053338,-0.4227556788,-0.2829534851,0.5737506629,-0.3106308216,0.5087091887,0.6524425879,8.91662738e-05,5.936758211e-05,0.3795408879,0.545337822,0.0751212901,0.1207558413,0.1196564879
31.48,9.523267408,-0.4213933576,-0.283418027,0.575115471,-0.3111598965,0.5078367255,0.6538947057,9.379009762e-05,6.540983301e-05,0.3782274506,0.5467487197,0.07502382974,0.1203293019,0.1191704292
31.504,9.516012506,-0.4200282457,-0.2838735635,0.5764834176,-0.3116800491,0.5069594927,0.6553453927,9.776968344e-05,7.169641615e-05,0.3769118495,0.5481847935,0.07490335705,0.1199039127,0.1187072046
31.528,9.50876865,-0.4186603354,-0.284320119,0.5778544727,-0.3121912311,0.5060774709,0.6567946074,0.0001009836075,7.801603315e-05,0.3755940612,0.5496246433,0.07478129555,0.1194796444,0.1182454808
31.552,9.501535814,-0.4172896199,-0.284757719,0.579228606,-0.3126933959,0.5051906426,0.6582423094,0.0001033692652,8.407263067e-05,0.3742740679,0.5510678095,0.07465812265,0.1190564718,0.1177848646
31.576,9.494313973,-0.4159160933,-0.2851863903,0.5806057866,-0.3131864986,0.5042989926,0.6596884586,0.0001049292341,8.951098752e-05,0.3729518575,0.5525142287,0.0745339138,0.1186343726,0.1173253583
31.6,9.487103101,-0.4145397512,-0.2856061609,0.581985983,-0.3136704964,0.5034025074,0.6611330159,0.0001057245911,9.397707917e-05,0.3716274239,0.5539638929,0.07440868315,0.1182133283,0.1168670193
31.624,9.479903175,-0.4131605902,-0.2860170601,0.5833691632,-0.3141453481,0.5025011761,0.662575943,0.000105858629,9.720034966e-05,0.3703007667,0.5554168082,0.07428242518,0.1177933235,0.1164099184
31.648,9.472714168,-0.4117786085,-0.2864191184,0.5847552945,-0.3146110144,0.5015949898,0.6640172022,0.0001054569469,9.906349575e-05,0.3689718909,0.556872985,0.07415512407,0.1173743461,0.1159541303
31.672,9.465536057,-0.410393806,-0.2868123674,0.5861443436,-0.3150674583,0.5006839423,0.6654567566,0.0001046494046,9.962425199e-05,0.3676408078,0.5583324355,0.07402675678,0.1169563868,0.1154997307
31.696,9.458368816,-0.4090061842,-0.28719684,0.5875362767,-0.3155146445,0.4997680298,0.6668945699,0.0001035570762,9.908062099e-05,0.3663075336,0.5597951719,0.07389729455,0.1165394393,0.1150467947
31.72,9.451212421,-0.4076157465,-0.2875725704,0.5889310591,-0.31595254,0.4988472512,0.6683306067,0.0001022848467,9.770343047e-05,0.3649720904,0.5612612058,0.07376670381,0.1161234999,0.1145953963
31.744,9.444066847,-0.4062224984,-0.2879395937,0.5903286556,-0.3163811137,0.4979216081,0.6697648324,0.0001009186914,9.577048071e-05,0.3636345054,0.5627305476,0.073634947,0.1157085674,0.1141456076
31.768,9.43693207,-0.4048264473,-0.2882979464,0.5917290303,-0.3168003368,0.4969911048,0.671197213,9.952610169e-05,9.352343054e-05,0.3622948111,0.5642032057,0.07350198322,0.1152946429,0.1136974983
31.792,9.429808065,-0.4034276028,-0.2886476657,0.5931321464,-0.3172101825,0.4960557485,0.672627715,9.815822886e-05,9.115011406e-05,0.3609530448,0.5656791863,0.07336776893,0.1148817295,0.113251135
31.816,9.422694808,-0.402025977,-0.2889887902,0.5945379665,-0.3176106264,0.4951155492,0.674056306,9.685270099e-05,8.87846199e-05,0.3596092486,0.5671584929,0.07323225856,0.1144698321,0.1128065814
31.84,9.415592274,-0.4006215842,-0.2893213592,0.5959464524,-0.3180016461,0.4941705198,0.6754829539,9.563647398e-05,8.651602817e-05,0.3582634692,0.5686411257,0.07309540509,0.1140589574,0.1123638972
31.864,9.408500439,-0.3992144412,-0.2896454134,0.5973575649,-0.3183832215,0.4932206763,0.6769076275,9.45283903e-05,8.43994341e-05,0.3569157579,0.5701270814,0.07295716069,0.1136491134,0.1119231382
31.888,9.40141928,-0.3978045675,-0.2899609938,0.5987712643,-0.3187553348,0.4922660377,0.678330296,9.354132217e-05,8.246601469e-05,0.3555661698,0.571616353,0.07281747726,0.1132403091,0.1114843557
31.912,9.394348772,-0.3963919852,-0.2902681428,0.6001875098,-0.3191179705,0.4913066259,0.6797509294,9.268389008e-05,8.073100957e-05,0.3542147641,0.5731089289,0.07267630701,0.1128325549,0.1110475964
31.936,9.38728889,-0.3949767189,-0.2905669032,0.6016062597,-0.3194711151,0.4903424658,0.6811694981,9.196180185e-05,7.919956597e-05,0.3528616036,0.5746047934,0.07253360295,0.1124258614,0.1106129021
31.96,9.380239612,-0.3935587965,-0.2908573187,0.6030274715,-0.3198147576,0.4893735854,0.682585973,9.137887739e-05,7.787081126e-05,0.3515067548,0.5761039258,0.07238931938,0.1120202403,0.1101803093
31.984,9.373200913,-0.3921382482,-0.2911394337,0.6044511016,-0.3201488891,0.4884000159,0.6840003256,9.093782477e-05,7.674059596e-05,0.3501502871,0.5776063006,0.07224341234,0.1116157033,0.1097498493
32.008,9.366172769,-0.3907151076,-0.291413293,0.6058771055,-0.3204735031,0.4874217913,0.6854125277,9.064082646e-05,7.580329615e-05,0.3487922732,0.5791118869,0.0720958399,0.1112122623,0.1093215481
32.032,9.359155157,-0.389289411,-0.291678942,0.6073054377,-0.3207885952,0.4864389486,0.6868225516,9.048998446e-05,7.505297527e-05,0.3474327883,0.5806206493,0.07194656244,0.1108099294,0.1088954262
32.056,9.352148053,-0.3878611979,-0.2919364267,0.6087360515,-0.3210941633,0.485451528,0.68823037,9.048766337e-05,7.448412188e-05,0.3460719104,0.582132547,0.07179554255,0.1104087162,0.1084714993
32.08,9.345151434,-0.3864305107,-0.2921857931,0.6101688994,-0.3213902075,0.4844595724,0.6896359556,9.063676195e-05,7.409211374e-05,0.3447097198,0.5836475358,0.07164274445,0.1100086343,0.1080497791
32.104,9.338165275,-0.3849973952,-0.2924270878,0.6116039323,-0.32167673,0.4834631278,0.6910392816,9.094093673e-05,7.387351028e-05,0.3433462988,0.5851655695,0.07148813179,0.1096096946,0.1076302753
32.128,9.331189554,-0.3835619001,-0.2926603572,0.6130411005,-0.3219537351,0.4824622429,0.6924403212,9.140479594e-05,7.382624196e-05,0.3419817317,0.5866866075,0.07133166079,0.1092119075,0.1072130036
32.152,9.324224247,-0.3821240774,-0.2928856481,0.6144803525,-0.3222212295,0.4814569694,0.6938390479,9.203407766e-05,7.394974212e-05,0.3406161048,0.5882106353,0.07117325996,0.1088152829,0.1067980054
32.176,9.317269331,-0.3806839825,-0.2931030071,0.6159216361,-0.3224792216,0.4804473617,0.695235435,9.283582327e-05,7.424505195e-05,0.3392495055,0.5897376795,0.071012815,0.1084198296,0.1063853638
32.2,9.310324783,-0.3792416739,-0.2933124807,0.6173648973,-0.322727722,0.4794334767,0.696629456,9.381855463e-05,7.471491903e-05,0.3378820232,0.5912673603,0.07085061654,0.1080255558,0.1059747558
32.224,9.303390578,-0.3777972132,-0.2935141153,0.618810081,-0.3229667435,0.4784153741,0.698021084,9.49924615e-05,7.536390361e-05,0.336513748,0.592799127,0.07068712499,0.1076324688,0.1055656876
32.248,9.296466696,-0.3763506656,-0.2937079566,0.6202571308,-0.3231963004,0.4773931161,0.6994102922,9.636960363e-05,7.619850242e-05,0.3351447716,0.5943335841,0.07052164425,0.1072405751,0.1051588215
32.272,9.289553111,-0.3749020996,-0.2938940501,0.6217059886,-0.3234164093,0.4763667673,0.7007970534,9.796413018e-05,7.72272968e-05,0.3337751866,0.5958706819,0.07035413148,0.10684988,0.1047541659
32.296,9.282649802,-0.3734515867,-0.2940724409,0.6231565949,-0.3236270885,0.4753363947,0.7021813399,9.979251538e-05,7.846112937e-05,0.3324050866,0.5974102344,0.07018467905,0.1064603885,0.1043515941
32.32,9.275756745,-0.3719992022,-0.2942431731,0.6246088887,-0.3238283579,0.4743020676,0.7035631238,0.0001018738054,7.991331092e-05,0.3310345663,0.5989521025,0.07001333123,0.1060721046,0.103951027
32.344,9.268873918,-0.3705450242,-0.29440629,0.6260628072,-0.3240202393,0.4732638573,0.7049423764,0.0001042298631,8.159985556e-05,0.3296637214,0.6004961646,0.06984011396,0.105685032,0.1035524039
32.368,9.262001298,-0.3690891347,-0.2945618343,0.6275182861,-0.3242027563,0.4722218372,0.7063190685,0.0001068855871,8.35397359e-05,0.328292649,0.6020423023,0.06966504865,0.105299174,0.1031556687
32.392,9.255138861,-0.3676316185,-0.2947098474,0.6289752593,-0.3243759337,0.4711760828,0.7076931702,0.0001098690584,8.575514095e-05,0.3269214468,0.603590396,0.06948815715,0.1049145337,0.1027607656
32.416,9.248286587,-0.3661725641,-0.2948503695,0.6304336587,-0.3245397981,0.4701266713,0.7090646505,0.0001132115407,8.827170216e-05,0.3255502104,0.6051403236,0.06930946597,0.1045311105,0.1023676373
32.44,9.241444451,-0.3647120631,-0.2949834396,0.6318934145,-0.3246943774,0.4690736814,0.7104334775,0.0001169472067,9.11186259e-05,0.3241790255,0.60669196,0.06912901452,0.1041488932,0.1019762257
32.464,9.234612432,-0.3632502106,-0.2951090953,0.6333544548,-0.3248397011,0.4680171938,0.7117996184,0.0001211123836,9.432862454e-05,0.3228079639,0.608245177,0.06894685912,0.1037678556,0.1015864713
32.488,9.227790507,-0.3617871048,-0.2952273727,0.6348167056,-0.3249757998,0.4669572901,0.713163039,0.000125743988,9.793746291e-05,0.32143711,0.6097998438,0.06876304626,0.1033879833,0.101198314
32.512,9.220978654,-0.3603228473,-0.2953383061,0.636280091,-0.3251027052,0.4658940537,0.7145237037,0.0001308766346,0.0001019828165,0.3200665805,0.611355827,0.06857759246,0.1030092941,0.1008116936
32.536,9.21417685,-0.3588575429,-0.2954419279,0.6377445325,-0.3252204505,0.464827569,0.7158815755,0.0001365376383,0.000106501948,0.318696494,0.6129129912,0.06839051485,0.1026318064,0.1004265498
32.56,9.207385074,-0.3573912997,-0.295538269,0.6392099495,-0.3253290696,0.4637579212,0.7172366158,0.000142738787,0.0001115274248,0.3173269536,0.6144711987,0.06820184768,0.1022555237,0.1000428232
32.584,9.200603302,-0.3559242289,-0.2956273577,0.6406762589,-0.3254285977,0.4626851968,0.7185887843,0.0001494633942,0.0001170797064,0.3159580556,0.6160303105,0.06801163393,0.1018804419,0.0996604558
32.608,9.193831514,-0.3544564451,-0.2957092204,0.6421433752,-0.3255190706,0.4616094827,0.7199380388,0.0001566469696,0.0001231549592,0.3145898954,0.6175901861,0.06781991846,0.1015065564,0.09927939125
32.632,9.187069686,-0.3529880658,-0.2957838812,0.64361121,-0.3256005253,0.4605308665,0.7212843349,0.0001641503801,0.0001297061056,0.3132225702,0.6191506842,0.06762674563,0.1011338642,0.09889957557
32.656,9.180317798,-0.351519212,-0.2958513617,0.6450796724,-0.3256729993,0.4594494364,0.7226276263,0.0001717266799,0.0001366154287,0.3118561795,0.6207116626,0.0674321579,0.1007623654,0.09852095767
32.68,9.173575826,-0.3500500074,-0.2959116809,0.6465486685,-0.3257365307,0.4583652807,0.7239678641,0.000178988376,0.000143659263,0.3104908289,0.6222729787,0.06723619244,0.1003920662,0.09814348988
32.704,9.16684375,-0.3485805792,-0.295964855,0.6480181014,-0.3257911585,0.457278488,0.725304997,0.0001853916588,0.0001504713729,0.309126641,0.6238344898,0.06703886917,0.100022991,0.09776712846
32.728,9.160121547,-0.3471110575,-0.2960108977,0.6494878712,-0.3258369219,0.4561891469,0.7266389713,0.0001902649317,0.000156523069,0.3077637535,0.6253960532,0.06684019324,0.0996551796,0.09739183418
32.752,9.153409196,-0.3456415752,-0.2960498193,0.6509578747,-0.325873861,0.4550973457,0.72796973,0.0001929090457,0.0001611515971,0.3064020037,0.6269575267,0.0666404696,0.09928837242,0.09701757293
32.776,9.146706676,-0.3441722685,-0.2960816275,0.6524280052,-0.3259020158,0.4540031725,0.7292972137,0.0001927683864,0.0001636690423,0.3050416071,0.628518769,0.06643962389,0.09892268937,0.09664431633
32.8,9.140013963,-0.3427032766,-0.2961063266,0.6538981527,-0.325921427,0.452906715,0.7306213593,0.0001896148974,0.0001635489194,0.3036828197,0.6300796383,0.06623754201,0.09855829125,0.09627204086
32.824,9.133331038,-0.3412347414,-0.2961239175,0.6553682035,-0.3259321355,0.4518080602,0.7319421009,0.0001836453916,0.0001606178841,0.3023256914,0.6316399864,0.06603432221,0.09819513438,0.09590072151
32.848,9.126657879,-0.3397668079,-0.2961343979,0.65683804,-0.3259341822,0.4507072945,0.7332593688,0.0001754261342,0.0001551368554,0.3009703083,0.6331996678,0.06583002391,0.0978332122,0.09553034175
32.872,9.119994463,-0.3382996238,-0.2961377618,0.6583075407,-0.3259276086,0.4496045034,0.7345730897,0.0001657163602,0.0001477112488,0.2996167706,0.6347585547,0.06562467462,0.0974725337,0.09516090877
32.896,9.113340771,-0.3368333399,-0.2961339999,0.65977658,-0.3259124559,0.4484997711,0.7358831866,0.0001552716815,0.0001390891899,0.298265183,0.6363165119,0.06541830513,0.09711311419,0.09479242816
32.92,9.10669678,-0.3353681094,-0.2961230988,0.6612450279,-0.3258887656,0.447393181,0.7371895784,0.0001447115692,0.0001299672491,0.2969156525,0.6378733996,0.06521094794,0.09675497307,0.09442490826
32.944,9.10006247,-0.3339040887,-0.2961050416,0.6627127502,-0.3258565793,0.446284815,0.7384921797,0.0001344718608,0.0001208807536,0.2955682874,0.6394290796,0.06500263295,0.09639813329,0.09405836547
32.968,9.093437818,-0.3324414366,-0.2960798073,0.6641796078,-0.3258159386,0.4451747534,0.7397909011,0.0001248175982,0.0001121811397,0.2942231979,0.6409834143,0.06479338786,0.09604262123,0.0936928244
32.992,9.086822806,-0.3309803148,-0.2960473711,0.6656454572,-0.3257668849,0.4440630752,0.7410856482,0.0001158821562,0.0001040642184,0.2928804949,0.6425362663,0.06458323881,0.09568846672,0.09332831752
33.016,9.08021741,-0.3295208876,-0.2960077041,0.6671101494,-0.3257094601,0.4429498575,0.7423763222,0.0001077092623,9.661431689e-05,0.2915402909,0.6440874982,0.06437221086,0.09533570309,0.09296488505
33.04,9.07362161,-0.3280633219,-0.2959607731,0.6685735308,-0.3256437055,0.4418351756,0.7436628194,0.000100287414,8.984476284e-05,0.2902026996,0.6456369719,0.06416032845,0.0949843672,0.09260257484
33.064,9.067035386,-0.3266077871,-0.2959065409,0.6700354421,-0.3255696629,0.4407191028,0.7449450309,9.357443263e-05,8.372815479e-05,0.2888678358,0.6471845482,0.06394761596,0.09463449946,0.09224144219
33.088,9.060458716,-0.3251544555,-0.295844966,0.6714957185,-0.325487374,0.4396017104,0.7462228425,8.751349601e-05,7.821652785e-05,0.2875358153,0.6487300864,0.06373409831,0.09428614383,0.09188154963
33.112,9.05389158,-0.3237035014,-0.2957760025,0.6729541898,-0.3253968803,0.4384830675,0.7474961347,8.204291765e-05,7.325375729e-05,0.2862067549,0.6502734434,0.06351980168,0.09393934775,0.09152296666
33.136,9.047333957,-0.3222551019,-0.2956996002,0.6744106796,-0.3252982237,0.4373632407,0.7487647823,7.710173234e-05,6.878268064e-05,0.2848807723,0.6518144733,0.06330475441,0.09359416208,0.09116576936
33.16,9.040785826,-0.3208094366,-0.2956157046,0.6758650055,-0.3251914462,0.4362422944,0.7500286543,7.263263044e-05,6.474887941e-05,0.2835579857,0.6533530265,0.06308898784,0.09325064097,0.09081003998
33.184,9.034247167,-0.3193666873,-0.2955242565,0.6773169787,-0.3250765899,0.4351202904,0.751287614,6.858329093e-05,6.11024554e-05,0.2822385135,0.6548889491,0.06287253742,0.09290884168,0.09045586646
33.208,9.02771796,-0.3179270381,-0.2954251924,0.678766404,-0.3249536972,0.4339972879,0.7525415181,6.490678853e-05,5.779865673e-05,0.2809224745,0.6564220818,0.06265544369,0.09256882441,0.09010334197
33.232,9.021198182,-0.3164906757,-0.2953184444,0.6802130795,-0.3248228109,0.4328733434,0.7537902175,6.156149308e-05,5.479787737e-05,0.2796099872,0.6579522593,0.06243775349,0.09223065202,0.08975256432
33.256,9.014687816,-0.3150577889,-0.2952039398,0.6816567963,-0.3246839742,0.4317485106,0.7550335563,5.851071194e-05,5.206534026e-05,0.2783011696,0.6594793091,0.06221952128,0.09189438975,0.0894036353
33.28,9.008186839,-0.3136285686,-0.2950816018,0.6830973387,-0.3245372308,0.4306228405,0.7562713721,5.572222172e-05,4.957064201e-05,0.2769961387,0.6610030505,0.06200081078,0.09156010486,0.08905665973
33.304,9.001695232,-0.3122032082,-0.2949513488,0.6845344832,-0.3243826254,0.4294963811,0.7575034959,5.316777158e-05,4.728725775e-05,0.2756950104,0.662523293,0.06178169657,0.09122786621,0.08871174455
33.328,8.995212974,-0.3107819029,-0.2948130948,0.6859679991,-0.324220203,0.4283691773,0.7587297515,5.082260212e-05,4.519205812e-05,0.2743978985,0.6640398357,0.06156226581,0.09089774386,0.08836899788
33.352,8.988740046,-0.3093648503,-0.2946667492,0.687397648,-0.32405001,0.4272412711,0.7599499559,4.866500124e-05,4.326486335e-05,0.2731049146,0.6655524654,0.06134261993,0.09056980856,0.08802852812
33.376,8.982276426,-0.3079522499,-0.2945122173,0.6888231835,-0.3238720937,0.4261127014,0.7611639188,4.667590581e-05,4.148804448e-05,0.2718161677,0.6670609559,0.0611228764,0.09024413122,0.08769044293
33.4,8.975822096,-0.3065443031,-0.2943493995,0.6902443512,-0.3236865028,0.4249835041,0.7623714426,4.483855054e-05,3.984617352e-05,0.2705317631,0.6685650662,0.0609031707,0.08992078233,0.08735484814
33.424,8.969377034,-0.3051412135,-0.2941781924,0.6916608882,-0.3234932876,0.4238537118,0.7635723223,4.313816189e-05,3.832572011e-05,0.2692518022,0.6700645395,0.06068365828,0.08959983136,0.08702184664
33.448,8.962941222,-0.3037431862,-0.2939984878,0.6930725233,-0.3232924998,0.422723354,0.7647663454,4.156169321e-05,3.69147905e-05,0.2679763818,0.6715591016,0.06046451659,0.08928134613,0.08669153718
33.472,8.956514639,-0.3023504286,-0.2938101734,0.6944789767,-0.3230841933,0.4215924569,0.7659532916,4.00975964e-05,3.560290387e-05,0.2667055934,0.6730484594,0.06024594726,0.08896539204,0.08636401312
33.496,8.950097265,-0.3009631496,-0.293613133,0.6958799594,-0.3228684241,0.4204610437,0.7671329332,3.87356256e-05,3.43808011e-05,0.2654395222,0.6745322995,0.06002817828,0.08865203141,0.08603936117
33.52,8.943689081,-0.2995815598,-0.2934072459,0.6972751737,-0.3226452507,0.4193291344,0.7683050342,3.746666856e-05,3.324028142e-05,0.264178247,0.6760102868,0.05981146619,0.08834132267,0.08571766006
33.544,8.937290067,-0.2982058715,-0.2931923877,0.6986643126,-0.322414734,0.4181967456,0.7694693512,3.628260178e-05,3.217406288e-05,0.2629218389,0.6774820627,0.0595960984,0.08803331958,0.08539897922
33.568,8.930900203,-0.2968362987,-0.2929684298,0.7000470598,-0.3221769384,0.4170638909,0.7706256325,3.517616602e-05,3.117566304e-05,0.2616703607,0.6789472438,0.05938239547,0.08772807038,0.08508337737
33.592,8.924519469,-0.2954730566,-0.29273524,0.7014230893,-0.321931931,0.4159305807,0.7717736186,3.414085916e-05,3.023929682e-05,0.2604238661,0.6804054205,0.05917071346,0.08742561693,0.08477090117
33.616,8.918147846,-0.2941163623,-0.2924926824,0.7027920657,-0.3216797829,0.4147968223,0.7729130419,3.31708439e-05,2.935978891e-05,0.2591823987,0.681856155,0.05896144628,0.08712599381,0.08446158377
33.64,8.911785315,-0.2927664337,-0.2922406174,0.7041536437,-0.321420569,0.41366262,0.7740436268,3.226086807e-05,2.85324985e-05,0.2579459916,0.6832989803,0.05875502803,0.0868292274,0.08415544337
33.664,8.905431856,-0.2914234906,-0.2919789021,0.7055074681,-0.3211543684,0.4125279749,0.7751650895,3.140619568e-05,2.775325445e-05,0.2567146661,0.6847333985,0.05855193542,0.08653533497,0.08385248181
33.688,8.89908745,-0.2900877534,-0.2917073901,0.7068531737,-0.320881265,0.4113928853,0.7762771383,3.060254721e-05,2.701829938e-05,0.2554884307,0.6861588792,0.0583526901,0.08624432366,0.08355268309
33.712,8.892752076,-0.288759444,-0.2914259319,0.7081903851,-0.3206013476,0.4102573464,0.7773794734,2.984604766e-05,2.632424125e-05,0.2542672807,0.6875748582,0.05815786105,0.08595618954,0.08325601189
33.736,8.886425717,-0.2874387851,-0.2911343752,0.7095187169,-0.3203147103,0.4091213507,0.778471787,2.913318145e-05,2.566801139e-05,0.253051197,0.688980736,0.05796806697,0.08567091658,0.08296241213
33.76,8.880108353,-0.2861260005,-0.2908325645,0.7108377731,-0.3200214532,0.4079848879,0.7795537635,2.846075291e-05,2.504682804e-05,0.2518401452,0.6903758762,0.05778397859,0.0853884756,0.08267180547
33.784,8.873799964,-0.2848213147,-0.2905203419,0.7121471476,-0.3197216825,0.406847945,0.7806250791,2.782585191e-05,2.445816458e-05,0.2506340744,0.6917596045,0.05760632102,0.08510882329,0.08238408982
33.808,8.867500532,-0.2835249529,-0.2901975467,0.713446424,-0.3194155111,0.4057105064,0.7816854026,2.722582359e-05,2.389972174e-05,0.2494329169,0.6931312071,0.05743587606,0.08483190108,0.0820991379
33.832,8.861210038,-0.2822371409,-0.2898640161,0.7147351752,-0.3191030589,0.4045725541,0.7827343948,2.665824183e-05,2.336940333e-05,0.2482365863,0.6944899292,0.05727348449,0.08455763411,0.08181679575
33.856,8.854928462,-0.2809581049,-0.289519585,0.7160129639,-0.3187844534,0.4034340675,0.7837717093,2.612088591e-05,2.286529491e-05,0.2470449776,0.6958349741,0.05712004833,0.08428593009,0.08153688125
33.88,8.848655785,-0.2796880717,-0.2891640864,0.7172793425,-0.3184598301,0.4022950239,0.7847969919,2.561171989e-05,2.238564503e-05,0.2458579652,0.6971655018,0.05697653303,0.08401667827,0.08125918269
33.904,8.842391989,-0.2784272679,-0.2887973515,0.7185338527,-0.3181293328,0.4011553985,0.7858098815,2.512887437e-05,2.192884874e-05,0.2446754026,0.6984806277,0.05684396967,0.08374974825,0.0809834573
33.928,8.836137055,-0.2771759207,-0.2884192099,0.7197760262,-0.3177931144,0.4000151642,0.7868100098,2.467063039e-05,2.149343294e-05,0.2434971211,0.6997794218,0.05672345702,0.08348498891,0.08070942984
33.952,8.829890964,-0.2759342568,-0.2880294899,0.7210053843,-0.3174513373,0.3988742923,0.7877970016,2.423540504e-05,2.10780435e-05,0.2423229289,0.7010609074,0.05661616366,0.08322222726,0.08043679121
33.976,8.823653697,-0.2747025029,-0.2876280185,0.7222214381,-0.3171041735,0.3977327521,0.7887704752,2.382173873e-05,2.068143378e-05,0.24115261,0.7023240601,0.05652332989,0.08296126735,0.0801651971
34,8.817425235,-0.2734808854,-0.2872146219,0.7234236888,-0.3167518057,0.3965905114,0.7897300424,2.342828385e-05,2.030245447e-05,0.2399859234,0.703567807,0.05644626962,0.0827018891,0.07989426662
