f_THz,lam_um,Re_S11,Im_S11,Re_S21,Im_S21,absS11,absS21,R,T,A
0,inf,5.930967644e-06,-3.359935192e-06,0.9998816292,0.0001452202213,6.816563775e-06,0.9998816397,4.64655417e-11,0.9997632934,0.0002367065147
0.01,29979.2458,6.415515019e-06,0.0001070416404,0.9999935533,0.0001293508463,0.0001072337242,0.9999935617,1.149907161e-08,0.9999871235,1.286504126e-05
0.035,8565.4988,8.074761402e-06,0.0003845032353,0.9999999911,0.0001332831524,0.0003845880129,1,1.479079397e-07,1,-1.479079395e-07
0.07,4282.7494,1.125955701e-05,0.0007761826927,0.9999999729,0.0002329797503,0.0007762643558,1,6.025863501e-07,1,-6.025863505e-07
0.105,2855.166267,1.514337523e-05,0.001171227175,0.9999999088,0.0004270019951,0.001171325069,1,1.372002417e-06,1,-1.372002417e-06
0.14,2141.3747,1.942913756e-05,0.001569206864,0.9999997552,0.0006996887597,0.00156932714,1,2.462787672e-06,1,-2.462787672e-06
0.175,1713.09976,2.386322667e-05,0.001969716597,0.9999994623,0.001036990867,0.001969861144,1,3.880352926e-06,1,-3.880352926e-06
0.21,1427.583133,2.823332976e-05,0.002372378548,0.9999989827,0.001426407313,0.002372546542,1,5.628977094e-06,1,-5.628977094e-06
0.245,1223.642686,3.236569846e-05,0.002776844308,0.9999982759,0.001856911788,0.002777032922,1,7.71191185e-06,1,-7.71191185e-06
0.28,1070.68735,3.612196537e-05,0.003182796356,0.9999973114,0.002318871384,0.003183001326,1,1.013149744e-05,1,-1.013149744e-05
0.315,951.7220889,3.939565486e-05,0.003589948884,0.9999960689,0.002803959307,0.003590165039,1,1.288928501e-05,1,-1.288928501e-05
0.35,856.54988,4.210851901e-05,0.003998048027,0.9999945383,0.003305063282,0.00399826977,1,1.598616115e-05,1,-1.598616115e-05
0.385,778.6817091,4.420681823e-05,0.004406871509,0.9999927183,0.003816191254,0.00440709323,1,1.942247074e-05,1,-1.942247074e-05
0.42,713.7915667,4.565765151e-05,0.004816227785,0.9999906152,0.004332375801,0.004816444197,1,2.31981347e-05,1,-2.31981347e-05
0.455,658.8845231,4.644542331e-05,0.005225954725,0.9999882407,0.004849578589,0.005226161111,1,2.731275996e-05,1,-2.731275996e-05
0.49,611.8213429,4.656851852e-05,0.005635917926,0.9999856105,0.005364596016,0.005636110316,1,3.17657395e-05,1,-3.17657395e-05
0.525,571.0332533,4.603623787e-05,0.006046008733,0.9999827422,0.005874967044,0.006046183998,1,3.655634094e-05,1,-3.655634094e-05
0.56,535.343675,4.486603059e-05,0.006456142031,0.9999796547,0.006378884121,0.006456297924,1,4.168378288e-05,1,-4.168378288e-05
0.595,503.8528706,4.308104617e-05,0.006866253893,0.9999763662,0.006875107893,0.006866389043,1,4.714729849e-05,1,-4.714729849e-05
0.63,475.8610444,4.070801389e-05,0.007276299158,0.9999728936,0.007362886334,0.00727641303,1,5.294618658e-05,1,-5.294618658e-05
0.665,450.8157263,3.777544814e-05,0.007686248988,0.999969252,0.007841878764,0.007686341814,1,5.907985049e-05,1,-5.907985049e-05
0.7,428.27494,3.431216826e-05,0.008096088461,0.999965454,0.008312085119,0.00809616117,1,6.554782569e-05,1,-6.554782569e-05
0.735,407.8808952,3.034611554e-05,0.008505814256,0.9999275293,0.008773482601,0.008505868388,0.9999660184,7.234979704e-05,0.9999320379,-4.387688785e-06
0.77,389.3408545,2.590344426e-05,0.008915432457,0.9998816039,0.009226757211,0.008915470088,0.9999241746,7.948560689e-05,0.9998483549,7.215949574e-05
0.805,372.4129913,2.100786098e-05,0.009324956509,0.9998427215,0.009672698015,0.009324980173,0.9998895084,8.695525523e-05,0.9997790289,0.000134015831
0.84,356.8957833,1.568018397e-05,0.009734405345,0.9998102977,0.01011207681,0.009734417974,0.9998614332,9.475889329e-05,0.9997228856,0.000182355541
0.875,342.619952,9.938094171e-06,0.0101438017,0.9997836299,0.01054573453,0.01014380657,0.9998392467,0.0001028968118,0.9996785192,0.0002185839955
0.91,329.4422615,3.796048992e-06,0.01055317064,0.9997619349,0.01097454471,0.01055317133,0.9998221677,0.0001113694251,0.999644367,0.0002442635331
0.945,317.2406963,-2.73466862e-06,0.01096253826,0.9997443825,0.01139938234,0.0109625386,0.99980937,0.0001201772526,0.9996187763,0.0002610464236
0.98,305.9106714,-9.645792175e-06,0.01137193058,0.9997301264,0.01182109789,0.01137193467,0.9998000119,0.0001293208982,0.9996000639,0.0002706152121
1.015,295.3620276,-1.693182915e-05,0.01178137269,0.9997183297,0.01224049616,0.01178138486,0.9997932628,0.0001388010293,0.9995865684,0.0002746305613
1.05,285.5166267,-2.458975643e-05,0.01219088801,0.9997081884,0.01265831971,0.01219091281,0.9997883251,0.0001486183552,0.999576695,0.0002746865977
1.085,276.3064129,-3.261867401e-05,0.01260049774,0.9996989501,0.01307523634,0.01260053996,0.9997844531,0.0001587736073,0.9995689527,0.0002722736609
1.12,267.6718375,-4.101943477e-05,0.0130102205,0.9996899293,0.01349183058,0.01301028517,0.9997809681,0.0001692675201,0.9995619842,0.0002687482649
1.155,259.5605697,-4.979426622e-05,0.01342007208,0.999680519,0.01390859842,0.01342016446,0.9997772698,0.0001801008142,0.9995545892,0.0002653099955
1.19,251.9264353,-5.894639759e-05,0.01383006534,0.9996701997,0.01432594521,0.01383019096,0.9997728446,0.0001912741819,0.9995457408,0.0002629849943
1.225,244.7285371,-6.847970357e-05,0.01424021018,0.9996585442,0.01474418622,0.01424037484,0.999767271,0.0002027882755,0.9995345961,0.0002626156136
1.26,237.9305222,-7.839837395e-05,0.01465051371,0.9996452207,0.01516354945,0.01465072347,0.9997602215,0.0002146436983,0.9995205005,0.0002648557761
1.295,231.4999676,-8.870661636e-05,0.01506098035,0.9996299919,0.0155841804,0.01506124158,0.9997514629,0.0002268409981,0.9995029875,0.0002701715218
1.33,225.4078632,-9.940839757e-05,0.01547161213,0.9996127132,0.01600614844,0.01547193149,0.999740853,0.0002393806639,0.9994817731,0.0002788461954
1.365,219.6281744,-0.0001105072269,0.01588240894,0.9995933274,0.01642945428,0.01588279338,0.9997283367,0.0002522631255,0.9994567472,0.0002909896974
1.4,214.13747,-0.0001220059841,0.01629336889,0.9995718591,0.0168540385,0.01629382568,0.9997139391,0.0002654887552,0.99942796,0.0003065512087
1.435,208.9146049,-0.0001339067916,0.01670448863,0.9995484061,0.01727979054,0.01670502533,0.999697758,0.0002790578714,0.9993956073,0.0003253347899
1.47,203.9404476,-0.0001462109315,0.01711576373,0.9995231312,0.01770655813,0.01711638822,0.9996799548,0.0002929707456,0.999360012,0.0003470172619
1.505,199.1976465,-0.0001589188049,0.017527189,0.9994962516,0.01813415669,0.01752790944,0.9996607448,0.0003072276094,0.9993216046,0.0003711677818
1.54,194.6704273,-0.0001720299303,0.01793875885,0.9994680289,0.01856237862,0.0179395837,0.9996403867,0.0003218286635,0.9992809028,0.0003972685504
1.575,190.3444178,-0.0001855429791,0.01835046762,0.9994387583,0.01899100225,0.01835140561,0.9996191724,0.0003367740879,0.9992384898,0.0004247361135
1.61,186.2064957,-0.0001994558416,0.01876230982,0.9994087575,0.01941980028,0.01876336996,0.9995974156,0.0003520640523,0.9991949932,0.0004529427506
1.645,182.2446553,-0.0002137657213,0.01917428044,0.9993783563,0.01984854748,0.019175472,0.9995754418,0.0003676987263,0.9991510638,0.0004812374857
1.68,178.4478917,-0.0002284692501,0.01958637516,0.9993478862,0.02027702774,0.01958770763,0.9995535781,0.0003836782901,0.9991073554,0.000508966296
1.715,174.806098,-0.0002435626212,0.0199985905,0.9993176708,0.02070504018,0.02000007361,0.9995321435,0.0004000029445,0.9990645059,0.0005354911447
1.75,171.309976,-0.000259041733,0.02041092396,0.9992880171,0.02113240438,0.02041256769,0.9995114404,0.0004166729197,0.9990231196,0.0005602075095
1.785,167.9509569,-0.0002749023387,0.02082337418,0.9992592068,0.02155896465,0.02082518867,0.9994917465,0.0004336884833,0.9989837514,0.0005825601345
1.82,164.7211308,-0.0002911401985,0.02123594088,0.9992314902,0.02198459338,0.02123793652,0.9994733079,0.0004510499477,0.9989468933,0.0006020567834
1.855,161.6131849,-0.0003077512269,0.02164862498,0.9992050793,0.02240919334,0.02165081233,0.9994563335,0.0004687576745,0.9989129625,0.0006182798238
1.89,158.6203481,-0.0003247316335,0.02206142853,0.999180144,0.02283269917,0.02206381834,0.99944099,0.0004868120796,0.9988822924,0.0006308955268
1.925,155.7363418,-0.0003420780513,0.02247435464,0.9991568079,0.02325507791,0.02247695785,0.9994273987,0.0005052136341,0.9988551254,0.0006396610134
1.96,152.9553357,-0.0003597876513,0.02288740743,0.9991351459,0.02367632871,0.02289023517,0.9994156334,0.0005239628661,0.9988316083,0.0006444288282
1.995,150.2719088,-0.0003778582385,0.02330059189,0.9991151836,0.0240964818,0.02330365549,0.9994057187,0.0005430603593,0.9988117905,0.0006451491655
2.03,147.6810138,-0.0003962883297,0.02371391377,0.9990968967,0.02451559677,0.02371722477,0.9993976303,0.0005625067506,0.9987956234,0.0006418698161
2.065,145.1779458,-0.0004150772091,0.02412737941,0.9990802125,0.02493376023,0.02413094955,0.9993912964,0.0005823027262,0.9987829633,0.0006347339383
2.1,142.7583133,-0.0004342249632,0.02454099561,0.9990650118,0.02535108298,0.02454483687,0.9993865995,0.000602449017,0.9987735752,0.0006239757932
2.135,140.4180131,-0.0004537324926,0.02495476947,0.9990511322,0.02576769676,0.02495889405,0.9993833794,0.0006229463923,0.998767139,0.0006099146131
2.17,138.1532065,-0.000473601503,0.02536870818,0.999038372,0.02618375067,0.02537312856,0.9993814375,0.0006437956529,0.9987632576,0.0005929467971
2.205,135.9602984,-0.0004938344744,0.02578281891,0.9990264948,0.02659940736,0.02578754783,0.999380541,0.0006649976233,0.9987614657,0.0005735366492
2.24,133.8359187,-0.0005144346112,0.02619710865,0.9990152348,0.02701483912,0.02620215916,0.9993804285,0.0006865531445,0.998761241,0.0005522058906
2.275,131.7769046,-0.000535405774,0.02661158405,0.9990043031,0.02743022383,0.02661696949,0.9993808157,0.000708463065,0.9987620147,0.00052952219
2.31,129.7802848,-0.000556752396,0.02702625132,0.9989933931,0.02784574108,0.02703198538,0.9993814011,0.0007307282336,0.9987631848,0.0005060869617
2.345,127.8432657,-0.0005784793851,0.0274411161,0.9989821878,0.02826156829,0.02744721281,0.9993818729,0.0007533494911,0.9987641278,0.0004825226876
2.38,125.9632176,-0.0006005920157,0.02785618339,0.9989703658,0.02867787707,0.02786265715,0.9993819151,0.0007763276637,0.9987642123,0.0004594600141
2.415,124.1376638,-0.000623095812,0.02827145747,0.9989576079,0.02909482986,0.02827832307,0.9993812143,0.0007996635558,0.9987628116,0.0004375248731
2.45,122.3642686,-0.0006459964262,0.02868694187,0.998943604,0.02951257677,0.02869421449,0.9993794656,0.0008233579455,0.9987593162,0.0004173258666
2.485,120.6408282,-0.000669299514,0.02910263935,0.9989280587,0.02993125292,0.02911033458,0.9993763787,0.0008474115791,0.9987531463,0.0003994421405
2.52,118.9652611,-0.0006930106111,0.02951855188,0.9989106973,0.03035097605,0.0295266857,0.999371684,0.0008718251686,0.9987437629,0.0003844119609
2.555,117.3356,-0.0007171350118,0.02993468067,0.9988912714,0.0307718446,0.02994326951,0.9993651377,0.0008965993892,0.9987306784,0.000372722185
2.59,115.7499838,-0.0007416776547,0.03035102623,0.9988695634,0.03119393626,0.03036008694,0.9993565261,0.0009217348792,0.9987134663,0.0003647988002
2.625,114.2066507,-0.0007666430159,0.03076758844,0.9988453909,0.03161730692,0.03077713827,0.9993456705,0.00094723224,0.9986917691,0.0003609986798
2.66,112.7039316,-0.0007920350129,0.03118436659,0.9988186102,0.03204199009,0.0311944232,0.9993324298,0.0009730920389,0.9986653053,0.0003616026816
2.695,111.2402442,-0.000817856921,0.03160135949,0.998789119,0.03246799675,0.03161194097,0.9993167041,0.0009993148119,0.998633875,0.0003668101877
2.73,109.8140872,-0.0008441113037,0.03201856563,0.9987568583,0.03289531567,0.03202969042,0.9992984358,0.001025901069,0.9985973638,0.0003767351588
2.765,108.4240354,-0.0008707999586,0.03243598319,0.998721814,0.03332391412,0.03244767015,0.9992776116,0.001052851298,0.998555745,0.0003914037469
2.8,107.068735,-0.0008979238796,0.03285361028,0.9986840169,0.03375373893,0.0328658786,0.9992542622,0.001080165976,0.9985090805,0.0004107534859
2.835,105.7468988,-0.0009254832359,0.03327144498,0.9986435427,0.03418471793,0.03328431418,0.9992284626,0.00110784557,0.9984575204,0.0004346340507
2.87,104.4573024,-0.000953477369,0.0336894855,0.9986005106,0.03461676169,0.03370297542,0.9992003302,0.001135890552,0.9984012999,0.0004628095499
2.905,103.1987807,-0.0009819048055,0.03410773031,0.9985550812,0.03504976551,0.03412186108,0.9991700237,0.001164301404,0.9983407363,0.0004949622934
2.94,101.9702238,-0.001010763288,0.03452617823,0.9985074545,0.03548361165,0.03454097024,0.99913774,0.001193078625,0.9982762234,0.000530697952
2.975,100.7705741,-0.001040049822,0.03494482856,0.998457866,0.03591817172,0.03496030244,0.999103711,0.001222222747,0.9982082252,0.0005695520067
3.01,99.59882326,-0.001069760734,0.03536368119,0.9984065831,0.03635330921,0.03537985777,0.9990682,0.001251734336,0.9981372683,0.0006109973627
3.045,98.4540092,-0.001099891753,0.03578273665,0.9983539008,0.03678888201,0.03579963693,0.9990314975,0.001281614004,0.998063933,0.0006544529924
3.08,97.33521364,-0.001130438089,0.03620199619,0.9983001365,0.03722474514,0.03621964134,0.998993916,0.001311862419,0.9979888441,0.0006992934515
3.115,96.24155955,-0.001161394537,0.03662146186,0.9982456252,0.03766075322,0.03663987317,0.9989557851,0.001342480306,0.9979126606,0.0007448591068
3.15,95.17220889,-0.001192755576,0.03704113649,0.9981907139,0.03809676311,0.03706033538,0.9989174464,0.001373468459,0.9978360646,0.0007904669011
3.185,94.12636044,-0.001224515489,0.03746102377,0.9981357557,0.03853263625,0.03748103174,0.9988792473,0.00140482774,0.9977597508,0.0008354214802
3.22,93.10324783,-0.00125666847,0.03788112818,0.9980811042,0.03896824102,0.03790196681,0.9988415362,0.001436559088,0.9976844144,0.0008790265
3.255,92.10213763,-0.001289208746,0.03830145502,0.998027108,0.03940345478,0.03832314595,0.9988046559,0.001468663516,0.9976107405,0.0009205959357
3.29,91.12232766,-0.001322130693,0.03872201032,0.9979741045,0.03983816583,0.03874457527,0.9987689386,0.001501142113,0.9975393927,0.0009594652156
3.325,90.16314526,-0.001355428951,0.03914280083,0.9979224147,0.04027227504,0.03916626155,0.9987347005,0.001533996044,0.9974710019,0.0009950020098
3.36,89.22394583,-0.001389098534,0.03956383388,0.9978723381,0.04070569728,0.03958821221,0.9987022364,0.001567226546,0.9974061569,0.001026616511
3.395,88.30411134,-0.001423134935,0.03998511735,0.9978241474,0.0411383626,0.04001043517,0.998671815,0.001600834923,0.997345394,0.001053771055
3.43,87.40304898,-0.001457534216,0.04040665951,0.9977780843,0.04157021708,0.04043293879,0.9986436745,0.001634822539,0.9972891885,0.001075988942
3.465,86.5201899,-0.001492293101,0.04082846893,0.9977343555,0.04200122344,0.04085573171,0.9986180185,0.001669190814,0.9972379469,0.001092862332
3.5,85.654988,-0.001527409044,0.04125055433,0.9976931288,0.04243136134,0.04127882279,0.9985950128,0.001703941211,0.9971919997,0.001104059103
3.535,84.80691881,-0.001562880293,0.04167292446,0.9976545308,0.04286062744,0.0417022209,0.9985747825,0.001739075228,0.9971515962,0.001109328587
3.57,83.97547843,-0.001598705939,0.04209558795,0.9976186441,0.04328903513,0.04212593484,0.9985574092,0.001774594386,0.9971168995,0.001108506089
3.605,83.16018252,-0.001634885948,0.04251855319,0.9975855058,0.04371661405,0.04254997317,0.9985429303,0.001810500217,0.9970879836,0.001101516155
3.64,82.36056538,-0.001671421183,0.04294182813,0.9975551066,0.04414340934,0.04297434411,0.9985313371,0.001846794252,0.9970648312,0.001088374534
3.675,81.57617905,-0.001708313404,0.04336542021,0.9975273904,0.0445694807,0.04339905534,0.9985225752,0.001883478005,0.9970473332,0.001069188823
3.71,80.80659245,-0.001745565266,0.04378933619,0.9975022547,0.04499490118,0.04382411393,0.9985165443,0.001920552962,0.9970352893,0.001044157783
3.745,80.05139065,-0.001783180286,0.04421358204,0.9974795516,0.04541975585,0.0442495262,0.9985130996,0.001958020569,0.9970284101,0.001013569356
3.78,79.31017407,-0.001821162814,0.04463816283,0.9974590895,0.04584414029,0.04467529759,0.9985120532,0.001995882214,0.9970263204,0.0009777974166
3.815,78.5825578,-0.001859517974,0.0450630826,0.9974406353,0.04626815897,0.04510143258,0.9985131764,0.002034139221,0.9970285635,0.0009372972991
3.85,77.86817091,-0.001898251609,0.04548834436,0.9974239175,0.04669192351,0.04552793463,0.9985162027,0.002072792832,0.997034607,0.000892600181
3.885,77.16665586,-0.001937370202,0.04591394993,0.9974086295,0.0471155509,0.04595480607,0.9985208307,0.002111844201,0.9970438494,0.0008443064017
3.92,76.47766786,-0.001976880798,0.04633989994,0.9973944335,0.04753916166,0.04638204808,0.9985267286,0.002151294384,0.9970556278,0.0007930778136
3.955,75.80087434,-0.002016790909,0.04676619384,0.9973809647,0.047962878,0.04680966067,0.9985335379,0.002191144332,0.9970692264,0.0007396292753
3.99,75.13595439,-0.002057108422,0.04719282982,0.9973678364,0.04838682198,0.04723764263,0.9985408783,0.002231394881,0.9970838857,0.0006847194069
4.025,74.48259826,-0.002097841495,0.04761980488,0.9973546449,0.04881111379,0.04766599161,0.9985483526,0.002272046756,0.9970988125,0.000629140738
4.06,73.8405069,-0.002138998453,0.04804711487,0.9973409744,0.04923586998,0.04809470409,0.9985555518,0.002313100562,0.9971131901,0.0005737093822
4.095,73.20939145,-0.002180587684,0.0484747545,0.9973264029,0.04966120193,0.04852377548,0.9985620606,0.002354556787,0.9971261888,0.0005192543819
4.13,72.58897288,-0.002222617534,0.04890271749,0.9973105075,0.05008721432,0.04895320017,0.9985674626,0.002396415807,0.9971369773,0.0004666068677
4.165,71.97898151,-0.002265096201,0.04933099661,0.9972928699,0.05051400382,0.04938297163,0.9985713459,0.002438677887,0.9971447329,0.0004165891789
4.2,71.37915667,-0.002308031643,0.04975958382,0.9972730821,0.05094165789,0.04981308254,0.9985733086,0.002481343192,0.9971486527,0.0003700040916
4.235,70.78924628,-0.002351431479,0.05018847043,0.9972507513,0.05137025377,0.0502435249,0.9985729637,0.002524411794,0.9971479639,0.0003276242983
4.27,70.20900656,-0.002395302906,0.05061764719,0.9972255055,0.05179985768,0.05067429016,0.9985699445,0.002567883683,0.997141934,0.0002901822773
4.305,69.63820163,-0.002439652618,0.05104710452,0.997196998,0.05223052415,0.05110536943,0.9985639091,0.002611758785,0.9971298805,0.0002583606874
4.34,69.07660323,-0.00248448674,0.05147683262,0.9971649123,0.05266229557,0.0515367536,0.9985545451,0.002656036971,0.9971111796,0.0002327834114
4.375,68.5239904,-0.002529810766,0.05190682171,0.9971289656,0.05309520199,0.05196843352,0.9985415738,0.002700718083,0.9970852746,0.0002140073654
4.41,67.98014921,-0.002575629514,0.05233706216,0.9970889133,0.05352926104,0.05240040022,0.9985247533,0.002745801943,0.9970516829,0.0002025151787
4.445,67.44487244,-0.002621947085,0.05276754471,0.9970445516,0.05396447806,0.05283264503,0.9985038822,0.002791288381,0.9970100028,0.0001987088365
4.48,66.91795937,-0.002668766842,0.05319826065,0.9969957203,0.05440084643,0.05326515984,0.9984788022,0.002837177253,0.9969599184,0.0002029043645
4.515,66.3992155,-0.002716091399,0.05362920202,0.996942305,0.05483834806,0.05369793722,0.9984493998,0.002883468462,0.9969012039,0.000215327621
4.55,65.88845231,-0.002763922613,0.05406036174,0.9968842386,0.05527695407,0.05413097062,0.9984156082,0.00293016198,0.9968337268,0.000236111243
4.585,65.38548702,-0.002812261603,0.05449173385,0.9968215021,0.05571662554,0.05456425454,0.9983774083,0.002977257873,0.9967574493,0.0002652927828
4.62,64.89014242,-0.002861108767,0.05492331359,0.996754125,0.05615731447,0.05499778467,0.9983348284,0.003024756319,0.9966724296,0.0003028140497
4.655,64.40224662,-0.002910463816,0.0553550976,0.996682185,0.05659896477,0.05543155807,0.9982879448,0.00307265763,0.9965788207,0.0003485216591
4.69,63.92163284,-0.002960325819,0.05578708404,0.9966058071,0.05704151345,0.05586557325,0.9982368802,0.003120962275,0.996476869,0.0004021687724
4.725,63.44813926,-0.00301069325,0.05621927268,0.9965251619,0.05748489172,0.05629983032,0.9981818026,0.003169670894,0.9963669111,0.0004634179989
4.76,62.98160882,-0.003061564053,0.05665166498,0.9964404639,0.05792902632,0.05673433104,0.9981229234,0.003218784319,0.9962493703,0.000531845411
4.795,62.52188905,-0.003112935704,0.05708426419,0.9963519687,0.05837384072,0.05716907893,0.9980604946,0.003268303586,0.9961247508,0.0006069456142
4.83,62.06883188,-0.003164805285,0.05751707537,0.9962599698,0.05881925639,0.05760407929,0.9979948057,0.003318229951,0.9959936323,0.0006881377977
4.865,61.62229353,-0.003217169555,0.05795010542,0.9961647952,0.05926519411,0.05803933923,0.9979261808,0.003368564898,0.9958566624,0.0007747726793
4.9,61.18213429,-0.003270025037,0.05838336308,0.9960668037,0.05971157516,0.05847486766,0.9978549742,0.003419310148,0.9957145496,0.000866140249
4.935,60.74821844,-0.003323368087,0.05881685886,0.9959663801,0.06015832249,0.05891067528,0.9977815663,0.003470467662,0.9955680541,0.0009614782054
4.97,60.32041408,-0.00337719498,0.05925060506,0.9958639312,0.06060536184,0.05934677452,0.9977063593,0.003522039646,0.9954179794,0.00105998097
5.005,59.89859301,-0.003431501989,0.05968461562,0.9957598805,0.06105262277,0.05978317947,0.9976297722,0.003574028547,0.9952651623,0.001160809164
5.04,59.48263056,-0.003486285453,0.06011890606,0.9956546634,0.06150003959,0.06021990578,0.997552236,0.003626437052,0.9951104635,0.001263099416
5.075,59.07240552,-0.003541541858,0.06055349334,0.9955487222,0.06194755219,0.06065697054,0.9974741889,0.003679268075,0.9949547575,0.001365974384
5.11,58.6678,-0.003597267893,0.06098839574,0.9954425011,0.06239510675,0.06109439215,0.997396071,0.003732524752,0.9947989224,0.001468552857
5.145,58.26869932,-0.00365346052,0.06142363267,0.9953364408,0.06284265635,0.06153219015,0.9973183192,0.003786210424,0.9946438298,0.001569959815
5.18,57.87499189,-0.003710117022,0.06185922451,0.9952309735,0.06329016144,0.06197038506,0.9972413625,0.003840328625,0.9944903351,0.001669336312
5.215,57.48656913,-0.00376723505,0.06229519239,0.9951265183,0.06373759015,0.06240899819,0.9971656171,0.003894883055,0.9943392679,0.001765849083
5.25,57.10332533,-0.003824812662,0.06273155803,0.9950234766,0.06418491858,0.0628480514,0.9970914816,0.003949877565,0.9941914227,0.001858699735
5.285,56.72515762,-0.003882848351,0.06316834349,0.9949222272,0.06463213082,0.06328756696,0.997019333,0.004005316131,0.9940475504,0.001947133437
5.32,56.35196579,-0.00394134107,0.06360557098,0.9948231227,0.06507921897,0.06372756726,0.9969495224,0.004061202829,0.9939083502,0.002030446987
5.355,55.98365229,-0.00400029024,0.06404326258,0.9947264857,0.06552618297,0.06416807465,0.9968823712,0.004117541804,0.993774462,0.002107996188
5.39,55.62012208,-0.004059695757,0.0644814401,0.9946326053,0.06597303036,0.06460911117,0.9968181681,0.004174337247,0.9936464603,0.002179202431
5.425,55.26128258,-0.004119557985,0.06492012476,0.9945417345,0.06641977594,0.06505069836,0.9967571661,0.004231593357,0.9935248482,0.002243558432
5.46,54.90704359,-0.004179877747,0.06535933708,0.9944540873,0.0668664413,0.06549285702,0.9966995799,0.004289314321,0.9934100526,0.002300633047
5.495,54.5573172,-0.004240656303,0.06579909656,0.9943698373,0.0673130543,0.06593560702,0.9966455842,0.004347504273,0.9933024206,0.002350075137
5.53,54.21201772,-0.004301895328,0.06623942156,0.9942891161,0.0677596485,0.06637896709,0.9965953122,0.004406167272,0.9932022163,0.002391616436
5.565,53.87106164,-0.004363596875,0.0666803291,0.9942120121,0.0682062625,0.06682295464,0.9965488545,0.004465307267,0.9931096193,0.002425073398
5.6,53.5343675,-0.004425763342,0.06712183466,0.9941385707,0.06865293921,0.06726758558,0.9965062588,0.004524928069,0.9930247239,0.002450348029
5.635,53.2018559,-0.004488397431,0.06756395205,0.9940687939,0.06909972519,0.06771287417,0.9964675303,0.004585033328,0.992947539,0.002467427688
5.67,52.87344938,-0.004551502107,0.06800669327,0.994002641,0.06954666987,0.06815883289,0.9964326317,0.004645626501,0.9928779896,0.002476383884
5.705,52.54907239,-0.004615080546,0.06845006841,0.9939400302,0.0699938248,0.06860547233,0.9964014849,0.004706710833,0.9928159191,0.002477370094
5.74,52.22865122,-0.004679136098,0.06889408554,0.9938808396,0.07044124292,0.06905280108,0.996373972,0.004768289336,0.992761092,0.002470618637
5.775,51.91211394,-0.004743672235,0.06933875066,0.9938249098,0.07088897782,0.06950082567,0.9963499378,0.004830364769,0.9927131986,0.002456436659
5.81,51.59939036,-0.00480869251,0.06978406765,0.9937720461,0.07133708308,0.06994955054,0.9963291921,0.004892939621,0.9926718591,0.002435201279
5.845,51.29041198,-0.004874200516,0.07023003827,0.9937220214,0.07178561157,0.07039897802,0.9963115125,0.004956016106,0.9926366299,0.002407353975
5.88,50.9851119,-0.004940199843,0.07067666214,0.9936745795,0.07223461491,0.0708491083,0.9962966474,0.005019596146,0.9926070096,0.002373394278
5.915,50.68342485,-0.005006694052,0.07112393681,0.9936294385,0.07268414285,0.0712999395,0.9962843197,0.005083681373,0.9925824458,0.002333872865
5.95,50.38528706,-0.005073686636,0.07157185779,0.9935862948,0.07313424285,0.07175146774,0.9962742307,0.005148273123,0.9925623427,0.002289384137
5.985,50.09063626,-0.005141181005,0.07202041863,0.9935448268,0.07358495966,0.07220368717,0.9962660635,0.005213372441,0.9925460692,0.002240558377
6.02,49.79941163,-0.005209180466,0.07246961105,0.9935046992,0.07403633496,0.07265659011,0.9962594874,0.005278980087,0.9925329663,0.00218805359
6.055,49.51155376,-0.00527768821,0.07291942506,0.9934655674,0.07448840713,0.07311016717,0.9962541625,0.005345096544,0.9925223563,0.002132547131
6.09,49.2270046,-0.005346707311,0.07336984909,0.9934270812,0.07494121108,0.07356440738,0.9962497432,0.005411722034,0.9925135508,0.002074727215
6.125,48.94570743,-0.005416240729,0.07382087016,0.9933888898,0.07539477814,0.07401929839,0.9962458828,0.005478856534,0.992505859,0.002015284424
6.16,48.66760682,-0.005486291323,0.07427247407,0.9933506458,0.07584913607,0.0744748266,0.9962422381,0.005546499797,0.9924985969,0.001954903307
6.195,48.39264859,-0.005556861863,0.07472464558,0.9933120088,0.0763043091,0.07493097738,0.9962384727,0.005614651371,0.9924910945,0.001894254175
6.23,48.12077978,-0.005627955057,0.07517736864,0.9932726502,0.07676031809,0.0753877353,0.9962342617,0.005683310633,0.9924827042,0.001833985199
6.265,47.8519486,-0.005699573585,0.07563062654,0.9932322565,0.07721718072,0.07584508429,0.996229295,0.00575247681,0.9924728083,0.001774714887
6.3,47.58610444,-0.005771720128,0.07608440222,0.9931905326,0.07767491178,0.0763030079,0.9962232812,0.005822149014,0.9924608259,0.001717025045
6.335,47.32319779,-0.005844397412,0.07653867841,0.9931472056,0.07813352344,0.07676148952,0.9962159502,0.005892326273,0.9924462194,0.001661454285
6.37,47.06318022,-0.005917608255,0.07699343789,0.9931020273,0.07859302568,0.07722051259,0.9962070569,0.005963007565,0.9924285003,0.001608492178
6.405,46.80600437,-0.005991355611,0.07744866372,0.9930547768,0.07905342666,0.07768006085,0.9961963833,0.006034191853,0.9924072341,0.001558574086
6.44,46.55162391,-0.006065642619,0.07790433942,0.993005263,0.07951473314,0.07814011851,0.9961837406,0.00610587812,0.9923820451,0.001512076759
6.475,46.29999351,-0.006140472658,0.07836044921,0.9929533258,0.07997695094,0.07860067051,0.9961689715,0.006178065405,0.9923526199,0.001469314723
6.51,46.05106882,-0.006215849395,0.0788169782,0.9928988379,0.08044008539,0.07906170271,0.9961519511,0.006250752836,0.9923187097,0.001430537495
6.545,45.80480642,-0.006291776831,0.07927391255,0.9928417057,0.08090414176,0.07952320207,0.9961325879,0.006323939667,0.9922801327,0.001395927668
6.58,45.56116383,-0.006368259352,0.0797312397,0.9927818694,0.08136912568,0.07998515682,0.9961108246,0.006397625311,0.9922367748,0.001365599855
6.615,45.32009947,-0.006445301768,0.08018894845,0.9927193036,0.08183504359,0.08044755663,0.9960866379,0.006471809368,0.9921885901,0.001339600511
6.65,45.08157263,-0.006522909349,0.08064702916,0.9926540165,0.08230190305,0.08091039278,0.9960600382,0.006546491659,0.9921355997,0.001317908627
6.685,44.84554346,-0.006601087861,0.08110547385,0.9925860492,0.08276971306,0.0813736582,0.996031069,0.006621672249,0.9920778905,0.001300437257
6.72,44.61197292,-0.006679843582,0.08156427627,0.9925154746,0.08323848438,0.08183734767,0.9959998055,0.006697351473,0.9920156126,0.001287035878
6.755,44.3808228,-0.006759183324,0.08202343202,0.9924423957,0.08370822967,0.08230145782,0.9959663531,0.006773529959,0.9919489765,0.001277493523
6.79,44.15205567,-0.006839114433,0.08248293857,0.9923669436,0.08417896367,0.08276598723,0.9959308453,0.006850208642,0.9918782487,0.001271542639
6.825,43.92563487,-0.00691964479,0.08294279534,0.9922892754,0.08465070325,0.08323093646,0.9958934419,0.006927388783,0.9918037476,0.001268863631
6.86,43.70152449,-0.007000782793,0.08340300365,0.9922095713,0.08512346739,0.08369630803,0.9958543257,0.007005071977,0.991725838,0.00126909001
6.895,43.47968934,-0.007082537334,0.08386356674,0.992128032,0.08559727713,0.08416210644,0.9958137003,0.007083260161,0.9916449258,0.001271814082
6.93,43.26009495,-0.007164917762,0.08432448974,0.9920448757,0.08607215536,0.08462833814,0.9957717868,0.007161955616,0.9915614513,0.001276593097
6.965,43.04270754,-0.007247933834,0.08478577961,0.9919603344,0.08654812661,0.08509501142,0.9957288201,0.007241160969,0.9914758832,0.001282955785
7,42.827494,-0.007331595657,0.08524744507,0.991874651,0.08702521671,0.0855621364,0.9956850464,0.007320879186,0.9913887116,0.001290409186
7.035,42.61442189,-0.007415913618,0.0857094965,0.9917880754,0.08750345243,0.08602972489,0.9956407187,0.007401113565,0.9913004407,0.001298445686
7.07,42.40345941,-0.007500898308,0.08617194584,0.9917008613,0.08798286098,0.08649779029,0.9955960939,0.007481867724,0.9912115821,0.001306550179
7.105,42.19457537,-0.007586560425,0.08663480644,0.9916132622,0.08846346956,0.08696634744,0.9955514287,0.007563145587,0.9911226472,0.001314207253
7.14,41.98773922,-0.007672910684,0.08709809299,0.9915255282,0.08894530471,0.08743541251,0.9955069765,0.00764495136,0.9910341403,0.001320908326
7.175,41.78292098,-0.007759959705,0.08756182126,0.9914379025,0.08942839179,0.0879050028,0.9954629837,0.007727289518,0.9909465519,0.001326158632
7.21,41.58009126,-0.007847717905,0.08802600806,0.991350618,0.08991275425,0.08837513661,0.995419686,0.007810164771,0.9908603512,0.001329483984
7.245,41.37922126,-0.007936195377,0.08849067097,0.9912638941,0.09039841302,0.08884583303,0.9953773057,0.007893582046,0.9907759807,0.001330437223
7.28,41.18028269,-0.008025401773,0.08895582825,0.9911779335,0.09088538577,0.08931711176,0.9953360484,0.007977546453,0.9906938493,0.001328604292
7.315,40.98324785,-0.008115346178,0.08942149861,0.9910929201,0.09137368629,0.08978899296,0.9952961001,0.008062063257,0.9906143269,0.001323609852
7.35,40.78808952,-0.00820603699,0.08988770105,0.9910090159,0.09186332375,0.09026149701,0.9952576248,0.008147137842,0.9905377398,0.001315122385
7.385,40.59478104,-0.008297481794,0.0903544547,0.9909263588,0.09235430208,0.09073464436,0.9952207622,0.008232775687,0.9904643656,0.001302858725
7.42,40.40329623,-0.008389687248,0.09082177863,0.990845061,0.09284661933,0.09120845534,0.9951856258,0.008318982325,0.9903944297,0.001286587967
7.455,40.21360939,-0.008482658968,0.09128969169,0.9907652076,0.0933402671,0.09168294995,0.9951523009,0.008405763312,0.990328102,0.001266134713
7.49,40.02569533,-0.00857640142,0.09175821237,0.9906868546,0.09383522999,0.09215814776,0.995120844,0.008493124199,0.9902654942,0.001241381624
7.525,39.8395293,-0.008670917827,0.09222735861,0.9906100288,0.09433148519,0.09263406767,0.9950912814,0.008581070493,0.9902066583,0.001212271253
7.56,39.65508704,-0.008766210075,0.09269714771,0.9905347271,0.09482900203,0.09311072781,0.9950636086,0.008669607633,0.9901515852,0.001178807144
7.595,39.4723447,-0.008862278646,0.09316759616,0.9904609162,0.09532774173,0.09358814539,0.9950377907,0.008758740957,0.9901002049,0.001141054183
7.63,39.2912789,-0.008959122552,0.09363871955,0.990388533,0.09582765714,0.09406633657,0.9950137618,0.008848475676,0.9900523861,0.001099138217
7.665,39.11186667,-0.009056739287,0.09411053249,0.990317485,0.09632869269,0.09454531639,0.9949914262,0.008938816852,0.9900079382,0.001053244938
7.7,38.93408545,-0.009155124804,0.09458304847,0.9902476517,0.09683078433,0.09502509863,0.9949706592,0.009029769369,0.9899666126,0.00100361806
7.735,38.75791312,-0.009254273494,0.09505627987,0.9901788854,0.09733385963,0.09550569575,0.994951308,0.009121337921,0.9899281053,0.0009505568028
7.77,38.58332793,-0.009354178196,0.09553023784,0.9901110128,0.09783783803,0.09598711888,0.9949331939,0.009213526992,0.9898920603,0.0008944127411
7.805,38.41030852,-0.009454830223,0.0960049323,0.9900438374,0.0983426311,0.09646937773,0.9949161136,0.00930634084,0.9898580731,0.0008355860318
7.84,38.23883393,-0.009556219402,0.09648037191,0.9899771412,0.09884814305,0.09695248059,0.9948998419,0.009399783494,0.9898256954,0.0007745210893
7.875,38.06888356,-0.009658334136,0.09695656409,0.989910687,0.09935427118,0.09743643435,0.9948841337,0.009493858738,0.9897944395,0.0007117017539
7.91,37.90043717,-0.009761161492,0.09743351499,0.9898442217,0.0998609066,0.09792124447,0.994868727,0.009588570118,0.9897637839,0.0006476460142
7.945,37.73347489,-0.009864687297,0.09791122957,0.9897774782,0.100367935,0.09840691506,0.9948533453,0.009683920932,0.9897331787,0.0005829003505
7.98,37.56797719,-0.009968896258,0.0983897116,0.989710179,0.1008752373,0.09889344893,0.9948377013,0.009779914242,0.989702052,0.0005180337636
8.015,37.40392489,-0.0100737721,0.09886896374,0.9896420391,0.101382691,0.09938084762,0.9948214993,0.009876552874,0.9896698156,0.0004536315639
8.05,37.24129913,-0.01017929773,0.09934898757,0.9895727688,0.1018901707,0.0998691115,0.9948044389,0.009973839433,0.9896358716,0.000390288992
8.085,37.08008139,-0.01028545538,0.09982978372,0.9895020772,0.1023975495,0.1003582399,0.9947862177,0.01007177631,0.9895996189,0.0003286047474
8.12,36.92025345,-0.01039222682,0.1003113519,0.9894296754,0.1029047001,0.100848231,0.9947665353,0.0101703657,0.9895604598,0.0002691744983
8.155,36.76179742,-0.01049959352,0.1007936911,0.9893552792,0.103411496,0.1013390824,0.994745096,0.01026960963,0.9895178059,0.0002125844496
8.19,36.60469573,-0.01060753689,0.1012767995,0.9892786125,0.1039178127,0.1018307908,0.9947216118,0.01036950996,0.989471085,0.0001594050409
8.225,36.44893106,-0.01071603845,0.1017606747,0.9891994103,0.1044235287,0.1023233522,0.9946958061,0.0104700684,0.9894197468,0.0001101848472
8.26,36.29448644,-0.01082508011,0.1022453139,0.9891174212,0.1049285272,0.1028167622,0.9946674161,0.01057128658,0.9893632687,6.544474813e-05
8.295,36.14134515,-0.01093464429,0.1027307139,0.9890324099,0.1054326972,0.103311016,0.9946361956,0.01067316602,0.9893011615,2.567243286e-05
8.33,35.98949076,-0.01104471425,0.103216871,0.9889441604,0.1059359344,0.1038061086,0.9946019176,0.01077570817,0.9892329745,-8.682701566e-06
8.365,35.83890711,-0.01115527424,0.1037037816,0.9888524771,0.1064381427,0.1043020348,0.9945643769,0.01087891447,0.9891582997,-3.721420234e-05
8.4,35.68957833,-0.01126630972,0.104191442,0.9887571877,0.1069392355,0.1047987897,0.9945233916,0.01098278631,0.9890767764,-5.956271693e-05
8.435,35.5414888,-0.0113778076,0.1046798482,0.9886581444,0.1074391362,0.1052963681,0.9944788054,0.01108732513,0.9889880945,-7.54196078e-05
8.47,35.39462314,-0.0114897564,0.1051689968,0.9885552252,0.1079377796,0.1057947654,0.9944304891,0.01119253239,0.9888919976,-8.452999298e-05
8.505,35.24896626,-0.01160214644,0.1056588842,0.9884483355,0.1084351127,0.1062939773,0.9943783413,0.01129840961,0.9887882856,-8.669518197e-05
8.54,35.10450328,-0.01171497003,0.1061495071,0.9883374083,0.1089310954,0.1067939998,0.9943222899,0.01140495839,0.9886768161,-8.177448812e-05
8.575,34.96121959,-0.01182822161,0.1066408628,0.988222405,0.1094257013,0.1072948296,0.9942622923,0.01151218045,0.9885575059,-6.968640179e-05
8.61,34.81910081,-0.01194189788,0.1071329488,0.9881033159,0.1099189181,0.1077964639,0.9941983361,0.01162007763,0.9884303315,-5.040912125e-05
8.645,34.67813279,-0.01205599791,0.1076257629,0.9879801593,0.1104107481,0.1082989008,0.9941304384,0.01172865191,0.9882953285,-2.398044026e-05
8.68,34.53830161,-0.01217052323,0.1081193035,0.9878529818,0.1109012084,0.1088021389,0.9940586459,0.01183790543,0.9881525916,9.502995279e-06
8.715,34.39959357,-0.01228547791,0.1086135696,0.9877218569,0.111390331,0.1093061777,0.9939830343,0.01194784048,0.9880022725,4.988704706e-05
8.75,34.2619952,-0.0124008686,0.1091085606,0.9875868848,0.1118781628,0.1098110174,0.9939037068,0.01205845955,0.9878445784,9.696203709e-05
8.785,34.12549323,-0.01251670451,0.1096042764,0.9874481905,0.1123647657,0.1103166592,0.9938207934,0.0121697653,0.9876797694,0.0001504652603
8.82,33.9900746,-0.01263299744,0.1101007174,0.9873059223,0.1128502156,0.110823105,0.9937344491,0.01228176059,0.9875081554,0.0002100840257
8.855,33.85572648,-0.01274976172,0.1105978845,0.9871602505,0.1133346026,0.1113303574,0.9936448522,0.01239444848,0.9873300923,0.0002754591803
8.89,33.72243622,-0.01286701413,0.1110957791,0.9870113651,0.1138180302,0.11183842,0.9935522023,0.01250783219,0.9871459787,0.0003461890712
8.925,33.59019137,-0.01298477385,0.1115944031,0.9868594736,0.1143006142,0.1123472971,0.9934567182,0.01262191516,0.9869562509,0.0004218338953
8.96,33.45897969,-0.01310306229,0.1120937587,0.986704799,0.1147824823,0.1128569935,0.9933586355,0.01273670099,0.9867613786,0.0005019203809
8.995,33.32878911,-0.01322190299,0.1125938486,0.9865475774,0.1152637727,0.113367515,0.993258204,0.01285219346,0.9865618598,0.000585946746
9.03,33.19960775,-0.01334132143,0.1130946757,0.9863880552,0.1157446333,0.1138788678,0.9931556855,0.01296839652,0.9863582156,0.0006733878726
9.065,33.07142394,-0.01346134483,0.1135962432,0.9862264868,0.1162252204,0.1143910585,0.9930513507,0.01308531426,0.9861509851,0.0007637006362
9.1,32.94422615,-0.01358200196,0.1140985546,0.9860631318,0.1167056973,0.1149040945,0.9929454767,0.01320295093,0.9859407197,0.0008563293318
9.135,32.81800307,-0.01370332293,0.1146016135,0.9858982528,0.1171862328,0.1154179833,0.9928383443,0.01332131087,0.985727978,0.0009507111317
9.17,32.69274351,-0.0138253389,0.1151054237,0.9857321122,0.1176670002,0.1159327329,0.9927302352,0.01344039856,0.9855133199,0.001046281518
9.205,32.5684365,-0.01394808186,0.1156099891,0.9855649702,0.1181481756,0.1164483515,0.9926214293,0.01356021856,0.9852973018,0.00114247963
9.24,32.44507121,-0.01407158433,0.1161153134,0.985397082,0.1186299363,0.1169648473,0.992512202,0.0136807755,0.985080471,0.001238753469
9.275,32.32263698,-0.01419587914,0.1166214006,0.9852286958,0.1191124593,0.1174822288,0.992402822,0.01380207407,0.984863361,0.001334564908
9.31,32.20112331,-0.01432099911,0.1171282545,0.9850600502,0.11959592,0.1180005044,0.9922935486,0.01392411903,0.9846464865,0.001429394458
9.345,32.08051985,-0.01444697677,0.1176358788,0.9848913721,0.1200804908,0.1185196824,0.9921846296,0.01404691513,0.9844303391,0.001522745738
9.38,31.96081642,-0.0145738441,0.1181442771,0.9847228753,0.1205663391,0.1190397713,0.9920762991,0.01417046715,0.9842153832,0.001614149611
9.415,31.84200297,-0.01470163225,0.1186534529,0.9845547581,0.1210536266,0.119560779,0.9919687758,0.01429477987,0.9840020522,0.001703167954
9.45,31.72406963,-0.01483037127,0.1191634094,0.9843872022,0.1215425074,0.1200827134,0.9918622611,0.01441985806,0.9837907449,0.001789397011
9.485,31.60700664,-0.01496008989,0.1196741499,0.9842203712,0.1220331274,0.1206055822,0.9917569376,0.01454570646,0.9835818232,0.001872470324
9.52,31.49080441,-0.01509081521,0.1201856775,0.9840544095,0.1225256225,0.1211293927,0.991652968,0.01467232978,0.983375609,0.001952061205
9.555,31.37545348,-0.01522257256,0.1206979949,0.9838894415,0.123020118,0.121654152,0.9915504942,0.0147997327,0.9831723826,0.002027884738
9.59,31.26094453,-0.01535538525,0.1212111051,0.9837255709,0.1235167274,0.1221798668,0.9914496361,0.01492791985,0.9829723809,0.002099699296
9.625,31.14726836,-0.01548927438,0.1217250106,0.9835628803,0.1240155519,0.1227065435,0.9913504913,0.01505689583,0.9827757966,0.002167307575
9.66,31.03441594,-0.01562425874,0.1222397142,0.9834014309,0.1245166795,0.1232341884,0.991253135,0.01518666519,0.9825827777,0.002230557136
9.695,30.92237834,-0.01576035461,0.1227552184,0.9832412627,0.1250201844,0.1237628071,0.9911576197,0.01531723243,0.9823934271,0.00228934047
9.73,30.81114676,-0.01589757573,0.1232715261,0.9830823947,0.1255261271,0.1242924054,0.9910639754,0.01544860205,0.9822078034,0.00234359459
9.765,30.70071254,-0.01603593315,0.1237886398,0.9829248255,0.1260345534,0.1248229887,0.9909722102,0.0155807785,0.9820259213,0.002393300168
9.8,30.59106714,-0.01617543527,0.1243065626,0.9827685339,0.1265454951,0.125354562,0.9908823106,0.01571376622,0.9818477535,0.002438480238
9.835,30.48220214,-0.01631608777,0.1248252976,0.9826134795,0.1270589694,0.1258871306,0.9907942429,0.01584756965,0.9816732319,0.002479198491
9.87,30.37410922,-0.01645789364,0.1253448483,0.9824596043,0.1275749794,0.1264206995,0.9907079537,0.01598219326,0.9815022495,0.002515557192
9.905,30.26678021,-0.01660085327,0.1258652184,0.9823068336,0.1280935146,0.1269552737,0.9906233713,0.01611764153,0.9813346637,0.002547694741
9.94,30.16020704,-0.01674496449,0.1263864121,0.982155077,0.1286145509,0.1274908585,0.9905404071,0.01625391899,0.9811702981,0.002575782936
9.975,30.05438175,-0.01689022268,0.126908434,0.9820042309,0.1291380517,0.128027459,0.9904589572,0.01639103025,0.9810089458,0.002600023952
10.01,29.9492965,-0.01703662096,0.1274312894,0.9818541787,0.129663968,0.1285650807,0.9903789037,0.01652897998,0.9808503729,0.002620647095
10.045,29.84494355,-0.01718415031,0.1279549842,0.9817047939,0.13019224,0.1291037296,0.990300117,0.016667773,0.9806943216,0.002637905364
10.08,29.74131528,-0.01733279978,0.1284795247,0.9815559404,0.1307227975,0.1296434118,0.9902224568,0.01680741421,0.9805405139,0.00265207187
10.115,29.63840415,-0.01748255672,0.1290049181,0.9814074755,0.1312555609,0.1301841338,0.9901457747,0.01694790869,0.9803886552,0.002663436152
10.15,29.53620276,-0.01763340699,0.1295311724,0.9812592508,0.1317904424,0.1307259028,0.9900699157,0.01708926166,0.9802384379,0.002672300435
10.185,29.43470378,-0.01778533525,0.1300582962,0.9811111143,0.1323273474,0.1312687265,0.98999472,0.01723147855,0.9800895456,0.002678975883
10.22,29.3339,-0.0179383252,0.1305862989,0.9809629125,0.1328661753,0.1318126131,0.9899200251,0.01737456497,0.9799416561,0.002683778877
10.255,29.2337843,-0.01809235987,0.1311151909,0.9808144911,0.1334068208,0.1323575716,0.9898456677,0.01751852677,0.9797944459,0.002687027366
10.29,29.13434966,-0.01824742195,0.1316449831,0.9806656979,0.1339491755,0.1329036117,0.9897714851,0.01766336999,0.9796475927,0.002689037339
10.325,29.03558915,-0.01840349402,0.1321756875,0.9805163833,0.1344931286,0.1334507436,0.9896973172,0.01780910096,0.9795007796,0.002690119435
10.36,28.93749595,-0.01856055889,0.1327073166,0.9803664024,0.1350385687,0.1339989785,0.989623008,0.01795572623,0.979353698,0.002690575752
10.395,28.8400633,-0.0187185999,0.1332398837,0.9802156161,0.1355853847,0.1345483281,0.9895484074,0.0181032526,0.9792060505,0.002690696865
10.43,28.74328456,-0.01887760118,0.1337734028,0.9800638923,0.136133467,0.1350988051,0.9894733719,0.01825168713,0.9790575538,0.002690759094
10.465,28.64715318,-0.01903754796,0.1343078885,0.9799111071,0.1366827089,0.1356504226,0.9893977667,0.01840103714,0.9789079408,0.002691022044
10.5,28.55166267,-0.01919842683,0.1348433558,0.979757146,0.1372330072,0.1362031945,0.9893214661,0.01855131019,0.9787569634,0.002691726431
10.535,28.45680664,-0.01936022597,0.1353798203,0.979601904,0.1377842637,0.1367571354,0.9892443549,0.01870251409,0.9786043937,0.002693092227
10.57,28.36257881,-0.01952293543,0.1359172978,0.9794452871,0.1383363859,0.1373122604,0.9891663288,0.01885465685,0.978450026,0.002695317113
10.605,28.26897294,-0.01968654728,0.1364558045,0.9792872121,0.1388892879,0.137868585,0.9890872954,0.01900774673,0.978293678,0.002698575276
10.64,28.17598289,-0.01985105587,0.1369953566,0.9791276074,0.139442891,0.1384261252,0.9890071746,0.01916179214,0.9781351913,0.002703016526
10.675,28.08360262,-0.02001645791,0.1375359701,0.978966413,0.1399971245,0.1389848973,0.9889258984,0.01931680167,0.9779744326,0.002708765756
10.71,27.99182614,-0.02018275266,0.1380776613,0.9788035806,0.140551926,0.1395449177,0.9888434119,0.01947278405,0.9778112932,0.002715922725
10.745,27.90064756,-0.02034994202,0.1386204458,0.9786390734,0.141107242,0.140106203,0.9887596724,0.01962974813,0.9776456897,0.002724562165
10.78,27.81006104,-0.02051803056,0.139164339,0.978472866,0.1416630283,0.1406687699,0.9886746497,0.01978770282,0.977477563,0.002734734194
10.815,27.72006084,-0.02068702561,0.1397093556,0.9783049437,0.1422192497,0.1412326346,0.9885883258,0.01994665706,0.9773068779,0.002746465023
10.85,27.63064129,-0.02085693721,0.1402555097,0.9781353026,0.1427758805,0.1417978132,0.9885006941,0.02010661984,0.9771336222,0.002759757935
10.885,27.54179678,-0.02102777811,0.1408028146,0.9779639482,0.1433329043,0.1423643215,0.9884117591,0.02026760005,0.9769578054,0.002774594518
10.92,27.45352179,-0.02119956369,0.1413512825,0.9777908953,0.1438903136,0.1429321747,0.9883215354,0.02042960655,0.9767794573,0.002790936126
10.955,27.36581086,-0.02137231185,0.1419009244,0.977616167,0.1444481099,0.143501387,0.9882300473,0.02059264807,0.9765986264,0.002808725534
10.99,27.2786586,-0.02154604289,0.1424517505,0.9774397936,0.1450063031,0.1440719722,0.9881373275,0.02075673318,0.976415378,0.002827888777
11.025,27.19205968,-0.02172077935,0.1430037691,0.9772618121,0.145564911,0.144643943,0.9880434164,0.02092187024,0.9762297926,0.002848337122
11.06,27.10600886,-0.0218965458,0.1435569875,0.9770822648,0.1461239588,0.1452173109,0.9879483607,0.02108806738,0.9760419635,0.002869969152
11.095,27.02050095,-0.02207336863,0.1441114112,0.9769011985,0.1466834786,0.1457920864,0.9878522129,0.02125533245,0.9758519946,0.002892672942
11.13,26.93553082,-0.02225127583,0.1446670443,0.9767186637,0.1472435084,0.1463682786,0.9877550297,0.02142367299,0.9756599987,0.002916328266
11.165,26.85109342,-0.02243029665,0.1452238891,0.9765347129,0.1478040917,0.1469458954,0.9876568711,0.02159309617,0.975466095,0.002940808842
11.2,26.76718375,-0.0226104614,0.1457819462,0.9763494003,0.1483652764,0.147524943,0.9875577991,0.0217636088,0.9752704067,0.002965984547
11.235,26.68379688,-0.02279180111,0.1463412145,0.9761627804,0.1489271142,0.1481054262,0.9874578771,0.02193521727,0.9750730591,0.002991723603
11.27,26.60092795,-0.02297434721,0.1469016913,0.9759749072,0.1494896597,0.1486873483,0.9873571683,0.02210792755,0.9748741778,0.003017894687
11.305,26.51857214,-0.02315813121,0.147463372,0.9757858332,0.1500529696,0.1492707109,0.9872557348,0.02228174514,0.9746738859,0.003044368948
11.34,26.43672469,-0.02334318439,0.1480262505,0.9755956087,0.1506171015,0.149855514,0.987153637,0.02245667508,0.974472303,0.003071021904
11.375,26.35538092,-0.02352953748,0.1485903188,0.9754042809,0.1511821139,0.1504417561,0.9870509322,0.02263272197,0.9742695428,0.003097735199
11.41,26.2745362,-0.0237172203,0.1491555676,0.9752118933,0.1517480644,0.1510294338,0.9869476744,0.02280988988,0.9740657119,0.003124398192
11.445,26.19418593,-0.02390626148,0.1497219861,0.9750184849,0.1523150098,0.1516185426,0.9868439128,0.02298818246,0.9738609082,0.003150909381
11.48,26.11432561,-0.02409668812,0.1502895621,0.97482409,0.1528830047,0.1522090761,0.9867396919,0.02316760286,0.9736552195,0.003177177625
11.515,26.03495076,-0.02428852555,0.1508582823,0.9746287373,0.1534521015,0.1528010268,0.9866350506,0.02334815381,0.973448723,0.003203123173
11.55,25.95605697,-0.024481797,0.1514281322,0.9744324501,0.1540223493,0.1533943858,0.9865300218,0.0235298376,0.9732414839,0.003228678475
11.585,25.87763988,-0.02467652338,0.1519990965,0.9742352458,0.1545937935,0.1539891429,0.9864246322,0.02371265613,0.9730335551,0.003253788788
11.62,25.79969518,-0.02487272304,0.1525711592,0.9740371355,0.1551664756,0.154585287,0.986318902,0.02389661096,0.9728249765,0.003278412561
11.655,25.72221862,-0.02507041161,0.1531443038,0.9738381245,0.1557404324,0.1551828061,0.9862128447,0.02408170331,0.9726157751,0.00330252161
11.69,25.64520599,-0.02526960176,0.1537185134,0.973638212,0.1563156962,0.1557816874,0.9861064673,0.02426793413,0.9724059648,0.003326101078
11.725,25.56865313,-0.02547030314,0.1542937712,0.9734373912,0.1568922943,0.1563819177,0.9859997701,0.02445530418,0.9721955466,0.003349149201
11.76,25.49255595,-0.02567252223,0.1548700605,0.9732356497,0.1574702488,0.1569834833,0.9858927473,0.02464381402,0.9719845091,0.003371676875
11.795,25.41691039,-0.0258762623,0.1554473648,0.9730329696,0.158049577,0.1575863705,0.9857853868,0.02483346416,0.9717728288,0.003393707047
11.83,25.34171243,-0.02608152337,0.1560256684,0.9728293282,0.158630291,0.1581905656,0.9856776709,0.02502425506,0.971560471,0.003415273935
11.865,25.26695811,-0.02628830225,0.1566049564,0.9726246979,0.159212398,0.1587960554,0.9855695768,0.02521618721,0.9713473907,0.003436422108
11.9,25.19264353,-0.02649659256,0.1571852151,0.9724190473,0.1597959006,0.159402827,0.9854610765,0.02540926125,0.9711335333,0.003457205423
11.935,25.11876481,-0.02670638484,0.1577664318,0.972212341,0.1603807971,0.1600108684,0.9853521381,0.02560347799,0.9709188361,0.003477685859
11.97,25.04531813,-0.02691766667,0.1583485957,0.972004541,0.1609670817,0.1606201685,0.985242726,0.02579883853,0.9707032292,0.00349793226
12.005,24.97229971,-0.02713042284,0.1589316975,0.9717956066,0.1615547449,0.1612307176,0.9851328016,0.0259953443,0.9704866367,0.003518018999
12.04,24.89970581,-0.02734463557,0.1595157299,0.9715854953,0.1621437742,0.1618425073,0.9850223237,0.02619299718,0.9702689782,0.003538024607
12.075,24.82753275,-0.0275602847,0.1601006879,0.9713741633,0.1627341542,0.162455531,0.9849112499,0.02639179955,0.9700501701,0.003558030366
12.11,24.75577688,-0.02777734802,0.1606865685,0.9711615662,0.1633258676,0.1630697837,0.9847995363,0.02659175436,0.9698301267,0.0035781189
12.145,24.68443458,-0.02799580152,0.1612733714,0.9709476596,0.1639188955,0.1636852627,0.9846871391,0.02679286524,0.969608762,0.00359837279
12.18,24.6135023,-0.02821561972,0.1618610989,0.9707323995,0.1645132177,0.1643019675,0.9845740146,0.02699513652,0.9693859903,0.003618873218
12.215,24.5429765,-0.02843677605,0.1624497557,0.970515743,0.1651088141,0.1649198998,0.9844601201,0.02719857335,0.969161728,0.003639698673
12.25,24.47285371,-0.02865924316,0.1630393495,0.9702976489,0.1657056641,0.165539064,0.9843454143,0.0274031817,0.9689358946,0.003660923736
12.285,24.40313048,-0.02888299335,0.1636298908,0.9700780777,0.1663037484,0.166159467,0.9842298581,0.02760896847,0.9687084136,0.003682617951
12.32,24.33380341,-0.02910799894,0.1642213929,0.9698569926,0.1669030485,0.1667811185,0.9841134151,0.0278159415,0.9684792137,0.003704844814
12.355,24.26486912,-0.02933423267,0.164813872,0.9696343594,0.1675035477,0.1674040311,0.9839960516,0.02802410961,0.9682482295,0.00372766087
12.39,24.19632429,-0.02956166809,0.165407347,0.9694101472,0.1681052317,0.1680282199,0.9838777375,0.02823348267,0.9680154024,0.003751114956
12.425,24.12816563,-0.02979027998,0.1660018398,0.969184328,0.1687080885,0.1686537031,0.9837584464,0.02844407159,0.9677806808,0.003775247581
12.46,24.06038989,-0.03002004473,0.1665973746,0.9689568777,0.1693121092,0.1692805019,0.9836381556,0.02865588832,0.9675440212,0.003800090446
12.495,23.99299384,-0.03025094074,0.1671939786,0.9687277756,0.1699172882,0.1699086399,0.9835168468,0.0288689459,0.967305388,0.003825666131
12.53,23.9259743,-0.03048294873,0.1677916811,0.9684970044,0.1705236231,0.1705381436,0.9833945056,0.02908325843,0.9670647537,0.003851987925
12.565,23.85932813,-0.03071605218,0.1683905139,0.9682645509,0.1711311154,0.1711690423,0.9832711219,0.02929884105,0.9668220991,0.003879059816
12.6,23.79305222,-0.03095023757,0.1689905108,0.9680304049,0.1717397702,0.1718013677,0.9831466897,0.02951570994,0.9665774134,0.003906876629
12.635,23.72714349,-0.03118549472,0.1695917073,0.9677945598,0.1723495964,0.1724351538,0.983021207,0.02973388226,0.9663306934,0.003935424317
12.67,23.6615989,-0.03142181707,0.1701941408,0.9675570123,0.1729606067,0.1730704369,0.9828946757,0.02995337613,0.9660819435,0.00396468038
12.705,23.59641543,-0.03165920188,0.1707978498,0.9673177618,0.173572817,0.1737072554,0.9827671011,0.03017421056,0.965831175,0.003994614425
12.74,23.53159011,-0.03189765045,0.1714028742,0.9670768103,0.174186247,0.1743456492,0.9826384919,0.0303964054,0.9655784058,0.004025188843
12.775,23.46712,-0.03213716827,0.1720092546,0.9668341625,0.1748009193,0.1749856601,0.9825088596,0.03061998125,0.9653236592,0.004056359592
12.81,23.40300219,-0.03237776517,0.172617032,0.9665898246,0.1754168593,0.1756273311,0.9823782182,0.03084495941,0.9650669635,0.004088077068
12.845,23.33923379,-0.03261945536,0.1732262478,0.9663438045,0.1760340949,0.176270706,0.9822465837,0.0310713618,0.9648083511,0.004120287066
12.88,23.27581196,-0.03286225749,0.1738369433,0.9660961114,0.1766526559,0.1769158298,0.9821139737,0.03129921083,0.9645478574,0.004152931794
12.915,23.21273388,-0.03310619464,0.1744491593,0.9658467551,0.1772725736,0.1775627476,0.981980407,0.03152852932,0.9642855197,0.004185950933
12.95,23.14999676,-0.03335129425,0.175062936,0.9655957457,0.1778938804,0.1782115047,0.9818459028,0.0317593404,0.9640213769,0.004219282727
12.985,23.08759784,-0.03359758807,0.1756783125,0.9653430933,0.1785166092,0.1788621464,0.9817104805,0.03199166742,0.9637554675,0.004252865086
13.02,23.02553441,-0.03384511198,0.1762953266,0.9650888073,0.1791407926,0.1795147175,0.981574159,0.0322255338,0.9634878295,0.004286636674
13.055,22.96380375,-0.03409390581,0.1769140145,0.9648328964,0.1797664628,0.1801692619,0.9814369562,0.03246096294,0.9632184991,0.00432053798
13.09,22.90240321,-0.03434401317,0.1775344104,0.9645753679,0.1803936507,0.1808258226,0.981298889,0.03269797813,0.9629475095,0.004354512347
13.125,22.84133013,-0.03459548114,0.1781565465,0.9643162275,0.1810223854,0.1814844411,0.981159972,0.03293660237,0.9626748907,0.004388506943
13.16,22.78058191,-0.03484836001,0.1787804523,0.9640554791,0.1816526938,0.1821451573,0.9810202179,0.03317685832,0.962400668,0.004422473663
13.195,22.72015597,-0.03510270296,0.1794061549,0.9637931244,0.1822845998,0.182808009,0.9808796368,0.03341876817,0.9621248619,0.004456369939
13.23,22.66004974,-0.03535856565,0.1800336784,0.9635291624,0.1829181243,0.1834730321,0.9807382357,0.03366235352,0.961847487,0.00449015947
13.265,22.60026069,-0.03561600593,0.1806630438,0.96326359,0.1835532842,0.1841402598,0.9805960187,0.03390763527,0.9615685519,0.004523812822
13.3,22.54078632,-0.03587508337,0.1812942689,0.9629964009,0.1841900928,0.1848097226,0.9804529864,0.03415463356,0.9612880585,0.004557307933
13.335,22.48162415,-0.03613585886,0.1819273683,0.9627275865,0.1848285584,0.1854814482,0.9803091359,0.03440336763,0.9610060019,0.004590630481
13.37,22.42277173,-0.03639839416,0.1825623528,0.9624571351,0.1854686853,0.1861554613,0.9801644607,0.03465385577,0.9607223701,0.004623774129
13.405,22.36422663,-0.0366627515,0.18319923,0.9621850321,0.1861104727,0.1868317832,0.9800189509,0.03490611523,0.9604371441,0.004656740639
13.44,22.30598646,-0.03692899306,0.1838380037,0.9619112606,0.1867539149,0.1875104321,0.9798725927,0.03516016214,0.960150298,0.004689539852
13.475,22.24804883,-0.03719718057,0.1844786742,0.9616358007,0.1873990015,0.1881914224,0.9797253692,0.03541601146,0.959861799,0.004722189536
13.51,22.1904114,-0.03746737484,0.1851212381,0.9613586304,0.1880457172,0.1888747653,0.9795772598,0.03567367696,0.9595716079,0.004754715107
13.545,22.13307183,-0.0377396353,0.1857656886,0.9610797252,0.188694042,0.1895604683,0.9794282412,0.03593317114,0.9592796796,0.004787149226
13.58,22.07602784,-0.03801401962,0.1864120155,0.9607990589,0.1893439517,0.1902485354,0.9792782871,0.03619450521,0.9589859635,0.004819531274
13.615,22.01927712,-0.03829058321,0.1870602051,0.9605166034,0.1899954176,0.190938967,0.9791273687,0.0364576891,0.9586904042,0.004851906726
13.65,21.96281744,-0.03856937892,0.1877102407,0.9602323296,0.1906484078,0.1916317601,0.9789754553,0.03672273147,0.9583929421,0.004884326421
13.685,21.90664655,-0.03885045658,0.1883621025,0.9599462069,0.1913028868,0.1923269083,0.9788225144,0.03698963965,0.9580935146,0.004916845739
13.72,21.85076224,-0.03913386272,0.189015768,0.9596582044,0.1919588165,0.193024402,0.9786685121,0.03725841976,0.9577920565,0.00494952372
13.755,21.79516234,-0.03941964022,0.189671212,0.9593682908,0.1926161568,0.1937242284,0.9785134139,0.03752907668,0.9574885012,0.0049824221
13.79,21.73984467,-0.03970782804,0.190328407,0.9590764348,0.193274866,0.194426372,0.9783571851,0.03780161412,0.9571827816,0.005015604317
13.825,21.68480709,-0.03999846099,0.1909873236,0.9587826055,0.1939349019,0.1951308142,0.9781997909,0.03807603467,0.9568748308,0.005049134481
13.86,21.63004747,-0.04029156949,0.1916479307,0.9584867731,0.194596222,0.1958375345,0.9780411974,0.03835233991,0.9565645838,0.005083076326
13.895,21.57556373,-0.04058717946,0.1923101956,0.9581889085,0.1952587849,0.1965465097,0.9778813718,0.03863053046,0.9562519774,0.005117492162
13.93,21.52135377,-0.04088531215,0.1929740846,0.9578889843,0.1959225503,0.1972577149,0.9777202831,0.03891060609,0.9559369521,0.005152441853
13.965,21.46741554,-0.04118598409,0.1936395634,0.9575869751,0.1965874807,0.1979711237,0.9775579023,0.03919256581,0.9556194524,0.005187981815
14,21.413747,-0.04148920706,0.1943065972,0.957282857,0.1972535414,0.1986867082,0.9773942029,0.03947640803,0.9552994279,0.005224164068
14.035,21.36034613,-0.04179498811,0.1949751512,0.9569766088,0.1979207017,0.1994044398,0.9772291615,0.03976213062,0.954976834,0.005261035351
14.07,21.30721095,-0.0421033296,0.195645191,0.9566682117,0.1985889354,0.2001242892,0.9770627577,0.04004973112,0.9546516326,0.00529863631
14.105,21.25433945,-0.04241422933,0.1963166828,0.9563576494,0.1992582217,0.2008462267,0.9768949751,0.04033920679,0.9543237924,0.005337000774
14.14,21.2017297,-0.04272768066,0.196989594,0.9560449083,0.1999285456,0.2015702231,0.9767258008,0.04063055485,0.95399329,0.005376155133
14.175,21.14937975,-0.04304367276,0.1976638935,0.9557299777,0.2005998986,0.2022962495,0.9765552261,0.04092377255,0.9536601096,0.005416117823
14.21,21.09728768,-0.04336219075,0.1983395517,0.9554128497,0.2012722793,0.2030242778,0.9763832463,0.04121885736,0.9533242437,0.005456898928
14.245,21.0454516,-0.04368321608,0.1990165414,0.9550935188,0.2019456938,0.2037542813,0.9762098611,0.04151580713,0.952985693,0.00549849991
14.28,20.99386961,-0.04400672674,0.1996948377,0.9547719827,0.2026201556,0.2044862348,0.9760350743,0.04181462021,0.9526444663,0.005540913457
14.315,20.94253985,-0.04433269767,0.2003744184,0.954448241,0.2032956866,0.2052201151,0.9758588939,0.04211529565,0.9523005809,0.005584123478
14.35,20.89146049,-0.0446611011,0.2010552644,0.9541222959,0.2039723166,0.2059559013,0.9756813319,0.0424178333,0.9519540615,0.005628105214
14.385,20.84062968,-0.04499190695,0.2017373597,0.9537941517,0.2046500836,0.2066935751,0.9755024042,0.04272223398,0.9516049405,0.005672825492
14.42,20.79004563,-0.04532508324,0.2024206918,0.9534638143,0.2053290336,0.2074331209,0.97532213,0.04302849964,0.9512532573,0.005718243099
14.455,20.73970654,-0.04566059655,0.203105252,0.9531312912,0.2060092207,0.2081745265,0.975140532,0.04333663348,0.9508990572,0.005764309283
14.49,20.68961063,-0.04599841246,0.2037910354,0.9527965909,0.2066907062,0.208917783,0.9749576358,0.04364664004,0.9505423916,0.005810968373
14.525,20.63975614,-0.046338496,0.2044780408,0.9524597226,0.2073735589,0.2096628851,0.9747734691,0.04395852539,0.9501833161,0.005858158502
14.56,20.59014135,-0.04668081214,0.2051662715,0.952120696,0.208057854,0.2104098315,0.9745880619,0.04427229718,0.9498218904,0.005905812431
14.595,20.54076451,-0.04702532622,0.2058557345,0.9517795206,0.2087436728,0.2111586246,0.9744014454,0.04458796475,0.9494581768,0.005953858461
14.63,20.49162392,-0.04737200448,0.2065464414,0.9514362054,0.2094311018,0.2119092713,0.9742136518,0.04490553924,0.9490922393,0.006002221421
14.665,20.4427179,-0.04772081443,0.2072384074,0.9510907584,0.210120232,0.2126617823,0.9740247136,0.04522503363,0.9487241427,0.006050823712
14.7,20.39404476,-0.04807172539,0.2079316523,0.9507431864,0.210811158,0.2134161728,0.973834663,0.04554646281,0.9483539508,0.006099586403
14.735,20.34560285,-0.04842470883,0.2086261997,0.9503934942,0.2115039768,0.2141724623,0.9736435313,0.04586984363,0.947981726,0.006148430352
14.77,20.29739052,-0.04877973884,0.2093220771,0.9500416846,0.2121987871,0.2149306746,0.9734513484,0.04619519489,0.9476075278,0.006197277353
14.805,20.24940615,-0.04913679248,0.2100193159,0.9496877578,0.2128956879,0.2156908376,0.9732581422,0.04652253743,0.9472314113,0.006246051267
14.84,20.20164811,-0.04949585018,0.2107179509,0.9493317111,0.2135947778,0.2164529834,0.9730639377,0.04685189403,0.9468534268,0.006294679154
14.875,20.15411482,-0.049856896,0.2114180205,0.9489735385,0.2142961534,0.2172171482,0.9728687569,0.04718328948,0.9464736182,0.006343092356
14.91,20.10680469,-0.05021991799,0.2121195661,0.9486132307,0.2149999083,0.217983372,0.9726726181,0.04751675047,0.946092022,0.006391227542
14.945,20.05971616,-0.05058490844,0.2128226319,0.9482507745,0.2157061322,0.2187516985,0.9724755353,0.04785230559,0.9457086667,0.006439027688
14.98,20.01284766,-0.05095186405,0.2135272647,0.9478861528,0.2164149094,0.2195221748,0.9722775179,0.04818998524,0.9453235718,0.006486442981
15.015,19.96619767,-0.05132078617,0.2142335139,0.9475193448,0.2171263181,0.2202948514,0.9720785703,0.04852982155,0.9449367468,0.006533431627
15.05,19.91976465,-0.05169168093,0.2149414302,0.9471503253,0.2178404288,0.2210697815,0.9718786916,0.0488718483,0.9445481911,0.006579960568
15.085,19.8735471,-0.05206455931,0.2156510664,0.946779065,0.2185573042,0.2218470211,0.9716778752,0.04921610079,0.9441578931,0.006626006076
15.12,19.82754352,-0.05243943724,0.2163624763,0.9464055307,0.2192769974,0.2226266285,0.9714761088,0.04956261572,0.94376583,0.006671554235
15.155,19.78175242,-0.05281633559,0.2170757143,0.946029685,0.2199995515,0.2234086638,0.9712733743,0.04991143106,0.9433719677,0.006716601288
15.19,19.73617235,-0.05319528015,0.2177908356,0.945651487,0.2207249993,0.2241931888,0.9710696475,0.05026258591,0.9429762602,0.006761153856
15.225,19.69080184,-0.05357630157,0.2185078952,0.9452708919,0.2214533619,0.2249802666,0.9708648982,0.05061612034,0.9425786506,0.006805229014
15.26,19.64563945,-0.05395943526,0.2192269476,0.9448878517,0.222184649,0.2257699608,0.9706590908,0.05097207521,0.9421790706,0.006848854238
15.295,19.60068375,-0.05434472122,0.2199480468,0.9445023153,0.2229188579,0.2265623358,0.9704521837,0.05133049201,0.9417774408,0.006892067196
15.33,19.55593333,-0.05473220388,0.2206712454,0.9441142289,0.2236559741,0.2273574558,0.97024413,0.05169141271,0.9413736719,0.006934915426
15.365,19.51138679,-0.05512193187,0.2213965947,0.9437235363,0.2243959705,0.2281553846,0.970034878,0.05205487951,0.9409676646,0.006977455858
15.4,19.46704273,-0.05551395778,0.2221241437,0.9433301798,0.2251388081,0.2289561851,0.9698243712,0.05242093472,0.9405593111,0.007019754228
15.435,19.42289977,-0.05590833789,0.2228539393,0.9429340999,0.225884436,0.2297599193,0.969612549,0.05278962052,0.9401484951,0.007061884361
15.47,19.37895656,-0.05630513182,0.2235860259,0.9425352362,0.2266327917,0.2305666473,0.9693993469,0.05316097884,0.9397350938,0.007103927353
15.505,19.33521174,-0.05670440225,0.2243204446,0.9421335281,0.2273838021,0.2313764272,0.9691846977,0.05353505108,0.9393189783,0.007145970648
15.54,19.29166396,-0.05710621454,0.2250572333,0.9417289149,0.2281373837,0.232189315,0.9689685315,0.05391187802,0.9389000149,0.007188107034
15.575,19.24831191,-0.05751063637,0.2257964266,0.9413213363,0.2288934439,0.2330053638,0.9687507764,0.05429149958,0.9384780669,0.007230433567
15.61,19.20515426,-0.05791773732,0.226538055,0.9409107334,0.2296518816,0.2338246237,0.9685313598,0.05467395467,0.9380529949,0.00727305043
15.645,19.16218971,-0.05832758855,0.227282145,0.9404970485,0.2304125887,0.2346471415,0.9683102082,0.05505928103,0.9376246592,0.007316059757
15.68,19.11941696,-0.05874026232,0.2280287189,0.9400802261,0.2311754509,0.2354729604,0.9680872484,0.05544751507,0.9371929205,0.007359564432
15.715,19.07683474,-0.0591558316,0.2287777946,0.9396602129,0.2319403493,0.2363021196,0.9678624083,0.05583869172,0.9367576414,0.007403666871
15.75,19.03444178,-0.0595743697,0.2295293854,0.9392369587,0.232707162,0.2371346544,0.9676356173,0.05623284431,0.9363186879,0.007448467819
15.785,18.99223681,-0.05999594984,0.2302835002,0.9388104162,0.2334757648,0.2379705958,0.9674068071,0.05663000445,0.9358759304,0.007494065164
15.82,18.95021858,-0.06042064472,0.2310401429,0.9383805417,0.2342460336,0.2388099703,0.9671759123,0.05703020193,0.9354292453,0.007540552797
15.855,18.90838587,-0.06084852618,0.231799313,0.937947295,0.2350178454,0.2396528002,0.966942871,0.05743346462,0.9349785159,0.007588019525
15.89,18.86673744,-0.06127966481,0.2325610051,0.93751064,0.23579108,0.2404991027,0.9667076257,0.05783981841,0.9345236335,0.007636548052
15.925,18.82527209,-0.06171412958,0.2333252095,0.9370705445,0.2365656217,0.241348891,0.9664701231,0.05824928716,0.9340644988,0.007686214052
15.96,18.7839886,-0.06215198748,0.2340919117,0.9366269805,0.2373413606,0.2422021731,0.9662303152,0.05866189268,0.933601022,0.007737085334
15.995,18.74288578,-0.06259330326,0.2348610931,0.9361799238,0.2381181943,0.2430589531,0.9659881595,0.05907765467,0.9331331242,0.007789221113
16.03,18.70196245,-0.06303813907,0.2356327308,0.9357293546,0.238896029,0.2439192301,0.9657436191,0.0594965908,0.9326607378,0.00784267141
16.065,18.66121743,-0.06348655421,0.236406798,0.9352752568,0.2396747814,0.2447829992,0.9654966632,0.05991871669,0.9321838067,0.007897476568
16.1,18.62064957,-0.06393860492,0.2371832641,0.9348176178,0.2404543794,0.2456502513,0.9652472674,0.06034404596,0.9317022871,0.007953666908
16.135,18.5802577,-0.06439434412,0.2379620952,0.9343564288,0.2412347635,0.2465209734,0.964995413,0.06077259033,0.9312161472,0.008011262518
16.17,18.54004069,-0.06485382127,0.2387432545,0.9338916839,0.2420158877,0.2473951489,0.9647410881,0.06120435968,0.9307253671,0.008070273187
16.205,18.49999741,-0.06531708219,0.239526702,0.9334233799,0.2427977206,0.2482727577,0.9644842867,0.0616393622,0.9302299393,0.008130698473
16.24,18.46012672,-0.06578416897,0.2403123958,0.9329515162,0.2435802455,0.2491537767,0.9642250088,0.06207760447,0.9297298676,0.008192527913
16.275,18.42042753,-0.0662551199,0.2411002919,0.9324760938,0.2443634617,0.2500381804,0.9639632602,0.06251909168,0.929225167,0.00825574137
16.31,18.38089871,-0.0667299694,0.2418903448,0.9319971152,0.2451473843,0.2509259408,0.963699052,0.06296382775,0.9287158627,0.008320309505
16.345,18.34153919,-0.06720874803,0.2426825081,0.9315145837,0.2459320444,0.2518170279,0.9634324004,0.06341181554,0.9282019901,0.008386194374
16.38,18.30234786,-0.06769148252,0.2434767346,0.9310285029,0.2467174892,0.2527114107,0.9631633261,0.06386305708,0.9276835928,0.008453350135
16.415,18.26332367,-0.06817819584,0.2442729771,0.9305388763,0.2475037819,0.2536090569,0.9628918539,0.06431755375,0.9271607224,0.008521723862
16.45,18.22446553,-0.06866890727,0.2450711891,0.9300457064,0.2482910008,0.2545099341,0.962618012,0.06477530654,0.926633437,0.008591256441
16.485,18.1857724,-0.06916363259,0.2458713246,0.9295489942,0.2490792393,0.2554140096,0.9623418312,0.06523631631,0.9261018001,0.008661883549
16.52,18.14724322,-0.06966238417,0.2466733392,0.9290487392,0.2498686044,0.2563212517,0.9620633447,0.06570058406,0.9255658792,0.008733536693
16.555,18.10887696,-0.07016517124,0.2474771906,0.928544938,0.2506592163,0.2572316294,0.961782587,0.06616811114,0.9250257446,0.00880614429
16.59,18.07067257,-0.07067200008,0.2482828387,0.9280375844,0.2514512069,0.2581451135,0.9614995931,0.06663889961,0.9244814676,0.008879632786
16.625,18.03262905,-0.07118287427,0.2490902464,0.927526669,0.2522447187,0.2590616769,0.9612143984,0.06711295245,0.9239331198,0.008953927778
16.66,17.99474538,-0.071697795,0.2498993799,0.9270121782,0.2530399029,0.2599812953,0.9609270373,0.0675902739,0.923380771,0.009028955139
16.695,17.95702055,-0.07221676135,0.2507102093,0.9264940944,0.2538369184,0.2609039472,0.9606375426,0.06807086969,0.9228244882,0.009104642123
16.73,17.91945356,-0.07273977064,0.251522709,0.9259723957,0.2546359295,0.2618296151,0.9603459451,0.06855474735,0.9222643342,0.00918091843
16.765,17.88204342,-0.07326681873,0.2523368577,0.9254470552,0.2554371043,0.2627582853,0.9600522727,0.0690419165,0.9217003663,0.00925771722
16.8,17.84478917,-0.07379790045,0.2531526396,0.9249180413,0.2562406131,0.2636899487,0.9597565498,0.06953238906,0.9211326349,0.009334976061
16.835,17.80768981,-0.07433300991,0.2539700439,0.9243853173,0.2570466259,0.2646246012,0.9594587967,0.07002617955,0.9205611827,0.009412637796
16.87,17.7707444,-0.07487214092,0.2547890654,0.9238488416,0.2578553106,0.2655622438,0.9591590292,0.07052330532,0.9199860434,0.009490651308
16.905,17.73395197,-0.07541528737,0.2556097048,0.9233085678,0.2586668314,0.2665028832,0.9588572579,0.07102378678,0.919407241,0.009568972193
16.94,17.69731157,-0.07596244363,0.256431969,0.9227644446,0.2594813461,0.2674465322,0.9585534879,0.07152764757,0.9188247891,0.009647563306
16.975,17.66082227,-0.07651360493,0.2572558708,0.9222164161,0.2602990049,0.2683932093,0.9582477185,0.07203491478,0.91823869,0.009726395185
17.01,17.62448313,-0.07706876776,0.2580814293,0.9216644224,0.2611199477,0.2693429396,0.9579399431,0.07254561912,0.9176489345,0.009805446352
17.045,17.58829322,-0.07762793028,0.2589086701,0.9211083995,0.2619443032,0.2702957547,0.9576301486,0.07305979502,0.9170555015,0.009884703469
17.08,17.55225164,-0.07819109264,0.2597376249,0.9205482801,0.2627721864,0.2712516926,0.9573183159,0.07357748074,0.9164583579,0.009964161368
17.115,17.51635746,-0.07875825741,0.2605683315,0.919983994,0.2636036976,0.2722107979,0.9570044193,0.07409871848,0.9158574586,0.01004382293
17.15,17.4806098,-0.07932942985,0.2614008339,0.9194154687,0.2644389206,0.2731731216,0.9566884272,0.07462355439,0.9152527468,0.01012369885
17.185,17.44500774,-0.07990461833,0.2622351818,0.9188426298,0.2652779218,0.2741387215,0.9563703018,0.07515203862,0.9146441541,0.01020380725
17.22,17.40955041,-0.08048383455,0.2630714306,0.9182654021,0.2661207487,0.2751076612,0.9560499995,0.07568422525,0.9140316016,0.01028417316
17.255,17.37423692,-0.08106709389,0.2639096409,0.9176837098,0.2669674296,0.2760800106,0.9557274715,0.07622017228,0.9134149998,0.01036482794
17.29,17.3390664,-0.08165441561,0.264749878,0.9170974777,0.2678179725,0.2770558455,0.9554026638,0.07675994151,0.91279425,0.0104458085
17.325,17.30403798,-0.08224582313,0.2655922119,0.9165066314,0.2686723648,0.2780352468,0.955075518,0.07730359845,0.912169245,0.01052715651
17.36,17.26915081,-0.08284134419,0.2664367163,0.9159110986,0.2695305733,0.2790183007,0.9547459717,0.0778512121,0.9115398704,0.01060891748
17.395,17.23440402,-0.083441011,0.2672834684,0.9153108093,0.2703925439,0.2800050978,0.9544139591,0.07840285481,0.9109060054,0.01069113979
17.43,17.19979679,-0.08404486041,0.2681325483,0.9147056969,0.2712582024,0.2809957331,0.954079412,0.07895860202,0.9102675243,0.01077387365
17.465,17.16532826,-0.08465293396,0.2689840381,0.9140956987,0.2721274546,0.2819903048,0.9537422597,0.079518532,0.9096242979,0.01085717007
17.5,17.1309976,-0.08526527796,0.2698380216,0.9134807565,0.2730001872,0.2829889142,0.9534024306,0.08008272554,0.9089761947,0.01094107977
17.505,17.12610443,-0.0853531072,0.2699602278,0.9133925008,0.27312514,0.2831319083,0.9533536609,0.08016367748,0.9088832027,0.01095311983
17.535,17.09680399,-0.08588194347,0.2706945834,0.9128608172,0.273876269,0.2839916648,0.9530598524,0.08065126568,0.9083230822,0.01102565208
17.57,17.06274661,-0.08650298631,0.271553808,0.9122358333,0.274755552,0.2849986619,0.9527144529,0.08122423726,0.9076648288,0.01111093391
17.605,17.02882465,-0.08712846698,0.2724157794,0.9116057633,0.2756378728,0.2860100114,0.952366161,0.08180172663,0.9070013046,0.01119696875
17.64,16.9950373,-0.08775845053,0.2732805803,0.9109705723,0.2765230543,0.2870258197,0.952014907,0.08238382118,0.9063323832,0.01128379567
17.675,16.96138376,-0.08839300646,0.2741482909,0.9103302318,0.2774109076,0.2880461924,0.9516606236,0.08297060897,0.9056579426,0.01137144848
17.71,16.92786324,-0.08903220852,0.2750189886,0.90968472,0.2783012342,0.2890712338,0.9513032465,0.08356217824,0.9049778669,0.0114599549
17.745,16.89447495,-0.08967613445,0.2758927471,0.9090340223,0.2791938277,0.2901010462,0.9509427149,0.08415861698,0.9042920471,0.01154933591
17.78,16.86121811,-0.09032486581,0.2767696354,0.9083781304,0.2800884763,0.2911357286,0.9505789722,0.08476001247,0.9036003824,0.01163960516
17.815,16.82809194,-0.0909784876,0.2776497174,0.9077170429,0.2809849653,0.2921753768,0.9502119662,0.08536645079,0.9029027806,0.01173076856
17.85,16.79509569,-0.09163708799,0.278533051,0.9070507644,0.2818830792,0.2932200818,0.9498416498,0.08597801638,0.9021991596,0.011822824
17.885,16.76222857,-0.09230075794,0.2794196872,0.9063793056,0.2827826048,0.2942699297,0.9494679812,0.08659479152,0.9014894473,0.01191576119
17.92,16.72948984,-0.09296959084,0.28030967,0.9057026825,0.2836833328,0.2953250005,0.9490909242,0.08721685593,0.9007735823,0.01200956174
17.955,16.69687875,-0.09364368207,0.2812030353,0.9050209155,0.2845850611,0.2963853678,0.9487104482,0.08784428627,0.9000515144,0.01210419929
17.99,16.66439455,-0.09432312862,0.2820998106,0.9043340293,0.2854875966,0.2974510981,0.9483265283,0.08847715573,0.8993232043,0.01219963993
18.025,16.6320365,-0.09500802856,0.2830000144,0.9036420516,0.286390758,0.2985222498,0.9479391456,0.08911553364,0.8985886237,0.01229584268
18.06,16.59980388,-0.09569848067,0.2839036559,0.9029450123,0.2872943778,0.2995988735,0.9475482862,0.08975948502,0.8978477548,0.01239276021
18.095,16.56769594,-0.09639458389,0.2848107345,0.9022429426,0.2881983045,0.3006810109,0.9471539421,0.09040907029,0.8971005901,0.0124903396
18.13,16.53571197,-0.09709643686,0.2857212398,0.9015358736,0.2891024046,0.3017686944,0.9467561099,0.09106434493,0.8963471317,0.01258852342
18.165,16.50385125,-0.09780413744,0.2866351511,0.9008238356,0.2900065643,0.3028619474,0.9463547908,0.09172535915,0.8955873901,0.01268725073
18.2,16.47211308,-0.09851778219,0.2875524376,0.9001068568,0.2909106911,0.3039607833,0.9459499902,0.09239215776,0.8948213839,0.01278645838
18.235,16.44049674,-0.09923746593,0.288473058,0.8993849619,0.2918147154,0.3050652059,0.9455417166,0.09306477985,0.8940491379,0.0128860823
18.27,16.40900153,-0.09996328122,0.2893969612,0.8986581712,0.2927185912,0.3061752092,0.9451299817,0.09374325876,0.8932706823,0.01298605892
18.305,16.37762677,-0.1006953179,0.2903240859,0.8979264992,0.2936222972,0.3072907775,0.944714799,0.09442762192,0.8924860515,0.01308632662
18.34,16.34637176,-0.1014336628,0.2912543613,0.8971899536,0.2945258375,0.3084118851,0.9442961833,0.09511789089,0.8916952818,0.01318682727
18.375,16.31523581,-0.1021783989,0.292187707,0.896448534,0.2954292418,0.3095384973,0.94387415,0.09581408132,0.890898411,0.01328750769
18.41,16.28421825,-0.1029296055,0.2931240342,0.8957022309,0.2963325653,0.3106705701,0.9434487138,0.0965162031,0.8900954757,0.01338832124
18.445,16.25331841,-0.1036873574,0.2940632456,0.8949510247,0.2972358889,0.3118080507,0.9430198886,0.0972242605,0.8892865103,0.01348922923
18.48,16.22253561,-0.1044517249,0.2950052365,0.8941948849,0.2981393181,0.3129508786,0.9425876857,0.09793825239,0.8884715452,0.01359020241
18.515,16.19186919,-0.1052227732,0.2959498953,0.8934337691,0.2990429827,0.3140989852,0.9421521136,0.09865817252,0.8876506052,0.01369122224
18.55,16.16131849,-0.1060005624,0.2968971045,0.8926676223,0.2999470354,0.3152522956,0.9417131771,0.09938400991,0.8868237079,0.01379228218
18.585,16.13088286,-0.1067851474,0.2978467417,0.8918963764,0.3008516506,0.3164107287,0.941270876,0.1001157492,0.885990862,0.01389338877
18.62,16.10056165,-0.1075765774,0.2987986802,0.89111995,0.3017570228,0.3175741981,0.9408252049,0.1008533713,0.8851520661,0.01399456256
18.655,16.07035422,-0.108374896,0.2997527908,0.8903382476,0.3026633647,0.3187426135,0.9403761521,0.1015968537,0.8843073074,0.01409583891
18.69,16.04025993,-0.1091801414,0.300708942,0.8895511598,0.3035709051,0.3199158813,0.9399236992,0.1023461711,0.8834565603,0.01419726857
18.725,16.01027813,-0.1099923461,0.301667002,0.8887585634,0.304479887,0.3210939058,0.9394678204,0.1031012963,0.8825997857,0.01429891802
18.76,15.98040821,-0.1108115372,0.3026268396,0.8879603215,0.3053905648,0.3222765905,0.9390084822,0.1038622008,0.8817369295,0.01440086965
18.795,15.95064953,-0.1116377364,0.3035883251,0.8871562836,0.3063032019,0.3234638393,0.9385456425,0.1046288553,0.880867923,0.01450322166
18.83,15.92100149,-0.1124709604,0.3045513322,0.8863462868,0.3072180681,0.3246555573,0.9380792511,0.1054012309,0.8799926814,0.01460608772
18.865,15.89146345,-0.1133112213,0.3055157389,0.8855301557,0.3081354367,0.3258516527,0.9376092491,0.1061792996,0.879111104,0.01470959641
18.9,15.86203481,-0.1141585265,0.3064814286,0.884707704,0.3090555821,0.3270520376,0.9371355688,0.1069630353,0.8782230744,0.01481389037
18.935,15.83271497,-0.1150128795,0.3074482919,0.8838787351,0.3099787762,0.3282566293,0.9366581341,0.1077524147,0.8773284601,0.01491912524
18.97,15.80350332,-0.1158742806,0.3084162272,0.8830430434,0.3109052863,0.3294653519,0.9361768602,0.1085474181,0.8764271136,0.01502546829
19.005,15.77439926,-0.1167427267,0.3093851423,0.8822004156,0.311835372,0.3306781373,0.9356916546,0.1093480305,0.8755188726,0.01513309695
19.04,15.74540221,-0.1176182127,0.310354955,0.8813506322,0.3127692826,0.3318949262,0.9352024171,0.1101542421,0.874603561,0.01524219694
19.075,15.71651156,-0.1185007316,0.3113255949,0.8804934689,0.3137072544,0.3331156698,0.9347090404,0.1109660494,0.8736809902,0.01535296037
19.11,15.68772674,-0.1193902755,0.3122970036,0.8796286985,0.314649508,0.3343403301,0.9342114108,0.1117834564,0.8727509601,0.01546558349
19.145,15.65904717,-0.1202868363,0.313269136,0.8787560926,0.3155962464,0.335568882,0.9337094093,0.1126064746,0.871813261,0.01558026445
19.18,15.63047226,-0.1211904063,0.3142419608,0.8778754229,0.3165476528,0.3368013132,0.9332029119,0.1134351245,0.8708676747,0.01569720075
19.215,15.60200146,-0.1221009793,0.3152154614,0.8769864639,0.3175038883,0.3380376255,0.932691791,0.1142694363,0.869913977,0.01581658671
19.25,15.57363418,-0.123018551,0.316189636,0.876088994,0.3184650906,0.3392778357,0.9321759165,0.1151094498,0.8689519393,0.01593861083
19.285,15.54536987,-0.1239431204,0.3171644984,0.8751827976,0.3194313723,0.340521976,0.9316551566,0.1159552162,0.8679813308,0.01606345306
19.32,15.51720797,-0.1248746902,0.3181400779,0.8742676669,0.32040282,0.3417700944,0.931129379,0.1168067974,0.8670019204,0.01619128211
19.355,15.48914792,-0.1258132679,0.3191164196,0.8733434039,0.321379493,0.3430222553,0.9305984524,0.1176642676,0.8660134796,0.01632225278
19.39,15.46118917,-0.1267588663,0.320093584,0.8724098216,0.3223614232,0.3442785395,0.9300622473,0.1185277127,0.8650157839,0.01645650336
19.425,15.43333117,-0.1277115049,0.3210716473,0.8714667459,0.3233486144,0.3455390443,0.9295206376,0.1193972312,0.8640086158,0.01659415308
19.46,15.40557338,-0.12867121,0.3220507003,0.8705140173,0.3243410428,0.3468038839,0.9289735014,0.1202729339,0.8629917663,0.01673529981
19.495,15.37791526,-0.129638016,0.3230308485,0.8695514915,0.3253386565,0.3480731881,0.9284207225,0.1211549443,0.8619650379,0.01688001782
19.53,15.35035627,-0.1306119659,0.324012211,0.8685790414,0.3263413771,0.3493471032,0.9278621911,0.1220433985,0.8609282457,0.01702835583
19.565,15.32289589,-0.1315931116,0.3249949198,0.8675965575,0.3273491,0.3506257904,0.9272978054,0.1229384449,0.8598812198,0.01718033527
19.6,15.29553357,-0.1325815152,0.3259791185,0.8666039489,0.3283616955,0.3519094256,0.926727472,0.1238402438,0.8588238073,0.01733594885
19.635,15.26826881,-0.1335772488,0.3269649616,0.8656011439,0.3293790109,0.3531981986,0.926151107,0.1247489675,0.8577558731,0.01749515942
19.67,15.24110107,-0.1345803955,0.3279526128,0.8645880903,0.3304008715,0.3544923118,0.925568637,0.1256647991,0.8566773017,0.01765789918
19.705,15.21402984,-0.1355910493,0.3289422439,0.8635647555,0.3314270831,0.3557919792,0.9249799989,0.1265879324,0.8555879984,0.0178240692
19.74,15.18705461,-0.1366093155,0.3299340329,0.8625311266,0.3324574336,0.3570974253,0.9243851413,0.1275185711,0.8544878894,0.01799353943
19.775,15.16017487,-0.1376353112,0.3309281626,0.8614872095,0.3334916959,0.3584088834,0.9237840242,0.1284569277,0.8533769233,0.01816614897
19.81,15.13339011,-0.1386691647,0.3319248189,0.8604330288,0.33452963,0.3597265943,0.9231766193,0.1294032227,0.8522550705,0.01834170684
19.845,15.10669982,-0.139711016,0.332924189,0.8593686269,0.3355709857,0.3610508047,0.9225629102,0.1303576836,0.8511223233,0.01851999313
19.88,15.08010352,-0.1407610164,0.3339264591,0.8582940623,0.3366155051,0.3623817653,0.9219428918,0.1313205438,0.8499786956,0.01870076051
19.915,15.0536007,-0.1418193285,0.3349318133,0.857209409,0.3376629256,0.3637197293,0.9213165701,0.1322920415,0.8488242223,0.01888373624
19.95,15.02719088,-0.1428861254,0.3359404308,0.8561147546,0.3387129826,0.3650649502,0.9206839619,0.1332724179,0.8476589576,0.0190686245
19.985,15.00087356,-0.1439615906,0.3369524847,0.8550101984,0.3397654118,0.3664176804,0.9200450936,0.1342619165,0.8464829743,0.01925510912
20.02,14.97464825,-0.1450459174,0.3379681397,0.8538958495,0.3408199525,0.367778169,0.919400001,0.1352607816,0.8452963618,0.01944285663
20.055,14.94851449,-0.1461393082,0.33898755,0.8527718248,0.3418763499,0.3691466599,0.9187487272,0.1362692565,0.8440992238,0.01963151973
20.09,14.92247178,-0.1472419736,0.3400108581,0.8516382467,0.3429343573,0.3705233898,0.9180913226,0.1372875824,0.8428916766,0.01982074096
20.125,14.89651965,-0.1483541316,0.3410381924,0.8504952404,0.3439937389,0.3719085869,0.9174278426,0.138315997,0.8416738463,0.02001015668
20.16,14.87065764,-0.1494760069,0.3420696656,0.8493429317,0.3450542716,0.3733024682,0.9167583465,0.1393547328,0.8404458659,0.02019940129
20.195,14.84488527,-0.1506078296,0.3431053737,0.8481814441,0.3461157473,0.3747052385,0.9160828962,0.1404040158,0.8392078727,0.02038811155
20.23,14.81920208,-0.1517498344,0.3441453936,0.8470108966,0.3471779741,0.3761170883,0.9154015538,0.1414640641,0.8379600047,0.02057593116
20.265,14.7936076,-0.152902259,0.3451897824,0.8458314006,0.3482407784,0.3775381924,0.9147143806,0.1425350867,0.836702398,0.02076251528
20.3,14.76810138,-0.1540653435,0.3462385762,0.8446430576,0.3493040056,0.3789687081,0.9140214347,0.1436172817,0.8354351831,0.02094753518
20.335,14.74268296,-0.1552393287,0.3472917887,0.8434459566,0.3503675212,0.3804087745,0.9133227696,0.1447108357,0.8341584815,0.02113068281
20.37,14.71735189,-0.156424455,0.3483494108,0.8422401713,0.3514312116,0.3818585106,0.9126184321,0.1458159221,0.8328724026,0.02131167531
20.405,14.69210772,-0.1576209612,0.3494114094,0.8410257583,0.3524949844,0.3833180148,0.9119084604,0.1469327005,0.8315770402,0.02149025936
20.44,14.66695,-0.1588290832,0.3504777277,0.8398027546,0.3535587683,0.3847873638,0.9111928826,0.1480613153,0.8302724693,0.02166621537
20.475,14.64187829,-0.1600490525,0.3515482843,0.8385711755,0.3546225132,0.3862666118,0.9104717147,0.1492018954,0.8289587432,0.02183936137
20.51,14.61689215,-0.1612810952,0.3526229735,0.8373310129,0.3556861891,0.3877557905,0.9097449589,0.1503545531,0.8276358902,0.02200955665
20.545,14.59199114,-0.1625254306,0.3537016653,0.8360822337,0.3567497862,0.3892549083,0.9090126024,0.1515193836,0.8263039114,0.02217670499
20.58,14.56717483,-0.1637822702,0.3547842061,0.8348247785,0.3578133128,0.3907639504,0.9082746157,0.1526964649,0.8249627776,0.02234075752
20.615,14.54244278,-0.1650518163,0.355870419,0.8335585605,0.358876795,0.392282879,0.9075309514,0.1538858572,0.8236124277,0.0225017151
20.65,14.51779458,-0.1663342611,0.356960105,0.8322834647,0.3599402744,0.3938116339,0.906781543,0.155087603,0.8222527668,0.02265963025
20.685,14.49322978,-0.1676297858,0.3580530438,0.8309993476,0.3610038067,0.3953501325,0.9060263044,0.1563017273,0.8208836642,0.02281460849
20.72,14.46874797,-0.1689385595,0.3591489954,0.8297060369,0.3620674598,0.3968982713,0.9052651286,0.1575282378,0.819504953,0.0229668092
20.755,14.44434874,-0.1702607388,0.3602477011,0.8284033315,0.3631313114,0.3984559264,0.9044978877,0.1587671253,0.8181164289,0.02311644578
20.79,14.42003165,-0.1715964664,0.3613488857,0.8270910024,0.3641954473,0.400022955,0.9037244326,0.1600183645,0.8167178502,0.02326378533
20.825,14.3957963,-0.1729458716,0.3624522593,0.8257687934,0.3652599587,0.4015991967,0.9029445928,0.1612819148,0.8153089376,0.02340914761
20.86,14.37164228,-0.1743090688,0.3635575189,0.824436422,0.3663249399,0.4031844752,0.9021581766,0.162557721,0.8138893755,0.02355290345
20.895,14.34756918,-0.1756861583,0.3646643511,0.823093581,0.367390486,0.4047786002,0.9013649718,0.1638457152,0.8124588124,0.02369547247
20.93,14.32357659,-0.1770772252,0.3657724342,0.8217399404,0.3684566906,0.4063813693,0.9005647464,0.1651458173,0.8110168625,0.0238373202
20.965,14.29966411,-0.1784823403,0.3668814407,0.820375149,0.3695236433,0.4079925702,0.8997572495,0.1664579373,0.809563108,0.02397895468
21,14.27583133,-0.1799015599,0.3679910395,0.8189988372,0.3705914272,0.4096119827,0.8989422124,0.1677819764,0.8080971013,0.02412092234
21.035,14.25207787,-0.181334926,0.369100899,0.8176106191,0.3716601175,0.4112393817,0.8981193503,0.169117829,0.8066183675,0.0242638035
21.07,14.22840332,-0.1827824673,0.3702106894,0.8162100955,0.3727297786,0.412874539,0.8972883638,0.1704653849,0.8051264079,0.0244082072
21.105,14.2048073,-0.1842441997,0.3713200853,0.8147968565,0.3738004628,0.4145172263,0.8964489408,0.1718245309,0.8036207034,0.0245547657
21.14,14.1812894,-0.1857201271,0.3724287683,0.8133704849,0.3748722085,0.4161672177,0.8956007584,0.1731951531,0.8021007184,0.0247041285
21.175,14.15784926,-0.1872102425,0.3735364298,0.811930559,0.3759450385,0.4178242924,0.8947434854,0.1745771393,0.8005659046,0.02485695606
21.21,14.13448647,-0.188714529,0.3746427733,0.8104766561,0.3770189594,0.4194882371,0.8938767844,0.1759703811,0.7990157057,0.02501391319
21.245,14.11120066,-0.1902329618,0.3757475167,0.8090083555,0.3780939598,0.421158849,0.8930003145,0.1773747761,0.7974495617,0.02517566224
21.28,14.08799145,-0.1917655086,0.3768503948,0.8075252421,0.3791700106,0.4228359379,0.8921137335,0.1787902303,0.7958669135,0.02534285617
21.315,14.06485846,-0.193312132,0.3779511612,0.8060269092,0.3802470636,0.4245193289,0.8912167008,0.1802166606,0.7942672078,0.02551613157
21.35,14.04180131,-0.194872791,0.3790495904,0.8045129621,0.3813250524,0.4262088651,0.89030888,0.1816539966,0.7926499017,0.02569610162
21.385,14.01881964,-0.1964474426,0.3801454793,0.8029830205,0.3824038917,0.4279044089,0.8893899412,0.1831021831,0.7910144676,0.02588334927
21.42,13.99591307,-0.1980360437,0.381238649,0.8014367218,0.3834834785,0.4296058451,0.8884595643,0.1845611821,0.7893603974,0.0260784205
21.455,13.97308124,-0.1996385531,0.3823289458,0.7998737237,0.3845636923,0.431313082,0.8875174406,0.1860309747,0.7876872073,0.02628181794
21.49,13.95032378,-0.2012549335,0.3834162424,0.7982937063,0.3856443966,0.4330260537,0.8865632758,0.1875115631,0.7859944421,0.02649399479
21.525,13.92764033,-0.202885153,0.3845004382,0.7966963743,0.3867254399,0.4347447208,0.8855967923,0.1890029723,0.7842816786,0.02671534916
21.56,13.90503052,-0.2045291878,0.3855814602,0.795081459,0.3878066573,0.4364690724,0.8846177309,0.1905052512,0.7825485299,0.02694621899
21.595,13.882494,-0.2061870235,0.3866592631,0.7934487196,0.3888878727,0.4381991264,0.883625853,0.1920184744,0.7807946481,0.02718687752
21.63,13.86003042,-0.207858657,0.3877338286,0.7917979444,0.3899688998,0.4399349305,0.8826209422,0.1935427431,0.7790197275,0.02743752935
21.665,13.83763942,-0.2095440988,0.3888051652,0.7901289514,0.3910495454,0.4416765625,0.8816028056,0.1950781859,0.7772235068,0.02769830735
21.7,13.81532065,-0.2112433742,0.3898733078,0.7884415889,0.3921296105,0.4434241302,0.8805712751,0.1966249592,0.7754057706,0.0279692702
21.735,13.79307375,-0.2129565248,0.3909383157,0.7867357352,0.3932088937,0.4451777714,0.8795262083,0.1981832481,0.773566351,0.02825040084
21.77,13.77089839,-0.2146836106,0.392000272,0.7850112981,0.3942871926,0.4469376532,0.8784674885,0.1997532659,0.7717051284,0.02854160571
21.805,13.74879422,-0.2164247105,0.3930592814,0.7832682144,0.3953643072,0.4487039715,0.8773950257,0.201335254,0.7698220311,0.02884271487
21.84,13.7267609,-0.218179924,0.3941154685,0.7815064483,0.3964400413,0.4504769491,0.8763087556,0.2029294817,0.7679170352,0.0291534831
21.875,13.70479808,-0.2199493717,0.3951689753,0.7797259899,0.3975142058,0.4522568354,0.8752086398,0.2045362451,0.7659901631,0.02947359175
21.91,13.68290543,-0.2217331965,0.3962199591,0.7779268528,0.3985866201,0.4540439036,0.8740946642,0.2061558664,0.764041482,0.02980265161
21.945,13.66108262,-0.2235315635,0.3972685894,0.7761090723,0.3996571146,0.4558384494,0.8729668387,0.207788692,0.7620711014,0.0301402066
21.98,13.6393293,-0.225344661,0.3983150453,0.7742727023,0.4007255327,0.4576407888,0.8718251947,0.2094350916,0.7600791701,0.03048573835
22.015,13.61764515,-0.2271727001,0.3993595126,0.7724178121,0.4017917321,0.4594512552,0.8706697838,0.2110954559,0.7580658725,0.03083867157
22.05,13.59602984,-0.2290159144,0.4004021802,0.7705444836,0.4028555866,0.4612701973,0.8695006756,0.212770195,0.7560314249,0.03119838019
22.085,13.57448304,-0.2308745602,0.4014432373,0.7686528073,0.4039169868,0.463097976,0.8683179547,0.2144597353,0.7539760704,0.03156419427
22.12,13.55300443,-0.2327489153,0.4024828699,0.7667428787,0.4049758417,0.4649349612,0.8671217183,0.2161645182,0.7519000743,0.0319354075
22.155,13.53159368,-0.2346392785,0.4035212574,0.7648147945,0.4060320783,0.4667815294,0.8659120732,0.2178849962,0.7498037184,0.03231128534
22.19,13.51025047,-0.2365459683,0.4045585694,0.7628686486,0.4070856422,0.4686380599,0.8646891321,0.2196216312,0.7476872952,0.0326910736
22.225,13.48897449,-0.2384693219,0.4055949622,0.7609045281,0.4081364977,0.4705049318,0.8634530107,0.2213748909,0.7455511016,0.03307400751
22.26,13.46776541,-0.2404096931,0.4066305759,0.7589225091,0.4091846263,0.4723825206,0.8622038234,0.2231452458,0.7433954332,0.03345932104
22.295,13.44662292,-0.2423674516,0.4076655308,0.7569226527,0.4102300265,0.4742711952,0.8609416803,0.2249331666,0.7412205769,0.03384625655
22.33,13.42554671,-0.2443429802,0.4086999248,0.7549050014,0.4112727123,0.4761713142,0.8596666825,0.2267391205,0.739026805,0.03423407449
22.365,13.40453646,-0.2463366733,0.4097338305,0.7528695749,0.4123127108,0.4780832234,0.8583789189,0.2285635685,0.7368143683,0.03462206317
22.4,13.38359187,-0.2483489349,0.4107672924,0.7508163669,0.4133500608,0.480007252,0.8570784617,0.230406962,0.7345834895,0.03500954849
22.435,13.36271264,-0.2503801759,0.4118003247,0.7487453412,0.4143848098,0.4819437103,0.8557653631,0.2322697399,0.7323343566,0.03539590349
22.47,13.34189844,-0.2524308122,0.4128329089,0.7466564294,0.4154170111,0.4838928865,0.8544396507,0.2341523256,0.7300671167,0.03578055762
22.505,13.32114899,-0.2545012619,0.4138649923,0.7445495274,0.4164467209,0.4858550444,0.8531013246,0.2360551242,0.72778187,0.03616300576
22.54,13.30046398,-0.2565919435,0.4148964861,0.7424244931,0.4174739941,0.487830421,0.8517503529,0.2379785196,0.7254786637,0.03654281669
22.575,13.2798431,-0.2587032728,0.4159272641,0.7402811446,0.4184988811,0.4898192242,0.8503866688,0.2399228723,0.7231574865,0.03691964114
22.61,13.25928607,-0.2608356607,0.4169571621,0.7381192584,0.4195214229,0.4918216312,0.8490101672,0.2418885169,0.7208182639,0.03729321918
22.645,13.23879258,-0.2629895109,0.417985977,0.7359385681,0.4205416473,0.4938377869,0.8476207012,0.2438757598,0.7184608531,0.03766338705
22.68,13.21836235,-0.2651652176,0.4190134667,0.7337387636,0.4215595636,0.4958678029,0.84621808,0.2458848779,0.7160850389,0.03803008315
22.715,13.19799507,-0.2673631631,0.4200393503,0.7315194909,0.4225751581,0.497911756,0.8448020655,0.2479161168,0.7136905298,0.03839335338
22.75,13.17769046,-0.2695837157,0.4210633082,0.7292803522,0.4235883887,0.4999696884,0.8433723704,0.2499696893,0.7112769551,0.03875335558
22.785,13.15744823,-0.2718272277,0.4220849834,0.7270209066,0.4245991794,0.5020416068,0.841928656,0.2520457749,0.7088438618,0.03911036323
22.82,13.1372681,-0.2740940337,0.4231039823,0.7247406715,0.425607415,0.5041274831,0.8404705305,0.2541445192,0.7063907127,0.03946476814
22.855,13.11714977,-0.276384449,0.4241198766,0.7224391242,0.4266129348,0.5062272547,0.8389975473,0.2562660334,0.7039168843,0.03981708235
22.89,13.09709297,-0.2786987676,0.4251322047,0.7201157044,0.4276155268,0.5083408252,0.8375092038,0.2584103945,0.7014216665,0.04016793901
22.925,13.0770974,-0.2810372619,0.4261404741,0.7177698174,0.4286149211,0.5104680659,0.836004941,0.2605776463,0.6989042614,0.04051809233
22.96,13.0571628,-0.2834001807,0.4271441642,0.7154008379,0.4296107834,0.5126088172,0.8344841425,0.2627677995,0.6963637841,0.04086841645
22.995,13.03728889,-0.2857877494,0.4281427283,0.7130081147,0.4306027074,0.5147628906,0.8329461347,0.2649808335,0.6937992633,0.04121990316
23.03,13.01747538,-0.2882001687,0.4291355973,0.7105909769,0.4315902075,0.5169300708,0.8313901873,0.2672166981,0.6912096436,0.04157365831
23.065,12.997722,-0.2906376152,0.4301221821,0.7081487404,0.4325727104,0.5191101183,0.8298155147,0.2694753149,0.6885937884,0.04193089671
23.1,12.97802848,-0.2931002406,0.4311018779,0.7056807176,0.4335495468,0.5213027721,0.8282212777,0.2717565802,0.6859504848,0.04229293502
23.135,12.95839455,-0.2955881729,0.432074067,0.7031862276,0.4345199418,0.5235077529,0.8266065875,0.2740603673,0.6832784505,0.04266118217
23.17,12.93881994,-0.2981015162,0.4330381228,0.7006646102,0.4354830052,0.5257247662,0.8249705108,0.2763865298,0.6805763437,0.04303712649
23.205,12.91930437,-0.3006403524,0.4339934132,0.6981152432,0.4364377216,0.5279535057,0.8233120779,0.2787349042,0.6778427776,0.04342231822
23.24,12.89984759,-0.3032047419,0.4349393046,0.6955375641,0.4373829407,0.5301936572,0.8216302939,0.2811053142,0.6750763399,0.04381834594
23.275,12.88044932,-0.3057947248,0.4358751655,0.6929310976,0.4383173688,0.532444902,0.8199241561,0.2834975737,0.6722756217,0.04422680458
23.31,12.86110931,-0.3084103233,0.4368003704,0.6902954901,0.4392395625,0.5347069207,0.8181926771,0.2859114911,0.6694392569,0.04464925199
23.345,12.84182729,-0.3110515428,0.4377143029,0.6876305533,0.440147928,0.5369793974,0.8164349186,0.2883468732,0.6665659764,0.04508715042
23.38,12.82260299,-0.3137183744,0.4386163595,0.6849363167,0.4410407286,0.5392620228,0.8146500366,0.2908035293,0.6636546822,0.04554178855
23.415,12.80343617,-0.3164107971,0.4395059529,0.6822130912,0.441916105,0.5415544988,0.8128373427,0.2932812752,0.6607045457,0.04601417914
23.45,12.78432657,-0.3191287802,0.4403825149,0.6794615412,0.4427721174,0.5438565416,0.8109963833,0.2957799378,0.6577151338,0.04650492839
23.485,12.76527392,-0.3218722856,0.4412454991,0.6766827616,0.443606815,0.5461678852,0.8091270396,0.2982993588,0.6546865661,0.04701407509
23.52,12.74627798,-0.3246412707,0.4420943838,0.6738783515,0.4444183449,0.548488285,0.8072296439,0.3008393988,0.651619698,0.04754090317
23.555,12.72733848,-0.3274356909,0.4429286735,0.6710504679,0.445205107,0.550817521,0.8053051084,0.3033999415,0.6485163177,0.04808374085
23.59,12.70845519,-0.330255502,0.4437479016,0.6682018352,0.4459659587,0.5531554002,0.8033550453,0.3059808968,0.6453793288,0.04863977438
23.625,12.68962785,-0.3331006634,0.4445516311,0.6653356811,0.4467004623,0.5555017594,0.8013818513,0.3085822047,0.6422128715,0.04920492378
23.66,12.67085621,-0.3359711401,0.445339456,0.6624555611,0.4474091463,0.5578564673,0.7993887131,0.3112038381,0.6390223146,0.04977384731
23.695,12.65214003,-0.3388669054,0.4461110018,0.6595650482,0.4480937296,0.5602194262,0.7973794851,0.3138458055,0.6358140433,0.05034015113
23.73,12.63347906,-0.3417879432,0.4468659258,0.6566672872,0.4487572333,0.5625905738,0.7953583975,0.3165081537,0.6325949805,0.05089686576
23.765,12.61487305,-0.3447342498,0.4476039166,0.6537644616,0.4494038958,0.5649698834,0.7933295865,0.3191909691,0.6293718328,0.05143719806
23.8,12.59632176,-0.3477058363,0.4483246937,0.6508572757,0.450038833,0.5673573649,0.791296496,0.3218943795,0.6261501445,0.05195547594
23.835,12.57782496,-0.3507027298,0.4490280058,0.6479445946,0.4506674476,0.5697530646,0.789261266,0.3246185547,0.622933346,0.05244809936
23.87,12.5593824,-0.3537249751,0.4497136296,0.6450233757,0.4512946834,0.5721570647,0.787224267,0.3273637067,0.6197220465,0.05291424683
23.905,12.54099385,-0.3567726355,0.4503813676,0.6420889552,0.4519242959,0.574569482,0.7851839247,0.3301300897,0.6165137955,0.05335611478
23.94,12.52265906,-0.3598457935,0.4510310452,0.6391356397,0.4525583257,0.5769904668,0.7831368999,0.3329179988,0.6133034041,0.05377859713
23.975,12.50437781,-0.3629445516,0.451662508,0.6361574547,0.4531969014,0.5794202004,0.7810785739,0.3357277687,0.6100837385,0.0541884928
24.01,12.48614985,-0.3660690317,0.4522756184,0.6331488579,0.4538383878,0.5818588927,0.7790036961,0.338559771,0.6068467585,0.05459347043
24.045,12.46797496,-0.3692193756,0.4528702516,0.6301052669,0.4544797921,0.5843067792,0.7769070272,0.3414144122,0.6035845289,0.05500105896
24.08,12.44985291,-0.3723957438,0.4534462915,0.6270233306,0.4551172867,0.5867641172,0.774783842,0.3442921293,0.6002900019,0.05541786889
24.115,12.43178345,-0.3755983147,0.4540036259,0.6239009608,0.4557467174,0.5892311824,0.7726302345,0.3471933864,0.5969574793,0.05584913437
24.15,12.41376638,-0.3788272836,0.4545421423,0.6207371918,0.4563640085,0.5917082642,0.7704432293,0.3501186699,0.5935827695,0.05629856055
24.185,12.39580145,-0.382082861,0.4550617222,0.6175319502,0.4569654343,0.594195661,0.768220748,0.3530684836,0.5901631177,0.05676839867
24.22,12.37788844,-0.3853652711,0.4555622358,0.6142858026,0.4575477624,0.5966936759,0.7659614887,0.3560433429,0.5866970021,0.05725965499
24.255,12.36002713,-0.38867475,0.4560435371,0.6109997249,0.4581082988,0.599202611,0.7636647676,0.3590437691,0.5831838773,0.05777235364
24.29,12.34221729,-0.3920115439,0.4565054578,0.6076749153,0.4586448684,0.601722763,0.7613303607,0.3620702835,0.5796239181,0.05830579843
24.325,12.32445871,-0.3953759066,0.4569478018,0.6043126548,0.4591557581,0.6042544175,0.7589583618,0.3651234011,0.576017795,0.05885880387
24.36,12.30675115,-0.3987680985,0.4573703401,0.6009142109,0.4596396451,0.6067978448,0.756549068,0.3682036244,0.5723664923,0.05942988335
24.395,12.2890944,-0.4021883841,0.4577728051,0.5974807761,0.4600955235,0.6093532944,0.7541028899,0.3713114374,0.5686711685,0.06001739407
24.43,12.27148825,-0.4056370306,0.4581548857,0.5940134329,0.4605226356,0.6119209916,0.7516202873,0.3744473,0.5649330563,0.06061964376
24.465,12.25393247,-0.4091143065,0.458516223,0.5905131362,0.4609204131,0.6145011331,0.7491017228,0.3776116426,0.5611533911,0.06123496627
24.5,12.23642686,-0.4126204802,0.4588564057,0.5869807087,0.4612884269,0.6170938841,0.7465476309,0.3808048618,0.5573333652,0.061861773
24.535,12.21897118,-0.4161558191,0.4591749672,0.5834168436,0.4616263466,0.6196993758,0.7439583975,0.3840273163,0.5534740973,0.0624985864
24.57,12.20156524,-0.4197205888,0.4594713826,0.5798221115,0.4619339073,0.6223177035,0.7413343481,0.3872793241,0.5495766157,0.06314406024
24.605,12.18420882,-0.4233150523,0.4597450671,0.5761969704,0.4622108833,0.6249489261,0.7386757404,0.3905611602,0.5456418494,0.06379699037
24.64,12.1669017,-0.4269394699,0.4599953753,0.5725417764,0.4624570676,0.6275930658,0.7359827614,0.3938730563,0.5416706251,0.0644563186
24.675,12.14964369,-0.4305940982,0.4602216016,0.5688567949,0.4626722546,0.6302501091,0.7332555273,0.3972152,0.5376636683,0.06512113176
24.71,12.13243456,-0.4342791898,0.4604229812,0.5651422118,0.4628562271,0.6329200078,0.7304940838,0.4005877363,0.5336216065,0.06579065717
24.745,12.11527412,-0.4379949924,0.460598693,0.5613981445,0.4630087454,0.635602682,0.7276984093,0.4039907694,0.529544975,0.06646425562
24.78,12.09816215,-0.441741748,0.4607478627,0.5576246519,0.4631295392,0.638298022,0.7248684173,0.4074243649,0.5254342224,0.06714141265
24.815,12.08109845,-0.4455196906,0.4608695673,0.5538217448,0.4632183002,0.6410058914,0.7220039602,0.4108885528,0.5212897186,0.06782172864
24.85,12.06408282,-0.4493290447,0.4609628403,0.549989395,0.4632746772,0.6437261301,0.7191048333,0.4143833305,0.5171117612,0.06850490824
24.885,12.04711505,-0.4531700221,0.4610266772,0.546127545,0.463298272,0.6464585571,0.7161707787,0.4179086661,0.5129005843,0.06919074964
24.92,12.03019494,-0.4570428188,0.4610600418,0.5422361161,0.4632886358,0.6492029732,0.7132014903,0.4214645004,0.5086563657,0.06987913392
24.955,12.0133223,-0.4609476109,0.4610618717,0.538315017,0.4632452677,0.6519591625,0.7101966176,0.4250507495,0.5043792356,0.07057001485
24.99,11.99649692,-0.4648845502,0.4610310848,0.534364152,0.4631676128,0.6547268943,0.707155771,0.4286673062,0.5000692845,0.07126340937
25.025,11.9797186,-0.4688537592,0.4609665848,0.530383428,0.4630550623,0.6575059238,0.7040785264,0.4323140398,0.4957265714,0.07195938882
25.06,11.96298715,-0.4728553262,0.4608672662,0.5263727623,0.4629069532,0.6602959916,0.7009644301,0.4359907966,0.4913511323,0.07265807118
25.095,11.94630237,-0.4768893004,0.4607320187,0.5223320891,0.4627225699,0.6630968239,0.6978130036,0.4396973979,0.486942988,0.07335961414
25.13,11.92966407,-0.4809556869,0.460559731,0.5182613657,0.4625011451,0.6659081307,0.6946237488,0.4434336386,0.4825021524,0.07406420903
25.165,11.91307204,-0.4850544424,0.4603492937,0.5141605784,0.4622418629,0.6687296048,0.6913961528,0.4471992843,0.4780286401,0.07477207556
25.2,11.89652611,-0.4891854715,0.4600996015,0.510029748,0.4619438606,0.6715609196,0.6881296928,0.4509940688,0.4735224742,0.07548345703
25.235,11.88002607,-0.4933486235,0.4598095546,0.5058689341,0.4616062332,0.6744017281,0.6848238409,0.4548176909,0.4689836931,0.07619861606
25.27,11.86357175,-0.4975436907,0.4594780599,0.5016782399,0.4612280363,0.6772516605,0.6814780685,0.4586698116,0.4644123579,0.07691783051
25.305,11.84716293,-0.5017704067,0.4591040308,0.4974578147,0.4608082909,0.6801103235,0.678091851,0.4625500521,0.4598085583,0.07764138953
25.34,11.83079945,-0.5060284468,0.4586863879,0.4932078575,0.4603459876,0.6829772993,0.6746646716,0.4664579914,0.455172419,0.07836958955
25.375,11.8144811,-0.5103174281,0.4582240587,0.488928619,0.4598400918,0.6858521454,0.6711960254,0.4703931653,0.4505041045,0.07910273018
25.41,11.79820771,-0.5146369116,0.4577159768,0.4846204025,0.4592895485,0.6887343945,0.6676854228,0.4743550662,0.4458038238,0.07984110998
25.445,11.78197909,-0.5189864044,0.4571610822,0.4802835651,0.4586932874,0.6916235559,0.6641323925,0.4783431431,0.4410718348,0.08058502206
25.48,11.76579505,-0.523365363,0.4565583206,0.4759185175,0.4580502284,0.6945191166,0.6605364843,0.4823568033,0.4363084471,0.08133474959
25.515,11.74965542,-0.5277731963,0.4559066432,0.4715257231,0.4573592866,0.6974205432,0.656897271,0.4863954141,0.4315140246,0.08209056133
25.55,11.73356,-0.5322092704,0.4552050066,0.4671056967,0.456619377,0.7003272846,0.6532143502,0.4904583055,0.4266889873,0.08285270716
25.585,11.71750862,-0.5366729124,0.4544523726,0.4626590024,0.4558294197,0.7032387744,0.6494873458,0.4945447738,0.4218338123,0.08362141385
25.62,11.70150109,-0.5411634149,0.4536477084,0.458186251,0.4549883441,0.7061544343,0.645715908,0.4986540851,0.4169490338,0.08439688116
25.655,11.68553724,-0.5456800408,0.452789987,0.4536880966,0.454095093,0.7090736769,0.6418997137,0.5027854793,0.4120352424,0.08517927828
25.69,11.66961689,-0.550222027,0.4518781869,0.4491652333,0.4531486264,0.7119959092,0.6380384662,0.5069381747,0.4070930844,0.08596874088
25.725,11.65373986,-0.5547885892,0.4509112924,0.4446183905,0.4521479247,0.7149205357,0.634131894,0.5111113723,0.402123259,0.08676536871
25.76,11.63790598,-0.5593789255,0.4498882945,0.4400483293,0.4510919909,0.7178469612,0.6301797492,0.5153042598,0.3971265163,0.0875692239
25.795,11.62211506,-0.56399222,0.4488081903,0.435455837,0.449979853,0.7207745944,0.6261818059,0.5195160159,0.3921036541,0.08838033005
25.83,11.60636694,-0.5686276461,0.4476699838,0.4308417231,0.4488105652,0.7237028494,0.6221378575,0.5237458143,0.3870555138,0.08919867194
25.865,11.59066143,-0.573284369,0.4464726858,0.4262068139,0.4475832087,0.7266311491,0.6180477141,0.5279928269,0.381982977,0.09002419614
25.9,11.57499838,-0.5779615482,0.4452153141,0.4215519485,0.4462968915,0.7295589264,0.6139111993,0.5322562271,0.3768869606,0.09085681227
25.935,11.5593776,-0.5826583391,0.4438968935,0.4168779733,0.4449507481,0.7324856259,0.6097281467,0.5365351921,0.3717684129,0.09169639497
25.97,11.54379892,-0.587373894,0.4425164558,0.4121857388,0.4435439383,0.735410705,0.6054983967,0.540828905,0.3666283084,0.09254278652
26.005,11.52826218,-0.5921073636,0.4410730398,0.4074760946,0.442075645,0.7383336349,0.6012217923,0.5451365564,0.3614676436,0.09339580001
26.04,11.5127672,-0.5968578962,0.4395656911,0.4027498868,0.4405450723,0.7412539005,0.5968981756,0.549457345,0.356287432,0.09425522299
26.075,11.49731383,-0.6016246382,0.4379934619,0.3980079547,0.4389514422,0.7441710005,0.5925273838,0.5537904779,0.3510887006,0.09512082148
26.11,11.48190188,-0.6064067329,0.4363554112,0.3932511286,0.4372939915,0.7470844467,0.588109246,0.5581351706,0.3458724852,0.09599234424
26.145,11.46653119,-0.6112033196,0.4346506042,0.388480228,0.4355719683,0.7499937637,0.5836435789,0.5624906456,0.3406398272,0.09686952723
26.18,11.4512016,-0.6160135316,0.4328781128,0.383696061,0.4337846276,0.7528984869,0.5791301843,0.5668561316,0.3353917703,0.09775209805
26.215,11.43591295,-0.6208364944,0.4310370151,0.3788994238,0.4319312273,0.7557981616,0.5745688457,0.5712308611,0.3301293585,0.09863978039
26.25,11.42066507,-0.6256713233,0.4291263958,0.3740911019,0.4300110243,0.758692341,0.5699593262,0.5756140683,0.3248536335,0.09953229819
26.2525,11.41957749,-0.6260170986,0.4289872386,0.3737472238,0.4298712909,0.7588988461,0.5696282244,0.5759274587,0.3244763141,0.09959622727
26.285,11.40545779,-0.6305171206,0.4271453462,0.3692718712,0.4280232696,0.7615805841,0.5653013658,0.5800049861,0.3195656342,0.1004293797
26.32,11.39029096,-0.6353729729,0.4250929648,0.3644425004,0.425967205,0.7644624539,0.5605946806,0.5844028434,0.3142663959,0.1013307608
26.355,11.37516441,-0.6402379477,0.4229683574,0.3596037543,0.4238420585,0.7673375144,0.5558389611,0.588806861,0.3089569506,0.1022361883
26.39,11.36007798,-0.6451110904,0.4207706381,0.3547563974,0.4216470408,0.770205329,0.5510338724,0.5932162488,0.3036383286,0.1031454227
26.425,11.34503152,-0.6499914205,0.4184989297,0.3499011989,0.4193813427,0.7730654571,0.5461790545,0.597630201,0.2983115596,0.1040582395
26.46,11.33002487,-0.6548779289,0.4161523652,0.3450389375,0.4170441315,0.7759174524,0.5412741228,0.6020478929,0.292977676,0.1049744311
26.495,11.31505786,-0.6597695738,0.4137300884,0.3401704078,0.4146345497,0.7787608597,0.5363186704,0.6064684766,0.2876377162,0.1058938072
26.53,11.30013034,-0.6646652778,0.4112312553,0.3352964262,0.4121517133,0.7815952129,0.53131227,0.6108910769,0.2822927282,0.1068161949
26.565,11.28524216,-0.6695639246,0.4086550358,0.330417838,0.4095947109,0.7844200326,0.5262544772,0.6153147875,0.2769437748,0.1077414377
26.6,11.27039316,-0.674464356,0.4060006154,0.3255355241,0.4069626041,0.7872348234,0.5211448346,0.6197386672,0.2715919386,0.1086693942
26.635,11.25558318,-0.679365369,0.4032671964,0.3206504087,0.4042544286,0.7900390726,0.5159828753,0.6241617363,0.2662383276,0.1095999361
26.67,11.24081207,-0.6842657135,0.4004540003,0.3157634663,0.4014691954,0.7928322477,0.5107681289,0.628582973,0.2608840815,0.1105329455
26.705,11.22607969,-0.6891640898,0.3975602694,0.310875729,0.3986058943,0.7956137948,0.5055001265,0.6330013105,0.2555303779,0.1114683116
26.74,11.21138586,-0.694059147,0.3945852693,0.3059882935,0.3956634969,0.7983831375,0.5001784067,0.6374156343,0.2501784385,0.1124059273
26.775,11.19673046,-0.6989494809,0.3915282905,0.3011023275,0.3926409612,0.8011396752,0.4948025223,0.6418247791,0.244829536,0.1133456848
26.81,11.18211332,-0.7038336335,0.3883886508,0.2962190765,0.3895372371,0.8038827823,0.489372047,0.6462275277,0.2394850004,0.114287472
26.845,11.16753429,-0.7087100916,0.3851656971,0.2913398688,0.3863512722,0.8066118077,0.4838865824,0.6506226083,0.2341462246,0.1152311671
26.88,11.15299323,-0.713577287,0.3818588082,0.2864661205,0.3830820186,0.8093260739,0.4783457653,0.6550086939,0.2288146711,0.116176635
26.915,11.13848999,-0.7184335957,0.3784673958,0.2815993397,0.3797284405,0.8120248772,0.4727492746,0.6593844012,0.2234918766,0.1171237222
26.95,11.12402442,-0.7232773392,0.3749909074,0.2767411294,0.3762895218,0.8147074874,0.4670968389,0.66374829,0.218179457,0.118072253
26.985,11.10959637,-0.7281067844,0.3714288277,0.2718931895,0.372764275,0.8173731483,0.4613882435,0.6680988635,0.2128791112,0.1190220253
27.02,11.0952057,-0.7329201453,0.3677806802,0.2670573179,0.3691517492,0.8200210778,0.4556233368,0.6724345681,0.207592625,0.1199728069
27.055,11.08085226,-0.7377155842,0.3640460293,0.2622354101,0.3654510395,0.8226504693,0.4498020371,0.6767537946,0.2023218726,0.1209243328
27.09,11.06653592,-0.7424912138,0.3602244812,0.2574294579,0.3616612957,0.8252604918,0.4439243388,0.6810548793,0.1970688186,0.121876302
27.125,11.05225652,-0.7472450985,0.3563156857,0.2526415466,0.3577817313,0.8278502915,0.4379903176,0.6853361051,0.1918355183,0.1228283766
27.16,11.03801392,-0.7519752576,0.352319337,0.2478738512,0.353811632,0.8304189926,0.4320001355,0.6895957033,0.1866241171,0.1237801796
27.195,11.02380798,-0.7566796672,0.3482351751,0.2431286315,0.3497503643,0.8329656991,0.4259540454,0.6938318559,0.1814368488,0.1247312953
27.23,11.00963856,-0.7613562631,0.3440629861,0.2384082255,0.3455973831,0.8354894959,0.4198523945,0.6980426977,0.1762760332,0.1256812691
27.265,10.99550552,-0.7660029434,0.3398026035,0.2337150421,0.3413522398,0.8379894502,0.4136956279,0.7022263186,0.1711440725,0.1266296088
27.3,10.98140872,-0.7706175718,0.3354539084,0.229051553,0.3370145888,0.8404646135,0.4074842905,0.7063807666,0.166043447,0.1275757865
27.335,10.96734802,-0.77519798,0.3310168301,0.2244202827,0.3325841942,0.8429140229,0.4012190294,0.71050405,0.1609767096,0.1285192405
27.37,10.95332327,-0.7797419711,0.3264913468,0.2198237989,0.3280609363,0.8453367027,0.3949005956,0.714594141,0.1559464804,0.1294593786
27.405,10.93933436,-0.7842473222,0.3218774855,0.2152647007,0.3234448169,0.8477316663,0.3885298456,0.7186489781,0.150955441,0.130395581
27.44,10.92538112,-0.7887117877,0.3171753226,0.2107456078,0.3187359666,0.8500979175,0.3821077435,0.7226664694,0.1460063276,0.131327203
27.475,10.91146344,-0.7931331017,0.3123849845,0.206269148,0.3139346515,0.8524344523,0.3756353642,0.7266444955,0.1411019268,0.1322535776
27.51,10.89758117,-0.7975089808,0.3075066476,0.2018379458,0.3090412825,0.8547402604,0.3691138993,0.7305809128,0.1362450707,0.1331740166
27.545,10.88373418,-0.8018371271,0.3025405387,0.1974546117,0.304056429,0.8570143266,0.3625446672,0.734473556,0.1314386357,0.1340878084
27.58,10.86992234,-0.8061152302,0.2974869361,0.1931217354,0.298980838,0.8592556323,0.3559291308,0.7383202416,0.1266855461,0.1349942123
27.615,10.8561455,-0.81034097,0.2923461699,0.1888418856,0.2938154648,0.8614631569,0.3492689295,0.7421187707,0.1219887851,0.1358924442
27.65,10.84240354,-0.8145120187,0.2871186228,0.1846176287,0.2885615185,0.8636358794,0.3425659335,0.7458669321,0.1173514188,0.1367816491
27.685,10.82869633,-0.8186260431,0.2818047314,0.1804515828,0.2832205283,0.8657727791,0.335822336,0.7495625051,0.1127766414,0.1376608536
27.72,10.81502374,-0.8226807068,0.2764049873,0.1763465502,0.2777944251,0.8678728376,0.3290408005,0.7532032623,0.1082678484,0.1385288893
27.755,10.80138562,-0.8266736721,0.2709199384,0.1723058011,0.2722855969,0.8699350396,0.322224666,0.7567869732,0.1038287354,0.1393842915
27.79,10.78778186,-0.8306026023,0.2653501905,0.1683336052,0.2666967601,0.8719583743,0.3153781293,0.7603114065,0.09946336447,0.140225229
27.825,10.77421233,-0.8344651634,0.2596964091,0.1644359862,0.2610302302,0.8739418366,0.3085060366,0.7637743338,0.09517597462,0.1410496916
27.86,10.76067688,-0.8382590267,0.2539593214,0.1606210006,0.2552859385,0.8758844289,0.3016123609,0.7671735328,0.09097001622,0.141856451
27.895,10.74717541,-0.8419818711,0.2481397178,0.1568964384,0.2494585716,0.8777851621,0.294696575,0.7705067908,0.08684607134,0.1426471378
27.93,10.73370777,-0.8456313857,0.2422384542,0.1532637044,0.2435380643,0.8796430578,0.2877508503,0.7737719091,0.08280055186,0.143427539
27.965,10.72027384,-0.8492052731,0.2362564529,0.1497145111,0.2375178179,0.8814571501,0.280765291,0.7769667074,0.07882914865,0.1442041439
28,10.7068735,-0.8527012539,0.230194704,0.1462385172,0.2314019801,0.8832264886,0.2737381601,0.7800890302,0.07493258029,0.1449783896
28.035,10.69350662,-0.8561170719,0.2240542643,0.1428324579,0.2252010207,0.8849501421,0.2666769783,0.7831367541,0.07111661075,0.1457466352
28.07,10.68017307,-0.8594505026,0.2178362537,0.1394997742,0.2189238345,0.8866272046,0.2595916646,0.7861077999,0.06738783232,0.1465043678
28.105,10.66687273,-0.8626993671,0.2115418453,0.1362460042,0.2125754486,0.8882568043,0.252490188,0.7890001503,0.06375129503,0.1472485547
28.14,10.65360547,-0.865861556,0.2051722402,0.1330761393,0.206158324,0.8898381214,0.2453783067,0.7918118822,0.0602105134,0.1479776044
28.175,10.64037118,-0.8689350792,0.1987286042,0.1299940845,0.1996738357,0.8913704224,0.2382605772,0.79454123,0.05676810266,0.1486906674
28.21,10.62716973,-0.8719181818,0.1922118866,0.1270028794,0.1931230693,0.8928531374,0.2311411933,0.797186725,0.05342625126,0.1493870237
28.245,10.61400099,-0.8748096544,0.1856221836,0.1241050029,0.1865071381,0.8942860429,0.2240244726,0.7997475265,0.05018696431,0.1500655092
28.28,10.60086485,-0.8776097137,0.1789555593,0.1213025951,0.1798272796,0.8956695271,0.2169151218,0.8022239018,0.04705217007,0.1507239282
28.315,10.58776119,-0.8803126802,0.1721735752,0.1185975936,0.1730848694,0.8969917251,0.2098184005,0.8045941549,0.04402376121,0.1513820839
28.35,10.57468988,-0.8827379481,0.1654719089,0.1159918128,0.1662814106,0.8981131542,0.202740248,0.8066072377,0.04110360817,0.1522891541
28.385,10.5616508,-0.8853131018,0.1586563837,0.1134869899,0.1594185198,0.8994171092,0.1956874072,0.8089511363,0.03829356132,0.1527553024
28.42,10.54864384,-0.8877209087,0.1517441932,0.1110848096,0.1524979146,0.9005968643,0.1886675619,0.8110747119,0.0355954489,0.1533298392
28.455,10.53566888,-0.8900115072,0.1447747062,0.1087869194,0.1455214068,0.9017095977,0.181689498,0.8130801985,0.03301107367,0.1539087278
28.49,10.5227258,-0.8921910828,0.1377499952,0.1065949359,0.1384908973,0.9027624214,0.1747632942,0.8149799894,0.03054220899,0.1544778016
28.525,10.50981448,-0.8942600047,0.1306719874,0.1045104484,0.1314083747,0.9037566732,0.1679005502,0.8167761243,0.02819059476,0.1550332809
28.56,10.4969348,-0.896217393,0.1235429132,0.1025350183,0.1242759157,0.9046924709,0.1611146586,0.8184684669,0.02595793321,0.1555735999
28.595,10.48408666,-0.8980620192,0.1163652057,0.1006701777,0.1170956856,0.9055695729,0.1544211263,0.8200562515,0.02384588425,0.1560978643
28.63,10.47126993,-0.8997925659,0.1091414405,0.09891742449,0.1098699404,0.9063876189,0.1478379541,0.8215385158,0.02185606066,0.1566054236
28.665,10.45848449,-0.9014077218,0.1018743053,0.09727821826,0.1026010281,0.9071462148,0.1413860768,0.822914255,0.01999002272,0.1570957223
28.7,10.44573024,-0.9029062235,0.09456658092,0.09575397336,0.09529139041,0.9078449684,0.1350898682,0.8241824866,0.0182492725,0.1575682409
28.735,10.43300706,-0.9042868768,0.08722112902,0.09434605209,0.08794356295,0.9084835062,0.1289777028,0.825342281,0.01663524781,0.1580224712
28.77,10.42031484,-0.905548569,0.0798408821,0.09305575686,0.08056017524,0.9090614816,0.1230825565,0.8263927773,0.01514931572,0.158457907
28.805,10.40765346,-0.9066902758,0.07242883459,0.09188432186,0.07314394939,0.9095785795,0.117442607,0.8273331922,0.01379276594,0.1588740418
28.84,10.39502282,-0.9077110662,0.06498803458,0.09083290449,0.0656976976,0.9100345182,0.1121017574,0.8281628244,0.01256680401,0.1592703716
28.875,10.38242279,-0.9086101062,0.05752157564,0.08990257672,0.05822431837,0.9104290509,0.1071099648,0.8288810568,0.01147254455,0.1596463986
28.91,10.36985327,-0.9093866601,0.05003258885,0.08909431646,0.05072679146,0.9107619654,0.1025231905,0.8294873575,0.0105110046,0.1600016379
28.945,10.35731415,-0.9100400919,0.04252423481,0.08840899936,0.04320817147,0.9110330836,0.09840272989,0.8299812795,0.00968309725,0.1603356233
28.98,10.34480531,-0.9105698657,0.03499969582,0.08784739105,0.03567158015,0.9112422614,0.09481363692,0.830362459,0.008989625745,0.1606479152
29.015,10.33232666,-0.9109755451,0.02746216816,0.08741014017,0.02812019755,0.9113893869,0.09182199146,0.8306306145,0.008431278115,0.1609381074
29.05,10.31987807,-0.9112567926,0.01991485459,0.08709777224,0.02055725206,0.911474379,0.08949090759,0.8307855435,0.008008622541,0.1612058339
29.085,10.30745945,-0.9114133681,0.01236095718,0.08691068461,0.0129860095,0.9114971864,0.08787550024,0.8308271208,0.007722103543,0.1614507757
29.12,10.29507067,-0.911445127,0.004803670378,0.08684914269,0.005409761508,0.9114577855,0.08701746437,0.8307552948,0.007572039105,0.1616726661
29.155,10.28271164,-0.9113520183,-0.002753825348,0.08691327731,-0.002168186619,0.9113561789,0.0869403175,0.8305700848,0.007558618807,0.1618712964
29.19,10.27038225,-0.911134082,-0.01030836955,0.0871030837,-0.009744528464,0.9111923934,0.08764646613,0.8302715778,0.007681903025,0.1620465192
29.225,10.2580824,-0.9107914464,-0.01785682723,0.08741842168,-0.01731596905,0.9109664786,0.08911690767,0.8298599252,0.007941823233,0.1621982516
29.26,10.24581196,-0.9103243259,-0.02539609374,0.08785901745,-0.02487923728,0.9106785052,0.09131365394,0.8293353398,0.008338183395,0.1623264768
29.295,10.23357085,-0.9097330173,-0.03292309908,0.08842446674,-0.03243109794,0.9103285633,0.09418419417,0.8286980932,0.008870662431,0.1624312443
29.33,10.22135895,-0.909017898,-0.04043481167,0.08911423921,-0.03996836313,0.9099167615,0.09766687095,0.8279485129,0.009538817682,0.1625126695
29.365,10.20917616,-0.9081794227,-0.04792824143,0.08992768427,-0.04748790278,0.9094432254,0.1016960634,0.8270869801,0.01034208931,0.1625709306
29.4,10.19702238,-0.9072181213,-0.05540044233,0.09086403781,-0.05498665413,0.9089080969,0.1062064287,0.8261139286,0.0112798055,0.1626062659
29.435,10.1848975,-0.9061345965,-0.06284851443,0.09192242999,-0.06246162996,0.908311534,0.1111359004,0.8250298428,0.01235118835,0.1626189688
29.47,10.17280143,-0.9049295221,-0.07026960533,0.0931018938,-0.06990992549,0.9076537101,0.1164274895,0.8238352574,0.01355536031,0.1626093823
29.505,10.16073405,-0.903603641,-0.07766091116,0.09440137401,-0.07732872371,0.9069348142,0.122030123,0.8225307571,0.01489135093,0.1625778919
29.54,10.14869526,-0.9021577644,-0.08501967726,0.09581973668,-0.08471529919,0.9061550515,0.1278988032,0.8211169774,0.01635810385,0.1625249187
29.575,10.13668497,-0.9005927709,-0.09234319837,0.09735577852,-0.09206702026,0.9053146444,0.1339943425,0.8195946053,0.01795448383,0.1624509109
29.61,10.12470307,-0.8989096059,-0.0996288187,0.09900823637,-0.09938134961,0.9044138329,0.1402828697,0.8179643811,0.01967928352,0.1623563354
29.645,10.11274947,-0.8971092818,-0.1068739317,0.1007757961,-0.1066558433,0.9034528769,0.1467352377,0.8162271008,0.02153122999,0.1622416692
29.68,10.10082406,-0.8951928784,-0.1140759797,0.1026571012,-0.1138881483,0.9024320577,0.1533264189,0.8143836187,0.02350899074,0.1621073906
29.715,10.08892674,-0.8931615434,-0.1212324539,0.1046507602,-0.1210759986,0.9013516797,0.1600349307,0.8124348506,0.02561117903,0.1619539704
29.75,10.07705741,-0.8910164939,-0.1283408935,0.1067553538,-0.1282172102,0.9002120735,0.1668423164,0.8103817773,0.02783635854,0.1617818642
29.785,10.06521598,-0.888759017,-0.1353988862,0.1089694403,-0.135309675,0.8990135977,0.1737326885,0.8082254488,0.03018304707,0.1615915042
29.82,10.05340235,-0.8863904723,-0.1424040678,0.1112915602,-0.1423513539,0.8977566418,0.1806923334,0.8059669879,0.03264971934,0.1613832927
29.855,10.04161641,-0.8839122925,-0.1493541225,0.1137202394,-0.1493402692,0.8964416293,0.1877093734,0.8036075948,0.03523480886,0.1611575963
29.89,10.02985808,-0.8813259858,-0.1562467839,0.1162539911,-0.1562744964,0.8950690201,0.1947734804,0.8011485508,0.03793670868,0.1609147405
29.925,10.01812725,-0.8786331371,-0.1630798354,0.1188913163,-0.1631521565,0.8936393133,0.2018756332,0.7985912223,0.04075377128,0.1606550065
29.96,10.00642383,-0.8758354094,-0.1698511116,0.1216307033,-0.1699714076,0.8921530499,0.2090079122,0.7959370644,0.04368430736,0.1603786282
29.995,9.994747725,-0.8729345452,-0.1765585002,0.124470625,-0.1767304373,0.8906108153,0.2161633271,0.7931876243,0.04672658397,0.1600857918
30.03,9.983098834,-0.8699323674,-0.183199944,0.1274095368,-0.1834274558,0.8890132413,0.2233356702,0.7903445433,0.0498788216,0.1597766351
30.065,9.971477066,-0.8668307792,-0.189773443,0.1304458711,-0.1900606893,0.8873610085,0.2305193937,0.7874095594,0.05313919088,0.1594512498
30.1,9.959882326,-0.8636317644,-0.1962770573,0.1335780332,-0.1966283745,0.8856548468,0.2377095047,0.7843845077,0.05650580861,0.1591096836
30.135,9.948314518,-0.8603373868,-0.2027089103,0.1368043948,-0.203128755,0.8838955376,0.2449014772,0.7812713214,0.05997673355,0.1587519451
30.17,9.93677355,-0.8569497882,-0.2090671916,0.1401232882,-0.2095600776,0.8820839133,0.252091178,0.77807203,0.06354996202,0.1583780079
30.205,9.925259328,-0.8534711868,-0.2153501609,0.143532999,-0.2159205914,0.8802208578,0.2592748032,0.7747887585,0.0672234236,0.1579878179
30.24,9.913771759,-0.8499038743,-0.2215561511,0.14703176,-0.2222085476,0.8783073059,0.2664488264,0.7714237236,0.07099497708,0.1575812993
30.275,9.902310751,-0.8462502119,-0.2276835722,0.1506177444,-0.228422201,0.8763442418,0.2736099538,0.7679792302,0.07486240685,0.157158363
30.31,9.890876212,-0.8425126262,-0.2337309146,0.15428906,-0.2345598131,0.8743326974,0.2807550889,0.7644576657,0.07882341994,0.1567189143
30.345,9.879468051,-0.8386936038,-0.2396967526,0.1580437434,-0.2406196567,0.8722737496,0.2878813019,0.7608614942,0.082875644,0.1562628618
30.38,9.868086175,-0.8347956853,-0.2455797472,0.1618797559,-0.2466000219,0.8701685173,0.2949858067,0.7571932485,0.08701662618,0.1557901253
30.415,9.856730495,-0.8308214588,-0.2513786496,0.1657949801,-0.2524992234,0.8680181576,0.3020659419,0.7534555219,0.09124383323,0.1553006448
30.45,9.84540092,-0.8267735524,-0.2570923028,0.1697872175,-0.2583156088,0.8658238615,0.3091191566,0.7496509591,0.09555465297,0.154794388
30.485,9.834097359,-0.8226546262,-0.262719644,0.1738541883,-0.2640475681,0.8635868487,0.3161430009,0.7457822453,0.09994639701,0.1542713577
30.52,9.822819725,-0.8184673642,-0.2682597056,0.177993532,-0.2696935439,0.8613083629,0.3231351189,0.741852096,0.1044163051,0.153731599
30.555,9.811567927,-0.8142144657,-0.2737116163,0.1822028104,-0.2752520418,0.8589896653,0.3300932453,0.7378632451,0.1089615506,0.1531752043
30.59,9.800341876,-0.8098986359,-0.2790746009,0.1864795114,-0.2807216413,0.8566320291,0.3370152045,0.7338184332,0.1135792481,0.1526023187
30.625,9.789141486,-0.8055225769,-0.28434798,0.1908210555,-0.2861010069,0.8542367328,0.3438989116,0.7297203957,0.1182664614,0.152013143
30.66,9.777966667,-0.8010889793,-0.2895311682,0.1952248034,-0.291388898,0.851805054,0.3507423752,0.7255718501,0.1230202137,0.1514079362
30.695,9.766817332,-0.7966005124,-0.2946236726,0.1996880648,-0.2965841794,0.8493382629,0.3575437018,0.7213754848,0.1278374987,0.1507870166
30.73,9.755693394,-0.7920598162,-0.2996250899,0.2042081096,-0.3016858297,0.8468376154,0.3643011006,0.7171339469,0.1327152919,0.1501507612
30.765,9.744594767,-0.787469493,-0.304535103,0.2087821794,-0.3066929499,0.8443043476,0.3710128892,0.7128498314,0.137650564,0.1494996046
30.8,9.733521364,-0.7828321,-0.3093534773,0.2134075005,-0.3116047694,0.8417396692,0.3776774994,0.7085256707,0.1426402936,0.1488340357
30.835,9.722473099,-0.778150142,-0.3140800559,0.2180812972,-0.3164206511,0.8391447581,0.3842934825,0.704163925,0.1476814807,0.1481545943
30.87,9.711449887,-0.7734260656,-0.3187147549,0.2228008063,-0.3211400952,0.8365207553,0.3908595145,0.699766974,0.1527711601,0.1474618659
30.905,9.700451642,-0.7686622539,-0.3232575578,0.2275632906,-0.3257627404,0.8338687602,0.3973744007,0.6953371093,0.1579064143,0.1467564764
30.94,9.689478281,-0.7638610219,-0.3277085104,0.2323660535,-0.3302883637,0.831189827,0.4038370786,0.6908765286,0.163084386,0.1460390854
30.975,9.678529718,-0.7590246137,-0.3320677143,0.2372064516,-0.3347168785,0.8284849613,0.4102466203,0.6863873311,0.1683022895,0.1453103795
31.01,9.667605869,-0.7541551999,-0.3363353217,0.242081908,-0.3390483305,0.8257551176,0.416602233,0.6818715142,0.1735574206,0.1445710652
31.045,9.656706652,-0.7492548769,-0.3405115292,0.2469899231,-0.343282892,0.8230011981,0.4229032585,0.6773309721,0.178847166,0.1438218619
31.08,9.645831982,-0.7443256664,-0.3445965725,0.2519280848,-0.3474208549,0.820224052,0.4291491702,0.6727674955,0.1841690103,0.1430634942
31.115,9.634981777,-0.7393695172,-0.3485907208,0.2568940764,-0.3514626219,0.8174244757,0.4353395698,0.6681827735,0.1895205411,0.1422966854
31.15,9.624155955,-0.7343883065,-0.3524942719,0.261885683,-0.3554086968,0.8146032141,0.4414741812,0.6635783964,0.1948994527,0.1415221509
31.185,9.613354433,-0.7293838438,-0.3563075478,0.2669007955,-0.3592596733,0.8117609625,0.4475528432,0.6589558603,0.2003035475,0.1407405923
31.22,9.60257713,-0.7243578745,-0.3600308909,0.2719374124,-0.3630162241,0.8088983699,0.4535755012,0.6543165728,0.2057307353,0.139952692
31.255,9.591823964,-0.7193120846,-0.363664661,0.2769936394,-0.366679089,0.8060160425,0.4595421967,0.6496618607,0.2111790306,0.1391591088
31.29,9.581094855,-0.7142481065,-0.3672092324,0.2820676864,-0.3702490625,0.8031145484,0.4654530567,0.6449929779,0.216646548,0.1383604741
31.325,9.570389721,-0.7091675249,-0.3706649924,0.2871578623,-0.373726983,0.8001944232,0.471308281,0.640311115,0.2221314957,0.1375573893
31.36,9.559708482,-0.7040718833,-0.374032341,0.292262568,-0.3771137213,0.7972561752,0.4771081297,0.635617409,0.2276321674,0.1367504236
31.395,9.549051059,-0.6989626906,-0.37731169,0.2973802867,-0.3804101706,0.7943002923,0.4828529101,0.6309129543,0.2331469328,0.1359401129
31.43,9.538417372,-0.693841428,-0.3805034648,0.3025095727,-0.3836172375,0.7913272483,0.4885429628,0.6261988139,0.2386742265,0.1351269596
31.465,9.527807341,-0.6887095556,-0.3836081052,0.3076490389,-0.3867358344,0.7883375104,0.4941786486,0.6214760303,0.2442125367,0.134311433
31.5,9.517220889,-0.6835685188,-0.3866260683,0.3127973425,-0.3897668736,0.7853315457,0.4997603358,0.6167456366,0.2497603932,0.1334939702
31.535,9.506657936,-0.6784197547,-0.3895578317,0.3179531704,-0.3927112628,0.7823098285,0.5052883875,0.6120086678,0.2553163545,0.1326749777
31.57,9.496118404,-0.673264697,-0.3924038967,0.3231152237,-0.395569903,0.7792728472,0.5107631506,0.6072661704,0.260878996,0.1318548336
31.605,9.485602215,-0.6681047816,-0.3951647928,0.3282822024,-0.398343688,0.7762211106,0.5161849457,0.6025192126,0.2664468982,0.1310338892
31.64,9.475109292,-0.6629414495,-0.3978410823,0.33345279,-0.4010335059,0.773155154,0.5215540585,0.5977688922,0.272018636,0.1302124718
31.675,9.464639558,-0.6577761508,-0.400433365,0.3386256394,-0.4036402425,0.7700755446,0.5268707327,0.5930163444,0.277592769,0.1293908866
31.71,9.454192936,-0.6526103461,-0.4029422831,0.3437993599,-0.406164787,0.7669828859,0.5321351652,0.5882627473,0.2831678341,0.1285694187
31.745,9.44376935,-0.6474455073,-0.4053685259,0.3489725057,-0.4086080383,0.7638778218,0.5373475027,0.5835093266,0.2887423387,0.1277483347
31.78,9.433368722,-0.6422831175,-0.4077128346,0.3541435663,-0.4109709138,0.760761039,0.542507841,0.5787573585,0.2943147575,0.126927884
31.815,9.422990979,-0.6371246692,-0.4099760066,0.3593109597,-0.4132543587,0.7576332689,0.5476162258,0.5740081702,0.2998835307,0.1261082991
31.85,9.412636044,-0.631971662,-0.4121588987,0.3644730281,-0.4154593564,0.7544952878,0.5526726563,0.5692631393,0.305447065,0.1252897957
31.885,9.402303842,-0.6268255979,-0.4142624304,0.3696280366,-0.417586939,0.7513479164,0.5576770903,0.5645236915,0.311003737,0.1244725715
31.92,9.391994298,-0.6216879772,-0.416287586,0.3747741751,-0.4196381984,0.7481920176,0.5626294517,0.5597912952,0.3165518999,0.1236568049
31.955,9.381707338,-0.6165602916,-0.4182354156,0.3799095639,-0.4216142966,0.7450284934,0.5675296396,0.555067456,0.3220898918,0.1228426521
31.99,9.371442888,-0.6114440179,-0.4201070352,0.3850322617,-0.4235164752,0.7418582803,0.5723775391,0.5503537081,0.3276160473,0.1220302446
32.025,9.361200874,-0.6063406101,-0.4219036255,0.3901402783,-0.4253460635,0.7386823435,0.5771730335,0.5456516046,0.3331287105,0.1212196849
32.06,9.350981223,-0.6012514905,-0.4236264294,0.3952315896,-0.4271044854,0.7355016699,0.5819160171,0.5409627065,0.3386262509,0.1204110426
32.095,9.34078386,-0.5961780417,-0.4252767484,0.4003041559,-0.4287932633,0.7323172605,0.5866064097,0.5362885701,0.3441070799,0.11960435
32.13,9.330608715,-0.5911215968,-0.4268559375,0.4053559431,-0.4304140199,0.7291301211,0.5912441705,0.5316307335,0.3495696691,0.1187995973
32.165,9.320455713,-0.5860834304,-0.4283653989,0.4103849461,-0.4319684771,0.7259412527,0.5958293122,0.5269907024,0.3550125692,0.1179967284
32.2,9.310324783,-0.5810647497,-0.4298065742,0.4153892146,-0.4334584515,0.722751641,0.6003619148,0.5223699346,0.3604344288,0.1171956367
32.235,9.300215852,-0.5760666855,-0.4311809355,0.4203668794,-0.4348858462,0.7195622456,0.6048421385,0.5177698253,0.3658340125,0.1163961622
32.27,9.29012885,-0.5710902841,-0.4324899758,0.4253161804,-0.4362526396,0.7163739888,0.6092702346,0.5131916918,0.3712102188,0.1155980894
32.305,9.280063705,-0.5661364999,-0.4337351975,0.4302354944,-0.43756087,0.7131877439,0.6136465559,0.5086367581,0.3765620956,0.1148011463
32.34,9.270020346,-0.5612061887,-0.4349181013,0.4351233627,-0.4388126169,0.7100043247,0.6179715636,0.5041061411,0.3818888535,0.1140050054
32.375,9.259998703,-0.5563001025,-0.4360401734,0.4399785167,-0.4400099784,0.7068244739,0.6222458327,0.4996008369,0.3871898763,0.1132092868
32.41,9.249998704,-0.5514188855,-0.4371028726,0.4447999029,-0.4411550463,0.7036488531,0.6264700539,0.4951217085,0.3924647285,0.112413563
32.445,9.24002028,-0.5465630711,-0.4381076178,0.4495867042,-0.4422498771,0.7004780335,0.6306450335,0.4906694754,0.3977131583,0.1116173663
32.48,9.230063362,-0.5417330813,-0.4390557743,0.4543383588,-0.4432964613,0.6973124869,0.6347716888,0.4862447043,0.4029350969,0.1108201988
32.515,9.220127879,-0.5369292273,-0.4399486418,0.4590545746,-0.4442966912,0.6941525787,0.6388510408,0.4818478025,0.4081306523,0.1100215451
32.55,9.210213763,-0.5321517115,-0.440787442,0.4637353398,-0.4452523264,0.6909985623,0.6428842039,0.4774790131,0.4133000996,0.1092208873
32.585,9.200320945,-0.5274006323,-0.4415733074,0.468380928,-0.4461649596,0.6878505744,0.6468723714,0.4731384128,0.4184438649,0.1084177223
32.62,9.190449356,-0.5226759898,-0.4423072709,0.4729918987,-0.4470359821,0.6847086331,0.6508167987,0.4688259122,0.4235625055,0.1076115823
32.655,9.180598928,-0.5179776935,-0.4429902578,0.4775690914,-0.4478665507,0.681572637,0.6547187826,0.4645412595,0.4286566843,0.1068020562
32.69,9.170769593,-0.5133055723,-0.4436230779,0.4821136147,-0.448657556,0.6784423674,0.6585796384,0.4602840458,0.4337271401,0.1059888141
32.725,9.160961283,-0.5086593856,-0.4442064209,0.4866268289,-0.449409594,0.6753174919,0.6624006747,0.4560537149,0.4387746538,0.1051716313
32.76,9.151173932,-0.5040388356,-0.4447408529,0.4911103224,-0.4501229407,0.6721975707,0.6661831659,0.451849574,0.4438000105,0.1043504154
32.795,9.141407471,-0.4994435819,-0.4452268165,0.4955658832,-0.4507975314,0.669082065,0.6699283237,0.4476708097,0.4488039589,0.1035252314
32.83,9.131661834,-0.4948732566,-0.4456646317,0.4999954636,-0.4514329455,0.6659703477,0.6736372674,0.4435165041,0.453787168,0.102696328
32.865,9.121936954,-0.49032748,-0.4460545013,0.5044011409,-0.4520283971,0.6628617169,0.6773109941,0.4393856557,0.4587501827,0.1018641616
32.9,9.112232766,-0.4858058777,-0.4463965175,0.5087850717,-0.4525827325,0.6597554104,0.6809503498,0.4352772016,0.463693379,0.1010294195
32.935,9.102549203,-0.4813080975,-0.4466906725,0.5131494435,-0.4530944359,0.6566506237,0.6845560015,0.4311900416,0.4686169192,0.1001930392
32.97,9.0928862,-0.4768338265,-0.4469368713,0.5174964219,-0.4535616422,0.6535465285,0.6881284109,0.427123065,0.47352071,0.09935622508
33.005,9.08324369,-0.4723828076,-0.4471349472,0.521828095,-0.4539821598,0.6504422941,0.691667812,0.423075178,0.4784043622,0.09852045978
33.04,9.07362161,-0.4679548559,-0.4472846807,0.526146417,-0.4543535017,0.647337109,0.6951741916,0.4190453327,0.4832671566,0.09768751065
33.075,9.064019894,-0.463549873,-0.4473858196,0.5304531497,-0.4546729265,0.6442302044,0.6986472744,0.4150325563,0.4881080141,0.09685942961
33.11,9.054438478,-0.459167861,-0.4474381028,0.5347498058,-0.4549374892,0.6411208782,0.7020865145,0.4110359804,0.4929254739,0.09603854571
33.145,9.044877297,-0.454808934,-0.4474412853,0.5390375933,-0.4551441017,0.6380085189,0.7054910916,0.4070548702,0.4977176803,0.09522744953
33.18,9.035336287,-0.4504733276,-0.4473951642,0.5433173639,-0.4552896019,0.6348926302,0.7088599153,0.4030886519,0.5024823796,0.09442896855
33.215,9.025815385,-0.4461614066,-0.4472996076,0.5475895649,-0.4553708336,0.6317728545,0.7121916369,0.3991369397,0.5072169277,0.09364613263
33.25,9.016314526,-0.4418736687,-0.447154582,0.5518541989,-0.4553847326,0.6286489953,0.715484669,0.3951995593,0.5119183116,0.09288212915
33.285,9.006833649,-0.4376107466,-0.446960182,0.5561107903,-0.4553284221,0.6255210387,0.7187372142,0.3912765698,0.5165831831,0.09214024707
33.32,8.997372689,-0.4333734063,-0.4467166579,0.5603583619,-0.455199313,0.6223891723,0.721947303,0.3873682818,0.5212079083,0.09142380988
33.355,8.987931584,-0.4291625425,-0.4464244433,0.5645954223,-0.4549952092,0.6192538022,0.7251128404,0.3834752715,0.5257886313,0.09073609718
33.39,8.978510273,-0.4249791703,-0.4460841806,0.5688199658,-0.4547144157,0.6161155666,0.7282316618,0.3795983914,0.5303213533,0.09008025534
33.425,8.969108691,-0.420824414,-0.4456967445,0.5730294857,-0.4543558464,0.6129753466,0.7313015976,0.3757387756,0.5348020267,0.08945919779
33.46,8.959726778,-0.416699493,-0.4452632627,0.577221003,-0.4539191306,0.609834273,0.7343205455,0.3718978405,0.5392266635,0.08887549598
33.495,8.950364472,-0.4126057036,-0.4447851323,0.5813911095,-0.453404714,0.6066937288,0.73728655,0.3680772806,0.5435914568,0.08833126257
33.53,8.941021712,-0.4085443994,-0.4442640336,0.5855360268,-0.4528139515,0.6035553478,0.740197888,0.3642790578,0.5478929133,0.08782802883
33.565,8.931698436,-0.4045169682,-0.4437019374,0.5896516814,-0.452149189,0.600421008,0.7430531572,0.3605053868,0.5521279944,0.08736661873
33.6,8.922394583,-0.400524807,-0.4431011089,0.5937337932,-0.4514138306,0.5972928207,0.7458513683,0.3567587137,0.5562942636,0.08694702271
33.635,8.913110094,-0.396569295,-0.4424641047,0.5977779787,-0.4506123875,0.5941731142,0.7485920355,0.3530416896,0.5603900356,0.08656827477
33.67,8.903844906,-0.3926517661,-0.4417937645,0.6017798651,-0.449750506,0.5910644125,0.7512752649,0.3493571397,0.5644145237,0.08622833653
33.705,8.894598962,-0.3887734793,-0.4410931964,0.6057352141,-0.4488349713,0.5879694091,0.7539018379,0.3457080261,0.5683679811,0.08592399279
33.74,8.885372199,-0.3849355895,-0.4403657555,0.6096400517,-0.4478736851,0.5848909357,0.7564732846,0.3420974067,0.5722518303,0.08565076297
33.775,8.87616456,-0.3811391186,-0.439615016,0.613490801,-0.4468756136,0.5818319259,0.7589919479,0.3385283899,0.5760687769,0.08540283312
33.81,8.866975983,-0.3773849262,-0.4388447364,0.617284415,-0.4458507067,0.5787953742,0.7614610309,0.3350040852,0.5798229016,0.08517301315
33.845,8.857806412,-0.3736736831,-0.4380588186,0.6210185036,-0.4448097845,0.5757842912,0.7638846289,0.33152755,0.5835197262,0.0849527238
33.88,8.848655785,-0.3700058451,-0.4372612588,0.6246914524,-0.4437643944,0.5728016532,0.7662677394,0.3281017339,0.5871662485,0.08473201766
33.915,8.839524045,-0.3663816299,-0.436456094,0.6283025282,-0.4427266364,0.5698503494,0.7686162511,0.3247294207,0.5907709415,0.08449963783
33.95,8.830411134,-0.3628009963,-0.4356473402,0.6318519676,-0.4417089596,0.5669331248,0.7709369066,0.321413168,0.594343714,0.08424311801
33.985,8.821316993,-0.3592636276,-0.4348389262,0.6353410449,-0.4407239321,0.5640525205,0.7732372389,0.3181552459,0.5978958277,0.08394892641
34.02,8.812241564,-0.3557689177,-0.4340346205,0.6387721158,-0.439783985,0.5612108111,0.7755254795,0.3149575745,0.6014397694,0.08360265605
34.055,8.803184789,-0.3523159623,-0.4332379534,0.6421486342,-0.4389011357,0.5584099404,0.7778104366,0.3118216615,0.6049890753,0.08318926314
34.09,8.794146612,-0.3489035554,-0.4324521349,0.6454751393,-0.4380866921,0.5556514555,0.780101343,0.30874854,0.6085581053,0.08269335474
34.125,8.785126974,-0.3455301907,-0.4316799676,0.6487572119,-0.4373509414,0.5529364404,0.7824076724,0.3057387071,0.6121617659,0.08209952698
34.16,8.77612582,-0.3421940694,-0.4309237564,0.6520013963,-0.4367028278,0.5502654496,0.7847389251,0.302792065,0.6158151806,0.08139275438
34.195,8.767143091,-0.3388931151,-0.4301852156,0.655215089,-0.4361496216,0.547638442,0.7871043802,0.2999078632,0.6195333053,0.08055883148
34.23,8.758178732,-0.3356249958,-0.4294653741,0.6584063902,-0.4356965831,0.5450547177,0.7895128164,0.2970846453,0.6233304872,0.07958486745
34.265,8.749232686,-0.332387154,-0.4287644798,0.6615839186,-0.435346625,0.5425128564,0.7919721998,0.2943201993,0.6272199653,0.07845983537
34.3,8.740304898,-0.3291768464,-0.4280819049,0.6647565867,-0.4350999762,0.5400106606,0.7944893384,0.2916115136,0.6312133088,0.07717517766
34.335,8.731395311,-0.3259911918,-0.4274160526,0.6679333343,-0.4349538503,0.5375451043,0.797069502,0.2889547391,0.635319791,0.07572546987
34.37,8.72250387,-0.3228272298,-0.426764268,0.6711228185,-0.4349021232,0.5351122879,0.7997160085,0.2863451607,0.6395456942,0.07410914506
34.405,8.713630519,-0.31968199,-0.4261227544,0.6743330537,-0.4349350237,0.5327074024,0.802429774,0.2837771766,0.6438935421,0.07232928127
34.44,8.704775203,-0.3165525717,-0.425486498,0.6775710003,-0.4350388438,0.530324703,0.8052088276,0.2812442906,0.648361256,0.0703944534
34.475,8.695937868,-0.3134362341,-0.424849202,0.6808420937,-0.4351956757,0.5279574957,0.8080477911,0.2787391173,0.6529412326,0.06831965006
34.51,8.687118458,-0.3103304979,-0.4242032348,0.6841497098,-0.4353831867,0.5255981377,0.8109373247,0.2762534024,0.6576193447,0.06612725298
34.545,8.67831692,-0.3072332553,-0.4235395939,0.68749456,-0.4355744443,0.5232380537,0.8138635429,0.2737780608,0.6623738665,0.06384807273
34.58,8.669533198,-0.30414289,-0.4228478889,0.6908740101,-0.43573781,0.5208677708,0.816807405,0.2713032347,0.6671743369,0.06152242846
34.615,8.66076724,-0.3010584023,-0.4221163468,0.6942813215,-0.4358369234,0.5184769733,0.8197440925,0.2688183718,0.6719803772,0.05920125093
34.65,8.65201899,-0.2979795398,-0.421331843,0.6977048133,-0.4358308028,0.5160545786,0.822642386,0.2663123281,0.6767404952,0.05694717677
34.685,8.643288396,-0.2949069273,-0.4204799603,0.7011269509,-0.4356740967,0.5135888363,0.8254640633,0.2637734928,0.6813909198,0.05483558742
34.72,8.634575403,-0.2918421943,-0.4195450785,0.7045233767,-0.435317521,0.5110674508,0.8281633489,0.2611899392,0.6858545324,0.05295552832
34.755,8.62587996,-0.2887880944,-0.4185104959,0.7078619049,-0.4347085256,0.5084777268,0.8306864502,0.2585495987,0.6900399786,0.05141042274
34.79,8.617202012,-0.28574861,-0.4173585848,0.7111015211,-0.4337922298,0.5058067382,0.8329712312,0.2558404564,0.693841072,0.05031847161
34.825,8.608541508,-0.2827290387,-0.416070978,0.7141914418,-0.4325126697,0.5030415173,0.8349470792,0.2530507681,0.697136625,0.04981260685
34.86,8.599898394,-0.2797360527,-0.4146287881,0.7170703093,-0.4308143864,0.5001692625,0.8365350346,0.2501692911,0.6997908641,0.0500398448
34.895,8.591272618,-0.2767777262,-0.4130128527,0.7196656188,-0.4286443737,0.49717756,0.8376482568,0.2471855262,0.701654602,0.05115987177
34.93,8.582664128,-0.2738635256,-0.4112040033,0.7218934921,-0.4259543755,0.4940546153,0.8381929038,0.2440899629,0.7025673439,0.05334269315
34.965,8.574072873,-0.2710042559,-0.4091833503,0.723658928,-0.4227034894,0.4907894874,0.8380694984,0.2408743209,0.7023604841,0.056765195
35,8.5654988,-0.2682119615,-0.4069325764,0.7248566627,-0.4188609882,0.4873723197,0.8371748377,0.237531778,0.7008617089,0.06160651308
