f_THz,lam_um,Re_S11,Im_S11,Re_S21,Im_S21,absS11,absS21,absS11_cross,absS21_cross,R_total,T_total,A,R_higher,T_higher
10,29.9792458,-0.1620388282,0.3678416893,0.8363455593,0.3585738709,0.4019503579,0.9099720411,4.346379234e-06,4.432403696e-06,0.1615640903,0.8280491155,0.01038679423,0,0
10.024,29.90746788,-0.1630217143,0.3688126425,0.8354958353,0.3594049283,0.4032354704,0.90951921,4.217341675e-06,4.317362875e-06,0.1625988446,0.8272251934,0.01017596202,0,0
10.048,29.83603284,-0.1640236697,0.3697842936,0.834611967,0.3602521666,0.4045295885,0.9090427707,4.087415281e-06,4.204719655e-06,0.163644188,0.826358759,0.009997053007,0,0
10.072,29.76493824,-0.1650441713,0.3707565353,0.8336951555,0.3611144057,0.4058324617,0.9085434642,3.956876376e-06,4.095256199e-06,0.164699987,0.8254512264,0.009848786623,0,0
10.096,29.69418166,-0.166082703,0.3717292609,0.8327465935,0.3619905049,0.4071438415,0.9080220342,3.826101149e-06,3.989911576e-06,0.1657661077,0.8245040146,0.009729877725,0,0
10.12,29.62376067,-0.1671387556,0.3727023651,0.8317674627,0.3628793628,0.4084634826,0.9074792251,3.695596845e-06,3.889806606e-06,0.1668424166,0.8235185439,0.009639039463,0,0
10.144,29.55367291,-0.1682118281,0.3736757436,0.8307589327,0.3637799187,0.4097911425,0.9069157808,3.566042478e-06,3.79626889e-06,0.1679287805,0.8224962335,0.009574986087,0,0
10.168,29.48391601,-0.1693014276,0.374649294,0.8297221589,0.364691152,0.4111265825,0.9063324431,3.43834155e-06,3.710855566e-06,0.1690250669,0.8214384974,0.009536435686,0,0
10.192,29.41448764,-0.1704070701,0.375622916,0.8286582812,0.3656120834,0.4124695681,0.9057299501,3.313689411e-06,3.63537e-06,0.1701311446,0.8203467426,0.009522112825,0,0
10.216,29.34538547,-0.1715282811,0.3765965116,0.8275684219,0.3665417741,0.4138198688,0.9051090349,3.193657416e-06,3.571867202e-06,0.1712468838,0.8192223651,0.009530751098,0,0
10.24,29.27660723,-0.172664596,0.3775699853,0.8264536844,0.3674793265,0.4151772591,0.904470424,3.080294252e-06,3.522641563e-06,0.1723721565,0.8180667479,0.009561095582,0,0
10.264,29.20815062,-0.1738155605,0.3785432443,0.8253151518,0.3684238839,0.4165415188,0.9038148361,2.976240584e-06,3.490190204e-06,0.1735068369,0.816881258,0.009611905173,0,0
10.288,29.14001341,-0.1749807311,0.3795161989,0.8241538851,0.36937463,0.4179124328,0.9031429807,2.884845022e-06,3.47714679e-06,0.1746508015,0.8156672436,0.009681954833,0,0
10.312,29.07219337,-0.1761596757,0.3804887628,0.8229709223,0.370330789,0.4192897923,0.902455557,2.810256138e-06,3.486184687e-06,0.1758039299,0.8144260323,0.009770037703,0,0
10.336,29.00468827,-0.1773519737,0.3814608527,0.8217672768,0.3712916252,0.4206733943,0.9017532524,2.757448053e-06,3.519894973e-06,0.1769661047,0.8131589282,0.009874967116,0,0
10.36,28.93749595,-0.178557217,0.3824323889,0.8205439361,0.3722564421,0.4220630425,0.9010367416,2.732123101e-06,3.580652367e-06,0.1781372118,0.8118672097,0.00999557848,0,0
10.384,28.87061421,-0.1797750096,0.3834032954,0.8193018608,0.3732245822,0.423458547,0.9003066855,2.740440088e-06,3.670487736e-06,0.179317141,0.8105521279,0.01013073105,0,0
10.408,28.80404093,-0.1810049686,0.3843735,0.8180419837,0.3741954265,0.4248597252,0.89956373,2.78855995e-06,3.790985948e-06,0.1805057861,0.8092149043,0.01027930956,0,0
10.432,28.73777396,-0.1822467243,0.3853429339,0.8167652085,0.3751683932,0.4262664017,0.8988085052,2.882082334e-06,3.943221032e-06,0.1817030452,0.807856729,0.01044022577,0,0
10.456,28.67181121,-0.1834999206,0.3863115325,0.8154724089,0.3761429375,0.4276784084,0.8980416244,3.0255236e-06,4.127728474e-06,0.182908821,0.8064787592,0.01061241984,0,0
10.48,28.60615057,-0.1847642153,0.3872792348,0.8141644282,0.3771185505,0.4290955849,0.8972636833,3.221986136e-06,4.344501783e-06,0.184123021,0.8050821174,0.01079486162,0,0
10.504,28.54078998,-0.1860392801,0.3882459841,0.8128420781,0.3780947585,0.4305177788,0.8964752591,3.473061194e-06,4.592991709e-06,0.1853455579,0.8036678903,0.01098655183,0,0
10.528,28.47572739,-0.1873248015,0.389211727,0.811506138,0.3790711216,0.4319448456,0.8956769101,3.778855541e-06,4.872084143e-06,0.1865763497,0.8022371273,0.01118652303,0,0
10.552,28.41096077,-0.1886204803,0.3901764144,0.810157355,0.3800472332,0.433376649,0.8948691745,4.137936214e-06,5.180036315e-06,0.18781532,0.8007908394,0.01139384063,0,0
10.576,28.34648809,-0.1899260325,0.3911400008,0.8087964428,0.381022719,0.434813061,0.8940525702,4.546989366e-06,5.514358485e-06,0.1890623981,0.7993299983,0.01160760364,0,0
10.6,28.28230736,-0.1912411888,0.3921024445,0.8074240815,0.3819972354,0.4362539619,0.8932275943,5.000063748e-06,5.871638573e-06,0.1903175193,0.7978555353,0.01182694536,0,0
10.624,28.2184166,-0.1925656953,0.3930637076,0.8060409175,0.3829704689,0.4376992406,0.8923947225,5.487392328e-06,6.247319995e-06,0.1915806253,0.7963683407,0.01205103399,0,0
10.648,28.15481386,-0.1938993135,0.3940237555,0.8046475627,0.3839421349,0.4391487945,0.8915544084,5.993978438e-06,6.635459545e-06,0.1928516637,0.7948692632,0.0122790731,0,0
10.672,28.09149719,-0.1952418202,0.3949825574,0.803244595,0.3849119763,0.4406025295,0.8907070837,6.498435195e-06,7.028513135e-06,0.1941305891,0.7933591089,0.012510302,0,0
10.696,28.02846466,-0.196593008,0.3959400857,0.8018325575,0.3858797628,0.4420603604,0.8898531574,6.972936637e-06,7.417220807e-06,0.1954173623,0.7918386417,0.01274399599,0,0
10.72,27.96571437,-0.1979526849,0.3968963159,0.8004119592,0.3868452892,0.4435222103,0.8889930159,7.385318077e-06,7.790681948e-06,0.1967119511,0.7903085823,0.01297946659,0,0
10.744,27.90324442,-0.1993206746,0.3978512269,0.7989832744,0.3878083747,0.4449880111,0.8881270226,7.70387486e-06,8.136714203e-06,0.1980143301,0.7887696083,0.01321606158,0,0
10.768,27.84105293,-0.2006968165,0.3988048003,0.797546943,0.3887688613,0.4464577034,0.8872555178,7.903983143e-06,8.442558425e-06,0.199324481,0.787222354,0.01345316503,0,0
10.792,27.77913807,-0.2020809659,0.3997570206,0.796103371,0.3897266132,0.4479312361,0.8863788188,7.973988763e-06,8.695915945e-06,0.2006423924,0.7856674104,0.01369019719,0,0
10.816,27.71749797,-0.2034729934,0.4007078748,0.7946529302,0.3906815148,0.4494085669,0.8854972194,7.917476364e-06,8.886191898e-06,0.20196806,0.7841053256,0.01392661434,0,0
10.84,27.65613081,-0.2048727853,0.4016573524,0.793195959,0.3916334702,0.4508896616,0.8846109904,7.750865171e-06,9.005707503e-06,0.203301487,0.7825366045,0.01416190855,0,0
10.864,27.59503479,-0.2062802436,0.402605445,0.7917327623,0.3925824019,0.4523744945,0.8837203795,7.497901742e-06,9.050593846e-06,0.2046426833,0.7809617093,0.01439560737,0,0
10.888,27.53420812,-0.2076952856,0.4035521464,0.7902636123,0.3935282493,0.4538630482,0.8828256113,7.183824324e-06,9.021134407e-06,0.2059916666,0.77938106,0.01462727343,0,0
10.912,27.47364901,-0.2091178437,0.4044974521,0.7887887487,0.3944709678,0.4553553133,0.8819268873,6.831211941e-06,8.921476051e-06,0.2073484614,0.7777950346,0.01485650404,0,0
10.936,27.41335571,-0.2105478659,0.4054413593,0.7873083792,0.3954105279,0.4568512884,0.8810243865,6.458028422e-06,8.758812305e-06,0.2087130997,0.7762039696,0.01508293064,0,0
10.96,27.35332646,-0.2119853148,0.4063838665,0.7858226804,0.3963469137,0.4583509797,0.8801182653,6.077351702e-06,8.542274342e-06,0.2100856207,0.774608161,0.01530621829,0,0
10.984,27.29355954,-0.2134301681,0.4073249734,0.7843317979,0.3972801217,0.4598544016,0.879208658,5.698014295e-06,8.281795423e-06,0.2114660707,0.7730078643,0.01552606504,0,0
11.008,27.23405323,-0.214882418,0.4082646808,0.7828358473,0.3982101602,0.4613615753,0.8782956766,5.325551844e-06,7.987154262e-06,0.2128545032,0.7714032955,0.01574220125,0,0
11.032,27.17480584,-0.2163420712,0.4092029902,0.7813349147,0.399137048,0.4628725299,0.8773794117,4.96312235e-06,7.667300821e-06,0.214250979,0.7697946321,0.01595438896,0,0
11.056,27.11581567,-0.2178091484,0.4101399035,0.7798290576,0.4000608131,0.4643873012,0.8764599325,4.612260064e-06,7.329974051e-06,0.2156555656,0.7681820133,0.01616242108,0,0
11.08,27.05708105,-0.2192836845,0.411075423,0.7783183054,0.4009814922,0.4659059322,0.8755372874,4.273440199e-06,6.981561713e-06,0.2170683377,0.7665655417,0.01636612065,0,0
11.104,26.99860032,-0.2207657279,0.4120095511,0.7768026602,0.4018991294,0.4674284724,0.8746115041,3.946478771e-06,6.627129747e-06,0.2184893768,0.7649452831,0.01656534003,0,0
11.128,26.94037185,-0.2222553404,0.4129422901,0.7752820978,0.4028137751,0.4689549779,0.8736825903,3.630805197e-06,6.270551673e-06,0.2199187713,0.7633212687,0.01675996006,0,0
11.152,26.88239401,-0.223752597,0.4138736417,0.7737565685,0.4037254853,0.4704855109,0.8727505341,3.325643194e-06,5.914683749e-06,0.221356616,0.7616934949,0.01694988915,0,0
11.176,26.82466518,-0.2252575855,0.4148036073,0.7722259976,0.4046343209,0.4720201398,0.8718153044,3.030128694e-06,5.561549471e-06,0.2228030124,0.7600619251,0.01713506249,0,0
11.2,26.76718375,-0.226770406,0.4157321872,0.7706902868,0.4055403461,0.4735589388,0.8708768515,2.743386297e-06,5.212512221e-06,0.2242580685,0.7584264905,0.017315441,0,0
11.224,26.70994815,-0.228291171,0.416659381,0.7691493144,0.4064436284,0.4751019875,0.8699351073,2.464580231e-06,4.868425991e-06,0.2257218985,0.7567870909,0.01749101054,0,0
11.248,26.65295679,-0.2298200046,0.4175851868,0.7676029369,0.4073442372,0.4766493709,0.8689899864,2.192952284e-06,4.529761137e-06,0.2271946227,0.7551435964,0.01766178084,0,0
11.272,26.59620813,-0.2313570426,0.4185096013,0.7660509896,0.4082422432,0.4782011789,0.868041386,1.927858357e-06,4.196706225e-06,0.2286763675,0.7534958479,0.01782778462,0,0
11.296,26.5397006,-0.2329024317,0.4194326196,0.7644932873,0.4091377176,0.4797575065,0.8670891871,1.668818725e-06,3.869249007e-06,0.230167265,0.7518436584,0.01798907658,0,0
11.32,26.48343269,-0.2344563295,0.4203542348,0.7629296256,0.4100307316,0.4813184529,0.8661332544,1.415609798e-06,3.547240462e-06,0.2316674531,0.7501868144,0.01814573243,0,0
11.344,26.42740286,-0.2360189039,0.4212744381,0.7613597814,0.4109213552,0.4828841219,0.8651734375,1.168463528e-06,3.230446073e-06,0.2331770752,0.7485250769,0.0182978479,0,0
11.368,26.37160961,-0.237590333,0.4221932184,0.7597835144,0.411809657,0.4844546212,0.8642095708,9.285636599e-07,2.918588817e-06,0.23469628,0.7468581823,0.01844553773,0,0
11.392,26.31605144,-0.2391708043,0.423110562,0.7582005674,0.4126957033,0.4860300621,0.8632414749,6.994799901e-07,2.611389076e-06,0.2362252213,0.745185844,0.0185889347,0,0
11.416,26.26072687,-0.2407605147,0.4240264526,0.7566106679,0.4135795578,0.4876105598,0.8622689565,4.921103726e-07,2.30860878e-06,0.237764058,0.7435077534,0.01872818861,0,0
11.44,26.20563444,-0.2423596701,0.4249408713,0.7550135282,0.4144612806,0.4891962324,0.8612918094,3.431178832e-07,2.010112588e-06,0.2393129538,0.7418235809,0.01886346531,0,0
11.464,26.15077268,-0.2439684846,0.4258537959,0.7534088472,0.4153409278,0.4907872014,0.8603098147,3.371797731e-07,1.715973064e-06,0.240872077,0.7401329773,0.01899494566,0,0
11.488,26.09614015,-0.2455871808,0.4267652012,0.7517963107,0.4162185511,0.4923835907,0.8593227421,4.781800678e-07,1.426686166e-06,0.2424416003,0.7384355751,0.0191228246,0,0
11.512,26.04173541,-0.2472159886,0.4276750586,0.7501755924,0.4170941975,0.4939855269,0.8583303496,6.797147748e-07,1.143685437e-06,0.2440217008,0.7367309891,0.0192473101,0,0
11.536,25.98755704,-0.2488551457,0.428583336,0.7485463553,0.4179679082,0.4955931391,0.8573323849,9.021442716e-07,8.707817943e-07,0.2456125595,0.7350188183,0.01936862224,0,0
11.56,25.93360363,-0.2505048965,0.4294899977,0.7469082516,0.4188397189,0.497206558,0.8563285856,1.133575425e-06,6.190082458e-07,0.2472143613,0.7332986464,0.01948699221,0,0
11.584,25.87987379,-0.2521654921,0.4303950042,0.7452609247,0.4197096588,0.4988259166,0.8553186795,1.369970348e-06,4.251683465e-07,0.2488272951,0.7315700436,0.01960266136,0,0
11.608,25.82636613,-0.2538371899,0.4312983119,0.7436040092,0.4205777508,0.5004513491,0.8543023861,1.609774523e-06,3.873675239e-07,0.2504515528,0.7298325669,0.01971588025,0,0
11.632,25.77307926,-0.2555202529,0.4321998734,0.7419371321,0.4214440106,0.5020829914,0.8532794162,1.852374002e-06,5.3942553e-07,0.2520873302,0.7280857621,0.01982690773,0,0
11.656,25.72001184,-0.25721495,0.4330996369,0.7402599136,0.4223084468,0.5037209803,0.8522494729,2.097566394e-06,7.77448053e-07,0.253734826,0.726329164,0.01993601,0,0
11.68,25.6671625,-0.258921555,0.4339975463,0.738571968,0.4231710606,0.5053654537,0.8512122523,2.345350512e-06,1.04507326e-06,0.2553942418,0.7245622984,0.02004345974,0,0
11.704,25.6145299,-0.2606403467,0.4348935411,0.736872904,0.4240318452,0.5070165504,0.8501674438,2.595832776e-06,1.325490898e-06,0.2570657824,0.7227846824,0.02014953518,0,0
11.728,25.56211272,-0.2623716082,0.4357875562,0.7351623261,0.424890786,0.5086744095,0.8491147306,2.849181956e-06,1.61315148e-06,0.2587496549,0.7209958258,0.02025451928,0,0
11.752,25.50990963,-0.2641156268,0.4366795219,0.7334398351,0.42574786,0.5103391707,0.8480537907,3.105605974e-06,1.90595622e-06,0.2604460692,0.719195232,0.02035869884,0,0
11.776,25.45791933,-0.2658726939,0.4375693637,0.7317050283,0.4266030361,0.5120109739,0.8469842967,3.365339581e-06,2.203084596e-06,0.2621552374,0.7173823989,0.02046236371,0,0
11.8,25.40614051,-0.267643104,0.4384570023,0.7299575012,0.4274562744,0.513689959,0.8459059168,3.628637758e-06,2.504270039e-06,0.263877374,0.7155568201,0.02056580595,0,0
11.824,25.35457189,-0.2694271554,0.4393423532,0.7281968471,0.4283075266,0.5153762659,0.8448183151,3.895772321e-06,2.809517691e-06,0.2656126954,0.7137179855,0.02066931908,0,0
11.848,25.30321219,-0.2712251489,0.4402253273,0.7264226585,0.4291567356,0.5170700341,0.8437211521,4.167030386e-06,3.118980569e-06,0.2673614202,0.7118653825,0.0207731973,0,0
11.872,25.25206014,-0.2730373883,0.4411058301,0.7246345272,0.4300038354,0.5187714031,0.8426140851,4.442713997e-06,3.432900288e-06,0.2691237687,0.7099984965,0.02087773477,0,0
11.896,25.20111449,-0.2748641798,0.4419837619,0.7228320452,0.4308487512,0.5204805117,0.8414967688,4.723140509e-06,3.751576874e-06,0.2708999631,0.708116812,0.02098322491,0,0
11.92,25.15037399,-0.2767058318,0.4428590179,0.7210148049,0.4316913994,0.5221974982,0.8403688554,5.008643494e-06,4.075352863e-06,0.2726902271,0.7062198132,0.0210899597,0,0
11.944,25.09983741,-0.2785626548,0.443731488,0.7191823998,0.4325316874,0.5239225001,0.8392299952,5.299574041e-06,4.404604896e-06,0.2744947862,0.7043069848,0.02119822904,0,0
11.968,25.04950351,-0.2804349612,0.4446010566,0.717334425,0.4333695137,0.5256556544,0.8380798367,5.596302369e-06,4.739739516e-06,0.2763138671,0.7023778128,0.02130832016,0,0
11.992,24.99937108,-0.2823230649,0.4454676028,0.7154704776,0.434204768,0.5273970972,0.8369180275,5.899219725e-06,5.081191462e-06,0.2781476982,0.7004317848,0.02142051698,0,0
12.016,24.94943891,-0.2842272815,0.4463310002,0.7135901566,0.4350373311,0.5291469638,0.8357442139,6.208740536e-06,5.429423527e-06,0.2799965093,0.6984683911,0.02153509961,0,0
12.04,24.89970581,-0.2861479278,0.4471911167,0.7116930641,0.4358670751,0.5309053885,0.8345580415,6.525304828e-06,5.78492749e-06,0.2818605315,0.6964871247,0.02165234377,0,0
12.064,24.85017059,-0.288085322,0.448047815,0.7097788049,0.4366938634,0.5326725047,0.8333591556,6.849380907e-06,6.148225791e-06,0.2837399973,0.6944874823,0.02177252036,0,0
12.088,24.80083206,-0.2900397834,0.4489009518,0.7078469871,0.4375175508,0.5344484452,0.8321472012,7.181468341e-06,6.519873829e-06,0.2856351406,0.6924689645,0.02189589496,0,0
12.112,24.75168907,-0.2920116325,0.4497503785,0.705897222,0.4383379837,0.5362333414,0.830921823,7.522101245e-06,6.900462745e-06,0.2875461965,0.6904310761,0.02202272743,0,0
12.136,24.70274044,-0.2940011907,0.4505959405,0.7039291247,0.4391550001,0.5380273243,0.8296826662,7.871851919e-06,7.290622668e-06,0.2894734018,0.6883733267,0.02215327152,0,0
12.16,24.65398503,-0.2960087807,0.4514374777,0.7019423137,0.4399684296,0.5398305239,0.8284293759,8.231334865e-06,7.691026403e-06,0.2914169946,0.6862952309,0.02228777456,0,0
12.184,24.6054217,-0.298034726,0.4522748241,0.6999364117,0.4407780938,0.5416430692,0.8271615975,8.601211239e-06,8.102393543e-06,0.2933772145,0.6841963084,0.02242647709,0,0
12.208,24.55704931,-0.3000793515,0.453107808,0.6979110447,0.4415838063,0.5434650889,0.8258789768,8.982193766e-06,8.525495036e-06,0.295354303,0.6820760844,0.02256961267,0,0
12.232,24.50886674,-0.3021429831,0.4539362518,0.6958658427,0.442385373,0.5452967109,0.8245811599,9.375052193e-06,8.961158216e-06,0.297348503,0.6799340894,0.0227174076,0,0
12.256,24.46087288,-0.3042259481,0.454759972,0.6938004394,0.4431825919,0.5471380627,0.8232677933,9.780619328e-06,9.410272316e-06,0.2993600597,0.6777698595,0.02287008074,0,0
12.28,24.41306661,-0.3063285752,0.4555787791,0.6917144719,0.4439752536,0.5489892713,0.8219385235,1.019979772e-05,9.873794502e-06,0.3013892201,0.6755829365,0.02302784342,0,0
12.304,24.36544685,-0.3084511947,0.4563924778,0.6896075808,0.4447631411,0.5508504637,0.8205929973,1.063356709e-05,1.035275643e-05,0.3034362335,0.6733728673,0.02319089926,0,0
12.328,24.31801249,-0.3105941388,0.4572008667,0.6874794098,0.4455460304,0.5527217668,0.8192308613,1.108299248e-05,1.084827138e-05,0.3055013516,0.6711392042,0.02335944417,0,0
12.352,24.27076247,-0.3127577415,0.458003738,0.6853296054,0.4463236903,0.5546033077,0.8178517619,1.154923335e-05,1.136154189e-05,0.3075848291,0.6688815046,0.02353366631,0,0
12.376,24.2236957,-0.3149423395,0.4588008782,0.6831578167,0.4470958823,0.5564952139,0.8164553451,1.203355353e-05,1.189386797e-05,0.3096869232,0.6665993307,0.02371374613,0,0
12.4,24.17681113,-0.3171482719,0.4595920672,0.6809636949,0.4478623615,0.5583976134,0.8150412558,1.253733218e-05,1.244665579e-05,0.3118078948,0.6642922488,0.02389985646,0,0
12.424,24.13010769,-0.3193758809,0.4603770787,0.6787468927,0.4486228759,0.5603106352,0.8136091378,1.306207573e-05,1.302142674e-05,0.3139480081,0.6619598293,0.02409216257,0,0
12.448,24.08358435,-0.3216255123,0.4611556798,0.6765070642,0.4493771669,0.5622344095,0.8121586335,1.360943086e-05,1.361982676e-05,0.3161075314,0.6596016462,0.02429082243,0,0
12.472,24.03724006,-0.3238975156,0.4619276313,0.6742438637,0.4501249692,0.5641690679,0.8106893829,1.418119844e-05,1.424363556e-05,0.3182867373,0.6572172758,0.02449598684,0,0
12.496,23.99107378,-0.3261922446,0.462692687,0.6719569456,0.4508660112,0.5661147437,0.8092010237,1.477934825e-05,1.489477557e-05,0.3204859032,0.654806297,0.02470779972,0,0
12.52,23.9450845,-0.3285100583,0.463450594,0.6696459636,0.4516000145,0.5680715725,0.8076931903,1.540603425e-05,1.557531972e-05,0.3227053117,0.6523682899,0.02492639845,0,0
12.544,23.89927121,-0.330851321,0.4642010923,0.6673105696,0.4523266942,0.5700396922,0.8061655132,1.606360997e-05,1.628749751e-05,0.324945251,0.6499028349,0.02515191415,0,0
12.568,23.85363288,-0.3332164034,0.4649439148,0.6649504134,0.4530457588,0.5720192439,0.8046176184,1.675464314e-05,1.703369802e-05,0.3272060157,0.6474095121,0.02538447216,0,0
12.592,23.80816852,-0.3356056831,0.4656787868,0.6625651411,0.4537569105,0.5740103718,0.8030491267,1.748192855e-05,1.78164681e-05,0.3294879073,0.6448879003,0.02562419246,0,0
12.616,23.76287714,-0.338019545,0.4664054259,0.6601543948,0.4544598442,0.5760132239,0.8014596527,1.824849725e-05,1.863850346e-05,0.3317912345,0.6423375753,0.02587119018,0,0
12.64,23.71775775,-0.340458383,0.4671235419,0.6577178112,0.4551542485,0.5780279526,0.7998488039,1.905761937e-05,1.950262928e-05,0.3341163143,0.6397581095,0.02612557614,0,0
12.664,23.67280938,-0.3429226002,0.4678328361,0.6552550206,0.4558398046,0.5800547148,0.7982161797,1.991279692e-05,2.041176565e-05,0.3364634726,0.6371490699,0.02638745749,0,0
12.688,23.62803105,-0.3454126098,0.4685330011,0.6527656457,0.4565161864,0.582093673,0.7965613703,2.081774043e-05,2.136887166e-05,0.3388330446,0.6345100171,0.02665693834,0,0
12.712,23.58342181,-0.3479288369,0.4692237207,0.6502493,0.4571830605,0.5841449953,0.7948839557,2.177632168e-05,2.237685966e-05,0.341225376,0.6318405035,0.02693412051,0,0
12.736,23.53898068,-0.3504717186,0.4699046689,0.6477055871,0.4578400853,0.5862088565,0.7931835042,2.279249049e-05,2.343846831e-05,0.3436408239,0.6291400718,0.02721910425,0,0
12.76,23.49470674,-0.353041706,0.4705755099,0.6451340988,0.4584869109,0.5882854381,0.7914595713,2.387013933e-05,2.455607983e-05,0.3460797573,0.6264082536,0.02751198914,0,0
12.784,23.45059903,-0.355639265,0.4712358973,0.6425344137,0.4591231788,0.5903749298,0.7897116981,2.501289306e-05,2.573146277e-05,0.3485425584,0.6236445667,0.0278128749,0,0
12.808,23.40665662,-0.3582648778,0.4718854734,0.6399060954,0.4597485209,0.5924775293,0.7879394098,2.622379303e-05,2.696541741e-05,0.3510296234,0.6208485142,0.02812186241,0,0
12.832,23.36287858,-0.3609190445,0.4725238688,0.6372486914,0.4603625591,0.5945934437,0.7861422139,2.750483562e-05,2.82572978e-05,0.353541364,0.6180195813,0.02843905468,0,0
12.856,23.319264,-0.3636022842,0.4731507012,0.6345617304,0.4609649048,0.5967228898,0.7843195989,2.885631503e-05,2.960438316e-05,0.356078208,0.615157234,0.02876455795,0,0
12.88,23.27581196,-0.3663151371,0.4737655752,0.6318447213,0.4615551577,0.5988660952,0.7824710317,3.027591294e-05,3.10010767e-05,0.3586406009,0.6122609163,0.02909848281,0,0
12.904,23.23252154,-0.369058166,0.4743680806,0.6290971505,0.462132905,0.6010232989,0.7805959561,3.175747845e-05,3.24379249e-05,0.3612290068,0.6093300477,0.02944094549,0,0
12.928,23.18939186,-0.3718319582,0.4749577921,0.6263184803,0.4626977205,0.6031947525,0.7786937904,3.328946239e-05,3.390048462e-05,0.3638439105,0.6063640204,0.02979206907,0,0
12.952,23.14642202,-0.3746371275,0.4755342674,0.6235081463,0.4632491633,0.6053807205,0.7767639254,3.485302807e-05,3.536812496e-05,0.366485818,0.603362197,0.03015198495,0,0
12.976,23.10361113,-0.3774743162,0.4760970468,0.6206655554,0.4637867765,0.6075814821,0.7748057213,3.641998116e-05,3.681294424e-05,0.3691552587,0.6003239071,0.03052083426,0,0
13,23.06095831,-0.3803441975,0.476645651,0.6177900828,0.4643100861,0.6097973312,0.7728185055,3.795086695e-05,3.819910418e-05,0.3718527866,0.597248444,0.03089876947,0,0
13.024,23.01846268,-0.3832474778,0.4771795799,0.61488107,0.4648185989,0.6120285783,0.7708015699,3.939387181e-05,3.948300823e-05,0.3745789822,0.5941350617,0.03128595602,0,0
13.048,22.97612339,-0.3861848993,0.4776983111,0.6119378217,0.465311801,0.6142755512,0.7687541673,4.068546827e-05,4.061481645e-05,0.3773344545,0.5909829714,0.0316825741,0,0
13.072,22.93393957,-0.3891572424,0.4782012977,0.6089596028,0.4657891559,0.616538596,0.7666755086,4.175387154e-05,4.154169806e-05,0.3801198421,0.5877913373,0.03208882058,0,0
13.096,22.89191035,-0.392165329,0.4786879663,0.6059456354,0.4662501024,0.6188180786,0.7645647592,4.252603227e-05,4.221288016e-05,0.3829358162,0.5845592728,0.03250491097,0,0
13.12,22.85003491,-0.3952100253,0.479157715,0.6028950959,0.4666940519,0.6211143856,0.7624210351,4.293782861e-05,4.258594934e-05,0.3857830818,0.5812858366,0.03293108163,0,0
13.144,22.80831239,-0.398292245,0.4796099104,0.5998071109,0.4671203864,0.6234279257,0.760243399,4.294548368e-05,4.263317559e-05,0.3886623804,0.5779700275,0.03336759206,0,0
13.168,22.76674195,-0.4014129529,0.4800438852,0.5966807542,0.4675284548,0.6257591314,0.7580308559,4.253482478e-05,4.234621315e-05,0.3915744923,0.5746107803,0.03381472736,0,0
13.192,22.72532277,-0.4045731686,0.4804589352,0.5935150424,0.4679175706,0.6281084597,0.7557823486,4.17249653e-05,4.173774026e-05,0.3945202389,0.5712069601,0.03427280094,0,0
13.216,22.68405403,-0.4077739701,0.4808543157,0.5903089311,0.4682870078,0.6304763942,0.7534967523,4.056484304e-05,4.083948105e-05,0.3975004852,0.5677573574,0.03474215734,0,0
13.24,22.64293489,-0.4110164986,0.4812292376,0.5870613106,0.4686359972,0.632863446,0.7511728698,3.912389619e-05,3.969722264e-05,0.4005161428,0.5642606818,0.03522317536,0,0
13.264,22.60196457,-0.4143019623,0.4815828641,0.5837710012,0.4689637224,0.6352701559,0.7488094248,3.748024729e-05,3.836430808e-05,0.4035681724,0.5607155562,0.0357162714,0,0
13.288,22.56114223,-0.4176316418,0.4819143053,0.5804367481,0.4692693148,0.6376970957,0.7464050565,3.570997509e-05,3.689526867e-05,0.4066575872,0.5571205097,0.03622190309,0,0
13.312,22.5204671,-0.4210068947,0.4822226136,0.5770572167,0.4695518487,0.6401448699,0.743958312,3.387970215e-05,3.534081731e-05,0.4097854556,0.5534739712,0.03674057318,0,0
13.336,22.47993836,-0.4244291612,0.4825067782,0.5736309865,0.4698103355,0.6426141174,0.7414676393,3.204297818e-05,3.374471691e-05,0.4129529049,0.5497742612,0.03727283388,0,0
13.36,22.43955524,-0.4278999701,0.482765719,0.5701565455,0.4700437175,0.6451055137,0.7389313789,3.023972871e-05,3.214242777e-05,0.4161611248,0.5460195838,0.03781929145,0,0
13.384,22.39931695,-0.4314209449,0.4829982796,0.5666322839,0.4702508608,0.6476197725,0.7363477556,2.84976088e-05,3.056109855e-05,0.4194113705,0.5422080181,0.03838061134,0,0
13.408,22.3592227,-0.4349938102,0.48320322,0.5630564872,0.4704305477,0.6501576476,0.7337148683,2.683421792e-05,2.902038479e-05,0.4227049675,0.5383375088,0.03895752373,0,0
13.432,22.31927174,-0.4386203995,0.4833792084,0.5594273291,0.4705814685,0.6527199353,0.73103068,2.525946397e-05,2.753365578e-05,0.4260433146,0.5344058558,0.03955082962,0,0
13.456,22.27946329,-0.4423026622,0.4835248115,0.5557428639,0.4707022117,0.6553074762,0.7282930062,2.377769062e-05,2.610928476e-05,0.4294278889,0.5304107035,0.04016140759,0,0
13.48,22.23979659,-0.4460426721,0.4836384847,0.5520010182,0.4707912535,0.6579211573,0.7254995027,2.238941611e-05,2.475184507e-05,0.4328602497,0.5263495291,0.04079022116,0,0
13.504,22.20027088,-0.4498426363,0.4837185604,0.5481995821,0.4708469466,0.6605619147,0.722647652,2.109266767e-05,2.346313048e-05,0.4363420436,0.5222196295,0.04143832699,0,0
13.528,22.16088542,-0.4537049044,0.4837632352,0.5443361997,0.4708675068,0.6632307351,0.7197347478,1.988396005e-05,2.224297871e-05,0.4398750084,0.5180181077,0.04210688386,0,0
13.552,22.12163946,-0.4576319787,0.4837705559,0.5404083592,0.4708509988,0.6659286589,0.7167578795,1.875898772e-05,2.108991001e-05,0.443460979,0.5137418582,0.04279716276,0,0
13.576,22.08253226,-0.4616265252,0.4837384032,0.5364133819,0.4707953202,0.6686567816,0.7137139131,1.771309913e-05,2.000160742e-05,0.4471018919,0.5093875502,0.04351055798,0,0
13.6,22.04356309,-0.4656913851,0.4836644743,0.5323484105,0.4706981832,0.6714162568,0.7105994722,1.674161133e-05,1.897526885e-05,0.4507997902,0.5049516103,0.04424859953,0,0
13.624,22.00473121,-0.4698295874,0.4835462626,0.5282103971,0.4705570948,0.6742082982,0.7074109153,1.584001069e-05,1.800785949e-05,0.4545568296,0.5004302035,0.04501296697,0,0
13.648,21.9660359,-0.4740443622,0.4833810354,0.5239960894,0.4703693338,0.6770341814,0.7041443118,1.500407411e-05,1.709628871e-05,0.4583752829,0.4958192122,0.04580550486,0,0
13.672,21.92747645,-0.478339155,0.4831658087,0.5197020166,0.4701319256,0.6798952463,0.7007954149,1.422993552e-05,1.623753105e-05,0.4622575461,0.4911142138,0.04662824014,0,0
13.696,21.88905213,-0.4827176426,0.4828973184,0.5153244742,0.4698416135,0.6827928987,0.6973596314,1.351411504e-05,1.542870664e-05,0.4662061428,0.4863104557,0.04748340152,0,0
13.72,21.85076224,-0.4871837487,0.4825719889,0.5108595076,0.4694948266,0.6857286121,0.6938319888,1.285352282e-05,1.466713227e-05,0.4702237297,0.4814028289,0.04837344143,0,0
13.744,21.81260608,-0.4917416623,0.4821858963,0.5063028945,0.4690876431,0.6887039284,0.6902070979,1.224544562e-05,1.395035191e-05,0.4743131012,0.4763858381,0.04930106069,0,0
13.768,21.77458295,-0.4963958558,0.4817347272,0.5016501269,0.4686157493,0.6917204588,0.6864791113,1.168752109e-05,1.327615263e-05,0.4784771932,0.4712535704,0.05026923635,0,0
13.792,21.73669214,-0.5011511052,0.4812137326,0.4968963906,0.4680743923,0.6947798836,0.6826416774,1.117770338e-05,1.264257033e-05,0.4827190868,0.4659996599,0.0512812533,0,0
13.816,21.69893298,-0.5060125107,0.4806176746,0.4920365451,0.4674583274,0.6978839518,0.6786878882,1.071422181e-05,1.204788823e-05,0.4870420102,0.4606172497,0.05234074003,0,0
13.84,21.66130477,-0.5109855194,0.4799407656,0.4870651014,0.466761757,0.7010344782,0.6746102214,1.029553426e-05,1.149063011e-05,0.4914493397,0.4550989509,0.05345170935,0,0
13.864,21.62380684,-0.516075948,0.4791766002,0.4819761989,0.4659782618,0.7042333409,0.6704004749,9.920276393e-06,1.09695493e-05,0.4959445985,0.4494367968,0.0546186047,0,0
13.888,21.58643851,-0.5212900069,0.4783180756,0.4767635818,0.4651007213,0.7074824752,0.6660496933,9.587207975e-06,1.048361412e-05,0.5005314528,0.4436221941,0.05584635309,0,0
13.912,21.54919911,-0.5266343248,0.4773573014,0.4714205751,0.4641212238,0.7107838667,0.6615480852,9.295158225e-06,1.003198968e-05,0.5052137053,0.4376458691,0.05714042557,0,0
13.936,21.51208797,-0.5321159734,0.476285496,0.4659400592,0.4630309618,0.7141395402,0.6568849293,9.042972263e-06,9.614015878e-06,0.509995283,0.4314978104,0.05850690659,0,0
13.96,21.47510444,-0.5377424927,0.4750928668,0.4603144464,0.4618201122,0.7175515456,0.6520484688,8.82946152e-06,9.229181199e-06,0.5148802206,0.4251672057,0.05995257365,0,0
13.984,21.43824785,-0.5435219134,0.4737684725,0.4545356574,0.4604776989,0.7210219386,0.6470257916,8.653361096e-06,8.877091901e-06,0.519872636,0.4186423751,0.06148498893,0,0
14.008,21.40151756,-0.5494627797,0.4723000636,0.4485950998,0.4589914322,0.7245527561,0.6418026943,8.513296951e-06,8.557436295e-06,0.5249766965,0.4119106985,0.06311260506,0,0
14.032,21.36491291,-0.5555741665,0.4706738981,0.4424836511,0.4573475248,0.7281459832,0.6363635281,8.407765227e-06,8.269944324e-06,0.5301965729,0.4049585399,0.06484488715,0,0
14.056,21.32843327,-0.5618656924,0.4688745271,0.4361916457,0.4555304767,0.7318035108,0.6306910235,8.335124917e-06,8.014343144e-06,0.5355363785,0.3977711671,0.06669245433,0,0
14.08,21.29207798,-0.5683475245,0.4668845457,0.4297088718,0.4535228264,0.7355270815,0.6247660911,8.293603758e-06,7.790310196e-06,0.5410000877,0.3903326686,0.06866724362,0,0
14.104,21.25584643,-0.5750303716,0.4646843028,0.4230245779,0.4513048595,0.7393182194,0.6185675951,8.281315807e-06,7.597426065e-06,0.5465914296,0.3826258698,0.0707827006,0,0
14.128,21.21973797,-0.5819254604,0.4622515625,0.4161274976,0.4488542703,0.7431781405,0.6120720956,8.296288014e-06,7.435130105e-06,0.5523137486,0.3746322503,0.07305400111,0,0
14.152,21.18375198,-0.5890444905,0.4595611077,0.409005896,0.4461457652,0.7471076385,0.6052535557,8.336492357e-06,7.302682211e-06,0.5581698235,0.3663318668,0.07549830968,0,0
14.176,21.14788784,-0.5963995561,0.456584277,0.4016476483,0.4431505985,0.7511069381,0.5980830096,8.39987999e-06,7.199133998e-06,0.5641616326,0.3577032864,0.07813508101,0,0
14.2,21.11214493,-0.6040030263,0.4532884213,0.3940403616,0.4398360293,0.7551755085,0.5905281867,8.48441415e-06,7.123311937e-06,0.5702900487,0.3487235393,0.08098641196,0,0
14.224,21.07652264,-0.6118673662,0.4496362664,0.386171555,0.4361646838,0.7593118239,0.5825530888,8.588099295e-06,7.073813744e-06,0.576554446,0.3393681013,0.08407745263,0,0
14.248,21.04102035,-0.6200048787,0.4455851667,0.3780289197,0.4320938083,0.7635130584,0.574117517,8.709004806e-06,7.049017684e-06,0.5829521904,0.3296109234,0.08743688622,0,0
14.272,21.00563747,-0.6284273386,0.441086229,0.3696006868,0.4275743936,0.7677746944,0.5651765474,8.845282434e-06,7.047102839e-06,0.5894779814,0.3194245298,0.09109748876,0,0
14.296,20.97037339,-0.6371454829,0.4360832885,0.3608761408,0.4225501505,0.7720900213,0.5556799606,8.995177386e-06,7.066077062e-06,0.596123001,0.3087802187,0.09509678029,0,0
14.32,20.93522751,-0.6461683044,0.4305117133,0.351846328,0.4169563152,0.7764494915,0.5455716335,9.157033482e-06,7.103808561e-06,0.6028738129,0.2976484074,0.09947777974,0,0
14.344,20.90019925,-0.6555020827,0.4242970162,0.3425050303,0.4107182621,0.7808398929,0.5347889178,9.32929308e-06,7.158056934e-06,0.6097109384,0.2859991866,0.104289875,0,0
14.368,20.865288,-0.6651490618,0.4173532544,0.3328500917,0.4037499054,0.7852432829,0.5232620469,9.51049265e-06,7.226499885e-06,0.6166070135,0.2738031697,0.1095898167,0,0
14.392,20.83049319,-0.6751056524,0.4095812046,0.3228852221,0.395951877,0.7896356154,0.5109136478,9.699254822e-06,7.306752574e-06,0.6235244051,0.2610327556,0.1154428393,0,0
14.416,20.79581423,-0.6853599974,0.400866315,0.3126224372,0.3872094831,0.7939849675,0.4976584894,9.89427767e-06,7.396377434e-06,0.6304121287,0.2476639721,0.1219238992,0,0
14.44,20.76125055,-0.6958886893,0.3910764659,0.3020853489,0.3773904723,0.7982492531,0.4834036891,1.009432185e-05,7.492882968e-06,0.6372018702,0.2336791267,0.1291190032,0,0
14.464,20.72680158,-0.7066523576,0.3800596167,0.2913135852,0.3663426919,0.8023732714,0.4680497546,1.029819606e-05,7.59371053e-06,0.6438028668,0.2190705729,0.1371265603,0,0
14.488,20.69246673,-0.7175897696,0.3676415014,0.2803686965,0.3538917984,0.8062849069,0.4514930907,1.050474114e-05,7.696208173e-06,0.6500953511,0.203846011,0.1460586379,0,0
14.512,20.65824545,-0.7286099917,0.3536236686,0.2693420009,0.3398393177,0.8098902512,0.4336310359,1.07128131e-05,7.797590404e-06,0.6559222192,0.1880358753,0.1560419055,0,0
14.536,20.62413718,-0.7395820655,0.3377823766,0.2583649107,0.3239615678,0.8130673807,0.41437124,1.092126513e-05,7.894881996e-06,0.6610785656,0.1717035246,0.1672179098,0,0
14.56,20.59014135,-0.7503215821,0.3198691868,0.2476223536,0.3060102893,0.8156584906,0.3936484817,1.112892892e-05,7.984842878e-06,0.6652987733,0.1549591272,0.1797420995,0,0
14.584,20.55625741,-0.7605735435,0.2996145942,0.2373698958,0.2857163218,0.8174601031,0.3714542824,1.133459576e-05,8.063869485e-06,0.6682410202,0.137978284,0.1937806958,0,0
14.608,20.5224848,-0.7699910792,0.276736748,0.2279549874,0.2627983812,0.8182111523,0.3478885819,1.15369981e-05,8.12786553e-06,0.6694694899,0.1210264655,0.2095040446,0,0
14.632,20.48882299,-0.7781101305,0.2509582721,0.2198422106,0.2369799407,0.8175790051,0.323249269,1.17347937e-05,8.172071751e-06,0.6684354297,0.10449009,0.2270744804,0,0
14.656,20.45527142,-0.7843214045,0.2220353524,0.2136412105,0.2080183698,0.8151440138,0.298184857,1.192655591e-05,8.190839226e-06,0.6644597634,0.08891420903,0.2466260276,0,0
14.68,20.42182956,-0.7878431777,0.1898043576,0.2101337177,0.1757515748,0.8103842094,0.2739430513,1.211077779e-05,8.177323643e-06,0.656722567,0.07504479542,0.2682326376,0,0
14.704,20.38849687,-0.7877023838,0.1542516636,0.2102922254,0.1401677672,0.8026634544,0.2527247971,1.228590468e-05,8.123067513e-06,0.6442686212,0.06386982312,0.2918615556,0,0
14.728,20.35527281,-0.7827371569,0.1156106953,0.2152771674,0.1015023099,0.7912289743,0.2380062557,1.245042498e-05,8.01742279e-06,0.6260432899,0.05664697779,0.3173097323,0,0
14.752,20.32215686,-0.7716410332,0.07448423868,0.2263924721,0.06035962316,0.7752275704,0.2343007374,1.26030785e-05,7.846748592e-06,0.600977786,0.0548968356,0.3441253784,0,0
14.776,20.28914848,-0.7530745564,0.03197701892,0.2449738963,0.01784510768,0.753753154,0.2456229992,1.274330521e-05,7.593306404e-06,0.5681438174,0.06033065778,0.3715255248,0,0
14.8,20.25624716,-0.7258676686,-0.01019799717,0.2721869878,-0.02432938606,0.7259393028,0.2732721635,1.287219527e-05,7.233812124e-06,0.5269878716,0.07467767539,0.398334453,0,0
14.824,20.22345237,-0.6893160054,-0.04970170008,0.308731773,-0.06382838322,0.6911055015,0.3152607971,1.299451411e-05,6.73788336e-06,0.4776268144,0.09938937022,0.4229838154,0,0
14.848,20.1907636,-0.6435281701,-0.08371524105,0.354497091,-0.09783928626,0.6489504968,0.3677508851,1.312311768e-05,6.068038248e-06,0.4211367475,0.1352407135,0.443622539,0,0
14.872,20.15818034,-0.5897170482,-0.1093018212,0.408271026,-0.1234330838,0.5997608566,0.4265219301,1.32889084e-05,5.190200996e-06,0.3597130853,0.1819209569,0.4583659579,0,0
14.896,20.12570207,-0.5302837353,-0.1239519262,0.4676578797,-0.1381072398,0.5445777446,0.4876243453,1.356422146e-05,4.14667836e-06,0.2965649201,0.2377775021,0.4656575778,0,0
14.92,20.09332828,-0.4685743736,-0.1261612714,0.5293204342,-0.1403608552,0.4852613832,0.5476141814,1.41201505e-05,3.488931667e-06,0.2354786102,0.2998812917,0.4646400981,0,0
14.944,20.06105849,-0.4083215939,-0.1158155285,0.5895357771,-0.1300776886,0.4244287463,0.6037156926,1.537252489e-05,5.117085817e-06,0.1801397609,0.3644726376,0.4553876015,0,0
14.968,20.02889217,-0.3529490736,-0.09420724975,0.6448874383,-0.1085435878,0.3653054263,0.6539583462,1.837082703e-05,1.043124454e-05,0.1334480548,0.4276615187,0.4388904265,0,0
14.992,19.99682884,-0.3049969261,-0.06368027559,0.6928378756,-0.07809337268,0.3115739117,0.6972251406,2.60110937e-05,2.183135429e-05,0.09707830311,0.4861228972,0.4167987997,0,0
15.016,19.96486801,-0.2658519141,-0.0270687113,0.7319982235,-0.04155281235,0.2672264122,0.7331766741,4.926750103e-05,5.163554552e-05,0.0714099578,0.5375480381,0.3910420041,0,0
15.04,19.93300918,-0.2358026108,0.01284623916,0.7620747368,-0.001697517069,0.2361522753,0.7620766274,0.0002252613378,0.0002138286442,0.05576794786,0.5807608318,0.3634712204,0,0
15.064,19.90125186,-0.2143074089,0.05370820718,0.7836028672,0.03911842959,0.2209349158,0.78457868,0.0001349296378,0.0001345325039,0.04881225524,0.6155637231,0.3356240216,0,0
15.088,19.86959557,-0.2003279251,0.09374866609,0.7976154772,0.07912605287,0.2211788642,0.8015306492,6.399938937e-05,7.20625601e-05,0.04892009404,0.6424513869,0.3086285191,0,0
15.112,19.83803984,-0.1926207918,0.1317863049,0.8053518606,0.1171419008,0.2333889448,0.8138266672,4.705421124e-05,5.389202128e-05,0.05447040179,0.6623138471,0.2832157511,0,0
15.136,19.80658417,-0.1899423163,0.1671349018,0.808053222,0.1524768981,0.2530062429,0.8223133308,3.980456272e-05,4.555219263e-05,0.06401216054,0.6761992161,0.2597886234,0,0
15.16,19.7752281,-0.1911659345,0.1994804333,0.8068449793,0.184814142,0.2762912553,0.8277409545,3.595995654e-05,4.090086275e-05,0.07633685906,0.6851550894,0.2385080515,0,0
15.184,19.74397115,-0.1953332823,0.228764241,0.8026853179,0.2140924475,0.3008125149,0.8307462282,3.368903803e-05,3.802571565e-05,0.09048817027,0.6901392971,0.2193725326,0,0
15.208,19.71281286,-0.2016630946,0.2550882954,0.7963559357,0.2404117565,0.3251738645,0.8318537064,3.226866397e-05,3.614151755e-05,0.1057380432,0.6919805902,0.2022813666,0,0
15.232,19.68175276,-0.2095374558,0.2786456321,0.7884755136,0.2639635808,0.34863926,0.8314868655,3.135794183e-05,3.486708592e-05,0.1215493346,0.6913704087,0.1870802567,0,0
15.256,19.65079038,-0.2184784525,0.2996728658,0.7795228707,0.284983455,0.3708593544,0.8299828164,3.077606844e-05,3.399522872e-05,0.1375366617,0.6888714766,0.1735918617,0,0
15.28,19.61992526,-0.2281228149,0.3184197443,0.7698622026,0.3037204049,0.3917028877,0.8276073316,3.0418661e-05,3.340372457e-05,0.1534311531,0.6849338964,0.1616349504,0,0
15.304,19.58915695,-0.2381983701,0.3351308522,0.75976656,0.3204185687,0.4111583048,0.8245685446,3.022145833e-05,3.301585984e-05,0.1690511525,0.6799132859,0.1510355617,0,0
15.328,19.55848499,-0.2485038578,0.350035504,0.7494380003,0.335307017,0.4292773246,0.8210286913,3.014285282e-05,3.278108117e-05,0.1842790223,0.674088113,0.1416328646,0,0
15.352,19.52790894,-0.2588924221,0.3633429038,0.7390240844,0.3485948551,0.4461427484,0.817113805,3.015478625e-05,3.266474181e-05,0.1990433529,0.6676749714,0.1332816757,0,0
15.376,19.49742833,-0.2692585068,0.3752405428,0.7286309818,0.3604695766,0.4618502013,0.8129215358,3.023769368e-05,3.264231892e-05,0.2133056094,0.6608414244,0.1258529662,0,0
15.4,19.46704273,-0.2795276545,0.3858944878,0.7183336787,0.371097319,0.4764979174,0.8085273614,3.037754571e-05,3.269598219e-05,0.2270502662,0.6537164953,0.1192332385,0,0
15.424,19.43675169,-0.2896486687,0.3954506925,0.7081838251,0.3806241522,0.4901811925,0.8039894746,3.056404178e-05,3.281246946e-05,0.2402776024,0.6463990764,0.1133233212,0,0
15.448,19.40655476,-0.2995876479,0.4040367946,0.6982157115,0.3891778585,0.5029895527,0.7993526039,3.078946521e-05,3.298172336e-05,0.2529984911,0.6389645864,0.1080369224,0,0
15.472,19.37645153,-0.309323469,0.4117640751,0.6884507946,0.396869881,0.515005497,0.794650992,3.104793431e-05,3.319598893e-05,0.2652306629,0.6314702001,0.1032991369,0,0
15.496,19.34644153,-0.3188443862,0.418729394,0.6789011074,0.4037972518,0.5263041402,0.7899107128,3.133489896e-05,3.344920009e-05,0.276996049,0.6239589353,0.09904501571,0,0
15.52,19.31652436,-0.328145476,0.4250170061,0.6695718219,0.4100444022,0.5369533582,0.7851514736,3.164679392e-05,3.373655262e-05,0.2883189099,0.6164628376,0.09521825254,0,0
15.544,19.28669956,-0.3372267225,0.4307002079,0.6604631693,0.4156848074,0.5470141967,0.780388017,3.198079496e-05,3.405420069e-05,0.2992245325,0.6090054582,0.0917700093,0,0
15.568,19.25696673,-0.3460915878,0.4358428031,0.6515718757,0.4207824491,0.5565414056,0.775631213,3.233464404e-05,3.439903713e-05,0.3097383372,0.6016037798,0.08865788297,0,0
15.592,19.22732542,-0.354745945,0.4405003881,0.6428922328,0.4253931003,0.5655840145,0.7708889108,3.270652172e-05,3.476853175e-05,0.3198852785,0.5942697139,0.08584500759,0,0
15.616,19.19777523,-0.3631972854,0.4447214691,0.6344168944,0.4295654422,0.5741859047,0.7661666039,3.309495282e-05,3.51606105e-05,0.3296894543,0.5870112662,0.08329927948,0,0
15.64,19.16831573,-0.3714541311,0.4485484285,0.626137466,0.43334203,0.5823863531,0.7614679516,3.349873548e-05,3.557356399e-05,0.3391738654,0.5798334425,0.08099269207,0,0
15.664,19.1389465,-0.3795256026,0.4520183559,0.61804494,0.4367601241,0.5902205326,0.7567951862,3.391688726e-05,3.600597731e-05,0.3483602783,0.5727389552,0.07890076651,0,0
15.688,19.10966713,-0.3874211016,0.455163762,0.6101300145,0.4398524042,0.597719968,0.7521494346,3.434860368e-05,3.645667562e-05,0.3572691614,0.5657287734,0.07700206528,0,0
15.712,19.08047721,-0.3951500811,0.4580131914,0.6023833235,0.4426475823,0.6049129442,0.7475309696,3.479322601e-05,3.692468158e-05,0.3659196713,0.5588025519,0.0752777768,0,0
15.736,19.05137633,-0.402721881,0.4605917475,0.5947956038,0.4451709277,0.6118248698,0.7429394088,3.525021597e-05,3.740918155e-05,0.3743296725,0.5519589666,0.07371136095,0,0
15.76,19.02236409,-0.4101456122,0.462921543,0.5873578102,0.4474447181,0.6184785996,0.7383738707,3.571913578e-05,3.790949878e-05,0.3825157795,0.5451959744,0.07228824612,0,0
15.784,18.99344007,-0.4174300773,0.4650220866,0.5800611965,0.4494886259,0.6248947195,0.7338330985,3.619963215e-05,3.842507171e-05,0.3904934118,0.5385110179,0.07099557024,0,0
15.808,18.96460387,-0.4245837183,0.4669106153,0.5728973672,0.4513200507,0.6310917972,0.7293155569,3.669142349e-05,3.895543643e-05,0.3982768579,0.531901183,0.0698219591,0,0
15.832,18.9358551,-0.4316145847,0.4686023798,0.5658583102,0.4529544055,0.6370866033,0.7248195091,3.719428959e-05,3.95002124e-05,0.4058793415,0.5253633223,0.06875733618,0,0
15.856,18.90719337,-0.4385303162,0.4701108917,0.5589364142,0.4544053628,0.642894306,0.7203430772,3.770806319e-05,4.005909063e-05,0.4133130902,0.5188941504,0.06779275942,0,0
15.88,18.87861826,-0.4453381363,0.4714481356,0.5521244747,0.4556850673,0.6485286425,0.7158842896,3.823262309e-05,4.063182401e-05,0.4205894016,0.5124903178,0.06692028063,0,0
15.904,18.8501294,-0.4520448537,0.4726247533,0.5454156932,0.4568043201,0.6540020697,0.7114411186,3.876788862e-05,4.121821919e-05,0.4277187087,0.5061484669,0.06613282441,0,0
15.928,18.82172639,-0.4586568693,0.4736502039,0.5388036698,0.4577727376,0.6593258977,0.707011509,3.931381496e-05,4.181812987e-05,0.434710641,0.4998652756,0.06542408344,0,0
15.952,18.79340885,-0.4651801871,0.4745329016,0.5322823926,0.4585988903,0.6645104071,0.7025934014,3.987038941e-05,4.243145109e-05,0.4415740827,0.4936374894,0.06478842787,0,0
15.976,18.76517639,-0.4716204273,0.4752803367,0.525846224,0.459290423,0.6695649527,0.6981847491,4.043762826e-05,4.305811447e-05,0.4483172275,0.4874619458,0.06422082667,0,0
16,18.73702863,-0.4779828414,0.4758991814,0.519489886,0.4598541594,0.674498056,0.6937835323,4.101557432e-05,4.369808421e-05,0.4549476292,0.4813355915,0.0637167793,0,0
16.024,18.70896518,-0.4842723283,0.4763953807,0.513208444,0.4602961944,0.6793174859,0.6893877672,4.160429483e-05,4.435135361e-05,0.4614722484,0.4752554955,0.06327225608,0,0
16.048,18.68098567,-0.4904934503,0.4767742341,0.5069972903,0.4606219736,0.684030332,0.6849955145,4.220387984e-05,4.501794221e-05,0.4678974969,0.4692188569,0.06288364616,0,0
16.072,18.65308972,-0.4966504497,0.477040466,0.5008521283,0.460836364,0.6886430682,0.6806048845,4.281444098e-05,4.569789326e-05,0.4742292772,0.4632230109,0.06254771192,0,0
16.096,18.62527696,-0.5027472646,0.477198288,0.4947689558,0.4609437159,0.6931616104,0.6762140407,4.343611044e-05,4.639127171e-05,0.48047302,0.457265431,0.062261549,0,0
16.12,18.59754702,-0.5087875448,0.4772514541,0.4887440497,0.4609479173,0.6975913676,0.6718212028,4.406904035e-05,4.709816233e-05,0.4866337181,0.4513437307,0.06202255112,0,0
16.144,18.56989953,-0.5147746671,0.4772033091,0.4827739509,0.4608524416,0.7019372879,0.6674246478,4.471340234e-05,4.78186683e-05,0.4927159582,0.4454556628,0.061828379,0,0
16.168,18.54233412,-0.5207117494,0.4770568322,0.4768554497,0.4606603907,0.7062038991,0.6630227111,4.536938738e-05,4.85529099e-05,0.4987239492,0.4395991178,0.06167693294,0,0
16.192,18.51485042,-0.526601665,0.4768146746,0.4709855724,0.4603745323,0.7103953459,0.6586137862,4.603720586e-05,4.930102355e-05,0.5046615496,0.4337721218,0.06156632852,0,0
16.216,18.48744808,-0.5324470555,0.4764791942,0.4651615681,0.4599973333,0.7145154228,0.6541963245,4.671708788e-05,5.006316094e-05,0.5105322916,0.4279728335,0.06149487493,0,0
16.24,18.46012672,-0.5382503435,0.4760524854,0.4593808962,0.4595309897,0.7185676038,0.6497688345,4.740928377e-05,5.08394885e-05,0.5163394035,0.4221995408,0.0614610557,0,0
16.264,18.43288601,-0.5440137447,0.475536407,0.4536412155,0.458977453,0.7225550697,0.6453298806,4.811406492e-05,5.163018691e-05,0.5220858311,0.4164506574,0.06146351148,0,0
16.288,18.40572556,-0.5497392784,0.4749326059,0.4479403725,0.4583384542,0.7264807323,0.6408780819,4.883172477e-05,5.243545094e-05,0.5277742568,0.4107247187,0.06150102454,0,0
16.312,18.37864505,-0.5554287792,0.4742425392,0.4422763921,0.4576155242,0.7303472563,0.636412111,4.956258011e-05,5.32554894e-05,0.5334071172,0.4050203779,0.06157250489,0,0
16.336,18.3516441,-0.5610839063,0.4734674937,0.4366474671,0.4568100139,0.7341570796,0.6319306919,5.030697274e-05,5.409052537e-05,0.53898662,0.3993364023,0.06167697772,0,0
16.36,18.32472237,-0.5667061532,0.4726086038,0.4310519499,0.4559231101,0.7379124315,0.6274325987,5.106527139e-05,5.494079658e-05,0.5445147591,0.3936716689,0.06181357198,0,0
16.384,18.29787952,-0.5722968571,0.4716668673,0.4254883438,0.4549558517,0.7416153493,0.6229166539,5.183787403e-05,5.58065561e-05,0.5499933291,0.3880251609,0.06198151009,0,0
16.408,18.27111519,-0.5778572071,0.4706431597,0.4199552949,0.4539091432,0.7452676939,0.6183817268,5.262521061e-05,5.668807331e-05,0.5554239383,0.3823959632,0.06218009848,0,0
16.432,18.24442904,-0.5833882525,0.4695382473,0.4144515851,0.452783767,0.7488711631,0.6138267313,5.342774631e-05,5.758563515e-05,0.5608080217,0.3767832594,0.06240871892,0,0
16.456,18.21782073,-0.5888909109,0.4683527991,0.4089761247,0.451580395,0.752427305,0.6092506247,5.424598526e-05,5.849954773e-05,0.5661468523,0.3711863271,0.06266682063,0,0
16.48,18.19128993,-0.594365975,0.4670873972,0.4035279461,0.4502995984,0.7559375297,0.6046524057,5.5080475e-05,5.943013838e-05,0.5714415519,0.3656045352,0.06295391291,0,0
16.504,18.16483628,-0.5998141205,0.4657425465,0.3981061977,0.4489418575,0.7594031201,0.6000311126,5.593181157e-05,6.037775819e-05,0.5766931019,0.3600373397,0.06326955838,0,0
16.528,18.13845946,-0.6052359123,0.4643186837,0.3927101376,0.4475075694,0.7628252418,0.5953858218,5.680064558e-05,6.134278503e-05,0.5819023528,0.3544842806,0.06361336663,0,0
16.552,18.11215913,-0.6106318114,0.4628161848,0.3873391285,0.4459970561,0.7662049529,0.5907156461,5.768768909e-05,6.232562726e-05,0.5870700333,0.3489449784,0.06398498836,0,0
16.576,18.08593497,-0.616002181,0.4612353723,0.3819926322,0.4444105713,0.7695432124,0.5860197325,5.859372389e-05,6.332672825e-05,0.5921967592,0.3434191309,0.06438410988,0,0
16.6,18.05978663,-0.6213472931,0.459576522,0.3766702051,0.4427483064,0.772840888,0.5812972614,5.951961094e-05,6.434657161e-05,0.5972830418,0.3379065103,0.06481044793,0,0
16.624,18.03371379,-0.6266673338,0.457839868,0.3713714927,0.4410103964,0.7760987643,0.5765474441,6.046630153e-05,6.53856876e-05,0.6023292956,0.3324069596,0.06526374479,0,0
16.648,18.00771612,-0.6319624093,0.4560256085,0.3660962259,0.4391969251,0.7793175492,0.5717695214,6.143485034e-05,6.644466063e-05,0.6073358462,0.3269203901,0.06574376375,0,0
16.672,17.98179331,-0.637232552,0.4541339098,0.3608442159,0.4373079297,0.7824978807,0.566962762,6.242643068e-05,6.752413816e-05,0.6123029372,0.3214467781,0.06625028471,0,0
16.696,17.95594502,-0.6424777249,0.4521649106,0.3556153508,0.4353434046,0.7856403334,0.5621264606,6.344235246e-05,6.862484124e-05,0.6172307374,0.3159861624,0.06678310015,0,0
16.72,17.93017093,-0.6476978281,0.4501187253,0.350409591,0.4333033059,0.7887454237,0.5572599361,6.448408333e-05,6.974757686e-05,0.6221193475,0.3105386413,0.06734201119,0,0
16.744,17.90447074,-0.6528927031,0.4479954468,0.3452269656,0.4311875541,0.7918136158,0.55236253,6.555327352e-05,7.089325254e-05,0.6269688064,0.3051043696,0.06792682397,0,0
16.768,17.87884411,-0.6580621385,0.445795149,0.3400675686,0.4289960372,0.7948453265,0.5474336043,6.665178532e-05,7.206289339e-05,0.6317790975,0.2996835563,0.06853734619,0,0
16.792,17.85329073,-0.6632058748,0.4435178888,0.334931555,0.4267286136,0.7978409303,0.5424725396,6.778172788e-05,7.325766206e-05,0.6365501546,0.2942764616,0.06917338381,0,0
16.816,17.8278103,-0.6683236091,0.4411637072,0.3298191379,0.4243851139,0.8008007636,0.5374787332,6.894549855e-05,7.447888211e-05,0.6412818678,0.2888833942,0.06983473808,0,0
16.84,17.80240249,-0.6734150004,0.4387326305,0.324730584,0.421965343,0.8037251295,0.5324515968,7.01458321e-05,7.572806506e-05,0.6459740887,0.2835047087,0.07052120263,0,0
16.864,17.77706701,-0.6784796742,0.4362246703,0.3196662112,0.4194690815,0.8066143014,0.5273905544,7.138585931e-05,7.700694182e-05,0.6506266363,0.2781408028,0.07123256086,0,0
16.888,17.75180353,-0.6835172268,0.4336398238,0.3146263843,0.4168960868,0.809468527,0.52229504,7.266917711e-05,7.83174989e-05,0.6552393014,0.272792115,0.07196858358,0,0
16.912,17.72661175,-0.6885272306,0.4309780731,0.3096115121,0.4142460937,0.8122880319,0.5171644948,7.399993247e-05,7.966201982e-05,0.6598118522,0.267459121,0.07272902681,0,0
16.936,17.70149138,-0.6935092377,0.4282393838,0.3046220443,0.4115188153,0.8150730229,0.5119983645,7.538292305e-05,8.104313201e-05,0.6643440383,0.2621423318,0.07351362992,0,0
16.96,17.6764421,-0.6984627852,0.4254237034,0.2996584674,0.4087139422,0.8178236911,0.5067960967,7.682371808e-05,8.246385933e-05,0.6688355956,0.2568422904,0.07432211403,0,0
16.984,17.65146361,-0.7033873987,0.422530959,0.2947213023,0.4058311425,0.8205402147,0.5015571376,7.832880361e-05,8.392767939e-05,0.67328625,0.2515595693,0.07515418068,0,0
17.008,17.62655562,-0.708282597,0.4195610544,0.2898111006,0.4028700607,0.8232227618,0.4962809283,7.990575679e-05,8.543858436e-05,0.6776957219,0.2462947671,0.07600951097,0,0
17.032,17.60171783,-0.7131478959,0.4165138665,0.2849284412,0.3998303163,0.8258714926,0.4909669016,8.156345443e-05,8.700114185e-05,0.682063729,0.241048506,0.07688776494,0,0
17.056,17.57694993,-0.717982812,0.4133892411,0.2800739275,0.3967115021,0.8284865617,0.4856144775,8.331232118e-05,8.862054954e-05,0.6863899899,0.2358214286,0.07778858147,0,0
17.08,17.55225164,-0.7227868666,0.4101869879,0.2752481836,0.3935131812,0.8310681197,0.480223059,8.516462124e-05,9.030267238e-05,0.6906742268,0.2306141945,0.07871157869,0,0
17.104,17.52762266,-0.7275595889,0.4069068747,0.270451852,0.3902348842,0.8336163146,0.4747920272,8.713479474e-05,9.205404252e-05,0.6949161676,0.2254274776,0.07965635484,0,0
17.128,17.5030627,-0.7323005194,0.4035486209,0.2656855895,0.3868761052,0.8361312936,0.469320736,8.923983135e-05,9.388178767e-05,0.6991155482,0.220261962,0.08062248984,0,0
17.152,17.47857148,-0.7370092131,0.4001118898,0.2609500646,0.3834362973,0.8386132032,0.4638085061,9.149965667e-05,9.579342936e-05,0.7032721129,0.2151183395,0.08160954755,0,0
17.176,17.4541487,-0.7416852415,0.3965962804,0.2562459547,0.3799148674,0.8410621898,0.4582546189,9.393747062e-05,9.779645081e-05,0.7073856159,0.2099973053,0.08261707876,0,0
17.2,17.42979407,-0.7463281953,0.3930013177,0.2515739425,0.3763111693,0.8434783997,0.452658309,9.657990419e-05,9.989746329e-05,0.7114558201,0.2048995547,0.08364462519,0,0
17.224,17.40550732,-0.7509376859,0.389326442,0.2469347142,0.3726244968,0.8458619784,0.4470187565,9.945671428e-05,0.0001021006787,0.7154824965,0.1998257791,0.08469172444,0,0
17.248,17.38128815,-0.755513347,0.3855709967,0.2423289559,0.3688540748,0.8482130694,0.4413350783,0.0001025994438,0.0001044051898,0.7194654216,0.1947766622,0.08575791618,0,0
17.272,17.35713629,-0.7600548348,0.3817342154,0.237757352,0.3649990496,0.8505318119,0.4356063184,0.0001060378918,0.0001068002142,0.7234043743,0.189752876,0.08684274967,0,0
17.296,17.33305146,-0.7645618278,0.3778152063,0.2332205829,0.3610584776,0.8528183386,0.4298314374,0.0001097920901,0.0001092568949,0.7272991307,0.1847550765,0.08794579287,0,0
17.32,17.30903337,-0.769034026,0.3738129362,0.2287193236,0.357031312,0.8550727715,0.4240093003,0.0001138552685,0.0001117143965,0.7311494575,0.1797838992,0.08906664331,0,0
17.344,17.28508176,-0.7734711489,0.3697262116,0.224254242,0.3529163884,0.8572952174,0.4181386639,0.0001181592825,0.0001140569454,0.7349551037,0.1748399552,0.09020494109,0,0
17.368,17.26119634,-0.7778729315,0.3655536582,0.2198259993,0.3487124071,0.8594857617,0.4122181617,0.0001225077789,0.0001160777291,0.7387157895,0.1699238263,0.09136038418,0,0
17.392,17.23737684,-0.7822391201,0.3612936978,0.2154352498,0.3444179143,0.861644461,0.406246288,0.0001264571894,0.0001174274723,0.7424311931,0.1650360603,0.09253274659,0,0
17.416,17.21362299,-0.7865694655,0.3569445233,0.2110826423,0.3400312797,0.8637713336,0.4002213801,0.0001291394211,0.0001175561448,0.7461009334,0.1601771669,0.0937218997,0,0
17.44,17.18993452,-0.7908637141,0.35250407,0.2067688232,0.3355506711,0.8658663486,0.3941415978,0.0001291070402,0.0001156864048,0.7497245503,0.1553476125,0.0949278372,0,0
17.464,17.16631115,-0.7951215971,0.347969984,0.2024944407,0.3309740254,0.8679294119,0.3880049021,0.0001245033596,0.0001109091853,0.7533014795,0.1505478163,0.09615070421,0,0
17.488,17.14275263,-0.7993428161,0.3433395876,0.198260151,0.3262990163,0.8699603497,0.3818090301,0.0001139877188,0.0001025090471,0.7568310231,0.145778146,0.09739083091,0,0
17.512,17.11925868,-0.8035270256,0.3386098401,0.1940666273,0.3215230158,0.8719588893,0.3755514685,9.807794428e-05,9.046453054e-05,0.7603123143,0.1410389137,0.09864877202,0,0
17.536,17.09582904,-0.8076738111,0.3337772942,0.1899145724,0.316643052,0.8739246347,0.3692294235,7.929025131e-05,7.573243484e-05,0.7637442735,0.1363303729,0.09992535358,0,0
17.56,17.07246344,-0.8117826624,0.3288380477,0.1858047341,0.31165576,0.8758570389,0.3628397883,6.054965488e-05,5.992114241e-05,0.7671255562,0.1316527156,0.1012217282,0,0
17.584,17.04916162,-0.8158529406,0.3237876902,0.1817379268,0.3065573256,0.8777553697,0.356379107,4.373097449e-05,4.457646894e-05,0.7704544909,0.1270060699,0.1025394392,0,0
17.608,17.02592333,-0.8198838384,0.318621242,0.1777150585,0.3013434219,0.8796186698,0.3498435363,2.948964442e-05,3.069130663e-05,0.7737290052,0.1223905009,0.1038804939,0,0
17.632,17.0027483,-0.8238743312,0.3133330881,0.173737166,0.2960091356,0.8814457089,0.343228803,1.776200882e-05,1.866530253e-05,0.776946538,0.1178060116,0.1052474505,0,0
17.656,16.97963627,-0.8278231182,0.3079169027,0.1698054593,0.2905488844,0.8832349257,0.3365301595,8.249050774e-06,8.507552752e-06,0.7801039341,0.1132525483,0.1066435176,0,0
17.68,16.95658699,-0.8317285513,0.3023655657,0.1659213784,0.2849563211,0.8849843605,0.3297423369,1.826631426e-06,6.636995857e-07,0.7831973184,0.1087300087,0.1080726729,0,0
17.704,16.9336002,-0.8355885483,0.2966710696,0.1620866649,0.2792242246,0.886691573,0.3228594966,6.565663531e-06,7.127525655e-06,0.7862219456,0.1042382546,0.1095397998,0,0
17.728,16.91067565,-0.8394004884,0.2908244142,0.1583034529,0.273344376,0.8883535444,0.3158751828,1.181523817e-05,1.300652674e-05,0.78917202,0.09977713127,0.1110508488,0,0
17.752,16.88781309,-0.8431610853,0.2848154898,0.1545743826,0.2673074164,0.8899665606,0.3087822771,1.625077772e-05,1.79202626e-05,0.7920404793,0.09534649495,0.1126130257,0,0
17.776,16.86501226,-0.8468662333,0.278632945,0.150902745,0.2611026852,0.891526071,0.3015729608,1.998595693e-05,2.203520003e-05,0.7948187356,0.09094625116,0.1142350132,0,0
17.8,16.84227292,-0.8505108201,0.2722640391,0.1472926622,0.2547180365,0.8930265181,0.2942386895,2.314150122e-05,2.549034731e-05,0.7974963626,0.08657640707,0.1159272303,0,0
17.824,16.81959482,-0.8540884981,0.2656944749,0.1437493159,0.2481396298,0.894461132,0.2867701897,2.581633305e-05,2.839785674e-05,0.8000607173,0.08223714252,0.1177021402,0,0
17.848,16.7969777,-0.8575914057,0.2589082105,0.1402792347,0.2413516945,0.895821679,0.2791574899,2.808928863e-05,3.08477483e-05,0.8024964813,0.0779289051,0.1195746136,0,0
17.872,16.77442133,-0.8610098229,0.2518872461,0.1368906564,0.2343362626,0.8970981551,0.2713900068,3.002320372e-05,3.291244637e-05,0.8047851008,0.07365253689,0.1215623623,0,0
17.896,16.75192546,-0.8643317473,0.2446113829,0.1335939858,0.2270728701,0.8982784078,0.2634567163,3.166852615e-05,3.465055808e-05,0.806904099,0.06940944259,0.1236864584,0,0
17.92,16.72948984,-0.8675423646,0.2370579485,0.1304023739,0.2195382234,0.8993476665,0.2553464522,3.306615799e-05,3.610987788e-05,0.8088262264,0.06520181197,0.1259719617,0,0
17.944,16.70711424,-0.8706233863,0.2292014853,0.1273324536,0.2117058311,0.9002879549,0.2470484014,3.424962764e-05,3.732973152e-05,0.8105184028,0.06103291405,0.1284486831,0,0
17.968,16.68479842,-0.8735522105,0.2210133978,0.1244052768,0.2035456013,0.9010773476,0.2385528971,3.524674054e-05,3.834279248e-05,0.8119403877,0.05690748619,0.1311521262,0,0
17.992,16.66254213,-0.8763008493,0.2124615536,0.1216475134,0.1950234112,0.9016890208,0.2298526668,3.608083741e-05,3.917648919e-05,0.8130430916,0.05283224997,0.1341246584,0,0
18.016,16.64034514,-0.8788345439,0.2035098394,0.1190929954,0.186100657,0.9020900234,0.2209447806,3.677176081e-05,3.985410012e-05,0.8137664117,0.04881659767,0.1374169906,0,0
18.04,16.61820721,-0.8811099514,0.194117679,0.1167847166,0.1767338086,0.9022396687,0.2118336827,3.733660593e-05,4.039561286e-05,0.8140364212,0.04487351074,0.1410900681,0,0
18.064,16.5961281,-0.883072745,0.1842395329,0.1147774468,0.1668740063,0.9020874007,0.2025359135,3.779031245e-05,4.081840657e-05,0.8137616799,0.04102079791,0.1452175222,0,0
18.088,16.57410759,-0.8846543939,0.173824433,0.1131411793,0.1564667741,0.9015699253,0.1930874875,3.814614082e-05,4.113780381e-05,0.8128283316,0.03728277952,0.1498888889,0,0
18.112,16.55214543,-0.8857677874,0.1628156581,0.1119657265,0.1454519813,0.9006073016,0.1835554487,3.841606674e-05,4.136752854e-05,0.8110935131,0.03369260448,0.1552138824,0,0
18.136,16.5302414,-0.8863012178,0.1511507667,0.1113669152,0.1337642946,0.8990975492,0.1740559574,3.861112168e-05,4.152010097e-05,0.8083764045,0.03029547804,0.1613281175,0,0
18.16,16.50839526,-0.8861100175,0.1387624038,0.1114950311,0.1213345637,0.8969091191,0.1647823362,3.874170453e-05,4.160719679e-05,0.8044459694,0.02715322004,0.1684008106,0,0
18.184,16.4866068,-0.8850048413,0.1255806836,0.1125464373,0.1080929588,0.8938702798,0.1560473912,3.881788972e-05,4.163999853e-05,0.7990040787,0.02435079003,0.1766451313,0,0
18.208,16.46487577,-0.8827351859,0.1115386651,0.1147796533,0.09397537917,0.8897540571,0.1483433204,3.884976172e-05,4.162957129e-05,0.7916622837,0.02200574245,0.1863319739,0,0
18.232,16.44320195,-0.8789662885,0.0965837914,0.1185375704,0.07893595937,0.8842568434,0.1424150318,3.884781582e-05,4.158730564e-05,0.7819101666,0.02028204301,0.1978077904,0,0
18.256,16.42158512,-0.8732472679,0.08070068833,0.1242776707,0.06297093806,0.8769682959,0.1393207754,3.882348569e-05,4.15254915e-05,0.7690733935,0.01941028019,0.2115163264,0,0
18.28,16.40002505,-0.8649690007,0.06395536498,0.1326113824,0.04616359543,0.8673301914,0.1404167237,3.878989651e-05,4.145812712e-05,0.7522616624,0.019716858,0.2280214796,0,0
18.304,16.37852153,-0.8533138543,0.04657906558,0.144349991,0.02876773324,0.8545841932,0.1471886625,3.876301707e-05,4.140214496e-05,0.7303141447,0.02166450408,0.2480213512,0,0
18.328,16.35707431,-0.8372115099,0.02912311961,0.1605425868,0.01135936546,0.8377178931,0.1609439572,3.876353357e-05,4.137939189e-05,0.7017712699,0.02590295908,0.272325771,0,0
18.352,16.3356832,-0.8153485982,0.01273168104,0.1824592385,-0.004899754628,0.8154479949,0.1825250156,3.882008388e-05,4.142003103e-05,0.6649554338,0.03331538304,0.3017291831,0,0
18.376,16.31434795,-0.7863592637,-0.0004231757448,0.2113973376,-0.0178472232,0.7863593776,0.212149376,3.897520767e-05,4.156877905e-05,0.6183610722,0.04500735947,0.3366315683,0,0
18.4,16.29306837,-0.7494707378,-0.006597896904,0.2480521578,-0.0238096274,0.7494997793,0.2491922378,3.92971379e-05,4.189723569e-05,0.5617499206,0.06209677312,0.3761533062,0,0
18.424,16.27184422,-0.7059990336,-0.000263261633,0.2910836591,-0.01741468369,0.7059990826,0.2916041286,3.990543352e-05,4.253063349e-05,0.4984347063,0.0850329696,0.4165323241,0,0
18.448,16.2506753,-0.6616433401,0.02454222774,0.3349324622,0.007109599475,0.662098354,0.3350079113,4.103392986e-05,4.371342237e-05,0.4383742321,0.1122303025,0.4493954654,0,0
18.472,16.22956139,-0.6275201482,0.06986768856,0.3688093934,0.05179998719,0.6313976799,0.372429332,4.321428405e-05,4.600020369e-05,0.3986630321,0.1387036095,0.4626333584,0,0
18.496,16.20850227,-0.6157911849,0.1286192797,0.3807880567,0.10989554,0.6290800446,0.3963288708,4.797385251e-05,5.098059901e-05,0.3957417048,0.1570765764,0.4471817188,0,0
18.52,16.18749773,-0.6307010244,0.1859884603,0.3664399994,0.1669828978,0.6575526515,0.4026928871,6.217738185e-05,6.578164383e-05,0.4323754934,0.1621615656,0.405462941,0,0
18.544,16.16654756,-0.6653825727,0.2291503971,0.3322427897,0.210270091,0.7037356553,0.3931905168,0.000264629695,0.0002755561356,0.4952439426,0.1545988584,0.350157199,0,0
18.54965834,16.16161616,-0.675194422,0.2366375697,0.3225081937,0.2178216376,0.7154612826,0.3891757968,0.0003888465922,0.0004035966737,0.5118849981,0.1514579637,0.3366570382,0,0
18.568,16.14565155,-0.708655619,0.254033876,0.2891939938,0.2354570389,0.7528120592,0.372925171,1.978413616e-05,1.849040235e-05,0.5667259969,0.1390731835,0.2942008196,0,0
18.592,16.12480949,-0.7523475242,0.263203486,0.2454921181,0.2449260777,0.7970588888,0.3467782628,1.102803306e-05,1.151895128e-05,0.6353028723,0.1202551637,0.244441964,0,0
18.616,16.10402116,-0.7929169415,0.2607753045,0.2047324453,0.2427030224,0.8346981703,0.3175218595,1.517170922e-05,1.656443358e-05,0.6967210358,0.1008201315,0.2024588327,0,0
18.64,16.08328637,-0.8295294817,0.2493684201,0.1678051459,0.2313028016,0.8662007677,0.2857613567,1.70143593e-05,1.874759301e-05,0.7503037702,0.08165955335,0.1680366764,0,0
18.664,16.06260491,-0.8613254736,0.2295539686,0.1357642981,0.2111888311,0.8913902602,0.2510630738,1.758789942e-05,1.955016271e-05,0.7945765963,0.06303266739,0.1423907363,0,0
18.688,16.04197656,-0.8852300518,0.2018117902,0.112012748,0.1830208461,0.9079428634,0.2145774588,1.740174137e-05,1.957218274e-05,0.8243602436,0.04604348621,0.1295962702,0,0
18.712,16.02140113,-0.8972578877,0.1702864513,0.1004424853,0.1514620497,0.9132738869,0.1817400488,1.667881442e-05,1.907140302e-05,0.8340691928,0.03302944571,0.1329013615,0,0
18.736,16.00087842,-0.8980026133,0.1422234957,0.09986350503,0.1237678919,0.9091953675,0.1590321059,1.556199481e-05,1.820124488e-05,0.8266362165,0.02529121102,0.1480725725,0,0
18.76,15.98040821,-0.8931265823,0.1214668293,0.1045090044,0.1032596724,0.9013485911,0.1469172963,1.43028929e-05,1.717199348e-05,0.8372746421,0.04608931311,0.1166360448,0.02484535929,0.02450462087
18.784,15.95999031,-0.8875500923,0.1068190203,0.1098017361,0.08856452452,0.8939549594,0.141067701,1.367994669e-05,1.654341023e-05,0.8331635804,0.05296909495,0.1138673247,0.0340081107,0.03306899842
18.808,15.93962452,-0.8831173169,0.09570260305,0.1140887668,0.0772508182,0.888287782,0.1377822036,1.57724949e-05,1.786512469e-05,0.8271944693,0.05630678148,0.1164987492,0.03813928547,0.03732284554
18.832,15.91931064,-0.8799261462,0.08630639884,0.1172709056,0.06764781373,0.8841486398,0.1353834997,2.392940653e-05,2.432698998e-05,0.8222890436,0.05832103812,0.1193899182,0.04057022582,0.03999234552
18.856,15.89904847,-0.8775992884,0.07769784057,0.1196690446,0.05888218271,0.8810320456,0.1333708802,4.304991325e-05,4.126317357e-05,0.8187705165,0.05994717898,0.1212823045,0.04255304918,0.0421593856
18.88,15.87883782,-0.8757679994,0.06945828302,0.1216036756,0.05054502102,0.8785180942,0.1316899885,8.882336026e-05,8.366948865e-05,0.816232681,0.06150159085,0.1222657281,0.04443863135,0.04415933078
18.904,15.85867848,-0.8741715,0.06141465313,0.123305974,0.04245391117,0.8763261784,0.1304097304,0.0002645306373,0.0002481873992,0.8142567187,0.06309642162,0.1226468597,0.04630907772,0.04608966223
18.92439891,15.84158416,-0.8728737623,0.05468144232,0.1246838784,0.03570946743,0.874584853,0.1296967062,0.001172904508,0.001149354921,0.8127888308,0.06452374134,0.1226874278,0.04788879002,0.04770118471
18.928,15.83857027,-0.8726446284,0.05350126131,0.1249258212,0.03452941331,0.8742831534,0.1296099579,0.0007547476987,0.000730455332,0.8125383354,0.06478458341,0.1226770812,0.04816673333,0.04798530866
18.952,15.81851298,-0.8710880632,0.04569660794,0.1265561047,0.02673731648,0.8722858441,0.1293496491,0.000223922943,0.000213983527,0.810867124,0.06667923236,0.1224536436,0.0499844801,0.04994785485
18.976,15.79850643,-0.8694440748,0.03799597279,0.1282530999,0.01906272206,0.8702739184,0.1296620415,0.0001492795694,0.0001429451768,0.8091214331,0.06853424246,0.1223443245,0.05174471766,0.05172197702
19,15.77855042,-0.8676802377,0.03039999453,0.1300503986,0.01149867343,0.8682126206,0.1305577484,0.0001210370866,0.0001162415812,0.8072210692,0.0702255276,0.1225534032,0.05342790007,0.05318018843
19.024,15.75864476,-0.8657791982,0.02291019745,0.1319677765,0.00404129593,0.8660822693,0.132029641,0.0001069009659,0.0001029662048,0.8051229052,0.07209870257,0.1227783923,0.05502439654,0.05466686586
19.048,15.73878927,-0.8637324156,0.01552746879,0.1340166819,-0.003312182606,0.8638719743,0.1340576055,9.894263294e-05,9.556655282e-05,0.8028074169,0.07407558528,0.1231169978,0.05653261915,0.05610413457
19.072,15.71898375,-0.8615363776,0.008251742053,0.1362035944,-0.01056415747,0.861575894,0.1366126662,9.42781978e-05,9.130375469e-05,0.8002706041,0.07614125111,0.1235881447,0.05795757406,0.05747822221
19.096,15.69922801,-0.8591903292,0.001082132536,0.1385320689,-0.01771684612,0.8591910107,0.1396603765,9.161173216e-05,8.895059491e-05,0.797518165,0.07829906677,0.1241827683,0.05930896379,0.0587940381
19.12,15.67952186,-0.8566949203,-0.005982793908,0.1410039741,-0.02477228276,0.8567158107,0.1431634964,9.027788235e-05,8.787917487e-05,0.794561264,0.08055734996,0.1248813861,0.06059927551,0.06006155554
19.144,15.65986513,-0.8540514135,-0.01294474678,0.1436202375,-0.03173224821,0.8541495088,0.1470840174,8.990270749e-05,8.773827088e-05,0.7914135206,0.08292568968,0.1256607898,0.06184212917,0.06129197379
19.168,15.64025762,-0.8512612313,-0.0198054769,0.1463812884,-0.03859819251,0.8514915977,0.1513846163,9.026240508e-05,8.831914629e-05,0.7880889562,0.08541348703,0.1264975568,0.06305100714,0.06249617718
19.192,15.62069915,-0.8483257123,-0.02656659296,0.1492873141,-0.04537117107,0.8487415967,0.1560296296,9.12172465e-05,8.949289948e-05,0.7846006867,0.0880292712,0.1273700421,0.06423838039,0.06368401789
19.216,15.60118953,-0.8452459914,-0.03322942545,0.1523384021,-0.05205179975,0.8458989187,0.1609856472,9.267787941e-05,9.117856534e-05,0.7809601745,0.09078039621,0.1282594293,0.06541518527,0.0648640093
19.24,15.58172859,-0.8420229575,-0.03979493048,0.155534612,-0.05864022759,0.842962809,0.1662218151,9.458694429e-05,9.33257544e-05,0.7771768857,0.09367295648,0.1291501578,0.06659057936,0.06604325596
19.264,15.56231613,-0.8386572555,-0.04626362541,0.1588760046,-0.06513612417,0.8399323278,0.1717099284,9.690850136e-05,9.590469932e-05,0.7732582271,0.09671183112,0.1300299418,0.06777190249,0.06722752242
19.288,15.54295199,-0.8351493141,-0.05263554888,0.1623626449,-0.07153867824,0.8368063562,0.1774243809,9.962169124e-05,9.890031104e-05,0.7692096658,0.0999008006,0.1308895336,0.06896477804,0.06842137989
19.312,15.52363598,-0.8314993878,-0.05891023954,0.1659945899,-0.07784660456,0.833583618,0.1833420238,0.0001027168076,0.0001023085129,0.7650349587,0.1032427001,0.1317223412,0.07017329993,0.06962839197
19.336,15.50436791,-0.8277076059,-0.06508672854,0.1697718677,-0.08405815655,0.8302627073,0.189441972,0.0001061927996,0.0001061339152,0.7607364336,0.1067394851,0.1325240813,0.07140025922,0.07085121311
19.36,15.48514762,-0.8237740238,-0.07116354239,0.1736944515,-0.09017114305,0.8268421204,0.1957053845,0.0001100556455,0.0001103882886,0.756315314,0.1103925149,0.1332921711,0.07264740974,0.07209190523
19.384,15.46597493,-0.8196986746,-0.0771387134,0.1777622316,-0.09618294781,0.823320289,0.2021152405,0.0001143172572,0.0001150894998,0.7517720292,0.114202645,0.1340253258,0.07391571778,0.07335206132
19.408,15.44684965,-0.8154816186,-0.08300979572,0.1819749861,-0.1020905509,0.8196956121,0.2086561194,0.000118994695,0.0001202606702,0.7471064845,0.118170247,0.1347232685,0.07520557386,0.0746328564
19.432,15.42777161,-0.8111229908,-0.08877388564,0.1863323525,-0.1078905512,0.8159664876,0.2153139954,0.0001241095261,0.0001259293612,0.7423183466,0.1222953478,0.1353863055,0.07651702227,0.07593521533
19.456,15.40874065,-0.8066230459,-0.09442764498,0.1908337986,-0.1135791903,0.812131343,0.2220760482,0.00012968718,0.0001321265823,0.7374072384,0.126577697,0.1360150646,0.07784990332,0.07725990838
19.48,15.38975657,-0.8019821999,-0.09996732693,0.1954785956,-0.1191523764,0.8081886632,0.228930492,0.0001357561475,0.0001388853833,0.7323729178,0.1310169237,0.1366101585,0.07920398399,0.07860773425
19.504,15.37081922,-0.7972010693,-0.1053888038,0.2002657914,-0.1246057093,0.8041370187,0.2358664241,0.0001423468327,0.0001462387138,0.727215426,0.1356115906,0.1371729834,0.08057906091,0.0799785992
19.528,15.35192841,-0.7922805071,-0.1106875965,0.2051941851,-0.1299345063,0.7999750908,0.2428736904,0.0001494898057,0.0001542161187,0.7219351921,0.1403612055,0.1377036024,0.08197502387,0.0813735522
19.552,15.33308398,-0.7872216363,-0.1158589051,0.210262303,-0.1351338279,0.7957016969,0.2499427684,0.0001572131122,0.0001628386872,0.7165331063,0.1452644453,0.1382024484,0.08339189109,0.0827930313
19.576,15.31428576,-0.7820258806,-0.1208976408,0.215468376,-0.140198505,0.791315814,0.2570646647,0.0001655381664,0.0001721114942,0.7110105782,0.150319673,0.1386697488,0.0848298333,0.08423740157
19.6,15.29553357,-0.7766949925,-0.1257984594,0.2208103177,-0.1451231668,0.7868166011,0.264230827,0.0001744736045,0.0001820126301,0.7053695513,0.1555249909,0.1391054578,0.08628915703,0.08570702784
19.624,15.27682725,-0.7712310789,-0.130555795,0.2262857048,-0.1499022692,0.7822034215,0.2714330681,0.0001840063247,0.0001924779139,0.6996125039,0.1608781744,0.1395093217,0.08777027745,0.08720222686
19.648,15.25816663,-0.7656366234,-0.1351638958,0.2318917583,-0.1545301244,0.7774758631,0.2786635012,0.0001940888743,0.0002033808033,0.6937424243,0.1663765818,0.1398809939,0.08927366887,0.08872319347
19.672,15.23955155,-0.7599145072,-0.1396168596,0.2376253272,-0.1590009318,0.7726337592,0.2859144845,0.0002046225294,0.0002145082642,0.6877628263,0.1720172159,0.1402199578,0.09079985867,0.09027007747
19.696,15.22098182,-0.7540680264,-0.1439086721,0.2434828731,-0.1633088092,0.7676772071,0.2931785747,0.0002154361596,0.0002255360095,0.6816777095,0.1777966264,0.1405256641,0.09234936873,0.0918428989
19.72,15.2024573,-0.7481009064,-0.1480332439,0.2494604574,-0.1674478261,0.7626065876,0.3004484885,0.0002262627337,0.0002360109114,0.6754914995,0.1837108602,0.1407976403,0.09392264086,0.09344151023
19.744,15.18397782,-0.7420173144,-0.1519844502,0.2555537307,-0.1714120366,0.7574225821,0.3077170706,0.0002367185668,0.0002453537125,0.6692090306,0.1897554571,0.1410355123,0.09552000658,0.09506560141
19.768,15.1655432,-0.7358218678,-0.1557561702,0.2617579238,-0.1751955147,0.75212619,0.3149772675,0.0002462950342,0.0002528981429,0.6628355097,0.1959254194,0.1412390709,0.09714164342,0.09671467641
19.792,15.14715329,-0.7295196405,-0.1593423272,0.268067842,-0.1787923897,0.7467187443,0.3222221075,0.0002543768155,0.0002579770774,0.6563764842,0.2022151906,0.1414083252,0.09878753634,0.09838803754
19.816,15.12880793,-0.7231161657,-0.1627369297,0.2744778616,-0.182196882,0.7412019275,0.3294446848,0.0002603004772,0.0002600474068,0.6498378118,0.2086186434,0.1415435449,0.1004574467,0.1000847754
19.84,15.11050696,-0.7166174352,-0.1659341117,0.2809819288,-0.1854033407,0.735577785,0.3366381485,0.000263456591,0.0002588176378,0.6432256365,0.2151290753,0.1416452882,0.1021508893,0.1018037652
19.864,15.0922502,-0.7100298958,-0.1689281742,0.2875735624,-0.1884062801,0.7298487384,0.3437956954,0.0002634160462,0.0002543254267,0.6365463687,0.2217392141,0.1417144173,0.1038671183,0.1035436692
19.888,15.07403751,-0.7033604424,-0.1717136257,0.2942458589,-0.1912004177,0.7240175973,0.3509105658,0.0002600372717,0.0002469270736,0.6298066696,0.2284412321,0.1417520983,0.1056051208,0.1053029459
19.912,15.05586872,-0.696616407,-0.1742852228,0.3009915006,-0.1937807113,0.7180875694,0.3579760432,0.0002535066009,0.0002372038357,0.6230134415,0.2352267694,0.1417597891,0.1073636199,0.1070798656
19.936,15.03774368,-0.6898055448,-0.1766380095,0.3078027677,-0.1961423967,0.7120622698,0.3649854566,0.0002442910145,0.0002258291993,0.6161738205,0.2420869653,0.1417392142,0.1091410848,0.1088725307
19.96,15.01966222,-0.6829360173,-0.1787673562,0.3146715527,-0.1982810233,0.7059457283,0.371932185,0.0002330253653,0.000213449025,0.6092951734,0.249012498,0.1416923286,0.1109357477,0.1106789022
19.984,15.0016242,-0.6760163706,-0.1806689967,0.321589379,-0.2001924907,0.6997423953,0.3788096646,0.0002203829919,0.0002006052254,0.6023850964,0.2559936305,0.1416212731,0.1127456281,0.1124968283
20.008,14.98362945,-0.669055512,-0.1823390646,0.3285474219,-0.2018730828,0.6934571455,0.3856113977,0.0002069734726,0.0001877061732,0.595451416,0.2630202618,0.1415283223,0.1145685605,0.1143240765
20.032,14.96567782,-0.6620626821,-0.1837741264,0.3355365338,-0.2033195009,0.6870952805,0.3923309635,0.0001932863421,0.0001750306311,0.5885021897,0.2700819821,0.1414158282,0.1164022278,0.1161583665
20.056,14.94776915,-0.6550474245,-0.1849712141,0.3425472711,-0.2045288947,0.680662529,0.3989620305,0.0001796764025,0.0001627488286,0.581545707,0.2771681318,0.1412861612,0.1182441963,0.1179974036
20.08,14.92990329,-0.6480195528,-0.1859278536,0.349569926,-0.2054988917,0.6741650447,0.4054983695,0.0001663756358,0.0001509483745,0.5745904882,0.2842678607,0.141141651,0.1200919531,0.1198389103
20.104,14.91208008,-0.6409891139,-0.1866420919,0.3565945589,-0.2062276235,0.6676094027,0.4119338687,0.0001535169061,0.0001396581747,0.567645282,0.2913701887,0.1409845293,0.1219429438,0.121680657
20.128,14.89429938,-0.6339663503,-0.1871125202,0.3636110354,-0.2067137499,0.6610025934,0.4182625485,0.0001411594638,0.0001288676766,0.5607190588,0.2984640649,0.1408168763,0.1237946104,0.1235204888
20.152,14.87656104,-0.626961659,-0.1873382942,0.3706090641,-0.2069564797,0.6543520141,0.4244785776,0.000129311227,0.0001185411201,0.5538210016,0.3055384261,0.1406405723,0.1256444266,0.1253563492
20.176,14.85886489,-0.6199855495,-0.1873191512,0.3775782373,-0.2069555882,0.6476654584,0.4305762891,0.0001179462033,0.0001086275125,0.5469604916,0.3125822521,0.1404572563,0.1274899317,0.1271862996
20.2,14.84121079,-0.6130485999,-0.1870554229,0.384508073,-0.2067114321,0.6409511035,0.4365501969,0.0001070172154,9.906733703e-05,0.5401470897,0.3195846187,0.1402682916,0.1293287612,0.1290085345
20.224,14.8235986,-0.6061614118,-0.1865480451,0.3913880587,-0.206224959,0.6342174944,0.4423950115,9.646481943e-05,8.979696021e-05,0.533390513,0.3265347461,0.1400747409,0.1311586734,0.1308213919
20.248,14.80602815,-0.599334565,-0.1857985635,0.3982076951,-0.2054977152,0.6274735269,0.4481056565,8.622348527e-05,8.075155853e-05,0.5267006061,0.3334220451,0.1398773488,0.1329775717,0.1326233592
20.272,14.78849931,-0.5925785716,-0.1848091351,0.4049565418,-0.2045318481,0.6207284269,0.4536772835,7.622608014e-05,7.186726677e-05,0.5200873078,0.3402361573,0.1396765348,0.1347835221,0.1344130746
20.296,14.77101192,-0.58590383,-0.1835825264,0.4116242619,-0.2033301056,0.613991728,0.4591052873,6.640770508e-05,6.308323551e-05,0.5135606125,0.3469669928,0.1394723947,0.136574766,0.136189324
20.32,14.75356585,-0.5793205798,-0.1821221073,0.4182006672,-0.2018958311,0.6072732467,0.4643853192,5.671021384e-05,5.434450611e-05,0.5071305272,0.3536047624,0.1392647104,0.1383497278,0.1379510348
20.344,14.73616093,-0.5728388574,-0.1804318416,0.4246757622,-0.200232955,0.6005830551,0.4695133004,4.708986073e-05,4.560742977e-05,0.5008070251,0.3601400067,0.1390529681,0.1401070169,0.1396972654
20.368,14.71879703,-0.5664684533,-0.1785162731,0.4310397871,-0.198345982,0.5939314508,0.4744854335,3.753447708e-05,3.685210997e-05,0.4945999953,0.3665636205,0.1388363841,0.1418454256,0.1414271926
20.392,14.70147401,-0.5602188702,-0.1763805092,0.4372832592,-0.1962399754,0.5873289254,0.4792982127,2.811247784e-05,2.811691031e-05,0.4885191898,0.3728668741,0.1386139362,0.1435639224,0.1431400966
20.416,14.68419171,-0.5540992847,-0.1740302005,0.4433970129,-0.1939205372,0.5807861293,0.483948433,1.915630445e-05,1.962102685e-05,0.4825741687,0.3790414306,0.1383844007,0.1452616403,0.1448353443
20.44,14.66695,-0.5481185098,-0.1714715178,0.449372237,-0.1913937859,0.5743138359,0.4884331977,1.216334402e-05,1.235469001e-05,0.4767742453,0.3850793607,0.138146394,0.146937863,0.1465123719
20.464,14.64974873,-0.5422849609,-0.1687111255,0.455200509,-0.1886663302,0.5679229021,0.4927499239,1.203934376e-05,1.03663049e-05,0.4711284301,0.3909731543,0.1378984156,0.1485920072,0.1481706667
20.488,14.63258776,-0.5366066253,-0.1657561536,0.4608738277,-0.1857452411,0.5616242273,0.496896347,1.922884169e-05,1.625091161e-05,0.4656453762,0.3967157298,0.1376388939,0.1502236032,0.1498097499
20.512,14.61546695,-0.5310910335,-0.1626141663,0.4663846417,-0.1826380207,0.555428711,0.5008705228,2.882230811e-05,2.519719236e-05,0.4603333276,0.402300441,0.1373662314,0.1518322738,0.1514291597
20.536,14.59838615,-0.5257452357,-0.1592931297,0.4717258747,-0.1793525696,0.5493472072,0.5046708285,3.909333345e-05,3.501317434e-05,0.4552000686,0.4077210824,0.137078849,0.153417713,0.153028436
20.56,14.58134523,-0.5205757801,-0.1558013767,0.476890948,-0.1758971521,0.5433904783,0.5082959614,4.949619049e-05,4.507938707e-05,0.4502528788,0.412971893,0.1367752282,0.1549796645,0.1546071066
20.584,14.56434405,-0.5155886963,-0.1521475717,0.481873798,-0.17228036,0.5375691465,0.5117449362,5.971292573e-05,5.507323138e-05,0.4454984915,0.4180475584,0.1364539501,0.1565179006,0.1561646757
20.608,14.54738247,-0.5107894813,-0.1483406734,0.4866688917,-0.168511076,0.531893645,0.5150170802,6.947354091e-05,6.472998427e-05,0.4409430576,0.422943212,0.1361137304,0.1580322032,0.1577006149
20.632,14.53046035,-0.5061830903,-0.1443898975,0.491271237,-0.164598435,0.5263741668,0.5181120276,7.852855176e-05,7.380284609e-05,0.4365921155,0.427654435,0.1357534495,0.1595223459,0.1592143564
20.656,14.51357756,-0.5017739303,-0.1403046784,0.49567639,-0.1605517868,0.5210206137,0.5210297111,8.666060572e-05,8.207044103e-05,0.4324505667,0.4321772557,0.1353721777,0.1609880792,0.1607052891
20.68,14.49673395,-0.4975658576,-0.1360946313,0.4998804588,-0.1563806568,0.5158425451,0.5237703532,9.370551498e-05,8.935687021e-05,0.4285226578,0.4365081477,0.1349691945,0.1624291177,0.1621727568
20.704,14.47992939,-0.4935621791,-0.1317695137,0.5038801034,-0.1520947082,0.5108491259,0.5263344553,9.956915424e-05,9.554984238e-05,0.4248119696,0.440644028,0.1345440024,0.1638451303,0.16361606
20.728,14.46316374,-0.4897656566,-0.1273391879,0.5076725321,-0.1477037042,0.5060490758,0.5287227857,0.0001042331513,0.0001006090759,0.4213214119,0.4445822532,0.1340963349,0.1652357339,0.165034459
20.752,14.44643687,-0.4861785139,-0.1228135837,0.5112554955,-0.143217471,0.5014506194,0.5309363669,0.0001077479921,0.0001045625725,0.4180532248,0.4483206161,0.1336261591,0.1666004895,0.1664271795
20.776,14.42974865,-0.4828024476,-0.1182026616,0.5146272765,-0.1386458615,0.4970614375,0.5329764617,0.0001102168105,0.0001074930685,0.4150089863,0.451857341,0.1331336727,0.1679389015,0.1677934207
20.8,14.41309894,-0.4796386399,-0.1135163776,0.5177866784,-0.1339987202,0.4928886212,0.5348445581,0.000111775313,0.0001095195741,0.4121896253,0.4551910778,0.132619297,0.1692504199,0.1691323644
20.824,14.39648761,-0.4766877739,-0.1087646485,0.5207330099,-0.1292858496,0.4889386286,0.5365423548,0.0001125728424,0.0001107789649,0.4095954398,0.4583208961,0.1320836641,0.1705344446,0.1704431853
20.848,14.37991452,-0.4739500504,-0.1039573185,0.5234660686,-0.1245169782,0.4852172445,0.5380717451,0.0001127576354,0.0001114109655,0.40722612,0.4612462779,0.1315276022,0.1717903329,0.1717250626
20.872,14.36337955,-0.4714252077,-0.09910412786,0.5259861223,-0.1197017292,0.4817295451,0.5394348013,0.0001124672186,0.0001115478464,0.4050807751,0.4639671094,0.1309521155,0.1730174078,0.1729771921
20.896,14.34688256,-0.4691125414,-0.09421468223,0.5282938884,-0.1148495923,0.4784798667,0.540633759,0.0001118234403,0.0001113086315,0.4031579642,0.4664836719,0.1303583639,0.1742149689,0.1741987982
20.92,14.33042342,-0.4670109257,-0.08929842416,0.5303905125,-0.1099698957,0.4754717797,0.5416710013,0.0001109309824,0.0001107968475,0.4014557294,0.4687966322,0.1297476385,0.1753823037,0.1753891462
20.944,14.31400201,-0.4651188363,-0.08436460633,0.5322775461,-0.1050717818,0.4727080692,0.5425490443,0.0001098781311,0.0001101006693,0.3999716317,0.4709070311,0.1291213372,0.1765187009,0.1765475536
20.968,14.29761818,-0.4634343723,-0.07942226656,0.5339569233,-0.1001641829,0.4701907207,0.5432705214,0.000108738817,0.0001092944824,0.3987027884,0.4728162725,0.1284809391,0.1776234627,0.1776734011
20.992,14.28127182,-0.4619552794,-0.07448020494,0.535430937,-0.09525580071,0.4679209133,0.5438381706,0.0001075752413,0.0001084411567,0.3976459113,0.4745261099,0.1278279788,0.1786959186,0.1787661423
21.016,14.26496279,-0.4606789731,-0.06954696292,0.5367022153,-0.09035508642,0.4658990195,0.5442548204,0.0001064406885,0.0001075945943,0.3967973462,0.4760386333,0.1271640205,0.1797354385,0.1798253122
21.04,14.24869097,-0.459602561,-0.06463080463,0.5377736979,-0.08547022376,0.4641246115,0.5445233781,0.0001053823382,0.0001068023288,0.3961531113,0.4773562551,0.1264906336,0.1807414452,0.1808505344
21.064,14.23245623,-0.4587228652,-0.05973970029,0.5386486124,-0.08060911362,0.4625964751,0.5446468184,0.0001044440468,0.0001061081065,0.3957089367,0.4784816945,0.1258093688,0.181713427,0.1818415265
21.088,14.21625844,-0.4580364442,-0.05488131193,0.5393304512,-0.07577936096,0.46131263,0.5446281733,0.0001036691777,0.0001055544938,0.3954603007,0.4794179624,0.1251217369,0.1826509473,0.1827981041
21.112,14.20009748,-0.4575396143,-0.05006298131,0.5398229495,-0.07098826356,0.4602703561,0.5444705229,0.0001031036627,0.0001051856413,0.3954024625,0.4801683442,0.1244291933,0.1835536511,0.1837201828
21.136,14.18397322,-0.4572284696,-0.04529172009,0.5401300627,-0.06624280288,0.4594662265,0.5441769873,0.000102799582,0.0001050504315,0.3955305046,0.4807363832,0.1237331121,0.1844212808,0.1846077787
21.16,14.16788554,-0.4570989023,-0.04057420212,0.540255946,-0.06154963674,0.4588961455,0.5437507195,0.0001028197153,0.0001052063524,0.395839366,0.481125863,0.123034771,0.1852536831,0.185461007
21.184,14.15183431,-0.4571466215,-0.03591675795,0.5402049339,-0.05691509398,0.4585553915,0.5431948992,0.0001032437804,0.0001057246315,0.3963238688,0.4813407885,0.1223353427,0.1860508111,0.1862800788
21.208,14.13581941,-0.4573671716,-0.03132537136,0.5399815209,-0.05234517083,0.4584386639,0.5425127278,0.0001041775479,0.0001066974836,0.3969787492,0.4813853672,0.1216358836,0.1868127298,0.187065296
21.232,14.11984071,-0.4577559496,-0.02680567783,0.5395903427,-0.04784552899,0.4585401332,0.5417074234,0.0001057669004,0.0001082488841,0.3977986854,0.4812639892,0.1209373254,0.1875396205,0.1878170448
21.256,14.1038981,-0.4583082223,-0.02236296487,0.5390361592,-0.04342149538,0.4588534938,0.5407822178,0.0001082205968,0.000110551299,0.3987783236,0.4809812078,0.1202404686,0.1882317831,0.1885357884
21.28,14.08799145,-0.4590191422,-0.01800217404,0.5383238369,-0.03907806331,0.4593720183,0.5397403527,0.0001118489172,0.0001138526736,0.3999123012,0.4805417197,0.1195459791,0.1888896375,0.1892220584
21.304,14.07212063,-0.4598837632,-0.01372790453,0.5374583337,-0.03481989511,0.4600886121,0.5385850774,0.0001171325393,0.00011852144,0.4011952692,0.4799503429,0.1188543879,0.1895137245,0.1898764433
21.328,14.05628554,-0.4608970552,-0.009544418136,0.5364446837,-0.03065132594,0.4609958692,0.5373196464,0.000124851658,0.0001251233832,0.4026219129,0.4792119929,0.1181660943,0.1901047058,0.1904995748
21.352,14.04048604,-0.4620539188,-0.005455645466,0.5352879823,-0.02657636883,0.4620861261,0.5359473177,0.0001363397445,0.0001345524132,0.4041869731,0.4783316599,0.117481367,0.1906633665,0.1910921144
21.376,14.02472202,-0.4633491986,-0.001465193241,0.5339933734,-0.02259872067,0.4633515152,0.534471351,0.0001539919512,0.0001482305136,0.4058852634,0.4773143871,0.1168003495,0.191190613,0.1916547401
21.4,14.00899336,-0.4647776968,0.002423647507,0.5325660362,-0.01872176912,0.4647840159,0.5328950061,0.0001821499527,0.0001682320811,0.4077116805,0.4761652465,0.116123073,0.1916874658,0.1921881307
21.424,13.99329994,-0.4663341854,0.006207892457,0.5310111727,-0.01494860026,0.4663755036,0.5312215415,0.0002266781909,0.000195965275,0.4096612166,0.4748893152,0.1154494682,0.1921550548,0.1926929506
21.448,13.97764164,-0.4680134188,0.009884854418,0.5293339967,-0.01128200696,0.4681177956,0.5294542131,0.0002737766184,0.0002222678619,0.4117289599,0.473491648,0.1147793921,0.1925946144,0.1931698348
21.472,13.96201835,-0.4698101455,0.01345213326,0.5275397224,-0.007724497687,0.4700026944,0.5275962724,0.0002411093017,0.0002096438349,0.4139100455,0.4719772449,0.1141127096,0.1930074546,0.1936193743
21.496,13.94642994,-0.4717191188,0.01690760549,0.5256335543,-0.004278305831,0.4720220272,0.5256509653,0.0001591076296,0.0001541690932,0.4161997434,0.4703510637,0.113449193,0.1933949239,0.1940421026
21.52,13.9308763,-0.4737351078,0.02024941359,0.5236206769,-0.0009453993293,0.4741676825,0.5236215304,0.0001042044007,0.0001040307162,0.4185933531,0.4686180026,0.1127886443,0.1937583511,0.1944384847
21.544,13.91535732,-0.4758529078,0.02347595524,0.5215062456,0.002272509445,0.4764316429,0.5215111969,7.274107736e-05,7.153903381e-05,0.4210860686,0.4667828447,0.1121310866,0.194098953,0.1948089111
21.568,13.89987287,-0.4780673499,0.02658587243,0.5192953776,0.005373953617,0.4788060147,0.5193231831,5.405646149e-05,5.137941094e-05,0.4236729052,0.464850266,0.1114768287,0.1944177026,0.1951536949
21.592,13.88442284,-0.4803733103,0.02957804067,0.5169931431,0.008357701632,0.4812830537,0.5170606939,4.24498244e-05,3.874229004e-05,0.4263485406,0.462824837,0.1108266224,0.1947151611,0.1954730743
21.616,13.86900712,-0.4827657194,0.03245155828,0.5146045574,0.01122274702,0.4838551885,0.5147269184,3.500813405e-05,3.07896556e-05,0.4291071377,0.460711022,0.1101818403,0.194991293,0.1957672206
21.64,13.8536256,-0.4852395706,0.03520573587,0.5121345722,0.01396829812,0.4865150406,0.5123250271,3.012908504e-05,2.584870048e-05,0.4319422038,0.4585131841,0.1095446121,0.1952453182,0.19603625
21.664,13.83827816,-0.4877899288,0.03784008597,0.5095880682,0.01659376785,0.4892554412,0.5098581689,2.686123354e-05,2.285131368e-05,0.4348465658,0.4562355936,0.1089178406,0.1954756783,0.1962802407
21.688,13.82296468,-0.4904119392,0.04035431307,0.5069698461,0.0190987634,0.492069447,0.5073294665,2.46100397e-05,2.107118835e-05,0.4378125498,0.4538824385,0.1083050117,0.1956802085,0.1964992504
21.712,13.80768506,-0.493100836,0.04274830394,0.5042846181,0.02148307599,0.494950353,0.5047420119,2.299553454e-05,2.001339628e-05,0.440832404,0.4514578349,0.1077097611,0.1958565516,0.1966933359
21.736,13.79243918,-0.4958519527,0.04502211852,0.5015369977,0.0237466704,0.4978917052,0.5020988592,2.177388595e-05,1.935430047e-05,0.4438988911,0.4489658326,0.1071352764,0.1960027405,0.1968625678
21.76,13.77722693,-0.4986607341,0.0471759814,0.4987314867,0.02588967428,0.5008873137,0.4994030147,2.078898971e-05,1.889219877e-05,0.4470058524,0.446410412,0.1065837356,0.1961177509,0.1970070406
21.784,13.7620482,-0.5015227527,0.04921027432,0.495872458,0.02791236676,0.5039312677,0.496657422,1.994101779e-05,1.85054517e-05,0.4501485165,0.4437954679,0.1060560156,0.1962017935,0.1971268727
21.808,13.74690288,-0.5044337326,0.05112553037,0.4929641285,0.02981516568,0.5070179587,0.4938649371,1.916602525e-05,1.812136774e-05,0.453323444,0.4411247686,0.1055517874,0.1962562332,0.1972221922
21.832,13.73179086,-0.5073895909,0.052922431,0.4900105126,0.03159861177,0.5101421181,0.491028283,1.842339154e-05,1.769571773e-05,0.4565281919,0.4384018736,0.1050699345,0.1962832109,0.1972930985
21.856,13.71671202,-0.5103865147,0.05460180938,0.4870153347,0.03326334617,0.5132988915,0.4881499631,1.768986978e-05,1.720107513e-05,0.4597609076,0.4356299684,0.104609124,0.1962851553,0.1973395817
21.88,13.70166627,-0.5134211274,0.05616466796,0.4839818395,0.03481007162,0.5164840017,0.4852320703,1.696295779e-05,1.662470392e-05,0.4630200733,0.4328115068,0.1041684199,0.196264349,0.1973613444
21.904,13.68665349,-0.5164908957,0.05761223511,0.4809123269,0.03623946897,0.5196941552,0.4822758187,1.629025496e-05,1.598953606e-05,0.4663046051,0.4299473325,0.1037480624,0.1962225898,0.197357367
21.928,13.67167357,-0.5195953396,0.05894615144,0.4778067698,0.03755196651,0.5229282606,0.4792801472,1.590972711e-05,1.547945933e-05,0.4696147205,0.4270340731,0.1033512064,0.1961607545,0.1973246134
21.952,13.6567264,-0.5227408106,0.06016923954,0.4746573631,0.03874686418,0.526192258,0.4762362143,1.701928641e-05,1.62142533e-05,0.4729553407,0.4240537612,0.102990898,0.196077048,0.1972528291
21.976,13.64181189,-0.5259731007,0.06129095433,0.4714114426,0.03981660329,0.5295321367,0.4730899599,2.760514991e-05,2.637924465e-05,0.4763524521,0.4209014769,0.102746071,0.1959481675,0.1970873661
22,13.62692991,-0.5357388513,0.06466771423,0.4615336199,0.04083577425,0.5396276772,0.4633366409,0.0004349774688,0.0004549969103,0.4829202875,0.407463421,0.1096162915,0.1917220682,0.1927823712
22.024,13.61208037,-0.5318626044,0.06310588601,0.4655843262,0.0417405078,0.5355932998,0.467451639,4.125116468e-05,4.519928893e-05,0.4826048107,0.4158303341,0.1015648551,0.1957446262,0.1973192973
22.048,13.59726315,-0.5351447271,0.0638989427,0.4622845214,0.04247475584,0.5389461511,0.4642317133,2.65335549e-05,2.935034087e-05,0.4860830723,0.412620816,0.1012961117,0.1956201178,0.1971097315
22.072,13.58247816,-0.5383597367,0.06457498532,0.4590630183,0.04311705414,0.5422187149,0.4610834362,2.165828067e-05,2.411795101e-05,0.4894683791,0.4095403817,0.1009912391,0.1954672439,0.196942446
22.096,13.56772529,-0.5415605414,0.06514357571,0.4558580926,0.04365724073,0.545464486,0.4579438342,1.908196792e-05,2.135037304e-05,0.4928287838,0.4064855461,0.10068567,0.195297278,0.1967729904
22.12,13.55300443,-0.5447551249,0.06560798364,0.452660091,0.04409475472,0.5486916744,0.4548027104,1.736569182e-05,1.949959773e-05,0.4961742698,0.4034377911,0.1003879391,0.195111716,0.1965922853
22.144,13.53831548,-0.5479442676,0.06597045667,0.4494676987,0.04443058415,0.5519012788,0.4516583764,1.605187078e-05,1.807162047e-05,0.4995059513,0.4003927984,0.1001012504,0.1949109295,0.1963975091
22.168,13.52365834,-0.551126798,0.06623297506,0.446281873,0.04466617701,0.5550923837,0.4485115132,1.495112636e-05,1.686121231e-05,0.5028226088,0.3973502396,0.09982715166,0.1946950541,0.1961876618
22.192,13.50903289,-0.5543008895,0.06639743731,0.443104347,0.04480317188,0.5582634645,0.4453636565,1.396982393e-05,1.57668801e-05,0.5061222609,0.3943112177,0.09956652148,0.1944641649,0.1959624309
22.216,13.49443905,-0.5574644891,0.06646571864,0.4399371354,0.04484330607,0.5614128146,0.4422166948,1.305429761e-05,1.47309253e-05,0.5094026764,0.3912774159,0.09931990775,0.1942183279,0.1957218104
22.24,13.47987671,-0.5606154873,0.06643969155,0.4367823388,0.04478837635,0.5645387119,0.4390726706,1.216893061e-05,1.37159178e-05,0.5126615775,0.3882507599,0.09908766252,0.1939576202,0.1954659496
22.264,13.46534576,-0.5637517943,0.06632123252,0.4336420557,0.04464021854,0.5676394908,0.4359336895,1.128605465e-05,1.269398436e-05,0.515896732,0.3852332675,0.09887000058,0.1936821403,0.1951950857
22.288,13.45084611,-0.5668713771,0.066112223,0.4305183404,0.04440069525,0.5707135746,0.4328018751,1.03804575e-05,1.164120126e-05,0.5191059991,0.3822269749,0.09866702606,0.1933920148,0.1949095116
22.312,13.43637764,-0.5699722782,0.06581454779,0.42741318,0.0440716872,0.5737594903,0.4296793457,9.425707088e-06,1.053414893e-05,0.5222873552,0.3792339005,0.09847874423,0.1930874025,0.1946095603
22.336,13.42194028,-0.5730526263,0.06543009209,0.4243284839,0.04365508658,0.5767758746,0.4265681996,8.390993428e-06,9.347334858e-06,0.5254389081,0.3762560259,0.09830506598,0.1927684986,0.1942955969
22.36,13.4075339,-0.576110641,0.06496073786,0.4212660771,0.04315279143,0.5797614752,0.423470508,7.237709307e-06,8.050813965e-06,0.5285589055,0.3732952859,0.09814580858,0.1924355373,0.1939680147
22.384,13.39315842,-0.5791446351,0.0644083596,0.4182276975,0.04256670075,0.5827151492,0.4203883098,5.915189129e-06,6.607582361e-06,0.5316457404,0.3703535652,0.09800069442,0.1920887952,0.1936272342
22.408,13.37881373,-0.5821530156,0.0637748198,0.4152149954,0.04189870995,0.5856358606,0.4173236086,4.355636014e-06,4.970473877e-06,0.5346979542,0.3674326971,0.09786934869,0.1917285929,0.1932737028
22.432,13.36449973,-0.5851342833,0.06306196395,0.4122295334,0.04115070667,0.5885226765,0.4142783712,2.476239502e-06,3.079027998e-06,0.5377142388,0.3645344648,0.09775129644,0.191355298,0.1929078959
22.456,13.35021633,-0.5880870308,0.06227161507,0.409272788,0.0403245667,0.5913747626,0.4112545267,6.698602872e-07,8.774011097e-07,0.5406934365,0.3616606041,0.0976459594,0.1909693266,0.1925303184
22.48,13.33596343,-0.591009941,0.06140556764,0.4063461511,0.03942215008,0.5941913783,0.4082539656,3.250519695e-06,1.886720745e-06,0.5436345403,0.3588128069,0.09755265287,0.1905711462,0.1921415064
22.504,13.32174093,-0.5939017836,0.06046558078,0.4034509322,0.03844529715,0.5969718712,0.4052785407,7.448820612e-06,5.167240945e-06,0.5465366919,0.3559927254,0.09747058276,0.1901612768,0.1917420297
22.528,13.30754874,-0.5967614112,0.05945337037,0.4005883612,0.03739582466,0.5997156702,0.402330067,1.333518017e-05,9.258109085e-06,0.5493991794,0.3532019772,0.09739884342,0.1897402941,0.1913324943
22.552,13.29338675,-0.5995877536,0.05837060005,0.397759591,0.03627552165,0.6024222781,0.3994103225,2.174887955e-05,1.438524248e-05,0.5522214323,0.3504421511,0.09733641665,0.1893088307,0.1909135452
22.576,13.27925487,-0.6023798094,0.05721887068,0.3949657011,0.03508614521,0.6050912608,0.3965210494,3.364622335e-05,2.076789012e-05,0.5550030143,0.3477148127,0.09728217303,0.1888675793,0.1904858696
22.6,13.26515301,-0.6051366349,0.05599970827,0.3922077013,0.03382941579,0.6077222345,0.3936639561,4.856642022e-05,2.844240257e-05,0.5577436117,0.3450215112,0.09723487714,0.1884172951,0.1900502
22.624,13.25108106,-0.6078573272,0.05471455045,0.3894865361,0.03250701212,0.6103148468,0.390840719,6.12325179e-05,3.691532534e-05,0.5604430145,0.3423637861,0.09719319942,0.1879587985,0.1896073171
22.648,13.23703894,-0.6105409992,0.05336473226,0.3868030898,0.03112056532,0.6128687513,0.3880529859,6.50748574e-05,4.485952158e-05,0.5631010893,0.3397431736,0.0971557371,0.1874929787,0.1891580518
22.672,13.22302655,-0.6131867444,0.05195147335,0.3841581927,0.02967165212,0.6153835707,0.3853023799,6.217421382e-05,5.058169662e-05,0.5657177393,0.3371612135,0.09712104725,0.1870207963,0.1887032869
22.696,13.2090438,-0.6157935847,0.05047587102,0.3815526298,0.02816178678,0.6178588451,0.3825905063,5.761617409e-05,5.331042497e-05,0.568292843,0.3346194551,0.09708770196,0.1865432872,0.1882439567
22.72,13.19509058,-0.6183603982,0.04893890799,0.3789871506,0.02659241138,0.6202939616,0.3799189606,5.357702407e-05,5.364169691e-05,0.5708261667,0.3321194651,0.0970543682,0.186061565,0.1877810456
22.744,13.18116681,-0.620885824,0.04734149062,0.3764624843,0.02496488392,0.6226880625,0.3772893419,5.044657163e-05,5.266799377e-05,0.5733172497,0.3296628362,0.0970199141,0.185576824,0.1873155859
22.768,13.1672724,-0.623368149,0.04568454289,0.3739793601,0.023280464,0.62503994,0.3747032717,4.811882582e-05,5.121956096e-05,0.5757652734,0.327251121,0.09698360563,0.1850903444,0.1868485766
22.792,13.15340725,-0.6258052015,0.04396919018,0.3715385373,0.02154029559,0.6273479417,0.3721624229,4.641731788e-05,4.974057899e-05,0.5781689222,0.3248860156,0.09694506227,0.1846034801,0.1863811441
22.816,13.13957127,-0.6281943137,0.04219706361,0.3691408498,0.01974538738,0.6296099491,0.3696685642,4.519177865e-05,4.842089917e-05,0.5805262466,0.3225690537,0.0969046997,0.1841175566,0.185914204
22.84,13.12576436,-0.6305324633,0.04037071756,0.3667872749,0.01789659278,0.6318235371,0.3672236281,4.432911146e-05,4.732166088e-05,0.5828351033,0.3203020618,0.09686283496,0.1836341192,0.1854488665
22.864,13.11198644,-0.6328167349,0.03849404853,0.3644790385,0.01599459544,0.6339864444,0.3648298186,4.374659342e-05,4.64473485e-05,0.5850934197,0.3180868081,0.09681977214,0.1831546061,0.1849860094
22.888,13.09823742,-0.635045163,0.03657244391,0.3622177802,0.01403991602,0.6360974004,0.3624897785,4.338365062e-05,4.578055653e-05,0.5873003324,0.3159252627,0.09677440496,0.1826804277,0.184526421
22.912,13.0845172,-0.6372177497,0.03461229992,0.3600058081,0.012032977,0.6381570902,0.3602068494,4.319539102e-05,4.529738797e-05,0.5894573387,0.3138197186,0.09672294266,0.1822128651,0.1840707422
22.936,13.07082569,-0.6393370875,0.03261977137,0.3578464797,0.009974308885,0.6401686973,0.3579854604,4.314800333e-05,4.497380485e-05,0.5915689151,0.3117730341,0.09665805077,0.1817529523,0.1836194423
22.96,13.0571628,-0.6414079759,0.03059920318,0.3557447213,0.007865075728,0.6421374485,0.3558316542,4.321557156e-05,4.478795811e-05,0.5936418302,0.3097889728,0.09656919699,0.1813013255,0.1831728047
22.984,13.04352845,-0.6434360043,0.02855215113,0.3537075608,0.005708262682,0.6440691864,0.3537536189,4.337787331e-05,4.472079889e-05,0.5956831639,0.3078725418,0.0964442943,0.1808580451,0.182730917
23.008,13.02992255,-0.6454258802,0.02647759161,0.351744094,0.003511035849,0.6459687529,0.3517616167,4.361884411e-05,4.475599685e-05,0.5976980417,0.3060298891,0.09627206916,0.1804224101,0.1822936521
23.032,13.016345,-0.6473804168,0.02437305217,0.3498632053,0.001288455119,0.6478390616,0.3498655778,4.392549127e-05,4.48796128e-05,0.5996882573,0.3042665453,0.09604519738,0.1799928056,0.1818606208
23.056,13.00279571,-0.6493004758,0.02223587523,0.3480660777,-0.0009336826526,0.6496811079,0.34806733,4.42871126e-05,4.507971491e-05,0.6016521746,0.3025819365,0.09576588891,0.1795666306,0.1814310682
23.08,12.98927461,-0.6511855216,0.02006403601,0.3463333298,-0.003124798806,0.6514945503,0.3463474263,4.469472371e-05,4.534601251e-05,0.603585509,0.3009602439,0.09545424714,0.1791403579,0.1810037021
23.104,12.9757816,-0.6530343008,0.01785641884,0.3446204526,-0.005272072914,0.653278386,0.3446607768,4.514062922e-05,4.566953187e-05,0.6054824016,0.2993675203,0.0951500781,0.1787097499,0.1805764671
23.128,12.96231659,-0.6548453607,0.01561274066,0.3428824294,-0.007401702524,0.6550314527,0.3429623093,4.561809362e-05,4.604233674e-05,0.6073364233,0.2977694878,0.09489408883,0.1782702172,0.1801463401
23.152,12.94887949,-0.6566173472,0.01333333707,0.3411088561,-0.009563041372,0.6567527073,0.3412428805,4.612108094e-05,4.645728825e-05,0.609141389,0.2961559913,0.0947026197,0.1778172683,0.1797092857
23.176,12.93547023,-0.6583491311,0.01101894299,0.3393235011,-0.01179112806,0.658441338,0.3395283039,4.664404107e-05,4.690783547e-05,0.6108919844,0.2945400092,0.09456800647,0.1773469866,0.1792605378
23.2,12.92208871,-0.6600398333,0.00867052024,0.337557139,-0.01409392724,0.6600967804,0.3378512407,4.718172582e-05,4.738782764e-05,0.6125842306,0.2929387509,0.09447701848,0.1768564689,0.1787952878
23.224,12.90873484,-0.6616888023,0.006289139124,0.3358306485,-0.0164636207,0.6617186898,0.3362339592,4.772902144e-05,4.789133826e-05,0.6142157896,0.2913629127,0.09442129769,0.176344163,0.1783096351
23.248,12.89540855,-0.663295575,0.003875903977,0.3341540079,-0.01888873259,0.6633068992,0.334687444,4.828078534e-05,4.841249138e-05,0.615786076,0.2898171242,0.09439679978,0.1758100312,0.1778014367
23.272,12.88210975,-0.6648598362,0.001431909493,0.332530521,-0.02135942405,0.6648613781,0.3332158045,4.883167531e-05,4.894527891e-05,0.6172961365,0.2883034456,0.09440041794,0.175255482,0.1772706708
23.296,12.86883834,-0.6663813826,-0.001041783189,0.3309603496,-0.02386849288,0.666382197,0.3318199179,4.93759577e-05,4.94833559e-05,0.6187483023,0.2868236534,0.09442804429,0.1746830674,0.176719193
23.32,12.85559425,-0.6678600942,-0.00354415849,0.3294424566,-0.02641091995,0.6678694981,0.3304994234,4.990727757e-05,5.001979631e-05,0.6201456966,0.2853799584,0.09447434502,0.1740960277,0.176150087
23.344,12.8423774,-0.6692959102,-0.006074251692,0.3279754961,-0.02898320702,0.6693234734,0.3292536291,5.041836759e-05,5.054678539e-05,0.6214917267,0.2839748995,0.09453337379,0.1734978122,0.1755669446
23.368,12.82918769,-0.6706888113,-0.008631150816,0.3265581694,-0.03158285111,0.6707443465,0.3280818716,5.090066153e-05,5.105521296e-05,0.6227896765,0.2826110329,0.0945992906,0.1728916956,0.1749733158
23.392,12.81602505,-0.6720388038,-0.01121399722,0.3251893441,-0.03420798849,0.6721323586,0.3269836326,5.134375998e-05,5.15341128e-05,0.6240424548,0.2812906951,0.09466685014,0.1722805446,0.1743723964
23.416,12.80288939,-0.6733459068,-0.01382198643,0.3238680773,-0.03685716709,0.6734877561,0.3259585591,5.173466412e-05,5.196986027e-05,0.6252524936,0.2800158974,0.09473160902,0.1716667333,0.1737669125
23.44,12.78978063,-0.6746101397,-0.01645437051,0.322593606,-0.03952920409,0.6748107786,0.3250064501,5.205663747e-05,5.234498115e-05,0.6264217567,0.2787883216,0.0947899217,0.1710521671,0.1731591263
23.464,12.77669869,-0.6758315076,-0.01911046358,0.3213653334,-0.04222309713,0.6761016465,0.3241272396,5.228745241e-05,5.263631713e-05,0.6275518126,0.2776093781,0.09483880924,0.1704383735,0.1725509079
23.488,12.76364348,-0.6770099833,-0.02178965292,0.3201828223,-0.04493796869,0.677360544,0.3233209872,5.239658024e-05,5.2812085e-05,0.628643939,0.2764803075,0.09487575351,0.1698266298,0.1719438439
23.512,12.75061492,-0.6781454809,-0.02449142035,0.3190458056,-0.04767303116,0.6785875941,0.3225878857,5.234048225e-05,5.282694579e-05,0.6296992466,0.2754023266,0.09489842681,0.1692181209,0.1713393799
23.536,12.73761293,-0.6792378099,-0.02721538306,0.3179542271,-0.05042756484,0.6797828179,0.3219282992,5.205429409e-05,5.261329064e-05,0.6307188319,0.2743768541,0.09490431401,0.1686141496,0.1707390215
23.56,12.72463744,-0.6802865939,-0.02996137477,0.316908339,-0.05320090386,0.680946058,0.3213428566,5.14361805e-05,5.206483194e-05,0.6317040051,0.2734058998,0.09489009517,0.1680164685,0.1701446656
23.584,12.71168835,-0.6812911024,-0.03272961806,0.3159089229,-0.05599242623,0.6820768242,0.3208326657,5.031548578e-05,5.10031667e-05,0.632656718,0.2724928439,0.09485043816,0.1674279213,0.1695592419
23.608,12.69876559,-0.6822498712,-0.03552112865,0.3149578169,-0.05880154054,0.6831739437,0.3203998246,4.838095076e-05,4.910233529e-05,0.633580569,0.2716442711,0.0947751599,0.1668539293,0.168988221
23.632,12.68586908,-0.683159706,-0.03833881321,0.3140593458,-0.06162763965,0.6842346444,0.3200488067,4.499506838e-05,4.569349111e-05,0.6344837466,0.2708748239,0.09464142949,0.1663066961,0.1684435831
23.656,12.67299873,-0.6840124607,-0.04119118538,0.313225103,-0.06446983282,0.6852516035,0.3197910638,3.860841231e-05,3.91482117e-05,0.6353905246,0.2702257279,0.09438374743,0.165820763,0.1679594019
23.68,12.66015448,-0.6847804137,-0.04411070361,0.312496953,-0.06732454888,0.6861996569,0.3196669212,2.422240656e-05,2.42231152e-05,0.6364153021,0.2698676261,0.09371707181,0.1655453324,0.167680685
23.704,12.64733623,-0.685281132,-0.04737552811,0.3122032433,-0.0701181899,0.6869167858,0.3199803521,3.031288644e-05,3.438289593e-05,0.6391127665,0.2716292872,0.08925794633,0.167258095,0.1692418603
23.728,12.63454391,-0.6875650019,-0.04899396011,0.3096476391,-0.07278301332,0.689308378,0.3180865094,0.0003928071869,0.0003894699203,0.637600741,0.2657505619,0.09664869705,0.1624545468,0.1645713828
23.752,12.62177745,-0.6875601008,-0.05226494723,0.3096043292,-0.07593764676,0.689543702,0.3187810642,0.0001285704234,0.0001330901255,0.6379341816,0.2662282484,0.09583756998,0.1624636482,0.1646068638
23.776,12.60903676,-0.6881301568,-0.05524826008,0.3090558484,-0.07887702586,0.6903444668,0.3189625412,0.0001018558251,0.0001059762939,0.6386041744,0.2659150202,0.0954808054,0.1620286811,0.1641779063
23.8,12.59632176,-0.6887274966,-0.05819660159,0.3084728659,-0.08181396327,0.6911818928,0.3191379538,9.19170025e-05,9.600084749e-05,0.6392305651,0.2654999315,0.09526950338,0.1614981477,0.1636508887
23.824,12.58363239,-0.6893053483,-0.06114234599,0.307905669,-0.08475986394,0.6920117409,0.3193589446,8.678182833e-05,9.099021982e-05,0.6398106283,0.2650759911,0.0951133806,0.1609303711,0.1630858473
23.848,12.57096855,-0.6898519574,-0.06409409426,0.3073675355,-0.08771679519,0.6928230481,0.3196389182,8.362089375e-05,8.804529983e-05,0.6403468886,0.2646699939,0.09498311755,0.1603431056,0.1625009481
23.872,12.55833018,-0.6903630407,-0.06705487001,0.3068633821,-0.09068518239,0.6936119114,0.3199827145,8.140416527e-05,8.610896105e-05,0.6408408417,0.2642922849,0.09486687342,0.1597433515,0.1619033399
23.896,12.54571719,-0.6908367041,-0.07002583106,0.3063953763,-0.09366499713,0.6943766764,0.3203923506,7.965129361e-05,8.468947318e-05,0.6412932219,0.2639474943,0.09475928381,0.1591342467,0.1612962288
23.92,12.53312952,-0.6912720119,-0.07300736868,0.305964567,-0.09665605494,0.6951165876,0.3208686791,7.809141195e-05,8.351135819e-05,0.6417043378,0.2636378364,0.09465782572,0.1585172614,0.1606811203
23.944,12.52056707,-0.691668475,-0.07599951385,0.3055714798,-0.09965811312,0.6958313052,0.3214119923,7.654197013e-05,8.239046945e-05,0.6420742619,0.2633643621,0.09456137598,0.1578930507,0.1600586866
23.968,12.50802979,-0.6920258361,-0.07900211172,0.3052163713,-0.1026709093,0.6965207042,0.3220222801,7.4856068e-05,8.117904839e-05,0.6424029328,0.2631275084,0.0944695588,0.1572618358,0.1594291529
23.992,12.49551759,-0.6923439693,-0.08201490525,0.3048993495,-0.1056941785,0.6971847793,0.3226993535,7.289517136e-05,7.973606564e-05,0.6426902146,0.2629273667,0.09438241868,0.1566235927,0.1587924877
24.016,12.4830304,-0.6926228289,-0.08503757895,0.3046204375,-0.1087276619,0.6978235973,0.3234429091,7.051335247e-05,7.790767e-05,0.6429359319,0.262763826,0.09430024202,0.1559781541,0.1581485045
24.04,12.47056814,-0.6928624211,-0.08806978335,0.304379608,-0.111771111,0.6984372708,0.3242525667,6.755135863e-05,7.55140563e-05,0.6431398935,0.2626366544,0.09422345212,0.1553252677,0.1574969216
24.064,12.45813073,-0.6930627888,-0.09111114976,0.3041768041,-0.1148242908,0.6990259443,0.3251278916,6.385175099e-05,7.235028812e-05,0.6433019078,0.2625455493,0.09415254296,0.1546646329,0.1568373981
24.088,12.44571812,-0.6932240022,-0.09416129969,0.3040119529,-0.1178869805,0.6995897852,0.3260684095,5.933654802e-05,6.823565125e-05,0.6434217949,0.2624901709,0.09408803416,0.1539959238,0.1561695586
24.112,12.43333021,-0.6933461536,-0.09721985131,0.3038849733,-0.1209589756,0.7001289797,0.3270736168,5.426886677e-05,6.322322269e-05,0.6434993963,0.2624701653,0.09403043839,0.1533188053,0.1554930105
24.136,12.42096694,-0.6934293538,-0.1002864242,0.3037957826,-0.1240400878,0.7006437294,0.3281429885,4.996192844e-05,5.82460315e-05,0.6435345825,0.2624851817,0.09398023579,0.1526329444,0.1548073574
24.16,12.40862823,-0.6934737309,-0.1033606434,0.3037443004,-0.1271301458,0.701134251,0.3292759845,4.98379424e-05,5.632878467e-05,0.6435272597,0.2625348872,0.09393785306,0.1519380192,0.1541122101
24.184,12.39631401,-0.6934794288,-0.1064421424,0.303730452,-0.1302289956,0.7016007752,0.3304720545,5.794032329e-05,6.189642746e-05,0.6434773759,0.2626189786,0.09390364556,0.1512337247,0.153407196
24.208,12.38402421,-0.6934466073,-0.1095305669,0.3037541715,-0.1333365007,0.7020435472,0.3317306424,7.327704457e-05,7.477169081e-05,0.643384926,0.2627371919,0.09387788215,0.1505197784,0.1526919672
24.232,12.37175875,-0.6933754417,-0.1126255776,0.3038154034,-0.1364525422,0.7024628274,0.3330511907,9.002937392e-05,8.915976854e-05,0.6432499565,0.2628893117,0.09386073183,0.1497959245,0.1519662081
24.256,12.35951756,-0.6932661232,-0.1157268535,0.3039141055,-0.1395770193,0.7028588921,0.334433144,0.0001034792936,0.0001006143695,0.6430725701,0.2630751799,0.09385225001,0.1490619372,0.1512296419
24.28,12.34730058,-0.6931188589,-0.1188340957,0.30405025,-0.1427098486,0.7032320349,0.3358759524,0.0001124518761,0.0001083594795,0.642852931,0.2632947036,0.09385236548,0.1483176234,0.1504820364
24.304,12.33510772,-0.6929338718,-0.1219470316,0.3042238261,-0.1458509647,0.7035825674,0.337379075,0.0001178830101,0.0001133094797,0.6425912685,0.2635478616,0.09386086992,0.1475628255,0.1497232085
24.328,12.32293892,-0.6927114008,-0.1250654184,0.304434841,-0.1490003197,0.7039108208,0.3389419828,0.0001210528241,0.0001164951174,0.6422878808,0.2638347094,0.09387740977,0.1467974225,0.1489530282
24.352,12.3107941,-0.6924517007,-0.1281890489,0.3046833226,-0.1521578833,0.704217147,0.3405641621,0.000122908982,0.0001186330961,0.6419431369,0.2641553834,0.09390147963,0.1460213318,0.1481714209
24.376,12.2986732,-0.692155041,-0.131317756,0.3049693202,-0.1553236421,0.7045019189,0.3422451169,0.0001240318644,0.0001201551523,0.6415574792,0.2645101032,0.09393241756,0.1452345101,0.1473783687
24.4,12.28657615,-0.6918217049,-0.1344514192,0.3052929075,-0.1584975995,0.7047655322,0.3439843723,0.0001247521095,0.0001213094632,0.6411314239,0.2648991725,0.09396940362,0.1444369529,0.1465739094
24.424,12.27450287,-0.6914519872,-0.137589971,0.3056541833,-0.1616797752,0.7050084047,0.3457814764,0.0001252529969,0.0001222370752,0.6406655592,0.2653229777,0.09401146307,0.1436286928,0.1457581333
24.448,12.26245329,-0.6910461918,-0.1407334039,0.3060532741,-0.1648702045,0.7052309765,0.3476360035,0.0001256348617,0.000123018097,0.6401605442,0.2657819866,0.09405746917,0.1428097982,0.1449311806
24.472,12.25042735,-0.6906046274,-0.1438817787,0.3064903359,-0.1680689374,0.7054337089,0.3495475557,0.0001259518302,0.0001236978837,0.6396171134,0.2662767551,0.09410613143,0.1419803799,0.1440932461
24.496,12.23842497,-0.6901276025,-0.1470352322,0.3069655558,-0.1712760383,0.7056170826,0.351515766,0.0001262321611,0.0001243016871,0.639036102,0.2668079336,0.09415596442,0.1411406188,0.1432445844
24.52,12.22644608,-0.6896154181,-0.150193987,0.3074791544,-0.1744915842,0.7057815941,0.3535402994,0.0001264894777,0.0001248429098,0.6384188688,0.2673762459,0.09420488531,0.1402911942,0.142385487
24.544,12.21449063,-0.6890683591,-0.1533583601,0.3080313872,-0.177715664,0.7059277513,0.3556208553,0.0001267290246,0.0001253278281,0.6377647652,0.2679823537,0.09425288112,0.139430759,0.1415161453
24.568,12.20255853,-0.6884866827,-0.1565287724,0.3086225472,-0.1809483773,0.7060560663,0.3577571689,0.000126951193,0.0001257583424,0.6370761144,0.2686271856,0.09429669998,0.1385609295,0.1406369779
24.592,12.19064972,-0.6878706042,-0.1597057582,0.3092529663,-0.1841898324,0.7061670463,0.3599490124,0.0001271535305,0.0001261336076,0.6363537047,0.2693117126,0.0943345827,0.1376817912,0.1397484052
24.616,12.17876414,-0.6872202797,-0.1628899731,0.3099230176,-0.1874401451,0.7062611813,0.3621961966,0.0001273318964,0.0001264510154,0.6355984097,0.2700368911,0.09436469924,0.1367935373,0.1388507903
24.64,12.1669017,-0.686535785,-0.166082201,0.3106331169,-0.1906994363,0.7063389283,0.3644985711,0.0001274811274,0.0001267067939,0.6348111763,0.2708037418,0.09438508183,0.1358964785,0.1379445174
24.664,12.15506236,-0.6858170907,-0.1692833586,0.3113837251,-0.1939678304,0.7064006918,0.3668560255,0.0001275954175,0.0001268963778,0.6339929118,0.2716133407,0.09439374753,0.1349909581,0.1370299811
24.688,12.14324603,-0.685064033,-0.1724944962,0.3121753491,-0.1972454529,0.7064467995,0.3692684894,0.0001276685301,0.0001270146369,0.6331444323,0.2724668107,0.09438875695,0.1340773355,0.1361075773
24.712,12.13145265,-0.6842762809,-0.1757167937,0.3130085442,-0.2005324277,0.7064774733,0.3717359322,0.0001276939096,0.0001270560178,0.6322664147,0.2733653168,0.09436826846,0.1331559781,0.1351776974
24.736,12.11968216,-0.6834532996,-0.1789515496,0.3138839152,-0.2038288746,0.7064927953,0.3742583631,0.0001276647303,0.0001270146303,0.6313593444,0.2743100609,0.09433059473,0.1322272583,0.1342407225
24.76,12.10793449,-0.6825943108,-0.182200162,0.3148021176,-0.2071349066,0.7064926696,0.37683583,0.000127573909,0.000126884297,0.6304234561,0.2753022774,0.09427426657,0.1312915476,0.1332970185
24.784,12.09620957,-0.6816982535,-0.1854640987,0.3157638588,-0.2104506266,0.70647678,0.3794684187,0.000127414093,0.000126658581,0.629458669,0.2763432284,0.09419810257,0.1303492121,0.1323469316
24.808,12.08450734,-0.6807637444,-0.1887448556,0.3167698991,-0.2137761245,0.7064445458,0.3821562513,0.0001271776324,0.0001263307971,0.6284645186,0.2774341993,0.09410128213,0.1294006062,0.1313907829
24.832,12.07282772,-0.6797890453,-0.192043901,0.3178210523,-0.2171114736,0.7063950779,0.3848994846,0.0001268565422,0.0001258940125,0.6274400885,0.2785764933,0.09398341822,0.1284460664,0.1304288642
24.856,12.06117066,-0.678772038,-0.1953626066,0.3189181855,-0.2204567272,0.7063271392,0.3876983074,0.0001264424575,0.00012534104,0.626383949,0.279771426,0.09384462493,0.1274859054,0.1294614327
24.88,12.04953609,-0.6777102151,-0.1987021647,0.3200622197,-0.2238119154,0.7062391138,0.3905529387,0.0001259265815,0.0001246644259,0.6252941069,0.2810203199,0.09368557323,0.1265204051,0.1284887064
24.904,12.03792395,-0.6766006901,-0.2020634958,0.321254129,-0.227177041,0.7061289898,0.3934636239,0.0001252996297,0.0001238564329,0.6241679756,0.2823244971,0.09350752724,0.1255498098,0.1275108584
24.928,12.02633416,-0.6754402332,-0.2054471505,0.3224949398,-0.2305520766,0.7059943628,0.3964306323,0.0001245517691,0.0001229090204,0.6230023745,0.2836852729,0.09331235259,0.1245743187,0.1265280116
24.952,12.01476667,-0.6742253369,-0.2088532131,0.3237857296,-0.2339369606,0.7058324656,0.399454253,0.0001236725531,0.0001218138216,0.6217935637,0.2851039474,0.09310248893,0.1235940788,0.1255402323
24.976,12.00322141,-0.6729523122,-0.2122812183,0.3251276252,-0.2373315943,0.7056402272,0.4025347914,0.0001226508528,0.0001205621185,0.6205373218,0.2865817974,0.09288088074,0.1226091766,0.1245475246
25,11.99169832,-0.6716174157,-0.2157300898,0.3265218004,-0.2407358386,0.7054143638,0.4056725651,0.0001214747838,0.0001191448144,0.6192290692,0.2881200669,0.09265086398,0.1216196297,0.1235498226
25.024,11.98019733,-0.6702169989,-0.219198114,0.3279694733,-0.2441495115,0.7051515006,0.4088678997,0.0001201316301,0.0001175524062,0.6178640316,0.2897199569,0.09241601153,0.1206253784,0.1225469836
25.048,11.96871838,-0.6687476717,-0.2226829571,0.3294719033,-0.2475723858,0.7048483154,0.4121211245,0.0001186077648,0.0001157749548,0.6164374383,0.2913826151,0.0921799466,0.1196262764,0.1215387804
25.072,11.95726141,-0.6672064631,-0.2261817323,0.331030387,-0.2510041872,0.7045016966,0.4154325687,0.0001168885701,0.0001138020568,0.6149447357,0.2931091245,0.0919461398,0.1186220816,0.1205248924
25.096,11.94582635,-0.6655909642,-0.2296911151,0.3326462542,-0.2544445941,0.7041088978,0.4188025571,0.0001149583575,0.000111622818,0.6133817987,0.2949004912,0.09171771009,0.1176124455,0.1195048969
25.12,11.93441314,-0.6638994341,-0.2332075027,0.3343208633,-0.2578932366,0.7036676758,0.4222314071,0.0001128002925,0.0001092258304,0.6117451144,0.2967576328,0.0914972528,0.1165969037,0.1184782598
25.144,11.92302171,-0.6621308586,-0.2367272015,0.3360555966,-0.2613496985,0.7031763946,0.4257194251,0.0001103963289,0.0001065991571,0.6100319184,0.2986813658,0.0912867158,0.1155748644,0.1174443255
25.168,11.91165202,-0.6602849497,-0.2402466274,0.3378518549,-0.264813519,0.7026340846,0.429266905,0.0001077271601,0.00010373033,0.6082402663,0.3006723933,0.09108734043,0.1145455978,0.1164023068
25.192,11.90030399,-0.6583620887,-0.2437624974,0.3397110529,-0.2682841967,0.7020404511,0.4328741268,0.0001047722014,0.0001006063659,0.6063690309,0.302731294,0.0908996751,0.1135082249,0.1153512743
25.216,11.88897755,-0.6563632166,-0.2472719966,0.3416346134,-0.2717611949,0.7013958314,0.4365413567,0.0001015096194,9.721381525e-05,0.6044178286,0.304858511,0.09072366037,0.1124617059,0.1142901454
25.24,11.87767266,-0.6542896866,-0.2507729038,0.3436239637,-0.2752439492,0.7007011084,0.4402688497,9.791644055e-05,9.353885773e-05,0.6023868821,0.3070543431,0.09055877479,0.1114048292,0.1132176743
25.264,11.86638925,-0.6521430934,-0.2542636702,0.3456805311,-0.2787318764,0.6999575904,0.4440568527,9.39687826e-05,8.956747518e-05,0.6002768377,0.3093189378,0.09040422443,0.1103362006,0.1121324414
25.288,11.85512725,-0.6499250956,-0.2577434485,0.3478057403,-0.2822243863,0.6991668722,0.4479056119,8.964228369e-05,8.528574473e-05,0.598088557,0.3116522881,0.09025915491,0.1092542338,0.1110328437
25.312,11.84388662,-0.6476372476,-0.2612120769,0.3500010125,-0.2857208959,0.6983306907,0.4518153817,8.49128533e-05,8.068032824e-05,0.5958229026,0.3140542327,0.09012286468,0.1081571418,0.1099170871
25.336,11.83266727,-0.645280851,-0.2646700265,0.3522677661,-0.2892208458,0.6974507865,0.4557864376,7.975795996e-05,7.573928914e-05,0.5934805367,0.3165244626,0.08999500067,0.1070429308,0.1087831801
25.36,11.82146916,-0.6428568324,-0.2681183228,0.3546074204,-0.2927237196,0.6965287805,0.4598190934,7.415884962e-05,7.045347431e-05,0.5910617448,0.3190625339,0.08987572131,0.1059093973,0.1076289303
25.384,11.81029223,-0.6403656504,-0.2715584523,0.3570214029,-0.2962290656,0.6955660711,0.463913722,6.810445537e-05,6.481891522e-05,0.5885662929,0.3216678903,0.08976581678,0.1047541291,0.1064519447
25.408,11.79913641,-0.6378072303,-0.2749922624,0.3595111605,-0.2997365218,0.6945637533,0.4680707821,6.159856621e-05,5.884116219e-05,0.5859933235,0.3243398962,0.08966678033,0.1035745123,0.1052496357
25.432,11.78800165,-0.6351809233,-0.2784218648,0.3620781766,-0.3032458427,0.6935225592,0.4722908501,5.46737159e-05,5.254350685e-05,0.5833412891,0.3270778835,0.08958082747,0.102367746,0.1040192336
25.456,11.77688788,-0.6324854854,-0.281849545,0.3647239942,-0.3067569285,0.6924428173,0.4765746586,4.741999277e-05,4.598355232e-05,0.5806079229,0.329881215,0.08951086213,0.1011308653,0.1027578077
25.48,11.76579505,-0.62971907,-0.2852776826,0.3674502467,-0.3102698559,0.691324427,0.4809231407,4.004933793e-05,3.928892976e-05,0.577790243,0.3327493681,0.08946038892,0.09986077808,0.1014622993
25.504,11.7547231,-0.6268792295,-0.2887086836,0.3702586972,-0.3137849097,0.6901668439,0.485337483,3.304626641e-05,3.273901912e-05,0.5748845876,0.3356820414,0.08943337099,0.09855431408,0.100129568
25.528,11.74367197,-0.6239629215,-0.2921449238,0.3731512891,-0.3173026144,0.6889690733,0.4898191847,2.749236991e-05,2.695160134e-05,0.5718866778,0.3386792905,0.08943403175,0.09720829309,0.09875645606
25.552,11.73264159,-0.6209665153,-0.2955887027,0.3761302076,-0.3208237642,0.6877296665,0.4943701252,2.537398698e-05,2.320289234e-05,0.5687917073,0.3417416947,0.08946659804,0.09581961243,0.09733987341
25.576,11.72163192,-0.6178857959,-0.2990422065,0.3791979552,-0.3243494491,0.686446719,0.4989926395,2.845412923e-05,2.330249873e-05,0.5655944567,0.3448705617,0.08953498161,0.09438535784,0.09587690686
25.6,11.71064289,-0.6147159638,-0.3025074786,0.3823574415,-0.3278810765,0.6851178663,0.5036896003,3.619862222e-05,2.792239179e-05,0.5622894316,0.3480681721,0.0896423963,0.0929029395,0.09436495794
25.624,11.69967445,-0.6114516276,-0.3059863943,0.3856120908,-0.3314203831,0.683740277,0.508464507,4.695022866e-05,3.594122366e-05,0.558871023,0.3513380673,0.08979090965,0.09137025451,0.0928019111
25.648,11.68872653,-0.6080867885,-0.30948064,0.3889659659,-0.3349694349,0.6823106396,0.5133215805,5.956478654e-05,4.611378351e-05,0.5553336877,0.3546853807,0.08998093161,0.0897858752,0.09118633362
25.672,11.67779908,-0.6046148162,-0.3129916936,0.392423912,-0.3385306107,0.6808251436,0.5182658595,7.342638899e-05,5.774028727e-05,0.5516721413,0.358117209,0.09021064964,0.08814925972,0.08951770459
25.696,11.66689205,-0.6010284128,-0.3165208044,0.3959917194,-0.3421065626,0.679279451,0.5233032983,8.816909057e-05,7.047140649e-05,0.5478815576,0.3616430122,0.09047543022,0.08646097722,0.08779666521
25.72,11.65600537,-0.5973195649,-0.3200689722,0.3996763048,-0.3457001487,0.6776686576,0.5284408589,0.000103526567,8.411740402e-05,0.5439577543,0.3652750231,0.09076722258,0.08472293407,0.0860252746
25.744,11.64513898,-0.5934794816,-0.3236369206,0.4034859105,-0.3493143276,0.6759872421,0.5336865929,0.0001192681465,9.855565638e-05,0.5398973446,0.369028633,0.09107402239,0.08293857894,0.08420724387
25.768,11.63429284,-0.5894985147,-0.3272250655,0.4074303167,-0.3529520085,0.6742289985,0.5390497039,0.0001351739057,0.0001136889119,0.5356978152,0.3729227029,0.09137948188,0.08111305455,0.08234810674
25.792,11.62346689,-0.5853660608,-0.330833471,0.4115210614,-0.3566158446,0.6723869502,0.5445405812,0.0001510275477,0.0001294258261,0.5313574844,0.3769797299,0.09166278573,0.07925325083,0.08045526858
25.816,11.61266106,-0.5810704391,-0.334461792,0.415771658,-0.3603079597,0.6704532388,0.5501707894,0.0001666178142,0.0001456718371,0.5268752749,0.3812257796,0.09189894544,0.07736770172,0.07853786092
25.84,11.60187531,-0.5765987437,-0.3381091927,0.420197797,-0.3640295969,0.6684189834,0.5559529981,0.0001817437252,0.0001623255678,0.5222502294,0.3856900849,0.09205968567,0.07546625897,0.07660632252
25.864,11.59110957,-0.5719366665,-0.3417742346,0.424817509,-0.3677806791,0.6662741012,0.561900831,0.0001962206449,0.0001792787649,0.5174806953,0.3904042184,0.09211508629,0.07355947889,0.07467164236
25.888,11.5803638,-0.5670682878,-0.3454547179,0.4296512634,-0.3715592754,0.6640070822,0.5680286113,0.000209884922,0.000196418874,0.5125631334,0.3954007882,0.09203607837,0.07165768422,0.07274424632
25.912,11.56963793,-0.5619758358,-0.3491474607,0.4347219632,-0.3753609729,0.6616047078,0.5743509774,0.0002225953067,0.0002136336968,0.5074905672,0.4007116882,0.09179774455,0.06976972829,0.0708325973
25.936,11.55893191,-0.5566394197,-0.3528479915,0.4400547898,-0.3791781675,0.6590517041,0.5808823467,0.0002342296209,0.0002308175706,0.5022508859,0.4063660657,0.09138304841,0.06790168236,0.0689417117
25.96,11.54824569,-0.5510367503,-0.3565501253,0.4456768425,-0.3829993037,0.6563303224,0.5876362094,0.0002446750979,0.0002478782762,0.4968464257,0.4123908543,0.09076271994,0.06607687381,0.06707447825
25.984,11.5375792,-0.5451428779,-0.3602453908,0.4516165112,-0.3868081267,0.6534198488,0.5946242512,0.0002538099797,0.0002647433598,0.4911817875,0.4187950309,0.09002318165,0.06422422419,0.06521696069
26.008,11.52693241,-0.5389299965,-0.3639222718,0.4579025275,-0.3905830473,0.6502960564,0.6018553327,0.0002614715996,0.0002813633184,0.48528625,0.4255962602,0.08911748975,0.06240122066,0.06336633952
26.032,11.51630524,-0.5323674016,-0.3675652383,0.4645626612,-0.3942967791,0.6469306414,0.6093344042,0.0002674005337,0.0002977056642,0.4790892962,0.4327924442,0.08811825961,0.06056996997,0.06150393936
26.056,11.50569765,-0.5254217294,-0.3711535689,0.4716220835,-0.3979164703,0.6432907316,0.6170615099,0.0002711372469,0.0003137231498,0.4725333823,0.4403734554,0.08709316229,0.05871034333,0.05960845008
26.08,11.49510959,-0.5180576618,-0.3746600334,0.4791015185,-0.4014046228,0.6393386282,0.6250311482,0.0002718155197,0.0003292421375,0.4655535066,0.4483229527,0.08612354075,0.05679955118,0.05765890803
26.104,11.48454099,-0.5102393278,-0.378049636,0.4870154741,-0.4047211453,0.6350320456,0.633232404,0.0002677131278,0.0003435696486,0.4580798833,0.4566156178,0.08530449886,0.05481411275,0.05563222235
26.128,11.47399181,-0.5019326278,-0.3812788496,0.4953711013,-0.4078268864,0.6303252526,0.6416504479,0.0002551879823,0.0003539289521,0.4500419356,0.4652222417,0.08473582274,0.05273194643,0.05350681916
26.152,11.46346199,-0.4931085698,-0.3842961308,0.5041685925,-0.4106888947,0.6251716386,0.6502702037,0.0002259911987,0.0003479829347,0.4413741432,0.4741155959,0.08451026093,0.05053451436,0.05126413698
26.176,11.45295148,-0.4837472505,-0.3870449989,0.5134044988,-0.4132873505,0.6195282347,0.6590831612,0.0001609485914,0.0002663638504,0.4320244684,0.4832814987,0.08469403286,0.04820920894,0.0488908144
26.2,11.44246023,-0.4738410659,-0.389471439,0.5230799088,-0.4156234998,0.6133623379,0.6680984094,4.063806827e-05,3.397184516e-05,0.4219656644,0.4927372065,0.08529712911,0.0457523052,0.0463817207
26.224,11.43198818,-0.4633936962,-0.3915374338,0.5332160253,-0.4177267705,0.6066591133,0.6773588299,0.0002041470749,0.0002397654809,0.4112081024,0.5025592041,0.08623269348,0.04317278094,0.04374416216
26.248,11.42153528,-0.4524080893,-0.3932409869,0.5438801506,-0.4196571982,0.5994260197,0.6869627226,0.0003679329117,0.0003460946,0.3998087328,0.5129212988,0.08726996836,0.0404970444,0.04100339679
26.272,11.41110148,-0.4408523609,-0.394638061,0.5552249511,-0.4214956146,0.5916840401,0.6970891618,0.0004524795762,0.00041399094,0.3878641322,0.5241426873,0.08799318052,0.03777392419,0.03820921637
26.296,11.40068672,-0.4285895291,-0.3958500848,0.5675414926,-0.4233075115,0.5834263228,0.708020194,0.0005069216078,0.000477891284,0.3754651056,0.5367342111,0.08780068332,0.03507857448,0.03544138754
26.31078971,11.39427821,-0.4205389989,-0.3965690727,0.5758174437,-0.4244035616,0.5780312093,0.715320985,0.0005377814452,0.0005229717325,0.3675917178,0.5454780846,0.08693019769,0.03347134959,0.03379369945
26.32,11.39029096,-0.4152627106,-0.3970179431,0.5813170086,-0.4250559989,0.5745140259,0.7201403104,0.0005572406492,0.0005551100685,0.3625747504,0.5514110164,0.08601423317,0.03250807387,0.0328086416
26.344,11.37991414,-0.40016175,-0.3981296107,0.5972592354,-0.4264289155,0.5644790634,0.7338666189,0.0006049772328,0.0006573603912,0.3488158519,0.5690086167,0.08217553141,0.03017887285,0.03044797028
26.368,11.3695562,-0.3822031928,-0.3986341531,0.616180069,-0.426564732,0.5522576107,0.7494233436,0.0006131768171,0.0007509581742,0.3331846121,0.5901251089,0.07669027898,0.02819576747,0.02848919705
26.392,11.35921711,-0.3603606565,-0.3969099925,0.6385408319,-0.4238149927,0.5360945298,0.7663899412,0.0005061272087,0.0006403457284,0.3139945947,0.6143419416,0.0716634637,0.02659699363,0.02698798955
26.416,11.3488968,-0.3348607729,-0.3903192087,0.6636324229,-0.4161212621,0.5142769895,0.7833038347,0.0003188963132,0.0003653980915,0.28974081,0.6393210954,0.07093809462,0.0252598864,0.02575606433
26.44,11.33859523,-0.307792498,-0.3773414951,0.6897019218,-0.4028474817,0.4869525908,0.7987332686,0.0001621197052,0.0001718066437,0.2610343916,0.6622304612,0.07673514718,0.0239115396,0.02425559727
26.464,11.32831235,-0.2775768234,-0.3594124406,0.7194519289,-0.3854203966,0.4541213443,0.8161862289,5.502808069e-05,5.611270123e-05,0.2296075273,0.6896236366,0.08076883606,0.02338132891,0.0234636733
26.488,11.3180481,-0.2336957607,-0.3211296942,0.7633358921,-0.3471670723,0.3971624215,0.8385741829,4.077090171e-05,4.098616032e-05,0.1862528855,0.7317971139,0.0819500006,0.02851489473,0.028590452
26.49816,11.3137085,-0.197092083,-0.2588902348,0.799611394,-0.2869562388,0.3253758486,0.8495423853,0.0004257117955,0.0004178993989,0.147686599,0.7640119616,0.08830143945,0.04181697488,0.04228952258
26.512,11.30780243,-0.2625566479,-0.2297469586,0.734363329,-0.256024938,0.3488834452,0.777713487,1.106183279e-05,1.224528976e-05,0.2228531412,0.708050787,0.06909607179,0.1011334828,0.1032125189
26.536,11.29757529,-0.2968493551,-0.2169328428,0.7002097921,-0.2431942057,0.3676675099,0.7412402948,7.456857867e-05,7.915950104e-05,0.2608671164,0.6776435712,0.06148931239,0.125687713,0.1282063903
26.56,11.28736664,-0.3167314426,-0.2104068562,0.6802001466,-0.236679128,0.380249723,0.7202008394,1.379550516e-05,1.184264765e-05,0.280875886,0.6572279986,0.06189611548,0.1362860339,0.1385387494
26.584,11.27717642,-0.3309229045,-0.2055490864,0.6659568738,-0.231929698,0.3895643665,0.7051878775,7.717100696e-05,7.615473498e-05,0.2960316729,0.6437964726,0.06017185446,0.1442712714,0.1465065242
26.608,11.26700459,-0.342172,-0.2018312813,0.6547425367,-0.2283073099,0.3972625627,0.6934060983,9.635966861e-05,9.47167728e-05,0.3073506837,0.6326201904,0.06002912593,0.1495331307,0.1518081643
26.632,11.25685108,-0.3514603973,-0.1989931327,0.6455331278,-0.2255116942,0.4038844856,0.6837898386,0.0001073679152,0.0001054588336,0.3162618421,0.6229989658,0.06073919211,0.1531391528,0.1554304114
26.656,11.24671586,-0.3592870439,-0.1968038947,0.637791271,-0.2233098272,0.4096571162,0.6757551215,0.0001143576088,0.000112326726,0.3238624905,0.6150192452,0.06111826433,0.1560435246,0.1583742483
26.68,11.23659888,-0.365974295,-0.1950825704,0.6311704974,-0.2215348256,0.4147220682,0.6689199322,0.0001187108558,0.000116645592,0.3306959516,0.6085835029,0.0607205455,0.1587015436,0.1611296136
26.704,11.22650007,-0.371754643,-0.1936983409,0.6254276465,-0.2200742063,0.4191903647,0.6630176448,0.0001211112166,0.0001190762188,0.3369490057,0.6033959681,0.05965502617,0.1612284292,0.1638035567
26.728,11.21641941,-0.3768035464,-0.1925601103,0.6203860971,-0.2188534,0.4231551827,0.6578569146,0.0001219642538,0.0001200125145,0.3426501203,0.5991035463,0.05824633336,0.1635897968,0.1663278118
26.752,11.20635683,-0.3812561605,-0.191605429,0.6159150818,-0.2178224115,0.426695325,0.6532977813,0.0001215344774,0.0001197118606,0.347784524,0.5953974822,0.05681799379,0.1657156089,0.1685994768
26.776,11.19631229,-0.3852177863,-0.1907917096,0.611916233,-0.2169467743,0.4298769817,0.6492359965,0.000120004154,0.0001183512635,0.3523461999,0.5920481219,0.05560567818,0.1675519662,0.1705407288
26.8,11.18628575,-0.3887711134,-0.1900898917,0.6083143639,-0.2162018465,0.4327552952,0.645592444,0.0001175034079,0.0001160560853,0.3563541989,0.5889081227,0.05473767833,0.1690770396,0.1721185055
26.824,11.17627714,-0.3919814952,-0.1894800403,0.6050510442,-0.215569322,0.4353759045,0.6423059229,0.0001141275582,0.0001129165535,0.3598514692,0.5858978393,0.05425069145,0.1702992779,0.1733409279
26.848,11.16628643,-0.3949008873,-0.1889483337,0.6020800857,-0.2150351155,0.4377764082,0.6393281869,0.000109947998,0.000108998086,0.3628968054,0.5829860002,0.05411719437,0.1712486098,0.1742454578
26.872,11.15631356,-0.3975708294,-0.1884850171,0.5993643451,-0.2145880731,0.4399876886,0.6366204986,0.0001050194991,0.0001043482109,0.3655557074,0.5801714566,0.05427283606,0.1719665302,0.1748857864
26.896,11.14635849,-0.4000247279,-0.188083018,0.5968734334,-0.21421917,0.4420350717,0.6341512031,9.938542026e-05,9.90015107e-05,0.3678928972,0.5774684494,0.05463865339,0.1724978827,0.1753206913
26.92,11.13642117,-0.4022896126,-0.1877370138,0.5945820516,-0.2139209929,0.4439393188,0.6318939842,9.308163651e-05,9.298339661e-05,0.3699673686,0.5748963229,0.05513630851,0.1728852412,0.175606307
26.944,11.12650156,-0.4043874988,-0.1874428099,0.5924687551,-0.2136873786,0.4457174622,0.6298265805,8.613967667e-05,8.631320347e-05,0.3718298139,0.5724760797,0.05569410641,0.1731657503,0.1757945507
26.968,11.1165996,-0.406336446,-0.1871969279,0.5905150207,-0.2135131302,0.4473835012,0.6279298102,7.858938145e-05,7.900692636e-05,0.3735218487,0.5702058764,0.05627227495,0.1733698453,0.1759100236
26.992,11.10671525,-0.4081513845,-0.1869963392,0.5887045328,-0.2133937543,0.4489489765,0.6261868102,7.04613082e-05,7.107982858e-05,0.3750763937,0.5681049158,0.05681869044,0.1735212053,0.1759949895
27.016,11.09684846,-0.4098447611,-0.1868382952,0.5870226506,-0.2133251824,0.4504234416,0.6245824411,6.178910851e-05,6.25491155e-05,0.3765186825,0.5661684963,0.05731282127,0.1736374019,0.1760652666
27.04,11.08699919,-0.411427046,-0.1867202246,0.5854560533,-0.2133034595,0.4518148475,0.6231028456,5.261225622e-05,5.343691346e-05,0.3778675208,0.5643894618,0.05774301742,0.1737308616,0.1761323027
27.064,11.07716738,-0.4129071295,-0.1866396737,0.583992585,-0.2133244195,0.4531298548,0.6217351906,4.298011783e-05,4.377407281e-05,0.3791365651,0.562756646,0.05810678886,0.1738098979,0.1762019968
27.088,11.067353,-0.4142926341,-0.1865942757,0.5826213202,-0.213383411,0.4543740864,0.6204676324,3.296087636e-05,3.360657798e-05,0.3803354902,0.5612560072,0.05840850257,0.1738796787,0.1762759232
27.112,11.05755599,-0.4155901601,-0.1865817384,0.5813328287,-0.2134751905,0.455552331,0.6192895241,2.267208951e-05,2.301337236e-05,0.3814709883,0.5598722208,0.05865679097,0.1739430615,0.1763527056
27.136,11.04777631,-0.4168054783,-0.1865998421,0.5801195231,-0.2135940914,0.4566687068,0.6181917962,1.246316409e-05,1.220976685e-05,0.3825475826,0.5585903057,0.05886211164,0.1740012747,0.1764292087
27.16,11.03801392,-0.4179436823,-0.1866464451,0.5789758898,-0.2137344994,0.457726793,0.6171673332,5.565457682e-06,3.998403567e-06,0.3835682654,0.5573970226,0.05903471205,0.1740544483,0.1765015054
27.184,11.02826876,-0.4190093091,-0.1867194911,0.5778984006,-0.2138914998,0.4587297346,0.6162111125,1.248094837e-05,1.23396759e-05,0.3845349805,0.5562817526,0.05918326688,0.1741020109,0.1765656173
27.208,11.0185408,-0.4200064341,-0.1868170178,0.5768850451,-0.2140614408,0.4596803268,0.6153199621,2.318693747e-05,2.390220233e-05,0.385448981,0.5552366899,0.05931432918,0.1741429776,0.1766180336
27.232,11.00882998,-0.4209387472,-0.1869371658,0.5759346239,-0.2142421775,0.4605810818,0.6144919866,3.430295972e-05,3.572054712e-05,0.3863110885,0.5542564276,0.0594324839,0.1741761544,0.1766560248
27.256,10.99913626,-0.4218096132,-0.1870781855,0.5750460597,-0.2144329338,0.4614342828,0.6137258785,4.54404754e-05,4.750756828e-05,0.3871218845,0.5533372329,0.05954088261,0.1742002852,0.1766777767
27.28,10.9894596,-0.4226221207,-0.1872384428,0.5742179351,-0.2146339004,0.4622420268,0.6130203489,5.644169556e-05,5.909707593e-05,0.3878818544,0.5524763324,0.05964181326,0.1742141598,0.1766823807
27.304,10.97979996,-0.4233791212,-0.1874164234,0.5734483168,-0.2148457652,0.4630062592,0.6123738032,6.719344851e-05,7.034485721e-05,0.3885914996,0.5516714027,0.0597370977,0.1742166991,0.1766697228
27.328,10.97015727,-0.424083262,-0.1876107342,0.5727348026,-0.2150693289,0.4637288008,0.6117842514,7.759927568e-05,8.111876117e-05,0.3892514278,0.5509202926,0.05982827954,0.1742070211,0.1766403157
27.352,10.96053152,-0.4247370122,-0.1878201044,0.5720746778,-0.2153052632,0.4644113706,0.6112493708,8.757394025e-05,9.130045673e-05,0.3898624202,0.5502209144,0.05991666538,0.1741844914,0.1765951127
27.376,10.95092263,-0.4253426849,-0.1880433834,0.5714650921,-0.2155540029,0.4650556028,0.6107666327,9.704285222e-05,0.000100789109,0.390425477,0.5495712211,0.06000330189,0.1741487539,0.1765353314
27.4,10.94133058,-0.4259024558,-0.1882795387,0.5709032049,-0.2158157271,0.4656630612,0.6103334313,0.0001059426488,0.0001095045813,0.3909418377,0.5489692147,0.06008894757,0.17409974,0.1764623053
27.424,10.93175532,-0.4264183787,-0.1885276509,0.5703862848,-0.2160903899,0.4662352506,0.6099471867,0.0001142218296,0.0001173893218,0.3914129781,0.5484129561,0.06017406581,0.1740376562,0.1763773718
27.448,10.92219681,-0.4268923987,-0.1887869092,0.5699117664,-0.2163777693,0.4667736251,0.6096054138,0.0001218410684,0.0001244086808,0.3918405854,0.5479005707,0.06025884394,0.1739629534,0.1762817946
27.472,10.91265499,-0.4273263632,-0.1890566046,0.5694772751,-0.2166775163,0.4672795956,0.6093057631,0.000128773087,0.0001305497487,0.3922265193,0.547430249,0.06034323168,0.1738762822,0.1761767191
27.496,10.90312984,-0.427722032,-0.1893361229,0.5690806314,-0.2169891978,0.467754534,0.6090460385,0.0001350020958,0.0001358190157,0.3925727636,0.5470002465,0.06042698994,0.1737784412,0.1760631511
27.52,10.89362129,-0.4280810846,-0.1896249375,0.5687198431,-0.2173123303,0.4681997778,0.608824202,0.0001405228687,0.0001402392561,0.3928813757,0.5466088826,0.06050974168,0.1736703241,0.1759419541
27.544,10.88412932,-0.4284051272,-0.1899226009,0.5683930914,-0.2176464047,0.4686166315,0.6086383687,0.0001453395491,0.0001438460544,0.3931544388,0.5462545421,0.0605910191,0.1735528703,0.1758138576
27.568,10.87465387,-0.4286956983,-0.1902287372,0.5680987143,-0.2179909033,0.469006369,0.6084867978,0.0001494642921,0.0001466843293,0.3933940194,0.5459356768,0.06067030383,0.1734270229,0.1756794722
27.592,10.86519491,-0.428954273,-0.1905430332,0.5678351903,-0.218345312,0.4693702332,0.608367881,0.0001529158413,0.0001488051243,0.3936021335,0.5456508078,0.06074705874,0.1732936943,0.175539307
27.616,10.85575239,-0.4291822666,-0.1908652311,0.5676011228,-0.2187091279,0.4697094361,0.6082801305,0.0001557181224,0.0001502628287,0.393780721,0.5453985276,0.06082075146,0.1731537423,0.1753937878
27.64,10.84632627,-0.4293810375,-0.19119512,0.567395226,-0.2190818637,0.4700251581,0.6082221679,0.0001578989173,0.0001511129047,0.3939316279,0.5451775018,0.06089087036,0.1730079537,0.1752432734
27.664,10.8369165,-0.4295518888,-0.191532529,0.5672163123,-0.2194630505,0.4703185461,0.6081927125,0.000159488661,0.0001514101266,0.394056596,0.54498647,0.06095693409,0.1728570357,0.1750880715
27.688,10.82752304,-0.4296960701,-0.19187732,0.5670632814,-0.2198522392,0.4705907124,0.6081905722,0.0001605193845,0.0001512072917,0.3941572582,0.5448242461,0.06101849567,0.1727016138,0.1749284511
27.712,10.81814586,-0.4298147782,-0.1922293811,0.5669351106,-0.2202490003,0.4708427322,0.6082146346,0.0001610238123,0.0001505543362,0.3942351388,0.5446897187,0.0610751424,0.1725422344,0.1747646543
27.736,10.8087849,-0.4299091576,-0.1925886208,0.5668308468,-0.2206529245,0.4710756422,0.6082638588,0.0001610346119,0.0001494977818,0.3942916569,0.5445818508,0.06112649233,0.1723793703,0.1745969065
27.76,10.79944013,-0.4299803007,-0.1929549631,0.5667495991,-0.2210636211,0.4712904378,0.6083372688,0.000160583783,0.0001480804368,0.3943281317,0.5444996802,0.06117218818,0.1722134291,0.1744254256
27.784,10.7901115,-0.4300292481,-0.1933283418,0.5666905326,-0.2214807178,0.4714880719,0.6084339472,0.0001597021701,0.0001463412856,0.39434579,0.5444423208,0.06121188919,0.1720447625,0.1742504313
27.808,10.78079898,-0.430056988,-0.1937086975,0.5666528634,-0.2219038596,0.4716694524,0.6085530301,0.0001584190819,0.0001443155084,0.3943457736,0.5444089653,0.06124526106,0.1718736762,0.174072154
27.832,10.77150252,-0.4300644563,-0.1940959731,0.5666358531,-0.2223327077,0.471835441,0.6086937021,0.0001567619962,0.0001420345856,0.3943291469,0.544398889,0.06127196406,0.171700439,0.1738908459
27.856,10.76222207,-0.4300525369,-0.1944901112,0.5666388054,-0.2227669386,0.4719868514,0.6088551919,0.0001547563348,0.0001395264508,0.3942969028,0.544411458,0.06129163926,0.171525291,0.1737067938
27.88,10.7529576,-0.4300220609,-0.1948910515,0.5666610622,-0.2232062429,0.4721244484,0.6090367693,0.0001524252899,0.0001368156635,0.3942499664,0.544446141,0.06130389257,0.1713484484,0.1735203359
27.904,10.74370907,-0.4299738073,-0.1952987283,0.5667020005,-0.2236503245,0.4722489473,0.6092377409,0.0001497896899,0.0001339235829,0.3941891946,0.5445025286,0.06130827683,0.1711701039,0.1733318857
27.928,10.73447644,-0.4299085031,-0.1957130689,0.5667610293,-0.2240988993,0.4723610128,0.609457448,0.0001468678927,0.0001308685274,0.3941153652,0.5445803621,0.06130427272,0.1709904172,0.173141964
27.952,10.72525966,-0.4298268239,-0.1961339922,0.5668375875,-0.2245516947,0.4724612592,0.6096952634,0.0001436756964,0.0001276659085,0.3940291519,0.5446795764,0.06129127165,0.1708094898,0.1729512459
27.976,10.71605869,-0.4297293945,-0.1965614071,0.5669311416,-0.2250084483,0.4725502505,0.6099505891,0.000140226265,0.0001243283333,0.3939310697,0.5448003614,0.06126856882,0.1706273108,0.1727606249
28,10.7068735,-0.4296167898,-0.1969952116,0.5670411834,-0.2254689068,0.4726285005,0.6102228541,0.0001365300632,0.00012086567,0.3938213732,0.5449432396,0.0612353872,0.1704436551,0.1725712934
28.024,10.69770404,-0.4294895361,-0.1974352921,0.5671672288,-0.2259328251,0.4726964736,0.6105115125,0.0001325948067,0.0001172850737,0.393699883,0.5451091326,0.06119098439,0.1702579093,0.172384812
28.048,10.68855027,-0.4293481123,-0.1978815225,0.5673088156,-0.2263999653,0.4727545859,0.6108160414,0.0001284254338,0.0001135909726,0.3935657261,0.5452992942,0.06113497969,0.1700688111,0.1722030448
28.072,10.67941215,-0.4291929519,-0.1983337633,0.5674655027,-0.2268700948,0.472803206,0.6111359396,0.000124024114,0.0001097850177,0.3934170356,0.5455146777,0.06106828672,0.1698741486,0.172027529
28.096,10.67028965,-0.4290244444,-0.1987918613,0.5676368688,-0.2273429854,0.4728426567,0.6114707253,0.0001193903213,0.0001058660039,0.3932508273,0.5457534789,0.06099569385,0.169670635,0.1718570198
28.12,10.66118272,-0.4288429374,-0.1992556493,0.5678225112,-0.227818411,0.4728732164,0.6118199348,0.000114521008,0.0001018297779,0.3930635268,0.5460044879,0.06093198529,0.169454435,0.1716808449
28.144,10.65209132,-0.4286487392,-0.1997249449,0.5680220453,-0.2282961449,0.4728951208,0.612183121,0.0001094109379,9.766916227e-05,0.3928526119,0.5462382483,0.06090913985,0.1692228047,0.171470065
28.168,10.64301541,-0.4284421208,-0.2001995506,0.5682351042,-0.2287759572,0.4729085651,0.612559852,0.0001040532537,9.33739448e-05,0.3926188492,0.5464207134,0.06096043737,0.1689763274,0.1711911325
28.192,10.63395495,-0.4282233187,-0.2006792534,0.5684613392,-0.2292576093,0.4729137061,0.6129497089,9.844038088e-05,8.893101259e-05,0.3923670875,0.5465634256,0.06106948699,0.1687197043,0.170856072
28.216,10.62490991,-0.4279925377,-0.2011638241,0.5687004206,-0.2297408477,0.4729106644,0.613352285,9.256539071e-05,8.432475833e-05,0.3921041615,0.5467186269,0.06117721163,0.1684596564,0.1705175943
28.24,10.61588024,-0.4277499537,-0.2016530173,0.568952041,-0.230225394,0.4728995266,0.6137671847,8.64239656e-05,7.953794792e-05,0.3918356144,0.5469157461,0.06124863954,0.1682016446,0.1702055828
28.264,10.60686591,-0.4274957169,-0.202146571,0.569215921,-0.2307109294,0.4728803486,0.6141940229,8.001710599e-05,7.455332158e-05,0.3915640485,0.547153392,0.06128255948,0.167948218,0.1699190888
28.288,10.59786687,-0.4272299548,-0.2026442066,0.5694918228,-0.2311970704,0.4728531577,0.614632428,7.335468978e-05,6.935629012e-05,0.391289562,0.5474217,0.06128873803,0.1676994478,0.1696486736
28.312,10.58888309,-0.4269527758,-0.2031456287,0.5697795766,-0.2316833277,0.4728179557,0.6150820516,6.645992444e-05,6.393916251e-05,0.3910109326,0.5477125861,0.06127648124,0.167454109,0.1693866518
28.336,10.57991453,-0.4266642723,-0.2036505257,0.5700791399,-0.2321690387,0.4727747221,0.6155425966,5.937463723e-05,5.830734881e-05,0.3907265156,0.5480209333,0.06125255113,0.1672105742,0.1691282416
28.36,10.57096114,-0.4263645242,-0.2041585695,0.5703907354,-0.2326532487,0.472723417,0.6160139001,5.216530371e-05,5.248785727e-05,0.3904346339,0.5483437713,0.0612215948,0.1669672022,0.1688706434
28.384,10.5620229,-0.4260536026,-0.2046694167,0.5707151949,-0.2331345168,0.4726639847,0.6164961773,4.492992853e-05,4.654009577e-05,0.3901335909,0.5486796871,0.06118672199,0.1667223464,0.1686121483
28.408,10.55309976,-0.4257315734,-0.2051827086,0.5710548944,-0.233610675,0.4725963568,0.616990794,3.780682955e-05,4.056854982e-05,0.3898214636,0.5490290753,0.06114946105,0.1664741457,0.1683514338
28.432,10.54419169,-0.4253985002,-0.2056980732,0.5714164475,-0.2340791662,0.472520456,0.6175028846,3.098894635e-05,3.473655144e-05,0.3894960052,0.5493962769,0.06110771794,0.1662204229,0.1680864632
28.456,10.53529864,-0.4250544487,-0.2062151257,0.5718175589,-0.2345429232,0.4724361993,0.61804992,2.475269449e-05,2.928000472e-05,0.3891559914,0.5497954166,0.06104859202,0.1659600284,0.1678097121
28.48,10.52642058,-0.4246994891,-0.2067334706,0.5722836032,-0.2350444559,0.472343502,0.618671495,1.951521522e-05,2.451697107e-05,0.3888057777,0.5502377531,0.06095646921,0.1656973934,0.1674833338
28.504,10.51755747,-0.4243336999,-0.2072527035,0.572731037,-0.2356633419,0.472242281,0.619320637,1.589468459e-05,2.083285081e-05,0.3884545335,0.550752417,0.06079304948,0.1654417613,0.1671943652
28.528,10.50870927,-0.4239571709,-0.2077724135,0.5730586284,-0.2362675342,0.4721324587,0.6198536435,1.452340251e-05,1.858137003e-05,0.3881026065,0.5511906459,0.06070674761,0.1651935477,0.1669721062
28.552,10.49987595,-0.4235700054,-0.2082921859,0.573383862,-0.2367919304,0.472013966,0.6203543112,1.53522595e-05,1.786028501e-05,0.3877429875,0.5515538711,0.06070314139,0.1649458032,0.1667143993
28.576,10.49105746,-0.4231723231,-0.2088116047,0.5737434875,-0.237289237,0.4718867462,0.6208766153,1.750586529e-05,1.836146615e-05,0.3873716185,0.5519309403,0.06069744126,0.1646945169,0.1664431685
28.6,10.48225378,-0.422764262,-0.2093302564,0.5741285384,-0.2377814692,0.4717507577,0.6214206351,2.010887013e-05,1.955524066e-05,0.3869876849,0.5523290387,0.06068327634,0.1644389071,0.1661654327
28.624,10.47346485,-0.4223459796,-0.2098477332,0.5745312965,-0.2382737691,0.4716059771,0.6219811892,2.266281373e-05,2.098160887e-05,0.3865914328,0.5527439361,0.06066463112,0.1641792347,0.1658833359
28.648,10.46469066,-0.4219176545,-0.2103636367,0.5749476684,-0.2387670314,0.4714524014,0.6225548302,2.49403833e-05,2.23554527e-05,0.3861832656,0.5531722453,0.06064448914,0.1639158982,0.1655977281
28.672,10.45593115,-0.4214794863,-0.2108775816,0.57537548,-0.2392611802,0.4712900506,0.6231395151,2.685460527e-05,2.353510585e-05,0.3857635423,0.5536118923,0.0606245654,0.1636492298,0.1653090365
28.696,10.4471863,-0.4210316961,-0.2113891998,0.5758134912,-0.239755949,0.4711189689,0.6237339912,2.838748978e-05,2.446741674e-05,0.3853325656,0.554061618,0.06060581638,0.1633794819,0.1650175257
28.72,10.43845606,-0.4205745252,-0.211898144,0.5762609341,-0.2402510672,0.4709392261,0.6243374404,2.955486375e-05,2.514751988e-05,0.3848906048,0.5545206288,0.06058876635,0.1631068493,0.1647233887
28.744,10.4297404,-0.4201082344,-0.2124040915,0.5767172941,-0.2407462984,0.4707509179,0.6249492919,3.038850964e-05,2.559455559e-05,0.3844379175,0.554988401,0.06057368146,0.1628314899,0.1644267829
28.768,10.42103928,-0.4196331014,-0.2129067475,0.5771822015,-0.2412414423,0.4705541658,0.6255691226,3.092667877e-05,2.583798065e-05,0.3839747641,0.5554645718,0.06056066412,0.1625535402,0.164127844
28.792,10.41235267,-0.4191494188,-0.2134058487,0.5776553741,-0.2417363286,0.4703491167,0.6261966015,3.120893476e-05,2.591014795e-05,0.3835014154,0.5559488762,0.06054970845,0.1622731228,0.1638266918
28.816,10.40368052,-0.4186574909,-0.2139011655,0.5781365857,-0.2422308102,0.4701359413,0.6268314584,3.127338098e-05,2.58424667e-05,0.3830181567,0.5564411096,0.06054073368,0.1619903525,0.1635234317
28.84,10.39502282,-0.4181576301,-0.2143925044,0.5786256479,-0.2427247579,0.4699148322,0.6274734644,3.115525463e-05,2.566357057e-05,0.3825252894,0.5569411053,0.06053360532,0.161705339,0.1632181561
28.864,10.3863795,-0.4176501529,-0.2148797096,0.5791223984,-0.243218056,0.4696860013,0.6281224204,3.088631584e-05,2.539858804e-05,0.38202313,0.5574487215,0.06052814855,0.1614181892,0.1629109458
28.888,10.37775055,-0.4171353762,-0.2153626642,0.5796266945,-0.2437105995,0.469449677,0.6287781495,3.049469429e-05,2.506899735e-05,0.3815120082,0.5579638367,0.06052415511,0.161129008,0.1626018748
28.912,10.36913593,-0.4166136125,-0.21584129,0.5801384086,-0.2442022913,0.4692061003,0.6294404914,3.000498929e-05,2.469277352e-05,0.3809922638,0.558486352,0.0605213842,0.1608378984,0.1622910191
28.936,10.3605356,-0.4160851656,-0.2163155473,0.5806574248,-0.2446930411,0.4689555214,0.6301092995,2.943849929e-05,2.428466532e-05,0.380464243,0.5590161994,0.06051955758,0.1605449611,0.1619784695
28.96,10.35194952,-0.4155503267,-0.2167854339,0.5811836367,-0.2451827636,0.4686981954,0.630784438,2.881350616e-05,2.385651564e-05,0.3799282939,0.5595533555,0.06051835055,0.1602502947,0.1616643478
28.984,10.34337766,-0.4150093698,-0.2172509829,0.5817169465,-0.2456713779,0.4684343781,0.6314657803,2.814557061e-05,2.341758152e-05,0.379384762,0.5600978559,0.0605173821,0.1599539946,0.1613488237
29.008,10.33481998,-0.4144625483,-0.2177122602,0.582257263,-0.2461588063,0.4681643217,0.6321532079,2.744781494e-05,2.297483486e-05,0.3788339851,0.5606498052,0.0605162097,0.1596561522,0.1610321265
29.032,10.32627645,-0.4139100914,-0.2181693618,0.5828045015,-0.2466449743,0.467888271,0.6328466088,2.6731181e-05,2.253323715e-05,0.3782762893,0.5612093757,0.06051433503,0.1593568544,0.1607145449
29.056,10.31774704,-0.4133522016,-0.2186224098,0.5833585828,-0.2471298094,0.4676064592,0.6335458774,2.600465932e-05,2.209598894e-05,0.3777119841,0.5617767914,0.06051122452,0.1590561828,0.1603964121
29.08,10.30923171,-0.4127890522,-0.219071549,0.5839194325,-0.2476132416,0.4673191043,0.6342509133,2.527548955e-05,2.166475699e-05,0.3771413585,0.5623522978,0.06050634375,0.1587542126,0.1600780763
29.104,10.30073042,-0.4122207858,-0.2195169421,0.5844869809,-0.2480952022,0.4670264063,0.634961621,2.454933513e-05,2.123988321e-05,0.3765646774,0.5629361245,0.06049919811,0.1584510126,0.1597598639
29.128,10.29224313,-0.4116475133,-0.2199587657,0.5850611624,-0.2485756242,0.466728544,0.6356779096,2.38304367e-05,2.082057904e-05,0.3759821782,0.5635284524,0.06048936937,0.1581466438,0.1594420473
29.152,10.28376983,-0.4110693135,-0.2203972058,0.5856419154,-0.2490544417,0.4664256734,0.636399692,2.312174929e-05,2.040510814e-05,0.3753940687,0.5641293917,0.06047653952,0.1578411594,0.1591248233
29.176,10.27531046,-0.4104862335,-0.2208324535,0.5862291817,-0.24953159,0.4661179255,0.6371268852,2.242506859e-05,1.999095969e-05,0.3748005248,0.564738976,0.06046049924,0.1575346038,0.1588083078
29.2,10.266865,-0.4098982897,-0.2212647009,0.5868229064,-0.2500070053,0.4658054055,0.6378594094,2.174115144e-05,1.957501376e-05,0.374201689,0.5653571662,0.06044114482,0.1572270128,0.1584925396
29.224,10.25843341,-0.409305469,-0.221694137,0.5874230378,-0.2504806245,0.4654881925,0.6385971881,2.10698351e-05,1.915370016e-05,0.3735976703,0.5659838635,0.06041846617,0.1569184125,0.1581774946
29.248,10.25001566,-0.4087077307,-0.2221209443,0.5880295271,-0.2509523853,0.4651663391,0.6393401476,2.041015971e-05,1.872315223e-05,0.3729885435,0.5666189315,0.06039252506,0.15660882,0.1578631067
29.272,10.24161171,-0.4081050092,-0.2225452956,0.5886423279,-0.2514222259,0.4648398726,0.6400882173,1.976049728e-05,1.827935755e-05,0.37237435,0.5672622026,0.06036344741,0.1562982424,0.1575492764
29.296,10.23322153,-0.4074972162,-0.2229673509,0.5892613966,-0.2518900851,0.4645087952,0.6408413286,1.911869047e-05,1.78183086e-05,0.3717550987,0.5679134738,0.06033142752,0.1559866775,0.157235865
29.32,10.22484509,-0.4068842437,-0.2233872555,0.5898866916,-0.2523559022,0.4641730859,0.6415994157,1.848220409e-05,1.733615755e-05,0.3711307675,0.5685725104,0.06029672207,0.1556741135,0.1569226998
29.344,10.21648235,-0.4062659669,-0.2238051379,0.5905181736,-0.2528196166,0.4638327022,0.6423624147,1.784829218e-05,1.682938154e-05,0.3705013057,0.5692390505,0.06025964388,0.1553605297,0.1566095783
29.368,10.20813327,-0.4056422476,-0.2242211085,0.5911558051,-0.2532811682,0.4634875819,0.6431302637,1.721418447e-05,1.629496712e-05,0.3698666355,0.5699128075,0.06022055702,0.1550458966,0.1562962711
29.392,10.19979784,-0.4050129371,-0.2246352584,0.5917995504,-0.2537404974,0.4631376453,0.6439029025,1.657729703e-05,1.573062627e-05,0.3692266561,0.570593474,0.06017986988,0.1547301773,0.1559825259
29.416,10.191476,-0.404377879,-0.225047659,0.5924493756,-0.2541975444,0.4627827977,0.6446802728,1.593547423e-05,1.513506141e-05,0.3685812462,0.5712807281,0.0601380257,0.1544133281,0.1556680737
29.44,10.18316773,-0.4037369126,-0.2254583616,0.5931052479,-0.2546522498,0.4624229314,0.6454623176,1.528727233e-05,1.450830411e-05,0.3679302681,0.5719742411,0.06009549075,0.1540953004,0.1553526375
29.464,10.174873,-0.4030898757,-0.2258673981,0.5937671361,-0.2551045546,0.4620579286,0.6462489812,1.463229905e-05,1.385216248e-05,0.3672735726,0.5726736861,0.06005274131,0.153776043,0.1550359402
29.488,10.16659177,-0.4024366067,-0.2262747806,0.59443501,-0.2555543996,0.4616876636,0.6470402092,1.397162908e-05,1.317082567e-05,0.3666110036,0.5733787462,0.06001025023,0.1534555047,0.1547177137
29.512,10.158324,-0.4017769475,-0.2266805029,0.5951088405,-0.2560017259,0.461312005,0.6478359481,1.330832084e-05,1.247169002e-05,0.3659424042,0.5740891217,0.05996847412,0.1531336381,0.1543977058
29.536,10.15006968,-0.4011107456,-0.2270845408,0.5957885992,-0.2564464747,0.4609308179,0.6486361456,1.264806315e-05,1.176648302e-05,0.3652676233,0.5748045352,0.05992784155,0.1528104042,0.1540756857
29.56,10.14182876,-0.4004378561,-0.2274868536,0.5964742586,-0.2568885874,0.4605439665,0.6494407498,1.199997519e-05,1.10727472e-05,0.3645865217,0.5755247355,0.05988874285,0.1524857764,0.1537514479
29.584,10.1336012,-0.399758143,-0.2278873851,0.5971657916,-0.2573280053,0.4601513156,0.6502497097,1.137755468e-05,1.041565285e-05,0.3638989786,0.5762494992,0.05985152224,0.1521597453,0.1534248141
29.608,10.12538699,-0.3990714815,-0.2282860651,0.5978631716,-0.25776467,0.4597527323,0.6510629747,1.079969051e-05,9.829822023e-06,0.3632048958,0.5769786314,0.05981647283,0.1518323208,0.1530956342
29.632,10.11718608,-0.3983777585,-0.2286828105,0.5985663725,-0.258198523,0.4593480884,0.6518804949,1.029148491e-05,9.360213811e-06,0.3625041989,0.5777119653,0.05978383584,0.1515035325,0.1527637856
29.656,10.10899845,-0.3976768739,-0.2290775271,0.5992753681,-0.2586295063,0.4589372609,0.6527022202,9.884341141e-06,9.06018181e-06,0.3617968345,0.5784493609,0.05975380462,0.1511734249,0.1524291725
29.68,10.10082406,-0.3969687416,-0.2294701107,0.5999901323,-0.2590575615,0.4585201343,0.6535281011,9.61445146e-06,8.984451507e-06,0.3610827631,0.5791907033,0.05972653361,0.1508420495,0.1520917242
29.704,10.09266287,-0.3962532899,-0.2298604486,0.600710639,-0.2594826307,0.4580966007,0.654358088,9.518833998e-06,9.177000121e-06,0.3603619482,0.579935901,0.05970215079,0.1505094525,0.1517513935
29.728,10.08451487,-0.395530462,-0.2302484212,0.6014368618,-0.259904656,0.4576665619,0.6551921313,9.629018129e-06,9.659060038e-06,0.3596343452,0.5806848841,0.05968077072,0.1501756632,0.151408155
29.752,10.07638001,-0.3948002164,-0.2306339031,0.6021687742,-0.2603235796,0.4572299292,0.6560301813,9.964393231e-06,1.042515215e-05,0.3588998933,0.5814376019,0.05966250481,0.149840685,0.1510620031
29.776,10.06825826,-0.394062527,-0.2310167644,0.602906349,-0.2607393441,0.4567866248,0.6568721879,1.052851874e-05,1.144943083e-05,0.3581585124,0.5821940217,0.05964746592,0.1495044917,0.1507129504
29.8,10.0601496,-0.3933173829,-0.231396872,0.6036495584,-0.2611518922,0.456336582,0.6577181009,1.13103358e-05,1.269661446e-05,0.3574101069,0.5829541264,0.05963576677,0.1491670307,0.150361026
29.824,10.05205398,-0.3925647886,-0.231774091,0.6043983743,-0.2615611666,0.4558797457,0.6585678695,1.228906593e-05,1.413084236e-05,0.3566545737,0.583717913,0.05962751327,0.148828231,0.1500062741
29.848,10.04397139,-0.3918047637,-0.2321482852,0.6051527675,-0.2619671107,0.4554160726,0.6594214427,1.343982941e-05,1.572020679e-05,0.355891813,0.5844853913,0.05962279571,0.1484880136,0.149648752
29.872,10.03590178,-0.3910373424,-0.2325193188,0.6059127079,-0.2623696677,0.4549455317,0.6602787685,1.47378165e-05,1.743801586e-05,0.3551217382,0.5852565816,0.05962168023,0.1481463011,0.1492885292
29.896,10.02784513,-0.3902625735,-0.2328870568,0.6066781646,-0.2627687815,0.454468104,0.6611397946,1.616051469e-05,1.926245224e-05,0.3543442836,0.5860315137,0.0596242027,0.1478030258,0.1489256854
29.92,10.0198014,-0.3894805196,-0.2332513661,0.6074491056,-0.2631643962,0.4539837827,0.6620044678,1.768848116e-05,2.1175724e-05,0.3535594093,0.5868102253,0.05963036543,0.147458134,0.1485603095
29.944,10.01177057,-0.3886912568,-0.2336121162,0.6082254976,-0.2635564562,0.4534925732,0.6628727341,1.930531966e-05,2.316321171e-05,0.3527671032,0.5875927601,0.05964013667,0.1471115888,0.148192498
29.968,10.0037526,-0.3878948741,-0.2339691801,0.6090073061,-0.2639449067,0.4529944929,0.6637445387,2.099733299e-05,2.521277716e-05,0.3519673806,0.5883791672,0.05965345218,0.1467633696,0.1478223539
29.992,9.995747466,-0.3870914728,-0.2343224345,0.6097944952,-0.2643296928,0.4524895708,0.6646198258,2.275310514e-05,2.731425298e-05,0.3511602831,0.5891694988,0.05967021819,0.1464134709,0.1474499851
30.016,9.987755131,-0.3862811661,-0.234671761,0.6105870276,-0.2647107608,0.4519778476,0.6654985388,2.456312209e-05,2.945908349e-05,0.3503458758,0.5899638091,0.05969031503,0.1460619005,0.1470755032
30.04,9.979775566,-0.3854640782,-0.2350170461,0.6113848643,-0.2650880569,0.4514593753,0.6663806197,2.641946426e-05,3.164007831e-05,0.3495242455,0.5907621533,0.05971360118,0.1457086773,0.1466990221
30.064,9.971808741,-0.3846403437,-0.2353581819,0.6121879651,-0.2654615285,0.4509342167,0.6672660097,2.831557038e-05,3.385124541e-05,0.3486954971,0.5915645856,0.0597399173,0.1453538285,0.1463206568
30.088,9.963854626,-0.3838101072,-0.2356950662,0.6129962876,-0.2658311233,0.4504024452,0.6681546488,3.024606124e-05,3.608767806e-05,0.3478597513,0.5923711583,0.05976909036,0.1449973877,0.1459405223
30.112,9.955913191,-0.3829735224,-0.2360276036,0.613809788,-0.2661967898,0.4498641445,0.6690464758,3.220660944e-05,3.834547751e-05,0.3470171423,0.5931819202,0.05980093754,0.1446393927,0.1455587319
30.136,9.947984404,-0.3821307514,-0.2363557048,0.6146284206,-0.2665584776,0.4493194079,0.6699414283,3.419384338e-05,4.062169896e-05,0.3461678143,0.5939969154,0.05983527029,0.1442798828,0.1451753964
30.16,9.940068236,-0.3812819641,-0.2366792876,0.6154521377,-0.2669161367,0.4487683382,0.6708394426,3.620527628e-05,4.291431295e-05,0.3453119196,0.594816182,0.05987189834,0.143918897,0.1447906224
30.184,9.932164657,-0.3804273377,-0.2369982769,0.6162808897,-0.2672697183,0.4482110469,0.6717404538,3.823925368e-05,4.522217721e-05,0.344449615,0.5956397511,0.05991063385,0.143556471,0.1444045118
30.208,9.924273636,-0.3795670559,-0.2373126048,0.617114625,-0.2676191745,0.4476476542,0.6726443956,4.029491504e-05,4.754501633e-05,0.343581059,0.5964676452,0.05995129583,0.143192635,0.14401716
30.232,9.916395144,-0.378701308,-0.2376222109,0.6179532899,-0.2679644586,0.4470782882,0.6735512004,4.237216672e-05,4.988340828e-05,0.3427064078,0.5972998773,0.05999371489,0.1428274102,0.1436286553
30.256,9.908529151,-0.3778302888,-0.2379270424,0.6187968286,-0.2683055249,0.4465030847,0.6744607993,4.447166499e-05,5.223877779e-05,0.3418258115,0.59813645,0.06003773851,0.1424608049,0.1432390775
30.28,9.900675627,-0.3769541974,-0.2382270541,0.6196451832,-0.268642329,0.4459221863,0.675373122,4.659480855e-05,5.461339748e-05,0.3409394086,0.5989773544,0.06008323706,0.1420928102,0.1428484974
30.304,9.892834543,-0.3760732369,-0.2385222088,0.6204982934,-0.2689748278,0.4453357425,0.6762880969,4.874374094e-05,5.701039814e-05,0.3400473197,0.5998225696,0.06013011076,0.1417233937,0.1424569763
30.328,9.885005869,-0.3751876136,-0.238812477,0.6213560966,-0.2693029795,0.444743909,0.6772056509,5.092136351e-05,5.943379023e-05,0.3391496398,0.6006720621,0.06017829808,0.1413524926,0.142064565
30.352,9.877189576,-0.3742975367,-0.2390978374,0.6222185282,-0.2696267442,0.4441468471,0.6781257096,5.313136057e-05,6.188849878e-05,0.3382464278,0.6015257862,0.06022778602,0.1409800032,0.1416713044
30.376,9.869385633,-0.3734032171,-0.2393782765,0.6230855209,-0.2699460832,0.4435447235,0.6790481972,5.537823825e-05,6.438041468e-05,0.3373376928,0.6023836841,0.06027862315,0.1406057679,0.1412772258
30.4,9.861594013,-0.3725048673,-0.2396537892,0.6239570051,-0.2702609599,0.4429377099,0.6799730367,5.76673797e-05,6.69164658e-05,0.3364233759,0.6032456876,0.06033093658,0.1402295577,0.1408823525
30.424,9.853814686,-0.3716027006,-0.2399243784,0.6248329088,-0.2705713392,0.4423259821,0.6809001495,6.000511942e-05,6.950471193e-05,0.3355033251,0.6041117204,0.06038495453,0.139851047,0.140486702
30.448,9.846047622,-0.3706969306,-0.2401900554,0.6257131576,-0.2708771886,0.4417097203,0.6818294559,6.239884057e-05,7.215446879e-05,0.3345772603,0.6049817024,0.06044103731,0.1394697794,0.1400902902
30.472,9.838292793,-0.3697877704,-0.2404508397,0.6265976745,-0.2711784772,0.4410891083,0.6827608748,6.485709989e-05,7.487646735e-05,0.3336447241,0.6058555555,0.0604997204,0.1390851184,0.1396931377
30.496,9.830550171,-0.3688754321,-0.2407067595,0.6274863799,-0.271475177,0.4404643328,0.6836943241,6.738978633e-05,7.76830566e-05,0.3327050119,0.6067332128,0.06056177527,0.1386961789,0.139295278
30.52,9.822819725,-0.3679601263,-0.2409578514,0.6283791919,-0.2717672624,0.4398355837,0.6846297201,7.000832099e-05,8.058846008e-05,0.331757075,0.6076146303,0.06062829467,0.1383017294,0.1388967702
30.544,9.815101427,-0.3670420613,-0.2412041609,0.6292760256,-0.2720547104,0.4392030533,0.6855669784,7.272590832e-05,8.360909949e-05,0.3307993884,0.6084998032,0.06070080841,0.1379000611,0.1384977143
30.568,9.80739525,-0.3661214424,-0.2414457424,0.630176794,-0.2723375016,0.4385669357,0.6865060134,7.555785161e-05,8.676400312e-05,0.3298297909,0.6093887858,0.06078142335,0.1374888281,0.1380982718
30.592,9.799701164,-0.3651984714,-0.2416826593,0.6310814072,-0.2726156194,0.437927427,0.6874467386,7.85219495e-05,9.007532199e-05,0.3288453526,0.6102817142,0.06087293324,0.1370649151,0.1376986877
30.616,9.79201914,-0.3642733458,-0.2419149843,0.6319897727,-0.2728890514,0.4372847243,0.6883890667,8.163899607e-05,9.356898475e-05,0.3278424904,0.6111788292,0.06097868043,0.1366245536,0.1372993133
30.64,9.784349151,-0.3633462581,-0.2421427999,0.6329017956,-0.273157789,0.4366390257,0.6893329098,8.493341416e-05,9.727553252e-05,0.326818034,0.6120804927,0.06110147327,0.136164388,0.1369006228
30.664,9.776691169,-0.3624173947,-0.2423661983,0.6338173783,-0.2734218282,0.4359905298,0.6902781796,8.843406172e-05,0.0001012311897,0.3257730906,0.6129871867,0.06123972276,0.1356853407,0.1365032112
30.688,9.769045164,-0.3614869354,-0.2425852821,0.6347364209,-0.2736811702,0.4353394349,0.6912247876,9.217526489e-05,0.0001054792468,0.324722895,0.6138994797,0.06137762524,0.1352024629,0.1361077617
30.712,9.76141111,-0.3605550522,-0.2428001644,0.635658821,-0.2739358216,0.4346859389,0.6921726454,9.619815061e-05,0.0001100718594,0.3237109279,0.6148179434,0.06147112873,0.1347590531,0.1357149602
30.736,9.753788977,-0.3596219079,-0.2430109692,0.6365844741,-0.2741857954,0.4340302384,0.6931216654,0.0001005523778,0.0001150724071,0.3227999231,0.6157430057,0.06145707122,0.1344176652,0.1353253494
30.76,9.746178739,-0.3586876556,-0.243217832,0.6375132736,-0.2744311116,0.4333725281,0.6940717607,0.0001052984022,0.000120558611,0.3220071594,0.6166747474,0.06131809319,0.1341954003,0.1349391239
30.784,9.738580366,-0.3577524363,-0.2434209004,0.6384451112,-0.2746717981,0.432713,0.6950228462,0.0001105104601,0.0001266266823,0.3212681401,0.6176126813,0.06111917867,0.1340275875,0.1345559085
30.808,9.730993833,-0.3568163781,-0.2436203338,0.6393798774,-0.2749078919,0.4320518426,0.6959748391,0.0001162805182,0.0001333968756,0.3205095115,0.618555595,0.06093489354,0.1338407032,0.1341746005
30.832,9.72341911,-0.3558795941,-0.2438163046,0.640317462,-0.2751394399,0.4313892395,0.6969276602,0.0001227235197,0.0001410209401,0.3197047946,0.6195015847,0.0607936207,0.1336081036,0.1337934014
30.856,9.715856171,-0.35494218,-0.2440089984,0.6412577547,-0.2753665005,0.4307253677,0.6978812346,0.0001299843357,0.0001496920837,0.3188593101,0.6204484486,0.06069224128,0.1333349508,0.1334102087
30.88,9.708304987,-0.3540042119,-0.2441986136,0.6422006464,-0.275589145,0.4300603968,0.6988354936,0.0001382468689,0.0001596580893,0.3179862602,0.6213946855,0.06061905428,0.1330342962,0.1330236129
30.904,9.700765532,-0.3530657436,-0.2443853623,0.6431460303,-0.2758074594,0.429394486,0.6997903764,0.0001477456083,0.0001712378685,0.3170973039,0.622341454,0.06056124208,0.1327176575,0.1326348537
30.928,9.693237778,-0.3521268032,-0.2445694697,0.644093804,-0.2760215461,0.428727782,0.7007458328,0.0001587791926,0.0001848401767,0.3162010697,0.6232956926,0.06050323775,0.1323935334,0.1322509362
30.952,9.685721698,-0.3511873893,-0.2447511737,0.6450438714,-0.2762315259,0.4280604157,0.7017018255,0.0001717231082,0.0002009781028,0.3153036691,0.6242730165,0.06042331441,0.1320679201,0.1318875242
30.976,9.678217265,-0.3502474675,-0.2449307238,0.6459961463,-0.2764375406,0.4273924987,0.7026583344,0.0001870315926,0.000220257901,0.314409192,0.6252947693,0.06029603868,0.1317448091,0.1315659859
31,9.670724452,-0.3493069648,-0.2451083796,0.646950556,-0.2766397545,0.4267241186,0.7036153606,0.0002051995718,0.0002432791986,0.3135198519,0.6263727425,0.06010740561,0.1314263363,0.1312981077
31.024,9.663243231,-0.3483657657,-0.2452844082,0.6479070465,-0.2768383568,0.426055334,0.7045729322,0.0002266064381,0.000270279417,0.3126359972,0.627492514,0.05987148872,0.1311127983,0.1310694242
31.048,9.655773576,-0.3474237056,-0.245459081,0.6488655894,-0.2770335636,0.4253861677,0.7055311109,0.0002510553342,0.000300152565,0.3117563231,0.6286212713,0.05962240561,0.1308028684,0.1308470328
31.072,9.648315461,-0.3464805656,-0.2456326684,0.6498261893,-0.2772256182,0.4247165998,0.7064899997,0.0002766749074,0.0003283986998,0.3108784505,0.6297328373,0.05938871219,0.1304941838,0.1306046097
31.096,9.640868858,-0.3455360665,-0.2458054338,0.650788895,-0.2774147914,0.4240465594,0.7074497525,0.0002981006194,0.0003450625315,0.3099997307,0.6308184278,0.05918184142,0.1301841574,0.1303331565
31.12,9.63343374,-0.3445898626,-0.2459776246,0.6517538107,-0.2776013789,0.4233759148,0.7084105839,0.0003059480108,0.0003383805733,0.309117938,0.6318807924,0.05900126964,0.1298706791,0.1300351225
31.144,9.626010082,-0.3436415371,-0.2461494622,0.6527211115,-0.2777856958,0.4227044639,0.7093727809,0.0002924990798,0.0003068416693,0.308231613,0.6329263954,0.05884199163,0.1295524637,0.129716559
31.168,9.618597857,-0.3426905977,-0.246321128,0.6536910592,-0.2779680667,0.4220319228,0.7103367138,0.0002606290799,0.0002623562359,0.3073400498,0.633961518,0.0586984322,0.129229038,0.1293832021
31.192,9.611197038,-0.3417364749,-0.2464927481,0.6546640201,-0.2781488095,0.4213579157,0.7113028465,0.000221378351,0.00021771372,0.3064430679,0.6349912068,0.05856572536,0.1289005257,0.1290394199
31.216,9.603807599,-0.3407785227,-0.246664374,0.6556404821,-0.2783282113,0.4206819641,0.7122717424,0.000183799808,0.0001789589521,0.3055407392,0.6360193483,0.05843991247,0.1285673905,0.1286882813
31.24,9.596429513,-0.339816024,-0.2468359622,0.6566210684,-0.2785064936,0.420003479,0.7132440637,0.0001515656826,0.0001471511721,0.3046331765,0.6370490021,0.05831782137,0.1282302311,0.1283318861
31.264,9.589062756,-0.3388482012,-0.2470073508,0.6576065434,-0.2786837677,0.4193217557,0.7142205599,0.0001250490826,0.0001214331213,0.3037204027,0.6380826928,0.05819690454,0.1278896523,0.1279716698
31.288,9.5817073,-0.3378742332,-0.247178237,0.6585978055,-0.2788599776,0.4186359734,0.7152020389,0.0001034488724,0.0001005740923,0.3028022878,0.6391225948,0.05807511735,0.1275461989,0.1276086282
31.312,9.57436312,-0.3368932808,-0.2473481546,0.6595958582,-0.2790348371,0.4179452025,0.716189316,8.57738673e-05,8.347762688e-05,0.3018785329,0.6401706131,0.05795085397,0.1272003333,0.1272434698
31.336,9.567030189,-0.3359045202,-0.247516457,0.6606017536,-0.2792077657,0.417248419,0.7171831379,7.115876454e-05,6.928133423e-05,0.3009486842,0.6412283742,0.05782294161,0.1268524359,0.1268767161
31.36,9.559708482,-0.3349071844,-0.2476823056,0.6616165029,-0.2793778384,0.4165445315,0.7181840805,5.892173843e-05,5.733411255e-05,0.3000121682,0.6422971458,0.05769068602,0.126502818,0.126508769
31.384,9.552397973,-0.3339006122,-0.2478446699,0.6626409554,-0.2795437645,0.4158324173,0.7191924305,4.854391881e-05,4.714934203e-05,0.29906834,0.6433777092,0.05755395079,0.1261517384,0.1261399549
31.408,9.545098637,-0.3328843006,-0.2480023406,0.6636756575,-0.2797039167,0.4151109713,0.7202080667,3.963380741e-05,3.836232698e-05,0.2981165417,0.6444702172,0.05741324107,0.1257994216,0.1257705564
31.432,9.537810448,-0.3318579574,-0.2481539592,0.6647207146,-0.2798564218,0.4143791637,0.721230369,3.18951637e-05,3.069756459e-05,0.2971561708,0.6455740804,0.05726974881,0.1254460784,0.1254008342
31.456,9.53053338,-0.3308215478,-0.2482980645,0.6657756886,-0.2799993164,0.4136361025,0.7222581843,2.510211296e-05,2.394513906e-05,0.2961867731,0.6466879331,0.05712529384,0.1250919472,0.1250310478
31.48,9.523267408,-0.3297753289,-0.2484331553,0.6668395638,-0.280130747,0.4128810969,0.7232898723,1.908101896e-05,1.794459126e-05,0.2952091627,0.6478097487,0.05698108863,0.1247383621,0.124661509
31.504,9.516012506,-0.3287198661,-0.2485577649,0.6679108019,-0.28024918,0.4121137135,0.7243234376,1.36981119e-05,1.25760155e-05,0.294219889,0.6489373678,0.05684274319,0.124382176,0.1242929254
31.528,9.50876865,-0.3276560262,-0.2486705417,0.6689874845,-0.2803535747,0.411333818,0.7253567269,8.853721007e-06,7.765741573e-06,0.2932220872,0.6500661688,0.05671174393,0.1240265773,0.1239237875
31.552,9.501535814,-0.326584947,-0.2487703268,0.6700675159,-0.28044348,0.4105415973,0.7263876523,4.499964528e-06,3.591322331e-06,0.2922158218,0.6511951908,0.05658898741,0.1236714187,0.1235561694
31.576,9.494313973,-0.3255079823,-0.2488562207,0.6711488413,-0.2805190373,0.4097375564,0.7274143919,1.238281719e-06,2.132320413e-06,0.2912016725,0.6523214824,0.05647684515,0.1233168073,0.1231897849
31.6,9.487103101,-0.3244266301,-0.2489276313,0.6722296349,-0.2805808978,0.4089224913,0.7284355305,3.697323022e-06,5.182681459e-06,0.2901806781,0.6534430961,0.05637622582,0.1229630742,0.1228247739
31.624,9.479903175,-0.3233424487,-0.2489842969,0.6733084271,-0.2806300832,0.4080974384,0.7294501228,7.095110636e-06,8.579765815e-06,0.2891540683,0.6545587366,0.05628719503,0.1226105491,0.122461255
31.648,9.472714168,-0.3222569728,-0.2490262844,0.6743841603,-0.2806678272,0.4072636085,0.7304576818,1.033796714e-05,1.183961917e-05,0.2881231614,0.6556677107,0.05620912796,0.1222595144,0.1220992856
31.672,9.465536057,-0.3211716362,-0.2490539621,0.6754561814,-0.2806954286,0.4064223123,0.7314581168,1.340996664e-05,1.493730561e-05,0.2870892674,0.6567698397,0.05614089287,0.1219101713,0.1217388628
31.696,9.458368816,-0.3200877088,-0.2490679543,0.6765241905,-0.2807141371,0.4055748848,0.7324516415,1.633074022e-05,1.788669544e-05,0.2860536061,0.657865343,0.05608105087,0.1215626186,0.1213799356
31.72,9.451212421,-0.3190062524,-0.2490690831,0.6775881681,-0.2807250772,0.4047226176,0.7334386781,1.912294359e-05,2.070744226e-05,0.2850172461,0.6589547134,0.05602804051,0.1212168485,0.1210224185
31.744,9.444066847,-0.3179280969,-0.2490583049,0.6786482969,-0.2807292088,0.4038667033,0.7344197706,2.180827965e-05,2.341934914e-05,0.2839810662,0.6600386001,0.05598033371,0.1208727517,0.1206662
31.768,9.43693207,-0.3168538353,-0.2490366487,0.6797048917,-0.2807273154,0.4030081951,0.7353955163,2.440697901e-05,2.604117525e-05,0.2829457294,0.6611177038,0.05593656677,0.1205301235,0.1203111378
31.792,9.429808065,-0.3157838335,-0.2490051606,0.6807583415,-0.2807200109,0.4021479821,0.7363665147,2.693796801e-05,2.85904885e-05,0.2819116586,0.6621926833,0.05589565809,0.1201886583,0.1199570385
31.816,9.422694808,-0.3147182525,-0.2489648583,0.681809066,-0.2807077583,0.4012867792,0.7373333358,2.941919611e-05,3.108380663e-05,0.2808790048,0.6632641178,0.0558568774,0.1198479248,0.1196036688
31.84,9.415592274,-0.3136570773,-0.2489166963,0.6828574853,-0.2806908919,0.4004251289,0.7382965001,3.186799497e-05,3.353681338e-05,0.279847611,0.6643337024,0.05581868661,0.1195073262,0.1192519792
31.864,9.408500439,-0.3126001489,-0.2488615419,0.6839040009,-0.2806696406,0.3995634119,0.7392564707,3.43014371e-05,3.596457958e-05,0.2788170594,0.6654627434,0.05572019713,0.1191661381,0.1189626126
31.888,9.40141928,-0.3115471966,-0.2488001619,0.6849489835,-0.2806441498,0.3987018639,0.7402136508,3.673668916e-05,3.838176179e-05,0.2777874742,0.6665166433,0.05569588252,0.1188242966,0.1186003929
31.912,9.394348772,-0.3104978681,-0.2487332164,0.6859927688,-0.2806145001,0.397840595,0.7411683861,3.919136156e-05,4.080276212e-05,0.2767651799,0.6675610841,0.05567373603,0.1184880393,0.1182305059
31.936,9.38728889,-0.3094517565,-0.2486612591,0.687035655,-0.2805807232,0.3969796108,0.7421209696,4.168385566e-05,4.324183173e-05,0.2757790156,0.6686212687,0.05559971569,0.1181862025,0.1178777333
31.96,9.380239612,-0.3084084226,-0.2485847428,0.6880779045,-0.2805428139,0.3961188326,0.7430716474,4.423370394e-05,4.571309153e-05,0.274820407,0.6696856056,0.05549398736,0.1179102755,0.1175301304
31.984,9.373200913,-0.3073674138,-0.2485040268,0.689119746,-0.2805007409,0.3952581162,0.7440206247,4.686188685e-05,4.8230427e-05,0.273826596,0.6707567243,0.05541667965,0.1175976154,0.1171900321
32.008,9.366172769,-0.3063282781,-0.2484193862,0.6901613775,-0.2804544536,0.3943972685,0.7449680715,4.959108755e-05,5.080718647e-05,0.2728162442,0.6718547414,0.05532901445,0.1172670363,0.1168773112
32.032,9.359155157,-0.3052905756,-0.2483310224,0.6912029703,-0.2804038887,0.3935360622,0.7459141284,5.244580489e-05,5.345557041e-05,0.2718052151,0.6729526985,0.05524208634,0.1169345801,0.1165648088
32.056,9.352148053,-0.3042538863,-0.2482390728,0.6922446714,-0.2803489737,0.3926742474,0.7468589104,5.545217016e-05,5.618553396e-05,0.2707964656,0.6740026729,0.05520086148,0.116603398,0.1162044377
32.08,9.345151434,-0.3032178152,-0.2481436203,0.6932866073,-0.2802896306,0.3918115615,0.7478025119,5.863717819e-05,5.900292896e-05,0.2697900292,0.6750578851,0.05515208577,0.116273726,0.1158492847
32.104,9.338165275,-0.3021819965,-0.2480447021,0.6943288866,-0.2802257781,0.3909477372,0.7487450096,6.20268017e-05,6.190647754e-05,0.268785484,0.676120318,0.05509419801,0.1159453469,0.1155012247
32.128,9.331189554,-0.3011460953,-0.2479423175,0.6953716022,-0.2801573332,0.3900825087,0.7496864654,6.564203504e-05,6.488300022e-05,0.267782401,0.6771868349,0.05503076411,0.1156180332,0.1151570342
32.152,9.324224247,-0.3001098086,-0.2478364347,0.6964148338,-0.280084212,0.3892156158,0.750626929,6.949120667e-05,6.790016159e-05,0.2667804095,0.6782560483,0.05496354212,0.1152916091,0.1148152572
32.176,9.317269331,-0.2990728651,-0.2477269967,0.6974586494,-0.2800063309,0.3883468083,0.7515664395,7.355582059e-05,7.089598598e-05,0.2657791943,0.6793273956,0.0548934101,0.1149659454,0.1144752776
32.2,9.310324783,-0.2980350253,-0.2476139261,0.6985031069,-0.2799236068,0.3874758479,0.7525050272,7.776587755e-05,7.37648832e-05,0.2647784828,0.6804006481,0.05482086906,0.1146409441,0.1141368267
32.224,9.303390578,-0.2969960802,-0.2474971298,0.6995482554,-0.2798359576,0.3866025102,0.753442715,8.196013064e-05,7.634159953e-05,0.2637780336,0.6814757162,0.05474625027,0.1143165259,0.1137997856
32.248,9.296466696,-0.2959558503,-0.2473765021,0.700594136,-0.2797433021,0.385726586,0.7543795189,8.583058548e-05,7.838833301e-05,0.2627776269,0.6825525663,0.05466980682,0.1139926204,0.1134641017
32.272,9.289553111,-0.2949141847,-0.2472519278,0.701640783,-0.2796455601,0.3848478818,0.7553154491,8.886676578e-05,7.95965303e-05,0.261777058,0.6836311847,0.05459175731,0.113669158,0.1131297507
32.296,9.282649802,-0.2938709594,-0.2471232843,0.7026882241,-0.2795426527,0.3839662205,0.7562505107,9.03523311e-05,7.962056936e-05,0.260776133,0.6847115603,0.05451230667,0.1133460664,0.112796719
32.32,9.275756745,-0.2928260766,-0.2469904442,0.7037364811,-0.2794345021,0.3830814413,0.7571847039,8.950622791e-05,7.815604705e-05,0.2597746698,0.6857936768,0.05443165333,0.1130232712,0.1124649949
32.344,9.268873918,-0.2917794628,-0.2468532762,0.7047855702,-0.2793210313,0.3821933998,0.7581180241,8.581381762e-05,7.504924355e-05,0.2587725061,0.6868775093,0.05434998457,0.1127007038,0.1121345652
32.368,9.262001298,-0.2907310686,-0.2467116465,0.7058355024,-0.2792021644,0.3813019679,0.7590504627,7.937987177e-05,7.038463134e-05,0.2577695193,0.6879630221,0.05426745859,0.1123783223,0.1118054122
32.392,9.255138861,-0.2896808665,-0.2465654201,0.7068862832,-0.2790778264,0.380407033,0.7599820068,7.096830077e-05,6.448675229e-05,0.2567656609,0.6890501674,0.05418417176,0.1120561451,0.1114775126
32.416,9.248286587,-0.2886288508,-0.2464144615,0.7079379133,-0.2789479432,0.3795084984,0.760912639,6.164289916e-05,5.782424284e-05,0.2557610017,0.6901388839,0.05410011431,0.1117342976,0.1111508364
32.44,9.241444451,-0.2875750365,-0.2462586349,0.7089903882,-0.2788124417,0.3786062822,0.7618423381,5.233207653e-05,5.087449639e-05,0.2547557743,0.6912290962,0.05401512949,0.1114130547,0.1108253454
32.464,9.234612432,-0.2865194579,-0.2460978055,0.7100436979,-0.2786712494,0.3777003172,0.7627710785,4.362169215e-05,4.402243033e-05,0.2537503821,0.6923207129,0.05392890501,0.1110928506,0.1105009928
32.488,9.227790507,-0.2854621684,-0.2459318388,0.7110978275,-0.2785242948,0.3767905505,0.76369883,3.57771507e-05,3.752316961e-05,0.2527453464,0.6934136268,0.05384102682,0.1107742261,0.1101777224
32.512,9.220978654,-0.2844032394,-0.245760602,0.7121527563,-0.2783715073,0.3758769427,0.7646255583,2.885363735e-05,3.151357844e-05,0.2517411894,0.6945077144,0.05375109627,0.1104577124,0.109855469
32.536,9.21417685,-0.2833427598,-0.2455839632,0.7132084583,-0.2782128172,0.3749594679,0.765551224,2.27974511e-05,2.604426113e-05,0.250738293,0.6956028366,0.05365887045,0.1101436899,0.1095341592
32.56,9.207385074,-0.2822808349,-0.2454017924,0.7142649013,-0.2780481558,0.3740381123,0.7664757832,1.751131033e-05,2.111213293e-05,0.2497367951,0.6966988411,0.05356436385,0.1098322853,0.1092137144
32.584,9.200603302,-0.2812175862,-0.2452139608,0.7153220472,-0.2778774558,0.3731128748,0.7673991866,1.288923009e-05,1.668555112e-05,0.2487366512,0.6977955659,0.05346778296,0.1095234337,0.108894054
32.608,9.193831514,-0.2801531503,-0.2450203414,0.7163798513,-0.2777006506,0.3721837655,0.7683213798,8.832924366e-06,1.27214426e-05,0.2477376596,0.6988928451,0.0533694953,0.1092169043,0.1085751022
32.632,9.187069686,-0.2790876784,-0.2448208088,0.7174382624,-0.2775176755,0.3712508056,0.7692423029,5.260389072e-06,9.177398582e-06,0.2467395489,0.6999905172,0.05326993384,0.1089123883,0.1082567966
32.656,9.180317798,-0.2780213358,-0.2446152392,0.7184972222,-0.277328467,0.3703140267,0.7701618901,2.132725387e-06,6.025987967e-06,0.2457420561,0.7010884359,0.05316950798,0.1086095777,0.107939099
32.68,9.173575826,-0.2769543006,-0.2444035104,0.7195566652,-0.2771329634,0.3693734702,0.7710800697,1.037882399e-06,3.307356278e-06,0.2447449604,0.7021864823,0.05306855726,0.1083081999,0.1076220085
32.704,9.16684375,-0.2758867637,-0.2441855016,0.7206165184,-0.2769311048,0.3684291867,0.7719967638,3.435074161e-06,1.618306823e-06,0.2437480881,0.7032845783,0.05296733364,0.1080080225,0.107305575
32.728,9.160121547,-0.2748189272,-0.2439610937,0.7216767005,-0.2767228335,0.3674812349,0.772911888,5.724016198e-06,2.677773668e-06,0.242751294,0.7043826959,0.05286601009,0.107708836,0.1069899092
32.752,9.153409196,-0.2737510042,-0.2437301688,0.7227371224,-0.2765080941,0.3665296816,0.7738253512,7.816247986e-06,4.626622547e-06,0.2417544348,0.7054808603,0.05276470484,0.1074104273,0.1066751861
32.776,9.146706676,-0.2726832176,-0.2434926104,0.7237976862,-0.2762868338,0.3655746004,0.7747370554,9.730392394e-06,6.549265678e-06,0.2407573338,0.7065791412,0.05266352502,0.1071125452,0.1063616362
32.8,9.140013963,-0.2716157989,-0.2432483032,0.7248582851,-0.2760590024,0.364616071,0.7756468953,1.148794243e-05,8.353050693e-06,0.2397597292,0.7076776291,0.05256264177,0.1068148498,0.1060495228
32.824,9.133331038,-0.2705489878,-0.2429971331,0.7259188031,-0.2758245529,0.3636541785,0.7765547584,1.310808883e-05,1.003107752e-05,0.2387611904,0.7087763995,0.05246241005,0.1065168288,0.1057391066
32.848,9.126657879,-0.2694830303,-0.2427389872,0.726979115,-0.2755834418,0.3626890121,0.7774605244,1.460734597e-05,1.159070669e-05,0.23776098,0.7098754712,0.05236354873,0.1062176603,0.105430604
32.872,9.119994463,-0.2684181778,-0.2424737533,0.7280390855,-0.2753356289,0.3617206646,0.7783640656,1.599982803e-05,1.304202079e-05,0.2367578533,0.7109747703,0.05226737646,0.1059160138,0.1051241515
32.896,9.113340771,-0.2673546858,-0.2422013205,0.7290985693,-0.2750810782,0.3607492311,0.7792652458,1.729760733e-05,1.439507483e-05,0.235749994,0.7120741097,0.0521758963,0.105609986,0.1048197862
32.92,9.10669678,-0.2662928124,-0.2419215789,0.7301574109,-0.2748197578,0.3597748077,0.7801639212,1.851104434e-05,1.56591422e-05,0.2347364256,0.7131731919,0.05209038251,0.1052985129,0.1045174477
32.944,9.10006247,-0.2652328163,-0.2416344195,0.7312154442,-0.2745516402,0.358797491,0.7810599395,1.964906908e-05,1.684253772e-05,0.2337241204,0.7142716293,0.05200425032,0.1049884805,0.104217
32.968,9.093437818,-0.2641749555,-0.2413397343,0.7322724925,-0.2742767029,0.3578173758,0.7819531399,2.071941539e-05,1.795262891e-05,0.2327346692,0.7153689762,0.05189635465,0.1047013943,0.1039182628
32.992,9.086822806,-0.263119485,-0.2410374164,0.7333283679,-0.2739949284,0.3568345548,0.7828433534,2.172881449e-05,1.899590827e-05,0.2317725561,0.7164647624,0.05176268153,0.1044416561,0.103621046
33.016,9.08021741,-0.262066655,-0.2407273605,0.7343828718,-0.2737063046,0.3558491166,0.7837304023,2.268315491e-05,1.997808074e-05,0.2308133355,0.7175585201,0.05162814443,0.1041847412,0.1033251762
33.04,9.07362161,-0.2610167081,-0.2404094626,0.7354357941,-0.2734108249,0.3548611442,0.7846141003,2.358761492e-05,2.090414851e-05,0.2298457987,0.7186498015,0.05150439972,0.1039193666,0.1030305147
33.064,9.067035386,-0.259969877,-0.2400836208,0.7364869136,-0.2731084889,0.3538707135,0.7854942524,2.4446773e-05,2.17784863e-05,0.2288717982,0.7197381874,0.05139001439,0.1036473157,0.1027369663
33.088,9.060458716,-0.2589263816,-0.2397497353,0.7375359979,-0.2727993021,0.352877892,0.7863706552,2.526470052e-05,2.260490466e-05,0.2278945687,0.720823288,0.0512821433,0.1033717615,0.1024444801
33.112,9.05389158,-0.2578864255,-0.2394077098,0.738582803,-0.2724832766,0.3518827361,0.7872430965,2.604504052e-05,2.338670036e-05,0.2269161843,0.7219047395,0.0511790762,0.1030947236,0.1021530461
33.136,9.047333957,-0.2568501932,-0.2390574515,0.739627074,-0.2721604308,0.3508852902,0.7881113555,2.67910755e-05,2.412669302e-05,0.2259378131,0.7229821987,0.05107998826,0.1028173255,0.1018626893
33.16,9.040785826,-0.2558178451,-0.2386988728,0.7406685447,-0.2718307899,0.3498855838,0.7889752033,2.750578719e-05,2.482724718e-05,0.2249601203,0.7240553352,0.05098454449,0.1025401978,0.1015734631
33.184,9.034247167,-0.2547895141,-0.2383318923,0.7417069376,-0.2714943859,0.3488836302,0.7898344022,2.819191083e-05,2.549027761e-05,0.2239835027,0.7251238256,0.0508926717,0.1022637145,0.1012854421
33.208,9.02771796,-0.2537653,-0.237956437,0.7427419645,-0.2711512575,0.3478794236,0.7906887063,2.885198673e-05,2.61172343e-05,0.2230082084,0.7261873466,0.05080444498,0.1019881142,0.1009987157
33.232,9.021198182,-0.2527452638,-0.2375724441,0.7437733261,-0.2708014501,0.3468729372,0.7915378614,2.948841265e-05,2.670906072e-05,0.2220343968,0.7272455697,0.05072003349,0.1017135613,0.100713383
33.256,9.014687816,-0.2517294218,-0.2371798645,0.7448007124,-0.2704450158,0.3458641206,0.7923816049,3.010350147e-05,2.726611461e-05,0.2210621687,0.7282981554,0.05063967582,0.1014401779,0.1004295469
33.28,9.008186839,-0.2507177377,-0.2367786662,0.7458238023,-0.2700820127,0.3448528973,0.7932196655,3.06995516e-05,2.778803311e-05,0.2200915811,0.7293447483,0.05056367054,0.1011680594,0.1001473098
33.304,9.001695232,-0.249710114,-0.2363688394,0.7468422633,-0.2697125051,0.3438391619,0.7940517626,3.127894249e-05,2.827351051e-05,0.2191226534,0.7303849717,0.05049237494,0.1008972832,0.09986676921
33.328,8.995212974,-0.248706382,-0.2359504028,0.7478557505,-0.2693365624,0.3428227779,0.7948776053,3.184427848e-05,2.871993241e-05,0.2181553695,0.7314184214,0.0504262091,0.1006279115,0.09958801317
33.352,8.988740046,-0.2477062896,-0.2355234123,0.7488639049,-0.2689542587,0.3418035747,0.7956968904,3.239862697e-05,2.912276178e-05,0.2171896774,0.7324446585,0.05036566411,0.1003599927,0.09931111628
33.376,8.982276426,-0.2467094865,-0.2350879719,0.7498663504,-0.2685656713,0.3407813452,0.7965092989,3.294595022e-05,2.94744741e-05,0.2162254862,0.7334631988,0.05031131497,0.1000935599,0.09903613464
33.4,8.975822096,-0.245715506,-0.2346442494,0.7508626877,-0.2681708798,0.3397558442,0.7973144904,3.349196214e-05,2.97626237e-05,0.2152626628,0.7344734969,0.0502638403,0.09982862806,0.09876309938
33.424,8.969377034,-0.2447237425,-0.2341924976,0.7518524844,-0.2677699637,0.3387267867,0.7981120923,3.404600911e-05,2.996611978e-05,0.2143010276,0.7354749224,0.05022405001,0.09956519037,0.0984920097
33.448,8.962941222,-0.2437334219,-0.233733085,0.7528352569,-0.2673630005,0.3376938495,0.7989016823,3.462573445e-05,3.004751135e-05,0.2133403496,0.7364667315,0.05019291893,0.09930321239,0.09822283252
33.472,8.956514639,-0.2427435637,-0.2332665409,0.7538104378,-0.2669500621,0.336656675,0.7996827569,3.527065781e-05,2.993554496e-05,0.2123803433,0.7374480096,0.05017164704,0.09904262528,0.09795549698
33.496,8.950097265,-0.2417529297,-0.2327936233,0.7547773152,-0.2665312112,0.3356148835,0.8004546721,3.609185905e-05,2.9482151e-05,0.2114206677,0.73841756,0.05016177229,0.09878331639,0.09768987705
33.52,8.943689081,-0.2407599557,-0.2323154275,0.7557349146,-0.2661064953,0.3345681009,0.80121653,3.753422119e-05,2.836463609e-05,0.2104609326,0.7393737416,0.05016532579,0.09852511707,0.09742581289
33.544,8.937290067,-0.2397626579,-0.2318335654,0.7566817533,-0.2656759422,0.3335160178,0.8019669457,4.32599421e-05,2.685942256e-05,0.2095007411,0.7403139007,0.05018535819,0.09826780513,0.09716291791
33.568,8.930900203,-0.2387585098,-0.2313504752,0.7576152869,-0.2652395609,0.3324585213,0.8027035241,8.521863923e-05,8.404290153e-05,0.2085395737,0.7412337177,0.05022670866,0.098010898,0.09690076302
33.592,8.924519469,-0.2377442962,-0.2308699886,0.7585304979,-0.2647973815,0.3313959898,0.8034215391,3.962570692e-05,4.961191972e-05,0.2075773326,0.7421250239,0.0502976435,0.09775402901,0.09663885188
33.616,8.918147846,-0.2367160051,-0.2303984215,0.7594156042,-0.2643497354,0.3303299861,0.8041099692,3.803773537e-05,4.291784314e-05,0.2066143315,0.7429690718,0.05041659666,0.09749643038,0.09637622737
33.64,8.911785315,-0.2356690479,-0.2299467854,0.7602347236,-0.2638994504,0.3292649757,0.8047358293,3.809023077e-05,4.091631995e-05,0.2056524934,0.7437112509,0.05063625568,0.09723706769,0.09611149438
33.664,8.905431856,-0.2345999995,-0.2295354226,0.7608072254,-0.2634846825,0.3282128425,0.8051408648,3.843167844e-05,4.015059169e-05,0.2046981413,0.7440941625,0.05120769619,0.09697446981,0.09584234876
33.688,8.89908745,-0.2335147086,-0.2292033181,0.762919133,-0.2672641011,0.3272052569,0.8083784406,3.887033288e-05,3.988572377e-05,0.203769949,0.7490402759,0.04718977516,0.09670666729,0.09556457107
33.712,8.892752076,-0.2324613641,-0.2290197109,0.7640117955,-0.2627143134,0.3263254722,0.8079188289,3.936429958e-05,3.988012335e-05,0.2029201179,0.7480017208,0.04907816125,0.0964318026,0.09526888515
33.736,8.886425717,-0.231631158,-0.2290359502,0.7646310218,-0.2621291637,0.3257460051,0.8083144796,3.990797239e-05,4.003645364e-05,0.2022700228,0.748297367,0.04943261016,0.09615956139,0.09492506749
33.76,8.880108353,-0.2313374277,-0.2289319894,0.7654460669,-0.2616233052,0.3254640705,0.8089217732,4.05108068e-05,4.031409392e-05,0.2019212861,0.7488987803,0.0491799336,0.09599442328,0.0945443435
33.784,8.873799964,-0.2311323645,-0.2280901658,0.7663169888,-0.26112845,0.3247264905,0.8095861873,4.119431435e-05,4.07018785e-05,0.2009413086,0.7497168483,0.04934184303,0.09549401332,0.09428705195
33.808,8.867500532,-0.2303406243,-0.2269783939,0.767216251,-0.2606342414,0.3233821184,0.8102783372,4.199634078e-05,4.121082145e-05,0.1993470673,0.750416854,0.05023607863,0.09477107107,0.09386586868
33.832,8.861210038,-0.229218372,-0.2260779163,0.7681380285,-0.2601381679,0.3219507514,0.8109919218,4.298357935e-05,4.187815652e-05,0.1979518457,0.7506155456,0.05143260871,0.09429955751,0.09290764667
33.856,8.854928462,-0.2280156546,-0.2253734787,0.7690842094,-0.259640111,0.3205999745,0.811728716,4.428208827e-05,4.278625332e-05,0.1970811547,0.7517559021,0.05116294319,0.09429680914,0.0928523919
33.88,8.848655785,-0.2267998418,-0.2247910115,0.7700612322,-0.2591415367,0.319326114,0.8124953153,4.61597706e-05,4.411852288e-05,0.1961944592,0.752970144,0.05083539677,0.09422528999,0.09282150464
33.904,8.842391989,-0.2255791454,-0.2242915019,0.771079602,-0.2586458742,0.3181078884,0.8133027978,4.929980163e-05,4.6346963e-05,0.1953853433,0.7543682693,0.05024638739,0.09419271222,0.09290682629
33.928,8.836137055,-0.2243493196,-0.2238601348,0.7721544152,-0.2581597171,0.3169321334,0.8141675997,5.607488907e-05,5.111111214e-05,0.1945658397,0.7557010173,0.04973314298,0.09411985944,0.09283213427
33.952,8.829890964,-0.2231051006,-0.2234946907,0.7733063959,-0.2576951715,0.3157938611,0.8151132334,8.084393647e-05,6.998237626e-05,0.19368449,0.7570734014,0.0492421086,0.09395872076,0.09266381322
33.976,8.823653697,-0.2218427729,-0.2231998231,0.7745630238,-0.2572741737,0.3146941006,0.8161727013,6.460433997e-06,5.495107742e-06,0.1927755519,0.7585845387,0.04863990938,0.09374317495,0.0924466604
34,8.817425235,-0.2205607881,-0.2229844382,0.7759587139,-0.2569362683,0.3136385196,0.8173910763,2.299887235e-05,2.600026664e-05,0.1918658404,0.7603259338,0.04780822579,0.09349671889,0.09219776158
