f_THz,lam_um,Re_S11,Im_S11,Re_S21,Im_S21,absS11,absS21,absS11_cross,absS21_cross,R_total,T_total,A,R_higher,T_higher
10,29.9792458,-0.2657762045,0.4399220439,0.7323835862,0.4292434199,0.5139731468,0.8489026038,4.649569565e-07,7.279390616e-07,0.2641683956,0.7206356308,0.01519597362,0,0
10.024,29.90746788,-0.2674713645,0.4411869141,0.7318545961,0.4303492197,0.5159329646,0.8490062431,5.969758976e-07,7.901659398e-07,0.266186824,0.7208116008,0.01300157523,0,0
10.048,29.83603284,-0.2691929435,0.4424259294,0.7312153963,0.431460502,0.5178856474,0.8490195054,7.378288009e-07,8.575079608e-07,0.2682055438,0.7208341206,0.01096033557,0,0
10.072,29.76493824,-0.2709402112,0.4436393419,0.730468693,0.4325748716,0.5198311877,0.8489437737,8.883659082e-07,9.302037395e-07,0.2702244637,0.720705531,0.009070005356,0,0
10.096,29.69418166,-0.2727124409,0.4448274238,0.7296172886,0.4336900202,0.5217695971,0.8487805497,1.049552438e-06,1.008559044e-06,0.2722435124,0.7204284215,0.007328066087,0,0
10.12,29.62376067,-0.2745089112,0.4459904675,0.7286640732,0.4348037326,0.5237009064,0.8485314476,1.222480936e-06,1.092950809e-06,0.2742626394,0.7200056175,0.005731743085,0,0
10.144,29.55367291,-0.2763289078,0.447128784,0.727612015,0.4359138923,0.5256251656,0.8481981878,1.408388077e-06,1.183832896e-06,0.2762818147,0.7194401658,0.004278019428,0,0
10.168,29.48391601,-0.278171725,0.4482427033,0.7264641507,0.4370184863,0.5275424434,0.8477825898,1.608674858e-06,1.281743975e-06,0.2783010296,0.7187353197,0.002963650715,0,0
10.192,29.41448764,-0.2800366673,0.4493325731,0.7252235765,0.4381156096,0.5294528272,0.847286565,1.824929902e-06,1.387317951e-06,0.2803202962,0.7178945232,0.001785180537,0,0
10.216,29.34538547,-0.281923051,0.450398758,0.7238934377,0.4392034682,0.5313564226,0.846712109,2.058955712e-06,1.501297444e-06,0.2823396479,0.7169213956,0.0007389565277,0,0
10.24,29.27660723,-0.2838302055,0.4514416389,0.7224769194,0.4402803824,0.5332533534,0.8460612946,2.312797568e-06,1.62455097e-06,0.2843591389,0.7158197142,-0.0001788531214,0,0
10.264,29.20815062,-0.2857574751,0.4524616119,0.7209772365,0.4413447886,0.5351437609,0.8453362632,2.588774232e-06,1.758094711e-06,0.2863788449,0.7145933979,-0.000972242794,0,0
10.288,29.14001341,-0.2877042199,0.4534590874,0.719397624,0.4423952406,0.5370278038,0.8445392177,2.889508847e-06,1.903120032e-06,0.2883988621,0.7132464903,-0.001645352348,0,0
10.312,29.07219337,-0.2896698171,0.4544344888,0.7177413275,0.4434304106,0.5389056574,0.8436724141,3.217956902e-06,2.061028344e-06,0.2904193076,0.7117831423,-0.002202449902,0,0
10.336,29.00468827,-0.2916536628,0.455388252,0.716011594,0.4444490891,0.5407775134,0.8427381536,3.57742583e-06,2.233475459e-06,0.292440319,0.7102075956,-0.0026479146,0,0
10.36,28.93749595,-0.2936551723,0.4563208235,0.7142116624,0.4454501842,0.5426435793,0.841738775,3.971576982e-06,2.422428394e-06,0.2944620542,0.7085241653,-0.002986219477,0,0
10.384,28.87061421,-0.2956737819,0.4572326599,0.7123447546,0.446432721,0.5445040777,0.8406766464,4.404394809e-06,2.630238726e-06,0.2964846906,0.7067372239,-0.003221914512,0,0
10.408,28.80404093,-0.2977089494,0.4581242265,0.7104140676,0.4473958393,0.5463592458,0.8395541582,4.880099091e-06,2.859738253e-06,0.2985084255,0.7048511845,-0.003359609961,0,0
10.432,28.73777396,-0.2997601553,0.4589959957,0.7084227644,0.4483387917,0.5482093348,0.8383737145,5.402962881e-06,3.114365124e-06,0.3005334748,0.7028704852,-0.003403960064,0,0
10.456,28.67181121,-0.3018269032,0.4598484465,0.7063739667,0.4492609409,0.5500546094,0.8371377269,5.976980986e-06,3.398332263e-06,0.3025600733,0.7007995739,-0.003359647183,0,0
10.48,28.60615057,-0.3039087212,0.4606820624,0.7042707475,0.4501617567,0.5518953465,0.8358486065,6.60531212e-06,3.716855433e-06,0.3045884735,0.6986428929,-0.003231366462,0,0
10.504,28.54078998,-0.3060051619,0.4614973309,0.7021161238,0.4510408121,0.5537318354,0.8345087569,7.289398215e-06,4.076466926e-06,0.3066189456,0.6964048654,-0.003023811058,0,0
10.528,28.47572739,-0.3081158035,0.4622947415,0.6999130504,0.4518977799,0.5555643764,0.8331205684,8.027662464e-06,4.485454611e-06,0.3086517764,0.6940898816,-0.002741657995,0,0
10.552,28.41096077,-0.3102402498,0.4630747849,0.6976644137,0.4527324281,0.5573932804,0.8316864106,8.813737246e-06,4.954488499e-06,0.3106872691,0.6917022856,-0.002389554699,0,0
10.576,28.34648809,-0.3123781311,0.4638379517,0.6953730261,0.4535446158,0.5592188679,0.8302086267,9.634330355e-06,5.497534705e-06,0.3127257423,0.6892463639,-0.001972106228,0,0
10.6,28.28230736,-0.3145291042,0.4645847307,0.6930416209,0.4543342882,0.5610414685,0.8286895279,1.046716471e-05,6.133221885e-06,0.3147675295,0.6867263338,-0.001493863254,0,0
10.624,28.2184166,-0.3166928529,0.4653156081,0.6906728476,0.4551014722,0.5628614201,0.8271313877,1.127991722e-05,6.886942131e-06,0.3168129783,0.6841463325,-0.0009593107941,0,0
10.648,28.15481386,-0.3188690879,0.4660310659,0.6882692681,0.4558462707,0.5646790678,0.8255364364,1.203151705e-05,7.794185961e-06,0.3188624498,0.681510408,-0.0003728577296,0,0
10.672,28.09149719,-0.3210575473,0.466731581,0.6858333525,0.456568858,0.5664947638,0.8239068573,1.267700349e-05,8.906034195e-06,0.3209163175,0.6788225096,0.0002611729027,0,0
10.696,28.02846466,-0.3232579962,0.4674176236,0.6833674764,0.4572694744,0.5683088658,0.8222447811,1.317580458e-05,1.02985931e-05,0.3229749671,0.6760864801,0.0009385528215,0,0
10.72,27.96571437,-0.3254702269,0.4680896563,0.6808739177,0.457948421,0.5701217369,0.8205522824,1.350101061e-05,1.209001796e-05,0.3250387951,0.6733060483,0.001655156637,0,0
10.744,27.90324442,-0.327694059,0.4687481327,0.6783548548,0.4586060544,0.5719337446,0.8188313759,1.364564103e-05,1.447300366e-05,0.3271082084,0.6704848224,0.002406969204,0,0
10.768,27.84105293,-0.3299293387,0.4693934966,0.6758123644,0.4592427813,0.5737452599,0.8170840129,1.362291776e-05,1.778076713e-05,0.3291836234,0.6676262844,0.003190092212,0,0
10.792,27.77913807,-0.3321759392,0.4700261806,0.6732484201,0.4598590536,0.5755566567,0.8153120778,1.346082833e-05,2.262918087e-05,0.3312654652,0.6647337848,0.004000750022,0,0
10.816,27.71749797,-0.33443376,0.4706466049,0.6706648913,0.4604553628,0.577368311,0.8135173862,1.319409801e-05,3.02260635e-05,0.3333541667,0.6618105385,0.00483529475,0,0
10.84,27.65613081,-0.3367027267,0.4712551769,0.6680635429,0.4610322355,0.5791806004,0.8117016814,1.285702872e-05,4.283261127e-05,0.3354501681,0.6588596214,0.005690210567,0,0
10.864,27.59503479,-0.3389827905,0.4718522895,0.6654460344,0.4615902279,0.580993903,0.809866633,1.247903677e-05,6.128280326e-05,0.3375539155,0.655883967,0.006562117486,0,0
10.888,27.53420812,-0.341273928,0.4724383206,0.6628139205,0.4621299212,0.582808597,0.8080138348,1.208292648e-05,6.674852165e-05,0.3396658609,0.6528863618,0.007447777334,0,0
10.912,27.47364901,-0.3435761407,0.4730136321,0.660168651,0.462651917,0.5846250598,0.8061448034,1.168502473e-05,5.065507256e-05,0.3417864607,0.6498694466,0.008344092695,0,0
10.936,27.41335571,-0.3458894541,0.4735785688,0.6575115716,0.4631568324,0.5864436676,0.8042609764,1.129622124e-05,3.687157132e-05,0.3439161754,0.6468357196,0.00924810503,0,0
10.96,27.35332646,-0.3482139175,0.4741334581,0.654843925,0.4636452961,0.5882647945,0.8023637122,1.092325003e-05,2.841684487e-05,0.3460554685,0.6437875275,0.01015700398,0,0
10.984,27.29355954,-0.3505496033,0.4746786087,0.6521668517,0.4641179438,0.5900888119,0.8004542886,1.056986664e-05,2.308092615e-05,0.348204806,0.6407270687,0.01106812524,0,0
11.008,27.23405323,-0.3528966066,0.4752143101,0.6494813918,0.464575414,0.5919160882,0.7985339026,1.023779435e-05,1.948794975e-05,0.3503646556,0.637656394,0.01197895038,0,0
11.032,27.17480584,-0.355255044,0.4757408321,0.6467884864,0.4650183448,0.5937469879,0.7966036701,9.927428496e-06,1.692837838e-05,0.3525354857,0.6345774075,0.01288710681,0,0
11.056,27.11581567,-0.3576250535,0.4762584237,0.6440889795,0.4654473695,0.595581871,0.7946646256,9.638335293e-06,1.502190459e-05,0.3547177651,0.6314918675,0.01379036739,0,0
11.08,27.05708105,-0.3600067933,0.4767673132,0.6413836197,0.4658631135,0.5974210928,0.7927177229,9.369592826e-06,1.35512784e-05,0.3569119622,0.6284013883,0.01468664948,0,0
11.104,26.99860032,-0.3624004415,0.4772677068,0.6386730631,0.4662661907,0.5992650031,0.7907638346,9.120017596e-06,1.238480555e-05,0.359118544,0.6253074423,0.01557401372,0,0
11.128,26.94037185,-0.3648061951,0.4777597889,0.6359578748,0.4666572008,0.6011139458,0.7888037535,8.888311168e-06,1.143850224e-05,0.3613379759,0.6222113616,0.01645066244,0,0
11.152,26.88239401,-0.3672242693,0.4782437211,0.6332385317,0.4670367258,0.6029682585,0.7868381926,8.673152398e-06,1.065648087e-05,0.3635707208,0.6191143414,0.01731493773,0,0
11.176,26.82466518,-0.3696548968,0.4787196422,0.6305154252,0.4674053279,0.6048282719,0.7848677863,8.473253314e-06,1.000019459e-05,0.3658172386,0.6160174421,0.01816531931,0,0
11.2,26.76718375,-0.372098327,0.4791876673,0.6277888635,0.4677635462,0.6066943097,0.7828930912,8.287391116e-06,9.442237642e-06,0.3680779855,0.6129215924,0.01900042209,0,0
11.224,26.70994815,-0.3745548249,0.4796478882,0.6250590746,0.4681118948,0.6085666878,0.7809145874,8.114424747e-06,8.962613212e-06,0.3703534136,0.6098275929,0.01981899357,0,0
11.248,26.65295679,-0.3770246709,0.4801003723,0.6223262088,0.4684508605,0.6104457142,0.7789326793,7.95330168e-06,8.546400208e-06,0.37264397,0.606736119,0.02061991099,0,0
11.272,26.59620813,-0.3795081597,0.480545163,0.6195903421,0.4687809004,0.6123316887,0.7769476975,7.803058662e-06,8.182246023e-06,0.374950097,0.6036477247,0.0214021783,0,0
11.296,26.5397006,-0.3820055992,0.4809822792,0.6168514784,0.4691024405,0.6142249024,0.7749598997,7.662818872e-06,7.861364405e-06,0.3772722308,0.6005628462,0.02216492307,0,0
11.32,26.48343269,-0.3845173104,0.481411715,0.614109553,0.4694158736,0.6161256376,0.7729694725,7.531787057e-06,7.576852068e-06,0.3796108014,0.5974818055,0.0229073931,0,0
11.344,26.42740286,-0.3870436259,0.4818334399,0.6113644353,0.4697215578,0.6180341675,0.7709765331,7.409243697e-06,7.323212067e-06,0.3819662322,0.5944048147,0.02362895311,0,0
11.368,26.37160961,-0.3895848896,0.4822473985,0.6086159319,0.4700198151,0.6199507557,0.7689811306,7.294538801e-06,7.096014657e-06,0.3843389396,0.5913319793,0.02432908114,0,0
11.392,26.31605144,-0.3921414559,0.4826535101,0.6058637897,0.4703109301,0.6218756566,0.766983248,7.187085749e-06,6.8916516e-06,0.3867293323,0.5882633027,0.02500736501,0,0
11.416,26.26072687,-0.3947136886,0.4830516693,0.6031076986,0.4705951487,0.6238091144,0.7649828038,7.086355392e-06,6.707155258e-06,0.3891378113,0.5851986901,0.0256634986,0,0
11.44,26.20563444,-0.3973019606,0.4834417455,0.6003472948,0.4708726772,0.6257513637,0.7629796541,6.991870549e-06,6.540063438e-06,0.3915647692,0.5821379526,0.02629727819,0,0
11.464,26.15077268,-0.3999066526,0.4838235831,0.5975821637,0.4711436815,0.6277026289,0.7609735942,6.903200937e-06,6.388317047e-06,0.3940105904,0.579080811,0.02690859859,0,0
11.488,26.09614015,-0.4025281531,0.4841970012,0.594811843,0.4714082858,0.6296631242,0.7589643605,6.819958579e-06,6.25018166e-06,0.39647565,0.5760269006,0.02749744942,0,0
11.512,26.04173541,-0.4051668569,0.4845617942,0.5920358254,0.4716665727,0.6316330536,0.7569516327,6.741793659e-06,6.124186722e-06,0.3989603144,0.5729757744,0.02806391121,0,0
11.536,25.98755704,-0.4078231653,0.4849177315,0.5892535617,0.4719185819,0.6336126107,0.7549350356,6.668390802e-06,6.009077957e-06,0.4014649405,0.569926908,0.02860815156,0,0
11.56,25.93360363,-0.4104974844,0.4852645575,0.5864644638,0.4721643102,0.6356019788,0.7529141407,6.599465775e-06,5.903779752e-06,0.4039898755,0.5668797032,0.0291304213,0,0
11.584,25.87987379,-0.4131902253,0.485601992,0.5836679076,0.4724037109,0.6376013307,0.7508884688,6.534762536e-06,5.807365159e-06,0.4065354569,0.5638334925,0.02963105056,0,0
11.608,25.82636613,-0.4159018031,0.48592973,0.5808632356,0.4726366936,0.6396108288,0.7488574916,6.47405063e-06,5.719031803e-06,0.4091020123,0.5607875427,0.03011044498,0,0
11.632,25.77307926,-0.4186326362,0.4862474422,0.5780497599,0.472863124,0.6416306252,0.7468206337,6.417122892e-06,5.638082366e-06,0.4116898592,0.557741059,0.0305690818,0,0
11.656,25.72001184,-0.4213831462,0.4865547749,0.5752267648,0.4730828238,0.6436608617,0.7447772748,6.363793409e-06,5.56390869e-06,0.4142993049,0.5546931891,0.03100750603,0,0
11.68,25.6671625,-0.4241537565,0.48685135,0.5723935096,0.4732955708,0.6457016696,0.7427267514,6.313895743e-06,5.495978731e-06,0.4169306461,0.5516430272,0.03142632666,0,0
11.704,25.6145299,-0.4269448926,0.4871367654,0.5695492315,0.4735010986,0.6477531702,0.7406683587,6.267281366e-06,5.43382581e-06,0.4195841696,0.5485896176,0.03182621286,0,0
11.728,25.56211272,-0.4297569811,0.4874105953,0.5666931477,0.4736990973,0.6498154748,0.7386013529,6.223818299e-06,5.377039691e-06,0.4222601513,0.5455319585,0.03220789019,0,0
11.752,25.50990963,-0.4325904495,0.4876723899,0.5638244583,0.4738892132,0.6518886844,0.7365249528,6.18338993e-06,5.325259161e-06,0.4249588569,0.5424690061,0.03257213695,0,0
11.776,25.45791933,-0.4354457254,0.487921676,0.5609423485,0.4740710491,0.6539728906,0.7344383418,6.145893994e-06,5.278165826e-06,0.4276805417,0.5393996779,0.0329197804,0,0
11.8,25.40614051,-0.4383232363,0.4881579568,0.5580459913,0.474244165,0.656068175,0.7323406697,6.111241709e-06,5.235478903e-06,0.4304254503,0.5363228565,0.03325169321,0,0
11.824,25.35457189,-0.4412234094,0.4883807123,0.5551345498,0.4744080781,0.65817461,0.7302310545,6.079357047e-06,5.19695085e-06,0.4331938172,0.533237393,0.0335687898,0,0
11.848,25.30321219,-0.4441466709,0.4885893995,0.5522071791,0.4745622634,0.6602922585,0.7281085843,6.050176129e-06,5.162363687e-06,0.4359858666,0.5301421105,0.03387202288,0,0
11.872,25.25206014,-0.4470934457,0.4887834523,0.5492630289,0.4747061541,0.6624211745,0.7259723188,6.023646754e-06,5.131525897e-06,0.4388018124,0.5270358077,0.03416237987,0,0
11.896,25.20111449,-0.4500641574,0.4889622816,0.5463012454,0.4748391422,0.6645614032,0.7238212913,5.999728032e-06,5.104269827e-06,0.4416418586,0.5239172618,0.03444087959,0,0
11.92,25.15037399,-0.4530592278,0.4891252758,0.5433209736,0.4749605789,0.6667129812,0.72165451,5.978390138e-06,5.080449514e-06,0.4445061993,0.5207852319,0.03470856881,0,0
11.944,25.09983741,-0.4560790767,0.4892718004,0.5403213585,0.4750697755,0.6688759368,0.7194709598,5.959614169e-06,5.059938875e-06,0.4473950189,0.5176384621,0.03496651903,0,0
11.968,25.04950351,-0.4591241218,0.4894011985,0.537301548,0.4751660035,0.6710502904,0.7172696037,5.943392125e-06,5.042630229e-06,0.4503084923,0.5144756844,0.03521582327,0,0
11.992,24.99937108,-0.4621947786,0.4895127904,0.5342606937,0.4752484959,0.6732360546,0.7150493841,5.929726988e-06,5.028433103e-06,0.4532467853,0.5112956218,0.03545759291,0,0
12.016,24.94943891,-0.4652914601,0.489605874,0.5311979532,0.4753164474,0.6754332348,0.7128092246,5.918632936e-06,5.01727331e-06,0.4562100547,0.5080969907,0.03569295466,0,0
12.04,24.89970581,-0.4684145771,0.4896797245,0.5281124912,0.475369015,0.6776418291,0.7105480305,5.910135675e-06,5.009092264e-06,0.4591984486,0.5048785037,0.03592304766,0,0
12.064,24.85017059,-0.4715645378,0.4897335945,0.5250034811,0.475405319,0.6798618292,0.708264691,5.904272907e-06,5.003846541e-06,0.4622121069,0.5016388726,0.03614902055,0,0
12.088,24.80083206,-0.4747417481,0.4897667138,0.5218701066,0.4754244437,0.6820932204,0.7059580794,5.901094953e-06,5.001507657e-06,0.4652511614,0.4983768098,0.0363720288,0,0
12.112,24.75168907,-0.4779466117,0.4897782892,0.5187115623,0.4754254377,0.684335982,0.7036270544,5.900665538e-06,5.002062093e-06,0.4683157363,0.4950910317,0.03659323202,0,0
12.136,24.70274044,-0.48117953,0.4897675046,0.5155270556,0.4754073146,0.6865900878,0.7012704613,5.903062772e-06,5.00551155e-06,0.4714059487,0.4917802599,0.03681379147,0,0
12.16,24.65398503,-0.4844409025,0.4897335201,0.5123158068,0.4753690542,0.6888555064,0.6988871322,5.908380343e-06,5.011873462e-06,0.4745219088,0.4884432236,0.03703486765,0,0
12.184,24.6054217,-0.487731127,0.4896754724,0.5090770506,0.4753096022,0.6911322019,0.6964758871,5.916728959e-06,5.021181796e-06,0.4776637205,0.4850786614,0.03725761807,0,0
12.208,24.55704931,-0.4910505997,0.4895924739,0.5058100365,0.4752278715,0.6934201338,0.6940355343,5.928238088e-06,5.033488152e-06,0.480831482,0.4816853229,0.03748319506,0,0
12.232,24.50886674,-0.494399716,0.4894836122,0.5025140297,0.4751227422,0.6957192579,0.6915648706,5.943058037e-06,5.048863242e-06,0.4840252859,0.4782619703,0.03771274387,0,0
12.256,24.46087288,-0.4977788704,0.4893479499,0.4991883111,0.4749930624,0.6980295265,0.6890626816,5.961362447e-06,5.067398764e-06,0.4872452199,0.4748073793,0.0379474008,0,0
12.28,24.41306661,-0.5011884571,0.4891845236,0.495832178,0.474837648,0.700350889,0.6865277421,5.983351264e-06,5.089209784e-06,0.4904913677,0.4713203407,0.03818829155,0,0
12.304,24.36544685,-0.5046288708,0.4889923432,0.492444944,0.4746552838,0.7026832921,0.6839588155,6.009254318e-06,5.114437703e-06,0.493763809,0.4677996613,0.03843652974,0,0
12.328,24.31801249,-0.5081005068,0.4887703911,0.4890259392,0.4744447227,0.7050266805,0.6813546537,6.039335597e-06,5.143253934e-06,0.4970626202,0.4642441641,0.03869321563,0,0
12.352,24.27076247,-0.5116037621,0.4885176208,0.4855745103,0.4742046864,0.7073809973,0.6787139969,6.073898409e-06,5.17586445e-06,0.5003878754,0.4606526897,0.03895943497,0,0
12.376,24.2236957,-0.5151390359,0.4882329566,0.4820900198,0.473933865,0.7097461843,0.6760355727,6.113291605e-06,5.212515412e-06,0.5037396462,0.4570240956,0.03923625812,0,0
12.4,24.17681113,-0.5187067302,0.4879152911,0.478571846,0.473630917,0.7121221828,0.6733180952,6.157917127e-06,5.253500118e-06,0.5071180033,0.4533572574,0.03952473935,0,0
12.424,24.13010769,-0.5223072507,0.487563485,0.4750193823,0.4732944685,0.7145089335,0.6705602639,6.208239215e-06,5.299167633e-06,0.5105230161,0.4496510676,0.03982591633,0,0
12.448,24.08358435,-0.5259410082,0.4871763642,0.4714320367,0.472923113,0.7169063774,0.6677607626,6.264795665e-06,5.349933519e-06,0.513954754,0.445904436,0.04014080998,0,0
12.472,24.03724006,-0.5296084187,0.486752719,0.4678092306,0.4725154101,0.719314456,0.6649182574,6.328211709e-06,5.406293237e-06,0.5174132866,0.442116289,0.04047042438,0,0
12.496,23.99107378,-0.5333099049,0.4862913015,0.464150398,0.4720698849,0.7217331118,0.6620313952,6.399217212e-06,5.468838981e-06,0.5208986847,0.4382855683,0.04081574708,0,0
12.52,23.9450845,-0.5370458976,0.4857908233,0.4604549845,0.4715850266,0.7241622885,0.6590988015,6.478668118e-06,5.538280919e-06,0.5244110202,0.4344112302,0.04117774966,0,0
12.544,23.89927121,-0.5408168361,0.4852499531,0.4567224458,0.4710592868,0.7266019317,0.6561190777,6.567573404e-06,5.615474182e-06,0.5279503673,0.4304922442,0.04155738853,0,0
12.568,23.85363288,-0.54462317,0.484667314,0.4529522462,0.4704910775,0.7290519889,0.6530907987,6.66712922e-06,5.70145337e-06,0.5315168026,0.4265275914,0.04195560604,0,0
12.592,23.80816852,-0.5484653603,0.4840414799,0.4491438572,0.4698787692,0.7315124099,0.6500125092,6.778762475e-06,5.797477007e-06,0.5351104058,0.4225162622,0.04237333198,0,0
12.616,23.76287714,-0.5523438808,0.4833709726,0.4452967557,0.469220688,0.7339831469,0.646882721,6.904187022e-06,5.905085262e-06,0.5387312599,0.4184572547,0.04281148532,0,0
12.64,23.71775775,-0.5562592195,0.4826542576,0.4414104224,0.4685151128,0.736464155,0.6436999083,7.045476789e-06,6.026175565e-06,0.5423794517,0.414349572,0.04327097636,0,0
12.664,23.67280938,-0.5602118797,0.4818897399,0.4374843394,0.4677602717,0.7389553922,0.640462504,7.205161998e-06,6.163102586e-06,0.5460550717,0.4101922191,0.04375270924,0,0
12.688,23.62803105,-0.5642023825,0.4810757595,0.4335179884,0.4669543383,0.7414568192,0.6371688946,7.386357287e-06,6.318811844e-06,0.5497582148,0.4059842003,0.04425758488,0,0
12.712,23.58342181,-0.5682312671,0.480210586,0.4295108484,0.4660954268,0.7439683997,0.6338174152,7.592934502e-06,6.497020275e-06,0.5534889799,0.4017245159,0.04478650429,0,0
12.736,23.53898068,-0.5722990935,0.4792924132,0.4254623937,0.4651815875,0.7464901002,0.6304063434,7.829759148e-06,6.70246343e-06,0.5572474698,0.3974121578,0.04534037238,0,0
12.76,23.49470674,-0.5764064435,0.4783193526,0.4213720908,0.4642108007,0.7490218897,0.6269338932,8.103019099e-06,6.941238749e-06,0.5610337913,0.3930461064,0.04592010226,0,0
12.784,23.45059903,-0.5805539227,0.4772894267,0.417239397,0.4631809705,0.7515637392,0.623398208,8.420689805e-06,7.221290012e-06,0.5648480541,0.3886253259,0.04652662003,0,0
12.808,23.40665662,-0.5847421621,0.4762005611,0.4130637568,0.4620899177,0.7541156214,0.6197973534,8.793205994e-06,7.553103795e-06,0.5686903706,0.3841487593,0.04716087016,0,0
12.832,23.36287858,-0.5889718196,0.4750505763,0.4088446002,0.4609353718,0.7566775101,0.6161293079,9.234453812e-06,7.950732239e-06,0.5725608544,0.3796153241,0.04782382147,0,0
12.856,23.319264,-0.5932435821,0.4738371785,0.4045813396,0.4597149619,0.759249379,0.612391955,9.763274834e-06,8.433332656e-06,0.5764596195,0.3750239066,0.04851647381,0,0
12.88,23.27581196,-0.5975581669,0.4725579492,0.4002733675,0.4584262073,0.7618312006,0.6085830726,1.040581532e-05,9.027553202e-06,0.5803867783,0.3703733563,0.04923986539,0,0
12.904,23.23252154,-0.6019163229,0.4712103343,0.3959200538,0.4570665059,0.7644229451,0.6047003223,1.119932576e-05,9.771357582e-06,0.5843424391,0.3656624799,0.04999508097,0,0
12.928,23.18939186,-0.606318833,0.4697916312,0.3915207436,0.4556331223,0.7670245785,0.6007412379,1.219856271e-05,1.072040836e-05,0.5883267041,0.360890035,0.05078326089,0,0
12.952,23.14642202,-0.6107665146,0.4682989752,0.3870747547,0.4541231742,0.7696360604,0.5967032119,1.348711217e-05,1.195924047e-05,0.5923396657,0.3560547232,0.05160561108,0,0
12.976,23.10361113,-0.615260221,0.4667293247,0.3825813753,0.4525336173,0.7722573419,0.5925834823,1.51986215e-05,1.36219605e-05,0.5963814023,0.3511551836,0.05246341408,0,0
13,23.06095831,-0.6198008426,0.4650794439,0.3780398622,0.4508612282,0.774888362,0.5883791163,1.755953349e-05,1.593327524e-05,0.6004519739,0.3461899848,0.0533580413,0,0
13.024,23.01846268,-0.6243893071,0.4633458847,0.3734494396,0.4491025863,0.7775290449,0.5840869944,2.098287815e-05,1.929661232e-05,0.6045514161,0.3411576174,0.05429096654,0,0
13.048,22.97612339,-0.6290265801,0.4615249656,0.3688092969,0.447254053,0.780179295,0.5797037911,2.629674421e-05,2.450151727e-05,0.608679733,0.336056486,0.05526378095,0,0
13.072,22.93393957,-0.6337136645,0.4596127494,0.3641185888,0.4453117486,0.7828389924,0.5752259557,3.536584261e-05,3.325314163e-05,0.6128368892,0.3308849012,0.05627820957,0,0
13.096,22.89191035,-0.6384515999,0.4576050174,0.3593764347,0.4432715267,0.7855079869,0.5706496895,5.276385693e-05,4.93880701e-05,0.6170228002,0.3256410706,0.05733612917,0,0
13.12,22.85003491,-0.6432414609,0.4554972418,0.3545819196,0.4411289462,0.7881860911,0.5659709223,8.314403686e-05,7.587675642e-05,0.6212373211,0.3203230907,0.05843958818,0,0
13.144,22.80831239,-0.6480843541,0.4532845537,0.3497340954,0.4388792397,0.7908730724,0.5611852854,7.814894667e-05,7.6644109e-05,0.6254802228,0.3149289304,0.05959084673,0,0
13.168,22.76674195,-0.6529814152,0.450961709,0.3448319839,0.4365172781,0.7935686433,0.5562880829,4.93981087e-05,5.25749257e-05,0.629751194,0.309456434,0.06079237205,0,0
13.192,22.72532277,-0.657933803,0.4485230487,0.3398745806,0.4340375316,0.7962724498,0.5512742597,3.408285987e-05,3.770970114e-05,0.6340498155,0.3039033108,0.06204687371,0,0
13.216,22.68405403,-0.6629426927,0.4459624565,0.3348608611,0.431434026,0.798984059,0.5461383663,2.598602771e-05,2.951883507e-05,0.6383755271,0.298267116,0.0633573569,0,0
13.24,22.64293489,-0.6680092673,0.4432733093,0.3297897891,0.4287002937,0.8017029424,0.5408745204,2.12069095e-05,2.461216952e-05,0.6427276084,0.2925452474,0.06472714421,0,0
13.264,22.60196457,-0.6731347049,0.4404484238,0.3246603266,0.4258293195,0.8044284585,0.5354763646,1.814513152e-05,2.144446561e-05,0.6471051452,0.2867349375,0.06615991724,0,0
13.288,22.56114223,-0.6783201646,0.4374799949,0.3194714487,0.422813479,0.8071598303,0.5299370195,1.607327106e-05,1.928762441e-05,0.6515069919,0.280833245,0.06765976307,0,0
13.312,22.5204671,-0.6835667671,0.4343595286,0.314222161,0.4196444703,0.80989612,0.5242490324,1.462100973e-05,1.776533337e-05,0.6559317253,0.2748370482,0.06923122642,0,0
13.336,22.47993836,-0.6888755707,0.4310777644,0.3089115224,0.416313237,0.8126361983,0.518404321,1.358189923e-05,1.666644827e-05,0.660377591,0.2687430403,0.07087936869,0,0
13.36,22.43955524,-0.6942475419,0.4276245898,0.3035386743,0.4128098819,0.8153787091,0.5123941114,1.283245713e-05,1.586441009e-05,0.6648424394,0.2625477257,0.07260983495,0,0
13.384,22.39931695,-0.6996835176,0.4239889438,0.2981028761,0.4091235698,0.8181220259,0.50620887,1.229469362e-05,1.527929346e-05,0.6693236495,0.2562474203,0.07442893022,0,0
13.408,22.3592227,-0.7051841594,0.4201587072,0.2926035507,0.405242418,0.8208642019,0.499838229,1.191723957e-05,1.485850672e-05,0.673818038,0.2498382554,0.07634370656,0,0
13.432,22.31927174,-0.7107498954,0.4161205803,0.2870403407,0.4011533731,0.8236029087,0.4932709052,1.166516592e-05,1.456632144e-05,0.6783217513,0.2433161861,0.07836206253,0,0
13.456,22.27946329,-0.7163808498,0.4118599439,0.2814131779,0.3968420723,0.8263353649,0.4864946116,1.151417067e-05,1.437787743e-05,0.6828301355,0.2366770073,0.08049285726,0,0
13.48,22.23979659,-0.7220767535,0.4073607037,0.2757223705,0.3922926865,0.8290582494,0.4794959619,1.144710004e-05,1.427559281e-05,0.687337581,0.2299163777,0.08274604131,0,0
13.504,22.20027088,-0.7278368358,0.4026051131,0.2699687105,0.3874877434,0.8317675978,0.4722603688,1.14517847e-05,1.424693324e-05,0.6918373368,0.2230298561,0.0851328071,0,0
13.528,22.16088542,-0.7336596881,0.397573575,0.2641536071,0.3824079286,0.8344586781,0.4647719354,1.151965211e-05,1.428298377e-05,0.6963212856,0.2160129522,0.08766576227,0,0
13.552,22.12163946,-0.7395430958,0.3922444175,0.2582792531,0.3770318605,0.837125841,0.4570133439,1.164481653e-05,1.437751389e-05,0.7007796738,0.2088611967,0.09035912952,0,0
13.576,22.08253226,-0.7454838304,0.3865936419,0.2523488306,0.3713358381,0.8397623386,0.4489657414,1.182347483e-05,1.452635681e-05,0.7052007855,0.2015702372,0.09322897732,0,0
13.6,22.04356309,-0.7514773899,0.3805946395,0.2463667664,0.3652935565,0.8423601054,0.4406086313,1.20535061e-05,1.472699658e-05,0.7095705473,0.1941359662,0.09629348651,0,0
13.624,22.00473121,-0.7575176772,0.3742178751,0.2403390515,0.3588757894,0.8449094917,0.4319197749,1.233421294e-05,1.497829817e-05,0.7138720494,0.1865546921,0.09957325845,0,0
13.648,21.9660359,-0.7635965993,0.3674305345,0.2342736369,0.3520500354,0.8473989404,0.4228751168,1.266616657e-05,1.528034061e-05,0.7180849643,0.1788233646,0.1030916711,0,0
13.672,21.92747645,-0.7697035681,0.3601961348,0.2281809288,0.3447801256,0.8498145905,0.413448753,1.305113287e-05,1.56343287e-05,0.7221848384,0.1709398716,0.10687529,0,0
13.696,21.88905213,-0.7758248768,0.3524740979,0.2220744062,0.3370257949,0.8521397944,0.4036129685,1.349206665e-05,1.604256937e-05,0.7261422293,0.1629034286,0.1109543421,0,0
13.72,21.85076224,-0.7819429214,0.3442192897,0.2159713933,0.3287422167,0.8543545234,0.3933383884,1.399316883e-05,1.650850562e-05,0.7299216519,0.154715088,0.1153632601,0,0
13.744,21.81260608,-0.7880352268,0.3353815332,0.2098940263,0.319879511,0.8564346393,0.3825943071,1.456000719e-05,1.703680708e-05,0.7334802917,0.1463784041,0.1201413042,0,0
13.768,21.77458295,-0.794073228,0.3259051086,0.2038704638,0.3103822373,0.8583509954,0.3713492955,1.519970678e-05,1.763352086e-05,0.7367664315,0.1379002995,0.125333269,0,0
13.792,21.73669214,-0.8000207438,0.3157282664,0.1979364038,0.300188897,0.860068328,0.3595722373,1.592122206e-05,1.830629168e-05,0.739717529,0.1292921942,0.1309902768,0,0
13.816,21.69893298,-0.8058320675,0.304782792,0.1921369836,0.2892314852,0.8615438882,0.3472340313,1.673570915e-05,1.906466562e-05,0.7422578716,0.1205714729,0.1371706555,0,0
13.84,21.66130477,-0.8114495788,0.2929936877,0.1865291569,0.2774351538,0.8627257502,0.3343103214,1.765702496e-05,1.992049886e-05,0.7442957203,0.1117633914,0.1439408883,0,0
13.864,21.62380684,-0.8168007674,0.2802790696,0.181184661,0.2647180842,0.8635507226,0.320785825,1.870238939e-05,2.088850116e-05,0.7457198509,0.1029035459,0.1513766032,0,0
13.888,21.58643851,-0.8217945348,0.2665504293,0.1761937065,0.2509917162,0.863941774,0.3066611547,1.989325849e-05,2.1986954e-05,0.7463953893,0.09404106429,0.1595635465,0,0
13.912,21.54919911,-0.826316632,0.2517134835,0.1716695361,0.2361615551,0.8638048704,0.2919635418,2.125646799e-05,2.323865593e-05,0.7461588545,0.08524271025,0.1685984352,0,0
13.936,21.51208797,-0.8302240835,0.2356699379,0.1677540046,0.2201288809,0.8630251146,0.2767636722,2.282571301e-05,2.467215918e-05,0.744812349,0.07659813086,0.1785895202,0,0
13.96,21.47510444,-0.8333384742,0.218320639,0.1646243097,0.2027938308,0.8614620793,0.2612020314,2.464341655e-05,2.632336735e-05,0.7421169146,0.06822650188,0.1896565835,0,0
13.984,21.43824785,-0.8354380436,0.1995707805,0.1625009379,0.1840605215,0.858944248,0.2455296935,2.67629675e-05,2.823754408e-05,0.7377852219,0.06028483119,0.2019299469,0,0
14.008,21.40151756,-0.8362486926,0.1793380878,0.1616567317,0.1638451354,0.8552625478,0.2301697792,2.925108318e-05,3.047169099e-05,0.7314740265,0.0529781282,0.2155478453,0,0
14.032,21.36491291,-0.835434313,0.1575652101,0.1624266853,0.1420882078,0.8501630943,0.2158042791,3.218943745e-05,3.309696928e-05,0.7227772879,0.04657148799,0.2306512241,0,0
14.056,21.32843327,-0.8325873963,0.1342378724,0.1652175325,0.1187726838,0.8433395395,0.2034791966,3.567314575e-05,3.620007108e-05,0.7112215802,0.04140378478,0.247374635,0,0
14.08,21.29207798,-0.8272217786,0.10941059,0.1705152908,0.09394957573,0.8344258794,0.194684327,3.980002274e-05,3.988049761e-05,0.6962665498,0.03790198877,0.2658314615,0,0
14.104,21.25584643,-0.8187707689,0.08324170233,0.1788875303,0.06777303722,0.8229913444,0.1912954078,4.463661922e-05,4.423605945e-05,0.677314755,0.03659393502,0.28609131,0,0
14.128,21.21973797,-0.8065958578,0.05603877093,0.1909751635,0.04054597759,0.8085401794,0.1952318862,5.013356121e-05,4.931895393e-05,0.6537372242,0.03811549182,0.3081472839,0,0
14.152,21.18375198,-0.7900135803,0.02831335407,0.207466125,0.01277534438,0.7905207797,0.2078590927,5.595503863e-05,5.502843589e-05,0.6249231063,0.04320540545,0.3318714883,0,0
14.176,21.14788784,-0.7683502637,0.0008399895363,0.2290410592,-0.0147679789,0.7683507229,0.2295166661,6.124737337e-05,6.090158523e-05,0.5903628371,0.05267790371,0.3569592592,0,0
14.2,21.11214493,-0.741034757,-0.02529286203,0.2562806469,-0.04099684995,0.741466277,0.2595390369,6.461529893e-05,6.585990513e-05,0.5497722441,0.06736051603,0.3828672399,0,0
14.224,21.07652264,-0.7077349663,-0.04866188644,0.289528339,-0.06448521964,0.7094059217,0.2966226603,6.478819362e-05,6.829730385e-05,0.5032567659,0.08798500729,0.4087582268,0,0
14.248,21.04102035,-0.6685314718,-0.06754950301,0.3287148192,-0.08350713307,0.6719354613,0.3391561198,6.169003665e-05,6.703191269e-05,0.451497268,0.1150268781,0.4334758539,0,0
14.272,21.00563747,-0.6240985886,-0.08007971085,0.3731737278,-0.09617201203,0.6292152322,0.3853669511,5.651380563e-05,6.243029309e-05,0.3959118116,0.1485076909,0.4555804974,0,0
14.296,20.97037339,-0.5758344088,-0.08446717488,0.4215077463,-0.1006752898,0.5819965377,0.4333639281,5.068575806e-05,5.607246471e-05,0.3387199725,0.1878042973,0.4734757302,0,0
14.32,20.93522751,-0.5258624899,-0.07935615856,0.4715839894,-0.09564159973,0.5318164704,0.4811847614,4.512044223e-05,4.946273593e-05,0.2828287602,0.2315387771,0.4856324627,0,0
14.344,20.90019925,-0.4768432522,-0.06416736735,0.5207227259,-0.08047775553,0.4811412872,0.5269049501,4.019522755e-05,4.341708019e-05,0.2314969399,0.2776288283,0.4908742318,0,0
14.368,20.865288,-0.4315970211,-0.03932797953,0.5660786381,-0.05560826888,0.4333851389,0.5688033967,3.59787958e-05,3.819849897e-05,0.1878226799,0.3235373056,0.4886400145,0,0
14.392,20.83049319,-0.3926318653,-0.006275353821,0.6051202882,-0.02248086543,0.392682011,0.6055377383,3.241112467e-05,3.379691902e-05,0.1541991628,0.3666759536,0.4791248836,0,0
14.416,20.79581423,-0.3617307363,0.03279025448,0.6360499762,0.01668400064,0.3632138851,0.6362687547,2.939529505e-05,3.010626368e-05,0.1319243272,0.4048379291,0.4632377437,0,0
14.44,20.76125055,-0.3397338447,0.07531908073,0.6580247417,0.05931316872,0.3479828288,0.660692525,2.683504407e-05,2.700404071e-05,0.1210920498,0.4365146133,0.4423933368,0,0
14.464,20.72680158,-0.3265614749,0.1188437367,0.671132265,0.1029193626,0.3475143603,0.6789778437,2.464702178e-05,2.437984712e-05,0.1207662312,0.4610109129,0.4182228559,0,0
14.488,20.69246673,-0.3214217786,0.1613010198,0.6761786816,0.145427019,0.359624775,0.6916405333,2.276286357e-05,2.214238177e-05,0.1293299793,0.4783666277,0.392303393,0,0
14.512,20.65824545,-0.3230970362,0.2011882743,0.6743973942,0.185329278,0.3806158385,0.6993988752,2.112772443e-05,2.021869577e-05,0.144868417,0.4891587871,0.365972796,0,0
14.536,20.62413718,-0.3302121055,0.2375714903,0.6671770414,0.2216943321,0.4067926347,0.7030459313,1.969792917e-05,1.855123202e-05,0.165480248,0.4942735819,0.3402461701,0,0
14.56,20.59014135,-0.3414318605,0.2699997499,0.6558623824,0.2540772595,0.4352879281,0.7033567505,1.843869733e-05,1.709467686e-05,0.1894755807,0.4947107187,0.3158137006,0,0
14.584,20.55625741,-0.355576859,0.2983822952,0.6416384816,0.2823947362,0.4641841195,0.7010326156,1.732222582e-05,1.581324973e-05,0.2154668971,0.4914467284,0.2930863745,0,0
14.608,20.5224848,-0.3716717309,0.3228674511,0.6254830198,0.3068023401,0.492324351,0.696675451,1.632616124e-05,1.467854295e-05,0.2423832669,0.4853566842,0.2722600489,0,0
14.632,20.48882299,-0.3889488346,0.3437430086,0.6081636095,0.327594065,0.5190765376,0.6907827787,1.543241246e-05,1.366785523e-05,0.2694404521,0.4771808475,0.2533787004,0,0
14.656,20.45527142,-0.4068275245,0.3613633711,0.5902594315,0.3451291551,0.5441434744,0.6837545833,1.462623691e-05,1.276292314e-05,0.2960921209,0.4675203304,0.2363875487,0,0
14.68,20.42182956,-0.4248834843,0.3761010301,0.5721926036,0.3597836041,0.5674310179,0.6759057756,1.389553914e-05,1.194895917e-05,0.3219779602,0.4568486176,0.2211734222,0,0
14.704,20.38849687,-0.4428167799,0.3883170349,0.5542606059,0.3719208103,0.5889624947,0.6674802682,1.323033153e-05,1.121392135e-05,0.3468768204,0.4455299086,0.2075932711,0,0
14.728,20.35527281,-0.4604229941,0.3983449191,0.5366654424,0.3818757393,0.6088251046,0.6586644649,1.262231797e-05,1.054795653e-05,0.3706680082,0.4338388774,0.1954931144,0,0
14.752,20.32215686,-0.4775690997,0.4064834788,0.5195379274,0.3899479311,0.6271371967,0.6495991433,1.206457088e-05,9.942973727e-06,0.3933010637,0.4219790471,0.1847198892,0,0
14.776,20.28914848,-0.4941742558,0.4129949945,0.5029569628,0.3963999164,0.6440287731,0.6403894129,1.15512793e-05,9.392315029e-06,0.4147730607,0.4100986002,0.1751283391,0,0
14.8,20.25624716,-0.5101950148,0.4181065556,0.4869643479,0.4014586961,0.6596302335,0.6311127956,1.107755128e-05,8.890500124e-06,0.4351120451,0.3983033609,0.166584594,0,0
14.824,20.22345237,-0.5256141917,0.4220129733,0.4715758985,0.4053187711,0.6740661898,0.6218256462,1.063925817e-05,8.43302633e-06,0.4543652283,0.3866671344,0.1589676373,0,0
14.848,20.1907636,-0.5404326345,0.4248803473,0.4567896496,0.408145794,0.6874523562,0.6125681784,1.02329113e-05,8.016210646e-06,0.4725907421,0.3752397732,0.1521694847,0,0
14.872,20.15818034,-0.5546632245,0.4268497439,0.4425918225,0.4100803077,0.6998942752,0.6033683619,9.8555641e-06,7.637063468e-06,0.4898519966,0.3640533802,0.1460946232,0,0
14.896,20.12570207,-0.5683265545,0.4280406906,0.4289611137,0.4112412818,0.7114871083,0.5942449234,9.504734141e-06,7.293185932e-06,0.5062139054,0.353127029,0.1406590655,0,0
14.92,20.09332828,-0.5814478529,0.4285543452,0.4158717411,0.4117293097,0.7223160198,0.5852096458,9.178341074e-06,6.982684498e-06,0.5217404326,0.3424703296,0.1357892378,0,0
14.944,20.06105849,-0.5940548197,0.4284762895,0.4032955806,0.41162942,0.7324568653,0.5762691253,8.874657286e-06,6.704097659e-06,0.5364930595,0.3320861048,0.1314208356,0,0
14.968,20.02889217,-0.6061761268,0.4278789438,0.3912036428,0.4110135035,0.7419770126,0.5674261099,8.592268803e-06,6.456330624e-06,0.5505298874,0.3219723902,0.1274977224,0,0
14.992,19.99682884,-0.6178403978,0.4268236313,0.3795670743,0.409942383,0.7509361952,0.558680518,8.330044483e-06,6.23859472e-06,0.5639051694,0.3121239213,0.1239709093,0,0
15.016,19.96486801,-0.6290755302,0.4253623256,0.3683578187,0.4084675655,0.7593873391,0.5500302125,8.087111943e-06,6.050349133e-06,0.5766691308,0.3025332347,0.1207976345,0,0
15.04,19.93300918,-0.6399082635,0.4235391241,0.3575490362,0.4066327164,0.7673773357,0.5414715868,7.862838922e-06,5.891243606e-06,0.5888679754,0.2931914793,0.1179405452,0,0
15.064,19.90125186,-0.6503639182,0.4213914849,0.3471153529,0.4044748966,0.7749477464,0.5330000096,7.65681894e-06,5.761061845e-06,0.6005440097,0.2840890102,0.11536698,0,0
15.088,19.86959557,-0.6604662565,0.418951264,0.3370329917,0.402025599,0.7821354343,0.5246101598,7.468860269e-06,5.659666558e-06,0.6117358377,0.2752158198,0.1130483425,0,0
15.112,19.83803984,-0.670237426,0.4162455835,0.3272798212,0.399311616,0.7889731257,0.5162962793,7.298977256e-06,5.586948174e-06,0.6224785931,0.266561848,0.1109595589,0,0
15.136,19.80658417,-0.6796979592,0.4132975601,0.3178353498,0.3963557652,0.795489905,0.5080523617,7.147383092e-06,5.542780128e-06,0.6328041889,0.2581172023,0.1090786088,0,0
15.16,19.7752281,-0.6888668112,0.410126914,0.3086806838,0.3931774986,0.8017116496,0.4998722937,7.014483095e-06,5.526983826e-06,0.6427415692,0.24987231,0.1073861208,0,0
15.184,19.74397115,-0.6977614204,0.4067504815,0.2997984623,0.3897934118,0.8076614105,0.4917499587,6.900867646e-06,5.539306017e-06,0.652316954,0.2418180219,0.1058650241,0,0
15.208,19.71281286,-0.7063977833,0.403182645,0.2911727783,0.3862176737,0.8133597442,0.4836793135,6.807303907e-06,5.579410158e-06,0.6615540735,0.2339456783,0.1045002481,0,0
15.232,19.68175276,-0.7147905375,0.3994356951,0.282789094,0.3824623865,0.8188250039,0.4756544426,6.734725614e-06,5.646881812e-06,0.670474387,0.2262471488,0.1032784642,0,0
15.256,19.65079038,-0.7229530465,0.395520136,0.2746341527,0.3785378899,0.8240735923,0.4676695969,6.684220442e-06,5.741246453e-06,0.6790972855,0.2187148519,0.1021878625,0,0
15.28,19.61992526,-0.7308974853,0.3914449445,0.2666958914,0.3744530185,0.8291201834,0.4597192203,6.657014757e-06,5.861996755e-06,0.6874402785,0.2113417616,0.1012179599,0,0
15.304,19.58915695,-0.7386349225,0.387217788,0.2589633564,0.370215319,0.8339779158,0.4517979663,6.654456042e-06,6.008625731e-06,0.6955191642,0.2041214024,0.1003594334,0,0
15.328,19.55848499,-0.7461754005,0.382845211,0.2514266225,0.3658312352,0.8386585622,0.4439007086,6.677993777e-06,6.180662038e-06,0.703348184,0.1970478392,0.09960397689,0,0
15.352,19.52790894,-0.7535280094,0.3783327933,0.2440767164,0.3613062648,0.8431726771,0.4360225458,6.729160113e-06,6.377704371e-06,0.7109401635,0.1901156605,0.09894417602,0,0
15.376,19.49742833,-0.7607009577,0.3736852848,0.2369055457,0.3566450937,0.8475297276,0.4281588028,6.809552097e-06,6.599452718e-06,0.7183066392,0.1833199605,0.09837340033,0,0
15.4,19.46704273,-0.7677016374,0.3689067216,0.2299058319,0.3518517103,0.851738207,0.4203050292,6.920817422e-06,6.845735246e-06,0.7254579733,0.1766563176,0.09788570906,0,0
15.424,19.43675169,-0.7745366844,0.3640005243,0.2230710497,0.3469295035,0.8558057356,0.4124569961,7.064645606e-06,7.116530446e-06,0.7324034572,0.1701207737,0.09747576911,0,0
15.448,19.40655476,-0.7812120343,0.3589695841,0.2163953696,0.3418813471,0.8597391493,0.4046106912,7.242766052e-06,7.4119848e-06,0.739151405,0.1637098115,0.09713878356,0,0
15.472,19.37645153,-0.7877329738,0.3538163357,0.209873606,0.3367096716,0.8635445776,0.3967623136,7.456953696e-06,7.732426628e-06,0.7457092375,0.1574203335,0.09687042894,0,0
15.496,19.34644153,-0.7941041876,0.3485428207,0.2035011697,0.3314165275,0.8672275126,0.3889082678,7.709041961e-06,8.078376921e-06,0.7520835587,0.1512496409,0.09666680044,0,0
15.52,19.31652436,-0.8003298015,0.343150743,0.1972740235,0.3260036383,0.8707928707,0.3810451582,8.000941685e-06,8.45055797e-06,0.7582802237,0.1451954126,0.09652436365,0,0
15.544,19.28669956,-0.8064134222,0.3376415162,0.1911886426,0.3204724477,0.8742450463,0.3731697828,8.33466362e-06,8.849900459e-06,0.764304401,0.1392556869,0.09643991216,0,0
15.568,19.25696673,-0.8123581731,0.3320163048,0.1852419773,0.3148241597,0.8775879603,0.3652791284,8.712341162e-06,9.277549461e-06,0.7701606281,0.1334288418,0.09641053013,0,0
15.592,19.22732542,-0.8181667276,0.3262760611,0.1794314206,0.3090597736,0.8808251031,0.3573703658,9.136249041e-06,9.734869523e-06,0.7758528623,0.1277135784,0.09643355927,0,0
15.616,19.19777523,-0.8238413392,0.3204215562,0.1737547765,0.3031801149,0.8839595725,0.3494408454,9.608812756e-06,1.022344868e-05,0.781384526,0.1221089045,0.09650656953,0,0
15.64,19.16831573,-0.829383869,0.3144534079,0.1682102331,0.2971858613,0.8869941082,0.3414880945,1.013260234e-05,1.074510088e-05,0.7867585481,0.1166141188,0.09662733318,0,0
15.664,19.1389465,-0.8347958111,0.3083721048,0.1627963366,0.2910775663,0.8899311216,0.3335098152,1.071030249e-05,1.130186575e-05,0.7919774013,0.1112287969,0.09679380172,0,0
15.688,19.10966713,-0.8400783152,0.3021780278,0.157511969,0.2848556791,0.8927727237,0.3255038837,1.134464886e-05,1.189600414e-05,0.7970431362,0.1059527784,0.09700408533,0,0
15.712,19.08047721,-0.8452322078,0.295871469,0.1523563264,0.2785205623,0.8955207487,0.3174683509,1.203831758e-05,1.252998706e-05,0.8019574114,0.100786154,0.09725643456,0,0
15.736,19.05137633,-0.8502580115,0.2894526477,0.1473289007,0.2720725075,0.8981767762,0.3094014453,1.279375147e-05,1.320647453e-05,0.8067215215,0.09572925453,0.09754922394,0,0
15.76,19.02236409,-0.8551559618,0.2829217257,0.1424294621,0.2655117487,0.9007421506,0.3013015771,1.361290292e-05,1.39282797e-05,0.8113364221,0.09078264056,0.09788093733,0,0
15.784,18.99344007,-0.8599260235,0.2762788197,0.1376580438,0.2588384739,0.9032179981,0.2931673457,1.449687029e-05,1.469831179e-05,0.8158027524,0.08594709282,0.0982501548,0,0
15.808,18.96460387,-0.8645679047,0.269524013,0.1330149279,0.2520528363,0.9056052425,0.2849975497,1.544540449e-05,1.551948918e-05,0.8201208556,0.08122360359,0.09865554084,0,0
15.832,18.9358551,-0.8690810696,0.2626573654,0.1285006336,0.2451549627,0.9079046189,0.2767912003,1.645626773e-05,1.639461144e-05,0.8242907974,0.07661336882,0.09909583381,0,0
15.856,18.90719337,-0.8734647506,0.2556789228,0.1241159053,0.238144962,0.910116686,0.2685475393,1.752444277e-05,1.732617594e-05,0.8283123824,0.07211778118,0.09956983639,0,0
15.88,18.87861826,-0.8777179586,0.2485887245,0.1198617035,0.2310229326,0.9122418368,0.2602660627,1.864122473e-05,1.831612158e-05,0.8321851692,0.0677384237,0.1000764071,0,0
15.904,18.8501294,-0.8818394921,0.2413868112,0.1157391959,0.2237889687,0.9142803085,0.2519465499,1.97932845e-05,1.93654795e-05,0.8359084829,0.06347706436,0.1006144527,0,0
15.928,18.82172639,-0.885827946,0.2340732307,0.1117497503,0.216443166,0.9162321906,0.2435891024,2.096187496e-05,2.047390987e-05,0.8394814276,0.05933565121,0.1011829212,0,0
15.952,18.79340885,-0.889681718,0.2266480445,0.1078949279,0.2089856272,0.9180974325,0.2351941918,2.2122446e-05,2.163910751e-05,0.842902896,0.05531630832,0.1017807957,0,0
15.976,18.76517639,-0.8933990161,0.2191113325,0.1041764785,0.201416467,0.9198758492,0.2267627214,2.32450066e-05,2.285607008e-05,0.8461715785,0.05142133235,0.1024070892,0,0
16,18.73702863,-0.8969778626,0.2114631981,0.1005963357,0.1937358162,0.9215671273,0.2182961045,2.429555984e-05,2.411624684e-05,0.8492859708,0.04765318983,0.1030608394,0,0
16.024,18.70896518,-0.9004160996,0.203703773,0.09715661415,0.1859438268,0.923170829,0.2097963641,2.523876939e-05,2.540662815e-05,0.8522443802,0.04401451504,0.1037411048,0,0
16.048,18.68098567,-0.9037113918,0.1958332212,0.09385960653,0.1780406754,0.9246863956,0.201266261,2.604166875e-05,2.670889982e-05,0.8550449309,0.04050810855,0.1044469606,0,0
16.072,18.65308972,-0.9068612297,0.1878517427,0.09070778239,0.1700265679,0.9261131503,0.192709459,2.66777784e-05,2.799886874e-05,0.8576855679,0.03713693636,0.1051774957,0,0
16.096,18.62527696,-0.9098629311,0.1797595784,0.08770378725,0.1619017435,0.9274503002,0.1841307384,2.713065931e-05,2.924644707e-05,0.8601640601,0.0339041297,0.1059318102,0,0
16.12,18.59754702,-0.9127136421,0.1715570129,0.0848504427,0.153666479,0.9286969372,0.1755362765,2.739593647e-05,3.041652263e-05,0.8624780018,0.03081298531,0.1067090129,0,0
16.144,18.56989953,-0.9154103375,0.1632443795,0.08215074721,0.1453210932,0.9298520385,0.1669340151,2.748125175e-05,3.147098175e-05,0.8646248142,0.02786696639,0.1075082194,0,0
16.168,18.54233412,-0.9179498202,0.1548220635,0.07960787775,0.1368659521,0.9309144664,0.1583341499,2.740427351e-05,3.237193435e-05,0.8666017445,0.02506970408,0.1083285514,0,0
16.192,18.51485042,-0.9203287196,0.1462905069,0.077225192,0.1283014732,0.9318829672,0.1497497856,2.718946253e-05,3.308582123e-05,0.8684058653,0.0224249994,0.1091691353,0,0
16.216,18.48744808,-0.9225434895,0.137650213,0.07500623137,0.1196281319,0.9327561692,0.1411978211,2.686451635e-05,3.358766555e-05,0.8700340718,0.01993682581,0.1100291024,0,0
16.24,18.46012672,-0.9245904052,0.1289017511,0.07295472453,0.110846467,0.9335325805,0.1327001548,2.645726452e-05,3.386446991e-05,0.8714830796,0.01760933223,0.1109075882,0,0
16.264,18.43288601,-0.9264655601,0.1200457624,0.07107459163,0.1019570876,0.9342105861,0.1242853382,2.599343801e-05,3.391685111e-05,0.8727494199,0.01544684644,0.1118037337,0,0
16.288,18.40572556,-0.9281648609,0.1110829656,0.06936994903,0.09296068024,0.9347884436,0.1159908527,2.549538788e-05,3.375848248e-05,0.8738294349,0.01345387904,0.1127166861,0,0
16.312,18.37864505,-0.9296840227,0.1020141638,0.06784511463,0.08385801722,0.935264279,0.1078662442,2.498160187e-05,3.341357787e-05,0.8747192722,0.01163512775,0.1136456,0,0
16.336,18.3516441,-0.9310185633,0.09284025214,0.06650461357,0.07464996533,0.9356360818,0.0999774022,2.446677814e-05,3.291318875e-05,0.8754148781,0.009995482034,0.1145896398,0,0
16.36,18.32472237,-0.9321637968,0.08356222601,0.06535318445,0.06533749589,0.9359016987,0.09241226698,2.396222299e-05,3.229127029e-05,0.8759119902,0.008540028131,0.1155479816,0,0
16.384,18.29787952,-0.9331148267,0.07418119046,0.0643957859,0.05592169559,0.9360588277,0.08528806059,2.347639279e-05,3.158130124e-05,0.8762061294,0.007274054276,0.1165198163,0,0
16.408,18.27111519,-0.9338665383,0.06469837084,0.0636376034,0.04640377857,0.9361050104,0.0787594771,2.301546189e-05,3.081388136e-05,0.8762925911,0.006203056182,0.1175043528,0,0
16.432,18.24442904,-0.9344135907,0.05511512452,0.06308405644,0.03678509976,0.936037625,0.07302562387,2.258385044e-05,3.001537462e-05,0.8761664359,0.005332742642,0.1185008214,0,0
16.456,18.21782073,-0.9347504085,0.04543295418,0.06274080577,0.02706716944,0.9358538772,0.06833037663,2.218468232e-05,2.920743156e-05,0.87582248,0.004669041224,0.1195084788,0,0
16.48,18.19128993,-0.9348711731,0.0356535225,0.06261376076,0.01725166936,0.9355507918,0.0649469255,2.182016622e-05,2.840712921e-05,0.8752552845,0.004218103939,0.1205266116,0,0
16.504,18.16483628,-0.9347698138,0.02577866864,0.06270908669,0.007340470365,0.9351252026,0.06313724779,2.149190479e-05,2.762747272e-05,0.874459145,0.003986312822,0.1215545422,0,0
16.528,18.13845946,-0.9344399985,0.01581042647,0.06303321199,-0.002664348351,0.9345737427,0.06308949648,2.120114296e-05,2.687805876e-05,0.8734280809,0.003980285289,0.1225916338,0,0
16.552,18.11215913,-0.9338751253,0.005751044841,0.06359283516,-0.01276047817,0.9338928333,0.06486045395,2.09489676e-05,2.61657676e-05,0.8721558246,0.004206879171,0.1236372962,0,0
16.576,18.08593497,-0.933068313,-0.004396990035,0.06439493127,-0.02294535812,0.9330786732,0.06836078286,2.073647088e-05,2.549540792e-05,0.8706358107,0.004673197283,0.124690992,0,0
16.6,18.05978663,-0.9320123933,-0.01463092989,0.06544675803,-0.03321614993,0.9321272259,0.0733933972,2.056488862e-05,2.487028036e-05,0.8688611657,0.005386591371,0.1257522429,0,0
16.624,18.03371379,-0.9306999024,-0.0249477373,0.06675586096,-0.04356971097,0.9310342087,0.07971615073,2.043572358e-05,2.429265164e-05,0.8668246983,0.006354665277,0.1268206365,0,0
16.648,18.00771612,-0.9291230743,-0.03534405589,0.06833007783,-0.05400256502,0.9297950793,0.08709349325,2.035086286e-05,2.376414609e-05,0.86451889,0.00758527713,0.1278958329,0,0
16.672,17.98179331,-0.927273835,-0.04581617792,0.07017754182,-0.06451087058,0.9284050233,0.09532334341,2.031269819e-05,2.328606865e-05,0.8619358877,0.009086540341,0.128977572,0,0
16.696,17.95594502,-0.9251437972,-0.05636000887,0.07230668338,-0.07509038686,0.9268589408,0.1042440534,2.032425797e-05,2.285967605e-05,0.8590674966,0.01086682318,0.1300656803,0,0
16.72,17.93017093,-0.9227242581,-0.06697102904,0.07472623041,-0.08573643721,0.9251514337,0.1137310256,2.03893609e-05,2.248641367e-05,0.8559051756,0.01293474668,0.1311600777,0,0
16.744,17.90447074,-0.920006198,-0.07764425206,0.07744520659,-0.09644386981,0.9232767918,0.1236898543,2.051280283e-05,2.216813554e-05,0.8524400347,0.01529918054,0.1322607848,0,0
16.768,17.87884411,-0.9169802824,-0.08837418009,0.08047292734,-0.1072070158,0.9212289802,0.13404938,2.070059197e-05,2.190732528e-05,0.8486628344,0.01796923676,0.1333679289,0,0
16.792,17.85329073,-0.9136368659,-0.09915475579,0.08381899322,-0.1180196446,0.9190016259,0.1447558639,2.096025223e-05,2.170733753e-05,0.8445639888,0.02095426062,0.1344817506,0,0
16.816,17.8278103,-0.9099660009,-0.1099793109,0.08749328036,-0.1288749163,0.9165880054,0.1557684762,2.130122267e-05,2.157268247e-05,0.840133572,0.02426381863,0.1356026093,0,0
16.84,17.80240249,-0.9059574487,-0.1208405115,0.09150592739,-0.1397653313,0.9139810327,0.1670559265,2.173539273e-05,2.150938273e-05,0.8353613286,0.02790768305,0.1367309884,0,0
16.864,17.77706701,-0.9016006966,-0.1317303001,0.09586731847,-0.1506826771,0.9111732481,0.1785939863,2.227783132e-05,2.15254428e-05,0.8302366885,0.0318958124,0.1378674991,0,0
16.888,17.75180353,-0.8968849789,-0.1426398339,0.100588062,-0.1616179724,0.9081568078,0.1903636709,2.294779661e-05,2.163148919e-05,0.8247487881,0.03623832768,0.1390128842,0,0
16.912,17.72661175,-0.8917993047,-0.153559421,0.1056789643,-0.172561408,0.904923475,0.2023499025,2.377015832e-05,2.184167012e-05,0.8188864962,0.04094548352,0.1401680203,0,0
16.936,17.70149138,-0.8863324916,-0.1644784528,0.1111509978,-0.1835022859,0.9014646123,0.2145405166,2.477743664e-05,2.217495469e-05,0.8126384478,0.04602763374,0.1413339185,0,0
16.96,17.6764421,-0.8804732072,-0.1753853345,0.117015263,-0.1944289549,0.8977711758,0.226925517,2.601277817e-05,2.265706037e-05,0.8059930849,0.05149519079,0.1425117244,0,0
16.984,17.65146361,-0.8742100181,-0.1862674126,0.1232829436,-0.2053287448,0.893833712,0.2394965086,2.753437769e-05,2.332339583e-05,0.7989387054,0.05735857818,0.1437027164,0,0
17.008,17.62655562,-0.8675314481,-0.1971109013,0.1299652546,-0.216187898,0.8896423556,0.252246258,2.942215326e-05,2.422369747e-05,0.7914635218,0.06362817524,0.144908303,0,0
17.032,17.60171783,-0.8604260466,-0.207900807,0.1370733813,-0.2269914995,0.8851868318,0.2651683479,3.178792699e-05,2.542959562e-05,0.7835557282,0.07031425337,0.1461300184,0,0
17.056,17.57694993,-0.8528824663,-0.2186208527,0.1446184102,-0.2377234056,0.8804564603,0.2782568995,3.479087938e-05,2.704745736e-05,0.7752035797,0.07742690285,0.1473695175,0,0
17.08,17.55225164,-0.8448895533,-0.2292534009,0.1526112496,-0.2483661709,0.875440163,0.2915063436,3.86599647e-05,2.924115295e-05,0.7663954805,0.08497594923,0.1486285702,0,0
17.104,17.52762266,-0.836436449,-0.2397793785,0.1610625404,-0.2589009756,0.8701264756,0.3049112282,4.372088809e-05,3.227429079e-05,0.7571200854,0.09297085812,0.1499090565,0,0
17.128,17.5030627,-0.8275127046,-0.2501782004,0.1699825548,-0.2693075507,0.8645035618,0.3184660513,5.040194382e-05,3.659171636e-05,0.7473664108,0.1014206272,0.151212962,0,0
17.152,17.47857148,-0.8181084094,-0.2604276959,0.1793810848,-0.2795641037,0.8585592317,0.3321651121,5.9089447e-05,4.297699184e-05,0.7371239578,0.1103336635,0.1525423787,0,0
17.176,17.4541487,-0.8082143322,-0.2705040341,0.1892673172,-0.2896472427,0.8522809627,0.3460023737,6.93480883e-05,5.279935711e-05,0.7263828441,0.1197176454,0.1538995105,0,0
17.2,17.42979407,-0.7978220779,-0.2803816498,0.1996496969,-0.2995318988,0.8456559215,0.3599713321,7.767169447e-05,6.772067082e-05,0.7151339436,0.1295793645,0.1552866919,0,0
17.224,17.40550732,-0.7869242564,-0.290033165,0.210535779,-0.3091912442,0.8386709856,0.3740648871,7.692040846e-05,8.323521231e-05,0.703369028,0.1399245467,0.1567064253,0,0
17.248,17.38128815,-0.7755146645,-0.2994293033,0.2219320696,-0.3185966023,0.8313127586,0.3882752097,6.598362312e-05,7.655259629e-05,0.6910809069,0.1507576444,0.1581614488,0,0
17.272,17.35713629,-0.7635884765,-0.3085387853,0.2338438605,-0.3277173424,0.8235675707,0.4025936011,5.234351183e-05,5.394006922e-05,0.6782635462,0.1620816105,0.1596548433,0,0
17.296,17.33305146,-0.7511424357,-0.3173281907,0.2462750647,-0.3365207476,0.8154214489,0.4170103369,4.074875165e-05,3.684905546e-05,0.6649121409,0.1738976224,0.1611902367,0,0
17.32,17.30903337,-0.738175031,-0.3257617569,0.2592280673,-0.3449718331,0.8068600242,0.4315144916,3.179000863e-05,2.601016846e-05,0.6510230996,0.1862047571,0.1627721433,0,0
17.344,17.28508176,-0.7246866215,-0.3338010647,0.2727036269,-0.353033081,0.7978683163,0.4460937395,2.48407557e-05,1.878775725e-05,0.6365938508,0.1989996248,0.1644065244,0,0
17.368,17.26119634,-0.7106794254,-0.3414045293,0.2867008967,-0.360664033,0.7884302748,0.4607341412,1.924796843e-05,1.357063138e-05,0.6216222986,0.212275949,0.1661017524,0,0
17.392,17.23737684,-0.6961571782,-0.3485265605,0.3012177231,-0.3678206493,0.7785278288,0.4754199688,1.457944733e-05,9.552629808e-06,0.6061055804,0.2260241468,0.1678702728,0,0
17.416,17.21362299,-0.6811239944,-0.3551162154,0.3162515853,-0.3744543193,0.7681389342,0.4901337598,1.082285652e-05,6.652090534e-06,0.5900374223,0.2402311025,0.1697314752,0,0
17.44,17.18993452,-0.6655813004,-0.3611152576,0.3318020165,-0.380510484,0.7572335814,0.5048572141,9.298101931e-06,6.375374141e-06,0.5734026969,0.2548808066,0.1717164965,0,0
17.464,17.16631115,-0.6495201901,-0.3664564517,0.3478764495,-0.3859274492,0.7457659206,0.5195748456,1.344876356e-05,1.0913331e-05,0.5561668085,0.2699580203,0.1738751712,0,0
17.488,17.14275263,-0.6329039946,-0.3710673756,0.3645034531,-0.3906389211,0.7336610004,0.5342860039,2.676829738e-05,2.215009045e-05,0.5382584643,0.2854615345,0.1762800013,0,0
17.512,17.11925868,-0.6156384144,-0.3749010761,0.3817572754,-0.394594969,0.720806128,0.5490389848,6.553916315e-05,5.513746768e-05,0.5195614784,0.3014438099,0.1789947117,0,0
17.536,17.09582904,-0.597574243,-0.3780410549,0.3997699708,-0.3978418253,0.7071138629,0.5639983577,0.0001948019239,0.000192953751,0.500010053,0.3180941847,0.1818957623,0,0
17.56,17.07246344,-0.5787235475,-0.3808131608,0.4185857416,-0.4006562407,0.6927767374,0.5794302773,8.589962639e-05,6.614173188e-05,0.4799396153,0.3357394507,0.184320934,0,0
17.584,17.04916162,-0.5595710117,-0.3834292872,0.4377915055,-0.4033351013,0.6783345305,0.5952651562,5.214171789e-05,3.932843472e-05,0.460137738,0.3543406077,0.1855216542,0,0
17.608,17.02592333,-0.5405755783,-0.3855005967,0.4568157621,-0.4055554408,0.6639523069,0.6108648427,3.902055922e-05,2.92094886e-05,0.4408326674,0.3731558569,0.1860114757,0,0
17.632,17.0027483,-0.5216652048,-0.3865752638,0.4756811509,-0.4067607451,0.6492880875,0.6258808681,3.200542597e-05,2.3850354e-05,0.4215750215,0.3917268616,0.1866981168,0,0
17.656,16.97963627,-0.5026359966,-0.3865281953,0.4946543395,-0.4067835544,0.6340717553,0.6404340526,2.757875676e-05,2.049239514e-05,0.4020469916,0.4101557762,0.1877972322,0,0
17.68,16.95658699,-0.4834040784,-0.3853778266,0.5138532054,-0.4056628919,0.6182196796,0.654681219,2.449232346e-05,1.816666537e-05,0.3821955728,0.4286074989,0.1891969283,0,0
17.704,16.9336002,-0.4639749078,-0.3831493875,0.5332744026,-0.4034437124,0.6017276528,0.6686915713,2.219284496e-05,1.644517389e-05,0.3620761687,0.4471484178,0.1907754135,0,0
17.728,16.91067565,-0.4443915839,-0.3798494786,0.5528680626,-0.4001416142,0.5846105594,0.6824781359,2.039690059e-05,1.510910496e-05,0.3417695066,0.4657764063,0.1924540871,0,0
17.752,16.88781309,-0.424711303,-0.3754708994,0.5725698153,-0.3957524103,0.5668845449,0.6960288526,1.89436773e-05,1.403455977e-05,0.3213580876,0.4844561639,0.1941857485,0,0
17.776,16.86501226,-0.4049970522,-0.3699994383,0.5923106532,-0.3902626451,0.5485637581,0.7093213955,1.77346676e-05,1.314587503e-05,0.300922197,0.5031368422,0.1959409608,0,0
17.8,16.84227292,-0.3853149656,-0.3634183457,0.6120194726,-0.3836558756,0.5296607562,0.7223293333,1.67058008e-05,1.239406865e-05,0.280540517,0.5217596658,0.1976998172,0,0
17.824,16.81959482,-0.3657335661,-0.3557109422,0.6316235761,-0.3759160718,0.51018753,0.7350246492,1.581332219e-05,1.174592347e-05,0.260291316,0.5402612351,0.1994474489,0,0
17.848,16.7969777,-0.3463235988,-0.3468621276,0.6510487197,-0.3670294572,0.4901564757,0.7473787914,1.502609819e-05,1.117804346e-05,0.2402533709,0.558575058,0.2011715711,0,0
17.872,16.77442133,-0.3271580381,-0.3368592849,0.6702191271,-0.3569855201,0.46958126,0.7593631146,1.432116722e-05,1.067342415e-05,0.2205065599,0.5766323399,0.2028611001,0,0
17.896,16.75192546,-0.3083121459,-0.3256928561,0.6890575516,-0.3457775649,0.4484776649,0.7709490475,1.368103714e-05,1.021937955e-05,0.2011322161,0.5943624339,0.20450535,0,0
17.92,16.72948984,-0.2898635548,-0.3133567463,0.7074853669,-0.3334029883,0.4268645346,0.7821081108,1.309197438e-05,9.806243209e-06,0.1822133311,0.6116930971,0.2060935718,0,0
17.944,16.70711424,-0.2718923757,-0.299848651,0.7254226435,-0.3198633802,0.4047649657,0.7928118274,1.254288405e-05,9.426535877e-06,0.1638346776,0.6285505937,0.2076147287,0,0
17.968,16.68479842,-0.254481338,-0.2851703704,0.7427881627,-0.3051645169,0.3822079167,0.8030315293,1.202456062e-05,9.074431976e-06,0.1460828917,0.6448596371,0.2090574712,0,0
17.992,16.66254213,-0.2377159652,-0.2693281624,0.7594993241,-0.2893163025,0.3592304819,0.8127380551,1.152918728e-05,8.745434439e-06,0.1290465393,0.6605431463,0.2104103144,0,0
18.016,16.64034514,-0.221684779,-0.2523331772,0.7754719052,-0.2723327209,0.3358811897,0.8219013241,1.105002218e-05,8.436215012e-06,0.1128161737,0.6755217866,0.2116620397,0,0
18.04,16.61820721,-0.2064795189,-0.2342020179,0.7906196469,-0.2542318729,0.312224882,0.8304897779,1.058125462e-05,8.144612196e-06,0.09748437704,0.6897132713,0.2128023517,0,0
18.064,16.5961281,-0.192195345,-0.2149574661,0.8048536556,-0.2350361921,0.28835007,0.8384696885,1.011805967e-05,7.869812535e-06,0.08314576298,0.7030314187,0.2138228184,0,0
18.088,16.57410759,-0.1789309815,-0.1946294092,0.8180816427,-0.2147729509,0.2643802244,0.8458043477,9.656942807e-06,7.612781451e-06,0.06989690317,0.7153849946,0.2147181022,0,0
18.112,16.55214543,-0.1667887365,-0.173255999,0.8302070651,-0.1934751834,0.2404914215,0.8524531762,9.196572264e-06,7.377065627e-06,0.0578361239,0.7266764176,0.2154874585,0,0
18.136,16.5302414,-0.1558743137,-0.1508850585,0.8411282937,-0.1711831554,0.2169403202,0.8583708284,8.739487698e-06,7.170166312e-06,0.04706310262,0.7368004792,0.2161364182,0,0
18.16,16.50839526,-0.1462963146,-0.1275757302,0.8507380072,-0.147946493,0.1941086773,0.8635064109,8.295414915e-06,7.005775984e-06,0.03767817868,0.7456433217,0.2166784997,0,0
18.184,16.4866068,-0.138165305,-0.1034003327,0.858923101,-0.1238270269,0.1725725364,0.8678029881,7.887457898e-06,6.907233311e-06,0.02978128037,0.7530820261,0.2171366935,0,0
18.208,16.46487577,-0.1315923113,-0.07844634374,0.8655654816,-0.09890230951,0.1532004087,0.8711976066,7.562982021e-06,6.912441371e-06,0.02347036529,0.7589852699,0.2175443649,0,0
18.232,16.44320195,-0.1266866061,-0.05281837473,0.8705441752,-0.07326959524,0.1372562453,0.873622112,7.410241522e-06,7.079957045e-06,0.01883927692,0.7632155947,0.2179451284,0,0
18.256,16.42158512,-0.1235526591,-0.02663992965,0.8737391753,-0.04704985317,0.1263920307,0.8750050486,7.576054278e-06,7.494943624e-06,0.01597494547,0.7656338352,0.2183912194,0,0
18.28,16.40002505,-0.1222861691,-5.466278407e-05,0.8750373377,-0.02039111668,0.1222861813,0.8752748939,8.267853099e-06,8.273364946e-06,0.01495391021,0.76610614,0.2189399498,0,0
18.304,16.37852153,-0.1229691696,0.02677323307,0.874340372,0.00652977873,0.1258500007,0.8743647546,9.7277872e-06,9.566014516e-06,0.01583822277,0.7645137242,0.2196480531,0,0
18.328,16.35707431,-0.1256643176,0.05365994898,0.8715745528,0.03350817686,0.1366415415,0.8722184354,1.221505977e-05,1.157127919e-05,0.018670911,0.7607649991,0.2205640899,0,0
18.352,16.3356832,-0.1304086397,0.0804047827,0.8667012221,0.0603163746,0.1532035979,0.868797487,1.605640837e-05,1.457157689e-05,0.02347134265,0.7548090737,0.2217195837,0,0
18.376,16.31434795,-0.1372072149,0.1067951591,0.8597265798,0.08671295081,0.1738707158,0.8640884953,2.177454921e-05,1.901258203e-05,0.03023102629,0.7466489281,0.2231200456,0,0
18.4,16.29306837,-0.14602752,0.1326143977,0.8507088146,0.1124568189,0.1972577377,0.8581095638,3.030815554e-05,2.566366689e-05,0.038910616,0.7363520241,0.2247373599,0,0
18.424,16.27184422,-0.1567954377,0.157652572,0.8397604686,0.1373253973,0.222349146,0.8509147486,4.345986321e-05,3.596976289e-05,0.04943914462,0.7240559106,0.2265049448,0,0
18.448,16.2506753,-0.1693942487,0.181720648,0.8270440865,0.1611355496,0.2484286726,0.8425951497,6.503923161e-05,5.294720396e-05,0.06171680962,0.7099665891,0.2283166012,0,0
18.472,16.22956139,-0.1836683671,0.2046679024,0.8127595256,0.183765465,0.2749963988,0.8332753402,0.0001044840309,8.397655046e-05,0.07562303025,0.6943477996,0.2300291702,0,0
18.496,16.20850227,-0.1994343224,0.2264023549,0.7971213279,0.2051754801,0.3017152221,0.8231035105,0.0001923023381,0.0001526194478,0.09103211226,0.6774994123,0.2314684754,0,0
18.52,16.18749773,-0.2165029549,0.246913365,0.7803236415,0.2254255579,0.3283896151,0.8122325206,0.000471873519,0.0003816764077,0.107839962,0.6597218132,0.2324382248,0,0
18.544,16.16654756,-0.23471966,0.2662937081,0.7624876239,0.2446853147,0.3549727564,0.8007860388,0.0005556104018,0.0006517752831,0.1260059665,0.6412587047,0.2327353288,0,0
18.54965834,16.16161616,-0.2391728124,0.2707185281,0.7581324611,0.2491095676,0.3612369799,0.7980102789,0.0004570018929,0.0005092266168,0.1304923645,0.6368206646,0.2326869708,0,0
18.568,16.14565155,-0.254034445,0.2847525541,0.7435822936,0.2632256756,0.3815986324,0.7887980627,0.0002753214702,0.0002790252014,0.1456175921,0.6222024615,0.2321799464,0,0
18.592,16.12480949,-0.2746186602,0.3025935192,0.7233088921,0.2813624427,0.4086297179,0.776106035,0.0001783841497,0.0001768266353,0.1669782782,0.6023406088,0.230681113,0,0
18.616,16.10402116,-0.2970351942,0.3200888745,0.700961115,0.2992822807,0.4366769906,0.7621786984,0.0001273545005,0.0001269330228,0.1906868104,0.5809163843,0.2283968053,0,0
18.64,16.08328637,-0.3223805815,0.3371071316,0.6753796963,0.3166372893,0.4664444849,0.7459201748,9.168702337e-05,9.20966421e-05,0.2175704659,0.5563969157,0.2260326184,0,0
18.664,16.06260491,-0.3520012693,0.3523808637,0.6454006795,0.3319099959,0.4980734551,0.7257453289,6.251826605e-05,6.301928386e-05,0.2480771706,0.5267062864,0.225216543,0,0
18.688,16.04197656,-0.3858889316,0.3630874942,0.6114519268,0.3423512155,0.5298516735,0.700769444,3.633071929e-05,3.669767603e-05,0.2807427973,0.4910778149,0.2281793878,0,0
18.712,16.02140113,-0.4197519496,0.3685580662,0.5778551331,0.3478895313,0.558593544,0.6744951303,1.246337757e-05,1.265669184e-05,0.3120267475,0.454943681,0.2330295715,0,0
18.736,16.00087842,-0.4767644414,0.3795962266,0.5206441105,0.3597720006,0.6094240132,0.6328555777,2.168104793e-05,2.083338706e-05,0.3713976283,0.4005061826,0.2280961891,0,0
18.76,15.98040821,-0.5039739771,0.3371761555,0.493123075,0.3162765017,0.6063641888,0.5858337586,4.791296114e-05,4.662135493e-05,0.4080113902,0.3894308018,0.2025578079,0.04033385853,0.04622960698
18.784,15.95999031,-0.5183179143,0.3193262958,0.4788764708,0.2984919627,0.6087879298,0.5642872726,6.350724855e-05,6.096821861e-05,0.4252192763,0.3791685214,0.1956122023,0.05459652874,0.06074839165
18.808,15.93962452,-0.5311893391,0.3048448724,0.4659723422,0.2838453811,0.6124479653,0.5456174705,6.492092651e-05,6.084969131e-05,0.4402578083,0.3685972902,0.1911449015,0.06516529388,0.07089886241
18.832,15.91931064,-0.5424333974,0.2924036927,0.4548207455,0.2711153751,0.6162255351,0.5294954741,6.068711811e-05,5.560308463e-05,0.4526676815,0.3588071929,0.1885251255,0.07293376771,0.07844173271
18.856,15.89904847,-0.5526974866,0.281380587,0.4446877838,0.259763608,0.6202012145,0.5149993759,5.756965792e-05,5.17230786e-05,0.4634002861,0.3494734161,0.1871262978,0.07875073633,0.0842490563
18.88,15.87883782,-0.5624119466,0.2712927283,0.4349719444,0.2494075387,0.6244252894,0.5014027451,6.111115529e-05,5.455873637e-05,0.4733103513,0.3403695385,0.1863201102,0.08340340547,0.08896482276
18.904,15.85867848,-0.5717326589,0.2618651519,0.4255286814,0.2399327973,0.6288494184,0.4885103949,9.027847238e-05,8.57509005e-05,0.4829253489,0.331731618,0.1853430331,0.08747374982,0.09308920474
18.92439891,15.84158416,-0.5793105723,0.2542300511,0.4178786645,0.232406934,0.632640228,0.4781585105,0.0001965224057,0.0001784766407,0.4909715034,0.3250110126,0.184017484,0.09073780678,0.09637541954
18.928,15.83857027,-0.5806106867,0.252908575,0.4165724552,0.2311104943,0.6333020739,0.476387102,0.0001938522769,0.000160501382,0.4923777926,0.3238907894,0.1837314181,0.09130623815,0.09694609264
18.952,15.81851298,-0.5889637545,0.2442352877,0.4082137705,0.2226018516,0.6375964083,0.4649624358,7.326418349e-05,6.302076699e-05,0.5016128124,0.3169267513,0.1814604364,0.0950836271,0.1007366805
18.976,15.79850643,-0.596758549,0.2357024564,0.400437735,0.2141984781,0.6416201476,0.4541270391,4.477954118e-05,4.126064196e-05,0.5105509854,0.3107856711,0.1786633436,0.09887456958,0.1045543017
19,15.77855042,-0.603990615,0.2272326716,0.3932209036,0.205816485,0.6453211216,0.443827787,3.42452131e-05,3.251752843e-05,0.5190597583,0.3053028292,0.1756374126,0.1026204071,0.1083197236
19.024,15.75864476,-0.61066221,0.2187950035,0.3865550794,0.1974323938,0.6486752564,0.4340557332,2.855128329e-05,2.754358845e-05,0.5268921627,0.3001289404,0.1729788969,0.1061125736,0.1117245601
19.048,15.73878927,-0.6167767573,0.2103847762,0.3804392497,0.189049717,0.6516711766,0.4248221019,2.476563023e-05,2.414062787e-05,0.5337821513,0.2949515695,0.1712662791,0.1091068283,0.1144777507
19.072,15.71898375,-0.6223392555,0.2020115238,0.3748722742,0.1806849395,0.6543048255,0.4161445294,2.192062717e-05,2.15501761e-05,0.5397204258,0.2898898872,0.170389687,0.1116056207,0.1167136174
19.096,15.69922801,-0.6273573095,0.1936925377,0.3698495205,0.1723610399,0.6565774844,0.4080404342,1.961192192e-05,1.944581468e-05,0.5449828456,0.2852787732,0.1697383812,0.1138888522,0.1187817769
19.12,15.67952186,-0.6318416963,0.1854492705,0.365361834,0.1641039769,0.6584947693,0.4005238882,1.764770803e-05,1.767318063e-05,0.5497947953,0.2813981467,0.1688070579,0.1161794338,0.1209787614
19.144,15.65986513,-0.6358065001,0.1773051525,0.3613955932,0.1559405448,0.660065923,0.3936041518,1.594938758e-05,1.617747425e-05,0.5541203982,0.2783978872,0.1674817146,0.1184333753,0.1234736587
19.168,15.64025762,-0.6392689839,0.1692841462,0.357933216,0.1478969844,0.6613032254,0.3872850438,1.455392582e-05,1.501256255e-05,0.5581948733,0.2760021757,0.1658029511,0.1208729172,0.1260124703
19.192,15.62069915,-0.6422493085,0.1614097269,0.3549538229,0.1399980674,0.6622214691,0.381564772,1.372846411e-05,1.444349982e-05,0.562144888,0.2740826642,0.1637724478,0.1236076137,0.1284909887
19.216,15.60118953,-0.6447701648,0.1537041387,0.3524339231,0.1322665022,0.6628374821,0.3764360474,1.430976744e-05,1.52351905e-05,0.5654548899,0.272592514,0.1619525961,0.126101362,0.130888416
19.24,15.58172859,-0.6468563562,0.1461878513,0.3503480683,0.1247225682,0.6631696867,0.3718863913,1.841243175e-05,1.931405132e-05,0.5682539892,0.2715010995,0.1602449113,0.1284599554,0.1332016111
19.264,15.56231613,-0.6485343575,0.1388791754,0.3486694492,0.1173839159,0.6632376936,0.3678985846,3.137559278e-05,3.189109017e-05,0.5706042704,0.2707836854,0.1586120443,0.1307200312,0.1354343158
19.288,15.54295199,-0.64983187,0.1317940131,0.3473704269,0.1102654893,0.6630619286,0.3644512198,7.491578527e-05,7.728301813e-05,0.5725471118,0.2704196024,0.1570332858,0.132895985,0.1375949048
19.312,15.52363598,-0.650777391,0.1249457241,0.3464229995,0.1033795402,0.6626632981,0.3615193272,0.0001215658044,0.0001530814549,0.5741235464,0.2703905391,0.1554859145,0.135000885,0.1396942917
19.336,15.50436791,-0.6513998134,0.1183450917,0.3457992059,0.09673570857,0.6620628955,0.3590750452,6.365001073e-05,6.680721841e-05,0.5753752891,0.2706789015,0.1539458094,0.1370480074,0.1417440089
19.36,15.48514762,-0.6517280698,0.1120003746,0.3454714717,0.09034115125,0.6612817561,0.3570883103,4.400161039e-05,4.439466219e-05,0.5763433705,0.2712670338,0.1523895958,0.1390498077,0.1437549704
19.384,15.46597493,-0.6517908348,0.1059174303,0.3454129029,0.08420070538,0.6603406654,0.3555275408,3.531003491e-05,3.513413574e-05,0.577066738,0.2721361315,0.1507971306,0.1410169423,0.145736298
19.408,15.44684965,-0.6516163002,0.1000998968,0.345597534,0.07831707311,0.6592600337,0.3543602961,3.046907617e-05,3.012695164e-05,0.5775815308,0.2732662004,0.1491522688,0.1429577378,0.1476949801
19.432,15.42777161,-0.6512320403,0.09454942048,0.3460005378,0.07269101881,0.6580598478,0.3535538946,2.73879348e-05,2.699688844e-05,0.5779207598,0.2746360407,0.1474431995,0.1448779958,0.1496356836
19.456,15.40874065,-0.6506649947,0.08926591622,0.3465984066,0.06732156934,0.656759727,0.3530759821,2.525535418e-05,2.485896958e-05,0.5781143933,0.2762234672,0.1456621395,0.1467810536,0.1515608175
19.48,15.38975657,-0.6499416137,0.08424784424,0.3473691146,0.06220620845,0.6553791272,0.352895047,2.369466752e-05,2.331173415e-05,0.5781898078,0.2780056562,0.143804536,0.1486680068,0.1534707415
19.504,15.37081922,-0.6490882499,0.07949247146,0.3482922793,0.05734105363,0.6539377717,0.3529808893,2.250819491e-05,2.214772989e-05,0.5781726347,0.2799595683,0.141867797,0.1505380249,0.1553640596
19.528,15.35192841,-0.6481319543,0.07499604143,0.3493493394,0.05272099714,0.6524564632,0.3533050587,2.15826161e-05,2.124939335e-05,0.5780881475,0.2820624199,0.1398494326,0.1523887107,0.1572379549
19.552,15.33308398,-0.6471019821,0.07075364314,0.3505237831,0.04833977706,0.6509585649,0.3538412873,2.084854704e-05,2.054540226e-05,0.5779635237,0.2842921932,0.137744283,0.15421647,0.1590885362
19.576,15.31428576,-0.6460325863,0.0667581682,0.3518014653,0.04418990772,0.649472675,0.3545659585,2.026133443e-05,1.999021606e-05,0.5778316283,0.2866281951,0.1355401766,0.1560168723,0.1609111758
19.6,15.29553357,-0.6449680466,0.06299651463,0.3531710634,0.0402623151,0.6480372998,0.3554586531,1.97911525e-05,1.955363438e-05,0.577737327,0.2890516803,0.1332109927,0.1577849846,0.1627008259
19.624,15.27682725,-0.6439705158,0.05943740732,0.35462468,0.0365453335,0.6467076856,0.3565027701,1.941755658e-05,1.921510188e-05,0.5777465047,0.291546529,0.1307069663,0.1595156737,0.1644523035
19.648,15.25816663,-0.6431238111,0.05599488567,0.3561583423,0.03302231166,0.6455568632,0.3576859486,1.912633134e-05,1.896043533e-05,0.5779475316,0.2940997782,0.1279526903,0.1612038676,0.1661605399
19.672,15.23955155,-0.642479156,0.05244186191,0.3577710573,0.02966638351,0.6446158661,0.3589989189,1.890759433e-05,1.877986623e-05,0.5783743911,0.2967010135,0.1249245954,0.1628447759,0.1678207894
19.696,15.22098182,-0.6417619572,0.04839554024,0.3594572876,0.02643101446,0.6435841344,0.3604277183,1.875462449e-05,1.86668383e-05,0.5786346053,0.2993369383,0.1220284564,0.1644340669,0.1694287978
19.72,15.2024573,-0.6401491314,0.04403509512,0.3611792472,0.0232433227,0.6416619048,0.3619263746,1.866313107e-05,1.861726146e-05,0.5776980025,0.3019716308,0.1203303667,0.1659680021,0.1709809298
19.744,15.18397782,-0.6376612816,0.04046424162,0.3628139399,0.02004457983,0.6389438667,0.3633672249,1.863080596e-05,1.862905782e-05,0.5756927951,0.3045099972,0.1197972077,0.1674435299,0.1724742567
19.768,15.1655432,-0.6352554948,0.03783684758,0.3641851923,0.01692771841,0.6363813092,0.3645783893,1.865707033e-05,1.870190766e-05,0.5738395134,0.30682401,0.1193364765,0.1688583423,0.1739066077
19.792,15.14715329,-0.6332238428,0.03564214612,0.3653061112,0.0141302885,0.6342261408,0.3655792936,1.874296741e-05,1.883714499e-05,0.5724536952,0.3089248077,0.1186214971,0.1702108972,0.1752765874
19.816,15.12880793,-0.6314610214,0.03361499484,0.3663896617,0.01172208427,0.6323551134,0.3665771289,1.889117798e-05,1.903777888e-05,0.5713734016,0.3109623561,0.1176642423,0.1715004118,0.1765835643
19.84,15.11050696,-0.6298592262,0.03168144714,0.3675568705,0.009585939129,0.6306554994,0.3676818506,1.910615376e-05,1.930863557e-05,0.5704531913,0.3130175781,0.1165292306,0.172726832,0.1778276344
19.864,15.0922502,-0.6283586718,0.02982725988,0.3688022107,0.007614840796,0.6290662015,0.368880816,1.939438011e-05,1.965663325e-05,0.5696150682,0.3150826224,0.1153023094,0.1738907819,0.1790095656
19.888,15.07403751,-0.6269294357,0.02805163082,0.3700880964,0.00575855519,0.6275566997,0.3701328951,1.976479695e-05,2.009121937e-05,0.5688209108,0.3171290862,0.114050003,0.1749934991,0.1801307258
19.912,15.05586872,-0.6255566837,0.02635515147,0.3713840991,0.003997681233,0.6261116183,0.3714056146,2.022942989e-05,2.062502432e-05,0.5680525179,0.3191351321,0.11281235,0.1760367589,0.1811930012
19.936,15.03774368,-0.6242329976,0.02473729559,0.3726707178,0.002324118331,0.6247229539,0.3726779648,2.080431717e-05,2.127482021e-05,0.567301562,0.3210875733,0.1116108647,0.1770227924,0.1821987074
19.96,15.01966222,-0.6229546413,0.02319626648,0.3739359888,0.0007331228095,0.6233863585,0.3739367074,2.151087196e-05,2.206292954e-05,0.5665647524,0.3229791588,0.1104560889,0.1779542,0.1831504971
19.984,15.0016242,-0.6217197277,0.02172932079,0.3751724896,-0.0007793256754,0.6220993355,0.375173299,2.23779087e-05,2.301932188e-05,0.5658414469,0.3248062717,0.1093522814,0.1788338632,0.1840512668
20.008,14.98362945,-0.6205272952,0.02033310797,0.3763755007,-0.002217259638,0.6208603381,0.3763820317,2.344471817e-05,2.41848013e-05,0.5651324167,0.3265674995,0.1083000838,0.1796648568,0.1849040652
20.032,14.96567782,-0.6193768328,0.0190039348,0.377541958,-0.003584849111,0.6196683069,0.3775589771,2.476585908e-05,2.561598711e-05,0.564439171,0.3282627848,0.1072980442,0.1804503598,0.185712003
20.056,14.94776915,-0.6182680339,0.01773795612,0.3786698534,-0.00488635397,0.6185224303,0.3787013789,2.641887168e-05,2.73933671e-05,0.5637635653,0.3298929013,0.1063435334,0.1811935678,0.1864781662
20.08,14.92990329,-0.6172006738,0.0165313107,0.3797578783,-0.006126042944,0.6174220242,0.379807286,2.851719328e-05,2.96348683e-05,0.5631075592,0.3314591048,0.105433336,0.1818976024,0.1872055294
20.104,14.91208008,-0.6161745579,0.01538022137,0.3808051947,-0.007308119404,0.6163664794,0.3808753141,3.123283316e-05,3.251990367e-05,0.5624730552,0.3329628746,0.1045640702,0.1825654172,0.1878968686
20.128,14.89429938,-0.615189517,0.01428107684,0.3818112723,-0.008436661436,0.6153552559,0.381904471,3.483853534e-05,3.63346941e-05,0.5618617857,0.334405692,0.1037325223,0.1831996935,0.1885546657
20.152,14.87656104,-0.6142454429,0.01323051383,0.3827757475,-0.009515573164,0.6143879154,0.3828940049,3.979191861e-05,4.15645526e-05,0.5612752291,0.3357888174,0.1029359535,0.183802717,0.1891809967
20.176,14.85886489,-0.6133423735,0.01222552612,0.383698267,-0.01054853981,0.6134642048,0.3838432385,4.691888371e-05,4.910142317e-05,0.5607145504,0.3371130171,0.1021724325,0.1843762176,0.189777383
20.2,14.84121079,-0.6124806624,0.01126365399,0.3845782609,-0.01153897397,0.6125842242,0.3847513309,5.786071384e-05,6.077662054e-05,0.5601805757,0.3383781581,0.1014412663,0.1849211406,0.1903445677
20.224,14.8235986,-0.6116613209,0.01034338615,0.3854145194,-0.01248992771,0.6117487696,0.3856168436,7.632769577e-05,8.100444321e-05,0.559673828,0.3395824971,0.1007436749,0.1854372651,0.1908821405
20.248,14.80602815,-0.6108867652,0.009465166794,0.3862042323,-0.0134039074,0.6109600881,0.3864367655,0.0001121439061,0.0001233893062,0.5591948419,0.3407212401,0.100083918,0.1859226001,0.1913878511
20.272,14.78849931,-0.610162617,0.008634434842,0.3869403164,-0.01428239806,0.6102237071,0.3872038163,0.0001895294247,0.0002443354266,0.5587451081,0.3417829423,0.09947194959,0.1863720995,0.1918560872
20.296,14.77101192,-0.6095023145,0.007873493469,0.3876017064,-0.01512436924,0.6095531669,0.3878966736,0.000217114267,0.0002764253529,0.5583298168,0.342737947,0.09893223614,0.1867747065,0.1922740413
20.32,14.75356585,-0.6089303754,0.007290863226,0.3880975698,-0.01592049378,0.6089740214,0.3884239769,0.0001237961613,0.0001218702487,0.5579541732,0.3434877595,0.09855806725,0.1871047992,0.1926145589
20.344,14.73616093,-0.6078184002,0.007486990168,0.387026693,-0.01685700333,0.6078645101,0.3873936236,7.556117922e-05,6.914870634e-05,0.5568349618,0.3432798188,0.09988521944,0.1873356934,0.1932059943
20.368,14.71879703,-0.6063691447,0.005394179277,0.3906797002,-0.01792353046,0.6063931372,0.3910906303,5.043531381e-05,4.443227671e-05,0.5610947481,0.3486099047,0.09029534721,0.1933821087,0.1956580216
20.392,14.70147401,-0.6061957142,0.004457106562,0.3908421998,-0.01849491207,0.6062120996,0.3912795508,3.64011378e-05,3.158673934e-05,0.5583719678,0.3491262946,0.09250173762,0.1908788567,0.1960266067
20.416,14.68419171,-0.6057753147,0.003723887923,0.3912966019,-0.0192022449,0.6057867605,0.391767478,2.93355912e-05,2.620714754e-05,0.5581506923,0.3500089433,0.09184036439,0.1911730923,0.1965271858
20.44,14.66695,-0.6053032277,0.003018145715,0.3917872305,-0.01991890142,0.6053107522,0.3922932533,2.570680992e-05,2.427122375e-05,0.5577456614,0.3506753503,0.09157898834,0.191344554,0.1967813531
20.464,14.64974873,-0.6048274747,0.002325657868,0.3922737191,-0.02063025827,0.6048319459,0.3928158325,2.342041832e-05,2.309467809e-05,0.5573718664,0.3513297782,0.09129835535,0.191550183,0.1970254995
20.488,14.63258776,-0.6043631043,0.001643930011,0.3927445143,-0.0213333654,0.6043653401,0.3933234877,2.173435409e-05,2.198272021e-05,0.5570712891,0.3520132394,0.09091547145,0.1918138243,0.1973098729
20.512,14.61546695,-0.6039157632,0.0009718467902,0.3931955697,-0.02202794055,0.6039165452,0.3938121204,2.041117886e-05,2.0917375e-05,0.5568301661,0.3527119094,0.09045792442,0.1921149722,0.1976239228
20.536,14.59838615,-0.6034876723,0.0003084592286,0.3936255008,-0.02271452198,0.6034877511,0.3942803373,1.935297365e-05,1.995504025e-05,0.5566333192,0.3534107018,0.08995597892,0.1924358532,0.197953717
20.56,14.58134523,-0.6030795782,-0.0003471690921,0.3940340558,-0.02339392461,0.6030796781,0.3947278972,1.850264615e-05,1.912243181e-05,0.5564700969,0.3540995942,0.0894303089,0.1927649984,0.198289481
20.584,14.56434405,-0.6026915163,-0.0009959629123,0.3944215243,-0.02406704303,0.6026923392,0.3951551106,1.781935968e-05,1.842124119e-05,0.5563332169,0.3547723862,0.0888943969,0.1930951608,0.1986248244
20.608,14.54738247,-0.6023231502,-0.00163881864,0.3947884753,-0.02473477045,0.6023253797,0.3955625729,1.72715832e-05,1.784117197e-05,0.5562174808,0.3554252515,0.08835726773,0.1934216174,0.1989555021
20.632,14.53046035,-0.6019739387,-0.002276591253,0.395135627,-0.02539796308,0.6019782436,0.3959510326,1.68343691e-05,1.736779365e-05,0.5561189761,0.3560558146,0.08782520923,0.1937411701,0.1992785941
20.656,14.51357756,-0.6016432247,-0.002910086414,0.3954637782,-0.02605742422,0.6016502625,0.3963213207,1.648780171e-05,1.69862828e-05,0.5560346218,0.3566626124,0.08730276578,0.1940515831,0.1995920229
20.68,14.49673395,-0.6013302855,-0.003540056496,0.3957737685,-0.02671389781,0.6013407056,0.39667431,1.62158973e-05,1.668296976e-05,0.5559619077,0.3572447831,0.08679330923,0.1943512632,0.1998942746
20.704,14.47992939,-0.601034363,-0.004167199163,0.3960664547,-0.02736806662,0.6010488092,0.3970108911,1.600576267e-05,1.644584274e-05,0.5558987426,0.3578018829,0.08629937444,0.1946390713,0.200184235
20.728,14.46316374,-0.6007546825,-0.004792157562,0.3963426957,-0.02802055297,0.6007737954,0.3973319568,1.584693961e-05,1.626459046e-05,0.5558433622,0.35833375,0.08582288777,0.1949142087,0.2004610659
20.752,14.44643687,-0.6004904645,-0.005415521506,0.3966033433,-0.02867192069,0.6005148839,0.3976383922,1.573089286e-05,1.613045885e-05,0.5557942692,0.3588404987,0.08536523203,0.1951761431,0.2007242076
20.776,14.42974865,-0.6002409333,-0.006037829246,0.3968492351,-0.02932267776,0.6002712998,0.397931068,1.565061039e-05,1.603604809e-05,0.5557501942,0.3593224218,0.08492738406,0.1954245605,0.2009732866
20.8,14.41309894,-0.6000053222,-0.006659569583,0.3970811911,-0.02997327935,0.6000422789,0.3982108359,1.560029113e-05,1.597510555e-05,0.5557100661,0.3597799711,0.0845099628,0.1956593294,0.201208101
20.824,14.39648761,-0.5997828773,-0.007281184158,0.3973000099,-0.03062413089,0.5998270713,0.3984785255,1.557510077e-05,1.594233691e-05,0.5556729899,0.3602137455,0.08411326462,0.1958804741,0.20142861
20.848,14.37991452,-0.5995728606,-0.007903069821,0.3975064672,-0.03127559119,0.5996249442,0.3987349421,1.557098028e-05,1.593324258e-05,0.5556382277,0.3606244725,0.08373729973,0.1960881538,0.2016349183
20.872,14.36337955,-0.5993745518,-0.008525581003,0.397701314,-0.03192797552,0.5994351832,0.3989808652,1.558449529e-05,1.594397988e-05,0.5556051824,0.3610129954,0.08338182216,0.1962826432,0.2018272644
20.896,14.34688256,-0.5991872496,-0.009149032064,0.3978852764,-0.03258155856,0.5992570941,0.3992170477,1.561271732e-05,1.597124877e-05,0.5555733821,0.361380261,0.08304635683,0.1964643171,0.2020060096
20.92,14.33042342,-0.5990102726,-0.009773699575,0.3980590546,-0.03323657724,0.5990900032,0.3994442151,1.565312972e-05,1.601219772e-05,0.5555424665,0.3617273082,0.0827302253,0.1966336344,0.2021716269
20.944,14.31400201,-0.5988429607,-0.01039982453,0.3982233224,-0.03389323343,0.5989332583,0.3996630654,1.570355293e-05,1.606434678e-05,0.5555121729,0.3620552559,0.08243257121,0.1967911248,0.2023246898
20.968,14.29761818,-0.5986846746,-0.0110276145,0.398378728,-0.03455169651,0.5987862289,0.3998742686,1.576208496e-05,1.612552469e-05,0.5554823237,0.3623652908,0.08215238549,0.1969373756,0.2024658598
20.992,14.28127182,-0.5985347971,-0.01165724562,0.3985258933,-0.03521210579,0.5986483063,0.4000784674,1.582705373e-05,1.619381769e-05,0.555452814,0.3626586542,0.08188853186,0.1970730191,0.2025958739
21.016,14.26496279,-0.5983927325,-0.01228886461,0.3986654144,-0.03587457275,0.5985189041,0.4002762766,1.589697892e-05,1.626752776e-05,0.5554235998,0.3629366276,0.08163977252,0.1971987211,0.2027155298
21.04,14.24869097,-0.5982579075,-0.0129225906,0.3987978619,-0.03653918322,0.5983974575,0.4004682841,1.597054124e-05,1.634513856e-05,0.5553946874,0.3632005188,0.0814047938,0.19731517,0.2028256719
21.064,14.23245623,-0.5981297704,-0.01355851694,0.3989237814,-0.03720599939,0.5982834241,0.4006550508,1.604655765e-05,1.642528768e-05,0.5553661225,0.3634516457,0.08118223188,0.1974230666,0.2029271756
21.088,14.21625844,-0.5980077918,-0.01419671287,0.3990436935,-0.03787506166,0.5981762831,0.4008371111,1.612396129e-05,1.650674401e-05,0.5553379806,0.3636913214,0.08097069804,0.1975231147,0.2030209315
21.112,14.20009748,-0.597891464,-0.01483722517,0.3991580948,-0.03854639045,0.5980755353,0.4010149734,1.620178527e-05,1.658838919e-05,0.5553103583,0.3639208382,0.0807688035,0.1976160121,0.203107829
21.136,14.18397322,-0.5977803013,-0.01548007968,0.399267458,-0.03921998783,0.5979807033,0.4011891205,1.627914938e-05,1.666920244e-05,0.5552833649,0.3641414519,0.08057518317,0.1977024432,0.2031887412
21.16,14.16788554,-0.5976738395,-0.01612528282,0.3993722324,-0.03989583907,0.5978913306,0.4013600105,1.635524928e-05,1.674824812e-05,0.5552571147,0.3643543668,0.08038851841,0.1977830713,0.2032645086
21.184,14.15183431,-0.597571636,-0.01677282294,0.3994728447,-0.0405739141,0.597806982,0.4015280765,1.642934761e-05,1.682466542e-05,0.5552317204,0.3645607215,0.08020755811,0.1978585325,0.203335925
21.208,14.13581941,-0.5974732693,-0.01742267169,0.3995696993,-0.0412541689,0.5977272429,0.4016937279,1.650076672e-05,1.689765984e-05,0.555207287,0.364761575,0.080031138,0.1979294298,0.2034037236
21.232,14.11984071,-0.5973783391,-0.01807478532,0.3996631788,-0.0419365467,0.5976517195,0.4018573508,1.656888255e-05,1.696649609e-05,0.5551839064,0.3649578957,0.07985819784,0.1979963283,0.203468565
21.256,14.1038981,-0.5972864659,-0.01872910587,0.3997536445,-0.04262097924,0.597580038,0.4020193082,1.663311965e-05,1.70304921e-05,0.5551616529,0.3651505509,0.07968779616,0.1980597508,0.2035310265
21.28,14.08799145,-0.597197291,-0.01938556236,0.3998414371,-0.04330738785,0.5975118446,0.4021799406,1.669294695e-05,1.708901389e-05,0.555140579,0.3653402986,0.07951912238,0.1981201743,0.2035915936
21.304,14.07212063,-0.5971104759,-0.02004407191,0.3999268769,-0.04399568452,0.5974468054,0.402339567,1.67478744e-05,1.714147122e-05,0.5551207124,0.3655277815,0.07935150614,0.1981780269,0.203650654
21.328,14.05628554,-0.5970257023,-0.02070454079,0.4000102647,-0.04468577285,0.5973846057,0.4024984847,1.679745016e-05,1.718731382e-05,0.5551020526,0.3657135238,0.0791844236,0.1982336852,0.2037084933
21.352,14.04048604,-0.5969426718,-0.02136686549,0.4000918817,-0.04537754901,0.5973249504,0.4026569703,1.684125855e-05,1.722602812e-05,0.5550845696,0.3658979296,0.07901750081,0.198287473,0.2037652935
21.376,14.02472202,-0.5968611059,-0.02203093367,0.4001719902,-0.04607090256,0.5972675629,0.40281528,1.687891868e-05,1.725713449e-05,0.5550682015,0.3660812844,0.07885051409,0.1983396595,0.2038211343
21.4,14.00899336,-0.5967807454,-0.02269662509,0.4002508341,-0.04676571734,0.5972121858,0.4029736499,1.691008406e-05,1.728018504e-05,0.5550528536,0.366263759,0.0786833874,0.1983904585,0.2038759962
21.424,13.99329994,-0.5967013505,-0.02336381256,0.4003286392,-0.04746187217,0.5971585798,0.4031322967,1.693444324e-05,1.729476206e-05,0.5550383976,0.3664454154,0.07851618704,0.1984400279,0.2039297664
21.448,13.97764164,-0.5966227007,-0.0240323628,0.4004056132,-0.04815924161,0.5971065243,0.4032914177,1.695172224e-05,1.730047743e-05,0.5550246713,0.366626215,0.07834911377,0.1984884696,0.203982247
21.472,13.96201835,-0.5965445943,-0.02470213723,0.4004819464,-0.04885769667,0.5970558169,0.4034511915,1.696168907e-05,1.729697334e-05,0.5550114784,0.3668060289,0.07818249271,0.1985358296,0.2040331647
21.496,13.94642994,-0.5964668487,-0.02537299286,0.4005578116,-0.04955710548,0.5970062733,0.4036117778,1.69641617e-05,1.7283925e-05,0.5549985887,0.3669846499,0.07801676132,0.1985820981,0.2040821825
21.52,13.9308763,-0.5963893003,-0.02604478301,0.4006333643,-0.05025733391,0.5969577274,0.4037733179,1.695902089e-05,1.726104654e-05,0.5549857389,0.3671618052,0.07785245593,0.1986272104,0.2041289127
21.544,13.91535732,-0.5963118047,-0.02671735808,0.4007087426,-0.05095824623,0.5969100315,0.4039359346,1.694623035e-05,1.722810158e-05,0.5549726327,0.3673371702,0.07769019716,0.1986710467,0.2041729306
21.568,13.89987287,-0.5962342368,-0.02739056634,0.4007840669,-0.05165970574,0.5968630566,0.4040997321,1.692586811e-05,1.718492138e-05,0.5549589422,0.367510383,0.07753067481,0.1987134336,0.2042137893
21.592,13.88442284,-0.5961564915,-0.02806425459,0.4008594397,-0.05236157539,0.5968166927,0.4042647956,1.689817519e-05,1.713143484e-05,0.5549443088,0.3676810588,0.07737463247,0.1987541438,0.2042510335
21.616,13.86900712,-0.5960784842,-0.02873826895,0.4009349449,-0.05306371846,0.59677085,0.404431191,1.686363131e-05,1.706771757e-05,0.5549283451,0.3678488025,0.07722285243,0.1987928974,0.2042842139
21.64,13.8536256,-0.5960001525,-0.02941245557,0.4010106462,-0.05376599929,0.5967254597,0.4045989632,1.682307406e-05,1.699407206e-05,0.5549106373,0.3680132218,0.07707614095,0.1988293627,0.2043129004
21.664,13.83827816,-0.5959214577,-0.03008666138,0.4010865857,-0.05446828408,0.5966804765,0.4047681351,1.677788887e-05,1.69111597e-05,0.5548907486,0.3681739372,0.0769353142,0.1988631574,0.2043366937
21.688,13.82296468,-0.5958423883,-0.03076073498,0.4011627808,-0.05517044187,0.5966358811,0.4049387044,1.67303178e-05,1.682022121e-05,0.5548682257,0.3683305897,0.07680118459,0.1988938509,0.2043552351
21.712,13.80768506,-0.5957629643,-0.03143452751,0.4012392196,-0.05587234581,0.5965916854,0.4051106397,1.668397295e-05,1.672345184e-05,0.5548426077,0.3684828451,0.07667454717,0.1989209683,0.2043682144
21.736,13.79243918,-0.5956832445,-0.03210789382,0.4013158544,-0.05657387482,0.5965479399,0.4052838737,1.664471374e-05,1.662465669e-05,0.5548134417,0.3686303931,0.07655616526,0.1989439968,0.2043753745
21.76,13.77722693,-0.5956033389,-0.03278069392,0.4013925893,-0.05727491606,0.5965047453,0.4054582922,1.662219615e-05,1.653043169e-05,0.5547803068,0.3687729391,0.0764467541,0.1989623953,0.2043765121
21.784,13.7620482,-0.5955234287,-0.03345279509,0.4014692618,-0.05797536876,0.5964622734,0.405633716,1.663271574e-05,1.64523746e-05,0.5547428538,0.3689101856,0.07634696061,0.19897561,0.2043714737
21.808,13.74690288,-0.5954438015,-0.03412407506,0.4015456087,-0.05867515049,0.5964208022,0.4058098682,1.670466941e-05,1.64114184e-05,0.5547008698,0.3690417932,0.076257337,0.1989830963,0.2043601438
21.832,13.73179086,-0.5953649174,-0.03479442746,0.4016212037,-0.05937420863,0.5963807819,0.4059863149,1.688963577e-05,1.644680384e-05,0.5546543877,0.3691673079,0.07617830444,0.1989843504,0.2043424197
21.856,13.71671202,-0.5952875396,-0.03546377186,0.4016953326,-0.0600725423,0.5963429667,0.4061623451,1.728639189e-05,1.663593212e-05,0.5546038861,0.3692860127,0.07611010121,0.1989789519,0.2043181619
21.88,13.70166627,-0.5952130215,-0.03613207424,0.4017667215,-0.06077024967,0.5963087018,0.4063367098,1.809747973e-05,1.7142025e-05,0.5545506909,0.369396605,0.07605270405,0.1989666228,0.204287083
21.904,13.68665349,-0.5951440181,-0.03679939368,0.401832862,-0.06146764237,0.5962806367,0.4065069742,1.977822866e-05,1.834125381e-05,0.5544979069,0.3694963965,0.07600569662,0.1989473089,0.2042484761
21.928,13.67167357,-0.5950865936,-0.03746600438,0.4018880148,-0.06216557509,0.5962648366,0.4066675979,2.350272809e-05,2.12179515e-05,0.5544530463,0.3695789262,0.07596802755,0.1989212903,0.2042003906
21.952,13.6567264,-0.5950584857,-0.03813277022,0.4019153975,-0.06286667691,0.5962790535,0.4068024162,3.315060514e-05,2.898148251e-05,0.5544378523,0.3696244568,0.07593769089,0.1988891416,0.2041362501
21.976,13.64181189,-0.5951443361,-0.03880211249,0.4018351538,-0.06358271109,0.5964079013,0.4068344282,7.233563624e-05,5.94651014e-05,0.5545480506,0.3695341391,0.07591781037,0.1988456606,0.2040198836
22,13.62692991,-0.5998872678,-0.03691190759,0.3967139107,-0.06355087366,0.6010218157,0.4017718762,0.0002188517432,0.0002439208794,0.5562062648,0.3620445229,0.0817492123,0.194978994,0.2006238228
22.024,13.61208037,-0.5942100023,-0.04003913895,0.4027279361,-0.06481774857,0.5955574359,0.40791069,4.75521826e-05,4.779300622e-05,0.5533035659,0.3705249083,0.07617152585,0.1986149042,0.2041337749
22.048,13.59726315,-0.5943255736,-0.0407252168,0.4026159766,-0.06554550276,0.595719255,0.407916459,2.809338338e-05,2.817335807e-05,0.5534947719,0.3704343938,0.07607083427,0.1986133404,0.2040385554
22.072,13.58247816,-0.5943030372,-0.04138592661,0.4026376346,-0.06624057227,0.5957423058,0.4080500927,2.04745795e-05,2.079803884e-05,0.5534714773,0.3704654311,0.07606309167,0.1985625819,0.2039605524
22.096,13.56772529,-0.5942478478,-0.04203964143,0.4026907345,-0.06692677855,0.5957330241,0.4082144306,1.606971095e-05,1.658439159e-05,0.5533972074,0.3705255666,0.07607722606,0.1984993711,0.203886545
22.12,13.55300443,-0.5941805527,-0.04268917555,0.4027555066,-0.06760827327,0.5957120906,0.4083905934,1.345056345e-05,1.388202851e-05,0.5533028468,0.3705952557,0.07610189752,0.1984299517,0.2038123788
22.144,13.53831548,-0.5941082553,-0.04333526553,0.402825127,-0.06828634632,0.5956866326,0.4085720353,1.608006735e-05,1.538871336e-05,0.5531987843,0.3706673238,0.07613389193,0.1983562198,0.2037362155
22.168,13.52365834,-0.594034481,-0.04397807185,0.4028961974,-0.06896152909,0.5956601677,0.4087554751,4.544581668e-05,4.554056063e-05,0.5530895182,0.3707376543,0.07617282749,0.1982784808,0.2036566138
22.192,13.50903289,-0.59396178,-0.04461745941,0.4029662332,-0.0696340917,0.5956352188,0.4089384939,0.0001120003094,7.638914291e-05,0.5529770137,0.3708023405,0.07622064581,0.1981956873,0.2035716429
22.216,13.49443905,-0.5938930095,-0.04525294292,0.4030324103,-0.07030419245,0.5956145864,0.4091183242,4.559723104e-05,3.535181938e-05,0.5528614428,0.3708556243,0.0762829329,0.1981047052,0.2034778199
22.24,13.47987671,-0.5938330081,-0.04588321867,0.4030899008,-0.07097185365,0.5956029812,0.4092902053,3.151395495e-05,2.538775241e-05,0.5527408148,0.3708861375,0.07637304769,0.1979979026,0.2033676648
22.264,13.46534576,-0.5937934826,-0.04650404261,0.4031270065,-0.071636362,0.5956117242,0.4094424889,2.500626171e-05,2.030519351e-05,0.5526084218,0.3708650391,0.07652653913,0.1978550952,0.203221887
22.288,13.45084611,-0.5938173935,-0.04709315335,0.4031009783,-0.07228974856,0.5956818462,0.4095316916,2.0557843e-05,1.654936571e-05,0.5524468152,0.3706917418,0.07686144301,0.1976099529,0.2029755351
22.312,13.43637764,-0.5941875188,-0.04718162002,0.4026838431,-0.0726763624,0.5960578099,0.409189603,1.652280903e-05,1.297549456e-05,0.5523837593,0.369904168,0.07771207267,0.1970988463,0.2024680366
22.336,13.42194028,-0.5929109645,-0.0483274059,0.403999633,-0.07329532246,0.5948772562,0.4105945783,1.187193685e-05,8.841015382e-06,0.552414345,0.372536172,0.07504948303,0.1985353948,0.2039482641
22.36,13.4075339,-0.5931080895,-0.04903875869,0.4038120966,-0.07417230997,0.5951319229,0.4105675838,5.330487545e-06,3.325322483e-06,0.5524598183,0.3721814739,0.07535870788,0.1982778126,0.203615733
22.384,13.39315842,-0.5931071822,-0.04966524527,0.4038107577,-0.07485755744,0.5951829686,0.4106906159,5.876336187e-06,6.520276329e-06,0.5523536183,0.3720891726,0.07555720914,0.1981108521,0.2034223906
22.408,13.37881373,-0.5930665722,-0.05028288942,0.4038499839,-0.07551767436,0.5951943616,0.4108500075,2.166852346e-05,2.307768359e-05,0.5522559434,0.3720924816,0.07565157505,0.1979996148,0.2032947524
22.432,13.36449973,-0.5930128478,-0.05089686044,0.4039029032,-0.07616863663,0.5951930174,0.4110221605,3.26268976e-05,4.540051304e-05,0.5521672647,0.3721329551,0.07569978021,0.1979125356,0.2031937366
22.456,13.35021633,-0.5929542003,-0.05150802884,0.4039611741,-0.0768142772,0.5951871644,0.4111995421,3.393697978e-05,4.992086963e-05,0.5520852567,0.3721908133,0.07572392999,0.1978374949,0.2031057474
22.48,13.33596343,-0.5928940631,-0.05211662095,0.4040212981,-0.07745596084,0.5951802351,0.4113789435,3.22694211e-05,4.36827278e-05,0.5520084588,0.3722575646,0.07573397663,0.1977689455,0.2030249275
22.504,13.32174093,-0.5928341911,-0.05272272819,0.4040814881,-0.0780943067,0.5951739781,0.4115587076,3.043540103e-05,3.830616828e-05,0.5519359841,0.3723288685,0.07573514746,0.1977039189,0.2029482972
22.528,13.30754874,-0.5927756236,-0.05332641258,0.4041406869,-0.07872965236,0.5951694265,0.4117378449,2.889579937e-05,3.457454329e-05,0.5518672594,0.3724021834,0.07573055728,0.1976406123,0.2028741292
22.552,13.29338675,-0.5927190523,-0.05392773395,0.4041981905,-0.07936221371,0.5951672667,0.411915693,2.764474768e-05,3.192498609e-05,0.5518018888,0.3724758466,0.07572226464,0.1975778126,0.2028013074
22.576,13.27925487,-0.5926649831,-0.05452675758,0.4042534834,-0.0799921498,0.5951680011,0.4120917651,2.661650152e-05,2.995103149e-05,0.5517395845,0.3725486647,0.07571175089,0.1975146342,0.2027290409
22.6,13.26515301,-0.5926138156,-0.05512355656,0.4043061575,-0.08061959264,0.5951720263,0.4122656761,2.575350856e-05,2.841326249e-05,0.5516801295,0.3726197131,0.07570015743,0.197450388,0.2026567245
22.624,13.25108106,-0.5925658838,-0.05571821216,0.4043558701,-0.08124466216,0.5951796752,0.4124371041,2.501317454e-05,2.716923446e-05,0.5516233579,0.37268823,0.07568841206,0.1973845115,0.2025838644
22.648,13.23703894,-0.5925214803,-0.05631081392,0.4044023199,-0.08186747437,0.5951912401,0.4126057679,2.436483596e-05,2.613055032e-05,0.5515691427,0.3727535557,0.07567730157,0.1973165298,0.2025100353
22.672,13.22302655,-0.5924808694,-0.05690145932,0.4044452328,-0.08248814604,0.5952069864,0.4127714144,2.378624319e-05,2.523983786e-05,0.5515173887,0.3728150934,0.0756675179,0.1972460315,0.2024348522
22.696,13.2090438,-0.5924442959,-0.05749025359,0.4044843537,-0.08310679768,0.5952271609,0.412933811,2.326093492e-05,2.445828539e-05,0.5514680273,0.3728722801,0.07565969257,0.1971726537,0.2023579473
22.72,13.19509058,-0.5924119908,-0.05807730939,0.4045194411,-0.08372355543,0.5952519976,0.4130927401,2.277644179e-05,2.375863956e-05,0.5514210128,0.3729245583,0.07565442888,0.1970960716,0.2022789458
22.744,13.18116681,-0.5923841741,-0.05866274655,0.4045502629,-0.08433855247,0.5952817211,0.4132479965,2.232307669e-05,2.312110598e-05,0.5513763191,0.372971342,0.07565233894,0.197015991,0.2021974348
22.768,13.1672724,-0.5923610581,-0.05924669179,0.4045765945,-0.08495193013,0.5953165491,0.4133993846,2.189311373e-05,2.253085251e-05,0.5513339361,0.3730119718,0.07565409209,0.1969321421,0.20211292
22.792,13.15340725,-0.5923428486,-0.05982927837,0.4045982167,-0.0855638389,0.5953566938,0.4135467174,2.148022157e-05,2.197643237e-05,0.5512938679,0.3730456528,0.07566047929,0.1968442746,0.2020247649
22.816,13.13957127,-0.5923297467,-0.0604106458,0.4046149144,-0.08617443947,0.5954023639,0.4136898149,2.107906379e-05,2.144875465e-05,0.5512561301,0.3730713777,0.07567249227,0.1967521546,0.2019321142
22.84,13.12576436,-0.5923219493,-0.06099093941,0.4046264753,-0.08678390392,0.5954537651,0.4138285037,2.068501019e-05,2.094039148e-05,0.5512207502,0.3730878533,0.07569139646,0.1966555634,0.2018338224
22.864,13.11198644,-0.5923196505,-0.06157030989,0.4046326883,-0.08739241737,0.595511101,0.4139626155,2.029392283e-05,2.044509842e-05,0.5511877718,0.3730934935,0.0757187347,0.1965542999,0.2017284461
22.888,13.09823742,-0.5923230423,-0.06214891268,0.4046333416,-0.08800018002,0.5955745745,0.4140919859,1.990199287e-05,1.995747379e-05,0.5511572645,0.3730865948,0.07575614065,0.1964481903,0.2016144216
22.912,13.0845172,-0.5923323157,-0.06272690726,0.40462822,-0.08860741038,0.5956443881,0.4142164526,1.950561266e-05,1.947271069e-05,0.5511293457,0.3730658126,0.07580484168,0.1963371082,0.2014905426
22.936,13.07082569,-0.5923476618,-0.06330445608,0.4046171008,-0.08921434982,0.5957207455,0.4143358522,1.910127268e-05,1.898641327e-05,0.5511042155,0.3730308509,0.07586493361,0.1962210085,0.2013566521
22.96,13.0571628,-0.5923692732,-0.0638817233,0.4045997454,-0.08982126987,0.5958038523,0.4144500144,1.868547671e-05,1.849445878e-05,0.5510822087,0.3729829055,0.07593488586,0.1960999779,0.2012140907
22.984,13.04352845,-0.5923973461,-0.06445887281,0.4045758866,-0.09042848367,0.5958939184,0.4145587517,1.825467164e-05,1.799289512e-05,0.5510638569,0.3729243512,0.07601179194,0.1959742946,0.2010653922
23.008,13.02992255,-0.5924320825,-0.06503606557,0.4045452024,-0.09103636485,0.5959911595,0.4146618388,1.780519084e-05,1.747786857e-05,0.5510499445,0.3728577936,0.07609226189,0.1958444819,0.2009133528
23.032,13.016345,-0.5924736937,-0.06561345558,0.404507264,-0.0916453791,0.5960958005,0.4147589688,1.733321326e-05,1.694558185e-05,0.551041528,0.3727851912,0.07617328079,0.1957113244,0.2007601888
23.056,13.00279571,-0.5925224049,-0.06619118373,0.4044614207,-0.09225613677,0.5962080787,0.4148496542,1.68347442e-05,1.639228803e-05,0.5510398928,0.3727074901,0.07625261712,0.1955758194,0.2006072542
23.08,12.98927461,-0.5925784613,-0.06676936834,0.4044065221,-0.09286947249,0.5963282497,0.4149329753,1.630562993e-05,1.581433323e-05,0.5510464402,0.3726245752,0.07632898457,0.1954390586,0.2004552009
23.104,12.9757816,-0.592642137,-0.06734808966,0.4043401641,-0.09348649683,0.5964565933,0.4150068594,1.574162806e-05,1.520827243e-05,0.5510625381,0.3725349544,0.07640250753,0.1953020701,0.2003042608
23.128,12.96231659,-0.5927137462,-0.06792736422,0.4042563926,-0.09410801063,0.5965934225,0.415065716,1.513857165e-05,1.457109958e-05,0.5510893916,0.3724340143,0.07647659412,0.1951656797,0.2001544654
23.152,12.94887949,-0.5927936574,-0.06850710038,0.4041389913,-0.09472775286,0.5967390912,0.415092365,1.449269254e-05,1.390066184e-05,0.5511279784,0.3723074438,0.07656457781,0.1950304352,0.2000057721
23.176,12.93547023,-0.592882308,-0.06908701882,0.4039738504,-0.09528543286,0.5968940001,0.4150592555,1.380121636e-05,1.319637412e-05,0.5511790522,0.3721323045,0.07668864332,0.1948966047,0.1998581188
23.2,12.92208871,-0.5929802071,-0.0696665047,0.4039291125,-0.09575980082,0.5970585799,0.4151248817,1.30634221e-05,1.246042492e-05,0.5512431845,0.372040107,0.07671670844,0.1947642365,0.1997114395
23.224,12.90873484,-0.5930878822,-0.07024432504,0.4039299529,-0.09637195659,0.5972332051,0.4152673366,1.2282495e-05,1.169978004e-05,0.5513206594,0.372012619,0.07666672159,0.194633158,0.199565658
23.248,12.89540855,-0.5932056186,-0.07081808493,0.4038642449,-0.09701625054,0.5974178664,0.4153534413,1.146871729e-05,1.092944285e-05,0.5514112664,0.3719391478,0.07664958577,0.1945031592,0.1994206665
23.272,12.88210975,-0.5933324729,-0.07138326237,0.4037687077,-0.09765544533,0.5976110722,0.4154103457,1.064482376e-05,1.017753426e-05,0.5515129047,0.3718420623,0.076645033,0.194373911,0.1992763068
23.296,12.86883834,-0.5934629403,-0.07193220361,0.4036580442,-0.09829098992,0.5978064096,0.4154526873,9.854464713e-06,9.492436209e-06,0.5516175461,0.3717332915,0.07664916242,0.1942450426,0.199132356
23.32,12.85559425,-0.5935781111,-0.0724578135,0.4035366362,-0.09892573004,0.5979842044,0.4154853991,9.173616633e-06,8.95038968e-06,0.5517012523,0.3716166095,0.07668213825,0.1941161435,0.1989884926
23.344,12.8423774,-0.5936406812,-0.07298002313,0.4034059645,-0.09956148163,0.5981098078,0.4155103619,8.719534179e-06,8.656738415e-06,0.5517221078,0.3714931455,0.07678474669,0.1939867656,0.1988442847
23.368,12.82918769,-0.5936555576,-0.07357275584,0.4032665895,-0.100199396,0.5981971844,0.415528412,8.639923167e-06,8.727340603e-06,0.5516962928,0.3713630402,0.07694066698,0.1938564212,0.198699179
23.392,12.81602505,-0.593714026,-0.07425064488,0.4031187369,-0.1008402649,0.5983389532,0.4155399801,9.061463507e-06,9.244087609e-06,0.551734082,0.3712259704,0.07703994759,0.193724579,0.1985524953
23.416,12.80288939,-0.5938438602,-0.07494157023,0.402962497,-0.101484682,0.5985538984,0.4155453221,1.001911515e-05,1.021146088e-05,0.551857426,0.3710813434,0.07706123061,0.1935906567,0.1984034286
23.44,12.78978063,-0.5940115662,-0.07561440557,0.4027979028,-0.102133124,0.5988048757,0.4155446132,1.143457116e-05,1.155234211e-05,0.5520212914,0.3709283839,0.0770503247,0.1934540121,0.1982510582
23.464,12.77669869,-0.5941949474,-0.0762724587,0.4026249629,-0.1027859924,0.5990702158,0.4155379898,1.315533828e-05,1.313570626e-05,0.552199051,0.370766183,0.07703476602,0.1933139274,0.1980943618
23.488,12.76364348,-0.5943861709,-0.07692315307,0.4024436768,-0.1034436308,0.5993430501,0.4155255681,1.499813838e-05,1.480145207e-05,0.5523816724,0.3705937288,0.07702459878,0.1931695805,0.1979322309
23.512,12.75061492,-0.5945829836,-0.07757148203,0.4022540428,-0.1041063271,0.5996217635,0.4155074515,1.676709832e-05,1.636821133e-05,0.5525662508,0.3704099189,0.07702383035,0.1930199912,0.1977634764
23.536,12.73761293,-0.5947847197,-0.07822026528,0.4020560611,-0.1047742964,0.5999060532,0.4154837294,1.824902376e-05,1.762422931e-05,0.5527511786,0.3702135338,0.07703528761,0.1928639056,0.197586804
23.56,12.72463744,-0.5949908525,-0.07887086547,0.4018497352,-0.1054476293,0.6001955747,0.4154544646,1.917489609e-05,1.828828871e-05,0.5529342574,0.3700031091,0.07706263349,0.1926995291,0.1974006966
23.584,12.71168835,-0.5952001984,-0.07952338688,0.4016350686,-0.1061261537,0.6004891716,0.4154196538,1.907604739e-05,1.787930801e-05,0.5531110708,0.369776497,0.07711243214,0.1925238253,0.1972030079
23.608,12.69876559,-0.5954095928,-0.08017588795,0.4014120481,-0.1068090097,0.600783452,0.4153791002,1.668587251e-05,1.524634406e-05,0.5532710642,0.36952926,0.07719967579,0.1923303077,0.1969894629
23.632,12.68586908,-0.5956090672,-0.08081978317,0.4011805444,-0.1074929412,0.6010673825,0.4153318692,7.856641409e-06,7.635101392e-06,0.5533818088,0.3692470203,0.0773711709,0.1920998104,0.1967464586
23.656,12.67299873,-0.5957503172,-0.08139935964,0.400939119,-0.1081603013,0.6012855364,0.4152719927,4.563174618e-05,4.05612845e-05,0.553281015,0.3688427906,0.07787619447,0.1917367166,0.196391961
23.68,12.66015448,-0.5975364674,-0.08175727242,0.3992157521,-0.109148116,0.603103707,0.4138677663,4.282932323e-05,5.124775393e-05,0.5538633049,0.3660187689,0.08011792616,0.1901292217,0.1947322383
23.704,12.64733623,-0.5966530141,-0.08304207064,0.4004333411,-0.1097321563,0.6024041872,0.4151963472,3.885068499e-05,4.40042909e-05,0.5544543499,0.3683264595,0.07721919057,0.1915635437,0.1959384508
23.728,12.63454391,-0.5968200271,-0.0837046463,0.4001724868,-0.1104244431,0.6026612751,0.4151283859,3.714853506e-05,4.074509505e-05,0.5546966713,0.3681511871,0.07715214161,0.1914960573,0.1958196086
23.752,12.62177745,-0.5970572929,-0.08439703516,0.3999012196,-0.1111486377,0.6029927616,0.4150602428,3.627752928e-05,3.904382539e-05,0.5548777405,0.3678558727,0.07726638689,0.1912774686,0.195580866
23.776,12.60903676,-0.5973184055,-0.08510532628,0.399621612,-0.1118876827,0.6033508052,0.4149895015,3.576560307e-05,3.80112245e-05,0.5550710868,0.3675314132,0.07739750006,0.1910388914,0.1953151254
23.8,12.59632176,-0.5975935777,-0.08582581426,0.3993340186,-0.1126383847,0.6037252309,0.4149157314,3.5432367e-05,3.73114188e-05,0.5552730812,0.3671904687,0.07753645007,0.1907889255,0.1950354032
23.824,12.58363239,-0.5978794575,-0.08655729794,0.399038603,-0.1133998857,0.6041125818,0.4148389335,3.519897828e-05,3.679802108e-05,0.5554801443,0.3668366824,0.07768317328,0.1905281316,0.1947453403
23.848,12.57096855,-0.5981745572,-0.08729940132,0.3987354906,-0.1141719969,0.6045113616,0.4147592511,3.502768009e-05,3.640002847e-05,0.5556902204,0.366471837,0.07783794264,0.1902562328,0.1944465993
23.872,12.55833018,-0.5984780874,-0.08805208207,0.3984247995,-0.1149547805,0.6049208133,0.4146768892,3.489919079e-05,3.60801547e-05,0.5559022019,0.3660971837,0.07800061441,0.1899730104,0.19414026
23.896,12.54571719,-0.5987895652,-0.08881545301,0.3981066494,-0.1157484093,0.6053405059,0.4145920869,3.480317837e-05,3.581754879e-05,0.5561155857,0.3657137744,0.07817063993,0.1896784563,0.1938271745
23.92,12.53312952,-0.5991086563,-0.08958970676,0.3977811644,-0.116553111,0.605770169,0.4145051054,3.473388943e-05,3.559991222e-05,0.5563303071,0.3653225566,0.07834713634,0.1893728082,0.1935080729
23.944,12.52056707,-0.5994351037,-0.09037508016,0.3974484744,-0.1173691426,0.6062096161,0.4144162225,3.468801515e-05,3.541963724e-05,0.5565466585,0.3649244006,0.07852894095,0.1890565587,0.1931835939
23.968,12.50802979,-0.5997686915,-0.091171836,0.3971087155,-0.1181967774,0.6066587072,0.4143257295,3.466360093e-05,3.527180829e-05,0.5567652432,0.3645201043,0.07871465253,0.188730455,0.1928542929
23.992,12.49551759,-0.6001092266,-0.09198025297,0.3967620299,-0.1190362985,0.6071173287,0.41423393,3.465947012e-05,3.515312199e-05,0.5569869371,0.3641103924,0.0789026705,0.1883954851,0.1925206424
24.016,12.4830304,-0.6004565268,-0.09280061982,0.3964085664,-0.1198879943,0.6075853814,0.4141411386,3.467491194e-05,3.506128228e-05,0.5572128451,0.3636959141,0.07909124087,0.1880528482,0.1921830301
24.04,12.47056814,-0.6008104153,-0.09363323176,0.3960484797,-0.1207521569,0.6080627741,0.4140476804,3.470950951e-05,3.499465152e-05,0.5574442448,0.3632772413,0.07927851387,0.1877039064,0.1918417584
24.064,12.45813073,-0.601170716,-0.09447838817,0.3956819309,-0.1216290798,0.6085494192,0.4139538905,3.476304425e-05,3.49520439e-05,0.5576825165,0.3628548691,0.07946261442,0.1873501197,0.1914970444
24.088,12.44571812,-0.6015372517,-0.09533639112,0.3953090869,-0.1225190577,0.6090452304,0.4138601136,3.483544276e-05,3.493260041e-05,0.5579290608,0.3624292163,0.07964172288,0.1869929669,0.1911490214
24.112,12.43333021,-0.6019098419,-0.09620754428,0.3949301204,-0.1234223853,0.6095501205,0.4137667039,3.492674765e-05,3.493571167e-05,0.5581852113,0.3620006286,0.07981416016,0.1866338607,0.1907977421
24.136,12.42096694,-0.6022883022,-0.09709215222,0.3945452102,-0.1243393576,0.6100640007,0.4136740247,3.50371024e-05,3.496096972e-05,0.558452149,0.3615693815,0.07997846947,0.1862740628,0.1904431816
24.16,12.40862823,-0.6026724433,-0.09799051985,0.3941545401,-0.1252702688,0.61058678,0.4135824485,3.516674433e-05,3.500813763e-05,0.5587308284,0.3611356852,0.08013348638,0.1859146113,0.1900852423
24.184,12.39631401,-0.6030620707,-0.09890295203,0.3937582997,-0.126215413,0.6111183642,0.4134923567,3.531600257e-05,3.507713052e-05,0.5590219209,0.3606996887,0.08027839038,0.1855562646,0.1897237585
24.208,12.38402421,-0.6034569846,-0.09982975322,0.3933566837,-0.1271750836,0.6116586564,0.4134041394,3.548529929e-05,3.516800426e-05,0.5593257813,0.3602614854,0.08041273334,0.1851994681,0.1893585016
24.232,12.37175875,-0.6038569795,-0.1007712273,0.3929498921,-0.1281495736,0.6122075563,0.4133181957,3.567515311e-05,3.528094933e-05,0.5596424379,0.3598211183,0.08053644383,0.1848443446,0.1889891862
24.256,12.35951756,-0.6042618442,-0.1017276773,0.3925381298,-0.1291391754,0.6127649604,0.4132349332,3.588618431e-05,3.541628857e-05,0.5599716049,0.3593785859,0.08064980916,0.1844907069,0.1886154747
24.28,12.34730058,-0.6046713619,-0.1026994055,0.3921216066,-0.1301441813,0.6133307621,0.4131547679,3.611912143e-05,3.557447805e-05,0.560312713,0.3589338475,0.08075343952,0.1841380879,0.1882369839
24.304,12.33510772,-0.6050853101,-0.1036867128,0.391700537,-0.1311648831,0.6139048517,0.4130781249,3.63748094e-05,3.575611049e-05,0.5606649515,0.3584868287,0.08084821973,0.1837857833,0.1878532902
24.328,12.32293892,-0.6055034608,-0.1046898994,0.3912751405,-0.1322015724,0.6144871163,0.4130054374,3.665421919e-05,3.596192111e-05,0.5610273177,0.3580374277,0.08093525457,0.1834329003,0.1874639351
24.352,12.3107941,-0.6059255807,-0.1057092639,0.3908456408,-0.1332545411,0.6150774405,0.4129371474,3.695845904e-05,3.619279579e-05,0.5613986671,0.3575855201,0.08101581283,0.183078408,0.1870684311
24.376,12.2986732,-0.606351431,-0.106745104,0.3904122666,-0.1343240812,0.6156757062,0.4128737055,3.728878769e-05,3.644978168e-05,0.5617777613,0.3571309646,0.08109127403,0.1827211848,0.1866662666
24.4,12.28657615,-0.6067807682,-0.1077977161,0.3899752506,-0.1354104851,0.6162817929,0.4128155709,3.764662963e-05,3.673410048e-05,0.5621633105,0.356673609,0.08116308051,0.1823600609,0.1862569121
24.424,12.27450287,-0.6072133433,-0.1088673956,0.3895348302,-0.136514046,0.616895578,0.4127632114,3.8033593e-05,3.704716446e-05,0.5625540091,0.3562132946,0.0812326963,0.1819938535,0.1858398245
24.448,12.26245329,-0.6076489032,-0.1099544365,0.3890912474,-0.1376350578,0.6175169372,0.412717104,3.845149031e-05,3.739059599e-05,0.5629485647,0.3557498623,0.08130157303,0.1816213955,0.185414453
24.472,12.25042735,-0.6080871898,-0.1110591322,0.3886447482,-0.1387738158,0.6181457444,0.4126777341,3.890236261e-05,3.776625068e-05,0.56334572,0.3552831573,0.08137112269,0.1812415572,0.1849802436
24.496,12.23842497,-0.608527941,-0.112181775,0.3881955833,-0.1399306165,0.6187818724,0.4126455965,3.938850775e-05,3.817624502e-05,0.5637442694,0.3548130343,0.08144269626,0.1808532622,0.1845366445
24.52,12.22644608,-0.6089708905,-0.1133226565,0.3877440078,-0.1411057582,0.6194251932,0.4126211951,3.991251333e-05,3.862298923e-05,0.5641430699,0.3543393627,0.08151756741,0.1804554983,0.1840831106
24.544,12.21449063,-0.6094157682,-0.1144820677,0.3872902813,-0.1422995414,0.620075578,0.412605043,4.047729534e-05,3.910922627e-05,0.5645410487,0.3538620311,0.08159692014,0.1800473247,0.1836191081
24.568,12.20255853,-0.6098623005,-0.1156602995,0.3868346681,-0.1435122688,0.6207328978,0.4125976632,4.108614358e-05,3.963807823e-05,0.5649372082,0.3533809523,0.0816818395,0.1796278761,0.1831441191
24.592,12.19064972,-0.6103102102,-0.1168576427,0.3863774369,-0.1447442455,0.6213970239,0.4125995884,4.174277499e-05,4.021310165e-05,0.5653306277,0.3528960677,0.08177330459,0.1791963646,0.1826576458
24.616,12.17876414,-0.6107592173,-0.1180743883,0.3859188615,-0.1459957801,0.622067828,0.4126113613,4.245139671e-05,4.083835355e-05,0.5657204649,0.3524073518,0.08187218326,0.1787520804,0.1821592147
24.64,12.1669017,-0.6112090388,-0.119310828,0.3854592205,-0.147267184,0.6227451829,0.412633535,4.321678058e-05,4.15184706e-05,0.5661059557,0.3519148164,0.08197922793,0.1782943911,0.1816483805
24.664,12.15506236,-0.611659389,-0.1205672545,0.3849987978,-0.1485587728,0.6234289623,0.4126666733,4.404435167e-05,4.22587643e-05,0.5664864134,0.3514185143,0.08209507233,0.1778227404,0.1811247292
24.688,12.14324603,-0.61210998,-0.1218439623,0.3845378823,-0.1498708656,0.6241190421,0.4127113511,4.494029342e-05,4.30653358e-05,0.5668612278,0.3509185433,0.08222022883,0.1773366471,0.1805878822
24.712,12.13145265,-0.6125605214,-0.1231412475,0.3840767689,-0.1512037864,0.6248153001,0.4127681546,4.591167322e-05,4.394521518e-05,0.5672298639,0.3504150498,0.08235508635,0.1768357026,0.1800374984
24.736,12.11968216,-0.6130107211,-0.1244594091,0.3836157579,-0.1525578636,0.6255176166,0.4128376818,4.696659241e-05,4.490653087e-05,0.5675918603,0.3499082311,0.08249990861,0.1763195694,0.1794732776
24.76,12.10793449,-0.6134602851,-0.1257987492,0.383155156,-0.1539334311,0.6262258751,0.4129205429,4.811436596e-05,4.595871681e-05,0.5679468281,0.349398339,0.08265483292,0.1757879791,0.1788949621
24.784,12.09620957,-0.6139089175,-0.127159574,0.3826952762,-0.155330828,0.6269399622,0.413017361,4.936573794e-05,4.711276681e-05,0.5682944488,0.3488856818,0.08281986936,0.1752407301,0.1783023391
24.808,12.08450734,-0.6143563212,-0.1285421943,0.3822364381,-0.1567503995,0.6276597686,0.4131287722,5.073313985e-05,4.838154828e-05,0.5686344733,0.3483706262,0.08299490048,0.1746776856,0.1776952415
24.832,12.07282772,-0.6148021973,-0.1299469266,0.3817789688,-0.1581924973,0.6283851889,0.4132554261,5.2231e-05,4.978019055e-05,0.5689667194,0.3478535991,0.08317968155,0.174098771,0.1770735494
24.856,12.06117066,-0.6152462457,-0.1313740939,0.3813232026,-0.1596574793,0.6291161224,0.4133979869,5.387611238e-05,5.132656733e-05,0.5692910702,0.3473350884,0.0833738414,0.1735039719,0.1764371902
24.88,12.04953609,-0.6156881647,-0.1328240266,0.3808694821,-0.161145711,0.6298524733,0.4135571333,5.568807335e-05,5.304189739e-05,0.5696074721,0.346815644,0.08357688396,0.1728933308,0.1757861386
24.904,12.03792395,-0.6161276509,-0.134297064,0.380418158,-0.162657565,0.6305941512,0.4137335597,5.768979122e-05,5.495149293e-05,0.5699159319,0.3462958776,0.0837881905,0.172266945,0.1751204161
24.928,12.02633416,-0.6165643993,-0.1357935548,0.3799695903,-0.1641934221,0.6313410711,0.4139279761,5.99080667e-05,5.708569004e-05,0.5702165147,0.3457764627,0.0840070226,0.1716249631,0.17444009
24.952,12.01476667,-0.6169981029,-0.1373138593,0.3795241484,-0.1657536709,0.6320931537,0.4141411096,6.237422553e-05,5.948099765e-05,0.5705093404,0.3452581337,0.08423252599,0.1709675815,0.1737452714
24.976,12.00322141,-0.6174284524,-0.1388583498,0.3790822118,-0.167338709,0.6328503261,0.4143737043,6.512475036e-05,6.218149575e-05,0.5707945805,0.3447416842,0.08446373524,0.1702950411,0.1730361136
25,11.99169832,-0.6178551356,-0.1404274128,0.3786441704,-0.1689489428,0.633612521,0.4146265224,6.820179215e-05,6.524048774e-05,0.5710724548,0.3442279659,0.08469957921,0.1696076234,0.1723128086
25.024,11.98019733,-0.6182778368,-0.1420214501,0.3782104259,-0.1705847879,0.6343796779,0.4149003448,7.165331185e-05,6.872234002e-05,0.5713432268,0.3437178856,0.08493888757,0.168905646,0.1715755848
25.048,11.96871838,-0.6186962363,-0.1436408806,0.3777813915,-0.1722466697,0.6351517421,0.4151959718,7.553236119e-05,7.270426913e-05,0.5716071994,0.3432124025,0.08518039811,0.1681894582,0.1708247022
25.072,11.95726141,-0.6191100094,-0.1452861422,0.3773574933,-0.1739350237,0.635928665,0.4155142239,7.989456641e-05,7.727744407e-05,0.5718647099,0.3427125251,0.08542276507,0.1674594366,0.1700604489
25.096,11.94582635,-0.6195188252,-0.1469576933,0.3769391707,-0.1756502955,0.6367104039,0.4158559422,8.479209135e-05,8.254591773e-05,0.5721161247,0.342219307,0.08566456832,0.166715979,0.1692831355
25.12,11.93441314,-0.6199223454,-0.1486560148,0.376526877,-0.1773929414,0.6374969216,0.4162219898,9.026104715e-05,8.862010331e-05,0.5723618333,0.3417338431,0.08590432364,0.1659595001,0.1684930905
25.144,11.92302171,-0.6203202228,-0.150381612,0.3761210804,-0.1791634289,0.6382881858,0.4166132516,9.62974058e-05,9.559791235e-05,0.5726022419,0.3412572642,0.08614049398,0.1651904245,0.1676906537
25.168,11.91165202,-0.6207120996,-0.152135017,0.3757222647,-0.1809622363,0.6390841682,0.4170306357,0.0001028145262,0.0001035201282,0.5728377657,0.3407907321,0.08637150218,0.1644091811,0.1668761703
25.192,11.90030399,-0.6210976053,-0.1539167901,0.3753309296,-0.1827898537,0.639884844,0.4174750739,0.0001095761303,0.0001122772306,0.5730688201,0.3403354339,0.08659574605,0.1636161945,0.1660499839
25.216,11.88897755,-0.6214763544,-0.1557275224,0.3749475922,-0.1846467831,0.6406901906,0.4179475223,0.0001161096315,0.0001214410645,0.5732958093,0.3398925747,0.086811616,0.1628118755,0.1652124286
25.24,11.87767266,-0.6218479439,-0.1575678376,0.374572787,-0.1865335383,0.6415001861,0.4184489618,0.0001216392003,0.0001300314731,0.5735191179,0.3394633713,0.08701751087,0.1619966143,0.1643638207
25.264,11.86638925,-0.6222119501,-0.1594383941,0.3742070669,-0.1884506456,0.6423148078,0.418980399,0.0001251364269,0.0001363774777,0.5737391113,0.3390490436,0.08721184509,0.1611707833,0.1635044503
25.288,11.85512725,-0.6225679254,-0.1613398869,0.3738510037,-0.1903986438,0.6431340303,0.4195428662,0.0001256037094,0.0001384710134,0.5739561278,0.3386508071,0.08739306506,0.1603347312,0.1626345714
25.312,11.84388662,-0.6229153947,-0.1632730496,0.3735051889,-0.192378085,0.6439578229,0.4201374224,0.0001225456844,0.0001350524869,0.5741704547,0.3382698637,0.08755968154,0.159488762,0.1617543918
25.336,11.83266727,-0.6232538511,-0.165238656,0.3731702337,-0.1943895342,0.6447861477,0.4207651534,0.0001162929392,0.0001266276754,0.5743823114,0.3379073924,0.08771029615,0.1586331216,0.160864062
25.36,11.82146916,-0.6235827512,-0.1672375212,0.37284677,-0.1964335704,0.6456189558,0.4214271722,0.0001078517775,0.0001151622118,0.5745918378,0.3375645384,0.08784362383,0.15776799,0.1599636637
25.384,11.81029223,-0.6239015106,-0.1692705035,0.37253545,-0.1985107865,0.6464561844,0.4221246189,9.841277838e-05,0.000102799051,0.5747990797,0.3372424008,0.08795851949,0.1568934717,0.1590531964
25.408,11.79913641,-0.6242094983,-0.1713385044,0.3722369467,-0.2006217903,0.6472977529,0.4228586611,8.893521281e-05,9.098419362e-05,0.5750039719,0.3369420194,0.08805400873,0.1560095831,0.1581325639
25.432,11.78800165,-0.6245060309,-0.1734424693,0.3719519536,-0.2027672053,0.6481435587,0.4236304939,8.000837973e-05,8.039094957e-05,0.5752063174,0.3366643606,0.08812932197,0.1551162383,0.1572015588
25.456,11.77688788,-0.6247903664,-0.1755833873,0.3716811843,-0.2049476709,0.6489934729,0.4244413394,7.190781571e-05,7.119131071e-05,0.5754057659,0.336410302,0.08818393205,0.1542132329,0.1562598464
25.48,11.76579505,-0.6250616983,-0.1777622903,0.3714253719,-0.2071638447,0.6498473348,0.425292447,6.470727569e-05,6.331359191e-05,0.575601789,0.3361806155,0.08821759549,0.1533002262,0.1553069461
25.504,11.7547231,-0.6253191486,-0.1799802509,0.3711852681,-0.2094164028,0.6507049472,0.4261850924,5.837290235e-05,5.659666533e-05,0.5757936535,0.3359759485,0.08823039799,0.1523767217,0.1543422123
25.528,11.74367197,-0.6255617612,-0.1822383804,0.3709616413,-0.2117060429,0.6515660706,0.4271205777,5.28235318e-05,5.086414322e-05,0.5759803923,0.3357968035,0.08822280412,0.1514420452,0.1533648131
25.552,11.73264159,-0.6257884956,-0.1845378247,0.3707552755,-0.2140334857,0.6524304177,0.4281002304,4.796389109e-05,4.595432101e-05,0.5761607727,0.3356435158,0.0881957115,0.1504953204,0.1523737064
25.576,11.72163192,-0.6259982205,-0.18687976,0.3705669672,-0.2163994791,0.6532976479,0.4291254033,4.370082758e-05,4.172925482e-05,0.5763332615,0.3355162292,0.08815050937,0.1495354428,0.1513676157
25.6,11.71064289,-0.6261897084,-0.1892653864,0.3703975229,-0.2188048015,0.6541673619,0.4301974734,3.995015966e-05,3.807509119e-05,0.5764959885,0.3354148702,0.08808914134,0.1485610495,0.1503450026
25.624,11.69967445,-0.6263616311,-0.1916959212,0.370247755,-0.2212502674,0.6550390974,0.4313178421,3.663876527e-05,3.489926851e-05,0.5766467079,0.3353391205,0.08801417163,0.1475704875,0.1493040384
25.648,11.68872653,-0.6265125562,-0.1941725901,0.3701184774,-0.2237367342,0.6559123248,0.4324879345,3.370444679e-05,3.212699468e-05,0.5767827579,0.3352883884,0.0879288537,0.1465617789,0.1482425738
25.672,11.67779908,-0.6266409469,-0.1966966175,0.3700105003,-0.2262651102,0.6567864461,0.4337092003,3.109488238e-05,2.969793339e-05,0.5769010209,0.3352617797,0.08783719945,0.1455325842,0.1471581084
25.696,11.66689205,-0.6267451629,-0.1992692158,0.3699246236,-0.2288363657,0.6576607938,0.4349831139,2.876630464e-05,2.756339387e-05,0.5769978844,0.3352580694,0.08774404619,0.1444801639,0.1460477593
25.72,11.65600537,-0.6268234661,-0.2018915743,0.3698616297,-0.2314515465,0.658534635,0.4363111774,2.668220002e-05,2.568406111e-05,0.5770692068,0.3352756759,0.08765511728,0.1434013406,0.1449082317
25.744,11.64513898,-0.6268740303,-0.2045648472,0.369822275,-0.234111791,0.6594071782,0.4376949232,2.481214891e-05,2.402821082e-05,0.5771102903,0.335312639,0.08757707071,0.142292463,0.1437357927
25.768,11.63429284,-0.6268949567,-0.2072901432,0.3698072802,-0.236818352,0.6602775858,0.4391359201,2.313084362e-05,2.257033087e-05,0.5771158656,0.3353666065,0.08751752791,0.1411493748,0.1425262496
25.792,11.62346689,-0.6268842964,-0.2100685165,0.3698173199,-0.2395726241,0.6611449937,0.4406357819,2.161728473e-05,2.129007509e-05,0.5770800957,0.3354348324,0.0874850719,0.1399673926,0.1412749396
25.816,11.61266106,-0.6268400808,-0.2129009616,0.3698530109,-0.2423761782,0.6620085394,0.4421961798,2.025414265e-05,2.017148909e-05,0.5769966059,0.3355141927,0.08748920138,0.1387412992,0.1399767309
25.84,11.60187531,-0.6267603627,-0.2157884145,0.3699149004,-0.2452308049,0.6628674016,0.4438188608,1.902726888e-05,1.920246296e-05,0.5768585508,0.3356012263,0.08754022284,0.1374653583,0.1386260448
25.864,11.59110957,-0.6266432682,-0.2187317635,0.3700034537,-0.2481385698,0.6637208524,0.445505674,1.792534512e-05,1.83743818e-05,0.5766587307,0.3356922101,0.08764905921,0.1361333605,0.1372169042
25.888,11.5803638,-0.6264870612,-0.2217318733,0.3701190432,-0.2511018825,0.6645683271,0.447258607,1.693966541e-05,1.76819596e-05,0.5763897718,0.3357832792,0.08782694894,0.1347387101,0.1357430174
25.912,11.56963793,-0.6262902227,-0.2247896301,0.3702619399,-0.2541235839,0.6654095137,0.4490798371,1.606405627e-05,1.712325897e-05,0.5760443872,0.3358706067,0.08808500613,0.133274566,0.1341979063
25.936,11.55893191,-0.6260515447,-0.2279060142,0.3704323093,-0.2572070572,0.6662444656,0.4509718019,1.52949539e-05,1.669991777e-05,0.5756157332,0.3359506568,0.08843361003,0.131734045,0.1325750904
25.96,11.54824569,-0.6257702375,-0.2310822109,0.3706302161,-0.260356367,0.6670737428,0.4529372969,1.463167693e-05,1.64176308e-05,0.5750978772,0.3360205297,0.08888159313,0.1301104986,0.1308683344
25.984,11.5375792,-0.6254460505,-0.2343197742,0.3708556428,-0.2635764356,0.6678985841,0.4549796097,1.40769632e-05,1.628697325e-05,0.5744863839,0.3360784137,0.08943520234,0.1283978651,0.1290719683
26.008,11.52693241,-0.6250793993,-0.2376208602,0.3711085307,-0.2668732661,0.6687211143,0.4571027037,1.363788589e-05,1.632471759e-05,0.5737790194,0.3361241609,0.09009681963,0.1265910906,0.1271812789
26.032,11.51630524,-0.6246714908,-0.2409885547,0.3713888562,-0.2702542238,0.6695445877,0.4593114717,1.332734273e-05,1.655590531e-05,0.5729765552,0.3361599966,0.09086344825,0.1246866001,0.1251929683
26.056,11.50569765,-0.6242244279,-0.2444273249,0.3716967617,-0.2737283901,0.6703736671,0.4616120819,1.316644736e-05,1.701713546e-05,0.5720836316,0.3361913678,0.0917250006,0.1226827779,0.1231056534
26.08,11.49510959,-0.6237412654,-0.2479436336,0.37203277,-0.2773070072,0.6712147284,0.4640124548,1.318840469e-05,1.776191087e-05,0.5711096109,0.3362279251,0.09266246397,0.1205803991,0.1209203665
26.104,11.48454099,-0.6232259669,-0.2515467657,0.372398128,-0.28100403,0.6720761721,0.4665229154,1.344495304e-05,1.886964217e-05,0.5700693096,0.3362846181,0.09364607234,0.1183829282,0.1186409871
26.128,11.47399181,-0.6226831809,-0.255249925,0.3727953433,-0.2848368023,0.6729686976,0.4691570866,1.401754016e-05,2.046152231e-05,0.5689834481,0.3363828734,0.09463367851,0.11609658,0.1162745011
26.152,11.46346199,-0.6221177045,-0.2590716664,0.373229016,-0.2888268654,0.6739054582,0.471933106,1.503795725e-05,2.273017339e-05,0.5678785848,0.336551806,0.09556960913,0.113730018,0.1138309489
26.176,11.45295148,-0.6215334202,-0.2630377233,0.3737071096,-0.2930008822,0.6749019457,0.4748752686,1.672977589e-05,2.599920102e-05,0.5667861846,0.336829399,0.09638441636,0.1112935481,0.1113228776
26.2,11.44246023,-0.6209313654,-0.2671832467,0.3742428699,-0.2973916082,0.6759753308,0.4780162071,1.950107665e-05,3.085466401e-05,0.5657402854,0.3372635572,0.09699615735,0.1087976372,0.108764062
26.224,11.43198818,-0.6203064141,-0.2715553594,0.3748576764,-0.3020387315,0.6771427919,0.4813997018,2.418314503e-05,3.847445201e-05,0.5647729304,0.3379128714,0.09731419818,0.1062505692,0.1061671971
26.248,11.42153528,-0.6196418114,-0.2762156404,0.3755851738,-0.3069891903,0.6784180528,0.4850841017,3.277659528e-05,5.16149599e-05,0.5639061531,0.338846762,0.09724708489,0.1036550976,0.1035401736
26.272,11.41110148,-0.6189005887,-0.2812415514,0.3764770063,-0.3122962022,0.6798049344,0.4891460459,5.161374467e-05,7.849468032e-05,0.5631387438,0.3401442844,0.09671697184,0.1010039922,0.100880424
26.296,11.40068672,-0.6180129639,-0.2867246553,0.3776101702,-0.3180156229,0.6812863213,0.4936834786,0.0001150527288,0.0001570542816,0.5624240851,0.3418900966,0.09568581838,0.09827302028,0.09816669481
26.31078971,11.39427821,-0.6173439782,-0.2903735417,0.3784749558,-0.3217679068,0.6822245827,0.4967674284,0.0002753701561,0.0003160699176,0.5619615009,0.3432248612,0.09481363798,0.09653104382,0.0964468833
26.32,11.39029096,-0.6168599662,-0.2927615975,0.3790949335,-0.3241974676,0.6828071257,0.4988155637,0.0002434658117,0.0003683022497,0.5616405764,0.3441647298,0.0941946938,0.09541494632,0.09534762756
26.344,11.37991414,-0.6152573982,-0.2994317801,0.3810795348,-0.3308700586,0.6842521882,0.5046747542,7.95116111e-05,0.0001334719201,0.5605512887,0.3470238934,0.09242481788,0.09235022539,0.09232726812
26.368,11.3695562,-0.6129535426,-0.3067568094,0.3837420029,-0.3380167222,0.6854281768,0.511383642,4.680739213e-05,7.414800876e-05,0.5587721171,0.3504646165,0.09076326637,0.08896032941,0.08895138178
26.392,11.35921711,-0.6096696708,-0.3146519103,0.3872496262,-0.3455579935,0.6860779345,0.5190111751,3.348035157e-05,5.016603415e-05,0.555789931,0.3543803927,0.0898296763,0.08508699771,0.0850077903
26.416,11.3488968,-0.6052215202,-0.3229348359,0.3916600223,-0.353400127,0.6859883357,0.5275312529,2.630676536e-05,3.5020587e-05,0.5511250896,0.3585644717,0.09031043871,0.08054509223,0.08027524764
26.44,11.33859523,-0.5996893577,-0.3316152587,0.3968040357,-0.3617792762,0.6852707535,0.5369708442,3.282937953e-05,3.12107398e-05,0.5447578144,0.3630071167,0.09223506885,0.07516180771,0.07466942828
26.464,11.32831235,-0.5929355887,-0.3420814107,0.4030640149,-0.3725950596,0.6845380223,0.5488967831,0.0002055207298,0.0001144029131,0.5373978214,0.3696432241,0.09295895447,0.06880547522,0.06835553256
26.488,11.3180481,-0.5788795715,-0.3568312674,0.4176051146,-0.3869355702,0.6800221406,0.5693093774,8.644224714e-05,8.653782182e-05,0.5235428094,0.3847968431,0.09166034752,0.0611126902,0.06068366838
26.49816,11.3137085,-0.5626546174,-0.3660665912,0.4334432552,-0.3975296393,0.6712562608,0.5881350777,0.0002721846679,0.0002788362873,0.5053951321,0.4004865889,0.09411827901,0.05481009031,0.05458364157
26.512,11.30780243,-0.5494184615,-0.3504425319,0.4471050452,-0.3805756252,0.651667564,0.5871462578,3.957691903e-05,3.952404346e-05,0.4986231393,0.4189309491,0.08244591161,0.07395252375,0.07419021953
26.536,11.29757529,-0.5434108962,-0.3403020065,0.4527807392,-0.371105227,0.641171473,0.585431027,3.225874187e-05,3.365188076e-05,0.4959302624,0.4274452195,0.07662451818,0.08482940357,0.084715731
26.56,11.28736664,-0.5393178138,-0.3355934354,0.4572495277,-0.3663365964,0.6352059967,0.5859007019,3.135001529e-05,3.271542207e-05,0.4910183486,0.4316217899,0.07735986144,0.08753168942,0.08834215638
26.584,11.27717642,-0.535353073,-0.332401747,0.4612848979,-0.3628487281,0.6301538179,0.5868926277,3.156215892e-05,3.247925496e-05,0.487383943,0.4356767517,0.07693930533,0.09029010776,0.09123379416
26.608,11.26700459,-0.5317253396,-0.3297891614,0.4647587707,-0.3600008302,0.6256937971,0.5878786548,3.262007203e-05,3.287739897e-05,0.4843098516,0.4391753997,0.07651474868,0.09281712277,0.09357408592
26.632,11.25685108,-0.5284924012,-0.3275816535,0.4677381751,-0.3577029153,0.6217828864,0.5888381578,3.45729128e-05,3.396454688e-05,0.4813607249,0.4421068009,0.07653247429,0.09474676585,0.09537642356
26.656,11.24671586,-0.5255973587,-0.3257344539,0.470381286,-0.3559119118,0.618349026,0.589857477,3.767925846e-05,3.589115102e-05,0.4785292342,0.4447182863,0.07675247952,0.09617371481,0.09678644188
26.68,11.23659888,-0.5229572273,-0.3242111524,0.4728386516,-0.3545524578,0.6153024727,0.5910023991,4.252368013e-05,3.896044211e-05,0.4758791939,0.4472321834,0.0768886227,0.0972820592,0.09794834613
26.704,11.22650007,-0.5204983354,-0.322969284,0.4752164574,-0.3535269278,0.6125583038,0.5922938207,5.041342833e-05,4.375435215e-05,0.4734371776,0.4497673608,0.07679546164,0.09820949949,0.09895538882
26.728,11.21641941,-0.5181649485,-0.3219645025,0.4775723408,-0.3527363898,0.6100459448,0.5937156739,6.472863538e-05,5.140296783e-05,0.4711870088,0.4523527601,0.07646023109,0.0990309499,0.09985445602
26.752,11.20635683,-0.5159180846,-0.3211551942,0.4799243466,-0.3520963282,0.6077105634,0.5952303779,9.728626776e-05,6.401592685e-05,0.46908986,0.4549630974,0.07594704262,0.09977772169,0.1006638905
26.776,11.19631229,-0.513731752,-0.320504885,0.4822642922,-0.3515453356,0.6055111018,0.5967939096,0.0002301417084,8.321828865e-05,0.4671017836,0.4575514104,0.07534680596,0.1004580363,0.1013884329
26.8,11.18628575,-0.5115892151,-0.3199829228,0.4845716286,-0.3510473595,0.6034174309,0.5983677062,0.0002461089685,9.157002526e-05,0.4651834819,0.4600723164,0.07474420176,0.1010708253,0.1020283961
26.824,11.17627714,-0.5094800172,-0.3195642083,0.4868252595,-0.3505884934,0.601407658,0.5999259329,7.845907044e-05,6.547497001e-05,0.4633045053,0.462495418,0.07420007668,0.101613328,0.1025842887
26.848,11.16628643,-0.5073978107,-0.3192285116,0.4890113695,-0.3501700803,0.5994659131,0.6014575668,4.184917945e-05,4.092873689e-05,0.4614439168,0.4648098139,0.07374626936,0.1020845341,0.1030586076
26.872,11.15631356,-0.50533885,-0.3189596766,0.4911264524,-0.3498006641,0.5975806462,0.6029640925,2.616464126e-05,2.663531144e-05,0.4595888283,0.4670217958,0.0733893759,0.1024861989,0.1034560982
26.896,11.14635849,-0.5033009737,-0.3187448606,0.4931762687,-0.3494892261,0.5957433644,0.6044547553,1.745631001e-05,1.81004218e-05,0.4577327617,0.4691488531,0.07311838521,0.1028226052,0.1037833015
26.92,11.13642117,-0.5012829318,-0.3185738703,0.4951725186,-0.3492410831,0.5939477153,0.6059415461,1.19190715e-05,1.259313103e-05,0.4558736921,0.4712130148,0.07291329304,0.1030998034,0.1040478574
26.944,11.12650156,-0.499283952,-0.3184386105,0.4971291019,-0.349056504,0.5921888325,0.6074354179,8.119903688e-06,8.807781267e-06,0.4540123688,0.4732355999,0.07275203129,0.1033247554,0.1042578129
26.968,11.1165996,-0.4973034666,-0.31833264,0.4990591856,-0.3489312383,0.5904628757,0.6089442337,5.450979644e-06,6.104387873e-06,0.4521510013,0.4752341301,0.07261486863,0.1035045936,0.1044210503
26.992,11.10671525,-0.4953409502,-0.3182508219,0.5009734956,-0.348857949,0.5887667132,0.610472204,3.731350213e-06,4.182618508e-06,0.4502923223,0.4772211869,0.07248649083,0.1036460797,0.104544875
27.016,11.09684846,-0.49339583,-0.3181890506,0.5028796985,-0.348827779,0.5870977065,0.6120202697,3.079766558e-06,2.977219785e-06,0.4484389841,0.4792045698,0.07235644611,0.1037552671,0.1046357593
27.04,11.08699919,-0.4914674467,-0.3181440408,0.5047825148,-0.3488316356,0.5854535693,0.6135869109,3.439864444e-06,2.581448735e-06,0.4465932169,0.481188117,0.07221866605,0.1038373351,0.1046992197
27.064,11.07716738,-0.4895550472,-0.3181131627,0.5066842118,-0.3488610628,0.5838322777,0.6151690269,4.306350216e-06,2.900730472e-06,0.4447566787,0.4831727284,0.07207059292,0.1038965501,0.1047397968
27.088,11.067353,-0.4876577984,-0.3180943129,0.508585219,-0.3489087303,0.5822320159,0.6167626992,5.319508435e-06,3.5729249e-06,0.4429304317,0.4851573331,0.07191223526,0.1039363114,0.104761106
27.112,11.05755599,-0.4857748113,-0.3180858103,0.5104847202,-0.3489686323,0.5806511431,0.6183637731,6.353251866e-06,4.356374788e-06,0.4411149955,0.487139691,0.07174531356,0.1039592455,0.1047659351
27.136,11.04777631,-0.4839051698,-0.3180863102,0.5123811513,-0.3490360935,0.5790881748,0.6199682562,7.373037217e-06,5.162916257e-06,0.4393104391,0.4891170033,0.07157255767,0.1039673249,0.1047563646
27.16,11.03801392,-0.4820479598,-0.3180947334,0.5142725868,-0.3491076631,0.577541769,0.6215725654,8.373558331e-06,5.967455732e-06,0.4375164862,0.4910863495,0.07139716422,0.1039619913,0.1047338955
27.184,11.02826876,-0.4802022929,-0.3181102053,0.5161570207,-0.3491809537,0.5760107159,0.6231736584,9.358860616e-06,6.766500393e-06,0.4357326187,0.4930449828,0.07122239844,0.1039442737,0.1046995743
27.208,11.0185408,-0.4783673266,-0.3181320056,0.5180325583,-0.3492544603,0.574493927,0.624769085,1.033584885e-05,7.563962385e-06,0.4339581677,0.4949905158,0.0710513165,0.1039148954,0.1046541062
27.232,11.00882998,-0.4765422767,-0.3181595249,0.5198975387,-0.3493273836,0.572990423,0.6263569842,1.1312069e-05,8.366257757e-06,0.4321923897,0.4969210264,0.07088658386,0.1038743648,0.1045979546
27.256,10.99913626,-0.4747264247,-0.3181922316,0.5217506052,-0.3493994666,0.5714993216,0.6279360487,1.229496134e-05,9.180554989e-06,0.4304345269,0.4988351049,0.0707303682,0.1038230521,0.1045314236
27.28,10.9894596,-0.4729191205,-0.3182296438,0.5235907371,-0.3494708517,0.5700198249,0.6295054695,1.329165131e-05,1.001416158e-05,0.4286838507,0.5007318608,0.07058428849,0.1037612497,0.1044547246
27.304,10.97979996,-0.4711197808,-0.31827131,0.5254172559,-0.3495419579,0.5685512067,0.6310648724,1.430894136e-05,1.087434623e-05,0.4269396935,0.5026109007,0.07044940582,0.1036892187,0.1043680274
27.328,10.97015727,-0.4693278853,-0.3183167943,0.5272298127,-0.3496133787,0.5670928014,0.6326142505,1.535337487e-05,1.176833315e-05,0.4252014681,0.5044722874,0.07032624455,0.1036072224,0.1042714973
27.352,10.96053152,-0.4675429716,-0.3183656671,0.5290283636,-0.3496857987,0.5656439942,0.6341538988,1.643132098e-05,1.270336382e-05,0.4234686784,0.5063164869,0.0702148347,0.1035155499,0.1041653194
27.376,10.95092263,-0.4657646293,-0.3184175,0.5308131386,-0.3497599261,0.5642042132,0.6356843509,1.754905994e-05,1.368678311e-05,0.4217409235,0.5081443079,0.07011476862,0.103414529,0.1040497137
27.4,10.94133058,-0.4639924941,-0.318471863,0.5325846055,-0.34983644,0.5627729223,0.637206322,1.871286106e-05,1.472613123e-05,0.4200178953,0.5099568383,0.0700252664,0.1033045329,0.1039249414
27.424,10.93175532,-0.4622262422,-0.3185283245,0.534343433,-0.3499159499,0.561349617,0.6387206559,1.992904986e-05,1.582923334e-05,0.418299373,0.5117553815,0.06994524545,0.1031859802,0.1037913049
27.448,10.92219681,-0.4604655857,-0.3185864523,0.5360904526,-0.3499989654,0.5599338203,0.640228279,2.120406322e-05,1.700428244e-05,0.4165852149,0.5135413946,0.06987339045,0.1030593313,0.1036491452
27.472,10.91265499,-0.4587102679,-0.3186458156,0.5378266224,-0.3500858752,0.5585250806,0.6417301581,2.254449102e-05,1.825991178e-05,0.4148753474,0.5153164317,0.06980822086,0.1029250812,0.1034988356
27.496,10.90312984,-0.4569600599,-0.3187059876,0.5395529918,-0.3501769327,0.5571229693,0.6432272656,2.395710246e-05,1.960525274e-05,0.413169754,0.5170820924,0.06974815356,0.1027837506,0.1033407768
27.52,10.89362129,-0.4552147577,-0.3187665477,0.5412706686,-0.3502722488,0.5557270801,0.6447205479,2.544885413e-05,2.104997155e-05,0.4114684639,0.5188399771,0.06969155904,0.1026358756,0.1031753917
27.544,10.88412932,-0.453474179,-0.3188270844,0.5429807884,-0.3503717889,0.5543370281,0.6462108998,2.702687567e-05,2.260427595e-05,0.4097715399,0.5205916497,0.0696368104,0.1024819984,0.1030031222
27.568,10.87465387,-0.4517381614,-0.3188871971,0.5446844869,-0.3504753754,0.5529524491,0.6476991424,2.869842693e-05,2.42788781e-05,0.4080790683,0.5223386066,0.06958232503,0.1023226565,0.102824427
27.592,10.86519491,-0.4500065606,-0.3189464982,0.5463828745,-0.3505826928,0.5515729991,0.6491860057,3.047081884e-05,2.608489513e-05,0.4063911488,0.5240822516,0.06952659959,0.1021583745,0.1026397809
27.616,10.85575239,-0.4482792484,-0.3190046146,0.5480770135,-0.3506932966,0.5501983539,0.6506721148,3.235128787e-05,2.803366152e-05,0.4047078854,0.5258238753,0.06946823934,0.1019896557,0.1024496735
27.64,10.84632627,-0.4465561111,-0.319061189,0.5497678988,-0.3508066242,0.5488282087,0.6521579794,3.43468114e-05,3.013641895e-05,0.4030293793,0.5275646378,0.06940598298,0.1018169754,0.1022546067
27.664,10.8369165,-0.4448370488,-0.3191158808,0.5514564407,-0.3509220081,0.5474622776,0.653643987,3.646384933e-05,3.240384015e-05,0.4013557223,0.5293055536,0.06933872406,0.1016407756,0.1020550909
27.688,10.82752304,-0.4431219735,-0.3191683668,0.5531434502,-0.3510386908,0.5461002927,0.6551303984,3.870799512e-05,3.48453336e-05,0.3996869919,0.5310474785,0.06926552958,0.1014614607,0.1018516383
27.712,10.81814586,-0.4414108079,-0.3192183414,0.5548296281,-0.3511558414,0.5447420039,0.6566173476,4.108351903e-05,3.746806981e-05,0.3980232475,0.5327910968,0.06918565576,0.101279395,0.1016447542
27.736,10.8087849,-0.439703485,-0.319265517,0.5565155556,-0.3512725721,0.5433871778,0.6581048424,4.35927883e-05,4.027567155e-05,0.3963645271,0.5345369121,0.06909856081,0.1010949002,0.1014349269
27.76,10.79944013,-0.4379999463,-0.3193096236,0.5582016887,-0.3513879567,0.5420355972,0.6595927694,4.623555486e-05,4.326652858e-05,0.3947108463,0.53628524,0.06900391369,0.1009082556,0.1012226167
27.784,10.7901115,-0.4363001412,-0.3193504089,0.5598883545,-0.3515010485,0.54068706,0.6610809002,4.900811387e-05,4.643174392e-05,0.393062197,0.5380362048,0.06890159827,0.1007196977,0.101008246
27.808,10.78079898,-0.4346040263,-0.3193876379,0.5615757504,-0.3516108989,0.5393413788,0.6625689003,5.190235731e-05,4.975280862e-05,0.3914185471,0.5397897408,0.06879171212,0.1005294216,0.1007921906
27.832,10.77150252,-0.4329115637,-0.3194210923,0.5632639467,-0.3517165749,0.5379983794,0.66405634,5.490477942e-05,5.319924568e-05,0.3897798418,0.5415455986,0.06867455961,0.1003375825,0.1005747731
27.856,10.76222207,-0.4312227211,-0.3194505703,0.5649528904,-0.3518171772,0.5366579004,0.6655427068,5.799553403e-05,5.672665904e-05,0.3881460038,0.5433033569,0.06855063932,0.1001442984,0.1003562592
27.88,10.7529576,-0.4295374705,-0.3194758853,0.5666424128,-0.3519118561,0.5353197922,0.6670274195,6.114769526e-05,6.027583234e-05,0.3865169356,0.5450624382,0.06842062614,0.09994965198,0.1001368562
27.904,10.74370907,-0.4278557876,-0.3194968662,0.5683322384,-0.351999827,0.533983916,0.6685098439,6.432692266e-05,6.377365844e-05,0.3848925212,0.54682213,0.06828534881,0.09975369456,0.09991671448
27.928,10.73447644,-0.426177651,-0.319513356,0.5700219969,-0.3520803836,0.5326501431,0.6699893085,6.749176129e-05,6.713660628e-05,0.3832726282,0.5485816081,0.0681457637,0.09955644877,0.0996959301
27.952,10.72525966,-0.4245030418,-0.3195252112,0.5717112359,-0.35215291,0.5313183538,0.6714651214,7.059479356e-05,7.027701578e-05,0.3816571103,0.5503399637,0.06800292598,0.09935791221,0.09947454949
27.976,10.71605869,-0.4228319428,-0.3195323013,0.5733994363,-0.3522168899,0.529988437,0.6729365877,7.358477715e-05,7.311173136e-05,0.3800458096,0.5520962313,0.06785795903,0.09915806083,0.09925257486
28,10.7068735,-0.4211643381,-0.3195345077,0.5750860283,-0.3522719134,0.5286602891,0.6744030256,7.640974179e-05,7.557164697e-05,0.3784385596,0.553849417,0.06771202335,0.09895685251,0.0990299703
28.024,10.69770404,-0.4195002125,-0.3195317235,0.5767704083,-0.3523176819,0.5273338133,0.6758637828,7.902079527e-05,7.761006755e-05,0.3768351872,0.5555985269,0.06756628584,0.09875423039,0.09880666805
28.048,10.68855027,-0.4178395511,-0.3195238522,0.5784519559,-0.3523540094,0.5260089188,0.6773182511,8.137616169e-05,7.920783186e-05,0.3752355155,0.5573425942,0.06742189027,0.09855012626,0.09858257474
28.072,10.67941215,-0.4161823392,-0.3195108072,0.5801300517,-0.3523808215,0.5246855205,0.6787658803,8.344482391e-05,8.037400978e-05,0.373639366,0.5590807041,0.06727992994,0.09834446364,0.09835757732
28.096,10.67028965,-0.4145285614,-0.3194925111,0.5818040936,-0.352398152,0.523363538,0.6802061899,8.520914479e-05,8.114232561e-05,0.3720465609,0.560812016,0.06714142311,0.09813716076,0.09813154857
28.12,10.66118272,-0.4128782017,-0.3194688951,0.5834735123,-0.3524061361,0.5220428951,0.6816387785,8.666602162e-05,8.156463523e-05,0.3704569252,0.5625357831,0.06700729174,0.09792813327,0.09790435209
28.144,10.65209132,-0.4112312431,-0.319439898,0.5851377861,-0.3524050023,0.5207235195,0.6830633312,8.782643835e-05,8.170331118e-05,0.3688702881,0.5642513677,0.06687834416,0.09771729667,0.09767584663
28.168,10.64301541,-0.4095876674,-0.3194054659,0.5867964528,-0.3523950615,0.5194053416,0.6844796245,8.871361726e-05,8.16241952e-05,0.3672864853,0.5659582529,0.06675526183,0.09750456851,0.0974458898
28.192,10.63395495,-0.407947455,-0.3193655514,0.5884491204,-0.3523766946,0.518088295,0.6858875288,8.936022289e-05,8.139114794e-05,0.3657053597,0.5676560498,0.06663859051,0.09728987026,0.09721434095
28.216,10.62490991,-0.4063105849,-0.3193201128,0.5900954751,-0.3523503393,0.5167723153,0.687287008,8.980517285e-05,8.106253377e-05,0.3641267629,0.5693445013,0.06652873584,0.09707312897,0.0969810634
28.24,10.61588024,-0.4046770342,-0.319269114,0.5917352868,-0.3523164756,0.5154573398,0.6886781168,9.009056117e-05,8.068947355e-05,0.3625505559,0.5710234808,0.06642596329,0.09685427862,0.09674592573
28.264,10.60686591,-0.4030467784,-0.3192125234,0.5933684123,-0.3522756111,0.5141433075,0.6900609965,9.025905354e-05,8.031544898e-05,0.3609766096,0.5726929876,0.06633040274,0.09663326082,0.09650880228
28.288,10.59786687,-0.4014197911,-0.3191503138,0.5949947962,-0.3522282662,0.5128301585,0.6914358676,9.035193658e-05,7.997679556e-05,0.3594048029,0.574353138,0.06624205912,0.09641002326,0.09626957256
28.312,10.58888309,-0.3997960442,-0.3190824614,0.5966144687,-0.3521749605,0.5115178336,0.6928030219,9.040784909e-05,7.970369092e-05,0.3578350146,0.5760041532,0.06616083218,0.0961845123,0.09602811976
28.336,10.57991453,-0.3981755075,-0.319008946,0.5982275421,-0.3521161994,0.5102062744,0.6941628123,9.046211922e-05,7.952135367e-05,0.356267123,0.5776463444,0.06608653255,0.09595667243,0.09578432811
28.36,10.57096114,-0.3965581493,-0.3189297497,0.599834205,-0.3520524619,0.5088954225,0.6955156428,9.054657836e-05,7.945127301e-05,0.3547010363,0.5792800949,0.06601886878,0.0957264771,0.09553807924
28.384,10.5620229,-0.3949439357,-0.3188448573,0.6014347148,-0.3519841906,0.5075852198,0.6968619566,9.068971045e-05,7.951237018e-05,0.3531366907,0.5809058408,0.06595746848,0.09549392709,0.09528924791
28.408,10.55309976,-0.3933328314,-0.3187542551,0.6030293896,-0.3519117826,0.5062756082,0.6982022253,9.091700649e-05,7.972204765e-05,0.351574021,0.5825240519,0.0659019271,0.0952590213,0.0950376981
28.432,10.54419169,-0.3917247991,-0.3186579313,0.6046185983,-0.3518355824,0.504966529,0.6995369372,9.125141585e-05,8.009711314e-05,0.3500129661,0.5841352145,0.06585181936,0.09502176232,0.09478328167
28.456,10.53529864,-0.3901198002,-0.3185558749,0.6062027509,-0.3517558766,0.5036579235,0.7008665864,9.171380642e-05,8.065457882e-05,0.3484534819,0.5857398228,0.06580669523,0.0947821696,0.09452584443
28.48,10.52642058,-0.3885177944,-0.3184480758,0.6077822878,-0.3516728908,0.5023497323,0.702191663,9.232336104e-05,8.14123344e-05,0.3468955527,0.5873383867,0.06576606053,0.09454029071,0.09426524855
28.504,10.51755747,-0.38691874,-0.3183345244,0.6093576703,-0.3515867876,0.5010418952,0.7035126434,9.309784133e-05,8.23896769e-05,0.3453392063,0.5889314726,0.06572932115,0.09429621685,0.09400142628
28.528,10.50870927,-0.3853225943,-0.3182152111,0.6109293699,-0.351497666,0.4997343517,0.7048299825,9.405364232e-05,8.360764637e-05,0.3437845376,0.5905197947,0.06569566775,0.09405010645,0.09373448346
28.552,10.49987595,-0.3837293131,-0.3180901266,0.6124978598,-0.3514055637,0.4984270402,0.706144106,9.520553707e-05,8.508905699e-05,0.3422317418,0.592104368,0.06566389018,0.09380221832,0.09346486239
28.576,10.49105746,-0.3821388517,-0.3179592607,0.6140636057,-0.3513104583,0.4971198984,0.7074554049,9.656596828e-05,8.685800992e-05,0.3406811551,0.5936866846,0.06563216027,0.09355295236,0.09319352712
28.6,10.48225378,-0.3805511641,-0.317822603,0.6156270583,-0.351212272,0.4958128634,0.7087642309,9.81436786e-05,8.893850065e-05,0.339133293,0.5952687819,0.06559792517,0.09330288785,0.09292203896
28.624,10.47346485,-0.3789662041,-0.317680142,0.6171886468,-0.3511108752,0.494505871,0.7100708925,9.994138292e-05,9.135144549e-05,0.3375888643,0.5968529944,0.06555814132,0.09305279785,0.09265231363
28.648,10.46469066,-0.3773839246,-0.3175318654,0.6187487724,-0.3510060919,0.4931988565,0.7113756531,0.0001019520785,9.410899657e-05,0.3360487288,0.5984413139,0.06550995732,0.09280360631,0.09238598519
28.672,10.45593115,-0.3758042784,-0.3173777597,0.6203078042,-0.3508977048,0.4918917544,0.7126787293,0.0001041534942,9.720435294e-05,0.3345137672,0.6000346864,0.06545154642,0.09255625834,0.09212370569
28.696,10.4471863,-0.3742272183,-0.3172178098,0.6218660754,-0.3507854616,0.4905844981,0.7139802909,0.0001065001744,0.0001005944941,0.3329846715,0.6016328038,0.0653825247,0.09231151039,0.09186493794
28.72,10.43845606,-0.3726526968,-0.3170519993,0.6234238799,-0.3506690804,0.4892770204,0.7152804611,0.0001089129616,0.0001041728759,0.3314617269,0.6032345459,0.06530372719,0.09206971235,0.09160839706
28.744,10.4297404,-0.371080667,-0.3168803101,0.6249814711,-0.3505482559,0.4879692535,0.7165793179,0.0001112665085,0.0001077307426,0.3299447024,0.6048386492,0.06521664833,0.09183069771,0.09135271873
28.768,10.42103928,-0.3695110821,-0.3167027223,0.6265390605,-0.3504226646,0.4866611286,0.7178768963,0.0001133773872,0.0001109129266,0.3284329249,0.6064441451,0.06512292995,0.09159385795,0.09109689458
28.792,10.41235267,-0.367943896,-0.3165192144,0.6280968175,-0.350291971,0.4853525767,0.7191731899,0.0001149986623,0.0001131916722,0.3269255023,0.608050465,0.06502403273,0.09135836537,0.09084037507
28.816,10.40368052,-0.3663790635,-0.3163297626,0.6296548694,-0.3501558324,0.4840435279,0.7204681545,0.0001158306551,0.0001139080376,0.3254215735,0.6096573545,0.06492107191,0.09112342323,0.09058297999
28.84,10.39502282,-0.3648165402,-0.3161343413,0.6312133031,-0.3500139037,0.482733912,0.7217617105,0.0001155587251,0.000112435833,0.3239204782,0.6112647428,0.06481477909,0.09088843504,0.09032476336
28.864,10.3863795,-0.363256283,-0.3159329227,0.6327721656,-0.3498658418,0.4814236583,0.7230537468,0.0001139213159,0.0001084510822,0.3224218121,0.6128726355,0.0647055524,0.09065306033,0.09006590294
28.888,10.37775055,-0.3616982498,-0.3157254771,0.6343314665,-0.34971131,0.480112696,0.7243441239,0.0001107921634,0.0001021480109,0.3209254005,0.614481049,0.06459355055,0.09041718734,0.08980662879
28.912,10.36913593,-0.3601424005,-0.3155119725,0.6358911799,-0.3495499811,0.4788009539,0.725632677,0.0001062394718,9.420590369e-05,0.3194312346,0.616089974,0.06447879141,0.09018086988,0.08954718311
28.936,10.3605356,-0.3585886964,-0.3152923746,0.6374512467,-0.3493815408,0.4774883608,0.7269192204,0.0001005249593,8.551111706e-05,0.3179394074,0.6176993603,0.06436123235,0.08994426262,0.08928779992
28.96,10.35194952,-0.3570371007,-0.315066647,0.6390115774,-0.3492056905,0.4761748454,0.72820355,9.403765106e-05,7.685093958e-05,0.3164500624,0.6193091116,0.06424082599,0.08970757021,0.08902869544
28.984,10.34337766,-0.3554875787,-0.3148347513,0.6405720544,-0.3490221491,0.4748603365,0.729485447,8.719673863e-05,6.875754755e-05,0.3149633603,0.620919086,0.06411755376,0.08947101349,0.08877006379
29.008,10.33481998,-0.3539400978,-0.3145966464,0.6421325355,-0.3488306554,0.4735447632,0.7307646812,8.036916515e-05,6.150692627e-05,0.3134794589,0.6225291008,0.0639914403,0.08923480961,0.08851207783
29.032,10.32627645,-0.3523946281,-0.3143522895,0.6436928558,-0.3486309693,0.4722280549,0.7320410135,7.382690791e-05,5.518981301e-05,0.3119985032,0.624138936,0.06386256079,0.08899916197,0.08825488753
29.056,10.31774704,-0.3508511418,-0.3141016353,0.6452528314,-0.3484228732,0.4709101411,0.7333141993,6.774176988e-05,4.978789497e-05,0.3105206211,0.6257483529,0.06373102604,0.08876425546,0.08799863547
29.08,10.30923171,-0.3493096143,-0.3138446364,0.6468122612,-0.3482061726,0.4695909522,0.734583991,6.220204672e-05,4.522934527e-05,0.309045921,0.627357097,0.06359698195,0.08853025473,0.08774345512
29.104,10.30073042,-0.3477700236,-0.3135812432,0.6483709304,-0.3479806966,0.4682704191,0.7358501401,5.723607766e-05,4.142223763e-05,0.3075744931,0.6289648863,0.06346062059,0.0882973044,0.08748945596
29.128,10.29224313,-0.3462323509,-0.3133114041,0.6499286128,-0.3477462983,0.4669484734,0.7371123996,5.283388471e-05,3.82721292e-05,0.30610641,0.6305714241,0.06332216594,0.08806553041,0.08723673294
29.152,10.28376983,-0.3446965806,-0.3130350654,0.6514850728,-0.3475028548,0.4656250474,0.7383705264,4.896365227e-05,3.569015918e-05,0.3046417289,0.632176405,0.06318186608,0.08783504173,0.08698536951
29.176,10.27531046,-0.3431627003,-0.3127521711,0.6530400685,-0.3472502671,0.4643000748,0.7396242824,4.558292463e-05,3.359608821e-05,0.3031804936,0.6337795184,0.063039988,0.08760593206,0.08673543819
29.2,10.266865,-0.3416307015,-0.3124626635,0.6545933535,-0.3469884594,0.4629734899,0.7408734368,4.264559989e-05,3.191891362e-05,0.3017227356,0.6353804516,0.06289681287,0.08737828144,0.08648700113
29.224,10.25843341,-0.3401005791,-0.3121664828,0.6561446789,-0.3467173786,0.4616452284,0.7421177672,4.01059758e-05,3.059647554e-05,0.3002684762,0.6369788919,0.0627526319,0.08715215767,0.08624011062
29.248,10.25001566,-0.338572332,-0.3118635673,0.6576937955,-0.3464369942,0.4603152274,0.7433570606,3.792088841e-05,2.957473815e-05,0.2988177276,0.6385745299,0.06260774248,0.08692761754,0.08599480948
29.272,10.24161171,-0.3370459632,-0.3115538533,0.6592404552,-0.3461472965,0.4589834254,0.7445911151,3.605069098e-05,2.880702869e-05,0.2973704941,0.6401670609,0.06246244495,0.08670470801,0.08575113146
29.296,10.23322153,-0.3355214798,-0.3112372753,0.660784413,-0.3458482965,0.4576497623,0.7458197401,3.445956796e-05,2.825331933e-05,0.2959267734,0.6417561871,0.06231703954,0.08648346727,0.08550910156
29.32,10.22484509,-0.3339988934,-0.310913766,0.6623254284,-0.3455400244,0.4563141798,0.7470427575,3.311549317e-05,2.787955625e-05,0.294486558,0.6433416187,0.06217182336,0.08626392615,0.08526873631
29.344,10.21648235,-0.3324782202,-0.3105832565,0.6638632665,-0.3452225287,0.4549766215,0.7482600023,3.19900161e-05,2.765702104e-05,0.2930498375,0.6449230758,0.0620270867,0.08604611036,0.08503004407
29.368,10.20813327,-0.3309594811,-0.3102456759,0.6653976995,-0.3448958752,0.4536370328,0.7494713224,3.105798002e-05,2.756171481e-05,0.291616604,0.6465002892,0.0618831068,0.0858300455,0.08479302529
29.392,10.19979784,-0.329442702,-0.3099009518,0.6669285075,-0.3445601454,0.4522953612,0.75067658,3.029722612e-05,2.75737665e-05,0.2901868522,0.6480730014,0.06174014639,0.08561575752,0.08455767279
29.416,10.191476,-0.3279279141,-0.3095490101,0.6684554796,-0.3442154357,0.4509515567,0.7518756509,2.968830934e-05,2.767687364e-05,0.2887604705,0.6496409672,0.06159856231,0.08540316307,0.08432397206
29.44,10.18316773,-0.3264151542,-0.3091897751,0.6699784149,-0.3438618561,0.4496055715,0.7530684248,2.921423562e-05,2.785778606e-05,0.2873373627,0.6512039549,0.0614586824,0.08519219191,0.08409190164
29.464,10.174873,-0.3249044647,-0.3088231697,0.6714971226,-0.3434995288,0.4482573606,0.7542548057,2.88602223e-05,2.810584079e-05,0.2859176458,0.6527617463,0.06132060798,0.08498298364,0.08386143351
29.488,10.16659177,-0.3233958941,-0.308449115,0.6730114233,-0.343128587,0.4469068817,0.7554347113,2.861348051e-05,2.841255269e-05,0.2845012796,0.6543141374,0.06118458303,0.08477551787,0.08363253354
29.512,10.158324,-0.3218894974,-0.308067531,0.6745211488,-0.3427491737,0.4455540957,0.7566080731,2.846301713e-05,2.877126167e-05,0.2830882097,0.6558609392,0.0610508511,0.08456975673,0.08340516207
29.536,10.15006968,-0.3203853363,-0.3076783362,0.676026143,-0.3423614407,0.444198967,0.757774836,2.83994545e-05,2.917683398e-05,0.2816783927,0.6574019774,0.06091962991,0.08436566958,0.08317927445
29.56,10.14182876,-0.3188834799,-0.3072814479,0.6775262618,-0.341965547,0.4428414636,0.7589349582,2.84148664e-05,2.962541334e-05,0.2802717886,0.6589370934,0.06079111798,0.08416322587,0.08295482176
29.584,10.1336012,-0.3173840047,-0.306876782,0.6790213736,-0.3415616578,0.4414815577,0.7600884105,2.850262962e-05,3.011421636e-05,0.2788683591,0.6604661442,0.06066549666,0.0839623925,0.0827317515
29.608,10.12538699,-0.3158869957,-0.3064642538,0.6805113589,-0.3411499436,0.4401192258,0.7612351763,2.865729038e-05,3.064136664e-05,0.2774680669,0.6619890029,0.06054293017,0.08376313316,0.08251000838
29.632,10.11718608,-0.3143925467,-0.3060437776,0.6819961109,-0.3407305786,0.4387544498,0.7623752505,2.887444556e-05,3.12057619e-05,0.2760708763,0.6635055586,0.06042356508,0.08356540818,0.08228953513
29.656,10.10899845,-0.312900761,-0.3056152671,0.6834755352,-0.3403037401,0.4373872171,0.7635086396,2.915063809e-05,3.18069693e-05,0.2746767533,0.6650157171,0.06030752959,0.08336917472,0.08207027333
29.68,10.10082406,-0.3114117522,-0.3051786357,0.6849495495,-0.3398696071,0.4360175215,0.7646353609,2.948326644e-05,3.244514443e-05,0.2732856668,0.6665194005,0.06019493265,0.08317438685,0.08185216431
29.704,10.09266287,-0.309925645,-0.3047337972,0.6864180835,-0.3394283595,0.4346453641,0.7657554418,2.987050748e-05,3.312097037e-05,0.2718975893,0.6680165477,0.06008586298,0.08298099585,0.08163514995
29.728,10.08451487,-0.3084425761,-0.304280666,0.687881079,-0.3389801773,0.4332707542,0.7668689193,3.031125227e-05,3.383561377e-05,0.2705124978,0.6695071141,0.05998038808,0.08278895045,0.08141917355
29.752,10.07638001,-0.3069626957,-0.3038191577,0.6893384889,-0.3385252392,0.4318937105,0.7679758394,3.080505421e-05,3.459069549e-05,0.2691303752,0.6709910718,0.05987855302,0.08259819714,0.08120418066
29.776,10.06825826,-0.3054861679,-0.3033491904,0.6907902777,-0.3380637223,0.4305142624,0.7690762564,3.135208891e-05,3.538827395e-05,0.2677512116,0.6724684092,0.05978037921,0.08240868046,0.08099011985
29.8,10.0601496,-0.3040131724,-0.3028706855,0.6922364204,-0.337595801,0.4291324518,0.7701702322,3.195312527e-05,3.623083977e-05,0.2663750057,0.6739391314,0.05968586295,0.08222034348,0.0807769435
29.824,10.05205398,-0.3025439059,-0.302383569,0.6936769024,-0.3371216463,0.4277483347,0.7712578358,3.260950731e-05,3.712132065e-05,0.265001767,0.6754032592,0.0595949738,0.08203312812,0.08056460851
29.848,10.04397139,-0.3010785831,-0.3018877735,0.6951117191,-0.336641425,0.4263619835,0.7723391425,3.332314645e-05,3.8063096e-05,0.2636315178,0.6768608295,0.05950765278,0.0818469757,0.08035307701
29.872,10.03590178,-0.2996174383,-0.3013832398,0.6965408751,-0.3361552994,0.4249734893,0.7734142331,3.409652389e-05,3.906002076e-05,0.2622642952,0.6783118945,0.05942381027,0.08166182746,0.08014231703
29.896,10.02784513,-0.2981607271,-0.3008699204,0.697964384,-0.3356634261,0.4235829649,0.7744831935,3.493270328e-05,4.011645866e-05,0.2609001545,0.6797565217,0.05934332374,0.08147762515,0.07993230312
29.92,10.0198014,-0.2967087269,-0.3003477816,0.6993822679,-0.3351659561,0.4221905476,0.7755461139,3.583535356e-05,4.123732495e-05,0.2595391714,0.6811947934,0.05926603515,0.08129431165,0.07972301696
29.944,10.01177057,-0.2952617387,-0.299816808,0.7007945563,-0.3346630339,0.4207964029,0.776603088,3.680878245e-05,4.242813916e-05,0.2581814457,0.6826268061,0.05919174816,0.08111183173,0.07951444793
29.968,10.0037526,-0.2938200873,-0.2992770069,0.7022012862,-0.334154797,0.4194007279,0.7776542128,3.785798098e-05,4.369508861e-05,0.2568271047,0.6840526702,0.05912022514,0.08093013273,0.07930659356
29.992,9.995747466,-0.2923841217,-0.2987284135,0.7036025011,-0.3336413758,0.4180037555,0.7786995873,3.898867964e-05,4.504510348e-05,0.2554763066,0.6854725093,0.05905118412,0.08074916545,0.07909946003
30.016,9.987755131,-0.2909542143,-0.298171097,0.7049982506,-0.3331228931,0.4166057583,0.7797393124,4.020741718e-05,4.64859446e-05,0.2541292444,0.6868864599,0.05898429572,0.0805688849,0.07889306246
30.04,9.979775566,-0.2895307594,-0.2976051676,0.7063885896,-0.3325994637,0.4152070524,0.78077349,4.152162268e-05,4.802630505e-05,0.2527861494,0.6882946702,0.05891918045,0.08038925124,0.07868742517
30.064,9.971808741,-0.2881141696,-0.2970307843,0.7077735778,-0.3320711943,0.4138080008,0.7818022227,4.293971205e-05,4.967592675e-05,0.251447294,0.6896972996,0.05885540643,0.08021023061,0.07848258168
30.088,9.963854626,-0.2867048712,-0.2964481628,0.7091532792,-0.3315381832,0.4124090159,0.7828256129,4.447119976e-05,5.144573312e-05,0.2501129944,0.6910945175,0.05879248805,0.08003179606,0.0782785746
30.112,9.955913191,-0.2853032967,-0.2958575844,0.7105277614,-0.3310005201,0.4110105611,0.7838437625,4.612682634e-05,5.334797839e-05,0.2487836118,0.6924865021,0.05872988609,0.07985392834,0.07807545529
30.136,9.947984404,-0.2839098749,-0.2952594037,0.7118970949,-0.3304582861,0.4096131499,0.784856772,4.791870163e-05,5.539641338e-05,0.2474595516,0.6938734388,0.05866700962,0.07967661676,0.07787328315
30.16,9.940068236,-0.282525018,-0.2946540561,0.7132613527,-0.3299115537,0.4082173424,0.7858647406,4.986046266e-05,5.760646607e-05,0.2461412609,0.6952555186,0.05860322052,0.07949985983,0.07767212477
30.184,9.932164657,-0.2811491051,-0.2940420632,0.7146206095,-0.3293603863,0.4068237386,0.786867765,5.196744262e-05,5.999543263e-05,0.2448292229,0.6966329359,0.05853784122,0.07932366591,0.07747205267
30.208,9.924273636,-0.2797824628,-0.2934240349,0.7159749415,-0.3288048388,0.405432967,0.7878659397,5.42568446e-05,6.258267041e-05,0.2435239472,0.6980058866,0.05847016616,0.07914805355,0.07727314379
30.232,9.916395144,-0.2784253425,-0.2928006673,0.7173244253,-0.3282449574,0.4040456684,0.7888593558,5.674790757e-05,6.538977716e-05,0.2422259571,0.6993745652,0.05839947766,0.07897305174,0.07707547778
30.256,9.908529151,-0.2770778967,-0.2921727351,0.7186691378,-0.3276807794,0.4026624741,0.7898481011,5.946204368e-05,6.844072996e-05,0.2409357713,0.7007391624,0.05832506628,0.07879869978,0.07687913492
30.28,9.900675627,-0.2757401538,-0.2915410764,0.7200091555,-0.3271123337,0.4012839788,0.7908322596,6.242291197e-05,7.176193951e-05,0.2396538824,0.7020998621,0.05824625549,0.0786250469,0.07668419413
30.304,9.892834543,-0.2744119948,-0.2909065698,0.7213445539,-0.326539641,0.3999107091,0.7918119111,6.565637167e-05,7.538214834e-05,0.238380731,0.703456839,0.05816242995,0.07845215146,0.07649073073
30.328,9.885005869,-0.2730931353,-0.2902701039,0.7226754073,-0.3259627136,0.398543089,0.7927871309,6.919022588e-05,7.933206006e-05,0.2371166784,0.7048102557,0.05807306591,0.07828007983,0.07629881437
30.352,9.877189576,-0.2717831138,-0.2896325386,0.7240017881,-0.3253815559,0.3971814048,0.7937579896,7.305361692e-05,8.364352469e-05,0.2358619785,0.7061602601,0.05797776144,0.07810890477,0.07610850711
30.376,9.869385633,-0.2704812906,-0.2889946614,0.7253237662,-0.3247961644,0.3958257734,0.7947245524,7.72758632e-05,8.834801517e-05,0.2346167523,0.7075069837,0.05787626393,0.07793870344,0.07591986176
30.4,9.861594013,-0.2691868605,-0.2883571419,0.726641409,-0.3242065284,0.3944761173,0.7956868796,8.188442857e-05,9.347400665e-05,0.2333809689,0.7088505396,0.05776849151,0.07776955508,0.07573292054
30.424,9.853814686,-0.2678988773,-0.287720488,0.7279547807,-0.3236126298,0.3931321504,0.7966450257,8.690158695e-05,9.904271264e-05,0.2321544336,0.7101910207,0.05765454569,0.07760153842,0.07554771396
30.448,9.846047622,-0.2666162939,-0.2870850096,0.729263942,-0.3230144438,0.3917933778,0.7975990396,9.23392024e-05,0.000105061465,0.2309367882,0.7115284986,0.05753471319,0.0774347288,0.07536425956
30.472,9.838292793,-0.2653380111,-0.286450794,0.7305689496,-0.3224119391,0.3904591112,0.7985489645,9.819093651e-05,0.0001115139205,0.2297275227,0.7128630212,0.05740945616,0.07726919549,0.07518256007
30.496,9.830550171,-0.264062935,-0.2858176959,0.7318698563,-0.3218050782,0.3891284992,0.7994948373,0.0001044212431,0.0001183464102,0.2285259988,0.714194613,0.05727938818,0.07710499899,0.07500260408
30.52,9.822819725,-0.2627900334,-0.2851853453,0.7331667102,-0.3211938177,0.3878005709,0.8004366892,0.0001109509582,0.0001254504613,0.2273314838,0.7155232821,0.05714523402,0.07694218873,0.07482437293
30.544,9.815101427,-0.2615183893,-0.284553171,0.7344595547,-0.3205781091,0.3864742878,0.8013745451,0.0001176405318,0.0001326433219,0.2261431902,0.7168490227,0.057007787,0.07678080131,0.07464784366
30.568,9.80739525,-0.2602472436,-0.2839204387,0.7357484282,-0.3199578988,0.385148599,0.8023084236,0.0001242744001,0.0001396516857,0.2249603181,0.7181718102,0.05686787171,0.07662085936,0.07447298408
30.592,9.799701164,-0.258976024,-0.2832862974,0.737033364,-0.3193331286,0.3838224945,0.8032383374,0.0001305536546,0.0001461084253,0.2237820954,0.7194916002,0.05672630433,0.07646237108,0.07429975218
30.616,9.79201914,-0.2577043591,-0.2826498314,0.7383143899,-0.3187037366,0.3824950508,0.8041642929,0.0001361075888,0.0001515755312,0.222607813,0.7208083322,0.05658385481,0.07630533058,0.07412809921
30.64,9.784349151,-0.2564320775,-0.2820101096,0.7395915282,-0.3180696567,0.3811654657,0.8050862905,0.0001405341849,0.0001556033065,0.2214368509,0.7221219316,0.05644121756,0.07614971883,0.0739579723
30.664,9.776691169,-0.2551591935,-0.2813662309,0.7408647955,-0.3174308202,0.3798330816,0.8060043243,0.0001434704071,0.0001578209805,0.2202686956,0.723432312,0.05629899239,0.07599550512,0.07378931629
30.688,9.769045164,-0.2538858844,-0.2807173599,0.7421342027,-0.3167871553,0.3784973956,0.8069183829,0.0001446752229,0.0001580307209,0.2191029483,0.7247393766,0.05615767509,0.07584264892,0.07362207503
30.712,9.76141111,-0.2526124606,-0.2800627539,0.7433997549,-0.3161385881,0.3771580588,0.8078284486,0.0001440923097,0.0001562628875,0.2179393245,0.7260430194,0.05601765602,0.07569110243,0.07345619257
30.736,9.753788977,-0.2513393339,-0.2794017787,0.7446614511,-0.3154850431,0.3758148676,0.8087344986,0.0001418620198,0.0001527638218,0.216777649,0.7273431267,0.05587922434,0.07554081416,0.0732916141
30.76,9.746178739,-0.2500669866,-0.2787339163,0.7459192848,-0.3148264433,0.3744677475,0.8096365041,0.0001382772279,0.0001479235856,0.2156178459,0.7286395778,0.05574257623,0.07539173291,0.07312828712
30.784,9.738580366,-0.248795943,-0.2780587642,0.7471732433,-0.3141627111,0.3731167346,0.8105344314,0.0001337066349,0.0001421807226,0.2144599257,0.7299322473,0.05560782699,0.07524381017,0.07296616266
30.808,9.730993833,-0.2475267448,-0.2773760298,0.7484233082,-0.3134937682,0.3717619551,0.8114282414,0.0001285194709,0.0001359426149,0.2133039686,0.7312210056,0.05547502579,0.0750970008,0.07280519621
30.832,9.72341911,-0.2462599311,-0.2766855201,0.7496694554,-0.312819537,0.3704036051,0.8123178904,0.0001230344077,0.0001295401659,0.2121501092,0.73250572,0.05534417085,0.07495126337,0.07264534805
30.856,9.715856171,-0.2449960236,-0.2759871304,0.7509116552,-0.3121399401,0.3690419322,0.8132033301,0.0001174973708,0.0001232148742,0.2109985226,0.7337862543,0.05521522319,0.07480656103,0.07248658292
30.88,9.708304987,-0.2437355155,-0.2752808308,0.7521498723,-0.3114549014,0.3676772189,0.8140845079,0.0001120810407,0.0001171265592,0.209849412,0.7350624694,0.05508811857,0.07466286211,0.07232886975
30.904,9.700765532,-0.2424788641,-0.2745666538,0.753384066,-0.3107643461,0.3663097691,0.814961367,0.0001068958865,0.0001113699762,0.2087029987,0.7363342238,0.05496277749,0.07452014038,0.07217218165
30.928,9.693237778,-0.2412264873,-0.2738446819,0.7546141906,-0.3100682017,0.3649398964,0.8158338472,0.0001020048324,0.0001059925982,0.2075595129,0.7376013734,0.05483911363,0.07437837457,0.0720164959
30.952,9.685721698,-0.2399787609,-0.2731150371,0.7558401953,-0.3093663977,0.3635679155,0.8167018849,9.74371078e-05,0.0001010098763,0.2064191862,0.738863773,0.05471704081,0.07423754758,0.07186179395
30.976,9.678217265,-0.2387360198,-0.2723778711,0.7570620245,-0.3086588668,0.3621941355,0.8175654133,9.319948852e-05,9.641691002e-05,0.2052822459,0.7401212756,0.0545964785,0.07409764543,0.07170806125
31,9.670724452,-0.2374985584,-0.2716333574,0.7582796184,-0.3079455447,0.3608188549,0.8184243632,8.928465342e-05,9.219674586e-05,0.2041489104,0.7413737337,0.05447735586,0.07395865635,0.07155528705
31.024,9.663243231,-0.2362666332,-0.2708816845,0.7594929126,-0.3072263709,0.3594423583,0.8192786628,8.567704263e-05,8.832598239e-05,0.2030193864,0.7426209993,0.05435961435,0.07382057007,0.07140346415
31.048,9.655773576,-0.2350404655,-0.2701230502,0.7607018391,-0.3065012888,0.3580649141,0.8201282388,8.235678766e-05,8.477839783e-05,0.2018938673,0.7438629238,0.05424320884,0.07368337784,0.07125258858
31.072,9.648315461,-0.2338202442,-0.2693576575,0.7619063261,-0.305770246,0.3566867734,0.8209730161,7.930224957e-05,8.152720354e-05,0.2007725337,0.7450993591,0.05412810716,0.07354707317,0.07110265929
31.096,9.640868858,-0.2326061288,-0.2685857108,0.7631062987,-0.3050331951,0.3553081694,0.8218129186,7.64915954e-05,7.854637697e-05,0.1996555545,0.7463301572,0.05401428833,0.07341165341,0.07095367785
31.12,9.63343374,-0.2313982524,-0.2678074134,0.7643016787,-0.3042900935,0.3539293176,0.8226478695,7.390373063e-05,7.581139605e-05,0.1985430893,0.747555171,0.05390173968,0.07327712199,0.07080564809
31.144,9.626010082,-0.2301967241,-0.2670229655,0.7654923859,-0.3035409041,0.3525504161,0.8234777917,7.151881159e-05,7.329959421e-05,0.197435292,0.7487742545,0.05379045348,0.07314349099,0.0706585758
31.168,9.618597857,-0.2290016324,-0.2662325625,0.7666783375,-0.302785595,0.351171646,0.8243026081,6.931849033e-05,7.099028204e-05,0.196332313,0.7499872633,0.05368042371,0.07301078325,0.07051246841
31.192,9.611197038,-0.2278130467,-0.2654363943,0.7678594492,-0.3020241406,0.3497931727,0.8251222426,6.728599374e-05,6.886473035e-05,0.195234302,0.7511940546,0.05357164347,0.07287903379,0.07036733466
31.216,9.603807599,-0.22663102,-0.2646346441,0.769035635,-0.3012565209,0.3484151462,0.8259366194,6.540610364e-05,6.690607545e-05,0.1941414083,0.7523944881,0.05346410357,0.07274828998,0.0702231843
31.24,9.596429513,-0.2254555904,-0.2638274885,0.7702068083,-0.3004827227,0.3470377024,0.8267456647,6.366508068e-05,6.509918469e-05,0.1930537815,0.7535884262,0.05335779234,0.07261861051,0.07008002779
31.264,9.589062756,-0.2242867834,-0.2630150966,0.7713728818,-0.2997027386,0.3456609643,0.8275493062,6.205055941e-05,6.343050575e-05,0.1919715695,0.7547757343,0.05325269625,0.07249006341,0.06993787599
31.288,9.5817073,-0.2231246127,-0.2621976304,0.7725337681,-0.2989165682,0.344285042,0.8283474739,6.055143139e-05,6.188791365e-05,0.1908949174,0.7559562813,0.05314880126,0.07236272358,0.0697967399
31.312,9.57436312,-0.2219690822,-0.2613752445,0.7736893802,-0.2981242178,0.3429100347,0.8291401005,5.915772653e-05,6.04605636e-05,0.1898239656,0.7571299403,0.05304609411,0.07223667019,0.06965663033
31.336,9.567030189,-0.2208201865,-0.2605480865,0.7748396321,-0.2973257001,0.3415360305,0.8299271217,5.786049867e-05,5.913875371e-05,0.1887588479,0.7582965886,0.05294456345,0.07211198447,0.06951755772
31.36,9.559708482,-0.2196779125,-0.2597162966,0.7759844387,-0.2965210351,0.3401631079,0.8307084767,5.665171857e-05,5.79137997e-05,0.187699691,0.7594561085,0.05284420056,0.07198874781,0.0693795318
31.384,9.552397973,-0.2185422402,-0.2588800082,0.7771237168,-0.2957102493,0.3387913361,0.8314841086,5.55241757e-05,5.677792196e-05,0.1866466129,0.7606083874,0.05274499971,0.07186704039,0.06924256141
31.408,9.545098637,-0.217413143,-0.2580393481,0.7782573855,-0.2948933764,0.3374207758,0.8322539645,5.447138948e-05,5.572414479e-05,0.185599723,0.7617533188,0.0526469582,0.07174694005,0.06910665423
31.432,9.537810448,-0.2162905892,-0.2571944365,0.7793853662,-0.2940704566,0.3360514799,0.8330179966,5.348752959e-05,5.474620694e-05,0.1845591214,0.7628908023,0.05255007639,0.07162852133,0.06897181667
31.456,9.53053338,-0.2151745419,-0.2563453873,0.7805075838,-0.2932415373,0.3346834939,0.8337761615,5.256734504e-05,5.383848274e-05,0.1835248981,0.7640207441,0.05245435782,0.07151185426,0.06883805365
31.48,9.523267408,-0.21406496,-0.2554923081,0.7816239663,-0.2924066721,0.3333168562,0.8345284217,5.17061012e-05,5.299591251e-05,0.1824971322,0.765143058,0.05235980979,0.07139700292,0.06870536858
31.504,9.516012506,-0.2129617983,-0.2546353011,0.782734446,-0.2915659217,0.331951599,0.835274745,5.089952408e-05,5.221394152e-05,0.1814758899,0.7662576657,0.05226644441,0.07128402321,0.06857376338
31.528,9.50876865,-0.2118650084,-0.2537744623,0.7838389594,-0.2907193527,0.3305877485,0.8360151053,5.014375112e-05,5.148846637e-05,0.1804612219,0.7673644977,0.05217428038,0.07117295991,0.06844323878
31.552,9.501535814,-0.2107745386,-0.2529098826,0.7849374479,-0.2898670384,0.3292253253,0.8367494828,4.943528786e-05,5.0815788e-05,0.1794531599,0.7684634946,0.05208334557,0.07106384257,0.06831379494
31.576,9.494313973,-0.2096903347,-0.2520416475,0.7860298582,-0.2890090579,0.3278643447,0.8374778645,4.877096961e-05,5.019257052e-05,0.1784517111,0.7695546074,0.05199368154,0.07095668019,0.06818543133
31.6,9.487103101,-0.20861234,-0.2511698372,0.7871161426,-0.2881454962,0.326504817,0.8382002439,4.81479278e-05,4.961580517e-05,0.1774568525,0.7706377884,0.05190535916,0.07085145462,0.06805813698
31.624,9.479903175,-0.2075404956,-0.2502945272,0.7881962596,-0.2872764437,0.3251467479,0.8389166221,4.756356024e-05,4.908277876e-05,0.1764685227,0.7717129722,0.0518185051,0.07074811276,0.067931871
31.648,9.472714168,-0.2064747409,-0.2494157882,0.7892701741,-0.2864019961,0.3237901389,0.8396270071,4.701550497e-05,4.859104619e-05,0.1754866141,0.7727801365,0.05173324936,0.07064655788,0.06780662306
31.672,9.465536057,-0.2054150136,-0.248533686,0.7903378578,-0.2855222539,0.3224349871,0.840331415,4.650161718e-05,4.813840632e-05,0.1745109641,0.7738393065,0.05164972941,0.070546641,0.06768241714
31.696,9.458368816,-0.2043612501,-0.2476482822,0.7913992899,-0.2846373225,0.321081286,0.8410298695,4.601994886e-05,4.772288117e-05,0.1735413482,0.7748904915,0.05156816023,0.0704481539,0.06755924789
31.72,9.451212421,-0.2033133855,-0.2467596339,0.7924544568,-0.283747311,0.3197290253,0.8417224024,4.556873093e-05,4.734269772e-05,0.1725774791,0.7759337052,0.05148881567,0.0703508274,0.06743710037
31.744,9.444066847,-0.202271354,-0.2458677939,0.7935033533,-0.2828523325,0.3183781914,0.8424090537,4.514635742e-05,4.699627233e-05,0.1716190107,0.7769689777,0.05141201163,0.07025433594,0.06731596172
31.768,9.43693207,-0.2012350891,-0.2449728111,0.7945459824,-0.2819525034,0.3170287673,0.843089872,4.475137166e-05,4.668219735e-05,0.1706655496,0.7779963564,0.05133809394,0.07015830835,0.06719582199
31.792,9.429808065,-0.2002045236,-0.2440747303,0.7955823557,-0.2810479429,0.3156807331,0.8437649144,4.438245404e-05,4.639922989e-05,0.1697166769,0.7790159072,0.05126741598,0.07006234964,0.06707667415
31.816,9.422694808,-0.19917959,-0.2431735924,0.7966124939,-0.2801387728,0.3143340661,0.844434247,4.40384114e-05,4.614628236e-05,0.1687719816,0.780027714,0.05120030435,0.06996607457,0.06695851439
31.84,9.415592274,-0.1981602203,-0.2422694347,0.7976364274,-0.2792251165,0.3129887408,0.8450979447,4.371816773e-05,4.5922415e-05,0.1678311016,0.7810318807,0.05113701775,0.06986914778,0.06684134248
31.864,9.408500439,-0.1971463467,-0.2413622906,0.7986541962,-0.2783070991,0.3116447294,0.8457560917,4.342075609e-05,4.572682997e-05,0.1668937633,0.7820285309,0.05107770571,0.06977132411,0.06672516228
31.888,9.40141928,-0.1961379011,-0.2404521904,0.7996658507,-0.2773848462,0.3103020015,0.8464087816,4.314531172e-05,4.555886722e-05,0.1659598152,0.7830178099,0.05102237489,0.06967248126,0.06660998214
31.912,9.394348772,-0.1951348157,-0.2395391607,0.8006714518,-0.276458484,0.3089605247,0.847056118,4.289106614e-05,4.541800204e-05,0.1650292449,0.7839998844,0.0509708707,0.06957263724,0.06649581525
31.936,9.38728889,-0.1941370231,-0.2386232249,0.8016710718,-0.2755281385,0.3076202646,0.8476982142,4.265734232e-05,4.530384431e-05,0.1641021777,0.7849749442,0.0509228781,0.06947194865,0.06638267975
31.96,9.380239612,-0.1931444561,-0.2377044031,0.8026647948,-0.2745939346,0.3062811849,0.8483351942,4.244355072e-05,4.521613958e-05,0.1631788562,0.7859432025,0.05087794125,0.0693706902,0.06627059882
31.984,9.373200913,-0.1921570483,-0.2367827126,0.8036527171,-0.2736559963,0.3049432475,0.8489671926,4.224918624e-05,4.515477213e-05,0.1622596068,0.7869048966,0.05083549656,0.06926922086,0.06615960049
32.008,9.366172769,-0.1911747335,-0.2358581675,0.8046349486,-0.2727144456,0.3036064129,0.8495943558,4.207382616e-05,4.51197702e-05,0.1613447999,0.7878602887,0.05079491137,0.06916794418,0.06604971738
32.032,9.359155157,-0.1901974467,-0.2349307793,0.805611613,-0.2717694021,0.3022706399,0.8502168423,4.191712892e-05,4.511131364e-05,0.160434812,0.7888096673,0.05075552072,0.06906727047,0.06594098636
32.056,9.352148053,-0.1892251232,-0.2340005565,0.8065828493,-0.270820983,0.3009358863,0.850834824,4.177883386e-05,4.512974451e-05,0.1595299952,0.7897533479,0.05071665686,0.0689675858,0.0658334482
32.08,9.345151434,-0.1882576995,-0.2330675053,0.8075488133,-0.2698693024,0.2996021085,0.8514484872,4.165876212e-05,4.517558093e-05,0.158630655,0.7906916756,0.05067766935,0.06886922987,0.06572714727
32.104,9.338165275,-0.1872951127,-0.2321316292,0.808509679,-0.2689144712,0.2982692618,0.8520580344,4.155681846e-05,4.524953511e-05,0.1577370359,0.7916250274,0.05063793667,0.06877248162,0.06562213142
32.128,9.331189554,-0.1863373011,-0.2311929297,0.8094656409,-0.2679565974,0.2969373006,0.8526636863,4.147299458e-05,4.535253626e-05,0.1568493116,0.7925538161,0.05059687228,0.06867754937,0.06551845219
32.152,9.324224247,-0.1853842035,-0.2302514057,0.8104169164,-0.266995786,0.2956061784,0.8532656844,4.140737376e-05,4.548575969e-05,0.1559675754,0.7934784955,0.05055392906,0.06858456097,0.0654161653
32.176,9.317269331,-0.1844357598,-0.2293070541,0.8113637495,-0.2660321404,0.2942758477,0.8538642947,4.136013736e-05,4.565066368e-05,0.1550918254,0.7943995676,0.05050860703,0.06849354908,0.0653153318
32.2,9.310324783,-0.1834919106,-0.2283598702,0.8123064144,-0.2650657637,0.2929462605,0.8544598118,4.13315734e-05,4.584903626e-05,0.1542219413,0.7953175918,0.05046046688,0.06840442807,0.06521601973
32.224,9.303390578,-0.1825525972,-0.2274098469,0.8132452211,-0.2640967609,0.2916173679,0.8550525649,4.132208785e-05,4.608305478e-05,0.1533576592,0.7962331974,0.05040914345,0.06831696822,0.06511830655
32.248,9.296466696,-0.1816177613,-0.2264569759,0.8141805216,-0.2631252432,0.29028912,0.8556429251,4.133221918e-05,4.635536231e-05,0.1524985815,0.7971470995,0.05035431892,0.06823080665,0.06502228206
32.272,9.289553111,-0.1806873449,-0.2255012471,0.815112718,-0.2621513339,0.2889614663,0.8562313151,4.136265735e-05,4.66691663e-05,0.1516443523,0.7980601186,0.05029552902,0.06814562159,0.0649280515
32.296,9.282649802,-0.1797612897,-0.2245426489,0.8160422726,-0.2611751775,0.2876343555,0.856818221,4.141426837e-05,4.702836735e-05,0.1507952062,0.7989732044,0.05023158934,0.06806168208,0.06483573829
32.32,9.275756745,-0.178839537,-0.2235811685,0.8169697192,-0.2601969533,0.2863077346,0.8574042085,4.148812649e-05,4.743772909e-05,0.1499527341,0.7998874642,0.05015980175,0.06798061341,0.06474548527
32.344,9.268873918,-0.1779220271,-0.2226167918,0.8178956784,-0.2592168963,0.2849815498,0.8579899417,4.158555676e-05,4.790310524e-05,0.1491195217,0.8008041957,0.05007628264,0.06790503623,0.06465745337
32.368,9.262001298,-0.1770086981,-0.2216495034,0.8188208721,-0.2582353274,0.2836557449,0.858576208,4.170819202e-05,4.843174755e-05,0.1482969722,0.8017249243,0.04997810346,0.06783638886,0.06457181706
32.392,9.255138861,-0.1760994856,-0.2206792869,0.8197461407,-0.2572526991,0.2823302614,0.8591639462,4.185805034e-05,4.90327304e-05,0.1474842241,0.8026514451,0.04986433074,0.06777384587,0.0644887563
32.416,9.248286587,-0.1751943208,-0.2197061245,0.8206724546,-0.2562696632,0.2810050377,0.8597542777,4.203764251e-05,4.971754713e-05,0.146679574,0.803585867,0.04973455897,0.06771574101,0.06440844655
32.44,9.241444451,-0.1742931292,-0.2187299972,0.8216009152,-0.2552871692,0.2796800074,0.8603485355,4.225012407e-05,5.05009653e-05,0.1458818099,0.8045306537,0.04958753643,0.06766090153,0.06433104854
32.464,9.234612432,-0.1733958283,-0.217750884,0.822532727,-0.2543066062,0.2783550983,0.8609482777,4.249951614e-05,5.140228249e-05,0.1450903708,0.8054886395,0.04942098967,0.06760880829,0.06425669993
32.488,9.227790507,-0.1725023243,-0.2167687621,0.8234691095,-0.2533299991,0.2770302296,0.8615552581,4.279103525e-05,5.244722027e-05,0.1443050691,0.8064629749,0.04923195604,0.06755931916,0.06418550929
32.512,9.220978654,-0.171612509,-0.2157836051,0.8244110926,-0.25236026,0.2757053091,0.8621712999,4.31316026e-05,5.367086963e-05,0.1435258642,0.8074569046,0.04901723124,0.06751244484,0.06411755132
32.536,9.21417685,-0.1707262535,-0.2147953823,0.8253591009,-0.2514014625,0.2743802287,0.8627979722,4.353066126e-05,5.512243551e-05,0.1427527494,0.808473206,0.04877404465,0.06746823758,0.06405286215
32.56,9.207385074,-0.1698434014,-0.2138040556,0.8263122028,-0.2504590212,0.2730548575,0.8634359142,4.400154763e-05,5.687319983e-05,0.1419857033,0.8095130194,0.04850127737,0.06742674612,0.06399143827
32.584,9.200603302,-0.1689637586,-0.2128095756,0.827266921,-0.2495394814,0.2717290327,0.8640836252,4.456392043e-05,5.903054333e-05,0.1412246688,0.8105737702,0.048201561,0.06738799958,0.06393325538
32.608,9.193831514,-0.1680870787,-0.2118118751,0.8282157287,-0.2486493808,0.2704025452,0.8647356867,4.524835301e-05,6.176408037e-05,0.1404695416,0.8116461608,0.04788429752,0.06735200314,0.06387834919
32.632,9.187069686,-0.1672130426,-0.2108108573,0.8291459869,-0.2477925463,0.2690751181,0.8653809645,4.610575267e-05,6.535776303e-05,0.1397201628,0.8127112489,0.0475685883,0.06731874151,0.06382703096
32.656,9.180317798,-0.1663412283,-0.2098063769,0.8300410295,-0.2469658953,0.2677463726,0.866002462,4.722882495e-05,7.032224284e-05,0.1389763204,0.8137405209,0.04728315878,0.06728819811,0.0637802518
32.68,9.173575826,-0.1654710672,-0.2087982056,0.8308851938,-0.2461559125,0.2664157742,0.8665811782,4.88084775e-05,7.765808408e-05,0.1382377831,0.8147026637,0.04705955316,0.067260416,0.06373971926
32.704,9.16684375,-0.1646017776,-0.2077859702,0.8316717711,-0.2453399935,0.265082543,0.8671041732,5.131613833e-05,8.9492507e-05,0.1375044051,0.8155765047,0.0469190902,0.06723564785,0.0637068495
32.728,9.160121547,-0.1637322671,-0.2067690356,0.8324081952,-0.2444945328,0.2637455012,0.8675718875,5.633094907e-05,0.0001097973548,0.1367762797,0.8163619681,0.04686175222,0.06721458717,0.06368097607
32.752,9.153409196,-0.1628609878,-0.2057462762,0.833113088,-0.2436047278,0.262402804,0.8679980881,7.431186298e-05,0.0001244719345,0.1360535231,0.8170801357,0.04686634128,0.06719828602,0.0636594393
32.776,9.146706676,-0.1619857446,-0.2047156068,0.8338073747,-0.2426684821,0.261051453,0.8684024012,5.9285598e-05,6.164077258e-05,0.1353348285,0.8177622081,0.04690296341,0.06718696385,0.06363947394
32.8,9.140013963,-0.1611035194,-0.2036729819,0.8345067881,-0.2416930357,0.2596864022,0.868802108,3.240346084e-05,1.375994061e-05,0.134615808,0.8184362866,0.04694790538,0.06717877944,0.06361918354
32.824,9.133331038,-0.1602107123,-0.2026101987,0.8352196199,-0.2406890735,0.2582989836,0.8692082855,3.861381989e-05,8.11406402e-06,0.1338895486,0.8191203865,0.04699006482,0.06717118222,0.06359734293
32.848,9.126657879,-0.1593056332,-0.2015102323,0.8359482504,-0.2396665182,0.2568747915,0.869626079,4.187264155e-05,1.984010122e-05,0.1331473816,0.8198226166,0.04703000176,0.06716272136,0.06357309887
32.872,9.119994463,-0.1584005086,-0.200339985,0.8366916524,-0.2386328623,0.2553954399,0.8700566442,4.416004842e-05,2.742707694e-05,0.1323797331,0.8205444569,0.04707580999,0.06715290042,0.06354589201
32.896,9.113340771,-0.1575607052,-0.1990597653,0.8374473462,-0.2375931038,0.2538703724,0.8704990182,4.608111585e-05,3.297785051e-05,0.131591099,0.8212839586,0.0471249424,0.06714093095,0.06351541683
32.92,9.10669678,-0.1569287011,-0.1977346521,0.83821253,-0.2365502887,0.2524393192,0.8709513675,4.788452137e-05,3.745269225e-05,0.1308521249,0.8220380302,0.04710984488,0.06712651274,0.06348174424
32.944,9.10006247,-0.1564733078,-0.196614319,0.8389846021,-0.2355061189,0.2512789018,0.8714116677,4.970278752e-05,4.135463178e-05,0.1302498519,0.8228027729,0.04694737517,0.06710876299,0.06344447661
32.968,9.093437818,-0.1559201368,-0.1957088755,0.8397613392,-0.2344614365,0.2502260039,0.8718780144,5.162581502e-05,4.498579991e-05,0.1297000801,0.8235748438,0.04672507603,0.06708702444,0.06340356978
32.992,9.086822806,-0.1552185419,-0.1948263674,0.8405409124,-0.2334165604,0.2490985933,0.8723487353,5.372998649e-05,4.855538523e-05,0.1291111429,0.8243505294,0.04653832768,0.06706103081,0.06335821102
33.016,9.08021741,-0.154447107,-0.1938975435,0.8413218381,-0.2323715038,0.2478914404,0.8728224053,5.60933951e-05,5.223258818e-05,0.128480318,0.8251278806,0.04639180141,0.0670301486,0.06330892677
33.04,9.07362161,-0.1536543024,-0.1929256755,0.8421029133,-0.2313261094,0.2466373064,0.8732978218,5.880717774e-05,5.617820138e-05,0.1278233843,0.8259065343,0.04627008138,0.06699341993,0.06325744558
33.064,9.067035386,-0.1528590825,-0.191923715,0.8428831529,-0.2302801317,0.2453581291,0.8737739687,6.198758208e-05,6.056937775e-05,0.1271534621,0.8266860329,0.04616050505,0.06695284675,0.06320508079
33.088,9.060458716,-0.1520681137,-0.190901232,0.8436617371,-0.229233285,0.2440655477,0.8742499789,6.579249534e-05,6.56262755e-05,0.1264798622,0.8274655574,0.04605458035,0.06691186632,0.06315252757
33.112,9.05389158,-0.1512836059,-0.1898642335,0.8444379701,-0.2281852727,0.2427656413,0.8747251019,7.044757593e-05,7.164917378e-05,0.1258063476,0.8282442817,0.04594937064,0.0668711861,0.06310027262
33.136,9.047333957,-0.1505061846,-0.188816427,0.8452112474,-0.2271358026,0.2414617044,0.8751986778,7.629145538e-05,7.907946427e-05,0.1251334035,0.8290215025,0.04584509399,0.066829643,0.06304877059
33.16,9.040785826,-0.1497359229,-0.1877601491,0.8459810319,-0.2260845967,0.2401556166,0.8756701155,8.386005089e-05,8.861122463e-05,0.1244611234,0.8297966144,0.04574226221,0.06678639619,0.06299845541
33.184,9.034247167,-0.1489727184,-0.1866969204,0.8467468349,-0.2250313953,0.2388485104,0.8761388767,9.405701999e-05,0.0001014137063,0.1237925269,0.8305690555,0.04563841759,0.06674390713,0.06294971401
33.208,9.02771796,-0.1482164322,-0.1856277653,0.8475082034,-0.2239759601,0.2375411081,0.8766044635,0.0001085336923,0.0001196133175,0.1231310978,0.8313382657,0.04553063647,0.06670530803,0.06290286588
33.232,9.021198182,-0.1474669372,-0.184553398,0.8482647101,-0.2229180751,0.2362338974,0.8770664094,0.0001306497343,0.0001474187297,0.1224773625,0.8321036643,0.04541897325,0.06667089114,0.06285815598
33.256,9.014687816,-0.1467241337,-0.1834743335,0.8490159464,-0.2218575466,0.234927228,0.8775242722,0.0001683517074,0.000193716538,0.121830878,0.8328646444,0.04530447764,0.06664004716,0.06281575859
33.28,9.008186839,-0.1459879511,-0.1823909558,0.849761518,-0.2207942039,0.2336213659,0.8779776296,0.0002449825989,0.0002735046594,0.1211914681,0.8336205803,0.04518795162,0.06661246547,0.06277578747
33.304,9.001695232,-0.1452583453,-0.1813035606,0.8505010417,-0.219727899,0.2323165254,0.8784260763,0.000441855549,0.0003435690661,0.1205592307,0.834370798,0.04506997135,0.06658806749,0.06273830845
33.328,8.995212974,-0.1445352948,-0.180212383,0.8512341439,-0.2186585065,0.231012888,0.8788692225,0.0004920790637,0.0002556275534,0.1199340408,0.8351145275,0.04495143174,0.06656684417,0.06270335197
33.352,8.988740046,-0.1438187976,-0.1791176158,0.8519604607,-0.2175859236,0.2297106154,0.8793066932,0.0002309403935,0.0001606156005,0.1193158089,0.8358512103,0.04483298079,0.06654878877,0.06267092372
33.376,8.982276426,-0.1431088671,-0.1780194219,0.8526796382,-0.2165100703,0.2284098563,0.8797381292,0.0001330534171,0.0001077523614,0.1187049605,0.8365802002,0.04471483927,0.0665338804,0.0626410126
33.4,8.975822096,-0.1424055298,-0.1769179431,0.8533913344,-0.2154308895,0.2271107516,0.8801631881,8.816149355e-05,7.706087678e-05,0.1181013817,0.8373008401,0.04459777826,0.06652208039,0.06261359639
33.424,8.969377034,-0.1417088228,-0.1758133056,0.8540952213,-0.214348347,0.2258134383,0.880581547,6.290576041e-05,5.748858264e-05,0.1175050398,0.8380125103,0.04448244983,0.06651332698,0.06258864603
33.448,8.962941222,-0.1410187924,-0.1747056249,0.8547909888,-0.2132624319,0.2245180509,0.8809929054,4.681915382e-05,4.403434359e-05,0.1169158858,0.8387146303,0.04436948397,0.06650752838,0.062566129
33.472,8.956514639,-0.1403354923,-0.1735950083,0.8554783479,-0.2121731566,0.2232247238,0.8813969889,3.571351706e-05,3.42532731e-05,0.1163338385,0.8394066636,0.04425949789,0.06650455993,0.06254601042
33.496,8.950097265,-0.1396589829,-0.1724815575,0.8561570361,-0.2110805568,0.2219335918,0.881793554,2.760735847e-05,2.683746934e-05,0.1157587902,0.8400881276,0.04415308219,0.06650427026,0.06252825495
33.52,8.943689081,-0.1389893305,-0.17136537,0.8568268231,-0.209984692,0.2206447915,0.8821823936,2.144774772e-05,2.103286441e-05,0.1151906192,0.8407586046,0.0440507762,0.06650649469,0.06251282854
33.544,8.937290067,-0.1383266072,-0.1702465403,0.8574875168,-0.2088856448,0.2193584618,0.8825633428,1.662690023e-05,1.637916488e-05,0.1146291992,0.8414177464,0.04395305442,0.06651106413,0.06249969203
33.568,8.930900203,-0.1376708905,-0.1691251608,0.8581389712,-0.2077835213,0.2180747443,0.8829362863,1.27733756e-05,1.258512032e-05,0.1140744072,0.8420652859,0.04386030683,0.06651781295,0.0624888001
33.592,8.924519469,-0.1370222645,-0.1680013218,0.8587810947,-0.2066784499,0.2167937847,0.8833011663,9.653882725e-06,9.467180979e-06,0.1135261274,0.8427010477,0.04377282487,0.06652658226,0.06248009727
33.616,8.918147846,-0.1363808205,-0.166875112,0.8594138596,-0.2055705813,0.215515733,0.8836579915,7.127398695e-06,6.924843416e-06,0.1129842517,0.8433249629,0.04369078539,0.06653722044,0.06247351695
33.64,8.911785315,-0.1357466596,-0.1657466177,0.8600373129,-0.2044600867,0.2142407451,0.8840068476,5.132686744e-06,4.9502439e-06,0.1124486794,0.8439370908,0.04361422984,0.06654958246,0.06246898409
33.664,8.905431856,-0.1351198963,-0.1646159224,0.8606515888,-0.2033471568,0.2129689843,0.8843479087,3.709169856e-06,3.678854798e-06,0.111919317,0.8445376438,0.04354303925,0.06656352869,0.0624664202
33.688,8.89908745,-0.134500665,-0.1634831038,0.8612569221,-0.202232,0.2117006237,0.8846814498,3.015681219e-06,3.350042401e-06,0.1113960774,0.845127014,0.0434769086,0.06657892327,0.0624657464
33.712,8.892752076,-0.1338891301,-0.1623482302,0.8618536637,-0.201114839,0.2104358501,0.8850078622,3.11826987e-06,3.871767368e-06,0.110878879,0.8457057983,0.04341532274,0.06659563197,0.06246688207
33.736,8.886425717,-0.1332855061,-0.1612113515,0.8624422988,-0.1999959086,0.2091748694,0.8853276694,3.7214216e-06,4.803838845e-06,0.1103676454,0.8462748212,0.04335753341,0.06661351943,0.06246973896
33.76,8.880108353,-0.1326900919,-0.1600724803,0.8630234658,-0.1988754509,0.2079179151,0.8856415457,4.495463174e-06,5.855884921e-06,0.1098623052,0.8468351598,0.04330253502,0.06663244571,0.06247421229
33.784,8.873799964,-0.1321033407,-0.1589315475,0.8635979798,-0.1977537103,0.2066652594,0.8859503375,5.281014817e-06,6.919492999e-06,0.1093627917,0.8473881711,0.04324903719,0.06665226228,0.06248017046
33.808,8.867500532,-0.1315260065,-0.1577882855,0.8641668575,-0.1966309275,0.2054172179,0.886255087,6.017071903e-06,7.968610919e-06,0.108869041,0.8479355234,0.04319543555,0.06667280759,0.06248744414
33.832,8.861210038,-0.1309594761,-0.1566418728,0.8647313469,-0.1955073319,0.2041740941,0.8865570591,6.685982686e-06,9.021368047e-06,0.1083809631,0.8484792347,0.04313980219,0.06669390234,0.06249581554
33.856,8.854928462,-0.1304065449,-0.1554896164,0.8652929606,-0.1943831316,0.202935674,0.886857773,7.325283977e-06,1.014502095e-05,0.1078982326,0.8490217176,0.04308004981,0.0667153448,0.06250500799
33.88,8.848655785,-0.1298723811,-0.1543206335,0.8658535142,-0.1932585024,0.2016970335,0.8871590369,8.2494284e-06,1.142965746e-05,0.1074185994,0.8495658337,0.04301556688,0.06673690606,0.06251467683
33.904,8.842391989,-0.1293395479,-0.1530845513,0.8664151704,-0.1921335737,0.2004085789,0.8874629894,1.057161219e-05,1.237130046e-05,0.1069219246,0.8501149602,0.04296311518,0.06675832601,0.06252440251
33.928,8.836137055,-0.1286264425,-0.1518842478,0.8669804903,-0.1910084112,0.1990316217,0.8877721463,1.216007351e-05,1.241590996e-05,0.1063928963,0.85067307,0.04293403371,0.06677930969,0.06253368618
33.952,8.829890964,-0.1280612343,-0.1508458354,0.8675524928,-0.1898829964,0.1978740655,0.888089455,1.212222604e-05,1.264195751e-05,0.1059536693,0.8512448337,0.042801497,0.0667995234,0.06254195335
33.976,8.823653697,-0.1275544566,-0.1497319039,0.868134724,-0.1887572004,0.1966971846,0.8884183584,1.215066171e-05,1.309154754e-05,0.1055083739,0.851835741,0.04265588511,0.06681859129,0.06254856123
34,8.817425235,-0.1270482326,-0.1485937548,0.8687313379,-0.1876307529,0.1955028321,0.8887628687,1.232609268e-05,1.360597343e-05,0.1050574497,0.8524522468,0.04249030346,0.06683609223,0.06255280977
