2026-08-08 01:34:51   In order to get an optimal performance, hyperthreading is ignored for parallel
                      computations.

                      ------------------------------------------------------------------------------
2026-08-08 01:34:53   
                      ------------------------------------------------------------------------------
2026-08-08 01:34:53   Units settings: 

                        Dimensions: um
                        Frequency:  THz
                        Time:       ps

                      ------------------------------------------------------------------------------
2026-08-08 01:34:53   Boundary conditions: 

                        YZsymmetry: none
                        XZsymmetry: none
                        XYsymmetry: none

                        Xmin: unit cell
                        Xmax: unit cell

                        Ymin: unit cell
                        Ymax: unit cell

                        Zmin: expanded open
                        Zmax: expanded open

                      ------------------------------------------------------------------------------
2026-08-08 01:34:53   Order settings: 

                        Solver order   : 2nd (constant)
                        Curved elements: up to order 3 (automatic)

                      ------------------------------------------------------------------------------
2026-08-08 01:34:53     Mesh time                :	1 s


                      ------------------------------------------------------------------------------
2026-08-08 01:34:54   
                      ================================================================================
                      Frequency Domain Solver calculation cycle started

                      ------------------------------------------------------------------------------
2026-08-08 01:34:54   Solver started at: 2026-08-08 01:34:54 -0400

                        Module:  Frequency Domain: S-Parameter (Win 64)
                        Version: 2026.0 Release from 2025-08-29 (change 1465899)

                        Free disk space at solver start is 315 GB.


                      ------------------------------------------------------------------------------
2026-08-08 01:34:54   An iterative solver will be used first.

                      ------------------------------------------------------------------------------
2026-08-08 01:34:54   The wavelength based mesh refinement has been applied to 9.7% of all mesh edges.

                      ------------------------------------------------------------------------------
2026-08-08 01:34:54   The low frequency stabilization is not applied to periodic problems.

                      ------------------------------------------------------------------------------
2026-08-08 01:34:54     Calculation 1 (Frequency: 34 THz, Theta: 0, Phi: 0)


                      ------------------------------------------------------------------------------
2026-08-08 01:34:54   Running the PortModeSolver.

                      ------------------------------------------------------------------------------
2026-08-08 01:34:55   Adaptive mesh refinement pass 1

                      ------------------------------------------------------------------------------
2026-08-08 01:34:56     Matrix setup time        :	0 s
                        Degrees of freedom       :	71472
                        Number of mesh cells     :	10566

                        Stimulation port         :	Zmin
                        Mode number              :	1
                        Accuracy                 :	6.9943e-05
                        Iterations               :	31
                        Solver time              :	1 s


                      ------------------------------------------------------------------------------
2026-08-08 01:34:57   9% of all mesh edges seem to be longer than expected. The adaptive mesh refinement's growth limitation will therefore 
                      use 16486 instead of 6281 mesh cells as a reference.

                      ------------------------------------------------------------------------------
2026-08-08 01:34:57   The wavelength based mesh refinement has been applied to 0.6% of all mesh edges.

                      ------------------------------------------------------------------------------
2026-08-08 01:34:57   Adaptive mesh refinement pass 2

                      ------------------------------------------------------------------------------
2026-08-08 01:34:59     Matrix setup time        :	0 s
                        Degrees of freedom       :	100636
                        Number of mesh cells     :	15041

                        Stimulation port         :	Zmin
                        Mode number              :	1
                        Accuracy                 :	9.34983e-05
                        Iterations               :	29
                        Solver time              :	1 s


                      ------------------------------------------------------------------------------
2026-08-08 01:34:59     Delta calculation        
2026-08-08 01:34:59     All S-Parameters         :	0.0660051
2026-08-08 01:34:59   

                      ------------------------------------------------------------------------------
2026-08-08 01:34:59   Adaptive mesh refinement pass 3

                      ------------------------------------------------------------------------------
2026-08-08 01:35:01     Matrix setup time        :	0 s
                        Degrees of freedom       :	135156
                        Number of mesh cells     :	20307

                        Stimulation port         :	Zmin
                        Mode number              :	1
                        Accuracy                 :	8.45275e-05
                        Iterations               :	27
                        Solver time              :	1 s


                      ------------------------------------------------------------------------------
2026-08-08 01:35:01     Delta calculation        
2026-08-08 01:35:01     All S-Parameters         :	0.00932615
2026-08-08 01:35:01   

                      ------------------------------------------------------------------------------
2026-08-08 01:35:01   Mesh adaptation terminated because the desired accuracy limit is reached.

                      ------------------------------------------------------------------------------
2026-08-08 01:35:02     Total time               :	7 s

                      ------------------------------------------------------------------------------
2026-08-08 01:35:02   

                      ------------------------------------------------------------------------------
2026-08-08 01:35:02     Calculation 2 (Frequency: 10 THz, Theta: 0, Phi: 0)


                      ------------------------------------------------------------------------------
2026-08-08 01:35:02   Running the PortModeSolver.

                      ------------------------------------------------------------------------------
2026-08-08 01:35:03   Adaptive mesh refinement pass 1

                      ------------------------------------------------------------------------------
2026-08-08 01:35:04     Matrix setup time        :	0 s
                        Degrees of freedom       :	135156
                        Number of mesh cells     :	20307

                        Stimulation port         :	Zmin
                        Mode number              :	1
                        Accuracy                 :	7.52738e-05
                        Iterations               :	16
                        Solver time              :	0 s


                      ------------------------------------------------------------------------------
2026-08-08 01:35:05   Adaptive mesh refinement pass 2

                      ------------------------------------------------------------------------------
2026-08-08 01:35:06     Matrix setup time        :	0 s
                        Degrees of freedom       :	146394
                        Number of mesh cells     :	22013

                        Stimulation port         :	Zmin
                        Mode number              :	1
                        Accuracy                 :	9.27892e-05
                        Iterations               :	15
                        Solver time              :	1 s


                      ------------------------------------------------------------------------------
2026-08-08 01:35:06     Delta calculation        
2026-08-08 01:35:06     All S-Parameters         :	0.0151002
2026-08-08 01:35:06   

                      ------------------------------------------------------------------------------
2026-08-08 01:35:07   Adaptive mesh refinement pass 3

                      ------------------------------------------------------------------------------
2026-08-08 01:35:09     Matrix setup time        :	0 s
                        Degrees of freedom       :	174968
                        Number of mesh cells     :	26331

                        Stimulation port         :	Zmin
                        Mode number              :	1
                        Accuracy                 :	5.48163e-05
                        Iterations               :	16
                        Solver time              :	1 s


                      ------------------------------------------------------------------------------
2026-08-08 01:35:09     Delta calculation        
2026-08-08 01:35:09     All S-Parameters         :	0.00768128
2026-08-08 01:35:09   

                      ------------------------------------------------------------------------------
2026-08-08 01:35:09   Mesh adaptation terminated because the desired accuracy limit is reached.

                      ------------------------------------------------------------------------------
2026-08-08 01:35:09     Total time               :	7 s

                      ------------------------------------------------------------------------------
2026-08-08 01:35:09   

                      ------------------------------------------------------------------------------
2026-08-08 01:35:09     Calculation 3 (Frequency: 22 THz, Theta: 0, Phi: 0)


                      ------------------------------------------------------------------------------
2026-08-08 01:35:09   Running the PortModeSolver.

                      ------------------------------------------------------------------------------
2026-08-08 01:35:10   Adaptive mesh refinement pass 1

                      ------------------------------------------------------------------------------
2026-08-08 01:35:12     Matrix setup time        :	0 s
                        Degrees of freedom       :	174968
                        Number of mesh cells     :	26331

                        Stimulation port         :	Zmin
                        Mode number              :	1
                        Accuracy                 :	7.73105e-05
                        Iterations               :	19
                        Solver time              :	1 s


                      ------------------------------------------------------------------------------
2026-08-08 01:35:12   The input reflection seems to be large at 22 THz, Theta: 0, Phi: 0.  More...

                      ------------------------------------------------------------------------------
2026-08-08 01:35:13   For some elements the curvature had to be slightly reduced to maintain the quality of the mesh. More...

                      ------------------------------------------------------------------------------
2026-08-08 01:35:13   Adaptive mesh refinement pass 2

                      ------------------------------------------------------------------------------
2026-08-08 01:35:16     Matrix setup time        :	0 s
                        Degrees of freedom       :	211286
                        Number of mesh cells     :	31693

                        Stimulation port         :	Zmin
                        Mode number              :	1
                        Accuracy                 :	8.67579e-05
                        Iterations               :	19
                        Solver time              :	2 s


                      ------------------------------------------------------------------------------
2026-08-08 01:35:16     Delta calculation        
2026-08-08 01:35:16     All S-Parameters         :	0.0336175
2026-08-08 01:35:16   

                      ------------------------------------------------------------------------------
2026-08-08 01:35:17   For some elements the curvature had to be slightly reduced to maintain the quality of the mesh. More...

                      ------------------------------------------------------------------------------
2026-08-08 01:35:17   Adaptive mesh refinement pass 3

                      ------------------------------------------------------------------------------
2026-08-08 01:35:21     Matrix setup time        :	0 s
                        Degrees of freedom       :	246180
                        Number of mesh cells     :	36926

                        Stimulation port         :	Zmin
                        Mode number              :	1
                        Accuracy                 :	9.23535e-05
                        Iterations               :	18
                        Solver time              :	2 s


                      ------------------------------------------------------------------------------
2026-08-08 01:35:21     Delta calculation        
2026-08-08 01:35:21     All S-Parameters         :	0.00307817
2026-08-08 01:35:21   

                      ------------------------------------------------------------------------------
2026-08-08 01:35:21   Mesh adaptation terminated because the desired accuracy limit is reached.

                      ------------------------------------------------------------------------------
2026-08-08 01:35:21     Total time               :	11 s

                      ------------------------------------------------------------------------------
2026-08-08 01:35:21   

                      ------------------------------------------------------------------------------
2026-08-08 01:35:21     Calculation 4 (Frequency: 18.5497 THz, Theta: 0, Phi: 0)


                      ------------------------------------------------------------------------------
2026-08-08 01:35:21   Running the PortModeSolver.

                      ------------------------------------------------------------------------------
2026-08-08 01:35:22   Adaptive mesh refinement pass 1

                      ------------------------------------------------------------------------------
2026-08-08 01:35:25     Matrix setup time        :	0 s
                        Degrees of freedom       :	246180
                        Number of mesh cells     :	36926

                        Stimulation port         :	Zmin
                        Mode number              :	1
                        Accuracy                 :	9.24305e-05
                        Iterations               :	24
                        Solver time              :	2 s


                      ------------------------------------------------------------------------------
2026-08-08 01:35:25   The input reflection seems to be large at 18.5497 THz, Theta: 0, Phi: 0.  More...

                      ------------------------------------------------------------------------------
2026-08-08 01:35:26   Adaptive mesh refinement pass 2

                      ------------------------------------------------------------------------------
2026-08-08 01:35:30     Matrix setup time        :	0 s
                        Degrees of freedom       :	294606
                        Number of mesh cells     :	44267

                        Stimulation port         :	Zmin
                        Mode number              :	1
                        Accuracy                 :	8.69725e-05
                        Iterations               :	21
                        Solver time              :	2 s


                      ------------------------------------------------------------------------------
2026-08-08 01:35:31     Delta calculation        
2026-08-08 01:35:31     All S-Parameters         :	0.0266332
2026-08-08 01:35:31   

                      ------------------------------------------------------------------------------
2026-08-08 01:35:32   Adaptive mesh refinement pass 3

                      ------------------------------------------------------------------------------
2026-08-08 01:35:36     Matrix setup time        :	0 s
                        Degrees of freedom       :	330374
                        Number of mesh cells     :	49609

                        Stimulation port         :	Zmin
                        Mode number              :	1
                        Accuracy                 :	9.10901e-05
                        Iterations               :	17
                        Solver time              :	2 s


                      ------------------------------------------------------------------------------
2026-08-08 01:35:36     Delta calculation        
2026-08-08 01:35:36     All S-Parameters         :	0.00608105
2026-08-08 01:35:36   

                      ------------------------------------------------------------------------------
2026-08-08 01:35:36   Mesh adaptation terminated because the desired accuracy limit is reached.

                      ------------------------------------------------------------------------------
2026-08-08 01:35:36     Total time               :	15 s

                      ------------------------------------------------------------------------------
2026-08-08 01:35:36   

                      ------------------------------------------------------------------------------
2026-08-08 01:35:36     Calculation 5 (Frequency: 18.9244 THz, Theta: 0, Phi: 0)


                      ------------------------------------------------------------------------------
2026-08-08 01:35:36   Running the PortModeSolver.

                      ------------------------------------------------------------------------------
2026-08-08 01:35:37   Adaptive mesh refinement pass 1

                      ------------------------------------------------------------------------------
2026-08-08 01:35:41     Matrix setup time        :	0 s
                        Degrees of freedom       :	330374
                        Number of mesh cells     :	49609

                        Stimulation port         :	Zmin
                        Mode number              :	1
                        Accuracy                 :	5.07312e-05
                        Iterations               :	21
                        Solver time              :	3 s


                      ------------------------------------------------------------------------------
2026-08-08 01:35:43   Adaptive mesh refinement pass 2

                      ------------------------------------------------------------------------------
2026-08-08 01:35:48     Matrix setup time        :	0 s
                        Degrees of freedom       :	365910
                        Number of mesh cells     :	54937

                        Stimulation port         :	Zmin
                        Mode number              :	1
                        Accuracy                 :	6.53285e-05
                        Iterations               :	20
                        Solver time              :	3 s


                      ------------------------------------------------------------------------------
2026-08-08 01:35:48     Delta calculation        
2026-08-08 01:35:48     All S-Parameters         :	0.00260692
2026-08-08 01:35:48   

                      ------------------------------------------------------------------------------
2026-08-08 01:35:50   Adaptive mesh refinement pass 3

                      ------------------------------------------------------------------------------
2026-08-08 01:35:55     Matrix setup time        :	0 s
                        Degrees of freedom       :	400502
                        Number of mesh cells     :	60172

                        Stimulation port         :	Zmin
                        Mode number              :	1
                        Accuracy                 :	9.78234e-05
                        Iterations               :	17
                        Solver time              :	3 s


                      ------------------------------------------------------------------------------
2026-08-08 01:35:55     Delta calculation        
2026-08-08 01:35:55     All S-Parameters         :	0.00101051
2026-08-08 01:35:55   

                      ------------------------------------------------------------------------------
2026-08-08 01:35:55   Mesh adaptation terminated because the desired accuracy limit is reached.

                      ------------------------------------------------------------------------------
2026-08-08 01:35:55     Total time               :	19 s

                      ------------------------------------------------------------------------------
2026-08-08 01:35:55   

                      ------------------------------------------------------------------------------
2026-08-08 01:35:55     Calculation 6 (Frequency: 26.3108 THz, Theta: 0, Phi: 0)


                      ------------------------------------------------------------------------------
2026-08-08 01:35:55   Running the PortModeSolver.

                      ------------------------------------------------------------------------------
2026-08-08 01:35:56   Adaptive mesh refinement pass 1

                      ------------------------------------------------------------------------------
2026-08-08 01:36:02     Matrix setup time        :	0 s
                        Degrees of freedom       :	400502
                        Number of mesh cells     :	60172

                        Stimulation port         :	Zmin
                        Mode number              :	1
                        Accuracy                 :	7.91039e-05
                        Iterations               :	21
                        Solver time              :	4 s


                      ------------------------------------------------------------------------------
2026-08-08 01:36:03   Adaptive mesh refinement pass 2

                      ------------------------------------------------------------------------------
2026-08-08 01:36:09     Matrix setup time        :	0 s
                        Solver setup             :	1 s
                        Degrees of freedom       :	434968
                        Number of mesh cells     :	65413

                        Stimulation port         :	Zmin
                        Mode number              :	1
                        Accuracy                 :	8.06792e-05
                        Iterations               :	18
                        Solver time              :	3 s


                      ------------------------------------------------------------------------------
2026-08-08 01:36:10     Delta calculation        
2026-08-08 01:36:10     All S-Parameters         :	0.00261895
2026-08-08 01:36:10   

                      ------------------------------------------------------------------------------
2026-08-08 01:36:11   Adaptive mesh refinement pass 3

                      ------------------------------------------------------------------------------
2026-08-08 01:36:18     Matrix setup time        :	1 s
                        Solver setup             :	1 s
                        Degrees of freedom       :	469214
                        Number of mesh cells     :	70586

                        Stimulation port         :	Zmin
                        Mode number              :	1
                        Accuracy                 :	6.18041e-05
                        Iterations               :	17
                        Solver time              :	3 s


                      ------------------------------------------------------------------------------
2026-08-08 01:36:18     Delta calculation        
2026-08-08 01:36:18     All S-Parameters         :	0.00113293
2026-08-08 01:36:18   

                      ------------------------------------------------------------------------------
2026-08-08 01:36:18   Mesh adaptation terminated because the desired accuracy limit is reached.

                      ------------------------------------------------------------------------------
2026-08-08 01:36:18     Total time               :	22 s

                      ------------------------------------------------------------------------------
2026-08-08 01:36:18   

                      ------------------------------------------------------------------------------
2026-08-08 01:36:18     Calculation 7 (Frequency: 26.4982 THz, Theta: 0, Phi: 0)


                      ------------------------------------------------------------------------------
2026-08-08 01:36:18   Running the PortModeSolver.

                      ------------------------------------------------------------------------------
2026-08-08 01:36:19   Adaptive mesh refinement pass 1

                      ------------------------------------------------------------------------------
2026-08-08 01:36:31     Matrix setup time        :	0 s
                        Degrees of freedom       :	469214
                        Number of mesh cells     :	70586

                        Stimulation port         :	Zmin
                        Mode number              :	1
                        Accuracy                 :	8.37124e-05
                        Iterations               :	50
                        Solver time              :	10 s


                      ------------------------------------------------------------------------------
2026-08-08 01:36:33   Adaptive mesh refinement pass 2

                      ------------------------------------------------------------------------------
2026-08-08 01:36:47     Matrix setup time        :	1 s
                        Solver setup             :	1 s
                        Degrees of freedom       :	504144
                        Number of mesh cells     :	75901

                        Stimulation port         :	Zmin
                        Mode number              :	1
                        Accuracy                 :	5.15613e-05
                        Iterations               :	50
                        Solver time              :	11 s


                      ------------------------------------------------------------------------------
2026-08-08 01:36:47     Delta calculation        
2026-08-08 01:36:47     All S-Parameters         :	0.00835801
2026-08-08 01:36:47   

                      ------------------------------------------------------------------------------
2026-08-08 01:36:49   Adaptive mesh refinement pass 3

                      ------------------------------------------------------------------------------
2026-08-08 01:37:05     Matrix setup time        :	1 s
                        Solver setup             :	1 s
                        Degrees of freedom       :	537942
                        Number of mesh cells     :	81078

                        Stimulation port         :	Zmin
                        Mode number              :	1
                        Accuracy                 :	9.85732e-05
                        Iterations               :	50
                        Solver time              :	13 s


                      ------------------------------------------------------------------------------
2026-08-08 01:37:05     Delta calculation        
2026-08-08 01:37:05     All S-Parameters         :	0.00276365
2026-08-08 01:37:05   

                      ------------------------------------------------------------------------------
2026-08-08 01:37:05   Mesh adaptation terminated because the desired accuracy limit is reached.

                      ------------------------------------------------------------------------------
2026-08-08 01:37:05     Total time               :	47 s

                      ------------------------------------------------------------------------------
2026-08-08 01:37:05   

                      ------------------------------------------------------------------------------
2026-08-08 01:37:05     Calculation 8 (Frequency: 17.728 THz, Theta: 0, Phi: 0)


                      ------------------------------------------------------------------------------
2026-08-08 01:37:05   Running the PortModeSolver.

                      ------------------------------------------------------------------------------
2026-08-08 01:37:06   Adaptive mesh refinement pass 1

                      ------------------------------------------------------------------------------
2026-08-08 01:37:12     Matrix setup time        :	0 s
                        Solver setup             :	1 s
                        Degrees of freedom       :	537942
                        Number of mesh cells     :	81078

                        Stimulation port         :	Zmin
                        Mode number              :	1
                        Accuracy                 :	6.72345e-05
                        Iterations               :	13
                        Solver time              :	3 s


                      ------------------------------------------------------------------------------
2026-08-08 01:37:12   The input reflection seems to be large at 17.728 THz, Theta: 0, Phi: 0.  More...

                      ------------------------------------------------------------------------------
2026-08-08 01:37:15   Adaptive mesh refinement pass 2

                      ------------------------------------------------------------------------------
2026-08-08 01:37:22     Matrix setup time        :	1 s
                        Solver setup             :	1 s
                        Degrees of freedom       :	572262
                        Number of mesh cells     :	86325

                        Stimulation port         :	Zmin
                        Mode number              :	1
                        Accuracy                 :	9.83772e-05
                        Iterations               :	12
                        Solver time              :	3 s


                      ------------------------------------------------------------------------------
2026-08-08 01:37:22     Delta calculation        
2026-08-08 01:37:22     All S-Parameters         :	0.00164701
2026-08-08 01:37:22   

                      ------------------------------------------------------------------------------
2026-08-08 01:37:24   Adaptive mesh refinement pass 3

                      ------------------------------------------------------------------------------
2026-08-08 01:37:31     Matrix setup time        :	1 s
                        Solver setup             :	1 s
                        Degrees of freedom       :	606832
                        Number of mesh cells     :	91559

                        Stimulation port         :	Zmin
                        Mode number              :	1
                        Accuracy                 :	8.67442e-05
                        Iterations               :	12
                        Solver time              :	3 s


                      ------------------------------------------------------------------------------
2026-08-08 01:37:31     Delta calculation        
2026-08-08 01:37:31     All S-Parameters         :	0.000269734
2026-08-08 01:37:31   

                      ------------------------------------------------------------------------------
2026-08-08 01:37:31   Mesh adaptation terminated because the desired accuracy limit is reached.

                      ------------------------------------------------------------------------------
2026-08-08 01:37:31     Total time               :	25 s

                      ------------------------------------------------------------------------------
2026-08-08 01:37:31   

                      ------------------------------------------------------------------------------
2026-08-08 01:37:31     Calculation 9 (Frequency: 20.584 THz, Theta: 0, Phi: 0)


                      ------------------------------------------------------------------------------
2026-08-08 01:37:31   Running the PortModeSolver.

                      ------------------------------------------------------------------------------
2026-08-08 01:37:32   Adaptive mesh refinement pass 1

                      ------------------------------------------------------------------------------
2026-08-08 01:37:38     Matrix setup time        :	0 s
                        Degrees of freedom       :	606832
                        Number of mesh cells     :	91559

                        Stimulation port         :	Zmin
                        Mode number              :	1
                        Accuracy                 :	8.6762e-05
                        Iterations               :	14
                        Solver time              :	3 s


                      ------------------------------------------------------------------------------
2026-08-08 01:37:38   The input reflection seems to be large at 20.584 THz, Theta: 0, Phi: 0.  More...

                      ------------------------------------------------------------------------------
2026-08-08 01:37:40   Adaptive mesh refinement pass 2

                      ------------------------------------------------------------------------------
2026-08-08 01:37:48     Matrix setup time        :	1 s
                        Solver setup             :	1 s
                        Degrees of freedom       :	641470
                        Number of mesh cells     :	96832

                        Stimulation port         :	Zmin
                        Mode number              :	1
                        Accuracy                 :	7.41585e-05
                        Iterations               :	13
                        Solver time              :	4 s


                      ------------------------------------------------------------------------------
2026-08-08 01:37:48     Delta calculation        
2026-08-08 01:37:48     All S-Parameters         :	0.00242133
2026-08-08 01:37:48   

                      ------------------------------------------------------------------------------
2026-08-08 01:37:50   Adaptive mesh refinement pass 3

                      ------------------------------------------------------------------------------
2026-08-08 01:37:58     Matrix setup time        :	1 s
                        Solver setup             :	1 s
                        Degrees of freedom       :	676284
                        Number of mesh cells     :	102119

                        Stimulation port         :	Zmin
                        Mode number              :	1
                        Accuracy                 :	8.82119e-05
                        Iterations               :	12
                        Solver time              :	3 s


                      ------------------------------------------------------------------------------
2026-08-08 01:37:58     Delta calculation        
2026-08-08 01:37:58     All S-Parameters         :	0.000757713
2026-08-08 01:37:58   

                      ------------------------------------------------------------------------------
2026-08-08 01:37:58   Mesh adaptation terminated because the desired accuracy limit is reached.

                      ------------------------------------------------------------------------------
2026-08-08 01:37:58     Total time               :	26 s

                      ------------------------------------------------------------------------------
2026-08-08 01:37:58   

                      ------------------------------------------------------------------------------
2026-08-08 01:37:58     Calculation 10 (Frequency: 33.976 THz, Theta: 0, Phi: 0)


                      ------------------------------------------------------------------------------
2026-08-08 01:37:58   Running the PortModeSolver.

                      ------------------------------------------------------------------------------
2026-08-08 01:37:59   Adaptive mesh refinement pass 1

                      ------------------------------------------------------------------------------
2026-08-08 01:38:05     Matrix setup time        :	0 s
                        Solver setup             :	1 s
                        Degrees of freedom       :	676284
                        Number of mesh cells     :	102119

                        Stimulation port         :	Zmin
                        Mode number              :	1
                        Accuracy                 :	9.49297e-05
                        Iterations               :	13
                        Solver time              :	4 s


                      ------------------------------------------------------------------------------
2026-08-08 01:38:08   Adaptive mesh refinement pass 2

                      ------------------------------------------------------------------------------
2026-08-08 01:38:16     Matrix setup time        :	1 s
                        Solver setup             :	1 s
                        Degrees of freedom       :	709882
                        Number of mesh cells     :	107307

                        Stimulation port         :	Zmin
                        Mode number              :	1
                        Accuracy                 :	9.04888e-05
                        Iterations               :	13
                        Solver time              :	4 s


                      ------------------------------------------------------------------------------
2026-08-08 01:38:16     Delta calculation        
2026-08-08 01:38:16     All S-Parameters         :	0.000405604
2026-08-08 01:38:16   

                      ------------------------------------------------------------------------------
2026-08-08 01:38:19   Adaptive mesh refinement pass 3

                      ------------------------------------------------------------------------------
2026-08-08 01:38:27     Matrix setup time        :	1 s
                        Solver setup             :	2 s
                        Degrees of freedom       :	743642
                        Number of mesh cells     :	112503

                        Stimulation port         :	Zmin
                        Mode number              :	1
                        Accuracy                 :	9.74839e-05
                        Iterations               :	13
                        Solver time              :	4 s


                      ------------------------------------------------------------------------------
2026-08-08 01:38:28     Delta calculation        
2026-08-08 01:38:28     All S-Parameters         :	0.000347948
2026-08-08 01:38:28   

                      ------------------------------------------------------------------------------
2026-08-08 01:38:28   Mesh adaptation terminated because the desired accuracy limit is reached.

                      ------------------------------------------------------------------------------
2026-08-08 01:38:28     Total time               :	29 s

                      ------------------------------------------------------------------------------
2026-08-08 01:38:28   

                      ------------------------------------------------------------------------------
2026-08-08 01:38:28     Calculation 11 (Frequency: 16.12 THz, Theta: 0, Phi: 0)


                      ------------------------------------------------------------------------------
2026-08-08 01:38:28   Running the PortModeSolver.

                      ------------------------------------------------------------------------------
2026-08-08 01:38:29   Adaptive mesh refinement pass 1

                      ------------------------------------------------------------------------------
2026-08-08 01:38:35     Matrix setup time        :	0 s
                        Solver setup             :	1 s
                        Degrees of freedom       :	743642
                        Number of mesh cells     :	112503

                        Stimulation port         :	Zmin
                        Mode number              :	1
                        Accuracy                 :	8.78818e-05
                        Iterations               :	10
                        Solver time              :	3 s


                      ------------------------------------------------------------------------------
2026-08-08 01:38:35   The input reflection seems to be large at 16.12 THz, Theta: 0, Phi: 0.  More...

                      ------------------------------------------------------------------------------
2026-08-08 01:38:38   Adaptive mesh refinement pass 2

                      ------------------------------------------------------------------------------
2026-08-08 01:38:46     Matrix setup time        :	1 s
                        Solver setup             :	2 s
                        Degrees of freedom       :	778084
                        Number of mesh cells     :	117731

                        Stimulation port         :	Zmin
                        Mode number              :	1
                        Accuracy                 :	8.21653e-05
                        Iterations               :	10
                        Solver time              :	3 s


                      ------------------------------------------------------------------------------
2026-08-08 01:38:46     Delta calculation        
2026-08-08 01:38:46     All S-Parameters         :	0.000888659
2026-08-08 01:38:46   

                      ------------------------------------------------------------------------------
2026-08-08 01:38:49   Adaptive mesh refinement pass 3

                      ------------------------------------------------------------------------------
2026-08-08 01:38:57     Matrix setup time        :	1 s
                        Solver setup             :	2 s
                        Degrees of freedom       :	812140
                        Number of mesh cells     :	122912

                        Stimulation port         :	Zmin
                        Mode number              :	1
                        Accuracy                 :	8.27607e-05
                        Iterations               :	10
                        Solver time              :	4 s


                      ------------------------------------------------------------------------------
2026-08-08 01:38:58     Delta calculation        
2026-08-08 01:38:58     All S-Parameters         :	0.000136237
2026-08-08 01:38:58   

                      ------------------------------------------------------------------------------
2026-08-08 01:38:58   Mesh adaptation terminated because the desired accuracy limit is reached.

                      ------------------------------------------------------------------------------
2026-08-08 01:38:58     Total time               :	29 s

                      ------------------------------------------------------------------------------
2026-08-08 01:38:58   

                      ------------------------------------------------------------------------------
2026-08-08 01:38:58     Calculation 12 (Frequency: 32.608 THz, Theta: 0, Phi: 0)


                      ------------------------------------------------------------------------------
2026-08-08 01:38:58   Running the PortModeSolver.

                      ------------------------------------------------------------------------------
2026-08-08 01:38:59   Adaptive mesh refinement pass 1

                      ------------------------------------------------------------------------------
2026-08-08 01:39:06     Matrix setup time        :	0 s
                        Solver setup             :	1 s
                        Degrees of freedom       :	812140
                        Number of mesh cells     :	122912

                        Stimulation port         :	Zmin
                        Mode number              :	1
                        Accuracy                 :	8.11118e-05
                        Iterations               :	12
                        Solver time              :	4 s


                      ------------------------------------------------------------------------------
2026-08-08 01:39:10   Adaptive mesh refinement pass 2

                      ------------------------------------------------------------------------------
2026-08-08 01:39:20     Matrix setup time        :	1 s
                        Solver setup             :	2 s
                        Degrees of freedom       :	845732
                        Number of mesh cells     :	128095

                        Stimulation port         :	Zmin
                        Mode number              :	1
                        Accuracy                 :	7.57393e-05
                        Iterations               :	12
                        Solver time              :	5 s


                      ------------------------------------------------------------------------------
2026-08-08 01:39:20     Delta calculation        
2026-08-08 01:39:20     All S-Parameters         :	0.000131402
2026-08-08 01:39:20   

                      ------------------------------------------------------------------------------
2026-08-08 01:39:24   Adaptive mesh refinement pass 3

                      ------------------------------------------------------------------------------
2026-08-08 01:39:34     Matrix setup time        :	1 s
                        Solver setup             :	3 s
                        Degrees of freedom       :	879528
                        Number of mesh cells     :	133258

                        Stimulation port         :	Zmin
                        Mode number              :	1
                        Accuracy                 :	6.79837e-05
                        Iterations               :	12
                        Solver time              :	5 s


                      ------------------------------------------------------------------------------
2026-08-08 01:39:35     Delta calculation        
2026-08-08 01:39:35     All S-Parameters         :	0.000143012
2026-08-08 01:39:35   

                      ------------------------------------------------------------------------------
2026-08-08 01:39:35   Mesh adaptation terminated because the desired accuracy limit is reached.

                      ------------------------------------------------------------------------------
2026-08-08 01:39:35     Total time               :	36 s

                      ------------------------------------------------------------------------------
2026-08-08 01:39:35   

                      ------------------------------------------------------------------------------
2026-08-08 01:39:35     Calculation 13 (Frequency: 19.408 THz, Theta: 0, Phi: 0)


                      ------------------------------------------------------------------------------
2026-08-08 01:39:35   Running the PortModeSolver.

                      ------------------------------------------------------------------------------
2026-08-08 01:39:36   Adaptive mesh refinement pass 1

                      ------------------------------------------------------------------------------
2026-08-08 01:39:43     Matrix setup time        :	0 s
                        Solver setup             :	1 s
                        Degrees of freedom       :	879528
                        Number of mesh cells     :	133258

                        Stimulation port         :	Zmin
                        Mode number              :	1
                        Accuracy                 :	8.75831e-05
                        Iterations               :	12
                        Solver time              :	4 s


                      ------------------------------------------------------------------------------
2026-08-08 01:39:47   Adaptive mesh refinement pass 2

                      ------------------------------------------------------------------------------
2026-08-08 01:39:56     Matrix setup time        :	1 s
                        Solver setup             :	2 s
                        Degrees of freedom       :	914158
                        Number of mesh cells     :	138521

                        Stimulation port         :	Zmin
                        Mode number              :	1
                        Accuracy                 :	7.46933e-05
                        Iterations               :	12
                        Solver time              :	4 s


                      ------------------------------------------------------------------------------
2026-08-08 01:39:56     Delta calculation        
2026-08-08 01:39:56     All S-Parameters         :	0.00226676
2026-08-08 01:39:56   

                      ------------------------------------------------------------------------------
2026-08-08 01:40:00   Adaptive mesh refinement pass 3

                      ------------------------------------------------------------------------------
2026-08-08 01:40:09     Matrix setup time        :	1 s
                        Solver setup             :	2 s
                        Degrees of freedom       :	949010
                        Number of mesh cells     :	143773

                        Stimulation port         :	Zmin
                        Mode number              :	1
                        Accuracy                 :	7.28278e-05
                        Iterations               :	12
                        Solver time              :	5 s


                      ------------------------------------------------------------------------------
2026-08-08 01:40:10     Delta calculation        
2026-08-08 01:40:10     All S-Parameters         :	0.0010764
2026-08-08 01:40:10   

                      ------------------------------------------------------------------------------
2026-08-08 01:40:10   Mesh adaptation terminated because the desired accuracy limit is reached.

                      ------------------------------------------------------------------------------
2026-08-08 01:40:10     Total time               :	34 s

                      ------------------------------------------------------------------------------
2026-08-08 01:40:10   

                      ------------------------------------------------------------------------------
2026-08-08 01:40:10     Calculation 14 (Frequency: 15.184 THz, Theta: 0, Phi: 0)


                      ------------------------------------------------------------------------------
2026-08-08 01:40:10   Running the PortModeSolver.

                      ------------------------------------------------------------------------------
2026-08-08 01:40:11   Adaptive mesh refinement pass 1

                      ------------------------------------------------------------------------------
2026-08-08 01:40:19     Matrix setup time        :	0 s
                        Solver setup             :	1 s
                        Degrees of freedom       :	949010
                        Number of mesh cells     :	143773

                        Stimulation port         :	Zmin
                        Mode number              :	1
                        Accuracy                 :	9.13271e-05
                        Iterations               :	11
                        Solver time              :	4 s


                      ------------------------------------------------------------------------------
2026-08-08 01:40:19   The input reflection seems to be large at 15.184 THz, Theta: 0, Phi: 0.  More...

                      ------------------------------------------------------------------------------
2026-08-08 01:40:22   Adaptive mesh refinement pass 2

                      ------------------------------------------------------------------------------
2026-08-08 01:40:32     Matrix setup time        :	2 s
                        Solver setup             :	3 s
                        Degrees of freedom       :	983122
                        Number of mesh cells     :	148996

                        Stimulation port         :	Zmin
                        Mode number              :	1
                        Accuracy                 :	8.94317e-05
                        Iterations               :	9
                        Solver time              :	4 s


                      ------------------------------------------------------------------------------
2026-08-08 01:40:33     Delta calculation        
2026-08-08 01:40:33     All S-Parameters         :	0.000406769
2026-08-08 01:40:33   

                      ------------------------------------------------------------------------------
2026-08-08 01:40:36   Adaptive mesh refinement pass 3

                      ------------------------------------------------------------------------------
2026-08-08 01:40:47     Matrix setup time        :	2 s
                        Solver setup             :	3 s
                        Degrees of freedom       :	1017458
                        Number of mesh cells     :	154242

                        Stimulation port         :	Zmin
                        Mode number              :	1
                        Accuracy                 :	8.00875e-05
                        Iterations               :	9
                        Solver time              :	4 s


                      ------------------------------------------------------------------------------
2026-08-08 01:40:47     Delta calculation        
2026-08-08 01:40:47     All S-Parameters         :	0.000101313
2026-08-08 01:40:47   

                      ------------------------------------------------------------------------------
2026-08-08 01:40:47   Mesh adaptation terminated because the desired accuracy limit is reached.

                      ------------------------------------------------------------------------------
2026-08-08 01:40:47     Total time               :	37 s

                      ------------------------------------------------------------------------------
2026-08-08 01:40:47   

                      ------------------------------------------------------------------------------
2026-08-08 01:40:47     Calculation 15 (Frequency: 33.136 THz, Theta: 0, Phi: 0)


                      ------------------------------------------------------------------------------
2026-08-08 01:40:47   Running the PortModeSolver.

                      ------------------------------------------------------------------------------
2026-08-08 01:40:49   Adaptive mesh refinement pass 1

                      ------------------------------------------------------------------------------
2026-08-08 01:40:59     Matrix setup time        :	1 s
                        Solver setup             :	2 s
                        Degrees of freedom       :	1017458
                        Number of mesh cells     :	154242

                        Stimulation port         :	Zmin
                        Mode number              :	1
                        Accuracy                 :	5.0382e-05
                        Iterations               :	12
                        Solver time              :	6 s


                      ------------------------------------------------------------------------------
2026-08-08 01:41:03   Adaptive mesh refinement pass 2

                      ------------------------------------------------------------------------------
2026-08-08 01:41:15     Matrix setup time        :	2 s
                        Solver setup             :	3 s
                        Degrees of freedom       :	1051474
                        Number of mesh cells     :	159438

                        Stimulation port         :	Zmin
                        Mode number              :	1
                        Accuracy                 :	7.08963e-05
                        Iterations               :	11
                        Solver time              :	6 s


                      ------------------------------------------------------------------------------
2026-08-08 01:41:15     Delta calculation        
2026-08-08 01:41:15     All S-Parameters         :	0.000251107
2026-08-08 01:41:15   

                      ------------------------------------------------------------------------------
2026-08-08 01:41:19   Adaptive mesh refinement pass 3

                      ------------------------------------------------------------------------------
2026-08-08 01:41:32     Matrix setup time        :	2 s
                        Solver setup             :	3 s
                        Degrees of freedom       :	1085168
                        Number of mesh cells     :	164617

                        Stimulation port         :	Zmin
                        Mode number              :	1
                        Accuracy                 :	8.78888e-05
                        Iterations               :	11
                        Solver time              :	6 s


                      ------------------------------------------------------------------------------
2026-08-08 01:41:32     Delta calculation        
2026-08-08 01:41:32     All S-Parameters         :	0.000235378
2026-08-08 01:41:32   

                      ------------------------------------------------------------------------------
2026-08-08 01:41:32   Mesh adaptation terminated because the desired accuracy limit is reached.

                      ------------------------------------------------------------------------------
2026-08-08 01:41:33     Total time               :	45 s

                      ------------------------------------------------------------------------------
2026-08-08 01:41:33   

                      ------------------------------------------------------------------------------
2026-08-08 01:41:33     Calculation 16 (Frequency: 32.056 THz, Theta: 0, Phi: 0)


                      ------------------------------------------------------------------------------
2026-08-08 01:41:33   Running the PortModeSolver.

                      ------------------------------------------------------------------------------
2026-08-08 01:41:34   Adaptive mesh refinement pass 1

                      ------------------------------------------------------------------------------
2026-08-08 01:41:43     Matrix setup time        :	1 s
                        Solver setup             :	2 s
                        Degrees of freedom       :	1085168
                        Number of mesh cells     :	164617

                        Stimulation port         :	Zmin
                        Mode number              :	1
                        Accuracy                 :	7.36863e-05
                        Iterations               :	10
                        Solver time              :	5 s


                      ------------------------------------------------------------------------------
2026-08-08 01:41:48   Adaptive mesh refinement pass 2

                      ------------------------------------------------------------------------------
2026-08-08 01:42:03     Matrix setup time        :	2 s
                        Solver setup             :	5 s
                        Degrees of freedom       :	1118928
                        Number of mesh cells     :	169777

                        Stimulation port         :	Zmin
                        Mode number              :	1
                        Accuracy                 :	7.03152e-05
                        Iterations               :	11
                        Solver time              :	7 s


                      ------------------------------------------------------------------------------
2026-08-08 01:42:04     Delta calculation        
2026-08-08 01:42:04     All S-Parameters         :	0.000104331
2026-08-08 01:42:04   

                      ------------------------------------------------------------------------------
2026-08-08 01:42:08   Adaptive mesh refinement pass 3

                      ------------------------------------------------------------------------------
2026-08-08 01:42:22     Matrix setup time        :	2 s
                        Solver setup             :	4 s
                        Degrees of freedom       :	1152728
                        Number of mesh cells     :	174962

                        Stimulation port         :	Zmin
                        Mode number              :	1
                        Accuracy                 :	6.80498e-05
                        Iterations               :	11
                        Solver time              :	6 s


                      ------------------------------------------------------------------------------
2026-08-08 01:42:22     Delta calculation        
2026-08-08 01:42:22     All S-Parameters         :	0.000105251
2026-08-08 01:42:22   

                      ------------------------------------------------------------------------------
2026-08-08 01:42:22   Mesh adaptation terminated because the desired accuracy limit is reached.

                      ------------------------------------------------------------------------------
2026-08-08 01:42:23     Total time               :	49 s

                      ------------------------------------------------------------------------------
2026-08-08 01:42:23   

                      ------------------------------------------------------------------------------
2026-08-08 01:42:23     Calculation 17 (Frequency: 25.792 THz, Theta: 0, Phi: 0)


                      ------------------------------------------------------------------------------
2026-08-08 01:42:23   Running the PortModeSolver.

                      ------------------------------------------------------------------------------
2026-08-08 01:42:24   Adaptive mesh refinement pass 1

                      ------------------------------------------------------------------------------
2026-08-08 01:42:35     Matrix setup time        :	1 s
                        Solver setup             :	2 s
                        Degrees of freedom       :	1152728
                        Number of mesh cells     :	174962

                        Stimulation port         :	Zmin
                        Mode number              :	1
                        Accuracy                 :	6.12912e-05
                        Iterations               :	12
                        Solver time              :	7 s


                      ------------------------------------------------------------------------------
2026-08-08 01:42:40   Adaptive mesh refinement pass 2

                      ------------------------------------------------------------------------------
2026-08-08 01:42:55     Matrix setup time        :	2 s
                        Solver setup             :	4 s
                        Degrees of freedom       :	1186300
                        Number of mesh cells     :	180124

                        Stimulation port         :	Zmin
                        Mode number              :	1
                        Accuracy                 :	7.22859e-05
                        Iterations               :	12
                        Solver time              :	7 s


                      ------------------------------------------------------------------------------
2026-08-08 01:42:55     Delta calculation        
2026-08-08 01:42:55     All S-Parameters         :	0.000788034
2026-08-08 01:42:55   

                      ------------------------------------------------------------------------------
2026-08-08 01:43:00   Adaptive mesh refinement pass 3

                      ------------------------------------------------------------------------------
2026-08-08 01:43:15     Matrix setup time        :	2 s
                        Solver setup             :	4 s
                        Degrees of freedom       :	1220358
                        Number of mesh cells     :	185320

                        Stimulation port         :	Zmin
                        Mode number              :	1
                        Accuracy                 :	8.70573e-05
                        Iterations               :	12
                        Solver time              :	7 s


                      ------------------------------------------------------------------------------
2026-08-08 01:43:16     Delta calculation        
2026-08-08 01:43:16     All S-Parameters         :	0.000156534
2026-08-08 01:43:16   

                      ------------------------------------------------------------------------------
2026-08-08 01:43:16   Mesh adaptation terminated because the desired accuracy limit is reached.

                      ------------------------------------------------------------------------------
2026-08-08 01:43:16     Total time               :	52 s

                      ------------------------------------------------------------------------------
2026-08-08 01:43:16   

                      ------------------------------------------------------------------------------
2026-08-08 01:43:16     Calculation 18 (Frequency: 26.872 THz, Theta: 0, Phi: 0)


                      ------------------------------------------------------------------------------
2026-08-08 01:43:16   Running the PortModeSolver.

                      ------------------------------------------------------------------------------
2026-08-08 01:43:17   Adaptive mesh refinement pass 1

                      ------------------------------------------------------------------------------
2026-08-08 01:43:30     Matrix setup time        :	1 s
                        Solver setup             :	3 s
                        Degrees of freedom       :	1220358
                        Number of mesh cells     :	185320

                        Stimulation port         :	Zmin
                        Mode number              :	1
                        Accuracy                 :	7.83419e-05
                        Iterations               :	13
                        Solver time              :	8 s


                      ------------------------------------------------------------------------------
2026-08-08 01:43:35   Adaptive mesh refinement pass 2

                      ------------------------------------------------------------------------------
2026-08-08 01:43:52     Matrix setup time        :	2 s
                        Solver setup             :	5 s
                        Degrees of freedom       :	1254462
                        Number of mesh cells     :	190523

                        Stimulation port         :	Zmin
                        Mode number              :	1
                        Accuracy                 :	8.59873e-05
                        Iterations               :	13
                        Solver time              :	8 s


                      ------------------------------------------------------------------------------
2026-08-08 01:43:52     Delta calculation        
2026-08-08 01:43:52     All S-Parameters         :	0.000359401
2026-08-08 01:43:52   

                      ------------------------------------------------------------------------------
2026-08-08 01:43:57   Adaptive mesh refinement pass 3

                      ------------------------------------------------------------------------------
2026-08-08 01:44:14     Matrix setup time        :	2 s
                        Solver setup             :	5 s
                        Degrees of freedom       :	1288026
                        Number of mesh cells     :	195658

                        Stimulation port         :	Zmin
                        Mode number              :	1
                        Accuracy                 :	7.92379e-05
                        Iterations               :	12
                        Solver time              :	8 s


                      ------------------------------------------------------------------------------
2026-08-08 01:44:14     Delta calculation        
2026-08-08 01:44:14     All S-Parameters         :	5.10786e-05
2026-08-08 01:44:14   

                      ------------------------------------------------------------------------------
2026-08-08 01:44:14   Mesh adaptation terminated because the desired accuracy limit is reached.

                      ------------------------------------------------------------------------------
2026-08-08 01:44:15     Total time               :	58 s

                      ------------------------------------------------------------------------------
2026-08-08 01:44:15   

                      ------------------------------------------------------------------------------
2026-08-08 01:44:15     Calculation 19 (Frequency: 23.344 THz, Theta: 0, Phi: 0)


                      ------------------------------------------------------------------------------
2026-08-08 01:44:15   Running the PortModeSolver.

                      ------------------------------------------------------------------------------
2026-08-08 01:44:16   Adaptive mesh refinement pass 1

                      ------------------------------------------------------------------------------
2026-08-08 01:44:30     Matrix setup time        :	1 s
                        Solver setup             :	4 s
                        Degrees of freedom       :	1288026
                        Number of mesh cells     :	195658

                        Stimulation port         :	Zmin
                        Mode number              :	1
                        Accuracy                 :	8.54201e-05
                        Iterations               :	11
                        Solver time              :	8 s


                      ------------------------------------------------------------------------------
2026-08-08 01:44:30   The input reflection seems to be large at 23.344 THz, Theta: 0, Phi: 0.  More...

                      ------------------------------------------------------------------------------
2026-08-08 01:44:35   Adaptive mesh refinement pass 2

                      ------------------------------------------------------------------------------
2026-08-08 01:44:51     Matrix setup time        :	3 s
                        Solver setup             :	4 s
                        Degrees of freedom       :	1322032
                        Number of mesh cells     :	200855

                        Stimulation port         :	Zmin
                        Mode number              :	1
                        Accuracy                 :	8.69063e-05
                        Iterations               :	11
                        Solver time              :	7 s


                      ------------------------------------------------------------------------------
2026-08-08 01:44:52     Delta calculation        
2026-08-08 01:44:52     All S-Parameters         :	0.000972896
2026-08-08 01:44:52   

                      ------------------------------------------------------------------------------
2026-08-08 01:44:57   Adaptive mesh refinement pass 3

                      ------------------------------------------------------------------------------
2026-08-08 01:45:13     Matrix setup time        :	3 s
                        Solver setup             :	4 s
                        Degrees of freedom       :	1356082
                        Number of mesh cells     :	206062

                        Stimulation port         :	Zmin
                        Mode number              :	1
                        Accuracy                 :	8.07933e-05
                        Iterations               :	11
                        Solver time              :	7 s


                      ------------------------------------------------------------------------------
2026-08-08 01:45:13     Delta calculation        
2026-08-08 01:45:13     All S-Parameters         :	0.000225147
2026-08-08 01:45:13   

                      ------------------------------------------------------------------------------
2026-08-08 01:45:13   Mesh adaptation terminated because the desired accuracy limit is reached.

                      ------------------------------------------------------------------------------
2026-08-08 01:45:13     Total time               :	58 s

                      ------------------------------------------------------------------------------
2026-08-08 01:45:13   

                      ------------------------------------------------------------------------------
2026-08-08 01:45:13     Calculation 20 (Frequency: 26.44 THz, Theta: 0, Phi: 0)


                      ------------------------------------------------------------------------------
2026-08-08 01:45:13   Running the PortModeSolver.

                      ------------------------------------------------------------------------------
2026-08-08 01:45:15   Adaptive mesh refinement pass 1

                      ------------------------------------------------------------------------------
2026-08-08 01:45:29     Matrix setup time        :	1 s
                        Solver setup             :	3 s
                        Degrees of freedom       :	1356082
                        Number of mesh cells     :	206062

                        Stimulation port         :	Zmin
                        Mode number              :	1
                        Accuracy                 :	9.26346e-05
                        Iterations               :	14
                        Solver time              :	9 s


                      ------------------------------------------------------------------------------
2026-08-08 01:45:35   Adaptive mesh refinement pass 2

                      ------------------------------------------------------------------------------
2026-08-08 01:45:55     Matrix setup time        :	3 s
                        Solver setup             :	5 s
                        Degrees of freedom       :	1389918
                        Number of mesh cells     :	211252

                        Stimulation port         :	Zmin
                        Mode number              :	1
                        Accuracy                 :	8.03413e-05
                        Iterations               :	14
                        Solver time              :	10 s


                      ------------------------------------------------------------------------------
2026-08-08 01:45:55     Delta calculation        
2026-08-08 01:45:55     All S-Parameters         :	9.0638e-05
2026-08-08 01:45:55   

                      ------------------------------------------------------------------------------
2026-08-08 01:46:00   Adaptive mesh refinement pass 3

                      ------------------------------------------------------------------------------
2026-08-08 01:46:21     Matrix setup time        :	3 s
                        Solver setup             :	6 s
                        Degrees of freedom       :	1423408
                        Number of mesh cells     :	216411

                        Stimulation port         :	Zmin
                        Mode number              :	1
                        Accuracy                 :	7.34016e-05
                        Iterations               :	14
                        Solver time              :	11 s


                      ------------------------------------------------------------------------------
2026-08-08 01:46:22     Delta calculation        
2026-08-08 01:46:22     All S-Parameters         :	0.000346715
2026-08-08 01:46:22   

                      ------------------------------------------------------------------------------
2026-08-08 01:46:22   Mesh adaptation terminated because the desired accuracy limit is reached.

                      ------------------------------------------------------------------------------
2026-08-08 01:46:22     Total time               :	68 s	 (= 0 h, 01 m, 08 s)

                      ------------------------------------------------------------------------------
2026-08-08 01:46:22   

                      ------------------------------------------------------------------------------
2026-08-08 01:46:22     Calculation 21 (Frequency: 28.264 THz, Theta: 0, Phi: 0)


                      ------------------------------------------------------------------------------
2026-08-08 01:46:22   Running the PortModeSolver.

                      ------------------------------------------------------------------------------
2026-08-08 01:46:24   Adaptive mesh refinement pass 1

                      ------------------------------------------------------------------------------
2026-08-08 01:46:38     Matrix setup time        :	1 s
                        Solver setup             :	4 s
                        Degrees of freedom       :	1423408
                        Number of mesh cells     :	216411

                        Stimulation port         :	Zmin
                        Mode number              :	1
                        Accuracy                 :	7.61429e-05
                        Iterations               :	10
                        Solver time              :	8 s


                      ------------------------------------------------------------------------------
2026-08-08 01:46:44   Adaptive mesh refinement pass 2

                      ------------------------------------------------------------------------------
2026-08-08 01:47:04     Matrix setup time        :	3 s
                        Solver setup             :	7 s
                        Degrees of freedom       :	1456402
                        Number of mesh cells     :	221507

                        Stimulation port         :	Zmin
                        Mode number              :	1
                        Accuracy                 :	7.78922e-05
                        Iterations               :	10
                        Solver time              :	8 s


                      ------------------------------------------------------------------------------
2026-08-08 01:47:04     Delta calculation        
2026-08-08 01:47:04     All S-Parameters         :	5.08576e-05
2026-08-08 01:47:04   

                      ------------------------------------------------------------------------------
2026-08-08 01:47:10   Adaptive mesh refinement pass 3

                      ------------------------------------------------------------------------------
2026-08-08 01:47:30     Matrix setup time        :	3 s
                        Solver setup             :	7 s
                        Degrees of freedom       :	1489850
                        Number of mesh cells     :	226657

                        Stimulation port         :	Zmin
                        Mode number              :	1
                        Accuracy                 :	7.96493e-05
                        Iterations               :	10
                        Solver time              :	9 s


                      ------------------------------------------------------------------------------
2026-08-08 01:47:30     Delta calculation        
2026-08-08 01:47:30     All S-Parameters         :	0.000110106
2026-08-08 01:47:30   

                      ------------------------------------------------------------------------------
2026-08-08 01:47:30   Mesh adaptation terminated because the desired accuracy limit is reached.

                      ------------------------------------------------------------------------------
2026-08-08 01:47:31     Total time               :	68 s	 (= 0 h, 01 m, 08 s)

                      ------------------------------------------------------------------------------
2026-08-08 01:47:31   

                      ------------------------------------------------------------------------------
2026-08-08 01:47:31     Calculation 22 (Frequency: 26.488 THz, Theta: 0, Phi: 0)


                      ------------------------------------------------------------------------------
2026-08-08 01:47:31   Running the PortModeSolver.

                      ------------------------------------------------------------------------------
2026-08-08 01:47:32   Adaptive mesh refinement pass 1

                      ------------------------------------------------------------------------------
2026-08-08 01:47:56     Matrix setup time        :	1 s
                        Solver setup             :	5 s
                        Degrees of freedom       :	1489850
                        Number of mesh cells     :	226657

                        Stimulation port         :	Zmin
                        Mode number              :	1
                        Accuracy                 :	9.24257e-05
                        Iterations               :	19
                        Solver time              :	17 s


                      ------------------------------------------------------------------------------
2026-08-08 01:48:02   Adaptive mesh refinement pass 2

                      ------------------------------------------------------------------------------
2026-08-08 01:48:28     Matrix setup time        :	3 s
                        Solver setup             :	6 s
                        Degrees of freedom       :	1523500
                        Number of mesh cells     :	231824

                        Stimulation port         :	Zmin
                        Mode number              :	1
                        Accuracy                 :	8.93328e-05
                        Iterations               :	18
                        Solver time              :	15 s


                      ------------------------------------------------------------------------------
2026-08-08 01:48:29     Delta calculation        
2026-08-08 01:48:29     All S-Parameters         :	8.91125e-05
2026-08-08 01:48:29   

                      ------------------------------------------------------------------------------
2026-08-08 01:48:34   Adaptive mesh refinement pass 3

                      ------------------------------------------------------------------------------
2026-08-08 01:49:01     Matrix setup time        :	3 s
                        Solver setup             :	7 s
                        Degrees of freedom       :	1556926
                        Number of mesh cells     :	236961

                        Stimulation port         :	Zmin
                        Mode number              :	1
                        Accuracy                 :	6.7739e-05
                        Iterations               :	18
                        Solver time              :	15 s


                      ------------------------------------------------------------------------------
2026-08-08 01:49:02     Delta calculation        
2026-08-08 01:49:02     All S-Parameters         :	0.000116244
2026-08-08 01:49:02   

                      ------------------------------------------------------------------------------
2026-08-08 01:49:02   Mesh adaptation terminated because the desired accuracy limit is reached.

                      ------------------------------------------------------------------------------
2026-08-08 01:49:02     Total time               :	90 s	 (= 0 h, 01 m, 30 s)

                      ------------------------------------------------------------------------------
2026-08-08 01:49:02   

                      ------------------------------------------------------------------------------
2026-08-08 01:49:02     Calculation 23 (Frequency: 27.544 THz, Theta: 0, Phi: 0)


                      ------------------------------------------------------------------------------
2026-08-08 01:49:02   Running the PortModeSolver.

                      ------------------------------------------------------------------------------
2026-08-08 01:49:03   Adaptive mesh refinement pass 1

                      ------------------------------------------------------------------------------
2026-08-08 01:49:19     Matrix setup time        :	1 s
                        Solver setup             :	5 s
                        Degrees of freedom       :	1556926
                        Number of mesh cells     :	236961

                        Stimulation port         :	Zmin
                        Mode number              :	1
                        Accuracy                 :	9.08587e-05
                        Iterations               :	10
                        Solver time              :	8 s


                      ------------------------------------------------------------------------------
2026-08-08 01:49:26   Adaptive mesh refinement pass 2

                      ------------------------------------------------------------------------------
2026-08-08 01:49:46     Matrix setup time        :	3 s
                        Solver setup             :	7 s
                        Degrees of freedom       :	1590076
                        Number of mesh cells     :	242090

                        Stimulation port         :	Zmin
                        Mode number              :	1
                        Accuracy                 :	9.74614e-05
                        Iterations               :	10
                        Solver time              :	9 s


                      ------------------------------------------------------------------------------
2026-08-08 01:49:47     Delta calculation        
2026-08-08 01:49:47     All S-Parameters         :	4.39381e-05
2026-08-08 01:49:47   

                      ------------------------------------------------------------------------------
2026-08-08 01:49:53   Adaptive mesh refinement pass 3

                      ------------------------------------------------------------------------------
2026-08-08 01:50:15     Matrix setup time        :	3 s
                        Solver setup             :	8 s
                        Degrees of freedom       :	1623420
                        Number of mesh cells     :	247230

                        Stimulation port         :	Zmin
                        Mode number              :	1
                        Accuracy                 :	4.6937e-05
                        Iterations               :	11
                        Solver time              :	10 s


                      ------------------------------------------------------------------------------
2026-08-08 01:50:16     Delta calculation        
2026-08-08 01:50:16     All S-Parameters         :	8.56841e-05
2026-08-08 01:50:16   

                      ------------------------------------------------------------------------------
2026-08-08 01:50:16   Mesh adaptation terminated because the desired accuracy limit is reached.

                      ------------------------------------------------------------------------------
2026-08-08 01:50:16     Total time               :	74 s	 (= 0 h, 01 m, 14 s)

                      ------------------------------------------------------------------------------
2026-08-08 01:50:16   

                      ------------------------------------------------------------------------------
2026-08-08 01:50:16     Calculation 24 (Frequency: 33.856 THz, Theta: 0, Phi: 0)


                      ------------------------------------------------------------------------------
2026-08-08 01:50:16   Running the PortModeSolver.

                      ------------------------------------------------------------------------------
2026-08-08 01:50:18   Adaptive mesh refinement pass 1

                      ------------------------------------------------------------------------------
2026-08-08 01:50:35     Matrix setup time        :	1 s
                        Solver setup             :	6 s
                        Degrees of freedom       :	1623420
                        Number of mesh cells     :	247230

                        Stimulation port         :	Zmin
                        Mode number              :	1
                        Accuracy                 :	7.03074e-05
                        Iterations               :	10
                        Solver time              :	10 s


                      ------------------------------------------------------------------------------
2026-08-08 01:50:43   Adaptive mesh refinement pass 2

                      ------------------------------------------------------------------------------
2026-08-08 01:51:05     Matrix setup time        :	4 s
                        Solver setup             :	8 s
                        Degrees of freedom       :	1656866
                        Number of mesh cells     :	252381

                        Stimulation port         :	Zmin
                        Mode number              :	1
                        Accuracy                 :	6.78115e-05
                        Iterations               :	10
                        Solver time              :	9 s


                      ------------------------------------------------------------------------------
2026-08-08 01:51:05     Delta calculation        
2026-08-08 01:51:05     All S-Parameters         :	0.000101775
2026-08-08 01:51:05   

                      ------------------------------------------------------------------------------
2026-08-08 01:51:12   Adaptive mesh refinement pass 3

                      ------------------------------------------------------------------------------
2026-08-08 01:51:36     Matrix setup time        :	4 s
                        Solver setup             :	8 s
                        Degrees of freedom       :	1690580
                        Number of mesh cells     :	257570

                        Stimulation port         :	Zmin
                        Mode number              :	1
                        Accuracy                 :	6.27782e-05
                        Iterations               :	10
                        Solver time              :	10 s


                      ------------------------------------------------------------------------------
2026-08-08 01:51:36     Delta calculation        
2026-08-08 01:51:36     All S-Parameters         :	0.000148134
2026-08-08 01:51:36   

                      ------------------------------------------------------------------------------
2026-08-08 01:51:36   Mesh adaptation terminated because the desired accuracy limit is reached.

                      ------------------------------------------------------------------------------
2026-08-08 01:51:36     Total time               :	80 s	 (= 0 h, 01 m, 20 s)

                      ------------------------------------------------------------------------------
2026-08-08 01:51:36   

                      ------------------------------------------------------------------------------
2026-08-08 01:51:36     Calculation 25 (Frequency: 26.704 THz, Theta: 0, Phi: 0)


                      ------------------------------------------------------------------------------
2026-08-08 01:51:36   Running the PortModeSolver.

                      ------------------------------------------------------------------------------
2026-08-08 01:51:38   Adaptive mesh refinement pass 1

                      ------------------------------------------------------------------------------
2026-08-08 01:52:00     Matrix setup time        :	1 s
                        Solver setup             :	7 s
                        Degrees of freedom       :	1690580
                        Number of mesh cells     :	257570

                        Stimulation port         :	Zmin
                        Mode number              :	1
                        Accuracy                 :	8.89737e-05
                        Iterations               :	12
                        Solver time              :	13 s


                      ------------------------------------------------------------------------------
2026-08-08 01:52:07   Adaptive mesh refinement pass 2

                      ------------------------------------------------------------------------------
2026-08-08 01:52:36     Matrix setup time        :	4 s
                        Solver setup             :	11 s
                        Degrees of freedom       :	1724146
                        Number of mesh cells     :	262724

                        Stimulation port         :	Zmin
                        Mode number              :	1
                        Accuracy                 :	7.98857e-05
                        Iterations               :	12
                        Solver time              :	12 s


                      ------------------------------------------------------------------------------
2026-08-08 01:52:37     Delta calculation        
2026-08-08 01:52:37     All S-Parameters         :	4.83736e-05
2026-08-08 01:52:37   

                      ------------------------------------------------------------------------------
2026-08-08 01:52:44   Adaptive mesh refinement pass 3

                      ------------------------------------------------------------------------------
2026-08-08 01:53:10     Matrix setup time        :	4 s
                        Solver setup             :	9 s
                        Degrees of freedom       :	1757494
                        Number of mesh cells     :	267861

                        Stimulation port         :	Zmin
                        Mode number              :	1
                        Accuracy                 :	6.97986e-05
                        Iterations               :	12
                        Solver time              :	13 s


                      ------------------------------------------------------------------------------
2026-08-08 01:53:11     Delta calculation        
2026-08-08 01:53:11     All S-Parameters         :	5.0463e-05
2026-08-08 01:53:11   

                      ------------------------------------------------------------------------------
2026-08-08 01:53:11   Mesh adaptation terminated because the desired accuracy limit is reached.

                      ------------------------------------------------------------------------------
2026-08-08 01:53:11     Total time               :	94 s	 (= 0 h, 01 m, 34 s)

                      ------------------------------------------------------------------------------
2026-08-08 01:53:11   

                      ------------------------------------------------------------------------------
2026-08-08 01:53:11     Calculation 26 (Frequency: 13.384 THz, Theta: 0, Phi: 0)


                      ------------------------------------------------------------------------------
2026-08-08 01:53:11   Running the PortModeSolver.

                      ------------------------------------------------------------------------------
2026-08-08 01:53:13   Adaptive mesh refinement pass 1

                      ------------------------------------------------------------------------------
2026-08-08 01:53:30     Matrix setup time        :	1 s
                        Solver setup             :	6 s
                        Degrees of freedom       :	1757494
                        Number of mesh cells     :	267861

                        Stimulation port         :	Zmin
                        Mode number              :	1
                        Accuracy                 :	6.12494e-05
                        Iterations               :	9
                        Solver time              :	9 s


                      ------------------------------------------------------------------------------
2026-08-08 01:53:36   Adaptive mesh refinement pass 2

                      ------------------------------------------------------------------------------
2026-08-08 01:53:56     Matrix setup time        :	3 s
                        Solver setup             :	7 s
                        Degrees of freedom       :	1791730
                        Number of mesh cells     :	273071

                        Stimulation port         :	Zmin
                        Mode number              :	1
                        Accuracy                 :	9.54687e-05
                        Iterations               :	8
                        Solver time              :	8 s


                      ------------------------------------------------------------------------------
2026-08-08 01:53:57     Delta calculation        
2026-08-08 01:53:57     All S-Parameters         :	0.00049056
2026-08-08 01:53:57   

                      ------------------------------------------------------------------------------
2026-08-08 01:54:03   Adaptive mesh refinement pass 3

                      ------------------------------------------------------------------------------
2026-08-08 01:54:26     Matrix setup time        :	4 s
                        Solver setup             :	9 s
                        Degrees of freedom       :	1825898
                        Number of mesh cells     :	278286

                        Stimulation port         :	Zmin
                        Mode number              :	1
                        Accuracy                 :	5.60208e-05
                        Iterations               :	9
                        Solver time              :	9 s


                      ------------------------------------------------------------------------------
2026-08-08 01:54:27     Delta calculation        
2026-08-08 01:54:27     All S-Parameters         :	0.00027458
2026-08-08 01:54:27   

                      ------------------------------------------------------------------------------
2026-08-08 01:54:27   Mesh adaptation terminated because the desired accuracy limit is reached.

                      ------------------------------------------------------------------------------
2026-08-08 01:54:27     Total time               :	75 s	 (= 0 h, 01 m, 15 s)

                      ------------------------------------------------------------------------------
2026-08-08 01:54:27   

                      ------------------------------------------------------------------------------
2026-08-08 01:54:27     Calculation 27 (Frequency: 30.208 THz, Theta: 0, Phi: 0)


                      ------------------------------------------------------------------------------
2026-08-08 01:54:27   Running the PortModeSolver.

                      ------------------------------------------------------------------------------
2026-08-08 01:54:29   Adaptive mesh refinement pass 1

                      ------------------------------------------------------------------------------
2026-08-08 01:54:49     Matrix setup time        :	1 s
                        Solver setup             :	7 s
                        Degrees of freedom       :	1825898
                        Number of mesh cells     :	278286

                        Stimulation port         :	Zmin
                        Mode number              :	1
                        Accuracy                 :	9.99189e-05
                        Iterations               :	9
                        Solver time              :	10 s


                      ------------------------------------------------------------------------------
2026-08-08 01:54:56   Adaptive mesh refinement pass 2

                      ------------------------------------------------------------------------------
2026-08-08 01:55:23     Matrix setup time        :	4 s
                        Solver setup             :	11 s
                        Degrees of freedom       :	1858822
                        Number of mesh cells     :	283380

                        Stimulation port         :	Zmin
                        Mode number              :	1
                        Accuracy                 :	9.81705e-05
                        Iterations               :	9
                        Solver time              :	10 s


                      ------------------------------------------------------------------------------
2026-08-08 01:55:24     Delta calculation        
2026-08-08 01:55:24     All S-Parameters         :	2.63505e-05
2026-08-08 01:55:24   

                      ------------------------------------------------------------------------------
2026-08-08 01:55:31   Adaptive mesh refinement pass 3

                      ------------------------------------------------------------------------------
2026-08-08 01:55:57     Matrix setup time        :	4 s
                        Solver setup             :	10 s
                        Degrees of freedom       :	1892020
                        Number of mesh cells     :	288514

                        Stimulation port         :	Zmin
                        Mode number              :	1
                        Accuracy                 :	9.4917e-05
                        Iterations               :	9
                        Solver time              :	10 s


                      ------------------------------------------------------------------------------
2026-08-08 01:55:58     Delta calculation        
2026-08-08 01:55:58     All S-Parameters         :	4.32622e-05
2026-08-08 01:55:58   

                      ------------------------------------------------------------------------------
2026-08-08 01:55:58   Mesh adaptation terminated because the desired accuracy limit is reached.

                      ------------------------------------------------------------------------------
2026-08-08 01:55:58     Total time               :	90 s	 (= 0 h, 01 m, 30 s)

                      ------------------------------------------------------------------------------
2026-08-08 01:55:58   

                      ------------------------------------------------------------------------------
2026-08-08 01:55:58     Calculation 28 (Frequency: 11.368 THz, Theta: 0, Phi: 0)


                      ------------------------------------------------------------------------------
2026-08-08 01:55:58   Running the PortModeSolver.

                      ------------------------------------------------------------------------------
2026-08-08 01:56:00   Adaptive mesh refinement pass 1

                      ------------------------------------------------------------------------------
2026-08-08 01:56:20     Matrix setup time        :	2 s
                        Solver setup             :	8 s
                        Degrees of freedom       :	1892020
                        Number of mesh cells     :	288514

                        Stimulation port         :	Zmin
                        Mode number              :	1
                        Accuracy                 :	8.0161e-05
                        Iterations               :	8
                        Solver time              :	9 s


                      ------------------------------------------------------------------------------
2026-08-08 01:56:28   Adaptive mesh refinement pass 2

                      ------------------------------------------------------------------------------
2026-08-08 01:56:57     Matrix setup time        :	4 s
                        Solver setup             :	12 s
                        Degrees of freedom       :	1926266
                        Number of mesh cells     :	293730

                        Stimulation port         :	Zmin
                        Mode number              :	1
                        Accuracy                 :	7.79926e-05
                        Iterations               :	8
                        Solver time              :	11 s


                      ------------------------------------------------------------------------------
2026-08-08 01:56:58     Delta calculation        
2026-08-08 01:56:58     All S-Parameters         :	0.000240768
2026-08-08 01:56:58   

                      ------------------------------------------------------------------------------
2026-08-08 01:57:05   Adaptive mesh refinement pass 3

                      ------------------------------------------------------------------------------
2026-08-08 01:57:29     Matrix setup time        :	4 s
                        Solver setup             :	10 s
                        Degrees of freedom       :	1960220
                        Number of mesh cells     :	298925

                        Stimulation port         :	Zmin
                        Mode number              :	1
                        Accuracy                 :	7.3867e-05
                        Iterations               :	8
                        Solver time              :	9 s


                      ------------------------------------------------------------------------------
2026-08-08 01:57:30     Delta calculation        
2026-08-08 01:57:30     All S-Parameters         :	0.000192231
2026-08-08 01:57:30   

                      ------------------------------------------------------------------------------
2026-08-08 01:57:30   Mesh adaptation terminated because the desired accuracy limit is reached.

                      ------------------------------------------------------------------------------
2026-08-08 01:57:30     Total time               :	92 s	 (= 0 h, 01 m, 32 s)

                      ------------------------------------------------------------------------------
2026-08-08 01:57:30   

                      ------------------------------------------------------------------------------
2026-08-08 01:57:30     Calculation 29 (Frequency: 20.872 THz, Theta: 0, Phi: 0)


                      ------------------------------------------------------------------------------
2026-08-08 01:57:30   Running the PortModeSolver.

                      ------------------------------------------------------------------------------
2026-08-08 01:57:32   Adaptive mesh refinement pass 1

                      ------------------------------------------------------------------------------
2026-08-08 01:57:53     Matrix setup time        :	2 s
                        Solver setup             :	8 s
                        Degrees of freedom       :	1960220
                        Number of mesh cells     :	298925

                        Stimulation port         :	Zmin
                        Mode number              :	1
                        Accuracy                 :	9.00757e-05
                        Iterations               :	9
                        Solver time              :	10 s


                      ------------------------------------------------------------------------------
2026-08-08 01:57:54   The input reflection seems to be large at 20.872 THz, Theta: 0, Phi: 0.  More...

                      ------------------------------------------------------------------------------
2026-08-08 01:58:01   Adaptive mesh refinement pass 2

                      ------------------------------------------------------------------------------
2026-08-08 01:58:32     Matrix setup time        :	5 s
                        Solver setup             :	10 s
                        Degrees of freedom       :	1994566
                        Number of mesh cells     :	304168

                        Stimulation port         :	Zmin
                        Mode number              :	1
                        Accuracy                 :	6.92148e-05
                        Iterations               :	11
                        Solver time              :	14 s


                      ------------------------------------------------------------------------------
2026-08-08 01:58:33     Delta calculation        
2026-08-08 01:58:33     All S-Parameters         :	0.001283
2026-08-08 01:58:33   

                      ------------------------------------------------------------------------------
2026-08-08 01:58:41   Adaptive mesh refinement pass 3

                      ------------------------------------------------------------------------------
2026-08-08 01:59:09     Matrix setup time        :	5 s
                        Solver setup             :	10 s
                        Degrees of freedom       :	2029246
                        Number of mesh cells     :	309440

                        Stimulation port         :	Zmin
                        Mode number              :	1
                        Accuracy                 :	5.82201e-05
                        Iterations               :	11
                        Solver time              :	12 s


                      ------------------------------------------------------------------------------
2026-08-08 01:59:10     Delta calculation        
2026-08-08 01:59:10     All S-Parameters         :	0.000422587
2026-08-08 01:59:10   

                      ------------------------------------------------------------------------------
2026-08-08 01:59:10   Mesh adaptation terminated because the desired accuracy limit is reached.

                      ------------------------------------------------------------------------------
2026-08-08 01:59:10     Total time               :	99 s	 (= 0 h, 01 m, 39 s)

                      ------------------------------------------------------------------------------
2026-08-08 01:59:10   

                      ------------------------------------------------------------------------------
2026-08-08 01:59:10     Calculation 30 (Frequency: 28.984 THz, Theta: 0, Phi: 0)


                      ------------------------------------------------------------------------------
2026-08-08 01:59:10   Running the PortModeSolver.

                      ------------------------------------------------------------------------------
2026-08-08 01:59:12   Adaptive mesh refinement pass 1

                      ------------------------------------------------------------------------------
2026-08-08 01:59:32     Matrix setup time        :	2 s
                        Solver setup             :	7 s
                        Degrees of freedom       :	2029246
                        Number of mesh cells     :	309440

                        Stimulation port         :	Zmin
                        Mode number              :	1
                        Accuracy                 :	9.00447e-05
                        Iterations               :	9
                        Solver time              :	10 s


                      ------------------------------------------------------------------------------
2026-08-08 01:59:41   Adaptive mesh refinement pass 2

                      ------------------------------------------------------------------------------
2026-08-08 02:00:09     Matrix setup time        :	5 s
                        Solver setup             :	10 s
                        Degrees of freedom       :	2062904
                        Number of mesh cells     :	314607

                        Stimulation port         :	Zmin
                        Mode number              :	1
                        Accuracy                 :	5.54967e-05
                        Iterations               :	10
                        Solver time              :	12 s


                      ------------------------------------------------------------------------------
2026-08-08 02:00:10     Delta calculation        
2026-08-08 02:00:10     All S-Parameters         :	3.76821e-05
2026-08-08 02:00:10   

                      ------------------------------------------------------------------------------
2026-08-08 02:00:18   Adaptive mesh refinement pass 3

                      ------------------------------------------------------------------------------
2026-08-08 02:00:47     Matrix setup time        :	4 s
                        Solver setup             :	11 s
                        Degrees of freedom       :	2096292
                        Number of mesh cells     :	319760

                        Stimulation port         :	Zmin
                        Mode number              :	1
                        Accuracy                 :	5.40171e-05
                        Iterations               :	10
                        Solver time              :	12 s


                      ------------------------------------------------------------------------------
2026-08-08 02:00:48     Delta calculation        
2026-08-08 02:00:48     All S-Parameters         :	5.16404e-05
2026-08-08 02:00:48   

                      ------------------------------------------------------------------------------
2026-08-08 02:00:48   Mesh adaptation terminated because the desired accuracy limit is reached.

                      ------------------------------------------------------------------------------
2026-08-08 02:00:48     Total time               :	97 s	 (= 0 h, 01 m, 37 s)

                      ------------------------------------------------------------------------------
2026-08-08 02:00:48   

                      ------------------------------------------------------------------------------
2026-08-08 02:00:48     Calculation 31 (Frequency: 26.56 THz, Theta: 0, Phi: 0)


                      ------------------------------------------------------------------------------
2026-08-08 02:00:48   Running the PortModeSolver.

                      ------------------------------------------------------------------------------
2026-08-08 02:00:50   Adaptive mesh refinement pass 1

                      ------------------------------------------------------------------------------
2026-08-08 02:01:20     Matrix setup time        :	2 s
                        Solver setup             :	8 s
                        Degrees of freedom       :	2096292
                        Number of mesh cells     :	319760

                        Stimulation port         :	Zmin
                        Mode number              :	1
                        Accuracy                 :	8.84349e-05
                        Iterations               :	15
                        Solver time              :	18 s


                      ------------------------------------------------------------------------------
2026-08-08 02:01:29   Adaptive mesh refinement pass 2

                      ------------------------------------------------------------------------------
2026-08-08 02:02:08     Matrix setup time        :	4 s
                        Solver setup             :	13 s
                        Degrees of freedom       :	2129646
                        Number of mesh cells     :	324891

                        Stimulation port         :	Zmin
                        Mode number              :	1
                        Accuracy                 :	9.50881e-05
                        Iterations               :	16
                        Solver time              :	20 s


                      ------------------------------------------------------------------------------
2026-08-08 02:02:09     Delta calculation        
2026-08-08 02:02:09     All S-Parameters         :	7.31926e-05
2026-08-08 02:02:09   

                      ------------------------------------------------------------------------------
2026-08-08 02:02:17   Adaptive mesh refinement pass 3

                      ------------------------------------------------------------------------------
2026-08-08 02:02:55     Matrix setup time        :	5 s
                        Solver setup             :	12 s
                        Degrees of freedom       :	2163202
                        Number of mesh cells     :	330044

                        Stimulation port         :	Zmin
                        Mode number              :	1
                        Accuracy                 :	7.18286e-05
                        Iterations               :	16
                        Solver time              :	20 s


                      ------------------------------------------------------------------------------
2026-08-08 02:02:56     Delta calculation        
2026-08-08 02:02:56     All S-Parameters         :	5.72266e-05
2026-08-08 02:02:56   

                      ------------------------------------------------------------------------------
2026-08-08 02:02:56   Mesh adaptation terminated because the desired accuracy limit is reached.

                      ------------------------------------------------------------------------------
2026-08-08 02:02:56     Total time               :	127 s	 (= 0 h, 02 m, 07 s)

                      ------------------------------------------------------------------------------
2026-08-08 02:02:56   

                      ------------------------------------------------------------------------------
2026-08-08 02:02:56     Calculation 32 (Frequency: 24.808 THz, Theta: 0, Phi: 0)


                      ------------------------------------------------------------------------------
2026-08-08 02:02:56   Running the PortModeSolver.

                      ------------------------------------------------------------------------------
2026-08-08 02:02:58   Adaptive mesh refinement pass 1

                      ------------------------------------------------------------------------------
2026-08-08 02:03:23     Matrix setup time        :	2 s
                        Solver setup             :	10 s
                        Degrees of freedom       :	2163202
                        Number of mesh cells     :	330044

                        Stimulation port         :	Zmin
                        Mode number              :	1
                        Accuracy                 :	7.51253e-05
                        Iterations               :	9
                        Solver time              :	12 s


                      ------------------------------------------------------------------------------
2026-08-08 02:03:33   Adaptive mesh refinement pass 2

                      ------------------------------------------------------------------------------
2026-08-08 02:04:05     Matrix setup time        :	5 s
                        Solver setup             :	14 s
                        Degrees of freedom       :	2197352
                        Number of mesh cells     :	335261

                        Stimulation port         :	Zmin
                        Mode number              :	1
                        Accuracy                 :	7.73212e-05
                        Iterations               :	9
                        Solver time              :	12 s


                      ------------------------------------------------------------------------------
2026-08-08 02:04:06     Delta calculation        
2026-08-08 02:04:06     All S-Parameters         :	0.000295508
2026-08-08 02:04:06   

                      ------------------------------------------------------------------------------
2026-08-08 02:04:14   Adaptive mesh refinement pass 3

                      ------------------------------------------------------------------------------
2026-08-08 02:04:47     Matrix setup time        :	5 s
                        Solver setup             :	13 s
                        Degrees of freedom       :	2231406
                        Number of mesh cells     :	340446

                        Stimulation port         :	Zmin
                        Mode number              :	1
                        Accuracy                 :	7.4221e-05
                        Iterations               :	9
                        Solver time              :	13 s


                      ------------------------------------------------------------------------------
2026-08-08 02:04:47     Delta calculation        
2026-08-08 02:04:47     All S-Parameters         :	6.01953e-05
2026-08-08 02:04:47   

                      ------------------------------------------------------------------------------
2026-08-08 02:04:47   Mesh adaptation terminated because the desired accuracy limit is reached.

                      ------------------------------------------------------------------------------
2026-08-08 02:04:48     Total time               :	111 s	 (= 0 h, 01 m, 51 s)

                      ------------------------------------------------------------------------------
2026-08-08 02:04:48   

                      ------------------------------------------------------------------------------
2026-08-08 02:04:48     Calculation 33 (Frequency: 26.512 THz, Theta: 0, Phi: 0)


                      ------------------------------------------------------------------------------
2026-08-08 02:04:48   Running the PortModeSolver.

                      ------------------------------------------------------------------------------
2026-08-08 02:04:50   Adaptive mesh refinement pass 1

                      ------------------------------------------------------------------------------
2026-08-08 02:05:28     Matrix setup time        :	2 s
                        Solver setup             :	11 s
                        Degrees of freedom       :	2231406
                        Number of mesh cells     :	340446

                        Stimulation port         :	Zmin
                        Mode number              :	1
                        Accuracy                 :	9.84792e-05
                        Iterations               :	18
                        Solver time              :	24 s


                      ------------------------------------------------------------------------------
2026-08-08 02:05:38   Adaptive mesh refinement pass 2

                      ------------------------------------------------------------------------------
2026-08-08 02:06:23     Matrix setup time        :	5 s
                        Solver setup             :	14 s
                        Degrees of freedom       :	2264754
                        Number of mesh cells     :	345571

                        Stimulation port         :	Zmin
                        Mode number              :	1
                        Accuracy                 :	7.66984e-05
                        Iterations               :	19
                        Solver time              :	24 s


                      ------------------------------------------------------------------------------
2026-08-08 02:06:23     Delta calculation        
2026-08-08 02:06:23     All S-Parameters         :	9.83851e-05
2026-08-08 02:06:23   

                      ------------------------------------------------------------------------------
2026-08-08 02:06:32   Adaptive mesh refinement pass 3

                      ------------------------------------------------------------------------------
2026-08-08 02:07:19     Matrix setup time        :	5 s
                        Solver setup             :	14 s
                        Degrees of freedom       :	2298104
                        Number of mesh cells     :	350698

                        Stimulation port         :	Zmin
                        Mode number              :	1
                        Accuracy                 :	7.61879e-05
                        Iterations               :	19
                        Solver time              :	26 s


                      ------------------------------------------------------------------------------
2026-08-08 02:07:20     Delta calculation        
2026-08-08 02:07:20     All S-Parameters         :	5.44493e-05
2026-08-08 02:07:20   

                      ------------------------------------------------------------------------------
2026-08-08 02:07:20   Mesh adaptation terminated because the desired accuracy limit is reached.

                      ------------------------------------------------------------------------------
2026-08-08 02:07:20     Total time               :	152 s	 (= 0 h, 02 m, 32 s)

                      ------------------------------------------------------------------------------
2026-08-08 02:07:20   

                      ------------------------------------------------------------------------------
2026-08-08 02:07:20     Calculation 34 (Frequency: 20.488 THz, Theta: 0, Phi: 0)


                      ------------------------------------------------------------------------------
2026-08-08 02:07:20   Running the PortModeSolver.

                      ------------------------------------------------------------------------------
2026-08-08 02:07:22   Adaptive mesh refinement pass 1

                      ------------------------------------------------------------------------------
2026-08-08 02:07:51     Matrix setup time        :	2 s
                        Solver setup             :	11 s
                        Degrees of freedom       :	2298104
                        Number of mesh cells     :	350698

                        Stimulation port         :	Zmin
                        Mode number              :	1
                        Accuracy                 :	9.62549e-05
                        Iterations               :	10
                        Solver time              :	14 s


                      ------------------------------------------------------------------------------
2026-08-08 02:07:52   The input reflection seems to be large at 20.488 THz, Theta: 0, Phi: 0.  More...

                      ------------------------------------------------------------------------------
2026-08-08 02:08:00   Adaptive mesh refinement pass 2

                      ------------------------------------------------------------------------------
2026-08-08 02:08:36     Matrix setup time        :	5 s
                        Solver setup             :	15 s
                        Degrees of freedom       :	2332276
                        Number of mesh cells     :	355921

                        Stimulation port         :	Zmin
                        Mode number              :	1
                        Accuracy                 :	8.26257e-05
                        Iterations               :	10
                        Solver time              :	14 s


                      ------------------------------------------------------------------------------
2026-08-08 02:08:36     Delta calculation        
2026-08-08 02:08:36     All S-Parameters         :	0.000360639
2026-08-08 02:08:36   

                      ------------------------------------------------------------------------------
2026-08-08 02:08:44   Adaptive mesh refinement pass 3

                      ------------------------------------------------------------------------------
2026-08-08 02:09:35     Matrix setup time        :	24 s
                        Solver setup             :	12 s
                        Degrees of freedom       :	2366616
                        Number of mesh cells     :	361160

                        Stimulation port         :	Zmin
                        Mode number              :	1
                        Accuracy                 :	8.99595e-05
                        Iterations               :	10
                        Solver time              :	13 s


                      ------------------------------------------------------------------------------
2026-08-08 02:09:36     Delta calculation        
2026-08-08 02:09:36     All S-Parameters         :	0.000198955
2026-08-08 02:09:36   

                      ------------------------------------------------------------------------------
2026-08-08 02:09:36   Mesh adaptation terminated because the desired accuracy limit is reached.

                      ------------------------------------------------------------------------------
2026-08-08 02:09:36     Total time               :	135 s	 (= 0 h, 02 m, 15 s)

                      ------------------------------------------------------------------------------
2026-08-08 02:09:36   

                      ------------------------------------------------------------------------------
2026-08-08 02:09:36     Calculation 35 (Frequency: 10.6 THz, Theta: 0, Phi: 0)


                      ------------------------------------------------------------------------------
2026-08-08 02:09:36   Running the PortModeSolver.

                      ------------------------------------------------------------------------------
2026-08-08 02:09:38   Adaptive mesh refinement pass 1

                      ------------------------------------------------------------------------------
2026-08-08 02:09:59     Matrix setup time        :	2 s
                        Solver setup             :	9 s
                        Degrees of freedom       :	2366616
                        Number of mesh cells     :	361160

                        Stimulation port         :	Zmin
                        Mode number              :	1
                        Accuracy                 :	8.19122e-05
                        Iterations               :	7
                        Solver time              :	9 s


                      ------------------------------------------------------------------------------
2026-08-08 02:10:08   Adaptive mesh refinement pass 2

                      ------------------------------------------------------------------------------
2026-08-08 02:10:34     Matrix setup time        :	5 s
                        Solver setup             :	11 s
                        Degrees of freedom       :	2400524
                        Number of mesh cells     :	366345

                        Stimulation port         :	Zmin
                        Mode number              :	1
                        Accuracy                 :	8.07068e-05
                        Iterations               :	7
                        Solver time              :	9 s


                      ------------------------------------------------------------------------------
2026-08-08 02:10:35     Delta calculation        
2026-08-08 02:10:35     All S-Parameters         :	0.000145521
2026-08-08 02:10:35   

                      ------------------------------------------------------------------------------
2026-08-08 02:10:43   Adaptive mesh refinement pass 3

                      ------------------------------------------------------------------------------
2026-08-08 02:11:10     Matrix setup time        :	5 s
                        Solver setup             :	12 s
                        Degrees of freedom       :	2434632
                        Number of mesh cells     :	371562

                        Stimulation port         :	Zmin
                        Mode number              :	1
                        Accuracy                 :	7.80251e-05
                        Iterations               :	7
                        Solver time              :	9 s


                      ------------------------------------------------------------------------------
2026-08-08 02:11:11     Delta calculation        
2026-08-08 02:11:11     All S-Parameters         :	8.92013e-05
2026-08-08 02:11:11   

                      ------------------------------------------------------------------------------
2026-08-08 02:11:11   Mesh adaptation terminated because the desired accuracy limit is reached.

                      ------------------------------------------------------------------------------
2026-08-08 02:11:11     Total time               :	95 s	 (= 0 h, 01 m, 35 s)

                      ------------------------------------------------------------------------------
2026-08-08 02:11:11   

                      ------------------------------------------------------------------------------
2026-08-08 02:11:11     Calculation 36 (Frequency: 31.168 THz, Theta: 0, Phi: 0)


                      ------------------------------------------------------------------------------
2026-08-08 02:11:11   Running the PortModeSolver.

                      ------------------------------------------------------------------------------
2026-08-08 02:11:13   Adaptive mesh refinement pass 1

                      ------------------------------------------------------------------------------
2026-08-08 02:11:41     Matrix setup time        :	2 s
                        Solver setup             :	11 s
                        Degrees of freedom       :	2434632
                        Number of mesh cells     :	371562

                        Stimulation port         :	Zmin
                        Mode number              :	1
                        Accuracy                 :	8.25596e-05
                        Iterations               :	9
                        Solver time              :	13 s


                      ------------------------------------------------------------------------------
2026-08-08 02:11:51   Adaptive mesh refinement pass 2

                      ------------------------------------------------------------------------------
2026-08-08 02:12:27     Matrix setup time        :	6 s
                        Solver setup             :	16 s
                        Degrees of freedom       :	2468124
                        Number of mesh cells     :	376724

                        Stimulation port         :	Zmin
                        Mode number              :	1
                        Accuracy                 :	8.33157e-05
                        Iterations               :	9
                        Solver time              :	13 s


                      ------------------------------------------------------------------------------
2026-08-08 02:12:28     Delta calculation        
2026-08-08 02:12:28     All S-Parameters         :	8.25012e-05
2026-08-08 02:12:28   

                      ------------------------------------------------------------------------------
2026-08-08 02:12:38   Adaptive mesh refinement pass 3

                      ------------------------------------------------------------------------------
2026-08-08 02:13:18     Matrix setup time        :	5 s
                        Solver setup             :	18 s
                        Degrees of freedom       :	2501706
                        Number of mesh cells     :	381912

                        Stimulation port         :	Zmin
                        Mode number              :	1
                        Accuracy                 :	7.95395e-05
                        Iterations               :	9
                        Solver time              :	14 s


                      ------------------------------------------------------------------------------
2026-08-08 02:13:19     Delta calculation        
2026-08-08 02:13:19     All S-Parameters         :	4.9573e-05
2026-08-08 02:13:19   

                      ------------------------------------------------------------------------------
2026-08-08 02:13:19   Mesh adaptation terminated because the desired accuracy limit is reached.

                      ------------------------------------------------------------------------------
2026-08-08 02:13:19     Total time               :	127 s	 (= 0 h, 02 m, 07 s)

                      ------------------------------------------------------------------------------
2026-08-08 02:13:19   

                      ------------------------------------------------------------------------------
2026-08-08 02:13:19     Calculation 37 (Frequency: 18.472 THz, Theta: 0, Phi: 0)


                      ------------------------------------------------------------------------------
2026-08-08 02:13:19   Running the PortModeSolver.

                      ------------------------------------------------------------------------------
2026-08-08 02:13:21   Adaptive mesh refinement pass 1

                      ------------------------------------------------------------------------------
2026-08-08 02:13:56     Matrix setup time        :	2 s
                        Solver setup             :	16 s
                        Degrees of freedom       :	2501706
                        Number of mesh cells     :	381912

                        Stimulation port         :	Zmin
                        Mode number              :	1
                        Accuracy                 :	6.99379e-05
                        Iterations               :	10
                        Solver time              :	16 s


                      ------------------------------------------------------------------------------
2026-08-08 02:13:57   The input reflection seems to be large at 18.472 THz, Theta: 0, Phi: 0.  More...

                      ------------------------------------------------------------------------------
2026-08-08 02:14:06   Adaptive mesh refinement pass 2

                      ------------------------------------------------------------------------------
2026-08-08 02:14:41     Matrix setup time        :	6 s
                        Solver setup             :	14 s
                        Degrees of freedom       :	2536288
                        Number of mesh cells     :	387178

                        Stimulation port         :	Zmin
                        Mode number              :	1
                        Accuracy                 :	9.62897e-05
                        Iterations               :	9
                        Solver time              :	13 s


                      ------------------------------------------------------------------------------
2026-08-08 02:14:42     Delta calculation        
2026-08-08 02:14:42     All S-Parameters         :	0.00138638
2026-08-08 02:14:42   

                      ------------------------------------------------------------------------------
2026-08-08 02:14:51   Adaptive mesh refinement pass 3

                      ------------------------------------------------------------------------------
2026-08-08 02:15:27     Matrix setup time        :	5 s
                        Solver setup             :	16 s
                        Degrees of freedom       :	2570506
                        Number of mesh cells     :	392379

                        Stimulation port         :	Zmin
                        Mode number              :	1
                        Accuracy                 :	9.19055e-05
                        Iterations               :	9
                        Solver time              :	14 s


                      ------------------------------------------------------------------------------
2026-08-08 02:15:28     Delta calculation        
2026-08-08 02:15:28     All S-Parameters         :	0.000957367
2026-08-08 02:15:28   

                      ------------------------------------------------------------------------------
2026-08-08 02:15:28   Mesh adaptation terminated because the desired accuracy limit is reached.

                      ------------------------------------------------------------------------------
2026-08-08 02:15:29     Total time               :	129 s	 (= 0 h, 02 m, 09 s)

                      ------------------------------------------------------------------------------
2026-08-08 02:15:29   

                      ------------------------------------------------------------------------------
2026-08-08 02:15:29     Calculation 38 (Frequency: 22.048 THz, Theta: 0, Phi: 0)


                      ------------------------------------------------------------------------------
2026-08-08 02:15:29   Running the PortModeSolver.

                      ------------------------------------------------------------------------------
2026-08-08 02:15:30   Adaptive mesh refinement pass 1

                      ------------------------------------------------------------------------------
2026-08-08 02:16:04     Matrix setup time        :	2 s
                        Solver setup             :	13 s
                        Degrees of freedom       :	2570506
                        Number of mesh cells     :	392379

                        Stimulation port         :	Zmin
                        Mode number              :	1
                        Accuracy                 :	4.98837e-05
                        Iterations               :	11
                        Solver time              :	17 s


                      ------------------------------------------------------------------------------
2026-08-08 02:16:05   The input reflection seems to be large at 22.048 THz, Theta: 0, Phi: 0.  More...

                      ------------------------------------------------------------------------------
2026-08-08 02:16:14   Adaptive mesh refinement pass 2

                      ------------------------------------------------------------------------------
2026-08-08 02:16:52     Matrix setup time        :	6 s
                        Solver setup             :	17 s
                        Degrees of freedom       :	2604472
                        Number of mesh cells     :	397579

                        Stimulation port         :	Zmin
                        Mode number              :	1
                        Accuracy                 :	6.70779e-05
                        Iterations               :	9
                        Solver time              :	14 s


                      ------------------------------------------------------------------------------
2026-08-08 02:16:53     Delta calculation        
2026-08-08 02:16:53     All S-Parameters         :	0.000320509
2026-08-08 02:16:53   

                      ------------------------------------------------------------------------------
2026-08-08 02:17:03   Adaptive mesh refinement pass 3

                      ------------------------------------------------------------------------------
2026-08-08 02:17:42     Matrix setup time        :	6 s
                        Solver setup             :	16 s
                        Degrees of freedom       :	2638524
                        Number of mesh cells     :	402783

                        Stimulation port         :	Zmin
                        Mode number              :	1
                        Accuracy                 :	6.35847e-05
                        Iterations               :	9
                        Solver time              :	15 s


                      ------------------------------------------------------------------------------
2026-08-08 02:17:43     Delta calculation        
2026-08-08 02:17:43     All S-Parameters         :	0.000125203
2026-08-08 02:17:43   

                      ------------------------------------------------------------------------------
2026-08-08 02:17:43   Mesh adaptation terminated because the desired accuracy limit is reached.

                      ------------------------------------------------------------------------------
2026-08-08 02:17:43     Total time               :	134 s	 (= 0 h, 02 m, 14 s)

                      ------------------------------------------------------------------------------
2026-08-08 02:17:43   

                      ------------------------------------------------------------------------------
2026-08-08 02:17:43     Calculation 39 (Frequency: 14.608 THz, Theta: 0, Phi: 0)


                      ------------------------------------------------------------------------------
2026-08-08 02:17:43   Running the PortModeSolver.

                      ------------------------------------------------------------------------------
2026-08-08 02:17:45   Adaptive mesh refinement pass 1

                      ------------------------------------------------------------------------------
2026-08-08 02:18:18     Matrix setup time        :	2 s
                        Solver setup             :	14 s
                        Degrees of freedom       :	2638524
                        Number of mesh cells     :	402783

                        Stimulation port         :	Zmin
                        Mode number              :	1
                        Accuracy                 :	7.13175e-05
                        Iterations               :	9
                        Solver time              :	15 s


                      ------------------------------------------------------------------------------
2026-08-08 02:18:19   The input reflection seems to be large at 14.608 THz, Theta: 0, Phi: 0.  More...

                      ------------------------------------------------------------------------------
2026-08-08 02:18:29   Adaptive mesh refinement pass 2

                      ------------------------------------------------------------------------------
2026-08-08 02:19:06     Matrix setup time        :	6 s
                        Solver setup             :	16 s
                        Degrees of freedom       :	2672982
                        Number of mesh cells     :	408037

                        Stimulation port         :	Zmin
                        Mode number              :	1
                        Accuracy                 :	6.90059e-05
                        Iterations               :	8
                        Solver time              :	13 s


                      ------------------------------------------------------------------------------
2026-08-08 02:19:07     Delta calculation        
2026-08-08 02:19:07     All S-Parameters         :	2.41334e-05
2026-08-08 02:19:07   

                      ------------------------------------------------------------------------------
2026-08-08 02:19:17   Adaptive mesh refinement pass 3

                      ------------------------------------------------------------------------------
2026-08-08 02:19:57     Matrix setup time        :	7 s
                        Solver setup             :	18 s
                        Degrees of freedom       :	2707076
                        Number of mesh cells     :	413232

                        Stimulation port         :	Zmin
                        Mode number              :	1
                        Accuracy                 :	6.63068e-05
                        Iterations               :	8
                        Solver time              :	13 s


                      ------------------------------------------------------------------------------
2026-08-08 02:19:58     Delta calculation        
2026-08-08 02:19:58     All S-Parameters         :	3.6648e-05
2026-08-08 02:19:58   

                      ------------------------------------------------------------------------------
2026-08-08 02:19:58   Mesh adaptation terminated because the desired accuracy limit is reached.

                      ------------------------------------------------------------------------------
2026-08-08 02:19:59     Total time               :	135 s	 (= 0 h, 02 m, 15 s)

                      ------------------------------------------------------------------------------
2026-08-08 02:19:59   

                      ------------------------------------------------------------------------------
2026-08-08 02:19:59     Calculation 40 (Frequency: 21.856 THz, Theta: 0, Phi: 0)


                      ------------------------------------------------------------------------------
2026-08-08 02:19:59   Running the PortModeSolver.

                      ------------------------------------------------------------------------------
2026-08-08 02:20:00   Adaptive mesh refinement pass 1

                      ------------------------------------------------------------------------------
2026-08-08 02:20:34     Matrix setup time        :	3 s
                        Solver setup             :	14 s
                        Degrees of freedom       :	2707076
                        Number of mesh cells     :	413232

                        Stimulation port         :	Zmin
                        Mode number              :	1
                        Accuracy                 :	6.66824e-05
                        Iterations               :	9
                        Solver time              :	15 s


                      ------------------------------------------------------------------------------
2026-08-08 02:20:35   The input reflection seems to be large at 21.856 THz, Theta: 0, Phi: 0.  More...

                      ------------------------------------------------------------------------------
2026-08-08 02:20:46   Adaptive mesh refinement pass 2

                      ------------------------------------------------------------------------------
2026-08-08 02:21:28     Matrix setup time        :	6 s
                        Solver setup             :	19 s
                        Degrees of freedom       :	2741330
                        Number of mesh cells     :	418441

                        Stimulation port         :	Zmin
                        Mode number              :	1
                        Accuracy                 :	5.89292e-05
                        Iterations               :	9
                        Solver time              :	16 s


                      ------------------------------------------------------------------------------
2026-08-08 02:21:29     Delta calculation        
2026-08-08 02:21:29     All S-Parameters         :	4.45432e-05
2026-08-08 02:21:29   

                      ------------------------------------------------------------------------------
2026-08-08 02:21:40   Adaptive mesh refinement pass 3

                      ------------------------------------------------------------------------------
2026-08-08 02:22:19     Matrix setup time        :	6 s
                        Solver setup             :	16 s
                        Degrees of freedom       :	2775500
                        Number of mesh cells     :	423652

                        Stimulation port         :	Zmin
                        Mode number              :	1
                        Accuracy                 :	5.74701e-05
                        Iterations               :	9
                        Solver time              :	15 s


                      ------------------------------------------------------------------------------
2026-08-08 02:22:20     Delta calculation        
2026-08-08 02:22:20     All S-Parameters         :	4.46136e-05
2026-08-08 02:22:20   

                      ------------------------------------------------------------------------------
2026-08-08 02:22:20   Mesh adaptation terminated because the desired accuracy limit is reached.

                      ------------------------------------------------------------------------------
2026-08-08 02:22:20     Total time               :	141 s	 (= 0 h, 02 m, 21 s)

                      ------------------------------------------------------------------------------
2026-08-08 02:22:20   

                      ------------------------------------------------------------------------------
2026-08-08 02:22:20     Calculation 41 (Frequency: 19.264 THz, Theta: 0, Phi: 0)


                      ------------------------------------------------------------------------------
2026-08-08 02:22:20   Running the PortModeSolver.

                      ------------------------------------------------------------------------------
2026-08-08 02:22:22   Adaptive mesh refinement pass 1

                      ------------------------------------------------------------------------------
2026-08-08 02:22:57     Matrix setup time        :	3 s
                        Solver setup             :	12 s
                        Degrees of freedom       :	2775500
                        Number of mesh cells     :	423652

                        Stimulation port         :	Zmin
                        Mode number              :	1
                        Accuracy                 :	6.30143e-05
                        Iterations               :	11
                        Solver time              :	18 s


                      ------------------------------------------------------------------------------
2026-08-08 02:23:08   Adaptive mesh refinement pass 2

                      ------------------------------------------------------------------------------
2026-08-08 02:23:50     Matrix setup time        :	6 s
                        Solver setup             :	19 s
                        Degrees of freedom       :	2810190
                        Number of mesh cells     :	428924

                        Stimulation port         :	Zmin
                        Mode number              :	1
                        Accuracy                 :	7.71132e-05
                        Iterations               :	10
                        Solver time              :	16 s


                      ------------------------------------------------------------------------------
2026-08-08 02:23:52     Delta calculation        
2026-08-08 02:23:52     All S-Parameters         :	0.000501258
2026-08-08 02:23:52   

                      ------------------------------------------------------------------------------
2026-08-08 02:24:01   Adaptive mesh refinement pass 3

                      ------------------------------------------------------------------------------
2026-08-08 02:24:41     Matrix setup time        :	6 s
                        Solver setup             :	16 s
                        Degrees of freedom       :	2844184
                        Number of mesh cells     :	434113

                        Stimulation port         :	Zmin
                        Mode number              :	1
                        Accuracy                 :	7.1626e-05
                        Iterations               :	10
                        Solver time              :	17 s


                      ------------------------------------------------------------------------------
2026-08-08 02:24:42     Delta calculation        
2026-08-08 02:24:42     All S-Parameters         :	0.000204302
2026-08-08 02:24:42   

                      ------------------------------------------------------------------------------
2026-08-08 02:24:42   Mesh adaptation terminated because the desired accuracy limit is reached.

                      ------------------------------------------------------------------------------
2026-08-08 02:24:42     Total time               :	141 s	 (= 0 h, 02 m, 21 s)

                      ------------------------------------------------------------------------------
2026-08-08 02:24:42   

                      ------------------------------------------------------------------------------
2026-08-08 02:24:42     Calculation 42 (Frequency: 19.864 THz, Theta: 0, Phi: 0)


                      ------------------------------------------------------------------------------
2026-08-08 02:24:42   Running the PortModeSolver.

                      ------------------------------------------------------------------------------
2026-08-08 02:24:44   Adaptive mesh refinement pass 1

                      ------------------------------------------------------------------------------
2026-08-08 02:25:21     Matrix setup time        :	3 s
                        Solver setup             :	15 s
                        Degrees of freedom       :	2844184
                        Number of mesh cells     :	434113

                        Stimulation port         :	Zmin
                        Mode number              :	1
                        Accuracy                 :	5.87028e-05
                        Iterations               :	10
                        Solver time              :	18 s


                      ------------------------------------------------------------------------------
2026-08-08 02:25:33   Adaptive mesh refinement pass 2

                      ------------------------------------------------------------------------------
2026-08-08 02:26:16     Matrix setup time        :	7 s
                        Solver setup             :	19 s
                        Degrees of freedom       :	2877816
                        Number of mesh cells     :	439276

                        Stimulation port         :	Zmin
                        Mode number              :	1
                        Accuracy                 :	9.88424e-05
                        Iterations               :	9
                        Solver time              :	16 s


                      ------------------------------------------------------------------------------
2026-08-08 02:26:17     Delta calculation        
2026-08-08 02:26:17     All S-Parameters         :	0.000787616
2026-08-08 02:26:17   

                      ------------------------------------------------------------------------------
2026-08-08 02:26:28   Adaptive mesh refinement pass 3

                      ------------------------------------------------------------------------------
2026-08-08 02:27:15     Matrix setup time        :	6 s
                        Solver setup             :	22 s
                        Degrees of freedom       :	2911950
                        Number of mesh cells     :	444494

                        Stimulation port         :	Zmin
                        Mode number              :	1
                        Accuracy                 :	9.431e-05
                        Iterations               :	9
                        Solver time              :	17 s


                      ------------------------------------------------------------------------------
2026-08-08 02:27:16     Delta calculation        
2026-08-08 02:27:16     All S-Parameters         :	0.000462481
2026-08-08 02:27:16   

                      ------------------------------------------------------------------------------
2026-08-08 02:27:16   Mesh adaptation terminated because the desired accuracy limit is reached.

                      ------------------------------------------------------------------------------
2026-08-08 02:27:16     Total time               :	153 s	 (= 0 h, 02 m, 33 s)

                      ------------------------------------------------------------------------------
2026-08-08 02:27:16   

                      ------------------------------------------------------------------------------
2026-08-08 02:27:16     Calculation 43 (Frequency: 19.312 THz, Theta: 0, Phi: 0)


                      ------------------------------------------------------------------------------
2026-08-08 02:27:16   Running the PortModeSolver.

                      ------------------------------------------------------------------------------
2026-08-08 02:27:18   Adaptive mesh refinement pass 1

                      ------------------------------------------------------------------------------
2026-08-08 02:28:02     Matrix setup time        :	3 s
                        Solver setup             :	19 s
                        Degrees of freedom       :	2911950
                        Number of mesh cells     :	444494

                        Stimulation port         :	Zmin
                        Mode number              :	1
                        Accuracy                 :	4.10746e-05
                        Iterations               :	11
                        Solver time              :	21 s


                      ------------------------------------------------------------------------------
2026-08-08 02:28:14   Adaptive mesh refinement pass 2

                      ------------------------------------------------------------------------------
2026-08-08 02:29:02     Matrix setup time        :	7 s
                        Solver setup             :	20 s
                        Degrees of freedom       :	2946464
                        Number of mesh cells     :	449744

                        Stimulation port         :	Zmin
                        Mode number              :	1
                        Accuracy                 :	8.37072e-05
                        Iterations               :	10
                        Solver time              :	19 s


                      ------------------------------------------------------------------------------
2026-08-08 02:29:03     Delta calculation        
2026-08-08 02:29:03     All S-Parameters         :	0.000191875
2026-08-08 02:29:03   

                      ------------------------------------------------------------------------------
2026-08-08 02:29:14   Adaptive mesh refinement pass 3

                      ------------------------------------------------------------------------------
2026-08-08 02:30:01     Matrix setup time        :	7 s
                        Solver setup             :	20 s
                        Degrees of freedom       :	2980912
                        Number of mesh cells     :	455001

                        Stimulation port         :	Zmin
                        Mode number              :	1
                        Accuracy                 :	7.36548e-05
                        Iterations               :	10
                        Solver time              :	19 s


                      ------------------------------------------------------------------------------
2026-08-08 02:30:02     Delta calculation        
2026-08-08 02:30:02     All S-Parameters         :	0.000212616
2026-08-08 02:30:02   

                      ------------------------------------------------------------------------------
2026-08-08 02:30:02   Mesh adaptation terminated because the desired accuracy limit is reached.

                      ------------------------------------------------------------------------------
2026-08-08 02:30:02     Total time               :	165 s	 (= 0 h, 02 m, 45 s)

                      ------------------------------------------------------------------------------
2026-08-08 02:30:02   

                      ------------------------------------------------------------------------------
2026-08-08 02:30:02     Calculation 44 (Frequency: 19.48 THz, Theta: 0, Phi: 0)


                      ------------------------------------------------------------------------------
2026-08-08 02:30:02   Running the PortModeSolver.

                      ------------------------------------------------------------------------------
2026-08-08 02:30:04   Adaptive mesh refinement pass 1

                      ------------------------------------------------------------------------------
2026-08-08 02:30:42     Matrix setup time        :	3 s
                        Solver setup             :	16 s
                        Degrees of freedom       :	2980912
                        Number of mesh cells     :	455001

                        Stimulation port         :	Zmin
                        Mode number              :	1
                        Accuracy                 :	3.73248e-05
                        Iterations               :	9
                        Solver time              :	17 s


                      ------------------------------------------------------------------------------
2026-08-08 02:30:55   Adaptive mesh refinement pass 2

                      ------------------------------------------------------------------------------
2026-08-08 02:31:47     Matrix setup time        :	7 s
                        Solver setup             :	24 s
                        Degrees of freedom       :	3014936
                        Number of mesh cells     :	460219

                        Stimulation port         :	Zmin
                        Mode number              :	1
                        Accuracy                 :	7.64355e-05
                        Iterations               :	10
                        Solver time              :	20 s


                      ------------------------------------------------------------------------------
2026-08-08 02:31:48     Delta calculation        
2026-08-08 02:31:48     All S-Parameters         :	0.000214066
2026-08-08 02:31:48   

                      ------------------------------------------------------------------------------
2026-08-08 02:32:00   Adaptive mesh refinement pass 3

                      ------------------------------------------------------------------------------
2026-08-08 02:32:50     Matrix setup time        :	7 s
                        Solver setup             :	22 s
                        Degrees of freedom       :	3049356
                        Number of mesh cells     :	465473

                        Stimulation port         :	Zmin
                        Mode number              :	1
                        Accuracy                 :	6.69583e-05
                        Iterations               :	10
                        Solver time              :	20 s


                      ------------------------------------------------------------------------------
2026-08-08 02:32:51     Delta calculation        
2026-08-08 02:32:51     All S-Parameters         :	0.000147756
2026-08-08 02:32:51   

                      ------------------------------------------------------------------------------
2026-08-08 02:32:51   Mesh adaptation terminated because the desired accuracy limit is reached.

                      ------------------------------------------------------------------------------
2026-08-08 02:32:51     Total time               :	168 s	 (= 0 h, 02 m, 48 s)

                      ------------------------------------------------------------------------------
2026-08-08 02:32:51   

                      ------------------------------------------------------------------------------
2026-08-08 02:32:51     Calculation 45 (Frequency: 18.52 THz, Theta: 0, Phi: 0)


                      ------------------------------------------------------------------------------
2026-08-08 02:32:51   Running the PortModeSolver.

                      ------------------------------------------------------------------------------
2026-08-08 02:32:53   Adaptive mesh refinement pass 1

                      ------------------------------------------------------------------------------
2026-08-08 02:33:36     Matrix setup time        :	3 s
                        Solver setup             :	19 s
                        Degrees of freedom       :	3049356
                        Number of mesh cells     :	465473

                        Stimulation port         :	Zmin
                        Mode number              :	1
                        Accuracy                 :	6.64636e-05
                        Iterations               :	10
                        Solver time              :	20 s


                      ------------------------------------------------------------------------------
2026-08-08 02:33:37   The input reflection seems to be large at 18.52 THz, Theta: 0, Phi: 0.  More...

                      ------------------------------------------------------------------------------
2026-08-08 02:33:48   Adaptive mesh refinement pass 2

                      ------------------------------------------------------------------------------
2026-08-08 02:34:32     Matrix setup time        :	6 s
                        Solver setup             :	20 s
                        Degrees of freedom       :	3084148
                        Number of mesh cells     :	470753

                        Stimulation port         :	Zmin
                        Mode number              :	1
                        Accuracy                 :	7.1989e-05
                        Iterations               :	9
                        Solver time              :	16 s


                      ------------------------------------------------------------------------------
2026-08-08 02:34:33     Delta calculation        
2026-08-08 02:34:33     All S-Parameters         :	0.000335256
2026-08-08 02:34:33   

                      ------------------------------------------------------------------------------
2026-08-08 02:34:44   Adaptive mesh refinement pass 3

                      ------------------------------------------------------------------------------
2026-08-08 02:35:28     Matrix setup time        :	6 s
                        Solver setup             :	21 s
                        Degrees of freedom       :	3119048
                        Number of mesh cells     :	476048

                        Stimulation port         :	Zmin
                        Mode number              :	1
                        Accuracy                 :	6.72057e-05
                        Iterations               :	9
                        Solver time              :	16 s


                      ------------------------------------------------------------------------------
2026-08-08 02:35:29     Delta calculation        
2026-08-08 02:35:29     All S-Parameters         :	0.000136861
2026-08-08 02:35:29   

                      ------------------------------------------------------------------------------
2026-08-08 02:35:29   Mesh adaptation terminated because the desired accuracy limit is reached.

                      ------------------------------------------------------------------------------
2026-08-08 02:35:30     Total time               :	158 s	 (= 0 h, 02 m, 38 s)

                      ------------------------------------------------------------------------------
2026-08-08 02:35:30   

                      ------------------------------------------------------------------------------
2026-08-08 02:35:30     Calculation 46 (Frequency: 32.824 THz, Theta: 0, Phi: 0)


                      ------------------------------------------------------------------------------
2026-08-08 02:35:30   Running the PortModeSolver.

                      ------------------------------------------------------------------------------
2026-08-08 02:35:31   Adaptive mesh refinement pass 1

                      ------------------------------------------------------------------------------
2026-08-08 02:36:09     Matrix setup time        :	2 s
                        Solver setup             :	17 s
                        Degrees of freedom       :	3119048
                        Number of mesh cells     :	476048

                        Stimulation port         :	Zmin
                        Mode number              :	1
                        Accuracy                 :	8.44703e-05
                        Iterations               :	9
                        Solver time              :	16 s


                      ------------------------------------------------------------------------------
2026-08-08 02:36:21   Adaptive mesh refinement pass 2

                      ------------------------------------------------------------------------------
2026-08-08 02:37:06     Matrix setup time        :	7 s
                        Solver setup             :	22 s
                        Degrees of freedom       :	3152132
                        Number of mesh cells     :	481175

                        Stimulation port         :	Zmin
                        Mode number              :	1
                        Accuracy                 :	9.76173e-05
                        Iterations               :	8
                        Solver time              :	15 s


                      ------------------------------------------------------------------------------
2026-08-08 02:37:07     Delta calculation        
2026-08-08 02:37:07     All S-Parameters         :	5.38655e-05
2026-08-08 02:37:07   

                      ------------------------------------------------------------------------------
2026-08-08 02:37:18   Adaptive mesh refinement pass 3

                      ------------------------------------------------------------------------------
2026-08-08 02:38:00     Matrix setup time        :	7 s
                        Solver setup             :	19 s
                        Degrees of freedom       :	3185344
                        Number of mesh cells     :	486328

                        Stimulation port         :	Zmin
                        Mode number              :	1
                        Accuracy                 :	9.83493e-05
                        Iterations               :	8
                        Solver time              :	14 s


                      ------------------------------------------------------------------------------
2026-08-08 02:38:01     Delta calculation        
2026-08-08 02:38:01     All S-Parameters         :	5.26954e-05
2026-08-08 02:38:01   

                      ------------------------------------------------------------------------------
2026-08-08 02:38:01   Mesh adaptation terminated because the desired accuracy limit is reached.

                      ------------------------------------------------------------------------------
2026-08-08 02:38:01     Total time               :	151 s	 (= 0 h, 02 m, 31 s)

                      ------------------------------------------------------------------------------
2026-08-08 02:38:01   

                      ------------------------------------------------------------------------------
2026-08-08 02:38:02   Some adaptive mesh refinement samples will be recalculated because the mesh has changed significantly.

                      ------------------------------------------------------------------------------
2026-08-08 02:38:02     Calculation 1 (Frequency: 34 THz, Theta: 0, Phi: 0)


                      ------------------------------------------------------------------------------
2026-08-08 02:38:02   Running the PortModeSolver.

                      ------------------------------------------------------------------------------
2026-08-08 02:38:37     Matrix setup time        :	3 s
                        Solver setup             :	16 s
                        Degrees of freedom       :	3185344
                        Number of mesh cells     :	486328

                        Stimulation port         :	Zmin
                        Mode number              :	1
                        Accuracy                 :	6.42622e-05
                        Iterations               :	8
                        Solver time              :	14 s


                      ------------------------------------------------------------------------------
2026-08-08 02:38:38     Total time               :	35 s

                      ------------------------------------------------------------------------------
2026-08-08 02:38:38   

                      ------------------------------------------------------------------------------
2026-08-08 02:38:38     Calculation 2 (Frequency: 10 THz, Theta: 0, Phi: 0)


                      ------------------------------------------------------------------------------
2026-08-08 02:38:38   Running the PortModeSolver.

                      ------------------------------------------------------------------------------
2026-08-08 02:39:10     Matrix setup time        :	3 s
                        Solver setup             :	16 s
                        Degrees of freedom       :	3185344
                        Number of mesh cells     :	486328

                        Stimulation port         :	Zmin
                        Mode number              :	1
                        Accuracy                 :	9.5598e-05
                        Iterations               :	6
                        Solver time              :	10 s


                      ------------------------------------------------------------------------------
2026-08-08 02:39:10     Total time               :	32 s

                      ------------------------------------------------------------------------------
2026-08-08 02:39:10   

                      ------------------------------------------------------------------------------
2026-08-08 02:39:10   Finished the general purpose interpolative broadband frequency sweep:
                      All broadband sweep convergence criteria have been satisfied after
                      calculating 46 frequency samples:

                        Broadband sweep error threshold value :  0.01 (All S-Parameters) 
                        Number of error criterion checks      :  2 (All S-Parameters) 
                        Minimum number of samples             :  3
                        Number of data samples, linear        :  1001

                      ------------------------------------------------------------------------------
2026-08-08 02:39:10     Number of mesh cells     :	486328
                        Degrees of freedom       :	3152460
                        Total Solver Time        :	3856 s	 (= 1 h, 04 m, 16 s)
                        Free disk space          :	311 GB
                        Disk space delta         :	4 GB
                      ================================================================================



                      ------------------------------------------------------------------------------
2026-08-08 02:39:12     ----------------------------------------------------------------------------
                                            Peak memory used (GB)         Free physical memory (GB) 
                                                                          At begin     Minimum      
                        ----------------------------------------------------------------------------
                        Solver start        0.029                         34.915       34.913       
                        Eq. system setup    7.060                         34.871       30.361       
                        Eq. system solve    14.313                        34.804       23.424       
                        Mesh refinement     7.277                         34.746       30.231       
                        Field monitor calc. 7.095                         30.602       30.441       
                        Solver run total    14.313                        34.915       23.424       

                        Computer name       Hikari
                        ----------------------------------------------------------------------------


                      ------------------------------------------------------------------------------
2026-08-08 02:39:12   Running post-processing.

                      ------------------------------------------------------------------------------
2026-08-08 02:39:13   Post-processing finished.

                      ------------------------------------------------------------------------------
