f_THz,lam_um,Re_S11,Im_S11,Re_S21,Im_S21,absS11,absS21,R,T,A
0,inf,-8.576156256e-05,-9.2092735e-06,0.9999997689,0.0006798848541,8.625460179e-05,1,7.43985633e-09,1,-7.439856287e-09
0.01,29979.2458,2.180758774e-05,0.00140856973,0.9999740138,0.001483229204,0.001408738533,0.9999751138,1.984544255e-06,0.9999502282,4.778727697e-05
0.035,8565.4988,0.0002162720667,0.004969508605,0.9991620134,0.0038426844,0.004974212439,0.9991694027,2.474278939e-05,0.9983394952,0.001635761996
0.07,4282.7494,0.0003315320747,0.009981393101,0.9983454072,0.007852008565,0.009986897504,0.9983762849,9.973812176e-05,0.9967552062,0.003145055704
0.105,2855.166267,0.0002953258269,0.0150090142,0.9978299044,0.01248700227,0.01501191941,0.9979080335,0.0002253577245,0.9958204433,0.003954198952
0.14,2141.3747,0.0001381524875,0.02004136369,0.9975356886,0.01755792346,0.02004183986,0.9976901977,0.0004016753448,0.9953857306,0.004212594014
0.175,1713.09976,-0.0001148441146,0.02507207858,0.9973870867,0.02290708381,0.02507234161,0.9976501066,0.0006286223137,0.9953057352,0.004065642532
0.21,1427.583133,-0.0004438579717,0.03009795597,0.99731575,0.0284083,0.0301012286,0.9977202698,0.0009060839632,0.9954457367,0.003648179295
0.245,1223.642686,-0.0008340440936,0.03511778901,0.9972628942,0.03396521963,0.03512769185,0.9978411278,0.001233954735,0.9956869163,0.003079128971
0.28,1070.68735,-0.001274937605,0.04013150189,0.9971806458,0.03950869793,0.04015174853,0.9979630141,0.00161216291,0.9959301775,0.002457659583
0.315,951.7220889,-0.001759778015,0.04513953873,0.9970325724,0.04499344383,0.04517382843,0.9980472736,0.002040674775,0.9960983603,0.001860964885
0.35,856.54988,-0.002284811232,0.050142456,0.9967934939,0.05039418016,0.05019448431,0.9980665523,0.002519486256,0.9961368428,0.001343670909
0.385,778.6817091,-0.002848615529,0.05514067134,0.9964486876,0.0557015703,0.0552142033,0.9980043347,0.003048608246,0.996012652,0.0009387397265
0.42,713.7915667,-0.003451479491,0.06013432875,0.9959926115,0.06091815327,0.06023329814,0.9978538488,0.003628050205,0.9957123035,0.0006596462854
0.455,658.8845231,-0.004094848275,0.06512324793,0.9954272761,0.06605450308,0.06525185977,0.9976164891,0.004257805203,0.9952386593,0.0005035354791
0.49,611.8213429,-0.004780846919,0.0701069323,0.9947604011,0.07112579003,0.0702697549,0.9972999216,0.004937838453,0.9946071337,0.0004550278815
0.525,571.0332533,-0.005511884545,0.07508461617,0.9940034892,0.0761488745,0.07528665523,0.9969160384,0.005668080456,0.9938415877,0.0004903318723
0.56,535.343675,-0.006290339868,0.08005533524,0.9931699445,0.0811400133,0.08030208637,0.9964789212,0.006448425076,0.9929702404,0.0005813344751
0.595,503.8528706,-0.007118325791,0.08501800833,0.9922733516,0.08611320798,0.08531548688,0.9960029563,0.007278732302,0.9920218889,0.0006993788017
0.63,475.8610444,-0.007997528652,0.08997152032,0.9913260111,0.09107917782,0.09032626934,0.9955012189,0.008158834933,0.9910226768,0.0008184882241
0.665,450.8157263,-0.008929115708,0.09491479867,0.9903378047,0.09604490091,0.09533387705,0.9949842162,0.009088548114,0.9899935905,0.0009178614007
0.7,428.27494,-0.00991370274,0.09984687738,0.9893154359,0.1010136361,0.1003378315,0.9944590421,0.01006768042,0.9889487865,0.0009835331023
0.735,407.8808952,-0.01095137227,0.1047669443,0.9882620597,0.1059853192,0.1053377671,0.9939289645,0.01109604517,0.9878947866,0.001009168258
0.77,389.3408545,-0.01204173197,0.1096743695,0.9871772888,0.1109572177,0.110333452,0.9933934284,0.01217347063,0.9868305037,0.0009960256922
0.805,372.4129913,-0.01318400228,0.1145687136,0.9860575339,0.1159247297,0.1153247938,0.9928484291,0.01329980806,0.9857480031,0.0009521888155
0.84,356.8957833,-0.01437712255,0.1194497177,0.9848966151,0.120882223,0.1203118311,0.9922871834,0.0144749367,0.9846338544,0.0008912089355
0.875,342.619952,-0.0156198654,0.1243172757,0.9836865658,0.1258238264,0.1252947135,0.9917010109,0.01569876524,0.983470895,0.0008303398008
0.91,329.4422615,-0.01691095018,0.1291713949,0.9824185418,0.1307441071,0.1302736715,0.9910803261,0.01697122949,0.9822402128,0.0007885577135
0.945,317.2406963,-0.01824914794,0.1340121455,0.981083751,0.1356385899,0.1352489798,0.9904156468,0.01829228654,0.9809231535,0.0007845599606
0.98,305.9106714,-0.01963337162,0.1388396068,0.9796743213,0.1405040982,0.1402209174,0.9896985286,0.01966190569,0.9795031775,0.0008349168551
1.015,295.3620276,-0.02106274732,0.1436538121,0.9781840425,0.1453389135,0.1451897278,0.9889223532,0.02108005705,0.9779674207,0.0009525222163
1.05,285.5166267,-0.02253666399,0.1484546978,0.9766089299,0.1501427719,0.1501555811,0.9880829185,0.02254669853,0.9763078539,0.001145447553
1.085,276.3064129,-0.02405480049,0.1532420598,0.9749475811,0.1549167219,0.1551185428,0.9871787967,0.02406176231,0.9745219767,0.001416260984
1.12,267.6718375,-0.02561713066,0.1580155193,0.9732013128,0.1596628809,0.1600785486,0.9862114534,0.02562514171,0.9726130308,0.001761827473
1.155,259.5605697,-0.02722390788,0.1627745019,0.9713740851,0.164384126,0.165035389,0.9851851369,0.02723667962,0.970589754,0.002173566326
1.19,251.9264353,-0.02887563194,0.1675182289,0.9694722355,0.1690837583,0.169988703,0.9841065658,0.02889615915,0.9684657328,0.002638108063
1.225,244.7285371,-0.03057300156,0.1722457225,0.9675040568,0.1737651713,0.1749379814,0.9829844529,0.03060329735,0.9662584346,0.003138268027
1.26,237.9305222,-0.03231685635,0.1769558234,0.9654792591,0.1784315518,0.1798825801,0.981828915,0.03235774263,0.9639880184,0.003654238965
1.295,231.4999676,-0.03410811235,0.1816472202,0.9634083641,0.1830856318,0.1848217409,0.9806508168,0.03415907592,0.9616760245,0.004164899534
1.33,225.4078632,-0.03594769528,0.1863184886,0.9613020742,0.1877295055,0.1897546204,0.9794610994,0.03600681597,0.9593440452,0.004649138864
1.365,219.6281744,-0.03783647522,0.1909681373,0.9591706616,0.1923645136,0.1946803234,0.9782701386,0.03790042833,0.9570124641,0.005087107536
1.4,214.13747,-0.03977520656,0.1955946592,0.9570234117,0.196991196,0.1995979403,0.977087172,0.03983933777,0.9546993418,0.005461320471
1.435,208.9146049,-0.04176447595,0.2001965835,0.9548681525,0.2016093058,0.2045065854,0.975919823,0.04182294348,0.9524195009,0.005757555617
1.47,203.9404476,-0.04380466085,0.204772527,0.9527108904,0.2062178743,0.2094054349,0.9747737442,0.04385063615,0.9501838523,0.00596551151
1.505,199.1976465,-0.04589590029,0.2093212422,0.9505555643,0.2108153153,0.2142937612,0.9736523908,0.04592181611,0.947998978,0.006079205858
1.54,194.6704273,-0.04803807883,0.2138416574,0.9484039251,0.215399556,0.219170964,0.9725569258,0.04803591144,0.9458669739,0.006097114624
1.575,190.3444178,-0.05023082387,0.2183329094,0.9462555355,0.2199681811,0.224036593,0.9714862526,0.05019239498,0.9437855391,0.006022065963
1.61,186.2064957,-0.05247351578,0.2227943657,0.9441078822,0.2245185784,0.2288903652,0.970437162,0.05239079926,0.9417482853,0.005860915408
1.645,182.2446553,-0.05476530976,0.2272256353,0.9419565873,0.2290480772,0.2337321725,0.9694045771,0.05463072848,0.939745234,0.005624037478
1.68,178.4478917,-0.05710516748,0.2316265671,0.9397956983,0.2335540701,0.2385620815,0.9683818762,0.05691186674,0.9377634582,0.005324675023
1.715,174.806098,-0.05949189669,0.2359972378,0.9376180394,0.2380341149,0.2433803238,0.9673612705,0.05923398203,0.9357878277,0.004978190236
1.75,171.309976,-0.06192419608,0.2403379279,0.935415601,0.2424860114,0.2481872794,0.9663342135,0.06159692564,0.9338018122,0.004601262114
1.785,167.9509569,-0.06440070304,0.2446490884,0.9331799456,0.2469078547,0.252983452,0.965291821,0.06400062701,0.9317882997,0.004211073308
1.82,164.7211308,-0.06692004178,0.2489312999,0.9309026121,0.2512980638,0.2577694397,0.9642252797,0.06644508404,0.9297303901,0.003824525861
1.855,161.6131849,-0.06948086942,0.2531852254,0.9285754963,0.2556553887,0.2625458999,0.9631262275,0.06893034958,0.92761213,0.003457520373
1.89,158.6203481,-0.07208191798,0.2574115607,0.9261911951,0.2599788998,0.2673135135,0.9619870884,0.07145651449,0.9254191582,0.003124327315
1.925,155.7363418,-0.07472203054,0.2616109829,0.9237432996,0.2642679621,0.2720729465,0.9608013527,0.07402368822,0.9231392394,0.002837072412
1.96,152.9553357,-0.07740019023,0.2657841011,0.9212266277,0.2685221994,0.2768248144,0.9595637921,0.07663197785,0.9207626711,0.002605351012
1.995,150.2719088,-0.08011554116,0.2699314109,0.9186373902,0.2727414516,0.2815696477,0.9582706059,0.07928146652,0.9182825541,0.002435979339
2.03,147.6810138,-0.08286740075,0.2740532545,0.9159732881,0.2769257291,0.286307863,0.9569194971,0.08197219241,0.915694924,0.002332883595
2.065,145.1779458,-0.08565526364,0.2781497888,0.9132335406,0.2810751672,0.2910397381,0.9555096804,0.08470412918,0.9129987492,0.002297121578
2.1,142.7583133,-0.08847879729,0.2822209617,0.9104188481,0.2851899827,0.2957653949,0.9540418257,0.0874771688,0.9101958053,0.00232702594
2.135,140.4180131,-0.09133783015,0.286266499,0.9075312966,0.2892704349,0.3004847878,0.9525179467,0.09029110768,0.9072904388,0.002418453543
2.17,138.1532065,-0.09423233338,0.2902859004,0.9045742098,0.293316792,0.3051977009,0.9509412398,0.09314563661,0.9042892415,0.002565121874
2.205,135.9602984,-0.09716239718,0.2942784458,0.9015519616,0.2973293029,0.3099037513,0.9493158873,0.09604033509,0.9012006538,0.002759011116
2.24,133.8359187,-0.1001282033,0.2982432115,0.8984697564,0.3013081765,0.3146024003,0.9476468332,0.0989746703,0.8980345204,0.002990809312
2.275,131.7769046,-0.1031299952,0.302179094,0.8953333915,0.3052535656,0.3192929701,0.9459395442,0.1019480008,0.8948016212,0.003250378042
2.31,129.7802848,-0.1061680466,0.3060848419,0.8921490102,0.3091655576,0.3239746665,0.9441997662,0.1049595845,0.8915131984,0.003527217062
2.345,127.8432657,-0.1092426313,0.3099590929,0.8889228583,0.3130441693,0.3286466062,0.9424332867,0.1080085918,0.8881805,0.003810908291
2.38,125.9632176,-0.1123539942,0.3138004153,0.885661052,0.3168893467,0.3333078467,0.9406457129,0.1110941207,0.8848143571,0.004091522182
2.415,124.1376638,-0.1155023252,0.3176073516,0.882369367,0.3207009675,0.3379574188,0.9388422714,0.1142152169,0.8814248105,0.004359972632
2.45,122.3642686,-0.1186877366,0.3213784619,0.879053055,0.3244788466,0.3425943587,0.9370276385,0.1173708946,0.8780207953,0.004608310115
2.485,120.6408282,-0.1219102463,0.3251123667,0.8757166926,0.328222743,0.3472177403,0.9352058033,0.1205601591,0.8746098946,0.004829946249
2.52,118.9652611,-0.1251697644,0.3288077859,0.8723640675,0.3319323685,0.3518267045,0.9333799674,0.12378203,0.8711981635,0.005019806486
2.555,117.3356,-0.1284660862,0.332463573,0.8689981024,0.3356073961,0.3564204858,0.9315524818,0.1270355627,0.8677900263,0.005174410986
2.59,115.7499838,-0.1317988902,0.3360787436,0.8656208172,0.3392474685,0.3609984341,0.9297248217,0.1303198694,0.864388244,0.005291886588
2.625,114.2066507,-0.135167741,0.3396524968,0.8622333284,0.3428522062,0.3655600317,0.9278975956,0.1336341368,0.8609939479,0.0053719153
2.66,112.7039316,-0.1385720964,0.3431842287,0.8588358834,0.3464212144,0.370104905,0.9260705872,0.1369776407,0.8576067324,0.005415626856
2.695,111.2402442,-0.1420113193,0.346673538,0.8554279246,0.3499540895,0.3746328293,0.9242428247,0.1403497568,0.854224799,0.005425444293
2.73,109.8140872,-0.1454846917,0.350120224,0.85200818,0.3534504235,0.3791437283,0.9224126737,0.1437499667,0.8508451407,0.005404892584
2.765,108.4240354,-0.1489914315,0.3535242762,0.8485747743,0.356909808,0.3836376682,0.9205779481,0.1471778605,0.8474637586,0.0053583809
2.8,107.068735,-0.1525307104,0.3568858579,0.8451253545,0.3603318373,0.3881148453,0.9187360327,0.1506331332,0.8440758977,0.005290969102
2.835,105.7468988,-0.1561016723,0.3602052831,0.8416572251,0.3637161099,0.3925755699,0.9168840129,0.1541155781,0.8406762931,0.005208128803
2.87,104.4573024,-0.1597034514,0.363482989,0.8381674861,0.3670622304,0.3970202459,0.9150188062,0.1576250757,0.8372594157,0.005115508606
2.905,103.1987807,-0.1633351884,0.3667195048,0.8346531691,0.3703698101,0.4014493479,0.9131372892,0.1611615789,0.8338197089,0.005018712189
2.94,101.9702238,-0.1669960459,0.3699154185,0.8311113658,0.373638468,0.405863396,0.9112364167,0.1647250962,0.8303518071,0.004923096662
2.975,100.7705741,-0.1706852207,0.3730713436,0.8275393452,0.376867832,0.4102629303,0.9093133292,0.168315672,0.8268507307,0.004833597257
3.01,99.59882326,-0.1744019538,0.3761878855,0.8239346557,0.3800575399,0.4146484857,0.9073654448,0.1719333667,0.8233120504,0.00475458291
3.045,98.4540092,-0.1781455367,0.379265611,0.8202952084,0.3832072408,0.4190205674,0.9053905336,0.1755782359,0.8197320184,0.004689745708
3.08,97.33521364,-0.1819153163,0.3823050208,0.8166193421,0.3863165971,0.4233796301,0.9033867738,0.1792503112,0.8161076631,0.004642025665
3.115,96.24155955,-0.1857106956,0.3853065258,0.8129058658,0.3893852865,0.4277260587,0.9013527878,0.1829495813,0.812436848,0.004613570746
3.15,95.17220889,-0.189531132,0.3882704291,0.8091540812,0.3924130045,0.4320601534,0.8992876587,0.1866759761,0.8087182931,0.004605730734
3.185,94.12636044,-0.193376134,0.391196913,0.8053637849,0.3953994662,0.4363821191,0.8971909294,0.1904293539,0.8049515638,0.004619082244
3.22,93.10324783,-0.1972452556,0.3940860313,0.8015352516,0.3983444091,0.4406920591,0.8950625832,0.1942094909,0.8011370279,0.00465348123
3.255,92.10213763,-0.2011380888,0.3969377086,0.7976692009,0.4012475946,0.4449899721,0.8929030106,0.1980160752,0.7972757863,0.004708138456
3.29,91.12232766,-0.205054256,0.3997517434,0.7937667498,0.4041088093,0.4492757553,0.8907129632,0.2018487043,0.7933695828,0.004781712903
3.325,90.16314526,-0.2089934013,0.4025278176,0.789829354,0.4069278659,0.4535492098,0.8884934983,0.2057068857,0.7894206965,0.004872417733
3.36,89.22394583,-0.2129551818,0.4052655093,0.7858587418,0.4097046033,0.4578100507,0.8862459163,0.2095900425,0.7854318241,0.004978133388
3.395,88.30411134,-0.2169392597,0.4079643098,0.7818568429,0.4124388854,0.462057919,0.8839716946,0.2134975205,0.7814059569,0.005096522578
3.43,87.40304898,-0.2209452949,0.4106236428,0.7778257155,0.4151305995,0.4662923969,0.8816724212,0.2174285994,0.7773462583,0.005225142282
3.465,86.5201899,-0.2249729379,0.4132428856,0.7737674758,0.4177796544,0.4705130236,0.8793497292,0.2213825053,0.7732559462,0.005361548461
3.5,85.654988,-0.2290218254,0.415821391,0.7696842308,0.4203859766,0.4747193126,0.8770052363,0.2253584257,0.7691381844,0.005503389856
3.535,84.80691881,-0.2330915758,0.4183585085,0.765578018,0.4229495075,0.4789107687,0.8746404905,0.2293555244,0.7649959876,0.005648488069
3.57,83.97547843,-0.2371817869,0.4208536051,0.761450754,0.425470199,0.4830869042,0.8722569238,0.233372957,0.7608321411,0.00579490193
3.605,83.16018252,-0.2412920347,0.4233060837,0.757304192,0.42794801,0.4872472539,0.8698558148,0.2374098865,0.7566491385,0.005940975054
3.64,82.36056538,-0.2454218734,0.4257153988,0.7531398904,0.4303829022,0.4913913885,0.8674382612,0.2414654967,0.752449137,0.006085366271
3.675,81.57617905,-0.2495708367,0.4280810696,0.748959193,0.4327748365,0.4955189247,0.8650051629,0.2455390047,0.7482339319,0.006227063409
3.71,80.80659245,-0.25373844,0.4304026895,0.7447632188,0.4351237701,0.4996295338,0.862557214,0.2496296711,0.7440049473,0.006365381579
3.745,80.05139065,-0.2579241828,0.4326799315,0.7405528633,0.4374296537,0.5037229469,0.8600949048,0.2537368072,0.7397632452,0.006499947636
3.78,79.31017407,-0.2621275521,0.4349125507,0.7363288083,0.4396924297,0.5077989566,0.8576185321,0.2578597804,0.7355095467,0.006630672978
3.815,78.5825578,-0.266348026,0.437100383,0.7320915404,0.4419120315,0.5118574174,0.8551282168,0.2619980158,0.7312442671,0.006757717098
3.85,77.86817091,-0.2705850767,0.4392433405,0.7278413755,0.4440883828,0.5158982418,0.8526239262,0.2661509959,0.7269675596,0.006881444495
3.885,77.16665586,-0.274838174,0.4413414044,0.7235784885,0.4462213982,0.5199213952,0.8501055024,0.2703182572,0.7226793653,0.007002377574
3.92,76.47766786,-0.2791067876,0.4433946158,0.7193029462,0.4483109849,0.5239268883,0.8475726917,0.2744993843,0.7183794676,0.007121148097
3.955,75.80087434,-0.28339039,0.4454030643,0.7150147413,0.4503570442,0.5279147686,0.8450251757,0.2786940029,0.7140675476,0.007238449546
3.99,75.13595439,-0.2876884576,0.4473668763,0.7107138264,0.4523594741,0.5318851104,0.8424626027,0.2829017706,0.7097432369,0.007354992497
4.025,74.48259826,-0.2920004718,0.4492862024,0.7064001461,0.4543181722,0.5358380047,0.8398846159,0.2871223672,0.705406168,0.007471464752
4.06,73.8405069,-0.29632592,0.4511612055,0.7020736662,0.4562330385,0.5397735491,0.8372908802,0.2913554843,0.7010560181,0.0075884976
4.095,73.20939145,-0.3006642949,0.4529920493,0.6977343982,0.4581039788,0.5436918383,0.8346811043,0.295600815,0.6966925458,0.007706639151
4.13,72.58897288,-0.3050150944,0.4547788883,0.6933824198,0.4599309073,0.5475929557,0.8320550581,0.2998580451,0.6923156196,0.007826335274
4.165,71.97898151,-0.3093778206,0.4565218595,0.6890178891,0.4617137492,0.551476966,0.8294125859,0.304126844,0.6879252377,0.007947918243
4.2,71.37915667,-0.3137519787,0.4582210759,0.6846410531,0.4634524432,0.5553439101,0.8267536142,0.3084068585,0.6835215387,0.008071602847
4.235,70.78924628,-0.3181370761,0.4598766225,0.6802522512,0.4651469427,0.559193801,0.8240781538,0.3126977071,0.6791048036,0.008197489351
4.27,70.20900656,-0.3225326214,0.4614885539,0.6758519129,0.4667972172,0.5630266222,0.8213862978,0.3169989773,0.6746754502,0.008325572433
4.305,69.63820163,-0.3269381235,0.4630568949,0.6714405509,0.4684032526,0.5668423277,0.8186782155,0.3213102245,0.6702340205,0.008455755018
4.34,69.07660323,-0.3313530907,0.464581642,0.66701875,0.4699650504,0.5706408439,0.8159541418,0.3256309728,0.6657811615,0.00858786576
4.375,68.5239904,-0.3357770311,0.4660627673,0.662587153,0.4714826276,0.5744220727,0.813214365,0.3299607176,0.6613176035,0.008721678877
4.41,67.98014921,-0.3402094523,0.4675002239,0.6581464447,0.4729560144,0.5781858964,0.8104592119,0.3342989308,0.6568441342,0.008856935026
4.445,67.44487244,-0.344649862,0.4688939518,0.653697334,0.4743852527,0.5819321829,0.8076890321,0.3386450655,0.6523615726,0.008993361974
4.48,66.91795937,-0.3490977691,0.4702438848,0.649240537,0.4757703938,0.5856607922,0.8049041822,0.3429985636,0.6478707425,0.009130693952
4.515,66.3992155,-0.3535526844,0.4715499569,0.6447767594,0.4771114956,0.5893715827,0.8021050111,0.3473588625,0.6433724488,0.009268688706
4.55,65.88845231,-0.3580141224,0.4728121096,0.6403066823,0.4784086206,0.5930644171,0.7992918464,0.3517254028,0.6388674557,0.009407141525
4.585,65.38548702,-0.3624816022,0.4740302972,0.6358309488,0.4796618332,0.596739168,0.7964649833,0.3560976347,0.6343564697,0.009545895686
4.62,64.89014242,-0.3669546494,0.4752044926,0.6313501546,0.4808711977,0.6003957233,0.7936246761,0.3604750245,0.6298401265,0.009684849039
4.655,64.40224662,-0.3714327967,0.4763346903,0.6268648416,0.4820367767,0.6040339888,0.7907711323,0.3648570596,0.6253189837,0.00982395666
4.69,63.92163284,-0.3759155854,0.4774209091,0.6223754948,0.4831586302,0.6076538915,0.787904511,0.3692432518,0.6207935184,0.009963229727
4.725,63.44813926,-0.3804025655,0.4784631935,0.6178825432,0.4842368145,0.6112553798,0.785024923,0.3736331393,0.6162641297,0.01010273098
4.76,62.98160882,-0.3848932958,0.4794616122,0.6133863635,0.4852713829,0.6148384233,0.7821324351,0.3780262867,0.611731146,0.01024256724
4.795,62.52188905,-0.3893873437,0.4804162568,0.6088872873,0.4862623863,0.6184030104,0.7792270766,0.3824222833,0.607194837,0.01038287972
4.83,62.06883188,-0.3938842839,0.4813272384,0.6043856105,0.4872098743,0.6219491454,0.7763088482,0.3868207395,0.6026554278,0.01052383269
4.865,61.62229353,-0.3983836969,0.4821946827,0.5998816048,0.4881138974,0.6254768436,0.7733777322,0.3912212819,0.5981131167,0.01066560141
4.9,61.18213429,-0.402885167,0.4830187257,0.5953755303,0.4889745093,0.6289861264,0.7704337044,0.3956235472,0.5935680928,0.01080836001
4.935,60.74821844,-0.4073882801,0.4837995077,0.5908676486,0.4897917694,0.6324770149,0.7674767459,0.4000271744,0.5890205556,0.01095227002
4.97,60.32041408,-0.4118926205,0.4845371679,0.5863582359,0.4905657459,0.6359495247,0.7645068553,0.4044317979,0.5844707318,0.01109747023
5.005,59.89859301,-0.4163977687,0.4852318389,0.5818475948,0.4912965182,0.6394036591,0.7615240589,0.4088370393,0.5799188923,0.01124406836
5.04,59.48263056,-0.4209032983,0.4858836422,0.5773360649,0.4919841796,0.6428394047,0.7585284205,0.4132425002,0.5753653648,0.01139213498
5.075,59.07240552,-0.4254087734,0.486492684,0.5728240308,0.4926288398,0.6462567261,0.7555200487,0.4176477561,0.570810544,0.01154169991
5.11,58.6678,-0.4299137467,0.4870590532,0.568311928,0.4932306261,0.6496555633,0.7524991016,0.4220523509,0.566254898,0.01169275114
5.145,58.26869932,-0.434417758,0.4875828195,0.5638002454,0.4937896846,0.6530358293,0.7494657893,0.4264557943,0.5616989693,0.01184523634
5.18,57.87499189,-0.4389203332,0.4880640341,0.5592895249,0.4943061809,0.6563974103,0.7464203729,0.4308575602,0.5571433731,0.0119990667
5.215,57.48656913,-0.4434209845,0.4885027311,0.554780358,0.4947802986,0.6597401669,0.7433631613,0.4352570878,0.5525887895,0.01215412271
5.25,57.10332533,-0.4479192114,0.4888989313,0.5502733795,0.4952122386,0.6630639373,0.7402945045,0.439653785,0.5480359534,0.01231026162
5.285,56.72515762,-0.4524145029,0.4892526464,0.5457692577,0.4956022165,0.6663685425,0.7372147853,0.4440470344,0.5434856396,0.01246732597
5.32,56.35196579,-0.4569063401,0.4895638852,0.5412686835,0.4959504595,0.6696537922,0.7341244077,0.4484362014,0.538938646,0.01262515263
5.355,55.98365229,-0.4613942008,0.4898326607,0.5367723569,0.4962572024,0.672919493,0.7310237849,0.452820644,0.534395774,0.01278358194
5.39,55.62012208,-0.4658775636,0.4900589971,0.5322809723,0.4965226836,0.6761654568,0.7279133251,0.4571997249,0.5298578088,0.01294246627
5.425,55.26128258,-0.4703559139,0.4902429381,0.5277952041,0.4967471399,0.6793915102,0.7247934177,0.4615728241,0.5253254984,0.0131016775
5.46,54.90704359,-0.4748287497,0.4903845545,0.5233156909,0.4969308017,0.6825975042,0.7216644192,0.4659393528,0.520799534,0.01326111319
5.495,54.5573172,-0.4792955878,0.4904839512,0.5188430223,0.4970738884,0.6857833236,0.7185266399,0.4702987669,0.5162805323,0.01342070085
5.53,54.21201772,-0.48375597,0.4905412742,0.5143777259,0.4971766031,0.6889488952,0.7153803321,0.4746505801,0.5117690195,0.0135804003
5.565,53.87106164,-0.4882094687,0.4905567152,0.5099202572,0.4972391288,0.692094196,0.7122256804,0.4789943762,0.5072654199,0.01374020395
5.6,53.5343675,-0.4926556926,0.4905305158,0.5054709911,0.4972616251,0.6952192592,0.7090627946,0.4833298184,0.5027700467,0.01390013495
5.635,53.2018559,-0.4970942905,0.4904629691,0.5010302178,0.4972442254,0.6983241781,0.7058917048,0.4876566577,0.4982830989,0.01406024344
5.67,52.87344938,-0.5015249548,0.4903544199,0.4965981407,0.4971870353,0.7014091085,0.7027123604,0.4919747374,0.4938046614,0.01422060115
5.705,52.54907239,-0.5059474234,0.4902052625,0.4921748781,0.4970901328,0.7044742683,0.699524632,0.4962839947,0.4893347108,0.01438129457
5.74,52.22865122,-0.5103614795,0.4900159368,0.4877604691,0.4969535687,0.7075199348,0.6963283167,0.5005844581,0.4848731247,0.01454241723
5.775,51.91211394,-0.5147669504,0.4897869222,0.4833548813,0.4967773695,0.7105464393,0.6931231465,0.5048762424,0.4804196962,0.01470406142
5.81,51.59939036,-0.5191637042,0.4895187297,0.4789580232,0.4965615406,0.7135541595,0.6899087994,0.5091595385,0.4759741515,0.01486630999
5.845,51.29041198,-0.5235516449,0.4892118925,0.4745697576,0.4963060709,0.7165435092,0.6866849138,0.5134346006,0.4715361709,0.01502922851
5.88,50.9851119,-0.5279307056,0.4888669555,0.4701899185,0.4960109394,0.7195149269,0.683451104,0.5177017301,0.4671054115,0.01519285843
5.915,50.68342485,-0.5323008406,0.4884844634,0.4658183288,0.4956761212,0.7224688615,0.6802069778,0.5219612559,0.4626815326,0.01535721152
5.95,50.38528706,-0.5366620157,0.4880649492,0.4614548189,0.4953015953,0.725405758,0.676952155,0.5262135138,0.4582642201,0.01552226605
5.985,50.09063626,-0.5410141984,0.4876089217,0.4570992455,0.4948873523,0.728326042,0.6736862859,0.5304588234,0.4538532118,0.01568796482
6.02,49.79941163,-0.5453573461,0.4871168542,0.4527515106,0.4944334027,0.7312301038,0.6704090692,0.5346974646,0.44944832,0.01585421535
6.055,49.51155376,-0.5496913958,0.4865891736,0.4484115776,0.4939397842,0.7341182837,0.667120269,0.5389296545,0.4450494533,0.01602089217
6.09,49.2270046,-0.5540162522,0.4860262512,0.4440794877,0.4934065694,0.7369908579,0.6638197302,0.5431555246,0.4406566342,0.01618784124
6.125,48.94570743,-0.5583317779,0.4854283949,0.4397553717,0.4928338726,0.7398480255,0.6605073905,0.5473751008,0.4362700129,0.01635488624
6.16,48.66760682,-0.5626377836,0.4847958435,0.4354394603,0.4922218549,0.7426898986,0.657183291,0.5515882854,0.431889878,0.01652183655
6.195,48.39264859,-0.5669340203,0.4841287632,0.4311320903,0.4915707288,0.745516494,0.6538475822,0.5557948428,0.4275166607,0.01668849652
6.23,48.12077978,-0.5712201729,0.4834272469,0.4268337074,0.4908807611,0.7483277283,0.6505005268,0.559994389,0.4231509354,0.01685467562
6.265,47.8519486,-0.5754958562,0.4826913152,0.4225448655,0.4901522738,0.7511234161,0.6471424997,0.5641863863,0.4187934149,0.01702019889
6.3,47.58610444,-0.579760613,0.4819209209,0.4182662213,0.4893856438,0.7539032713,0.6437739822,0.5683701424,0.4144449402,0.01718491737
6.335,47.32319779,-0.5840139149,0.4811159553,0.4139985263,0.4885813005,0.7566669117,0.6403955551,0.5725448153,0.410106467,0.01734871771
6.37,47.06318022,-0.5882551654,0.4802762568,0.4097426151,0.4877397218,0.7594138677,0.637007886,0.5767094225,0.4057790468,0.01751153066
6.405,46.80600437,-0.5924837058,0.4794016215,0.4054993901,0.4868614284,0.762143593,0.6336117153,0.5808628563,0.4014638058,0.01767333788
6.44,46.55162391,-0.5966988232,0.4784918155,0.4012698049,0.4859469765,0.7648554786,0.6302078389,0.5850039031,0.3971619202,0.0178341767
6.475,46.29999351,-0.6008997614,0.4775465882,0.3970548447,0.4849969493,0.7675488695,0.6267970888,0.5891312671,0.3928745905,0.01799414237
6.51,46.05106882,-0.6050857327,0.4765656867,0.3928555062,0.4840119479,0.770223083,0.6233803129,0.5932435976,0.3886030144,0.01815338791
6.545,45.80480642,-0.6092559325,0.4755488698,0.3886727765,0.4829925805,0.7728774281,0.6199583535,0.5973395189,0.38434836,0.01831212103
6.58,45.56116383,-0.6134095539,0.4744959228,0.3845076123,0.4819394525,0.775511226,0.6165320266,0.6014176616,0.3801117398,0.01847059861
6.615,45.32009947,-0.6175458035,0.4734066704,0.3803609199,0.4808531555,0.7781238301,0.6131021012,0.605476695,0.3758941865,0.01862911852
6.65,45.08157263,-0.6216639175,0.4722809892,0.3762335369,0.4797342569,0.7807146464,0.6096692805,0.6095153591,0.3716966316,0.01878800934
6.685,44.84554346,-0.6257631768,0.4711188187,0.3721262159,0.4785832911,0.7832831511,0.606234185,0.6135324948,0.3675198871,0.01894761819
6.72,44.61197292,-0.6298429217,0.4699201696,0.3680396103,0.4774007501,0.7858289074,0.6027973382,0.6175270717,0.3633646309,0.01910829732
6.755,44.3808228,-0.6339025644,0.4686851307,0.3639742642,0.4761870769,0.7883515795,0.5993591554,0.6214982129,0.3592313972,0.01927038991
6.79,44.15205567,-0.6379416005,0.4674138729,0.3599306046,0.4749426596,0.7908509431,0.595919936,0.6254452142,0.3551205701,0.01943421569
6.825,43.92563487,-0.641959617,0.4661066506,0.3559089381,0.4736678276,0.7933268933,0.5924798589,0.6293675597,0.3510323832,0.01960005715
6.86,43.70152449,-0.6459562987,0.4647638007,0.3519094505,0.4723628496,0.7957794482,0.5890389826,0.6332649302,0.346966923,0.01976814675
6.895,43.47968934,-0.6499314303,0.4633857389,0.3479322105,0.4710279333,0.7982087491,0.5855972481,0.6371372071,0.342924137,0.01993865588
6.93,43.26009495,-0.6538848968,0.461972954,0.3439771767,0.4696632276,0.8006150564,0.5821544859,0.6409844685,0.3389038455,0.02011168604
6.965,43.04270754,-0.6578166799,0.4605259991,0.3400442081,0.4682688265,0.8029987423,0.5787104261,0.6448069802,0.3349057573,0.02028726254
7,42.827494,-0.6617268512,0.4590454825,0.3361330765,0.466844774,0.80536028,0.5752647114,0.6486051806,0.3309294881,0.02046533131
7.035,42.61442189,-0.6656155631,0.4575320555,0.3322434825,0.4653910721,0.8077002289,0.5718169127,0.6523796597,0.3269745817,0.02064575864
7.07,42.40345941,-0.6694830371,0.4559864001,0.3283750724,0.4639076885,0.8100192183,0.5683665469,0.656131134,0.3230405317,0.0208283343
7.105,42.19457537,-0.6733295489,0.4544092159,0.3245274567,0.4623945666,0.8123179285,0.5649130954,0.6598604169,0.3191268054,0.0210127777
7.14,41.98773922,-0.6771554132,0.4528012068,0.3207002288,0.4608516353,0.81459707,0.5614560237,0.6635683865,0.3152328665,0.02119874695
7.175,41.78292098,-0.6809609664,0.4511630677,0.3168929847,0.4592788197,0.816857363,0.557994801,0.6672559514,0.311358198,0.0213858506
7.21,41.58009126,-0.6847465489,0.4494954722,0.3131053406,0.4576760518,0.8190995152,0.5545289196,0.6709240158,0.3075023227,0.02157366147
7.245,41.37922126,-0.6885124876,0.4477990615,0.3093369504,0.4560432807,0.8213242022,0.5510579123,0.6745734451,0.3036648228,0.02176173219
7.28,41.18028269,-0.6922590787,0.4460744342,0.3055875211,0.454380482,0.8235320473,0.5475813688,0.6782050329,0.2998453554,0.0219496117
7.315,40.98324785,-0.695986572,0.4443221385,0.3018568257,0.4526876665,0.8257236046,0.5440989493,0.6818194711,0.2960436666,0.02213686228
7.35,40.78808952,-0.6996951567,0.442542666,0.298144714,0.4509648875,0.8278993439,0.540610396,0.6854173236,0.2922596003,0.02232307616
7.385,40.59478104,-0.70338495,0.4407364474,0.2944511201,0.4492122468,0.8300596388,0.5371155414,0.6889990039,0.2884931048,0.02250789132
7.42,40.40329623,-0.7070559874,0.4389038507,0.2907760668,0.4474298983,0.8322047581,0.5336143129,0.6925647594,0.284744235,0.02269100562
7.455,40.21360939,-0.7107082168,0.4370451816,0.2871196672,0.4456180512,0.834334861,0.5301067354,0.6961146603,0.2810131509,0.02287218886
7.49,40.02569533,-0.7143414959,0.4351606858,0.2834821229,0.4437769695,0.8364499957,0.5265929288,0.6996485953,0.2773001127,0.02305129208
7.525,39.8395293,-0.7179555918,0.4332505532,0.2798637192,0.4419069713,0.838550102,0.5230731045,0.7031662736,0.2736054726,0.02322825384
7.56,39.65508704,-0.721550185,0.4313149237,0.2762648177,0.4400084254,0.8406350177,0.5195475569,0.7066672329,0.2699296639,0.02340310314
7.595,39.4723447,-0.7251248765,0.4293538952,0.2726858465,0.4380817465,0.8427044878,0.5160166543,0.7101508538,0.2662731875,0.02357595869
7.63,39.2912789,-0.7286791967,0.4273675316,0.2691272879,0.4361273889,0.8447581777,0.5124808255,0.7136163788,0.2626365965,0.02374702473
7.665,39.11186667,-0.7322126182,0.4253558725,0.2655896656,0.4341458392,0.8467956876,0.5089405468,0.7170629366,0.2590204802,0.02391658324
7.7,38.93408545,-0.73572457,0.4233189429,0.2620735294,0.4321376075,0.8488165705,0.5053963263,0.7204895703,0.2554254466,0.02408498306
7.735,38.75791312,-0.7392144532,0.4212567629,0.2585794404,0.4301032187,0.8508203501,0.5018486881,0.7238952682,0.2518521057,0.02425262608
7.77,38.58332793,-0.7426816584,0.4191693577,0.2551079562,0.4280432028,0.8528065408,0.4982981565,0.7272789961,0.2483010528,0.02441995109
7.805,38.41030852,-0.7461255824,0.4170567661,0.2516596158,0.4259580859,0.8547746667,0.4947452407,0.7306397309,0.2447728532,0.02458741591
7.84,38.23883393,-0.7495456464,0.4149190487,0.248234926,0.423848381,0.8567242806,0.4911904199,0.733976493,0.2412680286,0.02475547847
7.875,38.06888356,-0.7529413112,0.4127562949,0.2448343497,0.4217145795,0.8586549814,0.4876341306,0.7372883771,0.2377870454,0.02492457751
7.91,37.90043717,-0.7563120933,0.410568628,0.2414582948,0.4195571443,0.8605664302,0.4840767558,0.7405745807,0.2343303055,0.0250951138
7.945,37.73347489,-0.7596575769,0.4083562095,0.2381071067,0.4173765031,0.862458363,0.4805186153,0.743834428,0.2308981396,0.02526743242
7.98,37.56797719,-0.7629774252,0.4061192414,0.2347810615,0.415173044,0.864330602,0.4769599599,0.7470673896,0.2274908033,0.02544180711
8.015,37.40392489,-0.7662713879,0.4038579667,0.2314803634,0.4129471119,0.8661830621,0.4734009673,0.7502730971,0.2241084759,0.02561842701
8.05,37.24129913,-0.769539306,0.4015726686,0.2282051431,0.4106990071,0.8680157554,0.4698417412,0.7534513516,0.2207512618,0.02579738662
8.085,37.08008139,-0.7727811131,0.3992636684,0.2249554597,0.4084289854,0.8698287911,0.4662823125,0.7566021257,0.217419195,0.02597867929
8.12,36.92025345,-0.7759968342,0.3969313214,0.2217313048,0.4061372593,0.8716223727,0.4627226436,0.7597255605,0.2141122449,0.02616219455
8.155,36.76179742,-0.7791865796,0.3945760123,0.2185326084,0.4038240015,0.8733967915,0.4591626347,0.7628219554,0.2108303251,0.02634771948
8.19,36.60469573,-0.782350538,0.3921981495,0.2153592474,0.4014893494,0.8751524169,0.4556021324,0.7658917528,0.2075733031,0.02653494408
8.225,36.44893106,-0.7854889648,0.3897981585,0.2122110548,0.3991334107,0.8768896842,0.4520409398,0.7689355182,0.2043410113,0.02672347051
8.26,36.29448644,-0.7886021691,0.3873764755,0.2090878312,0.3967562703,0.8786090797,0.448478828,0.7719539149,0.2011332592,0.02691282594
8.295,36.14134515,-0.7916904991,0.3849335399,0.2059893562,0.3943579976,0.8803111248,0.4449155483,0.7749476764,0.1979498451,0.02710247843
8.33,35.98949076,-0.7947543248,0.3824697883,0.2029154008,0.3919386545,0.8819963582,0.4413508454,0.7779175758,0.1947905688,0.02729185543
8.365,35.83890711,-0.7977940219,0.3799856477,0.1998657397,0.3894983032,0.8836653178,0.4377844699,0.7808643938,0.1916552421,0.02748036411
8.4,35.68957833,-0.8008099535,0.3774815299,0.1968401626,0.3870370143,0.885318523,0.4342161904,0.7837888871,0.1885437,0.02766741287
8.435,35.5414888,-0.8038024541,0.3749578267,0.1938384855,0.3845548743,0.8869564572,0.4306458055,0.786691757,0.1854558098,0.0278524332
8.47,35.39462314,-0.8067718132,0.3724149059,0.1908605602,0.3820519923,0.8885795523,0.4270731533,0.7895736208,0.1823914783,0.02803490099
8.505,35.24896626,-0.8097182619,0.3698531086,0.1879062827,0.3795285057,0.8901881743,0.4234981201,0.7924349856,0.1793506577,0.02821435669
8.54,35.10450328,-0.8126419604,0.3672727474,0.1849755992,0.3769845853,0.8917826118,0.4199206471,0.7952762268,0.1763333499,0.02839042336
8.575,34.96121959,-0.815542989,0.3646741058,0.182068511,0.3744204387,0.8933630675,0.416340735,0.7980975704,0.1733396076,0.02856282203
8.61,34.81910081,-0.8184213417,0.3620574388,0.1791850766,0.3718363122,0.8949296517,0.412758446,0.8008990815,0.1703695347,0.02873138373
8.645,34.67813279,-0.8212769226,0.3594229747,0.1763254121,0.3692324918,0.8964823804,0.4091739043,0.8036806583,0.167423284,0.02889605776
8.68,34.53830161,-0.824109546,0.3567709175,0.1734896893,0.3666093024,0.8980211753,0.4055872939,0.8064420313,0.1645010529,0.02905691577
8.715,34.39959357,-0.8269189397,0.3541014501,0.1706781322,0.3639671056,0.8995458686,0.4019988542,0.8091827697,0.1616030787,0.02921415151
8.75,34.2619952,-0.8297047512,0.3514147388,0.1678910109,0.361306296,0.9010562095,0.3984088742,0.8119022927,0.1587296311,0.02936807623
8.785,34.12549323,-0.8324665569,0.3487109369,0.1651286347,0.3586272972,0.9025518744,0.3948176849,0.814599886,0.1558810043,0.02951910974
8.82,33.9900746,-0.8352038743,0.3459901904,0.1623913435,0.3559305557,0.9040324793,0.3912256496,0.8172747236,0.1530575089,0.02966776755
8.855,33.85572648,-0.8379161754,0.3432526419,0.1596794981,0.3532165347,0.9054975942,0.3876331546,0.8199258932,0.1502594625,0.02981464432
8.89,33.72243622,-0.8406029028,0.3404984356,0.1569934699,0.3504857075,0.9069467596,0.3840405978,0.8225524248,0.1474871808,0.02996039445
8.925,33.59019137,-0.8432634864,0.3377277213,0.1543336306,0.3477385498,0.9083795029,0.3804483783,0.8251533213,0.1447409685,0.03010571013
8.96,33.45897969,-0.8458973611,0.3349406587,0.1517003416,0.3449755326,0.9097953563,0.376856885,0.8277275903,0.1420211118,0.03025129793
8.995,33.32878911,-0.8485039833,0.33213742,0.1490939436,0.3421971156,0.9111938737,0.3732664865,0.8302742755,0.13932787,0.03039785453
9.03,33.19960775,-0.8510828486,0.3293181928,0.1465147473,0.3394037403,0.9125746475,0.3696775218,0.8327924872,0.1366614701,0.03054604264
9.065,33.07142394,-0.8536335062,0.3264831817,0.1439630253,0.3365958241,0.9139373233,0.3660902914,0.8352814309,0.1340221014,0.03069646771
9.1,32.94422615,-0.8561555735,0.323632609,0.1414390045,0.3337737555,0.9152816132,0.3625050508,0.8377404315,0.1314099119,0.0308496566
9.135,32.81800307,-0.8586487466,0.320766715,0.138942861,0.3309378902,0.9166073071,0.3589220052,0.8401689555,0.1288250058,0.03100603871
9.17,32.69274351,-0.8611128099,0.3178857576,0.1364747157,0.3280885482,0.9179142804,0.3553413056,0.8425666262,0.1262674434,0.03116593031
9.205,32.5684365,-0.8635476414,0.3149900104,0.1340346325,0.3252260121,0.9192024997,0.3517630476,0.8449332355,0.1237372416,0.03132952283
9.24,32.44507121,-0.8659532157,0.3120797609,0.1316226176,0.3223505272,0.920472025,0.3481872712,0.8472687489,0.1212343759,0.03149687526
9.275,32.32263698,-0.8683296036,0.3091553082,0.1292386214,0.3194623021,0.9217230089,0.3446139634,0.8495733051,0.1187587837,0.03166791112
9.31,32.20112331,-0.8706769686,0.3062169602,0.1268825411,0.316561511,0.9229556925,0.3410430611,0.8518472104,0.1163103695,0.03184242014
9.345,32.08051985,-0.87299556,0.3032650302,0.1245542256,0.3136482969,0.924170399,0.3374744572,0.8540909263,0.1138890093,0.03202006443
9.38,31.96081642,-0.8752857038,0.3002998342,0.1222534819,0.3107227757,0.9253675236,0.3339080071,0.8563050536,0.1114945572,0.03220038917
9.415,31.84200297,-0.8775477907,0.2973216878,0.1199800823,0.3077850413,0.9265475223,0.330343536,0.858490311,0.1091268518,0.03238283719
9.45,31.72406963,-0.8797822626,0.294330903,0.1177337724,0.3048351711,0.9277108979,0.3267808481,0.8606475101,0.1067857227,0.03256676718
9.485,31.60700664,-0.881989597,0.2913277859,0.1155142805,0.301873232,0.9288581851,0.3232197352,0.8627775281,0.1044709972,0.03275147471
9.52,31.49080441,-0.8841702905,0.2883126349,0.1133213265,0.2988992865,0.9299899344,0.3196599858,0.8648812781,0.1021825065,0.0329362154
9.555,31.37545348,-0.8863248424,0.2852857384,0.1111546316,0.295913399,0.9311066957,0.3161013948,0.8669596788,0.09992009182,0.03312022941
9.59,31.26094453,-0.8884537378,0.2822473741,0.1090139271,0.2929156412,0.9322090025,0.3125437715,0.8690136244,0.09768360913,0.03330276651
9.625,31.14726836,-0.8905574317,0.2791978084,0.106898963,0.289906098,0.9332973564,0.3089869479,0.8710439554,0.09547293397,0.03348311063
9.66,31.03441594,-0.8926363345,0.2761372962,0.1048095162,0.2868848723,0.9343722128,0.3054307854,0.8730514321,0.09328796465,0.03366060329
9.695,30.92237834,-0.8946907987,0.2730660818,0.1027453966,0.2838520886,0.935433969,0.3018751807,0.8750367103,0.09112862472,0.03383466495
9.73,30.81114676,-0.8967211083,0.2699843992,0.1007064533,0.2808078963,0.9364829534,0.2983200704,0.877000322,0.08899486438,0.03400481365
9.765,30.70071254,-0.8987274705,0.2668924741,0.09869257809,0.2777524722,0.9375194179,0.2947654335,0.878942659,0.08688666081,0.03417068024
9.8,30.59106714,-0.9007100097,0.2637905253,0.09670370846,0.2746860211,0.9385435327,0.2912112935,0.8808639629,0.08480401743,0.03433201971
9.835,30.48220214,-0.9026687654,0.2606787663,0.09473982858,0.2716087761,0.9395553838,0.2876577174,0.8827643193,0.08274696237,0.03448871836
9.87,30.37410922,-0.9046036919,0.2575574078,0.09280096877,0.2685209975,0.9405549733,0.284104815,0.8846436577,0.08071554591,0.03464079635
9.905,30.26678021,-0.9065146617,0.2544266594,0.0908872035,0.265422971,0.9415422225,0.2805527354,0.8865017568,0.07870983732,0.03478840589
9.94,30.16020704,-0.9084014712,0.2512867311,0.08899864793,0.2623150049,0.9425169781,0.2770016627,0.8883382541,0.07672992111,0.03493182481
9.975,30.05438175,-0.9102638494,0.2481378356,0.08713545315,0.259197426,0.9434790199,0.2734518109,0.890152661,0.07477589286,0.03507144613
10.01,29.9492965,-0.9121014683,0.2449801892,0.08529780034,0.2560705763,0.9444280711,0.2699034175,0.8919443816,0.07284785478,0.03520776364
10.045,29.84494355,-0.9139139552,0.2418140129,0.08348589394,0.2529348074,0.9453638106,0.2663567369,0.8937127344,0.07094591129,0.03534135436
10.08,29.74131528,-0.9157009067,0.238639533,0.08169995418,0.2497904763,0.9462858855,0.2628120327,0.8954569772,0.06907016455,0.03547285828
10.115,29.63840415,-0.9174619031,0.2354569809,0.07994020922,0.2466379398,0.947193926,0.2592695709,0.8971763334,0.06722071041,0.03560295619
10.15,29.53620276,-0.9191965234,0.2322665934,0.07820688703,0.2434775502,0.9480875587,0.2557296123,0.898870019,0.06539763463,0.0357323464
10.185,29.43470378,-0.9209043601,0.2290686114,0.07650020743,0.24030965,0.9489664216,0.2521924059,0.9005372692,0.06360100962,0.03586172114
10.22,29.3339,-0.9225850335,0.2258632789,0.07482037444,0.2371345681,0.9498301768,0.2486581827,0.9021773647,0.06183089182,0.03599174347
10.255,29.2337843,-0.9242382039,0.2226508415,0.07316756922,0.233952616,0.9506785234,0.2451271501,0.9037896548,0.06008731972,0.03612302549
10.29,29.13434966,-0.9258635838,0.219431545,0.07154194381,0.2307640849,0.9515112079,0.241599488,0.9053735788,0.05837031258,0.03625610866
10.325,29.03558915,-0.9274609468,0.2162056326,0.06994361582,0.2275692433,0.9523280335,0.238075345,0.9069286833,0.05667986989,0.03639144679
10.36,28.93749595,-0.9290301346,0.2129733438,0.0683726643,0.2243683361,0.9531288665,0.2345548369,0.9084546361,0.05501597149,0.03652939243
10.395,28.8400633,-0.930571062,0.209734912,0.0668291268,0.2211615839,0.9539136411,0.2310380453,0.9099512347,0.05337857839,0.03667018686
10.43,28.74328456,-0.9320837189,0.2064905626,0.06531299782,0.2179491833,0.9546823616,0.2275250188,0.9114184115,0.05176763417,0.03681395432
10.465,28.64715318,-0.9335681696,0.2032405117,0.06382422849,0.2147313083,0.9554351013,0.2240157738,0.9128562328,0.05018306691,0.03696070024
10.5,28.55166267,-0.9350245497,0.1999849644,0.06236272772,0.2115081126,0.9561720005,0.220510298,0.9142648946,0.0486247915,0.03711031391
10.535,28.45680664,-0.936453061,0.1967241143,0.06092836451,0.2082797319,0.9568932608,0.2170085536,0.9156447127,0.04709271233,0.03726257501
10.57,28.36257881,-0.9378539635,0.1934581427,0.05952097149,0.2050462876,0.9575991384,0.2135104824,0.9169961098,0.04558672609,0.03741716413
10.605,28.26897294,-0.9392275659,0.1901872191,0.05814034956,0.2018078901,0.9582899346,0.2100160107,0.9183195988,0.04410672475,0.03757367646
10.64,28.17598289,-0.9405742149,0.1869115015,0.05678627327,0.1985646433,0.9589659864,0.2065250552,0.9196157631,0.04265259841,0.03773163848
10.675,28.08360262,-0.9418942831,0.1836311374,0.05545849712,0.1953166485,0.9596276545,0.2030375288,0.9208852352,0.0412242381,0.03789052671
10.71,27.99182614,-0.9431881563,0.1803462656,0.05415676215,0.1920640087,0.9602753114,0.199553347,0.9221286736,0.03982153832,0.03804978804
10.745,27.90064756,-0.9444562204,0.1770570184,0.05288080298,0.1888068322,0.9609093298,0.1960724336,0.92334674,0.03844439921,0.03820886078
10.78,27.81006104,-0.9456988495,0.1737635231,0.05163035479,0.1855452369,0.9615300702,0.1925947259,0.9245400759,0.03709272845,0.03836719564
10.815,27.72006084,-0.9469163935,0.1704659058,0.05040516024,0.1822793528,0.9621378703,0.1891201804,0.9257092814,0.03576644263,0.03852427599
10.85,27.63064129,-0.9481091679,0.1671642933,0.04920497591,0.1790093253,0.9627330342,0.1856487764,0.9268548952,0.03446546819,0.03867963659
10.885,27.54179678,-0.9492774444,0.1638588161,0.04802957826,0.1757353167,0.9633158246,0.1821805201,0.927977378,0.03318974191,0.03883288011
10.92,27.45352179,-0.9504214435,0.1605496116,0.04687876879,0.1724575077,0.963886455,0.1787154468,0.9290770981,0.03193921091,0.03898369101
10.955,27.36581086,-0.9515413297,0.1572368261,0.04575237835,0.1691760979,0.9644450849,0.1752536226,0.9301543217,0.03071383223,0.03913184607
10.99,27.2786586,-0.952637208,0.1539206176,0.0446502703,0.1658913056,0.9649918168,0.1717951452,0.9312092066,0.02951357192,0.03927722149
11.025,27.19205968,-0.9537091231,0.1506011573,0.04357234277,0.1626033667,0.9655266956,0.1683401435,0.9322418,0.02833840393,0.03941979608
11.06,27.10600886,-0.9547570611,0.1472786311,0.04251852954,0.159312533,0.9660497093,0.1648887762,0.9332520408,0.02718830853,0.03955965067
11.095,27.02050095,-0.9557809531,0.1439532405,0.04148879991,0.1560190698,0.9665607926,0.1614412298,0.9342397657,0.02606327067,0.03969696362
11.13,26.93553082,-0.956780681,0.1406252028,0.04048315732,0.1527232532,0.9670598322,0.1579977155,0.9352047191,0.02496327811,0.03983200275
11.165,26.85109342,-0.9577560848,0.1372947504,0.03950163694,0.1494253666,0.9675466741,0.1545584663,0.9361465665,0.02388831949,0.039965114
11.2,26.76718375,-0.958706972,0.13396213,0.0385443022,0.1461256967,0.9680211312,0.1511237323,0.9370649104,0.02283838247,0.0400967071
11.235,26.68379688,-0.9596331273,0.1306276008,0.03761124052,0.1428245303,0.9684829937,0.1476937773,0.9379593091,0.02181345186,0.040227239
11.27,26.60092795,-0.9605343241,0.1272914319,0.03670255822,0.1395221497,0.9689320391,0.1442688741,0.9388292964,0.02081350803,0.04035719559
11.305,26.51857214,-0.9614103354,0.1239538998,0.03581837495,0.1362188293,0.9693680427,0.1408493004,0.9396744023,0.01983852543,0.04048707229
11.34,26.43672469,-0.9622609455,0.1206152849,0.03495881769,0.1329148316,0.9697907889,0.1374353353,0.9404941742,0.01888847139,0.0406173544
11.375,26.35538092,-0.9630859607,0.117275868,0.03412401461,0.1296104042,0.9702000809,0.1340272556,0.941288197,0.01796330525,0.04074849775
11.41,26.2745362,-0.9638852195,0.1139359265,0.03331408889,0.1263057769,0.9705957509,0.1306253336,0.9420561117,0.01706297779,0.0408809105
11.445,26.19418593,-0.9646586011,0.1105957308,0.03252915281,0.1230011591,0.9709776683,0.127229835,0.9427976324,0.01618743092,0.04101493665
11.48,26.11432561,-0.9654060335,0.1072555399,0.03176930215,0.1196967387,0.9713457471,0.1238410183,0.9435125604,0.01533659781,0.04115084181
11.515,26.03495076,-0.9661274984,0.1039155988,0.03103461126,0.1163926806,0.9716999511,0.120459135,0.9442007949,0.0145104032,0.04128880192
11.55,25.95605697,-0.9668230355,0.1005761345,0.03032512867,0.1130891269,0.972040298,0.1170844313,0.9448623409,0.01370876406,0.04142889508
11.585,25.87763988,-0.9674927439,0.09723735392,0.02964087374,0.109786197,0.9723668611,0.1137171511,0.9454973126,0.01293159045,0.04157109699
11.62,25.79969518,-0.9681367818,0.09389944155,0.02898183401,0.106483989,0.9726797692,0.1103575399,0.9461059334,0.01217878661,0.04171527996
11.655,25.72221862,-0.968755364,0.09056255818,0.02834796374,0.1031825814,0.9729792044,0.107005851,0.9466885322,0.01145025215,0.04186121569
11.69,25.64520599,-0.9693487574,0.08722684025,0.02773918334,0.09988203574,0.9732653981,0.1036623526,0.9472455351,0.01074588336,0.04200858155
11.725,25.56865313,-0.969917275,0.08389240004,0.0271553799,0.09658239932,0.9735386254,0.1003273368,0.9477774552,0.01006557452,0.04215697029
11.76,25.49255595,-0.9704612681,0.08055932664,0.0265964087,0.09328370869,0.973799198,0.09700113021,0.948284878,0.009409219263,0.04230590269
11.795,25.41691039,-0.970981117,0.07722768773,0.02606209562,0.08998599326,0.9740474554,0.0936841065,0.9487684454,0.008776711811,0.04245484278
11.83,25.34171243,-0.9714772214,0.07389753211,0.0255522405,0.08668927913,0.9742837558,0.09037670115,0.9492288369,0.008167948111,0.04260321503
11.865,25.26695811,-0.9719499892,0.07056889287,0.02506662112,0.08339359302,0.9745084659,0.08707942841,0.9496667502,0.007582826851,0.042750423
11.9,25.19264353,-0.9723998265,0.06724179119,0.02460499784,0.08009896602,0.9747219506,0.0837929011,0.950082881,0.007021250275,0.04289586869
11.935,25.11876481,-0.9728271261,0.06391624055,0.0241671187,0.0768054372,0.9749245628,0.08051785399,0.9504779032,0.006483124811,0.04303897202
11.97,25.04531813,-0.973232258,0.06059225129,0.02375272483,0.07351305697,0.9751166335,0.07725517123,0.9508524489,0.005968361482,0.04317918965
12.005,24.97229971,-0.9736155592,0.0572698353,0.02336155586,0.07022188986,0.9752984626,0.07400591941,0.9512070912,0.005476876107,0.04331603268
12.04,24.89970581,-0.9739773265,0.05394901079,0.02299335543,0.06693201696,0.9754703113,0.0707713875,0.9515423283,0.005008589288,0.04344908244
12.075,24.82753275,-0.9743178088,0.05062980687,0.02264787642,0.06364353771,0.9756323948,0.06755313611,0.9518585698,0.004563426198,0.04357800399
12.11,24.75577688,-0.9746372024,0.04731226782,0.02232488576,0.06035657104,0.9757848774,0.06435305891,0.952156127,0.004141316191,0.04370255681
12.145,24.68443458,-0.9749356477,0.04399645696,0.02202416878,0.05707125595,0.9759278689,0.06117346047,0.9524352053,0.003742192266,0.0438226024
12.18,24.6135023,-0.9752132272,0.0406824599,0.02174553295,0.05378775133,0.9760614228,0.05801715605,0.9526959011,0.003365990397,0.04393810849
12.215,24.5429765,-0.9754699665,0.03737038706,0.02148881074,0.05050623522,0.9761855364,0.05488760136,0.9529382014,0.003012648783,0.04404914983
12.25,24.47285371,-0.975705836,0.0340603755,0.02125386182,0.04722690339,0.9763001524,0.051789063,0.9531619875,0.002682107046,0.04415590547
12.285,24.40313048,-0.975920755,0.03075258979,0.02104057425,0.04394996742,0.9764051627,0.04872684477,0.9533670418,0.002374305401,0.04425865276
12.32,24.33380341,-0.9761145977,0.027447222,0.02084886489,0.04067565226,0.9765004137,0.04570759077,0.9535530579,0.002089183854,0.04435775822
12.355,24.26486912,-0.9762871998,0.0241444908,0.02067867876,0.03740419339,0.976585712,0.04273969394,0.9537196529,0.001826681438,0.0444536657
12.39,24.19632429,-0.9764383664,0.02084463964,0.02052998773,0.03413583372,0.9766608328,0.03983384917,0.9538663823,0.00158673554,0.04454688216
12.425,24.12816563,-0.9765678814,0.01754793407,0.02040278824,0.03087082021,0.976725528,0.03700380126,0.953992757,0.001369281308,0.04463796171
12.46,24.06038989,-0.9766755168,0.01425465834,0.02029709839,0.02760940045,0.9767795352,0.03426734883,0.9540982605,0.001174251196,0.04472748833
12.495,23.99299384,-0.9767610423,0.01096511121,0.0202129544,0.02435181924,0.9768225874,0.03164766383,0.9541823673,0.001001574626,0.04481605803
12.53,23.9259743,-0.9768242345,0.007679601343,0.02015040657,0.02109831528,0.9768544217,0.02917495146,0.9542445613,0.0008511777926,0.04490426092
12.565,23.85932813,-0.9768648864,0.004398442143,0.02010951486,0.01784911805,0.9768747885,0.02688835441,0.9542843525,0.0007229836028,0.0449926639
12.6,23.79305222,-0.9768828154,0.001121946444,0.0200903443,0.01460444494,0.9768834596,0.02483770815,0.9543012937,0.0006169117463,0.04508179456
12.635,23.72714349,-0.9768778704,-0.002149578989,0.02009296031,0.01136449885,0.9768802354,0.02308416964,0.9542949943,0.0005328788881,0.04517212678
12.67,23.6615989,-0.9768499378,-0.005415838874,0.02011742406,0.008129465951,0.9768649509,0.02169790237,0.9542651324,0.0004707989675,0.04526406866
12.705,23.59641543,-0.9767989459,-0.008676554645,0.0201637881,0.004899514013,0.9768374805,0.02075050814,0.9542114634,0.0004305835879,0.04535795305
12.74,23.53159011,-0.9767248672,-0.01193146935,0.02023209227,0.00167479087,0.9767977407,0.02030129262,0.9541338263,0.000412142482,0.04545403126
12.775,23.46712,-0.9766277196,-0.01518035215,0.02032236012,-0.001544576915,0.9767456915,0.02038097247,0.9540321458,0.0004153840389,0.04555247014
12.81,23.40300219,-0.9765075648,-0.01842300238,0.02043459581,-0.004758485626,0.9766813355,0.02098132244,0.9539064312,0.0004402158913,0.04565335293
12.845,23.33923379,-0.9763645052,-0.02165925328,0.02056878158,-0.007966856889,0.9766047154,0.02205777832,0.9537567702,0.0004865455843,0.04575668423
12.88,23.27581196,-0.9761986774,-0.02488897575,0.02072487596,-0.01116964253,0.9765159082,0.02354318156,0.9535833189,0.000554281398,0.04586239966
12.915,23.21273388,-0.9760102439,-0.02811208299,0.02090281269,-0.0143668352,0.976415017,0.02536402042,0.9533862855,0.0006433335319,0.04597038098
12.95,23.14999676,-0.9757993792,-0.03132853813,0.02110250089,-0.01755849322,0.9763021591,0.02745207147,0.9531659058,0.000753616228,0.04608047799
12.985,23.08759784,-0.9755662509,-0.03453837,0.02132382929,-0.0207448048,0.9761774474,0.02974983398,0.9529224089,0.0008850526216,0.04619253849
13.02,23.02553441,-0.9753109925,-0.03774171058,0.02156668973,-0.02392628056,0.9760409668,0.03221162845,0.9526559688,0.001037589007,0.04630644222
13.055,22.96380375,-0.9750336717,-0.04093889243,0.02183114095,-0.02710449244,0.9758927472,0.03480304909,0.9523666539,0.001211252226,0.04642209383
13.09,22.90240321,-0.9747343088,-0.04413071674,0.02211945262,-0.03028647383,0.9757327979,0.03750387555,0.9520544929,0.001406540681,0.04653896639
13.125,22.84133013,-0.9744133408,-0.0473191519,0.02253585759,-0.03346988993,0.975561613,0.04034970147,0.9517204608,0.001628098409,0.04665144079
13.16,22.78058191,-0.9740746365,-0.05050787346,0.02277125483,-0.03653607306,0.9753832286,0.0430513029,0.9513724427,0.001853414681,0.04677414263
13.195,22.72015597,-0.9737304448,-0.05369224249,0.02310763005,-0.03969908628,0.975209637,0.04593451881,0.9510338361,0.002109980018,0.04685618392
13.23,22.66004974,-0.9733726199,-0.05685152329,0.02347344901,-0.04284645997,0.9750314625,0.04885511172,0.9506863529,0.002386821941,0.04692682514
13.265,22.60026069,-0.9729820171,-0.05999730761,0.02386116933,-0.04598473084,0.9748300788,0.05180686124,0.9502936825,0.002683950872,0.04702236666
13.3,22.54078632,-0.9725655529,-0.0631407798,0.02426949508,-0.04911542183,0.9746130066,0.05478442345,0.9498705127,0.003001333053,0.04712815423
13.335,22.48162415,-0.9721284545,-0.0662812963,0.02469792707,-0.05223899903,0.9743854177,0.05778322093,0.9494269423,0.003338900621,0.04723415707
13.37,22.42277173,-0.9716721087,-0.06941746926,0.02514616594,-0.05535560179,0.9741485882,0.06079944335,0.9489654719,0.003696572312,0.04733795583
13.405,22.36422663,-0.9711968365,-0.0725485631,0.02561398772,-0.05846523799,0.9739027617,0.06382993358,0.9484865893,0.00407426042,0.04743915031
13.44,22.30598646,-0.9707027031,-0.0756742076,0.02610120825,-0.06156785157,0.9736479463,0.06687206755,0.9479903234,0.004471873419,0.04753780316
13.475,22.24804883,-0.9701897051,-0.07879419031,0.02660767089,-0.06466335097,0.9733840908,0.069923652,0.9474765882,0.004889317109,0.04763409466
13.51,22.1904114,-0.9696578156,-0.08190835858,0.02713324149,-0.06775162317,0.9731111234,0.07298284207,0.9469452585,0.005326495236,0.04772824629
13.545,22.13307183,-0.969106996,-0.08501657402,0.02767780589,-0.07083254187,0.9728289611,0.07604807641,0.9463961875,0.005783309926,0.04782050259
13.58,22.07602784,-0.9685372012,-0.08811869063,0.02824126817,-0.07390597292,0.9725375128,0.07911802614,0.9458292138,0.006259662061,0.04791112413
13.615,22.01927712,-0.9679483839,-0.09121454421,0.02882354891,-0.07697177856,0.9722366826,0.08219155471,0.945244167,0.006755451666,0.04800038131
13.65,21.96281744,-0.9673404986,-0.09430394749,0.02942458336,-0.08002982081,0.9719263731,0.08526768629,0.9446408747,0.007270578325,0.04808854695
13.685,21.90664655,-0.9667135063,-0.09738668881,0.03004431927,-0.08307996442,0.9716064895,0.08834558058,0.9440191705,0.007804941609,0.04817588794
13.72,21.85076224,-0.9660673794,-0.1004625327,0.03068271451,-0.0861220794,0.971276944,0.09142451274,0.943378902,0.00835844153,0.0482626565
13.755,21.79516234,-0.9654021055,-0.1035312222,0.03133973439,-0.08915604323,0.9709376599,0.09450385704,0.9427199393,0.008930978996,0.04834908168
13.79,21.73984467,-0.9647176919,-0.1065924819,0.03201534894,-0.09218174263,0.9705885751,0.09758307354,0.9420421822,0.009522456242,0.04843536158
13.825,21.68480709,-0.9640141678,-0.1096460218,0.0327095301,-0.09519907494,0.970229646,0.1006616969,0.9413455659,0.01013277723,0.04852165686
13.86,21.63004747,-0.9632915876,-0.1126915422,0.03342224887,-0.09820794907,0.969860849,0.1037393271,0.9406300663,0.01076184798,0.04860808569
13.895,21.57556373,-0.9625500308,-0.115728738,0.03415347271,-0.101208286,0.9694821827,0.1068156208,0.9398957026,0.01140957685,0.04869472054
13.93,21.52135377,-0.9617896034,-0.1187573042,0.03490316311,-0.1042000187,0.9690936686,0.1098902848,0.9391425384,0.0120758747,0.04878158687
13.965,21.46741554,-0.9610104359,-0.1217769411,0.03567127342,-0.1071830919,0.9686953501,0.1129630689,0.9383706813,0.01276065494,0.04886866374
14,21.413747,-0.9602126822,-0.1247873588,0.03645774711,-0.110157461,0.9682872921,0.1160337604,0.9375802801,0.01346383354,0.04895588639
14.035,21.36034613,-0.9593965163,-0.1277882825,0.03726251644,-0.1131230908,0.9678695783,0.119102178,0.9367715206,0.0141853288,0.04904315057
14.07,21.30721095,-0.9585621284,-0.1307794569,0.03808550156,-0.1160799539,0.9674423085,0.1221681674,0.9359446204,0.01492506112,0.04913031852
14.105,21.25433945,-0.957709721,-0.1337606501,0.03892661011,-0.1190280285,0.9670055953,0.1252315957,0.9350998213,0.01568295255,0.04921722618
14.14,21.2017297,-0.9568395038,-0.1367316571,0.03978573735,-0.1219672968,0.9665595595,0.1282923473,0.9342373821,0.01645892637,0.0493036915
14.175,21.14937975,-0.9559516885,-0.139692303,0.04066276666,-0.1248977416,0.9661043268,0.1313503195,0.9333575702,0.01725290645,0.04938952336
14.21,21.09728768,-0.9550464835,-0.1426424449,0.04155757063,-0.1278193448,0.9656400223,0.1344054187,0.9324606527,0.01806481659,0.04947453071
14.245,21.0454516,-0.9541240891,-0.1455819736,0.04247001237,-0.1307320846,0.9651667672,0.1374575567,0.9315468884,0.01889457989,0.04955853169
14.28,20.99386961,-0.9531846924,-0.1485108144,0.04339994733,-0.1336359329,0.9646846738,0.1405066475,0.9306165199,0.019742118,0.04964136215
14.315,20.94253985,-0.9522284633,-0.1514289271,0.04434722529,-0.1365308537,0.9641938427,0.143552605,0.9296697662,0.0206073504,0.04972288336
14.35,20.89146049,-0.9512555506,-0.1543363051,0.04531169255,-0.1394168007,0.963694359,0.1465953403,0.9287068177,0.02149019381,0.04980298853
14.385,20.84062968,-0.9502660798,-0.1572329743,0.04629319424,-0.1422937163,0.9631862907,0.1496347604,0.9277278306,0.02239056153,0.04988160786
14.42,20.79004563,-0.9492601508,-0.1601189906,0.04729157666,-0.1451615299,0.9626696864,0.1526707666,0.9267329251,0.02330836299,0.04995871194
14.455,20.73970654,-0.9482378376,-0.1629944376,0.04830668957,-0.1480201578,0.962144575,0.1557032542,0.9257221833,0.02424350337,0.05003431334
14.49,20.68961063,-0.9471991882,-0.1658594226,0.04933838826,-0.1508695026,0.9616109662,0.158732112,0.9246956503,0.02519588338,0.05010846633
14.525,20.63975614,-0.9461442266,-0.1687140731,0.05038653548,-0.153709454,0.9610688508,0.161757223,0.9236533361,0.02616539919,0.05018126473
14.56,20.59014135,-0.9450729545,-0.1715585324,0.05145100307,-0.1565398889,0.9605182036,0.164778465,0.9225952194,0.02715194254,0.05025283802
14.595,20.54076451,-0.943985355,-0.1743929549,0.0525316732,-0.1593606737,0.9599589852,0.1677957121,0.9215212532,0.028155401,0.05032334576
14.63,20.49162392,-0.9428813967,-0.177217501,0.05362843932,-0.1621716651,0.9593911459,0.1708088361,0.9204313708,0.02917565848,0.05039297068
14.665,20.4427179,-0.9417610381,-0.1800323324,0.05474120659,-0.1649727132,0.9588146294,0.1738177085,0.9193254935,0.0302125958,0.05046191069
14.7,20.39404476,-0.9406242333,-0.1828376064,0.05586989201,-0.1677636632,0.9582293768,0.1768222031,0.9182035385,0.03126609152,0.05053036998
14.735,20.34560285,-0.9394709371,-0.1856334712,0.05701442408,-0.1705443587,0.9576353311,0.1798221978,0.9170654273,0.03233602283,0.05059854987
14.77,20.29739052,-0.9383011108,-0.1884200609,0.05817474205,-0.1733146444,0.9570324414,0.1828175773,0.9159110939,0.03342226658,0.05066663952
14.805,20.24940615,-0.9371147273,-0.1911974905,0.05935079485,-0.1760743693,0.9564206672,0.1858082355,0.9147404926,0.03452470039,0.05073480705
14.84,20.20164811,-0.9359117764,-0.1939658519,0.06054253971,-0.1788233895,0.9557999816,0.1887940776,0.9135536049,0.03564320375,0.05080319133
14.875,20.15411482,-0.9346922689,-0.1967252099,0.06174994049,-0.181561571,0.9551703753,0.1917750224,0.9123504458,0.03677765921,0.05087189497
14.91,20.10680469,-0.9334562408,-0.1994755989,0.06297296582,-0.1842887923,0.954531858,0.1947510036,0.911131068,0.0379279534,0.05094097857
14.945,20.05971616,-0.9322037556,-0.2022170201,0.06421158717,-0.187004947,0.9538844611,0.1977219718,0.9098955651,0.03909397813,0.05101045673
14.98,20.01284766,-0.9309349066,-0.2049494395,0.06546577679,-0.189709945,0.9532282376,0.2006878949,0.908644073,0.04027563117,0.05108029582
15.015,19.96619767,-0.9296498173,-0.2076727868,0.06673550571,-0.1924037145,0.9525632625,0.2036487591,0.9073767691,0.04147281707,0.05115041379
15.05,19.91976465,-0.9283486413,-0.2103869547,0.06802074186,-0.1950862022,0.9518896314,0.2066045682,0.9060938704,0.0426854476,0.05122068196
15.085,19.8735471,-0.9270315605,-0.2130917993,0.06932144827,-0.1977573738,0.9512074585,0.2095553437,0.9047956292,0.04391344209,0.05129092874
15.12,19.82754352,-0.9256987829,-0.2157871415,0.07063758154,-0.2004172137,0.9505168737,0.2125011235,0.9034823272,0.04515672748,0.05136094532
15.155,19.78175242,-0.9243505387,-0.2184727687,0.07196909055,-0.2030657236,0.9498180189,0.2154419599,0.902154269,0.04641523808,0.05143049292
15.19,19.73617235,-0.9229870756,-0.221148438,0.07331591544,-0.2057029208,0.9491110438,0.218377918,0.9008117734,0.04768891508,0.05149931153
15.225,19.69080184,-0.9216086544,-0.2238138794,0.07467798698,-0.2083288364,0.9483961011,0.221309073,0.8994551645,0.0489777058,0.0515671297
15.26,19.64563945,-0.9202155425,-0.2264688004,0.07605522614,-0.2109435121,0.9476733415,0.2242355072,0.8980847622,0.05028156271,0.0516336751
15.295,19.60068375,-0.9188080081,-0.2291128911,0.07744754412,-0.2135469972,0.9469429088,0.227157307,0.8967008726,0.05160044212,0.05169868531
15.33,19.55593333,-0.9173863141,-0.2317458292,0.07885484262,-0.2161393452,0.9462049348,0.2300745591,0.8953037786,0.05293430276,0.05176191868
15.365,19.51138679,-0.9159507119,-0.2343672861,0.08027701436,-0.2187206097,0.9454595345,0.2329873476,0.8938937314,0.05428310416,0.05182316447
15.4,19.46704273,-0.9145014357,-0.2369769333,0.08171394395,-0.2212908409,0.9447068026,0.2358957501,0.8924709428,0.05564680491,0.05188225226
15.435,19.42289977,-0.9130386974,-0.2395744484,0.08316550886,-0.2238500814,0.9439468096,0.2387998342,0.8910355793,0.05702536083,0.05193905988
15.47,19.37895656,-0.9115626819,-0.2421595216,0.08463158059,-0.2263983629,0.9431795995,0.2416996548,0.889587757,0.05841872315,0.05199351985
15.505,19.33521174,-0.9100735439,-0.2447318618,0.08611202593,-0.2289357022,0.9424051886,0.2445952509,0.8881275394,0.05982683677,0.05204562379
15.54,19.29166396,-0.908571405,-0.2472912024,0.08760670823,-0.2314620988,0.9416235642,0.2474866431,0.8866549367,0.06124963853,0.05209542473
15.575,19.24831191,-0.9070563528,-0.2498373069,0.08911548871,-0.2339775319,0.9408346863,0.250373832,0.885169907,0.06268705576,0.05214303724
15.61,19.20515426,-0.9055284404,-0.2523699735,0.0906382276,-0.2364819585,0.9400384885,0.2532567965,0.8836723599,0.06413900498,0.05218863514
15.645,19.16218971,-0.9039876879,-0.2548890389,0.09217478528,-0.2389753123,0.9392348812,0.2561354933,0.882162162,0.06560539092,0.05223244704
15.68,19.11941696,-0.9024340844,-0.2573943818,0.09372502315,-0.2414575033,0.9384237552,0.2590098567,0.8806391444,0.06708610587,0.05227474972
15.715,19.07683474,-0.9008675914,-0.2598859246,0.09528880437,-0.243928418,0.9376049867,0.2618797994,0.8791031111,0.06858102933,0.05231585957
15.75,19.03444178,-0.8992881477,-0.2623636348,0.09686599438,-0.2463879204,0.936778442,0.2647452137,0.8775538494,0.07009002817,0.05235612244
15.785,18.99223681,-0.8976956739,-0.2648275246,0.09845646121,-0.2488358542,0.9359439838,0.2676059735,0.8759911408,0.07161295707,0.05239590217
15.82,18.95021858,-0.8960900793,-0.2672776495,0.1000600755,-0.2512720454,0.935101477,0.2704619373,0.8744147722,0.07314965953,0.05243556825
15.855,18.90838587,-0.8944712676,-0.2697141064,0.1016767106,-0.2536963059,0.9342507949,0.2733129509,0.8728245478,0.07469996912,0.05247548304
15.89,18.86673744,-0.8928391439,-0.2721370292,0.103306242,-0.2561084373,0.9333918254,0.2761588516,0.8712202996,0.07626371129,0.05251598906
15.925,18.82527209,-0.8911936213,-0.2745465848,0.104948547,-0.2585082357,0.9325244757,0.2789994721,0.8696018978,0.07784070543,0.05255739673
15.96,18.7839886,-0.8895346271,-0.276942967,0.1066035043,-0.2608954966,0.9316486782,0.2818346452,0.8679692597,0.07943076726,0.05259997306
15.995,18.74288578,-0.8878621089,-0.2793263901,0.1082709934,-0.2632700201,0.9307643937,0.2846642083,0.8663223567,0.08103371151,0.05264393183
16.03,18.70196245,-0.8861760399,-0.281697082,0.109950894,-0.2656316165,0.9298716147,0.2874880081,0.8646612198,0.0826493548,0.05268942542
16.065,18.66121743,-0.8844764229,-0.2840552763,0.1116430857,-0.2679801111,0.928970367,0.2903059051,0.8629859427,0.08427751852,0.05273653877
16.1,18.62064957,-0.8827632937,-0.2864012041,0.1133474473,-0.2703153493,0.9280607105,0.2931177782,0.8612966824,0.08591803188,0.05278528574
16.135,18.5802577,-0.8810367229,-0.2887350864,0.1150638568,-0.2726372015,0.9271427384,0.2959235286,0.8595936573,0.0875707348,0.05283560789
16.17,18.54004069,-0.8792968172,-0.2910571261,0.1167921915,-0.2749455668,0.9262165748,0.2987230836,0.8578771435,0.08923548066,0.05288737586
16.205,18.49999741,-0.8775437183,-0.2933675003,0.118532328,-0.277240376,0.9252823719,0.3015163989,0.8561474678,0.09091213883,0.05294039335
16.24,18.46012672,-0.8757776013,-0.2956663537,0.1202841428,-0.2795215945,0.9243403051,0.3043034617,0.8544049997,0.09260059682,0.05299440347
16.275,18.42042753,-0.8739986717,-0.2979537925,0.1220475132,-0.2817892236,0.9233905678,0.3070842914,0.8526501406,0.09430076203,0.05304909732
16.31,18.38089871,-0.8722071612,-0.3002298792,0.1238223179,-0.2840433006,0.9224333647,0.3098589405,0.8508833124,0.09601256303,0.05310412457
16.345,18.34153919,-0.8704033223,-0.3024946292,0.1256084385,-0.2862838983,0.9214689057,0.3126274944,0.8491049442,0.09773595023,0.05315910554
16.38,18.30234786,-0.8685874228,-0.3047480082,0.1274057607,-0.2885111231,0.9204973979,0.3153900696,0.8473154596,0.09947089598,0.05321364439
16.415,18.26332367,-0.8667597389,-0.3069899312,0.1292141759,-0.2907251121,0.9195190389,0.3181468121,0.8455152629,0.1012173941,0.05326734306
16.45,18.22446553,-0.8649205485,-0.309220263,0.1310335831,-0.2929260292,0.9185340093,0.3208978941,0.8437047263,0.1029754584,0.05331981526
16.485,18.1857724,-0.8630701242,-0.3114388207,0.1328638898,-0.2951140597,0.9175424668,0.3236435099,0.8418841784,0.1047451215,0.05337070015
16.52,18.14724322,-0.8612087268,-0.3136453767,0.1347050144,-0.2972894053,0.9165445398,0.3263838712,0.8400538934,0.1065264314,0.05341967515
16.555,18.10887696,-0.8593365985,-0.3158396645,0.1365568869,-0.2994522767,0.9155403231,0.3291192023,0.8382140833,0.1083194494,0.05346646738
16.59,18.07067257,-0.857453958,-0.3180213844,0.1384194503,-0.3016028871,0.9145298743,0.3318497336,0.836364891,0.1101242457,0.05351086334
16.625,18.03262905,-0.8555609948,-0.3201902115,0.1402926616,-0.3037414447,0.9135132114,0.3345756957,0.8345063874,0.1119408961,0.0535527165
16.66,17.99474538,-0.8536578665,-0.3223458041,0.1421764919,-0.3058681454,0.9124903125,0.3372973128,0.8326385704,0.1137694772,0.05359195235
16.695,17.95702055,-0.8517446956,-0.3244878128,0.1440709268,-0.307983165,0.9114611166,0.3400147966,0.8307613672,0.1156100619,0.05362857095
16.73,17.91945356,-0.8498215688,-0.3266158904,0.1459759657,-0.3100866525,0.9104255261,0.3427283394,0.8288746386,0.1174627146,0.05366264673
16.765,17.88204342,-0.8478885369,-0.3287297013,0.1478916208,-0.3121787234,0.9093834107,0.3454381086,0.8269781876,0.1193274869,0.05369432551
16.8,17.84478917,-0.8459456167,-0.3308289319,0.1498179155,-0.3142594542,0.9083346127,0.3481442407,0.8250717687,0.1212044124,0.053723819
16.835,17.80768981,-0.8439927935,-0.3329132992,0.1517548825,-0.3163288772,0.9072789539,0.3508468368,0.8231551003,0.1230935029,0.05375139682
16.87,17.7707444,-0.8420300254,-0.3349825596,0.153702561,-0.3183869773,0.9062162429,0.3535459582,0.8212278789,0.1249947446,0.05377737651
16.905,17.73395197,-0.8400572484,-0.3370365164,0.1556609937,-0.3204336894,0.9051462832,0.3562416235,0.819289794,0.1269080943,0.05380211169
16.94,17.69731157,-0.8380743823,-0.3390750264,0.1576302233,-0.3224688976,0.9040688822,0.3589338062,0.8173405438,0.1288334772,0.05382597901
16.975,17.66082227,-0.8360813373,-0.341098004,0.1596102887,-0.3244924354,0.9029838597,0.3616224341,0.8153798509,0.1307707849,0.05384936426
17.01,17.62448313,-0.8340780209,-0.3431054251,0.161601221,-0.3265040881,0.9018910564,0.3643073896,0.8134074776,0.1327198742,0.05387264827
17.045,17.58829322,-0.832064345,-0.345097328,0.1636030394,-0.3285035961,0.9007903418,0.3669885109,0.8114232399,0.1346805671,0.05389619296
17.08,17.55225164,-0.8300402327,-0.3470738133,0.1656157472,-0.3304906599,0.8996816214,0.3696655948,0.8094270198,0.136652652,0.05392032822
17.115,17.51635746,-0.8280056249,-0.3490350414,0.1676393277,-0.3324649465,0.8985648419,0.372338401,0.8074187751,0.1386358848,0.05394534008
17.15,17.4806098,-0.8259604858,-0.3509812284,0.1696737413,-0.3344260968,0.8974399962,0.3750066569,0.8053985468,0.1406299927,0.05397146054
17.185,17.44500774,-0.8239048075,-0.3529126402,0.1717189216,-0.3363737343,0.8963071256,0.3776700639,0.8033664634,0.1426346772,0.05399885944
17.22,17.40955041,-0.821838614,-0.3548295853,0.1737747735,-0.3383074744,0.8951663209,0.3803283044,0.801322742,0.1446496191,0.05402763882
17.255,17.37423692,-0.8197619633,-0.3567324058,0.1758411716,-0.3402269342,0.8940177212,0.3829810497,0.7992676859,0.1466744844,0.0540578297
17.29,17.3390664,-0.8176749485,-0.3586214677,0.1779179591,-0.3421317431,0.8928615114,0.3856279682,0.7972016785,0.1487089298,0.05408939164
17.325,17.30403798,-0.8155776972,-0.3604971498,0.1800049479,-0.3440215527,0.891697917,0.3882687343,0.7951251751,0.15075261,0.05412221491
17.36,17.26915081,-0.8134703693,-0.3623598329,0.1821019201,-0.3458960467,0.890527198,0.3909030371,0.7930386903,0.1528051844,0.05415612525
17.395,17.23440402,-0.8113531546,-0.3642098882,0.1842086295,-0.3477549507,0.8893496411,0.3935305895,0.7909427841,0.1548663249,0.05419089099
17.43,17.19979679,-0.8092262672,-0.3660476656,0.1863248056,-0.34959804,0.8881655505,0.3961511362,0.7888380451,0.1569357227,0.0542262322
17.465,17.16532826,-0.8070899408,-0.3678734835,0.1884501571,-0.3514251474,0.8869752378,0.3987644617,0.7867250725,0.1590130959,0.05426183161
17.5,17.1309976,-0.8049444218,-0.3696876184,0.1905843772,-0.3532361688,0.8857790116,0.4013703973,0.7846044575,0.1610981958,0.05429734672
17.535,17.09680399,-0.8027899626,-0.3714902961,0.1927271499,-0.3550310675,0.8845771668,0.403968827,0.7824767641,0.1631908132,0.05433242278
17.57,17.06274661,-0.8006268139,-0.3732816839,0.1948781556,-0.3568098763,0.8833699738,0.4065596923,0.7803425106,0.1652907834,0.05436670599
17.605,17.02882465,-0.7984552179,-0.3750618852,0.1970370793,-0.3585726985,0.8821576689,0.4091429955,0.7782021528,0.1673979907,0.0543998565
17.64,16.9950373,-0.7962754011,-0.3768309349,0.1992036167,-0.360319706,0.8809404451,0.4117188014,0.7760560679,0.1695123714,0.05443156071
17.675,16.96138376,-0.7940875677,-0.3785887972,0.2013774826,-0.3620511355,0.879718445,0.4142872376,0.7739045425,0.1716339152,0.05446154228
17.71,16.92786324,-0.7918918943,-0.3803353654,0.2035584174,-0.3637672835,0.8784917543,0.4168484927,0.7717477624,0.1737626659,0.0544895717
17.745,16.89447495,-0.7896885255,-0.3820704637,0.2057461941,-0.3654684985,0.8772603984,0.4194028132,0.7695858065,0.1758987198,0.05451547372
17.78,16.86121811,-0.7874775707,-0.3837938505,0.2079406242,-0.3671551716,0.8760243398,0.4219504986,0.767418644,0.1780422233,0.05453913273
17.815,16.82809194,-0.7852591025,-0.385505224,0.2101415632,-0.3688277267,0.8747834794,0.4244918946,0.7652461358,0.1801933686,0.05456049559
17.85,16.79509569,-0.7830331568,-0.3872042294,0.2123489144,-0.3704866077,0.873537658,0.4270273854,0.7630680399,0.1823523879,0.05457957214
17.885,16.76222857,-0.7807997341,-0.3888904672,0.2145626318,-0.3721322663,0.8722866618,0.4295573845,0.7608840203,0.1845195466,0.05459643314
17.92,16.72948984,-0.7785588028,-0.3905635031,0.2167827214,-0.3737651486,0.8710302288,0.4320823239,0.7586936594,0.1866951346,0.05461120596
17.955,16.69687875,-0.7763103037,-0.3922228788,0.2190092412,-0.3753856815,0.8697680577,0.4346026433,0.7564964742,0.1888794576,0.05462406817
17.99,16.66439455,-0.7740541557,-0.393868123,0.2212422992,-0.3769942593,0.8684998182,0.4371187785,0.7542919342,0.1910728265,0.05463523926
18.025,16.6320365,-0.771790263,-0.3954987634,0.2234820501,-0.3785912311,0.8672251622,0.4396311488,0.7520794819,0.193275547,0.05464497108
18.06,16.59980388,-0.7695185228,-0.397114338,0.2257286901,-0.380176889,0.8659437363,0.4421401457,0.7498585544,0.1954879084,0.05465353714
18.095,16.56769594,-0.7672388334,-0.3987144066,0.2279824506,-0.3817514574,0.8646551946,0.4446461211,0.7476286055,0.197710173,0.05466122152
18.13,16.53571197,-0.7649511027,-0.4002985613,0.2302435897,-0.3833150845,0.8633592112,0.4471493762,0.7453891276,0.1999425647,0.05466830773
18.165,16.50385125,-0.7626552563,-0.4018664365,0.2325123836,-0.3848678354,0.8620554928,0.4496501521,0.7431396727,0.2021852593,0.05467506802
18.2,16.47211308,-0.7603512454,-0.4034177175,0.2347891157,-0.3864096871,0.8607437895,0.4521486206,0.7408798712,0.2044383751,0.05468175373
18.235,16.44049674,-0.7580390535,-0.4049521473,0.2370740659,-0.3879405264,0.8594239049,0.4546448776,0.7386094483,0.2067019647,0.05468858699
18.27,16.40900153,-0.7557187018,-0.406469533,0.2393674988,-0.3894601503,0.8580957041,0.4571389375,0.7363282375,0.2089760081,0.05469575438
18.305,16.37762677,-0.7533902531,-0.4079697491,0.2416696516,-0.3909682686,0.85675912,0.4596307296,0.7340361897,0.2112604076,0.05470340276
18.34,16.34637176,-0.7510538144,-0.4094527397,0.243980722,-0.3924645096,0.8554141559,0.462120097,0.7317333781,0.213554984,0.05471163785
18.375,16.31523581,-0.748709536,-0.4109185187,0.2463008559,-0.3939484279,0.8540608868,0.4646067966,0.7294199984,0.2158594754,0.05472052617
18.41,16.28421825,-0.7463576096,-0.412367167,0.2486301345,-0.3954195153,0.8526994558,0.4670905018,0.7270963619,0.2181735369,0.05473010123
18.445,16.25331841,-0.7439982615,-0.4137988268,0.2509685606,-0.3968772145,0.8513300665,0.469570806,0.7247628821,0.2204967418,0.05474037604
18.48,16.22253561,-0.741631741,-0.4152136905,0.2533160411,-0.398320936,0.8499529682,0.4720472273,0.7224200481,0.2228285848,0.05475136711
18.515,16.19186919,-0.7392582995,-0.4166119772,0.2556723591,-0.3997500829,0.8485684256,0.4745192135,0.720068373,0.225168484,0.05476314303
18.55,16.16131849,-0.7368781435,-0.4179938714,0.2580371197,-0.4011640943,0.8471766491,0.4769861483,0.7177082749,0.2275157857,0.05477593943
18.585,16.13088286,-0.7344913191,-0.4193592971,0.2604096183,-0.4025625622,0.8457775818,0.4794473754,0.7153397179,0.2298697858,0.05479049634
18.62,16.10056165,-0.7320975144,-0.4207065629,0.2627884848,-0.4039457129,0.8443700508,0.4819024038,0.7129607827,0.2322299268,0.05480929052
18.655,16.07035422,-0.7297095066,-0.4220231902,0.2651712491,-0.4053173788,0.8429587991,0.4843531448,0.710579537,0.2345979689,0.05482249408
18.69,16.04025993,-0.7273227452,-0.4233710175,0.2675742094,-0.4066947335,0.8415707898,0.4868229286,0.7082413942,0.2369965638,0.05476204203
18.725,16.01027813,-0.7249089519,-0.4246822821,0.2700141855,-0.4080130335,0.8401476235,0.4892671008,0.7058480292,0.2393822959,0.05476967491
18.76,15.98040821,-0.7224955588,-0.4259768578,0.2724251718,-0.4093096037,0.8387229077,0.4916806137,0.7034561159,0.2417498259,0.0547940582
18.795,15.95064953,-0.720079312,-0.427258049,0.2748397838,-0.4105976573,0.8372954413,0.4940924437,0.701063656,0.2441273429,0.05480900104
18.83,15.92100149,-0.7176595222,-0.4285264683,0.2772604853,-0.411870161,0.8358648957,0.4964981433,0.6986701238,0.2465104063,0.0548194699
18.865,15.89146345,-0.7152360068,-0.4297824902,0.2796863064,-0.4131253438,0.834431264,0.4988957603,0.6962755343,0.2488969796,0.05482748604
18.9,15.86203481,-0.7128086809,-0.4310264186,0.2821163397,-0.4143627954,0.8329945913,0.5012845054,0.6938799892,0.2512861553,0.05483385554
18.935,15.83271497,-0.7103774526,-0.4322585006,0.28454983,-0.415582569,0.8315548909,0.5036640521,0.6914835365,0.2536774774,0.05483898606
18.97,15.80350332,-0.7079421892,-0.4334789238,0.286986137,-0.4167849519,0.8301121132,0.5060343259,0.6890861206,0.256070739,0.05484314046
19.005,15.77439926,-0.7055027071,-0.4346878105,0.2894247205,-0.4179703868,0.8286661344,0.5083954298,0.6866875623,0.258465913,0.05484652464
19.04,15.74540221,-0.7030587713,-0.4358852142,0.2918651381,-0.4191394346,0.8272167526,0.5107476133,0.6842875558,0.2608631245,0.05484931968
19.075,15.71651156,-0.7006100994,-0.4370711165,0.2943070509,-0.4202927495,0.8257636903,0.5130912545,0.6818856723,0.2632626354,0.05485169228
19.11,15.68772674,-0.6981563705,-0.4382454255,0.2967502288,-0.4214310564,0.8243065999,0.515426846,0.6794813706,0.2656648336,0.05485379582
19.145,15.65904717,-0.6956972345,-0.439407977,0.299194557,-0.4225551296,0.8228450719,0.5177549811,0.6770740124,0.2680702205,0.05485576708
19.18,15.63047226,-0.6932323255,-0.440558536,0.301640039,-0.4236657704,0.8213786464,0.5200763387,0.6746628808,0.2704793981,0.0548577211
19.215,15.60200146,-0.6907612742,-0.4416968006,0.3040867979,-0.424763784,0.819906825,0.5223916662,0.6722472016,0.2728930529,0.05485974548
19.25,15.57363418,-0.6882837229,-0.442822407,0.3065350747,-0.4258499566,0.8184290851,0.5247017606,0.6698261674,0.2753119376,0.05486189505
19.285,15.54536987,-0.6857993394,-0.4439349368,0.3089852226,-0.426925032,0.8169448953,0.5270074484,0.667398962,0.2777368507,0.05486418736
19.32,15.51720797,-0.6833078311,-0.4450339249,0.3114376988,-0.4279896891,0.8154537303,0.5293095637,0.6649647863,0.2801686143,0.05486659949
19.355,15.48914792,-0.6808089585,-0.4461188691,0.3138930532,-0.4290445213,0.8139550869,0.5316089259,0.6625228834,0.2826080501,0.05486906646
19.39,15.46118917,-0.6783025474,-0.4471892414,0.3163519127,-0.4300900168,0.8124484989,0.5339063169,0.6600725634,0.2850559552,0.0548714814
19.425,15.43333117,-0.6757884986,-0.4482444989,0.3188149648,-0.4311265418,0.8109335519,0.5362024588,0.6576132256,0.2875130768,0.05487369764
19.46,15.40557338,-0.6732667966,-0.4492840972,0.3212829375,-0.4321543266,0.8094098958,0.5384979925,0.6551443794,0.2899800879,0.05487553264
19.495,15.37791526,-0.6707375157,-0.4503075031,0.3237565776,-0.4331734553,0.8078772569,0.5407934577,0.6526656623,0.2924575639,0.05487677383
19.53,15.35035627,-0.6682008226,-0.4513142078,0.3262366283,-0.4341838583,0.8063354472,0.5430892749,0.6501768535,0.2949459605,0.05487718606
19.565,15.32289589,-0.6656569771,-0.4523037408,0.3287238052,-0.4351853103,0.8047843718,0.5453857299,0.6476778851,0.2974455944,0.05487652052
19.6,15.29553357,-0.6631063299,-0.4532756819,0.3312187732,-0.4361774305,0.8032240338,0.5476829618,0.6451688485,0.2999566266,0.05487452483
19.635,15.26826881,-0.6605493167,-0.4542296742,0.3337221232,-0.4371596893,0.801654537,0.5499809537,0.6426499967,0.3024790494,0.05487095391
19.67,15.24110107,-0.6579864503,-0.4551654348,0.3362343503,-0.438131417,0.800076085,0.5522795279,0.6401217419,0.3050126769,0.05486558121
19.705,15.21402984,-0.6554183101,-0.4560827648,0.3387558344,-0.4390918185,0.798488979,0.5545783448,0.6375846496,0.3075571405,0.05485820988
19.74,15.18705461,-0.6528455288,-0.4569815571,0.3412868226,-0.4400399904,0.7968936115,0.556876906,0.6350394281,0.3101118885,0.05484868349
19.775,15.16017487,-0.6502687775,-0.4578618026,0.3438274151,-0.4409749422,0.7952904585,0.5591745622,0.6324869133,0.312676191,0.05483689565
19.81,15.13339011,-0.6476887493,-0.458723594,0.3463775544,-0.4418956209,0.7936800689,0.5614705246,0.6299280517,0.31524915,0.05482279828
19.845,15.10669982,-0.6451061417,-0.4595671273,0.3489370195,-0.4428009371,0.7920630521,0.563763881,0.6273638785,0.3178297135,0.05480640806
19.88,15.08010352,-0.6425216384,-0.4603927,0.3515054231,-0.4436897936,0.7904400635,0.5660536153,0.624795494,0.3204166954,0.05478781058
19.915,15.0536007,-0.6399358915,-0.4612007078,0.3540822144,-0.4445611152,0.7888117888,0.5683386312,0.6222240381,0.3230087997,0.05476716218
19.95,15.02719088,-0.6373495035,-0.4619916373,0.3566666864,-0.4454138785,0.7871789267,0.5706177778,0.6196506626,0.3256046483,0.05474468908
19.985,15.00087356,-0.634763011,-0.4627660569,0.3592579878,-0.446247141,0.7855421717,0.5728898783,0.6170765036,0.3282028127,0.05472068372
20.02,14.97464825,-0.6321768694,-0.4635246045,0.3618551397,-0.44706007,0.7839021962,0.5751537606,0.6145026532,0.3308018483,0.05469549853
20.055,14.94851449,-0.6295914398,-0.4642679734,0.364457056,-0.4478519679,0.7822596322,0.5774082878,0.6119301322,0.3334003308,0.05466953702
20.09,14.92247178,-0.6270069784,-0.4649968956,0.3670625684,-0.4486222958,0.7806150549,0.5796523902,0.6093598639,0.3359968935,0.0546432426
20.125,14.89651965,-0.6244236287,-0.4657121237,0.3696704538,-0.4493706932,0.7789689661,0.5818850955,0.6067926502,0.3385902644,0.05461708542
20.16,14.87065764,-0.621841416,-0.4664144111,0.3722794648,-0.4500969928,0.7773217799,0.584105558,0.6042291495,0.3411793029,0.05459154765
20.195,14.84488527,-0.6192602458,-0.4671044919,0.3748883617,-0.4508012313,0.7756738093,0.5863130852,0.6016698584,0.3437630339,0.05456710769
20.23,14.81920208,-0.6166799056,-0.4677830598,0.3774959454,-0.4514836544,0.774025256,0.5885071614,0.599115097,0.346340679,0.05454422401
20.265,14.7936076,-0.614100069,-0.4684507476,0.3801010904,-0.4521447163,0.7723762022,0.5906874668,0.5965649977,0.3489116834,0.0545233189
20.3,14.76810138,-0.6115203041,-0.4691081076,0.3827027761,-0.4527850739,0.7707266045,0.5928538926,0.594019499,0.351475738,0.05450476305
20.335,14.74268296,-0.6089400845,-0.4697555926,0.3853001171,-0.4534055747,0.7690762923,0.5950065507,0.5914783433,0.3540327954,0.0544888613
20.37,14.71735189,-0.606358803,-0.4703935399,0.3878923898,-0.4540072395,0.7674249672,0.5971457775,0.5889410803,0.3565830796,0.05447584008
20.405,14.69210772,-0.6037757878,-0.4710221571,0.3904790554,-0.4545912402,0.7657722079,0.5992721322,0.5864070744,0.3591270884,0.05446583718
20.44,14.66695,-0.6011903212,-0.4716415109,0.3930597784,-0.4551588728,0.764117476,0.601386389,0.5838755172,0.3616655889,0.05445889394
20.475,14.64187829,-0.5986016596,-0.4722515196,0.3956344399,-0.455711526,0.7624601266,0.6034895235,0.5813454447,0.364199605,0.05445495039
20.51,14.61689215,-0.5960090543,-0.4728519493,0.3982031452,-0.4562506472,0.7607994208,0.6055826929,0.5788157587,0.3667303979,0.05445384338
20.545,14.59199114,-0.5934117738,-0.4734424137,0.4007662251,-0.4567777059,0.7591345417,0.6076672114,0.5762852523,0.3692594398,0.05445530782
20.58,14.56717483,-0.590809125,-0.4740223792,0.4033242316,-0.4572941559,0.7574646118,0.6097445209,0.5737526382,0.3717883808,0.05445898103
20.615,14.54244278,-0.5882004747,-0.4745911733,0.4058779266,-0.4578013962,0.755788714,0.6118161568,0.5712165802,0.3743190097,0.05446441011
20.65,14.51779458,-0.5855852695,-0.4751479974,0.4084282651,-0.4583007341,0.7541059125,0.613883711,0.5686757273,0.3768532106,0.05447106211
20.685,14.49322978,-0.582963054,-0.475691944,0.410976373,-0.458793348,0.7524152762,0.6159487928,0.5661287479,0.3793929153,0.05447833679
20.72,14.46874797,-0.5803334866,-0.4762220173,0.413523519,-0.4592802545,0.750715902,0.6180129877,0.5635743654,0.3819400529,0.05448558164
20.755,14.44434874,-0.5776963529,-0.4767371573,0.4160710827,-0.4597622777,0.7490069381,0.620077816,0.5610113933,0.3844964979,0.05449210885
20.79,14.42003165,-0.5750515755,-0.4772362659,0.4186205191,-0.4602400236,0.7472876073,0.6221446924,0.558438768,0.3870640183,0.05449721372
20.825,14.3957963,-0.5723992207,-0.4777182359,0.4211733197,-0.4607138589,0.7455572284,0.6242148869,0.5558555807,0.389644225,0.05450019421
20.86,14.37164228,-0.5697395009,-0.4781819806,0.423730973,-0.461183896,0.7438152361,0.6262894885,0.5532611055,0.3922385234,0.05450037112
20.895,14.34756918,-0.5670727738,-0.4786264638,0.4262949229,-0.461649984,0.7420611987,0.628369373,0.5506548227,0.3948480689,0.05449710839
20.93,14.32357659,-0.5643995368,-0.4790507298,0.4288665288,-0.4621117058,0.7402948324,0.6304551753,0.5480364389,0.3974737281,0.05448983301
20.965,14.29966411,-0.5617204182,-0.4794539314,0.4314470263,-0.4625683828,0.7385160124,0.6325472673,0.5454059006,0.4001160453,0.05447805409
21,14.27583133,-0.5590361646,-0.479835356,0.434037491,-0.4630190856,0.7367247805,0.6346457415,0.5427634022,0.4027752172,0.05446138053
21.035,14.25207787,-0.5563476245,-0.4801944486,0.4366388053,-0.4634626514,0.734921348,0.6367504029,0.5401093878,0.4054510756,0.05443953661
21.07,14.22840332,-0.5536557295,-0.4805308309,0.4392516301,-0.4638977085,0.7331060948,0.6388607662,0.5374445462,0.4081430786,0.05441237521
21.105,14.2048073,-0.5509614723,-0.4808443157,0.4418763818,-0.4643227061,0.7312795634,0.6409760621,0.5347697999,0.4108503122,0.05437988793
21.14,14.1812894,-0.5482658837,-0.4811349164,0.444513215,-0.4647359498,0.7294424494,0.6430952506,0.532086287,0.4135715014,0.05434221168
21.175,14.15784926,-0.5455700073,-0.4814028511,0.4471620129,-0.4651356415,0.7275955868,0.6452170416,0.5293953379,0.4163050308,0.05429963136
21.21,14.13448647,-0.5428748742,-0.4816485408,0.4498223832,-0.4655199238,0.7257399299,0.647339923,0.5266984459,0.4190489759,0.05425257819
21.245,14.11120066,-0.5401814777,-0.4818726018,0.4524936632,-0.4658869263,0.7238765317,0.6494621955,0.5239972332,0.4218011433,0.0542016235
21.28,14.08799145,-0.5374907484,-0.4820758323,0.4551749308,-0.4662348141,0.7220065185,0.6515820129,0.5212934127,0.4245591195,0.05414746778
21.315,14.06485846,-0.5348035312,-0.4822591941,0.4578650242,-0.4665618364,0.7201310626,0.6536974282,0.5185887473,0.4273203276,0.05409092507
21.35,14.04180131,-0.5321205642,-0.4824237884,0.4605625677,-0.4668663748,0.7182513532,0.655806443,0.5158850064,0.4300820907,0.05403290289
21.385,14.01881964,-0.52944246,-0.4825708276,0.4632660044,-0.4671469887,0.7163685659,0.6579070602,0.5131839222,0.4328416999,0.05397437794
21.42,13.99591307,-0.526769691,-0.4827016041,0.4659736344,-0.467402458,0.7144838318,0.6599973377,0.5104871459,0.4355964857,0.05391636834
21.455,13.97308124,-0.5241025774,-0.4828174547,0.4686836584,-0.4676318203,0.7125982081,0.6620754421,0.5077962061,0.438343891,0.05385990288
21.49,13.95032378,-0.5214412798,-0.4829197246,0.4713942238,-0.4678344031,0.7107126485,0.6641397014,0.5051124687,0.441081543,0.05380598829
21.525,13.92764033,-0.5187857961,-0.48300973,0.4741034748,-0.4680098482,0.7088279774,0.6661886541,0.5024371015,0.4438073229,0.0537555756
21.56,13.90503052,-0.5161359627,-0.4830887202,0.476809602,-0.4681581286,0.706944866,0.6682210936,0.4997710436,0.4465194299,0.05370952647
21.595,13.882494,-0.5134914598,-0.4831578422,0.4795108923,-0.4682795569,0.7050638126,0.6702361072,0.4971149798,0.4492164393,0.05366858088
21.63,13.86003042,-0.5108518217,-0.4832181067,0.4822057769,-0.4683747849,0.7031851267,0.6722331072,0.4944693224,0.4518973504,0.05363332719
21.665,13.83763942,-0.5082164507,-0.4832703578,0.4848928754,-0.468444793,0.7013089187,0.6742118545,0.4918341995,0.4545616247,0.05360417576
21.7,13.81532065,-0.5055846355,-0.4833152469,0.4875710354,-0.4684908716,0.6994350946,0.6761724716,0.4892094515,0.4572092113,0.05358133711
21.735,13.79307375,-0.5029555721,-0.4833532119,0.4902393658,-0.4685145928,0.6975633555,0.678115447,0.486594635,0.4598405594,0.0535648056
21.77,13.77089839,-0.5003283889,-0.4833844619,0.4928972628,-0.4685177739,0.6956932044,0.6800416282,0.4839890347,0.4624566161,0.05355434921
21.805,13.74879422,-0.4977021726,-0.4834089685,0.4955444277,-0.468502434,0.6938239571,0.6819522054,0.4813916834,0.4650588104,0.05354950619
21.84,13.7267609,-0.4950759974,-0.4834264641,0.498180876,-0.4684707427,0.6919547596,0.6838486835,0.4788013894,0.467649022,0.05354958862
21.875,13.70479808,-0.4924489537,-0.483436447,0.5008069371,-0.4684249654,0.690084611,0.6857328463,0.4762167703,0.4702295365,0.05355369319
21.91,13.68290543,-0.4898201778,-0.4834381934,0.5034232443,-0.4683674035,0.6882123898,0.68760671,0.4736362934,0.4728029876,0.05356071899
21.945,13.66108262,-0.4871888801,-0.4834307765,0.5060307165,-0.4683003325,0.6863368856,0.6894724704,0.4710583206,0.4753722874,0.05356939199
21.98,13.6393293,-0.4845543726,-0.483413092,0.5086305302,-0.4682259395,0.6844568339,0.691332443,0.4684811575,0.4779405467,0.05357829576
22.015,13.61764515,-0.4819160931,-0.4833838892,0.5112240846,-0.4681462619,0.6825709524,0.6931889982,0.4659031051,0.4805109873,0.05358590761
22.05,13.59602984,-0.4792736269,-0.4833418076,0.5138129585,-0.468063128,0.68067798,0.6950444936,0.4633225124,0.4830868481,0.05359063949
22.085,13.57448304,-0.4766267238,-0.4832854172,0.5163988624,-0.4679781019,0.6787767147,0.6969012046,0.4607378284,0.485671289,0.05359088268
22.12,13.55300443,-0.4739753117,-0.4832132618,0.518983586,-0.4678924341,0.6768660521,0.6987612557,0.4581476525,0.4882672924,0.05358505512
22.155,13.53159368,-0.4713195036,-0.4831239041,0.5215689422,-0.467807019,0.6749450208,0.7006265542,0.4555507811,0.4908775685,0.0535716504
22.19,13.51025047,-0.4686596004,-0.4830159712,0.5241567106,-0.46772236,0.6730128152,0.7024987283,0.4529462495,0.4935044633,0.05354928725
22.225,13.48897449,-0.4659960875,-0.4828881991,0.5267485804,-0.4676385446,0.6710688239,0.7043790708,0.4503333664,0.4961498754,0.05351675817
22.26,13.46776541,-0.4633296256,-0.4827394747,0.529346096,-0.467555229,0.669112653,0.7062684911,0.4477117424,0.4988151815,0.0534730761
22.295,13.44662292,-0.460661036,-0.4825688741,0.5319506047,-0.4674716335,0.6671441436,0.708167476,0.4450813083,0.501501174,0.05341751766
22.33,13.42554671,-0.4579912805,-0.4823756962,0.5345632108,-0.4673865493,0.6651633824,0.7100760613,0.4424423253,0.5042080128,0.0533496619
22.365,13.40453646,-0.4553214369,-0.4821594896,0.5371847343,-0.4672983565,0.6631707053,0.7119938151,0.4397953843,0.5069351927,0.05326942295
22.4,13.38359187,-0.4526526692,-0.4819200735,0.539815678,-0.4672050535,0.6611666932,0.7139198332,0.4371413962,0.5096815282,0.05317707558
22.435,13.36271264,-0.4499861958,-0.4816575497,0.5424562023,-0.4671042975,0.6591521612,0.7158527475,0.4344815716,0.5124451562,0.05307327225
22.47,13.34189844,-0.4473232536,-0.4813723072,0.5451061091,-0.4669934559,0.6571281392,0.717790748,0.4318173913,0.515223558,0.05295905067
22.505,13.32114899,-0.4446650624,-0.4810650175,0.5477648354,-0.4668696665,0.655095847,0.7197316169,0.4291505687,0.5180136004,0.05283583087
22.54,13.30046398,-0.4420127865,-0.4807366224,0.550431457,-0.4667299074,0.6530566619,0.7216727758,0.4264830036,0.5208115953,0.05270540105
22.575,13.2798431,-0.4393674993,-0.4803883127,0.5531047014,-0.4665710741,0.6510120816,0.7236113445,0.4238167304,0.5236133779,0.05256989174
22.61,13.25928607,-0.4367301472,-0.4800214992,0.5557829716,-0.4663900613,0.6489636824,0.7255442101,0.4211538611,0.5264144008,0.05243173811
22.645,13.23879258,-0.4341015181,-0.4796377772,0.5584643781,-0.4661838505,0.6469130741,0.7274681052,0.4184965254,0.5292098441,0.05229363056
22.68,13.21836235,-0.4314822123,-0.479238885,0.5611467803,-0.4659495983,0.6448618522,0.7293796935,0.4158468084,0.5319947373,0.05215845433
22.715,13.19799507,-0.4288726181,-0.4788266566,0.5638278352,-0.4656847257,0.6428115506,0.7312756604,0.4132066896,0.5347640915,0.05202921888
22.75,13.17769046,-0.4262728934,-0.4784029719,0.5665050527,-0.4653870042,0.6407635938,0.733152807,0.4105779832,0.5375130384,0.05190897845
22.785,13.15744823,-0.4236829518,-0.4779697045,0.5691758559,-0.4650546391,0.6387192514,0.7350081444,0.4079622821,0.5402369724,0.05180074557
22.82,13.1372681,-0.4211024566,-0.4775286679,0.5718376463,-0.4646863454,0.6366795957,0.7368389874,0.4053609076,0.5429316934,0.05170739904
22.855,13.11714977,-0.4185308203,-0.4770815634,0.5744878699,-0.4642814158,0.6346454646,0.7386430435,0.4027748657,0.5455935456,0.05163158867
22.89,13.09709297,-0.4159672115,-0.4766299301,0.5771240856,-0.4638397784,0.6326174289,0.7404184966,0.4002048113,0.5482195502,0.0515756385
22.925,13.0770974,-0.4134105684,-0.4761750979,0.5797440336,-0.4633620436,0.6305957675,0.7421640842,0.397651022,0.5508075279,0.05154145011
22.96,13.0571628,-0.4108596189,-0.4757181461,0.5823457027,-0.4628495371,0.6285804491,0.7438791646,0.395113381,0.5533562115,0.05153040751
22.995,13.03728889,-0.4083129068,-0.4752598679,0.5849273973,-0.4623043197,0.6265711228,0.745563776,0.392591372,0.5558653441,0.05154328397
23.03,13.01747538,-0.4057688237,-0.4748007421,0.5874878041,-0.4617291913,0.6245671165,0.7472186869,0.390084083,0.5583357661,0.05158015097
23.065,12.997722,-0.4032256451,-0.4743409127,0.590026061,-0.4611276793,0.622567444,0.7488454375,0.3875902223,0.5607694892,0.05164028845
23.1,12.97802848,-0.4006815709,-0.4738801778,0.5925418294,-0.4605040076,0.6205708212,0.7504463742,0.3851081441,0.5631697606,0.05172209529
23.135,12.95839455,-0.3981347672,-0.4734179865,0.595035376,-0.4598630437,0.6185756888,0.7520246789,0.3826358828,0.5655411177,0.05182299945
23.17,12.93881994,-0.3955834095,-0.4729534461,0.5975076667,-0.4592102162,0.616580243,0.753584391,0.3801711961,0.5678894344,0.0519393695
23.205,12.91930437,-0.3930257237,-0.4724853363,0.5999604768,-0.4585513921,0.6145824701,0.7551304211,0.3777116125,0.5702219528,0.05206643466
23.24,12.89984759,-0.3904600225,-0.4720121316,0.6023965189,-0.4578926956,0.6125801838,0.7566685448,0.3752544816,0.5725472866,0.05219823178
23.275,12.88044932,-0.3878847343,-0.4715320277,0.6048195778,-0.4572402444,0.6105710607,0.7582053566,0.3727970202,0.5748753628,0.052327617
23.31,12.86110931,-0.3852984166,-0.4710429662,0.6072346275,-0.4565997715,0.6085526648,0.7597481452,0.3703363458,0.5772172442,0.05244641
23.345,12.84182729,-0.382699749,-0.4705426459,0.6096478746,-0.4559761071,0.6065224476,0.7613046311,0.3678694795,0.5795847413,0.05254577924
23.38,12.82260299,-0.3800874928,-0.4700284926,0.6120666359,-0.4553725163,0.6044776969,0.7628824912,0.365393286,0.5819896953,0.05261701865
23.415,12.80343617,-0.3774604139,-0.469497521,0.6144989237,-0.454789952,0.6024153769,0.7644886053,0.3629042863,0.5844428277,0.052652886
23.45,12.78432657,-0.3748172111,-0.4689459306,0.6169526207,-0.4542263864,0.6003317646,0.7661280221,0.3603982276,0.5869521462,0.05264962618
23.485,12.76527392,-0.3721567484,-0.4683680896,0.61943422,-0.4536765063,0.5982217922,0.7678027906,0.3578693127,0.5895211253,0.05260956206
23.52,12.74627798,-0.3694799598,-0.4677545517,0.6219473297,-0.4531321171,0.5960786536,0.7695110113,0.3553097613,0.5921471965,0.05254304216
23.555,12.72733848,-0.3667973888,-0.4670917764,0.6244914197,-0.4525834516,0.5938981832,0.7712465973,0.3527150521,0.5948213138,0.0524636341
23.59,12.70845519,-0.3641392466,-0.4663793446,0.627061432,-0.4520211957,0.5916984739,0.77300013,0.350107084,0.597529201,0.05236371505
23.625,12.68962785,-0.3615218861,-0.4656581084,0.629648656,-0.4514385695,0.5895214569,0.774760745,0.3475355481,0.600254212,0.05221023989
23.66,12.67085621,-0.3589060047,-0.4649538751,0.6322426851,-0.4508326197,0.587363283,0.7765184247,0.3449956262,0.6029808639,0.05202350992
23.695,12.65214003,-0.3562651979,-0.4642416962,0.6348337148,-0.4502042228,0.5851882122,0.7782658207,0.3424452437,0.6056976877,0.05185706858
23.73,12.63347906,-0.353606071,-0.4635003508,0.6374143169,-0.4495569443,0.5829835578,0.7799990112,0.3398698286,0.6083984575,0.05173171385
23.765,12.61487305,-0.3509398677,-0.4627240268,0.6399802151,-0.4488953876,0.5807515095,0.7817171769,0.3372723158,0.6110817447,0.05164593951
23.8,12.59632176,-0.348274276,-0.461912849,0.6425301175,-0.4482237039,0.5784967168,0.7834216238,0.3346584514,0.6137494406,0.051592108
23.835,12.57782496,-0.345614347,-0.4610683722,0.6450649898,-0.4475446407,0.5762233254,0.7851146709,0.3320333207,0.6164050465,0.05156163281
23.87,12.5593824,-0.3429637639,-0.4601924307,0.6475871783,-0.4468591779,0.573934854,0.7867987534,0.3294012167,0.6190522784,0.05154650498
23.905,12.54099385,-0.3403254799,-0.4592869368,0.650099647,-0.4461666019,0.5716344309,0.7884758638,0.3267659226,0.6216941877,0.05153988968
23.94,12.52265906,-0.3377019827,-0.4583538746,0.6526054317,-0.4454648262,0.5693249542,0.7901473033,0.3241309035,0.6243327609,0.05153633563
23.975,12.50437781,-0.3350953897,-0.4573953104,0.6551073057,-0.4447508047,0.5670091623,0.7918136525,0.3214993901,0.6269688603,0.05153174954
24.01,12.48614985,-0.3325074717,-0.456413385,0.6576076088,-0.4440209445,0.5646896464,0.7934748681,0.3188743968,0.6296023663,0.05152323696
24.045,12.46797496,-0.3299396478,-0.4554102903,0.6601081824,-0.4432714708,0.5623688324,0.7951304354,0.3162587037,0.6322324093,0.05150888698
24.08,12.44985291,-0.327392971,-0.4543882327,0.6626103668,-0.4424987305,0.5600489474,0.7967795333,0.3136548235,0.6348576246,0.05148755185
24.115,12.43178345,-0.3248681158,-0.4533493902,0.6651150281,-0.4416994311,0.5577319807,0.7984211846,0.3110649623,0.637476388,0.05145864969
24.15,12.41376638,-0.3223653687,-0.4522958666,0.6676225977,-0.4408708229,0.5554196449,0.8000543828,0.3084909819,0.6400870154,0.05142200271
24.185,12.39580145,-0.3198846279,-0.451229646,0.6701331133,-0.4400108274,0.5531133416,0.8016781884,0.3059343686,0.6426879178,0.05137771359
24.22,12.37788844,-0.31742541,-0.4501525503,0.6726462579,-0.4391181212,0.5508141333,0.803291798,0.3033962094,0.6452777127,0.0513260779
24.255,12.36002713,-0.3149868658,-0.4490662008,0.6751613953,-0.4381921773,0.5485227236,0.8048945856,0.3008771783,0.647855294,0.05126752768
24.29,12.34221729,-0.3125678042,-0.447971987,0.6776776034,-0.4372332695,0.5462394469,0.8064861227,0.2983775334,0.6504198661,0.05120260054
24.325,12.32445871,-0.3101667245,-0.4468710413,0.6801937062,-0.4362424433,0.5439642677,0.8080661775,0.2958971246,0.6529709473,0.05113192814
24.36,12.30675115,-0.3077818551,-0.4457642232,0.6827083069,-0.4352214567,0.5416967906,0.8096347008,0.293435413,0.6555083487,0.05105623828
24.395,12.2890944,-0.3054111992,-0.44465211,0.6852198229,-0.4341726958,0.5394362794,0.8111917994,0.2909914995,0.6580321355,0.05097636499
24.43,12.27148825,-0.3030525849,-0.4435349981,0.6877265247,-0.4330990674,0.537181686,0.8127377037,0.2885641637,0.660542575,0.05089326129
24.465,12.25393247,-0.3007037196,-0.4424129108,0.6902265782,-0.432003877,0.5349316878,0.8142727301,0.2861519106,0.663040079,0.05080801033
24.5,12.23642686,-0.2983622466,-0.4412856152,0.692718092,-0.4308906936,0.5326847326,0.8157972449,0.2837530244,0.6655251448,0.05072183084
24.535,12.21897118,-0.2960258024,-0.440152646,0.6951991677,-0.429763209,0.5304390893,0.8173116288,0.2813656275,0.6679982986,0.05063607393
24.57,12.20156524,-0.2936920743,-0.4390133354,0.6976679537,-0.4286250973,0.5281929034,0.8188162478,0.2789877432,0.6704600476,0.05055220922
24.605,12.18420882,-0.2913588549,-0.4378668491,0.7001227003,-0.4274798773,0.5259442555,0.8203114292,0.2766173599,0.6729108409,0.05047179927
24.64,12.1669017,-0.2890240945,-0.436712225,0.7025618149,-0.4263307865,0.5236912207,0.8217974466,0.2742524947,0.6753510432,0.05039646215
24.675,12.14964369,-0.2866859472,-0.4355484165,0.7049839152,-0.4251806682,0.5214319279,0.8232745115,0.2718912554,0.6777809212,0.05032782331
24.71,12.13243456,-0.2843428124,-0.4343743351,0.7073878786,-0.4240318768,0.5191646155,0.8247427741,0.269531898,0.6802006434,0.05026745859
24.745,12.11527412,-0.2819933679,-0.4331888943,0.7097728857,-0.4228862046,0.5168876838,0.8262023307,0.2671728777,0.6826102913,0.050216831
24.78,12.09816215,-0.2796365963,-0.4319910505,0.7121384555,-0.4217448305,0.5145997413,0.8276532376,0.2648128937,0.6850098818,0.05017722454
24.815,12.08109845,-0.2772718013,-0.4307798418,0.7144844719,-0.4206082938,0.5122996427,0.8290955297,0.2624509239,0.6873993974,0.05014967871
24.85,12.06408282,-0.2748986167,-0.429554421,0.7168111991,-0.4194764921,0.5099865195,0.8305292424,0.26008625,0.6897788226,0.05013492742
24.885,12.04711505,-0.2725170044,-0.4283140839,0.7191192846,-0.418348702,0.5076597996,0.831954435,0.2577184721,0.692148182,0.05013334592
24.92,12.03019494,-0.2701272452,-0.4270582899,0.7214097506,-0.4172236223,0.5053192175,0.8333712134,0.2553475116,0.6945075793,0.05014490908
24.955,12.0133223,-0.26772992,-0.4257866758,0.7236839725,-0.4160994362,0.5029648132,0.8347797511,0.2529736033,0.6968572329,0.05016916378
24.99,11.99649692,-0.2653258838,-0.4244990603,0.7259436456,-0.4149738897,0.5005969205,0.8361803069,0.2505972768,0.6991975057,0.05020521748
25.025,11.9797186,-0.2629162325,-0.4231954418,0.7281907406,-0.4138443833,0.4982161451,0.8375732376,0.2482193273,0.7015289284,0.05025174436
25.06,11.96298715,-0.260502265,-0.4218759863,0.7304274499,-0.4127080727,0.4958233333,0.8389590055,0.2458407779,0.7038522128,0.0503070093
25.095,11.94630237,-0.25808544,-0.4205410088,0.732656125,-0.4115619742,0.4934195319,0.8403381796,0.2434628344,0.7061682561,0.05036890942
25.13,11.92966407,-0.2556673306,-0.4191909474,0.7348792093,-0.410403072,0.4910059412,0.8417114314,0.2410868343,0.7084781338,0.05043503191
25.165,11.91307204,-0.2532495778,-0.4178263305,0.7370991663,-0.4092284227,0.488583863,0.8430795235,0.2387141911,0.710783083,0.0505027259
25.2,11.89652611,-0.2508338439,-0.4164477408,0.7393184079,-0.408035253,0.4861546442,0.8444432935,0.236346338,0.713084476,0.05056918595
25.235,11.88002607,-0.2484217675,-0.4150557746,0.7415392232,-0.4068210493,0.4837196198,0.845803633,0.2339846706,0.7153837856,0.05063154373
25.27,11.86357175,-0.2460149222,-0.4136510007,0.7437637119,-0.4055836341,0.481280056,0.8471614623,0.2316304923,0.7176825433,0.05068696437
25.305,11.84716293,-0.243614779,-0.4122339184,0.7459937241,-0.4043212287,0.4788370954,0.848517703,0.229284964,0.7199822923,0.0507327437
25.34,11.83079945,-0.2412226744,-0.4108049176,0.7482308081,-0.4030325004,0.4763917075,0.8498732485,0.226949059,0.7222845386,0.05076640245
25.375,11.8144811,-0.238839785,-0.4093642432,0.7504761685,-0.4017165918,0.473944645,0.8512289349,0.2246235265,0.7245906996,0.05078577381
25.41,11.79820771,-0.2364671082,-0.4079119633,0.7527306359,-0.4003731332,0.4714964084,0.8525855125,0.2223088631,0.7269020561,0.05078908083
25.445,11.78197909,-0.234105451,-0.4064479449,0.7549946485,-0.3990022382,0.4690472195,0.8539436195,0.2200052941,0.7292197054,0.0507750005
25.48,11.76579505,-0.2317554256,-0.4049718369,0.7572682469,-0.3976044818,0.466597006,0.8553037599,0.217712766,0.7315445217,0.05074271233
25.515,11.74965542,-0.2294174525,-0.4034830621,0.7595510814,-0.3961808638,0.4641453963,0.8566662839,0.2154309489,0.733877122,0.05069192906
25.55,11.73356,-0.2270917703,-0.4019808184,0.7618424315,-0.3947327582,0.4616917267,0.8580313752,0.2131592505,0.7362178408,0.05062290868
25.585,11.71750862,-0.2247784523,-0.4004640895,0.7641412366,-0.3932618516,0.4592350592,0.859399042,0.2108968396,0.7385667134,0.05053644701
25.62,11.70150109,-0.2224774274,-0.398931666,0.7664461367,-0.3917700709,0.4567742111,0.8607691148,0.2086426799,0.7409234689,0.05043385121
25.655,11.68553724,-0.2201885071,-0.3973821752,0.7687555207,-0.3902595066,0.4543077941,0.8621412489,0.2063955718,0.7432875331,0.05031689511
25.69,11.66961689,-0.217911414,-0.3958141195,0.7710675819,-0.3887323302,0.4518342633,0.8635149335,0.2041542015,0.7456580404,0.05018775808
25.725,11.65373986,-0.215645814,-0.3942259232,0.7733803767,-0.3871907122,0.449351973,0.8648895043,0.2019171957,0.7480338547,0.05004894968
25.76,11.63790598,-0.213391348,-0.392615985,0.7756918859,-0.3856367411,0.4468592386,0.8662641618,0.1996831791,0.750413598,0.04990322295
25.795,11.62211506,-0.2111476639,-0.3909827348,0.7780000753,-0.3840723479,0.4443544024,0.8676379923,0.1974508349,0.7527956856,0.04975347949
25.83,11.60636694,-0.2089144459,-0.3893246943,0.7803029545,-0.3824992365,0.4418359009,0.8690099923,0.1952189633,0.7551783667,0.04960267
25.865,11.59066143,-0.2066914412,-0.3876405375,0.7825986306,-0.3809188249,0.4393023312,0.8703790943,0.1929865382,0.7575597678,0.04945369393
25.9,11.57499838,-0.2044784823,-0.3859291506,0.784885357,-0.3793321968,0.4367525146,0.8717441937,0.190752759,0.7599379392,0.04930930182
25.935,11.5593776,-0.202275504,-0.3841896874,0.7871615738,-0.3777400657,0.4341855541,0.873104175,0.1885170954,0.7623109005,0.04917200414
25.97,11.54379892,-0.2000825547,-0.3824216199,0.78942594,-0.3761427541,0.4316008851,0.8744579385,0.186279324,0.7646766862,0.04904398973
26.005,11.52826218,-0.1978998014,-0.380624781,0.791677357,-0.3745401851,0.4289983162,0.8758044233,0.1840395553,0.7670333878,0.04892705684
26.04,11.5127672,-0.1957275282,-0.3787993974,0.7939149811,-0.3729318905,0.4263780585,0.8771426293,0.1817982487,0.7693791922,0.04882255908
26.075,11.49731383,-0.1935661279,-0.3769461114,0.7961382276,-0.3713170312,0.4237407424,0.8784716359,0.1795562168,0.7717124151,0.04873136813
26.11,11.48190188,-0.1914160885,-0.3750659909,0.7983467646,-0.3696944318,0.4210874214,0.8797906168,0.1773146165,0.7740315294,0.04865385415
26.145,11.46653119,-0.1892779731,-0.3731605258,0.8005404983,-0.3680626264,0.4184195611,0.8810988516,0.1750749291,0.7763351864,0.04858988453
26.18,11.4512016,-0.1871523958,-0.3712316109,0.8027195507,-0.3664199154,0.4157390145,0.882395734,0.1728389282,0.7786222314,0.0485388404
26.215,11.43591295,-0.1850399935,-0.3692815156,0.8048842301,-0.3647644295,0.4130479838,0.8836807754,0.1706086369,0.7808917128,0.04849965027
26.25,11.42066507,-0.1829413957,-0.3673128402,0.8070349967,-0.3630942005,0.4103489695,0.8849536057,0.1683862768,0.7831428843,0.04847083887
26.285,11.40545779,-0.1808571917,-0.3653284608,0.8091724245,-0.3614072355,0.4076447081,0.8862139711,0.166174208,0.7853752025,0.04845058942
26.32,11.39029096,-0.1787878991,-0.3633314629,0.811297161,-0.3597015916,0.4049381,0.8874617279,0.1639748648,0.7875883185,0.04843681668
26.355,11.37516441,-0.1767339319,-0.3613250669,0.8134098862,-0.3579754495,0.4022321303,0.8886968355,0.1617906866,0.7897820655,0.04842724789
26.39,11.36007798,-0.1746955719,-0.3593125456,0.8155112731,-0.3562271837,0.3995297839,0.8899193463,0.1596240482,0.791956443,0.04841950877
26.425,11.34503152,-0.1726729429,-0.3572971383,0.8176019509,-0.3544554249,0.396833958,0.8911293949,0.1574771903,0.7941115984,0.04841121135
26.46,11.33002487,-0.1706659892,-0.3552819624,0.8196824719,-0.3526591158,0.3941473743,0.8923271859,0.1553521526,0.7962478067,0.04840004068
26.495,11.31505786,-0.1686744596,-0.3532699245,0.821753284,-0.3508375547,0.3914724931,0.8935129823,0.1532507129,0.7983654496,0.0483838375
26.53,11.30013034,-0.1666978968,-0.3512636361,0.8238147095,-0.3489904287,0.3888114336,0.8946870933,0.1511743309,0.800464995,0.04836067416
26.565,11.28524216,-0.1647356337,-0.349265333,0.8258669302,-0.3471178333,0.3861658994,0.8958498628,0.1491241018,0.8025469766,0.04832892151
26.6,11.27039316,-0.1627867962,-0.3472768033,0.8279099804,-0.3452202783,0.3835371157,0.897001659,0.1471007192,0.8046119762,0.04828730468
26.635,11.25558318,-0.1608503136,-0.3452993253,0.8299437468,-0.3432986797,0.3809257768,0.8981428652,0.1451044474,0.8066606063,0.04823494626
26.67,11.24081207,-0.1589249352,-0.3433336165,0.8319679761,-0.3413543379,0.3783320067,0.8992738722,0.1431351073,0.8086934972,0.04817139555
26.705,11.22607969,-0.1570092552,-0.3413797972,0.8339822885,-0.3393889026,0.3757553354,0.9003950714,0.1411920721,0.8107112847,0.0480966432
26.74,11.21138586,-0.1551017427,-0.3394373675,0.8359861976,-0.337404326,0.3731946906,0.9015068507,0.1392742771,0.8127146019,0.04801112108
26.775,11.19673046,-0.1532007796,-0.3375052015,0.8379791354,-0.3354028047,0.3706484048,0.9026095905,0.13738024,0.8147040728,0.04791568721
26.81,11.18211332,-0.1513047021,-0.3355815571,0.8399604802,-0.3333867135,0.3681142409,0.9037036622,0.1355080943,0.816680309,0.04781159661
26.845,11.16753429,-0.1494118477,-0.3336641025,0.8419295879,-0.3313585319,0.365589433,0.9047894272,0.1336556335,0.8186439076,0.04770045888
26.88,11.15299323,-0.1475206048,-0.3317499598,0.8438858238,-0.3293207676,0.3630707434,0.9058672372,0.1318203647,0.8205954515,0.04758418379
26.915,11.13848999,-0.1456294643,-0.3298357647,0.8458285945,-0.3272758766,0.3605545348,0.9069374348,0.1299995725,0.8225355106,0.04746491682
26.95,11.12402442,-0.1437370709,-0.32791774,0.8477573778,-0.3252261863,0.3580368553,0.9080003546,0.1281903897,0.8244646439,0.04734496635
26.985,11.10959637,-0.1418422728,-0.3259917838,0.8496717504,-0.32317382,0.3555135348,0.9090563246,0.1263898735,0.8263834014,0.04722672518
27.02,11.0952057,-0.1399441677,-0.3240535688,0.8515714105,-0.3211206295,0.3529802906,0.9101056674,0.1245950856,0.8282923259,0.04711258858
27.055,11.08085226,-0.1380421436,-0.3220986504,0.8534561967,-0.3190681344,0.3504328381,0.9111487003,0.122803174,0.8301919541,0.04700487184
27.09,11.06653592,-0.1361359113,-0.3201225811,0.8553261008,-0.3170174726,0.3478670052,0.9121857359,0.1210114533,0.8320828167,0.04690573001
27.125,11.05225652,-0.1342255291,-0.3181210283,0.8571812741,-0.3149693626,0.3452788457,0.9132170805,0.1192174813,0.833965436,0.04681708268
27.16,11.03801392,-0.1323114158,-0.3160898912,0.8590220276,-0.3129240793,0.3426647488,0.914243033,0.1174191301,0.8358403233,0.0467405466
27.195,11.02380798,-0.1303943528,-0.3140254144,0.8608488262,-0.3108814432,0.3400215407,0.9152638818,0.1156146481,0.8377079734,0.04667737852
27.23,11.00963856,-0.1284754738,-0.3119242925,0.8626622762,-0.3088408245,0.3373465749,0.9162799014,0.1138027116,0.8395688577,0.04662843071
27.265,10.99550552,-0.126556242,-0.3097837647,0.8644631068,-0.3068011621,0.3346378091,0.9172913474,0.1119824633,0.8414234161,0.04659412063
27.3,10.98140872,-0.1246384161,-0.3076016937,0.8662521474,-0.3047609948,0.3318938636,0.9182984519,0.1101535367,0.8432720468,0.04657441647
27.335,10.96734802,-0.1227240039,-0.3053766272,0.8680302999,-0.3027185064,0.3291140617,0.9193014172,0.1083160656,0.8451150957,0.04656883871
27.37,10.95332327,-0.1208152085,-0.3031078397,0.869798508,-0.3006715818,0.3262984479,0.92030041,0.1064706771,0.8469528447,0.04657647823
27.405,10.93933436,-0.1189143656,-0.3007953517,0.8715577243,-0.2986178716,0.3234477855,0.9212955552,0.1046184699,0.8487855001,0.04659602997
27.44,10.92538112,-0.1170238759,-0.2984399268,0.8733088765,-0.2965548649,0.320563531,0.9222869303,0.1027609774,0.8506131817,0.04662584084
27.475,10.91146344,-0.115146136,-0.2960430457,0.8750528337,-0.294479966,0.3176477885,0.9232745595,0.1009001176,0.8524359122,0.04666397019
27.51,10.89758117,-0.1132834676,-0.2936068585,0.8767903743,-0.2923905744,0.3147032434,0.92425841,0.0990381314,0.8542536085,0.0467082601
27.545,10.88373418,-0.1114380516,-0.2911341156,0.8785221563,-0.2902841633,0.3117330791,0.925238388,0.0971775126,0.8560660746,0.04675641276
27.58,10.86992234,-0.1096118653,-0.2886280815,0.8802486919,-0.288158356,0.3087408791,0.9262143368,0.09532093044,0.8578729977,0.04680607189
27.615,10.8561455,-0.1078066285,-0.2860924329,0.8819703259,-0.2860109966,0.3057305175,0.9271860363,0.0934711493,0.8596739458,0.04685490486
27.65,10.84240354,-0.1060237582,-0.283531145,0.8836872206,-0.2838402125,0.3027060413,0.928153204,0.09163094747,0.8614683701,0.04690068244
27.685,10.82869633,-0.1042643332,-0.2809483701,0.8853993464,-0.2816444678,0.29967155,0.9291154981,0.08980303787,0.8632556088,0.04694135328
27.72,10.81502374,-0.1025290716,-0.2783483125,0.8871064786,-0.2794226042,0.2966310732,0.930072522,0.08798999357,0.8650348961,0.04697511029
27.755,10.80138562,-0.1008183186,-0.2757351023,0.8888082016,-0.2771738692,0.2935884534,0.9310238306,0.08619417999,0.8668053731,0.04700044694
27.79,10.78778186,-0.09913204754,-0.2731126747,0.8905039194,-0.2748979302,0.2905472353,0.9319689386,0.08441769595,0.8685661024,0.0470162016
27.825,10.77421233,-0.09746987178,-0.2704846558,0.8921928721,-0.2725948738,0.2875105649,0.9329073299,0.0826623249,0.8703160862,0.04702158886
27.86,10.76067688,-0.09583106831,-0.2678542586,0.8938741589,-0.2702651909,0.2844811022,0.9338384686,0.08092949751,0.8720542855,0.04701621702
27.895,10.74717541,-0.09421461119,-0.2652241942,0.8955467655,-0.2679097478,0.2814609496,0.9347618104,0.07922026612,0.8737796422,0.0470000917
27.93,10.73370777,-0.09261921419,-0.262596597,0.8972095953,-0.2655297434,0.2784515965,0.9356768152,0.07753529158,0.8754911025,0.04697360588
27.965,10.72027384,-0.0910433815,-0.2599729693,0.8988615043,-0.2631266558,0.2754538837,0.93658296,0.07587484207,0.8771876409,0.046937517
28,10.7068735,-0.08948546482,-0.257354144,0.9005013368,-0.2607021792,0.2724679868,0.9374797512,0.07423880382,0.8788682838,0.04689291233
28.035,10.69350662,-0.08794372562,-0.2547402679,0.902127962,-0.2582581526,0.2694934192,0.9383667371,0.07262670297,0.8805321333,0.04684116375
28.07,10.68017307,-0.08641640082,-0.2521308057,0.9037403096,-0.2557964845,0.2665290557,0.9392435194,0.07103773751,0.8821783888,0.04678387371
28.105,10.66687273,-0.08490177015,-0.2495245639,0.9053374031,-0.2533190757,0.263573175,0.9401097636,0.06947081857,0.8838063675,0.04672281388
28.14,10.65360547,-0.08339822343,-0.2469197353,0.9069183898,-0.2508277423,0.2606235204,0.9409652077,0.06792461936,0.8854155221,0.04665985854
28.175,10.64037118,-0.08190432568,-0.244313962,0.9084825671,-0.2483241433,0.257677377,0.9418096702,0.06639763061,0.887005455,0.04659691443
28.21,10.62716973,-0.08041887802,-0.2417044162,0.9100294029,-0.2458097149,0.2547316642,0.9426430555,0.06488822077,0.8885759301,0.04653584914
28.245,10.61400099,-0.07894097221,-0.2390878961,0.9115585506,-0.2432856134,0.2517830398,0.9434653575,0.06339469915,0.8901268808,0.04647842007
28.28,10.60086485,-0.07747003665,-0.2364609349,0.9130698579,-0.2407526704,0.2488280135,0.9442766616,0.06191538031,0.8916584137,0.04642620596
28.315,10.58776119,-0.07600587171,-0.2338199199,0.9145633695,-0.2382113614,0.2458630665,0.9450771448,0.06044864746,0.8931708096,0.04638054297
28.35,10.57468988,-0.07454867252,-0.2311612174,0.9160393225,-0.2356617897,0.2428847731,0.9458670728,0.05899301302,0.8946645195,0.04634246748
28.385,10.5616508,-0.07309903758,-0.2284813011,0.9174981363,-0.2331036857,0.2398899211,0.946646797,0.05754717426,0.8961401583,0.04631266743
28.42,10.54864384,-0.07165796197,-0.2257768775,0.9189403961,-0.2305364232,0.2368756255,0.9474167478,0.05611006194,0.897598494,0.04629144408
28.455,10.53566888,-0.0702268146,-0.2230450063,0.9203668313,-0.227959052,0.2338394328,0.9481774273,0.05468088033,0.8990404336,0.04627868605
28.49,10.5227258,-0.06880729939,-0.2202832097,0.9217782887,-0.2253703457,0.2307794118,0.9489294,0.05325913691,0.9004670061,0.04627385695
28.525,10.50981448,-0.06740140135,-0.2174895669,0.9231757007,-0.2227688638,0.2276942261,0.9496732812,0.05184466061,0.9018793411,0.04627599828
28.56,10.4969348,-0.06601131886,-0.2146627904,0.9245600514,-0.2201530268,0.2245831868,0.9504097242,0.0504376078,0.9032786439,0.04628374835
28.595,10.48408666,-0.06463938459,-0.2118022799,0.9259323373,-0.2175212002,0.221446282,0.951139404,0.0490384558,0.9046661658,0.04629537837
28.63,10.47126993,-0.06328797776,-0.208908152,0.9272935267,-0.214871787,0.218284182,0.9518629994,0.04764798412,0.9060431695,0.04630884635
28.665,10.45848449,-0.06195943132,-0.2059812447,0.9286445155,-0.2122033229,0.2150982201,0.9525811705,0.04626724429,0.9074108864,0.04632186934
28.7,10.44573024,-0.06065593758,-0.2030230946,0.9299860801,-0.2095145731,0.2118903483,0.9532945324,0.04489751969,0.9087704655,0.04633201482
28.735,10.43300706,-0.0593794562,-0.2000358898,0.9313188276,-0.2068046236,0.2086630706,0.9540036221,0.04354027702,0.9101229111,0.04633681192
28.77,10.42031484,-0.05813162812,-0.1970223985,0.9326431417,-0.2040729649,0.2054193558,0.9547088586,0.04219711172,0.9114690047,0.04633388355
28.805,10.40765346,-0.0569136988,-0.1939858769,0.9339591233,-0.2013195613,0.2021625325,0.9554104928,0.04086968957,0.9128092097,0.04632110072
28.84,10.39502282,-0.05572645364,-0.1909299594,0.9352665267,-0.1985448986,0.1988961715,0.9561085465,0.03955968702,0.9141435526,0.04629676035
28.875,10.38242279,-0.05457016763,-0.1878585357,0.9365646884,-0.1957500051,0.1956239572,0.9568027383,0.03826873264,0.9154714801,0.0462597873
28.91,10.36985327,-0.05344457092,-0.1847756196,0.9378524519,-0.1929364341,0.1923495562,0.9574923964,0.03699835176,0.9167916892,0.04620995908
28.945,10.35731415,-0.05234883104,-0.1816852124,0.9391280897,-0.1901061991,0.1890764833,0.9581763594,0.03574991653,0.9181019358,0.04614814767
28.98,10.34480531,-0.05128155198,-0.1785911675,0.9403892322,-0.1872616489,0.1858079726,0.9588528736,0.03452460268,0.9193988333,0.04607656406
29.015,10.33232666,-0.05024078977,-0.1754970583,0.9416328175,-0.1844052728,0.1825468554,0.9595194983,0.03332335442,0.9206776675,0.04599897804
29.05,10.31987807,-0.04922408398,-0.1724060545,0.942855086,-0.1815394274,0.1792954491,0.9601730453,0.03214685808,0.9219322769,0.04592086504
29.085,10.30745945,-0.04822850398,-0.1693208094,0.9440516574,-0.1786659893,0.1760554603,0.9608095897,0.03099552509,0.9231550676,0.04584940727
29.12,10.29507067,-0.04725070909,-0.1662433599,0.9452177322,-0.1757859571,0.1728279034,0.9614246013,0.02986948421,0.924337264,0.04579325182
29.155,10.28271164,-0.0462870214,-0.1631750429,0.946348463,-0.1728990574,0.1696130389,0.9620132522,0.02876858297,0.9254694975,0.04576191955
29.19,10.27038225,-0.04533351037,-0.1601164287,0.9474395192,-0.1700034484,0.1664103299,0.9625709402,0.02769239789,0.926542815,0.04576478714
29.225,10.2580824,-0.04438608824,-0.1570672724,0.9484878153,-0.1670956458,0.1632184208,0.9630940196,0.02664025289,0.9275500905,0.04580965657
29.26,10.24581196,-0.04344061561,-0.1540264859,0.9494922939,-0.1641707949,0.1600351381,0.9635806484,0.02561124544,0.928487666,0.04590108858
29.295,10.23357085,-0.04249301621,-0.1509921294,0.9504545644,-0.1612233495,0.1568575136,0.9640315593,0.02460427958,0.9293568474,0.04603887303
29.33,10.22135895,-0.04153940012,-0.1479614259,0.9513791551,-0.1582480904,0.1536818315,0.9644504937,0.02361810533,0.9301647548,0.04621713985
29.365,10.20917616,-0.04057619428,-0.1449307977,0.9522731925,-0.1552412505,0.1505036998,0.9648440698,0.02265136366,0.930924079,0.04642455732
29.4,10.19702238,-0.03960027862,-0.1418959272,0.9531454924,-0.152201416,0.1473181462,0.9652210113,0.02170263621,0.9316516007,0.0466457631
29.435,10.1848975,-0.03860912566,-0.1388518434,0.9540052643,-0.1491299038,0.1441197384,0.9655908929,0.02077049899,0.9323657724,0.04686372858
29.47,10.17280143,-0.03760094061,-0.1357930339,0.9548607825,-0.1460304965,0.1409027281,0.9659627425,0.01985357878,0.9330840199,0.04706240127
29.505,10.16073405,-0.0365747981,-0.1327135838,0.95571837,-0.1429086482,0.1376612189,0.9663438749,0.01895061118,0.9338204845,0.04722890432
29.54,10.14869526,-0.03553077093,-0.1296073402,0.9565818894,-0.1397704378,0.1343893535,0.9667392029,0.01806049832,0.9345846863,0.04735481535
29.575,10.13668497,-0.03447004545,-0.1264681002,0.9574527423,-0.1366215678,0.1310815182,0.9671510774,0.01718236441,0.9353812066,0.04743642902
29.61,10.12470307,-0.03339501783,-0.1232898178,0.9583302328,-0.1334666151,0.1277325581,0.9675795432,0.01631560639,0.9362101724,0.04747422123
29.645,10.11274947,-0.03230936539,-0.1200668217,0.959212104,-0.1303086113,0.124337994,0.9680228276,0.01545993676,0.9370681947,0.04747186856
29.68,10.10082406,-0.03121808752,-0.1167940315,0.9600950914,-0.1271489241,0.1208942297,0.9684778951,0.01461541478,0.9379494333,0.04743515189
29.715,10.08892674,-0.03012751062,-0.1134671545,0.9609753935,-0.1239873595,0.117398731,0.9689409539,0.01378246205,0.9388465721,0.04737096581
29.75,10.07705741,-0.02904525009,-0.1100828373,0.961849026,-0.120822398,0.1138501543,0.9694078609,0.01296185763,0.9397516007,0.04728654165
29.785,10.06521598,-0.02798011724,-0.1066387405,0.9627120601,-0.1176514912,0.110248392,0.9698744167,0.01215470794,0.9406563841,0.04718890793
29.82,10.05340235,-0.02694194546,-0.1031334989,0.9635607675,-0.1144713709,0.1065944981,0.970336564,0.01136238702,0.9415530475,0.04708456546
29.855,10.04161641,-0.02594128473,-0.09956653819,0.9643916993,-0.1112783422,0.1028904552,0.9707905124,0.01058644578,0.942434219,0.04697933519
29.89,10.02985808,-0.02498887828,-0.09593775635,0.9652017216,-0.1080685458,0.09913877713,0.9712328115,0.009828497131,0.943293174,0.04687832882
29.925,10.01812725,-0.02409481364,-0.09224717028,0.9659880281,-0.1048381851,0.09534201838,0.971660391,0.009090100468,0.9441239155,0.04678598404
29.96,10.00642383,-0.02326730269,-0.08849478542,0.9667481387,-0.1015837161,0.0915024285,0.9720705813,0.008372694422,0.9449212151,0.04670609052
29.995,9.994747725,-0.02251129035,-0.08468107476,0.9674798954,-0.0983020013,0.08762215825,0.9724611208,0.007677642616,0.9456806315,0.04664172586
30.03,9.983098834,-0.02182751222,-0.08080831377,0.968181457,-0.0949904296,0.08370438378,0.9728301575,0.007006423865,0.9463985153,0.04659506081
30.065,9.971477066,-0.02121285546,-0.07688238152,0.9688512946,-0.0916470019,0.07975516175,0.9731762451,0.006360885825,0.947072004,0.04656711018
30.1,9.959882326,-0.02066232344,-0.07291384278,0.9694881892,-0.08827038542,0.07578495945,0.9734983359,0.005743360079,0.9476990099,0.04655763
30.135,9.948314518,-0.02017164833,-0.06891718296,0.9700912282,-0.08485993673,0.07180858935,0.9737957691,0.005156473504,0.9482782,0.04656532654
30.17,9.93677355,-0.01973892332,-0.06490836203,0.9706598016,-0.08141569544,0.06784335307,0.9740682552,0.004602720556,0.9488089659,0.04658831357
30.205,9.925259328,-0.01936446605,-0.06090210358,0.9711935943,-0.07793835002,0.06390656277,0.9743158543,0.004084048765,0.9492913839,0.0466245673
30.24,9.913771759,-0.01904951064,-0.0569102091,0.9716925748,-0.07442917824,0.06001379637,0.9745389487,0.003601655755,0.9497261625,0.04667218179
30.275,9.902310751,-0.01879481776,-0.05294114104,0.9721569777,-0.07088996499,0.05617837296,0.9747382092,0.003156009589,0.9501145764,0.04672941403
30.31,9.890876212,-0.01859984029,-0.04900037888,0.9725872793,-0.06732290092,0.05241174667,0.9749145546,0.00274699119,0.9504583888,0.04679462002
30.345,9.879468051,-0.01846249564,-0.04509099523,0.972984166,-0.06373046616,0.04872434295,0.975069105,0.002374061596,0.9507597595,0.04686617887
30.38,9.868086175,-0.01837932603,-0.04121415491,0.973348495,-0.06011530346,0.04512655748,0.9752031288,0.00203640619,0.9510211425,0.04694245133
30.415,9.856730495,-0.01834582379,-0.03736946427,0.9736812481,-0.05648008593,0.04162987041,0.9753179856,0.00173304611,0.951245173,0.04702178085
30.45,9.84540092,-0.01835678303,-0.03355519984,0.9739834783,-0.05282738439,0.03824817537,0.9754150648,0.001462922919,0.9514345486,0.04710252845
30.485,9.834097359,-0.01840661451,-0.0297684662,0.9742562522,-0.04915953967,0.03499950053,0.9754957228,0.001224965037,0.9515919052,0.04718312975
30.52,9.822819725,-0.01848960491,-0.02600532169,0.9745005876,-0.04547854474,0.03190834132,0.9755612197,0.001018142246,0.9517196933,0.04726216446
30.555,9.811567927,-0.0186001221,-0.0222608943,0.9747173911,-0.04178594161,0.0290088255,0.9756126575,0.000841511957,0.9518200574,0.04733843063
30.59,9.800341876,-0.01873277535,-0.01852949787,0.9749073946,-0.03808273705,0.02634879814,0.9756509227,0.0006942591637,0.951894723,0.04741101788
30.625,9.789141486,-0.01888254079,-0.01480475171,0.9750710963,-0.03436934058,0.02399439559,0.9756766341,0.0005757310197,0.9519448944,0.04747937462
30.66,9.777966667,-0.01904486148,-0.011079703,0.975208706,-0.03064552764,0.02203330587,0.9756900986,0.0004854665674,0.9519711685,0.0475433649
30.695,9.766817332,-0.01921573017,-0.007346950528,0.9753200991,-0.02691042948,0.02057235932,0.9756912764,0.0004232219681,0.9519734669,0.04760331111
30.73,9.755693394,-0.01939176097,-0.003598767938,0.9754047804,-0.02316255059,0.01972286805,0.9756797576,0.0003889915243,0.9519509895,0.04766001902
30.765,9.744594767,-0.01957025484,0.000172774411,0.9754618598,-0.0193998135,0.01957101749,0.9756547508,0.0003830247256,0.9519021927,0.04771478255
30.8,9.733521364,-0.0197492623,0.003975689294,0.9754900417,-0.01561962939,0.02014545772,0.9756150851,0.0004058394667,0.9518247943,0.04776936624
30.835,9.722473099,-0.01992764541,0.007817953668,0.9754876296,-0.01181899232,0.02140634138,0.9755592264,0.0004582314513,0.9517158042,0.04782596437
30.87,9.711449887,-0.02010513989,0.01170738973,0.9754525463,-0.007994593687,0.02326541691,0.9754853067,0.0005412796241,0.9515715836,0.04788713675
30.905,9.700451642,-0.02028241663,0.01565154426,0.9753823694,-0.004142952678,0.02561927521,0.975391168,0.0006563472622,0.9513879306,0.04795572216
30.94,9.689478281,-0.02046114111,0.01965756433,0.975274383,-0.0002605578417,0.02837389876,0.9752744178,0.0008050781308,0.95116019,0.04803473186
30.975,9.678529718,-0.02064402726,0.02373206718,0.9751256433,0.003655985765,0.03145452072,0.9751324969,0.0009893868739,0.9508833865,0.04812722658
31.01,9.667605869,-0.02083488167,0.02788100253,0.9749330575,0.007609809779,0.03480578395,0.9749627561,0.001211442597,0.9505523758,0.04823618162
31.045,9.656706652,-0.02103863238,0.03210950604,0.9746934724,0.01160364217,0.03838807667,0.9747625402,0.00147364443,0.9501620097,0.04836434585
31.08,9.645831982,-0.02126133555,0.03642174351,0.9744037723,0.01563967941,0.04217330661,0.9745292766,0.00177858779,0.949707311,0.04851410122
31.115,9.634981777,-0.02151015244,0.04082074731,0.9740609797,0.01971947689,0.04614130546,0.9742605658,0.002129020069,0.94918365,0.04868732994
31.15,9.624155955,-0.0217932886,0.04530824773,0.9736623584,0.02384386296,0.05027707967,0.973954269,0.00252778474,0.948586918,0.04888529721
31.185,9.613354433,-0.02211988726,0.04988450514,0.973205512,0.02801288088,0.05456879388,0.9736085918,0.002977753266,0.9479136901,0.04910855665
31.22,9.60257713,-0.02249986975,0.05454815112,0.9726884752,0.03222576243,0.05900631262,0.9732221584,0.003481744929,0.9471613696,0.04935688551
31.255,9.591823964,-0.0229437177,0.05929604969,0.9721097934,0.03648093514,0.06358015171,0.9727940733,0.004042435691,0.9463283091,0.0496292552
31.29,9.581094855,-0.02346219495,0.06412319299,0.9714685858,0.04077606434,0.0682807328,0.9723239689,0.004662258471,0.9454139005,0.04992384098
31.325,9.570389721,-0.02406601127,0.0690226473,0.9707645882,0.04510812935,0.07309787096,0.9718120338,0.005343298739,0.944418629,0.0502380723
31.36,9.559708482,-0.02476543592,0.07398556702,0.9699981732,0.04947353185,0.07802045209,0.9712590213,0.006087190944,0.9433440864,0.05056872261
31.395,9.549051059,-0.02556987536,0.07900129302,0.9691703442,0.05386823294,0.08303627414,0.9706662365,0.006895022824,0.9421929427,0.05091203449
31.43,9.538417372,-0.02648743631,0.08405754899,0.9682827015,0.05828791406,0.08813203631,0.9700354999,0.007767255824,0.940968871,0.05126387319
31.465,9.527807341,-0.02752450169,0.08914074408,0.967337381,0.06272815575,0.09329346413,0.9693690887,0.008703670449,0.9396764302,0.0516198994
31.5,9.517220889,-0.02868535135,0.09423638166,0.9663369651,0.06718462742,0.09850555827,0.968669657,0.00970334501,0.9383209043,0.05197575064
31.535,9.506657936,-0.02997186136,0.09932956425,0.9652843686,0.0716532803,0.1037529508,0.967940135,0.01076467481,0.9369081049,0.05232722027
31.57,9.496118404,-0.03138331373,0.1044055738,0.9641827011,0.07613053598,0.1090203477,0.9671836122,0.01188543621,0.9354441397,0.05267042411
31.605,9.485602215,-0.03291634213,0.1094504954,0.9630351117,0.08061346226,0.1142930292,0.966403206,0.01306289653,0.9339351566,0.05300194684
31.64,9.475109292,-0.03456502922,0.114451846,0.9618446198,0.08509992901,0.1195573766,0.9656019213,0.01429396629,0.9323870705,0.05331896323
31.675,9.464639558,-0.03632115805,0.1193991623,0.9606139386,0.08958873695,0.1248013882,0.9647825044,0.01557538649,0.9308052808,0.05361933272
31.71,9.454192936,-0.03817460573,0.1242845074,0.9593452972,0.09407971325,0.1300151503,0.9639472971,0.0169039393,0.9291943917,0.05390166905
31.745,9.44376935,-0.04011385379,0.1291028558,0.9580402677,0.09857376931,0.1351912299,0.963098096,0.01827666863,0.9275579425,0.05416538883
31.78,9.433368722,-0.04212657937,0.1338523327,0.9566996049,0.1030729169,0.1403249645,0.962236021,0.01969109565,0.9258981601,0.05441074421
31.815,9.422990979,-0.04420028444,0.1385342919,0.9553231036,0.107580241,0.1454146319,0.9613613995,0.02114541517,0.9242157405,0.0546388443
31.85,9.412636044,-0.04632291971,0.1431532342,0.9539094814,0.1120998279,0.1504614946,0.9604736697,0.02263866136,0.9225096701,0.05485166852
31.885,9.402303842,-0.04848346338,0.1477165803,0.9524562901,0.1166366514,0.1554697216,0.9595713069,0.02417083433,0.920777093,0.05505207265
31.92,9.391994298,-0.05067242287,0.1522343224,0.9509598623,0.1211964179,0.1604462008,0.958651778,0.02574298335,0.9190132314,0.05524378526
31.955,9.381707338,-0.05288223794,0.156718586,0.9494152953,0.1257853754,0.1654002609,0.9577115242,0.0273572463,0.9172113635,0.05543139019
31.99,9.371442888,-0.05510757457,0.1611831357,0.9478164754,0.1304100929,0.1703433239,0.9567459764,0.02901684801,0.9153628634,0.05562028857
32.025,9.361200874,-0.05734550901,0.1656428552,0.9461561442,0.1350772163,0.1752885132,0.955749603,0.03072606288,0.9134573035,0.05581663358
32.06,9.350981223,-0.05959560964,0.1701132312,0.9444260051,0.1397932088,0.1802502375,0.9547159894,0.03249014811,0.9114826204,0.05602723153
32.095,9.34078386,-0.06185992955,0.1746098608,0.9426168711,0.1445640873,0.1852437701,0.9536379507,0.03431525437,0.909425341,0.05625940465
32.13,9.330608715,-0.0641429256,0.1791479978,0.9407188484,0.149395162,0.1902848392,0.9525076725,0.03620832001,0.9072708661,0.05652081386
32.165,9.320455713,-0.06645132034,0.1837421456,0.9387215533,0.154290792,0.1953892373,0.9513168784,0.03817695406,0.9050038031,0.05681924288
32.2,9.310324783,-0.06879392127,0.1884057004,0.936614355,0.1592541667,0.2005724596,0.9500570191,0.04022931155,0.9026083395,0.05716234892
32.235,9.300215852,-0.07118140983,0.1931506422,0.9343866376,0.1642871235,0.2058493714,0.9487194778,0.0423739637,0.9000686476,0.05755738873
32.27,9.29012885,-0.07362610887,0.1979872718,0.9320280725,0.1693900112,0.2112339076,0.9472957848,0.04461976372,0.8973693039,0.05801093242
32.305,9.280063705,-0.07614173426,0.2029239878,0.9295288899,0.1745616064,0.2167388025,0.9457778342,0.04697570851,0.8944957117,0.05852857981
32.34,9.270020346,-0.07874313342,0.2079671,0.9268801404,0.1797990913,0.2223753487,0.9441580948,0.04945079573,0.8914345079,0.05911469637
32.375,9.259998703,-0.08144601115,0.2131206764,0.924073933,0.1850980941,0.2281531841,0.9424298054,0.05205387542,0.8881739381,0.05977218651
32.41,9.249998704,-0.08426664179,0.2183864217,0.9211036399,0.1904527944,0.2340801062,0.9405871476,0.05479349611,0.8847041823,0.06050232163
32.445,9.24002028,-0.08722156626,0.2237635896,0.9179640552,0.1958560923,0.2401619155,0.9386253862,0.05767774567,0.8810176156,0.06130463872
32.48,9.230063362,-0.09032727284,0.2292489312,0.9146514996,0.2012998342,0.2464022903,0.9365409702,0.06071408867,0.8771089889,0.06217692241
32.515,9.220127879,-0.09359986233,0.2348366861,0.9111638605,0.2067750886,0.2528026965,0.9343315888,0.06390920336,0.8729755179,0.06311527878
32.55,9.210213763,-0.09705470015,0.2405186237,0.907500565,0.2122724596,0.2593623395,0.9319961762,0.06726882317,0.8686168725,0.06411430434
32.585,9.200320945,-0.1007060614,0.2462841426,0.9036624801,0.2177824263,0.2660781647,0.9295348638,0.07079758972,0.8640350631,0.06516734719
32.62,9.190449356,-0.1045667787,0.2521204367,0.8996517426,0.2232956904,0.2729449136,0.9269488785,0.07449892583,0.8592342233,0.06626685089
32.655,9.180598928,-0.1086479051,0.258012735,0.8954715215,0.2288035181,0.2799552441,0.9242403885,0.0783749387,0.8542202957,0.06740476558
32.69,9.170769593,-0.1129584108,0.2639446187,0.8911257208,0.2342980588,0.2870999205,0.9214123022,0.08242636433,0.8490006307,0.06857300499
32.725,9.160961283,-0.1175049312,0.269898417,0.8866186327,0.2397726252,0.2943680763,0.9184680243,0.08665256435,0.8435835117,0.06976392395
32.76,9.151173932,-0.1222915901,0.2758556726,0.8819545543,0.2452219205,0.301747552,0.9154111788,0.09105158513,0.8379776262,0.07097078862
32.795,9.141407471,-0.1273199169,0.2817976686,0.8771373826,0.2506422019,0.3092253018,0.9122453077,0.09562028729,0.8321915014,0.07218821129
32.83,9.131661834,-0.132588878,0.287705994,0.872170204,0.2560313692,0.3167878621,0.9089735567,0.1003545496,0.8262329268,0.07341252363
32.865,9.121936954,-0.1380950359,0.2935631243,0.8670548948,0.2613889742,0.3244218656,0.9055983582,0.1052495469,0.8201083864,0.0746420667
32.9,9.112232766,-0.1438328422,0.2993529859,0.861791749,0.2667161468,0.3321145836,0.9021211236,0.1103000966,0.8138225216,0.0758773818
32.935,9.102549203,-0.1497950634,0.30506147,0.8563791485,0.2720154385,0.3398544711,0.898541955,0.1155010615,0.8073776449,0.07712129362
32.97,9.0928862,-0.1559733271,0.3106768635,0.8508132895,0.2772905866,0.3476316905,0.8948593873,0.1208477923,0.800773323,0.07837888468
33.005,9.08324369,-0.1623587654,0.316190164,0.8450879758,0.2825462042,0.3554385861,0.891070168,0.1263365885,0.7940060444,0.07965736712
33.04,9.07362161,-0.1689427282,0.3215952555,0.839194489,0.2877874075,0.3632700838,0.8871690832,0.1319651538,0.7870689823,0.08096586396
33.075,9.064019894,-0.1757175256,0.3268889277,0.8331215412,0.2930193879,0.3711239952,0.8831488347,0.1377330198,0.7799518641,0.08231511603
33.11,9.054438478,-0.1826771617,0.3320707321,0.8268553139,0.2982469451,0.3790012092,0.8789999718,0.1436419166,0.7726409504,0.08371713306
33.145,9.044877297,-0.1898180185,0.33714268,0.8203795831,0.3034739937,0.3869057597,0.8747108809,0.1496960669,0.7651191252,0.08518480798
33.18,9.035336287,-0.1971394517,0.3421087949,0.8136759289,0.3087030607,0.3948447681,0.8702678306,0.1559023909,0.757366097,0.08673151211
33.215,9.025815385,-0.2046442685,0.3469745424,0.8067240238,0.3139347899,0.4028282633,0.8656550716,0.1622706097,0.7493587029,0.0883706874
33.25,9.016314526,-0.2123390638,0.3517461655,0.799501991,0.3191674698,0.4108688878,0.8608549863,0.168813243,0.7410713075,0.09011544958
33.285,9.006833649,-0.2202343987,0.3564299543,0.7919868222,0.3243966032,0.4189815064,0.8558482825,0.1755455027,0.7324762827,0.09197821457
33.32,8.997372689,-0.2283448165,0.3610314829,0.7841548403,0.3296145326,0.4271827324,0.8506142215,0.1824850869,0.7235445538,0.09397035936
33.355,8.987931584,-0.2366886972,0.3655548411,0.7759821922,0.3348101362,0.4354903916,0.8451308715,0.1896518812,0.71424619,0.09610192883
33.39,8.978510273,-0.2452879574,0.3700018879,0.7674453521,0.3399686046,0.4439229427,0.8393753752,0.1970675791,0.7045510206,0.09838140036
33.425,8.969108691,-0.254167608,0.3743715485,0.7585216179,0.3450713072,0.4524988722,0.8333242178,0.2047552293,0.6944292519,0.1008155188
33.46,8.959726778,-0.2633551848,0.3786591726,0.7491895814,0.3500957497,0.4612360809,0.8269534829,0.2127387224,0.6838520628,0.1034092148
33.495,8.950364472,-0.2728800675,0.3828559685,0.7394295544,0.3550156213,0.4701512776,0.8202390854,0.2210422239,0.6727921573,0.1061656188
33.53,8.941021712,-0.2827727052,0.3869485269,0.7292239363,0.3598009253,0.4792593925,0.8131569683,0.2296895653,0.6612242551,0.1090861796
33.565,8.931698436,-0.2930637669,0.3909184426,0.7185575119,0.36441818,0.4885730244,0.8056832553,0.2387036002,0.6491255079,0.1121708919
33.6,8.922394583,-0.3037832347,0.3947420449,0.707417675,0.3688306746,0.4981019331,0.7977943553,0.2481055358,0.6364758334,0.1154186308
33.635,8.913110094,-0.3149594624,0.3983902456,0.6957945776,0.3729987608,0.5078525876,0.7894670163,0.2579142507,0.6232581698,0.1188275795
33.67,8.903844906,-0.326618219,0.4018285111,0.683681215,0.3768801603,0.5178277835,0.7806783326,0.2681456133,0.609458659,0.1223957277
33.705,8.894598962,-0.3387817464,0.4050169654,0.6710734618,0.3804302681,0.5280263383,0.7714057169,0.278811814,0.59506678,0.126121406
33.74,8.885372199,-0.3514678544,0.4079106271,0.6579700811,0.3836024371,0.5384428775,0.7616268492,0.2899207324,0.5800754574,0.1300038102
33.775,8.87616456,-0.3646890869,0.4104597771,0.6443727339,0.3863482332,0.5490677178,0.7513196241,0.3014753587,0.5644811775,0.1340434638
33.81,8.866975983,-0.3784519874,0.4126104509,0.6302860188,0.3886176572,0.5598868554,0.7404621186,0.3134732909,0.548284149,0.1382425601
33.845,8.857806412,-0.3927564933,0.4143050381,0.6157175709,0.3903593386,0.570882061,0.7290326058,0.3259063276,0.5314885403,0.1426051321
33.88,8.848655785,-0.4075954846,0.4154829671,0.6006782437,0.3915207155,0.5820310773,0.7170096395,0.338760175,0.5141028232,0.1471370019
33.915,8.839524045,-0.4229545017,0.4160814415,0.5851823916,0.392048222,0.5933079104,0.704372231,0.3520142765,0.4961402398,0.1518454836
33.95,8.830411134,-0.4388116396,0.4160361931,0.5692482579,0.391887508,0.6046831972,0.6911001361,0.365641769,0.4776193981,0.1567388329
33.985,8.821316993,-0.4551376064,0.4152822095,0.5528984599,0.3909837219,0.6161246256,0.6771742595,0.3796095543,0.4585649778,0.1618254679
34.02,8.812241564,-0.4718959233,0.4137544012,0.5361605468,0.3892818809,0.6275973764,0.6625771764,0.3938784669,0.4390085147,0.1671130183
34.055,8.803184789,-0.4890432203,0.4113881784,0.5190675919,0.3867273485,0.6390645544,0.6472937564,0.4084035047,0.4189892071,0.1726072883
34.09,8.794146612,-0.5065295761,0.4081199226,0.5016587667,0.3832664249,0.650487573,0.6313118648,0.4231340826,0.3985546706,0.1783112467
34.125,8.785126974,-0.5242988336,0.4038873595,0.4839798384,0.3788470377,0.6618264622,0.6146231056,0.438014266,0.3777615619,0.184224172
34.16,8.77612582,-0.5422888301,0.3986298606,0.4660835301,0.3734195036,0.6730400738,0.5972235617,0.4529829409,0.3566759827,0.1903410764
34.195,8.767143091,-0.5604314817,0.3922887281,0.4480296922,0.3669373063,0.6840861729,0.5791144894,0.4679738919,0.3353735919,0.1966525162
34.23,8.758178732,-0.5786526875,0.3848075368,0.4298852523,0.3593578212,0.6949214151,0.5603029304,0.4829157731,0.3139393738,0.203144853
34.265,8.749232686,-0.5968720415,0.3761326231,0.4117239377,0.3506429062,0.7055012289,0.5408022268,0.497731984,0.2924670486,0.2098009674
34.3,8.740304898,-0.6150023813,0.3662138157,0.3936258034,0.3407592767,0.7157796363,0.5206324594,0.5123404878,0.2710581577,0.2166013545
34.335,8.731395311,-0.6329492404,0.3550054932,0.3756766359,0.3296786014,0.7257090609,0.4998208829,0.5266536411,0.249820915,0.2235254439
34.37,8.72250387,-0.650610311,0.3424680281,0.3579673453,0.3173772875,0.7352401832,0.4784025114,0.540578127,0.2288689629,0.2305529101
34.405,8.713630519,-0.6678750586,0.3285696339,0.3405934901,0.3038359755,0.7443219049,0.4564211055,0.5540150982,0.2083202255,0.2376646763
34.44,8.704775203,-0.6846246469,0.3132885774,0.323655093,0.2890388401,0.7529014808,0.4339309511,0.5668606398,0.1882960703,0.2448432898
34.475,8.695937868,-0.7007323304,0.2966156464,0.307256905,0.2729728737,0.7609248587,0.4109999944,0.5790066405,0.1689209954,0.252072364
34.51,8.687118458,-0.7160644432,0.2785566962,0.291509229,0.255627434,0.7683372435,0.3877151217,0.5903421198,0.1503230156,0.2593348646
34.545,8.67831692,-0.7304820534,0.2591350333,0.2765293389,0.2369944311,0.7750838637,0.3641906584,0.6007549958,0.1326348357,0.2666101685
34.58,8.669533198,-0.7438432644,0.238393355,0.2624433863,0.2170696215,0.7811108715,0.3405814904,0.6101341936,0.1159957516,0.2738700548
34.615,8.66076724,-0.756006034,0.2163949585,0.2493884884,0.1958555255,0.7863662643,0.317102515,0.6183719016,0.100554005,0.2810740934
34.65,8.65201899,-0.7668312649,0.1932239761,0.237514412,0.1733664675,0.7908006663,0.2940561647,0.6253656938,0.08646902798,0.2881652783
34.685,8.643288396,-0.7761858123,0.168984489,0.2269839251,0.1496360828,0.7943677818,0.2718688278,0.6310201728,0.07391265955,0.2950671677
34.72,8.634575403,-0.7839449887,0.1437985223,0.2179705314,0.12472728,0.797024316,0.2511335241,0.6352477603,0.06306804692,0.3016841927
34.755,8.62587996,-0.7899941325,0.1178031063,0.2106520265,0.09874400886,0.7987291789,0.2326470622,0.6379683012,0.05412465554,0.3079070433
34.79,8.617202012,-0.7942288792,0.09114679025,0.2051983309,0.07184323875,0.7994418365,0.2174116049,0.63910725,0.04726780595,0.3136249441
34.825,8.608541508,-0.7965539256,0.06398617112,0.2017526161,0.04424440828,0.7991197573,0.2065470546,0.6385923866,0.04266168578,0.3187459277
34.86,8.599898394,-0.7968803095,0.0364831235,0.2004061139,0.01623259512,0.7977150155,0.2010624471,0.6363492459,0.04042610763,0.3232246465
34.895,8.591272618,-0.7951215199,0.008803457012,0.2011692162,-0.0118486256,0.7951702536,0.201517849,0.6322957322,0.04060944347,0.3270948243
34.93,8.582664128,-0.7911890774,-0.01888234786,0.2039441033,-0.03961750581,0.7914143663,0.2077564537,0.6263366992,0.04316274406,0.3305005567
34.965,8.574072873,-0.7849885406,-0.04639587641,0.2085061188,-0.06668750496,0.7863584336,0.2189109977,0.6183595862,0.0479220249,0.3337183889
35,8.5654988,-0.7764171694,-0.07354488439,0.2145010543,-0.09270923768,0.7798926022,0.2336786363,0.6082324709,0.05460570506,0.337161824
