2026-08-10 14:59:17   In order to get an optimal performance, hyperthreading is ignored for parallel
                      computations.

                      ------------------------------------------------------------------------------
2026-08-10 14:59:18   
                      ------------------------------------------------------------------------------
2026-08-10 14:59:18   Units settings: 

                        Dimensions: um
                        Frequency:  THz
                        Time:       ps

                      ------------------------------------------------------------------------------
2026-08-10 14:59:18   Boundary conditions: 

                        YZsymmetry: none
                        XZsymmetry: none
                        XYsymmetry: none

                        Xmin: unit cell
                        Xmax: unit cell

                        Ymin: unit cell
                        Ymax: unit cell

                        Zmin: expanded open
                        Zmax: expanded open

                      ------------------------------------------------------------------------------
2026-08-10 14:59:18   Order settings: 

                        Solver order   : 2nd (constant)
                        Curved elements: up to order 3 (automatic)

                      ------------------------------------------------------------------------------
2026-08-10 14:59:19     Mesh time                :	1 s


                      ------------------------------------------------------------------------------
2026-08-10 14:59:19   
                      ================================================================================
                      Frequency Domain Solver calculation cycle started

                      ------------------------------------------------------------------------------
2026-08-10 14:59:19   Solver started at: 2026-08-10 14:59:19 -0400

                        Module:  Frequency Domain: S-Parameter (Win 64)
                        Version: 2026.0 Release from 2025-08-29 (change 1465899)

                        Free disk space at solver start is 292 GB.


                      ------------------------------------------------------------------------------
2026-08-10 14:59:19   An iterative solver will be used first.

                      ------------------------------------------------------------------------------
2026-08-10 14:59:19   The wavelength based mesh refinement has been applied to 9.0% of all mesh edges.

                      ------------------------------------------------------------------------------
2026-08-10 14:59:19   The low frequency stabilization is not applied to periodic problems.

                      ------------------------------------------------------------------------------
2026-08-10 14:59:19     Calculation 1 (Frequency: 34 THz, Theta: 0, Phi: 0)


                      ------------------------------------------------------------------------------
2026-08-10 14:59:19   Running the PortModeSolver.

                      ------------------------------------------------------------------------------
2026-08-10 14:59:20   Adaptive mesh refinement pass 1

                      ------------------------------------------------------------------------------
2026-08-10 14:59:22     Matrix setup time        :	0 s
                        Degrees of freedom       :	72462
                        Number of mesh cells     :	10725

                        Stimulation port         :	Zmin
                        Mode number              :	1
                        Accuracy                 :	9.38784e-05
                        Iterations               :	30
                        Solver time              :	0 s


                      ------------------------------------------------------------------------------
2026-08-10 14:59:22   8% of all mesh edges seem to be longer than expected. The adaptive mesh refinement's growth limitation will therefore 
                      use 16443 instead of 6600 mesh cells as a reference.

                      ------------------------------------------------------------------------------
2026-08-10 14:59:22   The wavelength based mesh refinement has been applied to 0.4% of all mesh edges.

                      ------------------------------------------------------------------------------
2026-08-10 14:59:22   Adaptive mesh refinement pass 2

                      ------------------------------------------------------------------------------
2026-08-10 14:59:24     Matrix setup time        :	0 s
                        Degrees of freedom       :	106824
                        Number of mesh cells     :	16004

                        Stimulation port         :	Zmin
                        Mode number              :	1
                        Accuracy                 :	8.38018e-05
                        Iterations               :	27
                        Solver time              :	1 s


                      ------------------------------------------------------------------------------
2026-08-10 14:59:24     Delta calculation        
2026-08-10 14:59:24     All S-Parameters         :	0.0502866
2026-08-10 14:59:24   

                      ------------------------------------------------------------------------------
2026-08-10 14:59:24   Adaptive mesh refinement pass 3

                      ------------------------------------------------------------------------------
2026-08-10 14:59:26     Matrix setup time        :	0 s
                        Degrees of freedom       :	142116
                        Number of mesh cells     :	21289

                        Stimulation port         :	Zmin
                        Mode number              :	1
                        Accuracy                 :	7.46989e-05
                        Iterations               :	26
                        Solver time              :	1 s


                      ------------------------------------------------------------------------------
2026-08-10 14:59:26     Delta calculation        
2026-08-10 14:59:26     All S-Parameters         :	0.00689904
2026-08-10 14:59:26   

                      ------------------------------------------------------------------------------
2026-08-10 14:59:26   Mesh adaptation terminated because the desired accuracy limit is reached.

                      ------------------------------------------------------------------------------
2026-08-10 14:59:26     Total time               :	7 s

                      ------------------------------------------------------------------------------
2026-08-10 14:59:26   

                      ------------------------------------------------------------------------------
2026-08-10 14:59:26     Calculation 2 (Frequency: 10 THz, Theta: 0, Phi: 0)


                      ------------------------------------------------------------------------------
2026-08-10 14:59:26   Running the PortModeSolver.

                      ------------------------------------------------------------------------------
2026-08-10 14:59:28   Adaptive mesh refinement pass 1

                      ------------------------------------------------------------------------------
2026-08-10 14:59:29     Matrix setup time        :	0 s
                        Degrees of freedom       :	142116
                        Number of mesh cells     :	21289

                        Stimulation port         :	Zmin
                        Mode number              :	1
                        Accuracy                 :	9.87266e-05
                        Iterations               :	13
                        Solver time              :	0 s


                      ------------------------------------------------------------------------------
2026-08-10 14:59:29   Adaptive mesh refinement pass 2

                      ------------------------------------------------------------------------------
2026-08-10 14:59:31     Matrix setup time        :	0 s
                        Degrees of freedom       :	150318
                        Number of mesh cells     :	22529

                        Stimulation port         :	Zmin
                        Mode number              :	1
                        Accuracy                 :	8.05469e-05
                        Iterations               :	14
                        Solver time              :	0 s


                      ------------------------------------------------------------------------------
2026-08-10 14:59:31     Delta calculation        
2026-08-10 14:59:31     All S-Parameters         :	0.0110635
2026-08-10 14:59:31   

                      ------------------------------------------------------------------------------
2026-08-10 14:59:31   Adaptive mesh refinement pass 3

                      ------------------------------------------------------------------------------
2026-08-10 14:59:33     Matrix setup time        :	0 s
                        Degrees of freedom       :	174120
                        Number of mesh cells     :	26147

                        Stimulation port         :	Zmin
                        Mode number              :	1
                        Accuracy                 :	8.41011e-05
                        Iterations               :	15
                        Solver time              :	0 s


                      ------------------------------------------------------------------------------
2026-08-10 14:59:33     Delta calculation        
2026-08-10 14:59:33     All S-Parameters         :	0.00750859
2026-08-10 14:59:33   

                      ------------------------------------------------------------------------------
2026-08-10 14:59:33   Mesh adaptation terminated because the desired accuracy limit is reached.

                      ------------------------------------------------------------------------------
2026-08-10 14:59:33     Total time               :	6 s

                      ------------------------------------------------------------------------------
2026-08-10 14:59:33   

                      ------------------------------------------------------------------------------
2026-08-10 14:59:33     Calculation 3 (Frequency: 22 THz, Theta: 0, Phi: 0)


                      ------------------------------------------------------------------------------
2026-08-10 14:59:33   Running the PortModeSolver.

                      ------------------------------------------------------------------------------
2026-08-10 14:59:34   Adaptive mesh refinement pass 1

                      ------------------------------------------------------------------------------
2026-08-10 14:59:36     Matrix setup time        :	0 s
                        Degrees of freedom       :	174120
                        Number of mesh cells     :	26147

                        Stimulation port         :	Zmin
                        Mode number              :	1
                        Accuracy                 :	8.84328e-05
                        Iterations               :	22
                        Solver time              :	1 s


                      ------------------------------------------------------------------------------
2026-08-10 14:59:37   Adaptive mesh refinement pass 2

                      ------------------------------------------------------------------------------
2026-08-10 14:59:39     Matrix setup time        :	0 s
                        Degrees of freedom       :	207678
                        Number of mesh cells     :	31271

                        Stimulation port         :	Zmin
                        Mode number              :	1
                        Accuracy                 :	8.49616e-05
                        Iterations               :	19
                        Solver time              :	1 s


                      ------------------------------------------------------------------------------
2026-08-10 14:59:39     Delta calculation        
2026-08-10 14:59:39     All S-Parameters         :	0.0300226
2026-08-10 14:59:39   

                      ------------------------------------------------------------------------------
2026-08-10 14:59:40   Adaptive mesh refinement pass 3

                      ------------------------------------------------------------------------------
2026-08-10 14:59:43     Matrix setup time        :	0 s
                        Degrees of freedom       :	243282
                        Number of mesh cells     :	36572

                        Stimulation port         :	Zmin
                        Mode number              :	1
                        Accuracy                 :	2.38785e-05
                        Iterations               :	23
                        Solver time              :	2 s


                      ------------------------------------------------------------------------------
2026-08-10 14:59:43     Delta calculation        
2026-08-10 14:59:43     All S-Parameters         :	0.00365326
2026-08-10 14:59:43   

                      ------------------------------------------------------------------------------
2026-08-10 14:59:43   Mesh adaptation terminated because the desired accuracy limit is reached.

                      ------------------------------------------------------------------------------
2026-08-10 14:59:44     Total time               :	10 s

                      ------------------------------------------------------------------------------
2026-08-10 14:59:44   

                      ------------------------------------------------------------------------------
2026-08-10 14:59:44     Calculation 4 (Frequency: 18.5497 THz, Theta: 0, Phi: 0)


                      ------------------------------------------------------------------------------
2026-08-10 14:59:44   Running the PortModeSolver.

                      ------------------------------------------------------------------------------
2026-08-10 14:59:45   Adaptive mesh refinement pass 1

                      ------------------------------------------------------------------------------
2026-08-10 14:59:48     Matrix setup time        :	0 s
                        Degrees of freedom       :	243282
                        Number of mesh cells     :	36572

                        Stimulation port         :	Zmin
                        Mode number              :	1
                        Accuracy                 :	6.3798e-05
                        Iterations               :	27
                        Solver time              :	2 s


                      ------------------------------------------------------------------------------
2026-08-10 14:59:49   Adaptive mesh refinement pass 2

                      ------------------------------------------------------------------------------
2026-08-10 14:59:52     Matrix setup time        :	0 s
                        Degrees of freedom       :	278718
                        Number of mesh cells     :	41911

                        Stimulation port         :	Zmin
                        Mode number              :	1
                        Accuracy                 :	7.82413e-05
                        Iterations               :	23
                        Solver time              :	2 s


                      ------------------------------------------------------------------------------
2026-08-10 14:59:52     Delta calculation        
2026-08-10 14:59:52     All S-Parameters         :	0.0128934
2026-08-10 14:59:52   

                      ------------------------------------------------------------------------------
2026-08-10 14:59:54   Adaptive mesh refinement pass 3

                      ------------------------------------------------------------------------------
2026-08-10 14:59:57     Matrix setup time        :	0 s
                        Degrees of freedom       :	313754
                        Number of mesh cells     :	47201

                        Stimulation port         :	Zmin
                        Mode number              :	1
                        Accuracy                 :	9.68607e-05
                        Iterations               :	21
                        Solver time              :	2 s


                      ------------------------------------------------------------------------------
2026-08-10 14:59:57     Delta calculation        
2026-08-10 14:59:57     All S-Parameters         :	0.00466903
2026-08-10 14:59:57   

                      ------------------------------------------------------------------------------
2026-08-10 14:59:57   Mesh adaptation terminated because the desired accuracy limit is reached.

                      ------------------------------------------------------------------------------
2026-08-10 14:59:57     Total time               :	13 s

                      ------------------------------------------------------------------------------
2026-08-10 14:59:57   

                      ------------------------------------------------------------------------------
2026-08-10 14:59:57     Calculation 5 (Frequency: 18.9244 THz, Theta: 0, Phi: 0)


                      ------------------------------------------------------------------------------
2026-08-10 14:59:57   Running the PortModeSolver.

                      ------------------------------------------------------------------------------
2026-08-10 14:59:59   Adaptive mesh refinement pass 1

                      ------------------------------------------------------------------------------
2026-08-10 15:00:02     Matrix setup time        :	0 s
                        Degrees of freedom       :	313754
                        Number of mesh cells     :	47201

                        Stimulation port         :	Zmin
                        Mode number              :	1
                        Accuracy                 :	9.94323e-05
                        Iterations               :	23
                        Solver time              :	2 s


                      ------------------------------------------------------------------------------
2026-08-10 15:00:02   The input reflection seems to be large at 18.9244 THz, Theta: 0, Phi: 0.  More...

                      ------------------------------------------------------------------------------
2026-08-10 15:00:03   Adaptive mesh refinement pass 2

                      ------------------------------------------------------------------------------
2026-08-10 15:00:07     Matrix setup time        :	0 s
                        Degrees of freedom       :	348626
                        Number of mesh cells     :	52534

                        Stimulation port         :	Zmin
                        Mode number              :	1
                        Accuracy                 :	7.38246e-05
                        Iterations               :	21
                        Solver time              :	2 s


                      ------------------------------------------------------------------------------
2026-08-10 15:00:07     Delta calculation        
2026-08-10 15:00:07     All S-Parameters         :	0.00130821
2026-08-10 15:00:07   

                      ------------------------------------------------------------------------------
2026-08-10 15:00:09   Adaptive mesh refinement pass 3

                      ------------------------------------------------------------------------------
2026-08-10 15:00:13     Matrix setup time        :	0 s
                        Degrees of freedom       :	383384
                        Number of mesh cells     :	57804

                        Stimulation port         :	Zmin
                        Mode number              :	1
                        Accuracy                 :	8.66938e-05
                        Iterations               :	18
                        Solver time              :	2 s


                      ------------------------------------------------------------------------------
2026-08-10 15:00:14     Delta calculation        
2026-08-10 15:00:14     All S-Parameters         :	0.00100606
2026-08-10 15:00:14   

                      ------------------------------------------------------------------------------
2026-08-10 15:00:14   Mesh adaptation terminated because the desired accuracy limit is reached.

                      ------------------------------------------------------------------------------
2026-08-10 15:00:14     Total time               :	16 s

                      ------------------------------------------------------------------------------
2026-08-10 15:00:14   

                      ------------------------------------------------------------------------------
2026-08-10 15:00:14     Calculation 6 (Frequency: 26.3108 THz, Theta: 0, Phi: 0)


                      ------------------------------------------------------------------------------
2026-08-10 15:00:14   Running the PortModeSolver.

                      ------------------------------------------------------------------------------
2026-08-10 15:00:15   Adaptive mesh refinement pass 1

                      ------------------------------------------------------------------------------
2026-08-10 15:00:19     Matrix setup time        :	0 s
                        Degrees of freedom       :	383384
                        Number of mesh cells     :	57804

                        Stimulation port         :	Zmin
                        Mode number              :	1
                        Accuracy                 :	6.17435e-05
                        Iterations               :	20
                        Solver time              :	3 s


                      ------------------------------------------------------------------------------
2026-08-10 15:00:21   Adaptive mesh refinement pass 2

                      ------------------------------------------------------------------------------
2026-08-10 15:00:25     Matrix setup time        :	0 s
                        Degrees of freedom       :	417746
                        Number of mesh cells     :	63003

                        Stimulation port         :	Zmin
                        Mode number              :	1
                        Accuracy                 :	7.60651e-05
                        Iterations               :	18
                        Solver time              :	2 s


                      ------------------------------------------------------------------------------
2026-08-10 15:00:25     Delta calculation        
2026-08-10 15:00:25     All S-Parameters         :	0.00136903
2026-08-10 15:00:25   

                      ------------------------------------------------------------------------------
2026-08-10 15:00:27   Adaptive mesh refinement pass 3

                      ------------------------------------------------------------------------------
2026-08-10 15:00:32     Matrix setup time        :	0 s
                        Degrees of freedom       :	452240
                        Number of mesh cells     :	68194

                        Stimulation port         :	Zmin
                        Mode number              :	1
                        Accuracy                 :	7.12177e-05
                        Iterations               :	17
                        Solver time              :	2 s


                      ------------------------------------------------------------------------------
2026-08-10 15:00:32     Delta calculation        
2026-08-10 15:00:32     All S-Parameters         :	0.000920876
2026-08-10 15:00:32   

                      ------------------------------------------------------------------------------
2026-08-10 15:00:32   Mesh adaptation terminated because the desired accuracy limit is reached.

                      ------------------------------------------------------------------------------
2026-08-10 15:00:32     Total time               :	18 s

                      ------------------------------------------------------------------------------
2026-08-10 15:00:32   

                      ------------------------------------------------------------------------------
2026-08-10 15:00:32     Calculation 7 (Frequency: 26.4982 THz, Theta: 0, Phi: 0)


                      ------------------------------------------------------------------------------
2026-08-10 15:00:32   Running the PortModeSolver.

                      ------------------------------------------------------------------------------
2026-08-10 15:00:33   Adaptive mesh refinement pass 1

                      ------------------------------------------------------------------------------
2026-08-10 15:00:43     Matrix setup time        :	0 s
                        Degrees of freedom       :	452240
                        Number of mesh cells     :	68194

                        Stimulation port         :	Zmin
                        Mode number              :	1
                        Accuracy                 :	9.31851e-05
                        Iterations               :	51
                        Solver time              :	8 s


                      ------------------------------------------------------------------------------
2026-08-10 15:00:45   Adaptive mesh refinement pass 2

                      ------------------------------------------------------------------------------
2026-08-10 15:00:54     Matrix setup time        :	0 s
                        Degrees of freedom       :	487208
                        Number of mesh cells     :	73505

                        Stimulation port         :	Zmin
                        Mode number              :	1
                        Accuracy                 :	8.60999e-05
                        Iterations               :	43
                        Solver time              :	7 s


                      ------------------------------------------------------------------------------
2026-08-10 15:00:55     Delta calculation        
2026-08-10 15:00:55     All S-Parameters         :	0.00277077
2026-08-10 15:00:55   

                      ------------------------------------------------------------------------------
2026-08-10 15:00:56   Adaptive mesh refinement pass 3

                      ------------------------------------------------------------------------------
2026-08-10 15:01:06     Matrix setup time        :	0 s
                        Solver setup             :	1 s
                        Degrees of freedom       :	520846
                        Number of mesh cells     :	78663

                        Stimulation port         :	Zmin
                        Mode number              :	1
                        Accuracy                 :	8.43908e-05
                        Iterations               :	41
                        Solver time              :	8 s


                      ------------------------------------------------------------------------------
2026-08-10 15:01:07     Delta calculation        
2026-08-10 15:01:07     All S-Parameters         :	0.00124796
2026-08-10 15:01:07   

                      ------------------------------------------------------------------------------
2026-08-10 15:01:07   Mesh adaptation terminated because the desired accuracy limit is reached.

                      ------------------------------------------------------------------------------
2026-08-10 15:01:07     Total time               :	34 s

                      ------------------------------------------------------------------------------
2026-08-10 15:01:07   

                      ------------------------------------------------------------------------------
2026-08-10 15:01:07     Calculation 8 (Frequency: 17.704 THz, Theta: 0, Phi: 0)


                      ------------------------------------------------------------------------------
2026-08-10 15:01:07   Running the PortModeSolver.

                      ------------------------------------------------------------------------------
2026-08-10 15:01:08   Adaptive mesh refinement pass 1

                      ------------------------------------------------------------------------------
2026-08-10 15:01:11     Matrix setup time        :	0 s
                        Degrees of freedom       :	520846
                        Number of mesh cells     :	78663

                        Stimulation port         :	Zmin
                        Mode number              :	1
                        Accuracy                 :	7.57664e-05
                        Iterations               :	12
                        Solver time              :	2 s


                      ------------------------------------------------------------------------------
2026-08-10 15:01:12   The input reflection seems to be large at 17.704 THz, Theta: 0, Phi: 0.  More...

                      ------------------------------------------------------------------------------
2026-08-10 15:01:13   Adaptive mesh refinement pass 2

                      ------------------------------------------------------------------------------
2026-08-10 15:01:18     Matrix setup time        :	1 s
                        Solver setup             :	1 s
                        Degrees of freedom       :	555722
                        Number of mesh cells     :	83946

                        Stimulation port         :	Zmin
                        Mode number              :	1
                        Accuracy                 :	7.46379e-05
                        Iterations               :	12
                        Solver time              :	2 s


                      ------------------------------------------------------------------------------
2026-08-10 15:01:19     Delta calculation        
2026-08-10 15:01:19     All S-Parameters         :	0.000308766
2026-08-10 15:01:19   

                      ------------------------------------------------------------------------------
2026-08-10 15:01:21   Adaptive mesh refinement pass 3

                      ------------------------------------------------------------------------------
2026-08-10 15:01:26     Matrix setup time        :	1 s
                        Solver setup             :	1 s
                        Degrees of freedom       :	590320
                        Number of mesh cells     :	89185

                        Stimulation port         :	Zmin
                        Mode number              :	1
                        Accuracy                 :	5.94005e-05
                        Iterations               :	12
                        Solver time              :	2 s


                      ------------------------------------------------------------------------------
2026-08-10 15:01:26     Delta calculation        
2026-08-10 15:01:26     All S-Parameters         :	0.000489487
2026-08-10 15:01:26   

                      ------------------------------------------------------------------------------
2026-08-10 15:01:26   Mesh adaptation terminated because the desired accuracy limit is reached.

                      ------------------------------------------------------------------------------
2026-08-10 15:01:26     Total time               :	19 s

                      ------------------------------------------------------------------------------
2026-08-10 15:01:26   

                      ------------------------------------------------------------------------------
2026-08-10 15:01:26     Calculation 9 (Frequency: 25.984 THz, Theta: 0, Phi: 0)


                      ------------------------------------------------------------------------------
2026-08-10 15:01:26   Running the PortModeSolver.

                      ------------------------------------------------------------------------------
2026-08-10 15:01:28   Adaptive mesh refinement pass 1

                      ------------------------------------------------------------------------------
2026-08-10 15:01:32     Matrix setup time        :	0 s
                        Degrees of freedom       :	590320
                        Number of mesh cells     :	89185

                        Stimulation port         :	Zmin
                        Mode number              :	1
                        Accuracy                 :	5.60131e-05
                        Iterations               :	14
                        Solver time              :	3 s


                      ------------------------------------------------------------------------------
2026-08-10 15:01:35   Adaptive mesh refinement pass 2

                      ------------------------------------------------------------------------------
2026-08-10 15:01:41     Matrix setup time        :	1 s
                        Solver setup             :	1 s
                        Degrees of freedom       :	624052
                        Number of mesh cells     :	94375

                        Stimulation port         :	Zmin
                        Mode number              :	1
                        Accuracy                 :	9.33714e-05
                        Iterations               :	13
                        Solver time              :	3 s


                      ------------------------------------------------------------------------------
2026-08-10 15:01:41     Delta calculation        
2026-08-10 15:01:41     All S-Parameters         :	0.0001817
2026-08-10 15:01:41   

                      ------------------------------------------------------------------------------
2026-08-10 15:01:43   Adaptive mesh refinement pass 3

                      ------------------------------------------------------------------------------
2026-08-10 15:01:50     Matrix setup time        :	1 s
                        Solver setup             :	1 s
                        Degrees of freedom       :	658194
                        Number of mesh cells     :	99597

                        Stimulation port         :	Zmin
                        Mode number              :	1
                        Accuracy                 :	9.49096e-05
                        Iterations               :	13
                        Solver time              :	3 s


                      ------------------------------------------------------------------------------
2026-08-10 15:01:50     Delta calculation        
2026-08-10 15:01:50     All S-Parameters         :	0.00034873
2026-08-10 15:01:50   

                      ------------------------------------------------------------------------------
2026-08-10 15:01:50   Mesh adaptation terminated because the desired accuracy limit is reached.

                      ------------------------------------------------------------------------------
2026-08-10 15:01:50     Total time               :	23 s

                      ------------------------------------------------------------------------------
2026-08-10 15:01:50   

                      ------------------------------------------------------------------------------
2026-08-10 15:01:50     Calculation 10 (Frequency: 15.04 THz, Theta: 0, Phi: 0)


                      ------------------------------------------------------------------------------
2026-08-10 15:01:50   Running the PortModeSolver.

                      ------------------------------------------------------------------------------
2026-08-10 15:01:52   Adaptive mesh refinement pass 1

                      ------------------------------------------------------------------------------
2026-08-10 15:01:57     Matrix setup time        :	0 s
                        Solver setup             :	1 s
                        Degrees of freedom       :	658194
                        Number of mesh cells     :	99597

                        Stimulation port         :	Zmin
                        Mode number              :	1
                        Accuracy                 :	9.78041e-05
                        Iterations               :	12
                        Solver time              :	3 s


                      ------------------------------------------------------------------------------
2026-08-10 15:02:00   Adaptive mesh refinement pass 2

                      ------------------------------------------------------------------------------
2026-08-10 15:02:07     Matrix setup time        :	1 s
                        Solver setup             :	1 s
                        Degrees of freedom       :	692792
                        Number of mesh cells     :	104840

                        Stimulation port         :	Zmin
                        Mode number              :	1
                        Accuracy                 :	8.17691e-05
                        Iterations               :	12
                        Solver time              :	3 s


                      ------------------------------------------------------------------------------
2026-08-10 15:02:07     Delta calculation        
2026-08-10 15:02:07     All S-Parameters         :	0.0113082
2026-08-10 15:02:07   

                      ------------------------------------------------------------------------------
2026-08-10 15:02:09   Adaptive mesh refinement pass 3

                      ------------------------------------------------------------------------------
2026-08-10 15:02:17     Matrix setup time        :	1 s
                        Solver setup             :	1 s
                        Degrees of freedom       :	727312
                        Number of mesh cells     :	110087

                        Stimulation port         :	Zmin
                        Mode number              :	1
                        Accuracy                 :	8.05665e-05
                        Iterations               :	12
                        Solver time              :	3 s


                      ------------------------------------------------------------------------------
2026-08-10 15:02:17     Delta calculation        
2026-08-10 15:02:17     All S-Parameters         :	0.0053728
2026-08-10 15:02:17   

                      ------------------------------------------------------------------------------
2026-08-10 15:02:17   Mesh adaptation terminated because the desired accuracy limit is reached.

                      ------------------------------------------------------------------------------
2026-08-10 15:02:17     Total time               :	26 s

                      ------------------------------------------------------------------------------
2026-08-10 15:02:17   

                      ------------------------------------------------------------------------------
2026-08-10 15:02:17     Calculation 11 (Frequency: 19.6 THz, Theta: 0, Phi: 0)


                      ------------------------------------------------------------------------------
2026-08-10 15:02:17   Running the PortModeSolver.

                      ------------------------------------------------------------------------------
2026-08-10 15:02:18   Adaptive mesh refinement pass 1

                      ------------------------------------------------------------------------------
2026-08-10 15:02:24     Matrix setup time        :	0 s
                        Degrees of freedom       :	727312
                        Number of mesh cells     :	110087

                        Stimulation port         :	Zmin
                        Mode number              :	1
                        Accuracy                 :	3.79322e-05
                        Iterations               :	15
                        Solver time              :	4 s


                      ------------------------------------------------------------------------------
2026-08-10 15:02:25   The input reflection seems to be large at 19.6 THz, Theta: 0, Phi: 0.  More...

                      ------------------------------------------------------------------------------
2026-08-10 15:02:27   Adaptive mesh refinement pass 2

                      ------------------------------------------------------------------------------
2026-08-10 15:02:35     Matrix setup time        :	1 s
                        Solver setup             :	2 s
                        Degrees of freedom       :	761708
                        Number of mesh cells     :	115351

                        Stimulation port         :	Zmin
                        Mode number              :	1
                        Accuracy                 :	6.14443e-05
                        Iterations               :	12
                        Solver time              :	4 s


                      ------------------------------------------------------------------------------
2026-08-10 15:02:35     Delta calculation        
2026-08-10 15:02:35     All S-Parameters         :	0.00116151
2026-08-10 15:02:35   

                      ------------------------------------------------------------------------------
2026-08-10 15:02:38   Adaptive mesh refinement pass 3

                      ------------------------------------------------------------------------------
2026-08-10 15:02:47     Matrix setup time        :	1 s
                        Solver setup             :	2 s
                        Degrees of freedom       :	796062
                        Number of mesh cells     :	120591

                        Stimulation port         :	Zmin
                        Mode number              :	1
                        Accuracy                 :	6.77895e-05
                        Iterations               :	12
                        Solver time              :	4 s


                      ------------------------------------------------------------------------------
2026-08-10 15:02:47     Delta calculation        
2026-08-10 15:02:47     All S-Parameters         :	0.000671956
2026-08-10 15:02:47   

                      ------------------------------------------------------------------------------
2026-08-10 15:02:47   Mesh adaptation terminated because the desired accuracy limit is reached.

                      ------------------------------------------------------------------------------
2026-08-10 15:02:47     Total time               :	30 s

                      ------------------------------------------------------------------------------
2026-08-10 15:02:47   

                      ------------------------------------------------------------------------------
2026-08-10 15:02:47     Calculation 12 (Frequency: 23.728 THz, Theta: 0, Phi: 0)


                      ------------------------------------------------------------------------------
2026-08-10 15:02:47   Running the PortModeSolver.

                      ------------------------------------------------------------------------------
2026-08-10 15:02:48   Adaptive mesh refinement pass 1

                      ------------------------------------------------------------------------------
2026-08-10 15:02:55     Matrix setup time        :	0 s
                        Solver setup             :	1 s
                        Degrees of freedom       :	796062
                        Number of mesh cells     :	120591

                        Stimulation port         :	Zmin
                        Mode number              :	1
                        Accuracy                 :	9.74222e-05
                        Iterations               :	12
                        Solver time              :	4 s


                      ------------------------------------------------------------------------------
2026-08-10 15:02:58   Adaptive mesh refinement pass 2

                      ------------------------------------------------------------------------------
2026-08-10 15:03:05     Matrix setup time        :	1 s
                        Solver setup             :	1 s
                        Degrees of freedom       :	830806
                        Number of mesh cells     :	125873

                        Stimulation port         :	Zmin
                        Mode number              :	1
                        Accuracy                 :	7.67547e-05
                        Iterations               :	12
                        Solver time              :	4 s


                      ------------------------------------------------------------------------------
2026-08-10 15:03:06     Delta calculation        
2026-08-10 15:03:06     All S-Parameters         :	0.00119402
2026-08-10 15:03:06   

                      ------------------------------------------------------------------------------
2026-08-10 15:03:09   Adaptive mesh refinement pass 3

                      ------------------------------------------------------------------------------
2026-08-10 15:03:19     Matrix setup time        :	1 s
                        Solver setup             :	2 s
                        Degrees of freedom       :	865340
                        Number of mesh cells     :	131129

                        Stimulation port         :	Zmin
                        Mode number              :	1
                        Accuracy                 :	6.57118e-05
                        Iterations               :	12
                        Solver time              :	5 s


                      ------------------------------------------------------------------------------
2026-08-10 15:03:19     Delta calculation        
2026-08-10 15:03:19     All S-Parameters         :	0.00056886
2026-08-10 15:03:19   

                      ------------------------------------------------------------------------------
2026-08-10 15:03:19   Mesh adaptation terminated because the desired accuracy limit is reached.

                      ------------------------------------------------------------------------------
2026-08-10 15:03:19     Total time               :	32 s

                      ------------------------------------------------------------------------------
2026-08-10 15:03:19   

                      ------------------------------------------------------------------------------
2026-08-10 15:03:19     Calculation 13 (Frequency: 21.064 THz, Theta: 0, Phi: 0)


                      ------------------------------------------------------------------------------
2026-08-10 15:03:19   Running the PortModeSolver.

                      ------------------------------------------------------------------------------
2026-08-10 15:03:21   Adaptive mesh refinement pass 1

                      ------------------------------------------------------------------------------
2026-08-10 15:03:28     Matrix setup time        :	0 s
                        Solver setup             :	1 s
                        Degrees of freedom       :	865340
                        Number of mesh cells     :	131129

                        Stimulation port         :	Zmin
                        Mode number              :	1
                        Accuracy                 :	9.29533e-05
                        Iterations               :	12
                        Solver time              :	4 s


                      ------------------------------------------------------------------------------
2026-08-10 15:03:32   Adaptive mesh refinement pass 2

                      ------------------------------------------------------------------------------
2026-08-10 15:03:40     Matrix setup time        :	1 s
                        Solver setup             :	2 s
                        Degrees of freedom       :	899534
                        Number of mesh cells     :	136345

                        Stimulation port         :	Zmin
                        Mode number              :	1
                        Accuracy                 :	7.07467e-05
                        Iterations               :	12
                        Solver time              :	4 s


                      ------------------------------------------------------------------------------
2026-08-10 15:03:41     Delta calculation        
2026-08-10 15:03:41     All S-Parameters         :	0.000893327
2026-08-10 15:03:41   

                      ------------------------------------------------------------------------------
2026-08-10 15:03:44   Adaptive mesh refinement pass 3

                      ------------------------------------------------------------------------------
2026-08-10 15:03:53     Matrix setup time        :	1 s
                        Solver setup             :	2 s
                        Degrees of freedom       :	933912
                        Number of mesh cells     :	141556

                        Stimulation port         :	Zmin
                        Mode number              :	1
                        Accuracy                 :	5.78062e-05
                        Iterations               :	12
                        Solver time              :	4 s


                      ------------------------------------------------------------------------------
2026-08-10 15:03:54     Delta calculation        
2026-08-10 15:03:54     All S-Parameters         :	0.000160814
2026-08-10 15:03:54   

                      ------------------------------------------------------------------------------
2026-08-10 15:03:54   Mesh adaptation terminated because the desired accuracy limit is reached.

                      ------------------------------------------------------------------------------
2026-08-10 15:03:54     Total time               :	34 s

                      ------------------------------------------------------------------------------
2026-08-10 15:03:54   

                      ------------------------------------------------------------------------------
2026-08-10 15:03:54     Calculation 14 (Frequency: 19.24 THz, Theta: 0, Phi: 0)


                      ------------------------------------------------------------------------------
2026-08-10 15:03:54   Running the PortModeSolver.

                      ------------------------------------------------------------------------------
2026-08-10 15:03:55   Adaptive mesh refinement pass 1

                      ------------------------------------------------------------------------------
2026-08-10 15:04:02     Matrix setup time        :	0 s
                        Solver setup             :	1 s
                        Degrees of freedom       :	933912
                        Number of mesh cells     :	141556

                        Stimulation port         :	Zmin
                        Mode number              :	1
                        Accuracy                 :	9.44632e-05
                        Iterations               :	11
                        Solver time              :	4 s


                      ------------------------------------------------------------------------------
2026-08-10 15:04:02   The input reflection seems to be large at 19.24 THz, Theta: 0, Phi: 0.  More...

                      ------------------------------------------------------------------------------
2026-08-10 15:04:06   Adaptive mesh refinement pass 2

                      ------------------------------------------------------------------------------
2026-08-10 15:04:14     Matrix setup time        :	1 s
                        Solver setup             :	2 s
                        Degrees of freedom       :	967874
                        Number of mesh cells     :	146730

                        Stimulation port         :	Zmin
                        Mode number              :	1
                        Accuracy                 :	9.44896e-05
                        Iterations               :	11
                        Solver time              :	4 s


                      ------------------------------------------------------------------------------
2026-08-10 15:04:15     Delta calculation        
2026-08-10 15:04:15     All S-Parameters         :	0.00039297
2026-08-10 15:04:15   

                      ------------------------------------------------------------------------------
2026-08-10 15:04:18   Adaptive mesh refinement pass 3

                      ------------------------------------------------------------------------------
2026-08-10 15:04:27     Matrix setup time        :	2 s
                        Solver setup             :	2 s
                        Degrees of freedom       :	1002132
                        Number of mesh cells     :	151941

                        Stimulation port         :	Zmin
                        Mode number              :	1
                        Accuracy                 :	9.21054e-05
                        Iterations               :	11
                        Solver time              :	4 s


                      ------------------------------------------------------------------------------
2026-08-10 15:04:28     Delta calculation        
2026-08-10 15:04:28     All S-Parameters         :	0.000212772
2026-08-10 15:04:28   

                      ------------------------------------------------------------------------------
2026-08-10 15:04:28   Mesh adaptation terminated because the desired accuracy limit is reached.

                      ------------------------------------------------------------------------------
2026-08-10 15:04:28     Total time               :	34 s

                      ------------------------------------------------------------------------------
2026-08-10 15:04:28   

                      ------------------------------------------------------------------------------
2026-08-10 15:04:28     Calculation 15 (Frequency: 23.752 THz, Theta: 0, Phi: 0)


                      ------------------------------------------------------------------------------
2026-08-10 15:04:28   Running the PortModeSolver.

                      ------------------------------------------------------------------------------
2026-08-10 15:04:29   Adaptive mesh refinement pass 1

                      ------------------------------------------------------------------------------
2026-08-10 15:04:36     Matrix setup time        :	0 s
                        Solver setup             :	1 s
                        Degrees of freedom       :	1002132
                        Number of mesh cells     :	151941

                        Stimulation port         :	Zmin
                        Mode number              :	1
                        Accuracy                 :	9.84785e-05
                        Iterations               :	11
                        Solver time              :	4 s


                      ------------------------------------------------------------------------------
2026-08-10 15:04:40   Adaptive mesh refinement pass 2

                      ------------------------------------------------------------------------------
2026-08-10 15:04:50     Matrix setup time        :	2 s
                        Solver setup             :	2 s
                        Degrees of freedom       :	1035650
                        Number of mesh cells     :	157088

                        Stimulation port         :	Zmin
                        Mode number              :	1
                        Accuracy                 :	9.19213e-05
                        Iterations               :	11
                        Solver time              :	4 s


                      ------------------------------------------------------------------------------
2026-08-10 15:04:50     Delta calculation        
2026-08-10 15:04:50     All S-Parameters         :	0.000150741
2026-08-10 15:04:50   

                      ------------------------------------------------------------------------------
2026-08-10 15:04:53   Adaptive mesh refinement pass 3

                      ------------------------------------------------------------------------------
2026-08-10 15:05:04     Matrix setup time        :	2 s
                        Solver setup             :	3 s
                        Degrees of freedom       :	1069506
                        Number of mesh cells     :	162256

                        Stimulation port         :	Zmin
                        Mode number              :	1
                        Accuracy                 :	9.69364e-05
                        Iterations               :	11
                        Solver time              :	5 s


                      ------------------------------------------------------------------------------
2026-08-10 15:05:04     Delta calculation        
2026-08-10 15:05:04     All S-Parameters         :	0.000169431
2026-08-10 15:05:04   

                      ------------------------------------------------------------------------------
2026-08-10 15:05:04   Mesh adaptation terminated because the desired accuracy limit is reached.

                      ------------------------------------------------------------------------------
2026-08-10 15:05:04     Total time               :	36 s

                      ------------------------------------------------------------------------------
2026-08-10 15:05:04   

                      ------------------------------------------------------------------------------
2026-08-10 15:05:04     Calculation 16 (Frequency: 21.352 THz, Theta: 0, Phi: 0)


                      ------------------------------------------------------------------------------
2026-08-10 15:05:04   Running the PortModeSolver.

                      ------------------------------------------------------------------------------
2026-08-10 15:05:06   Adaptive mesh refinement pass 1

                      ------------------------------------------------------------------------------
2026-08-10 15:05:14     Matrix setup time        :	1 s
                        Solver setup             :	2 s
                        Degrees of freedom       :	1069506
                        Number of mesh cells     :	162256

                        Stimulation port         :	Zmin
                        Mode number              :	1
                        Accuracy                 :	9.73029e-05
                        Iterations               :	11
                        Solver time              :	5 s


                      ------------------------------------------------------------------------------
2026-08-10 15:05:18   Adaptive mesh refinement pass 2

                      ------------------------------------------------------------------------------
2026-08-10 15:05:29     Matrix setup time        :	2 s
                        Solver setup             :	3 s
                        Degrees of freedom       :	1103626
                        Number of mesh cells     :	167485

                        Stimulation port         :	Zmin
                        Mode number              :	1
                        Accuracy                 :	7.32584e-05
                        Iterations               :	11
                        Solver time              :	5 s


                      ------------------------------------------------------------------------------
2026-08-10 15:05:29     Delta calculation        
2026-08-10 15:05:29     All S-Parameters         :	0.00030303
2026-08-10 15:05:29   

                      ------------------------------------------------------------------------------
2026-08-10 15:05:33   Adaptive mesh refinement pass 3

                      ------------------------------------------------------------------------------
2026-08-10 15:05:45     Matrix setup time        :	2 s
                        Solver setup             :	3 s
                        Degrees of freedom       :	1137852
                        Number of mesh cells     :	172704

                        Stimulation port         :	Zmin
                        Mode number              :	1
                        Accuracy                 :	8.25918e-05
                        Iterations               :	11
                        Solver time              :	5 s


                      ------------------------------------------------------------------------------
2026-08-10 15:05:45     Delta calculation        
2026-08-10 15:05:45     All S-Parameters         :	0.000145029
2026-08-10 15:05:45   

                      ------------------------------------------------------------------------------
2026-08-10 15:05:45   Mesh adaptation terminated because the desired accuracy limit is reached.

                      ------------------------------------------------------------------------------
2026-08-10 15:05:45     Total time               :	40 s

                      ------------------------------------------------------------------------------
2026-08-10 15:05:45   

                      ------------------------------------------------------------------------------
2026-08-10 15:05:45     Calculation 17 (Frequency: 24.616 THz, Theta: 0, Phi: 0)


                      ------------------------------------------------------------------------------
2026-08-10 15:05:45   Running the PortModeSolver.

                      ------------------------------------------------------------------------------
2026-08-10 15:05:46   Adaptive mesh refinement pass 1

                      ------------------------------------------------------------------------------
2026-08-10 15:05:56     Matrix setup time        :	1 s
                        Solver setup             :	2 s
                        Degrees of freedom       :	1137852
                        Number of mesh cells     :	172704

                        Stimulation port         :	Zmin
                        Mode number              :	1
                        Accuracy                 :	6.08494e-05
                        Iterations               :	12
                        Solver time              :	6 s


                      ------------------------------------------------------------------------------
2026-08-10 15:06:01   Adaptive mesh refinement pass 2

                      ------------------------------------------------------------------------------
2026-08-10 15:06:13     Matrix setup time        :	2 s
                        Solver setup             :	3 s
                        Degrees of freedom       :	1170720
                        Number of mesh cells     :	177791

                        Stimulation port         :	Zmin
                        Mode number              :	1
                        Accuracy                 :	5.76228e-05
                        Iterations               :	11
                        Solver time              :	6 s


                      ------------------------------------------------------------------------------
2026-08-10 15:06:13     Delta calculation        
2026-08-10 15:06:13     All S-Parameters         :	5.36701e-05
2026-08-10 15:06:13   

                      ------------------------------------------------------------------------------
2026-08-10 15:06:17   Adaptive mesh refinement pass 3

                      ------------------------------------------------------------------------------
2026-08-10 15:06:29     Matrix setup time        :	2 s
                        Solver setup             :	3 s
                        Degrees of freedom       :	1204206
                        Number of mesh cells     :	182928

                        Stimulation port         :	Zmin
                        Mode number              :	1
                        Accuracy                 :	8.71238e-05
                        Iterations               :	10
                        Solver time              :	5 s


                      ------------------------------------------------------------------------------
2026-08-10 15:06:30     Delta calculation        
2026-08-10 15:06:30     All S-Parameters         :	6.07655e-05
2026-08-10 15:06:30   

                      ------------------------------------------------------------------------------
2026-08-10 15:06:30   Mesh adaptation terminated because the desired accuracy limit is reached.

                      ------------------------------------------------------------------------------
2026-08-10 15:06:30     Total time               :	44 s

                      ------------------------------------------------------------------------------
2026-08-10 15:06:30   

                      ------------------------------------------------------------------------------
2026-08-10 15:06:30     Calculation 18 (Frequency: 27.616 THz, Theta: 0, Phi: 0)


                      ------------------------------------------------------------------------------
2026-08-10 15:06:30   Running the PortModeSolver.

                      ------------------------------------------------------------------------------
2026-08-10 15:06:31   Adaptive mesh refinement pass 1

                      ------------------------------------------------------------------------------
2026-08-10 15:06:42     Matrix setup time        :	1 s
                        Solver setup             :	2 s
                        Degrees of freedom       :	1204206
                        Number of mesh cells     :	182928

                        Stimulation port         :	Zmin
                        Mode number              :	1
                        Accuracy                 :	6.38815e-05
                        Iterations               :	13
                        Solver time              :	7 s


                      ------------------------------------------------------------------------------
2026-08-10 15:06:46   Adaptive mesh refinement pass 2

                      ------------------------------------------------------------------------------
2026-08-10 15:06:59     Matrix setup time        :	2 s
                        Solver setup             :	4 s
                        Degrees of freedom       :	1237730
                        Number of mesh cells     :	188084

                        Stimulation port         :	Zmin
                        Mode number              :	1
                        Accuracy                 :	7.70157e-05
                        Iterations               :	11
                        Solver time              :	6 s


                      ------------------------------------------------------------------------------
2026-08-10 15:07:00     Delta calculation        
2026-08-10 15:07:00     All S-Parameters         :	0.000122106
2026-08-10 15:07:00   

                      ------------------------------------------------------------------------------
2026-08-10 15:07:04   Adaptive mesh refinement pass 3

                      ------------------------------------------------------------------------------
2026-08-10 15:07:17     Matrix setup time        :	2 s
                        Solver setup             :	4 s
                        Degrees of freedom       :	1270750
                        Number of mesh cells     :	193178

                        Stimulation port         :	Zmin
                        Mode number              :	1
                        Accuracy                 :	8.69959e-05
                        Iterations               :	11
                        Solver time              :	6 s


                      ------------------------------------------------------------------------------
2026-08-10 15:07:17     Delta calculation        
2026-08-10 15:07:17     All S-Parameters         :	5.81806e-05
2026-08-10 15:07:17   

                      ------------------------------------------------------------------------------
2026-08-10 15:07:17   Mesh adaptation terminated because the desired accuracy limit is reached.

                      ------------------------------------------------------------------------------
2026-08-10 15:07:17     Total time               :	47 s

                      ------------------------------------------------------------------------------
2026-08-10 15:07:17   

                      ------------------------------------------------------------------------------
2026-08-10 15:07:17     Calculation 19 (Frequency: 26.2 THz, Theta: 0, Phi: 0)


                      ------------------------------------------------------------------------------
2026-08-10 15:07:17   Running the PortModeSolver.

                      ------------------------------------------------------------------------------
2026-08-10 15:07:19   Adaptive mesh refinement pass 1

                      ------------------------------------------------------------------------------
2026-08-10 15:07:30     Matrix setup time        :	1 s
                        Solver setup             :	2 s
                        Degrees of freedom       :	1270750
                        Number of mesh cells     :	193178

                        Stimulation port         :	Zmin
                        Mode number              :	1
                        Accuracy                 :	9.15274e-05
                        Iterations               :	12
                        Solver time              :	6 s


                      ------------------------------------------------------------------------------
2026-08-10 15:07:34   Adaptive mesh refinement pass 2

                      ------------------------------------------------------------------------------
2026-08-10 15:07:48     Matrix setup time        :	2 s
                        Solver setup             :	4 s
                        Degrees of freedom       :	1304898
                        Number of mesh cells     :	198375

                        Stimulation port         :	Zmin
                        Mode number              :	1
                        Accuracy                 :	8.45328e-05
                        Iterations               :	11
                        Solver time              :	6 s


                      ------------------------------------------------------------------------------
2026-08-10 15:07:49     Delta calculation        
2026-08-10 15:07:49     All S-Parameters         :	0.000240176
2026-08-10 15:07:49   

                      ------------------------------------------------------------------------------
2026-08-10 15:07:53   Adaptive mesh refinement pass 3

                      ------------------------------------------------------------------------------
2026-08-10 15:08:09     Matrix setup time        :	2 s
                        Solver setup             :	4 s
                        Degrees of freedom       :	1338888
                        Number of mesh cells     :	203577

                        Stimulation port         :	Zmin
                        Mode number              :	1
                        Accuracy                 :	3.56074e-05
                        Iterations               :	14
                        Solver time              :	8 s


                      ------------------------------------------------------------------------------
2026-08-10 15:08:10     Delta calculation        
2026-08-10 15:08:10     All S-Parameters         :	9.58202e-05
2026-08-10 15:08:10   

                      ------------------------------------------------------------------------------
2026-08-10 15:08:10   Mesh adaptation terminated because the desired accuracy limit is reached.

                      ------------------------------------------------------------------------------
2026-08-10 15:08:10     Total time               :	52 s

                      ------------------------------------------------------------------------------
2026-08-10 15:08:10   

                      ------------------------------------------------------------------------------
2026-08-10 15:08:10     Calculation 20 (Frequency: 27.448 THz, Theta: 0, Phi: 0)


                      ------------------------------------------------------------------------------
2026-08-10 15:08:10   Running the PortModeSolver.

                      ------------------------------------------------------------------------------
2026-08-10 15:08:11   Adaptive mesh refinement pass 1

                      ------------------------------------------------------------------------------
2026-08-10 15:08:23     Matrix setup time        :	1 s
                        Solver setup             :	3 s
                        Degrees of freedom       :	1338888
                        Number of mesh cells     :	203577

                        Stimulation port         :	Zmin
                        Mode number              :	1
                        Accuracy                 :	5.78868e-05
                        Iterations               :	11
                        Solver time              :	6 s


                      ------------------------------------------------------------------------------
2026-08-10 15:08:28   Adaptive mesh refinement pass 2

                      ------------------------------------------------------------------------------
2026-08-10 15:08:43     Matrix setup time        :	2 s
                        Solver setup             :	5 s
                        Degrees of freedom       :	1372172
                        Number of mesh cells     :	208684

                        Stimulation port         :	Zmin
                        Mode number              :	1
                        Accuracy                 :	9.99814e-05
                        Iterations               :	10
                        Solver time              :	6 s


                      ------------------------------------------------------------------------------
2026-08-10 15:08:44     Delta calculation        
2026-08-10 15:08:44     All S-Parameters         :	9.88497e-05
2026-08-10 15:08:44   

                      ------------------------------------------------------------------------------
2026-08-10 15:08:48   Adaptive mesh refinement pass 3

                      ------------------------------------------------------------------------------
2026-08-10 15:09:02     Matrix setup time        :	2 s
                        Solver setup             :	4 s
                        Degrees of freedom       :	1405506
                        Number of mesh cells     :	213807

                        Stimulation port         :	Zmin
                        Mode number              :	1
                        Accuracy                 :	9.68863e-05
                        Iterations               :	10
                        Solver time              :	6 s


                      ------------------------------------------------------------------------------
2026-08-10 15:09:02     Delta calculation        
2026-08-10 15:09:02     All S-Parameters         :	6.35424e-05
2026-08-10 15:09:02   

                      ------------------------------------------------------------------------------
2026-08-10 15:09:02   Mesh adaptation terminated because the desired accuracy limit is reached.

                      ------------------------------------------------------------------------------
2026-08-10 15:09:02     Total time               :	52 s

                      ------------------------------------------------------------------------------
2026-08-10 15:09:02   

                      ------------------------------------------------------------------------------
2026-08-10 15:09:02     Calculation 21 (Frequency: 31.288 THz, Theta: 0, Phi: 0)


                      ------------------------------------------------------------------------------
2026-08-10 15:09:02   Running the PortModeSolver.

                      ------------------------------------------------------------------------------
2026-08-10 15:09:04   Adaptive mesh refinement pass 1

                      ------------------------------------------------------------------------------
2026-08-10 15:09:15     Matrix setup time        :	1 s
                        Solver setup             :	2 s
                        Degrees of freedom       :	1405506
                        Number of mesh cells     :	213807

                        Stimulation port         :	Zmin
                        Mode number              :	1
                        Accuracy                 :	9.6866e-05
                        Iterations               :	11
                        Solver time              :	6 s


                      ------------------------------------------------------------------------------
2026-08-10 15:09:20   Adaptive mesh refinement pass 2

                      ------------------------------------------------------------------------------
2026-08-10 15:09:36     Matrix setup time        :	2 s
                        Solver setup             :	5 s
                        Degrees of freedom       :	1438586
                        Number of mesh cells     :	218924

                        Stimulation port         :	Zmin
                        Mode number              :	1
                        Accuracy                 :	9.74139e-05
                        Iterations               :	12
                        Solver time              :	8 s


                      ------------------------------------------------------------------------------
2026-08-10 15:09:36     Delta calculation        
2026-08-10 15:09:36     All S-Parameters         :	6.98119e-05
2026-08-10 15:09:36   

                      ------------------------------------------------------------------------------
2026-08-10 15:09:41   Adaptive mesh refinement pass 3

                      ------------------------------------------------------------------------------
2026-08-10 15:09:58     Matrix setup time        :	3 s
                        Solver setup             :	5 s
                        Degrees of freedom       :	1471968
                        Number of mesh cells     :	224043

                        Stimulation port         :	Zmin
                        Mode number              :	1
                        Accuracy                 :	8.97525e-05
                        Iterations               :	11
                        Solver time              :	7 s


                      ------------------------------------------------------------------------------
2026-08-10 15:09:59     Delta calculation        
2026-08-10 15:09:59     All S-Parameters         :	9.28693e-05
2026-08-10 15:09:59   

                      ------------------------------------------------------------------------------
2026-08-10 15:09:59   Mesh adaptation terminated because the desired accuracy limit is reached.

                      ------------------------------------------------------------------------------
2026-08-10 15:09:59     Total time               :	56 s

                      ------------------------------------------------------------------------------
2026-08-10 15:09:59   

                      ------------------------------------------------------------------------------
2026-08-10 15:09:59     Calculation 22 (Frequency: 18.304 THz, Theta: 0, Phi: 0)


                      ------------------------------------------------------------------------------
2026-08-10 15:09:59   Running the PortModeSolver.

                      ------------------------------------------------------------------------------
2026-08-10 15:10:00   Adaptive mesh refinement pass 1

                      ------------------------------------------------------------------------------
2026-08-10 15:10:14     Matrix setup time        :	1 s
                        Solver setup             :	4 s
                        Degrees of freedom       :	1471968
                        Number of mesh cells     :	224043

                        Stimulation port         :	Zmin
                        Mode number              :	1
                        Accuracy                 :	4.86736e-05
                        Iterations               :	12
                        Solver time              :	8 s


                      ------------------------------------------------------------------------------
2026-08-10 15:10:15   The input reflection seems to be large at 18.304 THz, Theta: 0, Phi: 0.  More...

                      ------------------------------------------------------------------------------
2026-08-10 15:10:19   Adaptive mesh refinement pass 2

                      ------------------------------------------------------------------------------
2026-08-10 15:10:35     Matrix setup time        :	3 s
                        Solver setup             :	4 s
                        Degrees of freedom       :	1506694
                        Number of mesh cells     :	229343

                        Stimulation port         :	Zmin
                        Mode number              :	1
                        Accuracy                 :	4.73246e-05
                        Iterations               :	12
                        Solver time              :	8 s


                      ------------------------------------------------------------------------------
2026-08-10 15:10:36     Delta calculation        
2026-08-10 15:10:36     All S-Parameters         :	0.00164266
2026-08-10 15:10:36   

                      ------------------------------------------------------------------------------
2026-08-10 15:10:40   Adaptive mesh refinement pass 3

                      ------------------------------------------------------------------------------
2026-08-10 15:10:57     Matrix setup time        :	3 s
                        Solver setup             :	5 s
                        Degrees of freedom       :	1540968
                        Number of mesh cells     :	234570

                        Stimulation port         :	Zmin
                        Mode number              :	1
                        Accuracy                 :	8.59501e-05
                        Iterations               :	11
                        Solver time              :	7 s


                      ------------------------------------------------------------------------------
2026-08-10 15:10:57     Delta calculation        
2026-08-10 15:10:57     All S-Parameters         :	0.000667469
2026-08-10 15:10:57   

                      ------------------------------------------------------------------------------
2026-08-10 15:10:57   Mesh adaptation terminated because the desired accuracy limit is reached.

                      ------------------------------------------------------------------------------
2026-08-10 15:10:57     Total time               :	58 s

                      ------------------------------------------------------------------------------
2026-08-10 15:10:57   

                      ------------------------------------------------------------------------------
2026-08-10 15:10:57     Calculation 23 (Frequency: 17.32 THz, Theta: 0, Phi: 0)


                      ------------------------------------------------------------------------------
2026-08-10 15:10:57   Running the PortModeSolver.

                      ------------------------------------------------------------------------------
2026-08-10 15:10:59   Adaptive mesh refinement pass 1

                      ------------------------------------------------------------------------------
2026-08-10 15:11:11     Matrix setup time        :	1 s
                        Solver setup             :	3 s
                        Degrees of freedom       :	1540968
                        Number of mesh cells     :	234570

                        Stimulation port         :	Zmin
                        Mode number              :	1
                        Accuracy                 :	7.53983e-05
                        Iterations               :	10
                        Solver time              :	7 s


                      ------------------------------------------------------------------------------
2026-08-10 15:11:12   The input reflection seems to be large at 17.32 THz, Theta: 0, Phi: 0.  More...

                      ------------------------------------------------------------------------------
2026-08-10 15:11:17   Adaptive mesh refinement pass 2

                      ------------------------------------------------------------------------------
2026-08-10 15:11:34     Matrix setup time        :	3 s
                        Solver setup             :	7 s
                        Degrees of freedom       :	1574532
                        Number of mesh cells     :	239729

                        Stimulation port         :	Zmin
                        Mode number              :	1
                        Accuracy                 :	8.28758e-05
                        Iterations               :	9
                        Solver time              :	7 s


                      ------------------------------------------------------------------------------
2026-08-10 15:11:35     Delta calculation        
2026-08-10 15:11:35     All S-Parameters         :	0.000692708
2026-08-10 15:11:35   

                      ------------------------------------------------------------------------------
2026-08-10 15:11:40   Adaptive mesh refinement pass 3

                      ------------------------------------------------------------------------------
2026-08-10 15:11:56     Matrix setup time        :	3 s
                        Solver setup             :	6 s
                        Degrees of freedom       :	1608582
                        Number of mesh cells     :	244948

                        Stimulation port         :	Zmin
                        Mode number              :	1
                        Accuracy                 :	7.82312e-05
                        Iterations               :	9
                        Solver time              :	6 s


                      ------------------------------------------------------------------------------
2026-08-10 15:11:57     Delta calculation        
2026-08-10 15:11:57     All S-Parameters         :	0.000180485
2026-08-10 15:11:57   

                      ------------------------------------------------------------------------------
2026-08-10 15:11:57   Mesh adaptation terminated because the desired accuracy limit is reached.

                      ------------------------------------------------------------------------------
2026-08-10 15:11:57     Total time               :	59 s

                      ------------------------------------------------------------------------------
2026-08-10 15:11:57   

                      ------------------------------------------------------------------------------
2026-08-10 15:11:57     Calculation 24 (Frequency: 22.84 THz, Theta: 0, Phi: 0)


                      ------------------------------------------------------------------------------
2026-08-10 15:11:57   Running the PortModeSolver.

                      ------------------------------------------------------------------------------
2026-08-10 15:11:58   Adaptive mesh refinement pass 1

                      ------------------------------------------------------------------------------
2026-08-10 15:12:12     Matrix setup time        :	1 s
                        Solver setup             :	4 s
                        Degrees of freedom       :	1608582
                        Number of mesh cells     :	244948

                        Stimulation port         :	Zmin
                        Mode number              :	1
                        Accuracy                 :	7.48155e-05
                        Iterations               :	10
                        Solver time              :	7 s


                      ------------------------------------------------------------------------------
2026-08-10 15:12:18   Adaptive mesh refinement pass 2

                      ------------------------------------------------------------------------------
2026-08-10 15:12:34     Matrix setup time        :	3 s
                        Solver setup             :	5 s
                        Degrees of freedom       :	1642610
                        Number of mesh cells     :	250169

                        Stimulation port         :	Zmin
                        Mode number              :	1
                        Accuracy                 :	9.68109e-05
                        Iterations               :	9
                        Solver time              :	6 s


                      ------------------------------------------------------------------------------
2026-08-10 15:12:34     Delta calculation        
2026-08-10 15:12:34     All S-Parameters         :	0.000222063
2026-08-10 15:12:34   

                      ------------------------------------------------------------------------------
2026-08-10 15:12:40   Adaptive mesh refinement pass 3

                      ------------------------------------------------------------------------------
2026-08-10 15:12:58     Matrix setup time        :	3 s
                        Solver setup             :	6 s
                        Degrees of freedom       :	1676706
                        Number of mesh cells     :	255388

                        Stimulation port         :	Zmin
                        Mode number              :	1
                        Accuracy                 :	8.94386e-05
                        Iterations               :	9
                        Solver time              :	7 s


                      ------------------------------------------------------------------------------
2026-08-10 15:12:58     Delta calculation        
2026-08-10 15:12:58     All S-Parameters         :	9.02752e-05
2026-08-10 15:12:58   

                      ------------------------------------------------------------------------------
2026-08-10 15:12:58   Mesh adaptation terminated because the desired accuracy limit is reached.

                      ------------------------------------------------------------------------------
2026-08-10 15:12:58     Total time               :	61 s	 (= 0 h, 01 m, 01 s)

                      ------------------------------------------------------------------------------
2026-08-10 15:12:58   

                      ------------------------------------------------------------------------------
2026-08-10 15:12:58     Calculation 25 (Frequency: 30.28 THz, Theta: 0, Phi: 0)


                      ------------------------------------------------------------------------------
2026-08-10 15:12:58   Running the PortModeSolver.

                      ------------------------------------------------------------------------------
2026-08-10 15:13:00   Adaptive mesh refinement pass 1

                      ------------------------------------------------------------------------------
2026-08-10 15:13:15     Matrix setup time        :	1 s
                        Solver setup             :	5 s
                        Degrees of freedom       :	1676706
                        Number of mesh cells     :	255388

                        Stimulation port         :	Zmin
                        Mode number              :	1
                        Accuracy                 :	8.02528e-05
                        Iterations               :	10
                        Solver time              :	8 s


                      ------------------------------------------------------------------------------
2026-08-10 15:13:21   Adaptive mesh refinement pass 2

                      ------------------------------------------------------------------------------
2026-08-10 15:13:39     Matrix setup time        :	3 s
                        Solver setup             :	6 s
                        Degrees of freedom       :	1710144
                        Number of mesh cells     :	260562

                        Stimulation port         :	Zmin
                        Mode number              :	1
                        Accuracy                 :	6.73045e-05
                        Iterations               :	10
                        Solver time              :	8 s


                      ------------------------------------------------------------------------------
2026-08-10 15:13:40     Delta calculation        
2026-08-10 15:13:40     All S-Parameters         :	4.53635e-05
2026-08-10 15:13:40   

                      ------------------------------------------------------------------------------
2026-08-10 15:13:45   Adaptive mesh refinement pass 3

                      ------------------------------------------------------------------------------
2026-08-10 15:14:03     Matrix setup time        :	3 s
                        Solver setup             :	6 s
                        Degrees of freedom       :	1743358
                        Number of mesh cells     :	265697

                        Stimulation port         :	Zmin
                        Mode number              :	1
                        Accuracy                 :	7.12027e-05
                        Iterations               :	10
                        Solver time              :	8 s


                      ------------------------------------------------------------------------------
2026-08-10 15:14:04     Delta calculation        
2026-08-10 15:14:04     All S-Parameters         :	6.50026e-05
2026-08-10 15:14:04   

                      ------------------------------------------------------------------------------
2026-08-10 15:14:04   Mesh adaptation terminated because the desired accuracy limit is reached.

                      ------------------------------------------------------------------------------
2026-08-10 15:14:04     Total time               :	65 s	 (= 0 h, 01 m, 05 s)

                      ------------------------------------------------------------------------------
2026-08-10 15:14:04   

                      ------------------------------------------------------------------------------
2026-08-10 15:14:04     Calculation 26 (Frequency: 26.608 THz, Theta: 0, Phi: 0)


                      ------------------------------------------------------------------------------
2026-08-10 15:14:04   Running the PortModeSolver.

                      ------------------------------------------------------------------------------
2026-08-10 15:14:06   Adaptive mesh refinement pass 1

                      ------------------------------------------------------------------------------
2026-08-10 15:14:25     Matrix setup time        :	1 s
                        Solver setup             :	4 s
                        Degrees of freedom       :	1743358
                        Number of mesh cells     :	265697

                        Stimulation port         :	Zmin
                        Mode number              :	1
                        Accuracy                 :	5.86875e-05
                        Iterations               :	16
                        Solver time              :	12 s


                      ------------------------------------------------------------------------------
2026-08-10 15:14:30   Adaptive mesh refinement pass 2

                      ------------------------------------------------------------------------------
2026-08-10 15:14:54     Matrix setup time        :	3 s
                        Solver setup             :	7 s
                        Degrees of freedom       :	1777094
                        Number of mesh cells     :	270829

                        Stimulation port         :	Zmin
                        Mode number              :	1
                        Accuracy                 :	5.58253e-05
                        Iterations               :	15
                        Solver time              :	12 s


                      ------------------------------------------------------------------------------
2026-08-10 15:14:55     Delta calculation        
2026-08-10 15:14:55     All S-Parameters         :	7.18778e-05
2026-08-10 15:14:55   

                      ------------------------------------------------------------------------------
2026-08-10 15:15:00   Adaptive mesh refinement pass 3

                      ------------------------------------------------------------------------------
2026-08-10 15:15:25     Matrix setup time        :	3 s
                        Solver setup             :	7 s
                        Degrees of freedom       :	1810250
                        Number of mesh cells     :	275936

                        Stimulation port         :	Zmin
                        Mode number              :	1
                        Accuracy                 :	6.79248e-05
                        Iterations               :	15
                        Solver time              :	13 s


                      ------------------------------------------------------------------------------
2026-08-10 15:15:26     Delta calculation        
2026-08-10 15:15:26     All S-Parameters         :	8.67098e-05
2026-08-10 15:15:26   

                      ------------------------------------------------------------------------------
2026-08-10 15:15:26   Mesh adaptation terminated because the desired accuracy limit is reached.

                      ------------------------------------------------------------------------------
2026-08-10 15:15:26     Total time               :	81 s	 (= 0 h, 01 m, 21 s)

                      ------------------------------------------------------------------------------
2026-08-10 15:15:26   

                      ------------------------------------------------------------------------------
2026-08-10 15:15:26     Calculation 27 (Frequency: 13.096 THz, Theta: 0, Phi: 0)


                      ------------------------------------------------------------------------------
2026-08-10 15:15:26   Running the PortModeSolver.

                      ------------------------------------------------------------------------------
2026-08-10 15:15:27   Adaptive mesh refinement pass 1

                      ------------------------------------------------------------------------------
2026-08-10 15:15:43     Matrix setup time        :	1 s
                        Solver setup             :	5 s
                        Degrees of freedom       :	1810250
                        Number of mesh cells     :	275936

                        Stimulation port         :	Zmin
                        Mode number              :	1
                        Accuracy                 :	7.50527e-05
                        Iterations               :	8
                        Solver time              :	7 s


                      ------------------------------------------------------------------------------
2026-08-10 15:15:48   Adaptive mesh refinement pass 2

                      ------------------------------------------------------------------------------
2026-08-10 15:16:08     Matrix setup time        :	3 s
                        Solver setup             :	8 s
                        Degrees of freedom       :	1844360
                        Number of mesh cells     :	281157

                        Stimulation port         :	Zmin
                        Mode number              :	1
                        Accuracy                 :	7.52616e-05
                        Iterations               :	8
                        Solver time              :	7 s


                      ------------------------------------------------------------------------------
2026-08-10 15:16:09     Delta calculation        
2026-08-10 15:16:09     All S-Parameters         :	0.000717934
2026-08-10 15:16:09   

                      ------------------------------------------------------------------------------
2026-08-10 15:16:15   Adaptive mesh refinement pass 3

                      ------------------------------------------------------------------------------
2026-08-10 15:16:34     Matrix setup time        :	3 s
                        Solver setup             :	8 s
                        Degrees of freedom       :	1878160
                        Number of mesh cells     :	286340

                        Stimulation port         :	Zmin
                        Mode number              :	1
                        Accuracy                 :	7.73455e-05
                        Iterations               :	8
                        Solver time              :	7 s


                      ------------------------------------------------------------------------------
2026-08-10 15:16:35     Delta calculation        
2026-08-10 15:16:35     All S-Parameters         :	0.000472816
2026-08-10 15:16:35   

                      ------------------------------------------------------------------------------
2026-08-10 15:16:35   Mesh adaptation terminated because the desired accuracy limit is reached.

                      ------------------------------------------------------------------------------
2026-08-10 15:16:35     Total time               :	69 s	 (= 0 h, 01 m, 09 s)

                      ------------------------------------------------------------------------------
2026-08-10 15:16:35   

                      ------------------------------------------------------------------------------
2026-08-10 15:16:35     Calculation 28 (Frequency: 15.352 THz, Theta: 0, Phi: 0)


                      ------------------------------------------------------------------------------
2026-08-10 15:16:35   Running the PortModeSolver.

                      ------------------------------------------------------------------------------
2026-08-10 15:16:37   Adaptive mesh refinement pass 1

                      ------------------------------------------------------------------------------
2026-08-10 15:16:53     Matrix setup time        :	1 s
                        Solver setup             :	6 s
                        Degrees of freedom       :	1878160
                        Number of mesh cells     :	286340

                        Stimulation port         :	Zmin
                        Mode number              :	1
                        Accuracy                 :	9.88816e-05
                        Iterations               :	9
                        Solver time              :	8 s


                      ------------------------------------------------------------------------------
2026-08-10 15:16:59   Adaptive mesh refinement pass 2

                      ------------------------------------------------------------------------------
2026-08-10 15:17:21     Matrix setup time        :	3 s
                        Solver setup             :	7 s
                        Degrees of freedom       :	1912118
                        Number of mesh cells     :	291521

                        Stimulation port         :	Zmin
                        Mode number              :	1
                        Accuracy                 :	4.64271e-05
                        Iterations               :	10
                        Solver time              :	9 s


                      ------------------------------------------------------------------------------
2026-08-10 15:17:21     Delta calculation        
2026-08-10 15:17:21     All S-Parameters         :	0.000868888
2026-08-10 15:17:21   

                      ------------------------------------------------------------------------------
2026-08-10 15:17:27   Adaptive mesh refinement pass 3

                      ------------------------------------------------------------------------------
2026-08-10 15:17:49     Matrix setup time        :	4 s
                        Solver setup             :	8 s
                        Degrees of freedom       :	1946036
                        Number of mesh cells     :	296714

                        Stimulation port         :	Zmin
                        Mode number              :	1
                        Accuracy                 :	4.83524e-05
                        Iterations               :	10
                        Solver time              :	9 s


                      ------------------------------------------------------------------------------
2026-08-10 15:17:50     Delta calculation        
2026-08-10 15:17:50     All S-Parameters         :	0.000383094
2026-08-10 15:17:50   

                      ------------------------------------------------------------------------------
2026-08-10 15:17:50   Mesh adaptation terminated because the desired accuracy limit is reached.

                      ------------------------------------------------------------------------------
2026-08-10 15:17:50     Total time               :	74 s	 (= 0 h, 01 m, 14 s)

                      ------------------------------------------------------------------------------
2026-08-10 15:17:50   

                      ------------------------------------------------------------------------------
2026-08-10 15:17:50     Calculation 29 (Frequency: 12.496 THz, Theta: 0, Phi: 0)


                      ------------------------------------------------------------------------------
2026-08-10 15:17:50   Running the PortModeSolver.

                      ------------------------------------------------------------------------------
2026-08-10 15:17:51   Adaptive mesh refinement pass 1

                      ------------------------------------------------------------------------------
2026-08-10 15:18:08     Matrix setup time        :	1 s
                        Solver setup             :	5 s
                        Degrees of freedom       :	1946036
                        Number of mesh cells     :	296714

                        Stimulation port         :	Zmin
                        Mode number              :	1
                        Accuracy                 :	9.27617e-05
                        Iterations               :	9
                        Solver time              :	8 s


                      ------------------------------------------------------------------------------
2026-08-10 15:18:15   Adaptive mesh refinement pass 2

                      ------------------------------------------------------------------------------
2026-08-10 15:18:36     Matrix setup time        :	4 s
                        Solver setup             :	8 s
                        Degrees of freedom       :	1979860
                        Number of mesh cells     :	301902

                        Stimulation port         :	Zmin
                        Mode number              :	1
                        Accuracy                 :	4.11663e-05
                        Iterations               :	9
                        Solver time              :	8 s


                      ------------------------------------------------------------------------------
2026-08-10 15:18:36     Delta calculation        
2026-08-10 15:18:36     All S-Parameters         :	0.000296756
2026-08-10 15:18:36   

                      ------------------------------------------------------------------------------
2026-08-10 15:18:42   Adaptive mesh refinement pass 3

                      ------------------------------------------------------------------------------
2026-08-10 15:19:03     Matrix setup time        :	4 s
                        Solver setup             :	8 s
                        Degrees of freedom       :	2013880
                        Number of mesh cells     :	307090

                        Stimulation port         :	Zmin
                        Mode number              :	1
                        Accuracy                 :	8.95865e-05
                        Iterations               :	8
                        Solver time              :	7 s


                      ------------------------------------------------------------------------------
2026-08-10 15:19:04     Delta calculation        
2026-08-10 15:19:04     All S-Parameters         :	0.000171819
2026-08-10 15:19:04   

                      ------------------------------------------------------------------------------
2026-08-10 15:19:04   Mesh adaptation terminated because the desired accuracy limit is reached.

                      ------------------------------------------------------------------------------
2026-08-10 15:19:04     Total time               :	73 s	 (= 0 h, 01 m, 13 s)

                      ------------------------------------------------------------------------------
2026-08-10 15:19:04   

                      ------------------------------------------------------------------------------
2026-08-10 15:19:04     Calculation 30 (Frequency: 13.816 THz, Theta: 0, Phi: 0)


                      ------------------------------------------------------------------------------
2026-08-10 15:19:04   Running the PortModeSolver.

                      ------------------------------------------------------------------------------
2026-08-10 15:19:05   Adaptive mesh refinement pass 1

                      ------------------------------------------------------------------------------
2026-08-10 15:19:21     Matrix setup time        :	1 s
                        Solver setup             :	6 s
                        Degrees of freedom       :	2013880
                        Number of mesh cells     :	307090

                        Stimulation port         :	Zmin
                        Mode number              :	1
                        Accuracy                 :	8.97158e-05
                        Iterations               :	8
                        Solver time              :	7 s


                      ------------------------------------------------------------------------------
2026-08-10 15:19:28   Adaptive mesh refinement pass 2

                      ------------------------------------------------------------------------------
2026-08-10 15:19:49     Matrix setup time        :	4 s
                        Solver setup             :	8 s
                        Degrees of freedom       :	2048392
                        Number of mesh cells     :	312326

                        Stimulation port         :	Zmin
                        Mode number              :	1
                        Accuracy                 :	8.57538e-05
                        Iterations               :	8
                        Solver time              :	7 s


                      ------------------------------------------------------------------------------
2026-08-10 15:19:50     Delta calculation        
2026-08-10 15:19:50     All S-Parameters         :	6.71562e-05
2026-08-10 15:19:50   

                      ------------------------------------------------------------------------------
2026-08-10 15:19:56   Adaptive mesh refinement pass 3

                      ------------------------------------------------------------------------------
2026-08-10 15:20:18     Matrix setup time        :	4 s
                        Solver setup             :	9 s
                        Degrees of freedom       :	2082510
                        Number of mesh cells     :	317528

                        Stimulation port         :	Zmin
                        Mode number              :	1
                        Accuracy                 :	8.01871e-05
                        Iterations               :	8
                        Solver time              :	8 s


                      ------------------------------------------------------------------------------
2026-08-10 15:20:19     Delta calculation        
2026-08-10 15:20:19     All S-Parameters         :	0.000119867
2026-08-10 15:20:19   

                      ------------------------------------------------------------------------------
2026-08-10 15:20:19   Mesh adaptation terminated because the desired accuracy limit is reached.

                      ------------------------------------------------------------------------------
2026-08-10 15:20:19     Total time               :	75 s	 (= 0 h, 01 m, 15 s)

                      ------------------------------------------------------------------------------
2026-08-10 15:20:19   

                      ------------------------------------------------------------------------------
2026-08-10 15:20:19     Calculation 31 (Frequency: 28.432 THz, Theta: 0, Phi: 0)


                      ------------------------------------------------------------------------------
2026-08-10 15:20:19   Running the PortModeSolver.

                      ------------------------------------------------------------------------------
2026-08-10 15:20:21   Adaptive mesh refinement pass 1

                      ------------------------------------------------------------------------------
2026-08-10 15:20:39     Matrix setup time        :	2 s
                        Solver setup             :	7 s
                        Degrees of freedom       :	2082510
                        Number of mesh cells     :	317528

                        Stimulation port         :	Zmin
                        Mode number              :	1
                        Accuracy                 :	9.65443e-05
                        Iterations               :	9
                        Solver time              :	9 s


                      ------------------------------------------------------------------------------
2026-08-10 15:20:46   Adaptive mesh refinement pass 2

                      ------------------------------------------------------------------------------
2026-08-10 15:21:10     Matrix setup time        :	4 s
                        Solver setup             :	9 s
                        Degrees of freedom       :	2115948
                        Number of mesh cells     :	322659

                        Stimulation port         :	Zmin
                        Mode number              :	1
                        Accuracy                 :	9.30173e-05
                        Iterations               :	9
                        Solver time              :	9 s


                      ------------------------------------------------------------------------------
2026-08-10 15:21:11     Delta calculation        
2026-08-10 15:21:11     All S-Parameters         :	2.84047e-05
2026-08-10 15:21:11   

                      ------------------------------------------------------------------------------
2026-08-10 15:21:18   Adaptive mesh refinement pass 3

                      ------------------------------------------------------------------------------
2026-08-10 15:21:42     Matrix setup time        :	4 s
                        Solver setup             :	9 s
                        Degrees of freedom       :	2149134
                        Number of mesh cells     :	327793

                        Stimulation port         :	Zmin
                        Mode number              :	1
                        Accuracy                 :	9.24331e-05
                        Iterations               :	9
                        Solver time              :	9 s


                      ------------------------------------------------------------------------------
2026-08-10 15:21:43     Delta calculation        
2026-08-10 15:21:43     All S-Parameters         :	4.15213e-05
2026-08-10 15:21:43   

                      ------------------------------------------------------------------------------
2026-08-10 15:21:43   Mesh adaptation terminated because the desired accuracy limit is reached.

                      ------------------------------------------------------------------------------
2026-08-10 15:21:43     Total time               :	83 s	 (= 0 h, 01 m, 23 s)

                      ------------------------------------------------------------------------------
2026-08-10 15:21:43   

                      ------------------------------------------------------------------------------
2026-08-10 15:21:43     Calculation 32 (Frequency: 27.136 THz, Theta: 0, Phi: 0)


                      ------------------------------------------------------------------------------
2026-08-10 15:21:43   Running the PortModeSolver.

                      ------------------------------------------------------------------------------
2026-08-10 15:21:44   Adaptive mesh refinement pass 1

                      ------------------------------------------------------------------------------
2026-08-10 15:22:05     Matrix setup time        :	2 s
                        Solver setup             :	7 s
                        Degrees of freedom       :	2149134
                        Number of mesh cells     :	327793

                        Stimulation port         :	Zmin
                        Mode number              :	1
                        Accuracy                 :	8.26675e-05
                        Iterations               :	10
                        Solver time              :	11 s


                      ------------------------------------------------------------------------------
2026-08-10 15:22:13   Adaptive mesh refinement pass 2

                      ------------------------------------------------------------------------------
2026-08-10 15:22:37     Matrix setup time        :	4 s
                        Solver setup             :	9 s
                        Degrees of freedom       :	2181950
                        Number of mesh cells     :	332894

                        Stimulation port         :	Zmin
                        Mode number              :	1
                        Accuracy                 :	7.39093e-05
                        Iterations               :	10
                        Solver time              :	10 s


                      ------------------------------------------------------------------------------
2026-08-10 15:22:38     Delta calculation        
2026-08-10 15:22:38     All S-Parameters         :	2.63742e-05
2026-08-10 15:22:38   

                      ------------------------------------------------------------------------------
2026-08-10 15:22:45   Adaptive mesh refinement pass 3

                      ------------------------------------------------------------------------------
2026-08-10 15:23:11     Matrix setup time        :	4 s
                        Solver setup             :	10 s
                        Degrees of freedom       :	2215206
                        Number of mesh cells     :	338039

                        Stimulation port         :	Zmin
                        Mode number              :	1
                        Accuracy                 :	6.79159e-05
                        Iterations               :	10
                        Solver time              :	10 s


                      ------------------------------------------------------------------------------
2026-08-10 15:23:12     Delta calculation        
2026-08-10 15:23:12     All S-Parameters         :	5.22393e-05
2026-08-10 15:23:12   

                      ------------------------------------------------------------------------------
2026-08-10 15:23:12   Mesh adaptation terminated because the desired accuracy limit is reached.

                      ------------------------------------------------------------------------------
2026-08-10 15:23:12     Total time               :	88 s	 (= 0 h, 01 m, 28 s)

                      ------------------------------------------------------------------------------
2026-08-10 15:23:12   

                      ------------------------------------------------------------------------------
2026-08-10 15:23:12     Calculation 33 (Frequency: 33.568 THz, Theta: 0, Phi: 0)


                      ------------------------------------------------------------------------------
2026-08-10 15:23:12   Running the PortModeSolver.

                      ------------------------------------------------------------------------------
2026-08-10 15:23:14   Adaptive mesh refinement pass 1

                      ------------------------------------------------------------------------------
2026-08-10 15:23:35     Matrix setup time        :	2 s
                        Solver setup             :	8 s
                        Degrees of freedom       :	2215206
                        Number of mesh cells     :	338039

                        Stimulation port         :	Zmin
                        Mode number              :	1
                        Accuracy                 :	6.20643e-05
                        Iterations               :	10
                        Solver time              :	10 s


                      ------------------------------------------------------------------------------
2026-08-10 15:23:42   Adaptive mesh refinement pass 2

                      ------------------------------------------------------------------------------
2026-08-10 15:24:09     Matrix setup time        :	4 s
                        Solver setup             :	10 s
                        Degrees of freedom       :	2247976
                        Number of mesh cells     :	343138

                        Stimulation port         :	Zmin
                        Mode number              :	1
                        Accuracy                 :	6.07097e-05
                        Iterations               :	10
                        Solver time              :	11 s


                      ------------------------------------------------------------------------------
2026-08-10 15:24:10     Delta calculation        
2026-08-10 15:24:10     All S-Parameters         :	4.47693e-05
2026-08-10 15:24:10   

                      ------------------------------------------------------------------------------
2026-08-10 15:24:17   Adaptive mesh refinement pass 3

                      ------------------------------------------------------------------------------
2026-08-10 15:24:45     Matrix setup time        :	4 s
                        Solver setup             :	11 s
                        Degrees of freedom       :	2281408
                        Number of mesh cells     :	348288

                        Stimulation port         :	Zmin
                        Mode number              :	1
                        Accuracy                 :	5.76972e-05
                        Iterations               :	10
                        Solver time              :	11 s


                      ------------------------------------------------------------------------------
2026-08-10 15:24:45     Delta calculation        
2026-08-10 15:24:45     All S-Parameters         :	5.62064e-05
2026-08-10 15:24:45   

                      ------------------------------------------------------------------------------
2026-08-10 15:24:45   Mesh adaptation terminated because the desired accuracy limit is reached.

                      ------------------------------------------------------------------------------
2026-08-10 15:24:46     Total time               :	93 s	 (= 0 h, 01 m, 33 s)

                      ------------------------------------------------------------------------------
2026-08-10 15:24:46   

                      ------------------------------------------------------------------------------
2026-08-10 15:24:46     Calculation 34 (Frequency: 14.656 THz, Theta: 0, Phi: 0)


                      ------------------------------------------------------------------------------
2026-08-10 15:24:46   Running the PortModeSolver.

                      ------------------------------------------------------------------------------
2026-08-10 15:24:47   Adaptive mesh refinement pass 1

                      ------------------------------------------------------------------------------
2026-08-10 15:25:10     Matrix setup time        :	2 s
                        Solver setup             :	8 s
                        Degrees of freedom       :	2281408
                        Number of mesh cells     :	348288

                        Stimulation port         :	Zmin
                        Mode number              :	1
                        Accuracy                 :	6.47239e-05
                        Iterations               :	11
                        Solver time              :	12 s


                      ------------------------------------------------------------------------------
2026-08-10 15:25:11   The input reflection seems to be large at 14.656 THz, Theta: 0, Phi: 0.  More...

                      ------------------------------------------------------------------------------
2026-08-10 15:25:18   Adaptive mesh refinement pass 2

                      ------------------------------------------------------------------------------
2026-08-10 15:25:47     Matrix setup time        :	4 s
                        Solver setup             :	10 s
                        Degrees of freedom       :	2315460
                        Number of mesh cells     :	353472

                        Stimulation port         :	Zmin
                        Mode number              :	1
                        Accuracy                 :	5.90343e-05
                        Iterations               :	11
                        Solver time              :	12 s


                      ------------------------------------------------------------------------------
2026-08-10 15:25:47     Delta calculation        
2026-08-10 15:25:47     All S-Parameters         :	0.000194232
2026-08-10 15:25:47   

                      ------------------------------------------------------------------------------
2026-08-10 15:25:55   Adaptive mesh refinement pass 3

                      ------------------------------------------------------------------------------
2026-08-10 15:26:22     Matrix setup time        :	5 s
                        Solver setup             :	10 s
                        Degrees of freedom       :	2349806
                        Number of mesh cells     :	358692

                        Stimulation port         :	Zmin
                        Mode number              :	1
                        Accuracy                 :	9.60812e-05
                        Iterations               :	10
                        Solver time              :	11 s


                      ------------------------------------------------------------------------------
2026-08-10 15:26:23     Delta calculation        
2026-08-10 15:26:23     All S-Parameters         :	0.000212125
2026-08-10 15:26:23   

                      ------------------------------------------------------------------------------
2026-08-10 15:26:23   Mesh adaptation terminated because the desired accuracy limit is reached.

                      ------------------------------------------------------------------------------
2026-08-10 15:26:23     Total time               :	97 s	 (= 0 h, 01 m, 37 s)

                      ------------------------------------------------------------------------------
2026-08-10 15:26:23   

                      ------------------------------------------------------------------------------
2026-08-10 15:26:23     Calculation 35 (Frequency: 26.512 THz, Theta: 0, Phi: 0)


                      ------------------------------------------------------------------------------
2026-08-10 15:26:23   Running the PortModeSolver.

                      ------------------------------------------------------------------------------
2026-08-10 15:26:24   Adaptive mesh refinement pass 1

                      ------------------------------------------------------------------------------
2026-08-10 15:26:56     Matrix setup time        :	2 s
                        Solver setup             :	7 s
                        Degrees of freedom       :	2349806
                        Number of mesh cells     :	358692

                        Stimulation port         :	Zmin
                        Mode number              :	1
                        Accuracy                 :	5.42771e-05
                        Iterations               :	19
                        Solver time              :	21 s


                      ------------------------------------------------------------------------------
2026-08-10 15:27:04   Adaptive mesh refinement pass 2

                      ------------------------------------------------------------------------------
2026-08-10 15:27:41     Matrix setup time        :	4 s
                        Solver setup             :	11 s
                        Degrees of freedom       :	2383494
                        Number of mesh cells     :	363829

                        Stimulation port         :	Zmin
                        Mode number              :	1
                        Accuracy                 :	8.66921e-05
                        Iterations               :	18
                        Solver time              :	21 s


                      ------------------------------------------------------------------------------
2026-08-10 15:27:42     Delta calculation        
2026-08-10 15:27:42     All S-Parameters         :	7.32851e-05
2026-08-10 15:27:42   

                      ------------------------------------------------------------------------------
2026-08-10 15:27:49   Adaptive mesh refinement pass 3

                      ------------------------------------------------------------------------------
2026-08-10 15:28:28     Matrix setup time        :	5 s
                        Solver setup             :	11 s
                        Degrees of freedom       :	2416678
                        Number of mesh cells     :	368944

                        Stimulation port         :	Zmin
                        Mode number              :	1
                        Accuracy                 :	6.56295e-05
                        Iterations               :	18
                        Solver time              :	21 s


                      ------------------------------------------------------------------------------
2026-08-10 15:28:28     Delta calculation        
2026-08-10 15:28:28     All S-Parameters         :	5.15564e-05
2026-08-10 15:28:28   

                      ------------------------------------------------------------------------------
2026-08-10 15:28:28   Mesh adaptation terminated because the desired accuracy limit is reached.

                      ------------------------------------------------------------------------------
2026-08-10 15:28:29     Total time               :	125 s	 (= 0 h, 02 m, 05 s)

                      ------------------------------------------------------------------------------
2026-08-10 15:28:29   

                      ------------------------------------------------------------------------------
2026-08-10 15:28:29     Calculation 36 (Frequency: 24.208 THz, Theta: 0, Phi: 0)


                      ------------------------------------------------------------------------------
2026-08-10 15:28:29   Running the PortModeSolver.

                      ------------------------------------------------------------------------------
2026-08-10 15:28:30   Adaptive mesh refinement pass 1

                      ------------------------------------------------------------------------------
2026-08-10 15:28:54     Matrix setup time        :	2 s
                        Solver setup             :	9 s
                        Degrees of freedom       :	2416678
                        Number of mesh cells     :	368944

                        Stimulation port         :	Zmin
                        Mode number              :	1
                        Accuracy                 :	6.53815e-05
                        Iterations               :	10
                        Solver time              :	12 s


                      ------------------------------------------------------------------------------
2026-08-10 15:29:02   Adaptive mesh refinement pass 2

                      ------------------------------------------------------------------------------
2026-08-10 15:29:33     Matrix setup time        :	5 s
                        Solver setup             :	12 s
                        Degrees of freedom       :	2450130
                        Number of mesh cells     :	374084

                        Stimulation port         :	Zmin
                        Mode number              :	1
                        Accuracy                 :	6.4381e-05
                        Iterations               :	10
                        Solver time              :	12 s


                      ------------------------------------------------------------------------------
2026-08-10 15:29:33     Delta calculation        
2026-08-10 15:29:33     All S-Parameters         :	5.03699e-05
2026-08-10 15:29:33   

                      ------------------------------------------------------------------------------
2026-08-10 15:29:41   Adaptive mesh refinement pass 3

                      ------------------------------------------------------------------------------
2026-08-10 15:30:11     Matrix setup time        :	5 s
                        Solver setup             :	11 s
                        Degrees of freedom       :	2484122
                        Number of mesh cells     :	379293

                        Stimulation port         :	Zmin
                        Mode number              :	1
                        Accuracy                 :	6.38754e-05
                        Iterations               :	10
                        Solver time              :	12 s


                      ------------------------------------------------------------------------------
2026-08-10 15:30:12     Delta calculation        
2026-08-10 15:30:12     All S-Parameters         :	8.83674e-05
2026-08-10 15:30:12   

                      ------------------------------------------------------------------------------
2026-08-10 15:30:12   Mesh adaptation terminated because the desired accuracy limit is reached.

                      ------------------------------------------------------------------------------
2026-08-10 15:30:12     Total time               :	103 s	 (= 0 h, 01 m, 43 s)

                      ------------------------------------------------------------------------------
2026-08-10 15:30:12   

                      ------------------------------------------------------------------------------
2026-08-10 15:30:12     Calculation 37 (Frequency: 32.032 THz, Theta: 0, Phi: 0)


                      ------------------------------------------------------------------------------
2026-08-10 15:30:12   Running the PortModeSolver.

                      ------------------------------------------------------------------------------
2026-08-10 15:30:14   Adaptive mesh refinement pass 1

                      ------------------------------------------------------------------------------
2026-08-10 15:30:37     Matrix setup time        :	2 s
                        Solver setup             :	9 s
                        Degrees of freedom       :	2484122
                        Number of mesh cells     :	379293

                        Stimulation port         :	Zmin
                        Mode number              :	1
                        Accuracy                 :	9.33116e-05
                        Iterations               :	9
                        Solver time              :	11 s


                      ------------------------------------------------------------------------------
2026-08-10 15:30:46   Adaptive mesh refinement pass 2

                      ------------------------------------------------------------------------------
2026-08-10 15:31:15     Matrix setup time        :	5 s
                        Solver setup             :	12 s
                        Degrees of freedom       :	2517280
                        Number of mesh cells     :	384400

                        Stimulation port         :	Zmin
                        Mode number              :	1
                        Accuracy                 :	9.38858e-05
                        Iterations               :	9
                        Solver time              :	12 s


                      ------------------------------------------------------------------------------
2026-08-10 15:31:16     Delta calculation        
2026-08-10 15:31:16     All S-Parameters         :	5.15041e-05
2026-08-10 15:31:16   

                      ------------------------------------------------------------------------------
2026-08-10 15:31:25   Adaptive mesh refinement pass 3

                      ------------------------------------------------------------------------------
2026-08-10 15:32:00     Matrix setup time        :	5 s
                        Solver setup             :	16 s
                        Degrees of freedom       :	2550888
                        Number of mesh cells     :	389572

                        Stimulation port         :	Zmin
                        Mode number              :	1
                        Accuracy                 :	9.61079e-05
                        Iterations               :	9
                        Solver time              :	13 s


                      ------------------------------------------------------------------------------
2026-08-10 15:32:01     Delta calculation        
2026-08-10 15:32:01     All S-Parameters         :	6.40271e-05
2026-08-10 15:32:01   

                      ------------------------------------------------------------------------------
2026-08-10 15:32:01   Mesh adaptation terminated because the desired accuracy limit is reached.

                      ------------------------------------------------------------------------------
2026-08-10 15:32:01     Total time               :	108 s	 (= 0 h, 01 m, 48 s)

                      ------------------------------------------------------------------------------
2026-08-10 15:32:01   

                      ------------------------------------------------------------------------------
2026-08-10 15:32:01     Calculation 38 (Frequency: 26.56 THz, Theta: 0, Phi: 0)


                      ------------------------------------------------------------------------------
2026-08-10 15:32:01   Running the PortModeSolver.

                      ------------------------------------------------------------------------------
2026-08-10 15:32:03   Adaptive mesh refinement pass 1

                      ------------------------------------------------------------------------------
2026-08-10 15:32:37     Matrix setup time        :	2 s
                        Solver setup             :	12 s
                        Degrees of freedom       :	2550888
                        Number of mesh cells     :	389572

                        Stimulation port         :	Zmin
                        Mode number              :	1
                        Accuracy                 :	7.87019e-05
                        Iterations               :	14
                        Solver time              :	18 s


                      ------------------------------------------------------------------------------
2026-08-10 15:32:46   Adaptive mesh refinement pass 2

                      ------------------------------------------------------------------------------
2026-08-10 15:33:23     Matrix setup time        :	5 s
                        Solver setup             :	13 s
                        Degrees of freedom       :	2584016
                        Number of mesh cells     :	394663

                        Stimulation port         :	Zmin
                        Mode number              :	1
                        Accuracy                 :	7.87059e-05
                        Iterations               :	14
                        Solver time              :	17 s


                      ------------------------------------------------------------------------------
2026-08-10 15:33:24     Delta calculation        
2026-08-10 15:33:24     All S-Parameters         :	7.44325e-05
2026-08-10 15:33:24   

                      ------------------------------------------------------------------------------
2026-08-10 15:33:32   Adaptive mesh refinement pass 3

                      ------------------------------------------------------------------------------
2026-08-10 15:34:08     Matrix setup time        :	5 s
                        Solver setup             :	13 s
                        Degrees of freedom       :	2617546
                        Number of mesh cells     :	399816

                        Stimulation port         :	Zmin
                        Mode number              :	1
                        Accuracy                 :	7.71757e-05
                        Iterations               :	14
                        Solver time              :	17 s


                      ------------------------------------------------------------------------------
2026-08-10 15:34:09     Delta calculation        
2026-08-10 15:34:09     All S-Parameters         :	8.94109e-05
2026-08-10 15:34:09   

                      ------------------------------------------------------------------------------
2026-08-10 15:34:09   Mesh adaptation terminated because the desired accuracy limit is reached.

                      ------------------------------------------------------------------------------
2026-08-10 15:34:09     Total time               :	127 s	 (= 0 h, 02 m, 07 s)

                      ------------------------------------------------------------------------------
2026-08-10 15:34:09   

                      ------------------------------------------------------------------------------
2026-08-10 15:34:09     Calculation 39 (Frequency: 26.488 THz, Theta: 0, Phi: 0)


                      ------------------------------------------------------------------------------
2026-08-10 15:34:09   Running the PortModeSolver.

                      ------------------------------------------------------------------------------
2026-08-10 15:34:11   Adaptive mesh refinement pass 1

                      ------------------------------------------------------------------------------
2026-08-10 15:34:40     Matrix setup time        :	2 s
                        Solver setup             :	10 s
                        Degrees of freedom       :	2617546
                        Number of mesh cells     :	399816

                        Stimulation port         :	Zmin
                        Mode number              :	1
                        Accuracy                 :	9.39879e-05
                        Iterations               :	13
                        Solver time              :	16 s


                      ------------------------------------------------------------------------------
2026-08-10 15:34:49   Adaptive mesh refinement pass 2

                      ------------------------------------------------------------------------------
2026-08-10 15:35:27     Matrix setup time        :	5 s
                        Solver setup             :	13 s
                        Degrees of freedom       :	2651490
                        Number of mesh cells     :	405007

                        Stimulation port         :	Zmin
                        Mode number              :	1
                        Accuracy                 :	5.30908e-05
                        Iterations               :	15
                        Solver time              :	18 s


                      ------------------------------------------------------------------------------
2026-08-10 15:35:28     Delta calculation        
2026-08-10 15:35:28     All S-Parameters         :	0.00019254
2026-08-10 15:35:28   

                      ------------------------------------------------------------------------------
2026-08-10 15:35:37   Adaptive mesh refinement pass 3

                      ------------------------------------------------------------------------------
2026-08-10 15:36:14     Matrix setup time        :	5 s
                        Solver setup             :	13 s
                        Degrees of freedom       :	2684920
                        Number of mesh cells     :	410143

                        Stimulation port         :	Zmin
                        Mode number              :	1
                        Accuracy                 :	9.35293e-05
                        Iterations               :	14
                        Solver time              :	18 s


                      ------------------------------------------------------------------------------
2026-08-10 15:36:15     Delta calculation        
2026-08-10 15:36:15     All S-Parameters         :	9.61245e-05
2026-08-10 15:36:15   

                      ------------------------------------------------------------------------------
2026-08-10 15:36:15   Mesh adaptation terminated because the desired accuracy limit is reached.

                      ------------------------------------------------------------------------------
2026-08-10 15:36:15     Total time               :	125 s	 (= 0 h, 02 m, 05 s)

                      ------------------------------------------------------------------------------
2026-08-10 15:36:15   

                      ------------------------------------------------------------------------------
2026-08-10 15:36:15     Calculation 40 (Frequency: 33.976 THz, Theta: 0, Phi: 0)


                      ------------------------------------------------------------------------------
2026-08-10 15:36:15   Running the PortModeSolver.

                      ------------------------------------------------------------------------------
2026-08-10 15:36:16   Adaptive mesh refinement pass 1

                      ------------------------------------------------------------------------------
2026-08-10 15:36:41     Matrix setup time        :	2 s
                        Solver setup             :	10 s
                        Degrees of freedom       :	2684920
                        Number of mesh cells     :	410143

                        Stimulation port         :	Zmin
                        Mode number              :	1
                        Accuracy                 :	8.59344e-05
                        Iterations               :	9
                        Solver time              :	12 s


                      ------------------------------------------------------------------------------
2026-08-10 15:36:50   Adaptive mesh refinement pass 2

                      ------------------------------------------------------------------------------
2026-08-10 15:37:24     Matrix setup time        :	5 s
                        Solver setup             :	15 s
                        Degrees of freedom       :	2717780
                        Number of mesh cells     :	415256

                        Stimulation port         :	Zmin
                        Mode number              :	1
                        Accuracy                 :	8.12856e-05
                        Iterations               :	9
                        Solver time              :	12 s


                      ------------------------------------------------------------------------------
2026-08-10 15:37:25     Delta calculation        
2026-08-10 15:37:25     All S-Parameters         :	3.15628e-05
2026-08-10 15:37:25   

                      ------------------------------------------------------------------------------
2026-08-10 15:37:34   Adaptive mesh refinement pass 3

                      ------------------------------------------------------------------------------
2026-08-10 15:38:06     Matrix setup time        :	5 s
                        Solver setup             :	13 s
                        Degrees of freedom       :	2751024
                        Number of mesh cells     :	420385

                        Stimulation port         :	Zmin
                        Mode number              :	1
                        Accuracy                 :	8.37575e-05
                        Iterations               :	9
                        Solver time              :	12 s


                      ------------------------------------------------------------------------------
2026-08-10 15:38:07     Delta calculation        
2026-08-10 15:38:07     All S-Parameters         :	6.20769e-05
2026-08-10 15:38:07   

                      ------------------------------------------------------------------------------
2026-08-10 15:38:07   Mesh adaptation terminated because the desired accuracy limit is reached.

                      ------------------------------------------------------------------------------
2026-08-10 15:38:07     Total time               :	111 s	 (= 0 h, 01 m, 51 s)

                      ------------------------------------------------------------------------------
2026-08-10 15:38:07   

                      ------------------------------------------------------------------------------
2026-08-10 15:38:07     Calculation 41 (Frequency: 31.792 THz, Theta: 0, Phi: 0)


                      ------------------------------------------------------------------------------
2026-08-10 15:38:07   Running the PortModeSolver.

                      ------------------------------------------------------------------------------
2026-08-10 15:38:08   Adaptive mesh refinement pass 1

                      ------------------------------------------------------------------------------
2026-08-10 15:38:36     Matrix setup time        :	2 s
                        Solver setup             :	10 s
                        Degrees of freedom       :	2751024
                        Number of mesh cells     :	420385

                        Stimulation port         :	Zmin
                        Mode number              :	1
                        Accuracy                 :	6.36336e-05
                        Iterations               :	10
                        Solver time              :	14 s


                      ------------------------------------------------------------------------------
2026-08-10 15:38:45   Adaptive mesh refinement pass 2

                      ------------------------------------------------------------------------------
2026-08-10 15:39:17     Matrix setup time        :	5 s
                        Solver setup             :	13 s
                        Degrees of freedom       :	2784162
                        Number of mesh cells     :	425506

                        Stimulation port         :	Zmin
                        Mode number              :	1
                        Accuracy                 :	8.09937e-05
                        Iterations               :	9
                        Solver time              :	12 s


                      ------------------------------------------------------------------------------
2026-08-10 15:39:18     Delta calculation        
2026-08-10 15:39:18     All S-Parameters         :	5.86049e-05
2026-08-10 15:39:18   

                      ------------------------------------------------------------------------------
2026-08-10 15:39:27   Adaptive mesh refinement pass 3

                      ------------------------------------------------------------------------------
2026-08-10 15:39:59     Matrix setup time        :	5 s
                        Solver setup             :	14 s
                        Degrees of freedom       :	2817282
                        Number of mesh cells     :	430617

                        Stimulation port         :	Zmin
                        Mode number              :	1
                        Accuracy                 :	7.56868e-05
                        Iterations               :	9
                        Solver time              :	12 s


                      ------------------------------------------------------------------------------
2026-08-10 15:40:00     Delta calculation        
2026-08-10 15:40:00     All S-Parameters         :	3.47653e-05
2026-08-10 15:40:00   

                      ------------------------------------------------------------------------------
2026-08-10 15:40:00   Mesh adaptation terminated because the desired accuracy limit is reached.

                      ------------------------------------------------------------------------------
2026-08-10 15:40:01     Total time               :	113 s	 (= 0 h, 01 m, 53 s)

                      ------------------------------------------------------------------------------
2026-08-10 15:40:01   

                      ------------------------------------------------------------------------------
2026-08-10 15:40:01     Calculation 42 (Frequency: 32.824 THz, Theta: 0, Phi: 0)


                      ------------------------------------------------------------------------------
2026-08-10 15:40:01   Running the PortModeSolver.

                      ------------------------------------------------------------------------------
2026-08-10 15:40:02   Adaptive mesh refinement pass 1

                      ------------------------------------------------------------------------------
2026-08-10 15:40:27     Matrix setup time        :	2 s
                        Solver setup             :	10 s
                        Degrees of freedom       :	2817282
                        Number of mesh cells     :	430617

                        Stimulation port         :	Zmin
                        Mode number              :	1
                        Accuracy                 :	7.15973e-05
                        Iterations               :	8
                        Solver time              :	11 s


                      ------------------------------------------------------------------------------
2026-08-10 15:40:37   Adaptive mesh refinement pass 2

                      ------------------------------------------------------------------------------
2026-08-10 15:41:10     Matrix setup time        :	5 s
                        Solver setup             :	13 s
                        Degrees of freedom       :	2850200
                        Number of mesh cells     :	435737

                        Stimulation port         :	Zmin
                        Mode number              :	1
                        Accuracy                 :	8.99171e-05
                        Iterations               :	9
                        Solver time              :	12 s


                      ------------------------------------------------------------------------------
2026-08-10 15:41:11     Delta calculation        
2026-08-10 15:41:11     All S-Parameters         :	4.81089e-05
2026-08-10 15:41:11   

                      ------------------------------------------------------------------------------
2026-08-10 15:41:20   Adaptive mesh refinement pass 3

                      ------------------------------------------------------------------------------
2026-08-10 15:41:54     Matrix setup time        :	6 s
                        Solver setup             :	14 s
                        Degrees of freedom       :	2883482
                        Number of mesh cells     :	440877

                        Stimulation port         :	Zmin
                        Mode number              :	1
                        Accuracy                 :	8.33117e-05
                        Iterations               :	9
                        Solver time              :	13 s


                      ------------------------------------------------------------------------------
2026-08-10 15:41:55     Delta calculation        
2026-08-10 15:41:55     All S-Parameters         :	3.28146e-05
2026-08-10 15:41:55   

                      ------------------------------------------------------------------------------
2026-08-10 15:41:55   Mesh adaptation terminated because the desired accuracy limit is reached.

                      ------------------------------------------------------------------------------
2026-08-10 15:41:55     Total time               :	114 s	 (= 0 h, 01 m, 54 s)

                      ------------------------------------------------------------------------------
2026-08-10 15:41:55   

                      ------------------------------------------------------------------------------
2026-08-10 15:41:55     Calculation 43 (Frequency: 18.76 THz, Theta: 0, Phi: 0)


                      ------------------------------------------------------------------------------
2026-08-10 15:41:55   Running the PortModeSolver.

                      ------------------------------------------------------------------------------
2026-08-10 15:41:57   Adaptive mesh refinement pass 1

                      ------------------------------------------------------------------------------
2026-08-10 15:42:25     Matrix setup time        :	2 s
                        Solver setup             :	11 s
                        Degrees of freedom       :	2883482
                        Number of mesh cells     :	440877

                        Stimulation port         :	Zmin
                        Mode number              :	1
                        Accuracy                 :	9.64896e-05
                        Iterations               :	10
                        Solver time              :	14 s


                      ------------------------------------------------------------------------------
2026-08-10 15:42:26   The input reflection seems to be large at 18.76 THz, Theta: 0, Phi: 0.  More...

                      ------------------------------------------------------------------------------
2026-08-10 15:42:35   Adaptive mesh refinement pass 2

                      ------------------------------------------------------------------------------
2026-08-10 15:43:11     Matrix setup time        :	6 s
                        Solver setup             :	14 s
                        Degrees of freedom       :	2917850
                        Number of mesh cells     :	446109

                        Stimulation port         :	Zmin
                        Mode number              :	1
                        Accuracy                 :	6.62471e-05
                        Iterations               :	11
                        Solver time              :	15 s


                      ------------------------------------------------------------------------------
2026-08-10 15:43:12     Delta calculation        
2026-08-10 15:43:12     All S-Parameters         :	0.000567715
2026-08-10 15:43:12   

                      ------------------------------------------------------------------------------
2026-08-10 15:43:21   Adaptive mesh refinement pass 3

                      ------------------------------------------------------------------------------
2026-08-10 15:44:00     Matrix setup time        :	6 s
                        Solver setup             :	17 s
                        Degrees of freedom       :	2952078
                        Number of mesh cells     :	451335

                        Stimulation port         :	Zmin
                        Mode number              :	1
                        Accuracy                 :	9.34677e-05
                        Iterations               :	10
                        Solver time              :	15 s


                      ------------------------------------------------------------------------------
2026-08-10 15:44:01     Delta calculation        
2026-08-10 15:44:01     All S-Parameters         :	0.000147934
2026-08-10 15:44:01   

                      ------------------------------------------------------------------------------
2026-08-10 15:44:01   Mesh adaptation terminated because the desired accuracy limit is reached.

                      ------------------------------------------------------------------------------
2026-08-10 15:44:01     Total time               :	125 s	 (= 0 h, 02 m, 05 s)

                      ------------------------------------------------------------------------------
2026-08-10 15:44:01   

                      ------------------------------------------------------------------------------
2026-08-10 15:44:01     Calculation 44 (Frequency: 10.744 THz, Theta: 0, Phi: 0)


                      ------------------------------------------------------------------------------
2026-08-10 15:44:01   Running the PortModeSolver.

                      ------------------------------------------------------------------------------
2026-08-10 15:44:02   Adaptive mesh refinement pass 1

                      ------------------------------------------------------------------------------
2026-08-10 15:44:30     Matrix setup time        :	2 s
                        Solver setup             :	14 s
                        Degrees of freedom       :	2952078
                        Number of mesh cells     :	451335

                        Stimulation port         :	Zmin
                        Mode number              :	1
                        Accuracy                 :	5.62162e-05
                        Iterations               :	7
                        Solver time              :	10 s


                      ------------------------------------------------------------------------------
2026-08-10 15:44:40   Adaptive mesh refinement pass 2

                      ------------------------------------------------------------------------------
2026-08-10 15:45:15     Matrix setup time        :	6 s
                        Solver setup             :	16 s
                        Degrees of freedom       :	2986026
                        Number of mesh cells     :	456533

                        Stimulation port         :	Zmin
                        Mode number              :	1
                        Accuracy                 :	5.53547e-05
                        Iterations               :	7
                        Solver time              :	11 s


                      ------------------------------------------------------------------------------
2026-08-10 15:45:16     Delta calculation        
2026-08-10 15:45:16     All S-Parameters         :	9.05222e-05
2026-08-10 15:45:16   

                      ------------------------------------------------------------------------------
2026-08-10 15:45:25   Adaptive mesh refinement pass 3

                      ------------------------------------------------------------------------------
2026-08-10 15:45:58     Matrix setup time        :	6 s
                        Solver setup             :	16 s
                        Degrees of freedom       :	3019820
                        Number of mesh cells     :	461688

                        Stimulation port         :	Zmin
                        Mode number              :	1
                        Accuracy                 :	5.51302e-05
                        Iterations               :	7
                        Solver time              :	11 s


                      ------------------------------------------------------------------------------
2026-08-10 15:45:59     Delta calculation        
2026-08-10 15:45:59     All S-Parameters         :	5.1595e-05
2026-08-10 15:45:59   

                      ------------------------------------------------------------------------------
2026-08-10 15:45:59   Mesh adaptation terminated because the desired accuracy limit is reached.

                      ------------------------------------------------------------------------------
2026-08-10 15:46:00     Total time               :	118 s	 (= 0 h, 01 m, 58 s)

                      ------------------------------------------------------------------------------
2026-08-10 15:46:00   

                      ------------------------------------------------------------------------------
2026-08-10 15:46:00     Calculation 45 (Frequency: 18.616 THz, Theta: 0, Phi: 0)


                      ------------------------------------------------------------------------------
2026-08-10 15:46:00   Running the PortModeSolver.

                      ------------------------------------------------------------------------------
2026-08-10 15:46:01   Adaptive mesh refinement pass 1

                      ------------------------------------------------------------------------------
2026-08-10 15:46:33     Matrix setup time        :	2 s
                        Solver setup             :	13 s
                        Degrees of freedom       :	3019820
                        Number of mesh cells     :	461688

                        Stimulation port         :	Zmin
                        Mode number              :	1
                        Accuracy                 :	9.69629e-05
                        Iterations               :	10
                        Solver time              :	16 s


                      ------------------------------------------------------------------------------
2026-08-10 15:46:34   The input reflection seems to be large at 18.616 THz, Theta: 0, Phi: 0.  More...

                      ------------------------------------------------------------------------------
2026-08-10 15:46:43   Adaptive mesh refinement pass 2

                      ------------------------------------------------------------------------------
2026-08-10 15:47:24     Matrix setup time        :	6 s
                        Solver setup             :	17 s
                        Degrees of freedom       :	3054268
                        Number of mesh cells     :	466946

                        Stimulation port         :	Zmin
                        Mode number              :	1
                        Accuracy                 :	4.39031e-05
                        Iterations               :	11
                        Solver time              :	17 s


                      ------------------------------------------------------------------------------
2026-08-10 15:47:25     Delta calculation        
2026-08-10 15:47:25     All S-Parameters         :	0.00048433
2026-08-10 15:47:25   

                      ------------------------------------------------------------------------------
2026-08-10 15:47:35   Adaptive mesh refinement pass 3

                      ------------------------------------------------------------------------------
2026-08-10 15:48:15     Matrix setup time        :	6 s
                        Solver setup             :	17 s
                        Degrees of freedom       :	3088706
                        Number of mesh cells     :	472195

                        Stimulation port         :	Zmin
                        Mode number              :	1
                        Accuracy                 :	9.84042e-05
                        Iterations               :	10
                        Solver time              :	15 s


                      ------------------------------------------------------------------------------
2026-08-10 15:48:16     Delta calculation        
2026-08-10 15:48:16     All S-Parameters         :	7.4179e-05
2026-08-10 15:48:16   

                      ------------------------------------------------------------------------------
2026-08-10 15:48:16   Mesh adaptation terminated because the desired accuracy limit is reached.

                      ------------------------------------------------------------------------------
2026-08-10 15:48:16     Total time               :	136 s	 (= 0 h, 02 m, 16 s)

                      ------------------------------------------------------------------------------
2026-08-10 15:48:16   

                      ------------------------------------------------------------------------------
2026-08-10 15:48:16     Calculation 46 (Frequency: 28.624 THz, Theta: 0, Phi: 0)


                      ------------------------------------------------------------------------------
2026-08-10 15:48:16   Running the PortModeSolver.

                      ------------------------------------------------------------------------------
2026-08-10 15:48:18   Adaptive mesh refinement pass 1

                      ------------------------------------------------------------------------------
2026-08-10 15:48:48     Matrix setup time        :	2 s
                        Solver setup             :	14 s
                        Degrees of freedom       :	3088706
                        Number of mesh cells     :	472195

                        Stimulation port         :	Zmin
                        Mode number              :	1
                        Accuracy                 :	9.5246e-05
                        Iterations               :	8
                        Solver time              :	12 s


                      ------------------------------------------------------------------------------
2026-08-10 15:48:58   Adaptive mesh refinement pass 2

                      ------------------------------------------------------------------------------
2026-08-10 15:49:36     Matrix setup time        :	6 s
                        Solver setup             :	17 s
                        Degrees of freedom       :	3121184
                        Number of mesh cells     :	477250

                        Stimulation port         :	Zmin
                        Mode number              :	1
                        Accuracy                 :	9.39007e-05
                        Iterations               :	8
                        Solver time              :	13 s


                      ------------------------------------------------------------------------------
2026-08-10 15:49:37     Delta calculation        
2026-08-10 15:49:37     All S-Parameters         :	1.92256e-05
2026-08-10 15:49:37   

                      ------------------------------------------------------------------------------
2026-08-10 15:49:47   Adaptive mesh refinement pass 3

                      ------------------------------------------------------------------------------
2026-08-10 15:50:25     Matrix setup time        :	6 s
                        Solver setup             :	18 s
                        Degrees of freedom       :	3153926
                        Number of mesh cells     :	482327

                        Stimulation port         :	Zmin
                        Mode number              :	1
                        Accuracy                 :	9.32962e-05
                        Iterations               :	8
                        Solver time              :	13 s


                      ------------------------------------------------------------------------------
2026-08-10 15:50:26     Delta calculation        
2026-08-10 15:50:26     All S-Parameters         :	9.90969e-06
2026-08-10 15:50:26   

                      ------------------------------------------------------------------------------
2026-08-10 15:50:26   Mesh adaptation terminated because the desired accuracy limit is reached.

                      ------------------------------------------------------------------------------
2026-08-10 15:50:26     Total time               :	129 s	 (= 0 h, 02 m, 09 s)

                      ------------------------------------------------------------------------------
2026-08-10 15:50:26   

                      ------------------------------------------------------------------------------
2026-08-10 15:50:26     Calculation 47 (Frequency: 20.392 THz, Theta: 0, Phi: 0)


                      ------------------------------------------------------------------------------
2026-08-10 15:50:26   Running the PortModeSolver.

                      ------------------------------------------------------------------------------
2026-08-10 15:50:28   Adaptive mesh refinement pass 1

                      ------------------------------------------------------------------------------
2026-08-10 15:51:02     Matrix setup time        :	3 s
                        Solver setup             :	14 s
                        Degrees of freedom       :	3153926
                        Number of mesh cells     :	482327

                        Stimulation port         :	Zmin
                        Mode number              :	1
                        Accuracy                 :	7.52396e-05
                        Iterations               :	10
                        Solver time              :	15 s


                      ------------------------------------------------------------------------------
2026-08-10 15:51:12   Adaptive mesh refinement pass 2

                      ------------------------------------------------------------------------------
2026-08-10 15:51:51     Matrix setup time        :	6 s
                        Solver setup             :	17 s
                        Degrees of freedom       :	3187848
                        Number of mesh cells     :	487523

                        Stimulation port         :	Zmin
                        Mode number              :	1
                        Accuracy                 :	9.18605e-05
                        Iterations               :	9
                        Solver time              :	15 s


                      ------------------------------------------------------------------------------
2026-08-10 15:51:52     Delta calculation        
2026-08-10 15:51:52     All S-Parameters         :	0.000112574
2026-08-10 15:51:52   

                      ------------------------------------------------------------------------------
2026-08-10 15:52:02   Adaptive mesh refinement pass 3

                      ------------------------------------------------------------------------------
2026-08-10 15:52:47     Matrix setup time        :	6 s
                        Solver setup             :	22 s
                        Degrees of freedom       :	3221988
                        Number of mesh cells     :	492711

                        Stimulation port         :	Zmin
                        Mode number              :	1
                        Accuracy                 :	9.61723e-05
                        Iterations               :	9
                        Solver time              :	15 s


                      ------------------------------------------------------------------------------
2026-08-10 15:52:48     Delta calculation        
2026-08-10 15:52:48     All S-Parameters         :	0.000109273
2026-08-10 15:52:48   

                      ------------------------------------------------------------------------------
2026-08-10 15:52:48   Mesh adaptation terminated because the desired accuracy limit is reached.

                      ------------------------------------------------------------------------------
2026-08-10 15:52:48     Total time               :	141 s	 (= 0 h, 02 m, 21 s)

                      ------------------------------------------------------------------------------
2026-08-10 15:52:48   

                      ------------------------------------------------------------------------------
2026-08-10 15:52:48     Calculation 48 (Frequency: 23.32 THz, Theta: 0, Phi: 0)


                      ------------------------------------------------------------------------------
2026-08-10 15:52:48   Running the PortModeSolver.

                      ------------------------------------------------------------------------------
2026-08-10 15:52:50   Adaptive mesh refinement pass 1

                      ------------------------------------------------------------------------------
2026-08-10 15:53:26     Matrix setup time        :	3 s
                        Solver setup             :	18 s
                        Degrees of freedom       :	3221988
                        Number of mesh cells     :	492711

                        Stimulation port         :	Zmin
                        Mode number              :	1
                        Accuracy                 :	9.41475e-05
                        Iterations               :	8
                        Solver time              :	13 s


                      ------------------------------------------------------------------------------
2026-08-10 15:53:37   Adaptive mesh refinement pass 2

                      ------------------------------------------------------------------------------
2026-08-10 15:54:20     Matrix setup time        :	6 s
                        Solver setup             :	22 s
                        Degrees of freedom       :	3255884
                        Number of mesh cells     :	497908

                        Stimulation port         :	Zmin
                        Mode number              :	1
                        Accuracy                 :	9.04445e-05
                        Iterations               :	8
                        Solver time              :	14 s


                      ------------------------------------------------------------------------------
2026-08-10 15:54:21     Delta calculation        
2026-08-10 15:54:21     All S-Parameters         :	0.000107986
2026-08-10 15:54:21   

                      ------------------------------------------------------------------------------
2026-08-10 15:54:31   Adaptive mesh refinement pass 3

                      ------------------------------------------------------------------------------
2026-08-10 15:55:16     Matrix setup time        :	6 s
                        Solver setup             :	23 s
                        Degrees of freedom       :	3289748
                        Number of mesh cells     :	503097

                        Stimulation port         :	Zmin
                        Mode number              :	1
                        Accuracy                 :	9.20663e-05
                        Iterations               :	8
                        Solver time              :	14 s


                      ------------------------------------------------------------------------------
2026-08-10 15:55:17     Delta calculation        
2026-08-10 15:55:17     All S-Parameters         :	8.59833e-05
2026-08-10 15:55:17   

                      ------------------------------------------------------------------------------
2026-08-10 15:55:17   Mesh adaptation terminated because the desired accuracy limit is reached.

                      ------------------------------------------------------------------------------
2026-08-10 15:55:17     Total time               :	148 s	 (= 0 h, 02 m, 28 s)

                      ------------------------------------------------------------------------------
2026-08-10 15:55:17   

                      ------------------------------------------------------------------------------
2026-08-10 15:55:17     Calculation 49 (Frequency: 33.712 THz, Theta: 0, Phi: 0)


                      ------------------------------------------------------------------------------
2026-08-10 15:55:17   Running the PortModeSolver.

                      ------------------------------------------------------------------------------
2026-08-10 15:55:19   Adaptive mesh refinement pass 1

                      ------------------------------------------------------------------------------
2026-08-10 15:55:56     Matrix setup time        :	3 s
                        Solver setup             :	19 s
                        Degrees of freedom       :	3289748
                        Number of mesh cells     :	503097

                        Stimulation port         :	Zmin
                        Mode number              :	1
                        Accuracy                 :	9.80562e-05
                        Iterations               :	8
                        Solver time              :	14 s


                      ------------------------------------------------------------------------------
2026-08-10 15:56:08   Adaptive mesh refinement pass 2

                      ------------------------------------------------------------------------------
2026-08-10 15:56:52     Matrix setup time        :	7 s
                        Solver setup             :	21 s
                        Degrees of freedom       :	3322958
                        Number of mesh cells     :	508227

                        Stimulation port         :	Zmin
                        Mode number              :	1
                        Accuracy                 :	5.50022e-05
                        Iterations               :	9
                        Solver time              :	16 s


                      ------------------------------------------------------------------------------
2026-08-10 15:56:53     Delta calculation        
2026-08-10 15:56:53     All S-Parameters         :	7.73863e-05
2026-08-10 15:56:53   

                      ------------------------------------------------------------------------------
2026-08-10 15:57:04   Adaptive mesh refinement pass 3

                      ------------------------------------------------------------------------------
2026-08-10 15:57:47     Matrix setup time        :	7 s
                        Solver setup             :	20 s
                        Degrees of freedom       :	3356128
                        Number of mesh cells     :	513346

                        Stimulation port         :	Zmin
                        Mode number              :	1
                        Accuracy                 :	5.47657e-05
                        Iterations               :	9
                        Solver time              :	16 s


                      ------------------------------------------------------------------------------
2026-08-10 15:57:48     Delta calculation        
2026-08-10 15:57:48     All S-Parameters         :	3.02021e-05
2026-08-10 15:57:48   

                      ------------------------------------------------------------------------------
2026-08-10 15:57:48   Mesh adaptation terminated because the desired accuracy limit is reached.

                      ------------------------------------------------------------------------------
2026-08-10 15:57:49     Total time               :	151 s	 (= 0 h, 02 m, 31 s)

                      ------------------------------------------------------------------------------
2026-08-10 15:57:49   

                      ------------------------------------------------------------------------------
2026-08-10 15:57:49     Calculation 50 (Frequency: 33.16 THz, Theta: 0, Phi: 0)


                      ------------------------------------------------------------------------------
2026-08-10 15:57:49   Running the PortModeSolver.

                      ------------------------------------------------------------------------------
2026-08-10 15:57:50   Adaptive mesh refinement pass 1

                      ------------------------------------------------------------------------------
2026-08-10 15:58:22     Matrix setup time        :	3 s
                        Solver setup             :	16 s
                        Degrees of freedom       :	3356128
                        Number of mesh cells     :	513346

                        Stimulation port         :	Zmin
                        Mode number              :	1
                        Accuracy                 :	6.3247e-05
                        Iterations               :	7
                        Solver time              :	12 s


                      ------------------------------------------------------------------------------
2026-08-10 15:58:34   Adaptive mesh refinement pass 2

                      ------------------------------------------------------------------------------
2026-08-10 15:59:21     Matrix setup time        :	7 s
                        Solver setup             :	22 s
                        Degrees of freedom       :	3389430
                        Number of mesh cells     :	518499

                        Stimulation port         :	Zmin
                        Mode number              :	1
                        Accuracy                 :	5.85655e-05
                        Iterations               :	9
                        Solver time              :	16 s


                      ------------------------------------------------------------------------------
2026-08-10 15:59:22     Delta calculation        
2026-08-10 15:59:22     All S-Parameters         :	4.6113e-05
2026-08-10 15:59:22   

                      ------------------------------------------------------------------------------
2026-08-10 15:59:33   Adaptive mesh refinement pass 3

                      ------------------------------------------------------------------------------
2026-08-10 16:00:17     Matrix setup time        :	7 s
                        Solver setup             :	22 s
                        Degrees of freedom       :	3422550
                        Number of mesh cells     :	523609

                        Stimulation port         :	Zmin
                        Mode number              :	1
                        Accuracy                 :	9.56591e-05
                        Iterations               :	8
                        Solver time              :	14 s


                      ------------------------------------------------------------------------------
2026-08-10 16:00:19     Delta calculation        
2026-08-10 16:00:19     All S-Parameters         :	5.38379e-05
2026-08-10 16:00:19   

                      ------------------------------------------------------------------------------
2026-08-10 16:00:19   Mesh adaptation terminated because the desired accuracy limit is reached.

                      ------------------------------------------------------------------------------
2026-08-10 16:00:19     Total time               :	149 s	 (= 0 h, 02 m, 29 s)

                      ------------------------------------------------------------------------------
2026-08-10 16:00:19   

                      ------------------------------------------------------------------------------
2026-08-10 16:00:19     Calculation 51 (Frequency: 26.464 THz, Theta: 0, Phi: 0)


                      ------------------------------------------------------------------------------
2026-08-10 16:00:19   Running the PortModeSolver.

                      ------------------------------------------------------------------------------
2026-08-10 16:00:21   Adaptive mesh refinement pass 1

                      ------------------------------------------------------------------------------
2026-08-10 16:01:03     Matrix setup time        :	3 s
                        Solver setup             :	18 s
                        Degrees of freedom       :	3422550
                        Number of mesh cells     :	523609

                        Stimulation port         :	Zmin
                        Mode number              :	1
                        Accuracy                 :	7.63983e-05
                        Iterations               :	12
                        Solver time              :	20 s


                      ------------------------------------------------------------------------------
2026-08-10 16:01:15   Adaptive mesh refinement pass 2

                      ------------------------------------------------------------------------------
2026-08-10 16:02:03     Matrix setup time        :	7 s
                        Solver setup             :	20 s
                        Degrees of freedom       :	3456246
                        Number of mesh cells     :	528777

                        Stimulation port         :	Zmin
                        Mode number              :	1
                        Accuracy                 :	8.18364e-05
                        Iterations               :	11
                        Solver time              :	20 s


                      ------------------------------------------------------------------------------
2026-08-10 16:02:05     Delta calculation        
2026-08-10 16:02:05     All S-Parameters         :	0.000136971
2026-08-10 16:02:05   

                      ------------------------------------------------------------------------------
2026-08-10 16:02:16   Adaptive mesh refinement pass 3

                      ------------------------------------------------------------------------------
2026-08-10 16:03:06     Matrix setup time        :	7 s
                        Solver setup             :	22 s
                        Degrees of freedom       :	3490066
                        Number of mesh cells     :	533972

                        Stimulation port         :	Zmin
                        Mode number              :	1
                        Accuracy                 :	8.82287e-05
                        Iterations               :	11
                        Solver time              :	19 s


                      ------------------------------------------------------------------------------
2026-08-10 16:03:07     Delta calculation        
2026-08-10 16:03:07     All S-Parameters         :	0.000112893
2026-08-10 16:03:07   

                      ------------------------------------------------------------------------------
2026-08-10 16:03:07   Mesh adaptation terminated because the desired accuracy limit is reached.

                      ------------------------------------------------------------------------------
2026-08-10 16:03:08     Total time               :	168 s	 (= 0 h, 02 m, 48 s)

                      ------------------------------------------------------------------------------
2026-08-10 16:03:08   

                      ------------------------------------------------------------------------------
2026-08-10 16:03:08     Calculation 52 (Frequency: 23.68 THz, Theta: 0, Phi: 0)


                      ------------------------------------------------------------------------------
2026-08-10 16:03:08   Running the PortModeSolver.

                      ------------------------------------------------------------------------------
2026-08-10 16:03:09   Adaptive mesh refinement pass 1

                      ------------------------------------------------------------------------------
2026-08-10 16:03:46     Matrix setup time        :	3 s
                        Solver setup             :	18 s
                        Degrees of freedom       :	3490066
                        Number of mesh cells     :	533972

                        Stimulation port         :	Zmin
                        Mode number              :	1
                        Accuracy                 :	8.87021e-05
                        Iterations               :	8
                        Solver time              :	14 s


                      ------------------------------------------------------------------------------
2026-08-10 16:03:59   Adaptive mesh refinement pass 2

                      ------------------------------------------------------------------------------
2026-08-10 16:04:41     Matrix setup time        :	7 s
                        Solver setup             :	19 s
                        Degrees of freedom       :	3523654
                        Number of mesh cells     :	539137

                        Stimulation port         :	Zmin
                        Mode number              :	1
                        Accuracy                 :	8.63148e-05
                        Iterations               :	8
                        Solver time              :	14 s


                      ------------------------------------------------------------------------------
2026-08-10 16:04:42     Delta calculation        
2026-08-10 16:04:42     All S-Parameters         :	6.00603e-05
2026-08-10 16:04:42   

                      ------------------------------------------------------------------------------
2026-08-10 16:04:53   Adaptive mesh refinement pass 3

                      ------------------------------------------------------------------------------
2026-08-10 16:05:41     Matrix setup time        :	7 s
                        Solver setup             :	24 s
                        Degrees of freedom       :	3557402
                        Number of mesh cells     :	544334

                        Stimulation port         :	Zmin
                        Mode number              :	1
                        Accuracy                 :	8.72796e-05
                        Iterations               :	8
                        Solver time              :	15 s


                      ------------------------------------------------------------------------------
2026-08-10 16:05:42     Delta calculation        
2026-08-10 16:05:42     All S-Parameters         :	4.6083e-05
2026-08-10 16:05:42   

                      ------------------------------------------------------------------------------
2026-08-10 16:05:42   Mesh adaptation terminated because the desired accuracy limit is reached.

                      ------------------------------------------------------------------------------
2026-08-10 16:05:42     Total time               :	154 s	 (= 0 h, 02 m, 34 s)

                      ------------------------------------------------------------------------------
2026-08-10 16:05:42   

                      ------------------------------------------------------------------------------
2026-08-10 16:05:42     Calculation 53 (Frequency: 25.504 THz, Theta: 0, Phi: 0)


                      ------------------------------------------------------------------------------
2026-08-10 16:05:42   Running the PortModeSolver.

                      ------------------------------------------------------------------------------
2026-08-10 16:05:44   Adaptive mesh refinement pass 1

                      ------------------------------------------------------------------------------
2026-08-10 16:06:25     Matrix setup time        :	3 s
                        Solver setup             :	20 s
                        Degrees of freedom       :	3557402
                        Number of mesh cells     :	544334

                        Stimulation port         :	Zmin
                        Mode number              :	1
                        Accuracy                 :	7.44947e-05
                        Iterations               :	9
                        Solver time              :	17 s


                      ------------------------------------------------------------------------------
2026-08-10 16:06:37   Adaptive mesh refinement pass 2

                      ------------------------------------------------------------------------------
2026-08-10 16:07:23     Matrix setup time        :	7 s
                        Solver setup             :	20 s
                        Degrees of freedom       :	3590122
                        Number of mesh cells     :	549426

                        Stimulation port         :	Zmin
                        Mode number              :	1
                        Accuracy                 :	6.00168e-05
                        Iterations               :	9
                        Solver time              :	17 s


                      ------------------------------------------------------------------------------
2026-08-10 16:07:24     Delta calculation        
2026-08-10 16:07:24     All S-Parameters         :	4.99017e-05
2026-08-10 16:07:24   

                      ------------------------------------------------------------------------------
2026-08-10 16:07:36   Adaptive mesh refinement pass 3

                      ------------------------------------------------------------------------------
2026-08-10 16:08:26     Matrix setup time        :	7 s
                        Solver setup             :	24 s
                        Degrees of freedom       :	3623196
                        Number of mesh cells     :	554540

                        Stimulation port         :	Zmin
                        Mode number              :	1
                        Accuracy                 :	5.90315e-05
                        Iterations               :	9
                        Solver time              :	17 s


                      ------------------------------------------------------------------------------
2026-08-10 16:08:27     Delta calculation        
2026-08-10 16:08:27     All S-Parameters         :	1.64455e-05
2026-08-10 16:08:27   

                      ------------------------------------------------------------------------------
2026-08-10 16:08:27   Mesh adaptation terminated because the desired accuracy limit is reached.

                      ------------------------------------------------------------------------------
2026-08-10 16:08:28     Total time               :	165 s	 (= 0 h, 02 m, 45 s)

                      ------------------------------------------------------------------------------
2026-08-10 16:08:28   

                      ------------------------------------------------------------------------------
2026-08-10 16:08:28     Calculation 54 (Frequency: 21.808 THz, Theta: 0, Phi: 0)


                      ------------------------------------------------------------------------------
2026-08-10 16:08:28   Running the PortModeSolver.

                      ------------------------------------------------------------------------------
2026-08-10 16:08:30   Adaptive mesh refinement pass 1

                      ------------------------------------------------------------------------------
2026-08-10 16:09:12     Matrix setup time        :	3 s
                        Solver setup             :	20 s
                        Degrees of freedom       :	3623196
                        Number of mesh cells     :	554540

                        Stimulation port         :	Zmin
                        Mode number              :	1
                        Accuracy                 :	8.71533e-05
                        Iterations               :	9
                        Solver time              :	18 s


                      ------------------------------------------------------------------------------
2026-08-10 16:09:24   Adaptive mesh refinement pass 2

                      ------------------------------------------------------------------------------
2026-08-10 16:10:12     Matrix setup time        :	7 s
                        Solver setup             :	22 s
                        Degrees of freedom       :	3657238
                        Number of mesh cells     :	559753

                        Stimulation port         :	Zmin
                        Mode number              :	1
                        Accuracy                 :	4.76673e-05
                        Iterations               :	9
                        Solver time              :	17 s


                      ------------------------------------------------------------------------------
2026-08-10 16:10:13     Delta calculation        
2026-08-10 16:10:13     All S-Parameters         :	0.000160124
2026-08-10 16:10:13   

                      ------------------------------------------------------------------------------
2026-08-10 16:10:24   Adaptive mesh refinement pass 3

                      ------------------------------------------------------------------------------
2026-08-10 16:11:11     Matrix setup time        :	7 s
                        Solver setup             :	20 s
                        Degrees of freedom       :	3691070
                        Number of mesh cells     :	564944

                        Stimulation port         :	Zmin
                        Mode number              :	1
                        Accuracy                 :	4.80105e-05
                        Iterations               :	9
                        Solver time              :	17 s


                      ------------------------------------------------------------------------------
2026-08-10 16:11:12     Delta calculation        
2026-08-10 16:11:12     All S-Parameters         :	5.74789e-05
2026-08-10 16:11:12   

                      ------------------------------------------------------------------------------
2026-08-10 16:11:12   Mesh adaptation terminated because the desired accuracy limit is reached.

                      ------------------------------------------------------------------------------
2026-08-10 16:11:12     Total time               :	164 s	 (= 0 h, 02 m, 44 s)

                      ------------------------------------------------------------------------------
2026-08-10 16:11:12   

                      ------------------------------------------------------------------------------
2026-08-10 16:11:12     Calculation 55 (Frequency: 22.48 THz, Theta: 0, Phi: 0)


                      ------------------------------------------------------------------------------
2026-08-10 16:11:12   Running the PortModeSolver.

                      ------------------------------------------------------------------------------
2026-08-10 16:11:14   Adaptive mesh refinement pass 1

                      ------------------------------------------------------------------------------
2026-08-10 16:11:50     Matrix setup time        :	3 s
                        Solver setup             :	16 s
                        Degrees of freedom       :	3691070
                        Number of mesh cells     :	564944

                        Stimulation port         :	Zmin
                        Mode number              :	1
                        Accuracy                 :	5.35592e-05
                        Iterations               :	8
                        Solver time              :	15 s


                      ------------------------------------------------------------------------------
2026-08-10 16:12:03   Adaptive mesh refinement pass 2

                      ------------------------------------------------------------------------------
2026-08-10 16:12:50     Matrix setup time        :	8 s
                        Solver setup             :	22 s
                        Degrees of freedom       :	3725008
                        Number of mesh cells     :	570142

                        Stimulation port         :	Zmin
                        Mode number              :	1
                        Accuracy                 :	7.54581e-05
                        Iterations               :	8
                        Solver time              :	16 s


                      ------------------------------------------------------------------------------
2026-08-10 16:12:51     Delta calculation        
2026-08-10 16:12:51     All S-Parameters         :	2.42116e-05
2026-08-10 16:12:51   

                      ------------------------------------------------------------------------------
2026-08-10 16:13:03   Adaptive mesh refinement pass 3

                      ------------------------------------------------------------------------------
2026-08-10 16:13:53     Matrix setup time        :	8 s
                        Solver setup             :	24 s
                        Degrees of freedom       :	3758758
                        Number of mesh cells     :	575319

                        Stimulation port         :	Zmin
                        Mode number              :	1
                        Accuracy                 :	7.53127e-05
                        Iterations               :	8
                        Solver time              :	16 s


                      ------------------------------------------------------------------------------
2026-08-10 16:13:54     Delta calculation        
2026-08-10 16:13:54     All S-Parameters         :	2.12172e-05
2026-08-10 16:13:54   

                      ------------------------------------------------------------------------------
2026-08-10 16:13:54   Mesh adaptation terminated because the desired accuracy limit is reached.

                      ------------------------------------------------------------------------------
2026-08-10 16:13:54     Total time               :	161 s	 (= 0 h, 02 m, 41 s)

                      ------------------------------------------------------------------------------
2026-08-10 16:13:54   

                      ------------------------------------------------------------------------------
2026-08-10 16:13:54     Calculation 56 (Frequency: 21.976 THz, Theta: 0, Phi: 0)


                      ------------------------------------------------------------------------------
2026-08-10 16:13:54   Running the PortModeSolver.

                      ------------------------------------------------------------------------------
2026-08-10 16:13:56   Adaptive mesh refinement pass 1

                      ------------------------------------------------------------------------------
2026-08-10 16:14:35     Matrix setup time        :	3 s
                        Solver setup             :	20 s
                        Degrees of freedom       :	3758758
                        Number of mesh cells     :	575319

                        Stimulation port         :	Zmin
                        Mode number              :	1
                        Accuracy                 :	7.49714e-05
                        Iterations               :	7
                        Solver time              :	14 s


                      ------------------------------------------------------------------------------
2026-08-10 16:14:48   Adaptive mesh refinement pass 2

                      ------------------------------------------------------------------------------
2026-08-10 16:15:44     Matrix setup time        :	7 s
                        Solver setup             :	27 s
                        Degrees of freedom       :	3792774
                        Number of mesh cells     :	580531

                        Stimulation port         :	Zmin
                        Mode number              :	1
                        Accuracy                 :	4.95314e-05
                        Iterations               :	9
                        Solver time              :	19 s


                      ------------------------------------------------------------------------------
2026-08-10 16:15:45     Delta calculation        
2026-08-10 16:15:45     All S-Parameters         :	4.34526e-05
2026-08-10 16:15:45   

                      ------------------------------------------------------------------------------
2026-08-10 16:15:58   Adaptive mesh refinement pass 3

                      ------------------------------------------------------------------------------
2026-08-10 16:16:53     Matrix setup time        :	8 s
                        Solver setup             :	27 s
                        Degrees of freedom       :	3826456
                        Number of mesh cells     :	585687

                        Stimulation port         :	Zmin
                        Mode number              :	1
                        Accuracy                 :	5.03404e-05
                        Iterations               :	9
                        Solver time              :	19 s


                      ------------------------------------------------------------------------------
2026-08-10 16:16:54     Delta calculation        
2026-08-10 16:16:54     All S-Parameters         :	2.39536e-05
2026-08-10 16:16:54   

                      ------------------------------------------------------------------------------
2026-08-10 16:16:54   Mesh adaptation terminated because the desired accuracy limit is reached.

                      ------------------------------------------------------------------------------
2026-08-10 16:16:55     Total time               :	179 s	 (= 0 h, 02 m, 59 s)

                      ------------------------------------------------------------------------------
2026-08-10 16:16:55   

                      ------------------------------------------------------------------------------
2026-08-10 16:16:55     Calculation 57 (Frequency: 29.392 THz, Theta: 0, Phi: 0)


                      ------------------------------------------------------------------------------
2026-08-10 16:16:55   Running the PortModeSolver.

                      ------------------------------------------------------------------------------
2026-08-10 16:16:56   Adaptive mesh refinement pass 1

                      ------------------------------------------------------------------------------
2026-08-10 16:17:41     Matrix setup time        :	3 s
                        Solver setup             :	23 s
                        Degrees of freedom       :	3826456
                        Number of mesh cells     :	585687

                        Stimulation port         :	Zmin
                        Mode number              :	1
                        Accuracy                 :	7.76181e-05
                        Iterations               :	8
                        Solver time              :	17 s


                      ------------------------------------------------------------------------------
2026-08-10 16:17:54   Adaptive mesh refinement pass 2

                      ------------------------------------------------------------------------------
2026-08-10 16:18:50     Matrix setup time        :	8 s
                        Solver setup             :	29 s
                        Degrees of freedom       :	3859198
                        Number of mesh cells     :	590768

                        Stimulation port         :	Zmin
                        Mode number              :	1
                        Accuracy                 :	7.56761e-05
                        Iterations               :	8
                        Solver time              :	17 s


                      ------------------------------------------------------------------------------
2026-08-10 16:18:51     Delta calculation        
2026-08-10 16:18:51     All S-Parameters         :	3.79585e-06
2026-08-10 16:18:51   

                      ------------------------------------------------------------------------------
2026-08-10 16:19:03   Adaptive mesh refinement pass 3

                      ------------------------------------------------------------------------------
2026-08-10 16:19:55     Matrix setup time        :	8 s
                        Solver setup             :	25 s
                        Degrees of freedom       :	3892010
                        Number of mesh cells     :	595862

                        Stimulation port         :	Zmin
                        Mode number              :	1
                        Accuracy                 :	7.53583e-05
                        Iterations               :	8
                        Solver time              :	17 s


                      ------------------------------------------------------------------------------
2026-08-10 16:19:56     Delta calculation        
2026-08-10 16:19:56     All S-Parameters         :	5.10311e-06
2026-08-10 16:19:56   

                      ------------------------------------------------------------------------------
2026-08-10 16:19:56   Mesh adaptation terminated because the desired accuracy limit is reached.

                      ------------------------------------------------------------------------------
2026-08-10 16:19:56     Total time               :	181 s	 (= 0 h, 03 m, 01 s)

                      ------------------------------------------------------------------------------
2026-08-10 16:19:56   

                      ------------------------------------------------------------------------------
2026-08-10 16:19:57   Some adaptive mesh refinement samples will be recalculated because the mesh has changed significantly.

                      ------------------------------------------------------------------------------
2026-08-10 16:19:57     Calculation 1 (Frequency: 34 THz, Theta: 0, Phi: 0)


                      ------------------------------------------------------------------------------
2026-08-10 16:19:57   Running the PortModeSolver.

                      ------------------------------------------------------------------------------
2026-08-10 16:20:44     Matrix setup time        :	3 s
                        Solver setup             :	20 s
                        Degrees of freedom       :	3892010
                        Number of mesh cells     :	595862

                        Stimulation port         :	Zmin
                        Mode number              :	1
                        Accuracy                 :	8.36295e-05
                        Iterations               :	9
                        Solver time              :	20 s


                      ------------------------------------------------------------------------------
2026-08-10 16:20:44     Total time               :	46 s

                      ------------------------------------------------------------------------------
2026-08-10 16:20:44   

                      ------------------------------------------------------------------------------
2026-08-10 16:20:44     Calculation 2 (Frequency: 10 THz, Theta: 0, Phi: 0)


                      ------------------------------------------------------------------------------
2026-08-10 16:20:44   Running the PortModeSolver.

                      ------------------------------------------------------------------------------
2026-08-10 16:21:25     Matrix setup time        :	3 s
                        Solver setup             :	21 s
                        Degrees of freedom       :	3892010
                        Number of mesh cells     :	595862

                        Stimulation port         :	Zmin
                        Mode number              :	1
                        Accuracy                 :	8.53194e-05
                        Iterations               :	6
                        Solver time              :	13 s


                      ------------------------------------------------------------------------------
2026-08-10 16:21:25     Total time               :	40 s

                      ------------------------------------------------------------------------------
2026-08-10 16:21:25   

                      ------------------------------------------------------------------------------
2026-08-10 16:21:25   Finished the general purpose interpolative broadband frequency sweep:
                      All broadband sweep convergence criteria have been satisfied after
                      calculating 57 frequency samples:

                        Broadband sweep error threshold value :  0.01 (All S-Parameters) 
                        Number of error criterion checks      :  2 (All S-Parameters) 
                        Minimum number of samples             :  3
                        Number of data samples, linear        :  1001

                      ------------------------------------------------------------------------------
2026-08-10 16:21:25     Number of mesh cells     :	595862
                        Degrees of freedom       :	3856700
                        Total Solver Time        :	4925 s	 (= 1 h, 22 m, 05 s)
                        Free disk space          :	286 GB
                        Disk space delta         :	6 GB
                      ================================================================================



                      ------------------------------------------------------------------------------
2026-08-10 16:21:27     ----------------------------------------------------------------------------
                                            Peak memory used (GB)         Free physical memory (GB) 
                                                                          At begin     Minimum      
                        ----------------------------------------------------------------------------
                        Solver start        0.029                         37.563       37.554       
                        Eq. system setup    10.386                        37.549       27.847       
                        Eq. system solve    19.865                        37.458       18.586       
                        Mesh refinement     10.040                        37.354       28.139       
                        Field monitor calc. 10.440                        28.026       27.899       
                        Solver run total    19.865                        37.563       18.586       

                        Computer name       Hikari
                        ----------------------------------------------------------------------------


                      ------------------------------------------------------------------------------
2026-08-10 16:21:27   Running post-processing.

                      ------------------------------------------------------------------------------
2026-08-10 16:21:29   Post-processing finished.

                      ------------------------------------------------------------------------------
