lam_um,f_THz,side,n1,n2,kz_rad_per_um,Re_S_TE,Im_S_TE,Re_S_TM,Im_S_TM,power
29.9792458,10,trans,0,0,0.2095845022,-1.667780525e-15,1.04567901e-15,0.9545133039,0.1925192943,0.948159326
29.9792458,10,refl,0,0,0.2095845022,-1.5818136e-15,1.471802143e-15,-0.04745352398,0.1999855315,0.04224604975
29.24804468,10.25,trans,0,0,0.2148241148,-1.640869843e-15,1.04044109e-15,0.9501767706,0.2018519158,0.9435800913
29.24804468,10.25,refl,0,0,0.2148241148,-1.524505611e-15,1.424119449e-15,-0.05189792799,0.2091169017,0.04642327349
28.55166267,10.5,trans,0,0,0.2200637273,-1.529156357e-15,1.055528109e-15,0.9463446704,0.2094948302,0.939456319
28.55166267,10.5,refl,0,0,0.2200637273,-1.378703963e-15,1.450056125e-15,-0.05580846589,0.2168567529,0.05014143614
27.88767051,10.75,trans,0,0,0.2253033399,-1.463263744e-15,1.001578862e-15,0.9430423746,0.2158738088,0.9359304216
27.88767051,10.75,refl,0,0,0.2253033399,-1.275482744e-15,1.396946887e-15,-0.05910580017,0.2234911835,0.05344180473
27.25385982,11,trans,0,0,0.2305429524,-1.488678978e-15,9.090067251e-16,0.9402807127,0.2212528621,0.9330806476
27.25385982,11,refl,0,0,0.2305429524,-1.260571052e-15,1.3103392e-15,-0.06178463945,0.229201548,0.05635069126
26.64821849,11.25,trans,0,0,0.235782565,-1.50175106e-15,8.440690806e-16,0.9345562425,0.2299779401,0.9262852233
26.64821849,11.25,refl,0,0,0.235782565,-1.240013957e-15,1.194639888e-15,-0.06705954586,0.2369611738,0.06064758057
26.06890939,11.5,trans,0,0,0.2410221775,-1.765973422e-15,7.115277176e-16,0.9296484683,0.2375263554,0.9206650442
26.06890939,11.5,refl,0,0,0.2410221775,-1.455575438e-15,1.002405944e-15,-0.07137650806,0.2436681437,0.06446877016
25.51425174,11.75,trans,0,0,0.2462617901,-1.693117204e-15,7.082613171e-16,0.9255759633,0.2440601746,0.9162562327
25.51425174,11.75,refl,0,0,0.2462617901,-1.35840139e-15,9.282496212e-16,-0.07482220014,0.2494484815,0.06782290654
24.98270483,12,trans,0,0,0.2515014026,-1.731761443e-15,7.31466099e-16,0.9223074355,0.2497219954,0.9130120805
24.98270483,12,refl,0,0,0.2515014026,-1.394522957e-15,8.846854796e-16,-0.07748748046,0.2544283818,0.07073811111
24.47285371,12.25,trans,0,0,0.2567410152,-1.610851592e-15,6.874221283e-16,0.9170116698,0.2573987057,0.9071644963
24.47285371,12.25,refl,0,0,0.2567410152,-1.263176248e-15,7.542766958e-16,-0.08206635336,0.2607098066,0.07470448959
23.98339664,12.5,trans,0,0,0.2619806277,-1.440363009e-15,7.258015128e-16,0.9127708428,0.2641053467,0.9029022456
23.98339664,12.5,refl,0,0,0.2619806277,-1.130648388e-15,7.059523146e-16,-0.0857284339,0.266125984,0.07817240373
23.51313396,12.75,trans,0,0,0.2672202403,-1.382419746e-15,7.578394958e-16,0.9094390608,0.270014011,0.8999869715
23.51313396,12.75,refl,0,0,0.2672202403,-1.051788143e-15,6.678068903e-16,-0.08859999101,0.2708476882,0.08120842862
23.06095831,13,trans,0,0,0.2724598529,-1.303951788e-15,7.646751466e-16,0.9068872517,0.2752588848,0.898211941
23.06095831,13,refl,0,0,0.2724598529,-9.985319477e-16,6.116845964e-16,-0.09078892351,0.2750036889,0.08386965756
22.62584589,13.25,trans,0,0,0.2776994654,-1.133885849e-15,7.860572134e-16,0.9013541875,0.2816560171,0.8917694833
22.62584589,13.25,refl,0,0,0.2776994654,-8.42367283e-16,6.521735054e-16,-0.09659538398,0.2821359058,0.08893133752
22.20684874,13.5,trans,0,0,0.282939078,-1.230625054e-15,6.83154463e-16,0.8967560439,0.2876046478,0.8868878357
22.20684874,13.5,refl,0,0,0.282939078,-9.922183072e-16,5.648199694e-16,-0.1014521823,0.2887081399,0.09364493537
21.80308785,13.75,trans,0,0,0.2881786905,-1.136616174e-15,6.390566672e-16,0.8929689928,0.2931720677,0.8833434834
21.80308785,13.75,refl,0,0,0.2881786905,-8.884718676e-16,5.416478324e-16,-0.1054781331,0.2948179117,0.09804323764
21.413747,14,trans,0,0,0.2934183031,-9.785627322e-16,6.603270336e-16,0.8898886376,0.2984140168,0.8809527127
21.413747,14,refl,0,0,0.2934183031,-7.41921744e-16,5.977067038e-16,-0.1087744034,0.3005409048,0.1021567063
21.03806723,14.25,trans,0,0,0.2986579156,-1.013025791e-15,5.258441961e-16,0.8811004494,0.3051885579,0.8694780578
21.03806723,14.25,refl,0,0,0.2986579156,-7.712510535e-16,4.977999948e-16,-0.118139031,0.3102824013,0.1102319992
20.67534193,14.5,trans,0,0,0.3038975282,-9.060154889e-16,5.294208459e-16,0.8734325402,0.3117676184,0.8600834501
20.67534193,14.5,refl,0,0,0.3038975282,-6.71469858e-16,5.470530524e-16,-0.1262902915,0.3195554792,0.118064942
20.32491241,14.75,trans,0,0,0.3091371407,-8.079555544e-16,4.483072738e-16,0.8667289279,0.3181925965,0.852465563
20.32491241,14.75,refl,0,0,0.3091371407,-5.878658416e-16,5.215929949e-16,-0.1333950496,0.3284499316,0.1256735968
19.98616387,15,trans,0,0,0.3143767533,-9.559348711e-16,3.288327323e-16,0.8608366562,0.3245194579,0.8463526272
19.98616387,15,refl,0,0,0.3143767533,-7.478602115e-16,4.27427485e-16,-0.1396123937,0.3370551729,0.13309781
19.65852184,15.25,trans,0,0,0.3196163658,-1.00049586e-15,3.493209189e-16,0.8474777901,0.3321081634,0.828514437
19.65852184,15.25,refl,0,0,0.3196163658,-7.821010982e-16,4.525753128e-16,-0.1533601782,0.3470045079,0.1439314728
19.3414489,15.5,trans,0,0,0.3248559784,-1.039287103e-15,2.866411304e-16,0.8349992515,0.3398212519,0.8127022332
19.3414489,15.5,refl,0,0,0.3248559784,-8.710513474e-16,3.891372985e-16,-0.1661354348,0.3568737112,0.1549598285
19.03444178,15.75,trans,0,0,0.330095591,-1.159726605e-15,3.762522818e-16,0.8227632256,0.3477802275,0.797890412
19.03444178,15.75,refl,0,0,0.330095591,-9.999169608e-16,4.908071292e-16,-0.1785797557,0.3668476812,0.1664679503
18.73702863,16,trans,0,0,0.3353352035,-1.457717407e-15,5.142748743e-16,0.8095060049,0.3561771385,0.7821621261
18.73702863,16,refl,0,0,0.3353352035,-1.388812871e-15,6.106285262e-16,-0.1919480799,0.3771990395,0.1791231808
18.44876665,16.25,trans,0,0,0.3405748161,-1.569213153e-15,4.592054893e-16,0.7814768446,0.3618858477,0.7416674253
18.44876665,16.25,refl,0,0,0.3405748161,-1.598585291e-15,5.039795888e-16,-0.2200866494,0.3831993254,0.1952798562
18.16923988,16.5,trans,0,0,0.3458144286,-2.782005731e-15,-1.661698764e-16,0.7278487626,0.3445603952,0.6484856871
18.16923988,16.5,refl,0,0,0.3458144286,-3.007022207e-15,-3.963523621e-16,-0.2751726724,0.367862995,0.2110431827
17.89805719,16.75,trans,0,0,0.3510540412,-3.589583413e-16,-2.292601931e-15,0.8308172656,0.270481335,0.7634174815
17.89805719,16.75,refl,0,0,0.3510540412,4.770987243e-16,-3.01396892e-15,-0.1772588271,0.2864600792,0.1134800688
17.63485047,17,trans,0,0,0.3562936537,6.473065683e-16,-3.833528922e-16,0.8195953367,0.355580166,0.7981737704
17.63485047,17,refl,0,0,0.3562936537,1.350953464e-15,-4.839765444e-16,-0.1837743109,0.3710747831,0.171469492
17.37927293,17.25,trans,0,0,0.3615332663,-2.969153029e-16,1.079855814e-16,0.7894120499,0.3773245755,0.7655452198
17.37927293,17.25,refl,0,0,0.3615332663,2.166083072e-16,1.219863186e-16,-0.2129050681,0.391951625,0.1989546444
17.1309976,17.5,trans,0,0,0.3667728788,-6.114823026e-16,2.104758632e-16,0.7673921773,0.3900309309,0.7410148809
17.1309976,17.5,refl,0,0,0.3667728788,-1.427524306e-16,2.971911597e-16,-0.2343611899,0.403381844,0.2176420794
16.88971594,17.75,trans,0,0,0.3720124914,-4.739342937e-16,3.292875456e-16,0.7486759077,0.4011293979,0.7214204086
16.88971594,17.75,refl,0,0,0.3720124914,-6.815455667e-17,4.102990423e-16,-0.2526391098,0.4130807516,0.2344622271
16.65513656,18,trans,0,0,0.377252104,-9.306952776e-16,4.782133859e-16,0.7315444672,0.4123659008,0.7052029436
16.65513656,18,refl,0,0,0.377252104,-5.289292996e-16,5.760338999e-16,-0.2693719968,0.4228672245,0.2513779622
16.426984,18.25,trans,0,0,0.3824917165,-1.257945296e-15,-5.238274139e-17,0.7072347722,0.4165886852,0.6737271556
16.426984,18.25,refl,0,0,0.3824917165,-9.992333806e-16,6.751505584e-17,-0.2939150635,0.4294744645,0.2708343803
16.20499773,18.5,trans,0,0,0.3877313291,-1.320609982e-15,-7.965267289e-17,0.6816607437,0.4221097637,0.6428380221
16.20499773,18.5,refl,0,0,0.3877313291,-1.110472954e-15,7.568668228e-17,-0.3198130619,0.4371170255,0.2933516885
15.98893109,18.75,trans,0,0,0.3929709416,-9.673248872e-16,-1.194505644e-15,0.6424461453,0.4254866535,0.5937759419
15.98893109,18.75,trans,-1,0,0.01461479345,-4.774286901e-16,-2.69033217e-16,0.02620152756,0.05581409401,0.003801733137
15.98893109,18.75,trans,0,-1,0.01461479345,0.02262651206,-0.02280777434,-1.138170933e-12,1.223723893e-11,0.001032153619
15.98893109,18.75,trans,0,1,0.01461479345,0.02262651206,-0.02280777434,1.130862449e-12,-1.223408148e-11,0.001032153619
15.98893109,18.75,trans,1,0,0.01461479345,-2.286061929e-16,-3.405051128e-16,0.02620152756,0.055814094,0.003801733136
15.98893109,18.75,refl,0,0,0.3929709416,-5.24815341e-16,-1.112068089e-15,-0.3592550153,0.4415387763,0.324020657
15.98893109,18.75,refl,-1,0,0.01461479345,-2.675812172e-16,-1.907704299e-16,-0.02992739675,-0.007676664036,0.000954580247
15.98893109,18.75,refl,0,-1,0.01461479345,0.02023146295,-0.02214168476,-2.315403501e-12,1.046430811e-11,0.0008995662974
15.98893109,18.75,refl,0,1,0.01461479345,0.02023146295,-0.02214168476,2.308685878e-12,-1.046253838e-11,0.0008995662974
15.98893109,18.75,refl,1,0,0.01461479345,5.97497901e-17,-2.715574627e-16,-0.02992739676,-0.007676664047,0.0009545802476
15.77855042,19,trans,0,0,0.3982105542,-1.828758447e-15,-1.200601355e-15,0.6269456221,0.4123529421,0.563095762
15.77855042,19,trans,-1,0,0.06602330411,-7.818691353e-16,-1.514931981e-16,0.02858507621,0.09089457104,0.009078929628
15.77855042,19,trans,0,-1,0.06602330411,0.04476902892,-0.04371515346,1.269540239e-12,5.009184989e-12,0.003915280592
15.77855042,19,trans,0,1,0.06602330411,0.04476902892,-0.04371515346,-1.272740767e-12,-5.007723688e-12,0.003915280592
15.77855042,19,trans,1,0,0.06602330411,-5.978332592e-16,-2.589710977e-17,0.02858507621,0.09089457104,0.009078929626
15.77855042,19,refl,0,0,0.3982105542,-1.686453972e-15,-9.860662044e-16,-0.3749264837,0.4311462155,0.3264569273
15.77855042,19,refl,-1,0,0.06602330411,-6.371090827e-16,-1.113106924e-16,-0.03656521021,-0.07008303809,0.006248646826
15.77855042,19,refl,0,-1,0.06602330411,0.04146929289,-0.04424879505,-1.712156674e-12,1.897609753e-12,0.003677658116
15.77855042,19,refl,0,1,0.06602330411,0.04146929289,-0.04424879505,1.711635405e-12,-1.898388478e-12,0.003677658116
15.77855042,19,refl,1,0,0.06602330411,-3.371415261e-16,8.554237272e-17,-0.03656521022,-0.07008303809,0.006248646827
15.57363418,19.25,trans,0,0,0.4034501667,-1.278302516e-15,-1.115082146e-15,0.607428666,0.4019408937,0.5305260664
15.57363418,19.25,trans,-1,0,0.09251739439,-6.365599496e-16,-2.502575732e-16,0.0146226662,0.107986275,0.01187485795
15.57363418,19.25,trans,0,-1,0.09251739439,0.05226480479,-0.04610578869,1.297302989e-12,1.647718033e-12,0.00485735357
15.57363418,19.25,trans,0,1,0.09251739439,0.05226480479,-0.04610578869,-1.299949422e-12,-1.647143758e-12,0.00485735357
15.57363418,19.25,trans,1,0,0.09251739439,-6.138232272e-16,-7.801665906e-17,0.0146226662,0.107986275,0.01187485795
15.57363418,19.25,refl,0,0,0.4034501667,-1.159026861e-15,-7.378930549e-16,-0.3944961065,0.4200666786,0.3320831925
15.57363418,19.25,refl,-1,0,0.09251739439,-5.721050968e-16,-1.219453041e-16,-0.0215216952,-0.08933215406,0.008443417113
15.57363418,19.25,refl,0,-1,0.09251739439,0.05010515715,-0.0473328924,-3.502432159e-12,-5.090112844e-13,0.004750929475
15.57363418,19.25,refl,0,1,0.09251739439,0.05010515715,-0.0473328924,3.502711634e-12,5.085789596e-13,0.004750929475
15.57363418,19.25,refl,1,0,0.09251739439,-4.692094791e-16,1.55905296e-16,-0.02152169521,-0.08933215406,0.008443417114
15.37397221,19.5,trans,0,0,0.4086897793,-1.243950743e-15,-1.285055575e-15,0.5868258462,0.3958093175,0.5010295896
15.37397221,19.5,trans,-1,0,0.1132023274,-4.132645118e-16,-3.746382653e-16,-0.0006412201693,0.1186566227,0.01407980527
15.37397221,19.5,trans,0,-1,0.1132023274,0.05824165681,-0.0471266874,1.686829513e-12,-9.30313642e-13,0.005613015253
15.37397221,19.5,trans,0,1,0.1132023274,0.05824165681,-0.0471266874,-1.688834982e-12,9.301225833e-13,0.005613015253
15.37397221,19.5,trans,1,0,0.1132023274,-5.154000569e-16,-2.078582457e-16,-0.0006412201669,0.1186566227,0.01407980526
15.37397221,19.5,refl,0,0,0.4086897793,-1.187362326e-15,-9.132705446e-16,-0.4152650335,0.4129766099,0.3429947284
15.37397221,19.5,refl,-1,0,0.1132023274,-3.401894655e-16,-9.709536489e-17,-0.005391313395,-0.1005680926,0.0101430075
15.37397221,19.5,refl,0,-1,0.1132023274,0.05744419861,-0.04861190697,-4.886872543e-12,-1.797890005e-12,0.005662953453
15.37397221,19.5,refl,0,1,0.1132023274,0.05744419861,-0.04861190697,4.887130894e-12,1.797788688e-12,0.005662953453
15.37397221,19.5,refl,1,0,0.1132023274,-4.017613976e-16,1.841406406e-16,-0.005391313403,-0.1005680926,0.01014300751
15.17936496,19.75,trans,0,0,0.4139293918,-9.665229161e-16,-1.412883605e-15,0.5642068166,0.3920150477,0.4720051295
15.17936496,19.75,trans,-1,0,0.1308624188,-4.903436953e-16,-3.119477537e-16,-0.01601183461,0.1262552277,0.01619676136
15.17936496,19.75,trans,0,-1,0.1308624188,0.06430888218,-0.04848982803,2.304646025e-12,-3.096186653e-12,0.00648689575
15.17936496,19.75,trans,0,1,0.1308624188,0.06430888218,-0.04848982803,-2.306148884e-12,3.09574579e-12,0.00648689575
15.17936496,19.75,trans,1,0,0.1308624188,-5.976823389e-16,-1.64184482e-16,-0.01601183461,0.1262552277,0.01619676136
15.17936496,19.75,refl,0,0,0.4139293918,-8.783082538e-16,-8.772508633e-16,-0.4380897937,0.4080444911,0.3584229741
15.17936496,19.75,refl,-1,0,0.1308624188,-4.394089401e-16,1.44089561e-16,0.01074209403,-0.1083414655,0.01185326573
15.17936496,19.75,refl,0,-1,0.1308624188,0.06483861745,-0.04995047174,-5.983815029e-12,-2.550511666e-12,0.006699095939
15.17936496,19.75,refl,0,1,0.1308624188,0.06483861745,-0.04995047174,5.983912719e-12,2.550236965e-12,0.006699095939
15.17936496,19.75,refl,1,0,0.1308624188,-5.389029684e-16,4.177119498e-16,0.01074209402,-0.1083414655,0.01185326573
14.9896229,20,trans,0,0,0.4191690044,-7.932405087e-16,-1.139519829e-15,0.5387583233,0.3894545347,0.4419353656
14.9896229,20,trans,-1,0,0.1465949708,-3.766695559e-16,-5.403164462e-16,-0.03156781654,0.1323668462,0.01851750901
14.9896229,20,trans,0,-1,0.1465949708,0.0711642522,-0.05079086138,3.073763186e-12,-4.979193427e-12,0.007644062391
14.9896229,20,trans,0,1,0.1465949708,0.0711642522,-0.05079086138,-3.074988738e-12,4.977921205e-12,0.007644062391
14.9896229,20,trans,1,0,0.1465949708,-5.531725869e-16,-4.154172469e-16,-0.03156781653,0.1323668462,0.01851750901
14.9896229,20,refl,0,0,0.4191690044,-7.944531271e-16,-5.838756457e-16,-0.4637730583,0.4042132316,0.3784737862
14.9896229,20,refl,-1,0,0.1465949708,-2.283373511e-16,1.037710797e-16,0.027010205,-0.1145623576,0.01385408495
14.9896229,20,refl,0,-1,0.1465949708,0.0729097513,-0.05205238127,-6.85785059e-12,-2.978620707e-12,0.00802528223
14.9896229,20,refl,0,1,0.1465949708,0.0729097513,-0.05205238127,6.857895502e-12,2.97875431e-12,0.00802528223
14.9896229,20,refl,1,0,0.1465949708,-4.458161293e-16,3.634292676e-16,0.02701020499,-0.1145623576,0.01385408495
14.80456583,20.25,trans,0,0,0.4244086169,-3.253125475e-16,-6.200733699e-16,0.5075905172,0.3761884583,0.3991658894
14.80456583,20.25,trans,-1,0,0.1609661622,-6.884754977e-17,-4.302372143e-16,-0.04913812739,0.1287004368,0.01897835799
14.80456583,20.25,trans,0,-1,0.1609661622,0.07866072789,-0.04867856654,3.108020144e-12,-3.54246276e-12,0.008557112953
14.80456583,20.25,trans,0,1,0.1609661622,0.07866072789,-0.04867856654,-3.108253635e-12,3.541290617e-12,0.008557112953
14.80456583,20.25,trans,1,0,0.1609661622,-3.436140428e-16,-3.07702969e-16,-0.04913812738,0.1287004368,0.01897835799
14.80456583,20.25,refl,0,0,0.4244086169,-2.670467957e-16,-2.630280894e-16,-0.4941113749,0.3904158289,0.3965705703
14.80456583,20.25,refl,-1,0,0.1609661622,6.812788897e-18,7.48207344e-17,0.04587558857,-0.1181463229,0.01606312324
14.80456583,20.25,refl,0,-1,0.1609661622,0.07958387466,-0.04922966795,-5.893844421e-12,-2.172894297e-12,0.008757153312
14.80456583,20.25,refl,0,1,0.1609661622,0.07958387466,-0.04922966795,5.89355089e-12,2.173477867e-12,0.008757153312
14.80456583,20.25,refl,1,0,0.1609661622,-3.066234778e-16,2.976277178e-16,0.04587558856,-0.1181463229,0.01606312324
14.62402234,20.5,trans,0,0,0.4296482295,-6.484597488e-16,-6.7740588e-16,0.4724505237,0.3593509358,0.3523425923
14.62402234,20.5,trans,-1,0,0.1743130298,-1.433034404e-16,-1.906714285e-16,-0.06745597717,0.1238221745,0.01988223975
14.62402234,20.5,trans,0,-1,0.1743130298,0.08886643951,-0.04660341842,2.96370566e-12,-2.198247821e-12,0.01006912268
14.62402234,20.5,trans,0,1,0.1743130298,0.08886643951,-0.04660341842,-2.963855722e-12,2.197431071e-12,0.01006912268
14.62402234,20.5,trans,1,0,0.1743130298,-5.222473453e-16,-8.631701226e-17,-0.06745597716,0.1238221745,0.01988223975
14.62402234,20.5,refl,0,0,0.4296482295,-5.30600567e-16,-3.780283676e-16,-0.5283986259,0.3731472845,0.4184440038
14.62402234,20.5,refl,-1,0,0.1743130298,-1.6100137e-16,1.758703467e-16,0.06518065329,-0.1190260973,0.0184157294
14.62402234,20.5,refl,0,-1,0.1743130298,0.08891104726,-0.04681513843,-5.05151537e-12,-1.455961502e-12,0.01009683151
14.62402234,20.5,refl,0,1,0.1743130298,0.08891104726,-0.04681513843,5.051606104e-12,1.456610935e-12,0.01009683151
14.62402234,20.5,refl,1,0,0.1743130298,-5.511705602e-16,3.50201743e-16,0.06518065328,-0.1190260973,0.0184157294
14.4478293,20.75,trans,0,0,0.4348878421,-7.367652245e-16,3.97337644e-16,0.4324535543,0.3353255779,0.2994593198
14.4478293,20.75,trans,-1,0,0.1868552017,2.088226312e-16,-1.14709168e-16,-0.08761747055,0.1170218841,0.02137094251
14.4478293,20.75,trans,0,-1,0.1868552017,0.1029615838,-0.04415091798,2.695806153e-12,-9.396353449e-13,0.0125503913
14.4478293,20.75,trans,0,1,0.1868552017,0.1029615838,-0.04415091798,-2.694933087e-12,9.390616311e-13,0.0125503913
14.4478293,20.75,trans,1,0,0.1868552017,-2.368130419e-16,-3.968885697e-17,-0.08761747054,0.1170218841,0.02137094251
14.4478293,20.75,refl,0,0,0.4348878421,-5.923503917e-16,5.949936748e-16,-0.5675128656,0.3488176402,0.4437445987
14.4478293,20.75,refl,-1,0,0.1868552017,1.44502642e-16,1.16383441e-16,0.08614354851,-0.1169113135,0.02108896617
14.4478293,20.75,refl,0,-1,0.1868552017,0.1020956752,-0.04439184937,-4.314699374e-12,-8.080003175e-13,0.01239416318
14.4478293,20.75,refl,0,1,0.1868552017,0.1020956752,-0.04439184937,4.314083658e-12,8.088235078e-13,0.01239416318
14.4478293,20.75,refl,1,0,0.1868552017,-2.607358278e-16,2.364374037e-16,0.0861435485,-0.1169113135,0.02108896617
14.27583133,21,trans,0,0,0.4401274546,-6.293222782e-16,1.083413332e-15,0.3870641916,0.2976034809,0.2383865203
14.27583133,21,trans,-1,0,0.1987450818,1.684054253e-16,1.701634814e-16,-0.1109298316,0.1064133276,0.02362922382
14.27583133,21,trans,0,-1,0.1987450818,0.1228441479,-0.04008718036,2.342423766e-12,2.386089912e-13,0.01669766669
14.27583133,21,trans,0,1,0.1987450818,0.1228441479,-0.04008718036,-2.340480548e-12,-2.387631262e-13,0.01669766669
14.27583133,21,trans,1,0,0.1987450818,-3.180855083e-16,2.45882551e-16,-0.1109298316,0.1064133276,0.02362922382
14.27583133,21,refl,0,0,0.4401274546,-4.898637503e-16,1.167264051e-15,-0.6119718505,0.310972372,0.471213362
14.27583133,21,refl,-1,0,0.1987450818,9.972880156e-17,2.38196166e-16,0.110210963,-0.1101753974,0.02428507454
14.27583133,21,refl,0,-1,0.1987450818,0.1210453986,-0.04076902228,-3.668952575e-12,-2.16910207e-13,0.0163141017
14.27583133,21,refl,0,1,0.1987450818,0.1210453986,-0.04076902228,3.667439803e-12,2.177403574e-13,0.0163141017
14.27583133,21,refl,1,0,0.1987450818,-2.606624882e-16,3.376285511e-16,0.1102109629,-0.1101753974,0.02428507454
14.10788038,21.25,trans,0,0,0.4453670672,-3.912569355e-16,1.199580196e-15,0.3621409667,0.2300372263,0.1840632053
14.10788038,21.25,trans,-1,0,0.2100934453,1.005358475e-16,3.744848005e-16,-0.1285895155,0.08082317891,0.02306764974
14.10788038,21.25,trans,0,-1,0.2100934453,0.1403080598,-0.02674630421,2.82026584e-12,3.403858749e-13,0.02040171644
14.10788038,21.25,trans,0,1,0.2100934453,0.1403080598,-0.02674630421,-2.81788072e-12,-3.401154445e-13,0.02040171644
14.10788038,21.25,trans,1,0,0.2100934453,-2.410555457e-16,4.620703338e-16,-0.1285895155,0.08082317891,0.02306764974
14.10788038,21.25,refl,0,0,0.4453670672,-2.784575353e-16,1.377955406e-15,-0.6365596597,0.2433822868,0.4644431379
14.10788038,21.25,refl,-1,0,0.2100934453,1.93668725e-17,4.816423018e-16,0.1283111436,-0.08471908116,0.02364107228
14.10788038,21.25,refl,0,-1,0.2100934453,0.1383355573,-0.02791894798,-3.866174607e-12,-2.59124634e-13,0.01991619407
14.10788038,21.25,refl,0,1,0.2100934453,0.1383355573,-0.02791894798,3.864178326e-12,2.596771094e-13,0.01991619407
14.10788038,21.25,refl,1,0,0.2100934453,-1.802398548e-16,6.094656136e-16,0.1283111436,-0.08471908116,0.02364107228
13.94383526,21.5,trans,0,0,0.4506066797,-1.462421854e-15,2.590074255e-15,0.3632793592,0.130360105,0.1489656498
13.94383526,21.5,trans,-1,0,0.2209837348,-5.23472594e-16,8.365292031e-16,-0.1394909144,0.04161113138,0.02118920146
13.94383526,21.5,trans,0,-1,0.2209837348,0.1623840147,-0.0001056271053,3.286528066e-12,4.338801315e-13,0.0263685794
13.94383526,21.5,trans,0,1,0.2209837348,0.1623840147,-0.0001056271053,-3.283118942e-12,-4.310258663e-13,0.0263685794
13.94383526,21.5,trans,1,0,0.2209837348,-6.729978029e-16,9.401315671e-16,-0.1394909144,0.04161113138,0.02118920146
13.94383526,21.5,refl,0,0,0.4506066797,-1.400458932e-15,2.754469879e-15,-0.6349269808,0.143639834,0.4237646729
13.94383526,21.5,refl,-1,0,0.2209837348,-6.34474709e-16,9.526327194e-16,0.1399147752,-0.04552308229,0.02164849535
13.94383526,21.5,refl,0,-1,0.2209837348,0.1605226101,-0.001917554159,-4.052314445e-12,-3.007553223e-13,0.02577118537
13.94383526,21.5,refl,0,1,0.2209837348,0.1605226101,-0.001917554159,4.049166407e-12,2.989008655e-13,0.02577118537
13.94383526,21.5,refl,1,0,0.2209837348,-6.310333247e-16,1.117468272e-15,0.1399147752,-0.04552308229,0.02164849534
13.78356129,21.75,trans,0,0,0.4558462923,-3.520010078e-15,2.38283718e-15,0.4410205153,0.01074032198,0.1946144495
13.78356129,21.75,trans,-1,0,0.2314806113,-1.088836308e-15,8.499426805e-16,-0.1251314809,-0.01155079577,0.0157913084
13.78356129,21.75,trans,0,-1,0.2314806113,0.1763622912,0.05093504925,3.740019755e-12,5.183936723e-13,0.03369803702
13.78356129,21.75,trans,0,1,0.2314806113,0.1763622912,0.05093504925,-3.737682292e-12,-5.129174657e-13,0.03369803702
13.78356129,21.75,trans,1,0,0.2314806113,-1.094254477e-15,1.01480597e-15,-0.1251314809,-0.01155079578,0.01579130839
13.78356129,21.75,refl,0,0,0.4558462923,-3.549310379e-15,2.565808733e-15,-0.556403181,0.02407205737,0.3101639638
13.78356129,21.75,refl,-1,0,0.2314806113,-1.2657849e-15,1.00542526e-15,0.1265181583,0.008126782914,0.01607288898
13.78356129,21.75,refl,0,-1,0.2314806113,0.1752020059,0.04854359564,-4.227842599e-12,-3.399976251e-13,0.03305222355
13.78356129,21.75,refl,0,1,0.2314806113,0.1752020059,0.04854359564,4.225446339e-12,3.356823078e-13,0.03305222355
13.78356129,21.75,refl,1,0,0.2314806113,-1.115432959e-15,1.265964607e-15,0.1265181583,0.008126782914,0.01607288898
13.62692991,22,trans,0,0,0.4610859048,-4.847130059e-15,-3.20324646e-16,0.6268213353,-0.02606494916,0.3935843679
13.62692991,22,trans,-1,0,0.241635351,-1.887403155e-15,-1.645670452e-16,-0.06531935769,-0.04565600315,0.006351089113
13.62692991,22,trans,0,-1,0.241635351,0.1490449467,0.1155044511,4.180950914e-12,5.939546248e-13,0.03555567435
13.62692991,22,trans,0,1,0.241635351,0.1490449467,0.1155044511,-4.182492964e-12,-5.864921782e-13,0.03555567435
13.62692991,22,trans,1,0,0.241635351,-1.915828057e-15,1.857646915e-16,-0.06531935768,-0.04565600315,0.006351089111
13.62692991,22,refl,0,0,0.4610859048,-4.943457934e-15,-2.276025485e-16,-0.3696796741,-0.01216403855,0.1368110253
13.62692991,22,refl,-1,0,0.241635351,-2.163214618e-15,-6.597897086e-17,0.06725267383,0.04361596672,0.006425274691
13.62692991,22,refl,0,-1,0.241635351,0.1491252779,0.1133635961,-4.394367192e-12,-3.761115395e-13,0.03508965343
13.62692991,22,refl,0,1,0.241635351,0.1491252779,0.1133635961,4.395359063e-12,3.697420873e-13,0.03508965343
13.62692991,22,refl,1,0,0.241635351,-2.065560208e-15,4.555246243e-16,0.06725267381,0.04361596672,0.006425274688
13.47381834,22.25,trans,0,0,0.4663255174,-3.086149387e-15,-3.687910793e-15,0.7444186369,0.1166712849,0.5677712956
13.47381834,22.25,trans,-1,0,0.2514894022,-1.10261592e-15,-1.563568062e-15,-0.01331272052,-0.009822158353,0.0002737033224
13.47381834,22.25,trans,0,-1,0.2514894022,0.08433711975,0.1278305987,4.869680987e-12,7.077384123e-13,0.02345341174
13.47381834,22.25,trans,0,1,0.2514894022,0.08433711975,0.1278305987,-4.874396732e-12,-7.054239064e-13,0.02345341174
13.47381834,22.25,trans,1,0,0.2514894022,-1.003670259e-15,-1.32871792e-15,-0.0133127205,-0.009822158354,0.000273703322
13.47381834,22.25,refl,0,0,0.4663255174,-3.127950391e-15,-3.692610795e-15,-0.2518724635,0.1316058238,0.08075983074
13.47381834,22.25,refl,-1,0,0.2514894022,-1.390821402e-15,-1.564584513e-15,0.01420253685,0.008958504149,0.0002819668494
13.47381834,22.25,refl,0,-1,0.2514894022,0.08473936337,0.1268639061,-4.672549512e-12,-4.832093682e-13,0.02327521037
13.47381834,22.25,refl,0,1,0.2514894022,0.08473936337,0.1268639061,4.676512857e-12,4.815597294e-13,0.02327521037
13.47381834,22.25,refl,1,0,0.2514894022,-1.258116242e-15,-1.169168458e-15,0.01420253682,0.008958504148,0.0002819668488
13.32410924,22.5,trans,0,0,0.4715651299,-3.569848349e-16,-2.792834426e-15,0.7341809058,0.2574024794,0.6052776388
13.32410924,22.5,trans,-1,0,0.2610768144,-2.890909377e-16,-1.461826671e-15,-0.005623738645,0.03443382195,0.00121731453
13.32410924,22.5,trans,0,-1,0.2610768144,0.043215968,0.1081248306,5.543597094e-12,8.098596793e-13,0.01355859889
13.32410924,22.5,trans,0,1,0.2610768144,0.043215968,0.1081248306,-5.547042026e-12,-8.101841893e-13,0.01355859889
13.32410924,22.5,trans,1,0,0.2610768144,-1.302441078e-16,-1.279266199e-15,-0.005623738627,0.03443382195,0.00121731453
13.32410924,22.5,refl,0,0,0.4715651299,-3.07012167e-16,-2.784889601e-15,-0.2622295543,0.2730573189,0.1433246386
13.32410924,22.5,refl,-1,0,0.2610768144,-5.338102643e-16,-1.557573822e-15,0.005310478837,-0.03508622588,0.001259244432
13.32410924,22.5,refl,0,-1,0.2610768144,0.04317868794,0.1080918937,-4.948136581e-12,-5.865412214e-13,0.01354825659
13.32410924,22.5,refl,0,1,0.2610768144,0.04317868794,0.1080918937,4.95088506e-12,5.871692599e-13,0.01354825659
13.32410924,22.5,refl,1,0,0.2610768144,-3.777617889e-16,-1.250068424e-15,0.005310478815,-0.03508622588,0.001259244432
13.17769046,22.75,trans,0,0,0.4768047425,4.652002999e-16,-1.686071499e-15,0.6750952992,0.3420977414,0.5727845276
13.17769046,22.75,trans,-1,0,0.2704259486,1.578533756e-16,-8.875816073e-16,-0.01876980027,0.06268602161,0.004281842707
13.17769046,22.75,trans,0,-1,0.2704259486,0.02578212412,0.08637477778,6.20339494e-12,9.009568105e-13,0.00812532016
13.17769046,22.75,trans,0,1,0.2704259486,0.02578212412,0.08637477778,-6.204808439e-12,-9.017495121e-13,0.00812532016
13.17769046,22.75,trans,1,0,0.2704259486,3.381070837e-16,-6.512143861e-16,-0.01876980025,0.06268602161,0.004281842706
13.17769046,22.75,refl,0,0,0.4768047425,5.210102198e-16,-1.69243974e-15,-0.3214364898,0.3582103699,0.2316360861
13.17769046,22.75,refl,-1,0,0.2704259486,-2.045948848e-17,-1.033446045e-15,0.01761464289,-0.06355920421,0.004350048084
13.17769046,22.75,refl,0,-1,0.2704259486,0.02512504495,0.08684252458,-5.222569541e-12,-6.854349462e-13,0.008172891959
13.17769046,22.75,refl,0,1,0.2704259486,0.02512504495,0.08684252458,5.223427748e-12,6.863156456e-13,0.008172891959
13.17769046,22.75,refl,1,0,0.2704259486,1.36492434e-16,-7.017113023e-16,0.01761464287,-0.06355920421,0.004350048083
13.0344547,23,trans,0,0,0.482044355,7.358500994e-16,-9.371734527e-16,0.6098520568,0.3875603697,0.5221225714
13.0344547,23,trans,-1,0,0.2795607116,6.977495836e-18,-5.457710024e-16,-0.03681951118,0.07765295544,0.007385657892
13.0344547,23,trans,0,-1,0.2795607116,0.0201289885,0.07070287675,6.851479928e-12,9.808418094e-13,0.005404072959
13.0344547,23,trans,0,1,0.2795607116,0.0201289885,0.07070287675,-6.852060314e-12,-9.819272089e-13,0.005404072959
13.0344547,23,trans,1,0,0.2795607116,2.347385991e-16,-3.262054492e-16,-0.03681951116,0.07765295544,0.00738565789
13.0344547,23,refl,0,0,0.482044355,8.538509853e-16,-8.819302605e-16,-0.3867343039,0.404012345,0.3127893968
13.0344547,23,refl,-1,0,0.2795607116,-9.589545462e-17,-7.168098766e-16,0.03511379994,-0.07882780713,0.007446802123
13.0344547,23,refl,0,-1,0.2795607116,0.01890345218,0.07141690618,-5.498869539e-12,-7.78710756e-13,0.005457714993
13.0344547,23,refl,0,1,0.2795607116,0.01890345218,0.07141690618,5.499042243e-12,7.79778718e-13,0.005457714993
13.0344547,23,refl,1,0,0.2795607116,1.033015251e-16,-4.222061677e-16,0.03511379992,-0.07882780713,0.007446802122
12.89429927,23.25,trans,0,0,0.4872839676,3.552131284e-16,-3.077852225e-16,0.5450255297,0.3977936768,0.4552926373
12.89429927,23.25,trans,-1,0,0.2885014667,1.897349742e-16,-4.740679877e-16,-0.0550490486,0.07970424857,0.009383164992
12.89429927,23.25,trans,0,-1,0.2885014667,0.01915262829,0.05899886832,7.695626987e-12,1.118586829e-12,0.003847689633
12.89429927,23.25,trans,0,1,0.2885014667,0.01915262829,0.05899886832,-7.695832481e-12,-1.119583396e-12,0.003847689633
12.89429927,23.25,trans,1,0,0.2885014667,3.460584162e-16,-3.83023747e-16,-0.05504904858,0.07970424857,0.009383164989
12.89429927,23.25,refl,0,0,0.4872839676,4.402072228e-16,-2.301441549e-16,-0.4515734627,0.4145664944,0.3757839706
12.89429927,23.25,refl,-1,0,0.2885014667,1.527113844e-16,-6.329693901e-16,0.05289445055,-0.08124961794,0.009399323314
12.89429927,23.25,refl,0,-1,0.2885014667,0.01746151753,0.0597509617,-5.982453944e-12,-9.871223685e-13,0.003875082018
12.89429927,23.25,refl,0,1,0.2885014667,0.01746151753,0.0597509617,5.982366732e-12,9.880631287e-13,0.003875082018
12.89429927,23.25,refl,1,0,0.2885014667,2.76322402e-16,-4.836370273e-16,0.05289445053,-0.08124961794,0.009399323312
12.75712587,23.5,trans,0,0,0.4925235802,1.263574462e-17,-5.527244531e-18,0.4880172354,0.3982981357,0.396802227
12.75712587,23.5,trans,-1,0,0.2972657199,3.219378702e-17,-3.24832487e-16,-0.07066902848,0.07804272372,0.01108477831
12.75712587,23.5,trans,0,-1,0.2972657199,0.01925530483,0.05164700169,8.533351597e-12,1.242263479e-12,0.003038179548
12.75712587,23.5,trans,0,1,0.2972657199,0.01925530483,0.05164700169,-8.533815891e-12,-1.242825184e-12,0.003038179548
12.75712587,23.5,trans,1,0,0.2972657199,1.090493935e-16,-3.071823845e-16,-0.07066902846,0.07804272372,0.01108477831
12.75712587,23.5,refl,0,0,0.4925235802,1.15137805e-16,8.135279632e-17,-0.508564433,0.4153923638,0.4311885984
12.75712587,23.5,refl,-1,0,0.2972657199,4.372989403e-17,-4.722037831e-16,0.06816021056,-0.07987501762,0.01102583274
12.75712587,23.5,refl,0,-1,0.2972657199,0.01718761289,0.05240536341,-6.482133648e-12,-1.186849159e-12,0.003041736151
12.75712587,23.5,refl,0,1,0.2972657199,0.01718761289,0.05240536341,6.482394398e-12,1.187335622e-12,0.003041736151
12.75712587,23.5,refl,1,0,0.2972657199,8.515821469e-17,-3.993724e-16,0.06816021053,-0.07987501762,0.01102583274
12.62284034,23.75,trans,0,0,0.4977631927,-2.73313378e-16,-2.783647994e-17,0.4360261553,0.3930796342,0.3446304069
12.62284034,23.75,trans,-1,0,0.3058686438,2.481229744e-17,-1.907299794e-16,-0.0845039717,0.07410865971,0.01263301468
12.62284034,23.75,trans,0,-1,0.3058686438,0.01984550663,0.04730872132,9.376282072e-12,1.353428978e-12,0.002631959246
12.62284034,23.75,trans,0,1,0.3058686438,0.01984550663,0.04730872132,-9.376313804e-12,-1.353881161e-12,0.002631959246
12.62284034,23.75,trans,1,0,0.3058686438,2.3236696e-17,-1.982380628e-16,-0.08450397168,0.07410865971,0.01263301467
12.62284034,23.75,refl,0,0,0.4977631927,-1.693492679e-16,1.226953519e-16,-0.5605290048,0.4104954142,0.4826992503
12.62284034,23.75,refl,-1,0,0.3058686438,7.672493963e-17,-3.234093214e-16,0.08169223329,-0.07616070347,0.01247407373
12.62284034,23.75,refl,0,-1,0.3058686438,0.01746406105,0.0480551394,-7.009020215e-12,-1.378407888e-12,0.002614289852
12.62284034,23.75,refl,0,1,0.3058686438,0.01746406105,0.0480551394,7.008919485e-12,1.378771287e-12,0.002614289852
12.62284034,23.75,refl,1,0,0.3058686438,3.60059181e-17,-2.899243656e-16,0.08169223326,-0.07616070347,0.01247407373
12.49135242,24,trans,0,0,0.5030028053,-3.421126574e-16,-7.286296005e-17,0.3870365705,0.3840044137,0.2972566967
12.49135242,24,trans,-1,0,0.3143234852,-3.270303269e-16,-9.44103824e-17,-0.09716111291,0.06856729075,0.01414175522
12.49135242,24,trans,0,-1,0.3143234852,0.02071522516,0.04518217857,1.02392488e-11,1.454502998e-12,0.002470549814
12.49135242,24,trans,0,1,0.3143234852,0.02071522516,0.04518217857,-1.023887494e-11,-1.454966242e-12,0.002470549814
12.49135242,24,trans,1,0,0.3143234852,-3.820054819e-16,-2.106139168e-16,-0.09716111288,0.06856729075,0.01414175522
12.49135242,24,refl,0,0,0.5030028053,-2.340768919e-16,7.017398828e-17,-0.6094947356,0.4017400723,0.5328789184
12.49135242,24,refl,-1,0,0.3143234852,-2.248233712e-16,-2.358529945e-16,0.09407507016,-0.07078514621,0.01386065575
12.49135242,24,refl,0,-1,0.3143234852,0.01806684803,0.04590349975,-7.577816285e-12,-1.563432649e-12,0.002433542287
12.49135242,24,refl,0,1,0.3143234852,0.01806684803,0.04590349975,7.577369818e-12,1.563807851e-12,0.002433542287
12.49135242,24,refl,1,0,0.3143234852,-3.267376227e-16,-3.044255862e-16,0.09407507013,-0.07078514621,0.01386065574
12.36257559,24.25,trans,0,0,0.5082424178,-5.342890483e-16,6.05757918e-17,0.3450264382,0.3606811776,0.2491341549
12.36257559,24.25,trans,-1,0,0.3226418859,-4.603695891e-16,7.077636158e-17,-0.105551938,0.05940154425,0.01466975507
12.36257559,24.25,trans,0,-1,0.3226418859,0.02120455633,0.04243925694,1.128312776e-11,1.651067097e-12,0.002250723739
12.36257559,24.25,trans,0,1,0.3226418859,0.02120455633,0.04243925694,-1.128353305e-11,-1.651279406e-12,0.002250723739
12.36257559,24.25,trans,1,0,0.3226418859,-4.554822188e-16,3.730175432e-17,-0.105551938,0.05940154425,0.01466975507
12.36257559,24.25,refl,0,0,0.5082424178,-4.368755923e-16,2.506214294e-16,-0.6515146438,0.3787700223,0.5679380609
12.36257559,24.25,refl,-1,0,0.3226418859,-3.103092214e-16,-3.021636043e-17,0.1021860529,-0.06172687845,0.01425219693
12.36257559,24.25,refl,0,-1,0.3226418859,0.01844275343,0.04309555151,-8.520767637e-12,-1.906280375e-12,0.002197361714
12.36257559,24.25,refl,0,1,0.3226418859,0.01844275343,0.04309555151,8.52113866e-12,1.906406456e-12,0.002197361714
12.36257559,24.25,refl,1,0,0.3226418859,-3.594673739e-16,-3.501322382e-17,0.1021860529,-0.06172687845,0.01425219692
12.23642686,24.5,trans,0,0,0.5134820304,-6.435827104e-16,2.294655698e-16,0.3046473664,0.3350740364,0.2050846278
12.23642686,24.5,trans,-1,0,0.3308341378,-5.180293415e-17,4.062506802e-17,-0.113138782,0.049646545,0.01526516343
12.23642686,24.5,trans,0,-1,0.3308341378,0.02142565464,0.04090426662,1.242125354e-11,1.847506451e-12,0.002132217704
12.23642686,24.5,trans,0,1,0.3308341378,0.02142565464,0.04090426662,-1.242161163e-11,-1.84742674e-12,0.002132217704
12.23642686,24.5,trans,1,0,0.3308341378,-1.513852736e-17,6.48039618e-17,-0.113138782,0.049646545,0.01526516342
12.23642686,24.5,refl,0,0,0.5134820304,-5.558982696e-16,3.828721143e-16,-0.6919159649,0.3535024263,0.6037116679
12.23642686,24.5,refl,-1,0,0.3308341378,1.419299808e-16,-3.831153892e-17,0.1094935935,-0.05203506367,0.01469649487
12.23642686,24.5,refl,0,-1,0.3308341378,0.01859346258,0.04149343886,-9.584402521e-12,-2.249732092e-12,0.002067422319
12.23642686,24.5,refl,0,1,0.3308341378,0.01859346258,0.04149343886,9.584746956e-12,2.249566904e-12,0.002067422319
12.23642686,24.5,refl,1,0,0.3308341378,1.158273372e-16,6.211322687e-18,0.1094935935,-0.05203506367,0.01469649487
12.11282659,24.75,trans,0,0,0.5187216429,-6.789088279e-16,7.722063056e-17,0.2653212233,0.306834497,0.1645427601
12.11282659,24.75,trans,-1,0,0.3389093892,2.827771751e-16,-1.05184985e-16,-0.1200605229,0.03918359759,0.01594988349
12.11282659,24.75,trans,0,-1,0.3389093892,0.02146384344,0.04041068145,1.37287022e-11,2.05735238e-12,0.00209371975
12.11282659,24.75,trans,0,1,0.3389093892,0.02146384344,0.04041068145,-1.372942338e-11,-2.056877344e-12,0.00209371975
12.11282659,24.75,trans,1,0,0.3389093892,3.654618475e-16,-5.640372002e-17,-0.1200605229,0.03918359759,0.01594988348
12.11282659,24.75,refl,0,0,0.5187216429,-5.825434316e-16,2.873564787e-16,-0.731279684,0.3255857455,0.6407760539
12.11282659,24.75,refl,-1,0,0.3389093892,5.116465865e-16,-1.511521816e-16,0.1161319347,-0.04159949758,0.01521714446
12.11282659,24.75,refl,0,-1,0.3389093892,0.01859985236,0.04092913094,-1.084622248e-11,-2.607233942e-12,0.002021148267
12.11282659,24.75,refl,0,1,0.3389093892,0.01859985236,0.04092913094,1.084694633e-11,2.606695502e-12,0.002021148267
12.11282659,24.75,refl,1,0,0.3389093892,5.220464048e-16,-7.631019562e-17,0.1161319347,-0.04159949758,0.01521714446
11.99169832,25,trans,0,0,0.5239612555,-5.451302401e-16,-2.633332397e-16,0.226725669,0.2754772444,0.1272922412
11.99169832,25,trans,-1,0,0.3468758113,1.702341301e-16,-9.551099634e-17,-0.1263659661,0.02786761984,0.01674496163
11.99169832,25,trans,0,-1,0.3468758113,0.02139686651,0.04084808507,1.535022869e-11,2.306665512e-12,0.002126391951
11.99169832,25,trans,0,1,0.3468758113,0.02139686651,0.04084808507,-1.535086647e-11,-2.305898281e-12,0.002126391951
11.99169832,25,trans,1,0,0.3468758113,2.569832508e-16,5.982615823e-17,-0.1263659661,0.02786761984,0.01674496162
11.99169832,25,refl,0,0,0.5239612555,-4.66656415e-16,-4.683317699e-17,-0.7699302492,0.2945320745,0.6795417316
11.99169832,25,refl,-1,0,0.3468758113,4.303623641e-16,-1.009075017e-16,0.1221458849,-0.03028116186,0.01583656597
11.99169832,25,refl,0,-1,0.3468758113,0.01853704532,0.04129193555,-1.245778827e-11,-3.005586384e-12,0.002048645991
11.99169832,25,refl,0,1,0.3468758113,0.01853704532,0.04129193555,1.245843086e-11,3.004762972e-12,0.002048645991
11.99169832,25,refl,1,0,0.3468758113,4.373909251e-16,6.130334733e-17,0.1221458849,-0.03028116186,0.01583656596
11.87296863,25.25,trans,0,0,0.529200868,-6.256080512e-16,-4.532747795e-16,0.199165943,0.2348051074,0.0948005113
11.87296863,25.25,trans,-1,0,0.3547407363,6.777611484e-17,-1.220260205e-16,-0.1282726784,0.01616758927,0.01671527096
11.87296863,25.25,trans,0,-1,0.3547407363,0.02189327384,0.04001138839,1.7814429e-11,2.892871338e-12,0.00208022664
11.87296863,25.25,trans,0,1,0.3547407363,0.02189327384,0.04001138839,-1.781459952e-11,-2.892662969e-12,0.00208022664
11.87296863,25.25,trans,1,0,0.3547407363,2.22779161e-16,-3.373138318e-17,-0.1282726783,0.01616758927,0.01671527095
11.87296863,25.25,refl,0,0,0.529200868,-5.790865741e-16,-2.910583595e-16,-0.7975744877,0.2541442049,0.7007143403
11.87296863,25.25,refl,-1,0,0.3547407363,3.389734182e-16,-1.007067186e-16,0.1237920076,-0.01850016454,0.01566671723
11.87296863,25.25,refl,0,-1,0.3547407363,0.01922181059,0.04039759767,-1.527218446e-11,-3.771841656e-12,0.0020014439
11.87296863,25.25,refl,0,1,0.3547407363,0.01922181059,0.04039759767,1.527236161e-11,3.771571717e-12,0.0020014439
11.87296863,25.25,refl,1,0,0.3547407363,4.062388911e-16,-1.101942141e-17,0.1237920075,-0.01850016455,0.01566671722
11.75656698,25.5,trans,0,0,0.5344404806,-5.627213295e-16,-5.294712386e-16,0.1733306822,0.1906757651,0.06640077276
11.75656698,25.5,trans,-1,0,0.3625107702,-1.386855364e-17,-5.858841751e-16,-0.1295013718,0.003799241738,0.01678503953
11.75656698,25.5,trans,0,-1,0.3625107702,0.02233697229,0.03977925288,2.209886614e-11,3.919858008e-12,0.00208132929
11.75656698,25.5,trans,0,1,0.3625107702,0.02233697229,0.03977925288,-2.209927572e-11,-3.919573215e-12,0.00208132929
11.75656698,25.5,trans,1,0,0.3625107702,1.341154747e-16,-5.200933856e-16,-0.1295013717,0.003799241744,0.01678503952
11.75656698,25.5,refl,0,0,0.5344404806,-5.654042957e-16,-3.148191198e-16,-0.8234971651,0.2102684889,0.7223604184
11.75656698,25.5,refl,-1,0,0.3625107702,2.668961293e-16,-5.238716049e-16,0.1247403233,-0.006041264226,0.01559664513
11.75656698,25.5,refl,0,-1,0.3625107702,0.01989064862,0.04011586583,-2.001600444e-11,-4.986577208e-12,0.002004920594
11.75656698,25.5,refl,0,1,0.3625107702,0.01989064862,0.04011586583,2.001641514e-11,4.986224859e-12,0.002004920594
11.75656698,25.5,refl,1,0,0.3625107702,3.185468764e-16,-4.603432222e-16,0.1247403233,-0.006041264233,0.01559664512
11.64242555,25.75,trans,0,0,0.5396800932,-2.18261172e-16,-5.592944738e-16,0.1497466767,0.1422257547,0.0426522325
11.64242555,25.75,trans,-1,0,0.3701918883,1.314064896e-16,-4.682583439e-16,-0.1298821356,-0.009429417825,0.01695828307
11.64242555,25.75,trans,0,-1,0.3701918883,0.02292361604,0.04018986811,3.330371106e-11,7.07722895e-12,0.002140717671
11.64242555,25.75,trans,0,1,0.3701918883,0.02292361604,0.04018986811,-3.330407017e-11,-7.077624401e-12,0.002140717671
11.64242555,25.75,trans,1,0,0.3701918883,3.181025465e-16,-4.548385996e-16,-0.1298821356,-0.009429417815,0.01695828306
11.64242555,25.75,refl,0,0,0.5396800932,-2.495444332e-16,-4.043395678e-16,-0.8471707706,0.16204137,0.7439557202
11.64242555,25.75,refl,-1,0,0.3701918883,4.142525602e-16,-3.684500296e-16,0.1248150831,0.007283037262,0.0156318476
11.64242555,25.75,refl,0,-1,0.3701918883,0.02073762187,0.04049080719,-3.207429734e-11,-8.394917425e-12,0.002069554428
11.64242555,25.75,refl,0,1,0.3701918883,0.02073762187,0.04049080719,3.207465373e-11,8.395245711e-12,0.002069554428
11.64242555,25.75,refl,1,0,0.3701918883,4.970765968e-16,-3.661168804e-16,0.124815083,0.00728303725,0.01563184758
11.53047915,26,trans,0,0,0.5449197057,-6.173127151e-16,-9.543570312e-16,0.1293435517,0.08802681713,0.0244784749
11.53047915,26,trans,-1,0,0.377789514,6.488694589e-16,-7.612508874e-16,-0.1291485245,-0.0238514588,0.01724823348
11.53047915,26,trans,0,-1,0.377789514,0.02402374898,0.04137488164,1.109726034e-10,2.524255648e-10,0.002289021346
11.53047915,26,trans,0,1,0.377789514,0.02402374898,0.04137488164,-1.109732156e-10,-2.524254346e-10,0.002289021346
11.53047915,26,trans,1,0,0.377789514,8.1194785e-16,-7.480341329e-16,-0.1291485244,-0.02385145851,0.01724823343
11.53047915,26,refl,0,0,0.5449197057,-6.666410396e-16,-7.296734719e-16,-0.867664567,0.1080357421,0.7645135224
11.53047915,26,refl,-1,0,0.377789514,9.348163104e-16,-6.286420664e-16,0.1237380242,0.02180203226,0.01578642725
11.53047915,26,refl,0,-1,0.377789514,0.02213200926,0.04166538509,-1.158683656e-10,-2.666014143e-10,0.002225830149
11.53047915,26,refl,0,1,0.377789514,0.02213200926,0.04166538509,1.158689518e-10,2.666012104e-10,0.002225830149
11.53047915,26,refl,1,0,0.377789514,9.875111231e-16,-6.334846669e-16,0.1237380241,0.02180203195,0.01578642719
11.42066507,26.25,trans,0,0,0.5501593183,1.609238573e-16,-2.69937643e-16,0.1244660723,0.02664077684,0.01620153414
11.42066507,26.25,trans,-1,0,0.3853085863,6.31165202e-17,-1.478321691e-16,-0.1247697822,-0.03771613339,0.01699000527
11.42066507,26.25,trans,0,-1,0.3853085863,0.02766906237,0.04262347389,-1.134946432e-11,-2.457405421e-13,0.002582337539
11.42066507,26.25,trans,0,1,0.3853085863,0.02766906237,0.04262347389,1.134860699e-11,2.454070009e-13,0.002582337539
11.42066507,26.25,trans,1,0,0.3853085863,2.522139509e-16,-8.259880827e-17,-0.1247697822,-0.03771613339,0.01699000526
11.42066507,26.25,refl,0,0,0.5501593183,8.440132034e-17,-1.149218101e-16,-0.872601284,0.04680422541,0.7636236364
11.42066507,26.25,refl,-1,0,0.3853085863,3.193645496e-16,1.050541282e-17,0.119060158,0.03580479448,0.01545730452
11.42066507,26.25,refl,0,-1,0.3853085863,0.02618936369,0.0429987065,1.420854425e-11,-1.284622574e-12,0.002534771532
11.42066507,26.25,refl,0,1,0.3853085863,0.02618936369,0.0429987065,-1.420776115e-11,1.284866743e-12,0.002534771532
11.42066507,26.25,refl,1,0,0.3853085863,3.986173839e-16,5.499058339e-17,0.119060158,0.03580479448,0.01545730452
11.31292294,26.5,trans,0,0,0.5553989308,4.770125527e-16,1.320185231e-15,0.1453812034,-0.07357721423,0.02654930075
11.31292294,26.5,trans,-1,0,0.3927536169,1.707214294e-15,1.258888454e-15,-0.1144071996,-0.06232997009,0.0169740325
11.31292294,26.5,trans,0,-1,0.3927536169,0.04156705171,0.05198289389,4.055508059e-12,1.316613834e-12,0.004430041045
11.31292294,26.5,trans,0,1,0.3927536169,0.04156705171,0.05198289389,-4.058120019e-12,-1.313601114e-12,0.004430041045
11.31292294,26.5,trans,1,0,0.3927536169,1.691129015e-15,9.319408108e-16,-0.1144071996,-0.06232997009,0.01697403249
11.31292294,26.5,trans,-1,-1,0.00654483146,-0.008196152021,0.03868297522,-0.01202737785,-0.00505686227,0.001733779154
11.31292294,26.5,trans,-1,1,0.00654483146,-0.008196152021,0.03868297522,0.01202737785,0.00505686227,0.001733779154
11.31292294,26.5,trans,1,-1,0.00654483146,0.008196151989,-0.03868297522,-0.01202737786,-0.005056862264,0.001733779154
11.31292294,26.5,trans,1,1,0.00654483146,0.008196151989,-0.03868297522,0.01202737786,0.005056862264,0.001733779154
11.31292294,26.5,refl,0,0,0.5553989308,3.808088575e-16,1.424878319e-15,-0.8517222234,-0.05305113655,0.7282451689
11.31292294,26.5,refl,-1,0,0.3927536169,1.953007194e-15,1.479322421e-15,0.1079788486,0.06037597466,0.01530469007
11.31292294,26.5,refl,0,-1,0.3927536169,0.04042287842,0.05287769234,-2.501082454e-12,-2.897653453e-12,0.004430059447
11.31292294,26.5,refl,0,1,0.3927536169,0.04042287842,0.05287769234,2.50354056e-12,2.89464198e-12,0.004430059447
11.31292294,26.5,refl,1,0,0.3927536169,1.836060656e-15,1.101903113e-15,0.1079788486,0.06037597466,0.01530469006
11.31292294,26.5,refl,-1,-1,0.00654483146,-0.008345464623,0.03891865663,0.003851515543,0.0006131481524,0.001599518736
11.31292294,26.5,refl,-1,1,0.00654483146,-0.008345464623,0.03891865663,-0.003851515543,-0.0006131481524,0.001599518736
11.31292294,26.5,refl,1,-1,0.00654483146,0.008345464591,-0.03891865663,0.003851515538,0.000613148155,0.001599518736
11.31292294,26.5,refl,1,1,0.00654483146,0.008345464591,-0.03891865663,-0.003851515538,-0.000613148155,0.001599518736
11.20719469,26.75,trans,0,0,0.5606385434,-5.699134521e-21,1.056594226e-16,0.1958701748,-0.0740984977,0.04385571274
11.20719469,26.75,trans,-1,0,0.4001287387,2.148575687e-17,-4.575494143e-17,-0.0936241888,-0.05953926459,0.01231041276
11.20719469,26.75,trans,0,-1,0.4001287387,0.02478248816,0.06632522085,5.727216381e-12,4.58244082e-12,0.005013206641
11.20719469,26.75,trans,0,1,0.4001287387,0.02478248816,0.06632522085,-5.727862448e-12,-4.582580392e-12,0.005013206641
11.20719469,26.75,trans,1,0,0.4001287387,1.476344077e-16,1.663542743e-18,-0.09362418877,-0.05953926458,0.01231041275
11.20719469,26.75,trans,-1,-1,0.076749194,-0.04878593249,0.1020430009,-0.01495624674,-0.02980112283,0.01390463748
11.20719469,26.75,trans,-1,1,0.076749194,-0.04878593249,0.1020430009,0.01495624674,0.02980112283,0.01390463748
11.20719469,26.75,trans,1,-1,0.076749194,0.04878593241,-0.1020430008,-0.01495624674,-0.02980112282,0.01390463746
11.20719469,26.75,trans,1,1,0.076749194,0.04878593241,-0.1020430008,0.01495624674,0.02980112282,0.01390463746
11.20719469,26.75,refl,0,0,0.5606385434,-8.060296588e-17,2.367834444e-16,-0.8014233159,-0.0537323476,0.6451664964
11.20719469,26.75,refl,-1,0,0.4001287387,1.772574942e-16,1.576231802e-16,0.08733053854,0.05714389131,0.01089204728
11.20719469,26.75,refl,0,-1,0.4001287387,0.02363054035,0.06684788845,-4.901574114e-12,-6.429126026e-12,0.005027042627
11.20719469,26.75,refl,0,1,0.4001287387,0.02363054035,0.06684788845,4.902010775e-12,6.42909962e-12,0.005027042627
11.20719469,26.75,refl,1,0,0.4001287387,2.090451904e-16,1.646606675e-16,0.08733053851,0.0571438913,0.01089204727
11.20719469,26.75,refl,-1,-1,0.076749194,-0.04900190103,0.1023800899,0.01363117659,0.02905730392,0.013913005
11.20719469,26.75,refl,-1,1,0.076749194,-0.04900190103,0.1023800899,-0.01363117659,-0.02905730392,0.013913005
11.20719469,26.75,refl,1,-1,0.076749194,0.04900190096,-0.1023800899,0.01363117659,0.02905730392,0.01391300499
11.20719469,26.75,refl,1,1,0.076749194,0.04900190096,-0.1023800899,-0.01363117659,-0.02905730392,0.01391300499
11.10342437,27,trans,0,0,0.5658781559,1.603444787e-16,-2.344581422e-16,0.2087310341,-0.09224037703,0.05207693177
11.10342437,27,trans,-1,0,0.4074377481,1.194015884e-16,1.066799133e-16,-0.08410892216,-0.06029026468,0.0107092268
11.10342437,27,trans,0,-1,0.4074377481,0.01403530191,0.06965807062,6.766009551e-12,5.173998507e-12,0.005049236502
11.10342437,27,trans,0,1,0.4074377481,0.01403530191,0.06965807062,-6.766445783e-12,-5.174066515e-12,0.005049236502
11.10342437,27,trans,1,0,0.4074377481,1.784364289e-16,8.554567545e-17,-0.08410892213,-0.06029026467,0.0107092268
11.10342437,27,trans,-1,-1,0.108595349,-0.06572572884,0.1037967403,-0.009123879183,-0.04105794564,0.0168626348
11.10342437,27,trans,-1,1,0.108595349,-0.06572572884,0.1037967403,0.009123879183,0.04105794564,0.0168626348
11.10342437,27,trans,1,-1,0.108595349,0.06572572877,-0.1037967402,-0.009123879183,-0.04105794563,0.01686263477
11.10342437,27,trans,1,1,0.108595349,0.06572572877,-0.1037967402,0.009123879183,0.04105794563,0.01686263477
11.10342437,27,refl,0,0,0.5658781559,6.461261757e-17,-7.82612498e-17,-0.7885627199,-0.07188386094,0.6269984526
11.10342437,27,refl,-1,0,0.4074377481,2.408010381e-16,3.051830954e-16,0.07789725947,0.05777844088,0.009406331264
11.10342437,27,refl,0,-1,0.4074377481,0.01323596709,0.07001116215,-6.54253968e-12,-7.14512823e-12,0.005076753651
11.10342437,27,refl,0,1,0.4074377481,0.01323596709,0.07001116215,6.542740177e-12,7.144986278e-12,0.005076753651
11.10342437,27,refl,1,0,0.4074377481,2.026849799e-16,2.353363001e-16,0.07789725943,0.05777844087,0.009406331256
11.10342437,27,refl,-1,-1,0.108595349,-0.06584018417,0.1040510299,0.008373737928,0.04058196444,0.01687856199
11.10342437,27,refl,-1,1,0.108595349,-0.06584018417,0.1040510299,-0.008373737928,-0.04058196444,0.01687856199
11.10342437,27,refl,1,-1,0.108595349,0.0658401841,-0.1040510298,0.008373737927,0.04058196444,0.01687856197
11.10342437,27,refl,1,1,0.108595349,0.0658401841,-0.1040510298,-0.008373737927,-0.04058196444,0.01687856197
11.00155809,27.25,trans,0,0,0.5711177685,2.346902655e-16,7.425803055e-18,0.2208484985,-0.1115357533,0.06121428357
11.00155809,27.25,trans,-1,0,0.4146841409,-1.033248757e-16,-2.068029388e-18,-0.07652826139,-0.06009202885,0.009467626723
11.00155809,27.25,trans,0,-1,0.4146841409,0.005786092996,0.06991162699,7.393433728e-12,5.632126035e-12,0.004921114461
11.00155809,27.25,trans,0,1,0.4146841409,0.005786092996,0.06991162699,-7.393699307e-12,-5.632278398e-12,0.004921114461
11.00155809,27.25,trans,1,0,0.4146841409,-2.680778836e-19,7.435331586e-17,-0.07652826136,-0.06009202884,0.009467626716
11.00155809,27.25,trans,-1,-1,0.1332305068,-0.07654427016,0.0990106807,-0.002974735241,-0.04779673483,0.0179555171
11.00155809,27.25,trans,-1,1,0.1332305068,-0.07654427016,0.0990106807,0.002974735241,0.04779673483,0.0179555171
11.00155809,27.25,trans,1,-1,0.1332305068,0.07654427009,-0.09901068064,-0.00297473524,-0.04779673482,0.01795551707
11.00155809,27.25,trans,1,1,0.1332305068,0.07654427009,-0.09901068064,0.00297473524,0.04779673482,0.01795551707
11.00155809,27.25,refl,0,0,0.5711177685,1.192994304e-16,1.220670718e-16,-0.7763551495,-0.0911676674,0.6110388618
11.00155809,27.25,refl,-1,0,0.4146841409,-1.600807933e-17,1.880183385e-16,0.07052220931,0.05758166754,0.008289030443
11.00155809,27.25,refl,0,-1,0.4146841409,0.005379539114,0.07016354838,-7.920352946e-12,-7.625571079e-12,0.004951862962
11.00155809,27.25,refl,0,1,0.4146841409,0.005379539114,0.07016354838,7.920350379e-12,7.6254777e-12,0.004951862962
11.00155809,27.25,refl,1,0,0.4146841409,-9.765694331e-18,2.146154942e-16,0.07052220927,0.05758166753,0.008289030436
11.00155809,27.25,refl,-1,-1,0.1332305068,-0.07641068218,0.09918964782,0.002318593659,0.04739399475,0.0179287452
11.00155809,27.25,refl,-1,1,0.1332305068,-0.07641068218,0.09918964782,-0.002318593659,-0.04739399475,0.0179287452
11.00155809,27.25,refl,1,-1,0.1332305068,0.07641068212,-0.09918964775,0.002318593659,0.04739399475,0.01792874518
11.00155809,27.25,refl,1,1,0.1332305068,0.07641068212,-0.09918964775,-0.002318593659,-0.04739399475,0.01792874518
10.90154393,27.5,trans,0,0,0.576357381,1.896836819e-16,-1.072606757e-16,0.2308128754,-0.1341007444,0.0712575931
10.90154393,27.5,trans,-1,0,0.4218711437,1.760274211e-18,7.664683347e-17,-0.06987979837,-0.06052740824,0.008546753369
10.90154393,27.5,trans,0,-1,0.4218711437,-0.001652677838,0.06891447848,7.863917344e-12,5.969897958e-12,0.004751936688
10.90154393,27.5,trans,0,1,0.4218711437,-0.001652677838,0.06891447848,-7.864061325e-12,-5.970193288e-12,0.004751936688
10.90154393,27.5,trans,1,0,0.4218711437,1.831434232e-16,2.495656852e-16,-0.06987979834,-0.06052740823,0.008546753363
10.90154393,27.5,trans,-1,-1,0.1541515266,-0.08495200028,0.09235361036,0.003077056529,-0.05211037719,0.01847099139
10.90154393,27.5,trans,-1,1,0.1541515266,-0.08495200028,0.09235361036,-0.003077056529,0.05211037719,0.01847099139
10.90154393,27.5,trans,1,-1,0.1541515266,0.08495200021,-0.09235361028,0.00307705653,-0.05211037718,0.01847099136
10.90154393,27.5,trans,1,1,0.1541515266,0.08495200021,-0.09235361028,-0.00307705653,0.05211037718,0.01847099136
10.90154393,27.5,refl,0,0,0.576357381,5.510497124e-17,-2.808248372e-17,-0.766276543,-0.1137099617,0.6001096957
10.90154393,27.5,refl,-1,0,0.4218711437,5.205917348e-17,2.565599663e-16,0.06406614092,0.05804605485,0.007473814897
10.90154393,27.5,refl,0,-1,0.4218711437,-0.001635027588,0.06910633022,-9.10402176e-12,-7.980070836e-12,0.004778358192
10.90154393,27.5,refl,0,1,0.4218711437,-0.001635027588,0.06910633022,9.103868774e-12,7.98009314e-12,0.004778358192
10.90154393,27.5,refl,1,0,0.4218711437,1.375261043e-16,3.720451903e-16,0.06406614088,0.05804605484,0.00747381489
10.90154393,27.5,refl,-1,-1,0.1541515266,-0.0845706172,0.09246630672,-0.003751779618,0.05168404666,0.0183875237
10.90154393,27.5,refl,-1,1,0.1541515266,-0.0845706172,0.09246630672,0.003751779618,-0.05168404666,0.0183875237
10.90154393,27.5,refl,1,-1,0.1541515266,0.08457061713,-0.09246630665,-0.003751779619,0.05168404665,0.01838752368
10.90154393,27.5,refl,1,1,0.1541515266,0.08457061713,-0.09246630665,0.003751779619,-0.05168404665,0.01838752368
10.80333182,27.75,trans,0,0,0.5815969936,1.389530526e-16,-3.906574739e-17,0.2402564672,-0.1588534134,0.08295757702
10.80333182,27.75,trans,-1,0,0.4290017415,-1.733039859e-16,8.418799865e-17,-0.06373035979,-0.06132058824,0.007821773301
10.80333182,27.75,trans,0,-1,0.4290017415,-0.008566927059,0.06703580155,8.248575376e-12,6.239974609e-12,0.004567190929
10.80333182,27.75,trans,0,1,0.4290017415,-0.008566927059,0.06703580155,-8.24838496e-12,-6.240306256e-12,0.004567190929
10.80333182,27.75,trans,1,0,0.4290017415,4.437021711e-17,3.245785804e-16,-0.06373035975,-0.06132058822,0.007821773294
10.80333182,27.75,trans,-1,-1,0.1727134199,-0.09190359415,0.08484274551,0.008961168644,-0.05477210499,0.01872484811
10.80333182,27.75,trans,-1,1,0.1727134199,-0.09190359415,0.08484274551,-0.008961168644,0.05477210499,0.01872484811
10.80333182,27.75,trans,1,-1,0.1727134199,0.09190359409,-0.08484274543,0.008961168645,-0.05477210498,0.01872484809
10.80333182,27.75,trans,1,1,0.1727134199,0.09190359409,-0.08484274543,-0.008961168645,0.05477210498,0.01872484809
10.80333182,27.75,refl,0,0,0.5815969936,1.501540336e-18,3.705603534e-17,-0.7566988825,-0.1384333705,0.5917569968
10.80333182,27.75,refl,-1,0,0.4290017415,-1.557171121e-16,2.453826891e-16,0.05810288336,0.05887788115,0.006842549943
10.80333182,27.75,refl,0,-1,0.4290017415,-0.008112418265,0.06720048363,-1.01706926e-11,-8.263493393e-12,0.00458171633
10.80333182,27.75,refl,0,1,0.4290017415,-0.008112418265,0.06720048363,1.017016749e-11,8.263517537e-12,0.00458171633
10.80333182,27.75,refl,1,0,0.4290017415,-2.333924715e-17,4.204820017e-16,0.05810288331,0.05887788114,0.006842549936
10.80333182,27.75,refl,-1,-1,0.1727134199,-0.09128014524,0.08489545398,-0.009707316407,0.05426242051,0.01857794529
10.80333182,27.75,refl,-1,1,0.1727134199,-0.09128014524,0.08489545398,0.009707316407,-0.05426242051,0.01857794529
10.80333182,27.75,refl,1,-1,0.1727134199,0.09128014518,-0.0848954539,-0.009707316407,0.0542624205,0.01857794527
10.80333182,27.75,refl,1,1,0.1727134199,0.09128014518,-0.0848954539,0.009707316407,-0.0542624205,0.01857794527
10.7068735,28,trans,0,0,0.5868366061,4.734238872e-17,-1.474190918e-17,0.2500273979,-0.1851095897,0.0967792599
10.7068735,28,trans,-1,0,0.4360787011,-2.567589603e-16,5.996779236e-17,-0.05787329758,-0.06230173273,0.007230824475
10.7068735,28,trans,0,-1,0.4360787011,-0.01508546794,0.06444012303,8.582288664e-12,6.461572104e-12,0.004380100799
10.7068735,28,trans,0,1,0.4360787011,-0.01508546794,0.06444012303,-8.58229364e-12,-6.462085661e-12,0.004380100799
10.7068735,28,trans,1,0,0.4360787011,-1.31588519e-17,3.691739205e-16,-0.05787329754,-0.06230173272,0.007230824468
10.7068735,28,trans,-1,-1,0.1896102971,-0.09785977431,0.07687702526,0.01467264699,-0.05619813656,0.01886012956
10.7068735,28,trans,-1,1,0.1896102971,-0.09785977431,0.07687702526,-0.01467264699,0.05619813656,0.01886012956
10.7068735,28,trans,1,-1,0.1896102971,0.09785977425,-0.07687702518,0.01467264699,-0.05619813655,0.01886012954
10.7068735,28,trans,1,1,0.1896102971,0.09785977425,-0.07687702518,-0.01467264699,0.05619813655,0.01886012954
10.7068735,28,refl,0,0,0.5868366061,-1.151123429e-16,5.628683384e-17,-0.7467760504,-0.1646552237,0.5847858121
10.7068735,28,refl,-1,0,0.4360787011,-2.660454525e-16,2.115455754e-16,0.0524306664,0.05989919529,0.006336888376
10.7068735,28,refl,0,-1,0.4360787011,-0.01419177133,0.06460490707,-1.115837361e-11,-8.495796744e-12,0.004375200391
10.7068735,28,refl,0,1,0.4360787011,-0.01419177133,0.06460490707,1.115800995e-11,8.495969039e-12,0.004375200391
10.7068735,28,refl,1,0,0.4360787011,-1.132665208e-16,4.469438109e-16,0.05243066635,0.05989919528,0.006336888369
10.7068735,28,refl,-1,-1,0.1896102971,-0.09700084231,0.07687448832,-0.01551734684,0.05556494242,0.01864710124
10.7068735,28,refl,-1,1,0.1896102971,-0.09700084231,0.07687448832,0.01551734684,-0.05556494242,0.01864710124
10.7068735,28,refl,1,-1,0.1896102971,0.09700084226,-0.07687448824,-0.01551734684,0.05556494241,0.01864710122
10.7068735,28,refl,1,1,0.1896102971,0.09700084226,-0.07687448824,0.01551734684,-0.05556494241,0.01864710122
10.61212241,28.25,trans,0,0,0.5920762187,-5.964425517e-17,3.069892293e-17,0.2639495729,-0.2083977813,0.1130990123
10.61212241,28.25,trans,-1,0,0.4431045926,-1.742999774e-16,6.191404754e-17,-0.05248978452,-0.06218240839,0.006621829393
10.61212241,28.25,trans,0,-1,0.4431045926,-0.01984837525,0.06123492777,9.010784836e-12,6.982895542e-12,0.004143674379
10.61212241,28.25,trans,0,1,0.4431045926,-0.01984837525,0.06123492777,-9.010639352e-12,-6.98318334e-12,0.004143674379
10.61212241,28.25,trans,1,0,0.4431045926,1.772482653e-17,2.974348738e-16,-0.05248978448,-0.06218240838,0.006621829387
10.61212241,28.25,trans,-1,-1,0.2052537727,-0.1011427823,0.06858898723,0.01954744353,-0.05630740418,0.01848693789
10.61212241,28.25,trans,-1,1,0.2052537727,-0.1011427823,0.06858898723,-0.01954744353,0.05630740418,0.01848693789
10.61212241,28.25,trans,1,-1,0.2052537727,0.1011427822,-0.06858898715,0.01954744353,-0.05630740417,0.01848693786
10.61212241,28.25,trans,1,1,0.2052537727,0.1011427822,-0.06858898715,-0.01954744353,0.05630740417,0.01848693786
10.61212241,28.25,refl,0,0,0.5920762187,-2.333253154e-16,5.675241092e-17,-0.7326693888,-0.1878460779,0.5720905823
10.61212241,28.25,refl,-1,0,0.4431045926,-1.955346705e-16,1.978862812e-16,0.04732220532,0.05983947021,0.005820153311
10.61212241,28.25,refl,0,-1,0.4431045926,-0.0187048857,0.06138148402,-1.214271988e-11,-8.904097301e-12,0.004117559329
10.61212241,28.25,refl,0,1,0.4431045926,-0.0187048857,0.06138148402,1.21421786e-11,8.903998549e-12,0.004117559329
10.61212241,28.25,refl,1,0,0.4431045926,-8.823804734e-17,3.5148682e-16,0.04732220527,0.0598394702,0.005820153305
10.61212241,28.25,refl,-1,-1,0.2052537727,-0.09998235239,0.06856365585,-0.02051108592,0.05553440431,0.0182022204
10.61212241,28.25,refl,-1,1,0.2052537727,-0.09998235239,0.06856365585,0.02051108592,-0.05553440431,0.0182022204
10.61212241,28.25,refl,1,-1,0.2052537727,0.09998235233,-0.06856365577,-0.02051108592,0.05553440429,0.01820222038
10.61212241,28.25,refl,1,1,0.2052537727,0.09998235233,-0.06856365577,0.02051108592,-0.05553440429,0.01820222038
10.51903361,28.5,trans,0,0,0.5973158313,-1.281747135e-16,-1.556097304e-16,0.2788418739,-0.2321983314,0.1316688557
10.51903361,28.5,trans,-1,0,0.4500818076,-2.17242199e-16,1.014724874e-17,-0.04721512929,-0.06213753011,0.006090341082
10.51903361,28.5,trans,0,-1,0.4500818076,-0.02415677396,0.05761624724,9.439979604e-12,7.450796039e-12,0.003903181674
10.51903361,28.5,trans,0,1,0.4500818076,-0.02415677396,0.05761624724,-9.439712377e-12,-7.45081796e-12,0.003903181674
10.51903361,28.5,trans,1,0,0.4500818076,-6.643397732e-17,1.744879994e-16,-0.04721512924,-0.06213753009,0.006090341075
10.51903361,28.5,trans,-1,-1,0.219911493,-0.1037653811,0.06028922168,0.02412517584,-0.05564180832,0.0180800795
10.51903361,28.5,trans,-1,1,0.219911493,-0.1037653811,0.06028922168,-0.02412517584,0.05564180832,0.0180800795
10.51903361,28.5,trans,1,-1,0.219911493,0.103765381,-0.0602892216,0.02412517584,-0.05564180831,0.01808007948
10.51903361,28.5,trans,1,1,0.219911493,0.103765381,-0.0602892216,-0.02412517584,0.05564180831,0.01808007948
10.51903361,28.5,refl,0,0,0.5973158313,-3.100395944e-16,-1.040562225e-16,-0.7175840497,-0.2115376206,0.5596750334
10.51903361,28.5,refl,-1,0,0.4500818076,-2.754965143e-16,1.290444782e-16,0.04232377555,0.05984907648,0.005373213932
10.51903361,28.5,refl,0,-1,0.4500818076,-0.02277340185,0.0577614529,-1.309968106e-11,-9.260259108e-12,0.003855013273
10.51903361,28.5,refl,0,1,0.4500818076,-0.02277340185,0.0577614529,1.309900698e-11,9.259849413e-12,0.003855013273
10.51903361,28.5,refl,1,0,0.4500818076,-2.017420832e-16,2.043540761e-16,0.0423237755,0.05984907646,0.005373213926
10.51903361,28.5,refl,-1,-1,0.219911493,-0.1023266033,0.06024944502,-0.02519293945,0.05472732455,0.01773049361
10.51903361,28.5,refl,-1,1,0.219911493,-0.1023266033,0.06024944502,0.02519293945,-0.05472732455,0.01773049361
10.51903361,28.5,refl,1,-1,0.219911493,0.1023266032,-0.06024944494,-0.02519293945,0.05472732454,0.01773049359
10.51903361,28.5,refl,1,1,0.219911493,0.1023266032,-0.06024944494,0.02519293945,-0.05472732454,0.01773049359
10.42756376,28.75,trans,0,0,0.6025554438,-1.766155273e-16,-1.804731199e-16,0.2948471343,-0.2561313652,0.1525381088
10.42756376,28.75,trans,-1,0,0.4570125754,-5.286746803e-17,-9.745388089e-18,-0.04202851175,-0.0620947566,0.005622154596
10.42756376,28.75,trans,0,-1,0.4570125754,-0.02802889705,0.053636311,9.874645022e-12,7.867654507e-12,0.003662472927
10.42756376,28.75,trans,0,1,0.4570125754,-0.02802889705,0.053636311,-9.874467802e-12,-7.867575764e-12,0.003662472927
10.42756376,28.75,trans,1,0,0.4570125754,6.685437218e-17,5.786639767e-17,-0.0420285117,-0.06209475658,0.00562215459
10.42756376,28.75,trans,-1,-1,0.2337689572,-0.1058384947,0.05202414194,0.02842065403,-0.05433064347,0.01766785069
10.42756376,28.75,trans,-1,1,0.2337689572,-0.1058384947,0.05202414194,-0.02842065403,0.05433064347,0.01766785069
10.42756376,28.75,trans,1,-1,0.2337689572,0.1058384946,-0.05202414186,0.02842065403,-0.05433064346,0.01766785067
10.42756376,28.75,trans,1,1,0.2337689572,0.1058384946,-0.05202414186,-0.02842065403,0.05433064346,0.01766785067
10.42756376,28.75,refl,0,0,0.6025554438,-3.665890869e-16,-9.908825334e-17,-0.7013790961,-0.2353501122,0.5473223118
10.42756376,28.75,refl,-1,0,0.4570125754,-1.432016613e-16,1.006602651e-16,0.0374164712,0.05985597793,0.004982730411
10.42756376,28.75,refl,0,-1,0.4570125754,-0.02641878767,0.0537930952,-1.403574702e-11,-9.566769329e-12,0.003591649433
10.42756376,28.75,refl,0,1,0.4570125754,-0.02641878767,0.0537930952,1.403514948e-11,9.566212534e-12,0.003591649433
10.42756376,28.75,refl,1,0,0.4570125754,-7.350278029e-17,6.738456169e-17,0.03741647115,0.05985597791,0.004982730405
10.42756376,28.75,refl,-1,-1,0.2337689572,-0.1041418705,0.05197714545,-0.02958086936,0.05327807668,0.01726073413
10.42756376,28.75,refl,-1,1,0.2337689572,-0.1041418705,0.05197714545,0.02958086936,-0.05327807668,0.01726073413
10.42756376,28.75,refl,1,-1,0.2337689572,0.1041418705,-0.05197714536,-0.02958086936,0.05327807667,0.01726073411
10.42756376,28.75,refl,1,1,0.2337689572,0.1041418705,-0.05197714536,0.02958086936,-0.05327807667,0.01726073411
10.33767097,29,trans,0,0,0.6077950564,-2.37204602e-16,-2.401308067e-16,0.312033303,-0.2798764087,0.1756955863
10.33767097,29,trans,-1,0,0.463898978,-5.634789515e-17,-8.043220913e-17,-0.0369248647,-0.06200058163,0.005207517755
10.33767097,29,trans,0,-1,0.463898978,-0.03146536576,0.04934110914,1.031797035e-11,8.235944028e-12,0.003424614294
10.33767097,29,trans,0,1,0.463898978,-0.03146536576,0.04934110914,-1.031786148e-11,-8.235731665e-12,0.003424614294
10.33767097,29,trans,1,0,0.463898978,6.958973296e-17,-6.494766902e-17,-0.03692486464,-0.06200058161,0.005207517749
10.33767097,29,trans,-1,-1,0.2469609139,-0.1074303109,0.04382466116,0.03244083673,-0.05247125635,0.01726751325
10.33767097,29,trans,-1,1,0.2469609139,-0.1074303109,0.04382466116,-0.03244083673,0.05247125635,0.01726751325
10.33767097,29,trans,1,-1,0.2469609139,0.1074303108,-0.04382466107,0.03244083673,-0.05247125635,0.01726751322
10.33767097,29,trans,1,1,0.2469609139,0.1074303108,-0.04382466107,-0.03244083673,0.05247125635,0.01726751322
10.33767097,29,refl,0,0,0.6077950564,-4.764728335e-16,-1.784683984e-16,-0.6839884936,-0.258962997,0.5349020932
10.33767097,29,refl,-1,0,0.463898978,-1.449841072e-16,9.613937042e-18,0.03259623208,0.0598075118,0.004639452814
10.33767097,29,refl,0,-1,0.463898978,-0.02964363817,0.04951905522,-1.49555401e-11,-9.826222417e-12,0.003330882114
10.33767097,29,refl,0,1,0.463898978,-0.02964363817,0.04951905522,1.495500013e-11,9.825488096e-12,0.003330882114
10.33767097,29,refl,1,0,0.463898978,-7.689500588e-17,-7.872544672e-17,0.03259623203,0.05980751179,0.004639452809
10.33767097,29,refl,-1,-1,0.2469609139,-0.1054940559,0.04377721322,-0.03368467504,0.05128679825,0.01681043323
10.33767097,29,refl,-1,1,0.2469609139,-0.1054940559,0.04377721322,0.03368467504,-0.05128679825,0.01681043323
10.33767097,29,refl,1,-1,0.2469609139,0.1054940558,-0.04377721312,-0.03368467504,0.05128679823,0.01681043321
10.33767097,29,refl,1,1,0.2469609139,0.1054940558,-0.04377721312,0.03368467504,-0.05128679823,0.01681043321
10.2493148,29.25,trans,0,0,0.6130346689,-2.397391397e-16,-2.04718492e-16,0.3320556199,-0.2992096334,0.1997873394
10.2493148,29.25,trans,-1,0,0.4707429623,-1.495351402e-16,-8.04319024e-17,-0.03243240294,-0.06110447207,0.004785617268
10.2493148,29.25,trans,0,-1,0.4707429623,-0.03352246287,0.04537356839,1.109775796e-11,9.069915146e-12,0.003182516225
10.2493148,29.25,trans,0,1,0.4707429623,-0.03352246287,0.04537356839,-1.109755733e-11,-9.069937704e-12,0.003182516225
10.2493148,29.25,trans,1,0,0.4707429623,-8.015717016e-18,-3.238608246e-17,-0.03243240289,-0.06110447205,0.004785617262
10.2493148,29.25,trans,-1,-1,0.2595888437,-0.1072030975,0.03635556565,0.03554675484,-0.05012374106,0.01659019246
10.2493148,29.25,trans,-1,1,0.2595888437,-0.1072030975,0.03635556565,-0.03554675484,0.05012374106,0.01659019246
10.2493148,29.25,trans,1,-1,0.2595888437,0.1072030974,-0.03635556556,0.03554675484,-0.05012374105,0.01659019244
10.2493148,29.25,trans,1,1,0.2595888437,0.1072030974,-0.03635556556,-0.03554675484,0.05012374105,0.01659019244
10.2493148,29.25,refl,0,0,0.6130346689,-4.472916229e-16,-2.013181887e-16,-0.663806358,-0.2780830792,0.5179690799
10.2493148,29.25,refl,-1,0,0.4707429623,-2.484710668e-16,-1.334875455e-17,0.02837673855,0.05895361195,0.004280767653
10.2493148,29.25,refl,0,-1,0.4707429623,-0.03176398246,0.04546526612,-1.584370158e-11,-1.044235103e-11,0.003076041005
10.2493148,29.25,refl,0,1,0.4707429623,-0.03176398246,0.04546526612,1.584308553e-11,1.044180967e-11,0.003076041005
10.2493148,29.25,refl,1,0,0.4707429623,-1.465777285e-16,-6.847296975e-17,0.0283767385,0.05895361194,0.004280767648
10.2493148,29.25,refl,-1,-1,0.2595888437,-0.105058098,0.03630843979,-0.03679543184,0.04889595677,0.01610022515
10.2493148,29.25,refl,-1,1,0.2595888437,-0.105058098,0.03630843979,0.03679543184,-0.04889595677,0.01610022515
10.2493148,29.25,refl,1,-1,0.2595888437,0.105058098,-0.03630843969,-0.03679543184,0.04889595676,0.01610022513
10.2493148,29.25,refl,1,1,0.2595888437,0.105058098,-0.03630843969,0.03679543184,-0.04889595676,0.01610022513
10.1624562,29.5,trans,0,0,0.6182742815,-1.548320377e-16,-2.208665177e-16,0.3529724404,-0.3178320314,0.2256067439
10.1624562,29.5,trans,-1,0,0.4775463521,-1.295055543e-16,1.040796932e-17,-0.02802628686,-0.06014610293,0.004403026453
10.1624562,29.5,trans,0,-1,0.4775463521,-0.03515825907,0.04132544271,1.191624498e-11,9.828945848e-12,0.002943895396
10.1624562,29.5,trans,0,1,0.4775463521,-0.03515825907,0.04132544271,-1.191619265e-11,-9.828992864e-12,0.002943895396
10.1624562,29.5,trans,1,0,0.4775463521,3.409124806e-17,4.091900267e-17,-0.0280262868,-0.06014610291,0.004403026447
10.1624562,29.5,trans,-1,-1,0.2717313924,-0.1066340878,0.02909613288,0.03834254213,-0.04744031181,0.01593814736
10.1624562,29.5,trans,-1,1,0.2717313924,-0.1066340878,0.02909613288,-0.03834254213,0.04744031181,0.01593814736
10.1624562,29.5,trans,1,-1,0.2717313924,0.1066340878,-0.02909613278,0.03834254213,-0.0474403118,0.01593814734
10.1624562,29.5,trans,1,1,0.2717313924,0.1066340878,-0.02909613278,-0.03834254213,0.0474403118,0.01593814734
10.1624562,29.5,refl,0,0,0.6182742815,-3.771480622e-16,-2.460369106e-16,-0.6427362902,-0.296484195,0.5010128165
10.1624562,29.5,refl,-1,0,0.4775463521,-2.500130469e-16,5.853492639e-17,0.0242419034,0.058034677,0.003955693615
10.1624562,29.5,refl,0,-1,0.4775463521,-0.03347449276,0.04133450366,-1.675473207e-11,-1.098845399e-11,0.002829082858
10.1624562,29.5,refl,0,1,0.4775463521,-0.03347449276,0.04133450366,1.675428032e-11,1.0987911e-11,0.002829082858
10.1624562,29.5,refl,1,0,0.4775463521,-1.084361492e-16,-1.416244227e-17,0.02424190334,0.05803467698,0.00395569361
10.1624562,29.5,refl,-1,-1,0.2717313924,-0.1043050895,0.02905303656,-0.03959011661,0.0461951462,0.0154249995
10.1624562,29.5,refl,-1,1,0.2717313924,-0.1043050895,0.02905303656,0.03959011661,-0.0461951462,0.0154249995
10.1624562,29.5,refl,1,-1,0.2717313924,0.1043050895,-0.02905303646,-0.03959011661,0.04619514619,0.01542499948
10.1624562,29.5,refl,1,1,0.2717313924,0.1043050895,-0.02905303646,0.03959011661,-0.04619514619,0.01542499948
10.07705741,29.75,trans,0,0,0.623513894,-8.346570212e-17,9.823603397e-17,0.3746965469,-0.3355678402,0.2530032776
10.07705741,29.75,trans,-1,0,0.4843108581,-2.139172859e-16,-2.698041864e-17,-0.02372150484,-0.05910544745,0.00405616371
10.07705741,29.75,trans,0,-1,0.4843108581,-0.0363834104,0.03723680179,1.277209109e-11,1.051621656e-11,0.002710331959
10.07705741,29.75,trans,0,1,0.4843108581,-0.0363834104,0.03723680179,-1.277245871e-11,-1.051656979e-11,0.002710331959
10.07705741,29.75,trans,1,0,0.4843108581,-3.836593785e-18,2.957439096e-17,-0.02372150478,-0.05910544743,0.004056163704
10.07705741,29.75,trans,-1,-1,0.2834509455,-0.1057559166,0.02205379396,0.04083730667,-0.04447716926,0.01531658793
10.07705741,29.75,trans,-1,1,0.2834509455,-0.1057559166,0.02205379396,-0.04083730667,0.04447716926,0.01531658793
10.07705741,29.75,trans,1,-1,0.2834509455,0.1057559165,-0.02205379386,0.04083730667,-0.04447716925,0.01531658791
10.07705741,29.75,trans,1,1,0.2834509455,0.1057559165,-0.02205379386,-0.04083730667,0.04447716925,0.01531658791
10.07705741,29.75,refl,0,0,0.623513894,-3.125746936e-16,8.400044007e-17,-0.6208667913,-0.3139918601,0.4840664608
10.07705741,29.75,refl,-1,0,0.4843108581,-3.590244079e-16,6.259705649e-18,0.02020656494,0.05703176016,0.003660926933
10.07705741,29.75,refl,0,-1,0.4843108581,-0.03478525515,0.0371647064,-1.76886414e-11,-1.146781671e-11,0.002591229377
10.07705741,29.75,refl,0,1,0.4843108581,-0.03478525515,0.0371647064,1.768863094e-11,1.146754521e-11,0.002591229377
10.07705741,29.75,refl,1,0,0.4843108581,-1.539142017e-16,-4.235785932e-17,0.02020656488,0.05703176013,0.003660926928
10.07705741,29.75,refl,-1,-1,0.2834509455,-0.1032644775,0.02201812417,-0.04208243882,0.04323786116,0.0147887944
10.07705741,29.75,refl,-1,1,0.2834509455,-0.1032644775,0.02201812417,0.04208243882,-0.04323786116,0.0147887944
10.07705741,29.75,refl,1,-1,0.2834509455,0.1032644775,-0.02201812407,-0.04208243882,0.04323786115,0.01478879438
10.07705741,29.75,refl,1,1,0.2834509455,0.1032644775,-0.02201812407,0.04208243882,-0.04323786115,0.01478879438
9.993081933,30,trans,0,0,0.6287535066,1.17914505e-16,-7.754293477e-17,0.3971247791,-0.352274507,0.2818054185
9.993081933,30,trans,-1,0,0.4910380874,-4.032328387e-17,1.068178566e-16,-0.01953386386,-0.05796953245,0.003742038529
9.993081933,30,trans,0,-1,0.4910380874,-0.03720841362,0.03314816653,1.366466702e-11,1.113523426e-11,0.002483266988
9.993081933,30,trans,0,1,0.4910380874,-0.03720841362,0.03314816653,-1.366521231e-11,-1.113558777e-11,0.002483266988
9.993081933,30,trans,1,0,0.4910380874,1.335832551e-16,1.604248215e-16,-0.01953386379,-0.05796953242,0.003742038524
9.993081933,30,trans,-1,-1,0.2947979554,-0.1045942103,0.01523734251,0.04303788987,-0.04128384433,0.0147287412
9.993081933,30,trans,-1,1,0.2947979554,-0.1045942103,0.01523734251,-0.04303788987,0.04128384433,0.0147287412
9.993081933,30,trans,1,-1,0.2947979554,0.1045942102,-0.01523734241,0.04303788987,-0.04128384432,0.01472874118
9.993081933,30,trans,1,1,0.2947979554,0.1045942102,-0.01523734241,-0.04303788987,0.04128384432,0.01472874118
9.993081933,30,refl,0,0,0.6287535066,-9.554521373e-17,-1.085586151e-16,-0.5983021211,-0.3304647683,0.4671723912
9.993081933,30,refl,-1,0,0.4910380874,-2.014945507e-16,1.228588154e-16,0.01628616255,0.05593277002,0.003393713852
9.993081933,30,refl,0,-1,0.4910380874,-0.03570588152,0.03299473397,-1.864602896e-11,-1.188402157e-11,0.002363562445
9.993081933,30,refl,0,1,0.4910380874,-0.03570588152,0.03299473397,1.86462185e-11,1.188372079e-11,0.002363562445
9.993081933,30,refl,1,0,0.4910380874,-1.591909016e-17,7.388285862e-17,0.01628616249,0.05593276999,0.003393713848
9.993081933,30,refl,-1,-1,0.2947979554,-0.1019591897,0.01521235441,-0.04428270456,0.04007070207,0.01419371118
9.993081933,30,refl,-1,1,0.2947979554,-0.1019591897,0.01521235441,0.04428270456,-0.04007070207,0.01419371118
9.993081933,30,refl,1,-1,0.2947979554,0.1019591896,-0.01521235431,-0.04428270456,0.04007070206,0.01419371116
9.993081933,30,refl,1,1,0.2947979554,0.1019591896,-0.01521235431,0.04428270456,-0.04007070206,0.01419371116
9.910494479,30.25,trans,0,0,0.6339931191,1.777918395e-17,1.547568289e-16,0.4204896565,-0.3644746776,0.3096533418
9.910494479,30.25,trans,-1,0,0.4977295514,-1.232103814e-16,1.479421196e-16,-0.01605931838,-0.0564254277,0.003441730598
9.910494479,30.25,trans,0,-1,0.4977295514,-0.03726247219,0.0298273202,1.499478898e-11,1.249865706e-11,0.002278160864
9.910494479,30.25,trans,0,1,0.4977295514,-0.03726247219,0.0298273202,-1.499509025e-11,-1.24990845e-11,0.002278160864
9.910494479,30.25,trans,1,0,0.4977295514,-7.444925653e-17,2.160552692e-16,-0.01605931831,-0.05642542768,0.003441730593
9.910494479,30.25,trans,-1,-1,0.3058138937,-0.102350649,0.009483891534,0.04452723922,-0.03808814695,0.01399898152
9.910494479,30.25,trans,-1,1,0.3058138937,-0.102350649,0.009483891534,-0.04452723922,0.03808814695,0.01399898152
9.910494479,30.25,trans,1,-1,0.3058138937,0.1023506489,-0.00948389143,0.04452723922,-0.03808814694,0.0139989815
9.910494479,30.25,trans,1,1,0.3058138937,0.1023506489,-0.00948389143,-0.04452723922,0.03808814694,0.0139989815
9.910494479,30.25,refl,0,0,0.6339931191,-2.025476431e-16,1.113287317e-16,-0.5749067948,-0.3423733109,0.4477373067
9.910494479,30.25,refl,-1,0,0.4977295514,-2.82031477e-16,1.515435388e-16,0.01294979474,0.05441148269,0.003128306632
9.910494479,30.25,refl,0,-1,0.4977295514,-0.03607233141,0.02946272271,-1.953641484e-11,-1.297964357e-11,0.002169265122
9.910494479,30.25,refl,0,1,0.4977295514,-0.03607233141,0.02946272271,1.953639022e-11,1.297942033e-11,0.002169265122
9.910494479,30.25,refl,1,0,0.4977295514,-2.139033838e-16,1.219999459e-16,0.01294979467,0.05441148266,0.003128306628
9.910494479,30.25,refl,-1,-1,0.3058138937,-0.09964863492,0.009407297085,-0.04565196547,0.03701710264,0.01347271552
9.910494479,30.25,refl,-1,1,0.3058138937,-0.09964863492,0.009407297085,0.04565196547,-0.03701710264,0.01347271552
9.910494479,30.25,refl,1,-1,0.3058138937,0.09964863485,-0.00940729698,-0.04565196547,0.03701710262,0.0134727155
9.910494479,30.25,refl,1,1,0.3058138937,0.09964863485,-0.00940729698,0.04565196547,-0.03701710262,0.0134727155
9.829260918,30.5,trans,0,0,0.6392327317,1.271020534e-16,-6.085154744e-17,0.4441020953,-0.3755613626,0.3382730081
9.829260918,30.5,trans,-1,0,0.5043866736,-8.722758162e-17,1.491769063e-16,-0.01270898976,-0.05482624381,0.003167435431
9.829260918,30.5,trans,0,-1,0.5043866736,-0.03703152627,0.02664333775,1.641864208e-11,1.376468061e-11,0.002081201384
9.829260918,30.5,trans,0,1,0.5043866736,-0.03703152627,0.02664333775,-1.641891178e-11,-1.376514378e-11,0.002081201384
9.829260918,30.5,trans,1,0,0.5043866736,-1.03620326e-16,2.669466046e-16,-0.01270898968,-0.05482624378,0.003167435426
9.829260918,30.5,trans,-1,-1,0.316533328,-0.09995372627,0.003998162533,0.04574877261,-0.03479415808,0.01331031633
9.829260918,30.5,trans,-1,1,0.316533328,-0.09995372627,0.003998162533,-0.04574877261,0.03479415808,0.01331031633
9.829260918,30.5,trans,1,-1,0.316533328,0.09995372619,-0.003998162426,0.04574877261,-0.03479415807,0.01331031631
9.829260918,30.5,trans,1,1,0.316533328,0.09995372619,-0.003998162426,-0.04574877261,0.03479415807,0.01331031631
9.829260918,30.5,refl,0,0,0.6392327317,-9.046130402e-17,-1.158658206e-16,-0.551275416,-0.3531745854,0.428636872
9.829260918,30.5,refl,-1,0,0.5043866736,-2.478706114e-16,1.419922509e-16,0.009729434445,0.05283149418,0.002885828672
9.829260918,30.5,refl,0,-1,0.5043866736,-0.03615342016,0.02607005837,-2.052303964e-11,-1.398500991e-11,0.001986717733
9.829260918,30.5,refl,0,1,0.5043866736,-0.03615342016,0.02607005837,2.0523017e-11,1.398481408e-11,0.001986717733
9.829260918,30.5,refl,1,0,0.5043866736,-2.382519707e-16,1.672411827e-16,0.009729434371,0.05283149415,0.002885828668
9.829260918,30.5,refl,-1,-1,0.316533328,-0.09719779129,0.003870249508,-0.04676913608,0.03388812914,0.01279814685
9.829260918,30.5,refl,-1,1,0.316533328,-0.09719779129,0.003870249508,0.04676913608,-0.03388812914,0.01279814685
9.829260918,30.5,refl,1,-1,0.316533328,0.09719779122,-0.0038702494,-0.04676913608,0.03388812912,0.01279814683
9.829260918,30.5,refl,1,1,0.316533328,0.09719779122,-0.0038702494,0.04676913608,-0.03388812912,0.01279814683
9.749348228,30.75,trans,0,0,0.6444723443,9.531481802e-17,-8.385358151e-17,0.4678467247,-0.3855014405,0.3674919185
9.749348228,30.75,trans,-1,0,0.5110107961,-6.527272616e-17,1.415681393e-16,-0.009494658472,-0.05317208965,0.002917419657
9.749348228,30.75,trans,0,-1,0.5110107961,-0.03654047366,0.02361789797,1.793372483e-11,1.493764465e-11,0.00189301132
9.749348228,30.75,trans,0,1,0.5110107961,-0.03654047366,0.02361789797,-1.793392675e-11,-1.493818286e-11,0.00189301132
9.749348228,30.75,trans,1,0,0.5110107961,-1.317973763e-16,2.559968691e-16,-0.009494658395,-0.05317208962,0.002917419652
9.749348228,30.75,trans,-1,-1,0.3269854201,-0.09742159673,-0.001220904921,0.04671514702,-0.03143377177,0.01266284509
9.749348228,30.75,trans,-1,1,0.3269854201,-0.09742159673,-0.001220904921,-0.04671514702,0.03143377177,0.01266284509
9.749348228,30.75,trans,1,-1,0.3269854201,0.09742159665,0.001220905032,0.04671514701,-0.03143377176,0.01266284507
9.749348228,30.75,trans,1,1,0.3269854201,0.09742159665,0.001220905032,-0.04671514701,0.03143377176,0.01266284507
9.749348228,30.75,refl,0,0,0.6444723443,-1.281561915e-16,-1.670895206e-16,-0.5275228938,-0.3628366233,0.4099308187
9.749348228,30.75,refl,-1,0,0.5110107961,-2.269435988e-16,1.244441217e-16,0.00663710838,0.05119330143,0.002664805319
9.749348228,30.75,refl,0,-1,0.5110107961,-0.03597293914,0.02283799449,-2.160419558e-11,-1.490449289e-11,0.001815626343
9.749348228,30.75,refl,0,1,0.5110107961,-0.03597293914,0.02283799449,2.160413564e-11,1.490437517e-11,0.001815626343
9.749348228,30.75,refl,1,0,0.5110107961,-2.615801623e-16,1.527922854e-16,0.006637108302,0.05119330139,0.002664805314
9.749348228,30.75,refl,-1,-1,0.3269854201,-0.09462228305,-0.001399344021,-0.04764822841,0.03071100764,0.01216885427
9.749348228,30.75,refl,-1,1,0.3269854201,-0.09462228305,-0.001399344021,0.04764822841,-0.03071100764,0.01216885427
9.749348228,30.75,refl,1,-1,0.3269854201,0.09462228298,0.001399344133,-0.04764822841,0.03071100762,0.01216885426
9.749348228,30.75,refl,1,1,0.3269854201,0.09462228298,0.001399344133,0.04764822841,-0.03071100762,0.01216885426
9.670724452,31,trans,0,0,0.6497119568,1.841548366e-16,-1.566406293e-16,0.4916128841,-0.3942802558,0.397140148
9.670724452,31,trans,-1,0,0.5176031859,-1.060957958e-16,1.80861479e-16,-0.006426782167,-0.05146557475,0.002690008914
9.670724452,31,trans,0,-1,0.5176031859,-0.03581518118,0.02077048749,1.953895451e-11,1.602164136e-11,0.001714140354
9.670724452,31,trans,0,1,0.5176031859,-0.03581518118,0.02077048749,-1.95391099e-11,-1.602217788e-11,0.001714140354
9.670724452,31,trans,1,0,0.5176031859,-2.481830824e-16,3.107020535e-16,-0.006426782085,-0.05146557472,0.002690008909
9.670724452,31,trans,-1,-1,0.3371950315,-0.09477104751,-0.006173566249,0.04743859838,-0.02803603451,0.01205610421
9.670724452,31,trans,-1,1,0.3371950315,-0.09477104751,-0.006173566249,-0.04743859838,0.02803603451,0.01205610421
9.670724452,31,trans,1,-1,0.3371950315,0.09477104742,0.006173566364,0.04743859838,-0.0280360345,0.0120561042
9.670724452,31,trans,1,1,0.3371950315,0.09477104742,0.006173566364,-0.04743859838,0.0280360345,0.0120561042
9.670724452,31,refl,0,0,0.6497119568,-9.059543603e-17,-2.145343112e-16,-0.5037593206,-0.3713457503,0.3916711194
9.670724452,31,refl,-1,0,0.5176031859,-2.693005387e-16,1.521586889e-16,0.003683521369,0.04949980054,0.002463798583
9.670724452,31,refl,0,-1,0.5176031859,-0.03555571589,0.01978582664,-2.277947139e-11,-1.574220906e-11,0.001655687868
9.670724452,31,refl,0,1,0.5176031859,-0.03555571589,0.01978582664,2.277939582e-11,1.574210129e-11,0.001655687868
9.670724452,31,refl,1,0,0.5176031859,-3.700286867e-16,1.99167983e-16,0.003683521287,0.0494998005,0.002463798579
9.670724452,31,refl,-1,-1,0.3371950315,-0.09193675957,-0.006401209422,-0.04830216221,0.02751052845,0.01158327129
9.670724452,31,refl,-1,1,0.3371950315,-0.09193675957,-0.006401209422,0.04830216221,-0.02751052845,0.01158327129
9.670724452,31,refl,1,-1,0.3371950315,0.09193675949,0.006401209538,-0.04830216221,0.02751052843,0.01158327128
9.670724452,31,refl,1,1,0.3371950315,0.09193675949,0.006401209538,0.04830216221,-0.02751052843,0.01158327128
9.593358656,31.25,trans,0,0,0.6549515694,4.027653347e-17,6.02452679e-17,0.5149331679,-0.3993560651,0.4246414341
9.593358656,31.25,trans,-1,0,0.5241650403,-1.05387429e-16,1.65590986e-16,-0.003987263999,-0.04969278813,0.002485271466
9.593358656,31.25,trans,0,-1,0.5241650403,-0.03491105224,0.01867401778,2.140903712e-11,1.834497205e-11,0.001567500508
9.593358656,31.25,trans,0,1,0.5241650403,-0.03491105224,0.01867401778,-2.140920931e-11,-1.83456458e-11,0.001567500508
9.593358656,31.25,trans,1,0,0.5241650403,-2.030777896e-16,2.619776989e-16,-0.003987263912,-0.04969278809,0.002485271462
9.593358656,31.25,trans,-1,-1,0.3471835547,-0.09159870803,-0.0101547729,0.04770152433,-0.02489106019,0.01138844303
9.593358656,31.25,trans,-1,1,0.3471835547,-0.09159870803,-0.0101547729,-0.04770152433,0.02489106019,0.01138844303
9.593358656,31.25,trans,1,-1,0.3471835547,0.09159870794,0.01015477302,0.04770152433,-0.02489106017,0.01138844301
9.593358656,31.25,trans,1,1,0.3471835547,0.09159870794,0.01015477302,-0.04770152433,0.02489106017,0.01138844301
9.593358656,31.25,refl,0,0,0.6549515694,-1.737185866e-16,6.450295329e-18,-0.4805245896,-0.3761302449,0.3723778424
9.593358656,31.25,refl,-1,0,0.5241650403,-2.65541927e-16,1.275078329e-16,0.001173119508,0.04771338434,0.002277943254
9.593358656,31.25,refl,0,-1,0.5241650403,-0.0350331124,0.01740021109,-2.37920138e-11,-1.782066311e-11,0.00153008631
9.593358656,31.25,refl,0,1,0.5241650403,-0.0350331124,0.01740021109,2.379199359e-11,1.782071264e-11,0.00153008631
9.593358656,31.25,refl,1,0,0.5241650403,-3.164673961e-16,1.515282339e-16,0.00117311942,0.0477133843,0.00227794325
9.593358656,31.25,refl,-1,-1,0.3471835547,-0.08878369354,-0.0105268791,-0.04839005642,0.02462312719,0.01094125537
9.593358656,31.25,refl,-1,1,0.3471835547,-0.08878369354,-0.0105268791,0.04839005642,-0.02462312719,0.01094125537
9.593358656,31.25,refl,1,-1,0.3471835547,0.08878369345,0.01052687922,-0.04839005642,0.02462312717,0.01094125536
9.593358656,31.25,refl,1,1,0.3471835547,0.08878369345,0.01052687922,0.04839005642,-0.02462312717,0.01094125536
9.517220889,31.5,trans,0,0,0.6601911819,-6.212248468e-12,2.146615337e-12,0.5379551839,-0.4034416092,0.452160912
9.517220889,31.5,trans,-1,0,0.5306974919,-2.574313141e-13,-2.134442596e-13,-0.001673429527,-0.04791256674,0.002298414418
9.517220889,31.5,trans,0,-1,0.5306974919,-0.03389742946,0.01677970495,2.369722917e-11,2.03208677e-11,0.001430594222
9.517220889,31.5,trans,0,1,0.5306974919,-0.03389742946,0.01677970495,-2.330712136e-11,-2.086187838e-11,0.001430594222
9.517220889,31.5,trans,1,0,0.5306974919,-2.575208877e-13,-2.133759184e-13,-0.001673429436,-0.0479125667,0.002298414414
9.517220889,31.5,trans,-1,-1,0.3569695493,-0.08840810546,-0.01389003156,0.04777425303,-0.02177739589,0.01076556031
9.517220889,31.5,trans,-1,1,0.3569695493,-0.08840810546,-0.01389003156,-0.04777425303,0.02177739589,0.01076556031
9.517220889,31.5,trans,1,-1,0.3569695493,0.08840810537,0.01389003168,0.04777425302,-0.02177739587,0.0107655603
9.517220889,31.5,trans,1,1,0.3569695493,0.08840810536,0.01389003169,-0.04777425302,0.02177739588,0.0107655603
9.517220889,31.5,refl,0,0,0.6601911819,-6.216393858e-12,2.168757937e-12,-0.4575922615,-0.3799419335,0.3537465506
9.517220889,31.5,refl,-1,0,0.5306974919,-2.968509879e-13,-3.388802531e-13,-0.001218821347,0.04591276963,0.00210946794
9.517220889,31.5,refl,0,-1,0.5306974919,-0.03439049064,0.01522589233,-2.52701734e-11,-1.958446042e-11,0.001414533643
9.517220889,31.5,refl,0,1,0.5306974919,-0.03439049064,0.01522589233,2.482257315e-11,2.007332742e-11,0.001414533643
9.517220889,31.5,refl,1,0,0.5306974919,-2.96890756e-13,-3.38877502e-13,-0.00121882144,0.04591276958,0.002109467937
9.517220889,31.5,refl,-1,-1,0.3569695493,-0.0856105945,-0.01440294552,-0.04831408875,0.02177369253,0.01034496359
9.517220889,31.5,refl,-1,1,0.3569695493,-0.08561059451,-0.01440294551,0.04831408875,-0.02177369252,0.01034496359
9.517220889,31.5,refl,1,-1,0.3569695493,0.08561059442,0.01440294564,-0.04831408875,0.02177369251,0.01034496358
9.517220889,31.5,refl,1,1,0.3569695493,0.08561059441,0.01440294564,0.04831408875,-0.02177369251,0.01034496358
9.442282142,31.75,trans,0,0,0.6654307945,-4.108390842e-12,1.034955303e-12,0.5606070606,-0.4065731642,0.4795820143
9.442282142,31.75,trans,-1,0,0.5372016134,-1.501630839e-13,-1.580262704e-13,0.0005102678482,-0.04612972977,0.002128212342
9.442282142,31.75,trans,0,-1,0.5372016134,-0.03279790089,0.01508771007,2.595875876e-11,2.260711933e-11,0.001303341298
9.442282142,31.75,trans,0,1,0.5372016134,-0.03279790089,0.01508771007,-2.568228726e-11,-2.292215875e-11,0.001303341298
9.442282142,31.75,trans,1,0,0.5372016134,-1.503063511e-13,-1.580222038e-13,0.0005102679446,-0.04612972972,0.002128212338
9.442282142,31.75,trans,-1,-1,0.3665692359,-0.08520953593,-0.01738498915,0.04767098555,-0.01871131274,0.01018553895
9.442282142,31.75,trans,-1,1,0.3665692359,-0.08520953593,-0.01738498915,-0.04767098554,0.01871131274,0.01018553895
9.442282142,31.75,trans,1,-1,0.3665692359,0.08520953583,0.01738498927,0.04767098554,-0.01871131272,0.01018553893
9.442282142,31.75,trans,1,1,0.3665692359,0.08520953583,0.01738498927,-0.04767098554,0.01871131272,0.01018553893
9.442282142,31.75,refl,0,0,0.6654307945,-4.110135065e-12,1.052825979e-12,-0.4350332192,-0.3828168783,0.3358026641
9.442282142,31.75,refl,-1,0,0.5372016134,-1.724805221e-13,-2.434772244e-13,-0.003486932351,0.04410326268,0.001957256476
9.442282142,31.75,refl,0,-1,0.5372016134,-0.03365122112,0.01326314823,-2.670131833e-11,-2.163413282e-11,0.001308315784
9.442282142,31.75,refl,0,1,0.5372016134,-0.03365122112,0.01326314823,2.638827304e-11,2.190857076e-11,0.001308315784
9.442282142,31.75,refl,1,0,0.5372016134,-1.725639943e-13,-2.435263981e-13,-0.00348693245,0.04410326263,0.001957256473
9.442282142,31.75,refl,-1,-1,0.3665692359,-0.08242697162,-0.01803417371,-0.04808715202,0.01897515528,0.009791867779
9.442282142,31.75,refl,-1,1,0.3665692359,-0.08242697162,-0.01803417371,0.04808715202,-0.01897515528,0.009791867779
9.442282142,31.75,refl,1,-1,0.3665692359,0.08242697153,0.01803417383,-0.04808715201,0.01897515526,0.009791867767
9.442282142,31.75,refl,1,1,0.3665692359,0.08242697153,0.01803417384,0.04808715202,-0.01897515526,0.009791867767
9.368514313,32,trans,0,0,0.670670407,-2.685265536e-12,4.368298219e-13,0.5828259015,-0.4087927553,0.5067975482
9.368514313,32,trans,-1,0,0.5436784216,-8.465408615e-14,-1.130976057e-13,0.002560420167,-0.04434977018,0.001973457866
9.368514313,32,trans,0,-1,0.5436784216,-0.0316350365,0.01359624547,2.846584676e-11,2.477996068e-11,0.001185633425
9.368514313,32,trans,0,1,0.5436784216,-0.0316350365,0.01359624547,-2.827504674e-11,-2.496012026e-11,0.001185633425
9.368514313,32,trans,1,0,0.5436784216,-8.480517414e-14,-1.131054381e-13,0.00256042027,-0.04434977013,0.001973457863
9.368514313,32,trans,-1,-1,0.3759968847,-0.08201288412,-0.02064495622,0.04740552467,-0.01570737397,0.009646332744
9.368514313,32,trans,-1,1,0.3759968847,-0.08201288412,-0.02064495622,-0.04740552467,0.01570737397,0.009646332744
9.368514313,32,trans,1,-1,0.3759968847,0.08201288401,0.02064495635,0.04740552466,-0.01570737396,0.009646332732
9.368514313,32,trans,1,1,0.3759968847,0.08201288401,0.02064495636,-0.04740552466,0.01570737396,0.009646332732
9.368514313,32,refl,0,0,0.670670407,-2.686020899e-12,4.507133267e-13,-0.4129094196,-0.3847967869,0.318562756
9.368514313,32,refl,-1,0,0.5436784216,-9.673167649e-14,-1.708845232e-13,-0.005626946093,0.04229083154,0.001820176954
9.368514313,32,refl,0,-1,0.5436784216,-0.03283775268,0.01151033536,-2.840018326e-11,-2.35782101e-11,0.001210805821
9.368514313,32,refl,0,1,0.5436784216,-0.03283775268,0.01151033536,2.818655176e-11,2.372778898e-11,0.001210805821
9.368514313,32,refl,1,0,0.5436784216,-9.68178454e-14,-1.709366162e-13,-0.005626946199,0.04229083148,0.001820176951
9.368514313,32,refl,-1,-1,0.3759968847,-0.07924213844,-0.02142509239,-0.0477215714,0.01623920182,0.00927941114
9.368514313,32,refl,-1,1,0.3759968847,-0.07924213844,-0.02142509239,0.0477215714,-0.01623920182,0.00927941114
9.368514313,32,refl,1,-1,0.3759968847,0.07924213834,0.02142509253,-0.04772157139,0.0162392018,0.009279411129
9.368514313,32,refl,1,1,0.3759968847,0.07924213834,0.02142509253,0.04772157139,-0.0162392018,0.009279411129
9.295890171,32.25,trans,0,0,0.6759100196,-1.723047763e-12,1.480646859e-13,0.6039720844,-0.4082711831,0.5314676377
9.295890171,32.25,trans,-1,0,0.5501288811,-4.637957543e-14,-7.995251021e-14,0.004158750744,-0.04267982567,0.001838862727
9.295890171,32.25,trans,0,-1,0.5501288811,-0.0306695071,0.01256428783,3.047909791e-11,2.900653827e-11,0.001098479994
9.295890171,32.25,trans,0,1,0.5501288811,-0.0306695071,0.01256428783,-3.035247626e-11,-2.910854636e-11,0.001098479994
9.295890171,32.25,trans,1,0,0.5501288811,-4.653757434e-14,-7.999940887e-14,0.00415875085,-0.04267982561,0.001838862723
9.295890171,32.25,trans,-1,-1,0.3852651256,-0.07863980896,-0.02317719772,0.04686945326,-0.01308656065,0.009089405765
9.295890171,32.25,trans,-1,1,0.3852651256,-0.07863980896,-0.02317719772,-0.04686945326,0.01308656065,0.009089405765
9.295890171,32.25,trans,1,-1,0.3852651256,0.07863980884,0.02317719785,0.04686945326,-0.01308656063,0.009089405752
9.295890171,32.25,trans,1,1,0.3852651256,0.07863980884,0.02317719785,-0.04686945326,0.01308656063,0.009089405752
9.295890171,32.25,refl,0,0,0.6759100196,-1.723817554e-12,1.576057996e-13,-0.3918963491,-0.384028481,0.3010606226
9.295890171,32.25,refl,-1,0,0.5501288811,-5.252616689e-14,-1.176924532e-13,-0.007452209287,0.0405830076,0.001702515929
9.295890171,32.25,refl,0,-1,0.5501288811,-0.03212153748,0.01021632452,-2.946213788e-11,-2.763749377e-11,0.001136166456
9.295890171,32.25,refl,0,1,0.5501288811,-0.03212153748,0.01021632452,2.932121214e-11,2.771817476e-11,0.001136166456
9.295890171,32.25,refl,1,0,0.5501288811,-5.262099723e-14,-1.177715818e-13,-0.007452209399,0.04058300753,0.001702515925
9.295890171,32.25,refl,-1,-1,0.3852651256,-0.07588492204,-0.02414464869,-0.04701748151,0.01382298607,0.008743203966
9.295890171,32.25,refl,-1,1,0.3852651256,-0.07588492204,-0.02414464869,0.04701748151,-0.01382298607,0.008743203966
9.295890171,32.25,refl,1,-1,0.3852651256,0.07588492193,0.02414464883,-0.04701748151,0.01382298605,0.008743203955
9.295890171,32.25,refl,1,1,0.3852651256,0.07588492193,0.02414464883,0.04701748151,-0.01382298605,0.008743203955
9.224383323,32.5,trans,0,0,0.6811496321,-2.351907826e-12,-8.414513515e-13,0.6245396386,-0.4070690582,0.5557549783
9.224383323,32.5,trans,-1,0,0.5565539081,-6.130912977e-14,-1.126368377e-13,0.005658595872,-0.04104097514,0.001716381348
9.224383323,32.5,trans,0,-1,0.5565539081,-0.02971550195,0.01169399847,3.293277883e-11,3.332243358e-11,0.001019760656
9.224383323,32.5,trans,0,1,0.5565539081,-0.02971550195,0.01169399847,-3.292025462e-11,-3.347868721e-11,0.001019760656
9.224383323,32.5,trans,1,0,0.5565539081,-6.148561007e-14,-1.126644004e-13,0.005658595985,-0.04104097507,0.001716381343
9.224383323,32.5,trans,-1,-1,0.3943851973,-0.07533038163,-0.02551833048,0.04622587659,-0.01054956237,0.00857397652
9.224383323,32.5,trans,-1,1,0.3943851973,-0.07533038163,-0.02551833047,-0.04622587659,0.01054956237,0.00857397652
9.224383323,32.5,trans,1,-1,0.3943851973,0.0753303815,0.02551833061,0.04622587658,-0.01054956236,0.008573976507
9.224383323,32.5,trans,1,1,0.3943851973,0.07533038151,0.02551833061,-0.04622587658,0.01054956236,0.008573976507
9.224383323,32.5,refl,0,0,0.6811496321,-2.366935542e-12,-8.363023212e-13,-0.3714560374,-0.3825986761,0.2843613346
9.224383323,32.5,refl,-1,0,0.5565539081,-6.721529972e-14,-2.220058902e-13,-0.009180551428,0.03889889806,0.001597406795
9.224383323,32.5,refl,0,-1,0.5565539081,-0.03140425944,0.009098279765,-3.101753938e-11,-3.180730301e-11,0.001069006206
9.224383323,32.5,refl,0,1,0.5565539081,-0.03140425944,0.009098279765,3.094070617e-11,3.191833264e-11,0.001069006206
9.224383323,32.5,refl,1,0,0.5565539081,-6.732472588e-14,-2.22057361e-13,-0.009180551547,0.03889889799,0.001597406791
9.224383323,32.5,refl,-1,-1,0.3943851973,-0.07258324952,-0.02666386674,-0.04622853634,0.01148573633,0.008248289612
9.224383323,32.5,refl,-1,1,0.3943851973,-0.07258324952,-0.02666386674,0.04622853634,-0.01148573633,0.008248289612
9.224383323,32.5,refl,1,-1,0.3943851973,0.0725832494,0.02666386688,-0.04622853634,0.01148573631,0.008248289601
9.224383323,32.5,refl,1,1,0.3943851973,0.0725832494,0.02666386688,0.04622853634,-0.01148573631,0.008248289601
9.153968183,32.75,trans,0,0,0.6863892447,-1.505924034e-12,-6.731332149e-13,0.6445034497,-0.4052377553,0.579602335
9.153968183,32.75,trans,-1,0,0.5629543733,-3.026407154e-14,-8.057248739e-14,0.007059971864,-0.03943721526,0.00160513715
9.153968183,32.75,trans,0,-1,0.5629543733,-0.02878527846,0.01097533239,3.594120443e-11,3.7876996e-11,0.0009490501768
9.153968183,32.75,trans,0,1,0.5629543733,-0.02878527846,0.01097533239,-3.592850604e-11,-3.797707228e-11,0.0009490501768
9.153968183,32.75,trans,1,0,0.5629543733,-3.042428101e-14,-8.063774867e-14,0.007059971983,-0.03943721518,0.001605137146
9.153968183,32.75,trans,-1,-1,0.40336715,-0.07208881832,-0.02767523278,0.04548688825,-0.008102256879,0.008097419805
9.153968183,32.75,trans,-1,1,0.40336715,-0.07208881832,-0.02767523278,-0.04548688825,0.008102256879,0.008097419805
9.153968183,32.75,trans,1,-1,0.40336715,0.07208881818,0.02767523292,0.04548688824,-0.008102256863,0.008097419793
9.153968183,32.75,trans,1,1,0.40336715,0.07208881818,0.02767523292,-0.04548688824,0.008102256863,0.008097419793
9.153968183,32.75,refl,0,0,0.6863892447,-1.514546154e-12,-6.701099418e-13,-0.3516132806,-0.3805576326,0.2684560109
9.153968183,32.75,refl,-1,0,0.5629543733,-3.045708628e-14,-1.532113383e-13,-0.01081114576,0.03724325746,0.001503941099
9.153968183,32.75,refl,0,-1,0.5629543733,-0.0306986652,0.008146028258,-3.311480421e-11,-3.62017915e-11,0.001008765822
9.153968183,32.75,refl,0,1,0.5629543733,-0.0306986652,0.008146028258,3.305871197e-11,3.627013407e-11,0.001008765822
9.153968183,32.75,refl,1,0,0.5629543733,-3.055916929e-14,-1.532883745e-13,-0.01081114589,0.03724325738,0.001503941096
9.153968183,32.75,refl,-1,-1,0.40336715,-0.06934203592,-0.02898934238,-0.04536491414,0.009232138415,0.007791907732
9.153968183,32.75,refl,-1,1,0.40336715,-0.06934203592,-0.02898934238,0.04536491414,-0.009232138415,0.007791907732
9.153968183,32.75,refl,1,-1,0.40336715,0.06934203579,0.02898934253,-0.04536491413,0.009232138398,0.007791907721
9.153968183,32.75,refl,1,1,0.40336715,0.06934203579,0.02898934253,0.04536491413,-0.009232138398,0.007791907721
9.084619939,33,trans,0,0,0.6916288572,-9.560598841e-13,-5.160876188e-13,0.6638449431,-0.4028276582,0.6029602306
9.084619939,33,trans,-1,0,0.5693311053,-1.289409087e-14,-5.633848182e-14,0.008363464807,-0.0378725914,0.001504280723
9.084619939,33,trans,0,-1,0.5693311053,-0.02788957731,0.01039788536,3.949033751e-11,4.264232782e-11,0.0008859445423
9.084619939,33,trans,0,1,0.5693311053,-0.02788957731,0.01039788536,-3.947943107e-11,-4.270675828e-11,0.0008859445423
9.084619939,33,trans,1,0,0.5693311053,-1.307479483e-14,-5.643535759e-14,0.008363464935,-0.03787259131,0.001504280718
9.084619939,33,trans,-1,-1,0.4122200124,-0.0689191528,-0.02965456615,0.04466400161,-0.005749574866,0.007657173567
9.084619939,33,trans,-1,1,0.4122200124,-0.0689191528,-0.02965456615,-0.04466400161,0.005749574866,0.007657173567
9.084619939,33,trans,1,-1,0.4122200124,0.06891915265,0.0296545663,0.04466400161,-0.00574957485,0.007657173555
9.084619939,33,trans,1,1,0.4122200124,0.06891915265,0.0296545663,-0.04466400161,0.00574957485,0.007657173555
9.084619939,33,refl,0,0,0.6916288572,-9.608395592e-13,-5.144221199e-13,-0.3323863997,-0.3779546636,0.2533304464
9.084619939,33,refl,-1,0,0.5693311053,-1.055433265e-14,-1.043572238e-13,-0.0123438317,0.03562085714,0.001421215644
9.084619939,33,refl,0,-1,0.5693311053,-0.03001600117,0.007349006635,-3.577733325e-11,-4.081377563e-11,0.0009549682246
9.084619939,33,refl,0,1,0.5693311053,-0.03001600117,0.007349006635,3.573729163e-11,4.08560235e-11,0.0009549682246
9.084619939,33,refl,1,0,0.5693311053,-1.068323874e-14,-1.044571898e-13,-0.01234383184,0.03562085705,0.001421215641
9.084619939,33,refl,-1,-1,0.4122200124,-0.06616600223,-0.03112756084,-0.04443630708,0.007066180955,0.007371381196
9.084619939,33,refl,-1,1,0.4122200124,-0.06616600223,-0.03112756084,0.04443630709,-0.007066180955,0.007371381196
9.084619939,33,refl,1,-1,0.4122200124,0.06616600209,0.03112756099,-0.04443630708,0.007066180937,0.007371381185
9.084619939,33,refl,1,1,0.4122200124,0.06616600209,0.03112756099,0.04443630708,-0.007066180937,0.007371381186
9.016314526,33.25,trans,0,0,0.6968684698,-6.012041334e-13,-3.803781423e-13,0.6819459371,-0.3985073973,0.6238584068
9.016314526,33.25,trans,-1,0,0.5756848925,-4.060740589e-15,-3.935346181e-14,0.009431434122,-0.03642929133,0.001416045217
9.016314526,33.25,trans,0,-1,0.5756848925,-0.02728257877,0.009871898737,4.030575012e-11,5.060483337e-11,0.0008417934893
9.016314526,33.25,trans,0,1,0.5756848925,-0.02728257877,0.009871898737,-4.029800432e-11,-5.064662108e-11,0.0008417934893
9.016314526,33.25,trans,1,0,0.5756848925,-4.194761017e-15,-3.939879846e-14,0.009431434253,-0.03642929123,0.001416045211
9.016314526,33.25,trans,-1,-1,0.4209519292,-0.06576361195,-0.03117927687,0.04370839233,-0.003820855747,0.007222022461
9.016314526,33.25,trans,-1,1,0.4209519292,-0.06576361195,-0.03117927687,-0.04370839233,0.003820855747,0.007222022461
9.016314526,33.25,trans,1,-1,0.4209519292,0.06576361178,0.03117927702,0.04370839233,-0.00382085573,0.007222022448
9.016314526,33.25,trans,1,1,0.4209519292,0.06576361178,0.03117927702,-0.04370839232,0.003820855731,0.007222022448
9.016314526,33.25,refl,0,0,0.6968684698,-6.036996745e-13,-3.803083535e-13,-0.3143807835,-0.3734458479,0.2382970784
9.016314526,33.25,refl,-1,0,0.5756848925,-1.059961113e-15,-7.022130238e-14,-0.0136672007,0.03416219632,0.001353848032
9.016314526,33.25,refl,0,-1,0.5756848925,-0.02938833506,0.006688364454,-3.595430431e-11,-4.872635754e-11,0.0009084084565
9.016314526,33.25,refl,0,1,0.5756848925,-0.02938833506,0.006688364454,3.592739319e-11,4.875349086e-11,0.0009084084565
9.016314526,33.25,refl,1,0,0.5756848925,-1.145594318e-15,-7.026340758e-14,-0.01366720084,0.03416219621,0.001353848029
9.016314526,33.25,refl,-1,-1,0.4209519292,-0.06299038338,-0.03280615826,-0.04333222571,0.00515428799,0.006948280888
9.016314526,33.25,refl,-1,1,0.4209519292,-0.06299038338,-0.03280615826,0.04333222571,-0.00515428799,0.006948280888
9.016314526,33.25,refl,1,-1,0.4209519292,0.06299038322,0.03280615841,-0.04333222571,0.005154287972,0.006948280877
9.016314526,33.25,refl,1,1,0.4209519292,0.06299038322,0.03280615841,0.04333222571,-0.005154287972,0.006948280877
8.949028597,33.5,trans,0,0,0.7021080824,-3.749656287e-13,-2.742003962e-13,0.6993958024,-0.3938086438,0.6442397363
8.949028597,33.5,trans,-1,0,0.5820164865,1.716663385e-16,-2.706145457e-14,0.01043460589,-0.03503501804,0.001336333489
8.949028597,33.5,trans,0,-1,0.5820164865,-0.02672885339,0.009441174289,4.161256502e-11,5.966456762e-11,0.0008035673753
8.949028597,33.5,trans,0,1,0.5820164865,-0.02672885339,0.009441174289,-4.160719826e-11,-5.969178985e-11,0.0008035673753
8.949028597,33.5,trans,1,0,0.5820164865,4.890184293e-17,-2.706453761e-14,0.01043460603,-0.03503501792,0.001336333484
8.949028597,33.5,trans,-1,-1,0.4295702757,-0.06270904225,-0.03257125867,0.04271203602,-0.001977111399,0.006821537862
8.949028597,33.5,trans,-1,1,0.4295702757,-0.06270904225,-0.03257125867,-0.04271203602,0.001977111398,0.006821537862
8.949028597,33.5,trans,1,-1,0.4295702757,0.06270904207,0.03257125882,0.04271203602,-0.001977111381,0.006821537848
8.949028597,33.5,trans,1,1,0.4295702757,0.06270904207,0.03257125882,-0.04271203602,0.001977111381,0.006821537848
8.949028597,33.5,refl,0,0,0.7021080824,-3.761330054e-13,-2.749088012e-13,-0.2970160414,-0.368571984,0.2240638363
8.949028597,33.5,refl,-1,0,0.5820164865,3.083567129e-15,-4.68375306e-14,-0.01492280982,0.03274707423,0.001295061124
8.949028597,33.5,refl,0,-1,0.5820164865,-0.0288059863,0.006136076366,-3.663512183e-11,-5.773560245e-11,0.0008674362797
8.949028597,33.5,refl,0,1,0.5820164865,-0.0288059863,0.006136076366,3.661715035e-11,5.775313367e-11,0.0008674362797
8.949028597,33.5,refl,1,0,0.5820164865,3.001534407e-15,-4.682771229e-14,-0.01492280996,0.0327470741,0.00129506112
8.949028597,33.5,refl,-1,-1,0.4295702757,-0.05990958543,-0.03434227509,-0.04220081809,0.003322123281,0.006560495835
8.949028597,33.5,refl,-1,1,0.4295702757,-0.05990958543,-0.03434227509,0.04220081809,-0.003322123281,0.006560495835
8.949028597,33.5,refl,1,-1,0.4295702757,0.05990958525,0.03434227524,-0.04220081808,0.003322123263,0.006560495824
8.949028597,33.5,refl,1,1,0.4295702757,0.05990958525,0.03434227524,0.04220081808,-0.003322123263,0.006560495824
8.882739496,33.75,trans,0,0,0.7073476949,-2.409592556e-13,-1.839863146e-13,0.716199887,-0.3887732363,0.6640869073
8.882739496,33.75,trans,-1,0,0.5883266038,9.6473001e-16,-1.405684462e-14,0.0113749549,-0.03369183662,0.001264529454
8.882739496,33.75,trans,0,-1,0.5883266038,-0.02623126298,0.009096273037,4.341715963e-11,7.006946219e-11,0.0007708213406
8.882739496,33.75,trans,0,1,0.5883266038,-0.02623126298,0.009096273037,-4.341015692e-11,-7.008808195e-11,0.0007708213406
8.882739496,33.75,trans,1,0,0.5883266038,8.731381008e-16,-1.403449773e-14,0.01137495504,-0.03369183648,0.001264529447
8.882739496,33.75,trans,-1,-1,0.4380817549,-0.059755347,-0.03383674775,0.04168290071,-0.0002184183675,0.006453138911
8.882739496,33.75,trans,-1,1,0.4380817549,-0.059755347,-0.03383674775,-0.04168290071,0.0002184183674,0.006453138911
8.882739496,33.75,trans,1,-1,0.4380817549,0.05975534679,0.0338367479,0.04168290071,-0.0002184183496,0.006453138896
8.882739496,33.75,trans,1,1,0.4380817549,0.05975534679,0.0338367479,-0.04168290071,0.0002184183497,0.006453138896
8.882739496,33.75,refl,0,0,0.7073476949,-2.406379383e-13,-1.847584665e-13,-0.280287293,-0.3633739452,0.2106015907
8.882739496,33.75,refl,-1,0,0.5883266038,4.489403146e-15,-2.879151368e-14,-0.01611224409,0.03137817726,0.001244194418
8.882739496,33.75,refl,0,-1,0.5883266038,-0.02827245884,0.005682334108,-3.78225284e-11,-6.808695087e-11,0.0008316208499
8.882739496,33.75,refl,0,1,0.5883266038,-0.02827245884,0.005682334108,3.780682862e-11,6.810131989e-11,0.0008316208499
8.882739496,33.75,refl,1,0,0.5883266038,4.431214933e-15,-2.875377124e-14,-0.01611224424,0.03137817711,0.001244194413
8.882739496,33.75,refl,-1,-1,0.4380817549,-0.0569245399,-0.03574259909,-0.04104888224,0.001569821333,0.006205411704
8.882739496,33.75,refl,-1,1,0.4380817549,-0.0569245399,-0.03574259909,0.04104888224,-0.001569821333,0.006205411704
8.882739496,33.75,refl,1,-1,0.4380817549,0.05692453969,0.03574259925,-0.04104888223,0.001569821314,0.006205411692
8.882739496,33.75,refl,1,1,0.4380817549,0.05692453969,0.03574259925,0.04104888223,-0.001569821314,0.006205411692
8.817425235,34,trans,0,0,0.7125873075,-1.488394047e-13,-1.293216922e-13,0.7323669343,-0.3834395714,0.6833872314
8.817425235,34,trans,-1,0,0.5946159281,1.5740701e-15,-9.227039233e-15,0.01225471989,-0.03240165045,0.001200045112
8.817425235,34,trans,0,-1,0.5946159281,-0.02579185733,0.008828244384,4.570060824e-11,8.21608913e-11,0.0007431578037
8.817425235,34,trans,0,1,0.5946159281,-0.02579185733,0.008828244384,-4.569620806e-11,-8.21726272e-11,0.0007431578037
8.817425235,34,trans,1,0,0.5946159281,1.498182823e-15,-9.156682295e-15,0.01225472004,-0.03240165028,0.001200045104
8.817425235,34,trans,-1,-1,0.4464924784,-0.05690230269,-0.03498175779,0.04062834206,0.001455545778,0.006114376221
8.817425235,34,trans,-1,1,0.4464924784,-0.05690230269,-0.03498175779,-0.04062834206,-0.001455545778,0.006114376221
8.817425235,34,trans,1,-1,0.4464924784,0.05690230246,0.03498175794,0.04062834205,0.001455545796,0.006114376205
8.817425235,34,trans,1,1,0.4464924784,0.05690230246,0.03498175794,-0.04062834205,-0.001455545796,0.006114376205
8.817425235,34,refl,0,0,0.7125873075,-1.483832719e-13,-1.301705714e-13,-0.2641862503,-0.3578892915,0.1978791198
8.817425235,34,refl,-1,0,0.5946159281,4.322706353e-15,-1.870581219e-14,-0.0172374101,0.03005797494,0.001200610165
8.817425235,34,refl,0,-1,0.5946159281,-0.02779040521,0.005317794114,-3.94927796e-11,-8.012237253e-11,0.0008005855558
8.817425235,34,refl,0,1,0.5946159281,-0.02779040521,0.005317794114,3.948249539e-11,8.013143411e-11,0.0008005855558
8.817425235,34,refl,1,0,0.5946159281,4.280483012e-15,-1.861406821e-14,-0.01723741026,0.03005797477,0.00120061016
8.817425235,34,refl,-1,-1,0.4464924784,-0.05403592477,-0.03701361748,-0.03988271568,-0.0001028445698,0.005880530632
8.817425235,34,refl,-1,1,0.4464924784,-0.05403592477,-0.03701361748,0.03988271568,0.0001028445699,0.005880530632
8.817425235,34,refl,1,-1,0.4464924784,0.05403592454,0.03701361764,-0.03988271567,-0.0001028445894,0.005880530619
8.817425235,34,refl,1,1,0.4464924784,0.05403592454,0.03701361764,0.03988271567,0.0001028445893,0.005880530619
