f_THz,lam_um,Re_S11,Im_S11,Re_S21,Im_S21,absS11,absS21,absS11_cross,absS21_cross,R_total,T_total,A,R_higher,T_higher
10,29.9792458,-0.03920573418,0.1951970759,0.9596405146,0.188771285,0.1990954244,0.9780309378,6.59745184e-07,5.734264353e-07,0.03963898803,0.9565445153,0.003816496685,0,0
10.024,29.90746788,-0.03943205892,0.1957797353,0.9595202231,0.1893046252,0.1997112717,0.9780160017,6.539286504e-07,5.709950272e-07,0.03988459203,0.9565152997,0.0036001083,0,0
10.048,29.83603284,-0.03966262239,0.196362683,0.9593812257,0.1898437669,0.2003282977,0.9779841472,6.480294681e-07,5.693517393e-07,0.04013142687,0.9564529921,0.003415581,0,0
10.072,29.76493824,-0.03989726363,0.1969459445,0.9592245425,0.1903882278,0.2009465021,0.9779362967,6.420473508e-07,5.685311515e-07,0.0403794967,0.9563594003,0.003261102989,0,0
10.096,29.69418166,-0.04013582527,0.1975295457,0.9590511702,0.1909375539,0.2015658848,0.977873354,6.359821408e-07,5.685637765e-07,0.04062880591,0.9562362966,0.003134897533,0,0
10.12,29.62376067,-0.04037815366,0.1981135125,0.9588620812,0.1914913184,0.2021864465,0.9777962036,6.298338302e-07,5.694753574e-07,0.04087935913,0.9560854158,0.003035225026,0,0
10.144,29.55367291,-0.040624099,0.1986978706,0.9586582231,0.1920491218,0.2028081882,0.9777057093,6.236025855e-07,5.712862345e-07,0.04113116122,0.9559084539,0.002960384875,0,0
10.168,29.48391601,-0.04087351539,0.199282646,0.9584405178,0.1926105901,0.2034311118,0.9776027135,6.172887768e-07,5.740108122e-07,0.04138421726,0.9557070655,0.002908717229,0,0
10.192,29.41448764,-0.04112626096,0.1998678645,0.9582098608,0.193175375,0.2040552195,0.9774880372,6.108930097e-07,5.776571481e-07,0.04163853259,0.9554828629,0.002878604544,0,0
10.216,29.34538547,-0.04138219793,0.2004535518,0.9579671211,0.1937431524,0.2046805138,0.9773624785,6.044161646e-07,5.82226681e-07,0.04189411273,0.9552374143,0.002868472982,0,0
10.24,29.27660723,-0.04164119268,0.2010397337,0.9577131404,0.1943136217,0.2053069981,0.9772268124,5.978594405e-07,5.87714107e-07,0.04215096346,0.9549722429,0.002876793657,0,0
10.264,29.20815062,-0.04190311583,0.2016264359,0.9574487326,0.1948865053,0.2059346759,0.9770817906,5.912244065e-07,5.941074036e-07,0.04240909075,0.9546888255,0.002902083736,0,0
10.288,29.14001341,-0.04216784228,0.2022136837,0.9571746838,0.1954615475,0.2065635514,0.9769281406,5.845130617e-07,6.013879926e-07,0.04266850078,0.9543885918,0.002942907378,0,0
10.312,29.07219337,-0.04243525129,0.2028015024,0.9568917519,0.1960385134,0.2071936291,0.9767665655,5.777279047e-07,6.095310282e-07,0.04292919994,0.9540729235,0.002997876539,0,0
10.336,29.00468827,-0.04270522648,0.2033899172,0.9566006663,0.1966171885,0.2078249138,0.976597744,5.708720141e-07,6.185057869e-07,0.04319119481,0.9537431536,0.003065651639,0,0
10.36,28.93749595,-0.04297765586,0.203978953,0.956302128,0.1971973777,0.2084574109,0.9764223296,5.639491435e-07,6.282761363e-07,0.04345449217,0.9534005657,0.003144942085,0,0
10.384,28.87061421,-0.0432524319,0.2045686342,0.9559968093,0.1977789041,0.209091126,0.976240951,5.569638307e-07,6.388010586e-07,0.04371909898,0.9530463943,0.00323450668,0,0
10.408,28.80404093,-0.04352945153,0.2051589853,0.9556853541,0.1983616086,0.2097260651,0.9760542115,5.499215264e-07,6.500352035e-07,0.04398502239,0.9526818237,0.003333153892,0,0
10.432,28.73777396,-0.04380861612,0.2057500301,0.9553683774,0.1989453488,0.2103622346,0.9758626892,5.428287436e-07,6.619294497e-07,0.04425226973,0.9523079883,0.003439742018,0,0
10.456,28.67181121,-0.04408983152,0.2063417923,0.955046466,0.1995299981,0.2109996409,0.9756669372,5.356932327e-07,6.744314581e-07,0.04452084848,0.9519259723,0.003553179227,0,0
10.48,28.60615057,-0.04437300804,0.206934295,0.9547201783,0.2001154452,0.2116382912,0.9754674829,5.285241863e-07,6.87486204e-07,0.04479076629,0.9515368102,0.003672423498,0,0
10.504,28.54078998,-0.04465806044,0.2075275611,0.9543900446,0.2007015928,0.2122781924,0.9752648289,5.213324774e-07,7.010364772e-07,0.04506203098,0.9511414866,0.003796482456,0,0
10.528,28.47572739,-0.04494490792,0.2081216129,0.9540565673,0.2012883572,0.2129193521,0.9750594527,5.141309389e-07,7.150233475e-07,0.04533465051,0.9507409364,0.00392441311,0,0
10.552,28.41096077,-0.0452334741,0.2087164723,0.9537202213,0.2018756672,0.2135617779,0.9748518069,5.069346894e-07,7.29386593e-07,0.04560863299,0.9503360455,0.004055321499,0,0
10.576,28.34648809,-0.04552368695,0.2093121606,0.9533814541,0.2024634635,0.2142054777,0.9746423196,4.997615127e-07,7.440650909e-07,0.04588398666,0.9499276511,0.004188362252,0,0
10.6,28.28230736,-0.04581547883,0.2099086987,0.9530406864,0.2030516981,0.2148504594,0.9744313942,4.926323e-07,7.589971759e-07,0.0461607199,0.949516542,0.004322738068,0,0
10.624,28.2184166,-0.04610878637,0.2105061069,0.9526983124,0.203640333,0.2154967314,0.9742194104,4.855715627e-07,7.741209685e-07,0.04643884123,0.9491034597,0.004457699115,0,0
10.648,28.15481386,-0.04640355049,0.2111044049,0.9523547002,0.2042293402,0.216144302,0.974006724,4.786080255e-07,7.893746777e-07,0.04671835927,0.9486890984,0.004592542366,0,0
10.672,28.09149719,-0.04669971628,0.2117036119,0.9520101924,0.2048187003,0.2167931797,0.9737936672,4.717753088e-07,8.04696884e-07,0.04699928278,0.9482741064,0.00472661086,0,0
10.696,28.02846466,-0.04699723303,0.2123037463,0.9516651064,0.2054084023,0.2174433734,0.9735805496,4.651127097e-07,8.200268055e-07,0.04728162062,0.9478590865,0.004859292906,0,0
10.72,27.96571437,-0.04729605407,0.2129048262,0.9513197352,0.2059984429,0.2180948916,0.9733676577,4.586660869e-07,8.353045514e-07,0.04756538175,0.947444597,0.00499002123,0,0
10.744,27.90324442,-0.04759613679,0.2135068688,0.9509743476,0.2065888255,0.2187477434,0.9731552562,4.524888544e-07,8.504713658e-07,0.04785057525,0.9470311527,0.005118272065,0,0
10.768,27.84105293,-0.04789744251,0.2141098907,0.9506291892,0.20717956,0.2194019377,0.972943588,4.466430806e-07,8.654698643e-07,0.04813721028,0.9466192255,0.0052435642,0,0
10.792,27.77913807,-0.04819993644,0.2147139079,0.9502844826,0.207770662,0.2200574836,0.9727328749,4.412006839e-07,8.802442626e-07,0.04842529611,0.9462092459,0.005365457979,0,0
10.816,27.71749797,-0.0485035876,0.2153189357,0.9499404282,0.2083621522,0.2207143903,0.9725233178,4.362447002e-07,8.94740601e-07,0.04871484209,0.9458016037,0.005483554258,0,0
10.84,27.65613081,-0.0488083687,0.2159249888,0.9495972049,0.2089540559,0.2213726669,0.9723150976,4.318705881e-07,9.089069604e-07,0.04900585765,0.945396649,0.005597493336,0,0
10.864,27.59503479,-0.04911425611,0.2165320812,0.9492549705,0.2095464027,0.2220323227,0.9721083756,4.281875108e-07,9.226936719e-07,0.04929835232,0.9449946938,0.005706953842,0,0
10.888,27.53420812,-0.04942122974,0.217140226,0.9489138626,0.2101392255,0.222693367,0.9719032939,4.253195188e-07,9.360535169e-07,0.0495923357,0.9445960127,0.0058116516,0,0
10.912,27.47364901,-0.04972927297,0.217749436,0.9485739993,0.2107325604,0.2233558091,0.9716999764,4.234065325e-07,9.489419157e-07,0.04988781746,0.9442008441,0.005911338463,0,0
10.936,27.41335571,-0.05003837252,0.218359723,0.9482354795,0.2113264462,0.2240196584,0.9714985288,4.226050049e-07,9.613171033e-07,0.05018480734,0.9438093915,0.006005801133,0,0
10.96,27.35332646,-0.05034851839,0.2189710983,0.9478983843,0.2119209238,0.2246849243,0.9712990399,4.23088146e-07,9.731402891e-07,0.05048331519,0.9434218249,0.006094859952,0,0
10.984,27.29355954,-0.05065970375,0.2195835724,0.9475627767,0.212516036,0.2253516161,0.9711015814,4.250455968e-07,9.843757995e-07,0.05078335087,0.9430382814,0.006178367686,0,0
11.008,27.23405323,-0.05097192486,0.2201971554,0.9472287034,0.213111827,0.2260197433,0.9709062093,4.286824909e-07,9.949911995e-07,0.05108492436,0.9426588674,0.006256208288,0,0
11.032,27.17480584,-0.05128518093,0.2208118563,0.9468961946,0.2137083418,0.2266893153,0.9707129641,4.342179075e-07,1.004957393e-06,0.05138804568,0.9422836587,0.006328295657,0,0
11.056,27.11581567,-0.05159947404,0.2214276839,0.9465652652,0.2143056264,0.2273603416,0.9705218713,4.418828213e-07,1.014248701e-06,0.05169272492,0.9419127027,0.006394572386,0,0
11.08,27.05708105,-0.05191480905,0.2220446461,0.9462359153,0.2149037269,0.2280328315,0.9703329425,4.519177533e-07,1.022842913e-06,0.05199897224,0.9415460193,0.006455008502,0,0
11.104,26.99860032,-0.05223119348,0.2226627502,0.9459081312,0.2155026896,0.2287067946,0.9701461755,4.645704086e-07,1.030721316e-06,0.05230679788,0.9411836019,0.006509600212,0,0
11.128,26.94037185,-0.05254863741,0.2232820029,0.9455818857,0.2161025604,0.2293822402,0.9699615555,4.800936009e-07,1.037868696e-06,0.05261621212,0.9408254192,0.006558368635,0,0
11.152,26.88239401,-0.05286715335,0.2239024105,0.9452571391,0.216703385,0.2300591779,0.9697790553,4.987436932e-07,1.044273318e-06,0.05292722532,0.9404714161,0.006601358551,0,0
11.176,26.82466518,-0.0531867562,0.2245239784,0.9449338397,0.217305208,0.230737617,0.969598636,5.207796006e-07,1.049926882e-06,0.05323984792,0.9401215149,0.00663863714,0,0
11.2,26.76718375,-0.05350746305,0.2251467117,0.9446119248,0.2179080733,0.2314175672,0.9694202478,5.464621189e-07,1.054824454e-06,0.05355409041,0.9397756169,0.006670292733,0,0
11.224,26.70994815,-0.05382929317,0.2257706149,0.9442913209,0.2185120233,0.2320990378,0.9692438306,5.760529819e-07,1.05896438e-06,0.05386996336,0.9394336031,0.006696433573,0,0
11.248,26.65295679,-0.05415226784,0.2263956919,0.9439719449,0.2191170993,0.2327820384,0.9690693143,6.098126243e-07,1.062348178e-06,0.05418747741,0.939095336,0.006717186579,0,0
11.272,26.59620813,-0.05447641027,0.2270219461,0.9436537045,0.2197233411,0.2334665785,0.9688966202,6.479951551e-07,1.064980422e-06,0.05450664329,0.9387606606,0.006732696123,0,0
11.296,26.5397006,-0.05480174548,0.2276493806,0.9433364988,0.2203307864,0.2341526677,0.9687256605,6.908385155e-07,1.066868603e-06,0.0548274718,0.9384294054,0.006743122825,0,0
11.32,26.48343269,-0.05512830021,0.2282779979,0.9430202192,0.2209394714,0.2348403156,0.96855634,7.385472094e-07,1.068022989e-06,0.05514997383,0.9381013838,0.006748642352,0,0
11.344,26.42740286,-0.05545610282,0.2289078002,0.9427047498,0.2215494304,0.2355295318,0.968388556,7.912643906e-07,1.06845647e-06,0.05547416033,0.9377763954,0.006749444243,0,0
11.368,26.37160961,-0.05578518318,0.2295387891,0.9423899683,0.2221606954,0.2362203259,0.9682221991,8.490296503e-07,1.068184402e-06,0.05580004238,0.9374542269,0.006745730743,0,0
11.392,26.31605144,-0.05611557257,0.2301709661,0.9420757463,0.2227732962,0.2369127078,0.9680571539,9.117189648e-07,1.067224453e-06,0.05612763113,0.9371346532,0.006737715663,0,0
11.416,26.26072687,-0.05644730358,0.2308043322,0.9417619501,0.2233872607,0.2376066872,0.9678932994,9.789647264e-07,1.065596443e-06,0.05645693782,0.9368174389,0.006725623248,0,0
11.44,26.20563444,-0.05678041,0.231438888,0.9414484414,0.2240026143,0.2383022741,0.9677305095,1.050057829e-06,1.063322192e-06,0.05678797383,0.9365023391,0.006709687083,0,0
11.464,26.15077268,-0.05711492676,0.232074634,0.9411350777,0.22461938,0.2389994783,0.9675686541,1.1238419e-06,1.06042537e-06,0.05712075062,0.9361891004,0.006690149001,0,0
11.488,26.09614015,-0.0574508898,0.2327115705,0.9408217129,0.2252375785,0.2396983099,0.9674075988,1.198622835e-06,1.056931358e-06,0.05745527978,0.9358774622,0.006667258032,0,0
11.512,26.04173541,-0.05778833598,0.2333496973,0.9405081978,0.2258572282,0.2403987791,0.9672472061,1.272132912e-06,1.052867118e-06,0.057791573,0.9355671576,0.006641269366,0,0
11.536,25.98755704,-0.05812730302,0.2339890142,0.9401943808,0.226478345,0.2411008961,0.9670873355,1.341600511e-06,1.048261071e-06,0.05812964212,0.9352579145,0.006612443343,0,0
11.56,25.93360363,-0.05846782935,0.2346295208,0.9398801085,0.2271009424,0.2418046714,0.9669278445,1.403969913e-06,1.043142987e-06,0.05846949911,0.9349494564,0.006581044468,0,0
11.584,25.87987379,-0.05880995411,0.2352712166,0.9395652257,0.2277250317,0.2425101154,0.9667685884,1.456276441e-06,1.037543894e-06,0.05881115606,0.9346415035,0.006547340461,0,0
11.608,25.82636613,-0.05915371698,0.2359141009,0.9392495766,0.2283506216,0.2432172388,0.9666094213,1.496112171e-06,1.031495987e-06,0.05915462524,0.9343337734,0.006511601319,0,0
11.632,25.77307926,-0.05949915815,0.236558173,0.9389330045,0.2289777186,0.2439260524,0.9664501966,1.522048986e-06,1.02503257e-06,0.05949991904,0.9340259825,0.006474098426,0,0
11.656,25.72001184,-0.05984631822,0.2372034321,0.938615353,0.229606327,0.2446365672,0.966290767,1.533871059e-06,1.018187987e-06,0.05984705003,0.9337178463,0.006435103674,0,0
11.68,25.6671625,-0.06019523813,0.2378498775,0.938296466,0.2302364488,0.2453487944,0.9661309851,1.532535227e-06,1.010997593e-06,0.06019603094,0.9334090804,0.006394888626,0,0
11.704,25.6145299,-0.06054595907,0.2384975084,0.9379761881,0.2308680839,0.2460627454,0.9659707043,1.519891017e-06,1.003497712e-06,0.06054687469,0.9330994016,0.006353723705,0,0
11.728,25.56211272,-0.06089852243,0.2391463241,0.9376543652,0.2315012302,0.2467784317,0.9658097785,1.498279677e-06,9.957256297e-07,0.06089959436,0.9327885282,0.006311877415,0,0
11.752,25.50990963,-0.06125296973,0.2397963239,0.9373308449,0.2321358835,0.2474958651,0.9656480628,1.470146461e-06,9.877195793e-07,0.06125420324,0.9324761812,0.006269615593,0,0
11.776,25.45791933,-0.06160934252,0.2404475072,0.9370054765,0.2327720376,0.2482150576,0.9654854139,1.43775414e-06,9.795187484e-07,0.06161071482,0.9321620845,0.006227200692,0,0
11.8,25.40614051,-0.06196768234,0.2410998738,0.9366781118,0.2334096848,0.2489360215,0.9653216905,1.403022823e-06,9.711632885e-07,0.06196914279,0.9318459661,0.006184891101,0,0
11.824,25.35457189,-0.06232803067,0.2417534232,0.9363486052,0.2340488155,0.2496587692,0.9651567533,1.36747669e-06,9.626943326e-07,0.06232950105,0.9315275585,0.006142940492,0,0
11.848,25.30321219,-0.06269042886,0.2424081555,0.9360168139,0.2346894184,0.2503833136,0.9649904658,1.332261062e-06,9.541540167e-07,0.06269180373,0.9312065991,0.006101597205,0,0
11.872,25.25206014,-0.06305491805,0.2430640708,0.9356825986,0.2353314809,0.2511096676,0.9648226942,1.298195396e-06,9.455855022e-07,0.06305606519,0.9308828311,0.006061103661,0,0
11.896,25.20111449,-0.06342153915,0.2437211694,0.9353458231,0.235974989,0.2518378447,0.9646533077,1.265837769e-06,9.370329979e-07,0.06342230004,0.9305560041,0.006021695818,0,0
11.92,25.15037399,-0.06379033278,0.244379452,0.9350063552,0.2366199272,0.2525678585,0.9644821793,1.23554679e-06,9.285417776e-07,0.06379052313,0.9302258742,0.005983602647,0,0
11.944,25.09983741,-0.06416133924,0.2450389196,0.9346640667,0.2372662793,0.2532997228,0.9643091853,1.207534558e-06,9.201581896e-07,0.06416074956,0.9298922048,0.005947045656,0,0
11.968,25.04950351,-0.0645345984,0.2456995733,0.9343188333,0.2379140276,0.254033452,0.9641342058,1.181908907e-06,9.11929655e-07,0.06453299472,0.9295547668,0.005912238438,0,0
11.992,24.99937108,-0.06491014976,0.2463614148,0.9339705354,0.238563154,0.2547690606,0.9639571253,1.158705601e-06,9.039046506e-07,0.06490727424,0.9292133395,0.005879386258,0,0
12.016,24.94943891,-0.06528803232,0.2470244459,0.9336190578,0.2392136391,0.2555065636,0.9637778324,1.137912064e-06,8.961326717e-07,0.06528360405,0.9288677103,0.005848685671,0,0
12.04,24.89970581,-0.06566828461,0.247688669,0.9332642899,0.2398654635,0.2562459763,0.9635962201,1.119484422e-06,8.886641719e-07,0.06566200038,0.9285176754,0.005820324175,0,0
12.064,24.85017059,-0.06605094461,0.2483540868,0.9329061261,0.2405186067,0.2569873143,0.9634121861,1.10335949e-06,8.81550473e-07,0.06604247974,0.9281630404,0.005794479897,0,0
12.088,24.80083206,-0.06643604976,0.2490207024,0.9325444657,0.2411730482,0.2577305937,0.9632256328,1.089463033e-06,8.748436447e-07,0.06642505895,0.9278036197,0.005771321317,0,0
12.112,24.75168907,-0.06682363689,0.2496885194,0.932179213,0.2418287673,0.2584758309,0.9630364676,1.077715342e-06,8.685963462e-07,0.06680975515,0.9274392378,0.005751007013,0,0
12.136,24.70274044,-0.06721374226,0.2503575416,0.9318102775,0.2424857429,0.2592230426,0.9628446026,1.06803491e-06,8.628616306e-07,0.06719658581,0.9270697287,0.005733685452,0,0
12.16,24.65398503,-0.06760640148,0.2510277737,0.9314375739,0.2431439542,0.259972246,0.9626499553,1.06034079e-06,8.57692708e-07,0.0675855687,0.9266949365,0.005719494807,0,0
12.184,24.6054217,-0.0680016495,0.2516992205,0.9310610221,0.2438033805,0.2607234588,0.9624524483,1.054554045e-06,8.531426668e-07,0.06797672195,0.9263147152,0.005708562804,0,0
12.208,24.55704931,-0.06839952066,0.2523718875,0.9306805475,0.2444640012,0.2614766988,0.9622520093,1.050598585e-06,8.492641558e-07,0.06837006404,0.9259289294,0.005701006607,0,0
12.232,24.50886674,-0.06880004857,0.2530457806,0.9302960805,0.2451257965,0.2622319847,0.9620485713,1.048401608e-06,8.461090283e-07,0.06876561378,0.9255374535,0.005696932724,0,0
12.256,24.46087288,-0.06920326619,0.2537209063,0.9299075571,0.2457887467,0.2629893351,0.9618420726,1.047893781e-06,8.437279544e-07,0.06916339036,0.9251401727,0.005696436955,0,0
12.28,24.41306661,-0.06960920581,0.2543972716,0.9295149184,0.2464528329,0.2637487693,0.961632457,1.049009262e-06,8.421700089e-07,0.06956341332,0.9247369823,0.00569960436,0,0
12.304,24.36544685,-0.070017899,0.2550748839,0.9291181108,0.2471180372,0.2645103071,0.9614196733,1.051685636e-06,8.414822435e-07,0.06996570258,0.9243277882,0.00570650926,0,0
12.328,24.31801249,-0.07042937665,0.2557537514,0.9287170861,0.2477843423,0.2652739686,0.9612036758,1.055863795e-06,8.417092568e-07,0.07037027844,0.9239125063,0.005717215267,0,0
12.352,24.27076247,-0.07084366897,0.2564338826,0.9283118011,0.2484517318,0.2660397744,0.960984424,1.061487805e-06,8.428927721e-07,0.07077716157,0.9234910631,0.00573177534,0,0
12.376,24.2236957,-0.07126080548,0.2571152867,0.9279022177,0.2491201908,0.2668077455,0.9607618826,1.068504763e-06,8.450712406e-07,0.07118637305,0.9230633951,0.005750231865,0,0
12.4,24.17681113,-0.07168081502,0.2577979734,0.9274883029,0.2497897051,0.2675779033,0.9605360216,1.076864664e-06,8.482794813e-07,0.07159793435,0.9226294489,0.005772616767,0,0
12.424,24.13010769,-0.07210372577,0.2584819531,0.9270700287,0.2504602622,0.2683502699,0.9603068161,1.08652027e-06,8.525483724e-07,0.07201186734,0.922189181,0.005798951645,0,0
12.448,24.08358435,-0.07252956525,0.2591672365,0.9266473716,0.2511318508,0.2691248675,0.960074246,1.097427e-06,8.579046069e-07,0.0724281943,0.9217425578,0.005829247924,0,0
12.472,24.03724006,-0.07295836035,0.259853835,0.9262203132,0.2518044608,0.269901719,0.9598382963,1.109542815e-06,8.643705193e-07,0.07284693792,0.921289555,0.005863507041,0,0
12.496,23.99107378,-0.07339013731,0.2605417607,0.9257888394,0.2524780841,0.2706808477,0.9595989569,1.122828129e-06,8.719639933e-07,0.0732681213,0.9208301581,0.005901720646,0,0
12.52,23.9450845,-0.07382492179,0.2612310259,0.9253529406,0.2531527139,0.2714622773,0.9593562223,1.13724571e-06,8.806984497e-07,0.07369176799,0.9203643612,0.005943870825,0,0
12.544,23.89927121,-0.07426273885,0.2619216439,0.9249126115,0.2538283452,0.272246032,0.9591100916,1.152760596e-06,8.905829174e-07,0.07411790194,0.9198921677,0.005989930347,0,0
12.568,23.85363288,-0.07470361301,0.2626136282,0.924467851,0.2545049745,0.2730321364,0.9588605684,1.169340011e-06,9.016221795e-07,0.07454654753,0.9194135895,0.006039862924,0,0
12.592,23.80816852,-0.07514756823,0.263306993,0.9240186618,0.2551826005,0.2738206157,0.9586076606,1.186953283e-06,9.138169901e-07,0.07497772959,0.9189286469,0.006093623493,0,0
12.616,23.76287714,-0.07559462796,0.264001753,0.9235650505,0.2558612233,0.2746114954,0.9583513803,1.205571765e-06,9.271643494e-07,0.07541147339,0.9184373681,0.006151158517,0,0
12.64,23.71775775,-0.07604481518,0.2646979235,0.9231070273,0.2565408452,0.2754048014,0.9580917436,1.225168749e-06,9.416578272e-07,0.07584780463,0.9179397891,0.006212406295,0,0
12.664,23.67280938,-0.07649815243,0.2653955202,0.9226446057,0.2572214702,0.2762005602,0.9578287703,1.245719393e-06,9.572879202e-07,0.07628674946,0.9174359532,0.006277297293,0,0
12.688,23.62803105,-0.0769546618,0.2660945594,0.9221778027,0.2579031045,0.2769987987,0.9575624841,1.267200631e-06,9.740424315e-07,0.07672833449,0.916925911,0.006345754484,0,0
12.712,23.58342181,-0.07741436503,0.2667950578,0.9217066379,0.2585857559,0.2777995442,0.9572929121,1.289591103e-06,9.919068598e-07,0.07717258677,0.9164097195,0.006417693707,0,0
12.736,23.53898068,-0.07787728348,0.2674970327,0.9212311341,0.2592694345,0.2786028245,0.9570200845,1.312871063e-06,1.010864786e-06,0.0776195338,0.9158874422,0.006493024029,0,0
12.76,23.49470674,-0.07834343821,0.268200502,0.9207513166,0.2599541522,0.2794086677,0.9567440349,1.337022308e-06,1.030898251e-06,0.07806920356,0.9153591483,0.006571648124,0,0
12.784,23.45059903,-0.07881285002,0.2689054837,0.920267213,0.2606399231,0.2802171024,0.9564647996,1.36202809e-06,1.051988109e-06,0.07852162448,0.9148249129,0.006653462657,0,0
12.808,23.40665662,-0.07928553947,0.2696119965,0.9197788532,0.2613267631,0.2810281577,0.9561824177,1.387873045e-06,1.074114361e-06,0.07897682544,0.9142848159,0.006738358679,0,0
12.832,23.36287858,-0.0797615269,0.2703200596,0.9192862689,0.2620146903,0.2818418631,0.9558969307,1.414543107e-06,1.097256459e-06,0.07943483582,0.9137389422,0.006826222026,0,0
12.856,23.319264,-0.08024083253,0.2710296925,0.9187894938,0.2627037245,0.2826582485,0.9556083826,1.442025439e-06,1.121393574e-06,0.07989568543,0.9131873808,0.006916933727,0,0
12.88,23.27581196,-0.08072347646,0.2717409151,0.918288563,0.2633938876,0.283477344,0.9553168192,1.470308353e-06,1.146504831e-06,0.08035940459,0.912630225,0.007010370413,0,0
12.904,23.23252154,-0.08120947873,0.2724537477,0.9177835128,0.2640852036,0.2842991805,0.9550222883,1.49938124e-06,1.172569521e-06,0.08082602406,0.9120675712,0.007106404735,0,0
12.928,23.18939186,-0.08169885935,0.273168211,0.9172743808,0.2647776981,0.2851237891,0.9547248395,1.529234498e-06,1.199567266e-06,0.08129557511,0.9114995191,0.007204905778,0,0
12.952,23.14642202,-0.08219163838,0.273884326,0.9167612052,0.2654713989,0.2859512012,0.9544245235,1.559859466e-06,1.227478168e-06,0.08176808946,0.9109261711,0.007305739482,0,0
12.976,23.10361113,-0.08268783592,0.2746021142,0.9162440251,0.2661663353,0.2867814487,0.9541213925,1.591248353e-06,1.256282923e-06,0.08224359933,0.9103476316,0.007408769062,0,0
13,23.06095831,-0.08318747222,0.2753215972,0.9157228798,0.2668625386,0.287614564,0.9538154995,1.623394179e-06,1.285962911e-06,0.08272213744,0.9097640071,0.007513855425,0,0
13.024,23.01846268,-0.08369056768,0.2760427971,0.9151978089,0.2675600418,0.2884505798,0.9535068985,1.656290711e-06,1.316500265e-06,0.08320373696,0.9091754054,0.007620857588,0,0
13.048,22.97612339,-0.08419714295,0.2767657362,0.9146688521,0.2682588794,0.289289529,0.9531956438,1.689932402e-06,1.347877919e-06,0.0836884316,0.9085819353,0.007729633097,0,0
13.072,22.93393957,-0.08470721892,0.2774904369,0.9141360485,0.2689590879,0.2901314452,0.9528817902,1.724314335e-06,1.380079642e-06,0.08417625552,0.907983706,0.007840038433,0,0
13.096,22.89191035,-0.0852208168,0.2782169222,0.9135994371,0.2696607049,0.2909763623,0.9525653926,1.75943217e-06,1.413090051e-06,0.08466724342,0.9073808272,0.007951929425,0,0
13.12,22.85003491,-0.08573795818,0.2789452151,0.913059056,0.2703637698,0.2918243144,0.9522465058,1.795282087e-06,1.446894622e-06,0.08516143049,0.9067734079,0.008065161652,0,0
13.144,22.80831239,-0.08625866506,0.2796753388,0.9125149428,0.2710683234,0.2926753362,0.9519251844,1.831860735e-06,1.48147968e-06,0.08565885243,0.9061615567,0.008179590837,0,0
13.168,22.76674195,-0.08678295994,0.2804073168,0.9119671335,0.2717744076,0.2935294627,0.9516014824,1.869165185e-06,1.516832385e-06,0.08615954546,0.9055453813,0.00829507324,0,0
13.192,22.72532277,-0.0873108658,0.2811411728,0.9114156633,0.2724820659,0.2943867292,0.9512754531,1.90719288e-06,1.552940717e-06,0.08666354632,0.9049249876,0.008411466043,0,0
13.216,22.68405403,-0.08784240624,0.2818769305,0.9108605657,0.2731913429,0.2952471715,0.9509471489,1.945941588e-06,1.589793443e-06,0.08717089226,0.90430048,0.008528627719,0,0
13.24,22.64293489,-0.08837760546,0.2826146138,0.9103018726,0.273902284,0.2961108257,0.9506166212,1.985409357e-06,1.627380094e-06,0.08768162111,0.9036719605,0.008646418404,0,0
13.264,22.60196457,-0.08891648835,0.283354247,0.9097396141,0.274614936,0.2969777285,0.95028392,2.025594473e-06,1.665690926e-06,0.0881957712,0.9030395285,0.00876470025,0,0
13.288,22.56114223,-0.08945908053,0.2840958541,0.9091738182,0.2753293465,0.2978479166,0.9499490938,2.066495415e-06,1.704716889e-06,0.08871338144,0.9024032808,0.008883337773,0,0
13.312,22.5204671,-0.09000540843,0.2848394596,0.9086045108,0.2760455641,0.2987214275,0.9496121895,2.108110813e-06,1.744449586e-06,0.08923449128,0.9017633105,0.009002198187,0,0
13.336,22.47993836,-0.09055549929,0.2855850877,0.9080317155,0.2767636378,0.299598299,0.9492732523,2.150439408e-06,1.784881237e-06,0.08975914076,0.9011197075,0.009121151733,0,0
13.36,22.43955524,-0.09110938127,0.2863327629,0.9074554532,0.2774836176,0.3004785691,0.948932325,2.193480009e-06,1.826004642e-06,0.09028737049,0.9004725575,0.009240071984,0,0
13.384,22.39931695,-0.09166708348,0.2870825099,0.9068757422,0.278205554,0.3013622765,0.9485894487,2.237231457e-06,1.867813138e-06,0.09081922169,0.8998219422,0.009358836152,0,0
13.408,22.3592227,-0.09222863602,0.2878343532,0.9062925982,0.2789294981,0.3022494602,0.9482446617,2.281692584e-06,1.910300562e-06,0.09135473618,0.8991679384,0.009477325375,0,0
13.432,22.31927174,-0.09279407006,0.2885883174,0.9057060336,0.2796555012,0.3031401597,0.9478980001,2.326862169e-06,1.95346121e-06,0.0918939564,0.8985106186,0.009595424988,0,0
13.456,22.27946329,-0.09336341789,0.2893444273,0.9051160579,0.280383615,0.3040344149,0.9475494973,2.372738906e-06,1.997289803e-06,0.09243692543,0.8978500498,0.009713024788,0,0
13.48,22.23979659,-0.09393671296,0.2901027076,0.9045226772,0.2811138917,0.3049322663,0.9471991837,2.419321362e-06,2.041781443e-06,0.09298368702,0.8971862937,0.00983001928,0,0
13.504,22.20027088,-0.09451398995,0.2908631831,0.9039258945,0.2818463832,0.3058337548,0.9468470872,2.466607936e-06,2.086931581e-06,0.09353428559,0.8965194065,0.009946307912,0,0
13.528,22.16088542,-0.09509528482,0.2916258785,0.9033257091,0.2825811418,0.3067389219,0.9464932321,2.514596822e-06,2.132735973e-06,0.09408876624,0.8958494385,0.01006179529,0,0
13.552,22.12163946,-0.09568063489,0.2923908188,0.9027221168,0.2833182198,0.3076478097,0.94613764,2.563285968e-06,2.179190649e-06,0.0946471748,0.8951764338,0.01017639139,0,0
13.576,22.08253226,-0.09627007884,0.2931580287,0.9021151096,0.2840576691,0.3085604606,0.9457803288,2.612673038e-06,2.226291875e-06,0.09520955786,0.8945004304,0.01029001174,0,0
13.6,22.04356309,-0.09686365685,0.2939275331,0.9015046759,0.2847995417,0.3094769179,0.9454213133,2.662755367e-06,2.274036113e-06,0.09577596274,0.8938214597,0.01040257759,0,0
13.624,22.00473121,-0.09746141057,0.294699357,0.9008908,0.2855438894,0.3103972255,0.9450606046,2.713529928e-06,2.322419993e-06,0.09634643758,0.8931395463,0.01051401611,0,0
13.648,21.9660359,-0.09806338326,0.2954735254,0.9002734623,0.2862907634,0.3113214277,0.9446982101,2.764993279e-06,2.371440267e-06,0.09692103134,0.8924547082,0.01062426048,0,0
13.672,21.92747645,-0.0986696198,0.2962500632,0.8996526392,0.2870402148,0.3122495698,0.9443341337,2.817141532e-06,2.421093784e-06,0.09749979383,0.8917669561,0.01073325005,0,0
13.696,21.88905213,-0.09928016675,0.2970289956,0.8990283028,0.2877922941,0.3131816977,0.9439683754,2.869970302e-06,2.471377444e-06,0.09808277576,0.8910762938,0.01084093046,0,0
13.72,21.85076224,-0.09989507247,0.2978103478,0.8984004212,0.2885470512,0.314117858,0.9436009313,2.923474662e-06,2.52228817e-06,0.09867002874,0.8903827175,0.01094725373,0,0
13.744,21.81260608,-0.1005143871,0.2985941449,0.897768958,0.2893045357,0.3150580984,0.9432317935,2.977649104e-06,2.573822867e-06,0.09926160538,0.8896862163,0.01105217835,0,0
13.768,21.77458295,-0.1011381627,0.2993804124,0.8971338725,0.2900647963,0.3160024672,0.9428609502,3.032487486e-06,2.625978385e-06,0.09985755928,0.8889867714,0.01115566936,0,0
13.792,21.73669214,-0.1017664532,0.3001691758,0.8964951199,0.2908278813,0.3169510137,0.9424883854,3.087982986e-06,2.678751485e-06,0.1004579451,0.8882843566,0.01125769836,0,0
13.816,21.69893298,-0.1023993148,0.3009604606,0.8958526505,0.291593838,0.3179037882,0.942114079,3.144128054e-06,2.732138794e-06,0.1010628185,0.8875789378,0.01135824363,0,0
13.84,21.66130477,-0.1030368054,0.3017542929,0.8952064104,0.2923627131,0.318860842,0.9417380067,3.200914358e-06,2.786136772e-06,0.1016722366,0.8868704733,0.0114572901,0,0
13.864,21.62380684,-0.1036789855,0.3025506986,0.8945563411,0.2931345526,0.3198222276,0.9413601401,3.258332735e-06,2.840741667e-06,0.1022862572,0.8861589134,0.01155482936,0,0
13.888,21.58643851,-0.1043259174,0.303349704,0.8939023794,0.2939094016,0.3207879984,0.9409804463,3.316373133e-06,2.89594947e-06,0.10290494,0.8854442003,0.01165085972,0,0
13.912,21.54919911,-0.1049776661,0.3041513356,0.8932444577,0.2946873043,0.3217582095,0.9405988882,3.375024559e-06,2.951755877e-06,0.1035283454,0.8847262685,0.01174538611,0,0
13.936,21.51208797,-0.1056342989,0.3049556204,0.8925825035,0.2954683041,0.3227329167,0.9402154244,3.434275018e-06,3.008156238e-06,0.1041565356,0.8840050443,0.01183842014,0,0
13.96,21.47510444,-0.1062958854,0.3057625857,0.8919164398,0.2962524437,0.3237121778,0.9398300091,3.494111452e-06,3.065145511e-06,0.1047895741,0.8832804459,0.01192998,0,0
13.984,21.43824785,-0.1069624979,0.306572259,0.8912461847,0.2970397647,0.3246960516,0.939442592,3.554519682e-06,3.122718205e-06,0.1054275259,0.8825523836,0.01202009043,0,0
14.008,21.40151756,-0.1076342115,0.3073846684,0.8905716518,0.2978303082,0.3256845987,0.9390531185,3.615484339e-06,3.180868336e-06,0.1060704579,0.8818207594,0.01210878268,0,0
14.032,21.36491291,-0.1083111039,0.3081998426,0.8898927497,0.298624114,0.3266778814,0.9386615297,3.676988798e-06,3.239589361e-06,0.1067184382,0.8810854674,0.0121960944,0,0
14.056,21.32843327,-0.1089932555,0.3090178106,0.8892093822,0.2994212216,0.3276759635,0.9382677621,3.739015107e-06,3.298874119e-06,0.1073715371,0.8803463934,0.01228206955,0,0
14.08,21.29207798,-0.10968075,0.3098386024,0.8885214485,0.3002216693,0.3286789109,0.9378717477,3.801543917e-06,3.358714771e-06,0.1080298265,0.8796034152,0.01236675837,0,0
14.104,21.25584643,-0.110373674,0.3106622482,0.8878288426,0.3010254948,0.3296867914,0.9374734142,3.864554401e-06,3.419102725e-06,0.1086933804,0.8788564024,0.01245021721,0,0
14.128,21.21973797,-0.1110721172,0.3114887794,0.8871314539,0.3018327353,0.3306996748,0.9370726848,3.928024179e-06,3.480028566e-06,0.1093622749,0.8781052166,0.01253250842,0,0
14.152,21.18375198,-0.1117761727,0.312318228,0.8864291666,0.302643427,0.3317176334,0.9366694782,3.99192923e-06,3.541481975e-06,0.1100365883,0.8773497114,0.01261370027,0,0
14.176,21.14788784,-0.1124859371,0.3131506267,0.8857218602,0.3034576058,0.3327407415,0.9362637086,4.056243807e-06,3.603451645e-06,0.1107164011,0.8765897321,0.0126938668,0,0
14.2,21.11214493,-0.1132015103,0.3139860097,0.8850094088,0.304275307,0.3337690762,0.9358552859,4.120940345e-06,3.665925189e-06,0.1114017962,0.8758251161,0.01277308766,0,0
14.224,21.07652264,-0.1139229963,0.3148244117,0.8842916818,0.3050965652,0.3348027169,0.9354441152,4.185989362e-06,3.728889043e-06,0.1120928593,0.8750556927,0.01285144802,0,0
14.248,21.04102035,-0.1146505026,0.3156658688,0.8835685434,0.3059214151,0.3358417462,0.9350300974,4.251359363e-06,3.792328358e-06,0.1127896785,0.8742812831,0.01292903836,0,0
14.272,21.00563747,-0.1153841408,0.3165104185,0.8828398525,0.3067498907,0.3368862493,0.9346131288,4.317016724e-06,3.856226887e-06,0.113492345,0.8735017006,0.01300595437,0,0
14.296,20.97037339,-0.1161240268,0.3173580994,0.8821054628,0.3075820262,0.3379363148,0.9341931012,4.382925584e-06,3.920566859e-06,0.1142009529,0.8727167503,0.01308229675,0,0
14.32,20.93522751,-0.1168702808,0.3182089517,0.8813652227,0.3084178554,0.3389920345,0.9337699017,4.449047725e-06,3.985328849e-06,0.1149155995,0.8719262294,0.01315817111,0,0
14.344,20.90019925,-0.1176230274,0.3190630169,0.8806189753,0.3092574126,0.3400535036,0.9333434132,4.51534244e-06,4.050491626e-06,0.1156363854,0.8711299269,0.01323368774,0,0
14.368,20.865288,-0.1183823962,0.3199203385,0.879866558,0.3101007319,0.3411208213,0.9329135135,4.581766401e-06,4.116032003e-06,0.1163634147,0.8703276238,0.01330896148,0,0
14.392,20.83049319,-0.1191485215,0.3207809616,0.8791078026,0.310947848,0.3421940904,0.9324800764,4.648273512e-06,4.181924658e-06,0.1170967956,0.8695190929,0.01338411158,0,0
14.416,20.79581423,-0.1199215431,0.3216449334,0.8783425355,0.311798796,0.3432734182,0.9320429705,4.714814755e-06,4.248141954e-06,0.1178366397,0.8687040988,0.01345926149,0,0
14.44,20.76125055,-0.1207016058,0.3225123028,0.8775705767,0.3126536118,0.3443589161,0.9316020599,4.781338025e-06,4.314653733e-06,0.1185830632,0.8678823981,0.01353453875,0,0
14.464,20.72680158,-0.1214888606,0.3233831214,0.8767917406,0.3135123319,0.3454507005,0.9311572041,4.847787953e-06,4.381427096e-06,0.1193361865,0.8670537388,0.01361007478,0,0
14.488,20.69246673,-0.122283464,0.3242574427,0.8760058353,0.3143749941,0.3465488923,0.9307082574,4.914105714e-06,4.448426162e-06,0.1200961347,0.8662178605,0.0136860048,0,0
14.512,20.65824545,-0.1230855792,0.325135323,0.8752126624,0.3152416373,0.3476536179,0.9302550695,4.980228823e-06,4.515611808e-06,0.1208630381,0.8653744943,0.0137624676,0,0
14.536,20.62413718,-0.1238953756,0.326016821,0.874412017,0.3161123017,0.3487650093,0.9297974848,5.046090918e-06,4.582941383e-06,0.1216370317,0.8645233628,0.01383960548,0,0
14.56,20.59014135,-0.1247130297,0.3269019986,0.8736036874,0.3169870294,0.349883204,0.9293353428,5.111621515e-06,4.650368395e-06,0.1224182565,0.8636641794,0.01391756406,0,0
14.584,20.55625741,-0.1255387253,0.3277909204,0.8727874547,0.3178658642,0.3510083461,0.9288684776,5.176745757e-06,4.71784217e-06,0.1232068591,0.8627966487,0.0139964922,0,0
14.608,20.5224848,-0.1263726539,0.3286836544,0.8719630927,0.3187488521,0.352140586,0.9283967179,5.241384132e-06,4.785307485e-06,0.1240029923,0.8619204658,0.01407654186,0,0
14.632,20.48882299,-0.127215015,0.3295802719,0.8711303676,0.3196360414,0.353280081,0.9279198868,5.305452173e-06,4.852704155e-06,0.1248068157,0.8610353163,0.01415786804,0,0
14.656,20.45527142,-0.1280660166,0.3304808478,0.8702890373,0.3205274833,0.3544269958,0.9274378016,5.368860126e-06,4.919966595e-06,0.1256184954,0.8601408759,0.01424062864,0,0
14.68,20.42182956,-0.1289258758,0.3313854611,0.8694388515,0.3214232315,0.355581503,0.9269502739,5.4315126e-06,4.987023331e-06,0.1264382053,0.8592368102,0.01432498447,0,0
14.704,20.38849687,-0.1297948194,0.3322941944,0.8685795509,0.3223233434,0.3567437831,0.9264571085,5.493308172e-06,5.053796471e-06,0.1272661268,0.858322774,0.01441109916,0,0
14.728,20.35527281,-0.130673084,0.3332071352,0.8677108671,0.3232278796,0.3579140257,0.9259581043,5.554138972e-06,5.120201125e-06,0.1281024498,0.857398411,0.01449913912,0,0
14.752,20.32215686,-0.131560917,0.3341243751,0.8668325216,0.3241369047,0.3590924295,0.9254530531,5.613890214e-06,5.186144771e-06,0.1289473729,0.8564633535,0.01458927359,0,0
14.776,20.28914848,-0.1324585771,0.3350460107,0.8659442257,0.3250504875,0.3602792028,0.9249417395,5.672439702e-06,5.251526559e-06,0.129801104,0.8555172214,0.01468167462,0,0
14.8,20.25624716,-0.1333663352,0.3359721438,0.8650456796,0.3259687014,0.3614745645,0.9244239406,5.729657278e-06,5.316236555e-06,0.1306638608,0.854559622,0.01477651713,0,0
14.824,20.22345237,-0.1342844748,0.3369028817,0.8641365718,0.3268916247,0.3626787447,0.9238994258,5.785404225e-06,5.38015491e-06,0.1315358719,0.8535901491,0.014873979,0,0
14.848,20.1907636,-0.1352132931,0.3378383372,0.8632165787,0.327819341,0.3638919849,0.9233679559,5.839532613e-06,5.443150957e-06,0.1324173767,0.8526083821,0.0149742412,0,0
14.872,20.15818034,-0.1361531015,0.3387786294,0.862285363,0.3287519399,0.3651145393,0.9228292828,5.891884589e-06,5.505082223e-06,0.1333086268,0.8516138853,0.01507748791,0,0
14.896,20.12570207,-0.1371042272,0.3397238837,0.8613425737,0.329689517,0.366346675,0.922283149,5.942291599e-06,5.565793348e-06,0.1342098863,0.8506062069,0.01518390673,0,0
14.92,20.09332828,-0.1380670136,0.3406742326,0.8603878446,0.3306321745,0.3675886736,0.9217292867,5.990573536e-06,5.625114913e-06,0.135121433,0.849584878,0.01529368893,0,0
14.944,20.06105849,-0.1390418215,0.3416298155,0.8594207935,0.3315800219,0.3688408315,0.9211674176,6.036537819e-06,5.682862158e-06,0.136043559,0.8485494112,0.01540702974,0,0
14.968,20.02889217,-0.1400290308,0.3425907796,0.8584410208,0.3325331763,0.3701034609,0.9205972515,6.079978385e-06,5.738833597e-06,0.1369765718,0.8474992995,0.01552412867,0,0
14.992,19.99682884,-0.1410290412,0.3435572802,0.8574481085,0.3334917629,0.3713768911,0.9200184861,6.120674589e-06,5.792809506e-06,0.1379207953,0.8464340148,0.01564518993,0,0
15.016,19.96486801,-0.1420422738,0.3445294813,0.8564416188,0.3344559159,0.3726614697,0.9194308054,6.158390016e-06,5.844550293e-06,0.138876571,0.845353006,0.01577042291,0,0
15.04,19.93300918,-0.1430691729,0.3455075556,0.8554210923,0.3354257784,0.3739575634,0.9188338794,6.192871187e-06,5.893794737e-06,0.1398442593,0.8442556981,0.01590004268,0,0
15.064,19.90125186,-0.1441102073,0.3464916859,0.8543860469,0.3364015039,0.3752655596,0.9182273624,6.223846157e-06,5.940258086e-06,0.1408242403,0.843141489,0.01603427066,0,0
15.088,19.86959557,-0.1451658724,0.3474820649,0.8533359755,0.3373832563,0.376585868,0.9176108918,6.25102301e-06,5.983630033e-06,0.141816916,0.8420097487,0.01617333531,0,0
15.112,19.83803984,-0.1462366922,0.3484788962,0.8522703441,0.3383712108,0.3779189215,0.916984087,6.274088231e-06,6.023572537e-06,0.1428227113,0.8408598158,0.01631747293,0,0
15.136,19.80658417,-0.1473232213,0.3494823948,0.8511885901,0.3393655547,0.3792651788,0.9163465477,6.292704966e-06,6.059717526e-06,0.1438420759,0.8396909956,0.01646692858,0,0
15.16,19.7752281,-0.1484260472,0.3504927881,0.8500901191,0.340366488,0.3806251253,0.9156978524,6.306511169e-06,6.091664468e-06,0.144875486,0.8385025569,0.0166219571,0,0
15.184,19.74397115,-0.1495457936,0.351510316,0.8489743033,0.3413742246,0.3819992757,0.915037556,6.315117632e-06,6.118977833e-06,0.1459234467,0.837293729,0.01678282433,0,0
15.208,19.71281286,-0.1506831223,0.3525352325,0.8478404778,0.3423889928,0.383388176,0.9143651886,6.318105926e-06,6.141184476e-06,0.1469864935,0.8360636981,0.01694980836,0,0
15.232,19.68175276,-0.151838737,0.3535678059,0.8466879376,0.3434110362,0.3847924056,0.9136802523,6.31502625e-06,6.157770959e-06,0.1480651955,0.8348116035,0.01712320106,0,0
15.256,19.65079038,-0.1530133867,0.3546083201,0.8455159346,0.3444406149,0.3862125803,0.9129822194,6.305395231e-06,6.168180873e-06,0.1491601573,0.833536533,0.01730330974,0,0
15.28,19.61992526,-0.1542078695,0.3556570754,0.8443236734,0.3454780068,0.3876493548,0.9122705293,6.288693705e-06,6.171812229e-06,0.1502720224,0.8322375186,0.01749045901,0,0
15.304,19.58915695,-0.1554230365,0.3567143896,0.8431103068,0.3465235079,0.3891034259,0.9115445853,6.264364539e-06,6.168014989e-06,0.1514014761,0.830913531,0.01768499294,0,0
15.328,19.55848499,-0.1566597971,0.357780599,0.8418749317,0.3475774342,0.3905755356,0.9108037514,6.231810576e-06,6.156088871e-06,0.1525492491,0.8295634735,0.01788727738,0,0
15.352,19.52790894,-0.1579191235,0.3588560598,0.8406165836,0.3486401229,0.3920664755,0.9100473482,6.190392813e-06,6.135281568e-06,0.1537161213,0.828186176,0.01809770272,0,0
15.376,19.49742833,-0.159202057,0.3599411492,0.8393342308,0.3497119333,0.3935770901,0.909274649,6.139428966e-06,6.104787593e-06,0.1549029259,0.8267803873,0.01831668684,0,0
15.4,19.46704273,-0.160509714,0.3610362669,0.838026768,0.3507932486,0.3951082818,0.9084848744,6.078192635e-06,6.063747981e-06,0.1561105544,0.8253447671,0.01854467855,0,0
15.424,19.43675169,-0.1618432934,0.3621418365,0.8366930092,0.3518844773,0.3966610157,0.9076771877,6.005913358e-06,6.011251201e-06,0.1573399614,0.8238778771,0.01878216147,0,0
15.448,19.40655476,-0.1632040842,0.363258307,0.8353316801,0.3529860551,0.3982363252,0.9068506883,5.921777965e-06,5.946335681e-06,0.1585921707,0.8223781709,0.01902965835,0,0
15.472,19.37645153,-0.1645934746,0.3643861545,0.8339414086,0.354098446,0.399835318,0.9060044053,5.824933782e-06,5.867994505e-06,0.1598682816,0.8208439824,0.01928773603,0,0
15.496,19.34644153,-0.1660129619,0.3655258844,0.8325207151,0.3552221448,0.4014591831,0.9051372897,5.71449448e-06,5.775182979e-06,0.1611694757,0.8192735133,0.01955701103,0,0
15.52,19.31652436,-0.1674641633,0.3666780324,0.8310680017,0.3563576786,0.4031091979,0.9042482063,5.589549679e-06,5.66683004e-06,0.1624970255,0.8176648186,0.01983815596,0,0
15.544,19.28669956,-0.1689488289,0.3678431674,0.8295815391,0.3575056091,0.4047867372,0.9033359235,5.449179927e-06,5.541854759e-06,0.1638523026,0.8160157906,0.02013190674,0,0
15.568,19.25696673,-0.1704688554,0.3690218932,0.828059453,0.3586665346,0.406493282,0.9023991028,5.292479428e-06,5.39918975e-06,0.1652367884,0.8143241407,0.02043907095,0,0
15.592,19.22732542,-0.1720263022,0.3702148509,0.8264997074,0.3598410924,0.4082304306,0.9014362863,5.118590097e-06,5.237814021e-06,0.1666520845,0.8125873782,0.0207605373,0,0
15.616,19.19777523,-0.1736234093,0.3714227209,0.8249000876,0.3610299613,0.4099999096,0.9004458826,4.926752457e-06,5.05679909e-06,0.1680999259,0.8108027875,0.02109728657,0,0
15.64,19.16831573,-0.1752626181,0.372646226,0.8232581786,0.3622338638,0.411803588,0.8994261508,4.716382124e-06,4.855374229e-06,0.1695821951,0.8089674008,0.02145040415,0,0
15.664,19.1389465,-0.1769465943,0.3738861333,0.8215713426,0.3634535687,0.4136434913,0.8983751819,4.487186092e-06,4.63302028e-06,0.1711009379,0.8070779675,0.02182109454,0,0
15.688,19.10966713,-0.1786782546,0.3751432571,0.8198366916,0.364689894,0.4155218189,0.897290878,4.239342577e-06,4.389607693e-06,0.172658382,0.8051309198,0.0222106982,0,0
15.712,19.08047721,-0.1804607974,0.3764184613,0.8180510579,0.3659437091,0.4174409628,0.8961709276,3.973785079e-06,4.125605709e-06,0.1742569574,0.8031223316,0.022620711,0,0
15.736,19.05137633,-0.1822977373,0.377712662,0.8162109581,0.3672159375,0.419403529,0.8950127781,3.692661301e-06,3.842410195e-06,0.1758993201,0.8010478729,0.02305280699,0,0
15.76,19.02236409,-0.184192946,0.3790268297,0.8143125536,0.368507559,0.4214123622,0.8938136025,3.40008966e-06,3.542875446e-06,0.177588379,0.798902756,0.02350886503,0,0
15.784,18.99344007,-0.186150698,0.3803619913,0.8123516036,0.3698196119,0.4234705737,0.8925702623,3.103417856e-06,3.232202948e-06,0.1793273268,0.7966816732,0.02399100001,0,0
15.808,18.96460387,-0.1881757252,0.3817192315,0.8103234116,0.3711531944,0.425581573,0.8912792632,2.815275103e-06,2.919448366e-06,0.1811196753,0.794378725,0.02450159969,0,0
15.832,18.9358551,-0.1902732792,0.3830996939,0.8082227624,0.3725094654,0.4277491043,0.8899367031,2.556613481e-06,2.620015519e-06,0.1829692963,0.7919873354,0.02504336829,0,0
15.856,18.90719337,-0.1924492045,0.3845045805,0.8060438493,0.3738896443,0.4299772886,0.8885382114,2.359933028e-06,2.359293055e-06,0.1848804687,0.789500153,0.02561937825,0,0
15.88,18.87861826,-0.1947100243,0.3859351495,0.803780188,0.3752950093,0.4322706712,0.8870788774,2.268643868e-06,2.175855877e-06,0.1868579332,0.7869089347,0.02623313214,0,0
15.904,18.8501294,-0.1970630415,0.387392712,0.8014245164,0.3767268932,0.434634278,0.8855531647,2.325162672e-06,2.11771945e-06,0.1889069557,0.7842044076,0.02688863678,0,0
15.928,18.82172639,-0.1995164574,0.3888786244,0.798968675,0.3781866768,0.4370736794,0.88395481,2.549870708e-06,2.223298215e-06,0.1910334013,0.7813761061,0.02759049266,0,0
15.952,18.79340885,-0.2020795132,0.390394277,0.7964034661,0.3796757771,0.439595065,0.8822767007,2.933006876e-06,2.498804605e-06,0.1932438212,0.7784121766,0.02834400225,0,0
15.976,18.76517639,-0.2047626587,0.3919410772,0.7937184857,0.3811956309,0.4422053306,0.8805107288,3.448654954e-06,2.920799059e-06,0.1955455544,0.7752991436,0.02915530193,0,0
16,18.73702863,-0.2075777532,0.393520424,0.790901922,0.3827476694,0.4449121798,0.8786476134,4.071064743e-06,3.457787313e-06,0.1979468478,0.7720216286,0.0300315236,0,0
16.024,18.70896518,-0.2105383083,0.3951336713,0.7879403132,0.3843332818,0.4477242427,0.8766766842,4.780977083e-06,4.084248137e-06,0.2004569975,0.7685620086,0.03098099386,0,0
16.048,18.68098567,-0.213659781,0.3967820759,0.784818255,0.3859537638,0.4506512153,0.8745856168,5.565475237e-06,4.783047233e-06,0.2030865178,0.7649000012,0.03201348099,0,0
16.072,18.65308972,-0.2169599298,0.3984667239,0.7815180445,0.3876102444,0.4537040238,0.8723601065,6.416245275e-06,5.543565535e-06,0.2058473412,0.7610121554,0.03314050336,0,0
16.096,18.62527696,-0.2204592505,0.4001884264,0.7780192454,0.389303582,0.4568950183,0.8699834626,7.328096105e-06,6.359618417e-06,0.2087530578,0.7568712252,0.03437571702,0,0
16.12,18.59754702,-0.2241815112,0.4019475735,0.7742981532,0.39103422,0.4602382012,0.8674361022,8.298027387e-06,7.228060733e-06,0.2118192019,0.7524453914,0.03573540676,0,0
16.144,18.56989953,-0.2281544143,0.4037439287,0.7703271342,0.3928019813,0.4637494978,0.8646949117,9.324732587e-06,8.147995469e-06,0.2150635968,0.7476972903,0.03723911288,0,0
16.168,18.54233412,-0.2324104201,0.405576338,0.7660738028,0.3946057797,0.4674470765,0.8617324368,1.040839676e-05,9.12038284e-06,0.2185067694,0.7425827928,0.03891043784,0,0
16.192,18.51485042,-0.2369877777,0.4074423187,0.7614999915,0.3964432105,0.4713517262,0.8585158451,1.155069226e-05,1.014790459e-05,0.22217245,0.7370494564,0.0407780937,0,0
16.216,18.48744808,-0.2419318231,0.4093374734,0.7565604541,0.3983099674,0.4754873018,0.8550055853,1.275491718e-05,1.123500181e-05,0.2260881743,0.731034551,0.04287727471,0,0
16.24,18.46012672,-0.2472966253,0.4112546496,0.751201221,0.4001990054,0.4798812434,0.8511536397,1.402625156e-05,1.238804915e-05,0.2302860079,0.7244625185,0.04525147356,0,0
16.264,18.43288601,-0.2531470839,0.4131827251,0.7453575029,0.4020993317,0.4845651766,0.8469012219,1.537212935e-05,1.36156586e-05,0.2348034106,0.7172416798,0.04795490953,0,0
16.288,18.40572556,-0.259561618,0.4151048359,0.7389510028,0.4039942411,0.48957559,0.8421757129,1.680274473e-05,1.49291302e-05,0.2396842586,0.7092599317,0.05105580968,0,0
16.312,18.37864505,-0.2666356271,0.4169957649,0.731886457,0.4058587135,0.4949545692,0.8368865403,1.833173325e-05,1.63430905e-05,0.2449800259,0.7003790815,0.05464089254,0,0
16.336,18.3516441,-0.2744859557,0.418818047,0.724047169,0.4076555337,0.5007505331,0.8309195732,1.997709748e-05,1.787638905e-05,0.2507510968,0.6904273374,0.0588215658,0,0
16.36,18.32472237,-0.2832566494,0.4205160888,0.7152892515,0.4093294298,0.5070188462,0.8241294167,2.176248812e-05,1.955336524e-05,0.2570681109,0.6791892959,0.06374259326,0,0
16.384,18.29787952,-0.2931263278,0.4220071661,0.7054342464,0.4107980983,0.5138220435,0.8163287043,2.371901645e-05,2.140566336e-05,0.2640130929,0.666392554,0.0695943531,0,0
16.408,18.27111519,-0.3043174719,0.4231674451,0.6942598208,0.4119382628,0.5212291341,0.8072730834,2.588787932e-05,2.347488207e-05,0.271679811,0.6516898318,0.07663035728,0,0
16.432,18.24442904,-0.3171076937,0.4238099537,0.6814884639,0.4125636995,0.5293129191,0.796640027,2.832425794e-05,2.581653001e-05,0.2801721671,0.6346353333,0.08519249958,0,0
16.456,18.21782073,-0.3318423014,0.4236493745,0.6667748559,0.4123901004,0.5381432016,0.783998918,3.11032698e-05,2.850609014e-05,0.2895981064,0.6146543042,0.09574758934,0,0
16.48,18.19128993,-0.348945384,0.4222450831,0.6496946548,0.4109782026,0.5477716598,0.768769294,3.43293391e-05,3.164860982e-05,0.3000537924,0.5910062285,0.1089399791,0,0
16.504,18.16483628,-0.368921318,0.4189083208,0.6297427486,0.4076410537,0.5581998926,0.750164754,3.815148064e-05,3.539442699e-05,0.3115871216,0.5627471594,0.125665719,0,0
16.528,18.13845946,-0.3923254788,0.4125514378,0.6063620984,0.4012932933,0.5693135956,0.7271253686,4.278927582e-05,3.996608521e-05,0.324117972,0.5287113033,0.1471707247,0,0
16.552,18.11215913,-0.419651755,0.4014496221,0.579055446,0.3902126807,0.5807489944,0.6982629488,4.857920975e-05,4.570679347e-05,0.3372693969,0.4875711478,0.1751594554,0,0
16.576,18.08593497,-0.4510143858,0.3828949287,0.5477022804,0.3716932008,0.5916269962,0.6619166288,5.606219194e-05,5.3173125e-05,0.3500225058,0.4381336263,0.2118438679,0,0
16.6,18.05978663,-0.4853645255,0.3528130451,0.5133410557,0.3416591188,0.600046471,0.616644138,6.616035953e-05,6.332568445e-05,0.3600557717,0.3802499969,0.2596942313,0,0
16.624,18.03371379,-0.518813888,0.3057785137,0.4798466452,0.2946742174,0.6022195196,0.5631036292,8.056261094e-05,7.795634037e-05,0.3626683563,0.3170857033,0.3202459404,0,0
16.648,18.00771612,-0.5419010236,0.2368530885,0.4566742898,0.2257725224,0.5914018134,0.5094356082,0.0001026295192,0.0001007376969,0.3497561154,0.259524649,0.3907192356,0,0
16.672,17.98179331,-0.5380107721,0.1478203287,0.460465547,0.1367002721,0.557948421,0.4803285171,0.0001395019304,0.0001399076607,0.31130646,0.2307155039,0.4579780361,0,0
16.696,17.95594502,-0.4905631404,0.05665158115,0.5078681178,0.04543242318,0.4938234465,0.5098961955,0.0002035129413,0.0002115462636,0.2438616377,0.259994175,0.4961441873,0,0
16.72,17.93017093,-0.4023468714,-0.005211898261,0.5961238403,-0.01650826935,0.4023806268,0.5963523756,0.0002637921335,0.0002788036244,0.1619102384,0.3556362337,0.4824535279,0,0
16.744,17.90447074,-0.301973121,-0.01890606777,0.6965500026,-0.03019965359,0.3025643819,0.697204364,0.000205602502,0.0002058606058,0.09154524748,0.4860939676,0.422360785,0,0
16.768,17.87884411,-0.2187329824,0.006139336618,0.779788611,-0.005114301482,0.218819124,0.7798053821,0.0001359908879,0.0001337365528,0.04788182752,0.6080964518,0.3440217207,0,0
16.792,17.85329073,-0.1625581809,0.04878509435,0.8359175224,0.03755218211,0.1697207931,0.8367605815,9.612154762e-05,9.464707245e-05,0.02880515685,0.7001682797,0.2710265635,0,0
16.816,17.8278103,-0.1293681627,0.09380554788,0.869051132,0.08256073966,0.1597986305,0.8729640002,7.266910685e-05,7.196595651e-05,0.0255356076,0.7620661509,0.2123982415,0,0
16.84,17.80240249,-0.1117563578,0.1344596415,0.8866153795,0.1231804065,0.1748395799,0.8951314114,5.759853485e-05,5.743224883e-05,0.03056888201,0.801260247,0.1681708709,0,0
16.864,17.77706701,-0.1037138213,0.1689853843,0.8946241818,0.1576612033,0.1982740952,0.9084104148,4.718152059e-05,4.737974924e-05,0.03931261905,0.825209484,0.135477897,0,0
16.888,17.75180353,-0.10129481,0.1976715318,0.897021936,0.1862996716,0.2221140991,0.9161636979,3.957229736e-05,4.002144879e-05,0.04933467457,0.839355923,0.1113094025,0,0
16.912,17.72661175,-0.1021041231,0.2214151565,0.8962009283,0.2099969058,0.2438235499,0.9204753144,3.377518624e-05,3.439946798e-05,0.05944992464,0.8472748056,0.09327526977,0,0
16.936,17.70149138,-0.1047280912,0.2411595484,0.893572105,0.2296979491,0.2629180497,0.9226224876,2.921162814e-05,2.995873084e-05,0.0691259017,0.8512322555,0.07964184275,0,0
16.96,17.6764421,-0.1083384987,0.2577184397,0.8899615704,0.2462171105,0.2795639899,0.9233929079,2.552434945e-05,2.635684775e-05,0.07815602512,0.852654463,0.06918951189,0,0
16.984,17.65146361,-0.1124502055,0.2717459599,0.885852937,0.2602085402,0.2940933788,0.9232788909,2.248149458e-05,2.337169467e-05,0.08649091596,0.8524439108,0.0610651732,0,0
17.008,17.62655562,-0.1167790822,0.2837537102,0.8815292565,0.2721836241,0.3068444591,0.9225929521,1.992631728e-05,2.085308881e-05,0.09415352248,0.8511777558,0.05466872175,0,0
17.032,17.60171783,-0.1211595894,0.2941383399,0.8771553126,0.282538715,0.3181147735,0.9215365255,1.774917389e-05,1.869593705e-05,0.1011970094,0.8492295682,0.04957342237,0,0
17.056,17.57694993,-0.1254967698,0.3032074658,0.8728255292,0.2915811233,0.3281527183,0.9202412488,1.587113272e-05,1.682453515e-05,0.1076842068,0.8468439562,0.04547183698,0,0
17.08,17.55225164,-0.1297380026,0.3112008147,0.8685921467,0.2995502896,0.3371615287,0.9187941518,1.423396491e-05,1.518298215e-05,0.1136778966,0.8441826935,0.04213940986,0,0
17.104,17.52762266,-0.1338561821,0.3183065416,0.8644819941,0.3066341127,0.3453064319,0.9172532895,1.27938057e-05,1.372910817e-05,0.1192365321,0.8413535974,0.03940987059,0,0
17.128,17.5030627,-0.1378395794,0.3246735363,0.8605065951,0.3129812577,0.3527217811,0.915657615,1.151701216e-05,1.243050316e-05,0.124412655,0.838428868,0.03715847703,0,0
17.152,17.47857148,-0.1416856651,0.3304206305,0.8566683225,0.3187103601,0.3595172051,0.9140333191,1.037738241e-05,1.126184669e-05,0.1292526209,0.8354569085,0.0352904706,0,0
17.176,17.4541487,-0.1453973145,0.3356434805,0.8529641787,0.3239169047,0.36578262,0.9123979676,9.35424501e-06,1.020306808e-05,0.1337969251,0.8324700514,0.03373302346,0,0
17.2,17.42979407,-0.1489804622,0.3404197326,0.8493881304,0.3286783866,0.3715922125,0.9107632392,8.431120863e-06,9.238051301e-06,0.1380807725,0.829489678,0.03242954955,0,0
17.224,17.40550732,-0.1524426503,0.3448129213,0.8459325531,0.3330582061,0.377007576,0.9091367626,7.594771901e-06,8.353705626e-06,0.1421347124,0.8265296531,0.03133563446,0,0
17.248,17.38128815,-0.1557921333,0.3488754329,0.8425891221,0.3371086278,0.3820801702,0.9075233637,6.834518491e-06,7.539287619e-06,0.1459852565,0.8235986557,0.03041608775,0,0
17.272,17.35713629,-0.1590373312,0.3526507746,0.8393493555,0.3408730482,0.3868532558,0.9059259217,6.141749353e-06,6.785899151e-06,0.1496554416,0.8207017756,0.02964278284,0,0
17.296,17.33305146,-0.1621865028,0.3561753272,0.8362049386,0.3443877451,0.3913634186,0.9043459616,5.509574727e-06,6.086111289e-06,0.1531653254,0.8178416183,0.02899305624,0,0
17.32,17.30903337,-0.1652475583,0.3594797083,0.8331479102,0.3476832391,0.3956417777,0.9027840689,4.932591507e-06,5.433680126e-06,0.1565324163,0.8150190751,0.02844850867,0,0
17.344,17.28508176,-0.1682279597,0.3625898419,0.8301707608,0.3507853617,0.3997149483,0.90124018,4.406741296e-06,4.823331669e-06,0.1597720399,0.8122338621,0.02799409798,0,0
17.368,17.26119634,-0.1711346758,0.3655278029,0.8272664769,0.3537160979,0.4036058126,0.8997137887,3.929250292e-06,4.250600879e-06,0.162897652,0.8094849016,0.0276174464,0,0
17.392,17.23737684,-0.1739741725,0.3683124896,0.8244285503,0.3564942583,0.4073341414,0.8982040919,3.498642718e-06,3.711716726e-06,0.1659211027,0.8067705907,0.02730830656,0,0
17.416,17.21362299,-0.1767524227,0.3709601631,0.8216509681,0.3591360169,0.4109170981,0.8967100936,3.114813103e-06,3.203532508e-06,0.1688528615,0.804088992,0.02705814652,0,0
17.44,17.18993452,-0.1794749288,0.3734848814,0.8189281899,0.3616553451,0.4143696498,0.8952306791,2.779117597e-06,2.723512404e-06,0.1717022067,0.8014379688,0.02685982451,0,0
17.464,17.16631115,-0.1821467516,0.3758988535,0.8162551191,0.3640643644,0.4177049044,0.8937646675,2.494385581e-06,2.269810247e-06,0.1744773871,0.7988152808,0.02670733206,0,0
17.488,17.14275263,-0.1847725417,0.3782127276,0.813627071,0.3663736346,0.4209343885,0.8923108488,2.264653003e-06,1.841541957e-06,0.1771857594,0.7962186509,0.02659558971,0,0
17.512,17.11925868,-0.1873565723,0.3804358285,0.8110397411,0.3685923904,0.4240682785,0.8908680104,2.094330119e-06,1.439554293e-06,0.1798339048,0.7936458119,0.02652028325,0,0
17.536,17.09582904,-0.189902771,0.3825763541,0.8084891726,0.3707287377,0.4271155922,0.889434955,1.98662782e-06,1.068712882e-06,0.1824277291,0.7910945392,0.0264777317,0,0
17.56,17.07246344,-0.1924147501,0.384641538,0.8059717268,0.3727898158,0.4300843508,0.888010513,1.941613061e-06,7.456622317e-07,0.1849725488,0.7885626712,0.02646478002,0,0
17.584,17.04916162,-0.194895835,0.3866377864,0.8034840548,0.3747819336,0.4329817137,0.8865935507,1.954988547e-06,5.254387149e-07,0.1874731644,0.7860481241,0.02647871153,0,0
17.608,17.02592333,-0.1973490915,0.3885707924,0.8010230708,0.3767106844,0.4358140941,0.8851829752,2.018588988e-06,5.200113766e-07,0.1899339246,0.7835488996,0.02651717576,0,0
17.632,17.0027483,-0.1997773496,0.3904456327,0.7985859281,0.3785810417,0.4385872565,0.8837777377,2.122320078e-06,7.155763215e-07,0.1923587815,0.7810630896,0.02657812883,0,0
17.656,16.97963627,-0.2021832267,0.3922668501,0.796169997,0.3803974413,0.4413064002,0.8823768341,2.256258606e-06,9.89135611e-07,0.1947513389,0.7785888774,0.02665978376,0,0
17.68,16.95658699,-0.2045691481,0.394038523,0.7937728441,0.3821638512,0.4439762313,0.8809793058,2.411952736e-06,1.284759356e-06,0.1971148939,0.7761245372,0.02676056883,0,0
17.704,16.9336002,-0.2069373666,0.3957643255,0.791392214,0.3838838315,0.4466010245,0.8795842384,2.582829544e-06,1.585317361e-06,0.1994524751,0.7736684325,0.02687909246,0,0
17.728,16.91067565,-0.2092899797,0.3974475796,0.7890260119,0.3855605854,0.4491846771,0.8781907608,2.764063952e-06,1.885156383e-06,0.2017668742,0.7712190124,0.02701411341,0,0
17.752,16.88781309,-0.2116289464,0.3990912991,0.7866722879,0.3871970042,0.4517307561,0.8767980432,2.952249424e-06,2.182357729e-06,0.204060676,0.7687748086,0.02716451534,0,0
17.776,16.86501226,-0.2139561022,0.4006982291,0.7843292228,0.3887957057,0.4542425393,0.875405295,3.145057538e-06,2.476445275e-06,0.2063362845,0.7663344306,0.02732928491,0,0
17.8,16.84227292,-0.2162731734,0.4022708797,0.7819951143,0.3903590682,0.4567230519,0.8740117625,3.340956088e-06,2.767590704e-06,0.2085959462,0.763896561,0.02750749285,0,0
17.824,16.81959482,-0.2185817911,0.4038115556,0.7796683645,0.3918892599,0.4591750993,0.8726167261,3.538997267e-06,3.056300542e-06,0.2108417719,0.7614599506,0.02769827752,0,0
17.848,16.7969777,-0.2208835039,0.4053223829,0.7773474679,0.3933882653,0.4616012959,0.8712194977,3.738666435e-06,3.34328337e-06,0.2130757564,0.7590234131,0.02790083051,0,0
17.872,16.77442133,-0.2231797905,0.4068053319,0.775031,0.3948579086,0.4640040915,0.8698194175,3.939777697e-06,3.629393824e-06,0.2152997969,0.756585819,0.02811438405,0,0
17.896,16.75192546,-0.2254720727,0.4082622379,0.7727176065,0.3962998739,0.4663857958,0.8684158506,4.142404155e-06,3.915613761e-06,0.2175157105,0.7541460895,0.02833819996,0,0
17.92,16.72948984,-0.2277617276,0.40969482,0.770405992,0.3977157242,0.4687486001,0.8670081833,4.346833684e-06,4.203054288e-06,0.2197252501,0.7517031899,0.02857155997,0,0
17.944,16.70711424,-0.2300501008,0.4111046968,0.7680949094,0.3991069181,0.4710945984,0.865595819,4.553543915e-06,4.492971948e-06,0.2219301206,0.7492561219,0.02881375743,0,0
17.968,16.68479842,-0.2323385193,0.4124934018,0.7657831485,0.4004748245,0.4734258063,0.8641781736,4.763192405e-06,4.786796864e-06,0.2241319941,0.7468039157,0.02906409027,0,0
17.992,16.66254213,-0.2346283061,0.4138623957,0.763469525,0.4018207366,0.4757441798,0.8627546696,4.97661971e-06,5.086173198e-06,0.2263325246,0.74434562,0.02932185536,0,0
18.016,16.64034514,-0.2369207953,0.4152130783,0.7611528676,0.4031458842,0.4780516328,0.8613247308,5.194864557e-06,5.393014182e-06,0.2285333637,0.7418802919,0.02958634442,0,0
18.04,16.61820721,-0.2392173485,0.4165467977,0.7588320055,0.4044514447,0.4803500541,0.8598877739,5.419191547e-06,5.70957592e-06,0.2307361745,0.7394069838,0.02985684171,0,0
18.064,16.5961281,-0.2415193731,0.417864858,0.7565057538,0.405738553,0.4826413235,0.8584432007,5.65113313e-06,6.038556524e-06,0.2329426471,0.7369247289,0.03013262397,0,0
18.088,16.57410759,-0.2438283429,0.4191685254,0.7541728972,0.40700831,0.484927328,0.856990387,5.892549011e-06,6.383230592e-06,0.2351545135,0.7344325234,0.03041296315,0,0
18.112,16.55214543,-0.2461458206,0.420459031,0.751832173,0.4082617899,0.4872099771,0.8555286701,6.145708027e-06,6.747634236e-06,0.2373735618,0.7319293054,0.03069713276,0,0
18.136,16.5302414,-0.2484734839,0.4217375713,0.7494822497,0.4095000454,0.4894912167,0.854057334,6.413399989e-06,7.136824071e-06,0.2396016513,0.7294139298,0.03098441893,0,0
18.16,16.50839526,-0.2508131545,0.423005304,0.7471217045,0.4107241109,0.4917730429,0.8525755899,6.699088506e-06,7.557247064e-06,0.2418407257,0.7268851366,0.03127413765,0,0
18.184,16.4866068,-0.2531668309,0.4242633397,0.7447489962,0.411935003,0.4940575125,0.8510825542,7.007120745e-06,8.017280827e-06,0.2440928257,0.7243415141,0.03156566018,0,0
18.208,16.46487577,-0.2555367256,0.4255127262,0.7423624346,0.413133717,0.4963467521,0.8495772198,7.343017127e-06,8.52804371e-06,0.2463600983,0.7217814525,0.03185844914,0,0
18.232,16.44320195,-0.2579253065,0.4267544253,0.7399601444,0.4143212191,0.4986429617,0.8480584224,7.713873444e-06,9.104646151e-06,0.2486448033,0.7192030879,0.03215210874,0,0
18.256,16.42158512,-0.2603353421,0.4279892782,0.7375400243,0.4154984312,0.5009484131,0.8465247981,8.128919425e-06,9.76819171e-06,0.2509493127,0.7166042339,0.03244645347,0,0
18.28,16.40002505,-0.2627699505,0.4292179566,0.7350997005,0.4166662073,0.5032654381,0.8449747321,8.600286936e-06,1.05491097e-05,0.2532761012,0.713982298,0.03274160074,0,0
18.304,16.37852153,-0.2652326505,0.4304408966,0.7326364726,0.4178252981,0.5055964046,0.8434062964,9.144030275e-06,1.149298145e-05,0.2556277245,0.7113341809,0.03303809458,0,0
18.328,16.35707431,-0.2677274119,0.4316582092,0.7301472554,0.4189762996,0.5079436747,0.8418171738,9.781349694e-06,1.267134495e-05,0.2580067768,0.7086561543,0.03333706889,0,0
18.352,16.3356832,-0.2702587005,0.4328695629,0.7276285137,0.4201195801,0.5103095371,0.8402045677,1.053959712e-05,1.420325855e-05,0.2604158238,0.7059437157,0.03364046048,0,0
18.376,16.31434795,-0.2728315106,0.4340740321,0.7250761965,0.4212551803,0.5126961074,0.8385650945,1.145134445e-05,1.630258612e-05,0.2628572987,0.703191418,0.03395128331,0,0
18.4,16.29306837,-0.2754513749,0.4352699057,0.7224856723,0.4223826774,0.5151051842,0.8368946606,1.254556801e-05,1.939557588e-05,0.2653333509,0.7003926733,0.03427397582,0,0
18.424,16.27184422,-0.2781243341,0.4364544507,0.7198516756,0.4235010035,0.5175380495,0.835188323,1.381251554e-05,2.447014418e-05,0.2678456329,0.6975395354,0.03461483165,0,0
18.448,16.2506753,-0.2808568464,0.4376236308,0.7171682776,0.4246082095,0.5199952022,0.8334401418,1.509690445e-05,3.44429599e-05,0.2703950106,0.6946224711,0.03498251834,0,0
18.472,16.22956139,-0.2836556079,0.4387717849,0.7144289027,0.4257011622,0.522476012,0.8316430343,1.588508518e-05,6.303568796e-05,0.2729811834,0.6916301405,0.03538867612,0,0
18.496,16.20850227,-0.2865272488,0.4398912832,0.7116264218,0.4267751718,0.5249782904,0.8297886547,1.53034061e-05,0.0002288483128,0.2756022056,0.6885492639,0.03584853053,0,0
18.52,16.18749773,-0.2894778669,0.440972196,0.7087533665,0.4278235485,0.5274977849,0.8278673343,1.306808949e-05,5.35702143e-05,0.2782539132,0.6853643261,0.03638176067,0,0
18.544,16.16654756,-0.2925123664,0.4420020355,0.7058023212,0.4288371118,0.5300276256,0.8258681402,1.012972416e-05,2.51479031e-05,0.2809292839,0.6820581856,0.03701253043,0,0
18.54965834,16.16161616,-0.2932403762,0.4422358048,0.7050944536,0.4290697496,0.5306245616,0.8253841764,9.455612288e-06,2.203290892e-05,0.2815624254,0.6812590391,0.03717853549,0,0
18.568,16.14565155,-0.2956335823,0.4429656616,0.7027665612,0.4298036994,0.5325577831,0.8237791328,7.463997201e-06,1.524117355e-05,0.2836177924,0.6786120598,0.03777014775,0,0
18.592,16.12480949,-0.2988412129,0.4438454728,0.6996410043,0.4307077732,0.5350746436,0.8215879264,5.373788042e-06,1.022673844e-05,0.2863048742,0.6750067209,0.03868840484,0,0
18.616,16.10402116,-0.3021306423,0.4446220187,0.6964235161,0.4315302759,0.5375608473,0.8192826696,3.808742413e-06,7.204059322e-06,0.2889716645,0.6712240928,0.03980424263,0,0
18.64,16.08328637,-0.3054918275,0.445275159,0.693116543,0.4322489607,0.5399955777,0.8168535403,2.652902103e-06,5.191386959e-06,0.2915952239,0.6672497063,0.04115506981,0,0
18.664,16.06260491,-0.3089085123,0.4457858177,0.6897289193,0.4328394539,0.5423554777,0.8142947716,1.817889744e-06,3.767377034e-06,0.2941494642,0.6630759751,0.04277456071,0,0
18.688,16.04197656,-0.3123581014,0.4461382441,0.6862775062,0.4332772799,0.5446163019,0.8116070581,1.263481056e-06,2.724076648e-06,0.2966069163,0.6587060168,0.04468706682,0,0
18.712,16.02140113,-0.3158125056,0.4463224917,0.6827881225,0.4335409103,0.5467552517,0.8087999389,9.917528548e-07,1.950637417e-06,0.2989413053,0.6541573412,0.04690135351,0,0
18.736,16.00087842,-0.3192401174,0.4463366345,0.6792951118,0.4336155629,0.5487537188,0.8058934826,9.748564047e-07,1.38676701e-06,0.3011306439,0.6494643053,0.04940505085,0,0
18.76,15.98040821,-0.3226088044,0.4461881358,0.6758390141,0.4334970241,0.5505999393,0.8029184535,1.099701722e-06,9.988228968e-07,0.3079154462,0.6493735686,0.0427109852,0.004755152996,0.004695525657
18.784,15.95999031,-0.32588947,0.4458938825,0.6724622748,0.4331943946,0.552290957,0.7999143045,1.274199321e-06,7.563633489e-07,0.3122355294,0.6470349019,0.04072956869,0.007210228262,0.00717200733
18.808,15.93962452,-0.3290595089,0.4454786927,0.6692036479,0.4327306341,0.553833392,0.7969249175,1.491088971e-06,6.070213938e-07,0.3159439726,0.644267424,0.03978860346,0.009212546452,0.009178099916
18.832,15.91931064,-0.3321054874,0.4449725212,0.666092632,0.4321402952,0.5552428292,0.7939928394,1.854353282e-06,5.188526317e-07,0.3188490926,0.6409257483,0.04022515915,0.01055449314,0.01050111922
18.856,15.89904847,-0.3350247148,0.4444069329,0.6631454697,0.4314647471,0.5565420753,0.7911534251,2.704343949e-06,7.866499468e-07,0.3212872008,0.6374091142,0.04130368506,0.01154811923,0.0114853721
18.88,15.87883782,-0.3378260132,0.443811509,0.6603637603,0.4307460236,0.5577589719,0.7884303601,5.12294846e-06,2.228464107e-06,0.323528156,0.634008043,0.04246380103,0.01243308526,0.01238561019
18.904,15.85867848,-0.3405311682,0.4432105818,0.6577357544,0.4300206328,0.5589249469,0.7858333584,1.586003003e-05,8.715695582e-06,0.3257010487,0.6308239108,0.04347504051,0.01330395212,0.01328984352
18.92439891,15.84158416,-0.3427849685,0.4427075475,0.6556066763,0.4294181401,0.5599031231,0.7837219233,7.671789761e-05,7.352889712e-05,0.327538843,0.6282858873,0.04417526973,0.01404732991,0.01406582875
18.928,15.83857027,-0.3431818685,0.4426198146,0.6552394352,0.4293138045,0.5600768654,0.7833575557,4.434860795e-05,3.550413507e-05,0.3278645581,0.627851589,0.04428385287,0.01417846094,0.01420252763
18.952,15.81851298,-0.3458738112,0.4420388915,0.6528458907,0.4286315834,0.5612727277,0.7809819404,1.362303832e-05,1.035621979e-05,0.3300721501,0.6250321845,0.04489566542,0.01504507502,0.01509939316
18.976,15.79850643,-0.3490034048,0.4414129961,0.6505220577,0.4279330101,0.5627155673,0.778656284,9.53583303e-06,7.541635281e-06,0.3325346649,0.622259868,0.04520546711,0.01588585511,0.01595425924
19,15.77855042,-0.3777468834,0.4578251357,0.648287712,0.4268825313,0.5935457546,0.7762123763,8.026191532e-06,6.558541171e-06,0.3689829674,0.6192555612,0.01176147135,0.01668640453,0.01674990801
19.024,15.75864476,-0.3503833571,0.4413962975,0.6479571718,0.4285238216,0.563559392,0.7768404998,7.288646154e-06,6.110061763e-06,0.3350387409,0.620963519,0.04399774011,0.0174395525,0.01748235685
19.048,15.73878927,-0.3534726147,0.4408102882,0.6443228417,0.4275977439,0.5650279635,0.7732992661,6.879216445e-06,5.88528206e-06,0.3374020767,0.6161513014,0.0464466219,0.01814547709,0.01815954642
19.072,15.71898375,-0.3559918227,0.4404449234,0.6419905987,0.427121967,0.5663231484,0.7710934467,6.636757237e-06,5.772450665e-06,0.3395319547,0.6133824873,0.04708555802,0.01881004623,0.01879738378
19.096,15.69922801,-0.3583735655,0.4401564905,0.6397460385,0.4268046417,0.5675996376,0.7690495407,6.489159032e-06,5.721821442e-06,0.3416119162,0.610852384,0.04753569975,0.01944256756,0.01941518801
19.12,15.67952186,-0.3607080416,0.4399146763,0.6375097687,0.4265625636,0.5688894565,0.7670556211,6.399555709e-06,5.708070029e-06,0.3436888995,0.6084061596,0.04790494088,0.02005368582,0.02003183375
19.144,15.65986513,-0.3630281158,0.4397058153,0.6352611656,0.4263667603,0.5702022596,0.7650786644,6.347265021e-06,5.717060433e-06,0.3457843655,0.6060083036,0.0482073309,0.02065374864,0.02066294077
19.168,15.64025762,-0.3653494665,0.4395209606,0.6329917144,0.426201558,0.5715408187,0.7631030589,6.319858849e-06,5.740355503e-06,0.3479105852,0.6036451937,0.04844422113,0.02125167765,0.02131891511
19.192,15.62069915,-0.3676807389,0.4393531695,0.6306972948,0.4260563009,0.5729051695,0.7611196025,6.309461827e-06,5.772657759e-06,0.3500745838,0.6013066588,0.04861875737,0.02185425048,0.02200360954
19.216,15.60118953,-0.3700270657,0.4391966621,0.6283759373,0.4259229161,0.5742941209,0.7591222886,6.310866694e-06,5.810506895e-06,0.3522794174,0.5989803121,0.0487402705,0.02246568004,0.02271366301
19.24,15.58172859,-0.3723915829,0.4390464901,0.6260268943,0.425794974,0.5757059244,0.757107015,6.320506845e-06,5.851569901e-06,0.3545247303,0.5966499436,0.04882532614,0.02308741878,0.02343891133
19.264,15.56231613,-0.3747761926,0.4388983714,0.6236501572,0.4256672326,0.5771386098,0.7550709314,6.33586438e-06,5.894232302e-06,0.3568071533,0.5942963967,0.04889644999,0.02371817828,0.02416428523
19.288,15.54295199,-0.3771819966,0.4387485858,0.6212461695,0.4255353674,0.5785901659,0.7530120531,6.355113054e-06,5.937351904e-06,0.359120789,0.5919002475,0.04897896344,0.02435420887,0.02487309543
19.312,15.52363598,-0.3796095633,0.438593896,0.6188156435,0.4253957876,0.5800586402,0.7509290091,6.376894345e-06,5.980104708e-06,0.361457927,0.589445148,0.04909692503,0.02498990081,0.02555077121
19.336,15.50436791,-0.3820591025,0.4384314819,0.6163594392,0.425245498,0.5815421929,0.7488208677,6.400172151e-06,6.021885293e-06,0.3638100463,0.5869203775,0.0492695762,0.02561872418,0.02618768555
19.36,15.48514762,-0.3845305837,0.4382588844,0.6138784839,0.4250819906,0.5830391235,0.7466870106,6.42413553e-06,6.062240525e-06,0.3661690358,0.5843216785,0.04950928575,0.02623441616,0.0267801867
19.384,15.46597493,-0.3870238189,0.4380739551,0.6113737178,0.4249031573,0.5845478822,0.7445270417,6.448131663e-06,6.100824249e-06,0.3685284188,0.5816505058,0.04982107541,0.02683219226,0.02732998983
19.408,15.44684965,-0.3895385209,0.4378748119,0.6088460587,0.4247072181,0.5860670697,0.7423407198,6.471618247e-06,6.137365511e-06,0.3708842903,0.578912514,0.05020319566,0.02740968011,0.02784276973
19.432,15.42777161,-0.3920743443,0.4376598008,0.6062963795,0.4244926617,0.5875954329,0.7401279076,6.494128557e-06,6.171645636e-06,0.3732357127,0.576116052,0.05064823531,0.02796731997,0.02832673235
19.456,15.40874065,-0.3946309157,0.4374274615,0.6037254937,0.4242581973,0.589131856,0.7378885348,6.515244822e-06,6.203481181e-06,0.3755844891,0.5732709696,0.05114454132,0.02850814531,0.02879147985
19.48,15.38975657,-0.397207854,0.4371764979,0.6011341482,0.4240027135,0.5906753504,0.7356225698,6.53457696e-06,6.23271076e-06,0.3779344346,0.5703876893,0.05167787603,0.029037065,0.02924712409
19.504,15.37081922,-0.3998047858,0.436905752,0.598523019,0.4237252449,0.5922250441,0.733329999,6.551744606e-06,6.259184365e-06,0.380290408,0.5674764095,0.05223318244,0.0295599051,0.02970352204
19.528,15.35192841,-0.4024213549,0.436614182,0.5958927106,0.4234249438,0.5937801705,0.7310108109,6.566360884e-06,6.282754205e-06,0.3826573707,0.5645463926,0.05279623671,0.03008247982,0.03016958696
19.552,15.33308398,-0.4050572298,0.4363008423,0.5932437567,0.423101057,0.5953400578,0.7286649843,6.578016635e-06,6.303266284e-06,0.3850396578,0.561605371,0.05335497123,0.03060987332,0.0306527116
19.576,15.31428576,-0.4077121078,0.4359648667,0.5905766225,0.4227529059,0.5969041195,0.72629248,6.586263952e-06,6.320552113e-06,0.3874405261,0.5586591266,0.0539003473,0.03114599816,0.03115836011
19.6,15.29553357,-0.4103857179,0.4356054535,0.5878917076,0.4223798695,0.5984718444,0.7238932338,6.590597824e-06,6.334419978e-06,0.3898619562,0.5557112718,0.05442677202,0.0316934076,0.03168985773
19.624,15.27682725,-0.4130778219,0.4352218528,0.5851893488,0.4219813712,0.6000427885,0.7214671521,6.590434538e-06,6.344645222e-06,0.3923046466,0.5527632229,0.05493213054,0.03225329846,0.03224837128
19.648,15.25816663,-0.4157882154,0.4348133548,0.5824698241,0.4215568657,0.6016165669,0.7190141077,6.585085137e-06,6.350958957e-06,0.3947681322,0.5498143384,0.05541752937,0.03282563867,0.03283305135
19.672,15.23955155,-0.4185167268,0.4343792802,0.5797333557,0.4211058295,0.6031928462,0.7165339374,6.57372169e-06,6.353034584e-06,0.3972509792,0.5468621851,0.05588683566,0.03340936948,0.03344130169
19.696,15.22098182,-0.4212632173,0.4339189713,0.5769801139,0.4206277514,0.6047713385,0.71402644,6.555333238e-06,6.350471394e-06,0.3997510225,0.5439029013,0.05634607621,0.03400265056,0.03406914422
19.72,15.2024573,-0.4240275794,0.4334317837,0.5742102198,0.4201221248,0.6063517949,0.7114913747,6.528666936e-06,6.342774557e-06,0.4022656277,0.5409316275,0.05680274485,0.03460312839,0.03471165122
19.744,15.18397782,-0.4268097356,0.4329170799,0.5714237491,0.419588441,0.6079340001,0.7089284596,6.49214773e-06,6.329330864e-06,0.4047919614,0.5379429755,0.05726506318,0.03520821285,0.03536341464
19.768,15.1655432,-0.4296096371,0.4323742223,0.5686207348,0.4190261826,0.609517767,0.7063373711,6.443766538e-06,6.309380102e-06,0.4073272545,0.5349314999,0.05774124566,0.03581534608,0.03601901809
19.792,15.14715329,-0.4324272618,0.4318025677,0.5658011704,0.4184348183,0.6111029326,0.7037177429,6.380921315e-06,6.281983391e-06,0.4098690397,0.5318921347,0.05823882559,0.03642224541,0.03667347304
19.816,15.12880793,-0.4352626132,0.4312014621,0.5629650124,0.4178137976,0.6126893531,0.7010691654,6.300186143e-06,6.245993516e-06,0.4124153448,0.528820556,0.05876409915,0.03702710136,0.03732258132
19.84,15.11050696,-0.4381157179,0.4305702355,0.5601121831,0.4171625462,0.6142769001,0.6983911852,6.196967669e-06,6.200041642e-06,0.414964825,0.5257134414,0.05932173358,0.03762871502,0.03796319381
19.864,15.0922502,-0.4409866243,0.4299081971,0.5572425729,0.4164804616,0.6158654567,0.6956833043,6.064980367e-06,6.14257786e-06,0.4175168262,0.5225686087,0.05991456506,0.0382265654,0.03859334877
19.888,15.07403751,-0.4438754004,0.4292146317,0.5543560433,0.4157669088,0.6174549143,0.6929449799,5.895421564e-06,6.072061433e-06,0.4200713777,0.5193850356,0.06054358664,0.03882080651,0.03921229037
19.912,15.05586872,-0.4467821322,0.4284887948,0.5514524286,0.4150212168,0.6190451688,0.6901756236,5.675633093e-06,5.987548875e-06,0.4226291232,0.5161627747,0.06120810206,0.03941220221,0.0398203832
19.936,15.03774368,-0.4497069215,0.4277299094,0.5485315387,0.4142426743,0.6206361177,0.6873746011,5.386858511e-06,5.890342498e-06,0.4251912039,0.5129027918,0.06190600422,0.04000201333,0.0404189496
19.96,15.01966222,-0.4526498839,0.4269371615,0.545593161,0.4134305262,0.6222276571,0.6845412313,5.000379127e-06,5.788545112e-06,0.427759112,0.5096067585,0.06263412952,0.04059185471,0.04101006112
19.984,15.0016242,-0.455611147,0.4261096973,0.5426370628,0.4125839702,0.6238196785,0.6816747864,4.47085813e-06,5.709877938e-06,0.430334531,0.5062768281,0.06338864092,0.0411835396,0.0415963137
20.008,14.98362945,-0.4585908481,0.4252466191,0.5396629935,0.4117021528,0.6254120666,0.6787744906,3.726583218e-06,5.73847924e-06,0.4329191796,0.5029154199,0.06416540047,0.04177892656,0.04218061076
20.032,14.96567782,-0.4615891323,0.4243469824,0.5366706866,0.4107841663,0.6270046957,0.6758395202,2.679126177e-06,6.117328047e-06,0.4355146692,0.4995250284,0.06496030242,0.04237978073,0.04276597123
20.056,14.94776915,-0.4646061499,0.4234097923,0.5336598621,0.4098290449,0.6285974281,0.6728690024,1.720455793e-06,7.484764029e-06,0.4381223853,0.4961080653,0.06576954948,0.0429876586,0.04335537076
20.08,14.92990329,-0.4676420543,0.4224340006,0.5306302286,0.4088357614,0.6301901109,0.6698620151,4.121454683e-06,1.117423638e-05,0.4407434005,0.4926667385,0.06658986098,0.04360382468,0.04395161907
20.104,14.91208008,-0.4706969999,0.4214185029,0.5275814853,0.4078032238,0.6317825736,0.666817586,1.112456809e-05,1.802773818e-05,0.4433784294,0.4892029656,0.067418605,0.04422920901,0.04455727222
20.128,14.89429938,-0.4737711391,0.4203621355,0.5245133245,0.4067302717,0.6333746263,0.6637346921,2.041170155e-05,2.122837503e-05,0.4460278341,0.4857183172,0.0682538487,0.04486441647,0.04517457524
20.152,14.87656104,-0.4768646203,0.419263673,0.5214254333,0.4056156727,0.634966057,0.6606122588,2.126284811e-05,1.858631936e-05,0.4486916929,0.4822139867,0.06909432046,0.04550979883,0.0458054299
20.176,14.85886489,-0.4799775848,0.4181218258,0.5183174962,0.4044581191,0.63655663,0.6574491592,1.859788913e-05,1.607784298e-05,0.4513699364,0.4786907792,0.06993928441,0.0461655929,0.04645138198
20.2,14.84121079,-0.4831101645,0.4169352382,0.5151891966,0.4032562246,0.6381460835,0.6542442136,1.66250152e-05,1.451974899e-05,0.4540625332,0.4751491146,0.07078835225,0.04683210903,0.04711362333
20.224,14.8235986,-0.4862624788,0.4157024868,0.512040219,0.4020085208,0.639734129,0.6509961879,1.537762528e-05,1.357318313e-05,0.4567696795,0.4715890413,0.07164127919,0.04750992347,0.0477930045
20.248,14.80602815,-0.4894346324,0.414422079,0.5088702504,0.4007134534,0.6413204495,0.647703793,1.458124429e-05,1.299205112e-05,0.4594919191,0.4680102584,0.07249782254,0.0481999999,0.04849005476
20.272,14.78849931,-0.4926267118,0.4130924537,0.5056789817,0.3993693797,0.6429046994,0.6443656834,1.406549523e-05,1.264100444e-05,0.4622301201,0.4644121412,0.07335773872,0.04890366737,0.04920500709
20.296,14.77101192,-0.4958387837,0.4117119809,0.5024661082,0.397974565,0.6444865046,0.6409804555,1.373467081e-05,1.244519774e-05,0.464985286,0.4607937707,0.07422094329,0.04962243118,0.04993782625
20.32,14.75356585,-0.4990708921,0.4102789646,0.4992313299,0.3965271794,0.6460654643,0.6375466451,1.353362081e-05,1.236152077e-05,0.4677582587,0.4571539637,0.07508777756,0.05035767443,0.05068823883
20.344,14.73616093,-0.5023230569,0.4087916464,0.4959743497,0.3950252953,0.6476411534,0.6340627252,1.342930547e-05,1.236417777e-05,0.4705494296,0.4534913037,0.07595926668,0.05111036581,0.05145576403
20.368,14.71879703,-0.5055952731,0.4072482119,0.4926948712,0.3934668846,0.6492131286,0.6305271012,1.340130436e-05,1.243733159e-05,0.4733585676,0.44980417,0.07683726237,0.05188088107,0.05223974452
20.392,14.70147401,-0.5088875118,0.4056468008,0.4893925929,0.3918498159,0.650780936,0.6269381056,1.343678903e-05,1.257118645e-05,0.476184807,0.4460907648,0.07772442815,0.05266898015,0.05303937642
20.416,14.68419171,-0.5121997227,0.4039855212,0.4860672004,0.3901718522,0.6523441249,0.6232939897,1.352774715e-05,1.27598089e-05,0.4790267688,0.4423491356,0.07862409556,0.05347391142,0.05385373787
20.44,14.66695,-0.5155318412,0.402262471,0.4827183526,0.3884306478,0.6539022671,0.6195929116,1.366939028e-05,1.299987094e-05,0.4818827544,0.4385771918,0.07954005381,0.05429457932,0.05468181552
20.464,14.64974873,-0.518883801,0.4004757691,0.4793456617,0.3866237454,0.6554549875,0.6158329188,1.385921456e-05,1.328990732e-05,0.4847509583,0.4347727131,0.08047632867,0.05512971748,0.05552252903
20.488,14.63258776,-0.522255556,0.398623599,0.4759486633,0.3847485704,0.6570020087,0.6120119219,1.409644027e-05,1.362987509e-05,0.4876296744,0.4309333476,0.08143697803,0.05597803478,0.05637475487
20.512,14.61546695,-0.5256471174,0.396704274,0.4725267719,0.3828024227,0.6585432203,0.6081276552,1.438168382e-05,1.402090143e-05,0.4905175005,0.4270565991,0.08242590037,0.05683832733,0.05723735388
20.536,14.59838615,-0.5290586168,0.3947163308,0.4690792151,0.380782461,0.6600787846,0.6041776168,1.471678281e-05,1.446515754e-05,0.4934135692,0.4231398062,0.08344662459,0.05770956716,0.05810921332
20.56,14.58134523,-0.5324904124,0.3926586687,0.4656049369,0.3786856731,0.6616093027,0.6001589759,1.51047311e-05,1.496582556e-05,0.4963178578,0.4191801236,0.08450201856,0.05859098813,0.05898932709
20.584,14.56434405,-0.5359432715,0.3905307574,0.4621024547,0.3765088206,0.6631360816,0.5960684278,1.554970312e-05,1.55271426e-05,0.499231658,0.4151745323,0.08559380971,0.05948219508,0.05987696137
20.608,14.54738247,-0.5394186921,0.3883329537,0.4585696475,0.374248332,0.6646615743,0.5919019645,1.60571613e-05,1.615451813e-05,0.5021583325,0.4111199252,0.0867217423,0.06038332393,0.0607719893
20.632,14.53046035,-0.5429194908,0.3860669878,0.4550034451,0.3719000972,0.6661901325,0.5876545051,1.663405207e-05,1.685473038e-05,0.5051045647,0.4070133267,0.08788210861,0.06129527178,0.06167550906
20.656,14.51357756,-0.5464509185,0.3837367186,0.4513993763,0.3694590687,0.667729343,0.5833192954,1.728910732e-05,1.763621665e-05,0.5080824595,0.4028522005,0.08906533997,0.0622199837,0.06259079977
20.68,14.49673395,-0.5500228979,0.3813492844,0.4477509398,0.3669184791,0.6692925108,0.5788869271,1.803328147e-05,1.850948312e-05,0.511113176,0.3986343936,0.09025243042,0.06316071067,0.06352431889
20.704,14.47992939,-0.5536547873,0.3789167199,0.4440488173,0.364268295,0.6709034983,0.5743437498,1.888037176e-05,1.948767317e-05,0.5142335582,0.3943564356,0.0914100062,0.06412205377,0.06448569227
20.728,14.46316374,-0.5573862405,0.3764574265,0.4402802039,0.3614921681,0.6726065827,0.5696694178,1.984789373e-05,2.058735068e-05,0.517509184,0.3900085285,0.09248228748,0.06510956854,0.06548528252
20.752,14.44643687,-0.5613036301,0.3739928173,0.4364293964,0.3585615829,0.6744867623,0.5648336275,2.095831814e-05,2.182957698e-05,0.5210612493,0.3855667712,0.09337197951,0.06612885629,0.06652974394
20.776,14.42974865,-0.5656052722,0.3715115901,0.4324833718,0.3554256681,0.6767053905,0.5597939553,2.224082115e-05,2.324138393e-05,0.5251146043,0.3809884119,0.09389698387,0.06718441823,0.06761913889
20.8,14.41309894,-0.570717066,0.3687537372,0.4284521,0.3519985574,0.6794831036,0.5545035495,2.373375129e-05,2.485775622e-05,0.5299760805,0.3762226294,0.09380129007,0.06827879185,0.06874844237
20.824,14.39648761,-0.5768868123,0.3643841541,0.4244186688,0.3481647113,0.6823299832,0.5489534339,2.548803717e-05,2.672418325e-05,0.5349865409,0.3712613571,0.09375210198,0.06941233436,0.06991148379
20.848,14.37991452,-0.5812480762,0.3570882285,0.4205995659,0.3438637032,0.6821739727,0.5432736339,2.757160564e-05,2.889955821e-05,0.5359449697,0.3662500007,0.09780502961,0.07058363986,0.07110375866
20.872,14.36337955,-0.5822864694,0.3512063293,0.4172630988,0.3392684885,0.6800025134,0.5377839723,3.007402964e-05,3.145817417e-05,0.5341937651,0.3615347191,0.1042715158,0.07179034596,0.07232311723
20.896,14.34688256,-0.5837230155,0.3474567703,0.4144191212,0.3347599248,0.6793075637,0.5327357838,3.31072674e-05,3.448619299e-05,0.5344887968,0.3573767002,0.108134503,0.07303002963,0.07356928372
20.92,14.33042342,-0.5860881744,0.344056303,0.4117600615,0.3305398483,0.6796131898,0.5280179349,3.678633077e-05,3.805742434e-05,0.5361749883,0.3536460824,0.1101789294,0.07430089916,0.07484314132
20.944,14.31400201,-0.5889249099,0.3404731708,0.4090158619,0.326500512,0.6802606336,0.5233512775,4.113384811e-05,4.214269377e-05,0.5383566318,0.3500427134,0.1116006548,0.07560210058,0.076146152
20.968,14.29761818,-0.591968389,0.336631107,0.4061151033,0.3224560741,0.6809897766,0.5185628186,4.574540375e-05,4.633753664e-05,0.5406807315,0.3463873549,0.1129319135,0.0769336536,0.07747995599
20.992,14.28127182,-0.5950943379,0.3325357608,0.4030933862,0.3182842103,0.6817017699,0.5136040465,4.897607577e-05,4.92722789e-05,0.543013476,0.3426352236,0.1143513003,0.07829617049,0.07884610466
21.016,14.26496279,-0.5982399878,0.3282003982,0.4000066679,0.3139261592,0.6823537091,0.5084830064,4.751750047e-05,4.829680461e-05,0.545297107,0.3388008484,0.1159020447,0.0796905204,0.08024587828
21.04,14.24869097,-0.6013690893,0.3236341405,0.396902288,0.3093570554,0.6829230107,0.5032228273,3.978215477e-05,4.17098112e-05,0.5475013774,0.3349133717,0.117585251,0.08111753731,0.08168015603
21.064,14.23245623,-0.6044573046,0.3188415143,0.3938160225,0.3045664406,0.6833948671,0.4978471415,2.922075556e-05,3.177836107e-05,0.54960635,0.3310010983,0.1193925517,0.08257780484,0.08314932095
21.088,14.21625844,-0.6074857675,0.3138236419,0.3907752898,0.2995491464,0.6837574394,0.4923769067,1.958609936e-05,2.204228243e-05,0.5515957527,0.3270882129,0.1213160344,0.08407151639,0.0846531942
21.112,14.20009748,-0.6104380251,0.3085793447,0.3878024567,0.2943015815,0.6839998498,0.4868307368,1.196510626e-05,1.409504092e-05,0.5534541937,0.3231951696,0.1233506366,0.08559839912,0.0861910031
21.136,14.18397322,-0.6132984685,0.3031059532,0.3849171815,0.2888203821,0.6841112704,0.4812259862,6.280465283e-06,8.262088507e-06,0.5551659238,0.3193398441,0.125494232,0.08715769342,0.08776139433
21.16,14.16788554,-0.6160514613,0.2973998849,0.3821379255,0.2831020294,0.6840804737,0.4755798073,3.339903558e-06,5.333051182e-06,0.5567142794,0.315538662,0.1277470587,0.08874818487,0.08936250882
21.184,14.15183431,-0.6186808154,0.2914570683,0.3794829136,0.2771428475,0.6838955871,0.4699100336,5.125197662e-06,6.417004577e-06,0.5580814638,0.3118075737,0.1301109625,0.09036828972,0.09099213393
21.208,14.13581941,-0.6211694496,0.2852732738,0.3769707547,0.2709391479,0.6835439458,0.4642359009,8.316464783e-06,9.316069899e-06,0.5592485183,0.3081629098,0.1325885719,0.09201619231,0.09264793803
21.232,14.11984071,-0.6234991478,0.278844391,0.3746208534,0.2644874267,0.6830119923,0.4585786549,1.152002413e-05,1.247619405e-05,0.5601954062,0.3046221523,0.1351824415,0.09369002443,0.09432776945
21.256,14.1038981,-0.6256503769,0.2721666807,0.3724536952,0.2577845856,0.6822852015,0.4529620819,1.463885089e-05,1.560758263e-05,0.5609011573,0.3012046154,0.1378942273,0.09538806087,0.09602996749
21.28,14.08799145,-0.6276021435,0.2652370167,0.3704910486,0.2508281625,0.6813480209,0.4474129907,1.771837052e-05,1.869593432e-05,0.561344014,0.2979319829,0.1407240031,0.09710888817,0.0977535983
21.304,14.07212063,-0.6293318762,0.2580531324,0.3687561112,0.2436165744,0.6801838204,0.4419616554,2.081961718e-05,2.178041654e-05,0.5615015222,0.2948286187,0.1436698592,0.09885149222,0.09949851332
21.328,14.05628554,-0.6308153323,0.2506138802,0.3672736124,0.2361493734,0.6787748525,0.4366422253,2.400277337e-05,2.491072512e-05,0.5613505155,0.291921588,0.1467278966,0.1006152145,0.1012651545
21.352,14.04048604,-0.6320265258,0.2429195094,0.3660698806,0.2284275181,0.6771022207,0.4314930921,2.732655734e-05,2.813859535e-05,0.5608669717,0.2892403902,0.1498926381,0.1023995536,0.1030541009
21.376,14.02472202,-0.6329376801,0.234971968,0.3651728748,0.2204536649,0.6751458602,0.4265572023,3.085058355e-05,3.1517411e-05,0.56002578,0.2868164918,0.1531577281,0.1042038465,0.104865444
21.4,14.00899336,-0.6335192082,0.2267752329,0.3646121782,0.2122324783,0.672884532,0.4218822885,3.463840162e-05,3.510414014e-05,0.5588002854,0.2846828098,0.1565169048,0.1060266908,0.1066981432
21.424,13.99329994,-0.6337397259,0.218335669,0.3644189523,0.2037709628,0.6702958336,0.4175209912,3.87608946e-05,3.896225332e-05,0.5571623453,0.2828732975,0.1599643571,0.1078658392,0.1085495179
21.448,13.97764164,-0.6335661053,0.2096624195,0.3646258415,0.1950788147,0.6673562316,0.4135308311,4.330018991e-05,4.316546945e-05,0.5550818626,0.2814227246,0.1634954128,0.1097175208,0.1104149745
21.472,13.96201835,-0.6329635737,0.2007678269,0.3652668233,0.1861687915,0.6640411176,0.4099739883,4.835439724e-05,4.780261214e-05,0.5525269728,0.2803666543,0.1671063729,0.1115763646,0.1122879809
21.496,13.94642994,-0.6318958689,0.1916678831,0.3663769936,0.1770570944,0.6603248947,0.4069168418,5.404358576e-05,5.298414267e-05,0.5494642694,0.2797415538,0.1707941768,0.1134352999,0.1141602348
21.52,13.9308763,-0.6303254566,0.182382705,0.3679922777,0.1677637593,0.6561810972,0.4044292217,6.051749569e-05,5.885125646e-05,0.5458592487,0.2795849414,0.1745558099,0.1152856127,0.1160219426
21.544,13.91535732,-0.6282138174,0.1729370307,0.3701490559,0.1583130451,0.6515825481,0.4025833378,6.796550383e-05,6.558887528e-05,0.5416769264,0.2799354477,0.1783876258,0.1171171049,0.1178620996
21.568,13.89987287,-0.6255218106,0.1633607302,0.3728836935,0.1487338123,0.6465015574,0.4014523581,7.662915276e-05,7.344446722e-05,0.5368825806,0.2808327664,0.182284653,0.118918311,0.1196687652
21.592,13.88442284,-0.6222101161,0.1536893216,0.3762319644,0.1390598756,0.6409101623,0.4011086387,8.681660312e-05,8.275521199e-05,0.5314425743,0.2823175061,0.1862399196,0.1206767306,0.1214293592
21.616,13.86900712,-0.6182397503,0.1439644879,0.3802283597,0.1293303185,0.6347804051,0.4016216338,9.891529574e-05,9.398562098e-05,0.5253252189,0.2844306553,0.1902441258,0.1223790465,0.1231307097
21.64,13.8536256,-0.6135726444,0.1342345882,0.3849052764,0.119589754,0.6280846397,0.4030555558,0.0001133903075,0.0001077721344,0.5185016381,0.2872130089,0.1942853529,0.1240113106,0.1247592162
21.664,13.83827816,-0.6081722548,0.1245551698,0.390292085,0.1098885154,0.6207958455,0.4054668882,0.0001307326015,0.0001249440926,0.5109465675,0.2907043144,0.1983491181,0.1255590686,0.1263009014
21.688,13.82296468,-0.6020041516,0.1149895047,0.3964140837,0.1002827656,0.6128879055,0.4089018939,0.0001512662843,0.0001463817073,0.502639102,0.2949422108,0.2024186872,0.1270074943,0.1277414305
21.712,13.80768506,-0.5950364889,0.1056092194,0.4032913626,0.09083451457,0.6043357762,0.4133942818,0.0001746248106,0.0001721954186,0.4935632248,0.2999609735,0.2064758016,0.1283414639,0.1290661117
21.736,13.79243918,-0.5872401838,0.09649516946,0.4109376183,0.08161154319,0.59511541,0.4189632086,0.0001986756492,0.0001988595978,0.4837079395,0.3057900867,0.2105019738,0.1295455488,0.1302598771
21.76,13.77722693,-0.5785885027,0.08773890173,0.4193589927,0.07268723325,0.5852031872,0.4256117934,0.0002183156768,0.0002141004004,0.4730668555,0.3124526949,0.2144804496,0.1306040376,0.1313072504
21.784,13.7620482,-0.5690555037,0.07944545539,0.4285530514,0.06414031044,0.5745744048,0.4333263173,0.0002265465757,0.0002021004188,0.4616367052,0.3199640332,0.2183992616,0.1315009072,0.1321922951
21.808,13.74690288,-0.5586123125,0.07173922988,0.4385080774,0.05605450419,0.5631999936,0.4420762846,0.0002198173355,0.0001667866235,0.4494140081,0.3283299886,0.2222560032,0.132219727,0.1328985194
21.832,13.73179086,-0.5472193121,0.06477712095,0.4492029443,0.04851813067,0.5510399722,0.4518155533,0.000201643963,0.000126551605,0.4363885291,0.3375459856,0.2260654853,0.1327434375,0.1334086754
21.856,13.71671202,-0.5348109113,0.05877995088,0.4606079846,0.04162364019,0.5380314056,0.462484857,0.0001785845202,9.121454354e-05,0.4225316703,0.3475965416,0.2298717881,0.1330538449,0.1337042904
21.88,13.70166627,-0.5212696835,0.05411353579,0.472687642,0.03546734613,0.5240709472,0.4740163917,0.0001551755323,6.239391294e-05,0.4077808068,0.358456061,0.2337631322,0.133130425,0.1337645175
21.904,13.68665349,-0.5064099591,0.05151170475,0.4854068594,0.03015023081,0.5090230863,0.4863423235,0.0001329783874,4.1824483e-05,0.3920517932,0.3700919879,0.2378562189,0.1329472731,0.1335631306
21.928,13.67167357,-0.4902031894,0.05263746057,0.4987475372,0.02578338457,0.493021165,0.4994135449,0.0001114140788,4.101084167e-05,0.375534169,0.3824736135,0.2419922175,0.1324642874,0.133059723
21.952,13.6567264,-0.4743372504,0.05983870871,0.5127618374,0.02251479963,0.4780967457,0.5132558992,8.783736559e-05,7.087385349e-05,0.3601729355,0.3955996956,0.2442273689,0.1315964295,0.1321680725
21.976,13.64181189,-0.4595640806,0.06238698875,0.5278287631,0.02069977869,0.4637793447,0.5282344972,5.777755466e-05,0.0001390655595,0.3451314846,0.4096202497,0.2452482657,0.1300402008,0.1305885463
22,13.62692991,-0.4505988198,0.04149589352,0.5473970417,0.02418861262,0.4525054757,0.5479312094,0.0003137077343,0.0003488135076,0.3297880704,0.4256671022,0.2445448274,0.1250267664,0.1254383703
22.024,13.61208037,-0.4445606505,0.03396148364,0.544530827,0.01705103248,0.4458559794,0.5447977232,0.0002240249158,0.001935931693,0.3318198042,0.4304068221,0.2377733737,0.1330321996,0.1335985151
22.048,13.59726315,-0.4323538239,0.03354884137,0.5643721289,0.01803228696,0.4336534951,0.5646601308,0.0001426558188,0.0002494551349,0.3171944286,0.4484703247,0.2343352467,0.1291390544,0.1296291992
22.072,13.58247816,-0.4182725093,0.03544656168,0.579874257,0.02045335002,0.4197717842,0.5802348606,0.0001063473372,0.0001075182894,0.3028910292,0.4638088734,0.2333000974,0.1266826671,0.1271363684
22.096,13.56772529,-0.403846167,0.0388495449,0.594540878,0.02396011492,0.4057105049,0.5950234808,4.834974026e-05,5.068816805e-05,0.2888708153,0.4787443091,0.2323848756,0.1242697992,0.1246913639
22.12,13.55300443,-0.3895867548,0.04353169538,0.6087155921,0.02858363242,0.3920112856,0.6093863275,2.105303369e-05,3.585423264e-05,0.2753864753,0.4934560752,0.2311574495,0.1217136268,0.1221043778
22.144,13.53831548,-0.375731471,0.04938094199,0.6224175172,0.03431098727,0.3789625519,0.6233625025,3.935170408e-05,4.135513562e-05,0.2625833202,0.5079122554,0.2295044244,0.1189707029,0.1193314442
22.168,13.52365834,-0.3624292809,0.05630917909,0.6355930126,0.04110513775,0.3667774629,0.6369208036,4.411821161e-05,4.555868262e-05,0.2505616075,0.5220354756,0.227402917,0.1160358982,0.1163673635
22.192,13.50903289,-0.3497915318,0.06422822602,0.6481683561,0.04891452112,0.3556393971,0.6500114216,4.369690157e-05,4.575402538e-05,0.2393989417,0.5357373577,0.2248637005,0.112919559,0.1132225074
22.216,13.49443905,-0.337906116,0.073042652,0.6600652798,0.05767807733,0.3457105324,0.6625805115,4.118070462e-05,4.329647979e-05,0.2291560064,0.5489283949,0.2219155988,0.1096402324,0.1099154588
22.24,13.47987671,-0.326840257,0.08264808945,0.671205319,0.06732788935,0.3371279583,0.6745736616,3.759758676e-05,3.931372206e-05,0.2198768774,0.5615195675,0.2186035551,0.1062216157,0.1064699411
22.264,13.46534576,-0.3166386066,0.09293208341,0.6815091897,0.07778888754,0.329994514,0.6859343166,3.324517021e-05,3.437340228e-05,0.2115873893,0.5734191595,0.2149934512,0.1026910089,0.1029132716
22.288,13.45084611,-0.307318327,0.1037790622,0.6908938395,0.08897308337,0.3243680746,0.6965992442,2.802593087e-05,2.857944569e-05,0.20429333,0.5845262452,0.2111804248,0.09907868136,0.09927573729
22.312,13.43637764,-0.2988678308,0.1150938703,0.6992697189,0.1007624781,0.3202632968,0.7064921916,2.13259956e-05,2.144151293e-05,0.197987441,0.5947228168,0.2072897422,0.09541886127,0.09559159953
22.336,13.42194028,-0.2913336403,0.1269226627,0.7065355755,0.1129568723,0.3177808243,0.7155080534,1.10627826e-05,1.07010602e-05,0.1927421324,0.6038586445,0.2033992231,0.09175748,0.09190686991
22.36,13.4075339,-0.2857279019,0.1401284469,0.7124232173,0.1249186314,0.3182395569,0.7232921298,2.17521832e-05,2.097081117e-05,0.1894957224,0.6114980111,0.1990062666,0.08821930633,0.0883465056
22.384,13.39315842,-0.2820632628,0.1583457435,0.7160751222,0.1425848267,0.3234703366,0.7301328738,0.0001536194682,0.0001644591928,0.1864155244,0.6149360682,0.1986484074,0.08178244217,0.0818420277
22.408,13.37881373,-0.2770836671,0.1714015325,0.7215231953,0.1533340663,0.3258125902,0.7376361279,6.427048387e-05,6.911253553e-05,0.1864193953,0.624453918,0.1891266867,0.08026554721,0.08034685598
22.432,13.36449973,-0.2742805055,0.1828198231,0.7244264765,0.1658699979,0.3296253683,0.7431733149,5.802854073e-05,6.463372204e-05,0.1854631377,0.6291802808,0.1853565815,0.07681025094,0.07687370058
22.456,13.35021633,-0.2722157434,0.194556215,0.7263545832,0.178431718,0.3345945782,0.7479497701,6.775244878e-05,7.516685056e-05,0.1853192805,0.6328417047,0.1818390148,0.07336574416,0.07341284046
22.48,13.33596343,-0.2708938113,0.2064733046,0.7274471699,0.1908154345,0.3406092813,0.7520571221,9.09068049e-05,9.699461415e-05,0.1860299178,0.6356396419,0.1783304403,0.070015227,0.07004971756
22.504,13.32174093,-0.2703422647,0.2183885918,0.7277871516,0.2029604284,0.3475320375,0.7555574588,0.0001307234209,0.0001314852924,0.187581283,0.6376974493,0.1747212677,0.06680274883,0.06683035856
22.528,13.30754874,-0.2705433239,0.2301769589,0.7274328446,0.214838236,0.3552113772,0.7584945689,0.0001822760645,0.0001747019663,0.1899461557,0.639110614,0.1709432303,0.06377099998,0.0637965725
22.552,13.29338675,-0.2714587234,0.2417529528,0.7264290373,0.2264274597,0.3635028592,0.7608998231,0.0002023773501,0.0001987734821,0.193087087,0.6399412791,0.1669716339,0.06095271739,0.06097269881
22.576,13.27925487,-0.2730419708,0.2530556674,0.7248144605,0.2377072131,0.3722755547,0.7627979557,0.0001750396427,0.0001817183728,0.1969295436,0.6402043495,0.1628661069,0.05834042432,0.05834359521
22.6,13.26515301,-0.2752435798,0.2640404109,0.7226261001,0.2486565386,0.3814136427,0.7642110669,0.0001421209347,0.0001503437226,0.2013572914,0.6398809355,0.1587617732,0.05588090431,0.05586235811
22.624,13.25108106,-0.27801354,0.274674105,0.7199010988,0.2592554816,0.3908163154,0.7651607653,0.0001176822985,0.000123848898,0.2062614462,0.6389623902,0.1547761636,0.05352403997,0.05349137806
22.648,13.23703894,-0.281302643,0.2849325364,0.7166772118,0.2694862404,0.4003969621,0.7656690275,0.0001003114578,0.0001041487008,0.2115746884,0.6374695966,0.150955715,0.05125695113,0.05122052611
22.672,13.22302655,-0.2850632729,0.2947985476,0.7129925605,0.2793339387,0.410082008,0.7657583435,8.750877225e-05,8.943063188e-05,0.2172565549,0.6354412949,0.1473021502,0.04908929394,0.04905544627
22.696,13.2090438,-0.2892499026,0.3042607352,0.7088851277,0.2887869942,0.419809601,0.7654515349,7.76113271e-05,7.805201833e-05,0.2232726541,0.6329196796,0.1438076663,0.04703254692,0.04700362119
22.72,13.19509058,-0.2938194076,0.3133124419,0.7043922212,0.2978371788,0.4295282651,0.7647714602,6.960504612e-05,6.891259029e-05,0.2295873,0.6299442943,0.1404684057,0.04509276463,0.04506890324
22.744,13.18116681,-0.2987312547,0.3219509387,0.699550005,0.3064794782,0.4391955936,0.7637407152,6.285944984e-05,6.130290527e-05,0.2361634921,0.6265510435,0.1372854643,0.04327071872,0.04325115966
22.768,13.1672724,-0.3039475976,0.3301767397,0.6943931314,0.3147118363,0.4487770287,0.762381375,5.69644143e-05,5.475696494e-05,0.24296445,0.6227727314,0.1342628186,0.04156362525,0.04154736753
22.792,13.15340725,-0.3094333049,0.3379930166,0.6889544739,0.3225348428,0.4582447485,0.7607147902,5.163812112e-05,4.895779563e-05,0.2499548731,0.6186397172,0.1314054097,0.0399666209,0.03995272287
22.816,13.13957127,-0.3151559363,0.345405097,0.6832649516,0.3299514038,0.467576673,0.75876144,4.667452666e-05,4.368110106e-05,0.2571017069,0.6141803838,0.1287179093,0.03847375952,0.03846145903
22.84,13.12576436,-0.3210856809,0.3524200292,0.6773534279,0.3369664192,0.4767555888,0.7565408343,4.191225566e-05,3.876216653e-05,0.2643745458,0.6094214379,0.1262040163,0.03707865261,0.03706740244
22.864,13.11198644,-0.3271952707,0.3590462083,0.671246671,0.3435864806,0.4857683861,0.7540714575,3.7215748e-05,3.40775053e-05,0.2717458112,0.6043881089,0.1238660799,0.03577488492,0.03576434474
22.888,13.09823742,-0.3334598755,0.3652930537,0.664969361,0.3498195978,0.494605402,0.7513707487,3.246527648e-05,2.953838055e-05,0.2791907952,0.5991042964,0.1217049084,0.03455629049,0.03454629347
22.912,13.0845172,-0.3398569907,0.3711707314,0.6585441338,0.355674957,0.5032598593,0.7484551097,2.755926519e-05,2.510023335e-05,0.2866876242,0.5935926926,0.1197196832,0.03341713753,0.03340764068
22.936,13.07082569,-0.3463663236,0.3766899167,0.6519916541,0.3611627112,0.5117273917,0.7453399366,2.245119457e-05,2.080720414e-05,0.2942171717,0.5878748941,0.1179079342,0.03235224772,0.03234327266
22.96,13.0571628,-0.3529696853,0.3818615921,0.6453307091,0.3662938022,0.5200056482,0.7420396712,1.732360489e-05,1.693290435e-05,0.3017629378,0.5819715083,0.1162655539,0.03135706325,0.03134863443
22.984,13.04352845,-0.3596508961,0.3866968746,0.6385783195,0.3710798116,0.5280939688,0.7385678687,1.335286978e-05,1.434463146e-05,0.3093109085,0.5759022544,0.1147868372,0.03042766838,0.03041975745
23.008,13.02992255,-0.3663957128,0.3912068714,0.6317498647,0.3755328375,0.5359931293,0.7349372787,1.434332137e-05,1.4789874e-05,0.3168494054,0.5696860607,0.1134645338,0.02956077061,0.02955325689
23.032,13.016345,-0.3731917879,0.3954025604,0.6248592183,0.379665394,0.5437051547,0.7311599374,2.295523072e-05,1.945215504e-05,0.3243689419,0.5633411588,0.1122898993,0.02875364608,0.02874630437
23.056,13.00279571,-0.3800286767,0.3992946975,0.6179188941,0.3834903272,0.5512332089,0.7272472694,3.810142463e-05,2.789339987e-05,0.3318621076,0.5568851732,0.1112527191,0.02800405554,0.02799658167
23.08,12.98927461,-0.3868979154,0.4028937578,0.6109402008,0.3870207452,0.558581576,0.723210195,5.998891098e-05,3.966453406e-05,0.3393235195,0.5503352084,0.1103412721,0.02731013892,0.02730222066
23.104,12.9757816,-0.3937932027,0.4062099265,0.6039334036,0.3902699541,0.5657557696,0.7190592417,8.838613719e-05,5.462352954e-05,0.3467498966,0.5437079288,0.1095421746,0.02667029793,0.0266617328
23.128,12.96231659,-0.4007107408,0.4092531836,0.5969078921,0.3932513957,0.5727628358,0.7148046529,0.0001163218459,7.192535282e-05,0.3541403567,0.5370196259,0.1088400173,0.02608307711,0.02607392893
23.152,12.94887949,-0.4076498186,0.4120335687,0.5898723511,0.3959785798,0.5796119705,0.7104564914,0.0001293705136,8.857698199e-05,0.3614971063,0.5302862531,0.1082166406,0.02554705323,0.02553781902
23.176,12.93547023,-0.4146137554,0.4145618284,0.5828349307,0.3984650045,0.5863156793,0.7060247278,0.0001249855281,9.960385576e-05,0.3688268332,0.5235233488,0.107649818,0.02506074181,0.02505242265
23.2,12.92208871,-0.4216113516,0.416850881,0.5758034089,0.4007240612,0.5928918863,0.7015193076,0.0001136183025,0.0001021576629,0.3761433288,0.5167461043,0.1071105669,0.02462252706,0.02461675499
23.224,12.90873484,-0.4286588818,0.4189190666,0.5687853403,0.4027689179,0.5993676846,0.696950188,0.0001021679134,9.822031402e-05,0.3834722501,0.5099691348,0.1065586151,0.02423061841,0.02422956056
23.248,12.89540855,-0.4357820033,0.4207972395,0.5617881807,0.4046123819,0.6057856644,0.6923273356,9.248487506e-05,9.145142758e-05,0.3908593136,0.503206284,0.1059344024,0.02388303383,0.02388913606
23.272,12.88210975,-0.4430141864,0.4225435628,0.5548193774,0.4062667437,0.6122128975,0.6876606784,8.459863112e-05,8.423759563e-05,0.3983822459,0.4964704803,0.1051472739,0.02357760692,0.0235932646
23.296,12.86883834,-0.4503791708,0.4242699529,0.5478864163,0.407743608,0.6187458205,0.6829600099,7.815951401e-05,7.756265979e-05,0.406158409,0.4897736021,0.1040679889,0.02331201255,0.02333922099
23.32,12.85559425,-0.4578248992,0.4261663784,0.5409968181,0.4090537241,0.6254769543,0.678234846,7.282400322e-05,7.168352964e-05,0.4143052303,0.4831264034,0.1025683663,0.02308380469,0.02312389189
23.344,12.8423774,-0.4650850633,0.4284290633,0.5341580795,0.4102068293,0.6323413465,0.673494244,6.832426873e-05,6.657816882e-05,0.422746045,0.4765384752,0.1007154799,0.02289046187,0.02294397398
23.368,12.82918769,-0.4716679683,0.4309409248,0.5273775638,0.4112115223,0.6388902511,0.6687465969,6.446299993e-05,6.214245619e-05,0.4309101932,0.4700181945,0.0990716123,0.02272943607,0.02279617973
23.392,12.81602505,-0.4773763107,0.4330881995,0.5206623476,0.4120751823,0.6445568482,0.6639994247,6.109620317e-05,5.826268669e-05,0.4380517299,0.4635726323,0.09837563776,0.0225981956,0.02267739289
23.416,12.80288939,-0.4826626752,0.4344085586,0.5140190409,0.4128039467,0.6493643459,0.6592591848,5.811803468e-05,5.483820705e-05,0.4441683193,0.4572074342,0.09862424645,0.02249426217,0.02258475842
23.44,12.78978063,-0.4880231108,0.4350189009,0.5074536003,0.413402753,0.6537644843,0.6545311243,5.544964019e-05,5.17859735e-05,0.4498232475,0.4509267072,0.0992500453,0.02241524351,0.02251571188
23.464,12.77669869,-0.4936072956,0.4352169123,0.500971156,0.4138754446,0.6580744054,0.6498191924,5.30313512e-05,4.903922322e-05,0.4554207851,0.4447329533,0.09984626158,0.02235885927,0.02246796809
23.488,12.76364348,-0.4993734822,0.4351951429,0.4945758735,0.4142249299,0.6623961708,0.6451260243,5.081729081e-05,4.654467524e-05,0.46109165,0.4386270803,0.1002812697,0.02232296027,0.02243949089
23.512,12.75061492,-0.5052475831,0.4350393266,0.488270865,0.4144533797,0.6667340818,0.6404529972,4.877163054e-05,4.425974807e-05,0.4668398798,0.4326085025,0.1005516178,0.0223055415,0.02242845893
23.536,12.73761293,-0.5111718357,0.4347812305,0.4820581576,0.4145624431,0.671067332,0.6358003512,4.686596575e-05,4.215021347e-05,0.4726361161,0.4266753232,0.1006885607,0.02230474993,0.02243323482
23.56,12.72463744,-0.5171082065,0.4344308441,0.4759387192,0.4145534611,0.6753747519,0.6311673602,4.507745099e-05,4.018833585e-05,0.4784499452,0.4208245784,0.1007254764,0.02231888757,0.02245234025
23.584,12.71168835,-0.5230327466,0.4339904668,0.4699125352,0.4144276598,0.6796403309,0.6265525324,4.338745638e-05,3.835143334e-05,0.4842573918,0.4150525139,0.1006900943,0.02234641058,0.02248443649
23.608,12.69876559,-0.5289304323,0.4334601755,0.4639787233,0.4141863117,0.6838531465,0.6219538218,4.178058552e-05,3.662077505e-05,0.4900410528,0.409354867,0.1006040801,0.02238592509,0.0225283093
23.632,12.68586908,-0.534791742,0.4328397813,0.4581356735,0.413830856,0.6880061654,0.6173688304,4.024394737e-05,3.498073684e-05,0.4957886657,0.4037271308,0.1004842036,0.02243618038,0.02258285678
23.656,12.67299873,-0.5406105644,0.4321294397,0.4523811984,0.4133629778,0.6920951054,0.6127949902,3.876660901e-05,3.341815276e-05,0.5014916967,0.3981647804,0.1003435229,0.02249606024,0.02264707924
23.68,12.66015448,-0.5463829405,0.4313297666,0.4467126802,0.4127846471,0.69611758,0.6082297129,3.733917869e-05,3.192181387e-05,0.5071442595,0.3926634551,0.1001922854,0.02256457296,0.02272007046
23.704,12.64733623,-0.5521063021,0.4304417903,0.4411272082,0.4120981265,0.7000724989,0.6036705059,3.595348394e-05,3.048207832e-05,0.5127423457,0.3872190904,0.1000385639,0.02264084071,0.02280100972
23.728,12.63454391,-0.5577790029,0.42946686,0.4356216967,0.4113059515,0.7039596579,0.5991150544,3.460231962e-05,2.90905655e-05,0.5182832898,0.3818280039,0.09988870631,0.02272408864,0.02288915468
23.752,12.62177745,-0.5634000219,0.4284065558,0.4301929835,0.4104108946,0.7077794584,0.5945612715,3.327924813e-05,2.773991436e-05,0.5237653972,0.3764869409,0.09974766194,0.02281363434,0.02298383462
23.776,12.60903676,-0.5689687738,0.4272626115,0.4248379066,0.409415918,0.7115327152,0.5900073227,3.197843856e-05,2.642359084e-05,0.5291876834,0.3711930859,0.09961923072,0.02290887762,0.02308444435
23.8,12.59632176,-0.5744849824,0.4260368546,0.4195533614,0.4083241217,0.7152205229,0.5854516303,3.069453527e-05,2.513573362e-05,0.5345496884,0.3659440505,0.09950626108,0.02300929103,0.02319043851
23.824,12.58363239,-0.5799485956,0.4247311591,0.4143363398,0.4071386915,0.7188441632,0.5808928615,2.942254872e-05,2.387102983e-05,0.539851343,0.3607378434,0.09941081354,0.02311441116,0.02330132627
23.848,12.57096855,-0.5853597262,0.423347411,0.4091839558,0.4058628502,0.7224050384,0.576329908,2.815776306e-05,2.26246151e-05,0.545092871,0.3555728299,0.0993342991,0.02322383071,0.02341666659
23.872,12.55833018,-0.5907186104,0.4218874814,0.4040934581,0.4044998137,0.7259046243,0.5717618579,2.689565634e-05,2.139199379e-05,0.5502747159,0.3504476864,0.09927759772,0.0233371915,0.0235360638
23.896,12.54571719,-0.5960255769,0.4203532078,0.3990622357,0.4030527524,0.7293444369,0.5671879664,2.563183002e-05,2.016897708e-05,0.5553974867,0.3453613532,0.09924116014,0.02345417842,0.02365916358
23.92,12.53312952,-0.6012810245,0.41874638,0.3940878156,0.4015247599,0.7327260069,0.5626076245,2.436194527e-05,1.895163851e-05,0.5604619157,0.3403129889,0.09922509534,0.023574514,0.02378564935
23.944,12.52056707,-0.6064854049,0.4170687299,0.3891678575,0.3999188269,0.7360508623,0.5580203306,2.308166384e-05,1.773628826e-05,0.5654688263,0.3353019286,0.0992292451,0.02369795386,0.02391523896
23.968,12.50802979,-0.6116392097,0.4153219246,0.3843001454,0.3982378208,0.739320515,0.5534256623,2.178659186e-05,1.651947116e-05,0.5704191071,0.3303276457,0.09925324725,0.02382428271,0.02404768172
23.992,12.49551759,-0.6167429591,0.4135075618,0.379482578,0.3964844709,0.7425364511,0.5488232527,2.047222508e-05,1.5297998e-05,0.5753136926,0.3253897186,0.09929658884,0.02395331088,0.02418275564
24.016,12.4830304,-0.6217971942,0.4116271665,0.3747131588,0.3946613564,0.745700124,0.5442127687,1.913389446e-05,1.406902943e-05,0.5801535467,0.3204878029,0.09935865042,0.02408487143,0.02432026504
24.04,12.47056814,-0.6268024694,0.4096821897,0.3699899859,0.3927708991,0.7488129487,0.5395938926,1.776671123e-05,1.283024891e-05,0.58493965,0.3156216073,0.09943874271,0.02421881756,0.02446003824
24.064,12.45813073,-0.6317593466,0.4076740073,0.3653112433,0.3908153584,0.7518762985,0.5349663063,1.636551124e-05,1.158019721e-05,0.5896729889,0.3107908746,0.0995361365,0.02435502041,0.02460192558
24.088,12.44571812,-0.6366683903,0.4056039209,0.3606751923,0.3887968283,0.754891502,0.5303296787,1.492479929e-05,1.031891808e-05,0.5943545472,0.3059953657,0.09965008705,0.02449336718,0.02474579752
24.112,12.43333021,-0.641530163,0.4034731579,0.3560801646,0.3867172364,0.7578598414,0.5256836544,1.343869652e-05,9.049240972e-06,0.5989852989,0.3012348475,0.09977985362,0.02463375945,0.0248915429
24.136,12.42096694,-0.6463452217,0.401282873,0.3515245555,0.3845783441,0.7607825509,0.5210278456,1.190089937e-05,7.779458702e-06,0.6035662016,0.2965090833,0.0999247151,0.02477611169,0.02503906739
24.16,12.40862823,-0.6511141141,0.3990341495,0.3470068199,0.3823817473,0.7636608161,0.5163618244,1.030467299e-05,6.529269372e-06,0.608098192,0.2918178257,0.1000839822,0.02492034993,0.02518829196
24.184,12.39631401,-0.6558373757,0.3967280016,0.3425254672,0.3801288784,0.7664957734,0.5116851179,8.642945203e-06,5.34373103e-06,0.6125821813,0.2871608115,0.1002570073,0.02506641059,0.02533915152
24.208,12.38402421,-0.6605155273,0.3943653758,0.3380790592,0.3778210081,0.7692885098,0.5069972035,6.908720136e-06,4.325819839e-06,0.6170190508,0.282537758,0.1004431912,0.02521423939,0.02549159357
24.232,12.37175875,-0.665149072,0.3919471536,0.3336662074,0.3754592469,0.7720400632,0.5022975055,5.096718421e-06,3.69158056e-06,0.6214096494,0.277948361,0.1006419896,0.02536379027,0.02564557695
24.256,12.35951756,-0.6697384933,0.3894741535,0.3292855725,0.373044548,0.7747514218,0.4975853927,3.211723245e-06,3.734965968e-06,0.6257547901,0.2733922937,0.1008529162,0.02551502446,0.02580107062
24.28,12.34730058,-0.6742842528,0.3869471337,0.3249358637,0.3705777082,0.7774235254,0.4928601763,1.355781612e-06,4.525385464e-06,0.6300552474,0.2688692059,0.1010755467,0.02566790955,0.02595805251
24.304,12.33510772,-0.6787867883,0.3843667943,0.3206158392,0.3680593703,0.7800572649,0.4881211083,1.379454548e-06,5.84787148e-06,0.6343117551,0.2643787247,0.1013095202,0.02582241855,0.02611650828
24.328,12.32293892,-0.6832465118,0.3817337804,0.3163243079,0.3654900233,0.7826534834,0.4833673809,3.492166614e-06,7.504050733e-06,0.638525004,0.2599204552,0.1015545408,0.025978529,0.02627643025
24.352,12.3107941,-0.6876638084,0.3790486839,0.312060131,0.362870004,0.7852129762,0.4785981249,5.899832783e-06,9.396670505e-06,0.6426956402,0.2554939815,0.1018103783,0.02613622207,0.02643781623
24.376,12.2986732,-0.6920390338,0.3763120469,0.3078222255,0.3601994965,0.7877364921,0.4738124099,8.505260509e-06,1.148794623e-05,0.6468242627,0.2510988682,0.1020768691,0.02629548164,0.02660066833
24.4,12.28657615,-0.696372514,0.3735243642,0.3036095674,0.3574785317,0.7902247332,0.4690092431,1.131435819e-05,1.376837752e-05,0.6509114225,0.2467346621,0.1023539154,0.0264562934,0.02676499186
24.424,12.27450287,-0.7006645432,0.3706860858,0.2994211969,0.3547069867,0.7926783561,0.4641875694,1.434696058e-05,1.624279039e-05,0.6549576204,0.242400894,0.1026414856,0.02661864392,0.02693079411
24.448,12.26245329,-0.7049153828,0.3677976198,0.295256224,0.3518845821,0.7950979726,0.4593462713,1.762835862e-05,1.892441702e-05,0.658963306,0.2380970804,0.1029396135,0.0267825197,0.02709808315
24.472,12.25042735,-0.7091252604,0.3648593354,0.2911138359,0.3490108794,0.7974841501,0.4544841684,2.118752355e-05,2.183231029e-05,0.6629288763,0.2338227265,0.1032483972,0.02694790619,0.02726686664
24.496,12.23842497,-0.7132943692,0.3618715652,0.2869933053,0.3460852774,0.7998374127,0.4496000184,2.505634468e-05,2.499014937e-05,0.6668546743,0.2295773277,0.103567998,0.02711478686,0.02743715057
24.52,12.22644608,-0.7174228662,0.3588346084,0.2828940013,0.3431070075,0.8021582419,0.4446925169,2.926878933e-05,2.842559098e-05,0.6707409882,0.2253603735,0.1038986383,0.02728314222,0.02760893803
24.544,12.21449063,-0.7215108725,0.3557487334,0.2788154023,0.3400751279,0.8044470774,0.4397602997,3.385950243e-05,3.216972213e-05,0.6745880504,0.2211713503,0.1042405994,0.02745294887,0.02778222804
24.568,12.20255853,-0.725558472,0.3526141804,0.2747571112,0.3369885168,0.8067043179,0.4348019441,3.886140142e-05,3.625628867e-05,0.6783960366,0.2170097464,0.104594217,0.02762417854,0.02795701447
24.592,12.19064972,-0.7295657112,0.3494311649,0.270718875,0.3338458652,0.8089303221,0.4298159734,4.430172844e-05,4.07203591e-05,0.6821650653,0.2128750578,0.1049598769,0.02779679729,0.02813328518
24.616,12.17876414,-0.7335325989,0.3461998796,0.2667006088,0.3306456682,0.8111254097,0.4248008623,5.019591632e-05,4.559598758e-05,0.6858951975,0.2087667967,0.1053380058,0.02797076473,0.02831102202
24.64,12.1669017,-0.7374591053,0.3429204979,0.2627024242,0.327386217,0.8132898621,0.4197550462,5.653862483e-05,5.091229023e-05,0.6895864366,0.2046845044,0.105729059,0.02814603353,0.02849020307
24.664,12.15506236,-0.7413451628,0.3395931761,0.2587246665,0.3240655899,0.8154239239,0.414676934,6.329161054e-05,5.668718318e-05,0.693238729,0.200627776,0.106133495,0.02832254932,0.02867081317
24.688,12.14324603,-0.7451906652,0.3362180567,0.2547679586,0.3206816461,0.8175278033,0.4095649287,7.036902878e-05,6.291794621e-05,0.6968519654,0.1965963086,0.106551726,0.02850025126,0.02885287378
24.712,12.13145265,-0.7489954683,0.3327952706,0.2508332572,0.3172320211,0.8196016738,0.4044174553,7.762267496e-05,6.956798646e-05,0.7004259812,0.1925897602,0.1069842586,0.02867907152,0.02903627718
24.736,12.11968216,-0.7527593897,0.3293249404,0.2469219206,0.313714129,0.821645675,0.3992330017,8.483256118e-05,7.655007166e-05,0.7039605415,0.1886073727,0.1074320858,0.0288589191,0.02922037718
24.76,12.10793449,-0.7564822098,0.3258071825,0.2430357929,0.3101251726,0.823659914,0.3940101766,9.17110233e-05,8.370840128e-05,0.707455303,0.1846496029,0.1078950941,0.0290396407,0.02940557655
24.784,12.09620957,-0.7601636715,0.32224211,0.2391773053,0.3064621691,0.8256444664,0.3887477903,9.792851249e-05,9.080545234e-05,0.7109099061,0.1807167496,0.1083733443,0.02922111158,0.0295918969
24.808,12.08450734,-0.7638034815,0.3186298353,0.235349598,0.302721998,0.8275993779,0.3834449653,0.0001031629444,9.752362208e-05,0.7143240212,0.1768091888,0.10886679,0.02940328024,0.02977913789
24.832,12.07282772,-0.7674013109,0.3149704726,0.2315566625,0.2989014815,0.8295246655,0.3781012875,0.0001071618622,0.000103492926,0.7176972233,0.1729277295,0.1093750472,0.02958604121,0.02996713519
24.856,12.06117066,-0.7709567961,0.3112641403,0.227803502,0.2949975129,0.8314203188,0.3727170082,0.0001097949262,0.0001083492519,0.7210290132,0.1690737114,0.1098972755,0.02976925465,0.03015573144
24.88,12.04953609,-0.7744695398,0.3075109633,0.2240963046,0.2910072513,0.8332863017,0.3672933079,0.000111074448,0.0001118111926,0.7243188462,0.1652491502,0.1104320036,0.02995277325,0.0303447637
24.904,12.03792395,-0.7779391123,0.3037110757,0.2204426114,0.2869284036,0.8351225539,0.3618326322,0.0001111369095,0.0001137461578,0.727566138,0.1614569274,0.1109769345,0.03013644569,0.03053406077
24.928,12.02633416,-0.7813650531,0.2998646225,0.216851454,0.2827596211,0.8369289922,0.3563391031,0.0001101976625,0.0001141949864,0.730770267,0.157701013,0.11152872,0.03032011688,0.03072344352
24.952,12.01476667,-0.7847468719,0.2959717618,0.2133334118,0.2785010289,0.8387055126,0.3508189956,0.0001085000058,0.000113345122,0.7339305773,0.153986707,0.1120827157,0.03050362875,0.03091272647
24.976,12.00322141,-0.788084051,0.2920326672,0.2099005202,0.2741549002,0.8404519915,0.3452812443,0.0001062752735,0.0001114698887,0.7370463829,0.15032087,0.1126327471,0.03068682156,0.03110171988
25,11.99169832,-0.7913760462,0.2880475291,0.2065659324,0.2697264522,0.8421682882,0.339737904,0.000103720044,0.0001088635145,0.7401169719,0.1467120875,0.1131709405,0.03086953559,0.03129023225
25.024,11.98019733,-0.7946222898,0.2840165566,0.2033432185,0.2652246937,0.8438542457,0.3342044324,0.0001009883305,0.0001057936344,0.7431416111,0.1431706869,0.113687702,0.03105161296,0.03147807305
25.048,11.96871838,-0.7978221919,0.2799399792,0.2002451958,0.2606631683,0.8455096935,0.328699598,9.81933745e-05,0.0001024774418,0.7461195511,0.1397084918,0.1141719571,0.03123289961,0.03166505554
25.072,11.95726141,-0.800975143,0.2758180478,0.1972822384,0.2560603459,0.8471344493,0.3232447716,9.541400715e-05,9.907671682e-05,0.7490500314,0.1363381918,0.1146117768,0.03141324716,0.03185099958
25.096,11.94582635,-0.8040805162,0.2716510362,0.1944601551,0.2514393299,0.8487283205,0.3178623736,9.270220903e-05,9.570367316e-05,0.7519322855,0.1330722321,0.1149954824,0.03159251486,0.0320357344
25.12,11.93441314,-0.8071376702,0.2674392416,0.1917779395,0.2468265474,0.850291107,0.3125733875,9.009010319e-05,9.243098951e-05,0.7547655461,0.1299212323,0.1153132217,0.03177057128,0.03221910114
25.144,11.92302171,-0.8101459514,0.2631829859,0.1892259483,0.2422492451,0.8518226028,0.3073941383,8.759570148e-05,8.930207323e-05,0.7575490503,0.1268921194,0.1155588303,0.03194729597,0.0324009552
25.168,11.91165202,-0.8131046967,0.2588826157,0.1867852163,0.2377319641,0.8533225982,0.3023329353,8.522731194e-05,8.633979288e-05,0.7602820446,0.1239863794,0.115731576,0.03212258078,0.03258116816
25.192,11.90030399,-0.816013237,0.2545385025,0.1844285146,0.2332926367,0.8547908821,0.2973875104,8.298677248e-05,8.355321876e-05,0.7629637901,0.1211989677,0.1158372421,0.03229633106,0.03275962943
25.216,11.88897755,-0.8188708993,0.2501510427,0.1821233088,0.2289393244,0.8562272443,0.2925442084,8.087175115e-05,8.094252349e-05,0.7655935671,0.1185183677,0.1158880652,0.03246846657,0.03293624733
25.24,11.87767266,-0.8216770106,0.2457206572,0.1798361002,0.224668624,0.8576314775,0.287779453,7.887734494e-05,7.850240295e-05,0.7681706795,0.1159279697,0.1159013508,0.0326389221,0.03311094994
25.264,11.86638925,-0.8244309004,0.2412477904,0.1775370608,0.2204662959,0.8590033795,0.283063236,7.699716946e-05,7.622439305e-05,0.7706944598,0.1134084867,0.1158970535,0.03280764793,0.03328368531
25.288,11.85512725,-0.8271319043,0.2367329091,0.1752037367,0.2163099093,0.8603427558,0.2783636582,7.522408774e-05,7.409839868e-05,0.773164273,0.1109407531,0.1158949739,0.03297460994,0.03345442145
25.312,11.84388662,-0.8297793672,0.2321765009,0.1728229913,0.2121726425,0.8616494216,0.2736512681,7.355068768e-05,7.211367734e-05,0.7755795208,0.1085081676,0.1159123116,0.0331397896,0.03362314589
25.336,11.83266727,-0.8323726463,0.2275790723,0.1703910343,0.208027146,0.8629232042,0.2689022091,7.196958636e-05,7.025945315e-05,0.7779396453,0.1060982679,0.1159620868,0.03330318368,0.03378986495
25.36,11.82146916,-0.8349111148,0.2229411459,0.1679119777,0.2038486073,0.8641639451,0.264099767,7.047361675e-05,6.852528463e-05,0.780244133,0.1037032944,0.1160525726,0.03346480392,0.03395460279
25.384,11.81029223,-0.8373941648,0.2182632573,0.1653956344,0.1996166213,0.8653715022,0.2592344718,6.905593503e-05,6.690127076e-05,0.782492518,0.1013199162,0.1161875658,0.03362467644,0.03411740033
25.408,11.79913641,-0.8398212109,0.2135459518,0.1628552201,0.1953159055,0.8665457517,0.254303216,6.771007525e-05,6.537815261e-05,0.7846843857,0.09894844398,0.1163671704,0.03378284121,0.03427831406
25.432,11.78800165,-0.8421916928,0.20878978,0.1603053927,0.1909361513,0.8676865907,0.2493079076,6.642996928e-05,6.394734883e-05,0.7868193754,0.09659185166,0.1165887729,0.03393935139,0.03443741476
25.456,11.77688788,-0.8445050785,0.2039952927,0.1577608111,0.1864713697,0.8687939382,0.2442540588,6.520994462e-05,6.260095022e-05,0.788897184,0.09425483555,0.1168479804,0.03409427271,0.03459478639
25.48,11.76579505,-0.8467608672,0.1991630356,0.155235213,0.1819190314,0.8698677376,0.2391495459,6.404470824e-05,6.133169012e-05,0.7909175679,0.09194303398,0.1171393981,0.03424768287,0.03475052489
25.504,11.7547231,-0.8489585917,0.1942935425,0.1527409194,0.1772792028,0.8709079579,0.2340036414,6.292932198e-05,6.013290124e-05,0.792880346,0.08966244503,0.117457209,0.03439967095,0.03490473721
25.528,11.74367197,-0.8510978207,0.1893873281,0.1502886429,0.1725537868,0.8719145946,0.2288263218,6.185917334e-05,5.899846592e-05,0.7947854011,0.08741902944,0.1177955694,0.03455033696,0.03505754042
25.552,11.73264159,-0.8531781604,0.1844448798,0.1478874885,0.1677459087,0.8728876715,0.2236278139,6.082994386e-05,5.792276398e-05,0.7966326822,0.08521846349,0.1181488543,0.03469979138,0.03520906101
25.576,11.72163192,-0.8551992564,0.1794666485,0.1455450624,0.1628594467,0.8738272404,0.2184183247,5.983757669e-05,5.690062088e-05,0.7984222045,0.08306600212,0.1185117934,0.03484815486,0.0353594343
25.6,11.71064289,-0.8571607939,0.1744530378,0.1432676303,0.1578986893,0.8747333817,0.2132079032,5.887824405e-05,5.592725754e-05,0.8001540504,0.08096641716,0.1188795325,0.03499555791,0.03550880406
25.624,11.69967445,-0.8590624981,0.1694043925,0.1410602876,0.1528680914,0.8756062036,0.2080063896,5.794831519e-05,5.499824263e-05,0.801828368,0.07892398326,0.1192476488,0.03514214073,0.03565732213
25.648,11.68872653,-0.8609041333,0.1643209854,0.1389271217,0.147772107,0.8764458414,0.2028234226,5.704432486e-05,5.410944754e-05,0.8034453693,0.07694249181,0.1196121389,0.03528805307,0.03580514812
25.672,11.67779908,-0.8626855008,0.159203003,0.1368713576,0.1426150737,0.8772524548,0.1976684795,5.616294218e-05,5.325700399e-05,0.8050053266,0.07502527975,0.1199693936,0.03543345402,0.03595244912
25.696,11.66689205,-0.8644064361,0.1540505286,0.1348954818,0.137401134,0.8780262252,0.1925509352,5.530093978e-05,5.243726408e-05,0.806508567,0.07317526491,0.1203161681,0.03557851189,0.03609939951
25.72,11.65600537,-0.8660668036,0.1488635247,0.1330013462,0.13213418,0.8787673511,0.1874801312,5.445516264e-05,5.164676226e-05,0.8079554642,0.07139498291,0.1206495529,0.03572340397,0.03624618064
25.744,11.64513898,-0.8676664904,0.1436418126,0.1311902541,0.1268178111,0.8794760422,0.1824654487,5.362249618e-05,5.088217885e-05,0.8093464278,0.06968662307,0.1209669491,0.03586831617,0.03639298049
25.768,11.63429284,-0.8692053966,0.1383850499,0.1294630313,0.1214552999,0.8801525115,0.1775163833,5.27998328e-05,5.014030442e-05,0.8106818887,0.06805206194,0.1212660494,0.03601344241,0.03653999308
25.792,11.62346689,-0.870683424,0.1330927061,0.1278200854,0.1160495588,0.8807969648,0.1726426203,5.198403597e-05,4.941800443e-05,0.8119622798,0.06649289437,0.1215448258,0.03615898386,0.03668741759
25.816,11.61266106,-0.8721004603,0.1277640349,0.1262614575,0.1106031065,0.8814095878,0.1678541117,5.117190076e-05,4.871218317e-05,0.8131880117,0.06501046228,0.121801526,0.03630514764,0.0368354571
25.84,11.60187531,-0.8734563595,0.1223980442,0.1247868681,0.1051180302,0.8819905289,0.1631611557,5.036010919e-05,4.801974626e-05,0.8143594408,0.06360588178,0.1220346774,0.03645214512,0.03698431675
25.864,11.59110957,-0.8747509174,0.116993463,0.123395762,0.0995959428,0.8825398789,0.1585744806,4.954517853e-05,4.733756034e-05,0.8154768298,0.06228006946,0.1222431007,0.03660018951,0.03713420133
25.888,11.5803638,-0.8759838403,0.1115487054,0.1220873536,0.09403793282,0.8830576437,0.1541053364,4.872339984e-05,4.66624087e-05,0.8165402972,0.06103376881,0.122425934,0.03674949264,0.03728531192
25.912,11.56963793,-0.8771547068,0.1060618316,0.1208606762,0.08844450742,0.8835437125,0.1497655967,4.789076339e-05,4.599094095e-05,0.8175497548,0.05986757776,0.1225826674,0.03690026064,0.03743784169
25.936,11.55893191,-0.87826292,0.1005305061,0.1197146394,0.08281552619,0.8839978164,0.1455678751,4.704286632e-05,4.531961468e-05,0.81850483,0.05878197771,0.1227131923,0.03705268843,0.03759196938
25.96,11.54824569,-0.8793076488,0.09495195377,0.1186480966,0.0771501263,0.884419479,0.1415256613,4.617479615e-05,4.464462612e-05,0.8194047697,0.05777736401,0.1228178663,0.03720695275,0.03774784921
25.984,11.5375792,-0.8802877564,0.0893229142,0.1176599284,0.07144663834,0.8848079549,0.1376534812,4.528098191e-05,4.396182669e-05,0.8202483219,0.05685409248,0.1228975856,0.03736320282,0.03790560965
26.008,11.52693241,-0.881201713,0.08363959639,0.1167491469,0.06570249335,0.8851621553,0.133967089,4.435500158e-05,4.326662154e-05,0.821033588,0.05601252288,0.1229538891,0.03752154486,0.03806534007
26.032,11.51630524,-0.8820474911,0.0778976353,0.1159150252,0.05991412235,0.8854805578,0.1304836968,4.338933186e-05,4.255384669e-05,0.8217578627,0.05525306928,0.122989068,0.03768204263,0.03822707235
26.056,11.50569765,-0.8828224398,0.07209205407,0.1151572617,0.05407685089,0.885761099,0.1272222494,4.237502347e-05,4.181762363e-05,0.8224174125,0.05457627168,0.1230063158,0.03784468627,0.0383907692
26.08,11.49510959,-0.8835231382,0.06621723655,0.114476186,0.04818479383,0.8860010486,0.12420375,4.130128787e-05,4.105119912e-05,0.8230072424,0.05398288164,0.1230098759,0.03800938257,0.03855630845
26.104,11.48454099,-0.884145227,0.06026691718,0.1138730151,0.04223075883,0.8861968651,0.1214516387,4.015499875e-05,4.024680152e-05,0.8235208228,0.05347396972,0.1230052075,0.03817593739,0.03872346755
26.128,11.47399181,-0.8846832232,0.0542341977,0.1133501696,0.03620617278,0.886344038,0.1189922178,3.892017953e-05,3.93956126e-05,0.8239497967,0.05305106206,0.1229991412,0.0383440416,0.03889191262
26.152,11.46346199,-0.8851303309,0.04811160382,0.112911653,0.03010105402,0.886436929,0.1168551019,3.757777007e-05,3.848813696e-05,0.8242836962,0.05271631569,0.1229999881,0.03851326576,0.03906119938
26.176,11.45295148,-0.8854782795,0.04189119976,0.1125634885,0.02390406657,0.8864686436,0.1150736431,3.610668348e-05,3.751577767e-05,0.8245097436,0.05247274576,0.1230175107,0.03868308622,0.03923080102
26.2,11.44246023,-0.8857172644,0.03556478672,0.1123141783,0.01760271585,0.8864310049,0.1136852244,3.448957771e-05,3.647602742e-05,0.8246128886,0.05232452785,0.1230625835,0.03885296093,0.03940019627
26.224,11.43198818,-0.8858361853,0.029124238,0.1121750721,0.01118379638,0.8863148246,0.1127312029,3.273561431e-05,3.538906174e-05,0.8245765078,0.05227742703,0.1231460652,0.03902253831,0.03956910167
26.248,11.42153528,-0.8858238348,0.02256215822,0.1121602607,0.00463438034,0.8861111201,0.1122559645,3.096977394e-05,3.43545808e-05,0.8243851946,0.05233953524,0.1232752702,0.03919227636,0.0397381325
26.272,11.41110148,-0.8856744431,0.01587410878,0.1122841322,-0.002055225119,0.885816689,0.1123029398,2.983949744e-05,3.378761663e-05,0.824037091,0.05252335455,0.1234395544,0.03936588365,0.03991140311
26.296,11.40068672,-0.8854427561,0.00908338753,0.1125336564,-0.008866023486,0.8854893462,0.1128823733,3.368394651e-05,3.625507218e-05,0.8236644281,0.05286298362,0.1234725883,0.03957304477,0.04012055211
26.31078971,11.39427821,-0.8824223212,0.007217970604,0.1153311169,-0.01193898225,0.8824518412,0.115947427,0.0005875999531,0.0006114857682,0.8178698844,0.05317276029,0.1289573553,0.03914828705,0.03972858055
26.32,11.39029096,-0.884466666,0.001948812348,0.1132717825,-0.01607121063,0.884468813,0.1144062084,1.760122161e-05,2.765392912e-05,0.8218270384,0.0531629485,0.125010013,0.03954195695,0.04007416721
26.344,11.37991414,-0.8839637941,-0.005152156221,0.1138690761,-0.02320480494,0.8839788086,0.1162094207,5.053130184e-05,4.817435111e-05,0.8212154861,0.05384096826,0.1249435457,0.03979694949,0.04033633647
26.368,11.3695562,-0.8831200403,-0.01248957564,0.114770644,-0.03058858988,0.8832083531,0.1187769446,0.0001252822864,0.0001047461601,0.8200594096,0.05465243362,0.1252881568,0.04000239885,0.04054446009
26.392,11.35921711,-0.8821173822,-0.02011173158,0.1158629743,-0.03821572891,0.88234662,0.1220027489,0.0001612682795,0.000159431158,0.8187810029,0.05567590372,0.1255430934,0.04024541905,0.04079120755
26.416,11.3488968,-0.8810182251,-0.02822725207,0.1170491949,-0.04623537533,0.8814703005,0.1258500058,0.0001189589937,0.0001180018523,0.8175640947,0.05696357383,0.1254723315,0.04057418981,0.04112533595
26.44,11.33859523,-0.8797681825,-0.03736136629,0.1182300751,-0.05514742316,0.8805611431,0.1304591467,0.0001014325713,9.92366437e-05,0.8164341941,0.05862257426,0.1249432316,0.04104625714,0.04160297547
26.464,11.32831235,-0.8776032046,-0.04848918019,0.1199348052,-0.06627148838,0.8789417417,0.1370265217,0.0001021366868,9.954939264e-05,0.8141884668,0.06098219707,0.1248293362,0.04164987095,0.0422059195
26.488,11.3180481,-0.8732404468,-0.06237095064,0.124711481,-0.0804817225,0.875465027,0.148425945,0.0001466112044,0.0001418422554,0.8087893075,0.06493301445,0.126277678,0.04235027254,0.04290273318
26.49816,11.3137085,-0.8663508681,-0.07326235868,0.1301963404,-0.0926482556,0.86944304,0.1597960773,0.0004487190521,0.000453572694,0.7987987895,0.06916025191,0.1320409586,0.04286738837,0.04362525988
26.512,11.30780243,-0.8527453123,-0.0723125155,0.1451571311,-0.09050397571,0.8558058586,0.1710601132,0.0001110793838,0.0001117665809,0.7899917436,0.08762122567,0.1223870307,0.05758806369,0.05835965085
26.536,11.29757529,-0.8430952751,-0.0705550658,0.1547838432,-0.08882595748,0.8460423513,0.1784603285,6.611307953e-05,7.000402183e-05,0.7812210234,0.09813770337,0.1206412732,0.06543335874,0.06628960963
26.56,11.28736664,-0.8370438229,-0.07012377029,0.1608466569,-0.08843622497,0.8399760143,0.1835554765,2.581061941e-05,2.632718952e-05,0.7760027191,0.1051319372,0.1188653437,0.07044301385,0.07143932362
26.584,11.27717642,-0.8321674034,-0.07068506303,0.1657805332,-0.08898309625,0.835164035,0.188152004,2.921596591e-05,3.035667451e-05,0.7722556602,0.1112475031,0.1164968367,0.07475669404,0.07584632557
26.608,11.26700459,-0.8277019792,-0.07154423861,0.1702255727,-0.08977140743,0.8307882669,0.1924464891,3.502259773e-05,3.649481742e-05,0.7681984752,0.1160431852,0.1157583395,0.07798932951,0.07900753272
26.632,11.25685108,-0.8236140646,-0.07233854493,0.1741970135,-0.09053544458,0.8267847317,0.1963192966,4.196468028e-05,4.355333686e-05,0.7638793221,0.1197498324,0.1163708456,0.08030632779,0.08120856424
26.656,11.24671586,-0.8200128979,-0.07301374107,0.1776476229,-0.09127906352,0.8232570431,0.199726176,5.125094359e-05,5.277776931e-05,0.7598816249,0.1228691191,0.117249256,0.08212946323,0.08297857089
26.68,11.23659888,-0.8169575108,-0.07367812668,0.1805960317,-0.0921036568,0.8202731501,0.202726442,6.45570825e-05,6.583894206e-05,0.7566105171,0.1257425616,0.1176469212,0.08376247222,0.08464454703
26.704,11.22650007,-0.8144076666,-0.07448870426,0.1831314396,-0.093110634,0.8178070765,0.2054427276,8.438461256e-05,8.51749368e-05,0.7541438366,0.1285181477,0.1173380156,0.0853354151,0.08631142615
26.728,11.21641941,-0.8122355597,-0.07557162873,0.1853827126,-0.09435491728,0.8157436334,0.2080134624,0.0001144664151,0.0001142940527,0.7523105034,0.1312374529,0.1164520437,0.08687281482,0.08796783929
26.752,11.20635683,-0.8102685328,-0.07697718514,0.1874809797,-0.09583258755,0.8139168154,0.2105540372,0.0001573912473,0.0001552679587,0.7508362569,0.1339210714,0.1152426717,0.08837564975,0.08958804477
26.776,11.19631229,-0.808341609,-0.07867071848,0.1895289976,-0.0974913238,0.8121608454,0.2131332896,0.0001982401162,0.0001935377269,0.7494802651,0.1365821708,0.1139375641,0.08987498705,0.09115633422
26.8,11.18628575,-0.8063403763,-0.08055445309,0.1915843093,-0.09925363508,0.8103541339,0.2157680043,0.0001977067832,0.0001932583436,0.7478764533,0.1390170589,0.1131064878,0.0912025918,0.09246118988
26.824,11.17627714,-0.804220686,-0.08250661625,0.1936584036,-0.1010427745,0.8084418677,0.2184335587,0.0001660669661,0.0001636915073,0.7457619276,0.1411152163,0.1131228561,0.09218364662,0.09340196995
26.848,11.16628643,-0.8020024797,-0.08442018678,0.19572887,-0.1028023823,0.8064333484,0.2210839668,0.0001357587596,0.0001347772372,0.7433167207,0.1429899989,0.1136932804,0.09298195693,0.09411186032
26.872,11.15631356,-0.7997459877,-0.08622738389,0.1977574994,-0.1045048971,0.8043810083,0.2236723096,0.0001136924904,0.0001135006814,0.7406900254,0.1447059545,0.1146040202,0.09366120589,0.09467663952
26.896,11.14635849,-0.7975235706,-0.08790541984,0.1997067424,-0.1061492496,0.8023535434,0.2261646439,9.80187049e-05,9.833449434e-05,0.7380162653,0.1462998644,0.1156838703,0.09424504717,0.09514940857
26.92,11.13642117,-0.7953979697,-0.08946791144,0.201549909,-0.1077522618,0.8004139163,0.228545216,8.657675093e-05,8.72695679e-05,0.7354219183,0.1478073611,0.1167707206,0.09475947334,0.09557443775
26.944,11.12650156,-0.7934112501,-0.090950114,0.203274502,-0.1093388282,0.7986071218,0.2308148663,7.792926803e-05,7.893252947e-05,0.7330051425,0.1492629492,0.1177319083,0.09523180136,0.09598744042
26.968,11.1165996,-0.7915831051,-0.09239485209,0.2048807182,-0.1109342039,0.7969571011,0.2329860646,7.11842776e-05,7.246016462e-05,0.7308254392,0.1506956394,0.1184789214,0.0956848132,0.09641312784
26.992,11.10671525,-0.7899147343,-0.09384258983,0.2063777515,-0.1125594737,0.795469496,0.2350774584,6.578283306e-05,6.730773658e-05,0.7289053383,0.1521265904,0.1189680712,0.09613361494,0.09686517449
27.016,11.09684846,-0.7883947019,-0.09532612382,0.2077798654,-0.1142297835,0.7941368118,0.2371095019,6.136490227e-05,6.312293755e-05,0.7272388741,0.1535689216,0.1191922042,0.09658559451,0.09734800175
27.04,11.08699919,-0.7870044969,-0.09686885141,0.2091032321,-0.1159543696,0.7929436629,0.239101605,5.76916153e-05,5.967148017e-05,0.7258017175,0.1550287205,0.1191695619,0.09704206165,0.09785913946
27.064,11.07716738,-0.785722806,-0.09848521937,0.2103638015,-0.1177374886,0.7918709909,0.2410706229,5.460016677e-05,5.679348672e-05,0.7245599412,0.1565065019,0.1189335568,0.09750027202,0.09839145351
27.088,11.067353,-0.7845283464,-0.1001822069,0.211576082,-0.1195796296,0.7908989828,0.2430302991,5.197704774e-05,5.437742722e-05,0.7234763898,0.1579987357,0.1185248745,0.09795518613,0.09893500644
27.112,11.05755599,-0.7834014955,-0.1019611006,0.2127525869,-0.1214786726,0.7900088412,0.2449912878,4.974169759e-05,5.234412589e-05,0.7225147626,0.1594992769,0.1179859605,0.09840079095,0.09947854301
27.136,11.04777631,-0.782325058,-0.1038191625,0.2139037067,-0.1234308458,0.7891837016,0.2469614735,4.783623557e-05,5.063667786e-05,0.7216419365,0.161000626,0.1173574375,0.09883101933,0.100010654
27.16,11.03801392,-0.7812844842,-0.105751024,0.215037822,-0.1254314542,0.7884089829,0.2489464091,4.621884612e-05,4.921393245e-05,0.7208290804,0.1624949845,0.1166759351,0.09924035394,0.1005206675
27.184,11.02826876,-0.7802677731,-0.1077497686,0.2161615325,-0.127475398,0.7876724004,0.2509497663,4.48594273e-05,4.804619142e-05,0.7200520073,0.1639750873,0.1159729054,0.09962419492,0.1009992998
27.208,11.0185408,-0.7792652189,-0.109807728,0.217279925,-0.1295575232,0.7869637975,0.2529737489,4.37366833e-05,4.711232244e-05,0.7192910719,0.1654348078,0.1152741203,0.09997905143,0.1014390879
27.232,11.00882998,-0.7782690998,-0.1119170427,0.2183968391,-0.1316728443,0.7862748986,0.2550194449,4.283616648e-05,4.639780365e-05,0.7185308196,0.1668695412,0.1145996393,0.1003026016,0.1018346218
27.256,10.99913626,-0.7772733633,-0.1140700363,0.2195151075,-0.1338166766,0.7855990418,0.2570871163,4.214896399e-05,4.589339945e-05,0.7177595116,0.168276387,0.1139641015,0.1005936553,0.1021825995
27.28,10.9894596,-0.7762733373,-0.1162594534,0.2206367648,-0.1359847057,0.7849309235,0.2591764306,4.167083753e-05,4.559427943e-05,0.7169686035,0.1696541586,0.113377238,0.1008520471,0.1024817343
27.304,10.97979996,-0.7752654764,-0.1184785966,0.2217632217,-0.1381730145,0.7842663685,0.2612866404,4.140169587e-05,4.549946128e-05,0.7161522232,0.1710032571,0.1128445196,0.1010784847,0.1027325466
27.328,10.97015727,-0.7742471486,-0.1207213929,0.2228954085,-0.1403780847,0.7836021323,0.2634167227,4.134532469e-05,4.561150326e-05,0.7153066752,0.1723254495,0.1123678753,0.1012743717,0.1029370777
27.352,10.96053152,-0.7732164559,-0.1229824138,0.2240338911,-0.1425967801,0.7829357328,0.2655654835,4.150932937e-05,4.59364013e-05,0.7144299864,0.1736235883,0.1119464254,0.1014416229,0.1030985601
27.376,10.95092263,-0.7721720887,-0.1252568622,0.2251789633,-0.1448263229,0.7822653105,0.2677316368,4.190526836e-05,4.648366751e-05,0.7135215028,0.1749013078,0.1115771894,0.101582485,0.1032210763
27.4,10.94133058,-0.7711132057,-0.1275405412,0.2263307205,-0.1470642635,0.7815895122,0.2699138615,4.254897221e-05,4.726658297e-05,0.7125815407,0.1761627248,0.1112557345,0.1016993732,0.1033092299
27.424,10.93175532,-0.7700393368,-0.1298298108,0.2274891171,-0.1493084501,0.7809073953,0.2721108445,4.346105962e-05,4.830263223e-05,0.7116110919,0.1774121622,0.1109767459,0.1017947301,0.1033678481
27.448,10.92219681,-0.7689503034,-0.13212154,0.2286540119,-0.1515569982,0.7802183479,0.2743213095,4.466767761e-05,4.961414131e-05,0.7106115826,0.1786539108,0.1107345065,0.1018709103,0.1034017275
27.472,10.91265499,-0.7678461541,-0.1344130572,0.2298252028,-0.1538082615,0.7795220242,0.2765440383,4.62015118e-05,5.122915654e-05,0.7095846808,0.1798920351,0.1105232841,0.1019300924,0.1034154273
27.496,10.90312984,-0.7667271121,-0.1367021009,0.2310024539,-0.1560608052,0.77881829,0.2787778841,4.81031354e-05,5.31826218e-05,0.7085321482,0.1811302242,0.1103376276,0.101974217,0.1034131127
27.52,10.89362129,-0.7655935324,-0.138986774,0.2321855163,-0.1583133818,0.7781071778,0.28102178,5.04227957e-05,5.551793658e-05,0.7074557308,0.1823716884,0.1101725808,0.1020049481,0.1033984445
27.544,10.88412932,-0.7644458663,-0.141265501,0.2333741429,-0.1605649086,0.7773888501,0.2832747438,5.322277585e-05,5.828901266e-05,0.7063570829,0.1836190953,0.1100238218,0.1020236558,0.1033745115
27.568,10.87465387,-0.7632846335,-0.1435369884,0.2345681009,-0.1628144482,0.7766635686,0.2855358796,5.658052352e-05,6.156299429e-05,0.7052377183,0.1848745416,0.1098877402,0.1020314163,0.1033437992
27.592,10.86519491,-0.7621103983,-0.1458001902,0.2357671792,-0.1650611913,0.7759316688,0.2878043774,6.059280804e-05,6.542387319e-05,0.7040989834,0.1861395535,0.109761463,0.1020290251,0.1033081896
27.616,10.85575239,-0.760923751,-0.1480542757,0.2369711948,-0.167304441,0.7751935393,0.2900795118,6.538125874e-05,6.997732037e-05,0.7029420482,0.1874151122,0.1096428396,0.1020170206,0.1032689842
27.64,10.84632627,-0.7597252923,-0.1502986018,0.2381799969,-0.1695435993,0.7744496042,0.2923606386,7.109974407e-05,7.535717922e-05,0.7017679094,0.1887016959,0.1095303947,0.1019957149,0.1032269473
27.664,10.8369165,-0.758515621,-0.1525326885,0.2393934687,-0.1717781554,0.7737003092,0.2946471916,7.794415085e-05,8.173421894e-05,0.7005774035,0.1899993365,0.10942326,0.101965229,0.1031823623
27.688,10.82752304,-0.7572953243,-0.1547561962,0.240611529,-0.174007675,0.7729461097,0.2969386786,8.61651344e-05,8.932791654e-05,0.6993712259,0.191307684,0.10932109,0.10192553,0.1031350972
27.712,10.81814586,-0.7560649695,-0.1569689073,0.2418341325,-0.1762317912,0.7721874617,0.2992346769,9.608410367e-05,9.8422138e-05,0.6981499536,0.1926260776,0.1092239688,0.1018764684,0.1030846761
27.736,10.8087849,-0.7548250981,-0.1591707087,0.2430612692,-0.1784501965,0.7714248137,0.3015348291,0.0001081114621,0.0001093853649,0.6969140695,0.1939536171,0.1091323134,0.1018178146,0.103030352
27.76,10.79944013,-0.7535762209,-0.161361577,0.2442929633,-0.1806626357,0.770658601,0.3038388386,0.000122762367,0.0001226948127,0.6956639872,0.1952892346,0.1090467781,0.1017492929,0.1029711798
27.784,10.7901115,-0.7523188146,-0.1635415655,0.245529272,-0.1828688998,0.7698892404,0.3061464648,0.000140655157,0.000138959359,0.6944000749,0.1966317629,0.1089681622,0.1016706126,0.1029060857
27.808,10.78079898,-0.751053319,-0.1657107924,0.2467702837,-0.1850688203,0.7691171267,0.3084575192,0.0001624526693,0.0001589232907,0.6931226768,0.1979799989,0.1088973243,0.1015814958,0.1028339325
27.832,10.77150252,-0.749780135,-0.1678694306,0.2480161158,-0.1872622645,0.7683426297,0.3107718607,0.000188652677,0.0001833987173,0.6918321326,0.1993327626,0.1088351049,0.1014817003,0.1027535795
27.856,10.76222207,-0.7484996241,-0.1700176988,0.2492669129,-0.189449131,0.7675660917,0.3130893916,0.0002190483454,0.0002129948366,0.6905287938,0.2006889473,0.1087822589,0.1013710406,0.1026639348
27.88,10.7529576,-0.747212107,-0.1721558533,0.2505228446,-0.1916293462,0.7667878264,0.3154100537,0.0002516771531,0.0002473751732,0.6892130367,0.2020475622,0.1087394011,0.1012494026,0.1025639991
27.904,10.74370907,-0.7459178641,-0.1742841813,0.2517841026,-0.1938028606,0.7660081174,0.3177338243,0.000281634772,0.0002837571529,0.6878852715,0.2034077642,0.1087069643,0.1011167563,0.1024529006
27.928,10.73447644,-0.7446171354,-0.1764029941,0.2530508993,-0.1959696456,0.7652272176,0.3200607124,0.000301693664,0.0003153063621,0.686545949,0.2047688832,0.1086851678,0.1009731634,0.1023299241
27.952,10.72525966,-0.7433101211,-0.1785126216,0.254323465,-0.1981296911,0.7644453494,0.3223907557,0.0003066600654,0.0003326564116,0.6851955654,0.2061304452,0.1086739894,0.1008187791,0.1021945352
27.976,10.71605869,-0.7419969827,-0.1806134077,0.2556020456,-0.2002830026,0.7636627039,0.3247240164,0.0002976872637,0.0003308380923,0.6838346572,0.2074922134,0.1086731294,0.1006538433,0.1020464171
28,10.7068735,-0.7406778435,-0.1827057052,0.2568869007,-0.202429599,0.7628794417,0.327060579,0.0002805588715,0.0003138988835,0.682463799,0.2088543581,0.1086818429,0.1004786777,0.1018856373
28.024,10.69770404,-0.7393527904,-0.1847898724,0.2581783013,-0.2045695106,0.7620956932,0.3294005463,0.0002609177339,0.0002901341405,0.6810836269,0.210216898,0.1086994752,0.1002937132,0.1017120939
28.048,10.68855027,-0.7380218746,-0.1868662689,0.2594765277,-0.2067027769,0.761311559,0.3317440374,0.0002420861814,0.0002658455261,0.6796948177,0.2115787043,0.108726478,0.1000994692,0.1015245273
28.072,10.67941215,-0.7366851136,-0.1889352531,0.2607818676,-0.208829445,0.760527111,0.3340911845,0.0002254236072,0.0002439907254,0.6782980589,0.2129421167,0.1087598243,0.09989652163,0.1013251376
28.096,10.67028965,-0.7353424924,-0.1909971785,0.2620946145,-0.2109495678,0.7597423927,0.3364421304,0.0002112252498,0.0002254017861,0.6768940452,0.2143074256,0.1087985292,0.09968549721,0.1011140677
28.12,10.66118272,-0.7339939651,-0.1930523916,0.2634150653,-0.2130632025,0.7589574209,0.3387970261,0.0001993374212,0.000209974183,0.6754834711,0.2156753522,0.1088411767,0.09946706462,0.1008918832
28.144,10.65209132,-0.7326394567,-0.1951012296,0.2647435195,-0.2151704092,0.7581721858,0.3411560289,0.0001894642636,0.0001972986896,0.6740670211,0.2170468238,0.1088861551,0.09924192195,0.1006593488
28.168,10.64301541,-0.7312788646,-0.197144018,0.2660802766,-0.2172712493,0.7573866527,0.3435192998,0.0001812970767,0.0001869245488,0.6726453578,0.2184228866,0.1089317556,0.09901078325,0.1004173423
28.192,10.63395495,-0.7299120606,-0.199181069,0.2674256355,-0.2193657845,0.7566007629,0.3458870016,0.0001745605119,0.0001784498853,0.6712191105,0.2198046705,0.108976219,0.09877436563,0.1001668207
28.216,10.62490991,-0.7285388922,-0.2012126794,0.2687798928,-0.2214540754,0.7558144348,0.3482592975,0.0001690238608,0.0001715426794,0.6697888654,0.2211933627,0.1090177719,0.09853337698,0.099908795
28.24,10.61588024,-0.727159185,-0.2032391297,0.2701433416,-0.2235361806,0.7550275652,0.3506363487,0.0001644991429,0.0001659371468,0.6683551561,0.2225901844,0.1090546595,0.09828850488,0.09964430783
28.264,10.60686591,-0.7257727437,-0.2052606822,0.27151627,-0.2256121556,0.7542400302,0.3530183134,0.0001608350894,0.0001614232267,0.6669184558,0.2239963681,0.1090851761,0.09804040672,0.09937441243
28.288,10.59786687,-0.7243793545,-0.2072775801,0.2728989605,-0.2276820515,0.7534516869,0.3554053449,0.0001579105928,0.0001578355964,0.6654791706,0.2254131374,0.1091076919,0.09778970117,0.09910015331
28.312,10.58888309,-0.7229787865,-0.2092900464,0.2742916889,-0.2297459146,0.7526623741,0.3577975906,0.0001556288625,0.0001550442084,0.6640376347,0.2268416885,0.1091206768,0.09753696113,0.09882254859
28.336,10.57991453,-0.7215707936,-0.2112982829,0.2756947231,-0.2318037852,0.7518719137,0.3601951904,0.0001539125987,0.0001529467098,0.6625941063,0.2282831729,0.1091227208,0.09728270804,0.09854257429
28.36,10.57096114,-0.7201551162,-0.2133024695,0.2771083224,-0.2338556972,0.7510801122,0.3625982756,0.0001527001448,0.0001514625625,0.6611487659,0.229738683,0.1091125511,0.09702740766,0.09826115056
28.384,10.5620229,-0.718731483,-0.2153027635,0.2785327372,-0.2359016769,0.7502867616,0.3650069682,0.0001519424754,0.0001505285482,0.6597017149,0.2312092396,0.1090890456,0.09677146711,0.09797913005
28.408,10.55309976,-0.7172996126,-0.2172992992,0.2799682076,-0.2379417426,0.7494916408,0.3674213795,0.0001516008581,0.000150095356,0.6582529757,0.232695781,0.1090512433,0.09651523313,0.09769728829
28.432,10.54419169,-0.7158592152,-0.2192921869,0.2814149632,-0.2399759043,0.7486945166,0.3698416096,0.0001516450488,0.0001501249998,0.6568024938,0.2341991549,0.1089983514,0.09625899153,0.09741631617
28.456,10.53529864,-0.7144099946,-0.2212815133,0.2828732226,-0.2420041627,0.7478951454,0.3722677461,0.000152051905,0.0001505888711,0.6553501392,0.2357201119,0.108929749,0.0960029675,0.09713681438
28.48,10.52642058,-0.7129516494,-0.2232673409,0.2843431927,-0.2440265089,0.7470932739,0.3746998642,0.0001528043264,0.0001514662791,0.6538957102,0.2372593009,0.1088449889,0.09574732691,0.09685928972
28.504,10.51755747,-0.7114838749,-0.2252497075,0.2858250685,-0.2460429241,0.7462886405,0.3771380255,0.000153890455,0.0001527433695,0.652438937,0.2388172669,0.1087437961,0.09549217835,0.09658415324
28.528,10.50870927,-0.7100063647,-0.2272286267,0.2873190325,-0.2480533793,0.7454809767,0.3795822775,0.0001553030813,0.0001544123417,0.6509794866,0.2403944492,0.1086260642,0.09523757584,0.09631171992
28.552,10.49987595,-0.7085188121,-0.2292040876,0.2888252545,-0.2500578346,0.7446700081,0.3820326535,0.0001570392199,0.0001564709072,0.6495169676,0.2419911827,0.1084918497,0.09498352207,0.09604220985
28.576,10.49105746,-0.707020912,-0.231176055,0.2903438914,-0.2520562397,0.7438554553,0.3844891718,0.0001590998256,0.000158921949,0.6480509358,0.2436076992,0.1083413649,0.09472997213,0.09577575077
28.6,10.48225378,-0.7055123619,-0.2331444696,0.2918750866,-0.2540485327,0.7430370358,0.3869518357,0.0001614896317,0.0001617733549,0.6465809002,0.245244131,0.1081749689,0.09447683757,0.09551238166
28.624,10.47346485,-0.7039928639,-0.2351092481,0.2934189701,-0.2560346411,0.7422144643,0.3894206331,0.000164217096,0.000165038008,0.6451063287,0.2469005141,0.1079931573,0.09422399072,0.09525205738
28.648,10.46469066,-0.7024621258,-0.2370702838,0.2949756585,-0.2580144807,0.7413874544,0.3918955363,0.0001672944499,0.0001687339279,0.6436266548,0.248576794,0.1077965512,0.09397126926,0.09499465411
28.672,10.45593115,-0.7009198625,-0.2390274467,0.2965452544,-0.2599879564,0.7405557197,0.394376502,0.0001707378466,0.0001728845631,0.6421412839,0.2502728308,0.1075858853,0.09371848083,0.09473997552
28.696,10.4471863,-0.6993657977,-0.2409805843,0.2981278463,-0.2619549617,0.7397189744,0.3968634711,0.000174567612,0.0001775192429,0.6406495993,0.2519884055,0.1073619952,0.09346540776,0.09448775934
28.72,10.43845606,-0.6977996648,-0.2429295221,0.2997235091,-0.2639153788,0.7388769349,0.3993563686,0.0001788086062,0.0001826738074,0.6391509686,0.253723227,0.1071258044,0.0932118118,0.0942376845
28.744,10.4297404,-0.6962212082,-0.2448740639,0.3013323035,-0.2658690792,0.7380293205,0.4018551037,0.0001834907067,0.0001883914399,0.6376447504,0.2554769383,0.1068783114,0.09295743877,0.09398937841
28.768,10.42103928,-0.6946301849,-0.2468139929,0.3029542759,-0.2678159231,0.7371758548,0.4043595701,0.0001886494323,0.0001947237409,0.6361302995,0.2572491243,0.1066205762,0.09270202309,0.09374242445
28.792,10.41235267,-0.6930263651,-0.2487490723,0.3045894588,-0.2697557603,0.7363162661,0.4068696457,0.0001943267332,0.0002017320942,0.6346069738,0.2590393189,0.1063537073,0.09244529227,0.09349636958
28.816,10.40368052,-0.6914095339,-0.250679046,0.3062378707,-0.27168843,0.735450289,0.4093851932,0.0002005719782,0.0002094893929,0.633074139,0.2608470122,0.1060788489,0.09218697114,0.09325073185
28.84,10.39502282,-0.6897794916,-0.2526036397,0.3078995158,-0.2736137612,0.734577665,0.4119060599,0.0002074431842,0.000218082216,0.6315311748,0.2626716575,0.1057971677,0.09192678585,0.09300500783
28.864,10.3863795,-0.6881360557,-0.2545225614,0.3095743842,-0.2755315734,0.7336981432,0.414432078,0.0002150085426,0.0002276135754,0.6299774794,0.264512679,0.1055098417,0.09166446775,0.0927586799
28.888,10.37775055,-0.6864790606,-0.2564355031,0.3112624523,-0.2774416762,0.7328114818,0.4169630654,0.0002233483158,0.0002382063911,0.6284124746,0.2663694779,0.1052180475,0.09139975683,0.09251122329
28.912,10.36913593,-0.6848083596,-0.258342141,0.3129636824,-0.2793438703,0.7319174483,0.4194988252,0.0002325571956,0.0002500079012,0.6268356103,0.2682414397,0.10492295,0.09113240505,0.09226211284
28.936,10.3605356,-0.6831238249,-0.2602421371,0.3146780231,-0.2812379477,0.7310158206,0.4220391469,0.0002427472428,0.000263195281,0.6252463681,0.2701279402,0.1046256917,0.0908621792,0.09201082942
28.96,10.35194952,-0.6814253487,-0.2621351402,0.3164054092,-0.2831236924,0.7301063878,0.4245838058,0.0002540515606,0.0002779828255,0.6236442656,0.2720283515,0.1043273829,0.09058886354,0.09175686603
28.984,10.34337766,-0.6797128437,-0.2640207869,0.3181457621,-0.2850008803,0.7291889507,0.4271325645,0.0002666288905,0.0002946311537,0.6220288589,0.2739420479,0.1040290931,0.09031226203,0.09149973343
29.008,10.33481998,-0.6779862439,-0.2658987029,0.3198989895,-0.2868692804,0.7282633227,0.4296851726,0.0002806693675,0.0003134590084,0.6203997462,0.2758684112,0.1037318426,0.09003220026,0.09123896542
29.032,10.32627645,-0.6762455049,-0.2677685044,0.3216649863,-0.2887286549,0.7273293304,0.4322413672,0.0002964017143,0.0003348583266,0.6187565697,0.2778068352,0.1034365951,0.08974852699,0.09097412356
29.056,10.31774704,-0.6744906042,-0.2696297988,0.3234436339,-0.2905787599,0.726386814,0.434800874,0.0003141021816,0.0003593132889,0.6170990175,0.2797567307,0.1031442518,0.08946111535,0.09070480152
29.08,10.30923171,-0.6727215419,-0.2714821864,0.3252348011,-0.2924193461,0.7254356281,0.437363407,0.0003341055216,0.0003874238285,0.6154268258,0.2817175288,0.1028556454,0.08916986366,0.09043062887
29.104,10.30073042,-0.670938341,-0.2733252618,0.3270383439,-0.2942501591,0.7244756422,0.4399286698,0.0003568181217,0.0004199332077,0.6137397794,0.2836886852,0.1025715354,0.08887469597,0.09015127432
29.128,10.29224313,-0.669141047,-0.2751586146,0.3288541061,-0.2960709402,0.7235067408,0.4424963557,0.0003827329533,0.0004577567628,0.6120377126,0.2856696828,0.1022926046,0.0885755622,0.08986644848
29.152,10.28376983,-0.6673297288,-0.2769818314,0.3306819192,-0.2978814272,0.7225288242,0.4450661483,0.0004124448186,0.0005020025985,0.6103205099,0.2876600344,0.1020194556,0.08827243798,0.08957590608
29.176,10.27531046,-0.6655044783,-0.2787944964,0.3325216027,-0.2996813547,0.7215418089,0.4476377225,0.0004466616902,0.0005539600149,0.6085881057,0.289659285,0.1017526093,0.08796532421,0.08927944757
29.2,10.266865,-0.6636654106,-0.2805961935,0.3343729648,-0.3014704549,0.7205456273,0.4502107448,0.000486202079,0.0006149977744,0.6068404838,0.2916670132,0.1014925029,0.08765424637,0.08897692028
29.224,10.25843341,-0.6618126636,-0.2823865068,0.3362358022,-0.3032484584,0.7195402289,0.452784874,0.0005319561116,0.0006862445819,0.6050776774,0.293682832,0.1012394906,0.08733925347,0.08866821892
29.248,10.25001566,-0.6599463981,-0.2841650225,0.3381099007,-0.3050150946,0.7185255795,0.4553597621,0.0005847638097,0.0007678027459,0.6032997673,0.2957063881,0.1009938446,0.08702041694,0.08835328564
29.272,10.24161171,-0.6580667974,-0.28593133,0.3399950358,-0.3067700927,0.7175016622,0.4579350545,0.0006451211711,0.0008571270498,0.6015068806,0.2977373583,0.100755761,0.0866978292,0.08803210951
29.296,10.23322153,-0.656174067,-0.2876850229,0.3418909722,-0.3085131821,0.7164684771,0.4605103913,0.0007125662669,0.0009464469982,0.5996991885,0.2997754417,0.1005253698,0.08637160211,0.08770472553
29.32,10.22484509,-0.6542684343,-0.2894257009,0.3437974654,-0.3102440932,0.7154260412,0.4630854075,0.0007845815572,0.001020688756,0.5978769013,0.3018203496,0.1003027491,0.08604186532,0.08737121317
29.344,10.21648235,-0.652350148,-0.2911529702,0.3457142612,-0.3119625579,0.714374389,0.465659734,0.0008550932948,0.001060410425,0.5960402633,0.3038718068,0.1000879299,0.08570876447,0.08703169446
29.368,10.20813327,-0.6504194775,-0.2928664454,0.3476410962,-0.3136683106,0.7133135717,0.4682329985,0.0009135565462,0.001052918203,0.5941895455,0.3059295812,0.09988087329,0.08537245936,0.08668633171
29.392,10.19979784,-0.6484767124,-0.2945657503,0.3495776991,-0.3153610887,0.7122436576,0.4708048257,0.0009469567034,0.001002493292,0.5923250466,0.3079935137,0.09968143966,0.08503312206,0.08633532482
29.416,10.191476,-0.646522162,-0.2962505192,0.3515237899,-0.3170406329,0.711164732,0.4733748385,0.0009461039863,0.0009264106848,0.5904471062,0.3100635043,0.09948938949,0.08469093499,0.08597890836
29.44,10.18316773,-0.6445561541,-0.2979203979,0.3534790814,-0.3187066884,0.7100768967,0.4759426586,0.0009119132592,0.0008424445275,0.5885561199,0.3121394723,0.09930440788,0.08434608903,0.08561734829
29.464,10.174873,-0.6425790345,-0.2995750448,0.3554432794,-0.3203590054,0.7089802699,0.4785079072,0.000854622051,0.0007618482499,0.5866525351,0.3142213362,0.09912612864,0.08399878168,0.08525093859
29.488,10.16659177,-0.6405911663,-0.3012141318,0.3574160831,-0.3219973394,0.7078749858,0.4810702059,0.0007869633183,0.0006895703718,0.5847368301,0.3163090161,0.0989541538,0.08364921521,0.08487999759
29.512,10.158324,-0.6385929286,-0.3028373455,0.3593971857,-0.3236214519,0.7067611947,0.4836291774,0.0007186132057,0.0006267988252,0.5828094977,0.3184024385,0.09878806385,0.08329759493,0.08450486434
29.536,10.15006968,-0.636584716,-0.3044443879,0.3613862751,-0.3252311114,0.7056390621,0.4861844461,0.0006549169017,0.0005730044286,0.5808710423,0.3205015388,0.09862741887,0.0829441275,0.08412589483
29.56,10.14182876,-0.6345669369,-0.3060349775,0.3633830343,-0.3268260932,0.7045087684,0.488735639,0.0005980008851,0.0005270631922,0.5789219818,0.3226062608,0.09847175737,0.08258901938,0.08374345821
29.584,10.1336012,-0.6325400133,-0.3076088496,0.3653871423,-0.3284061807,0.7033705089,0.4912823865,0.0005481899407,0.0004877655277,0.5769628486,0.3247165543,0.09832059714,0.08223247529,0.08335793312
29.608,10.12538699,-0.6305043792,-0.3091657577,0.3673982742,-0.3299711652,0.7022244926,0.4938243228,0.0005049852234,0.0004540119176,0.5749941899,0.3268323719,0.09817343821,0.08187469689,0.082969704
29.632,10.11718608,-0.6284604795,-0.310705474,0.3694161025,-0.3315208471,0.7010709421,0.4963610872,0.000467598796,0.0004248680545,0.5730165659,0.328953667,0.09802976703,0.08151588142,0.08257915766
29.656,10.10899845,-0.626408769,-0.3122277895,0.371440297,-0.3330550357,0.6999100931,0.4988923241,0.0004352070352,0.0003995634189,0.5710305485,0.3310803906,0.09788906097,0.08115622058,0.08218667986
29.68,10.10082406,-0.6243497112,-0.3137325155,0.3734705261,-0.33457355,0.6987421936,0.5014176844,0.0004070549973,0.0003774705695,0.5690367183,0.3332124889,0.09775079286,0.0807958994,0.08179265219
29.704,10.09266287,-0.6222837769,-0.3152194833,0.375506457,-0.3360762188,0.6975675033,0.5039368255,0.0003824894147,0.0003580805491,0.5670356633,0.3353499015,0.09761443525,0.08043509532,0.08139744915
29.728,10.08451487,-0.6202114432,-0.3166885452,0.3775477567,-0.3375628815,0.6963862929,0.5064494126,0.0003609603906,0.0003409801578,0.5650279764,0.3374925592,0.09747946431,0.08007397721,0.08100143542
29.752,10.07638001,-0.6181331922,-0.3181395746,0.3795940923,-0.339033388,0.6951988436,0.5089551189,0.0003420110115,0.0003258327879,0.5630142538,0.3396403827,0.09734536349,0.07971270465,0.08060496344
29.776,10.06825826,-0.6160495096,-0.3195724665,0.381645132,-0.3404875991,0.6940054464,0.5114536264,0.0003252635779,0.0003123629129,0.5609950926,0.3417932807,0.0972116267,0.07935142716,0.08020837124
29.8,10.0601496,-0.6139608836,-0.3209871377,0.3837005457,-0.3419253869,0.6928064009,0.5139446263,0.0003104061114,0.0003003437755,0.5589710891,0.3439511497,0.09707776129,0.07899028352,0.07981198051
29.824,10.05205398,-0.6118678036,-0.3223835271,0.3857600055,-0.3433466347,0.6916020154,0.5164278201,0.0002971804725,0.0002895876975,0.5569428372,0.3461138722,0.09694329058,0.07862940123,0.07941609499
29.848,10.04397139,-0.6097707588,-0.3237615958,0.3878231865,-0.3447512376,0.6903926051,0.5189029194,0.000285372399,0.0002799384697,0.5549109266,0.3482813173,0.09680775615,0.07826889594,0.07902099909
29.872,10.03590178,-0.607670237,-0.3251213271,0.3898897676,-0.3461391023,0.6891784923,0.5213696472,0.0002748033594,0.0002712653694,0.5528759407,0.3504533394,0.09667071982,0.07790887095,0.07862695686
29.896,10.02784513,-0.6055667233,-0.326462727,0.3919594318,-0.3475101473,0.6879600049,0.5238277376,0.0002653239718,0.0002634584423,0.5508384555,0.3526297791,0.09653176531,0.07754941674,0.07823421109
29.92,10.0198014,-0.6034606986,-0.3277858236,0.3940318673,-0.348864303,0.686737476,0.5262769369,0.0002568087177,0.0002564247654,0.5487990375,0.3548104628,0.09639049969,0.07719061059,0.07784298278
29.944,10.01177057,-0.6013526388,-0.3290906677,0.3961067676,-0.3502015117,0.6855112426,0.5287170038,0.0002491517022,0.0002500854713,0.546758242,0.3569952034,0.0962465546,0.07683251611,0.07745347075
29.968,10.0037526,-0.5992430131,-0.3303773321,0.3981838328,-0.3515217275,0.6842816455,0.5311477098,0.0002422632506,0.0002443733662,0.5447166119,0.3591838009,0.09609958719,0.07647518291,0.07706585157
29.992,9.995747466,-0.5971322827,-0.3316459119,0.4002627695,-0.3528249165,0.6830490275,0.5335688394,0.0002360671689,0.0002392310124,0.5426746759,0.3613760432,0.09594928096,0.07611864619,0.07668027956
30.016,9.987755131,-0.5950208998,-0.3328965241,0.402343292,-0.3541110564,0.6818137334,0.5359801908,0.0002304985331,0.0002346091755,0.5406329466,0.3635717071,0.09579534629,0.0757629265,0.07629688711
30.04,9.979775566,-0.5929093062,-0.3341293075,0.4044251225,-0.3553801366,0.6805761085,0.5383815758,0.0002255018973,0.0002304655595,0.5385919197,0.3657705594,0.09563752089,0.07540802939,0.07591578508
30.064,9.971808741,-0.5907979318,-0.3353444224,0.4065079917,-0.3566321578,0.6793364982,0.5407728204,0.0002210298348,0.00022676377,0.536552072,0.367972358,0.09547556997,0.07505394531,0.07553706337
30.088,9.963854626,-0.5886871937,-0.3365420502,0.4085916395,-0.357867132,0.6780952467,0.5431537646,0.0002170417468,0.0002234724598,0.5345138602,0.3701768536,0.09530928622,0.07470064952,0.07516079164
30.112,9.955913191,-0.5865774947,-0.3377223932,0.4106758154,-0.3590850823,0.676852696,0.5455242631,0.0002135028833,0.0002205646177,0.5324777201,0.3723837904,0.09513848951,0.07434810232,0.07478702011
30.136,9.947984404,-0.5844692219,-0.3388856743,0.4127602789,-0.3602860426,0.6756091856,0.5478841852,0.0002103835357,0.0002180169743,0.5304440655,0.3745929084,0.09496302612,0.0739962496,0.07441578051
30.16,9.940068236,-0.5823627459,-0.3400321363,0.4148448003,-0.3614700569,0.6743650506,0.5502334145,0.0002076583669,0.0002158094982,0.5284132884,0.376803944,0.09478276756,0.07364502382,0.07404708703
30.184,9.932164657,-0.5802584187,-0.3411620417,0.4169291606,-0.3626371797,0.6731206216,0.5525718497,0.000205305852,0.0002139249649,0.5263857592,0.3790166323,0.09459760857,0.07329434583,0.07368093743
30.208,9.924273636,-0.5781565732,-0.3422756721,0.4190131523,-0.363787475,0.6718762229,0.5548994042,0.0002033078074,0.0002123485812,0.5243618278,0.381230708,0.0944074642,0.07294412761,0.07331731413
30.232,9.916395144,-0.5760575213,-0.3433733279,0.4210965795,-0.3649210162,0.670632172,0.557216006,0.0002016489901,0.0002110676515,0.5223418271,0.3834459073,0.09421226555,0.07259427636,0.0729561854
30.256,9.908529151,-0.5739615526,-0.3444553272,0.4231792585,-0.3660378858,0.6693887781,0.5595215981,0.0002003167516,0.0002100712723,0.5203260768,0.3856619693,0.0940119539,0.07224470034,0.07259750651
30.28,9.900675627,-0.5718689331,-0.3455220061,0.4252610179,-0.3671381747,0.6681463412,0.5618161377,0.0001993007312,0.0002093500438,0.5183148898,0.3878786374,0.0938064728,0.07189531675,0.07224122099
30.304,9.892834543,-0.5697799036,-0.346573717,0.4273416988,-0.3682219816,0.6669051506,0.5640995969,0.0001985925783,0.0002088957865,0.5163085814,0.3900956607,0.0935957579,0.07154606206,0.07188726182
30.328,9.885005869,-0.5676946783,-0.3476108287,0.4294211552,-0.3692894133,0.6656654836,0.5663719619,0.0001981856883,0.0002087012507,0.5143074799,0.3923127955,0.09337972458,0.07119690463,0.07153555268
30.352,9.877189576,-0.565613443,-0.3486337252,0.431499254,-0.3703405831,0.6644276042,0.5686332331,0.0001980749407,0.000208759806,0.5123119398,0.3945298065,0.09315825369,0.07084785938,0.07118600915
30.376,9.869385633,-0.5635363534,-0.3496428049,0.4335758755,-0.3713756112,0.6631917615,0.5708834246,0.0001982564242,0.000209065096,0.510322355,0.3967464681,0.09293117684,0.07049900316,0.07083853996
30.4,9.861594013,-0.5614635334,-0.3506384796,0.435650913,-0.3723946236,0.6619581881,0.5731225643,0.0001987271333,0.000209610644,0.5083391711,0.3989625658,0.0926982631,0.07015048883,0.07049304815
30.424,9.853814686,-0.5593950733,-0.3516211736,0.4377242732,-0.373397752,0.6607270978,0.5753506935,0.000199484616,0.0002103893895,0.5063628925,0.401177897,0.09245921049,0.06980255492,0.07014943226
30.448,9.846047622,-0.5573310274,-0.3525913222,0.4397958761,-0.3743851326,0.6594986843,0.5775678662,0.0002005265511,0.0002113931369,0.5043940817,0.4033922723,0.09221364604,0.06945552691,0.06980758751
30.472,9.838292793,-0.5552714121,-0.3535493704,0.441865655,-0.3753569062,0.6582731184,0.5797741492,0.0002018502265,0.0002126118946,0.5024333457,0.4056055161,0.09196113816,0.06910980656,0.06946740685
30.496,9.830550171,-0.5532162038,-0.354495771,0.4439335566,-0.3763132174,0.6570505458,0.5819696214,0.0002034518847,0.0002140330816,0.5004813081,0.4078174682,0.09170122372,0.06876584693,0.06912878211
30.52,9.822819725,-0.5511653358,-0.3554309833,0.4459995407,-0.3772542139,0.6558310844,0.5841543736,0.0002053258984,0.0002156405807,0.4985385671,0.4100279837,0.09143344925,0.06842411362,0.06879160498
30.544,9.815101427,-0.5491186967,-0.35635547,0.4480635802,-0.3781800459,0.6546148211,0.5863285077,0.0002074637295,0.0002174136229,0.4966056439,0.4122369343,0.09115742182,0.06808503682,0.06845576802
30.568,9.80739525,-0.5470761265,-0.3572696953,0.4501256609,-0.3790908657,0.6534018086,0.5884921368,0.0002098526244,0.0002193254967,0.4946829298,0.4144442088,0.09087286145,0.06774896231,0.0681211656
30.592,9.799701164,-0.5450374149,-0.3581741216,0.4521857814,-0.3799868271,0.6521920614,0.590645384,0.0002124739994,0.0002213421002,0.4927706411,0.4166497134,0.09057964551,0.06741611095,0.06778769479
30.616,9.79201914,-0.5430022974,-0.3590692055,0.4542439526,-0.3808680846,0.6509855523,0.5927883824,0.0002153014789,0.0002234203824,0.490868791,0.4188533724,0.09027783666,0.0670865553,0.06745525613
30.64,9.784349151,-0.540970453,-0.3599553942,0.4563001977,-0.3817347932,0.6497822072,0.5949212744,0.0002182985776,0.000225506776,0.4889771817,0.4210551281,0.08996769018,0.06676021726,0.06712375447
30.664,9.776691169,-0.5389415006,-0.3608331202,0.458354552,-0.3825871073,0.6485819006,0.5970442111,0.0002214160698,0.0002275357887,0.4870954166,0.4232549414,0.089649642,0.06643688583,0.06679309959
30.688,9.769045164,-0.5369149967,-0.3617027955,0.4604070621,-0.3834251809,0.6473844499,0.5991573517,0.0002245891759,0.000229429012,0.4852229255,0.4254527916,0.0893242829,0.06611624914,0.06646320682
30.712,9.76141111,-0.534890432,-0.3625648046,0.462457786,-0.3842491662,0.6461896098,0.6012608631,0.000227734836,0.000231094902,0.4833589965,0.4276486766,0.08899232693,0.06579793285,0.06613399764
30.736,9.753788977,-0.5328672296,-0.3634194973,0.4645067925,-0.3850592137,0.6449970662,0.603354919,0.0002307495223,0.0002324297683,0.4815028063,0.4298426124,0.08865458128,0.06548153771,0.06580540005
30.76,9.746178739,-0.5308447428,-0.3642671789,0.4665541609,-0.3858554714,0.6438064294,0.6054396996,0.0002335082713,0.0002333204421,0.4796534439,0.4320346334,0.08831192277,0.0651666708,0.06547734903
30.784,9.738580366,-0.5288222542,-0.3651081003,0.4685999806,-0.3866380844,0.6426172278,0.6075153908,0.0002358658269,0.0002336490148,0.4778099252,0.4342247915,0.08796528332,0.06485296812,0.06514978679
30.808,9.730993833,-0.5267989759,-0.3659424462,0.4706443503,-0.3874071944,0.6414289009,0.6095821837,0.0002376608891,0.0002332998071,0.4759711997,0.4364131561,0.0876156442,0.06454010823,0.06482266298
30.832,9.72341911,-0.5247740509,-0.3667703221,0.472687378,-0.388162939,0.6402407935,0.6116402738,0.0002387243177,0.0002321683049,0.4741361491,0.4385998133,0.08726403762,0.06422781847,0.06449593483
30.856,9.715856171,-0.5227465566,-0.3675917392,0.4747291805,-0.3889054516,0.639052149,0.6136898607,0.0002388915867,0.0002301712261,0.4723035817,0.4407848652,0.08691155303,0.06391587546,0.06416956717
30.88,9.708304987,-0.520715511,-0.3684065997,0.4767698824,-0.3896348607,0.6378621059,0.615731147,0.0002380187644,0.00022725631,0.4704722248,0.4429684295,0.08655934572,0.06360410207,0.0638435324
30.904,9.700765532,-0.5186798812,-0.3692146791,0.4788096161,-0.3903512896,0.6366696934,0.6177643384,0.0002359999574,0.0002234100529,0.4686407166,0.445150638,0.0862086454,0.06329236238,0.06351781035
30.928,9.693237778,-0.5166385964,-0.3700156096,0.4808485213,-0.3910548559,0.6354738316,0.6197896424,0.0002327829546,0.0002186616873,0.4668076007,0.4473316366,0.08586076262,0.06298055592,0.06319238805
30.952,9.685721698,-0.5145905644,-0.3708088621,0.4828867442,-0.3917456712,0.6342733332,0.6218072681,0.0002283793692,0.0002130823147,0.4649713252,0.4495115835,0.08551709131,0.06266861184,0.06286725948
30.976,9.678217265,-0.5125346932,-0.3715937307,0.4849244372,-0.3924238407,0.6330669099,0.6238174256,0.000222866388,0.0002067791154,0.4631302457,0.4516906484,0.08517910588,0.06235648362,0.06254242519
31,9.670724452,-0.5104699179,-0.3723693173,0.4869617584,-0.3930894626,0.6318531835,0.6258203255,0.0002163792443,0.0001998856612,0.4612826368,0.4538690116,0.08484835154,0.06204414447,0.06221789189
31.024,9.663243231,-0.5083952328,-0.3731345212,0.4889988714,-0.3937426284,0.6306307031,0.6278161782,0.000209095997,0.0001925501383,0.4594267108,0.4560468626,0.08452642654,0.06173158341,0.06189367192
31.048,9.655773576,-0.5063097294,-0.3738880327,0.4910359443,-0.3943834218,0.6293979688,0.6298051937,0.000201218099,0.0001849235206,0.4575606457,0.4582243989,0.08421495532,0.06141880213,0.06156978279
31.072,9.648315461,-0.5042126385,-0.3746283338,0.4930731498,-0.3950119189,0.6281534632,0.6317875807,0.0001929508407,0.0001771494015,0.4556826229,0.460401825,0.08391555201,0.06110581241,0.06124624655
31.096,9.640868858,-0.5021033768,-0.3753537076,0.4951106647,-0.3956281877,0.6268956905,0.6337635468,0.0001844870155,0.0001693565251,0.453790875,0.4625793511,0.08362977393,0.06079263413,0.06092308918
31.12,9.63343374,-0.4999815953,-0.3760622584,0.4971486697,-0.3962322877,0.6256232236,0.6357332976,0.0001759956467,0.0001616543182,0.4518837426,0.4647571917,0.08335906568,0.0604792937,0.06060033998
31.144,9.626010082,-0.4978472273,-0.3767519437,0.4991873489,-0.3968242699,0.624334757,0.6376970366,0.0001676160603,0.0001541311474,0.4499597397,0.4669355652,0.08310469511,0.06016582282,0.06027803088
31.168,9.618597857,-0.4957005323,-0.3774206192,0.50122689,-0.3974041761,0.6230291659,0.6396549651,0.0001594564845,0.0001468546934,0.4480176246,0.4691146918,0.08286768363,0.05985225759,0.05995619582
31.192,9.611197038,-0.4935421333,-0.3780660973,0.503267484,-0.3979720386,0.6217055664,0.6416072817,0.0001515958575,0.0001398737393,0.446056472,0.4712947936,0.08264873439,0.05953863776,0.05963487005
31.216,9.603807599,-0.4913730418,-0.3786862172,0.5053093253,-0.3985278804,0.6203633752,0.6435541824,0.0001440875025,0.0001332207322,0.4440757442,0.473476093,0.08244816287,0.05922500616,0.05931408955
31.24,9.596429513,-0.4891946679,-0.3792789242,0.5073526121,-0.3990717137,0.619002363,0.6454958603,0.0001369635837,0.0001269146193,0.4420753525,0.4756588121,0.08226583537,0.05891140829,0.05899389035
31.264,9.589062756,-0.487008811,-0.3798423556,0.5093975465,-0.3996035406,0.617622698,0.6474325061,0.0001302395929,0.0001209636211,0.440055706,0.4778431727,0.08210112128,0.05859789201,0.05867430804
31.288,9.5817073,-0.4848176296,-0.3803749255,0.5114443352,-0.4001233515,0.6162249735,0.649364308,0.0001239184305,0.0001153677418,0.4380177405,0.4800293949,0.08195286461,0.05828450719,0.05835537719
31.312,9.57436312,-0.4826235889,-0.3808754052,0.5134931902,-0.4006311254,0.6148102169,0.6512914517,0.0001179938778,0.0001101209238,0.4359629223,0.4822176981,0.08181937961,0.05797130558,0.05803713091
31.336,9.567030189,-0.4804293883,-0.3813429901,0.51554433,-0.4011268281,0.6133798768,0.6532141214,0.0001124534124,0.000105212824,0.4338932265,0.4844083,0.08169847346,0.05765834059,0.05771960048
31.36,9.559708482,-0.478237872,-0.3817773495,0.517597981,-0.4016104119,0.6119357865,0.6551325002,0.0001072804077,0.0001006302314,0.4318110854,0.486601418,0.08158749654,0.05734566713,0.05740281502
31.384,9.552397973,-0.4760519276,-0.3821786524,0.5196543789,-0.4020818142,0.6104801063,0.6570467706,0.0001024557988,9.635816904e-05,0.4297193121,0.4887972693,0.08148341851,0.0570333415,0.05708680128
31.408,9.545098637,-0.4738743809,-0.3825475689,0.5217137717,-0.4025409554,0.6090152472,0.6589571157,9.795930878e-05,9.238072786e-05,0.4276210022,0.4909960724,0.08138292543,0.05672142124,0.05677158353
31.432,9.537810448,-0.4717078933,-0.382885244,0.523776422,-0.4029877376,0.6075437817,0.6608637204,9.377032675e-05,8.868168422e-05,0.4255194205,0.4931980483,0.08128253119,0.05640996506,0.05645718357
31.456,9.53053338,-0.4695548694,-0.3831932486,0.5258426108,-0.4034220417,0.6060683469,0.6627667727,8.98685178e-05,8.524494418e-05,0.4234178819,0.4954034231,0.08117869501,0.05609903269,0.05614362079
31.48,9.523267408,-0.4674173815,-0.3834735099,0.5279126422,-0.4038437237,0.6045915492,0.6646664659,8.623423082e-05,8.205485407e-05,0.4213196336,0.4976124301,0.08106793628,0.05578868483,0.05583091241
31.504,9.516012506,-0.4652971146,-0.3837282281,0.5299868487,-0.404252611,0.6031158744,0.6665630002,8.284875735e-05,7.909640887e-05,0.4192277478,0.4998253134,0.08094693883,0.05547898301,0.05551907385
31.528,9.50876865,-0.463195334,-0.3839597858,0.5320655984,-0.4046484964,0.6016436109,0.6684565854,7.969448245e-05,7.635538422e-05,0.4171450305,0.5020423316,0.08081263797,0.05516998954,0.05520811913
31.552,9.501535814,-0.4611128766,-0.3841706568,0.5341493034,-0.405031131,0.6001767894,0.6703474438,7.675495917e-05,7.381841223e-05,0.4150739518,0.5042637623,0.08066228586,0.05486176742,0.0548980615
31.576,9.494313973,-0.4590501622,-0.3843633203,0.5362384312,-0.405400214,0.5987171397,0.6722358132,7.401492981e-05,7.147301669e-05,0.4130165991,0.5064899077,0.08049349319,0.05455438022,0.05458891409
31.6,9.487103101,-0.4570072232,-0.3845401846,0.5383335175,-0.4057553802,0.5972660677,0.6741219509,7.146031148e-05,6.930761987e-05,0.4109746528,0.5087211001,0.08030424712,0.05424789209,0.05428069067
31.624,9.479903175,-0.4549837465,-0.3847035246,0.5404351838,-0.4060961825,0.5958246482,0.6760061371,6.907815857e-05,6.731152975e-05,0.4089493838,0.5109577084,0.08009290778,0.0539423676,0.05397340655
31.648,9.472714168,-0.4529791245,-0.3848554336,0.5425441584,-0.4064220681,0.5943936339,0.6778886791,6.685661109e-05,6.547491464e-05,0.4069416683,0.513200145,0.07985818676,0.05363787177,0.05366707948
31.672,9.465536057,-0.4509925101,-0.3849977898,0.5446613034,-0.4067323457,0.5929734752,0.6797699144,6.478483566e-05,6.378877017e-05,0.4049520165,0.5154488711,0.07959911237,0.05333446996,0.05336173058
31.696,9.458368816,-0.449022872,-0.3851322371,0.5467876486,-0.4070261413,0.5915643495,0.6816502126,6.28529633e-05,6.22448823e-05,0.4029806115,0.5177044016,0.07931498698,0.05303222787,0.05305738531
31.72,9.451212421,-0.4470690478,-0.3852601774,0.5489244345,-0.4073023338,0.5901661951,0.6835299743,6.105202765e-05,6.083578913e-05,0.401027353,0.5199673039,0.07900534312,0.0527312115,0.05275407434
31.744,9.444066847,-0.445129792,-0.3853827738,0.5510731661,-0.4075594643,0.588778748,0.685409623,5.937390533e-05,5.955474336e-05,0.3990919048,0.5222381892,0.07866990603,0.05243148714,0.05245183433
31.768,9.43693207,-0.4432038183,-0.3855009608,0.5532356808,-0.407795605,0.5874015793,0.6872895852,5.781126026e-05,5.839567691e-05,0.3971737401,0.524517686,0.0783085739,0.0521331214,0.05215070859
31.792,9.429808065,-0.4412898351,-0.3856154605,0.5554142307,-0.4080081642,0.5860341303,0.6891702473,5.635749264e-05,5.735316854e-05,0.3952721863,0.5268063805,0.0779214332,0.0518361812,0.05185074746
31.816,9.422694808,-0.4393865742,-0.3857268021,0.5576115804,-0.408193594,0.5846757455,0.6910518684,5.500669346e-05,5.64224154e-05,0.3933864643,0.5291046964,0.07750883937,0.05154073383,0.0515520084
31.84,9.415592274,-0.4374928137,-0.3858353432,0.5598311121,-0.4083469417,0.5833257016,0.6929344116,5.375360477e-05,5.559920877e-05,0.391515724,0.5314126577,0.07707161835,0.05124684697,0.05125455576
31.864,9.408500439,-0.4356073946,-0.3859412925,0.5620769127,-0.4084611487,0.581983233,0.6948172176,5.25935863e-05,5.487991463e-05,0.389659075,0.5337294289,0.0766114961,0.05095458877,0.05095846005
31.888,9.40141928,-0.4337292322,-0.3860447311,0.5643537758,-0.4085259316,0.5806475534,0.6966983717,5.152258857e-05,5.42614592e-05,0.3878156118,0.5360524209,0.07613196735,0.05066402789,0.05066379679
31.912,9.394348772,-0.4318573241,-0.3861456329,0.5666669388,-0.4085259662,0.5793178732,0.698573464,5.053713293e-05,5.374131981e-05,0.3859844343,0.5383755323,0.07564003339,0.05037523357,0.0503706448
31.936,9.38728889,-0.429990754,-0.3862438841,0.5690211073,-0.4084379122,0.5779934139,0.7004331151,4.963429904e-05,5.331752138e-05,0.3841646646,0.5406856355,0.07514969993,0.05008827558,0.05007908397
31.96,9.380239612,-0.4281286928,-0.3863393002,0.5714176402,-0.4082255772,0.5766734193,0.7022579593,4.881172043e-05,5.298863873e-05,0.3823554591,0.5429554368,0.07468910402,0.04980322425,0.04978919262
31.984,9.373200913,-0.4262703983,-0.3864316411,0.5738470857,-0.4078324772,0.5753571636,0.7040083858,4.806758889e-05,5.275380511e-05,0.3805560183,0.5451288544,0.07431512728,0.04952015032,0.04950104438
32.008,9.366172769,-0.4244152121,-0.3865206247,0.5762702882,-0.4071725891,0.5740439579,0.7056039699,4.740066909e-05,5.261272724e-05,0.3787655925,0.54709167,0.07414273741,0.04923912466,0.04921470487
32.032,9.359155157,-0.4225625569,-0.3866059384,0.5785737703,-0.4061289695,0.5727331543,0.7068863752,4.681032486e-05,5.256570716e-05,0.3769834861,0.5486185786,0.07439793524,0.04896021786,0.04893022838
32.056,9.352148053,-0.4207119316,-0.3866872485,0.5804832704,-0.4046042247,0.5714241486,0.7075771377,4.62965595e-05,5.26136714e-05,0.3752090593,0.5493130633,0.07547787742,0.04868349953,0.0486476547
32.08,9.345151434,-0.4188629072,-0.3867642093,0.5814960102,-0.4027411888,0.5701163816,0.7073457959,4.586007292e-05,5.275820759e-05,0.373441728,0.5487050843,0.07785318769,0.04840903729,0.04836700653
32.104,9.338165275,-0.4170151213,-0.3868364693,0.5812023312,-0.401322219,0.5688093401,0.7062971565,4.550233966e-05,5.300160867e-05,0.3716809627,0.5469439638,0.08137507342,0.0481368953,0.04808828776
32.128,9.331189554,-0.4151682739,-0.386903677,0.5802272568,-0.4014554057,0.5675025559,0.7055707706,4.522571325e-05,5.334692455e-05,0.3699262854,0.5456415981,0.08443211643,0.04786713238,0.04781148297
32.152,9.324224247,-0.4133221222,-0.386965486,0.5800013426,-0.4030728448,0.5661956058,0.7063067857,4.503356409e-05,5.379802031e-05,0.3681772655,0.5464058372,0.08541689728,0.04759979947,0.04753655872
32.176,9.317269331,-0.4114764756,-0.3870215582,0.5810316884,-0.4050622848,0.5648881097,0.7082889788,4.4930461e-05,5.435963911e-05,0.366433515,0.5489367476,0.08462973738,0.04733493657,0.04726346715
32.2,9.310324783,-0.4096311918,-0.3870715672,0.5828917242,-0.4067192041,0.5635797294,0.710762459,4.492241022e-05,5.503746606e-05,0.3646946825,0.5521754288,0.08312988874,0.04707256904,0.0469921526
32.224,9.303390578,-0.4077861724,-0.3871152004,0.5851152641,-0.407927578,0.562270167,0.7132774924,4.501717099e-05,5.583818644e-05,0.3629604463,0.5554873468,0.08155220691,0.04681270352,0.04672256256
32.248,9.296466696,-0.4059413587,-0.3871521611,0.5874513492,-0.4087784888,0.560959163,0.7156807533,4.52246747e-05,5.676952652e-05,0.3612305081,0.5586536084,0.08011588352,0.04655532353,0.04645466457
32.272,9.289553111,-0.4040967283,-0.3871821696,0.5897940301,-0.4093783682,0.5596464941,0.7179468269,4.555758577e-05,5.784025767e-05,0.3595045857,0.5616361208,0.07885929345,0.04630038532,0.04618847124
32.296,9.282649802,-0.4022522917,-0.3872049646,0.5921048065,-0.4098060485,0.5583319718,0.7200896467,4.603205867e-05,5.906013111e-05,0.3577824072,0.5644531779,0.07776441492,0.04604781427,0.04592407511
32.32,9.275756745,-0.4004080888,-0.3872203035,0.5943728343,-0.4101139893,0.5570154405,0.7221305633,4.666876943e-05,6.043969059e-05,0.3560637058,0.567134245,0.07680204925,0.04579750261,0.04566169093
32.344,9.268873918,-0.3985641865,-0.3872279629,0.5965977905,-0.4103363196,0.5556967753,0.7240889578,4.749433478e-05,6.198987745e-05,0.3543482172,0.5697065124,0.07594527042,0.04554930892,0.04540168966
32.368,9.262001298,-0.3967206756,-0.3872277394,0.5987829115,-0.4104954002,0.5543758802,0.7259803363,4.854328177e-05,6.37212918e-05,0.352635679,0.5721920327,0.07517228827,0.04530306006,0.04514457997
32.392,9.255138861,-0.3948776684,-0.387219449,0.6009322587,-0.4106061541,0.5530526871,0.7278165933,4.986079797e-05,6.564289537e-05,0.3509258329,0.5746078517,0.07446631544,0.04505855571,0.04489085398
32.416,9.248286587,-0.3930352967,-0.3872029274,0.6030497052,-0.4106787695,0.551727153,0.7296067425,5.150657208e-05,6.775982689e-05,0.3492184297,0.576966621,0.07381494924,0.04481557565,0.0446406178
32.44,9.241444451,-0.3911937093,-0.3871780298,0.605138614,-0.4107203703,0.5503992596,0.7313576175,5.35600865e-05,7.00698418e-05,0.3475132374,0.5792770031,0.07320975954,0.04457388953,0.04439303346
32.464,9.234612432,-0.3893530703,-0.3871446308,0.6072017883,-0.410736059,0.5490690107,0.7330744313,5.612759027e-05,7.255769673e-05,0.34581005,0.5815436197,0.07264633036,0.04433326832,0.04414549258
32.488,9.227790507,-0.3875135571,-0.3871026237,0.6092415196,-0.4107295771,0.5477364314,0.7347611957,5.935011378e-05,7.518664085e-05,0.3441086982,0.583763778,0.07212752375,0.04409349645,0.04388975771
32.512,9.220978654,-0.3856753591,-0.3870519205,0.6112596645,-0.4107037322,0.5464015664,0.7364210297,6.340845504e-05,7.788624819e-05,0.3424090589,0.5861585848,0.07143235631,0.04385438312,0.0438426457
32.536,9.21417685,-0.3838386754,-0.3869924511,0.6132577221,-0.410660679,0.5450644787,0.7380563847,6.850912034e-05,8.053658766e-05,0.3407110628,0.5881711832,0.07111775406,0.04361577207,0.04344394964
32.56,9.207385074,-0.3820037143,-0.3869241633,0.6152369037,-0.4106021073,0.5437252485,0.7396692087,7.479667711e-05,8.295101068e-05,0.3390147002,0.5902729272,0.07071237266,0.04337754871,0.04316238202
32.584,9.200603302,-0.3801706911,-0.3868470215,0.6171981905,-0.4105293708,0.5423839714,0.7412610678,8.203090591e-05,8.486458911e-05,0.3373200227,0.5923615248,0.07031845244,0.04313964355,0.04289354699
32.608,9.193831514,-0.3783398274,-0.3867610071,0.6191423817,-0.4104435758,0.5410407578,0.7428332368,8.870378576e-05,8.594207133e-05,0.3356271413,0.5944392068,0.06993365192,0.04290203179,0.04263798167
32.632,9.187069686,-0.3765113494,-0.3866661171,0.6210701336,-0.4103456445,0.5396957313,0.744386767,9.082658974e-05,8.58231826e-05,0.3339362211,0.5964995159,0.06956426296,0.04266473051,0.04238784973
32.656,9.180317798,-0.3746854874,-0.3865623638,0.6229819914,-0.4102363586,0.5383490276,0.7459225372,8.383220555e-05,8.421279437e-05,0.3322474736,0.598540161,0.06921236536,0.04242779102,0.04213972236
32.68,9.173575826,-0.3728624741,-0.3864497741,0.6248784148,-0.4101163921,0.5370007938,0.7474412943,6.920407928e-05,8.099092416e-05,0.330561145,0.6005613203,0.06887753475,0.04219128766,0.04189282533
32.704,9.16684375,-0.3710425441,-0.3863283891,0.626759799,-0.4099863342,0.5356511866,0.7489436828,5.332941837e-05,7.628187847e-05,0.3288775047,0.6025637801,0.06855871516,0.04195530815,0.04164713434
32.728,9.160121547,-0.3692259326,-0.3861982628,0.6286264925,-0.4098467063,0.534300372,0.7504302697,4.006740005e-05,7.042926651e-05,0.3271968353,0.6045483814,0.06825478338,0.04171994616,0.04140278668
32.752,9.153409196,-0.3674128749,-0.3860594619,0.630478811,-0.4096979741,0.5329485235,0.7519015634,3.000792971e-05,6.388649624e-05,0.3255194259,0.6065158956,0.06796467847,0.04148529624,0.04115993045
32.776,9.146706676,-0.3656036051,-0.3859120649,0.6323170499,-0.4095405571,0.531595822,0.7533580288,2.261642102e-05,5.70899014e-05,0.3238455698,0.6084670147,0.06768741547,0.04125145134,0.04091869197
32.8,9.140013963,-0.363798356,-0.3857561613,0.6341414945,-0.4093748345,0.5302424538,0.7548000995,1.729922545e-05,5.037628795e-05,0.3221755626,0.6104023664,0.06742207098,0.04101850248,0.04067917371
32.824,9.133331038,-0.3619973576,-0.3855918508,0.6359524287,-0.4092011504,0.5288886105,0.7562281885,1.365671589e-05,4.39598826e-05,0.3205097019,0.6123225338,0.06716776423,0.04078653943,0.04044145888
32.848,9.126657879,-0.360200837,-0.3854192426,0.6377501425,-0.4090198169,0.5275344875,0.7576426961,1.146467506e-05,3.794884351e-05,0.318848287,0.6142280726,0.06692364039,0.04055565139,0.04020561625
32.872,9.119994463,-0.3584090175,-0.3852384544,0.6395349392,-0.4088311162,0.5261802833,0.7590440172,1.054850511e-05,3.237607452e-05,0.3171916176,0.6161195248,0.06668885763,0.04032592694,0.03997170366
32.896,9.113340771,-0.3566221182,-0.3850496117,0.6413071409,-0.4086353022,0.5248261986,0.7604325474,1.065047266e-05,2.722895218e-05,0.3155399918,0.6179974301,0.06646257807,0.04009745302,0.03973977016
32.92,9.10669678,-0.3548403535,-0.384852847,0.6430670943,-0.4084326011,0.5234724351,0.7618086882,1.14468047e-05,2.247314059e-05,0.3138937033,0.6198623349,0.06624396177,0.03987031285,0.03950985701
32.944,9.10006247,-0.3530639322,-0.3846482988,0.6448151756,-0.4082232117,0.5221191952,0.7631728514,1.266830142e-05,1.807277681e-05,0.3122530376,0.6217147995,0.06603216292,0.03964458342,0.03928199798
32.968,9.093437818,-0.3512930577,-0.3844361107,0.6465517951,-0.4080073056,0.5207666805,0.7645254641,1.415375757e-05,1.401637285e-05,0.3106182684,0.6235554043,0.06582632728,0.03942033264,0.03905621891
32.992,9.086822806,-0.3495279273,-0.3842164303,0.6482774023,-0.407785027,0.5194150914,0.7658669718,1.58301842e-05,1.037702073e-05,0.3089896541,0.6253847556,0.06562559024,0.03919761667,0.038832537
33.016,9.08021741,-0.3477687319,-0.3839894086,0.6499924894,-0.4075564921,0.5180646261,0.7671978432,1.768100977e-05,7.503539745e-06,0.3073674348,0.6272034902,0.06542907491,0.03897647771,0.03861095964
33.04,9.07362161,-0.346015656,-0.383755199,0.6516975968,-0.407321789,0.5167154797,0.7685185733,1.972577073e-05,6.433409145e-06,0.3057518296,0.6290122803,0.06523589005,0.03875694227,0.03839148285
33.064,9.067035386,-0.3442688773,-0.3835139559,0.6533933166,-0.4070809776,0.5153678436,0.769829688,2.201141495e-05,8.104392188e-06,0.3041430348,0.6308118376,0.06504512765,0.03853902005,0.03817408906
33.088,9.060458716,-0.342528567,-0.3832658338,0.6550802981,-0.4068340889,0.5140219048,0.7711317481,2.46119164e-05,1.170396262e-05,0.3025412228,0.6326029169,0.06485586028,0.03832270365,0.03795874388
33.112,9.05389158,-0.3407948896,-0.3830109864,0.6567592523,-0.4065811262,0.5126778448,0.7724253541,2.763476215e-05,1.646296186e-05,0.3009465427,0.6343863189,0.0646671384,0.0381079694,0.03774539096
33.136,9.047333957,-0.3390680033,-0.3827495652,0.6584309575,-0.406322065,0.5113358393,0.7737111517,3.123537945e-05,2.230269269e-05,0.2993591222,0.6361628896,0.06447798822,0.03789478064,0.03753394281
33.16,9.040785826,-0.3373480605,-0.382481718,0.6600962651,-0.4060568547,0.5099960574,0.7749898376,3.564371169e-05,2.953425417e-05,0.2977790759,0.637933512,0.06428741211,0.03768309603,0.03732426268
33.184,9.034247167,-0.3356352086,-0.3822075878,0.6617561062,-0.405785421,0.508658661,0.776262167,4.121244229e-05,3.882647934e-05,0.2962065236,0.6396990777,0.06409439865,0.03747288848,0.03711612427
33.208,9.02771796,-0.3339295911,-0.3819273105,0.663411499,-0.4055076692,0.5073238042,0.777528962,4.850695954e-05,5.141999908e-05,0.2946416301,0.6414603997,0.06389797025,0.03726418542,0.03690911032
33.232,9.021198182,-0.3322313493,-0.3816410133,0.6650635576,-0.4052234888,0.5059916328,0.7787911218,5.847905129e-05,6.968831634e-05,0.293084679,0.643217951,0.06369736999,0.03705714313,0.03670233473
33.256,9.014687816,-0.3305406253,-0.3813488114,0.6667135015,-0.404932761,0.504662284,0.7800496356,7.280360809e-05,9.837171913e-05,0.2915361749,0.6449714525,0.06349237262,0.03685214868,0.03649400884
33.28,9.008186839,-0.3288575662,-0.3810508046,0.6683626674,-0.4046353682,0.5033358864,0.7813055973,9.442798435e-05,0.0001456922989,0.2899968763,0.6467297907,0.06327333302,0.03664985287,0.03629133316
33.304,9.001695232,-0.3271823305,-0.3807470714,0.6700125224,-0.4043312072,0.5020125593,0.7825602247,0.0001272693915,0.0002046795079,0.2884675303,0.6485135483,0.06301892134,0.0364509044,0.03611300109
33.328,8.995212974,-0.3255150992,-0.3804376607,0.6716646803,-0.4040202075,0.500692414,0.783814883,0.000165313943,0.0001973086562,0.2869483228,0.6502845679,0.0627671093,0.03625540198,0.03591875815
33.352,8.988740046,-0.3238560945,-0.3801225773,0.67332092,-0.4037023557,0.4993755538,0.7850711135,0.0001666484066,0.0001447007246,0.2854389695,0.6520573775,0.062503653,0.03606299799,0.03572070328
33.376,8.982276426,-0.3222056134,-0.3798017568,0.6749832083,-0.4033777286,0.4980620762,0.7863306705,0.0001298658268,0.0001071014111,0.2839404025,0.6538387143,0.06222088322,0.03587455387,0.03552277937
33.4,8.975822096,-0.320564092,-0.379475017,0.6766537265,-0.403046539,0.4967520766,0.7875955676,9.728561775e-05,8.384674279e-05,0.2824561474,0.655631785,0.06191206763,0.03569351233,0.03532499984
33.424,8.969377034,-0.3189322414,-0.3791419547,0.6783349015,-0.4027091977,0.4954456543,0.7888681363,7.57850032e-05,6.867048021e-05,0.2809829352,0.6574397984,0.0615772664,0.03551653301,0.03512685724
33.448,8.962941222,-0.3173113642,-0.3788017019,0.6800294439,-0.4023663984,0.4941429259,0.7901511015,6.161664319e-05,5.809154136e-05,0.2794976889,0.65926642,0.06123589103,0.03532045389,0.03492765347
33.472,8.956514639,-0.3157042182,-0.378452242,0.6817403911,-0.4020192371,0.4928440452,0.7914476785,5.185708747e-05,5.030309285e-05,0.2780043068,0.6611158798,0.0608798134,0.03510905123,0.03472644948
33.496,8.950097265,-0.3141179688,-0.3780879739,0.6834711568,-0.401669379,0.4915491983,0.7927616995,4.483546494e-05,4.431608344e-05,0.27651483,0.6629929757,0.06049219431,0.03489421365,0.03452186145
33.52,8.943689081,-0.3125790764,-0.3776864263,0.6852255864,-0.4013192975,0.4902578052,0.7940977791,3.960271285e-05,3.955322278e-05,0.2750298929,0.6649028436,0.06006726354,0.03467717577,0.03431155924
33.544,8.937290067,-0.3113245125,-0.3769775669,0.6870080112,-0.4009726212,0.4889120964,0.795461533,3.559743997e-05,3.565745398e-05,0.2734941522,0.6668498673,0.05965598051,0.03445911296,0.03409081557
33.568,8.930900203,-0.3087549358,-0.3773437012,0.6888232933,-0.4006346498,0.4875632054,0.7968598698,3.247245207e-05,3.239662507e-05,0.2719581791,0.6688346823,0.05920713858,0.03424029881,0.03384902921
33.592,8.924519469,-0.307469703,-0.376844927,0.6906768305,-0.4003131406,0.4863637705,0.7983013809,3.000467718e-05,2.961310276e-05,0.2705772388,0.6708485311,0.05857423012,0.03402752063,0.03356343551
33.616,8.918147846,-0.3059576151,-0.3764425154,0.6925744568,-0.4000195442,0.4850969281,0.7997968579,2.804673712e-05,2.71955941e-05,0.2691443096,0.6726630358,0.05819265457,0.03382527918,0.03298802112
33.64,8.911785315,-0.3044168724,-0.3760558176,0.6945220766,-0.3997710194,0.4838260123,0.8013599583,2.649996496e-05,2.506254676e-05,0.2677181594,0.6754658426,0.05681599803,0.03363054855,0.03328805912
33.664,8.905431856,-0.3028713931,-0.3756721794,0.6965246147,-0.3995938482,0.4825563875,0.8030079591,2.529908869e-05,2.315188323e-05,0.2662930153,0.6783381024,0.05536888231,0.03343234757,0.03351631948
33.688,8.89908745,-0.3013277276,-0.3752880018,0.6985831454,-0.3995294649,0.4812893971,0.8047622036,2.440382692e-05,2.141439301e-05,0.2648609721,0.681437959,0.0537010689,0.03322148779,0.03379575422
33.712,8.892752076,-0.2997882738,-0.3749021457,0.7006868652,-0.3996453837,0.4800256534,0.8066464627,2.379531963e-05,1.980956648e-05,0.2634161416,0.6838335393,0.05275031914,0.03299151304,0.03315502311
33.736,8.886425717,-0.2982539358,-0.3745146092,0.7027894261,-0.4000544044,0.4787657076,0.8086757718,2.347726991e-05,1.830418313e-05,0.2619512181,0.6869720833,0.05107669862,0.03273461475,0.03301557913
33.76,8.880108353,-0.2967248237,-0.374126429,0.7047354358,-0.4009389652,0.4775104249,0.8108045931,2.348442934e-05,1.68781245e-05,0.2604823219,0.6900088056,0.04950887251,0.03246611543,0.03260471714
33.784,8.873799964,-0.2952002951,-0.3737404302,0.7060399423,-0.4025021352,0.4762616123,0.812711738,2.390838137e-05,1.556045281e-05,0.2592428753,0.692938813,0.04781831167,0.03241775133,0.03243844379
33.808,8.867500532,-0.2936783781,-0.3733640066,0.7055237338,-0.4043243462,0.4750238638,0.8131678276,2.497901772e-05,1.462280217e-05,0.257974273,0.6934512411,0.04857448594,0.03232660117,0.03220932505
33.832,8.861210038,-0.2921534763,-0.3730210476,0.7029137607,-0.4036497581,0.4738125745,0.8105682464,2.739707433e-05,1.572892873e-05,0.2567173243,0.6891772088,0.05410546694,0.03221896779,0.03215632645
33.856,8.854928462,-0.2906091305,-0.3728438826,0.702528125,-0.3996238109,0.4727221463,0.8082357061,3.465229953e-05,2.927582415e-05,0.2554871903,0.6851040124,0.05940879732,0.03202096152,0.03185905491
33.88,8.848655785,-0.2920011995,-0.3711757574,0.705109612,-0.3965286191,0.4722670255,0.8089589054,0.0001097894085,9.799746195e-05,0.2550118902,0.6859780737,0.05901003617,0.03197573472,0.03156355338
33.904,8.842391989,-0.2879594142,-0.371156574,0.7080763025,-0.3951206449,0.4697635859,0.8108590347,1.935585266e-05,4.493865369e-05,0.2523840907,0.6887415722,0.05887433707,0.03170626369,0.03124919607
33.928,8.836137055,-0.2863857165,-0.3708723017,0.7105766045,-0.3945027384,0.4685755465,0.8127432076,2.156634147e-05,3.262510875e-05,0.2511082651,0.6915356663,0.05735606868,0.03154522182,0.03098414366
33.952,8.829890964,-0.2848892005,-0.3704790566,0.7125763178,-0.3941160909,0.467350605,0.8143049194,2.516400125e-05,2.917524425e-05,0.2497922205,0.6940000032,0.05620777631,0.03137563188,0.03090750062
33.976,8.823653697,-0.2834167852,-0.3700493019,0.7141871365,-0.3936862973,0.466113248,0.8155073063,2.932017945e-05,2.902801787e-05,0.2484639788,0.6958169316,0.05571908953,0.03120241802,0.03076476417
34,8.817425235,-0.281958421,-0.3695993445,0.7155348137,-0.3930762701,0.464870118,0.8163939145,3.44481599e-05,3.142161983e-05,0.2471305055,0.6970593312,0.05581016326,0.03102627774,0.03056030651
