f_THz,lam_um,Re_S11,Im_S11,Re_S21,Im_S21,absS11,absS21,R,T,A
0,inf,2.472703073e-05,2.049885516e-06,0.9997356134,0.0004430961404,2.481185361e-05,0.9997357116,6.156280795e-10,0.999471493,0.0005285063474
0.01,29979.2458,7.587386762e-06,0.0001373268505,0.999992369,0.000162685559,0.0001375362945,0.9999923823,1.891623231e-08,0.9999847646,1.521646915e-05
0.035,8565.4988,-3.073881414e-05,0.0004784625143,0.9999999136,-0.0004156975949,0.0004794489047,1,2.298712523e-07,1,-2.298712523e-07
0.07,4282.7494,-7.418027471e-05,0.0009626835776,0.9999995454,-0.0009535246642,0.0009655373549,1,9.322623837e-07,1,-9.322623837e-07
0.105,2855.166267,-0.0001067302246,0.001453982708,0.9999992687,-0.001209391261,0.001457894734,1,2.125457055e-06,1,-2.125457054e-06
0.14,2141.3747,-0.0001295318518,0.001951666806,0.9999992554,-0.001220303707,0.001955960588,1,3.825781822e-06,1,-3.825781822e-06
0.175,1713.09976,-0.0001437263461,0.002455077244,0.9999994788,-0.001021000688,0.002459280695,1,6.048061538e-06,1,-6.048061538e-06
0.21,1427.583133,-0.0001504409365,0.002963587417,0.9999997927,-0.0006438396793,0.002967403386,1,8.805482856e-06,1,-8.805482856e-06
0.245,1223.642686,-0.0001507774507,0.003476600746,0.999999993,-0.0001187195075,0.00347986876,1,1.210948659e-05,1,-1.210948659e-05
0.28,1070.68735,-0.0001458015707,0.003993549196,0.9999998612,0.0005269624807,0.003996209864,1,1.596969328e-05,1,-1.596969328e-05
0.315,951.7220889,-0.0001365329562,0.00451389235,0.9999991957,0.001268320749,0.004515956754,1,2.03938654e-05,1,-2.03938654e-05
0.35,856.54988,-0.0001239363981,0.005037117037,0.9999978306,0.002082961929,0.005038641511,1,2.538790828e-05,1,-2.538790828e-05
0.385,778.6817091,-0.0001089141443,0.005562737474,0.999995646,0.002950938105,0.005563803599,1,3.095591049e-05,1,-3.095591049e-05
0.42,713.7915667,-9.229951801e-05,0.006090295872,0.9999925707,0.003854676116,0.006090995239,1,3.710022301e-05,1,-3.710022301e-05
0.455,658.8845231,-7.485191756e-05,0.006619363415,0.9999885811,0.004778886133,0.006619786615,1,4.382157483e-05,1,-4.382157483e-05
0.49,611.8213429,-5.725325052e-05,0.007149541494,0.9999836952,0.005710452761,0.007149770732,1,5.111922151e-05,1,-5.111922151e-05
0.525,571.0332533,-4.010581806e-05,0.007680463078,0.9999779662,0.006638311927,0.007680567789,1,5.899112156e-05,1,-5.899112156e-05
0.56,535.343675,-2.393162491e-05,0.008211794095,0.9999714733,0.007553316653,0.008211828967,1,6.743413498e-05,1,-6.743413498e-05
0.595,503.8528706,-9.173054653e-06,0.0087432347,0.9999643142,0.008448094684,0.008743239512,1,7.644423717e-05,1,-7.644423717e-05
0.63,475.8610444,3.80518699e-06,0.009274520307,0.9999565967,0.009316900728,0.009274521087,1,8.60167414e-05,1,-8.60167414e-05
0.665,450.8157263,1.471298639e-05,0.009805422279,0.9997843174,0.01015379909,0.009805433317,0.999835877,9.614652254e-05,0.999671781,0.0002320724452
0.7,428.27494,2.33307436e-05,0.01033574822,0.999559825,0.01095667972,0.01033577455,0.999619874,0.0001068282356,0.9992398925,0.0006532792633
0.735,407.8808952,2.950446796e-05,0.01086534178,0.9993577236,0.01172454559,0.01086538184,0.9994264979,0.0001180565226,0.9988533247,0.001028618795
0.77,389.3408545,3.314022325e-05,0.01139408198,0.9991794538,0.01245674722,0.01139413018,0.9992570997,0.0001298262025,0.9985147514,0.001355422407
0.805,372.4129913,3.419810078e-05,0.011921882,0.9990257599,0.01315351198,0.01192193105,0.9991123479,0.0001421324399,0.9982254838,0.001632383801
0.84,356.8957833,3.268589368e-05,0.0124486875,0.9988967662,0.01381580614,0.01244873041,0.9989923052,0.0001549708889,0.9979856259,0.001859403185
0.875,342.619952,2.865263662e-05,0.01297447452,0.9987920538,0.01444520507,0.01297450616,0.9988965065,0.0001683378101,0.9977942307,0.002037431453
0.91,329.4422615,2.218215952e-05,0.01349924693,0.9987107379,0.0150437723,0.01349926515,0.9988240351,0.0001822301597,0.9976494531,0.002168316733
0.945,317.2406963,1.338678681e-05,0.01402303358,0.9986515427,0.01561394782,0.01402303997,0.9987735975,0.00019664565,0.997548699,0.002254655339
0.98,305.9106714,2.401293786e-06,0.01454588525,0.9986128745,0.01615844605,0.01454588545,0.9987435949,0.0002115827834,0.9974887684,0.002299648773
1.015,295.3620276,-1.062278961e-05,0.01506787137,0.9985928916,0.01668016349,0.01506787511,0.9987321918,0.0002270408604,0.997465991,0.002306968161
1.05,285.5166267,-2.552245708e-05,0.01558907671,0.9985895696,0.01718209612,0.0155890976,0.9987373793,0.0002430199639,0.9974763528,0.002280627192
1.085,276.3064129,-4.212803617e-05,0.01610959803,0.9986007622,0.01766726639,0.01610965311,0.9987570348,0.0002595209235,0.9975156147,0.002224864419
1.12,267.6718375,-6.026749746e-05,0.01662954086,0.9986242578,0.01813865966,0.01662965007,0.9987889763,0.0002765452613,0.9975794192,0.002144035544
1.155,259.5605697,-7.977024651e-05,0.01714901633,0.9986578291,0.01859916976,0.01714920186,0.9988310111,0.0002940951244,0.9976633888,0.00204251612
1.19,251.9264353,-0.0001004703956,0.01766813829,0.9986992791,0.01905155331,0.01766842395,0.9988809798,0.0003121732049,0.9977632118,0.001924614957
1.225,244.7285371,-0.0001222095235,0.01818702058,0.9987464802,0.01949839243,0.01818743118,0.9989367943,0.0003307826528,0.997874719,0.001794498326
1.26,237.9305222,-0.000144838942,0.01870577465,0.9987974079,0.01994206537,0.01870633538,0.9989964705,0.0003499269835,0.9979939481,0.001656124962
1.295,231.4999676,-0.000168221492,0.01922450739,0.9988501696,0.02038472446,0.01922524338,0.9990581556,0.000369609983,0.9981171983,0.001513191709
1.33,225.4078632,-0.0001922329016,0.01974331938,0.9989030271,0.02082828105,0.01974425521,0.9991201503,0.0003898356138,0.9982410748,0.00136908956
1.365,219.6281744,-0.0002167627379,0.02026230336,0.9989544146,0.02127439659,0.02026346277,0.9991809257,0.0004106079234,0.9983625223,0.001226869727
1.4,214.13747,-0.0002417149888,0.02078154303,0.9990029513,0.02172447958,0.0207829487,0.9992391354,0.0004319309569,0.9984788497,0.001089219299
1.435,208.9146049,-0.0002670083113,0.02130111225,0.9990474497,0.02217968745,0.02130278565,0.9992936232,0.0004538086767,0.9985877454,0.0009584459378
1.47,203.9404476,-0.0002925759847,0.02182107441,0.9990869193,0.02264093304,0.02182303575,0.9993434265,0.0004762448893,0.9986872841,0.0008364710269
1.505,199.1976465,-0.0003183656028,0.02234148215,0.9991205659,0.02310889491,0.02234375039,0.9993877757,0.0004992431813,0.9987759262,0.00072483057
1.54,194.6704273,-0.0003443385435,0.02286237729,0.9991477886,0.02358403091,0.02286497024,0.9994260903,0.0005228068642,0.99885251,0.0006246831346
1.575,190.3444178,-0.0003704692478,0.02338379103,0.9991681721,0.02406659444,0.02338672551,0.9994579716,0.0005469389302,0.998916237,0.0005368240588
1.61,186.2064957,-0.0003967443426,0.02390574432,0.9991814768,0.02455665276,0.02390903632,0.9994831929,0.0005716420177,0.9989666529,0.0004617051203
1.645,182.2446553,-0.000423161638,0.02442824843,0.9991876273,0.02505410692,0.0244319133,0.9995016872,0.0005969183873,0.9990036228,0.0003994588468
1.68,178.4478917,-0.0004497290272,0.02495130562,0.9991866971,0.02555871263,0.02495535831,0.9995135334,0.0006227699085,0.9990273035,0.0003499266362
1.715,174.806098,-0.0004764633185,0.02547490998,0.9991788938,0.02607010173,0.0254793653,0.9995189403,0.0006491980559,0.9990381121,0.0003126898635
1.75,171.309976,-0.0005033890231,0.02599904834,0.9991645418,0.02658780372,0.02600392115,0.9995182304,0.0006762039149,0.9990366929,0.0002871031643
1.785,167.9509569,-0.0005305371227,0.02652370123,0.9991440646,0.02711126705,0.0265290067,0.9995118222,0.0007037881963,0.9990238827,0.0002723291143
1.82,164.7211308,-0.0005579438389,0.02704884392,0.9991179671,0.02763987965,0.02705459774,0.9995002127,0.0007319512589,0.9990006752,0.0002673735625
1.855,161.6131849,-0.0005856494233,0.02757444748,0.9990868174,0.02817298856,0.02758066604,0.9994839598,0.0007606931392,0.9989681859,0.0002711209222
1.89,158.6203481,-0.0006136969853,0.02810047977,0.999051229,0.02870991834,0.02810718035,0.999463665,0.0007900135871,0.9989276176,0.0002823687801
1.925,155.7363418,-0.000642131375,0.02862690648,0.9990118442,0.02924998797,0.02863410741,0.9994399565,0.0008199121072,0.9988802266,0.0002998612455
1.96,152.9553357,-0.0006709981315,0.02915369213,0.9989693173,0.02979252619,0.02916141292,0.9994134737,0.0008503880035,0.9988272915,0.0003223205303
1.995,150.2719088,-0.0007003425116,0.02968080099,0.9989242998,0.0303368851,0.02968906242,0.9993848524,0.0008814404273,0.9987700833,0.0003484763208
2.03,147.6810138,-0.0007302086043,0.03020819793,0.9988774265,0.0308824519,0.03021702214,0.9993547113,0.0009130684271,0.998709839,0.000377092575
2.065,145.1779458,-0.0007606385421,0.03073584922,0.9988293032,0.0314286588,0.03074525977,0.99932364,0.0009452709985,0.9986477375,0.0004069914554
2.1,142.7583133,-0.0007916718115,0.03126372324,0.9987804957,0.0319749911,0.03127374514,0.9992921888,0.0009780471349,0.9985848787,0.0004370741789
2.135,140.4180131,-0.0008233446683,0.03179179106,0.9987315207,0.03252099332,0.03180245077,0.9992608596,0.001011395875,0.9985222655,0.0004663386368
2.17,138.1532065,-0.0008556896581,0.032320027,0.9986828383,0.0330662737,0.03233135243,0.9992300986,0.00104531635,0.9984607899,0.0004938937083
2.205,135.9602984,-0.0008887352417,0.03284840901,0.9986348461,0.03361050687,0.03286042947,0.9992002912,0.001079807825,0.9984012219,0.0005189702541
2.24,133.8359187,-0.0009225055254,0.03337691903,0.9985878751,0.03415343504,0.03338966517,0.9991717577,0.00111486974,0.9983442014,0.0005409288345
2.275,131.7769046,-0.0009570200906,0.03390554313,0.9985421875,0.03469486761,0.0339190469,0.9991447513,0.001150501743,0.998290234,0.0005592642555
2.31,129.7802848,-0.0009922939206,0.03443427173,0.9984979752,0.03523467957,0.03444856625,0.9991194569,0.001186703716,0.9982396892,0.0005736070886
2.345,127.8432657,-0.001028337417,0.03496309952,0.998455361,0.03577280859,0.03497821902,0.9990959923,0.001223475806,0.9981928018,0.0005837223578
2.38,125.9632176,-0.0010651565,0.0354920255,0.9984144,0.03630925122,0.03550800519,0.9990744096,0.001260818432,0.9981496759,0.0005895056183
2.415,124.1376638,-0.001102752786,0.03602105277,0.998375083,0.0368440581,0.03603792872,0.9990546987,0.001298732306,0.998110291,0.0005909766833
2.45,122.3642686,-0.00114112383,0.03655018836,0.9983373406,0.03737732855,0.03656799738,0.9990367913,0.001337218432,0.9980745103,0.0005882712786
2.485,120.6408282,-0.001180263432,0.0370794429,0.9983010484,0.03790920454,0.03709822243,0.9990205658,0.001376278107,0.998042091,0.0005816309175
2.52,118.9652611,-0.001220161987,0.03760883034,0.998266033,0.0384398644,0.0376286183,0.9990058537,0.001415912915,0.9980126958,0.0005713913049
2.555,117.3356,-0.001260806887,0.03813836755,0.9982320785,0.03896951609,0.03815920221,0.9989924453,0.001456124713,0.9979859057,0.0005579695784
2.59,115.7499838,-0.001302182942,0.03866807385,0.9981989335,0.03949839058,0.03868999375,0.9989800967,0.001496915616,0.9979612337,0.0005418506996
2.625,114.2066507,-0.001344272832,0.03919797066,0.9981663184,0.04002673513,0.03922101444,0.9989685374,0.001538287974,0.9979381387,0.0005235732972
2.66,112.7039316,-0.001387057571,0.03972808095,0.9981339329,0.04055480679,0.03975228729,0.9989574768,0.001580244345,0.9979160404,0.0005037152602
2.695,111.2402442,-0.001430516978,0.0402584288,0.9981014634,0.04108286611,0.04028383631,0.9989466118,0.001622787468,0.9978943332,0.0004828793596
2.73,109.8140872,-0.001474630142,0.04078903893,0.9980685903,0.04161117131,0.04081568609,0.9989356339,0.001665920231,0.9978724006,0.0004616791638
2.765,108.4240354,-0.001519375883,0.04131993625,0.9980349952,0.04213997277,0.0413478613,0.9989242358,0.001709645634,0.9978496289,0.0004407254891
2.8,107.068735,-0.001564733186,0.04185114537,0.9980003671,0.04266950817,0.04188038633,0.9989121181,0.001753966759,0.9978254196,0.0004206136049
2.835,105.7468988,-0.001610681626,0.04238269024,0.9979644092,0.04319999808,0.0424132848,0.9988989948,0.001798886728,0.9977992019,0.000401911388
2.87,104.4573024,-0.001657201754,0.04291459372,0.9979268441,0.04373164228,0.04294657928,0.9988845993,0.001844408672,0.9977704427,0.0003851485904
2.905,103.1987807,-0.001704275452,0.04344687722,0.9978874188,0.04426461661,0.04348029088,0.9988686885,0.001890535695,0.9977386569,0.0003708073612
2.94,101.9702238,-0.001751886257,0.04397956043,0.9978459091,0.04479907056,0.04401443901,0.9988510475,0.001937270841,0.997703415,0.0003593141276
2.975,100.7705741,-0.001800019637,0.04451266101,0.9978021229,0.04533512551,0.04454904108,0.9988314923,0.001984617061,0.99766435,0.0003510329185
3.01,99.59882326,-0.001848663227,0.04504619439,0.9977559031,0.04587287355,0.04508411234,0.9988098731,0.002032577185,0.9976211626,0.0003462601768
3.045,98.4540092,-0.001897807025,0.04558017359,0.9977071295,0.04641237703,0.04561966567,0.9987860757,0.002081153896,0.997573625,0.0003452210843
3.08,97.33521364,-0.001947443535,0.04611460911,0.9976557201,0.04695366864,0.04615571156,0.9987600227,0.002130349709,0.9975215829,0.0003480673927
3.115,96.24155955,-0.001997567871,0.04664950882,0.9976016313,0.04749675206,0.04669225793,0.9987316738,0.002180166951,0.9974649563,0.0003548767279
3.15,95.17220889,-0.002048177813,0.047184878,0.9975448578,0.04804160318,0.04722931022,0.9987010258,0.002230607744,0.9974037389,0.000365653312
3.185,94.12636044,-0.00209927382,0.04772071929,0.9974854312,0.04858817172,0.04776687137,0.998668111,0.002281674,0.997337996,0.0003803300261
3.22,93.10324783,-0.002150858996,0.04825703282,0.997423419,0.04913638327,0.04830494189,0.9986329961,0.002333367411,0.9972678609,0.0003987717123
3.255,92.10213763,-0.002202939023,0.04879381626,0.9973589215,0.04968614168,0.04884352,0.9985957796,0.002385689446,0.9971935309,0.0004207796045
3.29,91.12232766,-0.00225552205,0.04933106502,0.9972920697,0.0502373318,0.04938260176,0.9985565892,0.002438641356,0.9971152619,0.0004460967552
3.325,90.16314526,-0.00230861855,0.04986877239,0.9972230219,0.05078982228,0.04992218124,0.998515579,0.002492224179,0.9970333615,0.0004744143188
3.36,89.22394583,-0.002362241145,0.05040692976,0.9971519598,0.05134346871,0.05046225075,0.9984729254,0.002546438751,0.9969481827,0.0005053785432
3.395,88.30411134,-0.002416404401,0.05094552685,0.9970790849,0.05189811672,0.05100280106,0.9984288237,0.002601285716,0.996860116,0.0005385983134
3.43,87.40304898,-0.002471124604,0.051484552,0.9970046142,0.05245360515,0.05154382166,0.9983834841,0.002656765551,0.9967695814,0.0005736530908
3.465,86.5201899,-0.00252641951,0.05202399237,0.9969287761,0.05300976924,0.05208530097,0.9983371276,0.002712878578,0.9966770203,0.0006101010911
3.5,85.654988,-0.002582308084,0.05256383429,0.9968518062,0.05356644366,0.0526272267,0.9982899816,0.00276962499,0.9965828875,0.0006474875472
3.535,84.80691881,-0.002638810227,0.0531040635,0.9967739426,0.05412346545,0.05316958604,0.9982422763,0.00282700488,0.9964876422,0.0006853529072
3.57,83.97547843,-0.002695946495,0.05364466544,0.9966954221,0.05468067683,0.05371236597,0.9981942401,0.002885018258,0.9963917409,0.0007232408282
3.605,83.16018252,-0.002753737813,0.05418562556,0.9966164761,0.05523792769,0.05425555354,0.9981460961,0.00294366509,0.9962956291,0.0007607058332
3.64,82.36056538,-0.002812205197,0.05472692956,0.9965373267,0.05579507793,0.0547991361,0.9980980584,0.003002945317,0.9961997342,0.0007973205132
3.675,81.57617905,-0.002871369477,0.05526856364,0.9964581833,0.05635199951,0.05534310156,0.9980503289,0.00306285889,0.9961044589,0.0008326821662
3.71,80.80659245,-0.002931251026,0.05581051482,0.9963792396,0.05690857814,0.05588743863,0.9980030939,0.003123405797,0.9960101754,0.0008664187824
3.745,80.05139065,-0.002991869513,0.05635277105,0.9963006706,0.05746471474,0.05643213702,0.9979565219,0.003184586088,0.9959172196,0.0008981942967
3.78,79.31017407,-0.003053243657,0.05689532153,0.9962226301,0.05802032653,0.05697718762,0.9979107611,0.003246399909,0.995825887,0.0009277130491
3.815,78.5825578,-0.003115391016,0.0574381568,0.9961452493,0.05857534785,0.05752258267,0.9978659374,0.003308847518,0.9957364291,0.0009547234055
3.85,77.86817091,-0.003178327784,0.05798126894,0.9960686348,0.05912973059,0.05806831593,0.9978221536,0.003371929315,0.9956490502,0.0009790205117
3.885,77.16665586,-0.003242068622,0.05852465168,0.9959928677,0.05968344435,0.05861438273,0.9977794876,0.003435645863,0.995563906,0.001000448164
3.92,76.47766786,-0.003306626508,0.0590683005,0.9959180033,0.06023647633,0.05916078011,0.9977379928,0.003499997903,0.9954811023,0.001018899804
3.955,75.80087434,-0.003372012619,0.05961221271,0.9958440706,0.06078883084,0.05970750684,0.9976976972,0.003564986373,0.995400695,0.001034318644
3.99,75.13595439,-0.00343823624,0.06015638745,0.9957710732,0.06134052867,0.06025456347,0.9976586042,0.003630612419,0.9953226906,0.001046696967
4.025,74.48259826,-0.003505304698,0.06070082574,0.9956989892,0.06189160607,0.06080195232,0.9976206934,0.003696877406,0.995247048,0.00105607463
4.06,73.8405069,-0.003573223334,0.06124553045,0.9956277732,0.0624421137,0.06134967746,0.9975839214,0.003763782925,0.9951736802,0.001062536837
4.095,73.20939145,-0.003641995493,0.06179050624,0.9955573572,0.06299211522,0.06189774465,0.9975482234,0.003831330792,0.995102458,0.001066211234
4.13,72.58897288,-0.003711622549,0.06233575952,0.9954876527,0.0635416858,0.06244616126,0.997513515,0.003899523056,0.9950332125,0.001067264414
4.165,71.97898151,-0.003782103959,0.06288129832,0.9954185528,0.06409091054,0.06299493621,0.9974796941,0.003968361988,0.9949657401,0.001065897895
4.2,71.37915667,-0.003853437336,0.06342713221,0.9953499344,0.06463988273,0.06354407981,0.9974466433,0.004037850079,0.9948998063,0.001062343667
4.235,70.78924628,-0.003925618551,0.06397327214,0.9952816605,0.06518870207,0.06409360366,0.9974142322,0.00410799003,0.9948351506,0.001056859398
4.27,70.20900656,-0.003998641856,0.06451973033,0.9952135834,0.06573747287,0.06464352047,0.9973823198,0.004178784739,0.9947714919,0.001049723383
4.305,69.63820163,-0.00407250003,0.06506652006,0.9951455469,0.06628630225,0.06519384395,0.9973507574,0.004250237289,0.9947085334,0.001041229335
4.34,69.07660323,-0.004147184535,0.06561365553,0.9950773894,0.06683529832,0.06574458861,0.9973193911,0.004322350931,0.994645968,0.001031681109
4.375,68.5239904,-0.004222685696,0.06616115166,0.9950089464,0.06738456853,0.06629576957,0.9972880645,0.004395129063,0.9945834835,0.001021387439
4.41,67.98014921,-0.004298992886,0.06670902394,0.9949400535,0.06793421794,0.06684740245,0.9972566209,0.004468575215,0.994520768,0.00101065679
4.445,67.44487244,-0.004376094727,0.0672572882,0.9948705487,0.06848434776,0.06739950312,0.9972249067,0.004542693021,0.9944575146,0.0009997923914
4.48,66.91795937,-0.004453979288,0.06780596047,0.9948002752,0.06903505385,0.06795208758,0.9971927729,0.004617486206,0.9943934263,0.0009890875372
4.515,66.3992155,-0.004532634299,0.06835505675,0.9947290835,0.06958642551,0.06850517175,0.9971600775,0.004692958557,0.9943282202,0.0009788212102
4.55,65.88845231,-0.004612047351,0.06890459288,0.9946568336,0.07013854434,0.06905877136,0.997126688,0.004769113901,0.994261632,0.0009692541022
4.585,65.38548702,-0.004692206108,0.06945458436,0.9945833967,0.07069148327,0.06961290173,0.9970924826,0.004845956087,0.9941934188,0.0009606250741
4.62,64.89014242,-0.0047730985,0.07000504618,0.9945086572,0.07124530578,0.0701675777,0.9970573519,0.00492348896,0.9941233629,0.0009531481014
4.655,64.40224662,-0.004854712921,0.07055599268,0.9944325138,0.07180006535,0.07072281344,0.9970212003,0.005001716341,0.9940512739,0.0009470097385
4.69,63.92163284,-0.004937038404,0.07110743746,0.9943548805,0.07235580496,0.07127862239,0.9969839471,0.00508064201,0.9939769909,0.0009423671252
4.725,63.44813926,-0.005020064795,0.07165939321,0.9942756875,0.07291255696,0.07183501712,0.996945527,0.005160269685,0.9939003838,0.0009393465489
4.76,62.98160882,-0.005103782904,0.07221187165,0.9941948819,0.07347034292,0.07239200927,0.9969058905,0.005240603007,0.9938213544,0.0009380425685
4.795,62.52188905,-0.00518818464,0.07276488345,0.9941124273,0.0740291738,0.07294960948,0.9968650043,0.005321645524,0.9937398368,0.000938517693
4.83,62.06883188,-0.005273263136,0.07331843818,0.9940283046,0.07458905025,0.07350782735,0.9968228512,0.005403400682,0.9936557967,0.0009408026032
4.865,61.62229353,-0.00535901284,0.07387254424,0.9939425106,0.07514996299,0.07406667139,0.9967794296,0.005485871811,0.9935692313,0.0009448968916
4.9,61.18213429,-0.005445429599,0.07442720885,0.9938550582,0.07571189344,0.07462614904,0.9967347529,0.00556906212,0.9934801676,0.0009507702928
4.935,60.74821844,-0.005532510718,0.07498243806,0.9937659753,0.0762748144,0.07518626665,0.9966888486,0.005652974693,0.9933886609,0.000958364366
4.97,60.32041408,-0.005620254989,0.07553823676,0.9936753034,0.07683869085,0.07574702951,0.9966417576,0.00573761248,0.9932947929,0.0009675945857
5.005,59.89859301,-0.005708662713,0.07609460871,0.9935830967,0.0774034809,0.07630844189,0.9965935324,0.005822978304,0.9931986689,0.000978352793
5.04,59.48263056,-0.005797735685,0.07665155655,0.9934894206,0.07796913675,0.07687050709,0.9965442364,0.00590907486,0.9931004152,0.0009905099545
5.075,59.07240552,-0.005887477175,0.07720908194,0.9933943501,0.07853560574,0.0774332275,0.9964939418,0.005995904721,0.9930001761,0.001003919171
5.11,58.6678,-0.005977891872,0.07776718556,0.9932979678,0.07910283144,0.07799660467,0.9964427283,0.00608347034,0.9928981108,0.001018418878
5.145,58.26869932,-0.00606898582,0.07832586724,0.9932003628,0.07967075475,0.07856063943,0.9963906813,0.006171774067,0.9927943897,0.001033836184
5.18,57.87499189,-0.006160766334,0.07888512604,0.9931016282,0.08023931502,0.07912533192,0.9963378903,0.006260818152,0.9926891916,0.001049990271
5.215,57.48656913,-0.0062532419,0.07944496037,0.9930018598,0.08080845116,0.07969068178,0.996284447,0.006350604763,0.9925826994,0.001066695817
5.25,57.10332533,-0.006346422055,0.08000536809,0.9929011542,0.08137810271,0.08025668818,0.996230444,0.006441135997,0.9924750976,0.001083766373
5.285,56.72515762,-0.006440317268,0.08056634663,0.9927996068,0.08194821084,0.08082334995,0.9961759726,0.006532413896,0.9923665685,0.001101017634
5.32,56.35196579,-0.006534938793,0.08112789311,0.9926973103,0.08251871936,0.08139066572,0.9961211216,0.006624440466,0.992257289,0.00111827057
5.355,55.98365229,-0.006630298533,0.08169000446,0.9925943534,0.08308957561,0.081958634,0.9960659757,0.006717217688,0.992147428,0.00113535435
5.39,55.62012208,-0.006726408879,0.08225267756,0.9924908188,0.08366073128,0.08252725333,0.9960106141,0.006810747542,0.9920371434,0.001152109032
5.425,55.26128258,-0.006823282563,0.08281590931,0.9923867825,0.08423214311,0.08309652231,0.9959551094,0.00690503202,0.99192658,0.001168387972
5.46,54.90704359,-0.0069209325,0.08337969681,0.9922823121,0.08480377358,0.08366643979,0.9958995265,0.007000073147,0.9918158669,0.001184059922
5.495,54.5573172,-0.007019371632,0.08394403741,0.9921774663,0.08537559137,0.0842370049,0.9958439216,0.007095872994,0.9917051162,0.001199010804
5.53,54.21201772,-0.007118612779,0.08450892884,0.9920722938,0.08594757181,0.08480821718,0.9957883416,0.007192433701,0.9915944212,0.00121314512
5.565,53.87106164,-0.007218668491,0.08507436929,0.9919668329,0.08651969717,0.08538007663,0.9957328234,0.007289757485,0.9914838555,0.001226387006
5.6,53.5343675,-0.007319550917,0.08564035751,0.991861111,0.08709195686,0.08595258379,0.9956773938,0.007387846661,0.9913734724,0.001238680906
5.635,53.2018559,-0.007421271671,0.08620689286,0.9917551445,0.08766434748,0.08652573981,0.9956220691,0.00748670365,0.9912633045,0.001249991885
5.67,52.87344938,-0.007523841718,0.08677397537,0.9916489387,0.08823687282,0.08709954647,0.9955668553,0.007586330995,0.9911533634,0.001260305569
5.705,52.54907239,-0.007627271276,0.08734160579,0.9915424882,0.08880954367,0.08767400623,0.9955117482,0.007686731369,0.9910436409,0.001269627743
5.74,52.22865122,-0.007731569721,0.08790978565,0.9914357767,0.08938237763,0.08824912228,0.9954567338,0.007787907583,0.9909341088,0.001277983602
5.775,51.91211394,-0.007836745519,0.08847851723,0.9913287784,0.08995539871,0.08882489849,0.9954017886,0.007889862592,0.9908247207,0.001285416706
5.81,51.59939036,-0.007942806166,0.08904780362,0.991221458,0.09052863698,0.08940133948,0.9953468807,0.0079925995,0.9907154129,0.001291987634
5.845,51.29041198,-0.008049758154,0.08961764869,0.9911137716,0.09110212797,0.08997845054,0.9952919702,0.008096121562,0.990606106,0.001297772402
5.88,50.9851119,-0.008157606944,0.09018805704,0.9910056681,0.09167591218,0.09055623769,0.9952370105,0.008200432184,0.9904967072,0.001302860653
5.915,50.68342485,-0.008266356967,0.09075903404,0.9908970898,0.09225003436,0.09113470754,0.9951819489,0.008305534918,0.9903871114,0.001307353662
5.95,50.38528706,-0.008376011632,0.09133058574,0.9907879736,0.09282454291,0.09171386734,0.9951267278,0.008411433462,0.9902772043,0.001311362213
5.985,50.09063626,-0.00848657336,0.0919027188,0.9906782522,0.09339948908,0.09229372487,0.9950712859,0.008518131651,0.990166864,0.001315004354
6.02,49.79941163,-0.008598043627,0.0924754405,0.9905678557,0.09397492627,0.09287428842,0.9950155594,0.00862563345,0.9900559634,0.001318403113
6.055,49.51155376,-0.008710423026,0.09304875859,0.990456712,0.09455090925,0.09345556669,0.994959483,0.008733942945,0.9899443729,0.001321684172
6.09,49.2270046,-0.008823711345,0.09362268125,0.9903447491,0.09512749336,0.0940375687,0.9949029913,0.008843064327,0.9898319621,0.001324973578
6.125,48.94570743,-0.00893790765,0.09419721701,0.9902318953,0.0957047338,0.09462030377,0.9948460196,0.008953001886,0.9897186026,0.001328395499
6.16,48.66760682,-0.009053010387,0.09477237464,0.9901180811,0.09628268483,0.09520378139,0.9947885051,0.009063759991,0.9896041699,0.001332070082
6.195,48.39264859,-0.009169017491,0.09534816305,0.9900032398,0.09686139909,0.09578801114,0.9947303883,0.009175343079,0.9894885455,0.001336111434
6.23,48.12077978,-0.009285926498,0.09592459123,0.9898873089,0.09744092688,0.09637300262,0.9946716134,0.009287755634,0.9893716186,0.001340625772
6.265,47.8519486,-0.009403734669,0.09650166813,0.9897702308,0.09802131556,0.09695876535,0.9946121295,0.009401002178,0.9892532881,0.001345709744
6.3,47.58610444,-0.009522439116,0.09707940256,0.9896519536,0.09860260895,0.0975453087,0.9945518909,0.009515087249,0.9891334638,0.001351448976
6.335,47.32319779,-0.009642036925,0.09765780311,0.989532432,0.0991848468,0.09813264179,0.9944908586,0.009630015384,0.9890120678,0.001357916838
6.37,47.06318022,-0.009762525284,0.09823687804,0.9894116276,0.09976806433,0.09872077343,0.9944289997,0.009745791107,0.9888890354,0.001365173461
6.405,46.80600437,-0.009883901606,0.09881663523,0.9892895095,0.1003522919,0.09930971206,0.9943662887,0.009862418909,0.9887643161,0.00137326501
6.44,46.55162391,-0.01000616365,0.09939708208,0.9891660546,0.1009375545,0.09989946565,0.9943027072,0.009979903238,0.9886378736,0.001382223211
6.475,46.29999351,-0.01012930962,0.09997822545,0.9890412478,0.1015238719,0.1004900417,0.9942382443,0.01009824848,0.9885096864,0.001392065151
6.51,46.05106882,-0.0102533383,0.1005600716,0.9889150816,0.1021112581,0.1010814471,0.9941728963,0.01021745894,0.9883797477,0.001402793336
6.545,45.80480642,-0.01037824912,0.1011426261,0.9887875567,0.1026997215,0.1016736882,0.9941066669,0.01033753887,0.9882480651,0.001414395994
6.58,45.56116383,-0.01050404223,0.1017258938,0.9886586811,0.1032892648,0.1022667707,0.9940395666,0.01045849238,0.98811466,0.001426847636
6.615,45.32009947,-0.01063071861,0.1023098791,0.9885284701,0.103879885,0.1028606996,0.9939716126,0.01058032353,0.9879795666,0.001440109823
6.65,45.08157263,-0.0107582801,0.1028945851,0.9883969455,0.1044715739,0.1034554795,0.993902828,0.01070303624,0.9878428316,0.001454132164
6.685,44.84554346,-0.01088672945,0.1034800148,0.9882641354,0.105064318,0.1040511141,0.9938332416,0.01082663434,0.9877045122,0.001468853478
6.72,44.61197292,-0.01101607034,0.10406617,0.9881300731,0.1056580989,0.1046476065,0.9937628869,0.01095112154,0.9875646753,0.001484203138
6.755,44.3808228,-0.01114630739,0.1046530519,0.9879947969,0.1062528937,0.1052449592,0.9936918013,0.01107650145,0.987423396,0.001500102533
6.79,44.15205567,-0.01127744618,0.1052406612,0.9878583483,0.1068486753,0.1058431744,0.9936200259,0.01120277756,0.9872807558,0.00151646665
6.825,43.92563487,-0.0114094932,0.1058289977,0.9877207724,0.1074454131,0.1064422533,0.9935476038,0.01132995329,0.987136841,0.001533205726
6.86,43.70152449,-0.01154245586,0.1064180608,0.9875821158,0.1080430733,0.107042197,0.99347458,0.01145803195,0.9869917411,0.001550226954
6.895,43.47968934,-0.01167634237,0.1070078492,0.9874424265,0.1086416195,0.1076430061,0.9934010001,0.01158701676,0.986845547,0.001567436196
6.93,43.26009495,-0.01181116176,0.1075983613,0.9873017524,0.1092410134,0.1082446807,0.9933269096,0.01171691091,0.9866983494,0.001584739694
6.965,43.04270754,-0.01194692374,0.1081895952,0.9871601411,0.1098412153,0.1088472209,0.993252353,0.0118477175,0.9865502368,0.001602045731
7,42.827494,-0.01208363867,0.1087815485,0.9870176382,0.1104421846,0.1094506264,0.993177373,0.01197943962,0.9864012942,0.001619266224
7.035,42.61442189,-0.01222131741,0.1093742188,0.9868742868,0.1110438805,0.1100548969,0.9931020096,0.01211208033,0.9862516014,0.001636318226
7.07,42.40345941,-0.01235997127,0.1099676035,0.9867301272,0.1116462628,0.1106600322,0.9930262997,0.01224564272,0.986101232,0.001653125297
7.105,42.19457537,-0.01249961184,0.1105617003,0.9865851954,0.1122492922,0.1112660319,0.9929502764,0.01238012986,0.9859502514,0.001669618746
7.14,41.98773922,-0.01264025096,0.1111565066,0.9864395229,0.1128529309,0.1118728962,0.992873968,0.01251554491,0.9857987164,0.001685738699
7.175,41.78292098,-0.01278190052,0.1117520205,0.9862931362,0.1134571434,0.1124806253,0.9927973982,0.01265189108,0.9856466739,0.001701435006
7.21,41.58009126,-0.01292457239,0.1123482403,0.9861460562,0.1140618967,0.1130892199,0.9927205853,0.01278917166,0.9854941604,0.001716667944
7.245,41.37922126,-0.01306827828,0.1129451645,0.9859982978,0.114667161,0.1136986811,0.9926435418,0.01292739009,0.9853412012,0.001731408737
7.28,41.18028269,-0.01321302966,0.1135427926,0.9858498701,0.1152729099,0.1143090106,0.992566275,0.01306654991,0.9851878102,0.001745639864
7.315,40.98324785,-0.01335883763,0.1141411245,0.9857007757,0.1158791211,0.1149202108,0.9924887858,0.01320665484,0.98503399,0.001759355166
7.35,40.78808952,-0.0135057128,0.1147401608,0.9855510111,0.1164857761,0.1155322846,0.9924110698,0.01334770878,0.9848797315,0.00177255975
7.385,40.59478104,-0.01365366524,0.1153399031,0.9854005664,0.1170928612,0.1161452359,0.9923331167,0.01348971583,0.9847250145,0.001785269693
7.42,40.40329623,-0.01380270439,0.1159403538,0.9852494261,0.1177003672,0.1167590694,0.9922549109,0.01363268029,0.9845698081,0.001797511562
7.455,40.21360939,-0.01395283896,0.1165415162,0.9850975688,0.1183082897,0.1173737906,0.9921764317,0.01377660672,0.9844140715,0.001809321749
7.49,40.02569533,-0.0141040769,0.1171433947,0.9849449679,0.1189166289,0.1179894059,0.9920976537,0.01392149991,0.9842577544,0.00182074565
7.525,39.8395293,-0.01425642536,0.1177459947,0.9847915919,0.1195253899,0.1186059228,0.9920185474,0.01406736492,0.9841007984,0.001831836688
7.56,39.65508704,-0.01440989065,0.1183493224,0.9846374052,0.1201345826,0.1192233495,0.9919390796,0.01421420707,0.9839431377,0.001842655216
7.595,39.4723447,-0.01456447823,0.1189533855,0.9844823684,0.1207442213,0.1198416954,0.9918592142,0.01436203196,0.9837847007,0.001853267312
7.63,39.2912789,-0.01472019271,0.1195581924,0.9843264392,0.1213543247,0.1204609707,0.9917789124,0.01451084545,0.9836254111,0.001863743487
7.665,39.11186667,-0.01487703789,0.1201637526,0.984169573,0.1219649155,0.1210811864,0.991698134,0.0146606537,0.983465189,0.001874157333
7.7,38.93408545,-0.01503501676,0.1207700766,0.9840117235,0.1225760203,0.1217023546,0.9916168377,0.01481146312,0.9833039527,0.001884584142
7.735,38.75791312,-0.01519413157,0.1213771757,0.9838528438,0.1231876689,0.1223244882,0.9915349818,0.0149632804,0.9831416201,0.001895099502
7.77,38.58332793,-0.01535438391,0.1219850621,0.9836928869,0.1237998943,0.1229476005,0.9914525251,0.01511611248,0.9829781096,0.001905777921
7.805,38.41030852,-0.01551577473,0.1225937489,0.9835318064,0.1244127319,0.123571706,0.9913694276,0.01526996653,0.982813342,0.001916691472
7.84,38.23883393,-0.01567830449,0.1232032496,0.9833695572,0.125026219,0.1241968194,0.9912856508,0.01542484995,0.9826472415,0.001927908518
7.875,38.06888356,-0.01584197323,0.1238135786,0.9832060966,0.1256403945,0.124822956,0.9912011588,0.01558077035,0.9824797371,0.001939492505
7.91,37.90043717,-0.01600678067,0.1244247503,0.9830413843,0.1262552985,0.1254501316,0.9911159184,0.01573773551,0.9823107636,0.001951500866
7.945,37.73347489,-0.01617272634,0.1250367798,0.9828753834,0.1268709712,0.1260783621,0.9910298999,0.01589575338,0.9821402626,0.001963984048
7.98,37.56797719,-0.01633980971,0.1256496822,0.9827080608,0.1274874529,0.1267076636,0.9909430777,0.01605483201,0.9819681833,0.001976984672
8.015,37.40392489,-0.01650803028,0.1262634726,0.9825393875,0.1281047833,0.1273380524,0.9908554302,0.01621497958,0.9817944836,0.001990536849
8.05,37.24129913,-0.01667738772,0.1268781662,0.9823693394,0.1287230008,0.1279695445,0.9907669403,0.01637620432,0.98161913,0.002004665664
8.085,37.08008139,-0.01684788201,0.1274937777,0.982197897,0.1293421423,0.1286021558,0.9906775957,0.01653851448,0.9814420987,0.002019386818
8.12,36.92025345,-0.01701951355,0.1281103216,0.9820250459,0.1299622425,0.1292359019,0.990587389,0.01670191834,0.9812633752,0.002034706465
8.155,36.76179742,-0.01719228325,0.1287278117,0.9818507767,0.1305833335,0.1298707978,0.9904963173,0.01686642412,0.9810829547,0.002050621209
8.19,36.60469573,-0.01736619267,0.1293462614,0.9816750853,0.1312054445,0.130506858,0.9904043829,0.01703203998,0.9809008417,0.002067118299
8.225,36.44893106,-0.0175412441,0.1299656829,0.9814979724,0.1318286015,0.1311440962,0.9903115924,0.01719877398,0.98071705,0.002084175981
8.26,36.29448644,-0.01771744067,0.1305860878,0.9813194437,0.1324528266,0.1317825255,0.9902179568,0.01736663404,0.9805316019,0.002101764029
8.295,36.14134515,-0.01789478637,0.1312074866,0.9811395093,0.1330781386,0.132422158,0.9901234911,0.01753562792,0.9803445276,0.00211984443
8.33,35.98949076,-0.01807328618,0.1318298886,0.9809581833,0.1337045518,0.1330630046,0.990028214,0.0177057632,0.9801558646,0.002138372217
8.365,35.83890711,-0.01825294605,0.1324533018,0.9807754838,0.1343320767,0.1337050754,0.9899321474,0.01787704719,0.9799656564,0.00215729643
8.4,35.68957833,-0.01843377295,0.133077733,0.9805914317,0.1349607198,0.1343483793,0.9898353155,0.01804948702,0.9797739518,0.002176561195
8.435,35.5414888,-0.01861577491,0.1337031878,0.9804060508,0.1355904834,0.1349929239,0.9897377449,0.0182230895,0.9795808036,0.002196106899
8.47,35.39462314,-0.01879896092,0.13432967,0.9802193667,0.1362213659,0.1356387157,0.9896394633,0.01839786118,0.9793862674,0.002215871433
8.505,35.24896626,-0.01898334102,0.1349571824,0.9800314064,0.1368533621,0.1362857598,0.9895404995,0.01857380833,0.9791904002,0.002235791501
8.54,35.10450328,-0.01916892613,0.1355857262,0.9798421973,0.1374864631,0.1369340604,0.9894408821,0.01875093689,0.9789932592,0.002255803947
8.575,34.96121959,-0.01935572809,0.1362153012,0.9796517669,0.1381206571,0.13758362,0.9893406392,0.0189292525,0.9787949004,0.0022758471
8.61,34.81910081,-0.01954375948,0.1368459059,0.9794601418,0.1387559296,0.1382344404,0.9892397977,0.01910876051,0.9785953774,0.002295862097
8.645,34.67813279,-0.0197330336,0.1374775376,0.9792673469,0.1393922635,0.1388865218,0.9891383826,0.01928946595,0.9783947399,0.002315794169
8.68,34.53830161,-0.01992356429,0.1381101921,0.979073405,0.1400296404,0.1395398637,0.9890364162,0.01947137357,0.9781930326,0.002335593868
8.715,34.39959357,-0.02011536582,0.1387438644,0.9788783358,0.1406680405,0.1401944644,0.9889339179,0.01965448785,0.9779902939,0.002355218202
8.75,34.2619952,-0.02030845278,0.1393785485,0.9786821556,0.1413074434,0.1408503214,0.9888309033,0.01983881303,0.9777865553,0.002374631682
8.785,34.12549323,-0.02050283984,0.1400142374,0.9784848765,0.1419478288,0.1415074313,0.9887273839,0.0200243531,0.9775818397,0.002393807226
8.82,33.9900746,-0.02069854167,0.1406509234,0.9782865059,0.1425891772,0.1421657901,0.9886233667,0.02021111189,0.9773761612,0.00241272694
8.855,33.85572648,-0.02089557273,0.1412885985,0.9780870463,0.1432314705,0.1428253935,0.9885188538,0.02039909304,0.9771695242,0.002431382737
8.89,33.72243622,-0.02109394708,0.1419272542,0.9778864944,0.1438746926,0.1434862366,0.988413842,0.0205883001,0.9769619231,0.002449776784
8.925,33.59019137,-0.02129367827,0.1425668818,0.9776848415,0.1445188303,0.1441483143,0.9883083232,0.02077873653,0.9767533417,0.002467921781
8.96,33.45897969,-0.02149477908,0.1432074728,0.9774820729,0.1451638739,0.1448116217,0.9882022835,0.02097040578,0.9765437532,0.002485841049
8.995,33.32878911,-0.02169726141,0.1438490186,0.9772781678,0.1458098178,0.1454761538,0.988095704,0.02116331132,0.9763331203,0.002503568429
9.03,33.19960775,-0.0219011361,0.1444915116,0.9770730995,0.1464566611,0.146141906,0.9879885603,0.02135745668,0.9761213953,0.00252114799
9.065,33.07142394,-0.0221064128,0.1451349443,0.9768668353,0.1471044081,0.1468088742,0.9878808232,0.02155284556,0.9759085209,0.002538633553
9.1,32.94422615,-0.0223130998,0.1457793105,0.9766593371,0.1477530692,0.1474770551,0.9877724587,0.02174948179,0.9756944302,0.00255608802
9.135,32.81800307,-0.02252120392,0.1464246047,0.9764505611,0.1484026608,0.1481464461,0.9876634285,0.0219473695,0.975479048,0.002573582536
9.17,32.69274351,-0.02273073041,0.147070823,0.9762404587,0.1490532059,0.1488170456,0.9875536904,0.02214651307,0.9752622915,0.002591195475
9.205,32.5684365,-0.02294168288,0.1477179625,0.976028977,0.1497047346,0.1494888533,0.9874431991,0.02234691725,0.9750440715,0.002609011279
9.24,32.44507121,-0.0231540632,0.1483660222,0.9758160589,0.150357284,0.15016187,0.9873319065,0.02254858719,0.9748242937,0.002627119149
9.275,32.32263698,-0.0233678715,0.1490150028,0.9756016443,0.1510108984,0.1508360981,0.9872197627,0.02275152848,0.9746028599,0.002645611625
9.31,32.20112331,-0.02358310612,0.1496649067,0.9753856707,0.1516656294,0.1515115414,0.9871067165,0.02295574719,0.9743796698,0.002664583055
9.345,32.08051985,-0.02379976366,0.1503157384,0.9751680737,0.1523215354,0.1521882057,0.9869927163,0.02316124995,0.9741546221,0.002684127988
9.38,31.96081642,-0.02401783901,0.1509675043,0.9749487881,0.1529786819,0.1528660981,0.986877711,0.02336804395,0.9739276165,0.002704339509
9.415,31.84200297,-0.0242373254,0.1516202131,0.9747277489,0.1536371409,0.1535452277,0.9867616508,0.02357613695,0.9736985555,0.002725307542
9.45,31.72406963,-0.0244582145,0.1522738753,0.9745048919,0.1542969903,0.1542256054,0.9866444879,0.02378553737,0.9734673455,0.002747117142
9.485,31.60700664,-0.02468049656,0.1529285039,0.9742801548,0.1549583136,0.1549072439,0.9865261775,0.02399625423,0.973233899,0.002769846807
9.52,31.49080441,-0.02490416057,0.1535841137,0.9740534782,0.155621199,0.1555901578,0.9864066788,0.02420829721,0.972998136,0.002793566831
9.555,31.37545348,-0.02512919438,0.1542407217,0.9738248064,0.1562857389,0.1562743633,0.9862859553,0.02442167663,0.9727599856,0.002818337729
9.59,31.26094453,-0.02535558496,0.1548983466,0.9735940882,0.1569520284,0.1569598785,0.9861639761,0.02463640346,0.9725193878,0.00284420875
9.625,31.14726836,-0.02558331859,0.1555570091,0.9733612781,0.1576201652,0.157646723,0.9860407163,0.02485248926,0.9722762942,0.002871216512
9.66,31.03441594,-0.02581238109,0.1562167315,0.9731263369,0.1582902476,0.1583349179,0.9859161577,0.02506994623,0.97203067,0.002899383772
9.695,30.92237834,-0.02604275811,0.1568775377,0.9728892322,0.1589623741,0.1590244858,0.9857902893,0.02528878709,0.9717824946,0.002928718365
9.73,30.81114676,-0.02627443538,0.1575394527,0.9726499397,0.1596366416,0.1597154504,0.9856631081,0.0255090251,0.9715317626,0.002959212315
9.765,30.70071254,-0.02650739902,0.1582025025,0.9724084432,0.1603131446,0.1604078365,0.9855346188,0.02573067401,0.9712784848,0.002990841148
9.8,30.59106714,-0.0267416358,0.1588667142,0.9721647356,0.1609919735,0.1611016696,0.9854048349,0.02595374795,0.9710226886,0.003023563419
9.835,30.48220214,-0.02697713345,0.159532115,0.9719188187,0.1616732135,0.161796976,0.9852737782,0.02617826144,0.9707644181,0.003057320458
9.87,30.37410922,-0.02721388097,0.1601987326,0.9716707042,0.1623569429,0.1624937822,0.9851414794,0.02640422925,0.9705037344,0.00309203636
9.905,30.26678021,-0.02745186892,0.1608665946,0.9714204135,0.1630432322,0.1631921149,0.9850079773,0.02663166636,0.9702407154,0.003127618204
9.94,30.16020704,-0.02769108973,0.161535728,0.9711679778,0.1637321426,0.1638920007,0.9848733196,0.02686058789,0.9699754556,0.003163956526
9.975,30.05438175,-0.02793153795,0.1622061594,0.9709134379,0.1644237243,0.1645934657,0.9847375615,0.02709100895,0.969708065,0.003200926037
10.01,29.9492965,-0.02817321052,0.1628779139,0.9706568444,0.165118016,0.1652965355,0.9846007662,0.02732294464,0.9694386688,0.003238386577
10.045,29.84494355,-0.02841610708,0.1635510157,0.9703982571,0.1658150429,0.1660012346,0.9844630038,0.02755640989,0.9691674058,0.003276184316
10.08,29.74131528,-0.02866023013,0.164225487,0.9701377445,0.1665148163,0.1667075864,0.9843243507,0.02779141937,0.9688944275,0.003314153174
10.115,29.63840415,-0.02890558529,0.164901348,0.9698753837,0.1672173323,0.1674156129,0.9841848892,0.02802798743,0.9686198961,0.003352116469
10.15,29.53620276,-0.02915218146,0.1655786167,0.969611259,0.1679225707,0.1681253342,0.9840447059,0.028266128,0.9683439832,0.003389888763
10.185,29.43470378,-0.02940003099,0.1662573085,0.9693454616,0.1686304948,0.1688367687,0.9839038915,0.02850585445,0.9680668677,0.003427277892
10.22,29.3339,-0.0296491498,0.1669374359,0.9690780886,0.1693410504,0.1695499324,0.983762539,0.02874717959,0.9677887332,0.003464087174
10.255,29.2337843,-0.02989955749,0.1676190083,0.9688092421,0.1700541655,0.1702648393,0.9836207434,0.0289901155,0.9675097668,0.00350011775
10.29,29.13434966,-0.03015127736,0.168302032,0.9685390276,0.17076975,0.1709815005,0.9834785994,0.0292346735,0.9672301554,0.003535171062
10.325,29.03558915,-0.03040433649,0.1689865096,0.9682675532,0.1714876958,0.1716999246,0.9833362011,0.0294808641,0.9669500845,0.003569051416
10.36,28.93749595,-0.03065876568,0.1696724402,0.9679949286,0.1722078766,0.1724201174,0.9831936404,0.02972869689,0.9666697345,0.003601568629
10.395,28.8400633,-0.03091459942,0.1703598194,0.9677212628,0.1729301486,0.1731420819,0.9830510052,0.02997818052,0.9663892788,0.003632540707
10.43,28.74328456,-0.03117187583,0.1710486388,0.9674466638,0.1736543507,0.173865818,0.9829083786,0.03022932267,0.9661088808,0.003661796554
10.465,28.64715318,-0.03143063651,0.1717388863,0.9671712364,0.1743803052,0.1745913228,0.9827658375,0.03048212999,0.9658286914,0.003689178652
10.5,28.55166267,-0.03169092642,0.1724305463,0.9668950811,0.1751078191,0.1753185903,0.9826234509,0.03073660812,0.9655488462,0.003714545711
10.535,28.45680664,-0.03195279365,0.1731235993,0.9666182925,0.1758366848,0.1760476119,0.9824812788,0.03099276166,0.9652694631,0.003737775245
10.57,28.36257881,-0.03221628926,0.1738180224,0.9663409577,0.1765666818,0.176778376,0.982339371,0.03125059421,0.9649906398,0.003758766039
10.605,28.26897294,-0.03248146703,0.1745137894,0.9660631553,0.1772975779,0.1775108684,0.9821977658,0.03151010839,0.9647124511,0.003777440503
10.64,28.17598289,-0.03274838315,0.1752108708,0.9657849532,0.178029131,0.1782450725,0.9820564888,0.03177130585,0.9644349473,0.003793746856
10.675,28.08360262,-0.033017096,0.1759092345,0.9655064079,0.1787610912,0.1789809694,0.9819155521,0.0320341874,0.9641581515,0.003807661132
10.71,27.99182614,-0.0332876658,0.1766088455,0.9652275629,0.1794932027,0.1797185383,0.9817749528,0.03229875301,0.963882058,0.003819188984
10.745,27.90064756,-0.03356015434,0.1773096669,0.9649484473,0.180225206,0.1804577567,0.9816346728,0.03256500195,0.9636066308,0.003828367241
10.78,27.81006104,-0.0338346246,0.1780116599,0.9646690747,0.1809568406,0.1811986006,0.9814946775,0.03283293287,0.9633318019,0.00383526522
10.815,27.72006084,-0.03411114051,0.1787147841,0.9643894424,0.1816878469,0.1819410453,0.9813549156,0.03310254395,0.9630574703,0.003839985747
10.85,27.63064129,-0.03438976653,0.1794189984,0.9641095298,0.1824179696,0.1826850651,0.9812153184,0.03337383302,0.9627835011,0.003842665883
10.885,27.54179678,-0.03467056742,0.1801242612,0.9638292982,0.1831469597,0.1834306346,0.9810757998,0.0336467977,0.962509725,0.003843477321
10.92,27.45352179,-0.0349536079,0.180830531,0.9635486897,0.183874578,0.1841777284,0.9809362558,0.03392143563,0.9622359379,0.003842626428
10.955,27.36581086,-0.03523895236,0.1815377669,0.9632676268,0.1846005975,0.184926322,0.9807965648,0.03419774458,0.9619619015,0.003840353925
10.99,27.2786586,-0.03552666462,0.1822459295,0.9629860119,0.1853248066,0.1856763924,0.9806565878,0.0344757227,0.9616873431,0.003836934166
11.025,27.19205968,-0.0358168077,0.1829549809,0.9627037273,0.1860470121,0.1864279184,0.9805161688,0.03475536876,0.9614119573,0.003832673987
11.06,27.10600886,-0.0361094436,0.1836648861,0.962420635,0.186767042,0.1871808813,0.9803751356,0.03503668231,0.9611354066,0.003827911114
11.095,27.02050095,-0.03640463315,0.1843756131,0.962136577,0.187484749,0.1879352656,0.9802333007,0.03531966404,0.9608573239,0.003823012066
11.13,26.93553082,-0.03670243588,0.185087134,0.9618513761,0.1882000129,0.1886910595,0.9800904624,0.03560431595,0.9605773145,0.003818369539
11.165,26.85109342,-0.03700290995,0.1857994252,0.9615648362,0.1889127441,0.1894482561,0.9799464062,0.03589064175,0.960294959,0.003814399215
11.2,26.76718375,-0.03730611206,0.186512469,0.9612767437,0.1896228862,0.1902068534,0.9798009068,0.03617864709,0.960009817,0.003811535939
11.235,26.68379688,-0.03761209746,0.1872262539,0.960986869,0.190330419,0.1909668558,0.97965373,0.03646834001,0.9597214308,0.003810229207
11.27,26.60092795,-0.03792091995,0.1879407754,0.9606949681,0.191035361,0.1917282745,0.9795046354,0.03675973124,0.9594293309,0.003810937902
11.305,26.51857214,-0.03823263184,0.1886560378,0.9604007849,0.1917377724,0.192491129,0.9793533791,0.03705283472,0.9591330411,0.003814124191
11.34,26.43672469,-0.03854728398,0.1893720542,0.9601040543,0.1924377571,0.1932554476,0.9791997168,0.03734766801,0.9588320855,0.003820246519
11.375,26.35538092,-0.03886492559,0.1900888487,0.959804505,0.1931354649,0.1940212691,0.9790434084,0.03764425285,0.9585259955,0.003829751603
11.41,26.2745362,-0.03918560407,0.1908064574,0.9595018635,0.1938310933,0.1947886438,0.9788842214,0.03794261574,0.9582143189,0.003843065386
11.445,26.19418593,-0.03950936457,0.1915249297,0.9591958591,0.1945248888,0.195557635,0.9787219363,0.03824278859,0.9578966285,0.003860582859
11.48,26.11432561,-0.03983624924,0.1922443306,0.9588862284,0.1952171476,0.1963283205,0.9785563519,0.03854480942,0.9575725338,0.003882656789
11.515,26.03495076,-0.04016629596,0.1929647421,0.9585727216,0.1959082156,0.1971007941,0.9783872912,0.03884872303,0.9572416916,0.003909585349
11.55,25.95605697,-0.04049953659,0.1936862652,0.958255109,0.1965984877,0.1978751672,0.978214608,0.03915458179,0.9569038194,0.003941598831
11.585,25.87763988,-0.0408359942,0.1944090218,0.9579331883,0.1972884053,0.1986515698,0.9780381936,0.03946244617,0.9565587081,0.00397884569
11.62,25.79969518,-0.04117567932,0.1951331562,0.9576067923,0.1979784529,0.1994301512,0.9778579838,0.03977238521,0.9562062364,0.004021378353
11.655,25.72221862,-0.04151858495,0.195858836,0.957275797,0.1986691532,0.2002110799,0.9776739661,0.04008447652,0.955846384,0.004069139492
11.69,25.64520599,-0.04186468001,0.1965862514,0.95694013,0.1993610599,0.2009945414,0.9774861864,0.04039880566,0.9554792447,0.004121949655
11.725,25.56865313,-0.04221390166,0.1973156129,0.9565997782,0.2000547481,0.2017807339,0.9772947549,0.04071546459,0.9551050379,0.004179497506
11.76,25.49255595,-0.04256614649,0.1980471457,0.9562547946,0.2007508029,0.2025698614,0.9770998501,0.04103454873,0.9547241171,0.00424133414
11.795,25.41691039,-0.04292126185,0.1987810798,0.955905304,0.2014498056,0.2033621213,0.976901722,0.04135615239,0.9543369745,0.004306873156
11.83,25.34171243,-0.04327903886,0.1995176357,0.9555515059,0.2021523173,0.2041576894,0.976700691,0.04168036215,0.9539442398,0.004375398092
11.865,25.26695811,-0.04363920948,0.2002570049,0.9551936743,0.2028588608,0.2049566993,0.9764971443,0.0420072486,0.9535466729,0.004446078535
11.9,25.19264353,-0.0440014507,0.2009993261,0.9548321542,0.2035699022,0.2057592204,0.9762915281,0.04233685677,0.9531451478,0.004517995422
11.935,25.11876481,-0.04436539855,0.2017446612,0.9544673527,0.204285831,0.2065652365,0.9760843346,0.04266919693,0.9527406282,0.004590174892
11.97,25.04531813,-0.04473067334,0.2024929742,0.9540997258,0.2050069434,0.2073746314,0.9758760852,0.04300423773,0.9523341336,0.004661628669
12.005,24.97229971,-0.0450969151,0.2032441202,0.9537297601,0.2057334267,0.2081871853,0.9756673091,0.04334190414,0.9519266981,0.004731397721
12.04,24.89970581,-0.04546382416,0.20399785,0.9533579507,0.2064653494,0.2090025888,0.9754585191,0.04368208211,0.9515193226,0.004798595319
12.075,24.82753275,-0.04583119924,0.2047538319,0.9529847756,0.2072026567,0.209820472,0.9752501851,0.04402463049,0.9511129235,0.004862445999
12.11,24.75577688,-0.0461989639,0.2055116892,0.9526106697,0.2079451736,0.2106404488,0.9750427084,0.04436939866,0.9507082833,0.004922318051
12.145,24.68443458,-0.04656717457,0.2062710465,0.9522359989,0.2086926148,0.2114621629,0.9748363991,0.04471624636,0.9503060051,0.004977748565
12.18,24.6135023,-0.04693600838,0.2070315739,0.9518610383,0.2094446021,0.2122853303,0.9746314573,0.04506506146,0.9499064776,0.005028460948
12.215,24.5429765,-0.04730573429,0.207793021,0.9514859556,0.2102006885,0.2131097654,0.974427962,0.04541577209,0.9495098531,0.005074374821
12.25,24.47285371,-0.04767667543,0.2085552346,0.9511108017,0.2109603848,0.2139353904,0.9742258676,0.04576835127,0.9491160411,0.005115607665
12.285,24.40313048,-0.04804917124,0.209318159,0.9507355097,0.2117231894,0.2147622279,0.9740250091,0.04612281454,0.9487247183,0.005152467113
12.32,24.33380341,-0.04842354608,0.2100818239,0.9503599015,0.2124886163,0.2155903813,0.9738251149,0.04647921253,0.9483353544,0.005185433079
12.355,24.26486912,-0.04880008791,0.2108463241,0.9499837019,0.2132562199,0.2164200105,0.973625826,0.04683762095,0.9479472491,0.005215129913
12.39,24.19632429,-0.04917903724,0.2116117972,0.9496065582,0.2140256149,0.2172513071,0.97342672,0.04719813042,0.9475595793,0.005242290294
12.425,24.12816563,-0.04956058457,0.2123784028,0.9492280636,0.2147964899,0.2180844733,0.9732273366,0.0475608375,0.9471714487,0.005267713798
12.46,24.06038989,-0.04994487373,0.2131463053,0.9488477809,0.2155686134,0.2189197065,0.9730272033,0.04792583787,0.9467819383,0.005292223825
12.495,23.99299384,-0.05033200842,0.213915662,0.9484652668,0.2163418352,0.2197571876,0.972825859,0.04829322152,0.9463901519,0.00531662655
12.53,23.9259743,-0.05072206003,0.2146866147,0.9480800929,0.2171160809,0.2205970759,0.9726228741,0.04866306989,0.9459952552,0.005341674911
12.565,23.85932813,-0.05111507536,0.215459285,0.9476918636,0.2178913434,0.2214395051,0.9724178659,0.04903545442,0.9455965058,0.005368039726
12.6,23.79305222,-0.05151108343,0.2162337728,0.9473002294,0.2186676706,0.2222845839,0.9722105095,0.04941043622,0.9451932749,0.005396288906
12.635,23.72714349,-0.05191010115,0.2170101557,0.9469048968,0.2194451533,0.2231323963,0.9720005447,0.04978806626,0.9447850589,0.005426874821
12.67,23.6615989,-0.05231213779,0.2177884899,0.9465056332,0.2202239113,0.223983004,0.9717877776,0.05016838608,0.9443714848,0.005460129134
12.705,23.59641543,-0.0527171982,0.2185688121,0.946102269,0.2210040814,0.2248364486,0.9715720804,0.0505514286,0.9439523074,0.005496263956
12.74,23.53159011,-0.0531252853,0.2193511413,0.9456946965,0.2217858063,0.2256927538,0.9713533872,0.05093721911,0.9435274029,0.005535377969
12.775,23.46712,-0.0535364016,0.2201354806,0.9452828666,0.2225692248,0.2265519281,0.9711316892,0.05132577611,0.9430967577,0.00557746615
12.81,23.40300219,-0.05395055025,0.2209218196,0.9448667837,0.223354465,0.2274139667,0.9709070274,0.05171711223,0.9426604559,0.005622431821
12.845,23.33923379,-0.05436773566,0.2217101359,0.9444464999,0.2241416379,0.2282788537,0.9706794862,0.05211123505,0.942218665,0.005670099968
12.88,23.27581196,-0.05478796372,0.2225003974,0.9440221083,0.2249308343,0.2291465641,0.9704491853,0.05250814782,0.9417716212,0.00572023096
12.915,23.21273388,-0.05521124189,0.2232925635,0.9435937364,0.225722122,0.2300170649,0.9702162727,0.05290785016,0.9413196158,0.005772534045
12.95,23.14999676,-0.05563757907,0.2240865871,0.9431615391,0.2265155452,0.2308903175,0.9699809179,0.05331033871,0.9408629811,0.005826680154
12.985,23.08759784,-0.0560669854,0.2248824156,0.9427256924,0.2273111248,0.2317662782,0.9697433055,0.05371560771,0.9404020785,0.005882313746
13.02,23.02553441,-0.05649947201,0.2256799929,0.9422863871,0.228108859,0.2326449001,0.9695036292,0.05412364953,0.9399372869,0.005939063527
13.055,22.96380375,-0.05693505075,0.2264792601,0.9418438235,0.228908726,0.233526134,0.9692620867,0.05453445524,0.9394689928,0.005996551972
13.09,22.90240321,-0.0573737339,0.2272801569,0.941398206,0.2297106855,0.2344099295,0.9690188756,0.05494801504,0.9389975813,0.006054403664
13.125,22.84133013,-0.0578155339,0.2280826228,0.9409497384,0.2305146819,0.2352962363,0.9687741887,0.0553643188,0.9385234287,0.006112252486
13.16,22.78058191,-0.0582604631,0.2288865983,0.9404986199,0.2313206469,0.2361850047,0.9685282112,0.05578335644,0.9380468958,0.006169747745
13.195,22.72015597,-0.05870853354,0.2296920253,0.9400450417,0.2321285029,0.2370761869,0.9682811174,0.05620511842,0.9375683223,0.006226559301
13.23,22.66004974,-0.05915975679,0.2304988488,0.9395891832,0.2329381655,0.2379697378,0.9680330687,0.05662959612,0.9370880221,0.006282381814
13.265,22.60026069,-0.0596141438,0.231307017,0.9391312097,0.2337495466,0.2388656155,0.9677842113,0.05705678226,0.9366062796,0.006336938178
13.3,22.54078632,-0.06007170479,0.2321164827,0.9386712701,0.2345625572,0.2397637822,0.9675346746,0.05748667124,0.9361233465,0.00638998223
13.335,22.48162415,-0.0605324492,0.2329272035,0.9382094945,0.2353771102,0.2406642049,0.9672845702,0.05791925953,0.9356394397,0.006441300819
13.37,22.42277173,-0.0609963857,0.2337391428,0.9377459931,0.2361931225,0.2415668561,0.9670339905,0.05835454596,0.9351547387,0.006490715301
13.405,22.36422663,-0.06146352217,0.2345522703,0.9372808545,0.237010517,0.2424717139,0.9667830085,0.05879253206,0.9346693854,0.006538082508
13.44,22.30598646,-0.06193386579,0.2353665621,0.936814145,0.2378292249,0.243378763,0.9665316769,0.0592332223,0.9341834824,0.00658329527
13.475,22.24804883,-0.06240742315,0.2361820017,0.9363459075,0.2386491872,0.2442879947,0.9662800283,0.05967662437,0.9336970931,0.006626282507
13.51,22.1904114,-0.06288420036,0.2369985795,0.9358761619,0.2394703556,0.2451994073,0.966028075,0.06012274935,0.9332102417,0.00666700896
13.545,22.13307183,-0.06336420319,0.2378162939,0.9354049042,0.240292694,0.2461130064,0.9657758091,0.0605716119,0.9327229135,0.006705474578
13.58,22.07602784,-0.06384743731,0.2386351507,0.9349321067,0.241116179,0.2470288048,0.9655232032,0.06102323042,0.932235056,0.006741713595
13.615,22.01927712,-0.06433390847,0.2394551635,0.9344577191,0.2419408002,0.2479468231,0.9652702106,0.06147762711,0.9317465796,0.006775793337
13.65,21.96281744,-0.06482362272,0.2402763534,0.933981668,0.2427665607,0.2488670891,0.9650167663,0.06193482805,0.9312573592,0.006807812769
13.685,21.90664655,-0.06531658664,0.2410987489,0.9335038586,0.2435934769,0.2497896379,0.9647627874,0.06239486322,0.930767236,0.006837900814
13.72,21.85076224,-0.06581280764,0.241922386,0.9330241751,0.2444215779,0.2507145119,0.9645081747,0.06285776648,0.9302760191,0.006866214469
13.755,21.79516234,-0.06631229414,0.2427473071,0.9325424823,0.2452509052,0.2516417602,0.9642528132,0.06332357547,0.9297834878,0.006892936731
13.79,21.73984467,-0.06681505589,0.2435735615,0.9320586267,0.2460815119,0.2525714385,0.9639965737,0.06379233156,0.9292893941,0.006918274354
13.825,21.68480709,-0.06732110417,0.2444012042,0.9315724381,0.2469134615,0.2535036088,0.9637393138,0.06426407966,0.9287934649,0.006942455465
13.86,21.63004747,-0.06783045204,0.2452302955,0.9310837313,0.247746827,0.2544383384,0.9634808794,0.06473886806,0.9282954049,0.006965727051
13.895,21.57556373,-0.06834311459,0.2460609007,0.9305923077,0.2485816894,0.2553757001,0.9632211062,0.06521674818,0.9277948995,0.006988352333
13.93,21.52135377,-0.06885910911,0.2468930891,0.9300979576,0.2494181364,0.2563157708,0.9629598214,0.06569777436,0.9272916176,0.007010608062
13.965,21.46741554,-0.06937845532,0.2477269333,0.9296004618,0.2502562609,0.2572586316,0.9626968447,0.06618200352,0.9267852147,0.007032781736
14,21.413747,-0.06990117551,0.2485625083,0.9290995938,0.2510961591,0.2582043665,0.9624319905,0.06666949488,0.9262753363,0.007055168777
14.035,21.36034613,-0.07042729466,0.2493998913,0.9285951219,0.2519379295,0.2591530621,0.9621650694,0.0671603096,0.9257616207,0.007078069675
14.07,21.30721095,-0.07095684061,0.25023916,0.9280868114,0.2527816705,0.2601048066,0.9618958896,0.06765451042,0.9252437025,0.007101787125
14.105,21.25433945,-0.07148984405,0.2510803924,0.9275744268,0.2536274794,0.261059689,0.961624259,0.06815216124,0.9247212156,0.007126623181
14.14,21.2017297,-0.07202633866,0.2519236657,0.9270577338,0.2544754505,0.2620177986,0.9613499866,0.0686533268,0.9241937968,0.007152876435
14.175,21.14937975,-0.07256636104,0.2527690555,0.9265365017,0.2553256735,0.2629792239,0.9610728841,0.06915807218,0.9236610886,0.007180839261
14.21,21.09728768,-0.07310995073,0.2536166351,0.9260105051,0.2561782324,0.2639440518,0.9607927677,0.06966646247,0.9231227424,0.007210795127
14.245,21.0454516,-0.07365715014,0.2544664743,0.9254795265,0.2570332036,0.2649123672,0.9605094595,0.07017856229,0.9225784217,0.007243016006
14.28,20.99386961,-0.07420800446,0.2553186391,0.9249433575,0.2578906553,0.2658842519,0.9602227891,0.07069443542,0.9220278047,0.007277759898
14.315,20.94253985,-0.07476256151,0.256173191,0.9244018014,0.2587506458,0.2668597841,0.9599325951,0.07121414437,0.9214705871,0.007315268497
14.35,20.89146049,-0.07532087163,0.2570301856,0.9238546743,0.2596132232,0.2678390376,0.9596387263,0.07173775004,0.920906485,0.007355765002
14.385,20.84062968,-0.07588298742,0.2578896731,0.9233018072,0.2604784241,0.2688220811,0.9593410429,0.07226531128,0.9203352366,0.007399452102
14.42,20.79004563,-0.07644896359,0.2587516968,0.9227430469,0.2613462735,0.269808978,0.959039418,0.07279688462,0.9197566052,0.00744651016
14.455,20.73970654,-0.07701885667,0.259616293,0.9221782575,0.2622167841,0.2707997856,0.9587337381,0.07333252389,0.9191703805,0.007497095589
14.49,20.68961063,-0.07759272473,0.2604834909,0.9216073217,0.2630899562,0.2717945547,0.9584239044,0.07387227997,0.9185763806,0.007551339453
14.525,20.63975614,-0.07817062717,0.2613533118,0.9210301414,0.2639657779,0.2727933293,0.9581098336,0.07441620051,0.9179744532,0.007609346303
14.56,20.59014135,-0.0787526243,0.2622257689,0.9204466381,0.2648442248,0.2737961463,0.957791458,0.07496432972,0.917364477,0.007671193249
14.595,20.54076451,-0.07933877712,0.2631008678,0.9198567541,0.2657252612,0.2748030353,0.9574687266,0.0755167082,0.9167463625,0.007736929289
14.63,20.49162392,-0.07992914697,0.2639786057,0.9192604521,0.26660884,0.2758140185,0.9571416052,0.07607337278,0.9161200523,0.007806574899
14.665,20.4427179,-0.08052379514,0.2648589717,0.9186577155,0.2674949036,0.2768291106,0.9568100761,0.07663435646,0.9154855217,0.007880121877
14.7,20.39404476,-0.08112278264,0.2657419472,0.9180485482,0.2683833851,0.277848319,0.9564741388,0.07719968835,0.9148427782,0.007957533463
14.735,20.34560285,-0.08172616978,0.2666275058,0.9174329741,0.2692742092,0.2788716437,0.9561338095,0.07776939366,0.9141918616,0.008038744721
14.77,20.29739052,-0.08233401593,0.2675156138,0.9168110365,0.2701672932,0.2798990779,0.9557891206,0.07834349379,0.913532843,0.00812366318
14.805,20.24940615,-0.08294637916,0.2684062305,0.9161827976,0.2710625486,0.2809306078,0.9554401205,0.07892200638,0.9128658239,0.008212169746
14.84,20.20164811,-0.08356331597,0.2692993088,0.9155483368,0.2719598823,0.2819662134,0.9550868728,0.07950494548,0.9121909347,0.008304119847
14.875,20.15411482,-0.08418488104,0.2701947955,0.9149077501,0.2728591984,0.2830058687,0.9547294556,0.08009232173,0.9115083334,0.008399344835
14.91,20.10680469,-0.08481112694,0.2710926324,0.9142611484,0.2737603993,0.2840495425,0.9543679604,0.08068414262,0.9108182038,0.008497653608
14.945,20.05971616,-0.08544210399,0.2719927565,0.913608656,0.2746633875,0.2850971987,0.954002491,0.08128041273,0.9101207528,0.008598834445
14.98,20.01284766,-0.08607785999,0.2728951009,0.912950409,0.275568067,0.2861487971,0.9536331626,0.08188113407,0.9094162089,0.008702657042
15.015,19.96619767,-0.08671844013,0.2737995956,0.9122865533,0.276474345,0.2872042939,0.9532601003,0.08248630644,0.9087048188,0.008808874724
15.05,19.91976465,-0.08736388686,0.2747061686,0.9116172429,0.2773821334,0.2882636428,0.9528834375,0.08309592778,0.9079868454,0.008917226807
15.085,19.8735471,-0.0880142398,0.275614746,0.9109426375,0.2782913499,0.2893267956,0.9525033146,0.08370999462,0.9072625643,0.009027441105
15.12,19.82754352,-0.08866953571,0.2765252538,0.910262901,0.2792019198,0.2903937026,0.9521198774,0.08432850252,0.9065322609,0.009139236539
15.155,19.78175242,-0.08932980849,0.2774376179,0.9095781988,0.2801137768,0.2914643143,0.9517332755,0.0849514465,0.9057962277,0.009252325828
15.19,19.73617235,-0.08999508926,0.2783517656,0.908888696,0.2810268643,0.2925385813,0.9513436604,0.08557882152,0.9050547602,0.009366418244
15.225,19.69080184,-0.09066540637,0.2792676263,0.9081945553,0.2819411363,0.2936164556,0.9509511841,0.08621062299,0.9043081546,0.00948122239
15.26,19.64563945,-0.0913407856,0.2801851318,0.9074959346,0.2828565582,0.2946978914,0.9505559972,0.08684684721,0.9035567038,0.009596448991
15.295,19.60068375,-0.09202125028,0.2811042181,0.9067929851,0.2837731075,0.2957828459,0.950158247,0.08748749192,0.9028006944,0.009711813648
15.33,19.55593333,-0.09270682151,0.2820248251,0.9060858496,0.2846907741,0.2968712797,0.9497580764,0.0881325567,0.9020404037,0.009827039548
15.365,19.51138679,-0.09339751839,0.282946898,0.9053746602,0.2856095606,0.297963158,0.9493556217,0.0887820435,0.9012760964,0.009941860092
15.4,19.46704273,-0.0940933583,0.2838703876,0.9046595367,0.2865294823,0.2990584509,0.9489510111,0.08943595704,0.9005080215,0.01005602141
15.435,19.42289977,-0.09479435717,0.2847952512,0.9039405851,0.2874505672,0.3001571343,0.9485443637,0.09009430527,0.89973641,0.01016928477
15.47,19.37895656,-0.09550052986,0.2857214527,0.903217896,0.2883728557,0.3012591903,0.9481357875,0.09075709972,0.8989614715,0.0102814288
15.505,19.33521174,-0.09621189046,0.2866489631,0.9024915433,0.2892963997,0.3023646076,0.9477253782,0.09142435591,0.8981833926,0.01039225152
15.54,19.29166396,-0.09692845266,0.2875777612,0.9017615832,0.2902212624,0.3034733821,0.9473132186,0.09209609365,0.8974023341,0.01050157225
15.575,19.24831191,-0.09765023016,0.2885078332,0.9010280533,0.291147517,0.3045855172,0.9468993766,0.09277233728,0.8966184295,0.01060923324
15.61,19.20515426,-0.09837723704,0.2894391736,0.9002909716,0.2920752462,0.3057010239,0.9464839053,0.093453116,0.895831783,0.01071510105
15.645,19.16218971,-0.09910948815,0.2903717846,0.8995503364,0.2930045401,0.306819921,0.9460668414,0.09413846394,0.8950424683,0.01081906771
15.68,19.11941696,-0.09984699951,0.2913056764,0.898806126,0.293935496,0.3079422355,0.9456482052,0.0948284204,0.8942505279,0.01092105167
15.715,19.07683474,-0.1005897887,0.2922408668,0.8980582982,0.294868216,0.309068002,0.9452279999,0.09552302983,0.8934559718,0.01102099838
15.75,19.03444178,-0.1013378753,0.2931773814,0.8973067911,0.295802806,0.310197263,0.9448062116,0.09622234195,0.8926587774,0.01111888065
15.785,18.99223681,-0.102091281,0.2941152529,0.896551523,0.296739374,0.3113300687,0.9443828088,0.09692641165,0.8918588896,0.01121469877
15.82,18.95021858,-0.1028500303,0.2950545207,0.8957923935,0.2976780284,0.3124664765,0.9439577431,0.09763529894,0.8910562208,0.01130848027
15.855,18.90838587,-0.1036141506,0.2959952307,0.8950292837,0.2986188761,0.3136065509,0.943530949,0.09834906878,0.8902506518,0.01140027944
15.89,18.86673744,-0.1043836725,0.2969374342,0.8942620577,0.2995620213,0.3147503629,0.9431023446,0.09906779093,0.8894420325,0.01149017661
15.925,18.82527209,-0.1051586303,0.2978811879,0.8934905637,0.3005075636,0.3158979893,0.9426718322,0.09979153964,0.8886301832,0.01157827713
15.96,18.7839886,-0.1059390618,0.2988265527,0.8927146354,0.301455596,0.3170495126,0.942239299,0.1005203934,0.8878148965,0.01166471007
15.995,18.74288578,-0.1067250088,0.2997735931,0.8919340931,0.3024062039,0.3182050198,0.941804618,0.1012544346,0.8869959386,0.0117496268
16.03,18.70196245,-0.1075165171,0.3007223765,0.891148746,0.3033594635,0.3193646022,0.9413676496,0.1019937492,0.8861730517,0.01183319916
16.065,18.66121743,-0.1083136368,0.301672972,0.8903583937,0.3043154403,0.3205283544,0.9409282419,0.1027384259,0.8853459564,0.01191561763
16.1,18.62064957,-0.1091164222,0.30262545,0.8895628278,0.3052741878,0.3216963732,0.9404862329,0.1034885566,0.8845143543,0.01199708917
16.135,18.5802577,-0.1099249317,0.3035798809,0.8887618341,0.3062357467,0.3228687577,0.9400414514,0.1042442347,0.8836779304,0.01207783496
16.17,18.54004069,-0.1107392281,0.3045363344,0.8879551948,0.307200144,0.3240456073,0.9395937188,0.1050055556,0.8828363564,0.01215808799
16.205,18.49999741,-0.1115593783,0.3054948786,0.8871426899,0.3081673918,0.3252270219,0.9391428505,0.1057726157,0.8819892937,0.01223809057
16.24,18.46012672,-0.112385453,0.3064555791,0.8863240998,0.3091374876,0.3264131003,0.9386886578,0.106545512,0.8811363962,0.01231809175
16.275,18.42042753,-0.1132175272,0.307418498,0.885499207,0.3101104132,0.3276039398,0.9382309492,0.1073243414,0.880277314,0.01239834463
16.31,18.38089871,-0.1140556792,0.3083836933,0.8846677979,0.3110861349,0.3287996354,0.9377695325,0.1081092002,0.879411696,0.01247910373
16.345,18.34153919,-0.1148999909,0.3093512178,0.883829665,0.3120646039,0.3300002786,0.9373042162,0.1089001839,0.8785391938,0.01256062236
16.38,18.30234786,-0.1157505475,0.3103211188,0.8829846084,0.313045756,0.3312059571,0.9368348115,0.109697386,0.877659464,0.01264314996
16.415,18.26332367,-0.1166074368,0.3112934371,0.8821324375,0.3140295126,0.3324167539,0.9363611334,0.1105008983,0.8767721721,0.01272692956
16.45,18.22446553,-0.1174707493,0.3122682065,0.8812729726,0.3150157815,0.3336327468,0.9358830028,0.1113108097,0.8758769949,0.01281219534
16.485,18.1857724,-0.1183405778,0.3132454532,0.8804060462,0.3160044575,0.3348540075,0.9354002477,0.1121272063,0.8749736234,0.01289917031
16.52,18.14724322,-0.1192170169,0.3142251956,0.879531504,0.3169954237,0.3360806014,0.9349127046,0.1129501706,0.8740617653,0.0129880641
16.555,18.10887696,-0.1201001623,0.3152074435,0.8786492064,0.3179885528,0.3373125871,0.93442022,0.1137797814,0.8731411476,0.01307907098
16.59,18.07067257,-0.1209901113,0.3161921983,0.8777590286,0.3189837087,0.338550016,0.9339226513,0.1146161133,0.8722115186,0.01317236806
16.625,18.03262905,-0.1218869614,0.3171794526,0.8768608617,0.3199807479,0.3397929318,0.9334198679,0.1154592365,0.8712726498,0.01326811365
16.66,17.99474538,-0.1227908105,0.3181691901,0.8759546131,0.3209795214,0.3410413709,0.9329117522,0.1163092167,0.8703243373,0.01336644598
16.695,17.95702055,-0.1237017565,0.3191613857,0.8750402062,0.3219798764,0.3422953617,0.9323982,0.1171661146,0.8693664033,0.01346748203
16.73,17.91945356,-0.1246198964,0.3201560054,0.874117581,0.3229816582,0.3435549249,0.9318791214,0.1180299864,0.8683986969,0.0135713167
16.765,17.88204342,-0.1255453266,0.3211530071,0.8731866931,0.3239847123,0.3448200734,0.931354441,0.118900883,0.8674210947,0.01367802228
16.8,17.84478917,-0.1264781419,0.3221523403,0.8722475137,0.3249888862,0.3460908128,0.9308240979,0.1197788507,0.8664335012,0.01378764805
16.835,17.80768981,-0.1274184358,0.3231539465,0.8713000288,0.3259940314,0.3473671414,0.9302880461,0.1206639309,0.8654358487,0.01390022035
16.87,17.7707444,-0.1283662996,0.3241577603,0.8703442383,0.3270000055,0.3486490506,0.929746254,0.1215561605,0.8644280968,0.01401574277
16.905,17.73395197,-0.1293218225,0.3251637094,0.8693801549,0.3280066737,0.3499365252,0.9291987041,0.1224555717,0.8634102317,0.01413419666
16.94,17.69731157,-0.130285091,0.3261717153,0.8684078027,0.3290139109,0.3512295443,0.9286453926,0.1233621928,0.8623822653,0.01425554192
16.975,17.66082227,-0.1312561892,0.3271816944,0.867427216,0.3300216031,0.3525280817,0.9280863287,0.1242760484,0.8613442336,0.01437971803
17.01,17.62448313,-0.1322351981,0.3281935583,0.8664384379,0.3310296493,0.3538321061,0.9275215337,0.1251971593,0.8602961954,0.01450664525
17.045,17.58829322,-0.1332221957,0.3292072149,0.8654415183,0.3320379625,0.3551415827,0.9269510397,0.1261255438,0.8592382301,0.01463622613
17.08,17.55225164,-0.1342172568,0.3302225694,0.8644365122,0.3330464711,0.3564564733,0.9263748893,0.1270612173,0.8581704355,0.01476834715
17.115,17.51635746,-0.1352204533,0.3312395246,0.8634234783,0.3340551196,0.3577767371,0.9257931334,0.1280041936,0.8570929259,0.01490288051
17.15,17.4806098,-0.1362318536,0.3322579825,0.8624024768,0.3350638698,0.3591023321,0.9252058306,0.1289544849,0.8560058289,0.01503968618
17.185,17.44500774,-0.1372515232,0.3332778451,0.8613735676,0.3360727012,0.3604332152,0.9246130452,0.1299121027,0.8549092834,0.01517861392
17.22,17.40955041,-0.1382795242,0.334299015,0.8603368083,0.3370816112,0.3617693439,0.9240148464,0.1308770582,0.8538034363,0.01531950547
17.255,17.37423692,-0.1393159161,0.3353213964,0.8592922528,0.3380906151,0.3631106765,0.9234113059,0.1318493634,0.8526884398,0.01546219682
17.29,17.3390664,-0.1403607554,0.3363448966,0.8582399492,0.3390997463,0.3644571733,0.922802497,0.1328290311,0.8515644484,0.01560652049
17.325,17.30403798,-0.1414140959,0.3373694261,0.8571799382,0.3401090556,0.3658087973,0.9221884927,0.1338160762,0.8504316161,0.01575230774
17.36,17.26915081,-0.1424759894,0.3383948998,0.8561122513,0.3411186106,0.3671655155,0.9215693644,0.1348105157,0.8492900933,0.01589939093
17.395,17.23440402,-0.1435464853,0.3394212378,0.8550369099,0.3421284949,0.3685272989,0.9209451799,0.1358123701,0.8481400243,0.01604760562
17.43,17.19979679,-0.1446256312,0.340448366,0.8539539234,0.343138807,0.3698941242,0.9203160023,0.1368216632,0.8469815441,0.01619679274
17.465,17.16532826,-0.1457134736,0.3414762172,0.8528632883,0.3441496587,0.3712659738,0.9196818885,0.1378384233,0.8458147761,0.01634680059
17.5,17.1309976,-0.1468100575,0.3425047309,0.8517649873,0.3451611739,0.3726428366,0.9190428878,0.1388626837,0.8446398296,0.01649748672
17.505,17.12610443,-0.1469674286,0.3426517123,0.8516074597,0.3453057379,0.3728399402,0.9189512055,0.139009621,0.8444713181,0.01651906086
17.535,17.09680399,-0.1479154275,0.3435338544,0.8506589884,0.3461734869,0.3740247089,0.9183990405,0.1398944828,0.8434567975,0.01664871963
17.57,17.06274661,-0.1490296277,0.3445635432,0.8495452441,0.3471867403,0.3754115945,0.917750377,0.1409338653,0.8422657544,0.01680038035
17.605,17.02882465,-0.1501527024,0.3455937609,0.8484236915,0.3482010832,0.3768035053,0.9170969167,0.1419808816,0.8410667546,0.01695236375
17.64,16.9950373,-0.1512846962,0.34662448,0.8472942516,0.3492166692,0.378200462,0.9164386673,0.1430355894,0.8398598308,0.01710457975
17.675,16.96138376,-0.1524256549,0.3476556813,0.8461568298,0.3502336538,0.3796024934,0.9157756236,0.144098053,0.8386449928,0.01725695417
17.71,16.92786324,-0.1535756253,0.3486873547,0.8450113158,0.3512521924,0.3810096377,0.9151077677,0.145168344,0.8374222265,0.01740942948
17.745,16.89447495,-0.1547346562,0.3497194985,0.8438575842,0.3522724384,0.3824219416,0.9144350678,0.1462465415,0.8361914933,0.01756196526
17.78,16.86121811,-0.1559027983,0.3507521195,0.8426954952,0.3532945403,0.383839461,0.9137574786,0.1473327318,0.8349527298,0.0177145384
17.815,16.82809194,-0.1570801049,0.3517852325,0.8415248953,0.3543186396,0.3852622602,0.9130749409,0.1484270091,0.8337058478,0.01786714307
17.85,16.79509569,-0.1582666319,0.3528188602,0.8403456185,0.3553448691,0.3866904122,0.9123873819,0.1495294749,0.8324507346,0.01801979053
17.885,16.76222857,-0.1594624387,0.3538530324,0.8391574876,0.35637335,0.3881239981,0.9116947151,0.1506402379,0.8311872535,0.01817250861
17.92,16.72948984,-0.1606675879,0.3548877854,0.837960315,0.3574041907,0.3895631066,0.9109968414,0.151759414,0.829915245,0.01832534101
17.955,16.69687875,-0.1618821458,0.3559231616,0.8367539048,0.3584374844,0.3910078338,0.910293649,0.1528871261,0.8286345275,0.01847834643
17.99,16.66439455,-0.1631061827,0.3569592085,0.8355380544,0.3594733076,0.3924582823,0.9095850148,0.1540235034,0.8273448992,0.01863159745
18.025,16.6320365,-0.1643397732,0.3579959778,0.8343125555,0.3605117187,0.3939145608,0.9088708046,0.1551686812,0.8260461395,0.01878517927
18.06,16.59980388,-0.1655829958,0.3590335249,0.8330771966,0.3615527566,0.3953767829,0.9081508747,0.1563228005,0.8247380112,0.0189391883
18.095,16.56769594,-0.1668359337,0.3600719072,0.8318317644,0.3625964395,0.3968450669,0.9074250725,0.1574860072,0.8234202622,0.01909373061
18.13,16.53571197,-0.1680986746,0.3611111841,0.830576046,0.3636427642,0.3983195346,0.9066932382,0.1586584516,0.8220926281,0.01924892024
18.165,16.50385125,-0.1693713104,0.3621514149,0.8293098301,0.3646917057,0.3998003103,0.9059552055,0.1598402881,0.8207548344,0.01940487751
18.2,16.47211308,-0.1706539379,0.3631926585,0.8280329092,0.3657432164,0.40128752,0.9052108037,0.1610316737,0.8194065991,0.01956172717
18.235,16.44049674,-0.171946658,0.3642349721,0.8267450815,0.3667972267,0.4027812906,0.9044598583,0.1622327681,0.8180476353,0.01971959658
18.27,16.40900153,-0.173249576,0.3652784099,0.8254461521,0.3678536444,0.4042817487,0.9037021931,0.1634437323,0.8166776537,0.01987861391
18.305,16.37762677,-0.1745628017,0.3663230224,0.8241359348,0.3689123558,0.4057890196,0.9029376309,0.1646647284,0.8152963653,0.02003890627
18.34,16.34637176,-0.1758864486,0.3673688548,0.8228142534,0.3699732263,0.4073032265,0.9021659957,0.1658959183,0.8139034837,0.02020059798
18.375,16.31523581,-0.1772206342,0.3684159468,0.821480943,0.3710361011,0.4088244893,0.9013871133,0.167137463,0.8124987281,0.0203638089
18.41,16.28421825,-0.1785654796,0.3694643306,0.8201358514,0.3721008067,0.4103529238,0.9006008134,0.1683895221,0.8110818251,0.02052865279
18.445,16.25331841,-0.1799211092,0.3705140308,0.8187788395,0.3731671522,0.411888641,0.8998069301,0.1696522526,0.8096525115,0.02069523589
18.48,16.22253561,-0.1812876505,0.3715650632,0.8174097824,0.3742349311,0.4134317458,0.8990053036,0.1709258084,0.808210536,0.02086365558
18.515,16.19186919,-0.1826652337,0.3726174339,0.8160285697,0.375303923,0.4149823365,0.8981957811,0.1722103396,0.8067556611,0.02103399923
18.55,16.16131849,-0.1840539914,0.3736711386,0.8146351061,0.3763738954,0.4165405041,0.8973782175,0.1735059915,0.8052876652,0.02120634321
18.585,16.13088286,-0.1854540582,0.3747261621,0.8132293113,0.3774446063,0.4181063313,0.8965524768,0.1748129043,0.8038063436,0.02138075211
18.62,16.10056165,-0.1868655704,0.3757824778,0.8118111198,0.3785158062,0.4196798923,0.8957184322,0.176131212,0.8023115098,0.02155727818
18.655,16.07035422,-0.1882886657,0.3768400469,0.8103804807,0.3795872403,0.4212612522,0.8948759671,0.1774610426,0.8008029965,0.02173596091
18.69,16.04025993,-0.1897234826,0.3778988185,0.8089373571,0.3806586509,0.4228504663,0.8940249751,0.1788025169,0.7992806562,0.02191682696
18.725,16.01027813,-0.1911701602,0.3789587289,0.8074817251,0.3817297802,0.4244475802,0.8931653607,0.1801557484,0.7977443615,0.02209989015
18.76,15.98040821,-0.192628838,0.3800197018,0.8060135733,0.3828003721,0.4260526294,0.8922970387,0.181520843,0.7961940052,0.02228515179
18.795,15.95064953,-0.1940996549,0.3810816483,0.804532901,0.383870175,0.4276656389,0.8914199348,0.1828978987,0.7946295001,0.02247260115
18.83,15.92100149,-0.1955827498,0.3821444667,0.8030397175,0.3849389438,0.4292866239,0.890533985,0.1842870055,0.7930507784,0.02266221618
18.865,15.89146345,-0.1970782603,0.3832080431,0.8015340399,0.3860064422,0.4309155892,0.8896391351,0.185688245,0.7914577906,0.02285396438
18.9,15.86203481,-0.1985863231,0.3842722514,0.8000158922,0.3870724448,0.4325525297,0.8887353404,0.1871016909,0.7898505052,0.02304780386
18.935,15.83271497,-0.2001070733,0.3853369539,0.7984853027,0.3881367387,0.4341974307,0.8878225648,0.1885274088,0.7882289066,0.0232436846
18.97,15.80350332,-0.2016406445,0.3864020017,0.796942303,0.3891991257,0.4358502684,0.8869007801,0.1899654565,0.7865929938,0.02344154973
19.005,15.77439926,-0.2031871681,0.3874672356,0.7953869255,0.3902594235,0.4375110101,0.885969965,0.191415884,0.7849427789,0.02364133709
19.04,15.74540221,-0.2047467735,0.3885324867,0.7938192016,0.3913174669,0.4391796152,0.8850301039,0.1928787345,0.7832782848,0.02384298076
19.075,15.71651156,-0.2063195875,0.3895975769,0.7922391598,0.3923731092,0.4408560356,0.8840811858,0.1943540442,0.7815995432,0.02404641269
19.11,15.68772674,-0.2079057348,0.3906623206,0.7906468235,0.3934262228,0.4425402166,0.8831232034,0.1958418433,0.7799065923,0.02425156438
19.145,15.65904717,-0.2095053372,0.3917265247,0.7890422095,0.3944766996,0.4442320975,0.8821561511,0.1973421565,0.7781994749,0.0244583686
19.18,15.63047226,-0.2111185139,0.3927899905,0.7874253257,0.3955244517,0.4459316131,0.8811800244,0.1988550035,0.7764782355,0.02466676101
19.215,15.60200146,-0.2127453816,0.3938525141,0.7857961695,0.3965694112,0.4476386939,0.8801948181,0.2003804003,0.7747429178,0.02487668188
19.25,15.57363418,-0.2143860542,0.3949138883,0.784154726,0.3976115298,0.4493532679,0.8792005249,0.2019183594,0.772993563,0.02508807759
19.285,15.54536987,-0.2160406428,0.395973903,0.782500967,0.3986507787,0.4510752611,0.8781971343,0.2034688912,0.7712302067,0.02530090215
19.32,15.51720797,-0.2177092562,0.3970323467,0.7808348488,0.3996871473,0.4528045987,0.877184631,0.2050320046,0.7694528768,0.02551511856
19.355,15.48914792,-0.2193920007,0.398089008,0.7791563117,0.4007206428,0.4545412064,0.8761629938,0.2066077083,0.7676615916,0.02573070007
19.39,15.46118917,-0.2210889803,0.3991436763,0.7774652786,0.4017512885,0.4562850113,0.8751321941,0.2081960116,0.7658563572,0.0259476312
19.425,15.43333117,-0.222800297,0.4001961433,0.7757616543,0.4027791225,0.4580359434,0.8740921953,0.2097969255,0.7640371658,0.02616590871
19.46,15.40557338,-0.2245260507,0.401246204,0.7740453252,0.4038041959,0.4597939361,0.8730429509,0.2114104636,0.7622039941,0.02638554229
19.495,15.37791526,-0.2262663401,0.4022936577,0.7723161583,0.4048265714,0.4615589277,0.8719844042,0.2130366437,0.7603568013,0.02660655504
19.53,15.35035627,-0.2280212623,0.4033383095,0.7705740017,0.4058463207,0.4633308623,0.8709164875,0.214675488,0.7584955282,0.02682898388
19.565,15.32289589,-0.2297909134,0.4043799708,0.7688186844,0.406863523,0.465109691,0.8698391207,0.2163270247,0.7566200958,0.02705287953
19.6,15.29553357,-0.231575389,0.4054184604,0.7670500167,0.407878262,0.4668953724,0.8687522114,0.2179912888,0.7547304047,0.02727830648
19.635,15.26826881,-0.2333747842,0.4064536053,0.7652677906,0.4088906246,0.4686878739,0.8676556542,0.2196683231,0.7528263342,0.02750534262
19.67,15.24110107,-0.2351891942,0.4074852416,0.7634717808,0.4099006977,0.4704871722,0.8665493304,0.2213581792,0.7509077421,0.02773407873
19.705,15.21402984,-0.2370187146,0.4085132149,0.7616617456,0.4109085662,0.472293254,0.8654331081,0.2230609178,0.7489744645,0.02796461766
19.74,15.18705461,-0.2388634419,0.4095373808,0.759837428,0.4119143106,0.474106117,0.8643068415,0.2247766102,0.7470263163,0.02819707351
19.775,15.16017487,-0.2407234737,0.4105576056,0.7579985572,0.4129180047,0.4759257697,0.8631703721,0.2265053383,0.7450630913,0.02843157039
19.81,15.13339011,-0.2425989089,0.4115737662,0.75614485,0.4139197132,0.4777522325,0.8620235281,0.2282471957,0.7430845631,0.02866824124
19.845,15.10669982,-0.2444898489,0.4125857506,0.7542760124,0.4149194897,0.4795855375,0.8608661254,0.2300022878,0.7410904859,0.02890722636
19.88,15.08010352,-0.2463963969,0.4135934574,0.7523917419,0.4159173746,0.4814257288,0.8596979677,0.2317707324,0.7390805958,0.02914867186
19.915,15.0536007,-0.2483186591,0.4145967962,0.7504917286,0.4169133931,0.4832728628,0.8585188478,0.2335526599,0.7370546121,0.02939272804
19.95,15.02719088,-0.2502567445,0.4155956872,0.748575658,0.4179075534,0.4851270075,0.8573285478,0.2353482134,0.7350122389,0.02963954765
19.985,15.00087356,-0.2522107656,0.4165900606,0.7466432124,0.4188998453,0.4869882431,0.8561268405,0.2371575489,0.732953167,0.02988928411
20.02,14.97464825,-0.2541808383,0.4175798563,0.7446940733,0.4198902387,0.4888566609,0.85491349,0.2389808349,0.7308770754,0.03014208972
20.055,14.94851449,-0.2561670826,0.4185650228,0.7427279235,0.4208786825,0.4907323634,0.8536882532,0.2408182525,0.7287836336,0.03039811384
20.09,14.92247178,-0.2581696224,0.4195455173,0.7407444489,0.4218651032,0.4926154636,0.8524508806,0.242669995,0.7266725038,0.03065750115
20.125,14.89651965,-0.2601885862,0.4205213037,0.7387433408,0.422849405,0.4945060842,0.8512011177,0.2445362673,0.7245433428,0.03092038989
20.16,14.87065764,-0.2622241066,0.4214923525,0.7367242976,0.4238314685,0.4964043566,0.8499387063,0.2464172853,0.7223958044,0.03118691027
20.195,14.84488527,-0.2642763211,0.422458639,0.7346870271,0.4248111509,0.4983104208,0.8486633853,0.2483132755,0.7202295416,0.03145718288
20.23,14.81920208,-0.2663453715,0.4234201424,0.7326312473,0.4257882856,0.5002244236,0.8473748927,0.250224474,0.7180442087,0.03173131731
20.265,14.7936076,-0.2684314046,0.4243768447,0.7305566892,0.4267626831,0.5021465178,0.846072966,0.2521511253,0.7158394638,0.0320094109
20.3,14.76810138,-0.2705345717,0.4253287288,0.7284630972,0.4277341304,0.5040768612,0.8447573441,0.254093482,0.7136149703,0.03229154762
20.335,14.74268296,-0.2726550286,0.4262757774,0.7263502311,0.4287023928,0.5060156154,0.843427768,0.256051803,0.7113703999,0.03257779717
20.37,14.71735189,-0.2747929356,0.4272179713,0.7242178669,0.4296672137,0.507962944,0.8420839823,0.2580263525,0.7091054332,0.03286821426
20.405,14.69210772,-0.2769484574,0.4281552883,0.7220657975,0.4306283164,0.5099190122,0.8407257358,0.260017399,0.7068197629,0.03316283815
20.44,14.66695,-0.2791217628,0.4290877011,0.7198938339,0.4315854051,0.5118839846,0.8393527828,0.2620252137,0.7045130941,0.03346169228
20.475,14.64187829,-0.2813130242,0.4300151759,0.7177018053,0.4325381662,0.5138580243,0.8379648839,0.2640500691,0.7021851466,0.0337647843
20.51,14.61689215,-0.2835224179,0.4309376713,0.7154895594,0.4334862699,0.5158412914,0.8365618064,0.266092238,0.6998356559,0.03407210617
20.545,14.59199114,-0.285750123,0.431855136,0.7132569628,0.4344293719,0.5178339418,0.8351433255,0.2681519913,0.6974643742,0.03438363453
20.58,14.56717483,-0.2879963218,0.4327675081,0.7110039003,0.4353671152,0.5198361255,0.8337092246,0.2702295974,0.6950710712,0.03469933136
20.615,14.54244278,-0.2902611986,0.4336747131,0.7087302751,0.4362991317,0.5218479857,0.8322592956,0.2723253201,0.6926555351,0.03501914473
20.65,14.51779458,-0.2925449399,0.4345766627,0.7064360078,0.4372250443,0.5238696571,0.8307933393,0.2744394176,0.6902175726,0.03534300983
20.685,14.49322978,-0.2948477336,0.4354732536,0.7041210362,0.4381444689,0.5259012651,0.8293111655,0.2765721406,0.6877570092,0.03567085016
20.72,14.46874797,-0.2971697684,0.4363643665,0.7017853137,0.4390570158,0.5279429246,0.8278125933,0.2787237316,0.6852736896,0.03600257885
20.755,14.44434874,-0.2995112337,0.4372498642,0.6994288086,0.4399622922,0.5299947385,0.8262974506,0.2808944229,0.6827674769,0.0363381002
20.79,14.42003165,-0.3018723184,0.4381295919,0.6970515032,0.4408599038,0.5320567976,0.8247655745,0.2830844359,0.6802382529,0.03667731125
20.825,14.3957963,-0.3042532108,0.439003375,0.6946533916,0.4417494566,0.5341291788,0.8232168104,0.2852939796,0.6776859168,0.03702010354
20.86,14.37164228,-0.3066540981,0.4398710197,0.6922344791,0.4426305584,0.5362119449,0.8216510118,0.2875232498,0.6751103853,0.0373663649
20.895,14.34756918,-0.3090751654,0.4407323112,0.68979478,0.4435028209,0.538305144,0.8200680403,0.289772428,0.6725115907,0.03771598127
20.93,14.32357659,-0.3115165954,0.4415870145,0.6873343166,0.4443658606,0.5404088087,0.8184677641,0.2920416806,0.6698894809,0.03806883856
20.965,14.29966411,-0.3139785678,0.4424348731,0.6848531169,0.4452193008,0.5425229562,0.8168500582,0.294331158,0.6672440175,0.03842482451
21,14.27583133,-0.3164612589,0.4432756096,0.6823512133,0.4460627722,0.5446475874,0.815214803,0.2966409945,0.664575175,0.03878383054
21.035,14.25207787,-0.3189648405,0.4441089257,0.6798286408,0.4468959145,0.5467826875,0.8135618841,0.2989713074,0.6618829392,0.03914575343
21.07,14.22840332,-0.3214894803,0.4449345021,0.6772854354,0.4477183767,0.5489282258,0.8118911909,0.3013221971,0.6591673058,0.03951049705
21.105,14.2048073,-0.3240353405,0.4457519993,0.6747216323,0.4485298187,0.5510841558,0.8102026162,0.3036937468,0.6564282793,0.03987797388
21.14,14.1812894,-0.326602578,0.446561058,0.6721372646,0.4493299107,0.5532504157,0.8084960551,0.3060860225,0.6536658711,0.04024810644
21.175,14.15784926,-0.3291913437,0.4473612997,0.6695323613,0.4501183349,0.5554269288,0.8067714039,0.3084990732,0.6508800982,0.04062082854
21.21,14.13448647,-0.3318017822,0.448152328,0.6669069465,0.4508947844,0.5576136043,0.8050285597,0.3109329317,0.6480709819,0.0409960864
21.245,14.11120066,-0.3344340314,0.4489337293,0.6642610375,0.4516589642,0.5598103381,0.8032674187,0.3133876146,0.6452385459,0.04137383946
21.28,14.08799145,-0.3370882225,0.4497050738,0.6615946441,0.4524105908,0.5620170132,0.8014878762,0.3158631231,0.6423828157,0.04175406118
21.315,14.06485846,-0.3397644795,0.4504659174,0.658907767,0.4531493914,0.5642335015,0.7996898251,0.3183594442,0.6395038163,0.04213673944
21.35,14.04180131,-0.3424629192,0.4512158025,0.6562003974,0.4538751042,0.5664596644,0.7978731552,0.3208765514,0.6366015717,0.04252187685
21.385,14.01881964,-0.3451836513,0.4519542596,0.6534725157,0.4545874773,0.5686953542,0.7960377525,0.3234144059,0.6336761033,0.04290949076
21.42,13.99591307,-0.3479267778,0.4526808094,0.6507240913,0.4552862682,0.5709404154,0.7941834983,0.3259729579,0.630727429,0.04329961311
21.455,13.97308124,-0.3506923938,0.4533949635,0.6479550818,0.4559712424,0.5731946859,0.7923102688,0.328552148,0.627755562,0.04369229004
21.49,13.95032378,-0.353480587,0.454096227,0.6451654326,0.4566421734,0.5754579991,0.7904179337,0.3311519087,0.62476051,0.0440875813
21.525,13.92764033,-0.3562914381,0.4547840997,0.6423550769,0.4572988404,0.5777301846,0.7885063566,0.3337721662,0.6217422743,0.04448555943
21.56,13.90503052,-0.3591250212,0.455458078,0.6395239356,0.4579410282,0.5800110703,0.7865753934,0.3364128417,0.6187008495,0.04488630886
21.595,13.882494,-0.3619814038,0.4561176565,0.636671917,0.458568525,0.5823004837,0.7846248926,0.3390738533,0.615636222,0.0452899247
21.63,13.86003042,-0.3648606471,0.4567623299,0.6337989177,0.4591811217,0.5845982534,0.7826546943,0.3417551179,0.6125483706,0.04569651156
21.665,13.83763942,-0.367762807,0.4573915945,0.6309048222,0.4597786101,0.586904211,0.7806646303,0.3444565529,0.609437265,0.04610618209
21.7,13.81532065,-0.3706879336,0.4580049497,0.6279895038,0.4603607819,0.5892181922,0.7786545232,0.347178078,0.6063028664,0.04651905552
21.735,13.79307375,-0.3736360726,0.4586018997,0.625052825,0.4609274267,0.5915400385,0.7766241863,0.3499196171,0.6031451268,0.04693525612
21.77,13.77089839,-0.376607265,0.4591819549,0.6220946382,0.4614783308,0.5938695983,0.7745734237,0.3526810997,0.5999639887,0.04735491157
21.805,13.74879422,-0.3796015485,0.4597446329,0.6191147864,0.4620132756,0.5962067285,0.7725020295,0.3554624631,0.5967593856,0.04777815136
21.84,13.7267609,-0.3826189572,0.4602894599,0.616113104,0.4625320363,0.5985512955,0.770409788,0.3582636534,0.5935312415,0.04820510518
21.875,13.70479808,-0.3856595229,0.4608159718,0.6130894177,0.4630343801,0.6009031765,0.7682964735,0.3610846275,0.5902794712,0.04863590135
21.91,13.68290543,-0.3887232753,0.4613237145,0.6100435474,0.4635200651,0.6032622599,0.7661618501,0.3639253543,0.5870039805,0.04907066526
21.945,13.66108262,-0.3918102424,0.461812245,0.6069753076,0.4639888385,0.6056284469,0.7640056716,0.3667858157,0.5837046663,0.04950951803
21.98,13.6393293,-0.3949204516,0.4622811321,0.6038845077,0.4644404355,0.6080016514,0.7618276818,0.3696660081,0.5803814168,0.04995257511
22.015,13.61764515,-0.3980539297,0.4627299557,0.6007709537,0.4648745779,0.6103818009,0.759627614,0.3725659429,0.577034112,0.05039994511
22.05,13.59602984,-0.4012107038,0.463158308,0.5976344492,0.4652909726,0.6127688366,0.7574051915,0.3754856472,0.5736626241,0.05085172878
22.085,13.57448304,-0.4043908014,0.4635657927,0.5944747961,0.4656893109,0.6151627138,0.755160127,0.3784251644,0.5702668175,0.05130801808
22.12,13.55300443,-0.4075942509,0.4639520248,0.5912917963,0.4660692668,0.6175634013,0.7528921236,0.3813845547,0.5668465498,0.05176889549
22.155,13.53159368,-0.4108210819,0.4643166301,0.5880852526,0.4664304962,0.6199708819,0.7506008741,0.3843638944,0.5634016722,0.05223443347
22.19,13.51025047,-0.4140713257,0.4646592446,0.58485497,0.466772636,0.6223851511,0.7482860613,0.3873632763,0.5599320296,0.0527046941
22.225,13.48897449,-0.4173450148,0.4649795132,0.5816007564,0.4670953029,0.6248062173,0.7459473587,0.3903828091,0.5564374619,0.05317972896
22.26,13.46776541,-0.4206421839,0.4652770891,0.5783224246,0.4673980932,0.6272341003,0.7435844299,0.3934226165,0.5529178044,0.0536595791
22.295,13.44662292,-0.4239628689,0.4655516322,0.5750197928,0.4676805814,0.6296688308,0.7411969295,0.3964828364,0.5493728883,0.05414427527
22.33,13.42554671,-0.4273071073,0.4658028076,0.5716926861,0.46794232,0.6321104489,0.7387845032,0.3995636196,0.5458025421,0.05463383831
22.365,13.40453646,-0.4306749381,0.4660302843,0.5683409376,0.468182839,0.634559003,0.7363467879,0.4026651283,0.5422065921,0.05512827967
22.4,13.38359187,-0.434066401,0.4662337334,0.5649643896,0.4684016458,0.6370145482,0.7338834126,0.4057875346,0.5385848632,0.05562760211
22.435,13.36271264,-0.437481536,0.4664128262,0.5615628949,0.4685982242,0.6394771449,0.7313939983,0.4089310188,0.5349371807,0.0561318005
22.47,13.34189844,-0.4409203834,0.4665672322,0.5581363181,0.4687720352,0.6419468566,0.728878159,0.4120957667,0.5312633706,0.05664086273
22.505,13.32114899,-0.4443829821,0.4666966177,0.5546845365,0.4689225165,0.6444237486,0.726335502,0.4152819678,0.5275632615,0.05715477072
22.54,13.30046398,-0.44786937,0.4668006431,0.5512074415,0.4690490828,0.646907886,0.7237656289,0.4184898129,0.5238366856,0.05767350153
22.575,13.2798431,-0.4513795819,0.4668789613,0.5477049398,0.469151126,0.6493993313,0.7211681359,0.4217194914,0.5200834802,0.05819702838
22.61,13.25928607,-0.4549136495,0.4669312157,0.544176955,0.4692280161,0.6518981429,0.7185426149,0.4249711887,0.5163034895,0.05872532185
22.645,13.23879258,-0.4584715999,0.466957038,0.540623428,0.4692791013,0.6544043729,0.7158886546,0.4282450833,0.5124965658,0.05925835094
22.68,13.21836235,-0.4620534544,0.4669560465,0.537044319,0.4693037089,0.656918065,0.7132058411,0.4315413441,0.5086625717,0.05979608418
22.715,13.19799507,-0.4656592273,0.4669278442,0.5334396083,0.4693011464,0.6594392525,0.7104937591,0.4348601277,0.5048013817,0.06033849061
22.75,13.17769046,-0.4692889249,0.4668720171,0.5298092977,0.4692707023,0.6619679564,0.7077519933,0.4382015753,0.500912884,0.06088554072
22.785,13.15744823,-0.4729425437,0.4667881323,0.5261534113,0.4692116477,0.6645041837,0.7049801292,0.4415658101,0.4969969826,0.06143720728
22.82,13.1372681,-0.4766200698,0.466675737,0.5224719972,0.4691232372,0.6670479251,0.7021777549,0.4449529344,0.4930535995,0.06199346608
22.855,13.11714977,-0.4803214766,0.466534357,0.5187651277,0.4690047108,0.6695991541,0.6993444619,0.4483630271,0.4890826765,0.06255429644
22.89,13.09709297,-0.4840467243,0.4663634952,0.5150329014,0.4688552951,0.6721578245,0.696479847,0.451796141,0.4850841773,0.06311968169
22.925,13.0770974,-0.4877957582,0.4661626316,0.511275443,0.4686742059,0.67472387,0.6935835132,0.4552523008,0.4810580898,0.0636896094
22.96,13.0571628,-0.4915685072,0.4659312214,0.5074929049,0.468460649,0.6772972023,0.6906550718,0.4587315003,0.4770044282,0.06426407151
22.995,13.03728889,-0.495364883,0.4656686954,0.5036854678,0.4682138231,0.6798777105,0.6876941432,0.4622337012,0.4729232346,0.06484306423
23.03,13.01747538,-0.4991847785,0.4653744596,0.499853341,0.4679329214,0.6824652597,0.6847003589,0.4657588308,0.4688145814,0.0654265878
23.065,12.997722,-0.5030280672,0.4650478946,0.495996763,0.4676171342,0.6850596913,0.6816733625,0.4693067807,0.4646785732,0.06601464615
23.1,12.97802848,-0.5068946017,0.4646883564,0.4921160023,0.4672656506,0.6876608218,0.6786128115,0.4728774058,0.4605153479,0.06660724627
23.135,12.95839455,-0.5107842128,0.4642951767,0.4882113568,0.4668776611,0.6902684428,0.6755183782,0.4764705232,0.4563250793,0.06720439755
23.17,12.93881994,-0.5146967094,0.4638676631,0.4842831542,0.4664523599,0.6928823216,0.6723897512,0.4800859116,0.4521079775,0.06780611096
23.205,12.91930437,-0.5186318769,0.4634051008,0.4803317521,0.465988947,0.6955022007,0.6692266363,0.4837233112,0.4478642908,0.06841239804
23.24,12.89984759,-0.5225894776,0.4629067528,0.476357537,0.4654866305,0.6981277991,0.6660287578,0.4873824238,0.4435943062,0.06902326995
23.275,12.88044932,-0.5265692495,0.4623718618,0.4723609242,0.4649446289,0.7007588123,0.662795859,0.4910629131,0.4392983507,0.06963873625
23.31,12.86110931,-0.5305709067,0.4617996515,0.468342357,0.4643621729,0.7033949141,0.659527703,0.4947644052,0.434976791,0.07025880381
23.345,12.84182729,-0.5345941393,0.4611893281,0.4643023055,0.4637385076,0.706035757,0.6562240733,0.4984864901,0.4306300343,0.07088347554
23.38,12.82260299,-0.5386386131,0.4605400823,0.4602412656,0.4630728941,0.708680974,0.6528847738,0.502228723,0.4262585278,0.07151274921
23.415,12.80343617,-0.5427039703,0.4598510911,0.4561597577,0.4623646113,0.7113301803,0.6495096291,0.5059906254,0.4218627583,0.07214661627
23.45,12.78432657,-0.5467898296,0.4591215198,0.4520583253,0.4616129571,0.7139829744,0.6460984844,0.5097716877,0.4174432516,0.07278506065
23.485,12.76527392,-0.550895787,0.4583505243,0.4479375329,0.4608172498,0.7166389406,0.6426512048,0.5135713712,0.4130005711,0.07342805768
23.52,12.74627798,-0.5550214162,0.4575372529,0.4437979648,0.4599768289,0.7192976506,0.6391676749,0.5173891102,0.4085353167,0.07407557311
23.555,12.72733848,-0.5591662697,0.4566808489,0.4396402227,0.4590910557,0.7219586657,0.6356477978,0.521224315,0.4040481229,0.07472756213
23.59,12.70845519,-0.5633298796,0.4557804527,0.435464924,0.458159314,0.7246215387,0.6320914942,0.5250763744,0.399539657,0.07538396863
23.625,12.68962785,-0.5675117586,0.4548352037,0.4312726997,0.4571810094,0.7272858163,0.6284987008,0.5289446586,0.3950106169,0.07604472449
23.66,12.67085621,-0.5717114008,0.4538442428,0.4270641922,0.45615557,0.7299510412,0.624869369,0.5328285226,0.3904617284,0.07670974906
23.695,12.65214003,-0.5759282835,0.4528067144,0.4228400538,0.455082445,0.7326167541,0.6212034634,0.5367273084,0.3858937429,0.07737894874
23.73,12.63347906,-0.5801618678,0.4517217681,0.4186009443,0.4539611041,0.7352824959,0.6175009592,0.5406403487,0.3813074346,0.07805221672
23.765,12.61487305,-0.5844116,0.4505885612,0.4143475293,0.4527910362,0.7379478096,0.613761841,0.5445669697,0.3767035975,0.07872943285
23.8,12.59632176,-0.5886769125,0.4494062597,0.4100804793,0.4515717477,0.7406122424,0.6099861005,0.5485064936,0.3720830428,0.07941046361
23.835,12.57782496,-0.5929572254,0.4481740406,0.4058004677,0.4503027609,0.7432753472,0.6061737342,0.5524582418,0.367446596,0.08009516217
23.87,12.5593824,-0.5972519473,0.4468910927,0.4015081704,0.4489836114,0.7459366845,0.6023247415,0.5564215373,0.3627950942,0.08078336855
23.905,12.54099385,-0.6015604761,0.4455566185,0.3972042655,0.4476138459,0.7485958233,0.5984391227,0.5603957067,0.3581293835,0.08147490974
23.94,12.52265906,-0.6058822002,0.444169835,0.3928894332,0.4461930194,0.751252343,0.5945168772,0.5643800828,0.3534503173,0.08216959986
23.975,12.50437781,-0.6102164989,0.4427299746,0.3885643575,0.4447206921,0.7539058336,0.5905580021,0.568374006,0.3487587539,0.08286724013
24.01,12.48614985,-0.6145627433,0.4412362861,0.3842297274,0.4431964262,0.7565558972,0.5865624908,0.5723768256,0.3440555556,0.08356761878
24.045,12.46797496,-0.6189202965,0.4396880347,0.3798862407,0.4416197825,0.7592021479,0.5825303324,0.5763879013,0.3393415882,0.08427051048
24.08,12.44985291,-0.6232885138,0.4380845034,0.3755346086,0.4399903167,0.7618442121,0.5784615121,0.5804066035,0.334617721,0.08497567545
24.115,12.43178345,-0.6276667427,0.4364249921,0.3711755629,0.4383075747,0.7644817288,0.574356012,0.5844323136,0.3298848286,0.08568285783
24.15,12.41376638,-0.6320543228,0.4347088186,0.3668098656,0.4365710887,0.7671143487,0.5702138134,0.5884644239,0.325143793,0.08639178309
24.185,12.39580145,-0.6364505853,0.4329353181,0.3624383227,0.4347803709,0.7697417341,0.5660349006,0.5925023372,0.3203955087,0.08710215413
24.22,12.37788844,-0.6408548523,0.431103843,0.3580618044,0.4329349067,0.7723635577,0.5618192674,0.5965454652,0.3156408892,0.08781364555
24.255,12.36002713,-0.645266436,0.4292137629,0.3536812734,0.4310341446,0.7749795014,0.557566926,0.6005932277,0.310880877,0.08852589536
24.29,12.34221729,-0.6496846373,0.427264464,0.3492978266,0.4290774813,0.7775892554,0.5532779199,0.6046450501,0.3061164566,0.08923849325
24.325,12.32445871,-0.6541087448,0.4252553489,0.3449127585,0.4270642373,0.7801925159,0.5489523419,0.6087003618,0.3013486737,0.08995096449
24.36,12.30675115,-0.6585380331,0.423185836,0.3405276601,0.4249936134,0.7827889836,0.5445903587,0.6127585928,0.2965786587,0.09066274846
24.395,12.2890944,-0.662971761,0.421055359,0.3361445784,0.4228646098,0.7853783618,0.5401922397,0.6168191712,0.2918076558,0.09137317296
24.43,12.27148825,-0.6674091697,0.4188633665,0.3317662838,0.4206758626,0.7879603541,0.5357583862,0.6208815197,0.2870370484,0.09208143192
24.465,12.25393247,-0.6718494807,0.416609322,0.3273967388,0.4184252918,0.790534662,0.5312893274,0.6249450519,0.2822683494,0.09278659873
24.5,12.23642686,-0.6762918934,0.4142927028,0.3230419489,0.416109282,0.7931009827,0.5267855686,0.6290091687,0.2775030353,0.09348779599
24.535,12.21897118,-0.6807355833,0.4119130003,0.3187115354,0.4137205836,0.7956590062,0.5222468422,0.6330732541,0.2727417642,0.09418498172
24.57,12.20156524,-0.685179699,0.4094697196,0.3144214373,0.4112423055,0.7982084134,0.5176688846,0.6371366712,0.2679810741,0.09488225476
24.605,12.18420882,-0.6896233604,0.4069623798,0.310195824,0.4086285393,0.8007488731,0.513028978,0.6411987577,0.2631987323,0.09560250997
24.64,12.1669017,-0.6940656559,0.4043905134,0.3060376931,0.4057394895,0.8032800396,0.5082160986,0.6452588221,0.2582836029,0.09645757498
24.675,12.14964369,-0.6985056405,0.4017536674,0.3016140304,0.402276966,0.8058015507,0.5027899967,0.6493161391,0.2527977807,0.0978860802
24.71,12.13243456,-0.7029423328,0.399051403,0.2960387838,0.3990768822,0.8083130245,0.4968916576,0.6533699455,0.2469013194,0.09972873511
24.745,12.11527412,-0.7073747136,0.3962832965,0.2909351925,0.3970307441,0.8108140579,0.4922161091,0.6574194365,0.2422766981,0.1003038654
24.78,12.09816215,-0.7118017232,0.3934489401,0.2865215651,0.394728408,0.8133042245,0.4877551879,0.6614637616,0.2379051233,0.100631115
24.815,12.08109845,-0.7162222598,0.3905479424,0.2822173635,0.3921036892,0.8157830721,0.4831065549,0.6655020208,0.2333919434,0.1011060358
24.85,12.06408282,-0.7206351776,0.38757993,0.2779089626,0.389295409,0.8182501215,0.4783140254,0.6695332613,0.2287843069,0.1016824318
24.885,12.04711505,-0.7250392848,0.3845445482,0.2735875717,0.3863652451,0.8207048642,0.4734218647,0.673556474,0.224128262,0.102315264
24.92,12.03019494,-0.7294333427,0.3814414625,0.2692584025,0.3833387603,0.8231467613,0.4684535115,0.6775705907,0.2194486925,0.1029807169
24.955,12.0133223,-0.7338160634,0.3782703598,0.2649271678,0.3802273863,0.8255752419,0.4634212657,0.68157448,0.2147592695,0.1036662505
24.99,11.99649692,-0.7381861089,0.3750309501,0.2605984866,0.3770366164,0.8279897009,0.4583319554,0.6855669448,0.2100681814,0.1043648738
25.025,11.9797186,-0.7425420887,0.371722967,0.2562760332,0.3737692176,0.8303894976,0.4531896217,0.6895467177,0.2053808332,0.1050724491
25.06,11.96298715,-0.7468825584,0.3683461691,0.2519628382,0.3704266101,0.8327739527,0.4479968139,0.6935124564,0.2007011453,0.1057863984
25.095,11.94630237,-0.7512060162,0.3649003397,0.2476615187,0.3670095142,0.8351423452,0.4427552499,0.6974627367,0.1960322113,0.106505052
25.13,11.92966407,-0.7555108994,0.3613852858,0.2433744285,0.3635182777,0.8374939068,0.4374661709,0.7013960439,0.1913766507,0.1072273054
25.165,11.91307204,-0.759795579,0.3578008338,0.2391037558,0.3599530532,0.8398278148,0.4321305434,0.7053107586,0.1867368065,0.1079524349
25.2,11.89652611,-0.7640583526,0.3541468212,0.2348515838,0.3563138992,0.842143181,0.4267491783,0.7092051372,0.1821148612,0.1086800016
25.235,11.88002607,-0.7682974357,0.3504230802,0.2306199295,0.3526008414,0.8444390355,0.421322804,0.7130772847,0.1775129052,0.10940981
25.27,11.86357175,-0.7725109534,0.3466294059,0.2264107678,0.3488139106,0.8467143073,0.4158521132,0.7169251182,0.17293298,0.1101419017
25.305,11.84716293,-0.7766969419,0.3427655024,0.2222260461,0.3449531676,0.8489678022,0.4103377918,0.7207463292,0.1683771034,0.1108765674
25.34,11.83079945,-0.7808533776,0.338830892,0.218067692,0.3410187184,0.8511981971,0.4047805389,0.7245383707,0.1638472846,0.1116143447
25.375,11.8144811,-0.7849782845,0.3348247888,0.2139376178,0.3370107254,0.8534040933,0.3991810784,0.7282985464,0.1593455333,0.1123559202
25.41,11.79820771,-0.7890700039,0.3307459838,0.2098377209,0.3329294128,0.8555842314,0.3935401669,0.7320243769,0.154873863,0.1131017601
25.445,11.78197909,-0.7931277027,0.3265929325,0.2057698829,0.3287750706,0.8577380115,0.3878585977,0.7357144963,0.1504342918,0.1138512119
25.48,11.76579505,-0.7971519479,0.3223644318,0.2017359678,0.3245480558,0.8598663007,0.3821372021,0.739370055,0.1460288412,0.1146011038
25.515,11.74965542,-0.8011445347,0.3180610521,0.1977378187,0.3202487911,0.8619718083,0.3763768499,0.7429953983,0.1416595332,0.1153450685
25.55,11.73356,-0.8051066305,0.3136861689,0.1937772545,0.3158777639,0.8640576943,0.370578448,0.7465956991,0.1373283861,0.1160759148
25.585,11.71750862,-0.8090364234,0.3092445991,0.1898560667,0.3114355221,0.8661247926,0.3647429376,0.7501721564,0.1330374105,0.1167904331
25.62,11.70150109,-0.8129292244,0.3047396545,0.185976016,0.3069226708,0.8681705943,0.3588712922,0.7537201809,0.1287886044,0.1174912147
25.655,11.68553724,-0.8167798674,0.3001719538,0.1821388292,0.3023398667,0.8701911018,0.3529645139,0.7572325537,0.1245839481,0.1181834982
25.69,11.66961689,-0.8205844489,0.2955405207,0.1783461972,0.2976878127,0.872182915,0.3470236302,0.7607030372,0.1204253999,0.1188715629
25.725,11.65373986,-0.8243404369,0.2908441556,0.1745997727,0.2929672522,0.8741438547,0.3410496906,0.7641274788,0.1163148915,0.1195576297
25.76,11.63790598,-0.8280461126,0.2860820578,0.1709011693,0.2881789623,0.8760726616,0.3350437643,0.7675033084,0.112254324,0.1202423676
25.795,11.62211506,-0.8317000952,0.281253897,0.1672519607,0.2833237482,0.877968566,0.3290069371,0.7708288029,0.1082455647,0.1209256325
25.83,11.60636694,-0.8353010944,0.2763597016,0.1636536812,0.278402436,0.8798310082,0.3229403098,0.7741026031,0.1042904437,0.1216069532
25.865,11.59066143,-0.8388478148,0.2713997377,0.1601078263,0.2734158671,0.8816595,0.3168449975,0.777323474,0.1003907524,0.1222857736
25.9,11.57499838,-0.8423389307,0.2663744223,0.1566158551,0.2683648925,0.8834535681,0.3107221293,0.780490207,0.09654824162,0.1229615513
25.935,11.5593776,-0.8457730892,0.2612842703,0.153179192,0.2632503673,0.8852127362,0.3045728496,0.7836015883,0.09276462073,0.123633791
25.97,11.54379892,-0.84914892,0.2561298627,0.14979923,0.258073146,0.8869365225,0.298398321,0.7866563949,0.08904155799,0.1243020471
26.005,11.52826218,-0.8524650461,0.2509118297,0.1464773346,0.2528340789,0.8886244433,0.2921997279,0.7896534011,0.085380681,0.1249659179
26.04,11.5127672,-0.8557200921,0.2456308405,0.1432148475,0.2475340089,0.8902760167,0.2859782825,0.7925913858,0.08178357807,0.1256250361
26.075,11.49731383,-0.8589126903,0.2402875989,0.1400130912,0.2421737693,0.8918907667,0.2797352324,0.7954691398,0.07825180025,0.12627906
26.11,11.48190188,-0.862041485,0.2348828411,0.1368733741,0.2367541831,0.893468226,0.2734718701,0.7982854709,0.07478686376,0.1269276653
26.145,11.46653119,-0.8651051352,0.2294173347,0.1337969945,0.2312760628,0.8950079376,0.267189545,0.8010392083,0.07139025296,0.1275705387
26.18,11.4512016,-0.8681023155,0.2238918801,0.1307852464,0.2257402113,0.8965094557,0.2608896773,0.8037292042,0.0680634237,0.1282073721
26.215,11.43591295,-0.8710317174,0.2183073112,0.1278394237,0.2201474248,0.8979723463,0.254573775,0.8063543348,0.0648078069,0.1288378583
26.25,11.42066507,-0.8738920486,0.2126644972,0.1249608246,0.2144984954,0.8993961869,0.2482434535,0.808913501,0.06162481221,0.1294616868
26.285,11.40545779,-0.8766820329,0.2069643455,0.1221507557,0.2087942161,0.9007805654,0.2419004585,0.8114056271,0.05851583181,0.1300785411
26.32,11.39029096,-0.8794004093,0.2012078035,0.1194105356,0.2030353861,0.90212508,0.2355466918,0.81382966,0.05548224402,0.130688096
26.355,11.37516441,-0.8820459314,0.1953958618,0.1167414972,0.197222817,0.9034293375,0.2291842419,0.8161845678,0.05252541674,0.1312900154
26.39,11.36007798,-0.8846173664,0.1895295574,0.1141449902,0.1913573403,0.9046929524,0.2228154179,0.8184693381,0.04964671047,0.1318839515
26.425,11.34503152,-0.8871134948,0.1836099762,0.1116223816,0.1854398148,0.9059155457,0.2164427892,0.820682976,0.04684748099,0.132469543
26.46,11.33002487,-0.8895331095,0.1776382572,0.1091750556,0.1794711358,0.9070967442,0.2100692299,0.8228245033,0.04412908135,0.1330464154
26.495,11.31505786,-0.8918750158,0.1716155948,0.106804413,0.173452243,0.9082361787,0.2036979707,0.8248929563,0.04149286326,0.1336141805
26.53,11.30013034,-0.8941380317,0.1655432427,0.1045118686,0.1673841303,0.9093334839,0.1973326576,0.826887385,0.03894017775,0.1341724373
26.565,11.28524216,-0.896320988,0.1594225164,0.1022988474,0.1612678542,0.9103882975,0.19097742,0.8288068523,0.03647237496,0.1347207728
26.6,11.27039316,-0.8984227293,0.1532547966,0.1001667806,0.1551045427,0.9114002596,0.1846369495,0.8306504332,0.03409080311,0.1352587637
26.635,11.25558318,-0.9004421154,0.1470415315,0.09811709948,0.1488954041,0.9123690126,0.1783165908,0.8324172151,0.03179680657,0.1357859783
26.67,11.24081207,-0.9023780228,0.1407842391,0.09615122838,0.1426417339,0.9132942012,0.172022449,0.8341062979,0.02959172297,0.1363019791
26.705,11.22607969,-0.9042293469,0.1344845093,0.09427057701,0.1363449224,0.9141754728,0.1657615141,0.835716795,0.02747687957,0.1368063254
26.74,11.21138586,-0.9059950046,0.1281440047,0.0924765315,0.1300064602,0.9150124777,0.1595418082,0.8372478344,0.02545358856,0.1372985771
26.775,11.19673046,-0.9076739373,0.1217644621,0.09077044486,0.1236279425,0.9158048704,0.1533725589,0.8386985606,0.02352314183,0.1377782976
26.81,11.18211332,-0.9092651136,0.1153476922,0.08915362677,0.1172110729,0.91655231,0.1472644043,0.8400681369,0.02168680479,0.1382450583
26.845,11.16753429,-0.9107675338,0.1088955793,0.08762733301,0.1107576648,0.9172544619,0.141229635,0.8413557479,0.0199458098,0.1386984423
26.88,11.15299323,-0.9121802331,0.1024100803,0.08619275462,0.104269641,0.9179109991,0.1352824785,0.8425606022,0.01830134899,0.1391380488
26.915,11.13848999,-0.9135022857,0.09589322256,0.0848510072,0.09774903279,0.9185216035,0.1294394331,0.8436819361,0.01675456684,0.1395634971
26.95,11.12402442,-0.9147328093,0.08934710156,0.08360312037,0.09119797576,0.9190859682,0.1237196529,0.8447190169,0.01530655252,0.1399744306
26.985,11.10959637,-0.915870969,0.0827738772,0.08245002783,0.08461870493,0.9196037987,0.1181453863,0.8456711466,0.01395833231,0.1403705211
27.02,11.0952057,-0.9169159819,0.07617576986,0.08139255812,0.07801354765,0.9200748153,0.1127424593,0.8465376658,0.01271086213,0.1407514721
27.055,11.08085226,-0.9178671208,0.06955505545,0.08043142638,0.07138491497,0.9204987546,0.107540785,0.8473179573,0.01156502044,0.1411170223
27.09,11.06653592,-0.9187237186,0.06291405984,0.07956722737,0.06473529144,0.9208753717,0.1025748587,0.8480114501,0.01052160163,0.1414669483
27.125,11.05225652,-0.9194851717,0.05625515264,0.0788004298,0.05806722359,0.9212044416,0.09788416722,0.8486176232,0.009581310192,0.1418010666
27.16,11.03801392,-0.9201509434,0.0495807404,0.07813137235,0.05138330713,0.9214857614,0.09351339795,0.8491360085,0.008744755597,0.1421192359
27.195,11.02380798,-0.9207205672,0.04289325921,0.07756026135,0.04468617329,0.9217191516,0.08951227974,0.8495661945,0.008012448223,0.1424213573
27.23,11.00963856,-0.9211936488,0.03619516697,0.0770871703,0.03797847433,0.9219044575,0.08593483774,0.8499078288,0.007384796338,0.1427073749
27.265,10.99550552,-0.9215698688,0.02948893524,0.07671204132,0.03126286876,0.9220415503,0.08283781893,0.8501606204,0.006862104246,0.1429772753
27.3,10.98140872,-0.9218489835,0.02277704089,0.07643468842,0.02454200622,0.9221303281,0.08027808956,0.850324342,0.006444571663,0.1432310863
27.335,10.96734802,-0.9220308261,0.01606195757,0.07625480279,0.01781851264,0.9221707167,0.07830896719,0.8503988308,0.006132294342,0.1434688749
27.37,10.95332327,-0.9221153069,0.009346147266,0.07617195982,0.01109497578,0.9221626699,0.0769757491,0.8503839897,0.00592526595,0.1436907443
27.405,10.93933436,-0.9221024129,0.002632051804,0.07618562781,0.004373931382,0.9221061693,0.0763110815,0.8502797875,0.00582338116,0.1438968313
27.44,10.92538112,-0.9219922066,-0.004077915288,0.07629517834,-0.002342149569,0.9220012248,0.07633112014,0.8500862585,0.005826439902,0.1440873016
27.475,10.91146344,-0.9217848248,-0.01078137667,0.0764998979,-0.009050872482,0.9218478732,0.07703345164,0.8498035014,0.005934152672,0.1442623459
27.51,10.89758117,-0.921480476,-0.01747599859,0.07679900075,-0.01574992933,0.9216461784,0.07839736468,0.8494316781,0.00614614679,0.1444221751
27.545,10.88373418,-0.9210794375,-0.02415949775,0.07719164258,-0.02243710719,0.9213962294,0.08038640099,0.8489710115,0.006461973463,0.1445670151
27.58,10.86992234,-0.9205820527,-0.03082964753,0.07767693492,-0.02911029512,0.9210981397,0.08295248941,0.848421783,0.0068811155,0.1446971015
27.615,10.8561455,-0.9199887271,-0.03748428344,0.07825395978,-0.03576748899,0.9207520456,0.08604066184,0.8477843295,0.007402995489,0.144812675
27.65,10.84240354,-0.9192999241,-0.04412130779,0.07892178441,-0.04240679459,0.9203581044,0.08959343883,0.8470590403,0.008026984282,0.1449139754
27.685,10.82869633,-0.918516161,-0.05073869347,0.07967947582,-0.04902642857,0.9199164925,0.09355431345,0.8462463531,0.008752409565,0.1450012373
27.72,10.81502374,-0.9176380044,-0.05733448679,0.08052611468,-0.05562471756,0.9194274036,0.09787014024,0.8453467506,0.00957856435,0.1450746851
27.755,10.80138562,-0.9166660656,-0.06390680939,0.08146080858,-0.06220009532,0.9188910469,0.1024925129,0.8443607561,0.01050471519,0.1451345288
27.79,10.78778186,-0.9156009958,-0.07045385917,0.08248270401,-0.06875109802,0.9183076444,0.1073783495,0.8432889298,0.01153010994,0.1451809603
27.825,10.77421233,-0.9144434821,-0.07697391023,0.08359099723,-0.07527635793,0.9176774296,0.1124899324,0.8421318648,0.01265398488,0.1452141503
27.86,10.76067688,-0.9131942428,-0.08346531189,0.08478494347,-0.08177459541,0.9170006452,0.117794614,0.8408901833,0.01387557109,0.1452342456
27.895,10.74717541,-0.9118540234,-0.08992648678,0.08606386449,-0.08824460962,0.9162775415,0.1232643497,0.839564533,0.0151940999,0.1452413671
27.93,10.73370777,-0.9104235932,-0.09635592806,0.08742715424,-0.09468526799,0.9155083746,0.1288751616,0.8381555839,0.01660880727,0.1452356089
27.965,10.72027384,-0.9089037417,-0.1027521959,0.08887428253,-0.1010954947,0.9146934051,0.1346066014,0.8366640254,0.01811893715,0.1452170374
28,10.7068735,-0.9072952762,-0.1091139131,0.09040479659,-0.1074742586,0.9138328974,0.1404412457,0.8350905643,0.01972374351,0.1451856922
28.035,10.69350662,-0.9055990196,-0.1154397602,0.09201832058,-0.1138205602,0.9129271178,0.1463642417,0.8334359225,0.02142249124,0.1451415863
28.07,10.68017307,-0.9038158084,-0.1217284704,0.0937145528,-0.120133419,0.9119763352,0.1523629081,0.831700836,0.02321445576,0.1450847082
28.105,10.66687273,-0.9019464926,-0.1279788233,0.09549326088,-0.1264118603,0.9109808201,0.1584263908,0.8298860547,0.02509892131,0.145015024
28.14,10.65360547,-0.8999919345,-0.1341896389,0.09735427482,-0.132654903,0.909940845,0.1645453679,0.8279923414,0.0270751781,0.1449324805
28.175,10.64037118,-0.89795301,-0.1403597717,0.09929747807,-0.1388615465,0.9088566849,0.1707117988,0.8260204737,0.02914251826,0.144837008
28.21,10.62716973,-0.8958306089,-0.1464881041,0.1013227967,-0.1450307606,0.9077286183,0.1769187119,0.8239712445,0.03130023063,0.1447285249
28.245,10.61400099,-0.8936256368,-0.1525735404,0.1034301867,-0.1511614738,0.9065569282,0.1831600248,0.821845464,0.03354759468,0.1446069413
28.28,10.60086485,-0.8913390175,-0.1586150007,0.1056196204,-0.1572525651,0.9053419037,0.1894303921,0.8196439625,0.03588387345,0.144472164
28.315,10.58776119,-0.8889716954,-0.1646114158,0.1078910703,-0.163302856,0.904083842,0.1957250772,0.8173675934,0.03830830583,0.1443241008
28.35,10.57468988,-0.8865246389,-0.1705617214,0.1102444932,-0.1693111043,0.9027830504,0.2020398434,0.8150172362,0.04082009831,0.1441626655
28.385,10.5616508,-0.8839988438,-0.1764648542,0.1126798128,-0.1752759997,0.9014398486,0.2083708623,0.8125938007,0.04341841627,0.1439877831
28.42,10.54864384,-0.8813953373,-0.1823197476,0.1151969017,-0.1811961616,0.9000545711,0.2147146366,0.810098231,0.04610237516,0.1437993938
28.455,10.53566888,-0.8787151817,-0.1881253289,0.1177955638,-0.1870701389,0.8986275702,0.2210679346,0.8075315099,0.04887103171,0.1435974584
28.49,10.5227258,-0.8759594784,-0.1938805166,0.120475516,-0.192896411,0.8971592181,0.2274277365,0.8048946626,0.05172337534,0.1433819621
28.525,10.50981448,-0.8731293725,-0.1995842192,0.123236371,-0.1986733925,0.8956499102,0.233791189,0.8021887617,0.05465832006,0.1431529183
28.56,10.4969348,-0.8702260558,-0.2052353345,0.1260776212,-0.2043994385,0.8941000675,0.2401555684,0.7994149307,0.05767469702,0.1429103723
28.595,10.48408666,-0.8672507708,-0.2108327498,0.1289986224,-0.2100728526,0.8925101388,0.2465182508,0.7965743479,0.06077124798,0.1426544041
28.63,10.47126993,-0.8642048141,-0.2163753434,0.1319985806,-0.2156918973,0.8908806036,0.252876689,0.79366825,0.06394661983,0.1423851302
28.665,10.45848449,-0.8610895385,-0.2218619862,0.1350765398,-0.2212548051,0.8892119737,0.2592283943,0.7906979342,0.0671993604,0.1421027054
28.7,10.44573024,-0.8579063554,-0.2272915448,0.1382313719,-0.2267597925,0.887504795,0.265570924,0.7876647611,0.07052791568,0.1418073233
28.735,10.43300706,-0.8546567366,-0.2326628852,0.141461769,-0.2322050743,0.8857596489,0.2719018732,0.7845701556,0.07393062864,0.1414992158
28.77,10.42031484,-0.8513422142,-0.2379748771,0.1447662389,-0.2375888798,0.8839771534,0.2782188701,0.7814156077,0.0774057397,0.1411786526
28.805,10.40765346,-0.847964381,-0.2432263985,0.1481431024,-0.2429094691,0.8821579634,0.2845195757,0.7782026723,0.08095138898,0.1408459387
28.84,10.39502282,-0.8445248894,-0.2484163417,0.1515904948,-0.248165151,0.8803027704,0.2908016855,0.7749329677,0.08456562031,0.140501412
28.875,10.38242279,-0.8410254496,-0.2535436186,0.1551063692,-0.2533542998,0.8784123026,0.2970629344,0.7716081734,0.08824638701,0.1401454396
28.91,10.36985327,-0.8374678264,-0.258607167,0.1586885037,-0.2584753726,0.8764873229,0.3033011036,0.7682300272,0.09199155946,0.1397784134
28.945,10.35731415,-0.8338538362,-0.263605957,0.1623345112,-0.2635269259,0.8745286278,0.3095140292,0.7648003208,0.09579893424,0.139400745
28.98,10.34480531,-0.8301853418,-0.2685389969,0.1660418528,-0.268507631,0.8725370449,0.3156996116,0.7613208947,0.09966624478,0.1390128606
29.015,10.33232666,-0.8264642474,-0.2734053396,0.1698078525,-0.2734162881,0.8705134301,0.321855827,0.757793632,0.1035911734,0.1386151947
29.05,10.31987807,-0.8226924923,-0.2782040884,0.1736297163,-0.278251839,0.8684586644,0.3279807377,0.7542204517,0.1075713643,0.138208184
29.085,10.30745945,-0.8188720443,-0.2829344027,0.177504552,-0.2830133773,0.8663736498,0.3340725036,0.7506033011,0.1116044377,0.1377922612
29.12,10.29507067,-0.8150048919,-0.287595503,0.1814293915,-0.2877001567,0.8642593055,0.3401293934,0.7469441471,0.1156880043,0.1373678486
29.155,10.28271164,-0.8110930368,-0.2921866752,0.1854012147,-0.2923115969,0.8621165626,0.3461497943,0.7432449675,0.1198196801,0.1369353524
29.19,10.27038225,-0.8071384855,-0.2967072752,0.1894169739,-0.2968472864,0.8599463599,0.3521322215,0.7395077419,0.1239971014,0.1364951566
29.225,10.2580824,-0.8031432408,-0.3011567311,0.1934736195,-0.3013069829,0.8577496382,0.3580753264,0.7357344419,0.1282179394,0.1360476187
29.26,10.24581196,-0.7991092931,-0.3055345463,0.1975681251,-0.305690611,0.8555273353,0.3639779028,0.7319270214,0.1324799137,0.1355930649
29.295,10.23357085,-0.7950386123,-0.3098403008,0.2016975128,-0.309998257,0.85328038,0.369838892,0.728087407,0.136780806,0.135131787
29.33,10.22135895,-0.7909331387,-0.3140736516,0.2058588774,-0.3142301611,0.8510096877,0.3756573858,0.7242174886,0.1411184715,0.1346640399
29.365,10.20917616,-0.7867947759,-0.318234333,0.2100494092,-0.318386707,0.848716154,0.3814326278,0.7203191101,0.1454908495,0.1341900404
29.4,10.19702238,-0.7826253826,-0.3223221551,0.2142664156,-0.3224684097,0.8464006505,0.3871640119,0.7163940612,0.1498959721,0.1337099667
29.435,10.1848975,-0.7784267659,-0.3263370022,0.2185073399,-0.3264759008,0.8440640194,0.3928510804,0.7124440689,0.1543319714,0.1332239597
29.47,10.17280143,-0.7742006752,-0.3302788297,0.2227697785,-0.3304099123,0.8417070694,0.3984935186,0.7084707908,0.1587970843,0.1327321249
29.505,10.16073405,-0.7699487963,-0.3341476613,0.2270514945,-0.3342712591,0.8393305717,0.4040911479,0.7044758086,0.1632896558,0.1322345356
29.54,10.14869526,-0.7656727479,-0.3379435846,0.2313504296,-0.3380608209,0.8369352563,0.4096439184,0.7004606233,0.1678081399,0.1317312368
29.575,10.13668497,-0.7613740771,-0.3416667464,0.2356647116,-0.3417795225,0.8345218097,0.4151518978,0.6964266508,0.1723510983,0.1312222509
29.61,10.12470307,-0.7570542576,-0.3453173476,0.2399926597,-0.3454283153,0.8320908721,0.4206152609,0.6923752195,0.1769171977,0.1307075828
29.645,10.11274947,-0.7527146884,-0.3488956379,0.2443327863,-0.3490081579,0.8296430367,0.4260342765,0.6883075683,0.1815052048,0.1301872269
29.68,10.10082406,-0.7483566937,-0.3524019101,0.2486837955,-0.3525199981,0.8271788484,0.4314092943,0.6842248472,0.1861139792,0.1296611736
29.715,10.08892674,-0.7439815234,-0.3558364939,0.2530445788,-0.3559647549,0.8246988041,0.4367407304,0.6801281176,0.1907424656,0.1291294169
29.75,10.07705741,-0.7395903559,-0.3591997506,0.2574142077,-0.359343303,0.822203354,0.4420290531,0.6760183554,0.1953896838,0.1285919608
29.785,10.06521598,-0.735184301,-0.3624920667,0.2617919237,-0.3626564581,0.8196929028,0.4472747678,0.6718964548,0.2000547179,0.1280488273
29.82,10.05340235,-0.7307644039,-0.3657138488,0.2661771254,-0.3659049639,0.8171678121,0.4524784024,0.6677632332,0.2047367047,0.1275000621
29.855,10.04161641,-0.7263316507,-0.3688655182,0.270569354,-0.3690894819,0.8146284045,0.4576404932,0.6636194374,0.209434821,0.1269457416
29.89,10.02985808,-0.7218869745,-0.3719475062,0.2749682763,-0.3722105831,0.8120749666,0.4627615706,0.6594657513,0.2141482712,0.1263859775
29.925,10.01812725,-0.7174312617,-0.3749602496,0.2793736666,-0.3752687419,0.8095077541,0.4678421467,0.655302804,0.2188762742,0.1258209218
29.96,10.00642383,-0.7129653596,-0.3779041875,0.2837853867,-0.3782643325,0.8069269972,0.4728827031,0.6511311789,0.2236180509,0.1252507702
29.995,9.994747725,-0.7084900844,-0.3807797578,0.2882033658,-0.3811976284,0.804332906,0.4778836803,0.6469514237,0.2283728119,0.1246757643
30.03,9.983098834,-0.7040062293,-0.3835873955,0.2926275792,-0.3840688038,0.8017256768,0.4828454682,0.6427640609,0.2331397462,0.1240961929
30.065,9.971477066,-0.6995145726,-0.3863275306,0.2970580275,-0.3868779378,0.7991054987,0.4877683983,0.6385695981,0.2379180104,0.1235123915
30.1,9.959882326,-0.6950158861,-0.389000588,0.3014947153,-0.3896250204,0.7964725603,0.4926527376,0.6343685393,0.2427067199,0.1229247408
30.135,9.948314518,-0.6905109435,-0.3916069872,0.3059376312,-0.392309962,0.7938270565,0.4974986839,0.6301613956,0.2475049404,0.122333664
30.17,9.93677355,-0.6860005281,-0.3941471436,0.3103867284,-0.3949326033,0.7911691952,0.502306363,0.6259486954,0.2523116823,0.1217396223
30.205,9.925259328,-0.6814854401,-0.3966214696,0.3148419066,-0.3974927287,0.7884992043,0.5070758281,0.6217309953,0.2571258955,0.1211431093
30.24,9.913771759,-0.6769665034,-0.3990303775,0.3193029955,-0.3999900797,0.7858173381,0.5118070601,0.6175088889,0.2619464668,0.1205446443
30.275,9.902310751,-0.6724445715,-0.4013742821,0.3237697402,-0.4024243712,0.783123883,0.5164999702,0.6132830162,0.2667722193,0.1199447646
30.31,9.890876212,-0.6679205328,-0.4036536046,0.328241789,-0.4047953076,0.7804191634,0.5211544042,0.6090540706,0.2716019131,0.1193440164
30.345,9.879468051,-0.6633953141,-0.4058687761,0.3327186826,-0.4071025998,0.7777035465,0.525770148,0.6048228062,0.2764342485,0.1187429453
30.38,9.868086175,-0.6588698841,-0.4080202427,0.3371998472,-0.4093459836,0.7749774465,0.5303469347,0.6005900426,0.2812678712,0.1181420862
30.415,9.856730495,-0.6543452549,-0.4101084693,0.3416845888,-0.4115252362,0.7722413283,0.5348844532,0.5963566691,0.2861013783,0.1175419526
30.45,9.84540092,-0.6498224822,-0.412133945,0.3461720915,-0.4136401944,0.7694957095,0.5393823573,0.592123647,0.2909333273,0.1169430257
30.485,9.834097359,-0.645302665,-0.4140971876,0.350661417,-0.4156907703,0.7667411625,0.5438402761,0.5878920102,0.2957622459,0.1163457438
30.52,9.822819725,-0.6407869431,-0.4159987481,0.3551515086,-0.4176769672,0.7639783144,0.5482578252,0.5836628649,0.3005866429,0.1157504922
30.555,9.811567927,-0.6362764939,-0.4178392151,0.3596411962,-0.4195988929,0.761207847,0.5526346179,0.5794373863,0.3054050209,0.1151575928
30.59,9.800341876,-0.6317725276,-0.4196192189,0.3641292048,-0.4214567727,0.7584304949,0.5569702766,0.5752168155,0.3102158891,0.1145672954
30.625,9.789141486,-0.627276282,-0.4213394345,0.3686141651,-0.4232509589,0.7556470426,0.5612644447,0.571002453,0.3150177769,0.11397977
30.66,9.777966667,-0.6227890147,-0.423000585,0.3730946255,-0.4249819392,0.7528583212,0.5655167975,0.5667956517,0.3198092482,0.1133951
30.695,9.766817332,-0.6183119961,-0.4246034429,0.3775690674,-0.4266503415,0.7500652027,0.5697270527,0.5625978083,0.3245889146,0.1128132771
30.73,9.755693394,-0.6138465003,-0.4261488323,0.3820359203,-0.4282569374,0.7472685951,0.5738949806,0.5584103532,0.3293554488,0.1122341981
30.765,9.744594767,-0.6093937955,-0.4276376282,0.3864935795,-0.4298026413,0.7444694346,0.5780204127,0.5542347391,0.3341075975,0.1116576634
30.8,9.733521364,-0.6049551347,-0.4290707569,0.3909404237,-0.4312885085,0.741668679,0.582103249,0.5500724294,0.3388441924,0.1110833781
30.835,9.722473099,-0.6005317445,-0.4304491939,0.3953748336,-0.432715729,0.7388672984,0.5861434647,0.5459248847,0.3435641612,0.1105109542
30.87,9.711449887,-0.5961248153,-0.4317739613,0.3997952105,-0.4340856191,0.7360662668,0.5901411145,0.5417935491,0.3482665351,0.1099399159
30.905,9.700451642,-0.5917354902,-0.4330461249,0.4041999941,-0.4353996111,0.7332665522,0.5940963361,0.5376798366,0.3529504565,0.1093697069
30.94,9.689478281,-0.5873648549,-0.4342667889,0.4085876802,-0.436659239,0.7304691073,0.5980093507,0.5335851168,0.3576151835,0.1087996997
30.975,9.678529718,-0.5830139278,-0.4354370911,0.4129568376,-0.437866124,0.7276748589,0.6018804634,0.5295107003,0.3622600923,0.1082292074
31.01,9.667605869,-0.5786836499,-0.4365581966,0.4173061225,-0.4390219562,0.7248846982,0.6057100609,0.5254578257,0.3668846779,0.1076574964
31.045,9.656706652,-0.5743748767,-0.4376312903,0.4216342926,-0.4401284761,0.7220994705,0.6094986072,0.5214276453,0.3714885522,0.1070838025
31.08,9.645831982,-0.57008837,-0.43865757,0.4259402184,-0.4411874547,0.7193199658,0.6132466387,0.5174212133,0.3760714398,0.1065073469
31.115,9.634981777,-0.5658247908,-0.4396382373,0.4302228929,-0.442200672,0.7165469096,0.6169547568,0.5134394736,0.3806331719,0.1059273545
31.15,9.624155955,-0.5615846943,-0.4405744898,0.434481439,-0.4431698963,0.7137809537,0.6206236201,0.5094832498,0.3851736778,0.1053430724
31.185,9.613354433,-0.5573685246,-0.4414675112,0.4387151141,-0.4440968626,0.7110226689,0.6242539345,0.5055532357,0.3896929747,0.1047537896
31.22,9.60257713,-0.5531766126,-0.4423184632,0.4429233133,-0.444983252,0.7082725376,0.627846443,0.5016499876,0.394191156,0.1041588564
31.255,9.591823964,-0.5490091738,-0.4431284753,0.4471055689,-0.4458306721,0.705530948,0.6314019147,0.4977739185,0.3986683779,0.1035577036
31.29,9.581094855,-0.5448663088,-0.4438986367,0.4512615487,-0.4466406383,0.7027981887,0.6349211329,0.4939252941,0.403124845,0.1029498609
31.325,9.570389721,-0.5407480044,-0.4446299873,0.4553910515,-0.4474145567,0.7000744459,0.6384048836,0.4901042298,0.4075607954,0.1023349748
31.36,9.559708482,-0.5366541372,-0.4453235094,0.4594940008,-0.4481537098,0.6973598003,0.6418539432,0.486310691,0.4119764844,0.1017128245
31.395,9.549051059,-0.5325844783,-0.4459801206,0.4635704362,-0.4488592435,0.6946542266,0.6452690678,0.4825444945,0.4163721698,0.1010833357
31.43,9.538417372,-0.5285386992,-0.4466006664,0.4676205036,-0.4495321572,0.6919575939,0.6486509814,0.4788053118,0.4207480957,0.1004465925
31.465,9.527807341,-0.5245163801,-0.4471859149,0.4716444433,-0.4501732967,0.6892696682,0.6520003665,0.4750926754,0.4251044779,0.09980284661
31.5,9.517220889,-0.5205170185,-0.4477365515,0.4756425781,-0.4507833497,0.6865901151,0.6553178545,0.4714059861,0.4294414905,0.09915252343
31.535,9.506657936,-0.5165400399,-0.4482531757,0.4796152992,-0.4513628446,0.6839185056,0.6586040181,0.4677445224,0.4337592527,0.09849622492
31.57,9.496118404,-0.5125848095,-0.4487362981,0.4835630524,-0.4519121519,0.6812543227,0.6618593648,0.4641074522,0.4380578188,0.09783472907
31.605,9.485602215,-0.5086506444,-0.4491863397,0.4874863239,-0.4524314893,0.6785969686,0.6650843318,0.4604938458,0.4423371685,0.0971689857
31.64,9.475109292,-0.5047368272,-0.4496036321,0.4913856256,-0.4529209287,0.675945775,0.6682792835,0.4569026907,0.4465972007,0.09650010861
31.675,9.464639558,-0.5008426199,-0.449988419,0.4952614816,-0.4533804074,0.6733000127,0.6714445092,0.4533329072,0.4508377289,0.09582936392
31.71,9.454192936,-0.4969672786,-0.4503408597,0.4991144148,-0.4538097402,0.6706589043,0.6745802245,0.4497833659,0.4550584793,0.09515815476
31.745,9.44376935,-0.4931100679,-0.4506610333,0.5029449342,-0.4542086357,0.6680216359,0.6776865733,0.446252906,0.4592590916,0.09448800239
31.78,9.433368722,-0.4892702759,-0.4509489451,0.5067535242,-0.4545767128,0.6653873713,0.6807636316,0.442740354,0.4634391221,0.09382052393
31.815,9.422990979,-0.4854472283,-0.4512045338,0.5105406339,-0.4549135209,0.6627552661,0.6838114143,0.4392445427,0.4675980503,0.09315740695
31.85,9.412636044,-0.4816403026,-0.45142768,0.5143066693,-0.4552185596,0.6601244818,0.6868298822,0.4357643314,0.4717352871,0.09250038141
31.885,9.402303842,-0.4778489418,-0.4516182167,0.5180519866,-0.4554913009,0.6574942014,0.6898189516,0.4322986248,0.475850186,0.09185118917
31.92,9.391994298,-0.474072666,-0.4517759393,0.5217768869,-0.455731211,0.6548636438,0.6927785045,0.428846392,0.4799420563,0.09121155166
31.955,9.381707338,-0.4703110846,-0.451900618,0.5254816133,-0.455937773,0.652232079,0.6957084007,0.4254066849,0.4840101788,0.09058313636
31.99,9.371442888,-0.4665639055,-0.4519920103,0.5291663502,-0.4561105086,0.6495988418,0.69860849,0.4219786553,0.4880538222,0.08996752246
32.025,9.361200874,-0.4628309442,-0.4520498737,0.5328312235,-0.4562489994,0.6469633462,0.7014786256,0.4185615713,0.4920722621,0.08936616661
32.06,9.350981223,-0.4591121303,-0.4520739795,0.5364763033,-0.4563529069,0.6443250974,0.7043186776,0.4151548311,0.4960647996,0.08878036926
32.095,9.34078386,-0.4554075126,-0.4520641256,0.5401016082,-0.4564219913,0.6416837042,0.7071285466,0.4117579762,0.5000307814,0.08821124242
32.13,9.330608715,-0.4517172621,-0.4520201507,0.5437071114,-0.4564561271,0.6390388889,0.7099081764,0.4083707015,0.503969619,0.08765967951
32.165,9.320455713,-0.4480416735,-0.4519419462,0.547292747,-0.4564553177,0.6363904964,0.7126575671,0.4049928639,0.507880808,0.08712632805
32.2,9.310324783,-0.4443811639,-0.4518294692,0.5508584191,-0.4564197062,0.6337385013,0.7153767861,0.401624488,0.5117639461,0.08661156583
32.235,9.300215852,-0.44073627,-0.4516827535,0.5544040104,-0.4563495836,0.6310830131,0.7180659783,0.3982657694,0.5156187492,0.08611548135
32.27,9.29012885,-0.4371076434,-0.4515019198,0.5579293917,-0.4562453938,0.6284242799,0.7207253745,0.3949170756,0.5194450655,0.08563785898
32.305,9.280063705,-0.4334960436,-0.4512871852,0.5614344319,-0.4561077348,0.6257626894,0.723355298,0.3915789434,0.5232428871,0.08517816953
32.34,9.270020346,-0.4299023292,-0.45103887,0.5649190077,-0.4559373568,0.6230987682,0.7259561685,0.3882520749,0.5270123585,0.08473556658
32.375,9.259998703,-0.4263274478,-0.4507574035,0.5683830124,-0.4557351563,0.6204331789,0.7285285042,0.3849373295,0.5307537814,0.08430888905
32.41,9.249998704,-0.4227724235,-0.4504433284,0.5718263645,-0.4555021674,0.617766715,0.7310729209,0.3816357142,0.5344676157,0.08389667013
32.445,9.24002028,-0.4192383446,-0.4500973022,0.5752490151,-0.4552395488,0.6151002935,0.7335901282,0.378348371,0.5381544762,0.0834971528
32.48,9.230063362,-0.415726348,-0.4497200976,0.578650953,-0.4549485686,0.6124349456,0.7360809232,0.3750765625,0.5418151255,0.08310831194
32.515,9.220127879,-0.4122376046,-0.4493125997,0.5820322096,-0.4546305854,0.6097718056,0.7385461815,0.3718216549,0.5454504622,0.08272788287
32.55,9.210213763,-0.4087733034,-0.4488758025,0.5853928603,-0.4542870276,0.6071120981,0.7409868449,0.3685850996,0.5490615043,0.08235339606
32.585,9.200320945,-0.4053346343,-0.4484108023,0.5887330245,-0.4539193703,0.6044571229,0.743403907,0.3653684134,0.5526493689,0.08198221769
32.62,9.190449356,-0.4019227726,-0.4479187894,0.5920528639,-0.4535291103,0.6018082394,0.7457983961,0.362173157,0.5562152476,0.08161159539
32.655,9.180598928,-0.3985388616,-0.4474010383,0.5953525772,-0.4531177406,0.5991668493,0.7481713561,0.3590009133,0.5597603781,0.08123870867
32.69,9.170769593,-0.3951839972,-0.4468588956,0.5986323935,-0.452686724,0.5965343781,0.7505238255,0.3558532643,0.5632860126,0.08086072314
32.725,9.160961283,-0.3918592121,-0.4462937674,0.6018925629,-0.4522374664,0.5939122569,0.7528568146,0.3527317689,0.5667933834,0.08047484769
32.76,9.151173932,-0.3885654616,-0.4457071039,0.6051333455,-0.4517712919,0.5913019029,0.7551712825,0.3496379404,0.570283666,0.08007839367
32.795,9.141407471,-0.3853036094,-0.4451003843,0.6083549977,-0.4512894174,0.5887046998,0.7574681125,0.3465732236,0.5737579414,0.079668835
32.83,9.131661834,-0.3820744163,-0.4444751005,0.6115577576,-0.4507929309,0.5861219792,0.7597480881,0.3435389745,0.5772171574,0.07924386804
32.865,9.121936954,-0.3788785284,-0.4438327397,0.6147418288,-0.4502827708,0.5835550018,0.7620118698,0.3405364401,0.5806620897,0.07880147014
32.9,9.112232766,-0.3757164688,-0.4431747674,0.6179073632,-0.4497597087,0.5810049392,0.7642599721,0.3375667394,0.584093305,0.0783399556
32.935,9.102549203,-0.3725886292,-0.4425026106,0.6210544432,-0.4492243358,0.5784728576,0.7664927431,0.334630847,0.5875111253,0.07785802779
32.97,9.0928862,-0.3694952649,-0.4418176403,0.6241830646,-0.4486770526,0.5759597018,0.7687103457,0.3317295781,0.5909155957,0.07735482629
33.005,9.08324369,-0.3664364905,-0.4411211562,0.6272931191,-0.4481180635,0.5734662815,0.7709127422,0.328863576,0.5943064561,0.07682996787
33.04,9.07362161,-0.3634122781,-0.4404143708,0.6303843785,-0.4475473756,0.5709932591,0.7730996819,0.3260333019,0.5976831181,0.07628357994
33.075,9.064019894,-0.3604224575,-0.4396983958,0.6334564807,-0.4469648019,0.5685411394,0.7752706928,0.3232390272,0.6010446471,0.07571632576
33.11,9.054438478,-0.3574667176,-0.4389742294,0.6365089171,-0.4463699701,0.5661102616,0.7774250779,0.3204808283,0.6043897517,0.07512941998
33.145,9.044877297,-0.3545446104,-0.4382427456,0.6395410239,-0.4457623358,0.5637007937,0.7795619163,0.3177585848,0.6077167813,0.0745246339
33.18,9.035336287,-0.3516555564,-0.4375046851,0.6425519762,-0.4451412006,0.5613127291,0.7816800692,0.3150719798,0.6110237306,0.0739042896
33.215,9.025815385,-0.348798852,-0.4367606488,0.6455407858,-0.4445057347,0.558945886,0.783778192,0.3124205035,0.6143082543,0.07327124221
33.25,9.016314526,-0.3459736779,-0.436011093,0.6485063041,-0.4438550039,0.5565999093,0.7858547519,0.309803459,0.617567691,0.07262884995
33.285,9.006833649,-0.3431791097,-0.4352563275,0.651447229,-0.4431880009,0.554274275,0.7879080506,0.307219972,0.6207990963,0.07198093176
33.32,8.997372689,-0.3404141291,-0.4344965159,0.6543621172,-0.4425036787,0.5519682976,0.7899362545,0.3046690016,0.6239992861,0.07133171228
33.355,8.987931584,-0.3376776362,-0.4337316786,0.6572494026,-0.4418009883,0.5496811394,0.7919374283,0.302149355,0.6271648904,0.07068575462
33.39,8.978510273,-0.3349684634,-0.4329616981,0.6601074188,-0.4410789169,0.5474118226,0.7939095762,0.2996597035,0.6302924152,0.07004788124
33.425,8.969108691,-0.3322853894,-0.4321863274,0.6629344285,-0.4403365282,0.5451592443,0.7958506861,0.2971986016,0.6333783146,0.06942308381
33.46,8.959726778,-0.3296271531,-0.4314052002,0.6657286575,-0.4395730027,0.5429221922,0.7977587794,0.2947645068,0.6364190701,0.06881642306
33.495,8.950364472,-0.3269924692,-0.4306178435,0.668488334,-0.4387876767,0.5406993639,0.799631964,0.2923558021,0.6394112779,0.06823292004
33.53,8.941021712,-0.3243800423,-0.4298236933,0.6712117326,-0.4379800799,0.5384893863,0.80146849,0.2899708191,0.6423517404,0.06767744042
33.565,8.931698436,-0.3217885814,-0.4290221106,0.6738972228,-0.4371499705,0.5362908376,0.8032668072,0.2876078625,0.6452375636,0.0671545739
33.6,8.922394583,-0.3192168138,-0.4282124007,0.6765433198,-0.4362973655,0.5341022695,0.8050256237,0.2852652343,0.6480662548,0.06666851092
33.635,8.913110094,-0.3166634984,-0.4273938327,0.6791487389,-0.4354225669,0.5319222307,0.8067439626,0.2829412595,0.6508358213,0.06622291925
33.67,8.903844906,-0.3141274376,-0.4265656608,0.6817124499,-0.4345261815,0.5297492897,0.8084212187,0.28063431,0.6535448668,0.06582082321
33.705,8.894598962,-0.3116074883,-0.4257271453,0.6842337327,-0.4336091347,0.527582059,0.8100572095,0.278342829,0.6561926826,0.06546448838
33.74,8.885372199,-0.3091025718,-0.4248775748,0.6867122304,-0.4326726756,0.5254192168,0.8116522233,0.2760653534,0.6587793316,0.06515531499
33.775,8.87616456,-0.3066116816,-0.4240162873,0.6891480002,-0.4317183755,0.5232595295,0.8132070597,0.2738005352,0.6613057219,0.06489374291
33.81,8.866975983,-0.3041338904,-0.4231426907,0.6915415594,-0.4307481169,0.5211018711,0.8147230625,0.27154716,0.6637736685,0.06467917146
33.845,8.857806412,-0.3016683549,-0.4222562822,0.6938939252,-0.429764074,0.518945242,0.8162021433,0.2693041642,0.6661859388,0.06450989702
33.88,8.848655785,-0.2992143189,-0.4213566652,0.6962066474,-0.4287686847,0.5167887847,0.8176467946,0.267070648,0.6685462808,0.06438307125
33.915,8.839524045,-0.2967711152,-0.4204435647,0.6984818302,-0.4277646133,0.5146317964,0.8190600903,0.2648458859,0.6708594315,0.0642946826
33.95,8.830411134,-0.2943381658,-0.4195168387,0.7007221444,-0.4267547059,0.5124737396,0.8204456732,0.2626293338,0.6731311027,0.06423956349
33.985,8.821316993,-0.2919149801,-0.4185764875,0.7029308265,-0.4257419367,0.5103142478,0.821807729,0.2604206315,0.6753679435,0.06421142508
34.02,8.812241564,-0.2895011531,-0.4176226574,0.7051116629,-0.4247293488,0.5081531281,0.8231509442,0.2582196016,0.6775774769,0.06420292144
34.055,8.803184789,-0.2870963613,-0.4166556419,0.707268961,-0.4237199876,0.5059903602,0.8244804492,0.2560262446,0.6797680111,0.06420574432
34.09,8.794146612,-0.2847003584,-0.4156758767,0.7094075019,-0.42271683,0.5038260896,0.825801745,0.2538407286,0.6819485221,0.06421074931
34.125,8.785126974,-0.2823129711,-0.4146839306,0.7115324773,-0.4217227095,0.5016606183,0.827120614,0.251663376,0.6841285101,0.06420811395
34.16,8.77612582,-0.2799340938,-0.4136804907,0.7136494084,-0.4207402392,0.4994943896,0.8284430137,0.2494946452,0.6863178269,0.06418752784
34.195,8.767143091,-0.2775636842,-0.4126663423,0.7157640458,-0.4197717329,0.4973279691,0.8297749556,0.2473351088,0.6885264769,0.06413841423
34.23,8.758178732,-0.27520176,-0.4116423434,0.7178822519,-0.4188191282,0.4951620215,0.8311223675,0.2451854275,0.6907643898,0.0640501827
34.265,8.749232686,-0.2728483957,-0.4106093936,0.7200098642,-0.4178839107,0.4929972831,0.8324909413,0.2430463211,0.6930411673,0.06391251154
34.3,8.740304898,-0.2705037218,-0.4095683981,0.7221525394,-0.4169670431,0.4908345303,0.8338859665,0.2409185362,0.6953658052,0.06371565862
34.335,8.731395311,-0.2681679258,-0.4085202254,0.724315581,-0.4160688997,0.4886745451,0.8353121513,0.238802811,0.6977463901,0.06345079888
34.37,8.72250387,-0.2658412553,-0.4074656621,0.7265037476,-0.4151892095,0.4865180766,0.836773431,0.2366998388,0.7001897749,0.06311038625
34.405,8.713630519,-0.2635240243,-0.4064053617,0.7287210459,-0.414327009,0.4843658012,0.8382727678,0.2346102294,0.7027012332,0.06268853742
34.44,8.704775203,-0.2612166221,-0.4053397905,0.7309705075,-0.4134806085,0.4822182799,0.8398119412,0.2325344694,0.7052840965,0.06218143406
34.475,8.695937868,-0.2589195261,-0.4042691706,0.7332539517,-0.4126475728,0.4800759141,0.841391334,0.2304728833,0.707939377,0.06158773973
34.51,8.687118458,-0.2566333186,-0.4031934198,0.7355717361,-0.4118247206,0.477938902,0.8430097149,0.228425594,0.7106653794,0.06090902662
34.545,8.67831692,-0.2543587064,-0.4021120915,0.7379224979,-0.411008145,0.4758071938,0.8446640209,0.2263924857,0.7134573081,0.06015020617
34.58,8.669533198,-0.252096546,-0.401024313,0.7403028881,-0.4101932585,0.4736804494,0.8463491451,0.2243731681,0.7163068755,0.05931995644
34.615,8.66076724,-0.2498478714,-0.3999287254,0.7427073033,-0.4093748647,0.4715579967,0.8480577329,0.2223669443,0.7192019183,0.05843113742
34.65,8.65201899,-0.2476139274,-0.3988234258,0.7451276187,-0.408547263,0.4694387948,0.8497799917,0.220372782,0.7221260343,0.05750118366
34.685,8.643288396,-0.2453962054,-0.3977059121,0.7475529296,-0.4077043851,0.4673213992,0.8515035221,0.2183892901,0.7250582482,0.05655246166
34.72,8.634575403,-0.2431964833,-0.3965730336,0.7499693066,-0.4068399705,0.4652039343,0.8532131752,0.2164147005,0.7279727224,0.05561257714
34.755,8.62587996,-0.2410168686,-0.3954209475,0.7523595737,-0.40594778,0.4630840709,0.8548909452,0.2144468567,0.7308385282,0.05471461512
34.79,8.617202012,-0.2388598429,-0.3942450835,0.7547031184,-0.4050218497,0.4609590116,0.8565159051,0.2124832104,0.7336194957,0.05389729384
34.825,8.608541508,-0.2367283084,-0.3930401172,0.7569757443,-0.404056785,0.458825485,0.8580641951,0.2105208257,0.736274163,0.05320501131
34.86,8.599898394,-0.2346256336,-0.3917999552,0.7591495767,-0.4030480922,0.4566797487,0.8595090717,0.2085563929,0.7387558444,0.05268776269
34.895,8.591272618,-0.2325556987,-0.3905177317,0.7611930357,-0.4019925431,0.4545176034,0.860821028,0.2065862518,0.7410128423,0.05240090593
34.93,8.582664128,-0.2305229367,-0.3891858185,0.7630708866,-0.4008885654,0.452334418,0.8619679924,0.2046064257,0.7429888198,0.05240475447
34.965,8.574072873,-0.2285323704,-0.3877958494,0.7647443813,-0.3997366479,0.4501251661,0.8629156137,0.2026126651,0.7446233564,0.05276397843
35,8.5654988,-0.2265896421,-0.3863387593,0.7661714997,-0.3985397471,0.4478844749,0.8636276379,0.2006005028,0.745852697,0.05354680015
