lam_um,f_THz,side,n1,n2,kz_rad_per_um,Re_S_TE,Im_S_TE,Re_S_TM,Im_S_TM,power
29.9792458,10,trans,0,0,0.2095845022,-2.029807905e-15,8.816879602e-16,0.9170291069,0.2640900651,0.9106859454
29.9792458,10,refl,0,0,0.2095845022,-2.135215778e-15,1.448112393e-15,-0.08818521032,0.2740352053,0.08287192506
29.24804468,10.25,trans,0,0,0.2148241148,-2.167834962e-15,8.076052597e-16,0.9052766002,0.2774038999,0.8964786466
29.24804468,10.25,refl,0,0,0.2148241148,-2.318328347e-15,1.444298638e-15,-0.09890458664,0.2893380084,0.09349860038
28.55166267,10.5,trans,0,0,0.2200637273,-2.134628805e-15,7.957613673e-16,0.8954971056,0.2888695485,0.8853606822
28.55166267,10.5,refl,0,0,0.2200637273,-2.332219391e-15,1.484039581e-15,-0.1078565723,0.302318011,0.10302922
27.88767051,10.75,trans,0,0,0.2253033399,-2.214314227e-15,8.479830685e-16,0.8875313144,0.2987316661,0.8769524423
27.88767051,10.75,refl,0,0,0.2253033399,-2.371157778e-15,1.566583095e-15,-0.1151536409,0.3133370951,0.1114404962
27.25385982,11,trans,0,0,0.2305429524,-2.062538033e-15,8.694557602e-16,0.8811885687,0.307211541,0.8708722246
27.25385982,11,refl,0,0,0.2305429524,-2.194108539e-15,1.598419418e-15,-0.1209556618,0.3227090062,0.1187713748
26.64821849,11.25,trans,0,0,0.235782565,-2.345625773e-15,8.404331851e-16,0.8688449202,0.3202455573,0.8574487123
26.64821849,11.25,refl,0,0,0.235782565,-2.395784424e-15,1.498491061e-15,-0.1328395027,0.3340374546,0.1292273545
26.06890939,11.5,trans,0,0,0.2410221775,-2.629899707e-15,8.335380814e-16,0.8587543688,0.3315355394,0.8473748799
26.06890939,11.5,refl,0,0,0.2410221775,-2.597279268e-15,1.423122358e-15,-0.142423032,0.3437303733,0.1384348896
25.51425174,11.75,trans,0,0,0.2462617901,-2.519355164e-15,8.647250397e-16,0.8506686306,0.3413796277,0.8401771693
25.51425174,11.75,refl,0,0,0.2462617901,-2.384904076e-15,1.368539441e-15,-0.1499934466,0.3520986969,0.1464715264
24.98270483,12,trans,0,0,0.2515014026,-2.568104364e-15,9.759776733e-16,0.8443366114,0.3500241564,0.8354212233
24.98270483,12,refl,0,0,0.2515014026,-2.3705387e-15,1.413582993e-15,-0.1558283354,0.3593892346,0.153443092
24.47285371,12.25,trans,0,0,0.2567410152,-2.823808752e-15,7.684872177e-16,0.8331875342,0.3605762688,0.8242167127
24.47285371,12.25,refl,0,0,0.2567410152,-2.541211763e-15,1.05365837e-15,-0.1660791279,0.3667778521,0.1621082695
23.98339664,12.5,trans,0,0,0.2619806277,-2.710435211e-15,5.873888743e-16,0.8241537868,0.3703655398,0.8164000973
23.98339664,12.5,refl,0,0,0.2619806277,-2.368930095e-15,7.603068238e-16,-0.1742257509,0.3737182944,0.1700199759
23.51313396,12.75,trans,0,0,0.2672202403,-2.666665258e-15,4.989914114e-16,0.816901709,0.3795254794,0.8113679916
23.51313396,12.75,refl,0,0,0.2672202403,-2.291186493e-15,5.599562692e-16,-0.180640529,0.3803246861,0.1772778676
23.06095831,13,trans,0,0,0.2724598529,-2.704610583e-15,3.194634771e-16,0.8111595877,0.3881779349,0.8086619859
23.06095831,13,refl,0,0,0.2724598529,-2.310437686e-15,2.965201491e-16,-0.1856146716,0.3866940343,0.1839850825
22.62584589,13.25,trans,0,0,0.2776994654,-2.573423109e-15,3.222898344e-16,0.7974678619,0.396845631,0.7934414457
22.62584589,13.25,refl,0,0,0.2776994654,-2.195089172e-15,2.81985422e-16,-0.1991976996,0.3950663229,0.195757123
22.20684874,13.5,trans,0,0,0.282939078,-2.32748469e-15,3.859847103e-16,0.7858197227,0.4058497699,0.7822266723
22.20684874,13.5,refl,0,0,0.282939078,-1.882592504e-15,2.953050154e-16,-0.2106694008,0.4038687071,0.207491529
21.80308785,13.75,trans,0,0,0.2881786905,-2.372749704e-15,1.557888013e-16,0.7757856731,0.415222168,0.7742528594
21.80308785,13.75,refl,0,0,0.2881786905,-1.948631108e-15,1.02342128e-16,-0.2204793789,0.4131152229,0.2192753439
21.413747,14,trans,0,0,0.2934183031,-2.577140254e-15,-6.830999853e-17,0.7669952415,0.4250676347,0.7689641945
21.413747,14,refl,0,0,0.2934183031,-2.175328311e-15,-1.018139785e-16,-0.2290090157,0.4228936131,0.2312841373
21.03806723,14.25,trans,0,0,0.2986579156,-1.972195614e-15,-8.550514495e-17,0.743832642,0.4312272058,0.7392439023
21.03806723,14.25,refl,0,0,0.2986579156,-1.530958519e-15,-1.082972216e-16,-0.2531338524,0.4321689425,0.2508467421
20.67534193,14.5,trans,0,0,0.3038975282,-2.220527432e-15,-7.592650964e-17,0.7214512882,0.438838712,0.7130713764
20.67534193,14.5,refl,0,0,0.3038975282,-1.77924867e-15,-5.270234875e-17,-0.2762224908,0.4425951019,0.2721892886
20.32491241,14.75,trans,0,0,0.3091371407,-1.628030896e-15,-3.49209278e-17,0.698152105,0.4482197826,0.6883173352
20.32491241,14.75,refl,0,0,0.3091371407,-1.176079381e-15,2.555882278e-17,-0.3000133483,0.4545508606,0.296624494
19.98616387,15,trans,0,0,0.3143767533,-1.550400308e-15,5.129638953e-16,0.6707642682,0.4601298598,0.6616441914
19.98616387,15,refl,0,0,0.3143767533,-1.126555878e-15,5.687518122e-16,-0.3276797446,0.4688387216,0.3271837619
19.65852184,15.25,trans,0,0,0.3196163658,-1.486200214e-15,-1.721355131e-16,0.6094887863,0.4529925576,0.5766788379
19.65852184,15.25,refl,0,0,0.3196163658,-1.087035125e-15,-3.209654215e-17,-0.3901398132,0.464018173,0.3675219388
19.3414489,15.5,trans,0,0,0.3248559784,-3.975972994e-16,1.564167373e-15,0.5036316169,0.4021408705,0.4153620852
19.3414489,15.5,refl,0,0,0.3248559784,-3.253855907e-16,1.934531491e-15,-0.4969672141,0.4154576431,0.4195814651
19.03444178,15.75,trans,0,0,0.330095591,-5.416075609e-15,3.956658385e-15,0.5670641692,0.08062188817,0.3280616608
19.03444178,15.75,refl,0,0,0.330095591,-6.12410702e-15,3.248630228e-15,-0.4353317137,0.09660959499,0.1988471148
18.73702863,16,trans,0,0,0.3353352035,-2.133182689e-15,-5.588501483e-16,0.8103327964,0.3026979854,0.7482653113
18.73702863,16,refl,0,0,0.3353352035,-1.390512819e-15,-1.150268346e-15,-0.1934286581,0.3192699288,0.1393479332
18.44876665,16.25,trans,0,0,0.3405748161,-2.240574162e-15,-1.827038593e-16,0.7352577446,0.3986252127,0.6995060112
18.44876665,16.25,refl,0,0,0.3405748161,-1.585000705e-15,-4.493814972e-16,-0.268943216,0.414180745,0.243876143
18.16923988,16.5,trans,0,0,0.3458144286,-2.117474492e-15,-7.292587051e-17,0.6851660794,0.4286908683,0.653228417
18.16923988,16.5,refl,0,0,0.3458144286,-1.438537298e-15,-2.560401635e-16,-0.3195720812,0.4433560158,0.2986908718
17.89805719,16.75,trans,0,0,0.3510540412,-2.194312002e-15,-4.215231523e-16,0.6468829923,0.4450182358,0.6164988359
17.89805719,16.75,refl,0,0,0.3510540412,-1.475377057e-15,-6.093833726e-16,-0.3583746019,0.4588346902,0.3389616282
17.63485047,17,trans,0,0,0.3562936537,-1.953999206e-15,-4.410360563e-16,0.614184384,0.4576409868,0.5866577304
17.63485047,17,refl,0,0,0.3562936537,-1.293953379e-15,-5.584303566e-16,-0.3915556998,0.470646058,0.374823578
17.37927293,17.25,trans,0,0,0.3615332663,-2.117811231e-15,-6.661769698e-16,0.5755671962,0.4562192743,0.5394136237
17.37927293,17.25,refl,0,0,0.3615332663,-1.512914749e-15,-7.957480164e-16,-0.4296096554,0.4676476844,0.4032588127
17.1309976,17.5,trans,0,0,0.3667728788,-1.983357245e-15,-1.012442506e-15,0.5380414663,0.4554325675,0.496907443
17.1309976,17.5,refl,0,0,0.3667728788,-1.412710005e-15,-1.063802423e-15,-0.4665457316,0.4652471058,0.4341197891
16.88971594,17.75,trans,0,0,0.3720124914,-2.320903216e-15,-1.049268133e-15,0.4995587169,0.4554524315,0.4569958291
16.88971594,17.75,refl,0,0,0.3720124914,-1.789289806e-15,-1.138724814e-15,-0.5044470383,0.4636278407,0.4694175891
16.65513656,18,trans,0,0,0.377252104,-1.799163592e-15,-1.125759932e-15,0.4580643947,0.4562369216,0.4179751183
16.65513656,18,refl,0,0,0.377252104,-1.27862343e-15,-1.206504353e-15,-0.5454140223,0.4627443845,0.511608821
16.426984,18.25,trans,0,0,0.3824917165,-2.168117654e-15,-1.192058789e-15,0.4159417911,0.4364077651,0.363459311
16.426984,18.25,refl,0,0,0.3824917165,-1.793280552e-15,-1.205960437e-15,-0.5870908049,0.4460812801,0.5436641217
16.20499773,18.5,trans,0,0,0.3877313291,-1.153941591e-15,-2.892915351e-15,0.3653999684,0.410459429,0.3019940797
16.20499773,18.5,refl,0,0,0.3877313291,-8.636482019e-16,-2.8086632e-15,-0.6376547521,0.423072643,0.5855940441
15.98893109,18.75,trans,0,0,0.3929709416,-1.290041464e-15,-5.10025107e-15,0.3090007144,0.3117324584,0.1926585671
15.98893109,18.75,trans,-1,0,0.01461479345,1.86901409e-15,1.201406939e-15,0.05630019118,-0.1611661774,0.02914424827
15.98893109,18.75,trans,0,-1,0.01461479345,-0.07324343317,0.008778442254,3.267098531e-12,-1.846129267e-11,0.005441661552
15.98893109,18.75,trans,0,1,0.01461479345,-0.07324343317,0.008778442254,-3.268892567e-12,1.847084655e-11,0.005441661552
15.98893109,18.75,trans,1,0,0.01461479345,1.760270478e-15,1.13577655e-15,0.05630019129,-0.1611661773,0.02914424826
15.98893109,18.75,refl,0,0,0.3929709416,-1.178096948e-15,-4.867138397e-15,-0.6947573107,0.3230665328,0.5870597054
15.98893109,18.75,refl,-1,0,0.01461479345,1.416615642e-15,5.581040306e-16,0.01984008162,0.04770539233,0.002669433296
15.98893109,18.75,refl,0,-1,0.01461479345,-0.07329873337,0.004498786986,8.416662228e-12,-1.819436749e-11,0.005392943398
15.98893109,18.75,refl,0,1,0.01461479345,-0.07329873337,0.004498786986,-8.422260364e-12,1.820651372e-11,0.005392943398
15.98893109,18.75,refl,1,0,0.01461479345,1.315199044e-15,4.178631923e-16,0.01984008173,0.04770539242,0.002669433309
15.77855042,19,trans,0,0,0.3982105542,5.007118636e-17,-2.009322077e-15,0.3300056509,0.3117535993,0.2060940363
15.77855042,19,trans,-1,0,0.06602330411,4.288606711e-16,1.424150428e-15,0.1357826296,-0.1090747222,0.03033421752
15.77855042,19,trans,0,-1,0.06602330411,-0.09536120805,-0.008953031226,-5.187597461e-12,-7.880160497e-12,0.009173916769
15.77855042,19,trans,0,1,0.06602330411,-0.09536120805,-0.008953031226,5.185463966e-12,7.879982658e-12,0.009173916769
15.77855042,19,trans,1,0,0.06602330411,6.191815033e-16,1.618015563e-15,0.1357826297,-0.1090747221,0.03033421752
15.77855042,19,refl,0,0,0.3982105542,-6.081308193e-17,-1.751827372e-15,-0.671046125,0.3275620901,0.5575998248
15.77855042,19,refl,-1,0,0.06602330411,3.555018402e-16,6.97321022e-16,-0.08967648095,0.08279006723,0.01489606647
15.77855042,19,refl,0,-1,0.06602330411,-0.09401271504,-0.01484041742,5.90139068e-12,-6.069017977e-12,0.009058628577
15.77855042,19,refl,0,1,0.06602330411,-0.09401271504,-0.01484041742,-5.904950777e-12,6.073118882e-12,0.009058628577
15.77855042,19,refl,1,0,0.06602330411,5.984926644e-16,8.015070471e-16,-0.0896764809,0.08279006727,0.01489606647
15.57363418,19.25,trans,0,0,0.4034501667,5.029980586e-16,-1.974605128e-15,0.3115131529,0.2901202972,0.1812102313
15.57363418,19.25,trans,-1,0,0.09251739439,4.86961875e-16,1.125092229e-15,0.1508036929,-0.07137970929,0.0278368167
15.57363418,19.25,trans,0,-1,0.09251739439,-0.08773609233,-0.01201713766,-5.242080617e-12,-5.692491322e-12,0.007842033494
15.57363418,19.25,trans,0,1,0.09251739439,-0.08773609233,-0.01201713766,5.240285864e-12,5.692085504e-12,0.007842033494
15.57363418,19.25,trans,1,0,0.09251739439,5.631606204e-16,1.125228786e-15,0.150803693,-0.07137970926,0.0278368167
15.57363418,19.25,refl,0,0,0.4034501667,3.392601279e-16,-1.779469956e-15,-0.6886476575,0.3064731893,0.568161412
15.57363418,19.25,refl,-1,0,0.09251739439,4.003165274e-16,5.754507407e-16,-0.1149621279,0.05117348568,0.01583501648
15.57363418,19.25,refl,0,-1,0.09251739439,-0.08712087738,-0.01740850762,8.890977292e-12,-2.768121092e-12,0.007893103414
15.57363418,19.25,refl,0,1,0.09251739439,-0.08712087738,-0.01740850762,-8.892536054e-12,2.771490553e-12,0.007893103414
15.57363418,19.25,refl,1,0,0.09251739439,5.813909655e-16,5.119517861e-16,-0.1149621278,0.05117348571,0.01583501647
15.37397221,19.5,trans,0,0,0.4086897793,8.290830266e-16,-2.009184466e-15,0.2864004667,0.253399856,0.1462367144
15.37397221,19.5,trans,-1,0,0.1132023274,1.773901288e-16,1.18239905e-15,0.1626893192,-0.04226733625,0.02825434229
15.37397221,19.5,trans,0,-1,0.1132023274,-0.0825085242,-0.01753396763,-5.400461185e-12,-4.595731596e-12,0.007115096586
15.37397221,19.5,trans,0,1,0.1132023274,-0.0825085242,-0.01753396763,5.399228151e-12,4.595080023e-12,0.007115096586
15.37397221,19.5,trans,1,0,0.1132023274,3.292917784e-16,9.781279596e-16,0.1626893192,-0.04226733622,0.02825434229
15.37397221,19.5,refl,0,0,0.4086897793,5.846323355e-16,-1.773646832e-15,-0.7130440425,0.2702507212,0.5814672588
15.37397221,19.5,refl,-1,0,0.1132023274,1.103693532e-16,6.998736824e-16,-0.1320953424,0.02533509884,0.01809104671
15.37397221,19.5,refl,0,-1,0.1132023274,-0.08252494577,-0.02260526047,1.120168192e-11,-5.836404372e-13,0.007321364476
15.37397221,19.5,refl,0,1,0.1132023274,-0.08252494577,-0.02260526047,-1.120274946e-11,5.871570101e-13,0.007321364476
15.37397221,19.5,refl,1,0,0.1132023274,4.277342185e-16,4.362707401e-16,-0.1320953423,0.02533509887,0.0180910467
15.17936496,19.75,trans,0,0,0.4139293918,1.647021491e-15,-9.134726034e-16,0.2611710897,0.2020706511,0.1090428861
15.17936496,19.75,trans,-1,0,0.1308624188,2.359185163e-16,1.288284697e-15,0.1759030402,-0.01320922763,0.03111636324
15.17936496,19.75,trans,0,-1,0.1308624188,-0.07772412299,-0.02685514134,-5.705439092e-12,-3.982378399e-12,0.006762237912
15.17936496,19.75,trans,0,1,0.1308624188,-0.07772412299,-0.02685514134,5.705025236e-12,3.980820808e-12,0.006762237912
15.17936496,19.75,trans,1,0,0.1308624188,4.30100365e-16,1.030185808e-15,0.1759030402,-0.01320922761,0.03111636325
15.17936496,19.75,refl,0,0,0.4139293918,1.358772833e-15,-6.769017925e-16,-0.7376209325,0.2194151295,0.5922276392
15.17936496,19.75,refl,-1,0,0.1308624188,2.373548543e-16,8.239055737e-16,-0.1486989499,-0.0004568388411,0.0221115864
15.17936496,19.75,refl,0,-1,0.1308624188,-0.07826792794,-0.03177192163,1.305093841e-11,1.095167345e-12,0.007135323548
15.17936496,19.75,refl,0,1,0.1308624188,-0.07826792794,-0.03177192163,-1.305236254e-11,-1.090684957e-12,0.007135323548
15.17936496,19.75,refl,1,0,0.1308624188,6.411315633e-16,5.286828711e-16,-0.1486989499,-0.0004568388188,0.02211158639
14.9896229,20,trans,0,0,0.4191690044,2.490576923e-15,3.585707354e-17,0.241884046,0.1321547831,0.07597277844
14.9896229,20,trans,-1,0,0.1465949708,-2.212882421e-16,1.599898049e-15,0.190711596,0.0211842864,0.03681968684
14.9896229,20,trans,0,-1,0.1465949708,-0.07119816883,-0.04064285888,-6.133454666e-12,-3.650158704e-12,0.006721021222
14.9896229,20,trans,0,1,0.1465949708,-0.07119816883,-0.04064285888,6.133391439e-12,3.647814736e-12,0.006721021222
14.9896229,20,trans,1,0,0.1465949708,2.594917239e-17,1.278648191e-15,0.190711596,0.02118428642,0.03681968685
14.9896229,20,refl,0,0,0.4191690044,2.069670137e-15,2.917527921e-16,-0.7562643492,0.150011329,0.5944391647
14.9896229,20,refl,-1,0,0.1465949708,-7.742015294e-17,1.036686404e-15,-0.166271461,-0.03073447436,0.02859080667
14.9896229,20,refl,0,-1,0.1465949708,-0.07215125787,-0.04560690507,1.455443523e-11,2.460821659e-12,0.007285793803
14.9896229,20,refl,0,1,0.1465949708,-0.07215125787,-0.04560690507,-1.455615196e-11,-2.455482589e-12,0.007285793803
14.9896229,20,refl,1,0,0.1465949708,4.243790909e-16,7.244512101e-16,-0.166271461,-0.03073447434,0.02859080665
14.80456583,20.25,trans,0,0,0.4244086169,1.288005545e-15,1.334096403e-15,0.2672564053,0.03956697714,0.07299153184
14.80456583,20.25,trans,-1,0,0.1609661622,-5.720343804e-16,8.183023059e-16,0.1883227637,0.06480790719,0.03966552816
14.80456583,20.25,trans,0,-1,0.1609661622,-0.05447212148,-0.05342924161,-7.949523463e-12,-3.023925471e-12,0.005821895878
14.80456583,20.25,trans,0,1,0.1609661622,-0.05447212148,-0.05342924161,7.94952822e-12,3.021058983e-12,0.005821895878
14.80456583,20.25,trans,1,0,0.1609661622,-3.737438416e-16,7.058433117e-16,0.1883227637,0.0648079072,0.03966552816
14.80456583,20.25,refl,0,0,0.4244086169,9.698489665e-16,1.579929825e-15,-0.7301671068,0.05875462425,0.5365961098
14.80456583,20.25,refl,-1,0,0.1609661622,-3.246629751e-16,5.341802224e-16,-0.1730431482,-0.06747893025,0.03449733718
14.80456583,20.25,refl,0,-1,0.1609661622,-0.05462236615,-0.05590564141,1.333098354e-11,1.946235135e-12,0.006109043625
14.80456583,20.25,refl,0,1,0.1609661622,-0.05462236615,-0.05590564141,-1.33327652e-11,-1.941971148e-12,0.006109043625
14.80456583,20.25,refl,1,0,0.1609661622,4.281981754e-17,4.41296002e-16,-0.1730431482,-0.06747893024,0.03449733717
14.62402234,20.5,trans,0,0,0.4296482295,-1.21065829e-15,2.737522752e-15,0.3405413328,-0.05337335293,0.1188171141
14.62402234,20.5,trans,-1,0,0.1743130298,-6.524697072e-16,1.563788609e-16,0.1739713298,0.115386925,0.04358016607
14.62402234,20.5,trans,0,-1,0.1743130298,-0.02805396592,-0.0633290819,-9.474010442e-12,-2.275615165e-12,0.004797597618
14.62402234,20.5,trans,0,1,0.1743130298,-0.02805396592,-0.0633290819,9.476280568e-12,2.271894664e-12,0.004797597618
14.62402234,20.5,trans,1,0,0.1743130298,-6.038569798e-16,2.159792415e-16,0.1739713298,0.115386925,0.04358016607
14.62402234,20.5,refl,0,0,0.4296482295,-1.431382324e-15,2.964018324e-15,-0.6565031435,-0.03294309565,0.4320816249
14.62402234,20.5,refl,-1,0,0.1743130298,-3.605217633e-16,1.185444442e-16,-0.165891538,-0.1139173131,0.04049715661
14.62402234,20.5,refl,0,-1,0.1743130298,-0.02768534723,-0.06330218246,1.228592364e-11,1.518378868e-12,0.004773644756
14.62402234,20.5,refl,0,1,0.1743130298,-0.02768534723,-0.06330218246,-1.228952785e-11,-1.514409275e-12,0.004773644756
14.62402234,20.5,refl,1,0,0.1743130298,-2.419773191e-16,2.258749189e-16,-0.165891538,-0.1139173131,0.0404971566
14.4478293,20.75,trans,0,0,0.4348878421,-4.387607219e-15,8.052553755e-16,0.4739145381,-0.1083023885,0.2363243968
14.4478293,20.75,trans,-1,0,0.1868552017,9.30294787e-17,-3.304328092e-16,0.13747763,0.1657379032,0.04636915131
14.4478293,20.75,trans,0,-1,0.1868552017,0.008251168649,-0.06120562384,-1.078222968e-11,-1.428531824e-12,0.003814210174
14.4478293,20.75,trans,0,1,0.1868552017,0.008251168649,-0.06120562384,1.078626443e-11,1.426712011e-12,0.003814210174
14.4478293,20.75,trans,1,0,0.1868552017,-1.432147397e-16,-1.695738075e-16,0.13747763,0.1657379032,0.04636915131
14.4478293,20.75,refl,0,0,0.4348878421,-4.485307252e-15,9.434804536e-16,-0.5232059486,-0.08672141465,0.2812650684
14.4478293,20.75,refl,-1,0,0.1868552017,3.222331643e-16,-1.217926309e-16,-0.134212535,-0.1623881263,0.0443829081
14.4478293,20.75,refl,0,-1,0.1868552017,0.00856260436,-0.05874600825,1.137627905e-11,1.176329526e-12,0.003524411679
14.4478293,20.75,refl,0,1,0.1868552017,0.00856260436,-0.05874600825,-1.13807585e-11,-1.1748741e-12,0.003524411679
14.4478293,20.75,refl,1,0,0.1868552017,6.611231989e-17,4.679378485e-17,-0.134212535,-0.1623881263,0.0443829081
14.27583133,21,trans,0,0,0.4401274546,-5.508887052e-15,-3.995117523e-15,0.6362235831,-0.07228945513,0.410006213
14.27583133,21,trans,-1,0,0.1987450818,8.118948617e-16,-2.444924601e-17,0.07760428309,0.1967187261,0.04472068195
14.27583133,21,trans,0,-1,0.1987450818,0.0442669029,-0.03777122259,-1.192428926e-11,-5.056438584e-13,0.003386223949
14.27583133,21,trans,0,1,0.1987450818,0.0442669029,-0.03777122259,1.192849069e-11,5.077945976e-13,0.003386223949
14.27583133,21,trans,1,0,0.1987450818,4.652716047e-16,1.942038772e-16,0.07760428307,0.1967187261,0.04472068195
14.27583133,21,refl,0,0,0.4401274546,-5.479433053e-15,-3.833020718e-15,-0.3614829313,-0.04985682996,0.1331556131
14.27583133,21,refl,-1,0,0.1987450818,8.10790966e-16,4.131840806e-16,-0.07620147478,-0.1924591013,0.04284717042
14.27583133,21,refl,0,-1,0.1987450818,0.04381244652,-0.0333695068,1.057368531e-11,9.147286697e-13,0.003033054454
14.27583133,21,refl,0,1,0.1987450818,0.04381244652,-0.0333695068,-1.057741423e-11,-9.169278952e-13,0.003033054454
14.27583133,21,refl,1,0,0.1987450818,3.830518159e-16,5.859642037e-16,-0.07620147475,-0.1924591013,0.04284717041
14.10788038,21.25,trans,0,0,0.4453670672,-1.329554407e-15,-5.199235851e-15,0.7117438638,0.06259865573,0.5104979194
14.10788038,21.25,trans,-1,0,0.2100934453,4.632423079e-16,9.922714304e-17,0.01860747138,0.1811153524,0.03314900887
14.10788038,21.25,trans,0,-1,0.2100934453,0.04890548064,0.00263683867,-1.293556452e-11,-5.808604912e-13,0.002398698954
14.10788038,21.25,trans,0,1,0.2100934453,0.04890548064,0.00263683867,1.293743683e-11,5.836572397e-13,0.002398698954
14.10788038,21.25,trans,1,0,0.2100934453,1.450903973e-16,1.014929597e-16,0.01860747136,0.1811153524,0.03314900887
14.10788038,21.25,refl,0,0,0.4453670672,-1.266445194e-15,-5.128937457e-15,-0.286234539,0.08505830199,0.08916512604
14.10788038,21.25,refl,-1,0,0.2100934453,3.295200597e-16,5.566095803e-16,-0.01811998116,-0.1761920358,0.03137196721
14.10788038,21.25,refl,0,-1,0.2100934453,0.04793020332,0.007016381621,1.169819946e-11,1.143290266e-12,0.002346534002
14.10788038,21.25,refl,0,1,0.2100934453,0.04793020332,0.007016381621,-1.169966812e-11,-1.145906068e-12,0.002346534002
14.10788038,21.25,refl,1,0,0.2100934453,-5.801271945e-17,4.955887939e-16,-0.01811998114,-0.1761920358,0.03137196721
13.94383526,21.5,trans,0,0,0.4506066797,7.561343724e-16,-4.574331495e-15,0.7029094271,0.2006801466,0.5343541839
13.94383526,21.5,trans,-1,0,0.2209837348,1.538315447e-16,3.755585693e-16,-0.01904910754,0.1487373228,0.0224856597
13.94383526,21.5,trans,0,-1,0.2209837348,0.03623074738,0.03646722692,-1.391427438e-11,-6.448767094e-13,0.002642525695
13.94383526,21.5,trans,0,1,0.2209837348,0.03623074738,0.03646722692,1.391390977e-11,6.477602487e-13,0.002642525695
13.94383526,21.5,trans,1,0,0.2209837348,8.028434634e-17,4.448014787e-16,-0.01904910756,0.1487373228,0.0224856597
13.94383526,21.5,refl,0,0,0.4506066797,8.767067998e-16,-4.527832845e-15,-0.2951243227,0.2231599633,0.1368987351
13.94383526,21.5,refl,-1,0,0.2209837348,-1.253109518e-16,7.988011746e-16,0.01844370552,-0.1438476455,0.0210323154
13.94383526,21.5,refl,0,-1,0.2209837348,0.03490449371,0.04064055279,1.276472374e-11,1.352911547e-12,0.002869978212
13.94383526,21.5,refl,0,1,0.2209837348,0.03490449371,0.04064055279,-1.276409028e-11,-1.355475763e-12,0.002869978212
13.94383526,21.5,refl,1,0,0.2209837348,-2.46093043e-16,7.957320295e-16,0.01844370555,-0.1438476455,0.0210323154
13.78356129,21.75,trans,0,0,0.4558462923,2.223117669e-15,-2.645397758e-15,0.6411635074,0.3025315286,0.5026159691
13.78356129,21.75,trans,-1,0,0.2314806113,-1.49624128e-16,4.269840597e-16,-0.03596865921,0.1160596131,0.01476357824
13.78356129,21.75,trans,0,-1,0.2314806113,0.01569428537,0.05845013784,-1.486232101e-11,-6.972274198e-13,0.003662729207
13.78356129,21.75,trans,0,1,0.2314806113,0.01569428537,0.05845013784,1.486129873e-11,6.988657789e-13,0.003662729207
13.78356129,21.75,trans,1,0,0.2314806113,-6.228647942e-17,5.613330846e-16,-0.03596865923,0.1160596131,0.01476357824
13.78356129,21.75,refl,0,0,0.4558462923,2.356301275e-15,-2.573709567e-15,-0.3568098636,0.3251155556,0.2330134032
13.78356129,21.75,refl,-1,0,0.2314806113,-5.418528354e-16,7.744657002e-16,0.03450801651,-0.1116848213,0.0136643025
13.78356129,21.75,refl,0,-1,0.2314806113,0.0141975458,0.06237952351,1.377935098e-11,1.544147519e-12,0.004092775261
13.78356129,21.75,refl,0,1,0.2314806113,0.0141975458,0.06237952351,-1.377819174e-11,-1.545417592e-12,0.004092775261
13.78356129,21.75,refl,1,0,0.2314806113,-4.852091588e-16,8.321876194e-16,0.03450801654,-0.1116848213,0.0136643025
13.62692991,22,trans,0,0,0.4610859048,2.185295435e-15,-1.820939271e-15,0.5592948916,0.3644517247,0.4456358354
13.62692991,22,trans,-1,0,0.241635351,-3.691433511e-17,1.798169017e-18,-0.04010252843,0.09053091075,0.009804058587
13.62692991,22,trans,0,-1,0.241635351,-0.00584668104,0.0705742548,-1.578448876e-11,-7.368899564e-13,0.00501490912
13.62692991,22,trans,0,1,0.241635351,-0.00584668104,0.0705742548,1.578307047e-11,7.375233051e-13,0.00501490912
13.62692991,22,trans,1,0,0.241635351,2.733562708e-17,2.204831856e-16,-0.04010252845,0.09053091074,0.009804058588
13.62692991,22,refl,0,0,0.4610859048,2.300649562e-15,-1.734173978e-15,-0.438591125,0.3872207927,0.3423021172
13.62692991,22,refl,-1,0,0.241635351,-4.606424899e-16,2.737366527e-16,0.03811206739,-0.08686353196,0.008997802866
13.62692991,22,refl,0,-1,0.241635351,-0.007397114881,0.07429465,1.475014152e-11,1.716867847e-12,0.005574412327
13.62692991,22,refl,0,1,0.241635351,-0.007397114881,0.07429465,-1.474867524e-11,-1.717131614e-12,0.005574412327
13.62692991,22,refl,1,0,0.241635351,-4.137690649e-16,4.15792005e-16,0.03811206742,-0.08686353196,0.008997802868
13.47381834,22.25,trans,0,0,0.4663255174,1.527358441e-15,-6.784493806e-16,0.4726723302,0.3745921281,0.3637383942
13.47381834,22.25,trans,-1,0,0.2514894022,-1.054359498e-16,3.75920194e-17,-0.03458089128,0.07136487261,0.006288783085
13.47381834,22.25,trans,0,-1,0.2514894022,-0.02631104926,0.06997412646,-1.694020576e-11,-1.002846972e-12,0.005588649687
13.47381834,22.25,trans,0,1,0.2514894022,-0.02631104926,0.06997412646,1.693927725e-11,1.003570058e-12,0.005588649687
13.47381834,22.25,trans,1,0,0.2514894022,-4.840639023e-18,2.634107459e-16,-0.03458089131,0.07136487261,0.006288783086
13.47381834,22.25,refl,0,0,0.4663255174,1.64130946e-15,-5.887037192e-16,-0.5251947011,0.3975285716,0.4338584394
13.47381834,22.25,refl,-1,0,0.2514894022,-5.249552213e-16,2.303510976e-16,0.03240462617,-0.06855081507,0.005749274044
13.47381834,22.25,refl,0,-1,0.2514894022,-0.02772654108,0.07346967877,1.613718143e-11,2.079103151e-12,0.006166554779
13.47381834,22.25,refl,0,1,0.2514894022,-0.02772654108,0.07346967877,-1.613625807e-11,-2.079496595e-12,0.006166554779
13.47381834,22.25,refl,1,0,0.2514894022,-4.467884824e-16,3.807191752e-16,0.0324046262,-0.06855081507,0.005749274046
13.32410924,22.5,trans,0,0,0.4715651299,7.218142238e-16,-4.698860407e-16,0.3957018504,0.3671204272,0.2913573625
13.32410924,22.5,trans,-1,0,0.2610768144,-1.369490016e-16,5.828297173e-17,-0.02879290513,0.05886584628,0.004294219244
13.32410924,22.5,trans,0,-1,0.2610768144,-0.04342719699,0.06680406036,-1.80820989e-11,-1.252698268e-12,0.006348703919
13.32410924,22.5,trans,0,1,0.2610768144,-0.04342719699,0.06680406036,1.80812216e-11,1.252894511e-12,0.006348703919
13.32410924,22.5,trans,1,0,0.2610768144,-1.031219805e-16,2.759756609e-16,-0.02879290515,0.05886584628,0.004294219245
13.32410924,22.5,refl,0,0,0.4715651299,8.688592068e-16,-2.990283761e-16,-0.6021656296,0.3902452823,0.5148948258
13.32410924,22.5,refl,-1,0,0.2610768144,-5.399321676e-16,1.981363719e-16,0.02660314575,-0.05679593833,0.003933505975
13.32410924,22.5,refl,0,-1,0.2610768144,-0.04474454428,0.07015017195,1.749499206e-11,2.411806709e-12,0.006923120868
13.32410924,22.5,refl,0,1,0.2610768144,-0.04474454428,0.07015017195,-1.749414613e-11,-2.411704814e-12,0.006923120868
13.32410924,22.5,refl,1,0,0.2610768144,-5.130316772e-16,3.472532907e-16,0.02660314579,-0.05679593833,0.003933505976
13.17769046,22.75,trans,0,0,0.4768047425,6.183900252e-16,1.192290474e-16,0.3271327768,0.3482880802,0.2283204405
13.17769046,22.75,trans,-1,0,0.2704259486,5.976012398e-17,3.779886125e-17,-0.02372482002,0.05108864536,0.00317291677
13.17769046,22.75,trans,0,-1,0.2704259486,-0.05810946232,0.0621332006,-1.922274058e-11,-1.48695378e-12,0.007237244228
13.17769046,22.75,trans,0,1,0.2704259486,-0.05810946232,0.0621332006,1.92222249e-11,1.487074794e-12,0.007237244228
13.17769046,22.75,trans,1,0,0.2704259486,2.131625749e-17,2.67451811e-16,-0.02372482005,0.05108864535,0.003172916771
13.17769046,22.75,refl,0,0,0.4768047425,7.689629446e-16,3.482244884e-16,-0.670755381,0.3716035179,0.5880019557
13.17769046,22.75,refl,-1,0,0.2704259486,-3.28579657e-16,1.275711567e-16,0.02162880707,-0.04965622699,0.002933546174
13.17769046,22.75,refl,0,-1,0.2704259486,-0.05936727608,0.06537282005,1.883741034e-11,2.718301845e-12,0.007798079071
13.17769046,22.75,refl,0,1,0.2704259486,-0.05936727608,0.06537282005,-1.88369237e-11,-2.718147032e-12,0.007798079071
13.17769046,22.75,refl,1,0,0.2704259486,-3.689663103e-16,2.892110239e-16,0.02162880711,-0.04965622699,0.002933546176
13.0344547,23,trans,0,0,0.482044355,2.667767654e-16,1.428535112e-16,0.2653136789,0.3214709686,0.1737349318
13.0344547,23,trans,-1,0,0.2795607116,3.754915324e-17,-3.404536761e-17,-0.0197110691,0.04672683114,0.002571922993
13.0344547,23,trans,0,-1,0.2795607116,-0.07106419854,0.05643905071,-2.037907649e-11,-1.708219157e-12,0.00823548676
13.0344547,23,trans,0,1,0.2795607116,-0.07106419854,0.05643905071,2.037927041e-11,1.708250159e-12,0.00823548676
13.0344547,23,trans,1,0,0.2795607116,-3.273708714e-17,1.753998091e-16,-0.01971106913,0.04672683113,0.002571922994
13.0344547,23,refl,0,0,0.482044355,3.752493412e-16,2.910406721e-16,-0.7326129722,0.3449677345,0.6557245049
13.0344547,23,refl,-1,0,0.2795607116,-3.259272516e-16,2.454153708e-17,0.01777678378,-0.0458380272,0.002417138779
13.0344547,23,refl,0,-1,0.2795607116,-0.07229650643,0.05959450288,2.018237714e-11,3.003881926e-12,0.008778289617
13.0344547,23,refl,0,1,0.2795607116,-0.07229650643,0.05959450288,-2.018259514e-11,-3.003665514e-12,0.008778289617
13.0344547,23,refl,1,0,0.2795607116,-3.94830023e-16,1.648132637e-16,0.01777678382,-0.04583802719,0.00241713878
12.89429927,23.25,trans,0,0,0.4872839676,3.746906398e-17,-5.618819089e-17,0.2217756736,0.2777165248,0.1263109175
12.89429927,23.25,trans,-1,0,0.2885014667,-5.142812574e-17,-3.215896393e-17,-0.01502848547,0.04390460073,0.002153469341
12.89429927,23.25,trans,0,-1,0.2885014667,-0.07951598745,0.04711496997,-2.190044569e-11,-2.350382687e-12,0.008542612655
12.89429927,23.25,trans,0,1,0.2885014667,-0.07951598745,0.04711496997,2.19002675e-11,2.350174052e-12,0.008542612655
12.89429927,23.25,trans,1,0,0.2885014667,-1.302088485e-16,6.781346742e-17,-0.01502848551,0.04390460072,0.002153469341
12.89429927,23.25,refl,0,0,0.4872839676,1.360902231e-16,1.70953514e-16,-0.7761959212,0.3013469641,0.6932901008
12.89429927,23.25,refl,-1,0,0.2885014667,-3.805040456e-16,3.612057543e-18,0.01334865335,-0.04345957767,0.002066921438
12.89429927,23.25,refl,0,-1,0.2885014667,-0.08071884364,0.05013068623,2.208004776e-11,3.638533031e-12,0.00902861742
12.89429927,23.25,refl,0,1,0.2885014667,-0.08071884364,0.05013068623,-2.207984827e-11,-3.638085479e-12,0.00902861742
12.89429927,23.25,refl,1,0,0.2885014667,-4.483029482e-16,3.402325169e-17,0.0133486534,-0.04345957767,0.002066921438
12.75712587,23.5,trans,0,0,0.4925235802,3.351557972e-17,-1.97639206e-17,0.1837286604,0.2312652319,0.08723982814
12.75712587,23.5,trans,-1,0,0.2972657199,-3.562496695e-17,3.106418046e-18,-0.01189240722,0.04237616403,0.001937168628
12.75712587,23.5,trans,0,-1,0.2972657199,-0.08701909556,0.03758352737,-2.352477449e-11,-2.993722697e-12,0.008984844522
12.75712587,23.5,trans,0,1,0.2972657199,-0.08701909556,0.03758352737,2.3524435e-11,2.993573293e-12,0.008984844522
12.75712587,23.5,trans,1,0,0.2972657199,-1.885878155e-16,-3.614740998e-18,-0.01189240726,0.04237616402,0.001937168628
12.75712587,23.5,refl,0,0,0.4925235802,1.117957806e-16,2.416229348e-16,-0.8142902905,0.2550102751,0.7280989177
12.75712587,23.5,refl,-1,0,0.2972657199,-3.26724578e-16,2.428654108e-17,0.01046473211,-0.04228148932,0.001897234957
12.75712587,23.5,refl,0,-1,0.2972657199,-0.08823311274,0.04047159219,2.407014826e-11,4.266174302e-12,0.009423031959
12.75712587,23.5,refl,0,1,0.2972657199,-0.08823311274,0.04047159219,-2.406976002e-11,-4.265797734e-12,0.009423031959
12.75712587,23.5,refl,1,0,0.2972657199,-4.567281732e-16,-5.354335104e-17,0.01046473217,-0.04228148931,0.001897234958
12.62284034,23.75,trans,0,0,0.4977631927,-1.658348587e-16,1.220639954e-16,0.1505339374,0.1821167544,0.05582697852
12.62284034,23.75,trans,-1,0,0.3058686438,-1.647120043e-16,1.418863348e-16,-0.01009466866,0.04183891528,0.001852397167
12.62284034,23.75,trans,0,-1,0.3058686438,-0.09370450388,0.02770252932,-2.532098247e-11,-3.660612034e-12,0.009547964179
12.62284034,23.75,trans,0,1,0.3058686438,-0.09370450388,0.02770252932,2.532075916e-11,3.660095541e-12,0.009547964179
12.62284034,23.75,trans,1,0,0.3058686438,-4.162053958e-16,1.117991978e-16,-0.0100946687,0.04183891527,0.001852397167
12.62284034,23.75,refl,0,0,0.4977631927,-1.228748074e-16,3.425993366e-16,-0.8475322332,0.2059558858,0.7607287133
12.62284034,23.75,refl,-1,0,0.3058686438,-4.19658018e-16,1.513125417e-16,0.008913376772,-0.04201789722,0.001844951972
12.62284034,23.75,refl,0,-1,0.3058686438,-0.09496082103,0.03046797122,2.622283642e-11,4.913727226e-12,0.009945854801
12.62284034,23.75,refl,0,1,0.3058686438,-0.09496082103,0.03046797122,-2.622252372e-11,-4.912971792e-12,0.009945854801
12.62284034,23.75,refl,1,0,0.3058686438,-6.360771513e-16,4.937797901e-17,0.008913376828,-0.04201789721,0.001844951972
12.49135242,24,trans,0,0,0.5030028053,-1.02828835e-16,3.299540191e-16,0.1219421112,0.1301774445,0.03181604554
12.49135242,24,trans,-1,0,0.3143234852,-2.043873019e-16,3.136723753e-16,-0.009481305037,0.04207436608,0.001860147426
12.49135242,24,trans,0,-1,0.3143234852,-0.09961398739,0.01734645269,-2.740046369e-11,-4.388088181e-12,0.0102238459
12.49135242,24,trans,0,1,0.3143234852,-0.09961398739,0.01734645269,2.740005778e-11,4.387250407e-12,0.0102238459
12.49135242,24,trans,1,0,0.3143234852,-5.025463591e-16,1.926525278e-16,-0.009481305088,0.04207436606,0.001860147426
12.49135242,24,refl,0,0,0.5030028053,-8.112100907e-17,5.477961515e-16,-0.8761684479,0.154089263,0.7914146501
12.49135242,24,refl,-1,0,0.3143234852,-4.242080936e-16,3.151092865e-16,0.008538958206,-0.04246297479,0.001876018035
12.49135242,24,refl,0,-1,0.3143234852,-0.1009353144,0.01998971836,2.865138891e-11,5.623997727e-12,0.01058752653
12.49135242,24,refl,0,1,0.3143234852,-0.1009353144,0.01998971836,-2.865085963e-11,-5.622899329e-12,0.01058752653
12.49135242,24,refl,1,0,0.3143234852,-6.761199003e-16,1.212859422e-16,0.008538958267,-0.04246297478,0.001876018035
12.36257559,24.25,trans,0,0,0.5082424178,-3.016460191e-16,-2.223988922e-17,0.1112577891,0.07603884243,0.01816020119
12.36257559,24.25,trans,-1,0,0.3226418859,1.962705825e-17,9.733365912e-17,-0.008302768421,0.04238262266,0.001865222667
12.36257559,24.25,trans,0,-1,0.3226418859,-0.1013387514,0.006739503406,-3.062095434e-11,-6.12573406e-12,0.01031496345
12.36257559,24.25,trans,0,1,0.3226418859,-0.1013387514,0.006739503406,3.062012394e-11,6.125336446e-12,0.01031496345
12.36257559,24.25,trans,1,0,0.3226418859,-1.263475713e-16,-2.642800202e-17,-0.008302768482,0.04238262264,0.001865222666
12.36257559,24.25,refl,0,0,0.5082424178,-2.853284844e-16,2.27952002e-16,-0.8868267411,0.1000610737,0.7964738871
12.36257559,24.25,refl,-1,0,0.3226418859,-1.564475658e-16,1.086599457e-16,0.00758992348,-0.0428743737,0.001895818859
12.36257559,24.25,refl,0,-1,0.3226418859,-0.1027181777,0.009205130121,3.231702413e-11,7.278768239e-12,0.01063575845
12.36257559,24.25,refl,0,1,0.3226418859,-0.1027181777,0.009205130121,-3.231606148e-11,-7.278075458e-12,0.01063575845
12.36257559,24.25,refl,1,0,0.3226418859,-2.393001279e-16,-9.547180379e-17,0.007589923549,-0.04287437369,0.001895818859
12.23642686,24.5,trans,0,0,0.5134820304,-2.714637882e-16,-5.173542094e-17,0.1048386814,0.02085049857,0.01142589241
12.23642686,24.5,trans,-1,0,0.3308341378,-3.422514242e-17,1.02097045e-17,-0.007967277403,0.04282917397,0.001897815652
12.23642686,24.5,trans,0,-1,0.3308341378,-0.1023270239,-0.00418214912,-3.49671525e-11,-8.378622269e-12,0.01048831019
12.23642686,24.5,trans,0,1,0.3308341378,-0.1023270239,-0.00418214912,3.4966727e-11,8.378458759e-12,0.01048831019
12.23642686,24.5,trans,1,0,0.3308341378,-1.010157216e-16,-6.809822606e-17,-0.007967277476,0.04282917395,0.001897815651
12.23642686,24.5,refl,0,0,0.5134820304,-2.713028824e-16,2.119316054e-16,-0.8932064968,0.04496137817,0.7998393715
12.23642686,24.5,refl,-1,0,0.3308341378,-1.736907117e-16,4.033587688e-17,0.007443325746,-0.04337437771,0.00193673974
12.23642686,24.5,refl,0,-1,0.3308341378,-0.1037694473,-0.001885040579,3.712483643e-11,9.464483773e-12,0.01077165157
12.23642686,24.5,refl,0,1,0.3308341378,-0.1037694473,-0.001885040579,-3.712427526e-11,-9.464007861e-12,0.01077165157
12.23642686,24.5,refl,1,0,0.3308341378,-1.613183605e-16,-1.265399828e-16,0.007443325828,-0.04337437769,0.001936739739
12.11282659,24.75,trans,0,0,0.5187216429,-3.399071893e-16,3.727534384e-16,0.1030559503,-0.03538808014,0.01187284511
12.11282659,24.75,trans,-1,0,0.3389093892,-3.256733665e-16,-1.130521417e-17,-0.008363046057,0.04339016961,0.001952647358
12.11282659,24.75,trans,0,-1,0.3389093892,-0.1024537857,-0.01544373005,-4.166908711e-11,-1.190670212e-11,0.010735287
12.11282659,24.75,trans,0,1,0.3389093892,-0.1024537857,-0.01544373005,4.166924832e-11,1.190688614e-11,0.010735287
12.11282659,24.75,trans,1,0,0.3389093892,-2.923205377e-16,-2.985359585e-17,-0.008363046149,0.04339016958,0.001952647357
12.11282659,24.75,refl,0,0,0.5187216429,-3.389586781e-16,6.045100259e-16,-0.8949343073,-0.01120783564,0.8010330299
12.11282659,24.75,refl,-1,0,0.3389093892,-4.290597948e-16,3.41603441e-17,0.007991220938,-0.04394758869,0.001995250164
12.11282659,24.75,refl,0,-1,0.3389093892,-0.1039597173,-0.01330715393,4.433432464e-11,1.29707424e-11,0.01098470317
12.11282659,24.75,refl,0,1,0.3389093892,-0.1039597173,-0.01330715393,-4.433435086e-11,-1.297057388e-11,0.01098470317
12.11282659,24.75,refl,1,0,0.3389093892,-2.872062742e-16,-7.943014108e-17,0.007991221039,-0.04394758867,0.001995250163
11.99169832,25,trans,0,0,0.5239612555,-6.252610432e-17,-1.648812979e-17,0.1064298862,-0.09260721043,0.01990341611
11.99169832,25,trans,-1,0,0.3468758113,1.481954218e-17,8.291319421e-18,-0.009384683494,0.04406348146,0.002029662683
11.99169832,25,trans,0,-1,0.3468758113,-0.101562809,-0.02704596592,-5.456244415e-11,-1.95887679e-11,0.01104648845
11.99169832,25,trans,0,1,0.3468758113,-0.101562809,-0.02704596592,5.456225286e-11,1.958909069e-11,0.01104648845
11.99169832,25,trans,1,0,0.3468758113,8.389004506e-17,8.877429932e-17,-0.009384683623,0.04406348141,0.002029662681
11.99169832,25,refl,0,0,0.5239612555,-6.578435834e-17,1.852245221e-16,-0.8914869003,-0.06837395696,0.7994238915
11.99169832,25,refl,-1,0,0.3468758113,-4.417271898e-17,7.323998822e-17,0.009131631775,-0.04459899395,0.00207245696
11.99169832,25,refl,0,-1,0.3468758113,-0.1031282611,-0.02506191904,5.787022572e-11,2.077950995e-11,0.01126353802
11.99169832,25,refl,0,1,0.3468758113,-0.1031282611,-0.02506191904,-5.786991177e-11,-2.077944965e-11,0.01126353802
11.99169832,25,refl,1,0,0.3468758113,1.376883188e-16,5.303585354e-17,0.009131631912,-0.04459899391,0.002072456959
11.87296863,25.25,trans,0,0,0.529200868,-2.329611377e-16,4.35412688e-16,0.1232390388,-0.1443777054,0.0360327825
11.87296863,25.25,trans,-1,0,0.3547407363,-2.440404354e-16,-1.414014012e-16,-0.009589472509,0.04492259793,0.002109997787
11.87296863,25.25,trans,0,-1,0.3547407363,-0.09764554052,-0.03699422669,-9.422047168e-11,-6.995108066e-11,0.01090322439
11.87296863,25.25,trans,0,1,0.3547407363,-0.09764554052,-0.03699422669,9.422081147e-11,6.995112626e-11,0.01090322439
11.87296863,25.25,trans,1,0,0.3547407363,-1.273355363e-16,3.28667735e-17,-0.009589472759,0.04492259774,0.002109997776
11.87296863,25.25,refl,0,0,0.529200868,-2.633700462e-16,5.643028674e-16,-0.8744951008,-0.1199710363,0.7791347308
11.87296863,25.25,refl,-1,0,0.3547407363,-2.737505132e-16,-4.981080221e-17,0.009426844099,-0.04538350058,0.002148527514
11.87296863,25.25,refl,0,-1,0.3547407363,-0.09916757303,-0.03521561766,9.867002997e-11,7.22180321e-11,0.01107434727
11.87296863,25.25,refl,0,1,0.3547407363,-0.09916757303,-0.03521561766,-9.867027661e-11,-7.221768877e-11,0.01107434727
11.87296863,25.25,refl,1,0,0.3547407363,-3.114915963e-17,2.381448419e-17,0.009426844355,-0.0453835004,0.002148527503
11.75656698,25.5,trans,0,0,0.5344404806,-4.870085671e-17,5.077791395e-16,0.1453926586,-0.1961020778,0.0595950501
11.75656698,25.5,trans,-1,0,0.3625107702,-1.040141523e-16,-3.496323458e-16,-0.01006523753,0.04597038962,0.002214585729
11.75656698,25.5,trans,0,-1,0.3625107702,-0.0925960248,-0.04705992677,1.081530441e-10,-3.373347249e-11,0.01078866052
11.75656698,25.5,trans,0,1,0.3625107702,-0.0925960248,-0.04705992677,-1.081523615e-10,3.37334448e-11,0.01078866052
11.75656698,25.5,trans,1,0,0.3625107702,-6.896947108e-17,-1.543187673e-16,-0.0100652372,0.0459703895,0.002214585711
11.75656698,25.5,refl,0,0,0.5344404806,-9.19240737e-17,6.846798443e-16,-0.8521344186,-0.1715302835,0.7555557056
11.75656698,25.5,refl,-1,0,0.3625107702,-9.833551125e-17,-2.294080488e-16,0.009947271954,-0.04634466692,0.002246776372
11.75656698,25.5,refl,0,-1,0.3625107702,-0.0940503868,-0.04546194092,-1.084292056e-10,3.471655221e-11,0.01091226333
11.75656698,25.5,refl,0,1,0.3625107702,-0.0940503868,-0.04546194092,1.084285823e-10,-3.47161559e-11,0.01091226333
11.75656698,25.5,refl,1,0,0.3625107702,7.65711579e-17,-1.333462564e-16,0.009947271645,-0.04634466681,0.002246776355
11.64242555,25.75,trans,0,0,0.5396800932,-1.008583257e-16,3.148269242e-16,0.1742235906,-0.2478050074,0.09176118122
11.64242555,25.75,trans,-1,0,0.3701918883,4.01654658e-17,-3.267732568e-16,-0.01072217058,0.04746815921,0.00236819108
11.64242555,25.75,trans,0,-1,0.3701918883,-0.0861232599,-0.0572168905,2.125013614e-11,2.955494213e-12,0.01069098845
11.64242555,25.75,trans,0,1,0.3701918883,-0.0861232599,-0.0572168905,-2.124983397e-11,-2.955371561e-12,0.01069098845
11.64242555,25.75,trans,1,0,0.3701918883,2.714836894e-17,-6.129066959e-17,-0.01072217049,0.04746815921,0.002368191079
11.64242555,25.75,refl,0,0,0.5396800932,-1.306781802e-16,5.552624856e-16,-0.8230680586,-0.2230695687,0.7272010616
11.64242555,25.75,refl,-1,0,0.3701918883,6.304466823e-17,-1.771648945e-16,0.01060772589,-0.04774778587,0.002392374904
11.64242555,25.75,refl,0,-1,0.3701918883,-0.08747841075,-0.05577340954,-1.915294297e-11,-2.989079089e-12,0.01076314556
11.64242555,25.75,refl,0,1,0.3701918883,-0.08747841075,-0.05577340954,1.915265547e-11,2.989318024e-12,0.01076314556
11.64242555,25.75,refl,1,0,0.3701918883,2.046331751e-16,-6.993931699e-18,0.01060772581,-0.04774778587,0.002392374903
11.53047915,26,trans,0,0,0.5449197057,1.491003355e-17,9.145894661e-16,0.2124814845,-0.2998218865,0.1350415449
11.53047915,26,trans,-1,0,0.377789514,1.741641054e-16,-1.870364493e-16,-0.01146154302,0.04998700649,0.002630067786
11.53047915,26,trans,0,-1,0.377789514,-0.07766322155,-0.06748988806,9.533081254e-13,1.200953293e-12,0.01058646097
11.53047915,26,trans,0,1,0.377789514,-0.07766322155,-0.06748988806,-9.525998936e-13,-1.201312434e-12,0.01058646097
11.53047915,26,trans,1,0,0.377789514,5.580527044e-17,5.811927876e-17,-0.01146154299,0.04998700649,0.002630067785
11.53047915,26,refl,0,0,0.5449197057,-4.359058597e-17,1.058405788e-15,-0.7845368351,-0.2749134537,0.6910754527
11.53047915,26,refl,-1,0,0.377789514,2.308949791e-16,-7.749237168e-18,0.011314012,-0.05016719782,0.002644754605
11.53047915,26,refl,0,-1,0.377789514,-0.07887059214,-0.06616937736,1.839998339e-12,-1.373244013e-12,0.0105989568
11.53047915,26,refl,0,1,0.377789514,-0.07887059214,-0.06616937736,-1.840742469e-12,1.373934098e-12,0.0105989568
11.53047915,26,refl,1,0,0.377789514,2.835575034e-16,1.491082385e-16,0.01131401197,-0.05016719782,0.002644754604
11.42066507,26.25,trans,0,0,0.5501593183,2.587488019e-17,4.545019756e-16,0.2697864768,-0.3470198932,0.1932075493
11.42066507,26.25,trans,-1,0,0.3853085863,-1.44239318e-17,-8.910691151e-17,-0.0114296011,0.05539762226,0.003199532333
11.42066507,26.25,trans,0,-1,0.3853085863,-0.06560658053,-0.07620824402,-9.170087032e-12,-1.215042879e-12,0.01011191987
11.42066507,26.25,trans,0,1,0.3853085863,-0.06560658053,-0.07620824402,9.170596628e-12,1.21470154e-12,0.01011191987
11.42066507,26.25,trans,1,0,0.3853085863,-1.996133489e-16,5.437601674e-17,-0.0114296011,0.05539762226,0.003199532333
11.42066507,26.25,refl,0,0,0.5501593183,-1.238643953e-17,6.23584609e-16,-0.7268371883,-0.3217802124,0.6318348033
11.42066507,26.25,refl,-1,0,0.3853085863,5.795836251e-17,1.233965789e-16,0.01129199003,-0.05549671968,0.003207394934
11.42066507,26.25,refl,0,-1,0.3853085863,-0.06636134841,-0.07502410457,1.215419868e-11,9.698924032e-13,0.01003244483
11.42066507,26.25,refl,0,1,0.3853085863,-0.06636134841,-0.07502410457,-1.21548148e-11,-9.69256468e-13,0.01003244483
11.42066507,26.25,refl,1,0,0.3853085863,7.354839513e-17,1.903580802e-16,0.01129199003,-0.05549671968,0.003207394934
11.31292294,26.5,trans,0,0,0.5553989308,5.32623262e-17,-3.061005997e-16,0.4422049154,-0.3884674538,0.3464521499
11.31292294,26.5,trans,-1,0,0.3927536169,-6.327525829e-16,-1.040208685e-17,-0.01837034692,0.08213423993,0.007083503014
11.31292294,26.5,trans,0,-1,0.3927536169,-0.03067270082,-0.08464719447,-1.821551374e-11,-4.697487868e-12,0.008105962107
11.31292294,26.5,trans,0,1,0.3927536169,-0.03067270082,-0.08464719447,1.821509616e-11,4.69782491e-12,0.008105962107
11.31292294,26.5,trans,1,0,0.3927536169,-7.884761317e-16,-6.170673849e-16,-0.01837034694,0.08213423991,0.007083503013
11.31292294,26.5,trans,-1,-1,0.00654483146,-0.04643966102,0.04575371344,0.003870892163,-0.01753352959,0.004572452875
11.31292294,26.5,trans,-1,1,0.00654483146,-0.04643966102,0.04575371344,-0.003870892163,0.01753352959,0.004572452875
11.31292294,26.5,trans,1,-1,0.00654483146,0.04643966098,-0.04575371344,0.00387089217,-0.0175335296,0.004572452872
11.31292294,26.5,trans,1,1,0.00654483146,0.04643966098,-0.04575371344,-0.00387089217,0.0175335296,0.004572452872
11.31292294,26.5,refl,0,0,0.5553989308,-4.556392776e-17,-1.731129714e-16,-0.5537253297,-0.362098472,0.4377270442
11.31292294,26.5,refl,-1,0,0.3927536169,-5.053629236e-16,2.805691079e-16,0.01807253782,-0.08190953507,0.007035788559
11.31292294,26.5,refl,0,-1,0.3927536169,-0.03013295934,-0.0827806253,2.133358955e-11,4.505423937e-12,0.007760627163
11.31292294,26.5,refl,0,1,0.3927536169,-0.03013295934,-0.0827806253,-2.133338879e-11,-4.505590195e-12,0.007760627163
11.31292294,26.5,refl,1,0,0.3927536169,-4.308043761e-16,-3.480493123e-16,0.01807253785,-0.08190953506,0.007035788559
11.31292294,26.5,refl,-1,-1,0.00654483146,-0.04719548427,0.04522075489,0.02394926985,0.005627884497,0.004877571019
11.31292294,26.5,refl,-1,1,0.00654483146,-0.04719548427,0.04522075489,-0.02394926985,-0.005627884497,0.004877571019
11.31292294,26.5,refl,1,-1,0.00654483146,0.04719548423,-0.04522075489,0.02394926985,0.005627884482,0.004877571015
11.31292294,26.5,refl,1,1,0.00654483146,0.04719548423,-0.04522075489,-0.02394926985,-0.005627884482,0.004877571015
11.20719469,26.75,trans,0,0,0.5606385434,-2.970754198e-16,4.392236367e-16,0.4146786264,-0.2692348138,0.2444457481
11.20719469,26.75,trans,-1,0,0.4001287387,-2.915584137e-16,-4.412396805e-16,-0.04353686179,0.06213191602,0.005755833323
11.20719469,26.75,trans,0,-1,0.4001287387,-0.03450879975,-0.05972695778,-1.939446453e-11,-9.727606507e-12,0.004758166746
11.20719469,26.75,trans,0,1,0.4001287387,-0.03450879975,-0.05972695778,1.939468637e-11,9.727765479e-12,0.004758166746
11.20719469,26.75,trans,1,0,0.4001287387,-4.131598807e-16,-5.73681734e-16,-0.04353686181,0.062131916,0.005755833322
11.20719469,26.75,trans,-1,-1,0.076749194,-0.1419914559,0.07236110168,0.004593290037,-0.04547505791,0.02748678178
11.20719469,26.75,trans,-1,1,0.076749194,-0.1419914559,0.07236110168,-0.004593290037,0.04547505791,0.02748678178
11.20719469,26.75,trans,1,-1,0.076749194,0.1419914557,-0.07236110164,0.004593290037,-0.04547505791,0.02748678174
11.20719469,26.75,trans,1,1,0.076749194,0.1419914557,-0.07236110164,-0.004593290037,0.04547505791,0.02748678174
11.20719469,26.75,refl,0,0,0.5606385434,-3.921666157e-16,5.577492195e-16,-0.5816143191,-0.2429107497,0.3972808485
11.20719469,26.75,refl,-1,0,0.4001287387,-2.123948239e-16,-1.238036569e-16,0.04319804431,-0.06218699059,0.005733292831
11.20719469,26.75,refl,0,-1,0.4001287387,-0.03492613649,-0.05762130783,2.256345462e-11,9.455366398e-12,0.004540050126
11.20719469,26.75,refl,0,1,0.4001287387,-0.03492613649,-0.05762130783,-2.256389993e-11,-9.455388237e-12,0.004540050126
11.20719469,26.75,refl,1,0,0.4001287387,-1.745316892e-16,-2.700350768e-16,0.04319804434,-0.06218699057,0.005733292831
11.20719469,26.75,refl,-1,-1,0.076749194,-0.1426590469,0.07058678485,0.0005963928495,0.04314531742,0.02719597195
11.20719469,26.75,refl,-1,1,0.076749194,-0.1426590469,0.07058678485,-0.0005963928495,-0.04314531742,0.02719597195
11.20719469,26.75,refl,1,-1,0.076749194,0.1426590468,-0.0705867848,0.0005963928476,0.04314531741,0.02719597191
11.20719469,26.75,refl,1,1,0.076749194,0.1426590468,-0.0705867848,-0.0005963928476,-0.04314531741,0.02719597191
11.10342437,27,trans,0,0,0.5658781559,-1.882901062e-16,1.892036312e-16,0.4034001736,-0.2567906325,0.228673129
11.10342437,27,trans,-1,0,0.4074377481,-2.935435951e-16,-4.410964192e-16,-0.0496376519,0.05146828495,0.005112880842
11.10342437,27,trans,0,-1,0.4074377481,-0.03582200685,-0.05641163029,-2.109519507e-11,-1.188661541e-11,0.004465488207
11.10342437,27,trans,0,1,0.4074377481,-0.03582200685,-0.05641163029,2.109531633e-11,1.188688928e-11,0.004465488207
11.10342437,27,trans,1,0,0.4074377481,-4.426437823e-16,-6.617033895e-16,-0.04963765193,0.05146828492,0.005112880842
11.10342437,27,trans,-1,-1,0.108595349,-0.1537787596,0.05747042097,0.01606332557,-0.04931166622,0.02964042703
11.10342437,27,trans,-1,1,0.108595349,-0.1537787596,0.05747042097,-0.01606332557,0.04931166622,0.02964042703
11.10342437,27,trans,1,-1,0.108595349,0.1537787594,-0.0574704209,0.01606332557,-0.04931166621,0.02964042698
11.10342437,27,trans,1,1,0.108595349,0.1537787594,-0.0574704209,-0.01606332557,0.04931166621,0.02964042698
11.10342437,27,refl,0,0,0.5658781559,-2.824262009e-16,3.171121225e-16,-0.5927866854,-0.2302761668,0.4044231674
11.10342437,27,refl,-1,0,0.4074377481,-2.244166174e-16,-1.012249687e-16,0.0492504479,-0.05160140601,0.00508831172
11.10342437,27,refl,0,-1,0.4074377481,-0.03636809731,-0.05438396464,2.422512537e-11,1.157311925e-11,0.004280254112
11.10342437,27,refl,0,1,0.4074377481,-0.03636809731,-0.05438396464,-2.422549819e-11,-1.157332691e-11,0.004280254112
11.10342437,27,refl,1,0,0.4074377481,-2.321583296e-16,-3.395776474e-16,0.04925044793,-0.05160140598,0.005088311721
11.10342437,27,refl,-1,-1,0.108595349,-0.1538701341,0.05525575851,-0.01298264548,0.04828410678,0.02922912108
11.10342437,27,refl,-1,1,0.108595349,-0.1538701341,0.05525575851,0.01298264548,-0.04828410678,0.02922912108
11.10342437,27,refl,1,-1,0.108595349,0.153870134,-0.05525575844,-0.01298264548,0.04828410676,0.02922912103
11.10342437,27,refl,1,1,0.108595349,0.153870134,-0.05525575844,0.01298264548,-0.04828410676,0.02922912103
11.00155809,27.25,trans,0,0,0.5711177685,-2.480304629e-16,2.371113312e-16,0.4002608363,-0.2576060875,0.2265696334
11.00155809,27.25,trans,-1,0,0.4146841409,-5.007311897e-17,-4.738851045e-16,-0.05215812921,0.04329733033,0.004595129257
11.00155809,27.25,trans,0,-1,0.4146841409,-0.03574140071,-0.055523332,-2.30872238e-11,-1.453447413e-11,0.004360288122
11.00155809,27.25,trans,0,1,0.4146841409,-0.03574140071,-0.055523332,2.308706424e-11,1.453464401e-11,0.004360288122
11.00155809,27.25,trans,1,0,0.4146841409,-1.432469384e-16,-5.739164519e-16,-0.05215812924,0.0432973303,0.004595129257
11.00155809,27.25,trans,-1,-1,0.1332305068,-0.156198476,0.04410164484,0.02426102797,-0.0496874855,0.02940036269
11.00155809,27.25,trans,-1,1,0.1332305068,-0.156198476,0.04410164484,-0.02426102797,0.0496874855,0.02940036269
11.00155809,27.25,trans,1,-1,0.1332305068,0.1561984759,-0.04410164476,0.02426102797,-0.04968748549,0.02940036264
11.00155809,27.25,trans,1,1,0.1332305068,0.1561984759,-0.04410164476,-0.02426102797,0.04968748549,0.02940036264
11.00155809,27.25,refl,0,0,0.5711177685,-3.42535751e-16,2.53688969e-16,-0.5956422352,-0.2308734238,0.4080922102
11.00155809,27.25,refl,-1,0,0.4146841409,8.104568874e-18,-1.302858514e-16,0.05192558543,-0.04352943678,0.004591078289
11.00155809,27.25,refl,0,-1,0.4146841409,-0.03608386814,-0.05356147292,2.580320646e-11,1.422398977e-11,0.004170876921
11.00155809,27.25,refl,0,1,0.4146841409,-0.03608386814,-0.05356147292,-2.58033248e-11,-1.422414606e-11,0.004170876921
11.00155809,27.25,refl,1,0,0.4146841409,3.81460467e-17,-2.571249872e-16,0.05192558547,-0.04352943674,0.004591078289
11.00155809,27.25,refl,-1,-1,0.1332305068,-0.1556803508,0.04170997481,-0.02269128787,0.04892809039,0.0288849462
11.00155809,27.25,refl,-1,1,0.1332305068,-0.1556803508,0.04170997481,0.02269128787,-0.04892809039,0.0288849462
11.00155809,27.25,refl,1,-1,0.1332305068,0.1556803507,-0.04170997472,-0.02269128787,0.04892809037,0.02888494614
11.00155809,27.25,refl,1,1,0.1332305068,0.1556803507,-0.04170997472,0.02269128787,-0.04892809037,0.02888494614
10.90154393,27.5,trans,0,0,0.576357381,-1.677944789e-16,-4.563047777e-17,0.4021849458,-0.2651582158,0.2320616101
10.90154393,27.5,trans,-1,0,0.4218711437,-1.223601248e-16,-5.071930518e-16,-0.05350957429,0.03631102397,0.004181765002
10.90154393,27.5,trans,0,-1,0.4218711437,-0.03459053441,-0.05601672016,-2.509520079e-11,-1.683384418e-11,0.004334378009
10.90154393,27.5,trans,0,1,0.4218711437,-0.03459053441,-0.05601672016,2.509500796e-11,1.683401484e-11,0.004334378009
10.90154393,27.5,trans,1,0,0.4218711437,-1.522730824e-16,-5.252358625e-16,-0.05350957432,0.03631102393,0.004181765003
10.90154393,27.5,trans,-1,-1,0.1541515266,-0.1560221881,0.03230096764,0.03070463392,-0.04854923639,0.0286860786
10.90154393,27.5,trans,-1,1,0.1541515266,-0.1560221881,0.03230096764,-0.03070463392,0.04854923639,0.0286860786
10.90154393,27.5,trans,1,-1,0.1541515266,0.156022188,-0.03230096755,0.03070463392,-0.04854923637,0.02868607855
10.90154393,27.5,trans,1,1,0.1541515266,0.156022188,-0.03230096755,-0.03070463392,0.04854923637,0.02868607855
10.90154393,27.5,refl,0,0,0.576357381,-2.669978286e-16,1.076431963e-17,-0.5933923722,-0.2381849185,0.4088465628
10.90154393,27.5,refl,-1,0,0.4218711437,-7.932469743e-17,-1.578067104e-16,0.05344177079,-0.03664191771,0.004198652998
10.90154393,27.5,refl,0,-1,0.4218711437,-0.03468875575,-0.05409498792,2.740071332e-11,1.65194558e-11,0.004129577493
10.90154393,27.5,refl,0,1,0.4218711437,-0.03468875575,-0.05409498792,-2.740082894e-11,-1.651968256e-11,0.004129577493
10.90154393,27.5,refl,1,0,0.4218711437,6.111803145e-18,-2.065045092e-16,0.05344177083,-0.03664191767,0.004198652999
10.90154393,27.5,refl,-1,-1,0.1541515266,-0.1550038691,0.02979794173,-0.03014578225,0.04788059482,0.0281154363
10.90154393,27.5,refl,-1,1,0.1541515266,-0.1550038691,0.02979794173,0.03014578225,-0.04788059482,0.0281154363
10.90154393,27.5,refl,1,-1,0.1541515266,0.1550038689,-0.02979794164,-0.03014578225,0.0478805948,0.02811543625
10.90154393,27.5,refl,1,1,0.1541515266,0.1550038689,-0.02979794164,0.03014578225,-0.0478805948,0.02811543625
10.80333182,27.75,trans,0,0,0.5815969936,-2.459732674e-16,-1.695510058e-16,0.4075464255,-0.2761247323,0.2423389567
10.80333182,27.75,trans,-1,0,0.4290017415,1.25581271e-16,-5.016289368e-16,-0.05416401665,0.03001347253,0.003834549233
10.80333182,27.75,trans,0,-1,0.4290017415,-0.03268013483,-0.05720055076,-2.715220731e-11,-1.887033881e-11,0.004339894219
10.80333182,27.75,trans,0,1,0.4290017415,-0.03268013483,-0.05720055076,2.71516466e-11,1.887059074e-11,0.004339894219
10.80333182,27.75,trans,1,0,0.4290017415,1.286154647e-16,-4.336904768e-16,-0.05416401669,0.03001347249,0.003834549235
10.80333182,27.75,trans,-1,-1,0.1727134199,-0.1546824037,0.02161184582,0.03595914435,-0.04652808642,0.02785164078
10.80333182,27.75,trans,-1,1,0.1727134199,-0.1546824037,0.02161184582,-0.03595914435,0.04652808642,0.02785164078
10.80333182,27.75,trans,1,-1,0.1727134199,0.1546824035,-0.02161184571,0.03595914435,-0.04652808641,0.02785164073
10.80333182,27.75,trans,1,1,0.1727134199,0.1546824035,-0.02161184571,-0.03595914435,0.04652808641,0.02785164073
10.80333182,27.75,refl,0,0,0.5815969936,-3.6932669e-16,-1.546982588e-16,-0.587684351,-0.2488928066,0.4073205256
10.80333182,27.75,refl,-1,0,0.4290017415,1.633472506e-16,-1.601871092e-16,0.05426805891,-0.03044193708,0.003871733751
10.80333182,27.75,refl,0,-1,0.4290017415,-0.03251906707,-0.05529639914,2.905428584e-11,1.854834999e-11,0.004115181481
10.80333182,27.75,refl,0,1,0.4290017415,-0.03251906707,-0.05529639914,-2.905404963e-11,-1.854872359e-11,0.004115181481
10.80333182,27.75,refl,1,0,0.4290017415,2.674464299e-16,-1.261217009e-16,0.05426805895,-0.03044193703,0.003871733753
10.80333182,27.75,refl,-1,-1,0.1727134199,-0.1532485928,0.01902756351,-0.03613428638,0.0458829876,0.02725811456
10.80333182,27.75,refl,-1,1,0.1727134199,-0.1532485928,0.01902756351,0.03613428638,-0.0458829876,0.02725811456
10.80333182,27.75,refl,1,-1,0.1727134199,0.1532485926,-0.01902756341,-0.03613428638,0.04588298758,0.02725811451
10.80333182,27.75,refl,1,1,0.1727134199,0.1532485926,-0.01902756341,0.03613428638,-0.04588298758,0.02725811451
10.7068735,28,trans,0,0,0.5868366061,-2.610126311e-16,-1.596140355e-16,0.4154478001,-0.2889602434,0.2560948969
10.7068735,28,trans,-1,0,0.4360787011,2.902521824e-16,-4.3102411e-16,-0.05431373621,0.02416470484,0.003533914901
10.7068735,28,trans,0,-1,0.4360787011,-0.03018716492,-0.05874262706,-2.92755917e-11,-2.068495386e-11,0.004361961159
10.7068735,28,trans,0,1,0.4360787011,-0.03018716492,-0.05874262706,2.927495743e-11,2.068521039e-11,0.004361961159
10.7068735,28,trans,1,0,0.4360787011,2.849769887e-16,-3.192186878e-16,-0.05431373625,0.0241647048,0.003533914904
10.7068735,28,trans,-1,-1,0.1896102971,-0.1527272397,0.0117331509,0.04034636442,-0.04391108318,0.02701928894
10.7068735,28,trans,-1,1,0.1896102971,-0.1527272397,0.0117331509,-0.04034636442,0.04391108318,0.02701928894
10.7068735,28,trans,1,-1,0.1896102971,0.1527272396,-0.01173315079,0.04034636442,-0.04391108317,0.02701928889
10.7068735,28,trans,1,1,0.1896102971,0.1527272396,-0.01173315079,-0.04034636442,0.04391108317,0.02701928889
10.7068735,28,refl,0,0,0.5868366061,-3.641227081e-16,-1.37112833e-16,-0.5794264975,-0.2614548257,0.404093692
10.7068735,28,refl,-1,0,0.4360787011,3.164533569e-16,-8.615103922e-17,0.05459512313,-0.02468796153,0.003590122914
10.7068735,28,refl,0,-1,0.4360787011,-0.02976338713,-0.05683792378,3.078320775e-11,2.035302439e-11,0.004116408793
10.7068735,28,refl,0,1,0.4360787011,-0.02976338713,-0.05683792378,-3.078292172e-11,-2.035346504e-11,0.004116408793
10.7068735,28,refl,1,0,0.4360787011,4.040161939e-16,-1.093583059e-17,0.05459512317,-0.02468796148,0.003590122916
10.7068735,28,refl,-1,-1,0.1896102971,-0.1509441801,0.009082175133,-0.04108038143,0.04326383492,0.02642598856
10.7068735,28,refl,-1,1,0.1896102971,-0.1509441801,0.009082175133,0.04108038143,-0.04326383492,0.02642598856
10.7068735,28,refl,1,-1,0.1896102971,0.15094418,-0.009082175021,-0.04108038143,0.0432638349,0.02642598851
10.7068735,28,refl,1,1,0.1896102971,0.15094418,-0.009082175021,0.04108038143,-0.0432638349,0.02642598851
10.61212241,28.25,trans,0,0,0.5920762187,-2.877507196e-16,-1.933606453e-16,0.4263330812,-0.3001227231,0.2718335451
10.61212241,28.25,trans,-1,0,0.4431045926,2.536141888e-16,-4.224650982e-16,-0.0536124589,0.01929947451,0.003246765465
10.61212241,28.25,trans,0,-1,0.4431045926,-0.0274197796,-0.05970446907,-3.122093527e-11,-2.419405322e-11,0.00431646794
10.61212241,28.25,trans,0,1,0.4431045926,-0.0274197796,-0.05970446907,3.122038623e-11,2.419417006e-11,0.00431646794
10.61212241,28.25,trans,1,0,0.4431045926,2.677370147e-16,-2.963906885e-16,-0.05361245894,0.01929947446,0.003246765468
10.61212241,28.25,trans,-1,-1,0.2052537727,-0.1491013109,0.003220056446,0.04344209289,-0.04130456137,0.02583485189
10.61212241,28.25,trans,-1,1,0.2052537727,-0.1491013109,0.003220056446,-0.04344209289,0.04130456137,0.02583485189
10.61212241,28.25,trans,1,-1,0.2052537727,0.1491013107,-0.003220056331,0.04344209289,-0.04130456136,0.02583485185
10.61212241,28.25,trans,1,1,0.2052537727,0.1491013107,-0.003220056331,-0.04344209289,0.04130456136,0.02583485185
10.61212241,28.25,refl,0,0,0.5920762187,-4.060476902e-16,-1.680981854e-16,-0.5681562092,-0.2723247152,0.3969622285
10.61212241,28.25,refl,-1,0,0.4431045926,2.69057602e-16,-8.730793268e-17,0.05425284441,-0.01988061915,0.003338610145
10.61212241,28.25,refl,0,-1,0.4431045926,-0.02665099451,-0.05777094735,3.206185929e-11,2.391380493e-11,0.004047757866
10.61212241,28.25,refl,0,1,0.4431045926,-0.02665099451,-0.05777094735,-3.206168264e-11,-2.39141807e-11,0.004047757866
10.61212241,28.25,refl,1,0,0.4431045926,3.632843593e-16,-2.369159982e-18,0.05425284446,-0.01988061909,0.003338610148
10.61212241,28.25,refl,-1,-1,0.2052537727,-0.1469825878,0.0006543182678,-0.04470661044,0.04023766575,0.02522206003
10.61212241,28.25,refl,-1,1,0.2052537727,-0.1469825878,0.0006543182678,0.04470661044,-0.04023766575,0.02522206003
10.61212241,28.25,refl,1,-1,0.2052537727,0.1469825877,-0.0006543181518,-0.04470661044,0.04023766573,0.02522205998
10.61212241,28.25,refl,1,1,0.2052537727,0.1469825877,-0.0006543181518,0.04470661044,-0.04023766573,0.02522205998
10.51903361,28.5,trans,0,0,0.5973158313,-2.991946944e-16,-2.272164054e-16,0.4389226023,-0.3116326229,0.2897679425
10.51903361,28.5,trans,-1,0,0.4500818076,1.377052968e-16,-3.9503815e-16,-0.05263519905,0.01477801406,0.002988853878
10.51903361,28.5,trans,0,-1,0.4500818076,-0.02428943444,-0.06069687608,-3.347112583e-11,-2.756300674e-11,0.004274087391
10.51903361,28.5,trans,0,1,0.4500818076,-0.02428943444,-0.06069687608,3.347071011e-11,2.756313057e-11,0.004274087391
10.51903361,28.5,trans,1,0,0.4500818076,1.95008039e-16,-2.479417077e-16,-0.05263519909,0.014778014,0.002988853882
10.51903361,28.5,trans,-1,-1,0.219911493,-0.1453389822,-0.004690741079,0.04596930228,-0.03843029472,0.02473548711
10.51903361,28.5,trans,-1,1,0.219911493,-0.1453389822,-0.004690741079,-0.04596930228,0.03843029472,0.02473548711
10.51903361,28.5,trans,1,-1,0.219911493,0.1453389821,0.004690741199,0.04596930228,-0.03843029471,0.02473548706
10.51903361,28.5,trans,1,1,0.219911493,0.1453389821,0.004690741199,-0.04596930228,0.03843029471,0.02473548706
10.51903361,28.5,refl,0,0,0.5973158313,-4.254494766e-16,-2.157606437e-16,-0.5551921821,-0.2835202997,0.3886221194
10.51903361,28.5,refl,-1,0,0.4500818076,1.401626322e-16,-7.154626606e-17,0.05363388017,-0.01541283436,0.003114148565
10.51903361,28.5,refl,0,-1,0.4500818076,-0.02318814511,-0.05871947231,3.366965256e-11,2.733597127e-11,0.003985666502
10.51903361,28.5,refl,0,1,0.4500818076,-0.02318814511,-0.05871947231,-3.366963693e-11,-2.733641853e-11,0.003985666502
10.51903361,28.5,refl,1,0,0.4500818076,2.688440949e-16,3.197113679e-17,0.05363388023,-0.0154128343,0.003114148569
10.51903361,28.5,refl,-1,-1,0.219911493,-0.1429393557,-0.007182794952,-0.04765512618,0.03699694106,0.02412303666
10.51903361,28.5,refl,-1,1,0.219911493,-0.1429393557,-0.007182794952,0.04765512618,-0.03699694106,0.02412303666
10.51903361,28.5,refl,1,-1,0.219911493,0.1429393556,0.007182795073,-0.04765512618,0.03699694104,0.02412303661
10.51903361,28.5,refl,1,1,0.219911493,0.1429393556,0.007182795073,0.04765512618,-0.03699694104,0.02412303661
10.42756376,28.75,trans,0,0,0.6025554438,-2.393696431e-16,-4.285004668e-16,0.4528705357,-0.3231647993,0.3095272096
10.42756376,28.75,trans,-1,0,0.4570125754,-5.292374807e-17,-4.64605907e-16,-0.05141190497,0.01054738739,0.002754431353
10.42756376,28.75,trans,0,-1,0.4570125754,-0.02087340571,-0.06164544155,-3.602913849e-11,-3.07837022e-11,0.00423585953
10.42756376,28.75,trans,0,1,0.4570125754,-0.02087340571,-0.06164544155,3.602885599e-11,3.07838508e-11,0.00423585953
10.42756376,28.75,trans,1,0,0.4570125754,7.281584825e-17,-3.214042457e-16,-0.05141190502,0.01054738733,0.002754431357
10.42756376,28.75,trans,-1,-1,0.2337689572,-0.1414926054,-0.01210773366,0.04802600857,-0.03535076901,0.02372292898
10.42756376,28.75,trans,-1,1,0.2337689572,-0.1414926054,-0.01210773366,-0.04802600857,0.03535076901,0.02372292898
10.42756376,28.75,trans,1,-1,0.2337689572,0.1414926053,0.01210773379,0.04802600857,-0.03535076899,0.02372292893
10.42756376,28.75,trans,1,1,0.2337689572,0.1414926053,0.01210773379,-0.04802600857,0.03535076899,0.02372292893
10.42756376,28.75,refl,0,0,0.6025554438,-3.967421689e-16,-4.345987093e-16,-0.5408836178,-0.2947204421,0.379415227
10.42756376,28.75,refl,-1,0,0.4570125754,-6.27080588e-17,-1.411860996e-16,0.05276775387,-0.01122973541,0.002910542806
10.42756376,28.75,refl,0,-1,0.4570125754,-0.01945435921,-0.05961387443,3.560969916e-11,3.061044753e-11,0.003932286116
10.42756376,28.75,refl,0,1,0.4570125754,-0.01945435921,-0.05961387443,-3.560983585e-11,-3.061098355e-11,0.003932286116
10.42756376,28.75,refl,1,0,0.4570125754,1.227144128e-16,-4.403518409e-17,0.05276775393,-0.01122973534,0.00291054281
10.42756376,28.75,refl,-1,-1,0.2337689572,-0.138854863,-0.01453835724,-0.05005411898,0.0335973001,0.0231262302
10.42756376,28.75,refl,-1,1,0.2337689572,-0.138854863,-0.01453835724,0.05005411898,-0.0335973001,0.0231262302
10.42756376,28.75,refl,1,-1,0.2337689572,0.1388548628,0.01453835736,-0.05005411898,0.03359730007,0.02312623015
10.42756376,28.75,refl,1,1,0.2337689572,0.1388548628,0.01453835736,0.05005411898,-0.03359730007,0.02312623015
10.33767097,29,trans,0,0,0.6077950564,-1.787881992e-16,-4.407385441e-16,0.4679200115,-0.3344994382,0.3308390113
10.33767097,29,trans,-1,0,0.463898978,-1.352531909e-16,-4.489650882e-16,-0.04996319883,0.006578469646,0.0025395975
10.33767097,29,trans,0,-1,0.463898978,-0.01723320093,-0.06249818136,-3.88964487e-11,-3.385070385e-11,0.004203005887
10.33767097,29,trans,0,1,0.463898978,-0.01723320093,-0.06249818136,3.889611488e-11,3.385081759e-11,0.004203005887
10.33767097,29,trans,1,0,0.463898978,4.872002765e-17,-2.636144011e-16,-0.04996319888,0.006578469577,0.002539597505
10.33767097,29,trans,-1,-1,0.2469609139,-0.1375868075,-0.01910198239,0.0496813856,-0.03211277158,0.02279448551
10.33767097,29,trans,-1,1,0.2469609139,-0.1375868075,-0.01910198239,-0.0496813856,0.03211277158,0.02279448551
10.33767097,29,trans,1,-1,0.2469609139,0.1375868073,0.01910198252,0.0496813856,-0.03211277156,0.02279448546
10.33767097,29,trans,1,1,0.2469609139,0.1375868073,0.01910198252,-0.0496813856,0.03211277156,0.02279448546
10.33767097,29,refl,0,0,0.6077950564,-3.514387916e-16,-4.499593311e-16,-0.5254898433,-0.3057086129,0.3695973314
10.33767097,29,refl,-1,0,0.463898978,-1.57568388e-16,-1.475298216e-16,0.05167430967,-0.007300519362,0.002723531863
10.33767097,29,refl,0,-1,0.463898978,-0.01551225904,-0.06040613438,3.788329526e-11,3.373099755e-11,0.003889531252
10.33767097,29,refl,0,1,0.463898978,-0.01551225904,-0.06040613438,-3.788339113e-11,-3.373156086e-11,0.003889531252
10.33767097,29,refl,1,0,0.463898978,7.978959659e-17,-5.841744764e-18,0.05167430973,-0.007300519287,0.002723531868
10.33767097,29,refl,-1,-1,0.2469609139,-0.1347447131,-0.02148288973,-0.05199304352,0.03007921931,0.02222568826
10.33767097,29,refl,-1,1,0.2469609139,-0.1347447131,-0.02148288973,0.05199304352,-0.03007921931,0.02222568826
10.33767097,29,refl,1,-1,0.2469609139,0.1347447129,0.02148288987,-0.05199304352,0.03007921929,0.02222568821
10.33767097,29,refl,1,1,0.2469609139,0.1347447129,0.02148288987,0.05199304352,-0.03007921929,0.02222568821
10.2493148,29.25,trans,0,0,0.6130346689,2.262731599e-17,-3.756863267e-16,0.4842568792,-0.3428393137,0.35204352
10.2493148,29.25,trans,-1,0,0.4707429623,-9.472201887e-17,-3.530753658e-16,-0.04823853417,0.003397168907,0.002338496935
10.2493148,29.25,trans,0,-1,0.4707429623,-0.01371895522,-0.06267325598,-4.006797083e-11,-3.945748108e-11,0.004116146747
10.2493148,29.25,trans,0,1,0.4707429623,-0.01371895522,-0.06267325598,4.006760829e-11,3.945760053e-11,0.004116146747
10.2493148,29.25,trans,1,0,0.4707429623,4.187040489e-17,-1.634474999e-16,-0.04823853422,0.003397168828,0.00233849694
10.2493148,29.25,trans,-1,-1,0.2595888437,-0.132864403,-0.02495549794,0.05065823116,-0.02931052439,0.02170108969
10.2493148,29.25,trans,-1,1,0.2595888437,-0.132864403,-0.02495549794,-0.05065823116,0.02931052439,0.02170108969
10.2493148,29.25,trans,1,-1,0.2595888437,0.1328644028,0.02495549808,0.05065823116,-0.02931052437,0.02170108964
10.2493148,29.25,trans,1,1,0.2595888437,0.1328644028,0.02495549808,-0.05065823116,0.02931052437,0.02170108964
10.2493148,29.25,refl,0,0,0.6130346689,-1.885496978e-16,-4.074087165e-16,-0.5089258347,-0.3137686675,0.357456282
10.2493148,29.25,refl,-1,0,0.4707429623,-1.283322759e-16,-9.335239787e-17,0.05037122724,-0.004081151727,0.002553916333
10.2493148,29.25,refl,0,-1,0.4707429623,-0.01177675761,-0.06054069179,3.843396678e-11,3.941451259e-11,0.003803867382
10.2493148,29.25,refl,0,1,0.4707429623,-0.01177675761,-0.06054069179,-3.843404855e-11,-3.941511161e-11,0.003803867382
10.2493148,29.25,refl,1,0,0.4707429623,5.15183546e-17,5.54272287e-17,0.0503712273,-0.004081151641,0.002553916338
10.2493148,29.25,refl,-1,-1,0.2595888437,-0.1298853237,-0.02717379808,-0.05314964188,0.02673696698,0.02114836246
10.2493148,29.25,refl,-1,1,0.2595888437,-0.1298853237,-0.02717379808,0.05314964188,-0.02673696698,0.02114836246
10.2493148,29.25,refl,1,-1,0.2595888437,0.1298853235,0.02717379822,-0.05314964188,0.02673696695,0.02114836241
10.2493148,29.25,refl,1,1,0.2595888437,0.1298853235,0.02717379822,0.05314964188,-0.02673696695,0.02114836241
10.1624562,29.5,trans,0,0,0.6182742815,1.848579221e-16,-3.76698878e-16,0.5012560023,-0.3506507247,0.3742135105
10.1624562,29.5,trans,-1,0,0.4775463521,-1.633195734e-16,-2.30952562e-16,-0.04640063605,0.0004673093224,0.002153237404
10.1624562,29.5,trans,0,-1,0.4775463521,-0.01010366261,-0.06271083808,-4.188215049e-11,-4.534018792e-11,0.004034733211
10.1624562,29.5,trans,0,1,0.4775463521,-0.01010366261,-0.06271083808,4.188207644e-11,4.534033446e-11,0.004034733211
10.1624562,29.5,trans,1,0,0.4775463521,-5.167944888e-17,-9.519648347e-17,-0.04640063611,0.0004673092319,0.002153237409
10.1624562,29.5,trans,-1,-1,0.2717313924,-0.1282072183,-0.03044452018,0.05134115425,-0.0264509479,0.02069952639
10.1624562,29.5,trans,-1,1,0.2717313924,-0.1282072183,-0.03044452018,-0.05134115425,0.0264509479,0.02069952639
10.1624562,29.5,trans,1,-1,0.2717313924,0.1282072181,0.03044452032,0.05134115425,-0.02645094788,0.02069952634
10.1624562,29.5,trans,1,1,0.2717313924,0.1282072181,0.03044452032,-0.05134115425,0.02645094788,0.02069952634
10.1624562,29.5,refl,0,0,0.6182742815,-3.433866277e-17,-4.822879385e-16,-0.491723906,-0.3212931637,0.3450216968
10.1624562,29.5,refl,-1,0,0.4775463521,-2.061554167e-16,-1.617730315e-17,0.04894710334,-0.001109282047,0.002397049432
10.1624562,29.5,refl,0,-1,0.4775463521,-0.007955736608,-0.06053416003,3.966005516e-11,4.537895724e-11,0.003727678276
10.1624562,29.5,refl,0,1,0.4775463521,-0.007955736608,-0.06053416003,-3.966042244e-11,-4.537961591e-11,0.003727678276
10.1624562,29.5,refl,1,0,0.4775463521,-6.019434007e-17,8.594495518e-17,0.04894710341,-0.001109281949,0.002397049438
10.1624562,29.5,refl,-1,-1,0.2717313924,-0.1251152876,-0.03252409662,-0.05398005604,0.02339322701,0.02017274156
10.1624562,29.5,refl,-1,1,0.2717313924,-0.1251152876,-0.03252409662,0.05398005604,-0.02339322701,0.02017274156
10.1624562,29.5,refl,1,-1,0.2717313924,0.1251152874,0.03252409675,-0.05398005604,0.02339322699,0.02017274152
10.1624562,29.5,refl,1,1,0.2717313924,0.1251152874,0.03252409675,0.05398005604,-0.02339322699,0.02017274152
10.07705741,29.75,trans,0,0,0.623513894,2.562323071e-16,-2.359107207e-16,0.5187606693,-0.3578777964,0.3971891491
10.07705741,29.75,trans,-1,0,0.4843108581,-1.824711963e-16,-1.141550473e-16,-0.04446173728,-0.002221493797,0.001981781117
10.07705741,29.75,trans,0,-1,0.4843108581,-0.00642710669,-0.06259920381,-4.438015295e-11,-5.148328376e-11,0.003959968018
10.07705741,29.75,trans,0,1,0.4843108581,-0.00642710669,-0.06259920381,4.43802939e-11,5.148355871e-11,0.003959968018
10.07705741,29.75,trans,1,0,0.4843108581,-5.347932147e-17,3.36282008e-17,-0.04446173734,-0.002221493899,0.001981781123
10.07705741,29.75,trans,-1,-1,0.2834509455,-0.1236116447,-0.03560149014,0.0517664563,-0.02355588685,0.0197819506
10.07705741,29.75,trans,-1,1,0.2834509455,-0.1236116447,-0.03560149014,-0.0517664563,0.02355588685,0.0197819506
10.07705741,29.75,trans,1,-1,0.2834509455,0.1236116445,0.03560149028,0.0517664563,-0.02355588683,0.01978195056
10.07705741,29.75,trans,1,1,0.2834509455,0.1236116445,0.03560149028,-0.0517664563,0.02355588683,0.01978195056
10.07705741,29.75,refl,0,0,0.623513894,3.03055445e-18,-3.353521211e-16,-0.4740406232,-0.3282289768,0.3324487737
10.07705741,29.75,refl,-1,0,0.4843108581,-2.32579907e-16,5.774003264e-17,0.04741366593,0.001626851105,0.002250702361
10.07705741,29.75,refl,0,-1,0.4843108581,-0.004089056537,-0.06037770254,4.160196993e-11,5.16074541e-11,0.003662187347
10.07705741,29.75,refl,0,1,0.4843108581,-0.004089056537,-0.06037770254,-4.160255308e-11,-5.16082584e-11,0.003662187347
10.07705741,29.75,refl,1,0,0.4843108581,-7.721339152e-17,1.797299054e-16,0.047413666,0.001626851215,0.002250702368
10.07705741,29.75,refl,-1,-1,0.2834509455,-0.1204260048,-0.03756329378,-0.05452804245,0.02006088413,0.01928917015
10.07705741,29.75,refl,-1,1,0.2834509455,-0.1204260048,-0.03756329378,0.05452804245,-0.02006088413,0.01928917015
10.07705741,29.75,refl,1,-1,0.2834509455,0.1204260045,0.03756329392,-0.05452804245,0.02006088411,0.01928917011
10.07705741,29.75,refl,1,1,0.2834509455,0.1204260045,0.03756329392,0.05452804245,-0.02006088411,0.01928917011
9.993081933,30,trans,0,0,0.6287535066,3.876765834e-16,-3.060938433e-16,0.536641221,-0.3644832655,0.4208318509
9.993081933,30,trans,-1,0,0.4910380874,-1.662288151e-16,-2.982258738e-17,-0.04243478012,-0.004675342148,0.001822569388
9.993081933,30,trans,0,-1,0.4910380874,-0.002723956364,-0.06233196208,-4.760773514e-11,-5.788144057e-11,0.003892693435
9.993081933,30,trans,0,1,0.4910380874,-0.002723956364,-0.06233196208,4.760779609e-11,5.788171103e-11,0.003892693435
9.993081933,30,trans,1,0,0.4910380874,-1.197663989e-16,5.775811515e-17,-0.04243478018,-0.004675342262,0.001822569394
9.993081933,30,trans,-1,-1,0.2947979554,-0.1190746644,-0.0404493037,0.05196380957,-0.02064465952,0.01894136135
9.993081933,30,trans,-1,1,0.2947979554,-0.1190746644,-0.0404493037,-0.05196380957,0.02064465952,0.01894136135
9.993081933,30,trans,1,-1,0.2947979554,0.1190746642,0.04044930384,0.05196380957,-0.0206446595,0.01894136131
9.993081933,30,trans,1,1,0.2947979554,0.1190746642,0.04044930384,-0.05196380957,0.0206446595,0.01894136131
9.993081933,30,refl,0,0,0.6287535066,1.27476513e-16,-4.55580176e-16,-0.45600534,-0.3345412803,0.3198587384
9.993081933,30,refl,-1,0,0.4910380874,-2.211154006e-16,9.977518259e-17,0.04578315331,0.004134364813,0.0021131901
9.993081933,30,refl,0,-1,0.4910380874,-0.0002110440266,-0.06006731578,4.430477225e-11,5.809360142e-11,0.003608126964
9.993081933,30,refl,0,1,0.4910380874,-0.0002110440266,-0.06006731578,-4.430527393e-11,-5.809441198e-11,0.003608126964
9.993081933,30,refl,1,0,0.4910380874,-1.572410034e-16,1.696487536e-16,0.04578315339,0.004134364935,0.002113190108
9.993081933,30,refl,-1,-1,0.2947979554,-0.1158106888,-0.04231163859,-0.0548286271,0.0167519932,0.01848919802
9.993081933,30,refl,-1,1,0.2947979554,-0.1158106888,-0.04231163859,0.0548286271,-0.0167519932,0.01848919802
9.993081933,30,refl,1,-1,0.2947979554,0.1158106886,0.04231163874,-0.0548286271,0.01675199317,0.01848919798
9.993081933,30,refl,1,1,0.2947979554,0.1158106886,0.04231163874,0.0548286271,-0.01675199317,0.01848919798
9.910494479,30.25,trans,0,0,0.6339931191,3.484559522e-16,-1.678043903e-16,0.5546451663,-0.3681753028,0.4431843141
9.910494479,30.25,trans,-1,0,0.4977295514,-1.023415763e-16,-1.428892984e-17,-0.04043969625,-0.006549596391,0.001678266245
9.910494479,30.25,trans,0,-1,0.4977295514,0.0006483508656,-0.06151387544,-4.581952607e-11,-6.661176537e-11,0.00378437723
9.910494479,30.25,trans,0,1,0.4977295514,0.0006483508656,-0.06151387544,4.58194424e-11,6.661174397e-11,0.00378437723
9.910494479,30.25,trans,1,0,0.4977295514,-8.566446469e-17,9.422624126e-17,-0.0404396963,-0.006549596523,0.001678266252
9.910494479,30.25,trans,-1,-1,0.3058138937,-0.1141459411,-0.04429782372,0.05188543446,-0.01818847266,0.0180145119
9.910494479,30.25,trans,-1,1,0.3058138937,-0.1141459411,-0.04429782372,-0.05188543446,0.01818847266,0.0180145119
9.910494479,30.25,trans,1,-1,0.3058138937,0.1141459409,0.04429782386,0.05188543446,-0.01818847263,0.01801451186
9.910494479,30.25,trans,1,1,0.3058138937,0.1141459409,0.04429782386,-0.05188543446,0.01818847263,0.01801451186
9.910494479,30.25,refl,0,0,0.6339931191,1.056734993e-16,-3.440656311e-16,-0.4380525022,-0.3380891793,0.3061942879
9.910494479,30.25,refl,-1,0,0.4977295514,-1.592021587e-16,7.477895077e-17,0.04407699246,0.006129866048,0.001980356523
9.910494479,30.25,refl,0,-1,0.4977295514,0.003152210649,-0.05925418851,4.227074564e-11,6.691315381e-11,0.003520995288
9.910494479,30.25,refl,0,1,0.4977295514,0.003152210649,-0.05925418851,-4.227108924e-11,-6.691370927e-11,0.003520995288
9.910494479,30.25,refl,1,0,0.4977295514,-1.316610146e-16,1.797786286e-16,0.04407699253,0.006129866187,0.00198035653
9.910494479,30.25,refl,-1,-1,0.3058138937,-0.1109085507,-0.04602869162,-0.05469340238,0.01382699497,0.01760190113
9.910494479,30.25,refl,-1,1,0.3058138937,-0.1109085507,-0.04602869162,0.05469340238,-0.01382699497,0.01760190113
9.910494479,30.25,refl,1,-1,0.3058138937,0.1109085505,0.04602869176,-0.05469340238,0.01382699494,0.01760190109
9.910494479,30.25,refl,1,1,0.3058138937,0.1109085505,0.04602869176,0.05469340238,-0.01382699494,0.01760190109
9.829260918,30.5,trans,0,0,0.6392327317,3.490162309e-16,-2.638466557e-16,0.5727254249,-0.3712216864,0.4658199528
9.829260918,30.5,trans,-1,0,0.5043866736,-6.848882732e-17,-6.367859056e-17,-0.03843368367,-0.008220205785,0.001544719824
9.829260918,30.5,trans,0,-1,0.5043866736,0.003980925381,-0.06056671032,-4.43812806e-11,-7.676190375e-11,0.003684174166
9.829260918,30.5,trans,0,1,0.5043866736,0.003980925381,-0.06056671032,4.438118932e-11,7.676179311e-11,0.003684174166
9.829260918,30.5,trans,1,0,0.5043866736,-6.822490121e-17,7.445007521e-17,-0.03843368372,-0.008220205935,0.00154471983
9.829260918,30.5,trans,-1,-1,0.316533328,-0.1093535806,-0.04788768578,0.05165050455,-0.01575285879,0.01716736322
9.829260918,30.5,trans,-1,1,0.316533328,-0.1093535806,-0.04788768578,-0.05165050455,0.01575285879,0.01716736322
9.829260918,30.5,trans,1,-1,0.316533328,0.1093535803,0.04788768592,0.05165050455,-0.01575285876,0.01716736317
9.829260918,30.5,trans,1,1,0.316533328,0.1093535803,0.04788768592,-0.05165050455,0.01575285876,0.01716736317
9.829260918,30.5,refl,0,0,0.6392327317,8.602375838e-17,-4.547352707e-16,-0.4200388819,-0.3410001754,0.2927137819
9.829260918,30.5,refl,-1,0,0.5043866736,-1.252622676e-16,-7.992012726e-18,0.04235150818,0.007920359425,0.001856382338
9.829260918,30.5,refl,0,-1,0.5043866736,0.006465590766,-0.05831146839,4.061212406e-11,7.716481302e-11,0.00344203121
9.829260918,30.5,refl,0,1,0.5043866736,0.006465590766,-0.05831146839,-4.06124614e-11,-7.716532568e-11,0.00344203121
9.829260918,30.5,refl,1,0,0.5043866736,-1.223444177e-16,1.405617347e-16,0.04235150824,0.007920359583,0.001856382346
9.829260918,30.5,refl,-1,-1,0.316533328,-0.1061493468,-0.04951003404,-0.05439791378,0.01095903621,0.0167981608
9.829260918,30.5,refl,-1,1,0.316533328,-0.1061493468,-0.04951003404,0.05439791378,-0.01095903621,0.0167981608
9.829260918,30.5,refl,1,-1,0.316533328,0.1061493465,0.04951003417,-0.05439791378,0.01095903619,0.01679816075
9.829260918,30.5,refl,1,1,0.316533328,0.1061493465,0.04951003417,0.05439791378,-0.01095903619,0.01679816075
9.749348228,30.75,trans,0,0,0.6444723443,2.951822901e-16,-2.505573326e-16,0.5908005971,-0.3736366947,0.4886497251
9.749348228,30.75,trans,-1,0,0.5110107961,6.127232539e-17,-2.607275589e-17,-0.03642655056,-0.009693727466,0.001420861938
9.749348228,30.75,trans,0,-1,0.5110107961,0.007253108222,-0.0594976159,-4.331884437e-11,-8.852278505e-11,0.003592573876
9.749348228,30.75,trans,0,1,0.5110107961,0.007253108222,-0.0594976159,4.331858356e-11,8.852277242e-11,0.003592573876
9.749348228,30.75,trans,1,0,0.5110107961,-5.353054262e-18,1.139907363e-16,-0.0364265506,-0.009693727638,0.001420861944
9.749348228,30.75,trans,-1,-1,0.3269854201,-0.1046917474,-0.05123352567,0.05127947837,-0.01334659636,0.01639295267
9.749348228,30.75,trans,-1,1,0.3269854201,-0.1046917474,-0.05123352567,-0.05127947837,0.01334659636,0.01639295267
9.749348228,30.75,trans,1,-1,0.3269854201,0.1046917472,0.0512335258,0.05127947837,-0.01334659634,0.01639295262
9.749348228,30.75,trans,1,1,0.3269854201,0.1046917472,0.0512335258,-0.05127947837,0.01334659634,0.01639295262
9.749348228,30.75,refl,0,0,0.6444723443,5.572019333e-17,-4.039117981e-16,-0.402044577,-0.3432892596,0.2794873577
9.749348228,30.75,refl,-1,0,0.5110107961,5.194765023e-18,-1.786150162e-18,0.04061624175,0.009513294997,0.001740181875
9.749348228,30.75,refl,0,-1,0.5110107961,0.00970871318,-0.0572478948,3.935394499e-11,8.903998879e-11,0.003371580571
9.749348228,30.75,refl,0,1,0.5110107961,0.00970871318,-0.0572478948,-3.935409789e-11,-8.904063108e-11,0.003371580571
9.749348228,30.75,refl,1,0,0.5110107961,-6.604978242e-17,1.619505769e-16,0.04061624181,0.009513295177,0.001740181884
9.749348228,30.75,refl,-1,-1,0.3269854201,-0.1015257538,-0.05276777314,-0.05396349479,0.008152008723,0.01607043058
9.749348228,30.75,refl,-1,1,0.3269854201,-0.1015257538,-0.05276777314,0.05396349479,-0.008152008723,0.01607043058
9.749348228,30.75,refl,1,-1,0.3269854201,0.1015257535,0.05276777327,-0.05396349479,0.008152008694,0.01607043054
9.749348228,30.75,refl,1,1,0.3269854201,0.1015257535,0.05276777327,0.05396349479,-0.008152008694,0.01607043054
9.670724452,31,trans,0,0,0.6497119568,4.005789741e-16,-3.082647127e-16,0.6088019699,-0.3754381502,0.5115936432
9.670724452,31,trans,-1,0,0.5176031859,1.581337284e-16,-1.451648557e-17,-0.03442861033,-0.01097628178,0.001305807971
9.670724452,31,trans,0,-1,0.5176031859,0.01044741529,-0.05831542898,-4.263895294e-11,-1.021506244e-10,0.003509837743
9.670724452,31,trans,0,1,0.5176031859,0.01044741529,-0.05831542898,4.263853279e-11,1.02150408e-10,0.003509837743
9.670724452,31,trans,1,0,0.5176031859,7.168634849e-17,1.655716284e-16,-0.03442861037,-0.01097628198,0.001305807978
9.670724452,31,trans,-1,-1,0.3371950315,-0.1001565721,-0.05434736454,0.05079051529,-0.01097748718,0.01568515664
9.670724452,31,trans,-1,1,0.3371950315,-0.1001565721,-0.05434736454,-0.05079051529,0.01097748718,0.01568515664
9.670724452,31,trans,1,-1,0.3371950315,0.1001565718,0.05434736467,0.05079051529,-0.01097748716,0.01568515659
9.670724452,31,trans,1,1,0.3371950315,0.1001565718,0.05434736467,-0.05079051529,0.01097748716,0.01568515659
9.670724452,31,refl,0,0,0.6497119568,1.568944018e-16,-5.454938591e-16,-0.3841370496,-0.3449748514,0.266568921
9.670724452,31,refl,-1,0,0.5176031859,1.071269492e-16,-2.961122925e-17,0.03888118324,0.01091543303,0.001630893089
9.670724452,31,refl,0,-1,0.5176031859,0.01286457289,-0.05607358993,3.850224175e-11,1.027960457e-10,0.003309744723
9.670724452,31,refl,0,1,0.5176031859,0.01286457289,-0.05607358993,-3.850223565e-11,-1.027964979e-10,0.003309744723
9.670724452,31,refl,1,0,0.5176031859,8.531734875e-18,1.877890994e-16,0.0388811833,0.01091543324,0.001630893098
9.670724452,31,refl,-1,-1,0.3371950315,-0.0970327812,-0.05581177057,-0.05340889676,0.005409744245,0.01541208995
9.670724452,31,refl,-1,1,0.3371950315,-0.0970327812,-0.05581177057,0.05340889676,-0.005409744245,0.01541208995
9.670724452,31,refl,1,-1,0.3371950315,0.0970327809,0.05581177071,-0.05340889676,0.005409744215,0.0154120899
9.670724452,31,refl,1,1,0.3371950315,0.0970327809,0.05581177071,0.05340889676,-0.005409744215,0.0154120899
9.593358656,31.25,trans,0,0,0.6549515694,2.371731827e-16,-1.040539949e-16,0.6262677778,-0.374837944,0.5327148139
9.593358656,31.25,trans,-1,0,0.5241650403,5.926049272e-17,1.253200626e-17,-0.03259231051,-0.01187678251,0.001203316667
9.593358656,31.25,trans,0,-1,0.5241650403,0.01321385237,-0.05673411536,-3.227592433e-11,-1.134171553e-10,0.00339336574
9.593358656,31.25,trans,0,1,0.5241650403,0.01321385237,-0.05673411536,3.227574488e-11,1.134170471e-10,0.00339336574
9.593358656,31.25,trans,1,0,0.5241650403,7.28101069e-17,1.43780025e-16,-0.03259231053,-0.01187678273,0.001203316674
9.593358656,31.25,trans,-1,-1,0.3471835547,-0.09551362298,-0.05658969891,0.05026862629,-0.00890192122,0.01493142519
9.593358656,31.25,trans,-1,1,0.3471835547,-0.09551362298,-0.05658969891,-0.05026862629,0.00890192122,0.01493142519
9.593358656,31.25,trans,1,-1,0.3471835547,0.09551362266,0.05658969902,0.05026862629,-0.008901921196,0.01493142514
9.593358656,31.25,trans,1,1,0.3471835547,0.09551362266,0.05658969902,-0.05026862629,0.008901921196,0.01493142514
9.593358656,31.25,refl,0,0,0.6549515694,1.682563514e-17,-3.565596242e-16,-0.3669356212,-0.3443935828,0.25324869
9.593358656,31.25,refl,-1,0,0.5241650403,2.733499442e-17,-3.665988882e-17,0.03705816269,0.01195768723,0.001516293706
9.593358656,31.25,refl,0,-1,0.5241650403,0.0153969249,-0.05453457221,2.84221935e-11,1.141673075e-10,0.003211084863
9.593358656,31.25,refl,0,1,0.5241650403,0.0153969249,-0.05453457221,-2.842240404e-11,-1.141678651e-10,0.003211084863
9.593358656,31.25,refl,1,0,0.5241650403,2.096931079e-17,1.404177583e-16,0.03705816272,0.01195768745,0.001516293714
9.593358656,31.25,refl,-1,-1,0.3471835547,-0.09252934364,-0.05806255732,-0.05264073592,0.003107576904,0.01471364411
9.593358656,31.25,refl,-1,1,0.3471835547,-0.09252934364,-0.05806255732,0.05264073592,-0.003107576904,0.01471364411
9.593358656,31.25,refl,1,-1,0.3471835547,0.09252934332,0.05806255744,-0.05264073592,0.003107576872,0.01471364406
9.593358656,31.25,refl,1,1,0.3471835547,0.09252934332,0.05806255744,0.05264073592,-0.003107576872,0.01471364406
9.517220889,31.5,trans,0,0,0.6601911819,-4.070228675e-12,-4.22642036e-13,0.6434775233,-0.3737125942,0.5537244261
9.517220889,31.5,trans,-1,0,0.5306974919,1.583605547e-14,2.071583237e-13,-0.03080790322,-0.01263255202,0.001108708271
9.517220889,31.5,trans,0,-1,0.5306974919,0.01587639492,-0.05508225139,-1.969346648e-11,-1.263881177e-10,0.003286114333
9.517220889,31.5,trans,0,1,0.5306974919,0.01587639492,-0.05508225139,1.950340917e-11,1.264412033e-10,0.003286114333
9.517220889,31.5,trans,1,0,0.5306974919,1.592291882e-14,2.072363822e-13,-0.03080790321,-0.01263255226,0.001108708277
9.517220889,31.5,trans,-1,-1,0.3569695493,-0.09104450031,-0.05866186222,0.0496750594,-0.006866494232,0.01424507539
9.517220889,31.5,trans,-1,1,0.3569695493,-0.09104450031,-0.05866186222,-0.0496750594,0.006866494231,0.01424507539
9.517220889,31.5,trans,1,-1,0.3569695493,0.09104449997,0.05866186231,0.0496750594,-0.006866494206,0.01424507533
9.517220889,31.5,trans,1,1,0.3569695493,0.09104449997,0.05866186232,-0.0496750594,0.006866494207,0.01424507533
9.517220889,31.5,refl,0,0,0.6601911819,-4.015952582e-12,-3.998023535e-13,-0.3499866577,-0.3433025086,0.240347273
9.517220889,31.5,refl,-1,0,0.5306974919,-2.492445725e-14,2.870686058e-13,0.03528578527,0.0128486716,0.001410175004
9.517220889,31.5,refl,0,-1,0.5306974919,0.01782090163,-0.05292286385,1.609474806e-11,1.272294914e-10,0.003118414053
9.517220889,31.5,refl,0,1,0.5306974919,0.01782090163,-0.05292286385,-1.594657717e-11,-1.273498628e-10,0.003118414053
9.517220889,31.5,refl,1,0,0.5306974919,-2.486295287e-14,2.871997384e-13,0.03528578527,0.01284867184,0.001410175011
9.517220889,31.5,refl,-1,-1,0.3569695493,-0.08819470834,-0.06015802606,-0.05181231237,0.000863575142,0.01408255615
9.517220889,31.5,refl,-1,1,0.3569695493,-0.08819470834,-0.06015802606,0.05181231237,-0.000863575141,0.01408255615
9.517220889,31.5,refl,1,-1,0.3569695493,0.088194708,0.06015802616,-0.05181231237,0.0008635751077,0.01408255611
9.517220889,31.5,refl,1,1,0.3569695493,0.088194708,0.06015802616,0.05181231237,-0.0008635751087,0.01408255611
9.442282142,31.75,trans,0,0,0.6654307945,-2.514887158e-12,-4.256064544e-13,0.6603965357,-0.372095743,0.5745788263
9.442282142,31.75,trans,-1,0,0.5372016134,1.01365193e-14,1.335596031e-13,-0.02908129839,-0.01325113182,0.00102131441
9.442282142,31.75,trans,0,-1,0.5372016134,0.01842844147,-0.05337204205,-3.977753854e-12,-1.410287952e-10,0.003188182328
9.442282142,31.75,trans,0,1,0.5372016134,0.01842844147,-0.05337204205,3.860060643e-12,1.410518269e-10,0.003188182328
9.442282142,31.75,trans,1,0,0.5372016134,1.025835658e-14,1.3359111e-13,-0.02908129834,-0.01325113208,0.001021314414
9.442282142,31.75,trans,-1,-1,0.3665692359,-0.08674334712,-0.0605733579,0.0490223798,-0.004872952153,0.01362047934
9.442282142,31.75,trans,-1,1,0.3665692359,-0.08674334712,-0.0605733579,-0.0490223798,0.004872952152,0.01362047934
9.442282142,31.75,trans,1,-1,0.3665692359,0.08674334676,0.06057335797,0.0490223798,-0.004872952127,0.01362047929
9.442282142,31.75,trans,1,1,0.3665692359,0.08674334676,0.06057335797,-0.0490223798,0.004872952127,0.01362047929
9.442282142,31.75,refl,0,0,0.6654307945,-2.47905658e-12,-4.085415458e-13,-0.3333241834,-0.3417341841,0.2278872639
9.442282142,31.75,refl,-1,0,0.5372016134,-2.053158833e-14,1.864584013e-13,0.03356984784,0.01359667888,0.001311804361
9.442282142,31.75,refl,0,-1,0.5372016134,0.02013006151,-0.05125167044,6.486244283e-13,1.420278124e-10,0.003031953099
9.442282142,31.75,refl,0,1,0.5372016134,0.02013006151,-0.05125167044,-5.576457834e-13,-1.420928621e-10,0.003031953099
9.442282142,31.75,refl,1,0,0.5372016134,-2.044081233e-14,1.865508185e-13,0.03356984781,0.01359667915,0.001311804366
9.442282142,31.75,refl,-1,-1,0.3665692359,-0.08402287747,-0.06210606125,-0.05093551133,-0.001322335399,0.01351318167
9.442282142,31.75,refl,-1,1,0.3665692359,-0.08402287747,-0.06210606125,0.05093551133,0.0013223354,0.01351318167
9.442282142,31.75,refl,1,-1,0.3665692359,0.08402287711,0.06210606132,-0.05093551133,-0.001322335435,0.01351318162
9.442282142,31.75,refl,1,1,0.3665692359,0.08402287711,0.06210606132,0.05093551133,0.001322335434,0.01351318162
9.368514313,32,trans,0,0,0.670670407,-1.533313172e-12,-3.630123331e-13,0.6769970881,-0.3700197359,0.5952396622
9.368514313,32,trans,-1,0,0.5436784216,6.367352735e-15,8.492447373e-14,-0.02741831545,-0.01374017643,0.0009405564706
9.368514313,32,trans,0,-1,0.5436784216,0.0208655789,-0.05161563898,1.559463813e-11,-1.569584161e-10,0.00309954657
9.368514313,32,trans,0,1,0.5436784216,0.0208655789,-0.05161563898,-1.566607384e-11,1.569666224e-10,0.00309954657
9.368514313,32,trans,1,0,0.5436784216,6.562162541e-15,8.495983888e-14,-0.02741831536,-0.01374017673,0.0009405564737
9.368514313,32,trans,-1,-1,0.3759968847,-0.08260554997,-0.06233301625,0.0483221183,-0.002922513883,0.01305265
9.368514313,32,trans,-1,1,0.3759968847,-0.08260554997,-0.06233301625,-0.04832211829,0.002922513883,0.01305265
9.368514313,32,trans,1,-1,0.3759968847,0.08260554958,0.06233301629,0.04832211829,-0.002922513858,0.01305264994
9.368514313,32,trans,1,1,0.3759968847,0.08260554958,0.06233301629,-0.04832211829,0.002922513858,0.01305264994
9.368514313,32,refl,0,0,0.670670407,-1.509815567e-12,-3.505827594e-13,-0.3169753823,-0.3397199389,0.2158830299
9.368514313,32,refl,-1,0,0.5436784216,-1.615215623e-14,1.198164275e-13,0.03191603654,0.01420997688,0.001220556831
9.368514313,32,refl,0,-1,0.5436784216,0.0223202562,-0.04953397746,-1.867919274e-11,1.581305882e-10,0.00295180876
9.368514313,32,refl,0,1,0.5436784216,0.0223202562,-0.04953397746,1.873345898e-11,-1.581648951e-10,0.00295180876
9.368514313,32,refl,1,0,0.5436784216,-1.599603504e-14,1.199162097e-13,0.03191603647,0.01420997718,0.001220556835
9.368514313,32,refl,-1,-1,0.3759968847,-0.08000917294,-0.06391408817,-0.05002128297,-0.003450466962,0.01300051289
9.368514313,32,refl,-1,1,0.3759968847,-0.08000917294,-0.06391408817,0.05002128297,0.003450466962,0.01300051289
9.368514313,32,refl,1,-1,0.3759968847,0.08000917255,0.06391408822,-0.05002128297,-0.003450466999,0.01300051284
9.368514313,32,refl,1,1,0.3759968847,0.08000917255,0.06391408822,0.05002128297,0.003450466998,0.01300051284
9.295890171,32.25,trans,0,0,0.6759100196,-9.17758581e-13,-2.713981108e-13,0.6928001847,-0.3660901138,0.6139940673
9.295890171,32.25,trans,-1,0,0.5501288811,4.01990754e-15,5.380397045e-14,-0.02593710772,-0.01402772566,0.0008695106441
9.295890171,32.25,trans,0,-1,0.5501288811,0.02284654759,-0.04963611809,4.070478905e-11,-1.576843688e-10,0.002985708956
9.295890171,32.25,trans,0,1,0.5501288811,0.02284654759,-0.04963611809,-4.074648656e-11,1.576865173e-10,0.002985708956
9.295890171,32.25,trans,1,0,0.5501288811,4.135759634e-15,5.378525964e-14,-0.02593710758,-0.01402772596,0.0008695106449
9.295890171,32.25,trans,-1,-1,0.3852651256,-0.07855805215,-0.06336934522,0.04765071899,-0.00108542099,0.01245881063
9.295890171,32.25,trans,-1,1,0.3852651256,-0.07855805215,-0.06336934522,-0.04765071899,0.00108542099,0.01245881063
9.295890171,32.25,trans,1,-1,0.3852651256,0.07855805176,0.06336934523,0.04765071898,-0.001085420964,0.01245881057
9.295890171,32.25,trans,1,1,0.3852651256,0.07855805176,0.06336934523,-0.04765071898,0.001085420965,0.01245881057
9.295890171,32.25,refl,0,0,0.6759100196,-9.033894132e-13,-2.629244545e-13,-0.3015073615,-0.3358470001,0.2036998965
9.295890171,32.25,refl,-1,0,0.5501288811,-1.159163987e-14,7.650293184e-14,0.03017120808,0.01457883679,0.001122844279
9.295890171,32.25,refl,0,-1,0.5501288811,0.02393671584,-0.04758721577,-4.313387325e-11,1.589259032e-10,0.00283750947
9.295890171,32.25,refl,0,1,0.5501288811,0.02393671584,-0.04758721577,4.316529961e-11,-1.589435051e-10,0.00283750947
9.295890171,32.25,refl,1,0,0.5501288811,-1.151744392e-14,7.65584178e-14,0.03017120796,0.01457883709,0.00112284428
9.295890171,32.25,refl,-1,-1,0.3852651256,-0.07610100613,-0.06513280403,-0.04901438427,-0.005144847702,0.01246252462
9.295890171,32.25,refl,-1,1,0.3852651256,-0.07610100613,-0.06513280403,0.04901438427,0.005144847702,0.01246252462
9.295890171,32.25,refl,1,-1,0.3852651256,0.07610100574,0.06513280404,-0.04901438426,-0.005144847741,0.01246252456
9.295890171,32.25,refl,1,1,0.3852651256,0.07610100574,0.06513280404,0.04901438426,0.00514484774,0.01246252456
9.224383323,32.5,trans,0,0,0.6811496321,-1.845870837e-12,-1.904326616e-12,0.7081948202,-0.3618137022,0.6324490584
9.224383323,32.5,trans,-1,0,0.5565539081,2.143879617e-15,1.494235903e-13,-0.02453298614,-0.01423156336,0.0008044048047
9.224383323,32.5,trans,0,-1,0.5565539081,0.02471567221,-0.04764958544,6.855768837e-11,-1.550106788e-10,0.002881347446
9.224383323,32.5,trans,0,1,0.5565539081,0.02471567221,-0.04764958544,-6.858433976e-11,1.55179411e-10,0.002881347446
9.224383323,32.5,trans,1,0,0.5565539081,2.207634344e-15,1.49448397e-13,-0.02453298594,-0.01423156365,0.0008044048029
9.224383323,32.5,trans,-1,-1,0.3943851973,-0.07468961345,-0.06431900142,0.04695586814,0.0007175748538,0.01192084077
9.224383323,32.5,trans,-1,1,0.3943851973,-0.07468961345,-0.06431900142,-0.04695586814,-0.0007175748547,0.01192084077
9.224383323,32.5,trans,1,-1,0.3943851973,0.07468961306,0.06431900139,0.04695586813,0.0007175748805,0.01192084071
9.224383323,32.5,trans,1,1,0.3943851973,0.07468961306,0.0643190014,-0.04695586813,-0.0007175748796,0.01192084071
9.224383323,32.5,refl,0,0,0.6811496321,-1.812970276e-12,-1.877107514e-12,-0.2864295179,-0.3316411061,0.192027692
9.224383323,32.5,refl,-1,0,0.5565539081,-2.163673531e-14,1.907027556e-13,0.02851228618,0.01485632369,0.001033660817
9.224383323,32.5,refl,0,-1,0.5565539081,0.02544137249,-0.04563149177,-7.039373061e-11,1.562801614e-10,0.002729496476
9.224383323,32.5,refl,0,1,0.5565539081,0.02544137249,-0.04563149177,7.03768334e-11,-1.564988055e-10,0.002729496476
9.224383323,32.5,refl,1,0,0.5565539081,-2.161871546e-14,1.908009407e-13,0.028512286,0.01485632398,0.001033660815
9.224383323,32.5,refl,-1,-1,0.3943851973,-0.07236203398,-0.06626450673,-0.04800681401,-0.006807062044,0.0119782391
9.224383323,32.5,refl,-1,1,0.3943851973,-0.07236203397,-0.06626450673,0.04800681401,0.006807062045,0.0119782391
9.224383323,32.5,refl,1,-1,0.3943851973,0.07236203359,0.06626450672,-0.048006814,-0.006807062085,0.01197823904
9.224383323,32.5,refl,1,1,0.3943851973,0.07236203359,0.06626450672,0.048006814,0.006807062084,0.01197823904
9.153968183,32.75,trans,0,0,0.6863892447,-1.134924941e-12,-1.322393705e-12,0.7231765325,-0.3572211561,0.6505912514
9.153968183,32.75,trans,-1,0,0.5629543733,3.943592611e-15,9.79436715e-14,-0.02320779846,-0.01435893429,0.0007447809034
9.153968183,32.75,trans,0,-1,0.5629543733,0.02647587159,-0.04566621433,9.830149295e-11,-1.483070195e-10,0.002786374907
9.153968183,32.75,trans,0,1,0.5629543733,0.02647587159,-0.04566621433,-9.832406054e-11,1.484210685e-10,0.002786374907
9.153968183,32.75,trans,1,0,0.5629543733,3.947160028e-15,9.794157908e-14,-0.0232077982,-0.01435893456,0.0007447808989
9.153968183,32.75,trans,-1,-1,0.40336715,-0.07099386512,-0.06518828511,0.04624528295,0.002488625279,0.01143446085
9.153968183,32.75,trans,-1,1,0.40336715,-0.07099386512,-0.06518828511,-0.04624528295,-0.002488625279,0.01143446085
9.153968183,32.75,trans,1,-1,0.40336715,0.07099386473,0.06518828506,0.04624528294,0.002488625305,0.01143446079
9.153968183,32.75,trans,1,1,0.40336715,0.07099386474,0.06518828506,-0.04624528294,-0.002488625305,0.01143446079
9.153968183,32.75,refl,0,0,0.6863892447,-1.114584956e-12,-1.304543983e-12,-0.2717470066,-0.3271312433,0.1808612859
9.153968183,32.75,refl,-1,0,0.5629543733,-1.339627525e-14,1.250526603e-13,0.02694087704,0.01505034005,0.000952323591
9.153968183,32.75,refl,0,-1,0.5629543733,0.02683716807,-0.04367765414,-9.955987684e-11,1.496010222e-10,0.002627971061
9.153968183,32.75,refl,0,1,0.5629543733,0.02683716807,-0.04367765414,9.955330895e-11,-1.49746593e-10,0.002627971061
9.153968183,32.75,refl,1,0,0.5629543733,-1.344162885e-14,1.251264761e-13,0.0269408768,0.01505034032,0.0009523235863
9.153968183,32.75,refl,-1,-1,0.40336715,-0.0687863465,-0.06731488792,-0.04700513566,-0.008439388047,0.01154356165
9.153968183,32.75,refl,-1,1,0.40336715,-0.0687863465,-0.06731488792,0.04700513566,0.008439388048,0.01154356165
9.153968183,32.75,refl,1,-1,0.40336715,0.06878634612,0.06731488787,-0.04700513566,-0.008439388089,0.01154356159
9.153968183,32.75,refl,1,1,0.40336715,0.06878634612,0.06731488787,0.04700513566,0.008439388089,0.01154356159
9.084619939,33,trans,0,0,0.6916288572,-6.891730553e-13,-9.086562368e-13,0.7377444876,-0.3523398323,0.6684102864
9.084619939,33,trans,-1,0,0.5693311053,4.481718187e-15,6.393633548e-14,-0.02196319543,-0.0144171257,0.0006902354671
9.084619939,33,trans,0,-1,0.5693311053,0.02813132693,-0.04369538102,1.287505937e-10,-1.369580741e-10,0.002700657878
9.084619939,33,trans,0,1,0.5693311053,0.02813132693,-0.04369538102,-1.287687923e-10,1.370349395e-10,0.002700657878
9.084619939,33,trans,1,0,0.5693311053,4.379618487e-15,6.38982489e-14,-0.02196319511,-0.01441712594,0.0006902354599
9.084619939,33,trans,-1,-1,0.4122200124,-0.06746520722,-0.0659834454,0.04552624822,0.004230376861,0.01099590462
9.084619939,33,trans,-1,1,0.4122200124,-0.06746520722,-0.0659834454,-0.04552624822,-0.004230376861,0.01099590462
9.084619939,33,trans,1,-1,0.4122200124,0.06746520684,0.06598344532,0.04552624822,0.004230376887,0.01099590456
9.084619939,33,trans,1,1,0.4122200124,0.06746520684,0.06598344532,-0.04552624822,-0.004230376887,0.01099590456
9.084619939,33,refl,0,0,0.6916288572,-6.766679372e-13,-8.97133398e-13,-0.2574613801,-0.322343288,0.1701915575
9.084619939,33,refl,-1,0,0.5693311053,-7.939373689e-15,8.165933686e-14,0.02545838101,0.01516875731,0.0008782203618
9.084619939,33,refl,0,-1,0.5693311053,0.02812836138,-0.04173566765,-1.294657597e-10,1.382333471e-10,0.002533070668
9.084619939,33,refl,0,1,0.5693311053,0.02812836138,-0.04173566765,1.294643681e-10,-1.383301125e-10,0.002533070668
9.084619939,33,refl,1,0,0.5693311053,-8.090033899e-15,8.169960545e-14,0.0254583807,0.01516875756,0.0008782203538
9.084619939,33,refl,-1,-1,0.4122200124,-0.0653687812,-0.06828969864,-0.04601561435,-0.01004459518,0.01115489115
9.084619939,33,refl,-1,1,0.4122200124,-0.0653687812,-0.06828969864,0.04601561435,0.01004459518,0.01115489115
9.084619939,33,refl,1,-1,0.4122200124,0.06536878083,0.06828969857,-0.04601561434,-0.01004459523,0.01115489109
9.084619939,33,refl,1,1,0.4122200124,0.06536878083,0.06828969857,0.04601561434,0.01004459523,0.01115489109
9.016314526,33.25,trans,0,0,0.6968684698,-4.112555479e-13,-6.130554365e-13,0.7514661427,-0.3460107872,0.6844248284
9.016314526,33.25,trans,-1,0,0.5756848925,3.336969991e-15,4.165833095e-14,-0.02087919581,-0.01440552942,0.0006434600958
9.016314526,33.25,trans,0,-1,0.5756848925,0.02940405235,-0.04168828868,1.465880115e-10,-1.144106445e-10,0.002602511708
9.016314526,33.25,trans,0,1,0.5756848925,0.02940405235,-0.04168828868,-1.466003404e-10,1.144615748e-10,0.002602511708
9.016314526,33.25,trans,1,0,0.5756848925,3.286689722e-15,4.162440986e-14,-0.02087919545,-0.01440552961,0.0006434600863
9.016314526,33.25,trans,-1,-1,0.4209519292,-0.06409030024,-0.06626352154,0.04476537214,0.005963496693,0.01053792271
9.016314526,33.25,trans,-1,1,0.4209519292,-0.06409030024,-0.06626352154,-0.04476537214,-0.005963496693,0.01053792271
9.016314526,33.25,trans,1,-1,0.4209519292,0.06409029988,0.06626352145,0.04476537214,0.00596349672,0.01053792265
9.016314526,33.25,trans,1,1,0.4209519292,0.06409029988,0.06626352145,-0.04476537214,-0.00596349672,0.01053792265
9.016314526,33.25,refl,0,0,0.6968684698,-4.03482766e-13,-6.060220917e-13,-0.2440129563,-0.3159116115,0.1593424691
9.016314526,33.25,refl,-1,0,0.5756848925,-4.67271295e-15,5.323288493e-14,0.02398129604,0.01513622515,0.0008042078714
9.016314526,33.25,refl,0,-1,0.5756848925,0.02907637342,-0.03973641058,-1.465067009e-10,1.155033118e-10,0.002424417818
9.016314526,33.25,refl,0,1,0.5756848925,0.02907637342,-0.03973641058,1.465074074e-10,-1.155666863e-10,0.002424417818
9.016314526,33.25,refl,1,0,0.5756848925,-4.772670606e-15,5.327319656e-14,0.0239812957,0.01513622534,0.000804207861
9.016314526,33.25,refl,-1,-1,0.4209519292,-0.06206587447,-0.06884791034,-0.04497425939,-0.01127496778,0.01074201644
9.016314526,33.25,refl,-1,1,0.4209519292,-0.06206587447,-0.06884791034,0.04497425939,0.01127496778,0.01074201644
9.016314526,33.25,refl,1,-1,0.4209519292,0.0620658741,0.06884791026,-0.04497425939,-0.01127496783,0.01074201638
9.016314526,33.25,refl,1,1,0.4209519292,0.0620658741,0.06884791026,0.04497425938,0.01127496783,0.01074201638
8.949028597,33.5,trans,0,0,0.7021080824,-2.414338399e-13,-4.098142581e-13,0.764745462,-0.339486165,0.7000864779
8.949028597,33.5,trans,-1,0,0.5820164865,2.545101395e-15,2.695118437e-14,-0.01987038596,-0.01435906959,0.0006010151175
8.949028597,33.5,trans,0,-1,0.5820164865,0.03059512994,-0.03972020684,1.625840468e-10,-8.94905051e-11,0.002513756807
8.949028597,33.5,trans,0,1,0.5820164865,0.03059512994,-0.03972020684,-1.625924407e-10,8.952413029e-11,0.002513756807
8.949028597,33.5,trans,1,0,0.5820164865,2.533765275e-15,2.693208617e-14,-0.01987038557,-0.01435906972,0.0006010151058
8.949028597,33.5,trans,-1,-1,0.4295702757,-0.06087479491,-0.06652241258,0.04400830003,0.007679080907,0.01012667078
8.949028597,33.5,trans,-1,1,0.4295702757,-0.06087479491,-0.06652241258,-0.04400830003,-0.007679080908,0.01012667078
8.949028597,33.5,trans,1,-1,0.4295702757,0.06087479455,0.06652241248,0.04400830002,0.007679080935,0.01012667073
8.949028597,33.5,trans,1,1,0.4295702757,0.06087479455,0.06652241248,-0.04400830002,-0.007679080935,0.01012667073
8.949028597,33.5,refl,0,0,0.7021080824,-2.366503349e-13,-4.056500233e-13,-0.230985951,-0.3092966387,0.1490189203
8.949028597,33.5,refl,-1,0,0.5820164865,-2.576382448e-15,3.44868897e-14,0.02259494402,0.01506393745,0.0007374537068
8.949028597,33.5,refl,0,-1,0.5820164865,0.02994747253,-0.03777592358,-1.617019574e-10,9.03623171e-11,0.002323871513
8.949028597,33.5,refl,0,1,0.5820164865,0.02994747253,-0.03777592358,1.617034894e-10,-9.04037372e-11,0.002323871513
8.949028597,33.5,refl,1,0,0.5820164865,-2.641268696e-15,3.453786167e-14,0.02259494365,0.01506393759,0.000737453694
8.949028597,33.5,refl,-1,-1,0.4295702757,-0.05891482936,-0.06937070919,-0.04396347467,-0.01251146303,0.01037257622
8.949028597,33.5,refl,-1,1,0.4295702757,-0.05891482936,-0.06937070919,0.04396347467,0.01251146303,0.01037257622
8.949028597,33.5,refl,1,-1,0.4295702757,0.058914829,0.0693707091,-0.04396347467,-0.01251146308,0.01037257617
8.949028597,33.5,refl,1,1,0.4295702757,0.058914829,0.0693707091,0.04396347467,0.01251146308,0.01037257617
8.882739496,33.75,trans,0,0,0.7073476949,-1.673629182e-13,-2.67268037e-13,0.7775954213,-0.3327822292,0.7153986514
8.882739496,33.75,trans,-1,0,0.5883266038,8.856015051e-15,1.101022753e-14,-0.01893603283,-0.01428384139,0.0005626014641
8.882739496,33.75,trans,0,-1,0.5883266038,0.03171255243,-0.03779639818,1.768018307e-10,-6.263475832e-11,0.002434253697
8.882739496,33.75,trans,0,1,0.5883266038,0.03171255243,-0.03779639818,-1.768120418e-10,6.265537585e-11,0.002434253697
8.882739496,33.75,trans,1,0,0.5883266038,8.864762527e-15,1.098612304e-14,-0.0189360324,-0.01428384147,0.0005626014502
8.882739496,33.75,trans,-1,-1,0.4380817549,-0.05781267895,-0.06676403461,0.04326018741,0.009382815319,0.009759223204
8.882739496,33.75,trans,-1,1,0.4380817549,-0.05781267895,-0.06676403461,-0.04326018741,-0.00938281532,0.009759223204
8.882739496,33.75,trans,1,-1,0.4380817549,0.05781267859,0.06676403451,0.04326018741,0.009382815348,0.009759223148
8.882739496,33.75,trans,1,1,0.4380817549,0.05781267859,0.06676403451,-0.04326018741,-0.009382815348,0.009759223148
8.882739496,33.75,refl,0,0,0.7073476949,-1.618283398e-13,-2.615651388e-13,-0.218368835,-0.3025134066,0.1391993093
8.882739496,33.75,refl,-1,0,0.5883266038,3.375849405e-15,1.804347718e-14,0.02129816859,0.01495844094,0.0006773669407
8.882739496,33.75,refl,0,-1,0.5883266038,0.03074929062,-0.03585976795,-1.751067976e-10,6.325143389e-11,0.002231441831
8.882739496,33.75,refl,0,1,0.5883266038,0.03074929062,-0.03585976795,1.751126427e-10,-6.327488788e-11,0.002231441831
8.882739496,33.75,refl,1,0,0.5883266038,3.333488293e-15,1.808232408e-14,0.02129816818,0.01495844102,0.0006773669257
8.882739496,33.75,refl,-1,-1,0.4380817549,-0.05591009437,-0.06986226344,-0.04298706488,-0.01375876855,0.01004386597
8.882739496,33.75,refl,-1,1,0.4380817549,-0.05591009437,-0.06986226344,0.04298706488,0.01375876855,0.01004386597
8.882739496,33.75,refl,1,-1,0.4380817549,0.05591009401,0.06986226335,-0.04298706488,-0.0137587686,0.01004386591
8.882739496,33.75,refl,1,1,0.4380817549,0.05591009401,0.06986226335,0.04298706488,0.0137587686,0.01004386591
8.817425235,34,trans,0,0,0.7125873075,-9.731950208e-14,-1.761140971e-13,0.7900307714,-0.3259102942,0.7303661396
8.817425235,34,trans,-1,0,0.5946159281,6.240793421e-15,6.73088904e-15,-0.01807528443,-0.01418612625,0.0005279620851
8.817425235,34,trans,0,-1,0.5946159281,0.03276514437,-0.03592134119,1.895303078e-10,-3.405675402e-11,0.002363897439
8.817425235,34,trans,0,1,0.5946159281,0.03276514437,-0.03592134119,-1.895375172e-10,3.4069997e-11,0.002363897439
8.817425235,34,trans,1,0,0.5946159281,6.244533858e-15,6.733610646e-15,-0.01807528398,-0.01418612626,0.0005279620691
8.817425235,34,trans,-1,-1,0.4464924784,-0.05489846516,-0.06699271488,0.04252616981,0.01108150363,0.009433140165
8.817425235,34,trans,-1,1,0.4464924784,-0.05489846516,-0.06699271488,-0.04252616981,-0.01108150363,0.009433140165
8.817425235,34,trans,1,-1,0.4464924784,0.05489846479,0.06699271477,0.0425261698,0.01108150365,0.00943314011
8.817425235,34,trans,1,1,0.4464924784,0.05489846479,0.06699271477,-0.0425261698,-0.01108150365,0.00943314011
8.817425235,34,refl,0,0,0.7125873075,-9.382705821e-14,-1.72582075e-13,-0.2061482486,-0.2955722097,0.1298600316
8.817425235,34,refl,-1,0,0.5946159281,2.660139343e-15,1.127374032e-14,0.02008970489,0.01482642776,0.0006234192028
8.817425235,34,refl,0,-1,0.5946159281,0.03149030148,-0.03399272206,-1.870025143e-10,3.438351379e-11,0.002147144241
8.817425235,34,refl,0,1,0.5946159281,0.03149030148,-0.03399272206,1.870071429e-10,-3.439837915e-11,0.002147144241
8.817425235,34,refl,1,0,0.5946159281,2.614634514e-15,1.133302277e-14,0.02008970446,0.01482642777,0.0006234191857
8.817425235,34,refl,-1,-1,0.4464924784,-0.05304658545,-0.07032716285,-0.04204898759,-0.01502281248,0.009753652314
8.817425235,34,refl,-1,1,0.4464924784,-0.05304658545,-0.07032716285,0.04204898759,0.01502281248,0.009753652314
8.817425235,34,refl,1,-1,0.4464924784,0.05304658508,0.07032716275,-0.04204898758,-0.01502281253,0.009753652263
8.817425235,34,refl,1,1,0.4464924784,0.05304658508,0.07032716275,0.04204898758,0.01502281253,0.009753652263
