lam_um,f_THz,side,n1,n2,kz_rad_per_um,Re_S_TE,Im_S_TE,Re_S_TM,Im_S_TM,power
29.9792458,10,trans,0,0,0.2095845022,-1.441931078e-14,-1.010437743e-14,0.7453028738,0.383191818,0.7023123431
29.9792458,10,refl,0,0,0.2095845022,-1.483131463e-14,-8.381351631e-15,-0.2568200523,0.3958872608,0.2226832625
29.24804468,10.25,trans,0,0,0.2148241148,-1.32787572e-14,-1.07419145e-14,0.7141579149,0.3973588266,0.6679155646
29.24804468,10.25,refl,0,0,0.2148241148,-1.365228324e-14,-9.234247793e-15,-0.2871261731,0.41123148,0.2515527694
28.55166267,10.5,trans,0,0,0.2200637273,-1.277083782e-14,-1.042012053e-14,0.6902375917,0.4101646508,0.6446629737
28.55166267,10.5,refl,0,0,0.2200637273,-1.307326865e-14,-9.066695307e-15,-0.3100928132,0.4247565309,0.2765756633
27.88767051,10.75,trans,0,0,0.2253033399,-1.221426202e-14,-9.706509748e-15,0.672010532,0.4218525328,0.6295577146
27.88767051,10.75,refl,0,0,0.2253033399,-1.236124949e-14,-8.465104389e-15,-0.3273694717,0.4368395074,0.2979995262
27.25385982,11,trans,0,0,0.2305429524,-1.179965556e-14,-9.411730732e-15,0.6583215312,0.4327733488,0.6206800099
27.25385982,11,refl,0,0,0.2305429524,-1.18461125e-14,-8.243685556e-15,-0.3401783696,0.4479421938,0.3163735322
26.64821849,11.25,trans,0,0,0.235782565,-1.160003234e-14,-1.021448347e-14,0.627494487,0.4390686729,0.5865306307
26.64821849,11.25,refl,0,0,0.235782565,-1.152152679e-14,-9.134084071e-15,-0.3686934157,0.4530396658,0.3411797736
26.06890939,11.5,trans,0,0,0.2410221775,-1.207979576e-14,-1.094472568e-14,0.6027384848,0.4464660834,0.5626256446
26.06890939,11.5,refl,0,0,0.2410221775,-1.189252896e-14,-9.88996723e-15,-0.3913007286,0.4594072311,0.3641712642
25.51425174,11.75,trans,0,0,0.2462617901,-1.210550038e-14,-1.194138617e-14,0.5831567718,0.4551192364,0.5472053398
25.51425174,11.75,refl,0,0,0.2462617901,-1.177868371e-14,-1.094586457e-14,-0.4089676842,0.467157495,0.3854906919
24.98270483,12,trans,0,0,0.2515014026,-1.230942744e-14,-1.243007654e-14,0.5679375908,0.464951303,0.5387328211
24.98270483,12,refl,0,0,0.2515014026,-1.191531191e-14,-1.145069756e-14,-0.422519078,0.4761779426,0.4052678042
24.47285371,12.25,trans,0,0,0.2567410152,-1.058269819e-14,-1.307828995e-14,0.5415557091,0.460306821,0.5051649555
24.47285371,12.25,refl,0,0,0.2567410152,-1.014750215e-14,-1.216948135e-14,-0.4474639473,0.4704025046,0.4215025004
23.98339664,12.5,trans,0,0,0.2619806277,-8.945347552e-15,-1.394313446e-14,0.5183476314,0.4603160499,0.4805751328
23.98339664,12.5,refl,0,0,0.2619806277,-8.529091275e-15,-1.317949436e-14,-0.4694136428,0.4694745271,0.4407554996
23.51313396,12.75,trans,0,0,0.2672202403,-7.93160025e-15,-1.3847108e-14,0.4977029049,0.4642380707,0.4632251678
23.51313396,12.75,refl,0,0,0.2672202403,-7.489919168e-15,-1.312504533e-14,-0.4889221865,0.4725693359,0.4623666817
23.06095831,13,trans,0,0,0.2724598529,-6.304446946e-15,-1.412461451e-14,0.4789566701,0.4715851145,0.451792012
23.06095831,13,refl,0,0,0.2724598529,-5.84317064e-15,-1.348568918e-14,-0.5065988425,0.4791267014,0.4862047832
22.62584589,13.25,trans,0,0,0.2776994654,-3.177183036e-15,-1.395302199e-14,0.4532139465,0.456614217,0.4138994245
22.62584589,13.25,refl,0,0,0.2776994654,-2.813136035e-15,-1.344563912e-14,-0.5333558293,0.4642121831,0.4999613916
22.20684874,13.5,trans,0,0,0.282939078,4.66125261e-16,-1.33689647e-14,0.4244537449,0.4458774354,0.3789676689
22.20684874,13.5,refl,0,0,0.282939078,8.177433749e-16,-1.285520247e-14,-0.5626821275,0.453269922,0.5220647988
21.80308785,13.75,trans,0,0,0.2881786905,2.040464988e-15,-1.097289428e-14,0.3895168247,0.4308145178,0.3373245054
21.80308785,13.75,refl,0,0,0.2881786905,2.526486228e-15,-1.044893375e-14,-0.5972697531,0.437164577,0.5478440253
21.413747,14,trans,0,0,0.2934183031,1.466294169e-15,-1.432762637e-14,0.4007871291,0.3837089106,0.3078628509
21.413747,14,refl,0,0,0.2934183031,1.604267162e-15,-1.35719813e-14,-0.5806929528,0.391974574,0.490848372
21.03806723,14.25,trans,0,0,0.2986579156,6.882919559e-15,-9.041654985e-15,0.3841629995,0.4099864501,0.3156700995
21.03806723,14.25,refl,0,0,0.2986579156,6.870016884e-15,-8.619693403e-15,-0.6023899896,0.421666305,0.5406761724
20.67534193,14.5,trans,0,0,0.3038975282,7.066823392e-15,-4.471854226e-15,0.349015293,0.4025138224,0.2838290519
20.67534193,14.5,refl,0,0,0.3038975282,7.14582933e-15,-4.15098852e-15,-0.6395251268,0.4151535411,0.5813448504
20.32491241,14.75,trans,0,0,0.3091371407,5.570843828e-15,-1.771613993e-15,0.3142479922,0.3921381814,0.2525241539
20.32491241,14.75,refl,0,0,0.3091371407,5.711960802e-15,-1.471780324e-15,-0.6752777409,0.4057759599,0.620654157
19.98616387,15,trans,0,0,0.3143767533,3.998571851e-15,-1.839505776e-16,0.2776064529,0.383483529,0.2241249597
19.98616387,15,refl,0,0,0.3143767533,4.139977251e-15,1.270802086e-16,-0.7124427547,0.3981032366,0.6660608657
19.65852184,15.25,trans,0,0,0.3196163658,1.867144156e-15,3.9865377e-16,0.2501505314,0.3516857505,0.1862581555
19.65852184,15.25,refl,0,0,0.3196163658,2.037293583e-15,6.049583105e-16,-0.7410984999,0.3662953987,0.6833993057
19.3414489,15.5,trans,0,0,0.3248559784,2.797911421e-16,-2.134250284e-16,0.2189719579,0.3194275553,0.1499826814
19.3414489,15.5,refl,0,0,0.3248559784,4.807053062e-16,3.912817254e-17,-0.7730614449,0.3340453822,0.7092103149
19.03444178,15.75,trans,0,0,0.330095591,-3.428770859e-16,-6.743240617e-16,0.1832494853,0.2854725445,0.1150749475
19.03444178,15.75,refl,0,0,0.330095591,-1.033553186e-16,-3.806883756e-16,-0.809216198,0.3000469323,0.7448590167
18.73702863,16,trans,0,0,0.3353352035,-1.440203862e-15,-4.421415522e-16,0.1420887959,0.2483542998,0.08186908416
18.73702863,16,refl,0,0,0.3353352035,-1.190123864e-15,-1.863877296e-16,-0.8504840657,0.2627834503,0.7923782877
18.44876665,16.25,trans,0,0,0.3405748161,-5.804254927e-16,-1.639410865e-15,0.1241404832,0.196320502,0.05395259907
18.44876665,16.25,refl,0,0,0.3405748161,-2.840215935e-16,-1.263360743e-15,-0.86925981,0.2090339384,0.7993078046
18.16923988,16.5,trans,0,0,0.3458144286,-2.696929418e-16,-1.534656058e-15,0.1055083652,0.1356604416,0.02953577053
18.16923988,16.5,refl,0,0,0.3458144286,4.352094278e-17,-1.188251544e-15,-0.8884022814,0.1466196608,0.8107559385
17.89805719,16.75,trans,0,0,0.3510540412,5.596495781e-17,-1.600517419e-15,0.088314587,0.06296308637,0.01176381652
17.89805719,16.75,refl,0,0,0.3510540412,3.692280418e-16,-1.168851991e-15,-0.9057722806,0.07206741669,0.8256171369
17.63485047,17,trans,0,0,0.3562936537,1.017159405e-15,-1.549177331e-15,0.0765631787,-0.02637533156,0.006557578448
17.63485047,17,refl,0,0,0.3562936537,1.363956908e-15,-1.010547663e-15,-0.9172931847,-0.01929492683,0.841799081
17.37927293,17.25,trans,0,0,0.3615332663,-3.200463548e-16,-1.033924584e-15,0.1083940353,-0.1179664983,0.02566536159
17.37927293,17.25,refl,0,0,0.3615332663,-1.327425419e-16,-4.254034473e-16,-0.8855946493,-0.1124465014,0.7969220985
17.1309976,17.5,trans,0,0,0.3667728788,-8.700291326e-16,-1.181102207e-15,0.1697911466,-0.2200306916,0.07724253874
17.1309976,17.5,refl,0,0,0.3667728788,-7.586963598e-16,-7.381657069e-16,-0.8237104911,-0.216322647,0.7252944607
16.88971594,17.75,trans,0,0,0.3720124914,-1.12880891e-15,-1.135222434e-15,0.2811912984,-0.3220359319,0.1827756877
16.88971594,17.75,refl,0,0,0.3720124914,-1.05673765e-15,-6.8359849e-16,-0.7107769144,-0.3202776337,0.6077815847
16.65513656,18,trans,0,0,0.377252104,-1.190823621e-15,-4.874848019e-16,0.468621752,-0.3884751039,0.3705192528
16.65513656,18,refl,0,0,0.377252104,-1.154619579e-15,2.557807926e-17,-0.5200103019,-0.3882336069,0.4211360476
16.426984,18.25,trans,0,0,0.3824917165,-8.795505866e-16,-5.31263268e-16,0.6997138566,-0.290916493,0.574231887
16.426984,18.25,refl,0,0,0.3824917165,-8.549550196e-16,-7.173467956e-17,-0.286962155,-0.282249888,0.1620122776
16.20499773,18.5,trans,0,0,0.3877313291,-9.590282054e-16,8.987506487e-18,0.7868627125,0.0001389454304,0.6191529476
16.20499773,18.5,refl,0,0,0.3877313291,-9.58884666e-16,6.435271881e-16,-0.201378093,0.0199774824,0.04095223614
15.98893109,18.75,trans,0,0,0.3929709416,-7.293753249e-16,2.299340345e-16,0.5520909093,0.05289762978,0.3076025313
15.98893109,18.75,trans,-1,0,0.01461479345,5.336210808e-16,3.791897372e-16,-0.07358435692,-0.06318787275,0.009407364846
15.98893109,18.75,trans,0,-1,0.01461479345,-0.1302596107,-0.07255591197,2.210380463e-12,1.421090168e-12,0.02223192655
15.98893109,18.75,trans,0,1,0.01461479345,-0.1302596107,-0.07255591197,-2.215628808e-12,-1.407415274e-12,0.02223192655
15.98893109,18.75,trans,1,0,0.01461479345,7.75635933e-16,3.820323059e-16,-0.07358435691,-0.0631878727,0.009407364837
15.98893109,18.75,refl,0,0,0.3929709416,-1.551433469e-15,4.813872531e-16,-0.44768319,0.07767484556,0.2064536203
15.98893109,18.75,refl,-1,0,0.01461479345,3.145254863e-16,2.242278551e-16,0.1189351087,0.05415439833,0.01707825894
15.98893109,18.75,refl,0,-1,0.01461479345,-0.1313891918,-0.0672352081,1.997309563e-11,1.128955906e-12,0.02178369294
15.98893109,18.75,refl,0,1,0.01461479345,-0.1313891918,-0.0672352081,-1.997677598e-11,-1.112605712e-12,0.02178369294
15.98893109,18.75,refl,1,0,0.01461479345,2.459017439e-16,1.813547699e-16,0.1189351086,0.05415439837,0.01707825893
15.77855042,19,trans,0,0,0.3982105542,-6.751512153e-16,-1.32693383e-15,0.5583638219,0.05760407366,0.3150883869
15.77855042,19,trans,-1,0,0.06602330411,8.581334705e-16,-7.653427919e-16,-0.1809586259,-0.04065686172,0.0343990047
15.77855042,19,trans,0,-1,0.06602330411,-0.1330857568,-0.1828366093,-1.332965844e-11,-1.886926287e-12,0.05114104435
15.77855042,19,trans,0,1,0.06602330411,-0.1330857568,-0.1828366093,1.332619206e-11,1.889381323e-12,0.05114104435
15.77855042,19,trans,1,0,0.06602330411,4.66858897e-16,-9.315747271e-16,-0.1809586258,-0.04065686167,0.03439900466
15.77855042,19,refl,0,0,0.3982105542,-1.129719841e-15,-1.35484921e-15,-0.4418902664,0.08264665645,0.2020974774
15.77855042,19,refl,-1,0,0.06602330411,2.437326551e-16,-7.564614279e-16,0.1975115256,0.04770557982,0.04128662509
15.77855042,19,refl,0,-1,0.06602330411,-0.1358082272,-0.1753977644,2.496300401e-11,1.594606808e-12,0.04920825033
15.77855042,19,refl,0,1,0.06602330411,-0.1358082272,-0.1753977644,-2.496728644e-11,-1.589004215e-12,0.04920825033
15.77855042,19,refl,1,0,0.06602330411,-5.215895304e-16,-9.370766394e-16,0.1975115255,0.04770557983,0.04128662504
15.57363418,19.25,trans,0,0,0.4034501667,-4.563845351e-16,-1.315055671e-15,0.539453489,0.07249756847,0.2962659643
15.57363418,19.25,trans,-1,0,0.09251739439,5.650382777e-16,-7.809688624e-16,-0.2063756877,-0.02546720496,0.04323950302
15.57363418,19.25,trans,0,-1,0.09251739439,-0.08812942215,-0.2079021264,-2.002228885e-11,-4.415986912e-12,0.05099008923
15.57363418,19.25,trans,0,1,0.09251739439,-0.08812942215,-0.2079021264,2.002043694e-11,4.416119315e-12,0.05099008923
15.57363418,19.25,trans,1,0,0.09251739439,2.688122409e-16,-1.003932127e-15,-0.2063756876,-0.02546720491,0.04323950296
15.57363418,19.25,refl,0,0,0.4034501667,-7.008213653e-16,-1.352974921e-15,-0.4601665563,0.0966484466,0.2210941818
15.57363418,19.25,refl,-1,0,0.09251739439,6.131404427e-17,-6.382669108e-16,0.2118089209,0.03145464669,0.04585241378
15.57363418,19.25,refl,0,-1,0.09251739439,-0.08983225978,-0.2016221733,2.742378303e-11,4.879910386e-12,0.04872133568
15.57363418,19.25,refl,0,1,0.09251739439,-0.08983225978,-0.2016221733,-2.742749795e-11,-4.877701399e-12,0.04872133568
15.57363418,19.25,refl,1,0,0.09251739439,-5.702274396e-16,-8.653951605e-16,0.2118089208,0.03145464669,0.04585241372
15.37397221,19.5,trans,0,0,0.4086897793,-3.239956632e-16,-1.061851766e-15,0.518199141,0.08347888634,0.2754990742
15.37397221,19.5,trans,-1,0,0.1132023274,4.250854751e-16,-8.379413236e-16,-0.2187862948,-0.02034121599,0.04828120785
15.37397221,19.5,trans,0,-1,0.1132023274,-0.05205419477,-0.2176395086,-2.466959963e-11,-7.002826672e-12,0.05007659488
15.37397221,19.5,trans,0,1,0.1132023274,-0.05205419477,-0.2176395086,2.466875617e-11,7.001929444e-12,0.05007659488
15.37397221,19.5,trans,1,0,0.1132023274,1.451662735e-16,-1.243849897e-15,-0.2187862946,-0.02034121594,0.04828120778
15.37397221,19.5,refl,0,0,0.4086897793,-4.422714415e-16,-1.046743891e-15,-0.4808411853,0.1072079241,0.2427017845
15.37397221,19.5,refl,-1,0,0.1132023274,1.013787613e-16,-6.228633603e-16,0.2184105834,0.02410138778,0.04828405985
15.37397221,19.5,refl,0,-1,0.1132023274,-0.05241352217,-0.212461254,2.985972061e-11,8.205504984e-12,0.04788696174
15.37397221,19.5,refl,0,1,0.1132023274,-0.05241352217,-0.212461254,-2.98625685e-11,-8.204827406e-12,0.04788696174
15.37397221,19.5,refl,1,0,0.1132023274,-5.040785709e-16,-9.986822083e-16,0.2184105833,0.02410138777,0.04828405978
15.17936496,19.75,trans,0,0,0.4139293918,-1.93959183e-16,-1.000971353e-15,0.4972882636,0.09056624571,0.2554978619
15.17936496,19.75,trans,-1,0,0.1308624188,2.995263216e-16,-1.121117052e-15,-0.2264175009,-0.02069667782,0.05169323717
15.17936496,19.75,trans,0,-1,0.1308624188,-0.02274282508,-0.2215932996,-2.832745439e-11,-9.605318087e-12,0.04962082652
15.17936496,19.75,trans,0,1,0.1308624188,-0.02274282508,-0.2215932996,2.832728415e-11,9.603307797e-12,0.04962082652
15.17936496,19.75,trans,1,0,0.1308624188,2.439103044e-16,-1.716921103e-15,-0.2264175007,-0.02069667776,0.05169323709
15.17936496,19.75,refl,0,0,0.4139293918,-2.275050362e-16,-8.716871745e-16,-0.5012357053,0.1140586821,0.2642466152
15.17936496,19.75,refl,-1,0,0.1308624188,1.7336099e-16,-7.438573521e-16,0.222696625,0.02218670915,0.05008603685
15.17936496,19.75,refl,0,-1,0.1308624188,-0.02170452198,-0.2172894459,3.231568473e-11,1.145565477e-11,0.04768578957
15.17936496,19.75,refl,0,1,0.1308624188,-0.02170452198,-0.2172894459,-3.231768716e-11,-1.145521866e-11,0.04768578957
15.17936496,19.75,refl,1,0,0.1308624188,-2.231379998e-16,-1.310382205e-15,0.2226966248,0.02218670914,0.05008603677
14.9896229,20,trans,0,0,0.4191690044,-9.096557068e-18,-9.505611841e-16,0.4771711502,0.0944499921,0.2366131076
14.9896229,20,trans,-1,0,0.1465949708,-1.754530274e-16,-1.310762933e-15,-0.2318961516,-0.02436789649,0.0543696195
14.9896229,20,trans,0,-1,0.1465949708,0.001810790669,-0.2233743407,-3.140011092e-11,-1.219717412e-11,0.04989937503
14.9896229,20,trans,0,1,0.1465949708,0.001810790669,-0.2233743407,3.14004567e-11,1.219455015e-11,0.04989937503
14.9896229,20,trans,1,0,0.1465949708,-1.306101941e-17,-1.881145333e-15,-0.2318961514,-0.02436789643,0.05436961942
14.9896229,20,refl,0,0,0.4191690044,3.512779092e-17,-8.212931475e-16,-0.5208938085,0.1177892651,0.2852046707
14.9896229,20,refl,-1,0,0.1465949708,-1.219924823e-16,-8.225881246e-16,0.2262049687,0.02382532906,0.05173633417
14.9896229,20,refl,0,-1,0.1465949708,0.004182361138,-0.2197118063,3.483924596e-11,1.459540846e-11,0.04829076997
14.9896229,20,refl,0,1,0.1465949708,0.004182361138,-0.2197118063,-3.484058582e-11,-1.459514587e-11,0.04829076997
14.9896229,20,refl,1,0,0.1465949708,-3.098022585e-16,-1.361828957e-15,0.2262049685,0.02382532904,0.05173633409
14.80456583,20.25,trans,0,0,0.4244086169,-3.026898673e-16,-3.903763163e-16,0.4543599048,0.09364615838,0.215212526
14.80456583,20.25,trans,-1,0,0.1609661622,-1.440281146e-16,-9.17159711e-16,-0.2320617425,-0.02850372316,0.05466511459
14.80456583,20.25,trans,0,-1,0.1609661622,0.02571245323,-0.2146043701,-3.620964414e-11,-1.700706564e-11,0.0467161659
14.80456583,20.25,trans,0,1,0.1609661622,0.02571245323,-0.2146043701,3.620967011e-11,1.700520072e-11,0.0467161659
14.80456583,20.25,trans,1,0,0.1609661622,-7.335742411e-17,-1.265643459e-15,-0.2320617423,-0.0285037231,0.05466511449
14.80456583,20.25,refl,0,0,0.4244086169,-1.92656735e-16,-3.168576047e-16,-0.543098729,0.1164990041,0.3085282475
14.80456583,20.25,refl,-1,0,0.1609661622,-1.268761989e-16,-5.898339909e-16,0.2262335266,0.02783944201,0.05195664308
14.80456583,20.25,refl,0,-1,0.1609661622,0.02780443752,-0.2117506274,3.872710312e-11,1.906292331e-11,0.04561141493
14.80456583,20.25,refl,0,1,0.1609661622,0.02780443752,-0.2117506274,-3.872804009e-11,-1.90626961e-11,0.04561141493
14.80456583,20.25,refl,1,0,0.1609661622,-3.126926172e-16,-9.583243087e-16,0.2262335264,0.02783944198,0.05195664299
14.62402234,20.5,trans,0,0,0.4296482295,-6.08339747e-16,-2.21593639e-16,0.4336310599,0.08924670634,0.1960008707
14.62402234,20.5,trans,-1,0,0.1743130298,-1.226181364e-16,-8.53947736e-16,-0.2314208817,-0.03422964763,0.05472729325
14.62402234,20.5,trans,0,-1,0.1743130298,0.046514897,-0.2066839864,-4.097366556e-11,-2.175319431e-11,0.04488190586
14.62402234,20.5,trans,0,1,0.1743130298,0.046514897,-0.2066839864,4.097393891e-11,2.175212791e-11,0.04488190586
14.62402234,20.5,trans,1,0,0.1743130298,-1.34907108e-16,-9.705345448e-16,-0.2314208815,-0.03422964758,0.05472729315
14.62402234,20.5,refl,0,0,0.4296482295,-4.736426388e-16,-1.898762879e-16,-0.5632940173,0.1116797602,0.3297725188
14.62402234,20.5,refl,-1,0,0.1743130298,-9.032280963e-17,-6.835542422e-16,0.225631097,0.03382339615,0.05205341407
14.62402234,20.5,refl,0,-1,0.1743130298,0.04830105015,-0.2046789086,4.278433263e-11,2.348880599e-11,0.04422644707
14.62402234,20.5,refl,0,1,0.1743130298,0.04830105015,-0.2046789086,-4.278540644e-11,-2.348872333e-11,0.04422644707
14.62402234,20.5,refl,1,0,0.1743130298,-2.554657667e-16,-8.544795791e-16,0.2256310968,0.03382339611,0.05205341397
14.4478293,20.75,trans,0,0,0.4348878421,-6.627710352e-16,-5.959511301e-16,0.4147392685,0.08220760351,0.1787667509
14.4478293,20.75,trans,-1,0,0.1868552017,1.597642847e-16,-7.445256076e-16,-0.2304375011,-0.04122250229,0.05480073661
14.4478293,20.75,trans,0,-1,0.1868552017,0.06529685379,-0.1998048543,-4.586398751e-11,-2.642683065e-11,0.04418565893
14.4478293,20.75,trans,0,1,0.1868552017,0.06529685379,-0.1998048543,4.586395933e-11,2.642584454e-11,0.04418565893
14.4478293,20.75,trans,1,0,0.1868552017,3.335667049e-17,-7.420893257e-16,-0.2304375009,-0.04122250223,0.05480073651
14.4478293,20.75,refl,0,0,0.4348878421,-5.278107326e-16,-5.494623696e-16,-0.5817170688,0.1042694435,0.349266865
14.4478293,20.75,refl,-1,0,0.1868552017,2.468264826e-16,-7.0721937e-16,0.2248220889,0.0412928688,0.05225007266
14.4478293,20.75,refl,0,-1,0.1868552017,0.0667892359,-0.1986740444,4.709158583e-11,2.788126277e-11,0.04393217797
14.4478293,20.75,refl,0,1,0.1868552017,0.0667892359,-0.1986740444,-4.70922694e-11,-2.788066272e-11,0.04393217797
14.4478293,20.75,refl,1,0,0.1868552017,6.003771387e-17,-7.625455078e-16,0.2248220887,0.04129286875,0.05225007256
14.27583133,21,trans,0,0,0.4401274546,-6.462627623e-16,-4.146376836e-16,0.3974142705,0.07315558094,0.1632898414
14.27583133,21,trans,-1,0,0.1987450818,2.773435791e-16,-3.537781367e-16,-0.2293747869,-0.04925189493,0.055038542
14.27583133,21,trans,0,-1,0.1987450818,0.08281138508,-0.1939713959,-5.105200111e-11,-3.106288702e-11,0.04448262792
14.27583133,21,trans,0,1,0.1987450818,0.08281138508,-0.1939713959,5.105187246e-11,3.106266094e-11,0.04448262792
14.27583133,21,trans,1,0,0.1987450818,5.094274336e-17,-3.671475404e-16,-0.2293747866,-0.04925189487,0.05503854189
14.27583133,21,refl,0,0,0.4401274546,-5.038916201e-16,-3.906812665e-16,-0.5986313555,0.09487961923,0.3673616419
14.27583133,21,refl,-1,0,0.1987450818,4.323591581e-16,-4.522292812e-16,0.2240421552,0.04992834629,0.05268772707
14.27583133,21,refl,0,-1,0.1987450818,0.0840440821,-0.1937221521,5.175800821e-11,3.228707073e-11,0.04459167995
14.27583133,21,refl,0,1,0.1987450818,0.0840440821,-0.1937221521,-5.175853699e-11,-3.228671487e-11,0.04459167995
14.27583133,21,refl,1,0,0.1987450818,2.368265176e-16,-5.196486903e-16,0.224042155,0.04992834623,0.05268772696
14.10788038,21.25,trans,0,0,0.4453670672,-6.995686855e-16,-4.058521202e-16,0.3841080032,0.06059279571,0.151210445
14.10788038,21.25,trans,-1,0,0.2100934453,5.305722217e-16,-6.100516007e-16,-0.2270640837,-0.05562054325,0.05465174296
14.10788038,21.25,trans,0,-1,0.2100934453,0.09679021165,-0.1813533761,-5.669891396e-11,-4.233728545e-11,0.0422573921
14.10788038,21.25,trans,0,1,0.2100934453,0.09679021165,-0.1813533761,5.669937142e-11,4.233715693e-11,0.0422573921
14.10788038,21.25,trans,1,0,0.2100934453,2.554708275e-16,-6.164193268e-16,-0.2270640835,-0.05562054318,0.05465174284
14.10788038,21.25,refl,0,0,0.4453670672,-5.69274766e-16,-3.600252366e-16,-0.6119064751,0.08267624029,0.3812648949
14.10788038,21.25,refl,-1,0,0.2100934453,7.089466844e-16,-7.364294777e-16,0.2216307181,0.05621828584,0.05228067086
14.10788038,21.25,refl,0,-1,0.2100934453,0.09757412141,-0.1808913989,5.725768749e-11,4.36078174e-11,0.04224240737
14.10788038,21.25,refl,0,1,0.2100934453,0.09757412141,-0.1808913989,-5.725871128e-11,-4.360752037e-11,0.04224240737
14.10788038,21.25,refl,1,0,0.2100934453,4.652346639e-16,-7.430315986e-16,0.2216307178,0.05621828577,0.05228067074
13.94383526,21.5,trans,0,0,0.4506066797,-4.137371246e-16,-2.526755894e-16,0.3722211428,0.04735844595,0.1407914016
13.94383526,21.5,trans,-1,0,0.2209837348,3.323098224e-16,-6.235604709e-17,-0.2248703591,-0.06271253696,0.05449954071
13.94383526,21.5,trans,0,-1,0.2209837348,0.1107238238,-0.169320795,-6.241280416e-11,-5.495184446e-11,0.04092929678
13.94383526,21.5,trans,0,1,0.2209837348,0.1107238238,-0.169320795,6.241216479e-11,5.495171613e-11,0.04092929678
13.94383526,21.5,trans,1,0,0.2209837348,3.70168851e-17,-2.523810477e-16,-0.2248703589,-0.06271253687,0.05449954058
13.94383526,21.5,refl,0,0,0.4506066797,-2.921172307e-16,-1.566396328e-16,-0.6237571239,0.06978699784,0.3939431747
13.94383526,21.5,refl,-1,0,0.2209837348,5.300451145e-16,-1.971738632e-16,0.2193513906,0.06323672877,0.05211391642
13.94383526,21.5,refl,0,-1,0.2209837348,0.1110724333,-0.1686768063,6.279167244e-11,5.629115446e-11,0.04078895041
13.94383526,21.5,refl,0,1,0.2209837348,0.1110724333,-0.1686768063,-6.279149953e-11,-5.629083545e-11,0.04078895041
13.94383526,21.5,refl,1,0,0.2209837348,2.833719283e-16,-4.40946333e-16,0.2193513903,0.06323672868,0.05211391629
13.78356129,21.75,trans,0,0,0.4558462923,-2.750962065e-16,-1.48756301e-16,0.3614699693,0.03356012599,0.1317868208
13.78356129,21.75,trans,-1,0,0.2314806113,2.507632815e-16,3.437796743e-17,-0.222867834,-0.07048458023,0.05463814749
13.78356129,21.75,trans,0,-1,0.2314806113,0.1247180023,-0.1576040141,-6.816516189e-11,-6.959258323e-11,0.04039360534
13.78356129,21.75,trans,0,1,0.2314806113,0.1247180023,-0.1576040141,6.816500736e-11,6.95918706e-11,0.04039360534
13.78356129,21.75,trans,1,0,0.2314806113,-2.303844969e-17,-2.308517353e-16,-0.2228678337,-0.07048458013,0.05463814736
13.78356129,21.75,refl,0,0,0.4558462923,-1.690620426e-16,-4.794918056e-17,-0.6344688806,0.05632080008,0.405722793
13.78356129,21.75,refl,-1,0,0.2314806113,4.767269839e-16,-1.160907839e-16,0.2172747852,0.07093466861,0.0522400595
13.78356129,21.75,refl,0,-1,0.2314806113,0.124644959,-0.1568046712,6.832939344e-11,7.101526703e-11,0.04012407073
13.78356129,21.75,refl,0,1,0.2314806113,0.124644959,-0.1568046712,-6.832960327e-11,-7.101435149e-11,0.04012407073
13.78356129,21.75,refl,1,0,0.2314806113,2.387229061e-16,-4.314407957e-16,0.2172747849,0.07093466851,0.05224005937
13.62692991,22,trans,0,0,0.4610859048,5.785136562e-17,-3.714458467e-16,0.3516421068,0.01928674509,0.1240241498
13.62692991,22,trans,-1,0,0.241635351,6.887333137e-16,3.450582603e-16,-0.2211145924,-0.07890635571,0.05511787596
13.62692991,22,trans,0,-1,0.241635351,0.1388298262,-0.1459512228,-7.369134494e-11,-8.735227771e-11,0.04057548008
13.62692991,22,trans,0,1,0.241635351,0.1388298262,-0.1459512228,7.369076314e-11,8.735246536e-11,0.04057548008
13.62692991,22,trans,1,0,0.241635351,3.721864064e-16,4.204949086e-17,-0.2211145922,-0.07890635559,0.05511787582
13.62692991,22,refl,0,0,0.4610859048,1.641930175e-16,-2.806272819e-16,-0.6442557963,0.04236788203,0.4168605685
13.62692991,22,refl,-1,0,0.241635351,9.528912584e-16,1.376982505e-16,0.2154565407,0.07927812091,0.0527065414
13.62692991,22,refl,0,-1,0.241635351,0.1383487114,-0.1450203415,7.360094676e-11,8.88635365e-11,0.04017126537
13.62692991,22,refl,0,1,0.241635351,0.1383487114,-0.1450203415,-7.360063209e-11,-8.886349519e-11,0.04017126537
13.62692991,22,refl,1,0,0.241635351,6.729993348e-16,-2.060978335e-16,0.2154565405,0.0792781208,0.05270654126
13.47381834,22.25,trans,0,0,0.4663255174,3.531292058e-17,1.991501926e-17,0.3446488977,0.002358482742,0.1187884251
13.47381834,22.25,trans,-1,0,0.2514894022,2.921379806e-16,8.479866434e-17,-0.2172825751,-0.0866529934,0.05472045871
13.47381834,22.25,trans,0,-1,0.2514894022,0.1463929614,-0.1296951791,-6.687613148e-11,-1.216422463e-10,0.03825173863
13.47381834,22.25,trans,0,1,0.2514894022,0.1463929614,-0.1296951791,6.6876025e-11,1.216415789e-10,0.03825173863
13.47381834,22.25,trans,1,0,0.2514894022,-4.27909157e-17,1.426363857e-17,-0.2172825748,-0.08665299326,0.05472045857
13.47381834,22.25,refl,0,0,0.4663255174,1.353626105e-16,1.241713693e-16,-0.6512545709,0.02606211862,0.4248117501
13.47381834,22.25,refl,-1,0,0.2514894022,5.513829442e-16,-7.083496209e-17,0.2116879126,0.08694721393,0.05237159036
13.47381834,22.25,refl,0,-1,0.2514894022,0.1454898022,-0.1286315408,6.627304278e-11,1.231614682e-10,0.03771335584
13.47381834,22.25,refl,0,1,0.2514894022,0.1454898022,-0.1286315408,-6.627310335e-11,-1.231605285e-10,0.03771335584
13.47381834,22.25,refl,1,0,0.2514894022,2.512466616e-16,-2.259853578e-16,0.2116879123,0.08694721379,0.05237159021
13.32410924,22.5,trans,0,0,0.4715651299,-1.457945721e-17,-1.293429813e-17,0.3384227121,-0.01465784138,0.1147447844
13.32410924,22.5,trans,-1,0,0.2610768144,2.991987876e-16,8.861456243e-17,-0.2136234253,-0.09516359036,0.05469107679
13.32410924,22.5,trans,0,-1,0.2610768144,0.1537897425,-0.1132895272,-4.825311161e-11,-1.600901801e-10,0.03648580187
13.32410924,22.5,trans,0,1,0.2610768144,0.1537897425,-0.1132895272,4.825307224e-11,1.600895644e-10,0.03648580187
13.32410924,22.5,trans,1,0,0.2610768144,-2.303013673e-17,1.788052096e-16,-0.2136234251,-0.09516359019,0.05469107664
13.32410924,22.5,refl,0,0,0.4715651299,7.808994332e-17,1.231941625e-16,-0.657484587,0.009638607308,0.4323788848
13.32410924,22.5,refl,-1,0,0.2610768144,5.957278805e-16,-1.204739904e-16,0.2080899986,0.09537355667,0.05239756284
13.32410924,22.5,refl,0,-1,0.2610768144,0.1524978711,-0.1121020178,4.709799714e-11,1.615470214e-10,0.03582246309
13.32410924,22.5,refl,0,1,0.2610768144,0.1524978711,-0.1121020178,-4.709802347e-11,-1.615461132e-10,0.03582246309
13.32410924,22.5,refl,1,0,0.2610768144,2.993596125e-16,-7.557165678e-17,0.2080899983,0.0953735565,0.05239756269
13.17769046,22.75,trans,0,0,0.4768047425,-2.247622832e-16,-2.777020888e-16,0.3327725103,-0.03178493915,0.111747826
13.17769046,22.75,trans,-1,0,0.2704259486,2.452263293e-16,-7.379481629e-17,-0.2101301647,-0.1044732444,0.05506934491
13.17769046,22.75,trans,0,-1,0.2704259486,0.1608611888,-0.09657078875,-1.013008241e-11,-1.966075459e-10,0.0352022393
13.17769046,22.75,trans,0,1,0.2704259486,0.1608611888,-0.09657078875,1.013021329e-11,1.966068298e-10,0.0352022393
13.17769046,22.75,trans,1,0,0.2704259486,-5.225319553e-17,7.423000055e-17,-0.2101301644,-0.1044732442,0.05506934476
13.17769046,22.75,refl,0,0,0.4768047425,-1.408601126e-16,-6.991852406e-17,-0.6631391031,-0.006923356902,0.439801403
13.17769046,22.75,refl,-1,0,0.2704259486,5.475550501e-16,-2.902679e-16,0.2046587569,0.1045913918,0.052824566
13.17769046,22.75,refl,0,-1,0.2704259486,0.1592112651,-0.09526811221,8.428547498e-12,1.978777684e-10,0.03442424015
13.17769046,22.75,refl,0,1,0.2704259486,0.1592112651,-0.09526811221,-8.428645852e-12,-1.978767202e-10,0.03442424015
13.17769046,22.75,refl,1,0,0.2704259486,2.740728287e-16,-1.860101856e-16,0.2046587566,0.1045913916,0.05282456585
13.0344547,23,trans,0,0,0.482044355,-3.433974783e-16,6.488172758e-18,0.3275110777,-0.04905435608,0.1096698358
13.0344547,23,trans,-1,0,0.2795607116,9.512853159e-17,-1.235347592e-16,-0.2067835073,-0.1146435327,0.05590255848
13.0344547,23,trans,0,-1,0.2795607116,0.1674023096,-0.07940091706,5.052126374e-11,-2.145301806e-10,0.03432803889
13.0344547,23,trans,0,1,0.2795607116,0.1674023096,-0.07940091706,-5.052065135e-11,2.145292411e-10,0.03432803889
13.0344547,23,trans,1,0,0.2795607116,-2.138662624e-16,1.575650892e-16,-0.2067835071,-0.1146435325,0.05590255833
13.0344547,23,refl,0,0,0.482044355,-2.635077396e-16,1.92830498e-16,-0.6684072823,-0.02365376853,0.4473277958
13.0344547,23,refl,-1,0,0.2795607116,4.139579857e-16,-3.56138004e-16,0.2013774281,0.1146619037,0.0537002207
13.0344547,23,refl,0,-1,0.2795607116,0.1654223896,-0.07799124441,-5.26481406e-11,2.154682086e-10,0.03344720119
13.0344547,23,refl,0,1,0.2795607116,0.1654223896,-0.07799124441,5.264764207e-11,-2.154669002e-10,0.03344720119
13.0344547,23,refl,1,0,0.2795607116,1.243317577e-16,-1.208881229e-16,0.2013774278,0.1146619035,0.05370022055
12.89429927,23.25,trans,0,0,0.4872839676,-1.669594636e-16,-3.640153758e-16,0.3258582278,-0.0686219563,0.1108925575
12.89429927,23.25,trans,-1,0,0.2885014667,2.121792511e-16,-7.426565085e-17,-0.2007433961,-0.1237381125,0.05560903157
12.89429927,23.25,trans,0,-1,0.2885014667,0.1662973851,-0.06208747083,1.193165829e-10,-1.697272045e-10,0.03150967433
12.89429927,23.25,trans,0,1,0.2885014667,0.1662973851,-0.06208747083,-1.193163609e-10,1.697266947e-10,0.03150967433
12.89429927,23.25,trans,1,0,0.2885014667,6.481312929e-17,3.663471104e-16,-0.2007433959,-0.1237381123,0.05560903143
12.89429927,23.25,refl,0,0,0.4872839676,-9.577156341e-17,-1.925964411e-16,-0.6700845552,-0.04247150967,0.4508171403
12.89429927,23.25,refl,-1,0,0.2885014667,5.298072789e-16,-2.819298301e-16,0.1955572175,0.1237227955,0.05354995544
12.89429927,23.25,refl,0,-1,0.2885014667,0.1641429637,-0.06056375657,-1.21630451e-10,1.703368103e-10,0.03061088114
12.89429927,23.25,refl,0,1,0.2885014667,0.1641429637,-0.06056375657,1.216304101e-10,-1.703359103e-10,0.03061088114
12.89429927,23.25,refl,1,0,0.2885014667,4.059195311e-16,1.098618953e-16,0.1955572173,0.1237227953,0.0535499553
12.75712587,23.5,trans,0,0,0.4925235802,-1.62549027e-16,-2.942638265e-16,0.3244845753,-0.08846879896,0.113116968
12.75712587,23.5,trans,-1,0,0.2972657199,9.675080204e-17,-1.334277151e-16,-0.1944382111,-0.1337617749,0.05569843034
12.75712587,23.5,trans,0,-1,0.2972657199,0.1641855425,-0.04479470655,1.457780477e-10,-1.130031897e-10,0.02896345811
12.75712587,23.5,trans,0,1,0.2972657199,0.1641855425,-0.04479470655,-1.457779585e-10,1.13002639e-10,0.02896345811
12.75712587,23.5,trans,1,0,0.2972657199,2.983573332e-17,3.525784482e-16,-0.1944382108,-0.1337617747,0.05569843021
12.75712587,23.5,refl,0,0,0.4925235802,-1.00766018e-16,-6.52174018e-17,-0.6714763142,-0.06161095135,0.4546763498
12.75712587,23.5,refl,-1,0,0.2972657199,4.111485484e-16,-3.484553842e-16,0.1894618436,0.1337095192,0.05377402571
12.75712587,23.5,refl,0,-1,0.2972657199,0.161876417,-0.04314674511,-1.482410111e-10,1.13529323e-10,0.02806561601
12.75712587,23.5,refl,0,1,0.2972657199,0.161876417,-0.04314674511,1.482411607e-10,-1.135283473e-10,0.02806561601
12.75712587,23.5,refl,1,0,0.2972657199,3.687177019e-16,8.911183766e-17,0.1894618433,0.133709519,0.05377402557
12.62284034,23.75,trans,0,0,0.4977631927,-1.804562808e-16,-2.743087244e-16,0.3232987193,-0.1087988973,0.116359262
12.62284034,23.75,trans,-1,0,0.3058686438,-5.359785069e-17,2.288047307e-18,-0.1877232312,-0.1447655089,0.05619706412
12.62284034,23.75,trans,0,-1,0.3058686438,0.1607801526,-0.02764502044,1.438646171e-10,-6.789451526e-11,0.02661450462
12.62284034,23.75,trans,0,1,0.3058686438,0.1607801526,-0.02764502044,-1.4386466e-10,6.78939323e-11,0.02661450462
12.62284034,23.75,trans,1,0,0.3058686438,1.386529266e-17,4.997259729e-16,-0.187723231,-0.1447655088,0.05619706397
12.62284034,23.75,refl,0,0,0.4977631927,-1.206546575e-16,-5.839302123e-17,-0.6726748823,-0.08127398095,0.4590969573
12.62284034,23.75,refl,-1,0,0.3058686438,2.816216311e-16,-1.971556931e-16,0.1829502274,0.1446746428,0.05440153798
12.62284034,23.75,refl,0,-1,0.3058686438,0.1583311926,-0.02586467554,-1.465578043e-10,6.84848033e-11,0.02573774799
12.62284034,23.75,refl,0,1,0.3058686438,0.1583311926,-0.02586467554,1.465581352e-10,-6.848377962e-11,0.02573774799
12.62284034,23.75,refl,1,0,0.3058686438,3.737463622e-16,2.686331949e-16,0.1829502271,0.1446746426,0.05440153783
12.49135242,24,trans,0,0,0.5030028053,-2.080206282e-16,-2.313483593e-16,0.3222385279,-0.1298801495,0.1207065221
12.49135242,24,trans,-1,0,0.3143234852,1.750902808e-17,-5.911957923e-17,-0.1803959834,-0.1568067013,0.05713105243
12.49135242,24,trans,0,-1,0.3143234852,0.1557597965,-0.01085649573,1.298198661e-10,-3.834200604e-11,0.02437897772
12.49135242,24,trans,0,1,0.3143234852,0.1557597965,-0.01085649573,-1.298198474e-10,3.834144136e-11,0.02437897772
12.49135242,24,trans,1,0,0.3143234852,2.303315305e-16,4.724976205e-16,-0.1803959831,-0.1568067012,0.05713105227
12.49135242,24,refl,0,0,0.5030028053,-1.454198626e-16,-1.637353959e-17,-0.673742709,-0.1017264634,0.4642775113
12.49135242,24,refl,-1,0,0.3143234852,3.495153249e-16,-2.523142749e-16,0.1758230371,0.1566771133,0.05546145822
12.49135242,24,refl,0,-1,0.3143234852,0.1531801924,-0.008937545803,-1.328319563e-10,3.904986988e-11,0.02354405107
12.49135242,24,refl,0,1,0.3143234852,0.1531801924,-0.008937545803,1.328322719e-10,-3.904881449e-11,0.02354405107
12.49135242,24,refl,1,0,0.3143234852,5.854215383e-16,2.642685771e-16,0.1758230368,0.1566771132,0.05546145806
12.36257559,24.25,trans,0,0,0.5082424178,-1.752446278e-16,-1.63557697e-16,0.3266240769,-0.152381194,0.1299033159
12.36257559,24.25,trans,-1,0,0.3226418859,-9.132141795e-17,-1.083496365e-16,-0.1701168159,-0.1663178647,0.05660136319
12.36257559,24.25,trans,0,-1,0.3226418859,0.145157165,0.001526193019,1.089651211e-10,-1.942827804e-11,0.02107293182
12.36257559,24.25,trans,0,1,0.3226418859,0.145157165,0.001526193019,-1.089651029e-10,1.94279043e-11,0.02107293182
12.36257559,24.25,trans,1,0,0.3226418859,-2.039119471e-16,6.418196739e-16,-0.1701168156,-0.1663178645,0.05660136302
12.36257559,24.25,refl,0,0,0.5082424178,-1.1227992e-16,1.160700481e-16,-0.6693240639,-0.1235619956,0.4632622693
12.36257559,24.25,refl,-1,0,0.3226418859,2.774681621e-16,-2.814035942e-16,0.165850972,0.1662562854,0.05514769735
12.36257559,24.25,refl,0,-1,0.3226418859,0.1426729259,0.003561156172,-1.124464883e-10,2.028158302e-11,0.02036824562
12.36257559,24.25,refl,0,1,0.3226418859,0.1426729259,0.003561156172,1.124468226e-10,-2.028073985e-11,0.02036824562
12.36257559,24.25,refl,1,0,0.3226418859,1.864829125e-16,4.368103311e-16,0.1658509716,0.1662562853,0.05514769718
12.23642686,24.5,trans,0,0,0.5134820304,-1.965606655e-16,-2.342370326e-16,0.3317579564,-0.1758979928,0.1410034455
12.23642686,24.5,trans,-1,0,0.3308341378,3.806006837e-17,-2.303580294e-16,-0.1586678824,-0.1764305461,0.0563032345
12.23642686,24.5,trans,0,-1,0.3308341378,0.133132544,0.01237349117,9.198614792e-11,-9.413424588e-12,0.01787737757
12.23642686,24.5,trans,0,1,0.3308341378,0.133132544,0.01237349117,-9.198596447e-11,9.413276946e-12,0.01787737757
12.23642686,24.5,trans,1,0,0.3308341378,-3.136340751e-16,6.061894169e-16,-0.158667882,-0.1764305459,0.05630323431
12.23642686,24.5,refl,0,0,0.5134820304,-1.290612842e-16,-8.650179284e-18,-0.6641425305,-0.1464474643,0.4625321606
12.23642686,24.5,refl,-1,0,0.3308341378,3.940669319e-16,-3.53456009e-16,0.1546887298,0.1764384801,0.05505914042
12.23642686,24.5,refl,0,-1,0.3308341378,0.1307276891,0.01453498036,-9.59643328e-11,1.035953972e-11,0.01730099436
12.23642686,24.5,refl,0,1,0.3308341378,0.1307276891,0.01453498036,9.596452769e-11,-1.035889923e-11,0.01730099436
12.23642686,24.5,refl,1,0,0.3308341378,5.451881614e-17,4.528033807e-16,0.1546887295,0.1764384799,0.05505914023
12.11282659,24.75,trans,0,0,0.5187216429,-1.380254377e-16,-6.979322261e-17,0.3379601543,-0.2007500966,0.1545176672
12.11282659,24.75,trans,-1,0,0.3389093892,-1.203564846e-16,-2.855545383e-16,-0.1457218246,-0.1869904741,0.05620028756
12.11282659,24.75,trans,0,-1,0.3389093892,0.1196016041,0.02105560332,7.750647318e-11,-5.046280229e-12,0.01474788214
12.11282659,24.75,trans,0,1,0.3389093892,0.1196016041,0.02105560332,-7.750660113e-11,5.046030249e-12,0.01474788214
12.11282659,24.75,trans,1,0,0.3389093892,-7.891076193e-16,6.239875642e-16,-0.1457218242,-0.1869904738,0.05620028737
12.11282659,24.75,refl,0,0,0.5187216429,-5.131242878e-17,1.887609886e-16,-0.6578782636,-0.1706977404,0.4619415283
12.11282659,24.75,refl,-1,0,0.3389093892,2.159002264e-16,-3.788607898e-16,0.1420124019,0.1870708302,0.05516301781
12.11282659,24.75,refl,0,-1,0.3389093892,0.1172546815,0.02334822241,-8.199033659e-11,6.048574547e-12,0.01429379982
12.11282659,24.75,refl,0,1,0.3389093892,0.1172546815,0.02334822241,8.199085648e-11,-6.047827156e-12,0.01429379982
12.11282659,24.75,refl,1,0,0.3389093892,-4.465253718e-16,4.973315426e-16,0.1420124015,0.18707083,0.05516301761
11.99169832,25,trans,0,0,0.5239612555,-2.264761483e-16,-8.488444111e-17,0.3457584981,-0.2272992723,0.1712138982
11.99169832,25,trans,-1,0,0.3468758113,-8.223714194e-17,-4.204151633e-16,-0.1308529993,-0.1977304567,0.05621984093
11.99169832,25,trans,0,-1,0.3468758113,0.1045939642,0.02668802199,6.454469623e-11,-4.378150793e-12,0.01165214786
11.99169832,25,trans,0,1,0.3468758113,0.1045939642,0.02668802199,-6.454464134e-11,4.378238169e-12,0.01165214786
11.99169832,25,trans,1,0,0.3468758113,-1.023861799e-15,4.846192812e-16,-0.1308529989,-0.1977304564,0.05621984072
11.99169832,25,refl,0,0,0.5239612555,-1.514143057e-16,2.287754109e-16,-0.6500035969,-0.196668778,0.4611832842
11.99169832,25,refl,-1,0,0.3468758113,2.400581185e-16,-4.727600736e-16,0.1274001684,0.1978875992,0.05539030485
11.99169832,25,refl,0,-1,0.3468758113,0.1022767718,0.02910891514,-6.953222159e-11,5.41045103e-12,0.011307867
11.99169832,25,refl,0,1,0.3468758113,0.1022767718,0.02910891514,6.953258297e-11,-5.410065467e-12,0.011307867
11.99169832,25,refl,1,0,0.3468758113,-6.931084392e-16,3.959760228e-16,0.127400168,0.197887599,0.05539030464
11.87296863,25.25,trans,0,0,0.529200868,-5.722011792e-17,-1.80023421e-16,0.3610504707,-0.2524696665,0.1940983749
11.87296863,25.25,trans,-1,0,0.3547407363,4.133153442e-17,-2.0796184e-16,-0.1139276169,-0.2040230079,0.05460488964
11.87296863,25.25,trans,0,-1,0.3547407363,0.08886339694,0.02525818881,5.273883969e-11,-6.851546046e-12,0.008534679417
11.87296863,25.25,trans,0,1,0.3547407363,0.08886339694,0.02525818881,-5.273859786e-11,6.851495676e-12,0.008534679417
11.87296863,25.25,trans,1,0,0.3547407363,-8.455447505e-16,3.661941164e-16,-0.1139276164,-0.2040230076,0.05460488942
11.87296863,25.25,refl,0,0,0.529200868,3.460613092e-17,9.727820179e-17,-0.634598646,-0.2213957568,0.4517315226
11.87296863,25.25,refl,-1,0,0.3547407363,3.047908712e-16,-2.295190547e-16,0.1107678175,0.2043324346,0.05402125323
11.87296863,25.25,refl,0,-1,0.3547407363,0.08679795972,0.0277201587,-5.816224053e-11,7.919077483e-12,0.00830229301
11.87296863,25.25,refl,0,1,0.3547407363,0.08679795972,0.0277201587,5.816240617e-11,-7.918602565e-12,0.00830229301
11.87296863,25.25,refl,1,0,0.3547407363,-5.671694459e-16,3.022826327e-16,0.110767817,0.2043324343,0.054021253
11.75656698,25.5,trans,0,0,0.5344404806,-1.554013341e-18,-6.867061261e-17,0.3797037168,-0.2787564445,0.2218800679
11.75656698,25.5,trans,-1,0,0.3625107702,4.67300123e-17,4.204683024e-17,-0.09469018896,-0.2092092403,0.0527347381
11.75656698,25.5,trans,0,-1,0.3625107702,0.07348795059,0.01889364372,4.263023399e-11,-1.20720257e-11,0.005757448655
11.75656698,25.5,trans,0,1,0.3625107702,0.07348795059,0.01889364372,-4.262987492e-11,1.20717498e-11,0.005757448655
11.75656698,25.5,trans,1,0,0.3625107702,-7.887598482e-16,2.07824688e-16,-0.09469018849,-0.2092092399,0.05273473786
11.75656698,25.5,refl,0,0,0.5344404806,8.788413691e-17,2.093320699e-16,-0.6158217864,-0.2472404456,0.4403643105
11.75656698,25.5,refl,-1,0,0.3625107702,3.036715518e-16,5.930899407e-17,0.09180615617,0.2096723446,0.05239086241
11.75656698,25.5,refl,0,-1,0.3625107702,0.07162669398,0.02139499972,-4.846056902e-11,1.31506228e-11,0.005588129303
11.75656698,25.5,refl,0,1,0.3625107702,0.07162669398,0.02139499972,4.846062381e-11,-1.314997587e-11,0.005588129303
11.75656698,25.5,refl,1,0,0.3625107702,-5.143864644e-16,1.758795041e-16,0.09180615568,0.2096723443,0.05239086217
11.64242555,25.75,trans,0,0,0.5396800932,5.69404992e-17,-2.606791303e-16,0.4035180649,-0.3059672305,0.2564427748
11.64242555,25.75,trans,-1,0,0.3701918883,7.560947613e-17,1.404963945e-16,-0.07254940387,-0.2121299031,0.05026251179
11.64242555,25.75,trans,0,-1,0.3701918883,0.0600280727,0.005513278942,3.305947908e-11,-2.056366634e-11,0.003633765757
11.64242555,25.75,trans,0,1,0.3701918883,0.0600280727,0.005513278942,-3.305924645e-11,2.056327824e-11,0.003633765757
11.64242555,25.75,trans,1,0,0.3701918883,-6.283176148e-16,3.457804245e-17,-0.07254940339,-0.2121299027,0.05026251154
11.64242555,25.75,refl,0,0,0.5396800932,1.534212617e-16,3.139413893e-17,-0.5918784434,-0.273996877,0.4253943804
11.64242555,25.75,refl,-1,0,0.3701918883,2.865526338e-16,1.863706295e-16,0.06993415985,0.2127544581,0.05015524618
11.64242555,25.75,refl,0,-1,0.3701918883,0.0583126996,0.008037451717,-3.926640181e-11,2.16341586e-11,0.003464971565
11.64242555,25.75,refl,0,1,0.3701918883,0.0583126996,0.008037451717,3.926659533e-11,-2.163344351e-11,0.003464971565
11.64242555,25.75,refl,1,0,0.3701918883,-3.876667946e-16,2.400440911e-17,0.06993415934,0.2127544577,0.05015524592
11.53047915,26,trans,0,0,0.5449197057,4.207525248e-17,-1.064354581e-16,0.4359703095,-0.3329997772,0.3009589624
11.53047915,26,trans,-1,0,0.377789514,-1.200485991e-16,3.101201663e-16,-0.04675854004,-0.2103131518,0.04641798288
11.53047915,26,trans,0,-1,0.377789514,0.05243504162,-0.01838875903,2.27209487e-11,-3.323727274e-11,0.003087580049
11.53047915,26,trans,0,1,0.377789514,0.05243504162,-0.01838875903,-2.272076248e-11,3.323675301e-11,0.003087580049
11.53047915,26,trans,1,0,0.377789514,-6.566402217e-16,-1.169704299e-16,-0.04675853952,-0.2103131513,0.04641798262
11.53047915,26,refl,0,0,0.5449197057,1.435919014e-16,2.508806277e-16,-0.5593062001,-0.3005383745,0.40314674
11.53047915,26,refl,-1,0,0.377789514,4.010230235e-17,3.855568376e-16,0.04442215663,0.2111249303,0.04654706419
11.53047915,26,refl,0,-1,0.377789514,0.05078822105,-0.01589182601,-2.926495653e-11,3.428531892e-11,0.002831993532
11.53047915,26,refl,0,1,0.377789514,0.05078822105,-0.01589182601,2.926522539e-11,-3.428452576e-11,0.002831993532
11.53047915,26,refl,1,0,0.377789514,-4.496494867e-16,-1.076175312e-16,0.04442215608,0.2111249298,0.04654706393
11.42066507,26.25,trans,0,0,0.5501593183,-6.816675222e-17,-1.485333118e-16,0.4853908786,-0.3493030267,0.3576169095
11.42066507,26.25,trans,-1,0,0.3853085863,-2.320015366e-16,-9.708051983e-17,-0.01969879645,-0.1954861695,0.03860288506
11.42066507,26.25,trans,0,-1,0.3853085863,0.06359373406,-0.05705452501,1.928936036e-11,-5.142886613e-11,0.007299381836
11.42066507,26.25,trans,0,1,0.3853085863,0.06359373406,-0.05705452501,-1.928897874e-11,5.142826982e-11,0.007299381836
11.42066507,26.25,trans,1,0,0.3853085863,-4.16917813e-16,-3.015053478e-16,-0.01969879595,-0.1954861689,0.03860288481
11.42066507,26.25,refl,0,0,0.5501593183,-1.021225415e-17,2.148099156e-16,-0.5098504238,-0.3165137091,0.3601283827
11.42066507,26.25,refl,-1,0,0.3853085863,-1.391336873e-16,-7.805521722e-18,0.01767953166,0.1965609289,0.03894876461
11.42066507,26.25,refl,0,-1,0.3853085863,0.06212594074,-0.05474229427,-2.594392311e-11,5.248615495e-11,0.006856351295
11.42066507,26.25,refl,0,1,0.3853085863,0.06212594074,-0.05474229427,2.594400138e-11,-5.248533921e-11,0.006856351295
11.42066507,26.25,refl,1,0,0.3853085863,-2.675308428e-16,-2.726784951e-16,0.01767953113,0.1965609283,0.03894876436
11.31292294,26.5,trans,0,0,0.5553989308,-6.700617673e-16,-9.925464995e-17,0.5623141767,-0.2936645419,0.4024360965
11.31292294,26.5,trans,-1,0,0.3927536169,4.410936198e-16,-3.146067057e-16,-0.02049776429,-0.1347672232,0.01858236278
11.31292294,26.5,trans,0,-1,0.3927536169,0.187115499,-0.07477918656,2.106043121e-11,-9.131069956e-11,0.0406041367
11.31292294,26.5,trans,0,1,0.3927536169,0.187115499,-0.07477918656,-2.105984381e-11,9.131003399e-11,0.0406041367
11.31292294,26.5,trans,1,0,0.3927536169,-1.694698962e-16,-1.616734603e-16,-0.02049776384,-0.1347672224,0.01858236257
11.31292294,26.5,trans,-1,-1,0.00654483146,0.04283676434,-0.001326124533,0.00525614904,0.007385688066,0.001918922477
11.31292294,26.5,trans,-1,1,0.00654483146,0.04283676434,-0.001326124533,-0.00525614904,-0.007385688066,0.001918922477
11.31292294,26.5,trans,1,-1,0.00654483146,-0.04283676432,0.001326124573,0.005256149015,0.007385688095,0.001918922475
11.31292294,26.5,trans,1,1,0.00654483146,-0.04283676432,0.001326124573,-0.005256149015,-0.007385688095,0.001918922475
11.31292294,26.5,refl,0,0,0.5553989308,-7.048451347e-16,1.907371213e-16,-0.4333609486,-0.2606049621,0.255716658
11.31292294,26.5,refl,-1,0,0.3927536169,4.872567271e-16,-2.473932214e-16,0.01865051654,0.1368316913,0.01907075352
11.31292294,26.5,refl,0,-1,0.3927536169,0.1861199724,-0.07324567211,-3.0634791e-11,9.513310398e-11,0.04000557261
11.31292294,26.5,refl,0,1,0.3927536169,0.1861199724,-0.07324567211,3.063453127e-11,-9.513238937e-11,0.04000557261
11.31292294,26.5,refl,1,0,0.3927536169,-4.489105726e-17,-1.311442587e-16,0.01865051606,0.1368316906,0.0190707533
11.31292294,26.5,refl,-1,-1,0.00654483146,0.04276036561,-0.0008342620501,0.003388802863,-0.01375913475,0.002029942634
11.31292294,26.5,refl,-1,1,0.00654483146,0.04276036561,-0.0008342620501,-0.003388802863,0.01375913475,0.002029942634
11.31292294,26.5,refl,1,-1,0.00654483146,-0.04276036558,0.0008342620877,0.003388802836,-0.01375913471,0.00202994263
11.31292294,26.5,refl,1,1,0.00654483146,-0.04276036558,0.0008342620877,-0.003388802836,0.01375913471,0.00202994263
11.20719469,26.75,trans,0,0,0.5606385434,-2.357738802e-16,1.127041997e-16,0.5311840354,-0.2936109881,0.3683638918
11.20719469,26.75,trans,-1,0,0.4001287387,-1.398979319e-17,-1.289345839e-16,-0.03692139776,-0.1587290394,0.02655809757
11.20719469,26.75,trans,0,-1,0.4001287387,0.1528151823,0.0004090738245,6.355352679e-11,-1.066137954e-10,0.02335264728
11.20719469,26.75,trans,0,1,0.4001287387,0.1528151823,0.0004090738245,-6.355306615e-11,1.06613876e-10,0.02335264728
11.20719469,26.75,trans,1,0,0.4001287387,7.678352105e-17,-1.413009197e-17,-0.03692139738,-0.1587290386,0.02655809729
11.20719469,26.75,trans,-1,-1,0.076749194,0.08596551322,-0.00273823245,-0.007177066124,0.02315100723,0.007985046794
11.20719469,26.75,trans,-1,1,0.076749194,0.08596551322,-0.00273823245,0.007177066124,-0.02315100723,0.007985046794
11.20719469,26.75,trans,1,-1,0.076749194,-0.08596551314,0.002738232586,-0.007177066124,0.02315100723,0.007985046781
11.20719469,26.75,trans,1,1,0.076749194,-0.08596551314,0.002738232586,0.007177066124,-0.02315100723,0.007985046781
11.20719469,26.75,refl,0,0,0.5606385434,-2.178944587e-16,4.040059042e-16,-0.4644925554,-0.2607816645,0.2837604106
11.20719469,26.75,refl,-1,0,0.4001287387,1.270706143e-17,-2.627595826e-17,0.03467932925,0.1605187478,0.02696892426
11.20719469,26.75,refl,0,-1,0.4001287387,0.1525608274,0.002164325268,-7.105515514e-11,1.078618439e-10,0.02327949037
11.20719469,26.75,refl,0,1,0.4001287387,0.1525608274,0.002164325268,7.105502432e-11,-1.078617161e-10,0.02327949037
11.20719469,26.75,refl,1,0,0.4001287387,1.656527803e-16,6.28738986e-17,0.03467932885,0.160518747,0.02696892397
11.20719469,26.75,refl,-1,-1,0.076749194,0.08517378934,-0.00122297585,0.007891832318,-0.02753223905,0.008076375265
11.20719469,26.75,refl,-1,1,0.076749194,0.08517378934,-0.00122297585,-0.007891832318,0.02753223905,0.008076375265
11.20719469,26.75,refl,1,-1,0.076749194,-0.08517378926,0.001222975979,0.00789183231,-0.02753223901,0.00807637525
11.20719469,26.75,refl,1,1,0.076749194,-0.08517378926,0.001222975979,-0.00789183231,0.02753223901,0.00807637525
11.10342437,27,trans,0,0,0.5658781559,-2.548249604e-16,3.004752523e-16,0.5379736471,-0.2985859538,0.3785692167
11.10342437,27,trans,-1,0,0.4074377481,-7.473372059e-17,-5.268869306e-17,-0.03356436938,-0.1640360962,0.02803440774
11.10342437,27,trans,0,-1,0.4074377481,0.1418996979,0.0223139042,9.64438774e-11,-1.179905592e-10,0.02063343459
11.10342437,27,trans,0,1,0.4074377481,0.1418996979,0.0223139042,-9.644361466e-11,1.17990681e-10,0.02063343459
11.10342437,27,trans,1,0,0.4074377481,-5.06026909e-17,4.191591195e-17,-0.03356436907,-0.1640360953,0.02803440743
11.10342437,27,trans,-1,-1,0.108595349,0.08631900869,0.0007315649661,-0.01208910761,0.02498814133,0.008222060179
11.10342437,27,trans,-1,1,0.108595349,0.08631900869,0.0007315649661,0.01208910761,-0.02498814133,0.008222060179
11.10342437,27,trans,1,-1,0.108595349,-0.08631900861,-0.0007315647804,-0.01208910761,0.02498814133,0.008222060165
11.10342437,27,trans,1,1,0.108595349,-0.08631900861,-0.0007315647804,0.01208910761,-0.02498814133,0.008222060165
11.10342437,27,refl,0,0,0.5658781559,-2.218518485e-16,5.247134539e-16,-0.4576279708,-0.2657887174,0.2800670019
11.10342437,27,refl,-1,0,0.4074377481,-5.056351715e-17,5.025992059e-17,0.03130556914,0.1658334267,0.02848076407
11.10342437,27,refl,0,-1,0.4074377481,0.1420454216,0.02418651447,-1.040815929e-10,1.191282532e-10,0.02076188929
11.10342437,27,refl,0,1,0.4074377481,0.1420454216,0.02418651447,1.040816047e-10,-1.191282645e-10,0.02076188929
11.10342437,27,refl,1,0,0.4074377481,3.154466178e-17,1.198716734e-16,0.03130556881,0.1658334258,0.02848076375
11.10342437,27,refl,-1,-1,0.108595349,0.08519983355,0.002597612917,0.0124815989,-0.02866006874,0.008242949081
11.10342437,27,refl,-1,1,0.108595349,0.08519983355,0.002597612917,-0.0124815989,0.02866006874,0.008242949081
11.10342437,27,refl,1,-1,0.108595349,-0.08519983347,-0.002597612741,0.01248159889,-0.0286600687,0.008242949064
11.10342437,27,refl,1,1,0.108595349,-0.08519983347,-0.002597612741,-0.01248159889,0.0286600687,0.008242949064
11.00155809,27.25,trans,0,0,0.5711177685,-2.681705914e-16,2.874023919e-16,0.5497253222,-0.3017296764,0.3932387275
11.00155809,27.25,trans,-1,0,0.4146841409,2.270045221e-17,-7.086830337e-17,-0.02821735599,-0.1663080052,0.02845457177
11.00155809,27.25,trans,0,-1,0.4146841409,0.13175103,0.03602364083,1.279277053e-10,-1.061895484e-10,0.0186560366
11.00155809,27.25,trans,0,1,0.4146841409,0.13175103,0.03602364083,-1.279274492e-10,1.061894947e-10,0.0186560366
11.00155809,27.25,trans,1,0,0.4146841409,-1.044546325e-16,-3.661177953e-17,-0.0282173558,-0.1663080043,0.02845457145
11.00155809,27.25,trans,-1,-1,0.1332305068,0.08440102945,0.004160835796,-0.01539368801,0.02567254783,0.008036891669
11.00155809,27.25,trans,-1,1,0.1332305068,0.08440102945,0.004160835796,0.01539368801,-0.02567254783,0.008036891669
11.00155809,27.25,trans,1,-1,0.1332305068,-0.08440102939,-0.004160835592,-0.015393688,0.02567254782,0.008036891658
11.00155809,27.25,trans,1,1,0.1332305068,-0.08440102939,-0.004160835592,0.015393688,-0.02567254782,0.008036891658
11.00155809,27.25,refl,0,0,0.5711177685,-2.436316648e-16,5.038898742e-16,-0.4458438043,-0.2691299672,0.2712076371
11.00155809,27.25,refl,-1,0,0.4146841409,2.32557564e-17,4.513282654e-17,0.0259773047,0.1680824608,0.02892653398
11.00155809,27.25,refl,0,-1,0.4146841409,0.1322052218,0.03795441827,-1.355343315e-10,1.072141445e-10,0.01891875853
11.00155809,27.25,refl,0,1,0.4146841409,0.1322052218,0.03795441827,1.355342824e-10,-1.072140353e-10,0.01891875853
11.00155809,27.25,refl,1,0,0.4146841409,-4.566898231e-17,5.744526077e-17,0.02597730449,0.1680824598,0.02892653366
11.00155809,27.25,refl,-1,-1,0.1332305068,0.08302357475,0.006350381556,0.01584371211,-0.02862998269,0.008003940432
11.00155809,27.25,refl,-1,1,0.1332305068,0.08302357475,0.006350381556,-0.01584371211,0.02862998269,0.008003940432
11.00155809,27.25,refl,1,-1,0.1332305068,-0.0830235747,-0.006350381362,0.0158437121,-0.02862998265,0.008003940419
11.00155809,27.25,refl,1,1,0.1332305068,-0.0830235747,-0.006350381362,-0.0158437121,0.02862998265,0.008003940419
10.90154393,27.5,trans,0,0,0.576357381,-1.810162109e-16,-3.820515807e-17,0.563433469,-0.3050107797,0.4104888497
10.90154393,27.5,trans,-1,0,0.4218711437,2.188357918e-16,-1.657279444e-17,-0.0216001544,-0.1676615938,0.0285769767
10.90154393,27.5,trans,0,-1,0.4218711437,0.1224950073,0.04640858944,1.58924176e-10,-8.794261262e-11,0.01715878399
10.90154393,27.5,trans,0,1,0.4218711437,0.1224950073,0.04640858944,-1.589240621e-10,8.794244851e-11,0.01715878399
10.90154393,27.5,trans,1,0,0.4218711437,4.204059153e-17,-1.539303619e-17,-0.02160015434,-0.1676615928,0.02857697638
10.90154393,27.5,trans,-1,-1,0.1541515266,0.0823484767,0.00776015046,-0.01807285862,0.02561510193,0.007824253215
10.90154393,27.5,trans,-1,1,0.1541515266,0.0823484767,0.00776015046,0.01807285862,-0.02561510193,0.007824253215
10.90154393,27.5,trans,1,-1,0.1541515266,-0.08234847668,-0.00776015024,-0.01807285861,0.02561510192,0.007824253209
10.90154393,27.5,trans,1,1,0.1541515266,-0.08234847668,-0.00776015024,0.01807285861,-0.02561510192,0.007824253209
10.90154393,27.5,refl,0,0,0.576357381,-2.040879418e-16,2.019845477e-16,-0.4321046561,-0.2725885297,0.2610189404
10.90154393,27.5,refl,-1,0,0.4218711437,2.01251776e-16,1.028730466e-16,0.01938780981,0.1694285798,0.02908193081
10.90154393,27.5,refl,0,-1,0.4218711437,0.1231908652,0.04839102318,-1.665092276e-10,8.884944711e-11,0.01751768038
10.90154393,27.5,refl,0,1,0.4218711437,0.1231908652,0.04839102318,1.665092609e-10,-8.8849327e-11,0.01751768038
10.90154393,27.5,refl,1,0,0.4218711437,8.172166657e-17,8.431526208e-17,0.01938780973,0.1694285788,0.02908193048
10.90154393,27.5,refl,-1,-1,0.1541515266,0.08078630443,0.01024071525,0.01859509617,-0.02807607274,0.007765342694
10.90154393,27.5,refl,-1,1,0.1541515266,0.08078630443,0.01024071525,-0.01859509617,0.02807607274,0.007765342694
10.90154393,27.5,refl,1,-1,0.1541515266,-0.08078630442,-0.01024071504,0.01859509616,-0.0280760727,0.007765342685
10.90154393,27.5,refl,1,1,0.1541515266,-0.08078630442,-0.01024071504,-0.01859509616,0.0280760727,0.007765342685
10.80333182,27.75,trans,0,0,0.5815969936,-2.399321585e-16,-3.80970249e-17,0.5781733959,-0.3082121018,0.4292791755
10.80333182,27.75,trans,-1,0,0.4290017415,3.104083232e-16,-1.068952175e-17,-0.01424263055,-0.1685068536,0.02859741225
10.80333182,27.75,trans,0,-1,0.4290017415,0.1136573136,0.05481063573,1.889643062e-10,-6.291173814e-11,0.01592219073
10.80333182,27.75,trans,0,1,0.4290017415,0.1136573136,0.05481063573,-1.889642628e-10,6.291144204e-11,0.01592219073
10.80333182,27.75,trans,1,0,0.4290017415,7.573347545e-17,-5.527041495e-17,-0.01424263063,-0.1685068527,0.02859741192
10.80333182,27.75,trans,-1,-1,0.1727134199,0.08030961372,0.01142913971,-0.0203604463,0.02504689881,0.007622154204
10.80333182,27.75,trans,-1,1,0.1727134199,0.08030961372,0.01142913971,0.0203604463,-0.02504689881,0.007622154204
10.80333182,27.75,trans,1,-1,0.1727134199,-0.08030961376,-0.01142913948,-0.02036044628,0.02504689881,0.007622154204
10.80333182,27.75,trans,1,1,0.1727134199,-0.08030961376,-0.01142913948,0.02036044628,-0.02504689881,0.007622154204
10.80333182,27.75,refl,0,0,0.5815969936,-2.585621067e-16,1.626662914e-16,-0.4173344642,-0.2759567264,0.2503201698
10.80333182,27.75,refl,-1,0,0.4290017415,2.876553051e-16,1.261583403e-16,0.01205681426,0.1702743652,0.02913872623
10.80333182,27.75,refl,0,-1,0.4290017415,0.1145424212,0.05684483998,-1.965293043e-10,6.368039724e-11,0.01635130209
10.80333182,27.75,refl,0,1,0.4290017415,0.1145424212,0.05684483998,1.965293609e-10,-6.368021804e-11,0.01635130209
10.80333182,27.75,refl,1,0,0.4290017415,1.100461991e-16,6.756290698e-17,0.01205681431,0.1702743643,0.0291387259
10.80333182,27.75,refl,-1,-1,0.1727134199,0.07861337478,0.01417367933,0.0209529289,-0.02714465107,0.007556813191
10.80333182,27.75,refl,-1,1,0.1727134199,0.07861337478,0.01417367933,-0.0209529289,0.02714465107,0.007556813191
10.80333182,27.75,refl,1,-1,0.1727134199,-0.07861337482,-0.0141736791,0.02095292888,-0.02714465104,0.007556813188
10.80333182,27.75,refl,1,1,0.1727134199,-0.07861337482,-0.0141736791,-0.02095292888,0.02714465104,0.007556813188
10.7068735,28,trans,0,0,0.5868366061,-2.836176179e-16,-1.138947773e-16,0.5935297996,-0.3112217759,0.4491366168
10.7068735,28,trans,-1,0,0.4360787011,3.891721484e-16,-6.487995233e-17,-0.006397222394,-0.1690143652,0.02860678009
10.7068735,28,trans,0,-1,0.4360787011,0.1050493255,0.06183352356,2.168568869e-10,-3.116752251e-11,0.01485874542
10.7068735,28,trans,0,1,0.4360787011,0.1050493255,0.06183352356,-2.168568541e-10,3.116714728e-11,0.01485874542
10.7068735,28,trans,1,0,0.4360787011,9.241673232e-17,-1.406329887e-16,-0.006397222599,-0.1690143642,0.02860677977
10.7068735,28,trans,-1,-1,0.1896102971,0.07829788582,0.01512364971,-0.02236850763,0.02408191211,0.00743957233
10.7068735,28,trans,-1,1,0.1896102971,0.07829788582,0.01512364971,0.02236850763,-0.02408191211,0.00743957233
10.7068735,28,trans,1,-1,0.1896102971,-0.07829788592,-0.01512364947,-0.02236850762,0.0240819121,0.007439572337
10.7068735,28,trans,1,1,0.1896102971,-0.07829788592,-0.01512364947,0.02236850762,-0.0240819121,0.007439572337
10.7068735,28,refl,0,0,0.5868366061,-3.157632171e-16,4.831117442e-17,-0.4019480897,-0.2791270191,0.2394741595
10.7068735,28,refl,-1,0,0.4360787011,3.477235577e-16,7.520624483e-17,0.004232605897,0.1707863889,0.02918590557
10.7068735,28,refl,0,-1,0.4360787011,0.1060791644,0.06392221045,-2.243944973e-10,3.176951502e-11,0.01533883811
10.7068735,28,refl,0,1,0.4360787011,0.1060791644,0.06392221045,2.243945231e-10,-3.176934184e-11,0.01533883811
10.7068735,28,refl,1,0,0.4360787011,1.075117641e-16,-1.426139875e-17,0.004232606082,0.1707863879,0.02918590525
10.7068735,28,refl,-1,-1,0.1896102971,0.07650452723,0.0181075508,0.02302456126,-0.02591102984,0.007382337972
10.7068735,28,refl,-1,1,0.1896102971,0.07650452723,0.0181075508,-0.02302456126,0.02591102984,0.007382337972
10.7068735,28,refl,1,-1,0.1896102971,-0.07650452733,-0.01810755058,0.02302456124,-0.02591102982,0.007382337976
10.7068735,28,refl,1,1,0.1896102971,-0.07650452733,-0.01810755058,-0.02302456124,0.02591102982,0.007382337976
10.61212241,28.25,trans,0,0,0.5920762187,-3.327726809e-16,-5.680573483e-17,0.6092883378,-0.3114341009,0.4682234778
10.61212241,28.25,trans,-1,0,0.4431045926,3.842075518e-16,-5.197015661e-17,0.0009410785071,-0.1683381456,0.02833861689
10.61212241,28.25,trans,0,-1,0.4431045926,0.09648319683,0.06661909,2.19558695e-10,5.021749206e-12,0.01374711042
10.61212241,28.25,trans,0,1,0.4431045926,0.09648319683,0.06661909,-2.195586559e-10,-5.02214064e-12,0.01374711042
10.61212241,28.25,trans,1,0,0.4431045926,1.095780365e-16,-1.193881138e-16,0.0009410782092,-0.1683381447,0.02833861659
10.61212241,28.25,trans,-1,-1,0.2052537727,0.07559209382,0.01820909385,-0.02380273965,0.02325111274,0.007152920405
10.61212241,28.25,trans,-1,1,0.2052537727,0.07559209382,0.01820909385,0.02380273965,-0.02325111274,0.007152920405
10.61212241,28.25,trans,1,-1,0.2052537727,-0.07559209395,-0.01820909365,-0.02380273963,0.02325111274,0.007152920417
10.61212241,28.25,trans,1,1,0.2052537727,-0.07559209395,-0.01820909365,0.02380273963,-0.02325111274,0.007152920417
10.61212241,28.25,refl,0,0,0.5920762187,-3.864565241e-16,6.719865883e-17,-0.3862197716,-0.2795049723,0.2272887415
10.61212241,28.25,refl,-1,0,0.4431045926,3.339111628e-16,8.566487636e-17,-0.003125173866,0.1700647648,0.02893179094
10.61212241,28.25,refl,0,-1,0.4431045926,0.09755398018,0.06868776179,-2.267717421e-10,-4.622227419e-12,0.01423478767
10.61212241,28.25,refl,0,1,0.4431045926,0.09755398018,0.06868776179,2.267717104e-10,4.622344381e-12,0.01423478767
10.61212241,28.25,refl,1,0,0.4431045926,1.055065912e-16,1.268816791e-17,-0.003125173588,0.1700647639,0.02893179064
10.61212241,28.25,refl,-1,-1,0.2052537727,0.0737098414,0.02132644945,0.02460950675,-0.02465111617,0.007101263517
10.61212241,28.25,refl,-1,1,0.2052537727,0.0737098414,0.02132644945,-0.02460950675,0.02465111617,0.007101263517
10.61212241,28.25,refl,1,-1,0.2052537727,-0.07370984154,-0.02132644925,0.02460950673,-0.02465111614,0.007101263526
10.61212241,28.25,refl,1,1,0.2052537727,-0.07370984154,-0.02132644925,-0.02460950673,0.02465111614,0.007101263526
10.51903361,28.5,trans,0,0,0.5973158313,-3.114318375e-16,-8.092977796e-17,0.6252696112,-0.3113346375,0.4878913432
10.51903361,28.5,trans,-1,0,0.4500818076,3.979508657e-16,-7.720630002e-17,0.008514057319,-0.1674097701,0.02809852029
10.51903361,28.5,trans,0,-1,0.4500818076,0.08821991557,0.07051252814,2.166480093e-10,4.184765267e-11,0.01275477013
10.51903361,28.5,trans,0,1,0.4500818076,0.08821991557,0.07051252814,-2.166481558e-10,-4.1848185e-11,0.01275477013
10.51903361,28.5,trans,1,0,0.4500818076,3.732400381e-17,-1.685191875e-16,0.008514056942,-0.1674097693,0.02809852002
10.51903361,28.5,trans,-1,-1,0.219911493,0.07292130135,0.02123462023,-0.02502170659,0.02216327296,0.006885721756
10.51903361,28.5,trans,-1,1,0.219911493,0.07292130135,0.02123462023,0.02502170659,-0.02216327296,0.006885721756
10.51903361,28.5,trans,1,-1,0.219911493,-0.07292130153,-0.02123462006,-0.02502170657,0.02216327295,0.006885721773
10.51903361,28.5,trans,1,1,0.219911493,-0.07292130153,-0.02123462006,0.02502170657,-0.02216327295,0.006885721773
10.51903361,28.5,refl,0,0,0.5973158313,-3.856579332e-16,1.763867894e-17,-0.3702699411,-0.2795674167,0.2152577698
10.51903361,28.5,refl,-1,0,0.4500818076,3.654384278e-16,7.390694056e-17,-0.01072044324,0.1690962834,0.02870848095
10.51903361,28.5,refl,0,-1,0.4500818076,0.08929736216,0.07257213155,-2.235178044e-10,-4.165432364e-11,0.01324073317
10.51903361,28.5,refl,0,1,0.4500818076,0.08929736216,0.07257213155,2.235179188e-10,4.165449965e-11,0.01324073317
10.51903361,28.5,refl,1,0,0.4500818076,3.924863016e-17,-2.834259319e-17,-0.01072044288,0.1690962826,0.02870848067
10.51903361,28.5,refl,-1,-1,0.219911493,0.07097280078,0.02446532312,0.02596447668,-0.02321953823,0.006848991491
10.51903361,28.5,refl,-1,1,0.219911493,0.07097280078,0.02446532312,-0.02596447668,0.02321953823,0.006848991491
10.51903361,28.5,refl,1,-1,0.219911493,-0.07097280095,-0.02446532296,0.02596447667,-0.02321953821,0.006848991506
10.51903361,28.5,refl,1,1,0.219911493,-0.07097280095,-0.02446532296,-0.02596447667,0.02321953821,0.006848991506
10.42756376,28.75,trans,0,0,0.6025554438,-3.276027017e-16,-1.797876926e-16,0.6413719469,-0.3108980405,0.5080155659
10.42756376,28.75,trans,-1,0,0.4570125754,5.666800107e-16,-1.067763797e-16,0.01625537377,-0.1662685748,0.02790947613
10.42756376,28.75,trans,0,-1,0.4570125754,0.08022392858,0.07365893334,2.085622356e-10,7.87234973e-11,0.01186151718
10.42756376,28.75,trans,0,1,0.4570125754,0.08022392858,0.07365893334,-2.085621913e-10,-7.872404453e-11,0.01186151718
10.42756376,28.75,trans,1,0,0.4570125754,1.211525103e-16,-2.393384841e-16,0.01625537333,-0.166268574,0.02790947588
10.42756376,28.75,trans,-1,-1,0.2337689572,0.07026771316,0.02418852694,-0.026052115,0.02085743847,0.006636381784
10.42756376,28.75,trans,-1,1,0.2337689572,0.07026771316,0.02418852694,0.026052115,-0.02085743847,0.006636381784
10.42756376,28.75,trans,1,-1,0.2337689572,-0.07026771337,-0.02418852681,-0.02605211498,0.02085743847,0.006636381806
10.42756376,28.75,trans,1,1,0.2337689572,-0.07026771337,-0.02418852681,0.02605211498,-0.02085743847,0.006636381806
10.42756376,28.75,refl,0,0,0.6025554438,-4.040615023e-16,-1.122426967e-16,-0.3541998594,-0.2792904869,0.2034607165
10.42756376,28.75,refl,-1,0,0.4570125754,5.118264359e-16,3.190815107e-17,-0.01848725613,0.1679190076,0.02853857176
10.42756376,28.75,refl,0,-1,0.4570125754,0.08127676018,0.07571931133,-2.150695184e-10,-7.873672423e-11,0.01233932585
10.42756376,28.75,refl,0,1,0.4570125754,0.08127676018,0.07571931133,2.150694059e-10,7.873685064e-11,0.01233932585
10.42756376,28.75,refl,1,0,0.4570125754,9.12094267e-17,-9.352164205e-17,-0.0184872557,0.1679190069,0.0285385715
10.42756376,28.75,refl,-1,-1,0.2337689572,0.06827021792,0.0275139023,0.02711810352,-0.02163984845,0.006621512054
10.42756376,28.75,refl,-1,1,0.2337689572,0.06827021792,0.0275139023,-0.02711810352,0.02163984845,0.006621512054
10.42756376,28.75,refl,1,-1,0.2337689572,-0.06827021813,-0.02751390218,0.02711810351,-0.02163984843,0.006621512074
10.42756376,28.75,refl,1,1,0.2337689572,-0.06827021813,-0.02751390218,-0.02711810351,0.02163984843,0.006621512074
10.33767097,29,trans,0,0,0.6077950564,-3.55851088e-16,1.485513523e-17,0.65752405,-0.3101050746,0.5285030336
10.33767097,29,trans,-1,0,0.463898978,4.071658997e-16,-1.594915876e-16,0.02411546522,-0.1649396813,0.02778665412
10.33767097,29,trans,0,-1,0.463898978,0.07247892581,0.07615853237,1.957323714e-10,1.153049507e-10,0.01105331674
10.33767097,29,trans,0,1,0.463898978,0.07247892581,0.07615853237,-1.957326612e-10,-1.15305574e-10,0.01105331674
10.33767097,29,trans,1,0,0.463898978,-4.933945048e-17,-2.492697639e-16,0.02411546473,-0.1649396806,0.02778665388
10.33767097,29,trans,-1,-1,0.2469609139,0.06761713134,0.02706041352,-0.02691142473,0.01936591155,0.006403605741
10.33767097,29,trans,-1,1,0.2469609139,0.06761713134,0.02706041352,0.02691142473,-0.01936591155,0.006403605741
10.33767097,29,trans,1,-1,0.2469609139,-0.06761713158,-0.02706041344,-0.02691142471,0.01936591154,0.006403605769
10.33767097,29,trans,1,1,0.2469609139,-0.06761713158,-0.02706041344,0.02691142471,-0.01936591154,0.006403605769
10.33767097,29,refl,0,0,0.6077950564,-4.800955111e-16,3.00679427e-17,-0.3380804989,-0.2786558925,0.1919475302
10.33767097,29,refl,-1,0,0.463898978,3.737397412e-16,-5.672717569e-18,-0.0263760674,0.1665571353,0.02843697625
10.33767097,29,refl,0,-1,0.463898978,0.07347833834,0.07822833266,-2.018584152e-10,-1.15521814e-10,0.01151873824
10.33767097,29,refl,0,1,0.463898978,0.07347833834,0.07822833266,2.018585993e-10,1.155219531e-10,0.01151873824
10.33767097,29,refl,1,0,0.463898978,-7.026584174e-17,-8.739530504e-17,-0.02637606692,0.1665571346,0.02843697601
10.33767097,29,refl,-1,-1,0.2469609139,0.06558376118,0.03046290367,0.02808949722,-0.01993295377,0.00641556073
10.33767097,29,refl,-1,1,0.2469609139,0.06558376118,0.03046290367,-0.02808949722,0.01993295377,0.00641556073
10.33767097,29,refl,1,-1,0.2469609139,-0.06558376142,-0.0304629036,0.02808949721,-0.01993295376,0.006415560756
10.33767097,29,refl,1,1,0.2469609139,-0.06558376142,-0.0304629036,-0.02808949721,0.01993295376,0.006415560756
10.2493148,29.25,trans,0,0,0.6130346689,-2.432924215e-16,-2.147453028e-17,0.6731587882,-0.30676478,0.5472473843
10.2493148,29.25,trans,-1,0,0.4707429623,3.691754829e-16,-1.514017034e-16,0.03124779196,-0.1627695115,0.02747033836
10.2493148,29.25,trans,0,-1,0.4707429623,0.06525003741,0.07731363685,1.726049397e-10,1.355250803e-10,0.01023496582
10.2493148,29.25,trans,0,1,0.4707429623,0.06525003741,0.07731363685,-1.726052957e-10,-1.35525844e-10,0.01023496582
10.2493148,29.25,trans,1,0,0.4707429623,5.333037531e-18,-1.28716093e-16,0.03124779144,-0.1627695109,0.02747033815
10.2493148,29.25,trans,-1,-1,0.2595888437,0.06455605096,0.0293325481,-0.02748324867,0.01817420604,0.006113512817
10.2493148,29.25,trans,-1,1,0.2595888437,0.06455605096,0.0293325481,0.02748324867,-0.01817420604,0.006113512817
10.2493148,29.25,trans,1,-1,0.2595888437,-0.0645560512,-0.02933254808,-0.02748324866,0.01817420604,0.006113512846
10.2493148,29.25,trans,1,1,0.2595888437,-0.0645560512,-0.02933254808,0.02748324866,-0.01817420604,0.006113512846
10.2493148,29.25,refl,0,0,0.6130346689,-3.67914654e-16,-2.408090118e-17,-0.32252452,-0.2752670828,0.1797940329
10.2493148,29.25,refl,-1,0,0.4707429623,3.58444765e-16,8.161163494e-18,-0.03359096855,0.1643289174,0.02813234625
10.2493148,29.25,refl,0,-1,0.4707429623,0.06612856784,0.07929888553,-1.782220108e-10,-1.35813781e-10,0.01066130073
10.2493148,29.25,refl,0,1,0.4707429623,0.06612856784,0.07929888553,1.782222231e-10,1.358140062e-10,0.01066130073
10.2493148,29.25,refl,1,0,0.4707429623,-1.906964935e-18,5.166582117e-17,-0.03359096805,0.1643289168,0.02813234603
10.2493148,29.25,refl,-1,-1,0.2595888437,0.062496615,0.03266079004,0.02875338499,-0.01845117017,0.006139756922
10.2493148,29.25,refl,-1,1,0.2595888437,0.062496615,0.03266079004,-0.02875338499,0.01845117017,0.006139756922
10.2493148,29.25,refl,1,-1,0.2595888437,-0.06249661524,-0.03266079002,0.02875338498,-0.01845117016,0.006139756949
10.2493148,29.25,refl,1,1,0.2595888437,-0.06249661524,-0.03266079002,-0.02875338498,0.01845117016,0.006139756949
10.1624562,29.5,trans,0,0,0.6182742815,-2.993246902e-16,1.590518873e-16,0.6886843952,-0.3030702018,0.5661377435
10.1624562,29.5,trans,-1,0,0.4775463521,2.509318631e-16,-1.999930117e-16,0.03841211602,-0.1604395527,0.02721634074
10.1624562,29.5,trans,0,-1,0.4775463521,0.05837319582,0.07800315629,1.468656254e-10,1.523638077e-10,0.009491922381
10.1624562,29.5,trans,0,1,0.4775463521,0.05837319582,0.07800315629,-1.468660314e-10,-1.523643428e-10,0.009491922381
10.1624562,29.5,trans,1,0,0.4775463521,9.029745073e-18,-4.747348868e-17,0.03841211549,-0.1604395522,0.02721634054
10.1624562,29.5,trans,-1,-1,0.2717313924,0.06154144617,0.03148494048,-0.02789740473,0.01687192125,0.005841577991
10.1624562,29.5,trans,-1,1,0.2717313924,0.06154144617,0.03148494048,0.02789740473,-0.01687192125,0.005841577991
10.1624562,29.5,trans,1,-1,0.2717313924,-0.06154144641,-0.03148494051,-0.02789740472,0.01687192124,0.005841578021
10.1624562,29.5,trans,1,1,0.2717313924,-0.06154144641,-0.03148494051,0.02789740472,-0.01687192124,0.005841578021
10.1624562,29.5,refl,0,0,0.6182742815,-4.672868978e-16,1.089302246e-16,-0.3070779184,-0.2715306328,0.1680257325
10.1624562,29.5,refl,-1,0,0.4775463521,2.318268235e-16,-2.914072993e-17,-0.04083666662,0.1619487817,0.02789504122
10.1624562,29.5,refl,0,-1,0.4775463521,0.05911658639,0.07991614354,-1.51978951e-10,-1.527152532e-10,0.009881360785
10.1624562,29.5,refl,0,1,0.4775463521,0.05911658639,0.07991614354,1.519791889e-10,1.527151882e-10,0.009881360785
10.1624562,29.5,refl,1,0,0.4775463521,-1.790107357e-17,1.437907695e-16,-0.04083666611,0.1619487812,0.02789504102
10.1624562,29.5,refl,-1,-1,0.2717313924,0.05946101161,0.03473324301,0.02925688525,-0.0168924173,0.005883329168
10.1624562,29.5,refl,-1,1,0.2717313924,0.05946101161,0.03473324301,-0.02925688525,0.0168924173,0.005883329168
10.1624562,29.5,refl,1,-1,0.2717313924,-0.05946101184,-0.03473324303,0.02925688524,-0.01689241729,0.005883329196
10.1624562,29.5,refl,1,1,0.2717313924,-0.05946101184,-0.03473324303,-0.02925688524,0.01689241729,0.005883329196
10.07705741,29.75,trans,0,0,0.623513894,-1.574132726e-16,1.592439552e-16,0.704060059,-0.2990190481,0.5851129579
10.07705741,29.75,trans,-1,0,0.4843108581,1.791860158e-16,-3.086361073e-16,0.04558377761,-0.1579679717,0.02703176086
10.07705741,29.75,trans,0,-1,0.4843108581,0.05183752778,0.07828609395,1.188019766e-10,1.654711684e-10,0.008815841792
10.07705741,29.75,trans,0,1,0.4843108581,0.05183752778,0.07828609395,-1.188023577e-10,-1.654716281e-10,0.008815841792
10.07705741,29.75,trans,1,0,0.4843108581,8.18887548e-17,1.976544774e-18,0.04558377707,-0.1579679713,0.02703176068
10.07705741,29.75,trans,-1,-1,0.2834509455,0.05856692581,0.03351474567,-0.0281670297,0.01547941532,0.005586316837
10.07705741,29.75,trans,-1,1,0.2834509455,0.05856692581,0.03351474567,0.0281670297,-0.01547941532,0.005586316837
10.07705741,29.75,trans,1,-1,0.2834509455,-0.05856692604,-0.03351474574,-0.02816702969,0.01547941532,0.005586316868
10.07705741,29.75,trans,1,1,0.2834509455,-0.05856692604,-0.03351474574,0.02816702969,-0.01547941532,0.005586316868
10.07705741,29.75,refl,0,0,0.623513894,-3.089846387e-16,7.184956966e-17,-0.2917811354,-0.267444622,0.1566628568
10.07705741,29.75,refl,-1,0,0.4843108581,1.885367424e-16,-1.426840102e-16,-0.04808877029,0.1594344665,0.02773187894
10.07705741,29.75,refl,0,-1,0.4843108581,0.05243284325,0.08013717713,-1.234176329e-10,-1.658750793e-10,0.009171170209
10.07705741,29.75,refl,0,1,0.4843108581,0.05243284325,0.08013717713,1.23417817e-10,1.658748949e-10,0.009171170209
10.07705741,29.75,refl,1,0,0.4843108581,7.536499209e-17,1.908783072e-16,-0.04808876976,0.1594344661,0.02773187875
10.07705741,29.75,refl,-1,-1,0.2834509455,0.05646920795,0.03667822535,0.02961236747,-0.01527205522,0.005644191639
10.07705741,29.75,refl,-1,1,0.2834509455,0.05646920795,0.03667822535,-0.02961236747,0.01527205522,0.005644191639
10.07705741,29.75,refl,1,-1,0.2834509455,-0.05646920817,-0.03667822543,0.02961236747,-0.01527205521,0.005644191669
10.07705741,29.75,refl,1,1,0.2834509455,-0.05646920817,-0.03667822543,-0.02961236747,0.01527205521,0.005644191669
9.993081933,30,trans,0,0,0.6287535066,-1.425163203e-16,2.88645889e-16,0.7192514998,-0.2946107328,0.6041182038
9.993081933,30,trans,-1,0,0.4910380874,1.213202239e-16,-3.675481797e-16,0.05274248271,-0.155370006,0.02692160825
9.993081933,30,trans,0,-1,0.4910380874,0.04563623307,0.0782120507,8.881650605e-11,1.74381978e-10,0.008199790644
9.993081933,30,trans,0,1,0.4910380874,0.04563623307,0.0782120507,-8.881706946e-11,-1.743824918e-10,0.008199790644
9.993081933,30,trans,1,0,0.4910380874,9.636762137e-17,7.551285159e-17,0.05274248216,-0.1553700057,0.02692160808
9.993081933,30,trans,-1,-1,0.2947979554,0.05562866054,0.03541916946,-0.02830340754,0.0140149611,0.005346567451
9.993081933,30,trans,-1,1,0.2947979554,0.05562866054,0.03541916946,0.02830340754,-0.0140149611,0.005346567451
9.993081933,30,trans,1,-1,0.2947979554,-0.05562866074,-0.03541916958,-0.02830340754,0.0140149611,0.005346567483
9.993081933,30,trans,1,1,0.2947979554,-0.05562866074,-0.03541916958,0.02830340754,-0.0140149611,0.005346567483
9.993081933,30,refl,0,0,0.6287535066,-2.89418257e-16,1.514375776e-16,-0.2766681075,-0.2630086715,0.145718803
9.993081933,30,refl,-1,0,0.4910380874,1.368889418e-16,-1.745234989e-16,-0.05532718575,0.1568008334,0.02764759883
9.993081933,30,refl,0,-1,0.4910380874,0.04607176417,0.08000989174,-9.294191531e-11,-1.748269025e-10,0.00852419023
9.993081933,30,refl,0,1,0.4910380874,0.04607176417,0.08000989174,9.294225306e-11,1.748267208e-10,0.00852419023
9.993081933,30,refl,1,0,0.4910380874,8.728840823e-17,2.861932505e-16,-0.05532718521,0.156800833,0.02764759866
9.993081933,30,refl,-1,-1,0.2947979554,0.05351637351,0.03849359206,0.02983053634,-0.01360435982,0.005420698367
9.993081933,30,refl,-1,1,0.2947979554,0.05351637351,0.03849359206,-0.02983053634,0.01360435982,0.005420698367
9.993081933,30,refl,1,-1,0.2947979554,-0.05351637371,-0.03849359219,0.02983053633,-0.01360435981,0.005420698399
9.993081933,30,refl,1,1,0.2947979554,-0.05351637371,-0.03849359219,-0.02983053633,0.01360435981,0.005420698399
9.910494479,30.25,trans,0,0,0.6339931191,-1.291516618e-16,1.601001881e-16,0.7334291824,-0.2881174919,0.6209300547
9.910494479,30.25,trans,-1,0,0.4977295514,1.946858519e-16,-2.056955849e-16,0.05920662883,-0.1521633495,0.02665910984
9.910494479,30.25,trans,0,-1,0.4977295514,0.04010710341,0.07735028837,6.592625831e-11,1.715279954e-10,0.007591646854
9.910494479,30.25,trans,0,1,0.4977295514,0.04010710341,0.07735028837,-6.592673317e-11,-1.715285977e-10,0.007591646854
9.910494479,30.25,trans,1,0,0.4977295514,1.81714765e-16,-3.025341627e-17,0.05920662829,-0.1521633492,0.02665910968
9.910494479,30.25,trans,-1,-1,0.3058138937,0.05247029483,0.03680218937,-0.02839039,0.01281114244,0.005077672598
9.910494479,30.25,trans,-1,1,0.3058138937,0.05247029483,0.03680218937,0.02839039,-0.01281114244,0.005077672598
9.910494479,30.25,trans,1,-1,0.3058138937,-0.05247029501,-0.03680218952,-0.02839039,0.01281114244,0.005077672627
9.910494479,30.25,trans,1,1,0.3058138937,-0.05247029501,-0.03680218952,0.02839039,-0.01281114244,0.005077672627
9.910494479,30.25,refl,0,0,0.6339931191,-2.763898192e-16,-1.807708371e-18,-0.2625938673,-0.2561827154,0.1345851228
9.910494479,30.25,refl,-1,0,0.4977295514,2.156667343e-16,-5.191983855e-18,-0.06187222659,0.1535642308,0.0274101454
9.910494479,30.25,refl,0,-1,0.4977295514,0.0403899215,0.07900459356,-6.970320886e-11,-1.718706233e-10,0.007873071562
9.910494479,30.25,refl,0,1,0.4977295514,0.0403899215,0.07900459356,6.970344412e-11,1.718705262e-10,0.007873071562
9.910494479,30.25,refl,1,0,0.4977295514,1.739440678e-16,1.827953776e-16,-0.06187222606,0.1535642305,0.02741014525
9.910494479,30.25,refl,-1,-1,0.3058138937,0.05035219049,0.03967831499,0.02990083269,-0.01217096676,0.005151903995
9.910494479,30.25,refl,-1,1,0.3058138937,0.05035219049,0.03967831499,-0.02990083269,0.01217096676,0.005151903995
9.910494479,30.25,refl,1,-1,0.3058138937,-0.05035219066,-0.03967831515,0.02990083269,-0.01217096675,0.005151904024
9.910494479,30.25,refl,1,1,0.3058138937,-0.05035219066,-0.03967831515,-0.02990083269,0.01217096675,0.005151904024
9.829260918,30.5,trans,0,0,0.6392327317,-2.414483962e-16,1.361585453e-16,0.7473175655,-0.2813202127,0.6376246058
9.829260918,30.5,trans,-1,0,0.5043866736,1.752762667e-16,-1.442255424e-16,0.06561792513,-0.1488623087,0.02646569904
9.829260918,30.5,trans,0,-1,0.5043866736,0.03495196246,0.07627712727,4.486906078e-11,1.653156684e-10,0.007039839825
9.829260918,30.5,trans,0,1,0.5043866736,0.03495196246,0.07627712727,-4.48693849e-11,-1.653162132e-10,0.007039839825
9.829260918,30.5,trans,1,0,0.5043866736,1.803788383e-16,-1.475777706e-16,0.0656179246,-0.1488623084,0.02646569889
9.829260918,30.5,trans,-1,-1,0.316533328,0.04940612296,0.03806210378,-0.0283614581,0.01158155165,0.004828193374
9.829260918,30.5,trans,-1,1,0.316533328,0.04940612296,0.03806210378,0.0283614581,-0.01158155165,0.004828193374
9.829260918,30.5,trans,1,-1,0.316533328,-0.0494061231,-0.03806210396,-0.0283614581,0.01158155164,0.004828193401
9.829260918,30.5,trans,1,1,0.316533328,-0.0494061231,-0.03806210396,0.0283614581,-0.01158155164,0.004828193401
9.829260918,30.5,refl,0,0,0.6392327317,-4.025375657e-16,-4.045473353e-17,-0.2488078301,-0.2490695992,0.1239410016
9.829260918,30.5,refl,-1,0,0.5043866736,2.048946421e-16,6.539960878e-17,-0.06836365628,0.1502438533,0.02724680495
9.829260918,30.5,refl,0,-1,0.5043866736,0.03508502971,0.0777972725,-4.831329869e-11,-1.655599833e-10,0.007283374918
9.829260918,30.5,refl,0,1,0.5043866736,0.03508502971,0.0777972725,4.831335921e-11,1.65559822e-10,0.007283374918
9.829260918,30.5,refl,1,0,0.5043866736,1.830180995e-16,8.095108866e-17,-0.06836365578,0.150243853,0.02724680481
9.829260918,30.5,refl,-1,-1,0.316533328,0.04728150127,0.04074868898,0.02985953915,-0.01070876881,0.004902265823
9.829260918,30.5,refl,-1,1,0.316533328,0.04728150127,0.04074868898,-0.02985953915,0.01070876881,0.004902265823
9.829260918,30.5,refl,1,-1,0.316533328,-0.04728150141,-0.04074868915,0.02985953915,-0.0107087688,0.00490226585
9.829260918,30.5,refl,1,1,0.316533328,-0.04728150141,-0.04074868915,-0.02985953915,0.0107087688,0.00490226585
9.749348228,30.75,trans,0,0,0.6444723443,-1.807466111e-16,2.090558202e-17,0.7608923793,-0.2742301707,0.6541593994
9.749348228,30.75,trans,-1,0,0.5110107961,2.297496353e-16,-4.745079685e-17,0.07196806844,-0.145481546,0.02634428311
9.749348228,30.75,trans,0,-1,0.5110107961,0.03015402137,0.0750303077,2.614772441e-11,1.562676411e-10,0.006538812078
9.749348228,30.75,trans,0,1,0.5110107961,0.03015402137,0.0750303077,-2.614793283e-11,-1.562683915e-10,0.006538812078
9.749348228,30.75,trans,1,0,0.5110107961,2.408011022e-16,-2.367719216e-16,0.07196806793,-0.1454815458,0.02634428298
9.749348228,30.75,trans,-1,-1,0.3269854201,0.0464320953,0.0392013418,-0.0282294529,0.01033591224,0.004596417765
9.749348228,30.75,trans,-1,1,0.3269854201,0.0464320953,0.0392013418,0.0282294529,-0.01033591224,0.004596417765
9.749348228,30.75,trans,1,-1,0.3269854201,-0.0464320954,-0.039201342,-0.0282294529,0.01033591223,0.00459641779
9.749348228,30.75,trans,1,1,0.3269854201,-0.0464320954,-0.039201342,0.0282294529,-0.01033591223,0.00459641779
9.749348228,30.75,refl,0,0,0.6444723443,-3.527585003e-16,-1.957220193e-16,-0.2353337644,-0.2416802881,0.1137913423
9.749348228,30.75,refl,-1,0,0.5110107961,2.646308276e-16,1.837522215e-16,-0.07479366068,0.1468538443,0.02716014325
9.749348228,30.75,refl,0,-1,0.5110107961,0.03014074576,0.07642434632,-2.927506377e-11,-1.564188186e-10,0.006749145265
9.749348228,30.75,refl,0,1,0.5110107961,0.03014074576,0.07642434632,2.927498288e-11,1.564188495e-10,0.006749145265
9.749348228,30.75,refl,1,0,0.5110107961,2.474780301e-16,9.295895304e-18,-0.07479366019,0.1468538441,0.02716014312
9.749348228,30.75,refl,-1,-1,0.3269854201,0.04430057985,0.04170728769,0.02971753861,-0.009228016727,0.004670327615
9.749348228,30.75,refl,-1,1,0.3269854201,0.04430057985,0.04170728769,-0.02971753861,0.009228016727,0.004670327615
9.749348228,30.75,refl,1,-1,0.3269854201,-0.04430057996,-0.04170728789,0.02971753861,-0.009228016713,0.004670327641
9.749348228,30.75,refl,1,1,0.3269854201,-0.04430057996,-0.04170728789,-0.02971753861,0.009228016713,0.004670327641
9.670724452,31,trans,0,0,0.6497119568,-2.296848903e-16,-7.579755221e-17,0.774132951,-0.2668591551,0.6704956345
9.670724452,31,trans,-1,0,0.5176031859,2.974524387e-16,1.150053848e-16,0.07825114524,-0.1420339425,0.02629688256
9.670724452,31,trans,0,-1,0.5176031859,0.02569778935,0.07364342351,1.012906271e-11,1.450176849e-10,0.006083730204
9.670724452,31,trans,0,1,0.5176031859,0.02569778935,0.07364342351,-1.012895233e-11,-1.450183352e-10,0.006083730204
9.670724452,31,trans,1,0,0.5176031859,3.345174591e-16,-3.547026398e-16,0.07825114474,-0.1420339424,0.02629688244
9.670724452,31,trans,-1,-1,0.3371950315,0.04354557254,0.04022224974,-0.02800619257,0.009082550797,0.004380885813
9.670724452,31,trans,-1,1,0.3371950315,0.04354557254,0.04022224974,0.02800619257,-0.009082550797,0.004380885813
9.670724452,31,trans,1,-1,0.3371950315,-0.04354557261,-0.04022224995,-0.02800619257,0.009082550784,0.004380885836
9.670724452,31,trans,1,1,0.3371950315,-0.04354557261,-0.04022224995,0.02800619257,-0.009082550784,0.004380885836
9.670724452,31,refl,0,0,0.6497119568,-3.987320793e-16,-3.31004851e-16,-0.2221918536,-0.2340261766,0.1041374712
9.670724452,31,refl,-1,0,0.5176031859,3.278502756e-16,3.627717682e-16,-0.08115676124,0.1434065706,0.02715186438
9.670724452,31,refl,0,-1,0.5176031859,0.02554194615,0.07491832592,-1.295491218e-11,-1.450821389e-10,0.006265146571
9.670724452,31,refl,0,1,0.5176031859,0.02554194615,0.07491832592,1.295449216e-11,1.450820534e-10,0.006265146571
9.670724452,31,refl,1,0,0.5176031859,3.38472568e-16,-1.049940154e-16,-0.08115676076,0.1434065704,0.02715186426
9.670724452,31,refl,-1,-1,0.3371950315,0.04140711134,0.04255654454,0.02948510163,-0.007737631254,0.004454850509
9.670724452,31,refl,-1,1,0.3371950315,0.04140711134,0.04255654454,-0.02948510163,0.007737631254,0.004454850509
9.670724452,31,refl,1,-1,0.3371950315,-0.04140711142,-0.04255654475,0.02948510163,-0.007737631239,0.004454850533
9.670724452,31,refl,1,1,0.3371950315,-0.04140711142,-0.04255654475,-0.02948510163,0.007737631239,0.004454850533
9.593358656,31.25,trans,0,0,0.6549515694,-2.502436219e-16,3.517637133e-17,0.7861044102,-0.2578942138,0.6844695693
9.593358656,31.25,trans,-1,0,0.5241650403,1.845077452e-16,-1.544475725e-16,0.08393415609,-0.1381070446,0.02611849833
9.593358656,31.25,trans,0,-1,0.5241650403,0.02183417338,0.07185920081,1.96080979e-12,1.350108399e-10,0.005640475868
9.593358656,31.25,trans,0,1,0.5241650403,0.02183417338,0.07185920081,-1.960809349e-12,-1.350114475e-10,0.005640475868
9.593358656,31.25,trans,1,0,0.5241650403,2.820316827e-16,-3.555490877e-16,0.08393415561,-0.1381070445,0.02611849822
9.593358656,31.25,trans,-1,-1,0.3471835547,0.04055722865,0.04077112052,-0.02787372502,0.007911494285,0.004146709352
9.593358656,31.25,trans,-1,1,0.3471835547,0.04055722865,0.04077112052,0.02787372502,-0.007911494285,0.004146709352
9.593358656,31.25,trans,1,-1,0.3471835547,-0.04055722869,-0.04077112073,-0.02787372502,0.00791149427,0.004146709373
9.593358656,31.25,trans,1,1,0.3471835547,-0.04055722869,-0.04077112073,0.02787372502,-0.00791149427,0.004146709373
9.593358656,31.25,refl,0,0,0.6549515694,-4.213613403e-16,-2.306257575e-16,-0.2103061645,-0.2245454591,0.09464934604
9.593358656,31.25,refl,-1,0,0.5241650403,2.319105919e-16,1.175917898e-16,-0.08682432255,0.1395058435,0.02700034335
9.593358656,31.25,refl,0,-1,0.5241650403,0.02157894022,0.07292972127,-4.71680426e-12,-1.349209461e-10,0.005784394906
9.593358656,31.25,refl,0,1,0.5241650403,0.02157894022,0.07292972127,4.716495299e-12,1.349208396e-10,0.005784394906
9.593358656,31.25,refl,1,0,0.5241650403,3.012535509e-16,-5.809553101e-17,-0.0868243221,0.1395058434,0.02700034324
9.593358656,31.25,refl,-1,-1,0.3471835547,0.03842760191,0.04293464528,0.02921054013,-0.00640114262,0.004214294636
9.593358656,31.25,refl,-1,1,0.3471835547,0.03842760191,0.04293464528,-0.02921054013,0.00640114262,0.004214294636
9.593358656,31.25,refl,1,-1,0.3471835547,-0.03842760196,-0.04293464549,0.02921054013,-0.006401142602,0.004214294657
9.593358656,31.25,refl,1,1,0.3471835547,-0.03842760196,-0.04293464549,-0.02921054013,0.006401142602,0.004214294657
9.517220889,31.5,trans,0,0,0.6601911819,-3.751672756e-12,5.384585245e-13,0.7976784972,-0.2487318287,0.6981585074
9.517220889,31.5,trans,-1,0,0.5306974919,-5.049334307e-13,-6.633426264e-13,0.0895357567,-0.1341433199,0.02601108201
9.517220889,31.5,trans,0,-1,0.5306974919,0.01829551103,0.07005069762,-4.30670274e-12,1.249385969e-10,0.005241825961
9.517220889,31.5,trans,0,1,0.5306974919,0.01829551103,0.07005069762,3.264970506e-12,-1.251105174e-10,0.005241825961
9.517220889,31.5,trans,1,0,0.5306974919,-5.04803694e-13,-6.631635745e-13,0.08953575625,-0.1341433199,0.02601108191
9.517220889,31.5,trans,-1,-1,0.3569695493,0.0377014164,0.04123397376,-0.02766557914,0.006755682345,0.003932660904
9.517220889,31.5,trans,-1,1,0.3569695493,0.0377014164,0.04123397376,0.02766557913,-0.006755682347,0.003932660904
9.517220889,31.5,trans,1,-1,0.3569695493,-0.03770141642,-0.04123397398,-0.02766557913,0.006755682331,0.003932660922
9.517220889,31.5,trans,1,1,0.3569695493,-0.03770141641,-0.04123397397,0.02766557914,-0.006755682329,0.003932660922
9.517220889,31.5,refl,0,0,0.6601911819,-3.751195271e-12,6.189176909e-13,-0.198815936,-0.2148886338,0.08570490131
9.517220889,31.5,refl,-1,0,0.5306974919,-5.456217343e-13,-5.978629116e-13,-0.09241485144,0.1355766584,0.02692153506
9.517220889,31.5,refl,0,-1,0.5306974919,0.0179543439,0.07092408475,1.610768046e-12,-1.247042066e-10,0.005352584262
9.517220889,31.5,refl,0,1,0.5306974919,0.0179543439,0.07092408475,-5.871960756e-13,1.248867079e-10,0.005352584262
9.517220889,31.5,refl,1,0,0.5306974919,-5.455207342e-13,-5.976615038e-13,-0.09241485101,0.1355766583,0.02692153496
9.517220889,31.5,refl,-1,-1,0.3569695493,0.0355802318,0.04324122815,0.02887008771,-0.005057379751,0.003994815761
9.517220889,31.5,refl,-1,1,0.3569695493,0.0355802318,0.04324122816,-0.02887008771,0.005057379753,0.003994815762
9.517220889,31.5,refl,1,-1,0.3569695493,-0.03558023182,-0.04324122837,0.02887008771,-0.005057379733,0.003994815781
9.517220889,31.5,refl,1,1,0.3569695493,-0.03558023181,-0.04324122836,-0.02887008771,0.005057379731,0.00399481578
9.442282142,31.75,trans,0,0,0.6654307945,-2.603208882e-12,1.148192258e-13,0.8088453966,-0.2393904123,0.7115386451
9.442282142,31.75,trans,-1,0,0.5372016134,-2.884943339e-13,-4.873095534e-13,0.09505755964,-0.1301522328,0.02597554336
9.442282142,31.75,trans,0,-1,0.5372016134,0.01505762795,0.06823971403,-7.770721412e-12,1.152963177e-10,0.00488339073
9.442282142,31.75,trans,0,1,0.5372016134,0.01505762795,0.06823971403,7.091664817e-12,-1.154024481e-10,0.00488339073
9.442282142,31.75,trans,1,0,0.5372016134,-2.883252492e-13,-4.86958181e-13,0.09505755921,-0.1301522328,0.02597554326
9.442282142,31.75,trans,-1,-1,0.3665692359,0.03497164301,0.04161408575,-0.02739335017,0.005616709203,0.003736691003
9.442282142,31.75,trans,-1,1,0.3665692359,0.03497164301,0.04161408575,0.02739335017,-0.005616709204,0.003736691004
9.442282142,31.75,trans,1,-1,0.3665692359,-0.034971643,-0.04161408596,-0.02739335017,0.005616709187,0.00373669102
9.442282142,31.75,trans,1,1,0.3665692359,-0.034971643,-0.04161408596,0.02739335017,-0.005616709185,0.00373669102
9.442282142,31.75,refl,0,0,0.6654307945,-2.60698348e-12,1.698568673e-13,-0.1877305004,-0.205073339,0.07729781516
9.442282142,31.75,refl,-1,0,0.5372016134,-3.17324154e-13,-4.417563626e-13,-0.09793024678,0.1316279389,0.02691624754
9.442282142,31.75,refl,0,-1,0.5372016134,0.01464360942,0.06892273295,5.148686754e-12,-1.149396706e-10,0.004964778414
9.442282142,31.75,refl,0,1,0.5372016134,0.01464360942,0.06892273295,-4.478632715e-12,1.150520598e-10,0.004964778414
9.442282142,31.75,refl,1,0,0.5372016134,-3.171830271e-13,-4.413603513e-13,-0.09793024637,0.1316279389,0.02691624745
9.442282142,31.75,refl,-1,-1,0.3665692359,0.03285935016,0.0434792798,0.02847339255,-0.00371082189,0.003794688947
9.442282142,31.75,refl,-1,1,0.3665692359,0.03285935016,0.0434792798,-0.02847339254,0.003710821892,0.003794688947
9.442282142,31.75,refl,1,-1,0.3665692359,-0.03285935015,-0.04347928001,0.02847339254,-0.003710821869,0.003794688965
9.442282142,31.75,refl,1,1,0.3665692359,-0.03285935015,-0.04347928001,-0.02847339255,0.003710821868,0.003794688964
9.368514313,32,trans,0,0,0.670670407,-1.785712417e-12,-9.055639325e-14,0.8195981556,-0.2298870135,0.7245891756
9.368514313,32,trans,-1,0,0.5436784216,-1.573416146e-13,-3.500960223e-13,0.1005024112,-0.126141324,0.02601236828
9.368514313,32,trans,0,-1,0.5436784216,0.01209749576,0.06644539787,-9.513209423e-12,1.061535097e-10,0.004561340302
9.368514313,32,trans,0,1,0.5436784216,0.01209749576,0.06644539787,9.071509197e-12,-1.062174476e-10,0.004561340302
9.368514313,32,trans,1,0,0.5436784216,-1.572745403e-13,-3.495094377e-13,0.1005024108,-0.126141324,0.0260123682
9.368514313,32,trans,-1,-1,0.3759968847,0.03236241741,0.0419144597,-0.0270675675,0.004495267152,0.003557008629
9.368514313,32,trans,-1,1,0.3759968847,0.03236241741,0.0419144597,0.0270675675,-0.004495267153,0.00355700863
9.368514313,32,trans,1,-1,0.3759968847,-0.03236241738,-0.04191445991,-0.02706756749,0.004495267134,0.003557008645
9.368514313,32,trans,1,1,0.3759968847,-0.03236241737,-0.04191445991,0.02706756749,-0.004495267133,0.003557008644
9.368514313,32,refl,0,0,0.670670407,-1.790997299e-12,-5.311456084e-14,-0.1770563532,-0.1951157996,0.06941912746
9.368514313,32,refl,-1,0,0.5436784216,-1.776155542e-13,-3.185597394e-13,-0.1033736114,0.127666708,0.02698489186
9.368514313,32,refl,0,-1,0.5436784216,0.0116232461,0.06694443326,6.964394949e-12,-1.056871071e-10,0.004616656994
9.368514313,32,refl,0,1,0.5436784216,0.0116232461,0.06694443326,-6.526545736e-12,1.057545679e-10,0.004616656994
9.368514313,32,refl,1,0,0.5436784216,-1.775798093e-13,-3.178990366e-13,-0.103373611,0.1276667079,0.02698489177
9.368514313,32,refl,-1,-1,0.3759968847,0.03026019382,0.04365151363,0.02802941201,-0.00236474403,0.003612373925
9.368514313,32,refl,-1,1,0.3759968847,0.03026019382,0.04365151364,-0.02802941201,0.002364744031,0.003612373925
9.368514313,32,refl,1,-1,0.3759968847,-0.03026019379,-0.04365151385,0.02802941201,-0.002364744006,0.003612373941
9.368514313,32,refl,1,1,0.3759968847,-0.03026019379,-0.04365151384,-0.02802941201,0.002364744005,0.003612373941
9.295890171,32.25,trans,0,0,0.6759100196,-1.208120022e-12,-1.667473394e-13,0.8289885691,-0.2192478773,0.7352916794
9.295890171,32.25,trans,-1,0,0.5501288811,-8.20124875e-14,-2.473691676e-13,0.1054112702,-0.1217178502,0.02592677095
9.295890171,32.25,trans,0,-1,0.5501288811,0.009523168968,0.06451447116,-9.73112373e-12,1.014270924e-10,0.004252807736
9.295890171,32.25,trans,0,1,0.5501288811,0.009523168968,0.06451447116,9.441983027e-12,-1.014650251e-10,0.004252807736
9.295890171,32.25,trans,1,0,0.5501288811,-8.178088661e-14,-2.470560235e-13,0.1054112698,-0.1217178502,0.02592677087
9.295890171,32.25,trans,-1,-1,0.3852651256,0.02974525006,0.04176290063,-0.0268584387,0.003270294422,0.003360990325
9.295890171,32.25,trans,-1,1,0.3852651256,0.02974525006,0.04176290063,0.02685843869,-0.003270294422,0.003360990325
9.295890171,32.25,trans,1,-1,0.3852651256,-0.02974525001,-0.04176290083,-0.02685843869,0.003270294403,0.003360990338
9.295890171,32.25,trans,1,1,0.3852651256,-0.02974525001,-0.04176290083,0.02685843869,-0.003270294402,0.003360990338
9.295890171,32.25,refl,0,0,0.6759100196,-1.213264386e-12,-1.426420928e-13,-0.1677140555,-0.183986387,0.061978995
9.295890171,32.25,refl,-1,0,0.5501288811,-9.537602394e-14,-2.260123015e-13,-0.1081047641,0.1233215571,0.02689484648
9.295890171,32.25,refl,0,-1,0.5501288811,0.00899627533,0.06477826262,7.129149612e-12,-1.008394987e-10,0.004277156278
9.295890171,32.25,refl,0,1,0.5501288811,0.00899627533,0.06477826262,-6.840772817e-12,1.008804268e-10,0.004277156278
9.295890171,32.25,refl,1,0,0.5501288811,-9.516570307e-14,-2.256378741e-13,-0.1081047637,0.1233215572,0.0268948464
9.295890171,32.25,refl,-1,-1,0.3852651256,0.02767123357,0.04344382337,0.02759682948,-0.001116272774,0.003415894019
9.295890171,32.25,refl,-1,1,0.3852651256,0.02767123357,0.04344382338,-0.02759682948,0.001116272775,0.003415894019
9.295890171,32.25,refl,1,-1,0.3852651256,-0.02767123352,-0.04344382358,0.02759682948,-0.001116272747,0.003415894034
9.295890171,32.25,refl,1,1,0.3852651256,-0.02767123352,-0.04344382358,-0.02759682948,0.001116272746,0.003415894034
9.224383323,32.5,trans,0,0,0.6811496321,-1.251482598e-12,1.393157144e-12,0.8379482651,-0.208540011,0.7456462312
9.224383323,32.5,trans,-1,0,0.5565539081,-5.155608534e-13,-8.033613434e-14,0.110242193,-0.1172970282,0.02591193395
9.224383323,32.5,trans,0,-1,0.5565539081,0.007173532364,0.06267359863,-9.034118085e-12,9.783587636e-11,0.003979439531
9.224383323,32.5,trans,0,1,0.5565539081,0.007173532364,0.06267359863,8.376121273e-12,-9.742914137e-11,0.003979439531
9.224383323,32.5,trans,1,0,0.5565539081,-5.151720054e-13,-8.025538765e-14,0.1102421926,-0.1172970283,0.02591193387
9.224383323,32.5,trans,-1,-1,0.3943851973,0.02726987248,0.04157545734,-0.02660444071,0.002071419185,0.00318425164
9.224383323,32.5,trans,-1,1,0.3943851973,0.02726987248,0.04157545734,0.0266044407,-0.002071419187,0.003184251641
9.224383323,32.5,trans,1,-1,0.3943851973,-0.02726987241,-0.04157545754,-0.0266044407,0.002071419167,0.003184251653
9.224383323,32.5,trans,1,1,0.3943851973,-0.02726987241,-0.04157545753,0.0266044407,-0.002071419165,0.003184251652
9.224383323,32.5,refl,0,0,0.6811496321,-1.242295654e-12,1.440611631e-12,-0.1588005624,-0.1728063828,0.05507966456
9.224383323,32.5,refl,-1,0,0.5565539081,-5.161195448e-13,-4.436646319e-14,-0.112768044,0.1189814229,0.02687321076
9.224383323,32.5,refl,0,-1,0.5565539081,0.006609654031,0.06270818303,6.367234613e-12,-9.710936422e-11,0.003976003746
9.224383323,32.5,refl,0,1,0.5565539081,0.006609654031,0.06270818303,-5.750340218e-12,9.675893861e-11,0.003976003746
9.224383323,32.5,refl,1,0,0.5565539081,-5.157392753e-13,-4.422711393e-14,-0.1127680437,0.118981423,0.02687321069
9.224383323,32.5,refl,-1,-1,0.3943851973,0.02522715257,0.04321020493,0.02713324146,0.0001358982778,0.003239762298
9.224383323,32.5,refl,-1,1,0.3943851973,0.02522715257,0.04321020494,-0.02713324146,-0.0001358982756,0.003239762298
9.224383323,32.5,refl,1,-1,0.3943851973,-0.0252271525,-0.04321020514,0.02713324146,0.0001358983058,0.003239762312
9.224383323,32.5,refl,1,1,0.3943851973,-0.0252271525,-0.04321020513,-0.02713324146,-0.000135898308,0.003239762311
9.153968183,32.75,trans,0,0,0.6863892447,-8.979268277e-13,8.367619772e-13,0.8464813454,-0.1977781563,0.7556468672
9.153968183,32.75,trans,-1,0,0.5629543733,-3.311637876e-13,-7.801948897e-14,0.1150009242,-0.1128809167,0.0259673139
9.153968183,32.75,trans,0,-1,0.5629543733,0.005022684804,0.0609299526,-7.047349878e-12,9.485182094e-11,0.003737686487
9.153968183,32.75,trans,0,1,0.5629543733,0.005022684804,0.0609299526,6.57126259e-12,-9.451816005e-11,0.003737686487
9.153968183,32.75,trans,1,0,0.5629543733,-3.305253197e-13,-7.805384095e-14,0.1150009238,-0.1128809167,0.02596731383
9.153968183,32.75,trans,-1,-1,0.40336715,0.0249276841,0.04135200494,-0.0263144542,0.000894825999,0.00302462896
9.153968183,32.75,trans,-1,1,0.40336715,0.0249276841,0.04135200495,0.02631445419,-0.0008948260005,0.003024628961
9.153968183,32.75,trans,1,-1,0.40336715,-0.02492768401,-0.04135200514,-0.02631445419,0.0008948259797,0.003024628972
9.153968183,32.75,trans,1,1,0.40336715,-0.024927684,-0.04135200514,0.02631445419,-0.0008948259782,0.003024628971
9.153968183,32.75,refl,0,0,0.6863892447,-8.933482733e-13,8.674591171e-13,-0.1503115758,-0.1615896366,0.04870478048
9.153968183,32.75,refl,-1,0,0.5629543733,-3.31135373e-13,-5.213540745e-14,-0.1173691902,0.1146481588,0.02691972713
9.153968183,32.75,refl,0,-1,0.5629543733,0.004436547292,0.06074133181,4.351962199e-12,-9.402936471e-11,0.003709192342
9.153968183,32.75,refl,0,1,0.5629543733,0.004436547292,0.06074133181,-3.904646442e-12,9.373534123e-11,0.003709192342
9.153968183,32.75,refl,1,0,0.5629543733,-3.305023435e-13,-5.210744189e-14,-0.1173691899,0.1146481589,0.02691972706
9.153968183,32.75,refl,-1,-1,0.40336715,0.02292011977,0.04295033414,0.02664577239,0.001392610825,0.003081999644
9.153968183,32.75,refl,-1,1,0.40336715,0.02292011977,0.04295033414,-0.02664577238,-0.001392610823,0.003081999644
9.153968183,32.75,refl,1,-1,0.40336715,-0.02292011968,-0.04295033434,0.02664577238,0.001392610856,0.003081999657
9.153968183,32.75,refl,1,1,0.40336715,-0.02292011968,-0.04295033434,-0.02664577238,-0.001392610858,0.003081999657
9.084619939,33,trans,0,0,0.6916288572,-6.351749406e-13,4.914224089e-13,0.8545934699,-0.1869736526,0.7652891455
9.084619939,33,trans,-1,0,0.5693311053,-2.107431243e-13,-6.674056011e-14,0.1196934651,-0.108469667,0.02609219425
9.084619939,33,trans,0,-1,0.5693311053,0.00304576937,0.05928929621,-4.190248832e-12,9.267914808e-11,0.003524497356
9.084619939,33,trans,0,1,0.5693311053,0.00304576937,0.05928929621,3.843188508e-12,-9.241337756e-11,0.003524497356
9.084619939,33,trans,1,0,0.5693311053,-2.098574345e-13,-6.681710423e-14,0.1196934647,-0.1084696671,0.02609219418
9.084619939,33,trans,-1,-1,0.4122200124,0.02271106082,0.04109196992,-0.02599643684,-0.0002639303265,0.002880226663
9.084619939,33,trans,-1,1,0.4122200124,0.02271106082,0.04109196992,0.02599643684,0.0002639303255,0.002880226663
9.084619939,33,trans,1,-1,0.4122200124,-0.02271106071,-0.04109197011,-0.02599643683,-0.0002639303466,0.002880226673
9.084619939,33,trans,1,1,0.4122200124,-0.02271106071,-0.04109197011,0.02599643683,0.0002639303477,0.002880226673
9.084619939,33,refl,0,0,0.6916288572,-6.331868847e-13,5.111625495e-13,-0.1422412552,-0.1503465855,0.04283667046
9.084619939,33,refl,-1,0,0.5693311053,-2.105712985e-13,-4.814465596e-14,-0.1219142289,0.1103217363,0.02703396469
9.084619939,33,refl,0,-1,0.5693311053,0.002451109214,0.05888340474,1.4747673e-12,-9.176540356e-11,0.00347326329
9.084619939,33,refl,0,1,0.5693311053,0.002451109214,0.05888340474,-1.147865191e-12,9.152717697e-11,0.00347326329
9.084619939,33,refl,1,0,0.5693311053,-2.096842844e-13,-4.815368135e-14,-0.1219142285,0.1103217363,0.02703396463
9.084619939,33,refl,-1,-1,0.4122200124,0.02074319398,0.04266343844,0.02614086957,0.002655702119,0.002940846892
9.084619939,33,refl,-1,1,0.4122200124,0.02074319398,0.04266343844,-0.02614086957,-0.002655702118,0.002940846892
9.084619939,33,refl,1,-1,0.4122200124,-0.02074319388,-0.04266343864,0.02614086957,0.002655702153,0.002940846904
9.084619939,33,refl,1,1,0.4122200124,-0.02074319388,-0.04266343864,-0.02614086957,-0.002655702154,0.002940846904
9.016314526,33.25,trans,0,0,0.6968684698,-4.465237236e-13,2.780293635e-13,0.8613544994,-0.1754546318,0.7727159015
9.016314526,33.25,trans,-1,0,0.5756848925,-1.329034583e-13,-5.450111012e-14,0.12386313,-0.1037093392,0.02609770202
9.016314526,33.25,trans,0,-1,0.5756848925,0.001205731514,0.05761363321,-3.509237753e-12,9.421023928e-11,0.00332078452
9.016314526,33.25,trans,0,1,0.5756848925,0.001205731514,0.05761363321,3.252733435e-12,-9.400808326e-11,0.00332078452
9.016314526,33.25,trans,1,0,0.5756848925,-1.324599068e-13,-5.456636595e-14,0.1238631297,-0.1037093393,0.02609770196
9.016314526,33.25,trans,-1,-1,0.4209519292,0.0205424849,0.0404069247,-0.02573585661,-0.001629195653,0.002719701844
9.016314526,33.25,trans,-1,1,0.4209519292,0.0205424849,0.04040692471,0.02573585661,0.001629195652,0.002719701844
9.016314526,33.25,trans,1,-1,0.4209519292,-0.02054248477,-0.04040692489,-0.02573585661,-0.001629195673,0.002719701853
9.016314526,33.25,trans,1,1,0.4209519292,-0.02054248477,-0.04040692488,0.02573585661,0.001629195674,0.002719701853
9.016314526,33.25,refl,0,0,0.6968684698,-4.457514987e-13,2.901652223e-13,-0.1354839312,-0.1385630919,0.03755562603
9.016314526,33.25,refl,-1,0,0.5756848925,-1.323081013e-13,-4.155151741e-14,-0.1257495385,0.1056514289,0.02697517086
9.016314526,33.25,refl,0,-1,0.5756848925,0.0005340557606,0.05698079266,8.371214438e-13,-9.323895301e-11,0.003247095948
9.016314526,33.25,refl,0,1,0.5756848925,0.0005340557606,0.05698079266,-5.947136601e-13,9.305584171e-11,0.003247095948
9.016314526,33.25,refl,1,0,0.5756848925,-1.318514793e-13,-4.154298061e-14,-0.1257495381,0.105651429,0.0269751708
9.016314526,33.25,refl,-1,-1,0.4209519292,0.01863745291,0.04202134625,0.02566006953,0.003826763193,0.002786231476
9.016314526,33.25,refl,-1,1,0.4209519292,0.01863745291,0.04202134625,-0.02566006953,-0.003826763192,0.002786231476
9.016314526,33.25,refl,1,-1,0.4209519292,-0.01863745279,-0.04202134644,0.02566006953,0.00382676323,0.002786231488
9.016314526,33.25,refl,1,1,0.4209519292,-0.01863745279,-0.04202134644,-0.02566006953,-0.003826763231,0.002786231488
8.949028597,33.5,trans,0,0,0.7021080824,-3.099495879e-13,1.509437294e-13,0.867724023,-0.1639636561,0.7798290606
8.949028597,33.5,trans,-1,0,0.5820164865,-8.302586671e-14,-4.195332267e-14,0.1279702962,-0.09896688777,0.02617084157
8.949028597,33.5,trans,0,-1,0.5820164865,-0.0005240423963,0.05606868176,-2.31941022e-12,9.715524437e-11,0.003143971695
8.949028597,33.5,trans,0,1,0.5820164865,-0.0005240423963,0.05606868176,2.129195272e-12,-9.700411646e-11,0.003143971695
8.949028597,33.5,trans,1,0,0.5820164865,-8.29203317e-14,-4.208254971e-14,0.1279702958,-0.09896688788,0.02617084152
8.949028597,33.5,trans,-1,-1,0.4295702757,0.01850140633,0.03972102383,-0.0254499009,-0.002977247624,0.00257662323
8.949028597,33.5,trans,-1,1,0.4295702757,0.01850140633,0.03972102384,0.0254499009,0.002977247623,0.00257662323
8.949028597,33.5,trans,1,-1,0.4295702757,-0.01850140618,-0.03972102401,-0.02544990089,-0.002977247644,0.002576623238
8.949028597,33.5,trans,1,1,0.4295702757,-0.01850140618,-0.03972102401,0.02544990089,0.002977247645,0.002576623238
8.949028597,33.5,refl,0,0,0.7021080824,-3.097892892e-13,1.583100423e-13,-0.1291174941,-0.1268168609,0.03275384347
8.949028597,33.5,refl,-1,0,0.5820164865,-8.239600054e-14,-3.291807873e-14,-0.1295360374,0.1009955767,0.02697969149
8.949028597,33.5,refl,0,-1,0.5820164865,-0.001260660371,0.05521430507,-3.003334869e-13,-9.612682989e-11,0.003050208749
8.949028597,33.5,refl,0,1,0.5820164865,-0.001260660371,0.05521430507,4.8071542e-13,9.598867584e-11,0.003050208749
8.949028597,33.5,refl,1,0,0.5820164865,-8.227289217e-14,-3.297269606e-14,-0.1295360371,0.1009955768,0.02697969144
8.949028597,33.5,refl,-1,-1,0.4295702757,0.01666478423,0.0413787467,0.02516773189,0.005011263935,0.002648443207
8.949028597,33.5,refl,-1,1,0.4295702757,0.01666478423,0.0413787467,-0.02516773189,-0.005011263935,0.002648443207
8.949028597,33.5,refl,1,-1,0.4295702757,-0.01666478409,-0.04137874688,0.02516773189,0.005011263974,0.002648443217
8.949028597,33.5,refl,1,1,0.4295702757,-0.01666478409,-0.04137874688,-0.02516773189,-0.005011263975,0.002648443217
8.882739496,33.75,trans,0,0,0.7073476949,-2.519568461e-13,7.957727401e-14,0.8737143986,-0.1524996304,0.7866329877
8.882739496,33.75,trans,-1,0,0.5883266038,-4.640372925e-14,-3.996507346e-14,0.1320196236,-0.09423694278,0.0263097824
8.882739496,33.75,trans,0,-1,0.5883266038,-0.002168071251,0.05465110278,-6.823135211e-13,1.015279238e-10,0.002991443568
8.882739496,33.75,trans,0,1,0.5883266038,-0.002168071251,0.05465110278,4.75462227e-13,-1.015264106e-10,0.002991443568
8.882739496,33.75,trans,1,0,0.5883266038,-4.65298562e-14,-4.01976397e-14,0.1320196233,-0.09423694291,0.02630978235
8.882739496,33.75,trans,-1,-1,0.4380817549,0.01658031502,0.03902775242,-0.02514476647,-0.004316447246,0.002448963303
8.882739496,33.75,trans,-1,1,0.4380817549,0.01658031502,0.03902775242,0.02514476647,0.004316447246,0.002448963303
8.882739496,33.75,trans,1,-1,0.4380817549,-0.01658031485,-0.03902775259,-0.02514476646,-0.004316447267,0.00244896331
8.882739496,33.75,trans,1,1,0.4380817549,-0.01658031485,-0.03902775259,0.02514476646,0.004316447268,0.00244896331
8.882739496,33.75,refl,0,0,0.7073476949,-2.51888774e-13,8.021684895e-14,-0.1231297732,-0.1151061709,0.02841037163
8.882739496,33.75,refl,-1,0,0.5883266038,-5.825509015e-14,-2.77462719e-14,-0.1332783654,0.09634910368,0.02704627246
8.882739496,33.75,refl,0,-1,0.5883266038,-0.002958735977,0.05358061001,-1.872459946e-12,-1.004461561e-10,0.002879635888
8.882739496,33.75,refl,0,1,0.5883266038,-0.002958735977,0.05358061001,2.077482501e-12,1.004445721e-10,0.002879635888
8.882739496,33.75,refl,1,0,0.5883266038,-5.836036311e-14,-2.787760068e-14,-0.1332783651,0.09634910382,0.02704627241
8.882739496,33.75,refl,-1,-1,0.4380817549,0.01481833919,0.04072912881,0.02466833828,0.006215665492,0.002525606521
8.882739496,33.75,refl,-1,1,0.4380817549,0.01481833919,0.04072912881,-0.02466833828,-0.006215665491,0.002525606521
8.882739496,33.75,refl,1,-1,0.4380817549,-0.01481833903,-0.04072912898,0.02466833828,0.006215665533,0.002525606531
8.882739496,33.75,refl,1,1,0.4380817549,-0.01481833903,-0.04072912898,-0.02466833828,-0.006215665534,0.002525606531
8.817425235,34,trans,0,0,0.7125873075,-1.759846779e-13,3.270773692e-14,0.8793379122,-0.1410551483,0.7931317188
8.817425235,34,trans,-1,0,0.5946159281,-2.9253134e-14,-2.929817988e-14,0.1360153503,-0.08951218775,0.02651260728
8.817425235,34,trans,0,-1,0.5946159281,-0.00375130367,0.05335694065,1.448417901e-12,1.075851307e-10,0.002861035395
8.817425235,34,trans,0,1,0.5946159281,-0.00375130367,0.05335694065,-1.594995034e-12,-1.075913895e-10,0.002861035395
8.817425235,34,trans,1,0,0.5946159281,-2.954715991e-14,-2.963399313e-14,0.13601535,-0.08951218791,0.02651260723
8.817425235,34,trans,-1,-1,0.4464924784,0.01477295802,0.03831954788,-0.02482606387,-0.005656427839,0.002334956661
8.817425235,34,trans,-1,1,0.4464924784,0.01477295802,0.03831954788,0.02482606387,0.005656427838,0.002334956661
8.817425235,34,trans,1,-1,0.4464924784,-0.01477295783,-0.03831954804,-0.02482606386,-0.005656427859,0.002334956668
8.817425235,34,trans,1,1,0.4464924784,-0.01477295783,-0.03831954804,0.02482606386,0.005656427859,0.002334956668
8.817425235,34,refl,0,0,0.7125873075,-1.754748845e-13,3.286419857e-14,-0.1175086694,-0.1034229773,0.02450459962
8.817425235,34,refl,-1,0,0.5946159281,-3.732022462e-14,-2.120607652e-14,-0.1369808604,0.09170499828,0.02717356282
8.817425235,34,refl,0,-1,0.5946159281,-0.004586355514,0.05207564882,-3.930110553e-12,-1.064421538e-10,0.002732907857
8.817425235,34,refl,0,1,0.5946159281,-0.004586355514,0.05207564882,4.075112442e-12,1.064482504e-10,0.002732907857
8.817425235,34,refl,1,0,0.5946159281,-3.758978852e-14,-2.142871286e-14,-0.1369808601,0.09170499845,0.02717356278
8.817425235,34,refl,-1,-1,0.4464924784,0.0130925868,0.04006488506,0.02416591101,0.00744804343,0.002416075449
8.817425235,34,refl,-1,1,0.4464924784,0.0130925868,0.04006488506,-0.02416591101,-0.00744804343,0.002416075449
8.817425235,34,refl,1,-1,0.4464924784,-0.01309258661,-0.04006488523,0.02416591101,0.007448043474,0.002416075459
8.817425235,34,refl,1,1,0.4464924784,-0.01309258661,-0.04006488523,-0.02416591101,-0.007448043474,0.002416075459
