lam_um,f_THz,side,n1,n2,kz_rad_per_um,Re_S_TE,Im_S_TE,Re_S_TM,Im_S_TM,power
29.9792458,10,trans,0,0,0.2095845022,-7.797666197e-15,-3.637824089e-16,0.7211834998,0.3702367955,0.6571809251
29.9792458,10,refl,0,0,0.2095845022,-8.095717836e-15,4.292139371e-16,-0.2822815379,0.3851969409,0.2280595499
29.24804468,10.25,trans,0,0,0.2148241148,-7.711391176e-15,-3.651659618e-16,0.6882912811,0.3848799698,0.6218774789
29.24804468,10.25,refl,0,0,0.2148241148,-7.894518756e-15,3.356467364e-16,-0.3127506184,0.4002135623,0.2579838447
28.55166267,10.5,trans,0,0,0.2200637273,-7.659560813e-15,-1.781939158e-16,0.6603636294,0.3977064557,0.5942505479
28.55166267,10.5,refl,0,0,0.2200637273,-7.800222788e-15,4.234851393e-16,-0.3386160193,0.4129670707,0.28520261
27.88767051,10.75,trans,0,0,0.2253033399,-7.500778096e-15,-1.519685825e-16,0.6373780865,0.4093007896,0.5737779614
27.88767051,10.75,refl,0,0,0.2253033399,-7.697040608e-15,3.767570605e-16,-0.3599113752,0.4242770175,0.3095471856
27.25385982,11,trans,0,0,0.2305429524,-7.489740879e-15,7.310049174e-17,0.6189814815,0.4203405269,0.5598242331
27.25385982,11,refl,0,0,0.2305429524,-7.64033394e-15,4.5720512e-16,-0.3769565804,0.4349586766,0.3312853138
26.64821849,11.25,trans,0,0,0.235782565,-7.45977259e-15,-4.009617811e-17,0.5831259759,0.4239101697,0.5197357357
26.64821849,11.25,refl,0,0,0.235782565,-7.643282952e-15,2.614307948e-16,-0.410177895,0.4365180514,0.3587939148
26.06890939,11.5,trans,0,0,0.2410221775,-7.602520388e-15,9.219114936e-17,0.5524778985,0.4289769214,0.4892530275
26.06890939,11.5,refl,0,0,0.2410221775,-7.809309513e-15,2.859982002e-16,-0.4387797745,0.4397054936,0.3858686115
25.51425174,11.75,trans,0,0,0.2462617901,-7.608262897e-15,2.248834001e-16,0.5262709174,0.435987743,0.4670463906
25.51425174,11.75,refl,0,0,0.2462617901,-7.765515671e-15,2.286530697e-16,-0.4633693043,0.444939671,0.412682423
24.98270483,12,trans,0,0,0.2515014026,-7.314663745e-15,5.154419881e-16,0.5036265048,0.4451001335,0.4517537852
24.98270483,12,refl,0,0,0.2515014026,-7.450791383e-15,5.184673899e-16,-0.4847197288,0.4523712945,0.4395930036
24.47285371,12.25,trans,0,0,0.2567410152,-6.544804239e-15,4.0636912e-16,0.4738470514,0.4338948488,0.412795768
24.47285371,12.25,refl,0,0,0.2567410152,-6.641036883e-15,3.945786626e-16,-0.5132346336,0.4399356377,0.4569531545
23.98339664,12.5,trans,0,0,0.2619806277,-6.758796666e-15,-7.637597955e-17,0.4441993163,0.4273678523,0.3799563138
23.98339664,12.5,refl,0,0,0.2619806277,-6.701405723e-15,-7.374086837e-17,-0.5415644577,0.4322421241,0.4801253157
23.51313396,12.75,trans,0,0,0.2672202403,-5.912611569e-15,2.295616363e-16,0.4130597301,0.423981865,0.3503789625
23.51313396,12.75,refl,0,0,0.2672202403,-5.818692816e-15,2.104810683e-16,-0.571287712,0.4278017265,0.509383967
23.06095831,13,trans,0,0,0.2724598529,-5.137220023e-15,5.653011237e-16,0.3777593458,0.4221551682,0.3209171094
23.06095831,13,refl,0,0,0.2724598529,-4.996120599e-15,4.992008283e-16,-0.6049790106,0.4250957276,0.5467059809
22.62584589,13.25,trans,0,0,0.2776994654,-4.88128547e-15,-3.051020891e-16,0.3494860235,0.3748677439,0.262666306
22.62584589,13.25,refl,0,0,0.2776994654,-4.683350255e-15,-3.110362823e-16,-0.6331689694,0.3810647183,0.5461132633
22.20684874,13.5,trans,0,0,0.282939078,-4.856538839e-15,-1.919916902e-16,0.3223029514,0.3092425041,0.1995101188
22.20684874,13.5,refl,0,0,0.282939078,-4.752293134e-15,-2.228372935e-16,-0.6606035538,0.319641615,0.5385678173
21.80308785,13.75,trans,0,0,0.2881786905,-4.68718302e-15,8.215064489e-16,0.3276581102,0.1940180108,0.1450028257
21.80308785,13.75,refl,0,0,0.2881786905,-4.800099215e-15,6.73479282e-16,-0.6577684939,0.2108582941,0.4771206118
21.413747,14,trans,0,0,0.2934183031,-1.070393953e-14,-1.654784935e-16,0.5217153401,0.07216425267,0.2773945754
21.413747,14,refl,0,0,0.2934183031,-1.103231071e-14,-1.064418682e-15,-0.4759906995,0.09379675391,0.235364977
21.03806723,14.25,trans,0,0,0.2986579156,-6.767644748e-15,-4.292840646e-15,0.6217994591,0.3015578558,0.4775717077
21.03806723,14.25,refl,0,0,0.2986579156,-6.073122934e-15,-5.22615007e-15,-0.3800648473,0.3115505924,0.2415130598
20.67534193,14.5,trans,0,0,0.3038975282,-6.175830583e-15,-4.429671646e-15,0.5300476654,0.4128015045,0.4513556097
20.67534193,14.5,refl,0,0,0.3038975282,-5.281343697e-15,-4.957536768e-15,-0.4677347952,0.4196250501,0.3948610213
20.32491241,14.75,trans,0,0,0.3091371407,-5.243815651e-15,-3.26996963e-15,0.4437451931,0.4411935675,0.3915615604
20.32491241,14.75,refl,0,0,0.3091371407,-4.351814008e-15,-3.533134949e-15,-0.5514009829,0.4488780377,0.5055345367
19.98616387,15,trans,0,0,0.3143767533,-4.009385403e-15,-4.236722831e-15,0.3758815373,0.4462520802,0.3404278492
19.98616387,15,refl,0,0,0.3143767533,-3.181428342e-15,-4.415342726e-15,-0.61795892,0.4556447025,0.5894853218
19.65852184,15.25,trans,0,0,0.3196163658,-3.186466412e-15,-3.113659354e-15,0.3266656988,0.4130228634,0.2772983645
19.65852184,15.25,refl,0,0,0.3196163658,-2.405127715e-15,-3.208142491e-15,-0.6666514794,0.4240673652,0.6242573252
19.3414489,15.5,trans,0,0,0.3248559784,-2.859582836e-15,-3.699941863e-15,0.2821956788,0.3822827035,0.2257744665
19.3414489,15.5,refl,0,0,0.3248559784,-2.087512212e-15,-3.707384972e-15,-0.7109838377,0.3946780229,0.6612687592
19.03444178,15.75,trans,0,0,0.330095591,-1.389847131e-15,-3.471333256e-15,0.2385556413,0.3527487216,0.1813404546
19.03444178,15.75,refl,0,0,0.330095591,-6.545238212e-16,-3.537032834e-15,-0.754653273,0.3662813853,0.7036636158
18.73702863,16,trans,0,0,0.3353352035,-6.465532708e-16,-4.141188677e-15,0.1932816774,0.3232129981,0.141824449
18.73702863,16,refl,0,0,0.3353352035,7.406285264e-17,-4.076545596e-15,-0.8000214658,0.3377124801,0.7540840649
18.44876665,16.25,trans,0,0,0.3405748161,-7.667572588e-16,-3.543112296e-15,0.1715266643,0.2783684794,0.1069104069
18.44876665,16.25,refl,0,0,0.3405748161,-8.484513119e-17,-3.426760719e-15,-0.8222734976,0.2918614813,0.7613168292
18.16923988,16.5,trans,0,0,0.3458144286,-4.841101076e-16,-3.354315918e-15,0.1480243348,0.2307394125,0.07515188015
18.16923988,16.5,refl,0,0,0.3458144286,1.914465959e-16,-3.270658992e-15,-0.8462861517,0.2431059802,0.7753007683
17.89805719,16.75,trans,0,0,0.3510540412,-1.634136836e-16,-3.45116646e-15,0.1232378059,0.1776864585,0.04676003432
17.89805719,16.75,refl,0,0,0.3510540412,4.950642841e-16,-3.287074315e-15,-0.8715562515,0.1888029291,0.7952568456
17.63485047,17,trans,0,0,0.3562936537,-1.214986309e-16,-3.419834249e-15,0.09827020497,0.1157634059,0.02305819932
17.63485047,17,refl,0,0,0.3562936537,5.964046403e-16,-3.282670052e-15,-0.896944334,0.1254564093,0.8202484488
17.37927293,17.25,trans,0,0,0.3615332663,-3.835968784e-17,-2.054291549e-15,0.1027758508,0.04991150045,0.01305403338
17.37927293,17.25,refl,0,0,0.3615332663,6.28510831e-16,-1.870257721e-15,-0.8929341052,0.05791600856,0.8006855803
17.1309976,17.5,trans,0,0,0.3667728788,-7.097975804e-17,-1.494521127e-15,0.1209529969,-0.02727731287,0.01537367926
17.1309976,17.5,refl,0,0,0.3667728788,5.498340878e-16,-1.267914983e-15,-0.8748385449,-0.02140148745,0.7658005033
16.88971594,17.75,trans,0,0,0.3720124914,-5.736154058e-16,-6.396044409e-16,0.1743963108,-0.117222001,0.04415507072
16.88971594,17.75,refl,0,0,0.3720124914,-4.969262748e-17,-2.316690098e-16,-0.8203890137,-0.114280651,0.686098201
16.65513656,18,trans,0,0,0.377252104,-2.342442388e-15,7.547811051e-16,0.3399927233,-0.1763571636,0.146696901
16.65513656,18,refl,0,0,0.377252104,-2.143801886e-15,1.4135342e-15,-0.6492572264,-0.1770651289,0.4528870059
16.426984,18.25,trans,0,0,0.3824917165,-1.380124867e-18,-2.456225964e-15,0.3244822727,0.1151439533,0.1185468753
16.426984,18.25,refl,0,0,0.3824917165,-3.783541576e-16,-2.394531091e-15,-0.662601661,0.1289309567,0.4556641527
16.20499773,18.5,trans,0,0,0.3877313291,2.99550576e-15,3.143817415e-17,0.1127739335,-0.0697862722,0.01758808386
16.20499773,18.5,refl,0,0,0.3877313291,2.918184743e-15,-2.6253614e-16,-0.8822062489,-0.05345448971,0.7811452481
15.98893109,18.75,trans,0,0,0.3929709416,-1.383784355e-15,2.173679673e-15,0.2072229169,-0.266744906,0.1140941822
15.98893109,18.75,trans,-1,0,0.01461479345,6.159159595e-16,6.73906596e-16,-0.02416535782,-0.08041340795,0.007050280697
15.98893109,18.75,trans,0,-1,0.01461479345,-0.04353181104,-0.02301739602,-6.508652366e-12,6.264801625e-12,0.002424819092
15.98893109,18.75,trans,0,1,0.01461479345,-0.04353181104,-0.02301739602,6.505261722e-12,-6.260812258e-12,0.002424819092
15.98893109,18.75,trans,1,0,0.01461479345,7.124404358e-16,-1.755914478e-16,-0.02416535786,-0.08041340803,0.007050280711
15.98893109,18.75,refl,0,0,0.3929709416,-1.185829177e-15,1.931057783e-15,-0.7885782524,-0.2500822402,0.684396787
15.98893109,18.75,refl,-1,0,0.01461479345,1.06538807e-15,3.252256076e-16,-0.0619144821,0.06805399492,0.008464749318
15.98893109,18.75,refl,0,-1,0.01461479345,-0.04724401821,-0.02183815292,-2.471906768e-11,6.614369654e-12,0.00270890218
15.98893109,18.75,refl,0,1,0.01461479345,-0.04724401821,-0.02183815292,2.471713057e-11,-6.605494608e-12,0.00270890218
15.98893109,18.75,refl,1,0,0.01461479345,1.138993288e-15,-4.876038577e-16,-0.06191448217,0.06805399485,0.008464749316
15.77855042,19,trans,0,0,0.3982105542,-2.328171417e-15,1.016002644e-15,0.3199938882,-0.2986954199,0.1916150424
15.77855042,19,trans,-1,0,0.06602330411,1.003470503e-15,9.227139694e-16,-0.01108591155,-0.1454348253,0.02127418584
15.77855042,19,trans,0,-1,0.06602330411,-0.08937440271,-0.0335975913,1.182251736e-11,2.864539181e-12,0.009116582002
15.77855042,19,trans,0,1,0.06602330411,-0.08937440271,-0.0335975913,-1.182666295e-11,-2.862622724e-12,0.009116582002
15.77855042,19,trans,1,0,0.06602330411,1.270385373e-15,7.633439699e-16,-0.01108591155,-0.1454348253,0.02127418585
15.77855042,19,refl,0,0,0.3982105542,-2.287898139e-15,8.140942023e-16,-0.6740790862,-0.279620547,0.5325702647
15.77855042,19,refl,-1,0,0.06602330411,1.834341689e-15,3.876478448e-16,-0.0200895365,0.1399726096,0.01999592091
15.77855042,19,refl,0,-1,0.06602330411,-0.09893929085,-0.03077135165,-2.819077415e-11,4.94648554e-13,0.01073585936
15.77855042,19,refl,0,1,0.06602330411,-0.09893929085,-0.03077135165,2.819266651e-11,-4.886608143e-13,0.01073585936
15.77855042,19,refl,1,0,0.06602330411,1.915118828e-15,1.3765084e-17,-0.02008953657,0.1399726095,0.0199959209
15.57363418,19.25,trans,0,0,0.4034501667,-3.566664546e-15,5.540057406e-16,0.4177416911,-0.3042783552,0.2670934379
15.57363418,19.25,trans,-1,0,0.09251739439,1.429136148e-15,1.192790308e-15,-0.005743571685,-0.1598610819,0.02558855413
15.57363418,19.25,trans,0,-1,0.09251739439,-0.09956011325,-0.05038498599,1.738705814e-11,1.339855836e-12,0.01245086296
15.57363418,19.25,trans,0,1,0.09251739439,-0.09956011325,-0.05038498599,-1.738975132e-11,-1.33946541e-12,0.01245086296
15.57363418,19.25,trans,1,0,0.09251739439,1.509534018e-15,8.227894104e-16,-0.005743571677,-0.159861082,0.02558855414
15.57363418,19.25,refl,0,0,0.4034501667,-3.537631051e-15,4.37872456e-16,-0.5745801121,-0.2832042382,0.4103469457
15.57363418,19.25,refl,-1,0,0.09251739439,2.072250828e-15,8.481207137e-16,-0.01313299644,0.1527761614,0.0235130311
15.57363418,19.25,refl,0,-1,0.09251739439,-0.1104736565,-0.04684744528,-3.216350872e-11,-4.508787103e-12,0.01439911192
15.57363418,19.25,refl,0,1,0.09251739439,-0.1104736565,-0.04684744528,3.216469861e-11,4.514311096e-12,0.01439911192
15.57363418,19.25,refl,1,0,0.09251739439,1.988643871e-15,2.708605942e-16,-0.01313299652,0.1527761614,0.02351303109
15.37397221,19.5,trans,0,0,0.4086897793,-2.036208666e-15,-1.283716939e-15,0.5112474335,-0.2846002202,0.3423712236
15.37397221,19.5,trans,-1,0,0.1132023274,9.338106987e-16,1.477242029e-15,0.006606191394,-0.1682235647,0.02834280947
15.37397221,19.5,trans,0,-1,0.1132023274,-0.1035911611,-0.07682438133,2.130860554e-11,5.487780556e-13,0.01663311422
15.37397221,19.5,trans,0,1,0.1132023274,-0.1035911611,-0.07682438133,-2.131071501e-11,-5.494449507e-13,0.01663311422
15.37397221,19.5,trans,1,0,0.1132023274,1.152112561e-15,1.012334589e-15,0.006606191409,-0.1682235647,0.02834280948
15.37397221,19.5,refl,0,0,0.4086897793,-2.01581632e-15,-1.265358407e-15,-0.4800225905,-0.2611162603,0.2986033888
15.37397221,19.5,refl,-1,0,0.1132023274,1.227684994e-15,1.271336285e-15,-0.01664817201,0.1603251513,0.02598131577
15.37397221,19.5,refl,0,-1,0.1132023274,-0.1149200746,-0.07260002417,-3.548366709e-11,-8.535860706e-12,0.01847738706
15.37397221,19.5,refl,0,1,0.1132023274,-0.1149200746,-0.07260002417,3.548476894e-11,8.541438769e-12,0.01847738706
15.37397221,19.5,refl,1,0,0.1132023274,1.317651455e-15,6.338821328e-16,-0.0166481721,0.1603251513,0.02598131576
15.17936496,19.75,trans,0,0,0.4139293918,-2.326915367e-15,-2.235960544e-15,0.5940992747,-0.2371146455,0.4091773033
15.17936496,19.75,trans,-1,0,0.1308624188,8.03976384e-16,1.832049118e-15,0.02315609819,-0.1732989452,0.03056872928
15.17936496,19.75,trans,0,-1,0.1308624188,-0.100664176,-0.1101415123,2.452585928e-11,8.829258058e-14,0.02226442906
15.17936496,19.75,trans,0,1,0.1308624188,-0.100664176,-0.1101415123,-2.452590332e-11,-9.052055017e-14,0.02226442906
15.17936496,19.75,trans,1,0,0.1308624188,1.101291444e-15,1.415511098e-15,0.02315609821,-0.1732989452,0.03056872929
15.17936496,19.75,refl,0,0,0.4139293918,-2.28715591e-15,-2.137550595e-15,-0.396983457,-0.2110786158,0.2021500472
15.17936496,19.75,refl,-1,0,0.1308624188,7.673704814e-16,1.71029185e-15,-0.0255465022,0.1653648116,0.0279981447
15.17936496,19.75,refl,0,-1,0.1308624188,-0.112067757,-0.1049976889,-3.836055398e-11,-1.191918353e-11,0.02358369684
15.17936496,19.75,refl,0,1,0.1308624188,-0.112067757,-0.1049976889,3.83599708e-11,1.192575815e-11,0.02358369684
15.17936496,19.75,refl,1,0,0.1308624188,9.5620059e-16,1.172880464e-15,-0.02554650229,0.1653648116,0.02799814469
14.9896229,20,trans,0,0,0.4191690044,-1.461449752e-15,-2.962260679e-15,0.6566584918,-0.1646634031,0.4583144112
14.9896229,20,trans,-1,0,0.1465949708,3.257827999e-16,1.895768553e-15,0.04184016546,-0.175307676,0.03248338073
14.9896229,20,trans,0,-1,0.1465949708,-0.0889598895,-0.1472026157,2.735647407e-11,-1.981643416e-13,0.02958247201
14.9896229,20,trans,0,1,0.1465949708,-0.0889598895,-0.1472026157,-2.735483565e-11,1.96723812e-13,0.02958247201
14.9896229,20,trans,1,0,0.1465949708,8.90428596e-16,1.387848557e-15,0.04184016549,-0.1753076761,0.03248338073
14.9896229,20,refl,0,0,0.4191690044,-1.415408081e-15,-2.801110299e-15,-0.3351452406,-0.1362615144,0.1308895326
14.9896229,20,refl,-1,0,0.1465949708,-4.627698447e-17,1.799552377e-15,-0.03721384943,0.168177995,0.0296687086
14.9896229,20,refl,0,-1,0.1465949708,-0.1004712284,-0.1408507779,-4.092412795e-11,-1.480100468e-11,0.02993340939
14.9896229,20,refl,0,1,0.1465949708,-0.1004712284,-0.1408507779,4.092217763e-11,1.480649432e-11,0.02993340939
14.9896229,20,refl,1,0,0.1465949708,4.069147793e-16,1.238824886e-15,-0.03721384953,0.168177995,0.0296687086
14.80456583,20.25,trans,0,0,0.4244086169,-2.448968747e-16,-2.358906465e-15,0.6782693925,-0.07015620802,0.4649712623
14.80456583,20.25,trans,-1,0,0.1609661622,4.109263162e-17,1.060036368e-15,0.05759567056,-0.1668621003,0.03116022177
14.80456583,20.25,trans,0,-1,0.1609661622,-0.06005063667,-0.1738647737,3.171488463e-11,5.185061072e-12,0.0338350385
14.80456583,20.25,trans,0,1,0.1609661622,-0.06005063667,-0.1738647737,-3.171379569e-11,-5.186064522e-12,0.0338350385
14.80456583,20.25,trans,1,0,0.1609661622,4.368101163e-16,9.531187622e-16,0.05759567061,-0.1668621002,0.03116022177
14.80456583,20.25,refl,0,0,0.4244086169,-2.146399092e-16,-2.306190081e-15,-0.3159483647,-0.04292334531,0.1016657827
14.80456583,20.25,refl,-1,0,0.1609661622,-1.565502125e-16,8.895907052e-16,-0.05112764418,0.1646014962,0.02970768856
14.80456583,20.25,refl,0,-1,0.1609661622,-0.07047854217,-0.169572742,-4.134208561e-11,-1.621949641e-11,0.03372213972
14.80456583,20.25,refl,0,1,0.1609661622,-0.07047854217,-0.169572742,4.134027706e-11,1.622342047e-11,0.03372213972
14.80456583,20.25,refl,1,0,0.1609661622,1.501212427e-16,7.49520725e-16,-0.05112764427,0.1646014962,0.02970768856
14.62402234,20.5,trans,0,0,0.4296482295,9.735373828e-16,-1.815002985e-15,0.6651442946,0.01872115287,0.4427674142
14.62402234,20.5,trans,-1,0,0.1743130298,-1.585628126e-16,8.903959657e-16,0.07139000323,-0.157304861,0.02984135184
14.62402234,20.5,trans,0,-1,0.1743130298,-0.02373507229,-0.1933065751,3.544087245e-11,1.022323036e-11,0.03793078564
14.62402234,20.5,trans,0,1,0.1743130298,-0.02373507229,-0.1933065751,-3.543936788e-11,-1.022317288e-11,0.03793078564
14.62402234,20.5,trans,1,0,0.1743130298,1.759608732e-16,9.308839403e-16,0.0713900033,-0.1573048609,0.02984135184
14.62402234,20.5,refl,0,0,0.4296482295,1.012748217e-15,-1.856862044e-15,-0.3306558737,0.04429773081,0.1112955958
14.62402234,20.5,refl,-1,0,0.1743130298,-1.220693196e-16,6.999961167e-16,-0.06583098755,0.1583618497,0.02941219437
14.62402234,20.5,refl,0,-1,0.1743130298,-0.03239379822,-0.1908307375,-4.217167527e-11,-1.762864381e-11,0.03746572853
14.62402234,20.5,refl,0,1,0.1743130298,-0.03239379822,-0.1908307375,4.216941376e-11,1.763034467e-11,0.03746572853
14.62402234,20.5,refl,1,0,0.1743130298,1.249463647e-16,7.260451154e-16,-0.06583098764,0.1583618497,0.02941219437
14.4478293,20.75,trans,0,0,0.4348878421,1.173311253e-15,-6.064173079e-16,0.6247484825,0.09163286067,0.3987072475
14.4478293,20.75,trans,-1,0,0.1868552017,-3.79104785e-16,2.381116768e-16,0.0831696112,-0.1479466338,0.02880539068
14.4478293,20.75,trans,0,-1,0.1868552017,0.01638226419,-0.2042356579,3.877024282e-11,1.492705565e-11,0.04198058252
14.4478293,20.75,trans,0,1,0.1868552017,0.01638226419,-0.2042356579,-3.876898253e-11,-1.492663568e-11,0.04198058252
14.4478293,20.75,trans,1,0,0.1868552017,-2.777146736e-16,2.867943851e-16,0.08316961128,-0.1479466338,0.02880539068
14.4478293,20.75,refl,0,0,0.4348878421,1.23949802e-15,-7.416009882e-16,-0.3718643297,0.1154064574,0.1516017301
14.4478293,20.75,refl,-1,0,0.1868552017,-1.825708886e-16,4.138459505e-17,-0.0800511154,0.1504198136,0.0290343014
14.4478293,20.75,refl,0,-1,0.1868552017,0.009877385587,-0.2031433044,-4.341372641e-11,-1.898089384e-11,0.04136476488
14.4478293,20.75,refl,0,1,0.1868552017,0.009877385587,-0.2031433044,4.341196836e-11,1.898119066e-11,0.04136476488
14.4478293,20.75,refl,1,0,0.1868552017,-1.33201299e-16,1.074754499e-16,-0.08005111549,0.1504198136,0.0290343014
14.27583133,21,trans,0,0,0.4401274546,1.369177026e-15,-3.207977441e-16,0.5663745634,0.143488704,0.3413691542
14.27583133,21,trans,-1,0,0.1987450818,-4.97775201e-16,1.990487529e-16,0.09339421606,-0.1396280554,0.02821847344
14.27583133,21,trans,0,-1,0.1987450818,0.0572728871,-0.2070045607,4.189996147e-11,1.932386026e-11,0.04613107176
14.27583133,21,trans,0,1,0.1987450818,0.0572728871,-0.2070045607,-4.189865703e-11,-1.932362374e-11,0.04613107176
14.27583133,21,trans,1,0,0.1987450818,-4.155962972e-16,2.2139242e-16,0.09339421617,-0.1396280553,0.02821847345
14.27583133,21,refl,0,0,0.4401274546,1.468744302e-15,-5.636415143e-16,-0.4304495457,0.1655456976,0.2126921894
14.27583133,21,refl,-1,0,0.1987450818,-1.368830696e-16,3.974024603e-17,-0.09326153483,0.1417311188,0.02878542391
14.27583133,21,refl,0,-1,0.1987450818,0.0530323843,-0.2068279686,-4.509575123e-11,-2.025837352e-11,0.04559024237
14.27583133,21,refl,0,1,0.1987450818,0.0530323843,-0.2068279686,4.509441578e-11,2.025794986e-11,0.04559024237
14.27583133,21,refl,1,0,0.1987450818,-1.135786044e-16,1.119840883e-16,-0.09326153493,0.1417311187,0.02878542391
14.10788038,21.25,trans,0,0,0.4453670672,1.15168654e-15,1.727441288e-16,0.4999854485,0.1597929206,0.2755192261
14.10788038,21.25,trans,-1,0,0.2100934453,-4.039111176e-16,-9.213669955e-17,0.1001244146,-0.1279060296,0.02638485081
14.10788038,21.25,trans,0,-1,0.2100934453,0.0937840342,-0.1917863955,4.669303276e-11,2.548953179e-11,0.04557746656
14.10788038,21.25,trans,0,1,0.2100934453,0.0937840342,-0.1917863955,-4.669229921e-11,-2.548924843e-11,0.04557746656
14.10788038,21.25,trans,1,0,0.2100934453,-4.253875435e-16,-1.563999477e-16,0.1001244147,-0.1279060296,0.02638485081
14.10788038,21.25,refl,0,0,0.4453670672,1.28605952e-15,7.569341292e-18,-0.496857782,0.1821211531,0.28003577
14.10788038,21.25,refl,-1,0,0.2100934453,-5.973161484e-17,-2.841841937e-16,-0.1002244699,0.1291624229,0.02672787584
14.10788038,21.25,refl,0,-1,0.2100934453,0.08963695588,-0.191721612,-4.936980218e-11,-2.649881303e-11,0.04479196038
14.10788038,21.25,refl,0,1,0.2100934453,0.08963695588,-0.191721612,4.93691629e-11,2.64982348e-11,0.04479196038
14.10788038,21.25,refl,1,0,0.2100934453,-1.538997362e-16,-3.103582826e-16,-0.10022447,0.1291624228,0.02672787585
13.94383526,21.5,trans,0,0,0.4506066797,6.038717463e-16,5.431247252e-17,0.4362801444,0.1578954911,0.2152713505
13.94383526,21.5,trans,-1,0,0.2209837348,-3.532979096e-16,-2.689057745e-16,0.1063968119,-0.116846885,0.02497347611
13.94383526,21.5,trans,0,-1,0.2209837348,0.1258896591,-0.1723094931,5.189200346e-11,3.180428167e-11,0.04553876768
13.94383526,21.5,trans,0,1,0.2209837348,0.1258896591,-0.1723094931,-5.189134288e-11,-3.180334854e-11,0.04553876768
13.94383526,21.5,trans,1,0,0.2209837348,-2.922612207e-16,-3.43145402e-16,0.106396812,-0.1168468849,0.02497347612
13.94383526,21.5,refl,0,0,0.4506066797,7.371299774e-16,-9.959957671e-17,-0.5605633385,0.1804603374,0.3467971898
13.94383526,21.5,refl,-1,0,0.2209837348,8.50564928e-18,-4.824733643e-16,-0.1065364876,0.1174117413,0.02513554017
13.94383526,21.5,refl,0,-1,0.2209837348,0.1218257511,-0.1724481081,-5.401801936e-11,-3.291106472e-11,0.04457986362
13.94383526,21.5,refl,0,1,0.2209837348,0.1218257511,-0.1724481081,5.401759193e-11,3.290979296e-11,0.04457986362
13.94383526,21.5,refl,1,0,0.2209837348,-1.777858485e-18,-5.264613261e-16,-0.1065364877,0.1174117412,0.02513554018
13.78356129,21.75,trans,0,0,0.4558462923,6.950715431e-16,4.643726806e-17,0.3780401242,0.1412381179,0.1628625414
13.78356129,21.75,trans,-1,0,0.2314806113,-3.712142089e-16,-1.709553603e-16,0.1124812914,-0.1064576644,0.02398527523
13.78356129,21.75,trans,0,-1,0.2314806113,0.1536678062,-0.1498715655,5.776339686e-11,3.849757267e-11,0.04607528078
13.78356129,21.75,trans,0,1,0.2314806113,0.1536678062,-0.1498715655,-5.776266023e-11,-3.849677459e-11,0.04607528078
13.78356129,21.75,trans,1,0,0.2314806113,-1.980248648e-16,-1.409442753e-16,0.1124812916,-0.1064576643,0.02398527525
13.78356129,21.75,refl,0,0,0.4558462923,8.619603658e-16,-2.348420198e-17,-0.6187821324,0.1640130668,0.4097916134
13.78356129,21.75,refl,-1,0,0.2314806113,6.912545759e-18,-3.972964475e-16,-0.1125414331,0.1064792528,0.02400340544
13.78356129,21.75,refl,0,-1,0.2314806113,0.1496984783,-0.1502944835,-5.93046059e-11,-3.972059734e-11,0.04499806619
13.78356129,21.75,refl,0,1,0.2314806113,0.1496984783,-0.1502944835,5.930419303e-11,3.971945353e-11,0.04499806619
13.78356129,21.75,refl,1,0,0.2314806113,1.080281127e-16,-3.415513064e-16,-0.1125414332,0.1064792527,0.02400340546
13.62692991,22,trans,0,0,0.4610859048,3.711469203e-16,2.084535876e-16,0.3267923336,0.1128042045,0.1195180178
13.62692991,22,trans,-1,0,0.241635351,-3.401738108e-16,-2.985997974e-16,0.1185596839,-0.09663185612,0.02339411426
13.62692991,22,trans,0,-1,0.241635351,0.1773718231,-0.1253644007,6.468646569e-11,4.594555363e-11,0.04717699658
13.62692991,22,trans,0,1,0.241635351,0.1773718231,-0.1253644007,-6.468637349e-11,-4.594489058e-11,0.04717699658
13.62692991,22,trans,1,0,0.241635351,-1.329996694e-16,-3.363872819e-16,0.1185596841,-0.096631856,0.02339411428
13.62692991,22,refl,0,0,0.4610859048,5.62802283e-16,1.376087134e-16,-0.6699865772,0.1357700402,0.4673155174
13.62692991,22,refl,-1,0,0.241635351,4.63849801e-17,-5.383182045e-16,-0.1184725514,0.09624065042,0.02329800823
13.62692991,22,refl,0,-1,0.241635351,0.1735246381,-0.1261386619,-6.560084377e-11,-4.730171996e-11,0.04602176205
13.62692991,22,refl,0,1,0.241635351,0.1735246381,-0.1261386619,6.560116073e-11,4.73007549e-11,0.04602176205
13.62692991,22,refl,1,0,0.241635351,1.789264622e-16,-5.543374698e-16,-0.1184725516,0.0962406503,0.02329800825
13.47381834,22.25,trans,0,0,0.4663255174,2.371424673e-16,4.81641353e-16,0.2913598199,0.07105641401,0.08993955861
13.47381834,22.25,trans,-1,0,0.2514894022,-3.610316881e-16,-1.949419481e-16,0.119736368,-0.08565920331,0.02167429693
13.47381834,22.25,trans,0,-1,0.2514894022,0.188080221,-0.09557082115,7.147434238e-11,6.489197784e-11,0.04450795139
13.47381834,22.25,trans,0,1,0.2514894022,0.188080221,-0.09557082115,-7.147384603e-11,-6.489131514e-11,0.04450795139
13.47381834,22.25,trans,1,0,0.2514894022,-1.714885938e-16,-7.277621664e-17,0.1197363682,-0.08565920315,0.02167429695
13.47381834,22.25,refl,0,0,0.4663255174,4.10809862e-16,4.268189311e-16,-0.7052602197,0.0945238001,0.5063267263
13.47381834,22.25,refl,-1,0,0.2514894022,2.082891146e-17,-4.571612803e-16,-0.1194185128,0.08505859866,0.02149574642
13.47381834,22.25,refl,0,-1,0.2514894022,0.1845296227,-0.09681251413,-7.139889344e-11,-6.636464622e-11,0.04342384454
13.47381834,22.25,refl,0,1,0.2514894022,0.1845296227,-0.09681251413,7.139882995e-11,6.636376235e-11,0.04342384454
13.47381834,22.25,refl,1,0,0.2514894022,1.341548529e-16,-3.143665949e-16,-0.1194185131,0.0850585985,0.02149574644
13.32410924,22.5,trans,0,0,0.4715651299,8.972199913e-17,5.716028076e-16,0.2647083859,0.02524003441,0.07070758893
13.32410924,22.5,trans,-1,0,0.2610768144,-1.480393915e-16,-8.378177187e-17,0.1211501727,-0.07497543429,0.02029868009
13.32410924,22.5,trans,0,-1,0.2610768144,0.1955056486,-0.0662329302,7.961225986e-11,9.044636591e-11,0.04260925968
13.32410924,22.5,trans,0,1,0.2610768144,0.1955056486,-0.0662329302,-7.96122353e-11,-9.044604928e-11,0.04260925968
13.32410924,22.5,trans,1,0,0.2610768144,-3.896789197e-17,1.036516978e-17,0.121150173,-0.07497543405,0.02029868012
13.32410924,22.5,refl,0,0,0.4715651299,2.617535159e-16,5.312027395e-16,-0.7317454495,0.04920826233,0.537872856
13.32410924,22.5,refl,-1,0,0.2610768144,2.162211406e-16,-3.49006283e-16,-0.1206357385,0.07425774333,0.02006719385
13.32410924,22.5,refl,0,-1,0.2610768144,0.1923040161,-0.0679616114,-7.838012908e-11,-9.203028492e-11,0.04159961525
13.32410924,22.5,refl,0,1,0.2610768144,0.1923040161,-0.0679616114,7.838052793e-11,9.202983591e-11,0.04159961525
13.32410924,22.5,refl,1,0,0.2610768144,2.39404061e-16,-2.365212733e-16,-0.1206357388,0.07425774309,0.02006719388
13.17769046,22.75,trans,0,0,0.4768047425,1.708868259e-16,4.773909937e-16,0.2463127386,-0.02346711331,0.0612206706
13.17769046,22.75,trans,-1,0,0.2704259486,1.988947481e-16,-1.282938734e-16,0.1227060191,-0.06444177478,0.01920950945
13.17769046,22.75,trans,0,-1,0.2704259486,0.1999180869,-0.03740736128,8.823429723e-11,1.303217209e-10,0.04136655215
13.17769046,22.75,trans,0,1,0.2704259486,0.1999180869,-0.03740736128,-8.823442895e-11,-1.303214956e-10,0.04136655215
13.17769046,22.75,trans,1,0,0.2704259486,1.441547854e-16,5.587843582e-17,0.1227060194,-0.06444177443,0.01920950948
13.17769046,22.75,refl,0,0,0.4768047425,3.383157085e-16,5.473384201e-16,-0.7499702562,0.001002160459,0.5624563895
13.17769046,22.75,refl,-1,0,0.2704259486,5.483787918e-16,-4.277783543e-16,-0.1220338224,0.0636755554,0.01894683017
13.17769046,22.75,refl,0,-1,0.2704259486,0.19711657,-0.03962560103,-8.552408571e-11,-1.319528754e-10,0.04042513043
13.17769046,22.75,refl,0,1,0.2704259486,0.19711657,-0.03962560103,8.552461492e-11,1.319526076e-10,0.04042513043
13.17769046,22.75,refl,1,0,0.2704259486,4.108916509e-16,-2.231756984e-16,-0.1220338227,0.06367555505,0.0189468302
13.0344547,23,trans,0,0,0.482044355,4.82369376e-17,4.409157812e-16,0.235805714,-0.07416679047,0.06110504755
13.0344547,23,trans,-1,0,0.2795607116,2.381446397e-16,-1.688020154e-16,0.1242665426,-0.05395298499,0.0183530982
13.0344547,23,trans,0,-1,0.2795607116,0.2014486233,-0.009144792979,8.792186673e-11,2.056536076e-10,0.04066517505
13.0344547,23,trans,0,1,0.2795607116,0.2014486233,-0.009144792979,-8.792217948e-11,-2.056532717e-10,0.04066517505
13.0344547,23,trans,1,0,0.2795607116,4.924097007e-17,2.275956885e-17,0.1242665429,-0.0539529844,0.01835309822
13.0344547,23,refl,0,0,0.482044355,2.168103368e-16,5.6157149e-16,-0.760304169,-0.04919501171,0.5804825786
13.0344547,23,refl,-1,0,0.2795607116,5.844705402e-16,-4.740937742e-16,-0.1234762437,0.05318880448,0.01807543167
13.0344547,23,refl,0,-1,0.2795607116,0.1990961027,-0.01184056178,-8.300865076e-11,-2.069582494e-10,0.03977945702
13.0344547,23,refl,0,1,0.2795607116,0.1990961027,-0.01184056178,8.300933117e-11,2.069579318e-10,0.03977945702
13.0344547,23,refl,1,0,0.2795607116,3.111752615e-16,-2.632463313e-16,-0.123476244,0.05318880389,0.0180754317
12.89429927,23.25,trans,0,0,0.4872839676,-5.40638399e-17,1.128356487e-16,0.2398361571,-0.1242674322,0.07296377696
12.89429927,23.25,trans,-1,0,0.2885014667,1.60081147e-16,6.458373451e-17,0.1216192633,-0.04450420401,0.01677186937
12.89429927,23.25,trans,0,-1,0.2885014667,0.1930632438,0.01587307181,-9.995037951e-11,3.104315855e-10,0.03752537053
12.89429927,23.25,trans,0,1,0.2885014667,0.1930632438,0.01587307181,9.995024466e-11,-3.104315055e-10,0.03752537053
12.89429927,23.25,trans,1,0,0.2885014667,-3.311659612e-17,1.659325346e-16,0.1216192631,-0.04450420294,0.01677186925
12.89429927,23.25,refl,0,0,0.4872839676,1.062416208e-16,1.822290044e-16,-0.7560495559,-0.0985002922,0.5813132385
12.89429927,23.25,refl,-1,0,0.2885014667,4.851954553e-16,-2.02948842e-16,-0.1207251134,0.04388103401,0.01650009814
12.89429927,23.25,refl,0,-1,0.2885014667,0.1912343379,0.01280513897,1.069760691e-10,-3.078511553e-10,0.03673454358
12.89429927,23.25,refl,0,1,0.2885014667,0.1912343379,0.01280513897,-1.069756298e-10,3.078511596e-10,0.03673454358
12.89429927,23.25,refl,1,0,0.2885014667,2.104569697e-16,-8.279695208e-17,-0.1207251132,0.04388103293,0.01650009802
12.75712587,23.5,trans,0,0,0.4925235802,-1.343299224e-16,1.216307119e-16,0.2502929697,-0.1734977406,0.09274803668
12.75712587,23.5,trans,-1,0,0.2972657199,2.177766726e-16,1.859967805e-17,0.1187709465,-0.03509176166,0.01533796947
12.75712587,23.5,trans,0,-1,0.2972657199,0.1826672274,0.03955477899,-2.638591141e-10,7.246169452e-11,0.03493189649
12.75712587,23.5,trans,0,1,0.2972657199,0.1826672274,0.03955477899,2.63858873e-10,-7.24615258e-11,0.03493189649
12.75712587,23.5,trans,1,0,0.2972657199,1.329096846e-17,4.980858934e-17,0.1187709457,-0.03509176116,0.01533796924
12.75712587,23.5,refl,0,0,0.4925235802,3.34629753e-17,2.571290236e-16,-0.7453837615,-0.1469442649,0.5771895689
12.75712587,23.5,refl,-1,0,0.2972657199,5.218905867e-16,-2.648503785e-16,-0.1178272271,0.03462478481,0.01508213116
12.75712587,23.5,refl,0,-1,0.2972657199,0.1813774622,0.03616370627,2.664417217e-10,-6.743246601e-11,0.03420559745
12.75712587,23.5,refl,0,1,0.2972657199,0.1813774622,0.03616370627,-2.664412495e-10,6.743244103e-11,0.03420559745
12.75712587,23.5,refl,1,0,0.2972657199,2.377080509e-16,-2.120165616e-16,-0.1178272262,0.03462478432,0.01508213093
12.62284034,23.75,trans,0,0,0.4977631927,-5.160876053e-17,-1.680301706e-16,0.2671788383,-0.2215406198,0.1204647779
12.62284034,23.75,trans,-1,0,0.3058686438,2.960452347e-16,1.039485923e-16,0.115526227,-0.02580178564,0.01401204128
12.62284034,23.75,trans,0,-1,0.3058686438,0.170152559,0.0617726382,-1.495768662e-10,-4.406997309e-11,0.03276775215
12.62284034,23.75,trans,0,1,0.3058686438,0.170152559,0.0617726382,1.495765854e-10,4.406994837e-11,0.03276775215
12.62284034,23.75,trans,1,0,0.3058686438,1.36871812e-17,1.976883149e-16,0.1155262264,-0.02580178561,0.01401204113
12.62284034,23.75,refl,0,0,0.4977631927,9.308015735e-17,-2.549098433e-18,-0.728303479,-0.1942095251,0.5681432972
12.62284034,23.75,refl,-1,0,0.3058686438,5.786122267e-16,-1.649980103e-16,-0.1145813983,0.02550071133,0.01377918311
12.62284034,23.75,refl,0,-1,0.3058686438,0.16941365,0.05811301683,1.508623652e-10,4.654373896e-11,0.03207810754
12.62284034,23.75,refl,0,1,0.3058686438,0.16941365,0.05811301683,-1.508619349e-10,-4.654350938e-11,0.03207810754
12.62284034,23.75,refl,1,0,0.3058686438,2.226187824e-16,-5.037471818e-17,-0.1145813977,0.02550071131,0.01377918297
12.49135242,24,trans,0,0,0.5030028053,-2.163256389e-16,7.057819596e-17,0.2906645712,-0.2680047979,0.1563124647
12.49135242,24,trans,-1,0,0.3143234852,3.714681337e-16,1.404480833e-18,0.1116790452,-0.01677834198,0.0127537219
12.49135242,24,trans,0,-1,0.3143234852,0.1553781698,0.08229930012,-7.76484879e-11,-5.075480256e-11,0.03091555044
12.49135242,24,trans,0,1,0.3143234852,0.1553781698,0.08229930012,7.764835516e-11,5.075513611e-11,0.03091555044
12.49135242,24,trans,1,0,0.3143234852,1.330340211e-16,1.422608531e-17,0.1116790448,-0.01677834204,0.01275372181
12.49135242,24,refl,0,0,0.5030028053,-7.901046342e-17,3.332598907e-16,-0.7046372897,-0.2399034122,0.5540673572
12.49135242,24,refl,-1,0,0.3143234852,6.294602032e-16,-2.761222623e-16,-0.1107769971,0.01664881354,0.01254872607
12.49135242,24,refl,0,-1,0.3143234852,0.1551982113,0.0784309636,7.962586332e-11,5.182621968e-11,0.03023790086
12.49135242,24,refl,0,1,0.3143234852,0.1551982113,0.0784309636,-7.962566628e-11,-5.182633394e-11,0.03023790086
12.49135242,24,refl,1,0,0.3143234852,3.199522091e-16,-2.403009329e-16,-0.1107769967,0.01664881361,0.01254872599
12.36257559,24.25,trans,0,0,0.5082424178,-1.993868427e-16,2.591076412e-16,0.3249502514,-0.3074912602,0.200143541
12.36257559,24.25,trans,-1,0,0.3226418859,5.389036812e-16,1.745941905e-16,0.1051194477,-0.01050630625,0.01116048075
12.36257559,24.25,trans,0,-1,0.3226418859,0.1357174748,0.0958702313,-3.458161718e-11,-4.112886707e-11,0.02761033422
12.36257559,24.25,trans,0,1,0.3226418859,0.1357174748,0.0958702313,3.458101585e-11,4.112909198e-11,0.02761033422
12.36257559,24.25,trans,1,0,0.3226418859,2.803255929e-16,1.216476796e-16,0.1051194474,-0.01050630632,0.01116048069
12.36257559,24.25,refl,0,0,0.5082424178,-7.411841901e-17,4.661286323e-16,-0.6701713369,-0.2785527799,0.526721272
12.36257559,24.25,refl,-1,0,0.3226418859,7.636063461e-16,-7.404430557e-17,-0.1042241575,0.01062956327,0.01097566262
12.36257559,24.25,refl,0,-1,0.3226418859,0.1359279011,0.09205035572,3.750086516e-11,4.14737535e-11,0.02694966228
12.36257559,24.25,refl,0,1,0.3226418859,0.1359279011,0.09205035572,-3.750028198e-11,-4.147376537e-11,0.02694966228
12.36257559,24.25,refl,1,0,0.3226418859,4.371610452e-16,-9.391702529e-17,-0.1042241572,0.01062956334,0.01097566256
12.23642686,24.5,trans,0,0,0.5134820304,-4.401597182e-16,2.966458982e-16,0.3653843057,-0.3436883285,0.251627358
12.23642686,24.5,trans,-1,0,0.3308341378,5.074550047e-16,1.89897989e-16,0.0979052977,-0.005025152454,0.009610699475
12.23642686,24.5,trans,0,-1,0.3308341378,0.1144678343,0.107051009,-1.051859333e-11,-3.087565309e-11,0.02456280362
12.23642686,24.5,trans,0,1,0.3308341378,0.1144678343,0.107051009,1.051817268e-11,3.087575387e-11,0.02456280362
12.23642686,24.5,trans,1,0,0.3308341378,1.33644026e-16,1.088427426e-16,0.09790529749,-0.005025152511,0.009610699435
12.23642686,24.5,refl,0,0,0.5134820304,-2.870763151e-16,5.934449372e-16,-0.6295660622,-0.3139318412,0.4949066276
12.23642686,24.5,refl,-1,0,0.3308341378,7.008107138e-16,-3.982036225e-17,-0.09705442573,0.005396376869,0.009448682436
12.23642686,24.5,refl,0,-1,0.3308341378,0.1150431509,0.1033221624,1.422936954e-11,3.084564679e-11,0.02391039582
12.23642686,24.5,refl,0,1,0.3308341378,0.1150431509,0.1033221624,-1.422904275e-11,-3.084557326e-11,0.02391039582
12.23642686,24.5,refl,1,0,0.3308341378,2.610641558e-16,-7.745921744e-17,-0.09705442553,0.005396376935,0.0094486824
12.11282659,24.75,trans,0,0,0.5187216429,-5.348110925e-16,4.836540752e-16,0.4126651882,-0.375689747,0.3114353436
12.11282659,24.75,trans,-1,0,0.3389093892,3.850135058e-16,1.819478786e-16,0.08996050375,-0.0007496195076,0.008093454165
12.11282659,24.75,trans,0,-1,0.3389093892,0.09156645041,0.1152662697,5.055944603e-12,-2.090439302e-11,0.02167072778
12.11282659,24.75,trans,0,1,0.3389093892,0.09156645041,0.1152662697,-5.056068125e-12,2.090459355e-11,0.02167072778
12.11282659,24.75,trans,1,0,0.3389093892,-7.695865487e-17,2.418875368e-17,0.08996050359,-0.0007496195524,0.008093454135
12.11282659,24.75,refl,0,0,0.5187216429,-4.480984006e-16,7.999631352e-16,-0.5821192037,-0.3451271177,0.4579754947
12.11282659,24.75,refl,-1,0,0.3389093892,5.448281242e-16,-2.339347347e-17,-0.08919204476,0.001363371069,0.00795707963
12.11282659,24.75,refl,0,-1,0.3389093892,0.09248205565,0.1116728972,-6.496298639e-13,2.06697561e-11,0.02102376659
12.11282659,24.75,refl,0,1,0.3389093892,0.09248205565,0.1116728972,6.495880594e-13,-2.066978562e-11,0.02102376659
12.11282659,24.75,refl,1,0,0.3389093892,1.781427687e-17,-1.255992165e-16,-0.08919204462,0.001363371123,0.007957079604
11.99169832,25,trans,0,0,0.5239612555,-7.475030567e-16,3.216595996e-16,0.4677687171,-0.4021076671,0.3804981486
11.99169832,25,trans,-1,0,0.3468758113,4.568088139e-16,2.801894149e-16,0.08127045777,0.001744690543,0.006607931251
11.99169832,25,trans,0,-1,0.3468758113,0.06700831825,0.1197027133,1.651206165e-11,-1.13388222e-11,0.01881885429
11.99169832,25,trans,0,1,0.3468758113,0.06700831825,0.1197027133,-1.651244497e-11,1.133879093e-11,0.01881885429
11.99169832,25,trans,1,0,0.3468758113,-2.015171829e-16,9.340838445e-17,0.08127045764,0.001744690513,0.006607931229
11.99169832,25,refl,0,0,0.5239612555,-6.308783695e-16,6.833175943e-16,-0.5268520447,-0.3707394684,0.4150208305
11.99169832,25,refl,-1,0,0.3468758113,5.819886767e-16,1.16650287e-16,-0.08062441614,-0.0008953006006,0.006501098041
11.99169832,25,refl,0,-1,0.3468758113,0.06824035358,0.1162925871,-1.147805431e-11,1.099576653e-11,0.01818071167
11.99169832,25,refl,0,1,0.3468758113,0.06824035358,0.1162925871,1.147822937e-11,-1.099562466e-11,0.01818071167
11.99169832,25,refl,1,0,0.3468758113,-1.362349553e-16,-4.967643963e-18,-0.08062441603,-0.0008953005618,0.006501098023
11.87296863,25.25,trans,0,0,0.529200868,-6.619392882e-16,1.10614182e-16,0.5316632961,-0.4151492117,0.4550147284
11.87296863,25.25,trans,-1,0,0.3547407363,4.765682157e-16,2.807718401e-16,0.07210139516,7.145004794e-05,0.005198616289
11.87296863,25.25,trans,0,-1,0.3547407363,0.04229586648,0.1158381954,2.70297367e-11,-6.823325707e-13,0.01520742784
11.87296863,25.25,trans,0,1,0.3547407363,0.04229586648,0.1158381954,-2.703008961e-11,6.824739118e-13,0.01520742784
11.87296863,25.25,trans,1,0,0.3547407363,3.312209448e-17,1.738039548e-16,0.07210139506,7.145003467e-05,0.005198616274
11.87296863,25.25,refl,0,0,0.529200868,-5.731535454e-16,4.61041257e-16,-0.4627912645,-0.3831680021,0.3609934724
11.87296863,25.25,refl,-1,0,0.3547407363,5.565997376e-16,1.596800623e-16,-0.07146237646,0.001030146308,0.005107932451
11.87296863,25.25,refl,0,-1,0.3547407363,0.04353628828,0.1127909028,-2.174598895e-11,2.550158362e-13,0.01461719614
11.87296863,25.25,refl,0,1,0.3547407363,0.04353628828,0.1127909028,2.174611155e-11,-2.551037666e-13,0.01461719614
11.87296863,25.25,refl,1,0,0.3547407363,4.85806193e-17,1.225540707e-16,-0.07146237638,0.00103014633,0.005107932439
11.75656698,25.5,trans,0,0,0.5344404806,-6.356188693e-16,1.236602721e-16,0.6046744042,-0.4169856777,0.5395081905
11.75656698,25.5,trans,-1,0,0.3625107702,5.282041139e-16,1.565585501e-16,0.06309885643,-0.004818645301,0.004004685025
11.75656698,25.5,trans,0,-1,0.3625107702,0.01716471559,0.1063451038,3.493614918e-11,1.010628022e-11,0.01160390857
11.75656698,25.5,trans,0,1,0.3625107702,0.01716471559,0.1063451038,-3.493665712e-11,-1.010577858e-11,0.01160390857
11.75656698,25.5,trans,1,0,0.3625107702,2.143630436e-16,9.066595222e-17,0.06309885634,-0.004818645297,0.004004685014
11.75656698,25.5,refl,0,0,0.5344404806,-5.742043537e-16,4.785787261e-16,-0.3895980552,-0.384357481,0.2995173178
11.75656698,25.5,refl,-1,0,0.3625107702,5.537693107e-16,6.859617396e-17,-0.06251127182,0.006158296636,0.003945583722
11.75656698,25.5,refl,0,-1,0.3625107702,0.01839450374,0.1036625709,-2.946337566e-11,-1.057226473e-11,0.01108428638
11.75656698,25.5,refl,0,1,0.3625107702,0.01839450374,0.1036625709,2.946364471e-11,1.057175906e-11,0.01108428638
11.75656698,25.5,refl,1,0,0.3625107702,1.791147458e-16,7.65711579e-17,-0.06251127176,0.00615829664,0.003945583715
11.64242555,25.75,trans,0,0,0.5396800932,-6.601863731e-16,-1.945591727e-16,0.6886861985,-0.4010419469,0.6351233232
11.64242555,25.75,trans,-1,0,0.3701918883,6.478763544e-16,3.840705458e-16,0.0552779992,-0.01443285035,0.003263964364
11.64242555,25.75,trans,0,-1,0.3701918883,-0.007399510236,0.0888239579,4.164334723e-11,2.199496051e-11,0.007944448249
11.64242555,25.75,trans,0,1,0.3701918883,-0.007399510236,0.0888239579,-4.164394952e-11,-2.199463284e-11,0.007944448249
11.64242555,25.75,trans,1,0,0.3701918883,4.088912813e-16,4.560396474e-16,0.05527799912,-0.01443285032,0.003263964356
11.64242555,25.75,refl,0,0,0.5396800932,-6.046363376e-16,1.711892703e-16,-0.3053977544,-0.3676863885,0.2284610687
11.64242555,25.75,refl,-1,0,0.3701918883,6.182900376e-16,3.226144046e-16,-0.05480002986,0.01598451063,0.003258547852
11.64242555,25.75,refl,0,-1,0.3701918883,-0.006193777839,0.08651956134,-3.603252967e-11,-2.24603841e-11,0.007523997378
11.64242555,25.75,refl,0,1,0.3701918883,-0.006193777839,0.08651956134,3.603291854e-11,2.24599762e-11,0.007523997378
11.64242555,25.75,refl,1,0,0.3701918883,3.136458455e-16,4.758631415e-16,-0.05480002981,0.01598451061,0.003258547847
11.53047915,26,trans,0,0,0.5449197057,-5.887765243e-16,-2.638216303e-16,0.7851550865,-0.3533822048,0.7413474926
11.53047915,26,trans,-1,0,0.377789514,7.080650206e-16,1.555874618e-16,0.05122292738,-0.03125899116,0.003600912818
11.53047915,26,trans,0,-1,0.377789514,-0.02864656111,0.05889493378,4.834089611e-11,3.597980267e-11,0.004289238688
11.53047915,26,trans,0,1,0.377789514,-0.02864656111,0.05889493378,-4.834184947e-11,-3.597945608e-11,0.004289238688
11.53047915,26,trans,1,0,0.377789514,5.461920664e-16,3.505345907e-16,0.05122292733,-0.0312589911,0.003600912809
11.53047915,26,refl,0,0,0.5449197057,-6.025409156e-16,1.200194675e-16,-0.2087771203,-0.3191320433,0.145433147
11.53047915,26,refl,-1,0,0.377789514,6.13029237e-16,1.33685104e-16,-0.05093449688,0.03296774415,0.003681195127
11.53047915,26,refl,0,-1,0.377789514,-0.02747489165,0.05700759811,-4.263775222e-11,-3.640478909e-11,0.004004735913
11.53047915,26,refl,0,1,0.377789514,-0.02747489165,0.05700759811,4.263855387e-11,3.640430544e-11,0.004004735913
11.53047915,26,refl,1,0,0.377789514,3.791744798e-16,4.057694312e-16,-0.05093449685,0.03296774411,0.003681195121
11.42066507,26.25,trans,0,0,0.5501593183,-4.271173086e-16,-1.394009743e-16,0.8829184473,-0.236295135,0.8353803754
11.42066507,26.25,trans,-1,0,0.3853085863,5.827772706e-16,2.380316436e-16,0.05923948806,-0.05859205108,0.006942345395
11.42066507,26.25,trans,0,-1,0.3853085863,-0.03529276024,0.008236914348,5.095796338e-11,5.335918755e-11,0.001313425684
11.42066507,26.25,trans,0,1,0.3853085863,-0.03529276024,0.008236914348,-5.095890259e-11,-5.335903028e-11,0.001313425684
11.42066507,26.25,trans,1,0,0.3853085863,5.610520769e-16,3.993632682e-16,0.05923948801,-0.058592051,0.006942345379
11.42066507,26.25,refl,0,0,0.5501593183,-4.496232104e-16,2.202836222e-16,-0.1110675264,-0.2012070614,0.05282027697
11.42066507,26.25,refl,-1,0,0.3853085863,4.059081404e-16,2.339555434e-16,-0.05901507116,0.06028940881,0.007117591438
11.42066507,26.25,refl,0,-1,0.3853085863,-0.0343554407,0.006870653727,-4.569492986e-11,-5.378679316e-11,0.001227502188
11.42066507,26.25,refl,0,1,0.3853085863,-0.0343554407,0.006870653727,4.569584317e-11,5.378650302e-11,0.001227502188
11.42066507,26.25,refl,1,0,0.3853085863,3.060226753e-16,4.693083067e-16,-0.05901507113,0.06028940873,0.007117591426
11.31292294,26.5,trans,0,0,0.5553989308,-2.766730517e-16,-1.595667296e-16,0.7883352002,0.1313202949,0.6387174076
11.31292294,26.5,trans,-1,0,0.3927536169,5.500385531e-16,4.207818525e-16,0.1394072732,-0.08300775602,0.02632467539
11.31292294,26.5,trans,0,-1,0.3927536169,0.06188015313,-0.07517848009,4.83444498e-11,8.840358804e-11,0.00948095722
11.31292294,26.5,trans,0,1,0.3927536169,0.06188015313,-0.07517848009,-4.834410588e-11,-8.840401456e-11,0.00948095722
11.31292294,26.5,trans,1,0,0.3927536169,4.823531793e-16,5.441707092e-16,0.1394072732,-0.08300775588,0.02632467536
11.31292294,26.5,trans,-1,-1,0.00654483146,-0.08141565315,-0.03584751622,0.005022484432,-0.02150611347,0.008401291263
11.31292294,26.5,trans,-1,1,0.00654483146,-0.08141565315,-0.03584751622,-0.005022484432,0.02150611347,0.008401291263
11.31292294,26.5,trans,1,-1,0.00654483146,0.08141565306,0.03584751621,0.005022484454,-0.02150611352,0.00840129125
11.31292294,26.5,trans,1,1,0.00654483146,0.08141565306,0.03584751621,-0.005022484454,0.02150611352,0.00840129125
11.31292294,26.5,refl,0,0,0.5553989308,-3.594870737e-16,1.043030483e-16,-0.2077069276,0.1675851549,0.07122695193
11.31292294,26.5,refl,-1,0,0.3927536169,3.113445128e-16,2.961619797e-16,-0.1392892206,0.0838702543,0.02643570652
11.31292294,26.5,refl,0,-1,0.3927536169,0.06215335522,-0.0755934811,-4.365510181e-11,-8.870590131e-11,0.00957741395
11.31292294,26.5,refl,0,1,0.3927536169,0.06215335522,-0.0755934811,4.365495247e-11,8.870643926e-11,0.00957741395
11.31292294,26.5,refl,1,0,0.3927536169,1.6696683e-16,4.787216815e-16,-0.1392892205,0.08387025416,0.02643570649
11.31292294,26.5,refl,-1,-1,0.00654483146,-0.08129896078,-0.03640953624,-0.01111183822,0.01949495121,0.008438701424
11.31292294,26.5,refl,-1,1,0.00654483146,-0.08129896078,-0.03640953624,0.01111183822,-0.01949495121,0.008438701424
11.31292294,26.5,refl,1,-1,0.00654483146,0.08129896069,0.03640953623,-0.0111118382,0.01949495114,0.008438701406
11.31292294,26.5,refl,1,1,0.00654483146,0.08129896069,0.03640953623,0.0111118382,-0.01949495114,0.008438701406
11.20719469,26.75,trans,0,0,0.5606385434,-4.449025853e-16,9.171835564e-17,0.627763881,-0.02580319988,0.3947532954
11.20719469,26.75,trans,-1,0,0.4001287387,2.519365334e-16,1.351929119e-16,0.1316316442,-0.02789692784,0.01810512833
11.20719469,26.75,trans,0,-1,0.4001287387,0.07692389391,0.003546924512,1.858491251e-11,9.788959095e-11,0.005929866128
11.20719469,26.75,trans,0,1,0.4001287387,0.07692389391,0.003546924512,-1.858519164e-11,-9.788958402e-11,0.005929866128
11.20719469,26.75,trans,1,0,0.4001287387,4.211769542e-16,4.487556869e-16,0.131631644,-0.02789692767,0.01810512829
11.20719469,26.75,trans,-1,-1,0.076749194,-0.1783438145,-0.07249007968,0.03195481679,-0.0410875478,0.03977062472
11.20719469,26.75,trans,-1,1,0.076749194,-0.1783438145,-0.07249007968,-0.03195481679,0.0410875478,0.03977062472
11.20719469,26.75,trans,1,-1,0.076749194,0.1783438142,0.07249007966,0.03195481678,-0.04108754778,0.03977062461
11.20719469,26.75,trans,1,1,0.076749194,0.1783438142,0.07249007966,-0.03195481678,0.04108754778,0.03977062461
11.20719469,26.75,refl,0,0,0.5606385434,-4.682005397e-16,3.850179514e-16,-0.3681345989,0.008970152203,0.1356035465
11.20719469,26.75,refl,-1,0,0.4001287387,4.822269685e-17,6.747870517e-17,-0.1306835025,0.02912520048,0.01792645512
11.20719469,26.75,refl,0,-1,0.4001287387,0.07655350121,0.002901352082,-1.45223124e-11,-9.844796419e-11,0.005868856391
11.20719469,26.75,refl,0,1,0.4001287387,0.07655350121,0.002901352082,1.452255913e-11,9.844812574e-11,0.005868856391
11.20719469,26.75,refl,1,0,0.4001287387,1.534868714e-16,4.222191737e-16,-0.1306835024,0.02912520032,0.01792645509
11.20719469,26.75,refl,-1,-1,0.076749194,-0.1780810069,-0.07352210897,-0.03213782653,0.04321828074,0.04001900522
11.20719469,26.75,refl,-1,1,0.076749194,-0.1780810069,-0.07352210897,0.03213782653,-0.04321828074,0.04001900522
11.20719469,26.75,refl,1,-1,0.076749194,0.1780810066,0.07352210895,-0.03213782653,0.04321828067,0.0400190051
11.20719469,26.75,refl,1,1,0.076749194,0.1780810066,0.07352210895,0.03213782653,-0.04321828067,0.0400190051
11.10342437,27,trans,0,0,0.5658781559,-3.694233421e-16,1.788196145e-16,0.5914985778,-0.0655887984,0.354172458
11.10342437,27,trans,-1,0,0.4074377481,1.33856702e-16,1.578628654e-16,0.129960806,-0.009815968065,0.01698616431
11.10342437,27,trans,0,-1,0.4074377481,0.07850923167,0.025965762,-1.627941732e-12,1.078714783e-10,0.006837920254
11.10342437,27,trans,0,1,0.4074377481,0.07850923167,0.025965762,1.627580031e-12,-1.078711778e-10,0.006837920254
11.10342437,27,trans,1,0,0.4074377481,3.638066115e-16,3.18248765e-16,0.1299608058,-0.009815967877,0.01698616427
11.10342437,27,trans,-1,-1,0.108595349,-0.1805945454,-0.07683506568,0.04017770076,-0.04030761273,0.04175696843
11.10342437,27,trans,-1,1,0.108595349,-0.1805945454,-0.07683506568,-0.04017770076,0.04030761273,0.04175696843
11.10342437,27,trans,1,-1,0.108595349,0.1805945451,0.07683506565,0.04017770076,-0.0403076127,0.0417569683
11.10342437,27,trans,1,1,0.108595349,0.1805945451,0.07683506565,-0.04017770076,0.0403076127,0.0417569683
11.10342437,27,refl,0,0,0.5658781559,-3.77400479e-16,4.167529455e-16,-0.404268945,-0.03109142041,0.1644000564
11.10342437,27,refl,-1,0,0.4074377481,-7.411673403e-17,9.410452762e-17,-0.1286811518,0.01116960947,0.01668359899
11.10342437,27,refl,0,-1,0.4074377481,0.07780405125,0.0252967009,5.13364245e-12,-1.08613604e-10,0.006693393468
11.10342437,27,refl,0,1,0.4074377481,0.07780405125,0.0252967009,-5.133371195e-12,1.08613478e-10,0.006693393468
11.10342437,27,refl,1,0,0.4074377481,1.036537411e-16,2.891028833e-16,-0.1286811516,0.01116960929,0.01668359895
11.10342437,27,refl,-1,-1,0.108595349,-0.180380725,-0.07771396754,-0.03971691783,0.04269422079,0.04197689675
11.10342437,27,refl,-1,1,0.108595349,-0.180380725,-0.07771396754,0.03971691783,-0.04269422079,0.04197689675
11.10342437,27,refl,1,-1,0.108595349,0.1803807246,0.07771396752,-0.03971691783,0.04269422073,0.04197689661
11.10342437,27,refl,1,1,0.108595349,0.1803807246,0.07771396752,0.03971691783,-0.04269422073,0.04197689661
11.00155809,27.25,trans,0,0,0.5711177685,-3.665913458e-16,1.072096249e-16,0.5743982785,-0.09273971514,0.3385340371
11.00155809,27.25,trans,-1,0,0.4146841409,7.785747676e-17,8.398257769e-17,0.1270917105,0.002909674358,0.01616076907
11.00155809,27.25,trans,0,-1,0.4146841409,0.07648244938,0.04021141132,-2.027062926e-11,1.066165873e-10,0.007466522664
11.00155809,27.25,trans,0,1,0.4146841409,0.07648244938,0.04021141132,2.027052325e-11,-1.066163867e-10,0.007466522664
11.00155809,27.25,trans,1,0,0.4146841409,3.021237748e-16,2.15654296e-16,0.1270917103,0.002909674536,0.01616076902
11.00155809,27.25,trans,-1,-1,0.1332305068,-0.177095289,-0.07996454061,0.04539423692,-0.03861355002,0.04130871212
11.00155809,27.25,trans,-1,1,0.1332305068,-0.177095289,-0.07996454061,-0.04539423692,0.03861355002,0.04130871212
11.00155809,27.25,trans,1,-1,0.1332305068,0.1770952886,0.07996454056,0.04539423692,-0.03861354999,0.04130871197
11.00155809,27.25,trans,1,1,0.1332305068,0.1770952886,0.07996454056,-0.04539423692,0.03861354999,0.04130871197
11.00155809,27.25,refl,0,0,0.5711177685,-3.866931071e-16,3.229142843e-16,-0.4212267896,-0.05861892102,0.1808681862
11.00155809,27.25,refl,-1,0,0.4146841409,-1.228945612e-16,6.246454043e-17,-0.1254066275,-0.001465512356,0.01572896995
11.00155809,27.25,refl,0,-1,0.4146841409,0.07550363046,0.03953993442,2.291957432e-11,-1.075992186e-10,0.007264204627
11.00155809,27.25,refl,0,1,0.4146841409,0.07550363046,0.03953993442,-2.291957389e-11,1.075991888e-10,0.007264204627
11.00155809,27.25,refl,1,0,0.4146841409,6.15430227e-17,2.285890539e-16,-0.1254066273,-0.001465512528,0.01572896991
11.00155809,27.25,refl,-1,-1,0.1332305068,-0.1769060975,-0.08067055161,-0.04476146835,0.04110397242,0.04149663083
11.00155809,27.25,refl,-1,1,0.1332305068,-0.1769060975,-0.08067055161,0.04476146835,-0.04110397242,0.04149663083
11.00155809,27.25,refl,1,-1,0.1332305068,0.1769060971,0.08067055156,-0.04476146835,0.04110397235,0.04149663068
11.00155809,27.25,refl,1,1,0.1332305068,0.1769060971,0.08067055156,0.04476146835,-0.04110397235,0.04149663068
10.90154393,27.5,trans,0,0,0.576357381,-4.437787568e-16,9.330722523e-17,0.5658473971,-0.1136458503,0.3330986561
10.90154393,27.5,trans,-1,0,0.4218711437,2.277120682e-17,2.160689778e-16,0.1240927321,0.01349968192,0.01558124758
10.90154393,27.5,trans,0,-1,0.4218711437,0.07299670363,0.05100895071,-4.02248378e-11,1.02548835e-10,0.007930431793
10.90154393,27.5,trans,0,1,0.4218711437,0.07299670363,0.05100895071,4.022466067e-11,-1.025486543e-10,0.007930431793
10.90154393,27.5,trans,1,0,0.4218711437,2.957260675e-16,2.591254723e-16,0.1240927319,0.01349968209,0.01558124752
10.90154393,27.5,trans,-1,-1,0.1541515266,-0.1727261121,-0.08345558986,0.04934042168,-0.03651247897,0.0405667836
10.90154393,27.5,trans,-1,1,0.1541515266,-0.1727261121,-0.08345558986,-0.04934042168,0.03651247897,0.0405667836
10.90154393,27.5,trans,1,-1,0.1541515266,0.1727261117,0.08345558979,0.04934042168,-0.03651247893,0.04056678344
10.90154393,27.5,trans,1,1,0.1541515266,0.1727261117,0.08345558979,-0.04934042168,0.03651247893,0.04056678344
10.90154393,27.5,refl,0,0,0.576357381,-4.945340481e-16,2.941492617e-16,-0.4296678045,-0.07980458992,0.1909831948
10.90154393,27.5,refl,-1,0,0.4218711437,-1.710462196e-16,2.198797842e-16,-0.1220324097,-0.01197866661,0.01503539747
10.90154393,27.5,refl,0,-1,0.4218711437,0.07181604876,0.05032634428,4.206029711e-11,-1.037764719e-10,0.007690285789
10.90154393,27.5,refl,0,1,0.4218711437,0.07181604876,0.05032634428,-4.206023245e-11,1.037764497e-10,0.007690285789
10.90154393,27.5,refl,1,0,0.4218711437,7.19465268e-17,2.975706101e-16,-0.1220324095,-0.01197866677,0.01503539742
10.90154393,27.5,refl,-1,-1,0.1541515266,-0.1726044933,-0.08401595593,-0.04863001857,0.0390758325,0.04074279136
10.90154393,27.5,refl,-1,1,0.1541515266,-0.1726044933,-0.08401595593,0.04863001857,-0.0390758325,0.04074279136
10.90154393,27.5,refl,1,-1,0.1541515266,0.1726044929,0.08401595586,-0.04863001857,0.03907583243,0.0407427912
10.90154393,27.5,refl,1,1,0.1541515266,0.1726044929,0.08401595586,0.04863001857,-0.03907583243,0.0407427912
10.80333182,27.75,trans,0,0,0.5815969936,-5.055502311e-16,1.266154844e-16,0.5621977771,-0.1312061704,0.3332813998
10.80333182,27.75,trans,-1,0,0.4290017415,1.901580733e-17,2.471459564e-16,0.120851871,0.02292694451,0.01513081952
10.80333182,27.75,trans,0,-1,0.4290017415,0.06854468287,0.05983955053,-6.212464394e-11,9.530872694e-11,0.008279145357
10.80333182,27.75,trans,0,1,0.4290017415,0.06854468287,0.05983955053,6.212461255e-11,-9.530871285e-11,0.008279145357
10.80333182,27.75,trans,1,0,0.4290017415,3.136325834e-16,1.602970271e-16,0.1208518707,0.02292694465,0.01513081945
10.80333182,27.75,trans,-1,-1,0.1727134199,-0.1681880489,-0.08729987507,0.05251744119,-0.03413178677,0.03983154849
10.80333182,27.75,trans,-1,1,0.1727134199,-0.1681880489,-0.08729987507,-0.05251744119,0.03413178677,0.03983154849
10.80333182,27.75,trans,1,-1,0.1727134199,0.1681880485,0.08729987497,0.05251744118,-0.03413178673,0.03983154832
10.80333182,27.75,trans,1,1,0.1727134199,0.1681880485,0.08729987497,-0.05251744118,0.03413178673,0.03983154832
10.80333182,27.75,refl,0,0,0.5815969936,-5.649615049e-16,3.042191396e-16,-0.4332322606,-0.09759109143,0.1972142128
10.80333182,27.75,refl,-1,0,0.4290017415,-1.709957087e-16,2.704806237e-16,-0.1184334318,-0.02133981654,0.01448186555
10.80333182,27.75,refl,0,-1,0.4290017415,0.06721972578,0.05913383229,6.318984743e-11,-9.678840986e-11,0.008015301655
10.80333182,27.75,refl,0,1,0.4290017415,0.06721972578,0.05913383229,-6.318993186e-11,9.678855244e-11,0.008015301655
10.80333182,27.75,refl,1,0,0.4290017415,1.071700124e-16,2.183886698e-16,-0.1184334316,-0.02133981668,0.01448186549
10.80333182,27.75,refl,-1,-1,0.1727134199,-0.1681647062,-0.08774127875,-0.05177218263,0.03674208225,0.04000823991
10.80333182,27.75,refl,-1,1,0.1727134199,-0.1681647062,-0.08774127875,0.05177218263,-0.03674208225,0.04000823991
10.80333182,27.75,refl,1,-1,0.1727134199,0.1681647058,0.08774127866,-0.05177218263,0.03674208218,0.04000823974
10.80333182,27.75,refl,1,1,0.1727134199,0.1681647058,0.08774127866,0.05177218263,-0.03674208218,0.04000823974
10.7068735,28,trans,0,0,0.5868366061,-6.454159949e-16,-8.674980858e-17,0.5617398294,-0.1467278753,0.3370807054
10.7068735,28,trans,-1,0,0.4360787011,-1.018645728e-16,3.039219707e-16,0.1173202184,0.03162056433,0.01476389374
10.7068735,28,trans,0,-1,0.4360787011,0.06337791582,0.06736706497,-8.617637736e-11,8.444184111e-11,0.008555081657
10.7068735,28,trans,0,1,0.4360787011,0.06337791582,0.06736706497,8.617663291e-11,-8.444197916e-11,0.008555081657
10.7068735,28,trans,1,0,0.4360787011,1.982074476e-16,1.819112673e-16,0.1173202181,0.03162056443,0.01476389366
10.7068735,28,trans,-1,-1,0.1896102971,-0.1636880104,-0.09144387845,0.05517494932,-0.03151481252,0.0391932061
10.7068735,28,trans,-1,1,0.1896102971,-0.1636880104,-0.09144387845,-0.05517494932,0.03151481252,0.0391932061
10.7068735,28,trans,1,-1,0.1896102971,0.1636880099,0.09144387833,0.05517494932,-0.03151481247,0.03919320592
10.7068735,28,trans,1,1,0.1896102971,0.1636880099,0.09144387833,-0.05517494932,0.03151481247,0.03919320592
10.7068735,28,refl,0,0,0.5868366061,-7.309705765e-16,7.867124498e-17,-0.4336246041,-0.1133066242,0.2008686883
10.7068735,28,refl,-1,0,0.4360787011,-2.913950664e-16,3.609765295e-16,-0.1145547226,-0.02997655844,0.01402137853
10.7068735,28,refl,0,-1,0.4360787011,0.06195809588,0.06662605757,8.651585368e-11,-8.618067226e-11,0.008277837193
10.7068735,28,refl,0,1,0.4360787011,0.06195809588,0.06662605757,-8.65162149e-11,8.61809666e-11,0.008277837193
10.7068735,28,refl,1,0,0.4360787011,4.87630479e-18,2.744534927e-16,-0.1145547223,-0.02997655855,0.01402137847
10.7068735,28,refl,-1,-1,0.1896102971,-0.1637847236,-0.09179048867,-0.05441733286,0.03415061741,0.03937844027
10.7068735,28,refl,-1,1,0.1896102971,-0.1637847236,-0.09179048867,0.05441733286,-0.03415061741,0.03937844027
10.7068735,28,refl,1,-1,0.1896102971,0.1637847231,0.09179048855,-0.05441733286,0.03415061733,0.03937844008
10.7068735,28,refl,1,1,0.1896102971,0.1637847231,0.09179048855,0.05441733286,-0.03415061733,0.03937844008
10.61212241,28.25,trans,0,0,0.5920762187,-7.440766906e-16,-1.172352185e-16,0.5651162398,-0.1602426504,0.3450340715
10.61212241,28.25,trans,-1,0,0.4431045926,-1.185983938e-16,3.300590842e-16,0.1128642159,0.03874382343,0.01423941508
10.61212241,28.25,trans,0,-1,0.4431045926,0.05770020984,0.07279211529,-9.751529519e-11,6.705537973e-11,0.008628006264
10.61212241,28.25,trans,0,1,0.4431045926,0.05770020984,0.07279211529,9.751546448e-11,-6.705564665e-11,0.008628006264
10.61212241,28.25,trans,1,0,0.4431045926,1.927267772e-16,2.537194848e-16,0.1128642155,0.03874382349,0.014239415
10.61212241,28.25,trans,-1,-1,0.2052537727,-0.158062441,-0.09456939495,0.05707103054,-0.02905240491,0.03802825049
10.61212241,28.25,trans,-1,1,0.2052537727,-0.158062441,-0.09456939495,-0.05707103054,0.02905240491,0.03802825049
10.61212241,28.25,trans,1,-1,0.2052537727,0.1580624406,0.09456939479,0.05707103054,-0.02905240487,0.0380282503
10.61212241,28.25,trans,1,1,0.2052537727,0.1580624406,0.09456939479,-0.05707103054,0.02905240487,0.0380282503
10.61212241,28.25,refl,0,0,0.5920762187,-8.22294088e-16,1.017039653e-17,-0.4302060915,-0.1270414232,0.2012168044
10.61212241,28.25,refl,-1,0,0.4431045926,-2.879845578e-16,4.04205017e-16,-0.1098142742,-0.03709168346,0.01343496781
10.61212241,28.25,refl,0,-1,0.4431045926,0.05621917987,0.07200976606,9.707254288e-11,-6.894744932e-11,0.008346002593
10.61212241,28.25,refl,0,1,0.4431045926,0.05621917987,0.07200976606,-9.70728062e-11,6.894785718e-11,0.008346002593
10.61212241,28.25,refl,1,0,0.4431045926,2.039232518e-17,3.595244146e-16,-0.1098142739,-0.03709168352,0.01343496773
10.61212241,28.25,refl,-1,-1,0.2052537727,-0.158244822,-0.09479316353,-0.0563443652,0.03165586054,0.03820394855
10.61212241,28.25,refl,-1,1,0.2052537727,-0.158244822,-0.09479316353,0.0563443652,-0.03165586054,0.03820394855
10.61212241,28.25,refl,1,-1,0.2052537727,0.1582448216,0.09479316337,-0.0563443652,0.03165586046,0.03820394836
10.61212241,28.25,refl,1,1,0.2052537727,0.1582448216,0.09479316337,0.0563443652,-0.03165586046,0.03820394836
10.51903361,28.5,trans,0,0,0.5973158313,-5.866808581e-16,-4.753619228e-17,0.570292609,-0.1723997149,0.3549553216
10.51903361,28.5,trans,-1,0,0.4500818076,-6.935528517e-17,3.071067837e-16,0.108204681,0.04534811854,0.01376470484
10.51903361,28.5,trans,0,-1,0.4500818076,0.05171148705,0.07735566797,-1.067007853e-10,4.550181171e-11,0.00865797726
10.51903361,28.5,trans,0,1,0.4500818076,0.05171148705,0.07735566797,1.067008882e-10,-4.550191947e-11,0.00865797726
10.51903361,28.5,trans,1,0,0.4500818076,2.91924575e-16,2.318315541e-16,0.1082046806,0.04534811854,0.01376470476
10.51903361,28.5,trans,-1,-1,0.219911493,-0.1526074767,-0.0979044843,0.05863519942,-0.02642441832,0.03701066648
10.51903361,28.5,trans,-1,1,0.219911493,-0.1526074767,-0.0979044843,-0.05863519942,0.02642441832,0.03701066648
10.51903361,28.5,trans,1,-1,0.219911493,0.1526074762,0.09790448409,0.05863519941,-0.02642441826,0.03701066628
10.51903361,28.5,trans,1,1,0.219911493,0.1526074762,0.09790448409,-0.05863519941,0.02642441826,0.03701066628
10.51903361,28.5,refl,0,0,0.5973158313,-6.871602083e-16,5.497055712e-17,-0.4250054156,-0.1393927401,0.2000599393
10.51903361,28.5,refl,-1,0,0.4500818076,-2.17139094e-16,4.100914775e-16,-0.1048768466,-0.04369293072,0.01290822514
10.51903361,28.5,refl,0,-1,0.4500818076,0.05021068897,0.07651784497,1.05516935e-10,-4.752157422e-11,0.008376093885
10.51903361,28.5,refl,0,1,0.4500818076,0.05021068897,0.07651784497,-1.055171088e-10,4.752181582e-11,0.008376093885
10.51903361,28.5,refl,1,0,0.4500818076,1.474401256e-16,3.637028272e-16,-0.1048768462,-0.04369293072,0.01290822506
10.51903361,28.5,refl,-1,-1,0.219911493,-0.1528929811,-0.09802520116,-0.05794687744,0.02897913535,0.03718283462
10.51903361,28.5,refl,-1,1,0.219911493,-0.1528929811,-0.09802520116,0.05794687744,-0.02897913535,0.03718283462
10.51903361,28.5,refl,1,-1,0.219911493,0.1528929806,0.09802520096,-0.05794687744,0.02897913527,0.03718283442
10.51903361,28.5,refl,1,1,0.219911493,0.1528929806,0.09802520096,0.05794687744,-0.02897913527,0.03718283442
10.42756376,28.75,trans,0,0,0.6025554438,-7.453799443e-16,-1.237685469e-16,0.5768761419,-0.1835192394,0.3664653944
10.42756376,28.75,trans,-1,0,0.4570125754,-8.089177057e-17,3.954961254e-16,0.1033296658,0.05151467826,0.01333078191
10.42756376,28.75,trans,0,-1,0.4570125754,0.04547354642,0.08120933119,-1.13100183e-10,1.975187533e-11,0.008662798896
10.42756376,28.75,trans,0,1,0.4570125754,0.04547354642,0.08120933119,1.131002392e-10,-1.975214589e-11,0.008662798896
10.42756376,28.75,trans,1,0,0.4570125754,3.577685133e-16,2.844508786e-16,0.1033296654,0.05151467819,0.01333078181
10.42756376,28.75,trans,-1,-1,0.2337689572,-0.1473006058,-0.1014073818,0.05993289906,-0.02363610843,0.03613154358
10.42756376,28.75,trans,-1,1,0.2337689572,-0.1473006058,-0.1014073818,-0.05993289906,0.02363610843,0.03613154358
10.42756376,28.75,trans,1,-1,0.2337689572,0.1473006053,0.1014073816,0.05993289906,-0.02363610837,0.03613154338
10.42756376,28.75,trans,1,1,0.2337689572,0.1473006053,0.1014073816,-0.05993289906,0.02363610837,0.03613154338
10.42756376,28.75,refl,0,0,0.6025554438,-8.692146985e-16,-6.032783726e-17,-0.4184132227,-0.1506881439,0.1977765416
10.42756376,28.75,refl,-1,0,0.4570125754,-2.180341232e-16,5.121883113e-16,-0.09972900207,-0.04986137596,0.01243203067
10.42756376,28.75,refl,0,-1,0.4570125754,0.04399050013,0.0803050376,1.112124447e-10,-2.18750248e-11,0.008384063165
10.42756376,28.75,refl,0,1,0.4570125754,0.04399050013,0.0803050376,-1.112125614e-10,2.187542628e-11,0.008384063165
10.42756376,28.75,refl,1,0,0.4570125754,2.285369248e-16,4.298742864e-16,-0.09972900167,-0.0498613759,0.01243203058
10.42756376,28.75,refl,-1,-1,0.2337689572,-0.147702616,-0.1014431704,-0.05928648258,0.02612837457,0.03630435856
10.42756376,28.75,refl,-1,1,0.2337689572,-0.147702616,-0.1014431704,0.05928648258,-0.02612837457,0.03630435856
10.42756376,28.75,refl,1,-1,0.2337689572,0.1477026155,0.1014431701,-0.05928648257,0.02612837448,0.03630435836
10.42756376,28.75,refl,1,1,0.2337689572,0.1477026155,0.1014431701,0.05928648257,-0.02612837448,0.03630435836
10.33767097,29,trans,0,0,0.6077950564,-5.38488361e-16,-1.656245835e-16,0.5846066688,-0.1938116557,0.3793279151
10.33767097,29,trans,-1,0,0.463898978,-4.663501536e-17,3.209950111e-16,0.09823431615,0.05728866144,0.0129319716
10.33767097,29,trans,0,-1,0.463898978,0.03903509897,0.08445104212,-1.159503295e-10,-1.017067265e-11,0.008655717466
10.33767097,29,trans,0,1,0.463898978,0.03903509897,0.08445104212,1.159503498e-10,1.017054062e-11,0.008655717466
10.33767097,29,trans,1,0,0.463898978,4.369641574e-16,2.637813669e-16,0.09823431573,0.0572886613,0.0129319715
10.33767097,29,trans,-1,-1,0.2469609139,-0.1421154347,-0.1050419722,0.06100893606,-0.02069345191,0.03538092195
10.33767097,29,trans,-1,1,0.2469609139,-0.1421154347,-0.1050419722,-0.06100893606,0.02069345191,0.03538092195
10.33767097,29,trans,1,-1,0.2469609139,0.1421154342,0.1050419719,0.06100893605,-0.02069345186,0.03538092174
10.33767097,29,trans,1,1,0.2469609139,0.1421154342,0.1050419719,-0.06100893605,0.02069345186,0.03538092174
10.33767097,29,refl,0,0,0.6077950564,-6.84631161e-16,-1.554831365e-16,-0.4106878623,-0.1611432715,0.1946316742
10.33767097,29,refl,-1,0,0.463898978,-1.575828171e-16,4.461410973e-16,-0.09436493648,-0.0556421105,0.0120007857
10.33767097,29,refl,0,-1,0.463898978,0.03760398911,0.08347192553,1.133928769e-10,7.966393662e-12,0.008381622348
10.33767097,29,refl,0,1,0.463898978,0.03760398911,0.08347192553,-1.133929413e-10,-7.966141603e-12,0.008381622348
10.33767097,29,refl,1,0,0.463898978,3.381863137e-16,4.240603739e-16,-0.09436493608,-0.05564211036,0.01200078561
10.33767097,29,refl,-1,-1,0.2469609139,-0.1426440257,-0.1050094833,-0.06040567205,0.02311180933,0.03555731059
10.33767097,29,refl,-1,1,0.2469609139,-0.1426440257,-0.1050094833,0.06040567205,-0.02311180933,0.03555731059
10.33767097,29,refl,1,-1,0.2469609139,0.1426440252,0.105009483,-0.06040567204,0.02311180924,0.03555731038
10.33767097,29,refl,1,1,0.2469609139,0.1426440252,0.105009483,0.06040567204,-0.02311180924,0.03555731038
10.2493148,29.25,trans,0,0,0.6130346689,-5.714554557e-16,-2.401346266e-16,0.5944913389,-0.2020102508,0.3942280935
10.2493148,29.25,trans,-1,0,0.4707429623,-7.55352043e-17,2.995712628e-16,0.09269018851,0.06177446662,0.01240755577
10.2493148,29.25,trans,0,-1,0.4707429623,0.0327702991,0.08634670669,-1.044821125e-10,-3.098531047e-11,0.008529646258
10.2493148,29.25,trans,0,1,0.4707429623,0.0327702991,0.08634670669,1.044821449e-10,3.098516198e-11,0.008529646258
10.2493148,29.25,trans,1,0,0.4707429623,4.58447299e-16,2.646398669e-16,0.09269018813,0.06177446641,0.01240755568
10.2493148,29.25,trans,-1,-1,0.2595888437,-0.136168911,-0.1075065407,0.06168530981,-0.01795706476,0.03422716223
10.2493148,29.25,trans,-1,1,0.2595888437,-0.136168911,-0.1075065407,-0.06168530981,0.01795706476,0.03422716223
10.2493148,29.25,trans,1,-1,0.2595888437,0.1361689105,0.1075065403,0.06168530981,-0.01795706469,0.03422716202
10.2493148,29.25,trans,1,1,0.2595888437,0.1361689105,0.1075065403,-0.06168530981,0.01795706469,0.03422716202
10.2493148,29.25,refl,0,0,0.6130346689,-7.23947709e-16,-2.749163873e-16,-0.4008588755,-0.1693082596,0.1893531248
10.2493148,29.25,refl,-1,0,0.4707429623,-1.502623726e-16,4.63723774e-16,-0.08879388198,-0.06018345321,0.01150640152
10.2493148,29.25,refl,0,-1,0.4707429623,0.0313293304,0.08530741408,1.014635284e-10,2.884969548e-11,0.008258881841
10.2493148,29.25,refl,0,1,0.4707429623,0.0313293304,0.08530741408,-1.0146358e-10,-2.884941603e-11,0.008258881841
10.2493148,29.25,refl,1,0,0.4707429623,3.909278117e-16,4.413815789e-16,-0.08879388161,-0.06018345301,0.01150640143
10.2493148,29.25,refl,-1,-1,0.2595888437,-0.1368226306,-0.1073875068,-0.06109495551,0.02036487235,0.03439983047
10.2493148,29.25,refl,-1,1,0.2595888437,-0.1368226306,-0.1073875068,0.06109495551,-0.02036487235,0.03439983047
10.2493148,29.25,refl,1,-1,0.2595888437,0.1368226301,0.1073875064,-0.0610949555,0.02036487226,0.03439983026
10.2493148,29.25,refl,1,1,0.2595888437,0.1368226301,0.1073875064,0.0610949555,-0.02036487226,0.03439983026
10.1624562,29.5,trans,0,0,0.6182742815,-5.455358129e-16,3.128063614e-17,0.6051448783,-0.2093335331,0.4100208518
10.1624562,29.5,trans,-1,0,0.4775463521,2.398427025e-17,2.348684218e-16,0.08705053968,0.06587276298,0.01191701736
10.1624562,29.5,trans,0,-1,0.4775463521,0.02649128881,0.08774536114,-8.799837469e-11,-5.053160968e-11,0.008401036785
10.1624562,29.5,trans,0,1,0.4775463521,0.02649128881,0.08774536114,8.799814306e-11,5.053163665e-11,0.008401036785
10.1624562,29.5,trans,1,0,0.4775463521,5.823710322e-16,1.92705849e-16,0.08705053933,0.06587276272,0.01191701727
10.1624562,29.5,trans,-1,-1,0.2717313924,-0.130377477,-0.1100526877,0.06216645605,-0.01510932338,0.03320284047
10.1624562,29.5,trans,-1,1,0.2717313924,-0.130377477,-0.1100526877,-0.06216645605,0.01510932338,0.03320284047
10.1624562,29.5,trans,1,-1,0.2717313924,0.1303774765,0.1100526872,0.06216645605,-0.01510932332,0.03320284026
10.1624562,29.5,trans,1,1,0.2717313924,0.1303774765,0.1100526872,-0.06216645605,0.01510932332,0.03320284026
10.1624562,29.5,refl,0,0,0.6182742815,-7.101566938e-16,-3.688519925e-17,-0.3902727431,-0.1765942391,0.1834983393
10.1624562,29.5,refl,-1,0,0.4775463521,-3.057439998e-17,4.060850617e-16,-0.08312877852,-0.06433929627,0.01104993886
10.1624562,29.5,refl,0,-1,0.4775463521,0.02505715206,0.08663984728,8.451908791e-11,4.848618253e-11,0.008134324006
10.1624562,29.5,refl,0,1,0.4775463521,0.02505715206,0.08663984728,-8.451883763e-11,-4.848607198e-11,0.008134324006
10.1624562,29.5,refl,1,0,0.4775463521,5.313608934e-16,3.743621416e-16,-0.08312877818,-0.06433929601,0.01104993877
10.1624562,29.5,refl,-1,-1,0.2717313924,-0.1311615076,-0.1098650365,-0.06159591843,0.01748602328,0.03337348551
10.1624562,29.5,refl,-1,1,0.2717313924,-0.1311615076,-0.1098650365,0.06159591843,-0.01748602328,0.03337348551
10.1624562,29.5,refl,1,-1,0.2717313924,0.1311615072,0.1098650361,-0.06159591842,0.01748602318,0.0333734853
10.1624562,29.5,refl,1,1,0.2717313924,0.1311615072,0.1098650361,0.06159591842,-0.01748602318,0.0333734853
10.07705741,29.75,trans,0,0,0.623513894,-2.847228771e-16,-1.538358874e-16,0.6164533571,-0.2158792292,0.4266185831
10.07705741,29.75,trans,-1,0,0.4843108581,-8.797759999e-17,1.571993822e-16,0.08132273503,0.06959975673,0.01145751337
10.07705741,29.75,trans,0,-1,0.4843108581,0.0202216528,0.08869582629,-6.673414807e-11,-6.750867247e-11,0.008275864843
10.07705741,29.75,trans,0,1,0.4843108581,0.0202216528,0.08869582629,6.673396333e-11,6.750885998e-11,0.008275864843
10.07705741,29.75,trans,1,0,0.4843108581,5.643986711e-16,1.725457573e-16,0.08132273474,0.06959975642,0.01145751328
10.07705741,29.75,trans,-1,-1,0.2834509455,-0.1247155831,-0.1126529401,0.06247573624,-0.01215591074,0.03229564536
10.07705741,29.75,trans,-1,1,0.2834509455,-0.1247155831,-0.1126529401,-0.06247573624,0.01215591074,0.03229564536
10.07705741,29.75,trans,1,-1,0.2834509455,0.1247155827,0.1126529396,0.06247573624,-0.01215591067,0.03229564516
10.07705741,29.75,trans,1,1,0.2834509455,0.1247155827,0.1126529396,-0.06247573624,0.01215591067,0.03229564516
10.07705741,29.75,refl,0,0,0.623513894,-4.741867694e-16,-2.52949238e-16,-0.3790423309,-0.1831020616,0.1771994536
10.07705741,29.75,refl,-1,0,0.4843108581,-1.178005152e-16,3.340088844e-16,-0.07737622423,-0.06812648153,0.01062829756
10.07705741,29.75,refl,0,-1,0.4843108581,0.01880921553,0.08752001176,6.279287224e-11,6.556890544e-11,0.008013539048
10.07705741,29.75,refl,0,1,0.4843108581,0.01880921553,0.08752001176,-6.27926522e-11,-6.556894528e-11,0.008013539048
10.07705741,29.75,refl,1,0,0.4843108581,5.335816587e-16,3.550713183e-16,-0.07737622395,-0.06812648122,0.01062829748
10.07705741,29.75,refl,-1,-1,0.2834509455,-0.1256332847,-0.1124136394,-0.06192950122,0.01448409271,0.03246560062
10.07705741,29.75,refl,-1,1,0.2834509455,-0.1256332847,-0.1124136394,0.06192950122,-0.01448409271,0.03246560062
10.07705741,29.75,refl,1,-1,0.2834509455,0.1256332843,0.112413639,-0.06192950121,0.01448409261,0.03246560041
10.07705741,29.75,refl,1,1,0.2834509455,0.1256332843,0.112413639,0.06192950121,-0.01448409261,0.03246560041
9.993081933,30,trans,0,0,0.6287535066,-3.43308056e-16,1.570028158e-16,0.6283305116,-0.2217151975,0.4439568606
9.993081933,30,trans,-1,0,0.4910380874,2.833445712e-17,8.178146938e-17,0.0755177931,0.0729649147,0.01102681585
9.993081933,30,trans,0,-1,0.4910380874,0.01398361287,0.08923589947,-4.134205058e-11,-8.054666508e-11,0.008158587183
9.993081933,30,trans,0,1,0.4910380874,0.01398361287,0.08923589947,4.134162298e-11,8.05469032e-11,0.008158587183
9.993081933,30,trans,1,0,0.4910380874,6.477013161e-16,1.275355242e-16,0.07551779288,0.07296491435,0.01102681577
9.993081933,30,trans,-1,-1,0.2947979554,-0.1191621387,-0.1152822384,0.06263121061,-0.009103323846,0.03149514885
9.993081933,30,trans,-1,1,0.2947979554,-0.1191621387,-0.1152822384,-0.06263121061,0.009103323846,0.03149514885
9.993081933,30,trans,1,-1,0.2947979554,0.1191621384,0.1152822379,0.0626312106,-0.009103323776,0.03149514865
9.993081933,30,trans,1,1,0.2947979554,0.1191621384,0.1152822379,-0.0626312106,0.009103323776,0.03149514865
9.993081933,30,refl,0,0,0.6287535066,-5.285504274e-16,1.16085671e-17,-0.3672528271,-0.1889020151,0.1705586103
9.993081933,30,refl,-1,0,0.4910380874,3.028435525e-17,2.805492094e-16,-0.07154650885,-0.07155500618,0.01023902184
9.993081933,30,refl,0,-1,0.4910380874,0.01260613887,0.08798727563,3.693693537e-11,7.872232306e-11,0.00790067541
9.993081933,30,refl,0,1,0.4910380874,0.01260613887,0.08798727563,-3.693644064e-11,-7.872240311e-11,0.00790067541
9.993081933,30,refl,1,0,0.4910380874,6.431312423e-16,3.239115923e-16,-0.07154650864,-0.07155500583,0.01023902176
9.993081933,30,refl,-1,-1,0.2947979554,-0.1202152454,-0.1150073281,-0.06211202677,0.01136821041,0.03166553082
9.993081933,30,refl,-1,1,0.2947979554,-0.1202152454,-0.1150073281,0.06211202677,-0.01136821041,0.03166553082
9.993081933,30,refl,1,-1,0.2947979554,0.120215245,0.1150073276,-0.06211202676,0.01136821031,0.03166553062
9.993081933,30,refl,1,1,0.2947979554,0.120215245,0.1150073276,0.06211202676,-0.01136821031,0.03166553062
9.910494479,30.25,trans,0,0,0.6339931191,-3.499323132e-16,-1.066307952e-16,0.6413521319,-0.2251600613,0.4620296103
9.910494479,30.25,trans,-1,0,0.4977295514,2.893090338e-17,1.866088099e-16,0.06966416651,0.07524597656,0.01051505308
9.910494479,30.25,trans,0,-1,0.4977295514,0.008131024265,0.08893810589,-1.924732147e-11,-7.816132678e-11,0.007976100235
9.910494479,30.25,trans,0,1,0.4977295514,0.008131024265,0.08893810589,1.924715617e-11,7.816139903e-11,0.007976100235
9.910494479,30.25,trans,1,0,0.4977295514,3.947663609e-16,1.554363593e-16,0.06966416635,0.0752459762,0.01051505301
9.910494479,30.25,trans,-1,-1,0.3058138937,-0.1131402002,-0.1167383033,0.06257261661,-0.006244799174,0.03038286623
9.910494479,30.25,trans,-1,1,0.3058138937,-0.1131402002,-0.1167383033,-0.06257261661,0.006244799174,0.03038286623
9.910494479,30.25,trans,1,-1,0.3058138937,0.1131401999,0.1167383028,0.0625726166,-0.006244799102,0.03038286604
9.910494479,30.25,trans,1,1,0.3058138937,0.1131401999,0.1167383028,-0.0625726166,0.006244799102,0.03038286604
9.910494479,30.25,refl,0,0,0.6339931191,-5.480144742e-16,-2.427466327e-16,-0.3543768636,-0.1920299414,0.1624584598
9.910494479,30.25,refl,-1,0,0.4977295514,4.535397302e-17,3.818849359e-16,-0.06596332802,-0.07394430187,0.009818920423
9.910494479,30.25,refl,0,-1,0.4977295514,0.006615836864,0.08762460526,1.486461418e-11,7.652335101e-11,0.007721840745
9.910494479,30.25,refl,0,1,0.4977295514,0.006615836864,0.08762460526,-1.486434592e-11,-7.65232695e-11,0.007721840745
9.910494479,30.25,refl,1,0,0.4977295514,4.051970275e-16,3.435619495e-16,-0.06596332786,-0.07394430152,0.00981892035
9.910494479,30.25,refl,-1,-1,0.3058138937,-0.1143273299,-0.1164480254,-0.0620237204,0.008570725683,0.03055128022
9.910494479,30.25,refl,-1,1,0.3058138937,-0.1143273299,-0.1164480254,0.0620237204,-0.008570725683,0.03055128022
9.910494479,30.25,refl,1,-1,0.3058138937,0.1143273297,0.1164480249,-0.06202372039,0.008570725584,0.03055128003
9.910494479,30.25,refl,1,1,0.3058138937,0.1143273297,0.1164480249,0.06202372039,-0.008570725584,0.03055128003
9.829260918,30.5,trans,0,0,0.6392327317,-3.733836338e-16,-1.564088164e-16,0.6546681212,-0.2278102855,0.4804878751
9.829260918,30.5,trans,-1,0,0.5043866736,1.667573182e-16,2.834639808e-16,0.06385444252,0.07719485494,0.01003643546
9.829260918,30.5,trans,0,-1,0.5043866736,0.002410072625,0.08832035697,1.401199759e-12,-7.231192515e-11,0.007806293906
9.829260918,30.5,trans,0,1,0.5043866736,0.002410072625,0.08832035697,-1.401317578e-12,7.231199823e-11,0.007806293906
9.829260918,30.5,trans,1,0,0.5043866736,2.429879783e-16,1.233341407e-16,0.06385444241,0.07719485459,0.01003643539
9.829260918,30.5,trans,-1,-1,0.316533328,-0.1072796453,-0.1182123332,0.06236620017,-0.003321961028,0.02938365636
9.829260918,30.5,trans,-1,1,0.316533328,-0.1072796453,-0.1182123332,-0.06236620017,0.003321961028,0.02938365636
9.829260918,30.5,trans,1,-1,0.316533328,0.1072796451,0.1182123327,0.06236620016,-0.003321960954,0.02938365619
9.829260918,30.5,trans,1,1,0.316533328,0.1072796451,0.1182123327,-0.06236620016,0.003321960954,0.02938365619
9.829260918,30.5,refl,0,0,0.6392327317,-5.805271552e-16,-3.356277832e-16,-0.3412097211,-0.1943775578,0.1542067087
9.829260918,30.5,refl,-1,0,0.5043866736,1.896015898e-16,4.76335322e-16,-0.06042112895,-0.07600216904,0.009427042521
9.829260918,30.5,refl,0,-1,0.5043866736,0.0007547996587,0.08694008483,-5.779528657e-12,7.085135137e-11,0.007559148073
9.829260918,30.5,refl,0,1,0.5043866736,0.0007547996587,0.08694008483,5.779774135e-12,-7.085127635e-11,0.007559148073
9.829260918,30.5,refl,1,0,0.5043866736,2.607003532e-16,2.978919418e-16,-0.06042112884,-0.07600216869,0.009427042456
9.829260918,30.5,refl,-1,-1,0.316533328,-0.1085938821,-0.1179207851,-0.06179821382,0.005683744763,0.02954926698
9.829260918,30.5,refl,-1,1,0.316533328,-0.1085938821,-0.1179207851,0.06179821382,-0.005683744763,0.02954926698
9.829260918,30.5,refl,1,-1,0.316533328,0.1085938819,0.1179207846,-0.06179821381,0.005683744662,0.02954926681
9.829260918,30.5,refl,1,1,0.316533328,0.1085938819,0.1179207846,0.06179821381,-0.005683744662,0.02954926681
9.749348228,30.75,trans,0,0,0.6444723443,-3.615876686e-16,-2.949720755e-16,0.6682223818,-0.229714292,0.4992898075
9.749348228,30.75,trans,-1,0,0.5110107961,1.982356869e-16,4.192578291e-16,0.05810021844,0.0788249991,0.009589015866
9.749348228,30.75,trans,0,-1,0.5110107961,-0.003169068887,0.08741238841,1.985786943e-11,-6.377461496e-11,0.007650968645
9.749348228,30.75,trans,0,1,0.5110107961,-0.003169068887,0.08741238841,-1.985776411e-11,6.377459446e-11,0.007650968645
9.749348228,30.75,trans,1,0,0.5110107961,4.144300074e-18,9.22394565e-17,0.05810021838,0.07882499876,0.009589015806
9.749348228,30.75,trans,-1,-1,0.3269854201,-0.1015648828,-0.1196857464,0.06202739232,-0.0003393026852,0.02848761583
9.749348228,30.75,trans,-1,1,0.3269854201,-0.1015648828,-0.1196857464,-0.06202739232,0.0003393026852,0.02848761583
9.749348228,30.75,trans,1,-1,0.3269854201,0.1015648827,0.1196857458,0.0620273923,-0.0003393026095,0.02848761567
9.749348228,30.75,trans,1,1,0.3269854201,0.1015648827,0.1196857458,-0.0620273923,0.0003393026095,0.02848761567
9.749348228,30.75,refl,0,0,0.6444723443,-5.65991887e-16,-4.990686713e-16,-0.3278066197,-0.1959942406,0.1458709223
9.749348228,30.75,refl,-1,0,0.5110107961,2.272457874e-16,6.156084351e-16,-0.05493038315,-0.07774269237,0.009061273211
9.749348228,30.75,refl,0,-1,0.5110107961,-0.004966571185,0.08596406378,-2.424452922e-11,6.247952226e-11,0.007414487091
9.749348228,30.75,refl,0,1,0.5110107961,-0.004966571185,0.08596406378,2.424458873e-11,-6.247934899e-11,0.007414487091
9.749348228,30.75,refl,1,0,0.5110107961,2.762866716e-17,2.615226026e-16,-0.05493038309,-0.07774269205,0.009061273153
9.749348228,30.75,refl,-1,-1,0.3269854201,-0.1029988073,-0.1194055764,-0.06144873197,0.002714930227,0.02864976348
9.749348228,30.75,refl,-1,1,0.3269854201,-0.1029988073,-0.1194055764,0.06144873197,-0.002714930227,0.02864976348
9.749348228,30.75,refl,1,-1,0.3269854201,0.1029988072,0.1194055758,-0.06144873196,0.002714930125,0.02864976333
9.749348228,30.75,refl,1,1,0.3269854201,0.1029988072,0.1194055758,0.06144873196,-0.002714930125,0.02864976333
9.670724452,31,trans,0,0,0.6497119568,-3.037270821e-16,-3.434051562e-16,0.681967132,-0.2309075913,0.5183974849
9.670724452,31,trans,-1,0,0.5176031859,2.760666e-16,5.053357867e-16,0.05241432386,0.08014879261,0.009171090303
9.670724452,31,trans,0,-1,0.5176031859,-0.008596789085,0.08624036609,3.569701441e-11,-5.342719333e-11,0.007511305527
9.670724452,31,trans,0,1,0.5176031859,-0.008596789085,0.08624036609,-3.569685831e-11,5.342715637e-11,0.007511305527
9.670724452,31,trans,1,0,0.5176031859,-1.076778393e-16,8.103029323e-17,0.05241432384,0.0801487923,0.009171090251
9.670724452,31,trans,-1,-1,0.3371950315,-0.09598382489,-0.1211418528,0.06156945669,0.00269875482,0.0276863244
9.670724452,31,trans,-1,1,0.3371950315,-0.09598382489,-0.1211418528,-0.06156945669,-0.00269875482,0.0276863244
9.670724452,31,trans,1,-1,0.3371950315,0.09598382482,0.1211418522,0.06156945667,0.002698754897,0.02768632426
9.670724452,31,trans,1,1,0.3371950315,0.09598382482,0.1211418522,-0.06156945667,-0.002698754897,0.02768632426
9.670724452,31,refl,0,0,0.6497119568,-5.143289406e-16,-5.895606908e-16,-0.3142144252,-0.1969161205,0.1375066635
9.670724452,31,refl,-1,0,0.5176031859,3.142616515e-16,6.935777814e-16,-0.04950281305,-0.07917869125,0.008719793647
9.670724452,31,refl,0,-1,0.5176031859,-0.01053837758,0.08472320898,-4.009980606e-11,5.228446023e-11,0.007289079542
9.670724452,31,refl,0,1,0.5176031859,-0.01053837758,0.08472320898,4.009983743e-11,-5.228427518e-11,0.007289079542
9.670724452,31,refl,1,0,0.5176031859,-7.493518793e-17,2.361906272e-16,-0.04950281303,-0.07917869094,0.008719793597
9.670724452,31,refl,-1,-1,0.3371950315,-0.09752956704,-0.1208842929,-0.06098680386,-0.0003286016206,0.02784452694
9.670724452,31,refl,-1,1,0.3371950315,-0.09752956704,-0.1208842929,0.06098680386,0.0003286016206,0.02784452694
9.670724452,31,refl,1,-1,0.3371950315,0.09752956697,0.1208842924,-0.06098680385,-0.0003286017236,0.0278445268
9.670724452,31,refl,1,1,0.3371950315,0.09752956697,0.1208842924,0.06098680385,0.0003286017236,0.0278445268
9.593358656,31.25,trans,0,0,0.6549515694,-3.848387993e-16,-1.741679241e-16,0.6959402893,-0.2296808271,0.5370861687
9.593358656,31.25,trans,-1,0,0.5241650403,2.365843074e-16,4.037632471e-16,0.04700085439,0.08062951412,0.008710198861
9.593358656,31.25,trans,0,-1,0.5241650403,-0.01364014846,0.08454343484,4.395189983e-11,-4.081896037e-11,0.007333646024
9.593358656,31.25,trans,0,1,0.5241650403,-0.01364014846,0.08454343484,-4.395209033e-11,4.081873255e-11,0.007333646024
9.593358656,31.25,trans,1,0,0.5241650403,7.439112637e-17,1.711800285e-16,0.04700085439,0.08062951383,0.008710198814
9.593358656,31.25,trans,-1,-1,0.3471835547,-0.09020239686,-0.1215304756,0.06099814269,0.005565343358,0.02665787536
9.593358656,31.25,trans,-1,1,0.3471835547,-0.09020239686,-0.1215304756,-0.06099814269,-0.005565343358,0.02665787536
9.593358656,31.25,trans,1,-1,0.3471835547,0.09020239684,0.1215304751,0.06099814268,0.005565343437,0.02665787523
9.593358656,31.25,trans,1,1,0.3471835547,0.09020239684,0.1215304751,-0.06099814268,-0.005565343437,0.02665787523
9.593358656,31.25,refl,0,0,0.6549515694,-5.932758245e-16,-4.326535992e-16,-0.3004083339,-0.1952218826,0.1283567505
9.593358656,31.25,refl,-1,0,0.5241650403,2.780721997e-16,5.844779324e-16,-0.04451800598,-0.07979636751,0.008349313124
9.593358656,31.25,refl,0,-1,0.5241650403,-0.01589500952,0.08295407906,-4.776071655e-11,3.987289849e-11,0.00713403056
9.593358656,31.25,refl,0,1,0.5241650403,-0.01589500952,0.08295407906,4.776111815e-11,-3.987253144e-11,0.00713403056
9.593358656,31.25,refl,1,0,0.5241650403,1.136323068e-16,3.214739577e-16,-0.04451800598,-0.07979636723,0.008349313079
9.593358656,31.25,refl,-1,-1,0.3471835547,-0.09184061743,-0.1213483825,-0.06035549052,-0.003030345418,0.02681209718
9.593358656,31.25,refl,-1,1,0.3471835547,-0.09184061743,-0.1213483825,0.06035549052,0.003030345418,0.02681209718
9.593358656,31.25,refl,1,-1,0.3471835547,0.0918406174,0.121348382,-0.0603554905,-0.003030345523,0.02681209706
9.593358656,31.25,refl,1,1,0.3471835547,0.0918406174,0.121348382,0.0603554905,0.003030345523,0.02681209706
9.517220889,31.5,trans,0,0,0.6601911819,1.117469856e-12,2.459210385e-12,0.70986434,-0.227736999,0.5557715219
9.517220889,31.5,trans,-1,0,0.5306974919,-1.207763425e-13,3.509297173e-14,0.04173772205,0.08087349721,0.008282559993
9.517220889,31.5,trans,0,-1,0.5306974919,-0.0184891976,0.08266024242,5.085341666e-11,-2.85883984e-11,0.007174566104
9.517220889,31.5,trans,0,1,0.5306974919,-0.0184891976,0.08266024242,-5.067652249e-11,2.920910944e-11,0.007174566104
9.517220889,31.5,trans,1,0,0.5306974919,-1.207647798e-13,3.502520252e-14,0.04173772206,0.08087349694,0.008282559951
9.517220889,31.5,trans,-1,-1,0.3569695493,-0.08460290605,-0.1219258086,0.06031274606,0.008464793478,0.02573283458
9.517220889,31.5,trans,-1,1,0.3569695493,-0.08460290605,-0.1219258086,-0.06031274606,-0.008464793479,0.02573283458
9.517220889,31.5,trans,1,-1,0.3569695493,0.08460290606,0.1219258081,0.06031274604,0.008464793559,0.02573283447
9.517220889,31.5,trans,1,1,0.3569695493,0.08460290606,0.1219258081,-0.06031274604,-0.008464793559,0.02573283447
9.517220889,31.5,refl,0,0,0.6601911819,1.157746034e-12,2.439281915e-12,-0.2866457043,-0.1928326772,0.1193502012
9.517220889,31.5,refl,-1,0,0.5306974919,-1.674924222e-13,-2.462315936e-14,-0.03967824847,-0.08017581879,0.008002525321
9.517220889,31.5,refl,0,-1,0.5306974919,-0.02106462203,0.08099934719,-5.404740772e-11,2.785113579e-11,0.007004612546
9.517220889,31.5,refl,0,1,0.5306974919,-0.02106462203,0.08099934719,5.395977232e-11,-2.842957433e-11,0.007004612546
9.517220889,31.5,refl,1,0,0.5306974919,-1.674787076e-13,-2.47178129e-14,-0.03967824849,-0.08017581853,0.00800252528
9.517220889,31.5,refl,-1,-1,0.3569695493,-0.08631891889,-0.1218187674,-0.05962371763,-0.005793209223,0.02587931682
9.517220889,31.5,refl,-1,1,0.3569695493,-0.08631891889,-0.1218187674,0.05962371763,0.005793209224,0.02587931682
9.517220889,31.5,refl,1,-1,0.3569695493,0.08631891889,0.1218187669,-0.05962371762,-0.00579320933,0.02587931671
9.517220889,31.5,refl,1,1,0.3569695493,0.08631891889,0.1218187669,0.05962371762,0.00579320933,0.02587931671
9.442282142,31.75,trans,0,0,0.6654307945,8.981237937e-13,1.835988624e-12,0.7237070223,-0.2251127059,0.5744275845
9.442282142,31.75,trans,-1,0,0.5372016134,-7.24415068e-14,2.742780849e-14,0.03662901537,0.08089847825,0.00788624855
9.442282142,31.75,trans,0,-1,0.5372016134,-0.02314358623,0.08061333193,5.650238581e-11,-1.762164317e-11,0.007034134868
9.442282142,31.75,trans,0,1,0.5372016134,-0.02314358623,0.08061333193,-5.641490147e-11,1.807931498e-11,0.007034134868
9.442282142,31.75,trans,1,0,0.5372016134,-7.225143034e-14,2.756545733e-14,0.03662901539,0.08089847801,0.007886248512
9.442282142,31.75,trans,-1,-1,0.3665692359,-0.0791747206,-0.1223151915,0.05952634366,0.01139697371,0.02490291905
9.442282142,31.75,trans,-1,1,0.3665692359,-0.0791747206,-0.1223151915,-0.05952634366,-0.01139697371,0.02490291906
9.442282142,31.75,trans,1,-1,0.3665692359,0.07917472064,0.1223151911,0.05952634364,0.0113969738,0.02490291895
9.442282142,31.75,trans,1,1,0.3665692359,0.07917472065,0.1223151911,-0.05952634364,-0.0113969738,0.02490291895
9.442282142,31.75,refl,0,0,0.6654307945,9.276274819e-13,1.82210577e-12,-0.2729583327,-0.1897844588,0.1105243922
9.442282142,31.75,refl,-1,0,0.5372016134,-1.04278837e-13,-1.353374345e-14,-0.03498645882,-0.08033508412,0.007677778042
9.442282142,31.75,refl,0,-1,0.5372016134,-0.02604554632,0.07888173682,-5.91600923e-11,1.705709045e-11,0.006900698886
9.442282142,31.75,refl,0,1,0.5372016134,-0.02604554632,0.07888173682,5.913637757e-11,-1.748509657e-11,0.006900698886
9.442282142,31.75,refl,1,0,0.5372016134,-1.040832291e-13,-1.342702213e-14,-0.03498645885,-0.08033508388,0.007677778005
9.442282142,31.75,refl,-1,-1,0.3665692359,-0.08095503454,-0.1222814028,-0.05880237513,-0.008614503373,0.02503838809
9.442282142,31.75,refl,-1,1,0.3665692359,-0.08095503454,-0.1222814028,0.05880237513,0.008614503373,0.02503838809
9.442282142,31.75,refl,1,-1,0.3665692359,0.08095503458,0.1222814024,-0.05880237511,-0.008614503481,0.02503838799
9.442282142,31.75,refl,1,1,0.3665692359,0.08095503458,0.1222814024,0.05880237511,0.008614503481,0.02503838799
9.368514313,32,trans,0,0,0.670670407,6.849583412e-13,1.363201472e-12,0.7374394133,-0.2218367421,0.5930284284
9.368514313,32,trans,-1,0,0.5436784216,-4.240086389e-14,2.275652932e-14,0.03167836931,0.08072193387,0.007519549691
9.368514313,32,trans,0,-1,0.5436784216,-0.02760347608,0.07842323156,6.13432217e-11,-7.603927547e-12,0.00691215514
9.368514313,32,trans,0,1,0.5436784216,-0.02760347608,0.07842323156,-6.130808918e-11,7.93555209e-12,0.00691215514
9.368514313,32,trans,1,0,0.5436784216,-4.200366327e-14,2.309947027e-14,0.03167836934,0.08072193365,0.007519549656
9.368514313,32,trans,-1,-1,0.3759968847,-0.07390933997,-0.1226875412,0.05865054529,0.01436246797,0.02416099026
9.368514313,32,trans,-1,1,0.3759968847,-0.07390933997,-0.1226875412,-0.05865054529,-0.01436246797,0.02416099026
9.368514313,32,trans,1,-1,0.3759968847,0.07390934005,0.1226875408,0.05865054527,0.01436246806,0.02416099016
9.368514313,32,trans,1,1,0.3759968847,0.07390934005,0.1226875408,-0.05865054527,-0.01436246806,0.02416099016
9.368514313,32,refl,0,0,0.670670407,7.062765671e-13,1.353630626e-12,-0.2593746857,-0.1861052353,0.1019103862
9.368514313,32,refl,-1,0,0.5436784216,-6.387939245e-14,-5.115965188e-15,-0.03044518917,-0.08029176074,0.007373676387
9.368514313,32,refl,0,-1,0.5436784216,-0.0308367172,0.07662202677,-6.348058813e-11,7.205608765e-12,0.006821838114
9.368514313,32,refl,0,1,0.5436784216,-0.0308367172,0.07662202677,6.349058833e-11,-7.516495482e-12,0.006821838114
9.368514313,32,refl,1,0,0.5436784216,-6.347506584e-14,-4.798545055e-15,-0.0304451892,-0.08029176052,0.007373676353
9.368514313,32,refl,-1,-1,0.3759968847,-0.07574160408,-0.1227239333,-0.05790122958,-0.01149261473,0.02428258698
9.368514313,32,refl,-1,1,0.3759968847,-0.07574160408,-0.1227239333,0.05790122958,0.01149261473,0.02428258698
9.368514313,32,refl,1,-1,0.3759968847,0.07574160415,0.1227239329,-0.05790122956,-0.01149261484,0.02428258689
9.368514313,32,refl,1,1,0.3759968847,0.07574160415,0.1227239329,0.05790122956,0.01149261484,0.02428258689
9.295890171,32.25,trans,0,0,0.6759100196,4.930237335e-13,1.000356978e-12,0.750637251,-0.2164155494,0.6102919726
9.295890171,32.25,trans,-1,0,0.5501288811,-2.374800706e-14,1.757873456e-14,0.02719353027,0.07998623058,0.007137285171
9.295890171,32.25,trans,0,-1,0.5501288811,-0.03168880991,0.07586284435,6.309739255e-11,2.626500441e-12,0.006759351826
9.295890171,32.25,trans,0,1,0.5501288811,-0.03168880991,0.07586284435,-6.30905144e-11,-2.389857679e-12,0.006759351826
9.295890171,32.25,trans,1,0,0.5501288811,-2.351080895e-14,1.789728908e-14,0.0271935303,0.07998623037,0.007137285139
9.295890171,32.25,trans,-1,-1,0.3852651256,-0.06865396982,-0.1221965027,0.05770365909,0.01713626926,0.02326871684
9.295890171,32.25,trans,-1,1,0.3852651256,-0.06865396982,-0.1221965027,-0.05770365909,-0.01713626926,0.02326871684
9.295890171,32.25,trans,1,-1,0.3852651256,0.06865396991,0.1221965023,0.05770365907,0.01713626934,0.02326871675
9.295890171,32.25,trans,1,1,0.3852651256,0.06865396991,0.1221965023,-0.05770365907,-0.01713626934,0.02326871675
9.295890171,32.25,refl,0,0,0.6759100196,5.07627007e-13,9.937658573e-13,-0.2462962292,-0.1802804947,0.09316288929
9.295890171,32.25,refl,-1,0,0.5501288811,-3.739411053e-14,-7.043838297e-16,-0.02629442921,-0.07969252763,0.007042295967
9.295890171,32.25,refl,0,-1,0.5501288811,-0.03525050447,0.07397677512,-6.43514507e-11,-2.825833005e-12,0.006715161323
9.295890171,32.25,refl,0,1,0.5501288811,-0.03525050447,0.07397677512,6.437445933e-11,2.603250702e-12,0.006715161323
9.295890171,32.25,refl,1,0,0.5501288811,-3.714816977e-14,-4.053790275e-16,-0.02629442925,-0.07969252742,0.007042295935
9.295890171,32.25,refl,-1,-1,0.3852651256,-0.0704901172,-0.1223210772,-0.05690358923,-0.01402265751,0.02336595595
9.295890171,32.25,refl,-1,1,0.3852651256,-0.0704901172,-0.1223210772,0.05690358923,0.01402265751,0.02336595595
9.295890171,32.25,refl,1,-1,0.3852651256,0.07049011729,0.1223210768,-0.05690358921,-0.01402265762,0.02336595587
9.295890171,32.25,refl,1,1,0.3852651256,0.07049011729,0.1223210768,0.05690358921,0.01402265762,0.02336595587
9.224383323,32.5,trans,0,0,0.6811496321,-3.055033842e-13,-1.452572166e-12,0.7635548832,-0.2104114573,0.6272890411
9.224383323,32.5,trans,-1,0,0.5565539081,-1.153769648e-13,4.507814564e-14,0.02288947245,0.07913034542,0.006785539516
9.224383323,32.5,trans,0,-1,0.5565539081,-0.03557212563,0.07322152823,6.496629069e-11,1.203330203e-11,0.006626768319
9.224383323,32.5,trans,0,1,0.5565539081,-0.03557212563,0.07322152823,-6.543847812e-11,-1.233383687e-11,0.006626768319
9.224383323,32.5,trans,1,0,0.5565539081,-1.152708159e-13,4.543963393e-14,0.02288947248,0.07913034522,0.006785539485
9.224383323,32.5,trans,-1,-1,0.3943851973,-0.06358572275,-0.1217257758,0.05667260635,0.01993819292,0.02246962449
9.224383323,32.5,trans,-1,1,0.3943851973,-0.06358572275,-0.1217257758,-0.05667260635,-0.01993819292,0.02246962449
9.224383323,32.5,trans,1,-1,0.3943851973,0.06358572287,0.1217257754,0.05667260633,0.01993819301,0.02246962441
9.224383323,32.5,trans,1,1,0.3943851973,0.06358572287,0.1217257754,-0.05667260633,-0.01993819301,0.02246962441
9.224383323,32.5,refl,0,0,0.6811496321,-2.8171232e-13,-1.445774135e-12,-0.2334878343,-0.1738896937,0.08475419433
9.224383323,32.5,refl,-1,0,0.5565539081,-1.214043896e-13,-5.666759779e-15,-0.02232221142,-0.07896828375,0.006734270962
9.224383323,32.5,refl,0,-1,0.5565539081,-0.03946639244,0.07125780475,-6.534201866e-11,-1.201043941e-11,0.00663527087
9.224383323,32.5,refl,0,1,0.5565539081,-0.03946639244,0.07125780475,6.588595551e-11,1.237856063e-11,0.00663527087
9.224383323,32.5,refl,1,0,0.5565539081,-1.212895306e-13,-5.315854976e-15,-0.02232221145,-0.07896828355,0.006734270931
9.224383323,32.5,refl,-1,-1,0.3943851973,-0.06541671327,-0.1219213167,-0.0558338744,-0.01660920151,0.02253744096
9.224383323,32.5,refl,-1,1,0.3943851973,-0.06541671326,-0.1219213167,0.0558338744,0.01660920151,0.02253744096
9.224383323,32.5,refl,1,-1,0.3943851973,0.06541671338,0.1219213164,-0.05583387438,-0.01660920162,0.02253744088
9.224383323,32.5,refl,1,1,0.3943851973,0.06541671338,0.1219213164,0.05583387438,0.01660920162,0.02253744088
9.153968183,32.75,trans,0,0,0.6863892447,-7.106301127e-14,-8.647496627e-13,0.776178367,-0.2038504509,0.6440078637
9.153968183,32.75,trans,-1,0,0.5629543733,-8.798360016e-14,2.861475229e-14,0.0187581083,0.07817053704,0.006462499489
9.153968183,32.75,trans,0,-1,0.5629543733,-0.03926002661,0.07051568772,6.759849016e-11,2.123226454e-11,0.006513811905
9.153968183,32.75,trans,0,1,0.5629543733,-0.03926002661,0.07051568772,-6.792288141e-11,-2.144292269e-11,0.006513811905
9.153968183,32.75,trans,1,0,0.5629543733,-8.803737648e-14,2.895625141e-14,0.01875810833,0.07817053685,0.006462499459
9.153968183,32.75,trans,-1,-1,0.40336715,-0.05869592466,-0.1212642134,0.05556749202,0.0227742665,0.0217566344
9.153968183,32.75,trans,-1,1,0.40336715,-0.05869592466,-0.1212642134,-0.05556749202,-0.0227742665,0.0217566344
9.153968183,32.75,trans,1,-1,0.40336715,0.0586959248,0.121264213,0.055567492,0.02277426659,0.02175663433
9.153968183,32.75,trans,1,1,0.40336715,0.0586959248,0.121264213,-0.055567492,-0.02277426659,0.02175663433
9.153968183,32.75,refl,0,0,0.6863892447,-5.429665852e-14,-8.620773918e-13,-0.2209638001,-0.1669575726,0.07669983198
9.153968183,32.75,refl,-1,0,0.5629543733,-9.13624962e-14,-5.252984404e-15,-0.01851979842,-0.07813547807,0.006448135866
9.153968183,32.75,refl,0,-1,0.5629543733,-0.04349001847,0.0684815569,-6.716115653e-11,-2.103320095e-11,0.006581105342
9.153968183,32.75,refl,0,1,0.5629543733,-0.04349001847,0.0684815569,6.753242827e-11,2.128748692e-11,0.006581105342
9.153968183,32.75,refl,1,0,0.5629543733,-9.140222426e-14,-4.911759702e-15,-0.01851979845,-0.07813547787,0.006448135837
9.153968183,32.75,refl,-1,-1,0.40336715,-0.06051501512,-0.1215135419,-0.0547000246,-0.0192566298,0.02179051841
9.153968183,32.75,refl,-1,1,0.40336715,-0.06051501511,-0.1215135419,0.0547000246,0.0192566298,0.02179051841
9.153968183,32.75,refl,1,-1,0.40336715,0.06051501525,0.1215135416,-0.05470002459,-0.01925662992,0.02179051834
9.153968183,32.75,refl,1,1,0.40336715,0.06051501525,0.1215135416,0.05470002459,0.01925662992,0.02179051834
9.084619939,33,trans,0,0,0.6916288572,3.71786246e-14,-4.941182088e-13,0.788494818,-0.1967512806,0.6604351444
9.084619939,33,trans,-1,0,0.5693311053,-6.61000948e-14,1.833523476e-14,0.01478993401,0.07712232386,0.006166594985
9.084619939,33,trans,0,-1,0.5693311053,-0.0427593464,0.06776013964,7.075985809e-11,2.997772489e-11,0.006419798228
9.084619939,33,trans,0,1,0.5693311053,-0.0427593464,0.06776013964,-7.098160555e-11,-3.012469486e-11,0.006419798228
9.084619939,33,trans,1,0,0.5693311053,-6.635465733e-14,1.865655573e-14,0.01478993404,0.07712232366,0.006166594956
9.084619939,33,trans,-1,-1,0.4122200124,-0.0539771092,-0.120801547,0.05439699286,0.02565189031,0.02112359438
9.084619939,33,trans,-1,1,0.4122200124,-0.0539771092,-0.120801547,-0.05439699286,-0.02565189031,0.02112359438
9.084619939,33,trans,1,-1,0.4122200124,0.05397710936,0.1208015466,0.05439699284,0.0256518904,0.02112359431
9.084619939,33,trans,1,1,0.4122200124,0.05397710936,0.1208015466,-0.05439699284,-0.0256518904,0.02112359431
9.084619939,33,refl,0,0,0.6916288572,4.894890104e-14,-4.935814081e-13,-0.20873737,-0.15950162,0.0690120564
9.084619939,33,refl,-1,0,0.5693311053,-6.79557317e-14,-4.139133596e-15,-0.01487714894,-0.07720972656,0.006182671436
9.084619939,33,refl,0,-1,0.5693311053,-0.04732739813,0.06566302751,-6.953566939e-11,-2.960582081e-11,0.006551515795
9.084619939,33,refl,0,1,0.5693311053,-0.04732739813,0.06566302751,6.978797875e-11,2.978084208e-11,0.006551515795
9.084619939,33,refl,1,0,0.5693311053,-6.819339616e-14,-3.812318907e-15,-0.01487714898,-0.07720972637,0.006182671408
9.084619939,33,refl,-1,-1,0.4122200124,-0.05577968327,-0.1210875877,-0.05350877954,-0.0219709609,0.02111948956
9.084619939,33,refl,-1,1,0.4122200124,-0.05577968327,-0.1210875877,0.05350877954,0.0219709609,0.02111948956
9.084619939,33,refl,1,-1,0.4122200124,0.05577968342,0.1210875873,-0.05350877953,-0.02197096102,0.0211194895
9.084619939,33,refl,1,1,0.4122200124,0.05577968342,0.1210875873,0.05350877953,0.02197096102,0.0211194895
9.016314526,33.25,trans,0,0,0.6968684698,7.365354796e-14,-2.637131104e-13,0.799770975,-0.1879804728,0.6749702706
9.016314526,33.25,trans,-1,0,0.5756848925,-4.857025101e-14,9.812803303e-15,0.01131121683,0.07575674004,0.005867027288
9.016314526,33.25,trans,0,-1,0.5756848925,-0.04584861278,0.06471535801,7.040769428e-11,4.048713904e-11,0.006290172856
9.016314526,33.25,trans,0,1,0.5756848925,-0.04584861278,0.06471535801,-7.056241011e-11,-4.058882543e-11,0.006290172856
9.016314526,33.25,trans,1,0,0.5756848925,-4.875138659e-14,9.972892301e-15,0.01131121685,0.07575673985,0.005867027259
9.016314526,33.25,trans,-1,-1,0.4209519292,-0.04936984615,-0.11970929,0.0531886793,0.02828783752,0.02039693317
9.016314526,33.25,trans,-1,1,0.4209519292,-0.04936984615,-0.11970929,-0.0531886793,-0.02828783752,0.02039693317
9.016314526,33.25,trans,1,-1,0.4209519292,0.04936984632,0.1197092896,0.05318867927,0.02828783761,0.02039693311
9.016314526,33.25,trans,1,1,0.4209519292,0.04936984633,0.1197092896,-0.05318867927,-0.02828783761,0.02039693311
9.016314526,33.25,refl,0,0,0.6968684698,8.160027378e-14,-2.643538287e-13,-0.1974958574,-0.1505599471,0.06167291136
9.016314526,33.25,refl,-1,0,0.5756848925,-4.971154679e-14,-4.472025951e-15,-0.01141841222,-0.07594518937,0.005898051925
9.016314526,33.25,refl,0,-1,0.5756848925,-0.05051982271,0.06256624054,-6.852692061e-11,-3.995701853e-11,0.006466786941
9.016314526,33.25,refl,0,1,0.5756848925,-0.05051982271,0.06256624054,6.869939649e-11,4.007619442e-11,0.006466786941
9.016314526,33.25,refl,1,0,0.5756848925,-4.987351678e-14,-4.289437436e-15,-0.01141841225,-0.07594518917,0.005898051897
9.016314526,33.25,refl,-1,-1,0.4209519292,-0.05112400247,-0.1199840368,-0.05227704702,-0.02435666142,0.02033596932
9.016314526,33.25,refl,-1,1,0.4209519292,-0.05112400247,-0.1199840368,0.05227704702,0.02435666142,0.02033596932
9.016314526,33.25,refl,1,-1,0.4209519292,0.05112400264,0.1199840365,-0.052277047,-0.02435666154,0.02033596927
9.016314526,33.25,refl,1,1,0.4209519292,0.05112400264,0.1199840365,0.052277047,0.02435666154,0.02033596927
8.949028597,33.5,trans,0,0,0.7021080824,7.798444249e-14,-1.276620038e-13,0.8106566617,-0.178754735,0.6891174784
8.949028597,33.5,trans,-1,0,0.5820164865,-3.544113042e-14,5.112282139e-15,0.007967070798,0.0743625062,0.005593256546
8.949028597,33.5,trans,0,-1,0.5820164865,-0.04876549972,0.06167085227,7.073035569e-11,5.168378766e-11,0.006181367982
8.949028597,33.5,trans,0,1,0.5820164865,-0.04876549972,0.06167085227,-7.083760407e-11,-5.175389015e-11,0.006181367982
8.949028597,33.5,trans,1,0,0.5820164865,-3.550499096e-14,5.159156287e-15,0.007967070827,0.074362506,0.005593256517
8.949028597,33.5,trans,-1,-1,0.4295702757,-0.04493769088,-0.1186412105,0.05191630398,0.03098227615,0.01975033696
8.949028597,33.5,trans,-1,1,0.4295702757,-0.04493769088,-0.1186412105,-0.05191630398,-0.03098227615,0.01975033696
8.949028597,33.5,trans,1,-1,0.4295702757,0.04493769107,0.1186412102,0.05191630396,0.03098227625,0.0197503369
8.949028597,33.5,trans,1,1,0.4295702757,0.04493769108,0.1186412102,-0.05191630396,-0.03098227625,0.0197503369
8.949028597,33.5,refl,0,0,0.7021080824,8.332278702e-14,-1.287128657e-13,-0.1866373478,-0.1411678478,0.05476186082
8.949028597,33.5,refl,-1,0,0.5820164865,-3.616170334e-14,-3.939657685e-15,-0.008102012842,-0.07464459628,0.005637458365
8.949028597,33.5,refl,0,-1,0.5820164865,-0.05354390624,0.05948403702,-6.82157977e-11,-5.100072649e-11,0.006405300556
8.949028597,33.5,refl,0,1,0.5820164865,-0.05354390624,0.05948403702,6.833321274e-11,5.108163472e-11,0.006405300556
8.949028597,33.5,refl,1,0,0.5820164865,-3.620721976e-14,-3.855288963e-15,-0.008102012878,-0.07464459608,0.005637458336
8.949028597,33.5,refl,-1,-1,0.4295702757,-0.04664825294,-0.1188839755,-0.05098772304,-0.02682535233,0.01962880655
8.949028597,33.5,refl,-1,1,0.4295702757,-0.04664825294,-0.1188839755,0.05098772304,0.02682535233,0.01962880655
8.949028597,33.5,refl,1,-1,0.4295702757,0.04664825313,0.1188839752,-0.05098772302,-0.02682535245,0.0196288065
8.949028597,33.5,refl,1,1,0.4295702757,0.04664825313,0.1188839752,0.05098772302,0.02682535245,0.0196288065
8.882739496,33.75,trans,0,0,0.7073476949,5.201590548e-16,-1.334386999e-13,0.8211487653,-0.169076489,0.7028721539
8.882739496,33.75,trans,-1,0,0.5883266038,-1.251713016e-13,6.885966741e-15,0.004736257025,0.07294773292,0.005343803869
8.882739496,33.75,trans,0,-1,0.5883266038,-0.05152092793,0.05863728541,7.173054737e-11,6.387021554e-11,0.006092737255
8.882739496,33.75,trans,0,1,0.5883266038,-0.05152092793,0.05863728541,-7.18563616e-11,-6.379148248e-11,0.006092737255
8.882739496,33.75,trans,1,0,0.5883266038,-1.251433913e-13,6.807974241e-15,0.004736257053,0.07294773271,0.005343803839
8.882739496,33.75,trans,-1,-1,0.4380817549,-0.04067478294,-0.1175824807,0.05058480048,0.03375040128,0.01917798936
8.882739496,33.75,trans,-1,1,0.4380817549,-0.04067478293,-0.1175824807,-0.05058480048,-0.03375040128,0.01917798936
8.882739496,33.75,trans,1,-1,0.4380817549,0.04067478315,0.1175824804,0.05058480045,0.03375040138,0.01917798931
8.882739496,33.75,trans,1,1,0.4380817549,0.04067478315,0.1175824804,-0.05058480045,-0.03375040138,0.01917798931
8.882739496,33.75,refl,0,0,0.7073476949,1.470720111e-14,-1.34462393e-13,-0.1761660305,-0.1313269187,0.04828122987
8.882739496,33.75,refl,-1,0,0.5883266038,-1.318976094e-13,3.03841842e-15,-0.004906830544,-0.07331665751,0.005399409255
8.882739496,33.75,refl,0,-1,0.5883266038,-0.056410439,0.05642682606,-6.860322712e-11,-6.3039758e-11,0.006366124327
8.882739496,33.75,refl,0,1,0.5883266038,-0.056410439,0.05642682606,6.873737262e-11,6.297007082e-11,0.006366124327
8.882739496,33.75,refl,1,0,0.5883266038,-1.318455677e-13,3.012782483e-15,-0.004906830579,-0.0733166573,0.005399409224
8.882739496,33.75,refl,-1,-1,0.4380817549,-0.0423486379,-0.11777404,-0.0496436451,-0.02939171253,0.01899249589
8.882739496,33.75,refl,-1,1,0.4380817549,-0.0423486379,-0.11777404,0.04964364509,0.02939171253,0.01899249589
8.882739496,33.75,refl,1,-1,0.4380817549,0.04234863812,0.1177740397,-0.04964364507,-0.02939171266,0.01899249584
8.882739496,33.75,refl,1,1,0.4380817549,0.04234863812,0.1177740397,0.04964364507,0.02939171266,0.01899249584
8.817425235,34,trans,0,0,0.7125873075,2.213230478e-14,-5.756640415e-14,0.8312425053,-0.1589377925,0.7162253245
8.817425235,34,trans,-1,0,0.5946159281,-9.059804969e-14,2.221200173e-16,0.001594132537,0.07151868752,0.005117463923
8.817425235,34,trans,0,-1,0.5946159281,-0.05412587128,0.05562428332,7.348584102e-11,7.721926752e-11,0.006023670837
8.817425235,34,trans,0,1,0.5946159281,-0.05412587128,0.05562428332,-7.358312116e-11,-7.715227744e-11,0.006023670837
8.817425235,34,trans,1,0,0.5946159281,-9.041888734e-14,8.173888132e-17,0.001594132564,0.0715186873,0.005117463891
8.817425235,34,trans,-1,-1,0.4464924784,-0.03657636649,-0.1165175469,0.04919715303,0.03661078148,0.0186748785
8.817425235,34,trans,-1,1,0.4464924784,-0.03657636649,-0.1165175469,-0.04919715303,-0.03661078148,0.0186748785
8.817425235,34,trans,1,-1,0.4464924784,0.03657636673,0.1165175466,0.049197153,0.03661078158,0.01867487845
8.817425235,34,trans,1,1,0.4464924784,0.03657636673,0.1165175466,-0.049197153,-0.03661078158,0.01867487845
8.817425235,34,refl,0,0,0.7125873075,3.168898872e-14,-5.850919334e-14,-0.1660877505,-0.1210284014,0.04223301481
8.817425235,34,refl,-1,0,0.5946159281,-9.535969522e-14,-1.983980722e-15,-0.001808489646,-0.07196825457,0.0051827003
8.817425235,34,refl,0,-1,0.5946159281,-0.05913038767,0.05340422701,-6.976906617e-11,-7.625060937e-11,0.006348414209
8.817425235,34,refl,0,1,0.5946159281,-0.05913038767,0.05340422701,6.987075885e-11,7.619022306e-11,0.006348414209
8.817425235,34,refl,1,0,0.5946159281,-9.515848034e-14,-2.058250203e-15,-0.001808489682,-0.07196825434,0.005182700268
8.817425235,34,refl,-1,-1,0.4464924784,-0.03822238333,-0.1166400323,-0.04824576424,-0.03207404176,0.01842224563
8.817425235,34,refl,-1,1,0.4464924784,-0.03822238333,-0.1166400323,0.04824576424,0.03207404176,0.01842224563
8.817425235,34,refl,1,-1,0.4464924784,0.03822238357,0.116640032,-0.04824576421,-0.03207404188,0.0184222456
8.817425235,34,refl,1,1,0.4464924784,0.03822238357,0.116640032,0.04824576421,0.03207404188,0.0184222456
