2026-08-10 16:22:00   In order to get an optimal performance, hyperthreading is ignored for parallel
                      computations.

                      ------------------------------------------------------------------------------
2026-08-10 16:22:02   
                      ------------------------------------------------------------------------------
2026-08-10 16:22:02   Units settings: 

                        Dimensions: um
                        Frequency:  THz
                        Time:       ps

                      ------------------------------------------------------------------------------
2026-08-10 16:22:02   Boundary conditions: 

                        YZsymmetry: none
                        XZsymmetry: none
                        XYsymmetry: none

                        Xmin: unit cell
                        Xmax: unit cell

                        Ymin: unit cell
                        Ymax: unit cell

                        Zmin: expanded open
                        Zmax: expanded open

                      ------------------------------------------------------------------------------
2026-08-10 16:22:02   Order settings: 

                        Solver order   : 2nd (constant)
                        Curved elements: up to order 3 (automatic)

                      ------------------------------------------------------------------------------
2026-08-10 16:22:02     Mesh time                :	1 s


                      ------------------------------------------------------------------------------
2026-08-10 16:22:03   
                      ================================================================================
                      Frequency Domain Solver calculation cycle started

                      ------------------------------------------------------------------------------
2026-08-10 16:22:03   Solver started at: 2026-08-10 16:22:03 -0400

                        Module:  Frequency Domain: S-Parameter (Win 64)
                        Version: 2026.0 Release from 2025-08-29 (change 1465899)

                        Free disk space at solver start is 289 GB.


                      ------------------------------------------------------------------------------
2026-08-10 16:22:03   An iterative solver will be used first.

                      ------------------------------------------------------------------------------
2026-08-10 16:22:03   The wavelength based mesh refinement has been applied to 8.7% of all mesh edges.

                      ------------------------------------------------------------------------------
2026-08-10 16:22:03   The low frequency stabilization is not applied to periodic problems.

                      ------------------------------------------------------------------------------
2026-08-10 16:22:03     Calculation 1 (Frequency: 34 THz, Theta: 0, Phi: 0)


                      ------------------------------------------------------------------------------
2026-08-10 16:22:03   Running the PortModeSolver.

                      ------------------------------------------------------------------------------
2026-08-10 16:22:04   Adaptive mesh refinement pass 1

                      ------------------------------------------------------------------------------
2026-08-10 16:22:05     Matrix setup time        :	0 s
                        Degrees of freedom       :	75712
                        Number of mesh cells     :	11233

                        Stimulation port         :	Zmin
                        Mode number              :	1
                        Accuracy                 :	9.14874e-05
                        Iterations               :	26
                        Solver time              :	0 s


                      ------------------------------------------------------------------------------
2026-08-10 16:22:06   8% of all mesh edges seem to be longer than expected. The adaptive mesh refinement's growth limitation will therefore 
                      use 16945 instead of 6998 mesh cells as a reference.

                      ------------------------------------------------------------------------------
2026-08-10 16:22:06   The wavelength based mesh refinement has been applied to 0.4% of all mesh edges.

                      ------------------------------------------------------------------------------
2026-08-10 16:22:06   Adaptive mesh refinement pass 2

                      ------------------------------------------------------------------------------
2026-08-10 16:22:07     Matrix setup time        :	0 s
                        Degrees of freedom       :	114122
                        Number of mesh cells     :	17079

                        Stimulation port         :	Zmin
                        Mode number              :	1
                        Accuracy                 :	9.67379e-05
                        Iterations               :	23
                        Solver time              :	0 s


                      ------------------------------------------------------------------------------
2026-08-10 16:22:07     Delta calculation        
2026-08-10 16:22:07     All S-Parameters         :	0.0257096
2026-08-10 16:22:07   

                      ------------------------------------------------------------------------------
2026-08-10 16:22:08   Adaptive mesh refinement pass 3

                      ------------------------------------------------------------------------------
2026-08-10 16:22:10     Matrix setup time        :	0 s
                        Degrees of freedom       :	150332
                        Number of mesh cells     :	22483

                        Stimulation port         :	Zmin
                        Mode number              :	1
                        Accuracy                 :	8.84558e-05
                        Iterations               :	23
                        Solver time              :	1 s


                      ------------------------------------------------------------------------------
2026-08-10 16:22:10     Delta calculation        
2026-08-10 16:22:10     All S-Parameters         :	0.00598989
2026-08-10 16:22:10   

                      ------------------------------------------------------------------------------
2026-08-10 16:22:10   Mesh adaptation terminated because the desired accuracy limit is reached.

                      ------------------------------------------------------------------------------
2026-08-10 16:22:10     Total time               :	6 s

                      ------------------------------------------------------------------------------
2026-08-10 16:22:10   

                      ------------------------------------------------------------------------------
2026-08-10 16:22:10     Calculation 2 (Frequency: 10 THz, Theta: 0, Phi: 0)


                      ------------------------------------------------------------------------------
2026-08-10 16:22:10   Running the PortModeSolver.

                      ------------------------------------------------------------------------------
2026-08-10 16:22:11   Adaptive mesh refinement pass 1

                      ------------------------------------------------------------------------------
2026-08-10 16:22:12     Matrix setup time        :	0 s
                        Degrees of freedom       :	150332
                        Number of mesh cells     :	22483

                        Stimulation port         :	Zmin
                        Mode number              :	1
                        Accuracy                 :	7.42053e-05
                        Iterations               :	12
                        Solver time              :	0 s


                      ------------------------------------------------------------------------------
2026-08-10 16:22:13   Adaptive mesh refinement pass 2

                      ------------------------------------------------------------------------------
2026-08-10 16:22:14     Matrix setup time        :	0 s
                        Degrees of freedom       :	162636
                        Number of mesh cells     :	24388

                        Stimulation port         :	Zmin
                        Mode number              :	1
                        Accuracy                 :	7.42276e-05
                        Iterations               :	12
                        Solver time              :	0 s


                      ------------------------------------------------------------------------------
2026-08-10 16:22:14     Delta calculation        
2026-08-10 16:22:14     All S-Parameters         :	0.00577902
2026-08-10 16:22:14   

                      ------------------------------------------------------------------------------
2026-08-10 16:22:15   Adaptive mesh refinement pass 3

                      ------------------------------------------------------------------------------
2026-08-10 16:22:16     Matrix setup time        :	0 s
                        Degrees of freedom       :	194718
                        Number of mesh cells     :	29313

                        Stimulation port         :	Zmin
                        Mode number              :	1
                        Accuracy                 :	7.47486e-05
                        Iterations               :	12
                        Solver time              :	0 s


                      ------------------------------------------------------------------------------
2026-08-10 16:22:16     Delta calculation        
2026-08-10 16:22:16     All S-Parameters         :	0.00382802
2026-08-10 16:22:16   

                      ------------------------------------------------------------------------------
2026-08-10 16:22:16   Mesh adaptation terminated because the desired accuracy limit is reached.

                      ------------------------------------------------------------------------------
2026-08-10 16:22:16     Total time               :	6 s

                      ------------------------------------------------------------------------------
2026-08-10 16:22:16   

                      ------------------------------------------------------------------------------
2026-08-10 16:22:16     Calculation 3 (Frequency: 22 THz, Theta: 0, Phi: 0)


                      ------------------------------------------------------------------------------
2026-08-10 16:22:16   Running the PortModeSolver.

                      ------------------------------------------------------------------------------
2026-08-10 16:22:18   Adaptive mesh refinement pass 1

                      ------------------------------------------------------------------------------
2026-08-10 16:22:20     Matrix setup time        :	0 s
                        Degrees of freedom       :	194718
                        Number of mesh cells     :	29313

                        Stimulation port         :	Zmin
                        Mode number              :	1
                        Accuracy                 :	7.68957e-05
                        Iterations               :	21
                        Solver time              :	1 s


                      ------------------------------------------------------------------------------
2026-08-10 16:22:21   Adaptive mesh refinement pass 2

                      ------------------------------------------------------------------------------
2026-08-10 16:22:24     Matrix setup time        :	0 s
                        Degrees of freedom       :	231476
                        Number of mesh cells     :	34856

                        Stimulation port         :	Zmin
                        Mode number              :	1
                        Accuracy                 :	9.3454e-05
                        Iterations               :	21
                        Solver time              :	1 s


                      ------------------------------------------------------------------------------
2026-08-10 16:22:24     Delta calculation        
2026-08-10 16:22:24     All S-Parameters         :	0.0328345
2026-08-10 16:22:24   

                      ------------------------------------------------------------------------------
2026-08-10 16:22:25   Adaptive mesh refinement pass 3

                      ------------------------------------------------------------------------------
2026-08-10 16:22:28     Matrix setup time        :	0 s
                        Degrees of freedom       :	267846
                        Number of mesh cells     :	40306

                        Stimulation port         :	Zmin
                        Mode number              :	1
                        Accuracy                 :	9.13363e-05
                        Iterations               :	18
                        Solver time              :	2 s


                      ------------------------------------------------------------------------------
2026-08-10 16:22:28     Delta calculation        
2026-08-10 16:22:28     All S-Parameters         :	0.00196433
2026-08-10 16:22:28   

                      ------------------------------------------------------------------------------
2026-08-10 16:22:28   Mesh adaptation terminated because the desired accuracy limit is reached.

                      ------------------------------------------------------------------------------
2026-08-10 16:22:28     Total time               :	11 s

                      ------------------------------------------------------------------------------
2026-08-10 16:22:28   

                      ------------------------------------------------------------------------------
2026-08-10 16:22:28     Calculation 4 (Frequency: 18.5497 THz, Theta: 0, Phi: 0)


                      ------------------------------------------------------------------------------
2026-08-10 16:22:28   Running the PortModeSolver.

                      ------------------------------------------------------------------------------
2026-08-10 16:22:30   Adaptive mesh refinement pass 1

                      ------------------------------------------------------------------------------
2026-08-10 16:22:32     Matrix setup time        :	0 s
                        Degrees of freedom       :	267846
                        Number of mesh cells     :	40306

                        Stimulation port         :	Zmin
                        Mode number              :	1
                        Accuracy                 :	9.91811e-05
                        Iterations               :	14
                        Solver time              :	1 s


                      ------------------------------------------------------------------------------
2026-08-10 16:22:33   Adaptive mesh refinement pass 2

                      ------------------------------------------------------------------------------
2026-08-10 16:22:36     Matrix setup time        :	0 s
                        Degrees of freedom       :	302910
                        Number of mesh cells     :	45677

                        Stimulation port         :	Zmin
                        Mode number              :	1
                        Accuracy                 :	9.37352e-05
                        Iterations               :	13
                        Solver time              :	1 s


                      ------------------------------------------------------------------------------
2026-08-10 16:22:36     Delta calculation        
2026-08-10 16:22:36     All S-Parameters         :	0.00154842
2026-08-10 16:22:36   

                      ------------------------------------------------------------------------------
2026-08-10 16:22:37   Adaptive mesh refinement pass 3

                      ------------------------------------------------------------------------------
2026-08-10 16:22:40     Matrix setup time        :	0 s
                        Degrees of freedom       :	338218
                        Number of mesh cells     :	51001

                        Stimulation port         :	Zmin
                        Mode number              :	1
                        Accuracy                 :	6.64331e-05
                        Iterations               :	13
                        Solver time              :	1 s


                      ------------------------------------------------------------------------------
2026-08-10 16:22:40     Delta calculation        
2026-08-10 16:22:40     All S-Parameters         :	0.000849284
2026-08-10 16:22:40   

                      ------------------------------------------------------------------------------
2026-08-10 16:22:40   Mesh adaptation terminated because the desired accuracy limit is reached.

                      ------------------------------------------------------------------------------
2026-08-10 16:22:40     Total time               :	11 s

                      ------------------------------------------------------------------------------
2026-08-10 16:22:40   

                      ------------------------------------------------------------------------------
2026-08-10 16:22:40     Calculation 5 (Frequency: 18.9244 THz, Theta: 0, Phi: 0)


                      ------------------------------------------------------------------------------
2026-08-10 16:22:40   Running the PortModeSolver.

                      ------------------------------------------------------------------------------
2026-08-10 16:22:41   Adaptive mesh refinement pass 1

                      ------------------------------------------------------------------------------
2026-08-10 16:22:44     Matrix setup time        :	0 s
                        Degrees of freedom       :	338218
                        Number of mesh cells     :	51001

                        Stimulation port         :	Zmin
                        Mode number              :	1
                        Accuracy                 :	7.33934e-05
                        Iterations               :	12
                        Solver time              :	1 s


                      ------------------------------------------------------------------------------
2026-08-10 16:22:45   Adaptive mesh refinement pass 2

                      ------------------------------------------------------------------------------
2026-08-10 16:22:49     Matrix setup time        :	0 s
                        Degrees of freedom       :	373662
                        Number of mesh cells     :	56383

                        Stimulation port         :	Zmin
                        Mode number              :	1
                        Accuracy                 :	7.58491e-05
                        Iterations               :	15
                        Solver time              :	2 s


                      ------------------------------------------------------------------------------
2026-08-10 16:22:49     Delta calculation        
2026-08-10 16:22:49     All S-Parameters         :	0.000363397
2026-08-10 16:22:49   

                      ------------------------------------------------------------------------------
2026-08-10 16:22:50   Adaptive mesh refinement pass 3

                      ------------------------------------------------------------------------------
2026-08-10 16:22:54     Matrix setup time        :	0 s
                        Degrees of freedom       :	409016
                        Number of mesh cells     :	61731

                        Stimulation port         :	Zmin
                        Mode number              :	1
                        Accuracy                 :	8.43087e-05
                        Iterations               :	14
                        Solver time              :	2 s


                      ------------------------------------------------------------------------------
2026-08-10 16:22:54     Delta calculation        
2026-08-10 16:22:54     All S-Parameters         :	0.000263271
2026-08-10 16:22:54   

                      ------------------------------------------------------------------------------
2026-08-10 16:22:54   Mesh adaptation terminated because the desired accuracy limit is reached.

                      ------------------------------------------------------------------------------
2026-08-10 16:22:54     Total time               :	14 s

                      ------------------------------------------------------------------------------
2026-08-10 16:22:54   

                      ------------------------------------------------------------------------------
2026-08-10 16:22:54     Calculation 6 (Frequency: 26.3108 THz, Theta: 0, Phi: 0)


                      ------------------------------------------------------------------------------
2026-08-10 16:22:55   Running the PortModeSolver.

                      ------------------------------------------------------------------------------
2026-08-10 16:22:56   Adaptive mesh refinement pass 1

                      ------------------------------------------------------------------------------
2026-08-10 16:23:00     Matrix setup time        :	0 s
                        Degrees of freedom       :	409016
                        Number of mesh cells     :	61731

                        Stimulation port         :	Zmin
                        Mode number              :	1
                        Accuracy                 :	9.02675e-05
                        Iterations               :	18
                        Solver time              :	2 s


                      ------------------------------------------------------------------------------
2026-08-10 16:23:00   The input reflection seems to be large at 26.3108 THz, Theta: 0, Phi: 0.  More...

                      ------------------------------------------------------------------------------
2026-08-10 16:23:01   Adaptive mesh refinement pass 2

                      ------------------------------------------------------------------------------
2026-08-10 16:23:06     Matrix setup time        :	0 s
                        Degrees of freedom       :	444270
                        Number of mesh cells     :	67098

                        Stimulation port         :	Zmin
                        Mode number              :	1
                        Accuracy                 :	4.60125e-05
                        Iterations               :	18
                        Solver time              :	2 s


                      ------------------------------------------------------------------------------
2026-08-10 16:23:06     Delta calculation        
2026-08-10 16:23:06     All S-Parameters         :	0.00166173
2026-08-10 16:23:06   

                      ------------------------------------------------------------------------------
2026-08-10 16:23:08   Adaptive mesh refinement pass 3

                      ------------------------------------------------------------------------------
2026-08-10 16:23:12     Matrix setup time        :	0 s
                        Degrees of freedom       :	479396
                        Number of mesh cells     :	72454

                        Stimulation port         :	Zmin
                        Mode number              :	1
                        Accuracy                 :	8.00509e-05
                        Iterations               :	17
                        Solver time              :	2 s


                      ------------------------------------------------------------------------------
2026-08-10 16:23:13     Delta calculation        
2026-08-10 16:23:13     All S-Parameters         :	0.000774465
2026-08-10 16:23:13   

                      ------------------------------------------------------------------------------
2026-08-10 16:23:13   Mesh adaptation terminated because the desired accuracy limit is reached.

                      ------------------------------------------------------------------------------
2026-08-10 16:23:13     Total time               :	18 s

                      ------------------------------------------------------------------------------
2026-08-10 16:23:13   

                      ------------------------------------------------------------------------------
2026-08-10 16:23:13     Calculation 7 (Frequency: 26.4982 THz, Theta: 0, Phi: 0)


                      ------------------------------------------------------------------------------
2026-08-10 16:23:13   Running the PortModeSolver.

                      ------------------------------------------------------------------------------
2026-08-10 16:23:14   Adaptive mesh refinement pass 1

                      ------------------------------------------------------------------------------
2026-08-10 16:23:27     Matrix setup time        :	0 s
                        Degrees of freedom       :	479396
                        Number of mesh cells     :	72454

                        Stimulation port         :	Zmin
                        Mode number              :	1
                        Accuracy                 :	9.71435e-05
                        Iterations               :	67
                        Solver time              :	11 s


                      ------------------------------------------------------------------------------
2026-08-10 16:23:27   The input reflection seems to be large at 26.4982 THz, Theta: 0, Phi: 0.  More...

                      ------------------------------------------------------------------------------
2026-08-10 16:23:28   Adaptive mesh refinement pass 2

                      ------------------------------------------------------------------------------
2026-08-10 16:23:41     Matrix setup time        :	1 s
                        Solver setup             :	1 s
                        Degrees of freedom       :	514614
                        Number of mesh cells     :	77825

                        Stimulation port         :	Zmin
                        Mode number              :	1
                        Accuracy                 :	9.84061e-05
                        Iterations               :	53
                        Solver time              :	10 s


                      ------------------------------------------------------------------------------
2026-08-10 16:23:41     Delta calculation        
2026-08-10 16:23:41     All S-Parameters         :	0.000424187
2026-08-10 16:23:41   

                      ------------------------------------------------------------------------------
2026-08-10 16:23:43   Adaptive mesh refinement pass 3

                      ------------------------------------------------------------------------------
2026-08-10 16:23:56     Matrix setup time        :	1 s
                        Solver setup             :	1 s
                        Degrees of freedom       :	549480
                        Number of mesh cells     :	83156

                        Stimulation port         :	Zmin
                        Mode number              :	1
                        Accuracy                 :	8.67402e-05
                        Iterations               :	56
                        Solver time              :	10 s


                      ------------------------------------------------------------------------------
2026-08-10 16:23:57     Delta calculation        
2026-08-10 16:23:57     All S-Parameters         :	0.000602524
2026-08-10 16:23:57   

                      ------------------------------------------------------------------------------
2026-08-10 16:23:57   Mesh adaptation terminated because the desired accuracy limit is reached.

                      ------------------------------------------------------------------------------
2026-08-10 16:23:57     Total time               :	43 s

                      ------------------------------------------------------------------------------
2026-08-10 16:23:57   

                      ------------------------------------------------------------------------------
2026-08-10 16:23:57     Calculation 8 (Frequency: 23.296 THz, Theta: 0, Phi: 0)


                      ------------------------------------------------------------------------------
2026-08-10 16:23:57   Running the PortModeSolver.

                      ------------------------------------------------------------------------------
2026-08-10 16:23:58   Adaptive mesh refinement pass 1

                      ------------------------------------------------------------------------------
2026-08-10 16:24:01     Matrix setup time        :	0 s
                        Degrees of freedom       :	549480
                        Number of mesh cells     :	83156

                        Stimulation port         :	Zmin
                        Mode number              :	1
                        Accuracy                 :	9.38074e-05
                        Iterations               :	12
                        Solver time              :	2 s


                      ------------------------------------------------------------------------------
2026-08-10 16:24:03   Adaptive mesh refinement pass 2

                      ------------------------------------------------------------------------------
2026-08-10 16:24:08     Matrix setup time        :	1 s
                        Solver setup             :	1 s
                        Degrees of freedom       :	584316
                        Number of mesh cells     :	88506

                        Stimulation port         :	Zmin
                        Mode number              :	1
                        Accuracy                 :	9.7306e-05
                        Iterations               :	11
                        Solver time              :	2 s


                      ------------------------------------------------------------------------------
2026-08-10 16:24:08     Delta calculation        
2026-08-10 16:24:08     All S-Parameters         :	0.00570989
2026-08-10 16:24:08   

                      ------------------------------------------------------------------------------
2026-08-10 16:24:10   Adaptive mesh refinement pass 3

                      ------------------------------------------------------------------------------
2026-08-10 16:24:15     Matrix setup time        :	1 s
                        Solver setup             :	1 s
                        Degrees of freedom       :	619562
                        Number of mesh cells     :	93896

                        Stimulation port         :	Zmin
                        Mode number              :	1
                        Accuracy                 :	9.14608e-05
                        Iterations               :	11
                        Solver time              :	2 s


                      ------------------------------------------------------------------------------
2026-08-10 16:24:15     Delta calculation        
2026-08-10 16:24:15     All S-Parameters         :	0.000732328
2026-08-10 16:24:15   

                      ------------------------------------------------------------------------------
2026-08-10 16:24:15   Mesh adaptation terminated because the desired accuracy limit is reached.

                      ------------------------------------------------------------------------------
2026-08-10 16:24:15     Total time               :	18 s

                      ------------------------------------------------------------------------------
2026-08-10 16:24:15   

                      ------------------------------------------------------------------------------
2026-08-10 16:24:15     Calculation 9 (Frequency: 28.768 THz, Theta: 0, Phi: 0)


                      ------------------------------------------------------------------------------
2026-08-10 16:24:15   Running the PortModeSolver.

                      ------------------------------------------------------------------------------
2026-08-10 16:24:16   Adaptive mesh refinement pass 1

                      ------------------------------------------------------------------------------
2026-08-10 16:24:21     Matrix setup time        :	0 s
                        Degrees of freedom       :	619562
                        Number of mesh cells     :	93896

                        Stimulation port         :	Zmin
                        Mode number              :	1
                        Accuracy                 :	7.03011e-05
                        Iterations               :	14
                        Solver time              :	3 s


                      ------------------------------------------------------------------------------
2026-08-10 16:24:23   Adaptive mesh refinement pass 2

                      ------------------------------------------------------------------------------
2026-08-10 16:24:29     Matrix setup time        :	1 s
                        Solver setup             :	1 s
                        Degrees of freedom       :	653922
                        Number of mesh cells     :	99210

                        Stimulation port         :	Zmin
                        Mode number              :	1
                        Accuracy                 :	9.1516e-05
                        Iterations               :	13
                        Solver time              :	3 s


                      ------------------------------------------------------------------------------
2026-08-10 16:24:29     Delta calculation        
2026-08-10 16:24:29     All S-Parameters         :	0.000190583
2026-08-10 16:24:29   

                      ------------------------------------------------------------------------------
2026-08-10 16:24:31   Adaptive mesh refinement pass 3

                      ------------------------------------------------------------------------------
2026-08-10 16:24:38     Matrix setup time        :	1 s
                        Solver setup             :	1 s
                        Degrees of freedom       :	688412
                        Number of mesh cells     :	104518

                        Stimulation port         :	Zmin
                        Mode number              :	1
                        Accuracy                 :	6.72696e-05
                        Iterations               :	13
                        Solver time              :	3 s


                      ------------------------------------------------------------------------------
2026-08-10 16:24:38     Delta calculation        
2026-08-10 16:24:38     All S-Parameters         :	0.000223267
2026-08-10 16:24:38   

                      ------------------------------------------------------------------------------
2026-08-10 16:24:38   Mesh adaptation terminated because the desired accuracy limit is reached.

                      ------------------------------------------------------------------------------
2026-08-10 16:24:38     Total time               :	22 s

                      ------------------------------------------------------------------------------
2026-08-10 16:24:38   

                      ------------------------------------------------------------------------------
2026-08-10 16:24:38     Calculation 10 (Frequency: 22.384 THz, Theta: 0, Phi: 0)


                      ------------------------------------------------------------------------------
2026-08-10 16:24:38   Running the PortModeSolver.

                      ------------------------------------------------------------------------------
2026-08-10 16:24:39   Adaptive mesh refinement pass 1

                      ------------------------------------------------------------------------------
2026-08-10 16:24:44     Matrix setup time        :	0 s
                        Degrees of freedom       :	688412
                        Number of mesh cells     :	104518

                        Stimulation port         :	Zmin
                        Mode number              :	1
                        Accuracy                 :	4.26354e-05
                        Iterations               :	13
                        Solver time              :	3 s


                      ------------------------------------------------------------------------------
2026-08-10 16:24:47   Adaptive mesh refinement pass 2

                      ------------------------------------------------------------------------------
2026-08-10 16:24:54     Matrix setup time        :	1 s
                        Solver setup             :	1 s
                        Degrees of freedom       :	723978
                        Number of mesh cells     :	109911

                        Stimulation port         :	Zmin
                        Mode number              :	1
                        Accuracy                 :	8.71719e-05
                        Iterations               :	12
                        Solver time              :	3 s


                      ------------------------------------------------------------------------------
2026-08-10 16:24:54     Delta calculation        
2026-08-10 16:24:54     All S-Parameters         :	0.00103307
2026-08-10 16:24:54   

                      ------------------------------------------------------------------------------
2026-08-10 16:24:56   Adaptive mesh refinement pass 3

                      ------------------------------------------------------------------------------
2026-08-10 16:25:03     Matrix setup time        :	1 s
                        Solver setup             :	1 s
                        Degrees of freedom       :	759444
                        Number of mesh cells     :	115300

                        Stimulation port         :	Zmin
                        Mode number              :	1
                        Accuracy                 :	9.86412e-05
                        Iterations               :	12
                        Solver time              :	3 s


                      ------------------------------------------------------------------------------
2026-08-10 16:25:04     Delta calculation        
2026-08-10 16:25:04     All S-Parameters         :	0.000546195
2026-08-10 16:25:04   

                      ------------------------------------------------------------------------------
2026-08-10 16:25:04   Mesh adaptation terminated because the desired accuracy limit is reached.

                      ------------------------------------------------------------------------------
2026-08-10 16:25:04     Total time               :	25 s

                      ------------------------------------------------------------------------------
2026-08-10 16:25:04   

                      ------------------------------------------------------------------------------
2026-08-10 16:25:04     Calculation 11 (Frequency: 24.952 THz, Theta: 0, Phi: 0)


                      ------------------------------------------------------------------------------
2026-08-10 16:25:04   Running the PortModeSolver.

                      ------------------------------------------------------------------------------
2026-08-10 16:25:05   Adaptive mesh refinement pass 1

                      ------------------------------------------------------------------------------
2026-08-10 16:25:10     Matrix setup time        :	0 s
                        Solver setup             :	1 s
                        Degrees of freedom       :	759444
                        Number of mesh cells     :	115300

                        Stimulation port         :	Zmin
                        Mode number              :	1
                        Accuracy                 :	5.83719e-05
                        Iterations               :	12
                        Solver time              :	3 s


                      ------------------------------------------------------------------------------
2026-08-10 16:25:10   The input reflection seems to be large at 24.952 THz, Theta: 0, Phi: 0.  More...

                      ------------------------------------------------------------------------------
2026-08-10 16:25:13   Adaptive mesh refinement pass 2

                      ------------------------------------------------------------------------------
2026-08-10 16:25:21     Matrix setup time        :	1 s
                        Solver setup             :	2 s
                        Degrees of freedom       :	794334
                        Number of mesh cells     :	120643

                        Stimulation port         :	Zmin
                        Mode number              :	1
                        Accuracy                 :	4.63287e-05
                        Iterations               :	12
                        Solver time              :	3 s


                      ------------------------------------------------------------------------------
2026-08-10 16:25:21     Delta calculation        
2026-08-10 16:25:21     All S-Parameters         :	8.72634e-05
2026-08-10 16:25:21   

                      ------------------------------------------------------------------------------
2026-08-10 16:25:24   Adaptive mesh refinement pass 3

                      ------------------------------------------------------------------------------
2026-08-10 16:25:31     Matrix setup time        :	1 s
                        Solver setup             :	2 s
                        Degrees of freedom       :	829272
                        Number of mesh cells     :	125980

                        Stimulation port         :	Zmin
                        Mode number              :	1
                        Accuracy                 :	4.66063e-05
                        Iterations               :	12
                        Solver time              :	3 s


                      ------------------------------------------------------------------------------
2026-08-10 16:25:32     Delta calculation        
2026-08-10 16:25:32     All S-Parameters         :	0.000214076
2026-08-10 16:25:32   

                      ------------------------------------------------------------------------------
2026-08-10 16:25:32   Mesh adaptation terminated because the desired accuracy limit is reached.

                      ------------------------------------------------------------------------------
2026-08-10 16:25:32     Total time               :	27 s

                      ------------------------------------------------------------------------------
2026-08-10 16:25:32   

                      ------------------------------------------------------------------------------
2026-08-10 16:25:32     Calculation 12 (Frequency: 26.752 THz, Theta: 0, Phi: 0)


                      ------------------------------------------------------------------------------
2026-08-10 16:25:32   Running the PortModeSolver.

                      ------------------------------------------------------------------------------
2026-08-10 16:25:33   Adaptive mesh refinement pass 1

                      ------------------------------------------------------------------------------
2026-08-10 16:25:40     Matrix setup time        :	0 s
                        Solver setup             :	1 s
                        Degrees of freedom       :	829272
                        Number of mesh cells     :	125980

                        Stimulation port         :	Zmin
                        Mode number              :	1
                        Accuracy                 :	9.45897e-05
                        Iterations               :	17
                        Solver time              :	5 s


                      ------------------------------------------------------------------------------
2026-08-10 16:25:41   The input reflection seems to be large at 26.752 THz, Theta: 0, Phi: 0.  More...

                      ------------------------------------------------------------------------------
2026-08-10 16:25:43   Adaptive mesh refinement pass 2

                      ------------------------------------------------------------------------------
2026-08-10 16:25:53     Matrix setup time        :	1 s
                        Solver setup             :	2 s
                        Degrees of freedom       :	864712
                        Number of mesh cells     :	131355

                        Stimulation port         :	Zmin
                        Mode number              :	1
                        Accuracy                 :	9.09957e-05
                        Iterations               :	18
                        Solver time              :	5 s


                      ------------------------------------------------------------------------------
2026-08-10 16:25:54     Delta calculation        
2026-08-10 16:25:54     All S-Parameters         :	0.000976907
2026-08-10 16:25:54   

                      ------------------------------------------------------------------------------
2026-08-10 16:25:56   Adaptive mesh refinement pass 3

                      ------------------------------------------------------------------------------
2026-08-10 16:26:07     Matrix setup time        :	1 s
                        Solver setup             :	2 s
                        Degrees of freedom       :	899622
                        Number of mesh cells     :	136697

                        Stimulation port         :	Zmin
                        Mode number              :	1
                        Accuracy                 :	9.4751e-05
                        Iterations               :	17
                        Solver time              :	6 s


                      ------------------------------------------------------------------------------
2026-08-10 16:26:08     Delta calculation        
2026-08-10 16:26:08     All S-Parameters         :	0.000366475
2026-08-10 16:26:08   

                      ------------------------------------------------------------------------------
2026-08-10 16:26:08   Mesh adaptation terminated because the desired accuracy limit is reached.

                      ------------------------------------------------------------------------------
2026-08-10 16:26:08     Total time               :	35 s

                      ------------------------------------------------------------------------------
2026-08-10 16:26:08   

                      ------------------------------------------------------------------------------
2026-08-10 16:26:08     Calculation 13 (Frequency: 33.88 THz, Theta: 0, Phi: 0)


                      ------------------------------------------------------------------------------
2026-08-10 16:26:08   Running the PortModeSolver.

                      ------------------------------------------------------------------------------
2026-08-10 16:26:09   Adaptive mesh refinement pass 1

                      ------------------------------------------------------------------------------
2026-08-10 16:26:16     Matrix setup time        :	0 s
                        Solver setup             :	2 s
                        Degrees of freedom       :	899622
                        Number of mesh cells     :	136697

                        Stimulation port         :	Zmin
                        Mode number              :	1
                        Accuracy                 :	7.78128e-05
                        Iterations               :	12
                        Solver time              :	4 s


                      ------------------------------------------------------------------------------
2026-08-10 16:26:20   Adaptive mesh refinement pass 2

                      ------------------------------------------------------------------------------
2026-08-10 16:26:29     Matrix setup time        :	1 s
                        Solver setup             :	2 s
                        Degrees of freedom       :	934260
                        Number of mesh cells     :	142000

                        Stimulation port         :	Zmin
                        Mode number              :	1
                        Accuracy                 :	6.93715e-05
                        Iterations               :	12
                        Solver time              :	4 s


                      ------------------------------------------------------------------------------
2026-08-10 16:26:29     Delta calculation        
2026-08-10 16:26:29     All S-Parameters         :	0.000468059
2026-08-10 16:26:29   

                      ------------------------------------------------------------------------------
2026-08-10 16:26:32   Adaptive mesh refinement pass 3

                      ------------------------------------------------------------------------------
2026-08-10 16:26:42     Matrix setup time        :	1 s
                        Solver setup             :	3 s
                        Degrees of freedom       :	968660
                        Number of mesh cells     :	147296

                        Stimulation port         :	Zmin
                        Mode number              :	1
                        Accuracy                 :	9.60593e-05
                        Iterations               :	11
                        Solver time              :	4 s


                      ------------------------------------------------------------------------------
2026-08-10 16:26:42     Delta calculation        
2026-08-10 16:26:42     All S-Parameters         :	0.000265766
2026-08-10 16:26:42   

                      ------------------------------------------------------------------------------
2026-08-10 16:26:42   Mesh adaptation terminated because the desired accuracy limit is reached.

                      ------------------------------------------------------------------------------
2026-08-10 16:26:42     Total time               :	34 s

                      ------------------------------------------------------------------------------
2026-08-10 16:26:42   

                      ------------------------------------------------------------------------------
2026-08-10 16:26:42     Calculation 14 (Frequency: 27.52 THz, Theta: 0, Phi: 0)


                      ------------------------------------------------------------------------------
2026-08-10 16:26:42   Running the PortModeSolver.

                      ------------------------------------------------------------------------------
2026-08-10 16:26:43   Adaptive mesh refinement pass 1

                      ------------------------------------------------------------------------------
2026-08-10 16:26:51     Matrix setup time        :	0 s
                        Solver setup             :	2 s
                        Degrees of freedom       :	968660
                        Number of mesh cells     :	147296

                        Stimulation port         :	Zmin
                        Mode number              :	1
                        Accuracy                 :	7.21595e-05
                        Iterations               :	12
                        Solver time              :	4 s


                      ------------------------------------------------------------------------------
2026-08-10 16:26:52   The input reflection seems to be large at 27.52 THz, Theta: 0, Phi: 0.  More...

                      ------------------------------------------------------------------------------
2026-08-10 16:26:55   Adaptive mesh refinement pass 2

                      ------------------------------------------------------------------------------
2026-08-10 16:27:05     Matrix setup time        :	2 s
                        Solver setup             :	2 s
                        Degrees of freedom       :	1002980
                        Number of mesh cells     :	152582

                        Stimulation port         :	Zmin
                        Mode number              :	1
                        Accuracy                 :	6.85786e-05
                        Iterations               :	12
                        Solver time              :	4 s


                      ------------------------------------------------------------------------------
2026-08-10 16:27:05     Delta calculation        
2026-08-10 16:27:05     All S-Parameters         :	0.000164991
2026-08-10 16:27:05   

                      ------------------------------------------------------------------------------
2026-08-10 16:27:08   Adaptive mesh refinement pass 3

                      ------------------------------------------------------------------------------
2026-08-10 16:27:18     Matrix setup time        :	2 s
                        Solver setup             :	2 s
                        Degrees of freedom       :	1037830
                        Number of mesh cells     :	157910

                        Stimulation port         :	Zmin
                        Mode number              :	1
                        Accuracy                 :	6.55292e-05
                        Iterations               :	12
                        Solver time              :	5 s


                      ------------------------------------------------------------------------------
2026-08-10 16:27:19     Delta calculation        
2026-08-10 16:27:19     All S-Parameters         :	0.000166877
2026-08-10 16:27:19   

                      ------------------------------------------------------------------------------
2026-08-10 16:27:19   Mesh adaptation terminated because the desired accuracy limit is reached.

                      ------------------------------------------------------------------------------
2026-08-10 16:27:19     Total time               :	36 s

                      ------------------------------------------------------------------------------
2026-08-10 16:27:19   

                      ------------------------------------------------------------------------------
2026-08-10 16:27:19     Calculation 15 (Frequency: 32.536 THz, Theta: 0, Phi: 0)


                      ------------------------------------------------------------------------------
2026-08-10 16:27:19   Running the PortModeSolver.

                      ------------------------------------------------------------------------------
2026-08-10 16:27:20   Adaptive mesh refinement pass 1

                      ------------------------------------------------------------------------------
2026-08-10 16:27:28     Matrix setup time        :	0 s
                        Solver setup             :	1 s
                        Degrees of freedom       :	1037830
                        Number of mesh cells     :	157910

                        Stimulation port         :	Zmin
                        Mode number              :	1
                        Accuracy                 :	7.06053e-05
                        Iterations               :	11
                        Solver time              :	4 s


                      ------------------------------------------------------------------------------
2026-08-10 16:27:31   Adaptive mesh refinement pass 2

                      ------------------------------------------------------------------------------
2026-08-10 16:27:42     Matrix setup time        :	2 s
                        Solver setup             :	3 s
                        Degrees of freedom       :	1071952
                        Number of mesh cells     :	163168

                        Stimulation port         :	Zmin
                        Mode number              :	1
                        Accuracy                 :	7.13193e-05
                        Iterations               :	11
                        Solver time              :	4 s


                      ------------------------------------------------------------------------------
2026-08-10 16:27:42     Delta calculation        
2026-08-10 16:27:42     All S-Parameters         :	6.87858e-05
2026-08-10 16:27:42   

                      ------------------------------------------------------------------------------
2026-08-10 16:27:46   Adaptive mesh refinement pass 3

                      ------------------------------------------------------------------------------
2026-08-10 16:27:57     Matrix setup time        :	2 s
                        Solver setup             :	3 s
                        Degrees of freedom       :	1106344
                        Number of mesh cells     :	168456

                        Stimulation port         :	Zmin
                        Mode number              :	1
                        Accuracy                 :	6.93921e-05
                        Iterations               :	11
                        Solver time              :	5 s


                      ------------------------------------------------------------------------------
2026-08-10 16:27:58     Delta calculation        
2026-08-10 16:27:58     All S-Parameters         :	0.000103569
2026-08-10 16:27:58   

                      ------------------------------------------------------------------------------
2026-08-10 16:27:58   Mesh adaptation terminated because the desired accuracy limit is reached.

                      ------------------------------------------------------------------------------
2026-08-10 16:27:58     Total time               :	38 s

                      ------------------------------------------------------------------------------
2026-08-10 16:27:58   

                      ------------------------------------------------------------------------------
2026-08-10 16:27:58     Calculation 16 (Frequency: 27.88 THz, Theta: 0, Phi: 0)


                      ------------------------------------------------------------------------------
2026-08-10 16:27:58   Running the PortModeSolver.

                      ------------------------------------------------------------------------------
2026-08-10 16:27:59   Adaptive mesh refinement pass 1

                      ------------------------------------------------------------------------------
2026-08-10 16:28:10     Matrix setup time        :	1 s
                        Solver setup             :	2 s
                        Degrees of freedom       :	1106344
                        Number of mesh cells     :	168456

                        Stimulation port         :	Zmin
                        Mode number              :	1
                        Accuracy                 :	6.70009e-05
                        Iterations               :	13
                        Solver time              :	6 s


                      ------------------------------------------------------------------------------
2026-08-10 16:28:10   The input reflection seems to be large at 27.88 THz, Theta: 0, Phi: 0.  More...

                      ------------------------------------------------------------------------------
2026-08-10 16:28:14   Adaptive mesh refinement pass 2

                      ------------------------------------------------------------------------------
2026-08-10 16:28:27     Matrix setup time        :	2 s
                        Solver setup             :	4 s
                        Degrees of freedom       :	1141198
                        Number of mesh cells     :	173806

                        Stimulation port         :	Zmin
                        Mode number              :	1
                        Accuracy                 :	8.68103e-05
                        Iterations               :	12
                        Solver time              :	6 s


                      ------------------------------------------------------------------------------
2026-08-10 16:28:27     Delta calculation        
2026-08-10 16:28:27     All S-Parameters         :	0.000268789
2026-08-10 16:28:27   

                      ------------------------------------------------------------------------------
2026-08-10 16:28:31   Adaptive mesh refinement pass 3

                      ------------------------------------------------------------------------------
2026-08-10 16:28:43     Matrix setup time        :	2 s
                        Solver setup             :	4 s
                        Degrees of freedom       :	1176314
                        Number of mesh cells     :	179189

                        Stimulation port         :	Zmin
                        Mode number              :	1
                        Accuracy                 :	9.89833e-05
                        Iterations               :	11
                        Solver time              :	5 s


                      ------------------------------------------------------------------------------
2026-08-10 16:28:44     Delta calculation        
2026-08-10 16:28:44     All S-Parameters         :	0.000371415
2026-08-10 16:28:44   

                      ------------------------------------------------------------------------------
2026-08-10 16:28:44   Mesh adaptation terminated because the desired accuracy limit is reached.

                      ------------------------------------------------------------------------------
2026-08-10 16:28:44     Total time               :	45 s

                      ------------------------------------------------------------------------------
2026-08-10 16:28:44   

                      ------------------------------------------------------------------------------
2026-08-10 16:28:44     Calculation 17 (Frequency: 29.944 THz, Theta: 0, Phi: 0)


                      ------------------------------------------------------------------------------
2026-08-10 16:28:44   Running the PortModeSolver.

                      ------------------------------------------------------------------------------
2026-08-10 16:28:45   Adaptive mesh refinement pass 1

                      ------------------------------------------------------------------------------
2026-08-10 16:28:55     Matrix setup time        :	1 s
                        Solver setup             :	2 s
                        Degrees of freedom       :	1176314
                        Number of mesh cells     :	179189

                        Stimulation port         :	Zmin
                        Mode number              :	1
                        Accuracy                 :	9.29634e-05
                        Iterations               :	11
                        Solver time              :	5 s


                      ------------------------------------------------------------------------------
2026-08-10 16:28:59   Adaptive mesh refinement pass 2

                      ------------------------------------------------------------------------------
2026-08-10 16:29:12     Matrix setup time        :	2 s
                        Solver setup             :	4 s
                        Degrees of freedom       :	1210498
                        Number of mesh cells     :	184474

                        Stimulation port         :	Zmin
                        Mode number              :	1
                        Accuracy                 :	8.94093e-05
                        Iterations               :	11
                        Solver time              :	5 s


                      ------------------------------------------------------------------------------
2026-08-10 16:29:12     Delta calculation        
2026-08-10 16:29:12     All S-Parameters         :	0.000127336
2026-08-10 16:29:12   

                      ------------------------------------------------------------------------------
2026-08-10 16:29:16   Adaptive mesh refinement pass 3

                      ------------------------------------------------------------------------------
2026-08-10 16:29:29     Matrix setup time        :	2 s
                        Solver setup             :	4 s
                        Degrees of freedom       :	1244882
                        Number of mesh cells     :	189769

                        Stimulation port         :	Zmin
                        Mode number              :	1
                        Accuracy                 :	8.50771e-05
                        Iterations               :	11
                        Solver time              :	5 s


                      ------------------------------------------------------------------------------
2026-08-10 16:29:29     Delta calculation        
2026-08-10 16:29:29     All S-Parameters         :	0.00014379
2026-08-10 16:29:29   

                      ------------------------------------------------------------------------------
2026-08-10 16:29:29   Mesh adaptation terminated because the desired accuracy limit is reached.

                      ------------------------------------------------------------------------------
2026-08-10 16:29:29     Total time               :	45 s

                      ------------------------------------------------------------------------------
2026-08-10 16:29:29   

                      ------------------------------------------------------------------------------
2026-08-10 16:29:29     Calculation 18 (Frequency: 17.488 THz, Theta: 0, Phi: 0)


                      ------------------------------------------------------------------------------
2026-08-10 16:29:29   Running the PortModeSolver.

                      ------------------------------------------------------------------------------
2026-08-10 16:29:31   Adaptive mesh refinement pass 1

                      ------------------------------------------------------------------------------
2026-08-10 16:29:40     Matrix setup time        :	1 s
                        Solver setup             :	3 s
                        Degrees of freedom       :	1244882
                        Number of mesh cells     :	189769

                        Stimulation port         :	Zmin
                        Mode number              :	1
                        Accuracy                 :	8.70661e-05
                        Iterations               :	8
                        Solver time              :	4 s


                      ------------------------------------------------------------------------------
2026-08-10 16:29:44   Adaptive mesh refinement pass 2

                      ------------------------------------------------------------------------------
2026-08-10 16:29:55     Matrix setup time        :	2 s
                        Solver setup             :	4 s
                        Degrees of freedom       :	1280054
                        Number of mesh cells     :	195187

                        Stimulation port         :	Zmin
                        Mode number              :	1
                        Accuracy                 :	9.47499e-05
                        Iterations               :	8
                        Solver time              :	4 s


                      ------------------------------------------------------------------------------
2026-08-10 16:29:56     Delta calculation        
2026-08-10 16:29:56     All S-Parameters         :	0.00146006
2026-08-10 16:29:56   

                      ------------------------------------------------------------------------------
2026-08-10 16:30:00   Adaptive mesh refinement pass 3

                      ------------------------------------------------------------------------------
2026-08-10 16:30:13     Matrix setup time        :	2 s
                        Solver setup             :	4 s
                        Degrees of freedom       :	1314848
                        Number of mesh cells     :	200531

                        Stimulation port         :	Zmin
                        Mode number              :	1
                        Accuracy                 :	4.29973e-05
                        Iterations               :	9
                        Solver time              :	5 s


                      ------------------------------------------------------------------------------
2026-08-10 16:30:13     Delta calculation        
2026-08-10 16:30:13     All S-Parameters         :	0.000482005
2026-08-10 16:30:13   

                      ------------------------------------------------------------------------------
2026-08-10 16:30:13   Mesh adaptation terminated because the desired accuracy limit is reached.

                      ------------------------------------------------------------------------------
2026-08-10 16:30:13     Total time               :	43 s

                      ------------------------------------------------------------------------------
2026-08-10 16:30:13   

                      ------------------------------------------------------------------------------
2026-08-10 16:30:13     Calculation 19 (Frequency: 30.712 THz, Theta: 0, Phi: 0)


                      ------------------------------------------------------------------------------
2026-08-10 16:30:13   Running the PortModeSolver.

                      ------------------------------------------------------------------------------
2026-08-10 16:30:15   Adaptive mesh refinement pass 1

                      ------------------------------------------------------------------------------
2026-08-10 16:30:25     Matrix setup time        :	1 s
                        Solver setup             :	3 s
                        Degrees of freedom       :	1314848
                        Number of mesh cells     :	200531

                        Stimulation port         :	Zmin
                        Mode number              :	1
                        Accuracy                 :	9.45964e-05
                        Iterations               :	10
                        Solver time              :	5 s


                      ------------------------------------------------------------------------------
2026-08-10 16:30:30   Adaptive mesh refinement pass 2

                      ------------------------------------------------------------------------------
2026-08-10 16:30:44     Matrix setup time        :	2 s
                        Solver setup             :	5 s
                        Degrees of freedom       :	1349258
                        Number of mesh cells     :	205833

                        Stimulation port         :	Zmin
                        Mode number              :	1
                        Accuracy                 :	9.20468e-05
                        Iterations               :	10
                        Solver time              :	6 s


                      ------------------------------------------------------------------------------
2026-08-10 16:30:45     Delta calculation        
2026-08-10 16:30:45     All S-Parameters         :	4.7863e-05
2026-08-10 16:30:45   

                      ------------------------------------------------------------------------------
2026-08-10 16:30:49   Adaptive mesh refinement pass 3

                      ------------------------------------------------------------------------------
2026-08-10 16:31:04     Matrix setup time        :	2 s
                        Solver setup             :	5 s
                        Degrees of freedom       :	1383624
                        Number of mesh cells     :	211124

                        Stimulation port         :	Zmin
                        Mode number              :	1
                        Accuracy                 :	8.69736e-05
                        Iterations               :	10
                        Solver time              :	6 s


                      ------------------------------------------------------------------------------
2026-08-10 16:31:05     Delta calculation        
2026-08-10 16:31:05     All S-Parameters         :	0.000101764
2026-08-10 16:31:05   

                      ------------------------------------------------------------------------------
2026-08-10 16:31:05   Mesh adaptation terminated because the desired accuracy limit is reached.

                      ------------------------------------------------------------------------------
2026-08-10 16:31:05     Total time               :	51 s

                      ------------------------------------------------------------------------------
2026-08-10 16:31:05   

                      ------------------------------------------------------------------------------
2026-08-10 16:31:05     Calculation 20 (Frequency: 26.824 THz, Theta: 0, Phi: 0)


                      ------------------------------------------------------------------------------
2026-08-10 16:31:05   Running the PortModeSolver.

                      ------------------------------------------------------------------------------
2026-08-10 16:31:06   Adaptive mesh refinement pass 1

                      ------------------------------------------------------------------------------
2026-08-10 16:31:19     Matrix setup time        :	1 s
                        Solver setup             :	4 s
                        Degrees of freedom       :	1383624
                        Number of mesh cells     :	211124

                        Stimulation port         :	Zmin
                        Mode number              :	1
                        Accuracy                 :	9.94336e-05
                        Iterations               :	12
                        Solver time              :	7 s


                      ------------------------------------------------------------------------------
2026-08-10 16:31:20   The input reflection seems to be large at 26.824 THz, Theta: 0, Phi: 0.  More...

                      ------------------------------------------------------------------------------
2026-08-10 16:31:24   Adaptive mesh refinement pass 2

                      ------------------------------------------------------------------------------
2026-08-10 16:31:41     Matrix setup time        :	2 s
                        Solver setup             :	5 s
                        Degrees of freedom       :	1418784
                        Number of mesh cells     :	216451

                        Stimulation port         :	Zmin
                        Mode number              :	1
                        Accuracy                 :	6.38435e-05
                        Iterations               :	13
                        Solver time              :	8 s


                      ------------------------------------------------------------------------------
2026-08-10 16:31:42     Delta calculation        
2026-08-10 16:31:42     All S-Parameters         :	0.000461631
2026-08-10 16:31:42   

                      ------------------------------------------------------------------------------
2026-08-10 16:31:47   Adaptive mesh refinement pass 3

                      ------------------------------------------------------------------------------
2026-08-10 16:32:05     Matrix setup time        :	2 s
                        Solver setup             :	6 s
                        Degrees of freedom       :	1453940
                        Number of mesh cells     :	221819

                        Stimulation port         :	Zmin
                        Mode number              :	1
                        Accuracy                 :	5.46873e-05
                        Iterations               :	13
                        Solver time              :	8 s


                      ------------------------------------------------------------------------------
2026-08-10 16:32:05     Delta calculation        
2026-08-10 16:32:05     All S-Parameters         :	0.000189986
2026-08-10 16:32:05   

                      ------------------------------------------------------------------------------
2026-08-10 16:32:05   Mesh adaptation terminated because the desired accuracy limit is reached.

                      ------------------------------------------------------------------------------
2026-08-10 16:32:05     Total time               :	60 s	 (= 0 h, 01 m, 00 s)

                      ------------------------------------------------------------------------------
2026-08-10 16:32:05   

                      ------------------------------------------------------------------------------
2026-08-10 16:32:05     Calculation 21 (Frequency: 21.736 THz, Theta: 0, Phi: 0)


                      ------------------------------------------------------------------------------
2026-08-10 16:32:05   Running the PortModeSolver.

                      ------------------------------------------------------------------------------
2026-08-10 16:32:07   Adaptive mesh refinement pass 1

                      ------------------------------------------------------------------------------
2026-08-10 16:32:20     Matrix setup time        :	1 s
                        Solver setup             :	4 s
                        Degrees of freedom       :	1453940
                        Number of mesh cells     :	221819

                        Stimulation port         :	Zmin
                        Mode number              :	1
                        Accuracy                 :	6.7882e-05
                        Iterations               :	11
                        Solver time              :	7 s


                      ------------------------------------------------------------------------------
2026-08-10 16:32:25   Adaptive mesh refinement pass 2

                      ------------------------------------------------------------------------------
2026-08-10 16:32:42     Matrix setup time        :	3 s
                        Solver setup             :	6 s
                        Degrees of freedom       :	1489330
                        Number of mesh cells     :	227246

                        Stimulation port         :	Zmin
                        Mode number              :	1
                        Accuracy                 :	7.28017e-05
                        Iterations               :	11
                        Solver time              :	7 s


                      ------------------------------------------------------------------------------
2026-08-10 16:32:43     Delta calculation        
2026-08-10 16:32:43     All S-Parameters         :	0.00112233
2026-08-10 16:32:43   

                      ------------------------------------------------------------------------------
2026-08-10 16:32:48   Adaptive mesh refinement pass 3

                      ------------------------------------------------------------------------------
2026-08-10 16:33:04     Matrix setup time        :	3 s
                        Solver setup             :	5 s
                        Degrees of freedom       :	1524626
                        Number of mesh cells     :	232629

                        Stimulation port         :	Zmin
                        Mode number              :	1
                        Accuracy                 :	6.85708e-05
                        Iterations               :	11
                        Solver time              :	7 s


                      ------------------------------------------------------------------------------
2026-08-10 16:33:04     Delta calculation        
2026-08-10 16:33:04     All S-Parameters         :	0.000359918
2026-08-10 16:33:04   

                      ------------------------------------------------------------------------------
2026-08-10 16:33:04   Mesh adaptation terminated because the desired accuracy limit is reached.

                      ------------------------------------------------------------------------------
2026-08-10 16:33:04     Total time               :	59 s

                      ------------------------------------------------------------------------------
2026-08-10 16:33:04   

                      ------------------------------------------------------------------------------
2026-08-10 16:33:05     Calculation 22 (Frequency: 24.16 THz, Theta: 0, Phi: 0)


                      ------------------------------------------------------------------------------
2026-08-10 16:33:05   Running the PortModeSolver.

                      ------------------------------------------------------------------------------
2026-08-10 16:33:06   Adaptive mesh refinement pass 1

                      ------------------------------------------------------------------------------
2026-08-10 16:33:18     Matrix setup time        :	1 s
                        Solver setup             :	4 s
                        Degrees of freedom       :	1524626
                        Number of mesh cells     :	232629

                        Stimulation port         :	Zmin
                        Mode number              :	1
                        Accuracy                 :	9.85458e-05
                        Iterations               :	10
                        Solver time              :	6 s


                      ------------------------------------------------------------------------------
2026-08-10 16:33:19   The input reflection seems to be large at 24.16 THz, Theta: 0, Phi: 0.  More...

                      ------------------------------------------------------------------------------
2026-08-10 16:33:23   Adaptive mesh refinement pass 2

                      ------------------------------------------------------------------------------
2026-08-10 16:33:40     Matrix setup time        :	3 s
                        Solver setup             :	6 s
                        Degrees of freedom       :	1559456
                        Number of mesh cells     :	237990

                        Stimulation port         :	Zmin
                        Mode number              :	1
                        Accuracy                 :	6.01233e-05
                        Iterations               :	10
                        Solver time              :	6 s


                      ------------------------------------------------------------------------------
2026-08-10 16:33:41     Delta calculation        
2026-08-10 16:33:41     All S-Parameters         :	0.00087473
2026-08-10 16:33:41   

                      ------------------------------------------------------------------------------
2026-08-10 16:33:45   Adaptive mesh refinement pass 3

                      ------------------------------------------------------------------------------
2026-08-10 16:34:02     Matrix setup time        :	3 s
                        Solver setup             :	5 s
                        Degrees of freedom       :	1594676
                        Number of mesh cells     :	243366

                        Stimulation port         :	Zmin
                        Mode number              :	1
                        Accuracy                 :	5.59691e-05
                        Iterations               :	10
                        Solver time              :	6 s


                      ------------------------------------------------------------------------------
2026-08-10 16:34:02     Delta calculation        
2026-08-10 16:34:02     All S-Parameters         :	0.000135694
2026-08-10 16:34:02   

                      ------------------------------------------------------------------------------
2026-08-10 16:34:02   Mesh adaptation terminated because the desired accuracy limit is reached.

                      ------------------------------------------------------------------------------
2026-08-10 16:34:02     Total time               :	57 s

                      ------------------------------------------------------------------------------
2026-08-10 16:34:02   

                      ------------------------------------------------------------------------------
2026-08-10 16:34:02     Calculation 23 (Frequency: 31.84 THz, Theta: 0, Phi: 0)


                      ------------------------------------------------------------------------------
2026-08-10 16:34:02   Running the PortModeSolver.

                      ------------------------------------------------------------------------------
2026-08-10 16:34:04   Adaptive mesh refinement pass 1

                      ------------------------------------------------------------------------------
2026-08-10 16:34:16     Matrix setup time        :	1 s
                        Solver setup             :	4 s
                        Degrees of freedom       :	1594676
                        Number of mesh cells     :	243366

                        Stimulation port         :	Zmin
                        Mode number              :	1
                        Accuracy                 :	8.78106e-05
                        Iterations               :	9
                        Solver time              :	6 s


                      ------------------------------------------------------------------------------
2026-08-10 16:34:21   Adaptive mesh refinement pass 2

                      ------------------------------------------------------------------------------
2026-08-10 16:34:39     Matrix setup time        :	3 s
                        Solver setup             :	6 s
                        Degrees of freedom       :	1628616
                        Number of mesh cells     :	248609

                        Stimulation port         :	Zmin
                        Mode number              :	1
                        Accuracy                 :	7.83322e-05
                        Iterations               :	10
                        Solver time              :	7 s


                      ------------------------------------------------------------------------------
2026-08-10 16:34:40     Delta calculation        
2026-08-10 16:34:40     All S-Parameters         :	0.000163601
2026-08-10 16:34:40   

                      ------------------------------------------------------------------------------
2026-08-10 16:34:45   Adaptive mesh refinement pass 3

                      ------------------------------------------------------------------------------
2026-08-10 16:35:04     Matrix setup time        :	3 s
                        Solver setup             :	7 s
                        Degrees of freedom       :	1663092
                        Number of mesh cells     :	253921

                        Stimulation port         :	Zmin
                        Mode number              :	1
                        Accuracy                 :	7.50271e-05
                        Iterations               :	10
                        Solver time              :	7 s


                      ------------------------------------------------------------------------------
2026-08-10 16:35:04     Delta calculation        
2026-08-10 16:35:04     All S-Parameters         :	7.444e-05
2026-08-10 16:35:04   

                      ------------------------------------------------------------------------------
2026-08-10 16:35:04   Mesh adaptation terminated because the desired accuracy limit is reached.

                      ------------------------------------------------------------------------------
2026-08-10 16:35:04     Total time               :	61 s	 (= 0 h, 01 m, 01 s)

                      ------------------------------------------------------------------------------
2026-08-10 16:35:04   

                      ------------------------------------------------------------------------------
2026-08-10 16:35:04     Calculation 24 (Frequency: 33.208 THz, Theta: 0, Phi: 0)


                      ------------------------------------------------------------------------------
2026-08-10 16:35:04   Running the PortModeSolver.

                      ------------------------------------------------------------------------------
2026-08-10 16:35:06   Adaptive mesh refinement pass 1

                      ------------------------------------------------------------------------------
2026-08-10 16:35:21     Matrix setup time        :	1 s
                        Solver setup             :	5 s
                        Degrees of freedom       :	1663092
                        Number of mesh cells     :	253921

                        Stimulation port         :	Zmin
                        Mode number              :	1
                        Accuracy                 :	6.38908e-05
                        Iterations               :	10
                        Solver time              :	8 s


                      ------------------------------------------------------------------------------
2026-08-10 16:35:27   Adaptive mesh refinement pass 2

                      ------------------------------------------------------------------------------
2026-08-10 16:35:45     Matrix setup time        :	3 s
                        Solver setup             :	6 s
                        Degrees of freedom       :	1697284
                        Number of mesh cells     :	259193

                        Stimulation port         :	Zmin
                        Mode number              :	1
                        Accuracy                 :	7.03638e-05
                        Iterations               :	10
                        Solver time              :	7 s


                      ------------------------------------------------------------------------------
2026-08-10 16:35:45     Delta calculation        
2026-08-10 16:35:45     All S-Parameters         :	0.000137281
2026-08-10 16:35:45   

                      ------------------------------------------------------------------------------
2026-08-10 16:35:51   Adaptive mesh refinement pass 3

                      ------------------------------------------------------------------------------
2026-08-10 16:36:11     Matrix setup time        :	3 s
                        Solver setup             :	7 s
                        Degrees of freedom       :	1731218
                        Number of mesh cells     :	264435

                        Stimulation port         :	Zmin
                        Mode number              :	1
                        Accuracy                 :	6.85849e-05
                        Iterations               :	10
                        Solver time              :	8 s


                      ------------------------------------------------------------------------------
2026-08-10 16:36:11     Delta calculation        
2026-08-10 16:36:11     All S-Parameters         :	8.92252e-05
2026-08-10 16:36:11   

                      ------------------------------------------------------------------------------
2026-08-10 16:36:11   Mesh adaptation terminated because the desired accuracy limit is reached.

                      ------------------------------------------------------------------------------
2026-08-10 16:36:11     Total time               :	66 s	 (= 0 h, 01 m, 06 s)

                      ------------------------------------------------------------------------------
2026-08-10 16:36:11   

                      ------------------------------------------------------------------------------
2026-08-10 16:36:11     Calculation 25 (Frequency: 26.536 THz, Theta: 0, Phi: 0)


                      ------------------------------------------------------------------------------
2026-08-10 16:36:11   Running the PortModeSolver.

                      ------------------------------------------------------------------------------
2026-08-10 16:36:13   Adaptive mesh refinement pass 1

                      ------------------------------------------------------------------------------
2026-08-10 16:36:36     Matrix setup time        :	1 s
                        Solver setup             :	5 s
                        Degrees of freedom       :	1731218
                        Number of mesh cells     :	264435

                        Stimulation port         :	Zmin
                        Mode number              :	1
                        Accuracy                 :	9.01794e-05
                        Iterations               :	21
                        Solver time              :	16 s


                      ------------------------------------------------------------------------------
2026-08-10 16:36:37   The input reflection seems to be large at 26.536 THz, Theta: 0, Phi: 0.  More...

                      ------------------------------------------------------------------------------
2026-08-10 16:36:42   Adaptive mesh refinement pass 2

                      ------------------------------------------------------------------------------
2026-08-10 16:37:11     Matrix setup time        :	3 s
                        Solver setup             :	7 s
                        Degrees of freedom       :	1766218
                        Number of mesh cells     :	269796

                        Stimulation port         :	Zmin
                        Mode number              :	1
                        Accuracy                 :	2.57831e-05
                        Iterations               :	22
                        Solver time              :	17 s


                      ------------------------------------------------------------------------------
2026-08-10 16:37:12     Delta calculation        
2026-08-10 16:37:12     All S-Parameters         :	0.000145894
2026-08-10 16:37:12   

                      ------------------------------------------------------------------------------
2026-08-10 16:37:18   Adaptive mesh refinement pass 3

                      ------------------------------------------------------------------------------
2026-08-10 16:37:46     Matrix setup time        :	3 s
                        Solver setup             :	7 s
                        Degrees of freedom       :	1800986
                        Number of mesh cells     :	275128

                        Stimulation port         :	Zmin
                        Mode number              :	1
                        Accuracy                 :	2.6744e-05
                        Iterations               :	22
                        Solver time              :	16 s


                      ------------------------------------------------------------------------------
2026-08-10 16:37:46     Delta calculation        
2026-08-10 16:37:46     All S-Parameters         :	0.000115344
2026-08-10 16:37:46   

                      ------------------------------------------------------------------------------
2026-08-10 16:37:46   Mesh adaptation terminated because the desired accuracy limit is reached.

                      ------------------------------------------------------------------------------
2026-08-10 16:37:47     Total time               :	95 s	 (= 0 h, 01 m, 35 s)

                      ------------------------------------------------------------------------------
2026-08-10 16:37:47   

                      ------------------------------------------------------------------------------
2026-08-10 16:37:47     Calculation 26 (Frequency: 22.504 THz, Theta: 0, Phi: 0)


                      ------------------------------------------------------------------------------
2026-08-10 16:37:47   Running the PortModeSolver.

                      ------------------------------------------------------------------------------
2026-08-10 16:37:48   Adaptive mesh refinement pass 1

                      ------------------------------------------------------------------------------
2026-08-10 16:38:03     Matrix setup time        :	1 s
                        Solver setup             :	5 s
                        Degrees of freedom       :	1800986
                        Number of mesh cells     :	275128

                        Stimulation port         :	Zmin
                        Mode number              :	1
                        Accuracy                 :	7.11551e-05
                        Iterations               :	10
                        Solver time              :	7 s


                      ------------------------------------------------------------------------------
2026-08-10 16:38:09   Adaptive mesh refinement pass 2

                      ------------------------------------------------------------------------------
2026-08-10 16:38:29     Matrix setup time        :	3 s
                        Solver setup             :	7 s
                        Degrees of freedom       :	1835588
                        Number of mesh cells     :	280441

                        Stimulation port         :	Zmin
                        Mode number              :	1
                        Accuracy                 :	6.84554e-05
                        Iterations               :	10
                        Solver time              :	8 s


                      ------------------------------------------------------------------------------
2026-08-10 16:38:29     Delta calculation        
2026-08-10 16:38:29     All S-Parameters         :	0.000999778
2026-08-10 16:38:29   

                      ------------------------------------------------------------------------------
2026-08-10 16:38:35   Adaptive mesh refinement pass 3

                      ------------------------------------------------------------------------------
2026-08-10 16:38:55     Matrix setup time        :	3 s
                        Solver setup             :	7 s
                        Degrees of freedom       :	1870422
                        Number of mesh cells     :	285772

                        Stimulation port         :	Zmin
                        Mode number              :	1
                        Accuracy                 :	6.94804e-05
                        Iterations               :	10
                        Solver time              :	8 s


                      ------------------------------------------------------------------------------
2026-08-10 16:38:55     Delta calculation        
2026-08-10 16:38:55     All S-Parameters         :	0.00042117
2026-08-10 16:38:55   

                      ------------------------------------------------------------------------------
2026-08-10 16:38:55   Mesh adaptation terminated because the desired accuracy limit is reached.

                      ------------------------------------------------------------------------------
2026-08-10 16:38:55     Total time               :	68 s	 (= 0 h, 01 m, 08 s)

                      ------------------------------------------------------------------------------
2026-08-10 16:38:55   

                      ------------------------------------------------------------------------------
2026-08-10 16:38:56     Calculation 27 (Frequency: 25.984 THz, Theta: 0, Phi: 0)


                      ------------------------------------------------------------------------------
2026-08-10 16:38:56   Running the PortModeSolver.

                      ------------------------------------------------------------------------------
2026-08-10 16:38:57   Adaptive mesh refinement pass 1

                      ------------------------------------------------------------------------------
2026-08-10 16:39:14     Matrix setup time        :	1 s
                        Solver setup             :	5 s
                        Degrees of freedom       :	1870422
                        Number of mesh cells     :	285772

                        Stimulation port         :	Zmin
                        Mode number              :	1
                        Accuracy                 :	7.87355e-05
                        Iterations               :	12
                        Solver time              :	9 s


                      ------------------------------------------------------------------------------
2026-08-10 16:39:14   The input reflection seems to be large at 25.984 THz, Theta: 0, Phi: 0.  More...

                      ------------------------------------------------------------------------------
2026-08-10 16:39:21   Adaptive mesh refinement pass 2

                      ------------------------------------------------------------------------------
2026-08-10 16:39:43     Matrix setup time        :	3 s
                        Solver setup             :	8 s
                        Degrees of freedom       :	1904992
                        Number of mesh cells     :	291103

                        Stimulation port         :	Zmin
                        Mode number              :	1
                        Accuracy                 :	6.70121e-05
                        Iterations               :	11
                        Solver time              :	9 s


                      ------------------------------------------------------------------------------
2026-08-10 16:39:43     Delta calculation        
2026-08-10 16:39:43     All S-Parameters         :	0.000117923
2026-08-10 16:39:43   

                      ------------------------------------------------------------------------------
2026-08-10 16:39:50   Adaptive mesh refinement pass 3

                      ------------------------------------------------------------------------------
2026-08-10 16:40:11     Matrix setup time        :	3 s
                        Solver setup             :	8 s
                        Degrees of freedom       :	1939758
                        Number of mesh cells     :	296436

                        Stimulation port         :	Zmin
                        Mode number              :	1
                        Accuracy                 :	6.59274e-05
                        Iterations               :	11
                        Solver time              :	9 s


                      ------------------------------------------------------------------------------
2026-08-10 16:40:12     Delta calculation        
2026-08-10 16:40:12     All S-Parameters         :	0.000132462
2026-08-10 16:40:12   

                      ------------------------------------------------------------------------------
2026-08-10 16:40:12   Mesh adaptation terminated because the desired accuracy limit is reached.

                      ------------------------------------------------------------------------------
2026-08-10 16:40:12     Total time               :	76 s	 (= 0 h, 01 m, 16 s)

                      ------------------------------------------------------------------------------
2026-08-10 16:40:12   

                      ------------------------------------------------------------------------------
2026-08-10 16:40:12     Calculation 28 (Frequency: 26.392 THz, Theta: 0, Phi: 0)


                      ------------------------------------------------------------------------------
2026-08-10 16:40:12   Running the PortModeSolver.

                      ------------------------------------------------------------------------------
2026-08-10 16:40:14   Adaptive mesh refinement pass 1

                      ------------------------------------------------------------------------------
2026-08-10 16:40:29     Matrix setup time        :	1 s
                        Solver setup             :	6 s
                        Degrees of freedom       :	1939758
                        Number of mesh cells     :	296436

                        Stimulation port         :	Zmin
                        Mode number              :	1
                        Accuracy                 :	7.94648e-05
                        Iterations               :	9
                        Solver time              :	7 s


                      ------------------------------------------------------------------------------
2026-08-10 16:40:30   The input reflection seems to be large at 26.392 THz, Theta: 0, Phi: 0.  More...

                      ------------------------------------------------------------------------------
2026-08-10 16:40:36   Adaptive mesh refinement pass 2

                      ------------------------------------------------------------------------------
2026-08-10 16:40:59     Matrix setup time        :	4 s
                        Solver setup             :	8 s
                        Degrees of freedom       :	1974708
                        Number of mesh cells     :	301769

                        Stimulation port         :	Zmin
                        Mode number              :	1
                        Accuracy                 :	6.34144e-05
                        Iterations               :	12
                        Solver time              :	10 s


                      ------------------------------------------------------------------------------
2026-08-10 16:41:00     Delta calculation        
2026-08-10 16:41:00     All S-Parameters         :	0.000173147
2026-08-10 16:41:00   

                      ------------------------------------------------------------------------------
2026-08-10 16:41:07   Adaptive mesh refinement pass 3

                      ------------------------------------------------------------------------------
2026-08-10 16:41:32     Matrix setup time        :	4 s
                        Solver setup             :	10 s
                        Degrees of freedom       :	2009664
                        Number of mesh cells     :	307128

                        Stimulation port         :	Zmin
                        Mode number              :	1
                        Accuracy                 :	6.30023e-05
                        Iterations               :	12
                        Solver time              :	11 s


                      ------------------------------------------------------------------------------
2026-08-10 16:41:33     Delta calculation        
2026-08-10 16:41:33     All S-Parameters         :	8.55061e-05
2026-08-10 16:41:33   

                      ------------------------------------------------------------------------------
2026-08-10 16:41:33   Mesh adaptation terminated because the desired accuracy limit is reached.

                      ------------------------------------------------------------------------------
2026-08-10 16:41:33     Total time               :	80 s	 (= 0 h, 01 m, 20 s)

                      ------------------------------------------------------------------------------
2026-08-10 16:41:33   

                      ------------------------------------------------------------------------------
2026-08-10 16:41:33     Calculation 29 (Frequency: 21.016 THz, Theta: 0, Phi: 0)


                      ------------------------------------------------------------------------------
2026-08-10 16:41:33   Running the PortModeSolver.

                      ------------------------------------------------------------------------------
2026-08-10 16:41:35   Adaptive mesh refinement pass 1

                      ------------------------------------------------------------------------------
2026-08-10 16:41:53     Matrix setup time        :	1 s
                        Solver setup             :	8 s
                        Degrees of freedom       :	2009664
                        Number of mesh cells     :	307128

                        Stimulation port         :	Zmin
                        Mode number              :	1
                        Accuracy                 :	9.68342e-05
                        Iterations               :	9
                        Solver time              :	8 s


                      ------------------------------------------------------------------------------
2026-08-10 16:42:00   Adaptive mesh refinement pass 2

                      ------------------------------------------------------------------------------
2026-08-10 16:42:21     Matrix setup time        :	4 s
                        Solver setup             :	8 s
                        Degrees of freedom       :	2044736
                        Number of mesh cells     :	312471

                        Stimulation port         :	Zmin
                        Mode number              :	1
                        Accuracy                 :	9.05026e-05
                        Iterations               :	9
                        Solver time              :	8 s


                      ------------------------------------------------------------------------------
2026-08-10 16:42:22     Delta calculation        
2026-08-10 16:42:22     All S-Parameters         :	0.000656053
2026-08-10 16:42:22   

                      ------------------------------------------------------------------------------
2026-08-10 16:42:28   Adaptive mesh refinement pass 3

                      ------------------------------------------------------------------------------
2026-08-10 16:42:52     Matrix setup time        :	4 s
                        Solver setup             :	10 s
                        Degrees of freedom       :	2079622
                        Number of mesh cells     :	317805

                        Stimulation port         :	Zmin
                        Mode number              :	1
                        Accuracy                 :	8.46645e-05
                        Iterations               :	9
                        Solver time              :	8 s


                      ------------------------------------------------------------------------------
2026-08-10 16:42:52     Delta calculation        
2026-08-10 16:42:52     All S-Parameters         :	0.000205075
2026-08-10 16:42:52   

                      ------------------------------------------------------------------------------
2026-08-10 16:42:52   Mesh adaptation terminated because the desired accuracy limit is reached.

                      ------------------------------------------------------------------------------
2026-08-10 16:42:53     Total time               :	79 s	 (= 0 h, 01 m, 19 s)

                      ------------------------------------------------------------------------------
2026-08-10 16:42:53   

                      ------------------------------------------------------------------------------
2026-08-10 16:42:53     Calculation 30 (Frequency: 26.488 THz, Theta: 0, Phi: 0)


                      ------------------------------------------------------------------------------
2026-08-10 16:42:53   Running the PortModeSolver.

                      ------------------------------------------------------------------------------
2026-08-10 16:42:54   Adaptive mesh refinement pass 1

                      ------------------------------------------------------------------------------
2026-08-10 16:43:19     Matrix setup time        :	1 s
                        Solver setup             :	8 s
                        Degrees of freedom       :	2079622
                        Number of mesh cells     :	317805

                        Stimulation port         :	Zmin
                        Mode number              :	1
                        Accuracy                 :	7.03351e-05
                        Iterations               :	15
                        Solver time              :	14 s


                      ------------------------------------------------------------------------------
2026-08-10 16:43:20   The input reflection seems to be large at 26.488 THz, Theta: 0, Phi: 0.  More...

                      ------------------------------------------------------------------------------
2026-08-10 16:43:27   Adaptive mesh refinement pass 2

                      ------------------------------------------------------------------------------
2026-08-10 16:43:54     Matrix setup time        :	4 s
                        Solver setup             :	8 s
                        Degrees of freedom       :	2114278
                        Number of mesh cells     :	323120

                        Stimulation port         :	Zmin
                        Mode number              :	1
                        Accuracy                 :	5.15831e-05
                        Iterations               :	15
                        Solver time              :	13 s


                      ------------------------------------------------------------------------------
2026-08-10 16:43:55     Delta calculation        
2026-08-10 16:43:55     All S-Parameters         :	6.65742e-05
2026-08-10 16:43:55   

                      ------------------------------------------------------------------------------
2026-08-10 16:44:02   Adaptive mesh refinement pass 3

                      ------------------------------------------------------------------------------
2026-08-10 16:44:31     Matrix setup time        :	4 s
                        Solver setup             :	10 s
                        Degrees of freedom       :	2148924
                        Number of mesh cells     :	328438

                        Stimulation port         :	Zmin
                        Mode number              :	1
                        Accuracy                 :	5.13503e-05
                        Iterations               :	15
                        Solver time              :	15 s


                      ------------------------------------------------------------------------------
2026-08-10 16:44:32     Delta calculation        
2026-08-10 16:44:32     All S-Parameters         :	6.53361e-05
2026-08-10 16:44:32   

                      ------------------------------------------------------------------------------
2026-08-10 16:44:32   Mesh adaptation terminated because the desired accuracy limit is reached.

                      ------------------------------------------------------------------------------
2026-08-10 16:44:32     Total time               :	99 s	 (= 0 h, 01 m, 39 s)

                      ------------------------------------------------------------------------------
2026-08-10 16:44:32   

                      ------------------------------------------------------------------------------
2026-08-10 16:44:32     Calculation 31 (Frequency: 19.024 THz, Theta: 0, Phi: 0)


                      ------------------------------------------------------------------------------
2026-08-10 16:44:32   Running the PortModeSolver.

                      ------------------------------------------------------------------------------
2026-08-10 16:44:34   Adaptive mesh refinement pass 1

                      ------------------------------------------------------------------------------
2026-08-10 16:44:52     Matrix setup time        :	2 s
                        Solver setup             :	7 s
                        Degrees of freedom       :	2148924
                        Number of mesh cells     :	328438

                        Stimulation port         :	Zmin
                        Mode number              :	1
                        Accuracy                 :	9.71448e-05
                        Iterations               :	8
                        Solver time              :	8 s


                      ------------------------------------------------------------------------------
2026-08-10 16:44:59   Adaptive mesh refinement pass 2

                      ------------------------------------------------------------------------------
2026-08-10 16:45:22     Matrix setup time        :	4 s
                        Solver setup             :	10 s
                        Degrees of freedom       :	2183438
                        Number of mesh cells     :	333738

                        Stimulation port         :	Zmin
                        Mode number              :	1
                        Accuracy                 :	9.42669e-05
                        Iterations               :	8
                        Solver time              :	8 s


                      ------------------------------------------------------------------------------
2026-08-10 16:45:23     Delta calculation        
2026-08-10 16:45:23     All S-Parameters         :	0.000192553
2026-08-10 16:45:23   

                      ------------------------------------------------------------------------------
2026-08-10 16:45:30   Adaptive mesh refinement pass 3

                      ------------------------------------------------------------------------------
2026-08-10 16:45:54     Matrix setup time        :	4 s
                        Solver setup             :	10 s
                        Degrees of freedom       :	2218524
                        Number of mesh cells     :	339087

                        Stimulation port         :	Zmin
                        Mode number              :	1
                        Accuracy                 :	9.34363e-05
                        Iterations               :	8
                        Solver time              :	8 s


                      ------------------------------------------------------------------------------
2026-08-10 16:45:55     Delta calculation        
2026-08-10 16:45:55     All S-Parameters         :	7.76514e-05
2026-08-10 16:45:55   

                      ------------------------------------------------------------------------------
2026-08-10 16:45:55   Mesh adaptation terminated because the desired accuracy limit is reached.

                      ------------------------------------------------------------------------------
2026-08-10 16:45:55     Total time               :	82 s	 (= 0 h, 01 m, 22 s)

                      ------------------------------------------------------------------------------
2026-08-10 16:45:55   

                      ------------------------------------------------------------------------------
2026-08-10 16:45:55     Calculation 32 (Frequency: 26.512 THz, Theta: 0, Phi: 0)


                      ------------------------------------------------------------------------------
2026-08-10 16:45:55   Running the PortModeSolver.

                      ------------------------------------------------------------------------------
2026-08-10 16:45:56   Adaptive mesh refinement pass 1

                      ------------------------------------------------------------------------------
2026-08-10 16:46:25     Matrix setup time        :	2 s
                        Solver setup             :	8 s
                        Degrees of freedom       :	2218524
                        Number of mesh cells     :	339087

                        Stimulation port         :	Zmin
                        Mode number              :	1
                        Accuracy                 :	9.0466e-05
                        Iterations               :	18
                        Solver time              :	18 s


                      ------------------------------------------------------------------------------
2026-08-10 16:46:25   The input reflection seems to be large at 26.512 THz, Theta: 0, Phi: 0.  More...

                      ------------------------------------------------------------------------------
2026-08-10 16:46:32   Adaptive mesh refinement pass 2

                      ------------------------------------------------------------------------------
2026-08-10 16:47:09     Matrix setup time        :	4 s
                        Solver setup             :	12 s
                        Degrees of freedom       :	2253458
                        Number of mesh cells     :	344398

                        Stimulation port         :	Zmin
                        Mode number              :	1
                        Accuracy                 :	8.60738e-05
                        Iterations               :	18
                        Solver time              :	19 s


                      ------------------------------------------------------------------------------
2026-08-10 16:47:10     Delta calculation        
2026-08-10 16:47:10     All S-Parameters         :	0.000166055
2026-08-10 16:47:10   

                      ------------------------------------------------------------------------------
2026-08-10 16:47:17   Adaptive mesh refinement pass 3

                      ------------------------------------------------------------------------------
2026-08-10 16:47:52     Matrix setup time        :	4 s
                        Solver setup             :	11 s
                        Degrees of freedom       :	2287828
                        Number of mesh cells     :	349700

                        Stimulation port         :	Zmin
                        Mode number              :	1
                        Accuracy                 :	9.32453e-05
                        Iterations               :	17
                        Solver time              :	18 s


                      ------------------------------------------------------------------------------
2026-08-10 16:47:53     Delta calculation        
2026-08-10 16:47:53     All S-Parameters         :	0.000112452
2026-08-10 16:47:53   

                      ------------------------------------------------------------------------------
2026-08-10 16:47:53   Mesh adaptation terminated because the desired accuracy limit is reached.

                      ------------------------------------------------------------------------------
2026-08-10 16:47:53     Total time               :	118 s	 (= 0 h, 01 m, 58 s)

                      ------------------------------------------------------------------------------
2026-08-10 16:47:53   

                      ------------------------------------------------------------------------------
2026-08-10 16:47:53     Calculation 33 (Frequency: 20.128 THz, Theta: 0, Phi: 0)


                      ------------------------------------------------------------------------------
2026-08-10 16:47:53   Running the PortModeSolver.

                      ------------------------------------------------------------------------------
2026-08-10 16:47:55   Adaptive mesh refinement pass 1

                      ------------------------------------------------------------------------------
2026-08-10 16:48:15     Matrix setup time        :	2 s
                        Solver setup             :	9 s
                        Degrees of freedom       :	2287828
                        Number of mesh cells     :	349700

                        Stimulation port         :	Zmin
                        Mode number              :	1
                        Accuracy                 :	8.52669e-05
                        Iterations               :	8
                        Solver time              :	9 s


                      ------------------------------------------------------------------------------
2026-08-10 16:48:23   Adaptive mesh refinement pass 2

                      ------------------------------------------------------------------------------
2026-08-10 16:48:50     Matrix setup time        :	4 s
                        Solver setup             :	12 s
                        Degrees of freedom       :	2322718
                        Number of mesh cells     :	355031

                        Stimulation port         :	Zmin
                        Mode number              :	1
                        Accuracy                 :	8.72405e-05
                        Iterations               :	8
                        Solver time              :	9 s


                      ------------------------------------------------------------------------------
2026-08-10 16:48:51     Delta calculation        
2026-08-10 16:48:51     All S-Parameters         :	9.10397e-05
2026-08-10 16:48:51   

                      ------------------------------------------------------------------------------
2026-08-10 16:48:58   Adaptive mesh refinement pass 3

                      ------------------------------------------------------------------------------
2026-08-10 16:49:25     Matrix setup time        :	4 s
                        Solver setup             :	12 s
                        Degrees of freedom       :	2357670
                        Number of mesh cells     :	360378

                        Stimulation port         :	Zmin
                        Mode number              :	1
                        Accuracy                 :	8.86811e-05
                        Iterations               :	8
                        Solver time              :	9 s


                      ------------------------------------------------------------------------------
2026-08-10 16:49:26     Delta calculation        
2026-08-10 16:49:26     All S-Parameters         :	4.70915e-05
2026-08-10 16:49:26   

                      ------------------------------------------------------------------------------
2026-08-10 16:49:26   Mesh adaptation terminated because the desired accuracy limit is reached.

                      ------------------------------------------------------------------------------
2026-08-10 16:49:26     Total time               :	92 s	 (= 0 h, 01 m, 32 s)

                      ------------------------------------------------------------------------------
2026-08-10 16:49:26   

                      ------------------------------------------------------------------------------
2026-08-10 16:49:26     Calculation 34 (Frequency: 33.472 THz, Theta: 0, Phi: 0)


                      ------------------------------------------------------------------------------
2026-08-10 16:49:26   Running the PortModeSolver.

                      ------------------------------------------------------------------------------
2026-08-10 16:49:28   Adaptive mesh refinement pass 1

                      ------------------------------------------------------------------------------
2026-08-10 16:49:51     Matrix setup time        :	2 s
                        Solver setup             :	9 s
                        Degrees of freedom       :	2357670
                        Number of mesh cells     :	360378

                        Stimulation port         :	Zmin
                        Mode number              :	1
                        Accuracy                 :	5.47995e-05
                        Iterations               :	10
                        Solver time              :	11 s


                      ------------------------------------------------------------------------------
2026-08-10 16:50:00   Adaptive mesh refinement pass 2

                      ------------------------------------------------------------------------------
2026-08-10 16:50:27     Matrix setup time        :	4 s
                        Solver setup             :	11 s
                        Degrees of freedom       :	2391446
                        Number of mesh cells     :	365611

                        Stimulation port         :	Zmin
                        Mode number              :	1
                        Accuracy                 :	5.24726e-05
                        Iterations               :	10
                        Solver time              :	11 s


                      ------------------------------------------------------------------------------
2026-08-10 16:50:28     Delta calculation        
2026-08-10 16:50:28     All S-Parameters         :	5.08324e-05
2026-08-10 16:50:28   

                      ------------------------------------------------------------------------------
2026-08-10 16:50:36   Adaptive mesh refinement pass 3

                      ------------------------------------------------------------------------------
2026-08-10 16:51:05     Matrix setup time        :	5 s
                        Solver setup             :	12 s
                        Degrees of freedom       :	2425844
                        Number of mesh cells     :	370909

                        Stimulation port         :	Zmin
                        Mode number              :	1
                        Accuracy                 :	5.02038e-05
                        Iterations               :	10
                        Solver time              :	11 s


                      ------------------------------------------------------------------------------
2026-08-10 16:51:06     Delta calculation        
2026-08-10 16:51:06     All S-Parameters         :	2.76116e-05
2026-08-10 16:51:06   

                      ------------------------------------------------------------------------------
2026-08-10 16:51:06   Mesh adaptation terminated because the desired accuracy limit is reached.

                      ------------------------------------------------------------------------------
2026-08-10 16:51:06     Total time               :	100 s	 (= 0 h, 01 m, 40 s)

                      ------------------------------------------------------------------------------
2026-08-10 16:51:06   

                      ------------------------------------------------------------------------------
2026-08-10 16:51:06     Calculation 35 (Frequency: 19.504 THz, Theta: 0, Phi: 0)


                      ------------------------------------------------------------------------------
2026-08-10 16:51:06   Running the PortModeSolver.

                      ------------------------------------------------------------------------------
2026-08-10 16:51:08   Adaptive mesh refinement pass 1

                      ------------------------------------------------------------------------------
2026-08-10 16:51:30     Matrix setup time        :	2 s
                        Solver setup             :	9 s
                        Degrees of freedom       :	2425844
                        Number of mesh cells     :	370909

                        Stimulation port         :	Zmin
                        Mode number              :	1
                        Accuracy                 :	7.79236e-05
                        Iterations               :	8
                        Solver time              :	9 s


                      ------------------------------------------------------------------------------
2026-08-10 16:51:38   Adaptive mesh refinement pass 2

                      ------------------------------------------------------------------------------
2026-08-10 16:52:06     Matrix setup time        :	5 s
                        Solver setup             :	12 s
                        Degrees of freedom       :	2460654
                        Number of mesh cells     :	376234

                        Stimulation port         :	Zmin
                        Mode number              :	1
                        Accuracy                 :	7.57441e-05
                        Iterations               :	8
                        Solver time              :	9 s


                      ------------------------------------------------------------------------------
2026-08-10 16:52:07     Delta calculation        
2026-08-10 16:52:07     All S-Parameters         :	6.79542e-05
2026-08-10 16:52:07   

                      ------------------------------------------------------------------------------
2026-08-10 16:52:15   Adaptive mesh refinement pass 3

                      ------------------------------------------------------------------------------
2026-08-10 16:52:43     Matrix setup time        :	5 s
                        Solver setup             :	13 s
                        Degrees of freedom       :	2495502
                        Number of mesh cells     :	381571

                        Stimulation port         :	Zmin
                        Mode number              :	1
                        Accuracy                 :	7.56111e-05
                        Iterations               :	8
                        Solver time              :	10 s


                      ------------------------------------------------------------------------------
2026-08-10 16:52:44     Delta calculation        
2026-08-10 16:52:44     All S-Parameters         :	3.54479e-05
2026-08-10 16:52:44   

                      ------------------------------------------------------------------------------
2026-08-10 16:52:44   Mesh adaptation terminated because the desired accuracy limit is reached.

                      ------------------------------------------------------------------------------
2026-08-10 16:52:45     Total time               :	98 s	 (= 0 h, 01 m, 38 s)

                      ------------------------------------------------------------------------------
2026-08-10 16:52:45   

                      ------------------------------------------------------------------------------
2026-08-10 16:52:45     Calculation 36 (Frequency: 15.232 THz, Theta: 0, Phi: 0)


                      ------------------------------------------------------------------------------
2026-08-10 16:52:45   Running the PortModeSolver.

                      ------------------------------------------------------------------------------
2026-08-10 16:52:46   Adaptive mesh refinement pass 1

                      ------------------------------------------------------------------------------
2026-08-10 16:53:07     Matrix setup time        :	2 s
                        Solver setup             :	9 s
                        Degrees of freedom       :	2495502
                        Number of mesh cells     :	381571

                        Stimulation port         :	Zmin
                        Mode number              :	1
                        Accuracy                 :	7.65319e-05
                        Iterations               :	7
                        Solver time              :	8 s


                      ------------------------------------------------------------------------------
2026-08-10 16:53:16   Adaptive mesh refinement pass 2

                      ------------------------------------------------------------------------------
2026-08-10 16:53:43     Matrix setup time        :	5 s
                        Solver setup             :	12 s
                        Degrees of freedom       :	2530546
                        Number of mesh cells     :	386929

                        Stimulation port         :	Zmin
                        Mode number              :	1
                        Accuracy                 :	7.60934e-05
                        Iterations               :	7
                        Solver time              :	9 s


                      ------------------------------------------------------------------------------
2026-08-10 16:53:44     Delta calculation        
2026-08-10 16:53:44     All S-Parameters         :	7.9257e-05
2026-08-10 16:53:44   

                      ------------------------------------------------------------------------------
2026-08-10 16:53:52   Adaptive mesh refinement pass 3

                      ------------------------------------------------------------------------------
2026-08-10 16:54:22     Matrix setup time        :	5 s
                        Solver setup             :	15 s
                        Degrees of freedom       :	2565336
                        Number of mesh cells     :	392258

                        Stimulation port         :	Zmin
                        Mode number              :	1
                        Accuracy                 :	7.6384e-05
                        Iterations               :	7
                        Solver time              :	9 s


                      ------------------------------------------------------------------------------
2026-08-10 16:54:22     Delta calculation        
2026-08-10 16:54:22     All S-Parameters         :	8.32469e-05
2026-08-10 16:54:22   

                      ------------------------------------------------------------------------------
2026-08-10 16:54:22   Mesh adaptation terminated because the desired accuracy limit is reached.

                      ------------------------------------------------------------------------------
2026-08-10 16:54:23     Total time               :	97 s	 (= 0 h, 01 m, 37 s)

                      ------------------------------------------------------------------------------
2026-08-10 16:54:23   

                      ------------------------------------------------------------------------------
2026-08-10 16:54:23     Calculation 37 (Frequency: 18.784 THz, Theta: 0, Phi: 0)


                      ------------------------------------------------------------------------------
2026-08-10 16:54:23   Running the PortModeSolver.

                      ------------------------------------------------------------------------------
2026-08-10 16:54:24   Adaptive mesh refinement pass 1

                      ------------------------------------------------------------------------------
2026-08-10 16:54:52     Matrix setup time        :	2 s
                        Solver setup             :	12 s
                        Degrees of freedom       :	2565336
                        Number of mesh cells     :	392258

                        Stimulation port         :	Zmin
                        Mode number              :	1
                        Accuracy                 :	5.34067e-05
                        Iterations               :	10
                        Solver time              :	12 s


                      ------------------------------------------------------------------------------
2026-08-10 16:55:01   Adaptive mesh refinement pass 2

                      ------------------------------------------------------------------------------
2026-08-10 16:55:33     Matrix setup time        :	5 s
                        Solver setup             :	14 s
                        Degrees of freedom       :	2599514
                        Number of mesh cells     :	397536

                        Stimulation port         :	Zmin
                        Mode number              :	1
                        Accuracy                 :	8.00459e-05
                        Iterations               :	9
                        Solver time              :	11 s


                      ------------------------------------------------------------------------------
2026-08-10 16:55:34     Delta calculation        
2026-08-10 16:55:34     All S-Parameters         :	3.51622e-05
2026-08-10 16:55:34   

                      ------------------------------------------------------------------------------
2026-08-10 16:55:43   Adaptive mesh refinement pass 3

                      ------------------------------------------------------------------------------
2026-08-10 16:56:18     Matrix setup time        :	5 s
                        Solver setup             :	16 s
                        Degrees of freedom       :	2634190
                        Number of mesh cells     :	402870

                        Stimulation port         :	Zmin
                        Mode number              :	1
                        Accuracy                 :	8.04126e-05
                        Iterations               :	9
                        Solver time              :	12 s


                      ------------------------------------------------------------------------------
2026-08-10 16:56:19     Delta calculation        
2026-08-10 16:56:19     All S-Parameters         :	2.00626e-05
2026-08-10 16:56:19   

                      ------------------------------------------------------------------------------
2026-08-10 16:56:19   Mesh adaptation terminated because the desired accuracy limit is reached.

                      ------------------------------------------------------------------------------
2026-08-10 16:56:19     Total time               :	116 s	 (= 0 h, 01 m, 56 s)

                      ------------------------------------------------------------------------------
2026-08-10 16:56:19   

                      ------------------------------------------------------------------------------
2026-08-10 16:56:19     Calculation 38 (Frequency: 11.848 THz, Theta: 0, Phi: 0)


                      ------------------------------------------------------------------------------
2026-08-10 16:56:19   Running the PortModeSolver.

                      ------------------------------------------------------------------------------
2026-08-10 16:56:21   Adaptive mesh refinement pass 1

                      ------------------------------------------------------------------------------
2026-08-10 16:56:45     Matrix setup time        :	2 s
                        Solver setup             :	13 s
                        Degrees of freedom       :	2634190
                        Number of mesh cells     :	402870

                        Stimulation port         :	Zmin
                        Mode number              :	1
                        Accuracy                 :	8.0541e-05
                        Iterations               :	6
                        Solver time              :	8 s


                      ------------------------------------------------------------------------------
2026-08-10 16:56:55   Adaptive mesh refinement pass 2

                      ------------------------------------------------------------------------------
2026-08-10 16:57:28     Matrix setup time        :	5 s
                        Solver setup             :	18 s
                        Degrees of freedom       :	2668942
                        Number of mesh cells     :	408188

                        Stimulation port         :	Zmin
                        Mode number              :	1
                        Accuracy                 :	8.06554e-05
                        Iterations               :	6
                        Solver time              :	9 s


                      ------------------------------------------------------------------------------
2026-08-10 16:57:29     Delta calculation        
2026-08-10 16:57:29     All S-Parameters         :	3.52784e-05
2026-08-10 16:57:29   

                      ------------------------------------------------------------------------------
2026-08-10 16:57:38   Adaptive mesh refinement pass 3

                      ------------------------------------------------------------------------------
2026-08-10 16:58:07     Matrix setup time        :	5 s
                        Solver setup             :	14 s
                        Degrees of freedom       :	2703806
                        Number of mesh cells     :	413521

                        Stimulation port         :	Zmin
                        Mode number              :	1
                        Accuracy                 :	8.07492e-05
                        Iterations               :	6
                        Solver time              :	8 s


                      ------------------------------------------------------------------------------
2026-08-10 16:58:08     Delta calculation        
2026-08-10 16:58:08     All S-Parameters         :	2.56139e-05
2026-08-10 16:58:08   

                      ------------------------------------------------------------------------------
2026-08-10 16:58:08   Mesh adaptation terminated because the desired accuracy limit is reached.

                      ------------------------------------------------------------------------------
2026-08-10 16:58:08     Total time               :	109 s	 (= 0 h, 01 m, 49 s)

                      ------------------------------------------------------------------------------
2026-08-10 16:58:08   

                      ------------------------------------------------------------------------------
2026-08-10 16:58:08     Calculation 39 (Frequency: 15.808 THz, Theta: 0, Phi: 0)


                      ------------------------------------------------------------------------------
2026-08-10 16:58:08   Running the PortModeSolver.

                      ------------------------------------------------------------------------------
2026-08-10 16:58:10   Adaptive mesh refinement pass 1

                      ------------------------------------------------------------------------------
2026-08-10 16:58:36     Matrix setup time        :	2 s
                        Solver setup             :	11 s
                        Degrees of freedom       :	2703806
                        Number of mesh cells     :	413521

                        Stimulation port         :	Zmin
                        Mode number              :	1
                        Accuracy                 :	6.4227e-05
                        Iterations               :	8
                        Solver time              :	11 s


                      ------------------------------------------------------------------------------
2026-08-10 16:58:45   Adaptive mesh refinement pass 2

                      ------------------------------------------------------------------------------
2026-08-10 16:59:18     Matrix setup time        :	5 s
                        Solver setup             :	16 s
                        Degrees of freedom       :	2738032
                        Number of mesh cells     :	418792

                        Stimulation port         :	Zmin
                        Mode number              :	1
                        Accuracy                 :	8.4233e-05
                        Iterations               :	7
                        Solver time              :	10 s


                      ------------------------------------------------------------------------------
2026-08-10 16:59:18     Delta calculation        
2026-08-10 16:59:18     All S-Parameters         :	3.49774e-05
2026-08-10 16:59:18   

                      ------------------------------------------------------------------------------
2026-08-10 16:59:27   Adaptive mesh refinement pass 3

                      ------------------------------------------------------------------------------
2026-08-10 16:59:59     Matrix setup time        :	5 s
                        Solver setup             :	16 s
                        Degrees of freedom       :	2772736
                        Number of mesh cells     :	424121

                        Stimulation port         :	Zmin
                        Mode number              :	1
                        Accuracy                 :	8.43987e-05
                        Iterations               :	7
                        Solver time              :	10 s


                      ------------------------------------------------------------------------------
2026-08-10 17:00:00     Delta calculation        
2026-08-10 17:00:00     All S-Parameters         :	4.39601e-05
2026-08-10 17:00:00   

                      ------------------------------------------------------------------------------
2026-08-10 17:00:00   Mesh adaptation terminated because the desired accuracy limit is reached.

                      ------------------------------------------------------------------------------
2026-08-10 17:00:00     Total time               :	111 s	 (= 0 h, 01 m, 51 s)

                      ------------------------------------------------------------------------------
2026-08-10 17:00:00   

                      ------------------------------------------------------------------------------
2026-08-10 17:00:00     Calculation 40 (Frequency: 10.624 THz, Theta: 0, Phi: 0)


                      ------------------------------------------------------------------------------
2026-08-10 17:00:00   Running the PortModeSolver.

                      ------------------------------------------------------------------------------
2026-08-10 17:00:02   Adaptive mesh refinement pass 1

                      ------------------------------------------------------------------------------
2026-08-10 17:00:29     Matrix setup time        :	2 s
                        Solver setup             :	12 s
                        Degrees of freedom       :	2772736
                        Number of mesh cells     :	424121

                        Stimulation port         :	Zmin
                        Mode number              :	1
                        Accuracy                 :	5.8614e-05
                        Iterations               :	8
                        Solver time              :	11 s


                      ------------------------------------------------------------------------------
2026-08-10 17:00:39   Adaptive mesh refinement pass 2

                      ------------------------------------------------------------------------------
2026-08-10 17:01:10     Matrix setup time        :	5 s
                        Solver setup             :	15 s
                        Degrees of freedom       :	2807700
                        Number of mesh cells     :	429461

                        Stimulation port         :	Zmin
                        Mode number              :	1
                        Accuracy                 :	6.85025e-05
                        Iterations               :	6
                        Solver time              :	9 s


                      ------------------------------------------------------------------------------
2026-08-10 17:01:11     Delta calculation        
2026-08-10 17:01:11     All S-Parameters         :	2.6593e-05
2026-08-10 17:01:11   

                      ------------------------------------------------------------------------------
2026-08-10 17:01:21   Adaptive mesh refinement pass 3

                      ------------------------------------------------------------------------------
2026-08-10 17:01:53     Matrix setup time        :	6 s
                        Solver setup             :	16 s
                        Degrees of freedom       :	2842682
                        Number of mesh cells     :	434810

                        Stimulation port         :	Zmin
                        Mode number              :	1
                        Accuracy                 :	6.82388e-05
                        Iterations               :	6
                        Solver time              :	9 s


                      ------------------------------------------------------------------------------
2026-08-10 17:01:54     Delta calculation        
2026-08-10 17:01:54     All S-Parameters         :	1.58106e-05
2026-08-10 17:01:54   

                      ------------------------------------------------------------------------------
2026-08-10 17:01:54   Mesh adaptation terminated because the desired accuracy limit is reached.

                      ------------------------------------------------------------------------------
2026-08-10 17:01:54     Total time               :	113 s	 (= 0 h, 01 m, 53 s)

                      ------------------------------------------------------------------------------
2026-08-10 17:01:54   

                      ------------------------------------------------------------------------------
2026-08-10 17:01:54     Calculation 41 (Frequency: 13.288 THz, Theta: 0, Phi: 0)


                      ------------------------------------------------------------------------------
2026-08-10 17:01:54   Running the PortModeSolver.

                      ------------------------------------------------------------------------------
2026-08-10 17:01:56   Adaptive mesh refinement pass 1

                      ------------------------------------------------------------------------------
2026-08-10 17:02:22     Matrix setup time        :	2 s
                        Solver setup             :	13 s
                        Degrees of freedom       :	2842682
                        Number of mesh cells     :	434810

                        Stimulation port         :	Zmin
                        Mode number              :	1
                        Accuracy                 :	5.76202e-05
                        Iterations               :	7
                        Solver time              :	10 s


                      ------------------------------------------------------------------------------
2026-08-10 17:02:33   Adaptive mesh refinement pass 2

                      ------------------------------------------------------------------------------
2026-08-10 17:03:07     Matrix setup time        :	6 s
                        Solver setup             :	18 s
                        Degrees of freedom       :	2877100
                        Number of mesh cells     :	440092

                        Stimulation port         :	Zmin
                        Mode number              :	1
                        Accuracy                 :	8.83666e-05
                        Iterations               :	6
                        Solver time              :	9 s


                      ------------------------------------------------------------------------------
2026-08-10 17:03:08     Delta calculation        
2026-08-10 17:03:08     All S-Parameters         :	1.45396e-05
2026-08-10 17:03:08   

                      ------------------------------------------------------------------------------
2026-08-10 17:03:17   Adaptive mesh refinement pass 3

                      ------------------------------------------------------------------------------
2026-08-10 17:03:51     Matrix setup time        :	6 s
                        Solver setup             :	18 s
                        Degrees of freedom       :	2911860
                        Number of mesh cells     :	445422

                        Stimulation port         :	Zmin
                        Mode number              :	1
                        Accuracy                 :	8.80807e-05
                        Iterations               :	6
                        Solver time              :	9 s


                      ------------------------------------------------------------------------------
2026-08-10 17:03:52     Delta calculation        
2026-08-10 17:03:52     All S-Parameters         :	1.22889e-05
2026-08-10 17:03:52   

                      ------------------------------------------------------------------------------
2026-08-10 17:03:52   Mesh adaptation terminated because the desired accuracy limit is reached.

                      ------------------------------------------------------------------------------
2026-08-10 17:03:53     Total time               :	118 s	 (= 0 h, 01 m, 58 s)

                      ------------------------------------------------------------------------------
2026-08-10 17:03:53   

                      ------------------------------------------------------------------------------
2026-08-10 17:03:53     Calculation 42 (Frequency: 20.416 THz, Theta: 0, Phi: 0)


                      ------------------------------------------------------------------------------
2026-08-10 17:03:53   Running the PortModeSolver.

                      ------------------------------------------------------------------------------
2026-08-10 17:03:54   Adaptive mesh refinement pass 1

                      ------------------------------------------------------------------------------
2026-08-10 17:04:25     Matrix setup time        :	2 s
                        Solver setup             :	14 s
                        Degrees of freedom       :	2911860
                        Number of mesh cells     :	445422

                        Stimulation port         :	Zmin
                        Mode number              :	1
                        Accuracy                 :	8.41648e-05
                        Iterations               :	8
                        Solver time              :	12 s


                      ------------------------------------------------------------------------------
2026-08-10 17:04:35   Adaptive mesh refinement pass 2

                      ------------------------------------------------------------------------------
2026-08-10 17:05:11     Matrix setup time        :	6 s
                        Solver setup             :	17 s
                        Degrees of freedom       :	2946570
                        Number of mesh cells     :	450769

                        Stimulation port         :	Zmin
                        Mode number              :	1
                        Accuracy                 :	7.86337e-05
                        Iterations               :	8
                        Solver time              :	12 s


                      ------------------------------------------------------------------------------
2026-08-10 17:05:12     Delta calculation        
2026-08-10 17:05:12     All S-Parameters         :	8.00487e-05
2026-08-10 17:05:12   

                      ------------------------------------------------------------------------------
2026-08-10 17:05:22   Adaptive mesh refinement pass 3

                      ------------------------------------------------------------------------------
2026-08-10 17:05:59     Matrix setup time        :	6 s
                        Solver setup             :	17 s
                        Degrees of freedom       :	2981506
                        Number of mesh cells     :	456117

                        Stimulation port         :	Zmin
                        Mode number              :	1
                        Accuracy                 :	7.68071e-05
                        Iterations               :	8
                        Solver time              :	13 s


                      ------------------------------------------------------------------------------
2026-08-10 17:06:00     Delta calculation        
2026-08-10 17:06:00     All S-Parameters         :	3.35939e-05
2026-08-10 17:06:00   

                      ------------------------------------------------------------------------------
2026-08-10 17:06:00   Mesh adaptation terminated because the desired accuracy limit is reached.

                      ------------------------------------------------------------------------------
2026-08-10 17:06:00     Total time               :	126 s	 (= 0 h, 02 m, 06 s)

                      ------------------------------------------------------------------------------
2026-08-10 17:06:00   

                      ------------------------------------------------------------------------------
2026-08-10 17:06:00     Calculation 43 (Frequency: 16.816 THz, Theta: 0, Phi: 0)


                      ------------------------------------------------------------------------------
2026-08-10 17:06:00   Running the PortModeSolver.

                      ------------------------------------------------------------------------------
2026-08-10 17:06:01   Adaptive mesh refinement pass 1

                      ------------------------------------------------------------------------------
2026-08-10 17:06:35     Matrix setup time        :	2 s
                        Solver setup             :	13 s
                        Degrees of freedom       :	2981506
                        Number of mesh cells     :	456117

                        Stimulation port         :	Zmin
                        Mode number              :	1
                        Accuracy                 :	7.6906e-05
                        Iterations               :	10
                        Solver time              :	16 s


                      ------------------------------------------------------------------------------
2026-08-10 17:06:45   Adaptive mesh refinement pass 2

                      ------------------------------------------------------------------------------
2026-08-10 17:07:24     Matrix setup time        :	6 s
                        Solver setup             :	16 s
                        Degrees of freedom       :	3016770
                        Number of mesh cells     :	461487

                        Stimulation port         :	Zmin
                        Mode number              :	1
                        Accuracy                 :	8.13297e-05
                        Iterations               :	10
                        Solver time              :	15 s


                      ------------------------------------------------------------------------------
2026-08-10 17:07:25     Delta calculation        
2026-08-10 17:07:25     All S-Parameters         :	0.000185689
2026-08-10 17:07:25   

                      ------------------------------------------------------------------------------
2026-08-10 17:07:34   Adaptive mesh refinement pass 3

                      ------------------------------------------------------------------------------
2026-08-10 17:08:15     Matrix setup time        :	6 s
                        Solver setup             :	18 s
                        Degrees of freedom       :	3051158
                        Number of mesh cells     :	466769

                        Stimulation port         :	Zmin
                        Mode number              :	1
                        Accuracy                 :	8.36391e-05
                        Iterations               :	10
                        Solver time              :	15 s


                      ------------------------------------------------------------------------------
2026-08-10 17:08:16     Delta calculation        
2026-08-10 17:08:16     All S-Parameters         :	0.000566216
2026-08-10 17:08:16   

                      ------------------------------------------------------------------------------
2026-08-10 17:08:16   Mesh adaptation terminated because the desired accuracy limit is reached.

                      ------------------------------------------------------------------------------
2026-08-10 17:08:16     Total time               :	136 s	 (= 0 h, 02 m, 16 s)

                      ------------------------------------------------------------------------------
2026-08-10 17:08:16   

                      ------------------------------------------------------------------------------
2026-08-10 17:08:16     Calculation 44 (Frequency: 21.448 THz, Theta: 0, Phi: 0)


                      ------------------------------------------------------------------------------
2026-08-10 17:08:16   Running the PortModeSolver.

                      ------------------------------------------------------------------------------
2026-08-10 17:08:18   Adaptive mesh refinement pass 1

                      ------------------------------------------------------------------------------
2026-08-10 17:08:52     Matrix setup time        :	3 s
                        Solver setup             :	14 s
                        Degrees of freedom       :	3051158
                        Number of mesh cells     :	466769

                        Stimulation port         :	Zmin
                        Mode number              :	1
                        Accuracy                 :	7.88302e-05
                        Iterations               :	10
                        Solver time              :	16 s


                      ------------------------------------------------------------------------------
2026-08-10 17:09:03   Adaptive mesh refinement pass 2

                      ------------------------------------------------------------------------------
2026-08-10 17:09:47     Matrix setup time        :	6 s
                        Solver setup             :	22 s
                        Degrees of freedom       :	3086636
                        Number of mesh cells     :	472172

                        Stimulation port         :	Zmin
                        Mode number              :	1
                        Accuracy                 :	9.20444e-05
                        Iterations               :	9
                        Solver time              :	15 s


                      ------------------------------------------------------------------------------
2026-08-10 17:09:48     Delta calculation        
2026-08-10 17:09:48     All S-Parameters         :	0.000125882
2026-08-10 17:09:48   

                      ------------------------------------------------------------------------------
2026-08-10 17:09:58   Adaptive mesh refinement pass 3

                      ------------------------------------------------------------------------------
2026-08-10 17:10:38     Matrix setup time        :	6 s
                        Solver setup             :	16 s
                        Degrees of freedom       :	3121972
                        Number of mesh cells     :	477559

                        Stimulation port         :	Zmin
                        Mode number              :	1
                        Accuracy                 :	4.53071e-05
                        Iterations               :	10
                        Solver time              :	16 s


                      ------------------------------------------------------------------------------
2026-08-10 17:10:39     Delta calculation        
2026-08-10 17:10:39     All S-Parameters         :	0.000124941
2026-08-10 17:10:39   

                      ------------------------------------------------------------------------------
2026-08-10 17:10:39   Mesh adaptation terminated because the desired accuracy limit is reached.

                      ------------------------------------------------------------------------------
2026-08-10 17:10:39     Total time               :	142 s	 (= 0 h, 02 m, 22 s)

                      ------------------------------------------------------------------------------
2026-08-10 17:10:39   

                      ------------------------------------------------------------------------------
2026-08-10 17:10:39     Calculation 45 (Frequency: 26.608 THz, Theta: 0, Phi: 0)


                      ------------------------------------------------------------------------------
2026-08-10 17:10:39   Running the PortModeSolver.

                      ------------------------------------------------------------------------------
2026-08-10 17:10:41   Adaptive mesh refinement pass 1

                      ------------------------------------------------------------------------------
2026-08-10 17:11:18     Matrix setup time        :	3 s
                        Solver setup             :	12 s
                        Degrees of freedom       :	3121972
                        Number of mesh cells     :	477559

                        Stimulation port         :	Zmin
                        Mode number              :	1
                        Accuracy                 :	4.42219e-05
                        Iterations               :	13
                        Solver time              :	21 s


                      ------------------------------------------------------------------------------
2026-08-10 17:11:19   The input reflection seems to be large at 26.608 THz, Theta: 0, Phi: 0.  More...

                      ------------------------------------------------------------------------------
2026-08-10 17:11:29   Adaptive mesh refinement pass 2

                      ------------------------------------------------------------------------------
2026-08-10 17:12:19     Matrix setup time        :	6 s
                        Solver setup             :	22 s
                        Degrees of freedom       :	3155900
                        Number of mesh cells     :	482796

                        Stimulation port         :	Zmin
                        Mode number              :	1
                        Accuracy                 :	9.87381e-05
                        Iterations               :	12
                        Solver time              :	20 s


                      ------------------------------------------------------------------------------
2026-08-10 17:12:20     Delta calculation        
2026-08-10 17:12:20     All S-Parameters         :	0.000239869
2026-08-10 17:12:20   

                      ------------------------------------------------------------------------------
2026-08-10 17:12:30   Adaptive mesh refinement pass 3

                      ------------------------------------------------------------------------------
2026-08-10 17:13:20     Matrix setup time        :	6 s
                        Solver setup             :	21 s
                        Degrees of freedom       :	3190194
                        Number of mesh cells     :	488086

                        Stimulation port         :	Zmin
                        Mode number              :	1
                        Accuracy                 :	4.55519e-05
                        Iterations               :	13
                        Solver time              :	21 s


                      ------------------------------------------------------------------------------
2026-08-10 17:13:21     Delta calculation        
2026-08-10 17:13:21     All S-Parameters         :	0.000145185
2026-08-10 17:13:21   

                      ------------------------------------------------------------------------------
2026-08-10 17:13:21   Mesh adaptation terminated because the desired accuracy limit is reached.

                      ------------------------------------------------------------------------------
2026-08-10 17:13:21     Total time               :	161 s	 (= 0 h, 02 m, 41 s)

                      ------------------------------------------------------------------------------
2026-08-10 17:13:21   

                      ------------------------------------------------------------------------------
2026-08-10 17:13:21     Calculation 46 (Frequency: 16.672 THz, Theta: 0, Phi: 0)


                      ------------------------------------------------------------------------------
2026-08-10 17:13:21   Running the PortModeSolver.

                      ------------------------------------------------------------------------------
2026-08-10 17:13:23   Adaptive mesh refinement pass 1

                      ------------------------------------------------------------------------------
2026-08-10 17:14:04     Matrix setup time        :	3 s
                        Solver setup             :	17 s
                        Degrees of freedom       :	3190194
                        Number of mesh cells     :	488086

                        Stimulation port         :	Zmin
                        Mode number              :	1
                        Accuracy                 :	3.12211e-05
                        Iterations               :	12
                        Solver time              :	19 s


                      ------------------------------------------------------------------------------
2026-08-10 17:14:15   Adaptive mesh refinement pass 2

                      ------------------------------------------------------------------------------
2026-08-10 17:15:00     Matrix setup time        :	6 s
                        Solver setup             :	17 s
                        Degrees of freedom       :	3224804
                        Number of mesh cells     :	493398

                        Stimulation port         :	Zmin
                        Mode number              :	1
                        Accuracy                 :	2.9504e-05
                        Iterations               :	12
                        Solver time              :	20 s


                      ------------------------------------------------------------------------------
2026-08-10 17:15:01     Delta calculation        
2026-08-10 17:15:01     All S-Parameters         :	9.15452e-05
2026-08-10 17:15:01   

                      ------------------------------------------------------------------------------
2026-08-10 17:15:11   Adaptive mesh refinement pass 3

                      ------------------------------------------------------------------------------
2026-08-10 17:15:57     Matrix setup time        :	7 s
                        Solver setup             :	19 s
                        Degrees of freedom       :	3259410
                        Number of mesh cells     :	498703

                        Stimulation port         :	Zmin
                        Mode number              :	1
                        Accuracy                 :	8.74284e-05
                        Iterations               :	11
                        Solver time              :	19 s


                      ------------------------------------------------------------------------------
2026-08-10 17:15:58     Delta calculation        
2026-08-10 17:15:58     All S-Parameters         :	0.000268751
2026-08-10 17:15:58   

                      ------------------------------------------------------------------------------
2026-08-10 17:15:58   Mesh adaptation terminated because the desired accuracy limit is reached.

                      ------------------------------------------------------------------------------
2026-08-10 17:15:58     Total time               :	156 s	 (= 0 h, 02 m, 36 s)

                      ------------------------------------------------------------------------------
2026-08-10 17:15:58   

                      ------------------------------------------------------------------------------
2026-08-10 17:15:58     Calculation 47 (Frequency: 22.144 THz, Theta: 0, Phi: 0)


                      ------------------------------------------------------------------------------
2026-08-10 17:15:58   Running the PortModeSolver.

                      ------------------------------------------------------------------------------
2026-08-10 17:16:00   Adaptive mesh refinement pass 1

                      ------------------------------------------------------------------------------
2026-08-10 17:16:37     Matrix setup time        :	3 s
                        Solver setup             :	15 s
                        Degrees of freedom       :	3259410
                        Number of mesh cells     :	498703

                        Stimulation port         :	Zmin
                        Mode number              :	1
                        Accuracy                 :	9.01461e-05
                        Iterations               :	10
                        Solver time              :	17 s


                      ------------------------------------------------------------------------------
2026-08-10 17:16:48   Adaptive mesh refinement pass 2

                      ------------------------------------------------------------------------------
2026-08-10 17:17:37     Matrix setup time        :	7 s
                        Solver setup             :	21 s
                        Degrees of freedom       :	3294224
                        Number of mesh cells     :	504033

                        Stimulation port         :	Zmin
                        Mode number              :	1
                        Accuracy                 :	9.76368e-05
                        Iterations               :	11
                        Solver time              :	19 s


                      ------------------------------------------------------------------------------
2026-08-10 17:17:38     Delta calculation        
2026-08-10 17:17:38     All S-Parameters         :	0.000333045
2026-08-10 17:17:38   

                      ------------------------------------------------------------------------------
2026-08-10 17:17:48   Adaptive mesh refinement pass 3

                      ------------------------------------------------------------------------------
2026-08-10 17:18:37     Matrix setup time        :	7 s
                        Solver setup             :	20 s
                        Degrees of freedom       :	3329332
                        Number of mesh cells     :	509390

                        Stimulation port         :	Zmin
                        Mode number              :	1
                        Accuracy                 :	4.2654e-05
                        Iterations               :	12
                        Solver time              :	20 s


                      ------------------------------------------------------------------------------
2026-08-10 17:18:38     Delta calculation        
2026-08-10 17:18:38     All S-Parameters         :	0.0001992
2026-08-10 17:18:38   

                      ------------------------------------------------------------------------------
2026-08-10 17:18:38   Mesh adaptation terminated because the desired accuracy limit is reached.

                      ------------------------------------------------------------------------------
2026-08-10 17:18:38     Total time               :	159 s	 (= 0 h, 02 m, 39 s)

                      ------------------------------------------------------------------------------
2026-08-10 17:18:38   

                      ------------------------------------------------------------------------------
2026-08-10 17:18:38     Calculation 48 (Frequency: 22.696 THz, Theta: 0, Phi: 0)


                      ------------------------------------------------------------------------------
2026-08-10 17:18:38   Running the PortModeSolver.

                      ------------------------------------------------------------------------------
2026-08-10 17:18:40   Adaptive mesh refinement pass 1

                      ------------------------------------------------------------------------------
2026-08-10 17:19:16     Matrix setup time        :	3 s
                        Solver setup             :	16 s
                        Degrees of freedom       :	3329332
                        Number of mesh cells     :	509390

                        Stimulation port         :	Zmin
                        Mode number              :	1
                        Accuracy                 :	6.3709e-05
                        Iterations               :	9
                        Solver time              :	16 s


                      ------------------------------------------------------------------------------
2026-08-10 17:19:28   Adaptive mesh refinement pass 2

                      ------------------------------------------------------------------------------
2026-08-10 17:20:16     Matrix setup time        :	7 s
                        Solver setup             :	23 s
                        Degrees of freedom       :	3364818
                        Number of mesh cells     :	514791

                        Stimulation port         :	Zmin
                        Mode number              :	1
                        Accuracy                 :	7.41016e-05
                        Iterations               :	9
                        Solver time              :	17 s


                      ------------------------------------------------------------------------------
2026-08-10 17:20:17     Delta calculation        
2026-08-10 17:20:17     All S-Parameters         :	0.000151463
2026-08-10 17:20:17   

                      ------------------------------------------------------------------------------
2026-08-10 17:20:28   Adaptive mesh refinement pass 3

                      ------------------------------------------------------------------------------
2026-08-10 17:21:18     Matrix setup time        :	7 s
                        Solver setup             :	25 s
                        Degrees of freedom       :	3400014
                        Number of mesh cells     :	520152

                        Stimulation port         :	Zmin
                        Mode number              :	1
                        Accuracy                 :	7.11761e-05
                        Iterations               :	9
                        Solver time              :	17 s


                      ------------------------------------------------------------------------------
2026-08-10 17:21:19     Delta calculation        
2026-08-10 17:21:19     All S-Parameters         :	7.01903e-05
2026-08-10 17:21:19   

                      ------------------------------------------------------------------------------
2026-08-10 17:21:19   Mesh adaptation terminated because the desired accuracy limit is reached.

                      ------------------------------------------------------------------------------
2026-08-10 17:21:20     Total time               :	161 s	 (= 0 h, 02 m, 41 s)

                      ------------------------------------------------------------------------------
2026-08-10 17:21:20   

                      ------------------------------------------------------------------------------
2026-08-10 17:21:20     Calculation 49 (Frequency: 22.072 THz, Theta: 0, Phi: 0)


                      ------------------------------------------------------------------------------
2026-08-10 17:21:20   Running the PortModeSolver.

                      ------------------------------------------------------------------------------
2026-08-10 17:21:21   Adaptive mesh refinement pass 1

                      ------------------------------------------------------------------------------
2026-08-10 17:22:04     Matrix setup time        :	3 s
                        Solver setup             :	21 s
                        Degrees of freedom       :	3400014
                        Number of mesh cells     :	520152

                        Stimulation port         :	Zmin
                        Mode number              :	1
                        Accuracy                 :	7.17417e-05
                        Iterations               :	9
                        Solver time              :	17 s


                      ------------------------------------------------------------------------------
2026-08-10 17:22:16   Adaptive mesh refinement pass 2

                      ------------------------------------------------------------------------------
2026-08-10 17:23:03     Matrix setup time        :	7 s
                        Solver setup             :	21 s
                        Degrees of freedom       :	3434986
                        Number of mesh cells     :	525517

                        Stimulation port         :	Zmin
                        Mode number              :	1
                        Accuracy                 :	9.51229e-05
                        Iterations               :	9
                        Solver time              :	17 s


                      ------------------------------------------------------------------------------
2026-08-10 17:23:05     Delta calculation        
2026-08-10 17:23:05     All S-Parameters         :	7.0333e-05
2026-08-10 17:23:05   

                      ------------------------------------------------------------------------------
2026-08-10 17:23:16   Adaptive mesh refinement pass 3

                      ------------------------------------------------------------------------------
2026-08-10 17:24:02     Matrix setup time        :	7 s
                        Solver setup             :	19 s
                        Degrees of freedom       :	3470016
                        Number of mesh cells     :	530869

                        Stimulation port         :	Zmin
                        Mode number              :	1
                        Accuracy                 :	6.15792e-05
                        Iterations               :	10
                        Solver time              :	18 s


                      ------------------------------------------------------------------------------
2026-08-10 17:24:03     Delta calculation        
2026-08-10 17:24:03     All S-Parameters         :	9.62456e-05
2026-08-10 17:24:03   

                      ------------------------------------------------------------------------------
2026-08-10 17:24:03   Mesh adaptation terminated because the desired accuracy limit is reached.

                      ------------------------------------------------------------------------------
2026-08-10 17:24:03     Total time               :	163 s	 (= 0 h, 02 m, 43 s)

                      ------------------------------------------------------------------------------
2026-08-10 17:24:03   

                      ------------------------------------------------------------------------------
2026-08-10 17:24:03     Calculation 50 (Frequency: 22.264 THz, Theta: 0, Phi: 0)


                      ------------------------------------------------------------------------------
2026-08-10 17:24:03   Running the PortModeSolver.

                      ------------------------------------------------------------------------------
2026-08-10 17:24:05   Adaptive mesh refinement pass 1

                      ------------------------------------------------------------------------------
2026-08-10 17:24:37     Matrix setup time        :	3 s
                        Solver setup             :	15 s
                        Degrees of freedom       :	3470016
                        Number of mesh cells     :	530869

                        Stimulation port         :	Zmin
                        Mode number              :	1
                        Accuracy                 :	8.69001e-05
                        Iterations               :	7
                        Solver time              :	13 s


                      ------------------------------------------------------------------------------
2026-08-10 17:24:49   Adaptive mesh refinement pass 2

                      ------------------------------------------------------------------------------
2026-08-10 17:25:41     Matrix setup time        :	7 s
                        Solver setup             :	23 s
                        Degrees of freedom       :	3505058
                        Number of mesh cells     :	536223

                        Stimulation port         :	Zmin
                        Mode number              :	1
                        Accuracy                 :	4.94437e-05
                        Iterations               :	11
                        Solver time              :	21 s


                      ------------------------------------------------------------------------------
2026-08-10 17:25:42     Delta calculation        
2026-08-10 17:25:42     All S-Parameters         :	0.000147823
2026-08-10 17:25:42   

                      ------------------------------------------------------------------------------
2026-08-10 17:25:54   Adaptive mesh refinement pass 3

                      ------------------------------------------------------------------------------
2026-08-10 17:26:41     Matrix setup time        :	7 s
                        Solver setup             :	20 s
                        Degrees of freedom       :	3539970
                        Number of mesh cells     :	541557

                        Stimulation port         :	Zmin
                        Mode number              :	1
                        Accuracy                 :	9.93837e-05
                        Iterations               :	10
                        Solver time              :	18 s


                      ------------------------------------------------------------------------------
2026-08-10 17:26:42     Delta calculation        
2026-08-10 17:26:42     All S-Parameters         :	9.90436e-05
2026-08-10 17:26:42   

                      ------------------------------------------------------------------------------
2026-08-10 17:26:42   Mesh adaptation terminated because the desired accuracy limit is reached.

                      ------------------------------------------------------------------------------
2026-08-10 17:26:42     Total time               :	158 s	 (= 0 h, 02 m, 38 s)

                      ------------------------------------------------------------------------------
2026-08-10 17:26:42   

                      ------------------------------------------------------------------------------
2026-08-10 17:26:42     Calculation 51 (Frequency: 23.008 THz, Theta: 0, Phi: 0)


                      ------------------------------------------------------------------------------
2026-08-10 17:26:42   Running the PortModeSolver.

                      ------------------------------------------------------------------------------
2026-08-10 17:26:44   Adaptive mesh refinement pass 1

                      ------------------------------------------------------------------------------
2026-08-10 17:27:20     Matrix setup time        :	3 s
                        Solver setup             :	16 s
                        Degrees of freedom       :	3539970
                        Number of mesh cells     :	541557

                        Stimulation port         :	Zmin
                        Mode number              :	1
                        Accuracy                 :	6.01715e-05
                        Iterations               :	9
                        Solver time              :	16 s


                      ------------------------------------------------------------------------------
2026-08-10 17:27:33   Adaptive mesh refinement pass 2

                      ------------------------------------------------------------------------------
2026-08-10 17:28:19     Matrix setup time        :	7 s
                        Solver setup             :	21 s
                        Degrees of freedom       :	3575228
                        Number of mesh cells     :	546936

                        Stimulation port         :	Zmin
                        Mode number              :	1
                        Accuracy                 :	9.43618e-05
                        Iterations               :	8
                        Solver time              :	15 s


                      ------------------------------------------------------------------------------
2026-08-10 17:28:20     Delta calculation        
2026-08-10 17:28:20     All S-Parameters         :	5.80562e-05
2026-08-10 17:28:20   

                      ------------------------------------------------------------------------------
2026-08-10 17:28:31   Adaptive mesh refinement pass 3

                      ------------------------------------------------------------------------------
2026-08-10 17:29:18     Matrix setup time        :	7 s
                        Solver setup             :	22 s
                        Degrees of freedom       :	3610408
                        Number of mesh cells     :	552307

                        Stimulation port         :	Zmin
                        Mode number              :	1
                        Accuracy                 :	9.38112e-05
                        Iterations               :	8
                        Solver time              :	16 s


                      ------------------------------------------------------------------------------
2026-08-10 17:29:19     Delta calculation        
2026-08-10 17:29:19     All S-Parameters         :	4.27223e-05
2026-08-10 17:29:19   

                      ------------------------------------------------------------------------------
2026-08-10 17:29:19   Mesh adaptation terminated because the desired accuracy limit is reached.

                      ------------------------------------------------------------------------------
2026-08-10 17:29:19     Total time               :	157 s	 (= 0 h, 02 m, 37 s)

                      ------------------------------------------------------------------------------
2026-08-10 17:29:19   

                      ------------------------------------------------------------------------------
2026-08-10 17:29:19     Calculation 52 (Frequency: 22.36 THz, Theta: 0, Phi: 0)


                      ------------------------------------------------------------------------------
2026-08-10 17:29:19   Running the PortModeSolver.

                      ------------------------------------------------------------------------------
2026-08-10 17:29:21   Adaptive mesh refinement pass 1

                      ------------------------------------------------------------------------------
2026-08-10 17:30:00     Matrix setup time        :	3 s
                        Solver setup             :	18 s
                        Degrees of freedom       :	3610408
                        Number of mesh cells     :	552307

                        Stimulation port         :	Zmin
                        Mode number              :	1
                        Accuracy                 :	9.1907e-05
                        Iterations               :	8
                        Solver time              :	16 s


                      ------------------------------------------------------------------------------
2026-08-10 17:30:13   Adaptive mesh refinement pass 2

                      ------------------------------------------------------------------------------
2026-08-10 17:31:07     Matrix setup time        :	9 s
                        Solver setup             :	26 s
                        Degrees of freedom       :	3644930
                        Number of mesh cells     :	557619

                        Stimulation port         :	Zmin
                        Mode number              :	1
                        Accuracy                 :	8.05725e-05
                        Iterations               :	9
                        Solver time              :	17 s


                      ------------------------------------------------------------------------------
2026-08-10 17:31:09     Delta calculation        
2026-08-10 17:31:09     All S-Parameters         :	0.000147996
2026-08-10 17:31:09   

                      ------------------------------------------------------------------------------
2026-08-10 17:31:21   Adaptive mesh refinement pass 3

                      ------------------------------------------------------------------------------
2026-08-10 17:32:11     Matrix setup time        :	8 s
                        Solver setup             :	22 s
                        Degrees of freedom       :	3680094
                        Number of mesh cells     :	562983

                        Stimulation port         :	Zmin
                        Mode number              :	1
                        Accuracy                 :	8.5655e-05
                        Iterations               :	9
                        Solver time              :	18 s


                      ------------------------------------------------------------------------------
2026-08-10 17:32:12     Delta calculation        
2026-08-10 17:32:12     All S-Parameters         :	7.06843e-05
2026-08-10 17:32:12   

                      ------------------------------------------------------------------------------
2026-08-10 17:32:12   Mesh adaptation terminated because the desired accuracy limit is reached.

                      ------------------------------------------------------------------------------
2026-08-10 17:32:12     Total time               :	172 s	 (= 0 h, 02 m, 52 s)

                      ------------------------------------------------------------------------------
2026-08-10 17:32:12   

                      ------------------------------------------------------------------------------
2026-08-10 17:32:12     Calculation 53 (Frequency: 33.952 THz, Theta: 0, Phi: 0)


                      ------------------------------------------------------------------------------
2026-08-10 17:32:12   Running the PortModeSolver.

                      ------------------------------------------------------------------------------
2026-08-10 17:32:14   Adaptive mesh refinement pass 1

                      ------------------------------------------------------------------------------
2026-08-10 17:32:54     Matrix setup time        :	3 s
                        Solver setup             :	18 s
                        Degrees of freedom       :	3680094
                        Number of mesh cells     :	562983

                        Stimulation port         :	Zmin
                        Mode number              :	1
                        Accuracy                 :	4.80358e-05
                        Iterations               :	9
                        Solver time              :	18 s


                      ------------------------------------------------------------------------------
2026-08-10 17:33:07   Adaptive mesh refinement pass 2

                      ------------------------------------------------------------------------------
2026-08-10 17:33:53     Matrix setup time        :	8 s
                        Solver setup             :	21 s
                        Degrees of freedom       :	3713700
                        Number of mesh cells     :	568187

                        Stimulation port         :	Zmin
                        Mode number              :	1
                        Accuracy                 :	8.69628e-05
                        Iterations               :	8
                        Solver time              :	15 s


                      ------------------------------------------------------------------------------
2026-08-10 17:33:54     Delta calculation        
2026-08-10 17:33:54     All S-Parameters         :	0.000138267
2026-08-10 17:33:54   

                      ------------------------------------------------------------------------------
2026-08-10 17:34:06   Adaptive mesh refinement pass 3

                      ------------------------------------------------------------------------------
2026-08-10 17:34:59     Matrix setup time        :	8 s
                        Solver setup             :	26 s
                        Degrees of freedom       :	3747334
                        Number of mesh cells     :	573404

                        Stimulation port         :	Zmin
                        Mode number              :	1
                        Accuracy                 :	9.16848e-05
                        Iterations               :	8
                        Solver time              :	17 s


                      ------------------------------------------------------------------------------
2026-08-10 17:35:00     Delta calculation        
2026-08-10 17:35:00     All S-Parameters         :	7.47168e-06
2026-08-10 17:35:00   

                      ------------------------------------------------------------------------------
2026-08-10 17:35:00   Mesh adaptation terminated because the desired accuracy limit is reached.

                      ------------------------------------------------------------------------------
2026-08-10 17:35:00     Total time               :	167 s	 (= 0 h, 02 m, 47 s)

                      ------------------------------------------------------------------------------
2026-08-10 17:35:00   

                      ------------------------------------------------------------------------------
2026-08-10 17:35:00     Calculation 54 (Frequency: 26.248 THz, Theta: 0, Phi: 0)


                      ------------------------------------------------------------------------------
2026-08-10 17:35:00   Running the PortModeSolver.

                      ------------------------------------------------------------------------------
2026-08-10 17:35:02   Adaptive mesh refinement pass 1

                      ------------------------------------------------------------------------------
2026-08-10 17:35:48     Matrix setup time        :	3 s
                        Solver setup             :	21 s
                        Degrees of freedom       :	3747334
                        Number of mesh cells     :	573404

                        Stimulation port         :	Zmin
                        Mode number              :	1
                        Accuracy                 :	4.84406e-05
                        Iterations               :	10
                        Solver time              :	20 s


                      ------------------------------------------------------------------------------
2026-08-10 17:35:50   The input reflection seems to be large at 26.248 THz, Theta: 0, Phi: 0.  More...

                      ------------------------------------------------------------------------------
2026-08-10 17:36:02   Adaptive mesh refinement pass 2

                      ------------------------------------------------------------------------------
2026-08-10 17:36:53     Matrix setup time        :	8 s
                        Solver setup             :	22 s
                        Degrees of freedom       :	3780950
                        Number of mesh cells     :	578637

                        Stimulation port         :	Zmin
                        Mode number              :	1
                        Accuracy                 :	4.77393e-05
                        Iterations               :	10
                        Solver time              :	20 s


                      ------------------------------------------------------------------------------
2026-08-10 17:36:54     Delta calculation        
2026-08-10 17:36:54     All S-Parameters         :	2.38208e-06
2026-08-10 17:36:54   

                      ------------------------------------------------------------------------------
2026-08-10 17:37:06   Adaptive mesh refinement pass 3

                      ------------------------------------------------------------------------------
2026-08-10 17:38:11     Matrix setup time        :	8 s
                        Solver setup             :	33 s
                        Degrees of freedom       :	3814646
                        Number of mesh cells     :	583857

                        Stimulation port         :	Zmin
                        Mode number              :	1
                        Accuracy                 :	4.73533e-05
                        Iterations               :	10
                        Solver time              :	22 s


                      ------------------------------------------------------------------------------
2026-08-10 17:38:12     Delta calculation        
2026-08-10 17:38:12     All S-Parameters         :	3.90925e-06
2026-08-10 17:38:12   

                      ------------------------------------------------------------------------------
2026-08-10 17:38:12   Mesh adaptation terminated because the desired accuracy limit is reached.

                      ------------------------------------------------------------------------------
2026-08-10 17:38:13     Total time               :	192 s	 (= 0 h, 03 m, 12 s)

                      ------------------------------------------------------------------------------
2026-08-10 17:38:13   

                      ------------------------------------------------------------------------------
2026-08-10 17:38:13     Calculation 55 (Frequency: 21.136 THz, Theta: 0, Phi: 0)


                      ------------------------------------------------------------------------------
2026-08-10 17:38:13   Running the PortModeSolver.

                      ------------------------------------------------------------------------------
2026-08-10 17:38:14   Adaptive mesh refinement pass 1

                      ------------------------------------------------------------------------------
2026-08-10 17:39:09     Matrix setup time        :	3 s
                        Solver setup             :	28 s
                        Degrees of freedom       :	3814646
                        Number of mesh cells     :	583857

                        Stimulation port         :	Zmin
                        Mode number              :	1
                        Accuracy                 :	9.20813e-05
                        Iterations               :	9
                        Solver time              :	21 s


                      ------------------------------------------------------------------------------
2026-08-10 17:39:23   Adaptive mesh refinement pass 2

                      ------------------------------------------------------------------------------
2026-08-10 17:40:17     Matrix setup time        :	8 s
                        Solver setup             :	26 s
                        Degrees of freedom       :	3849506
                        Number of mesh cells     :	589186

                        Stimulation port         :	Zmin
                        Mode number              :	1
                        Accuracy                 :	8.91372e-05
                        Iterations               :	8
                        Solver time              :	17 s


                      ------------------------------------------------------------------------------
2026-08-10 17:40:18     Delta calculation        
2026-08-10 17:40:18     All S-Parameters         :	5.50786e-05
2026-08-10 17:40:18   

                      ------------------------------------------------------------------------------
2026-08-10 17:40:31   Adaptive mesh refinement pass 3

                      ------------------------------------------------------------------------------
2026-08-10 17:41:30     Matrix setup time        :	9 s
                        Solver setup             :	29 s
                        Degrees of freedom       :	3884440
                        Number of mesh cells     :	594519

                        Stimulation port         :	Zmin
                        Mode number              :	1
                        Accuracy                 :	8.85209e-05
                        Iterations               :	8
                        Solver time              :	19 s


                      ------------------------------------------------------------------------------
2026-08-10 17:41:32     Delta calculation        
2026-08-10 17:41:32     All S-Parameters         :	2.79119e-05
2026-08-10 17:41:32   

                      ------------------------------------------------------------------------------
2026-08-10 17:41:32   Mesh adaptation terminated because the desired accuracy limit is reached.

                      ------------------------------------------------------------------------------
2026-08-10 17:41:32     Total time               :	198 s	 (= 0 h, 03 m, 18 s)

                      ------------------------------------------------------------------------------
2026-08-10 17:41:32   

                      ------------------------------------------------------------------------------
2026-08-10 17:41:32     Calculation 56 (Frequency: 33.976 THz, Theta: 0, Phi: 0)


                      ------------------------------------------------------------------------------
2026-08-10 17:41:32   Running the PortModeSolver.

                      ------------------------------------------------------------------------------
2026-08-10 17:41:33   Adaptive mesh refinement pass 1

                      ------------------------------------------------------------------------------
2026-08-10 17:42:21     Matrix setup time        :	4 s
                        Solver setup             :	24 s
                        Degrees of freedom       :	3884440
                        Number of mesh cells     :	594519

                        Stimulation port         :	Zmin
                        Mode number              :	1
                        Accuracy                 :	9.26404e-05
                        Iterations               :	8
                        Solver time              :	18 s


                      ------------------------------------------------------------------------------
2026-08-10 17:42:35   Adaptive mesh refinement pass 2

                      ------------------------------------------------------------------------------
2026-08-10 17:43:29     Matrix setup time        :	8 s
                        Solver setup             :	26 s
                        Degrees of freedom       :	3918076
                        Number of mesh cells     :	599748

                        Stimulation port         :	Zmin
                        Mode number              :	1
                        Accuracy                 :	8.84998e-05
                        Iterations               :	8
                        Solver time              :	18 s


                      ------------------------------------------------------------------------------
2026-08-10 17:43:31     Delta calculation        
2026-08-10 17:43:31     All S-Parameters         :	2.31345e-05
2026-08-10 17:43:31   

                      ------------------------------------------------------------------------------
2026-08-10 17:43:44   Adaptive mesh refinement pass 3

                      ------------------------------------------------------------------------------
2026-08-10 17:44:47     Matrix setup time        :	8 s
                        Solver setup             :	31 s
                        Degrees of freedom       :	3951752
                        Number of mesh cells     :	604973

                        Stimulation port         :	Zmin
                        Mode number              :	1
                        Accuracy                 :	4.81741e-05
                        Iterations               :	9
                        Solver time              :	22 s


                      ------------------------------------------------------------------------------
2026-08-10 17:44:48     Delta calculation        
2026-08-10 17:44:48     All S-Parameters         :	0.000131742
2026-08-10 17:44:48   

                      ------------------------------------------------------------------------------
2026-08-10 17:44:48   Mesh adaptation terminated because the desired accuracy limit is reached.

                      ------------------------------------------------------------------------------
2026-08-10 17:44:48     Total time               :	196 s	 (= 0 h, 03 m, 16 s)

                      ------------------------------------------------------------------------------
2026-08-10 17:44:48   

                      ------------------------------------------------------------------------------
2026-08-10 17:44:48     Calculation 57 (Frequency: 26.296 THz, Theta: 0, Phi: 0)


                      ------------------------------------------------------------------------------
2026-08-10 17:44:48   Running the PortModeSolver.

                      ------------------------------------------------------------------------------
2026-08-10 17:44:50   Adaptive mesh refinement pass 1

                      ------------------------------------------------------------------------------
2026-08-10 17:45:46     Matrix setup time        :	4 s
                        Solver setup             :	27 s
                        Degrees of freedom       :	3951752
                        Number of mesh cells     :	604973

                        Stimulation port         :	Zmin
                        Mode number              :	1
                        Accuracy                 :	4.48599e-05
                        Iterations               :	10
                        Solver time              :	24 s


                      ------------------------------------------------------------------------------
2026-08-10 17:45:48   The input reflection seems to be large at 26.296 THz, Theta: 0, Phi: 0.  More...

                      ------------------------------------------------------------------------------
2026-08-10 17:46:02   Adaptive mesh refinement pass 2

                      ------------------------------------------------------------------------------
2026-08-10 17:47:27     Matrix setup time        :	9 s
                        Solver setup             :	45 s
                        Degrees of freedom       :	3985514
                        Number of mesh cells     :	610212

                        Stimulation port         :	Zmin
                        Mode number              :	1
                        Accuracy                 :	4.46976e-05
                        Iterations               :	10
                        Solver time              :	29 s


                      ------------------------------------------------------------------------------
2026-08-10 17:47:28     Delta calculation        
2026-08-10 17:47:28     All S-Parameters         :	7.61199e-06
2026-08-10 17:47:28   

                      ------------------------------------------------------------------------------
2026-08-10 17:47:43   Adaptive mesh refinement pass 3

                      ------------------------------------------------------------------------------
2026-08-10 17:48:54     Matrix setup time        :	9 s
                        Solver setup             :	34 s
                        Degrees of freedom       :	4019308
                        Number of mesh cells     :	615456

                        Stimulation port         :	Zmin
                        Mode number              :	1
                        Accuracy                 :	4.41651e-05
                        Iterations               :	10
                        Solver time              :	26 s


                      ------------------------------------------------------------------------------
2026-08-10 17:48:55     Delta calculation        
2026-08-10 17:48:55     All S-Parameters         :	6.21899e-06
2026-08-10 17:48:55   

                      ------------------------------------------------------------------------------
2026-08-10 17:48:55   Mesh adaptation terminated because the desired accuracy limit is reached.

                      ------------------------------------------------------------------------------
2026-08-10 17:48:55     Total time               :	246 s	 (= 0 h, 04 m, 06 s)

                      ------------------------------------------------------------------------------
2026-08-10 17:48:55   

                      ------------------------------------------------------------------------------
2026-08-10 17:48:55     Calculation 58 (Frequency: 33.568 THz, Theta: 0, Phi: 0)


                      ------------------------------------------------------------------------------
2026-08-10 17:48:55   Running the PortModeSolver.

                      ------------------------------------------------------------------------------
2026-08-10 17:48:57   Adaptive mesh refinement pass 1

                      ------------------------------------------------------------------------------
2026-08-10 17:49:53     Matrix setup time        :	4 s
                        Solver setup             :	29 s
                        Degrees of freedom       :	4019308
                        Number of mesh cells     :	615456

                        Stimulation port         :	Zmin
                        Mode number              :	1
                        Accuracy                 :	9.36614e-05
                        Iterations               :	8
                        Solver time              :	21 s


                      ------------------------------------------------------------------------------
2026-08-10 17:50:09   Adaptive mesh refinement pass 2

                      ------------------------------------------------------------------------------
2026-08-10 17:51:14     Matrix setup time        :	9 s
                        Solver setup             :	31 s
                        Degrees of freedom       :	4053048
                        Number of mesh cells     :	620704

                        Stimulation port         :	Zmin
                        Mode number              :	1
                        Accuracy                 :	7.52814e-05
                        Iterations               :	9
                        Solver time              :	24 s


                      ------------------------------------------------------------------------------
2026-08-10 17:51:16     Delta calculation        
2026-08-10 17:51:16     All S-Parameters         :	2.6345e-05
2026-08-10 17:51:16   

                      ------------------------------------------------------------------------------
2026-08-10 17:51:30   Adaptive mesh refinement pass 3

                      ------------------------------------------------------------------------------
2026-08-10 17:52:47     Matrix setup time        :	9 s
                        Solver setup             :	40 s
                        Degrees of freedom       :	4086726
                        Number of mesh cells     :	625931

                        Stimulation port         :	Zmin
                        Mode number              :	1
                        Accuracy                 :	7.33062e-05
                        Iterations               :	9
                        Solver time              :	26 s


                      ------------------------------------------------------------------------------
2026-08-10 17:52:49     Delta calculation        
2026-08-10 17:52:49     All S-Parameters         :	1.33295e-05
2026-08-10 17:52:49   

                      ------------------------------------------------------------------------------
2026-08-10 17:52:49   Mesh adaptation terminated because the desired accuracy limit is reached.

                      ------------------------------------------------------------------------------
2026-08-10 17:52:49     Total time               :	233 s	 (= 0 h, 03 m, 53 s)

                      ------------------------------------------------------------------------------
2026-08-10 17:52:49   

                      ------------------------------------------------------------------------------
2026-08-10 17:52:50   Some adaptive mesh refinement samples will be recalculated because the mesh has changed significantly.

                      ------------------------------------------------------------------------------
2026-08-10 17:52:50     Calculation 1 (Frequency: 34 THz, Theta: 0, Phi: 0)


                      ------------------------------------------------------------------------------
2026-08-10 17:52:50   Running the PortModeSolver.

                      ------------------------------------------------------------------------------
2026-08-10 17:53:48     Matrix setup time        :	4 s
                        Solver setup             :	34 s
                        Degrees of freedom       :	4086726
                        Number of mesh cells     :	625931

                        Stimulation port         :	Zmin
                        Mode number              :	1
                        Accuracy                 :	7.10588e-05
                        Iterations               :	6
                        Solver time              :	17 s


                      ------------------------------------------------------------------------------
2026-08-10 17:53:49     Total time               :	57 s

                      ------------------------------------------------------------------------------
2026-08-10 17:53:49   

                      ------------------------------------------------------------------------------
2026-08-10 17:53:49     Calculation 2 (Frequency: 10 THz, Theta: 0, Phi: 0)


                      ------------------------------------------------------------------------------
2026-08-10 17:53:49   Running the PortModeSolver.

                      ------------------------------------------------------------------------------
2026-08-10 17:54:47     Matrix setup time        :	4 s
                        Solver setup             :	34 s
                        Degrees of freedom       :	4086726
                        Number of mesh cells     :	625931

                        Stimulation port         :	Zmin
                        Mode number              :	1
                        Accuracy                 :	5.4313e-05
                        Iterations               :	6
                        Solver time              :	17 s


                      ------------------------------------------------------------------------------
2026-08-10 17:54:47     Total time               :	58 s

                      ------------------------------------------------------------------------------
2026-08-10 17:54:47   

                      ------------------------------------------------------------------------------
2026-08-10 17:54:47   Finished the general purpose interpolative broadband frequency sweep:
                      All broadband sweep convergence criteria have been satisfied after
                      calculating 58 frequency samples:

                        Broadband sweep error threshold value :  0.01 (All S-Parameters) 
                        Number of error criterion checks      :  2 (All S-Parameters) 
                        Minimum number of samples             :  3
                        Number of data samples, linear        :  1001

                      ------------------------------------------------------------------------------
2026-08-10 17:54:47     Number of mesh cells     :	625931
                        Degrees of freedom       :	4052398
                        Total Solver Time        :	5562 s	 (= 1 h, 32 m, 42 s)
                        Free disk space          :	282 GB
                        Disk space delta         :	7 GB
                      ================================================================================



                      ------------------------------------------------------------------------------
2026-08-10 17:54:49     ----------------------------------------------------------------------------
                                            Peak memory used (GB)         Free physical memory (GB) 
                                                                          At begin     Minimum      
                        ----------------------------------------------------------------------------
                        Solver start        0.028                         38.744       38.743       
                        Eq. system setup    10.199                        38.689       24.944       
                        Eq. system solve    20.425                        38.622       14.409       
                        Mesh refinement     10.318                        38.573       24.716       
                        Field monitor calc. 9.751                         25.107       24.980       
                        Solver run total    20.425                        38.744       14.409       

                        Computer name       Hikari
                        ----------------------------------------------------------------------------


                      ------------------------------------------------------------------------------
2026-08-10 17:54:50   Running post-processing.

                      ------------------------------------------------------------------------------
2026-08-10 17:54:52   Post-processing finished.

                      ------------------------------------------------------------------------------
