f_THz,lam_um,Re_S11,Im_S11,Re_S21,Im_S21,absS11,absS21,absS11_cross,absS21_cross,R_total,T_total,A,R_higher,T_higher
10,29.9792458,-0.2560216653,0.4352472947,0.7421275422,0.4245411384,0.5049626726,0.8549786354,2.018531564e-06,1.861905243e-06,0.2549873007,0.7309884671,0.01402423222,0,0
10.024,29.90746788,-0.2576753402,0.4361322633,0.7404867376,0.4253860876,0.5065648349,0.8539753697,2.021647131e-06,1.865176147e-06,0.256607932,0.7292739321,0.01411813588,0,0
10.048,29.83603284,-0.2593325794,0.4370104813,0.7388372813,0.426227669,0.5081648821,0.8529657403,2.030263109e-06,1.873473533e-06,0.2582315475,0.7275505541,0.0142178984,0,0
10.072,29.76493824,-0.2609931486,0.4378819522,0.7371799574,0.4270655199,0.509762717,0.8519502614,2.046929927e-06,1.889147137e-06,0.2598580277,0.7258192478,0.01432272449,0,0
10.096,29.69418166,-0.2626567913,0.4387466725,0.7355155824,0.4278992827,0.5113582235,0.850929473,2.075970472e-06,1.916182706e-06,0.2614872327,0.724080968,0.01443179925,0,0
10.12,29.62376067,-0.2643232208,0.4396046297,0.7338450248,0.4287285992,0.5129512603,0.8499039547,2.125320519e-06,1.961905325e-06,0.2631189955,0.7223367323,0.01454427224,0,0
10.144,29.55367291,-0.2659921089,0.4404557996,0.7321692323,0.4295531015,0.5145416537,0.8488743439,2.211207514e-06,2.041329102e-06,0.2647531134,0.7205876518,0.01465923483,0,0
10.168,29.48391601,-0.267663072,0.4413001441,0.7304892694,0.4303724002,0.5161291866,0.8478413623,2.372264632e-06,2.190427354e-06,0.2663893373,0.7188349756,0.01477568709,0,0
10.192,29.41448764,-0.2693356524,0.4421376072,0.7288063734,0.4311860666,0.5177135862,0.8468058537,2.722695197e-06,2.518035772e-06,0.2680273573,0.7170801539,0.01489248875,0,0
10.216,29.34538547,-0.2710092925,0.4429681104,0.7271220357,0.4319936076,0.5192945055,0.8457688406,3.612889427e-06,3.426510189e-06,0.2696667835,0.7153249318,0.01500828471,0,0
10.24,29.27660723,-0.2726833006,0.4437915471,0.725438128,0.4327944244,0.5208715002,0.844731609,1.83738579e-06,1.880442295e-06,0.2713071197,0.7135714913,0.01512138896,0,0
10.264,29.20815062,-0.2743568022,0.4446077748,0.723757099,0.4335877483,0.5224439954,0.8436958421,5.959142677e-07,5.048698963e-07,0.2729477283,0.7118226739,0.01522959776,0,0
10.288,29.14001341,-0.2760286711,0.4454166049,0.7220822991,0.4343725309,0.5240112396,0.842663837,8.79224231e-07,7.884758042e-07,0.2745877792,0.7100823422,0.01532987853,0,0
10.312,29.07219337,-0.2776974293,0.4462177898,0.7204185355,0.4351472475,0.5255722388,0.8416388735,1.049433736e-06,9.537546e-07,0.2762261782,0.7083559933,0.01541782842,0,0
10.336,29.00468827,-0.279361097,0.447011005,0.7187730807,0.4359095251,0.5271256597,0.8406258713,1.140848851e-06,1.040802571e-06,0.2778614611,0.7066518555,0.01548668337,0,0
10.36,28.93749595,-0.2810169619,0.4477958253,0.7171576267,0.4366553746,0.5286696833,0.8396326445,1.192430149e-06,1.089091909e-06,0.279491634,0.7049829777,0.01552538829,0,0
10.384,28.87061421,-0.2826612122,0.4485716951,0.7155924162,0.4373774469,0.530201779,0.838672485,1.221744003e-06,1.115844816e-06,0.2811139265,0.7033715371,0.01551453638,0,0
10.408,28.80404093,-0.2842883281,0.4493378907,0.7141160048,0.4380605011,0.5317183404,0.8377700585,1.237453597e-06,1.129416874e-06,0.2827243935,0.7018586709,0.01541693561,0,0
10.432,28.73777396,-0.2858900261,0.4500934845,0.7128121588,0.4386672283,0.5332140769,0.8369767685,1.244272865e-06,1.134301783e-06,0.2843172518,0.700530111,0.01515263718,0,0
10.456,28.67181121,-0.287453318,0.4508373402,0.7119026781,0.4390792246,0.5346809491,0.8364185487,1.24498185e-06,1.133119738e-06,0.2858837174,0.6995959886,0.01452029402,0,0
10.48,28.60615057,-0.2889566886,0.4515682586,0.7122066492,0.4386860636,0.5361062022,0.8364710237,1.241332028e-06,1.127498651e-06,0.28740986,0.6996837735,0.01290636647,0,0
10.504,28.54078998,-0.2903618725,0.4522857239,0.7164617627,0.4261517247,0.5374685042,0.8336202672,1.234491272e-06,1.118503171e-06,0.288872393,0.6949227498,0.01620485715,0,0
10.528,28.47572739,-0.2915940283,0.4529931414,0.694407137,0.440904287,0.5387298614,0.8225556894,1.225279812e-06,1.106860325e-06,0.2902298635,0.6765978622,0.03317227432,0,0
10.552,28.41096077,-0.2924859865,0.4537130075,0.6976571993,0.4431877678,0.539818067,0.8265234209,1.214303851e-06,1.093086097e-06,0.2914035455,0.6831409653,0.02545548923,0,0
10.576,28.34648809,-0.2925840662,0.454577051,0.6973281204,0.4439981724,0.5405975685,0.8266806425,1.202035878e-06,1.077560567e-06,0.2922457311,0.6834008847,0.02435338422,0,0
10.6,28.28230736,-0.2902749688,0.4566881074,0.6962023509,0.4447082096,0.541131763,0.826113252,1.188865909e-06,1.060574927e-06,0.2928235849,0.6824631051,0.02471330997,0,0
10.624,28.2184166,-0.2886620896,0.4753137852,0.6947772909,0.4454048359,0.5561016061,0.8252884053,1.175136392e-06,1.042362596e-06,0.3092489963,0.6811009519,0.009650051811,0,0
10.648,28.15481386,-0.3112416399,0.4663886494,0.6932062536,0.4460988424,0.5607046734,0.8243416083,1.161167873e-06,1.023121184e-06,0.3143897307,0.6795390872,0.006071182064,0,0
10.672,28.09149719,-0.310356441,0.4615040209,0.691551697,0.446791129,0.5561538292,0.8233262188,1.147279689e-06,1.003029337e-06,0.3093070818,0.6778660625,0.01282685574,0,0
10.696,28.02846466,-0.3106433762,0.4607532043,0.6898437325,0.4474810486,0.5556913014,0.8222673921,1.133808396e-06,9.822610498e-07,0.3087928224,0.6761236641,0.01508351348,0,0
10.72,27.96571437,-0.3116248706,0.4608535971,0.6880986093,0.4481678368,0.5563237348,0.8211784861,1.121125903e-06,9.609993334e-07,0.3094960979,0.674334106,0.0161697961,0,0
10.744,27.90324442,-0.3129353214,0.461238021,0.6863258275,0.4488508596,0.5573769169,0.8200672141,1.109658878e-06,9.394508193e-07,0.3106690274,0.6725102357,0.01682073684,0,0
10.768,27.84105293,-0.3144240654,0.461745165,0.6845312792,0.4495296274,0.5586332341,0.8189383115,1.099910839e-06,9.17862844e-07,0.3120710903,0.6706599581,0.01726895161,0,0
10.792,27.77913807,-0.3160210924,0.462313736,0.6827187829,0.4502037661,0.5600029655,0.81779482,1.092488389e-06,8.965447062e-07,0.3136033214,0.6687883676,0.01760831104,0,0
10.816,27.71749797,-0.3176899889,0.4629157856,0.6808908958,0.4508729876,0.5614427429,0.8166387591,1.088133183e-06,8.758950493e-07,0.3152179536,0.6668988629,0.01788318352,0,0
10.84,27.65613081,-0.3194100978,0.4635368675,0.6790493706,0.4515370659,0.5629291591,0.8154715014,1.087761522e-06,8.56437593e-07,0.3168892381,0.6649937696,0.01811699231,0,0
10.864,27.59503479,-0.3211688962,0.4641687965,0.677195427,0.4521958199,0.5644485198,0.8142939923,1.092513938e-06,8.388675012e-07,0.3186021315,0.6630747059,0.0183231626,0,0
10.888,27.53420812,-0.3229583897,0.4648065957,0.6753299194,0.4528491009,0.5659923081,0.8131068861,1.10381801e-06,8.241100875e-07,0.3203472929,0.6611428082,0.01850989892,0,0
10.912,27.47364901,-0.324773264,0.4654470628,0.6734534451,0.4534967831,0.5675549676,0.8119106324,1.123469253e-06,8.133915387e-07,0.3221186413,0.6591988751,0.01868248365,0,0
10.936,27.41335571,-0.32660987,0.4660880392,0.6715664157,0.4541387578,0.5691327327,0.8107055335,1.153737763e-06,8.083167064e-07,0.3239120674,0.657243462,0.01884447055,0,0
10.96,27.35332646,-0.3284656377,0.4667280097,0.669669106,0.4547749277,0.5707229714,0.8094917828,1.197513401e-06,8.109405611e-07,0.3257247101,0.6552769463,0.01899834353,0,0
10.984,27.29355954,-0.3303387196,0.4673658729,0.6677616885,0.4554052037,0.5723237972,0.8082694923,1.258510386e-06,8.238074412e-07,0.3275545288,0.6532995722,0.01914589901,0,0
11.008,27.23405323,-0.3322277671,0.4680008023,0.6658442579,0.4560295021,0.5739338291,0.8070387119,1.341563133e-06,8.499179864e-07,0.3294000401,0.6513114825,0.01928847735,0,0
11.032,27.17480584,-0.3341317839,0.4686321588,0.6639168488,0.4566477424,0.5755520387,0.8057994432,1.453054077e-06,8.925709039e-07,0.3312601493,0.6493127427,0.01942710802,0,0
11.056,27.11581567,-0.3360500285,0.4692594348,0.6619794493,0.4572598457,0.5771776492,0.8045516502,1.601499198e-06,9.550107068e-07,0.3331340388,0.6473033579,0.01956260333,0,0
11.08,27.05708105,-0.3379819469,0.4698822158,0.6600320114,0.4578657336,0.5788100665,0.8032952671,1.798197763e-06,1.039767314e-06,0.3350210931,0.6452832861,0.01969562076,0,0
11.104,26.99860032,-0.3399271247,0.4705001553,0.6580744583,0.4584653268,0.5804488318,0.8020302043,2.057349922e-06,1.147467412e-06,0.3369208463,0.6432524486,0.01982670513,0,0
11.128,26.94037185,-0.3418852538,0.4711129566,0.6561066911,0.4590585446,0.5820935876,0.8007563534,2.393266337e-06,1.274799125e-06,0.3388329447,0.6412107374,0.01995631786,0,0
11.152,26.88239401,-0.343856107,0.4717203598,0.6541285933,0.4596453042,0.5837440537,0.7994735907,2.80708805e-06,1.411619227e-06,0.3407571202,0.6391580223,0.02008485754,0,0
11.176,26.82466518,-0.3458395198,0.4723221326,0.6521400353,0.4602255202,0.5854000089,0.7981817807,3.247280803e-06,1.53872618e-06,0.3426931704,0.637094155,0.0202126746,0,0
11.2,26.76718375,-0.3478353766,0.4729180634,0.6501408769,0.4607991041,0.5870612778,0.7968807779,3.553368975e-06,1.630456444e-06,0.344640944,0.6350189741,0.02034008191,0,0
11.224,26.70994815,-0.3498435998,0.4735079565,0.6481309707,0.4613659642,0.5887277208,0.7955704294,3.527054995e-06,1.665375067e-06,0.3466003292,0.6329323082,0.0204673626,0,0
11.248,26.65295679,-0.3518641419,0.4740916277,0.6461101641,0.4619260052,0.5903992258,0.7942505766,3.183496374e-06,1.638674782e-06,0.3485712458,0.6308339785,0.02059477571,0,0
11.272,26.59620813,-0.3538969787,0.4746689019,0.6440783009,0.4624791281,0.5920757029,0.7929210564,2.726062373e-06,1.563371567e-06,0.3505536379,0.6287238016,0.02072256045,0,0
11.296,26.5397006,-0.3559421045,0.4752396104,0.6420352235,0.4630252298,0.5937570791,0.7915817024,2.299670753e-06,1.459777769e-06,0.352547469,0.6266015916,0.02085093937,0,0
11.32,26.48343269,-0.357999528,0.4758035895,0.6399807737,0.4635642034,0.5954432952,0.7902323465,1.945939509e-06,1.345232433e-06,0.3545527178,0.6244671614,0.02098012074,0,0
11.344,26.42740286,-0.3600692688,0.476360679,0.6379147946,0.464095938,0.5971343022,0.7888728192,1.660926338e-06,1.230584914e-06,0.3565693748,0.6223203249,0.02111030028,0,0
11.368,26.37160961,-0.3621513552,0.476910721,0.635837131,0.4646203186,0.5988300593,0.7875029509,1.430385756e-06,1.121221955e-06,0.3585974399,0.6201608976,0.02124166252,0,0
11.392,26.31605144,-0.3642458216,0.4774535592,0.6337476305,0.4651372262,0.6005305319,0.7861225721,1.241011911e-06,1.019159428e-06,0.3606369198,0.6179886984,0.0213743818,0,0
11.416,26.26072687,-0.3663527069,0.4779890383,0.6316461448,0.4656465377,0.6022356903,0.7847315149,1.08261875e-06,9.246775793e-07,0.3626878266,0.6158035504,0.02150862297,0,0
11.44,26.20563444,-0.3684720531,0.4785170034,0.6295325298,0.4661481262,0.6039455078,0.7833296124,9.478912667e-07,8.373016002e-07,0.3647501764,0.6136052816,0.02164454199,0,0
11.464,26.15077268,-0.3706039038,0.4790372994,0.6274066463,0.4666418607,0.6056599604,0.7819167002,8.317338986e-07,7.563203209e-07,0.3668239877,0.611393726,0.02178228631,0,0
11.488,26.09614015,-0.3727483035,0.479549771,0.625268361,0.4671276067,0.6073790255,0.7804926164,7.307182983e-07,6.810436931e-07,0.3689092806,0.6091687242,0.02192199517,0,0
11.512,26.04173541,-0.3749052967,0.4800542624,0.6231175464,0.4676052258,0.6091026813,0.7790572019,6.427095912e-07,6.109310893e-07,0.3710060763,0.6069301238,0.02206379981,0,0
11.536,25.98755704,-0.3770749271,0.4805506168,0.6209540817,0.4680745761,0.6108309062,0.7776103011,5.666486567e-07,5.456668754e-07,0.373114396,0.6046777804,0.02220782364,0,0
11.56,25.93360363,-0.3792572368,0.4810386767,0.6187778528,0.4685355124,0.6125636785,0.7761517619,5.02442242e-07,4.852276603e-07,0.3752342602,0.6024115575,0.02235418235,0,0
11.584,25.87987379,-0.3814522663,0.4815182835,0.6165887527,0.468987886,0.6143009757,0.774681436,4.508815918e-07,4.299693129e-07,0.3773656888,0.6001313273,0.02250298399,0,0
11.608,25.82636613,-0.3836600537,0.4819892773,0.614386682,0.4694315453,0.6160427747,0.7731991792,4.134460118e-07,3.807495205e-07,0.3795087002,0.5978369707,0.02265432905,0,0
11.632,25.77307926,-0.3858806344,0.4824514974,0.6121715487,0.4698663353,0.6177890509,0.7717048517,3.917979748e-07,3.39072952e-07,0.3816633114,0.5955283781,0.02280831052,0,0
11.656,25.72001184,-0.3881140412,0.4829047817,0.6099432685,0.4702920988,0.6195397785,0.7701983179,3.869309447e-07,3.07162963e-07,0.3838295371,0.5932054489,0.02296501393,0,0
11.68,25.6671625,-0.3903603035,0.4833489669,0.6077017651,0.4707086752,0.6212949302,0.768679447,3.983972218e-07,2.877062413e-07,0.3860073903,0.5908680923,0.02312451742,0,0
11.704,25.6145299,-0.3926194477,0.4837838884,0.6054469701,0.4711159021,0.6230544771,0.7671481127,4.242680688e-07,2.829780721e-07,0.3881968814,0.5885162268,0.02328689181,0,0
11.728,25.56211272,-0.3948914965,0.4842093808,0.603178823,0.4715136142,0.6248183884,0.7656041934,4.618499304e-07,2.936280318e-07,0.3903980185,0.5861497809,0.02345220065,0,0
11.752,25.50990963,-0.3971764696,0.484625277,0.6008972712,0.4719016445,0.6265866318,0.7640475722,5.085009655e-07,3.182395341e-07,0.3926108071,0.5837686925,0.02362050034,0,0
11.776,25.45791933,-0.3994743828,0.4850314091,0.5986022701,0.4722798235,0.628359173,0.7624781371,5.620718237e-07,3.541679441e-07,0.3948352503,0.5813729095,0.02379184022,0,0
11.8,25.40614051,-0.4017852485,0.4854276079,0.5962937831,0.4726479802,0.6301359761,0.7608957806,6.209859773e-07,3.987072069e-07,0.3970713484,0.5789623889,0.02396626269,0,0
11.824,25.35457189,-0.4041090756,0.4858137031,0.593971781,0.4730059418,0.6319170033,0.7593004001,6.841510411e-07,4.497057034e-07,0.3993190991,0.5765370976,0.02414380334,0,0
11.848,25.30321219,-0.4064458696,0.4861895233,0.5916362423,0.4733535341,0.6337022151,0.7576918974,7.508348356e-07,5.056510151e-07,0.4015784975,0.5740970114,0.02432449115,0,0
11.872,25.25206014,-0.4087956326,0.486554896,0.589287153,0.4736905811,0.6354915704,0.7560701788,8.205590487e-07,5.655415993e-07,0.4038495361,0.5716421153,0.0245083486,0,0
11.896,25.20111449,-0.4111583633,0.4869096479,0.5869245062,0.4740169061,0.6372850264,0.754435155,8.930210169e-07,6.287348117e-07,0.4061322049,0.5691724032,0.02469539193,0,0
11.92,25.15037399,-0.4135340574,0.4872536042,0.584548302,0.4743323307,0.6390825388,0.7527867409,9.680397115e-07,6.948289728e-07,0.4084264914,0.5666878773,0.02488563134,0,0
11.944,25.09983741,-0.4159227073,0.4875865893,0.5821585473,0.4746366759,0.6408840617,0.7511248553,1.04551939e-06,7.635830281e-07,0.4107323805,0.5641885482,0.02507907121,0,0
11.968,25.04950351,-0.4183243028,0.4879084268,0.5797552552,0.4749297616,0.6426895481,0.7494494208,1.125425345e-06,8.348643188e-07,0.4130498553,0.5616744343,0.02527571041,0,0
11.992,24.99937108,-0.4207388309,0.488218939,0.577338445,0.4752114068,0.6444989497,0.7477603635,1.207767753e-06,9.086150826e-07,0.4153788962,0.5591455613,0.02547554254,0,0
12.016,24.94943891,-0.423166276,0.4885179471,0.5749081418,0.4754814301,0.646312217,0.746057613,1.292590916e-06,9.848309685e-07,0.4177194818,0.5566019619,0.02567855629,0,0
12.04,24.89970581,-0.4256066204,0.4888052715,0.5724643761,0.475739649,0.6481292995,0.7443411016,1.379966108e-06,1.063547201e-06,0.4200715888,0.5540436755,0.0258847357,0,0
12.064,24.85017059,-0.4280598443,0.4890807314,0.5700071832,0.4759858805,0.6499501458,0.7426107644,1.469986888e-06,1.144829652e-06,0.4224351921,0.5514707473,0.02609406057,0,0
12.088,24.80083206,-0.4305259259,0.4893441448,0.567536603,0.4762199413,0.6517747041,0.7408665388,1.562766092e-06,1.228769119e-06,0.4248102649,0.5488832283,0.02630650681,0,0
12.112,24.75168907,-0.4330048423,0.4895953286,0.5650526797,0.4764416471,0.6536029217,0.7391083641,1.658434031e-06,1.315477732e-06,0.4271967792,0.546281174,0.02652204682,0,0
12.136,24.70274044,-0.435496569,0.4898340984,0.562555461,0.4766508132,0.6554347455,0.7373361814,1.757137551e-06,1.405086831e-06,0.4295947056,0.5436646445,0.02674064992,0,0
12.16,24.65398503,-0.4380010808,0.4900602687,0.5600449978,0.4768472543,0.6572701223,0.7355499327,1.859039749e-06,1.497745875e-06,0.4320040137,0.5410337035,0.0269622828,0,0
12.184,24.6054217,-0.4405183516,0.4902736522,0.5575213437,0.4770307844,0.6591089987,0.7337495607,1.964320209e-06,1.593622115e-06,0.4344246722,0.5383884179,0.02718690991,0,0
12.208,24.55704931,-0.4430483555,0.4904740604,0.5549845543,0.4772012166,0.6609513214,0.7319350085,2.073175655e-06,1.692900869e-06,0.4368566493,0.5357288567,0.02741449403,0,0
12.232,24.50886674,-0.4455910664,0.4906613031,0.5524346869,0.4773583635,0.6627970374,0.7301062187,2.185820992e-06,1.795786275e-06,0.4392999128,0.5330550905,0.02764499668,0,0
12.256,24.46087288,-0.4481464586,0.4908351881,0.5498717999,0.4775020364,0.6646460939,0.7282631332,2.302490682e-06,1.902502486e-06,0.4417544302,0.5303671911,0.02787837869,0,0
12.28,24.41306661,-0.4507145075,0.4909955213,0.5472959519,0.4776320457,0.666498439,0.7264056925,2.423440474e-06,2.013295254e-06,0.4442201692,0.52766523,0.02811460074,0,0
12.304,24.36544685,-0.4532951896,0.4911421067,0.5447072014,0.4777482004,0.6683540213,0.7245338351,2.548949485e-06,2.128433926e-06,0.4466970978,0.5249492783,0.02835362387,0,0
12.328,24.31801249,-0.4558884833,0.4912747454,0.5421056062,0.477850308,0.6702127906,0.7226474972,2.679322661e-06,2.248213839e-06,0.4491851847,0.5222194052,0.02859541013,0,0
12.352,24.27076247,-0.4584943689,0.4913932365,0.5394912225,0.4779381743,0.6720746976,0.7207466113,2.814893656e-06,2.372959182e-06,0.4516843992,0.5194756777,0.02883992313,0,0
12.376,24.2236957,-0.4611128297,0.4914973756,0.5368641045,0.4780116031,0.6739396946,0.7188311063,2.956028191e-06,2.503026349e-06,0.454194712,0.5167181593,0.02908712872,0,0
12.4,24.17681113,-0.4637438518,0.4915869555,0.5342243033,0.4780703956,0.6758077352,0.7169009063,3.103127946e-06,2.638807868e-06,0.456716095,0.5139469094,0.02933699561,0,0
12.424,24.13010769,-0.4663874252,0.4916617654,0.5315718668,0.4781143507,0.6776787749,0.7149559301,3.256635096e-06,2.780736989e-06,0.459248522,0.5111619819,0.02958949607,0,0
12.448,24.08358435,-0.469043544,0.4917215906,0.5289068384,0.4781432639,0.6795527712,0.7129960901,3.417037572e-06,2.929293048e-06,0.4617919688,0.5083634246,0.02984460664,0,0
12.472,24.03724006,-0.471712207,0.4917662119,0.5262292566,0.4781569273,0.6814296834,0.711021292,3.584875209e-06,3.085007752e-06,0.4643464134,0.5055512777,0.0301023089,0,0
12.496,23.99107378,-0.4743934187,0.4917954056,0.523539154,0.478155129,0.6833094735,0.7090314331,3.76074692e-06,3.24847255e-06,0.4669118366,0.5027255732,0.03036259023,0,0
12.52,23.9450845,-0.4770871892,0.4918089426,0.5208365565,0.4781376524,0.685192106,0.7070264021,3.945319129e-06,3.420347313e-06,0.4694882221,0.4998863333,0.03062544462,0,0
12.544,23.89927121,-0.4797935356,0.4918065882,0.5181214828,0.4781042758,0.687077548,0.7050060776,4.139335682e-06,3.601370604e-06,0.4720755569,0.4970335695,0.03089087359,0,0
12.568,23.85363288,-0.4825124823,0.491788101,0.5153939428,0.4780547718,0.6889657697,0.7029703273,4.343629586e-06,3.792371862e-06,0.4746738318,0.4941672811,0.03115888705,0,0
12.592,23.80816852,-0.4852440619,0.4917532327,0.5126539376,0.4779889062,0.6908567445,0.7009190069,4.559136947e-06,3.994285938e-06,0.4772830415,0.4912874542,0.03142950431,0,0
12.616,23.76287714,-0.4879883159,0.4917017273,0.5099014577,0.4779064377,0.6927504494,0.6988519584,4.786913603e-06,4.208170522e-06,0.4799031851,0.4883940598,0.03170275508,0,0
12.64,23.71775775,-0.4907452958,0.49163332,0.5071364825,0.4778071167,0.6946468647,0.6967690096,5.028155096e-06,4.435227144e-06,0.4825342666,0.4854870528,0.03197868061,0,0
12.664,23.67280938,-0.4935150635,0.4915477365,0.5043589793,0.4776906844,0.6965459749,0.694669972,5.284220757e-06,4.676826632e-06,0.4851762951,0.48256637,0.03225733485,0,0
12.688,23.62803105,-0.4962976927,0.4914446921,0.5015689018,0.4775568718,0.6984477684,0.6925546397,5.556662946e-06,4.93454016e-06,0.4878292852,0.479631929,0.03253878574,0,0
12.712,23.58342181,-0.4990932701,0.4913238905,0.4987661891,0.4774053983,0.7003522383,0.6904227877,5.847262747e-06,5.210177366e-06,0.4904932577,0.4766836257,0.0328231166,0,0
12.736,23.53898068,-0.5019018958,0.4911850225,0.4959507648,0.4772359708,0.7022593818,0.6882741699,6.158073858e-06,5.505833468e-06,0.4931682394,0.473721333,0.03311042761,0,0
12.76,23.49470674,-0.5047236853,0.4910277649,0.4931225352,0.4770482819,0.7041692016,0.6861085177,6.491476904e-06,5.823947936e-06,0.4958542645,0.4707448981,0.03340083748,0,0
12.784,23.45059903,-0.5075587702,0.4908517787,0.4902813881,0.4768420087,0.7060817048,0.6839255375,6.85024717e-06,6.167378141e-06,0.4985513739,0.4677541408,0.03369448523,0,0
12.808,23.40665662,-0.5104073001,0.4906567076,0.4874271913,0.4766168107,0.7079969045,0.6817249086,7.237639729e-06,6.539492568e-06,0.5012596168,0.464748851,0.03399153221,0,0
12.832,23.36287858,-0.5132694436,0.4904421762,0.4845597909,0.4763723277,0.7099148188,0.6795062808,7.657497323e-06,6.944289858e-06,0.50397905,0.4617287857,0.03429216429,0,0
12.856,23.319264,-0.5161453906,0.4902077878,0.4816790099,0.4761081784,0.7118354722,0.6772692715,8.114388302e-06,7.386552306e-06,0.5067097395,0.4586936662,0.03459659434,0,0
12.88,23.27581196,-0.5190353536,0.4899531219,0.4787846455,0.4758239572,0.7137588948,0.6750134628,8.61378466e-06,7.872045789e-06,0.50945176,0.4556431751,0.03490506492,0,0
12.904,23.23252154,-0.52193957,0.489677732,0.475876468,0.4755192316,0.7156851235,0.6727383982,9.162294115e-06,8.407783031e-06,0.512205196,0.4525769525,0.03521785146,0,0
12.928,23.18939186,-0.5248583041,0.4893811423,0.4729542179,0.4751935396,0.7176142012,0.6704435788,9.76796584e-06,9.002374283e-06,0.5149701419,0.4494945924,0.0355352657,0,0
12.952,23.14642202,-0.5277918497,0.4890628444,0.4700176035,0.4748463859,0.7195461781,0.668128459,1.044069765e-05,9.666500143e-06,0.5177467025,0.4463956379,0.03585765962,0,0
12.976,23.10361113,-0.5307405328,0.4887222936,0.4670662983,0.4744772378,0.7214811109,0.6657924423,1.119278451e-05,1.041355727e-05,0.5205349936,0.4432795764,0.03618543002,0,0
13,23.06095831,-0.5337047145,0.4883589044,0.4640999383,0.4740855215,0.7234190637,0.6634348758,1.20396661e-05,1.126055187e-05,0.5233351419,0.4401458345,0.03651902362,0,0
13.024,23.01846268,-0.536684794,0.4879720457,0.4611181178,0.4736706161,0.7253601075,0.661055044,1.30009571e-05,1.222935237e-05,0.5261472857,0.4369937713,0.03685894297,0,0
13.048,22.97612339,-0.5396812131,0.4875610352,0.4581203868,0.4732318488,0.7273043206,0.6586521628,1.410188212e-05,1.334846785e-05,0.528971575,0.4338226717,0.03720575329,0,0
13.072,22.93393957,-0.5426944593,0.4871251326,0.4551062459,0.4727684879,0.7292517885,0.6562253715,1.537529017e-05,1.465559881e-05,0.5318081712,0.4306317384,0.03756009038,0,0
13.096,22.89191035,-0.545725071,0.4866635327,0.4520751425,0.472279735,0.7312026033,0.6537737243,1.686449058e-05,1.620131517e-05,0.5346572474,0.4274200828,0.03792266975,0,0
13.12,22.85003491,-0.5487736423,0.4861753561,0.4490264653,0.4717647168,0.7331568641,0.6512961804,1.862721226e-05,1.805432667e-05,0.5375189878,0.4241867149,0.03829429736,0,0
13.144,22.80831239,-0.5518408292,0.4856596397,0.4459595385,0.4712224747,0.7351146757,0.6487915926,2.074094893e-05,2.030878804e-05,0.5403935869,0.420930531,0.03867588214,0,0
13.168,22.76674195,-0.5549273554,0.4851153247,0.4428736156,0.4706519529,0.737076148,0.6462586945,2.330948676e-05,2.309338486e-05,0.5432812485,0.4176503007,0.03906845077,0,0
13.192,22.72532277,-0.5580340199,0.484541243,0.4397678721,0.4700519851,0.739041395,0.6436960851,2.646843221e-05,2.657862851e-05,0.5461821842,0.4143446507,0.03947316512,0,0
13.216,22.68405403,-0.5611617051,0.4839361014,0.4366413972,0.4694212778,0.7410105326,0.6411022116,3.038066705e-05,3.09662947e-05,0.5490966104,0.4110120467,0.03989134293,0,0
13.24,22.64293489,-0.564311386,0.4832984622,0.4334931848,0.4687583916,0.7429836768,0.6384753488,3.51912689e-05,3.640414397e-05,0.5520247452,0.4076507723,0.04032448251,0,0
13.264,22.60196457,-0.5674841405,0.4826267212,0.4303221231,0.4680617189,0.7449609398,0.6358135752,4.085687118e-05,4.266917226e-05,0.5549668035,0.4042589042,0.04077429235,0,0
13.288,22.56114223,-0.570681161,0.481919081,0.4271269831,0.4673294564,0.7469424262,0.6331147452,4.66984958e-05,4.843098161e-05,0.5579229903,0.4008342829,0.0412427268,0,0
13.312,22.5204671,-0.5739037675,0.4811735186,0.4239064051,0.4665595738,0.7489282271,0.6303764559,5.08145521e-05,5.087958344e-05,0.5608934919,0.3973744788,0.04173202933,0,0
13.336,22.47993836,-0.5771534225,0.4803877476,0.4206588841,0.4657497748,0.7509184118,0.6275960082,5.079091952e-05,4.818204158e-05,0.5638784637,0.3938767518,0.04224478447,0,0
13.36,22.43955524,-0.5804317472,0.4795591719,0.4173827537,0.4648974507,0.7529130178,0.62477036,4.645329852e-05,4.215345794e-05,0.5668780146,0.3903380045,0.04278398096,0,0
13.384,22.39931695,-0.5837405401,0.4786848287,0.4140761668,0.4639996241,0.7549120369,0.6218960709,4.015897408e-05,3.564427386e-05,0.569892185,0.3867547243,0.04335309067,0,0
13.408,22.3592227,-0.5870817975,0.4777613208,0.4107370758,0.4630528797,0.756915396,0.6189692358,3.39966243e-05,3.000785713e-05,0.5729209178,0.3831229157,0.04395616647,0,0
13.432,22.31927174,-0.5904577354,0.4767847313,0.4073632102,0.4620532795,0.7589229324,0.6159854041,2.875541416e-05,2.546042111e-05,0.5759640181,0.3794380188,0.0445979631,0,0
13.456,22.27946329,-0.5938708137,0.4757505197,0.4039520519,0.4609962581,0.7609343601,0.6129394833,2.449392419e-05,2.183985501e-05,0.5790211009,0.3756948107,0.04528408834,0,0
13.48,22.23979659,-0.5973237614,0.4746533918,0.4005008103,0.4598764921,0.7629492239,0.6098256202,2.104908671e-05,1.893229544e-05,0.5820915187,0.3718872874,0.04602119391,0,0
13.504,22.20027088,-0.6008196019,0.4734871369,0.3970063968,0.4586877363,0.7649668378,0.6066370567,1.823657179e-05,1.655865579e-05,0.5851742632,0.3680085188,0.04681721792,0,0
13.528,22.16088542,-0.6043616768,0.4722444227,0.3934654006,0.4574226181,0.7669862001,0.6033659528,1.590349944e-05,1.458429088e-05,0.5882678314,0.3640504732,0.04768169538,0,0
13.552,22.12163946,-0.6079536642,0.4709165341,0.3898740698,0.4560723745,0.7690058776,0.6000031676,1.393337023e-05,1.291072437e-05,0.59137004,0.3600038013,0.0486261587,0,0
13.576,22.08253226,-0.6115995868,0.4694930391,0.3862283036,0.4546265169,0.7710238442,0.5965379891,1.223938142e-05,1.146586316e-05,0.5944777685,0.3558575726,0.0496646589,0,0
13.6,22.04356309,-0.6153038008,0.4679613582,0.3825236632,0.4530723973,0.7730372566,0.5929577979,1.075675325e-05,1.019623066e-05,0.5975866001,0.3515989502,0.05081444966,0,0
13.624,22.00473121,-0.6190709487,0.4663062029,0.3787554185,0.4513946444,0.7750421372,0.5892476491,9.436529177e-06,9.061387096e-06,0.6006903145,0.3472127921,0.05209689345,0,0
13.648,21.9660359,-0.6229058533,0.4645088412,0.3749186548,0.4495744248,0.7770329244,0.5853897515,8.241027073e-06,8.030029009e-06,0.6037801656,0.3426811612,0.05353867315,0,0
13.672,21.92747645,-0.626813309,0.4625461264,0.3710084826,0.4475884658,0.779001825,0.5813628204,7.140612596e-06,7.077259629e-06,0.6068438433,0.337982729,0.05517342766,0,0
13.696,21.88905213,-0.6307977021,0.460389205,0.3670204195,0.4454077562,0.7809378727,0.5771412805,6.111456906e-06,6.182648263e-06,0.6098639611,0.3330920577,0.05704398122,0,0
13.72,21.85076224,-0.6348623424,0.4580017877,0.3629510632,0.4429958061,0.7828255433,0.5726942976,5.134070526e-06,5.328815949e-06,0.6128158313,0.3279787585,0.05920541018,0,0
13.744,21.81260608,-0.639008307,0.4553378247,0.3587992559,0.4403063087,0.78464269,0.5679846402,4.192642059e-06,4.500378787e-06,0.615664151,0.3226065515,0.0617292975,0,0
13.768,21.77458295,-0.6432324561,0.4523383808,0.3545680844,0.4372799968,0.7863574273,0.5629674254,3.275832884e-06,3.683171819e-06,0.6183580034,0.3169323221,0.06470967448,0,0
13.792,21.73669214,-0.6475240305,0.4489274589,0.3502683107,0.4338404427,0.7879233678,0.5575889339,2.382217747e-06,2.863856233e-06,0.6208232335,0.3109054192,0.06827134729,0,0
13.816,21.69893298,-0.6518587988,0.4450065204,0.3459242735,0.4298885515,0.7892722577,0.5517859818,1.548376832e-06,2.030782088e-06,0.6229506968,0.3044677697,0.07258153349,0,0
13.84,21.66130477,-0.6561889505,0.4404476044,0.341584082,0.4252956548,0.7903024933,0.5454870109,1.014423274e-06,1.183015987e-06,0.624578031,0.2975560791,0.07786588994,0,0
13.864,21.62380684,-0.6604255859,0.43508555,0.3373372734,0.4198957283,0.79086117,0.538617544,1.371027462e-06,4.743688712e-07,0.6254613903,0.2901088587,0.08442975106,0,0
13.888,21.58643851,-0.6644084568,0.428711631,0.3333453166,0.4134790916,0.7907162955,0.5311158624,2.347638703e-06,9.909728844e-07,0.62523226,0.2820840592,0.09268368077,0,0
13.912,21.54919911,-0.6678545008,0.4210757421,0.3298934466,0.4057948467,0.7895153037,0.5229714559,3.587601199e-06,2.082666726e-06,0.6233344149,0.2734991437,0.1031664414,0,0
13.936,21.51208797,-0.6702742694,0.4119161437,0.3274746799,0.396581319,0.7867289913,0.5143115871,5.053063451e-06,3.381299145e-06,0.6189425057,0.2645164086,0.1165410857,0,0
13.96,21.47510444,-0.6708517364,0.4010617725,0.3269101456,0.3856699426,0.7815961858,0.505580407,6.794399786e-06,4.924622649e-06,0.6108925977,0.2556115479,0.1334958544,0,0
13.984,21.43824785,-0.6683263401,0.3886960106,0.3294655671,0.3732517953,0.7731394994,0.4978598825,8.912393614e-06,6.809188997e-06,0.5977446856,0.2478644626,0.1543908518,0,0
14.008,21.40151756,-0.6610616971,0.3758902774,0.3367766642,0.3604135384,0.7604578016,0.4932711629,1.157316202e-05,9.19605626e-06,0.5782960682,0.2433164403,0.1783874915,0,0
14.032,21.36491291,-0.647762026,0.3652957399,0.350121413,0.349823384,0.7436643194,0.4949357572,1.50543192e-05,1.236048717e-05,0.5530366202,0.2449614039,0.2020019759,0,0
14.056,21.32843327,-0.6292348134,0.3610548855,0.3686552584,0.3456186602,0.7254633559,0.5053305431,1.9845444e-05,1.680679937e-05,0.5262970812,0.2553589581,0.2183439607,0,0
14.08,21.29207798,-0.6099019363,0.3663868637,0.3879362775,0.3509719954,0.7114911846,0.523140418,2.687062644e-05,2.354704515e-05,0.5062197065,0.2736758975,0.220104396,0,0
14.104,21.25584643,-0.5958163759,0.3801409976,0.4019490313,0.3646880532,0.706756204,0.542734189,3.79750202e-05,3.482330333e-05,0.4995043333,0.2945604011,0.2059352656,0,0
14.128,21.21973797,-0.5900722775,0.3972881244,0.4076535131,0.3817514596,0.7113530393,0.558494014,5.649714456e-05,5.555234168e-05,0.5060231497,0.3119155667,0.1820612836,0,0
14.152,21.18375198,-0.5915363753,0.4131103554,0.4061942748,0.3974877381,0.7215091469,0.5683223477,8.127318902e-05,8.465768707e-05,0.5205754557,0.322990298,0.1564342463,0,0
14.176,21.14788784,-0.5973653793,0.4255054495,0.4003943311,0.4098185448,0.7334168555,0.5729457741,8.216426348e-05,7.617788003e-05,0.5379002907,0.3282668659,0.1338328434,0,0
14.2,21.11214493,-0.6051701305,0.434359481,0.3926227937,0.4186308795,0.744915462,0.5739376894,6.152797094e-05,5.271546892e-05,0.5548990493,0.3294044741,0.1156964766,0,0
14.224,21.07652264,-0.6135306771,0.4403305864,0.3842896756,0.424575515,0.7551893253,0.5726630097,4.598799081e-05,3.88907791e-05,0.5703109192,0.3279429242,0.1017461567,0,0
14.248,21.04102035,-0.6217536492,0.44416629,0.3760855966,0.4283928903,0.7641081686,0.5700533699,3.637531093e-05,3.088047114e-05,0.5838612947,0.3249608454,0.09117785984,0,0
14.272,21.00563747,-0.6295565175,0.4464766968,0.3682935294,0.4306883793,0.7718049297,0.5666856305,3.015138648e-05,2.579190507e-05,0.5956828504,0.3211326045,0.08318454508,0,0
14.296,20.97037339,-0.6368591783,0.4477070021,0.3609949832,0.4319044655,0.77848004,0.5629021631,2.58522944e-05,2.229693168e-05,0.6060311734,0.3168588458,0.07710998081,0,0
14.32,20.93522751,-0.6436716884,0.4481684171,0.3541813556,0.4323509495,0.7843265727,0.5589022958,2.271633132e-05,1.975105055e-05,0.6151681731,0.3123717766,0.07246005027,0,0
14.344,20.90019925,-0.650039219,0.4480755745,0.3478086961,0.4322418016,0.7895078889,0.5548007427,2.032802454e-05,1.781229348e-05,0.623322707,0.3078038645,0.06887342849,0,0
14.368,20.865288,-0.6560166656,0.4475765582,0.341823058,0.4317248487,0.7941553003,0.5506626444,1.844613947e-05,1.628450943e-05,0.6306826414,0.3032293482,0.06608801037,0,0
14.392,20.83049319,-0.6616577,0.4467742667,0.3361714863,0.430902942,0.7983721923,0.5465241199,1.692242613e-05,1.504782508e-05,0.6373981577,0.2986886138,0.06391322849,0,0
14.416,20.79581423,-0.6670105953,0.4457409334,0.330806246,0.429848371,0.8022394368,0.5424042722,1.566128159e-05,1.402513233e-05,0.6435881142,0.2942023947,0.06220949117,0,0
14.44,20.76125055,-0.672117115,0.4445278455,0.3256859806,0.4286125261,0.8058203408,0.5383122286,1.459852168e-05,1.316472244e-05,0.6493464219,0.2897800557,0.06087352244,0,0
14.464,20.72680158,-0.6770127071,0.44317184,0.3207755548,0.4272323645,0.8091646837,0.5342512983,1.368958564e-05,1.243071807e-05,0.6547474855,0.2854244499,0.05982806452,0,0
14.488,20.69246673,-0.6817271883,0.4416996696,0.3160453973,0.4257347618,0.8123118597,0.5302214449,1.290266102e-05,1.179752225e-05,0.6598505575,0.2811347807,0.05901466173,0,0
14.512,20.65824545,-0.686285551,0.440130964,0.3114707142,0.4241394674,0.8152932742,0.5262207651,1.221450692e-05,1.124645461e-05,0.6647031231,0.2769082937,0.05838858312,0,0
14.536,20.62413718,-0.6907087366,0.4384802626,0.3070307288,0.4224611329,0.8181341574,0.522246376,1.16078244e-05,1.076363624e-05,0.6693434996,0.2727412773,0.05791522304,0,0
14.56,20.59014135,-0.6950143191,0.4367584232,0.3027080088,0.4207107216,0.8208549348,0.5182949449,1.106954971e-05,1.033861757e-05,0.6738028242,0.26862965,0.05756752586,0,0
14.584,20.55625741,-0.6992170844,0.4349736133,0.2984878932,0.4188964994,0.8234722676,0.5143630037,1.058971748e-05,9.963464571e-06,0.6781065755,0.2645692997,0.05732412476,0,0
14.608,20.5224848,-0.703329512,0.4331320127,0.2943580165,0.4170247383,0.8259998444,0.5104471317,1.016068714e-05,9.63213687e-06,0.682275743,0.2605562744,0.05716798265,0,0
14.632,20.48882299,-0.7073621706,0.4312383195,0.2903079161,0.4151002235,0.8284489897,0.506544057,9.776607797e-06,9.340057439e-06,0.6863277287,0.2565868818,0.0570853895,0,0
14.656,20.45527142,-0.711324042,0.4292961171,0.2863287111,0.413126621,0.8308291334,0.5026507095,9.433043747e-06,9.083811483e-06,0.690277049,0.2526577358,0.05706521517,0,0
14.68,20.42182956,-0.7152227851,0.4273081439,0.2824128402,0.4111067478,0.8331481755,0.4987642433,9.126711204e-06,8.860934837e-06,0.6941358823,0.2487657705,0.05709834718,0,0
14.704,20.38849687,-0.7190649521,0.4252764929,0.2785538469,0.4090427726,0.8354127726,0.494882042,8.855294007e-06,8.669766141e-06,0.6979145007,0.2449082355,0.05717726372,0,0
14.728,20.35527281,-0.7228561646,0.4232027607,0.2747462039,0.4069363652,0.8376285641,0.4910017127,8.617316967e-06,8.509345888e-06,0.7016216115,0.241082682,0.05729570656,0,0
14.752,20.32215686,-0.7266012594,0.4210881613,0.2709851682,0.4047888098,0.8398003511,0.4871210752,8.412062515e-06,8.379351242e-06,0.7052646298,0.237286942,0.05744842819,0,0
14.776,20.28914848,-0.7303044074,0.4189336106,0.2672666624,0.402601091,0.8419322404,0.4832381476,8.239520979e-06,8.280059431e-06,0.7088498976,0.2335191074,0.05763099507,0,0
14.8,20.25624716,-0.7339692124,0.4167397932,0.2635871763,0.4003739593,0.8440277602,0.479351131,8.100368043e-06,8.212335483e-06,0.71238286,0.2297775069,0.0578396331,0,0
14.824,20.22345237,-0.737598793,0.4145072131,0.2599436846,0.3981079826,0.8460899534,0.4754583946,7.995965396e-06,8.177642319e-06,0.7158682092,0.226060685,0.05807110572,0,0
14.848,20.1907636,-0.7411958512,0.4122362328,0.2563335786,0.3958035852,0.8481214545,0.4715584604,7.928382718e-06,8.178073438e-06,0.7193100016,0.2223673816,0.05832261677,0,0
14.872,20.15818034,-0.7447627288,0.4099271051,0.2527546097,0.3934610786,0.8501245519,0.4676499899,7.900441393e-06,8.216410649e-06,0.7227117538,0.2186965131,0.05859173304,0,0
14.896,20.12570207,-0.7483014557,0.4075799972,0.2492048404,0.391080686,0.8521012397,0.463731771,7.915783149e-06,8.296212094e-06,0.7260765227,0.2150471555,0.05887632178,0,0
14.92,20.09332828,-0.7518137898,0.4051950103,0.2456826041,0.3886625613,0.85405326,0.4598027061,7.978970635e-06,8.421939354e-06,0.729406971,0.2114185286,0.05917450038,0,0
14.944,20.06105849,-0.7553012517,0.4027721952,0.2421864707,0.3862068043,0.8559821389,0.4558618018,8.095632413e-06,8.599137454e-06,0.7327054221,0.2078099824,0.0594845955,0,0
14.968,20.02889217,-0.7587651528,0.4003115649,0.238715217,0.3837134727,0.8578892155,0.4519081587,8.272672529e-06,8.83468869e-06,0.7359739062,0.204220984,0.05980510982,0,0
14.992,19.99682884,-0.7622066202,0.3978131047,0.2352678017,0.3811825915,0.8597756674,0.4479409633,8.518576e-06,9.137171833e-06,0.7392141983,0.2006511067,0.06013469505,0,0
15.016,19.96486801,-0.7656266176,0.3952767804,0.231843344,0.3786141613,0.8616425307,0.4439594794,8.843857751e-06,9.517374529e-06,0.7424278508,0.1971000194,0.06047212982,0,0
15.04,19.93300918,-0.7690259627,0.3927025452,0.2284411051,0.3760081637,0.8634907182,0.4399630413,9.261727237e-06,9.989032494e-06,0.7456162204,0.1935674778,0.06081630178,0,0
15.064,19.90125186,-0.7724053429,0.3900903449,0.2250604718,0.3733645669,0.8653210335,0.4359510475,9.78908027e-06,1.056991139e-05,0.748780491,0.1900533159,0.06116619306,0,0
15.088,19.86959557,-0.7757653278,0.3874401228,0.2217009431,0.370683329,0.8671341837,0.4319229544,1.044799581e-05,1.128341919e-05,0.7519216927,0.1865574387,0.0615208686,0,0
15.112,19.83803984,-0.7791063806,0.384751823,0.2183621178,0.3679644016,0.8689307898,0.4278782717,1.126803225e-05,1.216106323e-05,0.7550407177,0.1830798155,0.06187946683,0,0
15.136,19.80658417,-0.7824288673,0.3820253934,0.2150436841,0.3652077321,0.8707113951,0.4238165566,1.22898331e-05,1.324629742e-05,0.7581383337,0.1796204738,0.06224119244,0,0
15.16,19.7752281,-0.7857330649,0.3792607885,0.2117454104,0.3624132654,0.8724764724,0.4197374105,1.357096524e-05,1.460074453e-05,0.7612151951,0.176179494,0.06260531091,0,0
15.184,19.74397115,-0.7890191682,0.3764579704,0.2084671369,0.3595809457,0.8742264302,0.4156404741,1.519574552e-05,1.631465309e-05,0.7642718516,0.1727570039,0.0629711445,0,0
15.208,19.71281286,-0.7922872957,0.3736169108,0.205208769,0.3567107174,0.8759616173,0.4115254242,1.729257884e-05,1.852527723e-05,0.7673087552,0.1693531751,0.06333806965,0,0
15.232,19.68175276,-0.7955374939,0.3707375917,0.2019702704,0.353802526,0.8776823265,0.4073919704,2.00663306e-05,2.145090175e-05,0.7703262666,0.165968218,0.06370551544,0,0
15.256,19.65079038,-0.7987697424,0.3678200057,0.198751658,0.3508563184,0.8793887979,0.4032398513,2.386298264e-05,2.545761106e-05,0.7733246585,0.1626023784,0.06407296318,0,0
15.28,19.61992526,-0.8019839562,0.3648641559,0.1955529965,0.3478720435,0.8810812212,0.3990688326,2.930937456e-05,3.119839057e-05,0.7763041191,0.1592559341,0.06443994675,0,0
15.304,19.58915695,-0.8051799896,0.3618700559,0.1923743947,0.3448496521,0.8827597368,0.3948787033,3.764229496e-05,3.991402681e-05,0.7792647544,0.1559291919,0.06480605369,0,0
15.328,19.55848499,-0.8083576379,0.3588377285,0.1892160007,0.3417890969,0.8844244378,0.390669274,5.152765454e-05,5.401145238e-05,0.7822065888,0.1526224846,0.06517092666,0,0
15.352,19.52790894,-0.8115166397,0.355767205,0.186077999,0.3386903321,0.8860753696,0.3864403742,7.656121876e-05,7.674689979e-05,0.7851295665,0.1493361687,0.06553426486,0,0
15.376,19.49742833,-0.8146566789,0.3526585227,0.1829606075,0.3355533135,0.8877125312,0.3821918499,0.00011140026,9.781035835e-05,0.7880335504,0.1460706197,0.0658958299,0,0
15.4,19.46704273,-0.8177773861,0.3495117235,0.1798640741,0.3323779977,0.8893358747,0.3779235617,0.0001003973498,8.387255001e-05,0.7909183081,0.1428262255,0.06625546637,0,0
15.424,19.43675169,-0.8208783403,0.3463268513,0.1767886748,0.3291643416,0.8909453056,0.3736353828,6.752969098e-05,6.004152966e-05,0.7937835421,0.1396034029,0.06661305501,0,0
15.448,19.40655476,-0.8239590708,0.3431039486,0.1737347111,0.3259123019,0.8925406825,0.3693271969,4.799818071e-05,4.450367228e-05,0.7966288723,0.1364025804,0.06696854736,0,0
15.472,19.37645153,-0.8270190587,0.339843054,0.1707025081,0.3226218344,0.8941218177,0.3649988964,3.682453281e-05,3.493245969e-05,0.7994538262,0.1332241956,0.06732197825,0,0
15.496,19.34644153,-0.8300577391,0.3365441979,0.1676924129,0.3192928931,0.8956884768,0.3606503805,2.982646911e-05,2.867407442e-05,0.8022578484,0.1300686978,0.06767345386,0,0
15.52,19.31652436,-0.8330745037,0.3332073993,0.1647047927,0.3159254295,0.8972403801,0.356281554,2.508289616e-05,2.432027166e-05,0.8050403004,0.1269365463,0.06802315328,0,0
15.544,19.28669956,-0.8360687036,0.3298326615,0.1617400334,0.3125193916,0.8987772036,0.3518923252,2.166859585e-05,2.113461724e-05,0.8078004621,0.123828209,0.0683713289,0,0
15.568,19.25696673,-0.8390396523,0.3264199684,0.1587985386,0.309074723,0.9002985804,0.3474826043,1.909637132e-05,1.870882418e-05,0.8105375342,0.1207441606,0.06871830514,0,0
15.592,19.22732542,-0.8419866304,0.3229692803,0.155880728,0.3055913622,0.9018041039,0.3430523022,1.708861013e-05,1.68020202e-05,0.8132506421,0.1176848823,0.06906447563,0,0
15.616,19.19777523,-0.8449088894,0.3194805307,0.152987037,0.3020692412,0.9032933305,0.3386013289,1.547659925e-05,1.526414209e-05,0.8159388411,0.1146508602,0.06941029872,0,0
15.64,19.16831573,-0.8478056572,0.3159536224,0.1501179149,0.2985082847,0.904765784,0.3341295922,1.41523121e-05,1.399730656e-05,0.8186011241,0.1116425846,0.06975629134,0,0
15.664,19.1389465,-0.8506761434,0.3123884253,0.147273825,0.2949084091,0.9062209605,0.3296369962,1.304356409e-05,1.293516039e-05,0.8212364294,0.1086605495,0.07010302112,0,0
15.688,19.10966713,-0.8535195457,0.308784774,0.1444552435,0.2912695213,0.9076583341,0.3251234403,1.210038816e-05,1.203124242e-05,0.8238436516,0.1057052516,0.07045109684,0,0
15.712,19.08047721,-0.8563350558,0.3051424662,0.1416626586,0.2875915179,0.9090773633,0.3205888176,1.128716096e-05,1.125211397e-05,0.8264216526,0.1027771901,0.07080115731,0,0
15.736,19.05137633,-0.8591218665,0.301461263,0.1388965705,0.2838742837,0.9104774981,0.3160330144,1.057784548e-05,1.05731378e-05,0.8289692747,0.09987686633,0.07115385899,0,0
15.76,19.02236409,-0.8618791779,0.2977408887,0.1361574905,0.2801176912,0.9118581875,0.3114559088,9.953005354e-06,9.975792368e-06,0.8314853543,0.09700478323,0.07150986247,0,0
15.784,18.99344007,-0.8646062042,0.2939810328,0.1334459411,0.2763215992,0.9132188872,0.3068573698,9.397868828e-06,9.445910138e-06,0.8339687361,0.09416144548,0.07186981846,0,0
15.808,18.96460387,-0.8673021791,0.2901813524,0.1307624553,0.2724858521,0.9145590671,0.3022372566,8.901037117e-06,8.972490801e-06,0.8364182873,0.09134735936,0.07223435337,0,0
15.832,18.9358551,-0.869966362,0.2863414757,0.1281075763,0.2686102785,0.9158782188,0.297595418,8.453601158e-06,8.54688274e-06,0.8388329118,0.08856303289,0.0726040553,0,0
15.856,18.90719337,-0.872598042,0.2824610065,0.1254818578,0.264694691,0.9171758627,0.2929316918,8.048524288e-06,8.162206618e-06,0.8412115632,0.08580897613,0.07297946068,0,0
15.88,18.87861826,-0.875196542,0.2785395291,0.1228858636,0.2607388847,0.9184515536,0.2882459045,7.680202451e-06,7.812941887e-06,0.8435532564,0.0830857015,0.07336104212,0,0
15.904,18.8501294,-0.8777612209,0.2745766138,0.1203201676,0.2567426368,0.9197048862,0.2835378709,7.3441455e-06,7.494625236e-06,0.8458570778,0.08039372432,0.07374919785,0,0
15.928,18.82172639,-0.8802914756,0.2705718228,0.1177853541,0.2527057059,0.920935499,0.2788073948,7.036742715e-06,7.203627411e-06,0.8481221934,0.07773356347,0.07414424317,0,0
15.952,18.79340885,-0.8827867406,0.2665247163,0.1152820177,0.2486278314,0.9221430766,0.2740542686,6.755087902e-06,6.936985832e-06,0.8503478538,0.07510574219,0.07454640405,0,0
15.976,18.76517639,-0.8852464873,0.2624348577,0.1128107638,0.244508733,0.9233273514,0.2692782742,6.496847244e-06,6.69227755e-06,0.8525333978,0.07251078902,0.07495581317,0,0
16,18.73702863,-0.8876702219,0.2583018195,0.1103722089,0.2403481107,0.9244881031,0.2644791841,6.260158198e-06,6.467521762e-06,0.8546782529,0.06994923886,0.07537250825,0,0
16.024,18.70896518,-0.8900574823,0.2541251879,0.1079669811,0.236145644,0.9256251579,0.2596567623,6.043551126e-06,6.261104231e-06,0.8567819329,0.06742163423,0.07579643285,0,0
16.048,18.68098567,-0.8924078337,0.2499045667,0.1055957205,0.2319009927,0.9267383849,0.2548107662,5.845887628e-06,6.071718125e-06,0.8588440341,0.06492852663,0.07622743924,0,0
16.072,18.65308972,-0.8947208643,0.2456395808,0.1032590805,0.2276137964,0.9278276934,0.249940949,5.666311123e-06,5.898317231e-06,0.8608642287,0.06247047803,0.07666529328,0,0
16.096,18.62527696,-0.8969961797,0.2413298783,0.1009577282,0.2232836753,0.9288930275,0.2450470619,5.50420632e-06,5.740078552e-06,0.8628422566,0.06004806258,0.07710968085,0,0
16.12,18.59754702,-0.8992333973,0.2369751321,0.09869234569,0.2189102309,0.9299343611,0.2401288577,5.359165011e-06,5.596372054e-06,0.864777916,0.05766186834,0.07756021566,0,0
16.144,18.56989953,-0.9014321403,0.2325750402,0.09646363144,0.2144930465,0.930951692,0.2351860948,5.230956219e-06,5.466735827e-06,0.8666710529,0.05531249922,0.07801644788,0,0
16.168,18.54233412,-0.903592032,0.2281293253,0.09427230157,0.2100316885,0.9319450356,0.2302185419,5.119499225e-06,5.350855343e-06,0.8685215495,0.05300057705,0.07847787348,0,0
16.192,18.51485042,-0.9057126899,0.2236377337,0.09211909165,0.2055257079,0.9329144186,0.2252259835,5.024838419e-06,5.248545799e-06,0.8703293125,0.05072674369,0.07894394377,0,0
16.216,18.48744808,-0.9077937195,0.219100033,0.0900047586,0.200974642,0.9338598726,0.2202082271,4.947119344e-06,5.159736769e-06,0.8720942617,0.04849166333,0.07941407501,0,0
16.24,18.46012672,-0.9098347096,0.21451601,0.08793008283,0.1963780163,0.9347814276,0.2151651105,4.886565706e-06,5.084458602e-06,0.8738163174,0.04629602479,0.07988765777,0,0
16.264,18.43288601,-0.9118352267,0.2098854674,0.08589587066,0.1917353471,0.9356791064,0.210096511,4.843457514e-06,5.022830181e-06,0.8754953901,0.04414054396,0.08036406594,0,0
16.288,18.40572556,-0.91379481,0.2052082202,0.08390295692,0.1870461443,0.9365529181,0.2050023567,4.818110902e-06,4.975047832e-06,0.8771313684,0.04202596629,0.08084266534,0,0
16.312,18.37864505,-0.9157129668,0.2004840925,0.0819522079,0.1823099142,0.9374028531,0.1998826386,4.810860449e-06,4.941375364e-06,0.878724109,0.03995306923,0.0813228218,0,0
16.336,18.3516441,-0.9175891683,0.1957129134,0.08004452439,0.177526164,0.9382288774,0.1947374252,4.822045001e-06,4.922135317e-06,0.8802734264,0.0379226648,0.08180390883,0,0
16.36,18.32472237,-0.919422845,0.1908945132,0.07818084506,0.1726944049,0.9390309276,0.18956688,4.851998e-06,4.917701707e-06,0.8817790831,0.03593560203,0.0822853149,0,0
16.384,18.29787952,-0.9212133822,0.1860287196,0.07636214993,0.1678141575,0.9398089061,0.1843712814,4.901043176e-06,4.92849461e-06,0.88324078,0.03399276941,0.08276645055,0,0
16.408,18.27111519,-0.9229601161,0.1811153542,0.07458946402,0.1628849565,0.9405626759,0.1791510458,4.969496137e-06,4.954977043e-06,0.8846581474,0.03209509722,0.0832467554,0,0
16.432,18.24442904,-0.9246623288,0.1761542292,0.072863861,0.1579063567,0.9412920561,0.1739067558,5.057672045e-06,4.997654626e-06,0.8860307348,0.03024355975,0.08372570543,0,0
16.456,18.21782073,-0.9263192439,0.1711451442,0.07118646693,0.152877939,0.9419968164,0.1686391927,5.165899143e-06,5.057078524e-06,0.8873580021,0.02843917734,0.08420282054,0,0
16.48,18.19128993,-0.9279300209,0.1660878839,0.06955846376,0.1477993176,0.9426766725,0.1633493745,5.294537625e-06,5.133852106e-06,0.8886393089,0.02668301819,0.08467767294,0,0
16.504,18.16483628,-0.9294937491,0.1609822163,0.06798109272,0.1426701472,0.9433312799,0.1580386024,5.44400316e-06,5.228641756e-06,0.8898739037,0.02497619989,0.08514989645,0,0
16.528,18.13845946,-0.9310094418,0.1558278911,0.0664556572,0.1374901314,0.9439602281,0.1527085152,5.614794398e-06,5.34219218e-06,0.8910609123,0.02331989063,0.08561919708,0,0
16.552,18.11215913,-0.9324760279,0.15062464,0.0649835252,0.1322590314,0.9445630338,0.1473611548,5.807523967e-06,5.475346582e-06,0.8921993248,0.02171530998,0.08608536518,0,0
16.576,18.08593497,-0.9338923446,0.1453721779,0.06356613093,0.1269766756,0.9451391333,0.1419990463,6.022952782e-06,5.629072105e-06,0.8932879814,0.02016372917,0.08654828946,0,0
16.6,18.05978663,-0.9352571271,0.1400702047,0.06220497549,0.1216429689,0.9456878746,0.1366252936,6.262027917e-06,5.804491062e-06,0.8943255561,0.01866647088,0.08700797298,0,0
16.624,18.03371379,-0.9365689991,0.1347184105,0.06090162635,0.1162579037,0.9462085078,0.131243698,6.525924769e-06,6.002918719e-06,0.8953105402,0.01722490829,0.08746455149,0,0
16.648,18.00771612,-0.9378264606,0.1293164819,0.05965771536,0.1108215702,0.9467001757,0.1258589028,6.81609482e-06,6.225908718e-06,0.8962412227,0.01584046346,0.08791831385,0,0
16.672,17.98179331,-0.9390278761,0.1238641121,0.05847493503,0.1053341674,0.9471619029,0.1204765739,7.134320886e-06,6.475307744e-06,0.8971156704,0.01451460489,0.08836972469,0,0
16.696,17.95594502,-0.9401714618,0.1183610139,0.0573550329,0.09979601337,0.947592585,0.1151036232,7.482782503e-06,6.753321667e-06,0.8979317072,0.01324884413,0.08881944865,0,0
16.72,17.93017093,-0.9412552724,0.1128069371,0.05629980368,0.09420755564,0.9479909772,0.1097484917,7.864134941e-06,7.062596299e-06,0.898686893,0.01204473148,0.08926837556,0,0
16.744,17.90447074,-0.9422771893,0.1072016914,0.05531107899,0.08856938038,0.9483556844,0.1044215045,8.281606514e-06,7.406317088e-06,0.8993785042,0.01090385066,0.08971764518,0,0
16.768,17.87884411,-0.94323491,0.1015451743,0.05439071468,0.08288222038,0.9486851521,0.09913532316,8.739120367e-06,7.788333664e-06,0.9000035179,0.009827812359,0.09016866977,0,0
16.792,17.85329073,-0.9441259413,0.09583740647,0.05354057555,0.077146961,0.9489776612,0.09390552072,9.241449097e-06,8.213317416e-06,0.9005586015,0.00881824689,0.09062315159,0,0
16.816,17.8278103,-0.944947598,0.09007857286,0.05276251768,0.07136464377,0.9492313271,0.08875131352,9.794413589e-06,8.686963381e-06,0.9010401124,0.007876795728,0.0910830919,0,0
16.84,17.80240249,-0.9456970099,0.0842690713,0.05205836855,0.06553646672,0.9494441062,0.08369648862,1.040514187e-05,9.216252263e-06,0.901444111,0.007005102291,0.09155078674,0,0
16.864,17.77706701,-0.9463711394,0.07840956665,0.05142990545,0.05966378102,0.9496138129,0.07877056519,1.108241031e-05,9.80979497e-06,0.9017663938,0.006204802036,0.09202880415,0,0
16.888,17.75180353,-0.9469668153,0.07250104877,0.05087883268,0.05374808315,0.9497381488,0.0740102159,1.183709909e-05,1.04782919e-05,0.9020025514,0.005477512167,0.09251993639,0,0
16.912,17.72661175,-0.9474807835,0.06654489073,0.05040675849,0.04779100222,0.9498147491,0.06946093287,1.268280891e-05,1.123515409e-05,0.9021480577,0.004824821321,0.093027121,0,0
16.936,17.70149138,-0.9479097805,0.06054290189,0.05001517279,0.04179428194,0.9498412472,0.06517882718,1.36367085e-05,1.209735653e-05,0.9021983951,0.004248279658,0.0935533252,0,0
16.96,17.6764421,-0.9482506295,0.05449736832,0.04970542663,0.03575975729,0.9498153608,0.06123226011,1.472071939e-05,1.30866305e-05,0.9021492198,0.00374938985,0.09410139035,0,0
16.984,17.65146361,-0.948500359,0.04841107139,0.04947871515,0.02968932586,0.9497349961,0.05770268038,1.596320376e-05,1.423116159e-05,0.901996563,0.003329599525,0.09467383745,0,0
17.008,17.62655562,-0.948656339,0.04228727416,0.04933606495,0.02358491445,0.9495983694,0.05468359438,1.740142076e-05,1.556805915e-05,0.9017370634,0.002990295736,0.09527264082,0,0
17.032,17.60171783,-0.9487164277,0.03612966551,0.04927832754,0.01744844186,0.9494041357,0.05227620576,1.908518955e-05,1.714703439e-05,0.9013682133,0.002732801983,0.09589898476,0,0
17.056,17.57694993,-0.948679111,0.02994225464,0.04930617991,0.01128177895,0.9491515128,0.05058041037,2.108250675e-05,1.903602839e-05,0.9008885946,0.002558378276,0.09655302709,0,0
17.08,17.55225164,-0.9485436199,0.02372921359,0.049420133,0.005086707683,0.948840384,0.04968122524,2.348844492e-05,2.133009434e-05,0.9002980749,0.002468224596,0.09723370049,0,0
17.104,17.52762266,-0.9483100025,0.01749467337,0.04962054886,-0.001135119034,0.948471362,0.04963353065,2.64397955e-05,2.416592397e-05,0.8995979252,0.002463487949,0.09793858689,0,0
17.128,17.5030627,-0.947979132,0.01124248836,0.04990766622,-0.007382214718,0.9480457944,0.05045069119,3.014028043e-05,2.774661022e-05,0.8987908292,0.002545273012,0.09866389778,0,0
17.152,17.47857148,-0.9475526364,0.004975992812,0.05028163421,-0.01365329186,0.9475657018,0.05210235232,3.490640541e-05,3.238595568e-05,0.8978807605,0.002714656166,0.09940458336,0,0
17.176,17.4541487,-0.9470327471,-0.001302220728,0.05074255315,-0.01994728777,0.9470336424,0.0545224815,4.125669828e-05,3.859239779e-05,0.8968727215,0.002972702478,0.100154576,0,0
17.2,17.42979407,-0.9464220758,-0.007590470464,0.05129052094,-0.02626338219,0.9464525137,0.05762363042,5.010098002e-05,4.723886816e-05,0.8957723633,0.003320485014,0.1009071517,0,0
17.224,17.40550732,-0.9457233424,-0.01388807681,0.05192568333,-0.03260100554,0.9458253111,0.06131151729,6.318992948e-05,5.993294282e-05,0.894585523,0.003759105744,0.1016553712,0,0
17.248,17.38128815,-0.944939085,-0.02019536257,0.05264828603,-0.03895983712,0.9451548694,0.06549588484,8.43641948e-05,7.98788215e-05,0.8933177342,0.004289717311,0.1023925484,0,0
17.272,17.35713629,-0.9440713872,-0.02651356278,0.05345872676,-0.0453397935,0.9444436209,0.07009659294,0.000123942557,0.0001138173769,0.8919737684,0.004913545296,0.1031126863,0,0
17.296,17.33305146,-0.9431216513,-0.03284465891,0.05435760567,-0.05174100737,0.9436933934,0.07504586023,0.0002217476107,0.0001727015226,0.89055727,0.005631910964,0.103810819,0,0
17.32,17.30903337,-0.9420904396,-0.03919116264,0.055345773,-0.05816379813,0.9429052676,0.08028811869,0.0007330563363,0.0002286868398,0.8890708811,0.0064462343,0.1044828846,0,0
17.344,17.28508176,-0.9409773874,-0.04555587814,0.05642437382,-0.06460863538,0.9420794986,0.08577870206,0.0004566933689,0.00019200928,0.8875139903,0.007358022595,0.1051279871,0,0
17.368,17.26119634,-0.9397811838,-0.05194166999,0.05759489093,-0.07107609707,0.9412154963,0.09148214599,0.0002051738139,0.0001406379695,0.8858866525,0.008369002814,0.1057443447,0,0
17.392,17.23737684,-0.9384996016,-0.05835125712,0.05885918922,-0.0775668234,0.940311848,0.09737051015,0.0001374738141,0.0001101171874,0.8841863904,0.009481028373,0.1063325813,0,0
17.416,17.21362299,-0.9371295532,-0.06478704365,0.06021956781,-0.08408146782,0.9393663612,0.1034219009,0.000107755651,9.280594955e-05,0.8824091721,0.01069609819,0.1068947297,0,0
17.44,17.18993452,-0.9356671381,-0.07125098783,0.06167883267,-0.09062064515,0.9383760955,0.1096192489,9.239248416e-05,8.300558105e-05,0.8805497051,0.01201638662,0.1074339083,0,0
17.464,17.16631115,-0.9341076437,-0.0777445006,0.06324041427,-0.09718487605,0.9373373445,0.1159493429,8.452442704e-05,7.810045702e-05,0.8786013046,0.01344425623,0.1079544392,0,0
17.488,17.14275263,-0.9324454312,-0.08426835491,0.06490858176,-0.1037745255,0.9362455008,0.1224021084,8.184404265e-05,7.716632742e-05,0.8765556445,0.01498228209,0.1084620734,0,0
17.512,17.11925868,-0.9306735746,-0.09082257393,0.06668887063,-0.1103897324,0.9350946703,0.1289701457,8.41568467e-05,8.054859613e-05,0.8744020494,0.01663330498,0.1089646456,0,0
17.536,17.09582904,-0.9287829303,-0.09740624374,0.06858901859,-0.1170303347,0.9338767092,0.1356486369,9.353424216e-05,9.05236074e-05,0.8721257167,0.0184005609,0.1094737224,0,0
17.56,17.07246344,-0.9267596931,-0.1040171692,0.07062126222,-0.1236958585,0.9325787368,0.1424360491,0.0001181164373,0.0001151712394,0.8697031142,0.02028804135,0.1100088445,0,0
17.584,17.04916162,-0.9245780963,-0.1106514101,0.07280893798,-0.1303860832,0.9311758109,0.1493374439,0.0002018369869,0.000197208877,0.8670884315,0.02230171104,0.1106098575,0,0
17.608,17.02592333,-0.9221727526,-0.117305177,0.07521046947,-0.1371065144,0.9296037275,0.1563803408,0.004498260139,0.005045964941,0.8641833246,0.02448027276,0.1113364026,0,0
17.632,17.0027483,-0.9192822994,-0.1240322505,0.07804421245,-0.1439377242,0.9276119583,0.1637344422,0.0001305123425,0.0001300303523,0.8604639622,0.02680898446,0.1127270534,0,0
17.656,16.97963627,-0.915436268,-0.1334074993,0.08157530325,-0.1530156163,0.9251060057,0.1734021596,5.444077889e-05,5.390561021e-05,0.8558211247,0.03006831185,0.1141105635,0,0
17.68,16.95658699,-0.9163056387,-0.1390742509,0.08098989686,-0.1587415301,0.9267996929,0.1782084083,2.928210933e-05,2.874933557e-05,0.8589576716,0.03175823761,0.1092840907,0,0
17.704,16.9336002,-0.9132713663,-0.1451773465,0.08409509713,-0.1648881707,0.9247383686,0.1850948249,1.707333058e-05,1.650609361e-05,0.8551410507,0.03426009448,0.1105988549,0,0
17.728,16.91067565,-0.91023133,-0.1518296445,0.08715416872,-0.1715834564,0.9228073011,0.1924492963,1.005180756e-05,9.429388897e-06,0.8515733151,0.03703673173,0.1113899532,0,0
17.752,16.88781309,-0.9071135032,-0.1586203274,0.09027609265,-0.178407264,0.9208774707,0.1999473049,5.66680935e-06,4.971216508e-06,0.8480153161,0.03997892478,0.1120057592,0,0
17.776,16.86501226,-0.903872621,-0.1654765589,0.09351474771,-0.1852913883,0.918895101,0.207552178,3.003958333e-06,2.253802245e-06,0.8443682066,0.04307790662,0.1125538868,0,0
17.8,16.84227292,-0.9004865157,-0.1723759542,0.09689504714,-0.1922161,0.9168366455,0.2152572397,2.147592767e-06,1.798411804e-06,0.8405894345,0.04633567926,0.1130748863,0,0
17.824,16.81959482,-0.8969411179,-0.1793091717,0.1004323303,-0.1991735773,0.9146885525,0.2230622489,2.79729257e-06,2.881937252e-06,0.8366551481,0.04975676688,0.113588085,0,0
17.848,16.7969777,-0.8932253045,-0.186271525,0.1041385192,-0.2061600883,0.912440971,0.2309692906,3.698907186e-06,3.925126858e-06,0.8325485257,0.05334681321,0.1141046611,0,0
17.872,16.77442133,-0.8893288342,-0.193260445,0.1080244771,-0.2131737078,0.9100853668,0.2389818348,4.436506606e-06,4.699206109e-06,0.8282553749,0.05711231737,0.1146323077,0,0
17.896,16.75192546,-0.885241314,-0.200274571,0.1121011458,-0.2202135282,0.9076134022,0.2471045627,4.937523607e-06,5.186891738e-06,0.8237620878,0.06106066491,0.1151772473,0,0
17.92,16.72948984,-0.8809515192,-0.2073134052,0.1163802667,-0.2272793755,0.905016258,0.2553434569,5.176315241e-06,5.375901418e-06,0.8190544273,0.06520028103,0.1157452917,0,0
17.944,16.70711424,-0.8764468016,-0.2143771958,0.1208749929,-0.2343717265,0.9022840894,0.2637060297,5.125426377e-06,5.238091398e-06,0.8141165781,0.06954087013,0.1163425518,0,0
17.968,16.68479842,-0.8717124484,-0.2214669243,0.1256005415,-0.2414917164,0.8994054655,0.2722016626,4.769726625e-06,4.750187634e-06,0.8089301913,0.07409374513,0.1169760635,0,0
17.992,16.66254213,-0.8667308937,-0.2285843394,0.1305749943,-0.2486411838,0.8963666897,0.2808420685,4.239053553e-06,4.045522669e-06,0.8034732424,0.07887226745,0.1176544902,0,0
18.016,16.64034514,-0.8614806729,-0.2357319994,0.1358203555,-0.2558227186,0.8931508973,0.2896419036,4.38605351e-06,4.146103698e-06,0.7977185253,0.08389243235,0.1183890423,0,0
18.04,16.61820721,-0.8559349823,-0.2429132794,0.1413640088,-0.2630396657,0.8897367899,0.2986195719,7.190541121e-06,7.286351474e-06,0.7916315553,0.0891736488,0.1191947959,0,0
18.064,16.5961281,-0.8500596392,-0.2501322687,0.1472407807,-0.2702960104,0.8860968017,0.3077982793,1.42024755e-05,1.477179049e-05,0.7851675422,0.09473978097,0.1200926768,0,0
18.088,16.57410759,-0.8438101267,-0.2573934184,0.1534959243,-0.2775959982,0.8821943674,0.3172074037,2.808561416e-05,2.913825139e-05,0.7782669026,0.1006205378,0.1211125595,0,0
18.112,16.55214543,-0.8371272328,-0.2647006586,0.1601895201,-0.2849431979,0.8779797506,0.3268842431,5.554529045e-05,5.656546712e-05,0.7708484456,0.1068533116,0.1222982428,0,0
18.136,16.5302414,-0.829930493,-0.2720554085,0.1674030773,-0.292338415,0.8733835174,0.3368761482,0.0001029786796,0.0001017358936,0.7627987791,0.1134855496,0.1237156714,0,0
18.16,16.50839526,-0.8221081804,-0.2794522771,0.1752495872,-0.2997752151,0.8683060725,0.3472428507,0.0001323972742,0.0001319362168,0.7539554531,0.1205776148,0.1254669321,0,0
18.184,16.4866068,-0.8135018652,-0.2868698633,0.1838889696,-0.307230408,0.8626004888,0.358058203,0.000123629509,0.0001274209729,0.7440796185,0.128205693,0.1277146885,0,0
18.208,16.46487577,-0.8038826619,-0.2942509421,0.1935516977,-0.3146436712,0.8560437787,0.3694088514,0.0001141461258,0.0001197630045,0.7328109641,0.1364629139,0.1307261221,0,0
18.232,16.44320195,-0.7929159535,-0.3014590926,0.2045735293,-0.321873207,0.8482884497,0.3813826035,0.0001116959827,0.0001182808639,0.7195933063,0.1454527042,0.1349539894,0,0
18.256,16.42158512,-0.7801155591,-0.3081820714,0.2174396136,-0.3285976189,0.8387827339,0.394025863,0.000115569552,0.0001232109919,0.7035564881,0.1552563959,0.141187116,0,0
18.28,16.40002505,-0.7648138849,-0.3137155436,0.2328095011,-0.3340982119,0.8266545353,0.4072123267,0.000125765699,0.0001349925094,0.6833577366,0.1658218972,0.1508203662,0,0
18.304,16.37852153,-0.7462863293,-0.3165007367,0.251381063,-0.3367997177,0.8106269189,0.4202695429,0.0001438355233,0.0001556042094,0.6571160224,0.1766265129,0.1662574648,0,0
18.328,16.35707431,-0.7245598086,-0.3133394444,0.2730644092,-0.3335110497,0.7894102379,0.4310380399,0.0001727840829,0.0001883948994,0.6231685535,0.1857938273,0.1910376191,0,0
18.352,16.3356832,-0.7031916798,-0.2992934642,0.2942323709,-0.3194035664,0.7642349876,0.4342710286,0.0002123463996,0.0002309975089,0.5840551614,0.1885913796,0.227353459,0,0
18.376,16.31434795,-0.6931359041,-0.273171196,0.3040722405,-0.2934878221,0.7450234116,0.422605051,0.0002325000069,0.0002434853895,0.5550599379,0.1785950884,0.2663449736,0,0
18.4,16.29306837,-0.7041712024,-0.2486878387,0.2931400843,-0.2692972165,0.7467949675,0.3980604224,0.0001877005812,0.0001885208119,0.5577027586,0.1584521354,0.283845106,0,0
18.424,16.27184422,-0.7256972893,-0.2421893681,0.2718021311,-0.2628055953,0.7650439502,0.3780782715,0.0001262664875,0.0001260923829,0.5852922617,0.1429431953,0.271764543,0,0
18.448,16.2506753,-0.7416198586,-0.2505283795,0.2558445152,-0.2710840872,0.7827927463,0.3727505846,8.202680141e-05,8.236109592e-05,0.6127644903,0.1389430051,0.2482925045,0,0
18.472,16.22956139,-0.7484771002,-0.2637421815,0.2488343915,-0.2843956071,0.793585476,0.3778880995,5.064357346e-05,5.081968641e-05,0.6297779103,0.1427994183,0.2274226713,0,0
18.496,16.20850227,-0.7489717443,-0.2766660429,0.2481981523,-0.2975912133,0.7984377077,0.38750852,2.425547292e-05,2.284798376e-05,0.6375027737,0.1501628536,0.2123343727,0,0
18.52,16.18749773,-0.7458884018,-0.2878430279,0.2512049484,-0.3091510596,0.7995017927,0.3983444536,2.812423982e-05,2.824140784e-05,0.6392031174,0.1586783045,0.2021185781,0,0
18.544,16.16654756,-0.7410844645,-0.2975240252,0.2559588648,-0.3190404052,0.7985779418,0.40902533,0.0005683603341,0.0006657004827,0.6377270521,0.1673021638,0.1949707841,0,0
18.54965834,16.16161616,-0.7398224947,-0.2997545995,0.2571838461,-0.3212198183,0.7982419079,0.4114920441,0.0007024685424,0.0006751468454,0.637190637,0.1693261582,0.1934832048,0,0
18.568,16.14565155,-0.7354089572,-0.307473784,0.2613808598,-0.3284446027,0.7970987782,0.4197568474,0.0001116145622,0.0001197267981,0.6353664746,0.1761958252,0.1884377001,0,0
18.592,16.12480949,-0.7285883832,-0.3183307768,0.268687407,-0.3391473964,0.7950946582,0.4326821919,6.06014366e-05,6.629319453e-05,0.6321755192,0.1872138836,0.1806105972,0,0
18.616,16.10402116,-0.7206087919,-0.3273721317,0.2770800723,-0.3488258676,0.791485656,0.4454804736,4.208876595e-05,4.659809535e-05,0.6264495454,0.1984528545,0.1750976001,0,0
18.64,16.08328637,-0.712066143,-0.3344441671,0.2853796034,-0.355643187,0.7866963156,0.4559863973,3.138020004e-05,3.464183367e-05,0.6188910939,0.2079235957,0.1731853104,0,0
18.664,16.06260491,-0.7033913925,-0.3405310235,0.2939117164,-0.3614230352,0.7814862948,0.4658440805,2.394883518e-05,2.485475032e-05,0.6107208296,0.217010708,0.1722684624,0,0
18.688,16.04197656,-0.6946559001,-0.3463802812,0.302555607,-0.3671949949,0.7762255592,0.4757857287,1.229586196e-05,1.368655822e-05,0.6025261189,0.2263720598,0.1711018213,0,0
18.712,16.02140113,-0.685074462,-0.3526916092,0.3122066234,-0.3735774611,0.7705312386,0.4868604473,3.053703201e-06,4.43688447e-06,0.5937183897,0.2370330951,0.1692485151,0,0
18.736,16.00087842,-0.6730581481,-0.3576083863,0.3242205234,-0.3784235461,0.7621620751,0.4983205074,3.060094457e-05,2.359366203e-05,0.5808910296,0.2483233287,0.1707856418,0,0
18.76,15.98040821,-0.6620300639,-0.3596510855,0.3352050248,-0.3806385712,0.7534140355,0.5071963432,2.324820842e-05,2.285740298e-05,0.5716559046,0.2610868586,0.1672572369,0.004023195169,0.003838727504
18.784,15.95999031,-0.6523263429,-0.3617739669,0.3449470523,-0.3828538861,0.7459289918,0.5153305415,7.91572628e-06,1.06969518e-05,0.5621088645,0.2711021554,0.1667889801,0.005698803686,0.005536588309
18.808,15.93962452,-0.6427386708,-0.3641904811,0.3545109963,-0.3852679169,0.7387473895,0.5235545953,1.595362326e-05,1.436563069e-05,0.5527090233,0.280899136,0.1663918407,0.00696131759,0.006789721509
18.832,15.91931064,-0.6331111297,-0.3666195787,0.364130345,-0.3876390428,0.7316007231,0.5318410812,3.249700827e-05,2.054512157e-05,0.5433022252,0.2907308287,0.1659669461,0.008062606121,0.007875892597
18.856,15.89904847,-0.6234815258,-0.3688231,0.3738082792,-0.3898243141,0.7244029902,0.5400885349,3.028385765e-05,1.63192236e-05,0.5338786103,0.3006222949,0.1654990948,0.009118917248,0.008926669115
18.88,15.87883782,-0.6137900306,-0.3706737442,0.3835331845,-0.3917268802,0.7170336298,0.5482222654,2.105863849e-05,1.26395172e-05,0.5242889683,0.3105053625,0.1652056692,0.01015174154,0.009957710071
18.904,15.85867848,-0.6039779933,-0.3721607035,0.3933353853,-0.3932816757,0.7094314665,0.5562222593,1.570284127e-05,1.062054264e-05,0.5144622746,0.3203548992,0.1651828262,0.01116926873,0.0109716973
18.92439891,15.84158416,-0.5950086709,-0.3688273498,0.4019839489,-0.3907662859,0.7000492357,0.5606151847,0.00057032759,0.0005746618771,0.5020690835,0.326062054,0.1718688624,0.01199982592,0.01177233843
18.928,15.83857027,-0.5944840269,-0.3735844754,0.4027779624,-0.3947528628,0.7021229368,0.5639680042,2.111829686e-06,2.761098603e-06,0.5051739075,0.3300474172,0.1647786753,0.01219728911,0.01198750746
18.952,15.81851298,-0.5842331386,-0.374271496,0.4130187564,-0.3954852603,0.6938353644,0.5718330912,5.631687481e-06,4.815698162e-06,0.4946160112,0.3399855925,0.1653983964,0.01320849817,0.01299250825
18.976,15.79850643,-0.5741989463,-0.3748107654,0.4230348271,-0.3960582692,0.6857022238,0.5795003171,5.088579308e-06,4.995307129e-06,0.4844343821,0.3498408311,0.1657247867,0.0142468423,0.01402021361
19,15.77855042,-0.5641343405,-0.3750462537,0.4330898303,-0.3963272004,0.6774269308,0.5870622207,5.757062201e-06,5.743353746e-06,0.4742174373,0.3597151557,0.166067407,0.01531019069,0.01507310477
19.024,15.75864476,-0.5540447135,-0.3749716001,0.4431769339,-0.3962879396,0.6690061625,0.594516548,7.411446823e-06,7.05102469e-06,0.4639720685,0.369606317,0.1664216145,0.01640282297,0.01615639118
19.048,15.73878927,-0.5439410049,-0.3745848865,0.4532835196,-0.3959389693,0.6604435282,0.6018584689,9.596824128e-06,8.748260356e-06,0.4537127017,0.3795065282,0.1667807701,0.01752704765,0.01727291151
19.072,15.71898375,-0.5338347452,-0.3738852265,0.4633967435,-0.3952789307,0.6517435828,0.6090828966,1.213227718e-05,1.074879516e-05,0.4434534229,0.3894059635,0.1671406135,0.01868372502,0.01842398847
19.096,15.69922801,-0.5237375111,-0.3728723113,0.4735040303,-0.3943066526,0.6429111455,0.6161848773,1.500774966e-05,1.30468414e-05,0.4332076553,0.3992942734,0.1674980714,0.01987291404,0.01961047019
19.12,15.67952186,-0.5136608879,-0.3715463466,0.4835929495,-0.3930213029,0.6339512564,0.6231595986,1.830592438e-05,1.56957907e-05,0.4229885982,0.4091623018,0.1678491,0.02109440237,0.02083441628
19.144,15.65986513,-0.5036164961,-0.3699080869,0.4936510231,-0.3914225166,0.6248692406,0.6300023167,2.219056935e-05,1.880667359e-05,0.4128096456,0.4190096591,0.1681806953,0.0223480772,0.02210673965
19.168,15.64025762,-0.4936160035,-0.3679589101,0.503665554,-0.3895105274,0.6156707873,0.6367082858,2.693751654e-05,2.256856092e-05,0.4026846654,0.4293727099,0.1679426247,0.02363414628,0.02397526818
19.192,15.62069915,-0.4836711072,-0.3657009233,0.5136234801,-0.3872863447,0.6063620249,0.6432727199,3.301655569e-05,2.729986904e-05,0.3926281396,0.4384094907,0.1689623697,0.02495323324,0.02460969788
19.216,15.60118953,-0.4737934714,-0.3631371006,0.523511254,-0.3847520238,0.5969495853,0.6496908133,4.127296017e-05,3.35599783e-05,0.3826551741,0.4480852531,0.1692595727,0.02630636502,0.02598709913
19.24,15.58172859,-0.4639946034,-0.3602714539,0.5333147721,-0.381911099,0.5874406459,0.6559578749,5.333316887e-05,4.239687456e-05,0.3727813739,0.4576636931,0.169554933,0.02769485862,0.02738295767
19.264,15.56231613,-0.4542856324,-0.3571092397,0.5430194327,-0.3787692842,0.577842924,0.6620696904,7.242411425e-05,5.589807197e-05,0.3630225718,0.4671476329,0.1698297953,0.0291201217,0.02881135489
19.288,15.54295199,-0.444676934,-0.3536571891,0.5526105415,-0.3753355807,0.5681645739,0.6680233594,0.0001030376923,7.798455986e-05,0.3533944108,0.4765311341,0.1700744551,0.03058341712,0.0302759193
19.312,15.52363598,-0.4351775085,-0.3499237155,0.5620745791,-0.3716239,0.5584138882,0.6738190821,0.0001291030282,0.0001085750412,0.343911867,0.4858101921,0.1702779409,0.03208577971,0.03177802489
19.336,15.50436791,-0.4257939829,-0.3459189744,0.5714024194,-0.3676549365,0.5485986263,0.6794636688,0.0001034509606,0.0001076290609,0.3345877329,0.4949897281,0.1704225389,0.03362726946,0.03331883937
19.36,15.48514762,-0.4165291006,-0.3416544861,0.5805962531,-0.3634565651,0.5387246788,0.6849764111,6.919666126e-05,7.330845486e-05,0.3254325443,0.5040912816,0.1704761741,0.03520826001,0.03489859245
19.384,15.46597493,-0.4073796819,-0.337141731,0.5896809315,-0.3590572509,0.5287936763,0.690395329,4.805303497e-05,4.885163113e-05,0.3164508714,0.513162788,0.1703863405,0.03682811708,0.03651707528
19.408,15.44684965,-0.3983345497,-0.33238874,0.5987117588,-0.3544627972,0.5187992753,0.6957726962,3.508215304e-05,3.431522965e-05,0.3076385595,0.5222731994,0.1700882411,0.03848587026,0.03817355345
19.432,15.42777161,-0.3893741985,-0.3273936377,0.6077518368,-0.3496193931,0.5087227737,0.701139084,2.647751714e-05,2.507856751e-05,0.2989789562,0.5314627931,0.1695582506,0.0401800951,0.03986677734
19.456,15.40874065,-0.3804760188,-0.3221356966,0.6168035265,-0.344413535,0.4985312507,0.706446936,2.03597674e-05,1.878840773e-05,0.2904423375,0.5406622869,0.1688953757,0.04190892917,0.04159501309
19.48,15.38975657,-0.3716292808,-0.3165695064,0.625769407,-0.3387552916,0.4881849801,0.7115774718,1.577754833e-05,1.435124985e-05,0.2819946835,0.5496986002,0.1683067162,0.04367010854,0.04335610168
19.504,15.37081922,-0.3628568806,-0.3106339428,0.6345215094,-0.332651868,0.4776594626,0.7164320004,1.221789841e-05,1.128783158e-05,0.2736195908,0.5584223533,0.167958056,0.04546102839,0.04514754196
19.528,15.35192841,-0.3542257446,-0.3042819073,0.6429849155,-0.3261748155,0.4669725444,0.7209851676,9.395957921e-06,9.440237064e-06,0.2653421831,0.5667862004,0.1678716165,0.04727882578,0.04696658838
19.552,15.33308398,-0.3458266585,-0.297512096,0.651142657,-0.3193946949,0.456190229,0.725258389,7.173860885e-06,8.743863006e-06,0.2572300031,0.5748100831,0.1679599137,0.04912047805,0.0488103522
19.576,15.31428576,-0.3377350011,-0.2903718947,0.6590030771,-0.3123566571,0.4453995602,0.7292816581,5.558552085e-06,8.988360402e-06,0.249363676,0.5825276336,0.1681086904,0.05098290781,0.05067589672
19.6,15.29553357,-0.3299871626,-0.2829303171,0.6665775275,-0.305085272,0.4346735462,0.7330775016,4.73675384e-06,9.790199725e-06,0.2418041764,0.5899629443,0.1682328793,0.0528630846,0.05256032079
19.624,15.27682725,-0.3225856041,-0.275249632,0.673872997,-0.2975941823,0.4240564017,0.7366594284,4.928309995e-06,1.078103985e-05,0.2345819464,0.5971279419,0.1682901117,0.05475811455,0.05446082835
19.648,15.25816663,-0.3155166508,-0.267374203,0.6808915999,-0.2898924992,0.413569488,0.7400344802,6.004636992e-06,1.173779866e-05,0.2277050323,0.6040258152,0.1682691525,0.05666531089,0.05637478316
19.672,15.23955155,-0.3087648565,-0.2593331671,0.6876318704,-0.2819880094,0.4032237942,0.7432057768,7.60895746e-06,1.260435969e-05,0.2211716695,0.6106545754,0.1681737551,0.05858224128,0.05829974857
19.696,15.22098182,-0.3023203213,-0.2511475127,0.694090093,-0.2738885719,0.3930300877,0.7461742471,9.476900407e-06,1.344235859e-05,0.2149794006,0.617009519,0.1680110804,0.06050675066,0.06023351184
19.72,15.2024573,-0.2961822224,-0.2428360933,0.7002612861,-0.2656026613,0.3830055837,0.7489396788,1.145720993e-05,1.43430896e-05,0.2091302383,0.6230847358,0.1677850259,0.06243696105,0.06217409311
19.744,15.18397782,-0.2903625855,-0.2344182471,0.706139864,-0.2571395465,0.3731787047,0.7515013332,1.346126381e-05,1.536354514e-05,0.2036335983,0.6288739941,0.1674924075,0.06437125245,0.06411974006
19.768,15.1655432,-0.2848924113,-0.2259095764,0.711720073,-0.2485093356,0.3635915603,0.7538583104,1.543641926e-05,1.65154466e-05,0.1985070532,0.6343712627,0.1671216841,0.06630823021,0.06606891034
19.792,15.14715329,-0.2798249213,-0.2173035662,0.7169962841,-0.2397229945,0.3542920073,0.7560097787,1.735265193e-05,1.778293608e-05,0.1937695113,0.6395710309,0.1666594578,0.06824668451,0.06802024508
19.816,15.12880793,-0.2752115176,-0.2085398803,0.7219632009,-0.2307924031,0.3452973517,0.7579551416,1.919346759e-05,1.914055917e-05,0.1894158088,0.644468534,0.1661156572,0.07018554732,0.06997253687
19.84,15.11050696,-0.2710292754,-0.1995117496,0.7266160185,-0.2217305127,0.3365439145,0.7596941875,2.094905529e-05,2.056248499e-05,0.1853856573,0.6490599549,0.1655543878,0.07212385051,0.0719246959
19.864,15.0922502,-0.2671520197,-0.1901738312,0.7309505578,-0.2125517139,0.3279272598,0.7612272651,2.261143786e-05,2.202497479e-05,0.1815969766,0.6533426668,0.1650603566,0.07406068835,0.07387571725
19.888,15.07403751,-0.2634694923,-0.1806096169,0.7349633668,-0.2032726664,0.3194307548,0.7625555242,2.417134494e-05,2.350562508e-05,0.1780311943,0.6573155794,0.1646532263,0.07599518656,0.07582465144
19.912,15.05586872,-0.2599757483,-0.1709352967,0.7386516809,-0.1939142468,0.3111370524,0.7636812429,2.561639209e-05,2.498152071e-05,0.1747327422,0.6609796209,0.1642876369,0.07792647617,0.07777057947
19.936,15.03774368,-0.2567192958,-0.1612163922,0.7420126181,-0.1845065708,0.3031427419,0.7646080042,2.693019235e-05,2.642723151e-05,0.1717491963,0.6643379938,0.16391281,0.07985367358,0.07971259295
19.96,15.01966222,-0.2537450622,-0.15147468,0.7450377883,-0.1751039006,0.2955184179,0.7653382795,2.809216166e-05,2.781301743e-05,0.1691070024,0.6673924619,0.1635005358,0.08177586629,0.08164977909
19.984,15.0016242,-0.2510803404,-0.1417151625,0.7476731322,-0.1658361696,0.2883132405,0.7658438142,2.90779105e-05,2.910344443e-05,0.1668166288,0.6700979587,0.1630854124,0.08369210335,0.08358121011
20.008,14.98362945,-0.2487392074,-0.1319401762,0.7494084648,-0.1570000932,0.2815659841,0.7656775277,2.986019436e-05,3.025664053e-05,0.1648807943,0.671768014,0.1633511917,0.08560138998,0.08550593672
20.032,14.96567782,-0.2467282201,-0.122153707,0.7492477917,-0.1460335033,0.275311356,0.7633466037,3.041041303e-05,3.122450685e-05,0.1632990312,0.6701210237,0.1665799451,0.08750268757,0.08742298529
20.056,14.94776915,-0.2450499334,-0.1123619559,0.7520860386,-0.1349794956,0.2695824159,0.7641026591,3.070060207e-05,3.19542483e-05,0.1620695964,0.6731842319,0.1647461717,0.08939491648,0.08933135725
20.08,14.92990329,-0.2437047165,-0.1025729137,0.7539761123,-0.1252540379,0.2644110275,0.7643091992,3.070576287e-05,3.239150974e-05,0.1611901529,0.6753985833,0.1634112637,0.09127696052,0.09123003029
20.104,14.91208008,-0.2426916365,-0.09279582489,0.7551792897,-0.1155806607,0.2598274341,0.7639729372,3.04062581e-05,3.248511647e-05,0.1606579726,0.6767726113,0.1625694162,0.09314767611,0.09311796149
20.128,14.89429938,-0.2420088785,-0.0830407542,0.7559289885,-0.1058963116,0.2558594616,0.763310333,2.978990436e-05,3.219291176e-05,0.1604699699,0.6776367576,0.1618932725,0.0950059049,0.09499409212
20.152,14.87656104,-0.2416539454,-0.07331827176,0.7562949839,-0.09621903669,0.2525315788,0.7623911107,2.885337355e-05,3.148759177e-05,0.1606226889,0.6780975597,0.1612797515,0.09685048976,0.09685735304
20.176,14.85886489,-0.2416237522,-0.06363923122,0.7563048061,-0.08656844251,0.2498639418,0.7612430985,2.76026016e-05,3.036104852e-05,0.1611122842,0.6781977258,0.16068999,0.098680294,0.09870666995
20.2,14.84121079,-0.2419146703,-0.05401461357,0.7559727456,-0.07696141149,0.2478715115,0.7598801557,2.605209083e-05,2.882585835e-05,0.1619345083,0.6779588192,0.1601066725,0.1004942214,0.1005409673
20.224,14.8235986,-0.2425225478,-0.04445541627,0.7553082457,-0.06741277956,0.2465633189,0.7583106414,2.422322443e-05,2.691329409e-05,0.1630847052,0.6773941979,0.159521097,0.1022912344,0.1023591683
20.248,14.80602815,-0.243442717,-0.03497257466,0.7543188386,-0.05793598532,0.2459419391,0.7565404739,2.214191332e-05,2.466831709e-05,0.1645578072,0.6765136736,0.1589285193,0.1040703692,0.1041601843
20.272,14.78849931,-0.2446699957,-0.0255769077,0.753011321,-0.0485434293,0.2460032216,0.7545743927,1.983600252e-05,2.214290349e-05,0.1663482982,0.6753254047,0.1583262971,0.1058307128,0.10594289
20.296,14.77101192,-0.2461986816,-0.01627908485,0.7513922625,-0.03924663539,0.2467362953,0.7524165273,1.733286246e-05,1.938937633e-05,0.1684501244,0.6738366999,0.1577131757,0.1075713246,0.1077060689
20.32,14.75356585,-0.2480225405,-0.007089614538,0.7494682211,-0.03005627674,0.2481238465,0.7500706594,1.465751707e-05,1.645514281e-05,0.1708564971,0.6720543033,0.1570891996,0.1092910537,0.1094483089
20.344,14.73616093,-0.2501347871,0.001981140177,0.7472458075,-0.02098207591,0.2501426326,0.7475403296,1.183160866e-05,1.337976328e-05,0.1735595255,0.6699843522,0.1564561223,0.1109881887,0.1111678077
20.368,14.71879703,-0.2525280564,0.01092290622,0.7447316487,-0.01203252503,0.2527641769,0.7448288463,8.873700799e-06,1.019538562e-05,0.1765496679,0.6676320497,0.1558182824,0.1126599386,0.1128620393
20.392,14.70147401,-0.2551943665,0.01972538053,0.741932261,-0.003214247593,0.255955573,0.7419392235,5.8031241e-06,6.935068414e-06,0.1798151907,0.6650010985,0.1551837108,0.1143019353,0.1145272871
20.416,14.68419171,-0.2581250871,0.02837799844,0.7388538532,0.005469514945,0.2596803254,0.7388740975,2.669988715e-06,3.688300986e-06,0.1833421987,0.6620932672,0.154564534,0.1159083273,0.1161583352
20.44,14.66695,-0.261310955,0.03686950402,0.7355023219,0.01402293516,0.2638991768,0.7356359889,1.119720916e-06,1.576566131e-06,0.1871159415,0.6589094037,0.1539746548,0.117473166,0.1177490955
20.464,14.64974873,-0.2647422803,0.04518717162,0.7318858439,0.02247030154,0.2685709505,0.7322307033,4.230553826e-06,4.091309469e-06,0.1911230236,0.6554564088,0.1534205676,0.1189926682,0.1192946059
20.488,14.63258776,-0.2684097512,0.05331546484,0.7280448675,0.03090407964,0.273653674,0.7287004811,7.623604575e-06,7.614379541e-06,0.1953525535,0.6517972165,0.15285023,0.1204662201,0.1207928253
20.512,14.61546695,-0.2723069527,0.06123407291,0.7244389773,0.03955896579,0.2791069476,0.7255182586,1.099880194e-05,1.121991178e-05,0.1997955405,0.6486207609,0.1515836986,0.1218948522,0.1222440173
20.536,14.59838615,-0.2764371328,0.06891669387,0.7214644193,0.04635832125,0.2848982258,0.7229522821,1.417721528e-05,1.463025111e-05,0.2044457096,0.646308544,0.1492457464,0.1232787103,0.1236485415
20.56,14.58134523,-0.2808269808,0.07633793948,0.7162936678,0.05325936947,0.2910176527,0.7182709648,1.685469237e-05,1.737778552e-05,0.2093065932,0.640918696,0.1497747108,0.1246153187,0.1250055168
20.584,14.56434405,-0.285535469,0.08350667472,0.7112539033,0.06062159713,0.2974959979,0.7138326785,1.854249752e-05,1.869653727e-05,0.2144027344,0.635870143,0.1497271226,0.1258988653,0.1263130497
20.608,14.54738247,-0.2906018843,0.09051451987,0.7061957206,0.06782801387,0.3043720314,0.709445583,1.861348753e-05,1.783979819e-05,0.219762964,0.630882199,0.149354837,0.1271206302,0.1275691634
20.632,14.53046035,-0.2959409998,0.09747320303,0.7010171589,0.0748216208,0.3115800068,0.704998817,1.660015036e-05,1.502716692e-05,0.225354672,0.6257954133,0.1488499147,0.1282725711,0.1287720811
20.656,14.51357756,-0.3014056083,0.1043653945,0.6956924388,0.08159521181,0.3189631268,0.7004610967,1.279280796e-05,1.222969894e-05,0.2310946638,0.6205641739,0.1483411623,0.1293571873,0.1299184258
20.68,14.49673395,-0.3069385492,0.1110919287,0.6902186484,0.08814676121,0.3264240947,0.6958244276,9.301890498e-06,1.242181019e-05,0.2369518922,0.6151725279,0.1478755799,0.1303992025,0.1310008936
20.704,14.47992939,-0.3125548456,0.117587328,0.6846016411,0.09447482051,0.3339420777,0.691089646,1.101106169e-05,1.617848306e-05,0.2429639833,0.6096320106,0.1474040061,0.131446672,0.1320271116
20.728,14.46316374,-0.3182751872,0.1238293185,0.6788522311,0.1005780857,0.3415154388,0.6862625612,1.818227791e-05,2.180412078e-05,0.2491880778,0.6040548329,0.1467570893,0.1325552825,0.1330985295
20.752,14.44643687,-0.324105084,0.1298128685,0.6729861253,0.106455424,0.3491353409,0.6813538597,2.843264702e-05,2.834586805e-05,0.2556132441,0.5985282435,0.1458585125,0.133717757,0.1342851605
20.776,14.42974865,-0.3300346192,0.1355341381,0.667027102,0.1121057012,0.3567805383,0.6763821723,4.31192722e-05,3.54425689e-05,0.2621350323,0.5929256841,0.1449392836,0.1348426779,0.1354328399
20.8,14.41309894,-0.3360370058,0.1409798991,0.661017467,0.1175264118,0.364412131,0.6713840549,6.553501563e-05,3.997111969e-05,0.2686567503,0.5872258139,0.1441174358,0.1358605448,0.1364692632
20.824,14.39648761,-0.3420566351,0.1461037377,0.6550551289,0.1227048526,0.3719530129,0.6664485747,2.309373178e-05,2.364789917e-05,0.275085967,0.5815222792,0.1433917538,0.1367369227,0.1373685759
20.848,14.37991452,-0.3479848856,0.1507109745,0.6494765259,0.1275339075,0.3792193013,0.661879638,4.120551349e-05,5.091171657e-05,0.2812045358,0.5760769497,0.1427185146,0.1373972556,0.1379922919
20.872,14.36337955,-0.3541119112,0.1537890584,0.6459592653,0.1294555203,0.386065176,0.6588035399,6.011771867e-05,6.698499066e-05,0.2864558229,0.5720917741,0.1414524029,0.1374094992,0.1380696655
20.896,14.34688256,-0.3641186708,0.1577082039,0.63144258,0.1341077296,0.3968050957,0.6455266183,7.921147169e-05,8.253983728e-05,0.2955759676,0.5554987921,0.1489252403,0.1381216774,0.1387941703
20.92,14.33042342,-0.3708751486,0.1640651633,0.6261458349,0.1402396023,0.4055437752,0.6416585951,9.94038355e-05,9.901193854e-05,0.3034525517,0.5514321158,0.1451153324,0.1389867882,0.1397063534
20.944,14.31400201,-0.3771560494,0.1686465727,0.6199300588,0.1446117136,0.4131444688,0.6365735037,0.0001171484801,0.0001140054703,0.3105017069,0.5457675219,0.1437307712,0.139813341,0.1405416834
20.968,14.29761818,-0.3837008489,0.172627218,0.6133820992,0.1485407974,0.4207451697,0.6311116923,0.0001237421615,0.0001210716885,0.3176137932,0.5396294118,0.142756795,0.1405872801,0.141327429
20.992,14.28127182,-0.3904095471,0.1762665525,0.6066750522,0.152180169,0.4283567578,0.6254705611,0.0001143253989,0.0001146690572,0.3247954351,0.5332833348,0.1419212301,0.14130591,0.1420698989
21.016,14.26496279,-0.3972189576,0.1796283105,0.5998720876,0.155569473,0.4359463616,0.6197163726,9.592842718e-05,9.825258472e-05,0.3320265415,0.5268201756,0.1411532829,0.1419773021,0.1427717835
21.04,14.24869097,-0.4040917243,0.1827355756,0.5930046539,0.1587244784,0.4434889088,0.6138794504,7.709404927e-05,7.961441879e-05,0.3392934231,0.5202841781,0.1404223989,0.1426110049,0.1434361921
21.064,14.23245623,-0.4110014984,0.1856021445,0.5860925471,0.1616537476,0.4509660605,0.6079773087,6.111100619e-05,6.305860191e-05,0.3465840964,0.5137020567,0.1397138469,0.1432137049,0.1440656449
21.088,14.21625844,-0.4179280804,0.1882421896,0.5791505505,0.1643631167,0.4583655771,0.6020220879,4.82522083e-05,4.952254549e-05,0.3538869242,0.5070920272,0.1390210486,0.1437879196,0.1446614305
21.112,14.20009748,-0.4248585528,0.1906738176,0.5721910281,0.1668570651,0.4656836851,0.596023366,3.803867457e-05,3.874595505e-05,0.3611937075,0.5004673981,0.1383388944,0.1443324115,0.1452235438
21.136,14.18397322,-0.4317917635,0.1929170442,0.5652249086,0.1691389116,0.4729282324,0.5899891259,3.004431306e-05,3.034110305e-05,0.3685046964,0.4938379603,0.1376573433,0.1448435825,0.1457507907
21.16,14.16788554,-0.4387401054,0.1949847728,0.5582615837,0.1712102609,0.4801165918,0.5839254655,2.410757712e-05,2.413852886e-05,0.3758289996,0.4872099133,0.1369610871,0.1453170573,0.1462409635
21.184,14.15183431,-0.445720997,0.1968728521,0.5513072983,0.1730697845,0.4872639193,0.577834654,2.036043143e-05,2.025925464e-05,0.3831749547,0.4805840325,0.1362410128,0.1457488273,0.1466911447
21.208,14.13581941,-0.4527417505,0.1985616954,0.5443608528,0.1747118683,0.4943701442,0.5717105692,1.90433297e-05,1.892040722e-05,0.3905376451,0.4739511227,0.1355112322,0.1461358053,0.1470981473
21.232,14.11984071,-0.4597931424,0.2000296422,0.5374058034,0.1761274375,0.5014195764,0.565531495,2.005971927e-05,1.995958845e-05,0.3978975905,0.4672848989,0.1348175106,0.1464759985,0.1474590268
21.256,14.1038981,-0.466856247,0.2012634753,0.5304037998,0.1773111289,0.5083913275,0.5592561374,2.284236334e-05,2.273153212e-05,0.4052302606,0.4605389852,0.1342307542,0.1467685182,0.1477715574
21.28,14.08799145,-0.47391229,0.2022587465,0.523305491,0.1782718387,0.515268337,0.5528376664,2.677083577e-05,2.657312969e-05,0.4125149379,0.453664069,0.1338209932,0.147013478,0.1480345829
21.304,14.07212063,-0.4809483611,0.2030149211,0.516089768,0.1790255547,0.5220405964,0.546258911,3.145105503e-05,3.107281444e-05,0.4197381212,0.4466470001,0.1336148788,0.1472117359,0.1482482012
21.328,14.05628554,-0.4879602702,0.2035313746,0.5087982732,0.1795691111,0.5287061998,0.5395560661,3.668927855e-05,3.602395598e-05,0.4268948157,0.439534606,0.1335705783,0.1473645687,0.1484138563
21.352,14.04048604,-0.4949560027,0.2038076764,0.5015202626,0.1798854122,0.5352747085,0.532805157,4.237980087e-05,4.130828099e-05,0.4339926002,0.4324158135,0.1335915863,0.1474735848,0.1485344765
21.376,14.02472202,-0.5019592861,0.2038525848,0.4943380505,0.1799795763,0.5417739392,0.5260824613,4.836875957e-05,4.677269849e-05,0.4410601741,0.4253774438,0.1335623821,0.1475411706,0.1486146855
21.4,14.00899336,-0.5090005898,0.2037044428,0.4872865559,0.1798817054,0.5482491227,0.519428162,5.423512835e-05,5.205217e-05,0.4481485416,0.418466448,0.1333850104,0.1475714382,0.1486608298
21.424,13.99329994,-0.5160758388,0.2034377882,0.4803592054,0.1796202697,0.5547262434,0.5128434532,5.892927719e-05,5.6291135e-05,0.4552923197,0.4116887622,0.1330189181,0.1475711112,0.1486803516
21.448,13.97764164,-0.5231134239,0.2031066464,0.4735349174,0.1792090088,0.5611594818,0.5063113537,6.05203978e-05,5.792664171e-05,0.4624492691,0.4050319981,0.1325187328,0.1475493014,0.1486808079
21.472,13.96201835,-0.5300334384,0.2026867498,0.4667952354,0.1786507384,0.5674657385,0.4998138435,5.708115501e-05,5.526054593e-05,0.4695330319,0.3984824249,0.1319845432,0.1475156643,0.1486685438
21.496,13.94642994,-0.5368152662,0.2021201462,0.4601285845,0.1779439742,0.573605425,0.4933379899,4.893207576e-05,4.822440403e-05,0.4765002536,0.3920305465,0.1314691999,0.1474770677,0.1486481719
21.52,13.9308763,-0.5434784759,0.2013735024,0.4535290862,0.1770866931,0.579586181,0.4868760919,3.890893295e-05,3.906759961e-05,0.4833555161,0.385669655,0.1309748289,0.1474353733,0.1486213246
21.544,13.91535732,-0.5500456365,0.2004409802,0.4469945233,0.1760776712,0.5854287222,0.4804242397,2.97897247e-05,3.044725896e-05,0.4901145381,0.3793937998,0.1304916621,0.1473877485,0.1485863487
21.568,13.89987287,-0.55653052,0.1993287644,0.4405248129,0.1749167067,0.5911498761,0.4739809755,2.294284046e-05,2.387171399e-05,0.49678674,0.3731967878,0.1300164722,0.1473285635,0.1485388221
21.592,13.88442284,-0.5629394934,0.1980457643,0.4341210845,0.1736044937,0.5967604192,0.4675464001,1.874021557e-05,1.978346059e-05,0.5033746885,0.3670730769,0.1295522346,0.1472516902,0.1484734403
21.616,13.86900712,-0.5692746138,0.1966004521,0.4277852099,0.1721424763,0.602266821,0.4611216954,1.697219273e-05,1.795906151e-05,0.5098777361,0.3610193309,0.129102933,0.1471524121,0.1483861127
21.64,13.8536256,-0.5755355379,0.1950003561,0.421519701,0.1705328609,0.6076728514,0.4547090443,1.697093165e-05,1.776114437e-05,0.5162947147,0.355035219,0.1286700662,0.1470284202,0.1482749037
21.664,13.83827816,-0.5817200121,0.1932526622,0.4153281601,0.1687790951,0.6129802313,0.4483122389,1.797326945e-05,1.851923709e-05,0.5226247007,0.349123913,0.1282513863,0.1468799365,0.1481400491
21.688,13.82296468,-0.5878218279,0.1913665873,0.4092177158,0.1668883053,0.6181874085,0.4419398663,1.957351515e-05,1.993193278e-05,0.5288659183,0.343295442,0.1278386397,0.1467102458,0.1479845962
21.712,13.80768506,-0.5938119697,0.1893695033,0.4032175971,0.1648898392,0.6232763947,0.4356295326,2.250553344e-05,2.300327337e-05,0.5350077663,0.3375967084,0.1273955253,0.1465343017,0.1478236181
21.736,13.79243918,-0.60152058,0.1856983251,0.3955078952,0.1607838104,0.6295322677,0.4269401935,0.0002201473065,0.0002230673081,0.540903603,0.3281689794,0.1309274176,0.1445926784,0.1458910008
21.76,13.77722693,-0.6058692221,0.184706947,0.3911487591,0.1601682745,0.6333989032,0.4226715367,1.810784929e-05,1.677597784e-05,0.547134233,0.3259028542,0.1269629127,0.1459400621,0.147251626
21.784,13.7620482,-0.6116370777,0.1822954154,0.385374184,0.1577433735,0.6382252998,0.4164087338,1.9319981e-05,1.791200323e-05,0.5530211338,0.3204095689,0.1265692973,0.1456896001,0.147013335
21.808,13.74690288,-0.6173548984,0.1797279836,0.3796521078,0.155153676,0.6429846177,0.4101321569,1.977274902e-05,1.824968887e-05,0.5588240183,0.3149377894,0.1262381923,0.1453947993,0.1467294029
21.832,13.73179086,-0.6229994589,0.1770247243,0.3740054636,0.1524232112,0.6476620097,0.4038724082,1.982967314e-05,1.819522023e-05,0.5645342086,0.3095257274,0.125940064,0.1450681294,0.1464128049
21.856,13.71671202,-0.628564623,0.1741910308,0.3684401397,0.1495586502,0.6522545519,0.3976379338,1.964691762e-05,1.792979927e-05,0.5701468292,0.3041810667,0.1256721041,0.1447108283,0.14606514
21.88,13.70166627,-0.6340472503,0.1712295329,0.3629588163,0.1465634336,0.6567613483,0.3914331902,1.936382693e-05,1.760793574e-05,0.5756575416,0.2989058602,0.1254365982,0.1443220726,0.1456859175
21.904,13.68665349,-0.639445408,0.1681415994,0.3575627582,0.1434394299,0.661182295,0.3852609455,1.919044287e-05,1.745230306e-05,0.58106204,0.2936995702,0.1252383898,0.1439000124,0.1452735738
21.928,13.67167357,-0.6447588547,0.1649266201,0.3522514264,0.140185976,0.6655184225,0.3791215838,1.954007295e-05,1.788623225e-05,0.5863556273,0.2885577271,0.1250866455,0.1434408562,0.1448245516
21.952,13.6567264,-0.6499928157,0.1615771243,0.3470189525,0.1367940491,0.6697744603,0.3730077281,2.14535608e-05,1.994678086e-05,0.5915314279,0.2834628704,0.1250057017,0.1429335998,0.1443281048
21.976,13.64181189,-0.6551849532,0.1580449134,0.3418285726,0.1332060591,0.6739773866,0.3668659527,2.942305956e-05,2.806117739e-05,0.5965679975,0.278319857,0.1251121454,0.1423224791,0.143729229
22,13.62692991,-0.6649459092,0.152920997,0.3319556942,0.1260066242,0.6823033735,0.3550665463,0.0003692889413,0.0003440600373,0.6035214127,0.2654245852,0.1310540021,0.1379833829,0.1393522145
22.024,13.61208037,-0.6647863847,0.151365385,0.3322126711,0.1265248638,0.6818008632,0.3554909281,3.614281396e-06,4.479675466e-06,0.6065682498,0.2695071575,0.1239245926,0.1417158327,0.1431333575
22.048,13.59726315,-0.6696758542,0.147503901,0.3273125528,0.1226033271,0.68572819,0.3495212197,1.198657241e-05,1.117914914e-05,0.6112503318,0.2646232799,0.1241263883,0.1410271812,0.1424581968
22.072,13.58247816,-0.6744076528,0.1436427342,0.3225685249,0.1186922557,0.6895352908,0.3437125322,1.891794596e-05,1.772304953e-05,0.6158556814,0.2599769015,0.1241674171,0.1403967638,0.1418385963
22.096,13.56772529,-0.6790203023,0.1397187356,0.3179416329,0.1147185179,0.6932459131,0.3380047637,2.608019203e-05,2.440551456e-05,0.6203578439,0.2554666588,0.1241754973,0.1397679472,0.1412194379
22.12,13.55300443,-0.6835207896,0.1357246268,0.3134256099,0.1106726207,0.6968657289,0.3323913987,3.426790306e-05,3.197341763e-05,0.6247532658,0.2510756005,0.1241711337,0.1391314205,0.1405915576
22.144,13.53831548,-0.6879109592,0.1316616758,0.3090194827,0.1065551126,0.7003972334,0.3268746438,4.392437403e-05,4.087369236e-05,0.6290419643,0.2468004669,0.1241575688,0.1384856778,0.1399534325
22.168,13.52365834,-0.6921912806,0.1275331868,0.3047236433,0.1023692114,0.7038419444,0.3214591019,5.545329802e-05,5.153715592e-05,0.6332248177,0.2426416165,0.1241335658,0.1378313319,0.1393056596
22.192,13.50903289,-0.6963617697,0.1233428447,0.3005388326,0.09811893089,0.7072009415,0.3161501455,6.92934934e-05,6.447430959e-05,0.6373028338,0.2386004574,0.1240967088,0.1371696573,0.1386495387
22.216,13.49443905,-0.7004222932,0.1190941501,0.2964657763,0.09380841647,0.7104750562,0.3109533333,8.590362243e-05,8.031140188e-05,0.6412768929,0.2346785549,0.1240445522,0.1365020801,0.137986573
22.24,13.47987671,-0.7043727008,0.1147902101,0.2925050246,0.08944165381,0.7136649732,0.3058741553,0.0001056352959,9.975740955e-05,0.64514767,0.2308772598,0.1239750702,0.1358299648,0.137318251
22.264,13.46534576,-0.7082129004,0.1104336809,0.2886568784,0.08502232794,0.7167713095,0.3009179119,0.0001283952401,0.0001233924489,0.6489156447,0.2271975437,0.1238868116,0.135154518,0.1366459388
22.288,13.45084611,-0.7119429069,0.1060267896,0.2849213604,0.0805537577,0.719794681,0.2960896646,0.0001529921072,0.0001510211383,0.6525811537,0.2236399352,0.123778911,0.1344767476,0.1359708229
22.312,13.43637764,-0.7155628726,0.1015713983,0.2812982173,0.07603887498,0.7227357564,0.2913942305,0.000176384045,0.0001803090128,0.6561444583,0.2202045137,0.123651028,0.1337974536,0.1352938836
22.336,13.42194028,-0.7190731005,0.09706908641,0.2777869415,0.07148023317,0.7255952945,0.2868362052,0.0001939267701,0.0002054185647,0.6596058055,0.2168909377,0.1235032568,0.1331172365,0.1346158869
22.36,13.4075339,-0.7224740412,0.09252123627,0.274386808,0.06688003465,0.7283741617,0.2824200054,0.0002018200988,0.0002188670918,0.6629654753,0.2136984985,0.1233360262,0.1324365151,0.1339373912
22.384,13.39315842,-0.7257662777,0.08792911119,0.2710969184,0.06224017027,0.7310733331,0.27814992,0.00019991846,0.000217758524,0.666223807,0.2106261958,0.1231499972,0.1317555486,0.1332587704
22.408,13.37881373,-0.7289505007,0.08329391946,0.2679162489,0.05756226512,0.73369388,0.274030164,0.0001913097375,0.000206200713,0.6693812056,0.2076732296,0.1229455648,0.1310744595,0.1325806563
22.432,13.36449973,-0.7320274805,0.07861686265,0.2648436964,0.05284772641,0.7362369478,0.2700649287,0.0001796051794,0.0001903395203,0.672438132,0.2048368438,0.1227250243,0.1303932564,0.1319017418
22.456,13.35021633,-0.7349980379,0.07389916826,0.2618781215,0.04809779038,0.7387037314,0.2662584233,0.0001672722199,0.0001742211401,0.6753950765,0.2021167089,0.1224882146,0.1297118458,0.1312231306
22.48,13.33596343,-0.7378630181,0.06914210891,0.2590183848,0.04331356588,0.7410954491,0.2626149056,0.000155547921,0.0001595630014,0.678252552,0.1995109956,0.1222364524,0.1290300632,0.1305443815
22.504,13.32174093,-0.7406232685,0.06434701106,0.2562633759,0.03849607338,0.7434133196,0.2591386993,0.0001448949191,0.0001467951059,0.6810109776,0.1970180514,0.1219709709,0.1283475929,0.1298651644
22.528,13.30754874,-0.7432796221,0.05951525609,0.2536120359,0.03364627872,0.7456585427,0.2558341979,0.0001353922263,0.0001358247004,0.6836709415,0.1946362976,0.1216927609,0.1276642608,0.1291851423
22.552,13.29338675,-0.7458328846,0.05464827631,0.251063372,0.02876512119,0.7478322846,0.2527058546,0.0001269589482,0.0001264009494,0.6862328496,0.1923642048,0.1214029456,0.1269797076,0.1285039399
22.576,13.27925487,-0.7482838274,0.04974754818,0.2486164665,0.02385353627,0.7499356672,0.2497581602,0.0001194623168,0.0001182578185,0.6886971026,0.1902003074,0.12110259,0.1262935833,0.1278211548
22.6,13.26515301,-0.7506331831,0.04481458417,0.2462704805,0.01891247327,0.7519697617,0.2469956097,0.0001127644594,0.0001111607228,0.6910640585,0.1881432124,0.120792729,0.1256055233,0.1271363689
22.624,13.25108106,-0.7528816441,0.03985092428,0.2440246533,0.01394290839,0.7539355849,0.2444226588,0.0001067402376,0.0001049161727,0.6933340341,0.1861916025,0.1204743634,0.1249151566,0.1264491554
22.648,13.23703894,-0.7550298635,0.03485812806,0.241878299,0.008945853864,0.7558340982,0.2420436733,0.0001012823559,9.936878912e-05,0.695507308,0.1843442344,0.1201484576,0.1242221138,0.1257590847
22.672,13.22302655,-0.7570784575,0.02983776731,0.2398308004,0.00392236371,0.7576662083,0.2398628729,9.630127399e-05,9.439500652e-05,0.6975841254,0.1825999339,0.1198159407,0.1235260329,0.1250657272
22.696,13.2090438,-0.7590280079,0.02479141972,0.2378816027,-0.001126463356,0.7594327694,0.2378842698,9.172327239e-05,8.989675511e-05,0.6995647025,0.1809575884,0.1194777091,0.1228265628,0.1243686545
22.72,13.19509058,-0.7608790657,0.01972066343,0.2360302047,-0.006199483241,0.7611345854,0.2361116074,8.748810138e-05,8.579610838e-05,0.7014492294,0.1794161377,0.1191346329,0.1221233646,0.1236674392
22.744,13.18116681,-0.7626321548,0.01462707246,0.2342761519,-0.01129550765,0.7627724135,0.2345482974,8.354677915e-05,8.20310456e-05,0.7032378725,0.1779745645,0.118787563,0.1214161108,0.122961654
22.768,13.1672724,-0.7642877755,0.009512212799,0.2326190279,-0.01641330669,0.7643469671,0.2331973601,7.985973473e-05,7.855221256e-05,0.7049307743,0.1766318857,0.11843734,0.1207044819,0.1222508708
22.792,13.15340725,-0.7658464078,0.004377639112,0.2310584482,-0.02155161269,0.7658589192,0.232061368,7.639533742e-05,7.532050811e-05,0.706528051,0.1753871445,0.1180848045,0.1199881611,0.1215346603
22.816,13.13957127,-0.7673085139,-0.0007751082553,0.2295940536,-0.02670912493,0.7673089054,0.2311423951,7.312880171e-05,7.230534218e-05,0.7080297889,0.1742394049,0.1177308062,0.1192668273,0.1208125929
22.84,13.12576436,-0.768674541,-0.005944506092,0.228225505,-0.03188451528,0.7686975264,0.2304419741,7.004144935e-05,6.948345317e-05,0.7094360384,0.1731877494,0.1173762122,0.1185401464,0.1200842411
22.864,13.11198644,-0.769944923,-0.01112905131,0.2269524802,-0.03707643486,0.7700253504,0.2299610626,6.712032673e-05,6.683822218e-05,0.7107468086,0.1722312796,0.1170219118,0.1178077638,0.1193491849
22.888,13.09823742,-0.7711200818,-0.01632726445,0.2257746718,-0.04228352183,0.7712929146,0.2297000188,6.435821049e-05,6.435947846e-05,0.7119620631,0.1713691226,0.1166688143,0.1170692988,0.1186070198
22.912,13.0845172,-0.7722004271,-0.02153769431,0.2246917878,-0.04750441114,0.7725007261,0.2296585914,6.175409223e-05,6.204386549e-05,0.71308172,0.1706004411,0.1163178389,0.1163243443,0.1178573686
22.936,13.07082569,-0.7731863558,-0.02675892456,0.2237035561,-0.05273774736,0.7736492621,0.2298359219,5.931433364e-05,5.989595074e-05,0.714105659,0.169924451,0.11596989,0.1155724747,0.1170998964
22.96,13.0571628,-0.7740782488,-0.03198958401,0.2228097337,-0.05798220305,0.7747389681,0.2302305655,5.705486798e-05,5.793046266e-05,0.7150337383,0.1693404477,0.115625814,0.1148132663,0.1163343311
22.984,13.04352845,-0.7748764658,-0.03722836351,0.2220101263,-0.06323650775,0.7757702549,0.2308405339,5.500519196e-05,5.617642943e-05,0.7158658256,0.168847845,0.1152863294,0.1140463342,0.1155604898
23.008,13.02992255,-0.7755813355,-0.04247404543,0.2213046243,-0.06849949817,0.7767434921,0.2316633721,5.321568065e-05,5.468482676e-05,0.7166018475,0.1684462387,0.1149519138,0.1132713922,0.1147783177
23.032,13.016345,-0.7761931386,-0.04772555839,0.2206932731,-0.07377021491,0.7776589981,0.2326962943,5.177159393e-05,5.35432769e-05,0.7172418682,0.168135518,0.1146226138,0.1124883483,0.1139879497
23.056,13.00279571,-0.7767120808,-0.05298208669,0.2201764175,-0.07904811033,0.7785170249,0.2339364413,5.082185561e-05,5.290630309e-05,0.7177862305,0.1679160894,0.1142976801,0.1116974699,0.113189828
23.08,12.98927461,-0.7771382515,-0.0582433094,0.2197550212,-0.08433355977,0.7793177433,0.2353814323,5.064435603e-05,5.306402729e-05,0.7182358717,0.1677893848,0.1139747435,0.1108997241,0.1123849633
23.104,12.9757816,-0.7774715843,-0.06350998545,0.219431453,-0.08962936037,0.7800612685,0.2370307676,5.181613803e-05,5.462119157e-05,0.7185932479,0.1677592155,0.1136475366,0.1100976626,0.1115756277
23.128,12.96231659,-0.7777120035,-0.06878561226,0.2192116078,-0.09494640792,0.780747988,0.2388902454,5.575662446e-05,5.906803682e-05,0.7188658446,0.1678361569,0.1132979986,0.1092984207,0.110767604
23.152,12.94887949,-0.7778614095,-0.07408208233,0.2191084698,-0.1003364976,0.7813811665,0.24098949,6.714289052e-05,7.13114647e-05,0.7190815288,0.1680559457,0.1128625254,0.108524997,0.1099800064
23.176,12.93547023,-0.7779466916,-0.07944104904,0.2188381065,-0.1061901856,0.7819922859,0.2432415926,0.0001155894411,0.0001221254598,0.7170641565,0.166166578,0.1167692655,0.1055522079,0.1070000907
23.2,12.92208871,-0.7782366513,-0.08480948101,0.2183950744,-0.1105763393,0.7828441311,0.2447928416,0.0001963540265,0.0002006644249,0.7193183648,0.1678301038,0.1128515314,0.1064733927,0.1079065283
23.224,12.90873484,-0.7781841053,-0.08965124977,0.2187744314,-0.1158094832,0.7833312507,0.2475360342,2.963545858e-05,3.023961462e-05,0.719325753,0.1684409941,0.1122332529,0.1057179037,0.107166905
23.248,12.89540855,-0.7778451321,-0.09482632484,0.2190492861,-0.1210861183,0.783603906,0.2502887089,1.078774567e-05,1.051777259e-05,0.7189187034,0.1689771371,0.1121041595,0.1048836218,0.1063326992
23.272,12.88210975,-0.7775032708,-0.100052033,0.2193682822,-0.1263485057,0.7839143738,0.2531528948,7.474930068e-06,7.67296389e-06,0.7185466504,0.169557438,0.1118959117,0.1040249049,0.1054710498
23.296,12.86883834,-0.7771045407,-0.1052703608,0.219758632,-0.1315970188,0.7842023438,0.2561476755,8.214354045e-06,8.801789682e-06,0.718126197,0.1702065108,0.1116672922,0.1031528809,0.104594879
23.32,12.85559425,-0.7766315637,-0.1104757776,0.2202281271,-0.1368322418,0.7844497965,0.259274932,9.436517744e-06,1.008983113e-05,0.7176329985,0.1709320294,0.1114349721,0.1022715152,0.1037085389
23.344,12.8423774,-0.7760786118,-0.1156672392,0.2207795148,-0.142053973,0.784650828,0.2625317608,1.064800278e-05,1.121552935e-05,0.7170596474,0.171736942,0.1112034106,0.1013827254,0.1028140164
23.368,12.82918769,-0.7754435864,-0.1208440405,0.2214137772,-0.1472615799,0.7848031841,0.265913583,1.188044376e-05,1.22999689e-05,0.7164036753,0.1726224285,0.1109738963,0.1004876373,0.1019123947
23.392,12.81602505,-0.7747257559,-0.1260053932,0.2221311495,-0.1524542147,0.7849059536,0.2694151725,1.318449222e-05,1.344409561e-05,0.7156643524,0.1735888335,0.1107468141,0.09958699633,0.1010042981
23.416,12.80288939,-0.7739249883,-0.1311504184,0.2229315067,-0.1576309228,0.7849588013,0.2730310687,1.457817501e-05,1.469576242e-05,0.714841647,0.174635997,0.110522356,0.09868132696,0.1000900323
23.44,12.78978063,-0.7730414478,-0.1362781796,0.2238145324,-0.1627906989,0.7849616693,0.2767557706,1.605491948e-05,1.606387619e-05,0.7139358219,0.1757633578,0.1103008204,0.0977709994,0.09916960097
23.464,12.77669869,-0.7720754581,-0.1413877098,0.2247798014,-0.1679325175,0.7849146435,0.2805838369,1.759508517e-05,1.753418428e-05,0.7129472515,0.1769699479,0.1100828006,0.09685625367,0.09824265803
23.488,12.76364348,-0.7710274362,-0.1464780292,0.2258268235,-0.1730553502,0.7848178899,0.2845099444,1.917357281e-05,1.90806127e-05,0.71187632,0.1782543319,0.1098693481,0.09593719932,0.09730842306
23.512,12.75061492,-0.7698978556,-0.1515481567,0.2269550684,-0.1781581756,0.7846716204,0.2885289216,2.076386115e-05,2.06721388e-05,0.7107233489,0.1796145452,0.1096621059,0.09501379652,0.0963656062
23.536,12.73761293,-0.768687227,-0.156597117,0.2281639813,-0.1832399858,0.7844760735,0.2926357715,2.233981902e-05,2.227644442e-05,0.7094885311,0.1810481578,0.1094633111,0.09408582065,0.09541246259
23.56,12.72463744,-0.7673960845,-0.1616239459,0.2294529925,-0.1882997898,0.7842315031,0.2968256839,2.38763449e-05,2.386161999e-05,0.7081718658,0.182552723,0.1092754112,0.09315281477,0.09444723587
23.584,12.71168835,-0.7660249787,-0.166627693,0.2308215244,-0.1933366164,0.7839381711,0.301094044,2.5349471e-05,2.539684213e-05,0.7067731035,0.1841269774,0.1090999191,0.09221404675,0.09346935342
23.608,12.69876559,-0.7645744703,-0.1716074243,0.2322689962,-0.1983495153,0.783596343,0.3054364366,2.673627309e-05,2.685258955e-05,0.7052917485,0.1857727861,0.1089354654,0.09126851905,0.09248136862
23.632,12.68586908,-0.7630451265,-0.1765622232,0.2337948278,-0.203337558,0.7832062842,0.3098486469,2.801475516e-05,2.8200706e-05,0.7037272054,0.1874964896,0.108776305,0.09031512094,0.09149030481
23.656,12.67299873,-0.7614375176,-0.1814911916,0.2353984427,-0.2082998383,0.7827682581,0.3143266604,2.91637866e-05,2.941446465e-05,0.7020790891,0.189307174,0.1086137369,0.08935294245,0.0905059237
23.68,12.66015448,-0.7597522148,-0.1863934506,0.2370792696,-0.2132354728,0.7822825234,0.3188666601,3.016312492e-05,3.046870269e-05,0.7003470566,0.191211668,0.1084412754,0.08838110939,0.08953572012
23.704,12.64733623,-0.7579897879,-0.1912681404,0.2388367454,-0.2181436009,0.7817493333,0.3234650238,3.099353438e-05,3.134005054e-05,0.6985277485,0.1932105014,0.1082617501,0.08739572744,0.08858087886
23.728,12.63454391,-0.7561508033,-0.1961144207,0.2406703159,-0.2230233853,0.7811689339,0.3281183191,3.163700044e-05,3.200725687e-05,0.6966085204,0.1952982687,0.108093211,0.08638361605,0.08763663634
23.752,12.62177745,-0.7542358225,-0.2009314702,0.2425794374,-0.227874012,0.7805415631,0.3328232997,3.207703332e-05,3.245159829e-05,0.6945955055,0.1974662981,0.1079381964,0.08535037285,0.08669494821
23.776,12.60903676,-0.7522454006,-0.2057184865,0.2445635778,-0.2326946921,0.7798674493,0.3375768998,3.229904936e-05,3.265735531e-05,0.6925778403,0.1997016202,0.1077205395,0.08438460087,0.08574345581
23.8,12.59632176,-0.7501800847,-0.2104746857,0.2466222175,-0.2374846624,0.7791468108,0.3423762302,3.229081478e-05,3.26123311e-05,0.6905607348,0.201963662,0.1074756032,0.08349098099,0.08474217787
23.824,12.58363239,-0.7480404125,-0.2151993016,0.2487548502,-0.2422431892,0.7783798547,0.3472185741,3.204293202e-05,3.230838575e-05,0.6884815332,0.2044976613,0.1070208055,0.08260633399,0.08393692209
23.848,12.57096855,-0.7458269114,-0.2198915848,0.2509609834,-0.2469695727,0.7775667758,0.3521013846,3.154934558e-05,3.174195679e-05,0.6863208799,0.2070405497,0.1066385703,0.0817107881,0.08306516371
23.872,12.55833018,-0.743540097,-0.2245508024,0.2532401393,-0.2516631555,0.7767077563,0.357022285,3.080784172e-05,3.091453669e-05,0.6840760669,0.2095360394,0.1063878937,0.08080112728,0.0820711265
23.896,12.54571719,-0.741180472,-0.2291762363,0.2555918558,-0.2563233374,0.7758029643,0.361979074,2.982051744e-05,2.983308241e-05,0.6817458279,0.2120771968,0.1061769752,0.07987558764,0.08104834594
23.92,12.53312952,-0.7387485255,-0.2337671828,0.2580156894,-0.2609496011,0.7748525535,0.3669697402,2.859419839e-05,2.851034225e-05,0.6793290895,0.214644782,0.1060261285,0.07893260895,0.07997799098
23.944,12.52056707,-0.736244732,-0.2383229506,0.2605112222,-0.2655415599,0.7738566625,0.3719924957,2.714079785e-05,2.696510506e-05,0.676835735,0.21858647,0.104577795,0.07798160008,0.08020805243
23.968,12.50802979,-0.7336695504,-0.2428428599,0.2630780816,-0.2700990505,0.7728154138,0.3770458515,2.547763038e-05,2.522241002e-05,0.6743249047,0.2209959435,0.1046791518,0.07708124024,0.07883236875
23.992,12.49551759,-0.7310234238,-0.2473262409,0.2657159989,-0.2746223262,0.7717289133,0.3821287926,2.362773335e-05,2.331380996e-05,0.6718473462,0.2237950986,0.1043575551,0.07628183007,0.07777268398
24.016,12.4830304,-0.7283067788,-0.2517724316,0.2684249997,-0.2791124938,0.7705972498,0.3872412229,2.16203173e-05,2.127786789e-05,0.6692877683,0.2267426626,0.1039695691,0.07546764645,0.07678689744
24.04,12.47056814,-0.7255200252,-0.2561807766,0.2712061215,-0.2835726094,0.7694204944,0.3923852509,1.949158878e-05,1.916120561e-05,0.6666024377,0.2297925711,0.1036049912,0.07459454004,0.07582638561
24.064,12.45813073,-0.722663556,-0.2605506243,0.2740647338,-0.2880106326,0.7681987002,0.39756962,1.728641879e-05,1.702063646e-05,0.6638219269,0.2329388878,0.1032391853,0.07369268358,0.07487728475
24.088,12.44571812,-0.7197377475,-0.2648813253,0.2770307493,-0.2924444451,0.7669319016,0.4028272452,1.506176526e-05,1.492718211e-05,0.6609650283,0.2362040344,0.1028309373,0.07278048634,0.07393424463
24.112,12.43333021,-0.7167429596,-0.2691722293,0.2802491748,-0.296793781,0.7656201141,0.408198663,1.289353467e-05,1.297281352e-05,0.658038944,0.2396209599,0.1023400961,0.07186478474,0.07299481124
24.136,12.42096694,-0.7136795361,-0.2734226823,0.2833296527,-0.3007538432,0.7642633338,0.4131931344,1.088949939e-05,1.127922057e-05,0.6550464978,0.2427862699,0.1021672323,0.0709480543,0.07205770345
24.16,12.40862823,-0.7105478058,-0.2776320231,0.2863071921,-0.3049525429,0.7628615369,0.4182915988,9.209218261e-06,1.000079503e-05,0.6519888826,0.2460900562,0.1019210611,0.07003115806,0.07112219446
24.184,12.39631401,-0.707348083,-0.2817995795,0.2894453921,-0.3091655646,0.7614146791,0.423511489,8.074646289e-06,9.298169315e-06,0.6488666941,0.2495498318,0.101583474,0.06911438049,0.07018785039
24.208,12.38402421,-0.7040806689,-0.2859246637,0.2926842657,-0.3133317465,0.7599226945,0.4287666763,7.706697757e-06,9.260861139e-06,0.6456802796,0.2530952629,0.1012244575,0.06819777797,0.06925440005
24.232,12.37175875,-0.7007458515,-0.2900065666,0.2960034544,-0.3174487324,0.7583854937,0.4340411763,8.153240658e-06,9.834331294e-06,0.6424298747,0.2567134093,0.100856716,0.06728131753,0.06832166648
24.256,12.35951756,-0.6973439069,-0.2940445519,0.2993962317,-0.3215174168,0.7568029618,0.4393308011,9.223727666e-06,1.085145452e-05,0.6391156603,0.2604010803,0.1004832594,0.06636493726,0.06738952732
24.28,12.34730058,-0.6938750985,-0.2980378478,0.302859852,-0.325538231,0.7551749539,0.4446338154,1.065318768e-05,1.212929603e-05,0.6357377861,0.2641571203,0.1001050937,0.06544857493,0.0664578903
24.304,12.33510772,-0.6903396752,-0.3019856393,0.3063929801,-0.3295111379,0.7535012896,0.4499491618,1.223880835e-05,1.352580479e-05,0.6322963759,0.2679809259,0.09972269822,0.06453218227,0.06552667747
24.328,12.32293892,-0.6867378679,-0.3058870579,0.3099948716,-0.3334358082,0.7517817445,0.4552760246,1.385431611e-05,1.494549955e-05,0.6287915235,0.2718720746,0.09933640192,0.06361573189,0.06459581581
24.352,12.3107941,-0.6830698823,-0.3097411719,0.3136650653,-0.3373117352,0.7500160383,0.4606136992,1.542477698e-05,1.63274353e-05,0.625223278,0.2758302134,0.09894650863,0.06269922001,0.06366523327
24.376,12.2986732,-0.6793358883,-0.3135469766,0.3174032517,-0.3411382984,0.7482038196,0.4659615465,1.690545924e-05,1.763330225e-05,0.6215916227,0.2798550232,0.09855335412,0.0617826667,0.06273486006
24.4,12.28657615,-0.6755360034,-0.3173033874,0.3212092109,-0.3449148,0.7463446467,0.4713189753,1.826942959e-05,1.883925973e-05,0.6178964465,0.2839462113,0.0981573422,0.06086611458,0.06180463446
24.424,12.27450287,-0.6716702718,-0.3210092381,0.3250827805,-0.3486404852,0.7444379658,0.4766854331,1.950071934e-05,1.993082372e-05,0.6141375121,0.2881035144,0.0977589735,0.05994962673,0.0608745119
24.448,12.26245329,-0.6677386386,-0.3246632868,0.329023838,-0.3523145544,0.7424830902,0.4820604021,2.059047055e-05,2.089969384e-05,0.610314424,0.2923267067,0.09735886925,0.05903328433,0.05994447502
24.472,12.25042735,-0.6637409232,-0.3282642363,0.3330322906,-0.3559361708,0.740479184,0.4874433959,2.153463785e-05,2.174173673e-05,0.6064266067,0.2966156067,0.09695778656,0.05811718424,0.05901454201
24.496,12.23842497,-0.6596767982,-0.3318107678,0.3371080687,-0.3595044642,0.7384252593,0.4928339577,2.233252226e-05,2.245565649e-05,0.602473301,0.3009700816,0.09655661743,0.05720143685,0.05808477125
24.52,12.22644608,-0.6555457813,-0.3353015905,0.3412511226,-0.3630185341,0.7363201939,0.4982316578,2.298577031e-05,2.304208203e-05,0.5984535926,0.3053900461,0.09615636129,0.05628616412,0.05715526078
24.544,12.21449063,-0.6513472515,-0.3387354989,0.3454614193,-0.3664774506,0.734162775,0.5036360929,2.349764695e-05,2.350291431e-05,0.5943664788,0.3098754578,0.09575806344,0.05537149802,0.05622614321
24.568,12.20255853,-0.6470804928,-0.3421114258,0.3497389413,-0.3698802555,0.7319517688,0.5090468844,2.387247834e-05,2.384083979e-05,0.5902109716,0.3144263084,0.09536271999,0.05445757922,0.0552975773
24.592,12.19064972,-0.6427447655,-0.3454284752,0.354083686,-0.3732259621,0.7296860044,0.5144636775,2.411520354e-05,2.405895093e-05,0.5859862217,0.3190426142,0.09497116406,0.05354455605,0.05436973817
24.616,12.17876414,-0.6383393903,-0.3486859196,0.3584956649,-0.3765135552,0.7273644532,0.5198861404,2.423099632e-05,2.416043337e-05,0.581691632,0.3237244075,0.09458396052,0.05263258369,0.0534428079
24.64,12.1669017,-0.6338638261,-0.351883158,0.3629749044,-0.3797419901,0.7249862805,0.5253139635,2.422492774e-05,2.414828909e-05,0.5773269312,0.3284717286,0.09420134021,0.05172182363,0.05251696776
24.664,12.15506236,-0.6293177201,-0.3550196427,0.3675214463,-0.3829101919,0.722550856,0.5307468592,2.410164343e-05,2.402506793e-05,0.5728921834,0.3332846215,0.09382319508,0.05081244327,0.05159239238
24.688,12.14324603,-0.6247009182,-0.3580947923,0.3721353493,-0.3860170539,0.7200577182,0.5361845615,2.386502639e-05,2.379257778e-05,0.5683877339,0.3381631306,0.09344913549,0.04990461583,0.05066924602
24.712,12.13145265,-0.6200134365,-0.3611079144,0.3768166913,-0.3890614353,0.7175065068,0.5416268265,2.351780755e-05,2.345153535e-05,0.5638141085,0.3431073001,0.09307859142,0.04899852059,0.04974768031
24.736,12.11968216,-0.6152554064,-0.3640581507,0.3815655726,-0.3920421591,0.7148968822,0.5470734326,2.306106749e-05,2.300110129e-05,0.5591718963,0.3481171742,0.09271092949,0.04809434365,0.04882783298
24.76,12.10793449,-0.6104270075,-0.3669444502,0.3863821207,-0.3949580076,0.7122284472,0.5525241813,2.249353772e-05,2.24382082e-05,0.5544616411,0.3531927982,0.09234556067,0.04719227954,0.04790982677
24.784,12.09620957,-0.6055284029,-0.3697655655,0.3912664976,-0.3978077169,0.7095006837,0.5579788991,2.181054131e-05,2.175652141e-05,0.549683755,0.3583342199,0.09198202504,0.04629253439,0.04699376766
24.808,12.08450734,-0.6005596803,-0.3725200597,0.3962189103,-0.4005899684,0.7067129011,0.563437439,2.100227487e-05,2.094473281e-05,0.5448384567,0.3635414896,0.09162005374,0.04539533171,0.04607974153
24.832,12.07282772,-0.5955207985,-0.3752063124,0.4012396277,-0.4033033744,0.7038641902,0.5688996842,2.005083978e-05,1.998359034e-05,0.5399257222,0.3688146583,0.09125961948,0.0445009235,0.04516780729
24.856,12.06117066,-0.590411527,-0.3778225086,0.4063290088,-0.4059464551,0.7009533645,0.5743655524,1.892475856e-05,1.884038276e-05,0.5349452318,0.3741537718,0.09090099637,0.0436096122,0.04425798368
24.88,12.04953609,-0.5852313609,-0.3803665887,0.4114875503,-0.4085175957,0.6979788589,0.5798350024,1.756803763e-05,1.745788968e-05,0.5298962846,0.379558854,0.09054486137,0.04272179678,0.04335022369
24.904,12.03792395,-0.5799793699,-0.3828361168,0.4167159765,-0.4110149622,0.694938531,0.5853080422,1.587619355e-05,1.573002912e-05,0.5247776409,0.3850298676,0.09019249157,0.0418380788,0.04244436309
24.928,12.02633416,-0.5746539032,-0.3852279587,0.4220154196,-0.4134363187,0.6918292337,0.5907847357,1.363698406e-05,1.34410588e-05,0.519587229,0.3905666144,0.08984615661,0.04095954022,0.04154001025
24.952,12.01476667,-0.5692519567,-0.3875374484,0.4273878192,-0.415778575,0.6886458191,0.5962651855,1.036067382e-05,1.008619048e-05,0.5143216924,0.3961684564,0.08950985115,0.04008862819,0.04063628486
24.976,12.00322141,-0.5637677182,-0.3897559105,0.4328369271,-0.4180364582,0.6853785157,0.6017493546,4.875722897e-06,4.284594793e-06,0.5089767526,0.4018333844,0.08918986308,0.03923304269,0.03973109852
25,11.99169832,-0.5581892285,-0.3918614622,0.4383712187,-0.4201974771,0.6820048536,0.607235741,1.467783601e-05,1.327560102e-05,0.5035694304,0.4075539038,0.08887666586,0.0384388098,0.03881865847
25.024,11.98019733,-0.5524979969,-0.3937715677,0.4440124656,-0.4222129325,0.6784615568,0.6127077851,0.0003363475958,0.0001137529035,0.4968522879,0.4132873345,0.08986037761,0.0365420906,0.03787649169
25.048,11.96871838,-0.5469911945,-0.3950906825,0.4496250138,-0.4236863222,0.6747562629,0.617796692,4.369893791e-05,4.248331341e-05,0.4915166389,0.4183966141,0.09008674696,0.03622062272,0.03672385973
25.072,11.95726141,-0.5423246296,-0.3976490324,0.4545663186,-0.4263536284,0.6724884808,0.6232238398,2.975138039e-05,2.920885428e-05,0.4881977605,0.4246418888,0.08716035074,0.03595700276,0.03623393348
25.096,11.94582635,-0.5361835445,-0.3998820537,0.460657051,-0.4283330078,0.6688785018,0.6290262985,2.413298439e-05,2.365869895e-05,0.4824183477,0.4311944454,0.08638720692,0.03501989691,0.03552036058
25.12,11.93441314,-0.5301581623,-0.4016768039,0.4665988648,-0.4301057196,0.6651405354,0.6345907584,2.069370221e-05,2.024824363e-05,0.4765591906,0.4373082922,0.08613251712,0.03414725832,0.03460286115
25.144,11.92302171,-0.5241476814,-0.4033398183,0.4725604194,-0.4317867817,0.6613726642,0.6401196566,1.81129909e-05,1.771833337e-05,0.4707015977,0.443470998,0.08582740427,0.03328779649,0.03371782287
25.168,11.91165202,-0.5181007345,-0.404902819,0.4785755323,-0.4333784455,0.6575520237,0.6456403156,1.593571425e-05,1.563649938e-05,0.4648092137,0.4496994741,0.08549131215,0.03243454956,0.03284805672
25.192,11.90030399,-0.5119990769,-0.4063696092,0.484654897,-0.4348780901,0.653666057,0.6511599822,1.396392033e-05,1.382074341e-05,0.4588691283,0.4559977778,0.0851330939,0.03158981405,0.03198845519
25.216,11.88897755,-0.505834694,-0.4077393318,0.4908032493,-0.4362828577,0.6497077038,0.6566814764,1.210267385e-05,1.218797723e-05,0.4528742025,0.4623677655,0.08475803196,0.03075410199,0.03113720395
25.24,11.87767266,-0.4996033342,-0.4090100078,0.497023291,-0.4375899392,0.6456722683,0.6622062418,1.031272034e-05,1.070254766e-05,0.4468197658,0.4688107409,0.08436949322,0.02992708768,0.03029363417
25.264,11.86638925,-0.4933023588,-0.4101792859,0.5033169043,-0.4387965324,0.6415561268,0.6677352042,8.599601907e-06,9.355798129e-06,0.4407026814,0.4753278732,0.08396944541,0.02910841748,0.02945757014
25.288,11.85512725,-0.4869299264,-0.4112446377,0.5096856053,-0.4398998006,0.637356184,0.6732690776,7.021143222e-06,8.157121315e-06,0.4345208235,0.4819203414,0.08355883504,0.02829791819,0.02862909054
25.312,11.84388662,-0.4804846917,-0.4122034252,0.5161307279,-0.4408968665,0.6330696665,0.6788084967,5.704606996e-06,7.129811934e-06,0.4282728142,0.4885894098,0.08313777597,0.02749561148,0.02780843454
25.336,11.83266727,-0.4739657985,-0.4130529613,0.5226534803,-0.4417848654,0.6286941442,0.6843540953,4.843995817e-06,6.309734571e-06,0.421958033,0.4953365045,0.08270546254,0.026701706,0.02699597663
25.36,11.82146916,-0.4673732394,-0.4137906478,0.5292548872,-0.4425611392,0.6242278792,0.6899065861,4.600504079e-06,5.750926668e-06,0.4155770807,0.5021633617,0.08225955765,0.02591663554,0.02619226407
25.384,11.81029223,-0.4607092039,-0.4144143883,0.5359354727,-0.4432238861,0.6196710868,0.6954669253,4.992200661e-06,5.56810958e-06,0.4091335043,0.5090724384,0.08179405733,0.02514124849,0.0253981942
25.408,11.79913641,-0.45398379,-0.4149240742,0.5426937768,-0.4437748608,0.6150311122,0.7010368481,6.380816087e-06,6.192193571e-06,0.4026409078,0.516068459,0.08129063325,0.0243776388,0.02461579654
25.432,11.78800165,-0.4472568013,-0.4153279545,0.5495139113,-0.4442385908,0.6103572365,0.7066211604,1.258306615e-05,1.032675688e-05,0.3961712207,0.5231673268,0.08066145249,0.02363526439,0.02385386239
25.456,11.77688788,-0.4405239896,-0.4136057223,0.5558955275,-0.4433626938,0.6042607706,0.7110487436,7.756584673e-05,6.402451978e-05,0.387260214,0.5279231918,0.08481659418,0.02212912911,0.02233287195
25.48,11.76579505,-0.432881754,-0.4154754225,0.5635643066,-0.4444376462,0.6000053663,0.7177252601,2.197205908e-05,1.399933377e-05,0.3820818116,0.5373930703,0.08052511811,0.02207537152,0.02226352107
25.504,11.7547231,-0.4258676201,-0.4155123624,0.5706634041,-0.4444917306,0.5949905488,0.7233461269,1.466540648e-05,9.508115423e-06,0.3753759183,0.5447610148,0.07986306691,0.02136216485,0.02153139542
25.528,11.74367197,-0.4187035543,-0.4153584116,0.577861926,-0.4443657107,0.5897756153,0.7289617893,1.216304969e-05,8.189419689e-06,0.3684845317,0.552185847,0.07932962132,0.02064925516,0.02080055662
25.552,11.73264159,-0.4114301707,-0.4150434588,0.585156054,-0.4440790069,0.584410693,0.7345840809,1.078504491e-05,7.594882324e-06,0.3614813179,0.5596929456,0.07882573646,0.01994545977,0.02007917358
25.576,11.72163192,-0.4040546167,-0.4145674351,0.5925462687,-0.4436303362,0.5789009341,0.7402154793,9.807962416e-06,7.238163774e-06,0.3543794434,0.5672884215,0.07833213509,0.01925315178,0.01936946568
25.6,11.71064289,-0.3965778007,-0.4139252176,0.6000340685,-0.4430143975,0.5732434368,0.7458569834,9.010701662e-06,6.966306858e-06,0.3471817034,0.5749753447,0.07784295193,0.0185736655,0.01867270492
25.624,11.69967445,-0.3889987645,-0.4131098415,0.6076213171,-0.4422243105,0.5674326215,0.7515091522,8.310188325e-06,6.720377672e-06,0.3398878705,0.5827559574,0.07735617202,0.01790809054,0.01798995161
25.648,11.68872653,-0.3813158402,-0.4121132295,0.6153100561,-0.4412521967,0.5614615605,0.7571723491,7.671444217e-06,6.47591013e-06,0.3324965638,0.5906322147,0.07687122145,0.01725747981,0.01732224839
25.672,11.67779908,-0.373527058,-0.410926396,0.6231024368,-0.4400893366,0.5553223983,0.7628468201,7.078711177e-06,6.223096667e-06,0.3250058934,0.5986059639,0.07638814267,0.01662292735,0.01667069293
25.696,11.66689205,-0.3656303214,-0.4095394966,0.6310006919,-0.4387261928,0.5490064947,0.7685327224,6.524558574e-06,5.958792784e-06,0.3174137387,0.606679023,0.07590723826,0.01600560745,0.01603647754
25.72,11.65600537,-0.3576234935,-0.4079418207,0.6390071245,-0.4371523785,0.5425044628,0.7742301384,6.00529615e-06,5.682804014e-06,0.3097178962,0.6148532213,0.07542888259,0.01540680395,0.01542091408
25.744,11.64513898,-0.3495044403,-0.4061217564,0.647124106,-0.4353565946,0.5358061541,0.7799390828,5.518870971e-06,5.395965042e-06,0.3019161707,0.6231304296,0.07495339974,0.0148279358,0.01482545662
25.768,11.63429284,-0.3412710488,-0.4040667365,0.6553540807,-0.4333265433,0.528900611,0.785659509,5.063830354e-06,5.099054019e-06,0.29400644,0.6315125882,0.07448097179,0.01427058371,0.01425172402
25.792,11.62346689,-0.3329212248,-0.4017631645,0.6636995756,-0.4310488167,0.5217759886,0.7913913122,4.638782711e-06,4.792131422e-06,0.2859867016,0.640001733,0.0740115655,0.01373651921,0.01370152384
25.816,11.61266106,-0.3244528733,-0.3991963169,0.6721632137,-0.4285087584,0.514419446,0.7971343311,4.242128019e-06,4.47411534e-06,0.2778551033,0.6486000206,0.07354487608,0.01322773684,0.01317687875
25.84,11.60187531,-0.3158638612,-0.396350211,0.6807477282,-0.4256902896,0.5068169971,0.8028883435,3.871985071e-06,4.142507519e-06,0.2696099576,0.6573097489,0.07308029353,0.01274648899,0.01268005667
25.864,11.59110957,-0.3071519651,-0.3932074273,0.6894559752,-0.4225756939,0.498953315,0.8086530522,3.526329041e-06,3.793238944e-06,0.2612497332,0.6661333643,0.07261690244,0.0122953227,0.0122136055
25.888,11.5803638,-0.2983148092,-0.3897488679,0.6982909347,-0.4191453483,0.4908114764,0.8144280524,3.203415844e-06,3.420640517e-06,0.2527730224,0.6750734463,0.07215353131,0.01187711701,0.01178039378
25.912,11.56963793,-0.2893498047,-0.3859534301,0.7072556919,-0.4153773908,0.4823726357,0.8202127715,2.902627554e-06,3.017583474e-06,0.2441784788,0.6841326494,0.0716888718,0.01149511917,0.0113836588
25.936,11.55893191,-0.2802541097,-0.3817975694,0.7163533782,-0.4112473124,0.4736156142,0.8260063646,2.625916766e-06,2.575902447e-06,0.2354647294,0.6933135788,0.07122169175,0.01115297939,0.0110270644
25.96,11.54824569,-0.2710246449,-0.3772547226,0.7255870455,-0.4067274645,0.4645163978,0.8318075445,2.379965571e-06,2.087376147e-06,0.226630271,0.7026185627,0.07075116635,0.01085478715,0.01071477158
25.984,11.5375792,-0.2616582196,-0.3722945601,0.7349594334,-0.4017864782,0.4550475396,0.8376143163,2.178659097e-06,1.546033916e-06,0.2176733836,0.712049269,0.07027734743,0.01060512028,0.01045152607
26.008,11.52693241,-0.2521518548,-0.3668820403,0.7444725665,-0.3963886045,0.4451774807,0.8434235757,2.043725583e-06,9.549123557e-07,0.2085921224,0.7216060978,0.06980177974,0.01040913309,0.01024276975
26.032,11.51630524,-0.2425034363,-0.360976245,0.7541270885,-0.3904930074,0.4348698266,0.8492305073,1.998451813e-06,3.71815755e-07,0.1993844971,0.7312872405,0.06932826241,0.01027273094,0.01009478608
26.056,11.50569765,-0.232712901,-0.3545289883,0.7639211764,-0.3840530782,0.4240826545,0.8550276783,2.051231417e-06,4.729938874e-07,0.1900489967,0.7410872272,0.06886377613,0.01020289886,0.01001489657
26.08,11.49510959,-0.2227842668,-0.3474831942,0.7738487455,-0.3770158802,0.4127679733,0.8608036099,2.183592812e-06,9.797712026e-07,0.1805856452,0.7509945927,0.06841976216,0.01020824535,0.01001173783
26.104,11.48454099,-0.2127289982,-0.3397709675,0.7838963273,-0.3693218145,0.400871472,0.8665402787,2.401094319e-06,1.08925285e-06,0.1709976977,0.7609877289,0.06801457344,0.01029976065,0.0100956742
26.128,11.47399181,-0.2025714619,-0.3313109035,0.7940371483,-0.3609041206,0.388332476,0.8722079897,3.084525093e-06,4.300155616e-07,0.1612938074,0.7710262384,0.06767995415,0.01049169547,0.01027946121
26.152,11.46346199,-0.1923573758,-0.322002683,0.8042191377,-0.3516848855,0.3750827747,0.8777532001,6.080071317e-06,6.79607925e-06,0.1514896676,0.7810301454,0.06748018707,0.01080257968,0.0105794651
26.176,11.45295148,-0.1821639647,-0.311712011,0.8143452139,-0.341550491,0.3610375159,0.8830712685,1.658541901e-05,4.095955073e-05,0.141605568,0.790833498,0.06756093399,0.01125747983,0.0110186311
26.2,11.44246023,-0.1720922014,-0.3002292467,0.8242977998,-0.330261973,0.3460539356,0.887997654,5.211848318e-05,0.0001135113408,0.131649613,0.8001771772,0.06817320976,0.01189628394,0.01163733086
26.224,11.43198818,-0.1621498555,-0.2872246511,0.8342065704,-0.3174573581,0.3298341641,0.8925691997,0.0001077831328,9.354078012e-05,0.1215682623,0.8091959049,0.06923583275,0.01277767488,0.01251611984
26.248,11.42153528,-0.1520349205,-0.2725126097,0.8444029953,-0.3032188783,0.312054065,0.8971945757,0.0001166192545,0.0001121086682,0.1112191413,0.8185631795,0.0702176792,0.01384138818,0.0136050603
26.272,11.41110148,-0.1416438413,-0.256478359,0.8546658791,-0.2877798326,0.2929916832,0.9018153896,0.0001573771476,0.0001819956843,0.1009208114,0.8281062059,0.07097298264,0.01507666023,0.01483517588
26.296,11.40068672,-0.1314927045,-0.2392626977,0.8646990953,-0.2709192513,0.2730145964,0.9061466582,0.0004524268205,0.0006804390577,0.09112551648,0.8374493582,0.07142512529,0.01658834193,0.01634712906
26.31078971,11.39427821,-0.1255029939,-0.2279066015,0.8707258808,-0.2596636753,0.260177671,0.9086191632,0.0008107279456,0.0008157338464,0.08536990736,0.8430355628,0.07159452984,0.01767682958,0.01744611358
26.32,11.39029096,-0.1218803038,-0.2204891102,0.8744144137,-0.2522674841,0.251933039,0.9100766179,0.0002777454403,0.0003398820839,0.08189571315,0.8464436174,0.0716606695,0.01842537985,0.01820405141
26.344,11.37991414,-0.1127973316,-0.1996791823,0.8837620183,-0.2313489399,0.2293360282,0.9135412618,0.0001005467805,0.0001304608787,0.07330545056,0.8550766133,0.07161793616,0.02071042661,0.02051895932
26.368,11.3695562,-0.1042227915,-0.1761440201,0.8925655991,-0.2074565869,0.204668283,0.9163577817,8.434777163e-05,8.841479071e-05,0.06544632295,0.8631222909,0.07143138617,0.02355720975,0.0234106989
26.392,11.35921711,-0.0964705151,-0.1487537395,0.9002781714,-0.1795954367,0.1772970257,0.9180170515,0.0001267805325,0.0001140257354,0.05857731921,0.8697913882,0.07163129256,0.02714306782,0.0270360684
26.416,11.3488968,-0.09070974191,-0.1160625576,0.9057429671,-0.1466801463,0.1473050392,0.9175431259,0.0003822545021,0.0003727624158,0.05348927619,0.8736016399,0.07290908395,0.03179035551,0.03171611311
26.44,11.33859523,-0.08879224187,-0.07701255795,0.9076681672,-0.1077027577,0.1175372124,0.9140357683,0.0001683010043,0.0001387903711,0.05172586669,0.8733930838,0.0748810495,0.03791084207,0.03793167873
26.464,11.32831235,-0.09102860852,-0.02801864673,0.9055016447,-0.05809089819,0.09524312119,0.9073630922,4.496670068e-06,2.810612791e-06,0.0555424435,0.8698933692,0.0745641873,0.04647119134,0.04658558815
26.488,11.3180481,-0.1133444889,0.04761022784,0.8831405679,0.01717095192,0.1229378175,0.88330748,0.000265797797,0.0002622402483,0.07639897572,0.8418327932,0.0817682311,0.06128519811,0.06160062014
26.49816,11.3137085,-0.1610345256,0.1277015837,0.8353548135,0.09596663666,0.2055232662,0.8408491302,0.000744731109,0.0007526270943,0.1215844378,0.7869383187,0.09147724343,0.07934407027,0.07991049251
26.512,11.30780243,-0.2339723685,0.06927706282,0.7625855132,0.03902958228,0.2440130747,0.7635836386,1.663779963e-05,1.741614251e-05,0.2026580645,0.7278025817,0.06953935379,0.1431156836,0.1447426082
26.536,11.29757529,-0.2731579228,0.04095885397,0.7229752388,0.01066343235,0.2762116553,0.723053874,0.000104988376,0.0001083485933,0.2434846909,0.6913969014,0.06511840767,0.1671918014,0.168589985
26.56,11.28736664,-0.29596672,0.02216778512,0.7005307839,-0.008317064769,0.2967957379,0.7005801544,7.012526469e-05,7.655731671e-05,0.267005521,0.6712221552,0.06177232378,0.178917806,0.1804095967
26.584,11.27717642,-0.312411821,0.008414305832,0.6842377248,-0.02202028159,0.3125251133,0.6845919637,4.745145331e-05,5.183843891e-05,0.2845969829,0.6572977858,0.05810523136,0.1869250342,0.1886316263
26.608,11.26700459,-0.3254172515,-0.002608726586,0.671193133,-0.03298659154,0.3254277078,0.6720032269,3.259257309e-05,3.527310109e-05,0.2979180141,0.6451494756,0.0569325103,0.19201482,0.1935611374
26.632,11.25685108,-0.3362212638,-0.01184009593,0.660322837,-0.0421694675,0.3364296748,0.661667978,2.254224321e-05,2.406098693e-05,0.3088350355,0.6350024012,0.05616256328,0.1956501089,0.1971978875
26.656,11.24671586,-0.3454738431,-0.01975159607,0.6510418143,-0.05005549925,0.3460380063,0.6529632432,1.608452692e-05,1.667387672e-05,0.3182088369,0.6264256978,0.05536546529,0.1984665348,0.2000647005
26.68,11.23659888,-0.3535393374,-0.02665119933,0.6429758104,-0.0569647378,0.3545424509,0.6454942867,1.251473071e-05,1.212144882e-05,0.3263328658,0.6188815745,0.05478555964,0.2006325162,0.2022187003
26.704,11.22650007,-0.3606516657,-0.03276963679,0.6358682409,-0.06312258254,0.3621373677,0.6389936464,1.092317453e-05,9.524140446e-06,0.3333910479,0.6121012889,0.05450766325,0.2022475746,0.2037884086
26.728,11.21641941,-0.3669824732,-0.03827877369,0.6295363978,-0.06868968959,0.368973441,0.6332727292,1.039202053e-05,8.310846591e-06,0.3395731447,0.60597863,0.05444822527,0.2034317444,0.2049442804
26.752,11.20635683,-0.3726644457,-0.04330326603,0.6238461382,-0.07378198832,0.3751719098,0.6281940671,1.126780864e-05,9.414182196e-06,0.3450612829,0.6004487977,0.05448991936,0.2043073208,0.2058210117
26.776,11.19631229,-0.3778012277,-0.04793364299,0.6186961604,-0.0784848106,0.3808298856,0.623654395,1.651625856e-05,1.576377906e-05,0.3500006133,0.5954457412,0.05455364551,0.2049692112,0.2065009365
26.8,11.18628575,-0.3824741641,-0.05223711548,0.6140080435,-0.08286248163,0.3860248728,0.6195741024,3.159427728e-05,3.163965982e-05,0.354494094,0.5908996158,0.05460629022,0.2054788905,0.2070275464
26.824,11.17627714,-0.3867475809,-0.05626500274,0.6097198185,-0.0869646599,0.3908189374,0.6158905009,7.001308561e-05,7.065481452e-05,0.3586547023,0.5867444701,0.05460082763,0.2059152556,0.2074233559
26.848,11.16628643,-0.3906728457,-0.06005750312,0.6057816933,-0.0908305029,0.3952621611,0.6125533774,0.0001915655371,0.0002093906127,0.362428253,0.5829246789,0.05464706806,0.2061960403,0.2077029949
26.872,11.15631356,-0.3942914206,-0.06364674546,0.6021531052,-0.09449143211,0.3993953337,0.609521938,0.0002670606512,0.0003191872974,0.36592212,0.5793970871,0.05468079289,0.2064054161,0.2078799923
26.896,11.14635849,-0.3976371441,-0.06705879514,0.5988006129,-0.09797300975,0.403252006,0.6067626263,0.0001579617012,0.0001613762829,0.3691485989,0.5761301183,0.05472128274,0.2065363936,0.2079692076
26.92,11.13642117,-0.4007379421,-0.07031502882,0.5956963427,-0.1012962517,0.4068600515,0.6042475182,0.0001177757585,0.0001162463138,0.3721232508,0.5731014771,0.05477527208,0.2065881354,0.2079864003
26.944,11.12650156,-0.4036171221,-0.07343311907,0.5928168162,-0.104478578,0.4102428601,0.6019531135,9.928641801e-05,9.664247867e-05,0.3748621622,0.5702944681,0.05484336974,0.2065629481,0.2079469079
26.968,11.1165996,-0.406294357,-0.07642776855,0.5901420522,-0.1075345233,0.4134202563,0.5998594131,8.891919888e-05,8.590031122e-05,0.3773806803,0.5676957216,0.05492359802,0.2064643641,0.2078643988
26.992,11.10671525,-0.4087864374,-0.07931127536,0.5876548713,-0.1104762852,0.4164092096,0.5979492097,8.234517107e-05,7.917741007e-05,0.3796928974,0.565293265,0.05501383761,0.2062962608,0.2077500014
27.016,11.09684846,-0.4111078511,-0.08209397894,0.5853403543,-0.113314156,0.419224387,0.596207538,7.780970054e-05,7.458213469e-05,0.381810739,0.5630754402,0.05511382081,0.2060616463,0.2076120063
27.04,11.08699919,-0.4132712285,-0.0847846177,0.58318542,-0.1160568685,0.4218785841,0.5946212499,7.447599122e-05,7.1228943e-05,0.3837425543,0.5610304613,0.05522698441,0.205761009,0.2074560253
27.064,11.07716738,-0.4152876882,-0.087390619,0.5811784938,-0.1187118779,0.4243830631,0.5931786844,7.189689999e-05,6.864959066e-05,0.3854893966,0.5591464031,0.05536420027,0.2053884072,0.2072854468
27.088,11.067353,-0.4171671045,-0.08991833573,0.5793092486,-0.12128559,0.426747818,0.5918694111,6.981255552e-05,6.657369049e-05,0.3870322763,0.5574113819,0.05555634177,0.2049185713,0.2071019777
27.112,11.05755599,-0.4189183156,-0.09237324024,0.5775684016,-0.1237835494,0.4289817836,0.590684032,6.806176297e-05,6.483425022e-05,0.3883301645,0.5558135512,0.05585628429,0.2043047893,0.2069059213
27.136,11.04777631,-0.4205492862,-0.09476008362,0.5759475545,-0.1262105935,0.431093001,0.5896140259,6.653913351e-05,6.332245899e-05,0.3934932729,0.5543399333,0.05216679379,0.207652093,0.2066952298
27.16,11.03801392,-0.4220672347,-0.09708302678,0.5744390672,-0.1285709775,0.4330887492,0.5886516272,6.517265818e-05,6.196420873e-05,0.3934840482,0.5529707739,0.05354517798,0.2059181792,0.2064600318
27.184,11.02826876,-0.4234787337,-0.09934574858,0.5730359584,-0.1308684779,0.4349756495,0.5877897312,6.391122093e-05,6.070708726e-05,0.394017075,0.5516602191,0.05432270589,0.2048132553,0.2061634473
27.208,11.0185408,-0.4247897886,-0.1015515354,0.5717318264,-0.1331064753,0.4367597496,0.5870218182,6.271728054e-05,5.951278229e-05,0.3949528761,0.5503160904,0.05473103348,0.2041937933,0.2057214718
27.232,11.00882998,-0.4260059016,-0.1037033556,0.5705207861,-0.1352880228,0.4384465921,0.5863418939,6.156239351e-05,5.835244594e-05,0.3959353825,0.5489292089,0.05513540862,0.2036999646,0.2051323889
27.256,10.99913626,-0.4271321218,-0.1058039225,0.5693974186,-0.1374159006,0.4400412702,0.5857444409,6.042437204e-05,5.72037576e-05,0.3968915599,0.5474952195,0.0556132206,0.2032552368,0.2043986661
27.28,10.9894596,-0.4281730869,-0.107855748,0.5683567302,-0.13949266,0.4415484738,0.58522438,5.928542031e-05,5.604900073e-05,0.3978018581,0.5462161968,0.05598194513,0.2028367999,0.2037286186
27.304,10.97979996,-0.4291330571,-0.1098611898,0.5673941203,-0.1415206597,0.4429725293,0.5847770386,5.813087599e-05,5.487376592e-05,0.3986527651,0.5453821144,0.05596512048,0.2024281,0.2034179265
27.328,10.97015727,-0.4300159443,-0.1118224944,0.566505355,-0.1435020946,0.4443174345,0.5843981249,5.69483364e-05,5.366605169e-05,0.3994452047,0.5446678317,0.05588696357,0.2020272189,0.2031466604
27.352,10.96053152,-0.4308253378,-0.1137418371,0.5656865479,-0.14543902,0.4455868907,0.5840837089,5.572703534e-05,5.241562431e-05,0.400180536,0.5439863986,0.05583306542,0.2016328557,0.2028326168
27.376,10.95092263,-0.4315645295,-0.1156213627,0.5649341446,-0.1473333719,0.4467843357,0.5838302067,5.445738612e-05,5.111354951e-05,0.4008581232,0.5433400255,0.05580185134,0.2012418775,0.2024823126
27.4,10.94133058,-0.4322365397,-0.1174632271,0.564244914,-0.149186986,0.4479129781,0.5836343717,5.313063686e-05,4.975184017e-05,0.4014789639,0.5427367628,0.05578427327,0.2008529251,0.2021076805
27.424,10.93175532,-0.4328441476,-0.1192696422,0.563615944,-0.1510016157,0.4489758386,0.5834932907,5.173860238e-05,4.832318319e-05,0.4020444013,0.5421819642,0.05577363446,0.2004650949,0.2017175417
27.448,10.92219681,-0.4333899308,-0.1210429248,0.5630446437,-0.1527789535,0.4499758013,0.5834043876,5.027344889e-05,4.682072109e-05,0.4025559951,0.541678746,0.05576525891,0.2000777708,0.2013180644
27.472,10.91265499,-0.4338763186,-0.1227855498,0.5625287532,-0.1545206566,0.4509156807,0.5833654357,4.872751572e-05,4.523787151e-05,0.4030154861,0.5412288317,0.05575568219,0.1996905326,0.2009135981
27.496,10.90312984,-0.4343056684,-0.1245002049,0.5620663599,-0.1562283841,0.4517983119,0.5833745803,4.709316358e-05,4.356817374e-05,0.4034247834,0.5408330311,0.0557421856,0.1993030665,0.2005071282
27.52,10.89362129,-0.434680373,-0.126189841,0.5616559244,-0.1579038507,0.4526266702,0.5834303758,4.536264304e-05,4.180515483e-05,0.4037859526,0.5404914308,0.05572261662,0.1989150479,0.2001004256
27.544,10.88412932,-0.435003011,-0.1278577042,0.5612963128,-0.1595489115,0.4534040275,0.583531838,4.352798051e-05,3.99422115e-05,0.4041012018,0.5402034542,0.05569534404,0.1985259878,0.1996940466
27.568,10.87465387,-0.4352765485,-0.1295073266,0.5609868311,-0.1611656943,0.4541341446,0.5836785123,4.158088276e-05,3.797250692e-05,0.4043728711,0.5399679547,0.0556591742,0.1981350481,0.1992873476
27.592,10.86519491,-0.4355045897,-0.1311424375,0.5607272432,-0.1627568092,0.4548214887,0.5838705509,3.951266561e-05,3.588888502e-05,0.4046034553,0.5397834701,0.05561307459,0.1977408672,0.1988786486
27.616,10.85575239,-0.4356916562,-0.1327667456,0.5605177331,-0.1643256755,0.4554714349,0.5841087713,3.731421948e-05,3.368381048e-05,0.4047957108,0.5396486581,0.05555563107,0.1973414815,0.1984656002
27.64,10.84632627,-0.43584343,-0.1343835362,0.5603587154,-0.1658770116,0.4560903751,0.5843946209,3.497603574e-05,3.134935075e-05,0.4049528987,0.5395627868,0.05548431447,0.1969344672,0.1980457129
27.664,10.8369165,-0.4359668439,-0.1359950568,0.5602503018,-0.1674175034,0.4566856079,0.5847298702,3.248833835e-05,2.887723265e-05,0.4050791336,0.5395259606,0.05539490583,0.196517388,0.1976169387
27.688,10.82752304,-0.4360698489,-0.1376017427,0.5601910727,-0.1689565247,0.4572648605,0.5851156682,2.984140502e-05,2.625903828e-05,0.4051796252,0.5395384908,0.05528188394,0.1960884716,0.197178145
27.712,10.81814586,-0.4361606993,-0.1392014714,0.5601756846,-0.1705063493,0.4578353473,0.5855503504,2.702624534e-05,2.34866767e-05,0.40526042,0.5395985482,0.05514103175,0.195647214,0.1967293349
27.736,10.8087849,-0.4362467307,-0.1407891885,0.5601911865,-0.172080414,0.4584024494,0.5860254554,2.403599526e-05,2.05534461e-05,0.4053273656,0.5396973777,0.05497525664,0.1951945594,0.196271543
27.76,10.79944013,-0.4363328781,-0.1423572746,0.5602137599,-0.1736873486,0.4589683804,0.5865208878,2.086887876e-05,1.745650096e-05,0.4053845255,0.5398132222,0.05480225229,0.1947325509,0.1958064701
27.784,10.7901115,-0.4364204768,-0.1438968028,0.5602113001,-0.1753203934,0.4595314162,0.5870042087,1.753501398e-05,1.420317951e-05,0.4054328084,0.5399099607,0.05465723095,0.1942636856,0.1953360194
27.808,10.78079898,-0.4365069273,-0.1453993892,0.5601577108,-0.1769498519,0.4600861658,0.5874418363,1.407414113e-05,1.083021038e-05,0.4054696032,0.5399498145,0.05458058231,0.1937903231,0.1948619034
27.832,10.77150252,-0.4365864674,-0.1468589546,0.5600522238,-0.1785324254,0.4606248974,0.5878199727,1.061038313e-05,7.478691141e-06,0.4054896366,0.5399177374,0.05459262605,0.1933143404,0.194385417
27.856,10.76222207,-0.4366517379,-0.1482727234,0.559922505,-0.1800357831,0.4611393941,0.5881548222,7.553006679e-06,4.78146718e-06,0.4054865787,0.5398334735,0.05467994784,0.1928370379,0.1939073786
27.88,10.7529576,-0.4366954782,-0.1496412073,0.5598056639,-0.1814540143,0.4616226073,0.588479346,6.188597508e-06,4.899380779e-06,0.4054546299,0.5397361269,0.05480924323,0.1923591983,0.1934281861
27.904,10.74370907,-0.4367117677,-0.1509674158,0.5597284628,-0.1828013914,0.4620696145,0.5888228093,7.978177193e-06,8.115147005e-06,0.4053895347,0.5396602278,0.05495023747,0.191881206,0.192947927
27.928,10.73447644,-0.4366965846,-0.1522557715,0.559702171,-0.184097916,0.4624778124,0.5892016318,1.18517945e-05,1.245926985e-05,0.4052888981,0.5396250589,0.05508604296,0.191403171,0.1924664959
27.952,10.72525966,-0.4366477867,-0.153511136,0.559727346,-0.1853603155,0.462846582,0.5896211906,1.659451973e-05,1.728496163e-05,0.4051519888,0.5396368439,0.05521116728,0.1909250301,0.1919836952
27.976,10.71605869,-0.4365647624,-0.1547381382,0.5597997345,-0.1865998206,0.46317673,0.5900807028,2.175344885e-05,2.240791683e-05,0.4049793005,0.5396945476,0.05532615184,0.1904466169,0.1914993113
28,10.7068735,-0.4364479803,-0.1559408192,0.5599139072,-0.1878231133,0.4634699328,0.5905769259,2.712194346e-05,2.772719872e-05,0.404772101,0.5397942713,0.05543362771,0.1899677216,0.1910131652
28.024,10.69770404,-0.4362985758,-0.1571225122,0.5600648424,-0.1890338693,0.4637282944,0.5911061084,3.25503543e-05,3.314820145e-05,0.404532054,0.5399315755,0.05553637057,0.1894881218,0.1905251429
28.048,10.68855027,-0.436118033,-0.1582858649,0.5602483933,-0.1902339821,0.4639540427,0.5916647954,3.789679403e-05,3.856243375e-05,0.4042609584,0.5401024422,0.05563659946,0.1890076032,0.1900352105
28.072,10.67941215,-0.4359079661,-0.1594329298,0.5604612891,-0.1914243522,0.4641493445,0.5922500648,4.301759774e-05,4.384338974e-05,0.4039605892,0.5403035581,0.05573585268,0.1885259734,0.1895434169
28.096,10.67028965,-0.4356699831,-0.1605652745,0.5607009884,-0.1926053512,0.4643162086,0.5928595278,4.777241319e-05,4.885087951e-05,0.4036326151,0.5405323121,0.05583507279,0.1880430713,0.18904989
28.12,10.66118272,-0.4354056098,-0.161684087,0.5609655143,-0.1937770806,0.4644564447,0.5934912512,5.203547682e-05,5.34416809e-05,0.4032785673,0.5407866955,0.05593473712,0.1875587756,0.1885548275
28.144,10.65209132,-0.435116253,-0.1627902666,0.5612533134,-0.1949395128,0.464571657,0.5941436656,5.570791942e-05,5.748429811e-05,0.4028998424,0.5410651841,0.05603497353,0.1870730147,0.1880584854
28.168,10.64301541,-0.434803188,-0.1638844963,0.5615631459,-0.1960925644,0.4646632549,0.5948154846,5.872697777e-05,6.087434914e-05,0.4024977266,0.5413666291,0.05613564433,0.1865857827,0.1875611647
28.192,10.63395495,-0.4344675607,-0.1649672986,0.5618940047,-0.1972361341,0.4647324724,0.5955056382,6.106948048e-05,6.354647051e-05,0.4020734357,0.541690167,0.05623639728,0.1860971611,0.1870631979
28.216,10.62490991,-0.4341103961,-0.1660390777,0.5622450551,-0.19837012,0.4647803904,0.5962132224,6.27491054e-05,6.547953857e-05,0.4016281656,0.5420351464,0.056336688,0.1856073503,0.1865649356
28.24,10.61588024,-0.4337326105,-0.1671001509,0.5626155919,-0.1994944278,0.464807958,0.5969374599,6.380887035e-05,6.669426511e-05,0.4011631486,0.5424010705,0.05643578095,0.1851167067,0.1860667351
28.264,10.60686591,-0.4333350245,-0.1681507709,0.5630050075,-0.2006089727,0.4648160122,0.597677671,6.431134178e-05,6.72446969e-05,0.4006797079,0.5427875512,0.05653274098,0.1846257785,0.1855689482
28.288,10.59786687,-0.4329183752,-0.1691911426,0.5634127691,-0.2017136792,0.464805295,0.5984332517,6.432895918e-05,6.720663455e-05,0.4001792923,0.5431942741,0.05662643361,0.1841353259,0.1850719128
28.312,10.58888309,-0.4324833279,-0.1702214348,0.563838401,-0.2028084801,0.4647764687,0.5992036566,6.393607428e-05,6.666604265e-05,0.3996634705,0.5436209706,0.05671555886,0.1836463006,0.1845759442
28.336,10.57991453,-0.4320304861,-0.171241789,0.5642814724,-0.2038933143,0.4647301274,0.5999883863,6.320335267e-05,6.570955863e-05,0.3991338612,0.5440673967,0.05679874206,0.183159766,0.1840813286
28.36,10.57096114,-0.4315604002,-0.1722523254,0.5647415875,-0.2049681258,0.4646668082,0.6007869782,6.219446198e-05,6.441796479e-05,0.3985919952,0.5445333159,0.05687468893,0.1826767487,0.1835883185
28.384,10.5620229,-0.4310735752,-0.1732531472,0.5652183779,-0.2060328616,0.4645869996,0.6015989983,6.096458831e-05,6.286251991e-05,0.3980391339,0.5450184874,0.05694237873,0.18219805,0.1830971286
28.408,10.55309976,-0.430570477,-0.1742443441,0.5657114974,-0.2070874712,0.4644911486,0.6024240359,5.956022079e-05,6.110353778e-05,0.397476108,0.5455226565,0.05700123547,0.1817240774,0.1826079337
28.432,10.54419169,-0.4300515381,-0.1752259943,0.5662206173,-0.208131905,0.4643796664,0.6032616989,5.801970492e-05,5.919047472e-05,0.3969032422,0.5460455489,0.05705120886,0.1812547643,0.1821208681
28.456,10.53529864,-0.4295171623,-0.1761981665,0.5667454229,-0.2091661143,0.4642529339,0.6041116104,5.637418873e-05,5.716288226e-05,0.3963204029,0.5465868661,0.05709273103,0.1807896131,0.1816360251
28.48,10.52642058,-0.4289677283,-0.1771609208,0.5672856109,-0.2101900504,0.4641113054,0.6049734057,5.464871179e-05,5.505175445e-05,0.3957271444,0.5471462838,0.0571265718,0.1803278376,0.1811534591
28.504,10.51755747,-0.4284035933,-0.1781143101,0.5678408872,-0.2112036646,0.4639551123,0.6058467308,5.286328897e-05,5.288096925e-05,0.3951228931,0.5477234514,0.05715365551,0.1798685441,0.1806731874
28.528,10.50870927,-0.4278250959,-0.1790583805,0.5684109651,-0.2122069083,0.4637846658,0.6067312397,5.103391342e-05,5.066865685e-05,0.3945071038,0.5483179939,0.05717490229,0.1794108849,0.1801951942
28.552,10.49987595,-0.4272325581,-0.1799931718,0.5689955638,-0.2131997324,0.4636002595,0.6076265938,4.917345017e-05,4.84284183e-05,0.3938793569,0.5489295163,0.05719112677,0.1789541539,0.1797194364
28.576,10.49105746,-0.4266262879,-0.1809187185,0.5695944076,-0.2141820883,0.4634021711,0.608532461,4.729241992e-05,4.617037468e-05,0.3932393933,0.5495576111,0.0572029956,0.1784978188,0.1792458529
28.6,10.48225378,-0.4260065807,-0.1818350495,0.5702072246,-0.2151539274,0.4631906648,0.6094485142,4.53996885e-05,4.39020588e-05,0.3925871048,0.5502018204,0.05721107484,0.1780415107,0.178774327
28.624,10.47346485,-0.4253737208,-0.182742189,0.5708337462,-0.2161152022,0.4629659922,0.6103744314,4.350308574e-05,4.162917906e-05,0.3919225095,0.5508615632,0.05721592722,0.1775849977,0.1783046151
28.648,10.46469066,-0.4247279827,-0.1836401566,0.5714737067,-0.2170658657,0.4627283938,0.6113098949,4.160998207e-05,3.935629426e-05,0.3912457265,0.5515364459,0.05721782759,0.1771281584,0.1778366568
28.672,10.45593115,-0.4240696324,-0.1845289678,0.5721268425,-0.2180058726,0.4624781001,0.6122545912,3.972785395e-05,3.708744533e-05,0.3905569406,0.5522260418,0.05721701763,0.1766709459,0.177370356
28.696,10.4471863,-0.4233989278,-0.1854086338,0.5727928921,-0.2189351793,0.4622153324,0.613208211,3.786487143e-05,3.4826798e-05,0.3898563711,0.552929852,0.05721377692,0.1762133561,0.1769055408
28.72,10.43845606,-0.42271612,-0.1862791625,0.5734715955,-0.2198537444,0.461940304,0.6141704485,3.603054303e-05,3.257936404e-05,0.3891442564,0.5536473806,0.05720836306,0.1757554106,0.1764420397
28.744,10.4297404,-0.4220214536,-0.1871405582,0.5741626946,-0.2207615291,0.4616532203,0.6151410022,3.423645394e-05,3.035189086e-05,0.3884208441,0.5543781394,0.05720101646,0.1752971471,0.1759796859
28.768,10.42103928,-0.4213151677,-0.187992822,0.5748659326,-0.2216584976,0.46135428,0.6161195744,3.249712988e-05,2.815404437e-05,0.3876863856,0.5551216484,0.05719196602,0.1748386129,0.1755183176
28.792,10.41235267,-0.4205974958,-0.1888359524,0.5755810543,-0.2225446176,0.4610436752,0.6171058717,3.083104486e-05,2.600006321e-05,0.3869411323,0.5558774372,0.05718143057,0.1743798609,0.1750577796
28.816,10.40368052,-0.4198686667,-0.189669945,0.576307806,-0.2234198606,0.460721592,0.6180996047,2.926175517e-05,2.391112825e-05,0.3861853341,0.5566450479,0.05716961796,0.173920948,0.174597926
28.84,10.39502282,-0.4191289043,-0.1904947934,0.5770459356,-0.2242842023,0.4603882109,0.6191004888,2.781906496e-05,2.191874395e-05,0.3854192394,0.5574240375,0.05715672314,0.1734619338,0.1741386218
28.864,10.3863795,-0.4183784286,-0.1913104889,0.5777951929,-0.225137623,0.4600437074,0.6201082439,2.653998956e-05,2.006935318e-05,0.3846430947,0.5582139795,0.05714292577,0.1730028813,0.1736797449
28.888,10.37775055,-0.4176174553,-0.1921170211,0.5785553295,-0.2259801076,0.4596882517,0.6211225952,2.546907292e-05,1.842989282e-05,0.3838571459,0.5590144662,0.05712838786,0.1725438565,0.1732211876
28.912,10.36913593,-0.4168461961,-0.1929143778,0.5793260991,-0.2268116465,0.4593220095,0.6221432729,2.465738854e-05,1.70923846e-05,0.3830616383,0.5598251101,0.05711325161,0.1720849293,0.1727628577
28.936,10.3605356,-0.4160648591,-0.1937025459,0.5801072578,-0.2276322352,0.4589451419,0.623170013,2.415949184e-05,1.61723418e-05,0.3822568177,0.5606455447,0.05709763762,0.1716261738,0.1723046794
28.96,10.35194952,-0.4152736488,-0.194481511,0.5808985644,-0.228441875,0.458557806,0.6242025571,2.402801417e-05,1.579268522e-05,0.3814429301,0.5614754262,0.0570816437,0.171167668,0.1718465936
28.984,10.34337766,-0.4144727658,-0.1952512577,0.5816997803,-0.2292405728,0.4581601546,0.6252406534,2.430669657e-05,1.605021193e-05,0.3806202221,0.5623144333,0.0570653446,0.1707094942,0.1713885585
29.008,10.33481998,-0.4136624074,-0.1960117704,0.5825106702,-0.2300283418,0.4577523363,0.6262840561,2.502402331e-05,1.69812698e-05,0.3797889398,0.5631622679,0.05704879229,0.1702517378,0.1709305486
29.032,10.32627645,-0.4128427673,-0.1967630328,0.5833310022,-0.230805201,0.4573344964,0.6273325266,2.619004981e-05,1.855514425e-05,0.3789493296,0.5640186539,0.05703201649,0.1697944874,0.1704725546
29.056,10.31774704,-0.4120140357,-0.1975050285,0.5841605482,-0.2315711756,0.4569067759,0.6283858332,2.779769392e-05,2.06998773e-05,0.378101637,0.5648833377,0.05701502523,0.1693378344,0.1700145819
29.08,10.30923171,-0.4111763992,-0.1982377413,0.5849990839,-0.232326297,0.4564693126,0.6294437517,2.982749903e-05,2.333570639e-05,0.3772461066,0.5657560875,0.05699780585,0.1688818724,0.1695566505
29.104,10.30073042,-0.410330041,-0.198961155,0.5858463896,-0.233070603,0.4560222404,0.6305060652,3.225350089e-05,2.639553893e-05,0.3763829813,0.5666366923,0.05698032635,0.1684266965,0.1690987934
29.128,10.29224313,-0.4094751405,-0.1996752542,0.5867022502,-0.2338041373,0.45556569,0.6315725651,3.504810875e-05,2.983104992e-05,0.3755125019,0.5675249612,0.05696253694,0.1679724028,0.1686410553
29.152,10.28376983,-0.4086118737,-0.2003800238,0.5875664553,-0.2345269499,0.4550997882,0.6326430507,3.81850691e-05,3.361111618e-05,0.3746349064,0.5684207221,0.05694437155,0.1675190877,0.1681834913
29.176,10.27531046,-0.4077404126,-0.2010754497,0.5884388001,-0.2352390965,0.4546246589,0.6337173297,4.164056672e-05,3.771786749e-05,0.3737504302,0.5693238204,0.05692574937,0.1670668479,0.1677261651
29.2,10.266865,-0.4068609256,-0.2017615187,0.5893190851,-0.2359406391,0.4541404224,0.6347952183,4.539294515e-05,4.214267334e-05,0.372859306,0.5702341182,0.05690657588,0.1666157807,0.1672691472
29.224,10.25843341,-0.4059735774,-0.2024382187,0.5902071167,-0.2366316449,0.4536471955,0.6358765415,4.942154485e-05,4.688266319e-05,0.3719617646,0.571151492,0.05688674344,0.1661659842,0.1668125138
29.248,10.25001566,-0.4050785286,-0.2031055391,0.5911027075,-0.2373121868,0.4531450919,0.6369611328,5.370501926e-05,5.193770446e-05,0.3710580371,0.5720758322,0.05686613072,0.1657175599,0.1663563447
29.272,10.24161171,-0.4041759358,-0.2037634706,0.5920056761,-0.2379823428,0.4526342221,0.6380488352,5.821935157e-05,5.730757735e-05,0.3701483584,0.5730070411,0.0568446005,0.165270616,0.1659007218
29.296,10.23322153,-0.4032659518,-0.2044120054,0.5929158481,-0.2386421959,0.4521146933,0.6391395001,6.293571565e-05,6.298907465e-05,0.369232974,0.5739450319,0.05682199416,0.1648252741,0.1654457274
29.32,10.22484509,-0.4023487251,-0.2050511376,0.5938330554,-0.2392918336,0.4515866092,0.6402329883,6.781830861e-05,6.897280135e-05,0.3683121526,0.574889727,0.05679812042,0.1643816824,0.1649914429
29.344,10.21648235,-0.4014244001,-0.2056808629,0.5947571372,-0.2399313479,0.4510500707,0.6413291698,7.282231795e-05,7.52395243e-05,0.3673862106,0.5758410569,0.0567727325,0.163940039,0.1645379472
29.368,10.20813327,-0.4004931168,-0.206301179,0.5956879397,-0.2405608343,0.4505051754,0.6424279232,7.789225725e-05,8.175603951e-05,0.3664555606,0.5767989589,0.05674548052,0.1635006414,0.1640853158
29.392,10.19979784,-0.3995550112,-0.2069120858,0.5966253162,-0.2411803921,0.4499520177,0.6435291365,8.296098951e-05,8.847070733e-05,0.3655208182,0.5777633761,0.0567158057,0.1630639931,0.1636336188
29.416,10.191476,-0.3986102147,-0.2075135851,0.5975691275,-0.2417901237,0.4493906889,0.6446327063,8.794982202e-05,9.530907561e-05,0.3645830632,0.5787342559,0.0566826809,0.1626310642,0.1631829208
29.44,10.18316773,-0.3976588544,-0.2081056809,0.5985192418,-0.2423901341,0.4488212773,0.6457385384,9.277005943e-05,0.000102170366,0.3636445695,0.5797115496,0.05664388089,0.162204022,0.1627332793
29.464,10.174873,-0.3967010529,-0.2086883797,0.5994755347,-0.2429805304,0.448243868,0.6468465467,9.732629247e-05,0.000108925981,0.3627112292,0.580695211,0.05659355978,0.1617886545,0.1622847442
29.488,10.16659177,-0.3957369285,-0.20926169,0.6004378894,-0.2435614217,0.4476585434,0.6479566538,0.0001015214482,0.0001154214527,0.3618006198,0.5816851958,0.05651418444,0.161402438,0.1618373573
29.512,10.158324,-0.3947665948,-0.209825623,0.6014061964,-0.2441329182,0.4470653827,0.6490687905,0.0001052632482,0.0001214831599,0.3608710103,0.5826814609,0.05644752881,0.1610035428,0.1613911514
29.536,10.15006968,-0.393790161,-0.210380192,0.6023803537,-0.2446951308,0.4464644623,0.6501828954,0.0001084712958,0.0001269304429,0.3597418507,0.5836839638,0.0565741855,0.1604113228,0.1609461502
29.56,10.14182876,-0.3928077318,-0.2109254131,0.6033602666,-0.2452481708,0.4458558557,0.6512989149,0.0001110836913,0.000131592351,0.3587500873,0.5846926618,0.05655725088,0.1599626309,0.1605023679
29.584,10.1336012,-0.3918194074,-0.2114613047,0.6043458475,-0.2457921494,0.4452396337,0.6524168025,0.0001130620014,0.0001353264781,0.3577756183,0.5857075117,0.05651686997,0.1595372741,0.1600598093
29.608,10.12538699,-0.3908252836,-0.2119878878,0.6053370162,-0.2463271768,0.4446158644,0.6535365186,0.0001143936735,0.0001380359225,0.3567969416,0.5867284692,0.05647458917,0.1591136617,0.159618469
29.632,10.11718608,-0.3898254517,-0.2125051857,0.6063336988,-0.2468533622,0.4439846132,0.6546580304,0.0001150915234,0.0001396802141,0.3558126121,0.5877554884,0.05643189955,0.1586902621,0.1591783322
29.656,10.10899845,-0.3888199985,-0.2130132246,0.6073358285,-0.2473708129,0.4433459429,0.6557813108,0.0001151905619,0.0001402774941,0.3548228248,0.5887885213,0.0563886539,0.1582671864,0.158739374
29.68,10.10082406,-0.3878090066,-0.2135120328,0.6083433446,-0.247879634,0.4426999139,0.6569063387,0.0001147429401,0.0001398977939,0.3538278431,0.5898275176,0.05634463932,0.1578446162,0.1583015601
29.704,10.09266287,-0.3867925545,-0.2140016414,0.6093561927,-0.2483799279,0.4420465843,0.6580330981,0.0001138120337,0.0001386497695,0.3528278589,0.5908724237,0.05629971744,0.1574226632,0.1578648463
29.728,10.08451487,-0.3857707162,-0.2144820837,0.6103743239,-0.2488717939,0.4413860099,0.6591615774,0.0001124666392,0.0001366646044,0.3518230027,0.5919231827,0.0562538146,0.1570013803,0.157429179
29.752,10.07638001,-0.384743562,-0.2149533956,0.6113976949,-0.2493553275,0.4407182442,0.6602917693,0.0001107759897,0.0001340806589,0.3508133636,0.5929797345,0.05620690193,0.1565807805,0.1569944959
29.776,10.06825826,-0.3837111579,-0.2154156154,0.6124262673,-0.2498306202,0.4400433388,0.6614236703,0.0001088059683,0.0001310312689,0.3497990043,0.5940420152,0.05615898053,0.1561608524,0.1565607264
29.8,10.0601496,-0.3826735663,-0.2158687836,0.6134600074,-0.2502977588,0.4393613434,0.6625572796,0.0001066165921,0.0001276366325,0.3487799705,0.5951099587,0.05611007081,0.1557415691,0.1561277937
29.824,10.05205398,-0.3816308459,-0.2163129429,0.6144988856,-0.2507568254,0.4386723057,0.6636925989,0.0001042606344,0.00012399957,0.3477562974,0.5961834986,0.05606020397,0.1553228947,0.1556956174
29.848,10.04397139,-0.3805830519,-0.2167481382,0.615542876,-0.2512078965,0.437976272,0.6648296319,0.0001017831462,0.0001202043156,0.3467280143,0.5972625719,0.05600941374,0.1549047891,0.1552641181
29.872,10.03590178,-0.3795302363,-0.2171744165,0.6165919559,-0.2516510431,0.4372732869,0.6659683833,9.922161543e-05,0.0001163173332,0.3456951477,0.5983471253,0.05595772703,0.1544872104,0.1548332242
29.896,10.02784513,-0.3784724477,-0.2175918268,0.6176461053,-0.2520863301,0.4365633937,0.6671088586,9.660652626e-05,0.0001123892673,0.3446577237,0.5994371237,0.05590515267,0.1540701176,0.1544028818
29.92,10.0198014,-0.377409732,-0.21800042,0.6187053064,-0.2525138161,0.4358466346,0.6682510633,9.396213123e-05,0.0001084573677,0.3436157697,0.6005325616,0.05585166869,0.1536534719,0.1539730663
29.944,10.01177057,-0.3763421324,-0.2184002485,0.619769543,-0.2529335531,0.4351230505,0.669395002,9.130730151e-05,0.0001045479639,0.3425693159,0.6016334744,0.05579720971,0.1532372384,0.1535437948
29.968,10.0037526,-0.3752696896,-0.2187913664,0.6208387997,-0.2533455863,0.4343926817,0.6705406783,8.865636658e-05,0.0001006787471,0.3415183957,0.6027399458,0.05574165847,0.1528213859,0.1531151344
29.992,9.995747466,-0.3741924421,-0.2191738294,0.6219130619,-0.2537499537,0.4336555675,0.6716880939,8.601989159e-05,9.686075612e-05,0.3404630447,0.603852108,0.05568484728,0.152405886,0.1526872031
30.016,9.987755131,-0.3731104268,-0.2195476943,0.6229923146,-0.2541466863,0.432911747,0.6728372479,8.340536648e-05,9.310003792e-05,0.3394032967,0.6049701277,0.05562657563,0.151990709,0.1522601569
30.04,9.979775566,-0.3720236787,-0.219913019,0.6240765421,-0.2545358076,0.4321612586,0.6739881362,8.081779822e-05,8.939900323e-05,0.3383391704,0.6060941793,0.0555666503,0.1515758104,0.1518341635
30.064,9.971808741,-0.3709322316,-0.2202698624,0.6251657275,-0.2549173338,0.4314041408,0.6751407512,7.826020806e-05,8.575751504e-05,0.3372706286,0.6072244101,0.05550496121,0.1511610898,0.1514093689
30.088,9.963854626,-0.3698361184,-0.2206182839,0.6262598518,-0.2552912734,0.430640432,0.6762950807,7.573404141e-05,8.217375611e-05,0.3361974366,0.6083609081,0.05544165531,0.1507462492,0.1509858651
30.112,9.955913191,-0.3687353715,-0.2209583437,0.6273588933,-0.2556576277,0.4298701709,0.6774511079,7.323950054e-05,7.864491868e-05,0.3351185816,0.6095036824,0.05537773608,0.1503302123,0.1505636726
30.136,9.947984404,-0.3676300231,-0.2212901019,0.6284628273,-0.2560163901,0.4290933967,0.6786088102,7.077581122e-05,7.516775465e-05,0.3340294037,0.6106526626,0.05531793371,0.1499082556,0.1501427396
30.16,9.940068236,-0.3665201055,-0.2216136187,0.6295716253,-0.2563675469,0.428310149,0.6797681594,6.834143371e-05,7.173901776e-05,0.3329133429,0.6118077121,0.05527894493,0.1494637546,0.1497229564
30.184,9.932164657,-0.3654056517,-0.2219289539,0.6306852543,-0.2567110771,0.4275204683,0.6809291205,6.593422783e-05,6.835582194e-05,0.3318158342,0.6129686484,0.05521551736,0.149042079,0.1493041766
30.208,9.924273636,-0.3642866956,-0.2222361668,0.6318036764,-0.2570469521,0.4267243964,0.6820916515,6.355158056e-05,6.501593385e-05,0.3307476728,0.6141352652,0.05511706195,0.1486539584,0.1488862399
30.232,9.916395144,-0.363163273,-0.2225353157,0.6329268479,-0.2573751369,0.4259219759,0.6832557031,6.119050346e-05,6.17180119e-05,0.3296633622,0.6153073489,0.05502928893,0.1482538288,0.1484689893
30.256,9.908529151,-0.3620354212,-0.2228264575,0.6340547193,-0.2576955892,0.4251132512,0.6844212181,5.884770643e-05,5.846179906e-05,0.3285699084,0.6164846865,0.05494540505,0.1478486286,0.1480522794
30.28,9.900675627,-0.3609031805,-0.2231096474,0.6351872343,-0.2580082604,0.4242982683,0.6855881308,5.651965316e-05,5.524827306e-05,0.3274712038,0.6176670716,0.05486172461,0.1474421801,0.1476359835
30.304,9.892834543,-0.3597665939,-0.2233849386,0.6363243293,-0.2583130959,0.4234770748,0.686756367,5.420260355e-05,5.207975437e-05,0.3263688075,0.6188543068,0.05477688576,0.1470359716,0.1472199965
30.328,9.885005869,-0.3586257081,-0.2236523817,0.6374659332,-0.258610035,0.4226497206,0.6879258435,5.189264776e-05,4.895997079e-05,0.3252635643,0.6200462026,0.05469023312,0.1466307752,0.146804234
30.352,9.877189576,-0.3574805739,-0.2239120244,0.6386119667,-0.2588990114,0.4218162579,0.6890964679,4.958573697e-05,4.589407634e-05,0.324156084,0.6212425746,0.05460134145,0.1462271261,0.1463886304
30.376,9.869385633,-0.3563312471,-0.2241639106,0.6397623418,-0.2591799539,0.420976741,0.6902681381,4.727771621e-05,4.288862244e-05,0.3230468694,0.6224432411,0.05450988952,0.1458254507,0.1459731367
30.4,9.861594013,-0.3551777887,-0.2244080803,0.6409169615,-0.2594527868,0.4201312272,0.6914407423,4.496436581e-05,3.995148104e-05,0.3219362929,0.6236480224,0.05441568472,0.1454260427,0.1455577207
30.424,9.853814686,-0.3540202659,-0.2246445688,0.6420757196,-0.2597174299,0.4192797765,0.6926141589,4.264145945e-05,3.709172095e-05,0.3208244253,0.6248567399,0.05431883476,0.1450288926,0.1451423654
30.448,9.846047622,-0.3528587525,-0.2248734062,0.6432385001,-0.2599737996,0.4184224516,0.6937882562,4.030484923e-05,3.43194417e-05,0.3197106646,0.6260692147,0.05422012066,0.144633315,0.144727069
30.472,9.838292793,-0.3516933299,-0.2250946165,0.6444051769,-0.2602218092,0.4175593188,0.6949628925,3.795059116e-05,3.164557139e-05,0.3185931852,0.627285267,0.05412154777,0.1442373991,0.1443118441
30.496,9.830550171,-0.3505240879,-0.2253082168,0.6455756137,-0.2604613692,0.4166904472,0.6961379158,3.557512888e-05,2.908163664e-05,0.317468627,0.628504715,0.05402665794,0.1438376969,0.1438967164
30.52,9.822819725,-0.3493511251,-0.2255142171,0.6467496637,-0.2606923885,0.4158159097,0.6973131641,3.317555873e-05,2.663951219e-05,0.3163330723,0.6297273741,0.05393955366,0.1434302004,0.1434817245
30.544,9.815101427,-0.34817455,-0.2257126188,0.6479271695,-0.2609147744,0.4149357824,0.6984884655,3.07500065e-05,2.433115434e-05,0.3151848175,0.6309530553,0.05386212723,0.143013113,0.1430669183
30.568,9.80739525,-0.3469944816,-0.2259034139,0.6491079629,-0.2611284335,0.4140501451,0.6996636379,2.829815498e-05,2.216831451e-05,0.314026524,0.632181565,0.05379191097,0.1425890005,0.1426523583
30.592,9.799701164,-0.3458110509,-0.2260865844,0.6502918649,-0.2613332724,0.4131590814,0.7008384898,2.582197433e-05,2.016221723e-05,0.3128636141,0.6334127033,0.05372368259,0.1421631869,0.1422381141
30.616,9.79201914,-0.3446244007,-0.2262621011,0.6514786856,-0.2615291981,0.4122626783,0.7020128199,2.33267259e-05,1.832316998e-05,0.3117007248,0.6346462635,0.05365301171,0.1417402083,0.1418242639
30.64,9.784349151,-0.3434346876,-0.2264299223,0.6526682245,-0.2617161191,0.4113610267,0.7031864179,2.082234495e-05,1.666005584e-05,0.3105400907,0.6358820312,0.05357787806,0.141322196,0.1414108927
30.664,9.776691169,-0.3422420822,-0.2265899928,0.65386027,-0.2618939456,0.4104542211,0.7043590643,1.832537856e-05,1.517965289e-05,0.3093820976,0.6371197839,0.05349811852,0.1409094296,0.1409980923
30.688,9.769045164,-0.3410467703,-0.2267422429,0.6550546003,-0.2620625904,0.4095423595,0.7055305313,1.586181315e-05,1.388574427e-05,0.308226308,0.6383592908,0.05341440114,0.1405013635,0.14058596
30.712,9.76141111,-0.339848954,-0.2268865868,0.6562509831,-0.2622219694,0.4086255435,0.706700583,1.347147271e-05,1.277805347e-05,0.3070721078,0.6396003129,0.05332757928,0.1400972728,0.1401745987
30.736,9.753788977,-0.3386488522,-0.2270229217,0.6574491761,-0.2623720026,0.4077038779,0.7078689757,1.121535227e-05,1.185116798e-05,0.3059189665,0.6408426029,0.05323843063,0.1396965143,0.1397641159
30.76,9.746178739,-0.3374467016,-0.2271511259,0.6586489271,-0.2625126142,0.4067774704,0.7090354588,9.18805638e-06,1.109376566e-05,0.3047664981,0.6420859058,0.05314759612,0.1392985875,0.1393546239
30.784,9.738580366,-0.3362427579,-0.2272710584,0.6598499748,-0.2626437339,0.4058464318,0.7101997749,7.535121605e-06,1.048852954e-05,0.3036144479,0.6433299588,0.05305559334,0.1389031216,0.1389462385
30.808,9.730993833,-0.335037296,-0.2273825565,0.6610520489,-0.2627652968,0.404910875,0.7113616609,6.453602793e-06,1.001301334e-05,0.3024626606,0.6445744907,0.05296284864,0.1385098439,0.138539078
30.832,9.72341911,-0.3338306111,-0.2274854356,0.6622548708,-0.2628772444,0.4039709152,0.7125208485,6.102154197e-06,9.641395395e-06,0.3013110504,0.6458192212,0.05286972835,0.1381185501,0.1381332616
30.856,9.715856171,-0.3326230189,-0.2275794873,0.6634581541,-0.262979525,0.4030266688,0.7136770647,6.42347865e-06,9.346706357e-06,0.3001595772,0.6470638584,0.05277656443,0.1377290814,0.1377289056
30.88,9.708304987,-0.3314148561,-0.227664479,0.6646616053,-0.2630720939,0.4020782533,0.7148300331,7.15259064e-06,9.102964483e-06,0.2990082291,0.6483080961,0.0526836748,0.1373413073,0.1373261198
30.904,9.700765532,-0.3302064802,-0.2277401528,0.6658649249,-0.2631549145,0.4011257867,0.715979474,8.020864016e-06,8.88677707e-06,0.297857011,0.6495516096,0.05259137941,0.1369551141,0.1369250023
30.928,9.693237778,-0.3289982699,-0.2278062253,0.6670678074,-0.2632279579,0.4001693865,0.7171251059,8.854726887e-06,8.678241365e-06,0.2967059351,0.6507940517,0.05250001325,0.1365703971,0.1365256341
30.952,9.685721698,-0.3277906235,-0.2278623874,0.6682699432,-0.2632912036,0.3992091688,0.7182666461,9.561140988e-06,8.461220565e-06,0.2955550161,0.6520350472,0.0524099367,0.1361870555,0.1361280723
30.976,9.678217265,-0.3265839589,-0.2279083053,0.6694710187,-0.2633446396,0.3982452484,0.7194038115,1.009638454e-05,8.223189974e-06,0.2944042674,0.6532741892,0.05232154333,0.1358049895,0.1357323451
31,9.670724452,-0.3253787114,-0.227943621,0.6706707179,-0.2633882625,0.3972777368,0.7205363202,1.044535274e-05,7.954858252e-06,0.2932536993,0.6545110357,0.05223526499,0.135424099,0.1353384469
31.024,9.663243231,-0.3241753313,-0.2279679551,0.6718687235,-0.2634220775,0.3963067423,0.7216638917,1.060963088e-05,7.649724845e-06,0.2921033187,0.6557451079,0.05215157331,0.1350442846,0.1349463354
31.048,9.655773576,-0.3229742816,-0.2279809097,0.6730647179,-0.2634460982,0.3953323688,0.7227862486,1.060044999e-05,7.303683585e-06,0.2909531308,0.6569758927,0.05207097651,0.1346654489,0.1345559315
31.072,9.648315461,-0.3217760336,-0.2279820723,0.6742583848,-0.2634603463,0.3943547148,0.7239031175,1.043434159e-05,6.914748794e-06,0.2898031411,0.6582028497,0.05199400925,0.1342874999,0.134167126
31.096,9.640868858,-0.3205810621,-0.2279710217,0.6754494107,-0.2634648515,0.3933738732,0.7250142304,1.013044235e-05,6.48297373e-06,0.2886533603,0.659425427,0.05192121273,0.133910356,0.1337797926
31.12,9.63343374,-0.3193898397,-0.2279473355,0.6766374861,-0.2634596505,0.3923899304,0.7261193256,9.70893187e-06,6.01066047e-06,0.2875038092,0.6606430883,0.05185310251,0.1335339516,0.1333938132
31.144,9.626010082,-0.3182028297,-0.2279105983,0.677822308,-0.2634447864,0.3914029658,0.7272181494,9.190335482e-06,5.503043657e-06,0.2863545263,0.6618553497,0.0517901241,0.1331582446,0.1330091129
31.168,9.618597857,-0.3170204773,-0.2278604128,0.6790035812,-0.2634203078,0.3904130515,0.728310457,8.595573491e-06,4.969809789e-06,0.2852055747,0.6630618219,0.05173260341,0.1327832238,0.1326257001
31.192,9.611197038,-0.3158432008,-0.2277964123,0.6801810204,-0.2633862675,0.3894202523,0.7293960148,7.946772521e-06,4.428158239e-06,0.2840570516,0.6642622391,0.05168070927,0.1324089186,0.1322436927
31.216,9.603807599,-0.3146713797,-0.2277182746,0.6813543531,-0.263342721,0.3884246256,0.7304746013,7.269012169e-06,3.908616915e-06,0.2829090965,0.6654564524,0.05163445107,0.1320354067,0.1318633093
31.24,9.596429513,-0.3135053433,-0.2276257379,0.6825233216,-0.2632897251,0.3874262211,0.7315460094,6.593351114e-06,3.464694219e-06,0.2817618998,0.666644377,0.05159372321,0.131662823,0.1314848132
31.264,9.589062756,-0.3123453573,-0.2275186177,0.6836876863,-0.2632273353,0.3864250815,0.732610048,5.961486234e-06,3.182332935e-06,0.2806157111,0.6678259155,0.05155837335,0.1312913675,0.1311084331
31.288,9.5817073,-0.3111916099,-0.2273968242,0.6848472289,-0.2631556043,0.3854212419,0.7336665448,5.431518479e-06,3.167396228e-06,0.2794708469,0.6690009142,0.05152823884,0.1309213131,0.1307343152
31.312,9.57436312,-0.3100441977,-0.2272603798,0.6860017561,-0.2630745789,0.3844147301,0.7347153485,5.080759485e-06,3.48783157e-06,0.2783276988,0.6701691932,0.05150310796,0.1305530141,0.1303625498
31.336,9.567030189,-0.3089031115,-0.2271094347,0.6871511038,-0.2629842972,0.3834055655,0.735756332,4.995071604e-06,4.12884892e-06,0.2771867415,0.671330635,0.05148262352,0.1301869139,0.1299932549
31.36,9.559708482,-0.3077682235,-0.2269442814,0.6882951424,-0.2628847861,0.3823937581,0.7367893959,5.237522188e-06,5.030263385e-06,0.2760485328,0.6724852663,0.05146620088,0.1298235465,0.1296266525
31.384,9.552397973,-0.3066392758,-0.2267653646,0.6894337823,-0.2627760571,0.3813793073,0.7378144728,5.81908193e-06,6.139460964e-06,0.2749136764,0.6736332763,0.05145304731,0.1294635003,0.1292630799
31.408,9.545098637,-0.3055158717,-0.2265732866,0.6905669803,-0.262658104,0.3803621985,0.7388315328,6.706671327e-06,7.426920636e-06,0.2737826744,0.6747749551,0.05144237047,0.1291072723,0.1289029212
31.432,9.537810448,-0.3043974709,-0.2263688071,0.6916947481,-0.2625308987,0.3793424009,0.7398405891,7.856430449e-06,8.882460475e-06,0.2726555972,0.6759105705,0.05143383229,0.12875494,0.1285464732
31.456,9.53053338,-0.3032833889,-0.2261528351,0.6928171606,-0.2623943887,0.3783198631,0.7408417059,9.237230295e-06,1.050987131e-05,0.2715317271,0.6770402134,0.0514280595,0.1284058081,0.1281937801
31.48,9.523267408,-0.3021728027,-0.2259264141,0.6939343669,-0.2622484947,0.37729451,0.7418350076,1.083744152e-05,1.23239891e-05,0.2704097352,0.6781636612,0.05142660357,0.1280585878,0.1278444825
31.504,9.516012506,-0.3010647617,-0.2256906991,0.6950466024,-0.2620931092,0.3762662387,0.7428206899,1.266441294e-05,1.435001067e-05,0.2692885041,0.679280176,0.0514313199,0.1277122215,0.1274975985
31.528,9.50876865,-0.299958206,-0.2254469272,0.6961542023,-0.2619280966,0.3752349162,0.7437990328,1.474339241e-05,1.662451927e-05,0.2681676126,0.6803888975,0.05144348986,0.1273663701,0.127151896
31.552,9.501535814,-0.2988519908,-0.2251963819,0.6972576179,-0.2617532963,0.3742003779,0.7447704169,1.711815526e-05,1.919801814e-05,0.2670469503,0.681488994,0.05146405568,0.1270210272,0.1268060197
31.576,9.494313973,-0.2977449163,-0.2249403537,0.6983574331,-0.2615685287,0.3731624284,0.7457353415,1.985378379e-05,2.213907813e-05,0.2659261222,0.6825803795,0.05149349831,0.1266759239,0.1264591794
31.6,9.487103101,-0.2966357628,-0.2246800995,0.6994543828,-0.2613736061,0.3721208445,0.7466944459,2.304146675e-05,2.554039237e-05,0.2648043,0.6836641692,0.05153153086,0.1263303766,0.1261115729
31.624,9.479903175,-0.2955233278,-0.2244168023,0.700549371,-0.2611683499,0.371075381,0.7476485325,2.680437955e-05,2.952695931e-05,0.2636806742,0.6847429459,0.05157637984,0.1259837351,0.1257646169
31.648,9.472714168,-0.2944064652,-0.2241515347,0.7016434873,-0.2609526146,0.3700257792,0.7485985909,3.130089085e-05,3.426574145e-05,0.2625551589,0.6858153004,0.05162954063,0.1256360807,0.1254154489
31.672,9.465536057,-0.2932841221,-0.2238852281,0.7027380193,-0.2607263216,0.3689717762,0.7495458215,3.671235069e-05,3.997267919e-05,0.2614283361,0.6868781526,0.05169351133,0.125288163,0.1250592125
31.696,9.458368816,-0.2921553727,-0.2236186496,0.7038344569,-0.2604895021,0.3679131178,0.7504916545,4.317734865e-05,4.690149393e-05,0.2602991203,0.6879321067,0.05176877301,0.1249390562,0.124694381
31.72,9.451212421,-0.291019446,-0.2233523864,0.7049344851,-0.2602423494,0.3668495693,0.751437761,5.057792668e-05,5.526505932e-05,0.2591631673,0.6889870232,0.05184980947,0.1245845583,0.1243283114
31.744,9.444066847,-0.2898757476,-0.2230868399,0.7060399576,-0.2599852792,0.3657809279,0.7523860493,5.804202835e-05,6.496030317e-05,0.2580222434,0.690049046,0.05192871058,0.1242265528,0.1239642746
31.768,9.43693207,-0.2887238722,-0.2228222277,0.7071528479,-0.2597189915,0.3647070324,0.7533386389,6.338851537e-05,7.489009729e-05,0.2568819945,0.6911214136,0.0519965919,0.123870771,0.1236023031
31.792,9.429808065,-0.287563609,-0.2225585922,0.7082751704,-0.2594445286,0.3636277715,0.7542978062,6.396468657e-05,8.213417717e-05,0.2557431814,0.6922071842,0.05204963438,0.1235180211,0.1232419971
31.816,9.422694808,-0.2863949388,-0.222295816,0.7094088712,-0.259163315,0.3625430882,0.7552658939,5.943034199e-05,8.300913445e-05,0.2546048776,0.693309676,0.0520854464,0.1231673832,0.1228830987
31.84,9.415592274,-0.2852180236,-0.2220336412,0.7105556904,-0.2588771669,0.3614529829,0.756245183,5.220938423e-05,7.70073123e-05,0.2534664334,0.6944322598,0.05210130679,0.1228181718,0.1225254771
31.864,9.408500439,-0.2840331912,-0.2217716904,0.7117170058,-0.2585882553,0.3603575119,0.7572377316,4.473743595e-05,6.747474117e-05,0.2523275575,0.6955780568,0.05209438572,0.1224700191,0.1221690701
31.888,9.40141928,-0.2828409154,-0.2215094899,0.7128936767,-0.2582990122,0.359256785,0.7582451938,3.812664305e-05,5.770271661e-05,0.2511881911,0.6967496256,0.05206218331,0.1221227521,0.1218138483
31.912,9.394348772,-0.2816417929,-0.2212464915,0.7140859132,-0.2580119763,0.3581509591,0.7592686424,3.259773676e-05,4.912999549e-05,0.2500484182,0.6979486706,0.05200291119,0.1217763076,0.1214597969
31.936,9.38728889,-0.2804365194,-0.2209820941,0.7152931981,-0.2577295891,0.3570402321,0.7603084245,2.803792727e-05,4.200485005e-05,0.2489084124,0.6991758067,0.05191578081,0.1214306843,0.1211069046
31.96,9.380239612,-0.2792258658,-0.2207156621,0.7165142851,-0.257453964,0.3559248342,0.7613640814,2.426368968e-05,3.615321832e-05,0.2477683998,0.7004304245,0.05180117571,0.1210859116,0.1207551588
31.984,9.373200913,-0.2780106552,-0.2204465421,0.7177472829,-0.2571866648,0.3548050202,0.762434353,2.110670817e-05,3.132242094e-05,0.2466286312,0.7017106855,0.0516606833,0.1207420284,0.1204045419
32.008,9.366172769,-0.2767917418,-0.2201740773,0.7189898179,-0.2569285307,0.3536810606,0.7635172743,1.84323718e-05,2.728752492e-05,0.2454893628,0.7030136625,0.05149697474,0.1203990698,0.1200550336
32.032,9.359155157,-0.2755699921,-0.2198976182,0.7202392502,-0.2566795784,0.3525532343,0.7646103475,1.613773168e-05,2.387139958e-05,0.2443508435,0.7043356008,0.05131355575,0.1200570602,0.1197066167
32.056,9.352148053,-0.2743462689,-0.219616532,0.7214929049,-0.2564389975,0.3514218212,0.7657107622,1.414498609e-05,2.093990921e-05,0.24321331,0.7056722467,0.05111444328,0.1197160134,0.119359275
32.08,9.345151434,-0.2731214179,-0.2193302096,0.722748281,-0.2562052328,0.3502870962,0.7668156226,1.239522795e-05,1.839239158e-05,0.2420769863,0.7070191942,0.05090381946,0.1193759364,0.1190129948
32.104,9.338165275,-0.2718962566,-0.2190380698,0.7240032074,-0.2559761323,0.3491493239,0.7679221475,1.084349875e-05,1.615303503e-05,0.2409420858,0.7083721929,0.0506857213,0.1190368353,0.118667768
32.128,9.331189554,-0.2706715665,-0.2187395632,0.7252559317,-0.2557491326,0.3480087548,0.7690278183,9.455120327e-06,1.416422245e-05,0.2398088127,0.7097273787,0.05046380851,0.1186987192,0.1183235932
32.152,9.324224247,-0.2694480864,-0.2184341739,0.7265051423,-0.2555214481,0.3468656218,0.7701304644,8.203035235e-06,1.238166273e-05,0.2386773639,0.7110814096,0.05024122646,0.1183616043,0.1179804772
32.176,9.317269331,-0.2682265083,-0.2181214205,0.7277499351,-0.2552902433,0.345720138,0.7712282907,7.065889567e-06,1.077089184e-05,0.2375479282,0.7124315118,0.05002055993,0.1180255144,0.1176384353
32.2,9.310324783,-0.2670074749,-0.2178008562,0.7289897444,-0.2550527722,0.3445724955,0.7723198587,6.026649388e-06,9.30476443e-06,0.2364206863,0.7137754551,0.04980385861,0.1176904816,0.117297491
32.224,9.303390578,-0.2657915784,-0.2174720684,0.7302242557,-0.2548064797,0.3434228642,0.7734040378,5.071601587e-06,7.961647764e-06,0.2352958091,0.7151114812,0.04959270971,0.1173565455,0.1169576754
32.248,9.296466696,-0.2645793597,-0.2171346776,0.7314533164,-0.2545490686,0.342271392,0.7744799432,4.189640338e-06,6.724112779e-06,0.2341734576,0.7164382092,0.04938833318,0.1170237518,0.1166190268
32.272,9.289553111,-0.2633713096,-0.2167883366,0.7326768557,-0.2542785372,0.3411182047,0.7755468711,3.371788652e-06,5.577981981e-06,0.233053781,0.7177545385,0.04919168045,0.1166921514,0.1162815891
32.296,9.282649802,-0.2621678695,-0.2164327288,0.7338948192,-0.2539931945,0.3399634067,0.7766042419,2.610977873e-06,4.511644074e-06,0.2319369172,0.7190595599,0.04900352292,0.1163617993,0.1159454113
32.32,9.275756745,-0.2609694334,-0.2160675668,0.7351071217,-0.2536916611,0.3388070817,0.777651554,1.902323058e-06,3.515596248e-06,0.2308229917,0.7203524854,0.04882452298,0.1160327531,0.115610546
32.344,9.268873918,-0.2597763495,-0.2156925912,0.7363136169,-0.2533728605,0.3376492939,0.7786883516,1.245193968e-06,2.582274957e-06,0.2297121181,0.7216325975,0.04865528442,0.1157050724,0.1152770486
32.368,9.262001298,-0.2585889226,-0.2153075689,0.7375140828,-0.2530360049,0.3364900892,0.7797142054,6.573617993e-07,1.706662613e-06,0.2286043985,0.7228992185,0.04849638297,0.1153788183,0.1149449764
32.392,9.255138861,-0.257407416,-0.2149122918,0.7387082204,-0.2526805785,0.3353294961,0.7807287042,3.42867854e-07,8.917760965e-07,0.2274999235,0.7241516972,0.04834837924,0.1150540525,0.1146143876
32.416,9.248286587,-0.2562320539,-0.2145065754,0.7398956615,-0.2523063194,0.3341675273,0.7817314556,6.983733199e-07,2.713826883e-07,0.2263987731,0.7253894095,0.04821181736,0.1147308368,0.1142853407
32.44,9.241444451,-0.2550630235,-0.2140902577,0.7410759851,-0.2519132003,0.3330041807,0.7827220939,1.202218127e-06,7.416358796e-07,0.2253010171,0.7266117698,0.04808721312,0.1144092327,0.1139578935
32.464,9.234612432,-0.2539004771,-0.2136631983,0.7422487373,-0.2515014091,0.331839441,0.7837002914,1.706124742e-06,1.436119139e-06,0.2242067156,0.7278182492,0.04797503523,0.114089301,0.1136321024
32.488,9.227790507,-0.2527445344,-0.2132252771,0.7434134539,-0.251071328,0.3306732805,0.7846657729,2.195350089e-06,2.116212316e-06,0.2231159197,0.7290083975,0.04787568274,0.1137711013,0.1133080224
32.512,9.220978654,-0.2515952837,-0.2127763934,0.7445696845,-0.2506235129,0.3295056606,0.7856183299,2.668162751e-06,2.773036942e-06,0.2220286722,0.7301818662,0.04778946161,0.1134546919,0.1129857059
32.536,9.21417685,-0.2504527844,-0.2123164655,0.7457170149,-0.250158671,0.3283365327,0.7865578345,3.125347838e-06,3.407243153e-06,0.2209450079,0.7313384296,0.04771656251,0.1131401291,0.1126652026
32.56,9.207385074,-0.2493170684,-0.2118454296,0.7468550878,-0.2496776378,0.3271658397,0.7874842506,3.568393857e-06,4.020917376e-06,0.2198649542,0.7324780041,0.04765704169,0.1128274675,0.1123465591
32.584,9.200603302,-0.2481881416,-0.2113632396,0.7479836206,-0.2491813536,0.3259935163,0.7883976431,3.9990343e-06,4.616470221e-06,0.2187885317,0.7336006623,0.04761080598,0.112516759,0.1120298187
32.608,9.193831514,-0.2470659851,-0.2108698663,0.7491024199,-0.2486708403,0.3248194907,0.7892981833,4.419115987e-06,5.196400814e-06,0.2177157545,0.7347066428,0.04757760278,0.1122080529,0.1117150205
32.632,9.187069686,-0.2459505571,-0.2103652972,0.7502113921,-0.2481471768,0.3236436849,0.7901861516,4.830571227e-06,5.763254221e-06,0.2166466305,0.7357963542,0.04755701532,0.1119013957,0.1114022
32.656,9.180317798,-0.2448417935,-0.209849536,0.7513105505,-0.247611477,0.3224660162,0.7910619362,5.235431647e-06,6.31963829e-06,0.2155811619,0.7368703749,0.04754846321,0.1115968303,0.111091388
32.68,9.173575826,-0.2437396095,-0.2093226025,0.7524000177,-0.2470648674,0.3212863974,0.791926029,5.635864214e-06,6.868265845e-06,0.2145193455,0.7379294466,0.04755120792,0.1112943962,0.1107826112
32.704,9.16684375,-0.2426439004,-0.2087845323,0.7534800258,-0.2465084668,0.320104738,0.7927790193,6.034223944e-06,7.412013366e-06,0.2134611724,0.7389744649,0.04756436266,0.1109941291,0.1104758914
32.728,9.160121547,-0.2415545424,-0.2082353765,0.7545509124,-0.2459433674,0.3189209447,0.7936215845,6.433123702e-06,7.953995709e-06,0.2124066292,0.740006465,0.04758690582,0.1106960602,0.1101712456
32.752,9.153409196,-0.2404713938,-0.207675202,0.7556131143,-0.245370619,0.3177349221,0.7944544789,6.835524912e-06,8.49766048e-06,0.211355698,0.7410266051,0.0476176969,0.1104002172,0.1098686859
32.776,9.146706676,-0.2393942958,-0.207104091,0.7566671591,-0.244791214,0.3165465738,0.7952785224,7.244856127e-06,9.046908825e-06,0.210308357,0.7420361476,0.04765549539,0.1101066236,0.1095682194
32.8,9.140013963,-0.2383230732,-0.2065221412,0.7577136551,-0.2442060764,0.3153558023,0.7960945866,7.665170107e-06,9.606253093e-06,0.2092645797,0.7430364388,0.0476989815,0.1098152976,0.1092698479
32.824,9.133331038,-0.2372575351,-0.2059294657,0.7587532794,-0.2436160524,0.3141625102,0.7969035826,8.101355459e-06,1.018102698e-05,0.2082243349,0.7440288881,0.04774677705,0.109526252,0.108973568
32.848,9.126657879,-0.2361974756,-0.2053261933,0.759786766,-0.2430219032,0.3129666007,0.7977064468,8.559426966e-06,1.07776717e-05,0.2071875873,0.7450149465,0.04779746621,0.1092394941,0.1086793711
32.872,9.119994463,-0.2351426748,-0.204712468,0.7608148935,-0.2424243004,0.3117679779,0.7985041288,9.046931622e-06,1.140413416e-05,0.2061542974,0.7459960869,0.04784961567,0.1089550253,0.1083872431
32.896,9.113340771,-0.234092899,-0.2040884497,0.7618384722,-0.2418238238,0.3105665478,0.7992975788,9.573528383e-06,1.207043398e-05,0.2051244217,0.7469737842,0.04790179413,0.1086728409,0.1080971646
32.92,9.10669678,-0.2330479016,-0.2034543137,0.7628583321,-0.24122096,0.3093622185,0.8000877367,1.015183494e-05,1.278949054e-05,0.2040979125,0.7479494969,0.04795259056,0.1083929302,0.1078091104
32.944,9.10006247,-0.2320074238,-0.2028102515,0.7638753112,-0.2406161038,0.3081549007,0.8008755212,1.079869623e-05,1.357836249e-05,0.2030747184,0.7489246507,0.04800063091,0.1081152755,0.10752305
32.968,9.093437818,-0.2309711951,-0.2021564702,0.7648902449,-0.2400095601,0.3069445087,0.8016618212,1.153714024e-05,1.446016225e-05,0.2020547837,0.749900623,0.04804459332,0.1078398521,0.1072389472
32.992,9.086822806,-0.2299389337,-0.201493193,0.7659039553,-0.2394015474,0.3057309603,0.8024474872,1.239949564e-05,1.546711725e-05,0.2010380485,0.75087873,0.04808322153,0.1075666283,0.10695676
33.016,9.08021741,-0.2289103476,-0.2008206594,0.7669172429,-0.238792202,0.3045141778,0.8032333242,1.343255979e-05,1.664566698e-05,0.200024449,0.7518602143,0.04811533671,0.1072955643,0.1066764409
33.04,9.07362161,-0.2278851348,-0.2001391249,0.7679308775,-0.238181583,0.3032940883,0.8040200862,1.470657605e-05,1.806536742e-05,0.1990139168,0.7528462356,0.04813984764,0.1070266126,0.1063979362
33.064,9.067035386,-0.2268629841,-0.1994488616,0.7689455915,-0.2375696775,0.3020706241,0.8048084706,1.633174441e-05,1.983538142e-05,0.1980063793,0.7538378614,0.0481557593,0.1067597171,0.1061211866
33.088,9.060458716,-0.2258435755,-0.1987501583,0.7699620736,-0.2369564067,0.3008437236,0.8055991146,1.849082492e-05,2.213731409e-05,0.1970017594,0.7548360604,0.04816218017,0.1064948131,0.1058461265
33.112,9.05389158,-0.2248265812,-0.1980433202,0.7709809627,-0.2363416317,0.2996133313,0.8063925915,2.150966658e-05,2.529695556e-05,0.1959999754,0.7558416965,0.04815832812,0.1062318266,0.1055726842
33.136,9.047333957,-0.2238116659,-0.1973286694,0.7720028436,-0.2357251598,0.2983793987,0.8071894087,2.602947397e-05,2.996168304e-05,0.1950009407,0.7568555242,0.04814353514,0.1059706744,0.1053007818
33.16,9.040785826,-0.2227984875,-0.196606545,0.7730282431,-0.2351067501,0.2971418846,0.8079900053,3.350594772e-05,3.762277347e-05,0.194004564,0.7578781851,0.04811725091,0.1057112633,0.105030335
33.184,9.034247167,-0.2217866979,-0.195877303,0.7740576265,-0.2344861202,0.2959007556,0.8087947513,4.808968038e-05,5.26274294e-05,0.1930107498,0.7589102057,0.04807904452,0.1054534903,0.1047612533
33.208,9.02771796,-0.2207759433,-0.1951413165,0.7750913947,-0.2338629512,0.2946559867,0.8096039464,8.803987376e-05,9.47613207e-05,0.1920194009,0.759952,0.04802859913,0.1051972426,0.1044934409
33.232,9.021198182,-0.2197658652,-0.1943989759,0.7761298823,-0.2332368939,0.2934075619,0.81041782,0.0004164525404,0.000330321986,0.191030564,0.7610039552,0.0479654808,0.1049423932,0.1042268031
33.256,9.014687816,-0.2187561012,-0.1936506891,0.7771733557,-0.2326075745,0.2921554743,0.8112365306,0.0001122128574,8.77084111e-05,0.1900436252,0.7620659146,0.04789046027,0.1046887914,0.1039611983
33.28,9.008186839,-0.217746285,-0.1928968809,0.7782220116,-0.2319745989,0.2908997272,0.8120601664,5.323378906e-05,4.166406017e-05,0.1890589535,0.7631382066,0.04780283985,0.1044362994,0.103696491
33.304,9.001695232,-0.216736048,-0.1921379939,0.779275976,-0.2313375588,0.2896403342,0.8128887458,3.509624902e-05,2.608973276e-05,0.1880762846,0.7642207127,0.04770300269,0.1041847602,0.103432599
33.328,8.995212974,-0.2157250191,-0.1913744881,0.7803353037,-0.2306960358,0.2883773198,0.8137222174,2.648912389e-05,1.850423616e-05,0.187095477,0.7653132212,0.04759130179,0.1039339978,0.1031693737
33.352,8.988740046,-0.2147128262,-0.1906068409,0.7813999773,-0.2300496061,0.28711072,0.8145604617,2.157109975e-05,1.418715179e-05,0.1861163901,0.766415412,0.04746819797,0.103683824,0.102906666
33.376,8.982276426,-0.2136990964,-0.1898355475,0.7824699072,-0.229397845,0.285840583,0.815403291,1.845998487e-05,1.154876721e-05,0.1851388774,0.7675268476,0.04733427502,0.1034340381,0.1026443205
33.4,8.975822096,-0.212683457,-0.1890611202,0.7835449316,-0.2287403311,0.2845669694,0.8162504511,1.636394536e-05,9.897382456e-06,0.1841627859,0.7686469717,0.04719024244,0.1031844256,0.1023821727
33.424,8.969377034,-0.211665536,-0.1882840893,0.784624816,-0.22807665,0.2832899529,0.8171016217,1.48911748e-05,8.873290017e-06,0.1831879556,0.7697751088,0.04703693557,0.1029347579,0.1021200486
33.448,8.962941222,-0.2106449633,-0.1875050023,0.7857092539,-0.2274063986,0.2820096212,0.817956418,1.382534824e-05,8.262472038e-06,0.1822142192,0.7709104657,0.04687531515,0.1026847926,0.1018577639
33.472,8.956514639,-0.2096213708,-0.1867244241,0.7867978667,-0.2267291883,0.2807260758,0.8188143916,1.303728565e-05,7.926046989e-06,0.1812414021,0.7720521314,0.04670646655,0.1024342723,0.1015951234
33.496,8.950097265,-0.2085943938,-0.1859429372,0.7878902044,-0.2260446488,0.2794394335,0.8196750316,1.244522998e-05,7.770441222e-06,0.1802693224,0.7731990787,0.04653159896,0.1021829252,0.1013319211
33.52,8.943689081,-0.2075636714,-0.1851611412,0.7889857458,-0.2253524316,0.2781498264,0.820537766,1.199509878e-05,7.732343133e-06,0.179297791,0.7743501647,0.04635204431,0.1019304649,0.1010679392
33.544,8.937290067,-0.2065288475,-0.184379653,0.790083899,-0.2246522129,0.2768574025,0.8214019626,1.16498633e-05,7.769320898e-06,0.1783266114,0.7755041324,0.04616925617,0.10167659,0.1008029482
33.568,8.930900203,-0.2054895713,-0.1835991066,0.7911840024,-0.2239436976,0.2755623266,0.8222669307,1.138346574e-05,7.853243174e-06,0.1773555803,0.7766596114,0.04598480834,0.1014209843,0.1005367059
33.592,8.924519469,-0.2044454984,-0.1828201527,0.7922853254,-0.2232266215,0.2742647809,0.8231319222,1.117715348e-05,7.965601477e-06,0.1763844874,0.7778151192,0.04580039341,0.1011633173,0.1002689577
33.616,8.918147846,-0.2033962913,-0.182043459,0.793387069,-0.2225007551,0.2729649653,0.823996133,1.101717643e-05,8.094270326e-06,0.175413116,0.778969063,0.04561782095,0.1009032436,0.09999943572
33.64,8.911785315,-0.2023416206,-0.1812697097,0.7944883669,-0.2217659063,0.2716630985,0.8248587044,1.089329057e-05,8.231325374e-06,0.1744412433,0.780119741,0.04543901564,0.1006404041,0.09972785869
33.664,8.905431856,-0.2012811653,-0.1804996055,0.7955882866,-0.2210219232,0.2703594184,0.8257187247,1.079775767e-05,8.371601644e-06,0.173468641,0.781265344,0.04526601499,0.1003744258,0.09945393164
33.688,8.89908745,-0.2002146141,-0.1797338629,0.7966858308,-0.2202686971,0.2690541826,0.8265752307,1.072466072e-05,8.511749823e-06,0.1724950755,0.7824039576,0.0451009669,0.1001049222,0.0991773456
33.712,8.892752076,-0.1991416656,-0.1789732148,0.7977799382,-0.2195061656,0.2677476697,0.8274272092,1.066942598e-05,8.649619936e-06,0.1715203093,0.7835335639,0.04494612683,0.09983149454,0.09889777738
33.736,8.886425717,-0.1980620299,-0.1782184093,0.7988694852,-0.2187343147,0.2664401792,0.828273599,1.06284834e-05,8.783857841e-06,0.1705441011,0.7846520443,0.04480385469,0.09955373185,0.09861488938
33.76,8.880108353,-0.1969754284,-0.1774702102,0.7999532876,-0.2179531819,0.265132033,0.8291132926,1.059902178e-05,8.913639632e-06,0.1695662071,0.7857571815,0.04467661141,0.0992712121,0.09832832949
33.784,8.873799964,-0.1958815957,-0.1767293959,0.8010301022,-0.2171628588,0.2638235754,0.8299451378,1.05788097e-05,9.038495629e-06,0.1685863821,0.7868466628,0.04456695504,0.09898350305,0.09803773093
33.808,8.867500532,-0.1947802795,-0.1759967601,0.8020986283,-0.2163634935,0.2625151745,0.8307679404,1.056606307e-05,9.158192889e-06,0.1676043803,0.7879180831,0.04447753664,0.0986901633,0.09774271224
33.832,8.861210038,-0.1936712417,-0.1752731103,0.8031575101,-0.2155552932,0.2612072224,0.8315804654,1.055934602e-05,9.272656211e-06,0.1666199566,0.7889689478,0.04441109559,0.09839074342,0.09744287728
33.856,8.854928462,-0.1925542594,-0.1745592682,0.8042053389,-0.2147385262,0.2599001364,0.83238144,1.0557496e-05,9.381914706e-06,0.1656328682,0.7899966771,0.04437045467,0.09808478723,0.09713781526
33.88,8.848655785,-0.1914291252,-0.173856069,0.805240655,-0.2139135247,0.2585943594,0.8331695557,1.055956662e-05,9.486065436e-06,0.1646428759,0.7909986094,0.04435851463,0.09777183314,0.09682710086
33.904,8.842391989,-0.1902956484,-0.1731643612,0.8062619504,-0.2130806866,0.2572903608,0.8339434703,1.056478368e-05,9.585248603e-06,0.1636497455,0.7919720061,0.04437824838,0.09745141559,0.09651029434
33.928,8.836137055,-0.1891536557,-0.1724850057,0.8072676716,-0.2122404776,0.2559886377,0.8347018114,1.057251105e-05,9.679630564e-06,0.1626532493,0.7929140559,0.04443269481,0.09712306659,0.09618694174
33.952,8.829890964,-0.1880029915,-0.1718188758,0.8082562222,-0.2113934333,0.2546897149,0.8354431784,1.058222403e-05,9.769392217e-06,0.1616531683,0.7938218795,0.04452495219,0.0967863173,0.09585657511
33.976,8.823653697,-0.1868435194,-0.1711668564,0.8092259657,-0.2105401606,0.2533941465,0.8361661454,1.059348831e-05,9.854721082e-06,0.1606492933,0.7946925356,0.04465817115,0.09644069971,0.09551871275
34,8.817425235,-0.1856751221,-0.1705298437,0.810175229,-0.2096813396,0.252102516,0.8368692645,1.060594333e-05,9.935805948e-06,0.159641427,0.7955230256,0.0448355474,0.09608574832,0.09517285957
