2026-08-08 17:12:22   In order to get an optimal performance, hyperthreading is ignored for parallel
                      computations.

                      ------------------------------------------------------------------------------
2026-08-08 17:12:23   
                      ------------------------------------------------------------------------------
2026-08-08 17:12:23   Units settings: 

                        Dimensions: um
                        Frequency:  THz
                        Time:       ps

                      ------------------------------------------------------------------------------
2026-08-08 17:12:23   Boundary conditions: 

                        YZsymmetry: none
                        XZsymmetry: none
                        XYsymmetry: none

                        Xmin: unit cell
                        Xmax: unit cell

                        Ymin: unit cell
                        Ymax: unit cell

                        Zmin: expanded open
                        Zmax: expanded open

                      ------------------------------------------------------------------------------
2026-08-08 17:12:23   Order settings: 

                        Solver order   : 2nd (constant)
                        Curved elements: up to order 3 (automatic)

                      ------------------------------------------------------------------------------
2026-08-08 17:12:23     Mesh time                :	1 s


                      ------------------------------------------------------------------------------
2026-08-08 17:12:24   
                      ================================================================================
                      Frequency Domain Solver calculation cycle started

                      ------------------------------------------------------------------------------
2026-08-08 17:12:24   Solver started at: 2026-08-08 17:12:24 -0400

                        Module:  Frequency Domain: S-Parameter (Win 64)
                        Version: 2026.0 Release from 2025-08-29 (change 1465899)

                        Free disk space at solver start is 310 GB.


                      ------------------------------------------------------------------------------
2026-08-08 17:12:24   An iterative solver will be used first.

                      ------------------------------------------------------------------------------
2026-08-08 17:12:24   The wavelength based mesh refinement has been applied to 9.0% of all mesh edges.

                      ------------------------------------------------------------------------------
2026-08-08 17:12:24   The low frequency stabilization is not applied to periodic problems.

                      ------------------------------------------------------------------------------
2026-08-08 17:12:24     Calculation 1 (Frequency: 34 THz, Theta: 0, Phi: 0)


                      ------------------------------------------------------------------------------
2026-08-08 17:12:24   Running the PortModeSolver.

                      ------------------------------------------------------------------------------
2026-08-08 17:12:25   Adaptive mesh refinement pass 1

                      ------------------------------------------------------------------------------
2026-08-08 17:12:26     Matrix setup time        :	0 s
                        Degrees of freedom       :	72966
                        Number of mesh cells     :	10808

                        Stimulation port         :	Zmin
                        Mode number              :	1
                        Accuracy                 :	5.85685e-05
                        Iterations               :	29
                        Solver time              :	0 s


                      ------------------------------------------------------------------------------
2026-08-08 17:12:26   8% of all mesh edges seem to be longer than expected. The adaptive mesh refinement's growth limitation will therefore 
                      use 16536 instead of 6633 mesh cells as a reference.

                      ------------------------------------------------------------------------------
2026-08-08 17:12:26   The wavelength based mesh refinement has been applied to 0.5% of all mesh edges.

                      ------------------------------------------------------------------------------
2026-08-08 17:12:26   Adaptive mesh refinement pass 2

                      ------------------------------------------------------------------------------
2026-08-08 17:12:28     Matrix setup time        :	0 s
                        Degrees of freedom       :	107622
                        Number of mesh cells     :	16114

                        Stimulation port         :	Zmin
                        Mode number              :	1
                        Accuracy                 :	9.30474e-05
                        Iterations               :	29
                        Solver time              :	1 s


                      ------------------------------------------------------------------------------
2026-08-08 17:12:28     Delta calculation        
2026-08-08 17:12:28     All S-Parameters         :	0.0402074
2026-08-08 17:12:28   

                      ------------------------------------------------------------------------------
2026-08-08 17:12:28   Adaptive mesh refinement pass 3

                      ------------------------------------------------------------------------------
2026-08-08 17:12:30     Matrix setup time        :	0 s
                        Degrees of freedom       :	142844
                        Number of mesh cells     :	21360

                        Stimulation port         :	Zmin
                        Mode number              :	1
                        Accuracy                 :	8.00788e-05
                        Iterations               :	26
                        Solver time              :	1 s


                      ------------------------------------------------------------------------------
2026-08-08 17:12:30     Delta calculation        
2026-08-08 17:12:30     All S-Parameters         :	0.0134083
2026-08-08 17:12:30   

                      ------------------------------------------------------------------------------
2026-08-08 17:12:31   Adaptive mesh refinement pass 4

                      ------------------------------------------------------------------------------
2026-08-08 17:12:33     Matrix setup time        :	0 s
                        Degrees of freedom       :	176826
                        Number of mesh cells     :	26548

                        Stimulation port         :	Zmin
                        Mode number              :	1
                        Accuracy                 :	6.34042e-05
                        Iterations               :	24
                        Solver time              :	1 s


                      ------------------------------------------------------------------------------
2026-08-08 17:12:33     Delta calculation        
2026-08-08 17:12:33     All S-Parameters         :	0.00435877
2026-08-08 17:12:33   

                      ------------------------------------------------------------------------------
2026-08-08 17:12:33   Mesh adaptation terminated because the desired accuracy limit is reached.

                      ------------------------------------------------------------------------------
2026-08-08 17:12:33     Total time               :	9 s

                      ------------------------------------------------------------------------------
2026-08-08 17:12:33   

                      ------------------------------------------------------------------------------
2026-08-08 17:12:33     Calculation 2 (Frequency: 10 THz, Theta: 0, Phi: 0)


                      ------------------------------------------------------------------------------
2026-08-08 17:12:33   Running the PortModeSolver.

                      ------------------------------------------------------------------------------
2026-08-08 17:12:34   Adaptive mesh refinement pass 1

                      ------------------------------------------------------------------------------
2026-08-08 17:12:36     Matrix setup time        :	0 s
                        Degrees of freedom       :	176826
                        Number of mesh cells     :	26548

                        Stimulation port         :	Zmin
                        Mode number              :	1
                        Accuracy                 :	8.62771e-05
                        Iterations               :	14
                        Solver time              :	0 s


                      ------------------------------------------------------------------------------
2026-08-08 17:12:36   Adaptive mesh refinement pass 2

                      ------------------------------------------------------------------------------
2026-08-08 17:12:38     Matrix setup time        :	0 s
                        Degrees of freedom       :	187652
                        Number of mesh cells     :	28168

                        Stimulation port         :	Zmin
                        Mode number              :	1
                        Accuracy                 :	7.47194e-05
                        Iterations               :	15
                        Solver time              :	1 s


                      ------------------------------------------------------------------------------
2026-08-08 17:12:38     Delta calculation        
2026-08-08 17:12:38     All S-Parameters         :	0.0116528
2026-08-08 17:12:38   

                      ------------------------------------------------------------------------------
2026-08-08 17:12:39   Adaptive mesh refinement pass 3

                      ------------------------------------------------------------------------------
2026-08-08 17:12:42     Matrix setup time        :	0 s
                        Degrees of freedom       :	215886
                        Number of mesh cells     :	32455

                        Stimulation port         :	Zmin
                        Mode number              :	1
                        Accuracy                 :	9.47549e-05
                        Iterations               :	15
                        Solver time              :	1 s


                      ------------------------------------------------------------------------------
2026-08-08 17:12:42     Delta calculation        
2026-08-08 17:12:42     All S-Parameters         :	0.00539128
2026-08-08 17:12:42   

                      ------------------------------------------------------------------------------
2026-08-08 17:12:42   Mesh adaptation terminated because the desired accuracy limit is reached.

                      ------------------------------------------------------------------------------
2026-08-08 17:12:42     Total time               :	8 s

                      ------------------------------------------------------------------------------
2026-08-08 17:12:42   

                      ------------------------------------------------------------------------------
2026-08-08 17:12:42     Calculation 3 (Frequency: 22 THz, Theta: 0, Phi: 0)


                      ------------------------------------------------------------------------------
2026-08-08 17:12:42   Running the PortModeSolver.

                      ------------------------------------------------------------------------------
2026-08-08 17:12:43   Adaptive mesh refinement pass 1

                      ------------------------------------------------------------------------------
2026-08-08 17:12:45     Matrix setup time        :	0 s
                        Degrees of freedom       :	215886
                        Number of mesh cells     :	32455

                        Stimulation port         :	Zmin
                        Mode number              :	1
                        Accuracy                 :	8.38879e-05
                        Iterations               :	20
                        Solver time              :	1 s


                      ------------------------------------------------------------------------------
2026-08-08 17:12:46   Adaptive mesh refinement pass 2

                      ------------------------------------------------------------------------------
2026-08-08 17:12:50     Matrix setup time        :	0 s
                        Degrees of freedom       :	250804
                        Number of mesh cells     :	37804

                        Stimulation port         :	Zmin
                        Mode number              :	1
                        Accuracy                 :	8.17643e-05
                        Iterations               :	19
                        Solver time              :	2 s


                      ------------------------------------------------------------------------------
2026-08-08 17:12:50     Delta calculation        
2026-08-08 17:12:50     All S-Parameters         :	0.00571531
2026-08-08 17:12:50   

                      ------------------------------------------------------------------------------
2026-08-08 17:12:51   Adaptive mesh refinement pass 3

                      ------------------------------------------------------------------------------
2026-08-08 17:12:54     Matrix setup time        :	0 s
                        Degrees of freedom       :	286380
                        Number of mesh cells     :	43148

                        Stimulation port         :	Zmin
                        Mode number              :	1
                        Accuracy                 :	9.27243e-05
                        Iterations               :	17
                        Solver time              :	1 s


                      ------------------------------------------------------------------------------
2026-08-08 17:12:54     Delta calculation        
2026-08-08 17:12:54     All S-Parameters         :	0.00228278
2026-08-08 17:12:54   

                      ------------------------------------------------------------------------------
2026-08-08 17:12:54   Mesh adaptation terminated because the desired accuracy limit is reached.

                      ------------------------------------------------------------------------------
2026-08-08 17:12:54     Total time               :	12 s

                      ------------------------------------------------------------------------------
2026-08-08 17:12:54   

                      ------------------------------------------------------------------------------
2026-08-08 17:12:54     Calculation 4 (Frequency: 18.5497 THz, Theta: 0, Phi: 0)


                      ------------------------------------------------------------------------------
2026-08-08 17:12:54   Running the PortModeSolver.

                      ------------------------------------------------------------------------------
2026-08-08 17:12:55   Adaptive mesh refinement pass 1

                      ------------------------------------------------------------------------------
2026-08-08 17:12:58     Matrix setup time        :	0 s
                        Degrees of freedom       :	286380
                        Number of mesh cells     :	43148

                        Stimulation port         :	Zmin
                        Mode number              :	1
                        Accuracy                 :	6.75926e-05
                        Iterations               :	23
                        Solver time              :	2 s


                      ------------------------------------------------------------------------------
2026-08-08 17:12:58   The input reflection seems to be large at 18.5497 THz, Theta: 0, Phi: 0.  More...

                      ------------------------------------------------------------------------------
2026-08-08 17:12:59   Adaptive mesh refinement pass 2

                      ------------------------------------------------------------------------------
2026-08-08 17:13:03     Matrix setup time        :	0 s
                        Degrees of freedom       :	334620
                        Number of mesh cells     :	50449

                        Stimulation port         :	Zmin
                        Mode number              :	1
                        Accuracy                 :	7.23166e-05
                        Iterations               :	21
                        Solver time              :	2 s


                      ------------------------------------------------------------------------------
2026-08-08 17:13:03     Delta calculation        
2026-08-08 17:13:03     All S-Parameters         :	0.0245301
2026-08-08 17:13:03   

                      ------------------------------------------------------------------------------
2026-08-08 17:13:05   Adaptive mesh refinement pass 3

                      ------------------------------------------------------------------------------
2026-08-08 17:13:09     Matrix setup time        :	0 s
                        Degrees of freedom       :	370522
                        Number of mesh cells     :	55798

                        Stimulation port         :	Zmin
                        Mode number              :	1
                        Accuracy                 :	9.04239e-05
                        Iterations               :	16
                        Solver time              :	2 s


                      ------------------------------------------------------------------------------
2026-08-08 17:13:09     Delta calculation        
2026-08-08 17:13:09     All S-Parameters         :	0.00399108
2026-08-08 17:13:09   

                      ------------------------------------------------------------------------------
2026-08-08 17:13:09   Mesh adaptation terminated because the desired accuracy limit is reached.

                      ------------------------------------------------------------------------------
2026-08-08 17:13:09     Total time               :	14 s

                      ------------------------------------------------------------------------------
2026-08-08 17:13:09   

                      ------------------------------------------------------------------------------
2026-08-08 17:13:09     Calculation 5 (Frequency: 18.9244 THz, Theta: 0, Phi: 0)


                      ------------------------------------------------------------------------------
2026-08-08 17:13:09   Running the PortModeSolver.

                      ------------------------------------------------------------------------------
2026-08-08 17:13:10   Adaptive mesh refinement pass 1

                      ------------------------------------------------------------------------------
2026-08-08 17:13:13     Matrix setup time        :	0 s
                        Degrees of freedom       :	370522
                        Number of mesh cells     :	55798

                        Stimulation port         :	Zmin
                        Mode number              :	1
                        Accuracy                 :	8.39913e-05
                        Iterations               :	14
                        Solver time              :	2 s


                      ------------------------------------------------------------------------------
2026-08-08 17:13:13   The input reflection seems to be large at 18.9244 THz, Theta: 0, Phi: 0.  More...

                      ------------------------------------------------------------------------------
2026-08-08 17:13:14   Adaptive mesh refinement pass 2

                      ------------------------------------------------------------------------------
2026-08-08 17:13:18     Matrix setup time        :	0 s
                        Degrees of freedom       :	405978
                        Number of mesh cells     :	61129

                        Stimulation port         :	Zmin
                        Mode number              :	1
                        Accuracy                 :	8.80318e-05
                        Iterations               :	16
                        Solver time              :	2 s


                      ------------------------------------------------------------------------------
2026-08-08 17:13:19     Delta calculation        
2026-08-08 17:13:19     All S-Parameters         :	0.0016352
2026-08-08 17:13:19   

                      ------------------------------------------------------------------------------
2026-08-08 17:13:20   Adaptive mesh refinement pass 3

                      ------------------------------------------------------------------------------
2026-08-08 17:13:24     Matrix setup time        :	0 s
                        Degrees of freedom       :	440916
                        Number of mesh cells     :	66414

                        Stimulation port         :	Zmin
                        Mode number              :	1
                        Accuracy                 :	9.53139e-05
                        Iterations               :	15
                        Solver time              :	2 s


                      ------------------------------------------------------------------------------
2026-08-08 17:13:24     Delta calculation        
2026-08-08 17:13:24     All S-Parameters         :	0.00029094
2026-08-08 17:13:24   

                      ------------------------------------------------------------------------------
2026-08-08 17:13:24   Mesh adaptation terminated because the desired accuracy limit is reached.

                      ------------------------------------------------------------------------------
2026-08-08 17:13:24     Total time               :	15 s

                      ------------------------------------------------------------------------------
2026-08-08 17:13:24   

                      ------------------------------------------------------------------------------
2026-08-08 17:13:24     Calculation 6 (Frequency: 26.3108 THz, Theta: 0, Phi: 0)


                      ------------------------------------------------------------------------------
2026-08-08 17:13:25   Running the PortModeSolver.

                      ------------------------------------------------------------------------------
2026-08-08 17:13:26   Adaptive mesh refinement pass 1

                      ------------------------------------------------------------------------------
2026-08-08 17:13:30     Matrix setup time        :	0 s
                        Degrees of freedom       :	440916
                        Number of mesh cells     :	66414

                        Stimulation port         :	Zmin
                        Mode number              :	1
                        Accuracy                 :	9.46302e-05
                        Iterations               :	21
                        Solver time              :	3 s


                      ------------------------------------------------------------------------------
2026-08-08 17:13:32   Adaptive mesh refinement pass 2

                      ------------------------------------------------------------------------------
2026-08-08 17:13:37     Matrix setup time        :	0 s
                        Degrees of freedom       :	475658
                        Number of mesh cells     :	71673

                        Stimulation port         :	Zmin
                        Mode number              :	1
                        Accuracy                 :	5.91897e-05
                        Iterations               :	18
                        Solver time              :	3 s


                      ------------------------------------------------------------------------------
2026-08-08 17:13:37     Delta calculation        
2026-08-08 17:13:37     All S-Parameters         :	0.00208594
2026-08-08 17:13:37   

                      ------------------------------------------------------------------------------
2026-08-08 17:13:39   Adaptive mesh refinement pass 3

                      ------------------------------------------------------------------------------
2026-08-08 17:13:44     Matrix setup time        :	1 s
                        Solver setup             :	1 s
                        Degrees of freedom       :	510516
                        Number of mesh cells     :	76915

                        Stimulation port         :	Zmin
                        Mode number              :	1
                        Accuracy                 :	6.3761e-05
                        Iterations               :	16
                        Solver time              :	3 s


                      ------------------------------------------------------------------------------
2026-08-08 17:13:44     Delta calculation        
2026-08-08 17:13:44     All S-Parameters         :	0.00057875
2026-08-08 17:13:44   

                      ------------------------------------------------------------------------------
2026-08-08 17:13:44   Mesh adaptation terminated because the desired accuracy limit is reached.

                      ------------------------------------------------------------------------------
2026-08-08 17:13:44     Total time               :	19 s

                      ------------------------------------------------------------------------------
2026-08-08 17:13:44   

                      ------------------------------------------------------------------------------
2026-08-08 17:13:44     Calculation 7 (Frequency: 26.4982 THz, Theta: 0, Phi: 0)


                      ------------------------------------------------------------------------------
2026-08-08 17:13:44   Running the PortModeSolver.

                      ------------------------------------------------------------------------------
2026-08-08 17:13:45   Adaptive mesh refinement pass 1

                      ------------------------------------------------------------------------------
2026-08-08 17:14:00     Matrix setup time        :	0 s
                        Degrees of freedom       :	510516
                        Number of mesh cells     :	76915

                        Stimulation port         :	Zmin
                        Mode number              :	1
                        Accuracy                 :	8.99528e-05
                        Iterations               :	67
                        Solver time              :	13 s


                      ------------------------------------------------------------------------------
2026-08-08 17:14:02   The direct solver will be used.

                      ------------------------------------------------------------------------------
2026-08-08 17:14:03   Adaptive mesh refinement pass 2

                      ------------------------------------------------------------------------------
2026-08-08 17:14:30     Matrix setup time        :	1 s
                        Solver setup             :	25 s
                        Degrees of freedom       :	544768
                        Number of mesh cells     :	82152

                        Stimulation port         :	Zmin
                        Mode number              :	1
                        Accuracy                 :	2.23884e-10
                        Iterations               :	1
                        Solver time              :	0 s


                      ------------------------------------------------------------------------------
2026-08-08 17:14:30   The iterative solver will be used.

                      ------------------------------------------------------------------------------
2026-08-08 17:14:31     Delta calculation        
2026-08-08 17:14:31     All S-Parameters         :	0.00180257
2026-08-08 17:14:31   

                      ------------------------------------------------------------------------------
2026-08-08 17:14:32   Adaptive mesh refinement pass 3

                      ------------------------------------------------------------------------------
2026-08-08 17:14:43     Matrix setup time        :	1 s
                        Solver setup             :	1 s
                        Degrees of freedom       :	578516
                        Number of mesh cells     :	87330

                        Stimulation port         :	Zmin
                        Mode number              :	1
                        Accuracy                 :	8.83801e-05
                        Iterations               :	40
                        Solver time              :	8 s


                      ------------------------------------------------------------------------------
2026-08-08 17:14:43     Delta calculation        
2026-08-08 17:14:43     All S-Parameters         :	0.000866349
2026-08-08 17:14:43   

                      ------------------------------------------------------------------------------
2026-08-08 17:14:43   Mesh adaptation terminated because the desired accuracy limit is reached.

                      ------------------------------------------------------------------------------
2026-08-08 17:14:43     Total time               :	58 s

                      ------------------------------------------------------------------------------
2026-08-08 17:14:43   

                      ------------------------------------------------------------------------------
2026-08-08 17:14:43     Calculation 8 (Frequency: 19.912 THz, Theta: 0, Phi: 0)


                      ------------------------------------------------------------------------------
2026-08-08 17:14:43   Running the PortModeSolver.

                      ------------------------------------------------------------------------------
2026-08-08 17:14:44   Adaptive mesh refinement pass 1

                      ------------------------------------------------------------------------------
2026-08-08 17:14:49     Matrix setup time        :	0 s
                        Degrees of freedom       :	578516
                        Number of mesh cells     :	87330

                        Stimulation port         :	Zmin
                        Mode number              :	1
                        Accuracy                 :	5.08702e-05
                        Iterations               :	14
                        Solver time              :	3 s


                      ------------------------------------------------------------------------------
2026-08-08 17:14:51   Adaptive mesh refinement pass 2

                      ------------------------------------------------------------------------------
2026-08-08 17:14:57     Matrix setup time        :	1 s
                        Solver setup             :	1 s
                        Degrees of freedom       :	613464
                        Number of mesh cells     :	92611

                        Stimulation port         :	Zmin
                        Mode number              :	1
                        Accuracy                 :	5.21431e-05
                        Iterations               :	13
                        Solver time              :	3 s


                      ------------------------------------------------------------------------------
2026-08-08 17:14:57     Delta calculation        
2026-08-08 17:14:57     All S-Parameters         :	0.00115754
2026-08-08 17:14:57   

                      ------------------------------------------------------------------------------
2026-08-08 17:14:59   Adaptive mesh refinement pass 3

                      ------------------------------------------------------------------------------
2026-08-08 17:15:06     Matrix setup time        :	1 s
                        Solver setup             :	1 s
                        Degrees of freedom       :	648238
                        Number of mesh cells     :	97883

                        Stimulation port         :	Zmin
                        Mode number              :	1
                        Accuracy                 :	4.91329e-05
                        Iterations               :	13
                        Solver time              :	3 s


                      ------------------------------------------------------------------------------
2026-08-08 17:15:06     Delta calculation        
2026-08-08 17:15:06     All S-Parameters         :	0.00036683
2026-08-08 17:15:06   

                      ------------------------------------------------------------------------------
2026-08-08 17:15:06   Mesh adaptation terminated because the desired accuracy limit is reached.

                      ------------------------------------------------------------------------------
2026-08-08 17:15:06     Total time               :	22 s

                      ------------------------------------------------------------------------------
2026-08-08 17:15:06   

                      ------------------------------------------------------------------------------
2026-08-08 17:15:06     Calculation 9 (Frequency: 26.224 THz, Theta: 0, Phi: 0)


                      ------------------------------------------------------------------------------
2026-08-08 17:15:06   Running the PortModeSolver.

                      ------------------------------------------------------------------------------
2026-08-08 17:15:07   Adaptive mesh refinement pass 1

                      ------------------------------------------------------------------------------
2026-08-08 17:15:13     Matrix setup time        :	0 s
                        Solver setup             :	1 s
                        Degrees of freedom       :	648238
                        Number of mesh cells     :	97883

                        Stimulation port         :	Zmin
                        Mode number              :	1
                        Accuracy                 :	7.97489e-05
                        Iterations               :	14
                        Solver time              :	3 s


                      ------------------------------------------------------------------------------
2026-08-08 17:15:15   Adaptive mesh refinement pass 2

                      ------------------------------------------------------------------------------
2026-08-08 17:15:22     Matrix setup time        :	1 s
                        Solver setup             :	1 s
                        Degrees of freedom       :	682344
                        Number of mesh cells     :	103120

                        Stimulation port         :	Zmin
                        Mode number              :	1
                        Accuracy                 :	5.61001e-05
                        Iterations               :	14
                        Solver time              :	3 s


                      ------------------------------------------------------------------------------
2026-08-08 17:15:22     Delta calculation        
2026-08-08 17:15:22     All S-Parameters         :	0.000231988
2026-08-08 17:15:22   

                      ------------------------------------------------------------------------------
2026-08-08 17:15:25   Adaptive mesh refinement pass 3

                      ------------------------------------------------------------------------------
2026-08-08 17:15:32     Matrix setup time        :	1 s
                        Solver setup             :	1 s
                        Degrees of freedom       :	716224
                        Number of mesh cells     :	108305

                        Stimulation port         :	Zmin
                        Mode number              :	1
                        Accuracy                 :	5.59528e-05
                        Iterations               :	14
                        Solver time              :	4 s


                      ------------------------------------------------------------------------------
2026-08-08 17:15:33     Delta calculation        
2026-08-08 17:15:33     All S-Parameters         :	0.000694457
2026-08-08 17:15:33   

                      ------------------------------------------------------------------------------
2026-08-08 17:15:33   Mesh adaptation terminated because the desired accuracy limit is reached.

                      ------------------------------------------------------------------------------
2026-08-08 17:15:33     Total time               :	26 s

                      ------------------------------------------------------------------------------
2026-08-08 17:15:33   

                      ------------------------------------------------------------------------------
2026-08-08 17:15:33     Calculation 10 (Frequency: 33.928 THz, Theta: 0, Phi: 0)


                      ------------------------------------------------------------------------------
2026-08-08 17:15:33   Running the PortModeSolver.

                      ------------------------------------------------------------------------------
2026-08-08 17:15:34   Adaptive mesh refinement pass 1

                      ------------------------------------------------------------------------------
2026-08-08 17:15:40     Matrix setup time        :	0 s
                        Solver setup             :	1 s
                        Degrees of freedom       :	716224
                        Number of mesh cells     :	108305

                        Stimulation port         :	Zmin
                        Mode number              :	1
                        Accuracy                 :	7.56804e-05
                        Iterations               :	14
                        Solver time              :	4 s


                      ------------------------------------------------------------------------------
2026-08-08 17:15:42   Adaptive mesh refinement pass 2

                      ------------------------------------------------------------------------------
2026-08-08 17:15:50     Matrix setup time        :	1 s
                        Solver setup             :	2 s
                        Degrees of freedom       :	750484
                        Number of mesh cells     :	113601

                        Stimulation port         :	Zmin
                        Mode number              :	1
                        Accuracy                 :	8.33743e-05
                        Iterations               :	13
                        Solver time              :	4 s


                      ------------------------------------------------------------------------------
2026-08-08 17:15:51     Delta calculation        
2026-08-08 17:15:51     All S-Parameters         :	0.00195514
2026-08-08 17:15:51   

                      ------------------------------------------------------------------------------
2026-08-08 17:15:53   Adaptive mesh refinement pass 3

                      ------------------------------------------------------------------------------
2026-08-08 17:16:01     Matrix setup time        :	1 s
                        Solver setup             :	1 s
                        Degrees of freedom       :	784394
                        Number of mesh cells     :	118799

                        Stimulation port         :	Zmin
                        Mode number              :	1
                        Accuracy                 :	7.5633e-05
                        Iterations               :	13
                        Solver time              :	4 s


                      ------------------------------------------------------------------------------
2026-08-08 17:16:01     Delta calculation        
2026-08-08 17:16:01     All S-Parameters         :	0.000416101
2026-08-08 17:16:01   

                      ------------------------------------------------------------------------------
2026-08-08 17:16:01   Mesh adaptation terminated because the desired accuracy limit is reached.

                      ------------------------------------------------------------------------------
2026-08-08 17:16:01     Total time               :	28 s

                      ------------------------------------------------------------------------------
2026-08-08 17:16:01   

                      ------------------------------------------------------------------------------
2026-08-08 17:16:01     Calculation 11 (Frequency: 16.864 THz, Theta: 0, Phi: 0)


                      ------------------------------------------------------------------------------
2026-08-08 17:16:01   Running the PortModeSolver.

                      ------------------------------------------------------------------------------
2026-08-08 17:16:02   Adaptive mesh refinement pass 1

                      ------------------------------------------------------------------------------
2026-08-08 17:16:08     Matrix setup time        :	0 s
                        Solver setup             :	1 s
                        Degrees of freedom       :	784394
                        Number of mesh cells     :	118799

                        Stimulation port         :	Zmin
                        Mode number              :	1
                        Accuracy                 :	8.01672e-05
                        Iterations               :	10
                        Solver time              :	3 s


                      ------------------------------------------------------------------------------
2026-08-08 17:16:08   The input reflection seems to be large at 16.864 THz, Theta: 0, Phi: 0.  More...

                      ------------------------------------------------------------------------------
2026-08-08 17:16:11   Adaptive mesh refinement pass 2

                      ------------------------------------------------------------------------------
2026-08-08 17:16:18     Matrix setup time        :	1 s
                        Solver setup             :	2 s
                        Degrees of freedom       :	819204
                        Number of mesh cells     :	124098

                        Stimulation port         :	Zmin
                        Mode number              :	1
                        Accuracy                 :	8.88455e-05
                        Iterations               :	10
                        Solver time              :	3 s


                      ------------------------------------------------------------------------------
2026-08-08 17:16:18     Delta calculation        
2026-08-08 17:16:18     All S-Parameters         :	0.00280208
2026-08-08 17:16:18   

                      ------------------------------------------------------------------------------
2026-08-08 17:16:21   Adaptive mesh refinement pass 3

                      ------------------------------------------------------------------------------
2026-08-08 17:16:29     Matrix setup time        :	1 s
                        Solver setup             :	2 s
                        Degrees of freedom       :	853642
                        Number of mesh cells     :	129333

                        Stimulation port         :	Zmin
                        Mode number              :	1
                        Accuracy                 :	7.82788e-05
                        Iterations               :	10
                        Solver time              :	3 s


                      ------------------------------------------------------------------------------
2026-08-08 17:16:29     Delta calculation        
2026-08-08 17:16:29     All S-Parameters         :	0.000141267
2026-08-08 17:16:29   

                      ------------------------------------------------------------------------------
2026-08-08 17:16:29   Mesh adaptation terminated because the desired accuracy limit is reached.

                      ------------------------------------------------------------------------------
2026-08-08 17:16:29     Total time               :	27 s

                      ------------------------------------------------------------------------------
2026-08-08 17:16:29   

                      ------------------------------------------------------------------------------
2026-08-08 17:16:29     Calculation 12 (Frequency: 22.816 THz, Theta: 0, Phi: 0)


                      ------------------------------------------------------------------------------
2026-08-08 17:16:29   Running the PortModeSolver.

                      ------------------------------------------------------------------------------
2026-08-08 17:16:31   Adaptive mesh refinement pass 1

                      ------------------------------------------------------------------------------
2026-08-08 17:16:38     Matrix setup time        :	0 s
                        Solver setup             :	1 s
                        Degrees of freedom       :	853642
                        Number of mesh cells     :	129333

                        Stimulation port         :	Zmin
                        Mode number              :	1
                        Accuracy                 :	6.16682e-05
                        Iterations               :	14
                        Solver time              :	5 s


                      ------------------------------------------------------------------------------
2026-08-08 17:16:41   Adaptive mesh refinement pass 2

                      ------------------------------------------------------------------------------
2026-08-08 17:16:49     Matrix setup time        :	1 s
                        Solver setup             :	2 s
                        Degrees of freedom       :	888242
                        Number of mesh cells     :	134605

                        Stimulation port         :	Zmin
                        Mode number              :	1
                        Accuracy                 :	4.71622e-05
                        Iterations               :	12
                        Solver time              :	4 s


                      ------------------------------------------------------------------------------
2026-08-08 17:16:50     Delta calculation        
2026-08-08 17:16:50     All S-Parameters         :	0.00106996
2026-08-08 17:16:50   

                      ------------------------------------------------------------------------------
2026-08-08 17:16:53   Adaptive mesh refinement pass 3

                      ------------------------------------------------------------------------------
2026-08-08 17:17:01     Matrix setup time        :	1 s
                        Solver setup             :	2 s
                        Degrees of freedom       :	922938
                        Number of mesh cells     :	139887

                        Stimulation port         :	Zmin
                        Mode number              :	1
                        Accuracy                 :	9.16293e-05
                        Iterations               :	11
                        Solver time              :	4 s


                      ------------------------------------------------------------------------------
2026-08-08 17:17:01     Delta calculation        
2026-08-08 17:17:01     All S-Parameters         :	0.000840782
2026-08-08 17:17:01   

                      ------------------------------------------------------------------------------
2026-08-08 17:17:01   Mesh adaptation terminated because the desired accuracy limit is reached.

                      ------------------------------------------------------------------------------
2026-08-08 17:17:02     Total time               :	32 s

                      ------------------------------------------------------------------------------
2026-08-08 17:17:02   

                      ------------------------------------------------------------------------------
2026-08-08 17:17:02     Calculation 13 (Frequency: 28.768 THz, Theta: 0, Phi: 0)


                      ------------------------------------------------------------------------------
2026-08-08 17:17:02   Running the PortModeSolver.

                      ------------------------------------------------------------------------------
2026-08-08 17:17:03   Adaptive mesh refinement pass 1

                      ------------------------------------------------------------------------------
2026-08-08 17:17:10     Matrix setup time        :	0 s
                        Solver setup             :	1 s
                        Degrees of freedom       :	922938
                        Number of mesh cells     :	139887

                        Stimulation port         :	Zmin
                        Mode number              :	1
                        Accuracy                 :	7.32424e-05
                        Iterations               :	13
                        Solver time              :	5 s


                      ------------------------------------------------------------------------------
2026-08-08 17:17:14   Adaptive mesh refinement pass 2

                      ------------------------------------------------------------------------------
2026-08-08 17:17:23     Matrix setup time        :	1 s
                        Solver setup             :	2 s
                        Degrees of freedom       :	956452
                        Number of mesh cells     :	145054

                        Stimulation port         :	Zmin
                        Mode number              :	1
                        Accuracy                 :	5.1993e-05
                        Iterations               :	12
                        Solver time              :	4 s


                      ------------------------------------------------------------------------------
2026-08-08 17:17:23     Delta calculation        
2026-08-08 17:17:23     All S-Parameters         :	8.39612e-05
2026-08-08 17:17:23   

                      ------------------------------------------------------------------------------
2026-08-08 17:17:26   Adaptive mesh refinement pass 3

                      ------------------------------------------------------------------------------
2026-08-08 17:17:36     Matrix setup time        :	1 s
                        Solver setup             :	2 s
                        Degrees of freedom       :	989882
                        Number of mesh cells     :	150211

                        Stimulation port         :	Zmin
                        Mode number              :	1
                        Accuracy                 :	4.59804e-05
                        Iterations               :	12
                        Solver time              :	5 s


                      ------------------------------------------------------------------------------
2026-08-08 17:17:37     Delta calculation        
2026-08-08 17:17:37     All S-Parameters         :	0.000103165
2026-08-08 17:17:37   

                      ------------------------------------------------------------------------------
2026-08-08 17:17:37   Mesh adaptation terminated because the desired accuracy limit is reached.

                      ------------------------------------------------------------------------------
2026-08-08 17:17:37     Total time               :	35 s

                      ------------------------------------------------------------------------------
2026-08-08 17:17:37   

                      ------------------------------------------------------------------------------
2026-08-08 17:17:37     Calculation 14 (Frequency: 22.936 THz, Theta: 0, Phi: 0)


                      ------------------------------------------------------------------------------
2026-08-08 17:17:37   Running the PortModeSolver.

                      ------------------------------------------------------------------------------
2026-08-08 17:17:38   Adaptive mesh refinement pass 1

                      ------------------------------------------------------------------------------
2026-08-08 17:17:46     Matrix setup time        :	0 s
                        Solver setup             :	1 s
                        Degrees of freedom       :	989882
                        Number of mesh cells     :	150211

                        Stimulation port         :	Zmin
                        Mode number              :	1
                        Accuracy                 :	8.51783e-05
                        Iterations               :	11
                        Solver time              :	4 s


                      ------------------------------------------------------------------------------
2026-08-08 17:17:49   Adaptive mesh refinement pass 2

                      ------------------------------------------------------------------------------
2026-08-08 17:17:59     Matrix setup time        :	2 s
                        Solver setup             :	2 s
                        Degrees of freedom       :	1024250
                        Number of mesh cells     :	155453

                        Stimulation port         :	Zmin
                        Mode number              :	1
                        Accuracy                 :	8.70381e-05
                        Iterations               :	11
                        Solver time              :	4 s


                      ------------------------------------------------------------------------------
2026-08-08 17:17:59     Delta calculation        
2026-08-08 17:17:59     All S-Parameters         :	0.000672493
2026-08-08 17:17:59   

                      ------------------------------------------------------------------------------
2026-08-08 17:18:03   Adaptive mesh refinement pass 3

                      ------------------------------------------------------------------------------
2026-08-08 17:18:14     Matrix setup time        :	2 s
                        Solver setup             :	3 s
                        Degrees of freedom       :	1059168
                        Number of mesh cells     :	160761

                        Stimulation port         :	Zmin
                        Mode number              :	1
                        Accuracy                 :	7.42374e-05
                        Iterations               :	11
                        Solver time              :	5 s


                      ------------------------------------------------------------------------------
2026-08-08 17:18:14     Delta calculation        
2026-08-08 17:18:14     All S-Parameters         :	0.000579051
2026-08-08 17:18:14   

                      ------------------------------------------------------------------------------
2026-08-08 17:18:14   Mesh adaptation terminated because the desired accuracy limit is reached.

                      ------------------------------------------------------------------------------
2026-08-08 17:18:14     Total time               :	37 s

                      ------------------------------------------------------------------------------
2026-08-08 17:18:14   

                      ------------------------------------------------------------------------------
2026-08-08 17:18:14     Calculation 15 (Frequency: 27.736 THz, Theta: 0, Phi: 0)


                      ------------------------------------------------------------------------------
2026-08-08 17:18:14   Running the PortModeSolver.

                      ------------------------------------------------------------------------------
2026-08-08 17:18:15   Adaptive mesh refinement pass 1

                      ------------------------------------------------------------------------------
2026-08-08 17:18:24     Matrix setup time        :	1 s
                        Solver setup             :	2 s
                        Degrees of freedom       :	1059168
                        Number of mesh cells     :	160761

                        Stimulation port         :	Zmin
                        Mode number              :	1
                        Accuracy                 :	5.6684e-05
                        Iterations               :	13
                        Solver time              :	6 s


                      ------------------------------------------------------------------------------
2026-08-08 17:18:28   Adaptive mesh refinement pass 2

                      ------------------------------------------------------------------------------
2026-08-08 17:18:40     Matrix setup time        :	2 s
                        Solver setup             :	3 s
                        Degrees of freedom       :	1092872
                        Number of mesh cells     :	165933

                        Stimulation port         :	Zmin
                        Mode number              :	1
                        Accuracy                 :	5.55885e-05
                        Iterations               :	13
                        Solver time              :	6 s


                      ------------------------------------------------------------------------------
2026-08-08 17:18:40     Delta calculation        
2026-08-08 17:18:40     All S-Parameters         :	0.000108396
2026-08-08 17:18:40   

                      ------------------------------------------------------------------------------
2026-08-08 17:18:44   Adaptive mesh refinement pass 3

                      ------------------------------------------------------------------------------
2026-08-08 17:18:55     Matrix setup time        :	2 s
                        Solver setup             :	3 s
                        Degrees of freedom       :	1126506
                        Number of mesh cells     :	171085

                        Stimulation port         :	Zmin
                        Mode number              :	1
                        Accuracy                 :	9.48198e-05
                        Iterations               :	11
                        Solver time              :	5 s


                      ------------------------------------------------------------------------------
2026-08-08 17:18:56     Delta calculation        
2026-08-08 17:18:56     All S-Parameters         :	5.02842e-05
2026-08-08 17:18:56   

                      ------------------------------------------------------------------------------
2026-08-08 17:18:56   Mesh adaptation terminated because the desired accuracy limit is reached.

                      ------------------------------------------------------------------------------
2026-08-08 17:18:56     Total time               :	41 s

                      ------------------------------------------------------------------------------
2026-08-08 17:18:56   

                      ------------------------------------------------------------------------------
2026-08-08 17:18:56     Calculation 16 (Frequency: 32.464 THz, Theta: 0, Phi: 0)


                      ------------------------------------------------------------------------------
2026-08-08 17:18:56   Running the PortModeSolver.

                      ------------------------------------------------------------------------------
2026-08-08 17:18:57   Adaptive mesh refinement pass 1

                      ------------------------------------------------------------------------------
2026-08-08 17:19:06     Matrix setup time        :	1 s
                        Solver setup             :	2 s
                        Degrees of freedom       :	1126506
                        Number of mesh cells     :	171085

                        Stimulation port         :	Zmin
                        Mode number              :	1
                        Accuracy                 :	9.00631e-05
                        Iterations               :	11
                        Solver time              :	5 s


                      ------------------------------------------------------------------------------
2026-08-08 17:19:10   Adaptive mesh refinement pass 2

                      ------------------------------------------------------------------------------
2026-08-08 17:19:22     Matrix setup time        :	2 s
                        Solver setup             :	3 s
                        Degrees of freedom       :	1159920
                        Number of mesh cells     :	176241

                        Stimulation port         :	Zmin
                        Mode number              :	1
                        Accuracy                 :	8.91265e-05
                        Iterations               :	11
                        Solver time              :	5 s


                      ------------------------------------------------------------------------------
2026-08-08 17:19:22     Delta calculation        
2026-08-08 17:19:22     All S-Parameters         :	8.4739e-05
2026-08-08 17:19:22   

                      ------------------------------------------------------------------------------
2026-08-08 17:19:26   Adaptive mesh refinement pass 3

                      ------------------------------------------------------------------------------
2026-08-08 17:19:37     Matrix setup time        :	2 s
                        Solver setup             :	3 s
                        Degrees of freedom       :	1193452
                        Number of mesh cells     :	181409

                        Stimulation port         :	Zmin
                        Mode number              :	1
                        Accuracy                 :	8.44937e-05
                        Iterations               :	11
                        Solver time              :	5 s


                      ------------------------------------------------------------------------------
2026-08-08 17:19:38     Delta calculation        
2026-08-08 17:19:38     All S-Parameters         :	0.000140787
2026-08-08 17:19:38   

                      ------------------------------------------------------------------------------
2026-08-08 17:19:38   Mesh adaptation terminated because the desired accuracy limit is reached.

                      ------------------------------------------------------------------------------
2026-08-08 17:19:38     Total time               :	42 s

                      ------------------------------------------------------------------------------
2026-08-08 17:19:38   

                      ------------------------------------------------------------------------------
2026-08-08 17:19:38     Calculation 17 (Frequency: 28.096 THz, Theta: 0, Phi: 0)


                      ------------------------------------------------------------------------------
2026-08-08 17:19:38   Running the PortModeSolver.

                      ------------------------------------------------------------------------------
2026-08-08 17:19:39   Adaptive mesh refinement pass 1

                      ------------------------------------------------------------------------------
2026-08-08 17:19:48     Matrix setup time        :	1 s
                        Solver setup             :	2 s
                        Degrees of freedom       :	1193452
                        Number of mesh cells     :	181409

                        Stimulation port         :	Zmin
                        Mode number              :	1
                        Accuracy                 :	7.13546e-05
                        Iterations               :	11
                        Solver time              :	5 s


                      ------------------------------------------------------------------------------
2026-08-08 17:19:52   Adaptive mesh refinement pass 2

                      ------------------------------------------------------------------------------
2026-08-08 17:20:05     Matrix setup time        :	2 s
                        Solver setup             :	4 s
                        Degrees of freedom       :	1226886
                        Number of mesh cells     :	186552

                        Stimulation port         :	Zmin
                        Mode number              :	1
                        Accuracy                 :	7.32317e-05
                        Iterations               :	11
                        Solver time              :	6 s


                      ------------------------------------------------------------------------------
2026-08-08 17:20:06     Delta calculation        
2026-08-08 17:20:06     All S-Parameters         :	4.40366e-05
2026-08-08 17:20:06   

                      ------------------------------------------------------------------------------
2026-08-08 17:20:10   Adaptive mesh refinement pass 3

                      ------------------------------------------------------------------------------
2026-08-08 17:20:23     Matrix setup time        :	2 s
                        Solver setup             :	4 s
                        Degrees of freedom       :	1260474
                        Number of mesh cells     :	191707

                        Stimulation port         :	Zmin
                        Mode number              :	1
                        Accuracy                 :	6.83447e-05
                        Iterations               :	11
                        Solver time              :	6 s


                      ------------------------------------------------------------------------------
2026-08-08 17:20:23     Delta calculation        
2026-08-08 17:20:23     All S-Parameters         :	7.67417e-05
2026-08-08 17:20:23   

                      ------------------------------------------------------------------------------
2026-08-08 17:20:23   Mesh adaptation terminated because the desired accuracy limit is reached.

                      ------------------------------------------------------------------------------
2026-08-08 17:20:23     Total time               :	45 s

                      ------------------------------------------------------------------------------
2026-08-08 17:20:23   

                      ------------------------------------------------------------------------------
2026-08-08 17:20:23     Calculation 18 (Frequency: 30.448 THz, Theta: 0, Phi: 0)


                      ------------------------------------------------------------------------------
2026-08-08 17:20:23   Running the PortModeSolver.

                      ------------------------------------------------------------------------------
2026-08-08 17:20:25   Adaptive mesh refinement pass 1

                      ------------------------------------------------------------------------------
2026-08-08 17:20:34     Matrix setup time        :	1 s
                        Solver setup             :	2 s
                        Degrees of freedom       :	1260474
                        Number of mesh cells     :	191707

                        Stimulation port         :	Zmin
                        Mode number              :	1
                        Accuracy                 :	9.3905e-05
                        Iterations               :	10
                        Solver time              :	5 s


                      ------------------------------------------------------------------------------
2026-08-08 17:20:39   Adaptive mesh refinement pass 2

                      ------------------------------------------------------------------------------
2026-08-08 17:20:52     Matrix setup time        :	2 s
                        Solver setup             :	4 s
                        Degrees of freedom       :	1293626
                        Number of mesh cells     :	196831

                        Stimulation port         :	Zmin
                        Mode number              :	1
                        Accuracy                 :	9.86667e-05
                        Iterations               :	10
                        Solver time              :	5 s


                      ------------------------------------------------------------------------------
2026-08-08 17:20:52     Delta calculation        
2026-08-08 17:20:52     All S-Parameters         :	9.95619e-05
2026-08-08 17:20:52   

                      ------------------------------------------------------------------------------
2026-08-08 17:20:56   Adaptive mesh refinement pass 3

                      ------------------------------------------------------------------------------
2026-08-08 17:21:10     Matrix setup time        :	2 s
                        Solver setup             :	4 s
                        Degrees of freedom       :	1327394
                        Number of mesh cells     :	202003

                        Stimulation port         :	Zmin
                        Mode number              :	1
                        Accuracy                 :	9.35411e-05
                        Iterations               :	11
                        Solver time              :	6 s


                      ------------------------------------------------------------------------------
2026-08-08 17:21:11     Delta calculation        
2026-08-08 17:21:11     All S-Parameters         :	6.98872e-05
2026-08-08 17:21:11   

                      ------------------------------------------------------------------------------
2026-08-08 17:21:11   Mesh adaptation terminated because the desired accuracy limit is reached.

                      ------------------------------------------------------------------------------
2026-08-08 17:21:11     Total time               :	47 s

                      ------------------------------------------------------------------------------
2026-08-08 17:21:11   

                      ------------------------------------------------------------------------------
2026-08-08 17:21:11     Calculation 19 (Frequency: 32.8 THz, Theta: 0, Phi: 0)


                      ------------------------------------------------------------------------------
2026-08-08 17:21:11   Running the PortModeSolver.

                      ------------------------------------------------------------------------------
2026-08-08 17:21:12   Adaptive mesh refinement pass 1

                      ------------------------------------------------------------------------------
2026-08-08 17:21:24     Matrix setup time        :	1 s
                        Solver setup             :	3 s
                        Degrees of freedom       :	1327394
                        Number of mesh cells     :	202003

                        Stimulation port         :	Zmin
                        Mode number              :	1
                        Accuracy                 :	5.35078e-05
                        Iterations               :	12
                        Solver time              :	7 s


                      ------------------------------------------------------------------------------
2026-08-08 17:21:29   Adaptive mesh refinement pass 2

                      ------------------------------------------------------------------------------
2026-08-08 17:21:43     Matrix setup time        :	2 s
                        Solver setup             :	4 s
                        Degrees of freedom       :	1360314
                        Number of mesh cells     :	207112

                        Stimulation port         :	Zmin
                        Mode number              :	1
                        Accuracy                 :	9.82033e-05
                        Iterations               :	10
                        Solver time              :	6 s


                      ------------------------------------------------------------------------------
2026-08-08 17:21:43     Delta calculation        
2026-08-08 17:21:43     All S-Parameters         :	8.26681e-05
2026-08-08 17:21:43   

                      ------------------------------------------------------------------------------
2026-08-08 17:21:48   Adaptive mesh refinement pass 3

                      ------------------------------------------------------------------------------
2026-08-08 17:22:02     Matrix setup time        :	2 s
                        Solver setup             :	5 s
                        Degrees of freedom       :	1393532
                        Number of mesh cells     :	212245

                        Stimulation port         :	Zmin
                        Mode number              :	1
                        Accuracy                 :	9.35465e-05
                        Iterations               :	10
                        Solver time              :	6 s


                      ------------------------------------------------------------------------------
2026-08-08 17:22:03     Delta calculation        
2026-08-08 17:22:03     All S-Parameters         :	0.000102916
2026-08-08 17:22:03   

                      ------------------------------------------------------------------------------
2026-08-08 17:22:03   Mesh adaptation terminated because the desired accuracy limit is reached.

                      ------------------------------------------------------------------------------
2026-08-08 17:22:03     Total time               :	51 s

                      ------------------------------------------------------------------------------
2026-08-08 17:22:03   

                      ------------------------------------------------------------------------------
2026-08-08 17:22:03     Calculation 20 (Frequency: 29.32 THz, Theta: 0, Phi: 0)


                      ------------------------------------------------------------------------------
2026-08-08 17:22:03   Running the PortModeSolver.

                      ------------------------------------------------------------------------------
2026-08-08 17:22:04   Adaptive mesh refinement pass 1

                      ------------------------------------------------------------------------------
2026-08-08 17:22:17     Matrix setup time        :	1 s
                        Solver setup             :	4 s
                        Degrees of freedom       :	1393532
                        Number of mesh cells     :	212245

                        Stimulation port         :	Zmin
                        Mode number              :	1
                        Accuracy                 :	9.67094e-05
                        Iterations               :	11
                        Solver time              :	7 s


                      ------------------------------------------------------------------------------
2026-08-08 17:22:22   Adaptive mesh refinement pass 2

                      ------------------------------------------------------------------------------
2026-08-08 17:22:37     Matrix setup time        :	3 s
                        Solver setup             :	5 s
                        Degrees of freedom       :	1427532
                        Number of mesh cells     :	217429

                        Stimulation port         :	Zmin
                        Mode number              :	1
                        Accuracy                 :	8.78557e-05
                        Iterations               :	10
                        Solver time              :	6 s


                      ------------------------------------------------------------------------------
2026-08-08 17:22:37     Delta calculation        
2026-08-08 17:22:37     All S-Parameters         :	0.000184871
2026-08-08 17:22:37   

                      ------------------------------------------------------------------------------
2026-08-08 17:22:42   Adaptive mesh refinement pass 3

                      ------------------------------------------------------------------------------
2026-08-08 17:22:58     Matrix setup time        :	3 s
                        Solver setup             :	5 s
                        Degrees of freedom       :	1461758
                        Number of mesh cells     :	222654

                        Stimulation port         :	Zmin
                        Mode number              :	1
                        Accuracy                 :	9.08135e-05
                        Iterations               :	10
                        Solver time              :	6 s


                      ------------------------------------------------------------------------------
2026-08-08 17:22:58     Delta calculation        
2026-08-08 17:22:58     All S-Parameters         :	0.000219962
2026-08-08 17:22:58   

                      ------------------------------------------------------------------------------
2026-08-08 17:22:58   Mesh adaptation terminated because the desired accuracy limit is reached.

                      ------------------------------------------------------------------------------
2026-08-08 17:22:58     Total time               :	55 s

                      ------------------------------------------------------------------------------
2026-08-08 17:22:58   

                      ------------------------------------------------------------------------------
2026-08-08 17:22:58     Calculation 21 (Frequency: 26.944 THz, Theta: 0, Phi: 0)


                      ------------------------------------------------------------------------------
2026-08-08 17:22:58   Running the PortModeSolver.

                      ------------------------------------------------------------------------------
2026-08-08 17:23:00   Adaptive mesh refinement pass 1

                      ------------------------------------------------------------------------------
2026-08-08 17:23:14     Matrix setup time        :	1 s
                        Solver setup             :	4 s
                        Degrees of freedom       :	1461758
                        Number of mesh cells     :	222654

                        Stimulation port         :	Zmin
                        Mode number              :	1
                        Accuracy                 :	9.37162e-05
                        Iterations               :	13
                        Solver time              :	8 s


                      ------------------------------------------------------------------------------
2026-08-08 17:23:19   Adaptive mesh refinement pass 2

                      ------------------------------------------------------------------------------
2026-08-08 17:23:37     Matrix setup time        :	3 s
                        Solver setup             :	5 s
                        Degrees of freedom       :	1495730
                        Number of mesh cells     :	227829

                        Stimulation port         :	Zmin
                        Mode number              :	1
                        Accuracy                 :	7.38028e-05
                        Iterations               :	13
                        Solver time              :	8 s


                      ------------------------------------------------------------------------------
2026-08-08 17:23:38     Delta calculation        
2026-08-08 17:23:38     All S-Parameters         :	6.76649e-05
2026-08-08 17:23:38   

                      ------------------------------------------------------------------------------
2026-08-08 17:23:43   Adaptive mesh refinement pass 3

                      ------------------------------------------------------------------------------
2026-08-08 17:24:01     Matrix setup time        :	3 s
                        Solver setup             :	6 s
                        Degrees of freedom       :	1529164
                        Number of mesh cells     :	232957

                        Stimulation port         :	Zmin
                        Mode number              :	1
                        Accuracy                 :	7.05114e-05
                        Iterations               :	12
                        Solver time              :	8 s


                      ------------------------------------------------------------------------------
2026-08-08 17:24:01     Delta calculation        
2026-08-08 17:24:01     All S-Parameters         :	7.31798e-05
2026-08-08 17:24:01   

                      ------------------------------------------------------------------------------
2026-08-08 17:24:01   Mesh adaptation terminated because the desired accuracy limit is reached.

                      ------------------------------------------------------------------------------
2026-08-08 17:24:01     Total time               :	62 s	 (= 0 h, 01 m, 02 s)

                      ------------------------------------------------------------------------------
2026-08-08 17:24:01   

                      ------------------------------------------------------------------------------
2026-08-08 17:24:01     Calculation 22 (Frequency: 25.096 THz, Theta: 0, Phi: 0)


                      ------------------------------------------------------------------------------
2026-08-08 17:24:01   Running the PortModeSolver.

                      ------------------------------------------------------------------------------
2026-08-08 17:24:03   Adaptive mesh refinement pass 1

                      ------------------------------------------------------------------------------
2026-08-08 17:24:18     Matrix setup time        :	1 s
                        Solver setup             :	4 s
                        Degrees of freedom       :	1529164
                        Number of mesh cells     :	232957

                        Stimulation port         :	Zmin
                        Mode number              :	1
                        Accuracy                 :	4.42758e-05
                        Iterations               :	12
                        Solver time              :	8 s


                      ------------------------------------------------------------------------------
2026-08-08 17:24:18   The input reflection seems to be large at 25.096 THz, Theta: 0, Phi: 0.  More...

                      ------------------------------------------------------------------------------
2026-08-08 17:24:24   Adaptive mesh refinement pass 2

                      ------------------------------------------------------------------------------
2026-08-08 17:24:41     Matrix setup time        :	3 s
                        Solver setup             :	5 s
                        Degrees of freedom       :	1563226
                        Number of mesh cells     :	238154

                        Stimulation port         :	Zmin
                        Mode number              :	1
                        Accuracy                 :	4.05311e-05
                        Iterations               :	12
                        Solver time              :	8 s


                      ------------------------------------------------------------------------------
2026-08-08 17:24:42     Delta calculation        
2026-08-08 17:24:42     All S-Parameters         :	0.000364046
2026-08-08 17:24:42   

                      ------------------------------------------------------------------------------
2026-08-08 17:24:47   Adaptive mesh refinement pass 3

                      ------------------------------------------------------------------------------
2026-08-08 17:25:06     Matrix setup time        :	3 s
                        Solver setup             :	6 s
                        Degrees of freedom       :	1597496
                        Number of mesh cells     :	243386

                        Stimulation port         :	Zmin
                        Mode number              :	1
                        Accuracy                 :	8.46327e-05
                        Iterations               :	11
                        Solver time              :	8 s


                      ------------------------------------------------------------------------------
2026-08-08 17:25:06     Delta calculation        
2026-08-08 17:25:06     All S-Parameters         :	0.000154779
2026-08-08 17:25:06   

                      ------------------------------------------------------------------------------
2026-08-08 17:25:06   Mesh adaptation terminated because the desired accuracy limit is reached.

                      ------------------------------------------------------------------------------
2026-08-08 17:25:06     Total time               :	65 s	 (= 0 h, 01 m, 05 s)

                      ------------------------------------------------------------------------------
2026-08-08 17:25:06   

                      ------------------------------------------------------------------------------
2026-08-08 17:25:06     Calculation 23 (Frequency: 21.232 THz, Theta: 0, Phi: 0)


                      ------------------------------------------------------------------------------
2026-08-08 17:25:06   Running the PortModeSolver.

                      ------------------------------------------------------------------------------
2026-08-08 17:25:08   Adaptive mesh refinement pass 1

                      ------------------------------------------------------------------------------
2026-08-08 17:25:23     Matrix setup time        :	1 s
                        Solver setup             :	5 s
                        Degrees of freedom       :	1597496
                        Number of mesh cells     :	243386

                        Stimulation port         :	Zmin
                        Mode number              :	1
                        Accuracy                 :	8.19596e-05
                        Iterations               :	11
                        Solver time              :	8 s


                      ------------------------------------------------------------------------------
2026-08-08 17:25:29   Adaptive mesh refinement pass 2

                      ------------------------------------------------------------------------------
2026-08-08 17:25:47     Matrix setup time        :	3 s
                        Solver setup             :	6 s
                        Degrees of freedom       :	1631510
                        Number of mesh cells     :	248603

                        Stimulation port         :	Zmin
                        Mode number              :	1
                        Accuracy                 :	5.0998e-05
                        Iterations               :	11
                        Solver time              :	8 s


                      ------------------------------------------------------------------------------
2026-08-08 17:25:48     Delta calculation        
2026-08-08 17:25:48     All S-Parameters         :	0.000323478
2026-08-08 17:25:48   

                      ------------------------------------------------------------------------------
2026-08-08 17:25:53   Adaptive mesh refinement pass 3

                      ------------------------------------------------------------------------------
2026-08-08 17:26:12     Matrix setup time        :	3 s
                        Solver setup             :	6 s
                        Degrees of freedom       :	1665528
                        Number of mesh cells     :	253827

                        Stimulation port         :	Zmin
                        Mode number              :	1
                        Accuracy                 :	4.74523e-05
                        Iterations               :	11
                        Solver time              :	8 s


                      ------------------------------------------------------------------------------
2026-08-08 17:26:13     Delta calculation        
2026-08-08 17:26:13     All S-Parameters         :	0.000433927
2026-08-08 17:26:13   

                      ------------------------------------------------------------------------------
2026-08-08 17:26:13   Mesh adaptation terminated because the desired accuracy limit is reached.

                      ------------------------------------------------------------------------------
2026-08-08 17:26:13     Total time               :	66 s	 (= 0 h, 01 m, 06 s)

                      ------------------------------------------------------------------------------
2026-08-08 17:26:13   

                      ------------------------------------------------------------------------------
2026-08-08 17:26:13     Calculation 24 (Frequency: 17.488 THz, Theta: 0, Phi: 0)


                      ------------------------------------------------------------------------------
2026-08-08 17:26:13   Running the PortModeSolver.

                      ------------------------------------------------------------------------------
2026-08-08 17:26:14   Adaptive mesh refinement pass 1

                      ------------------------------------------------------------------------------
2026-08-08 17:26:29     Matrix setup time        :	1 s
                        Solver setup             :	5 s
                        Degrees of freedom       :	1665528
                        Number of mesh cells     :	253827

                        Stimulation port         :	Zmin
                        Mode number              :	1
                        Accuracy                 :	9.62768e-05
                        Iterations               :	10
                        Solver time              :	8 s


                      ------------------------------------------------------------------------------
2026-08-08 17:26:30   The input reflection seems to be large at 17.488 THz, Theta: 0, Phi: 0.  More...

                      ------------------------------------------------------------------------------
2026-08-08 17:26:35   Adaptive mesh refinement pass 2

                      ------------------------------------------------------------------------------
2026-08-08 17:26:53     Matrix setup time        :	3 s
                        Solver setup             :	6 s
                        Degrees of freedom       :	1700416
                        Number of mesh cells     :	259122

                        Stimulation port         :	Zmin
                        Mode number              :	1
                        Accuracy                 :	6.38154e-05
                        Iterations               :	10
                        Solver time              :	7 s


                      ------------------------------------------------------------------------------
2026-08-08 17:26:54     Delta calculation        
2026-08-08 17:26:54     All S-Parameters         :	0.000114745
2026-08-08 17:26:54   

                      ------------------------------------------------------------------------------
2026-08-08 17:26:59   Adaptive mesh refinement pass 3

                      ------------------------------------------------------------------------------
2026-08-08 17:27:19     Matrix setup time        :	3 s
                        Solver setup             :	7 s
                        Degrees of freedom       :	1735012
                        Number of mesh cells     :	264364

                        Stimulation port         :	Zmin
                        Mode number              :	1
                        Accuracy                 :	9.4159e-05
                        Iterations               :	9
                        Solver time              :	7 s


                      ------------------------------------------------------------------------------
2026-08-08 17:27:19     Delta calculation        
2026-08-08 17:27:19     All S-Parameters         :	0.000141249
2026-08-08 17:27:19   

                      ------------------------------------------------------------------------------
2026-08-08 17:27:19   Mesh adaptation terminated because the desired accuracy limit is reached.

                      ------------------------------------------------------------------------------
2026-08-08 17:27:19     Total time               :	66 s	 (= 0 h, 01 m, 06 s)

                      ------------------------------------------------------------------------------
2026-08-08 17:27:19   

                      ------------------------------------------------------------------------------
2026-08-08 17:27:19     Calculation 25 (Frequency: 14.8 THz, Theta: 0, Phi: 0)


                      ------------------------------------------------------------------------------
2026-08-08 17:27:19   Running the PortModeSolver.

                      ------------------------------------------------------------------------------
2026-08-08 17:27:21   Adaptive mesh refinement pass 1

                      ------------------------------------------------------------------------------
2026-08-08 17:27:37     Matrix setup time        :	1 s
                        Solver setup             :	5 s
                        Degrees of freedom       :	1735012
                        Number of mesh cells     :	264364

                        Stimulation port         :	Zmin
                        Mode number              :	1
                        Accuracy                 :	8.33852e-05
                        Iterations               :	10
                        Solver time              :	8 s


                      ------------------------------------------------------------------------------
2026-08-08 17:27:43   Adaptive mesh refinement pass 2

                      ------------------------------------------------------------------------------
2026-08-08 17:28:01     Matrix setup time        :	3 s
                        Solver setup             :	6 s
                        Degrees of freedom       :	1769232
                        Number of mesh cells     :	269590

                        Stimulation port         :	Zmin
                        Mode number              :	1
                        Accuracy                 :	6.87519e-05
                        Iterations               :	9
                        Solver time              :	7 s


                      ------------------------------------------------------------------------------
2026-08-08 17:28:01     Delta calculation        
2026-08-08 17:28:01     All S-Parameters         :	0.000498075
2026-08-08 17:28:01   

                      ------------------------------------------------------------------------------
2026-08-08 17:28:07   Adaptive mesh refinement pass 3

                      ------------------------------------------------------------------------------
2026-08-08 17:28:25     Matrix setup time        :	3 s
                        Solver setup             :	6 s
                        Degrees of freedom       :	1803486
                        Number of mesh cells     :	274820

                        Stimulation port         :	Zmin
                        Mode number              :	1
                        Accuracy                 :	7.7075e-05
                        Iterations               :	9
                        Solver time              :	7 s


                      ------------------------------------------------------------------------------
2026-08-08 17:28:26     Delta calculation        
2026-08-08 17:28:26     All S-Parameters         :	0.000319536
2026-08-08 17:28:26   

                      ------------------------------------------------------------------------------
2026-08-08 17:28:26   Mesh adaptation terminated because the desired accuracy limit is reached.

                      ------------------------------------------------------------------------------
2026-08-08 17:28:26     Total time               :	66 s	 (= 0 h, 01 m, 06 s)

                      ------------------------------------------------------------------------------
2026-08-08 17:28:26   

                      ------------------------------------------------------------------------------
2026-08-08 17:28:26     Calculation 26 (Frequency: 26.032 THz, Theta: 0, Phi: 0)


                      ------------------------------------------------------------------------------
2026-08-08 17:28:26   Running the PortModeSolver.

                      ------------------------------------------------------------------------------
2026-08-08 17:28:27   Adaptive mesh refinement pass 1

                      ------------------------------------------------------------------------------
2026-08-08 17:28:43     Matrix setup time        :	1 s
                        Solver setup             :	4 s
                        Degrees of freedom       :	1803486
                        Number of mesh cells     :	274820

                        Stimulation port         :	Zmin
                        Mode number              :	1
                        Accuracy                 :	7.68057e-05
                        Iterations               :	11
                        Solver time              :	9 s


                      ------------------------------------------------------------------------------
2026-08-08 17:28:49   Adaptive mesh refinement pass 2

                      ------------------------------------------------------------------------------
2026-08-08 17:29:10     Matrix setup time        :	3 s
                        Solver setup             :	6 s
                        Degrees of freedom       :	1837684
                        Number of mesh cells     :	280063

                        Stimulation port         :	Zmin
                        Mode number              :	1
                        Accuracy                 :	3.41365e-05
                        Iterations               :	12
                        Solver time              :	10 s


                      ------------------------------------------------------------------------------
2026-08-08 17:29:10     Delta calculation        
2026-08-08 17:29:10     All S-Parameters         :	0.000543214
2026-08-08 17:29:10   

                      ------------------------------------------------------------------------------
2026-08-08 17:29:17   Adaptive mesh refinement pass 3

                      ------------------------------------------------------------------------------
2026-08-08 17:29:40     Matrix setup time        :	4 s
                        Solver setup             :	8 s
                        Degrees of freedom       :	1872312
                        Number of mesh cells     :	285338

                        Stimulation port         :	Zmin
                        Mode number              :	1
                        Accuracy                 :	3.24712e-05
                        Iterations               :	12
                        Solver time              :	11 s


                      ------------------------------------------------------------------------------
2026-08-08 17:29:41     Delta calculation        
2026-08-08 17:29:41     All S-Parameters         :	9.70862e-05
2026-08-08 17:29:41   

                      ------------------------------------------------------------------------------
2026-08-08 17:29:41   Mesh adaptation terminated because the desired accuracy limit is reached.

                      ------------------------------------------------------------------------------
2026-08-08 17:29:41     Total time               :	75 s	 (= 0 h, 01 m, 15 s)

                      ------------------------------------------------------------------------------
2026-08-08 17:29:41   

                      ------------------------------------------------------------------------------
2026-08-08 17:29:41     Calculation 27 (Frequency: 13.24 THz, Theta: 0, Phi: 0)


                      ------------------------------------------------------------------------------
2026-08-08 17:29:41   Running the PortModeSolver.

                      ------------------------------------------------------------------------------
2026-08-08 17:29:42   Adaptive mesh refinement pass 1

                      ------------------------------------------------------------------------------
2026-08-08 17:29:58     Matrix setup time        :	1 s
                        Solver setup             :	6 s
                        Degrees of freedom       :	1872312
                        Number of mesh cells     :	285338

                        Stimulation port         :	Zmin
                        Mode number              :	1
                        Accuracy                 :	6.3686e-05
                        Iterations               :	8
                        Solver time              :	7 s


                      ------------------------------------------------------------------------------
2026-08-08 17:30:05   Adaptive mesh refinement pass 2

                      ------------------------------------------------------------------------------
2026-08-08 17:30:26     Matrix setup time        :	4 s
                        Solver setup             :	8 s
                        Degrees of freedom       :	1906416
                        Number of mesh cells     :	290535

                        Stimulation port         :	Zmin
                        Mode number              :	1
                        Accuracy                 :	6.12793e-05
                        Iterations               :	8
                        Solver time              :	7 s


                      ------------------------------------------------------------------------------
2026-08-08 17:30:26     Delta calculation        
2026-08-08 17:30:26     All S-Parameters         :	0.000236116
2026-08-08 17:30:26   

                      ------------------------------------------------------------------------------
2026-08-08 17:30:33   Adaptive mesh refinement pass 3

                      ------------------------------------------------------------------------------
2026-08-08 17:30:53     Matrix setup time        :	4 s
                        Solver setup             :	8 s
                        Degrees of freedom       :	1940540
                        Number of mesh cells     :	295741

                        Stimulation port         :	Zmin
                        Mode number              :	1
                        Accuracy                 :	5.91743e-05
                        Iterations               :	8
                        Solver time              :	7 s


                      ------------------------------------------------------------------------------
2026-08-08 17:30:54     Delta calculation        
2026-08-08 17:30:54     All S-Parameters         :	0.000131544
2026-08-08 17:30:54   

                      ------------------------------------------------------------------------------
2026-08-08 17:30:54   Mesh adaptation terminated because the desired accuracy limit is reached.

                      ------------------------------------------------------------------------------
2026-08-08 17:30:54     Total time               :	72 s	 (= 0 h, 01 m, 12 s)

                      ------------------------------------------------------------------------------
2026-08-08 17:30:54   

                      ------------------------------------------------------------------------------
2026-08-08 17:30:54     Calculation 28 (Frequency: 33.784 THz, Theta: 0, Phi: 0)


                      ------------------------------------------------------------------------------
2026-08-08 17:30:54   Running the PortModeSolver.

                      ------------------------------------------------------------------------------
2026-08-08 17:30:55   Adaptive mesh refinement pass 1

                      ------------------------------------------------------------------------------
2026-08-08 17:31:14     Matrix setup time        :	1 s
                        Solver setup             :	6 s
                        Degrees of freedom       :	1940540
                        Number of mesh cells     :	295741

                        Stimulation port         :	Zmin
                        Mode number              :	1
                        Accuracy                 :	7.21433e-05
                        Iterations               :	10
                        Solver time              :	9 s


                      ------------------------------------------------------------------------------
2026-08-08 17:31:21   Adaptive mesh refinement pass 2

                      ------------------------------------------------------------------------------
2026-08-08 17:31:46     Matrix setup time        :	4 s
                        Solver setup             :	10 s
                        Degrees of freedom       :	1973550
                        Number of mesh cells     :	300876

                        Stimulation port         :	Zmin
                        Mode number              :	1
                        Accuracy                 :	7.0694e-05
                        Iterations               :	10
                        Solver time              :	10 s


                      ------------------------------------------------------------------------------
2026-08-08 17:31:47     Delta calculation        
2026-08-08 17:31:47     All S-Parameters         :	8.96223e-05
2026-08-08 17:31:47   

                      ------------------------------------------------------------------------------
2026-08-08 17:31:53   Adaptive mesh refinement pass 3

                      ------------------------------------------------------------------------------
2026-08-08 17:32:17     Matrix setup time        :	4 s
                        Solver setup             :	9 s
                        Degrees of freedom       :	2007018
                        Number of mesh cells     :	306013

                        Stimulation port         :	Zmin
                        Mode number              :	1
                        Accuracy                 :	6.87718e-05
                        Iterations               :	10
                        Solver time              :	10 s


                      ------------------------------------------------------------------------------
2026-08-08 17:32:18     Delta calculation        
2026-08-08 17:32:18     All S-Parameters         :	3.86608e-05
2026-08-08 17:32:18   

                      ------------------------------------------------------------------------------
2026-08-08 17:32:18   Mesh adaptation terminated because the desired accuracy limit is reached.

                      ------------------------------------------------------------------------------
2026-08-08 17:32:18     Total time               :	83 s	 (= 0 h, 01 m, 23 s)

                      ------------------------------------------------------------------------------
2026-08-08 17:32:18   

                      ------------------------------------------------------------------------------
2026-08-08 17:32:18     Calculation 29 (Frequency: 26.536 THz, Theta: 0, Phi: 0)


                      ------------------------------------------------------------------------------
2026-08-08 17:32:18   Running the PortModeSolver.

                      ------------------------------------------------------------------------------
2026-08-08 17:32:20   Adaptive mesh refinement pass 1

                      ------------------------------------------------------------------------------
2026-08-08 17:32:45     Matrix setup time        :	2 s
                        Solver setup             :	7 s
                        Degrees of freedom       :	2007018
                        Number of mesh cells     :	306013

                        Stimulation port         :	Zmin
                        Mode number              :	1
                        Accuracy                 :	7.08053e-05
                        Iterations               :	17
                        Solver time              :	16 s


                      ------------------------------------------------------------------------------
2026-08-08 17:32:53   Adaptive mesh refinement pass 2

                      ------------------------------------------------------------------------------
2026-08-08 17:33:19     Matrix setup time        :	4 s
                        Solver setup             :	8 s
                        Degrees of freedom       :	2040566
                        Number of mesh cells     :	311143

                        Stimulation port         :	Zmin
                        Mode number              :	1
                        Accuracy                 :	8.50588e-05
                        Iterations               :	15
                        Solver time              :	14 s


                      ------------------------------------------------------------------------------
2026-08-08 17:33:20     Delta calculation        
2026-08-08 17:33:20     All S-Parameters         :	0.000249049
2026-08-08 17:33:20   

                      ------------------------------------------------------------------------------
2026-08-08 17:33:26   Adaptive mesh refinement pass 3

                      ------------------------------------------------------------------------------
2026-08-08 17:33:58     Matrix setup time        :	4 s
                        Solver setup             :	10 s
                        Degrees of freedom       :	2073900
                        Number of mesh cells     :	316269

                        Stimulation port         :	Zmin
                        Mode number              :	1
                        Accuracy                 :	7.29935e-05
                        Iterations               :	16
                        Solver time              :	16 s


                      ------------------------------------------------------------------------------
2026-08-08 17:33:59     Delta calculation        
2026-08-08 17:33:59     All S-Parameters         :	0.000233079
2026-08-08 17:33:59   

                      ------------------------------------------------------------------------------
2026-08-08 17:33:59   Mesh adaptation terminated because the desired accuracy limit is reached.

                      ------------------------------------------------------------------------------
2026-08-08 17:33:59     Total time               :	100 s	 (= 0 h, 01 m, 40 s)

                      ------------------------------------------------------------------------------
2026-08-08 17:33:59   

                      ------------------------------------------------------------------------------
2026-08-08 17:33:59     Calculation 30 (Frequency: 11.728 THz, Theta: 0, Phi: 0)


                      ------------------------------------------------------------------------------
2026-08-08 17:33:59   Running the PortModeSolver.

                      ------------------------------------------------------------------------------
2026-08-08 17:34:00   Adaptive mesh refinement pass 1

                      ------------------------------------------------------------------------------
2026-08-08 17:34:19     Matrix setup time        :	2 s
                        Solver setup             :	8 s
                        Degrees of freedom       :	2073900
                        Number of mesh cells     :	316269

                        Stimulation port         :	Zmin
                        Mode number              :	1
                        Accuracy                 :	8.58933e-05
                        Iterations               :	7
                        Solver time              :	7 s


                      ------------------------------------------------------------------------------
2026-08-08 17:34:26   Adaptive mesh refinement pass 2

                      ------------------------------------------------------------------------------
2026-08-08 17:34:46     Matrix setup time        :	4 s
                        Solver setup             :	8 s
                        Degrees of freedom       :	2107994
                        Number of mesh cells     :	321484

                        Stimulation port         :	Zmin
                        Mode number              :	1
                        Accuracy                 :	8.56971e-05
                        Iterations               :	7
                        Solver time              :	7 s


                      ------------------------------------------------------------------------------
2026-08-08 17:34:47     Delta calculation        
2026-08-08 17:34:47     All S-Parameters         :	0.000109021
2026-08-08 17:34:47   

                      ------------------------------------------------------------------------------
2026-08-08 17:34:54   Adaptive mesh refinement pass 3

                      ------------------------------------------------------------------------------
2026-08-08 17:35:15     Matrix setup time        :	4 s
                        Solver setup             :	9 s
                        Degrees of freedom       :	2142240
                        Number of mesh cells     :	326731

                        Stimulation port         :	Zmin
                        Mode number              :	1
                        Accuracy                 :	8.51274e-05
                        Iterations               :	7
                        Solver time              :	7 s


                      ------------------------------------------------------------------------------
2026-08-08 17:35:16     Delta calculation        
2026-08-08 17:35:16     All S-Parameters         :	7.74923e-05
2026-08-08 17:35:16   

                      ------------------------------------------------------------------------------
2026-08-08 17:35:16   Mesh adaptation terminated because the desired accuracy limit is reached.

                      ------------------------------------------------------------------------------
2026-08-08 17:35:16     Total time               :	77 s	 (= 0 h, 01 m, 17 s)

                      ------------------------------------------------------------------------------
2026-08-08 17:35:16   

                      ------------------------------------------------------------------------------
2026-08-08 17:35:16     Calculation 31 (Frequency: 13.84 THz, Theta: 0, Phi: 0)


                      ------------------------------------------------------------------------------
2026-08-08 17:35:16   Running the PortModeSolver.

                      ------------------------------------------------------------------------------
2026-08-08 17:35:18   Adaptive mesh refinement pass 1

                      ------------------------------------------------------------------------------
2026-08-08 17:35:36     Matrix setup time        :	2 s
                        Solver setup             :	7 s
                        Degrees of freedom       :	2142240
                        Number of mesh cells     :	326731

                        Stimulation port         :	Zmin
                        Mode number              :	1
                        Accuracy                 :	8.89264e-05
                        Iterations               :	8
                        Solver time              :	8 s


                      ------------------------------------------------------------------------------
2026-08-08 17:35:44   Adaptive mesh refinement pass 2

                      ------------------------------------------------------------------------------
2026-08-08 17:36:07     Matrix setup time        :	4 s
                        Solver setup             :	9 s
                        Degrees of freedom       :	2177030
                        Number of mesh cells     :	332022

                        Stimulation port         :	Zmin
                        Mode number              :	1
                        Accuracy                 :	6.3963e-05
                        Iterations               :	8
                        Solver time              :	8 s


                      ------------------------------------------------------------------------------
2026-08-08 17:36:08     Delta calculation        
2026-08-08 17:36:08     All S-Parameters         :	0.000153741
2026-08-08 17:36:08   

                      ------------------------------------------------------------------------------
2026-08-08 17:36:15   Adaptive mesh refinement pass 3

                      ------------------------------------------------------------------------------
2026-08-08 17:36:39     Matrix setup time        :	4 s
                        Solver setup             :	9 s
                        Degrees of freedom       :	2211714
                        Number of mesh cells     :	337293

                        Stimulation port         :	Zmin
                        Mode number              :	1
                        Accuracy                 :	6.66657e-05
                        Iterations               :	8
                        Solver time              :	9 s


                      ------------------------------------------------------------------------------
2026-08-08 17:36:40     Delta calculation        
2026-08-08 17:36:40     All S-Parameters         :	4.11234e-05
2026-08-08 17:36:40   

                      ------------------------------------------------------------------------------
2026-08-08 17:36:40   Mesh adaptation terminated because the desired accuracy limit is reached.

                      ------------------------------------------------------------------------------
2026-08-08 17:36:40     Total time               :	83 s	 (= 0 h, 01 m, 23 s)

                      ------------------------------------------------------------------------------
2026-08-08 17:36:40   

                      ------------------------------------------------------------------------------
2026-08-08 17:36:40     Calculation 32 (Frequency: 10.696 THz, Theta: 0, Phi: 0)


                      ------------------------------------------------------------------------------
2026-08-08 17:36:40   Running the PortModeSolver.

                      ------------------------------------------------------------------------------
2026-08-08 17:36:42   Adaptive mesh refinement pass 1

                      ------------------------------------------------------------------------------
2026-08-08 17:37:02     Matrix setup time        :	2 s
                        Solver setup             :	7 s
                        Degrees of freedom       :	2211714
                        Number of mesh cells     :	337293

                        Stimulation port         :	Zmin
                        Mode number              :	1
                        Accuracy                 :	4.84645e-05
                        Iterations               :	9
                        Solver time              :	10 s


                      ------------------------------------------------------------------------------
2026-08-08 17:37:10   Adaptive mesh refinement pass 2

                      ------------------------------------------------------------------------------
2026-08-08 17:37:34     Matrix setup time        :	4 s
                        Solver setup             :	11 s
                        Degrees of freedom       :	2245988
                        Number of mesh cells     :	342525

                        Stimulation port         :	Zmin
                        Mode number              :	1
                        Accuracy                 :	6.17048e-05
                        Iterations               :	7
                        Solver time              :	8 s


                      ------------------------------------------------------------------------------
2026-08-08 17:37:35     Delta calculation        
2026-08-08 17:37:35     All S-Parameters         :	6.67054e-05
2026-08-08 17:37:35   

                      ------------------------------------------------------------------------------
2026-08-08 17:37:43   Adaptive mesh refinement pass 3

                      ------------------------------------------------------------------------------
2026-08-08 17:38:06     Matrix setup time        :	4 s
                        Solver setup             :	10 s
                        Degrees of freedom       :	2280368
                        Number of mesh cells     :	347764

                        Stimulation port         :	Zmin
                        Mode number              :	1
                        Accuracy                 :	6.13025e-05
                        Iterations               :	7
                        Solver time              :	7 s


                      ------------------------------------------------------------------------------
2026-08-08 17:38:07     Delta calculation        
2026-08-08 17:38:07     All S-Parameters         :	5.92876e-05
2026-08-08 17:38:07   

                      ------------------------------------------------------------------------------
2026-08-08 17:38:07   Mesh adaptation terminated because the desired accuracy limit is reached.

                      ------------------------------------------------------------------------------
2026-08-08 17:38:07     Total time               :	86 s	 (= 0 h, 01 m, 26 s)

                      ------------------------------------------------------------------------------
2026-08-08 17:38:07   

                      ------------------------------------------------------------------------------
2026-08-08 17:38:07     Calculation 33 (Frequency: 26.512 THz, Theta: 0, Phi: 0)


                      ------------------------------------------------------------------------------
2026-08-08 17:38:07   Running the PortModeSolver.

                      ------------------------------------------------------------------------------
2026-08-08 17:38:08   Adaptive mesh refinement pass 1

                      ------------------------------------------------------------------------------
2026-08-08 17:38:38     Matrix setup time        :	2 s
                        Solver setup             :	7 s
                        Degrees of freedom       :	2280368
                        Number of mesh cells     :	347764

                        Stimulation port         :	Zmin
                        Mode number              :	1
                        Accuracy                 :	8.88201e-05
                        Iterations               :	18
                        Solver time              :	19 s


                      ------------------------------------------------------------------------------
2026-08-08 17:38:46   Adaptive mesh refinement pass 2

                      ------------------------------------------------------------------------------
2026-08-08 17:39:22     Matrix setup time        :	4 s
                        Solver setup             :	10 s
                        Degrees of freedom       :	2313788
                        Number of mesh cells     :	352922

                        Stimulation port         :	Zmin
                        Mode number              :	1
                        Accuracy                 :	6.33073e-05
                        Iterations               :	18
                        Solver time              :	20 s


                      ------------------------------------------------------------------------------
2026-08-08 17:39:23     Delta calculation        
2026-08-08 17:39:23     All S-Parameters         :	0.000118845
2026-08-08 17:39:23   

                      ------------------------------------------------------------------------------
2026-08-08 17:39:30   Adaptive mesh refinement pass 3

                      ------------------------------------------------------------------------------
2026-08-08 17:40:09     Matrix setup time        :	4 s
                        Solver setup             :	12 s
                        Degrees of freedom       :	2347118
                        Number of mesh cells     :	358071

                        Stimulation port         :	Zmin
                        Mode number              :	1
                        Accuracy                 :	6.20786e-05
                        Iterations               :	18
                        Solver time              :	21 s


                      ------------------------------------------------------------------------------
2026-08-08 17:40:10     Delta calculation        
2026-08-08 17:40:10     All S-Parameters         :	6.81389e-05
2026-08-08 17:40:10   

                      ------------------------------------------------------------------------------
2026-08-08 17:40:10   Mesh adaptation terminated because the desired accuracy limit is reached.

                      ------------------------------------------------------------------------------
2026-08-08 17:40:10     Total time               :	122 s	 (= 0 h, 02 m, 02 s)

                      ------------------------------------------------------------------------------
2026-08-08 17:40:10   

                      ------------------------------------------------------------------------------
2026-08-08 17:40:10     Calculation 34 (Frequency: 26.488 THz, Theta: 0, Phi: 0)


                      ------------------------------------------------------------------------------
2026-08-08 17:40:10   Running the PortModeSolver.

                      ------------------------------------------------------------------------------
2026-08-08 17:40:11   Adaptive mesh refinement pass 1

                      ------------------------------------------------------------------------------
2026-08-08 17:40:37     Matrix setup time        :	2 s
                        Solver setup             :	10 s
                        Degrees of freedom       :	2347118
                        Number of mesh cells     :	358071

                        Stimulation port         :	Zmin
                        Mode number              :	1
                        Accuracy                 :	6.71121e-05
                        Iterations               :	11
                        Solver time              :	13 s


                      ------------------------------------------------------------------------------
2026-08-08 17:40:46   Adaptive mesh refinement pass 2

                      ------------------------------------------------------------------------------
2026-08-08 17:41:19     Matrix setup time        :	5 s
                        Solver setup             :	11 s
                        Degrees of freedom       :	2380422
                        Number of mesh cells     :	363213

                        Stimulation port         :	Zmin
                        Mode number              :	1
                        Accuracy                 :	7.10473e-05
                        Iterations               :	14
                        Solver time              :	16 s


                      ------------------------------------------------------------------------------
2026-08-08 17:41:19     Delta calculation        
2026-08-08 17:41:19     All S-Parameters         :	0.000404741
2026-08-08 17:41:19   

                      ------------------------------------------------------------------------------
2026-08-08 17:41:27   Adaptive mesh refinement pass 3

                      ------------------------------------------------------------------------------
2026-08-08 17:42:00     Matrix setup time        :	5 s
                        Solver setup             :	10 s
                        Degrees of freedom       :	2413878
                        Number of mesh cells     :	368363

                        Stimulation port         :	Zmin
                        Mode number              :	1
                        Accuracy                 :	6.5753e-05
                        Iterations               :	14
                        Solver time              :	16 s


                      ------------------------------------------------------------------------------
2026-08-08 17:42:00     Delta calculation        
2026-08-08 17:42:00     All S-Parameters         :	0.000111456
2026-08-08 17:42:00   

                      ------------------------------------------------------------------------------
2026-08-08 17:42:00   Mesh adaptation terminated because the desired accuracy limit is reached.

                      ------------------------------------------------------------------------------
2026-08-08 17:42:01     Total time               :	110 s	 (= 0 h, 01 m, 50 s)

                      ------------------------------------------------------------------------------
2026-08-08 17:42:01   

                      ------------------------------------------------------------------------------
2026-08-08 17:42:01     Calculation 35 (Frequency: 26.584 THz, Theta: 0, Phi: 0)


                      ------------------------------------------------------------------------------
2026-08-08 17:42:01   Running the PortModeSolver.

                      ------------------------------------------------------------------------------
2026-08-08 17:42:02   Adaptive mesh refinement pass 1

                      ------------------------------------------------------------------------------
2026-08-08 17:42:29     Matrix setup time        :	2 s
                        Solver setup             :	8 s
                        Degrees of freedom       :	2413878
                        Number of mesh cells     :	368363

                        Stimulation port         :	Zmin
                        Mode number              :	1
                        Accuracy                 :	6.24442e-05
                        Iterations               :	14
                        Solver time              :	16 s


                      ------------------------------------------------------------------------------
2026-08-08 17:42:38   Adaptive mesh refinement pass 2

                      ------------------------------------------------------------------------------
2026-08-08 17:43:14     Matrix setup time        :	5 s
                        Solver setup             :	12 s
                        Degrees of freedom       :	2447236
                        Number of mesh cells     :	373501

                        Stimulation port         :	Zmin
                        Mode number              :	1
                        Accuracy                 :	5.13479e-05
                        Iterations               :	14
                        Solver time              :	17 s


                      ------------------------------------------------------------------------------
2026-08-08 17:43:15     Delta calculation        
2026-08-08 17:43:15     All S-Parameters         :	8.39031e-05
2026-08-08 17:43:15   

                      ------------------------------------------------------------------------------
2026-08-08 17:43:23   Adaptive mesh refinement pass 3

                      ------------------------------------------------------------------------------
2026-08-08 17:43:56     Matrix setup time        :	5 s
                        Solver setup             :	10 s
                        Degrees of freedom       :	2480332
                        Number of mesh cells     :	378619

                        Stimulation port         :	Zmin
                        Mode number              :	1
                        Accuracy                 :	5.24044e-05
                        Iterations               :	14
                        Solver time              :	16 s


                      ------------------------------------------------------------------------------
2026-08-08 17:43:57     Delta calculation        
2026-08-08 17:43:57     All S-Parameters         :	4.44075e-05
2026-08-08 17:43:57   

                      ------------------------------------------------------------------------------
2026-08-08 17:43:57   Mesh adaptation terminated because the desired accuracy limit is reached.

                      ------------------------------------------------------------------------------
2026-08-08 17:43:57     Total time               :	116 s	 (= 0 h, 01 m, 56 s)

                      ------------------------------------------------------------------------------
2026-08-08 17:43:57   

                      ------------------------------------------------------------------------------
2026-08-08 17:43:57     Calculation 36 (Frequency: 27.184 THz, Theta: 0, Phi: 0)


                      ------------------------------------------------------------------------------
2026-08-08 17:43:57   Running the PortModeSolver.

                      ------------------------------------------------------------------------------
2026-08-08 17:43:58   Adaptive mesh refinement pass 1

                      ------------------------------------------------------------------------------
2026-08-08 17:44:20     Matrix setup time        :	2 s
                        Solver setup             :	8 s
                        Degrees of freedom       :	2480332
                        Number of mesh cells     :	378619

                        Stimulation port         :	Zmin
                        Mode number              :	1
                        Accuracy                 :	9.50486e-05
                        Iterations               :	9
                        Solver time              :	10 s


                      ------------------------------------------------------------------------------
2026-08-08 17:44:29   Adaptive mesh refinement pass 2

                      ------------------------------------------------------------------------------
2026-08-08 17:44:58     Matrix setup time        :	5 s
                        Solver setup             :	12 s
                        Degrees of freedom       :	2513222
                        Number of mesh cells     :	383726

                        Stimulation port         :	Zmin
                        Mode number              :	1
                        Accuracy                 :	9.34678e-05
                        Iterations               :	9
                        Solver time              :	11 s


                      ------------------------------------------------------------------------------
2026-08-08 17:44:59     Delta calculation        
2026-08-08 17:44:59     All S-Parameters         :	1.50714e-05
2026-08-08 17:44:59   

                      ------------------------------------------------------------------------------
2026-08-08 17:45:08   Adaptive mesh refinement pass 3

                      ------------------------------------------------------------------------------
2026-08-08 17:45:39     Matrix setup time        :	5 s
                        Solver setup             :	12 s
                        Degrees of freedom       :	2546446
                        Number of mesh cells     :	388851

                        Stimulation port         :	Zmin
                        Mode number              :	1
                        Accuracy                 :	3.97028e-05
                        Iterations               :	11
                        Solver time              :	13 s


                      ------------------------------------------------------------------------------
2026-08-08 17:45:40     Delta calculation        
2026-08-08 17:45:40     All S-Parameters         :	5.39185e-05
2026-08-08 17:45:40   

                      ------------------------------------------------------------------------------
2026-08-08 17:45:40   Mesh adaptation terminated because the desired accuracy limit is reached.

                      ------------------------------------------------------------------------------
2026-08-08 17:45:40     Total time               :	103 s	 (= 0 h, 01 m, 43 s)

                      ------------------------------------------------------------------------------
2026-08-08 17:45:40   

                      ------------------------------------------------------------------------------
2026-08-08 17:45:40     Calculation 37 (Frequency: 26.824 THz, Theta: 0, Phi: 0)


                      ------------------------------------------------------------------------------
2026-08-08 17:45:40   Running the PortModeSolver.

                      ------------------------------------------------------------------------------
2026-08-08 17:45:41   Adaptive mesh refinement pass 1

                      ------------------------------------------------------------------------------
2026-08-08 17:46:07     Matrix setup time        :	2 s
                        Solver setup             :	9 s
                        Degrees of freedom       :	2546446
                        Number of mesh cells     :	388851

                        Stimulation port         :	Zmin
                        Mode number              :	1
                        Accuracy                 :	6.52721e-05
                        Iterations               :	11
                        Solver time              :	13 s


                      ------------------------------------------------------------------------------
2026-08-08 17:46:16   Adaptive mesh refinement pass 2

                      ------------------------------------------------------------------------------
2026-08-08 17:46:49     Matrix setup time        :	5 s
                        Solver setup             :	12 s
                        Degrees of freedom       :	2579926
                        Number of mesh cells     :	394021

                        Stimulation port         :	Zmin
                        Mode number              :	1
                        Accuracy                 :	6.58985e-05
                        Iterations               :	11
                        Solver time              :	14 s


                      ------------------------------------------------------------------------------
2026-08-08 17:46:50     Delta calculation        
2026-08-08 17:46:50     All S-Parameters         :	1.87335e-05
2026-08-08 17:46:50   

                      ------------------------------------------------------------------------------
2026-08-08 17:46:59   Adaptive mesh refinement pass 3

                      ------------------------------------------------------------------------------
2026-08-08 17:47:32     Matrix setup time        :	5 s
                        Solver setup             :	12 s
                        Degrees of freedom       :	2613468
                        Number of mesh cells     :	399193

                        Stimulation port         :	Zmin
                        Mode number              :	1
                        Accuracy                 :	6.62876e-05
                        Iterations               :	11
                        Solver time              :	14 s


                      ------------------------------------------------------------------------------
2026-08-08 17:47:33     Delta calculation        
2026-08-08 17:47:33     All S-Parameters         :	2.34799e-05
2026-08-08 17:47:33   

                      ------------------------------------------------------------------------------
2026-08-08 17:47:33   Mesh adaptation terminated because the desired accuracy limit is reached.

                      ------------------------------------------------------------------------------
2026-08-08 17:47:33     Total time               :	112 s	 (= 0 h, 01 m, 52 s)

                      ------------------------------------------------------------------------------
2026-08-08 17:47:33   

                      ------------------------------------------------------------------------------
2026-08-08 17:47:33     Calculation 38 (Frequency: 31.648 THz, Theta: 0, Phi: 0)


                      ------------------------------------------------------------------------------
2026-08-08 17:47:33   Running the PortModeSolver.

                      ------------------------------------------------------------------------------
2026-08-08 17:47:34   Adaptive mesh refinement pass 1

                      ------------------------------------------------------------------------------
2026-08-08 17:47:59     Matrix setup time        :	2 s
                        Solver setup             :	9 s
                        Degrees of freedom       :	2613468
                        Number of mesh cells     :	399193

                        Stimulation port         :	Zmin
                        Mode number              :	1
                        Accuracy                 :	9.34698e-05
                        Iterations               :	9
                        Solver time              :	11 s


                      ------------------------------------------------------------------------------
2026-08-08 17:48:08   Adaptive mesh refinement pass 2

                      ------------------------------------------------------------------------------
2026-08-08 17:48:39     Matrix setup time        :	5 s
                        Solver setup             :	13 s
                        Degrees of freedom       :	2646732
                        Number of mesh cells     :	404331

                        Stimulation port         :	Zmin
                        Mode number              :	1
                        Accuracy                 :	8.82872e-05
                        Iterations               :	9
                        Solver time              :	12 s


                      ------------------------------------------------------------------------------
2026-08-08 17:48:40     Delta calculation        
2026-08-08 17:48:40     All S-Parameters         :	5.5143e-05
2026-08-08 17:48:40   

                      ------------------------------------------------------------------------------
2026-08-08 17:48:49   Adaptive mesh refinement pass 3

                      ------------------------------------------------------------------------------
2026-08-08 17:49:22     Matrix setup time        :	5 s
                        Solver setup             :	14 s
                        Degrees of freedom       :	2680260
                        Number of mesh cells     :	409481

                        Stimulation port         :	Zmin
                        Mode number              :	1
                        Accuracy                 :	8.28191e-05
                        Iterations               :	9
                        Solver time              :	12 s


                      ------------------------------------------------------------------------------
2026-08-08 17:49:23     Delta calculation        
2026-08-08 17:49:23     All S-Parameters         :	9.28972e-05
2026-08-08 17:49:23   

                      ------------------------------------------------------------------------------
2026-08-08 17:49:23   Mesh adaptation terminated because the desired accuracy limit is reached.

                      ------------------------------------------------------------------------------
2026-08-08 17:49:23     Total time               :	109 s	 (= 0 h, 01 m, 49 s)

                      ------------------------------------------------------------------------------
2026-08-08 17:49:23   

                      ------------------------------------------------------------------------------
2026-08-08 17:49:23     Calculation 39 (Frequency: 22.336 THz, Theta: 0, Phi: 0)


                      ------------------------------------------------------------------------------
2026-08-08 17:49:23   Running the PortModeSolver.

                      ------------------------------------------------------------------------------
2026-08-08 17:49:24   Adaptive mesh refinement pass 1

                      ------------------------------------------------------------------------------
2026-08-08 17:49:51     Matrix setup time        :	2 s
                        Solver setup             :	11 s
                        Degrees of freedom       :	2680260
                        Number of mesh cells     :	409481

                        Stimulation port         :	Zmin
                        Mode number              :	1
                        Accuracy                 :	8.32792e-05
                        Iterations               :	9
                        Solver time              :	12 s


                      ------------------------------------------------------------------------------
2026-08-08 17:50:01   Adaptive mesh refinement pass 2

                      ------------------------------------------------------------------------------
2026-08-08 17:50:35     Matrix setup time        :	5 s
                        Solver setup             :	15 s
                        Degrees of freedom       :	2714060
                        Number of mesh cells     :	414651

                        Stimulation port         :	Zmin
                        Mode number              :	1
                        Accuracy                 :	8.06503e-05
                        Iterations               :	9
                        Solver time              :	12 s


                      ------------------------------------------------------------------------------
2026-08-08 17:50:36     Delta calculation        
2026-08-08 17:50:36     All S-Parameters         :	0.000497675
2026-08-08 17:50:36   

                      ------------------------------------------------------------------------------
2026-08-08 17:50:45   Adaptive mesh refinement pass 3

                      ------------------------------------------------------------------------------
2026-08-08 17:51:18     Matrix setup time        :	6 s
                        Solver setup             :	14 s
                        Degrees of freedom       :	2748142
                        Number of mesh cells     :	419865

                        Stimulation port         :	Zmin
                        Mode number              :	1
                        Accuracy                 :	7.93297e-05
                        Iterations               :	9
                        Solver time              :	12 s


                      ------------------------------------------------------------------------------
2026-08-08 17:51:19     Delta calculation        
2026-08-08 17:51:19     All S-Parameters         :	0.000347663
2026-08-08 17:51:19   

                      ------------------------------------------------------------------------------
2026-08-08 17:51:19   Mesh adaptation terminated because the desired accuracy limit is reached.

                      ------------------------------------------------------------------------------
2026-08-08 17:51:19     Total time               :	116 s	 (= 0 h, 01 m, 56 s)

                      ------------------------------------------------------------------------------
2026-08-08 17:51:19   

                      ------------------------------------------------------------------------------
2026-08-08 17:51:19     Calculation 40 (Frequency: 24.136 THz, Theta: 0, Phi: 0)


                      ------------------------------------------------------------------------------
2026-08-08 17:51:19   Running the PortModeSolver.

                      ------------------------------------------------------------------------------
2026-08-08 17:51:21   Adaptive mesh refinement pass 1

                      ------------------------------------------------------------------------------
2026-08-08 17:51:52     Matrix setup time        :	2 s
                        Solver setup             :	11 s
                        Degrees of freedom       :	2748142
                        Number of mesh cells     :	419865

                        Stimulation port         :	Zmin
                        Mode number              :	1
                        Accuracy                 :	4.53146e-05
                        Iterations               :	12
                        Solver time              :	17 s


                      ------------------------------------------------------------------------------
2026-08-08 17:51:53   The input reflection seems to be large at 24.136 THz, Theta: 0, Phi: 0.  More...

                      ------------------------------------------------------------------------------
2026-08-08 17:52:02   Adaptive mesh refinement pass 2

                      ------------------------------------------------------------------------------
2026-08-08 17:52:38     Matrix setup time        :	6 s
                        Solver setup             :	14 s
                        Degrees of freedom       :	2782322
                        Number of mesh cells     :	425095

                        Stimulation port         :	Zmin
                        Mode number              :	1
                        Accuracy                 :	8.35648e-05
                        Iterations               :	10
                        Solver time              :	14 s


                      ------------------------------------------------------------------------------
2026-08-08 17:52:39     Delta calculation        
2026-08-08 17:52:39     All S-Parameters         :	0.000507248
2026-08-08 17:52:39   

                      ------------------------------------------------------------------------------
2026-08-08 17:52:48   Adaptive mesh refinement pass 3

                      ------------------------------------------------------------------------------
2026-08-08 17:53:27     Matrix setup time        :	6 s
                        Solver setup             :	17 s
                        Degrees of freedom       :	2816654
                        Number of mesh cells     :	430339

                        Stimulation port         :	Zmin
                        Mode number              :	1
                        Accuracy                 :	8.10665e-05
                        Iterations               :	10
                        Solver time              :	15 s


                      ------------------------------------------------------------------------------
2026-08-08 17:53:28     Delta calculation        
2026-08-08 17:53:28     All S-Parameters         :	8.98715e-05
2026-08-08 17:53:28   

                      ------------------------------------------------------------------------------
2026-08-08 17:53:28   Mesh adaptation terminated because the desired accuracy limit is reached.

                      ------------------------------------------------------------------------------
2026-08-08 17:53:28     Total time               :	128 s	 (= 0 h, 02 m, 08 s)

                      ------------------------------------------------------------------------------
2026-08-08 17:53:28   

                      ------------------------------------------------------------------------------
2026-08-08 17:53:28     Calculation 41 (Frequency: 21.976 THz, Theta: 0, Phi: 0)


                      ------------------------------------------------------------------------------
2026-08-08 17:53:28   Running the PortModeSolver.

                      ------------------------------------------------------------------------------
2026-08-08 17:53:30   Adaptive mesh refinement pass 1

                      ------------------------------------------------------------------------------
2026-08-08 17:54:03     Matrix setup time        :	2 s
                        Solver setup             :	14 s
                        Degrees of freedom       :	2816654
                        Number of mesh cells     :	430339

                        Stimulation port         :	Zmin
                        Mode number              :	1
                        Accuracy                 :	7.75095e-05
                        Iterations               :	10
                        Solver time              :	15 s


                      ------------------------------------------------------------------------------
2026-08-08 17:54:13   Adaptive mesh refinement pass 2

                      ------------------------------------------------------------------------------
2026-08-08 17:54:48     Matrix setup time        :	6 s
                        Solver setup             :	15 s
                        Degrees of freedom       :	2851098
                        Number of mesh cells     :	435607

                        Stimulation port         :	Zmin
                        Mode number              :	1
                        Accuracy                 :	7.00799e-05
                        Iterations               :	9
                        Solver time              :	13 s


                      ------------------------------------------------------------------------------
2026-08-08 17:54:49     Delta calculation        
2026-08-08 17:54:49     All S-Parameters         :	0.000566216
2026-08-08 17:54:49   

                      ------------------------------------------------------------------------------
2026-08-08 17:54:59   Adaptive mesh refinement pass 3

                      ------------------------------------------------------------------------------
2026-08-08 17:55:37     Matrix setup time        :	6 s
                        Solver setup             :	17 s
                        Degrees of freedom       :	2885232
                        Number of mesh cells     :	440825

                        Stimulation port         :	Zmin
                        Mode number              :	1
                        Accuracy                 :	6.70687e-05
                        Iterations               :	9
                        Solver time              :	14 s


                      ------------------------------------------------------------------------------
2026-08-08 17:55:38     Delta calculation        
2026-08-08 17:55:38     All S-Parameters         :	0.00029282
2026-08-08 17:55:38   

                      ------------------------------------------------------------------------------
2026-08-08 17:55:38   Mesh adaptation terminated because the desired accuracy limit is reached.

                      ------------------------------------------------------------------------------
2026-08-08 17:55:38     Total time               :	129 s	 (= 0 h, 02 m, 09 s)

                      ------------------------------------------------------------------------------
2026-08-08 17:55:38   

                      ------------------------------------------------------------------------------
2026-08-08 17:55:38     Calculation 42 (Frequency: 22.168 THz, Theta: 0, Phi: 0)


                      ------------------------------------------------------------------------------
2026-08-08 17:55:38   Running the PortModeSolver.

                      ------------------------------------------------------------------------------
2026-08-08 17:55:39   Adaptive mesh refinement pass 1

                      ------------------------------------------------------------------------------
2026-08-08 17:56:06     Matrix setup time        :	2 s
                        Solver setup             :	13 s
                        Degrees of freedom       :	2885232
                        Number of mesh cells     :	440825

                        Stimulation port         :	Zmin
                        Mode number              :	1
                        Accuracy                 :	8.37694e-05
                        Iterations               :	6
                        Solver time              :	9 s


                      ------------------------------------------------------------------------------
2026-08-08 17:56:17   Adaptive mesh refinement pass 2

                      ------------------------------------------------------------------------------
2026-08-08 17:56:52     Matrix setup time        :	6 s
                        Solver setup             :	15 s
                        Degrees of freedom       :	2919540
                        Number of mesh cells     :	446052

                        Stimulation port         :	Zmin
                        Mode number              :	1
                        Accuracy                 :	6.86822e-05
                        Iterations               :	9
                        Solver time              :	14 s


                      ------------------------------------------------------------------------------
2026-08-08 17:56:53     Delta calculation        
2026-08-08 17:56:53     All S-Parameters         :	0.000136657
2026-08-08 17:56:53   

                      ------------------------------------------------------------------------------
2026-08-08 17:57:03   Adaptive mesh refinement pass 3

                      ------------------------------------------------------------------------------
2026-08-08 17:57:39     Matrix setup time        :	6 s
                        Solver setup             :	15 s
                        Degrees of freedom       :	2953776
                        Number of mesh cells     :	451282

                        Stimulation port         :	Zmin
                        Mode number              :	1
                        Accuracy                 :	6.68935e-05
                        Iterations               :	9
                        Solver time              :	13 s


                      ------------------------------------------------------------------------------
2026-08-08 17:57:40     Delta calculation        
2026-08-08 17:57:40     All S-Parameters         :	0.000101065
2026-08-08 17:57:40   

                      ------------------------------------------------------------------------------
2026-08-08 17:57:40   Mesh adaptation terminated because the desired accuracy limit is reached.

                      ------------------------------------------------------------------------------
2026-08-08 17:57:40     Total time               :	121 s	 (= 0 h, 02 m, 01 s)

                      ------------------------------------------------------------------------------
2026-08-08 17:57:40   

                      ------------------------------------------------------------------------------
2026-08-08 17:57:40     Calculation 43 (Frequency: 33.616 THz, Theta: 0, Phi: 0)


                      ------------------------------------------------------------------------------
2026-08-08 17:57:40   Running the PortModeSolver.

                      ------------------------------------------------------------------------------
2026-08-08 17:57:41   Adaptive mesh refinement pass 1

                      ------------------------------------------------------------------------------
2026-08-08 17:58:12     Matrix setup time        :	3 s
                        Solver setup             :	12 s
                        Degrees of freedom       :	2953776
                        Number of mesh cells     :	451282

                        Stimulation port         :	Zmin
                        Mode number              :	1
                        Accuracy                 :	9.72679e-05
                        Iterations               :	10
                        Solver time              :	15 s


                      ------------------------------------------------------------------------------
2026-08-08 17:58:22   Adaptive mesh refinement pass 2

                      ------------------------------------------------------------------------------
2026-08-08 17:59:00     Matrix setup time        :	6 s
                        Solver setup             :	16 s
                        Degrees of freedom       :	2986336
                        Number of mesh cells     :	456351

                        Stimulation port         :	Zmin
                        Mode number              :	1
                        Accuracy                 :	6.98777e-05
                        Iterations               :	9
                        Solver time              :	14 s


                      ------------------------------------------------------------------------------
2026-08-08 17:59:01     Delta calculation        
2026-08-08 17:59:01     All S-Parameters         :	4.82698e-05
2026-08-08 17:59:01   

                      ------------------------------------------------------------------------------
2026-08-08 17:59:11   Adaptive mesh refinement pass 3

                      ------------------------------------------------------------------------------
2026-08-08 17:59:49     Matrix setup time        :	6 s
                        Solver setup             :	17 s
                        Degrees of freedom       :	3019258
                        Number of mesh cells     :	461462

                        Stimulation port         :	Zmin
                        Mode number              :	1
                        Accuracy                 :	6.81951e-05
                        Iterations               :	9
                        Solver time              :	14 s


                      ------------------------------------------------------------------------------
2026-08-08 17:59:50     Delta calculation        
2026-08-08 17:59:50     All S-Parameters         :	1.70825e-05
2026-08-08 17:59:50   

                      ------------------------------------------------------------------------------
2026-08-08 17:59:50   Mesh adaptation terminated because the desired accuracy limit is reached.

                      ------------------------------------------------------------------------------
2026-08-08 17:59:50     Total time               :	130 s	 (= 0 h, 02 m, 10 s)

                      ------------------------------------------------------------------------------
2026-08-08 17:59:50   

                      ------------------------------------------------------------------------------
2026-08-08 17:59:51   Some adaptive mesh refinement samples will be recalculated because the mesh has changed significantly.

                      ------------------------------------------------------------------------------
2026-08-08 17:59:51     Calculation 1 (Frequency: 34 THz, Theta: 0, Phi: 0)


                      ------------------------------------------------------------------------------
2026-08-08 17:59:51   Running the PortModeSolver.

                      ------------------------------------------------------------------------------
2026-08-08 18:00:19     Matrix setup time        :	3 s
                        Solver setup             :	13 s
                        Degrees of freedom       :	3019258
                        Number of mesh cells     :	461462

                        Stimulation port         :	Zmin
                        Mode number              :	1
                        Accuracy                 :	9.53693e-05
                        Iterations               :	6
                        Solver time              :	9 s


                      ------------------------------------------------------------------------------
2026-08-08 18:00:20     Total time               :	28 s

                      ------------------------------------------------------------------------------
2026-08-08 18:00:20   

                      ------------------------------------------------------------------------------
2026-08-08 18:00:20     Calculation 2 (Frequency: 10 THz, Theta: 0, Phi: 0)


                      ------------------------------------------------------------------------------
2026-08-08 18:00:20   Running the PortModeSolver.

                      ------------------------------------------------------------------------------
2026-08-08 18:00:49     Matrix setup time        :	3 s
                        Solver setup             :	14 s
                        Degrees of freedom       :	3019258
                        Number of mesh cells     :	461462

                        Stimulation port         :	Zmin
                        Mode number              :	1
                        Accuracy                 :	5.08948e-05
                        Iterations               :	7
                        Solver time              :	11 s


                      ------------------------------------------------------------------------------
2026-08-08 18:00:50     Total time               :	30 s

                      ------------------------------------------------------------------------------
2026-08-08 18:00:50   

                      ------------------------------------------------------------------------------
2026-08-08 18:00:50   Finished the general purpose interpolative broadband frequency sweep:
                      All broadband sweep convergence criteria have been satisfied after
                      calculating 43 frequency samples:

                        Broadband sweep error threshold value :  0.01 (All S-Parameters) 
                        Number of error criterion checks      :  2 (All S-Parameters) 
                        Minimum number of samples             :  3
                        Number of data samples, linear        :  1001

                      ------------------------------------------------------------------------------
2026-08-08 18:00:50     Number of mesh cells     :	461462
                        Degrees of freedom       :	2987330
                        Total Solver Time        :	2906 s	 (= 0 h, 48 m, 26 s)
                        Free disk space          :	306 GB
                        Disk space delta         :	4 GB
                      ================================================================================



                      ------------------------------------------------------------------------------
2026-08-08 18:00:51     ----------------------------------------------------------------------------
                                            Peak memory used (GB)         Free physical memory (GB) 
                                                                          At begin     Minimum      
                        ----------------------------------------------------------------------------
                        Solver start        0.029                         38.299       38.299       
                        Eq. system setup    7.649                         38.242       28.940       
                        Eq. system solve    14.439                        38.170       22.396       
                        Mesh refinement     7.780                         38.113       28.914       
                        Field monitor calc. 7.349                         29.465       29.377       
                        Solver run total    14.439                        38.299       22.396       

                        Computer name       Hikari
                        ----------------------------------------------------------------------------


                      ------------------------------------------------------------------------------
2026-08-08 18:00:51   Running post-processing.

                      ------------------------------------------------------------------------------
2026-08-08 18:00:52   Post-processing finished.

                      ------------------------------------------------------------------------------
