f_THz,lam_um,Re_S11,Im_S11,Re_S21,Im_S21,absS11,absS21,R,T,A
0,inf,2.988285149e-05,4.948288849e-06,0.9999546182,0.0004129461075,3.028977345e-05,0.9999547034,9.174703757e-10,0.9999094089,9.059013473e-05
0.01,29979.2458,8.826980863e-06,0.0001740958907,0.9999911012,0.0002035044374,0.0001743195191,0.9999911219,3.038729475e-08,0.9999822439,1.772575523e-05
0.035,8565.4988,-3.756872659e-05,0.0006012391692,0.9999999812,-0.0001938381429,0.0006024117759,1,3.628999478e-07,1,-3.628999478e-07
0.07,4282.7494,-8.854929326e-05,0.001208867572,0.999999888,-0.0004732464794,0.001212106342,1,1.469201784e-06,1,-1.469201784e-06
0.105,2855.166267,-0.0001248539283,0.001826765168,0.9999998898,-0.0004695117553,0.001831026893,1,3.352659484e-06,1,-3.352659483e-06
0.14,2141.3747,-0.0001482949584,0.002453909692,0.9999999749,-0.0002242316861,0.002458386498,1,6.043664172e-06,1,-6.043664172e-06
0.175,1713.09976,-0.0001606778086,0.003089318408,0.9999999749,0.0002238360303,0.003093494074,1,9.569705587e-06,1,-9.569705586e-06
0.21,1427.583133,-0.0001637772685,0.003732042884,0.9999996481,0.0008389112885,0.003735634762,1,1.395496708e-05,1,-1.395496708e-05
0.245,1223.642686,-0.0001593146433,0.004381165347,0.9999987387,0.001588281127,0.004384061011,1,1.921999095e-05,1,-1.921999095e-05
0.28,1070.68735,-0.0001489362944,0.005035796827,0.9999970175,0.002442342863,0.005037998779,1,2.53814317e-05,1,-2.53814317e-05
0.315,951.7220889,-0.0001341940805,0.005695077138,0.999994306,0.003374603327,0.005696657937,1,3.245191165e-05,1,-3.245191165e-05
0.35,856.54988,-0.0001165281895,0.006358176662,0.999990488,0.004361637516,0.006359244396,1,4.043998929e-05,1,-4.043998929e-05
0.385,778.6817091,-9.725279784e-05,0.007024299761,0.9999855115,0.005383010569,0.00702497297,1,4.935024523e-05,1,-4.935024523e-05
0.42,713.7915667,-7.754491047e-05,0.007692689518,0.9999793841,0.00642116747,0.007693080348,1,5.918348524e-05,1,-5.918348524e-05
0.455,658.8845231,-5.84366271e-05,0.008362633467,0.9999721642,0.007461295135,0.008362837637,1,6.993705335e-05,1,-6.993705335e-05
0.49,611.8213429,-4.081095281e-05,0.009033469838,0.999933865,0.008490906216,0.009033562025,0.9999699145,8.160524285e-05,0.9999398299,-2.143512136e-05
0.525,571.0332533,-2.540113482e-05,0.009704593887,0.9998710468,0.009500141259,0.00970462713,0.999916178,9.417978773e-05,0.999832363,7.345721594e-05
0.56,535.343675,-1.279337096e-05,0.01037546383,0.9998092874,0.01048158059,0.01037547172,0.9998642281,0.0001076504133,0.9997284747,0.0001638748669
0.595,503.8528706,-3.43261065e-06,0.01104560596,0.9997496543,0.0114296354,0.0110456065,0.9998149868,0.0001220054229,0.9996300079,0.0002479866869
0.63,475.8610444,2.368937351e-06,0.01171461863,0.9996930233,0.01234052149,0.01171461887,0.999769188,0.0001372322952,0.9995384294,0.000324338342
0.665,450.8157263,4.421056203e-06,0.0123821747,0.9996400801,0.01321205059,0.01238217549,0.9997273868,0.00015331827,0.9994548479,0.0003918338017
0.7,428.27494,2.643047588e-06,0.01304802252,0.9995913257,0.0140434242,0.01304802279,0.9996899701,0.0001702508987,0.9993800362,0.0004497128803
0.735,407.8808952,-2.949930323e-06,0.01371198505,0.9995470862,0.0148350327,0.01371198536,0.9996571691,0.0001880185426,0.9993144558,0.0004975256606
0.77,389.3408545,-1.226118669e-05,0.01437395744,0.9995075241,0.01558826237,0.01437396267,0.9996290735,0.0002066108028,0.9992582846,0.0005351045855
0.805,372.4129913,-2.512699122e-05,0.01503390305,0.9994726524,0.01630531221,0.01503392404,0.9996056453,0.0002260188721,0.9992114462,0.000562534933
0.84,356.8957833,-4.133079854e-05,0.01569184801,0.999442351,0.01698902229,0.01569190244,0.9995867345,0.0002462358023,0.9991736399,0.0005801243402
0.875,342.619952,-6.061683283e-05,0.0163478748,0.9994163827,0.01764271469,0.01634798718,0.9995720941,0.0002672566849,0.9991443714,0.0005883719505
0.91,329.4422615,-8.270273687e-05,0.01700211482,0.9993944111,0.01827004812,0.01700231596,0.9995613956,0.0002890787481,0.9991229835,0.0005879377073
0.945,317.2406963,-0.0001072910658,0.0176547405,0.9993760178,0.01887488662,0.01765506651,0.9995542438,0.0003117013734,0.9991086864,0.0005796122409
0.98,305.9106714,-0.0001340794791,0.01830595703,0.99936072,0.01946118266,0.01830644805,0.9995501919,0.0003351260402,0.9991005862,0.0005642877341
1.015,295.3620276,-0.0001627695509,0.01895599414,0.9993479863,0.02003287469,0.01895669295,0.999548755,0.0003593562077,0.9990977137,0.0005429301009
1.05,285.5166267,-0.000193074175,0.01960509795,0.9993372532,0.02059379904,0.01960604864,0.9995494235,0.0003843971433,0.9990990501,0.0005165527458
1.085,276.3064129,-0.0002247235906,0.02025352338,0.9993279394,0.02114761565,0.02025477005,0.9995516756,0.0004102557098,0.9991035522,0.0004861921363
1.12,267.6718375,-0.0002574700874,0.02090152695,0.9993194596,0.02169774718,0.02090311268,0.9995549882,0.0004369401198,0.9991101745,0.0004528853671
1.155,259.5605697,-0.0002910914802,0.02154936045,0.9993112362,0.02224733097,0.02155132641,0.9995588479,0.00046445967,0.9991178905,0.0004176498589
1.19,251.9264353,-0.0003253934571,0.0221972652,0.9993027106,0.0227991829,0.02219965007,0.9995627595,0.0004928244632,0.9991257102,0.0003814652948
1.225,244.7285371,-0.0003602109187,0.02284546729,0.9992933528,0.02335577236,0.02284830689,0.9995662544,0.0005220451277,0.999132697,0.0003452578615
1.26,237.9305222,-0.0003954084296,0.0234941736,0.9992826688,0.02391920756,0.02349750074,0.9995688974,0.0005521325408,0.9991379806,0.0003098868328
1.295,231.4999676,-0.0004308799018,0.02414356866,0.999270208,0.02449123,0.02414741322,0.9995702921,0.000583097565,0.9991407689,0.0002761334997
1.33,225.4078632,-0.00046654763,0.02479381241,0.9992555682,0.0250732172,0.02479820155,0.999570086,0.0006149508003,0.9991403568,0.0002446924222
1.365,219.6281744,-0.000502360789,0.02544503866,0.9992383996,0.02566619274,0.02544999723,0.999567973,0.0006477023588,0.9991361327,0.000216164951
1.4,214.13747,-0.0005382934999,0.02609735438,0.9992184077,0.02627084241,0.0261029053,0.9995636965,0.0006813616653,0.9991275834,0.0001910549419
1.435,208.9146049,-0.0005743425627,0.02675083955,0.9991953546,0.02688753567,0.02675700443,0.99955705,0.0007159372862,0.9991142962,0.0001697665604
1.47,203.9404476,-0.0006105249442,0.02740554777,0.9991690596,0.02751635122,0.02741234739,0.9995478774,0.0007514367893,0.9990959592,0.0001526040519
1.505,199.1976465,-0.0006468751052,0.02806150723,0.9991393984,0.02815710592,0.02806896213,0.9995360724,0.0007878666352,0.99907236,0.0001397733332
1.54,194.6704273,-0.0006834422395,0.02871872226,0.9991063016,0.02880938593,0.02872685332,0.9995215769,0.0008252321017,0.9990433827,0.0001313852456
1.575,190.3444178,-0.0007202874932,0.02937717526,0.9990697521,0.02947257944,0.02938600416,0.9995043784,0.0008635372405,0.9990090025,0.0001274602872
1.61,186.2064957,-0.0007574812225,0.03003682885,0.9990297816,0.03014591,0.03004637857,0.9994845074,0.0009027848654,0.9989692805,0.000127934645
1.645,182.2446553,-0.0007951003449,0.03069762836,0.9989864672,0.03082846982,0.0307079236,0.9994620333,0.0009429765717,0.9989243561,0.0001326673227
1.68,178.4478917,-0.0008332258277,0.03135950442,0.998939926,0.03151925239,0.03137057193,0.9994370611,0.000984112783,0.9988744391,0.0001414481634
1.715,174.806098,-0.0008719403539,0.03202237569,0.9988903111,0.03221718374,0.03203424457,0.9994097261,0.001026192825,0.9988198006,0.0001540065692
1.75,171.309976,-0.0009113261974,0.03268615162,0.9988378057,0.03292115198,0.03269885354,0.9993801901,0.001069215023,0.9987607643,0.0001700207067
1.785,167.9509569,-0.0009514633335,0.03335073514,0.9987826175,0.03363003466,0.03336430453,0.9993486359,0.001113176817,0.9986976962,0.0001891270109
1.82,164.7211308,-0.0009924278021,0.03401602542,0.9987249735,0.03434272349,0.03403049953,0.9993152632,0.001158074898,0.9986309953,0.0002109297891
1.855,161.6131849,-0.001034290337,0.0346819203,0.9986651142,0.03505814643,0.03469733927,0.999280283,0.001203905352,0.9985610839,0.0002350107531
1.89,158.6203481,-0.001077115268,0.03534831875,0.998603288,0.03577528672,0.03536472559,0.9992439131,0.001250663816,0.9984883979,0.0002609383114
1.925,155.7363418,-0.00112095969,0.03601512302,0.998539746,0.03649319887,0.03603256356,0.999206374,0.001298345637,0.9984133779,0.0002882764699
1.96,152.9553357,-0.001165872898,0.03668224058,0.9984747371,0.03721102165,0.03670076339,0.9991678842,0.001346946033,0.9983364608,0.0003165932118
1.995,150.2719088,-0.001211896077,0.0373495858,0.9984085032,0.03792798795,0.03736924205,0.9991286561,0.001396460251,0.9982580715,0.0003454682372
2.03,147.6810138,-0.001259062222,0.0380170814,0.9983412751,0.03864343169,0.0380379247,0.9990888931,0.001446883716,0.9981786163,0.0003744999677
2.065,145.1779458,-0.001307396278,0.03868465953,0.9982732687,0.039356792,0.03870674577,0.9990487856,0.001498212168,0.9980984761,0.0004033117412
2.1,142.7583133,-0.001356915465,0.03935226267,0.9982046821,0.04006761468,0.03937564979,0.999008509,0.001550441797,0.9980180011,0.0004315571363
2.135,140.4180131,-0.001407629771,0.0400198441,0.9981356925,0.04077555127,0.04004459193,0.9989682208,0.001603569343,0.9979375063,0.0004589243907
2.17,138.1532065,-0.00145954258,0.04068736822,0.9980664547,0.04148035599,0.04071353826,0.9989280594,0.001657592197,0.9978572679,0.0004851398916
2.205,135.9602984,-0.001512651401,0.04135481055,0.9979970991,0.04218188077,0.04138246573,0.9988881423,0.00171250847,0.9977775208,0.0005099707374
2.24,133.8359187,-0.001566948679,0.04202215743,0.997927731,0.04288006864,0.04205136197,0.9988485654,0.001768317043,0.9976984566,0.0005332263843
2.275,131.7769046,-0.001622422648,0.04268940559,0.9978584304,0.04357494585,0.04272022478,0.9988094027,0.001825017605,0.997620223,0.0005547594072
2.31,129.7802848,-0.001679058209,0.04335656143,0.9977892518,0.04426661284,0.04338906147,0.9987707064,0.001882610655,0.9975429239,0.000574465416
2.345,127.8432657,-0.001736837801,0.04402364017,0.9977202249,0.04495523465,0.04405788805,0.9987325069,0.001941097499,0.9974666203,0.0005922821847
2.38,125.9632176,-0.001795742239,0.04469066487,0.997651356,0.0456410306,0.04472672821,0.9986948141,0.002000480216,0.9973913317,0.0006081880552
2.415,124.1376638,-0.001855751511,0.04535766529,0.9975826288,0.04632426401,0.04539561228,0.9986576184,0.002060761615,0.9973170387,0.0006221996906
2.45,122.3642686,-0.001916845503,0.04602467676,0.9975140068,0.04700523171,0.04606457606,0.9986208918,0.002121945168,0.9972436856,0.0006343692577
2.485,120.6408282,-0.001979004648,0.04669173888,0.997445435,0.04768425398,0.04673365959,0.9985845903,0.002184034939,0.9971711839,0.0006447811238
2.52,118.9652611,-0.002042210487,0.04735889432,0.9973768424,0.04836166477,0.04740290597,0.998548655,0.002247035495,0.9970994163,0.000653548156
2.555,117.3356,-0.002106446129,0.0480261876,0.9973081441,0.04903780267,0.04807236016,0.9985130147,0.002310951811,0.9970282405,0.0006608077134
2.59,115.7499838,-0.002171696618,0.04869366393,0.9972392445,0.04971300252,0.0487420678,0.9984775878,0.002375789173,0.9969574934,0.0006667174225
2.625,114.2066507,-0.002237949193,0.04936136803,0.9971700392,0.05038758794,0.04941207414,0.9984422848,0.002441553071,0.9968869961,0.0006714508251
2.66,112.7039316,-0.002305193458,0.05002934321,0.9971004182,0.05106186483,0.05008242305,0.9984070101,0.002508249099,0.9968165579,0.0006751929846
2.695,111.2402442,-0.00237342145,0.05069763039,0.997030268,0.05173611582,0.05075315612,0.9983716648,0.002575882856,0.996745981,0.0006781361342
2.73,109.8140872,-0.002442627626,0.05136626736,0.9969594747,0.05241059589,0.05142431188,0.9983361482,0.002644459852,0.9966750647,0.0006804754437
2.765,108.4240354,-0.002512808777,0.05203528812,0.9968879256,0.05308552891,0.05209592516,0.9983003604,0.002713985418,0.9966036096,0.0006824049764
2.8,107.068735,-0.002583963866,0.0527047224,0.996815512,0.05376110535,0.05276802661,0.9982642042,0.002784464632,0.9965314215,0.0006841139016
2.835,105.7468988,-0.002656093816,0.05337459526,0.9967421308,0.05443748093,0.05344064234,0.9982275866,0.002855902253,0.9964583147,0.0006857830176
2.87,104.4573024,-0.002729201257,0.05404492692,0.9966676864,0.05511477627,0.05411379367,0.9981904206,0.002928302665,0.9963841157,0.0006875816358
2.905,103.1987807,-0.002803290236,0.05471573268,0.996592092,0.05579307741,0.05478749711,0.9981526263,0.003001669839,0.9963086653,0.0006896648642
2.94,101.9702238,-0.002878365911,0.05538702299,0.9965152709,0.05647243716,0.05546176436,0.9981141324,0.003076007306,0.9962318214,0.0006921713213
2.975,100.7705741,-0.002954434243,0.05605880362,0.9964371577,0.05715287714,0.05613660254,0.9980748772,0.003151318145,0.9961534606,0.0006952213024
3.01,99.59882326,-0.003031501686,0.056731076,0.9963576983,0.05783439039,0.05681201446,0.9980348088,0.003227604987,0.9960734796,0.0006989154102
3.045,98.4540092,-0.003109574893,0.05740383761,0.9962768508,0.0585169446,0.057487999,0.9979938859,0.003304870029,0.9959917963,0.000703333653
3.08,97.33521364,-0.003188660455,0.05807708247,0.9961945856,0.05920048557,0.05816455161,0.997952078,0.003383115064,0.9959083499,0.0007085350049
3.115,96.24155955,-0.003268764663,0.05875080169,0.9961108848,0.05988494104,0.05884166484,0.9979093652,0.003462341521,0.9958231011,0.0007145574156
3.15,95.17220889,-0.003349893316,0.05942498409,0.9960257422,0.06057022467,0.05951932895,0.9978657381,0.003542550519,0.9957360312,0.0007214182461
3.185,94.12636044,-0.003432051565,0.06009961682,0.9959391623,0.06125624,0.06019753251,0.9978211974,0.00362374292,0.995647142,0.0007291151043
3.22,93.10324783,-0.003515243818,0.06077468603,0.9958511599,0.06194288446,0.06087626303,0.9977757531,0.003705919401,0.9955564536,0.000737627044
3.255,92.10213763,-0.00359947368,0.06145017748,0.9957617586,0.06263005319,0.06155550766,0.9977294239,0.003789080523,0.9954640034,0.0007469160878
3.29,91.12232766,-0.00368474395,0.06212607718,0.99567099,0.06331764256,0.0622352537,0.9976822361,0.003873226804,0.9953698442,0.0007569290303
3.325,90.16314526,-0.003771056663,0.06280237197,0.9955788923,0.06400555356,0.06291548929,0.9976342224,0.003958358793,0.9952740417,0.0007675994708
3.36,89.22394583,-0.003858413171,0.06347905003,0.995485509,0.06469369464,0.06359620386,0.9975854213,0.004044477145,0.9951766728,0.0007788500284
3.395,88.30411134,-0.003946814273,0.06415610137,0.9953908874,0.06538198427,0.0642773886,0.9975358754,0.004131582685,0.9950778226,0.0007905946838
3.43,87.40304898,-0.004036260366,0.06483351818,0.9952950772,0.06607035299,0.06495903692,0.9974856301,0.004219676478,0.9949775823,0.0008027411977
3.465,86.5201899,-0.004126751629,0.06551129518,0.9951981293,0.06675874501,0.06564114468,0.997434733,0.004308759875,0.9948760466,0.0008151935522
3.5,85.654988,-0.004218288221,0.06618942978,0.995100094,0.0674471193,0.06632371047,0.9973832318,0.00439883457,0.9947733111,0.0008278543649
3.535,84.80691881,-0.00431087049,0.06686792225,0.9950010204,0.06813545025,0.06700673571,0.9973311738,0.00448990263,0.9946694701,0.0008406272268
3.57,83.97547843,-0.004404499183,0.06754677571,0.9949009544,0.06882372778,0.06769022471,0.9972786043,0.004581966522,0.9945646146,0.0008534189181
3.605,83.16018252,-0.004499175644,0.06822599609,0.9947999383,0.06951195709,0.06837418463,0.997225566,0.004675029124,0.9944588294,0.0008661414618
3.64,82.36056538,-0.004594901999,0.06890559198,0.9946980095,0.0702001579,0.06905862532,0.9971720976,0.00476909373,0.9943521923,0.0008787139759
3.675,81.57617905,-0.004691681314,0.06958557438,0.9945951999,0.07088836341,0.0697435591,0.9971182335,0.004864164036,0.9942447717,0.0008910642933
3.71,80.80659245,-0.004789517722,0.07026595643,0.994491535,0.07157661883,0.07042900051,0.9970640027,0.004960244113,0.9941366256,0.0009031303223
3.745,80.05139065,-0.004888416509,0.07094675301,0.9943870339,0.07226497974,0.07111496592,0.9970094285,0.005057338378,0.9940278005,0.0009148611271
3.78,79.31017407,-0.004988384161,0.07162798035,0.9942817086,0.07295351011,0.07180147315,0.9969545279,0.005155451546,0.9939183307,0.0009262177123
3.815,78.5825578,-0.005089428355,0.07230965559,0.9941755642,0.07364228028,0.07248854098,0.9968993118,0.005254588573,0.9938082379,0.0009371735055
3.85,77.86817091,-0.005191557911,0.07299179629,0.9940685988,0.07433136478,0.07317618875,0.9968437846,0.005354754599,0.9936975309,0.0009477145317
3.885,77.16665586,-0.005294782682,0.07367441995,0.9939608037,0.07502084008,0.07386443582,0.9967879443,0.005455954879,0.9935862058,0.0009578392873
3.92,76.47766786,-0.005399113408,0.07435754357,0.9938521643,0.07571078245,0.07455330114,0.9967317829,0.005558194711,0.993474247,0.0009675583203
3.955,75.80087434,-0.00550456151,0.07504118315,0.9937426597,0.07640126579,0.07524280275,0.9966752867,0.005661479366,0.9933616271,0.0009768935337
3.99,75.13595439,-0.00561113885,0.07572535336,0.9936322644,0.0770923597,0.0759329574,0.9966184369,0.00576581402,0.9932483087,0.0009858772325
4.025,74.48259826,-0.005718857453,0.07641006709,0.9935209484,0.07778412767,0.07662378014,0.9965612101,0.005871203683,0.9931342454,0.0009945509404
4.06,73.8405069,-0.005827729204,0.07709533522,0.9934086783,0.07847662545,0.077315284,0.9965035789,0.00597765314,0.9930193828,0.001002964015
4.095,73.20939145,-0.00593776552,0.07778116637,0.9932954183,0.07916989979,0.07800747978,0.9964455133,0.006085166901,0.992903661,0.001011172097
4.13,72.58897288,-0.006048977023,0.07846756675,0.993181131,0.07986398733,0.07870037582,0.9963869808,0.006193749154,0.9927870154,0.001019235428
4.165,71.97898151,-0.006161373206,0.07915454011,0.9930657786,0.08055891392,0.07939397798,0.9963279476,0.00630340374,0.9926693792,0.001027217082
4.2,71.37915667,-0.006274962126,0.07984208777,0.9929493237,0.08125469414,0.08008828959,0.9962683799,0.006414134129,0.9925506847,0.001035181143
4.235,70.78924628,-0.006389750119,0.08053020875,0.9928317305,0.08195133125,0.08078331157,0.9962082441,0.006525943428,0.9924308657,0.001043190878
4.27,70.20900656,-0.006505741556,0.08121889995,0.9927129654,0.08264881736,0.08147904259,0.9961475085,0.006638834382,0.9923098587,0.001051306947
4.305,69.63820163,-0.006622938657,0.08190815648,0.9925929982,0.08334713398,0.0821754794,0.9960861433,0.006752809414,0.9921876049,0.001059585694
4.34,69.07660323,-0.006741341366,0.082597972,0.9924718027,0.08404625285,0.08287261708,0.9960241221,0.006867870661,0.9920640518,0.001068077546
4.375,68.5239904,-0.006860947302,0.08328833914,0.9923493572,0.08474613696,0.08357044953,0.9959614221,0.006984020034,0.9919391544,0.001076825584
4.41,67.98014921,-0.006981751798,0.08397925,0.9922256451,0.08544674195,0.08426896991,0.9958980251,0.007101259289,0.9918128764,0.0010858643
4.445,67.44487244,-0.007103748019,0.08467069664,0.9921006554,0.08614801751,0.08496817113,0.9958339175,0.007219590106,0.9916851913,0.001095218581
4.48,66.91795937,-0.007226927176,0.08536267158,0.9919743828,0.08684990915,0.08566804641,0.9957690911,0.007339014175,0.9915560829,0.001104902954
4.515,66.3992155,-0.007351278837,0.08605516831,0.9918468278,0.08755235992,0.08636858974,0.995703543,0.007459533293,0.9914255456,0.001114921101
4.55,65.88845231,-0.007476791311,0.08674818179,0.9917179966,0.08825531227,0.08706979644,0.9956372758,0.007581149453,0.9912935849,0.001125265683
4.585,65.38548702,-0.00760345212,0.08744170886,0.9915879006,0.08895870994,0.08777166361,0.9955702972,0.007703864933,0.9911602166,0.001135918464
4.62,64.89014242,-0.007731248529,0.08813574857,0.9914565563,0.08966249973,0.08847419047,0.9955026202,0.007827682379,0.9910254669,0.001146850761
4.655,64.40224662,-0.007860168135,0.08883030245,0.9913239846,0.09036663333,0.08917737873,0.9954342625,0.007952604877,0.9908893709,0.001158024206
4.69,63.92163284,-0.007990199467,0.0895253747,0.9911902101,0.09107106888,0.08988123277,0.9953652456,0.008078636004,0.9907519722,0.001169391813
4.725,63.44813926,-0.008121332608,0.09022097219,0.99105526,0.09177577246,0.09058575973,0.9952955947,0.008205779866,0.9906133208,0.001180899346
4.76,62.98160882,-0.008253559787,0.09091710437,0.9909191634,0.09248071933,0.09129096952,0.9952253373,0.008334041115,0.9904734719,0.001192486952
4.795,62.52188905,-0.008386875925,0.09161378307,0.9907819503,0.09318589491,0.0919968746,0.9951545026,0.008463424937,0.990332484,0.001204091034
4.83,62.06883188,-0.008521279102,0.0923110222,0.99064365,0.0938912955,0.09270348978,0.9950831205,0.008593937018,0.9901904167,0.00121564633
4.865,61.62229353,-0.00865677093,0.09300883726,0.9905042905,0.09459692867,0.09341083177,0.9950112202,0.008725583491,0.9900473284,0.001227088142
4.9,61.18213429,-0.008793356796,0.09370724483,0.9903638969,0.09530281336,0.0941189187,0.9949388295,0.008858370857,0.9899032745,0.001238354666
4.935,60.74821844,-0.008931045966,0.09440626199,0.9902224904,0.09600897963,0.09482776959,0.9948659733,0.008992305886,0.9897583047,0.001249389372
4.97,60.32041408,-0.009069851529,0.09510590569,0.9900800874,0.096715468,0.09553740369,0.9947926724,0.009127395503,0.9896124611,0.001260143352
5.005,59.89859301,-0.009209790191,0.09580619207,0.9899366978,0.09742232859,0.09624783984,0.9947189431,0.009263646674,0.9894657758,0.001270577571
5.04,59.48263056,-0.009350881896,0.09650713591,0.9897923249,0.09812961981,0.09695909588,0.9946447953,0.009401066274,0.9893182688,0.001280664958
5.075,59.07240552,-0.009493149318,0.09720875007,0.9896469642,0.09883740679,0.09767118804,0.9945702322,0.009539660974,0.9891699468,0.001290392233
5.11,58.6678,-0.009636617214,0.09791104502,0.9895006029,0.09954575955,0.09838413046,0.9944952496,0.009679437127,0.9890208015,0.001299761421
5.145,58.26869932,-0.009781311683,0.09861402852,0.9893532197,0.1002547509,0.09909793479,0.9944198351,0.00982040068,0.9888708084,0.001308790952
5.18,57.87499189,-0.00992725936,0.09931770548,0.9892047845,0.1009644542,0.09981260992,0.994343968,0.0099625571,0.9887199266,0.001317516283
5.215,57.48656913,-0.01007448658,0.1000220779,0.9890552588,0.101674941,0.1005281619,0.9942676192,0.01010591134,0.9885680987,0.001325989983
5.25,57.10332533,-0.01022301854,0.1007271448,0.9889045965,0.1023862784,0.101244594,0.9941907518,0.01025046781,0.988415251,0.001334281196
5.285,56.72515762,-0.01037287858,0.1014329031,0.9887527441,0.1030985268,0.1019619068,0.9941133211,0.01039623044,0.9882612951,0.00134247447
5.32,56.35196579,-0.01052408742,0.1021393472,0.9885996422,0.1038117373,0.1026800986,0.9940352758,0.01054320266,0.9881061295,0.00135066789
5.355,55.98365229,-0.01067666268,0.1028464701,0.9884452275,0.1045259499,0.1033991661,0.9939565594,0.01069138755,0.9879496419,0.001358970521
5.39,55.62012208,-0.01083061843,0.1035542641,0.9882894336,0.105241191,0.1041191044,0.9938771116,0.0108407879,0.9877917129,0.001367499168
5.425,55.26128258,-0.01098596496,0.1042627207,0.9881321942,0.1059574722,0.1048399082,0.9937968702,0.01099140636,0.9876322191,0.00137637449
5.46,54.90704359,-0.01114270871,0.1049718323,0.9879734446,0.1066747891,0.1055615723,0.9937157732,0.01114324554,0.9874710379,0.001385716541
5.495,54.5573172,-0.01130085235,0.1056815921,0.9878131249,0.1073931205,0.1062840918,0.9936337615,0.01129630817,0.987308052,0.001395639837
5.53,54.21201772,-0.01146039507,0.1063919949,0.9876511821,0.1081124285,0.1070074635,0.9935507811,0.01145059724,0.9871431547,0.0014062481
5.565,53.87106164,-0.01162133296,0.1071030379,0.9874875733,0.1088326592,0.1077316857,0.9934667861,0.0116061161,0.9869762551,0.00141762885
5.6,53.5343675,-0.01178365955,0.1078147205,0.9873222678,0.1095537441,0.108456759,0.993381741,0.01176286858,0.9868072833,0.001429848068
5.635,53.2018559,-0.01194736642,0.1085270451,0.9871552499,0.1102756019,0.1091826868,0.9932956235,0.01192085909,0.9866361957,0.001442945189
5.67,52.87344938,-0.01211244383,0.1092400172,0.9869865203,0.1109981416,0.1099094748,0.9932084266,0.01208009265,0.9864629787,0.001456928689
5.705,52.54907239,-0.01227888144,0.1099536448,0.986816098,0.1117212659,0.1106371318,0.9931201601,0.01224057494,0.9862876525,0.001471772591
5.74,52.22865122,-0.01244666899,0.1106679391,0.9866440207,0.1124448752,0.1113656694,0.9930308523,0.01240231231,0.9861102735,0.001487414167
5.775,51.91211394,-0.01261579691,0.1113829134,0.986470345,0.113168872,0.1120951013,0.9929405496,0.01256531173,0.9859309351,0.001503753137
5.81,51.59939036,-0.01278625693,0.1120985833,0.9862951452,0.113893166,0.1128254437,0.9928493172,0.01272958074,0.9857497667,0.001520652603
5.845,51.29041198,-0.01295804256,0.112814966,0.9861185114,0.1146176783,0.1135567145,0.9927572365,0.01289512742,0.9855669307,0.001537941906
5.88,50.9851119,-0.01313114947,0.1135320798,0.9859405466,0.1153423464,0.1142889331,0.9926644037,0.01306196022,0.9853826183,0.001555421474
5.915,50.68342485,-0.01330557582,0.1142499434,0.9857613627,0.1160671281,0.1150221192,0.9925709256,0.0132300879,0.9851970424,0.00157286966
5.95,50.38528706,-0.01348132239,0.1149685755,0.9855810757,0.1167920048,0.1157562932,0.9924769162,0.01339951941,0.9850104292,0.001590051382
5.985,50.09063626,-0.01365839267,0.1156879942,0.9853998003,0.117516984,0.1164914748,0.9923824908,0.0135702637,0.984823008,0.001606728279
6.02,49.79941163,-0.01383679284,0.1164082164,0.9852176441,0.1182421001,0.1172276831,0.9922877609,0.01374232969,0.9846350004,0.001622669922
6.055,49.51155376,-0.01401653157,0.1171292573,0.9850347013,0.1189674141,0.1179649358,0.9921928282,0.01391572607,0.9844466084,0.001637665534
6.09,49.2270046,-0.01419761988,0.1178511298,0.9848510476,0.1196930125,0.1187032485,0.9920977791,0.01409046121,0.9842580032,0.001651535538
6.125,48.94570743,-0.01438007076,0.1185738447,0.9846667346,0.1204190037,0.1194426351,0.9920026788,0.01426654308,0.9840693147,0.001664142256
6.16,48.66760682,-0.01456389887,0.1192974097,0.9844817857,0.1211455139,0.1201831066,0.9919075672,0.01444397912,0.9838806218,0.001675399058
6.195,48.39264859,-0.01474912015,0.12002183,0.9842961932,0.1218726818,0.1209246717,0.9918124553,0.01462277622,0.9836919464,0.001685277338
6.23,48.12077978,-0.01493575137,0.1207471075,0.9841099169,0.1226006528,0.121667336,0.9917173229,0.01480294065,0.9835032485,0.001693810842
6.265,47.8519486,-0.01512380972,0.1214732415,0.9839228839,0.1233295724,0.1224111025,0.991622118,0.01498447801,0.983314425,0.001701096994
6.3,47.58610444,-0.0153133124,0.1222002281,0.9837349908,0.1240595802,0.1231559714,0.9915267579,0.01516739329,0.9831253116,0.001707295123
6.335,47.32319779,-0.01550427618,0.1229280613,0.9835461061,0.1247908037,0.1239019404,0.991431131,0.01535169084,0.9829356875,0.001712621658
6.37,47.06318022,-0.01569671709,0.1236567324,0.9833560753,0.1255233534,0.1246490048,0.9913351013,0.01553737439,0.982745283,0.001717342585
6.405,46.80600437,-0.01589065003,0.1243862308,0.9831647262,0.1262573184,0.1253971578,0.9912385128,0.01572444718,0.9825537892,0.001721763611
6.44,46.55162391,-0.01608608852,0.1251165445,0.9829718751,0.126992764,0.126146391,0.9911411955,0.01591291196,0.9823608694,0.001726218629
6.475,46.29999351,-0.01628304448,0.1258476602,0.9827773339,0.1277297293,0.1268966947,0.9910429717,0.01610277112,0.9821661718,0.001731057125
6.51,46.05106882,-0.01648152802,0.126579564,0.982580916,0.1284682276,0.1276480583,0.9909436624,0.01629402679,0.981969342,0.00173663122
6.545,45.80480642,-0.01668154743,0.1273122418,0.9823824434,0.1292082468,0.128400471,0.9908430936,0.01648668095,0.9817700361,0.001743282971
6.58,45.56116383,-0.01688310905,0.12804568,0.982181752,0.1299497515,0.1291539219,0.9907411024,0.01668073554,0.9815679319,0.001751332535
6.615,45.32009947,-0.01708621734,0.1287798656,0.9819786971,0.1306926858,0.1299084008,0.9906375421,0.0168761926,0.9813627398,0.001761067636
6.65,45.08157263,-0.01729087498,0.1295147869,0.9817731571,0.131436977,0.1306638986,0.9905322866,0.01707305439,0.9811542109,0.00177273472
6.685,44.84554346,-0.01749708297,0.1302504342,0.9815650364,0.1321825393,0.1314204076,0.9904252342,0.01727132352,0.9809421445,0.001786532006
6.72,44.61197292,-0.01770484085,0.1309867996,0.9813542681,0.1329292778,0.132177922,0.9903163093,0.01747100306,0.9807263924,0.001802604563
6.755,44.3808228,-0.01791414695,0.1317238778,0.9811408139,0.1336770932,0.1329364383,0.9902054645,0.01767209664,0.980506862,0.0018210414
6.79,44.15205567,-0.01812499865,0.1324616662,0.980924665,0.1344258849,0.1336959558,0.990092681,0.01787460859,0.9802835169,0.001841874504
6.825,43.92563487,-0.01833739266,0.1332001653,0.9807058405,0.1351755555,0.1344564762,0.9899779676,0.018078544,0.9800563763,0.001865079654
6.86,43.70152449,-0.01855132539,0.1339393786,0.980484386,0.1359260133,0.1352180048,0.9898613602,0.01828390881,0.9798255124,0.001890578829
6.895,43.47968934,-0.01876679327,0.1346793129,0.9802603715,0.1366771753,0.1359805495,0.9897429192,0.01849070985,0.9795910462,0.001918243962
6.93,43.26009495,-0.0189837931,0.1354199782,0.980033888,0.1374289692,0.136744122,0.9896227278,0.0186989549,0.9793531433,0.001947901802
6.965,43.04270754,-0.01920232234,0.1361613878,0.979805045,0.1381813352,0.1375087369,0.9895008882,0.01890865271,0.9791120077,0.001979339633
7,42.827494,-0.0194223795,0.136903558,0.9795739666,0.1389342266,0.138274412,0.9893775191,0.01911981302,0.9788678754,0.002012311614
7.035,42.61442189,-0.01964396442,0.137646508,0.9793407882,0.1396876107,0.1390411684,0.9892527523,0.01933244651,0.978621008,0.002046545507
7.07,42.40345941,-0.01986707853,0.1383902597,0.9791056529,0.1404414687,0.1398090298,0.9891267288,0.0195465648,0.9783716856,0.00208174961
7.105,42.19457537,-0.02009172507,0.1391348374,0.9788687079,0.1411957951,0.1405780224,0.9889995955,0.01976218039,0.9781201999,0.002117619685
7.14,41.98773922,-0.02031790936,0.1398802672,0.9786301015,0.1419505974,0.1413481751,0.9888715021,0.01997930661,0.9778668476,0.002153845755
7.175,41.78292098,-0.02054563888,0.1406265772,0.9783899793,0.1427058944,0.1421195183,0.9887425974,0.02019795748,0.9776119239,0.002190118613
7.21,41.58009126,-0.02077492343,0.1413737962,0.9781484818,0.1434617156,0.1428920841,0.9886130266,0.02041814769,0.9773557164,0.002226135952
7.245,41.37922126,-0.02100577515,0.1421219542,0.9779057416,0.1442180993,0.1436659056,0.9884829283,0.02063989244,0.9770984996,0.002261608004
7.28,41.18028269,-0.02123820853,0.1428710812,0.9776618807,0.1449750912,0.1444410168,0.9883524321,0.02086320733,0.97684053,0.002296262641
7.315,40.98324785,-0.02147224037,0.1436212071,0.9774170091,0.1457327426,0.1452174516,0.9882216563,0.02108810824,0.9765820419,0.002329849864
7.35,40.78808952,-0.0217078897,0.1443723613,0.9771712225,0.146491109,0.1459952437,0.9880907059,0.02131461118,0.9763232432,0.00236214566
7.385,40.59478104,-0.02194517756,0.1451245718,0.9769246015,0.1472502483,0.1467744261,0.9879596716,0.02154273216,0.9760643127,0.002392955188
7.42,40.40329623,-0.02218412689,0.1458778653,0.9766772101,0.1480102192,0.1475550306,0.9878286277,0.02177248706,0.9758053976,0.002422115295
7.455,40.21360939,-0.02242476222,0.1466322663,0.9764290952,0.1487710802,0.1483370873,0.987697632,0.02200389147,0.9755466122,0.002449496352
7.49,40.02569533,-0.02266710942,0.1473877971,0.9761802864,0.1495328876,0.1491206243,0.9875667248,0.02223696059,0.975288036,0.002475003428
7.525,39.8395293,-0.02291119539,0.1481444774,0.9759307958,0.1502956949,0.1499056672,0.9874359291,0.02247170905,0.9750297141,0.002498576814
7.56,39.65508704,-0.02315704773,0.1489023237,0.9756806184,0.1510595513,0.1506922389,0.9873052503,0.02270815087,0.9747716572,0.002520191927
7.595,39.4723447,-0.02340469436,0.1496613496,0.9754297324,0.1518245016,0.1514803594,0.9871746766,0.02294629927,0.9745138421,0.002539858628
7.63,39.2912789,-0.02365416316,0.150421565,0.9751781001,0.1525905846,0.1522700451,0.9870441801,0.02318616664,0.9742562134,0.002557619987
7.665,39.11186667,-0.02390548159,0.1511829764,0.9749256689,0.1533578334,0.1530613093,0.9869137171,0.02342776441,0.973998685,0.002573550552
7.7,38.93408545,-0.02415867634,0.151945587,0.9746723728,0.1541262748,0.1538541616,0.9867832299,0.02367110304,0.9737411428,0.002587754154
7.735,38.75791312,-0.02441377293,0.152709396,0.974418133,0.1548959289,0.154648608,0.9866526475,0.02391619194,0.9734834467,0.002600361324
7.77,38.58332793,-0.02467079538,0.1534743995,0.9741628604,0.1556668097,0.1554446508,0.9865218873,0.02416303945,0.9732254342,0.002611526353
7.805,38.41030852,-0.02492976589,0.15424059,0.9739064564,0.1564389248,0.1562422889,0.9863908572,0.02441165284,0.9729669231,0.002621424078
7.84,38.23883393,-0.02519070454,0.1550079569,0.9736488153,0.1572122758,0.1570415178,0.9862594564,0.0246620383,0.9727077153,0.002630246437
7.875,38.06888356,-0.02545362901,0.1557764866,0.9733898256,0.1579868589,0.1578423296,0.986127578,0.02491420101,0.9724476001,0.002638198868
7.91,37.90043717,-0.02571855441,0.1565461629,0.9731293719,0.1587626652,0.1586447136,0.9859951107,0.02516814516,0.9721863582,0.002645496597
7.945,37.73347489,-0.02598549306,0.1573169672,0.9728673369,0.1595396812,0.1594486564,0.9858619402,0.02542387403,0.9719237651,0.002652360903
7.98,37.56797719,-0.02625445442,0.1580888791,0.9726036031,0.16031789,0.1602541421,0.9857279516,0.02568139006,0.9716595946,0.002659015387
8.015,37.40392489,-0.02652544496,0.1588618763,0.9723380543,0.1610972712,0.1610611529,0.985593031,0.02594069498,0.9713936227,0.002665682336
8.05,37.24129913,-0.02679846821,0.1596359358,0.9720705777,0.1618778022,0.1618696694,0.985457067,0.02620178989,0.9711256309,0.00267257921
8.085,37.08008139,-0.02707352474,0.1604110335,0.9718010649,0.1626594587,0.1626796712,0.9853199527,0.02646467542,0.9708554093,0.002679915322
8.12,36.92025345,-0.02735061232,0.1611871454,0.9715294137,0.1634422154,0.1634911369,0.985181587,0.02672935185,0.9705827594,0.00268788875
8.155,36.76179742,-0.02762972604,0.1619642476,0.9712555291,0.1642260469,0.1643040452,0.9850418759,0.02699581927,0.9703074972,0.00269668353
8.19,36.60469573,-0.0279108585,0.1627423168,0.9709793246,0.1650109278,0.1651183748,0.9849007336,0.02726407771,0.9700294551,0.002706467159
8.225,36.44893106,-0.02819400012,0.163521331,0.9707007232,0.165796834,0.1659341054,0.9847580841,0.02753412732,0.9697484842,0.002717388451
8.26,36.29448644,-0.02847913937,0.1643012694,0.9704196579,0.1665837425,0.1667512174,0.9846138612,0.02780596852,0.9694644557,0.002729575764
8.295,36.14134515,-0.02876626319,0.1650821136,0.9701360724,0.1673716324,0.1675696934,0.9844680098,0.02807960214,0.9691772622,0.002743135625
8.33,35.98949076,-0.02905535729,0.1658638472,0.9698499213,0.1681604852,0.1683895175,0.9843204857,0.02835502959,0.9688868187,0.002758151753
8.365,35.83890711,-0.02934640664,0.1666464564,0.9695611707,0.1689502848,0.1692106764,0.9841712567,0.028632253,0.9685930625,0.002774684507
8.4,35.68957833,-0.02963939581,0.1674299303,0.9692697977,0.1697410177,0.1700331596,0.9840203016,0.02891127536,0.9682959539,0.002792770736
8.435,35.5414888,-0.02993430951,0.1682142614,0.9689757905,0.1705326738,0.1708569595,0.9838676107,0.02919210061,0.9679954753,0.002812424047
8.47,35.39462314,-0.03023113297,0.168999445,0.9686791476,0.1713252455,0.1716820719,0.9837131852,0.0294747338,0.9676916307,0.002833635451
8.505,35.24896626,-0.03052985242,0.1697854802,0.9683798778,0.1721187285,0.1725084959,0.9835570367,0.02975918117,0.9673844444,0.002856374396
8.54,35.10450328,-0.03083045556,0.1705723694,0.968077999,0.172913121,0.1733362346,0.9833991863,0.03004545021,0.9670739597,0.002880590136
8.575,34.96121959,-0.03113293194,0.1713601187,0.9677735376,0.1737084243,0.1741652943,0.983239664,0.03033354973,0.9667602368,0.002906213425
8.61,34.81910081,-0.03143727341,0.1721487374,0.9674665273,0.1745046421,0.1749956855,0.9830785073,0.03062348994,0.9664433516,0.002933158482
8.645,34.67813279,-0.03174347449,0.1729382382,0.9671570081,0.1753017801,0.1758274222,0.9829157606,0.03091528241,0.9661233924,0.002961325204
8.68,34.53830161,-0.0320515327,0.1737286372,0.966845025,0.1760998464,0.1766605222,0.9827514733,0.03120894012,0.9658004583,0.002990601572
8.715,34.39959357,-0.03236144885,0.1745199532,0.9665306271,0.1768988506,0.1774950068,0.9825856992,0.03150447743,0.9654746564,0.003020866203
8.75,34.2619952,-0.03267322731,0.175312208,0.9662138656,0.1776988038,0.1783309005,0.9824184948,0.03180191006,0.9651460989,0.003051991008
8.785,34.12549323,-0.03298687621,0.1761054258,0.9658947933,0.1784997182,0.179168231,0.9822499178,0.03210125501,0.9648149011,0.003083843897
8.82,33.9900746,-0.03330240755,0.176899633,0.9655734627,0.1793016068,0.180007029,0.9820800263,0.0324025305,0.964481178,0.003116291486
8.855,33.85572648,-0.03361983729,0.1776948576,0.9652499249,0.1801044832,0.1808473275,0.9819088768,0.03270575588,0.9641450424,0.003149201757
8.89,33.72243622,-0.03393918542,0.1784911293,0.9649242284,0.1809083614,0.1816891619,0.9817365236,0.03301095154,0.9638066018,0.003182446612
8.925,33.59019137,-0.03426047581,0.1792884787,0.9645964181,0.1817132553,0.1825325691,0.9815630173,0.03331813878,0.9634659569,0.00321590429
8.96,33.45897969,-0.03458373622,0.180086937,0.9642665337,0.182519179,0.1833775877,0.9813884036,0.03362733967,0.9631231987,0.00324946159
8.995,33.32878911,-0.03490899804,0.1808865357,0.9639346094,0.1833261463,0.1842242572,0.9812127227,0.03393857693,0.9627784072,0.003283015873
9.03,33.19960775,-0.03523629614,0.1816873061,0.9636006728,0.1841341708,0.1850726176,0.9810360082,0.03425187377,0.9624316494,0.003316476791
9.065,33.07142394,-0.03556566851,0.1824892791,0.9632647439,0.1849432658,0.1859227091,0.9808582867,0.03456725375,0.9620829785,0.00334976773
9.1,32.94422615,-0.03589715599,0.1832924843,0.9629268354,0.1857534446,0.1867745717,0.9806795768,0.03488474062,0.9617324324,0.003382826928
9.135,32.81800307,-0.03623080187,0.1840969504,0.9625869513,0.18656472,0.1876282446,0.9804998896,0.03520435816,0.9613800336,0.003415608259
9.17,32.69274351,-0.03656665144,0.1849027042,0.9622450877,0.187377105,0.188483766,0.9803192278,0.03552613003,0.9610257883,0.003448081667
9.205,32.5684365,-0.03690475159,0.1857097707,0.9619012322,0.1881906125,0.1893411726,0.9801375858,0.03585007963,0.9606696871,0.003480233243
9.24,32.44507121,-0.03724515026,0.1865181726,0.9615553642,0.1890052558,0.1902004993,0.9799549506,0.03617622993,0.9603117051,0.003512064946
9.275,32.32263698,-0.037587896,0.1873279303,0.9612074553,0.1898210487,0.191061779,0.9797713012,0.03650460339,0.9599518026,0.003543593983
9.31,32.20112331,-0.03793303738,0.1881390614,0.9608574698,0.1906380055,0.1919250421,0.9795866099,0.03683522177,0.9595899264,0.003574851857
9.345,32.08051985,-0.03828062254,0.1889515811,0.9605053653,0.1914561413,0.1927903163,0.9794008428,0.03716810606,0.9592260108,0.003605883101
9.38,31.96081642,-0.03863069862,0.1897655013,0.9601510936,0.1922754724,0.1936576267,0.9792139602,0.03750327638,0.9588599799,0.00363674374
9.415,31.84200297,-0.03898331126,0.1905808315,0.9597946016,0.1930960161,0.1945269953,0.9790259183,0.03784075188,0.9584917486,0.0036674995
9.45,31.72406963,-0.03933850412,0.1913975779,0.959435832,0.1939177912,0.1953984409,0.9788366695,0.03818055071,0.9581212255,0.003698223815
9.485,31.60700664,-0.03969631841,0.192215744,0.9590747251,0.1947408177,0.1962719795,0.978646164,0.03852268992,0.9577483144,0.003728995668
9.52,31.49080441,-0.04005679248,0.1930353306,0.9587112194,0.195565117,0.1971476236,0.9784543511,0.03886718548,0.9573729172,0.003759897321
9.555,31.37545348,-0.04041996139,0.1938563358,0.9583452531,0.196390712,0.1980253827,0.9782611798,0.03921405221,0.9569949358,0.003791011982
9.59,31.26094453,-0.04078585661,0.1946787553,0.957976765,0.1972176268,0.1989052635,0.9780666003,0.03956330385,0.9566142747,0.003822421457
9.625,31.14726836,-0.04115450568,0.1955025823,0.9576056965,0.1980458867,0.1997872694,0.9778705656,0.03991495303,0.9562308431,0.003854203856
9.66,31.03441594,-0.04152593205,0.1963278083,0.9572319916,0.1988755177,0.2006714014,0.9776730319,0.04026901136,0.9558445573,0.003886431388
9.695,30.92237834,-0.04190015484,0.1971544228,0.9568555991,0.1997065465,0.2015576578,0.9774739599,0.04062548942,0.9554553423,0.003919168318
9.73,30.81114676,-0.04227718877,0.1979824139,0.9564764731,0.2005389998,0.2024460345,0.9772733159,0.04098439689,0.955063134,0.003952469117
9.765,30.70071254,-0.04265704409,0.1988117683,0.9560945737,0.2013729043,0.2033365255,0.9770710724,0.04134574261,0.9546678805,0.003986376866
9.8,30.59106714,-0.04303972666,0.199642472,0.9557098684,0.2022082857,0.204229123,0.9768672087,0.04170953468,0.9542695434,0.004020921955
9.835,30.48220214,-0.04342523795,0.2004745103,0.955322332,0.2030451683,0.2051238177,0.9766617113,0.04207578058,0.9538680983,0.004056121103
9.87,30.37410922,-0.0438135753,0.2013078684,0.9549319473,0.2038835746,0.2060205991,0.9764545745,0.04244448726,0.953463536,0.004091976739
9.905,30.26678021,-0.04420473206,0.2021425313,0.9545387056,0.2047235245,0.2069194561,0.9762458,0.0428156613,0.9530558619,0.004128476766
9.94,30.16020704,-0.04459869792,0.2029784845,0.9541426061,0.2055650348,0.2078203768,0.976035397,0.04318930902,0.9526450963,0.004165594708
9.975,30.05438175,-0.04499545922,0.203815714,0.9537436562,0.2064081185,0.2087233495,0.9758233821,0.04356543662,0.9522312731,0.004203290267
10.01,29.9492965,-0.04539499938,0.2046542068,0.9533418709,0.2072527842,0.2096283624,0.9756097783,0.04394405032,0.9518144394,0.004241510254
10.045,29.84494355,-0.04579729931,0.2054939509,0.9529372723,0.2080990359,0.2105354043,0.9753946143,0.04432515648,0.9513946536,0.004280189908
10.08,29.74131528,-0.04620233787,0.2063349358,0.9525298884,0.2089468722,0.2114444649,0.9751779241,0.04470876174,0.9509719837,0.004319254556
10.115,29.63840415,-0.04661009244,0.2071771523,0.9521197528,0.2097962862,0.2123555348,0.9749597455,0.04509487314,0.9505465053,0.004358621584
10.15,29.53620276,-0.04702053942,0.2080205931,0.9517069028,0.2106472651,0.2132686059,0.9747401187,0.04548349827,0.9501182991,0.004398202678
10.185,29.43470378,-0.04743365483,0.2088652526,0.9512913786,0.2114997905,0.214183672,0.9745190857,0.04587464534,0.9496874484,0.004437906274
10.22,29.3339,-0.04784941482,0.209711127,0.9508732219,0.2123538379,0.2151007282,0.9742966882,0.04626832329,0.9492540366,0.00447764016
10.255,29.2337843,-0.0482677963,0.2105582147,0.950452474,0.2132093774,0.2160197721,0.9740729664,0.04666454192,0.9488181439,0.004517314155
10.29,29.13434966,-0.04868877752,0.2114065156,0.9500291747,0.214066374,0.2169408028,0.973847958,0.04706331191,0.9483798453,0.004556842803
10.325,29.03558915,-0.04911233857,0.2122560321,0.9496033607,0.214924788,0.217863822,0.9736216961,0.04746464495,0.9479392071,0.004596147989
10.36,28.93749595,-0.04953846199,0.2131067679,0.9491750638,0.2157845758,0.2187888337,0.9733942084,0.04786855373,0.9474962848,0.00463516142
10.395,28.8400633,-0.04996713323,0.2139587288,0.94874431,0.2166456909,0.2197158438,0.9731655158,0.04827505202,0.9470511211,0.004673826873
10.43,28.74328456,-0.05039834117,0.2148119221,0.9483111178,0.2175080848,0.220644861,0.9729356316,0.04868415469,0.9466037432,0.004712102157
10.465,28.64715318,-0.05083207853,0.2156663569,0.9478754975,0.2183717082,0.221575896,0.9727045603,0.0490958777,0.9461541616,0.004749960705
10.5,28.55166267,-0.05126834231,0.2165220432,0.9474374495,0.2192365123,0.2225089619,0.9724722974,0.04951023812,0.9457023691,0.004787392755
10.535,28.45680664,-0.05170713408,0.2173789925,0.9469969647,0.2201024502,0.2234440738,0.9722388286,0.04992725411,0.9452483398,0.004824406054
10.57,28.36257881,-0.05214846031,0.2182372172,0.9465540232,0.2209694782,0.224381249,0.9720041302,0.05034694489,0.9447920291,0.00486102606
10.605,28.26897294,-0.05259233258,0.2190967303,0.9461085942,0.2218375569,0.2253205066,0.9717681687,0.05076933069,0.9443333737,0.004897295623
10.64,28.17598289,-0.0530387678,0.2199575455,0.9456606367,0.2227066532,0.2262618676,0.9715309018,0.05119443272,0.9438722931,0.00493327413
10.675,28.08360262,-0.05348778826,0.2208196767,0.9452100992,0.223576741,0.2272053545,0.9712922787,0.05162227312,0.9434086907,0.004969036137
10.71,27.99182614,-0.05393942177,0.2216831379,0.9447569209,0.2244478023,0.2281509914,0.9710522415,0.05205287487,0.9429424556,0.0050046695
10.745,27.90064756,-0.05439370158,0.2225479431,0.9443010325,0.2253198288,0.2290988035,0.9708107257,0.05248626175,0.9424734652,0.005040273074
10.78,27.81006104,-0.05485066635,0.2234141058,0.9438423571,0.2261928218,0.2300488171,0.9705676626,0.05292245826,0.9420015877,0.005075954017
10.815,27.72006084,-0.05531036005,0.2242816391,0.9433808123,0.2270667933,0.2310010597,0.9703229801,0.05336148956,0.9415266856,0.005111824799
10.85,27.63064129,-0.05577283177,0.2251505555,0.9429163112,0.227941766,0.2319555591,0.9700766045,0.0538033814,0.9410486186,0.005147999979
10.885,27.54179678,-0.05623813553,0.2260208667,0.9424487645,0.2288177733,0.2329123442,0.9698284627,0.05424816006,0.9405672471,0.005184592877
10.92,27.45352179,-0.05670632998,0.2268925835,0.9419780822,0.2296948588,0.233871444,0.9695784834,0.05469585231,0.9400824355,0.005221712221
10.955,27.36581086,-0.05717747817,0.2277657159,0.9415041754,0.2305730761,0.2348328881,0.9693265991,0.05514648534,0.9395940558,0.005259458892
10.99,27.2786586,-0.05765164714,0.2286402729,0.9410269585,0.231452487,0.2357967065,0.9690727477,0.05560008679,0.9391019903,0.005297922874
11.025,27.19205968,-0.05812890766,0.2295162626,0.9405463503,0.232333161,0.2367629293,0.9688168737,0.0560566847,0.9386061348,0.005337180496
11.06,27.10600886,-0.05860933376,0.2303936925,0.9400622763,0.2332151733,0.2377315872,0.9685589297,0.05651630756,0.9381064004,0.005377292076
11.095,27.02050095,-0.0590930024,0.2312725695,0.9395746695,0.2340986033,0.2387027112,0.9682988772,0.05697898434,0.9376027156,0.005418300032
11.13,26.93553082,-0.05957999301,0.2321529001,0.939083472,0.2349835324,0.239676333,0.9680366872,0.05744474461,0.9370950279,0.005460227531
11.165,26.85109342,-0.06007038707,0.233034691,0.9385886356,0.2358700423,0.2406524852,0.9677723408,0.05791361863,0.9365833037,0.00550307771
11.2,26.76718375,-0.06056426761,0.2339179493,0.9380901224,0.2367582126,0.2416312015,0.9675058289,0.05838563752,0.936067529,0.005546833494
11.235,26.68379688,-0.06106171871,0.2348026832,0.9375879054,0.2376481184,0.2426125172,0.9672371521,0.05886083352,0.9355477085,0.005591458013
11.27,26.60092795,-0.0615628249,0.2356889026,0.9370819677,0.238539829,0.2435964701,0.9669663201,0.05933924024,0.9350238642,0.005636895589
11.305,26.51857214,-0.06206767047,0.2365766203,0.9365723028,0.2394334051,0.2445831003,0.9666933504,0.05982089297,0.9344960338,0.005683073254
11.34,26.43672469,-0.06257633861,0.2374658522,0.9360589133,0.2403288976,0.2455724519,0.9664182677,0.06030582912,0.9339642681,0.005729902745
11.375,26.35538092,-0.06308891033,0.2383566193,0.9355418102,0.2412263458,0.2465645728,0.9661411018,0.06079408856,0.9334286285,0.005777282908
11.41,26.2745362,-0.06360546309,0.2392489481,0.9350210115,0.2421257763,0.2475595163,0.9658618863,0.06128571409,0.9328891835,0.005825102438
11.445,26.19418593,-0.06412606897,0.2401428721,0.9344965407,0.2430272018,0.248557341,0.9655806571,0.06178075176,0.9323460053,0.005873242913
11.48,26.11432561,-0.06465079233,0.241038433,0.9339684251,0.2439306209,0.2495581117,0.9652974499,0.06227925113,0.9317991668,0.00592158208
11.515,26.03495076,-0.0651796869,0.2419356808,0.9334366941,0.2448360176,0.250561899,0.9650122991,0.06278126525,0.9312487374,0.005969997392
11.55,25.95605697,-0.06571279214,0.2428346745,0.9329013774,0.245743362,0.2515687782,0.9647252355,0.06328685018,0.93069478,0.00601836986
11.585,25.87763988,-0.06625012905,0.2437354802,0.9323625034,0.24665261,0.2525788271,0.964436285,0.06379606392,0.9301373478,0.006066588297
11.62,25.79969518,-0.06679169564,0.2446381693,0.931820097,0.2475637053,0.2535921223,0.9641454669,0.0643089645,0.9295764814,0.006114554084
11.655,25.72221862,-0.06733746268,0.2455428132,0.9312741786,0.2484765798,0.2546087332,0.9638527929,0.064825607,0.9290122065,0.006162186539
11.69,25.64520599,-0.06788737055,0.2464494764,0.9307247623,0.2493911558,0.2556287141,0.9635582658,0.06534603948,0.9284445316,0.006209428883
11.725,25.56865313,-0.06844132857,0.2473582072,0.9301718547,0.2503073472,0.2566520955,0.9632618789,0.0658702981,0.9278734474,0.006256254515
11.76,25.49255595,-0.06899921806,0.248269027,0.9296154544,0.2512250624,0.2576788735,0.9629636157,0.06639840185,0.9272989251,0.006302673011
11.795,25.41691039,-0.06956090025,0.2491819199,0.9290555509,0.2521442057,0.2587090026,0.9626634496,0.06693034804,0.9267209172,0.0063487348
11.83,25.34171243,-0.07012622938,0.2500968246,0.9284921243,0.2530646798,0.2597423911,0.9623613443,0.06746610973,0.926139357,0.006394533249
11.865,25.26695811,-0.07069506959,0.2510136324,0.9279251452,0.2539863882,0.2607789035,0.9620572543,0.06800563652,0.9255541606,0.00644020291
11.9,25.19264353,-0.07126731294,0.2519321917,0.9273545752,0.2549092377,0.2618183705,0.9617511256,0.06854885913,0.9249652276,0.006485913281
11.935,25.11876481,-0.07184289479,0.2528523209,0.9267803669,0.2558331398,0.2628606051,0.9614428968,0.06909569773,0.9243724438,0.00653185844
11.97,25.04531813,-0.07242180277,0.2537738264,0.9262024648,0.2567580138,0.2639054233,0.9611325005,0.06964607247,0.9237756835,0.006578244055
12.005,24.97229971,-0.07300407737,0.2546965226,0.9256208066,0.2576837875,0.2649526636,0.9608198645,0.07019991395,0.923174812,0.006625274031
12.04,24.89970581,-0.07358980439,0.2556202502,0.9250353238,0.2586103999,0.2660022023,0.9605049137,0.07075717164,0.9225696893,0.006673139063
12.075,24.82753275,-0.07417910156,0.256544888,0.9244459433,0.2595378018,0.2670539621,0.9601875716,0.07131781865,0.9219601727,0.006722008629
12.11,24.75577688,-0.07477210292,0.2574703579,0.9238525888,0.2604659571,0.2681079122,0.959867762,0.07188185257,0.9213461206,0.00677202684
12.145,24.68443458,-0.07536894436,0.258396624,0.923255182,0.2613948436,0.2691640635,0.9595454108,0.07244929309,0.9207273954,0.006823311557
12.18,24.6135023,-0.07596975232,0.2593236864,0.9226536445,0.2623244536,0.2702224595,0.9592204474,0.07302017761,0.9201038667,0.006875955653
12.215,24.5429765,-0.07657463679,0.2602515728,0.9220478992,0.2632547935,0.271283166,0.9588928067,0.07359455614,0.9194754147,0.006930029199
12.25,24.47285371,-0.07718368806,0.2611803298,0.9214378712,0.2641858843,0.2723462619,0.9585624299,0.07417248636,0.918841932,0.006985581685
12.285,24.40313048,-0.07779697668,0.2621100152,0.92082349,0.2651177604,0.2734118316,0.9582292662,0.07475402966,0.9182033266,0.00704264375
12.32,24.33380341,-0.07841455531,0.263040692,0.9202046899,0.2660504696,0.2744799594,0.9578932736,0.07533924814,0.9175595236,0.007101228255
12.355,24.26486912,-0.07903646167,0.2639724234,0.9195814115,0.2669840713,0.275550726,0.9575544197,0.0759282026,0.9169104666,0.007161330803
12.39,24.19632429,-0.07966272177,0.2649052704,0.9189536024,0.2679186356,0.2766242063,0.957212682,0.07652095151,0.9162561186,0.007222929886
12.425,24.12816563,-0.08029335313,0.2658392896,0.9183212178,0.2688542421,0.2777004689,0.9568680487,0.07711755043,0.9155964627,0.007285986911
12.46,24.06038989,-0.08092836758,0.2667745327,0.9176842213,0.2697909779,0.278779576,0.9565205182,0.07771805198,0.9149315017,0.007350446288
12.495,23.99299384,-0.0815677736,0.2677110464,0.9170425844,0.2707289358,0.2798615838,0.956170099,0.07832250606,0.9142612582,0.00741623576
12.53,23.9259743,-0.08221157828,0.2686488722,0.916396287,0.2716682129,0.2809465432,0.9558168092,0.07893096016,0.9135857728,0.007483267055
12.565,23.85932813,-0.08285978876,0.2695880473,0.9157453174,0.2726089085,0.2820345011,0.9554606759,0.07954345982,0.9129051033,0.007551436928
12.6,23.79305222,-0.08351241334,0.2705286044,0.915089671,0.2735511221,0.2831255005,0.9551017341,0.08016004901,0.9122193224,0.007620628607
12.635,23.72714349,-0.08416946235,0.2714705733,0.9144293506,0.2744949519,0.2842195816,0.9547400253,0.08078077056,0.9115285158,0.007690713619
12.67,23.6615989,-0.08483094868,0.2724139803,0.9137643649,0.2754404926,0.2853167828,0.9543755967,0.08140566653,0.9108327795,0.007761553961
12.705,23.59641543,-0.08549688822,0.2733588495,0.9130947279,0.276387834,0.2864171408,0.9540084994,0.08203477852,0.9101322169,0.00783300457
12.74,23.53159011,-0.08616730006,0.2743052029,0.9124204576,0.2773370597,0.2875206913,0.953638787,0.08266814792,0.9094269361,0.007904916022
12.775,23.46712,-0.08684220665,0.2752530606,0.9117415747,0.278288245,0.2886274696,0.9532665138,0.08330581622,0.9087170464,0.007977137395
12.81,23.40300219,-0.08752163386,0.2762024415,0.9110581018,0.2792414562,0.2897375107,0.9528917334,0.08394782511,0.9080026557,0.008049519218
12.845,23.33923379,-0.08820561097,0.2771533635,0.9103700612,0.2801967496,0.2908508495,0.9525144969,0.08459421668,0.9072838669,0.008121916451
12.88,23.27581196,-0.08889417058,0.2781058432,0.9096774745,0.2811541703,0.2919675214,0.9521348513,0.08524503357,0.906560775,0.008194191405
12.915,23.21273388,-0.08958734851,0.2790598967,0.9089803603,0.2821137518,0.293087562,0.9517528379,0.08590031898,0.9058334645,0.008266216552
12.95,23.14999676,-0.09028518372,0.2800155396,0.9082787339,0.2830755157,0.2942110073,0.9513684912,0.08656011682,0.905102006,0.008337877158
12.985,23.08759784,-0.0909877181,0.2809727866,0.9075726051,0.2840394712,0.2953378941,0.9509818372,0.08722447167,0.9043664547,0.008409073676
13.02,23.02553441,-0.09169499634,0.2819316522,0.9068619777,0.2850056153,0.2964682594,0.9505928925,0.08789342886,0.9036268473,0.008479723858
13.055,22.96380375,-0.09240706573,0.2828921501,0.9061468482,0.2859739333,0.2976021411,0.9502016634,0.08856703441,0.902883201,0.008549764544
13.09,22.90240321,-0.093123976,0.2838542938,0.9054272052,0.2869443987,0.2987395773,0.9498081448,0.08924533503,0.9021355119,0.008619153077
13.125,22.84133013,-0.09384577909,0.284818096,0.9047030284,0.2879169742,0.2998806063,0.9494123201,0.08992837806,0.9013837536,0.008687868341
13.16,22.78058191,-0.09457252896,0.2857835688,0.9039742882,0.2888916121,0.3010252671,0.9490141607,0.09061621142,0.9006278772,0.008755911379
13.195,22.72015597,-0.09530428143,0.2867507235,0.9032409452,0.289868256,0.3021735983,0.9486136257,0.09130888351,0.8998678109,0.008823305602
13.23,22.66004974,-0.09604109389,0.2877195707,0.9025029504,0.2908468408,0.3033256387,0.9482106624,0.0920064431,0.8991034603,0.00889009657
13.265,22.60026069,-0.09678302516,0.2886901198,0.901760245,0.2918272947,0.3044814268,0.9478052065,0.09270893924,0.8983347094,0.008956351361
13.3,22.54078632,-0.09753013525,0.289662379,0.9010127605,0.2928095402,0.3056410004,0.9473971825,0.09341642111,0.8975614213,0.009022157539
13.335,22.48162415,-0.09828248518,0.2906363553,0.9002604193,0.2937934953,0.3068043968,0.9469865048,0.09412893791,0.8967834403,0.009087621741
13.37,22.42277173,-0.0990401367,0.2916120539,0.8995031353,0.2947790749,0.3079716524,0.9465730788,0.09484653866,0.8960005934,0.009152867915
13.405,22.36422663,-0.09980315215,0.2925894784,0.8987408148,0.2957661921,0.3091428021,0.9461568013,0.09556927208,0.8952126927,0.00921803524
13.44,22.30598646,-0.1005715942,0.2935686305,0.8979733572,0.29675476,0.3103178796,0.9457375629,0.09629718638,0.8944195378,0.009283275774
13.475,22.24804883,-0.1013455257,0.2945495095,0.897200656,0.2977446923,0.3114969168,0.9453152485,0.09703032915,0.893620919,0.00934875186
13.51,22.1904114,-0.1021250095,0.2955321126,0.8964226004,0.2987359052,0.3126799436,0.9448897393,0.09776874712,0.8928166195,0.009414633364
13.545,22.13307183,-0.1029101078,0.2965164342,0.8956390761,0.2997283181,0.3138669878,0.9444609146,0.09851248602,0.8920064192,0.009481094769
13.58,22.07602784,-0.1037008828,0.2975024661,0.8948499669,0.3007218551,0.3150580747,0.9440286528,0.09926159041,0.8911900974,0.009548312196
13.615,22.01927712,-0.1044973957,0.2984901971,0.8940551562,0.3017164459,0.3162532269,0.9435928339,0.1000161035,0.8903674361,0.009616460402
13.65,21.96281744,-0.1052997068,0.2994796132,0.8932545282,0.3027120266,0.3174524642,0.9431533402,0.100776067,0.8895382232,0.009685709811
13.685,21.90664655,-0.1061078755,0.300470697,0.8924479693,0.3037085404,0.3186558034,0.942710059,0.101541521,0.8887022554,0.00975622362
13.72,21.85076224,-0.1069219596,0.301463428,0.8916353695,0.3047059384,0.319863258,0.9422628832,0.1023125038,0.8878593411,0.009828155052
13.755,21.79516234,-0.1077420156,0.3024577822,0.890816624,0.30570418,0.3210748385,0.9418117133,0.1030890519,0.8870093033,0.009901644786
13.79,21.73984467,-0.1085680983,0.3034537326,0.8899916339,0.3067032331,0.3222905518,0.9413564583,0.1038711998,0.8861519816,0.009976818617
13.825,21.68480709,-0.1094002607,0.3044512487,0.8891603076,0.3077030745,0.3235104015,0.9408970373,0.1046589799,0.8852872347,0.01005378539
13.86,21.63004747,-0.1102385537,0.305450297,0.8883225619,0.3087036898,0.3247343879,0.9404333799,0.1054524227,0.8844149421,0.01013263523
13.895,21.57556373,-0.111083026,0.3064508408,0.8874783225,0.3097050733,0.3259625078,0.9399654277,0.1062515565,0.8835350054,0.01021343814
13.93,21.52135377,-0.1119337242,0.3074528406,0.886627525,0.3107072277,0.3271947551,0.9394931343,0.1070564078,0.8826473493,0.01029624287
13.965,21.46741554,-0.1127906924,0.308456254,0.885770115,0.3117101636,0.3284311205,0.9390164657,0.1078670009,0.8817519228,0.01038107632
14,21.413747,-0.1136539721,0.3094610364,0.8849060489,0.3127138996,0.3296715918,0.9385354007,0.1086833585,0.8808486984,0.01046794315
14.035,21.36034613,-0.1145236025,0.3104671411,0.8840352936,0.3137184607,0.3309161544,0.9380499309,0.1095055012,0.8799376728,0.01055682592
14.07,21.30721095,-0.1153996201,0.3114745195,0.8831578263,0.3147238784,0.3321647913,0.9375600599,0.1103334486,0.8790188659,0.01064768554
14.105,21.25433945,-0.1162820586,0.3124831217,0.8822736348,0.3157301898,0.3334174838,0.9370658031,0.1111672185,0.8780923194,0.01074046215
14.14,21.2017297,-0.1171709494,0.3134928968,0.8813827162,0.3167374361,0.3346742114,0.9365671871,0.1120068277,0.8771580959,0.01083507633
14.175,21.14937975,-0.1180663212,0.3145037937,0.880485077,0.3177456625,0.3359349527,0.9360642483,0.1128522925,0.8762162769,0.01093143065
14.21,21.09728768,-0.1189682002,0.3155157611,0.8795807315,0.3187549169,0.3371996859,0.9355570321,0.1137036282,0.8752669603,0.01102941155
14.245,21.0454516,-0.1198766105,0.3165287483,0.8786697013,0.3197652487,0.3384683888,0.9350455916,0.1145608502,0.8743102583,0.0111288915
14.28,20.99386961,-0.1207915737,0.3175427057,0.8777520139,0.3207767082,0.33974104,0.9345299858,0.1154239742,0.8733462944,0.01122973139
14.315,20.94253985,-0.1217131097,0.3185575856,0.8768277012,0.3217893456,0.3410176189,0.9340102786,0.1162930164,0.8723752005,0.01133178311
14.35,20.89146049,-0.1226412364,0.319573342,0.8758967985,0.3228032097,0.3422981066,0.9334865365,0.1171679938,0.8713971139,0.01143489229
14.385,20.84062968,-0.1235759704,0.3205899322,0.8749593428,0.3238183475,0.3435824866,0.9329588275,0.1180489251,0.8704121737,0.01153890116
14.42,20.79004563,-0.1245173271,0.3216073164,0.8740153709,0.324834803,0.3448707449,0.9324272185,0.1189358307,0.8694205178,0.01164365147
14.455,20.73970654,-0.125465321,0.3226254585,0.8730649184,0.3258526165,0.346162871,0.9318917745,0.1198287333,0.8684222794,0.01174898736
14.49,20.68961063,-0.1264199662,0.323644327,0.8721080175,0.326871824,0.3474588583,0.931352556,0.1207276582,0.8674175835,0.01185475824
14.525,20.63975614,-0.1273812768,0.3246638945,0.8711446959,0.3278924566,0.3487587047,0.9308096177,0.1216326341,0.8664065444,0.01196082156
14.56,20.59014135,-0.1283492671,0.3256841392,0.8701749751,0.3289145396,0.3500624128,0.9302630067,0.1225436929,0.8653892617,0.01206704545
14.595,20.54076451,-0.1293239525,0.3267050441,0.8691988687,0.3299380927,0.3513699909,0.9297127612,0.1234608705,0.8643658183,0.01217331113
14.63,20.49162392,-0.1303053496,0.3277265981,0.8682163813,0.3309631291,0.352681453,0.9291589087,0.1243842073,0.8633362776,0.01227951514
14.665,20.4427179,-0.1312934768,0.3287487958,0.8672275074,0.3319896555,0.3539968189,0.9286014651,0.1253137478,0.862300681,0.01238557125
14.7,20.39404476,-0.1322883548,0.3297716374,0.86623223,0.3330176721,0.3553161151,0.9280404335,0.1262495417,0.8612590462,0.01249141217
14.735,20.34560285,-0.1332900073,0.3307951292,0.8652305198,0.3340471723,0.3566393747,0.9274758033,0.1271916436,0.8602113657,0.01259699076
14.77,20.29739052,-0.134298461,0.3318192832,0.8642223347,0.3350781429,0.3579666372,0.9269075496,0.1281401133,0.8591576056,0.01270228107
14.805,20.24940615,-0.1353137467,0.3328441169,0.8632076189,0.3361105644,0.3592979491,0.926335633,0.1290950162,0.8580977049,0.01280727891
14.84,20.20164811,-0.1363358992,0.3338696532,0.8621863031,0.337144411,0.3606333633,0.9257599987,0.1300564227,0.8570315752,0.01291200205
14.875,20.15411482,-0.1373649582,0.33489592,0.861158304,0.3381796511,0.3619729396,0.9251805775,0.131024409,0.8559591009,0.01301649007
14.91,20.10680469,-0.1384009684,0.3359229498,0.8601235244,0.3392162477,0.3633167437,0.9245972853,0.1319990563,0.85488014,0.01312080378
14.945,20.05971616,-0.13944398,0.336950779,0.8590818542,0.3402541587,0.3646648475,0.9240100241,0.132980451,0.8537945246,0.01322502436
14.98,20.01284766,-0.1404940489,0.3379794474,0.8580331701,0.3412933376,0.3660173283,0.9234186826,0.1339686846,0.8527020633,0.01332925204
15.015,19.96619767,-0.1415512373,0.3390089976,0.8569773374,0.342333734,0.3673742686,0.922823137,0.1349638533,0.8516025423,0.01343360449
15.05,19.91976465,-0.1426156134,0.3400394743,0.8559142102,0.3433752942,0.3687357553,0.9222232527,0.1359660573,0.8504957278,0.01353821495
15.085,19.8735471,-0.143687252,0.3410709231,0.8548436329,0.3444179617,0.3701018792,0.9216188849,0.136975401,0.849381369,0.01364323001
15.12,19.82754352,-0.1447662341,0.34210339,0.8537654419,0.3454616782,0.3714727338,0.921009881,0.137991992,0.8482592008,0.01374880719
15.155,19.78175242,-0.1458526476,0.3431369204,0.8526794667,0.3465063835,0.3728484155,0.9203960814,0.139015941,0.8471289467,0.01385511235
15.19,19.73617235,-0.1469465865,0.3441715582,0.8515855318,0.3475520169,0.3742290217,0.9197773222,0.1400473607,0.8459903224,0.01396231687
15.225,19.69080184,-0.1480481511,0.3452073445,0.8504834586,0.3485985171,0.3756146506,0.9191534363,0.1410863657,0.8448430394,0.01407059483
15.26,19.64563945,-0.1491574477,0.3462443174,0.8493730668,0.3496458233,0.3770053999,0.9185242558,0.1421330715,0.8436868084,0.01418012006
15.295,19.60068375,-0.1502745885,0.3472825101,0.848254177,0.3506938754,0.378401366,0.9178896137,0.1431875938,0.842521343,0.01429106319
15.33,19.55593333,-0.1513996907,0.3483219509,0.8471266119,0.3517426144,0.3798026433,0.9172493463,0.1442500478,0.8413463634,0.01440358881
15.365,19.51138679,-0.1525328766,0.3493626616,0.8459901987,0.352791983,0.3812093227,0.9166032946,0.1453205477,0.8401615996,0.01451785265
15.4,19.46704273,-0.1536742726,0.3504046569,0.8448447709,0.3538419258,0.3826214914,0.9159513062,0.1463992057,0.8389667954,0.01463399894
15.435,19.42289977,-0.154824009,0.351447944,0.8436901699,0.3548923896,0.3840392312,0.9152932377,0.1474861311,0.8377617109,0.01475215798
15.47,19.37895656,-0.1559822188,0.3524925214,0.8425262466,0.3559433237,0.3854626184,0.9146289553,0.1485814302,0.8365461259,0.01487244391
15.505,19.33521174,-0.1571490377,0.3535383784,0.8413528633,0.35699468,0.3868917226,0.9139583372,0.149685205,0.8353198422,0.01499495277
15.54,19.29166396,-0.1583246026,0.3545854948,0.840169895,0.3580464128,0.388326606,0.9132812744,0.150797553,0.8340826862,0.01511976088
15.575,19.24831191,-0.1595090512,0.3556338406,0.8389772301,0.3590984793,0.389767323,0.9125976717,0.151918566,0.8328345105,0.01524692351
15.61,19.20515426,-0.1607025211,0.3566833754,0.837774772,0.3601508389,0.3912139192,0.9119074489,0.1530483306,0.8315751954,0.01537647398
15.645,19.16218971,-0.1619051489,0.3577340483,0.8365624396,0.3612034538,0.3926664316,0.9112105412,0.1541869265,0.8303046504,0.0155084231
15.68,19.11941696,-0.1631170691,0.3587857982,0.8353401676,0.362256288,0.3941248879,0.9105068993,0.1553344272,0.8290228137,0.01564275901
15.715,19.07683474,-0.1643384139,0.3598385538,0.8341079069,0.3633093079,0.3955893061,0.9097964902,0.1564908991,0.8277296536,0.01577944739
15.75,19.03444178,-0.1655693115,0.3608922336,0.8328656248,0.3643624811,0.3970596947,0.9090792962,0.1576564012,0.8264251667,0.01591843211
15.785,18.99223681,-0.1668098859,0.3619467468,0.8316133044,0.365415777,0.398536053,0.908355315,0.1588309856,0.8251093782,0.01605963623
15.82,18.95021858,-0.1680602559,0.3630019935,0.8303509442,0.3664691655,0.4000183707,0.9076245588,0.1600146969,0.8237823398,0.01620296338
15.855,18.90838587,-0.1693205344,0.3640578652,0.8290785569,0.3675226175,0.4015066283,0.9068870536,0.1612075726,0.8224441279,0.01634829946
15.89,18.86673744,-0.1705908277,0.3651142463,0.8277961692,0.3685761036,0.4030007982,0.9061428375,0.1624096433,0.8210948419,0.01649551473
15.925,18.82527209,-0.1718712349,0.3661710142,0.8265038195,0.3696295946,0.4045008443,0.9053919598,0.1636209331,0.8197346009,0.01664446605
15.96,18.7839886,-0.1731618476,0.367228041,0.8252015571,0.3706830602,0.4060067235,0.9046344792,0.1648414595,0.8183635409,0.01679499955
15.995,18.74288578,-0.1744627492,0.368285194,0.8238894399,0.3717364692,0.407518386,0.9038704618,0.1660712349,0.8169818118,0.01694695328
16.03,18.70196245,-0.1757740146,0.3693423373,0.8225675332,0.372789789,0.4090357764,0.9030999797,0.1673102664,0.8155895734,0.01710016023
16.065,18.66121743,-0.1770957105,0.3703993332,0.8212359068,0.373842985,0.4105588347,0.9023231084,0.1685585567,0.814186992,0.01725445127
16.1,18.62064957,-0.1784278948,0.3714560429,0.8198946335,0.3748960205,0.4120874973,0.901539925,0.1698161054,0.8127742363,0.01740965826
16.135,18.5802577,-0.1797706166,0.3725123283,0.8185437868,0.3759488564,0.4136216983,0.9007505057,0.1710829093,0.8113514735,0.01756561712
16.17,18.54004069,-0.181123917,0.3735680533,0.8171834381,0.3770014508,0.4151613708,0.8999549241,0.1723589638,0.8099188654,0.01772217082
16.205,18.49999741,-0.1824878287,0.3746230851,0.815813655,0.3780537589,0.4167064476,0.8991532485,0.1736442635,0.8084765642,0.01787917227
16.24,18.46012672,-0.1838623769,0.3756772951,0.8144344985,0.379105733,0.4182568633,0.89834554,0.1749388037,0.8070247092,0.0180364871
16.275,18.42042753,-0.1852475795,0.3767305609,0.8130460214,0.3801573224,0.4198125548,0.8975318505,0.1762425812,0.8055634226,0.01819399614
16.31,18.38089871,-0.1866434482,0.3777827667,0.8116482655,0.381208473,0.4213734633,0.8967122207,0.1775555956,0.8040928067,0.01835159775
16.345,18.34153919,-0.1880499886,0.378833805,0.81024126,0.3822591279,0.4229395348,0.8958866782,0.1788778501,0.8026129402,0.01850920974
16.38,18.30234786,-0.1894672019,0.3798835773,0.8088250196,0.3833092272,0.4245107218,0.8950552363,0.1802093529,0.801123876,0.01866677108
16.415,18.26332367,-0.1908950853,0.3809319947,0.807399543,0.3843587083,0.4260869843,0.8942178922,0.1815501182,0.7996256387,0.01882424315
16.45,18.22446553,-0.1923336333,0.381978979,0.8059648112,0.3854075058,0.4276682907,0.893374626,0.1829001669,0.7981182225,0.01898161064
16.485,18.1857724,-0.1937828385,0.3830244633,0.8045207865,0.3864555525,0.4292546191,0.8925254002,0.184259528,0.7966015899,0.01913888208
16.52,18.14724322,-0.1952426933,0.384068392,0.8030674116,0.3875027788,0.4308459574,0.8916701582,0.185628239,0.7950756711,0.01929608991
16.555,18.10887696,-0.1967131908,0.3851107211,0.801604609,0.3885491138,0.4324423047,0.8908088251,0.1870063469,0.793540363,0.01945329016
16.59,18.07067257,-0.198194326,0.3861514184,0.8001322807,0.3895944852,0.4340436715,0.8899413068,0.1883939088,0.7919955295,0.01961056168
16.625,18.03262905,-0.1996860972,0.3871904635,0.7986503081,0.3906388203,0.4356500803,0.8890674904,0.1897909924,0.7904410025,0.01976800502
16.66,17.99474538,-0.2011885072,0.3882278468,0.7971585524,0.3916820457,0.4372615653,0.8881872453,0.1911976765,0.7888765826,0.0199257409
16.695,17.95702055,-0.2027015645,0.3892635695,0.7956568553,0.3927240883,0.4388781731,0.8873004231,0.1926140508,0.7873020409,0.0200839083
16.73,17.91945356,-0.2042252842,0.3902976429,0.7941450396,0.3937648754,0.4404999623,0.8864068597,0.1940402168,0.785717121,0.02024266226
16.765,17.88204342,-0.2057596896,0.391330087,0.7926229106,0.3948043356,0.4421270031,0.8855063759,0.1954762868,0.7841215418,0.02040217138
16.8,17.84478917,-0.2073048128,0.3923609299,0.7910902576,0.3958423986,0.443759377,0.8845987793,0.1969223847,0.7825150003,0.02056261503
16.835,17.80768981,-0.2088606957,0.3933902063,0.7895468558,0.3968789959,0.4453971763,0.8836838659,0.1983786447,0.7808971749,0.02072418044
16.87,17.7707444,-0.2104273909,0.3944179565,0.7879924677,0.3979140611,0.4470405029,0.8827614226,0.1998452113,0.7792677292,0.02088705957
16.905,17.73395197,-0.2120049621,0.3954442244,0.7864268457,0.3989475302,0.4486894679,0.8818312285,0.2013222386,0.7776263155,0.0210514459
16.94,17.69731157,-0.2135934851,0.3964690562,0.7848497343,0.3999793417,0.45034419,0.8808930578,0.2028098894,0.7759725793,0.02121753124
16.975,17.66082227,-0.2151930476,0.3974924988,0.7832608727,0.4010094369,0.4520047946,0.879946682,0.2043083344,0.7743061631,0.02138550248
17.01,17.62448313,-0.21680375,0.3985145979,0.7816599968,0.4020377596,0.4536714128,0.8789918718,0.2058177508,0.7726267108,0.02155553846
17.045,17.58829322,-0.2184257048,0.3995353964,0.7800468425,0.4030642568,0.4553441791,0.8780284002,0.2073383215,0.7709338715,0.02172780701
17.08,17.55225164,-0.2200590373,0.4005549323,0.7784211476,0.4040888777,0.457023231,0.8770560439,0.2088702337,0.7692273042,0.02190246209
17.115,17.51635746,-0.2217038846,0.4015732376,0.7767826552,0.4051115744,0.4587087067,0.8760745865,0.2104136776,0.7675066811,0.02207964129
17.15,17.4806098,-0.2233603954,0.4025903359,0.7751311152,0.4061323009,0.4604007437,0.8750838198,0.2119688448,0.7657716916,0.02225946356
17.185,17.44500774,-0.2250287298,0.4036062414,0.7734662875,0.4071510131,0.4620994777,0.874083546,0.2135359273,0.7640220454,0.02244202727
17.22,17.40955041,-0.2267090579,0.4046209568,0.7717879438,0.4081676683,0.4638050405,0.8730735798,0.2151151156,0.7622574757,0.02262740871
17.255,17.37423692,-0.2284015593,0.4056344723,0.7700958699,0.4091822246,0.4655175586,0.8720537493,0.2167065974,0.7604777417,0.02281566094
17.29,17.3390664,-0.2301064221,0.4066467641,0.768389867,0.4101946402,0.467237152,0.8710238979,0.2183105562,0.7586826306,0.02300681313
17.325,17.30403798,-0.2318238414,0.4076577936,0.7666697542,0.4112048729,0.4689639326,0.8699838847,0.2199271701,0.7568719596,0.02320087035
17.36,17.26915081,-0.2335540185,0.408667506,0.7649353688,0.4122128791,0.470698003,0.8689335856,0.22155661,0.7550455762,0.0233978138
17.395,17.23440402,-0.2352971592,0.4096758301,0.7631865679,0.413218613,0.4724394553,0.8678728937,0.2231990389,0.7532033596,0.02359760153
17.43,17.19979679,-0.2370534726,0.4106826774,0.7614232288,0.4142220258,0.4741883701,0.8668017189,0.2248546104,0.75134522,0.02380016966
17.465,17.16532826,-0.2388231693,0.4116879419,0.7596452494,0.4152230646,0.4759448158,0.8657199884,0.2265234677,0.7494710983,0.024005434
17.5,17.1309976,-0.2406064604,0.4126915003,0.7578525482,0.4162216717,0.4777088477,0.8646276451,0.2282057432,0.7475809647,0.0242132921
17.505,17.12610443,-0.2408623383,0.4128347185,0.7575952424,0.4163641277,0.4779614742,0.8644707271,0.2284471708,0.7473096381,0.02424319113
17.535,17.09680399,-0.2424035555,0.4136932116,0.7560450638,0.4172177833,0.4794805075,0.8635246477,0.2299015571,0.7456748172,0.02442362574
17.57,17.06274661,-0.2442146615,0.4146929181,0.7542227546,0.4182113288,0.481259823,0.8624109687,0.2316110172,0.743752679,0.02463630376
17.605,17.02882465,-0.2460399809,0.4156904456,0.7523855971,0.4192022297,0.4830468081,0.8612865934,0.2333342188,0.741814596,0.02485118513
17.64,16.9950373,-0.2478797106,0.4166856045,0.7505335852,0.4201903986,0.4848414627,0.8601515178,0.235071244,0.7398606336,0.02506812239
17.675,16.96138376,-0.2497340404,0.4176781906,0.7486667284,0.4211757387,0.4866437731,0.8590057468,0.2368221619,0.737890873,0.02528696517
17.71,16.92786324,-0.2516031516,0.4186679866,0.7467850494,0.4221581424,0.4884537121,0.8578492916,0.2385870289,0.7359054072,0.02550756394
17.745,16.89447495,-0.2534872163,0.4196547632,0.7448885828,0.4231374911,0.4902712404,0.8566821681,0.2403658891,0.7339043372,0.02572977371
17.78,16.86121811,-0.255386396,0.4206382811,0.7429773721,0.4241136545,0.4920963064,0.8555043935,0.2421587748,0.7318877674,0.02595345786
17.815,16.82809194,-0.2573008407,0.4216182924,0.7410514674,0.4250864898,0.4939288482,0.8543159844,0.2439657071,0.7298558012,0.02617849172
17.85,16.79509569,-0.2592306885,0.4225945424,0.7391109231,0.4260558415,0.495768794,0.8531169537,0.2457866971,0.7278085368,0.02640476613
17.885,16.76222857,-0.2611760648,0.4235667718,0.7371557946,0.4270215414,0.4976160638,0.8519073085,0.247621747,0.7257460623,0.02663219072
17.92,16.72948984,-0.2631370821,0.4245347183,0.7351861359,0.4279834082,0.4994705707,0.8506870471,0.249470851,0.7236684522,0.02686069684
17.955,16.69687875,-0.2651138396,0.4254981189,0.7332019972,0.4289412476,0.5013322223,0.849456157,0.2513339971,0.7215757627,0.02709024023
17.99,16.66439455,-0.2671064233,0.4264567116,0.7312034217,0.429894853,0.5032009223,0.8482146123,0.2532111682,0.7194680286,0.02732080319
18.025,16.6320365,-0.2691149066,0.4274102375,0.7291904434,0.4308440053,0.5050765725,0.846962372,0.2551023441,0.7173452597,0.02755239628
18.06,16.59980388,-0.2711393499,0.4283584426,0.7271630847,0.431788474,0.5069590737,0.8456993781,0.2570075024,0.7152074381,0.02778505949
18.095,16.56769594,-0.2731798017,0.4293010796,0.7251213542,0.4327280182,0.5088483281,0.8444255539,0.258926621,0.7130545161,0.02801886291
18.13,16.53571197,-0.2752362994,0.4302379095,0.7230652448,0.4336623869,0.5107442406,0.8431408032,0.2608596793,0.710886414,0.0282539067
18.165,16.50385125,-0.2773088698,0.4311687028,0.720994732,0.434591321,0.51264672,0.8418450094,0.2628066596,0.7087030199,0.02849032052
18.2,16.47211308,-0.2793975305,0.4320932413,0.7189097729,0.4355145541,0.5145556814,0.8405380351,0.2647675493,0.7065041884,0.02872826234
18.235,16.44049674,-0.2815022909,0.4330113188,0.7168103046,0.4364318144,0.5164710466,0.8392197218,0.266742342,0.7042897415,0.02896791658
18.27,16.40900153,-0.2836231535,0.4339227417,0.7146962443,0.4373428263,0.5183927459,0.837889891,0.268731039,0.7020594694,0.02920949165
18.305,16.37762677,-0.2857601154,0.4348273302,0.7125674886,0.4382473121,0.520320719,0.8365483443,0.2707336507,0.6998131324,0.02945321699
18.34,16.34637176,-0.2879131695,0.4357249181,0.7104239136,0.4391449943,0.5222549162,0.8351948653,0.2727501975,0.6975504631,0.02969933947
18.375,16.31523581,-0.2900823064,0.4366153531,0.708265376,0.4400355973,0.5241952986,0.8338292209,0.274780711,0.6952711696,0.02994811932
18.41,16.28421825,-0.2922675155,0.4374984963,0.7060917132,0.4409188497,0.5261418391,0.8324511634,0.2768252349,0.6929749395,0.03019982563
18.445,16.25331841,-0.2944687868,0.4383742219,0.7039027454,0.4417944869,0.5280945226,0.8310604332,0.2788838248,0.6906614437,0.03045473148
18.48,16.22253561,-0.2966861121,0.4392424167,0.7016982769,0.4426622524,0.5300533461,0.8296567613,0.2809565497,0.6883303415,0.03071310874
18.515,16.19186919,-0.298919487,0.4401029782,0.6994780979,0.4435219011,0.5320183184,0.8282398724,0.2830434911,0.6859812862,0.03097522271
18.55,16.16131849,-0.3011689115,0.4409558143,0.6972419872,0.4443732005,0.53398946,0.8268094884,0.2851447434,0.6836139301,0.03124132654
18.585,16.13088286,-0.3034343918,0.4418008411,0.6949897147,0.4452159335,0.5359668024,0.8253653318,0.2872604133,0.681227931,0.03151165572
18.62,16.10056165,-0.3057159412,0.4426379814,0.6927210439,0.4460499001,0.5379503874,0.8239071295,0.2893906193,0.6788229581,0.03178642259
18.655,16.07035422,-0.3080135814,0.443467163,0.6904357352,0.4468749193,0.5399402662,0.8224346162,0.291535491,0.676398698,0.03206581099
18.69,16.04025993,-0.3103273429,0.4442883162,0.688133549,0.4476908307,0.5419364978,0.8209475386,0.2936951677,0.6739548611,0.0323499712
18.725,16.01027813,-0.3126572658,0.445101372,0.6858142486,0.4484974961,0.5439391484,0.8194456587,0.2958697972,0.6714911875,0.03263901527
18.76,15.98040821,-0.3150034007,0.4459062595,0.6834776037,0.4492948005,0.5459482894,0.8179287576,0.2980595347,0.6690074525,0.03293301279
18.795,15.95064953,-0.3173658083,0.4467029042,0.6811233933,0.4500826535,0.547963996,0.8163966388,0.3002645409,0.6665034719,0.03323198719
18.83,15.92100149,-0.3197445602,0.4474912248,0.6787514093,0.4508609892,0.5499863454,0.8148491316,0.3024849801,0.6639791072,0.03353591271
18.865,15.89146345,-0.3221397383,0.4482711318,0.6763614586,0.4516297672,0.5520154152,0.8132860931,0.3047210186,0.6614342693,0.03384471211
18.9,15.86203481,-0.3245514347,0.4490425247,0.6739533664,0.4523889721,0.5540512818,0.8117074116,0.3069728228,0.6588689221,0.03415825509
18.935,15.83271497,-0.3269797515,0.4498052902,0.6715269785,0.453138613,0.5560940181,0.8101130078,0.309240557,0.6562830854,0.0344763576
18.97,15.80350332,-0.3294247995,0.4505593,0.6690821633,0.4538787231,0.5581436924,0.8085028364,0.3115243814,0.6536768365,0.03479878206
19.005,15.77439926,-0.3318866982,0.4513044094,0.6666188137,0.4546093579,0.5602003663,0.8068768872,0.3138244504,0.6510503111,0.03512523846
19.04,15.74540221,-0.3343655743,0.4520404554,0.6641368484,0.4553305938,0.5622640932,0.8052351849,0.3161409105,0.6484037031,0.03545538639
19.075,15.71651156,-0.3368615606,0.4527672555,0.6616362127,0.4560425258,0.5643349171,0.8035777892,0.3184738986,0.6457372633,0.03578883801
19.11,15.68772674,-0.3393747952,0.4534846069,0.6591168792,0.4567452652,0.5664128709,0.8019047934,0.3208235403,0.6430512977,0.03612516202
19.145,15.65904717,-0.3419054198,0.4541922856,0.6565788473,0.4574389364,0.5684979757,0.8002163228,0.3231899484,0.6403461633,0.03646388837
19.18,15.63047226,-0.3444535787,0.4548900457,0.6540221435,0.4581236735,0.5705902397,0.7985125324,0.3255732216,0.6376222644,0.03680451402
19.215,15.60200146,-0.3470194172,0.45557762,0.6514468194,0.4587996168,0.5726896575,0.7967936037,0.3279734438,0.6348800469,0.0371465093
19.25,15.57363418,-0.3496030803,0.4562547195,0.6488529509,0.4594669086,0.5747962098,0.7950597412,0.3303906828,0.632119992,0.03748932515
19.285,15.54536987,-0.3522047111,0.4569210346,0.6462406358,0.4601256886,0.5769098633,0.7933111677,0.3328249904,0.6293426087,0.03783240089
19.32,15.51720797,-0.35482445,0.4575762355,0.6436099916,0.4607760894,0.5790305705,0.7915481197,0.3352764016,0.6265484258,0.03817517255
19.355,15.48914792,-0.3574624329,0.458219974,0.6409611522,0.4614182314,0.5811582706,0.789770842,0.3377449354,0.6237379829,0.03851708165
19.39,15.46118917,-0.3601187901,0.4588518845,0.6382942652,0.4620522178,0.5832928894,0.7879795815,0.3402305949,0.6209118209,0.03885758425
19.425,15.43333117,-0.3627936458,0.4594715862,0.6356094876,0.4626781292,0.5854343413,0.7861745811,0.3427333679,0.6180704719,0.03919616016
19.46,15.40557338,-0.3654871163,0.4600786852,0.6329069825,0.4632960183,0.5875825293,0.7843560729,0.3452532288,0.615214449,0.0395323222
19.495,15.37791526,-0.3681993103,0.4606727765,0.6301869144,0.4639059047,0.5897373476,0.7825242715,0.3477901391,0.6123442355,0.03986562534
19.53,15.35035627,-0.3709303272,0.4612534471,0.6274494455,0.4645077691,0.5918986823,0.7806793671,0.3503440502,0.6094602743,0.04019567559
19.565,15.32289589,-0.3736802577,0.4618202781,0.6246947306,0.4651015489,0.5940664141,0.7788215182,0.3529149043,0.6065629572,0.04052213848
19.6,15.29553357,-0.376449183,0.4623728479,0.6219229131,0.4656871324,0.5962404195,0.7769508447,0.3555026379,0.6036526151,0.04084474704
19.635,15.26826881,-0.379237175,0.4629107348,0.6191341206,0.4662643547,0.5984205739,0.7750674214,0.3581071833,0.6007295077,0.04116330902
19.67,15.24110107,-0.3820442966,0.4634335202,0.6163284606,0.4668329927,0.6006067534,0.7731712711,0.3607284722,0.5977938144,0.04147771341
19.705,15.21402984,-0.3848706019,0.4639407911,0.6135060164,0.467392762,0.602798837,0.7712623589,0.3633664379,0.5948456262,0.0417879359
19.74,15.18705461,-0.3877161371,0.4644321434,0.6106668437,0.4679433127,0.6049967097,0.7693405863,0.3660210188,0.5918849378,0.04209404343
19.775,15.16017487,-0.390580941,0.4649071837,0.6078109666,0.4684842265,0.6072002643,0.7674057868,0.3686921609,0.5889116416,0.04239619745
19.81,15.13339011,-0.393465046,0.4653655327,0.6049383755,0.4690150149,0.6094094039,0.7654577208,0.3713798215,0.5859255224,0.04269465611
19.845,15.10669982,-0.3963684795,0.4658068269,0.602049024,0.4695351171,0.6116240442,0.763496073,0.3740839715,0.5829262535,0.04298977498
19.88,15.08010352,-0.3992912645,0.4662307205,0.5991428273,0.4700438993,0.6138441159,0.7615204494,0.3768045986,0.5799133948,0.04328200655
19.915,15.0536007,-0.4022334216,0.4666368873,0.596219661,0.4705406545,0.6160695659,0.7595303758,0.37954171,0.5768863917,0.04357189825
19.95,15.02719088,-0.4051949698,0.467025022,0.5932793604,0.471024603,0.6183003597,0.7575252973,0.3822953348,0.5738445761,0.04386008913
19.985,15.00087356,-0.4081759284,0.467394841,0.5903217204,0.4714948944,0.6205364823,0.7555045791,0.3850655259,0.570787169,0.04414730508
20.02,14.97464825,-0.4111763178,0.4677460827,0.5873464967,0.4719506096,0.6227779397,0.7534675076,0.3878523622,0.5677132851,0.04443435274
20.055,14.94851449,-0.4141961616,0.4680785079,0.5843534071,0.4723907639,0.6250247593,0.7514132939,0.3906559498,0.5646219382,0.044722112
20.09,14.92247178,-0.4172354871,0.4683918993,0.5813421334,0.4728143119,0.6272769907,0.749341077,0.393476423,0.5615120496,0.04501152734
20.125,14.89651965,-0.4202943272,0.4686860607,0.5783123249,0.4732201517,0.6295347052,0.7472499295,0.396313945,0.5583824571,0.04530359789
20.16,14.87065764,-0.423372721,0.4689608157,0.5752636015,0.4736071313,0.6317979958,0.7451388636,0.3991687075,0.555231926,0.0455993665
20.195,14.84488527,-0.4264707147,0.4692160058,0.5721955582,0.473974055,0.6340669764,0.7430068382,0.4020409305,0.5520591616,0.04589990784
20.23,14.81920208,-0.4295883624,0.4694514887,0.5691077699,0.474319691,0.6363417803,0.7408527674,0.4049308613,0.548862823,0.0462063157
20.265,14.7936076,-0.4327257266,0.4696671353,0.5659997965,0.4746427796,0.6386225587,0.7386755295,0.4078387724,0.5456415379,0.04651968969
20.3,14.76810138,-0.435882878,0.4698628273,0.5628711891,0.4749420421,0.6409094786,0.736473977,0.4107649598,0.5423939188,0.04684112141
20.335,14.74268296,-0.4390598957,0.4700384534,0.5597214958,0.4752161897,0.6432027206,0.7342469475,0.4137097397,0.5391185799,0.0471716804
20.37,14.71735189,-0.4422568668,0.4701939063,0.5565502687,0.4754639341,0.6455024754,0.7319932747,0.4166734458,0.5358141542,0.04751240004
20.405,14.69210772,-0.4454738854,0.4703290787,0.5533570697,0.4756839971,0.6478089416,0.7297118004,0.4196564248,0.5324793117,0.04786426347
20.44,14.66695,-0.4487110519,0.4704438593,0.5501414783,0.4758751213,0.6501223214,0.7274013866,0.4226590328,0.5291127772,0.04822818996
20.475,14.64187829,-0.4519684714,0.4705381291,0.5469030974,0.4760360808,0.6524428175,0.7250609272,0.4256816301,0.5257133482,0.04860502176
20.51,14.61689215,-0.4552462523,0.4706117569,0.5436415607,0.4761656915,0.6547706285,0.7226893609,0.4287245759,0.5222799123,0.04899551174
20.545,14.59199114,-0.4585445042,0.4706645955,0.5403565385,0.476262822,0.6571059456,0.7202856824,0.4317882238,0.5188114643,0.04940031191
20.58,14.56717483,-0.4618633359,0.4706964775,0.537047744,0.4763264034,0.6594489479,0.7178489548,0.4348729149,0.5153071219,0.04981996318
20.615,14.54244278,-0.4652028526,0.4707072115,0.533714939,0.4763554392,0.6617997983,0.7153783199,0.437978973,0.5117661406,0.05025488637
20.65,14.51779458,-0.4685631539,0.4706965783,0.530357939,0.4763490147,0.6641586392,0.7128730092,0.441106698,0.5081879272,0.05070537474
20.685,14.49322978,-0.4719443302,0.4706643278,0.5269766173,0.4763063052,0.6665255886,0.7103323529,0.4442563603,0.5045720516,0.05117158815
20.72,14.46874797,-0.4753464605,0.4706101753,0.5235709094,0.476226584,0.668900736,0.7077557887,0.4474281946,0.5009182565,0.0516535489
20.755,14.44434874,-0.4787696089,0.4705337992,0.5201408154,0.4761092291,0.6712841385,0.7051428691,0.4506223946,0.4972264659,0.05215113953
20.79,14.42003165,-0.4822138214,0.4704348389,0.5166864026,0.4759537286,0.6736758176,0.7024932672,0.4538391072,0.4934967904,0.05266410241
20.825,14.3957963,-0.4856791233,0.4703128923,0.5132078068,0.4757596855,0.6760757557,0.6998067814,0.4570784274,0.4897295312,0.05319204132
20.86,14.37164228,-0.4891655159,0.4701675149,0.5097052325,0.4755268204,0.6784838937,0.6970833386,0.4603403941,0.4859251809,0.05373442501
20.895,14.34756918,-0.4926729736,0.4699982193,0.5061789527,0.4752549739,0.6809001285,0.6943229957,0.463624985,0.4820844224,0.05429059257
20.93,14.32357659,-0.496201441,0.4698044743,0.5026293075,0.4749441065,0.6833243111,0.6915259395,0.4669321141,0.4782081251,0.05485976079
20.965,14.29966411,-0.4997508309,0.4695857057,0.4990567017,0.4745942976,0.6857562453,0.6886924849,0.470261628,0.4742973388,0.05544103317
21,14.27583133,-0.5033210215,0.4693412973,0.4954616019,0.4742057427,0.6881956873,0.6858230715,0.473613304,0.4703532853,0.05603341063
21.035,14.25207787,-0.5069118547,0.469070592,0.4918445325,0.4737787495,0.690642345,0.6829182583,0.4769868487,0.4663773476,0.05663580369
21.07,14.22840332,-0.5105231347,0.4687728943,0.488206071,0.473313732,0.693095879,0.6799787178,0.4803818975,0.4623710566,0.05724704595
21.105,14.2048073,-0.5141546264,0.4684474727,0.4845468428,0.4728112033,0.6955559032,0.6770052265,0.4837980145,0.4583360768,0.0578659087
21.14,14.1812894,-0.5178060552,0.468093563,0.4808675151,0.4722717671,0.6980219871,0.6739986566,0.4872346945,0.4542741891,0.05849111642
21.175,14.15784926,-0.5214771063,0.4677103716,0.4771687908,0.4716961078,0.7004936574,0.6709599638,0.4906913641,0.450187273,0.05912136288
21.21,14.13448647,-0.5251674254,0.4672970798,0.473451401,0.4710849792,0.7029704016,0.6678901756,0.4941673856,0.4460772867,0.05975532774
21.245,14.11120066,-0.528876619,0.4668528482,0.4697160987,0.470439192,0.7054516709,0.6647903781,0.49766206,0.4419462468,0.06039169321
21.28,14.08799145,-0.5326042559,0.4663768211,0.4659636507,0.4697596012,0.7079368847,0.6616617011,0.5011746327,0.4377962067,0.06102916064
21.315,14.06485846,-0.5363498688,0.4658681319,0.4621948306,0.4690470911,0.7104254345,0.6585053038,0.504704298,0.4336292351,0.06166646683
21.35,14.04180131,-0.5401129568,0.4653259075,0.4584104114,0.4683025611,0.7129166896,0.6553223589,0.5082502063,0.4294473941,0.0623023996
21.385,14.01881964,-0.543892988,0.4647492743,0.4546111582,0.4675269102,0.7154100016,0.6521140368,0.5118114704,0.425252717,0.06293581266
21.42,13.99591307,-0.5476894026,0.4641373629,0.450797821,0.4667210214,0.7179047105,0.6488814894,0.5153871733,0.4210471873,0.06356563938
21.455,13.97308124,-0.5515016166,0.4634893132,0.4469711287,0.465885746,0.7204001503,0.6456258345,0.5189763765,0.4168327182,0.0641909053
21.49,13.95032378,-0.5553290256,0.4628042795,0.4431317821,0.4650218882,0.7228956549,0.6423481399,0.5225781278,0.4126111329,0.06481073928
21.525,13.92764033,-0.5591710095,0.4620814353,0.4392804494,0.4641301897,0.7253905643,0.6390494083,0.5261914708,0.4083841462,0.06542438304
21.56,13.90503052,-0.5630269363,0.4613199777,0.4354177605,0.4632113147,0.7278842304,0.6357305625,0.5298154528,0.4041533482,0.06603119901
21.595,13.882494,-0.5668961673,0.4605191313,0.431544303,0.4622658362,0.7303760229,0.6323924326,0.5334491348,0.3999201888,0.06663067643
21.63,13.86003042,-0.5707780617,0.4596781519,0.4276606193,0.4612942229,0.7328653349,0.6290357425,0.537091599,0.3956859654,0.06722243557
21.665,13.83763942,-0.5746719815,0.4587963296,0.4237672037,0.4602968266,0.7353515883,0.6256610996,0.5407419584,0.3914518116,0.06780623004
21.7,13.81532065,-0.5785772959,0.4578729918,0.419864501,0.4592738721,0.7378342388,0.6222689843,0.5443993639,0.3872186888,0.0683819473
21.735,13.79307375,-0.5824933863,0.4569075043,0.4159529058,0.4582254472,0.7403127802,0.618859742,0.5480630126,0.3829873803,0.06894960714
21.77,13.77089839,-0.5864196504,0.4558992736,0.4120327631,0.4571514953,0.7427867487,0.6154335768,0.551732154,0.3787584875,0.06950935849
21.805,13.74879422,-0.5903555061,0.4548477471,0.4081043692,0.4560518093,0.7452557257,0.6119905465,0.5554060967,0.374532429,0.07006147434
21.84,13.7267609,-0.5943003955,0.4537524135,0.4041679747,0.4549260273,0.747719341,0.6085305597,0.5590842128,0.3703094421,0.07060634507
21.875,13.70479808,-0.5982537878,0.4526128019,0.4002237869,0.4537736299,0.7501772744,0.6050533751,0.562765943,0.3660895868,0.07114447021
21.91,13.68290543,-0.6022151817,0.4514284813,0.3962719742,0.4525939404,0.7526292572,0.6015586027,0.5664507988,0.3618727524,0.07167644877
21.945,13.66108262,-0.606184108,0.4501990581,0.3923126715,0.4513861259,0.7550750723,0.5980457064,0.5701383648,0.3576586669,0.07220296835
21.98,13.6393293,-0.6101601304,0.4489241745,0.3883459849,0.4501492015,0.7575145538,0.5945140096,0.5738282992,0.3534469076,0.07272479313
22.015,13.61764515,-0.6141428463,0.4476035054,0.3843719989,0.4488820354,0.7599475861,0.5909627021,0.5775203337,0.3492369153,0.073242751
22.05,13.59602984,-0.6181318868,0.4462367549,0.380390783,0.447583357,0.7623741017,0.5873908488,0.5812142709,0.3450280092,0.0737577199
22.085,13.57448304,-0.6221269155,0.4448236535,0.3764023986,0.4462517662,0.764794078,0.5837974003,0.5849099817,0.3408194045,0.07427061374
22.12,13.55300443,-0.6261276276,0.4433639532,0.3724069075,0.4448857452,0.7672075345,0.5801812053,0.588607401,0.336610231,0.07478236799
22.155,13.53159368,-0.6301337466,0.4418574241,0.368404379,0.4434836712,0.7696145281,0.5765410246,0.5923065218,0.332399553,0.07529392517
22.19,13.51025047,-0.6341450218,0.4403038498,0.364394898,0.4420438314,0.7720151481,0.5728755455,0.5960073889,0.3281863906,0.07580622048
22.225,13.48897449,-0.6381612245,0.4387030232,0.3603785732,0.4405644392,0.7744095112,0.5691833985,0.599710091,0.3239697411,0.07632016782
22.26,13.46776541,-0.6421821431,0.437054742,0.3563555439,0.4390436512,0.7767977551,0.5654631742,0.6034147523,0.3197486014,0.07683664629
22.295,13.44662292,-0.6462075783,0.4353588045,0.3523259878,0.4374795856,0.7791800324,0.5617134408,0.6071215229,0.3155219896,0.07735648751
22.33,13.42554671,-0.6502373378,0.4336150059,0.3482901273,0.4358703415,0.7815565039,0.5579327624,0.6108305688,0.3112889674,0.07788046389
22.365,13.40453646,-0.6542712296,0.4318231342,0.3442482355,0.4342140178,0.7839273315,0.5541197171,0.6145420611,0.3070486609,0.078409278
22.4,13.38359187,-0.6583090563,0.4299829671,0.3402006414,0.4325087337,0.7862926717,0.5502729151,0.6182561656,0.3028002811,0.07894355331
22.435,13.36271264,-0.6623506081,0.4280942688,0.3361477343,0.4307526477,0.7886526682,0.5463910163,0.621973031,0.2985431427,0.07948382628
22.47,13.34189844,-0.6663956562,0.4261567876,0.3320899669,0.4289439772,0.7910074451,0.5424727474,0.6256927782,0.2942766817,0.08003054015
22.505,13.32114899,-0.6704439459,0.424170254,0.3280278579,0.4270810172,0.7933571005,0.5385169179,0.6294154889,0.2900004708,0.08058404026
22.54,13.30046398,-0.67449519,0.4221343792,0.3239619928,0.4251621578,0.7957017001,0.5345224347,0.6331411955,0.2857142332,0.08114457127
22.575,13.2798431,-0.6785490626,0.4200488544,0.3198930244,0.4231859006,0.7980412711,0.5304883161,0.6368698705,0.2814178535,0.08171227601
22.61,13.25928607,-0.6826051923,0.4179133503,0.3158216713,0.4211508742,0.8003757973,0.5264137031,0.6406014169,0.2771113869,0.08228719621
22.645,13.23879258,-0.6866631571,0.4157275178,0.311748716,0.4190558467,0.8027052139,0.5222978696,0.6443356604,0.2727950646,0.08286927498
22.68,13.21836235,-0.6907224788,0.413490989,0.3076750019,0.416899738,0.8050294036,0.5181402304,0.6480723407,0.2684692983,0.08345836097
22.715,13.19799507,-0.6947826188,0.4112033785,0.3036014286,0.414681628,0.8073481937,0.5139403468,0.6518111059,0.26413468,0.08405421409
22.75,13.17769046,-0.6988429741,0.4088642857,0.2995289477,0.4124007641,0.809661353,0.5096979308,0.6555515065,0.2597919807,0.08465651281
22.785,13.15744823,-0.7029028742,0.4064732975,0.295458556,0.4100565655,0.8119685906,0.5054128463,0.6592929922,0.2554421452,0.08526486265
22.82,13.1372681,-0.7069615794,0.4040299913,0.2913912901,0.4076486251,0.8142695552,0.5010851081,0.6630349086,0.2510862855,0.08587880585
22.855,13.11714977,-0.711018279,0.4015339387,0.2873282189,0.4051767092,0.8165638352,0.4967148791,0.666776497,0.2467256711,0.08649783194
22.89,13.09709297,-0.7150720916,0.3989847088,0.2832704366,0.4026407539,0.8188509596,0.4923024649,0.6705168941,0.242361717,0.08712138895
22.925,13.0770974,-0.7191220658,0.3963818728,0.2792190553,0.4000408598,0.8211304005,0.4878483067,0.6742551346,0.2379959704,0.08774889505
22.96,13.0571628,-0.7231671817,0.3937250078,0.2751751978,0.3973772838,0.8234015754,0.4833529716,0.6779901544,0.2336300952,0.08837975039
22.995,13.03728889,-0.7272063538,0.3910137015,0.2711399902,0.3946504292,0.8256638515,0.4788171421,0.6817207957,0.2292658555,0.08901334875
23.03,13.01747538,-0.7312384347,0.388247556,0.2671145553,0.3918608327,0.8279165497,0.4742416028,0.6854458132,0.2249050979,0.08964908895
23.065,12.997722,-0.73526222,0.3854261924,0.2631000063,0.3890091506,0.8301589498,0.4696272272,0.6891638819,0.2205497325,0.09028638554
23.1,12.97802848,-0.739276453,0.3825492545,0.2590974406,0.3860961427,0.8323902967,0.4649749618,0.6928736061,0.2162017151,0.0909246788
23.135,12.95839455,-0.7432798316,0.3796164125,0.2551079356,0.3831226551,0.8346098063,0.4602858109,0.6965735288,0.2118630277,0.09156344355
23.17,12.93881994,-0.747271015,0.3766273665,0.251132544,0.3800896018,0.8368166723,0.4555608192,0.7002621431,0.20753566,0.0922021969
23.205,12.91930437,-0.7512486307,0.3735818495,0.2471722907,0.3769979454,0.8390100735,0.450801056,0.7039379034,0.2032215921,0.09284050454
23.24,12.89984759,-0.7552112827,0.3704796294,0.2432281708,0.3738486779,0.8411891805,0.4460075975,0.7075992374,0.198922777,0.09347798561
23.275,12.88044932,-0.7591575597,0.3673205115,0.2393011484,0.3706428008,0.8433531636,0.4411815108,0.7112445586,0.1946411254,0.09411431601
23.31,12.86110931,-0.7630860427,0.3641043395,0.2353921564,0.3673813059,0.8455011996,0.4363238376,0.7148722786,0.1903784912,0.09474923018
23.345,12.84182729,-0.7669953141,0.3608309964,0.2315020975,0.3640651562,0.8476324792,0.4314355793,0.7184808197,0.1861366591,0.09538252118
23.38,12.82260299,-0.7708839651,0.3575004045,0.2276318464,0.3606952679,0.8497462132,0.4265176829,0.7220686268,0.1819173338,0.09601403943
23.415,12.80343617,-0.7747506039,0.354112525,0.2237822525,0.3572724941,0.8518416394,0.421571028,0.7256341786,0.1777221316,0.0966436898
23.45,12.78432657,-0.7785938629,0.3506673574,0.2199541439,0.3537976092,0.8539180282,0.4165964158,0.7291759989,0.1735525737,0.09727142744
23.485,12.76527392,-0.7824124056,0.3471649372,0.2161483321,0.3502712951,0.8559746877,0.4115945597,0.732692666,0.1694100816,0.09789725242
23.52,12.74627798,-0.7862049324,0.3436053342,0.2123656175,0.3466941302,0.8580109681,0.4065660775,0.7361828214,0.1652959754,0.09852120326
23.555,12.72733848,-0.7899701861,0.3399886503,0.2086067953,0.3430665796,0.8600262655,0.4015114857,0.7396451773,0.1612114731,0.09914334958
23.59,12.70845519,-0.7937069563,0.336315016,0.2048726624,0.3393889885,0.8620200244,0.3964311962,0.7430785225,0.1571576933,0.09976378413
23.625,12.68962785,-0.7974140824,0.3325845878,0.2011640236,0.3356615772,0.8639917401,0.3913255151,0.7464817269,0.1531356588,0.1003826143
23.66,12.67085621,-0.801090456,0.3287975445,0.1974816992,0.3318844392,0.8659409587,0.3861946433,0.749853744,0.1491463025,0.1009999535
23.695,12.65214003,-0.8047350221,0.3249540838,0.1938265318,0.3280575424,0.867867278,0.3810386799,0.7531936123,0.1451904755,0.1016159122
23.73,12.63347906,-0.8083467787,0.321054419,0.1901993929,0.3241807317,0.8697703459,0.3758576271,0.7565004546,0.1412689559,0.1022305895
23.765,12.61487305,-0.8119247763,0.3170987757,0.1866011902,0.3202537352,0.8716498586,0.3706513983,0.7597734759,0.1373824591,0.102844065
23.8,12.59632176,-0.8154681148,0.3130873885,0.1830328727,0.3162761728,0.8735055575,0.365419827,0.763011959,0.13353165,0.103456391
23.835,12.57782496,-0.8189759406,0.3090204982,0.1794954368,0.3122475667,0.8753372262,0.3601626782,0.7662152595,0.1297171547,0.1040675858
23.87,12.5593824,-0.822447442,0.3048983495,0.1759899308,0.3081673544,0.877144685,0.3548796614,0.7693827984,0.1259395741,0.1046776275
23.905,12.54099385,-0.8258818441,0.3007211892,0.1725174584,0.304034904,0.8789277866,0.3495704454,0.7725140541,0.1221994963,0.1052864496
23.94,12.52265906,-0.8292784024,0.2964892647,0.1690791811,0.2998495308,0.88068641,0.3442346738,0.7756085528,0.1184975106,0.1058939366
23.975,12.50437781,-0.8326363959,0.2922028231,0.16567632,0.2956105158,0.882420454,0.3388719818,0.7786658577,0.11483422,0.1064999223
24.01,12.48614985,-0.8359551201,0.2878621116,0.1623101555,0.2913171248,0.884129831,0.3334820142,0.7816855581,0.1112102538,0.1071041881
24.045,12.46797496,-0.8392338787,0.2834673779,0.1589820264,0.2869686289,0.8858144599,0.3280644429,0.7846672575,0.1076262787,0.1077064638
24.08,12.44985291,-0.842471976,0.2790188715,0.1556933267,0.2825643255,0.8874742593,0.3226189858,0.787610561,0.10408301,0.108306429
24.115,12.43178345,-0.8456687086,0.2745168462,0.152445502,0.2781035585,0.8891091404,0.3171454246,0.7905150636,0.1005812203,0.1089037161
24.15,12.41376638,-0.8488233575,0.2699615625,0.1492400438,0.2735857394,0.8907190003,0.3116436225,0.7933803376,0.09712174745,0.109497915
24.185,12.39580145,-0.8519351805,0.2653532914,0.1460784825,0.2690103666,0.8923037156,0.3061135417,0.7962059209,0.09370550038,0.1100885787
24.22,12.37788844,-0.8550034045,0.2606923182,0.14296238,0.2643770444,0.8938631363,0.300555259,0.7989913064,0.09033346371,0.1106752299
24.255,12.36002713,-0.8580272195,0.2559789476,0.1398933196,0.2596855003,0.8953970801,0.2949689813,0.801735931,0.08700669995,0.111257369
24.29,12.34221729,-0.8610057726,0.2512135083,0.1368728969,0.2549356001,0.8969053278,0.2893550588,0.8044391671,0.08372635008,0.1118344828
24.325,12.32445871,-0.8639381625,0.2463963587,0.1339027082,0.2501273612,0.8983876192,0.283713997,0.8071003143,0.08049363207,0.1124060536
24.36,12.30675115,-0.8668234366,0.2415278927,0.1309843395,0.2452609639,0.8998436493,0.2780464666,0.8097185932,0.07730983759,0.1129715692
24.395,12.2890944,-0.8696605872,0.2366085451,0.1281193547,0.2403367592,0.9012730665,0.2723533126,0.8122931405,0.0741763269,0.1135305326
24.43,12.27148825,-0.8724485506,0.2316387978,0.125309284,0.2353552747,0.902675471,0.2666355603,0.814823006,0.07109452201,0.114082472
24.465,12.25393247,-0.8751862066,0.2266191849,0.1225556122,0.2303172167,0.9040504141,0.26089442,0.8173071511,0.06806589839,0.1146269505
24.5,12.23642686,-0.8778723796,0.2215502987,0.1198597678,0.22522347,0.9053973988,0.2551312905,0.8197444497,0.06509197539,0.1151635749
24.535,12.21897118,-0.8805058409,0.2164327938,0.1172231131,0.2200750946,0.9067158817,0.2493477602,0.82213369,0.0621743055,0.1156920045
24.57,12.20156524,-0.8830853123,0.2112673918,0.1146469343,0.2148733193,0.9080052751,0.2435456074,0.8244735796,0.05931446289,0.1162119575
24.605,12.18420882,-0.8856094711,0.2060548848,0.1121324344,0.2096195327,0.9092649508,0.2377267998,0.8267627508,0.05651403132,0.1167232178
24.64,12.1669017,-0.888076956,0.2007961383,0.109680726,0.2043152716,0.9104942443,0.2318934925,0.828999769,0.05377459187,0.1172256392
24.675,12.14964369,-0.8904863745,0.1954920927,0.107292827,0.1989622072,0.9116924599,0.2260480273,0.8311831414,0.05109771063,0.117719148
24.71,12.13243456,-0.8928363105,0.1901437643,0.1049696569,0.1935621292,0.9128588765,0.2201929307,0.8333113285,0.04848492673,0.1182037448
24.745,12.11527412,-0.8951253339,0.1847522452,0.1027120362,0.1881169279,0.9139927546,0.2143309146,0.8353827554,0.04593774094,0.1186795036
24.78,12.09816215,-0.8973520093,0.1793187016,0.1005206865,0.1826285757,0.9150933424,0.2084648773,0.8373958253,0.04345760506,0.1191465696
24.815,12.08109845,-0.8995149067,0.1738443714,0.09839623317,0.1770991069,0.9161598839,0.2025979081,0.8393489328,0.04104591238,0.1196051548
24.85,12.06408282,-0.9016126114,0.1683305605,0.09633920995,0.1715305977,0.9171916259,0.1967332949,0.8412404786,0.03870398931,0.1200555321
24.885,12.04711505,-0.9036437343,0.1627786378,0.09435006471,0.1659251451,0.9181878258,0.190874536,0.8430688834,0.03643308848,0.1204980281
24.92,12.03019494,-0.9056069223,0.1571900295,0.09242916735,0.1602848471,0.9191477591,0.1850253582,0.844832603,0.03423438318,0.1209330138
24.955,12.0133223,-0.9075008679,0.1515662117,0.09057681881,0.1546117829,0.9200707265,0.1791897417,0.8465301418,0.03210896353,0.1213608946
24.99,11.99649692,-0.9093243189,0.1459087031,0.08879326153,0.1489079945,0.9209560612,0.1733719531,0.8481600666,0.03005783412,0.1217820993
25.025,11.9797186,-0.9110760864,0.1402190556,0.08707869069,0.143175469,0.9218031345,0.1675765893,0.8497210189,0.02808191328,0.1221970679
25.06,11.96298715,-0.9127550532,0.1344988451,0.08543326638,0.1374161232,0.9226113627,0.1618086336,0.8512117266,0.02618203392,0.1226062395
25.095,11.94630237,-0.91436018,0.1287496614,0.08385712608,0.1316317901,0.923380211,0.1560735268,0.852631014,0.02435894577,0.1230100402
25.13,11.92966407,-0.9158905107,0.1229730976,0.08235039746,0.1258242071,0.9241091983,0.1503772557,0.8539778104,0.02261331905,0.1234088706
25.165,11.91307204,-0.9173451774,0.1171707393,0.08091321101,0.1199950063,0.9247979004,0.1447264636,0.8552511567,0.02094574926,0.1238030941
25.2,11.89652611,-0.9187234025,0.1113441534,0.07954571238,0.1141457085,0.9254459524,0.1391285849,0.8564502107,0.01935676313,0.1241930261
25.235,11.88002607,-0.9200245006,0.1054948763,0.07824807412,0.108277718,0.9260530496,0.1335920107,0.8575742507,0.01784682532,0.124578924
25.27,11.86357175,-0.9212478791,0.09962440331,0.07702050654,0.1023923212,0.9266189489,0.1281262888,0.8586226765,0.01641634588,0.1249609776
25.305,11.84716293,-0.9223930371,0.09373417579,0.07586326753,0.09649068745,0.9271434682,0.1227423648,0.8595950106,0.01506568812,0.1253393013
25.34,11.83079945,-0.9234595642,0.08782556957,0.07477667117,0.09057387175,0.9276264859,0.1174528705,0.8604908974,0.01379517679,0.1257139258
25.375,11.8144811,-0.924447139,0.08189988172,0.0737610949,0.08464282084,0.9280679411,0.1122724643,0.8613101034,0.01260510624,0.1260847904
25.41,11.79820771,-0.9253555282,0.07595831635,0.07281698521,0.07869838081,0.9284678343,0.1072182283,0.8620525193,0.01149574848,0.1264517322
25.445,11.78197909,-0.9261845885,0.07000196857,0.07194486174,0.07274130706,0.9288262311,0.1023101211,0.8627181676,0.01046736088,0.1268144715
25.48,11.76579505,-0.9269342737,0.06403180593,0.07114531981,0.06677227603,0.929143272,0.09757147829,0.8633072199,0.009520193376,0.1271725867
25.515,11.74965542,-0.9276046513,0.05804864718,0.07041903146,0.06079189865,0.929419192,0.09302953796,0.8638200345,0.008654494934,0.1275254706
25.55,11.73356,-0.9281959367,0.05205313946,0.06976674517,0.05480073509,0.9296543584,0.08871594726,0.8642572262,0.007870519298,0.1278722545
25.585,11.71750862,-0.9287085575,0.04604573934,0.06918928447,0.04879931065,0.9298493398,0.08466717076,0.8646197948,0.007168529805,0.1282116754
25.62,11.70150109,-0.9291432646,0.04002671349,0.06868754606,0.04278813263,0.9300050236,0.08092467656,0.8649093439,0.006548803277,0.1285418528
25.655,11.68553724,-0.9295013116,0.0339961978,0.06826249801,0.03676770801,0.9301228036,0.07753472117,0.8651284298,0.006011632987,0.1288599373
25.69,11.66961689,-0.9297847067,0.02795439797,0.06791517921,0.03073856218,0.9302048426,0.07454750682,0.8652810493,0.005557330772,0.12916162
25.725,11.65373986,-0.9299964668,0.02190207827,0.06764670157,0.02470125925,0.9302543359,0.07201547363,0.8653731294,0.005186228442,0.1294406422
25.76,11.63790598,-0.9301405951,0.01584149929,0.06745825723,0.0186564257,0.930275486,0.06999056142,0.8654124798,0.004898678688,0.1296888415
25.795,11.62211506,-0.9302211586,0.009777686376,0.06735113407,0.01260478073,0.9302725445,0.06852047692,0.865407007,0.004695055758,0.1298979372
25.83,11.60636694,-0.9302398323,0.003718992032,0.06732674362,0.006547180709,0.9302472663,0.06764433444,0.8653599764,0.004575755981,0.1300642676
25.865,11.59066143,-0.9301927916,-0.002325043051,0.06738666552,0.0004846926979,0.9301956974,0.06738840863,0.8652640354,0.004541197617,0.130194767
25.9,11.57499838,-0.9300704836,-0.008348777336,0.06753270906,-0.005581273364,0.9301079543,0.06776295009,0.8651008066,0.004591817405,0.130307376
25.935,11.5593776,-0.9298624945,-0.01435400505,0.06776697398,-0.01164871663,0.9299732771,0.06876085632,0.8648502961,0.004728055362,0.1304216486
25.97,11.54379892,-0.9295632157,-0.02034767445,0.06809183283,-0.01771458308,0.9297858892,0.07035839788,0.8645017998,0.004950304152,0.1305478961
26.005,11.52826218,-0.9291728826,-0.02633667792,0.06850958473,-0.02377396838,0.9295460539,0.07251734119,0.8640558663,0.005258764773,0.1306853689
26.04,11.5127672,-0.9286948842,-0.03232487644,0.06902114287,-0.02981905668,0.9292572763,0.07518706208,0.8635190856,0.005653094304,0.1308278201
26.075,11.49731383,-0.9281330599,-0.03831312058,0.0696227038,-0.03583890524,0.9289235017,0.07830547882,0.862898872,0.006131748014,0.1309693799
26.11,11.48190188,-0.9274904638,-0.0443003973,0.07030082155,-0.04182368287,0.928547837,0.08180113666,0.8622010857,0.006691425959,0.1311074884
26.145,11.46653119,-0.9267691784,-0.05028482105,0.07103345089,-0.04777641924,0.9281323577,0.08560570881,0.8614296733,0.00732833738,0.1312419893
26.18,11.4512016,-0.9259705206,-0.05626419441,0.07180734538,-0.05371981125,0.9276783196,0.08967782876,0.8605870647,0.008042112972,0.1313708224
26.215,11.43591295,-0.9250952996,-0.06223625673,0.07263410481,-0.05967788542,0.9271864241,0.09400618698,0.859674665,0.00883716319,0.1314881719
26.25,11.42066507,-0.9241440194,-0.06819876936,0.07353684089,-0.06565448605,0.9266570244,0.09858082221,0.8586932408,0.009718178507,0.1315885807
26.2525,11.41957749,-0.92407317,-0.06862423931,0.07360469026,-0.06608182435,0.9266177797,0.09891641895,0.8586205097,0.009784457938,0.1315950324
26.285,11.40545779,-0.9231170175,-0.07414953028,0.07452990169,-0.07163807412,0.926090266,0.1033765927,0.8576431808,0.01068671991,0.1316700993
26.32,11.39029096,-0.9220145533,-0.08008636431,0.07561628981,-0.07761541927,0.9254861762,0.1083604014,0.8565246623,0.01174197659,0.1317333611
26.355,11.37516441,-0.9208368656,-0.08600710859,0.07679345832,-0.08357705794,0.9248447198,0.1135004839,0.8553377558,0.01288235985,0.1317798844
26.39,11.36007798,-0.9195842089,-0.09190960107,0.07805744482,-0.08951699457,0.9241658358,0.1187697647,0.8540824921,0.01410625701,0.1318112509
26.425,11.34503152,-0.9182568783,-0.09779167409,0.07940441919,-0.09543130813,0.9234494605,0.1241458673,0.8527589061,0.01541219636,0.1318288975
26.46,11.33002487,-0.9168552259,-0.1036511531,0.08083101022,-0.1013171567,0.9226955439,0.129610256,0.8513670667,0.01679881846,0.1318341148
26.495,11.31505786,-0.9153796724,-0.1094858596,0.0823342553,-0.1071722442,0.9219040612,0.1351473993,0.8499070981,0.01826481953,0.1318280823
26.53,11.30013034,-0.9138307158,-0.1152936184,0.08391148558,-0.1129945664,0.9210750217,0.1407441276,0.8483791956,0.01980890944,0.1318118949
26.565,11.28524216,-0.9122089364,-0.121072267,0.08556023255,-0.1187822999,0.920208475,0.1463891668,0.8467836374,0.02142978817,0.1317865744
26.6,11.27039316,-0.9105150003,-0.1268196672,0.08727816825,-0.1245337589,0.9193045163,0.1520727976,0.8451207937,0.02312613576,0.1317530705
26.635,11.25558318,-0.9087496609,-0.1325337186,0.08906307298,-0.1302473819,0.9183632902,0.157786601,0.8433911328,0.02489661146,0.1317122557
26.67,11.24081207,-0.9069137586,-0.1382123726,0.0909128222,-0.1359217316,0.917384993,0.1635232655,0.8415952254,0.02673985836,0.1316649162
26.705,11.22607969,-0.9050082182,-0.1438536466,0.09282538561,-0.1415554986,0.9163698743,0.1692764349,0.8397337466,0.0286545114,0.131611742
26.74,11.21138586,-0.9030340458,-0.1494556388,0.09479883381,-0.1471475056,0.9153182375,0.1750405876,0.8378074759,0.0306392073,0.1315533168
26.775,11.19673046,-0.9009923233,-0.1550165417,0.09683134881,-0.1526967099,0.9142304386,0.1808109381,0.8358172949,0.03269259533,0.1314901098
26.81,11.18211332,-0.8988842018,-0.1605346553,0.09892123631,-0.1582022034,0.9131068852,0.1865833545,0.8337641838,0.03481334816,0.131422468
26.845,11.16753429,-0.8967108937,-0.1660083984,0.1010669381,-0.1636632104,0.9119480332,0.1923542888,0.8316492152,0.0370001724,0.1313506124
26.88,11.15299323,-0.8944736637,-0.1714363194,0.1032670431,-0.1690790824,0.9107543832,0.1981207165,0.8294735466,0.03925181829,0.1312746351
26.915,11.13848999,-0.8921738187,-0.1768171041,0.1055202969,-0.1744492911,0.9095264763,0.203880083,0.8272384111,0.04156708823,0.1311945006
26.95,11.12402442,-0.8898126977,-0.1821495826,0.1078256084,-0.179773419,0.9082648883,0.2096302554,0.8249451074,0.04394484399,0.1311100486
26.985,11.10959637,-0.8873916598,-0.1874327331,0.1101820539,-0.1850511479,0.906970224,0.2153694786,0.8225949873,0.04638401233,0.1310210004
27.02,11.0952057,-0.8849120736,-0.1926656841,0.1125888779,-0.1902822469,0.9056431106,0.221096334,0.8201894438,0.04888358892,0.1309269673
27.055,11.08085226,-0.8823753052,-0.1978477144,0.1150454905,-0.1954665588,0.9042841906,0.226809701,0.8177298974,0.05144264048,0.1308274621
27.09,11.06653592,-0.8797827077,-0.2029782496,0.117551462,-0.2006039853,0.9028941148,0.2325087206,0.8152177825,0.05406030514,0.1307219123
27.125,11.05225652,-0.8771356097,-0.2080568578,0.1201065144,-0.2056944728,0.9014735348,0.23819276,0.812654534,0.05673579092,0.1306096751
27.16,11.03801392,-0.8744353063,-0.2130832419,0.1227105087,-0.2107379974,0.9000230958,0.2438613797,0.810041573,0.05946837251,0.1304900545
27.195,11.02380798,-0.8716830495,-0.2180572307,0.1253634314,-0.2157345507,0.8985434295,0.2495143008,0.8073802946,0.06225738628,0.1303623191
27.23,11.00963856,-0.8688800405,-0.2229787673,0.1280653763,-0.2206841254,0.8970351473,0.2551513744,0.8046720554,0.06510222383,0.1302257207
27.265,10.99550552,-0.8660274235,-0.2278478963,0.1308165261,-0.2255867028,0.8954988342,0.2607725522,0.8019181621,0.068002324,0.1300795139
27.3,10.98140872,-0.8631262807,-0.2326647494,0.1336171305,-0.2304422402,0.8939350435,0.2663778588,0.799119862,0.07095716363,0.1299229744
27.335,10.96734802,-0.8601776285,-0.2374295298,0.1364674839,-0.2352506603,0.8923442913,0.2719673645,0.7962783342,0.07396624735,0.1297554184
27.37,10.95332327,-0.8571824167,-0.2421424958,0.1393679017,-0.240011842,0.8907270534,0.2775411615,0.7933946837,0.07702909634,0.1295762199
27.405,10.93933436,-0.8541415276,-0.246803944,0.1423186959,-0.2447256125,0.8890837621,0.2830993406,0.7904699359,0.08014523663,0.1293848274
27.44,10.92538112,-0.8510557787,-0.2514141917,0.1453201508,-0.2493917414,0.8874148039,0.2886419701,0.7875050342,0.08331418689,0.1291807789
27.475,10.91146344,-0.8479259258,-0.2559735603,0.1483724986,-0.2540099364,0.8857205198,0.2941690774,0.7845008392,0.0865354461,0.1289637147
27.51,10.89758117,-0.8447526683,-0.2604823584,0.1514758963,-0.2585798412,0.8840012046,0.2996806324,0.7814581297,0.08980848141,0.1287333889
27.545,10.88373418,-0.8415366563,-0.264940866,0.1546304033,-0.263101035,0.882257109,0.3051765329,0.7783776064,0.09313271623,0.1284896773
27.58,10.86992234,-0.8382784985,-0.2693493203,0.1578359607,-0.2675730341,0.8804884425,0.3106565935,0.7752598973,0.09650751906,0.1282325836
27.615,10.8561455,-0.8349787715,-0.2737079017,0.1610923728,-0.2719952951,0.8786953763,0.3161205358,0.7721055644,0.09993219313,0.1279622425
27.65,10.84240354,-0.8316380311,-0.2780167228,0.164399291,-0.27636722,0.876878049,0.3215679822,0.7689151129,0.1034059672,0.12767892
27.685,10.82869633,-0.8282568225,-0.2822758186,0.1677561996,-0.2806881631,0.8750365716,0.3269984516,0.7656890017,0.1069279874,0.1273830109
27.72,10.81502374,-0.824835693,-0.2864851387,0.171162406,-0.2849574387,0.8731710343,0.3324113583,0.7624276552,0.1104973111,0.1270750337
27.755,10.80138562,-0.8213752041,-0.2906445422,0.174617033,-0.2891743313,0.8712815135,0.3378060125,0.7591314758,0.1141129021,0.1267556221
27.79,10.78778186,-0.817875943,-0.294753795,0.1781190147,-0.2933381051,0.8693680796,0.3431816244,0.7558008578,0.1177736273,0.1264255149
27.825,10.77421233,-0.8143385353,-0.2988125687,0.1816670965,-0.2974480162,0.8674308049,0.3485373098,0.7524362013,0.1214782563,0.1260855424
27.86,10.76067688,-0.8107636557,-0.3028204434,0.185259838,-0.3015033237,0.865469772,0.353872098,0.7490379263,0.1252254617,0.1257366119
27.895,10.74717541,-0.8071520388,-0.3067769114,0.1888956197,-0.305503302,0.8634850821,0.3591849421,0.7456064871,0.1290138227,0.1253796903
27.93,10.73370777,-0.8035044883,-0.3106813842,0.1925726537,-0.3094472527,0.8614768628,0.3644747305,0.7421423852,0.1328418292,0.1250157856
27.965,10.72027384,-0.7998218848,-0.3145332016,0.1962889967,-0.3133345165,0.859445276,0.3697403,0.7386461824,0.1367078895,0.1246459281
28,10.7068735,-0.7961051928,-0.3183316422,0.2000425671,-0.3171644835,0.857390525,0.3749804505,0.7351185124,0.1406103382,0.1242711494
28.035,10.69350662,-0.7923554643,-0.3220759361,0.2038311639,-0.3209366037,0.8553128611,0.3801939597,0.7315600903,0.144547447,0.1238924626
28.07,10.68017307,-0.7885738423,-0.3257652792,0.2076524894,-0.3246503958,0.8532125889,0.3853795997,0.7279717219,0.1485174359,0.1235108422
28.105,10.66687273,-0.7847615612,-0.3293988485,0.2115041723,-0.3283054544,0.8510900712,0.3905361524,0.7243543093,0.1525184863,0.1231272044
28.14,10.65360547,-0.7809199449,-0.332975818,0.2153837934,-0.3319014559,0.8489457319,0.3956624254,0.7207088558,0.1565487549,0.1227423893
28.175,10.64037118,-0.777050404,-0.3364953754,0.2192889123,-0.3354381627,0.8467800588,0.4007572682,0.717036468,0.160606388,0.122357144
28.21,10.62716973,-0.7731544291,-0.3399567389,0.2232170938,-0.3389154254,0.8445936037,0.4058195862,0.7133383555,0.1646895365,0.121972108
28.245,10.61400099,-0.7692335836,-0.3433591736,0.2271659352,-0.3423331831,0.8423869825,0.4108483545,0.7096158283,0.1687963704,0.1215878013
28.28,10.60086485,-0.7652894943,-0.3467020075,0.2311330928,-0.345691462,0.8401608728,0.4158426307,0.7058702921,0.1729250935,0.1212046144
28.315,10.58776119,-0.7613238395,-0.3499846459,0.2351163062,-0.3489903723,0.8379160107,0.4208015653,0.7021032409,0.1770739574,0.1208228017
28.35,10.57468988,-0.7573383362,-0.3532065857,0.2391134228,-0.3522301027,0.8356531863,0.4257244111,0.6983162477,0.1812412742,0.1204424781
28.385,10.5616508,-0.7533347265,-0.3563674268,0.2431224184,-0.3554109144,0.8333732376,0.4306105298,0.6945109531,0.1854254284,0.1200636185
28.42,10.54864384,-0.7493147621,-0.3594668824,0.2471414166,-0.3585331331,0.8310770435,0.435459398,0.6906890523,0.1896248873,0.1196860604
28.455,10.53566888,-0.7452801887,-0.3625047869,0.2511687042,-0.3615971399,0.8287655158,0.4402706095,0.6868522802,0.1938382096,0.1193095102
28.49,10.5227258,-0.7412327302,-0.3654811016,0.2552027441,-0.3646033618,0.82643959,0.4450438765,0.683002396,0.198064052,0.118933552
28.525,10.50981448,-0.7371740724,-0.3683959184,0.2592421842,-0.3675522609,0.8241002158,0.4497790286,0.6791411656,0.2023011745,0.1185576598
28.56,10.4969348,-0.7331058477,-0.3712494599,0.2632858632,-0.3704443241,0.8217483468,0.4544760093,0.6752703454,0.206548443,0.1181812116
28.595,10.48408666,-0.7290296203,-0.3740420785,0.267332812,-0.3732800525,0.8193849302,0.4591348712,0.6713916638,0.2108048299,0.1178035063
28.63,10.47126993,-0.7249468723,-0.3767742518,0.2713822519,-0.3760599508,0.8170108962,0.4637557689,0.6675068045,0.2150694132,0.1174237823
28.665,10.45848449,-0.7208589913,-0.3794465761,0.275433589,-0.3787845179,0.8146271475,0.4683389509,0.6636173894,0.2193413729,0.1170412377
28.7,10.44573024,-0.7167672596,-0.3820597579,0.2794864047,-0.3814542377,0.8122345493,0.472884749,0.659724963,0.2236199859,0.1166550511
28.735,10.43300706,-0.7126728456,-0.384614603,0.2835404434,-0.3840695716,0.8098339198,0.4773935681,0.6558309777,0.2279046189,0.1162644034
28.77,10.42031484,-0.7085767968,-0.3871120038,0.2875955969,-0.3866309516,0.8074260217,0.4818658736,0.6519367805,0.2321947201,0.1158684994
28.805,10.40765346,-0.7044800355,-0.3895529255,0.2916518858,-0.3891387755,0.8050115541,0.4863021788,0.6480436022,0.2364898091,0.1154665887
28.84,10.39502282,-0.7003833568,-0.39193839,0.2957094395,-0.3915934029,0.8025911462,0.4907030322,0.644152548,0.2407894658,0.1150579862
28.875,10.38242279,-0.6962874287,-0.3942694603,0.2997684731,-0.3939951537,0.8001653521,0.4950690039,0.6402645906,0.2450933186,0.1146420908
28.91,10.36985327,-0.6921927954,-0.3965472233,0.3038292638,-0.3963443075,0.7977346466,0.4994006724,0.6363805664,0.2494010316,0.114218402
28.945,10.35731415,-0.6880998827,-0.3987727727,0.307892126,-0.3986411052,0.7952994233,0.5036986122,0.6325011728,0.253712292,0.1137865353
28.98,10.34480531,-0.6840090052,-0.4009471917,0.3119573859,-0.4008857518,0.7928599938,0.5079633812,0.6286269697,0.2580267966,0.1133462337
29.015,10.33232666,-0.6799203767,-0.4030715373,0.3160253564,-0.4030784216,0.7904165881,0.5121955094,0.6247583828,0.2623442398,0.1128973774
29.05,10.31987807,-0.6758341221,-0.405146824,0.3200963123,-0.4052192634,0.7879693583,0.5163954885,0.6208957096,0.2666643006,0.1124399898
29.085,10.30745945,-0.6717502912,-0.4071740097,0.3241704669,-0.4073084088,0.7855183816,0.5205637632,0.6170391279,0.2709866315,0.1119742406
29.12,10.29507067,-0.6676688738,-0.4091539828,0.3282479502,-0.4093459799,0.783063667,0.5247007224,0.6131887067,0.2753108481,0.1115004452
29.155,10.28271164,-0.6635898165,-0.411087551,0.3323287885,-0.4113320993,0.7806051621,0.528806694,0.6093444192,0.2796365196,0.1110190613
29.19,10.27038225,-0.6595130399,-0.4129754325,0.3364128873,-0.4132668996,0.7781427618,0.5328819392,0.6055061577,0.2839631611,0.1105306812
29.225,10.2580824,-0.6554384566,-0.414818249,0.3405000164,-0.4151505345,0.7756763179,0.53692665,0.6016737501,0.2882902275,0.1100360224
29.26,10.24581196,-0.651365989,-0.4166165212,0.3445897986,-0.4169831888,0.7732056501,0.5409409478,0.5978469774,0.292617109,0.1095359136
29.295,10.23357085,-0.6472955871,-0.4183706672,0.3486817011,-0.4187650892,0.7707305575,0.5449248834,0.5940255923,0.2969431286,0.1090312791
29.33,10.22135895,-0.6432272454,-0.4200810031,0.3527750315,-0.420496514,0.7682508304,0.5488784393,0.5902093383,0.3012675411,0.1085231205
29.365,10.20917616,-0.6391610187,-0.4217477459,0.3568689364,-0.4221778027,0.7657662627,0.552801533,0.586397969,0.3055895349,0.1080124961
29.4,10.19702238,-0.6350970366,-0.4233710198,0.3609624049,-0.423809364,0.7632766643,0.5566940226,0.5825912663,0.3099082348,0.1075004989
29.435,10.1848975,-0.6310355158,-0.4249508638,0.3650542747,-0.4253916827,0.7607818734,0.5605557128,0.5787890588,0.3142227072,0.106988234
29.47,10.17280143,-0.6269767703,-0.4264872422,0.3691432426,-0.4269253253,0.7582817671,0.5643863632,0.5749912383,0.3185319669,0.1064767948
29.505,10.16073405,-0.6229212197,-0.4279800567,0.3732278787,-0.4284109432,0.755776273,0.5681856965,0.5711977749,0.3228349857,0.1059672395
29.54,10.14869526,-0.6188693935,-0.4294291603,0.3773066426,-0.4298492751,0.7532653782,0.5719534089,0.5674087299,0.3271307019,0.1054605682
29.575,10.13668497,-0.614821934,-0.4308343726,0.3813779039,-0.4312411462,0.7507491373,0.5756891798,0.5636242672,0.3314180318,0.1049577011
29.61,10.12470307,-0.6107795951,-0.4321954957,0.3854399644,-0.4325874655,0.7482276794,0.5793926833,0.5598446603,0.3356958814,0.1044594583
29.645,10.11274947,-0.6067432383,-0.4335123311,0.3894910822,-0.4338892214,0.7457012125,0.5830635982,0.5560702984,0.3399631596,0.1039665421
29.68,10.10082406,-0.6027138259,-0.4347846964,0.3935294982,-0.4351474748,0.7431700264,0.5867016199,0.5523016882,0.3442187908,0.103479521
29.715,10.08892674,-0.5986924111,-0.4360124421,0.3975534629,-0.4363633495,0.7406344934,0.5903064701,0.5485394528,0.3484617287,0.1029988185
29.75,10.07705741,-0.5946801253,-0.4371954667,0.4015612638,-0.4375380217,0.7380950667,0.5938779075,0.5447843275,0.352690969,0.1025247035
29.785,10.06521598,-0.5906781623,-0.4383337323,0.405551253,-0.4386727065,0.7355522771,0.5974157365,0.5410371524,0.3569055623,0.1020572854
29.82,10.05340235,-0.5866877618,-0.4394272771,0.4095218738,-0.4397686441,0.7330067269,0.6009198161,0.5372988617,0.3611046254,0.1015965129
29.855,10.04161641,-0.5827101891,-0.4404762265,0.4134716864,-0.4408270831,0.7304590821,0.6043900666,0.5335704706,0.3652873526,0.1011421768
29.89,10.02985808,-0.578746715,-0.4414808025,0.4173993915,-0.4418492645,0.7279100625,0.6078264756,0.5298530591,0.3694530245,0.1006939164
29.925,10.01812725,-0.5747985934,-0.4424413303,0.421303852,-0.4428364035,0.7253604303,0.6112291027,0.5261477538,0.373601016,0.1002512302
29.96,10.00642383,-0.57086704,-0.4433582416,0.4251841118,-0.4437896725,0.7228109765,0.614598082,0.5224557078,0.3777308024,0.09981348986
29.995,9.994747725,-0.5669532093,-0.444232076,0.4290394114,-0.4447101832,0.720262507,0.6179336239,0.5187780789,0.3818419636,0.09937995747
30.03,9.983098834,-0.563058174,-0.445063479,0.4328692004,-0.4455989694,0.7177158265,0.6212360149,0.5151160076,0.3859341862,0.09894980612
30.065,9.971477066,-0.5591829039,-0.4458531974,0.4366731458,-0.4464569718,0.7151717232,0.6245056156,0.5114705937,0.3900072639,0.09852214246
30.1,9.959882326,-0.5553282483,-0.4466020715,0.4404511366,-0.4472850223,0.7126309519,0.6277428573,0.5078428736,0.3940610949,0.09809603144
30.135,9.948314518,-0.551494919,-0.4473110251,0.4442032847,-0.4480838323,0.7100942183,0.6309482379,0.5042337988,0.398095679,0.09767052225
30.17,9.93677355,-0.5476834769,-0.4479810527,0.4479299214,-0.4488539809,0.7075621629,0.6341223152,0.5006442144,0.4021111107,0.0972446749
30.205,9.925259328,-0.5438943216,-0.448613205,0.4516315896,-0.449595907,0.7050353472,0.6372656999,0.4970748408,0.4061075723,0.09681758692
30.24,9.913771759,-0.5401276844,-0.4492085721,0.4553090324,-0.4503099034,0.7025142395,0.6403790472,0.4935262567,0.4100853241,0.0963884192
30.275,9.902310751,-0.5363836247,-0.4497682656,0.4589631782,-0.450996114,0.699999204,0.6434630477,0.4899988855,0.4140446938,0.09595642065
30.31,9.890876212,-0.5326620309,-0.4502933999,0.4625951217,-0.4516545333,0.6974904911,0.6465184175,0.4864929852,0.4179860641,0.0955209507
30.345,9.879468051,-0.5289626253,-0.4507850727,0.4662061019,-0.4522850103,0.6949882306,0.6495458875,0.4830086407,0.42190986,0.09508149927
30.38,9.868086175,-0.5252849722,-0.451244346,0.4697974777,-0.4528872538,0.6924924273,0.6525461935,0.4795457618,0.4258165347,0.09463770345
30.415,9.856730495,-0.5216284916,-0.4516722271,0.4733707004,-0.4534608423,0.6900029594,0.6555200649,0.476104084,0.4297065555,0.09418936053
30.45,9.84540092,-0.5179924751,-0.4520696515,0.4769272847,-0.4540052359,0.6875195809,0.6584682142,0.4726831741,0.4335803891,0.09373643687
30.485,9.834097359,-0.5143761066,-0.4524374665,0.4804687781,-0.4545197914,0.6850419259,0.661391327,0.4692824402,0.4374384875,0.09327907231
30.52,9.822819725,-0.5107784858,-0.452776418,0.4839967297,-0.4550037798,0.6825695175,0.6642900525,0.4659011462,0.4412812739,0.09281757984
30.555,9.811567927,-0.5071986539,-0.4530871388,0.4875126578,-0.4554564064,0.6801017791,0.6671649943,0.4625384299,0.4451091296,0.09235244047
30.59,9.800341876,-0.5036356228,-0.4533701409,0.4910180191,-0.4558768325,0.6776380488,0.6700167024,0.4591933252,0.4489223815,0.09188429326
30.625,9.789141486,-0.5000884045,-0.4536258104,0.4945141771,-0.4562641996,0.6751775975,0.6728456667,0.4558647882,0.4527212912,0.09141392063
30.66,9.777966667,-0.4965560425,-0.4538544066,0.4980023732,-0.4566176533,0.6727196487,0.6756523108,0.4525517257,0.4565060451,0.09094222922
30.695,9.766817332,-0.4930376425,-0.4540560645,0.501483699,-0.4569363701,0.670263401,0.678436988,0.4492530267,0.4602767467,0.09047022663
30.73,9.755693394,-0.4895324032,-0.4542308019,0.5049590711,-0.4572195826,0.6678080527,0.6811999781,0.4459675952,0.4640334102,0.08999899459
30.765,9.744594767,-0.4860396448,-0.4543785294,0.5084292094,-0.4574666058,0.6653528269,0.6839414862,0.4426943843,0.4677759565,0.08952965921
30.8,9.733521364,-0.482558836,-0.454499065,0.5118946183,-0.4576768626,0.6628969983,0.6866616421,0.4394324303,0.4715042108,0.08906335889
30.835,9.722473099,-0.4790896173,-0.4545921523,0.5153555716,-0.4578499072,0.6604399188,0.6893605027,0.4361808863,0.4752179027,0.08860121095
30.87,9.711449887,-0.4756318205,-0.454657481,0.5188121026,-0.4579854484,0.6579810435,0.6920380544,0.4329390537,0.4789166687,0.08814427763
30.905,9.700451642,-0.4721854838,-0.454694711,0.5222639974,-0.458083369,0.655519955,0.6946942176,0.4297064114,0.4826000559,0.08769353267
30.94,9.689478281,-0.4687508616,-0.4547034984,0.525710794,-0.458143744,0.6530563848,0.6973288529,0.4264826417,0.486267529,0.08724982923
30.975,9.678529718,-0.4653284283,-0.4546835221,0.529151785,-0.4581668547,0.6505902331,0.6999417678,0.4232676514,0.4899184783,0.08681387029
31.01,9.667605869,-0.4619188761,-0.4546345119,0.5325860266,-0.4581531995,0.6481215839,0.7025327252,0.4200615875,0.49355223,0.08638618246
31.045,9.656706652,-0.458523107,-0.4545562761,0.536012351,-0.4581035011,0.6456507166,0.7051014524,0.4168648478,0.4971680581,0.08596709406
31.08,9.645831982,-0.4551422177,-0.4544487273,0.539429384,-0.4580187085,0.6431781122,0.7076476508,0.413678084,0.5007651976,0.08555671839
31.115,9.634981777,-0.4517774785,-0.4543119068,0.5428355666,-0.4578999958,0.6407044551,0.7101710066,0.4105021988,0.5043428586,0.08515494268
31.15,9.624155955,-0.4484303071,-0.454146006,0.5462291811,-0.4577487555,0.6382306284,0.7126712015,0.4073383351,0.5079002414,0.08476142355
31.185,9.613354433,-0.4451022356,-0.4539513834,0.5496083795,-0.4575665869,0.6357577043,0.7151479234,0.4041878586,0.5114365523,0.08437558907
31.22,9.60257713,-0.4417948743,-0.4537285776,0.5529712164,-0.4573552808,0.633286928,0.7176008773,0.4010523331,0.5149510191,0.08399664779
31.255,9.591823964,-0.4385098711,-0.453478315,0.5563156824,-0.4571167987,0.6308196963,0.7200297953,0.3979334892,0.5184429061,0.08362360467
31.29,9.581094855,-0.4352488679,-0.4532015112,0.5596397406,-0.4568532482,0.628357531,0.7224344466,0.3948331867,0.5219115296,0.08325528362
31.325,9.570389721,-0.4320134561,-0.4528992673,0.5629413633,-0.4565668545,0.6259020471,0.7248146461,0.3917533726,0.5253562711,0.08289035629
31.36,9.559708482,-0.428805131,-0.4525728594,0.5662185691,-0.4562599282,0.6234549169,0.7271702621,0.3886960334,0.5287765901,0.08252737643
31.395,9.549051059,-0.4256252477,-0.4522237218,0.5694694595,-0.4559348305,0.6210178307,0.7295012234,0.385663146,0.532172035,0.082164819
31.43,9.538417372,-0.4224749788,-0.4518534246,0.572692254,-0.4555939355,0.6185924547,0.7318075238,0.382656625,0.5355422519,0.08180112302
31.465,9.527807341,-0.4193552756,-0.4514636457,0.5758853236,-0.4552395922,0.6161803881,0.7340892264,0.3796782706,0.5388869923,0.08143473711
31.5,9.517220889,-0.4162668342,-0.4510561379,0.5790472212,-0.4548740842,0.6137831187,0.7363464653,0.3767297168,0.5422061169,0.08106416628
31.535,9.506657936,-0.4132100668,-0.4506326917,0.5821767095,-0.4544995906,0.6114019808,0.7385794466,0.3738123822,0.5454995989,0.08068801893
31.57,9.496118404,-0.4101850804,-0.4501950955,0.5852727842,-0.454118147,0.6090381139,0.7407884471,0.3709274242,0.5487675234,0.08030505238
31.605,9.485602215,-0.4071916625,-0.449745093,0.5883346939,-0.4537316094,0.6066924251,0.7429738121,0.3680756987,0.5520100854,0.07991421585
31.64,9.475109292,-0.4042292754,-0.4492843407,0.5913619546,-0.4533416189,0.6043655565,0.7451359506,0.3652577259,0.5552275848,0.0795146893
31.675,9.464639558,-0.4012970584,-0.4488143649,0.5943543601,-0.4529495716,0.6020578571,0.7472753306,0.3624736632,0.5584204198,0.07910591701
31.71,9.454192936,-0.3983938397,-0.4483365213,0.5973119866,-0.4525565911,0.5997693622,0.7493924722,0.3597232879,0.5615890775,0.07868763467
31.745,9.44376935,-0.3955181559,-0.4478519573,0.6002351928,-0.452163507,0.5974997802,0.7514879399,0.3570059873,0.5647341238,0.07825988896
31.78,9.433368722,-0.3926682808,-0.4473615784,0.6031246147,-0.4517708378,0.5952484864,0.7535623337,0.3543207605,0.5678561907,0.07782304872
31.815,9.422990979,-0.3898422617,-0.4468660207,0.6059811548,-0.4513787804,0.5930145272,0.7556162805,0.3516662295,0.5709559634,0.07737780709
31.85,9.412636044,-0.3870379626,-0.4463656303,0.6088059677,-0.450987205,0.590796632,0.7576504243,0.3490406604,0.5740341654,0.07692517419
31.885,9.402303842,-0.3842531135,-0.4458604495,0.6116004397,-0.4505956572,0.5885932345,0.7596654159,0.3464419957,0.5770915442,0.07646646013
31.92,9.391994298,-0.3814853649,-0.4453502124,0.6143661652,-0.4502033666,0.5864025028,0.7616619042,0.3438678953,0.5801288562,0.07600324844
31.955,9.381707338,-0.3787323449,-0.444834349,0.6171049189,-0.4498092613,0.5842223782,0.7636405256,0.3413157872,0.5831468524,0.07553736043
31.99,9.371442888,-0.3759917191,-0.444311999,0.6198186246,-0.4494119895,0.5820506209,0.7656018964,0.3387829253,0.5861462637,0.07507081095
32.025,9.361200874,-0.3732612494,-0.4437820348,0.6225093216,-0.4490099476,0.5798848633,0.7675466035,0.3362664547,0.5891277886,0.07460575674
32.06,9.350981223,-0.3705388524,-0.4432430934,0.6251791283,-0.4486013131,0.5777226679,0.7694751982,0.333763481,0.5920920806,0.07414443845
32.095,9.34078386,-0.3678226536,-0.4426936173,0.6278302045,-0.4481840839,0.5755615895,0.7713881894,0.3312711433,0.5950397387,0.07368911799
32.13,9.330608715,-0.3651110368,-0.4421319027,0.6304647131,-0.4477561213,0.5733992401,0.7732860393,0.3287866886,0.5979712986,0.07324201279
32.165,9.320455713,-0.3624026862,-0.4415561543,0.6330847811,-0.4473151983,0.5712333537,0.77516916,0.3263075444,0.6008872266,0.07280522898
32.2,9.310324783,-0.3596966216,-0.4409645446,0.6356924611,-0.4468590498,0.56906185,0.7770379112,0.3238313891,0.6037879155,0.07238069539
32.235,9.300215852,-0.3569922227,-0.4403552767,0.6382896945,-0.446385426,0.5668828951,0.7788926002,0.3213562168,0.6066736826,0.07197010057
32.27,9.29012885,-0.3542892443,-0.4397266487,0.640878276,-0.4458921467,0.5646949568,0.7807334828,0.3188803942,0.6095447711,0.07157483465
32.305,9.280063705,-0.3515878205,-0.4390771161,0.6434598213,-0.4453771557,0.5624968528,0.782560766,0.3164027095,0.6124013525,0.07119593807
32.34,9.270020346,-0.3488884574,-0.4384053526,0.6460357375,-0.4448385753,0.5602877911,0.7843746122,0.3139224089,0.6152435322,0.07083405893
32.375,9.259998703,-0.3461920157,-0.4377103044,0.6486071979,-0.4442747576,0.5580673995,0.7861751442,0.3114392223,0.6180713574,0.07048942024
32.41,9.249998704,-0.3434996827,-0.4369912391,0.6511751212,-0.4436843338,0.5558357447,0.7879624525,0.3089533751,0.6208848265,0.07016179842
32.445,9.24002028,-0.3408129355,-0.4362477841,0.6537401555,-0.4430662583,0.55359334,0.7897366017,0.3064655861,0.6236839001,0.06985051373
32.48,9.230063362,-0.338133496,-0.4354799556,0.656302668,-0.4424198483,0.5513411401,0.79149764,0.3039770528,0.6264685142,0.06955443302
32.515,9.220127879,-0.3354632799,-0.4346881757,0.6588627402,-0.4417448161,0.5490805243,0.793245607,0.3014894222,0.629238593,0.0692719848
32.55,9.210213763,-0.3328043407,-0.4338732774,0.6614201691,-0.4410412945,0.546813268,0.7949805429,0.29900475,0.6319940636,0.06900118635
32.585,9.200320945,-0.330158812,-0.4330364965,0.6639744743,-0.4403098536,0.5445415029,0.7967024976,0.2965254484,0.6347348696,0.06873968197
32.62,9.190449356,-0.3275288478,-0.4321794511,0.6665249106,-0.4395515078,0.5422676683,0.7984115383,0.2940542241,0.6374609845,0.0684847914
32.655,9.180598928,-0.3249165659,-0.4313041087,0.6690704874,-0.4387677139,0.5399944527,0.8001077577,0.2915940089,0.6401724239,0.06823356713
32.69,9.170769593,-0.3223239924,-0.4304127424,0.6716099917,-0.437960358,0.5377247297,0.8017912796,0.2891478849,0.6428692561,0.06798285904
32.725,9.160961283,-0.319753013,-0.4295078765,0.6741420169,-0.4371317318,0.5354614882,0.8034622641,0.2867190053,0.6455516099,0.06772938477
32.76,9.151173932,-0.3172053286,-0.4285922245,0.6766649956,-0.4362844991,0.5332077601,0.8051209104,0.2843105154,0.6482196804,0.06746980415
32.795,9.141407471,-0.3146824198,-0.4276686194,0.6791772354,-0.4354216503,0.5309665464,0.8067674576,0.2819254733,0.6508737306,0.06720079602
32.83,9.131661834,-0.3121855186,-0.4267399402,0.6816769573,-0.4345464481,0.5287407442,0.8084021831,0.2795667746,0.6535140897,0.06691913572
32.865,9.121936954,-0.3097155893,-0.4258090357,0.6841623357,-0.4336623635,0.526533077,0.810025399,0.2772370811,0.656141147,0.06662177184
32.9,9.112232766,-0.307273318,-0.4248786478,0.6866315387,-0.4327730031,0.5243460282,0.811637445,0.2749387573,0.6587553421,0.06630590059
32.935,9.102549203,-0.3048591116,-0.4239513364,0.6890827686,-0.4318820299,0.5221817821,0.8132386795,0.2726738135,0.6613571498,0.0659690367
32.97,9.0928862,-0.3024731044,-0.4230294087,0.6915143003,-0.4309930783,0.5200421709,0.8148294675,0.2704438595,0.6639470611,0.06560907946
33.005,9.08324369,-0.3001151739,-0.4221148537,0.6939245174,-0.430109665,0.5179286314,0.8164101664,0.2682500673,0.6665255598,0.06522437294
33.04,9.07362161,-0.2977849627,-0.4212092843,0.6963119457,-0.4292350983,0.5158421708,0.8179811094,0.2660931452,0.6690930953,0.06481375944
33.075,9.064019894,-0.2954819074,-0.4203138891,0.6986752819,-0.4283723872,0.5137833425,0.8195425869,0.263973323,0.6716500517,0.06437662524
33.11,9.054438478,-0.2932052721,-0.4194293938,0.7010134182,-0.4275241532,0.511752233,0.8210948265,0.261890348,0.6741967141,0.06391293797
33.145,9.044877297,-0.2909541858,-0.4185560346,0.7033254609,-0.426692546,0.5097484599,0.8226379719,0.2598434923,0.6767332327,0.06342327491
33.18,9.035336287,-0.2887276826,-0.4176935445,0.705610744,-0.4258791667,0.5077711806,0.8241720613,0.2578315718,0.6792595867,0.06290884153
33.215,9.025815385,-0.2865247432,-0.4168411513,0.7078688363,-0.4250849996,0.5058191118,0.8256970063,0.2558529739,0.6817755463,0.06237147985
33.25,9.016314526,-0.2843443351,-0.4159975904,0.7100995425,-0.4243103553,0.5038905597,0.8272125712,0.2539056961,0.6842806379,0.06181366596
33.285,9.006833649,-0.2821854524,-0.4151611297,0.7123028984,-0.4235548269,0.501983459,0.8287183541,0.2519873931,0.6867741104,0.06123849648
33.32,8.997372689,-0.2800471519,-0.4143296075,0.7144791591,-0.4228172618,0.5000954218,0.8302137711,0.2500954309,0.6892549057,0.06064966344
33.355,8.987931584,-0.2779285846,-0.4135004832,0.7166287829,-0.4220957503,0.4982237928,0.8316980431,0.2482269477,0.6917216349,0.06005141738
33.39,8.978510273,-0.2758290227,-0.4126708985,0.7187524087,-0.4213876319,0.4963657121,0.8331701875,0.2463789202,0.6941725613,0.05944851846
33.425,8.969108691,-0.2737478786,-0.411837749,0.7208508292,-0.4206895221,0.4945181822,0.8346290146,0.2445482325,0.696605592,0.0588461755
33.46,8.959726778,-0.2716847177,-0.410997764,0.7229249602,-0.4199973587,0.4926781382,0.8360731304,0.2427317478,0.6990182793,0.05824997283
33.495,8.950364472,-0.2696392629,-0.4101475925,0.7249758064,-0.4193064692,0.4908425203,0.8375009463,0.2409263798,0.701407835,0.05766578522
33.53,8.941021712,-0.26761139,-0.4092838946,0.7270044255,-0.4186116602,0.489008346,0.8389106965,0.2391291624,0.7037711567,0.05709968084
33.565,8.931698436,-0.2656011156,-0.4084034335,0.7290118912,-0.4179073255,0.4871727795,0.8403004642,0.2373373171,0.7061048702,0.05655781272
33.6,8.922394583,-0.263608576,-0.4075031692,0.7309992563,-0.4171875766,0.4853331991,0.8416682166,0.2355483142,0.7084053868,0.05604629904
33.635,8.913110094,-0.2616339988,-0.4065803479,0.7329675185,-0.4164463895,0.483487258,0.8430118495,0.2337599287,0.7106689785,0.05557109287
33.67,8.903844906,-0.2596776679,-0.4056325878,0.7349175884,-0.4156777705,0.4816329385,0.844329243,0.2319702875,0.7128918706,0.05513784194
33.705,8.894598962,-0.2577398819,-0.4046579561,0.7368502635,-0.4148759349,0.4797685985,0.8456183254,0.2301779081,0.7150703522,0.05475173965
33.74,8.885372199,-0.2558209095,-0.4036550375,0.7387662087,-0.414035498,0.4778930079,0.8468771485,0.228381727,0.7172009047,0.0544173683
33.775,8.87616456,-0.2539209417,-0.4026229905,0.7406659446,-0.4131516733,0.4760053751,0.8481039716,0.2265811171,0.7192803467,0.05413853618
33.81,8.866975983,-0.2520400433,-0.4015615908,0.7425498467,-0.4122204748,0.4741053624,0.8492973535,0.2247758946,0.7213059947,0.05391811066
33.845,8.857806412,-0.2501781064,-0.4004712588,0.7444181553,-0.4112389165,0.4721930898,0.8504562519,0.2229663141,0.7232758364,0.05375784956
33.88,8.848655785,-0.2483348064,-0.399353073,0.7462709981,-0.4102052051,0.4702691282,0.8515801271,0.221153053,0.7251887129,0.05365823418
33.915,8.839524045,-0.246509564,-0.3982087647,0.7481084259,-0.4091189191,0.4683344803,0.8526690489,0.2193371854,0.7270445069,0.0536183077
33.95,8.830411134,-0.2447015143,-0.3970406975,0.7499304619,-0.4079811665,0.4663905516,0.8537238019,0.2175201466,0.7288443299,0.05363552354
33.985,8.821316993,-0.2429094851,-0.3958518284,0.7517371631,-0.406794715,0.4644391112,0.8547459872,0.215703688,0.7305907026,0.05370560933
34.02,8.812241564,-0.2411319857,-0.3946456528,0.7535286946,-0.4055640862,0.4624822437,0.8557381151,0.2138898258,0.7322877217,0.05382245256
34.055,8.803184789,-0.2393672079,-0.3934261327,0.7553054118,-0.4042956066,0.4605222927,0.8567036842,0.2120807821,0.7339412025,0.05397801536
34.09,8.794146612,-0.2376130403,-0.3921976102,0.7570679502,-0.4029974072,0.4585617978,0.8576472419,0.2102789224,0.7355587915,0.05416228614
34.125,8.785126974,-0.2358670962,-0.3909647063,0.7588173179,-0.4016793653,0.456603426,0.8585744198,0.2084866886,0.7371500344,0.05436327701
34.16,8.77612582,-0.2341267567,-0.3897322063,0.7605549843,-0.4003529802,0.4546498992,0.8594919388,0.2067065308,0.7387263928,0.05456707634
34.195,8.767143091,-0.2323892283,-0.3885049349,0.7622829624,-0.3990311778,0.4527039185,0.8604075753,0.2049408378,0.7403011956,0.05475796653
34.23,8.758178732,-0.2306516161,-0.3872876199,0.7640038752,-0.3977280383,0.4507680873,0.8613300841,0.2031918686,0.7418895138,0.05491861762
34.265,8.749232686,-0.2289110115,-0.3860847499,0.765721,-0.3964584426,0.4488448344,0.8622690686,0.2014616853,0.7435079466,0.05503036807
34.3,8.740304898,-0.2271645945,-0.384900425,0.7674382826,-0.3952376342,0.4469363379,0.8632347914,0.1997520902,0.745174305,0.0550736048
34.335,8.731395311,-0.2254097503,-0.3837382048,0.7691603119,-0.3940806941,0.4450444532,0.864237918,0.1980645653,0.7469071789,0.05502825577
34.37,8.72250387,-0.2236441992,-0.3826009555,0.7708922466,-0.3930019277,0.4431706432,0.8652891835,0.196400219,0.7487253711,0.05487440993
34.405,8.713630519,-0.2218661377,-0.3814907004,0.7726396811,-0.3920141631,0.4413159158,0.8663989732,0.1947597375,0.7506471808,0.05459308167
34.44,8.704775203,-0.2200743912,-0.3804084743,0.7744084406,-0.3911279614,0.4394807675,0.8675768064,0.193143345,0.752689515,0.05416714001
34.475,8.695937868,-0.2182685742,-0.3793541889,0.7762042909,-0.3903507405,0.4376651359,0.8688307095,0.1915507712,0.7548668018,0.05358242701
34.51,8.687118458,-0.2164492581,-0.37832651,0.7780325448,-0.3896858156,0.4358683626,0.8701664643,0.1899812295,0.7571896757,0.05282909487
34.545,8.67831692,-0.2146181406,-0.3773227517,0.7798975455,-0.3891313603,0.4340891674,0.8715867123,0.1884334052,0.7596633971,0.0519031977
34.58,8.669533198,-0.2127782161,-0.3763387924,0.7818020003,-0.3886792968,0.4323256364,0.8730898942,0.1869054559,0.7622859634,0.05080858068
34.615,8.66076724,-0.2109339398,-0.3753690146,0.7837461313,-0.3883141273,0.4305752246,0.8746690001,0.1853950241,0.7650458597,0.04955911622
34.65,8.65201899,-0.2090913831,-0.3744062734,0.7857266021,-0.3880117273,0.4288347748,0.8763101013,0.183899264,0.7679193937,0.04818134225
34.685,8.643288396,-0.2072583711,-0.3734418968,0.7877351699,-0.3877381329,0.4271005534,0.8779906364,0.1824148827,0.7708675576,0.04671755967
34.72,8.634575403,-0.2054445983,-0.3724657188,0.7897570022,-0.3874483733,0.4253683047,0.8796774207,0.1809381946,0.7738323645,0.04522944087
34.755,8.62587996,-0.2036617139,-0.3714661468,0.7917685891,-0.3870854247,0.4236333225,0.8813243584,0.1794651919,0.7767326246,0.04380218345
34.79,8.617202012,-0.2019233688,-0.3704302635,0.7937351795,-0.3865793999,0.4218905391,0.8828698475,0.177991627,0.7794591676,0.04254920547
34.825,8.608541508,-0.2002452179,-0.36934396,0.7956076728,-0.3858471364,0.4201346309,0.8842338954,0.1765131081,0.7818695817,0.04161731019
34.86,8.599898394,-0.1986448705,-0.3681920963,0.7973189215,-0.3847924086,0.4183601372,0.8853150063,0.1750252044,0.7837826604,0.04119213519
34.895,8.591272618,-0.1971417826,-0.3669586846,0.7987794485,-0.3833070647,0.4165615905,0.8859869712,0.1735235587,0.7849729131,0.04150352824
34.93,8.582664128,-0.1957570876,-0.3656270857,0.7998726739,-0.3812734689,0.4147336533,0.886095792,0.1720040031,0.7851657526,0.04283024429
34.965,8.574072873,-0.1945133637,-0.3641802122,0.8004498949,-0.378568702,0.412871258,0.8854571115,0.1704626757,0.7840342964,0.04550302799
35,8.5654988,-0.1934343373,-0.3626007274,0.8003254777,-0.3750710019,0.4109697439,0.8838546978,0.1688961304,0.7811991268,0.04990474281
