2026-08-10 12:30:44   In order to get an optimal performance, hyperthreading is ignored for parallel
                      computations.

                      ------------------------------------------------------------------------------
2026-08-10 12:30:46   
                      ------------------------------------------------------------------------------
2026-08-10 12:30:47   Units settings: 

                        Dimensions: um
                        Frequency:  THz
                        Time:       ps

                      ------------------------------------------------------------------------------
2026-08-10 12:30:47   Boundary conditions: 

                        YZsymmetry: none
                        XZsymmetry: none
                        XYsymmetry: none

                        Xmin: unit cell
                        Xmax: unit cell

                        Ymin: unit cell
                        Ymax: unit cell

                        Zmin: expanded open
                        Zmax: expanded open

                      ------------------------------------------------------------------------------
2026-08-10 12:30:47   Order settings: 

                        Solver order   : 2nd (constant)
                        Curved elements: up to order 3 (automatic)

                      ------------------------------------------------------------------------------
2026-08-10 12:30:47     Mesh time                :	1 s


                      ------------------------------------------------------------------------------
2026-08-10 12:30:48   
                      ================================================================================
                      Frequency Domain Solver calculation cycle started

                      ------------------------------------------------------------------------------
2026-08-10 12:30:48   Solver started at: 2026-08-10 12:30:48 -0400

                        Module:  Frequency Domain: S-Parameter (Win 64)
                        Version: 2026.0 Release from 2025-08-29 (change 1465899)

                        Free disk space at solver start is 294 GB.


                      ------------------------------------------------------------------------------
2026-08-10 12:30:48   An iterative solver will be used first.

                      ------------------------------------------------------------------------------
2026-08-10 12:30:48   The wavelength based mesh refinement has been applied to 8.8% of all mesh edges.

                      ------------------------------------------------------------------------------
2026-08-10 12:30:48   The low frequency stabilization is not applied to periodic problems.

                      ------------------------------------------------------------------------------
2026-08-10 12:30:48     Calculation 1 (Frequency: 34 THz, Theta: 0, Phi: 0)


                      ------------------------------------------------------------------------------
2026-08-10 12:30:48   Running the PortModeSolver.

                      ------------------------------------------------------------------------------
2026-08-10 12:30:50   Adaptive mesh refinement pass 1

                      ------------------------------------------------------------------------------
2026-08-10 12:30:52     Matrix setup time        :	0 s
                        Degrees of freedom       :	73380
                        Number of mesh cells     :	10868

                        Stimulation port         :	Zmin
                        Mode number              :	1
                        Accuracy                 :	9.94822e-05
                        Iterations               :	26
                        Solver time              :	0 s


                      ------------------------------------------------------------------------------
2026-08-10 12:30:52   8% of all mesh edges seem to be longer than expected. The adaptive mesh refinement's growth limitation will therefore 
                      use 16672 instead of 6763 mesh cells as a reference.

                      ------------------------------------------------------------------------------
2026-08-10 12:30:52   The wavelength based mesh refinement has been applied to 0.5% of all mesh edges.

                      ------------------------------------------------------------------------------
2026-08-10 12:30:53   Adaptive mesh refinement pass 2

                      ------------------------------------------------------------------------------
2026-08-10 12:30:54     Matrix setup time        :	0 s
                        Degrees of freedom       :	109264
                        Number of mesh cells     :	16355

                        Stimulation port         :	Zmin
                        Mode number              :	1
                        Accuracy                 :	6.61556e-05
                        Iterations               :	28
                        Solver time              :	1 s


                      ------------------------------------------------------------------------------
2026-08-10 12:30:54     Delta calculation        
2026-08-10 12:30:54     All S-Parameters         :	0.0448736
2026-08-10 12:30:54   

                      ------------------------------------------------------------------------------
2026-08-10 12:30:55   Adaptive mesh refinement pass 3

                      ------------------------------------------------------------------------------
2026-08-10 12:30:57     Matrix setup time        :	0 s
                        Degrees of freedom       :	144604
                        Number of mesh cells     :	21638

                        Stimulation port         :	Zmin
                        Mode number              :	1
                        Accuracy                 :	7.40245e-05
                        Iterations               :	26
                        Solver time              :	1 s


                      ------------------------------------------------------------------------------
2026-08-10 12:30:57     Delta calculation        
2026-08-10 12:30:57     All S-Parameters         :	0.0125321
2026-08-10 12:30:57   

                      ------------------------------------------------------------------------------
2026-08-10 12:30:58   Adaptive mesh refinement pass 4

                      ------------------------------------------------------------------------------
2026-08-10 12:31:00     Matrix setup time        :	0 s
                        Degrees of freedom       :	179414
                        Number of mesh cells     :	26920

                        Stimulation port         :	Zmin
                        Mode number              :	1
                        Accuracy                 :	7.31332e-05
                        Iterations               :	25
                        Solver time              :	1 s


                      ------------------------------------------------------------------------------
2026-08-10 12:31:00     Delta calculation        
2026-08-10 12:31:00     All S-Parameters         :	0.0033437
2026-08-10 12:31:00   

                      ------------------------------------------------------------------------------
2026-08-10 12:31:00   Mesh adaptation terminated because the desired accuracy limit is reached.

                      ------------------------------------------------------------------------------
2026-08-10 12:31:00     Total time               :	11 s

                      ------------------------------------------------------------------------------
2026-08-10 12:31:00   

                      ------------------------------------------------------------------------------
2026-08-10 12:31:00     Calculation 2 (Frequency: 10 THz, Theta: 0, Phi: 0)


                      ------------------------------------------------------------------------------
2026-08-10 12:31:00   Running the PortModeSolver.

                      ------------------------------------------------------------------------------
2026-08-10 12:31:01   Adaptive mesh refinement pass 1

                      ------------------------------------------------------------------------------
2026-08-10 12:31:03     Matrix setup time        :	0 s
                        Degrees of freedom       :	179414
                        Number of mesh cells     :	26920

                        Stimulation port         :	Zmin
                        Mode number              :	1
                        Accuracy                 :	9.10971e-05
                        Iterations               :	14
                        Solver time              :	0 s


                      ------------------------------------------------------------------------------
2026-08-10 12:31:03   Adaptive mesh refinement pass 2

                      ------------------------------------------------------------------------------
2026-08-10 12:31:05     Matrix setup time        :	0 s
                        Degrees of freedom       :	189330
                        Number of mesh cells     :	28429

                        Stimulation port         :	Zmin
                        Mode number              :	1
                        Accuracy                 :	8.95662e-05
                        Iterations               :	14
                        Solver time              :	1 s


                      ------------------------------------------------------------------------------
2026-08-10 12:31:05     Delta calculation        
2026-08-10 12:31:05     All S-Parameters         :	0.0116751
2026-08-10 12:31:05   

                      ------------------------------------------------------------------------------
2026-08-10 12:31:06   Adaptive mesh refinement pass 3

                      ------------------------------------------------------------------------------
2026-08-10 12:31:08     Matrix setup time        :	0 s
                        Degrees of freedom       :	209290
                        Number of mesh cells     :	31452

                        Stimulation port         :	Zmin
                        Mode number              :	1
                        Accuracy                 :	7.90771e-05
                        Iterations               :	15
                        Solver time              :	1 s


                      ------------------------------------------------------------------------------
2026-08-10 12:31:08     Delta calculation        
2026-08-10 12:31:08     All S-Parameters         :	0.00469711
2026-08-10 12:31:08   

                      ------------------------------------------------------------------------------
2026-08-10 12:31:08   Mesh adaptation terminated because the desired accuracy limit is reached.

                      ------------------------------------------------------------------------------
2026-08-10 12:31:08     Total time               :	7 s

                      ------------------------------------------------------------------------------
2026-08-10 12:31:08   

                      ------------------------------------------------------------------------------
2026-08-10 12:31:08     Calculation 3 (Frequency: 22 THz, Theta: 0, Phi: 0)


                      ------------------------------------------------------------------------------
2026-08-10 12:31:08   Running the PortModeSolver.

                      ------------------------------------------------------------------------------
2026-08-10 12:31:09   Adaptive mesh refinement pass 1

                      ------------------------------------------------------------------------------
2026-08-10 12:31:11     Matrix setup time        :	0 s
                        Degrees of freedom       :	209290
                        Number of mesh cells     :	31452

                        Stimulation port         :	Zmin
                        Mode number              :	1
                        Accuracy                 :	6.75112e-05
                        Iterations               :	19
                        Solver time              :	1 s


                      ------------------------------------------------------------------------------
2026-08-10 12:31:12   Adaptive mesh refinement pass 2

                      ------------------------------------------------------------------------------
2026-08-10 12:31:15     Matrix setup time        :	0 s
                        Degrees of freedom       :	245328
                        Number of mesh cells     :	36944

                        Stimulation port         :	Zmin
                        Mode number              :	1
                        Accuracy                 :	8.48552e-05
                        Iterations               :	18
                        Solver time              :	1 s


                      ------------------------------------------------------------------------------
2026-08-10 12:31:15     Delta calculation        
2026-08-10 12:31:15     All S-Parameters         :	0.0138487
2026-08-10 12:31:15   

                      ------------------------------------------------------------------------------
2026-08-10 12:31:16   Adaptive mesh refinement pass 3

                      ------------------------------------------------------------------------------
2026-08-10 12:31:19     Matrix setup time        :	0 s
                        Degrees of freedom       :	280994
                        Number of mesh cells     :	42327

                        Stimulation port         :	Zmin
                        Mode number              :	1
                        Accuracy                 :	8.19617e-05
                        Iterations               :	18
                        Solver time              :	2 s


                      ------------------------------------------------------------------------------
2026-08-10 12:31:20     Delta calculation        
2026-08-10 12:31:20     All S-Parameters         :	0.00179576
2026-08-10 12:31:20   

                      ------------------------------------------------------------------------------
2026-08-10 12:31:20   Mesh adaptation terminated because the desired accuracy limit is reached.

                      ------------------------------------------------------------------------------
2026-08-10 12:31:20     Total time               :	11 s

                      ------------------------------------------------------------------------------
2026-08-10 12:31:20   

                      ------------------------------------------------------------------------------
2026-08-10 12:31:20     Calculation 4 (Frequency: 18.5497 THz, Theta: 0, Phi: 0)


                      ------------------------------------------------------------------------------
2026-08-10 12:31:20   Running the PortModeSolver.

                      ------------------------------------------------------------------------------
2026-08-10 12:31:21   Adaptive mesh refinement pass 1

                      ------------------------------------------------------------------------------
2026-08-10 12:31:24     Matrix setup time        :	0 s
                        Degrees of freedom       :	280994
                        Number of mesh cells     :	42327

                        Stimulation port         :	Zmin
                        Mode number              :	1
                        Accuracy                 :	8.83234e-05
                        Iterations               :	22
                        Solver time              :	2 s


                      ------------------------------------------------------------------------------
2026-08-10 12:31:25   Adaptive mesh refinement pass 2

                      ------------------------------------------------------------------------------
2026-08-10 12:31:29     Matrix setup time        :	0 s
                        Degrees of freedom       :	316484
                        Number of mesh cells     :	47744

                        Stimulation port         :	Zmin
                        Mode number              :	1
                        Accuracy                 :	9.05738e-05
                        Iterations               :	18
                        Solver time              :	2 s


                      ------------------------------------------------------------------------------
2026-08-10 12:31:29     Delta calculation        
2026-08-10 12:31:29     All S-Parameters         :	0.00663284
2026-08-10 12:31:29   

                      ------------------------------------------------------------------------------
2026-08-10 12:31:30   Adaptive mesh refinement pass 3

                      ------------------------------------------------------------------------------
2026-08-10 12:31:34     Matrix setup time        :	0 s
                        Degrees of freedom       :	351888
                        Number of mesh cells     :	53086

                        Stimulation port         :	Zmin
                        Mode number              :	1
                        Accuracy                 :	9.8687e-05
                        Iterations               :	16
                        Solver time              :	2 s


                      ------------------------------------------------------------------------------
2026-08-10 12:31:34     Delta calculation        
2026-08-10 12:31:34     All S-Parameters         :	0.0023883
2026-08-10 12:31:34   

                      ------------------------------------------------------------------------------
2026-08-10 12:31:34   Mesh adaptation terminated because the desired accuracy limit is reached.

                      ------------------------------------------------------------------------------
2026-08-10 12:31:34     Total time               :	14 s

                      ------------------------------------------------------------------------------
2026-08-10 12:31:34   

                      ------------------------------------------------------------------------------
2026-08-10 12:31:34     Calculation 5 (Frequency: 18.9244 THz, Theta: 0, Phi: 0)


                      ------------------------------------------------------------------------------
2026-08-10 12:31:34   Running the PortModeSolver.

                      ------------------------------------------------------------------------------
2026-08-10 12:31:35   Adaptive mesh refinement pass 1

                      ------------------------------------------------------------------------------
2026-08-10 12:31:39     Matrix setup time        :	0 s
                        Degrees of freedom       :	351888
                        Number of mesh cells     :	53086

                        Stimulation port         :	Zmin
                        Mode number              :	1
                        Accuracy                 :	9.13104e-05
                        Iterations               :	19
                        Solver time              :	2 s


                      ------------------------------------------------------------------------------
2026-08-10 12:31:40   Adaptive mesh refinement pass 2

                      ------------------------------------------------------------------------------
2026-08-10 12:31:44     Matrix setup time        :	0 s
                        Degrees of freedom       :	387006
                        Number of mesh cells     :	58387

                        Stimulation port         :	Zmin
                        Mode number              :	1
                        Accuracy                 :	7.54294e-05
                        Iterations               :	16
                        Solver time              :	2 s


                      ------------------------------------------------------------------------------
2026-08-10 12:31:44     Delta calculation        
2026-08-10 12:31:44     All S-Parameters         :	0.00124116
2026-08-10 12:31:44   

                      ------------------------------------------------------------------------------
2026-08-10 12:31:46   Adaptive mesh refinement pass 3

                      ------------------------------------------------------------------------------
2026-08-10 12:31:50     Matrix setup time        :	0 s
                        Degrees of freedom       :	422130
                        Number of mesh cells     :	63691

                        Stimulation port         :	Zmin
                        Mode number              :	1
                        Accuracy                 :	9.88987e-05
                        Iterations               :	15
                        Solver time              :	2 s


                      ------------------------------------------------------------------------------
2026-08-10 12:31:50     Delta calculation        
2026-08-10 12:31:50     All S-Parameters         :	0.000362083
2026-08-10 12:31:50   

                      ------------------------------------------------------------------------------
2026-08-10 12:31:50   Mesh adaptation terminated because the desired accuracy limit is reached.

                      ------------------------------------------------------------------------------
2026-08-10 12:31:50     Total time               :	16 s

                      ------------------------------------------------------------------------------
2026-08-10 12:31:50   

                      ------------------------------------------------------------------------------
2026-08-10 12:31:50     Calculation 6 (Frequency: 26.3108 THz, Theta: 0, Phi: 0)


                      ------------------------------------------------------------------------------
2026-08-10 12:31:50   Running the PortModeSolver.

                      ------------------------------------------------------------------------------
2026-08-10 12:31:51   Adaptive mesh refinement pass 1

                      ------------------------------------------------------------------------------
2026-08-10 12:31:55     Matrix setup time        :	0 s
                        Degrees of freedom       :	422130
                        Number of mesh cells     :	63691

                        Stimulation port         :	Zmin
                        Mode number              :	1
                        Accuracy                 :	7.26866e-05
                        Iterations               :	18
                        Solver time              :	2 s


                      ------------------------------------------------------------------------------
2026-08-10 12:31:57   Adaptive mesh refinement pass 2

                      ------------------------------------------------------------------------------
2026-08-10 12:32:02     Matrix setup time        :	0 s
                        Degrees of freedom       :	456872
                        Number of mesh cells     :	68991

                        Stimulation port         :	Zmin
                        Mode number              :	1
                        Accuracy                 :	5.63067e-05
                        Iterations               :	18
                        Solver time              :	3 s


                      ------------------------------------------------------------------------------
2026-08-10 12:32:02     Delta calculation        
2026-08-10 12:32:02     All S-Parameters         :	0.00102243
2026-08-10 12:32:02   

                      ------------------------------------------------------------------------------
2026-08-10 12:32:04   Adaptive mesh refinement pass 3

                      ------------------------------------------------------------------------------
2026-08-10 12:32:09     Matrix setup time        :	0 s
                        Solver setup             :	1 s
                        Degrees of freedom       :	491564
                        Number of mesh cells     :	74295

                        Stimulation port         :	Zmin
                        Mode number              :	1
                        Accuracy                 :	7.6072e-05
                        Iterations               :	16
                        Solver time              :	3 s


                      ------------------------------------------------------------------------------
2026-08-10 12:32:09     Delta calculation        
2026-08-10 12:32:09     All S-Parameters         :	0.000741947
2026-08-10 12:32:09   

                      ------------------------------------------------------------------------------
2026-08-10 12:32:09   Mesh adaptation terminated because the desired accuracy limit is reached.

                      ------------------------------------------------------------------------------
2026-08-10 12:32:09     Total time               :	19 s

                      ------------------------------------------------------------------------------
2026-08-10 12:32:09   

                      ------------------------------------------------------------------------------
2026-08-10 12:32:09     Calculation 7 (Frequency: 26.4982 THz, Theta: 0, Phi: 0)


                      ------------------------------------------------------------------------------
2026-08-10 12:32:09   Running the PortModeSolver.

                      ------------------------------------------------------------------------------
2026-08-10 12:32:11   Adaptive mesh refinement pass 1

                      ------------------------------------------------------------------------------
2026-08-10 12:32:25     Matrix setup time        :	0 s
                        Degrees of freedom       :	491564
                        Number of mesh cells     :	74295

                        Stimulation port         :	Zmin
                        Mode number              :	1
                        Accuracy                 :	6.26806e-05
                        Iterations               :	72
                        Solver time              :	13 s


                      ------------------------------------------------------------------------------
2026-08-10 12:32:27   The direct solver will be used.

                      ------------------------------------------------------------------------------
2026-08-10 12:32:27   Adaptive mesh refinement pass 2

                      ------------------------------------------------------------------------------
2026-08-10 12:32:46     Matrix setup time        :	1 s
                        Solver setup             :	17 s
                        Degrees of freedom       :	526246
                        Number of mesh cells     :	79594

                        Stimulation port         :	Zmin
                        Mode number              :	1
                        Accuracy                 :	1.99313e-10
                        Iterations               :	1
                        Solver time              :	0 s


                      ------------------------------------------------------------------------------
2026-08-10 12:32:47     Delta calculation        
2026-08-10 12:32:47     All S-Parameters         :	0.000597942
2026-08-10 12:32:47   

                      ------------------------------------------------------------------------------
2026-08-10 12:32:49   Adaptive mesh refinement pass 3

                      ------------------------------------------------------------------------------
2026-08-10 12:32:49   The iterative solver will be used.

                      ------------------------------------------------------------------------------
2026-08-10 12:33:04     Matrix setup time        :	1 s
                        Solver setup             :	1 s
                        Degrees of freedom       :	560740
                        Number of mesh cells     :	84857

                        Stimulation port         :	Zmin
                        Mode number              :	1
                        Accuracy                 :	8.62957e-05
                        Iterations               :	57
                        Solver time              :	12 s


                      ------------------------------------------------------------------------------
2026-08-10 12:33:04     Delta calculation        
2026-08-10 12:33:04     All S-Parameters         :	0.000238462
2026-08-10 12:33:04   

                      ------------------------------------------------------------------------------
2026-08-10 12:33:04   Mesh adaptation terminated because the desired accuracy limit is reached.

                      ------------------------------------------------------------------------------
2026-08-10 12:33:04     Total time               :	54 s

                      ------------------------------------------------------------------------------
2026-08-10 12:33:04   

                      ------------------------------------------------------------------------------
2026-08-10 12:33:04     Calculation 8 (Frequency: 24.448 THz, Theta: 0, Phi: 0)


                      ------------------------------------------------------------------------------
2026-08-10 12:33:04   Running the PortModeSolver.

                      ------------------------------------------------------------------------------
2026-08-10 12:33:05   Adaptive mesh refinement pass 1

                      ------------------------------------------------------------------------------
2026-08-10 12:33:09     Matrix setup time        :	0 s
                        Degrees of freedom       :	560740
                        Number of mesh cells     :	84857

                        Stimulation port         :	Zmin
                        Mode number              :	1
                        Accuracy                 :	9.95205e-05
                        Iterations               :	12
                        Solver time              :	2 s


                      ------------------------------------------------------------------------------
2026-08-10 12:33:11   Adaptive mesh refinement pass 2

                      ------------------------------------------------------------------------------
2026-08-10 12:33:16     Matrix setup time        :	1 s
                        Solver setup             :	1 s
                        Degrees of freedom       :	594766
                        Number of mesh cells     :	90093

                        Stimulation port         :	Zmin
                        Mode number              :	1
                        Accuracy                 :	4.56312e-05
                        Iterations               :	13
                        Solver time              :	2 s


                      ------------------------------------------------------------------------------
2026-08-10 12:33:17     Delta calculation        
2026-08-10 12:33:17     All S-Parameters         :	0.000564721
2026-08-10 12:33:17   

                      ------------------------------------------------------------------------------
2026-08-10 12:33:19   Adaptive mesh refinement pass 3

                      ------------------------------------------------------------------------------
2026-08-10 12:33:25     Matrix setup time        :	1 s
                        Solver setup             :	1 s
                        Degrees of freedom       :	629250
                        Number of mesh cells     :	95356

                        Stimulation port         :	Zmin
                        Mode number              :	1
                        Accuracy                 :	9.6199e-05
                        Iterations               :	12
                        Solver time              :	3 s


                      ------------------------------------------------------------------------------
2026-08-10 12:33:25     Delta calculation        
2026-08-10 12:33:25     All S-Parameters         :	0.000558011
2026-08-10 12:33:25   

                      ------------------------------------------------------------------------------
2026-08-10 12:33:25   Mesh adaptation terminated because the desired accuracy limit is reached.

                      ------------------------------------------------------------------------------
2026-08-10 12:33:25     Total time               :	20 s

                      ------------------------------------------------------------------------------
2026-08-10 12:33:25   

                      ------------------------------------------------------------------------------
2026-08-10 12:33:25     Calculation 9 (Frequency: 20.416 THz, Theta: 0, Phi: 0)


                      ------------------------------------------------------------------------------
2026-08-10 12:33:25   Running the PortModeSolver.

                      ------------------------------------------------------------------------------
2026-08-10 12:33:26   Adaptive mesh refinement pass 1

                      ------------------------------------------------------------------------------
2026-08-10 12:33:31     Matrix setup time        :	0 s
                        Degrees of freedom       :	629250
                        Number of mesh cells     :	95356

                        Stimulation port         :	Zmin
                        Mode number              :	1
                        Accuracy                 :	9.94769e-05
                        Iterations               :	12
                        Solver time              :	3 s


                      ------------------------------------------------------------------------------
2026-08-10 12:33:33   Adaptive mesh refinement pass 2

                      ------------------------------------------------------------------------------
2026-08-10 12:33:39     Matrix setup time        :	1 s
                        Solver setup             :	1 s
                        Degrees of freedom       :	664074
                        Number of mesh cells     :	100675

                        Stimulation port         :	Zmin
                        Mode number              :	1
                        Accuracy                 :	8.77252e-05
                        Iterations               :	12
                        Solver time              :	3 s


                      ------------------------------------------------------------------------------
2026-08-10 12:33:39     Delta calculation        
2026-08-10 12:33:39     All S-Parameters         :	0.000715298
2026-08-10 12:33:39   

                      ------------------------------------------------------------------------------
2026-08-10 12:33:42   Adaptive mesh refinement pass 3

                      ------------------------------------------------------------------------------
2026-08-10 12:33:49     Matrix setup time        :	1 s
                        Solver setup             :	1 s
                        Degrees of freedom       :	698318
                        Number of mesh cells     :	105902

                        Stimulation port         :	Zmin
                        Mode number              :	1
                        Accuracy                 :	7.89022e-05
                        Iterations               :	12
                        Solver time              :	3 s


                      ------------------------------------------------------------------------------
2026-08-10 12:33:49     Delta calculation        
2026-08-10 12:33:49     All S-Parameters         :	0.000242158
2026-08-10 12:33:49   

                      ------------------------------------------------------------------------------
2026-08-10 12:33:49   Mesh adaptation terminated because the desired accuracy limit is reached.

                      ------------------------------------------------------------------------------
2026-08-10 12:33:49     Total time               :	24 s

                      ------------------------------------------------------------------------------
2026-08-10 12:33:49   

                      ------------------------------------------------------------------------------
2026-08-10 12:33:49     Calculation 10 (Frequency: 26.056 THz, Theta: 0, Phi: 0)


                      ------------------------------------------------------------------------------
2026-08-10 12:33:49   Running the PortModeSolver.

                      ------------------------------------------------------------------------------
2026-08-10 12:33:50   Adaptive mesh refinement pass 1

                      ------------------------------------------------------------------------------
2026-08-10 12:33:56     Matrix setup time        :	0 s
                        Solver setup             :	1 s
                        Degrees of freedom       :	698318
                        Number of mesh cells     :	105902

                        Stimulation port         :	Zmin
                        Mode number              :	1
                        Accuracy                 :	5.85283e-05
                        Iterations               :	13
                        Solver time              :	3 s


                      ------------------------------------------------------------------------------
2026-08-10 12:33:59   Adaptive mesh refinement pass 2

                      ------------------------------------------------------------------------------
2026-08-10 12:34:06     Matrix setup time        :	1 s
                        Solver setup             :	1 s
                        Degrees of freedom       :	732642
                        Number of mesh cells     :	111136

                        Stimulation port         :	Zmin
                        Mode number              :	1
                        Accuracy                 :	5.61222e-05
                        Iterations               :	13
                        Solver time              :	3 s


                      ------------------------------------------------------------------------------
2026-08-10 12:34:06     Delta calculation        
2026-08-10 12:34:06     All S-Parameters         :	0.000480738
2026-08-10 12:34:06   

                      ------------------------------------------------------------------------------
2026-08-10 12:34:09   Adaptive mesh refinement pass 3

                      ------------------------------------------------------------------------------
2026-08-10 12:34:17     Matrix setup time        :	1 s
                        Solver setup             :	2 s
                        Degrees of freedom       :	767074
                        Number of mesh cells     :	116381

                        Stimulation port         :	Zmin
                        Mode number              :	1
                        Accuracy                 :	4.88139e-05
                        Iterations               :	13
                        Solver time              :	4 s


                      ------------------------------------------------------------------------------
2026-08-10 12:34:17     Delta calculation        
2026-08-10 12:34:17     All S-Parameters         :	0.000255235
2026-08-10 12:34:17   

                      ------------------------------------------------------------------------------
2026-08-10 12:34:17   Mesh adaptation terminated because the desired accuracy limit is reached.

                      ------------------------------------------------------------------------------
2026-08-10 12:34:17     Total time               :	27 s

                      ------------------------------------------------------------------------------
2026-08-10 12:34:17   

                      ------------------------------------------------------------------------------
2026-08-10 12:34:17     Calculation 11 (Frequency: 21.232 THz, Theta: 0, Phi: 0)


                      ------------------------------------------------------------------------------
2026-08-10 12:34:17   Running the PortModeSolver.

                      ------------------------------------------------------------------------------
2026-08-10 12:34:18   Adaptive mesh refinement pass 1

                      ------------------------------------------------------------------------------
2026-08-10 12:34:24     Matrix setup time        :	0 s
                        Solver setup             :	1 s
                        Degrees of freedom       :	767074
                        Number of mesh cells     :	116381

                        Stimulation port         :	Zmin
                        Mode number              :	1
                        Accuracy                 :	8.73709e-05
                        Iterations               :	11
                        Solver time              :	3 s


                      ------------------------------------------------------------------------------
2026-08-10 12:34:27   Adaptive mesh refinement pass 2

                      ------------------------------------------------------------------------------
2026-08-10 12:34:34     Matrix setup time        :	1 s
                        Solver setup             :	2 s
                        Degrees of freedom       :	801690
                        Number of mesh cells     :	121662

                        Stimulation port         :	Zmin
                        Mode number              :	1
                        Accuracy                 :	8.91417e-05
                        Iterations               :	11
                        Solver time              :	3 s


                      ------------------------------------------------------------------------------
2026-08-10 12:34:34     Delta calculation        
2026-08-10 12:34:34     All S-Parameters         :	0.000265763
2026-08-10 12:34:34   

                      ------------------------------------------------------------------------------
2026-08-10 12:34:37   Adaptive mesh refinement pass 3

                      ------------------------------------------------------------------------------
2026-08-10 12:34:45     Matrix setup time        :	1 s
                        Solver setup             :	2 s
                        Degrees of freedom       :	836490
                        Number of mesh cells     :	126978

                        Stimulation port         :	Zmin
                        Mode number              :	1
                        Accuracy                 :	8.6071e-05
                        Iterations               :	11
                        Solver time              :	3 s


                      ------------------------------------------------------------------------------
2026-08-10 12:34:45     Delta calculation        
2026-08-10 12:34:45     All S-Parameters         :	0.000174288
2026-08-10 12:34:45   

                      ------------------------------------------------------------------------------
2026-08-10 12:34:45   Mesh adaptation terminated because the desired accuracy limit is reached.

                      ------------------------------------------------------------------------------
2026-08-10 12:34:45     Total time               :	28 s

                      ------------------------------------------------------------------------------
2026-08-10 12:34:45   

                      ------------------------------------------------------------------------------
2026-08-10 12:34:45     Calculation 12 (Frequency: 19.336 THz, Theta: 0, Phi: 0)


                      ------------------------------------------------------------------------------
2026-08-10 12:34:45   Running the PortModeSolver.

                      ------------------------------------------------------------------------------
2026-08-10 12:34:47   Adaptive mesh refinement pass 1

                      ------------------------------------------------------------------------------
2026-08-10 12:34:53     Matrix setup time        :	0 s
                        Solver setup             :	1 s
                        Degrees of freedom       :	836490
                        Number of mesh cells     :	126978

                        Stimulation port         :	Zmin
                        Mode number              :	1
                        Accuracy                 :	7.75034e-05
                        Iterations               :	12
                        Solver time              :	4 s


                      ------------------------------------------------------------------------------
2026-08-10 12:34:56   Adaptive mesh refinement pass 2

                      ------------------------------------------------------------------------------
2026-08-10 12:35:04     Matrix setup time        :	1 s
                        Solver setup             :	2 s
                        Degrees of freedom       :	870826
                        Number of mesh cells     :	132249

                        Stimulation port         :	Zmin
                        Mode number              :	1
                        Accuracy                 :	6.78316e-05
                        Iterations               :	12
                        Solver time              :	4 s


                      ------------------------------------------------------------------------------
2026-08-10 12:35:05     Delta calculation        
2026-08-10 12:35:05     All S-Parameters         :	0.000158311
2026-08-10 12:35:05   

                      ------------------------------------------------------------------------------
2026-08-10 12:35:08   Adaptive mesh refinement pass 3

                      ------------------------------------------------------------------------------
2026-08-10 12:35:17     Matrix setup time        :	1 s
                        Solver setup             :	2 s
                        Degrees of freedom       :	905298
                        Number of mesh cells     :	137531

                        Stimulation port         :	Zmin
                        Mode number              :	1
                        Accuracy                 :	7.49994e-05
                        Iterations               :	12
                        Solver time              :	4 s


                      ------------------------------------------------------------------------------
2026-08-10 12:35:17     Delta calculation        
2026-08-10 12:35:17     All S-Parameters         :	0.000431527
2026-08-10 12:35:17   

                      ------------------------------------------------------------------------------
2026-08-10 12:35:17   Mesh adaptation terminated because the desired accuracy limit is reached.

                      ------------------------------------------------------------------------------
2026-08-10 12:35:17     Total time               :	31 s

                      ------------------------------------------------------------------------------
2026-08-10 12:35:17   

                      ------------------------------------------------------------------------------
2026-08-10 12:35:17     Calculation 13 (Frequency: 31.864 THz, Theta: 0, Phi: 0)


                      ------------------------------------------------------------------------------
2026-08-10 12:35:17   Running the PortModeSolver.

                      ------------------------------------------------------------------------------
2026-08-10 12:35:19   Adaptive mesh refinement pass 1

                      ------------------------------------------------------------------------------
2026-08-10 12:35:26     Matrix setup time        :	0 s
                        Solver setup             :	1 s
                        Degrees of freedom       :	905298
                        Number of mesh cells     :	137531

                        Stimulation port         :	Zmin
                        Mode number              :	1
                        Accuracy                 :	6.33788e-05
                        Iterations               :	12
                        Solver time              :	4 s


                      ------------------------------------------------------------------------------
2026-08-10 12:35:29   Adaptive mesh refinement pass 2

                      ------------------------------------------------------------------------------
2026-08-10 12:35:38     Matrix setup time        :	1 s
                        Solver setup             :	2 s
                        Degrees of freedom       :	939196
                        Number of mesh cells     :	142774

                        Stimulation port         :	Zmin
                        Mode number              :	1
                        Accuracy                 :	6.11934e-05
                        Iterations               :	12
                        Solver time              :	4 s


                      ------------------------------------------------------------------------------
2026-08-10 12:35:39     Delta calculation        
2026-08-10 12:35:39     All S-Parameters         :	0.000265811
2026-08-10 12:35:39   

                      ------------------------------------------------------------------------------
2026-08-10 12:35:42   Adaptive mesh refinement pass 3

                      ------------------------------------------------------------------------------
2026-08-10 12:35:51     Matrix setup time        :	1 s
                        Solver setup             :	2 s
                        Degrees of freedom       :	973564
                        Number of mesh cells     :	148018

                        Stimulation port         :	Zmin
                        Mode number              :	1
                        Accuracy                 :	9.18309e-05
                        Iterations               :	11
                        Solver time              :	4 s


                      ------------------------------------------------------------------------------
2026-08-10 12:35:52     Delta calculation        
2026-08-10 12:35:52     All S-Parameters         :	0.000356745
2026-08-10 12:35:52   

                      ------------------------------------------------------------------------------
2026-08-10 12:35:52   Mesh adaptation terminated because the desired accuracy limit is reached.

                      ------------------------------------------------------------------------------
2026-08-10 12:35:52     Total time               :	34 s

                      ------------------------------------------------------------------------------
2026-08-10 12:35:52   

                      ------------------------------------------------------------------------------
2026-08-10 12:35:52     Calculation 14 (Frequency: 18.496 THz, Theta: 0, Phi: 0)


                      ------------------------------------------------------------------------------
2026-08-10 12:35:52   Running the PortModeSolver.

                      ------------------------------------------------------------------------------
2026-08-10 12:35:53   Adaptive mesh refinement pass 1

                      ------------------------------------------------------------------------------
2026-08-10 12:36:01     Matrix setup time        :	0 s
                        Solver setup             :	1 s
                        Degrees of freedom       :	973564
                        Number of mesh cells     :	148018

                        Stimulation port         :	Zmin
                        Mode number              :	1
                        Accuracy                 :	6.83979e-05
                        Iterations               :	13
                        Solver time              :	5 s


                      ------------------------------------------------------------------------------
2026-08-10 12:36:05   Adaptive mesh refinement pass 2

                      ------------------------------------------------------------------------------
2026-08-10 12:36:15     Matrix setup time        :	2 s
                        Solver setup             :	2 s
                        Degrees of freedom       :	1008730
                        Number of mesh cells     :	153364

                        Stimulation port         :	Zmin
                        Mode number              :	1
                        Accuracy                 :	6.21292e-05
                        Iterations               :	13
                        Solver time              :	5 s


                      ------------------------------------------------------------------------------
2026-08-10 12:36:16     Delta calculation        
2026-08-10 12:36:16     All S-Parameters         :	0.00348015
2026-08-10 12:36:16   

                      ------------------------------------------------------------------------------
2026-08-10 12:36:19   Adaptive mesh refinement pass 3

                      ------------------------------------------------------------------------------
2026-08-10 12:36:31     Matrix setup time        :	2 s
                        Solver setup             :	3 s
                        Degrees of freedom       :	1044082
                        Number of mesh cells     :	158704

                        Stimulation port         :	Zmin
                        Mode number              :	1
                        Accuracy                 :	5.09667e-05
                        Iterations               :	13
                        Solver time              :	6 s


                      ------------------------------------------------------------------------------
2026-08-10 12:36:31     Delta calculation        
2026-08-10 12:36:31     All S-Parameters         :	0.00126663
2026-08-10 12:36:31   

                      ------------------------------------------------------------------------------
2026-08-10 12:36:31   Mesh adaptation terminated because the desired accuracy limit is reached.

                      ------------------------------------------------------------------------------
2026-08-10 12:36:31     Total time               :	39 s

                      ------------------------------------------------------------------------------
2026-08-10 12:36:31   

                      ------------------------------------------------------------------------------
2026-08-10 12:36:31     Calculation 15 (Frequency: 32.824 THz, Theta: 0, Phi: 0)


                      ------------------------------------------------------------------------------
2026-08-10 12:36:31   Running the PortModeSolver.

                      ------------------------------------------------------------------------------
2026-08-10 12:36:32   Adaptive mesh refinement pass 1

                      ------------------------------------------------------------------------------
2026-08-10 12:36:42     Matrix setup time        :	1 s
                        Solver setup             :	2 s
                        Degrees of freedom       :	1044082
                        Number of mesh cells     :	158704

                        Stimulation port         :	Zmin
                        Mode number              :	1
                        Accuracy                 :	9.96653e-05
                        Iterations               :	12
                        Solver time              :	5 s


                      ------------------------------------------------------------------------------
2026-08-10 12:36:45   Adaptive mesh refinement pass 2

                      ------------------------------------------------------------------------------
2026-08-10 12:36:56     Matrix setup time        :	2 s
                        Solver setup             :	3 s
                        Degrees of freedom       :	1078056
                        Number of mesh cells     :	163927

                        Stimulation port         :	Zmin
                        Mode number              :	1
                        Accuracy                 :	5.62629e-05
                        Iterations               :	12
                        Solver time              :	5 s


                      ------------------------------------------------------------------------------
2026-08-10 12:36:57     Delta calculation        
2026-08-10 12:36:57     All S-Parameters         :	0.000149678
2026-08-10 12:36:57   

                      ------------------------------------------------------------------------------
2026-08-10 12:37:00   Adaptive mesh refinement pass 3

                      ------------------------------------------------------------------------------
2026-08-10 12:37:11     Matrix setup time        :	2 s
                        Solver setup             :	3 s
                        Degrees of freedom       :	1112238
                        Number of mesh cells     :	169160

                        Stimulation port         :	Zmin
                        Mode number              :	1
                        Accuracy                 :	8.69976e-05
                        Iterations               :	11
                        Solver time              :	5 s


                      ------------------------------------------------------------------------------
2026-08-10 12:37:12     Delta calculation        
2026-08-10 12:37:12     All S-Parameters         :	0.000153196
2026-08-10 12:37:12   

                      ------------------------------------------------------------------------------
2026-08-10 12:37:12   Mesh adaptation terminated because the desired accuracy limit is reached.

                      ------------------------------------------------------------------------------
2026-08-10 12:37:12     Total time               :	40 s

                      ------------------------------------------------------------------------------
2026-08-10 12:37:12   

                      ------------------------------------------------------------------------------
2026-08-10 12:37:12     Calculation 16 (Frequency: 28.192 THz, Theta: 0, Phi: 0)


                      ------------------------------------------------------------------------------
2026-08-10 12:37:12   Running the PortModeSolver.

                      ------------------------------------------------------------------------------
2026-08-10 12:37:13   Adaptive mesh refinement pass 1

                      ------------------------------------------------------------------------------
2026-08-10 12:37:23     Matrix setup time        :	1 s
                        Solver setup             :	2 s
                        Degrees of freedom       :	1112238
                        Number of mesh cells     :	169160

                        Stimulation port         :	Zmin
                        Mode number              :	1
                        Accuracy                 :	7.09076e-05
                        Iterations               :	13
                        Solver time              :	6 s


                      ------------------------------------------------------------------------------
2026-08-10 12:37:27   Adaptive mesh refinement pass 2

                      ------------------------------------------------------------------------------
2026-08-10 12:37:39     Matrix setup time        :	2 s
                        Solver setup             :	3 s
                        Degrees of freedom       :	1145916
                        Number of mesh cells     :	174370

                        Stimulation port         :	Zmin
                        Mode number              :	1
                        Accuracy                 :	8.30731e-05
                        Iterations               :	11
                        Solver time              :	5 s


                      ------------------------------------------------------------------------------
2026-08-10 12:37:39     Delta calculation        
2026-08-10 12:37:39     All S-Parameters         :	0.000222406
2026-08-10 12:37:39   

                      ------------------------------------------------------------------------------
2026-08-10 12:37:43   Adaptive mesh refinement pass 3

                      ------------------------------------------------------------------------------
2026-08-10 12:37:55     Matrix setup time        :	2 s
                        Solver setup             :	3 s
                        Degrees of freedom       :	1180342
                        Number of mesh cells     :	179642

                        Stimulation port         :	Zmin
                        Mode number              :	1
                        Accuracy                 :	7.71638e-05
                        Iterations               :	11
                        Solver time              :	5 s


                      ------------------------------------------------------------------------------
2026-08-10 12:37:55     Delta calculation        
2026-08-10 12:37:55     All S-Parameters         :	0.000286681
2026-08-10 12:37:55   

                      ------------------------------------------------------------------------------
2026-08-10 12:37:55   Mesh adaptation terminated because the desired accuracy limit is reached.

                      ------------------------------------------------------------------------------
2026-08-10 12:37:55     Total time               :	43 s

                      ------------------------------------------------------------------------------
2026-08-10 12:37:55   

                      ------------------------------------------------------------------------------
2026-08-10 12:37:55     Calculation 17 (Frequency: 13.672 THz, Theta: 0, Phi: 0)


                      ------------------------------------------------------------------------------
2026-08-10 12:37:55   Running the PortModeSolver.

                      ------------------------------------------------------------------------------
2026-08-10 12:37:57   Adaptive mesh refinement pass 1

                      ------------------------------------------------------------------------------
2026-08-10 12:38:05     Matrix setup time        :	1 s
                        Solver setup             :	2 s
                        Degrees of freedom       :	1180342
                        Number of mesh cells     :	179642

                        Stimulation port         :	Zmin
                        Mode number              :	1
                        Accuracy                 :	9.08998e-05
                        Iterations               :	9
                        Solver time              :	4 s


                      ------------------------------------------------------------------------------
2026-08-10 12:38:09   Adaptive mesh refinement pass 2

                      ------------------------------------------------------------------------------
2026-08-10 12:38:20     Matrix setup time        :	2 s
                        Solver setup             :	3 s
                        Degrees of freedom       :	1215960
                        Number of mesh cells     :	185117

                        Stimulation port         :	Zmin
                        Mode number              :	1
                        Accuracy                 :	6.97383e-05
                        Iterations               :	9
                        Solver time              :	4 s


                      ------------------------------------------------------------------------------
2026-08-10 12:38:20     Delta calculation        
2026-08-10 12:38:20     All S-Parameters         :	0.00318869
2026-08-10 12:38:20   

                      ------------------------------------------------------------------------------
2026-08-10 12:38:24   Adaptive mesh refinement pass 3

                      ------------------------------------------------------------------------------
2026-08-10 12:38:36     Matrix setup time        :	2 s
                        Solver setup             :	3 s
                        Degrees of freedom       :	1250880
                        Number of mesh cells     :	190434

                        Stimulation port         :	Zmin
                        Mode number              :	1
                        Accuracy                 :	6.89292e-05
                        Iterations               :	9
                        Solver time              :	5 s


                      ------------------------------------------------------------------------------
2026-08-10 12:38:36     Delta calculation        
2026-08-10 12:38:36     All S-Parameters         :	0.00106693
2026-08-10 12:38:36   

                      ------------------------------------------------------------------------------
2026-08-10 12:38:36   Mesh adaptation terminated because the desired accuracy limit is reached.

                      ------------------------------------------------------------------------------
2026-08-10 12:38:36     Total time               :	40 s

                      ------------------------------------------------------------------------------
2026-08-10 12:38:36   

                      ------------------------------------------------------------------------------
2026-08-10 12:38:36     Calculation 18 (Frequency: 23.848 THz, Theta: 0, Phi: 0)


                      ------------------------------------------------------------------------------
2026-08-10 12:38:36   Running the PortModeSolver.

                      ------------------------------------------------------------------------------
2026-08-10 12:38:38   Adaptive mesh refinement pass 1

                      ------------------------------------------------------------------------------
2026-08-10 12:38:48     Matrix setup time        :	1 s
                        Solver setup             :	2 s
                        Degrees of freedom       :	1250880
                        Number of mesh cells     :	190434

                        Stimulation port         :	Zmin
                        Mode number              :	1
                        Accuracy                 :	8.52407e-05
                        Iterations               :	11
                        Solver time              :	6 s


                      ------------------------------------------------------------------------------
2026-08-10 12:38:52   Adaptive mesh refinement pass 2

                      ------------------------------------------------------------------------------
2026-08-10 12:39:06     Matrix setup time        :	2 s
                        Solver setup             :	4 s
                        Degrees of freedom       :	1284764
                        Number of mesh cells     :	195658

                        Stimulation port         :	Zmin
                        Mode number              :	1
                        Accuracy                 :	7.99408e-05
                        Iterations               :	10
                        Solver time              :	6 s


                      ------------------------------------------------------------------------------
2026-08-10 12:39:06     Delta calculation        
2026-08-10 12:39:06     All S-Parameters         :	0.000224418
2026-08-10 12:39:06   

                      ------------------------------------------------------------------------------
2026-08-10 12:39:11   Adaptive mesh refinement pass 3

                      ------------------------------------------------------------------------------
2026-08-10 12:39:26     Matrix setup time        :	2 s
                        Solver setup             :	5 s
                        Degrees of freedom       :	1319126
                        Number of mesh cells     :	200916

                        Stimulation port         :	Zmin
                        Mode number              :	1
                        Accuracy                 :	7.48629e-05
                        Iterations               :	10
                        Solver time              :	6 s


                      ------------------------------------------------------------------------------
2026-08-10 12:39:26     Delta calculation        
2026-08-10 12:39:26     All S-Parameters         :	0.000245067
2026-08-10 12:39:26   

                      ------------------------------------------------------------------------------
2026-08-10 12:39:26   Mesh adaptation terminated because the desired accuracy limit is reached.

                      ------------------------------------------------------------------------------
2026-08-10 12:39:27     Total time               :	50 s

                      ------------------------------------------------------------------------------
2026-08-10 12:39:27   

                      ------------------------------------------------------------------------------
2026-08-10 12:39:27     Calculation 19 (Frequency: 29.464 THz, Theta: 0, Phi: 0)


                      ------------------------------------------------------------------------------
2026-08-10 12:39:27   Running the PortModeSolver.

                      ------------------------------------------------------------------------------
2026-08-10 12:39:28   Adaptive mesh refinement pass 1

                      ------------------------------------------------------------------------------
2026-08-10 12:39:41     Matrix setup time        :	1 s
                        Solver setup             :	3 s
                        Degrees of freedom       :	1319126
                        Number of mesh cells     :	200916

                        Stimulation port         :	Zmin
                        Mode number              :	1
                        Accuracy                 :	5.89409e-05
                        Iterations               :	12
                        Solver time              :	8 s


                      ------------------------------------------------------------------------------
2026-08-10 12:39:46   Adaptive mesh refinement pass 2

                      ------------------------------------------------------------------------------
2026-08-10 12:40:00     Matrix setup time        :	2 s
                        Solver setup             :	4 s
                        Degrees of freedom       :	1353100
                        Number of mesh cells     :	206142

                        Stimulation port         :	Zmin
                        Mode number              :	1
                        Accuracy                 :	9.28615e-05
                        Iterations               :	11
                        Solver time              :	6 s


                      ------------------------------------------------------------------------------
2026-08-10 12:40:01     Delta calculation        
2026-08-10 12:40:01     All S-Parameters         :	0.000148529
2026-08-10 12:40:01   

                      ------------------------------------------------------------------------------
2026-08-10 12:40:06   Adaptive mesh refinement pass 3

                      ------------------------------------------------------------------------------
2026-08-10 12:40:21     Matrix setup time        :	2 s
                        Solver setup             :	5 s
                        Degrees of freedom       :	1387362
                        Number of mesh cells     :	211385

                        Stimulation port         :	Zmin
                        Mode number              :	1
                        Accuracy                 :	8.2438e-05
                        Iterations               :	11
                        Solver time              :	7 s


                      ------------------------------------------------------------------------------
2026-08-10 12:40:22     Delta calculation        
2026-08-10 12:40:22     All S-Parameters         :	0.000182932
2026-08-10 12:40:22   

                      ------------------------------------------------------------------------------
2026-08-10 12:40:22   Mesh adaptation terminated because the desired accuracy limit is reached.

                      ------------------------------------------------------------------------------
2026-08-10 12:40:22     Total time               :	55 s

                      ------------------------------------------------------------------------------
2026-08-10 12:40:22   

                      ------------------------------------------------------------------------------
2026-08-10 12:40:22     Calculation 20 (Frequency: 26.872 THz, Theta: 0, Phi: 0)


                      ------------------------------------------------------------------------------
2026-08-10 12:40:22   Running the PortModeSolver.

                      ------------------------------------------------------------------------------
2026-08-10 12:40:23   Adaptive mesh refinement pass 1

                      ------------------------------------------------------------------------------
2026-08-10 12:40:37     Matrix setup time        :	1 s
                        Solver setup             :	3 s
                        Degrees of freedom       :	1387362
                        Number of mesh cells     :	211385

                        Stimulation port         :	Zmin
                        Mode number              :	1
                        Accuracy                 :	9.36714e-05
                        Iterations               :	13
                        Solver time              :	8 s


                      ------------------------------------------------------------------------------
2026-08-10 12:40:42   Adaptive mesh refinement pass 2

                      ------------------------------------------------------------------------------
2026-08-10 12:41:00     Matrix setup time        :	2 s
                        Solver setup             :	5 s
                        Degrees of freedom       :	1421562
                        Number of mesh cells     :	216615

                        Stimulation port         :	Zmin
                        Mode number              :	1
                        Accuracy                 :	7.62583e-05
                        Iterations               :	13
                        Solver time              :	8 s


                      ------------------------------------------------------------------------------
2026-08-10 12:41:01     Delta calculation        
2026-08-10 12:41:01     All S-Parameters         :	0.000156647
2026-08-10 12:41:01   

                      ------------------------------------------------------------------------------
2026-08-10 12:41:06   Adaptive mesh refinement pass 3

                      ------------------------------------------------------------------------------
2026-08-10 12:41:22     Matrix setup time        :	2 s
                        Solver setup             :	5 s
                        Degrees of freedom       :	1455858
                        Number of mesh cells     :	221849

                        Stimulation port         :	Zmin
                        Mode number              :	1
                        Accuracy                 :	7.74499e-05
                        Iterations               :	12
                        Solver time              :	8 s


                      ------------------------------------------------------------------------------
2026-08-10 12:41:22     Delta calculation        
2026-08-10 12:41:22     All S-Parameters         :	0.00016534
2026-08-10 12:41:22   

                      ------------------------------------------------------------------------------
2026-08-10 12:41:22   Mesh adaptation terminated because the desired accuracy limit is reached.

                      ------------------------------------------------------------------------------
2026-08-10 12:41:22     Total time               :	60 s	 (= 0 h, 01 m, 00 s)

                      ------------------------------------------------------------------------------
2026-08-10 12:41:22   

                      ------------------------------------------------------------------------------
2026-08-10 12:41:22     Calculation 21 (Frequency: 29.896 THz, Theta: 0, Phi: 0)


                      ------------------------------------------------------------------------------
2026-08-10 12:41:22   Running the PortModeSolver.

                      ------------------------------------------------------------------------------
2026-08-10 12:41:24   Adaptive mesh refinement pass 1

                      ------------------------------------------------------------------------------
2026-08-10 12:41:35     Matrix setup time        :	1 s
                        Solver setup             :	3 s
                        Degrees of freedom       :	1455858
                        Number of mesh cells     :	221849

                        Stimulation port         :	Zmin
                        Mode number              :	1
                        Accuracy                 :	9.24624e-05
                        Iterations               :	10
                        Solver time              :	6 s


                      ------------------------------------------------------------------------------
2026-08-10 12:41:41   Adaptive mesh refinement pass 2

                      ------------------------------------------------------------------------------
2026-08-10 12:41:57     Matrix setup time        :	3 s
                        Solver setup             :	6 s
                        Degrees of freedom       :	1489510
                        Number of mesh cells     :	227035

                        Stimulation port         :	Zmin
                        Mode number              :	1
                        Accuracy                 :	8.93463e-05
                        Iterations               :	10
                        Solver time              :	7 s


                      ------------------------------------------------------------------------------
2026-08-10 12:41:58     Delta calculation        
2026-08-10 12:41:58     All S-Parameters         :	0.000109654
2026-08-10 12:41:58   

                      ------------------------------------------------------------------------------
2026-08-10 12:42:03   Adaptive mesh refinement pass 3

                      ------------------------------------------------------------------------------
2026-08-10 12:42:20     Matrix setup time        :	3 s
                        Solver setup             :	6 s
                        Degrees of freedom       :	1523358
                        Number of mesh cells     :	232243

                        Stimulation port         :	Zmin
                        Mode number              :	1
                        Accuracy                 :	8.90308e-05
                        Iterations               :	10
                        Solver time              :	7 s


                      ------------------------------------------------------------------------------
2026-08-10 12:42:21     Delta calculation        
2026-08-10 12:42:21     All S-Parameters         :	9.88804e-05
2026-08-10 12:42:21   

                      ------------------------------------------------------------------------------
2026-08-10 12:42:21   Mesh adaptation terminated because the desired accuracy limit is reached.

                      ------------------------------------------------------------------------------
2026-08-10 12:42:21     Total time               :	58 s

                      ------------------------------------------------------------------------------
2026-08-10 12:42:21   

                      ------------------------------------------------------------------------------
2026-08-10 12:42:21     Calculation 22 (Frequency: 28.672 THz, Theta: 0, Phi: 0)


                      ------------------------------------------------------------------------------
2026-08-10 12:42:21   Running the PortModeSolver.

                      ------------------------------------------------------------------------------
2026-08-10 12:42:22   Adaptive mesh refinement pass 1

                      ------------------------------------------------------------------------------
2026-08-10 12:42:36     Matrix setup time        :	1 s
                        Solver setup             :	4 s
                        Degrees of freedom       :	1523358
                        Number of mesh cells     :	232243

                        Stimulation port         :	Zmin
                        Mode number              :	1
                        Accuracy                 :	8.25746e-05
                        Iterations               :	10
                        Solver time              :	7 s


                      ------------------------------------------------------------------------------
2026-08-10 12:42:42   Adaptive mesh refinement pass 2

                      ------------------------------------------------------------------------------
2026-08-10 12:43:01     Matrix setup time        :	3 s
                        Solver setup             :	6 s
                        Degrees of freedom       :	1557018
                        Number of mesh cells     :	237445

                        Stimulation port         :	Zmin
                        Mode number              :	1
                        Accuracy                 :	6.73453e-05
                        Iterations               :	11
                        Solver time              :	8 s


                      ------------------------------------------------------------------------------
2026-08-10 12:43:02     Delta calculation        
2026-08-10 12:43:02     All S-Parameters         :	0.000109421
2026-08-10 12:43:02   

                      ------------------------------------------------------------------------------
2026-08-10 12:43:07   Adaptive mesh refinement pass 3

                      ------------------------------------------------------------------------------
2026-08-10 12:43:25     Matrix setup time        :	3 s
                        Solver setup             :	6 s
                        Degrees of freedom       :	1591026
                        Number of mesh cells     :	242678

                        Stimulation port         :	Zmin
                        Mode number              :	1
                        Accuracy                 :	6.94977e-05
                        Iterations               :	11
                        Solver time              :	8 s


                      ------------------------------------------------------------------------------
2026-08-10 12:43:26     Delta calculation        
2026-08-10 12:43:26     All S-Parameters         :	5.39397e-05
2026-08-10 12:43:26   

                      ------------------------------------------------------------------------------
2026-08-10 12:43:26   Mesh adaptation terminated because the desired accuracy limit is reached.

                      ------------------------------------------------------------------------------
2026-08-10 12:43:26     Total time               :	64 s	 (= 0 h, 01 m, 04 s)

                      ------------------------------------------------------------------------------
2026-08-10 12:43:26   

                      ------------------------------------------------------------------------------
2026-08-10 12:43:26     Calculation 23 (Frequency: 18.352 THz, Theta: 0, Phi: 0)


                      ------------------------------------------------------------------------------
2026-08-10 12:43:26   Running the PortModeSolver.

                      ------------------------------------------------------------------------------
2026-08-10 12:43:27   Adaptive mesh refinement pass 1

                      ------------------------------------------------------------------------------
2026-08-10 12:43:42     Matrix setup time        :	1 s
                        Solver setup             :	4 s
                        Degrees of freedom       :	1591026
                        Number of mesh cells     :	242678

                        Stimulation port         :	Zmin
                        Mode number              :	1
                        Accuracy                 :	7.95656e-05
                        Iterations               :	11
                        Solver time              :	8 s


                      ------------------------------------------------------------------------------
2026-08-10 12:43:47   Adaptive mesh refinement pass 2

                      ------------------------------------------------------------------------------
2026-08-10 12:44:07     Matrix setup time        :	3 s
                        Solver setup             :	7 s
                        Degrees of freedom       :	1625894
                        Number of mesh cells     :	247963

                        Stimulation port         :	Zmin
                        Mode number              :	1
                        Accuracy                 :	6.86442e-05
                        Iterations               :	11
                        Solver time              :	9 s


                      ------------------------------------------------------------------------------
2026-08-10 12:44:08     Delta calculation        
2026-08-10 12:44:08     All S-Parameters         :	0.00228301
2026-08-10 12:44:08   

                      ------------------------------------------------------------------------------
2026-08-10 12:44:13   Adaptive mesh refinement pass 3

                      ------------------------------------------------------------------------------
2026-08-10 12:44:33     Matrix setup time        :	3 s
                        Solver setup             :	7 s
                        Degrees of freedom       :	1660704
                        Number of mesh cells     :	253269

                        Stimulation port         :	Zmin
                        Mode number              :	1
                        Accuracy                 :	6.38893e-05
                        Iterations               :	11
                        Solver time              :	9 s


                      ------------------------------------------------------------------------------
2026-08-10 12:44:33     Delta calculation        
2026-08-10 12:44:33     All S-Parameters         :	0.000684086
2026-08-10 12:44:33   

                      ------------------------------------------------------------------------------
2026-08-10 12:44:33   Mesh adaptation terminated because the desired accuracy limit is reached.

                      ------------------------------------------------------------------------------
2026-08-10 12:44:34     Total time               :	67 s	 (= 0 h, 01 m, 07 s)

                      ------------------------------------------------------------------------------
2026-08-10 12:44:34   

                      ------------------------------------------------------------------------------
2026-08-10 12:44:34     Calculation 24 (Frequency: 12.112 THz, Theta: 0, Phi: 0)


                      ------------------------------------------------------------------------------
2026-08-10 12:44:34   Running the PortModeSolver.

                      ------------------------------------------------------------------------------
2026-08-10 12:44:35   Adaptive mesh refinement pass 1

                      ------------------------------------------------------------------------------
2026-08-10 12:44:49     Matrix setup time        :	1 s
                        Solver setup             :	5 s
                        Degrees of freedom       :	1660704
                        Number of mesh cells     :	253269

                        Stimulation port         :	Zmin
                        Mode number              :	1
                        Accuracy                 :	6.43837e-05
                        Iterations               :	8
                        Solver time              :	6 s


                      ------------------------------------------------------------------------------
2026-08-10 12:44:55   Adaptive mesh refinement pass 2

                      ------------------------------------------------------------------------------
2026-08-10 12:45:12     Matrix setup time        :	3 s
                        Solver setup             :	6 s
                        Degrees of freedom       :	1695146
                        Number of mesh cells     :	258530

                        Stimulation port         :	Zmin
                        Mode number              :	1
                        Accuracy                 :	6.23771e-05
                        Iterations               :	8
                        Solver time              :	6 s


                      ------------------------------------------------------------------------------
2026-08-10 12:45:12     Delta calculation        
2026-08-10 12:45:12     All S-Parameters         :	0.000388518
2026-08-10 12:45:12   

                      ------------------------------------------------------------------------------
2026-08-10 12:45:18   Adaptive mesh refinement pass 3

                      ------------------------------------------------------------------------------
2026-08-10 12:45:36     Matrix setup time        :	3 s
                        Solver setup             :	8 s
                        Degrees of freedom       :	1729802
                        Number of mesh cells     :	263820

                        Stimulation port         :	Zmin
                        Mode number              :	1
                        Accuracy                 :	9.74495e-05
                        Iterations               :	7
                        Solver time              :	6 s


                      ------------------------------------------------------------------------------
2026-08-10 12:45:36     Delta calculation        
2026-08-10 12:45:36     All S-Parameters         :	0.000228562
2026-08-10 12:45:36   

                      ------------------------------------------------------------------------------
2026-08-10 12:45:36   Mesh adaptation terminated because the desired accuracy limit is reached.

                      ------------------------------------------------------------------------------
2026-08-10 12:45:36     Total time               :	62 s	 (= 0 h, 01 m, 02 s)

                      ------------------------------------------------------------------------------
2026-08-10 12:45:36   

                      ------------------------------------------------------------------------------
2026-08-10 12:45:36     Calculation 25 (Frequency: 25.552 THz, Theta: 0, Phi: 0)


                      ------------------------------------------------------------------------------
2026-08-10 12:45:36   Running the PortModeSolver.

                      ------------------------------------------------------------------------------
2026-08-10 12:45:38   Adaptive mesh refinement pass 1

                      ------------------------------------------------------------------------------
2026-08-10 12:45:55     Matrix setup time        :	1 s
                        Solver setup             :	6 s
                        Degrees of freedom       :	1729802
                        Number of mesh cells     :	263820

                        Stimulation port         :	Zmin
                        Mode number              :	1
                        Accuracy                 :	4.33867e-05
                        Iterations               :	11
                        Solver time              :	9 s


                      ------------------------------------------------------------------------------
2026-08-10 12:46:01   Adaptive mesh refinement pass 2

                      ------------------------------------------------------------------------------
2026-08-10 12:46:21     Matrix setup time        :	3 s
                        Solver setup             :	7 s
                        Degrees of freedom       :	1763668
                        Number of mesh cells     :	269061

                        Stimulation port         :	Zmin
                        Mode number              :	1
                        Accuracy                 :	7.33775e-05
                        Iterations               :	10
                        Solver time              :	8 s


                      ------------------------------------------------------------------------------
2026-08-10 12:46:21     Delta calculation        
2026-08-10 12:46:21     All S-Parameters         :	0.000156372
2026-08-10 12:46:21   

                      ------------------------------------------------------------------------------
2026-08-10 12:46:28   Adaptive mesh refinement pass 3

                      ------------------------------------------------------------------------------
2026-08-10 12:46:51     Matrix setup time        :	3 s
                        Solver setup             :	9 s
                        Degrees of freedom       :	1797738
                        Number of mesh cells     :	274293

                        Stimulation port         :	Zmin
                        Mode number              :	1
                        Accuracy                 :	7.226e-05
                        Iterations               :	10
                        Solver time              :	9 s


                      ------------------------------------------------------------------------------
2026-08-10 12:46:51     Delta calculation        
2026-08-10 12:46:51     All S-Parameters         :	5.62366e-05
2026-08-10 12:46:51   

                      ------------------------------------------------------------------------------
2026-08-10 12:46:51   Mesh adaptation terminated because the desired accuracy limit is reached.

                      ------------------------------------------------------------------------------
2026-08-10 12:46:52     Total time               :	75 s	 (= 0 h, 01 m, 15 s)

                      ------------------------------------------------------------------------------
2026-08-10 12:46:52   

                      ------------------------------------------------------------------------------
2026-08-10 12:46:52     Calculation 26 (Frequency: 15.376 THz, Theta: 0, Phi: 0)


                      ------------------------------------------------------------------------------
2026-08-10 12:46:52   Running the PortModeSolver.

                      ------------------------------------------------------------------------------
2026-08-10 12:46:53   Adaptive mesh refinement pass 1

                      ------------------------------------------------------------------------------
2026-08-10 12:47:11     Matrix setup time        :	1 s
                        Solver setup             :	6 s
                        Degrees of freedom       :	1797738
                        Number of mesh cells     :	274293

                        Stimulation port         :	Zmin
                        Mode number              :	1
                        Accuracy                 :	8.14419e-05
                        Iterations               :	10
                        Solver time              :	9 s


                      ------------------------------------------------------------------------------
2026-08-10 12:47:11   The input reflection seems to be large at 15.376 THz, Theta: 0, Phi: 0.  More...

                      ------------------------------------------------------------------------------
2026-08-10 12:47:17   Adaptive mesh refinement pass 2

                      ------------------------------------------------------------------------------
2026-08-10 12:47:41     Matrix setup time        :	4 s
                        Solver setup             :	9 s
                        Degrees of freedom       :	1832860
                        Number of mesh cells     :	279631

                        Stimulation port         :	Zmin
                        Mode number              :	1
                        Accuracy                 :	9.45935e-05
                        Iterations               :	10
                        Solver time              :	10 s


                      ------------------------------------------------------------------------------
2026-08-10 12:47:42     Delta calculation        
2026-08-10 12:47:42     All S-Parameters         :	0.00133527
2026-08-10 12:47:42   

                      ------------------------------------------------------------------------------
2026-08-10 12:47:48   Adaptive mesh refinement pass 3

                      ------------------------------------------------------------------------------
2026-08-10 12:48:11     Matrix setup time        :	4 s
                        Solver setup             :	8 s
                        Degrees of freedom       :	1867212
                        Number of mesh cells     :	284879

                        Stimulation port         :	Zmin
                        Mode number              :	1
                        Accuracy                 :	8.08246e-05
                        Iterations               :	10
                        Solver time              :	9 s


                      ------------------------------------------------------------------------------
2026-08-10 12:48:12     Delta calculation        
2026-08-10 12:48:12     All S-Parameters         :	0.000269987
2026-08-10 12:48:12   

                      ------------------------------------------------------------------------------
2026-08-10 12:48:12   Mesh adaptation terminated because the desired accuracy limit is reached.

                      ------------------------------------------------------------------------------
2026-08-10 12:48:12     Total time               :	80 s	 (= 0 h, 01 m, 20 s)

                      ------------------------------------------------------------------------------
2026-08-10 12:48:12   

                      ------------------------------------------------------------------------------
2026-08-10 12:48:12     Calculation 27 (Frequency: 11.32 THz, Theta: 0, Phi: 0)


                      ------------------------------------------------------------------------------
2026-08-10 12:48:12   Running the PortModeSolver.

                      ------------------------------------------------------------------------------
2026-08-10 12:48:14   Adaptive mesh refinement pass 1

                      ------------------------------------------------------------------------------
2026-08-10 12:48:33     Matrix setup time        :	1 s
                        Solver setup             :	6 s
                        Degrees of freedom       :	1867212
                        Number of mesh cells     :	284879

                        Stimulation port         :	Zmin
                        Mode number              :	1
                        Accuracy                 :	6.46293e-05
                        Iterations               :	10
                        Solver time              :	10 s


                      ------------------------------------------------------------------------------
2026-08-10 12:48:40   Adaptive mesh refinement pass 2

                      ------------------------------------------------------------------------------
2026-08-10 12:49:01     Matrix setup time        :	4 s
                        Solver setup             :	9 s
                        Degrees of freedom       :	1901492
                        Number of mesh cells     :	290128

                        Stimulation port         :	Zmin
                        Mode number              :	1
                        Accuracy                 :	8.49782e-05
                        Iterations               :	7
                        Solver time              :	7 s


                      ------------------------------------------------------------------------------
2026-08-10 12:49:02     Delta calculation        
2026-08-10 12:49:02     All S-Parameters         :	0.000189125
2026-08-10 12:49:02   

                      ------------------------------------------------------------------------------
2026-08-10 12:49:08   Adaptive mesh refinement pass 3

                      ------------------------------------------------------------------------------
2026-08-10 12:49:29     Matrix setup time        :	4 s
                        Solver setup             :	9 s
                        Degrees of freedom       :	1935878
                        Number of mesh cells     :	295377

                        Stimulation port         :	Zmin
                        Mode number              :	1
                        Accuracy                 :	8.12054e-05
                        Iterations               :	7
                        Solver time              :	7 s


                      ------------------------------------------------------------------------------
2026-08-10 12:49:30     Delta calculation        
2026-08-10 12:49:30     All S-Parameters         :	0.00010565
2026-08-10 12:49:30   

                      ------------------------------------------------------------------------------
2026-08-10 12:49:30   Mesh adaptation terminated because the desired accuracy limit is reached.

                      ------------------------------------------------------------------------------
2026-08-10 12:49:30     Total time               :	77 s	 (= 0 h, 01 m, 17 s)

                      ------------------------------------------------------------------------------
2026-08-10 12:49:30   

                      ------------------------------------------------------------------------------
2026-08-10 12:49:30     Calculation 28 (Frequency: 17.632 THz, Theta: 0, Phi: 0)


                      ------------------------------------------------------------------------------
2026-08-10 12:49:30   Running the PortModeSolver.

                      ------------------------------------------------------------------------------
2026-08-10 12:49:32   Adaptive mesh refinement pass 1

                      ------------------------------------------------------------------------------
2026-08-10 12:49:50     Matrix setup time        :	1 s
                        Solver setup             :	6 s
                        Degrees of freedom       :	1935878
                        Number of mesh cells     :	295377

                        Stimulation port         :	Zmin
                        Mode number              :	1
                        Accuracy                 :	8.00053e-05
                        Iterations               :	9
                        Solver time              :	9 s


                      ------------------------------------------------------------------------------
2026-08-10 12:49:57   Adaptive mesh refinement pass 2

                      ------------------------------------------------------------------------------
2026-08-10 12:50:20     Matrix setup time        :	4 s
                        Solver setup             :	9 s
                        Degrees of freedom       :	1970094
                        Number of mesh cells     :	300622

                        Stimulation port         :	Zmin
                        Mode number              :	1
                        Accuracy                 :	5.97427e-05
                        Iterations               :	9
                        Solver time              :	9 s


                      ------------------------------------------------------------------------------
2026-08-10 12:50:21     Delta calculation        
2026-08-10 12:50:21     All S-Parameters         :	0.0010689
2026-08-10 12:50:21   

                      ------------------------------------------------------------------------------
2026-08-10 12:50:27   Adaptive mesh refinement pass 3

                      ------------------------------------------------------------------------------
2026-08-10 12:50:54     Matrix setup time        :	4 s
                        Solver setup             :	12 s
                        Degrees of freedom       :	2004206
                        Number of mesh cells     :	305859

                        Stimulation port         :	Zmin
                        Mode number              :	1
                        Accuracy                 :	6.21245e-05
                        Iterations               :	9
                        Solver time              :	9 s


                      ------------------------------------------------------------------------------
2026-08-10 12:50:55     Delta calculation        
2026-08-10 12:50:55     All S-Parameters         :	0.000594323
2026-08-10 12:50:55   

                      ------------------------------------------------------------------------------
2026-08-10 12:50:55   Mesh adaptation terminated because the desired accuracy limit is reached.

                      ------------------------------------------------------------------------------
2026-08-10 12:50:55     Total time               :	84 s	 (= 0 h, 01 m, 24 s)

                      ------------------------------------------------------------------------------
2026-08-10 12:50:55   

                      ------------------------------------------------------------------------------
2026-08-10 12:50:55     Calculation 29 (Frequency: 14.68 THz, Theta: 0, Phi: 0)


                      ------------------------------------------------------------------------------
2026-08-10 12:50:55   Running the PortModeSolver.

                      ------------------------------------------------------------------------------
2026-08-10 12:50:57   Adaptive mesh refinement pass 1

                      ------------------------------------------------------------------------------
2026-08-10 12:51:20     Matrix setup time        :	2 s
                        Solver setup             :	10 s
                        Degrees of freedom       :	2004206
                        Number of mesh cells     :	305859

                        Stimulation port         :	Zmin
                        Mode number              :	1
                        Accuracy                 :	6.94393e-05
                        Iterations               :	10
                        Solver time              :	10 s


                      ------------------------------------------------------------------------------
2026-08-10 12:51:21   The input reflection seems to be large at 14.68 THz, Theta: 0, Phi: 0.  More...

                      ------------------------------------------------------------------------------
2026-08-10 12:51:28   Adaptive mesh refinement pass 2

                      ------------------------------------------------------------------------------
2026-08-10 12:51:52     Matrix setup time        :	4 s
                        Solver setup             :	10 s
                        Degrees of freedom       :	2039106
                        Number of mesh cells     :	311167

                        Stimulation port         :	Zmin
                        Mode number              :	1
                        Accuracy                 :	6.32917e-05
                        Iterations               :	9
                        Solver time              :	10 s


                      ------------------------------------------------------------------------------
2026-08-10 12:51:53     Delta calculation        
2026-08-10 12:51:53     All S-Parameters         :	0.000110074
2026-08-10 12:51:53   

                      ------------------------------------------------------------------------------
2026-08-10 12:52:00   Adaptive mesh refinement pass 3

                      ------------------------------------------------------------------------------
2026-08-10 12:52:26     Matrix setup time        :	4 s
                        Solver setup             :	11 s
                        Degrees of freedom       :	2073670
                        Number of mesh cells     :	316434

                        Stimulation port         :	Zmin
                        Mode number              :	1
                        Accuracy                 :	9.82567e-05
                        Iterations               :	8
                        Solver time              :	10 s


                      ------------------------------------------------------------------------------
2026-08-10 12:52:27     Delta calculation        
2026-08-10 12:52:27     All S-Parameters         :	0.000152289
2026-08-10 12:52:27   

                      ------------------------------------------------------------------------------
2026-08-10 12:52:27   Mesh adaptation terminated because the desired accuracy limit is reached.

                      ------------------------------------------------------------------------------
2026-08-10 12:52:27     Total time               :	91 s	 (= 0 h, 01 m, 31 s)

                      ------------------------------------------------------------------------------
2026-08-10 12:52:27   

                      ------------------------------------------------------------------------------
2026-08-10 12:52:27     Calculation 30 (Frequency: 16.696 THz, Theta: 0, Phi: 0)


                      ------------------------------------------------------------------------------
2026-08-10 12:52:27   Running the PortModeSolver.

                      ------------------------------------------------------------------------------
2026-08-10 12:52:29   Adaptive mesh refinement pass 1

                      ------------------------------------------------------------------------------
2026-08-10 12:52:51     Matrix setup time        :	1 s
                        Solver setup             :	8 s
                        Degrees of freedom       :	2073670
                        Number of mesh cells     :	316434

                        Stimulation port         :	Zmin
                        Mode number              :	1
                        Accuracy                 :	6.25941e-05
                        Iterations               :	10
                        Solver time              :	11 s


                      ------------------------------------------------------------------------------
2026-08-10 12:52:59   Adaptive mesh refinement pass 2

                      ------------------------------------------------------------------------------
2026-08-10 12:53:26     Matrix setup time        :	4 s
                        Solver setup             :	11 s
                        Degrees of freedom       :	2107724
                        Number of mesh cells     :	321669

                        Stimulation port         :	Zmin
                        Mode number              :	1
                        Accuracy                 :	9.54511e-05
                        Iterations               :	9
                        Solver time              :	10 s


                      ------------------------------------------------------------------------------
2026-08-10 12:53:26     Delta calculation        
2026-08-10 12:53:26     All S-Parameters         :	0.000437181
2026-08-10 12:53:26   

                      ------------------------------------------------------------------------------
2026-08-10 12:53:33   Adaptive mesh refinement pass 3

                      ------------------------------------------------------------------------------
2026-08-10 12:54:00     Matrix setup time        :	4 s
                        Solver setup             :	10 s
                        Degrees of freedom       :	2141790
                        Number of mesh cells     :	326899

                        Stimulation port         :	Zmin
                        Mode number              :	1
                        Accuracy                 :	9.34921e-05
                        Iterations               :	9
                        Solver time              :	10 s


                      ------------------------------------------------------------------------------
2026-08-10 12:54:01     Delta calculation        
2026-08-10 12:54:01     All S-Parameters         :	0.000303342
2026-08-10 12:54:01   

                      ------------------------------------------------------------------------------
2026-08-10 12:54:01   Mesh adaptation terminated because the desired accuracy limit is reached.

                      ------------------------------------------------------------------------------
2026-08-10 12:54:01     Total time               :	93 s	 (= 0 h, 01 m, 33 s)

                      ------------------------------------------------------------------------------
2026-08-10 12:54:01   

                      ------------------------------------------------------------------------------
2026-08-10 12:54:01     Calculation 31 (Frequency: 27.232 THz, Theta: 0, Phi: 0)


                      ------------------------------------------------------------------------------
2026-08-10 12:54:01   Running the PortModeSolver.

                      ------------------------------------------------------------------------------
2026-08-10 12:54:02   Adaptive mesh refinement pass 1

                      ------------------------------------------------------------------------------
2026-08-10 12:54:25     Matrix setup time        :	2 s
                        Solver setup             :	8 s
                        Degrees of freedom       :	2141790
                        Number of mesh cells     :	326899

                        Stimulation port         :	Zmin
                        Mode number              :	1
                        Accuracy                 :	9.11211e-05
                        Iterations               :	10
                        Solver time              :	11 s


                      ------------------------------------------------------------------------------
2026-08-10 12:54:33   Adaptive mesh refinement pass 2

                      ------------------------------------------------------------------------------
2026-08-10 12:54:59     Matrix setup time        :	4 s
                        Solver setup             :	9 s
                        Degrees of freedom       :	2175364
                        Number of mesh cells     :	332084

                        Stimulation port         :	Zmin
                        Mode number              :	1
                        Accuracy                 :	4.69613e-05
                        Iterations               :	11
                        Solver time              :	12 s


                      ------------------------------------------------------------------------------
2026-08-10 12:55:00     Delta calculation        
2026-08-10 12:55:00     All S-Parameters         :	0.000155424
2026-08-10 12:55:00   

                      ------------------------------------------------------------------------------
2026-08-10 12:55:08   Adaptive mesh refinement pass 3

                      ------------------------------------------------------------------------------
2026-08-10 12:55:36     Matrix setup time        :	4 s
                        Solver setup             :	10 s
                        Degrees of freedom       :	2209244
                        Number of mesh cells     :	337287

                        Stimulation port         :	Zmin
                        Mode number              :	1
                        Accuracy                 :	4.39844e-05
                        Iterations               :	11
                        Solver time              :	12 s


                      ------------------------------------------------------------------------------
2026-08-10 12:55:37     Delta calculation        
2026-08-10 12:55:37     All S-Parameters         :	6.00917e-05
2026-08-10 12:55:37   

                      ------------------------------------------------------------------------------
2026-08-10 12:55:37   Mesh adaptation terminated because the desired accuracy limit is reached.

                      ------------------------------------------------------------------------------
2026-08-10 12:55:37     Total time               :	95 s	 (= 0 h, 01 m, 35 s)

                      ------------------------------------------------------------------------------
2026-08-10 12:55:37   

                      ------------------------------------------------------------------------------
2026-08-10 12:55:37     Calculation 32 (Frequency: 22.24 THz, Theta: 0, Phi: 0)


                      ------------------------------------------------------------------------------
2026-08-10 12:55:37   Running the PortModeSolver.

                      ------------------------------------------------------------------------------
2026-08-10 12:55:38   Adaptive mesh refinement pass 1

                      ------------------------------------------------------------------------------
2026-08-10 12:56:00     Matrix setup time        :	2 s
                        Solver setup             :	9 s
                        Degrees of freedom       :	2209244
                        Number of mesh cells     :	337287

                        Stimulation port         :	Zmin
                        Mode number              :	1
                        Accuracy                 :	8.60969e-05
                        Iterations               :	9
                        Solver time              :	10 s


                      ------------------------------------------------------------------------------
2026-08-10 12:56:08   Adaptive mesh refinement pass 2

                      ------------------------------------------------------------------------------
2026-08-10 12:56:36     Matrix setup time        :	5 s
                        Solver setup             :	11 s
                        Degrees of freedom       :	2243496
                        Number of mesh cells     :	342528

                        Stimulation port         :	Zmin
                        Mode number              :	1
                        Accuracy                 :	8.22313e-05
                        Iterations               :	9
                        Solver time              :	10 s


                      ------------------------------------------------------------------------------
2026-08-10 12:56:37     Delta calculation        
2026-08-10 12:56:37     All S-Parameters         :	0.000312864
2026-08-10 12:56:37   

                      ------------------------------------------------------------------------------
2026-08-10 12:56:45   Adaptive mesh refinement pass 3

                      ------------------------------------------------------------------------------
2026-08-10 12:57:12     Matrix setup time        :	5 s
                        Solver setup             :	11 s
                        Degrees of freedom       :	2277902
                        Number of mesh cells     :	347790

                        Stimulation port         :	Zmin
                        Mode number              :	1
                        Accuracy                 :	7.55995e-05
                        Iterations               :	9
                        Solver time              :	11 s


                      ------------------------------------------------------------------------------
2026-08-10 12:57:13     Delta calculation        
2026-08-10 12:57:13     All S-Parameters         :	7.91905e-05
2026-08-10 12:57:13   

                      ------------------------------------------------------------------------------
2026-08-10 12:57:13   Mesh adaptation terminated because the desired accuracy limit is reached.

                      ------------------------------------------------------------------------------
2026-08-10 12:57:13     Total time               :	96 s	 (= 0 h, 01 m, 36 s)

                      ------------------------------------------------------------------------------
2026-08-10 12:57:13   

                      ------------------------------------------------------------------------------
2026-08-10 12:57:13     Calculation 33 (Frequency: 18.856 THz, Theta: 0, Phi: 0)


                      ------------------------------------------------------------------------------
2026-08-10 12:57:13   Running the PortModeSolver.

                      ------------------------------------------------------------------------------
2026-08-10 12:57:15   Adaptive mesh refinement pass 1

                      ------------------------------------------------------------------------------
2026-08-10 12:57:39     Matrix setup time        :	2 s
                        Solver setup             :	9 s
                        Degrees of freedom       :	2277902
                        Number of mesh cells     :	347790

                        Stimulation port         :	Zmin
                        Mode number              :	1
                        Accuracy                 :	6.92649e-05
                        Iterations               :	10
                        Solver time              :	12 s


                      ------------------------------------------------------------------------------
2026-08-10 12:57:47   Adaptive mesh refinement pass 2

                      ------------------------------------------------------------------------------
2026-08-10 12:58:16     Matrix setup time        :	5 s
                        Solver setup             :	12 s
                        Degrees of freedom       :	2311764
                        Number of mesh cells     :	353017

                        Stimulation port         :	Zmin
                        Mode number              :	1
                        Accuracy                 :	7.58785e-05
                        Iterations               :	10
                        Solver time              :	12 s


                      ------------------------------------------------------------------------------
2026-08-10 12:58:17     Delta calculation        
2026-08-10 12:58:17     All S-Parameters         :	2.91932e-05
2026-08-10 12:58:17   

                      ------------------------------------------------------------------------------
2026-08-10 12:58:24   Adaptive mesh refinement pass 3

                      ------------------------------------------------------------------------------
2026-08-10 12:58:51     Matrix setup time        :	5 s
                        Solver setup             :	11 s
                        Degrees of freedom       :	2345584
                        Number of mesh cells     :	358227

                        Stimulation port         :	Zmin
                        Mode number              :	1
                        Accuracy                 :	9.24426e-05
                        Iterations               :	9
                        Solver time              :	10 s


                      ------------------------------------------------------------------------------
2026-08-10 12:58:52     Delta calculation        
2026-08-10 12:58:52     All S-Parameters         :	3.62106e-05
2026-08-10 12:58:52   

                      ------------------------------------------------------------------------------
2026-08-10 12:58:52   Mesh adaptation terminated because the desired accuracy limit is reached.

                      ------------------------------------------------------------------------------
2026-08-10 12:58:52     Total time               :	98 s	 (= 0 h, 01 m, 38 s)

                      ------------------------------------------------------------------------------
2026-08-10 12:58:52   

                      ------------------------------------------------------------------------------
2026-08-10 12:58:52     Calculation 34 (Frequency: 26.632 THz, Theta: 0, Phi: 0)


                      ------------------------------------------------------------------------------
2026-08-10 12:58:52   Running the PortModeSolver.

                      ------------------------------------------------------------------------------
2026-08-10 12:58:54   Adaptive mesh refinement pass 1

                      ------------------------------------------------------------------------------
2026-08-10 12:59:20     Matrix setup time        :	2 s
                        Solver setup             :	8 s
                        Degrees of freedom       :	2345584
                        Number of mesh cells     :	358227

                        Stimulation port         :	Zmin
                        Mode number              :	1
                        Accuracy                 :	8.37536e-05
                        Iterations               :	13
                        Solver time              :	15 s


                      ------------------------------------------------------------------------------
2026-08-10 12:59:29   Adaptive mesh refinement pass 2

                      ------------------------------------------------------------------------------
2026-08-10 13:00:00     Matrix setup time        :	5 s
                        Solver setup             :	10 s
                        Degrees of freedom       :	2379980
                        Number of mesh cells     :	363491

                        Stimulation port         :	Zmin
                        Mode number              :	1
                        Accuracy                 :	7.64578e-05
                        Iterations               :	13
                        Solver time              :	15 s


                      ------------------------------------------------------------------------------
2026-08-10 13:00:01     Delta calculation        
2026-08-10 13:00:01     All S-Parameters         :	8.36602e-05
2026-08-10 13:00:01   

                      ------------------------------------------------------------------------------
2026-08-10 13:00:09   Adaptive mesh refinement pass 3

                      ------------------------------------------------------------------------------
2026-08-10 13:00:42     Matrix setup time        :	5 s
                        Solver setup             :	11 s
                        Degrees of freedom       :	2414046
                        Number of mesh cells     :	368726

                        Stimulation port         :	Zmin
                        Mode number              :	1
                        Accuracy                 :	7.39145e-05
                        Iterations               :	13
                        Solver time              :	16 s


                      ------------------------------------------------------------------------------
2026-08-10 13:00:43     Delta calculation        
2026-08-10 13:00:43     All S-Parameters         :	6.17649e-05
2026-08-10 13:00:43   

                      ------------------------------------------------------------------------------
2026-08-10 13:00:43   Mesh adaptation terminated because the desired accuracy limit is reached.

                      ------------------------------------------------------------------------------
2026-08-10 13:00:43     Total time               :	110 s	 (= 0 h, 01 m, 50 s)

                      ------------------------------------------------------------------------------
2026-08-10 13:00:43   

                      ------------------------------------------------------------------------------
2026-08-10 13:00:43     Calculation 35 (Frequency: 18.592 THz, Theta: 0, Phi: 0)


                      ------------------------------------------------------------------------------
2026-08-10 13:00:43   Running the PortModeSolver.

                      ------------------------------------------------------------------------------
2026-08-10 13:00:44   Adaptive mesh refinement pass 1

                      ------------------------------------------------------------------------------
2026-08-10 13:01:07     Matrix setup time        :	2 s
                        Solver setup             :	8 s
                        Degrees of freedom       :	2414046
                        Number of mesh cells     :	368726

                        Stimulation port         :	Zmin
                        Mode number              :	1
                        Accuracy                 :	6.5137e-05
                        Iterations               :	10
                        Solver time              :	12 s


                      ------------------------------------------------------------------------------
2026-08-10 13:01:16   Adaptive mesh refinement pass 2

                      ------------------------------------------------------------------------------
2026-08-10 13:01:46     Matrix setup time        :	5 s
                        Solver setup             :	11 s
                        Degrees of freedom       :	2448176
                        Number of mesh cells     :	373977

                        Stimulation port         :	Zmin
                        Mode number              :	1
                        Accuracy                 :	6.15469e-05
                        Iterations               :	10
                        Solver time              :	12 s


                      ------------------------------------------------------------------------------
2026-08-10 13:01:46     Delta calculation        
2026-08-10 13:01:46     All S-Parameters         :	0.000225417
2026-08-10 13:01:46   

                      ------------------------------------------------------------------------------
2026-08-10 13:01:54   Adaptive mesh refinement pass 3

                      ------------------------------------------------------------------------------
2026-08-10 13:02:25     Matrix setup time        :	5 s
                        Solver setup             :	12 s
                        Degrees of freedom       :	2482778
                        Number of mesh cells     :	379261

                        Stimulation port         :	Zmin
                        Mode number              :	1
                        Accuracy                 :	6.54955e-05
                        Iterations               :	10
                        Solver time              :	13 s


                      ------------------------------------------------------------------------------
2026-08-10 13:02:26     Delta calculation        
2026-08-10 13:02:26     All S-Parameters         :	0.000254345
2026-08-10 13:02:26   

                      ------------------------------------------------------------------------------
2026-08-10 13:02:26   Mesh adaptation terminated because the desired accuracy limit is reached.

                      ------------------------------------------------------------------------------
2026-08-10 13:02:26     Total time               :	103 s	 (= 0 h, 01 m, 43 s)

                      ------------------------------------------------------------------------------
2026-08-10 13:02:26   

                      ------------------------------------------------------------------------------
2026-08-10 13:02:26     Calculation 36 (Frequency: 19.768 THz, Theta: 0, Phi: 0)


                      ------------------------------------------------------------------------------
2026-08-10 13:02:26   Running the PortModeSolver.

                      ------------------------------------------------------------------------------
2026-08-10 13:02:28   Adaptive mesh refinement pass 1

                      ------------------------------------------------------------------------------
2026-08-10 13:02:52     Matrix setup time        :	2 s
                        Solver setup             :	9 s
                        Degrees of freedom       :	2482778
                        Number of mesh cells     :	379261

                        Stimulation port         :	Zmin
                        Mode number              :	1
                        Accuracy                 :	7.5639e-05
                        Iterations               :	9
                        Solver time              :	11 s


                      ------------------------------------------------------------------------------
2026-08-10 13:03:01   Adaptive mesh refinement pass 2

                      ------------------------------------------------------------------------------
2026-08-10 13:03:29     Matrix setup time        :	5 s
                        Solver setup             :	12 s
                        Degrees of freedom       :	2516240
                        Number of mesh cells     :	384442

                        Stimulation port         :	Zmin
                        Mode number              :	1
                        Accuracy                 :	7.98174e-05
                        Iterations               :	8
                        Solver time              :	10 s


                      ------------------------------------------------------------------------------
2026-08-10 13:03:30     Delta calculation        
2026-08-10 13:03:30     All S-Parameters         :	3.81855e-05
2026-08-10 13:03:30   

                      ------------------------------------------------------------------------------
2026-08-10 13:03:38   Adaptive mesh refinement pass 3

                      ------------------------------------------------------------------------------
2026-08-10 13:04:07     Matrix setup time        :	5 s
                        Solver setup             :	12 s
                        Degrees of freedom       :	2550016
                        Number of mesh cells     :	389656

                        Stimulation port         :	Zmin
                        Mode number              :	1
                        Accuracy                 :	7.85622e-05
                        Iterations               :	8
                        Solver time              :	10 s


                      ------------------------------------------------------------------------------
2026-08-10 13:04:08     Delta calculation        
2026-08-10 13:04:08     All S-Parameters         :	1.36121e-05
2026-08-10 13:04:08   

                      ------------------------------------------------------------------------------
2026-08-10 13:04:08   Mesh adaptation terminated because the desired accuracy limit is reached.

                      ------------------------------------------------------------------------------
2026-08-10 13:04:08     Total time               :	101 s	 (= 0 h, 01 m, 41 s)

                      ------------------------------------------------------------------------------
2026-08-10 13:04:08   

                      ------------------------------------------------------------------------------
2026-08-10 13:04:08     Calculation 37 (Frequency: 26.512 THz, Theta: 0, Phi: 0)


                      ------------------------------------------------------------------------------
2026-08-10 13:04:08   Running the PortModeSolver.

                      ------------------------------------------------------------------------------
2026-08-10 13:04:09   Adaptive mesh refinement pass 1

                      ------------------------------------------------------------------------------
2026-08-10 13:04:44     Matrix setup time        :	2 s
                        Solver setup             :	9 s
                        Degrees of freedom       :	2550016
                        Number of mesh cells     :	389656

                        Stimulation port         :	Zmin
                        Mode number              :	1
                        Accuracy                 :	5.7747e-05
                        Iterations               :	18
                        Solver time              :	22 s


                      ------------------------------------------------------------------------------
2026-08-10 13:04:54   Adaptive mesh refinement pass 2

                      ------------------------------------------------------------------------------
2026-08-10 13:05:35     Matrix setup time        :	5 s
                        Solver setup             :	12 s
                        Degrees of freedom       :	2584300
                        Number of mesh cells     :	394922

                        Stimulation port         :	Zmin
                        Mode number              :	1
                        Accuracy                 :	9.4451e-05
                        Iterations               :	17
                        Solver time              :	22 s


                      ------------------------------------------------------------------------------
2026-08-10 13:05:35     Delta calculation        
2026-08-10 13:05:35     All S-Parameters         :	9.83453e-05
2026-08-10 13:05:35   

                      ------------------------------------------------------------------------------
2026-08-10 13:05:44   Adaptive mesh refinement pass 3

                      ------------------------------------------------------------------------------
2026-08-10 13:06:25     Matrix setup time        :	5 s
                        Solver setup             :	13 s
                        Degrees of freedom       :	2618188
                        Number of mesh cells     :	400136

                        Stimulation port         :	Zmin
                        Mode number              :	1
                        Accuracy                 :	9.50479e-05
                        Iterations               :	16
                        Solver time              :	21 s


                      ------------------------------------------------------------------------------
2026-08-10 13:06:26     Delta calculation        
2026-08-10 13:06:26     All S-Parameters         :	9.52357e-05
2026-08-10 13:06:26   

                      ------------------------------------------------------------------------------
2026-08-10 13:06:26   Mesh adaptation terminated because the desired accuracy limit is reached.

                      ------------------------------------------------------------------------------
2026-08-10 13:06:26     Total time               :	138 s	 (= 0 h, 02 m, 18 s)

                      ------------------------------------------------------------------------------
2026-08-10 13:06:26   

                      ------------------------------------------------------------------------------
2026-08-10 13:06:26     Calculation 38 (Frequency: 26.44 THz, Theta: 0, Phi: 0)


                      ------------------------------------------------------------------------------
2026-08-10 13:06:26   Running the PortModeSolver.

                      ------------------------------------------------------------------------------
2026-08-10 13:06:28   Adaptive mesh refinement pass 1

                      ------------------------------------------------------------------------------
2026-08-10 13:06:51     Matrix setup time        :	2 s
                        Solver setup             :	10 s
                        Degrees of freedom       :	2618188
                        Number of mesh cells     :	400136

                        Stimulation port         :	Zmin
                        Mode number              :	1
                        Accuracy                 :	6.02478e-05
                        Iterations               :	7
                        Solver time              :	9 s


                      ------------------------------------------------------------------------------
2026-08-10 13:07:01   Adaptive mesh refinement pass 2

                      ------------------------------------------------------------------------------
2026-08-10 13:07:37     Matrix setup time        :	5 s
                        Solver setup             :	13 s
                        Degrees of freedom       :	2652212
                        Number of mesh cells     :	405364

                        Stimulation port         :	Zmin
                        Mode number              :	1
                        Accuracy                 :	6.80242e-05
                        Iterations               :	12
                        Solver time              :	16 s


                      ------------------------------------------------------------------------------
2026-08-10 13:07:38     Delta calculation        
2026-08-10 13:07:38     All S-Parameters         :	6.44663e-05
2026-08-10 13:07:38   

                      ------------------------------------------------------------------------------
2026-08-10 13:07:47   Adaptive mesh refinement pass 3

                      ------------------------------------------------------------------------------
2026-08-10 13:08:23     Matrix setup time        :	5 s
                        Solver setup             :	13 s
                        Degrees of freedom       :	2686448
                        Number of mesh cells     :	410617

                        Stimulation port         :	Zmin
                        Mode number              :	1
                        Accuracy                 :	6.86471e-05
                        Iterations               :	12
                        Solver time              :	16 s


                      ------------------------------------------------------------------------------
2026-08-10 13:08:24     Delta calculation        
2026-08-10 13:08:24     All S-Parameters         :	5.48103e-05
2026-08-10 13:08:24   

                      ------------------------------------------------------------------------------
2026-08-10 13:08:24   Mesh adaptation terminated because the desired accuracy limit is reached.

                      ------------------------------------------------------------------------------
2026-08-10 13:08:24     Total time               :	117 s	 (= 0 h, 01 m, 57 s)

                      ------------------------------------------------------------------------------
2026-08-10 13:08:24   

                      ------------------------------------------------------------------------------
2026-08-10 13:08:24     Calculation 39 (Frequency: 18.712 THz, Theta: 0, Phi: 0)


                      ------------------------------------------------------------------------------
2026-08-10 13:08:24   Running the PortModeSolver.

                      ------------------------------------------------------------------------------
2026-08-10 13:08:25   Adaptive mesh refinement pass 1

                      ------------------------------------------------------------------------------
2026-08-10 13:08:52     Matrix setup time        :	2 s
                        Solver setup             :	10 s
                        Degrees of freedom       :	2686448
                        Number of mesh cells     :	410617

                        Stimulation port         :	Zmin
                        Mode number              :	1
                        Accuracy                 :	8.57398e-05
                        Iterations               :	10
                        Solver time              :	13 s


                      ------------------------------------------------------------------------------
2026-08-10 13:09:02   Adaptive mesh refinement pass 2

                      ------------------------------------------------------------------------------
2026-08-10 13:09:39     Matrix setup time        :	5 s
                        Solver setup             :	16 s
                        Degrees of freedom       :	2721046
                        Number of mesh cells     :	415862

                        Stimulation port         :	Zmin
                        Mode number              :	1
                        Accuracy                 :	7.80556e-05
                        Iterations               :	10
                        Solver time              :	14 s


                      ------------------------------------------------------------------------------
2026-08-10 13:09:40     Delta calculation        
2026-08-10 13:09:40     All S-Parameters         :	7.2886e-05
2026-08-10 13:09:40   

                      ------------------------------------------------------------------------------
2026-08-10 13:09:49   Adaptive mesh refinement pass 3

                      ------------------------------------------------------------------------------
2026-08-10 13:10:23     Matrix setup time        :	5 s
                        Solver setup             :	14 s
                        Degrees of freedom       :	2755630
                        Number of mesh cells     :	421134

                        Stimulation port         :	Zmin
                        Mode number              :	1
                        Accuracy                 :	7.90288e-05
                        Iterations               :	10
                        Solver time              :	13 s


                      ------------------------------------------------------------------------------
2026-08-10 13:10:24     Delta calculation        
2026-08-10 13:10:24     All S-Parameters         :	0.000109799
2026-08-10 13:10:24   

                      ------------------------------------------------------------------------------
2026-08-10 13:10:24   Mesh adaptation terminated because the desired accuracy limit is reached.

                      ------------------------------------------------------------------------------
2026-08-10 13:10:24     Total time               :	119 s	 (= 0 h, 01 m, 59 s)

                      ------------------------------------------------------------------------------
2026-08-10 13:10:24   

                      ------------------------------------------------------------------------------
2026-08-10 13:10:24     Calculation 40 (Frequency: 18.064 THz, Theta: 0, Phi: 0)


                      ------------------------------------------------------------------------------
2026-08-10 13:10:24   Running the PortModeSolver.

                      ------------------------------------------------------------------------------
2026-08-10 13:10:25   Adaptive mesh refinement pass 1

                      ------------------------------------------------------------------------------
2026-08-10 13:10:52     Matrix setup time        :	2 s
                        Solver setup             :	11 s
                        Degrees of freedom       :	2755630
                        Number of mesh cells     :	421134

                        Stimulation port         :	Zmin
                        Mode number              :	1
                        Accuracy                 :	6.29483e-05
                        Iterations               :	9
                        Solver time              :	12 s


                      ------------------------------------------------------------------------------
2026-08-10 13:11:02   Adaptive mesh refinement pass 2

                      ------------------------------------------------------------------------------
2026-08-10 13:11:35     Matrix setup time        :	6 s
                        Solver setup             :	14 s
                        Degrees of freedom       :	2790052
                        Number of mesh cells     :	426390

                        Stimulation port         :	Zmin
                        Mode number              :	1
                        Accuracy                 :	6.51314e-05
                        Iterations               :	9
                        Solver time              :	13 s


                      ------------------------------------------------------------------------------
2026-08-10 13:11:36     Delta calculation        
2026-08-10 13:11:36     All S-Parameters         :	0.000173848
2026-08-10 13:11:36   

                      ------------------------------------------------------------------------------
2026-08-10 13:11:45   Adaptive mesh refinement pass 3

                      ------------------------------------------------------------------------------
2026-08-10 13:12:21     Matrix setup time        :	6 s
                        Solver setup             :	15 s
                        Degrees of freedom       :	2824518
                        Number of mesh cells     :	431652

                        Stimulation port         :	Zmin
                        Mode number              :	1
                        Accuracy                 :	6.76989e-05
                        Iterations               :	9
                        Solver time              :	13 s


                      ------------------------------------------------------------------------------
2026-08-10 13:12:22     Delta calculation        
2026-08-10 13:12:22     All S-Parameters         :	0.00016645
2026-08-10 13:12:22   

                      ------------------------------------------------------------------------------
2026-08-10 13:12:22   Mesh adaptation terminated because the desired accuracy limit is reached.

                      ------------------------------------------------------------------------------
2026-08-10 13:12:22     Total time               :	117 s	 (= 0 h, 01 m, 57 s)

                      ------------------------------------------------------------------------------
2026-08-10 13:12:22   

                      ------------------------------------------------------------------------------
2026-08-10 13:12:22     Calculation 41 (Frequency: 18.76 THz, Theta: 0, Phi: 0)


                      ------------------------------------------------------------------------------
2026-08-10 13:12:22   Running the PortModeSolver.

                      ------------------------------------------------------------------------------
2026-08-10 13:12:23   Adaptive mesh refinement pass 1

                      ------------------------------------------------------------------------------
2026-08-10 13:12:55     Matrix setup time        :	2 s
                        Solver setup             :	11 s
                        Degrees of freedom       :	2824518
                        Number of mesh cells     :	431652

                        Stimulation port         :	Zmin
                        Mode number              :	1
                        Accuracy                 :	7.26988e-05
                        Iterations               :	11
                        Solver time              :	16 s


                      ------------------------------------------------------------------------------
2026-08-10 13:13:05   Adaptive mesh refinement pass 2

                      ------------------------------------------------------------------------------
2026-08-10 13:13:41     Matrix setup time        :	6 s
                        Solver setup             :	15 s
                        Degrees of freedom       :	2858460
                        Number of mesh cells     :	436863

                        Stimulation port         :	Zmin
                        Mode number              :	1
                        Accuracy                 :	5.20335e-05
                        Iterations               :	10
                        Solver time              :	14 s


                      ------------------------------------------------------------------------------
2026-08-10 13:13:42     Delta calculation        
2026-08-10 13:13:42     All S-Parameters         :	8.90941e-05
2026-08-10 13:13:42   

                      ------------------------------------------------------------------------------
2026-08-10 13:13:51   Adaptive mesh refinement pass 3

                      ------------------------------------------------------------------------------
2026-08-10 13:14:27     Matrix setup time        :	6 s
                        Solver setup             :	14 s
                        Degrees of freedom       :	2892506
                        Number of mesh cells     :	442093

                        Stimulation port         :	Zmin
                        Mode number              :	1
                        Accuracy                 :	4.65679e-05
                        Iterations               :	10
                        Solver time              :	14 s


                      ------------------------------------------------------------------------------
2026-08-10 13:14:28     Delta calculation        
2026-08-10 13:14:28     All S-Parameters         :	5.89599e-05
2026-08-10 13:14:28   

                      ------------------------------------------------------------------------------
2026-08-10 13:14:28   Mesh adaptation terminated because the desired accuracy limit is reached.

                      ------------------------------------------------------------------------------
2026-08-10 13:14:28     Total time               :	125 s	 (= 0 h, 02 m, 05 s)

                      ------------------------------------------------------------------------------
2026-08-10 13:14:28   

                      ------------------------------------------------------------------------------
2026-08-10 13:14:28     Calculation 42 (Frequency: 22.312 THz, Theta: 0, Phi: 0)


                      ------------------------------------------------------------------------------
2026-08-10 13:14:28   Running the PortModeSolver.

                      ------------------------------------------------------------------------------
2026-08-10 13:14:29   Adaptive mesh refinement pass 1

                      ------------------------------------------------------------------------------
2026-08-10 13:14:56     Matrix setup time        :	2 s
                        Solver setup             :	11 s
                        Degrees of freedom       :	2892506
                        Number of mesh cells     :	442093

                        Stimulation port         :	Zmin
                        Mode number              :	1
                        Accuracy                 :	9.07667e-05
                        Iterations               :	8
                        Solver time              :	12 s


                      ------------------------------------------------------------------------------
2026-08-10 13:15:06   Adaptive mesh refinement pass 2

                      ------------------------------------------------------------------------------
2026-08-10 13:15:44     Matrix setup time        :	6 s
                        Solver setup             :	17 s
                        Degrees of freedom       :	2925986
                        Number of mesh cells     :	447280

                        Stimulation port         :	Zmin
                        Mode number              :	1
                        Accuracy                 :	9.20859e-05
                        Iterations               :	8
                        Solver time              :	13 s


                      ------------------------------------------------------------------------------
2026-08-10 13:15:45     Delta calculation        
2026-08-10 13:15:45     All S-Parameters         :	2.36173e-05
2026-08-10 13:15:45   

                      ------------------------------------------------------------------------------
2026-08-10 13:15:55   Adaptive mesh refinement pass 3

                      ------------------------------------------------------------------------------
2026-08-10 13:16:33     Matrix setup time        :	6 s
                        Solver setup             :	17 s
                        Degrees of freedom       :	2959932
                        Number of mesh cells     :	452502

                        Stimulation port         :	Zmin
                        Mode number              :	1
                        Accuracy                 :	9.09465e-05
                        Iterations               :	8
                        Solver time              :	13 s


                      ------------------------------------------------------------------------------
2026-08-10 13:16:34     Delta calculation        
2026-08-10 13:16:34     All S-Parameters         :	3.73856e-05
2026-08-10 13:16:34   

                      ------------------------------------------------------------------------------
2026-08-10 13:16:34   Mesh adaptation terminated because the desired accuracy limit is reached.

                      ------------------------------------------------------------------------------
2026-08-10 13:16:34     Total time               :	126 s	 (= 0 h, 02 m, 06 s)

                      ------------------------------------------------------------------------------
2026-08-10 13:16:34   

                      ------------------------------------------------------------------------------
2026-08-10 13:16:34     Calculation 43 (Frequency: 30.232 THz, Theta: 0, Phi: 0)


                      ------------------------------------------------------------------------------
2026-08-10 13:16:34   Running the PortModeSolver.

                      ------------------------------------------------------------------------------
2026-08-10 13:16:36   Adaptive mesh refinement pass 1

                      ------------------------------------------------------------------------------
2026-08-10 13:17:07     Matrix setup time        :	2 s
                        Solver setup             :	13 s
                        Degrees of freedom       :	2959932
                        Number of mesh cells     :	452502

                        Stimulation port         :	Zmin
                        Mode number              :	1
                        Accuracy                 :	7.29337e-05
                        Iterations               :	9
                        Solver time              :	14 s


                      ------------------------------------------------------------------------------
2026-08-10 13:17:18   Adaptive mesh refinement pass 2

                      ------------------------------------------------------------------------------
2026-08-10 13:17:57     Matrix setup time        :	6 s
                        Solver setup             :	17 s
                        Degrees of freedom       :	2993670
                        Number of mesh cells     :	457713

                        Stimulation port         :	Zmin
                        Mode number              :	1
                        Accuracy                 :	7.17077e-05
                        Iterations               :	9
                        Solver time              :	14 s


                      ------------------------------------------------------------------------------
2026-08-10 13:17:58     Delta calculation        
2026-08-10 13:17:58     All S-Parameters         :	6.57293e-05
2026-08-10 13:17:58   

                      ------------------------------------------------------------------------------
2026-08-10 13:18:07   Adaptive mesh refinement pass 3

                      ------------------------------------------------------------------------------
2026-08-10 13:18:49     Matrix setup time        :	6 s
                        Solver setup             :	19 s
                        Degrees of freedom       :	3027578
                        Number of mesh cells     :	462933

                        Stimulation port         :	Zmin
                        Mode number              :	1
                        Accuracy                 :	7.23818e-05
                        Iterations               :	9
                        Solver time              :	15 s


                      ------------------------------------------------------------------------------
2026-08-10 13:18:50     Delta calculation        
2026-08-10 13:18:50     All S-Parameters         :	3.99578e-05
2026-08-10 13:18:50   

                      ------------------------------------------------------------------------------
2026-08-10 13:18:50   Mesh adaptation terminated because the desired accuracy limit is reached.

                      ------------------------------------------------------------------------------
2026-08-10 13:18:50     Total time               :	135 s	 (= 0 h, 02 m, 15 s)

                      ------------------------------------------------------------------------------
2026-08-10 13:18:50   

                      ------------------------------------------------------------------------------
2026-08-10 13:18:50     Calculation 44 (Frequency: 25.72 THz, Theta: 0, Phi: 0)


                      ------------------------------------------------------------------------------
2026-08-10 13:18:50   Running the PortModeSolver.

                      ------------------------------------------------------------------------------
2026-08-10 13:18:52   Adaptive mesh refinement pass 1

                      ------------------------------------------------------------------------------
2026-08-10 13:19:32     Matrix setup time        :	3 s
                        Solver setup             :	18 s
                        Degrees of freedom       :	3027578
                        Number of mesh cells     :	462933

                        Stimulation port         :	Zmin
                        Mode number              :	1
                        Accuracy                 :	8.33002e-05
                        Iterations               :	10
                        Solver time              :	18 s


                      ------------------------------------------------------------------------------
2026-08-10 13:19:44   Adaptive mesh refinement pass 2

                      ------------------------------------------------------------------------------
2026-08-10 13:20:28     Matrix setup time        :	7 s
                        Solver setup             :	20 s
                        Degrees of freedom       :	3060804
                        Number of mesh cells     :	468100

                        Stimulation port         :	Zmin
                        Mode number              :	1
                        Accuracy                 :	5.65337e-05
                        Iterations               :	9
                        Solver time              :	16 s


                      ------------------------------------------------------------------------------
2026-08-10 13:20:29     Delta calculation        
2026-08-10 13:20:29     All S-Parameters         :	1.73432e-05
2026-08-10 13:20:29   

                      ------------------------------------------------------------------------------
2026-08-10 13:20:40   Adaptive mesh refinement pass 3

                      ------------------------------------------------------------------------------
2026-08-10 13:21:26     Matrix setup time        :	7 s
                        Solver setup             :	22 s
                        Degrees of freedom       :	3094570
                        Number of mesh cells     :	473322

                        Stimulation port         :	Zmin
                        Mode number              :	1
                        Accuracy                 :	5.63172e-05
                        Iterations               :	9
                        Solver time              :	16 s


                      ------------------------------------------------------------------------------
2026-08-10 13:21:27     Delta calculation        
2026-08-10 13:21:27     All S-Parameters         :	2.48479e-05
2026-08-10 13:21:27   

                      ------------------------------------------------------------------------------
2026-08-10 13:21:27   Mesh adaptation terminated because the desired accuracy limit is reached.

                      ------------------------------------------------------------------------------
2026-08-10 13:21:28     Total time               :	157 s	 (= 0 h, 02 m, 37 s)

                      ------------------------------------------------------------------------------
2026-08-10 13:21:28   

                      ------------------------------------------------------------------------------
2026-08-10 13:21:28     Calculation 45 (Frequency: 21.88 THz, Theta: 0, Phi: 0)


                      ------------------------------------------------------------------------------
2026-08-10 13:21:28   Running the PortModeSolver.

                      ------------------------------------------------------------------------------
2026-08-10 13:21:29   Adaptive mesh refinement pass 1

                      ------------------------------------------------------------------------------
2026-08-10 13:22:07     Matrix setup time        :	3 s
                        Solver setup             :	17 s
                        Degrees of freedom       :	3094570
                        Number of mesh cells     :	473322

                        Stimulation port         :	Zmin
                        Mode number              :	1
                        Accuracy                 :	9.5593e-05
                        Iterations               :	9
                        Solver time              :	16 s


                      ------------------------------------------------------------------------------
2026-08-10 13:22:18   Adaptive mesh refinement pass 2

                      ------------------------------------------------------------------------------
2026-08-10 13:23:04     Matrix setup time        :	7 s
                        Solver setup             :	22 s
                        Degrees of freedom       :	3128474
                        Number of mesh cells     :	478551

                        Stimulation port         :	Zmin
                        Mode number              :	1
                        Accuracy                 :	8.23358e-05
                        Iterations               :	8
                        Solver time              :	15 s


                      ------------------------------------------------------------------------------
2026-08-10 13:23:05     Delta calculation        
2026-08-10 13:23:05     All S-Parameters         :	2.74927e-05
2026-08-10 13:23:05   

                      ------------------------------------------------------------------------------
2026-08-10 13:23:17   Adaptive mesh refinement pass 3

                      ------------------------------------------------------------------------------
2026-08-10 13:24:02     Matrix setup time        :	6 s
                        Solver setup             :	23 s
                        Degrees of freedom       :	3162540
                        Number of mesh cells     :	483790

                        Stimulation port         :	Zmin
                        Mode number              :	1
                        Accuracy                 :	8.08353e-05
                        Iterations               :	8
                        Solver time              :	14 s


                      ------------------------------------------------------------------------------
2026-08-10 13:24:03     Delta calculation        
2026-08-10 13:24:03     All S-Parameters         :	1.95403e-05
2026-08-10 13:24:03   

                      ------------------------------------------------------------------------------
2026-08-10 13:24:03   Mesh adaptation terminated because the desired accuracy limit is reached.

                      ------------------------------------------------------------------------------
2026-08-10 13:24:03     Total time               :	155 s	 (= 0 h, 02 m, 35 s)

                      ------------------------------------------------------------------------------
2026-08-10 13:24:03   

                      ------------------------------------------------------------------------------
2026-08-10 13:24:03     Calculation 46 (Frequency: 33.616 THz, Theta: 0, Phi: 0)


                      ------------------------------------------------------------------------------
2026-08-10 13:24:03   Running the PortModeSolver.

                      ------------------------------------------------------------------------------
2026-08-10 13:24:05   Adaptive mesh refinement pass 1

                      ------------------------------------------------------------------------------
2026-08-10 13:24:44     Matrix setup time        :	3 s
                        Solver setup             :	19 s
                        Degrees of freedom       :	3162540
                        Number of mesh cells     :	483790

                        Stimulation port         :	Zmin
                        Mode number              :	1
                        Accuracy                 :	7.41566e-05
                        Iterations               :	9
                        Solver time              :	16 s


                      ------------------------------------------------------------------------------
2026-08-10 13:24:56   Adaptive mesh refinement pass 2

                      ------------------------------------------------------------------------------
2026-08-10 13:25:44     Matrix setup time        :	6 s
                        Solver setup             :	24 s
                        Degrees of freedom       :	3195388
                        Number of mesh cells     :	488919

                        Stimulation port         :	Zmin
                        Mode number              :	1
                        Accuracy                 :	7.61795e-05
                        Iterations               :	9
                        Solver time              :	16 s


                      ------------------------------------------------------------------------------
2026-08-10 13:25:45     Delta calculation        
2026-08-10 13:25:45     All S-Parameters         :	1.67511e-05
2026-08-10 13:25:45   

                      ------------------------------------------------------------------------------
2026-08-10 13:25:55   Adaptive mesh refinement pass 3

                      ------------------------------------------------------------------------------
2026-08-10 13:26:38     Matrix setup time        :	7 s
                        Solver setup             :	19 s
                        Degrees of freedom       :	3228906
                        Number of mesh cells     :	494094

                        Stimulation port         :	Zmin
                        Mode number              :	1
                        Accuracy                 :	6.91686e-05
                        Iterations               :	9
                        Solver time              :	16 s


                      ------------------------------------------------------------------------------
2026-08-10 13:26:40     Delta calculation        
2026-08-10 13:26:40     All S-Parameters         :	2.19028e-05
2026-08-10 13:26:40   

                      ------------------------------------------------------------------------------
2026-08-10 13:26:40   Mesh adaptation terminated because the desired accuracy limit is reached.

                      ------------------------------------------------------------------------------
2026-08-10 13:26:40     Total time               :	156 s	 (= 0 h, 02 m, 36 s)

                      ------------------------------------------------------------------------------
2026-08-10 13:26:40   

                      ------------------------------------------------------------------------------
2026-08-10 13:26:40     Calculation 47 (Frequency: 22.024 THz, Theta: 0, Phi: 0)


                      ------------------------------------------------------------------------------
2026-08-10 13:26:40   Running the PortModeSolver.

                      ------------------------------------------------------------------------------
2026-08-10 13:26:41   Adaptive mesh refinement pass 1

                      ------------------------------------------------------------------------------
2026-08-10 13:27:15     Matrix setup time        :	3 s
                        Solver setup             :	15 s
                        Degrees of freedom       :	3228906
                        Number of mesh cells     :	494094

                        Stimulation port         :	Zmin
                        Mode number              :	1
                        Accuracy                 :	7.89179e-05
                        Iterations               :	8
                        Solver time              :	14 s


                      ------------------------------------------------------------------------------
2026-08-10 13:27:27   Adaptive mesh refinement pass 2

                      ------------------------------------------------------------------------------
2026-08-10 13:28:15     Matrix setup time        :	7 s
                        Solver setup             :	25 s
                        Degrees of freedom       :	3263000
                        Number of mesh cells     :	499343

                        Stimulation port         :	Zmin
                        Mode number              :	1
                        Accuracy                 :	7.78367e-05
                        Iterations               :	8
                        Solver time              :	15 s


                      ------------------------------------------------------------------------------
2026-08-10 13:28:16     Delta calculation        
2026-08-10 13:28:16     All S-Parameters         :	2.18908e-05
2026-08-10 13:28:16   

                      ------------------------------------------------------------------------------
2026-08-10 13:28:27   Adaptive mesh refinement pass 3

                      ------------------------------------------------------------------------------
2026-08-10 13:29:15     Matrix setup time        :	7 s
                        Solver setup             :	24 s
                        Degrees of freedom       :	3297078
                        Number of mesh cells     :	504569

                        Stimulation port         :	Zmin
                        Mode number              :	1
                        Accuracy                 :	7.8595e-05
                        Iterations               :	8
                        Solver time              :	15 s


                      ------------------------------------------------------------------------------
2026-08-10 13:29:17     Delta calculation        
2026-08-10 13:29:17     All S-Parameters         :	2.47565e-05
2026-08-10 13:29:17   

                      ------------------------------------------------------------------------------
2026-08-10 13:29:17   Mesh adaptation terminated because the desired accuracy limit is reached.

                      ------------------------------------------------------------------------------
2026-08-10 13:29:17     Total time               :	156 s	 (= 0 h, 02 m, 36 s)

                      ------------------------------------------------------------------------------
2026-08-10 13:29:17   

                      ------------------------------------------------------------------------------
2026-08-10 13:29:17   Some adaptive mesh refinement samples will be recalculated because the mesh has changed significantly.

                      ------------------------------------------------------------------------------
2026-08-10 13:29:17     Calculation 1 (Frequency: 34 THz, Theta: 0, Phi: 0)


                      ------------------------------------------------------------------------------
2026-08-10 13:29:17   Running the PortModeSolver.

                      ------------------------------------------------------------------------------
2026-08-10 13:30:00     Matrix setup time        :	3 s
                        Solver setup             :	20 s
                        Degrees of freedom       :	3297078
                        Number of mesh cells     :	504569

                        Stimulation port         :	Zmin
                        Mode number              :	1
                        Accuracy                 :	5.96148e-05
                        Iterations               :	9
                        Solver time              :	17 s


                      ------------------------------------------------------------------------------
2026-08-10 13:30:01     Total time               :	43 s

                      ------------------------------------------------------------------------------
2026-08-10 13:30:01   

                      ------------------------------------------------------------------------------
2026-08-10 13:30:01     Calculation 2 (Frequency: 10 THz, Theta: 0, Phi: 0)


                      ------------------------------------------------------------------------------
2026-08-10 13:30:01   Running the PortModeSolver.

                      ------------------------------------------------------------------------------
2026-08-10 13:30:39     Matrix setup time        :	3 s
                        Solver setup             :	21 s
                        Degrees of freedom       :	3297078
                        Number of mesh cells     :	504569

                        Stimulation port         :	Zmin
                        Mode number              :	1
                        Accuracy                 :	8.30545e-05
                        Iterations               :	6
                        Solver time              :	12 s


                      ------------------------------------------------------------------------------
2026-08-10 13:30:39     Total time               :	38 s

                      ------------------------------------------------------------------------------
2026-08-10 13:30:39   

                      ------------------------------------------------------------------------------
2026-08-10 13:30:39   Finished the general purpose interpolative broadband frequency sweep:
                      All broadband sweep convergence criteria have been satisfied after
                      calculating 47 frequency samples:

                        Broadband sweep error threshold value :  0.01 (All S-Parameters) 
                        Number of error criterion checks      :  2 (All S-Parameters) 
                        Minimum number of samples             :  3
                        Number of data samples, linear        :  1001

                      ------------------------------------------------------------------------------
2026-08-10 13:30:39     Number of mesh cells     :	504569
                        Degrees of freedom       :	3265800
                        Total Solver Time        :	3591 s	 (= 0 h, 59 m, 51 s)
                        Free disk space          :	290 GB
                        Disk space delta         :	4 GB
                      ================================================================================



                      ------------------------------------------------------------------------------
2026-08-10 13:30:41     ----------------------------------------------------------------------------
                                            Peak memory used (GB)         Free physical memory (GB) 
                                                                          At begin     Minimum      
                        ----------------------------------------------------------------------------
                        Solver start        0.029                         33.576       33.576       
                        Eq. system setup    8.450                         33.554       28.356       
                        Eq. system solve    16.588                        33.468       20.344       
                        Mesh refinement     8.089                         33.317       28.609       
                        Field monitor calc. 8.442                         28.510       28.384       
                        Solver run total    16.588                        33.576       20.344       

                        Computer name       Hikari
                        ----------------------------------------------------------------------------


                      ------------------------------------------------------------------------------
2026-08-10 13:30:41   Running post-processing.

                      ------------------------------------------------------------------------------
2026-08-10 13:30:45   Post-processing finished.

                      ------------------------------------------------------------------------------
