f_THz,lam_um,Re_S11,Im_S11,Re_S21,Im_S21,absS11,absS21,absS11_cross,absS21_cross,R_total,T_total,A,R_higher,T_higher
10,29.9792458,-0.2374893461,0.4250818701,0.7606479347,0.4143244481,0.4869248256,0.866169746,3.349290765e-06,3.234078876e-06,0.2370957858,0.7502500289,0.01265418532,0,0
10.024,29.90746788,-0.2387810203,0.4258188518,0.7592046197,0.4149619565,0.4881988019,0.8652081137,3.419631415e-06,3.391936008e-06,0.2383380702,0.74858508,0.01307684981,0,0
10.048,29.83603284,-0.2401003067,0.4265624574,0.7577538951,0.4156240268,0.4894932965,0.864253607,3.514741705e-06,3.560772592e-06,0.2396036873,0.7469342972,0.01346201544,0,0
10.072,29.76493824,-0.2414460497,0.427312986,0.7562961538,0.4163087519,0.4908080917,0.8633057681,3.632927979e-06,3.739164455e-06,0.2408925829,0.7452968492,0.01381056789,0,0
10.096,29.69418166,-0.2428170629,0.4280706908,0.7548317468,0.4170142724,0.4921429085,0.8623641165,3.772147157e-06,3.925830647e-06,0.2422046424,0.7436718694,0.01412348824,0,0
10.12,29.62376067,-0.2442121318,0.4288357753,0.7533609842,0.4177387789,0.4934974037,0.8614281513,3.930163018e-06,4.119625202e-06,0.2435396875,0.7420584599,0.01440185265,0,0
10.144,29.55367291,-0.2456300165,0.4296083885,0.751884137,0.4184805135,0.4948711676,0.8604973537,4.104677594e-06,4.319523121e-06,0.2448974725,0.7404556957,0.0146468318,0,0
10.168,29.48391601,-0.2470694559,0.4303886214,0.750401439,0.4192377713,0.4962637216,0.8595711888,4.293428285e-06,4.524603852e-06,0.2462776814,0.7388626286,0.01485968996,0,0
10.192,29.41448764,-0.2485291715,0.4311765024,0.7489130881,0.4200089018,0.4976745174,0.8586491083,4.494250773e-06,4.734034277e-06,0.2476799253,0.7372782911,0.01504178358,0,0
10.216,29.34538547,-0.2500078727,0.431971994,0.747419248,0.4207923101,0.4991029353,0.8577305524,4.705113328e-06,4.947052378e-06,0.24910374,0.7357017006,0.01519455941,0,0
10.24,29.27660723,-0.2515042624,0.4327749892,0.7459200503,0.4215864577,0.5005482847,0.8568149525,4.924129951e-06,5.162952137e-06,0.2505485853,0.7341318628,0.01531955191,0,0
10.264,29.20815062,-0.2530170433,0.4335853084,0.7444155957,0.4223898639,0.5020098045,0.8559017328,5.149559463e-06,5.381069879e-06,0.2520138438,0.7325677762,0.01541837993,0,0
10.288,29.14001341,-0.2545449249,0.4344026967,0.7429059562,0.4232011058,0.5034866648,0.8549903132,5.379796262e-06,5.60077207e-06,0.2534988217,0.7310084357,0.0154927426,0,0
10.312,29.07219337,-0.256086631,0.4352268226,0.7413911767,0.4240188193,0.5049779695,0.854080111,5.613356872e-06,5.821444449e-06,0.2550027497,0.7294528361,0.01554441421,0,0
10.336,29.00468827,-0.2576409079,0.4360572767,0.7398712768,0.4248416995,0.5064827598,0.8531705433,5.848865017e-06,6.042482365e-06,0.256524786,0.7278999759,0.01557523809,0,0
10.36,28.93749595,-0.259206533,0.4368935717,0.7383462524,0.4256685005,0.5080000194,0.8522610285,6.085036868e-06,6.263282151e-06,0.2580640198,0.7263488608,0.01558711947,0,0
10.384,28.87061421,-0.2607823234,0.4377351433,0.7368160777,0.4264980359,0.5095286802,0.8513509893,6.32066741e-06,6.483233391e-06,0.259619476,0.724798507,0.01558201706,0,0
10.408,28.80404093,-0.2623671454,0.4385813526,0.7352807068,0.4273291784,0.5110676294,0.8504398535,6.554618318e-06,6.701711956e-06,0.2611901218,0.7232479445,0.01556193365,0,0
10.432,28.73777396,-0.2639599228,0.4394314888,0.7337400754,0.42816086,0.5126157179,0.8495270568,6.785807492e-06,6.918073721e-06,0.2627748743,0.7216962203,0.01552890543,0,0
10.456,28.67181121,-0.2655596467,0.4402847744,0.7321941027,0.4289920711,0.5141717695,0.8486120439,7.013200195e-06,7.131648881e-06,0.2643726086,0.7201424011,0.01548499029,0,0
10.48,28.60615057,-0.2671653834,0.4411403704,0.7306426928,0.4298218604,0.5157345911,0.8476942705,7.235801653e-06,7.341736829e-06,0.2659821686,0.7185855763,0.01543225512,0,0
10.504,28.54078998,-0.2687762822,0.441997384,0.7290857366,0.4306493342,0.5173029841,0.8467732048,7.452650945e-06,7.547601602e-06,0.2676023774,0.7170248604,0.01537276219,0,0
10.528,28.47572739,-0.2703915831,0.442854876,0.7275231133,0.4314736553,0.5188757552,0.845848329,7.662815983e-06,7.748467882e-06,0.2692320494,0.7154593957,0.01530855489,0,0
10.552,28.41096077,-0.2720106223,0.4437118707,0.7259546918,0.4322940429,0.5204517296,0.8449191405,7.865389405e-06,7.943517629e-06,0.2708700029,0.7138883541,0.01524164295,0,0
10.576,28.34648809,-0.2736328376,0.444567366,0.7243803325,0.4331097709,0.5220297623,0.8439851537,8.059485218e-06,8.131887387e-06,0.2725150728,0.7123109398,0.01517398739,0,0
10.6,28.28230736,-0.2752577716,0.4454203443,0.7227998887,0.433920167,0.5236087508,0.8430459005,8.244236031e-06,8.312666381e-06,0.274166124,0.7107263905,0.01510748557,0,0
10.624,28.2184166,-0.2768850737,0.4462697838,0.7212132079,0.4347246118,0.5251876465,0.8421009318,8.41879076e-06,8.484895508e-06,0.2758220641,0.7091339794,0.01504395648,0,0
10.648,28.15481386,-0.278514501,0.4471146709,0.7196201334,0.4355225373,0.526765466,0.8411498184,8.582312691e-06,8.647567374e-06,0.2774818563,0.707533017,0.01498512672,0,0
10.672,28.09149719,-0.2801459166,0.4479540114,0.7180205054,0.4363134256,0.5283413016,0.8401921516,8.733977822e-06,8.799627519e-06,0.279144531,0.7059228516,0.01493261735,0,0
10.696,28.02846466,-0.2817792869,0.4487868428,0.7164141624,0.4370968073,0.5299143297,0.8392275443,8.872973406e-06,8.939977008e-06,0.2808091969,0.7043028711,0.01488793198,0,0
10.72,27.96571437,-0.2834146771,0.4496122449,0.7148009422,0.4378722605,0.5314838191,0.8382556314,8.99849667e-06,9.067476552e-06,0.2824750501,0.7026725036,0.0148524463,0,0
10.744,27.90324442,-0.2850522451,0.4504293507,0.7131806835,0.4386394085,0.533049137,0.8372760704,9.109753663e-06,9.180952322e-06,0.2841413825,0.7010312181,0.01482739936,0,0
10.768,27.84105293,-0.2866922342,0.4512373554,0.7115532263,0.439397919,0.534609753,0.8362885418,9.205958253e-06,9.279203606e-06,0.2858075881,0.6993785252,0.01481388669,0,0
10.792,27.77913807,-0.2883349642,0.4520355249,0.7099184135,0.4401475017,0.5361652425,0.8352927494,9.286331298e-06,9.361012426e-06,0.2874731674,0.6977139772,0.01481285539,0,0
10.816,27.71749797,-0.2899808221,0.4528232025,0.7082760916,0.4408879071,0.5377152871,0.8342884205,9.350100037e-06,9.42515517e-06,0.28913773,0.6960371686,0.01482510139,0,0
10.84,27.65613081,-0.2916302517,0.4535998145,0.7066261114,0.4416189244,0.5392596735,0.8332753061,9.396497821e-06,9.470416266e-06,0.2908009956,0.6943477358,0.01485126866,0,0
10.864,27.59503479,-0.2932837425,0.4543648739,0.7049683292,0.44234038,0.5407982917,0.8322531808,9.424764308e-06,9.495603794e-06,0.2924627924,0.692645357,0.01489185063,0,0
10.888,27.53420812,-0.2949418187,0.4551179824,0.7033026072,0.4430521356,0.5423311298,0.8312218429,9.434146361e-06,9.499566888e-06,0.2941230544,0.6909297522,0.01494719337,0,0
10.912,27.47364901,-0.2966050284,0.4558588314,0.7016288143,0.4437540862,0.5438582693,0.830181114,9.423899905e-06,9.481214632e-06,0.2957818171,0.6892006822,0.01501750068,0,0
10.936,27.41335571,-0.2982739325,0.4565872008,0.6999468269,0.4444461586,0.5453798775,0.8291308391,9.393293187e-06,9.439536063e-06,0.2974392108,0.6874579484,0.01510284072,0,0
10.96,27.35332646,-0.2999490945,0.4573029571,0.6982565289,0.4451283092,0.5468962003,0.8280708858,9.341611972e-06,9.373620773e-06,0.299095454,0.685701392,0.01520315404,0,0
10.984,27.29355954,-0.301631071,0.4580060496,0.6965578129,0.4458005226,0.5484075533,0.8270011443,9.268167456e-06,9.282679507e-06,0.3007508446,0.6839308928,0.01531826267,0,0
11.008,27.23405323,-0.3033204027,0.4586965058,0.6948505799,0.4464628094,0.5499143125,0.8259215269,9.172307965e-06,9.166064051e-06,0.3024057512,0.6821463686,0.01544788022,0,0
11.032,27.17480584,-0.3050176069,0.4593744257,0.6931347401,0.4471152044,0.5514169053,0.8248319671,9.053435941e-06,9.023285698e-06,0.3040606035,0.680347774,0.01559162244,0,0
11.056,27.11581567,-0.3067231705,0.4600399758,0.691410213,0.4477577652,0.5529158007,0.8237324195,8.911032305e-06,8.854031538e-06,0.3057158827,0.678535099,0.01574901825,0,0
11.08,27.05708105,-0.3084375444,0.4606933821,0.6896769279,0.4483905698,0.5544114998,0.8226228588,8.7446912e-06,8.658177891e-06,0.3073721111,0.676708368,0.01591952089,0,0
11.104,26.99860032,-0.3101611389,0.4613349227,0.6879348234,0.4490137154,0.5559045269,0.8215032793,8.554169369e-06,8.435800308e-06,0.3090298431,0.6748676379,0.01610251895,0,0
11.128,26.94037185,-0.3118943206,0.4619649208,0.6861838484,0.4496273164,0.5573954209,0.8203736938,8.339456346e-06,8.187179736e-06,0.3106896554,0.6730129975,0.01629734718,0,0
11.152,26.88239401,-0.3136374093,0.4625837369,0.6844239613,0.4502315028,0.5588847271,0.8192341331,8.100874421e-06,7.912804687e-06,0.3123521382,0.671144565,0.01650329684,0,0
11.176,26.82466518,-0.3153906772,0.4631917616,0.6826551307,0.4508264184,0.5603729895,0.8180846454,7.839221393e-06,7.61336955e-06,0.3140178874,0.6692624871,0.01671962553,0,0
11.2,26.76718375,-0.3171543482,0.4637894089,0.680877335,0.4514122194,0.5618607447,0.8169252947,7.555975112e-06,7.289769552e-06,0.3156874964,0.6673669372,0.01694556637,0,0
11.224,26.70994815,-0.318928598,0.464377109,0.6790905622,0.4519890727,0.5633485156,0.8157561605,7.253586998e-06,6.94309333e-06,0.3173615501,0.6654581135,0.01718033639,0,0
11.248,26.65295679,-0.3207135555,0.4649553026,0.6772948099,0.4525571544,0.5648368066,0.8145773368,6.935902395e-06,6.57461464e-06,0.3190406181,0.6635362376,0.01742314423,0,0
11.272,26.59620813,-0.322509304,0.4655244345,0.6754900855,0.4531166483,0.5663260989,0.8133889307,6.608756648e-06,6.185785523e-06,0.3207252503,0.6616015527,0.01767319704,0,0
11.296,26.5397006,-0.3243158838,0.4660849488,0.6736764052,0.4536677446,0.5678168472,0.8121910621,6.280799536e-06,5.778234413e-06,0.322415972,0.6596543215,0.01792970652,0,0
11.32,26.48343269,-0.3261332942,0.4666372843,0.6718537944,0.4542106383,0.569309477,0.8109838623,5.964574876e-06,5.353774661e-06,0.3241132807,0.657694825,0.01819189431,0,0
11.344,26.42740286,-0.3279614968,0.4671818699,0.6700222869,0.4547455283,0.5708043824,0.8097674731,5.677775482e-06,4.91443251e-06,0.325817643,0.6557233605,0.01845899651,0,0
11.368,26.37160961,-0.3298004185,0.4677191217,0.6681819252,0.4552726154,0.5723019245,0.8085420456,5.444318056e-06,4.462510485e-06,0.3275294929,0.6537402396,0.01873026758,0,0
11.392,26.31605144,-0.3316499543,0.4682494392,0.6663327596,0.455792102,0.5738024308,0.8073077398,5.294379506e-06,4.00071635e-06,0.3292492296,0.6517457868,0.0190049836,0,0
11.416,26.26072687,-0.3335099713,0.4687732036,0.664474848,0.4563041904,0.5753061944,0.8060647231,5.262052699e-06,3.532418613e-06,0.3309772173,0.6497403378,0.01928244487,0,0
11.44,26.20563444,-0.3353803112,0.4692907749,0.6626082555,0.4568090818,0.5768134746,0.8048131693,5.379749286e-06,3.062160207e-06,0.3327137845,0.6477242374,0.01956197802,0,0
11.464,26.15077268,-0.3372607942,0.4698024912,0.6607330541,0.4573069753,0.5783244971,0.8035532579,5.670853554e-06,2.596732827e-06,0.334459224,0.6456978384,0.0198429376,0,0
11.488,26.09614015,-0.3391512219,0.4703086668,0.658849322,0.4577980669,0.5798394549,0.8022851732,6.144814103e-06,2.147539801e-06,0.3362137934,0.6436614992,0.02012470734,0,0
11.512,26.04173541,-0.3410513803,0.470809592,0.6569571436,0.4582825489,0.581358509,0.801009103,6.797834861e-06,1.735961721e-06,0.337977716,0.6416155831,0.02040670088,0,0
11.536,25.98755704,-0.3429610429,0.4713055321,0.6550566083,0.4587606086,0.5828817903,0.7997252379,7.617804619e-06,1.404564854e-06,0.3397511815,0.6395604561,0.02068836233,0,0
11.56,25.93360363,-0.3448799732,0.4717967273,0.653147811,0.4592324276,0.5844094009,0.7984337703,8.589611349e-06,1.228682634e-06,0.3415343479,0.6374964856,0.0209691665,0,0
11.584,25.87987379,-0.3468079275,0.4722833933,0.6512308505,0.4596981816,0.5859414153,0.7971348938,9.698459805e-06,1.280492683e-06,0.3433273423,0.6354240389,0.02124861886,0,0
11.608,25.82636613,-0.3487446571,0.4727657209,0.6493058302,0.4601580388,0.5874778827,0.7958288018,1.093108416e-05,1.540859778e-06,0.3451302628,0.6333434818,0.0215262554,0,0
11.632,25.77307926,-0.3506899107,0.4732438765,0.6473728564,0.4606121603,0.5890188283,0.7945156873,1.227567846e-05,1.929050359e-06,0.3469431803,0.6312551774,0.02180164229,0,0
11.656,25.72001184,-0.3526434362,0.4737180033,0.6454320389,0.4610606986,0.5905642554,0.7931957417,1.372128369e-05,2.38437759e-06,0.3487661399,0.6291594847,0.02207437537,0,0
11.68,25.6671625,-0.3546049825,0.4741882214,0.6434834898,0.461503798,0.5921141468,0.7918691541,1.525705035e-05,2.87545189e-06,0.3505991631,0.6270567572,0.02234407966,0,0
11.704,25.6145299,-0.3565743013,0.4746546288,0.6415273232,0.4619415933,0.5936684672,0.7905361105,1.68715662e-05,3.386703234e-06,0.3524422493,0.6249473421,0.02261040868,0,0
11.728,25.56211272,-0.3585511484,0.4751173025,0.6395636549,0.46237421,0.5952271643,0.7891967934,1.855232629e-05,3.909936842e-06,0.3542953775,0.6228315788,0.02287304379,0,0
11.752,25.50990963,-0.3605352849,0.4755762991,0.6375926016,0.4628017638,0.5967901708,0.7878513808,2.028537941e-05,4.440496613e-06,0.3561585083,0.6207097982,0.02313169345,0,0
11.776,25.45791933,-0.3625264786,0.4760316561,0.6356142808,0.4632243601,0.598357406,0.7865000456,2.205517122e-05,4.975546205e-06,0.3580315858,0.6185823217,0.02338609249,0,0
11.8,25.40614051,-0.3645245048,0.4764833926,0.6336288099,0.463642094,0.5999287775,0.7851429551,2.384459829e-05,5.51325634e-06,0.3599145386,0.61644946,0.02363600134,0,0
11.824,25.35457189,-0.366529147,0.4769315106,0.6316363062,0.46405505,0.6015041823,0.7837802707,2.56352774e-05,6.052394205e-06,0.361807282,0.6143115127,0.02388120524,0,0
11.848,25.30321219,-0.3685401978,0.4773759955,0.6296368861,0.4644633019,0.6030835087,0.7824121466,2.740801862e-05,6.592102156e-06,0.3637097192,0.6121687673,0.0241215135,0,0
11.872,25.25206014,-0.3705574593,0.477816818,0.6276306651,0.4648669126,0.6046666372,0.7810387303,2.914346832e-05,7.131771118e-06,0.365621743,0.6100214982,0.02435675871,0,0
11.896,25.20111449,-0.3725807437,0.4782539341,0.6256177568,0.4652659339,0.6062534421,0.7796601612,3.082286476e-05,7.67096412e-06,0.367543237,0.607869967,0.02458679599,0,0
11.92,25.15037399,-0.3746098738,0.4786872866,0.6235982731,0.4656604068,0.6078437924,0.7782765708,3.242882893e-05,8.209367754e-06,0.369474077,0.6057144208,0.02481150224,0,0
11.944,25.09983741,-0.376644683,0.4791168058,0.6215723235,0.4660503612,0.6094375529,0.7768880824,3.394610413e-05,8.746759924e-06,0.371414132,0.6035550926,0.0250307754,0,0
11.968,25.04950351,-0.3786850155,0.4795424107,0.6195400146,0.4664358161,0.6110345855,0.77549481,3.536216209e-05,9.282987514e-06,0.3733632659,0.6013922004,0.02524453373,0,0
11.992,24.99937108,-0.3807307267,0.4799640094,0.6175014503,0.4668167796,0.6126347497,0.7740968588,3.666761246e-05,9.817950328e-06,0.3753213379,0.599225947,0.02545271509,0,0
12.016,24.94943891,-0.3827816831,0.4803815002,0.615456731,0.4671932489,0.614237904,0.7726943248,3.785638213e-05,1.035158915e-05,0.3772882041,0.5970565196,0.02565527623,0,0
12.04,24.89970581,-0.3848377622,0.4807947725,0.6134059534,0.4675652106,0.6158439059,0.7712872939,3.8925664e-05,1.088387657e-05,0.379263718,0.5948840899,0.02585219213,0,0
12.064,24.85017059,-0.3868988527,0.4812037071,0.6113492102,0.4679326407,0.6174526135,0.7698758426,3.987566465e-05,1.141480983e-05,0.3812477315,0.5927088132,0.02604345528,0,0
12.088,24.80083206,-0.3889648541,0.4816081773,0.6092865903,0.4682955049,0.6190638853,0.7684600374,4.070920147e-05,1.194440495e-05,0.3832400958,0.5905308292,0.02622907502,0,0
12.112,24.75168907,-0.3910356768,0.4820080494,0.6072181777,0.4686537588,0.6206775816,0.7670399344,4.143120889e-05,1.247269204e-05,0.385240662,0.5883502611,0.02640907691,0,0
12.136,24.70274044,-0.393111242,0.4824031835,0.6051440519,0.4690073479,0.6222935642,0.7656155798,4.204821173e-05,1.299971122e-05,0.3872492818,0.5861672162,0.02658350202,0,0
12.16,24.65398503,-0.3951914812,0.4827934337,0.6030642877,0.4693562081,0.6239116976,0.7641870094,4.256781446e-05,1.352550928e-05,0.3892658082,0.5839817854,0.02675240633,0,0
12.184,24.6054217,-0.3972763362,0.4831786489,0.6009789548,0.4697002658,0.625531849,0.7627542486,4.299824116e-05,1.405013672e-05,0.3912900959,0.581794044,0.02691586005,0,0
12.208,24.55704931,-0.3993657587,0.4835586736,0.5988881176,0.4700394382,0.6271538887,0.7613173128,4.334794702e-05,1.457364514e-05,0.393322002,0.579604051,0.027073947,0,0
12.232,24.50886674,-0.4014597102,0.4839333479,0.5967918352,0.4703736336,0.6287776905,0.7598762069,4.362530939e-05,1.509608497e-05,0.395361386,0.57741185,0.02722676398,0,0
12.256,24.46087288,-0.4035581617,0.484302508,0.5946901614,0.4707027518,0.6304031322,0.7584309254,4.383839705e-05,1.561750336e-05,0.397408111,0.5752174688,0.02737442012,0,0
12.28,24.41306661,-0.4056610932,0.484665987,0.5925831443,0.4710266841,0.6320300954,0.7569814529,4.399481029e-05,1.61379423e-05,0.3994620434,0.5730209204,0.02751703625,0,0
12.304,24.36544685,-0.4077684935,0.485023615,0.5904708265,0.4713453141,0.6336584659,0.755527764,4.410158072e-05,1.665743677e-05,0.4015230533,0.5708222024,0.02765474429,0,0
12.328,24.31801249,-0.40988036,0.4853752194,0.5883532449,0.4716585175,0.635288134,0.754069823,4.416511918e-05,1.717601315e-05,0.4035910151,0.5686212983,0.02778768662,0,0
12.352,24.27076247,-0.4119966984,0.4857206256,0.5862304307,0.4719661628,0.6369189945,0.7526075848,4.41912001e-05,1.769368752e-05,0.4056658075,0.566418177,0.02791601546,0,0
12.376,24.2236957,-0.4141175219,0.4860596567,0.5841024093,0.4722681113,0.638550947,0.7511409945,4.418497226e-05,1.821046416e-05,0.4077473138,0.5642127939,0.02803989223,0,0
12.4,24.17681113,-0.4162428516,0.4863921347,0.5819692005,0.4725642181,0.6401838956,0.7496699878,4.415098752e-05,1.872633395e-05,0.4098354221,0.5620050909,0.02815948698,0,0
12.424,24.13010769,-0.4183727153,0.4867178796,0.5798308183,0.4728543316,0.6418177493,0.7481944912,4.409324072e-05,1.924127289e-05,0.4119300252,0.5597949971,0.02827497773,0,0
12.448,24.08358435,-0.4205071482,0.4870367108,0.5776872709,0.4731382942,0.6434524219,0.7467144223,4.401521569e-05,1.975524052e-05,0.4140310212,0.5575824289,0.02838654987,0,0
12.472,24.03724006,-0.4226461914,0.4873484465,0.5755385613,0.4734159431,0.6450878323,0.7452296899,4.391993366e-05,2.02681784e-05,0.4161383133,0.5553672911,0.02849439558,0,0
12.496,23.99107378,-0.4247898925,0.4876529043,0.5733846865,0.4736871098,0.6467239039,0.7437401943,4.381000139e-05,2.07800085e-05,0.4182518098,0.553149477,0.02859871319,0,0
12.52,23.9450845,-0.4269383048,0.4879499013,0.5712256382,0.473951621,0.6483605651,0.7422458277,4.368765748e-05,2.129063158e-05,0.4203714242,0.5509288692,0.02869970661,0,0
12.544,23.89927121,-0.4290914871,0.4882392543,0.5690614028,0.4742092988,0.649997749,0.7407464743,4.35548155e-05,2.179992555e-05,0.4224970756,0.5487053396,0.02879758473,0,0
12.568,23.85363288,-0.4312495032,0.4885207798,0.5668919613,0.4744599611,0.6516353937,0.7392420108,4.341310373e-05,2.230774373e-05,0.4246286882,0.546478751,0.02889256084,0,0
12.592,23.80816852,-0.4334124216,0.4887942945,0.5647172898,0.4747034218,0.6532734416,0.7377323065,4.326390101e-05,2.281391309e-05,0.4267661914,0.5442489566,0.02898485204,0,0
12.616,23.76287714,-0.4355803155,0.4890596149,0.5625373591,0.4749394912,0.65491184,0.7362172239,4.310836879e-05,2.331823245e-05,0.42890952,0.5420158013,0.02907467867,0,0
12.64,23.71775775,-0.4377532621,0.4893165579,0.5603521355,0.4751679763,0.6565505406,0.7346966187,4.294747954e-05,2.382047062e-05,0.4310586142,0.5397791221,0.02916226376,0,0
12.664,23.67280938,-0.4399313422,0.4895649408,0.5581615804,0.4753886811,0.6581894994,0.7331703404,4.278204183e-05,2.432036449e-05,0.433213419,0.5375387486,0.02924783247,0,0
12.688,23.62803105,-0.4421146403,0.4898045811,0.5559656508,0.4756014069,0.6598286769,0.7316382324,4.261272211e-05,2.481761708e-05,0.4353738847,0.5352945037,0.02933161154,0,0
12.712,23.58342181,-0.444303244,0.4900352971,0.5537642993,0.4758059527,0.6614680377,0.7301001327,4.244006387e-05,2.531189561e-05,0.4375399668,0.5330462045,0.02941382876,0,0
12.736,23.53898068,-0.4464972434,0.4902569073,0.5515574745,0.4760021154,0.6631075505,0.728555874,4.226450413e-05,2.580282952e-05,0.4397116253,0.5307936622,0.02949471249,0,0
12.76,23.49470674,-0.4486967316,0.4904692311,0.5493451212,0.4761896899,0.6647471877,0.727005284,4.208638777e-05,2.629000851e-05,0.4418888254,0.5285366836,0.02957449106,0,0
12.784,23.45059903,-0.4509018036,0.4906720885,0.5471271801,0.4763684698,0.6663869258,0.7254481858,4.190597992e-05,2.677298063e-05,0.4440715367,0.526275071,0.02965339237,0,0
12.808,23.40665662,-0.4531125563,0.4908653004,0.5449035889,0.4765382474,0.6680267448,0.7238843985,4.172347655e-05,2.725125041e-05,0.4462597335,0.5240086232,0.02973164335,0,0
12.832,23.36287858,-0.4553290882,0.4910486882,0.5426742819,0.4766988137,0.6696666281,0.7223137374,4.15390137e-05,2.772427714e-05,0.4484533945,0.521737136,0.02980946953,0,0
12.856,23.319264,-0.4575514993,0.4912220745,0.5404391902,0.4768499593,0.6713065626,0.7207360141,4.135267529e-05,2.81914732e-05,0.4506525027,0.5194604027,0.02988709455,0,0
12.88,23.27581196,-0.4597798905,0.4913852824,0.5381982424,0.4769914739,0.6729465383,0.7191510372,4.11644999e-05,2.865220266e-05,0.4528570451,0.5171782151,0.02996473974,0,0
12.904,23.23252154,-0.4620143633,0.4915381361,0.5359513646,0.477123147,0.6745865483,0.7175586127,4.097448655e-05,2.910578002e-05,0.4550670128,0.5148903635,0.03004262374,0,0
12.928,23.18939186,-0.4642550199,0.4916804606,0.5336984803,0.4772447682,0.6762265884,0.7159585439,4.078259967e-05,2.955146937e-05,0.4572824005,0.5125966375,0.030120962,0,0
12.952,23.14642202,-0.4665019625,0.4918120819,0.5314395114,0.4773561268,0.6778666572,0.7143506324,4.058877331e-05,2.998848372e-05,0.4595032066,0.5102968269,0.03019996651,0,0
12.976,23.10361113,-0.4687552935,0.4919328268,0.5291743777,0.4774570126,0.6795067558,0.7127346778,4.039291483e-05,3.041598491e-05,0.4617294329,0.5079907218,0.03027984534,0,0
13,23.06095831,-0.4710151146,0.4920425232,0.5269029978,0.4775472157,0.6811468878,0.7111104783,4.019490796e-05,3.083308391e-05,0.4639610843,0.5056781133,0.03036080232,0,0
13.024,23.01846268,-0.4732815271,0.4921409997,0.5246252889,0.4776265271,0.6827870587,0.7094778314,3.999461552e-05,3.123884171e-05,0.4661981691,0.5033587942,0.03044303673,0,0
13.048,22.97612339,-0.4755546317,0.4922280861,0.5223411672,0.4776947384,0.6844272762,0.7078365334,3.979188164e-05,3.163227084e-05,0.468440698,0.5010325591,0.03052674295,0,0
13.072,22.93393957,-0.4778345275,0.4923036128,0.5200505484,0.477751642,0.6860675498,0.7061863807,3.958653376e-05,3.20123376e-05,0.4706886845,0.4986992053,0.0306121102,0,0
13.096,22.89191035,-0.4801213129,0.4923674115,0.5177533474,0.4777970316,0.6877078907,0.7045271692,3.937838432e-05,3.237796512e-05,0.4729421445,0.4963585332,0.03069932223,0,0
13.12,22.85003491,-0.4824150842,0.4924193145,0.5154494793,0.477830702,0.6893483117,0.7028586953,3.916723218e-05,3.272803719e-05,0.4752010963,0.4940103466,0.03078855707,0,0
13.144,22.80831239,-0.4847159362,0.4924591552,0.5131388591,0.4778524494,0.6909888265,0.7011807557,3.89528639e-05,3.306140307e-05,0.4774655599,0.4916544533,0.03087998684,0,0
13.168,22.76674195,-0.4870239619,0.4924867677,0.5108214021,0.4778620714,0.6926294506,0.699493148,3.873505486e-05,3.337688327e-05,0.4797355573,0.4892906653,0.03097377744,0,0
13.192,22.72532277,-0.4893392516,0.4925019871,0.5084970243,0.4778593671,0.6942701999,0.697795671,3.851357018e-05,3.367327631e-05,0.4820111119,0.4869187996,0.03107008845,0,0
13.216,22.68405403,-0.4916618936,0.4925046493,0.5061656426,0.4778441372,0.6959110915,0.6960881246,3.828816561e-05,3.394936652e-05,0.4842922487,0.4845386784,0.03116907289,0,0
13.24,22.64293489,-0.4939919735,0.4924945912,0.5038271748,0.4778161843,0.697552143,0.6943703105,3.805858831e-05,3.420393279e-05,0.4865789937,0.4821501292,0.03127087706,0,0
13.264,22.60196457,-0.4963295741,0.4924716502,0.5014815404,0.4777753126,0.6991933726,0.6926420321,3.782457754e-05,3.443575841e-05,0.4888713737,0.4797529858,0.03137564043,0,0
13.288,22.56114223,-0.498674775,0.4924356647,0.4991286602,0.4777213282,0.7008347987,0.6909030951,3.758586534e-05,3.464364172e-05,0.4911694165,0.477347088,0.03148349551,0,0
13.312,22.5204671,-0.5010276529,0.492386474,0.496768457,0.4776540391,0.70247644,0.6891533073,3.734217716e-05,3.482640761e-05,0.4934731501,0.4749322821,0.03159456773,0,0
13.336,22.47993836,-0.503388281,0.4923239179,0.4944008557,0.4775732555,0.7041183151,0.6873924792,3.709323251e-05,3.498291974e-05,0.495782603,0.4725084216,0.03170897537,0,0
13.36,22.43955524,-0.5057567291,0.4922478371,0.4920257835,0.4774787892,0.7057604425,0.6856204239,3.683874553e-05,3.511209321e-05,0.4980978036,0.470075367,0.03182682948,0,0
13.384,22.39931695,-0.5081330631,0.4921580731,0.4896431701,0.4773704544,0.7074028405,0.6838369578,3.657842568e-05,3.52129076e-05,0.5004187801,0.467632986,0.03194823385,0,0
13.408,22.3592227,-0.5105173453,0.4920544679,0.4872529482,0.4772480672,0.7090455269,0.6820418999,3.631197836e-05,3.528442005e-05,0.5027455605,0.4651811545,0.03207328498,0,0
13.432,22.31927174,-0.5129096339,0.4919368642,0.4848550533,0.4771114459,0.7106885189,0.680235073,3.603910563e-05,3.53257782e-05,0.5050781722,0.4627197558,0.03220207204,0,0
13.456,22.27946329,-0.5153099828,0.4918051057,0.482449424,0.4769604108,0.712331833,0.678416303,3.575950695e-05,3.533623265e-05,0.5074166416,0.4602486815,0.03233467692,0,0
13.48,22.23979659,-0.5177184419,0.4916590362,0.4800360026,0.4767947844,0.7139754849,0.6765854198,3.547287995e-05,3.531514868e-05,0.5097609943,0.4577678315,0.03247117419,0,0
13.504,22.20027088,-0.5201350566,0.4914985007,0.4776147349,0.4766143913,0.7156194892,0.6747422567,3.517892137e-05,3.526201689e-05,0.5121112546,0.4552771142,0.03261163119,0,0
13.528,22.16088542,-0.5225598678,0.4913233444,0.4751855703,0.4764190583,0.7172638595,0.6728866512,3.48773279e-05,3.517646262e-05,0.5144674454,0.4527764466,0.03275610807,0,0
13.552,22.12163946,-0.5249929116,0.4911334132,0.4727484624,0.4762086142,0.7189086081,0.6710184446,3.456779729e-05,3.505825362e-05,0.516829588,0.4502657542,0.03290465784,0,0
13.576,22.08253226,-0.5274342195,0.4909285537,0.4703033689,0.4759828901,0.7205537459,0.6691374825,3.425002944e-05,3.490730607e-05,0.5191977019,0.4477449717,0.03305732645,0,0
13.6,22.04356309,-0.5298838181,0.4907086129,0.4678502519,0.4757417189,0.7221992824,0.6672436146,3.392372759e-05,3.472368841e-05,0.5215718046,0.4452140425,0.03321415292,0,0
13.624,22.00473121,-0.5323417291,0.4904734385,0.4653890777,0.4754849359,0.7238452254,0.6653366952,3.358859967e-05,3.450762322e-05,0.5239519115,0.4426729191,0.03337516941,0,0
13.648,21.9660359,-0.534807969,0.4902228786,0.4629198176,0.4752123782,0.7254915812,0.6634165825,3.324435974e-05,3.425948665e-05,0.5263380355,0.4401215631,0.03354040136,0,0
13.672,21.92747645,-0.5372825495,0.4899567819,0.4604424474,0.4749238852,0.7271383541,0.6614831397,3.28907295e-05,3.39798058e-05,0.5287301872,0.4375599452,0.03370986765,0,0
13.696,21.88905213,-0.5397654767,0.4896749976,0.4579569478,0.474619298,0.7287855467,0.6595362341,3.252743999e-05,3.366925373e-05,0.5311283741,0.4349880452,0.03388358068,0,0
13.72,21.85076224,-0.5422567517,0.4893773754,0.4554633047,0.4742984599,0.7304331594,0.6575757378,3.215423338e-05,3.332864256e-05,0.5335326013,0.4324058521,0.0340615466,0,0
13.744,21.81260608,-0.5447563702,0.4890637655,0.4529615091,0.4739612159,0.7320811906,0.6556015275,3.177086484e-05,3.295891446e-05,0.5359428706,0.429813364,0.03424376544,0,0
13.768,21.77458295,-0.5472643225,0.4887340185,0.4504515571,0.4736074132,0.7337296366,0.6536134845,3.137710464e-05,3.256113112e-05,0.5383591806,0.4272105881,0.03443023127,0,0
13.792,21.73669214,-0.5497805936,0.4883879857,0.4479334503,0.4732369005,0.7353784914,0.6516114946,3.097274023e-05,3.213646167e-05,0.5407815266,0.4245975409,0.03462093244,0,0
13.816,21.69893298,-0.5523051629,0.4880255185,0.4454071958,0.4728495285,0.7370277469,0.6495954484,3.055757859e-05,3.168616953e-05,0.5432099006,0.4219742476,0.03481585174,0,0
13.84,21.66130477,-0.5548380043,0.4876464691,0.4428728059,0.4724451497,0.7386773923,0.6475652413,3.013144853e-05,3.121159842e-05,0.5456442907,0.4193407426,0.03501496661,0,0
13.864,21.62380684,-0.5573790862,0.48725069,0.4403302989,0.4720236181,0.7403274145,0.6455207728,2.969420325e-05,3.071415788e-05,0.5480846815,0.4166970691,0.03521824934,0,0
13.888,21.58643851,-0.5599283716,0.4868380342,0.4377796984,0.4715847896,0.7419777981,0.6434619477,2.924572286e-05,3.019530864e-05,0.5505310537,0.414043279,0.03542566731,0,0
13.912,21.54919911,-0.5624858177,0.486408355,0.435221034,0.4711285215,0.7436285248,0.6413886748,2.87859171e-05,2.965654804e-05,0.5529833837,0.4113794331,0.0356371832,0,0
13.936,21.51208797,-0.5650513763,0.4859615064,0.4326543408,0.4706546727,0.7452795741,0.6393008678,2.831472804e-05,2.909939593e-05,0.5554416444,0.4087056004,0.03585275524,0,0
13.96,21.47510444,-0.5676249937,0.4854973426,0.4300796598,0.4701631037,0.7469309226,0.6371984447,2.783213289e-05,2.852538119e-05,0.5579058039,0.4060218587,0.03607233739,0,0
13.984,21.43824785,-0.5702066106,0.4850157183,0.4274970378,0.4696536764,0.7485825444,0.6350813279,2.733814683e-05,2.793602906e-05,0.5603758265,0.4033282938,0.03629587964,0,0
14.008,21.40151756,-0.5727961621,0.4845164887,0.4249065274,0.469126254,0.7502344108,0.6329494444,2.683282588e-05,2.733284957e-05,0.5628516718,0.4006249999,0.03652332824,0,0
14.032,21.36491291,-0.5753935778,0.4839995095,0.422308187,0.4685807011,0.7518864904,0.6308027253,2.631626979e-05,2.671732703e-05,0.5653332952,0.3979120789,0.03675462588,0,0
14.056,21.32843327,-0.5779987819,0.4834646365,0.4197020809,0.4680168835,0.7535387493,0.6286411058,2.57886249e-05,2.609091084e-05,0.5678206473,0.3951896406,0.03698971205,0,0
14.08,21.29207798,-0.5806116932,0.4829117263,0.4170882791,0.4674346684,0.7551911505,0.6264645255,2.525008702e-05,2.545500747e-05,0.5703136744,0.3924578024,0.03722852318,0,0
14.104,21.25584643,-0.5832322251,0.4823406357,0.4144668576,0.4668339239,0.7568436545,0.6242729279,2.470090425e-05,2.481097389e-05,0.5728123179,0.3897166891,0.03747099295,0,0
14.128,21.21973797,-0.5858602856,0.481751222,0.4118378979,0.4662145194,0.7584962189,0.6220662603,2.41413798e-05,2.41601121e-05,0.5753165147,0.3869664328,0.03771705253,0,0
14.152,21.18375198,-0.5884957773,0.4811433428,0.4092014875,0.4655763251,0.7601487987,0.6198444739,2.35718748e-05,2.350366503e-05,0.5778261968,0.3842071724,0.03796663083,0,0
14.176,21.14788784,-0.5911385978,0.4805168563,0.4065577193,0.4649192125,0.7618013461,0.6176075236,2.2992811e-05,2.284281359e-05,0.5803412915,0.3814390538,0.03821965473,0,0
14.2,21.11214493,-0.5937886394,0.4798716209,0.4039066922,0.4642430536,0.7634538105,0.6153553679,2.240467363e-05,2.217867481e-05,0.5828617213,0.3786622293,0.03847604936,0,0
14.224,21.07652264,-0.5964457894,0.4792074955,0.4012485104,0.4635477216,0.7651061387,0.6130879687,2.180801413e-05,2.151230098e-05,0.5853874039,0.3758768578,0.03873573831,0,0
14.248,21.04102035,-0.59910993,0.4785243395,0.3985832836,0.4628330903,0.7667582746,0.610805291,2.120345306e-05,2.084467981e-05,0.5879182521,0.3730831039,0.03899864392,0,0
14.272,21.00563747,-0.6017809385,0.4778220125,0.3959111272,0.4620990343,0.7684101597,0.6085073032,2.059168317e-05,2.017673537e-05,0.590454174,0.3702811385,0.03926468749,0,0
14.296,20.97037339,-0.6044586875,0.4771003745,0.3932321616,0.4613454287,0.7700617327,0.6061939768,1.997347261e-05,1.950932983e-05,0.5929950726,0.3674711379,0.03953378952,0,0
14.32,20.93522751,-0.6071430447,0.4763592859,0.3905465127,0.4605721494,0.7717129298,0.6038652857,1.934966863e-05,1.88432659e-05,0.5955408464,0.3646532837,0.03980586995,0,0
14.344,20.90019925,-0.6098338732,0.4755986075,0.3878543115,0.4597790726,0.7733636844,0.6015212071,1.87212017e-05,1.817928988e-05,0.5980913887,0.3618277629,0.04008084841,0,0
14.368,20.865288,-0.6125310316,0.4748182003,0.3851556942,0.4589660751,0.7750139277,0.5991617201,1.808909033e-05,1.751809532e-05,0.6006465884,0.3589947672,0.04035864442,0,0
14.392,20.83049319,-0.6152343741,0.4740179259,0.3824508017,0.4581330341,0.7766635881,0.5967868067,1.745444683e-05,1.686032723e-05,0.6032063294,0.3561544929,0.04063917762,0,0
14.416,20.79581423,-0.6179437505,0.4731976458,0.37973978,0.457279827,0.7783125919,0.5943964508,1.681848426e-05,1.620658681e-05,0.605770491,0.353307141,0.040922368,0,0
14.44,20.76125055,-0.6206590065,0.472357222,0.3770227796,0.4564063316,0.7799608628,0.5919906384,1.618252486e-05,1.555743678e-05,0.6083389477,0.3504529162,0.0412081361,0,0
14.464,20.72680158,-0.6233799836,0.4714965168,0.3742999559,0.4555124258,0.7816083222,0.5895693573,1.55480104e-05,1.491340727e-05,0.6109115695,0.3475920273,0.04149640322,0,0
14.488,20.69246673,-0.6261065194,0.4706153927,0.3715714684,0.4545979876,0.7832548892,0.587132597,1.491651486e-05,1.427500245e-05,0.6134882217,0.3447246867,0.04178709161,0,0
14.512,20.65824545,-0.6288384478,0.4697137122,0.3688374814,0.453662895,0.7849004809,0.5846803486,1.428975975e-05,1.364270795e-05,0.6160687651,0.3418511102,0.04208012469,0,0
14.536,20.62413718,-0.6315755989,0.4687913383,0.3660981629,0.4527070262,0.7865450121,0.5822126042,1.366963283e-05,1.301699933e-05,0.6186530562,0.3389715166,0.04237542722,0,0
14.56,20.59014135,-0.6343177991,0.4678481339,0.3633536855,0.4517302589,0.7881883954,0.5797293571,1.305821024e-05,1.239835185e-05,0.6212409469,0.3360861277,0.04267292546,0,0
14.584,20.55625741,-0.6370648717,0.466883962,0.3606042252,0.4507324709,0.7898305418,0.5772306017,1.245778269e-05,1.178725188e-05,0.6238322849,0.3331951677,0.04297254738,0,0
14.608,20.5224848,-0.6398166363,0.4658986859,0.3578499622,0.4497135398,0.7914713599,0.5747163329,1.187088524e-05,1.11842106e-05,0.6264269137,0.3302988635,0.04327422281,0,0
14.632,20.48882299,-0.6425729097,0.4648921685,0.3550910802,0.4486733426,0.7931107568,0.5721865462,1.13003302e-05,1.05897805e-05,0.6290246727,0.3273974437,0.0435778836,0,0
14.656,20.45527142,-0.6453335054,0.463864273,0.3523277663,0.4476117561,0.7947486376,0.5696412372,1.074924129e-05,1.000457591e-05,0.6316253971,0.3244911392,0.04388346376,0,0
14.68,20.42182956,-0.6480982342,0.4628148624,0.349560211,0.4465286565,0.7963849057,0.5670804018,1.022108567e-05,9.429298612e-06,0.6342289181,0.3215801822,0.04419089963,0,0
14.704,20.38849687,-0.650866904,0.4617437996,0.3467886079,0.4454239194,0.798019463,0.5645040359,9.719697843e-06,8.864770521e-06,0.6368350633,0.3186648067,0.04450012999,0,0
14.728,20.35527281,-0.6536393203,0.4606509473,0.3440131538,0.4442974199,0.7996522096,0.5619121349,9.2492862e-06,8.311975807e-06,0.6394436564,0.3157452474,0.0448110962,0,0
14.752,20.32215686,-0.656415286,0.4595361677,0.3412340482,0.4431490322,0.8012830443,0.5593046937,8.814408845e-06,7.7721157e-06,0.6420545172,0.3128217405,0.04512374231,0,0
14.776,20.28914848,-0.6591946016,0.4583993231,0.3384514934,0.4419786297,0.8029118645,0.5566817066,8.41990118e-06,7.246680295e-06,0.6446674623,0.3098945226,0.04543801519,0,0
14.8,20.25624716,-0.6619770655,0.4572402751,0.3356656942,0.4407860849,0.8045385661,0.554043167,8.07073593e-06,6.737542763e-06,0.6472823045,0.3069638309,0.04575386464,0,0
14.824,20.22345237,-0.6647624741,0.4560588848,0.3328768578,0.4395712692,0.8061630439,0.5513890669,7.771799315e-06,6.247082312e-06,0.6498988534,0.3040299032,0.04607124343,0,0
14.848,20.1907636,-0.6675506217,0.4548550129,0.3300851938,0.4383340529,0.8077851913,0.5487193974,7.527579213e-06,5.778342006e-06,0.6525169154,0.3010929771,0.04639010748,0,0
14.872,20.15818034,-0.6703413011,0.4536285194,0.3272909137,0.4370743053,0.8094049009,0.5460341478,7.341784453e-06,5.335224162e-06,0.6551362936,0.2981532906,0.04671041586,0,0
14.896,20.12570207,-0.673134303,0.4523792636,0.3244942312,0.4357918941,0.8110220638,0.5433333056,7.216945533e-06,4.922715192e-06,0.657756788,0.295211081,0.04703213091,0,0
14.92,20.09332828,-0.6759294168,0.451107104,0.3216953616,0.4344866857,0.8126365706,0.5406168567,7.154074643e-06,4.54710578e-06,0.6603781959,0.2922665858,0.04735521827,0,0
14.944,20.06105849,-0.6787264307,0.4498118982,0.318894522,0.4331585452,0.8142483107,0.5378847846,7.152469645e-06,4.216121193e-06,0.6630003115,0.2893200415,0.047679647,0,0
14.968,20.02889217,-0.6815251312,0.4484935026,0.316091931,0.4318073358,0.8158571727,0.5351370704,7.209720684e-06,3.938796733e-06,0.6656229263,0.2863716841,0.04800538954,0,0
14.992,19.99682884,-0.6843253037,0.4471517728,0.3132878086,0.4304329191,0.8174630446,0.5323736929,7.321924752e-06,3.724856216e-06,0.6682458293,0.2834217489,0.04833242186,0,0
15.016,19.96486801,-0.6871267328,0.4457865629,0.310482376,0.4290351549,0.8190658133,0.529594628,7.48405623e-06,3.583384887e-06,0.6708688066,0.28047047,0.04866072341,0,0
15.04,19.93300918,-0.6899292017,0.4443977259,0.3076758558,0.427613901,0.8206653655,0.5267998487,7.69040711e-06,3.520894359e-06,0.6734916422,0.2775180806,0.04899027718,0,0
15.064,19.90125186,-0.6927324931,0.4429851132,0.3048684714,0.4261690132,0.822261587,0.523989325,7.935010696e-06,3.539441606e-06,0.6761141176,0.2745648127,0.04932106975,0,0
15.088,19.86959557,-0.6955363886,0.4415485748,0.3020604472,0.4247003451,0.8238543632,0.5211630234,8.211989033e-06,3.635807883e-06,0.6787360118,0.2716108969,0.04965309126,0,0
15.112,19.83803984,-0.6983406693,0.4400879588,0.2992520085,0.4232077481,0.8254435788,0.518320907,8.515798842e-06,3.802278746e-06,0.6813571019,0.2686565627,0.04998633546,0,0
15.136,19.80658417,-0.7011451155,0.4386031116,0.2964433811,0.4216910712,0.8270291183,0.5154629353,8.841378766e-06,4.028556312e-06,0.6839771626,0.2657020377,0.0503207997,0,0
15.16,19.7752281,-0.7039495072,0.4370938777,0.2936347917,0.4201501606,0.8286108656,0.5125890639,9.184216358e-06,4.303783229e-06,0.6865959667,0.2627475484,0.05065648493,0,0
15.184,19.74397115,-0.7067536236,0.4355600995,0.2908264673,0.4185848604,0.8301887043,0.5096992441,9.540357996e-06,4.617952196e-06,0.6892132848,0.2597933195,0.0509933957,0,0
15.208,19.71281286,-0.7095572437,0.4340016172,0.2880186356,0.4169950114,0.8317625177,0.5067934233,9.906382869e-06,4.962565239e-06,0.6918288859,0.256839574,0.05133154014,0,0
15.232,19.68175276,-0.712360146,0.4324182686,0.2852115245,0.4153804517,0.8333321886,0.5038715445,1.027935746e-05,5.330754141e-06,0.6944425367,0.2538865334,0.05167092994,0,0
15.256,19.65079038,-0.7151621086,0.430809889,0.2824053623,0.4137410166,0.8348975997,0.5009335459,1.065678186e-05,5.717123597e-06,0.6970540022,0.2509344175,0.05201158036,0,0
15.28,19.61992526,-0.7179629095,0.4291763111,0.2796003776,0.4120765379,0.8364586334,0.4979793612,1.103653497e-05,6.117498669e-06,0.6996630456,0.2479834443,0.05235351018,0,0
15.304,19.58915695,-0.7207623261,0.4275173649,0.2767967993,0.4103868443,0.8380151718,0.4950089192,1.141682275e-05,6.528670569e-06,0.7022694282,0.2450338301,0.05269674167,0,0
15.328,19.55848499,-0.7235601359,0.4258328773,0.2739948564,0.4086717611,0.8395670965,0.4920221435,1.179613129e-05,6.948177929e-06,0.7048729097,0.2420857897,0.05304130057,0,0
15.352,19.52790894,-0.7263561156,0.4241226722,0.2711947782,0.4069311099,0.8411142894,0.4890189526,1.217318557e-05,7.374131771e-06,0.7074732479,0.239139536,0.05338721605,0,0
15.376,19.49742833,-0.7291500421,0.4223865703,0.2683967942,0.4051647089,0.8426566315,0.4859992597,1.254691378e-05,7.805080503e-06,0.7100701988,0.2361952805,0.05373452069,0,0
15.4,19.46704273,-0.7319416917,0.4206243887,0.2656011339,0.4033723721,0.8441940041,0.4829629726,1.29164169e-05,8.239907643e-06,0.7126635167,0.233253233,0.0540832504,0,0
15.424,19.43675169,-0.7347308405,0.4188359413,0.2628080272,0.4015539098,0.8457262877,0.4799099933,1.32809428e-05,8.677754925e-06,0.7152529539,0.2303136017,0.05443344441,0,0
15.448,19.40655476,-0.7375172642,0.4170210378,0.2600177041,0.3997091281,0.8472533629,0.4768402181,1.363986446e-05,9.11796458e-06,0.7178382611,0.2273765937,0.05478514523,0,0
15.472,19.37645153,-0.7403007379,0.4151794845,0.2572303949,0.397837829,0.8487751097,0.4737535375,1.399266155e-05,9.560035922e-06,0.7204191871,0.2244424144,0.05513839857,0,0
15.496,19.34644153,-0.7430810365,0.4133110833,0.2544463302,0.39593981,0.8502914079,0.4706498359,1.433890497e-05,1.000359255e-05,0.7229954785,0.2215112682,0.05549325332,0,0
15.52,19.31652436,-0.745857934,0.411415632,0.2516657409,0.3940148639,0.8518021367,0.4675289918,1.467824383e-05,1.044835749e-05,0.7255668802,0.2185833583,0.05584976149,0,0
15.544,19.28669956,-0.7486312041,0.4094929242,0.2488888585,0.3920627793,0.8533071749,0.4643908771,1.501039449e-05,1.089413418e-05,0.7281331349,0.2156588869,0.05620797818,0,0
15.568,19.25696673,-0.7514006195,0.4075427487,0.2461159147,0.3900833395,0.8548064008,0.4612353577,1.533513129e-05,1.134079191e-05,0.7306939831,0.2127380554,0.05656796151,0,0
15.592,19.22732542,-0.754165952,0.4055648897,0.2433471421,0.3880763232,0.8562996922,0.4580622929,1.565227887e-05,1.178825466e-05,0.7332491631,0.2098210643,0.05692977255,0,0
15.616,19.19777523,-0.7569269726,0.4035591266,0.2405827739,0.3860415039,0.857786926,0.4548715355,1.596170551e-05,1.223649242e-05,0.7357984107,0.206908114,0.05729347533,0,0
15.64,19.16831573,-0.759683451,0.4015252337,0.237823044,0.3839786499,0.8592679786,0.4516629316,1.626331774e-05,1.26855145e-05,0.7383414593,0.203999404,0.05765913673,0,0
15.664,19.1389465,-0.7624351558,0.3994629801,0.2350681877,0.381887524,0.8607427254,0.4484363208,1.655705569e-05,1.313536439e-05,0.7408780395,0.201095134,0.05802682648,0,0
15.688,19.10966713,-0.7651818539,0.3973721297,0.232318441,0.3797678836,0.8622110409,0.4451915357,1.684288923e-05,1.358611583e-05,0.7434078793,0.1981955036,0.05839661708,0,0
15.712,19.08047721,-0.7679233109,0.3952524405,0.2295740413,0.3776194806,0.8636727987,0.441928402,1.712081486e-05,1.403786977e-05,0.7459307035,0.1953007127,0.05876858377,0,0
15.736,19.05137633,-0.7706592903,0.3931036653,0.2268352276,0.3754420608,0.8651278712,0.4386467388,1.739085305e-05,1.44907522e-05,0.7484462338,0.1924109617,0.05914280448,0,0
15.76,19.02236409,-0.7733895538,0.3909255508,0.2241022404,0.3732353644,0.8665761295,0.435346358,1.765304621e-05,1.494491251e-05,0.7509541886,0.1895264516,0.05951935979,0,0
15.784,18.99344007,-0.7761138608,0.3887178377,0.2213753223,0.3709991253,0.8680174435,0.4320270643,1.790745707e-05,1.540052247e-05,0.7534542825,0.1866473846,0.0598983329,0,0
15.808,18.96460387,-0.7788319681,0.3864802606,0.2186547178,0.3687330714,0.8694516814,0.4286886557,1.815416748e-05,1.585777555e-05,0.7559462266,0.1837739638,0.06027980957,0,0
15.832,18.9358551,-0.7815436299,0.3842125478,0.2159406738,0.366436924,0.8708787099,0.4253309228,1.839327758e-05,1.631688676e-05,0.7584297277,0.1809063942,0.06066387811,0,0
15.856,18.90719337,-0.7842485977,0.3819144211,0.2132334397,0.3641103983,0.8722983939,0.4219536491,1.862490542e-05,1.677809268e-05,0.7609044884,0.1780448823,0.06105062935,0,0
15.88,18.87861826,-0.7869466193,0.3795855959,0.210533268,0.3617532027,0.8737105963,0.418556611,1.88491868e-05,1.724165191e-05,0.7633702065,0.1751896369,0.06144015658,0,0
15.904,18.8501294,-0.7896374392,0.3772257805,0.207840414,0.3593650389,0.8751151781,0.4151395776,1.90662756e-05,1.770784579e-05,0.7658265752,0.1723408692,0.06183255557,0,0
15.928,18.82172639,-0.7923207981,0.3748346767,0.2051551366,0.3569456018,0.8765119977,0.4117023108,1.927634428e-05,1.817697931e-05,0.7682732824,0.1694987931,0.06222792451,0,0
15.952,18.79340885,-0.7949964326,0.372411979,0.2024776986,0.3544945794,0.8779009113,0.4082445655,1.947958487e-05,1.864938244e-05,0.7707100104,0.1666636256,0.06262636402,0,0
15.976,18.76517639,-0.7976640747,0.3699573748,0.1998083666,0.3520116524,0.8792817724,0.404766089,1.967621022e-05,1.912541154e-05,0.7731364357,0.1638355872,0.06302797714,0,0
16,18.73702863,-0.8003234516,0.3674705444,0.1971474119,0.3494964946,0.8806544317,0.4012666218,1.986645562e-05,1.960545122e-05,0.7755522285,0.1610149022,0.0634328693,0,0
16.024,18.70896518,-0.8029742853,0.3649511603,0.1944951102,0.3469487724,0.8820187369,0.397745897,2.005058083e-05,2.008991635e-05,0.7779570527,0.1582017989,0.06384114834,0,0
16.048,18.68098567,-0.8056162924,0.3623988878,0.1918517428,0.3443681445,0.8833745324,0.3942036405,2.022887247e-05,2.057925442e-05,0.7803505649,0.1553965106,0.06425292449,0,0
16.072,18.65308972,-0.8082491834,0.3598133844,0.1892175962,0.3417542625,0.8847216591,0.3906395713,2.040164683e-05,2.107394819e-05,0.7827324145,0.1525992751,0.06466831042,0,0
16.096,18.62527696,-0.8108726625,0.3571942998,0.186592963,0.3391067701,0.8860599543,0.3870534012,2.056925322e-05,2.15745187e-05,0.785102243,0.1498103358,0.0650874212,0,0
16.12,18.59754702,-0.8134864271,0.3545412758,0.1839781423,0.3364253032,0.8873892512,0.383444835,2.073207768e-05,2.208152864e-05,0.7874596837,0.147029942,0.06551037435,0,0
16.144,18.56989953,-0.8160901674,0.3518539462,0.1813734399,0.3337094901,0.8887093792,0.3798135707,2.089054733e-05,2.259558604e-05,0.7898043611,0.144258349,0.06593728988,0,0
16.168,18.54233412,-0.8186835659,0.3491319367,0.1787791688,0.330958951,0.8900201629,0.3761592993,2.104513527e-05,2.311734847e-05,0.7921358907,0.141495819,0.06636829028,0,0
16.192,18.51485042,-0.8212662971,0.3463748648,0.17619565,0.328173298,0.8913214223,0.3724817051,2.119636608e-05,2.36475277e-05,0.7944538782,0.1387426212,0.06680350059,0,0
16.216,18.48744808,-0.8238380269,0.3435823397,0.1736232125,0.3253521353,0.8926129725,0.3687804657,2.134482203e-05,2.418689482e-05,0.7967579191,0.1359990324,0.06724304843,0,0
16.24,18.46012672,-0.8263984118,0.3407539622,0.1710621942,0.3224950587,0.8938946234,0.3650552522,2.149115001e-05,2.473628598e-05,0.7990475981,0.1332653378,0.06768706406,0,0
16.264,18.43288601,-0.8289470989,0.3378893245,0.1685129424,0.3196016558,0.8951661792,0.3613057294,2.163606925e-05,2.529660871e-05,0.8013224888,0.1305418308,0.06813568045,0,0
16.288,18.40572556,-0.8314837251,0.3349880103,0.165975814,0.3166715057,0.8964274383,0.3575315558,2.178037989e-05,2.5868849e-05,0.8035821527,0.127828814,0.06858903332,0,0
16.312,18.37864505,-0.8340079166,0.3320495948,0.1634511766,0.3137041792,0.8976781931,0.3537323836,2.19249724e-05,2.645407907e-05,0.8058261389,0.1251265999,0.06904726121,0,0
16.336,18.3516441,-0.8365192884,0.3290736441,0.1609394085,0.3106992386,0.8989182294,0.3499078594,2.207083805e-05,2.705346601e-05,0.8080539835,0.1224355108,0.06951050562,0,0
16.36,18.32472237,-0.8390174433,0.326059716,0.1584408998,0.3076562375,0.900147326,0.3460576241,2.22190802e-05,2.766828141e-05,0.810265209,0.11975588,0.06997891103,0,0
16.384,18.29787952,-0.8415019719,0.3230073589,0.1559560527,0.3045747209,0.9013652549,0.342181313,2.237092672e-05,2.829991191e-05,0.8124593232,0.1170880518,0.07045262505,0,0
16.408,18.27111519,-0.8439724518,0.3199161127,0.1534852824,0.301454225,0.9025717802,0.3382785563,2.252774336e-05,2.894987103e-05,0.814635819,0.1144323825,0.07093179851,0,0
16.432,18.24442904,-0.8464284464,0.316785508,0.1510290174,0.2982942774,0.9037666585,0.3343489794,2.269104809e-05,2.961981214e-05,0.8167941735,0.1117892409,0.07141658556,0,0
16.456,18.21782073,-0.8488695052,0.3136150667,0.1485877007,0.2950943967,0.9049496378,0.3303922029,2.286252637e-05,3.031154289e-05,0.8189338475,0.1091590087,0.07190714383,0,0
16.48,18.19128993,-0.8512951623,0.3104043012,0.14616179,0.2918540927,0.9061204576,0.3264078435,2.304404727e-05,3.102704119e-05,0.8210542842,0.1065420812,0.07240363458,0,0
16.504,18.16483628,-0.8537049361,0.3071527151,0.1437517587,0.2885728663,0.9072788482,0.3223955138,2.323768023e-05,3.176847277e-05,0.8231549089,0.1039388683,0.07290622281,0,0
16.528,18.13845946,-0.8560983284,0.3038598026,0.1413580967,0.2852502093,0.9084245305,0.3183548232,2.344571236e-05,3.25382107e-05,0.8252351281,0.1013497945,0.07341507742,0,0
16.552,18.11215913,-0.8584748238,0.3005250488,0.1389813109,0.2818856048,0.9095572153,0.3142853782,2.367066587e-05,3.333885681e-05,0.8272943285,0.09877530006,0.07393037143,0,0
16.576,18.08593497,-0.8608338886,0.2971479294,0.1366219263,0.2784785264,0.9106766033,0.3101867831,2.391531548e-05,3.417326535e-05,0.8293318763,0.09621584156,0.07445228213,0,0
16.6,18.05978663,-0.8631749706,0.2937279109,0.1342804867,0.2750284389,0.9117823839,0.3060586404,2.418270522e-05,3.504456892e-05,0.8313471161,0.09367189256,0.07498099129,0,0
16.624,18.03371379,-0.8654974977,0.2902644505,0.1319575556,0.2715347981,0.9128742354,0.3019005516,2.447616429e-05,3.595620694e-05,0.8333393703,0.09114394433,0.07551668537,0,0
16.648,18.00771612,-0.8678008771,0.286756996,0.1296537169,0.2679970503,0.9139518242,0.2977121181,2.479932146e-05,3.691195668e-05,0.8353079376,0.08863250664,0.07605955572,0,0
16.672,17.98179331,-0.8700844948,0.2832049857,0.1273695762,0.264414633,0.9150148042,0.2934929421,2.515611729e-05,3.791596701e-05,0.8372520926,0.08613810849,0.07660979889,0,0
16.696,17.95594502,-0.8723477142,0.2796078487,0.1251057613,0.2607869742,0.9160628164,0.2892426272,2.555081391e-05,3.897279489e-05,0.8391710843,0.08366129892,0.07716761682,0,0
16.72,17.93017093,-0.8745898757,0.2759650047,0.1228629235,0.2571134929,0.9170954882,0.2849607801,2.598800145e-05,4.008744451e-05,0.8410641351,0.08120264781,0.07773321712,0,0
16.744,17.90447074,-0.8768102949,0.2722758636,0.1206417386,0.2533935988,0.9181124327,0.2806470115,2.647260103e-05,4.126540886e-05,0.8429304398,0.07876274674,0.07830681342,0,0
16.768,17.87884411,-0.8790082625,0.2685398263,0.1184429078,0.2496266925,0.9191132486,0.2763009375,2.700986368e-05,4.251271331e-05,0.8447691646,0.07634220984,0.0788886256,0,0
16.792,17.85329073,-0.8811830425,0.2647562839,0.1162671588,0.2458121652,0.9200975189,0.2719221815,2.760536499e-05,4.383596055e-05,0.8465794451,0.07394167471,0.07947888018,0,0
16.816,17.8278103,-0.8833338716,0.2609246184,0.114115247,0.241949399,0.9210648106,0.267510376,2.826499562e-05,4.52423756e-05,0.848360386,0.07156180331,0.08007781064,0,0
16.84,17.80240249,-0.8854599577,0.2570442018,0.1119879569,0.2380377666,0.9220146736,0.2630651645,2.899494741e-05,4.673984933e-05,0.8501110592,0.06920328297,0.08068565778,0,0
16.864,17.77706701,-0.8875604788,0.2531143972,0.1098861028,0.2340766316,0.9229466407,0.2585862042,2.980169562e-05,4.833697788e-05,0.8518305025,0.06686682736,0.08130267016,0,0
16.888,17.75180353,-0.8896345818,0.249134558,0.1078105306,0.2300653483,0.9238602259,0.2540731686,3.069197727e-05,5.004309434e-05,0.853517718,0.06455317752,0.08192910445,0,0
16.912,17.72661175,-0.8916813812,0.2451040279,0.1057621189,0.2260032621,0.9247549243,0.2495257507,3.167276593e-05,5.186828757e-05,0.8551716711,0.06226310296,0.08256522594,0,0
16.936,17.70149138,-0.8936999577,0.2410221417,0.1037417804,0.2218897088,0.9256302108,0.2449436667,3.275124281e-05,5.38234011e-05,0.8567912883,0.05999740276,0.08321130894,0,0
16.96,17.6764421,-0.8956893568,0.2368882243,0.1017504632,0.2177240153,0.9264855394,0.2403266602,3.393476382e-05,5.592000211e-05,0.8583754559,0.05775690675,0.08386763736,0,0
16.984,17.65146361,-0.8976485872,0.2327015916,0.09978915279,0.2135054995,0.9273203421,0.2356745071,3.523082161e-05,5.817030728e-05,0.8599230182,0.0555424767,0.08453450515,0,0
17.008,17.62655562,-0.8995766195,0.2284615499,0.09785887307,0.2092334699,0.9281340281,0.2309870212,3.664700087e-05,6.058704774e-05,0.8614327754,0.05335500764,0.08521221692,0,0
17.032,17.60171783,-0.9014723841,0.2241673964,0.09596068834,0.2049072264,0.9289259825,0.2262640606,3.819092432e-05,6.318324937e-05,0.8629034824,0.05119542913,0.08590108849,0,0
17.056,17.57694993,-0.9033347701,0.2198184189,0.09409570498,0.2005260598,0.9296955653,0.2215055357,3.987018582e-05,6.597189863e-05,0.8643338457,0.04906470669,0.08660144757,0,0
17.08,17.55225164,-0.9051626229,0.2154138962,0.09226507321,0.196089252,0.9304421103,0.2167114175,4.169226581e-05,6.896545558e-05,0.8657225224,0.04696384324,0.08731363435,0,0
17.104,17.52762266,-0.9069547429,0.210953098,0.0904699891,0.1915960764,0.9311649237,0.2118817486,4.366442332e-05,7.217516862e-05,0.8670681171,0.04489388062,0.08803800229,0,0
17.128,17.5030627,-0.9087098828,0.2064352849,0.08871169648,0.1870457976,0.9318632828,0.2070166551,4.579355764e-05,7.561013842e-05,0.86836918,0.04285590121,0.08877491879,0,0
17.152,17.47857148,-0.9104267461,0.2018597089,0.08699148915,0.1824376719,0.9325364347,0.2021163608,4.808603196e-05,7.927607661e-05,0.8696242044,0.0408510296,0.08952476603,0,0
17.176,17.4541487,-0.9121039847,0.1972256131,0.08531071304,0.1777709472,0.9331835946,0.1971812046,5.054745062e-05,8.317371125e-05,0.8708316239,0.03888043436,0.09028794178,0,0
17.2,17.42979407,-0.9137401964,0.1925322323,0.0836707686,0.1730448635,0.9338039446,0.1922116601,5.318238175e-05,8.729681482e-05,0.8719898098,0.03694532992,0.09106486031,0,0
17.224,17.40550732,-0.9153339227,0.1877787929,0.08207311326,0.1682586527,0.9343966315,0.1872083602,5.599401806e-05,9.16298796e-05,0.8730970682,0.03504697852,0.09185595333,0,0
17.248,17.38128815,-0.9168836459,0.1829645132,0.08051926405,0.1634115393,0.9349607656,0.1821721248,5.898377045e-05,9.614555278e-05,0.8741516367,0.03318669231,0.09266167095,0,0
17.272,17.35713629,-0.9183877868,0.1780886039,0.07901080036,0.1585027406,0.9354954184,0.1771039958,6.215079336e-05,0.0001008020761,0.8751516817,0.0313658355,0.0934824828,0,0
17.296,17.33305146,-0.9198447013,0.1731502683,0.07754936688,0.1535314668,0.9359996207,0.1720052778,6.549144699e-05,0.0001055411494,0.8760952942,0.02958582674,0.0943188791,0,0
17.32,17.30903337,-0.9212526775,0.1681487024,0.07613667666,0.1484969219,0.9364723604,0.1668775879,6.89987106e-05,0.0001102868286,0.8769804866,0.0278481415,0.0951713719,0,0
17.344,17.28508176,-0.9226099325,0.163083096,0.07477451441,0.1433983037,0.9369125806,0.1617229158,7.266157356e-05,0.0001149462073,0.877805189,0.02615431471,0.09604049627,0,0
17.368,17.26119634,-0.923914609,0.1579526327,0.07346473996,0.1382348047,0.9373191767,0.1565436976,7.646444595e-05,0.000119412621,0.8785672448,0.02450594352,0.0969268117,0,0
17.392,17.23737684,-0.9251647715,0.1527564906,0.07220929193,0.1330056128,0.9376909938,0.151342905,8.038664781e-05,0.0001235718288,0.8792644064,0.02290469016,0.09783090349,0,0
17.416,17.21362299,-0.9263584024,0.1474938434,0.07101019162,0.1277099118,0.9380268245,0.1461241557,8.4402053e-05,0.0001273110165,0.8798943307,0.02135228508,0.09875338422,0,0
17.44,17.18993452,-0.927493398,0.1421638605,0.06986954717,0.1223468822,0.9383254055,0.1408918493,8.847897636e-05,0.0001305296019,0.8804545744,0.01985053023,0.09969489539,0,0
17.464,17.16631115,-0.9285675639,0.1367657089,0.06878955793,0.1169157026,0.9385854143,0.1356513354,9.258039665e-05,0.000133149994,0.8809425884,0.01840130252,0.1006561091,0,0
17.488,17.14275263,-0.9295786106,0.1312985533,0.06777251917,0.1114155506,0.9388054663,0.1304091226,9.666459691e-05,0.0001351260624,0.8813557128,0.01700655752,0.1016377297,0,0
17.512,17.11925868,-0.9305241486,0.125761558,0.06682082694,0.105845604,0.9389841109,0.1251731393,0.000100686273,0.0001364474034,0.8816911707,0.01566833342,0.1026404959,0,0
17.536,17.09582904,-0.9314016827,0.1201538881,0.06593698345,0.1002050426,0.939119828,0.1199530589,0.0001045981101,0.0001371385362,0.8819460622,0.01438875515,0.1036651826,0,0
17.56,17.07246344,-0.9322086068,0.1144747113,0.0651236026,0.09449304945,0.9392110232,0.1147607076,0.0001083527586,0.0001372535049,0.8821173579,0.01317003885,0.1047126032,0,0
17.584,17.04916162,-0.9329421982,0.1087231994,0.06438341593,0.08870881329,0.9392560243,0.1096105734,0.0001119050666,0.0001368674526,0.8822018917,0.01201449654,0.1057836118,0,0
17.608,17.02592333,-0.9335996105,0.1028985308,0.06371927899,0.0828515304,0.9392530758,0.1045204411,0.000115214361,0.0001360671735,0.8821963537,0.01092454112,0.1068791052,0,0
17.632,17.0027483,-0.9341778679,0.09699989264,0.06313417803,0.07692040724,0.9392003344,0.09951217757,0.0001182465369,0.0001349424163,0.882097282,0.009902691695,0.1080000263,0,0
17.656,16.97963627,-0.9346738573,0.09102648392,0.0626312372,0.07091466334,0.9390958632,0.09461269127,0.0001209757168,0.0001335790655,0.8819010549,0.008951579192,0.1091473659,0,0
17.68,16.95658699,-0.9350843211,0.08497751825,0.06221372611,0.06483353449,0.9389376263,0.08985507727,0.0001233852973,0.0001320546052,0.8816038814,0.00807395235,0.1103221663,0,0
17.704,16.9336002,-0.9354058492,0.07885222761,0.06188506798,0.05867627648,0.9387234824,0.08527993351,0.0001254682859,0.0001304357194,0.8812017922,0.007272684074,0.1115255238,0,0
17.728,16.91067565,-0.9356348703,0.07264986637,0.06164884819,0.05244216922,0.938451178,0.0809367753,0.0001272269332,0.0001287775817,0.8806906297,0.006550778179,0.1127585921,0,0
17.752,16.88781309,-0.9357676431,0.06636971583,0.06150882346,0.04613052154,0.9381183406,0.0768853717,0.0001286717637,0.0001271243004,0.8800660375,0.005911376542,0.1140225859,0,0
17.776,16.86501226,-0.9358002465,0.06001108948,0.06146893155,0.03974067651,0.9377224707,0.07319665918,0.0001298201705,0.00012551004,0.879323449,0.005357766668,0.1153187844,0,0
17.8,16.84227292,-0.9357285695,0.05357333879,0.06153330159,0.0332720175,0.9372609341,0.06995265794,0.0001306947732,0.000123960451,0.8784580756,0.004893389719,0.1166485347,0,0
17.824,16.81959482,-0.9355483008,0.04705585992,0.06170626501,0.02672397509,0.9367309523,0.06724458332,0.0001313217265,0.0001224941591,0.8774648943,0.00452184899,0.1180132567,0,0
17.848,16.7969777,-0.9352549166,0.0404581012,0.06199236717,0.02009603474,0.9361295941,0.06516827602,0.0001317291347,0.0001211241662,0.8763386344,0.00424691887,0.1194144468,0,0
17.872,16.77442133,-0.9348436695,0.0337795716,0.06239637968,0.01338774559,0.9354537647,0.063816455,0.0001319456785,0.0001198590878,0.8750737633,0.004072554295,0.1208536824,0,0
17.896,16.75192546,-0.9343095751,0.02701985029,0.06292331342,0.006598730262,0.934700195,0.06326836977,0.0001319995093,0.0001187042029,0.8736644719,0.004002900704,0.1223326274,0,0
17.92,16.72948984,-0.9336473991,0.02017859744,0.06357843239,-0.0002713039939,0.9338654301,0.06357901124,0.0001319174264,0.000117662317,0.872104659,0.004042304515,0.1238530365,0,0
17.944,16.70711424,-0.9328516428,0.01325556635,0.06436726821,-0.00722255284,0.9329458171,0.06477121649,0.0001317243188,0.0001167344571,0.8703879149,0.004195324113,0.1254167609,0,0
17.968,16.68479842,-0.9319165289,0.0062506171,0.06529563559,-0.01425510079,0.9319374909,0.06683358382,0.0001314428353,0.000115920424,0.8685075043,0.004466741363,0.1270257543,0,0
17.992,16.66254213,-0.9308359853,-0.0008362680962,0.06636964852,-0.02136890547,0.9308363609,0.06972489057,0.0001310932406,0.0001152192238,0.866456348,0.004861573641,0.1286820784,0,0
18.016,16.64034514,-0.9296036295,-0.008004967652,0.0675957373,-0.02856377989,0.9296380948,0.07338305815,0.0001306934104,0.0001146294055,0.8642270045,0.005385086363,0.1303879092,0,0
18.04,16.61820721,-0.9282127515,-0.01525520132,0.0689806665,-0.03583937278,0.9283381028,0.07773540372,0.0001302589252,0.0001141493231,0.8618116501,0.006042806022,0.1321455438,0,0
18.064,16.5961281,-0.9266562965,-0.02258650865,0.07053155362,-0.04319514644,0.9269315197,0.08270744061,0.0001298032294,0.0001137773395,0.8592020591,0.006840533677,0.1339574072,0,0
18.088,16.57410759,-0.924926847,-0.02999822492,0.07225588865,-0.05063035236,0.9254131865,0.08822894096,0.0001293378268,0.000113511988,0.8563895825,0.007784358909,0.1358260586,0,0
18.112,16.55214543,-0.923016604,-0.03748945457,0.0741615543,-0.05814400406,0.9237776304,0.09423726091,0.0001288724931,0.0001133521016,0.853365127,0.008880674193,0.1377541988,0,0
18.136,16.5302414,-0.9209173686,-0.04505904183,0.07625684692,-0.06573484747,0.9220190438,0.100678582,0.0001284154902,0.0001132969193,0.8501191336,0.01013618971,0.1397446767,0,0
18.16,16.50839526,-0.9186205233,-0.05270553873,0.07855049775,-0.07340132862,0.9201312622,0.1075078404,0.0001279737728,0.000113346177,0.8466415561,0.01155794859,0.1418004953,0,0
18.184,16.4866068,-0.9161170131,-0.06042717075,0.08105169446,-0.08114155923,0.9181077413,0.1146879671,0.0001275531814,0.0001135001877,0.842921841,0.01315334269,0.1439248163,0,0
18.208,16.46487577,-0.9133973278,-0.06822180081,0.0837701022,-0.08895328097,0.9159415334,0.1221888547,0.0001271586165,0.0001137599138,0.8389489087,0.01493012916,0.1461209622,0,0
18.232,16.44320195,-0.9104514851,-0.07608689322,0.08671588362,-0.09683383004,0.9136252634,0.1299862882,0.0001267941932,0.000114127032,0.8347111381,0.01689644814,0.1483924138,0,0
18.256,16.42158512,-0.9072690165,-0.08401948078,0.08989971622,-0.1047801054,0.9111511079,0.1380609628,0.0001264633746,0.0001146039862,0.8301963574,0.0190608426,0.1507428,0,0
18.28,16.40002505,-0.9038389565,-0.09201614102,0.09333280476,-0.1127885469,0.9085107757,0.1463976392,0.0001261690808,0.0001151940188,0.8253918455,0.02143228202,0.1531758725,0,0
18.304,16.37852153,-0.9001498391,-0.1000729938,0.09702688437,-0.1208551354,0.905695499,0.1549844509,0.0001259137761,0.0001159011553,0.8202843527,0.02402019347,0.1556954538,0,0
18.328,16.35707431,-0.8961897041,-0.108185744,0.100994206,-0.1289754385,0.9026960402,0.1638123725,0.0001256995293,0.0001167300946,0.8148601568,0.02683450702,0.1583053362,0,0
18.352,16.3356832,-0.8919461244,-0.1163498205,0.1052474893,-0.1371447528,0.8995027346,0.17287486,0.000125528059,0.0001176859088,0.8091051853,0.02988573106,0.1610090836,0,0
18.376,16.31434795,-0.887406266,-0.1245607235,0.1097998112,-0.1453584516,0.8961056047,0.1821677194,0.0001254007975,0.0001187733601,0.8030052704,0.0331850921,0.1638096375,0,0
18.4,16.29306837,-0.8825570084,-0.1328148521,0.1146643701,-0.1536128104,0.8924946263,0.1916893666,0.0001253191339,0.0001199954444,0.7965466737,0.03674482767,0.1667084986,0,0
18.424,16.27184422,-0.8773851571,-0.1411115422,0.1198540006,-0.1619070384,0.8886603295,0.2014419781,0.0001252854796,0.0001213503973,0.789717197,0.04057888528,0.1697039178,0,0
18.448,16.2506753,-0.8718776857,-0.1494585795,0.1253802516,-0.1702488314,0.8845951424,0.2114352669,0.0001253080006,0.000122825927,0.7825085816,0.04470488718,0.1727865312,0,0
18.472,16.22956139,-0.8660208457,-0.1578897836,0.1312524463,-0.1786724542,0.880296137,0.2217003621,0.000125423762,0.0001243915546,0.7749213046,0.04915106603,0.1759276294,0,0
18.496,16.20850227,-0.8597836011,-0.1665385704,0.1374897711,-0.1873168968,0.8757642012,0.2323597576,0.0001258427696,0.0001260320137,0.766962952,0.05399107284,0.1790459752,0,0
18.52,16.18749773,-0.8527723315,-0.1760986006,0.1445063277,-0.1969134407,0.870764817,0.2442477879,0.0001284707705,0.0001287221807,0.758231383,0.05965699846,0.1821116185,0,0
18.544,16.16654756,-0.8405910805,-0.1816514375,0.1558688752,-0.2029812835,0.8599945403,0.255922855,0.0002304475791,0.0002324185194,0.7395906625,0.06549656173,0.1949127758,0,0
18.54965834,16.16161616,-0.8402549854,-0.1821843213,0.1567665758,-0.2038668246,0.8597787898,0.2571720075,0.001199555312,0.00125549413,0.7392210063,0.06613901772,0.194639976,0,0
18.568,16.14565155,-0.8367544615,-0.1883046194,0.1609303186,-0.2096741756,0.8576809771,0.2643138804,0.0001571181518,0.0001785649379,0.7356166832,0.06986185925,0.1945214576,0,0
18.592,16.12480949,-0.8294223311,-0.1966562495,0.1683985691,-0.2178647929,0.8524172005,0.2753600299,0.0001380297458,0.0001587586532,0.7266151028,0.07582317127,0.197561726,0,0
18.616,16.10402116,-0.8211300883,-0.2046611613,0.1767831668,-0.2258644983,0.8462510342,0.2868223486,0.0001354605166,0.0001594512717,0.7161408312,0.0822670851,0.2015920837,0,0
18.64,16.08328637,-0.8121841249,-0.2124112679,0.1858227714,-0.2336767925,0.8395008037,0.2985547617,0.0001354722639,0.0001645303437,0.7047616177,0.08913497278,0.2061034095,0,0
18.664,16.06260491,-0.8026206093,-0.2199286886,0.1954747499,-0.2413057021,0.8322069878,0.3105460026,0.0001365662754,0.0001723886213,0.6925684892,0.09643884946,0.2109926613,0,0
18.688,16.04197656,-0.7924234047,-0.2272102331,0.2057413374,-0.2487422774,0.8243538939,0.3228036841,0.0001384703605,0.0001831459827,0.6795593615,0.104202252,0.2162383865,0,0
18.712,16.02140113,-0.7815615692,-0.2342477526,0.2166362694,-0.2559711995,0.8159108383,0.3353394223,0.0001412332293,0.0001976090606,0.665710516,0.1124525672,0.2218369167,0,0
18.736,16.00087842,-0.770003143,-0.2410362001,0.2281743872,-0.262973178,0.8068477489,0.3481643912,0.0001450849008,0.0002172142871,0.651003311,0.1212184905,0.2277781985,0,0
18.76,15.98040821,-0.7577253074,-0.247575199,0.2403669638,-0.2697247348,0.7971456081,0.3612861883,0.0001504445835,0.0002441190959,0.6354411661,0.1305278069,0.234031027,2.285899105e-08,3.744686443e-08
18.784,15.95999031,-0.7447229637,-0.2538643999,0.2532193897,-0.2761964722,0.7868032957,0.3747059521,0.0001579769316,0.0002807763721,0.6190594825,0.1404046751,0.2405358423,3.143182881e-08,4.570773562e-08
18.808,15.93962452,-0.7310128048,-0.2598933893,0.2667305775,-0.2823506846,0.7758378018,0.3884161558,0.0001686041249,0.0003263532428,0.6019243736,0.1508672842,0.2472083422,5.053954602e-08,6.760794014e-08
18.832,15.91931064,-0.7166296779,-0.2656302284,0.2808938358,-0.288139231,0.7642758098,0.4023997557,0.0001830849132,0.0003635896726,0.5841176565,0.1619258489,0.2539564946,1.09582501e-07,1.532819307e-07
18.856,15.89904847,-0.7016159792,-0.271014873,0.29569867,-0.2935024799,0.7521396437,0.4166310228,0.000199809386,0.0003531037434,0.5657144514,0.1735825003,0.2607030483,3.6779509e-07,9.664691239e-07
18.88,15.87883782,-0.6860096568,-0.2759612672,0.3111326541,-0.2983697106,0.7394348316,0.4310777339,0.0002097900497,0.0002948593781,0.5467641603,0.1858288492,0.2674069905,2.460920219e-07,7.496318422e-07
18.904,15.85867848,-0.6698371303,-0.2803662625,0.3271825358,-0.3026607694,0.7261453176,0.445703885,0.0002009859651,0.0002336497944,0.5272878076,0.1986522537,0.2740599388,7.44952942e-07,2.45984355e-07
18.92439891,15.84158416,-0.6556575333,-0.2836025992,0.3412978648,-0.3057899543,0.7143649175,0.4582485447,0.0001828270906,0.0001946729617,0.5103174936,0.2099919168,0.2796905896,2.249356464e-07,1.501534819e-07
18.928,15.83857027,-0.6531134569,-0.2841199603,0.3438341159,-0.3062883727,0.7122368563,0.460472004,0.0001794568657,0.0001890781298,0.5072815855,0.2120346433,0.2806837711,2.138506723e-07,1.411013285e-07
18.952,15.81851298,-0.635847636,-0.2871130985,0.3610709385,-0.3091604002,0.6976647817,0.475344481,0.0001598067935,0.000159846271,0.4867363003,0.2259525229,0.2873111768,1.271656412e-07,1.217532209e-07
18.976,15.79850643,-0.6180494835,-0.2892403412,0.3788721731,-0.3111817702,0.6823819598,0.4902838134,0.0001465963993,0.0001412336098,0.4656452379,0.2403784212,0.2939763409,7.738412213e-08,1.835363189e-07
19,15.77855042,-0.5997356123,-0.2904006396,0.3972101564,-0.3122558131,0.6663447578,0.5052520174,0.0001385669048,0.0001295582736,0.4440154122,0.2552807319,0.3007038559,5.680423033e-08,1.113953019e-06
19.024,15.75864476,-0.5809336964,-0.2904963672,0.4160479636,-0.312285295,0.6495168197,0.5202095862,0.0001338470094,0.0001223947934,0.4218721609,0.2706187045,0.3075091346,4.393548247e-08,6.760346084e-07
19.048,15.73878927,-0.5616852009,-0.2894324642,0.4353372278,-0.3111733388,0.6318713605,0.5351143323,0.0001311419616,0.0001181987986,0.3992614685,0.2863474907,0.3143910408,3.507783859e-08,1.280531939e-07
19.072,15.71898375,-0.5420470614,-0.2871161983,0.4550162956,-0.3088244725,0.6133928008,0.5499203434,0.0001296733901,0.0001159905248,0.376250775,0.3024124669,0.3213367582,3.003654065e-08,6.931985091e-08
19.096,15.69922801,-0.5220927211,-0.2834577263,0.4750087498,-0.3051459766,0.5940783551,0.5645771687,0.0001289804135,0.0001151450545,0.3529291377,0.3187474471,0.3283234151,2.906217991e-08,5.44393725e-08
19.12,15.67952186,-0.5019127553,-0.2783714319,0.4952223096,-0.300049628,0.5739399516,0.579029287,0.0001287767751,0.0001152583557,0.3294071187,0.3352749836,0.3353178976,3.415140803e-08,5.516275769e-08
19.144,15.65986513,-0.4816151622,-0.2717779428,0.515548137,-0.2934538828,0.553006704,0.5932158654,0.0001288594775,0.0001160593581,0.3058164859,0.3519051328,0.3422783814,5.46068279e-08,5.634564645e-08
19.168,15.64025762,-0.461325292,-0.2636067186,0.5358606042,-0.2852864912,0.5313280786,0.6070708106,0.000129038791,0.0001173444112,0.2823096607,0.3685350202,0.3491553191,1.169484659e-07,3.72825557e-08
19.192,15.62069915,-0.4411853279,-0.2537991024,0.5560175956,-0.27548751,0.5089778756,0.6205231138,0.0001290532584,0.0001189084447,0.2590585756,0.3850489821,0.3558924422,8.109296882e-08,3.319357937e-08
19.216,15.60118953,-0.4213532032,-0.2423117466,0.5758614423,-0.2640126622,0.4860591574,0.6334975032,0.0001283996049,0.0001204225663,0.2362535474,0.4013191743,0.3624272782,2.65077802e-08,7.326255978e-08
19.24,15.58172859,-0.4020008274,-0.2291203565,0.5952205884,-0.250837007,0.4627102798,0.6459154379,0.0001258632222,0.0001210979637,0.2141008308,0.4172067868,0.3686923825,1.190426422e-08,1.912569016e-08
19.264,15.56231613,-0.383311481,-0.2142238034,0.6139121011,-0.2359589857,0.4391122059,0.6576965188,0.0001178860266,0.0001184205898,0.1928195501,0.4325647335,0.3746157164,6.749760345e-09,8.661935991e-09
19.288,15.54295199,-0.3654762014,-0.1976490253,0.6317451585,-0.2194052584,0.4154972815,0.6687605048,9.219976227e-05,0.0001013549696,0.172638004,0.4472406285,0.3801213675,4.538110597e-09,5.440215215e-09
19.312,15.52363598,-0.3486888166,-0.1794584187,0.648525743,-0.201238026,0.3921596803,0.6790304724,0.0001117149092,0.0001114195296,0.1537892314,0.461082399,0.3851283696,4.043351993e-09,4.150597735e-09
19.336,15.50436791,-0.3331387391,-0.1597670184,0.6640629856,-0.1815720249,0.3694684285,0.6884388492,0.0002503137274,0.0002771602109,0.1365069879,0.4739481304,0.3895448817,5.601347359e-09,4.417608056e-09
19.36,15.48514762,-0.3190000902,-0.1388107687,0.6781760254,-0.1606414457,0.3478929247,0.6969421751,0.0002724064285,0.0002865276364,0.1210295718,0.4857284846,0.3932419436,1.050084456e-08,7.01700504e-09
19.384,15.46597493,-0.3065010929,-0.1175162557,0.690589116,-0.1393404064,0.3282575061,0.704506264,0.0002951225486,0.0003224082199,0.107753104,0.4963292,0.395917696,2.662362893e-08,2.006806553e-08
19.408,15.44684965,-0.3022275344,-0.08830589018,0.6949061368,-0.1103744767,0.314864118,0.7036171289,0.0002659096541,0.000273632839,0.09913955324,0.4950771903,0.4057832564,6.973175038e-08,5.133646431e-08
19.432,15.42777161,-0.288485941,-0.0650638558,0.7087361546,-0.08694980382,0.2957320467,0.7140498619,0.0001498120706,0.0001375886209,0.08745747612,0.5098672335,0.4026752904,1.021437513e-08,9.281709345e-09
19.456,15.40874065,-0.2814467873,-0.04002382246,0.7157649721,-0.06195578692,0.2842783855,0.7184413789,6.304366289e-05,5.791147598e-05,0.08081420864,0.5161580226,0.4030277688,4.225703841e-09,4.39770173e-09
19.48,15.38975657,-0.2768415234,-0.01411335607,0.7203589504,-0.03608375314,0.2772010388,0.7212621262,2.389453312e-05,2.540039972e-05,0.07684041915,0.5202190581,0.4029405228,2.668574965e-09,2.791824645e-09
19.504,15.37081922,-0.2745092527,0.01220056121,0.7226820864,-0.009806130596,0.2747802458,0.7227486134,2.634869718e-05,2.72661586e-05,0.07550418645,0.5223655611,0.4021302524,2.24981306e-09,2.258565524e-09
19.528,15.35192841,-0.2744225051,0.03861178003,0.7227616373,0.01656969934,0.2771255688,0.722951547,3.871287568e-05,3.769206956e-05,0.07679858459,0.5226589428,0.4005424726,2.230921463e-09,2.143654831e-09
19.552,15.33308398,-0.2765470386,0.06485251627,0.7206316108,0.04277572092,0.2840494912,0.721900049,4.818484767e-05,4.62848383e-05,0.08068411806,0.5211396851,0.3981761969,2.314904406e-09,2.172002518e-09
19.576,15.31428576,-0.2808219635,0.09067476073,0.716352708,0.06856398322,0.2950980979,0.7196264462,5.492026925e-05,5.268495841e-05,0.08708289284,0.5178622271,0.3950548801,2.421406116e-09,2.252932199e-09
19.6,15.29553357,-0.2871569511,0.1158491261,0.7100150718,0.09370524118,0.3096451753,0.7161718191,5.97001917e-05,5.740421699e-05,0.09588014066,0.5129020801,0.3912177792,2.531597675e-09,2.35641933e-09
19.624,15.27682725,-0.2954341228,0.1401674821,0.7017363775,0.1179915133,0.3269988439,0.7115869172,6.308129038e-05,6.086528587e-05,0.1069282506,0.5063559469,0.3867158026,2.642792092e-09,2.472664859e-09
19.648,15.25816663,-0.3055118885,0.1634460576,0.691657991,0.1412391486,0.3464853933,0.7059314936,6.542880903e-05,6.336031289e-05,0.1200521348,0.4983392803,0.3816085849,2.756379254e-09,2.599425387e-09
19.672,15.23955155,-0.3172297575,0.185527947,0.679940165,0.1632913173,0.3674987594,0.6992729669,6.698447787e-05,6.508820789e-05,0.1350553455,0.4889826892,0.3759619652,2.87426324e-09,2.737550219e-09
19.696,15.22098182,-0.3304135801,0.2062846472,0.6667568067,0.1840195408,0.3895208462,0.691684777,6.791225507e-05,6.618661318e-05,0.1517264972,0.478427838,0.3698456648,2.997620489e-09,2.888965474e-09
19.72,15.2024573,-0.344880836,0.2256165315,0.6522902016,0.2033241658,0.412123295,0.6832446293,6.8326379e-05,6.675321403e-05,0.1698456181,0.466823231,0.363331151,3.126342904e-09,3.055128966e-09
19.744,15.18397782,-0.3604456707,0.2434523123,0.6367259865,0.221133832,0.4349598946,0.6740327541,6.830857782e-05,6.685941715e-05,0.1891901178,0.4543201613,0.3564897209,3.258730351e-09,3.23508491e-09
19.768,15.1655432,-0.3769234594,0.2597476298,0.6202485953,0.2374040671,0.4577555302,0.6641302666,6.791885362e-05,6.655917543e-05,0.2095401334,0.4410690189,0.3493908477,3.391375002e-09,3.422897199e-09
19.792,15.14715329,-0.3941347448,0.2744829434,0.6030373259,0.2521151877,0.4802947879,0.6536176897,6.720241496e-05,6.589476753e-05,0.2306830914,0.4272160922,0.3421008164,3.519319885e-09,3.605335598e-09
19.816,15.12880793,-0.4119084664,0.2876609254,0.5852631151,0.2652697018,0.502411577,0.6425736756,6.619424428e-05,6.490063705e-05,0.2524174007,0.4129009365,0.3346816627,3.636600778e-09,3.762227592e-09
19.84,15.11050696,-0.4300844526,0.2993035479,0.5670860473,0.2768894055,0.5239802001,0.631073948,6.492217147e-05,6.360596249e-05,0.2745552581,0.3982543358,0.3271904061,3.737201636e-09,3.872004218e-09
19.864,15.0922502,-0.4485151972,0.3094490397,0.5486535767,0.2870123477,0.5449078733,0.6191904675,6.340897608e-05,6.203637219e-05,0.2969245982,0.3833968428,0.3196785591,3.816276056e-09,3.9210908e-09
19.888,15.07403751,-0.4670669782,0.3181488602,0.5300994069,0.2956898111,0.5651285335,0.6069908118,6.167383849e-05,6.021506638e-05,0.319370267,0.3684378531,0.3121918799,3.871283151e-09,3.910490824e-09
19.912,15.05586872,-0.4856203953,0.3254648063,0.5115429482,0.3029834254,0.5845977322,0.5945377565,5.973334168e-05,5.816351809e-05,0.3417545159,0.3534751512,0.3047703329,3.902599217e-09,3.854154008e-09
19.936,15.03774368,-0.5040704229,0.3314663386,0.4930892617,0.3089624976,0.603288426,0.5818890315,5.760215296e-05,5.590186977e-05,0.3639569322,0.3385948518,0.297448216,3.913322691e-09,3.771489202e-09
19.96,15.01966222,-0.5223260709,0.3362281809,0.4748293932,0.3137016142,0.6211875031,0.5690972285,5.529347143e-05,5.344910828e-05,0.385873921,0.323871662,0.290254417,3.908354292e-09,3.6803903e-09
19.984,15.0016242,-0.5403097478,0.3398282225,0.4568410056,0.317278546,0.6382929142,0.5562098346,5.281929851e-05,5.082307889e-05,0.407417851,0.3093693863,0.2832127627,3.893175821e-09,3.594024971e-09
20.008,14.98362945,-0.5579564108,0.3423457325,0.4391892244,0.3197724622,0.6546113021,0.5432693645,5.01905715e-05,4.804038308e-05,0.4285159633,0.2951416082,0.2763424285,3.872826588e-09,3.520637565e-09
20.032,14.96567782,-0.5752125765,0.3438598791,0.4219276233,0.3212624502,0.670156045,0.5303135688,4.741718794e-05,4.511619328e-05,0.4491091307,0.2812324867,0.2696583825,3.8513676e-09,3.464565715e-09
20.056,14.94776915,-0.5920352546,0.3444485343,0.4050992874,0.3218263191,0.6849456442,0.5173756975,4.450794056e-05,4.206400701e-05,0.4691505414,0.2676776176,0.2631718411,3.831833392e-09,3.427406122e-09
20.08,14.92990329,-0.6083908543,0.3441873395,0.3887379037,0.3215396642,0.6990024008,0.5044848,4.147037699e-05,3.889535325e-05,0.4886043618,0.2545049184,0.2568907198,3.816497334e-09,3.409042986e-09
20.104,14.91208008,-0.624254102,0.3431490018,0.3728688412,0.3204751614,0.7123513327,0.491666047,3.831059484e-05,3.561945404e-05,0.5074444265,0.2417355065,0.250820067,3.807258279e-09,3.408552281e-09
20.128,14.89429938,-0.6396069995,0.34140279,0.3575101913,0.3187020614,0.7250192955,0.478941062,3.503298279e-05,3.224283349e-05,0.5256529838,0.2293845453,0.2449624709,3.806023351e-09,3.424991706e-09
20.152,14.87656104,-0.6544378418,0.3390142003,0.3426737491,0.3162858534,0.7370342711,0.4663282528,3.163992587e-05,2.876885391e-05,0.5432195216,0.2174620437,0.2393184347,3.815038817e-09,3.45803622e-09
20.176,14.85886489,-0.6687403069,0.3360447624,0.3283659228,0.3132880688,0.7484247994,0.4538431373,2.813152065e-05,2.519714462e-05,0.560139685,0.2059735975,0.2338867175,3.837176227e-09,3.508435839e-09
20.2,14.84121079,-0.6825126249,0.3325519609,0.3145885651,0.3097662002,0.7592195268,0.4414986569,2.450543357e-05,2.152287143e-05,0.5764142943,0.1949210681,0.2286646376,3.876213938e-09,3.578336773e-09
20.224,14.8235986,-0.695756828,0.3285892489,0.3013397232,0.3057737128,0.7694468521,0.4293054766,2.075731311e-05,1.773577984e-05,0.5920484626,0.1843031962,0.2236483413,3.937174835e-09,3.671564939e-09
20.248,14.80602815,-0.7084780803,0.3242061354,0.2886143107,0.3013601288,0.7791346536,0.4172722704,1.68831441e-05,1.381896461e-05,0.6070508128,0.1741161516,0.2188330356,4.026799195e-09,3.794001547e-09
20.272,14.78849931,-0.7206840824,0.3194483307,0.276404705,0.2965711697,0.7883100803,0.4054059937,1.288902387e-05,9.747603781e-06,0.621432787,0.1643540237,0.2142131893,4.154254853e-09,3.954201702e-09
20.296,14.77101192,-0.732384544,0.3143579401,0.264701277,0.2914489453,0.7969993945,0.3937121458,8.836326671e-06,5.490909803e-06,0.6352080392,0.155009258,0.2097827028,4.332223764e-09,4.16445361e-09
20.32,14.75356585,-0.7435907146,0.3089736991,0.2534928649,0.2860321832,0.8052278544,0.3821950319,5.133924143e-06,1.145855606e-06,0.6483919021,0.1460730468,0.2055350511,4.578572717e-09,4.442592474e-09
20.344,14.73616093,-0.7543149565,0.3033312533,0.2427672066,0.2803565,0.8130196202,0.3708580371,4.356529492e-06,4.003030411e-06,0.6610009078,0.1375356885,0.2014634037,4.918966515e-09,4.815144375e-09
20.368,14.71879703,-0.7645703364,0.2974634959,0.2325113567,0.2744547235,0.8203976662,0.3597039425,8.272501259e-06,9.287325975e-06,0.6730523362,0.1293869316,0.1975607322,5.39116053e-09,5.322951133e-09
20.392,14.70147401,-0.7743701869,0.2914009973,0.2227121358,0.2683572975,0.8273836641,0.348735336,1.397301269e-05,1.522993313e-05,0.6845637338,0.1216163408,0.1938199254,6.052736224e-09,6.031760592e-09
20.416,14.68419171,-0.7837275357,0.2851726057,0.2133567152,0.2620928361,0.8339977609,0.3379552377,2.08608697e-05,2.209403871e-05,0.6955522727,0.1142137502,0.1902339771,6.996949646e-09,7.053651248e-09
20.44,14.66695,-0.7926541386,0.2788063913,0.2044335946,0.2556889784,0.840258048,0.3273682151,2.924096631e-05,3.03406947e-05,0.7060335966,0.1071699578,0.1867964457,8.390108921e-09,8.594953623e-09
20.464,14.64974873,-0.8011583496,0.2723313112,0.1959347062,0.2491738749,0.8461790852,0.3169826952,3.988976444e-05,4.078779812e-05,0.7160190563,0.1004780418,0.1835029019,1.057321474e-08,1.108061023e-08
20.488,14.63258776,-0.8092392092,0.2657803324,0.1878611186,0.2425789795,0.8517671529,0.3068164943,5.438364413e-05,5.502236546e-05,0.7255073001,0.09413637979,0.1803563201,1.438074378e-08,1.556655941e-08
20.512,14.61546695,-0.8168660003,0.2591949582,0.1802424627,0.2359433727,0.8570018021,0.2969118059,7.624918469e-05,7.656937132e-05,0.7344521168,0.08815665227,0.177391231,2.211102072e-08,2.594504713e-08
20.536,14.59838615,-0.8238919652,0.2526042063,0.1732211257,0.2292981897,0.8617463985,0.2873729601,0.0001151684767,0.0001151163219,0.7426069038,0.0825833222,0.174809774,3.520842076e-08,9.077226943e-08
20.56,14.58134523,-0.8298620054,0.2455220008,0.167321225,0.2221735563,0.8654201297,0.2781321295,0.0002103455448,0.0002100734064,0.7489520925,0.07735761551,0.173690292,4.744821968e-08,8.992367271e-08
20.584,14.56434405,-0.8367294769,0.2368234368,0.16025955,0.2131284338,0.8695985037,0.266658682,0.0008200939188,0.0008170498034,0.7562023405,0.07110763662,0.1726900229,1.102422256e-07,1.163916483e-07
20.608,14.54738247,-0.8441738319,0.2298172784,0.1526577486,0.2063523545,0.8748973882,0.2566820649,0.0003701410347,0.0003557783441,0.7654459379,0.06588601514,0.168668047,3.609668035e-07,2.061128246e-07
20.632,14.53046035,-0.8505853803,0.2230776322,0.1463034849,0.1996755677,0.8793515334,0.2475379608,0.0001576916656,0.000153838556,0.773259299,0.06127521704,0.165465484,1.548727884e-07,1.513472619e-07
20.656,14.51357756,-0.8564837123,0.2162224282,0.1404470631,0.1928153573,0.8833552444,0.2385437896,9.777110423e-05,9.594499053e-05,0.7803165364,0.05690323507,0.1627802285,3.89887081e-08,8.630196577e-08
20.68,14.49673395,-0.8620298793,0.2092913073,0.1349275665,0.1858612379,0.8870729193,0.2296733505,6.912540371e-05,6.826891091e-05,0.7868983883,0.0527498984,0.1603517133,1.936100921e-08,4.580910302e-08
20.704,14.47992939,-0.8672757611,0.2023192921,0.129699933,0.1788603654,0.8905618124,0.2209368754,5.21274554e-05,5.194245176e-05,0.7931003564,0.04881313228,0.1580865113,1.190998824e-08,2.666550352e-08
20.728,14.46316374,-0.872246009,0.1953275713,0.1247431887,0.1718375809,0.8938489583,0.2123417466,4.08379732e-05,4.121293648e-05,0.7989659702,0.04508903618,0.1559449936,8.184265984e-09,1.714103834e-08
20.752,14.44643687,-0.8769566434,0.1883298551,0.12004322,0.1648079273,0.8969509958,0.203892196,3.288685069e-05,3.37715462e-05,0.8045210959,0.04157204064,0.1539068634,6.058763926e-09,1.192167648e-08
20.776,14.42974865,-0.8814202364,0.1813358287,0.1155884958,0.1577816528,0.8998801676,0.1955907726,2.718252148e-05,2.853977986e-05,0.8097843215,0.03825575998,0.1519599185,4.76108284e-09,8.835443743e-09
20.8,14.41309894,-0.885647655,0.1743528188,0.1113687487,0.1507663506,0.9026464836,0.1874392986,2.318553263e-05,2.496014522e-05,0.8147706788,0.03513349819,0.150095823,3.94472543e-09,6.910676298e-09
20.824,14.39648761,-0.8896487434,0.167386638,0.1073744953,0.1437679716,0.9052586222,0.179439438,2.060840731e-05,2.270574552e-05,0.819493177,0.03219851808,0.1483083049,3.428933659e-09,5.667135164e-09
20.848,14.37991452,-0.8934326259,0.1604420461,0.1035968355,0.1367913533,0.9077243564,0.1715930612,1.925188981e-05,2.153775325e-05,0.8239635106,0.02944418396,0.1465923054,3.107015772e-09,4.847077707e-09
20.872,14.36337955,-0.8970078585,0.1535230229,0.1000273552,0.1298405218,0.910050777,0.1639025103,1.891058464e-05,2.123912075e-05,0.82819242,0.02686403764,0.1449435423,2.909654467e-09,4.302907441e-09
20.896,14.34688256,-0.9003825132,0.1466329409,0.09665807287,0.122918879,0.9122444241,0.1563708217,1.935071968e-05,2.16013482e-05,0.8321898926,0.02445183828,0.1433582692,2.789484441e-09,3.94552116e-09
20.92,14.33042342,-0.9035642308,0.1397746828,0.09348140455,0.1160293264,0.9143113699,0.1490019382,2.034207615e-05,2.243820826e-05,0.8359652843,0.02220158181,0.1418331339,2.714446207e-09,3.718604887e-09
20.944,14.31400201,-0.9065602584,0.1329507254,0.09049013794,0.1091743534,0.9162572769,0.1418009326,2.169426999e-05,2.359958054e-05,0.8395274006,0.02010750864,0.1403650908,2.664306153e-09,3.585050291e-09
20.968,14.29761818,-0.909377477,0.126163203,0.08767741123,0.1023561024,0.9180874411,0.1347742562,2.326894683e-05,2.497423078e-05,0.8428845527,0.01816410429,0.1389513431,2.627857431e-09,3.519450312e-09
20.992,14.28127182,-0.9120224256,0.1194139575,0.08503669443,0.0955764202,0.9198068265,0.1279300258,2.497314834e-05,2.648424418e-05,0.8460446013,0.0163660957,0.137589303,2.600166677e-09,3.503813496e-09
21.016,14.26496279,-0.9145013211,0.1127045779,0.08256177213,0.08883689821,0.9214200932,0.1212783604,2.674699577e-05,2.807683033e-05,0.8490149915,0.01470844501,0.1362765635,2.580105798e-09,3.525052673e-09
21.04,14.24869097,-0.9168200768,0.106036434,0.08024672737,0.08213890659,0.9229316218,0.114831778,2.85527474e-05,2.971687893e-05,0.8518027819,0.01318634169,0.1350108765,2.568497665e-09,3.573480783e-09
21.064,14.23245623,-0.9189843191,0.09941070393,0.07808592634,0.07548362229,0.9243455343,0.1086056588,3.03669358e-05,3.138129825e-05,0.8544146703,0.01179519375,0.1337901359,2.566959077e-09,3.641889806e-09
21.088,14.21625844,-0.9209994038,0.09282839858,0.07607400371,0.06887205328,0.9256657136,0.1026187788,3.217518479e-05,3.305504853e-05,0.8568570169,0.01053061858,0.1326123645,2.577312398e-09,3.724971165e-09
21.112,14.20009748,-0.9228704301,0.08629038175,0.07420584863,0.06230505923,0.9268958198,0.09689390268,3.396890894e-05,3.472846729e-05,0.8591358645,0.009388433401,0.1314757021,2.601369712e-09,3.818937188e-09
21.136,14.18397322,-0.9246022556,0.07979738832,0.0724765913,0.05578336963,0.9280393064,0.0914584092,3.574323337e-05,3.639549442e-05,0.8612569581,0.00836464586,0.130378396,2.640924152e-09,3.921261489e-09
21.16,14.16788554,-0.9261995088,0.07335003987,0.07088159015,0.04930759956,0.9290994341,0.08634488518,3.749568072e-05,3.805249907e-05,0.8632257625,0.007455444675,0.1293187928,2.697844189e-09,4.030490689e-09
21.184,14.15183431,-0.9276666022,0.06694885847,0.06941641951,0.04287826354,0.930079284,0.08159157298,3.922533706e-05,3.969750281e-05,0.8650474789,0.006657190504,0.1282953306,2.774221438e-09,4.146100767e-09
21.208,14.13581941,-0.9290077444,0.0605942788,0.06807685795,0.03649578774,0.9309817698,0.07724248256,4.093231786e-05,4.132966303e-05,0.8667270603,0.005966407088,0.1273065326,2.87256306e-09,4.268384007e-09
21.232,14.11984071,-0.930226951,0.05428665882,0.06685887707,0.03016052075,0.9318096488,0.07334689124,4.261742389e-05,4.294892788e-05,0.8682692265,0.005379772698,0.1263510008,2.996051871e-09,4.398360057e-09
21.256,14.1038981,-0.9313280559,0.04802628926,0.06575863086,0.02387274306,0.9325655324,0.069957883,4.428191904e-05,4.455580551e-05,0.8696784773,0.004894111917,0.1254274108,3.148932258e-09,4.537708892e-09
21.28,14.08799145,-0.9323147214,0.04181340192,0.0647724456,0.01763267552,0.9332518954,0.06712958331,4.592738756e-05,4.615121025e-05,0.8709591058,0.004506387774,0.1245345065,3.337133491e-09,4.688725169e-09
21.304,14.07212063,-0.9331904478,0.03564817707,0.06389681022,0.01144048675,0.9338710856,0.06491291931,4.755564424e-05,4.773636175e-05,0.8721152103,0.004213694227,0.1236710955,3.56934002e-09,4.854292398e-09
21.328,14.05628554,-0.9339585829,0.02953074991,0.06312836722,0.005296299653,0.9344253313,0.06335015026,4.91686807e-05,4.931272114e-05,0.873150706,0.004013249008,0.122836045,3.858911709e-09,5.037869457e-09
21.352,14.04048604,-0.9346223302,0.02346121632,0.06246390401,-0.0007998027121,0.9349167497,0.06246902423,5.076863724e-05,5.088195427e-05,0.8740693356,0.003902386821,0.1220282776,4.22745971e-09,5.24346656e-09
21.376,14.02472202,-0.9351847577,0.01743963787,0.06190034472,-0.006847772109,0.9353473537,0.06227796287,5.235779382e-05,5.244591532e-05,0.8748746795,0.003878552886,0.1212467676,4.711772252e-09,5.475553068e-09
21.4,14.00899336,-0.9356488053,0.01146604625,0.06143474253,-0.01284759063,0.9357190588,0.06276374889,5.39385763e-05,5.400664719e-05,0.8755701653,0.00393929683,0.1204905379,5.377879595e-09,5.738768521e-09
21.424,13.99329994,-0.936017292,0.005540447052,0.06106427231,-0.01879926679,0.9360336893,0.06389254874,5.551357627e-05,5.556639662e-05,0.8761590769,0.004082266909,0.1197586562,6.351343543e-09,6.037176433e-09
21.448,13.97764164,-0.9362929232,-0.0003371768473,0.06078622379,-0.02470283217,0.9362929839,0.06561398418,5.708558417e-05,5.712764375e-05,0.8766445628,0.004305204556,0.1190502326,7.887065227e-09,6.372590385e-09
21.472,13.96201835,-0.9364782967,-0.006166862476,0.06059799508,-0.03055833844,0.9364986014,0.06786699534,5.865763692e-05,5.869314734e-05,0.8770296443,0.004605939242,0.1183644164,1.054021571e-08,6.741269302e-09
21.496,13.94642994,-0.936575909,-0.01194866435,0.0604970866,-0.03636585493,0.9366521253,0.07058592559,6.023308272e-05,6.026600821e-05,0.8773172231,0.004982383652,0.1177003933,1.557555752e-08,7.128341626e-09
21.52,13.9308763,-0.9365881608,-0.01768265246,0.06048109536,-0.04212546653,0.9367550689,0.07370561598,6.181566764e-05,6.184975544e-05,0.8775100884,0.005432529152,0.1170573825,2.543752259e-08,7.500580551e-09
21.544,13.91535732,-0.9365173622,-0.02336891072,0.06054770968,-0.04783727204,0.9368088789,0.07716495152,6.340965072e-05,6.344846259e-05,0.8776109185,0.005954441571,0.11643464,3.877949645e-08,7.801946929e-09
21.568,13.89987287,-0.9363657376,-0.02900753575,0.06069470424,-0.05350138283,0.9368149399,0.08090886903,6.50199581e-05,6.506690429e-05,0.8776222724,0.006546257283,0.1158314703,3.647040984e-08,7.961661746e-09
21.592,13.88442284,-0.9361354299,-0.03459863611,0.06091993554,-0.05911792202,0.9367745773,0.08488914683,6.66523916e-05,6.671076929e-05,0.8775466362,0.007206179623,0.1152471842,2.296189354e-08,7.922579907e-09
21.616,13.86900712,-0.9358285045,-0.04014233206,0.06122133773,-0.06468702405,0.9366890608,0.08906437713,6.831391503e-05,6.8386954e-05,0.8773864158,0.007932475628,0.1146811086,1.439564505e-08,7.67735848e-09
21.64,13.8536256,-0.9354469525,-0.04563875579,0.06159691894,-0.07020883476,0.9365596068,0.09339946949,7.001305435e-05,7.010397372e-05,0.877143912,0.008723473095,0.1141326149,1.006586668e-08,7.279073305e-09
21.664,13.83827816,-0.9349926935,-0.05108805247,0.06204475805,-0.07568351224,0.9363873803,0.09786493767,7.176046807e-05,7.187254983e-05,0.8768213389,0.009577558004,0.1136011031,7.766933694e-09,6.812310793e-09
21.688,13.82296468,-0.9344675769,-0.05649038232,0.06256300214,-0.08111122852,0.9361734966,0.1024361295,7.356977915e-05,7.370646748e-05,0.8764208275,0.01049317241,0.1130860001,6.440793961e-09,6.352866329e-09
21.712,13.80768506,-0.9338733833,-0.06184592405,0.06314986477,-0.0864921727,0.9359190213,0.1070924897,7.545882024e-05,7.562386097e-05,0.8759444257,0.01146881303,0.1125867613,5.618625779e-09,5.947469142e-09
21.736,13.79243918,-0.9332118221,-0.06715488083,0.06380362542,-0.09182655619,0.9356249692,0.1118168996,7.745155389e-05,7.764919802e-05,0.8753940941,0.01250303068,0.1121028753,5.079893338e-09,5.615777814e-09
21.76,13.77722693,-0.932484528,-0.07241748994,0.06452263089,-0.09711462147,0.9352923007,0.1165951097,7.958113754e-05,7.981645073e-05,0.8747716989,0.01359443133,0.1116338698,4.713012021e-09,5.361088943e-09
21.784,13.7620482,-0.9316930509,-0.0776340394,0.06530529987,-0.1023566571,0.934921914,0.1214152686,8.189501746e-05,8.217437199e-05,0.8740789964,0.01474167938,0.1111793242,4.4581251e-09,5.180063742e-09
21.808,13.74690288,-0.9308388371,-0.08280489715,0.06615013344,-0.1075530244,0.9345146289,0.1262675461,8.446381225e-05,8.479571069e-05,0.873317603,0.01594350546,0.1107388915,4.282260123e-09,5.069069505e-09
21.832,13.73179086,-0.9299231906,-0.08793056541,0.06705573724,-0.1127042067,0.9340711561,0.1311438527,8.73977371e-05,8.779427843e-05,0.8724889365,0.01719872284,0.1103123406,4.168196022e-09,5.028293695e-09
21.856,13.71671202,-0.9289471933,-0.09301178973,0.06802086926,-0.1178109097,0.9335920314,0.1360376753,9.087925223e-05,9.13589495e-05,0.8715940934,0.01850626251,0.1098996441,4.110090476e-09,5.065854752e-09
21.88,13.70166627,-0.9279115236,-0.09804979869,0.06904454991,-0.1228742813,0.9330774666,0.1409440984,9.523425993e-05,9.582801946e-05,0.8706335718,0.01986525326,0.1095011749,4.1140844e-09,5.20541944e-09
21.904,13.68665349,-0.9268159913,-0.1030469032,0.07012634798,-0.1278964652,0.932526968,0.145860243,0.0001011076817,0.0001018733211,0.8696065604,0.02127522637,0.1091182132,4.206821957e-09,5.506315529e-09
21.928,13.67167357,-0.9256581034,-0.1080082934,0.07126727563,-0.132882273,0.9319381502,0.1507870122,0.000109977868,0.0001110429852,0.8685087324,0.02273674152,0.1087545261,4.468824655e-09,6.131090444e-09
21.952,13.6567264,-0.924427074,-0.1129492144,0.0724736056,-0.1378459463,0.931301745,0.1557367279,0.0001261147,0.0001278500607,0.8673229613,0.02425395243,0.1084230863,5.194064348e-09,7.663238443e-09
21.976,13.64181189,-0.9230578007,-0.1179447983,0.07378756818,-0.1428595443,0.9305625604,0.1607900949,0.0001682451127,0.000172549563,0.8659467155,0.02585349846,0.1081997861,8.341464297e-09,1.40712796e-08
22,13.62692991,-0.9204119291,-0.1174575632,0.07603060789,-0.1440120659,0.927876284,0.1628500183,0.0002756961785,0.0002897232459,0.8609554613,0.02652113519,0.1125234035,9.870158102e-07,9.227720902e-07
22.024,13.61208037,-0.9208382572,-0.1268991206,0.0761600049,-0.151930901,0.9295410065,0.1699510077,1.440098493e-05,1.638222761e-05,0.8640464867,0.02888334989,0.1070701634,3.695768375e-09,4.600595848e-09
22.048,13.59726315,-0.919359205,-0.1317576642,0.07758790785,-0.1567954722,0.9287526204,0.1749420005,3.930737421e-05,3.906774231e-05,0.862581434,0.03060470791,0.1068138581,2.601089576e-09,2.832413868e-09
22.072,13.58247816,-0.9178880965,-0.1364727205,0.07903443116,-0.1615320047,0.9279781039,0.1798305588,5.573026387e-05,5.548574504e-05,0.8611433669,0.03233903586,0.1065175972,2.566062519e-09,2.918751244e-09
22.096,13.56772529,-0.9163863954,-0.1411182979,0.08051841195,-0.1662026699,0.9271884381,0.1846795661,6.475562082e-05,6.457703594e-05,0.8596784065,0.03410654942,0.1062150441,2.60228936e-09,3.105607045e-09
22.12,13.55300443,-0.9148463977,-0.1457095164,0.08204345051,-0.1708204965,0.9263774579,0.1895013715,7.072446956e-05,7.060414922e-05,0.8581752022,0.03591077805,0.1059140198,2.638575938e-09,3.280624947e-09
22.144,13.53831548,-0.9132661483,-0.1502515686,0.08361012774,-0.175390025,0.9255434034,0.194299548,7.515203022e-05,7.507741521e-05,0.8566305999,0.03775232342,0.1056170767,2.66817807e-09,3.437484692e-09
22.168,13.52365834,-0.9116453975,-0.1547468039,0.08521811402,-0.1799133383,0.9246858407,0.1990752025,7.869776702e-05,7.865800821e-05,0.855043913,0.03963094603,0.105325141,2.692178337e-09,3.580749104e-09
22.192,13.50903289,-0.909984537,-0.1591965066,0.08686673898,-0.1843915928,0.9238048416,0.2038285795,8.169392798e-05,8.168009894e-05,0.8534153947,0.04154610021,0.1050385051,2.712330498e-09,3.714917965e-09
22.216,13.49443905,-0.9082842361,-0.1636014907,0.08855518996,-0.1888255337,0.9229006996,0.208559593,8.432598182e-05,8.433057402e-05,0.8517457111,0.04349711479,0.1047571741,2.730035668e-09,3.843269884e-09
22.24,13.47987671,-0.9065452922,-0.1679623379,0.09028259348,-0.1932157025,0.9219738141,0.2132680341,8.67056281e-05,8.672209294e-05,0.8500357241,0.04548326586,0.10448101,2.746295726e-09,3.968065515e-09
22.264,13.46534576,-0.9047685635,-0.1722795058,0.09204805283,-0.1975625315,0.9210246368,0.21795366,8.890419928e-05,8.892661482e-05,0.8482863923,0.0475038099,0.1042097978,2.76181071e-09,4.090859423e-09
22.288,13.45084611,-0.902954934,-0.1765533821,0.093850667,-0.2018663915,0.9200536449,0.2226162342,9.096942834e-05,9.099226648e-05,0.8464987206,0.04955800022,0.1039432792,2.777072248e-09,4.212739795e-09
22.312,13.43637764,-0.901105295,-0.1807843142,0.09568954089,-0.2061276171,0.9190613259,0.2272555451,9.29345009e-05,9.295246462e-05,0.8446737323,0.05164509574,0.103681172,2.792432633e-09,4.334493074e-09
22.336,13.42194028,-0.8992205348,-0.1849726254,0.09756379098,-0.2103465216,0.9180481699,0.2318714136,9.482323679e-05,9.483114452e-05,0.8428124541,0.05376436589,0.10342318,2.808152816e-09,4.456714197e-09
22.36,13.4075339,-0.8973015324,-0.1891186252,0.09947254878,-0.2145234056,0.9170146642,0.236463696,9.66532025e-05,9.664590455e-05,0.8409159066,0.05591509344,0.103169,2.824435327e-09,4.579880248e-09
22.384,13.39315842,-0.8953491533,-0.1932226154,0.1014149629,-0.2186585629,0.9159612904,0.2410322837,9.843765782e-05,9.840997464e-05,0.838985098,0.05809657619,0.1029183258,2.841446936e-09,4.704399771e-09
22.408,13.37881373,-0.8933642473,-0.1972848942,0.1033902001,-0.2227522833,0.9148885221,0.2455771023,0.0001001868158,0.0001001334915,0.8370210207,0.06030812802,0.1026708513,2.859334437e-09,4.830645763e-09
22.432,13.36449973,-0.8913476466,-0.2013057586,0.1053974464,-0.2268048553,0.913796824,0.250098109,0.0001019086828,0.0001018243494,0.8350246487,0.06254907944,0.1024262718,2.878235809e-09,4.958977526e-09
22.456,13.35021633,-0.8893001649,-0.2052855061,0.1074359073,-0.2308165678,0.9126866507,0.2545952909,0.0001036096324,0.0001034887821,0.8329969359,0.06481877797,0.1021842861,2.898288266e-09,5.089754779e-09
22.48,13.33596343,-0.8872225967,-0.209224436,0.1095048083,-0.2347877105,0.9115584461,0.2590686628,0.0001052948073,0.0001051317707,0.8309388147,0.06711658834,0.101944597,2.919634224e-09,5.223346222e-09
22.504,13.32174093,-0.8851157164,-0.2131228501,0.1116033949,-0.238718575,0.9104126431,0.2635182646,0.0001069684054,0.0001067573338,0.8288511951,0.06944189254,0.1017069123,2.94242587e-09,5.36013395e-09
22.528,13.30754874,-0.8829802785,-0.2169810532,0.1137309327,-0.2426094548,0.909249663,0.2679441595,0.0001086338872,0.0001083687387,0.8267349645,0.07179408984,0.1014709457,2.966828819e-09,5.500514544e-09
22.552,13.29338675,-0.8808170167,-0.220799353,0.1158867078,-0.2464606458,0.9080699154,0.272346432,0.0001102941283,0.000109968657,0.8245909864,0.07417259674,0.1012364169,2.993025192e-09,5.644897172e-09
22.576,13.27925487,-0.8786266442,-0.2245780607,0.1180700262,-0.2502724466,0.9068737979,0.2767251861,0.0001119515333,0.0001115592804,0.8224201008,0.07657684685,0.1010030523,3.021216353e-09,5.793698682e-09
22.6,13.26515301,-0.8764098533,-0.2283174905,0.1202802143,-0.2540451576,0.9056616959,0.2810805438,0.0001136081211,0.0001131424086,0.8202231235,0.07900629083,0.1007705857,3.051625453e-09,5.947335257e-09
22.624,13.25108106,-0.8741673155,-0.23201796,0.1225166186,-0.2577790819,0.9044339828,0.2854126432,0.0001152655895,0.0001147195156,0.8180008457,0.08146039619,0.1005387581,3.084499891e-09,6.106209968e-09
22.648,13.23703894,-0.8718996812,-0.2356797895,0.1247786056,-0.2614745245,0.9031910193,0.2897216378,0.000116925365,0.0001162918019,0.8157540341,0.08393864719,0.1003073187,3.120113709e-09,6.270695204e-09
22.672,13.22302655,-0.8696075799,-0.2393033023,0.1270655618,-0.2651317922,0.9019331535,0.2940076942,0.0001185886402,0.000117860233,0.8134834307,0.0864405446,0.1000760247,3.158769917e-09,6.441108852e-09
22.696,13.2090438,-0.8672916199,-0.2428888237,0.1293768938,-0.2687511935,0.9006607212,0.298270992,0.0001202564027,0.0001194255712,0.8111897524,0.08896560556,0.09984464208,3.200802641e-09,6.617683009e-09
22.72,13.19509058,-0.8649523888,-0.2464366816,0.1317120277,-0.2723330381,0.8993740451,0.3025117219,0.0001219294567,0.0001209883985,0.808873691,0.09151336334,0.09961294561,3.246578937e-09,6.800524225e-09
22.744,13.18116681,-0.862590453,-0.2499472051,0.1340704094,-0.2758776368,0.8980734352,0.3067300852,0.0001236084393,0.0001225491357,0.8065359135,0.09408336716,0.09938071933,3.296499961e-09,6.989564813e-09
22.768,13.1672724,-0.860206358,-0.2534207251,0.1364515043,-0.2793853007,0.8967591886,0.3109262924,0.0001252938324,0.0001241080561,0.8041770613,0.09667518188,0.09914775679,3.35100111e-09,7.184505818e-09
22.792,13.15340725,-0.8578006286,-0.2568575731,0.1388547971,-0.2828563416,0.8954315894,0.3151005628,0.0001269859706,0.0001256652967,0.8017977508,0.09928838785,0.09891386136,3.41055052e-09,7.384753845e-09
22.816,13.13957127,-0.8553737687,-0.2602580812,0.1412797918,-0.2862910708,0.8940909086,0.3192531234,0.0001286850465,0.0001272208659,0.799398573,0.1019225806,0.09867884649,3.475645161e-09,7.589356319e-09
22.84,13.12576436,-0.8529262616,-0.2636225813,0.1437260112,-0.2896897991,0.8927374043,0.323384208,0.000130391113,0.000128774649,0.7969800936,0.1045773704,0.09844253598,3.546803517e-09,7.796942588e-09
22.864,13.11198644,-0.8504585702,-0.2669514051,0.1461929971,-0.2930528365,0.8913713212,0.327494057,0.0001321040841,0.0001303264128,0.7945428534,0.1072523823,0.09820476429,3.624553646e-09,8.005681336e-09
22.888,13.09823742,-0.847971137,-0.270244883,0.1486803097,-0.2963804913,0.8899928909,0.3315829159,0.0001338237326,0.0001318758069,0.7920873675,0.1099472557,0.09796537673,3.70941526e-09,8.213267227e-09
22.912,13.0845172,-0.8454643843,-0.2735033441,0.1511875276,-0.2996730704,0.8886023319,0.3356510355,0.0001355496875,0.0001334223654,0.7896141265,0.1126616438,0.09772422972,3.801874482e-09,8.416950438e-09
22.936,13.07082569,-0.8429387145,-0.2767271152,0.1537142476,-0.3029308779,0.8871998493,0.3396986704,0.0001372814288,0.0001349655062,0.7871235954,0.1153952135,0.09748119105,3.902350231e-09,8.613620513e-09
22.96,13.0571628,-0.8403945102,-0.279916521,0.1562600841,-0.3061542156,0.8857856352,0.3437260794,0.0001390182809,0.0001365045301,0.7846162149,0.1181476451,0.09723614003,4.011151987e-09,8.799949761e-09
22.984,13.04352845,-0.8378321348,-0.2830718825,0.1588246692,-0.309343382,0.8843598683,0.3477335237,0.0001407594055,0.0001380386183,0.7820924007,0.1209186316,0.09698896776,4.128430157e-09,8.972591322e-09
23.008,13.02992255,-0.835251932,-0.2861935176,0.1614076521,-0.3124986719,0.8829227143,0.3517212677,0.0001425037921,0.0001395668299,0.779552544,0.1237078787,0.09673957723,4.25412255e-09,9.128414584e-09
23.032,13.016345,-0.8326542271,-0.2892817396,0.164008699,-0.3156203762,0.8814743257,0.3556895771,0.0001442502483,0.0001410880982,0.776997012,0.1265151044,0.09648788358,4.38790349e-09,9.264749022e-09
23.056,13.00279571,-0.8300393266,-0.2923368572,0.1666274926,-0.3187087812,0.8800148418,0.3596387194,0.0001459973881,0.0001426012266,0.7744261476,0.1293400382,0.09623381415,4.529145361e-09,9.379600837e-09
23.08,12.98927461,-0.8274075187,-0.295359174,0.1692637318,-0.3217641682,0.8785443892,0.363568963,0.00014774362,0.0001441048837,0.7718402702,0.1321824211,0.0959773087,4.676904733e-09,9.471808092e-09
23.104,12.9757816,-0.824759074,-0.2983489875,0.1719171313,-0.3247868134,0.8770630812,0.3674805766,0.0001494871335,0.0001455975986,0.7692396756,0.1350420049,0.09571831945,4.829944861e-09,9.541110159e-09
23.128,12.96231659,-0.8220942454,-0.3013065891,0.1745874212,-0.3277769869,0.8755710188,0.3713738289,0.000151225885,0.0001470777546,0.7666246368,0.137918552,0.09545681121,4.986800969e-09,9.588123642e-09
23.152,12.94887949,-0.819413269,-0.3042322631,0.1772743467,-0.3307349528,0.8740682899,0.375248988,0.0001529575823,0.0001485435841,0.7639954039,0.1408118347,0.09519276145,5.145882456e-09,9.614234698e-09
23.176,12.93547023,-0.8167163643,-0.3071262866,0.1799776675,-0.3336609685,0.87255497,0.3791063211,0.0001546796695,0.0001499931617,0.7613522048,0.1437216349,0.09492616031,5.305586427e-09,9.621431586e-09
23.2,12.92208871,-0.8140037346,-0.3099889288,0.1826971576,-0.3365552845,0.8710311223,0.382946094,0.0001563893102,0.0001514243981,0.7586952459,0.1466477435,0.09465701065,5.464372181e-09,9.612108048e-09
23.224,12.90873484,-0.8112755679,-0.3128204505,0.1854326044,-0.3394181439,0.8694967977,0.3867685706,0.0001580833709,0.0001528350333,0.7560247118,0.1495899601,0.09438532805,5.620723366e-09,9.588867173e-09
23.248,12.89540855,-0.8085320368,-0.3156211035,0.1881838087,-0.3422497819,0.8679520353,0.3905740123,0.0001597584044,0.0001542226301,0.7533407668,0.1525480924,0.09411114076,5.77291803e-09,9.554348692e-09
23.272,12.88210975,-0.8057732998,-0.3183911306,0.1909505838,-0.3450504259,0.8663968622,0.3943626781,0.0001614106323,0.0001555845672,0.7506435547,0.1555219556,0.09383448969,5.918564968e-09,9.511093415e-09
23.296,12.86883834,-0.8029995013,-0.3211307646,0.1937327556,-0.3478202945,0.864831294,0.3981348237,0.0001630359289,0.0001569180323,0.7479331998,0.158511372,0.09355542827,6.053991044e-09,9.461449481e-09
23.32,12.85559425,-0.8002107725,-0.3238402283,0.1965301611,-0.3505595981,0.8632553352,0.4018907016,0.0001646298053,0.0001582200163,0.7452098071,0.1615161705,0.0932740224,6.173804958e-09,9.407518258e-09
23.344,12.8423774,-0.7974072316,-0.3265197339,0.199342649,-0.3532685376,0.8616689792,0.4056305602,0.0001661873943,0.0001594873064,0.7424734636,0.1645361861,0.09299035028,6.271216972e-09,9.351133605e-09
23.368,12.82918769,-0.7945889853,-0.3291694828,0.2021700782,-0.3559473047,0.8600722085,0.4093546436,0.0001677034373,0.0001607164807,0.7397242384,0.1675712594,0.09270450224,6.339609654e-09,9.293866622e-09
23.392,12.81602505,-0.7917561284,-0.3317896648,0.2050123179,-0.3585960818,0.8584649956,0.4130631917,0.0001691722729,0.0001619039024,0.7369621836,0.1706212358,0.09241658059,6.375055302e-09,9.237048228e-09
23.416,12.80288939,-0.7889087455,-0.3343804585,0.2078692465,-0.3612150413,0.8568473025,0.4167564393,0.0001705878279,0.0001630457157,0.7341873352,0.1736859654,0.09212669933,6.378350947e-09,9.18180312e-09
23.44,12.78978063,-0.7860469107,-0.3369420305,0.2107407515,-0.3638043456,0.8552190818,0.4204346159,0.0001719436117,0.0001641378414,0.7313997138,0.1767653023,0.09183498396,6.355040932e-09,9.129090355e-09
23.464,12.77669869,-0.7831706893,-0.3394745353,0.2136267288,-0.366364147,0.8535802767,0.4240979456,0.0001732327145,0.0001651759738,0.728599325,0.1798591038,0.09154157115,6.313377506e-09,9.079747403e-09
23.488,12.76364348,-0.7802801377,-0.341978115,0.2165270818,-0.3688945874,0.8519308214,0.4277466467,0.0001744478101,0.0001661555791,0.7257861611,0.1829672304,0.09124660847,6.261687821e-09,9.034535957e-09
23.512,12.75061492,-0.7773753046,-0.3444528993,0.219441721,-0.3713957984,0.8502706417,0.4313809314,0.000175581163,0.0001670718943,0.7229602011,0.1860895449,0.09095025399,6.206596223e-09,8.994188863e-09
23.536,12.73761293,-0.7744562318,-0.346899005,0.2223705637,-0.3738679009,0.8485996551,0.4350010057,0.000176624643,0.0001679199279,0.7201214119,0.1892259121,0.09065267599,6.15248513e-09,8.959458337e-09
23.56,12.72463744,-0.7715229545,-0.3493165363,0.225313533,-0.3763110051,0.8469177716,0.4386070687,0.0001775697449,0.000168694462,0.7172697494,0.1923761981,0.09035405247,6.101779572e-09,8.931166183e-09
23.584,12.71168835,-0.7685755025,-0.3517055845,0.2282705571,-0.3787252107,0.8452248939,0.4421993131,0.0001784076159,0.0001693900559,0.7144051592,0.1955402701,0.09005457076,6.055518797e-09,8.910257086e-09
23.608,12.69876559,-0.765613901,-0.354066228,0.2312415693,-0.3811106065,0.8435209181,0.4457779243,0.0001791290914,0.0001700010517,0.7115275774,0.1987179956,0.08975442707,6.013892151e-09,8.897856368e-09
23.632,12.68586908,-0.7626381711,-0.3563985321,0.2342265067,-0.3834672708,0.8418057339,0.4493430807,0.0001797247381,0.0001705215817,0.708636932,0.2019092421,0.08945382591,5.97662971e-09,8.895333784e-09
23.656,12.67299873,-0.7596483305,-0.3587025495,0.23722531,-0.3857952709,0.8400792255,0.4528949533,0.0001801849056,0.0001709455778,0.7057331435,0.2051138769,0.08915297967,5.943250423e-09,8.90437526e-09
23.68,12.66015448,-0.7566443948,-0.3609783199,0.2402379228,-0.3880946639,0.8383412715,0.4564337057,0.0001804997871,0.0001712667829,0.702816126,0.208331766,0.08885210799,5.913205887e-09,8.927064713e-09
23.704,12.64733623,-0.7536263776,-0.3632258704,0.2432642912,-0.3903654961,0.8365917463,0.4599594938,0.0001806594876,0.0001714787645,0.6998857885,0.2115627743,0.08855143718,5.885957873e-09,8.9659784e-09
23.728,12.63454391,-0.750594292,-0.3654452156,0.2463043628,-0.3926078037,0.8348305198,0.4634724659,0.0001806541,0.0001715749304,0.6969420352,0.2148067651,0.08825119964,5.861017508e-09,9.024294226e-09
23.752,12.62177745,-0.7475481505,-0.3676363578,0.2493580864,-0.3948216125,0.8330574583,0.4669727626,0.0001804737877,0.0001715485463,0.6939847673,0.2180635995,0.0879516332,5.837963917e-09,9.105917952e-09
23.776,12.60903676,-0.7444879664,-0.3697992874,0.2524254115,-0.3970069385,0.8312724254,0.4704605165,0.0001801088734,0.0001713927553,0.6910138834,0.2213331362,0.08765298044,5.816452704e-09,9.215626293e-09
23.8,12.59632176,-0.7414137545,-0.371933983,0.2555062876,-0.3991637876,0.8294752817,0.4739358526,0.0001795499312,0.0001711005999,0.688029281,0.224615231,0.08735548798,5.79621996e-09,9.359222327e-09
23.824,12.58363239,-0.7383255312,-0.3740404116,0.2586006637,-0.4012921566,0.8276658864,0.477398888,0.0001787878802,0.0001706650444,0.6850308572,0.2279097369,0.08705940582,5.77708459e-09,9.543689164e-09
23.848,12.57096855,-0.7352233158,-0.3761185297,0.2617084879,-0.403392033,0.825844097,0.4808497321,0.0001778140793,0.0001700790001,0.6820185099,0.2312165036,0.08676498652,5.758950075e-09,9.777310128e-09
23.872,12.55833018,-0.7321071311,-0.3781682827,0.2648297067,-0.4054633951,0.8240097703,0.4842884867,0.0001766204171,0.0001693353502,0.6789921385,0.2345353771,0.08647248447,5.741805776e-09,1.006969425e-08
23.896,12.54571719,-0.7289770037,-0.3801896064,0.2679642646,-0.4075062132,0.8221627629,0.4877152457,0.0001751993978,0.0001684269767,0.6759516452,0.2378661997,0.08618215512,5.725727231e-09,1.043160414e-08
23.92,12.53312952,-0.7258329648,-0.3821824268,0.2711121038,-0.4095204491,0.8203029319,0.4911300959,0.0001735442178,0.0001673467869,0.672896936,0.24120881,0.0858942541,5.710874391e-09,1.087444477e-08
23.944,12.52056707,-0.7226750506,-0.3841466611,0.2742731637,-0.4115060571,0.8184301351,0.4945331165,0.0001716488306,0.0001660877401,0.6698279212,0.2445630423,0.08560903644,5.69748626e-09,1.140929703e-08
23.968,12.50802979,-0.7195033034,-0.3860822179,0.2774473803,-0.4134629842,0.8165442319,0.4979243799,0.0001695079991,0.0001646428745,0.666744517,0.2479287273,0.08532675572,5.685869841e-09,1.204563685e-08
23.992,12.49551759,-0.7163177711,-0.3879889984,0.2806346863,-0.4153911706,0.8146450835,0.5013039514,0.0001671173303,0.0001630053327,0.6636466457,0.2513056911,0.08504766319,5.676380568e-09,1.279070097e-08
24.016,12.4830304,-0.7131185086,-0.3898668965,0.2838350101,-0.4172905505,0.812732554,0.5046718899,0.0001644732926,0.0001611683873,0.6605342371,0.2546937561,0.08477200686,5.669390438e-09,1.365224824e-08
24.04,12.47056814,-0.7099055777,-0.3917158,0.2870482761,-0.4191610522,0.8108065103,0.5080282477,0.0001615732134,0.0001591254645,0.6574072289,0.2580927404,0.08450003064,5.665238861e-09,1.465012601e-08
24.064,12.45813073,-0.7066790472,-0.3935355911,0.2902744044,-0.421002599,0.8088668229,0.5113730715,0.0001584152566,0.0001568701685,0.6542655679,0.2615024587,0.08423197336,5.664159778e-09,1.584413268e-08
24.088,12.44571812,-0.7034389939,-0.3953261472,0.2935133102,-0.4228151099,0.8069133664,0.5147064022,0.0001549983803,0.000154396304,0.6511092105,0.2649227217,0.08396806781,5.666177167e-09,1.738572559e-08
24.112,12.43333021,-0.7001855023,-0.397087342,0.2967649039,-0.4245984999,0.8049460198,0.5180282756,0.0001513222755,0.0001516979004,0.6479381234,0.2683533369,0.08370853974,5.670960167e-09,1.960521022e-08
24.136,12.42096694,-0.6969186646,-0.3988190461,0.3000290911,-0.4263526808,0.8029646672,0.5213387228,0.0001473872869,0.0001487692377,0.6447522841,0.2717941092,0.08345360672,5.677630065e-09,2.317847981e-08
24.16,12.40862823,-0.6936385815,-0.400521128,0.3033057722,-0.4280775619,0.8009691978,0.5246377707,0.0001431943199,0.0001456048761,0.641551682,0.2752448412,0.08320347682,5.684516612e-09,2.953363374e-08
24.184,12.39631401,-0.6903453615,-0.4021934548,0.3065948429,-0.429773051,0.7989595067,0.5279254427,0.0001387447363,0.0001421996937,0.6383363182,0.2787053353,0.08295834649,5.688874447e-09,4.201513332e-08
24.208,12.38402421,-0.6870391212,-0.4038358936,0.3098961937,-0.4314390545,0.7969354949,0.5312017589,0.0001340402433,0.0001385489356,0.6351062067,0.2821753971,0.0827183962,5.686596837e-09,6.927653533e-08
24.232,12.37175875,-0.6837199851,-0.405448312,0.3132097103,-0.4330754788,0.7948970699,0.5344667371,0.0001290827823,0.0001346482826,0.6318613741,0.28565484,0.08248378595,5.672007287e-09,1.288414366e-07
24.256,12.35951756,-0.6803880854,-0.4070305794,0.3165352739,-0.4346822308,0.7928441456,0.5377203933,0.0001238744237,0.0001304939476,0.6286018602,0.2891434133,0.08225472648,5.637866495e-09,1.749255476e-07
24.28,12.34730058,-0.6770435616,-0.4085825676,0.319872761,-0.4362592183,0.7907766429,0.5409627425,0.0001184172774,0.000126082815,0.6253277185,0.292640809,0.08203147242,5.575780526e-09,1.043483507e-07
24.304,12.33510772,-0.6736865605,-0.4101041524,0.3232220443,-0.4378063517,0.7886944895,0.5441937996,0.0001127134323,0.0001214126422,0.6220390159,0.296146957,0.08181402713,5.477185619e-09,5.07546558e-08
24.328,12.32293892,-0.6703172352,-0.411595214,0.3265829926,-0.4393235439,0.7865976202,0.5474135797,0.0001067649404,0.0001164823545,0.6187358328,0.299661669,0.08160249823,5.334946419e-09,2.812165245e-08
24.352,12.3107941,-0.6669357449,-0.4130556383,0.3299554717,-0.4408107116,0.784485977,0.5506220998,0.0001005738746,0.0001112924766,0.6154182634,0.303184727,0.08139700964,5.14530634e-09,1.782581186e-08
24.376,12.2986732,-0.6635422539,-0.4144853179,0.3333393445,-0.4422677761,0.7823595091,0.5538193788,9.414249971e-05,0.0001058457703,0.6120864152,0.306715928,0.08119765678,4.909571576e-09,1.248932674e-08
24.4,12.28657615,-0.6601369313,-0.4158841529,0.336734472,-0.4436946639,0.7802181725,0.5570054393,8.747362972e-05,0.000100148186,0.6087404089,0.3102550788,0.08100451225,4.634755086e-09,9.409066909e-09
24.424,12.27450287,-0.6567199498,-0.417252052,0.340140714,-0.4450913077,0.7780619303,0.560180308,8.057129604e-05,9.421029851e-05,0.6053803782,0.3138019938,0.08081762802,4.332703186e-09,7.477252808e-09
24.448,12.26245329,-0.6532914847,-0.4185889337,0.3435579296,-0.4464576471,0.7758907523,0.5633440171,7.344196187e-05,8.804951052e-05,0.6020064688,0.3173564956,0.08063703556,4.017910257e-09,6.185136314e-09
24.472,12.25042735,-0.6498517131,-0.4198947267,0.3469859788,-0.4477936295,0.7737046145,0.5664966055,6.609675085e-05,8.169349313e-05,0.5986188386,0.320918416,0.08046274531,3.704852587e-09,5.275862616e-09
24.496,12.23842497,-0.6464008124,-0.4211693712,0.3504247226,-0.4490992109,0.7715034993,0.5696381197,5.855567943e-05,7.518566688e-05,0.5952176563,0.3244875977,0.080294746,3.405796193e-09,4.609416188e-09
24.52,12.22644608,-0.642938959,-0.4224128196,0.3538740251,-0.4503743564,0.7692873944,0.5727686151,5.085614848e-05,6.859409565e-05,0.5918031009,0.3280638953,0.08013300386,3.12963667e-09,4.10455679e-09
24.544,12.21449063,-0.639466327,-0.4236250375,0.3573337541,-0.451619041,0.7670562924,0.5758881576,4.30712678e-05,6.202609472e-05,0.5883753605,0.3316471776,0.07997746193,2.881776847e-09,3.711658151e-09
24.568,12.20255853,-0.6359830866,-0.4248060041,0.3608037828,-0.4528332508,0.7648101906,0.5789968245,3.535299813e-05,5.565208011e-05,0.5849346315,0.3352373292,0.07982803921,2.664694978e-09,3.39907336e-09
24.592,12.19064972,-0.6324894024,-0.4259557135,0.3642839912,-0.4540169829,0.7625490896,0.5820947062,2.804276643e-05,4.974253921e-05,0.5814811173,0.3388342527,0.07968463001,2.47879257e-09,3.145872071e-09
24.616,12.17876414,-0.6289854315,-0.4270741748,0.3677742677,-0.4551702464,0.7602729929,0.5851819078,2.195766643e-05,4.471598499e-05,0.5780150266,0.3424378702,0.07954710322,2.323225465e-09,2.937772039e-09
24.64,12.1669017,-0.6254713214,-0.4281614129,0.371274511,-0.4562930631,0.7579819057,0.5882585503,1.886400844e-05,4.116782097e-05,0.574536572,0.3460481264,0.07941530164,2.196573522e-09,2.764759573e-09
24.664,12.15506236,-0.6219472083,-0.4292174692,0.3747846318,-0.4573854675,0.7556758338,0.5913247721,2.068432349e-05,3.978958627e-05,0.5710459683,0.3496649903,0.07928904138,2.097316224e-09,2.619644889e-09
24.688,12.14324603,-0.6184132145,-0.4302424018,0.3783045549,-0.4584475078,0.7533547824,0.5943807312,2.683111837e-05,4.109218451e-05,0.5675434309,0.3532884578,0.07916811123,2.02413906e-09,2.497156016e-09
24.712,12.13145265,-0.6148694461,-0.4312362858,0.3818342217,-0.4594792458,0.7510187547,0.5974266065,3.542871517e-05,4.510926264e-05,0.5640291732,0.3569185546,0.07905227218,1.976113245e-09,2.393353978e-09
24.736,12.11968216,-0.6113159903,-0.4321992139,0.3853735923,-0.4604807575,0.7486677504,0.6004625997,4.536373265e-05,5.143486584e-05,0.5605034046,0.3605553386,0.07894125687,1.952787463e-09,2.305245592e-09
24.76,12.10793449,-0.6077529129,-0.4331312962,0.3889226478,-0.4614521329,0.746301764,0.6034889369,5.614812758e-05,5.952122029e-05,0.556966328,0.3641989028,0.07883476922,1.954217642e-09,2.230521195e-09
24.784,12.09620957,-0.6041802553,-0.4340326601,0.3924813937,-0.4623934766,0.7439207827,0.606505871,6.755602509e-05,6.889208093e-05,0.5534181375,0.3678493785,0.07873248405,1.98094544e-09,2.16737325e-09
24.808,12.08450734,-0.6005980312,-0.4349034506,0.3960498621,-0.4633049069,0.7415247848,0.6095136832,7.946353327e-05,7.91913956e-05,0.5498590148,0.3715069384,0.07863404674,2.033920117e-09,2.114368451e-09
24.832,12.07282772,-0.5970062238,-0.4357438297,0.3996281152,-0.4641865565,0.7391137371,0.6125126854,9.178543556e-05,9.01584019e-05,0.546289127,0.3751717999,0.0785390731,2.11434222e-09,2.070355861e-09
24.856,12.06117066,-0.5934047818,-0.4365539763,0.4032162485,-0.4650385716,0.7366875927,0.6155032218,0.0001044478838,0.0001015929835,0.5427086224,0.3788442284,0.07844714915,2.223391827e-09,2.034399707e-09
24.88,12.04953609,-0.5897936161,-0.437334085,0.4068143941,-0.4658611114,0.734246288,0.6184856719,0.0001173750878,0.0001133297736,0.5391176276,0.3825245412,0.07835783119,2.361793441e-09,2.005729247e-09
24.904,12.03792395,-0.5861725959,-0.4380843659,0.4104227248,-0.4666543476,0.7317897402,0.6214604518,0.000130482152,0.0001252219437,0.5355162434,0.3862131108,0.07827064579,2.529175074e-09,1.983700544e-09
24.928,12.02633416,-0.5825415443,-0.4388050436,0.4140414578,-0.4674184635,0.7293178437,0.6244280172,0.0001436711881,0.0001371321135,0.5319045404,0.3899103695,0.07818509006,2.723221021e-09,1.967766545e-09
24.952,12.01476667,-0.5789002341,-0.4394963555,0.417670859,-0.4681536525,0.7268304669,0.6273888657,0.0001568296993,0.0001489280771,0.5282825551,0.3936168129,0.07810063199,2.938722236e-09,1.957452889e-09
24.976,12.00322141,-0.5752483836,-0.4401585507,0.4213112475,-0.4688601172,0.7243274485,0.6303435387,0.0001698309626,0.0001604817668,0.5246502846,0.3973330045,0.07801671093,3.166804196e-09,1.95233756e-09
25,11.99169832,-0.5715856509,-0.4407918884,0.4249630003,-0.4695380674,0.7218085931,0.6332926246,0.0001825363843,0.0001716703811,0.5210076818,0.4010595798,0.07793273833,3.394805513e-09,1.952032919e-09
25.024,11.98019733,-0.5679116293,-0.4413966353,0.4286265574,-0.4701877184,0.7192736672,0.6362367612,0.0001947997923,0.0001823788768,0.5173546499,0.4047972515,0.07784809857,3.607329219e-09,1.956169005e-09
25.048,11.96871838,-0.5642258419,-0.4419730639,0.4323024271,-0.4708092884,0.7167223939,0.639176638,0.0002064734574,0.0001925031541,0.5136910363,0.4085468136,0.07776215015,3.78867577e-09,1.964377208e-09
25.072,11.95726141,-0.5605277352,-0.4425214494,0.4359911918,-0.4714029959,0.7141544477,0.6421129993,0.0002174153795,0.0002019533415,0.5100166263,0.4123091466,0.07767422702,3.926153243e-09,1.976273644e-09
25.096,11.94582635,-0.5568166737,-0.4430420665,0.4396935139,-0.4719690567,0.7115694491,0.6450466469,0.0002274971032,0.0002106566679,0.5063311366,0.416085223,0.07758364035,4.013037779e-09,1.991441886e-09
25.12,11.93441314,-0.5530919328,-0.4435351861,0.4434101422,-0.4725076804,0.7089669579,0.6479784427,0.0002366111449,0.0002185595232,0.5026342075,0.419876112,0.07748968053,4.049879912e-09,2.009415178e-09
25.144,11.92302171,-0.549352692,-0.4440010709,0.4471419189,-0.4730190658,0.7063464668,0.6509093119,0.0002446770835,0.0002256284548,0.4989253951,0.4236829852,0.0773916197,4.043657483e-09,2.029659165e-09
25.168,11.91165202,-0.5455980278,-0.4444399709,0.4508897866,-0.473503397,0.7037073935,0.6538402455,0.0002516455296,0.0002318500138,0.495204163,0.4275071224,0.07728871463,4.005384601e-09,2.051557733e-09
25.192,11.90030399,-0.5418269055,-0.4448521183,0.4546547958,-0.4739608372,0.7010490729,0.6567723034,0.0002574995248,0.0002372295235,0.4914698729,0.4313499169,0.07718021025,3.947360141e-09,2.074407272e-09
25.216,11.88897755,-0.5380381711,-0.445237721,0.4584381135,-0.4743915233,0.6983707481,0.6597066176,0.0002622533346,0.0002417889681,0.4877217745,0.4352128818,0.07706534372,3.881024585e-09,2.097429054e-09
25.24,11.87767266,-0.5342305427,-0.4455969565,0.4622410311,-0.4747955587,0.6956715607,0.6626443944,0.0002659490017,0.0002455642752,0.4839589949,0.4390976558,0.07694334928,3.815794042e-09,2.119815884e-09
25.264,11.86638925,-0.5304026007,-0.4459299636,0.4660649738,-0.4751730056,0.6929505403,0.6655869177,0.0002686513026,0.0002486022895,0.4801805272,0.443006009,0.07681346382,3.758747612e-09,2.140837456e-09
25.288,11.85512725,-0.5265527781,-0.4462368341,0.4699115102,-0.4755238762,0.6902065924,0.668535552,0.0002704418759,0.0002509577134,0.4763852171,0.4469398494,0.07667493351,3.714845868e-09,2.160036175e-09
25.312,11.84388662,-0.52267935,-0.446517603,0.4737823623,-0.4758481225,0.6874384865,0.6714917442,0.0002714132494,0.0002526902347,0.4725717501,0.4509012285,0.07652702136,3.6873801e-09,2.177544122e-09
25.336,11.83266727,-0.5187804223,-0.4467722373,0.4776794161,-0.4761456253,0.6846448412,0.6744570269,0.0002716633458,0.0002538619973,0.4687386361,0.4548923477,0.07636901614,3.678457023e-09,2.194527352e-09
25.36,11.82146916,-0.5148539199,-0.4470006236,0.4816047327,-0.4764161817,0.6818241095,0.6774330201,0.0002712908415,0.0002545354994,0.4648841936,0.4589155637,0.07620024263,3.68942394e-09,2.213696589e-09
25.384,11.81029223,-0.5108975742,-0.4472025538,0.4855605603,-0.47665949,0.6789745617,0.6804214335,0.0002703915565,0.0002547719483,0.4610065322,0.4629733943,0.07602007349,3.721205271e-09,2.239708789e-09
25.408,11.79913641,-0.5069089096,-0.4473777094,0.4895493461,-0.4768751346,0.6760942667,0.6834240676,0.0002690558877,0.0002546300548,0.4571035337,0.4670685233,0.07582794297,3.774555318e-09,2.2791709e-09
25.432,11.78800165,-0.5028852301,-0.4475256435,0.4935737494,-0.4770625668,0.6731810724,0.6864428154,0.0002673671887,0.0002541652242,0.4531728315,0.4712038057,0.07562336275,3.850245365e-09,2.339973683e-09
25.456,11.77688788,-0.498823604,-0.44764576,0.4976366547,-0.4772210854,0.6702325823,0.6894796621,0.00026540094,0.0002534290838,0.4492117888,0.4753822711,0.07540594011,3.949205871e-09,2.429958627e-09
25.48,11.76579505,-0.4947208494,-0.4477372913,0.5017411852,-0.4773498128,0.6672461321,0.6925366855,0.0002632245321,0.0002524692826,0.4452174742,0.479607127,0.07517539882,4.072643012e-09,2.55538038e-09
25.504,11.7547231,-0.4905735175,-0.4477992716,0.505890717,-0.4774476699,0.6642187619,0.6956160543,0.0002608974952,0.0002513295044,0.441186636,0.4838817609,0.07493160308,4.222146727e-09,2.719903319e-09
25.528,11.74367197,-0.4863778768,-0.4478305082,0.5100888931,-0.477513347,0.6611471872,0.6987200264,0.0002584720283,0.0002500496378,0.4371156743,0.4882097408,0.07467458486,4.399806436e-09,2.924632518e-09
25.552,11.73264159,-0.4821298959,-0.4478295484,0.5143396375,-0.4775452713,0.6580277661,0.7018509449,0.0002559937139,0.0002486660604,0.4330006111,0.4925948139,0.07440457505,4.608352029e-09,3.169081982e-09
25.576,11.72163192,-0.4778252266,-0.4477946421,0.5186471699,-0.477541571,0.6548564642,0.7050112331,0.0002535023311,0.0002472120019,0.4288370578,0.4970409034,0.07412203876,4.85134273e-09,3.452544806e-09
25.6,11.71064289,-0.4734591865,-0.4477237005,0.5230160182,-0.4775000354,0.6516288156,0.7082033882,0.0002510327074,0.0002457179594,0.4246201814,0.5015521032,0.07382771534,5.133437794e-09,3.775341066e-09
25.624,11.69967445,-0.4690267424,-0.4476142488,0.5274510325,-0.4774180698,0.6483398806,0.711429972,0.0002486155702,0.0002442121491,0.4203446681,0.5061326688,0.07352266315,5.460805887e-09,4.139716902e-09
25.648,11.68872653,-0.4645224935,-0.4474633742,0.5319573965,-0.4772926465,0.6449842,0.7146936002,0.0002462783796,0.0002427209844,0.4160046847,0.5107870056,0.07320830972,5.841776619e-09,4.550452916e-09
25.672,11.67779908,-0.4599406565,-0.4472676674,0.5365406379,-0.477120251,0.6415557449,0.717996929,0.0002440461318,0.000241269576,0.4115938396,0.5155196532,0.07288650716,6.287936426e-09,5.015376915e-09
25.696,11.66689205,-0.4552750511,-0.4470231577,0.5412066369,-0.4768968224,0.6380478632,0.7213426391,0.0002419421385,0.0002398822587,0.407105141,0.5203352661,0.07255959282,6.816092625e-09,5.545999715e-09
25.72,11.65600537,-0.4505190883,-0.4467252419,0.5459616327,-0.4766176896,0.6344532218,0.7247334174,0.0002399887924,0.0002385831527,0.4025309557,0.5252385894,0.07223045488,7.452065747e-09,6.158485329e-09
25.744,11.64513898,-0.445665761,-0.4463686051,0.5508122261,-0.4762775027,0.6307637451,0.7281719357,0.0002382083363,0.000237396774,0.3978629672,0.5302344312,0.07190260166,8.238687376e-09,6.875188125e-09
25.768,11.63429284,-0.4407076377,-0.4459471361,0.5557653805,-0.4758701603,0.6269705497,0.7316608283,0.0002366236615,0.0002363487162,0.3930921354,0.5353276312,0.07158023336,9.254554626e-09,7.727074425e-09
25.792,11.62346689,-0.43563686,-0.4454538351,0.5608284186,-0.4753887342,0.6230638755,0.7352026685,0.0002352591675,0.0002354664335,0.388208659,0.5405230279,0.07126831312,1.066418821e-08,8.757528163e-09
25.816,11.61266106,-0.4304451435,-0.4448807164,0.5660090172,-0.4748253919,0.6190330147,0.7387999461,0.0002341417257,0.0002347801673,0.383201941,0.5458254255,0.07097263344,1.287739752e-08,1.002837931e-08
25.84,11.60187531,-0.4251237832,-0.4442187068,0.5713151999,-0.4741713215,0.6148662379,0.742455049,0.0002333018008,0.0002343240737,0.3780605622,0.5512395664,0.07069987148,1.719756622e-08,1.162960897e-08
25.864,11.59110957,-0.4196636608,-0.4434575421,0.576755332,-0.4734166593,0.6105507184,0.7461702529,0.000232774807,0.0002341376315,0.3727722638,0.5567701148,0.0704576214,2.980169441e-08,1.369531346e-08
25.888,11.5803638,-0.4140552516,-0.4425856641,0.5823381201,-0.4725504271,0.6060724556,0.7499477263,0.0002326027947,0.0002342674439,0.3673239996,0.5624216635,0.07025433684,1.240502783e-07,1.643062293e-08
25.912,11.56963793,-0.4082886272,-0.4415901246,0.5880726265,-0.4715604815,0.6014161964,0.7537895606,0.0002328366122,0.0002347695934,0.3617020757,0.568198777,0.07009914732,5.801890702e-07,2.015830918e-08
25.936,11.55893191,-0.4023534439,-0.4404564983,0.593968309,-0.4704334843,0.5965653533,0.757697839,0.0002335387342,0.0002357127824,0.3558903277,0.5741060962,0.07000357606,5.249774348e-08,2.5401654e-08
25.96,11.54824569,-0.3962389031,-0.4391688145,0.6000351072,-0.4691548962,0.5915019154,0.7616747642,0.000234787044,0.0002371826002,0.3498745986,0.5801485358,0.06997686565,2.747589089e-08,3.303539534e-08
25.984,11.5375792,-0.3899336619,-0.4377095112,0.6062836033,-0.4677090029,0.5862063432,0.7657228735,0.0002366799768,0.0002392874269,0.3436379552,0.5863316208,0.07003042394,2.234875591e-08,4.456556515e-08
26.008,11.52693241,-0.3834256572,-0.4360594181,0.6127253028,-0.4660789722,0.5806574297,0.7698453774,0.0002393436302,0.0002421667436,0.3371631297,0.5926620264,0.07017484391,2.179367376e-08,6.265038784e-08
26.032,11.51630524,-0.3767017918,-0.4341977682,0.6193730988,-0.4642469371,0.5748320988,0.7740466743,0.0002429417308,0.0002460030295,0.3304320242,0.5991484066,0.07041956923,2.327231745e-08,9.20537244e-08
26.056,11.50569765,-0.3697474034,-0.4321022283,0.6262420111,-0.4621940826,0.5687050888,0.7783331076,0.0002476897618,0.0002510390627,0.3234255654,0.6058026308,0.07077180377,2.605804025e-08,1.413682145e-07
26.08,11.49510959,-0.3625454023,-0.4297489155,0.6333503322,-0.4599006861,0.5622484318,0.7827140503,0.000253875112,0.0002576034091,0.3161233935,0.6126415777,0.07123502887,2.991538545e-08,2.268426139e-07
26.104,11.48454099,-0.3550749144,-0.4271123317,0.640721359,-0.4573460085,0.5554305886,0.7872034244,0.0002618856754,0.0002661482178,0.3085032422,0.6196896889,0.07180706898,3.483838588e-08,3.866855778e-07
26.128,11.47399181,-0.3473092001,-0.4241650742,0.6483859551,-0.4545078479,0.548215004,0.7918217795,0.0002722492735,0.0002773047819,0.3005398057,0.6269824824,0.07247771188,4.100815466e-08,6.749478864e-07
26.152,11.46346199,-0.3392125353,-0.4208770613,0.6563862693,-0.451361419,0.5405577165,0.7965990617,0.0002856830041,0.0002919613222,0.2922027753,0.6345708884,0.07322633629,4.885357888e-08,7.380863476e-07
26.176,11.45295148,-0.3307356378,-0.4172138046,0.6647810161,-0.4478769756,0.5324034381,0.8015781837,0.0003031357396,0.0003113537027,0.283453572,0.6425282396,0.07401818837,5.923486795e-08,5.580437259e-07
26.2,11.44246023,-0.3218091077,-0.4131329076,0.6736528014,-0.4440151801,0.5236791968,0.8068194203,0.0003257454069,0.0003370903283,0.2742400812,0.6509581404,0.07480177838,7.391622387e-08,4.498679664e-07
26.224,11.43198818,-0.3123342658,-0.4085773762,0.6831179707,-0.4397185476,0.5142841296,0.8124054178,0.0003544158276,0.0003707404928,0.2644883886,0.6600031047,0.07550850673,9.701815635e-08,4.04317174e-07
26.248,11.42153528,-0.3021707986,-0.4034633353,0.6933392325,-0.434896177,0.5040732629,0.818446074,0.0003880613339,0.0004115642745,0.2540901459,0.6698545547,0.07605529944,1.408987824e-07,4.091514759e-07
26.272,11.41110148,-0.2911209887,-0.3976580985,0.7045405067,-0.4293972139,0.4928320133,0.8250813856,0.0004184748641,0.00044874267,0.2428838329,0.6807599405,0.0763562266,2.643703492e-07,4.463070726e-07
26.296,11.40068672,-0.2789115639,-0.3909419192,0.7170212572,-0.4229659027,0.4802366549,0.8324780106,0.0004235793633,0.0004507814449,0.2306315454,0.6930202089,0.07634824568,4.12129001e-06,3.675552315e-07
26.31078971,11.39427821,-0.2706557311,-0.3861972071,0.7255118771,-0.4183603597,0.4715960215,0.8374920145,0.0004033531157,0.0004212844275,0.222403362,0.7013934062,0.07620323177,3.917574915e-07,3.543252041e-07
26.32,11.39029096,-0.265177506,-0.3829429691,0.7311623634,-0.4151680994,0.4657944045,0.8408108898,0.0003817470979,0.0003928170102,0.2169649475,0.706963472,0.07607158042,3.745116168e-07,3.653697329e-07
26.344,11.37991414,-0.2494595803,-0.3730310827,0.7474048813,-0.4052786837,0.4487563602,0.8502146012,0.000308218957,0.0003061081069,0.2013828816,0.7228652021,0.07575191627,5.157595249e-07,2.40410028e-07
26.368,11.3695562,-0.2312399553,-0.3601565718,0.7661676314,-0.3921320072,0.4280007864,0.8606859767,0.0002362569384,0.0002304997005,0.1831848434,0.7407804878,0.07603466882,1.144395711e-07,8.421885077e-08
26.392,11.35921711,-0.21004307,-0.3426389933,0.7876789607,-0.3739872183,0.401894975,0.8719544625,0.0001802866327,0.0001759498613,0.1615196703,0.7603046695,0.0781756602,6.683732636e-08,5.392178121e-08
26.416,11.3488968,-0.1855183999,-0.3179345964,0.8118966357,-0.3485302691,0.3681025459,0.8835437146,0.0001401543397,0.000139007648,0.1354995544,0.7806495597,0.08385088589,5.05197639e-08,4.47642077e-08
26.44,11.33859523,-0.1568047295,-0.2819872032,0.8396186753,-0.3125958065,0.3226522989,0.8959216808,0.0001124780436,0.0001154274854,0.1041045596,0.8026757131,0.0932197273,4.102461733e-08,4.1568736e-08
26.464,11.32831235,-0.1196784277,-0.222909635,0.8769913123,-0.2549505274,0.2530052004,0.9132981623,9.571803452e-05,0.0001049756354,0.06401167333,0.8341135769,0.1018747498,3.27244444e-08,3.255307535e-08
26.488,11.3180481,-0.08450423578,-0.08575547705,0.9119643041,-0.1163758407,0.1203950485,0.9193596839,0.000196821118,0.0001974419552,0.01449504923,0.8452223077,0.140282643,4.278385859e-08,4.044985515e-08
26.49816,11.3137085,-0.142423424,0.150101847,0.8540150289,0.1179744101,0.2069178489,0.8621250669,0.0009075230447,0.0008552596058,0.04281736012,0.7432618325,0.2139208073,1.540335311e-06,1.470098311e-06
26.512,11.30780243,-0.3325659865,0.0008750273425,0.6638812918,-0.02960196978,0.3325671376,0.664540929,0.0001317399454,0.0001303837099,0.2787226475,0.6101408918,0.1111364608,0.1681217291,0.1685262285
26.536,11.29757529,-0.3915435484,-0.07015426049,0.605532387,-0.100426441,0.397778796,0.6138036671,7.534290641e-05,7.472662797e-05,0.3497232063,0.5677564144,0.08252037928,0.1914952301,0.1910014671
26.56,11.28736664,-0.4147979259,-0.1084876941,0.5817272614,-0.1390236308,0.4287503926,0.5981088334,6.191583086e-05,6.310366827e-05,0.3733090542,0.5474148347,0.07927611107,0.1894821512,0.1896806542
26.584,11.27717642,-0.4302467773,-0.1339849559,0.5663312599,-0.1648062636,0.450626517,0.5898238724,5.454355543e-05,5.694357231e-05,0.3913275598,0.5356055255,0.07306691463,0.188263299,0.1877133219
26.608,11.26700459,-0.4411899172,-0.1539803486,0.5554962776,-0.1848218373,0.467288445,0.5854359282,4.90473032e-05,5.229752909e-05,0.4038448586,0.527384161,0.06877098035,0.1854863654,0.1846489323
26.632,11.25685108,-0.4488843928,-0.1703823655,0.5478069127,-0.2011621524,0.4801326365,0.58357401,4.418563352e-05,4.813933344e-05,0.4116540338,0.5212043575,0.06714160868,0.1811266833,0.18064573
26.656,11.24671586,-0.4543615279,-0.1840368094,0.5422638185,-0.2147770088,0.4902182629,0.5832488426,3.940227955e-05,4.408803715e-05,0.4167756641,0.5166156748,0.06660866109,0.1764617173,0.1764364605
26.68,11.23659888,-0.4583701015,-0.1955531215,0.5381683825,-0.2262987023,0.4983414224,0.5838118794,3.447999346e-05,4.007797916e-05,0.4205555018,0.5132647088,0.06617978939,0.1722113273,0.1724283967
26.704,11.22650007,-0.4613972965,-0.2054169367,0.5350631709,-0.2362035936,0.5050579998,0.5848801026,2.966296912e-05,3.641993698e-05,0.4235828418,0.5108067573,0.06561040095,0.1684992578,0.1687220215
26.728,11.21641941,-0.4637437352,-0.2140060953,0.5326590425,-0.2448539696,0.5107414813,0.5862415219,2.629039331e-05,3.410679339e-05,0.4260495425,0.5089684373,0.06498202018,0.165192681,0.1652893142
26.752,11.20635683,-0.4655915993,-0.2216055588,0.5307749516,-0.2525219595,0.5156399529,0.5877834544,2.761040041e-05,3.512574953e-05,0.4280117488,0.5075699743,0.0644182769,0.1621271871,0.1620805838
26.776,11.19631229,-0.467052018,-0.2284260326,0.5292963573,-0.2594099013,0.5199192628,0.5894473096,3.658804148e-05,4.174692099e-05,0.4295095201,0.5065096157,0.06398086421,0.1591934789,0.1590614832
26.8,11.18628575,-0.4681947726,-0.2346219156,0.5281487489,-0.2656676353,0.5236924559,0.5912024979,5.246362148e-05,5.475986711e-05,0.430602292,0.5057360954,0.06366161254,0.1563485009,0.1562156989
26.824,11.17627714,-0.4690659962,-0.240306269,0.527281477,-0.271406329,0.5270389091,0.5930321673,7.224883687e-05,7.303490746e-05,0.4313641615,0.5052241312,0.06341170732,0.1535941446,0.1535369743
26.848,11.16628643,-0.46969841,-0.2455623775,0.526658109,-0.2767090293,0.5300164881,0.5949257523,9.181934111e-05,9.382355916e-05,0.4318708027,0.5049576706,0.06317152661,0.1509533167,0.1510210112
26.872,11.15631356,-0.4701171089,-0.2504523065,0.5262507672,-0.2816384813,0.5326691787,0.5968752835,0.0001070927541,0.0001130098095,0.432187807,0.5049206174,0.06289157557,0.1484513417,0.1486605005
26.896,11.14635849,-0.4703427599,-0.2550230764,0.5260368477,-0.2862428134,0.5350318508,0.598873704,0.0001163033221,0.0001268448933,0.4323646684,0.5050930716,0.06254226008,0.1461055735,0.1464433421
26.92,11.13642117,-0.4703933251,-0.2593110498,0.5259971417,-0.2905596225,0.5371332245,0.6009142096,0.0001203493805,0.0001341752911,0.4324336971,0.505451009,0.06211529392,0.1439215817,0.1443531037
26.944,11.12650156,-0.4702849601,-0.2633450161,0.5261147723,-0.2946188867,0.5389977191,0.6029900845,0.0001211088441,0.0001363388697,0.4324120712,0.5059677273,0.0616202015,0.1418935153,0.1423706667
26.968,11.1165996,-0.470032465,-0.2671483477,0.5263745971,-0.2984450335,0.5406466109,0.6050947483,0.0001201390082,0.0001353827468,0.4323053596,0.5066159088,0.0610787316,0.1400065873,0.140476236
26.992,11.10671525,-0.4696495011,-0.2707404994,0.5267628723,-0.3020584039,0.5420987659,0.6072218729,0.0001183967405,0.0001328949491,0.4321113643,0.5073695997,0.06051903598,0.1382402783,0.1386511791
27.016,11.09684846,-0.4691486924,-0.2741380489,0.5272670589,-0.305476289,0.543371112,0.6093655016,0.0001163918551,0.0001298184477,0.4318235928,0.5082057495,0.05997065768,0.1365714139,0.1368794181
27.04,11.08699919,-0.4685416763,-0.2773554191,0.527875704,-0.3087136641,0.5444789536,0.6115201429,0.0001143739536,0.0001266388,0.4314341471,0.5091051753,0.05946067762,0.1349768031,0.1351482741
27.064,11.07716738,-0.4678391377,-0.2804053794,0.5285783585,-0.3117837098,0.5454361883,0.6136808313,0.0001124557785,0.0001235811859,0.4309359357,0.510052962,0.05901110232,0.1334352875,0.133448784
27.088,11.067353,-0.4670508405,-0.283299396,0.5293655119,-0.3146981848,0.5462554672,0.615843156,0.0001106815815,0.0001207366803,0.4303240005,0.5110383913,0.05863760823,0.1319289528,0.131775584
27.112,11.05755599,-0.466185665,-0.286047877,0.5302285337,-0.317467694,0.5469483176,0.6180032643,0.0001090625513,0.000118131266,0.4295963184,0.5120545287,0.0583491529,0.1304438443,0.1301264801
27.136,11.04777631,-0.4652516503,-0.2886603478,0.5311596162,-0.320101883,0.5475252456,0.6201578456,0.0001075946649,0.0001157611079,0.4287540943,0.5130975908,0.05814831485,0.1289701882,0.128501824
27.16,11.03801392,-0.4642560442,-0.2911455769,0.5321517184,-0.3226095823,0.5479958225,0.6223041008,0.000106267545,0.0001136099794,0.4278016416,0.5141662176,0.05803214083,0.1275022088,0.1269038107
27.184,11.02826876,-0.4632053552,-0.2935116691,0.533198509,-0.324998915,0.5483687637,0.6244397047,0.0001050687785,0.0001116576439,0.426745981,0.5152607494,0.05799326961,0.126037669,0.1253357922
27.208,11.0185408,-0.4621054083,-0.2957661364,0.5342943113,-0.3272773799,0.5486519989,0.6265627618,0.0001039859533,0.0001098837326,0.4255962694,0.5163825705,0.05802116015,0.1245772427,0.1238016639
27.232,11.00882998,-0.4609614003,-0.2979159533,0.5354340478,-0.329451917,0.5488527379,0.6286717627,0.0001030075521,0.0001082694068,0.4243631513,0.5175335537,0.05810329494,0.1231238129,0.1223053569
27.256,10.99913626,-0.4597779544,-0.2999676017,0.5366131881,-0.3315289593,0.548977531,0.6307655385,0.0001021232783,0.0001067979452,0.4230581073,0.5187156241,0.05822626861,0.1216817674,0.1208504482
27.28,10.9894596,-0.4585591733,-0.3019271085,0.5378276984,-0.3335144774,0.5490323253,0.6328432189,0.0001013241075,0.0001054548249,0.4216928537,0.5199304385,0.05837670778,0.1202563492,0.1194398876
27.304,10.97979996,-0.4573086893,-0.3038000779,0.5390739943,-0.3354140156,0.5490225174,0.6349041921,0.0001006022135,0.0001042275783,0.4202788291,0.5211791731,0.05854199779,0.1188530944,0.1180758291
27.328,10.97015727,-0.4560297115,-0.3055917207,0.5403488965,-0.3372327249,0.5489530012,0.6369480675,9.995084195e-05,0.0001031055656,0.4188267847,0.5224624015,0.05871081378,0.1174773772,0.1167595502
27.352,10.96053152,-0.4547250699,-0.3073068799,0.5416495901,-0.3389753911,0.5488282132,0.6389746429,9.936417183e-05,0.0001020797275,0.4173464834,0.5237800474,0.05887346913,0.1161340659,0.1154914428
27.376,10.95092263,-0.4533972555,-0.308950055,0.5429735864,-0.3406464605,0.5486521738,0.6409838739,9.883717918e-05,0.0001011423502,0.4158465024,0.5251313942,0.05902210349,0.1148272848,0.1142710573
27.4,10.94133058,-0.4520484576,-0.3105254238,0.5443186887,-0.3422500632,0.5484285248,0.6429758476,9.83655128e-05,0.0001002868527,0.414334127,0.5265151359,0.05915073711,0.1135602704,0.1130971852
27.424,10.93175532,-0.4506805975,-0.3120368638,0.5456829606,-0.3437900349,0.5481605653,0.644950759,9.794538311e-05,9.950760147e-05,0.4128153218,0.5279294587,0.05925521946,0.1123353069,0.1119679672
27.448,10.92219681,-0.4492953591,-0.3134879715,0.5470646975,-0.3452699361,0.5478512827,0.64690889,9.757346451e-05,9.879974959e-05,0.4112947629,0.5293721383,0.05933309887,0.1111537254,0.1108810165
27.472,10.91265499,-0.4478942163,-0.3148820807,0.5484624005,-0.3466930712,0.5475033824,0.6488505917,9.724680993e-05,9.815909935e-05,0.4097759147,0.530840648,0.05938343729,0.1100159515,0.109833548
27.496,10.90312984,-0.4464784586,-0.3162222799,0.5498747534,-0.3480625052,0.5471193144,0.6507762687,9.696277585e-05,9.75819841e-05,0.4082611406,0.5323322684,0.05940659099,0.108921587,0.108822507
27.52,10.89362129,-0.4450492126,-0.3175114287,0.5513006011,-0.3493810798,0.5467012978,0.6526863655,9.671895624e-05,9.706516668e-05,0.4067518325,0.5338441928,0.05940397466,0.1078695142,0.1078446917
27.544,10.88412932,-0.4436074629,-0.3187521736,0.5527389312,-0.3506514286,0.5462513426,0.6545813551,9.651312363e-05,9.660575146e-05,0.4052485516,0.5353736257,0.05937782272,0.106858013,0.1068968659
27.568,10.87465387,-0.4421540694,-0.319946962,0.5541888565,-0.3518759909,0.5457712704,0.656461729,9.634317601e-05,9.620110754e-05,0.4037511719,0.5369178693,0.0593309588,0.105884883,0.1059758584
27.592,10.86519491,-0.4406897839,-0.3210980561,0.5556496,-0.3530570249,0.5452627323,0.6583279888,9.620708816e-05,9.584880101e-05,0.402259021,0.5384743977,0.0592665813,0.1049475645,0.1050786476
27.616,10.85575239,-0.4392152639,-0.3222075462,0.5571204813,-0.3541966201,0.5447272261,0.6601806392,9.610286647e-05,9.554653459e-05,0.400771014,0.5400409151,0.05918807093,0.1040432539,0.1042024295
27.64,10.84632627,-0.4377310858,-0.3232773622,0.5586009041,-0.3552967085,0.544166111,0.6620201818,9.602850619e-05,9.529209309e-05,0.3992857764,0.5416154001,0.05909882353,0.1031690108,0.1033446698
27.664,10.8369165,-0.4362377559,-0.3243092856,0.5600903454,-0.3563590758,0.5435806218,0.6638471103,9.598195054e-05,9.508329367e-05,0.3978017555,0.5431961341,0.05900211042,0.1023218539,0.1025031391
27.688,10.82752304,-0.4347357207,-0.3253049599,0.5615883457,-0.3573853712,0.5429718812,0.6656619064,9.596105092e-05,9.491793992e-05,0.3963173178,0.5447817156,0.05890096655,0.1014988448,0.1016759331
27.712,10.81814586,-0.4332253757,-0.3262659008,0.5630945003,-0.3583771169,0.5423409114,0.6674650359,9.596352791e-05,9.4793779e-05,0.3948308324,0.5463710617,0.05879810592,0.100697159,0.1008614785
27.736,10.8087849,-0.4317070736,-0.3271935055,0.5646084514,-0.3593357172,0.5416886444,0.6692569469,9.59869328e-05,9.470846139e-05,0.3933407401,0.5479633971,0.05869586276,0.09991414345,0.1000585271
27.76,10.79944013,-0.4301811307,-0.3280890619,0.5661298811,-0.3602624665,0.5410159312,0.6710380668,9.60286093e-05,9.465950279e-05,0.3918456086,0.5495582351,0.05859615627,0.0991473616,0.09926613906
27.784,10.7901115,-0.4286478339,-0.3289537566,0.5676585055,-0.3611585573,0.5403235508,0.6728088007,9.608565585e-05,9.464424801e-05,0.3903441745,0.5511553493,0.05850047616,0.09839462577,0.09848365801
27.808,10.78079898,-0.4271074454,-0.3297886828,0.5691940686,-0.3620250874,0.5396122175,0.6745695307,9.615488844e-05,9.465983673e-05,0.3888353726,0.5527547412,0.05840988625,0.0976540181,0.09771068053
27.832,10.77150252,-0.4255602078,-0.3305948478,0.5707363381,-0.3628630669,0.5388825882,0.676320614,9.623280453e-05,9.470317117e-05,0.3873183541,0.554356603,0.05832504292,0.09692390098,0.09694702111
27.856,10.76222207,-0.4240063484,-0.3313731794,0.5722851002,-0.3636734244,0.5381352688,0.6780623832,9.631554882e-05,9.477088589e-05,0.3857924949,0.5559612798,0.05824622532,0.09620291806,0.09619267527
27.88,10.7529576,-0.4224460826,-0.3321245329,0.5738401566,-0.3644570133,0.5373708199,0.6797951455,9.639888171e-05,9.485932002e-05,0.3842573946,0.5575692309,0.05817337455,0.09548998721,0.09544778198
27.904,10.74370907,-0.4208796171,-0.3328496967,0.5754013204,-0.3652146173,0.536589762,0.6815191826,9.647815174e-05,9.496449233e-05,0.3827128687,0.5591809924,0.05810613887,0.09478428674,0.09471258715
27.928,10.73447644,-0.4193071528,-0.3335493978,0.5769684133,-0.365946956,0.5357925803,0.6832347507,9.654827356e-05,9.508207977e-05,0.3811589347,0.5607971426,0.05804392268,0.09408523623,0.093987409
27.952,10.72525966,-0.4177288868,-0.3342243076,0.5785412631,-0.3666546896,0.5349797292,0.6849420811,9.660371322e-05,9.52074001e-05,0.3795957932,0.5624182698,0.05798593694,0.09339247324,0.09327260632
27.976,10.71605869,-0.4161450149,-0.3348750462,0.5801197009,-0.3673384237,0.5341516358,0.6866413801,9.663848301e-05,9.533539951e-05,0.3780238065,0.5640449442,0.05793124928,0.09270582722,0.09256855017
28,10.7068735,-0.4145557327,-0.3355021875,0.5817035598,-0.367998714,0.5333087036,0.6883328301,9.6646148e-05,9.5460646e-05,0.3764434744,0.5656776933,0.05787883223,0.0920252918,0.0918755993
28.024,10.69770404,-0.4129612372,-0.336106263,0.5832926723,-0.3686360703,0.5324513156,0.6900165895,9.66198471e-05,9.557732964e-05,0.3748554093,0.5673169825,0.05782760817,0.09135099653,0.09119407949
28.048,10.68855027,-0.4113617283,-0.3366877662,0.5848868694,-0.3692509604,0.5315798373,0.6916927944,9.655233088e-05,9.567927055e-05,0.3732603115,0.5689631979,0.05777649055,0.09068317881,0.09052426694
28.072,10.67941215,-0.4097574089,-0.3372471561,0.5864859792,-0.3698438142,0.5306946188,0.6933615584,9.643601872e-05,9.575993574e-05,0.3716589444,0.5706166351,0.05772442046,0.0900221567,0.08986637527
28.096,10.67028965,-0.4081484864,-0.3377848604,0.5880898255,-0.3704150265,0.5297959975,0.6950229742,9.626307728e-05,9.581246558e-05,0.3700521116,0.5722774901,0.05767039833,0.08936830337,0.08922054626
28.12,10.66118272,-0.4065351728,-0.3383012794,0.5896982272,-0.3709649611,0.5288842996,0.6966771143,9.602552157e-05,9.58297108e-05,0.3684406352,0.5739458545,0.05761351028,0.08872202363,0.08858684378
28.144,10.65209132,-0.4049176849,-0.3387967883,0.5913109976,-0.3714939535,0.5279598425,0.6983240318,9.571533908e-05,9.58042805e-05,0.3668253374,0.5756217133,0.05755294937,0.0880837329,0.08796525074
28.168,10.64301541,-0.4032962449,-0.33927174,0.5929279436,-0.3720023139,0.5270229357,0.6999637619,9.532463604e-05,9.572860142e-05,0.3652070225,0.5773049457,0.05748803172,0.0874538387,0.08735566867
28.192,10.63395495,-0.4016710802,-0.3397264682,0.5945488656,-0.3724903302,0.5260738825,0.7015963225,9.484580334e-05,9.559498828e-05,0.3635864637,0.5789953285,0.05741820779,0.08683272489,0.08675791962
28.216,10.62490991,-0.4000424233,-0.340161289,0.5961735569,-0.3729582703,0.5251129812,0.7032217156,9.427169784e-05,9.53957247e-05,0.3619643904,0.5806925404,0.05734306914,0.08622073856,0.08617174998
28.24,10.61588024,-0.3984105118,-0.3405765036,0.5978018039,-0.3734063846,0.5241405257,0.7048399285,9.359583304e-05,9.512315322e-05,0.3603414791,0.5823961699,0.05726235104,0.08561817959,0.08559683604
28.264,10.60686591,-0.3967755882,-0.3409723997,0.5994333857,-0.3738349087,0.5231568071,0.7064509345,9.281257105e-05,9.476977303e-05,0.3587183461,0.5841057227,0.05717593129,0.08502529267,0.08503279083
28.288,10.59786687,-0.3951378993,-0.341349254,0.6010680744,-0.3742440652,0.5221621134,0.7080546945,9.191730681e-05,9.43283427e-05,0.3570955428,0.5858206314,0.0570838258,0.08444226172,0.08447917206
28.312,10.58888309,-0.393497696,-0.341707333,0.6027056354,-0.3746340659,0.5211567309,0.7096511581,9.090663415e-05,9.379198525e-05,0.3554735529,0.5875402658,0.05698618129,0.08386920649,0.08393549076
28.336,10.57991453,-0.3918552328,-0.3420468952,0.6043458272,-0.3750051136,0.5201409443,0.7112402646,8.977848348e-05,9.315429206e-05,0.3538527911,0.5892639432,0.05688326573,0.08330618102,0.0834012205
28.36,10.57096114,-0.3902107675,-0.3423681918,0.6059884023,-0.3753574039,0.5191150371,0.7128219444,8.853222155e-05,9.24094221e-05,0.3522336036,0.5909909402,0.05677545624,0.08275317394,0.08287580727
28.384,10.5620229,-0.3885645601,-0.3426714683,0.6076331072,-0.3756911271,0.5180792918,0.7143961198,8.716870547e-05,9.155219247e-05,0.3506162704,0.5927205037,0.05666322589,0.08221011023,0.08235867931
28.408,10.55309976,-0.3869168729,-0.3429569654,0.6092796833,-0.3760064695,0.5170339899,0.7159627068,8.569028571e-05,9.057815685e-05,0.3490010083,0.5944518621,0.05654712958,0.08167685426,0.08184925641
28.432,10.54419169,-0.3852679695,-0.3432249198,0.6109278668,-0.3763036147,0.5159794123,0.7175216156,8.410075618e-05,8.948366837e-05,0.3473879749,0.5961842361,0.05642778901,0.08115321391,0.08134695924
28.456,10.53529864,-0.3836181142,-0.3434755648,0.6125773901,-0.3765827453,0.514915839,0.7190727522,8.240525286e-05,8.826592436e-05,0.3457772737,0.5979168492,0.05630587716,0.08063894566,0.08085121842
28.48,10.52642058,-0.3819675715,-0.3437091318,0.614227982,-0.3768440438,0.5138435491,0.7206160193,8.061010608e-05,8.692299111e-05,0.3441689596,0.5996489376,0.05618210278,0.08013376019,0.08036148276
28.504,10.51755747,-0.3803166053,-0.3439258497,0.6158793685,-0.3770876937,0.5127628207,0.7221513175,7.872265455e-05,8.545380796e-05,0.3425630452,0.6013797596,0.05605719525,0.07963732867,0.07987722694
28.528,10.50870927,-0.3786654783,-0.3441259463,0.6175312736,-0.3773138806,0.5116739307,0.7236785463,7.675103154e-05,8.38581712e-05,0.3409595065,0.6031086036,0.05593188989,0.07914928925,0.07939795827
28.552,10.49987595,-0.3770144515,-0.3443096482,0.6191834198,-0.3775227929,0.5105771543,0.7251976052,7.47039349e-05,8.213669945e-05,0.3393582899,0.6048347958,0.05580691421,0.07866925386,0.07892322252
28.576,10.49105746,-0.3753637833,-0.3444771814,0.6208355296,-0.3777146228,0.5094727651,0.7267083948,7.25903929e-05,8.029078368e-05,0.3377593186,0.6065577064,0.05568297499,0.07819681495,0.07845260885
28.6,10.48225378,-0.3737137292,-0.3446287711,0.6224873256,-0.3778895667,0.5083610343,0.7282108178,7.041953702e-05,7.832252611e-05,0.3361624984,0.608276755,0.05556074663,0.07773155225,0.07798575362
28.624,10.47346485,-0.3720645406,-0.3447646421,0.6241385317,-0.378047826,0.5072422309,0.7297047797,6.820039135e-05,7.62346736e-05,0.3345677247,0.6099914145,0.05544086079,0.07727303929,0.07752234319
28.648,10.46469066,-0.3704164648,-0.3448850189,0.6257888739,-0.3781896073,0.5061166206,0.7311901899,6.594168623e-05,7.403055219e-05,0.3329748877,0.6117012149,0.05532389739,0.07682084965,0.07706211569
28.672,10.45593115,-0.3687697442,-0.3449901257,0.6274380812,-0.3783151231,0.5049844662,0.7326669626,6.365170134e-05,7.171401102e-05,0.331383878,0.6134057449,0.05521037711,0.07637456285,0.07660486175
28.696,10.4471863,-0.3671246155,-0.345080186,0.6290858864,-0.3784245915,0.5038460262,0.7341350175,6.133814105e-05,6.928938515e-05,0.3297945916,0.615104653,0.05510075538,0.07593376973,0.07615042423
28.72,10.43845606,-0.3654813095,-0.3451554231,0.6307320271,-0.3785182373,0.5027015553,0.7355942809,5.900804308e-05,6.676148885e-05,0.3282069344,0.6167976476,0.05499541802,0.07549807718,0.07569869711
28.744,10.4297404,-0.3638400503,-0.3452160594,0.6323762464,-0.3785962912,0.5015513033,0.7370446857,5.666771954e-05,6.413565417e-05,0.3266208252,0.6184844963,0.05489467847,0.07506711221,0.07524962346
28.768,10.42103928,-0.3622010547,-0.3452623165,0.6340182937,-0.3786589902,0.5003955148,0.7384861729,5.432272832e-05,6.141783366e-05,0.3250362004,0.620165024,0.05479877558,0.07464052621,0.07480319272
28.792,10.41235267,-0.3605645323,-0.345294415,0.6356579256,-0.3787065775,0.4992344288,0.7399186916,5.197787244e-05,5.861479317e-05,0.3234530173,0.621839111,0.05470787176,0.07421799962,0.07435943737
28.816,10.40368052,-0.3589306842,-0.3453125741,0.6372949067,-0.3787393024,0.4980682783,0.7413421999,4.963722444e-05,5.573443119e-05,0.3218712564,0.6235066894,0.05462205418,0.07379924408,0.07391842897
28.84,10.39502282,-0.3572997033,-0.3453170115,0.6389290104,-0.3787574201,0.4968972896,0.7427566651,4.730417371e-05,5.27862777e-05,0.3202909218,0.6251677402,0.05454133802,0.07338400307,0.07348027387
28.864,10.3863795,-0.3556717734,-0.3453079432,0.6405600194,-0.3787611909,0.495721682,0.7441620645,4.49814955e-05,4.978225032e-05,0.3187120413,0.6268222893,0.05446566947,0.0729720532,0.0730451086
28.888,10.37775055,-0.3540470692,-0.3452855826,0.6421877266,-0.3787508807,0.4945416674,0.7455583853,4.26714418e-05,4.673778419e-05,0.3171346678,0.628470403,0.05439492917,0.07256320522,0.07261309497
28.912,10.36913593,-0.3524257556,-0.3452501413,0.6438119356,-0.3787267597,0.4933574498,0.7469456252,4.037585688e-05,4.367350758e-05,0.3155588793,0.6301121841,0.05432893655,0.07215730444,0.07218441521
28.936,10.3605356,-0.3508079876,-0.3452018276,0.6454324614,-0.3786891027,0.4921692249,0.7483237927,3.809632348e-05,4.06177119e-05,0.3139847778,0.6317477673,0.05426745492,0.07175423041,0.07175926694
28.96,10.35194952,-0.3491939099,-0.3451408472,0.6470491306,-0.3786381878,0.4909771798,0.7496929069,3.583435053e-05,3.760995164e-05,0.3124124884,0.6333773145,0.05421019709,0.07135389604,0.07133785835
28.984,10.34337766,-0.3475836569,-0.3450674023,0.6486617824,-0.3785742964,0.4897814928,0.751052998,3.359162093e-05,3.470615168e-05,0.3108421581,0.6350010106,0.05415683136,0.0709562463,0.07092040347
29.008,10.33481998,-0.345977352,-0.3449816916,0.6502702687,-0.3784977122,0.4885823325,0.7524041071,3.137032917e-05,3.198541419e-05,0.3092739532,0.6366190591,0.05410698773,0.07056125653,0.07050711764
29.032,10.32627645,-0.3443751079,-0.3448839101,0.6518744542,-0.3784087207,0.4873798584,0.7537462862,2.917365686e-05,2.955783286e-05,0.3077080576,0.6382316781,0.05406026429,0.07016893035,0.07009821331
29.056,10.31774704,-0.3427770261,-0.3447742487,0.6534742174,-0.3783076084,0.4861742199,0.755079598,2.700646315e-05,2.757015028e-05,0.3061446702,0.6398390961,0.05401623367,0.06977929735,0.06969389606
29.08,10.30923171,-0.3411831969,-0.3446528939,0.65506945,-0.3781946621,0.4849655566,0.756404116,2.487631307e-05,2.620145541e-05,0.3045840022,0.6414415485,0.0539744493,0.06939241048,0.0692943611
29.104,10.30073042,-0.3395936993,-0.344520028,0.6566600578,-0.3780701681,0.4837539977,0.7577199242,2.279503908e-05,2.563750154e-05,0.3030262741,0.6430392742,0.05393445174,0.06900834328,0.06889978997
29.128,10.29224313,-0.338008601,-0.3443758287,0.6582459603,-0.3779344116,0.4825396624,0.7590271166,2.078113504e-05,2.602074785e-05,0.3014717132,0.6446325122,0.0538957746,0.06862718703,0.0685103478
29.152,10.28376983,-0.3364279583,-0.3442204691,0.6598270908,-0.3777876756,0.4813226594,0.760325797,1.886340194e-05,2.740007935e-05,0.2999205505,0.6462214991,0.05385795032,0.06824904773,0.06812618082
29.176,10.27531046,-0.3348518161,-0.3440541174,0.6614033966,-0.3776302402,0.4801030873,0.7616160787,1.708629095e-05,2.971931753e-05,0.2983730179,0.6478064666,0.05382051558,0.06787404314,0.06774741436
29.2,10.266865,-0.3332802081,-0.3438769371,0.6629748385,-0.3774623821,0.4788810342,0.7628980839,1.551692153e-05,3.285172893e-05,0.296829345,0.6493876387,0.05378301635,0.0675022998,0.0673741512
29.224,10.25843341,-0.3317131566,-0.3436890869,0.664541391,-0.3772843735,0.4776565782,0.7641719432,1.425175314e-05,3.66473585e-05,0.295289757,0.6509652305,0.05374501247,0.0671339501,0.06700647031
29.248,10.25001566,-0.3301506732,-0.3434907208,0.6661030419,-0.3770964812,0.4764297874,0.7654377953,1.341596381e-05,4.096359518e-05,0.2937544719,0.6525394461,0.0537060819,0.06676912944,0.06664442596
29.272,10.24161171,-0.3285927585,-0.343281988,0.6676597918,-0.3768989662,0.47520072,0.766695786,1.314313657e-05,4.567516905e-05,0.292223698,0.6541104776,0.05366582444,0.06640797355,0.06628804722
29.296,10.23322153,-0.3270394023,-0.3430630333,0.6692116541,-0.3766920828,0.4739694246,0.7679460679,1.353118072e-05,5.067243005e-05,0.2906976316,0.6556785035,0.05362386495,0.06605061592,0.06593733774
29.32,10.22484509,-0.3254905844,-0.3428339967,0.6707586542,-0.3764760777,0.4727359409,0.7691887995,1.460236981e-05,5.585584783e-05,0.2891764555,0.6572436883,0.0535798562,0.06569718545,0.06559227589
29.344,10.21648235,-0.3239462745,-0.3425950142,0.6723008292,-0.3762511899,0.4715002996,0.7704241448,1.630732022e-05,6.113075787e-05,0.287660337,0.6588061818,0.05353348114,0.06534780422,0.06525281524
29.368,10.20813327,-0.3224064327,-0.3423462177,0.6738382274,-0.376017649,0.4702625231,0.7716522722,1.856642645e-05,6.640383594e-05,0.2861494266,0.6603661187,0.05348445469,0.06500258555,0.06491888521
29.392,10.19979784,-0.32087101,-0.3420877351,0.6753709076,-0.3757756758,0.4690226259,0.772873354,2.130834551e-05,7.158166375e-05,0.2846438563,0.6619236186,0.05343252517,0.06466163222,0.0645903921
29.416,10.191476,-0.3193399487,-0.3418196908,0.6768989382,-0.3755254809,0.4677806151,0.7740875657,2.448682493e-05,7.657131461e-05,0.2831437394,0.6634787855,0.05337747512,0.06432503492,0.06426722029
29.44,10.18316773,-0.3178131831,-0.3415422057,0.6784223971,-0.3752672644,0.4665364912,0.7752950849,2.808243742e-05,8.128266807e-05,0.2816491693,0.6650317089,0.05331912181,0.06399287092,0.06394923363
29.464,10.174873,-0.3162906398,-0.3412553976,0.6799413705,-0.3750012156,0.4652902484,0.7764960908,3.209911375e-05,8.56319751e-05,0.2801602193,0.6665824635,0.05325731727,0.06366520302,0.0636362771
29.488,10.16659177,-0.3147722387,-0.3409593817,0.6814559522,-0.3747275124,0.4640418755,0.7776907633,3.656043288e-05,8.954602176e-05,0.2786769422,0.6681311098,0.05319194794,0.06334207862,0.06332817856
29.512,10.158324,-0.3132578935,-0.3406542705,0.6829662428,-0.3744463209,0.4627913567,0.7788792821,4.15070391e-05,9.29661321e-05,0.2771993707,0.6696776953,0.05312293399,0.06302352907,0.06302475066
29.536,10.15006968,-0.3117475124,-0.3403401742,0.6844723491,-0.3741577954,0.4615386719,0.7800618261,4.69950804e-05,9.585127335e-05,0.2757275172,0.6712222546,0.05305022823,0.06270956924,0.0627257929
29.56,10.14182876,-0.310240999,-0.3400172011,0.6859743829,-0.3738620778,0.4602837978,0.7812385725,5.30950297e-05,9.817970439e-05,0.2742613746,0.6727648105,0.05297381483,0.06240019729,0.06243109372
29.584,10.1336012,-0.3087382528,-0.3396854578,0.6874724603,-0.3735592976,0.4590267084,0.7824096961,5.988988034e-05,9.994890997e-05,0.2728009171,0.6743053752,0.05289370766,0.06209539456,0.06214043273
29.608,10.12538699,-0.3072391706,-0.3393450491,0.6889667009,-0.3732495718,0.4577673758,0.7835753683,6.747110521e-05,0.000101173905,0.2713461006,0.6758439508,0.05280994854,0.06179512572,0.06185358286
29.632,10.11718608,-0.3057436468,-0.338996079,0.6904572266,-0.3729330047,0.4565057712,0.7847357567,7.592966841e-05,0.0001018842793,0.269896864,0.6773805309,0.05272260514,0.06149933912,0.06157031268
29.656,10.10899845,-0.3042515744,-0.3386386499,0.6919441612,-0.3726096881,0.4552418651,0.7858910242,8.533756946e-05,0.0001021205147,0.2684531302,0.6789151009,0.05263176888,0.06120796716,0.06129038858
29.68,10.10082406,-0.3027628464,-0.3382728634,0.693427629,-0.3722797012,0.4539756285,0.7870413284,9.5712964e-05,0.0001019301234,0.2670148074,0.6804476399,0.05253755265,0.06092092699,0.06101357693
29.704,10.09266287,-0.3012773559,-0.3378988203,0.6949077542,-0.3719431108,0.4527070333,0.7881868208,0.0001069601064,0.000101364063,0.2655817906,0.681978121,0.05244008842,0.06063812116,0.06073964627
29.728,10.08451487,-0.2997949976,-0.3375166204,0.6963846598,-0.3715999716,0.4514360527,0.7893276464,0.0001187787068,0.0001004737247,0.2641539624,0.6835065127,0.05233952495,0.06035943859,0.0604683693
29.752,10.07638001,-0.2983156683,-0.3371263629,0.6978584671,-0.3712503263,0.4501626623,0.7904639428,0.0001305560711,9.930863376e-05,0.262731195,0.6850327796,0.05223602535,0.06008475546,0.06019952484
29.776,10.06825826,-0.296839268,-0.3367281461,0.6993292946,-0.3708942059,0.4488868403,0.7915958402,0.0001413014736,9.791486789e-05,0.2613133517,0.6865568835,0.05212976483,0.05981393633,0.05993289961
29.8,10.0601496,-0.2953657007,-0.3363220673,0.7007972572,-0.3705316302,0.447608568,0.7927234604,0.0001497402875,9.633411172e-05,0.2599002878,0.6880787838,0.05202092834,0.0595468353,0.05966828992
29.824,10.05205398,-0.2938948751,-0.335908223,0.7022624653,-0.3701626081,0.4463278301,0.7938469164,0.0001546653464,9.460322543e-05,0.2584918531,0.6895984388,0.05190970818,0.05928329724,0.05940550316
29.848,10.04397139,-0.2924267052,-0.3354867086,0.7037250246,-0.3697871381,0.4450446153,0.7949663123,0.0001554381224,9.275419357e-05,0.2570878928,0.6911158055,0.05179630166,0.05902315909,0.05914435912
29.872,10.03590178,-0.2909611115,-0.3350576182,0.7051850345,-0.369405209,0.4437589164,0.7960817429,0.0001522853611,9.081433211e-05,0.2556882503,0.6926308408,0.05168090891,0.05876625119,0.05888469115
29.896,10.02784513,-0.289498021,-0.3346210444,0.7066425884,-0.3690168001,0.4424707307,0.797193293,0.0001461370267,8.880665353e-05,0.2542927675,0.6941435014,0.05156373103,0.05851239865,0.0586263471
29.92,10.0198014,-0.2880373684,-0.334177078,0.7080977721,-0.3686218822,0.4411800597,0.7983010377,0.0001381700541,8.675031323e-05,0.2529012869,0.6956537444,0.05144496864,0.05826142278,0.05836919006
29.944,10.01177057,-0.286579096,-0.3337258081,0.709550664,-0.368220418,0.4398869096,0.7994050419,0.0001294149119,8.466108314e-05,0.2515136525,0.6971615271,0.05132482048,0.05801314246,0.05811309894
29.968,10.0037526,-0.2851231546,-0.3332673214,0.7110013342,-0.3678123627,0.4385912913,0.80050536,0.0001205923737,8.255181672e-05,0.2501297109,0.698666807,0.05120348205,0.05776737557,0.05785796883
29.992,9.995747466,-0.2836695037,-0.3328017023,0.7124498441,-0.3673976652,0.4372932201,0.8016020363,0.0001121264836,8.043288392e-05,0.2487493133,0.7001695423,0.05108114445,0.05752394034,0.05760371114
30.016,9.987755131,-0.2822181118,-0.3323290321,0.7138962458,-0.3669762682,0.4359927157,0.8026951047,0.000104225199,7.831256459e-05,0.2473723158,0.7016696909,0.05095799329,0.05728265678,0.05735025358
30.04,9.979775566,-0.2807689564,-0.3318493895,0.7153405821,-0.3665481095,0.4346898022,0.8037845887,9.696171037e-05,7.619739604e-05,0.2459985815,0.7031672108,0.05083420778,0.05704334791,0.05709753999
30.064,9.971808741,-0.2793220245,-0.3313628496,0.7167828858,-0.3661131223,0.4333845076,0.8048705012,9.033411866e-05,7.409247471e-05,0.2446279807,0.7046620592,0.05070996005,0.0568058411,0.05684552995
30.088,9.963854626,-0.2778773124,-0.3308694842,0.7182231797,-0.3656712366,0.4320768639,0.8059528455,8.430319976e-05,7.200171472e-05,0.2432603927,0.7061541927,0.05058541462,0.05656996927,0.05659419826
30.112,9.955913191,-0.2764348259,-0.3303693612,0.7196614762,-0.3652223795,0.4307669066,0.8070316145,7.881425386e-05,6.992806728e-05,0.241895706,0.707643566,0.05046072796,0.05633557199,0.05634353431
30.136,9.947984404,-0.2749945798,-0.3298625447,0.7210977773,-0.3647664759,0.4294546743,0.8081067915,7.380890184e-05,6.787370571e-05,0.2405338194,0.7091301323,0.05033604833,0.0561024966,0.05609354126
30.16,9.940068236,-0.2735565984,-0.3293490943,0.7225320745,-0.3643034501,0.4281402089,0.8091783503,6.923099682e-05,6.584018078e-05,0.2391746424,0.7106138421,0.05021151558,0.05587059913,0.0558442352
30.184,9.932164657,-0.2721209144,-0.3288290659,0.7239643488,-0.3638332258,0.4268235544,0.8102462555,6.502926175e-05,6.382855073e-05,0.2378180961,0.7120946427,0.05008726121,0.05563974524,0.05559564411
30.208,9.924273636,-0.2706875697,-0.3283025105,0.7253945705,-0.3633557273,0.4255047576,0.811310463,6.11581844e-05,6.183949036e-05,0.2364641135,0.7135724781,0.04996340843,0.05540981094,0.05534780688
30.232,9.916395144,-0.2692566141,-0.327769475,0.7268226996,-0.3628708801,0.4241838669,0.8123709204,5.757803288e-05,5.987338258e-05,0.2351126396,0.7150472881,0.04984007236,0.0551806833,0.05510077217
30.256,9.908529151,-0.2678281056,-0.3272300017,0.728248686,-0.3623786119,0.4228609324,0.8134275672,5.42544642e-05,5.793039601e-05,0.2337636321,0.7165190076,0.04971736028,0.05495226098,0.05485459723
30.28,9.900675627,-0.2664021096,-0.3266841286,0.7296724693,-0.3618788533,0.4215360054,0.8144803355,5.115797717e-05,5.601055113e-05,0.2324170612,0.7179875668,0.04959537196,0.05472445471,0.0546093468
30.304,9.892834543,-0.2649786986,-0.3261318891,0.7310939794,-0.3613715384,0.4202091382,0.8155291506,4.826333852e-05,5.411377789e-05,0.2310729098,0.7194528902,0.0494742,0.05449718762,0.05436509184
30.328,9.885005869,-0.263557952,-0.3255733125,0.7325131367,-0.3608566055,0.4188803838,0.8165739312,4.554904466e-05,5.22399667e-05,0.2297311734,0.7209148963,0.04935393027,0.05427039543,0.0541219084
30.352,9.877189576,-0.2621399551,-0.3250084239,0.7339298526,-0.3603339981,0.4175497954,0.8176145906,4.29968459e-05,5.038901499e-05,0.22839186,0.7223734977,0.0492346423,0.05404402657,0.05387987645
30.376,9.869385633,-0.2607247988,-0.3244372441,0.7353440296,-0.3598036651,0.4162174265,0.8186510363,4.059134211e-05,4.856087128e-05,0.2270549899,0.7238286003,0.04911640977,0.05381804216,0.0536390787
30.4,9.861594013,-0.2593125793,-0.3238597907,0.7367555621,-0.3592655618,0.4148833303,0.8196831718,3.831964976e-05,4.675557836e-05,0.2257205952,0.7252801039,0.04899930097,0.05359241589,0.0533995995
30.424,9.853814686,-0.2579033974,-0.3232760771,0.7381643367,-0.3587196503,0.41354756,0.8207108964,3.617113648e-05,4.497331761e-05,0.2243887195,0.7267279013,0.04888337923,0.05336713382,0.05316152381
30.448,9.846047622,-0.2564973577,-0.3226861138,0.7395702327,-0.3581658998,0.4122101679,0.821734106,3.413721825e-05,4.321445619e-05,0.2230594177,0.7281718789,0.04876870338,0.05314219398,0.05292493614
30.472,9.838292793,-0.2550945687,-0.3220899081,0.740973123,-0.3576042876,0.4108712059,0.8227526941,3.221121405e-05,4.147959926e-05,0.2217327549,0.7296119169,0.04865532823,0.052917606,0.0526899196
30.496,9.830550171,-0.2536951415,-0.3214874645,0.7423728743,-0.3570347991,0.4095307249,0.823766552,3.038825343e-05,3.976964936e-05,0.2204088062,0.7310478889,0.04854330495,0.05269339058,0.05245655504
30.52,9.822819725,-0.2522991901,-0.3208787853,0.7437693479,-0.3564574282,0.4081887752,0.8247755701,2.866523225e-05,3.808587569e-05,0.2190876559,0.7324796626,0.04843268151,0.05246957888,0.05222492019
30.544,9.815101427,-0.25090683,-0.3202638705,0.7451624004,-0.355872178,0.4068454056,0.8257796377,2.704081132e-05,3.642999611e-05,0.2177693967,0.7339071003,0.04832350303,0.05224621185,0.0519950889
30.568,9.80739525,-0.2495181785,-0.3196427184,0.7465518844,-0.3552790608,0.4055006644,0.8267786446,2.551545025e-05,3.480427547e-05,0.216454129,0.7353300589,0.04821581215,0.0520233395,0.05176713052
30.592,9.799701164,-0.2481333537,-0.3190153259,0.7479376491,-0.3546780982,0.4041545984,0.827772481,2.409146412e-05,3.321164378e-05,0.2151419601,0.7367483906,0.04810964932,0.05180102008,0.05154110921
30.616,9.79201914,-0.2467524742,-0.3183816889,0.7493195411,-0.3540693217,0.4028072534,0.8287610387,2.277308269e-05,3.165583855e-05,0.2138330031,0.7381619438,0.04800505307,0.05157931927,0.0513170835
30.64,9.784349151,-0.2453756586,-0.3177418024,0.7506974052,-0.3534527722,0.4014586739,0.8297442114,2.156647923e-05,3.014157479e-05,0.2125273766,0.7395705631,0.04790206027,0.05135830929,0.05109510579
30.664,9.776691169,-0.2440030251,-0.3170956613,0.752071085,-0.3528285009,0.4001089035,0.8307218956,2.047971998e-05,2.867474536e-05,0.211225203,0.7409740907,0.04780070627,0.05113806795,0.050875222
30.688,9.769045164,-0.242634691,-0.3164432601,0.7534404235,-0.3521965684,0.3987579844,0.8316939909,1.952256722e-05,2.726265126e-05,0.2099266083,0.7423723666,0.04770102507,0.05091867781,0.0506574713
30.712,9.76141111,-0.2412707724,-0.3157845939,0.7548052643,-0.3515570454,0.3974059579,0.8326604009,1.870605795e-05,2.591425521e-05,0.2086317208,0.7437652297,0.04760304943,0.05070022514,0.05044188591
30.736,9.753788977,-0.2399113836,-0.3151196582,0.7561654519,-0.3509100121,0.3960528638,0.8336210334,1.804178906e-05,2.46404411e-05,0.2073406703,0.7451525188,0.04750681085,0.05048279905,0.05022849092
30.76,9.746178739,-0.2385566369,-0.3144484495,0.7575208328,-0.3502555584,0.3946987413,0.8345758014,1.754088789e-05,2.345424359e-05,0.2060535872,0.7465340731,0.04741233967,0.05026649052,0.05001730432
30.784,9.738580366,-0.2372066423,-0.3137709653,0.7588712557,-0.3495937833,0.3933436282,0.8355246232,1.721274266e-05,2.237098543e-05,0.2047706016,0.7479097334,0.04731966493,0.05005139149,0.04980833693
30.808,9.730993833,-0.2358615069,-0.3130872049,0.7602165728,-0.348924795,0.3919875614,0.8364674232,1.706369325e-05,2.140822641e-05,0.2034918425,0.7492793431,0.04722881434,0.04983759394,0.04960159255
30.832,9.72341911,-0.2345213349,-0.3123971688,0.76155664,-0.3482487105,0.3906305769,0.837404132,1.709598146e-05,2.058539611e-05,0.2022174369,0.7506427489,0.04713981414,0.04962518906,0.04939706813
30.856,9.715856171,-0.2331862269,-0.3117008598,0.762891318,-0.3475656552,0.3892727096,0.8383346872,1.730725397e-05,1.992297508e-05,0.2009475091,0.751999802,0.04705268891,0.04941426634,0.04919475391
30.88,9.708304987,-0.23185628,-0.3109982827,0.7642204724,-0.3468757623,0.3879139936,0.8392590333,1.76907692e-05,1.94411399e-05,0.1996821795,0.7533503591,0.04696746136,0.04920491283,0.04899463378
30.904,9.700765532,-0.2305315872,-0.3102894445,0.7655439749,-0.3461791728,0.386554462,0.8401771225,1.823623649e-05,1.915792845e-05,0.1984215648,0.7546942831,0.04688415211,0.04899721236,0.04879668557
30.928,9.693237778,-0.2292122375,-0.3095743549,0.7668617034,-0.3454760345,0.3851941472,0.8410889148,1.893103129e-05,1.90872018e-05,0.1971657762,0.7560314444,0.04680277938,0.04879124481,0.04860088143
30.952,9.685721698,-0.2278983152,-0.3088530261,0.7681735429,-0.3447665021,0.3838330806,0.8419943782,1.976147217e-05,1.923688567e-05,0.1959149197,0.7573617216,0.04672335874,0.04858708549,0.04840718829
30.976,9.678217265,-0.2265899001,-0.308125473,0.7694793857,-0.3440507358,0.3824712929,0.842893489,2.071391284e-05,1.960801656e-05,0.1946690948,0.7586850025,0.04664590271,0.04838480451,0.04821556829
31,9.670724452,-0.225287067,-0.3073917133,0.7707791321,-0.3433289015,0.3811088138,0.8437862319,2.177552745e-05,2.019490238e-05,0.1934283947,0.7600011848,0.04657042052,0.04818446624,0.04802597926
31.024,9.663243231,-0.2239898859,-0.3066517679,0.7720726909,-0.3426011697,0.3797456724,0.8446726002,2.293477965e-05,2.098631891e-05,0.1921929051,0.7613101773,0.04649691765,0.04798612887,0.04783837529
31.048,9.655773576,-0.2226984211,-0.3059056603,0.7733599795,-0.3418677151,0.3783818967,0.8455525959,2.418163147e-05,2.196732627e-05,0.1909627042,0.7626119002,0.04642539557,0.0477898439,0.04765270724
31.072,9.648315461,-0.2214127318,-0.3051534173,0.7746409245,-0.3411287155,0.377017514,0.8464262298,2.550756993e-05,2.312118428e-05,0.1897378624,0.7639062863,0.04635585136,0.04759565588,0.04746892329
31.096,9.640868858,-0.2201328715,-0.3043950686,0.7759154619,-0.3403843517,0.3756525507,0.8472935211,2.690552242e-05,2.443096714e-05,0.1885184417,0.765193281,0.04628827731,0.04740360206,0.04728696951
31.12,9.63343374,-0.218858888,-0.3036306469,0.7771835375,-0.3396348064,0.3742870324,0.8481544981,2.836971555e-05,2.588069664e-05,0.1873044956,0.7664728437,0.04622266067,0.04721371215,0.04710679042
31.144,9.626010082,-0.2175908234,-0.3028601881,0.7784451069,-0.3388802634,0.3729209836,0.8490091974,2.989551317e-05,2.745599629e-05,0.1860960691,0.7677449476,0.04615898328,0.0470260082,0.04692832952
31.168,9.618597857,-0.2163287137,-0.3020837309,0.7797001358,-0.3381209072,0.3715544279,0.8498576644,3.147925544e-05,2.914436741e-05,0.1848931983,0.7690095804,0.04609722131,0.04684050446,0.04675152988
31.192,9.611197038,-0.2150725889,-0.3013013169,0.7809486003,-0.3373569218,0.3701873878,0.8506999524,3.311811005e-05,3.093521138e-05,0.1836959105,0.7702667445,0.04603734495,0.04665720736,0.04657633458
31.216,9.603807599,-0.213822473,-0.3005129906,0.7821904866,-0.3365884904,0.3688198849,0.8515361232,3.480994035e-05,3.281970508e-05,0.1825042242,0.7715164575,0.04597931826,0.04647611551,0.04640268729
31.24,9.596429513,-0.2125783838,-0.2997187993,0.7834257913,-0.3358157942,0.3674519396,0.8523662465,3.655319158e-05,3.479060643e-05,0.1813181491,0.772758752,0.04592309891,0.04629721982,0.04623053269
31.264,9.589062756,-0.2113403328,-0.2989187929,0.7846545214,-0.3350390121,0.3660835711,0.8531903994,3.834679402e-05,3.684203815e-05,0.180137686,0.7739936759,0.04586863809,0.04612050358,0.04605981691
31.288,9.5817073,-0.2101083253,-0.2981130238,0.7858766941,-0.3342583196,0.3647147972,0.8540086666,4.019008118e-05,3.896927714e-05,0.1789628276,0.775221292,0.04581588035,0.0459459427,0.04589048793
31.312,9.57436312,-0.2088823605,-0.2973015468,0.7870923369,-0.3334738881,0.3633456347,0.8548211396,4.208272079e-05,4.116856239e-05,0.177793558,0.7764416784,0.04576476364,0.04577350594,0.04572249593
31.336,9.567030189,-0.2076624311,-0.2964844192,0.788301487,-0.3326858843,0.3619760988,0.8556279168,4.402465648e-05,4.343692619e-05,0.1766298533,0.7776549275,0.0457152192,0.04560315523,0.04555579361
31.36,9.559708482,-0.2064485238,-0.2956617001,0.7895041918,-0.3318944695,0.3606062033,0.8564291026,4.601605792e-05,4.577204885e-05,0.175471682,0.7788611463,0.04566717172,0.04543484597,0.04539033643
31.384,9.552397973,-0.2052406189,-0.2948334508,0.7907005082,-0.3310997986,0.3592359605,0.8572248073,4.805727774e-05,4.817213473e-05,0.1743190051,0.7800604555,0.04562053938,0.04526852748,0.04522608285
31.408,9.545098637,-0.2040386906,-0.2939997342,0.7918905023,-0.33030202,0.3578653811,0.8580151467,5.014881374e-05,5.063580668e-05,0.1731717769,0.7812529891,0.04557523405,0.04510414339,0.04506299448
31.432,9.537810448,-0.2028427069,-0.2931606151,0.7930742493,-0.3295012742,0.356494474,0.8588002414,5.22912748e-05,5.31620156e-05,0.1720299448,0.7824388937,0.04553116149,0.0449416321,0.0449010362
31.456,9.53053338,-0.2016526298,-0.2923161596,0.7942518331,-0.328697694,0.3551232466,0.8595802164,5.448534958e-05,5.574996219e-05,0.1708934506,0.7836183277,0.04548822164,0.04478092735,0.04474017621
31.48,9.523267408,-0.2004684154,-0.291466435,0.7954233459,-0.3278914029,0.3537517044,0.8603552007,5.67317768e-05,5.839902817e-05,0.1697622302,0.7847914608,0.04544630893,0.04462195869,0.04458038611
31.504,9.516012506,-0.1992900139,-0.2906115098,0.7965888877,-0.3270825157,0.3523798508,0.8611253265,5.90313163e-05,6.110871469e-05,0.1686362148,0.7859584725,0.04540531264,0.04446465205,0.04442164079
31.528,9.50876865,-0.1981173696,-0.2897514533,0.7977485659,-0.3262711369,0.3510076877,0.8618907292,6.138472009e-05,6.387858582e-05,0.167515331,0.7871195516,0.04536511741,0.04430893037,0.04426391841
31.552,9.501535814,-0.1969504213,-0.2888863356,0.7989024949,-0.3254573609,0.3496352147,0.8626515462,6.379270257e-05,6.670821556e-05,0.1663995016,0.7882748948,0.04532560359,0.04415471414,0.04410720031
31.576,9.494313973,-0.1957891024,-0.2880162271,0.8000507955,-0.3246412711,0.3482624293,0.8634079166,6.625590936e-05,6.959713688e-05,0.1652886461,0.789424706,0.04528664789,0.04400192205,0.04395147077
31.6,9.487103101,-0.1946333406,-0.2871411987,0.8011935945,-0.3238229399,0.3468893272,0.8641599808,6.877488402e-05,7.254479153e-05,0.1641826816,0.7905691945,0.04524812387,0.04385047158,0.04379671692
31.624,9.479903175,-0.1934830589,-0.2862613214,0.8023310239,-0.3230024278,0.3455159015,0.8649078797,7.135003209e-05,7.555047965e-05,0.163081523,0.7917085745,0.04520990255,0.04370027967,0.04364292843
31.648,9.472714168,-0.1923381749,-0.285376666,0.8034632205,-0.3221797835,0.3441421436,0.8656517543,7.39815819e-05,7.861330824e-05,0.1619850838,0.7928430631,0.04517185312,0.04355126328,0.04349009729
31.672,9.465536057,-0.1911986017,-0.2844873029,0.8045903253,-0.3213550433,0.3427680423,0.8663917448,7.666954165e-05,8.173213779e-05,0.1608932768,0.7939728797,0.04513384356,0.04340334006,0.04333821754
31.696,9.458368816,-0.1900642476,-0.2835933024,0.8057124828,-0.320528231,0.3413935843,0.8671279904,7.94136521e-05,8.490552644e-05,0.1598060146,0.7950982439,0.04509574141,0.04325642895,0.04318728491
31.72,9.451212421,-0.1889350166,-0.2826947339,0.8068298405,-0.3196993575,0.3400187539,0.8678606286,8.221333465e-05,8.813167114e-05,0.1587232105,0.796219375,0.04505741452,0.04311045072,0.04303729653
31.744,9.444066847,-0.1878108085,-0.2817916658,0.8079425481,-0.3188684208,0.3386435334,0.8685897943,8.506763427e-05,9.140834553e-05,0.1576447785,0.7973364897,0.0450187318,0.04296532859,0.04288825053
31.768,9.43693207,-0.1866915192,-0.2808841658,0.809050757,-0.3180354059,0.3372679023,0.8693156198,8.797515709e-05,9.47328343e-05,0.1565706344,0.7984498015,0.04497956408,0.04282098878,0.04274014573
31.792,9.429808065,-0.1855770411,-0.2799723001,0.8101546195,-0.3172002845,0.3358918383,0.8700382336,9.093400245e-05,9.810186399e-05,0.1555006963,0.7995595188,0.04493978495,0.04267736098,0.04259298119
31.816,9.422694808,-0.1844672629,-0.2790561339,0.8112542883,-0.316363015,0.3345153165,0.8707577606,9.394168954e-05,0.0001015115304,0.1544348847,0.8006658438,0.04489927157,0.04253437889,0.04244675589
31.84,9.415592274,-0.1833620703,-0.2781357306,0.8123499158,-0.3155235426,0.3331383098,0.8714743207,9.699507872e-05,0.000104957223,0.1533731235,0.8017689709,0.04485790563,0.04239198065,0.04230146827
31.864,9.408500439,-0.1822613462,-0.2772111519,0.8134416532,-0.3146817992,0.3317607889,0.872188029,0.0001000902883,0.0001084335471,0.1523153403,0.8028690855,0.04481557414,0.04225010926,0.0421571159
31.888,9.40141928,-0.1811649709,-0.2762824578,0.8145296501,-0.3138377038,0.3303827223,0.8728989948,0.0001032226077,0.0001119342445,0.1512614669,0.8039663628,0.04477217035,0.04210871303,0.0420136951
31.912,9.394348772,-0.1800728224,-0.2753497065,0.8156140537,-0.3129911621,0.3290040763,0.8736073215,0.0001063864075,0.0001154521141,0.1502114394,0.805060966,0.04472759461,0.04196774584,0.04187120056
31.936,9.38728889,-0.1789847766,-0.2744129538,0.8166950083,-0.312142067,0.3276248151,0.8743131055,0.0001095750503,0.0001189789342,0.1491651991,0.8061530457,0.04468175524,0.04182716758,0.04172962501
31.96,9.380239612,-0.177900708,-0.2734722537,0.8177726543,-0.3112902989,0.326244901,0.8750164366,0.000112780802,0.0001225053881,0.1481226925,0.8072427381,0.04463456938,0.04168694434,0.04158895886
31.984,9.373200913,-0.1768204896,-0.2725276575,0.8188471279,-0.3104357255,0.3248642942,0.8757173965,0.000115994749,0.0001260209962,0.1470838718,0.8083301642,0.04458596395,0.04154704872,0.0414491899
32.008,9.366172769,-0.1757439934,-0.2715792145,0.8199185601,-0.3095782025,0.3234829531,0.8764160591,0.0001192067237,0.0001295140562,0.1460486951,0.8094154284,0.04453587653,0.04140745995,0.0413103029
32.032,9.359155157,-0.1746710905,-0.2706269714,0.8209870766,-0.3087175736,0.3221008344,0.87711249,0.0001224052426,0.0001329715954,0.1450171266,0.8104986171,0.04448425631,0.0412681641,0.04117227932
32.056,9.352148053,-0.173601652,-0.2696709724,0.8220527962,-0.307853671,0.3207178931,0.8778067456,0.0001255774625,0.0001363793376,0.1439891368,0.8115797981,0.04443106503,0.04112915415,0.04103509697
32.08,9.345151434,-0.1725355485,-0.2687112594,0.8231158314,-0.3069863154,0.3193340827,0.8784988729,0.0001287091599,0.0001397216879,0.1429647031,0.812659019,0.04437627793,0.0409904301,0.04089872976
32.104,9.338165275,-0.1714726512,-0.2677478714,0.8241762865,-0.3061153168,0.3179493556,0.8791889094,0.0001317847377,0.0001429817381,0.1419438091,0.8137363062,0.04431988462,0.04085199903,0.04076314741
32.128,9.331189554,-0.1704128316,-0.2667808452,0.8252342578,-0.3052404745,0.3165636627,0.879876882,0.0001347872655,0.0001461412944,0.1409264459,0.8148116641,0.04426188998,0.04071387519,0.04062831529
32.152,9.324224247,-0.1693559624,-0.2658102149,0.8262898326,-0.3043615772,0.315176954,0.8805628071,0.0001376985576,0.0001491809288,0.1399126114,0.8158850736,0.04420231498,0.0405760801,0.04049419419
32.176,9.317269331,-0.1683019172,-0.2648360122,0.8273430886,-0.3034784039,0.3137891787,0.8812466896,0.0001404992899,0.0001520800536,0.1389023112,0.8169564913,0.04414119746,0.04043864278,0.04036074023
32.2,9.310324783,-0.1672505711,-0.2638582665,0.8283940932,-0.3025907235,0.3124002854,0.8819285229,0.0001431691575,0.0001548170156,0.1378955591,0.8180258483,0.04407859264,0.04030160027,0.04022790473
32.224,9.303390578,-0.1662018011,-0.2628770048,0.8294429024,-0.3016982952,0.3110102223,0.8826082878,0.0001456870693,0.0001573692054,0.1368923787,0.8190930486,0.04401457263,0.04016499913,0.04009563413
32.248,9.296466696,-0.1651554862,-0.2618922523,0.8304895607,-0.3008008685,0.3096189375,0.883285952,0.0001480313741,0.0001597131728,0.1358928097,0.8201579684,0.04394922187,0.04002890134,0.03996387001
32.272,9.289553111,-0.1641115073,-0.2609040322,0.8315340994,-0.2998981828,0.3082263792,0.8839614689,0.0001501801043,0.0001618247339,0.1348969293,0.8212204538,0.04388261687,0.03989340592,0.0398325491
32.296,9.282649802,-0.1630697479,-0.2599123662,0.8325765361,-0.2989899672,0.3068324963,0.8846347772,0.0001521112222,0.0001636790559,0.1339047132,0.8222803192,0.04381496757,0.0397585093,0.03970160341
32.32,9.275756745,-0.162030094,-0.2589172748,0.8336168734,-0.2980759397,0.3054372384,0.8853057988,0.0001538028443,0.0001652506926,0.1329160307,0.823337345,0.04374662426,0.03962410048,0.03957096035
32.344,9.268873918,-0.1609924341,-0.257918778,0.8346550971,-0.2971558054,0.3040405563,0.8859744375,0.0001552334129,0.0001665135447,0.1319312242,0.8243912743,0.04367750156,0.03949054019,0.03944054269
32.368,9.262001298,-0.1599566588,-0.2569168957,0.8356911752,-0.2962292552,0.3026424028,0.8866405765,0.0001563817755,0.0001674407083,0.1309503314,0.8254418057,0.04360786284,0.03935788299,0.03931026574
32.392,9.255138861,-0.1589226612,-0.2559116487,0.8367250549,-0.295295962,0.301242733,0.8873040757,0.0001572271262,0.0001680041674,0.1299734242,0.8264885737,0.04353800209,0.03922621534,0.03918002273
32.416,9.248286587,-0.1578903359,-0.2549030598,0.8377566603,-0.294355577,0.2998415049,0.8879647671,0.0001577487466,0.0001681742764,0.129000609,0.8275311433,0.04346824775,0.03909565601,0.03904968745
32.44,9.241444451,-0.1568595787,-0.2538911553,0.8387858884,-0.2934077221,0.2984386807,0.8886224496,0.000157925473,0.0001679189677,0.1280320187,0.8285690681,0.04339891316,0.03896634763,0.03891918193
32.464,9.234612432,-0.1558302846,-0.2528759672,0.8398126046,-0.2924519808,0.2970342276,0.8892768814,0.0001577347893,0.0001672026026,0.1270678277,0.8296018125,0.04333035985,0.0388384704,0.0387884127
32.488,9.227790507,-0.154802347,-0.2518575359,0.8408366356,-0.2914878826,0.2956281195,0.8899277687,0.0001571514109,0.0001659843646,0.1261083969,0.8306287137,0.04326288947,0.03871238714,0.03865725267
32.512,9.220978654,-0.1537756539,-0.2508359147,0.8418577608,-0.290514881,0.2942203389,0.8905747501,0.0001561451689,0.0001642160728,0.1251678893,0.831648963,0.04318314772,0.03860225702,0.0385255505
32.536,9.21417685,-0.1527500838,-0.2498111757,0.8428756996,-0.2895323183,0.2928108802,0.8912173744,0.0001546779138,0.0001618392693,0.1242031414,0.832661511,0.04313534757,0.03846490588,0.03839307645
32.56,9.207385074,-0.1517254983,-0.248783419,0.843890094,-0.2885393697,0.2913997536,0.8918550659,0.0001526990234,0.0001587814221,0.123257178,0.8336650896,0.04307773235,0.03834333833,0.03825960576
32.584,9.200603302,-0.150701731,-0.2477527876,0.8449004845,-0.2875349513,0.289986992,0.8924870738,0.0001501388941,0.0001549511064,0.1223148512,0.834658141,0.04302700776,0.03822237315,0.03812494004
32.608,9.193831514,-0.1496785678,-0.2467194911,0.8459062779,-0.2865175638,0.2885726615,0.8931123924,0.0001468995071,0.0001502321458,0.1213704886,0.8356384895,0.04299102188,0.03809628608,0.03798872158
32.632,9.187069686,-0.1486557133,-0.2456838458,0.8469067074,-0.2854850113,0.2871568791,0.8937296362,0.0001428408121,0.000144477037,0.1204070457,0.8366031573,0.04298979697,0.03794795213,0.03785047376
32.656,9.180317798,-0.1476327285,-0.2446463485,0.8479007995,-0.2844338694,0.2857398438,0.8943368447,0.0001377614239,0.0001375008133,0.1194054812,0.8375480375,0.04304648127,0.03775820389,0.03770962682
32.68,9.173575826,-0.1466089075,-0.2436078172,0.8488874127,-0.2833584087,0.2843218957,0.8949311857,0.0001313726022,0.00012907836,0.1184027752,0.8384673933,0.04312983157,0.03756381751,0.03756554943
32.704,9.16684375,-0.1455830106,-0.2425696892,0.8498656333,-0.2822482301,0.2829036357,0.895508603,0.0001232676065,0.0001189520122,0.1174276715,0.8393534984,0.04321883004,0.03739318926,0.03741782617
32.728,9.160121547,-0.1445526121,-0.2415347199,0.8508368172,-0.2810825805,0.2814861961,0.8960640081,0.0001128995246,0.0001068636441,0.1164563837,0.8401980835,0.04334553279,0.03722189234,0.03726736549
32.752,9.153409196,-0.1435122146,-0.2405089041,0.8518149323,-0.2798155475,0.2800719349,0.8965965757,9.961190483e-05,9.26390238e-05,0.1154454021,0.8410087072,0.04354589073,0.03700510341,0.03712327911
32.776,9.146706676,-0.1424461782,-0.2395080982,0.8528859521,-0.2783417028,0.2786665441,0.8971558119,8.284075586e-05,7.637887237e-05,0.1143147167,0.8420312462,0.0436540371,0.03665966707,0.03714268958
32.8,9.140013963,-0.1412863492,-0.2385915215,0.8545405616,-0.2766045814,0.2772863981,0.8981924437,6.276013909e-05,5.888488998e-05,0.1134012099,0.8430900259,0.04350876413,0.0365134594,0.03634035653
32.824,9.133331038,-0.138923035,-0.2381422165,0.8570432848,-0.2762314376,0.2757015142,0.9004593268,4.207955524e-05,4.272575639e-05,0.1124344985,0.8471279588,0.0404375427,0.03642317182,0.03630095782
32.848,9.126657879,-0.1399876135,-0.2352462006,0.8576830525,-0.2763962707,0.2737467932,0.9011188141,3.094436392e-05,3.444000733e-05,0.1112763994,0.8481906273,0.04053297328,0.03633909163,0.03617550909
32.872,9.119994463,-0.138795962,-0.2346691239,0.8581381184,-0.2755530108,0.2726424706,0.9012937879,4.020233667e-05,4.030066836e-05,0.1106040718,0.8484261829,0.04096974525,0.03627015344,0.03609568921
32.896,9.113340771,-0.1377264521,-0.2337094673,0.8588366784,-0.2744669849,0.2712723552,0.9016277314,5.709031535e-05,5.43358556e-05,0.1098004162,0.8489714527,0.04122813111,0.03621172228,0.03603888374
32.92,9.10669678,-0.136692575,-0.2326776912,0.8596572408,-0.2733338803,0.2698587928,0.9020653978,7.210123573e-05,6.931552503e-05,0.1089735533,0.8496649483,0.04136149832,0.03614978008,0.03594296171
32.944,9.10006247,-0.1356740304,-0.2316179613,0.8605359552,-0.272189067,0.2684293623,0.9025569336,8.337466466e-05,8.243113622e-05,0.1081311828,0.8504518943,0.04141692287,0.03607685333,0.03584286917
32.968,9.093437818,-0.1346641181,-0.2305431083,0.8614443626,-0.2710391411,0.2669916656,0.9030772979,9.121226119e-05,9.293352729e-05,0.107278397,0.8512613221,0.0414602809,0.03599383923,0.03571270751
32.992,9.086822806,-0.1336600604,-0.2294582183,0.8623686666,-0.2698849011,0.2655486504,0.9036136215,9.636750202e-05,0.0001008721431,0.1064198851,0.85207383,0.04150628482,0.03590379014,0.03555624297
33.016,9.08021741,-0.1326605481,-0.228365709,0.863301519,-0.268725983,0.2641017191,0.9041588171,9.954968501e-05,0.0001065883625,0.1055589424,0.8529100415,0.04153101613,0.03580921442,0.03540686351
33.04,9.07362161,-0.1316649257,-0.2272668777,0.8642386799,-0.2675619089,0.2626516445,0.9047087215,0.0001013107674,0.0001104897462,0.1046973331,0.8539750288,0.04132763807,0.0357114365,0.03547714576
33.064,9.067035386,-0.1306728673,-0.2261624863,0.8651775364,-0.2663923204,0.2611989059,0.9052607568,0.0001020522012,0.000112954503,0.1038362386,0.8552935643,0.04087019713,0.0356113597,0.03579651366
33.088,9.060458716,-0.1296842301,-0.2250530148,0.8661163903,-0.2652170123,0.2597438334,0.9058132618,0.0001020592593,0.0001142998153,0.1029768011,0.8561253318,0.04089786716,0.03550993164,0.03562765349
33.112,9.05389158,-0.1286989815,-0.2239387848,0.8670540896,-0.2640359175,0.2582866764,0.9063651361,0.0001015340024,0.0001147789832,0.1021195714,0.8568774858,0.04100294278,0.03540755391,0.03537971264
33.136,9.047333957,-0.1277171602,-0.2228200242,0.8679898262,-0.2628490861,0.2568276391,0.9069156413,0.0001006204839,0.000114589485,0.101264866,0.8576620147,0.04107311935,0.03530441967,0.03516602113
33.16,9.040785826,-0.1267388535,-0.2216969035,0.86892302,-0.2616566655,0.2553669008,0.9074642832,9.942255841e-05,0.0001138836815,0.1004128996,0.8584681754,0.04111892502,0.03520063566,0.0349767371
33.184,9.034247167,-0.1257641841,-0.2205695572,0.869853249,-0.2604588867,0.2539046269,0.9080107413,9.801609892e-05,0.0001127788316,0.09956381534,0.8592852193,0.04115096538,0.03509624618,0.03480170018
33.208,9.02771796,-0.1247933014,-0.2194380972,0.8707802055,-0.2592560523,0.2524409764,0.9085548233,9.645731137e-05,0.0001113653877,0.09871770037,0.8601072849,0.04117501469,0.03499124451,0.03463540563
33.232,9.021198182,-0.1238263763,-0.2183026213,0.8717036691,-0.2580485292,0.2509761063,0.9090964361,9.478840891e-05,0.0001097134892,0.09787460904,0.8609312935,0.04119409742,0.03488559413,0.03447495139
33.256,9.014687816,-0.1228635971,-0.2171632189,0.8726234883,-0.2568367424,0.2495101745,0.909635567,9.304151575e-05,0.0001078779063,0.09703459188,0.8617556453,0.04120976281,0.03477925606,0.034318769
33.28,9.008186839,-0.1219051673,-0.2160199751,0.873539569,-0.2556211708,0.2480433419,0.9101722703,9.124138275e-05,0.0001059017543,0.09619769427,0.8625795679,0.04122273787,0.0346721865,0.03416599503
33.304,9.001695232,-0.120951303,-0.2148729729,0.8744518661,-0.2544023442,0.2465757737,0.910706659,8.940729981e-05,0.0001038192715,0.09536395067,0.8634027438,0.04123330558,0.03456433051,0.03401611417
33.328,8.995212974,-0.1200022322,-0.2137222956,0.8753603784,-0.2531808408,0.2451076404,0.9112388985,8.755445998e-05,0.0001016578952,0.09453340456,0.8642251978,0.04124139762,0.03445564151,0.0338688573
33.352,8.988740046,-0.1190581934,-0.2125680283,0.8762651452,-0.2519572858,0.2436391185,0.9117692024,8.569494506e-05,9.943982062e-05,0.09370624646,0.865047287,0.04124646658,0.03434621907,0.03372419854
33.376,8.982276426,-0.1181194348,-0.2114102583,0.8771662438,-0.2507323496,0.2421703908,0.9122978299,8.383844661e-05,9.718317554e-05,0.09288309538,0.8658694879,0.04124741668,0.03423659017,0.03358214813
33.4,8.975822096,-0.1171862138,-0.2102490765,0.8780637878,-0.2495067476,0.240701647,0.9128250832,8.199279992e-05,9.490291177e-05,0.09206084279,0.8666924182,0.04124673898,0.03412355319,0.03344277662
33.424,8.969377034,-0.1162587964,-0.2090845777,0.8789579265,-0.2482812389,0.2392330838,0.913351307,8.016438401e-05,9.261148682e-05,0.09124279976,0.8675168262,0.04124037399,0.03401032495,0.03330620759
33.448,8.962941222,-0.1153374573,-0.2079168608,0.8798488434,-0.2470566264,0.2377649051,0.9138768866,7.835842457e-05,9.031938867e-05,0.09042815517,0.8683435742,0.04122827065,0.03389599896,0.03317260208
33.472,8.956514639,-0.1144224795,-0.2067460291,0.8807367567,-0.2458337561,0.236297322,0.9144022475,7.657922597e-05,8.803554331e-05,0.08961681343,0.8691736272,0.04120955932,0.03378038319,0.03304214919
33.496,8.950097265,-0.1135141547,-0.2055721904,0.8816219179,-0.2446135175,0.2348305533,0.9149278546,7.483035063e-05,8.576763381e-05,0.08880879274,0.8700080469,0.04118316034,0.03366339835,0.03291506041
33.52,8.943689081,-0.1126127835,-0.2043954568,0.8825046117,-0.2433968434,0.2333648255,0.9154542113,7.311475944e-05,8.352235263e-05,0.08800413661,0.8708479863,0.04114787706,0.03354498948,0.03279156634
33.544,8.937290067,-0.1117186768,-0.2032159446,0.8833851546,-0.2421847106,0.2319003727,0.9159818587,7.143492267e-05,8.130560305e-05,0.08720290308,0.8716946869,0.04110241004,0.03342511511,0.03267191481
33.568,8.930900203,-0.1108321563,-0.2020337736,0.8842638942,-0.2409781407,0.2304374374,0.9165113741,6.979290906e-05,7.912266246e-05,0.0864051631,0.8725494753,0.04104536157,0.03330374569,0.03255637024
33.592,8.924519469,-0.1099535573,-0.2008490667,0.8851412064,-0.2397782011,0.2289762703,0.9170433692,6.819045849e-05,7.697831693e-05,0.08561100087,0.8734137608,0.0409752383,0.03318086385,0.03244521391
33.616,8.918147846,-0.1090832316,-0.1996619487,0.8860174927,-0.2385860075,0.2275171316,0.9175784873,6.662904294e-05,7.487697526e-05,0.08482051471,0.8742890311,0.04089045421,0.0330564651,0.03233874503
33.64,8.911785315,-0.1082215516,-0.1984725448,0.8868931753,-0.2374027264,0.2260602913,0.9181173993,6.510991958e-05,7.282276971e-05,0.08403381844,0.8751768463,0.04078933523,0.03293055891,0.03223728214
33.664,8.905431856,-0.1073689184,-0.1972809784,0.8877686894,-0.2362295794,0.2246060308,0.9186607971,6.363417996e-05,7.081965071e-05,0.08325104325,0.8760788294,0.04067012736,0.03280317014,0.03214116428
33.688,8.89908745,-0.1065257712,-0.1960873672,0.8886444724,-0.2350678501,0.2231546448,0.9192093845,6.220279961e-05,6.887148445e-05,0.08247234061,0.8769966474,0.04053101204,0.03267434125,0.03205075014
33.712,8.892752076,-0.1056926051,-0.1948918179,0.8895209457,-0.233918894,0.2217064443,0.919763862,6.081669404e-05,6.698216562e-05,0.08169788684,0.8779319783,0.04037013487,0.03254413569,0.03196641199
33.736,8.886425717,-0.1048699967,-0.1936944169,0.8903984865,-0.2327841538,0.220261761,0.920324903,5.947679052e-05,6.515576533e-05,0.08092789114,0.8788864485,0.04018566033,0.03241264424,0.03188851721
33.76,8.880108353,-0.1040586488,-0.192495214,0.8912773806,-0.2316651834,0.2188209538,0.9208931134,5.818413223e-05,6.339675005e-05,0.0801626104,0.879861514,0.03997587562,0.03227999721,0.0318173836
33.784,8.873799964,-0.1032594657,-0.1912941927,0.8921577402,-0.2305636882,0.2173844185,0.9214689619,5.694004718e-05,6.171034134e-05,0.07940237932,0.8808582328,0.03973938787,0.03214639066,0.03175318124
33.808,8.867500532,-0.1024736914,-0.1900912123,0.8930393557,-0.2294815904,0.2159526022,0.9220526509,5.574645066e-05,6.010316461e-05,0.07864767655,0.8818768279,0.03947549555,0.03201214704,0.03169573318
33.832,8.861210038,-0.1017031769,-0.188885884,0.8939214054,-0.2284211448,0.2145260202,0.9226438633,5.460644272e-05,5.858453005e-05,0.07789928361,0.8829158435,0.03918487285,0.03187786728,0.03164414157
33.856,8.854928462,-0.1009509433,-0.1876772782,0.8948018459,-0.2273851448,0.2131052644,0.9232412185,5.352562337e-05,5.716923341e-05,0.07715869768,0.8839705256,0.03887077673,0.0317448411,0.03159617478
33.88,8.848655785,-0.1002224999,-0.1864631294,0.8956759783,-0.2263772979,0.2116909259,0.9238409707,5.251541137e-05,5.588452233e-05,0.07642927903,0.8850296925,0.03854102849,0.03161622815,0.03154755027
33.904,8.842391989,-0.09952939234,-0.1852372204,0.8965325729,-0.2254028402,0.2102829707,0.9244333912,5.160317371e-05,5.47908446e-05,0.07572015407,0.8860693527,0.03821049325,0.03150122365,0.03149225497
33.928,8.836137055,-0.09890067976,-0.1839779025,0.8973410867,-0.2244686034,0.2088760711,0.9249903674,5.087395523e-05,5.406376506e-05,0.07516697257,0.8870383782,0.03779464925,0.03153775691,0.03143119555
33.952,8.829890964,-0.09842566352,-0.1825660054,0.8979958061,-0.2235676763,0.2074077085,0.9254074635,5.078122529e-05,5.454991822e-05,0.07460011679,0.8878275539,0.03757232934,0.03158215666,0.0314485773
33.976,8.823653697,-0.09754568101,-0.1798469479,0.898047447,-0.2222926671,0.2045973718,0.9251503915,0.0001335524305,0.0001306341077,0.07326130153,0.8871503658,0.03958833264,0.03140119914,0.03124710182
34,8.817425235,-0.09540919573,-0.1801146202,0.9003945217,-0.2195709314,0.2038239217,0.9267802807,4.595017818e-05,4.501328736e-05,0.07254495191,0.8897664719,0.03768857623,0.03100075875,0.03084478119
